game_id,datetime,home,away,home_score,away_score,game_type,venue,npb_game_category,npb_type_confidence,npb_training_default,npb_evaluation_default,home_starter,away_starter,home_lineup_json,away_lineup_json,home_pregame_starter,away_pregame_starter,home_pregame_lineup_json,away_pregame_lineup_json,player_rows_count,enrichment_mode,prediction_time_utc,starter_available_at,starter_state,starter_source,home_lineup_available_at,away_lineup_available_at,home_lineup_state,away_lineup_state,lineup_available_at,lineup_state,lineup_source,home_starter_era,home_starter_whip,home_starter_k9,home_starter_bb9,home_starter_hr9,home_starter_fip,home_starter_ip,home_starter_er,home_starter_h,home_starter_hr,home_starter_bb,home_starter_so,home_starter_pitches,home_starter_k_rate,home_starter_bb_rate,away_starter_era,away_starter_whip,away_starter_k9,away_starter_bb9,away_starter_hr9,away_starter_fip,away_starter_ip,away_starter_er,away_starter_h,away_starter_hr,away_starter_bb,away_starter_so,away_starter_pitches,away_starter_k_rate,away_starter_bb_rate,home_starter_line_ok,away_starter_line_ok,pregame_context_quality,pregame_starter_verified,pregame_lineup_verified,weather_valid_time_utc,weather_available_at,weather_state,weather_source,weather_pit_quality,weather_temp_c,weather_humidity_pct,weather_precip_mm,weather_wind_kmh,league,date,inning,half,event,addedRuns,pitcher
2017033101,2017-03-31 18:00:00,読売ジャイアンツ,中日ドラゴンズ,6.0,2.0,UNKNOWN,東京ドーム,unknown,low,False,False,,,[],[],,,,,0,light,2017-03-31 18:00:00+00:00,,UNKNOWN,,,,UNKNOWN,UNKNOWN,,UNKNOWN,,,,,,,,,,,,,,,,,,,,,,,,,,,,,,,,False,False,UNKNOWN,False,False,2017-03-31 09:00:00+00:00,,UNKNOWN,Open-Meteo Historical Forecast,FAIL_CLOSED_NO_ISSUANCE_TIMESTAMP,6.6,77.0,0.9,4.8,NPB,2017-03-31 18:00:00,1,,,0,
2017033101,2017-03-31 18:00:00,読売ジャイアンツ,中日ドラゴンズ,6.0,2.0,UNKNOWN,東京ドーム,unknown,low,False,False,,,[],[],,,,,0,light,2017-03-31 18:00:00+00:00,,UNKNOWN,,,,UNKNOWN,UNKNOWN,,UNKNOWN,,,,,,,,,,,,,,,,,,,,,,,,,,,,,,,,False,False,UNKNOWN,False,False,2017-03-31 09:00:00+00:00,,UNKNOWN,Open-Meteo Historical Forecast,FAIL_CLOSED_NO_ISSUANCE_TIMESTAMP,6.6,77.0,0.9,4.8,NPB,2017-03-31 18:00:00,1,,,0,
2017033102,2017-03-31 18:00:00,東京ヤクルトスワローズ,横浜DeNAベイスターズ,9.0,2.0,UNKNOWN,明治神宮野球場,unknown,low,False,False,,,[],[],,,,,0,light,2017-03-31 18:00:00+00:00,,UNKNOWN,,,,UNKNOWN,UNKNOWN,,UNKNOWN,,,,,,,,,,,,,,,,,,,,,,,,,,,,,,,,False,False,UNKNOWN,False,False,,,,,,,,,,NPB,2017-03-31 18:00:00,1,,,0,
2017033103,2017-03-31 18:00:00,広島東洋カープ,阪神タイガース,6.0,10.0,UNKNOWN,ＭＡＺＤＡ　Ｚｏｏｍ－Ｚｏｏｍ　スタジアム広島,unknown,low,False,False,,,[],[],,,,,0,light,2017-03-31 18:00:00+00:00,,UNKNOWN,,,,UNKNOWN,UNKNOWN,,UNKNOWN,,,,,,,,,,,,,,,,,,,,,,,,,,,,,,,,False,False,UNKNOWN,False,False,,,,,,,,,,NPB,2017-03-31 18:00:00,1,,,0,
2017033104,2017-03-31 18:30:00,北海道日本ハムファイターズ,埼玉西武ライオンズ,1.0,8.0,UNKNOWN,札幌ドーム,unknown,low,False,False,,,[],[],,,,,0,light,2017-03-31 18:30:00+00:00,,UNKNOWN,,,,UNKNOWN,UNKNOWN,,UNKNOWN,,,,,,,,,,,,,,,,,,,,,,,,,,,,,,,,False,False,UNKNOWN,False,False,,,,,,,,,,NPB,2017-03-31 18:30:00,1,,,0,
2017033105,2017-03-31 18:30:00,オリックス・バファローズ,東北楽天ゴールデンイーグルス,4.0,6.0,UNKNOWN,京セラドーム大阪,unknown,low,False,False,,,[],[],,,,,0,light,2017-03-31 18:30:00+00:00,,UNKNOWN,,,,UNKNOWN,UNKNOWN,,UNKNOWN,,,,,,,,,,,,,,,,,,,,,,,,,,,,,,,,False,False,UNKNOWN,False,False,,,,,,,,,,NPB,2017-03-31 18:30:00,1,,,0,
2017033106,2017-03-31 18:30:00,福岡ソフトバンクホークス,千葉ロッテマリーンズ,3.0,1.0,UNKNOWN,福岡 ヤフオク!ドーム,unknown,low,False,False,,,[],[],,,,,0,light,2017-03-31 18:30:00+00:00,,UNKNOWN,,,,UNKNOWN,UNKNOWN,,UNKNOWN,,,,,,,,,,,,,,,,,,,,,,,,,,,,,,,,False,False,UNKNOWN,False,False,,,,,,,,,,NPB,2017-03-31 18:30:00,1,,,0,
2017040106,2017-04-01 13:00:00,福岡ソフトバンクホークス,千葉ロッテマリーンズ,4.0,1.0,UNKNOWN,福岡 ヤフオク!ドーム,unknown,low,False,False,,,[],[],,,,,0,light,2017-04-01 13:00:00+00:00,,UNKNOWN,,,,UNKNOWN,UNKNOWN,,UNKNOWN,,,,,,,,,,,,,,,,,,,,,,,,,,,,,,,,False,False,UNKNOWN,False,False,,,,,,,,,,NPB,2017-04-01 13:00:00,1,,,0,
2017040101,2017-04-01 14:00:00,読売ジャイアンツ,中日ドラゴンズ,4.0,2.0,UNKNOWN,東京ドーム,unknown,low,False,False,,,[],[],,,,,0,light,2017-04-01 14:00:00+00:00,,UNKNOWN,,,,UNKNOWN,UNKNOWN,,UNKNOWN,,,,,,,,,,,,,,,,,,,,,,,,,,,,,,,,False,False,UNKNOWN,False,False,2017-04-01 05:00:00+00:00,,UNKNOWN,Open-Meteo Historical Forecast,FAIL_CLOSED_NO_ISSUANCE_TIMESTAMP,7.8,67.0,0.0,5.4,NPB,2017-04-01 14:00:00,1,,,0,
2017040101,2017-04-01 14:00:00,読売ジャイアンツ,中日ドラゴンズ,4.0,2.0,UNKNOWN,東京ドーム,unknown,low,False,False,,,[],[],,,,,0,light,2017-04-01 14:00:00+00:00,,UNKNOWN,,,,UNKNOWN,UNKNOWN,,UNKNOWN,,,,,,,,,,,,,,,,,,,,,,,,,,,,,,,,False,False,UNKNOWN,False,False,2017-04-01 05:00:00+00:00,,UNKNOWN,Open-Meteo Historical Forecast,FAIL_CLOSED_NO_ISSUANCE_TIMESTAMP,7.8,67.0,0.0,5.4,NPB,2017-04-01 14:00:00,1,,,0,
2017040102,2017-04-01 14:00:00,東京ヤクルトスワローズ,横浜DeNAベイスターズ,1.0,6.0,UNKNOWN,明治神宮野球場,unknown,low,False,False,,,[],[],,,,,0,light,2017-04-01 14:00:00+00:00,,UNKNOWN,,,,UNKNOWN,UNKNOWN,,UNKNOWN,,,,,,,,,,,,,,,,,,,,,,,,,,,,,,,,False,False,UNKNOWN,False,False,,,,,,,,,,NPB,2017-04-01 14:00:00,1,,,0,
2017040103,2017-04-01 14:00:00,広島東洋カープ,阪神タイガース,9.0,8.0,UNKNOWN,ＭＡＺＤＡ　Ｚｏｏｍ－Ｚｏｏｍ　スタジアム広島,unknown,low,False,False,,,[],[],,,,,0,light,2017-04-01 14:00:00+00:00,,UNKNOWN,,,,UNKNOWN,UNKNOWN,,UNKNOWN,,,,,,,,,,,,,,,,,,,,,,,,,,,,,,,,False,False,UNKNOWN,False,False,,,,,,,,,,NPB,2017-04-01 14:00:00,1,,,0,
2017040104,2017-04-01 14:00:00,北海道日本ハムファイターズ,埼玉西武ライオンズ,3.0,1.0,UNKNOWN,札幌ドーム,unknown,low,False,False,,,[],[],,,,,0,light,2017-04-01 14:00:00+00:00,,UNKNOWN,,,,UNKNOWN,UNKNOWN,,UNKNOWN,,,,,,,,,,,,,,,,,,,,,,,,,,,,,,,,False,False,UNKNOWN,False,False,,,,,,,,,,NPB,2017-04-01 14:00:00,1,,,0,
2017040105,2017-04-01 14:00:00,オリックス・バファローズ,東北楽天ゴールデンイーグルス,4.0,13.0,UNKNOWN,京セラドーム大阪,unknown,low,False,False,,,[],[],,,,,0,light,2017-04-01 14:00:00+00:00,,UNKNOWN,,,,UNKNOWN,UNKNOWN,,UNKNOWN,,,,,,,,,,,,,,,,,,,,,,,,,,,,,,,,False,False,UNKNOWN,False,False,,,,,,,,,,NPB,2017-04-01 14:00:00,1,,,0,
2017040202,2017-04-02 13:00:00,東京ヤクルトスワローズ,横浜DeNAベイスターズ,8.0,4.0,UNKNOWN,明治神宮野球場,unknown,low,False,False,,,[],[],,,,,0,light,2017-04-02 13:00:00+00:00,,UNKNOWN,,,,UNKNOWN,UNKNOWN,,UNKNOWN,,,,,,,,,,,,,,,,,,,,,,,,,,,,,,,,False,False,UNKNOWN,False,False,,,,,,,,,,NPB,2017-04-02 13:00:00,1,,,0,
2017040205,2017-04-02 13:00:00,オリックス・バファローズ,東北楽天ゴールデンイーグルス,4.0,5.0,UNKNOWN,京セラドーム大阪,unknown,low,False,False,,,[],[],,,,,0,light,2017-04-02 13:00:00+00:00,,UNKNOWN,,,,UNKNOWN,UNKNOWN,,UNKNOWN,,,,,,,,,,,,,,,,,,,,,,,,,,,,,,,,False,False,UNKNOWN,False,False,,,,,,,,,,NPB,2017-04-02 13:00:00,1,,,0,
2017040206,2017-04-02 13:00:00,福岡ソフトバンクホークス,千葉ロッテマリーンズ,5.0,3.0,UNKNOWN,福岡 ヤフオク!ドーム,unknown,low,False,False,,,[],[],,,,,0,light,2017-04-02 13:00:00+00:00,,UNKNOWN,,,,UNKNOWN,UNKNOWN,,UNKNOWN,,,,,,,,,,,,,,,,,,,,,,,,,,,,,,,,False,False,UNKNOWN,False,False,,,,,,,,,,NPB,2017-04-02 13:00:00,1,,,0,
2017040203,2017-04-02 13:30:00,広島東洋カープ,阪神タイガース,9.0,1.0,UNKNOWN,ＭＡＺＤＡ　Ｚｏｏｍ－Ｚｏｏｍ　スタジアム広島,unknown,low,False,False,,,[],[],,,,,0,light,2017-04-02 13:30:00+00:00,,UNKNOWN,,,,UNKNOWN,UNKNOWN,,UNKNOWN,,,,,,,,,,,,,,,,,,,,,,,,,,,,,,,,False,False,UNKNOWN,False,False,,,,,,,,,,NPB,2017-04-02 13:30:00,1,,,0,
2017040201,2017-04-02 14:00:00,読売ジャイアンツ,中日ドラゴンズ,6.0,3.0,UNKNOWN,東京ドーム,unknown,low,False,False,,,[],[],,,,,0,light,2017-04-02 14:00:00+00:00,,UNKNOWN,,,,UNKNOWN,UNKNOWN,,UNKNOWN,,,,,,,,,,,,,,,,,,,,,,,,,,,,,,,,False,False,UNKNOWN,False,False,2017-04-02 05:00:00+00:00,,UNKNOWN,Open-Meteo Historical Forecast,FAIL_CLOSED_NO_ISSUANCE_TIMESTAMP,13.4,26.0,0.0,5.3,NPB,2017-04-02 14:00:00,1,,,0,
2017040201,2017-04-02 14:00:00,読売ジャイアンツ,中日ドラゴンズ,6.0,3.0,UNKNOWN,東京ドーム,unknown,low,False,False,,,[],[],,,,,0,light,2017-04-02 14:00:00+00:00,,UNKNOWN,,,,UNKNOWN,UNKNOWN,,UNKNOWN,,,,,,,,,,,,,,,,,,,,,,,,,,,,,,,,False,False,UNKNOWN,False,False,2017-04-02 05:00:00+00:00,,UNKNOWN,Open-Meteo Historical Forecast,FAIL_CLOSED_NO_ISSUANCE_TIMESTAMP,13.4,26.0,0.0,5.3,NPB,2017-04-02 14:00:00,1,,,0,
2017040204,2017-04-02 14:00:00,北海道日本ハムファイターズ,埼玉西武ライオンズ,3.0,6.0,UNKNOWN,札幌ドーム,unknown,low,False,False,,,[],[],,,,,0,light,2017-04-02 14:00:00+00:00,,UNKNOWN,,,,UNKNOWN,UNKNOWN,,UNKNOWN,,,,,,,,,,,,,,,,,,,,,,,,,,,,,,,,False,False,UNKNOWN,False,False,,,,,,,,,,NPB,2017-04-02 14:00:00,1,,,0,
2017040404,2017-04-04 16:00:00,東北楽天ゴールデンイーグルス,福岡ソフトバンクホークス,7.0,1.0,UNKNOWN,Koboパーク宮城,unknown,low,False,False,,,[],[],,,,,0,light,2017-04-04 16:00:00+00:00,,UNKNOWN,,,,UNKNOWN,UNKNOWN,,UNKNOWN,,,,,,,,,,,,,,,,,,,,,,,,,,,,,,,,False,False,UNKNOWN,False,False,,,,,,,,,,NPB,2017-04-04 16:00:00,1,,,0,
2017040403,2017-04-04 18:00:00,阪神タイガース,東京ヤクルトスワローズ,1.0,3.0,UNKNOWN,京セラドーム大阪,unknown,low,False,False,,,[],[],,,,,0,light,2017-04-04 18:00:00+00:00,,UNKNOWN,,,,UNKNOWN,UNKNOWN,,UNKNOWN,,,,,,,,,,,,,,,,,,,,,,,,,,,,,,,,False,False,UNKNOWN,False,False,,,,,,,,,,NPB,2017-04-04 18:00:00,1,,,0,
2017040405,2017-04-04 18:00:00,埼玉西武ライオンズ,オリックス・バファローズ,3.0,7.0,UNKNOWN,メットライフドーム,unknown,low,False,False,,,[],[],,,,,0,light,2017-04-04 18:00:00+00:00,,UNKNOWN,,,,UNKNOWN,UNKNOWN,,UNKNOWN,,,,,,,,,,,,,,,,,,,,,,,,,,,,,,,,False,False,UNKNOWN,False,False,,,,,,,,,,NPB,2017-04-04 18:00:00,1,,,0,
2017040402,2017-04-04 18:15:00,中日ドラゴンズ,広島東洋カープ,1.0,7.0,UNKNOWN,ナゴヤドーム,unknown,low,False,False,,,[],[],,,,,0,light,2017-04-04 18:15:00+00:00,,UNKNOWN,,,,UNKNOWN,UNKNOWN,,UNKNOWN,,,,,,,,,,,,,,,,,,,,,,,,,,,,,,,,False,False,UNKNOWN,False,False,,,,,,,,,,NPB,2017-04-04 18:15:00,1,,,0,
2017040401,2017-04-04 18:30:00,横浜DeNAベイスターズ,読売ジャイアンツ,2.0,5.0,UNKNOWN,横浜スタジアム,unknown,low,False,False,,,[],[],,,,,0,light,2017-04-04 18:30:00+00:00,,UNKNOWN,,,,UNKNOWN,UNKNOWN,,UNKNOWN,,,,,,,,,,,,,,,,,,,,,,,,,,,,,,,,False,False,UNKNOWN,False,False,,,,,,,,,,NPB,2017-04-04 18:30:00,1,,,0,
2017040406,2017-04-04 18:30:00,千葉ロッテマリーンズ,北海道日本ハムファイターズ,1.0,6.0,UNKNOWN,ＺＯＺＯマリンスタジアム,unknown,low,False,False,,,[],[],,,,,0,light,2017-04-04 18:30:00+00:00,,UNKNOWN,,,,UNKNOWN,UNKNOWN,,UNKNOWN,,,,,,,,,,,,,,,,,,,,,,,,,,,,,,,,False,False,UNKNOWN,False,False,,,,,,,,,,NPB,2017-04-04 18:30:00,1,,,0,
2017040504,2017-04-05 13:00:00,東北楽天ゴールデンイーグルス,福岡ソフトバンクホークス,4.0,15.0,UNKNOWN,Koboパーク宮城,unknown,low,False,False,,,[],[],,,,,0,light,2017-04-05 13:00:00+00:00,,UNKNOWN,,,,UNKNOWN,UNKNOWN,,UNKNOWN,,,,,,,,,,,,,,,,,,,,,,,,,,,,,,,,False,False,UNKNOWN,False,False,,,,,,,,,,NPB,2017-04-05 13:00:00,1,,,0,
2017040505,2017-04-05 14:00:00,埼玉西武ライオンズ,オリックス・バファローズ,0.0,2.0,UNKNOWN,メットライフドーム,unknown,low,False,False,,,[],[],,,,,0,light,2017-04-05 14:00:00+00:00,,UNKNOWN,,,,UNKNOWN,UNKNOWN,,UNKNOWN,,,,,,,,,,,,,,,,,,,,,,,,,,,,,,,,False,False,UNKNOWN,False,False,,,,,,,,,,NPB,2017-04-05 14:00:00,1,,,0,
2017040506,2017-04-05 14:00:00,千葉ロッテマリーンズ,北海道日本ハムファイターズ,7.0,6.0,UNKNOWN,ＺＯＺＯマリンスタジアム,unknown,low,False,False,,,[],[],,,,,0,light,2017-04-05 14:00:00+00:00,,UNKNOWN,,,,UNKNOWN,UNKNOWN,,UNKNOWN,,,,,,,,,,,,,,,,,,,,,,,,,,,,,,,,False,False,UNKNOWN,False,False,,,,,,,,,,NPB,2017-04-05 14:00:00,1,,,0,
2017040501,2017-04-05 18:00:00,横浜DeNAベイスターズ,読売ジャイアンツ,2.0,4.0,UNKNOWN,横浜スタジアム,unknown,low,False,False,,,[],[],,,,,0,light,2017-04-05 18:00:00+00:00,,UNKNOWN,,,,UNKNOWN,UNKNOWN,,UNKNOWN,,,,,,,,,,,,,,,,,,,,,,,,,,,,,,,,False,False,UNKNOWN,False,False,,,,,,,,,,NPB,2017-04-05 18:00:00,1,,,0,
2017040502,2017-04-05 18:00:00,中日ドラゴンズ,広島東洋カープ,3.0,3.0,UNKNOWN,ナゴヤドーム,unknown,low,False,False,,,[],[],,,,,0,light,2017-04-05 18:00:00+00:00,,UNKNOWN,,,,UNKNOWN,UNKNOWN,,UNKNOWN,,,,,,,,,,,,,,,,,,,,,,,,,,,,,,,,False,False,UNKNOWN,False,False,,,,,,,,,,NPB,2017-04-05 18:00:00,1,,,0,
2017040503,2017-04-05 18:00:00,阪神タイガース,東京ヤクルトスワローズ,4.0,1.0,UNKNOWN,京セラドーム大阪,unknown,low,False,False,,,[],[],,,,,0,light,2017-04-05 18:00:00+00:00,,UNKNOWN,,,,UNKNOWN,UNKNOWN,,UNKNOWN,,,,,,,,,,,,,,,,,,,,,,,,,,,,,,,,False,False,UNKNOWN,False,False,,,,,,,,,,NPB,2017-04-05 18:00:00,1,,,0,
2017040604,2017-04-06 13:00:00,東北楽天ゴールデンイーグルス,福岡ソフトバンクホークス,3.0,1.0,UNKNOWN,Koboパーク宮城,unknown,low,False,False,,,[],[],,,,,0,light,2017-04-06 13:00:00+00:00,,UNKNOWN,,,,UNKNOWN,UNKNOWN,,UNKNOWN,,,,,,,,,,,,,,,,,,,,,,,,,,,,,,,,False,False,UNKNOWN,False,False,,,,,,,,,,NPB,2017-04-06 13:00:00,1,,,0,
2017040605,2017-04-06 14:00:00,千葉ロッテマリーンズ,北海道日本ハムファイターズ,5.0,1.0,UNKNOWN,ＺＯＺＯマリンスタジアム,unknown,low,False,False,,,[],[],,,,,0,light,2017-04-06 14:00:00+00:00,,UNKNOWN,,,,UNKNOWN,UNKNOWN,,UNKNOWN,,,,,,,,,,,,,,,,,,,,,,,,,,,,,,,,False,False,UNKNOWN,False,False,,,,,,,,,,NPB,2017-04-06 14:00:00,1,,,0,
2017040601,2017-04-06 18:00:00,横浜DeNAベイスターズ,読売ジャイアンツ,4.0,2.0,UNKNOWN,横浜スタジアム,unknown,low,False,False,,,[],[],,,,,0,light,2017-04-06 18:00:00+00:00,,UNKNOWN,,,,UNKNOWN,UNKNOWN,,UNKNOWN,,,,,,,,,,,,,,,,,,,,,,,,,,,,,,,,False,False,UNKNOWN,False,False,,,,,,,,,,NPB,2017-04-06 18:00:00,1,,,0,
2017040602,2017-04-06 18:00:00,中日ドラゴンズ,広島東洋カープ,3.0,5.0,UNKNOWN,ナゴヤドーム,unknown,low,False,False,,,[],[],,,,,0,light,2017-04-06 18:00:00+00:00,,UNKNOWN,,,,UNKNOWN,UNKNOWN,,UNKNOWN,,,,,,,,,,,,,,,,,,,,,,,,,,,,,,,,False,False,UNKNOWN,False,False,,,,,,,,,,NPB,2017-04-06 18:00:00,1,,,0,
2017040603,2017-04-06 18:00:00,阪神タイガース,東京ヤクルトスワローズ,5.0,4.0,UNKNOWN,京セラドーム大阪,unknown,low,False,False,,,[],[],,,,,0,light,2017-04-06 18:00:00+00:00,,UNKNOWN,,,,UNKNOWN,UNKNOWN,,UNKNOWN,,,,,,,,,,,,,,,,,,,,,,,,,,,,,,,,False,False,UNKNOWN,False,False,,,,,,,,,,NPB,2017-04-06 18:00:00,1,,,0,
2017040701,2017-04-07 18:00:00,中日ドラゴンズ,横浜DeNAベイスターズ,7.0,5.0,UNKNOWN,ナゴヤドーム,unknown,low,False,False,,,[],[],,,,,0,light,2017-04-07 18:00:00+00:00,,UNKNOWN,,,,UNKNOWN,UNKNOWN,,UNKNOWN,,,,,,,,,,,,,,,,,,,,,,,,,,,,,,,,False,False,UNKNOWN,False,False,,,,,,,,,,NPB,2017-04-07 18:00:00,1,,,0,
2017040702,2017-04-07 18:00:00,阪神タイガース,読売ジャイアンツ,3.0,5.0,UNKNOWN,阪神甲子園球場,unknown,low,False,False,,,[],[],,,,,0,light,2017-04-07 18:00:00+00:00,,UNKNOWN,,,,UNKNOWN,UNKNOWN,,UNKNOWN,,,,,,,,,,,,,,,,,,,,,,,,,,,,,,,,False,False,UNKNOWN,False,False,,,,,,,,,,NPB,2017-04-07 18:00:00,1,,,0,
2017040703,2017-04-07 18:00:00,広島東洋カープ,東京ヤクルトスワローズ,4.0,1.0,UNKNOWN,ＭＡＺＤＡ　Ｚｏｏｍ－Ｚｏｏｍ　スタジアム広島,unknown,low,False,False,,,[],[],,,,,0,light,2017-04-07 18:00:00+00:00,,UNKNOWN,,,,UNKNOWN,UNKNOWN,,UNKNOWN,,,,,,,,,,,,,,,,,,,,,,,,,,,,,,,,False,False,UNKNOWN,False,False,,,,,,,,,,NPB,2017-04-07 18:00:00,1,,,0,
2017040704,2017-04-07 18:00:00,埼玉西武ライオンズ,福岡ソフトバンクホークス,2.0,4.0,UNKNOWN,メットライフドーム,unknown,low,False,False,,,[],[],,,,,0,light,2017-04-07 18:00:00+00:00,,UNKNOWN,,,,UNKNOWN,UNKNOWN,,UNKNOWN,,,,,,,,,,,,,,,,,,,,,,,,,,,,,,,,False,False,UNKNOWN,False,False,,,,,,,,,,NPB,2017-04-07 18:00:00,1,,,0,
2017040705,2017-04-07 18:00:00,オリックス・バファローズ,北海道日本ハムファイターズ,4.0,2.0,UNKNOWN,ほっともっとフィールド神戸,unknown,low,False,False,,,[],[],,,,,0,light,2017-04-07 18:00:00+00:00,,UNKNOWN,,,,UNKNOWN,UNKNOWN,,UNKNOWN,,,,,,,,,,,,,,,,,,,,,,,,,,,,,,,,False,False,UNKNOWN,False,False,,,,,,,,,,NPB,2017-04-07 18:00:00,1,,,0,
2017040801,2017-04-08 14:00:00,中日ドラゴンズ,横浜DeNAベイスターズ,1.0,1.0,UNKNOWN,ナゴヤドーム,unknown,low,False,False,,,[],[],,,,,0,light,2017-04-08 14:00:00+00:00,,UNKNOWN,,,,UNKNOWN,UNKNOWN,,UNKNOWN,,,,,,,,,,,,,,,,,,,,,,,,,,,,,,,,False,False,UNKNOWN,False,False,,,,,,,,,,NPB,2017-04-08 14:00:00,1,,,0,
2017040802,2017-04-08 14:00:00,阪神タイガース,読売ジャイアンツ,0.0,0.0,UNKNOWN,阪神甲子園球場,unknown,low,False,False,,,[],[],,,,,0,light,2017-04-08 14:00:00+00:00,,UNKNOWN,,,,UNKNOWN,UNKNOWN,,UNKNOWN,,,,,,,,,,,,,,,,,,,,,,,,,,,,,,,,False,False,UNKNOWN,False,False,,,,,,,,,,NPB,2017-04-08 14:00:00,1,,,0,
2017040803,2017-04-08 14:00:00,広島東洋カープ,東京ヤクルトスワローズ,2.0,1.0,UNKNOWN,ＭＡＺＤＡ　Ｚｏｏｍ－Ｚｏｏｍ　スタジアム広島,unknown,low,False,False,,,[],[],,,,,0,light,2017-04-08 14:00:00+00:00,,UNKNOWN,,,,UNKNOWN,UNKNOWN,,UNKNOWN,,,,,,,,,,,,,,,,,,,,,,,,,,,,,,,,False,False,UNKNOWN,False,False,,,,,,,,,,NPB,2017-04-08 14:00:00,1,,,0,
2017040804,2017-04-08 14:00:00,埼玉西武ライオンズ,福岡ソフトバンクホークス,6.0,1.0,UNKNOWN,メットライフドーム,unknown,low,False,False,,,[],[],,,,,0,light,2017-04-08 14:00:00+00:00,,UNKNOWN,,,,UNKNOWN,UNKNOWN,,UNKNOWN,,,,,,,,,,,,,,,,,,,,,,,,,,,,,,,,False,False,UNKNOWN,False,False,,,,,,,,,,NPB,2017-04-08 14:00:00,1,,,0,
2017040805,2017-04-08 14:00:00,千葉ロッテマリーンズ,東北楽天ゴールデンイーグルス,4.0,7.0,UNKNOWN,ＺＯＺＯマリンスタジアム,unknown,low,False,False,,,[],[],,,,,0,light,2017-04-08 14:00:00+00:00,,UNKNOWN,,,,UNKNOWN,UNKNOWN,,UNKNOWN,,,,,,,,,,,,,,,,,,,,,,,,,,,,,,,,False,False,UNKNOWN,False,False,,,,,,,,,,NPB,2017-04-08 14:00:00,1,,,0,
2017040806,2017-04-08 14:00:00,オリックス・バファローズ,北海道日本ハムファイターズ,8.0,1.0,UNKNOWN,京セラドーム大阪,unknown,low,False,False,,,[],[],,,,,0,light,2017-04-08 14:00:00+00:00,,UNKNOWN,,,,UNKNOWN,UNKNOWN,,UNKNOWN,,,,,,,,,,,,,,,,,,,,,,,,,,,,,,,,False,False,UNKNOWN,False,False,,,,,,,,,,NPB,2017-04-08 14:00:00,1,,,0,
2017040904,2017-04-09 13:00:00,埼玉西武ライオンズ,福岡ソフトバンクホークス,4.0,2.0,UNKNOWN,メットライフドーム,unknown,low,False,False,,,[],[],,,,,0,light,2017-04-09 13:00:00+00:00,,UNKNOWN,,,,UNKNOWN,UNKNOWN,,UNKNOWN,,,,,,,,,,,,,,,,,,,,,,,,,,,,,,,,False,False,UNKNOWN,False,False,,,,,,,,,,NPB,2017-04-09 13:00:00,1,,,0,
2017040905,2017-04-09 13:00:00,千葉ロッテマリーンズ,東北楽天ゴールデンイーグルス,1.0,4.0,UNKNOWN,ＺＯＺＯマリンスタジアム,unknown,low,False,False,,,[],[],,,,,0,light,2017-04-09 13:00:00+00:00,,UNKNOWN,,,,UNKNOWN,UNKNOWN,,UNKNOWN,,,,,,,,,,,,,,,,,,,,,,,,,,,,,,,,False,False,UNKNOWN,False,False,,,,,,,,,,NPB,2017-04-09 13:00:00,1,,,0,
2017040903,2017-04-09 13:30:00,広島東洋カープ,東京ヤクルトスワローズ,6.0,2.0,UNKNOWN,ＭＡＺＤＡ　Ｚｏｏｍ－Ｚｏｏｍ　スタジアム広島,unknown,low,False,False,,,[],[],,,,,0,light,2017-04-09 13:30:00+00:00,,UNKNOWN,,,,UNKNOWN,UNKNOWN,,UNKNOWN,,,,,,,,,,,,,,,,,,,,,,,,,,,,,,,,False,False,UNKNOWN,False,False,,,,,,,,,,NPB,2017-04-09 13:30:00,1,,,0,
2017040901,2017-04-09 14:00:00,中日ドラゴンズ,横浜DeNAベイスターズ,1.0,2.0,UNKNOWN,ナゴヤドーム,unknown,low,False,False,,,[],[],,,,,0,light,2017-04-09 14:00:00+00:00,,UNKNOWN,,,,UNKNOWN,UNKNOWN,,UNKNOWN,,,,,,,,,,,,,,,,,,,,,,,,,,,,,,,,False,False,UNKNOWN,False,False,,,,,,,,,,NPB,2017-04-09 14:00:00,1,,,0,
2017040902,2017-04-09 14:00:00,阪神タイガース,読売ジャイアンツ,4.0,3.0,UNKNOWN,阪神甲子園球場,unknown,low,False,False,,,[],[],,,,,0,light,2017-04-09 14:00:00+00:00,,UNKNOWN,,,,UNKNOWN,UNKNOWN,,UNKNOWN,,,,,,,,,,,,,,,,,,,,,,,,,,,,,,,,False,False,UNKNOWN,False,False,,,,,,,,,,NPB,2017-04-09 14:00:00,1,,,0,
2017040906,2017-04-09 14:00:00,オリックス・バファローズ,北海道日本ハムファイターズ,2.0,0.0,UNKNOWN,京セラドーム大阪,unknown,low,False,False,,,[],[],,,,,0,light,2017-04-09 14:00:00+00:00,,UNKNOWN,,,,UNKNOWN,UNKNOWN,,UNKNOWN,,,,,,,,,,,,,,,,,,,,,,,,,,,,,,,,False,False,UNKNOWN,False,False,,,,,,,,,,NPB,2017-04-09 14:00:00,1,,,0,
2017041101,2017-04-11 18:00:00,読売ジャイアンツ,広島東洋カープ,6.0,9.0,UNKNOWN,東京ドーム,unknown,low,False,False,,,[],[],,,,,0,light,2017-04-11 18:00:00+00:00,,UNKNOWN,,,,UNKNOWN,UNKNOWN,,UNKNOWN,,,,,,,,,,,,,,,,,,,,,,,,,,,,,,,,False,False,UNKNOWN,False,False,2017-04-11 09:00:00+00:00,,UNKNOWN,Open-Meteo Historical Forecast,FAIL_CLOSED_NO_ISSUANCE_TIMESTAMP,9.6,97.0,4.3,8.6,NPB,2017-04-11 18:00:00,1,,,0,
2017041101,2017-04-11 18:00:00,読売ジャイアンツ,広島東洋カープ,6.0,9.0,UNKNOWN,東京ドーム,unknown,low,False,False,,,[],[],,,,,0,light,2017-04-11 18:00:00+00:00,,UNKNOWN,,,,UNKNOWN,UNKNOWN,,UNKNOWN,,,,,,,,,,,,,,,,,,,,,,,,,,,,,,,,False,False,UNKNOWN,False,False,2017-04-11 09:00:00+00:00,,UNKNOWN,Open-Meteo Historical Forecast,FAIL_CLOSED_NO_ISSUANCE_TIMESTAMP,9.6,97.0,4.3,8.6,NPB,2017-04-11 18:00:00,1,,,0,
2017041104,2017-04-11 18:00:00,北海道日本ハムファイターズ,福岡ソフトバンクホークス,0.0,3.0,UNKNOWN,札幌ドーム,unknown,low,False,False,,,[],[],,,,,0,light,2017-04-11 18:00:00+00:00,,UNKNOWN,,,,UNKNOWN,UNKNOWN,,UNKNOWN,,,,,,,,,,,,,,,,,,,,,,,,,,,,,,,,False,False,UNKNOWN,False,False,,,,,,,,,,NPB,2017-04-11 18:00:00,1,,,0,
2017041106,2017-04-11 18:00:00,オリックス・バファローズ,千葉ロッテマリーンズ,11.0,1.0,UNKNOWN,京セラドーム大阪,unknown,low,False,False,,,[],[],,,,,0,light,2017-04-11 18:00:00+00:00,,UNKNOWN,,,,UNKNOWN,UNKNOWN,,UNKNOWN,,,,,,,,,,,,,,,,,,,,,,,,,,,,,,,,False,False,UNKNOWN,False,False,,,,,,,,,,NPB,2017-04-11 18:00:00,1,,,0,
2017041205,2017-04-12 16:00:00,東北楽天ゴールデンイーグルス,埼玉西武ライオンズ,5.0,10.0,UNKNOWN,Koboパーク宮城,unknown,low,False,False,,,[],[],,,,,0,light,2017-04-12 16:00:00+00:00,,UNKNOWN,,,,UNKNOWN,UNKNOWN,,UNKNOWN,,,,,,,,,,,,,,,,,,,,,,,,,,,,,,,,False,False,UNKNOWN,False,False,,,,,,,,,,NPB,2017-04-12 16:00:00,1,,,0,
2017041201,2017-04-12 18:00:00,読売ジャイアンツ,広島東洋カープ,5.0,9.0,UNKNOWN,東京ドーム,unknown,low,False,False,,,[],[],,,,,0,light,2017-04-12 18:00:00+00:00,,UNKNOWN,,,,UNKNOWN,UNKNOWN,,UNKNOWN,,,,,,,,,,,,,,,,,,,,,,,,,,,,,,,,False,False,UNKNOWN,False,False,2017-04-12 09:00:00+00:00,,UNKNOWN,Open-Meteo Historical Forecast,FAIL_CLOSED_NO_ISSUANCE_TIMESTAMP,14.3,36.0,0.0,11.8,NPB,2017-04-12 18:00:00,1,,,0,
2017041201,2017-04-12 18:00:00,読売ジャイアンツ,広島東洋カープ,5.0,9.0,UNKNOWN,東京ドーム,unknown,low,False,False,,,[],[],,,,,0,light,2017-04-12 18:00:00+00:00,,UNKNOWN,,,,UNKNOWN,UNKNOWN,,UNKNOWN,,,,,,,,,,,,,,,,,,,,,,,,,,,,,,,,False,False,UNKNOWN,False,False,2017-04-12 09:00:00+00:00,,UNKNOWN,Open-Meteo Historical Forecast,FAIL_CLOSED_NO_ISSUANCE_TIMESTAMP,14.3,36.0,0.0,11.8,NPB,2017-04-12 18:00:00,1,,,0,
2017041202,2017-04-12 18:00:00,東京ヤクルトスワローズ,中日ドラゴンズ,2.0,5.0,UNKNOWN,明治神宮野球場,unknown,low,False,False,,,[],[],,,,,0,light,2017-04-12 18:00:00+00:00,,UNKNOWN,,,,UNKNOWN,UNKNOWN,,UNKNOWN,,,,,,,,,,,,,,,,,,,,,,,,,,,,,,,,False,False,UNKNOWN,False,False,,,,,,,,,,NPB,2017-04-12 18:00:00,1,,,0,
2017041203,2017-04-12 18:00:00,横浜DeNAベイスターズ,阪神タイガース,6.0,8.0,UNKNOWN,横浜スタジアム,unknown,low,False,False,,,[],[],,,,,0,light,2017-04-12 18:00:00+00:00,,UNKNOWN,,,,UNKNOWN,UNKNOWN,,UNKNOWN,,,,,,,,,,,,,,,,,,,,,,,,,,,,,,,,False,False,UNKNOWN,False,False,,,,,,,,,,NPB,2017-04-12 18:00:00,1,,,0,
2017041204,2017-04-12 18:00:00,北海道日本ハムファイターズ,福岡ソフトバンクホークス,4.0,3.0,UNKNOWN,札幌ドーム,unknown,low,False,False,,,[],[],,,,,0,light,2017-04-12 18:00:00+00:00,,UNKNOWN,,,,UNKNOWN,UNKNOWN,,UNKNOWN,,,,,,,,,,,,,,,,,,,,,,,,,,,,,,,,False,False,UNKNOWN,False,False,,,,,,,,,,NPB,2017-04-12 18:00:00,1,,,0,
2017041206,2017-04-12 18:00:00,オリックス・バファローズ,千葉ロッテマリーンズ,4.0,6.0,UNKNOWN,京セラドーム大阪,unknown,low,False,False,,,[],[],,,,,0,light,2017-04-12 18:00:00+00:00,,UNKNOWN,,,,UNKNOWN,UNKNOWN,,UNKNOWN,,,,,,,,,,,,,,,,,,,,,,,,,,,,,,,,False,False,UNKNOWN,False,False,,,,,,,,,,NPB,2017-04-12 18:00:00,1,,,0,
2017041301,2017-04-13 18:00:00,読売ジャイアンツ,広島東洋カープ,5.0,11.0,UNKNOWN,東京ドーム,unknown,low,False,False,,,[],[],,,,,0,light,2017-04-13 18:00:00+00:00,,UNKNOWN,,,,UNKNOWN,UNKNOWN,,UNKNOWN,,,,,,,,,,,,,,,,,,,,,,,,,,,,,,,,False,False,UNKNOWN,False,False,2017-04-13 09:00:00+00:00,,UNKNOWN,Open-Meteo Historical Forecast,FAIL_CLOSED_NO_ISSUANCE_TIMESTAMP,14.4,50.0,0.0,3.1,NPB,2017-04-13 18:00:00,1,,,0,
2017041301,2017-04-13 18:00:00,読売ジャイアンツ,広島東洋カープ,5.0,11.0,UNKNOWN,東京ドーム,unknown,low,False,False,,,[],[],,,,,0,light,2017-04-13 18:00:00+00:00,,UNKNOWN,,,,UNKNOWN,UNKNOWN,,UNKNOWN,,,,,,,,,,,,,,,,,,,,,,,,,,,,,,,,False,False,UNKNOWN,False,False,2017-04-13 09:00:00+00:00,,UNKNOWN,Open-Meteo Historical Forecast,FAIL_CLOSED_NO_ISSUANCE_TIMESTAMP,14.4,50.0,0.0,3.1,NPB,2017-04-13 18:00:00,1,,,0,
2017041302,2017-04-13 18:00:00,東京ヤクルトスワローズ,中日ドラゴンズ,3.0,2.0,UNKNOWN,明治神宮野球場,unknown,low,False,False,,,[],[],,,,,0,light,2017-04-13 18:00:00+00:00,,UNKNOWN,,,,UNKNOWN,UNKNOWN,,UNKNOWN,,,,,,,,,,,,,,,,,,,,,,,,,,,,,,,,False,False,UNKNOWN,False,False,,,,,,,,,,NPB,2017-04-13 18:00:00,1,,,0,
2017041303,2017-04-13 18:00:00,横浜DeNAベイスターズ,阪神タイガース,1.0,4.0,UNKNOWN,横浜スタジアム,unknown,low,False,False,,,[],[],,,,,0,light,2017-04-13 18:00:00+00:00,,UNKNOWN,,,,UNKNOWN,UNKNOWN,,UNKNOWN,,,,,,,,,,,,,,,,,,,,,,,,,,,,,,,,False,False,UNKNOWN,False,False,,,,,,,,,,NPB,2017-04-13 18:00:00,1,,,0,
2017041304,2017-04-13 18:00:00,北海道日本ハムファイターズ,福岡ソフトバンクホークス,3.0,2.0,UNKNOWN,札幌ドーム,unknown,low,False,False,,,[],[],,,,,0,light,2017-04-13 18:00:00+00:00,,UNKNOWN,,,,UNKNOWN,UNKNOWN,,UNKNOWN,,,,,,,,,,,,,,,,,,,,,,,,,,,,,,,,False,False,UNKNOWN,False,False,,,,,,,,,,NPB,2017-04-13 18:00:00,1,,,0,
2017041305,2017-04-13 18:00:00,オリックス・バファローズ,千葉ロッテマリーンズ,2.0,3.0,UNKNOWN,京セラドーム大阪,unknown,low,False,False,,,[],[],,,,,0,light,2017-04-13 18:00:00+00:00,,UNKNOWN,,,,UNKNOWN,UNKNOWN,,UNKNOWN,,,,,,,,,,,,,,,,,,,,,,,,,,,,,,,,False,False,UNKNOWN,False,False,,,,,,,,,,NPB,2017-04-13 18:00:00,1,,,0,
2017041401,2017-04-14 18:00:00,横浜DeNAベイスターズ,東京ヤクルトスワローズ,4.0,3.0,UNKNOWN,横浜スタジアム,unknown,low,False,False,,,[],[],,,,,0,light,2017-04-14 18:00:00+00:00,,UNKNOWN,,,,UNKNOWN,UNKNOWN,,UNKNOWN,,,,,,,,,,,,,,,,,,,,,,,,,,,,,,,,False,False,UNKNOWN,False,False,,,,,,,,,,NPB,2017-04-14 18:00:00,1,,,0,
2017041402,2017-04-14 18:00:00,中日ドラゴンズ,読売ジャイアンツ,3.0,2.0,UNKNOWN,ナゴヤドーム,unknown,low,False,False,,,[],[],,,,,0,light,2017-04-14 18:00:00+00:00,,UNKNOWN,,,,UNKNOWN,UNKNOWN,,UNKNOWN,,,,,,,,,,,,,,,,,,,,,,,,,,,,,,,,False,False,UNKNOWN,False,False,,,,,,,,,,NPB,2017-04-14 18:00:00,1,,,0,
2017041403,2017-04-14 18:00:00,阪神タイガース,広島東洋カープ,4.0,2.0,UNKNOWN,阪神甲子園球場,unknown,low,False,False,,,[],[],,,,,0,light,2017-04-14 18:00:00+00:00,,UNKNOWN,,,,UNKNOWN,UNKNOWN,,UNKNOWN,,,,,,,,,,,,,,,,,,,,,,,,,,,,,,,,False,False,UNKNOWN,False,False,,,,,,,,,,NPB,2017-04-14 18:00:00,1,,,0,
2017041404,2017-04-14 18:00:00,東北楽天ゴールデンイーグルス,北海道日本ハムファイターズ,3.0,2.0,UNKNOWN,Koboパーク宮城,unknown,low,False,False,,,[],[],,,,,0,light,2017-04-14 18:00:00+00:00,,UNKNOWN,,,,UNKNOWN,UNKNOWN,,UNKNOWN,,,,,,,,,,,,,,,,,,,,,,,,,,,,,,,,False,False,UNKNOWN,False,False,,,,,,,,,,NPB,2017-04-14 18:00:00,1,,,0,
2017041406,2017-04-14 18:00:00,福岡ソフトバンクホークス,オリックス・バファローズ,0.0,9.0,UNKNOWN,福岡 ヤフオク!ドーム,unknown,low,False,False,,,[],[],,,,,0,light,2017-04-14 18:00:00+00:00,,UNKNOWN,,,,UNKNOWN,UNKNOWN,,UNKNOWN,,,,,,,,,,,,,,,,,,,,,,,,,,,,,,,,False,False,UNKNOWN,False,False,,,,,,,,,,NPB,2017-04-14 18:00:00,1,,,0,
2017041405,2017-04-14 18:30:00,千葉ロッテマリーンズ,埼玉西武ライオンズ,2.0,3.0,UNKNOWN,ＺＯＺＯマリンスタジアム,unknown,low,False,False,,,[],[],,,,,0,light,2017-04-14 18:30:00+00:00,,UNKNOWN,,,,UNKNOWN,UNKNOWN,,UNKNOWN,,,,,,,,,,,,,,,,,,,,,,,,,,,,,,,,False,False,UNKNOWN,False,False,,,,,,,,,,NPB,2017-04-14 18:30:00,1,,,0,
2017041501,2017-04-15 14:00:00,横浜DeNAベイスターズ,東京ヤクルトスワローズ,2.0,7.0,UNKNOWN,横浜スタジアム,unknown,low,False,False,,,[],[],,,,,0,light,2017-04-15 14:00:00+00:00,,UNKNOWN,,,,UNKNOWN,UNKNOWN,,UNKNOWN,,,,,,,,,,,,,,,,,,,,,,,,,,,,,,,,False,False,UNKNOWN,False,False,,,,,,,,,,NPB,2017-04-15 14:00:00,1,,,0,
2017041502,2017-04-15 14:00:00,中日ドラゴンズ,読売ジャイアンツ,2.0,6.0,UNKNOWN,ナゴヤドーム,unknown,low,False,False,,,[],[],,,,,0,light,2017-04-15 14:00:00+00:00,,UNKNOWN,,,,UNKNOWN,UNKNOWN,,UNKNOWN,,,,,,,,,,,,,,,,,,,,,,,,,,,,,,,,False,False,UNKNOWN,False,False,,,,,,,,,,NPB,2017-04-15 14:00:00,1,,,0,
2017041503,2017-04-15 14:00:00,阪神タイガース,広島東洋カープ,1.0,7.0,UNKNOWN,阪神甲子園球場,unknown,low,False,False,,,[],[],,,,,0,light,2017-04-15 14:00:00+00:00,,UNKNOWN,,,,UNKNOWN,UNKNOWN,,UNKNOWN,,,,,,,,,,,,,,,,,,,,,,,,,,,,,,,,False,False,UNKNOWN,False,False,,,,,,,,,,NPB,2017-04-15 14:00:00,1,,,0,
2017041504,2017-04-15 14:00:00,東北楽天ゴールデンイーグルス,北海道日本ハムファイターズ,4.0,2.0,UNKNOWN,Koboパーク宮城,unknown,low,False,False,,,[],[],,,,,0,light,2017-04-15 14:00:00+00:00,,UNKNOWN,,,,UNKNOWN,UNKNOWN,,UNKNOWN,,,,,,,,,,,,,,,,,,,,,,,,,,,,,,,,False,False,UNKNOWN,False,False,,,,,,,,,,NPB,2017-04-15 14:00:00,1,,,0,
2017041505,2017-04-15 14:00:00,千葉ロッテマリーンズ,埼玉西武ライオンズ,1.0,0.0,UNKNOWN,ＺＯＺＯマリンスタジアム,unknown,low,False,False,,,[],[],,,,,0,light,2017-04-15 14:00:00+00:00,,UNKNOWN,,,,UNKNOWN,UNKNOWN,,UNKNOWN,,,,,,,,,,,,,,,,,,,,,,,,,,,,,,,,False,False,UNKNOWN,False,False,,,,,,,,,,NPB,2017-04-15 14:00:00,1,,,0,
2017041506,2017-04-15 14:00:00,福岡ソフトバンクホークス,オリックス・バファローズ,6.0,7.0,UNKNOWN,福岡 ヤフオク!ドーム,unknown,low,False,False,,,[],[],,,,,0,light,2017-04-15 14:00:00+00:00,,UNKNOWN,,,,UNKNOWN,UNKNOWN,,UNKNOWN,,,,,,,,,,,,,,,,,,,,,,,,,,,,,,,,False,False,UNKNOWN,False,False,,,,,,,,,,NPB,2017-04-15 14:00:00,1,,,0,
2017041601,2017-04-16 13:00:00,横浜DeNAベイスターズ,東京ヤクルトスワローズ,6.0,3.0,UNKNOWN,横浜スタジアム,unknown,low,False,False,,,[],[],,,,,0,light,2017-04-16 13:00:00+00:00,,UNKNOWN,,,,UNKNOWN,UNKNOWN,,UNKNOWN,,,,,,,,,,,,,,,,,,,,,,,,,,,,,,,,False,False,UNKNOWN,False,False,,,,,,,,,,NPB,2017-04-16 13:00:00,1,,,0,
2017041604,2017-04-16 13:00:00,東北楽天ゴールデンイーグルス,北海道日本ハムファイターズ,4.0,3.0,UNKNOWN,Koboパーク宮城,unknown,low,False,False,,,[],[],,,,,0,light,2017-04-16 13:00:00+00:00,,UNKNOWN,,,,UNKNOWN,UNKNOWN,,UNKNOWN,,,,,,,,,,,,,,,,,,,,,,,,,,,,,,,,False,False,UNKNOWN,False,False,,,,,,,,,,NPB,2017-04-16 13:00:00,1,,,0,
2017041605,2017-04-16 13:00:00,千葉ロッテマリーンズ,埼玉西武ライオンズ,2.0,10.0,UNKNOWN,ＺＯＺＯマリンスタジアム,unknown,low,False,False,,,[],[],,,,,0,light,2017-04-16 13:00:00+00:00,,UNKNOWN,,,,UNKNOWN,UNKNOWN,,UNKNOWN,,,,,,,,,,,,,,,,,,,,,,,,,,,,,,,,False,False,UNKNOWN,False,False,,,,,,,,,,NPB,2017-04-16 13:00:00,1,,,0,
2017041602,2017-04-16 14:00:00,中日ドラゴンズ,読売ジャイアンツ,0.0,2.0,UNKNOWN,ナゴヤドーム,unknown,low,False,False,,,[],[],,,,,0,light,2017-04-16 14:00:00+00:00,,UNKNOWN,,,,UNKNOWN,UNKNOWN,,UNKNOWN,,,,,,,,,,,,,,,,,,,,,,,,,,,,,,,,False,False,UNKNOWN,False,False,,,,,,,,,,NPB,2017-04-16 14:00:00,1,,,0,
2017041603,2017-04-16 14:00:00,阪神タイガース,広島東洋カープ,2.0,1.0,UNKNOWN,阪神甲子園球場,unknown,low,False,False,,,[],[],,,,,0,light,2017-04-16 14:00:00+00:00,,UNKNOWN,,,,UNKNOWN,UNKNOWN,,UNKNOWN,,,,,,,,,,,,,,,,,,,,,,,,,,,,,,,,False,False,UNKNOWN,False,False,,,,,,,,,,NPB,2017-04-16 14:00:00,1,,,0,
2017041801,2017-04-18 18:00:00,読売ジャイアンツ,東京ヤクルトスワローズ,3.0,0.0,UNKNOWN,藤崎台県営野球場,unknown,low,False,False,,,[],[],,,,,0,light,2017-04-18 18:00:00+00:00,,UNKNOWN,,,,UNKNOWN,UNKNOWN,,UNKNOWN,,,,,,,,,,,,,,,,,,,,,,,,,,,,,,,,False,False,UNKNOWN,False,False,,,,,,,,,,NPB,2017-04-18 18:00:00,1,,,0,
2017041802,2017-04-18 18:00:00,中日ドラゴンズ,阪神タイガース,1.0,3.0,UNKNOWN,ナゴヤドーム,unknown,low,False,False,,,[],[],,,,,0,light,2017-04-18 18:00:00+00:00,,UNKNOWN,,,,UNKNOWN,UNKNOWN,,UNKNOWN,,,,,,,,,,,,,,,,,,,,,,,,,,,,,,,,False,False,UNKNOWN,False,False,,,,,,,,,,NPB,2017-04-18 18:00:00,1,,,0,
2017041803,2017-04-18 18:00:00,広島東洋カープ,横浜DeNAベイスターズ,4.0,3.0,UNKNOWN,ＭＡＺＤＡ　Ｚｏｏｍ－Ｚｏｏｍ　スタジアム広島,unknown,low,False,False,,,[],[],,,,,0,light,2017-04-18 18:00:00+00:00,,UNKNOWN,,,,UNKNOWN,UNKNOWN,,UNKNOWN,,,,,,,,,,,,,,,,,,,,,,,,,,,,,,,,False,False,UNKNOWN,False,False,,,,,,,,,,NPB,2017-04-18 18:00:00,1,,,0,
2017041804,2017-04-18 18:00:00,北海道日本ハムファイターズ,オリックス・バファローズ,1.0,3.0,UNKNOWN,草薙総合運動場野球場,unknown,low,False,False,,,[],[],,,,,0,light,2017-04-18 18:00:00+00:00,,UNKNOWN,,,,UNKNOWN,UNKNOWN,,UNKNOWN,,,,,,,,,,,,,,,,,,,,,,,,,,,,,,,,False,False,UNKNOWN,False,False,,,,,,,,,,NPB,2017-04-18 18:00:00,1,,,0,
2017041805,2017-04-18 18:00:00,埼玉西武ライオンズ,東北楽天ゴールデンイーグルス,0.0,2.0,UNKNOWN,埼玉県営大宮公園野球場,unknown,low,False,False,,,[],[],,,,,0,light,2017-04-18 18:00:00+00:00,,UNKNOWN,,,,UNKNOWN,UNKNOWN,,UNKNOWN,,,,,,,,,,,,,,,,,,,,,,,,,,,,,,,,False,False,UNKNOWN,False,False,,,,,,,,,,NPB,2017-04-18 18:00:00,1,,,0,
2017041806,2017-04-18 18:15:00,千葉ロッテマリーンズ,福岡ソフトバンクホークス,3.0,10.0,UNKNOWN,ＺＯＺＯマリンスタジアム,unknown,low,False,False,,,[],[],,,,,0,light,2017-04-18 18:15:00+00:00,,UNKNOWN,,,,UNKNOWN,UNKNOWN,,UNKNOWN,,,,,,,,,,,,,,,,,,,,,,,,,,,,,,,,False,False,UNKNOWN,False,False,,,,,,,,,,NPB,2017-04-18 18:15:00,1,,,0,
2017041901,2017-04-19 18:00:00,読売ジャイアンツ,東京ヤクルトスワローズ,1.0,0.0,UNKNOWN,鹿児島県立鴨池野球場,unknown,low,False,False,,,[],[],,,,,0,light,2017-04-19 18:00:00+00:00,,UNKNOWN,,,,UNKNOWN,UNKNOWN,,UNKNOWN,,,,,,,,,,,,,,,,,,,,,,,,,,,,,,,,False,False,UNKNOWN,False,False,,,,,,,,,,NPB,2017-04-19 18:00:00,1,,,0,
2017041902,2017-04-19 18:00:00,中日ドラゴンズ,阪神タイガース,4.0,3.0,UNKNOWN,ナゴヤドーム,unknown,low,False,False,,,[],[],,,,,0,light,2017-04-19 18:00:00+00:00,,UNKNOWN,,,,UNKNOWN,UNKNOWN,,UNKNOWN,,,,,,,,,,,,,,,,,,,,,,,,,,,,,,,,False,False,UNKNOWN,False,False,,,,,,,,,,NPB,2017-04-19 18:00:00,1,,,0,
2017041903,2017-04-19 18:00:00,広島東洋カープ,横浜DeNAベイスターズ,0.0,4.0,UNKNOWN,ＭＡＺＤＡ　Ｚｏｏｍ－Ｚｏｏｍ　スタジアム広島,unknown,low,False,False,,,[],[],,,,,0,light,2017-04-19 18:00:00+00:00,,UNKNOWN,,,,UNKNOWN,UNKNOWN,,UNKNOWN,,,,,,,,,,,,,,,,,,,,,,,,,,,,,,,,False,False,UNKNOWN,False,False,,,,,,,,,,NPB,2017-04-19 18:00:00,1,,,0,
2017041904,2017-04-19 18:00:00,埼玉西武ライオンズ,東北楽天ゴールデンイーグルス,5.0,4.0,UNKNOWN,メットライフドーム,unknown,low,False,False,,,[],[],,,,,0,light,2017-04-19 18:00:00+00:00,,UNKNOWN,,,,UNKNOWN,UNKNOWN,,UNKNOWN,,,,,,,,,,,,,,,,,,,,,,,,,,,,,,,,False,False,UNKNOWN,False,False,,,,,,,,,,NPB,2017-04-19 18:00:00,1,,,0,
2017041905,2017-04-19 18:15:00,千葉ロッテマリーンズ,福岡ソフトバンクホークス,0.0,2.0,UNKNOWN,ＺＯＺＯマリンスタジアム,unknown,low,False,False,,,[],[],,,,,0,light,2017-04-19 18:15:00+00:00,,UNKNOWN,,,,UNKNOWN,UNKNOWN,,UNKNOWN,,,,,,,,,,,,,,,,,,,,,,,,,,,,,,,,False,False,UNKNOWN,False,False,,,,,,,,,,NPB,2017-04-19 18:15:00,1,,,0,
2017042001,2017-04-20 18:00:00,中日ドラゴンズ,阪神タイガース,5.0,2.0,UNKNOWN,ナゴヤドーム,unknown,low,False,False,,,[],[],,,,,0,light,2017-04-20 18:00:00+00:00,,UNKNOWN,,,,UNKNOWN,UNKNOWN,,UNKNOWN,,,,,,,,,,,,,,,,,,,,,,,,,,,,,,,,False,False,UNKNOWN,False,False,,,,,,,,,,NPB,2017-04-20 18:00:00,1,,,0,
2017042002,2017-04-20 18:00:00,広島東洋カープ,横浜DeNAベイスターズ,3.0,5.0,UNKNOWN,ＭＡＺＤＡ　Ｚｏｏｍ－Ｚｏｏｍ　スタジアム広島,unknown,low,False,False,,,[],[],,,,,0,light,2017-04-20 18:00:00+00:00,,UNKNOWN,,,,UNKNOWN,UNKNOWN,,UNKNOWN,,,,,,,,,,,,,,,,,,,,,,,,,,,,,,,,False,False,UNKNOWN,False,False,,,,,,,,,,NPB,2017-04-20 18:00:00,1,,,0,
2017042003,2017-04-20 18:00:00,北海道日本ハムファイターズ,オリックス・バファローズ,4.0,8.0,UNKNOWN,東京ドーム,unknown,low,False,False,,,[],[],,,,,0,light,2017-04-20 18:00:00+00:00,,UNKNOWN,,,,UNKNOWN,UNKNOWN,,UNKNOWN,,,,,,,,,,,,,,,,,,,,,,,,,,,,,,,,False,False,UNKNOWN,False,False,2017-04-20 09:00:00+00:00,,UNKNOWN,Open-Meteo Historical Forecast,FAIL_CLOSED_NO_ISSUANCE_TIMESTAMP,15.9,56.0,0.0,5.7,NPB,2017-04-20 18:00:00,1,,,0,
2017042003,2017-04-20 18:00:00,北海道日本ハムファイターズ,オリックス・バファローズ,4.0,8.0,UNKNOWN,東京ドーム,unknown,low,False,False,,,[],[],,,,,0,light,2017-04-20 18:00:00+00:00,,UNKNOWN,,,,UNKNOWN,UNKNOWN,,UNKNOWN,,,,,,,,,,,,,,,,,,,,,,,,,,,,,,,,False,False,UNKNOWN,False,False,2017-04-20 09:00:00+00:00,,UNKNOWN,Open-Meteo Historical Forecast,FAIL_CLOSED_NO_ISSUANCE_TIMESTAMP,15.9,56.0,0.0,5.7,NPB,2017-04-20 18:00:00,1,,,0,
2017042004,2017-04-20 18:15:00,千葉ロッテマリーンズ,福岡ソフトバンクホークス,0.0,4.0,UNKNOWN,ＺＯＺＯマリンスタジアム,unknown,low,False,False,,,[],[],,,,,0,light,2017-04-20 18:15:00+00:00,,UNKNOWN,,,,UNKNOWN,UNKNOWN,,UNKNOWN,,,,,,,,,,,,,,,,,,,,,,,,,,,,,,,,False,False,UNKNOWN,False,False,,,,,,,,,,NPB,2017-04-20 18:15:00,1,,,0,
2017042101,2017-04-21 18:00:00,読売ジャイアンツ,阪神タイガース,1.0,4.0,UNKNOWN,東京ドーム,unknown,low,False,False,,,[],[],,,,,0,light,2017-04-21 18:00:00+00:00,,UNKNOWN,,,,UNKNOWN,UNKNOWN,,UNKNOWN,,,,,,,,,,,,,,,,,,,,,,,,,,,,,,,,False,False,UNKNOWN,False,False,2017-04-21 09:00:00+00:00,,UNKNOWN,Open-Meteo Historical Forecast,FAIL_CLOSED_NO_ISSUANCE_TIMESTAMP,16.1,66.0,0.0,4.6,NPB,2017-04-21 18:00:00,1,,,0,
2017042101,2017-04-21 18:00:00,読売ジャイアンツ,阪神タイガース,1.0,4.0,UNKNOWN,東京ドーム,unknown,low,False,False,,,[],[],,,,,0,light,2017-04-21 18:00:00+00:00,,UNKNOWN,,,,UNKNOWN,UNKNOWN,,UNKNOWN,,,,,,,,,,,,,,,,,,,,,,,,,,,,,,,,False,False,UNKNOWN,False,False,2017-04-21 09:00:00+00:00,,UNKNOWN,Open-Meteo Historical Forecast,FAIL_CLOSED_NO_ISSUANCE_TIMESTAMP,16.1,66.0,0.0,4.6,NPB,2017-04-21 18:00:00,1,,,0,
2017042102,2017-04-21 18:00:00,東京ヤクルトスワローズ,広島東洋カープ,3.0,1.0,UNKNOWN,明治神宮野球場,unknown,low,False,False,,,[],[],,,,,0,light,2017-04-21 18:00:00+00:00,,UNKNOWN,,,,UNKNOWN,UNKNOWN,,UNKNOWN,,,,,,,,,,,,,,,,,,,,,,,,,,,,,,,,False,False,UNKNOWN,False,False,,,,,,,,,,NPB,2017-04-21 18:00:00,1,,,0,
2017042103,2017-04-21 18:00:00,横浜DeNAベイスターズ,中日ドラゴンズ,2.0,2.0,UNKNOWN,横浜スタジアム,unknown,low,False,False,,,[],[],,,,,0,light,2017-04-21 18:00:00+00:00,,UNKNOWN,,,,UNKNOWN,UNKNOWN,,UNKNOWN,,,,,,,,,,,,,,,,,,,,,,,,,,,,,,,,False,False,UNKNOWN,False,False,,,,,,,,,,NPB,2017-04-21 18:00:00,1,,,0,
2017042104,2017-04-21 18:00:00,埼玉西武ライオンズ,北海道日本ハムファイターズ,9.0,0.0,UNKNOWN,メットライフドーム,unknown,low,False,False,,,[],[],,,,,0,light,2017-04-21 18:00:00+00:00,,UNKNOWN,,,,UNKNOWN,UNKNOWN,,UNKNOWN,,,,,,,,,,,,,,,,,,,,,,,,,,,,,,,,False,False,UNKNOWN,False,False,,,,,,,,,,NPB,2017-04-21 18:00:00,1,,,0,
2017042105,2017-04-21 18:00:00,福岡ソフトバンクホークス,東北楽天ゴールデンイーグルス,4.0,3.0,UNKNOWN,福岡 ヤフオク!ドーム,unknown,low,False,False,,,[],[],,,,,0,light,2017-04-21 18:00:00+00:00,,UNKNOWN,,,,UNKNOWN,UNKNOWN,,UNKNOWN,,,,,,,,,,,,,,,,,,,,,,,,,,,,,,,,False,False,UNKNOWN,False,False,,,,,,,,,,NPB,2017-04-21 18:00:00,1,,,0,
2017042201,2017-04-22 14:00:00,読売ジャイアンツ,阪神タイガース,4.0,1.0,UNKNOWN,東京ドーム,unknown,low,False,False,,,[],[],,,,,0,light,2017-04-22 14:00:00+00:00,,UNKNOWN,,,,UNKNOWN,UNKNOWN,,UNKNOWN,,,,,,,,,,,,,,,,,,,,,,,,,,,,,,,,False,False,UNKNOWN,False,False,2017-04-22 05:00:00+00:00,,UNKNOWN,Open-Meteo Historical Forecast,FAIL_CLOSED_NO_ISSUANCE_TIMESTAMP,17.1,49.0,0.0,3.1,NPB,2017-04-22 14:00:00,1,,,0,
2017042201,2017-04-22 14:00:00,読売ジャイアンツ,阪神タイガース,4.0,1.0,UNKNOWN,東京ドーム,unknown,low,False,False,,,[],[],,,,,0,light,2017-04-22 14:00:00+00:00,,UNKNOWN,,,,UNKNOWN,UNKNOWN,,UNKNOWN,,,,,,,,,,,,,,,,,,,,,,,,,,,,,,,,False,False,UNKNOWN,False,False,2017-04-22 05:00:00+00:00,,UNKNOWN,Open-Meteo Historical Forecast,FAIL_CLOSED_NO_ISSUANCE_TIMESTAMP,17.1,49.0,0.0,3.1,NPB,2017-04-22 14:00:00,1,,,0,
2017042203,2017-04-22 14:00:00,横浜DeNAベイスターズ,中日ドラゴンズ,11.0,4.0,UNKNOWN,横浜スタジアム,unknown,low,False,False,,,[],[],,,,,0,light,2017-04-22 14:00:00+00:00,,UNKNOWN,,,,UNKNOWN,UNKNOWN,,UNKNOWN,,,,,,,,,,,,,,,,,,,,,,,,,,,,,,,,False,False,UNKNOWN,False,False,,,,,,,,,,NPB,2017-04-22 14:00:00,1,,,0,
2017042204,2017-04-22 14:00:00,埼玉西武ライオンズ,北海道日本ハムファイターズ,9.0,1.0,UNKNOWN,メットライフドーム,unknown,low,False,False,,,[],[],,,,,0,light,2017-04-22 14:00:00+00:00,,UNKNOWN,,,,UNKNOWN,UNKNOWN,,UNKNOWN,,,,,,,,,,,,,,,,,,,,,,,,,,,,,,,,False,False,UNKNOWN,False,False,,,,,,,,,,NPB,2017-04-22 14:00:00,1,,,0,
2017042205,2017-04-22 14:00:00,千葉ロッテマリーンズ,オリックス・バファローズ,3.0,4.0,UNKNOWN,ＺＯＺＯマリンスタジアム,unknown,low,False,False,,,[],[],,,,,0,light,2017-04-22 14:00:00+00:00,,UNKNOWN,,,,UNKNOWN,UNKNOWN,,UNKNOWN,,,,,,,,,,,,,,,,,,,,,,,,,,,,,,,,False,False,UNKNOWN,False,False,,,,,,,,,,NPB,2017-04-22 14:00:00,1,,,0,
2017042202,2017-04-22 18:00:00,東京ヤクルトスワローズ,広島東洋カープ,1.0,0.0,UNKNOWN,明治神宮野球場,unknown,low,False,False,,,[],[],,,,,0,light,2017-04-22 18:00:00+00:00,,UNKNOWN,,,,UNKNOWN,UNKNOWN,,UNKNOWN,,,,,,,,,,,,,,,,,,,,,,,,,,,,,,,,False,False,UNKNOWN,False,False,,,,,,,,,,NPB,2017-04-22 18:00:00,1,,,0,
2017042206,2017-04-22 18:00:00,福岡ソフトバンクホークス,東北楽天ゴールデンイーグルス,2.0,11.0,UNKNOWN,福岡 ヤフオク!ドーム,unknown,low,False,False,,,[],[],,,,,0,light,2017-04-22 18:00:00+00:00,,UNKNOWN,,,,UNKNOWN,UNKNOWN,,UNKNOWN,,,,,,,,,,,,,,,,,,,,,,,,,,,,,,,,False,False,UNKNOWN,False,False,,,,,,,,,,NPB,2017-04-22 18:00:00,1,,,0,
2017042303,2017-04-23 13:00:00,横浜DeNAベイスターズ,中日ドラゴンズ,0.0,1.0,UNKNOWN,横浜スタジアム,unknown,low,False,False,,,[],[],,,,,0,light,2017-04-23 13:00:00+00:00,,UNKNOWN,,,,UNKNOWN,UNKNOWN,,UNKNOWN,,,,,,,,,,,,,,,,,,,,,,,,,,,,,,,,False,False,UNKNOWN,False,False,,,,,,,,,,NPB,2017-04-23 13:00:00,1,,,0,
2017042304,2017-04-23 13:00:00,埼玉西武ライオンズ,北海道日本ハムファイターズ,12.0,3.0,UNKNOWN,メットライフドーム,unknown,low,False,False,,,[],[],,,,,0,light,2017-04-23 13:00:00+00:00,,UNKNOWN,,,,UNKNOWN,UNKNOWN,,UNKNOWN,,,,,,,,,,,,,,,,,,,,,,,,,,,,,,,,False,False,UNKNOWN,False,False,,,,,,,,,,NPB,2017-04-23 13:00:00,1,,,0,
2017042305,2017-04-23 13:00:00,千葉ロッテマリーンズ,オリックス・バファローズ,2.0,0.0,UNKNOWN,ＺＯＺＯマリンスタジアム,unknown,low,False,False,,,[],[],,,,,0,light,2017-04-23 13:00:00+00:00,,UNKNOWN,,,,UNKNOWN,UNKNOWN,,UNKNOWN,,,,,,,,,,,,,,,,,,,,,,,,,,,,,,,,False,False,UNKNOWN,False,False,,,,,,,,,,NPB,2017-04-23 13:00:00,1,,,0,
2017042306,2017-04-23 13:00:00,福岡ソフトバンクホークス,東北楽天ゴールデンイーグルス,1.0,2.0,UNKNOWN,福岡 ヤフオク!ドーム,unknown,low,False,False,,,[],[],,,,,0,light,2017-04-23 13:00:00+00:00,,UNKNOWN,,,,UNKNOWN,UNKNOWN,,UNKNOWN,,,,,,,,,,,,,,,,,,,,,,,,,,,,,,,,False,False,UNKNOWN,False,False,,,,,,,,,,NPB,2017-04-23 13:00:00,1,,,0,
2017042301,2017-04-23 14:00:00,読売ジャイアンツ,阪神タイガース,1.0,2.0,UNKNOWN,東京ドーム,unknown,low,False,False,,,[],[],,,,,0,light,2017-04-23 14:00:00+00:00,,UNKNOWN,,,,UNKNOWN,UNKNOWN,,UNKNOWN,,,,,,,,,,,,,,,,,,,,,,,,,,,,,,,,False,False,UNKNOWN,False,False,2017-04-23 05:00:00+00:00,,UNKNOWN,Open-Meteo Historical Forecast,FAIL_CLOSED_NO_ISSUANCE_TIMESTAMP,18.0,26.0,0.0,6.8,NPB,2017-04-23 14:00:00,1,,,0,
2017042301,2017-04-23 14:00:00,読売ジャイアンツ,阪神タイガース,1.0,2.0,UNKNOWN,東京ドーム,unknown,low,False,False,,,[],[],,,,,0,light,2017-04-23 14:00:00+00:00,,UNKNOWN,,,,UNKNOWN,UNKNOWN,,UNKNOWN,,,,,,,,,,,,,,,,,,,,,,,,,,,,,,,,False,False,UNKNOWN,False,False,2017-04-23 05:00:00+00:00,,UNKNOWN,Open-Meteo Historical Forecast,FAIL_CLOSED_NO_ISSUANCE_TIMESTAMP,18.0,26.0,0.0,6.8,NPB,2017-04-23 14:00:00,1,,,0,
2017042302,2017-04-23 18:00:00,東京ヤクルトスワローズ,広島東洋カープ,4.0,7.0,UNKNOWN,明治神宮野球場,unknown,low,False,False,,,[],[],,,,,0,light,2017-04-23 18:00:00+00:00,,UNKNOWN,,,,UNKNOWN,UNKNOWN,,UNKNOWN,,,,,,,,,,,,,,,,,,,,,,,,,,,,,,,,False,False,UNKNOWN,False,False,,,,,,,,,,NPB,2017-04-23 18:00:00,1,,,0,
2017042501,2017-04-25 18:00:00,中日ドラゴンズ,東京ヤクルトスワローズ,4.0,2.0,UNKNOWN,豊橋市民球場,unknown,low,False,False,,,[],[],,,,,0,light,2017-04-25 18:00:00+00:00,,UNKNOWN,,,,UNKNOWN,UNKNOWN,,UNKNOWN,,,,,,,,,,,,,,,,,,,,,,,,,,,,,,,,False,False,UNKNOWN,False,False,,,,,,,,,,NPB,2017-04-25 18:00:00,1,,,0,
2017042502,2017-04-25 18:00:00,阪神タイガース,横浜DeNAベイスターズ,0.0,1.0,UNKNOWN,阪神甲子園球場,unknown,low,False,False,,,[],[],,,,,0,light,2017-04-25 18:00:00+00:00,,UNKNOWN,,,,UNKNOWN,UNKNOWN,,UNKNOWN,,,,,,,,,,,,,,,,,,,,,,,,,,,,,,,,False,False,UNKNOWN,False,False,,,,,,,,,,NPB,2017-04-25 18:00:00,1,,,0,
2017042503,2017-04-25 18:00:00,広島東洋カープ,読売ジャイアンツ,0.0,1.0,UNKNOWN,ＭＡＺＤＡ　Ｚｏｏｍ－Ｚｏｏｍ　スタジアム広島,unknown,low,False,False,,,[],[],,,,,0,light,2017-04-25 18:00:00+00:00,,UNKNOWN,,,,UNKNOWN,UNKNOWN,,UNKNOWN,,,,,,,,,,,,,,,,,,,,,,,,,,,,,,,,False,False,UNKNOWN,False,False,,,,,,,,,,NPB,2017-04-25 18:00:00,1,,,0,
2017042504,2017-04-25 18:00:00,東北楽天ゴールデンイーグルス,千葉ロッテマリーンズ,4.0,2.0,UNKNOWN,東京ドーム,unknown,low,False,False,,,[],[],,,,,0,light,2017-04-25 18:00:00+00:00,,UNKNOWN,,,,UNKNOWN,UNKNOWN,,UNKNOWN,,,,,,,,,,,,,,,,,,,,,,,,,,,,,,,,False,False,UNKNOWN,False,False,2017-04-25 09:00:00+00:00,,UNKNOWN,Open-Meteo Historical Forecast,FAIL_CLOSED_NO_ISSUANCE_TIMESTAMP,15.8,59.0,0.0,12.6,NPB,2017-04-25 18:00:00,1,,,0,
2017042504,2017-04-25 18:00:00,東北楽天ゴールデンイーグルス,千葉ロッテマリーンズ,4.0,2.0,UNKNOWN,東京ドーム,unknown,low,False,False,,,[],[],,,,,0,light,2017-04-25 18:00:00+00:00,,UNKNOWN,,,,UNKNOWN,UNKNOWN,,UNKNOWN,,,,,,,,,,,,,,,,,,,,,,,,,,,,,,,,False,False,UNKNOWN,False,False,2017-04-25 09:00:00+00:00,,UNKNOWN,Open-Meteo Historical Forecast,FAIL_CLOSED_NO_ISSUANCE_TIMESTAMP,15.8,59.0,0.0,12.6,NPB,2017-04-25 18:00:00,1,,,0,
2017042505,2017-04-25 18:00:00,オリックス・バファローズ,埼玉西武ライオンズ,5.0,4.0,UNKNOWN,ほっともっとフィールド神戸,unknown,low,False,False,,,[],[],,,,,0,light,2017-04-25 18:00:00+00:00,,UNKNOWN,,,,UNKNOWN,UNKNOWN,,UNKNOWN,,,,,,,,,,,,,,,,,,,,,,,,,,,,,,,,False,False,UNKNOWN,False,False,,,,,,,,,,NPB,2017-04-25 18:00:00,1,,,0,
2017042506,2017-04-25 18:00:00,福岡ソフトバンクホークス,北海道日本ハムファイターズ,7.0,5.0,UNKNOWN,北九州市民球場,unknown,low,False,False,,,[],[],,,,,0,light,2017-04-25 18:00:00+00:00,,UNKNOWN,,,,UNKNOWN,UNKNOWN,,UNKNOWN,,,,,,,,,,,,,,,,,,,,,,,,,,,,,,,,False,False,UNKNOWN,False,False,,,,,,,,,,NPB,2017-04-25 18:00:00,1,,,0,
2017042601,2017-04-26 18:00:00,中日ドラゴンズ,東京ヤクルトスワローズ,7.0,8.0,UNKNOWN,ナゴヤドーム,unknown,low,False,False,,,[],[],,,,,0,light,2017-04-26 18:00:00+00:00,,UNKNOWN,,,,UNKNOWN,UNKNOWN,,UNKNOWN,,,,,,,,,,,,,,,,,,,,,,,,,,,,,,,,False,False,UNKNOWN,False,False,,,,,,,,,,NPB,2017-04-26 18:00:00,1,,,0,
2017042603,2017-04-26 18:00:00,広島東洋カープ,読売ジャイアンツ,7.0,6.0,UNKNOWN,ＭＡＺＤＡ　Ｚｏｏｍ－Ｚｏｏｍ　スタジアム広島,unknown,low,False,False,,,[],[],,,,,0,light,2017-04-26 18:00:00+00:00,,UNKNOWN,,,,UNKNOWN,UNKNOWN,,UNKNOWN,,,,,,,,,,,,,,,,,,,,,,,,,,,,,,,,False,False,UNKNOWN,False,False,,,,,,,,,,NPB,2017-04-26 18:00:00,1,,,0,
2017042604,2017-04-26 18:00:00,東北楽天ゴールデンイーグルス,千葉ロッテマリーンズ,11.0,7.0,UNKNOWN,Koboパーク宮城,unknown,low,False,False,,,[],[],,,,,0,light,2017-04-26 18:00:00+00:00,,UNKNOWN,,,,UNKNOWN,UNKNOWN,,UNKNOWN,,,,,,,,,,,,,,,,,,,,,,,,,,,,,,,,False,False,UNKNOWN,False,False,,,,,,,,,,NPB,2017-04-26 18:00:00,1,,,0,
2017042605,2017-04-26 18:00:00,オリックス・バファローズ,埼玉西武ライオンズ,4.0,3.0,UNKNOWN,京セラドーム大阪,unknown,low,False,False,,,[],[],,,,,0,light,2017-04-26 18:00:00+00:00,,UNKNOWN,,,,UNKNOWN,UNKNOWN,,UNKNOWN,,,,,,,,,,,,,,,,,,,,,,,,,,,,,,,,False,False,UNKNOWN,False,False,,,,,,,,,,NPB,2017-04-26 18:00:00,1,,,0,
2017042606,2017-04-26 18:00:00,福岡ソフトバンクホークス,北海道日本ハムファイターズ,4.0,1.0,UNKNOWN,福岡 ヤフオク!ドーム,unknown,low,False,False,,,[],[],,,,,0,light,2017-04-26 18:00:00+00:00,,UNKNOWN,,,,UNKNOWN,UNKNOWN,,UNKNOWN,,,,,,,,,,,,,,,,,,,,,,,,,,,,,,,,False,False,UNKNOWN,False,False,,,,,,,,,,NPB,2017-04-26 18:00:00,1,,,0,
2017042701,2017-04-27 18:00:00,中日ドラゴンズ,東京ヤクルトスワローズ,2.0,0.0,UNKNOWN,ナゴヤドーム,unknown,low,False,False,,,[],[],,,,,0,light,2017-04-27 18:00:00+00:00,,UNKNOWN,,,,UNKNOWN,UNKNOWN,,UNKNOWN,,,,,,,,,,,,,,,,,,,,,,,,,,,,,,,,False,False,UNKNOWN,False,False,,,,,,,,,,NPB,2017-04-27 18:00:00,1,,,0,
2017042702,2017-04-27 18:00:00,阪神タイガース,横浜DeNAベイスターズ,5.0,2.0,UNKNOWN,阪神甲子園球場,unknown,low,False,False,,,[],[],,,,,0,light,2017-04-27 18:00:00+00:00,,UNKNOWN,,,,UNKNOWN,UNKNOWN,,UNKNOWN,,,,,,,,,,,,,,,,,,,,,,,,,,,,,,,,False,False,UNKNOWN,False,False,,,,,,,,,,NPB,2017-04-27 18:00:00,1,,,0,
2017042703,2017-04-27 18:00:00,広島東洋カープ,読売ジャイアンツ,1.0,0.0,UNKNOWN,ＭＡＺＤＡ　Ｚｏｏｍ－Ｚｏｏｍ　スタジアム広島,unknown,low,False,False,,,[],[],,,,,0,light,2017-04-27 18:00:00+00:00,,UNKNOWN,,,,UNKNOWN,UNKNOWN,,UNKNOWN,,,,,,,,,,,,,,,,,,,,,,,,,,,,,,,,False,False,UNKNOWN,False,False,,,,,,,,,,NPB,2017-04-27 18:00:00,1,,,0,
2017042704,2017-04-27 18:00:00,オリックス・バファローズ,埼玉西武ライオンズ,3.0,2.0,UNKNOWN,京セラドーム大阪,unknown,low,False,False,,,[],[],,,,,0,light,2017-04-27 18:00:00+00:00,,UNKNOWN,,,,UNKNOWN,UNKNOWN,,UNKNOWN,,,,,,,,,,,,,,,,,,,,,,,,,,,,,,,,False,False,UNKNOWN,False,False,,,,,,,,,,NPB,2017-04-27 18:00:00,1,,,0,
2017042705,2017-04-27 18:00:00,福岡ソフトバンクホークス,北海道日本ハムファイターズ,4.0,5.0,UNKNOWN,福岡 ヤフオク!ドーム,unknown,low,False,False,,,[],[],,,,,0,light,2017-04-27 18:00:00+00:00,,UNKNOWN,,,,UNKNOWN,UNKNOWN,,UNKNOWN,,,,,,,,,,,,,,,,,,,,,,,,,,,,,,,,False,False,UNKNOWN,False,False,,,,,,,,,,NPB,2017-04-27 18:00:00,1,,,0,
2017042801,2017-04-28 18:00:00,東京ヤクルトスワローズ,読売ジャイアンツ,0.0,7.0,UNKNOWN,明治神宮野球場,unknown,low,False,False,,,[],[],,,,,0,light,2017-04-28 18:00:00+00:00,,UNKNOWN,,,,UNKNOWN,UNKNOWN,,UNKNOWN,,,,,,,,,,,,,,,,,,,,,,,,,,,,,,,,False,False,UNKNOWN,False,False,,,,,,,,,,NPB,2017-04-28 18:00:00,1,,,0,
2017042802,2017-04-28 18:00:00,横浜DeNAベイスターズ,広島東洋カープ,9.0,3.0,UNKNOWN,横浜スタジアム,unknown,low,False,False,,,[],[],,,,,0,light,2017-04-28 18:00:00+00:00,,UNKNOWN,,,,UNKNOWN,UNKNOWN,,UNKNOWN,,,,,,,,,,,,,,,,,,,,,,,,,,,,,,,,False,False,UNKNOWN,False,False,,,,,,,,,,NPB,2017-04-28 18:00:00,1,,,0,
2017042803,2017-04-28 18:00:00,阪神タイガース,中日ドラゴンズ,6.0,0.0,UNKNOWN,阪神甲子園球場,unknown,low,False,False,,,[],[],,,,,0,light,2017-04-28 18:00:00+00:00,,UNKNOWN,,,,UNKNOWN,UNKNOWN,,UNKNOWN,,,,,,,,,,,,,,,,,,,,,,,,,,,,,,,,False,False,UNKNOWN,False,False,,,,,,,,,,NPB,2017-04-28 18:00:00,1,,,0,
2017042804,2017-04-28 18:00:00,埼玉西武ライオンズ,千葉ロッテマリーンズ,2.0,2.0,UNKNOWN,メットライフドーム,unknown,low,False,False,,,[],[],,,,,0,light,2017-04-28 18:00:00+00:00,,UNKNOWN,,,,UNKNOWN,UNKNOWN,,UNKNOWN,,,,,,,,,,,,,,,,,,,,,,,,,,,,,,,,False,False,UNKNOWN,False,False,,,,,,,,,,NPB,2017-04-28 18:00:00,1,,,0,
2017042805,2017-04-28 18:00:00,オリックス・バファローズ,福岡ソフトバンクホークス,1.0,3.0,UNKNOWN,京セラドーム大阪,unknown,low,False,False,,,[],[],,,,,0,light,2017-04-28 18:00:00+00:00,,UNKNOWN,,,,UNKNOWN,UNKNOWN,,UNKNOWN,,,,,,,,,,,,,,,,,,,,,,,,,,,,,,,,False,False,UNKNOWN,False,False,,,,,,,,,,NPB,2017-04-28 18:00:00,1,,,0,
2017042902,2017-04-29 14:00:00,横浜DeNAベイスターズ,広島東洋カープ,1.0,6.0,UNKNOWN,横浜スタジアム,unknown,low,False,False,,,[],[],,,,,0,light,2017-04-29 14:00:00+00:00,,UNKNOWN,,,,UNKNOWN,UNKNOWN,,UNKNOWN,,,,,,,,,,,,,,,,,,,,,,,,,,,,,,,,False,False,UNKNOWN,False,False,,,,,,,,,,NPB,2017-04-29 14:00:00,1,,,0,
2017042903,2017-04-29 14:00:00,阪神タイガース,中日ドラゴンズ,3.0,6.0,UNKNOWN,阪神甲子園球場,unknown,low,False,False,,,[],[],,,,,0,light,2017-04-29 14:00:00+00:00,,UNKNOWN,,,,UNKNOWN,UNKNOWN,,UNKNOWN,,,,,,,,,,,,,,,,,,,,,,,,,,,,,,,,False,False,UNKNOWN,False,False,,,,,,,,,,NPB,2017-04-29 14:00:00,1,,,0,
2017042904,2017-04-29 14:00:00,北海道日本ハムファイターズ,東北楽天ゴールデンイーグルス,3.0,2.0,UNKNOWN,札幌ドーム,unknown,low,False,False,,,[],[],,,,,0,light,2017-04-29 14:00:00+00:00,,UNKNOWN,,,,UNKNOWN,UNKNOWN,,UNKNOWN,,,,,,,,,,,,,,,,,,,,,,,,,,,,,,,,False,False,UNKNOWN,False,False,,,,,,,,,,NPB,2017-04-29 14:00:00,1,,,0,
2017042905,2017-04-29 14:00:00,埼玉西武ライオンズ,千葉ロッテマリーンズ,3.0,6.0,UNKNOWN,メットライフドーム,unknown,low,False,False,,,[],[],,,,,0,light,2017-04-29 14:00:00+00:00,,UNKNOWN,,,,UNKNOWN,UNKNOWN,,UNKNOWN,,,,,,,,,,,,,,,,,,,,,,,,,,,,,,,,False,False,UNKNOWN,False,False,,,,,,,,,,NPB,2017-04-29 14:00:00,1,,,0,
2017042901,2017-04-29 18:00:00,東京ヤクルトスワローズ,読売ジャイアンツ,2.0,1.0,UNKNOWN,明治神宮野球場,unknown,low,False,False,,,[],[],,,,,0,light,2017-04-29 18:00:00+00:00,,UNKNOWN,,,,UNKNOWN,UNKNOWN,,UNKNOWN,,,,,,,,,,,,,,,,,,,,,,,,,,,,,,,,False,False,UNKNOWN,False,False,,,,,,,,,,NPB,2017-04-29 18:00:00,1,,,0,
2017042906,2017-04-29 18:00:00,オリックス・バファローズ,福岡ソフトバンクホークス,6.0,4.0,UNKNOWN,京セラドーム大阪,unknown,low,False,False,,,[],[],,,,,0,light,2017-04-29 18:00:00+00:00,,UNKNOWN,,,,UNKNOWN,UNKNOWN,,UNKNOWN,,,,,,,,,,,,,,,,,,,,,,,,,,,,,,,,False,False,UNKNOWN,False,False,,,,,,,,,,NPB,2017-04-29 18:00:00,1,,,0,
2017043005,2017-04-30 13:00:00,埼玉西武ライオンズ,千葉ロッテマリーンズ,2.0,1.0,UNKNOWN,メットライフドーム,unknown,low,False,False,,,[],[],,,,,0,light,2017-04-30 13:00:00+00:00,,UNKNOWN,,,,UNKNOWN,UNKNOWN,,UNKNOWN,,,,,,,,,,,,,,,,,,,,,,,,,,,,,,,,False,False,UNKNOWN,False,False,,,,,,,,,,NPB,2017-04-30 13:00:00,1,,,0,
2017043002,2017-04-30 13:30:00,横浜DeNAベイスターズ,広島東洋カープ,10.0,9.0,UNKNOWN,横浜スタジアム,unknown,low,False,False,,,[],[],,,,,0,light,2017-04-30 13:30:00+00:00,,UNKNOWN,,,,UNKNOWN,UNKNOWN,,UNKNOWN,,,,,,,,,,,,,,,,,,,,,,,,,,,,,,,,False,False,UNKNOWN,False,False,,,,,,,,,,NPB,2017-04-30 13:30:00,1,,,0,
2017043003,2017-04-30 14:00:00,阪神タイガース,中日ドラゴンズ,3.0,2.0,UNKNOWN,阪神甲子園球場,unknown,low,False,False,,,[],[],,,,,0,light,2017-04-30 14:00:00+00:00,,UNKNOWN,,,,UNKNOWN,UNKNOWN,,UNKNOWN,,,,,,,,,,,,,,,,,,,,,,,,,,,,,,,,False,False,UNKNOWN,False,False,,,,,,,,,,NPB,2017-04-30 14:00:00,1,,,0,
2017043004,2017-04-30 14:00:00,北海道日本ハムファイターズ,東北楽天ゴールデンイーグルス,1.0,2.0,UNKNOWN,札幌ドーム,unknown,low,False,False,,,[],[],,,,,0,light,2017-04-30 14:00:00+00:00,,UNKNOWN,,,,UNKNOWN,UNKNOWN,,UNKNOWN,,,,,,,,,,,,,,,,,,,,,,,,,,,,,,,,False,False,UNKNOWN,False,False,,,,,,,,,,NPB,2017-04-30 14:00:00,1,,,0,
2017043006,2017-04-30 14:00:00,オリックス・バファローズ,福岡ソフトバンクホークス,1.0,2.0,UNKNOWN,京セラドーム大阪,unknown,low,False,False,,,[],[],,,,,0,light,2017-04-30 14:00:00+00:00,,UNKNOWN,,,,UNKNOWN,UNKNOWN,,UNKNOWN,,,,,,,,,,,,,,,,,,,,,,,,,,,,,,,,False,False,UNKNOWN,False,False,,,,,,,,,,NPB,2017-04-30 14:00:00,1,,,0,
2017043001,2017-04-30 18:00:00,東京ヤクルトスワローズ,読売ジャイアンツ,3.0,2.0,UNKNOWN,明治神宮野球場,unknown,low,False,False,,,[],[],,,,,0,light,2017-04-30 18:00:00+00:00,,UNKNOWN,,,,UNKNOWN,UNKNOWN,,UNKNOWN,,,,,,,,,,,,,,,,,,,,,,,,,,,,,,,,False,False,UNKNOWN,False,False,,,,,,,,,,NPB,2017-04-30 18:00:00,1,,,0,
2017050201,2017-05-02 18:00:00,読売ジャイアンツ,横浜DeNAベイスターズ,5.0,0.0,UNKNOWN,東京ドーム,unknown,low,False,False,,,[],[],,,,,0,light,2017-05-02 18:00:00+00:00,,UNKNOWN,,,,UNKNOWN,UNKNOWN,,UNKNOWN,,,,,,,,,,,,,,,,,,,,,,,,,,,,,,,,False,False,UNKNOWN,False,False,2017-05-02 09:00:00+00:00,,UNKNOWN,Open-Meteo Historical Forecast,FAIL_CLOSED_NO_ISSUANCE_TIMESTAMP,17.4,48.0,0.0,10.4,NPB,2017-05-02 18:00:00,1,,,0,
2017050201,2017-05-02 18:00:00,読売ジャイアンツ,横浜DeNAベイスターズ,5.0,0.0,UNKNOWN,東京ドーム,unknown,low,False,False,,,[],[],,,,,0,light,2017-05-02 18:00:00+00:00,,UNKNOWN,,,,UNKNOWN,UNKNOWN,,UNKNOWN,,,,,,,,,,,,,,,,,,,,,,,,,,,,,,,,False,False,UNKNOWN,False,False,2017-05-02 09:00:00+00:00,,UNKNOWN,Open-Meteo Historical Forecast,FAIL_CLOSED_NO_ISSUANCE_TIMESTAMP,17.4,48.0,0.0,10.4,NPB,2017-05-02 18:00:00,1,,,0,
2017050202,2017-05-02 18:00:00,東京ヤクルトスワローズ,阪神タイガース,4.0,1.0,UNKNOWN,明治神宮野球場,unknown,low,False,False,,,[],[],,,,,0,light,2017-05-02 18:00:00+00:00,,UNKNOWN,,,,UNKNOWN,UNKNOWN,,UNKNOWN,,,,,,,,,,,,,,,,,,,,,,,,,,,,,,,,False,False,UNKNOWN,False,False,,,,,,,,,,NPB,2017-05-02 18:00:00,1,,,0,
2017050203,2017-05-02 18:00:00,広島東洋カープ,中日ドラゴンズ,5.0,2.0,UNKNOWN,ＭＡＺＤＡ　Ｚｏｏｍ－Ｚｏｏｍ　スタジアム広島,unknown,low,False,False,,,[],[],,,,,0,light,2017-05-02 18:00:00+00:00,,UNKNOWN,,,,UNKNOWN,UNKNOWN,,UNKNOWN,,,,,,,,,,,,,,,,,,,,,,,,,,,,,,,,False,False,UNKNOWN,False,False,,,,,,,,,,NPB,2017-05-02 18:00:00,1,,,0,
2017050204,2017-05-02 18:00:00,北海道日本ハムファイターズ,千葉ロッテマリーンズ,11.0,0.0,UNKNOWN,札幌ドーム,unknown,low,False,False,,,[],[],,,,,0,light,2017-05-02 18:00:00+00:00,,UNKNOWN,,,,UNKNOWN,UNKNOWN,,UNKNOWN,,,,,,,,,,,,,,,,,,,,,,,,,,,,,,,,False,False,UNKNOWN,False,False,,,,,,,,,,NPB,2017-05-02 18:00:00,1,,,0,
2017050205,2017-05-02 18:00:00,東北楽天ゴールデンイーグルス,オリックス・バファローズ,1.0,4.0,UNKNOWN,Koboパーク宮城,unknown,low,False,False,,,[],[],,,,,0,light,2017-05-02 18:00:00+00:00,,UNKNOWN,,,,UNKNOWN,UNKNOWN,,UNKNOWN,,,,,,,,,,,,,,,,,,,,,,,,,,,,,,,,False,False,UNKNOWN,False,False,,,,,,,,,,NPB,2017-05-02 18:00:00,1,,,0,
2017050206,2017-05-02 18:00:00,福岡ソフトバンクホークス,埼玉西武ライオンズ,14.0,4.0,UNKNOWN,福岡 ヤフオク!ドーム,unknown,low,False,False,,,[],[],,,,,0,light,2017-05-02 18:00:00+00:00,,UNKNOWN,,,,UNKNOWN,UNKNOWN,,UNKNOWN,,,,,,,,,,,,,,,,,,,,,,,,,,,,,,,,False,False,UNKNOWN,False,False,,,,,,,,,,NPB,2017-05-02 18:00:00,1,,,0,
2017050306,2017-05-03 13:00:00,福岡ソフトバンクホークス,埼玉西武ライオンズ,6.0,2.0,UNKNOWN,福岡 ヤフオク!ドーム,unknown,low,False,False,,,[],[],,,,,0,light,2017-05-03 13:00:00+00:00,,UNKNOWN,,,,UNKNOWN,UNKNOWN,,UNKNOWN,,,,,,,,,,,,,,,,,,,,,,,,,,,,,,,,False,False,UNKNOWN,False,False,,,,,,,,,,NPB,2017-05-03 13:00:00,1,,,0,
2017050303,2017-05-03 13:30:00,広島東洋カープ,中日ドラゴンズ,7.0,4.0,UNKNOWN,ＭＡＺＤＡ　Ｚｏｏｍ－Ｚｏｏｍ　スタジアム広島,unknown,low,False,False,,,[],[],,,,,0,light,2017-05-03 13:30:00+00:00,,UNKNOWN,,,,UNKNOWN,UNKNOWN,,UNKNOWN,,,,,,,,,,,,,,,,,,,,,,,,,,,,,,,,False,False,UNKNOWN,False,False,,,,,,,,,,NPB,2017-05-03 13:30:00,1,,,0,
2017050302,2017-05-03 14:00:00,東京ヤクルトスワローズ,阪神タイガース,4.0,8.0,UNKNOWN,明治神宮野球場,unknown,low,False,False,,,[],[],,,,,0,light,2017-05-03 14:00:00+00:00,,UNKNOWN,,,,UNKNOWN,UNKNOWN,,UNKNOWN,,,,,,,,,,,,,,,,,,,,,,,,,,,,,,,,False,False,UNKNOWN,False,False,,,,,,,,,,NPB,2017-05-03 14:00:00,1,,,0,
2017050304,2017-05-03 14:00:00,北海道日本ハムファイターズ,千葉ロッテマリーンズ,2.0,1.0,UNKNOWN,札幌ドーム,unknown,low,False,False,,,[],[],,,,,0,light,2017-05-03 14:00:00+00:00,,UNKNOWN,,,,UNKNOWN,UNKNOWN,,UNKNOWN,,,,,,,,,,,,,,,,,,,,,,,,,,,,,,,,False,False,UNKNOWN,False,False,,,,,,,,,,NPB,2017-05-03 14:00:00,1,,,0,
2017050305,2017-05-03 14:00:00,東北楽天ゴールデンイーグルス,オリックス・バファローズ,4.0,2.0,UNKNOWN,Koboパーク宮城,unknown,low,False,False,,,[],[],,,,,0,light,2017-05-03 14:00:00+00:00,,UNKNOWN,,,,UNKNOWN,UNKNOWN,,UNKNOWN,,,,,,,,,,,,,,,,,,,,,,,,,,,,,,,,False,False,UNKNOWN,False,False,,,,,,,,,,NPB,2017-05-03 14:00:00,1,,,0,
2017050301,2017-05-03 18:00:00,読売ジャイアンツ,横浜DeNAベイスターズ,4.0,1.0,UNKNOWN,東京ドーム,unknown,low,False,False,,,[],[],,,,,0,light,2017-05-03 18:00:00+00:00,,UNKNOWN,,,,UNKNOWN,UNKNOWN,,UNKNOWN,,,,,,,,,,,,,,,,,,,,,,,,,,,,,,,,False,False,UNKNOWN,False,False,2017-05-03 09:00:00+00:00,,UNKNOWN,Open-Meteo Historical Forecast,FAIL_CLOSED_NO_ISSUANCE_TIMESTAMP,17.0,53.0,0.0,11.9,NPB,2017-05-03 18:00:00,1,,,0,
2017050301,2017-05-03 18:00:00,読売ジャイアンツ,横浜DeNAベイスターズ,4.0,1.0,UNKNOWN,東京ドーム,unknown,low,False,False,,,[],[],,,,,0,light,2017-05-03 18:00:00+00:00,,UNKNOWN,,,,UNKNOWN,UNKNOWN,,UNKNOWN,,,,,,,,,,,,,,,,,,,,,,,,,,,,,,,,False,False,UNKNOWN,False,False,2017-05-03 09:00:00+00:00,,UNKNOWN,Open-Meteo Historical Forecast,FAIL_CLOSED_NO_ISSUANCE_TIMESTAMP,17.0,53.0,0.0,11.9,NPB,2017-05-03 18:00:00,1,,,0,
2017050402,2017-05-04 13:00:00,東京ヤクルトスワローズ,阪神タイガース,1.0,7.0,UNKNOWN,明治神宮野球場,unknown,low,False,False,,,[],[],,,,,0,light,2017-05-04 13:00:00+00:00,,UNKNOWN,,,,UNKNOWN,UNKNOWN,,UNKNOWN,,,,,,,,,,,,,,,,,,,,,,,,,,,,,,,,False,False,UNKNOWN,False,False,,,,,,,,,,NPB,2017-05-04 13:00:00,1,,,0,
2017050405,2017-05-04 13:00:00,東北楽天ゴールデンイーグルス,オリックス・バファローズ,2.0,1.0,UNKNOWN,Koboパーク宮城,unknown,low,False,False,,,[],[],,,,,0,light,2017-05-04 13:00:00+00:00,,UNKNOWN,,,,UNKNOWN,UNKNOWN,,UNKNOWN,,,,,,,,,,,,,,,,,,,,,,,,,,,,,,,,False,False,UNKNOWN,False,False,,,,,,,,,,NPB,2017-05-04 13:00:00,1,,,0,
2017050406,2017-05-04 13:00:00,福岡ソフトバンクホークス,埼玉西武ライオンズ,9.0,6.0,UNKNOWN,福岡 ヤフオク!ドーム,unknown,low,False,False,,,[],[],,,,,0,light,2017-05-04 13:00:00+00:00,,UNKNOWN,,,,UNKNOWN,UNKNOWN,,UNKNOWN,,,,,,,,,,,,,,,,,,,,,,,,,,,,,,,,False,False,UNKNOWN,False,False,,,,,,,,,,NPB,2017-05-04 13:00:00,1,,,0,
2017050403,2017-05-04 13:30:00,広島東洋カープ,中日ドラゴンズ,8.0,7.0,UNKNOWN,ＭＡＺＤＡ　Ｚｏｏｍ－Ｚｏｏｍ　スタジアム広島,unknown,low,False,False,,,[],[],,,,,0,light,2017-05-04 13:30:00+00:00,,UNKNOWN,,,,UNKNOWN,UNKNOWN,,UNKNOWN,,,,,,,,,,,,,,,,,,,,,,,,,,,,,,,,False,False,UNKNOWN,False,False,,,,,,,,,,NPB,2017-05-04 13:30:00,1,,,0,
2017050401,2017-05-04 14:00:00,読売ジャイアンツ,横浜DeNAベイスターズ,2.0,5.0,UNKNOWN,東京ドーム,unknown,low,False,False,,,[],[],,,,,0,light,2017-05-04 14:00:00+00:00,,UNKNOWN,,,,UNKNOWN,UNKNOWN,,UNKNOWN,,,,,,,,,,,,,,,,,,,,,,,,,,,,,,,,False,False,UNKNOWN,False,False,2017-05-04 05:00:00+00:00,,UNKNOWN,Open-Meteo Historical Forecast,FAIL_CLOSED_NO_ISSUANCE_TIMESTAMP,19.3,47.0,0.0,11.2,NPB,2017-05-04 14:00:00,1,,,0,
2017050401,2017-05-04 14:00:00,読売ジャイアンツ,横浜DeNAベイスターズ,2.0,5.0,UNKNOWN,東京ドーム,unknown,low,False,False,,,[],[],,,,,0,light,2017-05-04 14:00:00+00:00,,UNKNOWN,,,,UNKNOWN,UNKNOWN,,UNKNOWN,,,,,,,,,,,,,,,,,,,,,,,,,,,,,,,,False,False,UNKNOWN,False,False,2017-05-04 05:00:00+00:00,,UNKNOWN,Open-Meteo Historical Forecast,FAIL_CLOSED_NO_ISSUANCE_TIMESTAMP,19.3,47.0,0.0,11.2,NPB,2017-05-04 14:00:00,1,,,0,
2017050404,2017-05-04 14:00:00,北海道日本ハムファイターズ,千葉ロッテマリーンズ,6.0,4.0,UNKNOWN,札幌ドーム,unknown,low,False,False,,,[],[],,,,,0,light,2017-05-04 14:00:00+00:00,,UNKNOWN,,,,UNKNOWN,UNKNOWN,,UNKNOWN,,,,,,,,,,,,,,,,,,,,,,,,,,,,,,,,False,False,UNKNOWN,False,False,,,,,,,,,,NPB,2017-05-04 14:00:00,1,,,0,
2017050505,2017-05-05 13:00:00,千葉ロッテマリーンズ,福岡ソフトバンクホークス,2.0,3.0,UNKNOWN,ＺＯＺＯマリンスタジアム,unknown,low,False,False,,,[],[],,,,,0,light,2017-05-05 13:00:00+00:00,,UNKNOWN,,,,UNKNOWN,UNKNOWN,,UNKNOWN,,,,,,,,,,,,,,,,,,,,,,,,,,,,,,,,False,False,UNKNOWN,False,False,,,,,,,,,,NPB,2017-05-05 13:00:00,1,,,0,
2017050502,2017-05-05 14:00:00,中日ドラゴンズ,読売ジャイアンツ,2.0,3.0,UNKNOWN,ナゴヤドーム,unknown,low,False,False,,,[],[],,,,,0,light,2017-05-05 14:00:00+00:00,,UNKNOWN,,,,UNKNOWN,UNKNOWN,,UNKNOWN,,,,,,,,,,,,,,,,,,,,,,,,,,,,,,,,False,False,UNKNOWN,False,False,,,,,,,,,,NPB,2017-05-05 14:00:00,1,,,0,
2017050503,2017-05-05 14:00:00,阪神タイガース,広島東洋カープ,8.0,5.0,UNKNOWN,阪神甲子園球場,unknown,low,False,False,,,[],[],,,,,0,light,2017-05-05 14:00:00+00:00,,UNKNOWN,,,,UNKNOWN,UNKNOWN,,UNKNOWN,,,,,,,,,,,,,,,,,,,,,,,,,,,,,,,,False,False,UNKNOWN,False,False,,,,,,,,,,NPB,2017-05-05 14:00:00,1,,,0,
2017050504,2017-05-05 14:00:00,埼玉西武ライオンズ,東北楽天ゴールデンイーグルス,7.0,1.0,UNKNOWN,メットライフドーム,unknown,low,False,False,,,[],[],,,,,0,light,2017-05-05 14:00:00+00:00,,UNKNOWN,,,,UNKNOWN,UNKNOWN,,UNKNOWN,,,,,,,,,,,,,,,,,,,,,,,,,,,,,,,,False,False,UNKNOWN,False,False,,,,,,,,,,NPB,2017-05-05 14:00:00,1,,,0,
2017050501,2017-05-05 18:00:00,横浜DeNAベイスターズ,東京ヤクルトスワローズ,6.0,1.0,UNKNOWN,横浜スタジアム,unknown,low,False,False,,,[],[],,,,,0,light,2017-05-05 18:00:00+00:00,,UNKNOWN,,,,UNKNOWN,UNKNOWN,,UNKNOWN,,,,,,,,,,,,,,,,,,,,,,,,,,,,,,,,False,False,UNKNOWN,False,False,,,,,,,,,,NPB,2017-05-05 18:00:00,1,,,0,
2017050506,2017-05-05 18:00:00,オリックス・バファローズ,北海道日本ハムファイターズ,2.0,6.0,UNKNOWN,京セラドーム大阪,unknown,low,False,False,,,[],[],,,,,0,light,2017-05-05 18:00:00+00:00,,UNKNOWN,,,,UNKNOWN,UNKNOWN,,UNKNOWN,,,,,,,,,,,,,,,,,,,,,,,,,,,,,,,,False,False,UNKNOWN,False,False,,,,,,,,,,NPB,2017-05-05 18:00:00,1,,,0,
2017050604,2017-05-06 13:00:00,埼玉西武ライオンズ,東北楽天ゴールデンイーグルス,2.0,10.0,UNKNOWN,メットライフドーム,unknown,low,False,False,,,[],[],,,,,0,light,2017-05-06 13:00:00+00:00,,UNKNOWN,,,,UNKNOWN,UNKNOWN,,UNKNOWN,,,,,,,,,,,,,,,,,,,,,,,,,,,,,,,,False,False,UNKNOWN,False,False,,,,,,,,,,NPB,2017-05-06 13:00:00,1,,,0,
2017050605,2017-05-06 13:00:00,千葉ロッテマリーンズ,福岡ソフトバンクホークス,4.0,1.0,UNKNOWN,ＺＯＺＯマリンスタジアム,unknown,low,False,False,,,[],[],,,,,0,light,2017-05-06 13:00:00+00:00,,UNKNOWN,,,,UNKNOWN,UNKNOWN,,UNKNOWN,,,,,,,,,,,,,,,,,,,,,,,,,,,,,,,,False,False,UNKNOWN,False,False,,,,,,,,,,NPB,2017-05-06 13:00:00,1,,,0,
2017050606,2017-05-06 13:00:00,オリックス・バファローズ,北海道日本ハムファイターズ,2.0,5.0,UNKNOWN,京セラドーム大阪,unknown,low,False,False,,,[],[],,,,,0,light,2017-05-06 13:00:00+00:00,,UNKNOWN,,,,UNKNOWN,UNKNOWN,,UNKNOWN,,,,,,,,,,,,,,,,,,,,,,,,,,,,,,,,False,False,UNKNOWN,False,False,,,,,,,,,,NPB,2017-05-06 13:00:00,1,,,0,
2017050601,2017-05-06 14:00:00,横浜DeNAベイスターズ,東京ヤクルトスワローズ,6.0,5.0,UNKNOWN,横浜スタジアム,unknown,low,False,False,,,[],[],,,,,0,light,2017-05-06 14:00:00+00:00,,UNKNOWN,,,,UNKNOWN,UNKNOWN,,UNKNOWN,,,,,,,,,,,,,,,,,,,,,,,,,,,,,,,,False,False,UNKNOWN,False,False,,,,,,,,,,NPB,2017-05-06 14:00:00,1,,,0,
2017050602,2017-05-06 14:00:00,中日ドラゴンズ,読売ジャイアンツ,1.0,6.0,UNKNOWN,ナゴヤドーム,unknown,low,False,False,,,[],[],,,,,0,light,2017-05-06 14:00:00+00:00,,UNKNOWN,,,,UNKNOWN,UNKNOWN,,UNKNOWN,,,,,,,,,,,,,,,,,,,,,,,,,,,,,,,,False,False,UNKNOWN,False,False,,,,,,,,,,NPB,2017-05-06 14:00:00,1,,,0,
2017050603,2017-05-06 14:00:00,阪神タイガース,広島東洋カープ,12.0,9.0,UNKNOWN,阪神甲子園球場,unknown,low,False,False,,,[],[],,,,,0,light,2017-05-06 14:00:00+00:00,,UNKNOWN,,,,UNKNOWN,UNKNOWN,,UNKNOWN,,,,,,,,,,,,,,,,,,,,,,,,,,,,,,,,False,False,UNKNOWN,False,False,,,,,,,,,,NPB,2017-05-06 14:00:00,1,,,0,
2017050701,2017-05-07 13:00:00,横浜DeNAベイスターズ,東京ヤクルトスワローズ,5.0,12.0,UNKNOWN,横浜スタジアム,unknown,low,False,False,,,[],[],,,,,0,light,2017-05-07 13:00:00+00:00,,UNKNOWN,,,,UNKNOWN,UNKNOWN,,UNKNOWN,,,,,,,,,,,,,,,,,,,,,,,,,,,,,,,,False,False,UNKNOWN,False,False,,,,,,,,,,NPB,2017-05-07 13:00:00,1,,,0,
2017050704,2017-05-07 13:00:00,埼玉西武ライオンズ,東北楽天ゴールデンイーグルス,2.0,3.0,UNKNOWN,メットライフドーム,unknown,low,False,False,,,[],[],,,,,0,light,2017-05-07 13:00:00+00:00,,UNKNOWN,,,,UNKNOWN,UNKNOWN,,UNKNOWN,,,,,,,,,,,,,,,,,,,,,,,,,,,,,,,,False,False,UNKNOWN,False,False,,,,,,,,,,NPB,2017-05-07 13:00:00,1,,,0,
2017050705,2017-05-07 13:00:00,千葉ロッテマリーンズ,福岡ソフトバンクホークス,2.0,8.0,UNKNOWN,ＺＯＺＯマリンスタジアム,unknown,low,False,False,,,[],[],,,,,0,light,2017-05-07 13:00:00+00:00,,UNKNOWN,,,,UNKNOWN,UNKNOWN,,UNKNOWN,,,,,,,,,,,,,,,,,,,,,,,,,,,,,,,,False,False,UNKNOWN,False,False,,,,,,,,,,NPB,2017-05-07 13:00:00,1,,,0,
2017050706,2017-05-07 13:00:00,オリックス・バファローズ,北海道日本ハムファイターズ,4.0,3.0,UNKNOWN,京セラドーム大阪,unknown,low,False,False,,,[],[],,,,,0,light,2017-05-07 13:00:00+00:00,,UNKNOWN,,,,UNKNOWN,UNKNOWN,,UNKNOWN,,,,,,,,,,,,,,,,,,,,,,,,,,,,,,,,False,False,UNKNOWN,False,False,,,,,,,,,,NPB,2017-05-07 13:00:00,1,,,0,
2017050702,2017-05-07 14:00:00,中日ドラゴンズ,読売ジャイアンツ,8.0,1.0,UNKNOWN,ナゴヤドーム,unknown,low,False,False,,,[],[],,,,,0,light,2017-05-07 14:00:00+00:00,,UNKNOWN,,,,UNKNOWN,UNKNOWN,,UNKNOWN,,,,,,,,,,,,,,,,,,,,,,,,,,,,,,,,False,False,UNKNOWN,False,False,,,,,,,,,,NPB,2017-05-07 14:00:00,1,,,0,
2017050703,2017-05-07 14:00:00,阪神タイガース,広島東洋カープ,6.0,0.0,UNKNOWN,阪神甲子園球場,unknown,low,False,False,,,[],[],,,,,0,light,2017-05-07 14:00:00+00:00,,UNKNOWN,,,,UNKNOWN,UNKNOWN,,UNKNOWN,,,,,,,,,,,,,,,,,,,,,,,,,,,,,,,,False,False,UNKNOWN,False,False,,,,,,,,,,NPB,2017-05-07 14:00:00,1,,,0,
2017050905,2017-05-09 13:00:00,東北楽天ゴールデンイーグルス,千葉ロッテマリーンズ,4.0,6.0,UNKNOWN,Koboパーク宮城,unknown,low,False,False,,,[],[],,,,,0,light,2017-05-09 13:00:00+00:00,,UNKNOWN,,,,UNKNOWN,UNKNOWN,,UNKNOWN,,,,,,,,,,,,,,,,,,,,,,,,,,,,,,,,False,False,UNKNOWN,False,False,,,,,,,,,,NPB,2017-05-09 13:00:00,1,,,0,
2017050901,2017-05-09 18:00:00,読売ジャイアンツ,阪神タイガース,2.0,4.0,UNKNOWN,東京ドーム,unknown,low,False,False,,,[],[],,,,,0,light,2017-05-09 18:00:00+00:00,,UNKNOWN,,,,UNKNOWN,UNKNOWN,,UNKNOWN,,,,,,,,,,,,,,,,,,,,,,,,,,,,,,,,False,False,UNKNOWN,False,False,2017-05-09 09:00:00+00:00,,UNKNOWN,Open-Meteo Historical Forecast,FAIL_CLOSED_NO_ISSUANCE_TIMESTAMP,18.5,60.0,0.0,6.2,NPB,2017-05-09 18:00:00,1,,,0,
2017050901,2017-05-09 18:00:00,読売ジャイアンツ,阪神タイガース,2.0,4.0,UNKNOWN,東京ドーム,unknown,low,False,False,,,[],[],,,,,0,light,2017-05-09 18:00:00+00:00,,UNKNOWN,,,,UNKNOWN,UNKNOWN,,UNKNOWN,,,,,,,,,,,,,,,,,,,,,,,,,,,,,,,,False,False,UNKNOWN,False,False,2017-05-09 09:00:00+00:00,,UNKNOWN,Open-Meteo Historical Forecast,FAIL_CLOSED_NO_ISSUANCE_TIMESTAMP,18.5,60.0,0.0,6.2,NPB,2017-05-09 18:00:00,1,,,0,
2017050902,2017-05-09 18:00:00,東京ヤクルトスワローズ,広島東洋カープ,3.0,2.0,UNKNOWN,明治神宮野球場,unknown,low,False,False,,,[],[],,,,,0,light,2017-05-09 18:00:00+00:00,,UNKNOWN,,,,UNKNOWN,UNKNOWN,,UNKNOWN,,,,,,,,,,,,,,,,,,,,,,,,,,,,,,,,False,False,UNKNOWN,False,False,,,,,,,,,,NPB,2017-05-09 18:00:00,1,,,0,
2017050903,2017-05-09 18:00:00,中日ドラゴンズ,横浜DeNAベイスターズ,8.0,3.0,UNKNOWN,長良川球場,unknown,low,False,False,,,[],[],,,,,0,light,2017-05-09 18:00:00+00:00,,UNKNOWN,,,,UNKNOWN,UNKNOWN,,UNKNOWN,,,,,,,,,,,,,,,,,,,,,,,,,,,,,,,,False,False,UNKNOWN,False,False,,,,,,,,,,NPB,2017-05-09 18:00:00,1,,,0,
2017050904,2017-05-09 18:00:00,北海道日本ハムファイターズ,埼玉西武ライオンズ,2.0,7.0,UNKNOWN,札幌ドーム,unknown,low,False,False,,,[],[],,,,,0,light,2017-05-09 18:00:00+00:00,,UNKNOWN,,,,UNKNOWN,UNKNOWN,,UNKNOWN,,,,,,,,,,,,,,,,,,,,,,,,,,,,,,,,False,False,UNKNOWN,False,False,,,,,,,,,,NPB,2017-05-09 18:00:00,1,,,0,
2017050906,2017-05-09 18:00:00,福岡ソフトバンクホークス,オリックス・バファローズ,2.0,1.0,UNKNOWN,福岡 ヤフオク!ドーム,unknown,low,False,False,,,[],[],,,,,0,light,2017-05-09 18:00:00+00:00,,UNKNOWN,,,,UNKNOWN,UNKNOWN,,UNKNOWN,,,,,,,,,,,,,,,,,,,,,,,,,,,,,,,,False,False,UNKNOWN,False,False,,,,,,,,,,NPB,2017-05-09 18:00:00,1,,,0,
2017051001,2017-05-10 18:00:00,読売ジャイアンツ,阪神タイガース,9.0,7.0,UNKNOWN,東京ドーム,unknown,low,False,False,,,[],[],,,,,0,light,2017-05-10 18:00:00+00:00,,UNKNOWN,,,,UNKNOWN,UNKNOWN,,UNKNOWN,,,,,,,,,,,,,,,,,,,,,,,,,,,,,,,,False,False,UNKNOWN,False,False,2017-05-10 09:00:00+00:00,,UNKNOWN,Open-Meteo Historical Forecast,FAIL_CLOSED_NO_ISSUANCE_TIMESTAMP,16.6,82.0,0.0,2.5,NPB,2017-05-10 18:00:00,1,,,0,
2017051001,2017-05-10 18:00:00,読売ジャイアンツ,阪神タイガース,9.0,7.0,UNKNOWN,東京ドーム,unknown,low,False,False,,,[],[],,,,,0,light,2017-05-10 18:00:00+00:00,,UNKNOWN,,,,UNKNOWN,UNKNOWN,,UNKNOWN,,,,,,,,,,,,,,,,,,,,,,,,,,,,,,,,False,False,UNKNOWN,False,False,2017-05-10 09:00:00+00:00,,UNKNOWN,Open-Meteo Historical Forecast,FAIL_CLOSED_NO_ISSUANCE_TIMESTAMP,16.6,82.0,0.0,2.5,NPB,2017-05-10 18:00:00,1,,,0,
2017051002,2017-05-10 18:00:00,東京ヤクルトスワローズ,広島東洋カープ,7.0,8.0,UNKNOWN,明治神宮野球場,unknown,low,False,False,,,[],[],,,,,0,light,2017-05-10 18:00:00+00:00,,UNKNOWN,,,,UNKNOWN,UNKNOWN,,UNKNOWN,,,,,,,,,,,,,,,,,,,,,,,,,,,,,,,,False,False,UNKNOWN,False,False,,,,,,,,,,NPB,2017-05-10 18:00:00,1,,,0,
2017051003,2017-05-10 18:00:00,中日ドラゴンズ,横浜DeNAベイスターズ,1.0,3.0,UNKNOWN,ナゴヤドーム,unknown,low,False,False,,,[],[],,,,,0,light,2017-05-10 18:00:00+00:00,,UNKNOWN,,,,UNKNOWN,UNKNOWN,,UNKNOWN,,,,,,,,,,,,,,,,,,,,,,,,,,,,,,,,False,False,UNKNOWN,False,False,,,,,,,,,,NPB,2017-05-10 18:00:00,1,,,0,
2017051004,2017-05-10 18:00:00,北海道日本ハムファイターズ,埼玉西武ライオンズ,2.0,1.0,UNKNOWN,札幌ドーム,unknown,low,False,False,,,[],[],,,,,0,light,2017-05-10 18:00:00+00:00,,UNKNOWN,,,,UNKNOWN,UNKNOWN,,UNKNOWN,,,,,,,,,,,,,,,,,,,,,,,,,,,,,,,,False,False,UNKNOWN,False,False,,,,,,,,,,NPB,2017-05-10 18:00:00,1,,,0,
2017051005,2017-05-10 18:00:00,東北楽天ゴールデンイーグルス,千葉ロッテマリーンズ,5.0,0.0,UNKNOWN,Koboパーク宮城,unknown,low,False,False,,,[],[],,,,,0,light,2017-05-10 18:00:00+00:00,,UNKNOWN,,,,UNKNOWN,UNKNOWN,,UNKNOWN,,,,,,,,,,,,,,,,,,,,,,,,,,,,,,,,False,False,UNKNOWN,False,False,,,,,,,,,,NPB,2017-05-10 18:00:00,1,,,0,
2017051006,2017-05-10 18:00:00,福岡ソフトバンクホークス,オリックス・バファローズ,3.0,2.0,UNKNOWN,福岡 ヤフオク!ドーム,unknown,low,False,False,,,[],[],,,,,0,light,2017-05-10 18:00:00+00:00,,UNKNOWN,,,,UNKNOWN,UNKNOWN,,UNKNOWN,,,,,,,,,,,,,,,,,,,,,,,,,,,,,,,,False,False,UNKNOWN,False,False,,,,,,,,,,NPB,2017-05-10 18:00:00,1,,,0,
2017051101,2017-05-11 18:00:00,東京ヤクルトスワローズ,広島東洋カープ,12.0,3.0,UNKNOWN,明治神宮野球場,unknown,low,False,False,,,[],[],,,,,0,light,2017-05-11 18:00:00+00:00,,UNKNOWN,,,,UNKNOWN,UNKNOWN,,UNKNOWN,,,,,,,,,,,,,,,,,,,,,,,,,,,,,,,,False,False,UNKNOWN,False,False,,,,,,,,,,NPB,2017-05-11 18:00:00,1,,,0,
2017051102,2017-05-11 18:00:00,中日ドラゴンズ,横浜DeNAベイスターズ,3.0,4.0,UNKNOWN,ナゴヤドーム,unknown,low,False,False,,,[],[],,,,,0,light,2017-05-11 18:00:00+00:00,,UNKNOWN,,,,UNKNOWN,UNKNOWN,,UNKNOWN,,,,,,,,,,,,,,,,,,,,,,,,,,,,,,,,False,False,UNKNOWN,False,False,,,,,,,,,,NPB,2017-05-11 18:00:00,1,,,0,
2017051103,2017-05-11 18:00:00,東北楽天ゴールデンイーグルス,千葉ロッテマリーンズ,4.0,1.0,UNKNOWN,Koboパーク宮城,unknown,low,False,False,,,[],[],,,,,0,light,2017-05-11 18:00:00+00:00,,UNKNOWN,,,,UNKNOWN,UNKNOWN,,UNKNOWN,,,,,,,,,,,,,,,,,,,,,,,,,,,,,,,,False,False,UNKNOWN,False,False,,,,,,,,,,NPB,2017-05-11 18:00:00,1,,,0,
2017051104,2017-05-11 18:00:00,福岡ソフトバンクホークス,オリックス・バファローズ,7.0,0.0,UNKNOWN,福岡 ヤフオク!ドーム,unknown,low,False,False,,,[],[],,,,,0,light,2017-05-11 18:00:00+00:00,,UNKNOWN,,,,UNKNOWN,UNKNOWN,,UNKNOWN,,,,,,,,,,,,,,,,,,,,,,,,,,,,,,,,False,False,UNKNOWN,False,False,,,,,,,,,,NPB,2017-05-11 18:00:00,1,,,0,
2017051201,2017-05-12 18:00:00,横浜DeNAベイスターズ,阪神タイガース,1.0,4.0,UNKNOWN,横浜スタジアム,unknown,low,False,False,,,[],[],,,,,0,light,2017-05-12 18:00:00+00:00,,UNKNOWN,,,,UNKNOWN,UNKNOWN,,UNKNOWN,,,,,,,,,,,,,,,,,,,,,,,,,,,,,,,,False,False,UNKNOWN,False,False,,,,,,,,,,NPB,2017-05-12 18:00:00,1,,,0,
2017051203,2017-05-12 18:00:00,北海道日本ハムファイターズ,千葉ロッテマリーンズ,15.0,1.0,UNKNOWN,東京ドーム,unknown,low,False,False,,,[],[],,,,,0,light,2017-05-12 18:00:00+00:00,,UNKNOWN,,,,UNKNOWN,UNKNOWN,,UNKNOWN,,,,,,,,,,,,,,,,,,,,,,,,,,,,,,,,False,False,UNKNOWN,False,False,2017-05-12 09:00:00+00:00,,UNKNOWN,Open-Meteo Historical Forecast,FAIL_CLOSED_NO_ISSUANCE_TIMESTAMP,21.1,72.0,0.0,9.3,NPB,2017-05-12 18:00:00,1,,,0,
2017051203,2017-05-12 18:00:00,北海道日本ハムファイターズ,千葉ロッテマリーンズ,15.0,1.0,UNKNOWN,東京ドーム,unknown,low,False,False,,,[],[],,,,,0,light,2017-05-12 18:00:00+00:00,,UNKNOWN,,,,UNKNOWN,UNKNOWN,,UNKNOWN,,,,,,,,,,,,,,,,,,,,,,,,,,,,,,,,False,False,UNKNOWN,False,False,2017-05-12 09:00:00+00:00,,UNKNOWN,Open-Meteo Historical Forecast,FAIL_CLOSED_NO_ISSUANCE_TIMESTAMP,21.1,72.0,0.0,9.3,NPB,2017-05-12 18:00:00,1,,,0,
2017051204,2017-05-12 18:00:00,オリックス・バファローズ,埼玉西武ライオンズ,0.0,11.0,UNKNOWN,ほっともっとフィールド神戸,unknown,low,False,False,,,[],[],,,,,0,light,2017-05-12 18:00:00+00:00,,UNKNOWN,,,,UNKNOWN,UNKNOWN,,UNKNOWN,,,,,,,,,,,,,,,,,,,,,,,,,,,,,,,,False,False,UNKNOWN,False,False,,,,,,,,,,NPB,2017-05-12 18:00:00,1,,,0,
2017051301,2017-05-13 13:00:00,東京ヤクルトスワローズ,中日ドラゴンズ,3.0,4.0,UNKNOWN,松山中央公園野球場,unknown,low,False,False,,,[],[],,,,,0,light,2017-05-13 13:00:00+00:00,,UNKNOWN,,,,UNKNOWN,UNKNOWN,,UNKNOWN,,,,,,,,,,,,,,,,,,,,,,,,,,,,,,,,False,False,UNKNOWN,False,False,,,,,,,,,,NPB,2017-05-13 13:00:00,1,,,0,
2017051306,2017-05-13 13:00:00,福岡ソフトバンクホークス,東北楽天ゴールデンイーグルス,3.0,2.0,UNKNOWN,藤崎台県営野球場,unknown,low,False,False,,,[],[],,,,,0,light,2017-05-13 13:00:00+00:00,,UNKNOWN,,,,UNKNOWN,UNKNOWN,,UNKNOWN,,,,,,,,,,,,,,,,,,,,,,,,,,,,,,,,False,False,UNKNOWN,False,False,,,,,,,,,,NPB,2017-05-13 13:00:00,1,,,0,
2017051303,2017-05-13 14:00:00,広島東洋カープ,読売ジャイアンツ,11.0,2.0,UNKNOWN,ＭＡＺＤＡ　Ｚｏｏｍ－Ｚｏｏｍ　スタジアム広島,unknown,low,False,False,,,[],[],,,,,0,light,2017-05-13 14:00:00+00:00,,UNKNOWN,,,,UNKNOWN,UNKNOWN,,UNKNOWN,,,,,,,,,,,,,,,,,,,,,,,,,,,,,,,,False,False,UNKNOWN,False,False,,,,,,,,,,NPB,2017-05-13 14:00:00,1,,,0,
2017051304,2017-05-13 14:00:00,北海道日本ハムファイターズ,千葉ロッテマリーンズ,11.0,6.0,UNKNOWN,東京ドーム,unknown,low,False,False,,,[],[],,,,,0,light,2017-05-13 14:00:00+00:00,,UNKNOWN,,,,UNKNOWN,UNKNOWN,,UNKNOWN,,,,,,,,,,,,,,,,,,,,,,,,,,,,,,,,False,False,UNKNOWN,False,False,2017-05-13 05:00:00+00:00,,UNKNOWN,Open-Meteo Historical Forecast,FAIL_CLOSED_NO_ISSUANCE_TIMESTAMP,17.6,85.0,4.2,8.2,NPB,2017-05-13 14:00:00,1,,,0,
2017051304,2017-05-13 14:00:00,北海道日本ハムファイターズ,千葉ロッテマリーンズ,11.0,6.0,UNKNOWN,東京ドーム,unknown,low,False,False,,,[],[],,,,,0,light,2017-05-13 14:00:00+00:00,,UNKNOWN,,,,UNKNOWN,UNKNOWN,,UNKNOWN,,,,,,,,,,,,,,,,,,,,,,,,,,,,,,,,False,False,UNKNOWN,False,False,2017-05-13 05:00:00+00:00,,UNKNOWN,Open-Meteo Historical Forecast,FAIL_CLOSED_NO_ISSUANCE_TIMESTAMP,17.6,85.0,4.2,8.2,NPB,2017-05-13 14:00:00,1,,,0,
2017051305,2017-05-13 14:00:00,オリックス・バファローズ,埼玉西武ライオンズ,2.0,8.0,UNKNOWN,京セラドーム大阪,unknown,low,False,False,,,[],[],,,,,0,light,2017-05-13 14:00:00+00:00,,UNKNOWN,,,,UNKNOWN,UNKNOWN,,UNKNOWN,,,,,,,,,,,,,,,,,,,,,,,,,,,,,,,,False,False,UNKNOWN,False,False,,,,,,,,,,NPB,2017-05-13 14:00:00,1,,,0,
2017051401,2017-05-14 13:00:00,東京ヤクルトスワローズ,中日ドラゴンズ,5.0,1.0,UNKNOWN,松山中央公園野球場,unknown,low,False,False,,,[],[],,,,,0,light,2017-05-14 13:00:00+00:00,,UNKNOWN,,,,UNKNOWN,UNKNOWN,,UNKNOWN,,,,,,,,,,,,,,,,,,,,,,,,,,,,,,,,False,False,UNKNOWN,False,False,,,,,,,,,,NPB,2017-05-14 13:00:00,1,,,0,
2017051402,2017-05-14 13:00:00,横浜DeNAベイスターズ,阪神タイガース,2.0,4.0,UNKNOWN,横浜スタジアム,unknown,low,False,False,,,[],[],,,,,0,light,2017-05-14 13:00:00+00:00,,UNKNOWN,,,,UNKNOWN,UNKNOWN,,UNKNOWN,,,,,,,,,,,,,,,,,,,,,,,,,,,,,,,,False,False,UNKNOWN,False,False,,,,,,,,,,NPB,2017-05-14 13:00:00,1,,,0,
2017051405,2017-05-14 13:00:00,オリックス・バファローズ,埼玉西武ライオンズ,1.0,6.0,UNKNOWN,京セラドーム大阪,unknown,low,False,False,,,[],[],,,,,0,light,2017-05-14 13:00:00+00:00,,UNKNOWN,,,,UNKNOWN,UNKNOWN,,UNKNOWN,,,,,,,,,,,,,,,,,,,,,,,,,,,,,,,,False,False,UNKNOWN,False,False,,,,,,,,,,NPB,2017-05-14 13:00:00,1,,,0,
2017051406,2017-05-14 13:00:00,福岡ソフトバンクホークス,東北楽天ゴールデンイーグルス,2.0,9.0,UNKNOWN,福岡 ヤフオク!ドーム,unknown,low,False,False,,,[],[],,,,,0,light,2017-05-14 13:00:00+00:00,,UNKNOWN,,,,UNKNOWN,UNKNOWN,,UNKNOWN,,,,,,,,,,,,,,,,,,,,,,,,,,,,,,,,False,False,UNKNOWN,False,False,,,,,,,,,,NPB,2017-05-14 13:00:00,1,,,0,
2017051403,2017-05-14 13:30:00,広島東洋カープ,読売ジャイアンツ,8.0,1.0,UNKNOWN,ＭＡＺＤＡ　Ｚｏｏｍ－Ｚｏｏｍ　スタジアム広島,unknown,low,False,False,,,[],[],,,,,0,light,2017-05-14 13:30:00+00:00,,UNKNOWN,,,,UNKNOWN,UNKNOWN,,UNKNOWN,,,,,,,,,,,,,,,,,,,,,,,,,,,,,,,,False,False,UNKNOWN,False,False,,,,,,,,,,NPB,2017-05-14 13:30:00,1,,,0,
2017051404,2017-05-14 14:00:00,北海道日本ハムファイターズ,千葉ロッテマリーンズ,4.0,2.0,UNKNOWN,東京ドーム,unknown,low,False,False,,,[],[],,,,,0,light,2017-05-14 14:00:00+00:00,,UNKNOWN,,,,UNKNOWN,UNKNOWN,,UNKNOWN,,,,,,,,,,,,,,,,,,,,,,,,,,,,,,,,False,False,UNKNOWN,False,False,2017-05-14 05:00:00+00:00,,UNKNOWN,Open-Meteo Historical Forecast,FAIL_CLOSED_NO_ISSUANCE_TIMESTAMP,22.4,57.0,0.0,5.9,NPB,2017-05-14 14:00:00,1,,,0,
2017051404,2017-05-14 14:00:00,北海道日本ハムファイターズ,千葉ロッテマリーンズ,4.0,2.0,UNKNOWN,東京ドーム,unknown,low,False,False,,,[],[],,,,,0,light,2017-05-14 14:00:00+00:00,,UNKNOWN,,,,UNKNOWN,UNKNOWN,,UNKNOWN,,,,,,,,,,,,,,,,,,,,,,,,,,,,,,,,False,False,UNKNOWN,False,False,2017-05-14 05:00:00+00:00,,UNKNOWN,Open-Meteo Historical Forecast,FAIL_CLOSED_NO_ISSUANCE_TIMESTAMP,22.4,57.0,0.0,5.9,NPB,2017-05-14 14:00:00,1,,,0,
2017051601,2017-05-16 18:00:00,読売ジャイアンツ,東京ヤクルトスワローズ,5.0,1.0,UNKNOWN,東京ドーム,unknown,low,False,False,,,[],[],,,,,0,light,2017-05-16 18:00:00+00:00,,UNKNOWN,,,,UNKNOWN,UNKNOWN,,UNKNOWN,,,,,,,,,,,,,,,,,,,,,,,,,,,,,,,,False,False,UNKNOWN,False,False,2017-05-16 09:00:00+00:00,,UNKNOWN,Open-Meteo Historical Forecast,FAIL_CLOSED_NO_ISSUANCE_TIMESTAMP,19.2,69.0,0.0,7.8,NPB,2017-05-16 18:00:00,1,,,0,
2017051601,2017-05-16 18:00:00,読売ジャイアンツ,東京ヤクルトスワローズ,5.0,1.0,UNKNOWN,東京ドーム,unknown,low,False,False,,,[],[],,,,,0,light,2017-05-16 18:00:00+00:00,,UNKNOWN,,,,UNKNOWN,UNKNOWN,,UNKNOWN,,,,,,,,,,,,,,,,,,,,,,,,,,,,,,,,False,False,UNKNOWN,False,False,2017-05-16 09:00:00+00:00,,UNKNOWN,Open-Meteo Historical Forecast,FAIL_CLOSED_NO_ISSUANCE_TIMESTAMP,19.2,69.0,0.0,7.8,NPB,2017-05-16 18:00:00,1,,,0,
2017051602,2017-05-16 18:00:00,阪神タイガース,中日ドラゴンズ,8.0,1.0,UNKNOWN,阪神甲子園球場,unknown,low,False,False,,,[],[],,,,,0,light,2017-05-16 18:00:00+00:00,,UNKNOWN,,,,UNKNOWN,UNKNOWN,,UNKNOWN,,,,,,,,,,,,,,,,,,,,,,,,,,,,,,,,False,False,UNKNOWN,False,False,,,,,,,,,,NPB,2017-05-16 18:00:00,1,,,0,
2017051603,2017-05-16 18:00:00,広島東洋カープ,横浜DeNAベイスターズ,10.0,1.0,UNKNOWN,広島県立びんご運動公園野球場,unknown,low,False,False,,,[],[],,,,,0,light,2017-05-16 18:00:00+00:00,,UNKNOWN,,,,UNKNOWN,UNKNOWN,,UNKNOWN,,,,,,,,,,,,,,,,,,,,,,,,,,,,,,,,False,False,UNKNOWN,False,False,,,,,,,,,,NPB,2017-05-16 18:00:00,1,,,0,
2017051604,2017-05-16 18:00:00,東北楽天ゴールデンイーグルス,北海道日本ハムファイターズ,6.0,4.0,UNKNOWN,秋田県立野球場,unknown,low,False,False,,,[],[],,,,,0,light,2017-05-16 18:00:00+00:00,,UNKNOWN,,,,UNKNOWN,UNKNOWN,,UNKNOWN,,,,,,,,,,,,,,,,,,,,,,,,,,,,,,,,False,False,UNKNOWN,False,False,,,,,,,,,,NPB,2017-05-16 18:00:00,1,,,0,
2017051606,2017-05-16 18:00:00,オリックス・バファローズ,福岡ソフトバンクホークス,3.0,2.0,UNKNOWN,京セラドーム大阪,unknown,low,False,False,,,[],[],,,,,0,light,2017-05-16 18:00:00+00:00,,UNKNOWN,,,,UNKNOWN,UNKNOWN,,UNKNOWN,,,,,,,,,,,,,,,,,,,,,,,,,,,,,,,,False,False,UNKNOWN,False,False,,,,,,,,,,NPB,2017-05-16 18:00:00,1,,,0,
2017051605,2017-05-16 18:15:00,千葉ロッテマリーンズ,埼玉西武ライオンズ,2.0,3.0,UNKNOWN,ＺＯＺＯマリンスタジアム,unknown,low,False,False,,,[],[],,,,,0,light,2017-05-16 18:15:00+00:00,,UNKNOWN,,,,UNKNOWN,UNKNOWN,,UNKNOWN,,,,,,,,,,,,,,,,,,,,,,,,,,,,,,,,False,False,UNKNOWN,False,False,,,,,,,,,,NPB,2017-05-16 18:15:00,1,,,0,
2017051701,2017-05-17 18:00:00,読売ジャイアンツ,東京ヤクルトスワローズ,0.0,7.0,UNKNOWN,東京ドーム,unknown,low,False,False,,,[],[],,,,,0,light,2017-05-17 18:00:00+00:00,,UNKNOWN,,,,UNKNOWN,UNKNOWN,,UNKNOWN,,,,,,,,,,,,,,,,,,,,,,,,,,,,,,,,False,False,UNKNOWN,False,False,2017-05-17 09:00:00+00:00,,UNKNOWN,Open-Meteo Historical Forecast,FAIL_CLOSED_NO_ISSUANCE_TIMESTAMP,17.6,66.0,0.0,5.7,NPB,2017-05-17 18:00:00,1,,,0,
2017051701,2017-05-17 18:00:00,読売ジャイアンツ,東京ヤクルトスワローズ,0.0,7.0,UNKNOWN,東京ドーム,unknown,low,False,False,,,[],[],,,,,0,light,2017-05-17 18:00:00+00:00,,UNKNOWN,,,,UNKNOWN,UNKNOWN,,UNKNOWN,,,,,,,,,,,,,,,,,,,,,,,,,,,,,,,,False,False,UNKNOWN,False,False,2017-05-17 09:00:00+00:00,,UNKNOWN,Open-Meteo Historical Forecast,FAIL_CLOSED_NO_ISSUANCE_TIMESTAMP,17.6,66.0,0.0,5.7,NPB,2017-05-17 18:00:00,1,,,0,
2017051702,2017-05-17 18:00:00,阪神タイガース,中日ドラゴンズ,2.0,1.0,UNKNOWN,阪神甲子園球場,unknown,low,False,False,,,[],[],,,,,0,light,2017-05-17 18:00:00+00:00,,UNKNOWN,,,,UNKNOWN,UNKNOWN,,UNKNOWN,,,,,,,,,,,,,,,,,,,,,,,,,,,,,,,,False,False,UNKNOWN,False,False,,,,,,,,,,NPB,2017-05-17 18:00:00,1,,,0,
2017051703,2017-05-17 18:00:00,広島東洋カープ,横浜DeNAベイスターズ,4.0,5.0,UNKNOWN,ＭＡＺＤＡ　Ｚｏｏｍ－Ｚｏｏｍ　スタジアム広島,unknown,low,False,False,,,[],[],,,,,0,light,2017-05-17 18:00:00+00:00,,UNKNOWN,,,,UNKNOWN,UNKNOWN,,UNKNOWN,,,,,,,,,,,,,,,,,,,,,,,,,,,,,,,,False,False,UNKNOWN,False,False,,,,,,,,,,NPB,2017-05-17 18:00:00,1,,,0,
2017051704,2017-05-17 18:00:00,東北楽天ゴールデンイーグルス,北海道日本ハムファイターズ,15.0,6.0,UNKNOWN,岩手県営野球場,unknown,low,False,False,,,[],[],,,,,0,light,2017-05-17 18:00:00+00:00,,UNKNOWN,,,,UNKNOWN,UNKNOWN,,UNKNOWN,,,,,,,,,,,,,,,,,,,,,,,,,,,,,,,,False,False,UNKNOWN,False,False,,,,,,,,,,NPB,2017-05-17 18:00:00,1,,,0,
2017051706,2017-05-17 18:00:00,オリックス・バファローズ,福岡ソフトバンクホークス,3.0,6.0,UNKNOWN,京セラドーム大阪,unknown,low,False,False,,,[],[],,,,,0,light,2017-05-17 18:00:00+00:00,,UNKNOWN,,,,UNKNOWN,UNKNOWN,,UNKNOWN,,,,,,,,,,,,,,,,,,,,,,,,,,,,,,,,False,False,UNKNOWN,False,False,,,,,,,,,,NPB,2017-05-17 18:00:00,1,,,0,
2017051705,2017-05-17 18:15:00,千葉ロッテマリーンズ,埼玉西武ライオンズ,4.0,8.0,UNKNOWN,ＺＯＺＯマリンスタジアム,unknown,low,False,False,,,[],[],,,,,0,light,2017-05-17 18:15:00+00:00,,UNKNOWN,,,,UNKNOWN,UNKNOWN,,UNKNOWN,,,,,,,,,,,,,,,,,,,,,,,,,,,,,,,,False,False,UNKNOWN,False,False,,,,,,,,,,NPB,2017-05-17 18:15:00,1,,,0,
2017051801,2017-05-18 18:00:00,読売ジャイアンツ,東京ヤクルトスワローズ,0.0,1.0,UNKNOWN,東京ドーム,unknown,low,False,False,,,[],[],,,,,0,light,2017-05-18 18:00:00+00:00,,UNKNOWN,,,,UNKNOWN,UNKNOWN,,UNKNOWN,,,,,,,,,,,,,,,,,,,,,,,,,,,,,,,,False,False,UNKNOWN,False,False,2017-05-18 09:00:00+00:00,,UNKNOWN,Open-Meteo Historical Forecast,FAIL_CLOSED_NO_ISSUANCE_TIMESTAMP,20.0,56.0,0.0,4.6,NPB,2017-05-18 18:00:00,1,,,0,
2017051801,2017-05-18 18:00:00,読売ジャイアンツ,東京ヤクルトスワローズ,0.0,1.0,UNKNOWN,東京ドーム,unknown,low,False,False,,,[],[],,,,,0,light,2017-05-18 18:00:00+00:00,,UNKNOWN,,,,UNKNOWN,UNKNOWN,,UNKNOWN,,,,,,,,,,,,,,,,,,,,,,,,,,,,,,,,False,False,UNKNOWN,False,False,2017-05-18 09:00:00+00:00,,UNKNOWN,Open-Meteo Historical Forecast,FAIL_CLOSED_NO_ISSUANCE_TIMESTAMP,20.0,56.0,0.0,4.6,NPB,2017-05-18 18:00:00,1,,,0,
2017051802,2017-05-18 18:00:00,阪神タイガース,中日ドラゴンズ,1.0,2.0,UNKNOWN,阪神甲子園球場,unknown,low,False,False,,,[],[],,,,,0,light,2017-05-18 18:00:00+00:00,,UNKNOWN,,,,UNKNOWN,UNKNOWN,,UNKNOWN,,,,,,,,,,,,,,,,,,,,,,,,,,,,,,,,False,False,UNKNOWN,False,False,,,,,,,,,,NPB,2017-05-18 18:00:00,1,,,0,
2017051803,2017-05-18 18:00:00,広島東洋カープ,横浜DeNAベイスターズ,9.0,2.0,UNKNOWN,ＭＡＺＤＡ　Ｚｏｏｍ－Ｚｏｏｍ　スタジアム広島,unknown,low,False,False,,,[],[],,,,,0,light,2017-05-18 18:00:00+00:00,,UNKNOWN,,,,UNKNOWN,UNKNOWN,,UNKNOWN,,,,,,,,,,,,,,,,,,,,,,,,,,,,,,,,False,False,UNKNOWN,False,False,,,,,,,,,,NPB,2017-05-18 18:00:00,1,,,0,
2017051805,2017-05-18 18:00:00,オリックス・バファローズ,福岡ソフトバンクホークス,2.0,7.0,UNKNOWN,ほっともっとフィールド神戸,unknown,low,False,False,,,[],[],,,,,0,light,2017-05-18 18:00:00+00:00,,UNKNOWN,,,,UNKNOWN,UNKNOWN,,UNKNOWN,,,,,,,,,,,,,,,,,,,,,,,,,,,,,,,,False,False,UNKNOWN,False,False,,,,,,,,,,NPB,2017-05-18 18:00:00,1,,,0,
2017051804,2017-05-18 18:15:00,千葉ロッテマリーンズ,埼玉西武ライオンズ,1.0,5.0,UNKNOWN,ＺＯＺＯマリンスタジアム,unknown,low,False,False,,,[],[],,,,,0,light,2017-05-18 18:15:00+00:00,,UNKNOWN,,,,UNKNOWN,UNKNOWN,,UNKNOWN,,,,,,,,,,,,,,,,,,,,,,,,,,,,,,,,False,False,UNKNOWN,False,False,,,,,,,,,,NPB,2017-05-18 18:15:00,1,,,0,
2017051901,2017-05-19 18:00:00,東京ヤクルトスワローズ,阪神タイガース,4.0,2.0,UNKNOWN,明治神宮野球場,unknown,low,False,False,,,[],[],,,,,0,light,2017-05-19 18:00:00+00:00,,UNKNOWN,,,,UNKNOWN,UNKNOWN,,UNKNOWN,,,,,,,,,,,,,,,,,,,,,,,,,,,,,,,,False,False,UNKNOWN,False,False,,,,,,,,,,NPB,2017-05-19 18:00:00,1,,,0,
2017051902,2017-05-19 18:00:00,横浜DeNAベイスターズ,読売ジャイアンツ,3.0,5.0,UNKNOWN,横浜スタジアム,unknown,low,False,False,,,[],[],,,,,0,light,2017-05-19 18:00:00+00:00,,UNKNOWN,,,,UNKNOWN,UNKNOWN,,UNKNOWN,,,,,,,,,,,,,,,,,,,,,,,,,,,,,,,,False,False,UNKNOWN,False,False,,,,,,,,,,NPB,2017-05-19 18:00:00,1,,,0,
2017051903,2017-05-19 18:00:00,中日ドラゴンズ,広島東洋カープ,5.0,3.0,UNKNOWN,ナゴヤドーム,unknown,low,False,False,,,[],[],,,,,0,light,2017-05-19 18:00:00+00:00,,UNKNOWN,,,,UNKNOWN,UNKNOWN,,UNKNOWN,,,,,,,,,,,,,,,,,,,,,,,,,,,,,,,,False,False,UNKNOWN,False,False,,,,,,,,,,NPB,2017-05-19 18:00:00,1,,,0,
2017051904,2017-05-19 18:00:00,北海道日本ハムファイターズ,オリックス・バファローズ,7.0,2.0,UNKNOWN,札幌ドーム,unknown,low,False,False,,,[],[],,,,,0,light,2017-05-19 18:00:00+00:00,,UNKNOWN,,,,UNKNOWN,UNKNOWN,,UNKNOWN,,,,,,,,,,,,,,,,,,,,,,,,,,,,,,,,False,False,UNKNOWN,False,False,,,,,,,,,,NPB,2017-05-19 18:00:00,1,,,0,
2017051905,2017-05-19 18:00:00,埼玉西武ライオンズ,福岡ソフトバンクホークス,1.0,2.0,UNKNOWN,メットライフドーム,unknown,low,False,False,,,[],[],,,,,0,light,2017-05-19 18:00:00+00:00,,UNKNOWN,,,,UNKNOWN,UNKNOWN,,UNKNOWN,,,,,,,,,,,,,,,,,,,,,,,,,,,,,,,,False,False,UNKNOWN,False,False,,,,,,,,,,NPB,2017-05-19 18:00:00,1,,,0,
2017051906,2017-05-19 18:30:00,千葉ロッテマリーンズ,東北楽天ゴールデンイーグルス,4.0,3.0,UNKNOWN,ＺＯＺＯマリンスタジアム,unknown,low,False,False,,,[],[],,,,,0,light,2017-05-19 18:30:00+00:00,,UNKNOWN,,,,UNKNOWN,UNKNOWN,,UNKNOWN,,,,,,,,,,,,,,,,,,,,,,,,,,,,,,,,False,False,UNKNOWN,False,False,,,,,,,,,,NPB,2017-05-19 18:30:00,1,,,0,
2017052002,2017-05-20 14:00:00,横浜DeNAベイスターズ,読売ジャイアンツ,6.0,4.0,UNKNOWN,横浜スタジアム,unknown,low,False,False,,,[],[],,,,,0,light,2017-05-20 14:00:00+00:00,,UNKNOWN,,,,UNKNOWN,UNKNOWN,,UNKNOWN,,,,,,,,,,,,,,,,,,,,,,,,,,,,,,,,False,False,UNKNOWN,False,False,,,,,,,,,,NPB,2017-05-20 14:00:00,1,,,0,
2017052003,2017-05-20 14:00:00,中日ドラゴンズ,広島東洋カープ,2.0,1.0,UNKNOWN,ナゴヤドーム,unknown,low,False,False,,,[],[],,,,,0,light,2017-05-20 14:00:00+00:00,,UNKNOWN,,,,UNKNOWN,UNKNOWN,,UNKNOWN,,,,,,,,,,,,,,,,,,,,,,,,,,,,,,,,False,False,UNKNOWN,False,False,,,,,,,,,,NPB,2017-05-20 14:00:00,1,,,0,
2017052004,2017-05-20 14:00:00,北海道日本ハムファイターズ,オリックス・バファローズ,7.0,3.0,UNKNOWN,札幌ドーム,unknown,low,False,False,,,[],[],,,,,0,light,2017-05-20 14:00:00+00:00,,UNKNOWN,,,,UNKNOWN,UNKNOWN,,UNKNOWN,,,,,,,,,,,,,,,,,,,,,,,,,,,,,,,,False,False,UNKNOWN,False,False,,,,,,,,,,NPB,2017-05-20 14:00:00,1,,,0,
2017052005,2017-05-20 14:00:00,埼玉西武ライオンズ,福岡ソフトバンクホークス,7.0,5.0,UNKNOWN,メットライフドーム,unknown,low,False,False,,,[],[],,,,,0,light,2017-05-20 14:00:00+00:00,,UNKNOWN,,,,UNKNOWN,UNKNOWN,,UNKNOWN,,,,,,,,,,,,,,,,,,,,,,,,,,,,,,,,False,False,UNKNOWN,False,False,,,,,,,,,,NPB,2017-05-20 14:00:00,1,,,0,
2017052006,2017-05-20 14:00:00,千葉ロッテマリーンズ,東北楽天ゴールデンイーグルス,0.0,2.0,UNKNOWN,ＺＯＺＯマリンスタジアム,unknown,low,False,False,,,[],[],,,,,0,light,2017-05-20 14:00:00+00:00,,UNKNOWN,,,,UNKNOWN,UNKNOWN,,UNKNOWN,,,,,,,,,,,,,,,,,,,,,,,,,,,,,,,,False,False,UNKNOWN,False,False,,,,,,,,,,NPB,2017-05-20 14:00:00,1,,,0,
2017052001,2017-05-20 18:00:00,東京ヤクルトスワローズ,阪神タイガース,8.0,3.0,UNKNOWN,明治神宮野球場,unknown,low,False,False,,,[],[],,,,,0,light,2017-05-20 18:00:00+00:00,,UNKNOWN,,,,UNKNOWN,UNKNOWN,,UNKNOWN,,,,,,,,,,,,,,,,,,,,,,,,,,,,,,,,False,False,UNKNOWN,False,False,,,,,,,,,,NPB,2017-05-20 18:00:00,1,,,0,
2017052102,2017-05-21 13:00:00,横浜DeNAベイスターズ,読売ジャイアンツ,0.0,4.0,UNKNOWN,横浜スタジアム,unknown,low,False,False,,,[],[],,,,,0,light,2017-05-21 13:00:00+00:00,,UNKNOWN,,,,UNKNOWN,UNKNOWN,,UNKNOWN,,,,,,,,,,,,,,,,,,,,,,,,,,,,,,,,False,False,UNKNOWN,False,False,,,,,,,,,,NPB,2017-05-21 13:00:00,1,,,0,
2017052105,2017-05-21 13:00:00,埼玉西武ライオンズ,福岡ソフトバンクホークス,7.0,6.0,UNKNOWN,メットライフドーム,unknown,low,False,False,,,[],[],,,,,0,light,2017-05-21 13:00:00+00:00,,UNKNOWN,,,,UNKNOWN,UNKNOWN,,UNKNOWN,,,,,,,,,,,,,,,,,,,,,,,,,,,,,,,,False,False,UNKNOWN,False,False,,,,,,,,,,NPB,2017-05-21 13:00:00,1,,,0,
2017052103,2017-05-21 14:00:00,中日ドラゴンズ,広島東洋カープ,7.0,4.0,UNKNOWN,ナゴヤドーム,unknown,low,False,False,,,[],[],,,,,0,light,2017-05-21 14:00:00+00:00,,UNKNOWN,,,,UNKNOWN,UNKNOWN,,UNKNOWN,,,,,,,,,,,,,,,,,,,,,,,,,,,,,,,,False,False,UNKNOWN,False,False,,,,,,,,,,NPB,2017-05-21 14:00:00,1,,,0,
2017052104,2017-05-21 14:00:00,北海道日本ハムファイターズ,オリックス・バファローズ,4.0,1.0,UNKNOWN,札幌ドーム,unknown,low,False,False,,,[],[],,,,,0,light,2017-05-21 14:00:00+00:00,,UNKNOWN,,,,UNKNOWN,UNKNOWN,,UNKNOWN,,,,,,,,,,,,,,,,,,,,,,,,,,,,,,,,False,False,UNKNOWN,False,False,,,,,,,,,,NPB,2017-05-21 14:00:00,1,,,0,
2017052106,2017-05-21 14:00:00,千葉ロッテマリーンズ,東北楽天ゴールデンイーグルス,3.0,2.0,UNKNOWN,ＺＯＺＯマリンスタジアム,unknown,low,False,False,,,[],[],,,,,0,light,2017-05-21 14:00:00+00:00,,UNKNOWN,,,,UNKNOWN,UNKNOWN,,UNKNOWN,,,,,,,,,,,,,,,,,,,,,,,,,,,,,,,,False,False,UNKNOWN,False,False,,,,,,,,,,NPB,2017-05-21 14:00:00,1,,,0,
2017052101,2017-05-21 18:00:00,東京ヤクルトスワローズ,阪神タイガース,4.0,5.0,UNKNOWN,明治神宮野球場,unknown,low,False,False,,,[],[],,,,,0,light,2017-05-21 18:00:00+00:00,,UNKNOWN,,,,UNKNOWN,UNKNOWN,,UNKNOWN,,,,,,,,,,,,,,,,,,,,,,,,,,,,,,,,False,False,UNKNOWN,False,False,,,,,,,,,,NPB,2017-05-21 18:00:00,1,,,0,
2017052301,2017-05-23 18:00:00,横浜DeNAベイスターズ,中日ドラゴンズ,9.0,4.0,UNKNOWN,横浜スタジアム,unknown,low,False,False,,,[],[],,,,,0,light,2017-05-23 18:00:00+00:00,,UNKNOWN,,,,UNKNOWN,UNKNOWN,,UNKNOWN,,,,,,,,,,,,,,,,,,,,,,,,,,,,,,,,False,False,UNKNOWN,False,False,,,,,,,,,,NPB,2017-05-23 18:00:00,1,,,0,
2017052302,2017-05-23 18:00:00,阪神タイガース,読売ジャイアンツ,0.0,1.0,UNKNOWN,阪神甲子園球場,unknown,low,False,False,,,[],[],,,,,0,light,2017-05-23 18:00:00+00:00,,UNKNOWN,,,,UNKNOWN,UNKNOWN,,UNKNOWN,,,,,,,,,,,,,,,,,,,,,,,,,,,,,,,,False,False,UNKNOWN,False,False,,,,,,,,,,NPB,2017-05-23 18:00:00,1,,,0,
2017052303,2017-05-23 18:00:00,広島東洋カープ,東京ヤクルトスワローズ,3.0,2.0,UNKNOWN,ＭＡＺＤＡ　Ｚｏｏｍ－Ｚｏｏｍ　スタジアム広島,unknown,low,False,False,,,[],[],,,,,0,light,2017-05-23 18:00:00+00:00,,UNKNOWN,,,,UNKNOWN,UNKNOWN,,UNKNOWN,,,,,,,,,,,,,,,,,,,,,,,,,,,,,,,,False,False,UNKNOWN,False,False,,,,,,,,,,NPB,2017-05-23 18:00:00,1,,,0,
2017052304,2017-05-23 18:00:00,埼玉西武ライオンズ,北海道日本ハムファイターズ,2.0,0.0,UNKNOWN,上毛新聞敷島球場,unknown,low,False,False,,,[],[],,,,,0,light,2017-05-23 18:00:00+00:00,,UNKNOWN,,,,UNKNOWN,UNKNOWN,,UNKNOWN,,,,,,,,,,,,,,,,,,,,,,,,,,,,,,,,False,False,UNKNOWN,False,False,,,,,,,,,,NPB,2017-05-23 18:00:00,1,,,0,
2017052305,2017-05-23 18:00:00,オリックス・バファローズ,東北楽天ゴールデンイーグルス,6.0,10.0,UNKNOWN,京セラドーム大阪,unknown,low,False,False,,,[],[],,,,,0,light,2017-05-23 18:00:00+00:00,,UNKNOWN,,,,UNKNOWN,UNKNOWN,,UNKNOWN,,,,,,,,,,,,,,,,,,,,,,,,,,,,,,,,False,False,UNKNOWN,False,False,,,,,,,,,,NPB,2017-05-23 18:00:00,1,,,0,
2017052306,2017-05-23 18:00:00,福岡ソフトバンクホークス,千葉ロッテマリーンズ,6.0,1.0,UNKNOWN,福岡 ヤフオク!ドーム,unknown,low,False,False,,,[],[],,,,,0,light,2017-05-23 18:00:00+00:00,,UNKNOWN,,,,UNKNOWN,UNKNOWN,,UNKNOWN,,,,,,,,,,,,,,,,,,,,,,,,,,,,,,,,False,False,UNKNOWN,False,False,,,,,,,,,,NPB,2017-05-23 18:00:00,1,,,0,
2017052401,2017-05-24 18:00:00,横浜DeNAベイスターズ,中日ドラゴンズ,2.0,4.0,UNKNOWN,横浜スタジアム,unknown,low,False,False,,,[],[],,,,,0,light,2017-05-24 18:00:00+00:00,,UNKNOWN,,,,UNKNOWN,UNKNOWN,,UNKNOWN,,,,,,,,,,,,,,,,,,,,,,,,,,,,,,,,False,False,UNKNOWN,False,False,,,,,,,,,,NPB,2017-05-24 18:00:00,1,,,0,
2017052402,2017-05-24 18:00:00,阪神タイガース,読売ジャイアンツ,1.0,3.0,UNKNOWN,阪神甲子園球場,unknown,low,False,False,,,[],[],,,,,0,light,2017-05-24 18:00:00+00:00,,UNKNOWN,,,,UNKNOWN,UNKNOWN,,UNKNOWN,,,,,,,,,,,,,,,,,,,,,,,,,,,,,,,,False,False,UNKNOWN,False,False,,,,,,,,,,NPB,2017-05-24 18:00:00,1,,,0,
2017052403,2017-05-24 18:00:00,広島東洋カープ,東京ヤクルトスワローズ,6.0,1.0,UNKNOWN,ＭＡＺＤＡ　Ｚｏｏｍ－Ｚｏｏｍ　スタジアム広島,unknown,low,False,False,,,[],[],,,,,0,light,2017-05-24 18:00:00+00:00,,UNKNOWN,,,,UNKNOWN,UNKNOWN,,UNKNOWN,,,,,,,,,,,,,,,,,,,,,,,,,,,,,,,,False,False,UNKNOWN,False,False,,,,,,,,,,NPB,2017-05-24 18:00:00,1,,,0,
2017052405,2017-05-24 18:00:00,福岡ソフトバンクホークス,千葉ロッテマリーンズ,10.0,4.0,UNKNOWN,福岡 ヤフオク!ドーム,unknown,low,False,False,,,[],[],,,,,0,light,2017-05-24 18:00:00+00:00,,UNKNOWN,,,,UNKNOWN,UNKNOWN,,UNKNOWN,,,,,,,,,,,,,,,,,,,,,,,,,,,,,,,,False,False,UNKNOWN,False,False,,,,,,,,,,NPB,2017-05-24 18:00:00,1,,,0,
2017052501,2017-05-25 18:00:00,横浜DeNAベイスターズ,中日ドラゴンズ,13.0,5.0,UNKNOWN,横浜スタジアム,unknown,low,False,False,,,[],[],,,,,0,light,2017-05-25 18:00:00+00:00,,UNKNOWN,,,,UNKNOWN,UNKNOWN,,UNKNOWN,,,,,,,,,,,,,,,,,,,,,,,,,,,,,,,,False,False,UNKNOWN,False,False,,,,,,,,,,NPB,2017-05-25 18:00:00,1,,,0,
2017052502,2017-05-25 18:00:00,阪神タイガース,読売ジャイアンツ,6.0,1.0,UNKNOWN,阪神甲子園球場,unknown,low,False,False,,,[],[],,,,,0,light,2017-05-25 18:00:00+00:00,,UNKNOWN,,,,UNKNOWN,UNKNOWN,,UNKNOWN,,,,,,,,,,,,,,,,,,,,,,,,,,,,,,,,False,False,UNKNOWN,False,False,,,,,,,,,,NPB,2017-05-25 18:00:00,1,,,0,
2017052503,2017-05-25 18:00:00,埼玉西武ライオンズ,北海道日本ハムファイターズ,8.0,5.0,UNKNOWN,埼玉県営大宮公園野球場,unknown,low,False,False,,,[],[],,,,,0,light,2017-05-25 18:00:00+00:00,,UNKNOWN,,,,UNKNOWN,UNKNOWN,,UNKNOWN,,,,,,,,,,,,,,,,,,,,,,,,,,,,,,,,False,False,UNKNOWN,False,False,,,,,,,,,,NPB,2017-05-25 18:00:00,1,,,0,
2017052504,2017-05-25 18:00:00,オリックス・バファローズ,東北楽天ゴールデンイーグルス,1.0,4.0,UNKNOWN,ほっともっとフィールド神戸,unknown,low,False,False,,,[],[],,,,,0,light,2017-05-25 18:00:00+00:00,,UNKNOWN,,,,UNKNOWN,UNKNOWN,,UNKNOWN,,,,,,,,,,,,,,,,,,,,,,,,,,,,,,,,False,False,UNKNOWN,False,False,,,,,,,,,,NPB,2017-05-25 18:00:00,1,,,0,
2017052505,2017-05-25 18:00:00,福岡ソフトバンクホークス,千葉ロッテマリーンズ,7.0,12.0,UNKNOWN,福岡 ヤフオク!ドーム,unknown,low,False,False,,,[],[],,,,,0,light,2017-05-25 18:00:00+00:00,,UNKNOWN,,,,UNKNOWN,UNKNOWN,,UNKNOWN,,,,,,,,,,,,,,,,,,,,,,,,,,,,,,,,False,False,UNKNOWN,False,False,,,,,,,,,,NPB,2017-05-25 18:00:00,1,,,0,
2017052601,2017-05-26 18:00:00,読売ジャイアンツ,広島東洋カープ,2.0,7.0,UNKNOWN,東京ドーム,unknown,low,False,False,,,[],[],,,,,0,light,2017-05-26 18:00:00+00:00,,UNKNOWN,,,,UNKNOWN,UNKNOWN,,UNKNOWN,,,,,,,,,,,,,,,,,,,,,,,,,,,,,,,,False,False,UNKNOWN,False,False,2017-05-26 09:00:00+00:00,,UNKNOWN,Open-Meteo Historical Forecast,FAIL_CLOSED_NO_ISSUANCE_TIMESTAMP,19.8,80.0,0.0,6.4,NPB,2017-05-26 18:00:00,1,,,0,
2017052601,2017-05-26 18:00:00,読売ジャイアンツ,広島東洋カープ,2.0,7.0,UNKNOWN,東京ドーム,unknown,low,False,False,,,[],[],,,,,0,light,2017-05-26 18:00:00+00:00,,UNKNOWN,,,,UNKNOWN,UNKNOWN,,UNKNOWN,,,,,,,,,,,,,,,,,,,,,,,,,,,,,,,,False,False,UNKNOWN,False,False,2017-05-26 09:00:00+00:00,,UNKNOWN,Open-Meteo Historical Forecast,FAIL_CLOSED_NO_ISSUANCE_TIMESTAMP,19.8,80.0,0.0,6.4,NPB,2017-05-26 18:00:00,1,,,0,
2017052602,2017-05-26 18:00:00,中日ドラゴンズ,東京ヤクルトスワローズ,3.0,2.0,UNKNOWN,ナゴヤドーム,unknown,low,False,False,,,[],[],,,,,0,light,2017-05-26 18:00:00+00:00,,UNKNOWN,,,,UNKNOWN,UNKNOWN,,UNKNOWN,,,,,,,,,,,,,,,,,,,,,,,,,,,,,,,,False,False,UNKNOWN,False,False,,,,,,,,,,NPB,2017-05-26 18:00:00,1,,,0,
2017052603,2017-05-26 18:00:00,阪神タイガース,横浜DeNAベイスターズ,2.0,5.0,UNKNOWN,阪神甲子園球場,unknown,low,False,False,,,[],[],,,,,0,light,2017-05-26 18:00:00+00:00,,UNKNOWN,,,,UNKNOWN,UNKNOWN,,UNKNOWN,,,,,,,,,,,,,,,,,,,,,,,,,,,,,,,,False,False,UNKNOWN,False,False,,,,,,,,,,NPB,2017-05-26 18:00:00,1,,,0,
2017052604,2017-05-26 18:00:00,北海道日本ハムファイターズ,福岡ソフトバンクホークス,7.0,5.0,UNKNOWN,札幌ドーム,unknown,low,False,False,,,[],[],,,,,0,light,2017-05-26 18:00:00+00:00,,UNKNOWN,,,,UNKNOWN,UNKNOWN,,UNKNOWN,,,,,,,,,,,,,,,,,,,,,,,,,,,,,,,,False,False,UNKNOWN,False,False,,,,,,,,,,NPB,2017-05-26 18:00:00,1,,,0,
2017052605,2017-05-26 18:00:00,東北楽天ゴールデンイーグルス,埼玉西武ライオンズ,1.0,5.0,UNKNOWN,Koboパーク宮城,unknown,low,False,False,,,[],[],,,,,0,light,2017-05-26 18:00:00+00:00,,UNKNOWN,,,,UNKNOWN,UNKNOWN,,UNKNOWN,,,,,,,,,,,,,,,,,,,,,,,,,,,,,,,,False,False,UNKNOWN,False,False,,,,,,,,,,NPB,2017-05-26 18:00:00,1,,,0,
2017052606,2017-05-26 18:15:00,千葉ロッテマリーンズ,オリックス・バファローズ,5.0,4.0,UNKNOWN,ＺＯＺＯマリンスタジアム,unknown,low,False,False,,,[],[],,,,,0,light,2017-05-26 18:15:00+00:00,,UNKNOWN,,,,UNKNOWN,UNKNOWN,,UNKNOWN,,,,,,,,,,,,,,,,,,,,,,,,,,,,,,,,False,False,UNKNOWN,False,False,,,,,,,,,,NPB,2017-05-26 18:15:00,1,,,0,
2017052702,2017-05-27 14:00:00,中日ドラゴンズ,東京ヤクルトスワローズ,4.0,2.0,UNKNOWN,ナゴヤドーム,unknown,low,False,False,,,[],[],,,,,0,light,2017-05-27 14:00:00+00:00,,UNKNOWN,,,,UNKNOWN,UNKNOWN,,UNKNOWN,,,,,,,,,,,,,,,,,,,,,,,,,,,,,,,,False,False,UNKNOWN,False,False,,,,,,,,,,NPB,2017-05-27 14:00:00,1,,,0,
2017052703,2017-05-27 14:00:00,阪神タイガース,横浜DeNAベイスターズ,9.0,2.0,UNKNOWN,阪神甲子園球場,unknown,low,False,False,,,[],[],,,,,0,light,2017-05-27 14:00:00+00:00,,UNKNOWN,,,,UNKNOWN,UNKNOWN,,UNKNOWN,,,,,,,,,,,,,,,,,,,,,,,,,,,,,,,,False,False,UNKNOWN,False,False,,,,,,,,,,NPB,2017-05-27 14:00:00,1,,,0,
2017052705,2017-05-27 14:00:00,東北楽天ゴールデンイーグルス,埼玉西武ライオンズ,6.0,1.0,UNKNOWN,Koboパーク宮城,unknown,low,False,False,,,[],[],,,,,0,light,2017-05-27 14:00:00+00:00,,UNKNOWN,,,,UNKNOWN,UNKNOWN,,UNKNOWN,,,,,,,,,,,,,,,,,,,,,,,,,,,,,,,,False,False,UNKNOWN,False,False,,,,,,,,,,NPB,2017-05-27 14:00:00,1,,,0,
2017052706,2017-05-27 14:00:00,千葉ロッテマリーンズ,オリックス・バファローズ,2.0,1.0,UNKNOWN,ＺＯＺＯマリンスタジアム,unknown,low,False,False,,,[],[],,,,,0,light,2017-05-27 14:00:00+00:00,,UNKNOWN,,,,UNKNOWN,UNKNOWN,,UNKNOWN,,,,,,,,,,,,,,,,,,,,,,,,,,,,,,,,False,False,UNKNOWN,False,False,,,,,,,,,,NPB,2017-05-27 14:00:00,1,,,0,
2017052704,2017-05-27 15:00:00,北海道日本ハムファイターズ,福岡ソフトバンクホークス,8.0,13.0,UNKNOWN,札幌ドーム,unknown,low,False,False,,,[],[],,,,,0,light,2017-05-27 15:00:00+00:00,,UNKNOWN,,,,UNKNOWN,UNKNOWN,,UNKNOWN,,,,,,,,,,,,,,,,,,,,,,,,,,,,,,,,False,False,UNKNOWN,False,False,,,,,,,,,,NPB,2017-05-27 15:00:00,1,,,0,
2017052701,2017-05-27 18:00:00,読売ジャイアンツ,広島東洋カープ,0.0,9.0,UNKNOWN,東京ドーム,unknown,low,False,False,,,[],[],,,,,0,light,2017-05-27 18:00:00+00:00,,UNKNOWN,,,,UNKNOWN,UNKNOWN,,UNKNOWN,,,,,,,,,,,,,,,,,,,,,,,,,,,,,,,,False,False,UNKNOWN,False,False,2017-05-27 09:00:00+00:00,,UNKNOWN,Open-Meteo Historical Forecast,FAIL_CLOSED_NO_ISSUANCE_TIMESTAMP,22.1,53.0,0.0,8.4,NPB,2017-05-27 18:00:00,1,,,0,
2017052701,2017-05-27 18:00:00,読売ジャイアンツ,広島東洋カープ,0.0,9.0,UNKNOWN,東京ドーム,unknown,low,False,False,,,[],[],,,,,0,light,2017-05-27 18:00:00+00:00,,UNKNOWN,,,,UNKNOWN,UNKNOWN,,UNKNOWN,,,,,,,,,,,,,,,,,,,,,,,,,,,,,,,,False,False,UNKNOWN,False,False,2017-05-27 09:00:00+00:00,,UNKNOWN,Open-Meteo Historical Forecast,FAIL_CLOSED_NO_ISSUANCE_TIMESTAMP,22.1,53.0,0.0,8.4,NPB,2017-05-27 18:00:00,1,,,0,
2017052805,2017-05-28 13:00:00,東北楽天ゴールデンイーグルス,埼玉西武ライオンズ,13.0,2.0,UNKNOWN,Koboパーク宮城,unknown,low,False,False,,,[],[],,,,,0,light,2017-05-28 13:00:00+00:00,,UNKNOWN,,,,UNKNOWN,UNKNOWN,,UNKNOWN,,,,,,,,,,,,,,,,,,,,,,,,,,,,,,,,False,False,UNKNOWN,False,False,,,,,,,,,,NPB,2017-05-28 13:00:00,1,,,0,
2017052801,2017-05-28 14:00:00,読売ジャイアンツ,広島東洋カープ,2.0,3.0,UNKNOWN,東京ドーム,unknown,low,False,False,,,[],[],,,,,0,light,2017-05-28 14:00:00+00:00,,UNKNOWN,,,,UNKNOWN,UNKNOWN,,UNKNOWN,,,,,,,,,,,,,,,,,,,,,,,,,,,,,,,,False,False,UNKNOWN,False,False,2017-05-28 05:00:00+00:00,,UNKNOWN,Open-Meteo Historical Forecast,FAIL_CLOSED_NO_ISSUANCE_TIMESTAMP,24.3,42.0,0.0,5.8,NPB,2017-05-28 14:00:00,1,,,0,
2017052801,2017-05-28 14:00:00,読売ジャイアンツ,広島東洋カープ,2.0,3.0,UNKNOWN,東京ドーム,unknown,low,False,False,,,[],[],,,,,0,light,2017-05-28 14:00:00+00:00,,UNKNOWN,,,,UNKNOWN,UNKNOWN,,UNKNOWN,,,,,,,,,,,,,,,,,,,,,,,,,,,,,,,,False,False,UNKNOWN,False,False,2017-05-28 05:00:00+00:00,,UNKNOWN,Open-Meteo Historical Forecast,FAIL_CLOSED_NO_ISSUANCE_TIMESTAMP,24.3,42.0,0.0,5.8,NPB,2017-05-28 14:00:00,1,,,0,
2017052802,2017-05-28 14:00:00,中日ドラゴンズ,東京ヤクルトスワローズ,1.0,7.0,UNKNOWN,ナゴヤドーム,unknown,low,False,False,,,[],[],,,,,0,light,2017-05-28 14:00:00+00:00,,UNKNOWN,,,,UNKNOWN,UNKNOWN,,UNKNOWN,,,,,,,,,,,,,,,,,,,,,,,,,,,,,,,,False,False,UNKNOWN,False,False,,,,,,,,,,NPB,2017-05-28 14:00:00,1,,,0,
2017052803,2017-05-28 14:00:00,阪神タイガース,横浜DeNAベイスターズ,2.0,6.0,UNKNOWN,阪神甲子園球場,unknown,low,False,False,,,[],[],,,,,0,light,2017-05-28 14:00:00+00:00,,UNKNOWN,,,,UNKNOWN,UNKNOWN,,UNKNOWN,,,,,,,,,,,,,,,,,,,,,,,,,,,,,,,,False,False,UNKNOWN,False,False,,,,,,,,,,NPB,2017-05-28 14:00:00,1,,,0,
2017052804,2017-05-28 14:00:00,北海道日本ハムファイターズ,福岡ソフトバンクホークス,1.0,6.0,UNKNOWN,札幌ドーム,unknown,low,False,False,,,[],[],,,,,0,light,2017-05-28 14:00:00+00:00,,UNKNOWN,,,,UNKNOWN,UNKNOWN,,UNKNOWN,,,,,,,,,,,,,,,,,,,,,,,,,,,,,,,,False,False,UNKNOWN,False,False,,,,,,,,,,NPB,2017-05-28 14:00:00,1,,,0,
2017052806,2017-05-28 14:00:00,千葉ロッテマリーンズ,オリックス・バファローズ,1.0,2.0,UNKNOWN,ＺＯＺＯマリンスタジアム,unknown,low,False,False,,,[],[],,,,,0,light,2017-05-28 14:00:00+00:00,,UNKNOWN,,,,UNKNOWN,UNKNOWN,,UNKNOWN,,,,,,,,,,,,,,,,,,,,,,,,,,,,,,,,False,False,UNKNOWN,False,False,,,,,,,,,,NPB,2017-05-28 14:00:00,1,,,0,
2017053001,2017-05-30 18:00:00,北海道日本ハムファイターズ,横浜DeNAベイスターズ,0.0,3.0,UNKNOWN,札幌ドーム,unknown,low,False,False,,,[],[],,,,,0,light,2017-05-30 18:00:00+00:00,,UNKNOWN,,,,UNKNOWN,UNKNOWN,,UNKNOWN,,,,,,,,,,,,,,,,,,,,,,,,,,,,,,,,False,False,UNKNOWN,False,False,,,,,,,,,,NPB,2017-05-30 18:00:00,1,,,0,
2017053002,2017-05-30 18:00:00,東北楽天ゴールデンイーグルス,読売ジャイアンツ,13.0,5.0,UNKNOWN,Koboパーク宮城,unknown,low,False,False,,,[],[],,,,,0,light,2017-05-30 18:00:00+00:00,,UNKNOWN,,,,UNKNOWN,UNKNOWN,,UNKNOWN,,,,,,,,,,,,,,,,,,,,,,,,,,,,,,,,False,False,UNKNOWN,False,False,,,,,,,,,,NPB,2017-05-30 18:00:00,1,,,0,
2017053003,2017-05-30 18:00:00,埼玉西武ライオンズ,広島東洋カープ,0.0,5.0,UNKNOWN,メットライフドーム,unknown,low,False,False,,,[],[],,,,,0,light,2017-05-30 18:00:00+00:00,,UNKNOWN,,,,UNKNOWN,UNKNOWN,,UNKNOWN,,,,,,,,,,,,,,,,,,,,,,,,,,,,,,,,False,False,UNKNOWN,False,False,,,,,,,,,,NPB,2017-05-30 18:00:00,1,,,0,
2017053005,2017-05-30 18:00:00,オリックス・バファローズ,東京ヤクルトスワローズ,9.0,1.0,UNKNOWN,京セラドーム大阪,unknown,low,False,False,,,[],[],,,,,0,light,2017-05-30 18:00:00+00:00,,UNKNOWN,,,,UNKNOWN,UNKNOWN,,UNKNOWN,,,,,,,,,,,,,,,,,,,,,,,,,,,,,,,,False,False,UNKNOWN,False,False,,,,,,,,,,NPB,2017-05-30 18:00:00,1,,,0,
2017053006,2017-05-30 18:00:00,福岡ソフトバンクホークス,中日ドラゴンズ,10.0,2.0,UNKNOWN,福岡 ヤフオク!ドーム,unknown,low,False,False,,,[],[],,,,,0,light,2017-05-30 18:00:00+00:00,,UNKNOWN,,,,UNKNOWN,UNKNOWN,,UNKNOWN,,,,,,,,,,,,,,,,,,,,,,,,,,,,,,,,False,False,UNKNOWN,False,False,,,,,,,,,,NPB,2017-05-30 18:00:00,1,,,0,
2017053004,2017-05-30 18:15:00,千葉ロッテマリーンズ,阪神タイガース,7.0,15.0,UNKNOWN,ＺＯＺＯマリンスタジアム,unknown,low,False,False,,,[],[],,,,,0,light,2017-05-30 18:15:00+00:00,,UNKNOWN,,,,UNKNOWN,UNKNOWN,,UNKNOWN,,,,,,,,,,,,,,,,,,,,,,,,,,,,,,,,False,False,UNKNOWN,False,False,,,,,,,,,,NPB,2017-05-30 18:15:00,1,,,0,
2017053101,2017-05-31 18:00:00,北海道日本ハムファイターズ,横浜DeNAベイスターズ,6.0,1.0,UNKNOWN,札幌ドーム,unknown,low,False,False,,,[],[],,,,,0,light,2017-05-31 18:00:00+00:00,,UNKNOWN,,,,UNKNOWN,UNKNOWN,,UNKNOWN,,,,,,,,,,,,,,,,,,,,,,,,,,,,,,,,False,False,UNKNOWN,False,False,,,,,,,,,,NPB,2017-05-31 18:00:00,1,,,0,
2017053102,2017-05-31 18:00:00,東北楽天ゴールデンイーグルス,読売ジャイアンツ,6.0,0.0,UNKNOWN,Koboパーク宮城,unknown,low,False,False,,,[],[],,,,,0,light,2017-05-31 18:00:00+00:00,,UNKNOWN,,,,UNKNOWN,UNKNOWN,,UNKNOWN,,,,,,,,,,,,,,,,,,,,,,,,,,,,,,,,False,False,UNKNOWN,False,False,,,,,,,,,,NPB,2017-05-31 18:00:00,1,,,0,
2017053103,2017-05-31 18:00:00,埼玉西武ライオンズ,広島東洋カープ,4.0,9.0,UNKNOWN,メットライフドーム,unknown,low,False,False,,,[],[],,,,,0,light,2017-05-31 18:00:00+00:00,,UNKNOWN,,,,UNKNOWN,UNKNOWN,,UNKNOWN,,,,,,,,,,,,,,,,,,,,,,,,,,,,,,,,False,False,UNKNOWN,False,False,,,,,,,,,,NPB,2017-05-31 18:00:00,1,,,0,
2017053105,2017-05-31 18:00:00,オリックス・バファローズ,東京ヤクルトスワローズ,2.0,1.0,UNKNOWN,京セラドーム大阪,unknown,low,False,False,,,[],[],,,,,0,light,2017-05-31 18:00:00+00:00,,UNKNOWN,,,,UNKNOWN,UNKNOWN,,UNKNOWN,,,,,,,,,,,,,,,,,,,,,,,,,,,,,,,,False,False,UNKNOWN,False,False,,,,,,,,,,NPB,2017-05-31 18:00:00,1,,,0,
2017053106,2017-05-31 18:00:00,福岡ソフトバンクホークス,中日ドラゴンズ,7.0,2.0,UNKNOWN,福岡 ヤフオク!ドーム,unknown,low,False,False,,,[],[],,,,,0,light,2017-05-31 18:00:00+00:00,,UNKNOWN,,,,UNKNOWN,UNKNOWN,,UNKNOWN,,,,,,,,,,,,,,,,,,,,,,,,,,,,,,,,False,False,UNKNOWN,False,False,,,,,,,,,,NPB,2017-05-31 18:00:00,1,,,0,
2017053104,2017-05-31 18:15:00,千葉ロッテマリーンズ,阪神タイガース,0.0,5.0,UNKNOWN,ＺＯＺＯマリンスタジアム,unknown,low,False,False,,,[],[],,,,,0,light,2017-05-31 18:15:00+00:00,,UNKNOWN,,,,UNKNOWN,UNKNOWN,,UNKNOWN,,,,,,,,,,,,,,,,,,,,,,,,,,,,,,,,False,False,UNKNOWN,False,False,,,,,,,,,,NPB,2017-05-31 18:15:00,1,,,0,
2017060101,2017-06-01 18:00:00,北海道日本ハムファイターズ,横浜DeNAベイスターズ,5.0,3.0,UNKNOWN,札幌ドーム,unknown,low,False,False,,,[],[],,,,,0,light,2017-06-01 18:00:00+00:00,,UNKNOWN,,,,UNKNOWN,UNKNOWN,,UNKNOWN,,,,,,,,,,,,,,,,,,,,,,,,,,,,,,,,False,False,UNKNOWN,False,False,,,,,,,,,,NPB,2017-06-01 18:00:00,1,,,0,
2017060102,2017-06-01 18:00:00,東北楽天ゴールデンイーグルス,読売ジャイアンツ,3.0,2.0,UNKNOWN,Koboパーク宮城,unknown,low,False,False,,,[],[],,,,,0,light,2017-06-01 18:00:00+00:00,,UNKNOWN,,,,UNKNOWN,UNKNOWN,,UNKNOWN,,,,,,,,,,,,,,,,,,,,,,,,,,,,,,,,False,False,UNKNOWN,False,False,,,,,,,,,,NPB,2017-06-01 18:00:00,1,,,0,
2017060103,2017-06-01 18:00:00,埼玉西武ライオンズ,広島東洋カープ,4.0,2.0,UNKNOWN,メットライフドーム,unknown,low,False,False,,,[],[],,,,,0,light,2017-06-01 18:00:00+00:00,,UNKNOWN,,,,UNKNOWN,UNKNOWN,,UNKNOWN,,,,,,,,,,,,,,,,,,,,,,,,,,,,,,,,False,False,UNKNOWN,False,False,,,,,,,,,,NPB,2017-06-01 18:00:00,1,,,0,
2017060105,2017-06-01 18:00:00,オリックス・バファローズ,東京ヤクルトスワローズ,3.0,2.0,UNKNOWN,京セラドーム大阪,unknown,low,False,False,,,[],[],,,,,0,light,2017-06-01 18:00:00+00:00,,UNKNOWN,,,,UNKNOWN,UNKNOWN,,UNKNOWN,,,,,,,,,,,,,,,,,,,,,,,,,,,,,,,,False,False,UNKNOWN,False,False,,,,,,,,,,NPB,2017-06-01 18:00:00,1,,,0,
2017060106,2017-06-01 18:00:00,福岡ソフトバンクホークス,中日ドラゴンズ,1.0,5.0,UNKNOWN,福岡 ヤフオク!ドーム,unknown,low,False,False,,,[],[],,,,,0,light,2017-06-01 18:00:00+00:00,,UNKNOWN,,,,UNKNOWN,UNKNOWN,,UNKNOWN,,,,,,,,,,,,,,,,,,,,,,,,,,,,,,,,False,False,UNKNOWN,False,False,,,,,,,,,,NPB,2017-06-01 18:00:00,1,,,0,
2017060104,2017-06-01 18:15:00,千葉ロッテマリーンズ,阪神タイガース,8.0,1.0,UNKNOWN,ＺＯＺＯマリンスタジアム,unknown,low,False,False,,,[],[],,,,,0,light,2017-06-01 18:15:00+00:00,,UNKNOWN,,,,UNKNOWN,UNKNOWN,,UNKNOWN,,,,,,,,,,,,,,,,,,,,,,,,,,,,,,,,False,False,UNKNOWN,False,False,,,,,,,,,,NPB,2017-06-01 18:15:00,1,,,0,
2017060201,2017-06-02 18:00:00,読売ジャイアンツ,オリックス・バファローズ,5.0,6.0,UNKNOWN,東京ドーム,unknown,low,False,False,,,[],[],,,,,0,light,2017-06-02 18:00:00+00:00,,UNKNOWN,,,,UNKNOWN,UNKNOWN,,UNKNOWN,,,,,,,,,,,,,,,,,,,,,,,,,,,,,,,,False,False,UNKNOWN,False,False,2017-06-02 09:00:00+00:00,,UNKNOWN,Open-Meteo Historical Forecast,FAIL_CLOSED_NO_ISSUANCE_TIMESTAMP,23.4,26.0,0.0,10.4,NPB,2017-06-02 18:00:00,1,,,0,
2017060201,2017-06-02 18:00:00,読売ジャイアンツ,オリックス・バファローズ,5.0,6.0,UNKNOWN,東京ドーム,unknown,low,False,False,,,[],[],,,,,0,light,2017-06-02 18:00:00+00:00,,UNKNOWN,,,,UNKNOWN,UNKNOWN,,UNKNOWN,,,,,,,,,,,,,,,,,,,,,,,,,,,,,,,,False,False,UNKNOWN,False,False,2017-06-02 09:00:00+00:00,,UNKNOWN,Open-Meteo Historical Forecast,FAIL_CLOSED_NO_ISSUANCE_TIMESTAMP,23.4,26.0,0.0,10.4,NPB,2017-06-02 18:00:00,1,,,0,
2017060202,2017-06-02 18:00:00,東京ヤクルトスワローズ,埼玉西武ライオンズ,2.0,3.0,UNKNOWN,明治神宮野球場,unknown,low,False,False,,,[],[],,,,,0,light,2017-06-02 18:00:00+00:00,,UNKNOWN,,,,UNKNOWN,UNKNOWN,,UNKNOWN,,,,,,,,,,,,,,,,,,,,,,,,,,,,,,,,False,False,UNKNOWN,False,False,,,,,,,,,,NPB,2017-06-02 18:00:00,1,,,0,
2017060203,2017-06-02 18:00:00,横浜DeNAベイスターズ,福岡ソフトバンクホークス,4.0,6.0,UNKNOWN,横浜スタジアム,unknown,low,False,False,,,[],[],,,,,0,light,2017-06-02 18:00:00+00:00,,UNKNOWN,,,,UNKNOWN,UNKNOWN,,UNKNOWN,,,,,,,,,,,,,,,,,,,,,,,,,,,,,,,,False,False,UNKNOWN,False,False,,,,,,,,,,NPB,2017-06-02 18:00:00,1,,,0,
2017060204,2017-06-02 18:00:00,中日ドラゴンズ,東北楽天ゴールデンイーグルス,6.0,3.0,UNKNOWN,ナゴヤドーム,unknown,low,False,False,,,[],[],,,,,0,light,2017-06-02 18:00:00+00:00,,UNKNOWN,,,,UNKNOWN,UNKNOWN,,UNKNOWN,,,,,,,,,,,,,,,,,,,,,,,,,,,,,,,,False,False,UNKNOWN,False,False,,,,,,,,,,NPB,2017-06-02 18:00:00,1,,,0,
2017060205,2017-06-02 18:00:00,阪神タイガース,北海道日本ハムファイターズ,2.0,4.0,UNKNOWN,阪神甲子園球場,unknown,low,False,False,,,[],[],,,,,0,light,2017-06-02 18:00:00+00:00,,UNKNOWN,,,,UNKNOWN,UNKNOWN,,UNKNOWN,,,,,,,,,,,,,,,,,,,,,,,,,,,,,,,,False,False,UNKNOWN,False,False,,,,,,,,,,NPB,2017-06-02 18:00:00,1,,,0,
2017060206,2017-06-02 18:00:00,広島東洋カープ,千葉ロッテマリーンズ,4.0,5.0,UNKNOWN,ＭＡＺＤＡ　Ｚｏｏｍ－Ｚｏｏｍ　スタジアム広島,unknown,low,False,False,,,[],[],,,,,0,light,2017-06-02 18:00:00+00:00,,UNKNOWN,,,,UNKNOWN,UNKNOWN,,UNKNOWN,,,,,,,,,,,,,,,,,,,,,,,,,,,,,,,,False,False,UNKNOWN,False,False,,,,,,,,,,NPB,2017-06-02 18:00:00,1,,,0,
2017060301,2017-06-03 14:00:00,読売ジャイアンツ,オリックス・バファローズ,4.0,5.0,UNKNOWN,東京ドーム,unknown,low,False,False,,,[],[],,,,,0,light,2017-06-03 14:00:00+00:00,,UNKNOWN,,,,UNKNOWN,UNKNOWN,,UNKNOWN,,,,,,,,,,,,,,,,,,,,,,,,,,,,,,,,False,False,UNKNOWN,False,False,2017-06-03 05:00:00+00:00,,UNKNOWN,Open-Meteo Historical Forecast,FAIL_CLOSED_NO_ISSUANCE_TIMESTAMP,24.2,38.0,0.0,9.9,NPB,2017-06-03 14:00:00,1,,,0,
2017060301,2017-06-03 14:00:00,読売ジャイアンツ,オリックス・バファローズ,4.0,5.0,UNKNOWN,東京ドーム,unknown,low,False,False,,,[],[],,,,,0,light,2017-06-03 14:00:00+00:00,,UNKNOWN,,,,UNKNOWN,UNKNOWN,,UNKNOWN,,,,,,,,,,,,,,,,,,,,,,,,,,,,,,,,False,False,UNKNOWN,False,False,2017-06-03 05:00:00+00:00,,UNKNOWN,Open-Meteo Historical Forecast,FAIL_CLOSED_NO_ISSUANCE_TIMESTAMP,24.2,38.0,0.0,9.9,NPB,2017-06-03 14:00:00,1,,,0,
2017060302,2017-06-03 14:00:00,東京ヤクルトスワローズ,埼玉西武ライオンズ,2.0,11.0,UNKNOWN,明治神宮野球場,unknown,low,False,False,,,[],[],,,,,0,light,2017-06-03 14:00:00+00:00,,UNKNOWN,,,,UNKNOWN,UNKNOWN,,UNKNOWN,,,,,,,,,,,,,,,,,,,,,,,,,,,,,,,,False,False,UNKNOWN,False,False,,,,,,,,,,NPB,2017-06-03 14:00:00,1,,,0,
2017060303,2017-06-03 14:00:00,横浜DeNAベイスターズ,福岡ソフトバンクホークス,3.0,7.0,UNKNOWN,横浜スタジアム,unknown,low,False,False,,,[],[],,,,,0,light,2017-06-03 14:00:00+00:00,,UNKNOWN,,,,UNKNOWN,UNKNOWN,,UNKNOWN,,,,,,,,,,,,,,,,,,,,,,,,,,,,,,,,False,False,UNKNOWN,False,False,,,,,,,,,,NPB,2017-06-03 14:00:00,1,,,0,
2017060304,2017-06-03 14:00:00,中日ドラゴンズ,東北楽天ゴールデンイーグルス,1.0,5.0,UNKNOWN,ナゴヤドーム,unknown,low,False,False,,,[],[],,,,,0,light,2017-06-03 14:00:00+00:00,,UNKNOWN,,,,UNKNOWN,UNKNOWN,,UNKNOWN,,,,,,,,,,,,,,,,,,,,,,,,,,,,,,,,False,False,UNKNOWN,False,False,,,,,,,,,,NPB,2017-06-03 14:00:00,1,,,0,
2017060306,2017-06-03 14:00:00,広島東洋カープ,千葉ロッテマリーンズ,6.0,5.0,UNKNOWN,ＭＡＺＤＡ　Ｚｏｏｍ－Ｚｏｏｍ　スタジアム広島,unknown,low,False,False,,,[],[],,,,,0,light,2017-06-03 14:00:00+00:00,,UNKNOWN,,,,UNKNOWN,UNKNOWN,,UNKNOWN,,,,,,,,,,,,,,,,,,,,,,,,,,,,,,,,False,False,UNKNOWN,False,False,,,,,,,,,,NPB,2017-06-03 14:00:00,1,,,0,
2017060305,2017-06-03 18:00:00,阪神タイガース,北海道日本ハムファイターズ,4.0,2.0,UNKNOWN,阪神甲子園球場,unknown,low,False,False,,,[],[],,,,,0,light,2017-06-03 18:00:00+00:00,,UNKNOWN,,,,UNKNOWN,UNKNOWN,,UNKNOWN,,,,,,,,,,,,,,,,,,,,,,,,,,,,,,,,False,False,UNKNOWN,False,False,,,,,,,,,,NPB,2017-06-03 18:00:00,1,,,0,
2017060402,2017-06-04 13:00:00,東京ヤクルトスワローズ,埼玉西武ライオンズ,8.0,8.0,UNKNOWN,明治神宮野球場,unknown,low,False,False,,,[],[],,,,,0,light,2017-06-04 13:00:00+00:00,,UNKNOWN,,,,UNKNOWN,UNKNOWN,,UNKNOWN,,,,,,,,,,,,,,,,,,,,,,,,,,,,,,,,False,False,UNKNOWN,False,False,,,,,,,,,,NPB,2017-06-04 13:00:00,1,,,0,
2017060403,2017-06-04 13:00:00,横浜DeNAベイスターズ,福岡ソフトバンクホークス,5.0,3.0,UNKNOWN,横浜スタジアム,unknown,low,False,False,,,[],[],,,,,0,light,2017-06-04 13:00:00+00:00,,UNKNOWN,,,,UNKNOWN,UNKNOWN,,UNKNOWN,,,,,,,,,,,,,,,,,,,,,,,,,,,,,,,,False,False,UNKNOWN,False,False,,,,,,,,,,NPB,2017-06-04 13:00:00,1,,,0,
2017060406,2017-06-04 13:30:00,広島東洋カープ,千葉ロッテマリーンズ,7.0,1.0,UNKNOWN,ＭＡＺＤＡ　Ｚｏｏｍ－Ｚｏｏｍ　スタジアム広島,unknown,low,False,False,,,[],[],,,,,0,light,2017-06-04 13:30:00+00:00,,UNKNOWN,,,,UNKNOWN,UNKNOWN,,UNKNOWN,,,,,,,,,,,,,,,,,,,,,,,,,,,,,,,,False,False,UNKNOWN,False,False,,,,,,,,,,NPB,2017-06-04 13:30:00,1,,,0,
2017060401,2017-06-04 14:00:00,読売ジャイアンツ,オリックス・バファローズ,1.0,3.0,UNKNOWN,東京ドーム,unknown,low,False,False,,,[],[],,,,,0,light,2017-06-04 14:00:00+00:00,,UNKNOWN,,,,UNKNOWN,UNKNOWN,,UNKNOWN,,,,,,,,,,,,,,,,,,,,,,,,,,,,,,,,False,False,UNKNOWN,False,False,2017-06-04 05:00:00+00:00,,UNKNOWN,Open-Meteo Historical Forecast,FAIL_CLOSED_NO_ISSUANCE_TIMESTAMP,24.7,28.0,0.0,8.1,NPB,2017-06-04 14:00:00,1,,,0,
2017060401,2017-06-04 14:00:00,読売ジャイアンツ,オリックス・バファローズ,1.0,3.0,UNKNOWN,東京ドーム,unknown,low,False,False,,,[],[],,,,,0,light,2017-06-04 14:00:00+00:00,,UNKNOWN,,,,UNKNOWN,UNKNOWN,,UNKNOWN,,,,,,,,,,,,,,,,,,,,,,,,,,,,,,,,False,False,UNKNOWN,False,False,2017-06-04 05:00:00+00:00,,UNKNOWN,Open-Meteo Historical Forecast,FAIL_CLOSED_NO_ISSUANCE_TIMESTAMP,24.7,28.0,0.0,8.1,NPB,2017-06-04 14:00:00,1,,,0,
2017060404,2017-06-04 14:00:00,中日ドラゴンズ,東北楽天ゴールデンイーグルス,2.0,0.0,UNKNOWN,ナゴヤドーム,unknown,low,False,False,,,[],[],,,,,0,light,2017-06-04 14:00:00+00:00,,UNKNOWN,,,,UNKNOWN,UNKNOWN,,UNKNOWN,,,,,,,,,,,,,,,,,,,,,,,,,,,,,,,,False,False,UNKNOWN,False,False,,,,,,,,,,NPB,2017-06-04 14:00:00,1,,,0,
2017060405,2017-06-04 14:00:00,阪神タイガース,北海道日本ハムファイターズ,4.0,3.0,UNKNOWN,阪神甲子園球場,unknown,low,False,False,,,[],[],,,,,0,light,2017-06-04 14:00:00+00:00,,UNKNOWN,,,,UNKNOWN,UNKNOWN,,UNKNOWN,,,,,,,,,,,,,,,,,,,,,,,,,,,,,,,,False,False,UNKNOWN,False,False,,,,,,,,,,NPB,2017-06-04 14:00:00,1,,,0,
2017060602,2017-06-06 17:00:00,東北楽天ゴールデンイーグルス,横浜DeNAベイスターズ,1.0,9.0,UNKNOWN,荘内銀行・日新製薬スタジアムやまがた,unknown,low,False,False,,,[],[],,,,,0,light,2017-06-06 17:00:00+00:00,,UNKNOWN,,,,UNKNOWN,UNKNOWN,,UNKNOWN,,,,,,,,,,,,,,,,,,,,,,,,,,,,,,,,False,False,UNKNOWN,False,False,,,,,,,,,,NPB,2017-06-06 17:00:00,1,,,0,
2017060601,2017-06-06 18:00:00,北海道日本ハムファイターズ,広島東洋カープ,3.0,4.0,UNKNOWN,札幌ドーム,unknown,low,False,False,,,[],[],,,,,0,light,2017-06-06 18:00:00+00:00,,UNKNOWN,,,,UNKNOWN,UNKNOWN,,UNKNOWN,,,,,,,,,,,,,,,,,,,,,,,,,,,,,,,,False,False,UNKNOWN,False,False,,,,,,,,,,NPB,2017-06-06 18:00:00,1,,,0,
2017060603,2017-06-06 18:00:00,埼玉西武ライオンズ,読売ジャイアンツ,8.0,5.0,UNKNOWN,メットライフドーム,unknown,low,False,False,,,[],[],,,,,0,light,2017-06-06 18:00:00+00:00,,UNKNOWN,,,,UNKNOWN,UNKNOWN,,UNKNOWN,,,,,,,,,,,,,,,,,,,,,,,,,,,,,,,,False,False,UNKNOWN,False,False,,,,,,,,,,NPB,2017-06-06 18:00:00,1,,,0,
2017060605,2017-06-06 18:00:00,オリックス・バファローズ,阪神タイガース,4.0,11.0,UNKNOWN,京セラドーム大阪,unknown,low,False,False,,,[],[],,,,,0,light,2017-06-06 18:00:00+00:00,,UNKNOWN,,,,UNKNOWN,UNKNOWN,,UNKNOWN,,,,,,,,,,,,,,,,,,,,,,,,,,,,,,,,False,False,UNKNOWN,False,False,,,,,,,,,,NPB,2017-06-06 18:00:00,1,,,0,
2017060606,2017-06-06 18:00:00,福岡ソフトバンクホークス,東京ヤクルトスワローズ,2.0,1.0,UNKNOWN,福岡 ヤフオク!ドーム,unknown,low,False,False,,,[],[],,,,,0,light,2017-06-06 18:00:00+00:00,,UNKNOWN,,,,UNKNOWN,UNKNOWN,,UNKNOWN,,,,,,,,,,,,,,,,,,,,,,,,,,,,,,,,False,False,UNKNOWN,False,False,,,,,,,,,,NPB,2017-06-06 18:00:00,1,,,0,
2017060604,2017-06-06 18:15:00,千葉ロッテマリーンズ,中日ドラゴンズ,0.0,3.0,UNKNOWN,ＺＯＺＯマリンスタジアム,unknown,low,False,False,,,[],[],,,,,0,light,2017-06-06 18:15:00+00:00,,UNKNOWN,,,,UNKNOWN,UNKNOWN,,UNKNOWN,,,,,,,,,,,,,,,,,,,,,,,,,,,,,,,,False,False,UNKNOWN,False,False,,,,,,,,,,NPB,2017-06-06 18:15:00,1,,,0,
2017060701,2017-06-07 18:00:00,北海道日本ハムファイターズ,広島東洋カープ,3.0,8.0,UNKNOWN,札幌ドーム,unknown,low,False,False,,,[],[],,,,,0,light,2017-06-07 18:00:00+00:00,,UNKNOWN,,,,UNKNOWN,UNKNOWN,,UNKNOWN,,,,,,,,,,,,,,,,,,,,,,,,,,,,,,,,False,False,UNKNOWN,False,False,,,,,,,,,,NPB,2017-06-07 18:00:00,1,,,0,
2017060702,2017-06-07 18:00:00,東北楽天ゴールデンイーグルス,横浜DeNAベイスターズ,6.0,10.0,UNKNOWN,Koboパーク宮城,unknown,low,False,False,,,[],[],,,,,0,light,2017-06-07 18:00:00+00:00,,UNKNOWN,,,,UNKNOWN,UNKNOWN,,UNKNOWN,,,,,,,,,,,,,,,,,,,,,,,,,,,,,,,,False,False,UNKNOWN,False,False,,,,,,,,,,NPB,2017-06-07 18:00:00,1,,,0,
2017060703,2017-06-07 18:00:00,埼玉西武ライオンズ,読売ジャイアンツ,3.0,0.0,UNKNOWN,メットライフドーム,unknown,low,False,False,,,[],[],,,,,0,light,2017-06-07 18:00:00+00:00,,UNKNOWN,,,,UNKNOWN,UNKNOWN,,UNKNOWN,,,,,,,,,,,,,,,,,,,,,,,,,,,,,,,,False,False,UNKNOWN,False,False,,,,,,,,,,NPB,2017-06-07 18:00:00,1,,,0,
2017060705,2017-06-07 18:00:00,オリックス・バファローズ,阪神タイガース,5.0,4.0,UNKNOWN,京セラドーム大阪,unknown,low,False,False,,,[],[],,,,,0,light,2017-06-07 18:00:00+00:00,,UNKNOWN,,,,UNKNOWN,UNKNOWN,,UNKNOWN,,,,,,,,,,,,,,,,,,,,,,,,,,,,,,,,False,False,UNKNOWN,False,False,,,,,,,,,,NPB,2017-06-07 18:00:00,1,,,0,
2017060706,2017-06-07 18:00:00,福岡ソフトバンクホークス,東京ヤクルトスワローズ,4.0,1.0,UNKNOWN,福岡 ヤフオク!ドーム,unknown,low,False,False,,,[],[],,,,,0,light,2017-06-07 18:00:00+00:00,,UNKNOWN,,,,UNKNOWN,UNKNOWN,,UNKNOWN,,,,,,,,,,,,,,,,,,,,,,,,,,,,,,,,False,False,UNKNOWN,False,False,,,,,,,,,,NPB,2017-06-07 18:00:00,1,,,0,
2017060704,2017-06-07 18:15:00,千葉ロッテマリーンズ,中日ドラゴンズ,2.0,4.0,UNKNOWN,ＺＯＺＯマリンスタジアム,unknown,low,False,False,,,[],[],,,,,0,light,2017-06-07 18:15:00+00:00,,UNKNOWN,,,,UNKNOWN,UNKNOWN,,UNKNOWN,,,,,,,,,,,,,,,,,,,,,,,,,,,,,,,,False,False,UNKNOWN,False,False,,,,,,,,,,NPB,2017-06-07 18:15:00,1,,,0,
2017060801,2017-06-08 18:00:00,北海道日本ハムファイターズ,広島東洋カープ,3.0,5.0,UNKNOWN,札幌ドーム,unknown,low,False,False,,,[],[],,,,,0,light,2017-06-08 18:00:00+00:00,,UNKNOWN,,,,UNKNOWN,UNKNOWN,,UNKNOWN,,,,,,,,,,,,,,,,,,,,,,,,,,,,,,,,False,False,UNKNOWN,False,False,,,,,,,,,,NPB,2017-06-08 18:00:00,1,,,0,
2017060802,2017-06-08 18:00:00,東北楽天ゴールデンイーグルス,横浜DeNAベイスターズ,8.0,2.0,UNKNOWN,Koboパーク宮城,unknown,low,False,False,,,[],[],,,,,0,light,2017-06-08 18:00:00+00:00,,UNKNOWN,,,,UNKNOWN,UNKNOWN,,UNKNOWN,,,,,,,,,,,,,,,,,,,,,,,,,,,,,,,,False,False,UNKNOWN,False,False,,,,,,,,,,NPB,2017-06-08 18:00:00,1,,,0,
2017060803,2017-06-08 18:00:00,埼玉西武ライオンズ,読売ジャイアンツ,13.0,2.0,UNKNOWN,メットライフドーム,unknown,low,False,False,,,[],[],,,,,0,light,2017-06-08 18:00:00+00:00,,UNKNOWN,,,,UNKNOWN,UNKNOWN,,UNKNOWN,,,,,,,,,,,,,,,,,,,,,,,,,,,,,,,,False,False,UNKNOWN,False,False,,,,,,,,,,NPB,2017-06-08 18:00:00,1,,,0,
2017060805,2017-06-08 18:00:00,オリックス・バファローズ,阪神タイガース,2.0,3.0,UNKNOWN,京セラドーム大阪,unknown,low,False,False,,,[],[],,,,,0,light,2017-06-08 18:00:00+00:00,,UNKNOWN,,,,UNKNOWN,UNKNOWN,,UNKNOWN,,,,,,,,,,,,,,,,,,,,,,,,,,,,,,,,False,False,UNKNOWN,False,False,,,,,,,,,,NPB,2017-06-08 18:00:00,1,,,0,
2017060806,2017-06-08 18:00:00,福岡ソフトバンクホークス,東京ヤクルトスワローズ,15.0,0.0,UNKNOWN,福岡 ヤフオク!ドーム,unknown,low,False,False,,,[],[],,,,,0,light,2017-06-08 18:00:00+00:00,,UNKNOWN,,,,UNKNOWN,UNKNOWN,,UNKNOWN,,,,,,,,,,,,,,,,,,,,,,,,,,,,,,,,False,False,UNKNOWN,False,False,,,,,,,,,,NPB,2017-06-08 18:00:00,1,,,0,
2017060804,2017-06-08 18:15:00,千葉ロッテマリーンズ,中日ドラゴンズ,9.0,5.0,UNKNOWN,ＺＯＺＯマリンスタジアム,unknown,low,False,False,,,[],[],,,,,0,light,2017-06-08 18:15:00+00:00,,UNKNOWN,,,,UNKNOWN,UNKNOWN,,UNKNOWN,,,,,,,,,,,,,,,,,,,,,,,,,,,,,,,,False,False,UNKNOWN,False,False,,,,,,,,,,NPB,2017-06-08 18:15:00,1,,,0,
2017060901,2017-06-09 18:00:00,北海道日本ハムファイターズ,読売ジャイアンツ,1.0,2.0,UNKNOWN,札幌ドーム,unknown,low,False,False,,,[],[],,,,,0,light,2017-06-09 18:00:00+00:00,,UNKNOWN,,,,UNKNOWN,UNKNOWN,,UNKNOWN,,,,,,,,,,,,,,,,,,,,,,,,,,,,,,,,False,False,UNKNOWN,False,False,,,,,,,,,,NPB,2017-06-09 18:00:00,1,,,0,
2017060902,2017-06-09 18:00:00,東北楽天ゴールデンイーグルス,広島東洋カープ,3.0,12.0,UNKNOWN,Koboパーク宮城,unknown,low,False,False,,,[],[],,,,,0,light,2017-06-09 18:00:00+00:00,,UNKNOWN,,,,UNKNOWN,UNKNOWN,,UNKNOWN,,,,,,,,,,,,,,,,,,,,,,,,,,,,,,,,False,False,UNKNOWN,False,False,,,,,,,,,,NPB,2017-06-09 18:00:00,1,,,0,
2017060903,2017-06-09 18:00:00,埼玉西武ライオンズ,横浜DeNAベイスターズ,3.0,4.0,UNKNOWN,メットライフドーム,unknown,low,False,False,,,[],[],,,,,0,light,2017-06-09 18:00:00+00:00,,UNKNOWN,,,,UNKNOWN,UNKNOWN,,UNKNOWN,,,,,,,,,,,,,,,,,,,,,,,,,,,,,,,,False,False,UNKNOWN,False,False,,,,,,,,,,NPB,2017-06-09 18:00:00,1,,,0,
2017060905,2017-06-09 18:00:00,オリックス・バファローズ,中日ドラゴンズ,4.0,2.0,UNKNOWN,京セラドーム大阪,unknown,low,False,False,,,[],[],,,,,0,light,2017-06-09 18:00:00+00:00,,UNKNOWN,,,,UNKNOWN,UNKNOWN,,UNKNOWN,,,,,,,,,,,,,,,,,,,,,,,,,,,,,,,,False,False,UNKNOWN,False,False,,,,,,,,,,NPB,2017-06-09 18:00:00,1,,,0,
2017060906,2017-06-09 18:00:00,福岡ソフトバンクホークス,阪神タイガース,3.0,0.0,UNKNOWN,福岡 ヤフオク!ドーム,unknown,low,False,False,,,[],[],,,,,0,light,2017-06-09 18:00:00+00:00,,UNKNOWN,,,,UNKNOWN,UNKNOWN,,UNKNOWN,,,,,,,,,,,,,,,,,,,,,,,,,,,,,,,,False,False,UNKNOWN,False,False,,,,,,,,,,NPB,2017-06-09 18:00:00,1,,,0,
2017060904,2017-06-09 18:30:00,千葉ロッテマリーンズ,東京ヤクルトスワローズ,6.0,1.0,UNKNOWN,ＺＯＺＯマリンスタジアム,unknown,low,False,False,,,[],[],,,,,0,light,2017-06-09 18:30:00+00:00,,UNKNOWN,,,,UNKNOWN,UNKNOWN,,UNKNOWN,,,,,,,,,,,,,,,,,,,,,,,,,,,,,,,,False,False,UNKNOWN,False,False,,,,,,,,,,NPB,2017-06-09 18:30:00,1,,,0,
2017061002,2017-06-10 14:00:00,東北楽天ゴールデンイーグルス,広島東洋カープ,2.0,1.0,UNKNOWN,Koboパーク宮城,unknown,low,False,False,,,[],[],,,,,0,light,2017-06-10 14:00:00+00:00,,UNKNOWN,,,,UNKNOWN,UNKNOWN,,UNKNOWN,,,,,,,,,,,,,,,,,,,,,,,,,,,,,,,,False,False,UNKNOWN,False,False,,,,,,,,,,NPB,2017-06-10 14:00:00,1,,,0,
2017061003,2017-06-10 14:00:00,埼玉西武ライオンズ,横浜DeNAベイスターズ,6.0,2.0,UNKNOWN,メットライフドーム,unknown,low,False,False,,,[],[],,,,,0,light,2017-06-10 14:00:00+00:00,,UNKNOWN,,,,UNKNOWN,UNKNOWN,,UNKNOWN,,,,,,,,,,,,,,,,,,,,,,,,,,,,,,,,False,False,UNKNOWN,False,False,,,,,,,,,,NPB,2017-06-10 14:00:00,1,,,0,
2017061004,2017-06-10 14:00:00,千葉ロッテマリーンズ,東京ヤクルトスワローズ,4.0,1.0,UNKNOWN,ＺＯＺＯマリンスタジアム,unknown,low,False,False,,,[],[],,,,,0,light,2017-06-10 14:00:00+00:00,,UNKNOWN,,,,UNKNOWN,UNKNOWN,,UNKNOWN,,,,,,,,,,,,,,,,,,,,,,,,,,,,,,,,False,False,UNKNOWN,False,False,,,,,,,,,,NPB,2017-06-10 14:00:00,1,,,0,
2017061005,2017-06-10 14:00:00,オリックス・バファローズ,中日ドラゴンズ,5.0,3.0,UNKNOWN,京セラドーム大阪,unknown,low,False,False,,,[],[],,,,,0,light,2017-06-10 14:00:00+00:00,,UNKNOWN,,,,UNKNOWN,UNKNOWN,,UNKNOWN,,,,,,,,,,,,,,,,,,,,,,,,,,,,,,,,False,False,UNKNOWN,False,False,,,,,,,,,,NPB,2017-06-10 14:00:00,1,,,0,
2017061006,2017-06-10 14:00:00,福岡ソフトバンクホークス,阪神タイガース,1.0,5.0,UNKNOWN,福岡 ヤフオク!ドーム,unknown,low,False,False,,,[],[],,,,,0,light,2017-06-10 14:00:00+00:00,,UNKNOWN,,,,UNKNOWN,UNKNOWN,,UNKNOWN,,,,,,,,,,,,,,,,,,,,,,,,,,,,,,,,False,False,UNKNOWN,False,False,,,,,,,,,,NPB,2017-06-10 14:00:00,1,,,0,
2017061001,2017-06-10 18:00:00,北海道日本ハムファイターズ,読売ジャイアンツ,3.0,2.0,UNKNOWN,札幌ドーム,unknown,low,False,False,,,[],[],,,,,0,light,2017-06-10 18:00:00+00:00,,UNKNOWN,,,,UNKNOWN,UNKNOWN,,UNKNOWN,,,,,,,,,,,,,,,,,,,,,,,,,,,,,,,,False,False,UNKNOWN,False,False,,,,,,,,,,NPB,2017-06-10 18:00:00,1,,,0,
2017061102,2017-06-11 13:00:00,東北楽天ゴールデンイーグルス,広島東洋カープ,4.0,3.0,UNKNOWN,Koboパーク宮城,unknown,low,False,False,,,[],[],,,,,0,light,2017-06-11 13:00:00+00:00,,UNKNOWN,,,,UNKNOWN,UNKNOWN,,UNKNOWN,,,,,,,,,,,,,,,,,,,,,,,,,,,,,,,,False,False,UNKNOWN,False,False,,,,,,,,,,NPB,2017-06-11 13:00:00,1,,,0,
2017061103,2017-06-11 13:00:00,埼玉西武ライオンズ,横浜DeNAベイスターズ,1.0,0.0,UNKNOWN,メットライフドーム,unknown,low,False,False,,,[],[],,,,,0,light,2017-06-11 13:00:00+00:00,,UNKNOWN,,,,UNKNOWN,UNKNOWN,,UNKNOWN,,,,,,,,,,,,,,,,,,,,,,,,,,,,,,,,False,False,UNKNOWN,False,False,,,,,,,,,,NPB,2017-06-11 13:00:00,1,,,0,
2017061105,2017-06-11 13:00:00,オリックス・バファローズ,中日ドラゴンズ,0.0,4.0,UNKNOWN,京セラドーム大阪,unknown,low,False,False,,,[],[],,,,,0,light,2017-06-11 13:00:00+00:00,,UNKNOWN,,,,UNKNOWN,UNKNOWN,,UNKNOWN,,,,,,,,,,,,,,,,,,,,,,,,,,,,,,,,False,False,UNKNOWN,False,False,,,,,,,,,,NPB,2017-06-11 13:00:00,1,,,0,
2017061106,2017-06-11 13:00:00,福岡ソフトバンクホークス,阪神タイガース,5.0,2.0,UNKNOWN,福岡 ヤフオク!ドーム,unknown,low,False,False,,,[],[],,,,,0,light,2017-06-11 13:00:00+00:00,,UNKNOWN,,,,UNKNOWN,UNKNOWN,,UNKNOWN,,,,,,,,,,,,,,,,,,,,,,,,,,,,,,,,False,False,UNKNOWN,False,False,,,,,,,,,,NPB,2017-06-11 13:00:00,1,,,0,
2017061101,2017-06-11 14:00:00,北海道日本ハムファイターズ,読売ジャイアンツ,5.0,1.0,UNKNOWN,札幌ドーム,unknown,low,False,False,,,[],[],,,,,0,light,2017-06-11 14:00:00+00:00,,UNKNOWN,,,,UNKNOWN,UNKNOWN,,UNKNOWN,,,,,,,,,,,,,,,,,,,,,,,,,,,,,,,,False,False,UNKNOWN,False,False,,,,,,,,,,NPB,2017-06-11 14:00:00,1,,,0,
2017061104,2017-06-11 14:00:00,千葉ロッテマリーンズ,東京ヤクルトスワローズ,6.0,9.0,UNKNOWN,ＺＯＺＯマリンスタジアム,unknown,low,False,False,,,[],[],,,,,0,light,2017-06-11 14:00:00+00:00,,UNKNOWN,,,,UNKNOWN,UNKNOWN,,UNKNOWN,,,,,,,,,,,,,,,,,,,,,,,,,,,,,,,,False,False,UNKNOWN,False,False,,,,,,,,,,NPB,2017-06-11 14:00:00,1,,,0,
2017061301,2017-06-13 18:00:00,読売ジャイアンツ,福岡ソフトバンクホークス,5.0,1.0,UNKNOWN,東京ドーム,unknown,low,False,False,,,[],[],,,,,0,light,2017-06-13 18:00:00+00:00,,UNKNOWN,,,,UNKNOWN,UNKNOWN,,UNKNOWN,,,,,,,,,,,,,,,,,,,,,,,,,,,,,,,,False,False,UNKNOWN,False,False,2017-06-13 09:00:00+00:00,,UNKNOWN,Open-Meteo Historical Forecast,FAIL_CLOSED_NO_ISSUANCE_TIMESTAMP,19.0,76.0,0.0,6.5,NPB,2017-06-13 18:00:00,1,,,0,
2017061301,2017-06-13 18:00:00,読売ジャイアンツ,福岡ソフトバンクホークス,5.0,1.0,UNKNOWN,東京ドーム,unknown,low,False,False,,,[],[],,,,,0,light,2017-06-13 18:00:00+00:00,,UNKNOWN,,,,UNKNOWN,UNKNOWN,,UNKNOWN,,,,,,,,,,,,,,,,,,,,,,,,,,,,,,,,False,False,UNKNOWN,False,False,2017-06-13 09:00:00+00:00,,UNKNOWN,Open-Meteo Historical Forecast,FAIL_CLOSED_NO_ISSUANCE_TIMESTAMP,19.0,76.0,0.0,6.5,NPB,2017-06-13 18:00:00,1,,,0,
2017061302,2017-06-13 18:00:00,東京ヤクルトスワローズ,東北楽天ゴールデンイーグルス,3.0,12.0,UNKNOWN,明治神宮野球場,unknown,low,False,False,,,[],[],,,,,0,light,2017-06-13 18:00:00+00:00,,UNKNOWN,,,,UNKNOWN,UNKNOWN,,UNKNOWN,,,,,,,,,,,,,,,,,,,,,,,,,,,,,,,,False,False,UNKNOWN,False,False,,,,,,,,,,NPB,2017-06-13 18:00:00,1,,,0,
2017061303,2017-06-13 18:00:00,横浜DeNAベイスターズ,千葉ロッテマリーンズ,1.0,8.0,UNKNOWN,横浜スタジアム,unknown,low,False,False,,,[],[],,,,,0,light,2017-06-13 18:00:00+00:00,,UNKNOWN,,,,UNKNOWN,UNKNOWN,,UNKNOWN,,,,,,,,,,,,,,,,,,,,,,,,,,,,,,,,False,False,UNKNOWN,False,False,,,,,,,,,,NPB,2017-06-13 18:00:00,1,,,0,
2017061304,2017-06-13 18:00:00,中日ドラゴンズ,北海道日本ハムファイターズ,7.0,5.0,UNKNOWN,ナゴヤドーム,unknown,low,False,False,,,[],[],,,,,0,light,2017-06-13 18:00:00+00:00,,UNKNOWN,,,,UNKNOWN,UNKNOWN,,UNKNOWN,,,,,,,,,,,,,,,,,,,,,,,,,,,,,,,,False,False,UNKNOWN,False,False,,,,,,,,,,NPB,2017-06-13 18:00:00,1,,,0,
2017061305,2017-06-13 18:00:00,阪神タイガース,埼玉西武ライオンズ,7.0,2.0,UNKNOWN,阪神甲子園球場,unknown,low,False,False,,,[],[],,,,,0,light,2017-06-13 18:00:00+00:00,,UNKNOWN,,,,UNKNOWN,UNKNOWN,,UNKNOWN,,,,,,,,,,,,,,,,,,,,,,,,,,,,,,,,False,False,UNKNOWN,False,False,,,,,,,,,,NPB,2017-06-13 18:00:00,1,,,0,
2017061306,2017-06-13 18:00:00,広島東洋カープ,オリックス・バファローズ,1.0,0.0,UNKNOWN,みよし運動公園野球場,unknown,low,False,False,,,[],[],,,,,0,light,2017-06-13 18:00:00+00:00,,UNKNOWN,,,,UNKNOWN,UNKNOWN,,UNKNOWN,,,,,,,,,,,,,,,,,,,,,,,,,,,,,,,,False,False,UNKNOWN,False,False,,,,,,,,,,NPB,2017-06-13 18:00:00,1,,,0,
2017061401,2017-06-14 18:00:00,読売ジャイアンツ,福岡ソフトバンクホークス,3.0,0.0,UNKNOWN,東京ドーム,unknown,low,False,False,,,[],[],,,,,0,light,2017-06-14 18:00:00+00:00,,UNKNOWN,,,,UNKNOWN,UNKNOWN,,UNKNOWN,,,,,,,,,,,,,,,,,,,,,,,,,,,,,,,,False,False,UNKNOWN,False,False,2017-06-14 09:00:00+00:00,,UNKNOWN,Open-Meteo Historical Forecast,FAIL_CLOSED_NO_ISSUANCE_TIMESTAMP,22.2,60.0,0.0,5.9,NPB,2017-06-14 18:00:00,1,,,0,
2017061401,2017-06-14 18:00:00,読売ジャイアンツ,福岡ソフトバンクホークス,3.0,0.0,UNKNOWN,東京ドーム,unknown,low,False,False,,,[],[],,,,,0,light,2017-06-14 18:00:00+00:00,,UNKNOWN,,,,UNKNOWN,UNKNOWN,,UNKNOWN,,,,,,,,,,,,,,,,,,,,,,,,,,,,,,,,False,False,UNKNOWN,False,False,2017-06-14 09:00:00+00:00,,UNKNOWN,Open-Meteo Historical Forecast,FAIL_CLOSED_NO_ISSUANCE_TIMESTAMP,22.2,60.0,0.0,5.9,NPB,2017-06-14 18:00:00,1,,,0,
2017061402,2017-06-14 18:00:00,東京ヤクルトスワローズ,東北楽天ゴールデンイーグルス,3.0,2.0,UNKNOWN,明治神宮野球場,unknown,low,False,False,,,[],[],,,,,0,light,2017-06-14 18:00:00+00:00,,UNKNOWN,,,,UNKNOWN,UNKNOWN,,UNKNOWN,,,,,,,,,,,,,,,,,,,,,,,,,,,,,,,,False,False,UNKNOWN,False,False,,,,,,,,,,NPB,2017-06-14 18:00:00,1,,,0,
2017061403,2017-06-14 18:00:00,横浜DeNAベイスターズ,千葉ロッテマリーンズ,5.0,2.0,UNKNOWN,横浜スタジアム,unknown,low,False,False,,,[],[],,,,,0,light,2017-06-14 18:00:00+00:00,,UNKNOWN,,,,UNKNOWN,UNKNOWN,,UNKNOWN,,,,,,,,,,,,,,,,,,,,,,,,,,,,,,,,False,False,UNKNOWN,False,False,,,,,,,,,,NPB,2017-06-14 18:00:00,1,,,0,
2017061404,2017-06-14 18:00:00,中日ドラゴンズ,北海道日本ハムファイターズ,5.0,7.0,UNKNOWN,ナゴヤドーム,unknown,low,False,False,,,[],[],,,,,0,light,2017-06-14 18:00:00+00:00,,UNKNOWN,,,,UNKNOWN,UNKNOWN,,UNKNOWN,,,,,,,,,,,,,,,,,,,,,,,,,,,,,,,,False,False,UNKNOWN,False,False,,,,,,,,,,NPB,2017-06-14 18:00:00,1,,,0,
2017061405,2017-06-14 18:00:00,阪神タイガース,埼玉西武ライオンズ,2.0,4.0,UNKNOWN,阪神甲子園球場,unknown,low,False,False,,,[],[],,,,,0,light,2017-06-14 18:00:00+00:00,,UNKNOWN,,,,UNKNOWN,UNKNOWN,,UNKNOWN,,,,,,,,,,,,,,,,,,,,,,,,,,,,,,,,False,False,UNKNOWN,False,False,,,,,,,,,,NPB,2017-06-14 18:00:00,1,,,0,
2017061406,2017-06-14 18:00:00,広島東洋カープ,オリックス・バファローズ,7.0,6.0,UNKNOWN,ＭＡＺＤＡ　Ｚｏｏｍ－Ｚｏｏｍ　スタジアム広島,unknown,low,False,False,,,[],[],,,,,0,light,2017-06-14 18:00:00+00:00,,UNKNOWN,,,,UNKNOWN,UNKNOWN,,UNKNOWN,,,,,,,,,,,,,,,,,,,,,,,,,,,,,,,,False,False,UNKNOWN,False,False,,,,,,,,,,NPB,2017-06-14 18:00:00,1,,,0,
2017061501,2017-06-15 18:00:00,読売ジャイアンツ,福岡ソフトバンクホークス,3.0,7.0,UNKNOWN,東京ドーム,unknown,low,False,False,,,[],[],,,,,0,light,2017-06-15 18:00:00+00:00,,UNKNOWN,,,,UNKNOWN,UNKNOWN,,UNKNOWN,,,,,,,,,,,,,,,,,,,,,,,,,,,,,,,,False,False,UNKNOWN,False,False,2017-06-15 09:00:00+00:00,,UNKNOWN,Open-Meteo Historical Forecast,FAIL_CLOSED_NO_ISSUANCE_TIMESTAMP,22.7,64.0,0.0,9.4,NPB,2017-06-15 18:00:00,1,,,0,
2017061501,2017-06-15 18:00:00,読売ジャイアンツ,福岡ソフトバンクホークス,3.0,7.0,UNKNOWN,東京ドーム,unknown,low,False,False,,,[],[],,,,,0,light,2017-06-15 18:00:00+00:00,,UNKNOWN,,,,UNKNOWN,UNKNOWN,,UNKNOWN,,,,,,,,,,,,,,,,,,,,,,,,,,,,,,,,False,False,UNKNOWN,False,False,2017-06-15 09:00:00+00:00,,UNKNOWN,Open-Meteo Historical Forecast,FAIL_CLOSED_NO_ISSUANCE_TIMESTAMP,22.7,64.0,0.0,9.4,NPB,2017-06-15 18:00:00,1,,,0,
2017061502,2017-06-15 18:00:00,東京ヤクルトスワローズ,東北楽天ゴールデンイーグルス,6.0,2.0,UNKNOWN,明治神宮野球場,unknown,low,False,False,,,[],[],,,,,0,light,2017-06-15 18:00:00+00:00,,UNKNOWN,,,,UNKNOWN,UNKNOWN,,UNKNOWN,,,,,,,,,,,,,,,,,,,,,,,,,,,,,,,,False,False,UNKNOWN,False,False,,,,,,,,,,NPB,2017-06-15 18:00:00,1,,,0,
2017061503,2017-06-15 18:00:00,横浜DeNAベイスターズ,千葉ロッテマリーンズ,6.0,2.0,UNKNOWN,横浜スタジアム,unknown,low,False,False,,,[],[],,,,,0,light,2017-06-15 18:00:00+00:00,,UNKNOWN,,,,UNKNOWN,UNKNOWN,,UNKNOWN,,,,,,,,,,,,,,,,,,,,,,,,,,,,,,,,False,False,UNKNOWN,False,False,,,,,,,,,,NPB,2017-06-15 18:00:00,1,,,0,
2017061504,2017-06-15 18:00:00,中日ドラゴンズ,北海道日本ハムファイターズ,4.0,5.0,UNKNOWN,ナゴヤドーム,unknown,low,False,False,,,[],[],,,,,0,light,2017-06-15 18:00:00+00:00,,UNKNOWN,,,,UNKNOWN,UNKNOWN,,UNKNOWN,,,,,,,,,,,,,,,,,,,,,,,,,,,,,,,,False,False,UNKNOWN,False,False,,,,,,,,,,NPB,2017-06-15 18:00:00,1,,,0,
2017061505,2017-06-15 18:00:00,阪神タイガース,埼玉西武ライオンズ,3.0,2.0,UNKNOWN,阪神甲子園球場,unknown,low,False,False,,,[],[],,,,,0,light,2017-06-15 18:00:00+00:00,,UNKNOWN,,,,UNKNOWN,UNKNOWN,,UNKNOWN,,,,,,,,,,,,,,,,,,,,,,,,,,,,,,,,False,False,UNKNOWN,False,False,,,,,,,,,,NPB,2017-06-15 18:00:00,1,,,0,
2017061506,2017-06-15 18:00:00,広島東洋カープ,オリックス・バファローズ,7.0,2.0,UNKNOWN,ＭＡＺＤＡ　Ｚｏｏｍ－Ｚｏｏｍ　スタジアム広島,unknown,low,False,False,,,[],[],,,,,0,light,2017-06-15 18:00:00+00:00,,UNKNOWN,,,,UNKNOWN,UNKNOWN,,UNKNOWN,,,,,,,,,,,,,,,,,,,,,,,,,,,,,,,,False,False,UNKNOWN,False,False,,,,,,,,,,NPB,2017-06-15 18:00:00,1,,,0,
2017061601,2017-06-16 18:00:00,読売ジャイアンツ,千葉ロッテマリーンズ,8.0,0.0,UNKNOWN,東京ドーム,unknown,low,False,False,,,[],[],,,,,0,light,2017-06-16 18:00:00+00:00,,UNKNOWN,,,,UNKNOWN,UNKNOWN,,UNKNOWN,,,,,,,,,,,,,,,,,,,,,,,,,,,,,,,,False,False,UNKNOWN,False,False,2017-06-16 09:00:00+00:00,,UNKNOWN,Open-Meteo Historical Forecast,FAIL_CLOSED_NO_ISSUANCE_TIMESTAMP,25.2,57.0,0.0,3.8,NPB,2017-06-16 18:00:00,1,,,0,
2017061601,2017-06-16 18:00:00,読売ジャイアンツ,千葉ロッテマリーンズ,8.0,0.0,UNKNOWN,東京ドーム,unknown,low,False,False,,,[],[],,,,,0,light,2017-06-16 18:00:00+00:00,,UNKNOWN,,,,UNKNOWN,UNKNOWN,,UNKNOWN,,,,,,,,,,,,,,,,,,,,,,,,,,,,,,,,False,False,UNKNOWN,False,False,2017-06-16 09:00:00+00:00,,UNKNOWN,Open-Meteo Historical Forecast,FAIL_CLOSED_NO_ISSUANCE_TIMESTAMP,25.2,57.0,0.0,3.8,NPB,2017-06-16 18:00:00,1,,,0,
2017061602,2017-06-16 18:00:00,東京ヤクルトスワローズ,北海道日本ハムファイターズ,8.0,5.0,UNKNOWN,明治神宮野球場,unknown,low,False,False,,,[],[],,,,,0,light,2017-06-16 18:00:00+00:00,,UNKNOWN,,,,UNKNOWN,UNKNOWN,,UNKNOWN,,,,,,,,,,,,,,,,,,,,,,,,,,,,,,,,False,False,UNKNOWN,False,False,,,,,,,,,,NPB,2017-06-16 18:00:00,1,,,0,
2017061603,2017-06-16 18:00:00,横浜DeNAベイスターズ,オリックス・バファローズ,6.0,3.0,UNKNOWN,横浜スタジアム,unknown,low,False,False,,,[],[],,,,,0,light,2017-06-16 18:00:00+00:00,,UNKNOWN,,,,UNKNOWN,UNKNOWN,,UNKNOWN,,,,,,,,,,,,,,,,,,,,,,,,,,,,,,,,False,False,UNKNOWN,False,False,,,,,,,,,,NPB,2017-06-16 18:00:00,1,,,0,
2017061604,2017-06-16 18:00:00,中日ドラゴンズ,埼玉西武ライオンズ,1.0,9.0,UNKNOWN,ナゴヤドーム,unknown,low,False,False,,,[],[],,,,,0,light,2017-06-16 18:00:00+00:00,,UNKNOWN,,,,UNKNOWN,UNKNOWN,,UNKNOWN,,,,,,,,,,,,,,,,,,,,,,,,,,,,,,,,False,False,UNKNOWN,False,False,,,,,,,,,,NPB,2017-06-16 18:00:00,1,,,0,
2017061605,2017-06-16 18:00:00,阪神タイガース,東北楽天ゴールデンイーグルス,4.0,2.0,UNKNOWN,阪神甲子園球場,unknown,low,False,False,,,[],[],,,,,0,light,2017-06-16 18:00:00+00:00,,UNKNOWN,,,,UNKNOWN,UNKNOWN,,UNKNOWN,,,,,,,,,,,,,,,,,,,,,,,,,,,,,,,,False,False,UNKNOWN,False,False,,,,,,,,,,NPB,2017-06-16 18:00:00,1,,,0,
2017061606,2017-06-16 18:00:00,広島東洋カープ,福岡ソフトバンクホークス,3.0,5.0,UNKNOWN,ＭＡＺＤＡ　Ｚｏｏｍ－Ｚｏｏｍ　スタジアム広島,unknown,low,False,False,,,[],[],,,,,0,light,2017-06-16 18:00:00+00:00,,UNKNOWN,,,,UNKNOWN,UNKNOWN,,UNKNOWN,,,,,,,,,,,,,,,,,,,,,,,,,,,,,,,,False,False,UNKNOWN,False,False,,,,,,,,,,NPB,2017-06-16 18:00:00,1,,,0,
2017061702,2017-06-17 14:00:00,東京ヤクルトスワローズ,北海道日本ハムファイターズ,5.0,0.0,UNKNOWN,明治神宮野球場,unknown,low,False,False,,,[],[],,,,,0,light,2017-06-17 14:00:00+00:00,,UNKNOWN,,,,UNKNOWN,UNKNOWN,,UNKNOWN,,,,,,,,,,,,,,,,,,,,,,,,,,,,,,,,False,False,UNKNOWN,False,False,,,,,,,,,,NPB,2017-06-17 14:00:00,1,,,0,
2017061703,2017-06-17 14:00:00,横浜DeNAベイスターズ,オリックス・バファローズ,14.0,5.0,UNKNOWN,横浜スタジアム,unknown,low,False,False,,,[],[],,,,,0,light,2017-06-17 14:00:00+00:00,,UNKNOWN,,,,UNKNOWN,UNKNOWN,,UNKNOWN,,,,,,,,,,,,,,,,,,,,,,,,,,,,,,,,False,False,UNKNOWN,False,False,,,,,,,,,,NPB,2017-06-17 14:00:00,1,,,0,
2017061704,2017-06-17 14:00:00,中日ドラゴンズ,埼玉西武ライオンズ,4.0,1.0,UNKNOWN,ナゴヤドーム,unknown,low,False,False,,,[],[],,,,,0,light,2017-06-17 14:00:00+00:00,,UNKNOWN,,,,UNKNOWN,UNKNOWN,,UNKNOWN,,,,,,,,,,,,,,,,,,,,,,,,,,,,,,,,False,False,UNKNOWN,False,False,,,,,,,,,,NPB,2017-06-17 14:00:00,1,,,0,
2017061705,2017-06-17 14:00:00,阪神タイガース,東北楽天ゴールデンイーグルス,2.0,8.0,UNKNOWN,阪神甲子園球場,unknown,low,False,False,,,[],[],,,,,0,light,2017-06-17 14:00:00+00:00,,UNKNOWN,,,,UNKNOWN,UNKNOWN,,UNKNOWN,,,,,,,,,,,,,,,,,,,,,,,,,,,,,,,,False,False,UNKNOWN,False,False,,,,,,,,,,NPB,2017-06-17 14:00:00,1,,,0,
2017061706,2017-06-17 14:00:00,広島東洋カープ,福岡ソフトバンクホークス,3.0,2.0,UNKNOWN,ＭＡＺＤＡ　Ｚｏｏｍ－Ｚｏｏｍ　スタジアム広島,unknown,low,False,False,,,[],[],,,,,0,light,2017-06-17 14:00:00+00:00,,UNKNOWN,,,,UNKNOWN,UNKNOWN,,UNKNOWN,,,,,,,,,,,,,,,,,,,,,,,,,,,,,,,,False,False,UNKNOWN,False,False,,,,,,,,,,NPB,2017-06-17 14:00:00,1,,,0,
2017061701,2017-06-17 18:00:00,読売ジャイアンツ,千葉ロッテマリーンズ,8.0,0.0,UNKNOWN,東京ドーム,unknown,low,False,False,,,[],[],,,,,0,light,2017-06-17 18:00:00+00:00,,UNKNOWN,,,,UNKNOWN,UNKNOWN,,UNKNOWN,,,,,,,,,,,,,,,,,,,,,,,,,,,,,,,,False,False,UNKNOWN,False,False,2017-06-17 09:00:00+00:00,,UNKNOWN,Open-Meteo Historical Forecast,FAIL_CLOSED_NO_ISSUANCE_TIMESTAMP,23.0,57.0,0.0,9.4,NPB,2017-06-17 18:00:00,1,,,0,
2017061701,2017-06-17 18:00:00,読売ジャイアンツ,千葉ロッテマリーンズ,8.0,0.0,UNKNOWN,東京ドーム,unknown,low,False,False,,,[],[],,,,,0,light,2017-06-17 18:00:00+00:00,,UNKNOWN,,,,UNKNOWN,UNKNOWN,,UNKNOWN,,,,,,,,,,,,,,,,,,,,,,,,,,,,,,,,False,False,UNKNOWN,False,False,2017-06-17 09:00:00+00:00,,UNKNOWN,Open-Meteo Historical Forecast,FAIL_CLOSED_NO_ISSUANCE_TIMESTAMP,23.0,57.0,0.0,9.4,NPB,2017-06-17 18:00:00,1,,,0,
2017061802,2017-06-18 13:00:00,東京ヤクルトスワローズ,北海道日本ハムファイターズ,3.0,6.0,UNKNOWN,明治神宮野球場,unknown,low,False,False,,,[],[],,,,,0,light,2017-06-18 13:00:00+00:00,,UNKNOWN,,,,UNKNOWN,UNKNOWN,,UNKNOWN,,,,,,,,,,,,,,,,,,,,,,,,,,,,,,,,False,False,UNKNOWN,False,False,,,,,,,,,,NPB,2017-06-18 13:00:00,1,,,0,
2017061803,2017-06-18 13:00:00,横浜DeNAベイスターズ,オリックス・バファローズ,0.0,2.0,UNKNOWN,横浜スタジアム,unknown,low,False,False,,,[],[],,,,,0,light,2017-06-18 13:00:00+00:00,,UNKNOWN,,,,UNKNOWN,UNKNOWN,,UNKNOWN,,,,,,,,,,,,,,,,,,,,,,,,,,,,,,,,False,False,UNKNOWN,False,False,,,,,,,,,,NPB,2017-06-18 13:00:00,1,,,0,
2017061806,2017-06-18 13:30:00,広島東洋カープ,福岡ソフトバンクホークス,4.0,7.0,UNKNOWN,ＭＡＺＤＡ　Ｚｏｏｍ－Ｚｏｏｍ　スタジアム広島,unknown,low,False,False,,,[],[],,,,,0,light,2017-06-18 13:30:00+00:00,,UNKNOWN,,,,UNKNOWN,UNKNOWN,,UNKNOWN,,,,,,,,,,,,,,,,,,,,,,,,,,,,,,,,False,False,UNKNOWN,False,False,,,,,,,,,,NPB,2017-06-18 13:30:00,1,,,0,
2017061801,2017-06-18 14:00:00,読売ジャイアンツ,千葉ロッテマリーンズ,7.0,5.0,UNKNOWN,東京ドーム,unknown,low,False,False,,,[],[],,,,,0,light,2017-06-18 14:00:00+00:00,,UNKNOWN,,,,UNKNOWN,UNKNOWN,,UNKNOWN,,,,,,,,,,,,,,,,,,,,,,,,,,,,,,,,False,False,UNKNOWN,False,False,2017-06-18 05:00:00+00:00,,UNKNOWN,Open-Meteo Historical Forecast,FAIL_CLOSED_NO_ISSUANCE_TIMESTAMP,22.7,65.0,0.0,7.9,NPB,2017-06-18 14:00:00,1,,,0,
2017061801,2017-06-18 14:00:00,読売ジャイアンツ,千葉ロッテマリーンズ,7.0,5.0,UNKNOWN,東京ドーム,unknown,low,False,False,,,[],[],,,,,0,light,2017-06-18 14:00:00+00:00,,UNKNOWN,,,,UNKNOWN,UNKNOWN,,UNKNOWN,,,,,,,,,,,,,,,,,,,,,,,,,,,,,,,,False,False,UNKNOWN,False,False,2017-06-18 05:00:00+00:00,,UNKNOWN,Open-Meteo Historical Forecast,FAIL_CLOSED_NO_ISSUANCE_TIMESTAMP,22.7,65.0,0.0,7.9,NPB,2017-06-18 14:00:00,1,,,0,
2017061804,2017-06-18 14:00:00,中日ドラゴンズ,埼玉西武ライオンズ,4.0,3.0,UNKNOWN,ナゴヤドーム,unknown,low,False,False,,,[],[],,,,,0,light,2017-06-18 14:00:00+00:00,,UNKNOWN,,,,UNKNOWN,UNKNOWN,,UNKNOWN,,,,,,,,,,,,,,,,,,,,,,,,,,,,,,,,False,False,UNKNOWN,False,False,,,,,,,,,,NPB,2017-06-18 14:00:00,1,,,0,
2017061805,2017-06-18 14:00:00,阪神タイガース,東北楽天ゴールデンイーグルス,0.0,1.0,UNKNOWN,阪神甲子園球場,unknown,low,False,False,,,[],[],,,,,0,light,2017-06-18 14:00:00+00:00,,UNKNOWN,,,,UNKNOWN,UNKNOWN,,UNKNOWN,,,,,,,,,,,,,,,,,,,,,,,,,,,,,,,,False,False,UNKNOWN,False,False,,,,,,,,,,NPB,2017-06-18 14:00:00,1,,,0,
2017061901,2017-06-19 18:00:00,横浜DeNAベイスターズ,オリックス・バファローズ,4.0,7.0,UNKNOWN,横浜スタジアム,unknown,low,False,False,,,[],[],,,,,0,light,2017-06-19 18:00:00+00:00,,UNKNOWN,,,,UNKNOWN,UNKNOWN,,UNKNOWN,,,,,,,,,,,,,,,,,,,,,,,,,,,,,,,,False,False,UNKNOWN,False,False,,,,,,,,,,NPB,2017-06-19 18:00:00,1,,,0,
2017062301,2017-06-23 18:00:00,読売ジャイアンツ,中日ドラゴンズ,0.0,1.0,UNKNOWN,東京ドーム,unknown,low,False,False,,,[],[],,,,,0,light,2017-06-23 18:00:00+00:00,,UNKNOWN,,,,UNKNOWN,UNKNOWN,,UNKNOWN,,,,,,,,,,,,,,,,,,,,,,,,,,,,,,,,False,False,UNKNOWN,False,False,2017-06-23 09:00:00+00:00,,UNKNOWN,Open-Meteo Historical Forecast,FAIL_CLOSED_NO_ISSUANCE_TIMESTAMP,25.1,61.0,0.0,9.1,NPB,2017-06-23 18:00:00,1,,,0,
2017062301,2017-06-23 18:00:00,読売ジャイアンツ,中日ドラゴンズ,0.0,1.0,UNKNOWN,東京ドーム,unknown,low,False,False,,,[],[],,,,,0,light,2017-06-23 18:00:00+00:00,,UNKNOWN,,,,UNKNOWN,UNKNOWN,,UNKNOWN,,,,,,,,,,,,,,,,,,,,,,,,,,,,,,,,False,False,UNKNOWN,False,False,2017-06-23 09:00:00+00:00,,UNKNOWN,Open-Meteo Historical Forecast,FAIL_CLOSED_NO_ISSUANCE_TIMESTAMP,25.1,61.0,0.0,9.1,NPB,2017-06-23 18:00:00,1,,,0,
2017062302,2017-06-23 18:00:00,東京ヤクルトスワローズ,横浜DeNAベイスターズ,8.0,7.0,UNKNOWN,明治神宮野球場,unknown,low,False,False,,,[],[],,,,,0,light,2017-06-23 18:00:00+00:00,,UNKNOWN,,,,UNKNOWN,UNKNOWN,,UNKNOWN,,,,,,,,,,,,,,,,,,,,,,,,,,,,,,,,False,False,UNKNOWN,False,False,,,,,,,,,,NPB,2017-06-23 18:00:00,1,,,0,
2017062303,2017-06-23 18:00:00,広島東洋カープ,阪神タイガース,13.0,3.0,UNKNOWN,ＭＡＺＤＡ　Ｚｏｏｍ－Ｚｏｏｍ　スタジアム広島,unknown,low,False,False,,,[],[],,,,,0,light,2017-06-23 18:00:00+00:00,,UNKNOWN,,,,UNKNOWN,UNKNOWN,,UNKNOWN,,,,,,,,,,,,,,,,,,,,,,,,,,,,,,,,False,False,UNKNOWN,False,False,,,,,,,,,,NPB,2017-06-23 18:00:00,1,,,0,
2017062304,2017-06-23 18:00:00,北海道日本ハムファイターズ,東北楽天ゴールデンイーグルス,7.0,3.0,UNKNOWN,札幌ドーム,unknown,low,False,False,,,[],[],,,,,0,light,2017-06-23 18:00:00+00:00,,UNKNOWN,,,,UNKNOWN,UNKNOWN,,UNKNOWN,,,,,,,,,,,,,,,,,,,,,,,,,,,,,,,,False,False,UNKNOWN,False,False,,,,,,,,,,NPB,2017-06-23 18:00:00,1,,,0,
2017062305,2017-06-23 18:00:00,オリックス・バファローズ,千葉ロッテマリーンズ,3.0,9.0,UNKNOWN,ほっともっとフィールド神戸,unknown,low,False,False,,,[],[],,,,,0,light,2017-06-23 18:00:00+00:00,,UNKNOWN,,,,UNKNOWN,UNKNOWN,,UNKNOWN,,,,,,,,,,,,,,,,,,,,,,,,,,,,,,,,False,False,UNKNOWN,False,False,,,,,,,,,,NPB,2017-06-23 18:00:00,1,,,0,
2017062306,2017-06-23 18:00:00,福岡ソフトバンクホークス,埼玉西武ライオンズ,10.0,0.0,UNKNOWN,福岡 ヤフオク!ドーム,unknown,low,False,False,,,[],[],,,,,0,light,2017-06-23 18:00:00+00:00,,UNKNOWN,,,,UNKNOWN,UNKNOWN,,UNKNOWN,,,,,,,,,,,,,,,,,,,,,,,,,,,,,,,,False,False,UNKNOWN,False,False,,,,,,,,,,NPB,2017-06-23 18:00:00,1,,,0,
2017062402,2017-06-24 14:00:00,東京ヤクルトスワローズ,横浜DeNAベイスターズ,1.0,5.0,UNKNOWN,明治神宮野球場,unknown,low,False,False,,,[],[],,,,,0,light,2017-06-24 14:00:00+00:00,,UNKNOWN,,,,UNKNOWN,UNKNOWN,,UNKNOWN,,,,,,,,,,,,,,,,,,,,,,,,,,,,,,,,False,False,UNKNOWN,False,False,,,,,,,,,,NPB,2017-06-24 14:00:00,1,,,0,
2017062403,2017-06-24 14:00:00,広島東洋カープ,阪神タイガース,5.0,3.0,UNKNOWN,ＭＡＺＤＡ　Ｚｏｏｍ－Ｚｏｏｍ　スタジアム広島,unknown,low,False,False,,,[],[],,,,,0,light,2017-06-24 14:00:00+00:00,,UNKNOWN,,,,UNKNOWN,UNKNOWN,,UNKNOWN,,,,,,,,,,,,,,,,,,,,,,,,,,,,,,,,False,False,UNKNOWN,False,False,,,,,,,,,,NPB,2017-06-24 14:00:00,1,,,0,
2017062404,2017-06-24 14:00:00,北海道日本ハムファイターズ,東北楽天ゴールデンイーグルス,1.0,2.0,UNKNOWN,札幌ドーム,unknown,low,False,False,,,[],[],,,,,0,light,2017-06-24 14:00:00+00:00,,UNKNOWN,,,,UNKNOWN,UNKNOWN,,UNKNOWN,,,,,,,,,,,,,,,,,,,,,,,,,,,,,,,,False,False,UNKNOWN,False,False,,,,,,,,,,NPB,2017-06-24 14:00:00,1,,,0,
2017062406,2017-06-24 14:00:00,福岡ソフトバンクホークス,埼玉西武ライオンズ,2.0,3.0,UNKNOWN,福岡 ヤフオク!ドーム,unknown,low,False,False,,,[],[],,,,,0,light,2017-06-24 14:00:00+00:00,,UNKNOWN,,,,UNKNOWN,UNKNOWN,,UNKNOWN,,,,,,,,,,,,,,,,,,,,,,,,,,,,,,,,False,False,UNKNOWN,False,False,,,,,,,,,,NPB,2017-06-24 14:00:00,1,,,0,
2017062405,2017-06-24 15:00:00,オリックス・バファローズ,千葉ロッテマリーンズ,2.0,1.0,UNKNOWN,ほっともっとフィールド神戸,unknown,low,False,False,,,[],[],,,,,0,light,2017-06-24 15:00:00+00:00,,UNKNOWN,,,,UNKNOWN,UNKNOWN,,UNKNOWN,,,,,,,,,,,,,,,,,,,,,,,,,,,,,,,,False,False,UNKNOWN,False,False,,,,,,,,,,NPB,2017-06-24 15:00:00,1,,,0,
2017062401,2017-06-24 18:00:00,読売ジャイアンツ,中日ドラゴンズ,2.0,8.0,UNKNOWN,東京ドーム,unknown,low,False,False,,,[],[],,,,,0,light,2017-06-24 18:00:00+00:00,,UNKNOWN,,,,UNKNOWN,UNKNOWN,,UNKNOWN,,,,,,,,,,,,,,,,,,,,,,,,,,,,,,,,False,False,UNKNOWN,False,False,2017-06-24 09:00:00+00:00,,UNKNOWN,Open-Meteo Historical Forecast,FAIL_CLOSED_NO_ISSUANCE_TIMESTAMP,25.1,67.0,0.0,9.0,NPB,2017-06-24 18:00:00,1,,,0,
2017062401,2017-06-24 18:00:00,読売ジャイアンツ,中日ドラゴンズ,2.0,8.0,UNKNOWN,東京ドーム,unknown,low,False,False,,,[],[],,,,,0,light,2017-06-24 18:00:00+00:00,,UNKNOWN,,,,UNKNOWN,UNKNOWN,,UNKNOWN,,,,,,,,,,,,,,,,,,,,,,,,,,,,,,,,False,False,UNKNOWN,False,False,2017-06-24 09:00:00+00:00,,UNKNOWN,Open-Meteo Historical Forecast,FAIL_CLOSED_NO_ISSUANCE_TIMESTAMP,25.1,67.0,0.0,9.0,NPB,2017-06-24 18:00:00,1,,,0,
2017062502,2017-06-25 13:00:00,東京ヤクルトスワローズ,横浜DeNAベイスターズ,0.0,6.0,UNKNOWN,明治神宮野球場,unknown,low,False,False,,,[],[],,,,,0,light,2017-06-25 13:00:00+00:00,,UNKNOWN,,,,UNKNOWN,UNKNOWN,,UNKNOWN,,,,,,,,,,,,,,,,,,,,,,,,,,,,,,,,False,False,UNKNOWN,False,False,,,,,,,,,,NPB,2017-06-25 13:00:00,1,,,0,
2017062505,2017-06-25 13:00:00,オリックス・バファローズ,千葉ロッテマリーンズ,5.0,1.0,UNKNOWN,京セラドーム大阪,unknown,low,False,False,,,[],[],,,,,0,light,2017-06-25 13:00:00+00:00,,UNKNOWN,,,,UNKNOWN,UNKNOWN,,UNKNOWN,,,,,,,,,,,,,,,,,,,,,,,,,,,,,,,,False,False,UNKNOWN,False,False,,,,,,,,,,NPB,2017-06-25 13:00:00,1,,,0,
2017062506,2017-06-25 13:00:00,福岡ソフトバンクホークス,埼玉西武ライオンズ,7.0,6.0,UNKNOWN,福岡 ヤフオク!ドーム,unknown,low,False,False,,,[],[],,,,,0,light,2017-06-25 13:00:00+00:00,,UNKNOWN,,,,UNKNOWN,UNKNOWN,,UNKNOWN,,,,,,,,,,,,,,,,,,,,,,,,,,,,,,,,False,False,UNKNOWN,False,False,,,,,,,,,,NPB,2017-06-25 13:00:00,1,,,0,
2017062503,2017-06-25 13:30:00,広島東洋カープ,阪神タイガース,5.0,0.0,UNKNOWN,ＭＡＺＤＡ　Ｚｏｏｍ－Ｚｏｏｍ　スタジアム広島,unknown,low,False,False,,,[],[],,,,,0,light,2017-06-25 13:30:00+00:00,,UNKNOWN,,,,UNKNOWN,UNKNOWN,,UNKNOWN,,,,,,,,,,,,,,,,,,,,,,,,,,,,,,,,False,False,UNKNOWN,False,False,,,,,,,,,,NPB,2017-06-25 13:30:00,1,,,0,
2017062501,2017-06-25 14:00:00,読売ジャイアンツ,中日ドラゴンズ,4.0,3.0,UNKNOWN,東京ドーム,unknown,low,False,False,,,[],[],,,,,0,light,2017-06-25 14:00:00+00:00,,UNKNOWN,,,,UNKNOWN,UNKNOWN,,UNKNOWN,,,,,,,,,,,,,,,,,,,,,,,,,,,,,,,,False,False,UNKNOWN,False,False,2017-06-25 05:00:00+00:00,,UNKNOWN,Open-Meteo Historical Forecast,FAIL_CLOSED_NO_ISSUANCE_TIMESTAMP,24.2,72.0,0.0,2.9,NPB,2017-06-25 14:00:00,1,,,0,
2017062501,2017-06-25 14:00:00,読売ジャイアンツ,中日ドラゴンズ,4.0,3.0,UNKNOWN,東京ドーム,unknown,low,False,False,,,[],[],,,,,0,light,2017-06-25 14:00:00+00:00,,UNKNOWN,,,,UNKNOWN,UNKNOWN,,UNKNOWN,,,,,,,,,,,,,,,,,,,,,,,,,,,,,,,,False,False,UNKNOWN,False,False,2017-06-25 05:00:00+00:00,,UNKNOWN,Open-Meteo Historical Forecast,FAIL_CLOSED_NO_ISSUANCE_TIMESTAMP,24.2,72.0,0.0,2.9,NPB,2017-06-25 14:00:00,1,,,0,
2017062504,2017-06-25 14:00:00,北海道日本ハムファイターズ,東北楽天ゴールデンイーグルス,0.0,6.0,UNKNOWN,札幌ドーム,unknown,low,False,False,,,[],[],,,,,0,light,2017-06-25 14:00:00+00:00,,UNKNOWN,,,,UNKNOWN,UNKNOWN,,UNKNOWN,,,,,,,,,,,,,,,,,,,,,,,,,,,,,,,,False,False,UNKNOWN,False,False,,,,,,,,,,NPB,2017-06-25 14:00:00,1,,,0,
2017062601,2017-06-26 18:00:00,東北楽天ゴールデンイーグルス,オリックス・バファローズ,4.0,4.0,UNKNOWN,Koboパーク宮城,unknown,low,False,False,,,[],[],,,,,0,light,2017-06-26 18:00:00+00:00,,UNKNOWN,,,,UNKNOWN,UNKNOWN,,UNKNOWN,,,,,,,,,,,,,,,,,,,,,,,,,,,,,,,,False,False,UNKNOWN,False,False,,,,,,,,,,NPB,2017-06-26 18:00:00,1,,,0,
2017062701,2017-06-27 18:00:00,東京ヤクルトスワローズ,読売ジャイアンツ,3.0,4.0,UNKNOWN,荘内銀行・日新製薬スタジアムやまがた,unknown,low,False,False,,,[],[],,,,,0,light,2017-06-27 18:00:00+00:00,,UNKNOWN,,,,UNKNOWN,UNKNOWN,,UNKNOWN,,,,,,,,,,,,,,,,,,,,,,,,,,,,,,,,False,False,UNKNOWN,False,False,,,,,,,,,,NPB,2017-06-27 18:00:00,1,,,0,
2017062702,2017-06-27 18:00:00,横浜DeNAベイスターズ,広島東洋カープ,3.0,4.0,UNKNOWN,横浜スタジアム,unknown,low,False,False,,,[],[],,,,,0,light,2017-06-27 18:00:00+00:00,,UNKNOWN,,,,UNKNOWN,UNKNOWN,,UNKNOWN,,,,,,,,,,,,,,,,,,,,,,,,,,,,,,,,False,False,UNKNOWN,False,False,,,,,,,,,,NPB,2017-06-27 18:00:00,1,,,0,
2017062703,2017-06-27 18:00:00,中日ドラゴンズ,阪神タイガース,3.0,1.0,UNKNOWN,浜松球場,unknown,low,False,False,,,[],[],,,,,0,light,2017-06-27 18:00:00+00:00,,UNKNOWN,,,,UNKNOWN,UNKNOWN,,UNKNOWN,,,,,,,,,,,,,,,,,,,,,,,,,,,,,,,,False,False,UNKNOWN,False,False,,,,,,,,,,NPB,2017-06-27 18:00:00,1,,,0,
2017062705,2017-06-27 18:00:00,福岡ソフトバンクホークス,北海道日本ハムファイターズ,6.0,0.0,UNKNOWN,福岡 ヤフオク!ドーム,unknown,low,False,False,,,[],[],,,,,0,light,2017-06-27 18:00:00+00:00,,UNKNOWN,,,,UNKNOWN,UNKNOWN,,UNKNOWN,,,,,,,,,,,,,,,,,,,,,,,,,,,,,,,,False,False,UNKNOWN,False,False,,,,,,,,,,NPB,2017-06-27 18:00:00,1,,,0,
2017062704,2017-06-27 18:30:00,埼玉西武ライオンズ,千葉ロッテマリーンズ,0.0,3.0,UNKNOWN,沖縄セルラースタジアム那覇,unknown,low,False,False,,,[],[],,,,,0,light,2017-06-27 18:30:00+00:00,,UNKNOWN,,,,UNKNOWN,UNKNOWN,,UNKNOWN,,,,,,,,,,,,,,,,,,,,,,,,,,,,,,,,False,False,UNKNOWN,False,False,,,,,,,,,,NPB,2017-06-27 18:30:00,1,,,0,
2017062802,2017-06-28 18:00:00,横浜DeNAベイスターズ,広島東洋カープ,11.0,8.0,UNKNOWN,横浜スタジアム,unknown,low,False,False,,,[],[],,,,,0,light,2017-06-28 18:00:00+00:00,,UNKNOWN,,,,UNKNOWN,UNKNOWN,,UNKNOWN,,,,,,,,,,,,,,,,,,,,,,,,,,,,,,,,False,False,UNKNOWN,False,False,,,,,,,,,,NPB,2017-06-28 18:00:00,1,,,0,
2017062803,2017-06-28 18:00:00,中日ドラゴンズ,阪神タイガース,1.0,0.0,UNKNOWN,ナゴヤドーム,unknown,low,False,False,,,[],[],,,,,0,light,2017-06-28 18:00:00+00:00,,UNKNOWN,,,,UNKNOWN,UNKNOWN,,UNKNOWN,,,,,,,,,,,,,,,,,,,,,,,,,,,,,,,,False,False,UNKNOWN,False,False,,,,,,,,,,NPB,2017-06-28 18:00:00,1,,,0,
2017062804,2017-06-28 18:00:00,東北楽天ゴールデンイーグルス,オリックス・バファローズ,3.0,2.0,UNKNOWN,弘前市運動公園野球場,unknown,low,False,False,,,[],[],,,,,0,light,2017-06-28 18:00:00+00:00,,UNKNOWN,,,,UNKNOWN,UNKNOWN,,UNKNOWN,,,,,,,,,,,,,,,,,,,,,,,,,,,,,,,,False,False,UNKNOWN,False,False,,,,,,,,,,NPB,2017-06-28 18:00:00,1,,,0,
2017062806,2017-06-28 18:00:00,福岡ソフトバンクホークス,北海道日本ハムファイターズ,6.0,5.0,UNKNOWN,福岡 ヤフオク!ドーム,unknown,low,False,False,,,[],[],,,,,0,light,2017-06-28 18:00:00+00:00,,UNKNOWN,,,,UNKNOWN,UNKNOWN,,UNKNOWN,,,,,,,,,,,,,,,,,,,,,,,,,,,,,,,,False,False,UNKNOWN,False,False,,,,,,,,,,NPB,2017-06-28 18:00:00,1,,,0,
2017062801,2017-06-28 18:20:00,東京ヤクルトスワローズ,読売ジャイアンツ,4.0,2.0,UNKNOWN,福島県営あづま球場,unknown,low,False,False,,,[],[],,,,,0,light,2017-06-28 18:20:00+00:00,,UNKNOWN,,,,UNKNOWN,UNKNOWN,,UNKNOWN,,,,,,,,,,,,,,,,,,,,,,,,,,,,,,,,False,False,UNKNOWN,False,False,,,,,,,,,,NPB,2017-06-28 18:20:00,1,,,0,
2017062805,2017-06-28 18:30:00,埼玉西武ライオンズ,千葉ロッテマリーンズ,3.0,4.0,UNKNOWN,沖縄セルラースタジアム那覇,unknown,low,False,False,,,[],[],,,,,0,light,2017-06-28 18:30:00+00:00,,UNKNOWN,,,,UNKNOWN,UNKNOWN,,UNKNOWN,,,,,,,,,,,,,,,,,,,,,,,,,,,,,,,,False,False,UNKNOWN,False,False,,,,,,,,,,NPB,2017-06-28 18:30:00,1,,,0,
2017062901,2017-06-29 18:00:00,中日ドラゴンズ,阪神タイガース,2.0,0.0,UNKNOWN,ナゴヤドーム,unknown,low,False,False,,,[],[],,,,,0,light,2017-06-29 18:00:00+00:00,,UNKNOWN,,,,UNKNOWN,UNKNOWN,,UNKNOWN,,,,,,,,,,,,,,,,,,,,,,,,,,,,,,,,False,False,UNKNOWN,False,False,,,,,,,,,,NPB,2017-06-29 18:00:00,1,,,0,
2017062902,2017-06-29 18:00:00,福岡ソフトバンクホークス,北海道日本ハムファイターズ,1.0,0.0,UNKNOWN,福岡 ヤフオク!ドーム,unknown,low,False,False,,,[],[],,,,,0,light,2017-06-29 18:00:00+00:00,,UNKNOWN,,,,UNKNOWN,UNKNOWN,,UNKNOWN,,,,,,,,,,,,,,,,,,,,,,,,,,,,,,,,False,False,UNKNOWN,False,False,,,,,,,,,,NPB,2017-06-29 18:00:00,1,,,0,
2017063001,2017-06-30 18:00:00,読売ジャイアンツ,横浜DeNAベイスターズ,1.0,3.0,UNKNOWN,宇都宮市清原球場,unknown,low,False,False,,,[],[],,,,,0,light,2017-06-30 18:00:00+00:00,,UNKNOWN,,,,UNKNOWN,UNKNOWN,,UNKNOWN,,,,,,,,,,,,,,,,,,,,,,,,,,,,,,,,False,False,UNKNOWN,False,False,,,,,,,,,,NPB,2017-06-30 18:00:00,1,,,0,
2017063002,2017-06-30 18:00:00,阪神タイガース,東京ヤクルトスワローズ,3.0,4.0,UNKNOWN,阪神甲子園球場,unknown,low,False,False,,,[],[],,,,,0,light,2017-06-30 18:00:00+00:00,,UNKNOWN,,,,UNKNOWN,UNKNOWN,,UNKNOWN,,,,,,,,,,,,,,,,,,,,,,,,,,,,,,,,False,False,UNKNOWN,False,False,,,,,,,,,,NPB,2017-06-30 18:00:00,1,,,0,
2017063003,2017-06-30 18:00:00,広島東洋カープ,中日ドラゴンズ,8.0,3.0,UNKNOWN,ＭＡＺＤＡ　Ｚｏｏｍ－Ｚｏｏｍ　スタジアム広島,unknown,low,False,False,,,[],[],,,,,0,light,2017-06-30 18:00:00+00:00,,UNKNOWN,,,,UNKNOWN,UNKNOWN,,UNKNOWN,,,,,,,,,,,,,,,,,,,,,,,,,,,,,,,,False,False,UNKNOWN,False,False,,,,,,,,,,NPB,2017-06-30 18:00:00,1,,,0,
2017063004,2017-06-30 18:00:00,東北楽天ゴールデンイーグルス,福岡ソフトバンクホークス,4.0,3.0,UNKNOWN,Koboパーク宮城,unknown,low,False,False,,,[],[],,,,,0,light,2017-06-30 18:00:00+00:00,,UNKNOWN,,,,UNKNOWN,UNKNOWN,,UNKNOWN,,,,,,,,,,,,,,,,,,,,,,,,,,,,,,,,False,False,UNKNOWN,False,False,,,,,,,,,,NPB,2017-06-30 18:00:00,1,,,0,
2017063005,2017-06-30 18:00:00,埼玉西武ライオンズ,オリックス・バファローズ,0.0,3.0,UNKNOWN,メットライフドーム,unknown,low,False,False,,,[],[],,,,,0,light,2017-06-30 18:00:00+00:00,,UNKNOWN,,,,UNKNOWN,UNKNOWN,,UNKNOWN,,,,,,,,,,,,,,,,,,,,,,,,,,,,,,,,False,False,UNKNOWN,False,False,,,,,,,,,,NPB,2017-06-30 18:00:00,1,,,0,
2017063006,2017-06-30 18:15:00,千葉ロッテマリーンズ,北海道日本ハムファイターズ,4.0,7.0,UNKNOWN,ＺＯＺＯマリンスタジアム,unknown,low,False,False,,,[],[],,,,,0,light,2017-06-30 18:15:00+00:00,,UNKNOWN,,,,UNKNOWN,UNKNOWN,,UNKNOWN,,,,,,,,,,,,,,,,,,,,,,,,,,,,,,,,False,False,UNKNOWN,False,False,,,,,,,,,,NPB,2017-06-30 18:15:00,1,,,0,
2017070102,2017-07-01 14:00:00,阪神タイガース,東京ヤクルトスワローズ,3.0,1.0,UNKNOWN,阪神甲子園球場,unknown,low,False,False,,,[],[],,,,,0,light,2017-07-01 14:00:00+00:00,,UNKNOWN,,,,UNKNOWN,UNKNOWN,,UNKNOWN,,,,,,,,,,,,,,,,,,,,,,,,,,,,,,,,False,False,UNKNOWN,False,False,,,,,,,,,,NPB,2017-07-01 14:00:00,1,,,0,
2017070103,2017-07-01 14:00:00,広島東洋カープ,中日ドラゴンズ,8.0,1.0,UNKNOWN,ＭＡＺＤＡ　Ｚｏｏｍ－Ｚｏｏｍ　スタジアム広島,unknown,low,False,False,,,[],[],,,,,0,light,2017-07-01 14:00:00+00:00,,UNKNOWN,,,,UNKNOWN,UNKNOWN,,UNKNOWN,,,,,,,,,,,,,,,,,,,,,,,,,,,,,,,,False,False,UNKNOWN,False,False,,,,,,,,,,NPB,2017-07-01 14:00:00,1,,,0,
2017070104,2017-07-01 14:00:00,東北楽天ゴールデンイーグルス,福岡ソフトバンクホークス,9.0,10.0,UNKNOWN,Koboパーク宮城,unknown,low,False,False,,,[],[],,,,,0,light,2017-07-01 14:00:00+00:00,,UNKNOWN,,,,UNKNOWN,UNKNOWN,,UNKNOWN,,,,,,,,,,,,,,,,,,,,,,,,,,,,,,,,False,False,UNKNOWN,False,False,,,,,,,,,,NPB,2017-07-01 14:00:00,1,,,0,
2017070105,2017-07-01 14:00:00,埼玉西武ライオンズ,オリックス・バファローズ,2.0,4.0,UNKNOWN,メットライフドーム,unknown,low,False,False,,,[],[],,,,,0,light,2017-07-01 14:00:00+00:00,,UNKNOWN,,,,UNKNOWN,UNKNOWN,,UNKNOWN,,,,,,,,,,,,,,,,,,,,,,,,,,,,,,,,False,False,UNKNOWN,False,False,,,,,,,,,,NPB,2017-07-01 14:00:00,1,,,0,
2017070106,2017-07-01 14:00:00,千葉ロッテマリーンズ,北海道日本ハムファイターズ,7.0,3.0,UNKNOWN,ＺＯＺＯマリンスタジアム,unknown,low,False,False,,,[],[],,,,,0,light,2017-07-01 14:00:00+00:00,,UNKNOWN,,,,UNKNOWN,UNKNOWN,,UNKNOWN,,,,,,,,,,,,,,,,,,,,,,,,,,,,,,,,False,False,UNKNOWN,False,False,,,,,,,,,,NPB,2017-07-01 14:00:00,1,,,0,
2017070101,2017-07-01 18:00:00,読売ジャイアンツ,横浜DeNAベイスターズ,4.0,6.0,UNKNOWN,東京ドーム,unknown,low,False,False,,,[],[],,,,,0,light,2017-07-01 18:00:00+00:00,,UNKNOWN,,,,UNKNOWN,UNKNOWN,,UNKNOWN,,,,,,,,,,,,,,,,,,,,,,,,,,,,,,,,False,False,UNKNOWN,False,False,2017-07-01 09:00:00+00:00,,UNKNOWN,Open-Meteo Historical Forecast,FAIL_CLOSED_NO_ISSUANCE_TIMESTAMP,23.1,75.0,0.0,3.9,NPB,2017-07-01 18:00:00,1,,,0,
2017070101,2017-07-01 18:00:00,読売ジャイアンツ,横浜DeNAベイスターズ,4.0,6.0,UNKNOWN,東京ドーム,unknown,low,False,False,,,[],[],,,,,0,light,2017-07-01 18:00:00+00:00,,UNKNOWN,,,,UNKNOWN,UNKNOWN,,UNKNOWN,,,,,,,,,,,,,,,,,,,,,,,,,,,,,,,,False,False,UNKNOWN,False,False,2017-07-01 09:00:00+00:00,,UNKNOWN,Open-Meteo Historical Forecast,FAIL_CLOSED_NO_ISSUANCE_TIMESTAMP,23.1,75.0,0.0,3.9,NPB,2017-07-01 18:00:00,1,,,0,
2017070204,2017-07-02 13:00:00,東北楽天ゴールデンイーグルス,福岡ソフトバンクホークス,4.0,5.0,UNKNOWN,Koboパーク宮城,unknown,low,False,False,,,[],[],,,,,0,light,2017-07-02 13:00:00+00:00,,UNKNOWN,,,,UNKNOWN,UNKNOWN,,UNKNOWN,,,,,,,,,,,,,,,,,,,,,,,,,,,,,,,,False,False,UNKNOWN,False,False,,,,,,,,,,NPB,2017-07-02 13:00:00,1,,,0,
2017070205,2017-07-02 13:00:00,埼玉西武ライオンズ,オリックス・バファローズ,3.0,6.0,UNKNOWN,メットライフドーム,unknown,low,False,False,,,[],[],,,,,0,light,2017-07-02 13:00:00+00:00,,UNKNOWN,,,,UNKNOWN,UNKNOWN,,UNKNOWN,,,,,,,,,,,,,,,,,,,,,,,,,,,,,,,,False,False,UNKNOWN,False,False,,,,,,,,,,NPB,2017-07-02 13:00:00,1,,,0,
2017070203,2017-07-02 13:30:00,広島東洋カープ,中日ドラゴンズ,6.0,4.0,UNKNOWN,ＭＡＺＤＡ　Ｚｏｏｍ－Ｚｏｏｍ　スタジアム広島,unknown,low,False,False,,,[],[],,,,,0,light,2017-07-02 13:30:00+00:00,,UNKNOWN,,,,UNKNOWN,UNKNOWN,,UNKNOWN,,,,,,,,,,,,,,,,,,,,,,,,,,,,,,,,False,False,UNKNOWN,False,False,,,,,,,,,,NPB,2017-07-02 13:30:00,1,,,0,
2017070201,2017-07-02 14:00:00,読売ジャイアンツ,横浜DeNAベイスターズ,1.0,9.0,UNKNOWN,東京ドーム,unknown,low,False,False,,,[],[],,,,,0,light,2017-07-02 14:00:00+00:00,,UNKNOWN,,,,UNKNOWN,UNKNOWN,,UNKNOWN,,,,,,,,,,,,,,,,,,,,,,,,,,,,,,,,False,False,UNKNOWN,False,False,2017-07-02 05:00:00+00:00,,UNKNOWN,Open-Meteo Historical Forecast,FAIL_CLOSED_NO_ISSUANCE_TIMESTAMP,28.0,58.0,0.0,3.3,NPB,2017-07-02 14:00:00,1,,,0,
2017070201,2017-07-02 14:00:00,読売ジャイアンツ,横浜DeNAベイスターズ,1.0,9.0,UNKNOWN,東京ドーム,unknown,low,False,False,,,[],[],,,,,0,light,2017-07-02 14:00:00+00:00,,UNKNOWN,,,,UNKNOWN,UNKNOWN,,UNKNOWN,,,,,,,,,,,,,,,,,,,,,,,,,,,,,,,,False,False,UNKNOWN,False,False,2017-07-02 05:00:00+00:00,,UNKNOWN,Open-Meteo Historical Forecast,FAIL_CLOSED_NO_ISSUANCE_TIMESTAMP,28.0,58.0,0.0,3.3,NPB,2017-07-02 14:00:00,1,,,0,
2017070202,2017-07-02 14:00:00,阪神タイガース,東京ヤクルトスワローズ,5.0,4.0,UNKNOWN,阪神甲子園球場,unknown,low,False,False,,,[],[],,,,,0,light,2017-07-02 14:00:00+00:00,,UNKNOWN,,,,UNKNOWN,UNKNOWN,,UNKNOWN,,,,,,,,,,,,,,,,,,,,,,,,,,,,,,,,False,False,UNKNOWN,False,False,,,,,,,,,,NPB,2017-07-02 14:00:00,1,,,0,
2017070206,2017-07-02 14:00:00,千葉ロッテマリーンズ,北海道日本ハムファイターズ,3.0,8.0,UNKNOWN,ＺＯＺＯマリンスタジアム,unknown,low,False,False,,,[],[],,,,,0,light,2017-07-02 14:00:00+00:00,,UNKNOWN,,,,UNKNOWN,UNKNOWN,,UNKNOWN,,,,,,,,,,,,,,,,,,,,,,,,,,,,,,,,False,False,UNKNOWN,False,False,,,,,,,,,,NPB,2017-07-02 14:00:00,1,,,0,
2017070301,2017-07-03 18:00:00,北海道日本ハムファイターズ,埼玉西武ライオンズ,4.0,11.0,UNKNOWN,東京ドーム,unknown,low,False,False,,,[],[],,,,,0,light,2017-07-03 18:00:00+00:00,,UNKNOWN,,,,UNKNOWN,UNKNOWN,,UNKNOWN,,,,,,,,,,,,,,,,,,,,,,,,,,,,,,,,False,False,UNKNOWN,False,False,2017-07-03 09:00:00+00:00,,UNKNOWN,Open-Meteo Historical Forecast,FAIL_CLOSED_NO_ISSUANCE_TIMESTAMP,31.3,61.0,0.0,5.6,NPB,2017-07-03 18:00:00,1,,,0,
2017070301,2017-07-03 18:00:00,北海道日本ハムファイターズ,埼玉西武ライオンズ,4.0,11.0,UNKNOWN,東京ドーム,unknown,low,False,False,,,[],[],,,,,0,light,2017-07-03 18:00:00+00:00,,UNKNOWN,,,,UNKNOWN,UNKNOWN,,UNKNOWN,,,,,,,,,,,,,,,,,,,,,,,,,,,,,,,,False,False,UNKNOWN,False,False,2017-07-03 09:00:00+00:00,,UNKNOWN,Open-Meteo Historical Forecast,FAIL_CLOSED_NO_ISSUANCE_TIMESTAMP,31.3,61.0,0.0,5.6,NPB,2017-07-03 18:00:00,1,,,0,
2017070402,2017-07-04 18:00:00,中日ドラゴンズ,東京ヤクルトスワローズ,7.0,2.0,UNKNOWN,ナゴヤドーム,unknown,low,False,False,,,[],[],,,,,0,light,2017-07-04 18:00:00+00:00,,UNKNOWN,,,,UNKNOWN,UNKNOWN,,UNKNOWN,,,,,,,,,,,,,,,,,,,,,,,,,,,,,,,,False,False,UNKNOWN,False,False,,,,,,,,,,NPB,2017-07-04 18:00:00,1,,,0,
2017070403,2017-07-04 18:00:00,広島東洋カープ,読売ジャイアンツ,0.0,3.0,UNKNOWN,ＭＡＺＤＡ　Ｚｏｏｍ－Ｚｏｏｍ　スタジアム広島,unknown,low,False,False,,,[],[],,,,,0,light,2017-07-04 18:00:00+00:00,,UNKNOWN,,,,UNKNOWN,UNKNOWN,,UNKNOWN,,,,,,,,,,,,,,,,,,,,,,,,,,,,,,,,False,False,UNKNOWN,False,False,,,,,,,,,,NPB,2017-07-04 18:00:00,1,,,0,
2017070404,2017-07-04 18:00:00,北海道日本ハムファイターズ,埼玉西武ライオンズ,1.0,4.0,UNKNOWN,東京ドーム,unknown,low,False,False,,,[],[],,,,,0,light,2017-07-04 18:00:00+00:00,,UNKNOWN,,,,UNKNOWN,UNKNOWN,,UNKNOWN,,,,,,,,,,,,,,,,,,,,,,,,,,,,,,,,False,False,UNKNOWN,False,False,2017-07-04 09:00:00+00:00,,UNKNOWN,Open-Meteo Historical Forecast,FAIL_CLOSED_NO_ISSUANCE_TIMESTAMP,27.1,79.0,0.0,3.1,NPB,2017-07-04 18:00:00,1,,,0,
2017070404,2017-07-04 18:00:00,北海道日本ハムファイターズ,埼玉西武ライオンズ,1.0,4.0,UNKNOWN,東京ドーム,unknown,low,False,False,,,[],[],,,,,0,light,2017-07-04 18:00:00+00:00,,UNKNOWN,,,,UNKNOWN,UNKNOWN,,UNKNOWN,,,,,,,,,,,,,,,,,,,,,,,,,,,,,,,,False,False,UNKNOWN,False,False,2017-07-04 09:00:00+00:00,,UNKNOWN,Open-Meteo Historical Forecast,FAIL_CLOSED_NO_ISSUANCE_TIMESTAMP,27.1,79.0,0.0,3.1,NPB,2017-07-04 18:00:00,1,,,0,
2017070406,2017-07-04 18:00:00,福岡ソフトバンクホークス,オリックス・バファローズ,4.0,0.0,UNKNOWN,福岡 ヤフオク!ドーム,unknown,low,False,False,,,[],[],,,,,0,light,2017-07-04 18:00:00+00:00,,UNKNOWN,,,,UNKNOWN,UNKNOWN,,UNKNOWN,,,,,,,,,,,,,,,,,,,,,,,,,,,,,,,,False,False,UNKNOWN,False,False,,,,,,,,,,NPB,2017-07-04 18:00:00,1,,,0,
2017070405,2017-07-04 18:15:00,千葉ロッテマリーンズ,東北楽天ゴールデンイーグルス,1.0,5.0,UNKNOWN,ＺＯＺＯマリンスタジアム,unknown,low,False,False,,,[],[],,,,,0,light,2017-07-04 18:15:00+00:00,,UNKNOWN,,,,UNKNOWN,UNKNOWN,,UNKNOWN,,,,,,,,,,,,,,,,,,,,,,,,,,,,,,,,False,False,UNKNOWN,False,False,,,,,,,,,,NPB,2017-07-04 18:15:00,1,,,0,
2017070501,2017-07-05 18:00:00,横浜DeNAベイスターズ,阪神タイガース,4.0,1.0,UNKNOWN,横浜スタジアム,unknown,low,False,False,,,[],[],,,,,0,light,2017-07-05 18:00:00+00:00,,UNKNOWN,,,,UNKNOWN,UNKNOWN,,UNKNOWN,,,,,,,,,,,,,,,,,,,,,,,,,,,,,,,,False,False,UNKNOWN,False,False,,,,,,,,,,NPB,2017-07-05 18:00:00,1,,,0,
2017070502,2017-07-05 18:00:00,中日ドラゴンズ,東京ヤクルトスワローズ,3.0,0.0,UNKNOWN,ナゴヤドーム,unknown,low,False,False,,,[],[],,,,,0,light,2017-07-05 18:00:00+00:00,,UNKNOWN,,,,UNKNOWN,UNKNOWN,,UNKNOWN,,,,,,,,,,,,,,,,,,,,,,,,,,,,,,,,False,False,UNKNOWN,False,False,,,,,,,,,,NPB,2017-07-05 18:00:00,1,,,0,
2017070503,2017-07-05 18:00:00,広島東洋カープ,読売ジャイアンツ,0.0,5.0,UNKNOWN,ＭＡＺＤＡ　Ｚｏｏｍ－Ｚｏｏｍ　スタジアム広島,unknown,low,False,False,,,[],[],,,,,0,light,2017-07-05 18:00:00+00:00,,UNKNOWN,,,,UNKNOWN,UNKNOWN,,UNKNOWN,,,,,,,,,,,,,,,,,,,,,,,,,,,,,,,,False,False,UNKNOWN,False,False,,,,,,,,,,NPB,2017-07-05 18:00:00,1,,,0,
2017070505,2017-07-05 18:00:00,福岡ソフトバンクホークス,オリックス・バファローズ,5.0,3.0,UNKNOWN,福岡 ヤフオク!ドーム,unknown,low,False,False,,,[],[],,,,,0,light,2017-07-05 18:00:00+00:00,,UNKNOWN,,,,UNKNOWN,UNKNOWN,,UNKNOWN,,,,,,,,,,,,,,,,,,,,,,,,,,,,,,,,False,False,UNKNOWN,False,False,,,,,,,,,,NPB,2017-07-05 18:00:00,1,,,0,
2017070504,2017-07-05 18:30:00,千葉ロッテマリーンズ,東北楽天ゴールデンイーグルス,2.0,6.0,UNKNOWN,ＺＯＺＯマリンスタジアム,unknown,low,False,False,,,[],[],,,,,0,light,2017-07-05 18:30:00+00:00,,UNKNOWN,,,,UNKNOWN,UNKNOWN,,UNKNOWN,,,,,,,,,,,,,,,,,,,,,,,,,,,,,,,,False,False,UNKNOWN,False,False,,,,,,,,,,NPB,2017-07-05 18:30:00,1,,,0,
2017070601,2017-07-06 18:00:00,横浜DeNAベイスターズ,阪神タイガース,5.0,10.0,UNKNOWN,横浜スタジアム,unknown,low,False,False,,,[],[],,,,,0,light,2017-07-06 18:00:00+00:00,,UNKNOWN,,,,UNKNOWN,UNKNOWN,,UNKNOWN,,,,,,,,,,,,,,,,,,,,,,,,,,,,,,,,False,False,UNKNOWN,False,False,,,,,,,,,,NPB,2017-07-06 18:00:00,1,,,0,
2017070602,2017-07-06 18:00:00,中日ドラゴンズ,東京ヤクルトスワローズ,4.0,3.0,UNKNOWN,ナゴヤドーム,unknown,low,False,False,,,[],[],,,,,0,light,2017-07-06 18:00:00+00:00,,UNKNOWN,,,,UNKNOWN,UNKNOWN,,UNKNOWN,,,,,,,,,,,,,,,,,,,,,,,,,,,,,,,,False,False,UNKNOWN,False,False,,,,,,,,,,NPB,2017-07-06 18:00:00,1,,,0,
2017070603,2017-07-06 18:00:00,広島東洋カープ,読売ジャイアンツ,6.0,5.0,UNKNOWN,ＭＡＺＤＡ　Ｚｏｏｍ－Ｚｏｏｍ　スタジアム広島,unknown,low,False,False,,,[],[],,,,,0,light,2017-07-06 18:00:00+00:00,,UNKNOWN,,,,UNKNOWN,UNKNOWN,,UNKNOWN,,,,,,,,,,,,,,,,,,,,,,,,,,,,,,,,False,False,UNKNOWN,False,False,,,,,,,,,,NPB,2017-07-06 18:00:00,1,,,0,
2017070604,2017-07-06 18:00:00,北海道日本ハムファイターズ,埼玉西武ライオンズ,6.0,7.0,UNKNOWN,札幌ドーム,unknown,low,False,False,,,[],[],,,,,0,light,2017-07-06 18:00:00+00:00,,UNKNOWN,,,,UNKNOWN,UNKNOWN,,UNKNOWN,,,,,,,,,,,,,,,,,,,,,,,,,,,,,,,,False,False,UNKNOWN,False,False,,,,,,,,,,NPB,2017-07-06 18:00:00,1,,,0,
2017070701,2017-07-07 18:00:00,東京ヤクルトスワローズ,広島東洋カープ,8.0,9.0,UNKNOWN,明治神宮野球場,unknown,low,False,False,,,[],[],,,,,0,light,2017-07-07 18:00:00+00:00,,UNKNOWN,,,,UNKNOWN,UNKNOWN,,UNKNOWN,,,,,,,,,,,,,,,,,,,,,,,,,,,,,,,,False,False,UNKNOWN,False,False,,,,,,,,,,NPB,2017-07-07 18:00:00,1,,,0,
2017070702,2017-07-07 18:00:00,中日ドラゴンズ,横浜DeNAベイスターズ,2.0,1.0,UNKNOWN,ナゴヤドーム,unknown,low,False,False,,,[],[],,,,,0,light,2017-07-07 18:00:00+00:00,,UNKNOWN,,,,UNKNOWN,UNKNOWN,,UNKNOWN,,,,,,,,,,,,,,,,,,,,,,,,,,,,,,,,False,False,UNKNOWN,False,False,,,,,,,,,,NPB,2017-07-07 18:00:00,1,,,0,
2017070703,2017-07-07 18:00:00,阪神タイガース,読売ジャイアンツ,1.0,5.0,UNKNOWN,阪神甲子園球場,unknown,low,False,False,,,[],[],,,,,0,light,2017-07-07 18:00:00+00:00,,UNKNOWN,,,,UNKNOWN,UNKNOWN,,UNKNOWN,,,,,,,,,,,,,,,,,,,,,,,,,,,,,,,,False,False,UNKNOWN,False,False,,,,,,,,,,NPB,2017-07-07 18:00:00,1,,,0,
2017070704,2017-07-07 18:00:00,北海道日本ハムファイターズ,福岡ソフトバンクホークス,1.0,4.0,UNKNOWN,札幌ドーム,unknown,low,False,False,,,[],[],,,,,0,light,2017-07-07 18:00:00+00:00,,UNKNOWN,,,,UNKNOWN,UNKNOWN,,UNKNOWN,,,,,,,,,,,,,,,,,,,,,,,,,,,,,,,,False,False,UNKNOWN,False,False,,,,,,,,,,NPB,2017-07-07 18:00:00,1,,,0,
2017070705,2017-07-07 18:00:00,東北楽天ゴールデンイーグルス,埼玉西武ライオンズ,0.0,5.0,UNKNOWN,Koboパーク宮城,unknown,low,False,False,,,[],[],,,,,0,light,2017-07-07 18:00:00+00:00,,UNKNOWN,,,,UNKNOWN,UNKNOWN,,UNKNOWN,,,,,,,,,,,,,,,,,,,,,,,,,,,,,,,,False,False,UNKNOWN,False,False,,,,,,,,,,NPB,2017-07-07 18:00:00,1,,,0,
2017070706,2017-07-07 18:00:00,オリックス・バファローズ,千葉ロッテマリーンズ,1.0,3.0,UNKNOWN,ほっともっとフィールド神戸,unknown,low,False,False,,,[],[],,,,,0,light,2017-07-07 18:00:00+00:00,,UNKNOWN,,,,UNKNOWN,UNKNOWN,,UNKNOWN,,,,,,,,,,,,,,,,,,,,,,,,,,,,,,,,False,False,UNKNOWN,False,False,,,,,,,,,,NPB,2017-07-07 18:00:00,1,,,0,
2017070802,2017-07-08 14:00:00,中日ドラゴンズ,横浜DeNAベイスターズ,0.0,9.0,UNKNOWN,ナゴヤドーム,unknown,low,False,False,,,[],[],,,,,0,light,2017-07-08 14:00:00+00:00,,UNKNOWN,,,,UNKNOWN,UNKNOWN,,UNKNOWN,,,,,,,,,,,,,,,,,,,,,,,,,,,,,,,,False,False,UNKNOWN,False,False,,,,,,,,,,NPB,2017-07-08 14:00:00,1,,,0,
2017070804,2017-07-08 15:00:00,北海道日本ハムファイターズ,福岡ソフトバンクホークス,2.0,5.0,UNKNOWN,札幌ドーム,unknown,low,False,False,,,[],[],,,,,0,light,2017-07-08 15:00:00+00:00,,UNKNOWN,,,,UNKNOWN,UNKNOWN,,UNKNOWN,,,,,,,,,,,,,,,,,,,,,,,,,,,,,,,,False,False,UNKNOWN,False,False,,,,,,,,,,NPB,2017-07-08 15:00:00,1,,,0,
2017070806,2017-07-08 15:00:00,オリックス・バファローズ,千葉ロッテマリーンズ,2.0,6.0,UNKNOWN,ほっともっとフィールド神戸,unknown,low,False,False,,,[],[],,,,,0,light,2017-07-08 15:00:00+00:00,,UNKNOWN,,,,UNKNOWN,UNKNOWN,,UNKNOWN,,,,,,,,,,,,,,,,,,,,,,,,,,,,,,,,False,False,UNKNOWN,False,False,,,,,,,,,,NPB,2017-07-08 15:00:00,1,,,0,
2017070805,2017-07-08 16:00:00,東北楽天ゴールデンイーグルス,埼玉西武ライオンズ,4.0,2.0,UNKNOWN,Koboパーク宮城,unknown,low,False,False,,,[],[],,,,,0,light,2017-07-08 16:00:00+00:00,,UNKNOWN,,,,UNKNOWN,UNKNOWN,,UNKNOWN,,,,,,,,,,,,,,,,,,,,,,,,,,,,,,,,False,False,UNKNOWN,False,False,,,,,,,,,,NPB,2017-07-08 16:00:00,1,,,0,
2017070801,2017-07-08 18:00:00,東京ヤクルトスワローズ,広島東洋カープ,2.0,8.0,UNKNOWN,明治神宮野球場,unknown,low,False,False,,,[],[],,,,,0,light,2017-07-08 18:00:00+00:00,,UNKNOWN,,,,UNKNOWN,UNKNOWN,,UNKNOWN,,,,,,,,,,,,,,,,,,,,,,,,,,,,,,,,False,False,UNKNOWN,False,False,,,,,,,,,,NPB,2017-07-08 18:00:00,1,,,0,
2017070803,2017-07-08 18:00:00,阪神タイガース,読売ジャイアンツ,1.0,8.0,UNKNOWN,阪神甲子園球場,unknown,low,False,False,,,[],[],,,,,0,light,2017-07-08 18:00:00+00:00,,UNKNOWN,,,,UNKNOWN,UNKNOWN,,UNKNOWN,,,,,,,,,,,,,,,,,,,,,,,,,,,,,,,,False,False,UNKNOWN,False,False,,,,,,,,,,NPB,2017-07-08 18:00:00,1,,,0,
2017070904,2017-07-09 13:00:00,北海道日本ハムファイターズ,福岡ソフトバンクホークス,2.0,0.0,UNKNOWN,札幌ドーム,unknown,low,False,False,,,[],[],,,,,0,light,2017-07-09 13:00:00+00:00,,UNKNOWN,,,,UNKNOWN,UNKNOWN,,UNKNOWN,,,,,,,,,,,,,,,,,,,,,,,,,,,,,,,,False,False,UNKNOWN,False,False,,,,,,,,,,NPB,2017-07-09 13:00:00,1,,,0,
2017070905,2017-07-09 13:00:00,東北楽天ゴールデンイーグルス,埼玉西武ライオンズ,5.0,4.0,UNKNOWN,Koboパーク宮城,unknown,low,False,False,,,[],[],,,,,0,light,2017-07-09 13:00:00+00:00,,UNKNOWN,,,,UNKNOWN,UNKNOWN,,UNKNOWN,,,,,,,,,,,,,,,,,,,,,,,,,,,,,,,,False,False,UNKNOWN,False,False,,,,,,,,,,NPB,2017-07-09 13:00:00,1,,,0,
2017070906,2017-07-09 13:00:00,オリックス・バファローズ,千葉ロッテマリーンズ,4.0,0.0,UNKNOWN,京セラドーム大阪,unknown,low,False,False,,,[],[],,,,,0,light,2017-07-09 13:00:00+00:00,,UNKNOWN,,,,UNKNOWN,UNKNOWN,,UNKNOWN,,,,,,,,,,,,,,,,,,,,,,,,,,,,,,,,False,False,UNKNOWN,False,False,,,,,,,,,,NPB,2017-07-09 13:00:00,1,,,0,
2017070902,2017-07-09 14:00:00,中日ドラゴンズ,横浜DeNAベイスターズ,3.0,7.0,UNKNOWN,ナゴヤドーム,unknown,low,False,False,,,[],[],,,,,0,light,2017-07-09 14:00:00+00:00,,UNKNOWN,,,,UNKNOWN,UNKNOWN,,UNKNOWN,,,,,,,,,,,,,,,,,,,,,,,,,,,,,,,,False,False,UNKNOWN,False,False,,,,,,,,,,NPB,2017-07-09 14:00:00,1,,,0,
2017070901,2017-07-09 17:00:00,東京ヤクルトスワローズ,広島東洋カープ,3.0,3.0,UNKNOWN,明治神宮野球場,unknown,low,False,False,,,[],[],,,,,0,light,2017-07-09 17:00:00+00:00,,UNKNOWN,,,,UNKNOWN,UNKNOWN,,UNKNOWN,,,,,,,,,,,,,,,,,,,,,,,,,,,,,,,,False,False,UNKNOWN,False,False,,,,,,,,,,NPB,2017-07-09 17:00:00,1,,,0,
2017070903,2017-07-09 18:00:00,阪神タイガース,読売ジャイアンツ,7.0,6.0,UNKNOWN,阪神甲子園球場,unknown,low,False,False,,,[],[],,,,,0,light,2017-07-09 18:00:00+00:00,,UNKNOWN,,,,UNKNOWN,UNKNOWN,,UNKNOWN,,,,,,,,,,,,,,,,,,,,,,,,,,,,,,,,False,False,UNKNOWN,False,False,,,,,,,,,,NPB,2017-07-09 18:00:00,1,,,0,
2017071001,2017-07-10 18:00:00,読売ジャイアンツ,東京ヤクルトスワローズ,3.0,2.0,UNKNOWN,東京ドーム,unknown,low,False,False,,,[],[],,,,,0,light,2017-07-10 18:00:00+00:00,,UNKNOWN,,,,UNKNOWN,UNKNOWN,,UNKNOWN,,,,,,,,,,,,,,,,,,,,,,,,,,,,,,,,False,False,UNKNOWN,False,False,2017-07-10 09:00:00+00:00,,UNKNOWN,Open-Meteo Historical Forecast,FAIL_CLOSED_NO_ISSUANCE_TIMESTAMP,27.4,75.0,0.0,10.8,NPB,2017-07-10 18:00:00,1,,,0,
2017071001,2017-07-10 18:00:00,読売ジャイアンツ,東京ヤクルトスワローズ,3.0,2.0,UNKNOWN,東京ドーム,unknown,low,False,False,,,[],[],,,,,0,light,2017-07-10 18:00:00+00:00,,UNKNOWN,,,,UNKNOWN,UNKNOWN,,UNKNOWN,,,,,,,,,,,,,,,,,,,,,,,,,,,,,,,,False,False,UNKNOWN,False,False,2017-07-10 09:00:00+00:00,,UNKNOWN,Open-Meteo Historical Forecast,FAIL_CLOSED_NO_ISSUANCE_TIMESTAMP,27.4,75.0,0.0,10.8,NPB,2017-07-10 18:00:00,1,,,0,
2017071002,2017-07-10 18:00:00,広島東洋カープ,横浜DeNAベイスターズ,5.0,1.0,UNKNOWN,ＭＡＺＤＡ　Ｚｏｏｍ－Ｚｏｏｍ　スタジアム広島,unknown,low,False,False,,,[],[],,,,,0,light,2017-07-10 18:00:00+00:00,,UNKNOWN,,,,UNKNOWN,UNKNOWN,,UNKNOWN,,,,,,,,,,,,,,,,,,,,,,,,,,,,,,,,False,False,UNKNOWN,False,False,,,,,,,,,,NPB,2017-07-10 18:00:00,1,,,0,
2017071003,2017-07-10 18:00:00,埼玉西武ライオンズ,千葉ロッテマリーンズ,5.0,3.0,UNKNOWN,メットライフドーム,unknown,low,False,False,,,[],[],,,,,0,light,2017-07-10 18:00:00+00:00,,UNKNOWN,,,,UNKNOWN,UNKNOWN,,UNKNOWN,,,,,,,,,,,,,,,,,,,,,,,,,,,,,,,,False,False,UNKNOWN,False,False,,,,,,,,,,NPB,2017-07-10 18:00:00,1,,,0,
2017071004,2017-07-10 18:00:00,オリックス・バファローズ,北海道日本ハムファイターズ,11.0,0.0,UNKNOWN,京セラドーム大阪,unknown,low,False,False,,,[],[],,,,,0,light,2017-07-10 18:00:00+00:00,,UNKNOWN,,,,UNKNOWN,UNKNOWN,,UNKNOWN,,,,,,,,,,,,,,,,,,,,,,,,,,,,,,,,False,False,UNKNOWN,False,False,,,,,,,,,,NPB,2017-07-10 18:00:00,1,,,0,
2017071101,2017-07-11 18:00:00,読売ジャイアンツ,東京ヤクルトスワローズ,2.0,0.0,UNKNOWN,東京ドーム,unknown,low,False,False,,,[],[],,,,,0,light,2017-07-11 18:00:00+00:00,,UNKNOWN,,,,UNKNOWN,UNKNOWN,,UNKNOWN,,,,,,,,,,,,,,,,,,,,,,,,,,,,,,,,False,False,UNKNOWN,False,False,2017-07-11 09:00:00+00:00,,UNKNOWN,Open-Meteo Historical Forecast,FAIL_CLOSED_NO_ISSUANCE_TIMESTAMP,27.4,73.0,0.0,11.5,NPB,2017-07-11 18:00:00,1,,,0,
2017071101,2017-07-11 18:00:00,読売ジャイアンツ,東京ヤクルトスワローズ,2.0,0.0,UNKNOWN,東京ドーム,unknown,low,False,False,,,[],[],,,,,0,light,2017-07-11 18:00:00+00:00,,UNKNOWN,,,,UNKNOWN,UNKNOWN,,UNKNOWN,,,,,,,,,,,,,,,,,,,,,,,,,,,,,,,,False,False,UNKNOWN,False,False,2017-07-11 09:00:00+00:00,,UNKNOWN,Open-Meteo Historical Forecast,FAIL_CLOSED_NO_ISSUANCE_TIMESTAMP,27.4,73.0,0.0,11.5,NPB,2017-07-11 18:00:00,1,,,0,
2017071102,2017-07-11 18:00:00,阪神タイガース,中日ドラゴンズ,10.0,1.0,UNKNOWN,岡山県倉敷スポーツ公園野球場,unknown,low,False,False,,,[],[],,,,,0,light,2017-07-11 18:00:00+00:00,,UNKNOWN,,,,UNKNOWN,UNKNOWN,,UNKNOWN,,,,,,,,,,,,,,,,,,,,,,,,,,,,,,,,False,False,UNKNOWN,False,False,,,,,,,,,,NPB,2017-07-11 18:00:00,1,,,0,
2017071103,2017-07-11 18:00:00,広島東洋カープ,横浜DeNAベイスターズ,2.0,5.0,UNKNOWN,ＭＡＺＤＡ　Ｚｏｏｍ－Ｚｏｏｍ　スタジアム広島,unknown,low,False,False,,,[],[],,,,,0,light,2017-07-11 18:00:00+00:00,,UNKNOWN,,,,UNKNOWN,UNKNOWN,,UNKNOWN,,,,,,,,,,,,,,,,,,,,,,,,,,,,,,,,False,False,UNKNOWN,False,False,,,,,,,,,,NPB,2017-07-11 18:00:00,1,,,0,
2017071104,2017-07-11 18:00:00,埼玉西武ライオンズ,千葉ロッテマリーンズ,16.0,6.0,UNKNOWN,メットライフドーム,unknown,low,False,False,,,[],[],,,,,0,light,2017-07-11 18:00:00+00:00,,UNKNOWN,,,,UNKNOWN,UNKNOWN,,UNKNOWN,,,,,,,,,,,,,,,,,,,,,,,,,,,,,,,,False,False,UNKNOWN,False,False,,,,,,,,,,NPB,2017-07-11 18:00:00,1,,,0,
2017071105,2017-07-11 18:00:00,オリックス・バファローズ,北海道日本ハムファイターズ,8.0,1.0,UNKNOWN,京セラドーム大阪,unknown,low,False,False,,,[],[],,,,,0,light,2017-07-11 18:00:00+00:00,,UNKNOWN,,,,UNKNOWN,UNKNOWN,,UNKNOWN,,,,,,,,,,,,,,,,,,,,,,,,,,,,,,,,False,False,UNKNOWN,False,False,,,,,,,,,,NPB,2017-07-11 18:00:00,1,,,0,
2017071106,2017-07-11 18:00:00,福岡ソフトバンクホークス,東北楽天ゴールデンイーグルス,4.0,5.0,UNKNOWN,福岡 ヤフオク!ドーム,unknown,low,False,False,,,[],[],,,,,0,light,2017-07-11 18:00:00+00:00,,UNKNOWN,,,,UNKNOWN,UNKNOWN,,UNKNOWN,,,,,,,,,,,,,,,,,,,,,,,,,,,,,,,,False,False,UNKNOWN,False,False,,,,,,,,,,NPB,2017-07-11 18:00:00,1,,,0,
2017071201,2017-07-12 18:00:00,読売ジャイアンツ,東京ヤクルトスワローズ,8.0,3.0,UNKNOWN,東京ドーム,unknown,low,False,False,,,[],[],,,,,0,light,2017-07-12 18:00:00+00:00,,UNKNOWN,,,,UNKNOWN,UNKNOWN,,UNKNOWN,,,,,,,,,,,,,,,,,,,,,,,,,,,,,,,,False,False,UNKNOWN,False,False,2017-07-12 09:00:00+00:00,,UNKNOWN,Open-Meteo Historical Forecast,FAIL_CLOSED_NO_ISSUANCE_TIMESTAMP,28.7,73.0,0.0,6.2,NPB,2017-07-12 18:00:00,1,,,0,
2017071201,2017-07-12 18:00:00,読売ジャイアンツ,東京ヤクルトスワローズ,8.0,3.0,UNKNOWN,東京ドーム,unknown,low,False,False,,,[],[],,,,,0,light,2017-07-12 18:00:00+00:00,,UNKNOWN,,,,UNKNOWN,UNKNOWN,,UNKNOWN,,,,,,,,,,,,,,,,,,,,,,,,,,,,,,,,False,False,UNKNOWN,False,False,2017-07-12 09:00:00+00:00,,UNKNOWN,Open-Meteo Historical Forecast,FAIL_CLOSED_NO_ISSUANCE_TIMESTAMP,28.7,73.0,0.0,6.2,NPB,2017-07-12 18:00:00,1,,,0,
2017071202,2017-07-12 18:00:00,阪神タイガース,中日ドラゴンズ,5.0,4.0,UNKNOWN,阪神甲子園球場,unknown,low,False,False,,,[],[],,,,,0,light,2017-07-12 18:00:00+00:00,,UNKNOWN,,,,UNKNOWN,UNKNOWN,,UNKNOWN,,,,,,,,,,,,,,,,,,,,,,,,,,,,,,,,False,False,UNKNOWN,False,False,,,,,,,,,,NPB,2017-07-12 18:00:00,1,,,0,
2017071203,2017-07-12 18:00:00,広島東洋カープ,横浜DeNAベイスターズ,5.0,1.0,UNKNOWN,ＭＡＺＤＡ　Ｚｏｏｍ－Ｚｏｏｍ　スタジアム広島,unknown,low,False,False,,,[],[],,,,,0,light,2017-07-12 18:00:00+00:00,,UNKNOWN,,,,UNKNOWN,UNKNOWN,,UNKNOWN,,,,,,,,,,,,,,,,,,,,,,,,,,,,,,,,False,False,UNKNOWN,False,False,,,,,,,,,,NPB,2017-07-12 18:00:00,1,,,0,
2017071204,2017-07-12 18:00:00,埼玉西武ライオンズ,千葉ロッテマリーンズ,6.0,3.0,UNKNOWN,メットライフドーム,unknown,low,False,False,,,[],[],,,,,0,light,2017-07-12 18:00:00+00:00,,UNKNOWN,,,,UNKNOWN,UNKNOWN,,UNKNOWN,,,,,,,,,,,,,,,,,,,,,,,,,,,,,,,,False,False,UNKNOWN,False,False,,,,,,,,,,NPB,2017-07-12 18:00:00,1,,,0,
2017071205,2017-07-12 18:00:00,オリックス・バファローズ,北海道日本ハムファイターズ,6.0,3.0,UNKNOWN,京セラドーム大阪,unknown,low,False,False,,,[],[],,,,,0,light,2017-07-12 18:00:00+00:00,,UNKNOWN,,,,UNKNOWN,UNKNOWN,,UNKNOWN,,,,,,,,,,,,,,,,,,,,,,,,,,,,,,,,False,False,UNKNOWN,False,False,,,,,,,,,,NPB,2017-07-12 18:00:00,1,,,0,
2017071206,2017-07-12 18:00:00,福岡ソフトバンクホークス,東北楽天ゴールデンイーグルス,0.0,2.0,UNKNOWN,福岡 ヤフオク!ドーム,unknown,low,False,False,,,[],[],,,,,0,light,2017-07-12 18:00:00+00:00,,UNKNOWN,,,,UNKNOWN,UNKNOWN,,UNKNOWN,,,,,,,,,,,,,,,,,,,,,,,,,,,,,,,,False,False,UNKNOWN,False,False,,,,,,,,,,NPB,2017-07-12 18:00:00,1,,,0,
2017071401,2017-07-14 19:00:00,全セ,全パ,2.0,6.0,UNKNOWN,ナゴヤドーム,unknown,low,False,False,,,[],[],,,,,0,light,2017-07-14 19:00:00+00:00,,UNKNOWN,,,,UNKNOWN,UNKNOWN,,UNKNOWN,,,,,,,,,,,,,,,,,,,,,,,,,,,,,,,,False,False,UNKNOWN,False,False,,,,,,,,,,NPB,2017-07-14 19:00:00,1,,,0,
2017071501,2017-07-15 18:00:00,全パ,全セ,3.0,1.0,UNKNOWN,ＺＯＺＯマリンスタジアム,unknown,low,False,False,,,[],[],,,,,0,light,2017-07-15 18:00:00+00:00,,UNKNOWN,,,,UNKNOWN,UNKNOWN,,UNKNOWN,,,,,,,,,,,,,,,,,,,,,,,,,,,,,,,,False,False,UNKNOWN,False,False,,,,,,,,,,NPB,2017-07-15 18:00:00,1,,,0,
2017071704,2017-07-17 17:00:00,千葉ロッテマリーンズ,オリックス・バファローズ,3.0,2.0,UNKNOWN,ＺＯＺＯマリンスタジアム,unknown,low,False,False,,,[],[],,,,,0,light,2017-07-17 17:00:00+00:00,,UNKNOWN,,,,UNKNOWN,UNKNOWN,,UNKNOWN,,,,,,,,,,,,,,,,,,,,,,,,,,,,,,,,False,False,UNKNOWN,False,False,,,,,,,,,,NPB,2017-07-17 17:00:00,1,,,0,
2017071701,2017-07-17 18:00:00,横浜DeNAベイスターズ,東京ヤクルトスワローズ,2.0,1.0,UNKNOWN,横浜スタジアム,unknown,low,False,False,,,[],[],,,,,0,light,2017-07-17 18:00:00+00:00,,UNKNOWN,,,,UNKNOWN,UNKNOWN,,UNKNOWN,,,,,,,,,,,,,,,,,,,,,,,,,,,,,,,,False,False,UNKNOWN,False,False,,,,,,,,,,NPB,2017-07-17 18:00:00,1,,,0,
2017071702,2017-07-17 18:00:00,中日ドラゴンズ,読売ジャイアンツ,1.0,5.0,UNKNOWN,ナゴヤドーム,unknown,low,False,False,,,[],[],,,,,0,light,2017-07-17 18:00:00+00:00,,UNKNOWN,,,,UNKNOWN,UNKNOWN,,UNKNOWN,,,,,,,,,,,,,,,,,,,,,,,,,,,,,,,,False,False,UNKNOWN,False,False,,,,,,,,,,NPB,2017-07-17 18:00:00,1,,,0,
2017071703,2017-07-17 18:00:00,阪神タイガース,広島東洋カープ,2.0,1.0,UNKNOWN,阪神甲子園球場,unknown,low,False,False,,,[],[],,,,,0,light,2017-07-17 18:00:00+00:00,,UNKNOWN,,,,UNKNOWN,UNKNOWN,,UNKNOWN,,,,,,,,,,,,,,,,,,,,,,,,,,,,,,,,False,False,UNKNOWN,False,False,,,,,,,,,,NPB,2017-07-17 18:00:00,1,,,0,
2017071705,2017-07-17 18:00:00,福岡ソフトバンクホークス,埼玉西武ライオンズ,3.0,1.0,UNKNOWN,福岡 ヤフオク!ドーム,unknown,low,False,False,,,[],[],,,,,0,light,2017-07-17 18:00:00+00:00,,UNKNOWN,,,,UNKNOWN,UNKNOWN,,UNKNOWN,,,,,,,,,,,,,,,,,,,,,,,,,,,,,,,,False,False,UNKNOWN,False,False,,,,,,,,,,NPB,2017-07-17 18:00:00,1,,,0,
2017071804,2017-07-18 13:00:00,北海道日本ハムファイターズ,東北楽天ゴールデンイーグルス,1.0,5.0,UNKNOWN,函館市千代台公園野球場,unknown,low,False,False,,,[],[],,,,,0,light,2017-07-18 13:00:00+00:00,,UNKNOWN,,,,UNKNOWN,UNKNOWN,,UNKNOWN,,,,,,,,,,,,,,,,,,,,,,,,,,,,,,,,False,False,UNKNOWN,False,False,,,,,,,,,,NPB,2017-07-18 13:00:00,1,,,0,
2017071801,2017-07-18 18:00:00,横浜DeNAベイスターズ,東京ヤクルトスワローズ,1.0,0.0,UNKNOWN,横浜スタジアム,unknown,low,False,False,,,[],[],,,,,0,light,2017-07-18 18:00:00+00:00,,UNKNOWN,,,,UNKNOWN,UNKNOWN,,UNKNOWN,,,,,,,,,,,,,,,,,,,,,,,,,,,,,,,,False,False,UNKNOWN,False,False,,,,,,,,,,NPB,2017-07-18 18:00:00,1,,,0,
2017071802,2017-07-18 18:00:00,中日ドラゴンズ,読売ジャイアンツ,6.0,1.0,UNKNOWN,ナゴヤドーム,unknown,low,False,False,,,[],[],,,,,0,light,2017-07-18 18:00:00+00:00,,UNKNOWN,,,,UNKNOWN,UNKNOWN,,UNKNOWN,,,,,,,,,,,,,,,,,,,,,,,,,,,,,,,,False,False,UNKNOWN,False,False,,,,,,,,,,NPB,2017-07-18 18:00:00,1,,,0,
2017071803,2017-07-18 18:00:00,阪神タイガース,広島東洋カープ,5.0,9.0,UNKNOWN,阪神甲子園球場,unknown,low,False,False,,,[],[],,,,,0,light,2017-07-18 18:00:00+00:00,,UNKNOWN,,,,UNKNOWN,UNKNOWN,,UNKNOWN,,,,,,,,,,,,,,,,,,,,,,,,,,,,,,,,False,False,UNKNOWN,False,False,,,,,,,,,,NPB,2017-07-18 18:00:00,1,,,0,
2017071806,2017-07-18 18:00:00,福岡ソフトバンクホークス,埼玉西武ライオンズ,3.0,1.0,UNKNOWN,福岡 ヤフオク!ドーム,unknown,low,False,False,,,[],[],,,,,0,light,2017-07-18 18:00:00+00:00,,UNKNOWN,,,,UNKNOWN,UNKNOWN,,UNKNOWN,,,,,,,,,,,,,,,,,,,,,,,,,,,,,,,,False,False,UNKNOWN,False,False,,,,,,,,,,NPB,2017-07-18 18:00:00,1,,,0,
2017071805,2017-07-18 19:00:00,千葉ロッテマリーンズ,オリックス・バファローズ,4.0,0.0,UNKNOWN,ＺＯＺＯマリンスタジアム,unknown,low,False,False,,,[],[],,,,,0,light,2017-07-18 19:00:00+00:00,,UNKNOWN,,,,UNKNOWN,UNKNOWN,,UNKNOWN,,,,,,,,,,,,,,,,,,,,,,,,,,,,,,,,False,False,UNKNOWN,False,False,,,,,,,,,,NPB,2017-07-18 19:00:00,1,,,0,
2017071901,2017-07-19 18:00:00,横浜DeNAベイスターズ,東京ヤクルトスワローズ,5.0,3.0,UNKNOWN,横浜スタジアム,unknown,low,False,False,,,[],[],,,,,0,light,2017-07-19 18:00:00+00:00,,UNKNOWN,,,,UNKNOWN,UNKNOWN,,UNKNOWN,,,,,,,,,,,,,,,,,,,,,,,,,,,,,,,,False,False,UNKNOWN,False,False,,,,,,,,,,NPB,2017-07-19 18:00:00,1,,,0,
2017071902,2017-07-19 18:00:00,中日ドラゴンズ,読売ジャイアンツ,5.0,6.0,UNKNOWN,ナゴヤドーム,unknown,low,False,False,,,[],[],,,,,0,light,2017-07-19 18:00:00+00:00,,UNKNOWN,,,,UNKNOWN,UNKNOWN,,UNKNOWN,,,,,,,,,,,,,,,,,,,,,,,,,,,,,,,,False,False,UNKNOWN,False,False,,,,,,,,,,NPB,2017-07-19 18:00:00,1,,,0,
2017071903,2017-07-19 18:00:00,阪神タイガース,広島東洋カープ,3.0,14.0,UNKNOWN,阪神甲子園球場,unknown,low,False,False,,,[],[],,,,,0,light,2017-07-19 18:00:00+00:00,,UNKNOWN,,,,UNKNOWN,UNKNOWN,,UNKNOWN,,,,,,,,,,,,,,,,,,,,,,,,,,,,,,,,False,False,UNKNOWN,False,False,,,,,,,,,,NPB,2017-07-19 18:00:00,1,,,0,
2017071905,2017-07-19 18:00:00,福岡ソフトバンクホークス,埼玉西武ライオンズ,10.0,6.0,UNKNOWN,北九州市民球場,unknown,low,False,False,,,[],[],,,,,0,light,2017-07-19 18:00:00+00:00,,UNKNOWN,,,,UNKNOWN,UNKNOWN,,UNKNOWN,,,,,,,,,,,,,,,,,,,,,,,,,,,,,,,,False,False,UNKNOWN,False,False,,,,,,,,,,NPB,2017-07-19 18:00:00,1,,,0,
2017071904,2017-07-19 18:30:00,北海道日本ハムファイターズ,東北楽天ゴールデンイーグルス,2.0,3.0,UNKNOWN,札幌ドーム,unknown,low,False,False,,,[],[],,,,,0,light,2017-07-19 18:30:00+00:00,,UNKNOWN,,,,UNKNOWN,UNKNOWN,,UNKNOWN,,,,,,,,,,,,,,,,,,,,,,,,,,,,,,,,False,False,UNKNOWN,False,False,,,,,,,,,,NPB,2017-07-19 18:30:00,1,,,0,
2017072001,2017-07-20 18:00:00,北海道日本ハムファイターズ,東北楽天ゴールデンイーグルス,4.0,3.0,UNKNOWN,札幌ドーム,unknown,low,False,False,,,[],[],,,,,0,light,2017-07-20 18:00:00+00:00,,UNKNOWN,,,,UNKNOWN,UNKNOWN,,UNKNOWN,,,,,,,,,,,,,,,,,,,,,,,,,,,,,,,,False,False,UNKNOWN,False,False,,,,,,,,,,NPB,2017-07-20 18:00:00,1,,,0,
2017072101,2017-07-21 18:00:00,東京ヤクルトスワローズ,阪神タイガース,1.0,11.0,UNKNOWN,明治神宮野球場,unknown,low,False,False,,,[],[],,,,,0,light,2017-07-21 18:00:00+00:00,,UNKNOWN,,,,UNKNOWN,UNKNOWN,,UNKNOWN,,,,,,,,,,,,,,,,,,,,,,,,,,,,,,,,False,False,UNKNOWN,False,False,,,,,,,,,,NPB,2017-07-21 18:00:00,1,,,0,
2017072102,2017-07-21 18:00:00,横浜DeNAベイスターズ,読売ジャイアンツ,3.0,3.0,UNKNOWN,横浜スタジアム,unknown,low,False,False,,,[],[],,,,,0,light,2017-07-21 18:00:00+00:00,,UNKNOWN,,,,UNKNOWN,UNKNOWN,,UNKNOWN,,,,,,,,,,,,,,,,,,,,,,,,,,,,,,,,False,False,UNKNOWN,False,False,,,,,,,,,,NPB,2017-07-21 18:00:00,1,,,0,
2017072103,2017-07-21 18:00:00,広島東洋カープ,中日ドラゴンズ,5.0,8.0,UNKNOWN,ＭＡＺＤＡ　Ｚｏｏｍ－Ｚｏｏｍ　スタジアム広島,unknown,low,False,False,,,[],[],,,,,0,light,2017-07-21 18:00:00+00:00,,UNKNOWN,,,,UNKNOWN,UNKNOWN,,UNKNOWN,,,,,,,,,,,,,,,,,,,,,,,,,,,,,,,,False,False,UNKNOWN,False,False,,,,,,,,,,NPB,2017-07-21 18:00:00,1,,,0,
2017072104,2017-07-21 18:00:00,東北楽天ゴールデンイーグルス,オリックス・バファローズ,4.0,3.0,UNKNOWN,Koboパーク宮城,unknown,low,False,False,,,[],[],,,,,0,light,2017-07-21 18:00:00+00:00,,UNKNOWN,,,,UNKNOWN,UNKNOWN,,UNKNOWN,,,,,,,,,,,,,,,,,,,,,,,,,,,,,,,,False,False,UNKNOWN,False,False,,,,,,,,,,NPB,2017-07-21 18:00:00,1,,,0,
2017072105,2017-07-21 18:00:00,埼玉西武ライオンズ,北海道日本ハムファイターズ,8.0,5.0,UNKNOWN,メットライフドーム,unknown,low,False,False,,,[],[],,,,,0,light,2017-07-21 18:00:00+00:00,,UNKNOWN,,,,UNKNOWN,UNKNOWN,,UNKNOWN,,,,,,,,,,,,,,,,,,,,,,,,,,,,,,,,False,False,UNKNOWN,False,False,,,,,,,,,,NPB,2017-07-21 18:00:00,1,,,0,
2017072106,2017-07-21 18:00:00,福岡ソフトバンクホークス,千葉ロッテマリーンズ,2.0,1.0,UNKNOWN,福岡 ヤフオク!ドーム,unknown,low,False,False,,,[],[],,,,,0,light,2017-07-21 18:00:00+00:00,,UNKNOWN,,,,UNKNOWN,UNKNOWN,,UNKNOWN,,,,,,,,,,,,,,,,,,,,,,,,,,,,,,,,False,False,UNKNOWN,False,False,,,,,,,,,,NPB,2017-07-21 18:00:00,1,,,0,
2017072206,2017-07-22 13:00:00,福岡ソフトバンクホークス,千葉ロッテマリーンズ,2.0,0.0,UNKNOWN,福岡 ヤフオク!ドーム,unknown,low,False,False,,,[],[],,,,,0,light,2017-07-22 13:00:00+00:00,,UNKNOWN,,,,UNKNOWN,UNKNOWN,,UNKNOWN,,,,,,,,,,,,,,,,,,,,,,,,,,,,,,,,False,False,UNKNOWN,False,False,,,,,,,,,,NPB,2017-07-22 13:00:00,1,,,0,
2017072204,2017-07-22 16:00:00,東北楽天ゴールデンイーグルス,オリックス・バファローズ,8.0,7.0,UNKNOWN,Koboパーク宮城,unknown,low,False,False,,,[],[],,,,,0,light,2017-07-22 16:00:00+00:00,,UNKNOWN,,,,UNKNOWN,UNKNOWN,,UNKNOWN,,,,,,,,,,,,,,,,,,,,,,,,,,,,,,,,False,False,UNKNOWN,False,False,,,,,,,,,,NPB,2017-07-22 16:00:00,1,,,0,
2017072202,2017-07-22 17:30:00,横浜DeNAベイスターズ,読売ジャイアンツ,1.0,3.0,UNKNOWN,横浜スタジアム,unknown,low,False,False,,,[],[],,,,,0,light,2017-07-22 17:30:00+00:00,,UNKNOWN,,,,UNKNOWN,UNKNOWN,,UNKNOWN,,,,,,,,,,,,,,,,,,,,,,,,,,,,,,,,False,False,UNKNOWN,False,False,,,,,,,,,,NPB,2017-07-22 17:30:00,1,,,0,
2017072201,2017-07-22 18:00:00,東京ヤクルトスワローズ,阪神タイガース,6.0,2.0,UNKNOWN,明治神宮野球場,unknown,low,False,False,,,[],[],,,,,0,light,2017-07-22 18:00:00+00:00,,UNKNOWN,,,,UNKNOWN,UNKNOWN,,UNKNOWN,,,,,,,,,,,,,,,,,,,,,,,,,,,,,,,,False,False,UNKNOWN,False,False,,,,,,,,,,NPB,2017-07-22 18:00:00,1,,,0,
2017072203,2017-07-22 18:00:00,広島東洋カープ,中日ドラゴンズ,6.0,3.0,UNKNOWN,ＭＡＺＤＡ　Ｚｏｏｍ－Ｚｏｏｍ　スタジアム広島,unknown,low,False,False,,,[],[],,,,,0,light,2017-07-22 18:00:00+00:00,,UNKNOWN,,,,UNKNOWN,UNKNOWN,,UNKNOWN,,,,,,,,,,,,,,,,,,,,,,,,,,,,,,,,False,False,UNKNOWN,False,False,,,,,,,,,,NPB,2017-07-22 18:00:00,1,,,0,
2017072205,2017-07-22 18:00:00,埼玉西武ライオンズ,北海道日本ハムファイターズ,4.0,0.0,UNKNOWN,メットライフドーム,unknown,low,False,False,,,[],[],,,,,0,light,2017-07-22 18:00:00+00:00,,UNKNOWN,,,,UNKNOWN,UNKNOWN,,UNKNOWN,,,,,,,,,,,,,,,,,,,,,,,,,,,,,,,,False,False,UNKNOWN,False,False,,,,,,,,,,NPB,2017-07-22 18:00:00,1,,,0,
2017072306,2017-07-23 13:00:00,福岡ソフトバンクホークス,千葉ロッテマリーンズ,1.0,3.0,UNKNOWN,福岡 ヤフオク!ドーム,unknown,low,False,False,,,[],[],,,,,0,light,2017-07-23 13:00:00+00:00,,UNKNOWN,,,,UNKNOWN,UNKNOWN,,UNKNOWN,,,,,,,,,,,,,,,,,,,,,,,,,,,,,,,,False,False,UNKNOWN,False,False,,,,,,,,,,NPB,2017-07-23 13:00:00,1,,,0,
2017072304,2017-07-23 14:00:00,東北楽天ゴールデンイーグルス,オリックス・バファローズ,3.0,2.0,UNKNOWN,Koboパーク宮城,unknown,low,False,False,,,[],[],,,,,0,light,2017-07-23 14:00:00+00:00,,UNKNOWN,,,,UNKNOWN,UNKNOWN,,UNKNOWN,,,,,,,,,,,,,,,,,,,,,,,,,,,,,,,,False,False,UNKNOWN,False,False,,,,,,,,,,NPB,2017-07-23 14:00:00,1,,,0,
2017072305,2017-07-23 14:00:00,埼玉西武ライオンズ,北海道日本ハムファイターズ,9.0,2.0,UNKNOWN,メットライフドーム,unknown,low,False,False,,,[],[],,,,,0,light,2017-07-23 14:00:00+00:00,,UNKNOWN,,,,UNKNOWN,UNKNOWN,,UNKNOWN,,,,,,,,,,,,,,,,,,,,,,,,,,,,,,,,False,False,UNKNOWN,False,False,,,,,,,,,,NPB,2017-07-23 14:00:00,1,,,0,
2017072302,2017-07-23 17:30:00,横浜DeNAベイスターズ,読売ジャイアンツ,8.0,6.0,UNKNOWN,横浜スタジアム,unknown,low,False,False,,,[],[],,,,,0,light,2017-07-23 17:30:00+00:00,,UNKNOWN,,,,UNKNOWN,UNKNOWN,,UNKNOWN,,,,,,,,,,,,,,,,,,,,,,,,,,,,,,,,False,False,UNKNOWN,False,False,,,,,,,,,,NPB,2017-07-23 17:30:00,1,,,0,
2017072301,2017-07-23 18:00:00,東京ヤクルトスワローズ,阪神タイガース,0.0,5.0,UNKNOWN,明治神宮野球場,unknown,low,False,False,,,[],[],,,,,0,light,2017-07-23 18:00:00+00:00,,UNKNOWN,,,,UNKNOWN,UNKNOWN,,UNKNOWN,,,,,,,,,,,,,,,,,,,,,,,,,,,,,,,,False,False,UNKNOWN,False,False,,,,,,,,,,NPB,2017-07-23 18:00:00,1,,,0,
2017072303,2017-07-23 18:00:00,広島東洋カープ,中日ドラゴンズ,12.0,1.0,UNKNOWN,ＭＡＺＤＡ　Ｚｏｏｍ－Ｚｏｏｍ　スタジアム広島,unknown,low,False,False,,,[],[],,,,,0,light,2017-07-23 18:00:00+00:00,,UNKNOWN,,,,UNKNOWN,UNKNOWN,,UNKNOWN,,,,,,,,,,,,,,,,,,,,,,,,,,,,,,,,False,False,UNKNOWN,False,False,,,,,,,,,,NPB,2017-07-23 18:00:00,1,,,0,
2017072504,2017-07-25 13:00:00,北海道日本ハムファイターズ,千葉ロッテマリーンズ,0.0,4.0,UNKNOWN,釧路市民球場,unknown,low,False,False,,,[],[],,,,,0,light,2017-07-25 13:00:00+00:00,,UNKNOWN,,,,UNKNOWN,UNKNOWN,,UNKNOWN,,,,,,,,,,,,,,,,,,,,,,,,,,,,,,,,False,False,UNKNOWN,False,False,,,,,,,,,,NPB,2017-07-25 13:00:00,1,,,0,
2017072501,2017-07-25 18:00:00,読売ジャイアンツ,広島東洋カープ,1.0,2.0,UNKNOWN,長良川球場,unknown,low,False,False,,,[],[],,,,,0,light,2017-07-25 18:00:00+00:00,,UNKNOWN,,,,UNKNOWN,UNKNOWN,,UNKNOWN,,,,,,,,,,,,,,,,,,,,,,,,,,,,,,,,False,False,UNKNOWN,False,False,,,,,,,,,,NPB,2017-07-25 18:00:00,1,,,0,
2017072502,2017-07-25 18:00:00,東京ヤクルトスワローズ,中日ドラゴンズ,9.0,8.0,UNKNOWN,明治神宮野球場,unknown,low,False,False,,,[],[],,,,,0,light,2017-07-25 18:00:00+00:00,,UNKNOWN,,,,UNKNOWN,UNKNOWN,,UNKNOWN,,,,,,,,,,,,,,,,,,,,,,,,,,,,,,,,False,False,UNKNOWN,False,False,,,,,,,,,,NPB,2017-07-25 18:00:00,1,,,0,
2017072503,2017-07-25 18:00:00,阪神タイガース,横浜DeNAベイスターズ,0.0,1.0,UNKNOWN,阪神甲子園球場,unknown,low,False,False,,,[],[],,,,,0,light,2017-07-25 18:00:00+00:00,,UNKNOWN,,,,UNKNOWN,UNKNOWN,,UNKNOWN,,,,,,,,,,,,,,,,,,,,,,,,,,,,,,,,False,False,UNKNOWN,False,False,,,,,,,,,,NPB,2017-07-25 18:00:00,1,,,0,
2017072506,2017-07-25 18:00:00,埼玉西武ライオンズ,オリックス・バファローズ,7.0,2.0,UNKNOWN,メットライフドーム,unknown,low,False,False,,,[],[],,,,,0,light,2017-07-25 18:00:00+00:00,,UNKNOWN,,,,UNKNOWN,UNKNOWN,,UNKNOWN,,,,,,,,,,,,,,,,,,,,,,,,,,,,,,,,False,False,UNKNOWN,False,False,,,,,,,,,,NPB,2017-07-25 18:00:00,1,,,0,
2017072604,2017-07-26 13:00:00,北海道日本ハムファイターズ,千葉ロッテマリーンズ,4.0,2.0,UNKNOWN,帯広の森野球場,unknown,low,False,False,,,[],[],,,,,0,light,2017-07-26 13:00:00+00:00,,UNKNOWN,,,,UNKNOWN,UNKNOWN,,UNKNOWN,,,,,,,,,,,,,,,,,,,,,,,,,,,,,,,,False,False,UNKNOWN,False,False,,,,,,,,,,NPB,2017-07-26 13:00:00,1,,,0,
2017072601,2017-07-26 18:00:00,読売ジャイアンツ,広島東洋カープ,2.0,7.0,UNKNOWN,京セラドーム大阪,unknown,low,False,False,,,[],[],,,,,0,light,2017-07-26 18:00:00+00:00,,UNKNOWN,,,,UNKNOWN,UNKNOWN,,UNKNOWN,,,,,,,,,,,,,,,,,,,,,,,,,,,,,,,,False,False,UNKNOWN,False,False,,,,,,,,,,NPB,2017-07-26 18:00:00,1,,,0,
2017072602,2017-07-26 18:00:00,東京ヤクルトスワローズ,中日ドラゴンズ,11.0,10.0,UNKNOWN,明治神宮野球場,unknown,low,False,False,,,[],[],,,,,0,light,2017-07-26 18:00:00+00:00,,UNKNOWN,,,,UNKNOWN,UNKNOWN,,UNKNOWN,,,,,,,,,,,,,,,,,,,,,,,,,,,,,,,,False,False,UNKNOWN,False,False,,,,,,,,,,NPB,2017-07-26 18:00:00,1,,,0,
2017072603,2017-07-26 18:00:00,阪神タイガース,横浜DeNAベイスターズ,5.0,6.0,UNKNOWN,阪神甲子園球場,unknown,low,False,False,,,[],[],,,,,0,light,2017-07-26 18:00:00+00:00,,UNKNOWN,,,,UNKNOWN,UNKNOWN,,UNKNOWN,,,,,,,,,,,,,,,,,,,,,,,,,,,,,,,,False,False,UNKNOWN,False,False,,,,,,,,,,NPB,2017-07-26 18:00:00,1,,,0,
2017072605,2017-07-26 18:00:00,東北楽天ゴールデンイーグルス,福岡ソフトバンクホークス,4.0,1.0,UNKNOWN,Koboパーク宮城,unknown,low,False,False,,,[],[],,,,,0,light,2017-07-26 18:00:00+00:00,,UNKNOWN,,,,UNKNOWN,UNKNOWN,,UNKNOWN,,,,,,,,,,,,,,,,,,,,,,,,,,,,,,,,False,False,UNKNOWN,False,False,,,,,,,,,,NPB,2017-07-26 18:00:00,1,,,0,
2017072606,2017-07-26 18:00:00,埼玉西武ライオンズ,オリックス・バファローズ,6.0,2.0,UNKNOWN,メットライフドーム,unknown,low,False,False,,,[],[],,,,,0,light,2017-07-26 18:00:00+00:00,,UNKNOWN,,,,UNKNOWN,UNKNOWN,,UNKNOWN,,,,,,,,,,,,,,,,,,,,,,,,,,,,,,,,False,False,UNKNOWN,False,False,,,,,,,,,,NPB,2017-07-26 18:00:00,1,,,0,
2017072704,2017-07-27 14:00:00,東北楽天ゴールデンイーグルス,福岡ソフトバンクホークス,1.0,5.0,UNKNOWN,Koboパーク宮城,unknown,low,False,False,,,[],[],,,,,0,light,2017-07-27 14:00:00+00:00,,UNKNOWN,,,,UNKNOWN,UNKNOWN,,UNKNOWN,,,,,,,,,,,,,,,,,,,,,,,,,,,,,,,,False,False,UNKNOWN,False,False,,,,,,,,,,NPB,2017-07-27 14:00:00,1,,,0,
2017072701,2017-07-27 18:00:00,読売ジャイアンツ,広島東洋カープ,4.0,3.0,UNKNOWN,京セラドーム大阪,unknown,low,False,False,,,[],[],,,,,0,light,2017-07-27 18:00:00+00:00,,UNKNOWN,,,,UNKNOWN,UNKNOWN,,UNKNOWN,,,,,,,,,,,,,,,,,,,,,,,,,,,,,,,,False,False,UNKNOWN,False,False,,,,,,,,,,NPB,2017-07-27 18:00:00,1,,,0,
2017072702,2017-07-27 18:00:00,東京ヤクルトスワローズ,中日ドラゴンズ,11.0,2.0,UNKNOWN,明治神宮野球場,unknown,low,False,False,,,[],[],,,,,0,light,2017-07-27 18:00:00+00:00,,UNKNOWN,,,,UNKNOWN,UNKNOWN,,UNKNOWN,,,,,,,,,,,,,,,,,,,,,,,,,,,,,,,,False,False,UNKNOWN,False,False,,,,,,,,,,NPB,2017-07-27 18:00:00,1,,,0,
2017072703,2017-07-27 18:00:00,阪神タイガース,横浜DeNAベイスターズ,10.0,3.0,UNKNOWN,阪神甲子園球場,unknown,low,False,False,,,[],[],,,,,0,light,2017-07-27 18:00:00+00:00,,UNKNOWN,,,,UNKNOWN,UNKNOWN,,UNKNOWN,,,,,,,,,,,,,,,,,,,,,,,,,,,,,,,,False,False,UNKNOWN,False,False,,,,,,,,,,NPB,2017-07-27 18:00:00,1,,,0,
2017072705,2017-07-27 18:00:00,埼玉西武ライオンズ,オリックス・バファローズ,2.0,0.0,UNKNOWN,メットライフドーム,unknown,low,False,False,,,[],[],,,,,0,light,2017-07-27 18:00:00+00:00,,UNKNOWN,,,,UNKNOWN,UNKNOWN,,UNKNOWN,,,,,,,,,,,,,,,,,,,,,,,,,,,,,,,,False,False,UNKNOWN,False,False,,,,,,,,,,NPB,2017-07-27 18:00:00,1,,,0,
2017072801,2017-07-28 18:00:00,中日ドラゴンズ,阪神タイガース,0.0,5.0,UNKNOWN,ナゴヤドーム,unknown,low,False,False,,,[],[],,,,,0,light,2017-07-28 18:00:00+00:00,,UNKNOWN,,,,UNKNOWN,UNKNOWN,,UNKNOWN,,,,,,,,,,,,,,,,,,,,,,,,,,,,,,,,False,False,UNKNOWN,False,False,,,,,,,,,,NPB,2017-07-28 18:00:00,1,,,0,
2017072802,2017-07-28 18:00:00,広島東洋カープ,東京ヤクルトスワローズ,7.0,1.0,UNKNOWN,ＭＡＺＤＡ　Ｚｏｏｍ－Ｚｏｏｍ　スタジアム広島,unknown,low,False,False,,,[],[],,,,,0,light,2017-07-28 18:00:00+00:00,,UNKNOWN,,,,UNKNOWN,UNKNOWN,,UNKNOWN,,,,,,,,,,,,,,,,,,,,,,,,,,,,,,,,False,False,UNKNOWN,False,False,,,,,,,,,,NPB,2017-07-28 18:00:00,1,,,0,
2017072804,2017-07-28 18:00:00,オリックス・バファローズ,東北楽天ゴールデンイーグルス,11.0,5.0,UNKNOWN,ほっともっとフィールド神戸,unknown,low,False,False,,,[],[],,,,,0,light,2017-07-28 18:00:00+00:00,,UNKNOWN,,,,UNKNOWN,UNKNOWN,,UNKNOWN,,,,,,,,,,,,,,,,,,,,,,,,,,,,,,,,False,False,UNKNOWN,False,False,,,,,,,,,,NPB,2017-07-28 18:00:00,1,,,0,
2017072803,2017-07-28 18:15:00,千葉ロッテマリーンズ,埼玉西武ライオンズ,4.0,5.0,UNKNOWN,ＺＯＺＯマリンスタジアム,unknown,low,False,False,,,[],[],,,,,0,light,2017-07-28 18:15:00+00:00,,UNKNOWN,,,,UNKNOWN,UNKNOWN,,UNKNOWN,,,,,,,,,,,,,,,,,,,,,,,,,,,,,,,,False,False,UNKNOWN,False,False,,,,,,,,,,NPB,2017-07-28 18:15:00,1,,,0,
2017072906,2017-07-29 13:00:00,福岡ソフトバンクホークス,北海道日本ハムファイターズ,4.0,0.0,UNKNOWN,福岡 ヤフオク!ドーム,unknown,low,False,False,,,[],[],,,,,0,light,2017-07-29 13:00:00+00:00,,UNKNOWN,,,,UNKNOWN,UNKNOWN,,UNKNOWN,,,,,,,,,,,,,,,,,,,,,,,,,,,,,,,,False,False,UNKNOWN,False,False,,,,,,,,,,NPB,2017-07-29 13:00:00,1,,,0,
2017072902,2017-07-29 14:00:00,中日ドラゴンズ,阪神タイガース,2.0,4.0,UNKNOWN,ナゴヤドーム,unknown,low,False,False,,,[],[],,,,,0,light,2017-07-29 14:00:00+00:00,,UNKNOWN,,,,UNKNOWN,UNKNOWN,,UNKNOWN,,,,,,,,,,,,,,,,,,,,,,,,,,,,,,,,False,False,UNKNOWN,False,False,,,,,,,,,,NPB,2017-07-29 14:00:00,1,,,0,
2017072905,2017-07-29 14:00:00,オリックス・バファローズ,東北楽天ゴールデンイーグルス,5.0,2.0,UNKNOWN,京セラドーム大阪,unknown,low,False,False,,,[],[],,,,,0,light,2017-07-29 14:00:00+00:00,,UNKNOWN,,,,UNKNOWN,UNKNOWN,,UNKNOWN,,,,,,,,,,,,,,,,,,,,,,,,,,,,,,,,False,False,UNKNOWN,False,False,,,,,,,,,,NPB,2017-07-29 14:00:00,1,,,0,
2017072904,2017-07-29 17:00:00,千葉ロッテマリーンズ,埼玉西武ライオンズ,1.0,6.0,UNKNOWN,ＺＯＺＯマリンスタジアム,unknown,low,False,False,,,[],[],,,,,0,light,2017-07-29 17:00:00+00:00,,UNKNOWN,,,,UNKNOWN,UNKNOWN,,UNKNOWN,,,,,,,,,,,,,,,,,,,,,,,,,,,,,,,,False,False,UNKNOWN,False,False,,,,,,,,,,NPB,2017-07-29 17:00:00,1,,,0,
2017072901,2017-07-29 18:00:00,読売ジャイアンツ,横浜DeNAベイスターズ,5.0,1.0,UNKNOWN,東京ドーム,unknown,low,False,False,,,[],[],,,,,0,light,2017-07-29 18:00:00+00:00,,UNKNOWN,,,,UNKNOWN,UNKNOWN,,UNKNOWN,,,,,,,,,,,,,,,,,,,,,,,,,,,,,,,,False,False,UNKNOWN,False,False,2017-07-29 09:00:00+00:00,,UNKNOWN,Open-Meteo Historical Forecast,FAIL_CLOSED_NO_ISSUANCE_TIMESTAMP,27.3,79.0,0.0,5.2,NPB,2017-07-29 18:00:00,1,,,0,
2017072901,2017-07-29 18:00:00,読売ジャイアンツ,横浜DeNAベイスターズ,5.0,1.0,UNKNOWN,東京ドーム,unknown,low,False,False,,,[],[],,,,,0,light,2017-07-29 18:00:00+00:00,,UNKNOWN,,,,UNKNOWN,UNKNOWN,,UNKNOWN,,,,,,,,,,,,,,,,,,,,,,,,,,,,,,,,False,False,UNKNOWN,False,False,2017-07-29 09:00:00+00:00,,UNKNOWN,Open-Meteo Historical Forecast,FAIL_CLOSED_NO_ISSUANCE_TIMESTAMP,27.3,79.0,0.0,5.2,NPB,2017-07-29 18:00:00,1,,,0,
2017072903,2017-07-29 18:00:00,広島東洋カープ,東京ヤクルトスワローズ,1.0,9.0,UNKNOWN,ＭＡＺＤＡ　Ｚｏｏｍ－Ｚｏｏｍ　スタジアム広島,unknown,low,False,False,,,[],[],,,,,0,light,2017-07-29 18:00:00+00:00,,UNKNOWN,,,,UNKNOWN,UNKNOWN,,UNKNOWN,,,,,,,,,,,,,,,,,,,,,,,,,,,,,,,,False,False,UNKNOWN,False,False,,,,,,,,,,NPB,2017-07-29 18:00:00,1,,,0,
2017073005,2017-07-30 13:00:00,オリックス・バファローズ,東北楽天ゴールデンイーグルス,3.0,4.0,UNKNOWN,京セラドーム大阪,unknown,low,False,False,,,[],[],,,,,0,light,2017-07-30 13:00:00+00:00,,UNKNOWN,,,,UNKNOWN,UNKNOWN,,UNKNOWN,,,,,,,,,,,,,,,,,,,,,,,,,,,,,,,,False,False,UNKNOWN,False,False,,,,,,,,,,NPB,2017-07-30 13:00:00,1,,,0,
2017073006,2017-07-30 13:00:00,福岡ソフトバンクホークス,北海道日本ハムファイターズ,4.0,3.0,UNKNOWN,福岡 ヤフオク!ドーム,unknown,low,False,False,,,[],[],,,,,0,light,2017-07-30 13:00:00+00:00,,UNKNOWN,,,,UNKNOWN,UNKNOWN,,UNKNOWN,,,,,,,,,,,,,,,,,,,,,,,,,,,,,,,,False,False,UNKNOWN,False,False,,,,,,,,,,NPB,2017-07-30 13:00:00,1,,,0,
2017073001,2017-07-30 14:00:00,読売ジャイアンツ,横浜DeNAベイスターズ,5.0,4.0,UNKNOWN,東京ドーム,unknown,low,False,False,,,[],[],,,,,0,light,2017-07-30 14:00:00+00:00,,UNKNOWN,,,,UNKNOWN,UNKNOWN,,UNKNOWN,,,,,,,,,,,,,,,,,,,,,,,,,,,,,,,,False,False,UNKNOWN,False,False,2017-07-30 05:00:00+00:00,,UNKNOWN,Open-Meteo Historical Forecast,FAIL_CLOSED_NO_ISSUANCE_TIMESTAMP,28.3,69.0,0.0,2.7,NPB,2017-07-30 14:00:00,1,,,0,
2017073001,2017-07-30 14:00:00,読売ジャイアンツ,横浜DeNAベイスターズ,5.0,4.0,UNKNOWN,東京ドーム,unknown,low,False,False,,,[],[],,,,,0,light,2017-07-30 14:00:00+00:00,,UNKNOWN,,,,UNKNOWN,UNKNOWN,,UNKNOWN,,,,,,,,,,,,,,,,,,,,,,,,,,,,,,,,False,False,UNKNOWN,False,False,2017-07-30 05:00:00+00:00,,UNKNOWN,Open-Meteo Historical Forecast,FAIL_CLOSED_NO_ISSUANCE_TIMESTAMP,28.3,69.0,0.0,2.7,NPB,2017-07-30 14:00:00,1,,,0,
2017073002,2017-07-30 14:00:00,中日ドラゴンズ,阪神タイガース,7.0,0.0,UNKNOWN,ナゴヤドーム,unknown,low,False,False,,,[],[],,,,,0,light,2017-07-30 14:00:00+00:00,,UNKNOWN,,,,UNKNOWN,UNKNOWN,,UNKNOWN,,,,,,,,,,,,,,,,,,,,,,,,,,,,,,,,False,False,UNKNOWN,False,False,,,,,,,,,,NPB,2017-07-30 14:00:00,1,,,0,
2017073004,2017-07-30 17:00:00,千葉ロッテマリーンズ,埼玉西武ライオンズ,3.0,7.0,UNKNOWN,ＺＯＺＯマリンスタジアム,unknown,low,False,False,,,[],[],,,,,0,light,2017-07-30 17:00:00+00:00,,UNKNOWN,,,,UNKNOWN,UNKNOWN,,UNKNOWN,,,,,,,,,,,,,,,,,,,,,,,,,,,,,,,,False,False,UNKNOWN,False,False,,,,,,,,,,NPB,2017-07-30 17:00:00,1,,,0,
2017073003,2017-07-30 18:00:00,広島東洋カープ,東京ヤクルトスワローズ,14.0,1.0,UNKNOWN,ＭＡＺＤＡ　Ｚｏｏｍ－Ｚｏｏｍ　スタジアム広島,unknown,low,False,False,,,[],[],,,,,0,light,2017-07-30 18:00:00+00:00,,UNKNOWN,,,,UNKNOWN,UNKNOWN,,UNKNOWN,,,,,,,,,,,,,,,,,,,,,,,,,,,,,,,,False,False,UNKNOWN,False,False,,,,,,,,,,NPB,2017-07-30 18:00:00,1,,,0,
2017073101,2017-07-31 18:00:00,福岡ソフトバンクホークス,北海道日本ハムファイターズ,5.0,3.0,UNKNOWN,東京ドーム,unknown,low,False,False,,,[],[],,,,,0,light,2017-07-31 18:00:00+00:00,,UNKNOWN,,,,UNKNOWN,UNKNOWN,,UNKNOWN,,,,,,,,,,,,,,,,,,,,,,,,,,,,,,,,False,False,UNKNOWN,False,False,2017-07-31 09:00:00+00:00,,UNKNOWN,Open-Meteo Historical Forecast,FAIL_CLOSED_NO_ISSUANCE_TIMESTAMP,29.8,61.0,0.0,6.5,NPB,2017-07-31 18:00:00,1,,,0,
2017073101,2017-07-31 18:00:00,福岡ソフトバンクホークス,北海道日本ハムファイターズ,5.0,3.0,UNKNOWN,東京ドーム,unknown,low,False,False,,,[],[],,,,,0,light,2017-07-31 18:00:00+00:00,,UNKNOWN,,,,UNKNOWN,UNKNOWN,,UNKNOWN,,,,,,,,,,,,,,,,,,,,,,,,,,,,,,,,False,False,UNKNOWN,False,False,2017-07-31 09:00:00+00:00,,UNKNOWN,Open-Meteo Historical Forecast,FAIL_CLOSED_NO_ISSUANCE_TIMESTAMP,29.8,61.0,0.0,6.5,NPB,2017-07-31 18:00:00,1,,,0,
2017080101,2017-08-01 18:00:00,東京ヤクルトスワローズ,読売ジャイアンツ,3.0,10.0,UNKNOWN,草薙総合運動場野球場,unknown,low,False,False,,,[],[],,,,,0,light,2017-08-01 18:00:00+00:00,,UNKNOWN,,,,UNKNOWN,UNKNOWN,,UNKNOWN,,,,,,,,,,,,,,,,,,,,,,,,,,,,,,,,False,False,UNKNOWN,False,False,,,,,,,,,,NPB,2017-08-01 18:00:00,1,,,0,
2017080103,2017-08-01 18:00:00,広島東洋カープ,阪神タイガース,4.0,3.0,UNKNOWN,ＭＡＺＤＡ　Ｚｏｏｍ－Ｚｏｏｍ　スタジアム広島,unknown,low,False,False,,,[],[],,,,,0,light,2017-08-01 18:00:00+00:00,,UNKNOWN,,,,UNKNOWN,UNKNOWN,,UNKNOWN,,,,,,,,,,,,,,,,,,,,,,,,,,,,,,,,False,False,UNKNOWN,False,False,,,,,,,,,,NPB,2017-08-01 18:00:00,1,,,0,
2017080104,2017-08-01 18:00:00,埼玉西武ライオンズ,東北楽天ゴールデンイーグルス,8.0,0.0,UNKNOWN,メットライフドーム,unknown,low,False,False,,,[],[],,,,,0,light,2017-08-01 18:00:00+00:00,,UNKNOWN,,,,UNKNOWN,UNKNOWN,,UNKNOWN,,,,,,,,,,,,,,,,,,,,,,,,,,,,,,,,False,False,UNKNOWN,False,False,,,,,,,,,,NPB,2017-08-01 18:00:00,1,,,0,
2017080106,2017-08-01 18:00:00,オリックス・バファローズ,福岡ソフトバンクホークス,5.0,4.0,UNKNOWN,京セラドーム大阪,unknown,low,False,False,,,[],[],,,,,0,light,2017-08-01 18:00:00+00:00,,UNKNOWN,,,,UNKNOWN,UNKNOWN,,UNKNOWN,,,,,,,,,,,,,,,,,,,,,,,,,,,,,,,,False,False,UNKNOWN,False,False,,,,,,,,,,NPB,2017-08-01 18:00:00,1,,,0,
2017080201,2017-08-02 18:00:00,東京ヤクルトスワローズ,読売ジャイアンツ,4.0,10.0,UNKNOWN,明治神宮野球場,unknown,low,False,False,,,[],[],,,,,0,light,2017-08-02 18:00:00+00:00,,UNKNOWN,,,,UNKNOWN,UNKNOWN,,UNKNOWN,,,,,,,,,,,,,,,,,,,,,,,,,,,,,,,,False,False,UNKNOWN,False,False,,,,,,,,,,NPB,2017-08-02 18:00:00,1,,,0,
2017080202,2017-08-02 18:00:00,横浜DeNAベイスターズ,中日ドラゴンズ,4.0,4.0,UNKNOWN,横浜スタジアム,unknown,low,False,False,,,[],[],,,,,0,light,2017-08-02 18:00:00+00:00,,UNKNOWN,,,,UNKNOWN,UNKNOWN,,UNKNOWN,,,,,,,,,,,,,,,,,,,,,,,,,,,,,,,,False,False,UNKNOWN,False,False,,,,,,,,,,NPB,2017-08-02 18:00:00,1,,,0,
2017080203,2017-08-02 18:00:00,広島東洋カープ,阪神タイガース,3.0,4.0,UNKNOWN,ＭＡＺＤＡ　Ｚｏｏｍ－Ｚｏｏｍ　スタジアム広島,unknown,low,False,False,,,[],[],,,,,0,light,2017-08-02 18:00:00+00:00,,UNKNOWN,,,,UNKNOWN,UNKNOWN,,UNKNOWN,,,,,,,,,,,,,,,,,,,,,,,,,,,,,,,,False,False,UNKNOWN,False,False,,,,,,,,,,NPB,2017-08-02 18:00:00,1,,,0,
2017080204,2017-08-02 18:00:00,埼玉西武ライオンズ,東北楽天ゴールデンイーグルス,7.0,4.0,UNKNOWN,メットライフドーム,unknown,low,False,False,,,[],[],,,,,0,light,2017-08-02 18:00:00+00:00,,UNKNOWN,,,,UNKNOWN,UNKNOWN,,UNKNOWN,,,,,,,,,,,,,,,,,,,,,,,,,,,,,,,,False,False,UNKNOWN,False,False,,,,,,,,,,NPB,2017-08-02 18:00:00,1,,,0,
2017080206,2017-08-02 18:00:00,オリックス・バファローズ,福岡ソフトバンクホークス,1.0,5.0,UNKNOWN,京セラドーム大阪,unknown,low,False,False,,,[],[],,,,,0,light,2017-08-02 18:00:00+00:00,,UNKNOWN,,,,UNKNOWN,UNKNOWN,,UNKNOWN,,,,,,,,,,,,,,,,,,,,,,,,,,,,,,,,False,False,UNKNOWN,False,False,,,,,,,,,,NPB,2017-08-02 18:00:00,1,,,0,
2017080205,2017-08-02 18:15:00,千葉ロッテマリーンズ,北海道日本ハムファイターズ,4.0,2.0,UNKNOWN,ＺＯＺＯマリンスタジアム,unknown,low,False,False,,,[],[],,,,,0,light,2017-08-02 18:15:00+00:00,,UNKNOWN,,,,UNKNOWN,UNKNOWN,,UNKNOWN,,,,,,,,,,,,,,,,,,,,,,,,,,,,,,,,False,False,UNKNOWN,False,False,,,,,,,,,,NPB,2017-08-02 18:15:00,1,,,0,
2017080301,2017-08-03 18:00:00,東京ヤクルトスワローズ,読売ジャイアンツ,7.0,5.0,UNKNOWN,明治神宮野球場,unknown,low,False,False,,,[],[],,,,,0,light,2017-08-03 18:00:00+00:00,,UNKNOWN,,,,UNKNOWN,UNKNOWN,,UNKNOWN,,,,,,,,,,,,,,,,,,,,,,,,,,,,,,,,False,False,UNKNOWN,False,False,,,,,,,,,,NPB,2017-08-03 18:00:00,1,,,0,
2017080302,2017-08-03 18:00:00,横浜DeNAベイスターズ,中日ドラゴンズ,4.0,3.0,UNKNOWN,横浜スタジアム,unknown,low,False,False,,,[],[],,,,,0,light,2017-08-03 18:00:00+00:00,,UNKNOWN,,,,UNKNOWN,UNKNOWN,,UNKNOWN,,,,,,,,,,,,,,,,,,,,,,,,,,,,,,,,False,False,UNKNOWN,False,False,,,,,,,,,,NPB,2017-08-03 18:00:00,1,,,0,
2017080303,2017-08-03 18:00:00,広島東洋カープ,阪神タイガース,5.0,5.0,UNKNOWN,ＭＡＺＤＡ　Ｚｏｏｍ－Ｚｏｏｍ　スタジアム広島,unknown,low,False,False,,,[],[],,,,,0,light,2017-08-03 18:00:00+00:00,,UNKNOWN,,,,UNKNOWN,UNKNOWN,,UNKNOWN,,,,,,,,,,,,,,,,,,,,,,,,,,,,,,,,False,False,UNKNOWN,False,False,,,,,,,,,,NPB,2017-08-03 18:00:00,1,,,0,
2017080304,2017-08-03 18:00:00,埼玉西武ライオンズ,東北楽天ゴールデンイーグルス,8.0,1.0,UNKNOWN,メットライフドーム,unknown,low,False,False,,,[],[],,,,,0,light,2017-08-03 18:00:00+00:00,,UNKNOWN,,,,UNKNOWN,UNKNOWN,,UNKNOWN,,,,,,,,,,,,,,,,,,,,,,,,,,,,,,,,False,False,UNKNOWN,False,False,,,,,,,,,,NPB,2017-08-03 18:00:00,1,,,0,
2017080306,2017-08-03 18:00:00,オリックス・バファローズ,福岡ソフトバンクホークス,3.0,5.0,UNKNOWN,京セラドーム大阪,unknown,low,False,False,,,[],[],,,,,0,light,2017-08-03 18:00:00+00:00,,UNKNOWN,,,,UNKNOWN,UNKNOWN,,UNKNOWN,,,,,,,,,,,,,,,,,,,,,,,,,,,,,,,,False,False,UNKNOWN,False,False,,,,,,,,,,NPB,2017-08-03 18:00:00,1,,,0,
2017080305,2017-08-03 18:15:00,千葉ロッテマリーンズ,北海道日本ハムファイターズ,2.0,3.0,UNKNOWN,ＺＯＺＯマリンスタジアム,unknown,low,False,False,,,[],[],,,,,0,light,2017-08-03 18:15:00+00:00,,UNKNOWN,,,,UNKNOWN,UNKNOWN,,UNKNOWN,,,,,,,,,,,,,,,,,,,,,,,,,,,,,,,,False,False,UNKNOWN,False,False,,,,,,,,,,NPB,2017-08-03 18:15:00,1,,,0,
2017080401,2017-08-04 18:00:00,読売ジャイアンツ,中日ドラゴンズ,5.0,6.0,UNKNOWN,東京ドーム,unknown,low,False,False,,,[],[],,,,,0,light,2017-08-04 18:00:00+00:00,,UNKNOWN,,,,UNKNOWN,UNKNOWN,,UNKNOWN,,,,,,,,,,,,,,,,,,,,,,,,,,,,,,,,False,False,UNKNOWN,False,False,2017-08-04 09:00:00+00:00,,UNKNOWN,Open-Meteo Historical Forecast,FAIL_CLOSED_NO_ISSUANCE_TIMESTAMP,27.3,78.0,0.0,4.6,NPB,2017-08-04 18:00:00,1,,,0,
2017080401,2017-08-04 18:00:00,読売ジャイアンツ,中日ドラゴンズ,5.0,6.0,UNKNOWN,東京ドーム,unknown,low,False,False,,,[],[],,,,,0,light,2017-08-04 18:00:00+00:00,,UNKNOWN,,,,UNKNOWN,UNKNOWN,,UNKNOWN,,,,,,,,,,,,,,,,,,,,,,,,,,,,,,,,False,False,UNKNOWN,False,False,2017-08-04 09:00:00+00:00,,UNKNOWN,Open-Meteo Historical Forecast,FAIL_CLOSED_NO_ISSUANCE_TIMESTAMP,27.3,78.0,0.0,4.6,NPB,2017-08-04 18:00:00,1,,,0,
2017080402,2017-08-04 18:00:00,横浜DeNAベイスターズ,広島東洋カープ,13.0,3.0,UNKNOWN,横浜スタジアム,unknown,low,False,False,,,[],[],,,,,0,light,2017-08-04 18:00:00+00:00,,UNKNOWN,,,,UNKNOWN,UNKNOWN,,UNKNOWN,,,,,,,,,,,,,,,,,,,,,,,,,,,,,,,,False,False,UNKNOWN,False,False,,,,,,,,,,NPB,2017-08-04 18:00:00,1,,,0,
2017080403,2017-08-04 18:00:00,阪神タイガース,東京ヤクルトスワローズ,3.0,0.0,UNKNOWN,京セラドーム大阪,unknown,low,False,False,,,[],[],,,,,0,light,2017-08-04 18:00:00+00:00,,UNKNOWN,,,,UNKNOWN,UNKNOWN,,UNKNOWN,,,,,,,,,,,,,,,,,,,,,,,,,,,,,,,,False,False,UNKNOWN,False,False,,,,,,,,,,NPB,2017-08-04 18:00:00,1,,,0,
2017080404,2017-08-04 18:00:00,東北楽天ゴールデンイーグルス,千葉ロッテマリーンズ,3.0,2.0,UNKNOWN,Koboパーク宮城,unknown,low,False,False,,,[],[],,,,,0,light,2017-08-04 18:00:00+00:00,,UNKNOWN,,,,UNKNOWN,UNKNOWN,,UNKNOWN,,,,,,,,,,,,,,,,,,,,,,,,,,,,,,,,False,False,UNKNOWN,False,False,,,,,,,,,,NPB,2017-08-04 18:00:00,1,,,0,
2017080405,2017-08-04 18:00:00,埼玉西武ライオンズ,福岡ソフトバンクホークス,8.0,4.0,UNKNOWN,メットライフドーム,unknown,low,False,False,,,[],[],,,,,0,light,2017-08-04 18:00:00+00:00,,UNKNOWN,,,,UNKNOWN,UNKNOWN,,UNKNOWN,,,,,,,,,,,,,,,,,,,,,,,,,,,,,,,,False,False,UNKNOWN,False,False,,,,,,,,,,NPB,2017-08-04 18:00:00,1,,,0,
2017080501,2017-08-05 14:00:00,読売ジャイアンツ,中日ドラゴンズ,8.0,2.0,UNKNOWN,東京ドーム,unknown,low,False,False,,,[],[],,,,,0,light,2017-08-05 14:00:00+00:00,,UNKNOWN,,,,UNKNOWN,UNKNOWN,,UNKNOWN,,,,,,,,,,,,,,,,,,,,,,,,,,,,,,,,False,False,UNKNOWN,False,False,2017-08-05 05:00:00+00:00,,UNKNOWN,Open-Meteo Historical Forecast,FAIL_CLOSED_NO_ISSUANCE_TIMESTAMP,29.5,66.0,0.0,5.6,NPB,2017-08-05 14:00:00,1,,,0,
2017080501,2017-08-05 14:00:00,読売ジャイアンツ,中日ドラゴンズ,8.0,2.0,UNKNOWN,東京ドーム,unknown,low,False,False,,,[],[],,,,,0,light,2017-08-05 14:00:00+00:00,,UNKNOWN,,,,UNKNOWN,UNKNOWN,,UNKNOWN,,,,,,,,,,,,,,,,,,,,,,,,,,,,,,,,False,False,UNKNOWN,False,False,2017-08-05 05:00:00+00:00,,UNKNOWN,Open-Meteo Historical Forecast,FAIL_CLOSED_NO_ISSUANCE_TIMESTAMP,29.5,66.0,0.0,5.6,NPB,2017-08-05 14:00:00,1,,,0,
2017080503,2017-08-05 14:00:00,阪神タイガース,東京ヤクルトスワローズ,4.0,0.0,UNKNOWN,京セラドーム大阪,unknown,low,False,False,,,[],[],,,,,0,light,2017-08-05 14:00:00+00:00,,UNKNOWN,,,,UNKNOWN,UNKNOWN,,UNKNOWN,,,,,,,,,,,,,,,,,,,,,,,,,,,,,,,,False,False,UNKNOWN,False,False,,,,,,,,,,NPB,2017-08-05 14:00:00,1,,,0,
2017080504,2017-08-05 14:00:00,北海道日本ハムファイターズ,オリックス・バファローズ,4.0,6.0,UNKNOWN,札幌ドーム,unknown,low,False,False,,,[],[],,,,,0,light,2017-08-05 14:00:00+00:00,,UNKNOWN,,,,UNKNOWN,UNKNOWN,,UNKNOWN,,,,,,,,,,,,,,,,,,,,,,,,,,,,,,,,False,False,UNKNOWN,False,False,,,,,,,,,,NPB,2017-08-05 14:00:00,1,,,0,
2017080502,2017-08-05 18:00:00,横浜DeNAベイスターズ,広島東洋カープ,4.0,7.0,UNKNOWN,横浜スタジアム,unknown,low,False,False,,,[],[],,,,,0,light,2017-08-05 18:00:00+00:00,,UNKNOWN,,,,UNKNOWN,UNKNOWN,,UNKNOWN,,,,,,,,,,,,,,,,,,,,,,,,,,,,,,,,False,False,UNKNOWN,False,False,,,,,,,,,,NPB,2017-08-05 18:00:00,1,,,0,
2017080505,2017-08-05 18:00:00,東北楽天ゴールデンイーグルス,千葉ロッテマリーンズ,8.0,5.0,UNKNOWN,Koboパーク宮城,unknown,low,False,False,,,[],[],,,,,0,light,2017-08-05 18:00:00+00:00,,UNKNOWN,,,,UNKNOWN,UNKNOWN,,UNKNOWN,,,,,,,,,,,,,,,,,,,,,,,,,,,,,,,,False,False,UNKNOWN,False,False,,,,,,,,,,NPB,2017-08-05 18:00:00,1,,,0,
2017080506,2017-08-05 18:00:00,埼玉西武ライオンズ,福岡ソフトバンクホークス,7.0,8.0,UNKNOWN,メットライフドーム,unknown,low,False,False,,,[],[],,,,,0,light,2017-08-05 18:00:00+00:00,,UNKNOWN,,,,UNKNOWN,UNKNOWN,,UNKNOWN,,,,,,,,,,,,,,,,,,,,,,,,,,,,,,,,False,False,UNKNOWN,False,False,,,,,,,,,,NPB,2017-08-05 18:00:00,1,,,0,
2017080601,2017-08-06 14:00:00,読売ジャイアンツ,中日ドラゴンズ,4.0,5.0,UNKNOWN,東京ドーム,unknown,low,False,False,,,[],[],,,,,0,light,2017-08-06 14:00:00+00:00,,UNKNOWN,,,,UNKNOWN,UNKNOWN,,UNKNOWN,,,,,,,,,,,,,,,,,,,,,,,,,,,,,,,,False,False,UNKNOWN,False,False,2017-08-06 05:00:00+00:00,,UNKNOWN,Open-Meteo Historical Forecast,FAIL_CLOSED_NO_ISSUANCE_TIMESTAMP,29.9,69.0,0.0,7.0,NPB,2017-08-06 14:00:00,1,,,0,
2017080601,2017-08-06 14:00:00,読売ジャイアンツ,中日ドラゴンズ,4.0,5.0,UNKNOWN,東京ドーム,unknown,low,False,False,,,[],[],,,,,0,light,2017-08-06 14:00:00+00:00,,UNKNOWN,,,,UNKNOWN,UNKNOWN,,UNKNOWN,,,,,,,,,,,,,,,,,,,,,,,,,,,,,,,,False,False,UNKNOWN,False,False,2017-08-06 05:00:00+00:00,,UNKNOWN,Open-Meteo Historical Forecast,FAIL_CLOSED_NO_ISSUANCE_TIMESTAMP,29.9,69.0,0.0,7.0,NPB,2017-08-06 14:00:00,1,,,0,
2017080603,2017-08-06 14:00:00,阪神タイガース,東京ヤクルトスワローズ,6.0,5.0,UNKNOWN,京セラドーム大阪,unknown,low,False,False,,,[],[],,,,,0,light,2017-08-06 14:00:00+00:00,,UNKNOWN,,,,UNKNOWN,UNKNOWN,,UNKNOWN,,,,,,,,,,,,,,,,,,,,,,,,,,,,,,,,False,False,UNKNOWN,False,False,,,,,,,,,,NPB,2017-08-06 14:00:00,1,,,0,
2017080604,2017-08-06 15:00:00,北海道日本ハムファイターズ,オリックス・バファローズ,2.0,5.0,UNKNOWN,札幌ドーム,unknown,low,False,False,,,[],[],,,,,0,light,2017-08-06 15:00:00+00:00,,UNKNOWN,,,,UNKNOWN,UNKNOWN,,UNKNOWN,,,,,,,,,,,,,,,,,,,,,,,,,,,,,,,,False,False,UNKNOWN,False,False,,,,,,,,,,NPB,2017-08-06 15:00:00,1,,,0,
2017080605,2017-08-06 17:00:00,東北楽天ゴールデンイーグルス,千葉ロッテマリーンズ,1.0,3.0,UNKNOWN,Koboパーク宮城,unknown,low,False,False,,,[],[],,,,,0,light,2017-08-06 17:00:00+00:00,,UNKNOWN,,,,UNKNOWN,UNKNOWN,,UNKNOWN,,,,,,,,,,,,,,,,,,,,,,,,,,,,,,,,False,False,UNKNOWN,False,False,,,,,,,,,,NPB,2017-08-06 17:00:00,1,,,0,
2017080602,2017-08-06 18:00:00,横浜DeNAベイスターズ,広島東洋カープ,4.0,9.0,UNKNOWN,横浜スタジアム,unknown,low,False,False,,,[],[],,,,,0,light,2017-08-06 18:00:00+00:00,,UNKNOWN,,,,UNKNOWN,UNKNOWN,,UNKNOWN,,,,,,,,,,,,,,,,,,,,,,,,,,,,,,,,False,False,UNKNOWN,False,False,,,,,,,,,,NPB,2017-08-06 18:00:00,1,,,0,
2017080606,2017-08-06 18:00:00,埼玉西武ライオンズ,福岡ソフトバンクホークス,6.0,1.0,UNKNOWN,メットライフドーム,unknown,low,False,False,,,[],[],,,,,0,light,2017-08-06 18:00:00+00:00,,UNKNOWN,,,,UNKNOWN,UNKNOWN,,UNKNOWN,,,,,,,,,,,,,,,,,,,,,,,,,,,,,,,,False,False,UNKNOWN,False,False,,,,,,,,,,NPB,2017-08-06 18:00:00,1,,,0,
2017080801,2017-08-08 18:00:00,読売ジャイアンツ,阪神タイガース,6.0,1.0,UNKNOWN,東京ドーム,unknown,low,False,False,,,[],[],,,,,0,light,2017-08-08 18:00:00+00:00,,UNKNOWN,,,,UNKNOWN,UNKNOWN,,UNKNOWN,,,,,,,,,,,,,,,,,,,,,,,,,,,,,,,,False,False,UNKNOWN,False,False,2017-08-08 09:00:00+00:00,,UNKNOWN,Open-Meteo Historical Forecast,FAIL_CLOSED_NO_ISSUANCE_TIMESTAMP,31.0,66.0,0.0,3.9,NPB,2017-08-08 18:00:00,1,,,0,
2017080801,2017-08-08 18:00:00,読売ジャイアンツ,阪神タイガース,6.0,1.0,UNKNOWN,東京ドーム,unknown,low,False,False,,,[],[],,,,,0,light,2017-08-08 18:00:00+00:00,,UNKNOWN,,,,UNKNOWN,UNKNOWN,,UNKNOWN,,,,,,,,,,,,,,,,,,,,,,,,,,,,,,,,False,False,UNKNOWN,False,False,2017-08-08 09:00:00+00:00,,UNKNOWN,Open-Meteo Historical Forecast,FAIL_CLOSED_NO_ISSUANCE_TIMESTAMP,31.0,66.0,0.0,3.9,NPB,2017-08-08 18:00:00,1,,,0,
2017080802,2017-08-08 18:00:00,東京ヤクルトスワローズ,横浜DeNAベイスターズ,8.0,5.0,UNKNOWN,明治神宮野球場,unknown,low,False,False,,,[],[],,,,,0,light,2017-08-08 18:00:00+00:00,,UNKNOWN,,,,UNKNOWN,UNKNOWN,,UNKNOWN,,,,,,,,,,,,,,,,,,,,,,,,,,,,,,,,False,False,UNKNOWN,False,False,,,,,,,,,,NPB,2017-08-08 18:00:00,1,,,0,
2017080803,2017-08-08 18:00:00,中日ドラゴンズ,広島東洋カープ,1.0,1.0,UNKNOWN,ナゴヤドーム,unknown,low,False,False,,,[],[],,,,,0,light,2017-08-08 18:00:00+00:00,,UNKNOWN,,,,UNKNOWN,UNKNOWN,,UNKNOWN,,,,,,,,,,,,,,,,,,,,,,,,,,,,,,,,False,False,UNKNOWN,False,False,,,,,,,,,,NPB,2017-08-08 18:00:00,1,,,0,
2017080806,2017-08-08 18:00:00,オリックス・バファローズ,埼玉西武ライオンズ,12.0,6.0,UNKNOWN,京セラドーム大阪,unknown,low,False,False,,,[],[],,,,,0,light,2017-08-08 18:00:00+00:00,,UNKNOWN,,,,UNKNOWN,UNKNOWN,,UNKNOWN,,,,,,,,,,,,,,,,,,,,,,,,,,,,,,,,False,False,UNKNOWN,False,False,,,,,,,,,,NPB,2017-08-08 18:00:00,1,,,0,
2017080805,2017-08-08 18:15:00,千葉ロッテマリーンズ,福岡ソフトバンクホークス,17.0,8.0,UNKNOWN,ＺＯＺＯマリンスタジアム,unknown,low,False,False,,,[],[],,,,,0,light,2017-08-08 18:15:00+00:00,,UNKNOWN,,,,UNKNOWN,UNKNOWN,,UNKNOWN,,,,,,,,,,,,,,,,,,,,,,,,,,,,,,,,False,False,UNKNOWN,False,False,,,,,,,,,,NPB,2017-08-08 18:15:00,1,,,0,
2017080901,2017-08-09 18:00:00,読売ジャイアンツ,阪神タイガース,4.0,5.0,UNKNOWN,東京ドーム,unknown,low,False,False,,,[],[],,,,,0,light,2017-08-09 18:00:00+00:00,,UNKNOWN,,,,UNKNOWN,UNKNOWN,,UNKNOWN,,,,,,,,,,,,,,,,,,,,,,,,,,,,,,,,False,False,UNKNOWN,False,False,2017-08-09 09:00:00+00:00,,UNKNOWN,Open-Meteo Historical Forecast,FAIL_CLOSED_NO_ISSUANCE_TIMESTAMP,29.6,74.0,2.2,9.2,NPB,2017-08-09 18:00:00,1,,,0,
2017080901,2017-08-09 18:00:00,読売ジャイアンツ,阪神タイガース,4.0,5.0,UNKNOWN,東京ドーム,unknown,low,False,False,,,[],[],,,,,0,light,2017-08-09 18:00:00+00:00,,UNKNOWN,,,,UNKNOWN,UNKNOWN,,UNKNOWN,,,,,,,,,,,,,,,,,,,,,,,,,,,,,,,,False,False,UNKNOWN,False,False,2017-08-09 09:00:00+00:00,,UNKNOWN,Open-Meteo Historical Forecast,FAIL_CLOSED_NO_ISSUANCE_TIMESTAMP,29.6,74.0,2.2,9.2,NPB,2017-08-09 18:00:00,1,,,0,
2017080902,2017-08-09 18:00:00,東京ヤクルトスワローズ,横浜DeNAベイスターズ,2.0,7.0,UNKNOWN,明治神宮野球場,unknown,low,False,False,,,[],[],,,,,0,light,2017-08-09 18:00:00+00:00,,UNKNOWN,,,,UNKNOWN,UNKNOWN,,UNKNOWN,,,,,,,,,,,,,,,,,,,,,,,,,,,,,,,,False,False,UNKNOWN,False,False,,,,,,,,,,NPB,2017-08-09 18:00:00,1,,,0,
2017080903,2017-08-09 18:00:00,中日ドラゴンズ,広島東洋カープ,7.0,1.0,UNKNOWN,ナゴヤドーム,unknown,low,False,False,,,[],[],,,,,0,light,2017-08-09 18:00:00+00:00,,UNKNOWN,,,,UNKNOWN,UNKNOWN,,UNKNOWN,,,,,,,,,,,,,,,,,,,,,,,,,,,,,,,,False,False,UNKNOWN,False,False,,,,,,,,,,NPB,2017-08-09 18:00:00,1,,,0,
2017080904,2017-08-09 18:00:00,東北楽天ゴールデンイーグルス,北海道日本ハムファイターズ,6.0,5.0,UNKNOWN,Koboパーク宮城,unknown,low,False,False,,,[],[],,,,,0,light,2017-08-09 18:00:00+00:00,,UNKNOWN,,,,UNKNOWN,UNKNOWN,,UNKNOWN,,,,,,,,,,,,,,,,,,,,,,,,,,,,,,,,False,False,UNKNOWN,False,False,,,,,,,,,,NPB,2017-08-09 18:00:00,1,,,0,
2017080906,2017-08-09 18:00:00,オリックス・バファローズ,埼玉西武ライオンズ,4.0,8.0,UNKNOWN,京セラドーム大阪,unknown,low,False,False,,,[],[],,,,,0,light,2017-08-09 18:00:00+00:00,,UNKNOWN,,,,UNKNOWN,UNKNOWN,,UNKNOWN,,,,,,,,,,,,,,,,,,,,,,,,,,,,,,,,False,False,UNKNOWN,False,False,,,,,,,,,,NPB,2017-08-09 18:00:00,1,,,0,
2017080905,2017-08-09 18:15:00,千葉ロッテマリーンズ,福岡ソフトバンクホークス,2.0,3.0,UNKNOWN,ＺＯＺＯマリンスタジアム,unknown,low,False,False,,,[],[],,,,,0,light,2017-08-09 18:15:00+00:00,,UNKNOWN,,,,UNKNOWN,UNKNOWN,,UNKNOWN,,,,,,,,,,,,,,,,,,,,,,,,,,,,,,,,False,False,UNKNOWN,False,False,,,,,,,,,,NPB,2017-08-09 18:15:00,1,,,0,
2017081001,2017-08-10 18:00:00,読売ジャイアンツ,阪神タイガース,5.0,2.0,UNKNOWN,東京ドーム,unknown,low,False,False,,,[],[],,,,,0,light,2017-08-10 18:00:00+00:00,,UNKNOWN,,,,UNKNOWN,UNKNOWN,,UNKNOWN,,,,,,,,,,,,,,,,,,,,,,,,,,,,,,,,False,False,UNKNOWN,False,False,2017-08-10 09:00:00+00:00,,UNKNOWN,Open-Meteo Historical Forecast,FAIL_CLOSED_NO_ISSUANCE_TIMESTAMP,26.2,81.0,0.5,7.6,NPB,2017-08-10 18:00:00,1,,,0,
2017081001,2017-08-10 18:00:00,読売ジャイアンツ,阪神タイガース,5.0,2.0,UNKNOWN,東京ドーム,unknown,low,False,False,,,[],[],,,,,0,light,2017-08-10 18:00:00+00:00,,UNKNOWN,,,,UNKNOWN,UNKNOWN,,UNKNOWN,,,,,,,,,,,,,,,,,,,,,,,,,,,,,,,,False,False,UNKNOWN,False,False,2017-08-10 09:00:00+00:00,,UNKNOWN,Open-Meteo Historical Forecast,FAIL_CLOSED_NO_ISSUANCE_TIMESTAMP,26.2,81.0,0.5,7.6,NPB,2017-08-10 18:00:00,1,,,0,
2017081002,2017-08-10 18:00:00,東京ヤクルトスワローズ,横浜DeNAベイスターズ,1.0,6.0,UNKNOWN,明治神宮野球場,unknown,low,False,False,,,[],[],,,,,0,light,2017-08-10 18:00:00+00:00,,UNKNOWN,,,,UNKNOWN,UNKNOWN,,UNKNOWN,,,,,,,,,,,,,,,,,,,,,,,,,,,,,,,,False,False,UNKNOWN,False,False,,,,,,,,,,NPB,2017-08-10 18:00:00,1,,,0,
2017081003,2017-08-10 18:00:00,中日ドラゴンズ,広島東洋カープ,6.0,5.0,UNKNOWN,ナゴヤドーム,unknown,low,False,False,,,[],[],,,,,0,light,2017-08-10 18:00:00+00:00,,UNKNOWN,,,,UNKNOWN,UNKNOWN,,UNKNOWN,,,,,,,,,,,,,,,,,,,,,,,,,,,,,,,,False,False,UNKNOWN,False,False,,,,,,,,,,NPB,2017-08-10 18:00:00,1,,,0,
2017081004,2017-08-10 18:00:00,東北楽天ゴールデンイーグルス,北海道日本ハムファイターズ,4.0,3.0,UNKNOWN,Koboパーク宮城,unknown,low,False,False,,,[],[],,,,,0,light,2017-08-10 18:00:00+00:00,,UNKNOWN,,,,UNKNOWN,UNKNOWN,,UNKNOWN,,,,,,,,,,,,,,,,,,,,,,,,,,,,,,,,False,False,UNKNOWN,False,False,,,,,,,,,,NPB,2017-08-10 18:00:00,1,,,0,
2017081006,2017-08-10 18:00:00,オリックス・バファローズ,埼玉西武ライオンズ,4.0,2.0,UNKNOWN,京セラドーム大阪,unknown,low,False,False,,,[],[],,,,,0,light,2017-08-10 18:00:00+00:00,,UNKNOWN,,,,UNKNOWN,UNKNOWN,,UNKNOWN,,,,,,,,,,,,,,,,,,,,,,,,,,,,,,,,False,False,UNKNOWN,False,False,,,,,,,,,,NPB,2017-08-10 18:00:00,1,,,0,
2017081005,2017-08-10 18:30:00,千葉ロッテマリーンズ,福岡ソフトバンクホークス,5.0,6.0,UNKNOWN,ＺＯＺＯマリンスタジアム,unknown,low,False,False,,,[],[],,,,,0,light,2017-08-10 18:30:00+00:00,,UNKNOWN,,,,UNKNOWN,UNKNOWN,,UNKNOWN,,,,,,,,,,,,,,,,,,,,,,,,,,,,,,,,False,False,UNKNOWN,False,False,,,,,,,,,,NPB,2017-08-10 18:30:00,1,,,0,
2017081101,2017-08-11 18:00:00,横浜DeNAベイスターズ,阪神タイガース,1.0,8.0,UNKNOWN,横浜スタジアム,unknown,low,False,False,,,[],[],,,,,0,light,2017-08-11 18:00:00+00:00,,UNKNOWN,,,,UNKNOWN,UNKNOWN,,UNKNOWN,,,,,,,,,,,,,,,,,,,,,,,,,,,,,,,,False,False,UNKNOWN,False,False,,,,,,,,,,NPB,2017-08-11 18:00:00,1,,,0,
2017081102,2017-08-11 18:00:00,中日ドラゴンズ,東京ヤクルトスワローズ,2.0,10.0,UNKNOWN,ナゴヤドーム,unknown,low,False,False,,,[],[],,,,,0,light,2017-08-11 18:00:00+00:00,,UNKNOWN,,,,UNKNOWN,UNKNOWN,,UNKNOWN,,,,,,,,,,,,,,,,,,,,,,,,,,,,,,,,False,False,UNKNOWN,False,False,,,,,,,,,,NPB,2017-08-11 18:00:00,1,,,0,
2017081103,2017-08-11 18:00:00,広島東洋カープ,読売ジャイアンツ,2.0,9.0,UNKNOWN,ＭＡＺＤＡ　Ｚｏｏｍ－Ｚｏｏｍ　スタジアム広島,unknown,low,False,False,,,[],[],,,,,0,light,2017-08-11 18:00:00+00:00,,UNKNOWN,,,,UNKNOWN,UNKNOWN,,UNKNOWN,,,,,,,,,,,,,,,,,,,,,,,,,,,,,,,,False,False,UNKNOWN,False,False,,,,,,,,,,NPB,2017-08-11 18:00:00,1,,,0,
2017081104,2017-08-11 18:00:00,千葉ロッテマリーンズ,埼玉西武ライオンズ,5.0,3.0,UNKNOWN,ＺＯＺＯマリンスタジアム,unknown,low,False,False,,,[],[],,,,,0,light,2017-08-11 18:00:00+00:00,,UNKNOWN,,,,UNKNOWN,UNKNOWN,,UNKNOWN,,,,,,,,,,,,,,,,,,,,,,,,,,,,,,,,False,False,UNKNOWN,False,False,,,,,,,,,,NPB,2017-08-11 18:00:00,1,,,0,
2017081105,2017-08-11 18:00:00,オリックス・バファローズ,東北楽天ゴールデンイーグルス,8.0,4.0,UNKNOWN,京セラドーム大阪,unknown,low,False,False,,,[],[],,,,,0,light,2017-08-11 18:00:00+00:00,,UNKNOWN,,,,UNKNOWN,UNKNOWN,,UNKNOWN,,,,,,,,,,,,,,,,,,,,,,,,,,,,,,,,False,False,UNKNOWN,False,False,,,,,,,,,,NPB,2017-08-11 18:00:00,1,,,0,
2017081206,2017-08-12 13:00:00,福岡ソフトバンクホークス,北海道日本ハムファイターズ,1.0,0.0,UNKNOWN,福岡 ヤフオク!ドーム,unknown,low,False,False,,,[],[],,,,,0,light,2017-08-12 13:00:00+00:00,,UNKNOWN,,,,UNKNOWN,UNKNOWN,,UNKNOWN,,,,,,,,,,,,,,,,,,,,,,,,,,,,,,,,False,False,UNKNOWN,False,False,,,,,,,,,,NPB,2017-08-12 13:00:00,1,,,0,
2017081202,2017-08-12 14:00:00,中日ドラゴンズ,東京ヤクルトスワローズ,3.0,0.0,UNKNOWN,ナゴヤドーム,unknown,low,False,False,,,[],[],,,,,0,light,2017-08-12 14:00:00+00:00,,UNKNOWN,,,,UNKNOWN,UNKNOWN,,UNKNOWN,,,,,,,,,,,,,,,,,,,,,,,,,,,,,,,,False,False,UNKNOWN,False,False,,,,,,,,,,NPB,2017-08-12 14:00:00,1,,,0,
2017081205,2017-08-12 14:00:00,オリックス・バファローズ,東北楽天ゴールデンイーグルス,0.0,7.0,UNKNOWN,京セラドーム大阪,unknown,low,False,False,,,[],[],,,,,0,light,2017-08-12 14:00:00+00:00,,UNKNOWN,,,,UNKNOWN,UNKNOWN,,UNKNOWN,,,,,,,,,,,,,,,,,,,,,,,,,,,,,,,,False,False,UNKNOWN,False,False,,,,,,,,,,NPB,2017-08-12 14:00:00,1,,,0,
2017081204,2017-08-12 17:00:00,千葉ロッテマリーンズ,埼玉西武ライオンズ,0.0,3.0,UNKNOWN,ＺＯＺＯマリンスタジアム,unknown,low,False,False,,,[],[],,,,,0,light,2017-08-12 17:00:00+00:00,,UNKNOWN,,,,UNKNOWN,UNKNOWN,,UNKNOWN,,,,,,,,,,,,,,,,,,,,,,,,,,,,,,,,False,False,UNKNOWN,False,False,,,,,,,,,,NPB,2017-08-12 17:00:00,1,,,0,
2017081201,2017-08-12 18:00:00,横浜DeNAベイスターズ,阪神タイガース,1.0,2.0,UNKNOWN,横浜スタジアム,unknown,low,False,False,,,[],[],,,,,0,light,2017-08-12 18:00:00+00:00,,UNKNOWN,,,,UNKNOWN,UNKNOWN,,UNKNOWN,,,,,,,,,,,,,,,,,,,,,,,,,,,,,,,,False,False,UNKNOWN,False,False,,,,,,,,,,NPB,2017-08-12 18:00:00,1,,,0,
2017081203,2017-08-12 18:00:00,広島東洋カープ,読売ジャイアンツ,1.0,0.0,UNKNOWN,ＭＡＺＤＡ　Ｚｏｏｍ－Ｚｏｏｍ　スタジアム広島,unknown,low,False,False,,,[],[],,,,,0,light,2017-08-12 18:00:00+00:00,,UNKNOWN,,,,UNKNOWN,UNKNOWN,,UNKNOWN,,,,,,,,,,,,,,,,,,,,,,,,,,,,,,,,False,False,UNKNOWN,False,False,,,,,,,,,,NPB,2017-08-12 18:00:00,1,,,0,
2017081305,2017-08-13 13:00:00,オリックス・バファローズ,東北楽天ゴールデンイーグルス,2.0,4.0,UNKNOWN,京セラドーム大阪,unknown,low,False,False,,,[],[],,,,,0,light,2017-08-13 13:00:00+00:00,,UNKNOWN,,,,UNKNOWN,UNKNOWN,,UNKNOWN,,,,,,,,,,,,,,,,,,,,,,,,,,,,,,,,False,False,UNKNOWN,False,False,,,,,,,,,,NPB,2017-08-13 13:00:00,1,,,0,
2017081306,2017-08-13 13:00:00,福岡ソフトバンクホークス,北海道日本ハムファイターズ,3.0,2.0,UNKNOWN,福岡 ヤフオク!ドーム,unknown,low,False,False,,,[],[],,,,,0,light,2017-08-13 13:00:00+00:00,,UNKNOWN,,,,UNKNOWN,UNKNOWN,,UNKNOWN,,,,,,,,,,,,,,,,,,,,,,,,,,,,,,,,False,False,UNKNOWN,False,False,,,,,,,,,,NPB,2017-08-13 13:00:00,1,,,0,
2017081302,2017-08-13 14:00:00,中日ドラゴンズ,東京ヤクルトスワローズ,7.0,2.0,UNKNOWN,ナゴヤドーム,unknown,low,False,False,,,[],[],,,,,0,light,2017-08-13 14:00:00+00:00,,UNKNOWN,,,,UNKNOWN,UNKNOWN,,UNKNOWN,,,,,,,,,,,,,,,,,,,,,,,,,,,,,,,,False,False,UNKNOWN,False,False,,,,,,,,,,NPB,2017-08-13 14:00:00,1,,,0,
2017081304,2017-08-13 17:00:00,千葉ロッテマリーンズ,埼玉西武ライオンズ,3.0,6.0,UNKNOWN,ＺＯＺＯマリンスタジアム,unknown,low,False,False,,,[],[],,,,,0,light,2017-08-13 17:00:00+00:00,,UNKNOWN,,,,UNKNOWN,UNKNOWN,,UNKNOWN,,,,,,,,,,,,,,,,,,,,,,,,,,,,,,,,False,False,UNKNOWN,False,False,,,,,,,,,,NPB,2017-08-13 17:00:00,1,,,0,
2017081301,2017-08-13 18:00:00,横浜DeNAベイスターズ,阪神タイガース,8.0,2.0,UNKNOWN,横浜スタジアム,unknown,low,False,False,,,[],[],,,,,0,light,2017-08-13 18:00:00+00:00,,UNKNOWN,,,,UNKNOWN,UNKNOWN,,UNKNOWN,,,,,,,,,,,,,,,,,,,,,,,,,,,,,,,,False,False,UNKNOWN,False,False,,,,,,,,,,NPB,2017-08-13 18:00:00,1,,,0,
2017081303,2017-08-13 18:00:00,広島東洋カープ,読売ジャイアンツ,4.0,1.0,UNKNOWN,ＭＡＺＤＡ　Ｚｏｏｍ－Ｚｏｏｍ　スタジアム広島,unknown,low,False,False,,,[],[],,,,,0,light,2017-08-13 18:00:00+00:00,,UNKNOWN,,,,UNKNOWN,UNKNOWN,,UNKNOWN,,,,,,,,,,,,,,,,,,,,,,,,,,,,,,,,False,False,UNKNOWN,False,False,,,,,,,,,,NPB,2017-08-13 18:00:00,1,,,0,
2017081401,2017-08-14 18:00:00,福岡ソフトバンクホークス,北海道日本ハムファイターズ,1.0,7.0,UNKNOWN,京セラドーム大阪,unknown,low,False,False,,,[],[],,,,,0,light,2017-08-14 18:00:00+00:00,,UNKNOWN,,,,UNKNOWN,UNKNOWN,,UNKNOWN,,,,,,,,,,,,,,,,,,,,,,,,,,,,,,,,False,False,UNKNOWN,False,False,,,,,,,,,,NPB,2017-08-14 18:00:00,1,,,0,
2017081503,2017-08-15 18:00:00,阪神タイガース,広島東洋カープ,6.0,11.0,UNKNOWN,京セラドーム大阪,unknown,low,False,False,,,[],[],,,,,0,light,2017-08-15 18:00:00+00:00,,UNKNOWN,,,,UNKNOWN,UNKNOWN,,UNKNOWN,,,,,,,,,,,,,,,,,,,,,,,,,,,,,,,,False,False,UNKNOWN,False,False,,,,,,,,,,NPB,2017-08-15 18:00:00,1,,,0,
2017081504,2017-08-15 18:00:00,埼玉西武ライオンズ,東北楽天ゴールデンイーグルス,17.0,8.0,UNKNOWN,メットライフドーム,unknown,low,False,False,,,[],[],,,,,0,light,2017-08-15 18:00:00+00:00,,UNKNOWN,,,,UNKNOWN,UNKNOWN,,UNKNOWN,,,,,,,,,,,,,,,,,,,,,,,,,,,,,,,,False,False,UNKNOWN,False,False,,,,,,,,,,NPB,2017-08-15 18:00:00,1,,,0,
2017081505,2017-08-15 18:00:00,福岡ソフトバンクホークス,オリックス・バファローズ,5.0,3.0,UNKNOWN,福岡 ヤフオク!ドーム,unknown,low,False,False,,,[],[],,,,,0,light,2017-08-15 18:00:00+00:00,,UNKNOWN,,,,UNKNOWN,UNKNOWN,,UNKNOWN,,,,,,,,,,,,,,,,,,,,,,,,,,,,,,,,False,False,UNKNOWN,False,False,,,,,,,,,,NPB,2017-08-15 18:00:00,1,,,0,
2017081601,2017-08-16 18:00:00,東京ヤクルトスワローズ,読売ジャイアンツ,2.0,8.0,UNKNOWN,明治神宮野球場,unknown,low,False,False,,,[],[],,,,,0,light,2017-08-16 18:00:00+00:00,,UNKNOWN,,,,UNKNOWN,UNKNOWN,,UNKNOWN,,,,,,,,,,,,,,,,,,,,,,,,,,,,,,,,False,False,UNKNOWN,False,False,,,,,,,,,,NPB,2017-08-16 18:00:00,1,,,0,
2017081602,2017-08-16 18:00:00,横浜DeNAベイスターズ,中日ドラゴンズ,3.0,2.0,UNKNOWN,横浜スタジアム,unknown,low,False,False,,,[],[],,,,,0,light,2017-08-16 18:00:00+00:00,,UNKNOWN,,,,UNKNOWN,UNKNOWN,,UNKNOWN,,,,,,,,,,,,,,,,,,,,,,,,,,,,,,,,False,False,UNKNOWN,False,False,,,,,,,,,,NPB,2017-08-16 18:00:00,1,,,0,
2017081603,2017-08-16 18:00:00,阪神タイガース,広島東洋カープ,3.0,5.0,UNKNOWN,京セラドーム大阪,unknown,low,False,False,,,[],[],,,,,0,light,2017-08-16 18:00:00+00:00,,UNKNOWN,,,,UNKNOWN,UNKNOWN,,UNKNOWN,,,,,,,,,,,,,,,,,,,,,,,,,,,,,,,,False,False,UNKNOWN,False,False,,,,,,,,,,NPB,2017-08-16 18:00:00,1,,,0,
2017081604,2017-08-16 18:00:00,北海道日本ハムファイターズ,千葉ロッテマリーンズ,4.0,2.0,UNKNOWN,札幌ドーム,unknown,low,False,False,,,[],[],,,,,0,light,2017-08-16 18:00:00+00:00,,UNKNOWN,,,,UNKNOWN,UNKNOWN,,UNKNOWN,,,,,,,,,,,,,,,,,,,,,,,,,,,,,,,,False,False,UNKNOWN,False,False,,,,,,,,,,NPB,2017-08-16 18:00:00,1,,,0,
2017081605,2017-08-16 18:00:00,埼玉西武ライオンズ,東北楽天ゴールデンイーグルス,5.0,0.0,UNKNOWN,メットライフドーム,unknown,low,False,False,,,[],[],,,,,0,light,2017-08-16 18:00:00+00:00,,UNKNOWN,,,,UNKNOWN,UNKNOWN,,UNKNOWN,,,,,,,,,,,,,,,,,,,,,,,,,,,,,,,,False,False,UNKNOWN,False,False,,,,,,,,,,NPB,2017-08-16 18:00:00,1,,,0,
2017081606,2017-08-16 18:00:00,福岡ソフトバンクホークス,オリックス・バファローズ,2.0,1.0,UNKNOWN,福岡 ヤフオク!ドーム,unknown,low,False,False,,,[],[],,,,,0,light,2017-08-16 18:00:00+00:00,,UNKNOWN,,,,UNKNOWN,UNKNOWN,,UNKNOWN,,,,,,,,,,,,,,,,,,,,,,,,,,,,,,,,False,False,UNKNOWN,False,False,,,,,,,,,,NPB,2017-08-16 18:00:00,1,,,0,
2017081701,2017-08-17 18:00:00,東京ヤクルトスワローズ,読売ジャイアンツ,4.0,3.0,UNKNOWN,明治神宮野球場,unknown,low,False,False,,,[],[],,,,,0,light,2017-08-17 18:00:00+00:00,,UNKNOWN,,,,UNKNOWN,UNKNOWN,,UNKNOWN,,,,,,,,,,,,,,,,,,,,,,,,,,,,,,,,False,False,UNKNOWN,False,False,,,,,,,,,,NPB,2017-08-17 18:00:00,1,,,0,
2017081702,2017-08-17 18:00:00,横浜DeNAベイスターズ,中日ドラゴンズ,4.0,1.0,UNKNOWN,横浜スタジアム,unknown,low,False,False,,,[],[],,,,,0,light,2017-08-17 18:00:00+00:00,,UNKNOWN,,,,UNKNOWN,UNKNOWN,,UNKNOWN,,,,,,,,,,,,,,,,,,,,,,,,,,,,,,,,False,False,UNKNOWN,False,False,,,,,,,,,,NPB,2017-08-17 18:00:00,1,,,0,
2017081703,2017-08-17 18:00:00,阪神タイガース,広島東洋カープ,5.0,4.0,UNKNOWN,京セラドーム大阪,unknown,low,False,False,,,[],[],,,,,0,light,2017-08-17 18:00:00+00:00,,UNKNOWN,,,,UNKNOWN,UNKNOWN,,UNKNOWN,,,,,,,,,,,,,,,,,,,,,,,,,,,,,,,,False,False,UNKNOWN,False,False,,,,,,,,,,NPB,2017-08-17 18:00:00,1,,,0,
2017081704,2017-08-17 18:00:00,北海道日本ハムファイターズ,千葉ロッテマリーンズ,8.0,7.0,UNKNOWN,札幌ドーム,unknown,low,False,False,,,[],[],,,,,0,light,2017-08-17 18:00:00+00:00,,UNKNOWN,,,,UNKNOWN,UNKNOWN,,UNKNOWN,,,,,,,,,,,,,,,,,,,,,,,,,,,,,,,,False,False,UNKNOWN,False,False,,,,,,,,,,NPB,2017-08-17 18:00:00,1,,,0,
2017081705,2017-08-17 18:00:00,埼玉西武ライオンズ,東北楽天ゴールデンイーグルス,3.0,0.0,UNKNOWN,メットライフドーム,unknown,low,False,False,,,[],[],,,,,0,light,2017-08-17 18:00:00+00:00,,UNKNOWN,,,,UNKNOWN,UNKNOWN,,UNKNOWN,,,,,,,,,,,,,,,,,,,,,,,,,,,,,,,,False,False,UNKNOWN,False,False,,,,,,,,,,NPB,2017-08-17 18:00:00,1,,,0,
2017081801,2017-08-18 18:00:00,読売ジャイアンツ,横浜DeNAベイスターズ,9.0,7.0,UNKNOWN,東京ドーム,unknown,low,False,False,,,[],[],,,,,0,light,2017-08-18 18:00:00+00:00,,UNKNOWN,,,,UNKNOWN,UNKNOWN,,UNKNOWN,,,,,,,,,,,,,,,,,,,,,,,,,,,,,,,,False,False,UNKNOWN,False,False,2017-08-18 09:00:00+00:00,,UNKNOWN,Open-Meteo Historical Forecast,FAIL_CLOSED_NO_ISSUANCE_TIMESTAMP,27.9,73.0,0.0,2.3,NPB,2017-08-18 18:00:00,1,,,0,
2017081801,2017-08-18 18:00:00,読売ジャイアンツ,横浜DeNAベイスターズ,9.0,7.0,UNKNOWN,東京ドーム,unknown,low,False,False,,,[],[],,,,,0,light,2017-08-18 18:00:00+00:00,,UNKNOWN,,,,UNKNOWN,UNKNOWN,,UNKNOWN,,,,,,,,,,,,,,,,,,,,,,,,,,,,,,,,False,False,UNKNOWN,False,False,2017-08-18 09:00:00+00:00,,UNKNOWN,Open-Meteo Historical Forecast,FAIL_CLOSED_NO_ISSUANCE_TIMESTAMP,27.9,73.0,0.0,2.3,NPB,2017-08-18 18:00:00,1,,,0,
2017081802,2017-08-18 18:00:00,中日ドラゴンズ,阪神タイガース,4.0,10.0,UNKNOWN,ナゴヤドーム,unknown,low,False,False,,,[],[],,,,,0,light,2017-08-18 18:00:00+00:00,,UNKNOWN,,,,UNKNOWN,UNKNOWN,,UNKNOWN,,,,,,,,,,,,,,,,,,,,,,,,,,,,,,,,False,False,UNKNOWN,False,False,,,,,,,,,,NPB,2017-08-18 18:00:00,1,,,0,
2017081803,2017-08-18 18:00:00,広島東洋カープ,東京ヤクルトスワローズ,1.0,0.0,UNKNOWN,ＭＡＺＤＡ　Ｚｏｏｍ－Ｚｏｏｍ　スタジアム広島,unknown,low,False,False,,,[],[],,,,,0,light,2017-08-18 18:00:00+00:00,,UNKNOWN,,,,UNKNOWN,UNKNOWN,,UNKNOWN,,,,,,,,,,,,,,,,,,,,,,,,,,,,,,,,False,False,UNKNOWN,False,False,,,,,,,,,,NPB,2017-08-18 18:00:00,1,,,0,
2017081804,2017-08-18 18:00:00,北海道日本ハムファイターズ,埼玉西武ライオンズ,4.0,0.0,UNKNOWN,札幌ドーム,unknown,low,False,False,,,[],[],,,,,0,light,2017-08-18 18:00:00+00:00,,UNKNOWN,,,,UNKNOWN,UNKNOWN,,UNKNOWN,,,,,,,,,,,,,,,,,,,,,,,,,,,,,,,,False,False,UNKNOWN,False,False,,,,,,,,,,NPB,2017-08-18 18:00:00,1,,,0,
2017081805,2017-08-18 18:00:00,東北楽天ゴールデンイーグルス,福岡ソフトバンクホークス,1.0,4.0,UNKNOWN,Koboパーク宮城,unknown,low,False,False,,,[],[],,,,,0,light,2017-08-18 18:00:00+00:00,,UNKNOWN,,,,UNKNOWN,UNKNOWN,,UNKNOWN,,,,,,,,,,,,,,,,,,,,,,,,,,,,,,,,False,False,UNKNOWN,False,False,,,,,,,,,,NPB,2017-08-18 18:00:00,1,,,0,
2017081806,2017-08-18 18:00:00,オリックス・バファローズ,千葉ロッテマリーンズ,2.0,5.0,UNKNOWN,京セラドーム大阪,unknown,low,False,False,,,[],[],,,,,0,light,2017-08-18 18:00:00+00:00,,UNKNOWN,,,,UNKNOWN,UNKNOWN,,UNKNOWN,,,,,,,,,,,,,,,,,,,,,,,,,,,,,,,,False,False,UNKNOWN,False,False,,,,,,,,,,NPB,2017-08-18 18:00:00,1,,,0,
2017081901,2017-08-19 14:00:00,読売ジャイアンツ,横浜DeNAベイスターズ,6.0,1.0,UNKNOWN,東京ドーム,unknown,low,False,False,,,[],[],,,,,0,light,2017-08-19 14:00:00+00:00,,UNKNOWN,,,,UNKNOWN,UNKNOWN,,UNKNOWN,,,,,,,,,,,,,,,,,,,,,,,,,,,,,,,,False,False,UNKNOWN,False,False,2017-08-19 05:00:00+00:00,,UNKNOWN,Open-Meteo Historical Forecast,FAIL_CLOSED_NO_ISSUANCE_TIMESTAMP,30.5,65.0,0.0,4.6,NPB,2017-08-19 14:00:00,1,,,0,
2017081901,2017-08-19 14:00:00,読売ジャイアンツ,横浜DeNAベイスターズ,6.0,1.0,UNKNOWN,東京ドーム,unknown,low,False,False,,,[],[],,,,,0,light,2017-08-19 14:00:00+00:00,,UNKNOWN,,,,UNKNOWN,UNKNOWN,,UNKNOWN,,,,,,,,,,,,,,,,,,,,,,,,,,,,,,,,False,False,UNKNOWN,False,False,2017-08-19 05:00:00+00:00,,UNKNOWN,Open-Meteo Historical Forecast,FAIL_CLOSED_NO_ISSUANCE_TIMESTAMP,30.5,65.0,0.0,4.6,NPB,2017-08-19 14:00:00,1,,,0,
2017081902,2017-08-19 14:00:00,中日ドラゴンズ,阪神タイガース,1.0,8.0,UNKNOWN,ナゴヤドーム,unknown,low,False,False,,,[],[],,,,,0,light,2017-08-19 14:00:00+00:00,,UNKNOWN,,,,UNKNOWN,UNKNOWN,,UNKNOWN,,,,,,,,,,,,,,,,,,,,,,,,,,,,,,,,False,False,UNKNOWN,False,False,,,,,,,,,,NPB,2017-08-19 14:00:00,1,,,0,
2017081904,2017-08-19 14:00:00,北海道日本ハムファイターズ,埼玉西武ライオンズ,0.0,3.0,UNKNOWN,札幌ドーム,unknown,low,False,False,,,[],[],,,,,0,light,2017-08-19 14:00:00+00:00,,UNKNOWN,,,,UNKNOWN,UNKNOWN,,UNKNOWN,,,,,,,,,,,,,,,,,,,,,,,,,,,,,,,,False,False,UNKNOWN,False,False,,,,,,,,,,NPB,2017-08-19 14:00:00,1,,,0,
2017081906,2017-08-19 14:00:00,オリックス・バファローズ,千葉ロッテマリーンズ,7.0,3.0,UNKNOWN,京セラドーム大阪,unknown,low,False,False,,,[],[],,,,,0,light,2017-08-19 14:00:00+00:00,,UNKNOWN,,,,UNKNOWN,UNKNOWN,,UNKNOWN,,,,,,,,,,,,,,,,,,,,,,,,,,,,,,,,False,False,UNKNOWN,False,False,,,,,,,,,,NPB,2017-08-19 14:00:00,1,,,0,
2017081903,2017-08-19 18:00:00,広島東洋カープ,東京ヤクルトスワローズ,0.0,5.0,UNKNOWN,ＭＡＺＤＡ　Ｚｏｏｍ－Ｚｏｏｍ　スタジアム広島,unknown,low,False,False,,,[],[],,,,,0,light,2017-08-19 18:00:00+00:00,,UNKNOWN,,,,UNKNOWN,UNKNOWN,,UNKNOWN,,,,,,,,,,,,,,,,,,,,,,,,,,,,,,,,False,False,UNKNOWN,False,False,,,,,,,,,,NPB,2017-08-19 18:00:00,1,,,0,
2017081905,2017-08-19 18:00:00,東北楽天ゴールデンイーグルス,福岡ソフトバンクホークス,0.0,2.0,UNKNOWN,Koboパーク宮城,unknown,low,False,False,,,[],[],,,,,0,light,2017-08-19 18:00:00+00:00,,UNKNOWN,,,,UNKNOWN,UNKNOWN,,UNKNOWN,,,,,,,,,,,,,,,,,,,,,,,,,,,,,,,,False,False,UNKNOWN,False,False,,,,,,,,,,NPB,2017-08-19 18:00:00,1,,,0,
2017082006,2017-08-20 13:00:00,オリックス・バファローズ,千葉ロッテマリーンズ,3.0,2.0,UNKNOWN,京セラドーム大阪,unknown,low,False,False,,,[],[],,,,,0,light,2017-08-20 13:00:00+00:00,,UNKNOWN,,,,UNKNOWN,UNKNOWN,,UNKNOWN,,,,,,,,,,,,,,,,,,,,,,,,,,,,,,,,False,False,UNKNOWN,False,False,,,,,,,,,,NPB,2017-08-20 13:00:00,1,,,0,
2017082001,2017-08-20 14:00:00,読売ジャイアンツ,横浜DeNAベイスターズ,6.0,1.0,UNKNOWN,東京ドーム,unknown,low,False,False,,,[],[],,,,,0,light,2017-08-20 14:00:00+00:00,,UNKNOWN,,,,UNKNOWN,UNKNOWN,,UNKNOWN,,,,,,,,,,,,,,,,,,,,,,,,,,,,,,,,False,False,UNKNOWN,False,False,2017-08-20 05:00:00+00:00,,UNKNOWN,Open-Meteo Historical Forecast,FAIL_CLOSED_NO_ISSUANCE_TIMESTAMP,28.0,64.0,0.0,2.8,NPB,2017-08-20 14:00:00,1,,,0,
2017082001,2017-08-20 14:00:00,読売ジャイアンツ,横浜DeNAベイスターズ,6.0,1.0,UNKNOWN,東京ドーム,unknown,low,False,False,,,[],[],,,,,0,light,2017-08-20 14:00:00+00:00,,UNKNOWN,,,,UNKNOWN,UNKNOWN,,UNKNOWN,,,,,,,,,,,,,,,,,,,,,,,,,,,,,,,,False,False,UNKNOWN,False,False,2017-08-20 05:00:00+00:00,,UNKNOWN,Open-Meteo Historical Forecast,FAIL_CLOSED_NO_ISSUANCE_TIMESTAMP,28.0,64.0,0.0,2.8,NPB,2017-08-20 14:00:00,1,,,0,
2017082002,2017-08-20 14:00:00,中日ドラゴンズ,阪神タイガース,2.0,3.0,UNKNOWN,ナゴヤドーム,unknown,low,False,False,,,[],[],,,,,0,light,2017-08-20 14:00:00+00:00,,UNKNOWN,,,,UNKNOWN,UNKNOWN,,UNKNOWN,,,,,,,,,,,,,,,,,,,,,,,,,,,,,,,,False,False,UNKNOWN,False,False,,,,,,,,,,NPB,2017-08-20 14:00:00,1,,,0,
2017082004,2017-08-20 14:00:00,北海道日本ハムファイターズ,埼玉西武ライオンズ,9.0,3.0,UNKNOWN,札幌ドーム,unknown,low,False,False,,,[],[],,,,,0,light,2017-08-20 14:00:00+00:00,,UNKNOWN,,,,UNKNOWN,UNKNOWN,,UNKNOWN,,,,,,,,,,,,,,,,,,,,,,,,,,,,,,,,False,False,UNKNOWN,False,False,,,,,,,,,,NPB,2017-08-20 14:00:00,1,,,0,
2017082005,2017-08-20 17:00:00,東北楽天ゴールデンイーグルス,福岡ソフトバンクホークス,1.0,4.0,UNKNOWN,Koboパーク宮城,unknown,low,False,False,,,[],[],,,,,0,light,2017-08-20 17:00:00+00:00,,UNKNOWN,,,,UNKNOWN,UNKNOWN,,UNKNOWN,,,,,,,,,,,,,,,,,,,,,,,,,,,,,,,,False,False,UNKNOWN,False,False,,,,,,,,,,NPB,2017-08-20 17:00:00,1,,,0,
2017082003,2017-08-20 18:00:00,広島東洋カープ,東京ヤクルトスワローズ,6.0,5.0,UNKNOWN,ＭＡＺＤＡ　Ｚｏｏｍ－Ｚｏｏｍ　スタジアム広島,unknown,low,False,False,,,[],[],,,,,0,light,2017-08-20 18:00:00+00:00,,UNKNOWN,,,,UNKNOWN,UNKNOWN,,UNKNOWN,,,,,,,,,,,,,,,,,,,,,,,,,,,,,,,,False,False,UNKNOWN,False,False,,,,,,,,,,NPB,2017-08-20 18:00:00,1,,,0,
2017082201,2017-08-22 18:00:00,東京ヤクルトスワローズ,阪神タイガース,5.0,4.0,UNKNOWN,明治神宮野球場,unknown,low,False,False,,,[],[],,,,,0,light,2017-08-22 18:00:00+00:00,,UNKNOWN,,,,UNKNOWN,UNKNOWN,,UNKNOWN,,,,,,,,,,,,,,,,,,,,,,,,,,,,,,,,False,False,UNKNOWN,False,False,,,,,,,,,,NPB,2017-08-22 18:00:00,1,,,0,
2017082202,2017-08-22 18:00:00,横浜DeNAベイスターズ,広島東洋カープ,6.0,5.0,UNKNOWN,横浜スタジアム,unknown,low,False,False,,,[],[],,,,,0,light,2017-08-22 18:00:00+00:00,,UNKNOWN,,,,UNKNOWN,UNKNOWN,,UNKNOWN,,,,,,,,,,,,,,,,,,,,,,,,,,,,,,,,False,False,UNKNOWN,False,False,,,,,,,,,,NPB,2017-08-22 18:00:00,1,,,0,
2017082203,2017-08-22 18:00:00,中日ドラゴンズ,読売ジャイアンツ,2.0,9.0,UNKNOWN,ナゴヤドーム,unknown,low,False,False,,,[],[],,,,,0,light,2017-08-22 18:00:00+00:00,,UNKNOWN,,,,UNKNOWN,UNKNOWN,,UNKNOWN,,,,,,,,,,,,,,,,,,,,,,,,,,,,,,,,False,False,UNKNOWN,False,False,,,,,,,,,,NPB,2017-08-22 18:00:00,1,,,0,
2017082205,2017-08-22 18:00:00,オリックス・バファローズ,北海道日本ハムファイターズ,5.0,2.0,UNKNOWN,ほっともっとフィールド神戸,unknown,low,False,False,,,[],[],,,,,0,light,2017-08-22 18:00:00+00:00,,UNKNOWN,,,,UNKNOWN,UNKNOWN,,UNKNOWN,,,,,,,,,,,,,,,,,,,,,,,,,,,,,,,,False,False,UNKNOWN,False,False,,,,,,,,,,NPB,2017-08-22 18:00:00,1,,,0,
2017082206,2017-08-22 18:00:00,福岡ソフトバンクホークス,埼玉西武ライオンズ,7.0,0.0,UNKNOWN,福岡 ヤフオク!ドーム,unknown,low,False,False,,,[],[],,,,,0,light,2017-08-22 18:00:00+00:00,,UNKNOWN,,,,UNKNOWN,UNKNOWN,,UNKNOWN,,,,,,,,,,,,,,,,,,,,,,,,,,,,,,,,False,False,UNKNOWN,False,False,,,,,,,,,,NPB,2017-08-22 18:00:00,1,,,0,
2017082204,2017-08-22 18:15:00,千葉ロッテマリーンズ,東北楽天ゴールデンイーグルス,2.0,6.0,UNKNOWN,ＺＯＺＯマリンスタジアム,unknown,low,False,False,,,[],[],,,,,0,light,2017-08-22 18:15:00+00:00,,UNKNOWN,,,,UNKNOWN,UNKNOWN,,UNKNOWN,,,,,,,,,,,,,,,,,,,,,,,,,,,,,,,,False,False,UNKNOWN,False,False,,,,,,,,,,NPB,2017-08-22 18:15:00,1,,,0,
2017082301,2017-08-23 18:00:00,東京ヤクルトスワローズ,阪神タイガース,4.0,7.0,UNKNOWN,明治神宮野球場,unknown,low,False,False,,,[],[],,,,,0,light,2017-08-23 18:00:00+00:00,,UNKNOWN,,,,UNKNOWN,UNKNOWN,,UNKNOWN,,,,,,,,,,,,,,,,,,,,,,,,,,,,,,,,False,False,UNKNOWN,False,False,,,,,,,,,,NPB,2017-08-23 18:00:00,1,,,0,
2017082302,2017-08-23 18:00:00,横浜DeNAベイスターズ,広島東洋カープ,7.0,6.0,UNKNOWN,横浜スタジアム,unknown,low,False,False,,,[],[],,,,,0,light,2017-08-23 18:00:00+00:00,,UNKNOWN,,,,UNKNOWN,UNKNOWN,,UNKNOWN,,,,,,,,,,,,,,,,,,,,,,,,,,,,,,,,False,False,UNKNOWN,False,False,,,,,,,,,,NPB,2017-08-23 18:00:00,1,,,0,
2017082303,2017-08-23 18:00:00,中日ドラゴンズ,読売ジャイアンツ,4.0,1.0,UNKNOWN,ナゴヤドーム,unknown,low,False,False,,,[],[],,,,,0,light,2017-08-23 18:00:00+00:00,,UNKNOWN,,,,UNKNOWN,UNKNOWN,,UNKNOWN,,,,,,,,,,,,,,,,,,,,,,,,,,,,,,,,False,False,UNKNOWN,False,False,,,,,,,,,,NPB,2017-08-23 18:00:00,1,,,0,
2017082305,2017-08-23 18:00:00,オリックス・バファローズ,北海道日本ハムファイターズ,2.0,3.0,UNKNOWN,ほっともっとフィールド神戸,unknown,low,False,False,,,[],[],,,,,0,light,2017-08-23 18:00:00+00:00,,UNKNOWN,,,,UNKNOWN,UNKNOWN,,UNKNOWN,,,,,,,,,,,,,,,,,,,,,,,,,,,,,,,,False,False,UNKNOWN,False,False,,,,,,,,,,NPB,2017-08-23 18:00:00,1,,,0,
2017082306,2017-08-23 18:00:00,福岡ソフトバンクホークス,埼玉西武ライオンズ,9.0,0.0,UNKNOWN,福岡 ヤフオク!ドーム,unknown,low,False,False,,,[],[],,,,,0,light,2017-08-23 18:00:00+00:00,,UNKNOWN,,,,UNKNOWN,UNKNOWN,,UNKNOWN,,,,,,,,,,,,,,,,,,,,,,,,,,,,,,,,False,False,UNKNOWN,False,False,,,,,,,,,,NPB,2017-08-23 18:00:00,1,,,0,
2017082304,2017-08-23 18:15:00,千葉ロッテマリーンズ,東北楽天ゴールデンイーグルス,5.0,3.0,UNKNOWN,ＺＯＺＯマリンスタジアム,unknown,low,False,False,,,[],[],,,,,0,light,2017-08-23 18:15:00+00:00,,UNKNOWN,,,,UNKNOWN,UNKNOWN,,UNKNOWN,,,,,,,,,,,,,,,,,,,,,,,,,,,,,,,,False,False,UNKNOWN,False,False,,,,,,,,,,NPB,2017-08-23 18:15:00,1,,,0,
2017082401,2017-08-24 18:00:00,東京ヤクルトスワローズ,阪神タイガース,3.0,6.0,UNKNOWN,明治神宮野球場,unknown,low,False,False,,,[],[],,,,,0,light,2017-08-24 18:00:00+00:00,,UNKNOWN,,,,UNKNOWN,UNKNOWN,,UNKNOWN,,,,,,,,,,,,,,,,,,,,,,,,,,,,,,,,False,False,UNKNOWN,False,False,,,,,,,,,,NPB,2017-08-24 18:00:00,1,,,0,
2017082402,2017-08-24 18:00:00,横浜DeNAベイスターズ,広島東洋カープ,5.0,4.0,UNKNOWN,横浜スタジアム,unknown,low,False,False,,,[],[],,,,,0,light,2017-08-24 18:00:00+00:00,,UNKNOWN,,,,UNKNOWN,UNKNOWN,,UNKNOWN,,,,,,,,,,,,,,,,,,,,,,,,,,,,,,,,False,False,UNKNOWN,False,False,,,,,,,,,,NPB,2017-08-24 18:00:00,1,,,0,
2017082404,2017-08-24 18:00:00,福岡ソフトバンクホークス,埼玉西武ライオンズ,10.0,1.0,UNKNOWN,福岡 ヤフオク!ドーム,unknown,low,False,False,,,[],[],,,,,0,light,2017-08-24 18:00:00+00:00,,UNKNOWN,,,,UNKNOWN,UNKNOWN,,UNKNOWN,,,,,,,,,,,,,,,,,,,,,,,,,,,,,,,,False,False,UNKNOWN,False,False,,,,,,,,,,NPB,2017-08-24 18:00:00,1,,,0,
2017082403,2017-08-24 18:15:00,千葉ロッテマリーンズ,東北楽天ゴールデンイーグルス,2.0,1.0,UNKNOWN,ＺＯＺＯマリンスタジアム,unknown,low,False,False,,,[],[],,,,,0,light,2017-08-24 18:15:00+00:00,,UNKNOWN,,,,UNKNOWN,UNKNOWN,,UNKNOWN,,,,,,,,,,,,,,,,,,,,,,,,,,,,,,,,False,False,UNKNOWN,False,False,,,,,,,,,,NPB,2017-08-24 18:15:00,1,,,0,
2017082501,2017-08-25 18:00:00,読売ジャイアンツ,阪神タイガース,6.0,3.0,UNKNOWN,東京ドーム,unknown,low,False,False,,,[],[],,,,,0,light,2017-08-25 18:00:00+00:00,,UNKNOWN,,,,UNKNOWN,UNKNOWN,,UNKNOWN,,,,,,,,,,,,,,,,,,,,,,,,,,,,,,,,False,False,UNKNOWN,False,False,2017-08-25 09:00:00+00:00,,UNKNOWN,Open-Meteo Historical Forecast,FAIL_CLOSED_NO_ISSUANCE_TIMESTAMP,31.0,60.0,0.0,2.9,NPB,2017-08-25 18:00:00,1,,,0,
2017082501,2017-08-25 18:00:00,読売ジャイアンツ,阪神タイガース,6.0,3.0,UNKNOWN,東京ドーム,unknown,low,False,False,,,[],[],,,,,0,light,2017-08-25 18:00:00+00:00,,UNKNOWN,,,,UNKNOWN,UNKNOWN,,UNKNOWN,,,,,,,,,,,,,,,,,,,,,,,,,,,,,,,,False,False,UNKNOWN,False,False,2017-08-25 09:00:00+00:00,,UNKNOWN,Open-Meteo Historical Forecast,FAIL_CLOSED_NO_ISSUANCE_TIMESTAMP,31.0,60.0,0.0,2.9,NPB,2017-08-25 18:00:00,1,,,0,
2017082502,2017-08-25 18:00:00,東京ヤクルトスワローズ,横浜DeNAベイスターズ,6.0,8.0,UNKNOWN,明治神宮野球場,unknown,low,False,False,,,[],[],,,,,0,light,2017-08-25 18:00:00+00:00,,UNKNOWN,,,,UNKNOWN,UNKNOWN,,UNKNOWN,,,,,,,,,,,,,,,,,,,,,,,,,,,,,,,,False,False,UNKNOWN,False,False,,,,,,,,,,NPB,2017-08-25 18:00:00,1,,,0,
2017082503,2017-08-25 18:00:00,広島東洋カープ,中日ドラゴンズ,9.0,1.0,UNKNOWN,ＭＡＺＤＡ　Ｚｏｏｍ－Ｚｏｏｍ　スタジアム広島,unknown,low,False,False,,,[],[],,,,,0,light,2017-08-25 18:00:00+00:00,,UNKNOWN,,,,UNKNOWN,UNKNOWN,,UNKNOWN,,,,,,,,,,,,,,,,,,,,,,,,,,,,,,,,False,False,UNKNOWN,False,False,,,,,,,,,,NPB,2017-08-25 18:00:00,1,,,0,
2017082504,2017-08-25 18:00:00,東北楽天ゴールデンイーグルス,北海道日本ハムファイターズ,3.0,5.0,UNKNOWN,Koboパーク宮城,unknown,low,False,False,,,[],[],,,,,0,light,2017-08-25 18:00:00+00:00,,UNKNOWN,,,,UNKNOWN,UNKNOWN,,UNKNOWN,,,,,,,,,,,,,,,,,,,,,,,,,,,,,,,,False,False,UNKNOWN,False,False,,,,,,,,,,NPB,2017-08-25 18:00:00,1,,,0,
2017082505,2017-08-25 18:00:00,埼玉西武ライオンズ,オリックス・バファローズ,8.0,0.0,UNKNOWN,埼玉県営大宮公園野球場,unknown,low,False,False,,,[],[],,,,,0,light,2017-08-25 18:00:00+00:00,,UNKNOWN,,,,UNKNOWN,UNKNOWN,,UNKNOWN,,,,,,,,,,,,,,,,,,,,,,,,,,,,,,,,False,False,UNKNOWN,False,False,,,,,,,,,,NPB,2017-08-25 18:00:00,1,,,0,
2017082506,2017-08-25 18:00:00,福岡ソフトバンクホークス,千葉ロッテマリーンズ,3.0,10.0,UNKNOWN,福岡 ヤフオク!ドーム,unknown,low,False,False,,,[],[],,,,,0,light,2017-08-25 18:00:00+00:00,,UNKNOWN,,,,UNKNOWN,UNKNOWN,,UNKNOWN,,,,,,,,,,,,,,,,,,,,,,,,,,,,,,,,False,False,UNKNOWN,False,False,,,,,,,,,,NPB,2017-08-25 18:00:00,1,,,0,
2017082604,2017-08-26 16:00:00,東北楽天ゴールデンイーグルス,北海道日本ハムファイターズ,4.0,5.0,UNKNOWN,Koboパーク宮城,unknown,low,False,False,,,[],[],,,,,0,light,2017-08-26 16:00:00+00:00,,UNKNOWN,,,,UNKNOWN,UNKNOWN,,UNKNOWN,,,,,,,,,,,,,,,,,,,,,,,,,,,,,,,,False,False,UNKNOWN,False,False,,,,,,,,,,NPB,2017-08-26 16:00:00,1,,,0,
2017082601,2017-08-26 18:00:00,読売ジャイアンツ,阪神タイガース,4.0,8.0,UNKNOWN,東京ドーム,unknown,low,False,False,,,[],[],,,,,0,light,2017-08-26 18:00:00+00:00,,UNKNOWN,,,,UNKNOWN,UNKNOWN,,UNKNOWN,,,,,,,,,,,,,,,,,,,,,,,,,,,,,,,,False,False,UNKNOWN,False,False,2017-08-26 09:00:00+00:00,,UNKNOWN,Open-Meteo Historical Forecast,FAIL_CLOSED_NO_ISSUANCE_TIMESTAMP,28.9,65.0,0.0,3.7,NPB,2017-08-26 18:00:00,1,,,0,
2017082601,2017-08-26 18:00:00,読売ジャイアンツ,阪神タイガース,4.0,8.0,UNKNOWN,東京ドーム,unknown,low,False,False,,,[],[],,,,,0,light,2017-08-26 18:00:00+00:00,,UNKNOWN,,,,UNKNOWN,UNKNOWN,,UNKNOWN,,,,,,,,,,,,,,,,,,,,,,,,,,,,,,,,False,False,UNKNOWN,False,False,2017-08-26 09:00:00+00:00,,UNKNOWN,Open-Meteo Historical Forecast,FAIL_CLOSED_NO_ISSUANCE_TIMESTAMP,28.9,65.0,0.0,3.7,NPB,2017-08-26 18:00:00,1,,,0,
2017082602,2017-08-26 18:00:00,東京ヤクルトスワローズ,横浜DeNAベイスターズ,5.0,4.0,UNKNOWN,明治神宮野球場,unknown,low,False,False,,,[],[],,,,,0,light,2017-08-26 18:00:00+00:00,,UNKNOWN,,,,UNKNOWN,UNKNOWN,,UNKNOWN,,,,,,,,,,,,,,,,,,,,,,,,,,,,,,,,False,False,UNKNOWN,False,False,,,,,,,,,,NPB,2017-08-26 18:00:00,1,,,0,
2017082603,2017-08-26 18:00:00,広島東洋カープ,中日ドラゴンズ,6.0,2.0,UNKNOWN,ＭＡＺＤＡ　Ｚｏｏｍ－Ｚｏｏｍ　スタジアム広島,unknown,low,False,False,,,[],[],,,,,0,light,2017-08-26 18:00:00+00:00,,UNKNOWN,,,,UNKNOWN,UNKNOWN,,UNKNOWN,,,,,,,,,,,,,,,,,,,,,,,,,,,,,,,,False,False,UNKNOWN,False,False,,,,,,,,,,NPB,2017-08-26 18:00:00,1,,,0,
2017082605,2017-08-26 18:00:00,埼玉西武ライオンズ,オリックス・バファローズ,0.0,9.0,UNKNOWN,メットライフドーム,unknown,low,False,False,,,[],[],,,,,0,light,2017-08-26 18:00:00+00:00,,UNKNOWN,,,,UNKNOWN,UNKNOWN,,UNKNOWN,,,,,,,,,,,,,,,,,,,,,,,,,,,,,,,,False,False,UNKNOWN,False,False,,,,,,,,,,NPB,2017-08-26 18:00:00,1,,,0,
2017082606,2017-08-26 18:00:00,福岡ソフトバンクホークス,千葉ロッテマリーンズ,3.0,6.0,UNKNOWN,福岡 ヤフオク!ドーム,unknown,low,False,False,,,[],[],,,,,0,light,2017-08-26 18:00:00+00:00,,UNKNOWN,,,,UNKNOWN,UNKNOWN,,UNKNOWN,,,,,,,,,,,,,,,,,,,,,,,,,,,,,,,,False,False,UNKNOWN,False,False,,,,,,,,,,NPB,2017-08-26 18:00:00,1,,,0,
2017082706,2017-08-27 13:00:00,福岡ソフトバンクホークス,千葉ロッテマリーンズ,3.0,0.0,UNKNOWN,福岡 ヤフオク!ドーム,unknown,low,False,False,,,[],[],,,,,0,light,2017-08-27 13:00:00+00:00,,UNKNOWN,,,,UNKNOWN,UNKNOWN,,UNKNOWN,,,,,,,,,,,,,,,,,,,,,,,,,,,,,,,,False,False,UNKNOWN,False,False,,,,,,,,,,NPB,2017-08-27 13:00:00,1,,,0,
2017082701,2017-08-27 14:00:00,読売ジャイアンツ,阪神タイガース,6.0,0.0,UNKNOWN,東京ドーム,unknown,low,False,False,,,[],[],,,,,0,light,2017-08-27 14:00:00+00:00,,UNKNOWN,,,,UNKNOWN,UNKNOWN,,UNKNOWN,,,,,,,,,,,,,,,,,,,,,,,,,,,,,,,,False,False,UNKNOWN,False,False,2017-08-27 05:00:00+00:00,,UNKNOWN,Open-Meteo Historical Forecast,FAIL_CLOSED_NO_ISSUANCE_TIMESTAMP,28.5,53.0,0.0,7.1,NPB,2017-08-27 14:00:00,1,,,0,
2017082701,2017-08-27 14:00:00,読売ジャイアンツ,阪神タイガース,6.0,0.0,UNKNOWN,東京ドーム,unknown,low,False,False,,,[],[],,,,,0,light,2017-08-27 14:00:00+00:00,,UNKNOWN,,,,UNKNOWN,UNKNOWN,,UNKNOWN,,,,,,,,,,,,,,,,,,,,,,,,,,,,,,,,False,False,UNKNOWN,False,False,2017-08-27 05:00:00+00:00,,UNKNOWN,Open-Meteo Historical Forecast,FAIL_CLOSED_NO_ISSUANCE_TIMESTAMP,28.5,53.0,0.0,7.1,NPB,2017-08-27 14:00:00,1,,,0,
2017082704,2017-08-27 16:00:00,東北楽天ゴールデンイーグルス,北海道日本ハムファイターズ,2.0,5.0,UNKNOWN,Koboパーク宮城,unknown,low,False,False,,,[],[],,,,,0,light,2017-08-27 16:00:00+00:00,,UNKNOWN,,,,UNKNOWN,UNKNOWN,,UNKNOWN,,,,,,,,,,,,,,,,,,,,,,,,,,,,,,,,False,False,UNKNOWN,False,False,,,,,,,,,,NPB,2017-08-27 16:00:00,1,,,0,
2017082702,2017-08-27 18:00:00,東京ヤクルトスワローズ,横浜DeNAベイスターズ,3.0,7.0,UNKNOWN,明治神宮野球場,unknown,low,False,False,,,[],[],,,,,0,light,2017-08-27 18:00:00+00:00,,UNKNOWN,,,,UNKNOWN,UNKNOWN,,UNKNOWN,,,,,,,,,,,,,,,,,,,,,,,,,,,,,,,,False,False,UNKNOWN,False,False,,,,,,,,,,NPB,2017-08-27 18:00:00,1,,,0,
2017082703,2017-08-27 18:00:00,広島東洋カープ,中日ドラゴンズ,5.0,6.0,UNKNOWN,ＭＡＺＤＡ　Ｚｏｏｍ－Ｚｏｏｍ　スタジアム広島,unknown,low,False,False,,,[],[],,,,,0,light,2017-08-27 18:00:00+00:00,,UNKNOWN,,,,UNKNOWN,UNKNOWN,,UNKNOWN,,,,,,,,,,,,,,,,,,,,,,,,,,,,,,,,False,False,UNKNOWN,False,False,,,,,,,,,,NPB,2017-08-27 18:00:00,1,,,0,
2017082705,2017-08-27 18:00:00,埼玉西武ライオンズ,オリックス・バファローズ,9.0,10.0,UNKNOWN,メットライフドーム,unknown,low,False,False,,,[],[],,,,,0,light,2017-08-27 18:00:00+00:00,,UNKNOWN,,,,UNKNOWN,UNKNOWN,,UNKNOWN,,,,,,,,,,,,,,,,,,,,,,,,,,,,,,,,False,False,UNKNOWN,False,False,,,,,,,,,,NPB,2017-08-27 18:00:00,1,,,0,
2017082901,2017-08-29 18:00:00,読売ジャイアンツ,広島東洋カープ,1.0,2.0,UNKNOWN,東京ドーム,unknown,low,False,False,,,[],[],,,,,0,light,2017-08-29 18:00:00+00:00,,UNKNOWN,,,,UNKNOWN,UNKNOWN,,UNKNOWN,,,,,,,,,,,,,,,,,,,,,,,,,,,,,,,,False,False,UNKNOWN,False,False,2017-08-29 09:00:00+00:00,,UNKNOWN,Open-Meteo Historical Forecast,FAIL_CLOSED_NO_ISSUANCE_TIMESTAMP,29.7,69.0,0.0,8.7,NPB,2017-08-29 18:00:00,1,,,0,
2017082901,2017-08-29 18:00:00,読売ジャイアンツ,広島東洋カープ,1.0,2.0,UNKNOWN,東京ドーム,unknown,low,False,False,,,[],[],,,,,0,light,2017-08-29 18:00:00+00:00,,UNKNOWN,,,,UNKNOWN,UNKNOWN,,UNKNOWN,,,,,,,,,,,,,,,,,,,,,,,,,,,,,,,,False,False,UNKNOWN,False,False,2017-08-29 09:00:00+00:00,,UNKNOWN,Open-Meteo Historical Forecast,FAIL_CLOSED_NO_ISSUANCE_TIMESTAMP,29.7,69.0,0.0,8.7,NPB,2017-08-29 18:00:00,1,,,0,
2017082902,2017-08-29 18:00:00,中日ドラゴンズ,横浜DeNAベイスターズ,7.0,6.0,UNKNOWN,ナゴヤドーム,unknown,low,False,False,,,[],[],,,,,0,light,2017-08-29 18:00:00+00:00,,UNKNOWN,,,,UNKNOWN,UNKNOWN,,UNKNOWN,,,,,,,,,,,,,,,,,,,,,,,,,,,,,,,,False,False,UNKNOWN,False,False,,,,,,,,,,NPB,2017-08-29 18:00:00,1,,,0,
2017082903,2017-08-29 18:00:00,阪神タイガース,東京ヤクルトスワローズ,3.0,0.0,UNKNOWN,阪神甲子園球場,unknown,low,False,False,,,[],[],,,,,0,light,2017-08-29 18:00:00+00:00,,UNKNOWN,,,,UNKNOWN,UNKNOWN,,UNKNOWN,,,,,,,,,,,,,,,,,,,,,,,,,,,,,,,,False,False,UNKNOWN,False,False,,,,,,,,,,NPB,2017-08-29 18:00:00,1,,,0,
2017082905,2017-08-29 18:00:00,東北楽天ゴールデンイーグルス,埼玉西武ライオンズ,1.0,3.0,UNKNOWN,Koboパーク宮城,unknown,low,False,False,,,[],[],,,,,0,light,2017-08-29 18:00:00+00:00,,UNKNOWN,,,,UNKNOWN,UNKNOWN,,UNKNOWN,,,,,,,,,,,,,,,,,,,,,,,,,,,,,,,,False,False,UNKNOWN,False,False,,,,,,,,,,NPB,2017-08-29 18:00:00,1,,,0,
2017082906,2017-08-29 18:15:00,千葉ロッテマリーンズ,オリックス・バファローズ,6.0,2.0,UNKNOWN,ＺＯＺＯマリンスタジアム,unknown,low,False,False,,,[],[],,,,,0,light,2017-08-29 18:15:00+00:00,,UNKNOWN,,,,UNKNOWN,UNKNOWN,,UNKNOWN,,,,,,,,,,,,,,,,,,,,,,,,,,,,,,,,False,False,UNKNOWN,False,False,,,,,,,,,,NPB,2017-08-29 18:15:00,1,,,0,
2017083001,2017-08-30 18:00:00,読売ジャイアンツ,広島東洋カープ,6.0,4.0,UNKNOWN,東京ドーム,unknown,low,False,False,,,[],[],,,,,0,light,2017-08-30 18:00:00+00:00,,UNKNOWN,,,,UNKNOWN,UNKNOWN,,UNKNOWN,,,,,,,,,,,,,,,,,,,,,,,,,,,,,,,,False,False,UNKNOWN,False,False,2017-08-30 09:00:00+00:00,,UNKNOWN,Open-Meteo Historical Forecast,FAIL_CLOSED_NO_ISSUANCE_TIMESTAMP,26.0,80.0,0.0,7.9,NPB,2017-08-30 18:00:00,1,,,0,
2017083001,2017-08-30 18:00:00,読売ジャイアンツ,広島東洋カープ,6.0,4.0,UNKNOWN,東京ドーム,unknown,low,False,False,,,[],[],,,,,0,light,2017-08-30 18:00:00+00:00,,UNKNOWN,,,,UNKNOWN,UNKNOWN,,UNKNOWN,,,,,,,,,,,,,,,,,,,,,,,,,,,,,,,,False,False,UNKNOWN,False,False,2017-08-30 09:00:00+00:00,,UNKNOWN,Open-Meteo Historical Forecast,FAIL_CLOSED_NO_ISSUANCE_TIMESTAMP,26.0,80.0,0.0,7.9,NPB,2017-08-30 18:00:00,1,,,0,
2017083002,2017-08-30 18:00:00,中日ドラゴンズ,横浜DeNAベイスターズ,3.0,6.0,UNKNOWN,ナゴヤドーム,unknown,low,False,False,,,[],[],,,,,0,light,2017-08-30 18:00:00+00:00,,UNKNOWN,,,,UNKNOWN,UNKNOWN,,UNKNOWN,,,,,,,,,,,,,,,,,,,,,,,,,,,,,,,,False,False,UNKNOWN,False,False,,,,,,,,,,NPB,2017-08-30 18:00:00,1,,,0,
2017083003,2017-08-30 18:00:00,阪神タイガース,東京ヤクルトスワローズ,4.0,3.0,UNKNOWN,阪神甲子園球場,unknown,low,False,False,,,[],[],,,,,0,light,2017-08-30 18:00:00+00:00,,UNKNOWN,,,,UNKNOWN,UNKNOWN,,UNKNOWN,,,,,,,,,,,,,,,,,,,,,,,,,,,,,,,,False,False,UNKNOWN,False,False,,,,,,,,,,NPB,2017-08-30 18:00:00,1,,,0,
2017083004,2017-08-30 18:00:00,北海道日本ハムファイターズ,福岡ソフトバンクホークス,3.0,1.0,UNKNOWN,旭川市花咲スポーツ公園硬式野球場,unknown,low,False,False,,,[],[],,,,,0,light,2017-08-30 18:00:00+00:00,,UNKNOWN,,,,UNKNOWN,UNKNOWN,,UNKNOWN,,,,,,,,,,,,,,,,,,,,,,,,,,,,,,,,False,False,UNKNOWN,False,False,,,,,,,,,,NPB,2017-08-30 18:00:00,1,,,0,
2017083005,2017-08-30 18:00:00,東北楽天ゴールデンイーグルス,埼玉西武ライオンズ,8.0,8.0,UNKNOWN,Koboパーク宮城,unknown,low,False,False,,,[],[],,,,,0,light,2017-08-30 18:00:00+00:00,,UNKNOWN,,,,UNKNOWN,UNKNOWN,,UNKNOWN,,,,,,,,,,,,,,,,,,,,,,,,,,,,,,,,False,False,UNKNOWN,False,False,,,,,,,,,,NPB,2017-08-30 18:00:00,1,,,0,
2017083006,2017-08-30 18:15:00,千葉ロッテマリーンズ,オリックス・バファローズ,2.0,7.0,UNKNOWN,ＺＯＺＯマリンスタジアム,unknown,low,False,False,,,[],[],,,,,0,light,2017-08-30 18:15:00+00:00,,UNKNOWN,,,,UNKNOWN,UNKNOWN,,UNKNOWN,,,,,,,,,,,,,,,,,,,,,,,,,,,,,,,,False,False,UNKNOWN,False,False,,,,,,,,,,NPB,2017-08-30 18:15:00,1,,,0,
2017083101,2017-08-31 18:00:00,読売ジャイアンツ,広島東洋カープ,3.0,1.0,UNKNOWN,東京ドーム,unknown,low,False,False,,,[],[],,,,,0,light,2017-08-31 18:00:00+00:00,,UNKNOWN,,,,UNKNOWN,UNKNOWN,,UNKNOWN,,,,,,,,,,,,,,,,,,,,,,,,,,,,,,,,False,False,UNKNOWN,False,False,2017-08-31 09:00:00+00:00,,UNKNOWN,Open-Meteo Historical Forecast,FAIL_CLOSED_NO_ISSUANCE_TIMESTAMP,20.3,72.0,0.0,11.0,NPB,2017-08-31 18:00:00,1,,,0,
2017083101,2017-08-31 18:00:00,読売ジャイアンツ,広島東洋カープ,3.0,1.0,UNKNOWN,東京ドーム,unknown,low,False,False,,,[],[],,,,,0,light,2017-08-31 18:00:00+00:00,,UNKNOWN,,,,UNKNOWN,UNKNOWN,,UNKNOWN,,,,,,,,,,,,,,,,,,,,,,,,,,,,,,,,False,False,UNKNOWN,False,False,2017-08-31 09:00:00+00:00,,UNKNOWN,Open-Meteo Historical Forecast,FAIL_CLOSED_NO_ISSUANCE_TIMESTAMP,20.3,72.0,0.0,11.0,NPB,2017-08-31 18:00:00,1,,,0,
2017083102,2017-08-31 18:00:00,中日ドラゴンズ,横浜DeNAベイスターズ,4.0,2.0,UNKNOWN,ナゴヤドーム,unknown,low,False,False,,,[],[],,,,,0,light,2017-08-31 18:00:00+00:00,,UNKNOWN,,,,UNKNOWN,UNKNOWN,,UNKNOWN,,,,,,,,,,,,,,,,,,,,,,,,,,,,,,,,False,False,UNKNOWN,False,False,,,,,,,,,,NPB,2017-08-31 18:00:00,1,,,0,
2017083103,2017-08-31 18:00:00,阪神タイガース,東京ヤクルトスワローズ,1.0,0.0,UNKNOWN,阪神甲子園球場,unknown,low,False,False,,,[],[],,,,,0,light,2017-08-31 18:00:00+00:00,,UNKNOWN,,,,UNKNOWN,UNKNOWN,,UNKNOWN,,,,,,,,,,,,,,,,,,,,,,,,,,,,,,,,False,False,UNKNOWN,False,False,,,,,,,,,,NPB,2017-08-31 18:00:00,1,,,0,
2017083104,2017-08-31 18:00:00,北海道日本ハムファイターズ,福岡ソフトバンクホークス,3.0,4.0,UNKNOWN,札幌ドーム,unknown,low,False,False,,,[],[],,,,,0,light,2017-08-31 18:00:00+00:00,,UNKNOWN,,,,UNKNOWN,UNKNOWN,,UNKNOWN,,,,,,,,,,,,,,,,,,,,,,,,,,,,,,,,False,False,UNKNOWN,False,False,,,,,,,,,,NPB,2017-08-31 18:00:00,1,,,0,
2017083105,2017-08-31 18:00:00,東北楽天ゴールデンイーグルス,埼玉西武ライオンズ,2.0,6.0,UNKNOWN,Koboパーク宮城,unknown,low,False,False,,,[],[],,,,,0,light,2017-08-31 18:00:00+00:00,,UNKNOWN,,,,UNKNOWN,UNKNOWN,,UNKNOWN,,,,,,,,,,,,,,,,,,,,,,,,,,,,,,,,False,False,UNKNOWN,False,False,,,,,,,,,,NPB,2017-08-31 18:00:00,1,,,0,
2017083106,2017-08-31 19:00:00,千葉ロッテマリーンズ,オリックス・バファローズ,4.0,14.0,UNKNOWN,ＺＯＺＯマリンスタジアム,unknown,low,False,False,,,[],[],,,,,0,light,2017-08-31 19:00:00+00:00,,UNKNOWN,,,,UNKNOWN,UNKNOWN,,UNKNOWN,,,,,,,,,,,,,,,,,,,,,,,,,,,,,,,,False,False,UNKNOWN,False,False,,,,,,,,,,NPB,2017-08-31 19:00:00,1,,,0,
2017090101,2017-09-01 18:00:00,東京ヤクルトスワローズ,広島東洋カープ,2.0,3.0,UNKNOWN,明治神宮野球場,unknown,low,False,False,,,[],[],,,,,0,light,2017-09-01 18:00:00+00:00,,UNKNOWN,,,,UNKNOWN,UNKNOWN,,UNKNOWN,,,,,,,,,,,,,,,,,,,,,,,,,,,,,,,,False,False,UNKNOWN,False,False,,,,,,,,,,NPB,2017-09-01 18:00:00,1,,,0,
2017090102,2017-09-01 18:00:00,横浜DeNAベイスターズ,読売ジャイアンツ,0.0,3.0,UNKNOWN,横浜スタジアム,unknown,low,False,False,,,[],[],,,,,0,light,2017-09-01 18:00:00+00:00,,UNKNOWN,,,,UNKNOWN,UNKNOWN,,UNKNOWN,,,,,,,,,,,,,,,,,,,,,,,,,,,,,,,,False,False,UNKNOWN,False,False,,,,,,,,,,NPB,2017-09-01 18:00:00,1,,,0,
2017090103,2017-09-01 18:00:00,阪神タイガース,中日ドラゴンズ,5.0,3.0,UNKNOWN,阪神甲子園球場,unknown,low,False,False,,,[],[],,,,,0,light,2017-09-01 18:00:00+00:00,,UNKNOWN,,,,UNKNOWN,UNKNOWN,,UNKNOWN,,,,,,,,,,,,,,,,,,,,,,,,,,,,,,,,False,False,UNKNOWN,False,False,,,,,,,,,,NPB,2017-09-01 18:00:00,1,,,0,
2017090104,2017-09-01 18:00:00,オリックス・バファローズ,埼玉西武ライオンズ,2.0,7.0,UNKNOWN,ほっともっとフィールド神戸,unknown,low,False,False,,,[],[],,,,,0,light,2017-09-01 18:00:00+00:00,,UNKNOWN,,,,UNKNOWN,UNKNOWN,,UNKNOWN,,,,,,,,,,,,,,,,,,,,,,,,,,,,,,,,False,False,UNKNOWN,False,False,,,,,,,,,,NPB,2017-09-01 18:00:00,1,,,0,
2017090105,2017-09-01 18:00:00,福岡ソフトバンクホークス,東北楽天ゴールデンイーグルス,2.0,0.0,UNKNOWN,福岡 ヤフオク!ドーム,unknown,low,False,False,,,[],[],,,,,0,light,2017-09-01 18:00:00+00:00,,UNKNOWN,,,,UNKNOWN,UNKNOWN,,UNKNOWN,,,,,,,,,,,,,,,,,,,,,,,,,,,,,,,,False,False,UNKNOWN,False,False,,,,,,,,,,NPB,2017-09-01 18:00:00,1,,,0,
2017090106,2017-09-01 18:30:00,千葉ロッテマリーンズ,北海道日本ハムファイターズ,4.0,3.0,UNKNOWN,ＺＯＺＯマリンスタジアム,unknown,low,False,False,,,[],[],,,,,0,light,2017-09-01 18:30:00+00:00,,UNKNOWN,,,,UNKNOWN,UNKNOWN,,UNKNOWN,,,,,,,,,,,,,,,,,,,,,,,,,,,,,,,,False,False,UNKNOWN,False,False,,,,,,,,,,NPB,2017-09-01 18:30:00,1,,,0,
2017090205,2017-09-02 14:00:00,オリックス・バファローズ,埼玉西武ライオンズ,4.0,2.0,UNKNOWN,京セラドーム大阪,unknown,low,False,False,,,[],[],,,,,0,light,2017-09-02 14:00:00+00:00,,UNKNOWN,,,,UNKNOWN,UNKNOWN,,UNKNOWN,,,,,,,,,,,,,,,,,,,,,,,,,,,,,,,,False,False,UNKNOWN,False,False,,,,,,,,,,NPB,2017-09-02 14:00:00,1,,,0,
2017090206,2017-09-02 14:00:00,福岡ソフトバンクホークス,東北楽天ゴールデンイーグルス,3.0,1.0,UNKNOWN,福岡 ヤフオク!ドーム,unknown,low,False,False,,,[],[],,,,,0,light,2017-09-02 14:00:00+00:00,,UNKNOWN,,,,UNKNOWN,UNKNOWN,,UNKNOWN,,,,,,,,,,,,,,,,,,,,,,,,,,,,,,,,False,False,UNKNOWN,False,False,,,,,,,,,,NPB,2017-09-02 14:00:00,1,,,0,
2017090201,2017-09-02 17:00:00,東京ヤクルトスワローズ,広島東洋カープ,1.0,3.0,UNKNOWN,明治神宮野球場,unknown,low,False,False,,,[],[],,,,,0,light,2017-09-02 17:00:00+00:00,,UNKNOWN,,,,UNKNOWN,UNKNOWN,,UNKNOWN,,,,,,,,,,,,,,,,,,,,,,,,,,,,,,,,False,False,UNKNOWN,False,False,,,,,,,,,,NPB,2017-09-02 17:00:00,1,,,0,
2017090204,2017-09-02 17:00:00,千葉ロッテマリーンズ,北海道日本ハムファイターズ,3.0,0.0,UNKNOWN,ＺＯＺＯマリンスタジアム,unknown,low,False,False,,,[],[],,,,,0,light,2017-09-02 17:00:00+00:00,,UNKNOWN,,,,UNKNOWN,UNKNOWN,,UNKNOWN,,,,,,,,,,,,,,,,,,,,,,,,,,,,,,,,False,False,UNKNOWN,False,False,,,,,,,,,,NPB,2017-09-02 17:00:00,1,,,0,
2017090202,2017-09-02 18:00:00,横浜DeNAベイスターズ,読売ジャイアンツ,1.0,3.0,UNKNOWN,横浜スタジアム,unknown,low,False,False,,,[],[],,,,,0,light,2017-09-02 18:00:00+00:00,,UNKNOWN,,,,UNKNOWN,UNKNOWN,,UNKNOWN,,,,,,,,,,,,,,,,,,,,,,,,,,,,,,,,False,False,UNKNOWN,False,False,,,,,,,,,,NPB,2017-09-02 18:00:00,1,,,0,
2017090203,2017-09-02 18:00:00,阪神タイガース,中日ドラゴンズ,9.0,2.0,UNKNOWN,阪神甲子園球場,unknown,low,False,False,,,[],[],,,,,0,light,2017-09-02 18:00:00+00:00,,UNKNOWN,,,,UNKNOWN,UNKNOWN,,UNKNOWN,,,,,,,,,,,,,,,,,,,,,,,,,,,,,,,,False,False,UNKNOWN,False,False,,,,,,,,,,NPB,2017-09-02 18:00:00,1,,,0,
2017090305,2017-09-03 13:00:00,オリックス・バファローズ,埼玉西武ライオンズ,11.0,6.0,UNKNOWN,京セラドーム大阪,unknown,low,False,False,,,[],[],,,,,0,light,2017-09-03 13:00:00+00:00,,UNKNOWN,,,,UNKNOWN,UNKNOWN,,UNKNOWN,,,,,,,,,,,,,,,,,,,,,,,,,,,,,,,,False,False,UNKNOWN,False,False,,,,,,,,,,NPB,2017-09-03 13:00:00,1,,,0,
2017090306,2017-09-03 13:00:00,福岡ソフトバンクホークス,東北楽天ゴールデンイーグルス,1.0,0.0,UNKNOWN,福岡 ヤフオク!ドーム,unknown,low,False,False,,,[],[],,,,,0,light,2017-09-03 13:00:00+00:00,,UNKNOWN,,,,UNKNOWN,UNKNOWN,,UNKNOWN,,,,,,,,,,,,,,,,,,,,,,,,,,,,,,,,False,False,UNKNOWN,False,False,,,,,,,,,,NPB,2017-09-03 13:00:00,1,,,0,
2017090301,2017-09-03 17:00:00,東京ヤクルトスワローズ,広島東洋カープ,2.0,9.0,UNKNOWN,明治神宮野球場,unknown,low,False,False,,,[],[],,,,,0,light,2017-09-03 17:00:00+00:00,,UNKNOWN,,,,UNKNOWN,UNKNOWN,,UNKNOWN,,,,,,,,,,,,,,,,,,,,,,,,,,,,,,,,False,False,UNKNOWN,False,False,,,,,,,,,,NPB,2017-09-03 17:00:00,1,,,0,
2017090304,2017-09-03 17:00:00,千葉ロッテマリーンズ,北海道日本ハムファイターズ,2.0,5.0,UNKNOWN,ＺＯＺＯマリンスタジアム,unknown,low,False,False,,,[],[],,,,,0,light,2017-09-03 17:00:00+00:00,,UNKNOWN,,,,UNKNOWN,UNKNOWN,,UNKNOWN,,,,,,,,,,,,,,,,,,,,,,,,,,,,,,,,False,False,UNKNOWN,False,False,,,,,,,,,,NPB,2017-09-03 17:00:00,1,,,0,
2017090302,2017-09-03 18:00:00,横浜DeNAベイスターズ,読売ジャイアンツ,1.0,0.0,UNKNOWN,横浜スタジアム,unknown,low,False,False,,,[],[],,,,,0,light,2017-09-03 18:00:00+00:00,,UNKNOWN,,,,UNKNOWN,UNKNOWN,,UNKNOWN,,,,,,,,,,,,,,,,,,,,,,,,,,,,,,,,False,False,UNKNOWN,False,False,,,,,,,,,,NPB,2017-09-03 18:00:00,1,,,0,
2017090303,2017-09-03 18:00:00,阪神タイガース,中日ドラゴンズ,2.0,4.0,UNKNOWN,阪神甲子園球場,unknown,low,False,False,,,[],[],,,,,0,light,2017-09-03 18:00:00+00:00,,UNKNOWN,,,,UNKNOWN,UNKNOWN,,UNKNOWN,,,,,,,,,,,,,,,,,,,,,,,,,,,,,,,,False,False,UNKNOWN,False,False,,,,,,,,,,NPB,2017-09-03 18:00:00,1,,,0,
2017090501,2017-09-05 18:00:00,読売ジャイアンツ,中日ドラゴンズ,11.0,8.0,UNKNOWN,松本市野球場,unknown,low,False,False,,,[],[],,,,,0,light,2017-09-05 18:00:00+00:00,,UNKNOWN,,,,UNKNOWN,UNKNOWN,,UNKNOWN,,,,,,,,,,,,,,,,,,,,,,,,,,,,,,,,False,False,UNKNOWN,False,False,,,,,,,,,,NPB,2017-09-05 18:00:00,1,,,0,
2017090502,2017-09-05 18:00:00,横浜DeNAベイスターズ,東京ヤクルトスワローズ,4.0,0.0,UNKNOWN,横浜スタジアム,unknown,low,False,False,,,[],[],,,,,0,light,2017-09-05 18:00:00+00:00,,UNKNOWN,,,,UNKNOWN,UNKNOWN,,UNKNOWN,,,,,,,,,,,,,,,,,,,,,,,,,,,,,,,,False,False,UNKNOWN,False,False,,,,,,,,,,NPB,2017-09-05 18:00:00,1,,,0,
2017090503,2017-09-05 18:00:00,広島東洋カープ,阪神タイガース,8.0,7.0,UNKNOWN,ＭＡＺＤＡ　Ｚｏｏｍ－Ｚｏｏｍ　スタジアム広島,unknown,low,False,False,,,[],[],,,,,0,light,2017-09-05 18:00:00+00:00,,UNKNOWN,,,,UNKNOWN,UNKNOWN,,UNKNOWN,,,,,,,,,,,,,,,,,,,,,,,,,,,,,,,,False,False,UNKNOWN,False,False,,,,,,,,,,NPB,2017-09-05 18:00:00,1,,,0,
2017090504,2017-09-05 18:00:00,北海道日本ハムファイターズ,東北楽天ゴールデンイーグルス,1.0,6.0,UNKNOWN,富山市民球場アルペンスタジアム,unknown,low,False,False,,,[],[],,,,,0,light,2017-09-05 18:00:00+00:00,,UNKNOWN,,,,UNKNOWN,UNKNOWN,,UNKNOWN,,,,,,,,,,,,,,,,,,,,,,,,,,,,,,,,False,False,UNKNOWN,False,False,,,,,,,,,,NPB,2017-09-05 18:00:00,1,,,0,
2017090505,2017-09-05 18:00:00,埼玉西武ライオンズ,千葉ロッテマリーンズ,5.0,2.0,UNKNOWN,メットライフドーム,unknown,low,False,False,,,[],[],,,,,0,light,2017-09-05 18:00:00+00:00,,UNKNOWN,,,,UNKNOWN,UNKNOWN,,UNKNOWN,,,,,,,,,,,,,,,,,,,,,,,,,,,,,,,,False,False,UNKNOWN,False,False,,,,,,,,,,NPB,2017-09-05 18:00:00,1,,,0,
2017090506,2017-09-05 18:00:00,オリックス・バファローズ,福岡ソフトバンクホークス,5.0,6.0,UNKNOWN,京セラドーム大阪,unknown,low,False,False,,,[],[],,,,,0,light,2017-09-05 18:00:00+00:00,,UNKNOWN,,,,UNKNOWN,UNKNOWN,,UNKNOWN,,,,,,,,,,,,,,,,,,,,,,,,,,,,,,,,False,False,UNKNOWN,False,False,,,,,,,,,,NPB,2017-09-05 18:00:00,1,,,0,
2017090601,2017-09-06 18:00:00,読売ジャイアンツ,中日ドラゴンズ,0.0,4.0,UNKNOWN,上毛新聞敷島球場,unknown,low,False,False,,,[],[],,,,,0,light,2017-09-06 18:00:00+00:00,,UNKNOWN,,,,UNKNOWN,UNKNOWN,,UNKNOWN,,,,,,,,,,,,,,,,,,,,,,,,,,,,,,,,False,False,UNKNOWN,False,False,,,,,,,,,,NPB,2017-09-06 18:00:00,1,,,0,
2017090602,2017-09-06 18:00:00,横浜DeNAベイスターズ,東京ヤクルトスワローズ,1.0,0.0,UNKNOWN,横浜スタジアム,unknown,low,False,False,,,[],[],,,,,0,light,2017-09-06 18:00:00+00:00,,UNKNOWN,,,,UNKNOWN,UNKNOWN,,UNKNOWN,,,,,,,,,,,,,,,,,,,,,,,,,,,,,,,,False,False,UNKNOWN,False,False,,,,,,,,,,NPB,2017-09-06 18:00:00,1,,,0,
2017090603,2017-09-06 18:00:00,広島東洋カープ,阪神タイガース,4.0,3.0,UNKNOWN,ＭＡＺＤＡ　Ｚｏｏｍ－Ｚｏｏｍ　スタジアム広島,unknown,low,False,False,,,[],[],,,,,0,light,2017-09-06 18:00:00+00:00,,UNKNOWN,,,,UNKNOWN,UNKNOWN,,UNKNOWN,,,,,,,,,,,,,,,,,,,,,,,,,,,,,,,,False,False,UNKNOWN,False,False,,,,,,,,,,NPB,2017-09-06 18:00:00,1,,,0,
2017090604,2017-09-06 18:00:00,埼玉西武ライオンズ,千葉ロッテマリーンズ,7.0,8.0,UNKNOWN,メットライフドーム,unknown,low,False,False,,,[],[],,,,,0,light,2017-09-06 18:00:00+00:00,,UNKNOWN,,,,UNKNOWN,UNKNOWN,,UNKNOWN,,,,,,,,,,,,,,,,,,,,,,,,,,,,,,,,False,False,UNKNOWN,False,False,,,,,,,,,,NPB,2017-09-06 18:00:00,1,,,0,
2017090605,2017-09-06 18:00:00,オリックス・バファローズ,福岡ソフトバンクホークス,0.0,8.0,UNKNOWN,ほっともっとフィールド神戸,unknown,low,False,False,,,[],[],,,,,0,light,2017-09-06 18:00:00+00:00,,UNKNOWN,,,,UNKNOWN,UNKNOWN,,UNKNOWN,,,,,,,,,,,,,,,,,,,,,,,,,,,,,,,,False,False,UNKNOWN,False,False,,,,,,,,,,NPB,2017-09-06 18:00:00,1,,,0,
2017090701,2017-09-07 18:00:00,横浜DeNAベイスターズ,東京ヤクルトスワローズ,1.0,11.0,UNKNOWN,横浜スタジアム,unknown,low,False,False,,,[],[],,,,,0,light,2017-09-07 18:00:00+00:00,,UNKNOWN,,,,UNKNOWN,UNKNOWN,,UNKNOWN,,,,,,,,,,,,,,,,,,,,,,,,,,,,,,,,False,False,UNKNOWN,False,False,,,,,,,,,,NPB,2017-09-07 18:00:00,1,,,0,
2017090702,2017-09-07 18:00:00,広島東洋カープ,阪神タイガース,6.0,4.0,UNKNOWN,ＭＡＺＤＡ　Ｚｏｏｍ－Ｚｏｏｍ　スタジアム広島,unknown,low,False,False,,,[],[],,,,,0,light,2017-09-07 18:00:00+00:00,,UNKNOWN,,,,UNKNOWN,UNKNOWN,,UNKNOWN,,,,,,,,,,,,,,,,,,,,,,,,,,,,,,,,False,False,UNKNOWN,False,False,,,,,,,,,,NPB,2017-09-07 18:00:00,1,,,0,
2017090703,2017-09-07 18:00:00,北海道日本ハムファイターズ,東北楽天ゴールデンイーグルス,4.0,6.0,UNKNOWN,東京ドーム,unknown,low,False,False,,,[],[],,,,,0,light,2017-09-07 18:00:00+00:00,,UNKNOWN,,,,UNKNOWN,UNKNOWN,,UNKNOWN,,,,,,,,,,,,,,,,,,,,,,,,,,,,,,,,False,False,UNKNOWN,False,False,2017-09-07 09:00:00+00:00,,UNKNOWN,Open-Meteo Historical Forecast,FAIL_CLOSED_NO_ISSUANCE_TIMESTAMP,24.8,82.0,0.0,2.9,NPB,2017-09-07 18:00:00,1,,,0,
2017090703,2017-09-07 18:00:00,北海道日本ハムファイターズ,東北楽天ゴールデンイーグルス,4.0,6.0,UNKNOWN,東京ドーム,unknown,low,False,False,,,[],[],,,,,0,light,2017-09-07 18:00:00+00:00,,UNKNOWN,,,,UNKNOWN,UNKNOWN,,UNKNOWN,,,,,,,,,,,,,,,,,,,,,,,,,,,,,,,,False,False,UNKNOWN,False,False,2017-09-07 09:00:00+00:00,,UNKNOWN,Open-Meteo Historical Forecast,FAIL_CLOSED_NO_ISSUANCE_TIMESTAMP,24.8,82.0,0.0,2.9,NPB,2017-09-07 18:00:00,1,,,0,
2017090704,2017-09-07 18:00:00,埼玉西武ライオンズ,千葉ロッテマリーンズ,3.0,0.0,UNKNOWN,メットライフドーム,unknown,low,False,False,,,[],[],,,,,0,light,2017-09-07 18:00:00+00:00,,UNKNOWN,,,,UNKNOWN,UNKNOWN,,UNKNOWN,,,,,,,,,,,,,,,,,,,,,,,,,,,,,,,,False,False,UNKNOWN,False,False,,,,,,,,,,NPB,2017-09-07 18:00:00,1,,,0,
2017090801,2017-09-08 18:00:00,読売ジャイアンツ,東京ヤクルトスワローズ,4.0,1.0,UNKNOWN,東京ドーム,unknown,low,False,False,,,[],[],,,,,0,light,2017-09-08 18:00:00+00:00,,UNKNOWN,,,,UNKNOWN,UNKNOWN,,UNKNOWN,,,,,,,,,,,,,,,,,,,,,,,,,,,,,,,,False,False,UNKNOWN,False,False,2017-09-08 09:00:00+00:00,,UNKNOWN,Open-Meteo Historical Forecast,FAIL_CLOSED_NO_ISSUANCE_TIMESTAMP,26.3,64.0,0.0,5.8,NPB,2017-09-08 18:00:00,1,,,0,
2017090801,2017-09-08 18:00:00,読売ジャイアンツ,東京ヤクルトスワローズ,4.0,1.0,UNKNOWN,東京ドーム,unknown,low,False,False,,,[],[],,,,,0,light,2017-09-08 18:00:00+00:00,,UNKNOWN,,,,UNKNOWN,UNKNOWN,,UNKNOWN,,,,,,,,,,,,,,,,,,,,,,,,,,,,,,,,False,False,UNKNOWN,False,False,2017-09-08 09:00:00+00:00,,UNKNOWN,Open-Meteo Historical Forecast,FAIL_CLOSED_NO_ISSUANCE_TIMESTAMP,26.3,64.0,0.0,5.8,NPB,2017-09-08 18:00:00,1,,,0,
2017090802,2017-09-08 18:00:00,中日ドラゴンズ,広島東洋カープ,0.0,3.0,UNKNOWN,ナゴヤドーム,unknown,low,False,False,,,[],[],,,,,0,light,2017-09-08 18:00:00+00:00,,UNKNOWN,,,,UNKNOWN,UNKNOWN,,UNKNOWN,,,,,,,,,,,,,,,,,,,,,,,,,,,,,,,,False,False,UNKNOWN,False,False,,,,,,,,,,NPB,2017-09-08 18:00:00,1,,,0,
2017090803,2017-09-08 18:00:00,阪神タイガース,横浜DeNAベイスターズ,8.0,3.0,UNKNOWN,阪神甲子園球場,unknown,low,False,False,,,[],[],,,,,0,light,2017-09-08 18:00:00+00:00,,UNKNOWN,,,,UNKNOWN,UNKNOWN,,UNKNOWN,,,,,,,,,,,,,,,,,,,,,,,,,,,,,,,,False,False,UNKNOWN,False,False,,,,,,,,,,NPB,2017-09-08 18:00:00,1,,,0,
2017090804,2017-09-08 18:00:00,東北楽天ゴールデンイーグルス,オリックス・バファローズ,2.0,4.0,UNKNOWN,Koboパーク宮城,unknown,low,False,False,,,[],[],,,,,0,light,2017-09-08 18:00:00+00:00,,UNKNOWN,,,,UNKNOWN,UNKNOWN,,UNKNOWN,,,,,,,,,,,,,,,,,,,,,,,,,,,,,,,,False,False,UNKNOWN,False,False,,,,,,,,,,NPB,2017-09-08 18:00:00,1,,,0,
2017090805,2017-09-08 18:00:00,埼玉西武ライオンズ,北海道日本ハムファイターズ,2.0,9.0,UNKNOWN,メットライフドーム,unknown,low,False,False,,,[],[],,,,,0,light,2017-09-08 18:00:00+00:00,,UNKNOWN,,,,UNKNOWN,UNKNOWN,,UNKNOWN,,,,,,,,,,,,,,,,,,,,,,,,,,,,,,,,False,False,UNKNOWN,False,False,,,,,,,,,,NPB,2017-09-08 18:00:00,1,,,0,
2017090806,2017-09-08 18:30:00,千葉ロッテマリーンズ,福岡ソフトバンクホークス,4.0,6.0,UNKNOWN,ＺＯＺＯマリンスタジアム,unknown,low,False,False,,,[],[],,,,,0,light,2017-09-08 18:30:00+00:00,,UNKNOWN,,,,UNKNOWN,UNKNOWN,,UNKNOWN,,,,,,,,,,,,,,,,,,,,,,,,,,,,,,,,False,False,UNKNOWN,False,False,,,,,,,,,,NPB,2017-09-08 18:30:00,1,,,0,
2017090901,2017-09-09 14:00:00,読売ジャイアンツ,東京ヤクルトスワローズ,0.0,4.0,UNKNOWN,東京ドーム,unknown,low,False,False,,,[],[],,,,,0,light,2017-09-09 14:00:00+00:00,,UNKNOWN,,,,UNKNOWN,UNKNOWN,,UNKNOWN,,,,,,,,,,,,,,,,,,,,,,,,,,,,,,,,False,False,UNKNOWN,False,False,2017-09-09 05:00:00+00:00,,UNKNOWN,Open-Meteo Historical Forecast,FAIL_CLOSED_NO_ISSUANCE_TIMESTAMP,28.2,49.0,0.0,6.6,NPB,2017-09-09 14:00:00,1,,,0,
2017090901,2017-09-09 14:00:00,読売ジャイアンツ,東京ヤクルトスワローズ,0.0,4.0,UNKNOWN,東京ドーム,unknown,low,False,False,,,[],[],,,,,0,light,2017-09-09 14:00:00+00:00,,UNKNOWN,,,,UNKNOWN,UNKNOWN,,UNKNOWN,,,,,,,,,,,,,,,,,,,,,,,,,,,,,,,,False,False,UNKNOWN,False,False,2017-09-09 05:00:00+00:00,,UNKNOWN,Open-Meteo Historical Forecast,FAIL_CLOSED_NO_ISSUANCE_TIMESTAMP,28.2,49.0,0.0,6.6,NPB,2017-09-09 14:00:00,1,,,0,
2017090902,2017-09-09 14:00:00,中日ドラゴンズ,広島東洋カープ,5.0,9.0,UNKNOWN,ナゴヤドーム,unknown,low,False,False,,,[],[],,,,,0,light,2017-09-09 14:00:00+00:00,,UNKNOWN,,,,UNKNOWN,UNKNOWN,,UNKNOWN,,,,,,,,,,,,,,,,,,,,,,,,,,,,,,,,False,False,UNKNOWN,False,False,,,,,,,,,,NPB,2017-09-09 14:00:00,1,,,0,
2017090904,2017-09-09 14:00:00,東北楽天ゴールデンイーグルス,オリックス・バファローズ,3.0,5.0,UNKNOWN,Koboパーク宮城,unknown,low,False,False,,,[],[],,,,,0,light,2017-09-09 14:00:00+00:00,,UNKNOWN,,,,UNKNOWN,UNKNOWN,,UNKNOWN,,,,,,,,,,,,,,,,,,,,,,,,,,,,,,,,False,False,UNKNOWN,False,False,,,,,,,,,,NPB,2017-09-09 14:00:00,1,,,0,
2017090905,2017-09-09 14:00:00,埼玉西武ライオンズ,北海道日本ハムファイターズ,0.0,1.0,UNKNOWN,メットライフドーム,unknown,low,False,False,,,[],[],,,,,0,light,2017-09-09 14:00:00+00:00,,UNKNOWN,,,,UNKNOWN,UNKNOWN,,UNKNOWN,,,,,,,,,,,,,,,,,,,,,,,,,,,,,,,,False,False,UNKNOWN,False,False,,,,,,,,,,NPB,2017-09-09 14:00:00,1,,,0,
2017090906,2017-09-09 14:00:00,千葉ロッテマリーンズ,福岡ソフトバンクホークス,1.0,2.0,UNKNOWN,ＺＯＺＯマリンスタジアム,unknown,low,False,False,,,[],[],,,,,0,light,2017-09-09 14:00:00+00:00,,UNKNOWN,,,,UNKNOWN,UNKNOWN,,UNKNOWN,,,,,,,,,,,,,,,,,,,,,,,,,,,,,,,,False,False,UNKNOWN,False,False,,,,,,,,,,NPB,2017-09-09 14:00:00,1,,,0,
2017090903,2017-09-09 18:00:00,阪神タイガース,横浜DeNAベイスターズ,2.0,1.0,UNKNOWN,阪神甲子園球場,unknown,low,False,False,,,[],[],,,,,0,light,2017-09-09 18:00:00+00:00,,UNKNOWN,,,,UNKNOWN,UNKNOWN,,UNKNOWN,,,,,,,,,,,,,,,,,,,,,,,,,,,,,,,,False,False,UNKNOWN,False,False,,,,,,,,,,NPB,2017-09-09 18:00:00,1,,,0,
2017091004,2017-09-10 13:00:00,東北楽天ゴールデンイーグルス,オリックス・バファローズ,2.0,1.0,UNKNOWN,Koboパーク宮城,unknown,low,False,False,,,[],[],,,,,0,light,2017-09-10 13:00:00+00:00,,UNKNOWN,,,,UNKNOWN,UNKNOWN,,UNKNOWN,,,,,,,,,,,,,,,,,,,,,,,,,,,,,,,,False,False,UNKNOWN,False,False,,,,,,,,,,NPB,2017-09-10 13:00:00,1,,,0,
2017091005,2017-09-10 13:00:00,埼玉西武ライオンズ,北海道日本ハムファイターズ,8.0,7.0,UNKNOWN,メットライフドーム,unknown,low,False,False,,,[],[],,,,,0,light,2017-09-10 13:00:00+00:00,,UNKNOWN,,,,UNKNOWN,UNKNOWN,,UNKNOWN,,,,,,,,,,,,,,,,,,,,,,,,,,,,,,,,False,False,UNKNOWN,False,False,,,,,,,,,,NPB,2017-09-10 13:00:00,1,,,0,
2017091001,2017-09-10 14:00:00,読売ジャイアンツ,東京ヤクルトスワローズ,6.0,1.0,UNKNOWN,東京ドーム,unknown,low,False,False,,,[],[],,,,,0,light,2017-09-10 14:00:00+00:00,,UNKNOWN,,,,UNKNOWN,UNKNOWN,,UNKNOWN,,,,,,,,,,,,,,,,,,,,,,,,,,,,,,,,False,False,UNKNOWN,False,False,2017-09-10 05:00:00+00:00,,UNKNOWN,Open-Meteo Historical Forecast,FAIL_CLOSED_NO_ISSUANCE_TIMESTAMP,28.4,55.0,0.0,9.8,NPB,2017-09-10 14:00:00,1,,,0,
2017091001,2017-09-10 14:00:00,読売ジャイアンツ,東京ヤクルトスワローズ,6.0,1.0,UNKNOWN,東京ドーム,unknown,low,False,False,,,[],[],,,,,0,light,2017-09-10 14:00:00+00:00,,UNKNOWN,,,,UNKNOWN,UNKNOWN,,UNKNOWN,,,,,,,,,,,,,,,,,,,,,,,,,,,,,,,,False,False,UNKNOWN,False,False,2017-09-10 05:00:00+00:00,,UNKNOWN,Open-Meteo Historical Forecast,FAIL_CLOSED_NO_ISSUANCE_TIMESTAMP,28.4,55.0,0.0,9.8,NPB,2017-09-10 14:00:00,1,,,0,
2017091002,2017-09-10 14:00:00,中日ドラゴンズ,広島東洋カープ,3.0,4.0,UNKNOWN,ナゴヤドーム,unknown,low,False,False,,,[],[],,,,,0,light,2017-09-10 14:00:00+00:00,,UNKNOWN,,,,UNKNOWN,UNKNOWN,,UNKNOWN,,,,,,,,,,,,,,,,,,,,,,,,,,,,,,,,False,False,UNKNOWN,False,False,,,,,,,,,,NPB,2017-09-10 14:00:00,1,,,0,
2017091006,2017-09-10 14:00:00,千葉ロッテマリーンズ,福岡ソフトバンクホークス,3.0,6.0,UNKNOWN,ＺＯＺＯマリンスタジアム,unknown,low,False,False,,,[],[],,,,,0,light,2017-09-10 14:00:00+00:00,,UNKNOWN,,,,UNKNOWN,UNKNOWN,,UNKNOWN,,,,,,,,,,,,,,,,,,,,,,,,,,,,,,,,False,False,UNKNOWN,False,False,,,,,,,,,,NPB,2017-09-10 14:00:00,1,,,0,
2017091003,2017-09-10 18:00:00,阪神タイガース,横浜DeNAベイスターズ,7.0,6.0,UNKNOWN,阪神甲子園球場,unknown,low,False,False,,,[],[],,,,,0,light,2017-09-10 18:00:00+00:00,,UNKNOWN,,,,UNKNOWN,UNKNOWN,,UNKNOWN,,,,,,,,,,,,,,,,,,,,,,,,,,,,,,,,False,False,UNKNOWN,False,False,,,,,,,,,,NPB,2017-09-10 18:00:00,1,,,0,
2017091201,2017-09-12 18:00:00,東京ヤクルトスワローズ,中日ドラゴンズ,1.0,8.0,UNKNOWN,明治神宮野球場,unknown,low,False,False,,,[],[],,,,,0,light,2017-09-12 18:00:00+00:00,,UNKNOWN,,,,UNKNOWN,UNKNOWN,,UNKNOWN,,,,,,,,,,,,,,,,,,,,,,,,,,,,,,,,False,False,UNKNOWN,False,False,,,,,,,,,,NPB,2017-09-12 18:00:00,1,,,0,
2017091202,2017-09-12 18:00:00,阪神タイガース,読売ジャイアンツ,5.0,5.0,UNKNOWN,阪神甲子園球場,unknown,low,False,False,,,[],[],,,,,0,light,2017-09-12 18:00:00+00:00,,UNKNOWN,,,,UNKNOWN,UNKNOWN,,UNKNOWN,,,,,,,,,,,,,,,,,,,,,,,,,,,,,,,,False,False,UNKNOWN,False,False,,,,,,,,,,NPB,2017-09-12 18:00:00,1,,,0,
2017091203,2017-09-12 18:00:00,広島東洋カープ,横浜DeNAベイスターズ,1.0,3.0,UNKNOWN,ＭＡＺＤＡ　Ｚｏｏｍ－Ｚｏｏｍ　スタジアム広島,unknown,low,False,False,,,[],[],,,,,0,light,2017-09-12 18:00:00+00:00,,UNKNOWN,,,,UNKNOWN,UNKNOWN,,UNKNOWN,,,,,,,,,,,,,,,,,,,,,,,,,,,,,,,,False,False,UNKNOWN,False,False,,,,,,,,,,NPB,2017-09-12 18:00:00,1,,,0,
2017091204,2017-09-12 18:00:00,北海道日本ハムファイターズ,東北楽天ゴールデンイーグルス,7.0,0.0,UNKNOWN,札幌ドーム,unknown,low,False,False,,,[],[],,,,,0,light,2017-09-12 18:00:00+00:00,,UNKNOWN,,,,UNKNOWN,UNKNOWN,,UNKNOWN,,,,,,,,,,,,,,,,,,,,,,,,,,,,,,,,False,False,UNKNOWN,False,False,,,,,,,,,,NPB,2017-09-12 18:00:00,1,,,0,
2017091205,2017-09-12 18:15:00,千葉ロッテマリーンズ,オリックス・バファローズ,7.0,5.0,UNKNOWN,ＺＯＺＯマリンスタジアム,unknown,low,False,False,,,[],[],,,,,0,light,2017-09-12 18:15:00+00:00,,UNKNOWN,,,,UNKNOWN,UNKNOWN,,UNKNOWN,,,,,,,,,,,,,,,,,,,,,,,,,,,,,,,,False,False,UNKNOWN,False,False,,,,,,,,,,NPB,2017-09-12 18:15:00,1,,,0,
2017091301,2017-09-13 18:00:00,東京ヤクルトスワローズ,中日ドラゴンズ,2.0,1.0,UNKNOWN,明治神宮野球場,unknown,low,False,False,,,[],[],,,,,0,light,2017-09-13 18:00:00+00:00,,UNKNOWN,,,,UNKNOWN,UNKNOWN,,UNKNOWN,,,,,,,,,,,,,,,,,,,,,,,,,,,,,,,,False,False,UNKNOWN,False,False,,,,,,,,,,NPB,2017-09-13 18:00:00,1,,,0,
2017091302,2017-09-13 18:00:00,阪神タイガース,読売ジャイアンツ,2.0,7.0,UNKNOWN,阪神甲子園球場,unknown,low,False,False,,,[],[],,,,,0,light,2017-09-13 18:00:00+00:00,,UNKNOWN,,,,UNKNOWN,UNKNOWN,,UNKNOWN,,,,,,,,,,,,,,,,,,,,,,,,,,,,,,,,False,False,UNKNOWN,False,False,,,,,,,,,,NPB,2017-09-13 18:00:00,1,,,0,
2017091303,2017-09-13 18:00:00,広島東洋カープ,横浜DeNAベイスターズ,12.0,4.0,UNKNOWN,ＭＡＺＤＡ　Ｚｏｏｍ－Ｚｏｏｍ　スタジアム広島,unknown,low,False,False,,,[],[],,,,,0,light,2017-09-13 18:00:00+00:00,,UNKNOWN,,,,UNKNOWN,UNKNOWN,,UNKNOWN,,,,,,,,,,,,,,,,,,,,,,,,,,,,,,,,False,False,UNKNOWN,False,False,,,,,,,,,,NPB,2017-09-13 18:00:00,1,,,0,
2017091304,2017-09-13 18:00:00,北海道日本ハムファイターズ,千葉ロッテマリーンズ,1.0,4.0,UNKNOWN,札幌ドーム,unknown,low,False,False,,,[],[],,,,,0,light,2017-09-13 18:00:00+00:00,,UNKNOWN,,,,UNKNOWN,UNKNOWN,,UNKNOWN,,,,,,,,,,,,,,,,,,,,,,,,,,,,,,,,False,False,UNKNOWN,False,False,,,,,,,,,,NPB,2017-09-13 18:00:00,1,,,0,
2017091305,2017-09-13 18:00:00,東北楽天ゴールデンイーグルス,埼玉西武ライオンズ,3.0,7.0,UNKNOWN,Koboパーク宮城,unknown,low,False,False,,,[],[],,,,,0,light,2017-09-13 18:00:00+00:00,,UNKNOWN,,,,UNKNOWN,UNKNOWN,,UNKNOWN,,,,,,,,,,,,,,,,,,,,,,,,,,,,,,,,False,False,UNKNOWN,False,False,,,,,,,,,,NPB,2017-09-13 18:00:00,1,,,0,
2017091306,2017-09-13 18:00:00,福岡ソフトバンクホークス,オリックス・バファローズ,2.0,5.0,UNKNOWN,福岡 ヤフオク!ドーム,unknown,low,False,False,,,[],[],,,,,0,light,2017-09-13 18:00:00+00:00,,UNKNOWN,,,,UNKNOWN,UNKNOWN,,UNKNOWN,,,,,,,,,,,,,,,,,,,,,,,,,,,,,,,,False,False,UNKNOWN,False,False,,,,,,,,,,NPB,2017-09-13 18:00:00,1,,,0,
2017091401,2017-09-14 18:00:00,東京ヤクルトスワローズ,中日ドラゴンズ,1.0,2.0,UNKNOWN,明治神宮野球場,unknown,low,False,False,,,[],[],,,,,0,light,2017-09-14 18:00:00+00:00,,UNKNOWN,,,,UNKNOWN,UNKNOWN,,UNKNOWN,,,,,,,,,,,,,,,,,,,,,,,,,,,,,,,,False,False,UNKNOWN,False,False,,,,,,,,,,NPB,2017-09-14 18:00:00,1,,,0,
2017091402,2017-09-14 18:00:00,阪神タイガース,読売ジャイアンツ,2.0,2.0,UNKNOWN,阪神甲子園球場,unknown,low,False,False,,,[],[],,,,,0,light,2017-09-14 18:00:00+00:00,,UNKNOWN,,,,UNKNOWN,UNKNOWN,,UNKNOWN,,,,,,,,,,,,,,,,,,,,,,,,,,,,,,,,False,False,UNKNOWN,False,False,,,,,,,,,,NPB,2017-09-14 18:00:00,1,,,0,
2017091403,2017-09-14 18:00:00,広島東洋カープ,横浜DeNAベイスターズ,5.0,4.0,UNKNOWN,ＭＡＺＤＡ　Ｚｏｏｍ－Ｚｏｏｍ　スタジアム広島,unknown,low,False,False,,,[],[],,,,,0,light,2017-09-14 18:00:00+00:00,,UNKNOWN,,,,UNKNOWN,UNKNOWN,,UNKNOWN,,,,,,,,,,,,,,,,,,,,,,,,,,,,,,,,False,False,UNKNOWN,False,False,,,,,,,,,,NPB,2017-09-14 18:00:00,1,,,0,
2017091404,2017-09-14 18:00:00,北海道日本ハムファイターズ,千葉ロッテマリーンズ,4.0,6.0,UNKNOWN,札幌ドーム,unknown,low,False,False,,,[],[],,,,,0,light,2017-09-14 18:00:00+00:00,,UNKNOWN,,,,UNKNOWN,UNKNOWN,,UNKNOWN,,,,,,,,,,,,,,,,,,,,,,,,,,,,,,,,False,False,UNKNOWN,False,False,,,,,,,,,,NPB,2017-09-14 18:00:00,1,,,0,
2017091405,2017-09-14 18:00:00,福岡ソフトバンクホークス,オリックス・バファローズ,7.0,4.0,UNKNOWN,福岡 ヤフオク!ドーム,unknown,low,False,False,,,[],[],,,,,0,light,2017-09-14 18:00:00+00:00,,UNKNOWN,,,,UNKNOWN,UNKNOWN,,UNKNOWN,,,,,,,,,,,,,,,,,,,,,,,,,,,,,,,,False,False,UNKNOWN,False,False,,,,,,,,,,NPB,2017-09-14 18:00:00,1,,,0,
2017091406,2017-09-14 18:00:00,東北楽天ゴールデンイーグルス,埼玉西武ライオンズ,1.0,2.0,UNKNOWN,Koboパーク宮城,unknown,low,False,False,,,[],[],,,,,0,light,2017-09-14 18:00:00+00:00,,UNKNOWN,,,,UNKNOWN,UNKNOWN,,UNKNOWN,,,,,,,,,,,,,,,,,,,,,,,,,,,,,,,,False,False,UNKNOWN,False,False,,,,,,,,,,NPB,2017-09-14 18:00:00,1,,,0,
2017091603,2017-09-16 14:00:00,広島東洋カープ,東京ヤクルトスワローズ,4.0,5.0,UNKNOWN,ＭＡＺＤＡ　Ｚｏｏｍ－Ｚｏｏｍ　スタジアム広島,unknown,low,False,False,,,[],[],,,,,0,light,2017-09-16 14:00:00+00:00,,UNKNOWN,,,,UNKNOWN,UNKNOWN,,UNKNOWN,,,,,,,,,,,,,,,,,,,,,,,,,,,,,,,,False,False,UNKNOWN,False,False,,,,,,,,,,NPB,2017-09-16 14:00:00,1,,,0,
2017091604,2017-09-16 14:00:00,北海道日本ハムファイターズ,オリックス・バファローズ,6.0,3.0,UNKNOWN,札幌ドーム,unknown,low,False,False,,,[],[],,,,,0,light,2017-09-16 14:00:00+00:00,,UNKNOWN,,,,UNKNOWN,UNKNOWN,,UNKNOWN,,,,,,,,,,,,,,,,,,,,,,,,,,,,,,,,False,False,UNKNOWN,False,False,,,,,,,,,,NPB,2017-09-16 14:00:00,1,,,0,
2017091605,2017-09-16 14:00:00,東北楽天ゴールデンイーグルス,千葉ロッテマリーンズ,13.0,5.0,UNKNOWN,Koboパーク宮城,unknown,low,False,False,,,[],[],,,,,0,light,2017-09-16 14:00:00+00:00,,UNKNOWN,,,,UNKNOWN,UNKNOWN,,UNKNOWN,,,,,,,,,,,,,,,,,,,,,,,,,,,,,,,,False,False,UNKNOWN,False,False,,,,,,,,,,NPB,2017-09-16 14:00:00,1,,,0,
2017091606,2017-09-16 14:00:00,埼玉西武ライオンズ,福岡ソフトバンクホークス,3.0,7.0,UNKNOWN,メットライフドーム,unknown,low,False,False,,,[],[],,,,,0,light,2017-09-16 14:00:00+00:00,,UNKNOWN,,,,UNKNOWN,UNKNOWN,,UNKNOWN,,,,,,,,,,,,,,,,,,,,,,,,,,,,,,,,False,False,UNKNOWN,False,False,,,,,,,,,,NPB,2017-09-16 14:00:00,1,,,0,
2017091601,2017-09-16 18:00:00,読売ジャイアンツ,横浜DeNAベイスターズ,0.0,1.0,UNKNOWN,東京ドーム,unknown,low,False,False,,,[],[],,,,,0,light,2017-09-16 18:00:00+00:00,,UNKNOWN,,,,UNKNOWN,UNKNOWN,,UNKNOWN,,,,,,,,,,,,,,,,,,,,,,,,,,,,,,,,False,False,UNKNOWN,False,False,2017-09-16 09:00:00+00:00,,UNKNOWN,Open-Meteo Historical Forecast,FAIL_CLOSED_NO_ISSUANCE_TIMESTAMP,21.5,66.0,0.0,2.6,NPB,2017-09-16 18:00:00,1,,,0,
2017091601,2017-09-16 18:00:00,読売ジャイアンツ,横浜DeNAベイスターズ,0.0,1.0,UNKNOWN,東京ドーム,unknown,low,False,False,,,[],[],,,,,0,light,2017-09-16 18:00:00+00:00,,UNKNOWN,,,,UNKNOWN,UNKNOWN,,UNKNOWN,,,,,,,,,,,,,,,,,,,,,,,,,,,,,,,,False,False,UNKNOWN,False,False,2017-09-16 09:00:00+00:00,,UNKNOWN,Open-Meteo Historical Forecast,FAIL_CLOSED_NO_ISSUANCE_TIMESTAMP,21.5,66.0,0.0,2.6,NPB,2017-09-16 18:00:00,1,,,0,
2017091706,2017-09-17 13:00:00,埼玉西武ライオンズ,福岡ソフトバンクホークス,3.0,2.0,UNKNOWN,メットライフドーム,unknown,low,False,False,,,[],[],,,,,0,light,2017-09-17 13:00:00+00:00,,UNKNOWN,,,,UNKNOWN,UNKNOWN,,UNKNOWN,,,,,,,,,,,,,,,,,,,,,,,,,,,,,,,,False,False,UNKNOWN,False,False,,,,,,,,,,NPB,2017-09-17 13:00:00,1,,,0,
2017091701,2017-09-17 14:00:00,読売ジャイアンツ,横浜DeNAベイスターズ,6.0,1.0,UNKNOWN,東京ドーム,unknown,low,False,False,,,[],[],,,,,0,light,2017-09-17 14:00:00+00:00,,UNKNOWN,,,,UNKNOWN,UNKNOWN,,UNKNOWN,,,,,,,,,,,,,,,,,,,,,,,,,,,,,,,,False,False,UNKNOWN,False,False,2017-09-17 05:00:00+00:00,,UNKNOWN,Open-Meteo Historical Forecast,FAIL_CLOSED_NO_ISSUANCE_TIMESTAMP,19.8,85.0,2.1,8.0,NPB,2017-09-17 14:00:00,1,,,0,
2017091701,2017-09-17 14:00:00,読売ジャイアンツ,横浜DeNAベイスターズ,6.0,1.0,UNKNOWN,東京ドーム,unknown,low,False,False,,,[],[],,,,,0,light,2017-09-17 14:00:00+00:00,,UNKNOWN,,,,UNKNOWN,UNKNOWN,,UNKNOWN,,,,,,,,,,,,,,,,,,,,,,,,,,,,,,,,False,False,UNKNOWN,False,False,2017-09-17 05:00:00+00:00,,UNKNOWN,Open-Meteo Historical Forecast,FAIL_CLOSED_NO_ISSUANCE_TIMESTAMP,19.8,85.0,2.1,8.0,NPB,2017-09-17 14:00:00,1,,,0,
2017091704,2017-09-17 14:00:00,北海道日本ハムファイターズ,オリックス・バファローズ,2.0,4.0,UNKNOWN,札幌ドーム,unknown,low,False,False,,,[],[],,,,,0,light,2017-09-17 14:00:00+00:00,,UNKNOWN,,,,UNKNOWN,UNKNOWN,,UNKNOWN,,,,,,,,,,,,,,,,,,,,,,,,,,,,,,,,False,False,UNKNOWN,False,False,,,,,,,,,,NPB,2017-09-17 14:00:00,1,,,0,
2017091804,2017-09-18 13:00:00,北海道日本ハムファイターズ,オリックス・バファローズ,7.0,1.0,UNKNOWN,札幌ドーム,unknown,low,False,False,,,[],[],,,,,0,light,2017-09-18 13:00:00+00:00,,UNKNOWN,,,,UNKNOWN,UNKNOWN,,UNKNOWN,,,,,,,,,,,,,,,,,,,,,,,,,,,,,,,,False,False,UNKNOWN,False,False,,,,,,,,,,NPB,2017-09-18 13:00:00,1,,,0,
2017091805,2017-09-18 13:00:00,東北楽天ゴールデンイーグルス,千葉ロッテマリーンズ,4.0,3.0,UNKNOWN,Koboパーク宮城,unknown,low,False,False,,,[],[],,,,,0,light,2017-09-18 13:00:00+00:00,,UNKNOWN,,,,UNKNOWN,UNKNOWN,,UNKNOWN,,,,,,,,,,,,,,,,,,,,,,,,,,,,,,,,False,False,UNKNOWN,False,False,,,,,,,,,,NPB,2017-09-18 13:00:00,1,,,0,
2017091806,2017-09-18 13:00:00,埼玉西武ライオンズ,福岡ソフトバンクホークス,14.0,13.0,UNKNOWN,メットライフドーム,unknown,low,False,False,,,[],[],,,,,0,light,2017-09-18 13:00:00+00:00,,UNKNOWN,,,,UNKNOWN,UNKNOWN,,UNKNOWN,,,,,,,,,,,,,,,,,,,,,,,,,,,,,,,,False,False,UNKNOWN,False,False,,,,,,,,,,NPB,2017-09-18 13:00:00,1,,,0,
2017091802,2017-09-18 14:00:00,中日ドラゴンズ,読売ジャイアンツ,2.0,0.0,UNKNOWN,ナゴヤドーム,unknown,low,False,False,,,[],[],,,,,0,light,2017-09-18 14:00:00+00:00,,UNKNOWN,,,,UNKNOWN,UNKNOWN,,UNKNOWN,,,,,,,,,,,,,,,,,,,,,,,,,,,,,,,,False,False,UNKNOWN,False,False,,,,,,,,,,NPB,2017-09-18 14:00:00,1,,,0,
2017091803,2017-09-18 14:00:00,阪神タイガース,広島東洋カープ,2.0,3.0,UNKNOWN,阪神甲子園球場,unknown,low,False,False,,,[],[],,,,,0,light,2017-09-18 14:00:00+00:00,,UNKNOWN,,,,UNKNOWN,UNKNOWN,,UNKNOWN,,,,,,,,,,,,,,,,,,,,,,,,,,,,,,,,False,False,UNKNOWN,False,False,,,,,,,,,,NPB,2017-09-18 14:00:00,1,,,0,
2017091801,2017-09-18 17:00:00,横浜DeNAベイスターズ,東京ヤクルトスワローズ,4.0,2.0,UNKNOWN,横浜スタジアム,unknown,low,False,False,,,[],[],,,,,0,light,2017-09-18 17:00:00+00:00,,UNKNOWN,,,,UNKNOWN,UNKNOWN,,UNKNOWN,,,,,,,,,,,,,,,,,,,,,,,,,,,,,,,,False,False,UNKNOWN,False,False,,,,,,,,,,NPB,2017-09-18 17:00:00,1,,,0,
2017091901,2017-09-19 18:00:00,中日ドラゴンズ,読売ジャイアンツ,10.0,2.0,UNKNOWN,ナゴヤドーム,unknown,low,False,False,,,[],[],,,,,0,light,2017-09-19 18:00:00+00:00,,UNKNOWN,,,,UNKNOWN,UNKNOWN,,UNKNOWN,,,,,,,,,,,,,,,,,,,,,,,,,,,,,,,,False,False,UNKNOWN,False,False,,,,,,,,,,NPB,2017-09-19 18:00:00,1,,,0,
2017091902,2017-09-19 18:00:00,東北楽天ゴールデンイーグルス,北海道日本ハムファイターズ,6.0,0.0,UNKNOWN,Koboパーク宮城,unknown,low,False,False,,,[],[],,,,,0,light,2017-09-19 18:00:00+00:00,,UNKNOWN,,,,UNKNOWN,UNKNOWN,,UNKNOWN,,,,,,,,,,,,,,,,,,,,,,,,,,,,,,,,False,False,UNKNOWN,False,False,,,,,,,,,,NPB,2017-09-19 18:00:00,1,,,0,
2017091903,2017-09-19 18:00:00,埼玉西武ライオンズ,千葉ロッテマリーンズ,3.0,6.0,UNKNOWN,メットライフドーム,unknown,low,False,False,,,[],[],,,,,0,light,2017-09-19 18:00:00+00:00,,UNKNOWN,,,,UNKNOWN,UNKNOWN,,UNKNOWN,,,,,,,,,,,,,,,,,,,,,,,,,,,,,,,,False,False,UNKNOWN,False,False,,,,,,,,,,NPB,2017-09-19 18:00:00,1,,,0,
2017092001,2017-09-20 18:00:00,東北楽天ゴールデンイーグルス,オリックス・バファローズ,4.0,8.0,UNKNOWN,Koboパーク宮城,unknown,low,False,False,,,[],[],,,,,0,light,2017-09-20 18:00:00+00:00,,UNKNOWN,,,,UNKNOWN,UNKNOWN,,UNKNOWN,,,,,,,,,,,,,,,,,,,,,,,,,,,,,,,,False,False,UNKNOWN,False,False,,,,,,,,,,NPB,2017-09-20 18:00:00,1,,,0,
2017092002,2017-09-20 18:00:00,埼玉西武ライオンズ,千葉ロッテマリーンズ,1.0,3.0,UNKNOWN,メットライフドーム,unknown,low,False,False,,,[],[],,,,,0,light,2017-09-20 18:00:00+00:00,,UNKNOWN,,,,UNKNOWN,UNKNOWN,,UNKNOWN,,,,,,,,,,,,,,,,,,,,,,,,,,,,,,,,False,False,UNKNOWN,False,False,,,,,,,,,,NPB,2017-09-20 18:00:00,1,,,0,
2017092003,2017-09-20 18:00:00,東京ヤクルトスワローズ,中日ドラゴンズ,1.0,6.0,UNKNOWN,明治神宮野球場,unknown,low,False,False,,,[],[],,,,,0,light,2017-09-20 18:00:00+00:00,,UNKNOWN,,,,UNKNOWN,UNKNOWN,,UNKNOWN,,,,,,,,,,,,,,,,,,,,,,,,,,,,,,,,False,False,UNKNOWN,False,False,,,,,,,,,,NPB,2017-09-20 18:00:00,1,,,0,
2017092004,2017-09-20 18:00:00,阪神タイガース,読売ジャイアンツ,0.0,2.0,UNKNOWN,阪神甲子園球場,unknown,low,False,False,,,[],[],,,,,0,light,2017-09-20 18:00:00+00:00,,UNKNOWN,,,,UNKNOWN,UNKNOWN,,UNKNOWN,,,,,,,,,,,,,,,,,,,,,,,,,,,,,,,,False,False,UNKNOWN,False,False,,,,,,,,,,NPB,2017-09-20 18:00:00,1,,,0,
2017092005,2017-09-20 18:00:00,北海道日本ハムファイターズ,福岡ソフトバンクホークス,1.0,4.0,UNKNOWN,札幌ドーム,unknown,low,False,False,,,[],[],,,,,0,light,2017-09-20 18:00:00+00:00,,UNKNOWN,,,,UNKNOWN,UNKNOWN,,UNKNOWN,,,,,,,,,,,,,,,,,,,,,,,,,,,,,,,,False,False,UNKNOWN,False,False,,,,,,,,,,NPB,2017-09-20 18:00:00,1,,,0,
2017092101,2017-09-21 18:00:00,北海道日本ハムファイターズ,福岡ソフトバンクホークス,6.0,4.0,UNKNOWN,札幌ドーム,unknown,low,False,False,,,[],[],,,,,0,light,2017-09-21 18:00:00+00:00,,UNKNOWN,,,,UNKNOWN,UNKNOWN,,UNKNOWN,,,,,,,,,,,,,,,,,,,,,,,,,,,,,,,,False,False,UNKNOWN,False,False,,,,,,,,,,NPB,2017-09-21 18:00:00,1,,,0,
2017092102,2017-09-21 18:00:00,東北楽天ゴールデンイーグルス,オリックス・バファローズ,4.0,7.0,UNKNOWN,Koboパーク宮城,unknown,low,False,False,,,[],[],,,,,0,light,2017-09-21 18:00:00+00:00,,UNKNOWN,,,,UNKNOWN,UNKNOWN,,UNKNOWN,,,,,,,,,,,,,,,,,,,,,,,,,,,,,,,,False,False,UNKNOWN,False,False,,,,,,,,,,NPB,2017-09-21 18:00:00,1,,,0,
2017092103,2017-09-21 18:00:00,埼玉西武ライオンズ,千葉ロッテマリーンズ,3.0,4.0,UNKNOWN,メットライフドーム,unknown,low,False,False,,,[],[],,,,,0,light,2017-09-21 18:00:00+00:00,,UNKNOWN,,,,UNKNOWN,UNKNOWN,,UNKNOWN,,,,,,,,,,,,,,,,,,,,,,,,,,,,,,,,False,False,UNKNOWN,False,False,,,,,,,,,,NPB,2017-09-21 18:00:00,1,,,0,
2017092104,2017-09-21 18:00:00,広島東洋カープ,阪神タイガース,5.0,7.0,UNKNOWN,ＭＡＺＤＡ　Ｚｏｏｍ－Ｚｏｏｍ　スタジアム広島,unknown,low,False,False,,,[],[],,,,,0,light,2017-09-21 18:00:00+00:00,,UNKNOWN,,,,UNKNOWN,UNKNOWN,,UNKNOWN,,,,,,,,,,,,,,,,,,,,,,,,,,,,,,,,False,False,UNKNOWN,False,False,,,,,,,,,,NPB,2017-09-21 18:00:00,1,,,0,
2017092201,2017-09-22 18:00:00,広島東洋カープ,読売ジャイアンツ,5.0,0.0,UNKNOWN,ＭＡＺＤＡ　Ｚｏｏｍ－Ｚｏｏｍ　スタジアム広島,unknown,low,False,False,,,[],[],,,,,0,light,2017-09-22 18:00:00+00:00,,UNKNOWN,,,,UNKNOWN,UNKNOWN,,UNKNOWN,,,,,,,,,,,,,,,,,,,,,,,,,,,,,,,,False,False,UNKNOWN,False,False,,,,,,,,,,NPB,2017-09-22 18:00:00,1,,,0,
2017092303,2017-09-23 13:30:00,広島東洋カープ,読売ジャイアンツ,3.0,2.0,UNKNOWN,ＭＡＺＤＡ　Ｚｏｏｍ－Ｚｏｏｍ　スタジアム広島,unknown,low,False,False,,,[],[],,,,,0,light,2017-09-23 13:30:00+00:00,,UNKNOWN,,,,UNKNOWN,UNKNOWN,,UNKNOWN,,,,,,,,,,,,,,,,,,,,,,,,,,,,,,,,False,False,UNKNOWN,False,False,,,,,,,,,,NPB,2017-09-23 13:30:00,1,,,0,
2017092302,2017-09-23 14:00:00,中日ドラゴンズ,横浜DeNAベイスターズ,5.0,13.0,UNKNOWN,ナゴヤドーム,unknown,low,False,False,,,[],[],,,,,0,light,2017-09-23 14:00:00+00:00,,UNKNOWN,,,,UNKNOWN,UNKNOWN,,UNKNOWN,,,,,,,,,,,,,,,,,,,,,,,,,,,,,,,,False,False,UNKNOWN,False,False,,,,,,,,,,NPB,2017-09-23 14:00:00,1,,,0,
2017092301,2017-09-23 18:00:00,東京ヤクルトスワローズ,阪神タイガース,1.0,8.0,UNKNOWN,明治神宮野球場,unknown,low,False,False,,,[],[],,,,,0,light,2017-09-23 18:00:00+00:00,,UNKNOWN,,,,UNKNOWN,UNKNOWN,,UNKNOWN,,,,,,,,,,,,,,,,,,,,,,,,,,,,,,,,False,False,UNKNOWN,False,False,,,,,,,,,,NPB,2017-09-23 18:00:00,1,,,0,
2017092304,2017-09-23 18:00:00,埼玉西武ライオンズ,オリックス・バファローズ,5.0,0.0,UNKNOWN,メットライフドーム,unknown,low,False,False,,,[],[],,,,,0,light,2017-09-23 18:00:00+00:00,,UNKNOWN,,,,UNKNOWN,UNKNOWN,,UNKNOWN,,,,,,,,,,,,,,,,,,,,,,,,,,,,,,,,False,False,UNKNOWN,False,False,,,,,,,,,,NPB,2017-09-23 18:00:00,1,,,0,
2017092305,2017-09-23 18:00:00,千葉ロッテマリーンズ,北海道日本ハムファイターズ,3.0,4.0,UNKNOWN,ＺＯＺＯマリンスタジアム,unknown,low,False,False,,,[],[],,,,,0,light,2017-09-23 18:00:00+00:00,,UNKNOWN,,,,UNKNOWN,UNKNOWN,,UNKNOWN,,,,,,,,,,,,,,,,,,,,,,,,,,,,,,,,False,False,UNKNOWN,False,False,,,,,,,,,,NPB,2017-09-23 18:00:00,1,,,0,
2017092306,2017-09-23 18:00:00,福岡ソフトバンクホークス,東北楽天ゴールデンイーグルス,1.0,3.0,UNKNOWN,福岡 ヤフオク!ドーム,unknown,low,False,False,,,[],[],,,,,0,light,2017-09-23 18:00:00+00:00,,UNKNOWN,,,,UNKNOWN,UNKNOWN,,UNKNOWN,,,,,,,,,,,,,,,,,,,,,,,,,,,,,,,,False,False,UNKNOWN,False,False,,,,,,,,,,NPB,2017-09-23 18:00:00,1,,,0,
2017092402,2017-09-24 14:00:00,中日ドラゴンズ,広島東洋カープ,3.0,2.0,UNKNOWN,ナゴヤドーム,unknown,low,False,False,,,[],[],,,,,0,light,2017-09-24 14:00:00+00:00,,UNKNOWN,,,,UNKNOWN,UNKNOWN,,UNKNOWN,,,,,,,,,,,,,,,,,,,,,,,,,,,,,,,,False,False,UNKNOWN,False,False,,,,,,,,,,NPB,2017-09-24 14:00:00,1,,,0,
2017092404,2017-09-24 14:00:00,埼玉西武ライオンズ,オリックス・バファローズ,8.0,5.0,UNKNOWN,メットライフドーム,unknown,low,False,False,,,[],[],,,,,0,light,2017-09-24 14:00:00+00:00,,UNKNOWN,,,,UNKNOWN,UNKNOWN,,UNKNOWN,,,,,,,,,,,,,,,,,,,,,,,,,,,,,,,,False,False,UNKNOWN,False,False,,,,,,,,,,NPB,2017-09-24 14:00:00,1,,,0,
2017092405,2017-09-24 14:00:00,千葉ロッテマリーンズ,北海道日本ハムファイターズ,4.0,3.0,UNKNOWN,ＺＯＺＯマリンスタジアム,unknown,low,False,False,,,[],[],,,,,0,light,2017-09-24 14:00:00+00:00,,UNKNOWN,,,,UNKNOWN,UNKNOWN,,UNKNOWN,,,,,,,,,,,,,,,,,,,,,,,,,,,,,,,,False,False,UNKNOWN,False,False,,,,,,,,,,NPB,2017-09-24 14:00:00,1,,,0,
2017092406,2017-09-24 14:00:00,福岡ソフトバンクホークス,東北楽天ゴールデンイーグルス,4.0,3.0,UNKNOWN,福岡 ヤフオク!ドーム,unknown,low,False,False,,,[],[],,,,,0,light,2017-09-24 14:00:00+00:00,,UNKNOWN,,,,UNKNOWN,UNKNOWN,,UNKNOWN,,,,,,,,,,,,,,,,,,,,,,,,,,,,,,,,False,False,UNKNOWN,False,False,,,,,,,,,,NPB,2017-09-24 14:00:00,1,,,0,
2017092401,2017-09-24 18:00:00,東京ヤクルトスワローズ,読売ジャイアンツ,3.0,5.0,UNKNOWN,明治神宮野球場,unknown,low,False,False,,,[],[],,,,,0,light,2017-09-24 18:00:00+00:00,,UNKNOWN,,,,UNKNOWN,UNKNOWN,,UNKNOWN,,,,,,,,,,,,,,,,,,,,,,,,,,,,,,,,False,False,UNKNOWN,False,False,,,,,,,,,,NPB,2017-09-24 18:00:00,1,,,0,
2017092403,2017-09-24 18:00:00,阪神タイガース,横浜DeNAベイスターズ,0.0,2.0,UNKNOWN,阪神甲子園球場,unknown,low,False,False,,,[],[],,,,,0,light,2017-09-24 18:00:00+00:00,,UNKNOWN,,,,UNKNOWN,UNKNOWN,,UNKNOWN,,,,,,,,,,,,,,,,,,,,,,,,,,,,,,,,False,False,UNKNOWN,False,False,,,,,,,,,,NPB,2017-09-24 18:00:00,1,,,0,
2017092501,2017-09-25 18:00:00,東京ヤクルトスワローズ,読売ジャイアンツ,5.0,6.0,UNKNOWN,明治神宮野球場,unknown,low,False,False,,,[],[],,,,,0,light,2017-09-25 18:00:00+00:00,,UNKNOWN,,,,UNKNOWN,UNKNOWN,,UNKNOWN,,,,,,,,,,,,,,,,,,,,,,,,,,,,,,,,False,False,UNKNOWN,False,False,,,,,,,,,,NPB,2017-09-25 18:00:00,1,,,0,
2017092502,2017-09-25 18:00:00,福岡ソフトバンクホークス,東北楽天ゴールデンイーグルス,2.0,10.0,UNKNOWN,福岡 ヤフオク!ドーム,unknown,low,False,False,,,[],[],,,,,0,light,2017-09-25 18:00:00+00:00,,UNKNOWN,,,,UNKNOWN,UNKNOWN,,UNKNOWN,,,,,,,,,,,,,,,,,,,,,,,,,,,,,,,,False,False,UNKNOWN,False,False,,,,,,,,,,NPB,2017-09-25 18:00:00,1,,,0,
2017092503,2017-09-25 18:00:00,阪神タイガース,横浜DeNAベイスターズ,0.0,7.0,UNKNOWN,阪神甲子園球場,unknown,low,False,False,,,[],[],,,,,0,light,2017-09-25 18:00:00+00:00,,UNKNOWN,,,,UNKNOWN,UNKNOWN,,UNKNOWN,,,,,,,,,,,,,,,,,,,,,,,,,,,,,,,,False,False,UNKNOWN,False,False,,,,,,,,,,NPB,2017-09-25 18:00:00,1,,,0,
2017092601,2017-09-26 18:00:00,読売ジャイアンツ,東京ヤクルトスワローズ,3.0,0.0,UNKNOWN,東京ドーム,unknown,low,False,False,,,[],[],,,,,0,light,2017-09-26 18:00:00+00:00,,UNKNOWN,,,,UNKNOWN,UNKNOWN,,UNKNOWN,,,,,,,,,,,,,,,,,,,,,,,,,,,,,,,,False,False,UNKNOWN,False,False,2017-09-26 09:00:00+00:00,,UNKNOWN,Open-Meteo Historical Forecast,FAIL_CLOSED_NO_ISSUANCE_TIMESTAMP,25.0,68.0,0.0,7.2,NPB,2017-09-26 18:00:00,1,,,0,
2017092601,2017-09-26 18:00:00,読売ジャイアンツ,東京ヤクルトスワローズ,3.0,0.0,UNKNOWN,東京ドーム,unknown,low,False,False,,,[],[],,,,,0,light,2017-09-26 18:00:00+00:00,,UNKNOWN,,,,UNKNOWN,UNKNOWN,,UNKNOWN,,,,,,,,,,,,,,,,,,,,,,,,,,,,,,,,False,False,UNKNOWN,False,False,2017-09-26 09:00:00+00:00,,UNKNOWN,Open-Meteo Historical Forecast,FAIL_CLOSED_NO_ISSUANCE_TIMESTAMP,25.0,68.0,0.0,7.2,NPB,2017-09-26 18:00:00,1,,,0,
2017092602,2017-09-26 18:00:00,オリックス・バファローズ,北海道日本ハムファイターズ,2.0,6.0,UNKNOWN,京セラドーム大阪,unknown,low,False,False,,,[],[],,,,,0,light,2017-09-26 18:00:00+00:00,,UNKNOWN,,,,UNKNOWN,UNKNOWN,,UNKNOWN,,,,,,,,,,,,,,,,,,,,,,,,,,,,,,,,False,False,UNKNOWN,False,False,,,,,,,,,,NPB,2017-09-26 18:00:00,1,,,0,
2017092603,2017-09-26 18:00:00,福岡ソフトバンクホークス,千葉ロッテマリーンズ,3.0,4.0,UNKNOWN,福岡 ヤフオク!ドーム,unknown,low,False,False,,,[],[],,,,,0,light,2017-09-26 18:00:00+00:00,,UNKNOWN,,,,UNKNOWN,UNKNOWN,,UNKNOWN,,,,,,,,,,,,,,,,,,,,,,,,,,,,,,,,False,False,UNKNOWN,False,False,,,,,,,,,,NPB,2017-09-26 18:00:00,1,,,0,
2017092701,2017-09-27 18:00:00,読売ジャイアンツ,中日ドラゴンズ,2.0,1.0,UNKNOWN,東京ドーム,unknown,low,False,False,,,[],[],,,,,0,light,2017-09-27 18:00:00+00:00,,UNKNOWN,,,,UNKNOWN,UNKNOWN,,UNKNOWN,,,,,,,,,,,,,,,,,,,,,,,,,,,,,,,,False,False,UNKNOWN,False,False,2017-09-27 09:00:00+00:00,,UNKNOWN,Open-Meteo Historical Forecast,FAIL_CLOSED_NO_ISSUANCE_TIMESTAMP,24.1,63.0,0.0,7.6,NPB,2017-09-27 18:00:00,1,,,0,
2017092701,2017-09-27 18:00:00,読売ジャイアンツ,中日ドラゴンズ,2.0,1.0,UNKNOWN,東京ドーム,unknown,low,False,False,,,[],[],,,,,0,light,2017-09-27 18:00:00+00:00,,UNKNOWN,,,,UNKNOWN,UNKNOWN,,UNKNOWN,,,,,,,,,,,,,,,,,,,,,,,,,,,,,,,,False,False,UNKNOWN,False,False,2017-09-27 09:00:00+00:00,,UNKNOWN,Open-Meteo Historical Forecast,FAIL_CLOSED_NO_ISSUANCE_TIMESTAMP,24.1,63.0,0.0,7.6,NPB,2017-09-27 18:00:00,1,,,0,
2017092702,2017-09-27 18:00:00,オリックス・バファローズ,北海道日本ハムファイターズ,2.0,3.0,UNKNOWN,京セラドーム大阪,unknown,low,False,False,,,[],[],,,,,0,light,2017-09-27 18:00:00+00:00,,UNKNOWN,,,,UNKNOWN,UNKNOWN,,UNKNOWN,,,,,,,,,,,,,,,,,,,,,,,,,,,,,,,,False,False,UNKNOWN,False,False,,,,,,,,,,NPB,2017-09-27 18:00:00,1,,,0,
2017092703,2017-09-27 18:00:00,横浜DeNAベイスターズ,阪神タイガース,4.0,4.0,UNKNOWN,横浜スタジアム,unknown,low,False,False,,,[],[],,,,,0,light,2017-09-27 18:00:00+00:00,,UNKNOWN,,,,UNKNOWN,UNKNOWN,,UNKNOWN,,,,,,,,,,,,,,,,,,,,,,,,,,,,,,,,False,False,UNKNOWN,False,False,,,,,,,,,,NPB,2017-09-27 18:00:00,1,,,0,
2017092801,2017-09-28 18:00:00,北海道日本ハムファイターズ,東北楽天ゴールデンイーグルス,4.0,3.0,UNKNOWN,札幌ドーム,unknown,low,False,False,,,[],[],,,,,0,light,2017-09-28 18:00:00+00:00,,UNKNOWN,,,,UNKNOWN,UNKNOWN,,UNKNOWN,,,,,,,,,,,,,,,,,,,,,,,,,,,,,,,,False,False,UNKNOWN,False,False,,,,,,,,,,NPB,2017-09-28 18:00:00,1,,,0,
2017092803,2017-09-28 18:00:00,福岡ソフトバンクホークス,埼玉西武ライオンズ,8.0,5.0,UNKNOWN,福岡 ヤフオク!ドーム,unknown,low,False,False,,,[],[],,,,,0,light,2017-09-28 18:00:00+00:00,,UNKNOWN,,,,UNKNOWN,UNKNOWN,,UNKNOWN,,,,,,,,,,,,,,,,,,,,,,,,,,,,,,,,False,False,UNKNOWN,False,False,,,,,,,,,,NPB,2017-09-28 18:00:00,1,,,0,
2017092804,2017-09-28 18:00:00,横浜DeNAベイスターズ,阪神タイガース,2.0,11.0,UNKNOWN,横浜スタジアム,unknown,low,False,False,,,[],[],,,,,0,light,2017-09-28 18:00:00+00:00,,UNKNOWN,,,,UNKNOWN,UNKNOWN,,UNKNOWN,,,,,,,,,,,,,,,,,,,,,,,,,,,,,,,,False,False,UNKNOWN,False,False,,,,,,,,,,NPB,2017-09-28 18:00:00,1,,,0,
2017092805,2017-09-28 18:00:00,広島東洋カープ,東京ヤクルトスワローズ,3.0,1.0,UNKNOWN,ＭＡＺＤＡ　Ｚｏｏｍ－Ｚｏｏｍ　スタジアム広島,unknown,low,False,False,,,[],[],,,,,0,light,2017-09-28 18:00:00+00:00,,UNKNOWN,,,,UNKNOWN,UNKNOWN,,UNKNOWN,,,,,,,,,,,,,,,,,,,,,,,,,,,,,,,,False,False,UNKNOWN,False,False,,,,,,,,,,NPB,2017-09-28 18:00:00,1,,,0,
2017092901,2017-09-29 18:00:00,北海道日本ハムファイターズ,東北楽天ゴールデンイーグルス,0.0,3.0,UNKNOWN,札幌ドーム,unknown,low,False,False,,,[],[],,,,,0,light,2017-09-29 18:00:00+00:00,,UNKNOWN,,,,UNKNOWN,UNKNOWN,,UNKNOWN,,,,,,,,,,,,,,,,,,,,,,,,,,,,,,,,False,False,UNKNOWN,False,False,,,,,,,,,,NPB,2017-09-29 18:00:00,1,,,0,
2017092903,2017-09-29 18:00:00,横浜DeNAベイスターズ,阪神タイガース,6.0,2.0,UNKNOWN,横浜スタジアム,unknown,low,False,False,,,[],[],,,,,0,light,2017-09-29 18:00:00+00:00,,UNKNOWN,,,,UNKNOWN,UNKNOWN,,UNKNOWN,,,,,,,,,,,,,,,,,,,,,,,,,,,,,,,,False,False,UNKNOWN,False,False,,,,,,,,,,NPB,2017-09-29 18:00:00,1,,,0,
2017092902,2017-09-29 18:15:00,千葉ロッテマリーンズ,オリックス・バファローズ,0.0,4.0,UNKNOWN,ＺＯＺＯマリンスタジアム,unknown,low,False,False,,,[],[],,,,,0,light,2017-09-29 18:15:00+00:00,,UNKNOWN,,,,UNKNOWN,UNKNOWN,,UNKNOWN,,,,,,,,,,,,,,,,,,,,,,,,,,,,,,,,False,False,UNKNOWN,False,False,,,,,,,,,,NPB,2017-09-29 18:15:00,1,,,0,
2017093001,2017-09-30 18:00:00,読売ジャイアンツ,阪神タイガース,1.0,5.0,UNKNOWN,東京ドーム,unknown,low,False,False,,,[],[],,,,,0,light,2017-09-30 18:00:00+00:00,,UNKNOWN,,,,UNKNOWN,UNKNOWN,,UNKNOWN,,,,,,,,,,,,,,,,,,,,,,,,,,,,,,,,False,False,UNKNOWN,False,False,2017-09-30 09:00:00+00:00,,UNKNOWN,Open-Meteo Historical Forecast,FAIL_CLOSED_NO_ISSUANCE_TIMESTAMP,22.0,64.0,0.0,3.2,NPB,2017-09-30 18:00:00,1,,,0,
2017093001,2017-09-30 18:00:00,読売ジャイアンツ,阪神タイガース,1.0,5.0,UNKNOWN,東京ドーム,unknown,low,False,False,,,[],[],,,,,0,light,2017-09-30 18:00:00+00:00,,UNKNOWN,,,,UNKNOWN,UNKNOWN,,UNKNOWN,,,,,,,,,,,,,,,,,,,,,,,,,,,,,,,,False,False,UNKNOWN,False,False,2017-09-30 09:00:00+00:00,,UNKNOWN,Open-Meteo Historical Forecast,FAIL_CLOSED_NO_ISSUANCE_TIMESTAMP,22.0,64.0,0.0,3.2,NPB,2017-09-30 18:00:00,1,,,0,
2017093002,2017-09-30 18:00:00,東京ヤクルトスワローズ,中日ドラゴンズ,7.0,5.0,UNKNOWN,明治神宮野球場,unknown,low,False,False,,,[],[],,,,,0,light,2017-09-30 18:00:00+00:00,,UNKNOWN,,,,UNKNOWN,UNKNOWN,,UNKNOWN,,,,,,,,,,,,,,,,,,,,,,,,,,,,,,,,False,False,UNKNOWN,False,False,,,,,,,,,,NPB,2017-09-30 18:00:00,1,,,0,
2017093003,2017-09-30 18:00:00,横浜DeNAベイスターズ,広島東洋カープ,1.0,5.0,UNKNOWN,横浜スタジアム,unknown,low,False,False,,,[],[],,,,,0,light,2017-09-30 18:00:00+00:00,,UNKNOWN,,,,UNKNOWN,UNKNOWN,,UNKNOWN,,,,,,,,,,,,,,,,,,,,,,,,,,,,,,,,False,False,UNKNOWN,False,False,,,,,,,,,,NPB,2017-09-30 18:00:00,1,,,0,
2017093004,2017-09-30 18:00:00,北海道日本ハムファイターズ,埼玉西武ライオンズ,4.0,3.0,UNKNOWN,札幌ドーム,unknown,low,False,False,,,[],[],,,,,0,light,2017-09-30 18:00:00+00:00,,UNKNOWN,,,,UNKNOWN,UNKNOWN,,UNKNOWN,,,,,,,,,,,,,,,,,,,,,,,,,,,,,,,,False,False,UNKNOWN,False,False,,,,,,,,,,NPB,2017-09-30 18:00:00,1,,,0,
2017093005,2017-09-30 18:00:00,東北楽天ゴールデンイーグルス,千葉ロッテマリーンズ,3.0,4.0,UNKNOWN,Koboパーク宮城,unknown,low,False,False,,,[],[],,,,,0,light,2017-09-30 18:00:00+00:00,,UNKNOWN,,,,UNKNOWN,UNKNOWN,,UNKNOWN,,,,,,,,,,,,,,,,,,,,,,,,,,,,,,,,False,False,UNKNOWN,False,False,,,,,,,,,,NPB,2017-09-30 18:00:00,1,,,0,
2017093006,2017-09-30 18:00:00,オリックス・バファローズ,福岡ソフトバンクホークス,9.0,7.0,UNKNOWN,京セラドーム大阪,unknown,low,False,False,,,[],[],,,,,0,light,2017-09-30 18:00:00+00:00,,UNKNOWN,,,,UNKNOWN,UNKNOWN,,UNKNOWN,,,,,,,,,,,,,,,,,,,,,,,,,,,,,,,,False,False,UNKNOWN,False,False,,,,,,,,,,NPB,2017-09-30 18:00:00,1,,,0,
2017100101,2017-10-01 14:00:00,読売ジャイアンツ,阪神タイガース,4.0,5.0,UNKNOWN,東京ドーム,unknown,low,False,False,,,[],[],,,,,0,light,2017-10-01 14:00:00+00:00,,UNKNOWN,,,,UNKNOWN,UNKNOWN,,UNKNOWN,,,,,,,,,,,,,,,,,,,,,,,,,,,,,,,,False,False,UNKNOWN,False,False,2017-10-01 05:00:00+00:00,,UNKNOWN,Open-Meteo Historical Forecast,FAIL_CLOSED_NO_ISSUANCE_TIMESTAMP,24.9,39.0,0.0,9.7,NPB,2017-10-01 14:00:00,1,,,0,
2017100101,2017-10-01 14:00:00,読売ジャイアンツ,阪神タイガース,4.0,5.0,UNKNOWN,東京ドーム,unknown,low,False,False,,,[],[],,,,,0,light,2017-10-01 14:00:00+00:00,,UNKNOWN,,,,UNKNOWN,UNKNOWN,,UNKNOWN,,,,,,,,,,,,,,,,,,,,,,,,,,,,,,,,False,False,UNKNOWN,False,False,2017-10-01 05:00:00+00:00,,UNKNOWN,Open-Meteo Historical Forecast,FAIL_CLOSED_NO_ISSUANCE_TIMESTAMP,24.9,39.0,0.0,9.7,NPB,2017-10-01 14:00:00,1,,,0,
2017100103,2017-10-01 14:00:00,横浜DeNAベイスターズ,広島東洋カープ,13.0,7.0,UNKNOWN,横浜スタジアム,unknown,low,False,False,,,[],[],,,,,0,light,2017-10-01 14:00:00+00:00,,UNKNOWN,,,,UNKNOWN,UNKNOWN,,UNKNOWN,,,,,,,,,,,,,,,,,,,,,,,,,,,,,,,,False,False,UNKNOWN,False,False,,,,,,,,,,NPB,2017-10-01 14:00:00,1,,,0,
2017100104,2017-10-01 14:00:00,北海道日本ハムファイターズ,埼玉西武ライオンズ,0.0,5.0,UNKNOWN,札幌ドーム,unknown,low,False,False,,,[],[],,,,,0,light,2017-10-01 14:00:00+00:00,,UNKNOWN,,,,UNKNOWN,UNKNOWN,,UNKNOWN,,,,,,,,,,,,,,,,,,,,,,,,,,,,,,,,False,False,UNKNOWN,False,False,,,,,,,,,,NPB,2017-10-01 14:00:00,1,,,0,
2017100105,2017-10-01 14:00:00,東北楽天ゴールデンイーグルス,千葉ロッテマリーンズ,2.0,5.0,UNKNOWN,Koboパーク宮城,unknown,low,False,False,,,[],[],,,,,0,light,2017-10-01 14:00:00+00:00,,UNKNOWN,,,,UNKNOWN,UNKNOWN,,UNKNOWN,,,,,,,,,,,,,,,,,,,,,,,,,,,,,,,,False,False,UNKNOWN,False,False,,,,,,,,,,NPB,2017-10-01 14:00:00,1,,,0,
2017100106,2017-10-01 14:00:00,オリックス・バファローズ,福岡ソフトバンクホークス,0.0,2.0,UNKNOWN,京セラドーム大阪,unknown,low,False,False,,,[],[],,,,,0,light,2017-10-01 14:00:00+00:00,,UNKNOWN,,,,UNKNOWN,UNKNOWN,,UNKNOWN,,,,,,,,,,,,,,,,,,,,,,,,,,,,,,,,False,False,UNKNOWN,False,False,,,,,,,,,,NPB,2017-10-01 14:00:00,1,,,0,
2017100102,2017-10-01 18:00:00,東京ヤクルトスワローズ,中日ドラゴンズ,4.0,6.0,UNKNOWN,明治神宮野球場,unknown,low,False,False,,,[],[],,,,,0,light,2017-10-01 18:00:00+00:00,,UNKNOWN,,,,UNKNOWN,UNKNOWN,,UNKNOWN,,,,,,,,,,,,,,,,,,,,,,,,,,,,,,,,False,False,UNKNOWN,False,False,,,,,,,,,,NPB,2017-10-01 18:00:00,1,,,0,
2017100201,2017-10-02 18:00:00,埼玉西武ライオンズ,東北楽天ゴールデンイーグルス,1.0,2.0,UNKNOWN,メットライフドーム,unknown,low,False,False,,,[],[],,,,,0,light,2017-10-02 18:00:00+00:00,,UNKNOWN,,,,UNKNOWN,UNKNOWN,,UNKNOWN,,,,,,,,,,,,,,,,,,,,,,,,,,,,,,,,False,False,UNKNOWN,False,False,,,,,,,,,,NPB,2017-10-02 18:00:00,1,,,0,
2017100301,2017-10-03 18:00:00,北海道日本ハムファイターズ,オリックス・バファローズ,10.0,5.0,UNKNOWN,札幌ドーム,unknown,low,False,False,,,[],[],,,,,0,light,2017-10-03 18:00:00+00:00,,UNKNOWN,,,,UNKNOWN,UNKNOWN,,UNKNOWN,,,,,,,,,,,,,,,,,,,,,,,,,,,,,,,,False,False,UNKNOWN,False,False,,,,,,,,,,NPB,2017-10-03 18:00:00,1,,,0,
2017100302,2017-10-03 18:00:00,埼玉西武ライオンズ,東北楽天ゴールデンイーグルス,10.0,3.0,UNKNOWN,メットライフドーム,unknown,low,False,False,,,[],[],,,,,0,light,2017-10-03 18:00:00+00:00,,UNKNOWN,,,,UNKNOWN,UNKNOWN,,UNKNOWN,,,,,,,,,,,,,,,,,,,,,,,,,,,,,,,,False,False,UNKNOWN,False,False,,,,,,,,,,NPB,2017-10-03 18:00:00,1,,,0,
2017100303,2017-10-03 18:00:00,東京ヤクルトスワローズ,読売ジャイアンツ,6.0,10.0,UNKNOWN,明治神宮野球場,unknown,low,False,False,,,[],[],,,,,0,light,2017-10-03 18:00:00+00:00,,UNKNOWN,,,,UNKNOWN,UNKNOWN,,UNKNOWN,,,,,,,,,,,,,,,,,,,,,,,,,,,,,,,,False,False,UNKNOWN,False,False,,,,,,,,,,NPB,2017-10-03 18:00:00,1,,,0,
2017100304,2017-10-03 18:00:00,横浜DeNAベイスターズ,中日ドラゴンズ,3.0,1.0,UNKNOWN,横浜スタジアム,unknown,low,False,False,,,[],[],,,,,0,light,2017-10-03 18:00:00+00:00,,UNKNOWN,,,,UNKNOWN,UNKNOWN,,UNKNOWN,,,,,,,,,,,,,,,,,,,,,,,,,,,,,,,,False,False,UNKNOWN,False,False,,,,,,,,,,NPB,2017-10-03 18:00:00,1,,,0,
2017100401,2017-10-04 18:00:00,北海道日本ハムファイターズ,オリックス・バファローズ,3.0,0.0,UNKNOWN,札幌ドーム,unknown,low,False,False,,,[],[],,,,,0,light,2017-10-04 18:00:00+00:00,,UNKNOWN,,,,UNKNOWN,UNKNOWN,,UNKNOWN,,,,,,,,,,,,,,,,,,,,,,,,,,,,,,,,False,False,UNKNOWN,False,False,,,,,,,,,,NPB,2017-10-04 18:00:00,1,,,0,
2017100403,2017-10-04 18:00:00,横浜DeNAベイスターズ,中日ドラゴンズ,2.0,1.0,UNKNOWN,横浜スタジアム,unknown,low,False,False,,,[],[],,,,,0,light,2017-10-04 18:00:00+00:00,,UNKNOWN,,,,UNKNOWN,UNKNOWN,,UNKNOWN,,,,,,,,,,,,,,,,,,,,,,,,,,,,,,,,False,False,UNKNOWN,False,False,,,,,,,,,,NPB,2017-10-04 18:00:00,1,,,0,
2017100402,2017-10-04 18:15:00,千葉ロッテマリーンズ,東北楽天ゴールデンイーグルス,1.0,1.0,UNKNOWN,ＺＯＺＯマリンスタジアム,unknown,low,False,False,,,[],[],,,,,0,light,2017-10-04 18:15:00+00:00,,UNKNOWN,,,,UNKNOWN,UNKNOWN,,UNKNOWN,,,,,,,,,,,,,,,,,,,,,,,,,,,,,,,,False,False,UNKNOWN,False,False,,,,,,,,,,NPB,2017-10-04 18:15:00,1,,,0,
2017100501,2017-10-05 18:00:00,埼玉西武ライオンズ,北海道日本ハムファイターズ,6.0,8.0,UNKNOWN,メットライフドーム,unknown,low,False,False,,,[],[],,,,,0,light,2017-10-05 18:00:00+00:00,,UNKNOWN,,,,UNKNOWN,UNKNOWN,,UNKNOWN,,,,,,,,,,,,,,,,,,,,,,,,,,,,,,,,False,False,UNKNOWN,False,False,,,,,,,,,,NPB,2017-10-05 18:00:00,1,,,0,
2017100503,2017-10-05 18:00:00,阪神タイガース,中日ドラゴンズ,2.0,1.0,UNKNOWN,阪神甲子園球場,unknown,low,False,False,,,[],[],,,,,0,light,2017-10-05 18:00:00+00:00,,UNKNOWN,,,,UNKNOWN,UNKNOWN,,UNKNOWN,,,,,,,,,,,,,,,,,,,,,,,,,,,,,,,,False,False,UNKNOWN,False,False,,,,,,,,,,NPB,2017-10-05 18:00:00,1,,,0,
2017100502,2017-10-05 18:15:00,千葉ロッテマリーンズ,東北楽天ゴールデンイーグルス,3.0,2.0,UNKNOWN,ＺＯＺＯマリンスタジアム,unknown,low,False,False,,,[],[],,,,,0,light,2017-10-05 18:15:00+00:00,,UNKNOWN,,,,UNKNOWN,UNKNOWN,,UNKNOWN,,,,,,,,,,,,,,,,,,,,,,,,,,,,,,,,False,False,UNKNOWN,False,False,,,,,,,,,,NPB,2017-10-05 18:15:00,1,,,0,
2017100601,2017-10-06 18:00:00,福岡ソフトバンクホークス,オリックス・バファローズ,4.0,3.0,UNKNOWN,福岡 ヤフオク!ドーム,unknown,low,False,False,,,[],[],,,,,0,light,2017-10-06 18:00:00+00:00,,UNKNOWN,,,,UNKNOWN,UNKNOWN,,UNKNOWN,,,,,,,,,,,,,,,,,,,,,,,,,,,,,,,,False,False,UNKNOWN,False,False,,,,,,,,,,NPB,2017-10-06 18:00:00,1,,,0,
2017100701,2017-10-07 18:00:00,オリックス・バファローズ,東北楽天ゴールデンイーグルス,0.0,7.0,UNKNOWN,京セラドーム大阪,unknown,low,False,False,,,[],[],,,,,0,light,2017-10-07 18:00:00+00:00,,UNKNOWN,,,,UNKNOWN,UNKNOWN,,UNKNOWN,,,,,,,,,,,,,,,,,,,,,,,,,,,,,,,,False,False,UNKNOWN,False,False,,,,,,,,,,NPB,2017-10-07 18:00:00,1,,,0,
2017100801,2017-10-08 18:00:00,東北楽天ゴールデンイーグルス,福岡ソフトバンクホークス,2.0,0.0,UNKNOWN,Koboパーク宮城,unknown,low,False,False,,,[],[],,,,,0,light,2017-10-08 18:00:00+00:00,,UNKNOWN,,,,UNKNOWN,UNKNOWN,,UNKNOWN,,,,,,,,,,,,,,,,,,,,,,,,,,,,,,,,False,False,UNKNOWN,False,False,,,,,,,,,,NPB,2017-10-08 18:00:00,1,,,0,
2017100902,2017-10-09 13:00:00,千葉ロッテマリーンズ,オリックス・バファローズ,6.0,1.0,UNKNOWN,ＺＯＺＯマリンスタジアム,unknown,low,False,False,,,[],[],,,,,0,light,2017-10-09 13:00:00+00:00,,UNKNOWN,,,,UNKNOWN,UNKNOWN,,UNKNOWN,,,,,,,,,,,,,,,,,,,,,,,,,,,,,,,,False,False,UNKNOWN,False,False,,,,,,,,,,NPB,2017-10-09 13:00:00,1,,,0,
2017100901,2017-10-09 14:00:00,東北楽天ゴールデンイーグルス,北海道日本ハムファイターズ,1.0,3.0,UNKNOWN,Koboパーク宮城,unknown,low,False,False,,,[],[],,,,,0,light,2017-10-09 14:00:00+00:00,,UNKNOWN,,,,UNKNOWN,UNKNOWN,,UNKNOWN,,,,,,,,,,,,,,,,,,,,,,,,,,,,,,,,False,False,UNKNOWN,False,False,,,,,,,,,,NPB,2017-10-09 14:00:00,1,,,0,
2017101001,2017-10-10 13:00:00,東北楽天ゴールデンイーグルス,千葉ロッテマリーンズ,5.0,0.0,UNKNOWN,Koboパーク宮城,unknown,low,False,False,,,[],[],,,,,0,light,2017-10-10 13:00:00+00:00,,UNKNOWN,,,,UNKNOWN,UNKNOWN,,UNKNOWN,,,,,,,,,,,,,,,,,,,,,,,,,,,,,,,,False,False,UNKNOWN,False,False,,,,,,,,,,NPB,2017-10-10 13:00:00,1,,,0,
2017101002,2017-10-10 18:00:00,阪神タイガース,中日ドラゴンズ,6.0,1.0,UNKNOWN,阪神甲子園球場,unknown,low,False,False,,,[],[],,,,,0,light,2017-10-10 18:00:00+00:00,,UNKNOWN,,,,UNKNOWN,UNKNOWN,,UNKNOWN,,,,,,,,,,,,,,,,,,,,,,,,,,,,,,,,False,False,UNKNOWN,False,False,,,,,,,,,,NPB,2017-10-10 18:00:00,1,,,0,
2017101402,2017-10-14 13:00:00,埼玉西武ライオンズ,東北楽天ゴールデンイーグルス,10.0,0.0,UNKNOWN,メットライフドーム,unknown,low,False,False,,,[],[],,,,,0,light,2017-10-14 13:00:00+00:00,,UNKNOWN,,,,UNKNOWN,UNKNOWN,,UNKNOWN,,,,,,,,,,,,,,,,,,,,,,,,,,,,,,,,False,False,UNKNOWN,False,False,,,,,,,,,,NPB,2017-10-14 13:00:00,1,,,0,
2017101401,2017-10-14 14:00:00,阪神タイガース,横浜DeNAベイスターズ,2.0,0.0,UNKNOWN,阪神甲子園球場,unknown,low,False,False,,,[],[],,,,,0,light,2017-10-14 14:00:00+00:00,,UNKNOWN,,,,UNKNOWN,UNKNOWN,,UNKNOWN,,,,,,,,,,,,,,,,,,,,,,,,,,,,,,,,False,False,UNKNOWN,False,False,,,,,,,,,,NPB,2017-10-14 14:00:00,1,,,0,
2017101502,2017-10-15 13:00:00,埼玉西武ライオンズ,東北楽天ゴールデンイーグルス,1.0,4.0,UNKNOWN,メットライフドーム,unknown,low,False,False,,,[],[],,,,,0,light,2017-10-15 13:00:00+00:00,,UNKNOWN,,,,UNKNOWN,UNKNOWN,,UNKNOWN,,,,,,,,,,,,,,,,,,,,,,,,,,,,,,,,False,False,UNKNOWN,False,False,,,,,,,,,,NPB,2017-10-15 13:00:00,1,,,0,
2017101501,2017-10-15 14:00:00,阪神タイガース,横浜DeNAベイスターズ,6.0,13.0,UNKNOWN,阪神甲子園球場,unknown,low,False,False,,,[],[],,,,,0,light,2017-10-15 14:00:00+00:00,,UNKNOWN,,,,UNKNOWN,UNKNOWN,,UNKNOWN,,,,,,,,,,,,,,,,,,,,,,,,,,,,,,,,False,False,UNKNOWN,False,False,,,,,,,,,,NPB,2017-10-15 14:00:00,1,,,0,
2017101602,2017-10-16 18:00:00,埼玉西武ライオンズ,東北楽天ゴールデンイーグルス,2.0,5.0,UNKNOWN,メットライフドーム,unknown,low,False,False,,,[],[],,,,,0,light,2017-10-16 18:00:00+00:00,,UNKNOWN,,,,UNKNOWN,UNKNOWN,,UNKNOWN,,,,,,,,,,,,,,,,,,,,,,,,,,,,,,,,False,False,UNKNOWN,False,False,,,,,,,,,,NPB,2017-10-16 18:00:00,1,,,0,
2017101701,2017-10-17 18:00:00,阪神タイガース,横浜DeNAベイスターズ,1.0,6.0,UNKNOWN,阪神甲子園球場,unknown,low,False,False,,,[],[],,,,,0,light,2017-10-17 18:00:00+00:00,,UNKNOWN,,,,UNKNOWN,UNKNOWN,,UNKNOWN,,,,,,,,,,,,,,,,,,,,,,,,,,,,,,,,False,False,UNKNOWN,False,False,,,,,,,,,,NPB,2017-10-17 18:00:00,1,,,0,
2017101801,2017-10-18 18:00:00,広島東洋カープ,横浜DeNAベイスターズ,3.0,0.0,UNKNOWN,ＭＡＺＤＡ　Ｚｏｏｍ－Ｚｏｏｍ　スタジアム広島,unknown,low,False,False,,,[],[],,,,,0,light,2017-10-18 18:00:00+00:00,,UNKNOWN,,,,UNKNOWN,UNKNOWN,,UNKNOWN,,,,,,,,,,,,,,,,,,,,,,,,,,,,,,,,False,False,UNKNOWN,False,False,,,,,,,,,,NPB,2017-10-18 18:00:00,1,,,0,
2017101802,2017-10-18 18:00:00,福岡ソフトバンクホークス,東北楽天ゴールデンイーグルス,2.0,3.0,UNKNOWN,福岡 ヤフオク!ドーム,unknown,low,False,False,,,[],[],,,,,0,light,2017-10-18 18:00:00+00:00,,UNKNOWN,,,,UNKNOWN,UNKNOWN,,UNKNOWN,,,,,,,,,,,,,,,,,,,,,,,,,,,,,,,,False,False,UNKNOWN,False,False,,,,,,,,,,NPB,2017-10-18 18:00:00,1,,,0,
2017101901,2017-10-19 18:00:00,広島東洋カープ,横浜DeNAベイスターズ,2.0,6.0,UNKNOWN,ＭＡＺＤＡ　Ｚｏｏｍ－Ｚｏｏｍ　スタジアム広島,unknown,low,False,False,,,[],[],,,,,0,light,2017-10-19 18:00:00+00:00,,UNKNOWN,,,,UNKNOWN,UNKNOWN,,UNKNOWN,,,,,,,,,,,,,,,,,,,,,,,,,,,,,,,,False,False,UNKNOWN,False,False,,,,,,,,,,NPB,2017-10-19 18:00:00,1,,,0,
2017101902,2017-10-19 18:00:00,福岡ソフトバンクホークス,東北楽天ゴールデンイーグルス,1.0,2.0,UNKNOWN,福岡 ヤフオク!ドーム,unknown,low,False,False,,,[],[],,,,,0,light,2017-10-19 18:00:00+00:00,,UNKNOWN,,,,UNKNOWN,UNKNOWN,,UNKNOWN,,,,,,,,,,,,,,,,,,,,,,,,,,,,,,,,False,False,UNKNOWN,False,False,,,,,,,,,,NPB,2017-10-19 18:00:00,1,,,0,
2017102001,2017-10-20 18:00:00,広島東洋カープ,横浜DeNAベイスターズ,0.0,1.0,UNKNOWN,ＭＡＺＤＡ　Ｚｏｏｍ－Ｚｏｏｍ　スタジアム広島,unknown,low,False,False,,,[],[],,,,,0,light,2017-10-20 18:00:00+00:00,,UNKNOWN,,,,UNKNOWN,UNKNOWN,,UNKNOWN,,,,,,,,,,,,,,,,,,,,,,,,,,,,,,,,False,False,UNKNOWN,False,False,,,,,,,,,,NPB,2017-10-20 18:00:00,1,,,0,
2017102002,2017-10-20 18:00:00,福岡ソフトバンクホークス,東北楽天ゴールデンイーグルス,7.0,5.0,UNKNOWN,福岡 ヤフオク!ドーム,unknown,low,False,False,,,[],[],,,,,0,light,2017-10-20 18:00:00+00:00,,UNKNOWN,,,,UNKNOWN,UNKNOWN,,UNKNOWN,,,,,,,,,,,,,,,,,,,,,,,,,,,,,,,,False,False,UNKNOWN,False,False,,,,,,,,,,NPB,2017-10-20 18:00:00,1,,,0,
2017102102,2017-10-21 13:00:00,福岡ソフトバンクホークス,東北楽天ゴールデンイーグルス,4.0,3.0,UNKNOWN,福岡 ヤフオク!ドーム,unknown,low,False,False,,,[],[],,,,,0,light,2017-10-21 13:00:00+00:00,,UNKNOWN,,,,UNKNOWN,UNKNOWN,,UNKNOWN,,,,,,,,,,,,,,,,,,,,,,,,,,,,,,,,False,False,UNKNOWN,False,False,,,,,,,,,,NPB,2017-10-21 13:00:00,1,,,0,
2017102202,2017-10-22 13:00:00,福岡ソフトバンクホークス,東北楽天ゴールデンイーグルス,7.0,0.0,UNKNOWN,福岡 ヤフオク!ドーム,unknown,low,False,False,,,[],[],,,,,0,light,2017-10-22 13:00:00+00:00,,UNKNOWN,,,,UNKNOWN,UNKNOWN,,UNKNOWN,,,,,,,,,,,,,,,,,,,,,,,,,,,,,,,,False,False,UNKNOWN,False,False,,,,,,,,,,NPB,2017-10-22 13:00:00,1,,,0,
2017102301,2017-10-23 18:00:00,広島東洋カープ,横浜DeNAベイスターズ,3.0,4.0,UNKNOWN,ＭＡＺＤＡ　Ｚｏｏｍ－Ｚｏｏｍ　スタジアム広島,unknown,low,False,False,,,[],[],,,,,0,light,2017-10-23 18:00:00+00:00,,UNKNOWN,,,,UNKNOWN,UNKNOWN,,UNKNOWN,,,,,,,,,,,,,,,,,,,,,,,,,,,,,,,,False,False,UNKNOWN,False,False,,,,,,,,,,NPB,2017-10-23 18:00:00,1,,,0,
2017102401,2017-10-24 18:00:00,広島東洋カープ,横浜DeNAベイスターズ,3.0,9.0,UNKNOWN,ＭＡＺＤＡ　Ｚｏｏｍ－Ｚｏｏｍ　スタジアム広島,unknown,low,False,False,,,[],[],,,,,0,light,2017-10-24 18:00:00+00:00,,UNKNOWN,,,,UNKNOWN,UNKNOWN,,UNKNOWN,,,,,,,,,,,,,,,,,,,,,,,,,,,,,,,,False,False,UNKNOWN,False,False,,,,,,,,,,NPB,2017-10-24 18:00:00,1,,,0,
2017102801,2017-10-28 18:30:00,福岡ソフトバンクホークス,横浜DeNAベイスターズ,10.0,1.0,UNKNOWN,福岡 ヤフオク!ドーム,unknown,low,False,False,,,[],[],,,,,0,light,2017-10-28 18:30:00+00:00,,UNKNOWN,,,,UNKNOWN,UNKNOWN,,UNKNOWN,,,,,,,,,,,,,,,,,,,,,,,,,,,,,,,,False,False,UNKNOWN,False,False,,,,,,,,,,NPB,2017-10-28 18:30:00,1,,,0,
2017102901,2017-10-29 18:30:00,福岡ソフトバンクホークス,横浜DeNAベイスターズ,4.0,3.0,UNKNOWN,福岡 ヤフオク!ドーム,unknown,low,False,False,,,[],[],,,,,0,light,2017-10-29 18:30:00+00:00,,UNKNOWN,,,,UNKNOWN,UNKNOWN,,UNKNOWN,,,,,,,,,,,,,,,,,,,,,,,,,,,,,,,,False,False,UNKNOWN,False,False,,,,,,,,,,NPB,2017-10-29 18:30:00,1,,,0,
2017103101,2017-10-31 18:30:00,横浜DeNAベイスターズ,福岡ソフトバンクホークス,2.0,3.0,UNKNOWN,横浜スタジアム,unknown,low,False,False,,,[],[],,,,,0,light,2017-10-31 18:30:00+00:00,,UNKNOWN,,,,UNKNOWN,UNKNOWN,,UNKNOWN,,,,,,,,,,,,,,,,,,,,,,,,,,,,,,,,False,False,UNKNOWN,False,False,,,,,,,,,,NPB,2017-10-31 18:30:00,1,,,0,
2017110101,2017-11-01 18:30:00,横浜DeNAベイスターズ,福岡ソフトバンクホークス,6.0,0.0,UNKNOWN,横浜スタジアム,unknown,low,False,False,,,[],[],,,,,0,light,2017-11-01 18:30:00+00:00,,UNKNOWN,,,,UNKNOWN,UNKNOWN,,UNKNOWN,,,,,,,,,,,,,,,,,,,,,,,,,,,,,,,,False,False,UNKNOWN,False,False,,,,,,,,,,NPB,2017-11-01 18:30:00,1,,,0,
2017110201,2017-11-02 18:30:00,横浜DeNAベイスターズ,福岡ソフトバンクホークス,5.0,4.0,UNKNOWN,横浜スタジアム,unknown,low,False,False,,,[],[],,,,,0,light,2017-11-02 18:30:00+00:00,,UNKNOWN,,,,UNKNOWN,UNKNOWN,,UNKNOWN,,,,,,,,,,,,,,,,,,,,,,,,,,,,,,,,False,False,UNKNOWN,False,False,,,,,,,,,,NPB,2017-11-02 18:30:00,1,,,0,
2017110401,2017-11-04 18:30:00,福岡ソフトバンクホークス,横浜DeNAベイスターズ,4.0,3.0,UNKNOWN,福岡 ヤフオク!ドーム,japan_series,high,False,True,,,[],[],,,,,0,light,2017-11-04 18:30:00+00:00,,UNKNOWN,,,,UNKNOWN,UNKNOWN,,UNKNOWN,,,,,,,,,,,,,,,,,,,,,,,,,,,,,,,,False,False,UNKNOWN,False,False,,,,,,,,,,NPB,2017-11-04 18:30:00,1,,,0,
