game_id,datetime,home,away,home_score,away_score,game_type,venue,npb_game_category,npb_type_confidence,npb_training_default,npb_evaluation_default,home_starter,away_starter,home_lineup_json,away_lineup_json,home_pregame_starter,away_pregame_starter,home_pregame_lineup_json,away_pregame_lineup_json,player_rows_count,enrichment_mode,prediction_time_utc,starter_available_at,starter_state,starter_source,home_lineup_available_at,away_lineup_available_at,home_lineup_state,away_lineup_state,lineup_available_at,lineup_state,lineup_source,home_starter_era,home_starter_whip,home_starter_k9,home_starter_bb9,home_starter_hr9,home_starter_fip,home_starter_ip,home_starter_er,home_starter_h,home_starter_hr,home_starter_bb,home_starter_so,home_starter_pitches,home_starter_k_rate,home_starter_bb_rate,away_starter_era,away_starter_whip,away_starter_k9,away_starter_bb9,away_starter_hr9,away_starter_fip,away_starter_ip,away_starter_er,away_starter_h,away_starter_hr,away_starter_bb,away_starter_so,away_starter_pitches,away_starter_k_rate,away_starter_bb_rate,home_starter_line_ok,away_starter_line_ok,pregame_context_quality,pregame_starter_verified,pregame_lineup_verified,weather_valid_time_utc,weather_available_at,weather_state,weather_source,weather_pit_quality,weather_temp_c,weather_humidity_pct,weather_precip_mm,weather_wind_kmh,league,date,inning,half,event,addedRuns,pitcher
2019030205,2019-03-02 12:30:00,埼玉西武ライオンズ,広島東洋カープ,1.0,6.0,UNKNOWN,佐賀県立森林公園野球場,excluded,high,False,False,,,[],[],,,,,0,light,2019-03-02 12:30:00+00:00,,UNKNOWN,,,,UNKNOWN,UNKNOWN,,UNKNOWN,,,,,,,,,,,,,,,,,,,,,,,,,,,,,,,,False,False,UNKNOWN,False,False,,,,,,,,,,NPB,2019-03-02 12:30:00,1,,,0,
2019030204,2019-03-02 13:00:00,福岡ソフトバンクホークス,阪神タイガース,1.0,0.0,UNKNOWN,福岡 ヤフオク!ドーム,excluded,high,False,False,,,[],[],,,,,0,light,2019-03-02 13:00:00+00:00,,UNKNOWN,,,,UNKNOWN,UNKNOWN,,UNKNOWN,,,,,,,,,,,,,,,,,,,,,,,,,,,,,,,,False,False,UNKNOWN,False,False,,,,,,,,,,NPB,2019-03-02 13:00:00,1,,,0,
2019030201,2019-03-02 14:00:00,北海道日本ハムファイターズ,横浜DeNAベイスターズ,6.0,1.0,UNKNOWN,札幌ドーム,excluded,high,False,False,,,[],[],,,,,0,light,2019-03-02 14:00:00+00:00,,UNKNOWN,,,,UNKNOWN,UNKNOWN,,UNKNOWN,,,,,,,,,,,,,,,,,,,,,,,,,,,,,,,,False,False,UNKNOWN,False,False,,,,,,,,,,NPB,2019-03-02 14:00:00,1,,,0,
2019030203,2019-03-02 14:00:00,中日ドラゴンズ,千葉ロッテマリーンズ,1.0,3.0,UNKNOWN,ナゴヤドーム,excluded,high,False,False,,,[],[],,,,,0,light,2019-03-02 14:00:00+00:00,,UNKNOWN,,,,UNKNOWN,UNKNOWN,,UNKNOWN,,,,,,,,,,,,,,,,,,,,,,,,,,,,,,,,False,False,UNKNOWN,False,False,,,,,,,,,,NPB,2019-03-02 14:00:00,1,,,0,
2019030202,2019-03-02 18:00:00,読売ジャイアンツ,東京ヤクルトスワローズ,5.0,4.0,UNKNOWN,東京ドーム,excluded,high,False,False,,,[],[],,,,,0,light,2019-03-02 18:00:00+00:00,,UNKNOWN,,,,UNKNOWN,UNKNOWN,,UNKNOWN,,,,,,,,,,,,,,,,,,,,,,,,,,,,,,,,False,False,UNKNOWN,False,False,2019-03-02 09:00:00+00:00,,UNKNOWN,Open-Meteo Historical Forecast,FAIL_CLOSED_NO_ISSUANCE_TIMESTAMP,11.1,28.0,0.0,4.1,NPB,2019-03-02 18:00:00,1,,,0,
2019030305,2019-03-03 12:30:00,埼玉西武ライオンズ,広島東洋カープ,4.0,10.0,UNKNOWN,長崎県営野球場,unknown,low,False,False,,,[],[],,,,,0,light,2019-03-03 12:30:00+00:00,,UNKNOWN,,,,UNKNOWN,UNKNOWN,,UNKNOWN,,,,,,,,,,,,,,,,,,,,,,,,,,,,,,,,False,False,UNKNOWN,False,False,,,,,,,,,,NPB,2019-03-03 12:30:00,1,,,0,
2019030301,2019-03-03 13:00:00,北海道日本ハムファイターズ,横浜DeNAベイスターズ,0.0,0.0,UNKNOWN,札幌ドーム,excluded,high,False,False,,,[],[],,,,,0,light,2019-03-03 13:00:00+00:00,,UNKNOWN,,,,UNKNOWN,UNKNOWN,,UNKNOWN,,,,,,,,,,,,,,,,,,,,,,,,,,,,,,,,False,False,UNKNOWN,False,False,,,,,,,,,,NPB,2019-03-03 13:00:00,1,,,0,
2019030304,2019-03-03 13:00:00,福岡ソフトバンクホークス,阪神タイガース,7.0,2.0,UNKNOWN,福岡 ヤフオク!ドーム,excluded,high,False,False,,,[],[],,,,,0,light,2019-03-03 13:00:00+00:00,,UNKNOWN,,,,UNKNOWN,UNKNOWN,,UNKNOWN,,,,,,,,,,,,,,,,,,,,,,,,,,,,,,,,False,False,UNKNOWN,False,False,,,,,,,,,,NPB,2019-03-03 13:00:00,1,,,0,
2019030302,2019-03-03 14:00:00,読売ジャイアンツ,東京ヤクルトスワローズ,2.0,6.0,UNKNOWN,東京ドーム,excluded,high,False,False,,,[],[],,,,,0,light,2019-03-03 14:00:00+00:00,,UNKNOWN,,,,UNKNOWN,UNKNOWN,,UNKNOWN,,,,,,,,,,,,,,,,,,,,,,,,,,,,,,,,False,False,UNKNOWN,False,False,2019-03-03 05:00:00+00:00,,UNKNOWN,Open-Meteo Historical Forecast,FAIL_CLOSED_NO_ISSUANCE_TIMESTAMP,6.1,85.0,0.3,5.7,NPB,2019-03-03 14:00:00,1,,,0,
2019030303,2019-03-03 14:00:00,中日ドラゴンズ,千葉ロッテマリーンズ,3.0,9.0,UNKNOWN,ナゴヤドーム,excluded,high,False,False,,,[],[],,,,,0,light,2019-03-03 14:00:00+00:00,,UNKNOWN,,,,UNKNOWN,UNKNOWN,,UNKNOWN,,,,,,,,,,,,,,,,,,,,,,,,,,,,,,,,False,False,UNKNOWN,False,False,,,,,,,,,,NPB,2019-03-03 14:00:00,1,,,0,
2019030502,2019-03-05 13:00:00,広島東洋カープ,読売ジャイアンツ,4.0,1.0,UNKNOWN,ＭＡＺＤＡ　Ｚｏｏｍ－Ｚｏｏｍ　スタジアム広島,excluded,high,False,False,,,[],[],,,,,0,light,2019-03-05 13:00:00+00:00,,UNKNOWN,,,,UNKNOWN,UNKNOWN,,UNKNOWN,,,,,,,,,,,,,,,,,,,,,,,,,,,,,,,,False,False,UNKNOWN,False,False,,,,,,,,,,NPB,2019-03-05 13:00:00,1,,,0,
2019030501,2019-03-05 18:00:00,オリックス・バファローズ,東京ヤクルトスワローズ,5.0,1.0,UNKNOWN,京セラドーム大阪,excluded,high,False,False,,,[],[],,,,,0,light,2019-03-05 18:00:00+00:00,,UNKNOWN,,,,UNKNOWN,UNKNOWN,,UNKNOWN,,,,,,,,,,,,,,,,,,,,,,,,,,,,,,,,False,False,UNKNOWN,False,False,,,,,,,,,,NPB,2019-03-05 18:00:00,1,,,0,
2019030503,2019-03-05 18:00:00,福岡ソフトバンクホークス,埼玉西武ライオンズ,3.0,11.0,UNKNOWN,福岡 ヤフオク!ドーム,excluded,high,False,False,,,[],[],,,,,0,light,2019-03-05 18:00:00+00:00,,UNKNOWN,,,,UNKNOWN,UNKNOWN,,UNKNOWN,,,,,,,,,,,,,,,,,,,,,,,,,,,,,,,,False,False,UNKNOWN,False,False,,,,,,,,,,NPB,2019-03-05 18:00:00,1,,,0,
2019030601,2019-03-06 13:00:00,北海道日本ハムファイターズ,千葉ロッテマリーンズ,7.0,10.0,UNKNOWN,ファイターズスタジアム鎌ケ谷,excluded,high,False,False,,,[],[],,,,,0,light,2019-03-06 13:00:00+00:00,,UNKNOWN,,,,UNKNOWN,UNKNOWN,,UNKNOWN,,,,,,,,,,,,,,,,,,,,,,,,,,,,,,,,False,False,UNKNOWN,False,False,,,,,,,,,,NPB,2019-03-06 13:00:00,1,,,0,
2019030602,2019-03-06 13:00:00,中日ドラゴンズ,横浜DeNAベイスターズ,5.0,2.0,UNKNOWN,小牧市総合運動場野球場,excluded,high,False,False,,,[],[],,,,,0,light,2019-03-06 13:00:00+00:00,,UNKNOWN,,,,UNKNOWN,UNKNOWN,,UNKNOWN,,,,,,,,,,,,,,,,,,,,,,,,,,,,,,,,False,False,UNKNOWN,False,False,,,,,,,,,,NPB,2019-03-06 13:00:00,1,,,0,
2019030603,2019-03-06 18:00:00,オリックス・バファローズ,東京ヤクルトスワローズ,4.0,5.0,UNKNOWN,京セラドーム大阪,excluded,high,False,False,,,[],[],,,,,0,light,2019-03-06 18:00:00+00:00,,UNKNOWN,,,,UNKNOWN,UNKNOWN,,UNKNOWN,,,,,,,,,,,,,,,,,,,,,,,,,,,,,,,,False,False,UNKNOWN,False,False,,,,,,,,,,NPB,2019-03-06 18:00:00,1,,,0,
2019030605,2019-03-06 18:00:00,福岡ソフトバンクホークス,埼玉西武ライオンズ,5.0,2.0,UNKNOWN,福岡 ヤフオク!ドーム,excluded,high,False,False,,,[],[],,,,,0,light,2019-03-06 18:00:00+00:00,,UNKNOWN,,,,UNKNOWN,UNKNOWN,,UNKNOWN,,,,,,,,,,,,,,,,,,,,,,,,,,,,,,,,False,False,UNKNOWN,False,False,,,,,,,,,,NPB,2019-03-06 18:00:00,1,,,0,
2019030702,2019-03-07 13:00:00,中日ドラゴンズ,横浜DeNAベイスターズ,0.0,5.0,UNKNOWN,ナゴヤ球場,unknown,low,False,False,,,[],[],,,,,0,light,2019-03-07 13:00:00+00:00,,UNKNOWN,,,,UNKNOWN,UNKNOWN,,UNKNOWN,,,,,,,,,,,,,,,,,,,,,,,,,,,,,,,,False,False,UNKNOWN,False,False,,,,,,,,,,NPB,2019-03-07 13:00:00,1,,,0,
2019030703,2019-03-07 14:00:00,オリックス・バファローズ,東京ヤクルトスワローズ,5.0,0.0,UNKNOWN,京セラドーム大阪,unknown,low,False,False,,,[],[],,,,,0,light,2019-03-07 14:00:00+00:00,,UNKNOWN,,,,UNKNOWN,UNKNOWN,,UNKNOWN,,,,,,,,,,,,,,,,,,,,,,,,,,,,,,,,False,False,UNKNOWN,False,False,,,,,,,,,,NPB,2019-03-07 14:00:00,1,,,0,
2019030802,2019-03-08 13:00:00,東北楽天ゴールデンイーグルス,阪神タイガース,7.0,1.0,UNKNOWN,岡山県倉敷スポーツ公園野球場,excluded,high,False,False,,,[],[],,,,,0,light,2019-03-08 13:00:00+00:00,,UNKNOWN,,,,UNKNOWN,UNKNOWN,,UNKNOWN,,,,,,,,,,,,,,,,,,,,,,,,,,,,,,,,False,False,UNKNOWN,False,False,,,,,,,,,,NPB,2019-03-08 13:00:00,1,,,0,
2019030801,2019-03-08 17:00:00,オリックス・バファローズ,読売ジャイアンツ,7.0,1.0,UNKNOWN,京セラドーム大阪,excluded,high,False,False,,,[],[],,,,,0,light,2019-03-08 17:00:00+00:00,,UNKNOWN,,,,UNKNOWN,UNKNOWN,,UNKNOWN,,,,,,,,,,,,,,,,,,,,,,,,,,,,,,,,False,False,UNKNOWN,False,False,,,,,,,,,,NPB,2019-03-08 17:00:00,1,,,0,
2019030902,2019-03-09 12:00:00,オリックス・バファローズ,読売ジャイアンツ,3.0,10.0,UNKNOWN,京セラドーム大阪,excluded,high,False,False,,,[],[],,,,,0,light,2019-03-09 12:00:00+00:00,,UNKNOWN,,,,UNKNOWN,UNKNOWN,,UNKNOWN,,,,,,,,,,,,,,,,,,,,,,,,,,,,,,,,False,False,UNKNOWN,False,False,,,,,,,,,,NPB,2019-03-09 12:00:00,1,,,0,
2019030901,2019-03-09 13:00:00,千葉ロッテマリーンズ,中日ドラゴンズ,0.0,1.0,UNKNOWN,ＺＯＺＯマリンスタジアム,excluded,high,False,False,,,[],[],,,,,0,light,2019-03-09 13:00:00+00:00,,UNKNOWN,,,,UNKNOWN,UNKNOWN,,UNKNOWN,,,,,,,,,,,,,,,,,,,,,,,,,,,,,,,,False,False,UNKNOWN,False,False,,,,,,,,,,NPB,2019-03-09 13:00:00,1,,,0,
2019030903,2019-03-09 13:00:00,阪神タイガース,北海道日本ハムファイターズ,3.0,3.0,UNKNOWN,阪神甲子園球場,excluded,high,False,False,,,[],[],,,,,0,light,2019-03-09 13:00:00+00:00,,UNKNOWN,,,,UNKNOWN,UNKNOWN,,UNKNOWN,,,,,,,,,,,,,,,,,,,,,,,,,,,,,,,,False,False,UNKNOWN,False,False,,,,,,,,,,NPB,2019-03-09 13:00:00,1,,,0,
2019030904,2019-03-09 13:00:00,東北楽天ゴールデンイーグルス,埼玉西武ライオンズ,5.0,8.0,UNKNOWN,岡山県倉敷スポーツ公園野球場,excluded,high,False,False,,,[],[],,,,,0,light,2019-03-09 13:00:00+00:00,,UNKNOWN,,,,UNKNOWN,UNKNOWN,,UNKNOWN,,,,,,,,,,,,,,,,,,,,,,,,,,,,,,,,False,False,UNKNOWN,False,False,,,,,,,,,,NPB,2019-03-09 13:00:00,1,,,0,
2019030905,2019-03-09 13:00:00,広島東洋カープ,横浜DeNAベイスターズ,12.0,5.0,UNKNOWN,竹ケ端運動公園野球場,excluded,high,False,False,,,[],[],,,,,0,light,2019-03-09 13:00:00+00:00,,UNKNOWN,,,,UNKNOWN,UNKNOWN,,UNKNOWN,,,,,,,,,,,,,,,,,,,,,,,,,,,,,,,,False,False,UNKNOWN,False,False,,,,,,,,,,NPB,2019-03-09 13:00:00,1,,,0,
2019030906,2019-03-09 13:30:00,福岡ソフトバンクホークス,東京ヤクルトスワローズ,4.0,3.0,UNKNOWN,タマホーム スタジアム筑後,excluded,high,False,False,,,[],[],,,,,0,light,2019-03-09 13:30:00+00:00,,UNKNOWN,,,,UNKNOWN,UNKNOWN,,UNKNOWN,,,,,,,,,,,,,,,,,,,,,,,,,,,,,,,,False,False,UNKNOWN,False,False,,,,,,,,,,NPB,2019-03-09 13:30:00,1,,,0,
2019031002,2019-03-10 12:00:00,オリックス・バファローズ,北海道日本ハムファイターズ,7.0,5.0,UNKNOWN,京セラドーム大阪,unknown,low,False,False,,,[],[],,,,,0,light,2019-03-10 12:00:00+00:00,,UNKNOWN,,,,UNKNOWN,UNKNOWN,,UNKNOWN,,,,,,,,,,,,,,,,,,,,,,,,,,,,,,,,False,False,UNKNOWN,False,False,,,,,,,,,,NPB,2019-03-10 12:00:00,1,,,0,
2019031001,2019-03-10 13:00:00,千葉ロッテマリーンズ,中日ドラゴンズ,1.0,1.0,UNKNOWN,ＺＯＺＯマリンスタジアム,unknown,low,False,False,,,[],[],,,,,0,light,2019-03-10 13:00:00+00:00,,UNKNOWN,,,,UNKNOWN,UNKNOWN,,UNKNOWN,,,,,,,,,,,,,,,,,,,,,,,,,,,,,,,,False,False,UNKNOWN,False,False,,,,,,,,,,NPB,2019-03-10 13:00:00,1,,,0,
2019031003,2019-03-10 13:00:00,阪神タイガース,読売ジャイアンツ,1.0,3.0,UNKNOWN,阪神甲子園球場,unknown,low,False,False,,,[],[],,,,,0,light,2019-03-10 13:00:00+00:00,,UNKNOWN,,,,UNKNOWN,UNKNOWN,,UNKNOWN,,,,,,,,,,,,,,,,,,,,,,,,,,,,,,,,False,False,UNKNOWN,False,False,,,,,,,,,,NPB,2019-03-10 13:00:00,1,,,0,
2019031201,2019-03-12 13:00:00,千葉ロッテマリーンズ,東京ヤクルトスワローズ,0.0,4.0,UNKNOWN,ＺＯＺＯマリンスタジアム,excluded,high,False,False,,,[],[],,,,,0,light,2019-03-12 13:00:00+00:00,,UNKNOWN,,,,UNKNOWN,UNKNOWN,,UNKNOWN,,,,,,,,,,,,,,,,,,,,,,,,,,,,,,,,False,False,UNKNOWN,False,False,,,,,,,,,,NPB,2019-03-12 13:00:00,1,,,0,
2019031202,2019-03-12 13:00:00,東北楽天ゴールデンイーグルス,横浜DeNAベイスターズ,7.0,1.0,UNKNOWN,草薙総合運動場野球場,excluded,high,False,False,,,[],[],,,,,0,light,2019-03-12 13:00:00+00:00,,UNKNOWN,,,,UNKNOWN,UNKNOWN,,UNKNOWN,,,,,,,,,,,,,,,,,,,,,,,,,,,,,,,,False,False,UNKNOWN,False,False,,,,,,,,,,NPB,2019-03-12 13:00:00,1,,,0,
2019031204,2019-03-12 13:00:00,オリックス・バファローズ,埼玉西武ライオンズ,7.0,6.0,UNKNOWN,ウインク球場,excluded,high,False,False,,,[],[],,,,,0,light,2019-03-12 13:00:00+00:00,,UNKNOWN,,,,UNKNOWN,UNKNOWN,,UNKNOWN,,,,,,,,,,,,,,,,,,,,,,,,,,,,,,,,False,False,UNKNOWN,False,False,,,,,,,,,,NPB,2019-03-12 13:00:00,1,,,0,
2019031205,2019-03-12 13:00:00,広島東洋カープ,北海道日本ハムファイターズ,0.0,13.0,UNKNOWN,ＭＡＺＤＡ　Ｚｏｏｍ－Ｚｏｏｍ　スタジアム広島,excluded,high,False,False,,,[],[],,,,,0,light,2019-03-12 13:00:00+00:00,,UNKNOWN,,,,UNKNOWN,UNKNOWN,,UNKNOWN,,,,,,,,,,,,,,,,,,,,,,,,,,,,,,,,False,False,UNKNOWN,False,False,,,,,,,,,,NPB,2019-03-12 13:00:00,1,,,0,
2019031206,2019-03-12 13:00:00,福岡ソフトバンクホークス,読売ジャイアンツ,2.0,4.0,UNKNOWN,北九州市民球場,excluded,high,False,False,,,[],[],,,,,0,light,2019-03-12 13:00:00+00:00,,UNKNOWN,,,,UNKNOWN,UNKNOWN,,UNKNOWN,,,,,,,,,,,,,,,,,,,,,,,,,,,,,,,,False,False,UNKNOWN,False,False,,,,,,,,,,NPB,2019-03-12 13:00:00,1,,,0,
2019031203,2019-03-12 14:00:00,中日ドラゴンズ,阪神タイガース,4.0,5.0,UNKNOWN,ナゴヤドーム,excluded,high,False,False,,,[],[],,,,,0,light,2019-03-12 14:00:00+00:00,,UNKNOWN,,,,UNKNOWN,UNKNOWN,,UNKNOWN,,,,,,,,,,,,,,,,,,,,,,,,,,,,,,,,False,False,UNKNOWN,False,False,,,,,,,,,,NPB,2019-03-12 14:00:00,1,,,0,
2019031304,2019-03-13 12:30:00,オリックス・バファローズ,埼玉西武ライオンズ,2.0,2.0,UNKNOWN,大阪シティ信用金庫スタジアム,unknown,low,False,False,,,[],[],,,,,0,light,2019-03-13 12:30:00+00:00,,UNKNOWN,,,,UNKNOWN,UNKNOWN,,UNKNOWN,,,,,,,,,,,,,,,,,,,,,,,,,,,,,,,,False,False,UNKNOWN,False,False,,,,,,,,,,NPB,2019-03-13 12:30:00,1,,,0,
2019031301,2019-03-13 13:00:00,千葉ロッテマリーンズ,東京ヤクルトスワローズ,5.0,9.0,UNKNOWN,ＺＯＺＯマリンスタジアム,excluded,high,False,False,,,[],[],,,,,0,light,2019-03-13 13:00:00+00:00,,UNKNOWN,,,,UNKNOWN,UNKNOWN,,UNKNOWN,,,,,,,,,,,,,,,,,,,,,,,,,,,,,,,,False,False,UNKNOWN,False,False,,,,,,,,,,NPB,2019-03-13 13:00:00,1,,,0,
2019031302,2019-03-13 13:00:00,東北楽天ゴールデンイーグルス,横浜DeNAベイスターズ,3.0,3.0,UNKNOWN,草薙総合運動場野球場,excluded,high,False,False,,,[],[],,,,,0,light,2019-03-13 13:00:00+00:00,,UNKNOWN,,,,UNKNOWN,UNKNOWN,,UNKNOWN,,,,,,,,,,,,,,,,,,,,,,,,,,,,,,,,False,False,UNKNOWN,False,False,,,,,,,,,,NPB,2019-03-13 13:00:00,1,,,0,
2019031305,2019-03-13 13:00:00,広島東洋カープ,北海道日本ハムファイターズ,5.0,1.0,UNKNOWN,ＭＡＺＤＡ　Ｚｏｏｍ－Ｚｏｏｍ　スタジアム広島,excluded,high,False,False,,,[],[],,,,,0,light,2019-03-13 13:00:00+00:00,,UNKNOWN,,,,UNKNOWN,UNKNOWN,,UNKNOWN,,,,,,,,,,,,,,,,,,,,,,,,,,,,,,,,False,False,UNKNOWN,False,False,,,,,,,,,,NPB,2019-03-13 13:00:00,1,,,0,
2019031303,2019-03-13 14:00:00,中日ドラゴンズ,阪神タイガース,2.0,4.0,UNKNOWN,ナゴヤドーム,excluded,high,False,False,,,[],[],,,,,0,light,2019-03-13 14:00:00+00:00,,UNKNOWN,,,,UNKNOWN,UNKNOWN,,UNKNOWN,,,,,,,,,,,,,,,,,,,,,,,,,,,,,,,,False,False,UNKNOWN,False,False,,,,,,,,,,NPB,2019-03-13 14:00:00,1,,,0,
2019031306,2019-03-13 18:00:00,福岡ソフトバンクホークス,読売ジャイアンツ,3.0,2.0,UNKNOWN,福岡 ヤフオク!ドーム,excluded,high,False,False,,,[],[],,,,,0,light,2019-03-13 18:00:00+00:00,,UNKNOWN,,,,UNKNOWN,UNKNOWN,,UNKNOWN,,,,,,,,,,,,,,,,,,,,,,,,,,,,,,,,False,False,UNKNOWN,False,False,,,,,,,,,,NPB,2019-03-13 18:00:00,1,,,0,
2019031401,2019-03-14 13:00:00,東北楽天ゴールデンイーグルス,横浜DeNAベイスターズ,5.0,2.0,UNKNOWN,草薙総合運動場野球場,excluded,high,False,False,,,[],[],,,,,0,light,2019-03-14 13:00:00+00:00,,UNKNOWN,,,,UNKNOWN,UNKNOWN,,UNKNOWN,,,,,,,,,,,,,,,,,,,,,,,,,,,,,,,,False,False,UNKNOWN,False,False,,,,,,,,,,NPB,2019-03-14 13:00:00,1,,,0,
2019031402,2019-03-14 13:00:00,中日ドラゴンズ,埼玉西武ライオンズ,0.0,3.0,UNKNOWN,ナゴヤドーム,excluded,high,False,False,,,[],[],,,,,0,light,2019-03-14 13:00:00+00:00,,UNKNOWN,,,,UNKNOWN,UNKNOWN,,UNKNOWN,,,,,,,,,,,,,,,,,,,,,,,,,,,,,,,,False,False,UNKNOWN,False,False,,,,,,,,,,NPB,2019-03-14 13:00:00,1,,,0,
2019031403,2019-03-14 13:00:00,オリックス・バファローズ,広島東洋カープ,2.0,3.0,UNKNOWN,大阪シティ信用金庫スタジアム,unknown,low,False,False,,,[],[],,,,,0,light,2019-03-14 13:00:00+00:00,,UNKNOWN,,,,UNKNOWN,UNKNOWN,,UNKNOWN,,,,,,,,,,,,,,,,,,,,,,,,,,,,,,,,False,False,UNKNOWN,False,False,,,,,,,,,,NPB,2019-03-14 13:00:00,1,,,0,
2019031404,2019-03-14 18:00:00,福岡ソフトバンクホークス,読売ジャイアンツ,3.0,4.0,UNKNOWN,福岡 ヤフオク!ドーム,unknown,low,False,False,,,[],[],,,,,0,light,2019-03-14 18:00:00+00:00,,UNKNOWN,,,,UNKNOWN,UNKNOWN,,UNKNOWN,,,,,,,,,,,,,,,,,,,,,,,,,,,,,,,,False,False,UNKNOWN,False,False,,,,,,,,,,NPB,2019-03-14 18:00:00,1,,,0,
2019031601,2019-03-16 13:00:00,千葉ロッテマリーンズ,北海道日本ハムファイターズ,3.0,4.0,UNKNOWN,ＺＯＺＯマリンスタジアム,excluded,high,False,False,,,[],[],,,,,0,light,2019-03-16 13:00:00+00:00,,UNKNOWN,,,,UNKNOWN,UNKNOWN,,UNKNOWN,,,,,,,,,,,,,,,,,,,,,,,,,,,,,,,,False,False,UNKNOWN,False,False,,,,,,,,,,NPB,2019-03-16 13:00:00,1,,,0,
2019031602,2019-03-16 13:00:00,東京ヤクルトスワローズ,読売ジャイアンツ,7.0,8.0,UNKNOWN,明治神宮野球場,excluded,high,False,False,,,[],[],,,,,0,light,2019-03-16 13:00:00+00:00,,UNKNOWN,,,,UNKNOWN,UNKNOWN,,UNKNOWN,,,,,,,,,,,,,,,,,,,,,,,,,,,,,,,,False,False,UNKNOWN,False,False,,,,,,,,,,NPB,2019-03-16 13:00:00,1,,,0,
2019031603,2019-03-16 13:00:00,横浜DeNAベイスターズ,福岡ソフトバンクホークス,1.0,4.0,UNKNOWN,横浜スタジアム,excluded,high,False,False,,,[],[],,,,,0,light,2019-03-16 13:00:00+00:00,,UNKNOWN,,,,UNKNOWN,UNKNOWN,,UNKNOWN,,,,,,,,,,,,,,,,,,,,,,,,,,,,,,,,False,False,UNKNOWN,False,False,,,,,,,,,,NPB,2019-03-16 13:00:00,1,,,0,
2019031604,2019-03-16 13:00:00,東北楽天ゴールデンイーグルス,中日ドラゴンズ,0.0,6.0,UNKNOWN,草薙総合運動場野球場,excluded,high,False,False,,,[],[],,,,,0,light,2019-03-16 13:00:00+00:00,,UNKNOWN,,,,UNKNOWN,UNKNOWN,,UNKNOWN,,,,,,,,,,,,,,,,,,,,,,,,,,,,,,,,False,False,UNKNOWN,False,False,,,,,,,,,,NPB,2019-03-16 13:00:00,1,,,0,
2019031605,2019-03-16 13:00:00,阪神タイガース,埼玉西武ライオンズ,1.0,5.0,UNKNOWN,阪神甲子園球場,excluded,high,False,False,,,[],[],,,,,0,light,2019-03-16 13:00:00+00:00,,UNKNOWN,,,,UNKNOWN,UNKNOWN,,UNKNOWN,,,,,,,,,,,,,,,,,,,,,,,,,,,,,,,,False,False,UNKNOWN,False,False,,,,,,,,,,NPB,2019-03-16 13:00:00,1,,,0,
2019031606,2019-03-16 13:00:00,広島東洋カープ,オリックス・バファローズ,3.0,5.0,UNKNOWN,ＭＡＺＤＡ　Ｚｏｏｍ－Ｚｏｏｍ　スタジアム広島,excluded,high,False,False,,,[],[],,,,,0,light,2019-03-16 13:00:00+00:00,,UNKNOWN,,,,UNKNOWN,UNKNOWN,,UNKNOWN,,,,,,,,,,,,,,,,,,,,,,,,,,,,,,,,False,False,UNKNOWN,False,False,,,,,,,,,,NPB,2019-03-16 13:00:00,1,,,0,
2019031701,2019-03-17 13:00:00,東京ヤクルトスワローズ,福岡ソフトバンクホークス,5.0,7.0,UNKNOWN,明治神宮野球場,excluded,high,False,False,,,[],[],,,,,0,light,2019-03-17 13:00:00+00:00,,UNKNOWN,,,,UNKNOWN,UNKNOWN,,UNKNOWN,,,,,,,,,,,,,,,,,,,,,,,,,,,,,,,,False,False,UNKNOWN,False,False,,,,,,,,,,NPB,2019-03-17 13:00:00,1,,,0,
2019031702,2019-03-17 13:00:00,横浜DeNAベイスターズ,千葉ロッテマリーンズ,7.0,4.0,UNKNOWN,横浜スタジアム,excluded,high,False,False,,,[],[],,,,,0,light,2019-03-17 13:00:00+00:00,,UNKNOWN,,,,UNKNOWN,UNKNOWN,,UNKNOWN,,,,,,,,,,,,,,,,,,,,,,,,,,,,,,,,False,False,UNKNOWN,False,False,,,,,,,,,,NPB,2019-03-17 13:00:00,1,,,0,
2019031703,2019-03-17 13:00:00,東北楽天ゴールデンイーグルス,中日ドラゴンズ,4.0,2.0,UNKNOWN,草薙総合運動場野球場,allstar,high,False,True,,,[],[],,,,,0,light,2019-03-17 13:00:00+00:00,,UNKNOWN,,,,UNKNOWN,UNKNOWN,,UNKNOWN,,,,,,,,,,,,,,,,,,,,,,,,,,,,,,,,False,False,UNKNOWN,False,False,,,,,,,,,,NPB,2019-03-17 13:00:00,1,,,0,
2019031704,2019-03-17 13:00:00,阪神タイガース,埼玉西武ライオンズ,7.0,3.0,UNKNOWN,阪神甲子園球場,excluded,high,False,False,,,[],[],,,,,0,light,2019-03-17 13:00:00+00:00,,UNKNOWN,,,,UNKNOWN,UNKNOWN,,UNKNOWN,,,,,,,,,,,,,,,,,,,,,,,,,,,,,,,,False,False,UNKNOWN,False,False,,,,,,,,,,NPB,2019-03-17 13:00:00,1,,,0,
2019031705,2019-03-17 13:00:00,広島東洋カープ,オリックス・バファローズ,0.0,0.0,UNKNOWN,ＭＡＺＤＡ　Ｚｏｏｍ－Ｚｏｏｍ　スタジアム広島,unknown,low,False,False,,,[],[],,,,,0,light,2019-03-17 13:00:00+00:00,,UNKNOWN,,,,UNKNOWN,UNKNOWN,,UNKNOWN,,,,,,,,,,,,,,,,,,,,,,,,,,,,,,,,False,False,UNKNOWN,False,False,,,,,,,,,,NPB,2019-03-17 13:00:00,1,,,0,
2019031901,2019-03-19 13:00:00,埼玉西武ライオンズ,千葉ロッテマリーンズ,3.0,10.0,UNKNOWN,メットライフドーム,excluded,high,False,False,,,[],[],,,,,0,light,2019-03-19 13:00:00+00:00,,UNKNOWN,,,,UNKNOWN,UNKNOWN,,UNKNOWN,,,,,,,,,,,,,,,,,,,,,,,,,,,,,,,,False,False,UNKNOWN,False,False,,,,,,,,,,NPB,2019-03-19 13:00:00,1,,,0,
2019031902,2019-03-19 13:00:00,東京ヤクルトスワローズ,広島東洋カープ,3.0,4.0,UNKNOWN,明治神宮野球場,excluded,high,False,False,,,[],[],,,,,0,light,2019-03-19 13:00:00+00:00,,UNKNOWN,,,,UNKNOWN,UNKNOWN,,UNKNOWN,,,,,,,,,,,,,,,,,,,,,,,,,,,,,,,,False,False,UNKNOWN,False,False,,,,,,,,,,NPB,2019-03-19 13:00:00,1,,,0,
2019031903,2019-03-19 13:00:00,横浜DeNAベイスターズ,阪神タイガース,8.0,4.0,UNKNOWN,横浜スタジアム,excluded,high,False,False,,,[],[],,,,,0,light,2019-03-19 13:00:00+00:00,,UNKNOWN,,,,UNKNOWN,UNKNOWN,,UNKNOWN,,,,,,,,,,,,,,,,,,,,,,,,,,,,,,,,False,False,UNKNOWN,False,False,,,,,,,,,,NPB,2019-03-19 13:00:00,1,,,0,
2019031904,2019-03-19 14:00:00,中日ドラゴンズ,オリックス・バファローズ,4.0,1.0,UNKNOWN,ナゴヤドーム,excluded,high,False,False,,,[],[],,,,,0,light,2019-03-19 14:00:00+00:00,,UNKNOWN,,,,UNKNOWN,UNKNOWN,,UNKNOWN,,,,,,,,,,,,,,,,,,,,,,,,,,,,,,,,False,False,UNKNOWN,False,False,,,,,,,,,,NPB,2019-03-19 14:00:00,1,,,0,
2019032001,2019-03-20 13:00:00,埼玉西武ライオンズ,千葉ロッテマリーンズ,3.0,1.0,UNKNOWN,メットライフドーム,excluded,high,False,False,,,[],[],,,,,0,light,2019-03-20 13:00:00+00:00,,UNKNOWN,,,,UNKNOWN,UNKNOWN,,UNKNOWN,,,,,,,,,,,,,,,,,,,,,,,,,,,,,,,,False,False,UNKNOWN,False,False,,,,,,,,,,NPB,2019-03-20 13:00:00,1,,,0,
2019032002,2019-03-20 13:00:00,読売ジャイアンツ,北海道日本ハムファイターズ,6.0,3.0,UNKNOWN,山日ＹＢＳ球場,excluded,high,False,False,,,[],[],,,,,0,light,2019-03-20 13:00:00+00:00,,UNKNOWN,,,,UNKNOWN,UNKNOWN,,UNKNOWN,,,,,,,,,,,,,,,,,,,,,,,,,,,,,,,,False,False,UNKNOWN,False,False,,,,,,,,,,NPB,2019-03-20 13:00:00,1,,,0,
2019032003,2019-03-20 13:00:00,東京ヤクルトスワローズ,阪神タイガース,1.0,10.0,UNKNOWN,明治神宮野球場,excluded,high,False,False,,,[],[],,,,,0,light,2019-03-20 13:00:00+00:00,,UNKNOWN,,,,UNKNOWN,UNKNOWN,,UNKNOWN,,,,,,,,,,,,,,,,,,,,,,,,,,,,,,,,False,False,UNKNOWN,False,False,,,,,,,,,,NPB,2019-03-20 13:00:00,1,,,0,
2019032004,2019-03-20 13:00:00,横浜DeNAベイスターズ,広島東洋カープ,1.0,0.0,UNKNOWN,横浜スタジアム,excluded,high,False,False,,,[],[],,,,,0,light,2019-03-20 13:00:00+00:00,,UNKNOWN,,,,UNKNOWN,UNKNOWN,,UNKNOWN,,,,,,,,,,,,,,,,,,,,,,,,,,,,,,,,False,False,UNKNOWN,False,False,,,,,,,,,,NPB,2019-03-20 13:00:00,1,,,0,
2019032005,2019-03-20 14:00:00,中日ドラゴンズ,オリックス・バファローズ,0.0,2.0,UNKNOWN,ナゴヤドーム,excluded,high,False,False,,,[],[],,,,,0,light,2019-03-20 14:00:00+00:00,,UNKNOWN,,,,UNKNOWN,UNKNOWN,,UNKNOWN,,,,,,,,,,,,,,,,,,,,,,,,,,,,,,,,False,False,UNKNOWN,False,False,,,,,,,,,,NPB,2019-03-20 14:00:00,1,,,0,
2019032006,2019-03-20 18:00:00,福岡ソフトバンクホークス,東北楽天ゴールデンイーグルス,4.0,3.0,UNKNOWN,福岡 ヤフオク!ドーム,excluded,high,False,False,,,[],[],,,,,0,light,2019-03-20 18:00:00+00:00,,UNKNOWN,,,,UNKNOWN,UNKNOWN,,UNKNOWN,,,,,,,,,,,,,,,,,,,,,,,,,,,,,,,,False,False,UNKNOWN,False,False,,,,,,,,,,NPB,2019-03-20 18:00:00,1,,,0,
2019032101,2019-03-21 13:00:00,埼玉西武ライオンズ,読売ジャイアンツ,2.0,13.0,UNKNOWN,メットライフドーム,excluded,high,False,False,,,[],[],,,,,0,light,2019-03-21 13:00:00+00:00,,UNKNOWN,,,,UNKNOWN,UNKNOWN,,UNKNOWN,,,,,,,,,,,,,,,,,,,,,,,,,,,,,,,,False,False,UNKNOWN,False,False,,,,,,,,,,NPB,2019-03-21 13:00:00,1,,,0,
2019032102,2019-03-21 13:00:00,千葉ロッテマリーンズ,阪神タイガース,3.0,0.0,UNKNOWN,ＺＯＺＯマリンスタジアム,unknown,low,False,False,,,[],[],,,,,0,light,2019-03-21 13:00:00+00:00,,UNKNOWN,,,,UNKNOWN,UNKNOWN,,UNKNOWN,,,,,,,,,,,,,,,,,,,,,,,,,,,,,,,,False,False,UNKNOWN,False,False,,,,,,,,,,NPB,2019-03-21 13:00:00,1,,,0,
2019032103,2019-03-21 13:00:00,東京ヤクルトスワローズ,広島東洋カープ,7.0,7.0,UNKNOWN,明治神宮野球場,excluded,high,False,False,,,[],[],,,,,0,light,2019-03-21 13:00:00+00:00,,UNKNOWN,,,,UNKNOWN,UNKNOWN,,UNKNOWN,,,,,,,,,,,,,,,,,,,,,,,,,,,,,,,,False,False,UNKNOWN,False,False,,,,,,,,,,NPB,2019-03-21 13:00:00,1,,,0,
2019032104,2019-03-21 13:00:00,横浜DeNAベイスターズ,北海道日本ハムファイターズ,2.0,2.0,UNKNOWN,横浜スタジアム,unknown,low,False,False,,,[],[],,,,,0,light,2019-03-21 13:00:00+00:00,,UNKNOWN,,,,UNKNOWN,UNKNOWN,,UNKNOWN,,,,,,,,,,,,,,,,,,,,,,,,,,,,,,,,False,False,UNKNOWN,False,False,,,,,,,,,,NPB,2019-03-21 13:00:00,1,,,0,
2019032105,2019-03-21 14:00:00,中日ドラゴンズ,オリックス・バファローズ,7.0,4.0,UNKNOWN,ナゴヤドーム,excluded,high,False,False,,,[],[],,,,,0,light,2019-03-21 14:00:00+00:00,,UNKNOWN,,,,UNKNOWN,UNKNOWN,,UNKNOWN,,,,,,,,,,,,,,,,,,,,,,,,,,,,,,,,False,False,UNKNOWN,False,False,,,,,,,,,,NPB,2019-03-21 14:00:00,1,,,0,
2019032106,2019-03-21 14:00:00,福岡ソフトバンクホークス,東北楽天ゴールデンイーグルス,4.0,6.0,UNKNOWN,福岡 ヤフオク!ドーム,unknown,low,False,False,,,[],[],,,,,0,light,2019-03-21 14:00:00+00:00,,UNKNOWN,,,,UNKNOWN,UNKNOWN,,UNKNOWN,,,,,,,,,,,,,,,,,,,,,,,,,,,,,,,,False,False,UNKNOWN,False,False,,,,,,,,,,NPB,2019-03-21 14:00:00,1,,,0,
2019032201,2019-03-22 18:00:00,中日ドラゴンズ,東北楽天ゴールデンイーグルス,2.0,2.0,UNKNOWN,ナゴヤドーム,excluded,high,False,False,,,[],[],,,,,0,light,2019-03-22 18:00:00+00:00,,UNKNOWN,,,,UNKNOWN,UNKNOWN,,UNKNOWN,,,,,,,,,,,,,,,,,,,,,,,,,,,,,,,,False,False,UNKNOWN,False,False,,,,,,,,,,NPB,2019-03-22 18:00:00,1,,,0,
2019032202,2019-03-22 18:00:00,オリックス・バファローズ,阪神タイガース,3.0,2.0,UNKNOWN,京セラドーム大阪,excluded,high,False,False,,,[],[],,,,,0,light,2019-03-22 18:00:00+00:00,,UNKNOWN,,,,UNKNOWN,UNKNOWN,,UNKNOWN,,,,,,,,,,,,,,,,,,,,,,,,,,,,,,,,False,False,UNKNOWN,False,False,,,,,,,,,,NPB,2019-03-22 18:00:00,1,,,0,
2019032203,2019-03-22 18:00:00,福岡ソフトバンクホークス,広島東洋カープ,0.0,4.0,UNKNOWN,福岡 ヤフオク!ドーム,excluded,high,False,False,,,[],[],,,,,0,light,2019-03-22 18:00:00+00:00,,UNKNOWN,,,,UNKNOWN,UNKNOWN,,UNKNOWN,,,,,,,,,,,,,,,,,,,,,,,,,,,,,,,,False,False,UNKNOWN,False,False,,,,,,,,,,NPB,2019-03-22 18:00:00,1,,,0,
2019032302,2019-03-23 13:00:00,埼玉西武ライオンズ,横浜DeNAベイスターズ,4.0,3.0,UNKNOWN,メットライフドーム,unknown,low,False,False,,,[],[],,,,,0,light,2019-03-23 13:00:00+00:00,,UNKNOWN,,,,UNKNOWN,UNKNOWN,,UNKNOWN,,,,,,,,,,,,,,,,,,,,,,,,,,,,,,,,False,False,UNKNOWN,False,False,,,,,,,,,,NPB,2019-03-23 13:00:00,1,,,0,
2019032306,2019-03-23 13:00:00,福岡ソフトバンクホークス,広島東洋カープ,5.0,2.0,UNKNOWN,福岡 ヤフオク!ドーム,excluded,high,False,False,,,[],[],,,,,0,light,2019-03-23 13:00:00+00:00,,UNKNOWN,,,,UNKNOWN,UNKNOWN,,UNKNOWN,,,,,,,,,,,,,,,,,,,,,,,,,,,,,,,,False,False,UNKNOWN,False,False,,,,,,,,,,NPB,2019-03-23 13:00:00,1,,,0,
2019032301,2019-03-23 14:00:00,北海道日本ハムファイターズ,東京ヤクルトスワローズ,0.0,5.0,UNKNOWN,札幌ドーム,excluded,high,False,False,,,[],[],,,,,0,light,2019-03-23 14:00:00+00:00,,UNKNOWN,,,,UNKNOWN,UNKNOWN,,UNKNOWN,,,,,,,,,,,,,,,,,,,,,,,,,,,,,,,,False,False,UNKNOWN,False,False,,,,,,,,,,NPB,2019-03-23 14:00:00,1,,,0,
2019032304,2019-03-23 14:00:00,中日ドラゴンズ,東北楽天ゴールデンイーグルス,4.0,3.0,UNKNOWN,ナゴヤドーム,excluded,high,False,False,,,[],[],,,,,0,light,2019-03-23 14:00:00+00:00,,UNKNOWN,,,,UNKNOWN,UNKNOWN,,UNKNOWN,,,,,,,,,,,,,,,,,,,,,,,,,,,,,,,,False,False,UNKNOWN,False,False,,,,,,,,,,NPB,2019-03-23 14:00:00,1,,,0,
2019032305,2019-03-23 14:00:00,阪神タイガース,オリックス・バファローズ,2.0,4.0,UNKNOWN,京セラドーム大阪,excluded,high,False,False,,,[],[],,,,,0,light,2019-03-23 14:00:00+00:00,,UNKNOWN,,,,UNKNOWN,UNKNOWN,,UNKNOWN,,,,,,,,,,,,,,,,,,,,,,,,,,,,,,,,False,False,UNKNOWN,False,False,,,,,,,,,,NPB,2019-03-23 14:00:00,1,,,0,
2019032303,2019-03-23 18:00:00,読売ジャイアンツ,千葉ロッテマリーンズ,5.0,8.0,UNKNOWN,東京ドーム,unknown,low,False,False,,,[],[],,,,,0,light,2019-03-23 18:00:00+00:00,,UNKNOWN,,,,UNKNOWN,UNKNOWN,,UNKNOWN,,,,,,,,,,,,,,,,,,,,,,,,,,,,,,,,False,False,UNKNOWN,False,False,2019-03-23 09:00:00+00:00,,UNKNOWN,Open-Meteo Historical Forecast,FAIL_CLOSED_NO_ISSUANCE_TIMESTAMP,7.0,50.0,0.0,4.0,NPB,2019-03-23 18:00:00,1,,,0,
2019032401,2019-03-24 13:00:00,北海道日本ハムファイターズ,東京ヤクルトスワローズ,2.0,4.0,UNKNOWN,札幌ドーム,excluded,high,False,False,,,[],[],,,,,0,light,2019-03-24 13:00:00+00:00,,UNKNOWN,,,,UNKNOWN,UNKNOWN,,UNKNOWN,,,,,,,,,,,,,,,,,,,,,,,,,,,,,,,,False,False,UNKNOWN,False,False,,,,,,,,,,NPB,2019-03-24 13:00:00,1,,,0,
2019032402,2019-03-24 13:00:00,埼玉西武ライオンズ,横浜DeNAベイスターズ,1.0,6.0,UNKNOWN,メットライフドーム,excluded,high,False,False,,,[],[],,,,,0,light,2019-03-24 13:00:00+00:00,,UNKNOWN,,,,UNKNOWN,UNKNOWN,,UNKNOWN,,,,,,,,,,,,,,,,,,,,,,,,,,,,,,,,False,False,UNKNOWN,False,False,,,,,,,,,,NPB,2019-03-24 13:00:00,1,,,0,
2019032403,2019-03-24 14:00:00,読売ジャイアンツ,千葉ロッテマリーンズ,6.0,4.0,UNKNOWN,東京ドーム,excluded,high,False,False,,,[],[],,,,,0,light,2019-03-24 14:00:00+00:00,,UNKNOWN,,,,UNKNOWN,UNKNOWN,,UNKNOWN,,,,,,,,,,,,,,,,,,,,,,,,,,,,,,,,False,False,UNKNOWN,False,False,2019-03-24 05:00:00+00:00,,UNKNOWN,Open-Meteo Historical Forecast,FAIL_CLOSED_NO_ISSUANCE_TIMESTAMP,13.5,19.0,0.0,3.3,NPB,2019-03-24 14:00:00,1,,,0,
2019032404,2019-03-24 14:00:00,中日ドラゴンズ,東北楽天ゴールデンイーグルス,7.0,7.0,UNKNOWN,ナゴヤドーム,excluded,high,False,False,,,[],[],,,,,0,light,2019-03-24 14:00:00+00:00,,UNKNOWN,,,,UNKNOWN,UNKNOWN,,UNKNOWN,,,,,,,,,,,,,,,,,,,,,,,,,,,,,,,,False,False,UNKNOWN,False,False,,,,,,,,,,NPB,2019-03-24 14:00:00,1,,,0,
2019032405,2019-03-24 14:00:00,オリックス・バファローズ,阪神タイガース,4.0,8.0,UNKNOWN,京セラドーム大阪,excluded,high,False,False,,,[],[],,,,,0,light,2019-03-24 14:00:00+00:00,,UNKNOWN,,,,UNKNOWN,UNKNOWN,,UNKNOWN,,,,,,,,,,,,,,,,,,,,,,,,,,,,,,,,False,False,UNKNOWN,False,False,,,,,,,,,,NPB,2019-03-24 14:00:00,1,,,0,
2019032406,2019-03-24 14:00:00,広島東洋カープ,福岡ソフトバンクホークス,6.0,6.0,UNKNOWN,ＭＡＺＤＡ　Ｚｏｏｍ－Ｚｏｏｍ　スタジアム広島,excluded,high,False,False,,,[],[],,,,,0,light,2019-03-24 14:00:00+00:00,,UNKNOWN,,,,UNKNOWN,UNKNOWN,,UNKNOWN,,,,,,,,,,,,,,,,,,,,,,,,,,,,,,,,False,False,UNKNOWN,False,False,,,,,,,,,,NPB,2019-03-24 14:00:00,1,,,0,
2019032902,2019-03-29 18:00:00,阪神タイガース,東京ヤクルトスワローズ,2.0,1.0,UNKNOWN,京セラドーム大阪,excluded,high,False,False,1200076,500502,[],[],,,,,0,light,2019-03-29 18:00:00+00:00,,UNKNOWN,,,,UNKNOWN,UNKNOWN,,UNKNOWN,,0.0,0.5714285714285714,5.142857142857143,0.0,0.0,2.0571428571428574,7.0,0.0,4.0,0.0,0.0,4.0,,,,1.2857142857142858,1.2857142857142858,6.428571428571429,3.857142857142857,0.0,3.0571428571428574,7.0,1.0,6.0,0.0,3.0,5.0,,,,True,True,UNKNOWN,False,False,,,,,,,,,,NPB,2019-03-29 18:00:00,1,,,0,
2019032903,2019-03-29 18:00:00,広島東洋カープ,読売ジャイアンツ,5.0,0.0,UNKNOWN,ＭＡＺＤＡ　Ｚｏｏｍ－Ｚｏｏｍ　スタジアム広島,excluded,high,False,False,1200041,1300057,[],[],,,,,0,light,2019-03-29 18:00:00+00:00,,UNKNOWN,,,,UNKNOWN,UNKNOWN,,UNKNOWN,,1.2857142857142858,1.0,3.857142857142857,3.857142857142857,1.2857142857142858,5.485714285714286,7.0,1.0,4.0,1.0,3.0,3.0,,,,0.0,1.0,12.375,1.125,0.0,0.8250000000000002,8.0,0.0,7.0,0.0,1.0,11.0,,,,True,True,UNKNOWN,False,False,,,,,,,,,,NPB,2019-03-29 18:00:00,1,,,0,
2019032901,2019-03-29 18:30:00,横浜DeNAベイスターズ,中日ドラゴンズ,8.0,1.0,UNKNOWN,横浜スタジアム,excluded,high,False,False,1600109,1500061,[],[],,,,,0,light,2019-03-29 18:30:00+00:00,,UNKNOWN,,,,UNKNOWN,UNKNOWN,,UNKNOWN,,0.0,1.2,1.8,3.6,0.0,4.0,5.0,0.0,4.0,0.0,2.0,1.0,,,,0.0,0.75,12.375,1.125,0.0,0.8250000000000002,8.0,0.0,5.0,0.0,1.0,11.0,,,,True,True,UNKNOWN,False,False,,,,,,,,,,NPB,2019-03-29 18:30:00,1,,,0,
2019032904,2019-03-29 18:30:00,北海道日本ハムファイターズ,オリックス・バファローズ,7.0,3.0,UNKNOWN,札幌ドーム,excluded,high,False,False,1600150,1100099,[],[],,,,,0,light,2019-03-29 18:30:00+00:00,,UNKNOWN,,,,UNKNOWN,UNKNOWN,,UNKNOWN,,3.375,0.75,7.875,2.25,0.0,2.2,8.0,3.0,4.0,0.0,2.0,7.0,,,,4.5,1.8333333333333333,7.5,4.5,0.0,3.0333333333333337,6.0,3.0,8.0,0.0,3.0,5.0,,,,True,True,UNKNOWN,False,False,,,,,,,,,,NPB,2019-03-29 18:30:00,1,,,0,
2019032905,2019-03-29 18:30:00,千葉ロッテマリーンズ,東北楽天ゴールデンイーグルス,5.0,4.0,UNKNOWN,ＺＯＺＯマリンスタジアム,excluded,high,False,False,700065,1300050,[],[],,,,,0,light,2019-03-29 18:30:00+00:00,,UNKNOWN,,,,UNKNOWN,UNKNOWN,,UNKNOWN,,4.153846153846154,0.9230769230769231,8.307692307692308,4.153846153846154,4.153846153846154,8.73846153846154,4.333333333333333,2.0,2.0,2.0,2.0,4.0,,,,6.352941176470588,1.4117647058823528,3.176470588235294,3.176470588235294,1.588235294117647,5.847058823529412,5.666666666666667,4.0,6.0,1.0,2.0,2.0,,,,True,True,UNKNOWN,False,False,,,,,,,,,,NPB,2019-03-29 18:30:00,1,,,0,
2019032906,2019-03-29 18:30:00,福岡ソフトバンクホークス,埼玉西武ライオンズ,5.0,4.0,UNKNOWN,福岡 ヤフオク!ドーム,unknown,low,False,False,1500099,1000174,[],[],,,,,0,light,2019-03-29 18:30:00+00:00,,UNKNOWN,,,,UNKNOWN,UNKNOWN,,UNKNOWN,,7.2,2.4,5.4,3.6,1.8,5.800000000000001,5.0,4.0,10.0,1.0,2.0,3.0,,,,0.0,1.0,9.0,4.5,0.0,2.7,6.0,0.0,3.0,0.0,3.0,6.0,,,,True,True,UNKNOWN,False,False,,,,,,,,,,NPB,2019-03-29 18:30:00,1,,,0,
2019033006,2019-03-30 13:00:00,福岡ソフトバンクホークス,埼玉西武ライオンズ,6.0,5.0,UNKNOWN,福岡 ヤフオク!ドーム,excluded,high,False,False,1600127,1800013,[],[],,,,,0,light,2019-03-30 13:00:00+00:00,,UNKNOWN,,,,UNKNOWN,UNKNOWN,,UNKNOWN,,12.461538461538462,2.7692307692307696,12.461538461538462,6.230769230769231,2.076923076923077,5.507692307692308,4.333333333333333,6.0,9.0,1.0,3.0,6.0,,,,7.2,1.6,3.6,5.4,1.8,6.800000000000001,5.0,4.0,5.0,1.0,3.0,2.0,,,,True,True,UNKNOWN,False,False,,,,,,,,,,NPB,2019-03-30 13:00:00,1,,,0,
2019033001,2019-03-30 14:00:00,横浜DeNAベイスターズ,中日ドラゴンズ,1.0,9.0,UNKNOWN,横浜スタジアム,excluded,high,False,False,12191,1600084,[],[],,,,,0,light,2019-03-30 14:00:00+00:00,,UNKNOWN,,,,UNKNOWN,UNKNOWN,,UNKNOWN,,1.8,1.0,1.8,5.4,0.0,4.6,5.0,1.0,2.0,0.0,3.0,1.0,,,,9.818181818181818,2.181818181818182,7.363636363636364,4.909090909090909,0.0,3.2,3.6666666666666665,4.0,6.0,0.0,2.0,3.0,,,,True,True,UNKNOWN,False,False,,,,,,,,,,NPB,2019-03-30 14:00:00,1,,,0,
2019033002,2019-03-30 14:00:00,阪神タイガース,東京ヤクルトスワローズ,1.0,0.0,UNKNOWN,京セラドーム大阪,excluded,high,False,False,12113,1300070,[],[],,,,,0,light,2019-03-30 14:00:00+00:00,,UNKNOWN,,,,UNKNOWN,UNKNOWN,,UNKNOWN,,1.8,0.8,14.4,1.8,1.8,3.2,5.0,1.0,3.0,1.0,1.0,8.0,,,,0.0,0.7894736842105263,8.526315789473685,5.684210526315789,0.0,3.2,6.333333333333333,0.0,1.0,0.0,4.0,6.0,,,,True,True,UNKNOWN,False,False,,,,,,,,,,NPB,2019-03-30 14:00:00,1,,,0,
2019033003,2019-03-30 14:00:00,広島東洋カープ,読売ジャイアンツ,2.0,5.0,UNKNOWN,ＭＡＺＤＡ　Ｚｏｏｍ－Ｚｏｏｍ　スタジアム広島,excluded,high,False,False,1800005,1600123,[],[],,,,,0,light,2019-03-30 14:00:00+00:00,,UNKNOWN,,,,UNKNOWN,UNKNOWN,,UNKNOWN,,1.5,1.0,4.5,3.0,1.5,5.366666666666667,6.0,1.0,4.0,1.0,2.0,3.0,,,,6.75,1.6875,5.0625,5.0625,0.0,3.7625,5.333333333333333,4.0,6.0,0.0,3.0,3.0,,,,True,True,UNKNOWN,False,False,,,,,,,,,,NPB,2019-03-30 14:00:00,1,,,0,
2019033005,2019-03-30 14:00:00,千葉ロッテマリーンズ,東北楽天ゴールデンイーグルス,3.0,9.0,UNKNOWN,ＺＯＺＯマリンスタジアム,unknown,low,False,False,1000155,1700145,[],[],,,,,0,light,2019-03-30 14:00:00+00:00,,UNKNOWN,,,,UNKNOWN,UNKNOWN,,UNKNOWN,,5.4,1.0,5.4,0.0,1.8,4.6,5.0,3.0,5.0,1.0,0.0,3.0,,,,7.7142857142857135,2.142857142857143,5.785714285714286,9.642857142857142,1.9285714285714284,7.914285714285715,4.666666666666667,4.0,5.0,1.0,5.0,3.0,,,,True,True,UNKNOWN,False,False,,,,,,,,,,NPB,2019-03-30 14:00:00,1,,,0,
2019033004,2019-03-30 14:30:00,北海道日本ハムファイターズ,オリックス・バファローズ,4.0,4.0,UNKNOWN,札幌ドーム,unknown,low,False,False,1300108,500027,[],[],,,,,0,light,2019-03-30 14:30:00+00:00,,UNKNOWN,,,,UNKNOWN,UNKNOWN,,UNKNOWN,,3.6,1.0,5.4,5.4,1.8,6.4,5.0,2.0,2.0,1.0,3.0,3.0,,,,3.6,1.4,5.4,5.4,1.8,6.4,5.0,2.0,4.0,1.0,3.0,3.0,,,,True,True,UNKNOWN,False,False,,,,,,,,,,NPB,2019-03-30 14:30:00,1,,,0,
2019033101,2019-03-31 13:00:00,横浜DeNAベイスターズ,中日ドラゴンズ,3.0,2.0,UNKNOWN,横浜スタジアム,unknown,low,False,False,1600106,1200050,[],[],,,,,0,light,2019-03-31 13:00:00+00:00,,UNKNOWN,,,,UNKNOWN,UNKNOWN,,UNKNOWN,,3.0,1.6666666666666667,6.0,6.0,0.0,3.8666666666666667,6.0,2.0,6.0,0.0,4.0,4.0,,,,1.8,1.2,5.4,5.4,0.0,3.8000000000000003,5.0,1.0,3.0,0.0,3.0,3.0,,,,True,True,UNKNOWN,False,False,,,,,,,,,,NPB,2019-03-31 13:00:00,1,,,0,
2019033106,2019-03-31 13:00:00,福岡ソフトバンクホークス,埼玉西武ライオンズ,3.0,1.0,UNKNOWN,福岡 ヤフオク!ドーム,excluded,high,False,False,1400182,1700130,[],[],,,,,0,light,2019-03-31 13:00:00+00:00,,UNKNOWN,,,,UNKNOWN,UNKNOWN,,UNKNOWN,,3.857142857142857,0.8571428571428571,5.142857142857143,0.0,2.5714285714285716,5.771428571428572,7.0,3.0,6.0,2.0,0.0,4.0,,,,1.5,1.1666666666666667,4.5,4.5,1.5,5.866666666666667,6.0,1.0,4.0,1.0,3.0,3.0,,,,True,True,UNKNOWN,False,False,,,,,,,,,,NPB,2019-03-31 13:00:00,1,,,0,
2019033103,2019-03-31 13:30:00,広島東洋カープ,読売ジャイアンツ,3.0,6.0,UNKNOWN,ＭＡＺＤＡ　Ｚｏｏｍ－Ｚｏｏｍ　スタジアム広島,unknown,low,False,False,1600060,1300058,[],[],,,,,0,light,2019-03-31 13:30:00+00:00,,UNKNOWN,,,,UNKNOWN,UNKNOWN,,UNKNOWN,,3.176470588235294,1.2352941176470587,12.705882352941176,1.588235294117647,0.0,0.9058823529411768,5.666666666666667,2.0,6.0,0.0,1.0,8.0,,,,5.4,1.6,7.2,1.8,1.8,4.800000000000001,5.0,3.0,7.0,1.0,1.0,4.0,,,,True,True,UNKNOWN,False,False,,,,,,,,,,NPB,2019-03-31 13:30:00,1,,,0,
2019033102,2019-03-31 14:00:00,阪神タイガース,東京ヤクルトスワローズ,1.0,2.0,UNKNOWN,京セラドーム大阪,excluded,high,False,False,1300045,900062,[],[],,,,,0,light,2019-03-31 14:00:00+00:00,,UNKNOWN,,,,UNKNOWN,UNKNOWN,,UNKNOWN,,1.5,1.0,10.5,4.5,0.0,2.3666666666666667,6.0,1.0,3.0,0.0,3.0,7.0,,,,2.5714285714285716,0.5714285714285714,9.0,0.0,0.0,1.2000000000000002,7.0,2.0,4.0,0.0,0.0,7.0,,,,True,True,UNKNOWN,False,False,,,,,,,,,,NPB,2019-03-31 14:00:00,1,,,0,
2019033104,2019-03-31 14:00:00,北海道日本ハムファイターズ,オリックス・バファローズ,3.0,1.0,UNKNOWN,札幌ドーム,excluded,high,False,False,1600160,1400117,[],[],,,,,0,light,2019-03-31 14:00:00+00:00,,UNKNOWN,,,,UNKNOWN,UNKNOWN,,UNKNOWN,,5.785714285714286,1.9285714285714284,7.7142857142857135,7.7142857142857135,0.0,4.057142857142857,4.666666666666667,3.0,5.0,0.0,4.0,4.0,,,,0.0,0.7142857142857143,10.285714285714286,0.0,0.0,0.9142857142857146,7.0,0.0,5.0,0.0,0.0,8.0,,,,True,True,UNKNOWN,False,False,,,,,,,,,,NPB,2019-03-31 14:00:00,1,,,0,
2019033105,2019-03-31 14:00:00,千葉ロッテマリーンズ,東北楽天ゴールデンイーグルス,4.0,9.0,UNKNOWN,ＺＯＺＯマリンスタジアム,unknown,low,False,False,1600092,1600145,[],[],,,,,0,light,2019-03-31 14:00:00+00:00,,UNKNOWN,,,,UNKNOWN,UNKNOWN,,UNKNOWN,,11.571428571428571,3.0,0.0,11.571428571428571,3.8571428571428568,12.62857142857143,2.3333333333333335,3.0,4.0,1.0,3.0,0.0,,,,9.642857142857142,1.9285714285714284,0.0,7.7142857142857135,1.9285714285714284,8.557142857142857,4.666666666666667,5.0,5.0,1.0,4.0,0.0,,,,True,True,UNKNOWN,False,False,,,,,,,,,,NPB,2019-03-31 14:00:00,1,,,0,
2019040204,2019-04-02 16:00:00,東北楽天ゴールデンイーグルス,北海道日本ハムファイターズ,3.0,1.0,UNKNOWN,楽天生命パーク宮城,unknown,low,False,False,1500110,900090,[],[],,,,,0,light,2019-04-02 16:00:00+00:00,,UNKNOWN,,,,UNKNOWN,UNKNOWN,,UNKNOWN,,0.0,0.6666666666666666,3.0,3.0,0.0,3.5333333333333337,3.0,0.0,1.0,0.0,1.0,1.0,,,,0.0,0.7142857142857143,10.285714285714286,2.5714285714285716,0.0,1.7714285714285716,7.0,0.0,3.0,0.0,2.0,8.0,,,,True,True,UNKNOWN,False,False,,,,,,,,,,NPB,2019-04-02 16:00:00,1,,,0,
2019040201,2019-04-02 18:00:00,読売ジャイアンツ,阪神タイガース,9.0,3.0,UNKNOWN,東京ドーム,unknown,low,False,False,1700154,600008,[],[],,,,,0,light,2019-04-02 18:00:00+00:00,,UNKNOWN,,,,UNKNOWN,UNKNOWN,,UNKNOWN,,13.5,2.0,11.25,2.25,2.25,4.7,4.0,6.0,7.0,1.0,1.0,5.0,,,,3.857142857142857,1.2857142857142858,7.714285714285714,5.142857142857143,0.0,3.2,7.0,3.0,5.0,0.0,4.0,6.0,,,,True,True,UNKNOWN,False,False,2019-04-02 09:00:00+00:00,,UNKNOWN,Open-Meteo Historical Forecast,FAIL_CLOSED_NO_ISSUANCE_TIMESTAMP,9.3,29.0,0.0,8.8,NPB,2019-04-02 18:00:00,1,,,0,
2019040202,2019-04-02 18:00:00,東京ヤクルトスワローズ,横浜DeNAベイスターズ,5.0,2.0,UNKNOWN,明治神宮野球場,unknown,low,False,False,1800043,1500040,[],[],,,,,0,light,2019-04-02 18:00:00+00:00,,UNKNOWN,,,,UNKNOWN,UNKNOWN,,UNKNOWN,,1.2857142857142858,1.0,9.0,1.2857142857142858,1.2857142857142858,3.4857142857142858,7.0,1.0,6.0,1.0,1.0,7.0,,,,0.0,0.5714285714285714,7.714285714285714,1.2857142857142858,0.0,1.9142857142857144,7.0,0.0,3.0,0.0,1.0,6.0,,,,True,True,UNKNOWN,False,False,,,,,,,,,,NPB,2019-04-02 18:00:00,1,,,0,
2019040205,2019-04-02 18:00:00,埼玉西武ライオンズ,千葉ロッテマリーンズ,7.0,4.0,UNKNOWN,メットライフドーム,unknown,low,False,False,500014,1800022,[],[],,,,,0,light,2019-04-02 18:00:00+00:00,,UNKNOWN,,,,UNKNOWN,UNKNOWN,,UNKNOWN,,9.0,2.75,2.25,4.5,2.25,7.45,4.0,4.0,9.0,1.0,2.0,1.0,,,,3.375,1.125,5.0625,1.6875,0.0,2.6375,5.333333333333333,2.0,5.0,0.0,1.0,3.0,,,,True,True,UNKNOWN,False,False,,,,,,,,,,NPB,2019-04-02 18:00:00,1,,,0,
2019040206,2019-04-02 18:00:00,オリックス・バファローズ,福岡ソフトバンクホークス,4.0,11.0,UNKNOWN,京セラドーム大阪,unknown,low,False,False,1200106,1700150,[],[],,,,,0,light,2019-04-02 18:00:00+00:00,,UNKNOWN,,,,UNKNOWN,UNKNOWN,,UNKNOWN,,5.4,1.8,3.6,3.6,0.0,3.6,5.0,3.0,7.0,0.0,2.0,2.0,,,,10.8,1.8,9.0,3.6,3.6,7.6000000000000005,5.0,6.0,7.0,2.0,2.0,5.0,,,,True,True,UNKNOWN,False,False,,,,,,,,,,NPB,2019-04-02 18:00:00,1,,,0,
2019040203,2019-04-02 18:15:00,中日ドラゴンズ,広島東洋カープ,7.0,4.0,UNKNOWN,ナゴヤドーム,excluded,high,False,False,1500007,1000138,[],[],,,,,0,light,2019-04-02 18:15:00+00:00,,UNKNOWN,,,,UNKNOWN,UNKNOWN,,UNKNOWN,,3.6,1.2,5.4,1.8,0.0,2.6,5.0,2.0,5.0,0.0,1.0,3.0,,,,5.142857142857143,0.8571428571428571,10.285714285714286,1.2857142857142858,3.857142857142857,6.914285714285715,7.0,4.0,5.0,3.0,1.0,8.0,,,,True,True,UNKNOWN,False,False,,,,,,,,,,NPB,2019-04-02 18:15:00,1,,,0,
2019040304,2019-04-03 13:00:00,東北楽天ゴールデンイーグルス,北海道日本ハムファイターズ,3.0,2.0,UNKNOWN,楽天生命パーク宮城,excluded,high,False,False,1700140,1000096,[],[],,,,,0,light,2019-04-03 13:00:00+00:00,,UNKNOWN,,,,UNKNOWN,UNKNOWN,,UNKNOWN,,1.5,1.3333333333333333,7.5,3.0,0.0,2.5333333333333337,6.0,1.0,6.0,0.0,2.0,5.0,,,,0.0,1.6,5.4,7.2,0.0,4.4,5.0,0.0,4.0,0.0,4.0,3.0,,,,True,True,UNKNOWN,False,False,,,,,,,,,,NPB,2019-04-03 13:00:00,1,,,0,
2019040301,2019-04-03 18:00:00,読売ジャイアンツ,阪神タイガース,6.0,3.0,UNKNOWN,東京ドーム,excluded,high,False,False,1500090,1700002,[],[],,,,,0,light,2019-04-03 18:00:00+00:00,,UNKNOWN,,,,UNKNOWN,UNKNOWN,,UNKNOWN,,7.2,1.2,1.8,1.8,3.6,8.600000000000001,5.0,4.0,5.0,2.0,1.0,1.0,,,,3.375,1.0,7.875,0.0,0.0,1.4500000000000002,8.0,3.0,8.0,0.0,0.0,7.0,,,,True,True,UNKNOWN,False,False,2019-04-03 09:00:00+00:00,,UNKNOWN,Open-Meteo Historical Forecast,FAIL_CLOSED_NO_ISSUANCE_TIMESTAMP,9.3,31.0,0.0,7.0,NPB,2019-04-03 18:00:00,1,,,0,
2019040302,2019-04-03 18:00:00,東京ヤクルトスワローズ,横浜DeNAベイスターズ,5.0,4.0,UNKNOWN,明治神宮野球場,unknown,low,False,False,1600081,1500042,[],[],,,,,0,light,2019-04-03 18:00:00+00:00,,UNKNOWN,,,,UNKNOWN,UNKNOWN,,UNKNOWN,,1.5,1.0,7.5,1.5,0.0,2.033333333333333,6.0,1.0,5.0,0.0,1.0,5.0,,,,8.1,1.7999999999999998,10.799999999999999,8.1,2.6999999999999997,7.4,3.3333333333333335,3.0,3.0,1.0,3.0,4.0,,,,True,True,UNKNOWN,False,False,,,,,,,,,,NPB,2019-04-03 18:00:00,1,,,0,
2019040303,2019-04-03 18:00:00,中日ドラゴンズ,広島東洋カープ,2.0,3.0,UNKNOWN,ナゴヤドーム,unknown,low,False,False,1100081,600078,[],[],,,,,0,light,2019-04-03 18:00:00+00:00,,UNKNOWN,,,,UNKNOWN,UNKNOWN,,UNKNOWN,,1.2857142857142858,0.7142857142857143,2.5714285714285716,2.5714285714285716,0.0,3.4857142857142858,7.0,1.0,3.0,0.0,2.0,2.0,,,,0.0,1.4117647058823528,9.529411764705882,0.0,0.0,1.0823529411764707,5.666666666666667,0.0,8.0,0.0,0.0,6.0,,,,True,True,UNKNOWN,False,False,,,,,,,,,,NPB,2019-04-03 18:00:00,1,,,0,
2019040305,2019-04-03 18:00:00,埼玉西武ライオンズ,千葉ロッテマリーンズ,9.0,3.0,UNKNOWN,メットライフドーム,excluded,high,False,False,1100005,800048,[],[],,,,,0,light,2019-04-03 18:00:00+00:00,,UNKNOWN,,,,UNKNOWN,UNKNOWN,,UNKNOWN,,13.5,4.5,9.0,9.0,0.0,4.2,2.0,3.0,7.0,0.0,2.0,2.0,,,,5.4,1.6,3.6,3.6,1.8,6.2,5.0,3.0,6.0,1.0,2.0,2.0,,,,True,True,UNKNOWN,False,False,,,,,,,,,,NPB,2019-04-03 18:00:00,1,,,0,
2019040306,2019-04-03 18:00:00,オリックス・バファローズ,福岡ソフトバンクホークス,0.0,0.0,UNKNOWN,京セラドーム大阪,excluded,high,False,False,1700137,1600153,[],[],,,,,0,light,2019-04-03 18:00:00+00:00,,UNKNOWN,,,,UNKNOWN,UNKNOWN,,UNKNOWN,,0.0,1.0,6.428571428571429,1.2857142857142858,0.0,2.2,7.0,0.0,6.0,0.0,1.0,5.0,,,,0.0,0.3333333333333333,8.0,2.0,0.0,2.088888888888889,9.0,0.0,1.0,0.0,2.0,8.0,,,,True,True,UNKNOWN,False,False,,,,,,,,,,NPB,2019-04-03 18:00:00,1,,,0,
2019040404,2019-04-04 13:00:00,東北楽天ゴールデンイーグルス,北海道日本ハムファイターズ,11.0,2.0,UNKNOWN,楽天生命パーク宮城,unknown,low,False,False,1000124,1800120,[],[],,,,,0,light,2019-04-04 13:00:00+00:00,,UNKNOWN,,,,UNKNOWN,UNKNOWN,,UNKNOWN,,16.200000000000003,3.0000000000000004,0.0,10.8,0.0,6.800000000000001,1.6666666666666665,3.0,3.0,0.0,2.0,0.0,,,,2.076923076923077,2.307692307692308,6.230769230769231,6.230769230769231,0.0,3.8923076923076927,4.333333333333333,1.0,7.0,0.0,3.0,3.0,,,,True,True,UNKNOWN,False,False,,,,,,,,,,NPB,2019-04-04 13:00:00,1,,,0,
2019040401,2019-04-04 18:00:00,読売ジャイアンツ,阪神タイガース,10.0,1.0,UNKNOWN,東京ドーム,excluded,high,False,False,1600116,1800023,[],[],,,,,0,light,2019-04-04 18:00:00+00:00,,UNKNOWN,,,,UNKNOWN,UNKNOWN,,UNKNOWN,,13.5,2.25,13.5,0.0,4.5,6.7,4.0,6.0,9.0,2.0,0.0,6.0,,,,1.5,0.8333333333333334,7.5,1.5,1.5,4.2,6.0,1.0,4.0,1.0,1.0,5.0,,,,True,True,UNKNOWN,False,False,2019-04-04 09:00:00+00:00,,UNKNOWN,Open-Meteo Historical Forecast,FAIL_CLOSED_NO_ISSUANCE_TIMESTAMP,13.0,46.0,0.0,4.6,NPB,2019-04-04 18:00:00,1,,,0,
2019040402,2019-04-04 18:00:00,東京ヤクルトスワローズ,横浜DeNAベイスターズ,5.0,10.0,UNKNOWN,明治神宮野球場,excluded,high,False,False,1800045,12103,[],[],,,,,0,light,2019-04-04 18:00:00+00:00,,UNKNOWN,,,,UNKNOWN,UNKNOWN,,UNKNOWN,,15.428571428571427,2.571428571428571,3.8571428571428568,7.7142857142857135,3.8571428571428568,10.485714285714286,2.3333333333333335,4.0,4.0,1.0,2.0,1.0,,,,10.799999999999999,2.1,5.3999999999999995,2.6999999999999997,2.6999999999999997,6.8,3.3333333333333335,4.0,6.0,1.0,1.0,2.0,,,,True,True,UNKNOWN,False,False,,,,,,,,,,NPB,2019-04-04 18:00:00,1,,,0,
2019040403,2019-04-04 18:00:00,中日ドラゴンズ,広島東洋カープ,3.0,2.0,UNKNOWN,ナゴヤドーム,excluded,high,False,False,1500092,1800130,[],[],,,,,0,light,2019-04-04 18:00:00+00:00,,UNKNOWN,,,,UNKNOWN,UNKNOWN,,UNKNOWN,,4.764705882352941,1.588235294117647,4.764705882352941,4.764705882352941,3.176470588235294,8.317647058823528,5.666666666666667,3.0,6.0,2.0,3.0,3.0,,,,0.0,0.8333333333333334,7.5,3.0,0.0,2.5333333333333337,6.0,0.0,3.0,0.0,2.0,5.0,,,,True,True,UNKNOWN,False,False,,,,,,,,,,NPB,2019-04-04 18:00:00,1,,,0,
2019040405,2019-04-04 18:00:00,埼玉西武ライオンズ,千葉ロッテマリーンズ,8.0,6.0,UNKNOWN,メットライフドーム,unknown,low,False,False,1800052,1500104,[],[],,,,,0,light,2019-04-04 18:00:00+00:00,,UNKNOWN,,,,UNKNOWN,UNKNOWN,,UNKNOWN,,31.5,5.5,4.5,18.0,0.0,8.2,2.0,7.0,7.0,0.0,4.0,1.0,,,,6.0,1.0,3.0,1.5,3.0,7.366666666666667,6.0,4.0,5.0,2.0,1.0,2.0,,,,True,True,UNKNOWN,False,False,,,,,,,,,,NPB,2019-04-04 18:00:00,1,,,0,
2019040406,2019-04-04 18:00:00,オリックス・バファローズ,福岡ソフトバンクホークス,0.0,3.0,UNKNOWN,京セラドーム大阪,excluded,high,False,False,1100115,1200098,[],[],,,,,0,light,2019-04-04 18:00:00+00:00,,UNKNOWN,,,,UNKNOWN,UNKNOWN,,UNKNOWN,,0.0,0.7826086956521738,9.391304347826086,1.1739130434782608,0.0,1.5043478260869567,7.666666666666667,0.0,5.0,0.0,1.0,8.0,,,,3.375,1.3125,5.0625,3.375,1.6875,5.6375,5.333333333333333,2.0,5.0,1.0,2.0,3.0,,,,True,True,UNKNOWN,False,False,,,,,,,,,,NPB,2019-04-04 18:00:00,1,,,0,
2019040501,2019-04-05 18:00:00,東京ヤクルトスワローズ,中日ドラゴンズ,8.0,7.0,UNKNOWN,明治神宮野球場,unknown,low,False,False,1600109,1200076,[],[],,,,,0,light,2019-04-05 18:00:00+00:00,,UNKNOWN,,,,UNKNOWN,UNKNOWN,,UNKNOWN,,9.0,3.0,3.0,15.0,0.0,7.533333333333333,3.0,3.0,4.0,0.0,5.0,1.0,,,,10.8,1.8,1.8,0.0,5.4,10.600000000000001,5.0,6.0,9.0,3.0,0.0,1.0,,,,True,True,UNKNOWN,False,False,,,,,,,,,,NPB,2019-04-05 18:00:00,1,,,0,
2019040502,2019-04-05 18:00:00,横浜DeNAベイスターズ,読売ジャイアンツ,2.0,3.0,UNKNOWN,横浜スタジアム,unknown,low,False,False,1200041,1500061,[],[],,,,,0,light,2019-04-05 18:00:00+00:00,,UNKNOWN,,,,UNKNOWN,UNKNOWN,,UNKNOWN,,2.0,0.7777777777777778,8.0,1.0,2.0,4.644444444444445,9.0,2.0,6.0,2.0,1.0,8.0,,,,3.857142857142857,0.8571428571428571,5.142857142857143,1.2857142857142858,3.857142857142857,8.057142857142857,7.0,3.0,5.0,3.0,1.0,4.0,,,,True,True,UNKNOWN,False,False,,,,,,,,,,NPB,2019-04-05 18:00:00,1,,,0,
2019040503,2019-04-05 18:00:00,広島東洋カープ,阪神タイガース,2.0,3.0,UNKNOWN,ＭＡＺＤＡ　Ｚｏｏｍ－Ｚｏｏｍ　スタジアム広島,unknown,low,False,False,500502,1300057,[],[],,,,,0,light,2019-04-05 18:00:00+00:00,,UNKNOWN,,,,UNKNOWN,UNKNOWN,,UNKNOWN,,3.0,1.0,4.5,3.0,1.5,5.366666666666667,6.0,2.0,4.0,1.0,2.0,3.0,,,,3.857142857142857,1.1428571428571428,7.714285714285714,1.2857142857142858,1.2857142857142858,3.7714285714285714,7.0,3.0,7.0,1.0,1.0,6.0,,,,True,True,UNKNOWN,False,False,,,,,,,,,,NPB,2019-04-05 18:00:00,1,,,0,
2019040504,2019-04-05 18:00:00,北海道日本ハムファイターズ,埼玉西武ライオンズ,5.0,2.0,UNKNOWN,東京ドーム,unknown,low,False,False,1500099,1100099,[],[],,,,,0,light,2019-04-05 18:00:00+00:00,,UNKNOWN,,,,UNKNOWN,UNKNOWN,,UNKNOWN,,4.5,1.3333333333333333,6.0,3.0,0.0,2.8666666666666667,6.0,3.0,6.0,0.0,2.0,4.0,,,,1.2857142857142858,1.1428571428571428,11.571428571428571,2.5714285714285716,1.2857142857142858,3.342857142857143,7.0,1.0,6.0,1.0,2.0,9.0,,,,True,True,UNKNOWN,False,False,2019-04-05 09:00:00+00:00,,UNKNOWN,Open-Meteo Historical Forecast,FAIL_CLOSED_NO_ISSUANCE_TIMESTAMP,17.5,32.0,0.0,15.2,NPB,2019-04-05 18:00:00,1,,,0,
2019040505,2019-04-05 18:00:00,オリックス・バファローズ,東北楽天ゴールデンイーグルス,2.0,0.0,UNKNOWN,京セラドーム大阪,unknown,low,False,False,1400139,1600150,[],[],,,,,0,light,2019-04-05 18:00:00+00:00,,UNKNOWN,,,,UNKNOWN,UNKNOWN,,UNKNOWN,,1.2857142857142858,0.7142857142857143,3.857142857142857,2.5714285714285716,0.0,3.2,7.0,1.0,3.0,0.0,2.0,3.0,,,,0.0,0.875,5.625,4.5,0.0,3.45,8.0,0.0,3.0,0.0,4.0,5.0,,,,True,True,UNKNOWN,False,False,,,,,,,,,,NPB,2019-04-05 18:00:00,1,,,0,
2019040506,2019-04-05 18:00:00,福岡ソフトバンクホークス,千葉ロッテマリーンズ,3.0,7.0,UNKNOWN,福岡 ヤフオク!ドーム,unknown,low,False,False,1400190,1000174,[],[],,,,,0,light,2019-04-05 18:00:00+00:00,,UNKNOWN,,,,UNKNOWN,UNKNOWN,,UNKNOWN,,6.0,2.3333333333333335,9.0,6.0,6.0,11.866666666666667,3.0,2.0,5.0,2.0,2.0,3.0,,,,3.0,1.2222222222222223,12.0,1.0,2.0,3.7555555555555555,9.0,3.0,10.0,2.0,1.0,12.0,,,,True,True,UNKNOWN,False,False,,,,,,,,,,NPB,2019-04-05 18:00:00,1,,,0,
2019040601,2019-04-06 14:00:00,東京ヤクルトスワローズ,中日ドラゴンズ,4.0,3.0,UNKNOWN,明治神宮野球場,unknown,low,False,False,12191,12113,[],[],,,,,0,light,2019-04-06 14:00:00+00:00,,UNKNOWN,,,,UNKNOWN,UNKNOWN,,UNKNOWN,,5.4,1.4,7.2,3.6,1.8,5.4,5.0,3.0,5.0,1.0,2.0,4.0,,,,3.0,0.8333333333333334,6.0,0.0,3.0,6.2,6.0,2.0,5.0,2.0,0.0,4.0,,,,True,True,UNKNOWN,False,False,,,,,,,,,,NPB,2019-04-06 14:00:00,1,,,0,
2019040602,2019-04-06 14:00:00,横浜DeNAベイスターズ,読売ジャイアンツ,9.0,2.0,UNKNOWN,横浜スタジアム,excluded,high,False,False,1000083,1600084,[],[],,,,,0,light,2019-04-06 14:00:00+00:00,,UNKNOWN,,,,UNKNOWN,UNKNOWN,,UNKNOWN,,12.0,2.0,6.0,9.0,0.0,4.866666666666667,3.0,4.0,3.0,0.0,3.0,2.0,,,,4.5,2.5,4.5,9.0,0.0,5.2,4.0,2.0,6.0,0.0,4.0,2.0,,,,True,True,UNKNOWN,False,False,,,,,,,,,,NPB,2019-04-06 14:00:00,1,,,0,
2019040603,2019-04-06 14:00:00,広島東洋カープ,阪神タイガース,10.0,3.0,UNKNOWN,ＭＡＺＤＡ　Ｚｏｏｍ－Ｚｏｏｍ　スタジアム広島,unknown,low,False,False,1300070,1600123,[],[],,,,,0,light,2019-04-06 14:00:00+00:00,,UNKNOWN,,,,UNKNOWN,UNKNOWN,,UNKNOWN,,6.75,2.25,2.25,6.75,2.25,8.2,4.0,3.0,6.0,1.0,3.0,1.0,,,,1.5,1.1666666666666667,9.0,3.0,0.0,2.2,6.0,1.0,5.0,0.0,2.0,6.0,,,,True,True,UNKNOWN,False,False,,,,,,,,,,NPB,2019-04-06 14:00:00,1,,,0,
2019040605,2019-04-06 14:00:00,オリックス・バファローズ,東北楽天ゴールデンイーグルス,3.0,1.0,UNKNOWN,京セラドーム大阪,unknown,low,False,False,1000155,1300108,[],[],,,,,0,light,2019-04-06 14:00:00+00:00,,UNKNOWN,,,,UNKNOWN,UNKNOWN,,UNKNOWN,,4.5,0.8333333333333334,3.0,0.0,1.5,4.7,6.0,3.0,5.0,1.0,0.0,2.0,,,,1.588235294117647,1.2352941176470587,6.352941176470588,3.176470588235294,1.588235294117647,5.141176470588236,5.666666666666667,1.0,5.0,1.0,2.0,4.0,,,,True,True,UNKNOWN,False,False,,,,,,,,,,NPB,2019-04-06 14:00:00,1,,,0,
2019040606,2019-04-06 14:00:00,福岡ソフトバンクホークス,千葉ロッテマリーンズ,3.0,7.0,UNKNOWN,福岡 ヤフオク!ドーム,unknown,low,False,False,1300055,1800013,[],[],,,,,0,light,2019-04-06 14:00:00+00:00,,UNKNOWN,,,,UNKNOWN,UNKNOWN,,UNKNOWN,,3.0,1.0,7.5,3.0,1.5,4.7,6.0,2.0,4.0,1.0,2.0,5.0,,,,23.625,4.125,13.5,16.875,13.5,25.325,2.6666666666666665,7.0,6.0,4.0,5.0,4.0,,,,True,True,UNKNOWN,False,False,,,,,,,,,,NPB,2019-04-06 14:00:00,1,,,0,
2019040604,2019-04-06 15:00:00,北海道日本ハムファイターズ,埼玉西武ライオンズ,3.0,16.0,UNKNOWN,東京ドーム,unknown,low,False,False,1600127,1500110,[],[],,,,,0,light,2019-04-06 15:00:00+00:00,,UNKNOWN,,,,UNKNOWN,UNKNOWN,,UNKNOWN,,1.2857142857142858,1.4285714285714286,6.428571428571429,6.428571428571429,1.2857142857142858,5.771428571428572,7.0,1.0,5.0,1.0,5.0,5.0,,,,0.0,1.0,13.5,0.0,0.0,0.20000000000000018,2.0,0.0,2.0,0.0,0.0,3.0,,,,True,True,UNKNOWN,False,False,2019-04-06 06:00:00+00:00,,UNKNOWN,Open-Meteo Historical Forecast,FAIL_CLOSED_NO_ISSUANCE_TIMESTAMP,18.9,30.0,0.0,7.2,NPB,2019-04-06 15:00:00,1,,,0,
2019040701,2019-04-07 13:00:00,東京ヤクルトスワローズ,中日ドラゴンズ,1.0,3.0,UNKNOWN,明治神宮野球場,unknown,low,False,False,1600106,1300045,[],[],,,,,0,light,2019-04-07 13:00:00+00:00,,UNKNOWN,,,,UNKNOWN,UNKNOWN,,UNKNOWN,,1.125,0.5,4.5,1.125,1.125,4.2,8.0,1.0,3.0,1.0,1.0,4.0,,,,4.5,1.1666666666666667,12.0,1.5,3.0,5.366666666666667,6.0,3.0,6.0,2.0,1.0,8.0,,,,True,True,UNKNOWN,False,False,,,,,,,,,,NPB,2019-04-07 13:00:00,1,,,0,
2019040702,2019-04-07 13:00:00,横浜DeNAベイスターズ,読売ジャイアンツ,5.0,1.0,UNKNOWN,横浜スタジアム,unknown,low,False,False,1600060,1200050,[],[],,,,,0,light,2019-04-07 13:00:00+00:00,,UNKNOWN,,,,UNKNOWN,UNKNOWN,,UNKNOWN,,6.230769230769231,2.076923076923077,4.153846153846154,4.153846153846154,0.0,3.661538461538462,4.333333333333333,3.0,7.0,0.0,2.0,2.0,,,,1.8,1.2,3.6,1.8,0.0,3.0,5.0,1.0,5.0,0.0,1.0,2.0,,,,True,True,UNKNOWN,False,False,,,,,,,,,,NPB,2019-04-07 13:00:00,1,,,0,
2019040705,2019-04-07 13:00:00,オリックス・バファローズ,東北楽天ゴールデンイーグルス,5.0,5.0,UNKNOWN,京セラドーム大阪,unknown,low,False,False,1600092,1600160,[],[],,,,,0,light,2019-04-07 13:00:00+00:00,,UNKNOWN,,,,UNKNOWN,UNKNOWN,,UNKNOWN,,4.5,1.5,4.5,9.0,4.5,11.7,2.0,1.0,1.0,1.0,2.0,1.0,,,,1.5,1.3333333333333333,4.5,7.5,0.0,4.7,6.0,1.0,3.0,0.0,5.0,3.0,,,,True,True,UNKNOWN,False,False,,,,,,,,,,NPB,2019-04-07 13:00:00,1,,,0,
2019040706,2019-04-07 13:00:00,福岡ソフトバンクホークス,千葉ロッテマリーンズ,11.0,1.0,UNKNOWN,福岡 ヤフオク!ドーム,unknown,low,False,False,1600145,1700130,[],[],,,,,0,light,2019-04-07 13:00:00+00:00,,UNKNOWN,,,,UNKNOWN,UNKNOWN,,UNKNOWN,,20.25,3.0,6.75,3.375,10.125,17.45,2.6666666666666665,6.0,7.0,3.0,1.0,2.0,,,,0.0,0.42857142857142855,5.142857142857143,1.2857142857142858,0.0,2.4857142857142858,7.0,0.0,2.0,0.0,1.0,4.0,,,,True,True,UNKNOWN,False,False,,,,,,,,,,NPB,2019-04-07 13:00:00,1,,,0,
2019040703,2019-04-07 13:30:00,広島東洋カープ,阪神タイガース,0.0,9.0,UNKNOWN,ＭＡＺＤＡ　Ｚｏｏｍ－Ｚｏｏｍ　スタジアム広島,unknown,low,False,False,900062,1300058,[],[],,,,,0,light,2019-04-07 13:30:00+00:00,,UNKNOWN,,,,UNKNOWN,UNKNOWN,,UNKNOWN,,0.0,0.8888888888888888,9.0,2.0,0.0,1.866666666666667,9.0,0.0,6.0,0.0,2.0,9.0,,,,5.785714285714286,1.5,7.7142857142857135,1.9285714285714284,0.0,2.128571428571429,4.666666666666667,3.0,6.0,0.0,1.0,4.0,,,,True,True,UNKNOWN,False,False,,,,,,,,,,NPB,2019-04-07 13:30:00,1,,,0,
2019040704,2019-04-07 14:00:00,北海道日本ハムファイターズ,埼玉西武ライオンズ,2.0,4.0,UNKNOWN,東京ドーム,unknown,low,False,False,1400182,1400117,[],[],,,,,0,light,2019-04-07 14:00:00+00:00,,UNKNOWN,,,,UNKNOWN,UNKNOWN,,UNKNOWN,,2.25,1.125,4.5,1.125,0.0,2.575,8.0,2.0,8.0,0.0,1.0,4.0,,,,0.0,0.5,12.375,1.125,0.0,0.8250000000000002,8.0,0.0,3.0,0.0,1.0,11.0,,,,True,True,UNKNOWN,False,False,2019-04-07 05:00:00+00:00,,UNKNOWN,Open-Meteo Historical Forecast,FAIL_CLOSED_NO_ISSUANCE_TIMESTAMP,20.1,43.0,0.0,1.8,NPB,2019-04-07 14:00:00,1,,,0,
2019040901,2019-04-09 18:00:00,中日ドラゴンズ,読売ジャイアンツ,1.0,3.0,UNKNOWN,ナゴヤドーム,unknown,low,False,False,600008,1000138,[],[],,,,,0,light,2019-04-09 18:00:00+00:00,,UNKNOWN,,,,UNKNOWN,UNKNOWN,,UNKNOWN,,1.2857142857142858,0.8571428571428571,7.714285714285714,0.0,0.0,1.485714285714286,7.0,1.0,6.0,0.0,0.0,6.0,,,,1.5,1.3333333333333333,16.5,4.5,1.5,3.2,6.0,1.0,5.0,1.0,3.0,11.0,,,,True,True,UNKNOWN,False,False,,,,,,,,,,NPB,2019-04-09 18:00:00,1,,,0,
2019040902,2019-04-09 18:00:00,阪神タイガース,横浜DeNAベイスターズ,12.0,8.0,UNKNOWN,阪神甲子園球場,unknown,low,False,False,1800043,1700154,[],[],,,,,0,light,2019-04-09 18:00:00+00:00,,UNKNOWN,,,,UNKNOWN,UNKNOWN,,UNKNOWN,,4.5,1.6666666666666667,4.5,3.0,0.0,3.2,6.0,3.0,8.0,0.0,2.0,3.0,,,,15.75,2.75,4.5,4.5,2.25,6.95,4.0,7.0,9.0,1.0,2.0,2.0,,,,True,True,UNKNOWN,False,False,,,,,,,,,,NPB,2019-04-09 18:00:00,1,,,0,
2019040903,2019-04-09 18:00:00,広島東洋カープ,東京ヤクルトスワローズ,1.0,10.0,UNKNOWN,ＭＡＺＤＡ　Ｚｏｏｍ－Ｚｏｏｍ　スタジアム広島,unknown,low,False,False,1500040,1500007,[],[],,,,,0,light,2019-04-09 18:00:00+00:00,,UNKNOWN,,,,UNKNOWN,UNKNOWN,,UNKNOWN,,1.125,1.0,9.0,3.375,0.0,2.325,8.0,1.0,5.0,0.0,3.0,8.0,,,,18.0,3.0,0.0,0.0,3.0,7.533333333333333,3.0,6.0,9.0,1.0,0.0,0.0,,,,True,True,UNKNOWN,False,False,,,,,,,,,,NPB,2019-04-09 18:00:00,1,,,0,
2019040904,2019-04-09 18:00:00,埼玉西武ライオンズ,東北楽天ゴールデンイーグルス,6.0,7.0,UNKNOWN,埼玉県営大宮公園野球場,unknown,low,False,False,900090,1800022,[],[],,,,,0,light,2019-04-09 18:00:00+00:00,,UNKNOWN,,,,UNKNOWN,UNKNOWN,,UNKNOWN,,7.2,1.6,5.4,1.8,1.8,5.2,5.0,4.0,7.0,1.0,1.0,3.0,,,,9.529411764705882,1.588235294117647,6.352941176470588,1.588235294117647,1.588235294117647,4.6117647058823525,5.666666666666667,6.0,8.0,1.0,1.0,4.0,,,,True,True,UNKNOWN,False,False,,,,,,,,,,NPB,2019-04-09 18:00:00,1,,,0,
2019040906,2019-04-09 18:00:00,福岡ソフトバンクホークス,北海道日本ハムファイターズ,3.0,3.0,UNKNOWN,長崎県営野球場,excluded,high,False,False,1500109,1200106,[],[],,,,,0,light,2019-04-09 18:00:00+00:00,,UNKNOWN,,,,UNKNOWN,UNKNOWN,,UNKNOWN,,0.0,0.8571428571428571,5.785714285714286,3.8571428571428568,0.0,3.2,4.666666666666667,0.0,2.0,0.0,2.0,3.0,,,,3.176470588235294,1.588235294117647,11.117647058823529,7.941176470588235,0.0,3.376470588235294,5.666666666666667,2.0,4.0,0.0,5.0,7.0,,,,True,True,UNKNOWN,False,False,,,,,,,,,,NPB,2019-04-09 18:00:00,1,,,0,
2019040905,2019-04-09 18:15:00,千葉ロッテマリーンズ,オリックス・バファローズ,5.0,4.0,UNKNOWN,ＺＯＺＯマリンスタジアム,unknown,low,False,False,1700150,500014,[],[],,,,,0,light,2019-04-09 18:15:00+00:00,,UNKNOWN,,,,UNKNOWN,UNKNOWN,,UNKNOWN,,2.3478260869565215,0.7826086956521738,3.5217391304347823,0.0,1.1739130434782608,4.113043478260869,7.666666666666667,2.0,6.0,1.0,0.0,3.0,,,,7.2,1.2,12.6,0.0,1.8,3.0,5.0,4.0,6.0,1.0,0.0,7.0,,,,True,True,UNKNOWN,False,False,,,,,,,,,,NPB,2019-04-09 18:15:00,1,,,0,
2019041001,2019-04-10 18:00:00,中日ドラゴンズ,読売ジャイアンツ,3.0,2.0,UNKNOWN,ナゴヤドーム,unknown,low,False,False,1700002,1800130,[],[],,,,,0,light,2019-04-10 18:00:00+00:00,,UNKNOWN,,,,UNKNOWN,UNKNOWN,,UNKNOWN,,3.857142857142857,1.1428571428571428,7.714285714285714,3.857142857142857,1.2857142857142858,4.628571428571429,7.0,3.0,5.0,1.0,3.0,6.0,,,,3.0,1.1666666666666667,6.0,1.5,0.0,2.3666666666666667,6.0,2.0,6.0,0.0,1.0,4.0,,,,True,True,UNKNOWN,False,False,,,,,,,,,,NPB,2019-04-10 18:00:00,1,,,0,
2019041002,2019-04-10 18:00:00,阪神タイガース,横浜DeNAベイスターズ,0.0,2.0,UNKNOWN,阪神甲子園球場,unknown,low,False,False,1600081,1500090,[],[],,,,,0,light,2019-04-10 18:00:00+00:00,,UNKNOWN,,,,UNKNOWN,UNKNOWN,,UNKNOWN,,0.0,0.8888888888888888,9.0,7.0,0.0,3.5333333333333337,9.0,0.0,1.0,0.0,7.0,9.0,,,,1.5,1.3333333333333333,12.0,3.0,1.5,3.7,6.0,1.0,6.0,1.0,2.0,8.0,,,,True,True,UNKNOWN,False,False,,,,,,,,,,NPB,2019-04-10 18:00:00,1,,,0,
2019041003,2019-04-10 18:00:00,広島東洋カープ,東京ヤクルトスワローズ,3.0,15.0,UNKNOWN,ＭＡＺＤＡ　Ｚｏｏｍ－Ｚｏｏｍ　スタジアム広島,unknown,low,False,False,1600174,1100081,[],[],,,,,0,light,2019-04-10 18:00:00+00:00,,UNKNOWN,,,,UNKNOWN,UNKNOWN,,UNKNOWN,,3.6,1.4,3.6,3.6,0.0,3.6,5.0,2.0,5.0,0.0,2.0,2.0,,,,6.75,2.75,9.0,11.25,0.0,4.95,4.0,3.0,6.0,0.0,5.0,4.0,,,,True,True,UNKNOWN,False,False,,,,,,,,,,NPB,2019-04-10 18:00:00,1,,,0,
2019041004,2019-04-10 18:00:00,埼玉西武ライオンズ,東北楽天ゴールデンイーグルス,5.0,7.0,UNKNOWN,メットライフドーム,unknown,low,False,False,1000096,800048,[],[],,,,,0,light,2019-04-10 18:00:00+00:00,,UNKNOWN,,,,UNKNOWN,UNKNOWN,,UNKNOWN,,3.0,1.5,3.0,6.0,0.0,4.533333333333333,6.0,2.0,5.0,0.0,4.0,2.0,,,,11.25,2.5,4.5,13.5,0.0,6.7,4.0,5.0,4.0,0.0,6.0,2.0,,,,True,True,UNKNOWN,False,False,,,,,,,,,,NPB,2019-04-10 18:00:00,1,,,0,
2019041006,2019-04-10 18:00:00,福岡ソフトバンクホークス,北海道日本ハムファイターズ,2.0,3.0,UNKNOWN,福岡 ヤフオク!ドーム,unknown,low,False,False,1700140,1700137,[],[],,,,,0,light,2019-04-10 18:00:00+00:00,,UNKNOWN,,,,UNKNOWN,UNKNOWN,,UNKNOWN,,3.0,0.6666666666666666,3.0,0.0,1.5,4.7,6.0,2.0,4.0,1.0,0.0,2.0,,,,2.5714285714285716,0.7142857142857143,6.428571428571429,1.2857142857142858,1.2857142857142858,4.057142857142857,7.0,2.0,4.0,1.0,1.0,5.0,,,,True,True,UNKNOWN,False,False,,,,,,,,,,NPB,2019-04-10 18:00:00,1,,,0,
2019041101,2019-04-11 18:00:00,阪神タイガース,横浜DeNAベイスターズ,2.0,5.0,UNKNOWN,阪神甲子園球場,excluded,high,False,False,1800045,900425,[],[],,,,,0,light,2019-04-11 18:00:00+00:00,,UNKNOWN,,,,UNKNOWN,UNKNOWN,,UNKNOWN,,1.8,1.6,9.0,5.4,1.8,5.6,5.0,1.0,5.0,1.0,3.0,5.0,,,,6.0,2.0,3.0,4.5,1.5,6.2,6.0,4.0,9.0,1.0,3.0,2.0,,,,True,True,UNKNOWN,False,False,,,,,,,,,,NPB,2019-04-11 18:00:00,1,,,0,
2019041102,2019-04-11 18:00:00,広島東洋カープ,東京ヤクルトスワローズ,2.0,6.0,UNKNOWN,ＭＡＺＤＡ　Ｚｏｏｍ－Ｚｏｏｍ　スタジアム広島,unknown,low,False,False,12103,1500092,[],[],,,,,0,light,2019-04-11 18:00:00+00:00,,UNKNOWN,,,,UNKNOWN,UNKNOWN,,UNKNOWN,,3.176470588235294,1.4117647058823528,1.588235294117647,4.764705882352941,1.588235294117647,6.729411764705882,5.666666666666667,2.0,5.0,1.0,3.0,1.0,,,,45.0,8.0,0.0,54.0,0.0,21.2,1.0,5.0,2.0,0.0,6.0,0.0,,,,True,True,UNKNOWN,False,False,,,,,,,,,,NPB,2019-04-11 18:00:00,1,,,0,
2019041104,2019-04-11 18:00:00,福岡ソフトバンクホークス,北海道日本ハムファイターズ,5.0,2.0,UNKNOWN,福岡 ヤフオク!ドーム,unknown,low,False,False,1500110,1100115,[],[],,,,,0,light,2019-04-11 18:00:00+00:00,,UNKNOWN,,,,UNKNOWN,UNKNOWN,,UNKNOWN,,12.272727272727273,1.6363636363636365,12.272727272727273,2.4545454545454546,0.0,1.290909090909091,3.6666666666666665,5.0,5.0,0.0,1.0,5.0,,,,1.3499999999999999,1.5,2.6999999999999997,4.05,0.0,3.95,6.666666666666667,1.0,7.0,0.0,3.0,2.0,,,,True,True,UNKNOWN,False,False,,,,,,,,,,NPB,2019-04-11 18:00:00,1,,,0,
2019041103,2019-04-11 18:15:00,千葉ロッテマリーンズ,オリックス・バファローズ,1.0,2.0,UNKNOWN,ＺＯＺＯマリンスタジアム,unknown,low,False,False,1600153,1400190,[],[],,,,,0,light,2019-04-11 18:15:00+00:00,,UNKNOWN,,,,UNKNOWN,UNKNOWN,,UNKNOWN,,1.125,0.625,7.875,2.25,0.0,2.2,8.0,1.0,3.0,0.0,2.0,7.0,,,,1.5,1.0,13.5,4.5,1.5,3.8666666666666667,6.0,1.0,3.0,1.0,3.0,9.0,,,,True,True,UNKNOWN,False,False,,,,,,,,,,NPB,2019-04-11 18:15:00,1,,,0,
2019041201,2019-04-12 18:00:00,読売ジャイアンツ,東京ヤクルトスワローズ,6.0,1.0,UNKNOWN,東京ドーム,unknown,low,False,False,1200076,1200041,[],[],,,,,0,light,2019-04-12 18:00:00+00:00,,UNKNOWN,,,,UNKNOWN,UNKNOWN,,UNKNOWN,,10.8,2.2,5.4,5.4,3.6,9.0,5.0,6.0,8.0,2.0,3.0,3.0,,,,1.2857142857142858,0.7142857142857143,11.571428571428571,1.2857142857142858,1.2857142857142858,2.9142857142857146,7.0,1.0,4.0,1.0,1.0,9.0,,,,True,True,UNKNOWN,False,False,2019-04-12 09:00:00+00:00,,UNKNOWN,Open-Meteo Historical Forecast,FAIL_CLOSED_NO_ISSUANCE_TIMESTAMP,9.8,46.0,0.0,3.7,NPB,2019-04-12 18:00:00,1,,,0,
2019041202,2019-04-12 18:00:00,横浜DeNAベイスターズ,広島東洋カープ,6.0,0.0,UNKNOWN,横浜スタジアム,unknown,low,False,False,1300057,1500061,[],[],,,,,0,light,2019-04-12 18:00:00+00:00,,UNKNOWN,,,,UNKNOWN,UNKNOWN,,UNKNOWN,,6.0,1.8333333333333333,13.5,3.0,1.5,3.3666666666666667,6.0,4.0,9.0,1.0,2.0,9.0,,,,0.0,0.2222222222222222,9.0,1.0,0.0,1.5333333333333334,9.0,0.0,1.0,0.0,1.0,9.0,,,,True,True,UNKNOWN,False,False,,,,,,,,,,NPB,2019-04-12 18:00:00,1,,,0,
2019041203,2019-04-12 18:00:00,阪神タイガース,中日ドラゴンズ,4.0,9.0,UNKNOWN,阪神甲子園球場,unknown,low,False,False,1600109,500502,[],[],,,,,0,light,2019-04-12 18:00:00+00:00,,UNKNOWN,,,,UNKNOWN,UNKNOWN,,UNKNOWN,,1.5,0.8333333333333334,6.0,4.5,0.0,3.3666666666666667,6.0,1.0,2.0,0.0,3.0,4.0,,,,7.5,1.8333333333333333,12.0,4.5,3.0,6.366666666666667,6.0,5.0,8.0,2.0,3.0,8.0,,,,True,True,UNKNOWN,False,False,,,,,,,,,,NPB,2019-04-12 18:00:00,1,,,0,
2019041204,2019-04-12 18:00:00,北海道日本ハムファイターズ,千葉ロッテマリーンズ,4.0,1.0,UNKNOWN,札幌ドーム,unknown,low,False,False,1300055,1100099,[],[],,,,,0,light,2019-04-12 18:00:00+00:00,,UNKNOWN,,,,UNKNOWN,UNKNOWN,,UNKNOWN,,6.75,1.125,10.125,0.0,0.0,0.9500000000000002,5.333333333333333,4.0,6.0,0.0,0.0,6.0,,,,1.2857142857142858,1.5714285714285714,9.0,6.428571428571429,0.0,3.342857142857143,7.0,1.0,6.0,0.0,5.0,7.0,,,,True,True,UNKNOWN,False,False,,,,,,,,,,NPB,2019-04-12 18:00:00,1,,,0,
2019041205,2019-04-12 18:00:00,東北楽天ゴールデンイーグルス,福岡ソフトバンクホークス,4.0,2.0,UNKNOWN,楽天生命パーク宮城,unknown,low,False,False,1000174,1400139,[],[],,,,,0,light,2019-04-12 18:00:00+00:00,,UNKNOWN,,,,UNKNOWN,UNKNOWN,,UNKNOWN,,2.5714285714285716,1.7142857142857142,18.0,7.714285714285714,0.0,1.7714285714285716,7.0,2.0,6.0,0.0,6.0,14.0,,,,3.6,1.4,7.2,3.6,0.0,2.8000000000000003,5.0,2.0,5.0,0.0,2.0,4.0,,,,True,True,UNKNOWN,False,False,,,,,,,,,,NPB,2019-04-12 18:00:00,1,,,0,
2019041206,2019-04-12 18:00:00,埼玉西武ライオンズ,オリックス・バファローズ,1.0,0.0,UNKNOWN,メットライフドーム,unknown,low,False,False,1600150,1500099,[],[],,,,,0,light,2019-04-12 18:00:00+00:00,,UNKNOWN,,,,UNKNOWN,UNKNOWN,,UNKNOWN,,0.0,1.0,7.5,4.5,0.0,3.0333333333333337,6.0,0.0,3.0,0.0,3.0,5.0,,,,0.0,0.4444444444444444,6.0,2.0,0.0,2.5333333333333337,9.0,0.0,2.0,0.0,2.0,6.0,,,,True,True,UNKNOWN,False,False,,,,,,,,,,NPB,2019-04-12 18:00:00,1,,,0,
2019041301,2019-04-13 14:00:00,読売ジャイアンツ,東京ヤクルトスワローズ,6.0,11.0,UNKNOWN,東京ドーム,unknown,low,False,False,12113,1800005,[],[],,,,,0,light,2019-04-13 14:00:00+00:00,,UNKNOWN,,,,UNKNOWN,UNKNOWN,,UNKNOWN,,8.307692307692308,2.076923076923077,6.230769230769231,0.0,4.153846153846154,7.815384615384616,4.333333333333333,4.0,9.0,2.0,0.0,3.0,,,,9.0,1.75,6.75,0.0,6.75,11.45,4.0,4.0,7.0,3.0,0.0,3.0,,,,True,True,UNKNOWN,False,False,2019-04-13 05:00:00+00:00,,UNKNOWN,Open-Meteo Historical Forecast,FAIL_CLOSED_NO_ISSUANCE_TIMESTAMP,15.3,23.0,0.0,7.2,NPB,2019-04-13 14:00:00,1,,,0,
2019041302,2019-04-13 14:00:00,横浜DeNAベイスターズ,広島東洋カープ,1.0,6.0,UNKNOWN,横浜スタジアム,unknown,low,False,False,1600123,1600084,[],[],,,,,0,light,2019-04-13 14:00:00+00:00,,UNKNOWN,,,,UNKNOWN,UNKNOWN,,UNKNOWN,,1.0,0.5555555555555556,6.0,1.0,1.0,3.644444444444445,9.0,1.0,4.0,1.0,1.0,6.0,,,,3.0,2.6666666666666665,6.0,12.0,0.0,5.866666666666667,3.0,1.0,4.0,0.0,4.0,2.0,,,,True,True,UNKNOWN,False,False,,,,,,,,,,NPB,2019-04-13 14:00:00,1,,,0,
2019041303,2019-04-13 14:00:00,阪神タイガース,中日ドラゴンズ,2.0,10.0,UNKNOWN,阪神甲子園球場,unknown,low,False,False,1600106,1300070,[],[],,,,,0,light,2019-04-13 14:00:00+00:00,,UNKNOWN,,,,UNKNOWN,UNKNOWN,,UNKNOWN,,2.5714285714285716,0.8571428571428571,6.428571428571429,0.0,1.2857142857142858,3.6285714285714286,7.0,2.0,6.0,1.0,0.0,5.0,,,,10.8,2.8,7.2,1.8,1.8,4.800000000000001,5.0,6.0,13.0,1.0,1.0,4.0,,,,True,True,UNKNOWN,False,False,,,,,,,,,,NPB,2019-04-13 14:00:00,1,,,0,
2019041304,2019-04-13 14:00:00,北海道日本ハムファイターズ,千葉ロッテマリーンズ,3.0,0.0,UNKNOWN,札幌ドーム,excluded,high,False,False,1700145,1800141,[],[],,,,,0,light,2019-04-13 14:00:00+00:00,,UNKNOWN,,,,UNKNOWN,UNKNOWN,,UNKNOWN,,3.6,0.6,7.2,0.0,0.0,1.6,5.0,2.0,3.0,0.0,0.0,4.0,,,,0.0,0.6,3.6,1.8,0.0,3.0,5.0,0.0,2.0,0.0,1.0,2.0,,,,True,True,UNKNOWN,False,False,,,,,,,,,,NPB,2019-04-13 14:00:00,1,,,0,
2019041305,2019-04-13 14:00:00,東北楽天ゴールデンイーグルス,福岡ソフトバンクホークス,0.0,1.0,UNKNOWN,楽天生命パーク宮城,unknown,low,False,False,1800013,1000155,[],[],,,,,0,light,2019-04-13 14:00:00+00:00,,UNKNOWN,,,,UNKNOWN,UNKNOWN,,UNKNOWN,,0.0,0.7142857142857143,3.857142857142857,3.857142857142857,0.0,3.6285714285714286,7.0,0.0,2.0,0.0,3.0,3.0,,,,0.0,0.625,5.625,0.0,0.0,1.9500000000000002,8.0,0.0,5.0,0.0,0.0,5.0,,,,True,True,UNKNOWN,False,False,,,,,,,,,,NPB,2019-04-13 14:00:00,1,,,0,
2019041306,2019-04-13 14:00:00,埼玉西武ライオンズ,オリックス・バファローズ,3.0,10.0,UNKNOWN,メットライフドーム,unknown,low,False,False,1300108,1600127,[],[],,,,,0,light,2019-04-13 14:00:00+00:00,,UNKNOWN,,,,UNKNOWN,UNKNOWN,,UNKNOWN,,9.0,2.3333333333333335,3.0,12.0,0.0,6.533333333333333,3.0,3.0,3.0,0.0,4.0,1.0,,,,7.941176470588235,1.9411764705882353,1.588235294117647,9.529411764705882,1.588235294117647,8.317647058823528,5.666666666666667,5.0,5.0,1.0,6.0,1.0,,,,True,True,UNKNOWN,False,False,,,,,,,,,,NPB,2019-04-13 14:00:00,1,,,0,
2019041402,2019-04-14 13:00:00,横浜DeNAベイスターズ,広島東洋カープ,4.0,2.0,UNKNOWN,横浜スタジアム,unknown,low,False,False,1300058,1200050,[],[],,,,,0,light,2019-04-14 13:00:00+00:00,,UNKNOWN,,,,UNKNOWN,UNKNOWN,,UNKNOWN,,6.75,1.75,4.5,6.75,2.25,7.7,4.0,3.0,4.0,1.0,3.0,2.0,,,,1.5,0.6666666666666666,9.0,3.0,1.5,4.366666666666667,6.0,1.0,2.0,1.0,2.0,6.0,,,,True,True,UNKNOWN,False,False,,,,,,,,,,NPB,2019-04-14 13:00:00,1,,,0,
2019041405,2019-04-14 13:00:00,東北楽天ゴールデンイーグルス,福岡ソフトバンクホークス,1.0,6.0,UNKNOWN,楽天生命パーク宮城,excluded,high,False,False,1700130,1700032,[],[],,,,,0,light,2019-04-14 13:00:00+00:00,,UNKNOWN,,,,UNKNOWN,UNKNOWN,,UNKNOWN,,1.2857142857142858,0.7142857142857143,3.857142857142857,3.857142857142857,0.0,3.6285714285714286,7.0,1.0,2.0,0.0,3.0,3.0,,,,8.4375,1.5,3.375,1.6875,1.6875,5.45,5.333333333333333,5.0,7.0,1.0,1.0,2.0,,,,True,True,UNKNOWN,False,False,,,,,,,,,,NPB,2019-04-14 13:00:00,1,,,0,
2019041406,2019-04-14 13:00:00,埼玉西武ライオンズ,オリックス・バファローズ,11.0,3.0,UNKNOWN,メットライフドーム,unknown,low,False,False,1200098,1400182,[],[],,,,,0,light,2019-04-14 13:00:00+00:00,,UNKNOWN,,,,UNKNOWN,UNKNOWN,,UNKNOWN,,9.0,2.0,7.2,7.2,1.8,6.6,5.0,5.0,6.0,1.0,4.0,4.0,,,,4.5,1.3333333333333333,9.0,3.0,3.0,6.533333333333333,6.0,3.0,6.0,2.0,2.0,6.0,,,,True,True,UNKNOWN,False,False,,,,,,,,,,NPB,2019-04-14 13:00:00,1,,,0,
2019041401,2019-04-14 14:00:00,読売ジャイアンツ,東京ヤクルトスワローズ,6.0,11.0,UNKNOWN,東京ドーム,unknown,low,False,False,1500042,1600060,[],[],,,,,0,light,2019-04-14 14:00:00+00:00,,UNKNOWN,,,,UNKNOWN,UNKNOWN,,UNKNOWN,,18.0,2.0,9.0,6.0,9.0,16.2,3.0,6.0,4.0,3.0,2.0,3.0,,,,18.0,3.6666666666666665,9.0,6.0,6.0,11.866666666666667,3.0,6.0,9.0,2.0,2.0,3.0,,,,True,True,UNKNOWN,False,False,2019-04-14 05:00:00+00:00,,UNKNOWN,Open-Meteo Historical Forecast,FAIL_CLOSED_NO_ISSUANCE_TIMESTAMP,17.4,43.0,0.0,13.2,NPB,2019-04-14 14:00:00,1,,,0,
2019041403,2019-04-14 14:00:00,阪神タイガース,中日ドラゴンズ,5.0,2.0,UNKNOWN,阪神甲子園球場,regular,high,True,True,600078,900062,[],[],,,,,0,light,2019-04-14 14:00:00+00:00,,UNKNOWN,,,,UNKNOWN,UNKNOWN,,UNKNOWN,,13.5,2.4,2.6999999999999997,2.6999999999999997,0.0,3.5,3.3333333333333335,5.0,7.0,0.0,1.0,1.0,,,,2.5714285714285716,1.2857142857142858,2.5714285714285716,1.2857142857142858,0.0,3.0571428571428574,7.0,2.0,8.0,0.0,1.0,2.0,,,,True,True,UNKNOWN,False,False,,,,,,,,,,NPB,2019-04-14 14:00:00,1,,,0,
2019041404,2019-04-14 14:00:00,北海道日本ハムファイターズ,千葉ロッテマリーンズ,3.0,1.0,UNKNOWN,札幌ドーム,unknown,low,False,False,1300050,1400117,[],[],,,,,0,light,2019-04-14 14:00:00+00:00,,UNKNOWN,,,,UNKNOWN,UNKNOWN,,UNKNOWN,,0.0,1.0,3.6,1.8,0.0,3.0,5.0,0.0,4.0,0.0,1.0,2.0,,,,1.2857142857142858,0.7142857142857143,10.285714285714286,1.2857142857142858,1.2857142857142858,3.2,7.0,1.0,4.0,1.0,1.0,8.0,,,,True,True,UNKNOWN,False,False,,,,,,,,,,NPB,2019-04-14 14:00:00,1,,,0,
2019041601,2019-04-16 18:00:00,読売ジャイアンツ,広島東洋カープ,8.0,2.0,UNKNOWN,鹿児島県立鴨池野球場,unknown,low,False,False,1500007,600008,[],[],,,,,0,light,2019-04-16 18:00:00+00:00,,UNKNOWN,,,,UNKNOWN,UNKNOWN,,UNKNOWN,,12.0,2.6666666666666665,12.0,9.0,0.0,3.5333333333333337,3.0,4.0,5.0,0.0,3.0,4.0,,,,2.5714285714285716,1.2857142857142858,9.0,7.714285714285714,1.2857142857142858,5.628571428571428,7.0,2.0,3.0,1.0,6.0,7.0,,,,True,True,UNKNOWN,False,False,,,,,,,,,,NPB,2019-04-16 18:00:00,1,,,0,
2019041603,2019-04-16 18:00:00,中日ドラゴンズ,横浜DeNAベイスターズ,7.0,1.0,UNKNOWN,ナゴヤドーム,unknown,low,False,False,1800043,1000138,[],[],,,,,0,light,2019-04-16 18:00:00+00:00,,UNKNOWN,,,,UNKNOWN,UNKNOWN,,UNKNOWN,,11.25,2.75,6.75,4.5,2.25,6.45,4.0,5.0,9.0,1.0,2.0,3.0,,,,1.3499999999999999,1.3499999999999999,9.45,5.3999999999999995,0.0,2.9000000000000004,6.666666666666667,1.0,5.0,0.0,4.0,7.0,,,,True,True,UNKNOWN,False,False,,,,,,,,,,NPB,2019-04-16 18:00:00,1,,,0,
2019041604,2019-04-16 18:00:00,東北楽天ゴールデンイーグルス,埼玉西武ライオンズ,5.0,4.0,UNKNOWN,楽天生命パーク宮城,unknown,low,False,False,1800022,900090,[],[],,,,,0,light,2019-04-16 18:00:00+00:00,,UNKNOWN,,,,UNKNOWN,UNKNOWN,,UNKNOWN,,5.4,1.8,3.6,1.8,1.8,5.6,5.0,3.0,8.0,1.0,1.0,2.0,,,,5.4,1.6,9.0,3.6,1.8,5.0,5.0,3.0,6.0,1.0,2.0,5.0,,,,True,True,UNKNOWN,False,False,,,,,,,,,,NPB,2019-04-16 18:00:00,1,,,0,
2019041606,2019-04-16 18:00:00,オリックス・バファローズ,北海道日本ハムファイターズ,9.0,0.0,UNKNOWN,京セラドーム大阪,unknown,low,False,False,1500109,1700150,[],[],,,,,0,light,2019-04-16 18:00:00+00:00,,UNKNOWN,,,,UNKNOWN,UNKNOWN,,UNKNOWN,,14.4,2.0,9.0,0.0,3.6,6.4,5.0,8.0,10.0,2.0,0.0,5.0,,,,0.0,1.0,5.4,1.8,0.0,2.6,5.0,0.0,4.0,0.0,1.0,3.0,,,,True,True,UNKNOWN,False,False,,,,,,,,,,NPB,2019-04-16 18:00:00,1,,,0,
2019041605,2019-04-16 18:15:00,千葉ロッテマリーンズ,福岡ソフトバンクホークス,6.0,0.0,UNKNOWN,ＺＯＺＯマリンスタジアム,unknown,low,False,False,1200106,500014,[],[],,,,,0,light,2019-04-16 18:15:00+00:00,,UNKNOWN,,,,UNKNOWN,UNKNOWN,,UNKNOWN,,9.0,1.5,7.5,4.5,3.0,7.366666666666667,6.0,6.0,6.0,2.0,3.0,5.0,,,,0.0,0.2222222222222222,7.0,0.0,0.0,1.6444444444444446,9.0,0.0,2.0,0.0,0.0,7.0,,,,True,True,UNKNOWN,False,False,,,,,,,,,,NPB,2019-04-16 18:15:00,1,,,0,
2019041602,2019-04-16 18:20:00,東京ヤクルトスワローズ,阪神タイガース,9.0,5.0,UNKNOWN,松山中央公園野球場,excluded,high,False,False,1700154,1500040,[],[],,,,,0,light,2019-04-16 18:20:00+00:00,,UNKNOWN,,,,UNKNOWN,UNKNOWN,,UNKNOWN,,47.25,7.5,6.75,20.25,6.75,18.2,1.3333333333333333,7.0,7.0,1.0,3.0,1.0,,,,5.0,1.2222222222222223,6.0,0.0,1.0,3.3111111111111113,9.0,5.0,11.0,1.0,0.0,6.0,,,,True,True,UNKNOWN,False,False,,,,,,,,,,NPB,2019-04-16 18:20:00,1,,,0,
2019041701,2019-04-17 18:00:00,読売ジャイアンツ,広島東洋カープ,4.0,5.0,UNKNOWN,リブワーク藤崎台球場,unknown,low,False,False,1100081,1800023,[],[],,,,,0,light,2019-04-17 18:00:00+00:00,,UNKNOWN,,,,UNKNOWN,UNKNOWN,,UNKNOWN,,3.0,0.8333333333333334,9.0,0.0,0.0,1.2000000000000002,6.0,2.0,5.0,0.0,0.0,6.0,,,,1.6875,1.5,15.1875,10.125,1.6875,5.6375,5.333333333333333,1.0,2.0,1.0,6.0,9.0,,,,True,True,UNKNOWN,False,False,,,,,,,,,,NPB,2019-04-17 18:00:00,1,,,0,
2019041703,2019-04-17 18:00:00,中日ドラゴンズ,横浜DeNAベイスターズ,3.0,1.0,UNKNOWN,ナゴヤドーム,unknown,low,False,False,1600081,12191,[],[],,,,,0,light,2019-04-17 18:00:00+00:00,,UNKNOWN,,,,UNKNOWN,UNKNOWN,,UNKNOWN,,4.5,1.1666666666666667,12.0,1.5,0.0,1.0333333333333337,6.0,3.0,6.0,0.0,1.0,8.0,,,,1.588235294117647,1.0588235294117647,14.294117647058822,1.588235294117647,0.0,0.5529411764705885,5.666666666666667,1.0,5.0,0.0,1.0,9.0,,,,True,True,UNKNOWN,False,False,,,,,,,,,,NPB,2019-04-17 18:00:00,1,,,0,
2019041704,2019-04-17 18:00:00,東北楽天ゴールデンイーグルス,埼玉西武ライオンズ,7.0,4.0,UNKNOWN,楽天生命パーク宮城,unknown,low,False,False,1500104,1000096,[],[],,,,,0,light,2019-04-17 18:00:00+00:00,,UNKNOWN,,,,UNKNOWN,UNKNOWN,,UNKNOWN,,9.642857142857142,2.357142857142857,9.642857142857142,7.7142857142857135,1.9285714285714284,6.414285714285715,4.666666666666667,5.0,7.0,1.0,4.0,5.0,,,,5.4,1.4,9.0,7.2,0.0,3.6,5.0,3.0,3.0,0.0,4.0,5.0,,,,True,True,UNKNOWN,False,False,,,,,,,,,,NPB,2019-04-17 18:00:00,1,,,0,
2019041706,2019-04-17 18:00:00,オリックス・バファローズ,北海道日本ハムファイターズ,6.0,4.0,UNKNOWN,京セラドーム大阪,unknown,low,False,False,1700140,1600160,[],[],,,,,0,light,2019-04-17 18:00:00+00:00,,UNKNOWN,,,,UNKNOWN,UNKNOWN,,UNKNOWN,,9.0,2.25,6.75,4.5,2.25,6.45,4.0,4.0,7.0,1.0,2.0,3.0,,,,1.5,1.5,6.0,4.5,0.0,3.3666666666666667,6.0,1.0,6.0,0.0,3.0,4.0,,,,True,True,UNKNOWN,False,False,,,,,,,,,,NPB,2019-04-17 18:00:00,1,,,0,
2019041705,2019-04-17 18:15:00,千葉ロッテマリーンズ,福岡ソフトバンクホークス,1.0,0.0,UNKNOWN,ＺＯＺＯマリンスタジアム,unknown,low,False,False,1700137,1400190,[],[],,,,,0,light,2019-04-17 18:15:00+00:00,,UNKNOWN,,,,UNKNOWN,UNKNOWN,,UNKNOWN,,1.125,1.0,4.5,1.125,0.0,2.575,8.0,1.0,7.0,0.0,1.0,4.0,,,,0.0,0.6666666666666666,4.5,4.5,0.0,3.7,6.0,0.0,1.0,0.0,3.0,3.0,,,,True,True,UNKNOWN,False,False,,,,,,,,,,NPB,2019-04-17 18:15:00,1,,,0,
2019041702,2019-04-17 18:30:00,東京ヤクルトスワローズ,阪神タイガース,2.0,2.0,UNKNOWN,明治神宮野球場,unknown,low,False,False,1500090,1600174,[],[],,,,,0,light,2019-04-17 18:30:00+00:00,,UNKNOWN,,,,UNKNOWN,UNKNOWN,,UNKNOWN,,0.0,0.8571428571428571,6.428571428571429,1.2857142857142858,0.0,2.2,7.0,0.0,5.0,0.0,1.0,5.0,,,,2.25,0.625,3.375,1.125,1.125,4.45,8.0,2.0,4.0,1.0,1.0,3.0,,,,True,True,UNKNOWN,False,False,,,,,,,,,,NPB,2019-04-17 18:30:00,1,,,0,
2019041801,2019-04-18 18:00:00,東京ヤクルトスワローズ,阪神タイガース,5.0,13.0,UNKNOWN,明治神宮野球場,excluded,high,False,False,600089,1700085,[],[],,,,,0,light,2019-04-18 18:00:00+00:00,,UNKNOWN,,,,UNKNOWN,UNKNOWN,,UNKNOWN,,2.0,1.1111111111111112,4.0,1.0,2.0,5.533333333333333,9.0,2.0,9.0,2.0,1.0,4.0,,,,23.142857142857142,3.8571428571428568,15.428571428571427,3.8571428571428568,7.7142857142857135,12.2,2.3333333333333335,6.0,8.0,2.0,1.0,4.0,,,,True,True,UNKNOWN,False,False,,,,,,,,,,NPB,2019-04-18 18:00:00,1,,,0,
2019041803,2019-04-18 18:00:00,オリックス・バファローズ,北海道日本ハムファイターズ,3.0,7.0,UNKNOWN,ほっともっとフィールド神戸,unknown,low,False,False,500027,1600153,[],[],,,,,0,light,2019-04-18 18:00:00+00:00,,UNKNOWN,,,,UNKNOWN,UNKNOWN,,UNKNOWN,,0.0,0.6,9.0,3.6,0.0,2.4000000000000004,5.0,0.0,1.0,0.0,2.0,5.0,,,,6.0,1.1666666666666667,4.5,3.0,0.0,3.2,6.0,4.0,5.0,0.0,2.0,3.0,,,,True,True,UNKNOWN,False,False,,,,,,,,,,NPB,2019-04-18 18:00:00,1,,,0,
2019041802,2019-04-18 18:15:00,千葉ロッテマリーンズ,福岡ソフトバンクホークス,5.0,2.0,UNKNOWN,ＺＯＺＯマリンスタジアム,unknown,low,False,False,1100115,1300055,[],[],,,,,0,light,2019-04-18 18:15:00+00:00,,UNKNOWN,,,,UNKNOWN,UNKNOWN,,UNKNOWN,,15.0,2.6666666666666665,6.0,12.0,0.0,5.866666666666667,3.0,5.0,4.0,0.0,4.0,2.0,,,,3.6,1.0,3.6,0.0,1.8,5.0,5.0,2.0,5.0,1.0,0.0,2.0,,,,True,True,UNKNOWN,False,False,,,,,,,,,,NPB,2019-04-18 18:15:00,1,,,0,
2019041901,2019-04-19 18:00:00,中日ドラゴンズ,東京ヤクルトスワローズ,4.0,2.0,UNKNOWN,ナゴヤドーム,unknown,low,False,False,1200076,1600109,[],[],,,,,0,light,2019-04-19 18:00:00+00:00,,UNKNOWN,,,,UNKNOWN,UNKNOWN,,UNKNOWN,,4.5,1.5,10.5,4.5,1.5,4.533333333333333,6.0,3.0,6.0,1.0,3.0,7.0,,,,3.176470588235294,1.2352941176470587,14.294117647058822,3.176470588235294,0.0,1.0823529411764707,5.666666666666667,2.0,5.0,0.0,2.0,9.0,,,,True,True,UNKNOWN,False,False,,,,,,,,,,NPB,2019-04-19 18:00:00,1,,,0,
2019041902,2019-04-19 18:00:00,阪神タイガース,読売ジャイアンツ,4.0,12.0,UNKNOWN,阪神甲子園球場,unknown,low,False,False,1200041,500502,[],[],,,,,0,light,2019-04-19 18:00:00+00:00,,UNKNOWN,,,,UNKNOWN,UNKNOWN,,UNKNOWN,,4.05,1.05,9.45,1.3499999999999999,1.3499999999999999,3.5,6.666666666666667,3.0,6.0,1.0,1.0,7.0,,,,9.0,2.75,9.0,6.75,4.5,9.95,4.0,4.0,8.0,2.0,3.0,4.0,,,,True,True,UNKNOWN,False,False,,,,,,,,,,NPB,2019-04-19 18:00:00,1,,,0,
2019041903,2019-04-19 18:00:00,広島東洋カープ,横浜DeNAベイスターズ,2.0,1.0,UNKNOWN,ＭＡＺＤＡ　Ｚｏｏｍ－Ｚｏｏｍ　スタジアム広島,unknown,low,False,False,1500061,1300057,[],[],,,,,0,light,2019-04-19 18:00:00+00:00,,UNKNOWN,,,,UNKNOWN,UNKNOWN,,UNKNOWN,,0.0,1.0,10.285714285714286,2.5714285714285716,0.0,1.7714285714285716,7.0,0.0,5.0,0.0,2.0,8.0,,,,1.2857142857142858,1.1428571428571428,10.285714285714286,1.2857142857142858,1.2857142857142858,3.2,7.0,1.0,7.0,1.0,1.0,8.0,,,,True,True,UNKNOWN,False,False,,,,,,,,,,NPB,2019-04-19 18:00:00,1,,,0,
2019041904,2019-04-19 18:00:00,東北楽天ゴールデンイーグルス,オリックス・バファローズ,4.0,5.0,UNKNOWN,楽天生命パーク宮城,unknown,low,False,False,1600150,1400139,[],[],,,,,0,light,2019-04-19 18:00:00+00:00,,UNKNOWN,,,,UNKNOWN,UNKNOWN,,UNKNOWN,,4.5,0.875,11.25,2.25,3.375,6.325,8.0,4.0,5.0,3.0,2.0,10.0,,,,6.0,1.3333333333333333,3.0,1.5,3.0,7.366666666666667,6.0,4.0,7.0,2.0,1.0,2.0,,,,True,True,UNKNOWN,False,False,,,,,,,,,,NPB,2019-04-19 18:00:00,1,,,0,
2019041905,2019-04-19 18:00:00,埼玉西武ライオンズ,福岡ソフトバンクホークス,0.0,2.0,UNKNOWN,メットライフドーム,unknown,low,False,False,1000174,1500099,[],[],,,,,0,light,2019-04-19 18:00:00+00:00,,UNKNOWN,,,,UNKNOWN,UNKNOWN,,UNKNOWN,,0.0,0.625,12.375,3.375,0.0,1.5750000000000002,8.0,0.0,2.0,0.0,3.0,11.0,,,,2.8421052631578947,1.8947368421052633,5.684210526315789,2.8421052631578947,0.0,2.8842105263157896,6.333333333333333,2.0,10.0,0.0,2.0,4.0,,,,True,True,UNKNOWN,False,False,,,,,,,,,,NPB,2019-04-19 18:00:00,1,,,0,
2019042001,2019-04-20 14:00:00,中日ドラゴンズ,東京ヤクルトスワローズ,3.0,5.0,UNKNOWN,ナゴヤドーム,unknown,low,False,False,12113,1600106,[],[],,,,,0,light,2019-04-20 14:00:00+00:00,,UNKNOWN,,,,UNKNOWN,UNKNOWN,,UNKNOWN,,1.8,1.0,5.4,0.0,0.0,2.0,5.0,1.0,5.0,0.0,0.0,3.0,,,,5.0625,1.875,8.4375,3.375,1.6875,4.8875,5.333333333333333,3.0,8.0,1.0,2.0,5.0,,,,True,True,UNKNOWN,False,False,,,,,,,,,,NPB,2019-04-20 14:00:00,1,,,0,
2019042002,2019-04-20 14:00:00,阪神タイガース,読売ジャイアンツ,0.0,2.0,UNKNOWN,阪神甲子園球場,unknown,low,False,False,1800005,1300070,[],[],,,,,0,light,2019-04-20 14:00:00+00:00,,UNKNOWN,,,,UNKNOWN,UNKNOWN,,UNKNOWN,,0.0,0.875,6.75,4.5,0.0,3.2,8.0,0.0,3.0,0.0,4.0,6.0,,,,2.5714285714285716,0.8571428571428571,2.5714285714285716,2.5714285714285716,1.2857142857142858,5.342857142857143,7.0,2.0,4.0,1.0,2.0,2.0,,,,True,True,UNKNOWN,False,False,,,,,,,,,,NPB,2019-04-20 14:00:00,1,,,0,
2019042003,2019-04-20 14:00:00,広島東洋カープ,横浜DeNAベイスターズ,9.0,2.0,UNKNOWN,ＭＡＺＤＡ　Ｚｏｏｍ－Ｚｏｏｍ　スタジアム広島,unknown,low,False,False,1200050,1600123,[],[],,,,,0,light,2019-04-20 14:00:00+00:00,,UNKNOWN,,,,UNKNOWN,UNKNOWN,,UNKNOWN,,15.75,3.0,6.75,9.0,0.0,4.7,4.0,7.0,8.0,0.0,4.0,3.0,,,,1.2857142857142858,1.0,10.285714285714286,2.5714285714285716,1.2857142857142858,3.6285714285714286,7.0,1.0,5.0,1.0,2.0,8.0,,,,True,True,UNKNOWN,False,False,,,,,,,,,,NPB,2019-04-20 14:00:00,1,,,0,
2019042004,2019-04-20 14:00:00,東北楽天ゴールデンイーグルス,オリックス・バファローズ,5.0,3.0,UNKNOWN,楽天生命パーク宮城,unknown,low,False,False,1300108,1000155,[],[],,,,,0,light,2019-04-20 14:00:00+00:00,,UNKNOWN,,,,UNKNOWN,UNKNOWN,,UNKNOWN,,15.0,2.6666666666666665,3.0,9.0,6.0,14.2,3.0,5.0,5.0,2.0,3.0,1.0,,,,1.4210526315789473,1.4210526315789473,4.2631578947368425,1.4210526315789473,0.0,2.7263157894736842,6.333333333333333,1.0,8.0,0.0,1.0,3.0,,,,True,True,UNKNOWN,False,False,,,,,,,,,,NPB,2019-04-20 14:00:00,1,,,0,
2019042005,2019-04-20 14:00:00,埼玉西武ライオンズ,福岡ソフトバンクホークス,6.0,4.0,UNKNOWN,メットライフドーム,excluded,high,False,False,1600013,1600127,[],[],,,,,0,light,2019-04-20 14:00:00+00:00,,UNKNOWN,,,,UNKNOWN,UNKNOWN,,UNKNOWN,,27.0,4.5,13.5,13.5,4.5,11.2,2.0,6.0,6.0,1.0,3.0,3.0,,,,4.5,1.3333333333333333,9.0,3.0,3.0,6.533333333333333,6.0,3.0,6.0,2.0,2.0,6.0,,,,True,True,UNKNOWN,False,False,,,,,,,,,,NPB,2019-04-20 14:00:00,1,,,0,
2019042006,2019-04-20 14:00:00,千葉ロッテマリーンズ,北海道日本ハムファイターズ,3.0,1.0,UNKNOWN,ＺＯＺＯマリンスタジアム,unknown,low,False,False,1100099,1700145,[],[],,,,,0,light,2019-04-20 14:00:00+00:00,,UNKNOWN,,,,UNKNOWN,UNKNOWN,,UNKNOWN,,3.857142857142857,1.4285714285714286,5.142857142857143,2.5714285714285716,0.0,2.9142857142857146,7.0,3.0,8.0,0.0,2.0,4.0,,,,1.5,0.8333333333333334,6.0,3.0,1.5,5.033333333333333,6.0,1.0,3.0,1.0,2.0,4.0,,,,True,True,UNKNOWN,False,False,,,,,,,,,,NPB,2019-04-20 14:00:00,1,,,0,
2019042104,2019-04-21 13:00:00,東北楽天ゴールデンイーグルス,オリックス・バファローズ,7.0,3.0,UNKNOWN,楽天生命パーク宮城,excluded,high,False,False,1200098,1100128,[],[],,,,,0,light,2019-04-21 13:00:00+00:00,,UNKNOWN,,,,UNKNOWN,UNKNOWN,,UNKNOWN,,6.75,0.75,6.75,6.75,0.0,3.95,1.3333333333333333,1.0,0.0,0.0,1.0,1.0,,,,5.0625,1.125,5.0625,1.6875,1.6875,5.075,5.333333333333333,3.0,5.0,1.0,1.0,3.0,,,,True,True,UNKNOWN,False,False,,,,,,,,,,NPB,2019-04-21 13:00:00,1,,,0,
2019042105,2019-04-21 13:00:00,埼玉西武ライオンズ,福岡ソフトバンクホークス,5.0,16.0,UNKNOWN,メットライフドーム,unknown,low,False,False,1700130,1400182,[],[],,,,,0,light,2019-04-21 13:00:00+00:00,,UNKNOWN,,,,UNKNOWN,UNKNOWN,,UNKNOWN,,3.6,1.6,3.6,10.8,0.0,6.0,5.0,2.0,2.0,0.0,6.0,2.0,,,,9.0,2.25,2.25,4.5,2.25,7.45,4.0,4.0,7.0,1.0,2.0,1.0,,,,True,True,UNKNOWN,False,False,,,,,,,,,,NPB,2019-04-21 13:00:00,1,,,0,
2019042103,2019-04-21 13:30:00,広島東洋カープ,横浜DeNAベイスターズ,7.0,4.0,UNKNOWN,ＭＡＺＤＡ　Ｚｏｏｍ－Ｚｏｏｍ　スタジアム広島,unknown,low,False,False,1000007,1500007,[],[],,,,,0,light,2019-04-21 13:30:00+00:00,,UNKNOWN,,,,UNKNOWN,UNKNOWN,,UNKNOWN,,36.0,7.0,0.0,18.0,0.0,9.2,1.0,4.0,5.0,0.0,2.0,0.0,,,,1.8,1.2,9.0,3.6,0.0,2.4000000000000004,5.0,1.0,4.0,0.0,2.0,5.0,,,,True,True,UNKNOWN,False,False,,,,,,,,,,NPB,2019-04-21 13:30:00,1,,,0,
2019042101,2019-04-21 14:00:00,中日ドラゴンズ,東京ヤクルトスワローズ,7.0,5.0,UNKNOWN,ナゴヤドーム,unknown,low,False,False,1300045,600078,[],[],,,,,0,light,2019-04-21 14:00:00+00:00,,UNKNOWN,,,,UNKNOWN,UNKNOWN,,UNKNOWN,,22.5,4.0,9.0,4.5,0.0,2.7,2.0,5.0,7.0,0.0,1.0,2.0,,,,12.0,2.0,9.0,3.0,0.0,2.2,3.0,4.0,5.0,0.0,1.0,3.0,,,,True,True,UNKNOWN,False,False,,,,,,,,,,NPB,2019-04-21 14:00:00,1,,,0,
2019042102,2019-04-21 14:00:00,阪神タイガース,読売ジャイアンツ,0.0,3.0,UNKNOWN,阪神甲子園球場,unknown,low,False,False,1700002,900062,[],[],,,,,0,light,2019-04-21 14:00:00+00:00,,UNKNOWN,,,,UNKNOWN,UNKNOWN,,UNKNOWN,,0.0,1.0,6.428571428571429,2.5714285714285716,0.0,2.628571428571429,7.0,0.0,5.0,0.0,2.0,5.0,,,,1.2857142857142858,0.7142857142857143,6.428571428571429,1.2857142857142858,0.0,2.2,7.0,1.0,4.0,0.0,1.0,5.0,,,,True,True,UNKNOWN,False,False,,,,,,,,,,NPB,2019-04-21 14:00:00,1,,,0,
2019042106,2019-04-21 14:00:00,千葉ロッテマリーンズ,北海道日本ハムファイターズ,1.0,2.0,UNKNOWN,ＺＯＺＯマリンスタジアム,unknown,low,False,False,1400117,1300050,[],[],,,,,0,light,2019-04-21 14:00:00+00:00,,UNKNOWN,,,,UNKNOWN,UNKNOWN,,UNKNOWN,,1.5,0.6666666666666666,6.0,1.5,0.0,2.3666666666666667,6.0,1.0,3.0,0.0,1.0,4.0,,,,3.0,1.3333333333333333,1.5,0.0,0.0,2.8666666666666667,6.0,2.0,8.0,0.0,0.0,1.0,,,,True,True,UNKNOWN,False,False,,,,,,,,,,NPB,2019-04-21 14:00:00,1,,,0,
2019042201,2019-04-22 18:00:00,福岡ソフトバンクホークス,オリックス・バファローズ,3.0,1.0,UNKNOWN,東京ドーム,unknown,low,False,False,1700150,1200106,[],[],,,,,0,light,2019-04-22 18:00:00+00:00,,UNKNOWN,,,,UNKNOWN,UNKNOWN,,UNKNOWN,,1.5,0.6666666666666666,3.0,1.5,0.0,3.0333333333333337,6.0,1.0,3.0,0.0,1.0,2.0,,,,1.8,1.4,5.4,5.4,0.0,3.8000000000000003,5.0,1.0,4.0,0.0,3.0,3.0,,,,True,True,UNKNOWN,False,False,2019-04-22 09:00:00+00:00,,UNKNOWN,Open-Meteo Historical Forecast,FAIL_CLOSED_NO_ISSUANCE_TIMESTAMP,19.7,67.0,0.0,7.1,NPB,2019-04-22 18:00:00,1,,,0,
2019042301,2019-04-23 18:00:00,東京ヤクルトスワローズ,読売ジャイアンツ,0.0,9.0,UNKNOWN,明治神宮野球場,unknown,low,False,False,600008,1500040,[],[],,,,,0,light,2019-04-23 18:00:00+00:00,,UNKNOWN,,,,UNKNOWN,UNKNOWN,,UNKNOWN,,0.0,0.5,6.75,3.375,0.0,2.825,8.0,0.0,1.0,0.0,3.0,6.0,,,,4.5,1.1666666666666667,6.0,1.5,0.0,2.3666666666666667,6.0,3.0,6.0,0.0,1.0,4.0,,,,True,True,UNKNOWN,False,False,,,,,,,,,,NPB,2019-04-23 18:00:00,1,,,0,
2019042302,2019-04-23 18:00:00,横浜DeNAベイスターズ,阪神タイガース,3.0,8.0,UNKNOWN,横浜スタジアム,unknown,low,False,False,1500090,1800043,[],[],,,,,0,light,2019-04-23 18:00:00+00:00,,UNKNOWN,,,,UNKNOWN,UNKNOWN,,UNKNOWN,,2.8421052631578947,1.2631578947368423,5.684210526315789,4.2631578947368425,1.4210526315789473,5.410526315789474,6.333333333333333,2.0,5.0,1.0,3.0,4.0,,,,5.785714285714286,1.9285714285714284,7.7142857142857135,1.9285714285714284,1.9285714285714284,4.914285714285715,4.666666666666667,3.0,8.0,1.0,1.0,4.0,,,,True,True,UNKNOWN,False,False,,,,,,,,,,NPB,2019-04-23 18:00:00,1,,,0,
2019042303,2019-04-23 18:00:00,広島東洋カープ,中日ドラゴンズ,3.0,2.0,UNKNOWN,ＭＡＺＤＡ　Ｚｏｏｍ－Ｚｏｏｍ　スタジアム広島,excluded,high,False,False,1000138,1600125,[],[],,,,,0,light,2019-04-23 18:00:00+00:00,,UNKNOWN,,,,UNKNOWN,UNKNOWN,,UNKNOWN,,2.25,0.75,5.625,1.125,1.125,3.95,8.0,2.0,5.0,1.0,1.0,5.0,,,,2.5714285714285716,1.2857142857142858,3.857142857142857,3.857142857142857,2.5714285714285716,7.342857142857143,7.0,2.0,6.0,2.0,3.0,3.0,,,,True,True,UNKNOWN,False,False,,,,,,,,,,NPB,2019-04-23 18:00:00,1,,,0,
2019042304,2019-04-23 18:00:00,北海道日本ハムファイターズ,東北楽天ゴールデンイーグルス,1.0,4.0,UNKNOWN,札幌ドーム,unknown,low,False,False,900090,1300094,[],[],,,,,0,light,2019-04-23 18:00:00+00:00,,UNKNOWN,,,,UNKNOWN,UNKNOWN,,UNKNOWN,,1.5,0.8333333333333334,4.5,1.5,0.0,2.7,6.0,1.0,4.0,0.0,1.0,3.0,,,,0.0,0.0,16.2,0.0,0.0,-0.3999999999999999,5.0,0.0,0.0,0.0,0.0,9.0,,,,True,True,UNKNOWN,False,False,,,,,,,,,,NPB,2019-04-23 18:00:00,1,,,0,
2019042305,2019-04-23 18:15:00,千葉ロッテマリーンズ,埼玉西武ライオンズ,9.0,9.0,UNKNOWN,ＺＯＺＯマリンスタジアム,unknown,low,False,False,1800022,500014,[],[],,,,,0,light,2019-04-23 18:15:00+00:00,,UNKNOWN,,,,UNKNOWN,UNKNOWN,,UNKNOWN,,4.909090909090909,2.4545454545454546,0.0,4.909090909090909,0.0,4.836363636363637,3.6666666666666665,2.0,7.0,0.0,2.0,0.0,,,,7.2,2.2,5.4,7.2,3.6,9.600000000000001,5.0,4.0,7.0,2.0,4.0,3.0,,,,True,True,UNKNOWN,False,False,,,,,,,,,,NPB,2019-04-23 18:15:00,1,,,0,
2019042401,2019-04-24 18:00:00,東京ヤクルトスワローズ,読売ジャイアンツ,2.0,7.0,UNKNOWN,明治神宮野球場,unknown,low,False,False,1800023,1600174,[],[],,,,,0,light,2019-04-24 18:00:00+00:00,,UNKNOWN,,,,UNKNOWN,UNKNOWN,,UNKNOWN,,0.0,1.6,7.2,5.4,0.0,3.4000000000000004,5.0,0.0,5.0,0.0,3.0,4.0,,,,11.25,2.5,11.25,4.5,4.5,8.7,4.0,5.0,8.0,2.0,2.0,5.0,,,,True,True,UNKNOWN,False,False,,,,,,,,,,NPB,2019-04-24 18:00:00,1,,,0,
2019042402,2019-04-24 18:00:00,横浜DeNAベイスターズ,阪神タイガース,1.0,3.0,UNKNOWN,横浜スタジアム,excluded,high,False,False,1600115,1800045,[],[],,,,,0,light,2019-04-24 18:00:00+00:00,,UNKNOWN,,,,UNKNOWN,UNKNOWN,,UNKNOWN,,1.6875,1.125,8.4375,1.6875,0.0,1.8875000000000002,5.333333333333333,1.0,5.0,0.0,1.0,5.0,,,,3.0,1.3333333333333333,13.5,1.5,0.0,0.7000000000000002,6.0,2.0,7.0,0.0,1.0,9.0,,,,True,True,UNKNOWN,False,False,,,,,,,,,,NPB,2019-04-24 18:00:00,1,,,0,
2019042403,2019-04-24 18:00:00,広島東洋カープ,中日ドラゴンズ,5.0,0.0,UNKNOWN,ＭＡＺＤＡ　Ｚｏｏｍ－Ｚｏｏｍ　スタジアム広島,unknown,low,False,False,12191,1100081,[],[],,,,,0,light,2019-04-24 18:00:00+00:00,,UNKNOWN,,,,UNKNOWN,UNKNOWN,,UNKNOWN,,9.0,1.5,6.75,2.25,6.75,12.2,4.0,4.0,5.0,3.0,1.0,3.0,,,,0.0,1.0,3.857142857142857,0.0,0.0,2.342857142857143,7.0,0.0,7.0,0.0,0.0,3.0,,,,True,True,UNKNOWN,False,False,,,,,,,,,,NPB,2019-04-24 18:00:00,1,,,0,
2019042404,2019-04-24 18:00:00,北海道日本ハムファイターズ,東北楽天ゴールデンイーグルス,15.0,5.0,UNKNOWN,札幌ドーム,unknown,low,False,False,1000096,1700140,[],[],,,,,0,light,2019-04-24 18:00:00+00:00,,UNKNOWN,,,,UNKNOWN,UNKNOWN,,UNKNOWN,,22.5,4.0,4.5,9.0,0.0,5.2,2.0,5.0,6.0,0.0,2.0,1.0,,,,5.4,1.6,5.4,1.8,1.8,5.2,5.0,3.0,7.0,1.0,1.0,3.0,,,,True,True,UNKNOWN,False,False,,,,,,,,,,NPB,2019-04-24 18:00:00,1,,,0,
2019042406,2019-04-24 18:00:00,福岡ソフトバンクホークス,オリックス・バファローズ,2.0,3.0,UNKNOWN,福岡 ヤフオク!ドーム,unknown,low,False,False,1600160,1100115,[],[],,,,,0,light,2019-04-24 18:00:00+00:00,,UNKNOWN,,,,UNKNOWN,UNKNOWN,,UNKNOWN,,2.5714285714285716,1.2857142857142858,6.428571428571429,1.2857142857142858,0.0,2.2,7.0,2.0,8.0,0.0,1.0,5.0,,,,1.5,1.1666666666666667,6.0,4.5,0.0,3.3666666666666667,6.0,1.0,4.0,0.0,3.0,4.0,,,,True,True,UNKNOWN,False,False,,,,,,,,,,NPB,2019-04-24 18:00:00,1,,,0,
2019042405,2019-04-24 18:15:00,千葉ロッテマリーンズ,埼玉西武ライオンズ,1.0,4.0,UNKNOWN,ＺＯＺＯマリンスタジアム,unknown,low,False,False,1500104,1400190,[],[],,,,,0,light,2019-04-24 18:15:00+00:00,,UNKNOWN,,,,UNKNOWN,UNKNOWN,,UNKNOWN,,0.0,1.05,4.05,1.3499999999999999,0.0,2.75,6.666666666666667,0.0,6.0,0.0,1.0,3.0,,,,6.0,1.5,10.5,4.5,3.0,6.7,6.0,4.0,6.0,2.0,3.0,7.0,,,,True,True,UNKNOWN,False,False,,,,,,,,,,NPB,2019-04-24 18:15:00,1,,,0,
2019042501,2019-04-25 18:00:00,東京ヤクルトスワローズ,読売ジャイアンツ,11.0,2.0,UNKNOWN,明治神宮野球場,climax,high,False,True,1200041,1800143,[],[],,,,,0,light,2019-04-25 18:00:00+00:00,,UNKNOWN,,,,UNKNOWN,UNKNOWN,,UNKNOWN,,18.9,3.5999999999999996,5.3999999999999995,0.0,8.1,13.7,3.3333333333333335,7.0,12.0,3.0,0.0,2.0,,,,0.0,0.6666666666666666,6.0,1.5,0.0,2.3666666666666667,6.0,0.0,3.0,0.0,1.0,4.0,,,,True,True,UNKNOWN,False,False,,,,,,,,,,NPB,2019-04-25 18:00:00,1,,,0,
2019042502,2019-04-25 18:00:00,横浜DeNAベイスターズ,阪神タイガース,3.0,5.0,UNKNOWN,横浜スタジアム,unknown,low,False,False,600089,1500061,[],[],,,,,0,light,2019-04-25 18:00:00+00:00,,UNKNOWN,,,,UNKNOWN,UNKNOWN,,UNKNOWN,,3.0,1.0,4.5,1.5,3.0,7.033333333333333,6.0,2.0,5.0,2.0,1.0,3.0,,,,2.5714285714285716,1.2857142857142858,6.428571428571429,2.5714285714285716,1.2857142857142858,4.485714285714286,7.0,2.0,7.0,1.0,2.0,5.0,,,,True,True,UNKNOWN,False,False,,,,,,,,,,NPB,2019-04-25 18:00:00,1,,,0,
2019042503,2019-04-25 18:00:00,広島東洋カープ,中日ドラゴンズ,2.0,0.0,UNKNOWN,ＭＡＺＤＡ　Ｚｏｏｍ－Ｚｏｏｍ　スタジアム広島,unknown,low,False,False,1800130,1300057,[],[],,,,,0,light,2019-04-25 18:00:00+00:00,,UNKNOWN,,,,UNKNOWN,UNKNOWN,,UNKNOWN,,0.0,1.1428571428571428,7.714285714285714,5.142857142857143,0.0,3.2,7.0,0.0,4.0,0.0,4.0,6.0,,,,0.0,1.0,5.0,2.0,0.0,2.7555555555555555,9.0,0.0,7.0,0.0,2.0,5.0,,,,True,True,UNKNOWN,False,False,,,,,,,,,,NPB,2019-04-25 18:00:00,1,,,0,
2019042504,2019-04-25 18:00:00,北海道日本ハムファイターズ,東北楽天ゴールデンイーグルス,6.0,5.0,UNKNOWN,札幌ドーム,unknown,low,False,False,1300087,500027,[],[],,,,,0,light,2019-04-25 18:00:00+00:00,,UNKNOWN,,,,UNKNOWN,UNKNOWN,,UNKNOWN,,1.5,0.5,4.5,1.5,1.5,4.866666666666667,6.0,1.0,2.0,1.0,1.0,3.0,,,,2.25,1.5,9.0,4.5,0.0,2.7,4.0,1.0,4.0,0.0,2.0,4.0,,,,True,True,UNKNOWN,False,False,,,,,,,,,,NPB,2019-04-25 18:00:00,1,,,0,
2019042506,2019-04-25 18:00:00,福岡ソフトバンクホークス,オリックス・バファローズ,3.0,0.0,UNKNOWN,福岡 ヤフオク!ドーム,unknown,low,False,False,1600153,1700137,[],[],,,,,0,light,2019-04-25 18:00:00+00:00,,UNKNOWN,,,,UNKNOWN,UNKNOWN,,UNKNOWN,,0.0,0.625,11.25,4.5,0.0,2.2,8.0,0.0,1.0,0.0,4.0,10.0,,,,0.0,0.72,6.4799999999999995,1.0799999999999998,0.0,2.12,8.333333333333334,0.0,5.0,0.0,1.0,6.0,,,,True,True,UNKNOWN,False,False,,,,,,,,,,NPB,2019-04-25 18:00:00,1,,,0,
2019042505,2019-04-25 18:15:00,千葉ロッテマリーンズ,埼玉西武ライオンズ,8.0,9.0,UNKNOWN,ＺＯＺＯマリンスタジアム,excluded,high,False,False,1300010,1300055,[],[],,,,,0,light,2019-04-25 18:15:00+00:00,,UNKNOWN,,,,UNKNOWN,UNKNOWN,,UNKNOWN,,6.0,1.3333333333333333,4.5,1.5,4.5,9.2,6.0,4.0,7.0,3.0,1.0,3.0,,,,6.0,1.0,9.0,1.5,1.5,3.8666666666666667,6.0,4.0,5.0,1.0,1.0,6.0,,,,True,True,UNKNOWN,False,False,,,,,,,,,,NPB,2019-04-25 18:15:00,1,,,0,
2019042705,2019-04-27 13:00:00,東北楽天ゴールデンイーグルス,千葉ロッテマリーンズ,5.0,6.0,UNKNOWN,楽天生命パーク宮城,unknown,low,False,False,1700145,1000155,[],[],,,,,0,light,2019-04-27 13:00:00+00:00,,UNKNOWN,,,,UNKNOWN,UNKNOWN,,UNKNOWN,,9.642857142857142,2.571428571428571,1.9285714285714284,5.785714285714286,5.785714285714286,13.057142857142857,4.666666666666667,5.0,9.0,3.0,3.0,1.0,,,,9.0,2.2,7.2,7.2,1.8,6.6,5.0,5.0,7.0,1.0,4.0,4.0,,,,True,True,UNKNOWN,False,False,,,,,,,,,,NPB,2019-04-27 13:00:00,1,,,0,
2019042706,2019-04-27 13:00:00,オリックス・バファローズ,埼玉西武ライオンズ,7.0,11.0,UNKNOWN,京セラドーム大阪,unknown,low,False,False,1500099,1600150,[],[],,,,,0,light,2019-04-27 13:00:00+00:00,,UNKNOWN,,,,UNKNOWN,UNKNOWN,,UNKNOWN,,8.4375,1.6875,5.0625,3.375,1.6875,5.6375,5.333333333333333,5.0,7.0,1.0,2.0,3.0,,,,9.0,1.4,10.8,0.0,1.8,3.4000000000000004,5.0,5.0,7.0,1.0,0.0,6.0,,,,True,True,UNKNOWN,False,False,,,,,,,,,,NPB,2019-04-27 13:00:00,1,,,0,
2019042701,2019-04-27 14:00:00,読売ジャイアンツ,横浜DeNAベイスターズ,5.0,4.0,UNKNOWN,東京ドーム,unknown,low,False,False,1200050,1700002,[],[],,,,,0,light,2019-04-27 14:00:00+00:00,,UNKNOWN,,,,UNKNOWN,UNKNOWN,,UNKNOWN,,7.363636363636364,2.181818181818182,7.363636363636364,4.909090909090909,0.0,3.2,3.6666666666666665,3.0,6.0,0.0,2.0,3.0,,,,2.8421052631578947,1.2631578947368423,8.526315789473685,1.4210526315789473,1.4210526315789473,3.8315789473684214,6.333333333333333,2.0,7.0,1.0,1.0,6.0,,,,True,True,UNKNOWN,False,False,2019-04-27 05:00:00+00:00,,UNKNOWN,Open-Meteo Historical Forecast,FAIL_CLOSED_NO_ISSUANCE_TIMESTAMP,16.2,36.0,0.0,7.6,NPB,2019-04-27 14:00:00,1,,,0,
2019042703,2019-04-27 14:00:00,中日ドラゴンズ,阪神タイガース,5.0,4.0,UNKNOWN,ナゴヤドーム,unknown,low,False,False,900062,1500075,[],[],,,,,0,light,2019-04-27 14:00:00+00:00,,UNKNOWN,,,,UNKNOWN,UNKNOWN,,UNKNOWN,,7.5,1.3333333333333333,4.5,1.5,1.5,4.866666666666667,6.0,5.0,7.0,1.0,1.0,3.0,,,,9.0,2.6666666666666665,9.0,12.0,0.0,5.2,3.0,3.0,4.0,0.0,4.0,3.0,,,,True,True,UNKNOWN,False,False,,,,,,,,,,NPB,2019-04-27 14:00:00,1,,,0,
2019042704,2019-04-27 14:00:00,北海道日本ハムファイターズ,福岡ソフトバンクホークス,1.0,5.0,UNKNOWN,札幌ドーム,unknown,low,False,False,1000174,1500109,[],[],,,,,0,light,2019-04-27 14:00:00+00:00,,UNKNOWN,,,,UNKNOWN,UNKNOWN,,UNKNOWN,,1.2857142857142858,0.8571428571428571,14.142857142857142,0.0,1.2857142857142858,1.9142857142857144,7.0,1.0,6.0,1.0,0.0,11.0,,,,15.428571428571427,3.0,7.7142857142857135,0.0,3.8571428571428568,7.057142857142857,2.3333333333333335,4.0,7.0,1.0,0.0,2.0,,,,True,True,UNKNOWN,False,False,,,,,,,,,,NPB,2019-04-27 14:00:00,1,,,0,
2019042702,2019-04-27 18:00:00,東京ヤクルトスワローズ,広島東洋カープ,0.0,2.0,UNKNOWN,明治神宮野球場,unknown,low,False,False,1600123,1200076,[],[],,,,,0,light,2019-04-27 18:00:00+00:00,,UNKNOWN,,,,UNKNOWN,UNKNOWN,,UNKNOWN,,0.0,1.1428571428571428,10.285714285714286,3.857142857142857,0.0,2.2,7.0,0.0,5.0,0.0,3.0,8.0,,,,1.125,0.5,6.75,0.0,0.0,1.7000000000000002,8.0,1.0,4.0,0.0,0.0,6.0,,,,True,True,UNKNOWN,False,False,,,,,,,,,,NPB,2019-04-27 18:00:00,1,,,0,
2019042805,2019-04-28 13:00:00,東北楽天ゴールデンイーグルス,千葉ロッテマリーンズ,8.0,10.0,UNKNOWN,楽天生命パーク宮城,unknown,low,False,False,1300050,1400139,[],[],,,,,0,light,2019-04-28 13:00:00+00:00,,UNKNOWN,,,,UNKNOWN,UNKNOWN,,UNKNOWN,,11.25,1.75,9.0,4.5,2.25,5.95,4.0,5.0,5.0,1.0,2.0,4.0,,,,18.9,2.6999999999999997,0.0,2.6999999999999997,2.6999999999999997,8.0,3.3333333333333335,7.0,8.0,1.0,1.0,0.0,,,,True,True,UNKNOWN,False,False,,,,,,,,,,NPB,2019-04-28 13:00:00,1,,,0,
2019042806,2019-04-28 13:00:00,オリックス・バファローズ,埼玉西武ライオンズ,2.0,4.0,UNKNOWN,京セラドーム大阪,excluded,high,False,False,1600127,1700110,[],[],,,,,0,light,2019-04-28 13:00:00+00:00,,UNKNOWN,,,,UNKNOWN,UNKNOWN,,UNKNOWN,,2.5714285714285716,1.5714285714285714,3.857142857142857,3.857142857142857,0.0,3.6285714285714286,7.0,2.0,8.0,0.0,3.0,3.0,,,,0.0,0.7142857142857143,6.428571428571429,0.0,0.0,1.7714285714285716,7.0,0.0,5.0,0.0,0.0,5.0,,,,True,True,UNKNOWN,False,False,,,,,,,,,,NPB,2019-04-28 13:00:00,1,,,0,
2019042801,2019-04-28 14:00:00,読売ジャイアンツ,横浜DeNAベイスターズ,7.0,2.0,UNKNOWN,東京ドーム,unknown,low,False,False,1600084,1100038,[],[],,,,,0,light,2019-04-28 14:00:00+00:00,,UNKNOWN,,,,UNKNOWN,UNKNOWN,,UNKNOWN,,6.75,1.75,4.5,6.75,2.25,7.7,4.0,3.0,4.0,1.0,3.0,2.0,,,,0.0,0.8571428571428571,5.142857142857143,5.142857142857143,0.0,3.7714285714285714,7.0,0.0,2.0,0.0,4.0,4.0,,,,True,True,UNKNOWN,False,False,2019-04-28 05:00:00+00:00,,UNKNOWN,Open-Meteo Historical Forecast,FAIL_CLOSED_NO_ISSUANCE_TIMESTAMP,16.8,25.0,0.0,7.4,NPB,2019-04-28 14:00:00,1,,,0,
2019042803,2019-04-28 14:00:00,中日ドラゴンズ,阪神タイガース,2.0,4.0,UNKNOWN,ナゴヤドーム,unknown,low,False,False,1300070,1600106,[],[],,,,,0,light,2019-04-28 14:00:00+00:00,,UNKNOWN,,,,UNKNOWN,UNKNOWN,,UNKNOWN,,3.6,1.8,12.6,1.8,0.0,1.0,5.0,2.0,8.0,0.0,1.0,7.0,,,,1.5,1.3333333333333333,10.5,1.5,0.0,1.366666666666667,6.0,1.0,7.0,0.0,1.0,7.0,,,,True,True,UNKNOWN,False,False,,,,,,,,,,NPB,2019-04-28 14:00:00,1,,,0,
2019042804,2019-04-28 14:00:00,北海道日本ハムファイターズ,福岡ソフトバンクホークス,4.0,0.0,UNKNOWN,札幌ドーム,unknown,low,False,False,1800013,1400117,[],[],,,,,0,light,2019-04-28 14:00:00+00:00,,UNKNOWN,,,,UNKNOWN,UNKNOWN,,UNKNOWN,,4.153846153846154,2.076923076923077,4.153846153846154,6.230769230769231,0.0,4.353846153846154,4.333333333333333,2.0,6.0,0.0,3.0,2.0,,,,0.0,0.42857142857142855,5.142857142857143,1.2857142857142858,0.0,2.4857142857142858,7.0,0.0,2.0,0.0,1.0,4.0,,,,True,True,UNKNOWN,False,False,,,,,,,,,,NPB,2019-04-28 14:00:00,1,,,0,
2019042802,2019-04-28 18:00:00,東京ヤクルトスワローズ,広島東洋カープ,4.0,2.0,UNKNOWN,明治神宮野球場,unknown,low,False,False,1500007,1300045,[],[],,,,,0,light,2019-04-28 18:00:00+00:00,,UNKNOWN,,,,UNKNOWN,UNKNOWN,,UNKNOWN,,6.75,2.0,11.25,4.5,6.75,11.95,4.0,3.0,6.0,3.0,2.0,5.0,,,,0.0,0.8333333333333334,12.0,0.0,0.0,0.5333333333333337,6.0,0.0,5.0,0.0,0.0,8.0,,,,True,True,UNKNOWN,False,False,,,,,,,,,,NPB,2019-04-28 18:00:00,1,,,0,
2019042905,2019-04-29 13:00:00,東北楽天ゴールデンイーグルス,千葉ロッテマリーンズ,2.0,4.0,UNKNOWN,楽天生命パーク宮城,unknown,low,False,False,1600146,1700032,[],[],,,,,0,light,2019-04-29 13:00:00+00:00,,UNKNOWN,,,,UNKNOWN,UNKNOWN,,UNKNOWN,,3.6,1.6,7.2,3.6,0.0,2.8000000000000003,5.0,2.0,6.0,0.0,2.0,4.0,,,,9.0,2.0,2.25,2.25,2.25,6.7,4.0,4.0,7.0,1.0,1.0,1.0,,,,True,True,UNKNOWN,False,False,,,,,,,,,,NPB,2019-04-29 13:00:00,1,,,0,
2019042906,2019-04-29 13:00:00,オリックス・バファローズ,埼玉西武ライオンズ,5.0,3.0,UNKNOWN,京セラドーム大阪,unknown,low,False,False,1100089,1700150,[],[],,,,,0,light,2019-04-29 13:00:00+00:00,,UNKNOWN,,,,UNKNOWN,UNKNOWN,,UNKNOWN,,3.857142857142857,0.8571428571428571,6.428571428571429,1.2857142857142858,0.0,2.2,7.0,3.0,5.0,0.0,1.0,5.0,,,,3.857142857142857,1.0,7.714285714285714,0.0,1.2857142857142858,3.342857142857143,7.0,3.0,7.0,1.0,0.0,6.0,,,,True,True,UNKNOWN,False,False,,,,,,,,,,NPB,2019-04-29 13:00:00,1,,,0,
2019042901,2019-04-29 14:00:00,読売ジャイアンツ,横浜DeNAベイスターズ,3.0,5.0,UNKNOWN,東京ドーム,unknown,low,False,False,1800043,600008,[],[],,,,,0,light,2019-04-29 14:00:00+00:00,,UNKNOWN,,,,UNKNOWN,UNKNOWN,,UNKNOWN,,5.4,1.0,5.4,3.6,0.0,3.2,5.0,3.0,3.0,0.0,2.0,3.0,,,,0.0,1.4,9.0,5.4,0.0,3.0,5.0,0.0,4.0,0.0,3.0,5.0,,,,True,True,UNKNOWN,False,False,2019-04-29 05:00:00+00:00,,UNKNOWN,Open-Meteo Historical Forecast,FAIL_CLOSED_NO_ISSUANCE_TIMESTAMP,17.2,45.0,0.0,9.7,NPB,2019-04-29 14:00:00,1,,,0,
2019042903,2019-04-29 14:00:00,中日ドラゴンズ,阪神タイガース,0.0,2.0,UNKNOWN,ナゴヤドーム,unknown,low,False,False,1500090,1300065,[],[],,,,,0,light,2019-04-29 14:00:00+00:00,,UNKNOWN,,,,UNKNOWN,UNKNOWN,,UNKNOWN,,0.0,0.7777777777777778,6.0,2.0,0.0,2.5333333333333337,9.0,0.0,5.0,0.0,2.0,6.0,,,,1.5,0.8333333333333334,6.0,3.0,1.5,5.033333333333333,6.0,1.0,3.0,1.0,2.0,4.0,,,,True,True,UNKNOWN,False,False,,,,,,,,,,NPB,2019-04-29 14:00:00,1,,,0,
2019042904,2019-04-29 14:00:00,北海道日本ハムファイターズ,福岡ソフトバンクホークス,6.0,9.0,UNKNOWN,札幌ドーム,unknown,low,False,False,1200106,1100099,[],[],,,,,0,light,2019-04-29 14:00:00+00:00,,UNKNOWN,,,,UNKNOWN,UNKNOWN,,UNKNOWN,,11.25,1.75,6.75,2.25,2.25,5.7,4.0,5.0,6.0,1.0,1.0,3.0,,,,11.571428571428571,2.357142857142857,13.5,3.8571428571428568,0.0,1.485714285714286,4.666666666666667,6.0,9.0,0.0,2.0,7.0,,,,True,True,UNKNOWN,False,False,,,,,,,,,,NPB,2019-04-29 14:00:00,1,,,0,
2019042902,2019-04-29 18:00:00,東京ヤクルトスワローズ,広島東洋カープ,7.0,4.0,UNKNOWN,明治神宮野球場,unknown,low,False,False,1300058,12113,[],[],,,,,0,light,2019-04-29 18:00:00+00:00,,UNKNOWN,,,,UNKNOWN,UNKNOWN,,UNKNOWN,,8.307692307692308,2.076923076923077,14.53846153846154,12.461538461538462,4.153846153846154,10.123076923076923,4.333333333333333,4.0,3.0,2.0,6.0,7.0,,,,4.5,1.75,4.5,4.5,4.5,10.2,4.0,2.0,5.0,2.0,2.0,2.0,,,,True,True,UNKNOWN,False,False,,,,,,,,,,NPB,2019-04-29 18:00:00,1,,,0,
2019043001,2019-04-30 13:00:00,読売ジャイアンツ,中日ドラゴンズ,1.0,3.0,UNKNOWN,東京ドーム,unknown,low,False,False,1000138,1800023,[],[],,,,,0,light,2019-04-30 13:00:00+00:00,,UNKNOWN,,,,UNKNOWN,UNKNOWN,,UNKNOWN,,1.2857142857142858,1.0,10.285714285714286,2.5714285714285716,0.0,1.7714285714285716,7.0,1.0,5.0,0.0,2.0,8.0,,,,3.857142857142857,1.2857142857142858,6.428571428571429,5.142857142857143,1.2857142857142858,5.342857142857143,7.0,3.0,5.0,1.0,4.0,5.0,,,,True,True,UNKNOWN,False,False,2019-04-30 04:00:00+00:00,,UNKNOWN,Open-Meteo Historical Forecast,FAIL_CLOSED_NO_ISSUANCE_TIMESTAMP,17.1,72.0,0.0,8.6,NPB,2019-04-30 13:00:00,1,,,0,
2019043002,2019-04-30 14:00:00,横浜DeNAベイスターズ,東京ヤクルトスワローズ,8.0,9.0,UNKNOWN,横浜スタジアム,unknown,low,False,False,1500040,1600088,[],[],,,,,0,light,2019-04-30 14:00:00+00:00,,UNKNOWN,,,,UNKNOWN,UNKNOWN,,UNKNOWN,,14.4,2.0,10.8,1.8,5.4,9.2,5.0,8.0,9.0,3.0,1.0,6.0,,,,18.0,3.3333333333333335,9.0,9.0,3.0,8.533333333333333,3.0,6.0,7.0,1.0,3.0,3.0,,,,True,True,UNKNOWN,False,False,,,,,,,,,,NPB,2019-04-30 14:00:00,1,,,0,
2019043003,2019-04-30 18:00:00,阪神タイガース,広島東洋カープ,8.0,3.0,UNKNOWN,阪神甲子園球場,unknown,low,False,False,1600125,900425,[],[],,,,,0,light,2019-04-30 18:00:00+00:00,,UNKNOWN,,,,UNKNOWN,UNKNOWN,,UNKNOWN,,3.6,2.0,5.4,10.8,0.0,5.6,5.0,2.0,4.0,0.0,6.0,3.0,,,,0.0,0.5714285714285714,2.5714285714285716,1.2857142857142858,0.0,3.0571428571428574,7.0,0.0,3.0,0.0,1.0,2.0,,,,True,True,UNKNOWN,False,False,,,,,,,,,,NPB,2019-04-30 18:00:00,1,,,0,
2019050101,2019-05-01 14:00:00,読売ジャイアンツ,中日ドラゴンズ,5.0,1.0,UNKNOWN,東京ドーム,unknown,low,False,False,12191,1200041,[],[],,,,,0,light,2019-05-01 14:00:00+00:00,,UNKNOWN,,,,UNKNOWN,UNKNOWN,,UNKNOWN,,9.0,2.0,5.4,5.4,1.8,6.4,5.0,5.0,7.0,1.0,3.0,3.0,,,,1.0,0.8888888888888888,10.0,1.0,0.0,1.3111111111111113,9.0,1.0,7.0,0.0,1.0,10.0,,,,True,True,UNKNOWN,False,False,2019-05-01 05:00:00+00:00,,UNKNOWN,Open-Meteo Historical Forecast,FAIL_CLOSED_NO_ISSUANCE_TIMESTAMP,20.8,62.0,0.0,1.3,NPB,2019-05-01 14:00:00,1,,,0,
2019050102,2019-05-01 14:00:00,横浜DeNAベイスターズ,東京ヤクルトスワローズ,5.0,1.0,UNKNOWN,横浜スタジアム,unknown,low,False,False,1500042,1800045,[],[],,,,,0,light,2019-05-01 14:00:00+00:00,,UNKNOWN,,,,UNKNOWN,UNKNOWN,,UNKNOWN,,7.941176470588235,1.4117647058823528,6.352941176470588,3.176470588235294,0.0,2.847058823529412,5.666666666666667,5.0,6.0,0.0,2.0,4.0,,,,1.4210526315789473,1.4210526315789473,5.684210526315789,7.105263157894737,1.4210526315789473,6.3578947368421055,6.333333333333333,1.0,4.0,1.0,5.0,4.0,,,,True,True,UNKNOWN,False,False,,,,,,,,,,NPB,2019-05-01 14:00:00,1,,,0,
2019050103,2019-05-01 14:00:00,阪神タイガース,広島東洋カープ,6.0,2.0,UNKNOWN,阪神甲子園球場,unknown,low,False,False,1100081,1600115,[],[],,,,,0,light,2019-05-01 14:00:00+00:00,,UNKNOWN,,,,UNKNOWN,UNKNOWN,,UNKNOWN,,5.4,1.4,1.8,7.2,0.0,5.2,5.0,3.0,3.0,0.0,4.0,1.0,,,,3.6,1.8,10.8,3.6,0.0,2.0,5.0,2.0,7.0,0.0,2.0,6.0,,,,True,True,UNKNOWN,False,False,,,,,,,,,,NPB,2019-05-01 14:00:00,1,,,0,
2019050105,2019-05-01 17:00:00,オリックス・バファローズ,千葉ロッテマリーンズ,0.0,4.0,UNKNOWN,京セラドーム大阪,unknown,low,False,False,500014,1600160,[],[],,,,,0,light,2019-05-01 17:00:00+00:00,,UNKNOWN,,,,UNKNOWN,UNKNOWN,,UNKNOWN,,0.0,1.2857142857142858,7.714285714285714,2.5714285714285716,0.0,2.342857142857143,7.0,0.0,7.0,0.0,2.0,6.0,,,,1.2857142857142858,1.0,9.0,3.857142857142857,0.0,2.4857142857142858,7.0,1.0,4.0,0.0,3.0,7.0,,,,True,True,UNKNOWN,False,False,,,,,,,,,,NPB,2019-05-01 17:00:00,1,,,0,
2019050104,2019-05-01 18:00:00,埼玉西武ライオンズ,北海道日本ハムファイターズ,2.0,7.0,UNKNOWN,メットライフドーム,unknown,low,False,False,1600133,1400182,[],[],,,,,0,light,2019-05-01 18:00:00+00:00,,UNKNOWN,,,,UNKNOWN,UNKNOWN,,UNKNOWN,,3.8571428571428568,1.2857142857142856,7.7142857142857135,3.8571428571428568,3.8571428571428568,8.342857142857142,2.3333333333333335,1.0,2.0,1.0,1.0,2.0,,,,13.5,4.125,10.125,13.5,0.0,5.45,2.6666666666666665,4.0,7.0,0.0,4.0,3.0,,,,True,True,UNKNOWN,False,False,,,,,,,,,,NPB,2019-05-01 18:00:00,1,,,0,
2019050106,2019-05-01 18:00:00,福岡ソフトバンクホークス,東北楽天ゴールデンイーグルス,0.0,9.0,UNKNOWN,福岡 ヤフオク!ドーム,unknown,low,False,False,900090,1100115,[],[],,,,,0,light,2019-05-01 18:00:00+00:00,,UNKNOWN,,,,UNKNOWN,UNKNOWN,,UNKNOWN,,0.0,1.1666666666666667,10.5,3.0,0.0,1.866666666666667,6.0,0.0,5.0,0.0,2.0,7.0,,,,18.0,1.0,9.0,0.0,0.0,1.2000000000000002,1.0,2.0,1.0,0.0,0.0,1.0,,,,True,True,UNKNOWN,False,False,,,,,,,,,,NPB,2019-05-01 18:00:00,1,,,0,
2019050205,2019-05-02 13:00:00,オリックス・バファローズ,千葉ロッテマリーンズ,2.0,1.0,UNKNOWN,京セラドーム大阪,unknown,low,False,False,1400190,1600153,[],[],,,,,0,light,2019-05-02 13:00:00+00:00,,UNKNOWN,,,,UNKNOWN,UNKNOWN,,UNKNOWN,,1.2857142857142858,0.7142857142857143,7.714285714285714,2.5714285714285716,0.0,2.342857142857143,7.0,1.0,3.0,0.0,2.0,6.0,,,,1.125,0.875,3.375,1.125,1.125,4.45,8.0,1.0,6.0,1.0,1.0,3.0,,,,True,True,UNKNOWN,False,False,,,,,,,,,,NPB,2019-05-02 13:00:00,1,,,0,
2019050206,2019-05-02 13:00:00,福岡ソフトバンクホークス,東北楽天ゴールデンイーグルス,1.0,0.0,UNKNOWN,福岡 ヤフオク!ドーム,unknown,low,False,False,1300087,1700137,[],[],,,,,0,light,2019-05-02 13:00:00+00:00,,UNKNOWN,,,,UNKNOWN,UNKNOWN,,UNKNOWN,,1.5,1.3333333333333333,10.5,6.0,0.0,2.8666666666666667,6.0,1.0,4.0,0.0,4.0,7.0,,,,0.0,0.8571428571428571,3.857142857142857,2.5714285714285716,0.0,3.2,7.0,0.0,4.0,0.0,2.0,3.0,,,,True,True,UNKNOWN,False,False,,,,,,,,,,NPB,2019-05-02 13:00:00,1,,,0,
2019050201,2019-05-02 14:00:00,読売ジャイアンツ,中日ドラゴンズ,9.0,3.0,UNKNOWN,東京ドーム,unknown,low,False,False,1800130,1800005,[],[],,,,,0,light,2019-05-02 14:00:00+00:00,,UNKNOWN,,,,UNKNOWN,UNKNOWN,,UNKNOWN,,10.8,1.8,5.4,5.4,5.4,11.600000000000001,5.0,6.0,6.0,3.0,3.0,3.0,,,,6.230769230769231,2.7692307692307696,2.076923076923077,6.230769230769231,0.0,4.815384615384616,4.333333333333333,3.0,9.0,0.0,3.0,1.0,,,,True,True,UNKNOWN,False,False,2019-05-02 05:00:00+00:00,,UNKNOWN,Open-Meteo Historical Forecast,FAIL_CLOSED_NO_ISSUANCE_TIMESTAMP,19.3,55.0,0.0,7.5,NPB,2019-05-02 14:00:00,1,,,0,
2019050202,2019-05-02 14:00:00,横浜DeNAベイスターズ,東京ヤクルトスワローズ,2.0,0.0,UNKNOWN,横浜スタジアム,unknown,low,False,False,1800143,1500061,[],[],,,,,0,light,2019-05-02 14:00:00+00:00,,UNKNOWN,,,,UNKNOWN,UNKNOWN,,UNKNOWN,,2.5714285714285716,0.7142857142857143,6.428571428571429,2.5714285714285716,1.2857142857142858,4.485714285714286,7.0,2.0,3.0,1.0,2.0,5.0,,,,0.0,1.0,10.125,3.375,0.0,2.075,8.0,0.0,5.0,0.0,3.0,9.0,,,,True,True,UNKNOWN,False,False,,,,,,,,,,NPB,2019-05-02 14:00:00,1,,,0,
2019050203,2019-05-02 14:00:00,阪神タイガース,広島東洋カープ,0.0,4.0,UNKNOWN,阪神甲子園球場,unknown,low,False,False,1300057,600089,[],[],,,,,0,light,2019-05-02 14:00:00+00:00,,UNKNOWN,,,,UNKNOWN,UNKNOWN,,UNKNOWN,,0.0,1.1428571428571428,11.571428571428571,1.2857142857142858,0.0,1.0571428571428574,7.0,0.0,7.0,0.0,1.0,9.0,,,,0.0,0.7142857142857143,6.428571428571429,1.2857142857142858,0.0,2.2,7.0,0.0,4.0,0.0,1.0,5.0,,,,True,True,UNKNOWN,False,False,,,,,,,,,,NPB,2019-05-02 14:00:00,1,,,0,
2019050204,2019-05-02 14:00:00,埼玉西武ライオンズ,北海道日本ハムファイターズ,5.0,3.0,UNKNOWN,メットライフドーム,unknown,low,False,False,500027,1000143,[],[],,,,,0,light,2019-05-02 14:00:00+00:00,,UNKNOWN,,,,UNKNOWN,UNKNOWN,,UNKNOWN,,7.7142857142857135,2.142857142857143,1.9285714285714284,5.785714285714286,3.8571428571428568,10.271428571428572,4.666666666666667,4.0,7.0,2.0,3.0,1.0,,,,1.125,0.5,3.375,1.125,1.125,4.45,8.0,1.0,3.0,1.0,1.0,3.0,,,,True,True,UNKNOWN,False,False,,,,,,,,,,NPB,2019-05-02 14:00:00,1,,,0,
2019050304,2019-05-03 13:00:00,埼玉西武ライオンズ,北海道日本ハムファイターズ,3.0,10.0,UNKNOWN,メットライフドーム,unknown,low,False,False,1500110,1300010,[],[],,,,,0,light,2019-05-03 13:00:00+00:00,,UNKNOWN,,,,UNKNOWN,UNKNOWN,,UNKNOWN,,1.8,0.8,1.8,5.4,1.8,7.2,5.0,1.0,1.0,1.0,3.0,1.0,,,,21.599999999999998,4.5,5.3999999999999995,13.5,0.0,6.5,3.3333333333333335,8.0,10.0,0.0,5.0,2.0,,,,True,True,UNKNOWN,False,False,,,,,,,,,,NPB,2019-05-03 13:00:00,1,,,0,
2019050305,2019-05-03 13:00:00,オリックス・バファローズ,千葉ロッテマリーンズ,3.0,1.0,UNKNOWN,京セラドーム大阪,unknown,low,False,False,1300055,1600150,[],[],,,,,0,light,2019-05-03 13:00:00+00:00,,UNKNOWN,,,,UNKNOWN,UNKNOWN,,UNKNOWN,,4.764705882352941,1.4117647058823528,12.705882352941176,1.588235294117647,0.0,0.9058823529411768,5.666666666666667,3.0,7.0,0.0,1.0,8.0,,,,1.125,1.0,6.75,2.25,0.0,2.45,8.0,1.0,6.0,0.0,2.0,6.0,,,,True,True,UNKNOWN,False,False,,,,,,,,,,NPB,2019-05-03 13:00:00,1,,,0,
2019050306,2019-05-03 13:00:00,福岡ソフトバンクホークス,東北楽天ゴールデンイーグルス,12.0,11.0,UNKNOWN,福岡 ヤフオク!ドーム,unknown,low,False,False,1100128,1100115,[],[],,,,,0,light,2019-05-03 13:00:00+00:00,,UNKNOWN,,,,UNKNOWN,UNKNOWN,,UNKNOWN,,18.9,3.9,8.1,10.799999999999999,8.1,16.7,3.3333333333333335,7.0,9.0,3.0,4.0,3.0,,,,9.818181818181818,2.7272727272727275,12.272727272727273,4.909090909090909,2.4545454545454546,5.654545454545454,3.6666666666666665,4.0,8.0,1.0,2.0,5.0,,,,True,True,UNKNOWN,False,False,,,,,,,,,,NPB,2019-05-03 13:00:00,1,,,0,
2019050301,2019-05-03 14:00:00,中日ドラゴンズ,東京ヤクルトスワローズ,2.0,7.0,UNKNOWN,ナゴヤドーム,unknown,low,False,False,1200076,1300063,[],[],,,,,0,light,2019-05-03 14:00:00+00:00,,UNKNOWN,,,,UNKNOWN,UNKNOWN,,UNKNOWN,,2.0,0.6666666666666666,6.0,0.0,0.0,1.866666666666667,9.0,2.0,6.0,0.0,0.0,6.0,,,,8.4375,1.6875,6.75,6.75,0.0,3.95,5.333333333333333,5.0,5.0,0.0,4.0,4.0,,,,True,True,UNKNOWN,False,False,,,,,,,,,,NPB,2019-05-03 14:00:00,1,,,0,
2019050302,2019-05-03 14:00:00,阪神タイガース,横浜DeNAベイスターズ,2.0,1.0,UNKNOWN,阪神甲子園球場,unknown,low,False,False,1700060,900062,[],[],,,,,0,light,2019-05-03 14:00:00+00:00,,UNKNOWN,,,,UNKNOWN,UNKNOWN,,UNKNOWN,,0.0,0.6,3.6,1.8,0.0,3.0,5.0,0.0,2.0,0.0,1.0,2.0,,,,1.125,0.625,7.875,2.25,0.0,2.2,8.0,1.0,3.0,0.0,2.0,7.0,,,,True,True,UNKNOWN,False,False,,,,,,,,,,NPB,2019-05-03 14:00:00,1,,,0,
2019050303,2019-05-03 18:00:00,広島東洋カープ,読売ジャイアンツ,6.0,3.0,UNKNOWN,ＭＡＺＤＡ　Ｚｏｏｍ－Ｚｏｏｍ　スタジアム広島,unknown,low,False,False,1700002,1600123,[],[],,,,,0,light,2019-05-03 18:00:00+00:00,,UNKNOWN,,,,UNKNOWN,UNKNOWN,,UNKNOWN,,3.176470588235294,1.4117647058823528,7.941176470588235,0.0,1.588235294117647,3.7294117647058824,5.666666666666667,2.0,8.0,1.0,0.0,5.0,,,,0.0,1.105263157894737,9.947368421052632,5.684210526315789,0.0,2.8842105263157896,6.333333333333333,0.0,3.0,0.0,4.0,7.0,,,,True,True,UNKNOWN,False,False,,,,,,,,,,NPB,2019-05-03 18:00:00,1,,,0,
2019050401,2019-05-04 14:00:00,中日ドラゴンズ,東京ヤクルトスワローズ,4.0,8.0,UNKNOWN,ナゴヤドーム,unknown,low,False,False,1300045,1600106,[],[],,,,,0,light,2019-05-04 14:00:00+00:00,,UNKNOWN,,,,UNKNOWN,UNKNOWN,,UNKNOWN,,3.857142857142857,0.8571428571428571,6.428571428571429,0.0,1.2857142857142858,3.6285714285714286,7.0,3.0,6.0,1.0,0.0,5.0,,,,12.0,2.0,4.5,3.0,0.0,3.2,6.0,8.0,10.0,0.0,2.0,3.0,,,,True,True,UNKNOWN,False,False,,,,,,,,,,NPB,2019-05-04 14:00:00,1,,,0,
2019050402,2019-05-04 14:00:00,阪神タイガース,横浜DeNAベイスターズ,5.0,1.0,UNKNOWN,阪神甲子園球場,unknown,low,False,False,1100035,500502,[],[],,,,,0,light,2019-05-04 14:00:00+00:00,,UNKNOWN,,,,UNKNOWN,UNKNOWN,,UNKNOWN,,6.75,2.0,9.0,11.25,0.0,4.95,4.0,3.0,3.0,0.0,5.0,4.0,,,,1.0,0.5555555555555556,3.0,2.0,0.0,3.2,9.0,1.0,3.0,0.0,2.0,3.0,,,,True,True,UNKNOWN,False,False,,,,,,,,,,NPB,2019-05-04 14:00:00,1,,,0,
2019050403,2019-05-04 14:00:00,広島東洋カープ,読売ジャイアンツ,3.0,2.0,UNKNOWN,ＭＡＺＤＡ　Ｚｏｏｍ－Ｚｏｏｍ　スタジアム広島,unknown,low,False,False,1100038,1500007,[],[],,,,,0,light,2019-05-04 14:00:00+00:00,,UNKNOWN,,,,UNKNOWN,UNKNOWN,,UNKNOWN,,1.8,0.8,5.4,1.8,1.8,5.2,5.0,1.0,3.0,1.0,1.0,3.0,,,,0.0,1.3333333333333333,7.5,6.0,0.0,3.5333333333333337,6.0,0.0,4.0,0.0,4.0,5.0,,,,True,True,UNKNOWN,False,False,,,,,,,,,,NPB,2019-05-04 14:00:00,1,,,0,
2019050404,2019-05-04 14:00:00,埼玉西武ライオンズ,東北楽天ゴールデンイーグルス,7.0,6.0,UNKNOWN,メットライフドーム,unknown,low,False,False,1000155,1500099,[],[],,,,,0,light,2019-05-04 14:00:00+00:00,,UNKNOWN,,,,UNKNOWN,UNKNOWN,,UNKNOWN,,4.5,1.3333333333333333,10.5,1.5,1.5,3.5333333333333337,6.0,3.0,7.0,1.0,1.0,7.0,,,,6.75,1.875,3.375,3.375,0.0,3.575,5.333333333333333,4.0,8.0,0.0,2.0,2.0,,,,True,True,UNKNOWN,False,False,,,,,,,,,,NPB,2019-05-04 14:00:00,1,,,0,
2019050405,2019-05-04 14:00:00,千葉ロッテマリーンズ,北海道日本ハムファイターズ,3.0,2.0,UNKNOWN,ＺＯＺＯマリンスタジアム,unknown,low,False,False,1500109,1700145,[],[],,,,,0,light,2019-05-04 14:00:00+00:00,,UNKNOWN,,,,UNKNOWN,UNKNOWN,,UNKNOWN,,1.8,1.0,1.8,1.8,0.0,3.4000000000000004,5.0,1.0,4.0,0.0,1.0,1.0,,,,3.0,1.6666666666666667,6.0,4.5,1.5,5.533333333333333,6.0,2.0,7.0,1.0,3.0,4.0,,,,True,True,UNKNOWN,False,False,,,,,,,,,,NPB,2019-05-04 14:00:00,1,,,0,
2019050406,2019-05-04 14:00:00,福岡ソフトバンクホークス,オリックス・バファローズ,4.0,0.0,UNKNOWN,福岡 ヤフオク!ドーム,excluded,high,False,False,400048,1000174,[],[],,,,,0,light,2019-05-04 14:00:00+00:00,,UNKNOWN,,,,UNKNOWN,UNKNOWN,,UNKNOWN,,18.0,4.5,4.5,9.0,0.0,5.2,2.0,4.0,7.0,0.0,2.0,1.0,,,,0.0,0.5714285714285714,11.571428571428571,1.2857142857142858,0.0,1.0571428571428574,7.0,0.0,3.0,0.0,1.0,9.0,,,,True,True,UNKNOWN,False,False,,,,,,,,,,NPB,2019-05-04 14:00:00,1,,,0,
2019050504,2019-05-05 13:00:00,埼玉西武ライオンズ,東北楽天ゴールデンイーグルス,4.0,0.0,UNKNOWN,メットライフドーム,unknown,low,False,False,1600005,1600127,[],[],,,,,0,light,2019-05-05 13:00:00+00:00,,UNKNOWN,,,,UNKNOWN,UNKNOWN,,UNKNOWN,,4.5,1.25,6.75,4.5,2.25,6.45,4.0,2.0,3.0,1.0,2.0,3.0,,,,0.0,0.7777777777777778,5.0,4.0,0.0,3.4222222222222225,9.0,0.0,3.0,0.0,4.0,5.0,,,,True,True,UNKNOWN,False,False,,,,,,,,,,NPB,2019-05-05 13:00:00,1,,,0,
2019050506,2019-05-05 13:00:00,福岡ソフトバンクホークス,オリックス・バファローズ,7.0,2.0,UNKNOWN,福岡 ヤフオク!ドーム,unknown,low,False,False,1700110,1800013,[],[],,,,,0,light,2019-05-05 13:00:00+00:00,,UNKNOWN,,,,UNKNOWN,UNKNOWN,,UNKNOWN,,5.142857142857143,1.5714285714285714,2.5714285714285716,1.2857142857142858,2.5714285714285716,6.771428571428572,7.0,4.0,10.0,2.0,1.0,2.0,,,,2.5714285714285716,1.0,5.142857142857143,2.5714285714285716,1.2857142857142858,4.771428571428571,7.0,2.0,5.0,1.0,2.0,4.0,,,,True,True,UNKNOWN,False,False,,,,,,,,,,NPB,2019-05-05 13:00:00,1,,,0,
2019050503,2019-05-05 13:30:00,広島東洋カープ,読売ジャイアンツ,3.0,3.0,UNKNOWN,ＭＡＺＤＡ　Ｚｏｏｍ－Ｚｏｏｍ　スタジアム広島,unknown,low,False,False,600008,1300061,[],[],,,,,0,light,2019-05-05 13:30:00+00:00,,UNKNOWN,,,,UNKNOWN,UNKNOWN,,UNKNOWN,,3.857142857142857,1.5714285714285714,9.0,5.142857142857143,1.2857142857142858,4.771428571428571,7.0,3.0,7.0,1.0,4.0,7.0,,,,4.909090909090909,2.4545454545454546,2.4545454545454546,7.363636363636364,2.4545454545454546,8.654545454545456,3.6666666666666665,2.0,6.0,1.0,3.0,1.0,,,,True,True,UNKNOWN,False,False,,,,,,,,,,NPB,2019-05-05 13:30:00,1,,,0,
2019050501,2019-05-05 14:00:00,中日ドラゴンズ,東京ヤクルトスワローズ,6.0,5.0,UNKNOWN,ナゴヤドーム,unknown,low,False,False,12103,1300065,[],[],,,,,0,light,2019-05-05 14:00:00+00:00,,UNKNOWN,,,,UNKNOWN,UNKNOWN,,UNKNOWN,,13.5,2.5,13.5,4.5,0.0,1.7000000000000002,2.0,3.0,4.0,0.0,1.0,3.0,,,,3.6,1.0,9.0,3.6,1.8,5.0,5.0,2.0,3.0,1.0,2.0,5.0,,,,True,True,UNKNOWN,False,False,,,,,,,,,,NPB,2019-05-05 14:00:00,1,,,0,
2019050502,2019-05-05 14:00:00,阪神タイガース,横浜DeNAベイスターズ,7.0,5.0,UNKNOWN,阪神甲子園球場,unknown,low,False,False,1600084,1700078,[],[],,,,,0,light,2019-05-05 14:00:00+00:00,,UNKNOWN,,,,UNKNOWN,UNKNOWN,,UNKNOWN,,6.75,1.875,5.0625,3.375,0.0,3.2,5.333333333333333,4.0,8.0,0.0,2.0,3.0,,,,4.153846153846154,2.307692307692308,8.307692307692308,4.153846153846154,0.0,2.7384615384615385,4.333333333333333,2.0,8.0,0.0,2.0,4.0,,,,True,True,UNKNOWN,False,False,,,,,,,,,,NPB,2019-05-05 14:00:00,1,,,0,
2019050505,2019-05-05 14:00:00,千葉ロッテマリーンズ,北海道日本ハムファイターズ,1.0,4.0,UNKNOWN,ＺＯＺＯマリンスタジアム,unknown,low,False,False,1800141,1300050,[],[],,,,,0,light,2019-05-05 14:00:00+00:00,,UNKNOWN,,,,UNKNOWN,UNKNOWN,,UNKNOWN,,1.8,1.2,12.6,5.4,1.8,4.800000000000001,5.0,1.0,3.0,1.0,3.0,7.0,,,,4.5,1.125,3.375,0.0,0.0,2.45,8.0,4.0,9.0,0.0,0.0,3.0,,,,True,True,UNKNOWN,False,False,,,,,,,,,,NPB,2019-05-05 14:00:00,1,,,0,
2019050604,2019-05-06 13:00:00,埼玉西武ライオンズ,東北楽天ゴールデンイーグルス,4.0,8.0,UNKNOWN,メットライフドーム,unknown,low,False,False,1000096,1500104,[],[],,,,,0,light,2019-05-06 13:00:00+00:00,,UNKNOWN,,,,UNKNOWN,UNKNOWN,,UNKNOWN,,1.8,1.6,5.4,9.0,0.0,5.0,5.0,1.0,3.0,0.0,5.0,3.0,,,,5.0625,1.5,8.4375,6.75,1.6875,6.0125,5.333333333333333,3.0,4.0,1.0,4.0,5.0,,,,True,True,UNKNOWN,False,False,,,,,,,,,,NPB,2019-05-06 13:00:00,1,,,0,
2019050606,2019-05-06 13:00:00,福岡ソフトバンクホークス,オリックス・バファローズ,9.0,6.0,UNKNOWN,福岡 ヤフオク!ドーム,unknown,low,False,False,1700150,1200106,[],[],,,,,0,light,2019-05-06 13:00:00+00:00,,UNKNOWN,,,,UNKNOWN,UNKNOWN,,UNKNOWN,,48.6,6.6000000000000005,5.4,5.4,16.200000000000003,27.200000000000003,1.6666666666666665,9.0,10.0,3.0,1.0,1.0,,,,7.2,1.6,3.6,5.4,1.8,6.800000000000001,5.0,4.0,5.0,1.0,3.0,2.0,,,,True,True,UNKNOWN,False,False,,,,,,,,,,NPB,2019-05-06 13:00:00,1,,,0,
2019050605,2019-05-06 14:00:00,千葉ロッテマリーンズ,北海道日本ハムファイターズ,5.0,3.0,UNKNOWN,ＺＯＺＯマリンスタジアム,unknown,low,False,False,1400117,1600146,[],[],,,,,0,light,2019-05-06 14:00:00+00:00,,UNKNOWN,,,,UNKNOWN,UNKNOWN,,UNKNOWN,,7.5,1.5,10.5,3.0,3.0,6.2,6.0,5.0,7.0,2.0,2.0,7.0,,,,3.375,1.5,6.75,5.0625,0.0,3.3875,5.333333333333333,2.0,5.0,0.0,3.0,4.0,,,,True,True,UNKNOWN,False,False,,,,,,,,,,NPB,2019-05-06 14:00:00,1,,,0,
2019050602,2019-05-06 17:00:00,横浜DeNAベイスターズ,読売ジャイアンツ,2.0,10.0,UNKNOWN,横浜スタジアム,excluded,high,False,False,1800023,1700058,[],[],,,,,0,light,2019-05-06 17:00:00+00:00,,UNKNOWN,,,,UNKNOWN,UNKNOWN,,UNKNOWN,,2.5714285714285716,1.0,3.857142857142857,2.5714285714285716,2.5714285714285716,6.914285714285715,7.0,2.0,5.0,2.0,2.0,3.0,,,,24.0,3.6666666666666665,9.0,9.0,6.0,12.866666666666667,3.0,8.0,8.0,2.0,3.0,3.0,,,,True,True,UNKNOWN,False,False,,,,,,,,,,NPB,2019-05-06 17:00:00,1,,,0,
2019050601,2019-05-06 18:00:00,東京ヤクルトスワローズ,阪神タイガース,4.0,2.0,UNKNOWN,明治神宮野球場,unknown,low,False,False,1500090,1600174,[],[],,,,,0,light,2019-05-06 18:00:00+00:00,,UNKNOWN,,,,UNKNOWN,UNKNOWN,,UNKNOWN,,4.5,1.25,13.5,2.25,2.25,4.2,4.0,2.0,4.0,1.0,1.0,6.0,,,,1.588235294117647,1.0588235294117647,4.764705882352941,1.588235294117647,0.0,2.670588235294118,5.666666666666667,1.0,5.0,0.0,1.0,3.0,,,,True,True,UNKNOWN,False,False,,,,,,,,,,NPB,2019-05-06 18:00:00,1,,,0,
2019050603,2019-05-06 18:00:00,中日ドラゴンズ,広島東洋カープ,2.0,7.0,UNKNOWN,ナゴヤドーム,excluded,high,False,False,1600125,1200055,[],[],,,,,0,light,2019-05-06 18:00:00+00:00,,UNKNOWN,,,,UNKNOWN,UNKNOWN,,UNKNOWN,,1.5,1.1666666666666667,3.0,1.5,0.0,3.0333333333333337,6.0,1.0,6.0,0.0,1.0,2.0,,,,1.5,1.3333333333333333,9.0,3.0,1.5,4.366666666666667,6.0,1.0,6.0,1.0,2.0,6.0,,,,True,True,UNKNOWN,False,False,,,,,,,,,,NPB,2019-05-06 18:00:00,1,,,0,
2019050701,2019-05-07 18:00:00,東京ヤクルトスワローズ,阪神タイガース,1.0,3.0,UNKNOWN,明治神宮野球場,unknown,low,False,False,900425,1500040,[],[],,,,,0,light,2019-05-07 18:00:00+00:00,,UNKNOWN,,,,UNKNOWN,UNKNOWN,,UNKNOWN,,1.6875,1.125,13.5,1.6875,0.0,0.7625000000000002,5.333333333333333,1.0,5.0,0.0,1.0,8.0,,,,3.0,1.5,7.5,4.5,0.0,3.0333333333333337,6.0,2.0,6.0,0.0,3.0,5.0,,,,True,True,UNKNOWN,False,False,,,,,,,,,,NPB,2019-05-07 18:00:00,1,,,0,
2019050702,2019-05-07 18:00:00,中日ドラゴンズ,広島東洋カープ,6.0,0.0,UNKNOWN,ナゴヤドーム,unknown,low,False,False,1100081,1000138,[],[],,,,,0,light,2019-05-07 18:00:00+00:00,,UNKNOWN,,,,UNKNOWN,UNKNOWN,,UNKNOWN,,9.0,2.0,4.5,2.25,0.0,2.95,4.0,4.0,7.0,0.0,1.0,2.0,,,,0.0,0.5555555555555556,13.0,2.0,0.0,0.9777777777777779,9.0,0.0,3.0,0.0,2.0,13.0,,,,True,True,UNKNOWN,False,False,,,,,,,,,,NPB,2019-05-07 18:00:00,1,,,0,
2019050805,2019-05-08 13:00:00,東北楽天ゴールデンイーグルス,福岡ソフトバンクホークス,8.0,7.0,UNKNOWN,楽天生命パーク宮城,unknown,low,False,False,1700130,900090,[],[],,,,,0,light,2019-05-08 13:00:00+00:00,,UNKNOWN,,,,UNKNOWN,UNKNOWN,,UNKNOWN,,5.4,1.4,7.2,3.6,1.8,5.4,5.0,3.0,5.0,1.0,2.0,4.0,,,,15.75,2.75,6.75,4.5,2.25,6.45,4.0,7.0,9.0,1.0,2.0,3.0,,,,True,True,UNKNOWN,False,False,,,,,,,,,,NPB,2019-05-08 13:00:00,1,,,0,
2019050801,2019-05-08 18:00:00,東京ヤクルトスワローズ,阪神タイガース,7.0,7.0,UNKNOWN,明治神宮野球場,unknown,low,False,False,600089,1500042,[],[],,,,,0,light,2019-05-08 18:00:00+00:00,,UNKNOWN,,,,UNKNOWN,UNKNOWN,,UNKNOWN,,0.0,0.7058823529411764,6.352941176470588,0.0,0.0,1.7882352941176474,5.666666666666667,0.0,4.0,0.0,0.0,4.0,,,,5.4,1.6,12.6,5.4,0.0,2.2,5.0,3.0,5.0,0.0,3.0,7.0,,,,True,True,UNKNOWN,False,False,,,,,,,,,,NPB,2019-05-08 18:00:00,1,,,0,
2019050802,2019-05-08 18:00:00,横浜DeNAベイスターズ,読売ジャイアンツ,5.0,8.0,UNKNOWN,ＨＡＲＤ ＯＦＦ ＥＣＯスタジアム新潟,unknown,low,False,False,1200041,1800045,[],[],,,,,0,light,2019-05-08 18:00:00+00:00,,UNKNOWN,,,,UNKNOWN,UNKNOWN,,UNKNOWN,,6.0,1.5,6.0,1.5,1.5,4.533333333333333,6.0,4.0,8.0,1.0,1.0,4.0,,,,1.5,1.1666666666666667,6.0,0.0,0.0,1.866666666666667,6.0,1.0,7.0,0.0,0.0,4.0,,,,True,True,UNKNOWN,False,False,,,,,,,,,,NPB,2019-05-08 18:00:00,1,,,0,
2019050803,2019-05-08 18:00:00,中日ドラゴンズ,広島東洋カープ,2.0,3.0,UNKNOWN,ナゴヤドーム,unknown,low,False,False,1300057,1800130,[],[],,,,,0,light,2019-05-08 18:00:00+00:00,,UNKNOWN,,,,UNKNOWN,UNKNOWN,,UNKNOWN,,2.0,0.6666666666666666,7.0,0.0,0.0,1.6444444444444446,9.0,2.0,6.0,0.0,0.0,7.0,,,,3.6,1.6,3.6,5.4,3.6,9.4,5.0,2.0,5.0,2.0,3.0,2.0,,,,True,True,UNKNOWN,False,False,,,,,,,,,,NPB,2019-05-08 18:00:00,1,,,0,
2019050804,2019-05-08 18:00:00,北海道日本ハムファイターズ,オリックス・バファローズ,1.0,0.0,UNKNOWN,札幌ドーム,unknown,low,False,False,1600160,500027,[],[],,,,,0,light,2019-05-08 18:00:00+00:00,,UNKNOWN,,,,UNKNOWN,UNKNOWN,,UNKNOWN,,1.125,0.75,6.75,3.375,0.0,2.825,8.0,1.0,3.0,0.0,3.0,6.0,,,,0.0,0.8,9.0,1.8,0.0,1.8000000000000003,5.0,0.0,3.0,0.0,1.0,5.0,,,,True,True,UNKNOWN,False,False,,,,,,,,,,NPB,2019-05-08 18:00:00,1,,,0,
2019050806,2019-05-08 18:00:00,埼玉西武ライオンズ,千葉ロッテマリーンズ,1.0,12.0,UNKNOWN,上毛新聞敷島球場,unknown,low,False,False,500014,1400182,[],[],,,,,0,light,2019-05-08 18:00:00+00:00,,UNKNOWN,,,,UNKNOWN,UNKNOWN,,UNKNOWN,,1.5,1.3333333333333333,7.5,4.5,0.0,3.0333333333333337,6.0,1.0,5.0,0.0,3.0,5.0,,,,9.0,1.8333333333333333,4.5,4.5,3.0,8.033333333333333,6.0,6.0,8.0,2.0,3.0,3.0,,,,True,True,UNKNOWN,False,False,,,,,,,,,,NPB,2019-05-08 18:00:00,1,,,0,
2019050901,2019-05-09 18:00:00,北海道日本ハムファイターズ,オリックス・バファローズ,1.0,2.0,UNKNOWN,札幌ドーム,unknown,low,False,False,1600153,1500110,[],[],,,,,0,light,2019-05-09 18:00:00+00:00,,UNKNOWN,,,,UNKNOWN,UNKNOWN,,UNKNOWN,,1.2857142857142858,1.0,7.714285714285714,2.5714285714285716,0.0,2.342857142857143,7.0,1.0,5.0,0.0,2.0,6.0,,,,6.0,1.3333333333333333,9.0,0.0,3.0,5.533333333333333,3.0,2.0,4.0,1.0,0.0,3.0,,,,True,True,UNKNOWN,False,False,,,,,,,,,,NPB,2019-05-09 18:00:00,1,,,0,
2019050902,2019-05-09 18:00:00,東北楽天ゴールデンイーグルス,福岡ソフトバンクホークス,4.0,3.0,UNKNOWN,楽天生命パーク宮城,unknown,low,False,False,1700137,1300087,[],[],,,,,0,light,2019-05-09 18:00:00+00:00,,UNKNOWN,,,,UNKNOWN,UNKNOWN,,UNKNOWN,,2.5714285714285716,0.7142857142857143,6.428571428571429,0.0,1.2857142857142858,3.6285714285714286,7.0,2.0,5.0,1.0,0.0,5.0,,,,4.5,1.1666666666666667,6.0,0.0,1.5,4.033333333333333,6.0,3.0,7.0,1.0,0.0,4.0,,,,True,True,UNKNOWN,False,False,,,,,,,,,,NPB,2019-05-09 18:00:00,1,,,0,
2019050903,2019-05-09 18:00:00,埼玉西武ライオンズ,千葉ロッテマリーンズ,4.0,5.0,UNKNOWN,埼玉県営大宮公園野球場,unknown,low,False,False,1400190,1000143,[],[],,,,,0,light,2019-05-09 18:00:00+00:00,,UNKNOWN,,,,UNKNOWN,UNKNOWN,,UNKNOWN,,5.4,2.0,9.0,3.6,0.0,2.4000000000000004,5.0,3.0,8.0,0.0,2.0,5.0,,,,5.4,1.8,5.4,5.4,1.8,6.4,5.0,3.0,6.0,1.0,3.0,3.0,,,,True,True,UNKNOWN,False,False,,,,,,,,,,NPB,2019-05-09 18:00:00,1,,,0,
2019051001,2019-05-10 18:00:00,読売ジャイアンツ,東京ヤクルトスワローズ,19.0,7.0,UNKNOWN,東京ドーム,unknown,low,False,False,1200076,1800005,[],[],,,,,0,light,2019-05-10 18:00:00+00:00,,UNKNOWN,,,,UNKNOWN,UNKNOWN,,UNKNOWN,,11.571428571428571,2.7857142857142856,7.7142857142857135,1.9285714285714284,3.8571428571428568,7.7,4.666666666666667,6.0,12.0,2.0,1.0,4.0,,,,15.0,2.6666666666666665,6.0,12.0,3.0,10.2,3.0,5.0,4.0,1.0,4.0,2.0,,,,True,True,UNKNOWN,False,False,2019-05-10 09:00:00+00:00,,UNKNOWN,Open-Meteo Historical Forecast,FAIL_CLOSED_NO_ISSUANCE_TIMESTAMP,22.0,38.0,0.0,8.0,NPB,2019-05-10 18:00:00,1,,,0,
2019051002,2019-05-10 18:00:00,阪神タイガース,中日ドラゴンズ,7.0,3.0,UNKNOWN,阪神甲子園球場,unknown,low,False,False,1300063,900062,[],[],,,,,0,light,2019-05-10 18:00:00+00:00,,UNKNOWN,,,,UNKNOWN,UNKNOWN,,UNKNOWN,,22.5,4.0,13.5,13.5,4.5,11.2,2.0,5.0,5.0,1.0,3.0,3.0,,,,3.857142857142857,1.1428571428571428,6.428571428571429,1.2857142857142858,1.2857142857142858,4.057142857142857,7.0,3.0,7.0,1.0,1.0,5.0,,,,True,True,UNKNOWN,False,False,,,,,,,,,,NPB,2019-05-10 18:00:00,1,,,0,
2019051003,2019-05-10 18:00:00,広島東洋カープ,横浜DeNAベイスターズ,2.0,6.0,UNKNOWN,ＭＡＺＤＡ　Ｚｏｏｍ－Ｚｏｏｍ　スタジアム広島,unknown,low,False,False,1500061,1600123,[],[],,,,,0,light,2019-05-10 18:00:00+00:00,,UNKNOWN,,,,UNKNOWN,UNKNOWN,,UNKNOWN,,2.5714285714285716,0.8571428571428571,9.0,3.857142857142857,1.2857142857142858,4.342857142857143,7.0,2.0,3.0,1.0,3.0,7.0,,,,9.0,2.4,3.6,9.0,3.6,10.600000000000001,5.0,5.0,7.0,2.0,5.0,2.0,,,,True,True,UNKNOWN,False,False,,,,,,,,,,NPB,2019-05-10 18:00:00,1,,,0,
2019051004,2019-05-10 18:00:00,北海道日本ハムファイターズ,埼玉西武ライオンズ,7.0,5.0,UNKNOWN,札幌ドーム,unknown,low,False,False,1500099,1100099,[],[],,,,,0,light,2019-05-10 18:00:00+00:00,,UNKNOWN,,,,UNKNOWN,UNKNOWN,,UNKNOWN,,10.125,2.0625,1.6875,6.75,3.375,9.95,5.333333333333333,6.0,7.0,2.0,4.0,1.0,,,,7.5,1.5,6.0,4.5,1.5,5.533333333333333,6.0,5.0,6.0,1.0,3.0,4.0,,,,True,True,UNKNOWN,False,False,,,,,,,,,,NPB,2019-05-10 18:00:00,1,,,0,
2019051005,2019-05-10 18:00:00,オリックス・バファローズ,東北楽天ゴールデンイーグルス,8.0,6.0,UNKNOWN,ほっともっとフィールド神戸,unknown,low,False,False,1000155,1600150,[],[],,,,,0,light,2019-05-10 18:00:00+00:00,,UNKNOWN,,,,UNKNOWN,UNKNOWN,,UNKNOWN,,10.8,1.4,5.4,0.0,5.4,9.8,5.0,6.0,7.0,3.0,0.0,3.0,,,,5.4,2.2,3.6,5.4,3.6,9.4,5.0,3.0,8.0,2.0,3.0,2.0,,,,True,True,UNKNOWN,False,False,,,,,,,,,,NPB,2019-05-10 18:00:00,1,,,0,
2019051006,2019-05-10 18:00:00,福岡ソフトバンクホークス,千葉ロッテマリーンズ,1.0,9.0,UNKNOWN,福岡 ヤフオク!ドーム,unknown,low,False,False,1300055,1100115,[],[],,,,,0,light,2019-05-10 18:00:00+00:00,,UNKNOWN,,,,UNKNOWN,UNKNOWN,,UNKNOWN,,1.2857142857142858,0.8571428571428571,2.5714285714285716,1.2857142857142858,1.2857142857142858,4.914285714285715,7.0,1.0,5.0,1.0,1.0,2.0,,,,19.636363636363637,3.5454545454545454,7.363636363636364,7.363636363636364,0.0,4.0181818181818185,3.6666666666666665,8.0,10.0,0.0,3.0,3.0,,,,True,True,UNKNOWN,False,False,,,,,,,,,,NPB,2019-05-10 18:00:00,1,,,0,
2019051102,2019-05-11 14:00:00,阪神タイガース,中日ドラゴンズ,1.0,5.0,UNKNOWN,阪神甲子園球場,unknown,low,False,False,1600106,500502,[],[],,,,,0,light,2019-05-11 14:00:00+00:00,,UNKNOWN,,,,UNKNOWN,UNKNOWN,,UNKNOWN,,0.0,0.75,13.5,1.125,0.0,0.5750000000000002,8.0,0.0,5.0,0.0,1.0,12.0,,,,5.4,1.6,3.6,3.6,0.0,3.6,5.0,3.0,6.0,0.0,2.0,2.0,,,,True,True,UNKNOWN,False,False,,,,,,,,,,NPB,2019-05-11 14:00:00,1,,,0,
2019051103,2019-05-11 14:00:00,広島東洋カープ,横浜DeNAベイスターズ,4.0,0.0,UNKNOWN,ＭＡＺＤＡ　Ｚｏｏｍ－Ｚｏｏｍ　スタジアム広島,unknown,low,False,False,1800043,1500007,[],[],,,,,0,light,2019-05-11 14:00:00+00:00,,UNKNOWN,,,,UNKNOWN,UNKNOWN,,UNKNOWN,,3.0,1.1666666666666667,4.5,3.0,0.0,3.2,6.0,2.0,5.0,0.0,2.0,3.0,,,,0.0,1.3333333333333333,9.0,4.5,0.0,2.7,6.0,0.0,5.0,0.0,3.0,6.0,,,,True,True,UNKNOWN,False,False,,,,,,,,,,NPB,2019-05-11 14:00:00,1,,,0,
2019051104,2019-05-11 14:00:00,北海道日本ハムファイターズ,埼玉西武ライオンズ,8.0,0.0,UNKNOWN,札幌ドーム,unknown,low,False,False,1600127,1300094,[],[],,,,,0,light,2019-05-11 14:00:00+00:00,,UNKNOWN,,,,UNKNOWN,UNKNOWN,,UNKNOWN,,12.6,3.6,10.8,12.6,1.8,7.6000000000000005,5.0,7.0,11.0,1.0,7.0,6.0,,,,0.0,0.4,5.4,1.8,0.0,2.6,5.0,0.0,1.0,0.0,1.0,3.0,,,,True,True,UNKNOWN,False,False,,,,,,,,,,NPB,2019-05-11 14:00:00,1,,,0,
2019051106,2019-05-11 14:00:00,福岡ソフトバンクホークス,千葉ロッテマリーンズ,4.0,2.0,UNKNOWN,福岡 ヤフオク!ドーム,unknown,low,False,False,1700145,1000174,[],[],,,,,0,light,2019-05-11 14:00:00+00:00,,UNKNOWN,,,,UNKNOWN,UNKNOWN,,UNKNOWN,,4.5,1.1666666666666667,12.0,3.0,3.0,5.866666666666667,6.0,3.0,5.0,2.0,2.0,8.0,,,,1.5,2.1666666666666665,12.0,10.5,0.0,4.033333333333333,6.0,1.0,6.0,0.0,7.0,8.0,,,,True,True,UNKNOWN,False,False,,,,,,,,,,NPB,2019-05-11 14:00:00,1,,,0,
2019051105,2019-05-11 15:00:00,オリックス・バファローズ,東北楽天ゴールデンイーグルス,6.0,3.0,UNKNOWN,ほっともっとフィールド神戸,unknown,low,False,False,1600005,1700110,[],[],,,,,0,light,2019-05-11 15:00:00+00:00,,UNKNOWN,,,,UNKNOWN,UNKNOWN,,UNKNOWN,,1.588235294117647,0.8823529411764706,3.176470588235294,1.588235294117647,0.0,3.0235294117647062,5.666666666666667,1.0,4.0,0.0,1.0,2.0,,,,0.0,1.0,11.571428571428571,3.857142857142857,0.0,1.9142857142857144,7.0,0.0,4.0,0.0,3.0,9.0,,,,True,True,UNKNOWN,False,False,,,,,,,,,,NPB,2019-05-11 15:00:00,1,,,0,
2019051101,2019-05-11 18:00:00,読売ジャイアンツ,東京ヤクルトスワローズ,1.0,3.0,UNKNOWN,東京ドーム,unknown,low,False,False,12113,1700002,[],[],,,,,0,light,2019-05-11 18:00:00+00:00,,UNKNOWN,,,,UNKNOWN,UNKNOWN,,UNKNOWN,,0.0,0.8,9.0,0.0,0.0,1.2000000000000002,5.0,0.0,4.0,0.0,0.0,5.0,,,,3.857142857142857,1.5714285714285714,6.428571428571429,3.857142857142857,1.2857142857142858,4.914285714285715,7.0,3.0,8.0,1.0,3.0,5.0,,,,True,True,UNKNOWN,False,False,2019-05-11 09:00:00+00:00,,UNKNOWN,Open-Meteo Historical Forecast,FAIL_CLOSED_NO_ISSUANCE_TIMESTAMP,22.6,50.0,0.0,9.2,NPB,2019-05-11 18:00:00,1,,,0,
2019051206,2019-05-12 13:00:00,福岡ソフトバンクホークス,千葉ロッテマリーンズ,4.0,5.0,UNKNOWN,福岡 ヤフオク!ドーム,unknown,low,False,False,1300050,1800013,[],[],,,,,0,light,2019-05-12 13:00:00+00:00,,UNKNOWN,,,,UNKNOWN,UNKNOWN,,UNKNOWN,,6.0,1.5,9.0,3.0,3.0,6.533333333333333,6.0,4.0,7.0,2.0,2.0,6.0,,,,3.6,1.4,7.2,3.6,1.8,5.4,5.0,2.0,5.0,1.0,2.0,4.0,,,,True,True,UNKNOWN,False,False,,,,,,,,,,NPB,2019-05-12 13:00:00,1,,,0,
2019051203,2019-05-12 13:30:00,広島東洋カープ,横浜DeNAベイスターズ,8.0,1.0,UNKNOWN,ＭＡＺＤＡ　Ｚｏｏｍ－Ｚｏｏｍ　スタジアム広島,unknown,low,False,False,1600084,1600125,[],[],,,,,0,light,2019-05-12 13:30:00+00:00,,UNKNOWN,,,,UNKNOWN,UNKNOWN,,UNKNOWN,,15.0,2.6666666666666665,12.0,3.0,3.0,5.866666666666667,3.0,5.0,7.0,1.0,1.0,4.0,,,,1.0,0.8888888888888888,3.0,0.0,1.0,3.977777777777778,9.0,1.0,8.0,1.0,0.0,3.0,,,,True,True,UNKNOWN,False,False,,,,,,,,,,NPB,2019-05-12 13:30:00,1,,,0,
2019051201,2019-05-12 14:00:00,読売ジャイアンツ,東京ヤクルトスワローズ,1.0,4.0,UNKNOWN,東京ドーム,unknown,low,False,False,1300045,600008,[],[],,,,,0,light,2019-05-12 14:00:00+00:00,,UNKNOWN,,,,UNKNOWN,UNKNOWN,,UNKNOWN,,1.8,1.4,10.8,10.8,0.0,4.4,5.0,1.0,1.0,0.0,6.0,6.0,,,,9.0,3.0,15.0,12.0,0.0,3.8666666666666667,3.0,3.0,5.0,0.0,4.0,5.0,,,,True,True,UNKNOWN,False,False,2019-05-12 05:00:00+00:00,,UNKNOWN,Open-Meteo Historical Forecast,FAIL_CLOSED_NO_ISSUANCE_TIMESTAMP,21.7,43.0,0.0,9.4,NPB,2019-05-12 14:00:00,1,,,0,
2019051202,2019-05-12 14:00:00,阪神タイガース,中日ドラゴンズ,2.0,5.0,UNKNOWN,阪神甲子園球場,unknown,low,False,False,1700104,1600115,[],[],,,,,0,light,2019-05-12 14:00:00+00:00,,UNKNOWN,,,,UNKNOWN,UNKNOWN,,UNKNOWN,,3.6,1.6,7.2,7.2,0.0,4.0,5.0,2.0,4.0,0.0,4.0,4.0,,,,9.0,2.0,5.4,3.6,0.0,3.2,5.0,5.0,8.0,0.0,2.0,3.0,,,,True,True,UNKNOWN,False,False,,,,,,,,,,NPB,2019-05-12 14:00:00,1,,,0,
2019051204,2019-05-12 14:00:00,北海道日本ハムファイターズ,埼玉西武ライオンズ,3.0,6.0,UNKNOWN,札幌ドーム,unknown,low,False,False,1100089,1800141,[],[],,,,,0,light,2019-05-12 14:00:00+00:00,,UNKNOWN,,,,UNKNOWN,UNKNOWN,,UNKNOWN,,4.2631578947368425,1.105263157894737,5.684210526315789,0.0,1.4210526315789473,3.9894736842105267,6.333333333333333,3.0,7.0,1.0,0.0,4.0,,,,9.0,2.0,13.5,6.75,2.25,5.7,4.0,4.0,5.0,1.0,3.0,6.0,,,,True,True,UNKNOWN,False,False,,,,,,,,,,NPB,2019-05-12 14:00:00,1,,,0,
2019051205,2019-05-12 15:00:00,オリックス・バファローズ,東北楽天ゴールデンイーグルス,5.0,8.0,UNKNOWN,ほっともっとフィールド神戸,unknown,low,False,False,1000096,1700150,[],[],,,,,0,light,2019-05-12 15:00:00+00:00,,UNKNOWN,,,,UNKNOWN,UNKNOWN,,UNKNOWN,,9.0,1.5,4.5,0.0,2.25,5.45,4.0,4.0,6.0,1.0,0.0,2.0,,,,9.0,2.6666666666666665,3.0,3.0,6.0,12.2,3.0,3.0,7.0,2.0,1.0,1.0,,,,True,True,UNKNOWN,False,False,,,,,,,,,,NPB,2019-05-12 15:00:00,1,,,0,
2019051404,2019-05-14 13:00:00,東北楽天ゴールデンイーグルス,北海道日本ハムファイターズ,1.0,13.0,UNKNOWN,楽天生命パーク宮城,unknown,low,False,False,1400117,1100128,[],[],,,,,0,light,2019-05-14 13:00:00+00:00,,UNKNOWN,,,,UNKNOWN,UNKNOWN,,UNKNOWN,,1.125,0.75,7.875,2.25,1.125,3.825,8.0,1.0,4.0,1.0,2.0,7.0,,,,3.0,1.3333333333333333,3.0,3.0,0.0,3.5333333333333337,6.0,2.0,6.0,0.0,2.0,2.0,,,,True,True,UNKNOWN,False,False,,,,,,,,,,NPB,2019-05-14 13:00:00,1,,,0,
2019051401,2019-05-14 18:00:00,読売ジャイアンツ,阪神タイガース,2.0,4.0,UNKNOWN,東京ドーム,unknown,low,False,False,1500090,1800023,[],[],,,,,0,light,2019-05-14 18:00:00+00:00,,UNKNOWN,,,,UNKNOWN,UNKNOWN,,UNKNOWN,,3.0,1.3333333333333333,7.5,1.5,0.0,2.033333333333333,6.0,2.0,7.0,0.0,1.0,5.0,,,,1.5,0.6666666666666666,6.0,1.5,1.5,4.533333333333333,6.0,1.0,3.0,1.0,1.0,4.0,,,,True,True,UNKNOWN,False,False,2019-05-14 09:00:00+00:00,,UNKNOWN,Open-Meteo Historical Forecast,FAIL_CLOSED_NO_ISSUANCE_TIMESTAMP,18.0,83.0,0.3,6.4,NPB,2019-05-14 18:00:00,1,,,0,
2019051403,2019-05-14 18:00:00,広島東洋カープ,東京ヤクルトスワローズ,9.0,4.0,UNKNOWN,ＭＡＺＤＡ　Ｚｏｏｍ－Ｚｏｏｍ　スタジアム広島,unknown,low,False,False,1500040,1100081,[],[],,,,,0,light,2019-05-14 18:00:00+00:00,,UNKNOWN,,,,UNKNOWN,UNKNOWN,,UNKNOWN,,5.785714285714286,1.7142857142857142,0.0,3.8571428571428568,1.9285714285714284,7.271428571428571,4.666666666666667,3.0,6.0,1.0,2.0,0.0,,,,9.818181818181818,3.0,4.909090909090909,7.363636363636364,0.0,4.563636363636364,3.6666666666666665,4.0,8.0,0.0,3.0,2.0,,,,True,True,UNKNOWN,False,False,,,,,,,,,,NPB,2019-05-14 18:00:00,1,,,0,
2019051405,2019-05-14 18:00:00,福岡ソフトバンクホークス,埼玉西武ライオンズ,7.0,11.0,UNKNOWN,北九州市民球場,unknown,low,False,False,1400182,1700132,[],[],,,,,0,light,2019-05-14 18:00:00+00:00,,UNKNOWN,,,,UNKNOWN,UNKNOWN,,UNKNOWN,,3.6,2.2,5.4,5.4,0.0,3.8000000000000003,5.0,2.0,8.0,0.0,3.0,3.0,,,,22.5,3.5,9.0,9.0,13.5,23.7,2.0,5.0,5.0,3.0,2.0,2.0,,,,True,True,UNKNOWN,False,False,,,,,,,,,,NPB,2019-05-14 18:00:00,1,,,0,
2019051504,2019-05-15 13:00:00,東北楽天ゴールデンイーグルス,北海道日本ハムファイターズ,9.0,8.0,UNKNOWN,楽天生命パーク宮城,unknown,low,False,False,500027,1300087,[],[],,,,,0,light,2019-05-15 13:00:00+00:00,,UNKNOWN,,,,UNKNOWN,UNKNOWN,,UNKNOWN,,0.0,1.3636363636363638,7.363636363636364,0.0,2.4545454545454546,5.109090909090909,3.6666666666666665,0.0,5.0,1.0,0.0,3.0,,,,18.0,2.25,11.25,2.25,4.5,7.95,4.0,8.0,8.0,2.0,1.0,5.0,,,,True,True,UNKNOWN,False,False,,,,,,,,,,NPB,2019-05-15 13:00:00,1,,,0,
2019051502,2019-05-15 17:45:00,横浜DeNAベイスターズ,中日ドラゴンズ,8.0,2.0,UNKNOWN,横浜スタジアム,unknown,low,False,False,1000138,1700058,[],[],,,,,0,light,2019-05-15 17:45:00+00:00,,UNKNOWN,,,,UNKNOWN,UNKNOWN,,UNKNOWN,,10.5,2.1666666666666665,7.5,3.0,4.5,9.033333333333333,6.0,7.0,11.0,3.0,2.0,5.0,,,,1.5,1.0,3.0,3.0,0.0,3.5333333333333337,6.0,1.0,4.0,0.0,2.0,2.0,,,,True,True,UNKNOWN,False,False,,,,,,,,,,NPB,2019-05-15 17:45:00,1,,,0,
2019051501,2019-05-15 18:00:00,読売ジャイアンツ,阪神タイガース,8.0,13.0,UNKNOWN,東京ドーム,unknown,low,False,False,600089,1200041,[],[],,,,,0,light,2019-05-15 18:00:00+00:00,,UNKNOWN,,,,UNKNOWN,UNKNOWN,,UNKNOWN,,9.818181818181818,2.4545454545454546,0.0,2.4545454545454546,2.4545454545454546,7.563636363636364,3.6666666666666665,4.0,8.0,1.0,1.0,0.0,,,,11.117647058823529,2.2941176470588234,6.352941176470588,3.176470588235294,6.352941176470588,12.023529411764706,5.666666666666667,7.0,11.0,4.0,2.0,4.0,,,,True,True,UNKNOWN,False,False,2019-05-15 09:00:00+00:00,,UNKNOWN,Open-Meteo Historical Forecast,FAIL_CLOSED_NO_ISSUANCE_TIMESTAMP,19.0,62.0,0.0,4.8,NPB,2019-05-15 18:00:00,1,,,0,
2019051503,2019-05-15 18:00:00,広島東洋カープ,東京ヤクルトスワローズ,9.0,7.0,UNKNOWN,ＭＡＺＤＡ　Ｚｏｏｍ－Ｚｏｏｍ　スタジアム広島,unknown,low,False,False,1800143,1300057,[],[],,,,,0,light,2019-05-15 18:00:00+00:00,,UNKNOWN,,,,UNKNOWN,UNKNOWN,,UNKNOWN,,0.0,2.0,9.0,0.0,0.0,1.2000000000000002,1.0,0.0,2.0,0.0,0.0,1.0,,,,4.5,1.1666666666666667,4.5,0.0,0.0,2.2,6.0,3.0,7.0,0.0,0.0,3.0,,,,True,True,UNKNOWN,False,False,,,,,,,,,,NPB,2019-05-15 18:00:00,1,,,0,
2019051506,2019-05-15 18:00:00,福岡ソフトバンクホークス,埼玉西武ライオンズ,4.0,5.0,UNKNOWN,福岡 ヤフオク!ドーム,unknown,low,False,False,1500104,1700137,[],[],,,,,0,light,2019-05-15 18:00:00+00:00,,UNKNOWN,,,,UNKNOWN,UNKNOWN,,UNKNOWN,,7.2,1.6,7.2,3.6,3.6,8.0,5.0,4.0,6.0,2.0,2.0,4.0,,,,4.5,1.5,9.0,1.5,3.0,6.033333333333333,6.0,3.0,8.0,2.0,1.0,6.0,,,,True,True,UNKNOWN,False,False,,,,,,,,,,NPB,2019-05-15 18:00:00,1,,,0,
2019051505,2019-05-15 18:15:00,千葉ロッテマリーンズ,オリックス・バファローズ,2.0,3.0,UNKNOWN,ＺＯＺＯマリンスタジアム,unknown,low,False,False,1600160,500014,[],[],,,,,0,light,2019-05-15 18:15:00+00:00,,UNKNOWN,,,,UNKNOWN,UNKNOWN,,UNKNOWN,,2.5714285714285716,1.0,6.428571428571429,1.2857142857142858,0.0,2.2,7.0,2.0,6.0,0.0,1.0,5.0,,,,2.5714285714285716,0.8571428571428571,9.0,0.0,0.0,1.2000000000000002,7.0,2.0,6.0,0.0,0.0,7.0,,,,True,True,UNKNOWN,False,False,,,,,,,,,,NPB,2019-05-15 18:15:00,1,,,0,
2019051601,2019-05-16 17:45:00,横浜DeNAベイスターズ,中日ドラゴンズ,2.0,3.0,UNKNOWN,横浜スタジアム,unknown,low,False,False,1800130,1800045,[],[],,,,,0,light,2019-05-16 17:45:00+00:00,,UNKNOWN,,,,UNKNOWN,UNKNOWN,,UNKNOWN,,1.2857142857142858,0.7142857142857143,6.428571428571429,2.5714285714285716,1.2857142857142858,4.485714285714286,7.0,1.0,3.0,1.0,2.0,5.0,,,,2.5714285714285716,1.0,5.142857142857143,2.5714285714285716,0.0,2.9142857142857146,7.0,2.0,5.0,0.0,2.0,4.0,,,,True,True,UNKNOWN,False,False,,,,,,,,,,NPB,2019-05-16 17:45:00,1,,,0,
2019051602,2019-05-16 18:00:00,東北楽天ゴールデンイーグルス,北海道日本ハムファイターズ,0.0,2.0,UNKNOWN,東京ドーム,unknown,low,False,False,1500110,900090,[],[],,,,,0,light,2019-05-16 18:00:00+00:00,,UNKNOWN,,,,UNKNOWN,UNKNOWN,,UNKNOWN,,0.0,0.6,7.2,3.6,0.0,2.8000000000000003,5.0,0.0,1.0,0.0,2.0,4.0,,,,1.2857142857142858,1.1428571428571428,5.142857142857143,2.5714285714285716,0.0,2.9142857142857146,7.0,1.0,6.0,0.0,2.0,4.0,,,,True,True,UNKNOWN,False,False,2019-05-16 09:00:00+00:00,,UNKNOWN,Open-Meteo Historical Forecast,FAIL_CLOSED_NO_ISSUANCE_TIMESTAMP,20.5,58.0,0.0,8.2,NPB,2019-05-16 18:00:00,1,,,0,
2019051604,2019-05-16 18:00:00,福岡ソフトバンクホークス,埼玉西武ライオンズ,5.0,1.0,UNKNOWN,福岡 ヤフオク!ドーム,unknown,low,False,False,1000143,1700130,[],[],,,,,0,light,2019-05-16 18:00:00+00:00,,UNKNOWN,,,,UNKNOWN,UNKNOWN,,UNKNOWN,,5.869565217391304,1.3043478260869565,7.0434782608695645,2.3478260869565215,2.3478260869565215,5.808695652173913,7.666666666666667,5.0,8.0,2.0,2.0,6.0,,,,1.125,0.625,2.25,0.0,1.125,4.325,8.0,1.0,5.0,1.0,0.0,2.0,,,,True,True,UNKNOWN,False,False,,,,,,,,,,NPB,2019-05-16 18:00:00,1,,,0,
2019051603,2019-05-16 18:15:00,千葉ロッテマリーンズ,オリックス・バファローズ,9.0,2.0,UNKNOWN,ＺＯＺＯマリンスタジアム,unknown,low,False,False,1600153,1600146,[],[],,,,,0,light,2019-05-16 18:15:00+00:00,,UNKNOWN,,,,UNKNOWN,UNKNOWN,,UNKNOWN,,3.176470588235294,1.2352941176470587,6.352941176470588,1.588235294117647,1.588235294117647,4.6117647058823525,5.666666666666667,2.0,6.0,1.0,1.0,4.0,,,,1.5,1.1666666666666667,9.0,3.0,0.0,2.2,6.0,1.0,5.0,0.0,2.0,6.0,,,,True,True,UNKNOWN,False,False,,,,,,,,,,NPB,2019-05-16 18:15:00,1,,,0,
2019051701,2019-05-17 18:00:00,東京ヤクルトスワローズ,横浜DeNAベイスターズ,3.0,4.0,UNKNOWN,明治神宮野球場,unknown,low,False,False,1500061,1200076,[],[],,,,,0,light,2019-05-17 18:00:00+00:00,,UNKNOWN,,,,UNKNOWN,UNKNOWN,,UNKNOWN,,2.8421052631578947,1.5789473684210527,9.947368421052632,4.2631578947368425,1.4210526315789473,4.463157894736843,6.333333333333333,2.0,7.0,1.0,3.0,7.0,,,,5.142857142857143,0.8571428571428571,5.142857142857143,2.5714285714285716,1.2857142857142858,4.771428571428571,7.0,4.0,4.0,1.0,2.0,4.0,,,,True,True,UNKNOWN,False,False,,,,,,,,,,NPB,2019-05-17 18:00:00,1,,,0,
2019051702,2019-05-17 18:00:00,中日ドラゴンズ,読売ジャイアンツ,1.0,4.0,UNKNOWN,ナゴヤドーム,excluded,high,False,False,1800005,1800061,[],[],,,,,0,light,2019-05-17 18:00:00+00:00,,UNKNOWN,,,,UNKNOWN,UNKNOWN,,UNKNOWN,,1.8,1.2,10.8,5.4,0.0,2.6,5.0,1.0,3.0,0.0,3.0,6.0,,,,4.5,1.1666666666666667,4.5,4.5,0.0,3.7,6.0,3.0,4.0,0.0,3.0,3.0,,,,True,True,UNKNOWN,False,False,,,,,,,,,,NPB,2019-05-17 18:00:00,1,,,0,
2019051703,2019-05-17 18:00:00,阪神タイガース,広島東洋カープ,2.0,10.0,UNKNOWN,阪神甲子園球場,unknown,low,False,False,1600123,900062,[],[],,,,,0,light,2019-05-17 18:00:00+00:00,,UNKNOWN,,,,UNKNOWN,UNKNOWN,,UNKNOWN,,3.375,2.0625,6.75,5.0625,0.0,3.3875,5.333333333333333,2.0,8.0,0.0,3.0,4.0,,,,3.375,1.0,3.375,2.25,0.0,3.2,8.0,3.0,6.0,0.0,2.0,3.0,,,,True,True,UNKNOWN,False,False,,,,,,,,,,NPB,2019-05-17 18:00:00,1,,,0,
2019051704,2019-05-17 18:00:00,千葉ロッテマリーンズ,東北楽天ゴールデンイーグルス,6.0,1.0,UNKNOWN,ＺＯＺＯマリンスタジアム,unknown,low,False,False,1000155,1300055,[],[],,,,,0,light,2019-05-17 18:00:00+00:00,,UNKNOWN,,,,UNKNOWN,UNKNOWN,,UNKNOWN,,8.1,1.2,5.3999999999999995,1.3499999999999999,2.6999999999999997,6.35,6.666666666666667,6.0,7.0,2.0,1.0,4.0,,,,0.0,0.8571428571428571,11.571428571428571,2.5714285714285716,0.0,1.485714285714286,7.0,0.0,4.0,0.0,2.0,9.0,,,,True,True,UNKNOWN,False,False,,,,,,,,,,NPB,2019-05-17 18:00:00,1,,,0,
2019051705,2019-05-17 18:00:00,オリックス・バファローズ,埼玉西武ライオンズ,5.0,7.0,UNKNOWN,京セラドーム大阪,unknown,low,False,False,1500099,1600150,[],[],,,,,0,light,2019-05-17 18:00:00+00:00,,UNKNOWN,,,,UNKNOWN,UNKNOWN,,UNKNOWN,,6.428571428571429,0.8571428571428571,5.142857142857143,0.0,2.5714285714285716,5.771428571428572,7.0,5.0,6.0,2.0,0.0,4.0,,,,6.428571428571429,1.4285714285714286,7.714285714285714,2.5714285714285716,1.2857142857142858,4.2,7.0,5.0,8.0,1.0,2.0,6.0,,,,True,True,UNKNOWN,False,False,,,,,,,,,,NPB,2019-05-17 18:00:00,1,,,0,
2019051806,2019-05-18 13:00:00,福岡ソフトバンクホークス,北海道日本ハムファイターズ,2.0,1.0,UNKNOWN,リブワーク藤崎台球場,unknown,low,False,False,1100099,1000174,[],[],,,,,0,light,2019-05-18 13:00:00+00:00,,UNKNOWN,,,,UNKNOWN,UNKNOWN,,UNKNOWN,,0.0,1.2857142857142858,6.428571428571429,2.5714285714285716,0.0,2.628571428571429,7.0,0.0,7.0,0.0,2.0,5.0,,,,1.2857142857142858,1.2857142857142858,11.571428571428571,6.428571428571429,0.0,2.771428571428572,7.0,1.0,4.0,0.0,5.0,9.0,,,,True,True,UNKNOWN,False,False,,,,,,,,,,NPB,2019-05-18 13:00:00,1,,,0,
2019051802,2019-05-18 14:00:00,中日ドラゴンズ,読売ジャイアンツ,1.0,5.0,UNKNOWN,ナゴヤドーム,unknown,low,False,False,1700002,1600106,[],[],,,,,0,light,2019-05-18 14:00:00+00:00,,UNKNOWN,,,,UNKNOWN,UNKNOWN,,UNKNOWN,,0.0,0.8571428571428571,2.5714285714285716,1.2857142857142858,0.0,3.0571428571428574,7.0,0.0,5.0,0.0,1.0,2.0,,,,7.5,1.6666666666666667,9.0,4.5,1.5,4.866666666666667,6.0,5.0,7.0,1.0,3.0,6.0,,,,True,True,UNKNOWN,False,False,,,,,,,,,,NPB,2019-05-18 14:00:00,1,,,0,
2019051803,2019-05-18 14:00:00,阪神タイガース,広島東洋カープ,0.0,4.0,UNKNOWN,阪神甲子園球場,unknown,low,False,False,1500007,500502,[],[],,,,,0,light,2019-05-18 14:00:00+00:00,,UNKNOWN,,,,UNKNOWN,UNKNOWN,,UNKNOWN,,0.0,1.1666666666666667,9.0,1.5,0.0,1.7000000000000002,6.0,0.0,6.0,0.0,1.0,6.0,,,,5.142857142857143,1.0,5.142857142857143,2.5714285714285716,2.5714285714285716,6.628571428571428,7.0,4.0,5.0,2.0,2.0,4.0,,,,True,True,UNKNOWN,False,False,,,,,,,,,,NPB,2019-05-18 14:00:00,1,,,0,
2019051804,2019-05-18 14:00:00,千葉ロッテマリーンズ,東北楽天ゴールデンイーグルス,4.0,6.0,UNKNOWN,ＺＯＺＯマリンスタジアム,unknown,low,False,False,1600005,1700145,[],[],,,,,0,light,2019-05-18 14:00:00+00:00,,UNKNOWN,,,,UNKNOWN,UNKNOWN,,UNKNOWN,,7.2,2.0,7.2,0.0,3.6,6.800000000000001,5.0,4.0,10.0,2.0,0.0,4.0,,,,1.5,0.8333333333333334,7.5,3.0,1.5,4.7,6.0,1.0,3.0,1.0,2.0,5.0,,,,True,True,UNKNOWN,False,False,,,,,,,,,,NPB,2019-05-18 14:00:00,1,,,0,
2019051805,2019-05-18 14:00:00,オリックス・バファローズ,埼玉西武ライオンズ,2.0,1.0,UNKNOWN,京セラドーム大阪,unknown,low,False,False,1600127,1700110,[],[],,,,,0,light,2019-05-18 14:00:00+00:00,,UNKNOWN,,,,UNKNOWN,UNKNOWN,,UNKNOWN,,0.0,0.8571428571428571,6.428571428571429,2.5714285714285716,0.0,2.628571428571429,7.0,0.0,4.0,0.0,2.0,5.0,,,,1.588235294117647,1.4117647058823528,9.529411764705882,7.941176470588235,0.0,3.7294117647058824,5.666666666666667,1.0,3.0,0.0,5.0,6.0,,,,True,True,UNKNOWN,False,False,,,,,,,,,,NPB,2019-05-18 14:00:00,1,,,0,
2019051801,2019-05-18 18:00:00,東京ヤクルトスワローズ,横浜DeNAベイスターズ,6.0,11.0,UNKNOWN,明治神宮野球場,unknown,low,False,False,1800043,12113,[],[],,,,,0,light,2019-05-18 18:00:00+00:00,,UNKNOWN,,,,UNKNOWN,UNKNOWN,,UNKNOWN,,4.764705882352941,1.2352941176470587,4.764705882352941,6.352941176470588,1.588235294117647,6.552941176470588,5.666666666666667,3.0,3.0,1.0,4.0,3.0,,,,10.384615384615385,1.3846153846153848,4.153846153846154,2.076923076923077,2.076923076923077,5.969230769230769,4.333333333333333,5.0,5.0,1.0,1.0,2.0,,,,True,True,UNKNOWN,False,False,,,,,,,,,,NPB,2019-05-18 18:00:00,1,,,0,
2019051905,2019-05-19 13:00:00,オリックス・バファローズ,埼玉西武ライオンズ,3.0,9.0,UNKNOWN,京セラドーム大阪,unknown,low,False,False,1800080,1900004,[],[],,,,,0,light,2019-05-19 13:00:00+00:00,,UNKNOWN,,,,UNKNOWN,UNKNOWN,,UNKNOWN,,3.6,1.2,1.8,3.6,0.0,4.0,5.0,2.0,4.0,0.0,2.0,1.0,,,,7.363636363636364,2.4545454545454546,2.4545454545454546,2.4545454545454546,0.0,3.472727272727273,3.6666666666666665,3.0,8.0,0.0,1.0,1.0,,,,True,True,UNKNOWN,False,False,,,,,,,,,,NPB,2019-05-19 13:00:00,1,,,0,
2019051902,2019-05-19 14:00:00,中日ドラゴンズ,読売ジャイアンツ,5.0,4.0,UNKNOWN,ナゴヤドーム,unknown,low,False,False,600008,1700104,[],[],,,,,0,light,2019-05-19 14:00:00+00:00,,UNKNOWN,,,,UNKNOWN,UNKNOWN,,UNKNOWN,,6.75,2.0625,10.125,1.6875,0.0,1.5125000000000002,5.333333333333333,4.0,10.0,0.0,1.0,6.0,,,,3.6,1.8,7.2,9.0,0.0,4.6,5.0,2.0,4.0,0.0,5.0,4.0,,,,True,True,UNKNOWN,False,False,,,,,,,,,,NPB,2019-05-19 14:00:00,1,,,0,
2019051903,2019-05-19 14:00:00,阪神タイガース,広島東洋カープ,1.0,5.0,UNKNOWN,阪神甲子園球場,unknown,low,False,False,1600125,900425,[],[],,,,,0,light,2019-05-19 14:00:00+00:00,,UNKNOWN,,,,UNKNOWN,UNKNOWN,,UNKNOWN,,0.0,0.8571428571428571,0.0,2.5714285714285716,0.0,4.057142857142857,7.0,0.0,4.0,0.0,2.0,0.0,,,,9.0,2.0,7.2,1.8,0.0,2.2,5.0,5.0,9.0,0.0,1.0,4.0,,,,True,True,UNKNOWN,False,False,,,,,,,,,,NPB,2019-05-19 14:00:00,1,,,0,
2019051904,2019-05-19 14:00:00,千葉ロッテマリーンズ,東北楽天ゴールデンイーグルス,5.0,10.0,UNKNOWN,ＺＯＺＯマリンスタジアム,unknown,low,False,False,1000096,1300050,[],[],,,,,0,light,2019-05-19 14:00:00+00:00,,UNKNOWN,,,,UNKNOWN,UNKNOWN,,UNKNOWN,,12.0,2.3333333333333335,0.0,12.0,6.0,15.866666666666667,3.0,4.0,3.0,2.0,4.0,0.0,,,,7.5,1.5,4.5,4.5,0.0,3.7,6.0,5.0,6.0,0.0,3.0,3.0,,,,True,True,UNKNOWN,False,False,,,,,,,,,,NPB,2019-05-19 14:00:00,1,,,0,
2019051906,2019-05-19 14:00:00,福岡ソフトバンクホークス,北海道日本ハムファイターズ,4.0,2.0,UNKNOWN,鹿児島県立鴨池野球場,unknown,low,False,False,1500109,1800013,[],[],,,,,0,light,2019-05-19 14:00:00+00:00,,UNKNOWN,,,,UNKNOWN,UNKNOWN,,UNKNOWN,,12.0,1.6666666666666667,0.0,0.0,9.0,16.2,3.0,4.0,5.0,3.0,0.0,0.0,,,,2.25,2.25,2.25,6.75,0.0,4.95,4.0,1.0,6.0,0.0,3.0,1.0,,,,True,True,UNKNOWN,False,False,,,,,,,,,,NPB,2019-05-19 14:00:00,1,,,0,
2019051901,2019-05-19 18:00:00,東京ヤクルトスワローズ,横浜DeNAベイスターズ,0.0,7.0,UNKNOWN,明治神宮野球場,excluded,high,False,False,1600081,1300045,[],[],,,,,0,light,2019-05-19 18:00:00+00:00,,UNKNOWN,,,,UNKNOWN,UNKNOWN,,UNKNOWN,,0.0,0.5555555555555556,8.0,3.0,0.0,2.4222222222222225,9.0,0.0,2.0,0.0,3.0,8.0,,,,9.0,1.6,12.6,3.6,3.6,6.800000000000001,5.0,5.0,6.0,2.0,2.0,7.0,,,,True,True,UNKNOWN,False,False,,,,,,,,,,NPB,2019-05-19 18:00:00,1,,,0,
2019052102,2019-05-21 18:00:00,阪神タイガース,東京ヤクルトスワローズ,3.0,2.0,UNKNOWN,阪神甲子園球場,unknown,low,False,False,1500040,1500090,[],[],,,,,0,light,2019-05-21 18:00:00+00:00,,UNKNOWN,,,,UNKNOWN,UNKNOWN,,UNKNOWN,,4.5,1.5,6.0,4.5,0.0,3.3666666666666667,6.0,3.0,6.0,0.0,3.0,4.0,,,,0.0,1.0,6.0,3.0,0.0,2.8666666666666667,6.0,0.0,4.0,0.0,2.0,4.0,,,,True,True,UNKNOWN,False,False,,,,,,,,,,NPB,2019-05-21 18:00:00,1,,,0,
2019052103,2019-05-21 18:00:00,広島東洋カープ,中日ドラゴンズ,3.0,2.0,UNKNOWN,みよし運動公園野球場,unknown,low,False,False,1000138,1100081,[],[],,,,,0,light,2019-05-21 18:00:00+00:00,,UNKNOWN,,,,UNKNOWN,UNKNOWN,,UNKNOWN,,2.5714285714285716,1.1428571428571428,6.428571428571429,0.0,0.0,1.7714285714285716,7.0,2.0,8.0,0.0,0.0,5.0,,,,0.0,0.42857142857142855,1.2857142857142858,0.0,0.0,2.9142857142857146,7.0,0.0,3.0,0.0,0.0,1.0,,,,True,True,UNKNOWN,False,False,,,,,,,,,,NPB,2019-05-21 18:00:00,1,,,0,
2019052104,2019-05-21 18:00:00,北海道日本ハムファイターズ,東北楽天ゴールデンイーグルス,3.0,13.0,UNKNOWN,札幌ドーム,excluded,high,False,False,1000154,500027,[],[],,,,,0,light,2019-05-21 18:00:00+00:00,,UNKNOWN,,,,UNKNOWN,UNKNOWN,,UNKNOWN,,3.0,1.0,1.5,3.0,0.0,3.8666666666666667,6.0,2.0,4.0,0.0,2.0,1.0,,,,9.0,3.0,6.0,6.0,0.0,3.8666666666666667,3.0,3.0,7.0,0.0,2.0,2.0,,,,True,True,UNKNOWN,False,False,,,,,,,,,,NPB,2019-05-21 18:00:00,1,,,0,
2019052106,2019-05-21 18:00:00,オリックス・バファローズ,千葉ロッテマリーンズ,4.0,8.0,UNKNOWN,京セラドーム大阪,unknown,low,False,False,500014,1200098,[],[],,,,,0,light,2019-05-21 18:00:00+00:00,,UNKNOWN,,,,UNKNOWN,UNKNOWN,,UNKNOWN,,6.0,1.5,3.0,1.5,1.5,5.2,6.0,4.0,8.0,1.0,1.0,2.0,,,,7.2,1.4,5.4,1.8,1.8,5.2,5.0,4.0,6.0,1.0,1.0,3.0,,,,True,True,UNKNOWN,False,False,,,,,,,,,,NPB,2019-05-21 18:00:00,1,,,0,
2019052105,2019-05-21 18:30:00,埼玉西武ライオンズ,福岡ソフトバンクホークス,7.0,6.0,UNKNOWN,沖縄セルラースタジアム那覇,unknown,low,False,False,1200106,1100089,[],[],,,,,0,light,2019-05-21 18:30:00+00:00,,UNKNOWN,,,,UNKNOWN,UNKNOWN,,UNKNOWN,,7.7142857142857135,2.142857142857143,7.7142857142857135,11.571428571428571,1.9285714285714284,8.128571428571428,4.666666666666667,4.0,4.0,1.0,6.0,4.0,,,,1.5,1.0,9.0,3.0,1.5,4.366666666666667,6.0,1.0,4.0,1.0,2.0,6.0,,,,True,True,UNKNOWN,False,False,,,,,,,,,,NPB,2019-05-21 18:30:00,1,,,0,
2019052201,2019-05-22 18:00:00,読売ジャイアンツ,横浜DeNAベイスターズ,1.0,5.0,UNKNOWN,東京ドーム,unknown,low,False,False,1700058,1800023,[],[],,,,,0,light,2019-05-22 18:00:00+00:00,,UNKNOWN,,,,UNKNOWN,UNKNOWN,,UNKNOWN,,1.6875,1.5,6.75,3.375,1.6875,5.2625,5.333333333333333,1.0,6.0,1.0,2.0,4.0,,,,6.75,1.75,9.0,4.5,2.25,5.95,4.0,3.0,5.0,1.0,2.0,4.0,,,,True,True,UNKNOWN,False,False,2019-05-22 09:00:00+00:00,,UNKNOWN,Open-Meteo Historical Forecast,FAIL_CLOSED_NO_ISSUANCE_TIMESTAMP,21.6,34.0,0.0,5.8,NPB,2019-05-22 18:00:00,1,,,0,
2019052202,2019-05-22 18:00:00,阪神タイガース,東京ヤクルトスワローズ,3.0,2.0,UNKNOWN,阪神甲子園球場,unknown,low,False,False,1500042,600089,[],[],,,,,0,light,2019-05-22 18:00:00+00:00,,UNKNOWN,,,,UNKNOWN,UNKNOWN,,UNKNOWN,,1.8,1.2,7.2,3.6,1.8,5.4,5.0,1.0,4.0,1.0,2.0,4.0,,,,1.5,1.8333333333333333,3.0,6.0,1.5,6.7,6.0,1.0,7.0,1.0,4.0,2.0,,,,True,True,UNKNOWN,False,False,,,,,,,,,,NPB,2019-05-22 18:00:00,1,,,0,
2019052203,2019-05-22 18:00:00,広島東洋カープ,中日ドラゴンズ,3.0,1.0,UNKNOWN,ＭＡＺＤＡ　Ｚｏｏｍ－Ｚｏｏｍ　スタジアム広島,unknown,low,False,False,1800130,1300057,[],[],,,,,0,light,2019-05-22 18:00:00+00:00,,UNKNOWN,,,,UNKNOWN,UNKNOWN,,UNKNOWN,,3.6,2.0,5.4,1.8,1.8,5.2,5.0,2.0,9.0,1.0,1.0,3.0,,,,1.0,0.3333333333333333,8.0,0.0,0.0,1.4222222222222225,9.0,1.0,3.0,0.0,0.0,8.0,,,,True,True,UNKNOWN,False,False,,,,,,,,,,NPB,2019-05-22 18:00:00,1,,,0,
2019052204,2019-05-22 18:00:00,北海道日本ハムファイターズ,東北楽天ゴールデンイーグルス,3.0,5.0,UNKNOWN,札幌ドーム,unknown,low,False,False,1300087,1400117,[],[],,,,,0,light,2019-05-22 18:00:00+00:00,,UNKNOWN,,,,UNKNOWN,UNKNOWN,,UNKNOWN,,5.4,1.8,5.4,10.8,0.0,5.6,5.0,3.0,3.0,0.0,6.0,3.0,,,,6.0,1.8333333333333333,7.5,3.0,3.0,6.866666666666667,6.0,4.0,9.0,2.0,2.0,5.0,,,,True,True,UNKNOWN,False,False,,,,,,,,,,NPB,2019-05-22 18:00:00,1,,,0,
2019052206,2019-05-22 18:00:00,オリックス・バファローズ,千葉ロッテマリーンズ,5.0,4.0,UNKNOWN,京セラドーム大阪,unknown,low,False,False,1400190,1600160,[],[],,,,,0,light,2019-05-22 18:00:00+00:00,,UNKNOWN,,,,UNKNOWN,UNKNOWN,,UNKNOWN,,1.6875,0.9375,0.0,1.6875,0.0,3.7625,5.333333333333333,1.0,4.0,0.0,1.0,0.0,,,,4.5,1.1666666666666667,7.5,6.0,3.0,7.866666666666667,6.0,3.0,3.0,2.0,4.0,5.0,,,,True,True,UNKNOWN,False,False,,,,,,,,,,NPB,2019-05-22 18:00:00,1,,,0,
2019052205,2019-05-22 18:30:00,埼玉西武ライオンズ,福岡ソフトバンクホークス,7.0,3.0,UNKNOWN,沖縄セルラースタジアム那覇,unknown,low,False,False,1700137,1400182,[],[],,,,,0,light,2019-05-22 18:30:00+00:00,,UNKNOWN,,,,UNKNOWN,UNKNOWN,,UNKNOWN,,7.7142857142857135,2.7857142857142856,5.785714285714286,1.9285714285714284,0.0,2.5571428571428574,4.666666666666667,4.0,12.0,0.0,1.0,3.0,,,,2.5714285714285716,1.1428571428571428,10.285714285714286,1.2857142857142858,0.0,1.342857142857143,7.0,2.0,7.0,0.0,1.0,8.0,,,,True,True,UNKNOWN,False,False,,,,,,,,,,NPB,2019-05-22 18:30:00,1,,,0,
2019052301,2019-05-23 18:00:00,読売ジャイアンツ,横浜DeNAベイスターズ,7.0,4.0,UNKNOWN,東京ドーム,unknown,low,False,False,1800045,1100038,[],[],,,,,0,light,2019-05-23 18:00:00+00:00,,UNKNOWN,,,,UNKNOWN,UNKNOWN,,UNKNOWN,,16.2,3.0,5.3999999999999995,0.0,0.0,2.0,3.3333333333333335,6.0,10.0,0.0,0.0,2.0,,,,6.230769230769231,2.307692307692308,10.384615384615385,6.230769230769231,2.076923076923077,5.969230769230769,4.333333333333333,3.0,7.0,1.0,3.0,5.0,,,,True,True,UNKNOWN,False,False,2019-05-23 09:00:00+00:00,,UNKNOWN,Open-Meteo Historical Forecast,FAIL_CLOSED_NO_ISSUANCE_TIMESTAMP,23.2,37.0,0.0,7.6,NPB,2019-05-23 18:00:00,1,,,0,
2019052302,2019-05-23 18:00:00,阪神タイガース,東京ヤクルトスワローズ,1.0,0.0,UNKNOWN,阪神甲子園球場,unknown,low,False,False,1600174,1700078,[],[],,,,,0,light,2019-05-23 18:00:00+00:00,,UNKNOWN,,,,UNKNOWN,UNKNOWN,,UNKNOWN,,0.0,1.0,6.0,0.0,0.0,1.866666666666667,6.0,0.0,6.0,0.0,0.0,4.0,,,,0.0,0.8333333333333334,10.5,1.5,0.0,1.366666666666667,6.0,0.0,4.0,0.0,1.0,7.0,,,,True,True,UNKNOWN,False,False,,,,,,,,,,NPB,2019-05-23 18:00:00,1,,,0,
2019052303,2019-05-23 18:00:00,北海道日本ハムファイターズ,東北楽天ゴールデンイーグルス,11.0,2.0,UNKNOWN,札幌ドーム,unknown,low,False,False,900090,1300094,[],[],,,,,0,light,2019-05-23 18:00:00+00:00,,UNKNOWN,,,,UNKNOWN,UNKNOWN,,UNKNOWN,,9.0,2.0,5.4,5.4,3.6,9.0,5.0,5.0,7.0,2.0,3.0,3.0,,,,1.8,1.0,7.2,1.8,0.0,2.2,5.0,1.0,4.0,0.0,1.0,4.0,,,,True,True,UNKNOWN,False,False,,,,,,,,,,NPB,2019-05-23 18:00:00,1,,,0,
2019052401,2019-05-24 18:00:00,読売ジャイアンツ,広島東洋カープ,3.0,8.0,UNKNOWN,東京ドーム,unknown,low,False,False,1600123,1800005,[],[],,,,,0,light,2019-05-24 18:00:00+00:00,,UNKNOWN,,,,UNKNOWN,UNKNOWN,,UNKNOWN,,5.4,1.4,7.2,0.0,5.4,9.4,5.0,3.0,7.0,3.0,0.0,4.0,,,,7.2,0.8,5.4,0.0,3.6,7.2,5.0,4.0,4.0,2.0,0.0,3.0,,,,True,True,UNKNOWN,False,False,2019-05-24 09:00:00+00:00,,UNKNOWN,Open-Meteo Historical Forecast,FAIL_CLOSED_NO_ISSUANCE_TIMESTAMP,26.4,36.0,0.0,5.2,NPB,2019-05-24 18:00:00,1,,,0,
2019052402,2019-05-24 18:00:00,東京ヤクルトスワローズ,中日ドラゴンズ,1.0,6.0,UNKNOWN,明治神宮野球場,unknown,low,False,False,1800061,1200076,[],[],,,,,0,light,2019-05-24 18:00:00+00:00,,UNKNOWN,,,,UNKNOWN,UNKNOWN,,UNKNOWN,,1.3499999999999999,0.8999999999999999,6.75,4.05,1.3499999999999999,5.0,6.666666666666667,1.0,3.0,1.0,3.0,5.0,,,,3.0,1.3333333333333333,12.0,3.0,0.0,1.5333333333333334,6.0,2.0,6.0,0.0,2.0,8.0,,,,True,True,UNKNOWN,False,False,,,,,,,,,,NPB,2019-05-24 18:00:00,1,,,0,
2019052403,2019-05-24 18:00:00,横浜DeNAベイスターズ,阪神タイガース,2.0,3.0,UNKNOWN,横浜スタジアム,unknown,low,False,False,900062,1500061,[],[],,,,,0,light,2019-05-24 18:00:00+00:00,,UNKNOWN,,,,UNKNOWN,UNKNOWN,,UNKNOWN,,3.6,1.6,5.4,3.6,1.8,5.800000000000001,5.0,2.0,6.0,1.0,2.0,3.0,,,,3.857142857142857,1.5714285714285714,2.5714285714285716,6.428571428571429,0.0,4.771428571428571,7.0,3.0,6.0,0.0,5.0,2.0,,,,True,True,UNKNOWN,False,False,,,,,,,,,,NPB,2019-05-24 18:00:00,1,,,0,
2019052404,2019-05-24 18:00:00,東北楽天ゴールデンイーグルス,オリックス・バファローズ,3.0,2.0,UNKNOWN,楽天生命パーク宮城,unknown,low,False,False,1600150,1000155,[],[],,,,,0,light,2019-05-24 18:00:00+00:00,,UNKNOWN,,,,UNKNOWN,UNKNOWN,,UNKNOWN,,3.375,0.875,10.125,2.25,0.0,1.7000000000000002,8.0,3.0,5.0,0.0,2.0,9.0,,,,3.0,1.0,7.5,0.0,0.0,1.5333333333333334,6.0,2.0,6.0,0.0,0.0,5.0,,,,True,True,UNKNOWN,False,False,,,,,,,,,,NPB,2019-05-24 18:00:00,1,,,0,
2019052405,2019-05-24 18:00:00,埼玉西武ライオンズ,北海道日本ハムファイターズ,10.0,5.0,UNKNOWN,メットライフドーム,unknown,low,False,False,1500110,1000143,[],[],,,,,0,light,2019-05-24 18:00:00+00:00,,UNKNOWN,,,,UNKNOWN,UNKNOWN,,UNKNOWN,,10.384615384615385,1.8461538461538463,6.230769230769231,2.076923076923077,2.076923076923077,5.507692307692308,4.333333333333333,5.0,7.0,1.0,1.0,3.0,,,,9.0,1.4,3.6,0.0,1.8,5.0,5.0,5.0,7.0,1.0,0.0,2.0,,,,True,True,UNKNOWN,False,False,,,,,,,,,,NPB,2019-05-24 18:00:00,1,,,0,
2019052406,2019-05-24 18:15:00,千葉ロッテマリーンズ,福岡ソフトバンクホークス,3.0,6.0,UNKNOWN,ＺＯＺＯマリンスタジアム,unknown,low,False,False,1000174,1300055,[],[],,,,,0,light,2019-05-24 18:15:00+00:00,,UNKNOWN,,,,UNKNOWN,UNKNOWN,,UNKNOWN,,2.25,0.625,10.125,1.125,0.0,1.3250000000000002,8.0,2.0,4.0,0.0,1.0,9.0,,,,3.857142857142857,1.5714285714285714,7.714285714285714,2.5714285714285716,1.2857142857142858,4.2,7.0,3.0,9.0,1.0,2.0,6.0,,,,True,True,UNKNOWN,False,False,,,,,,,,,,NPB,2019-05-24 18:15:00,1,,,0,
2019052501,2019-05-25 14:00:00,読売ジャイアンツ,広島東洋カープ,5.0,7.0,UNKNOWN,東京ドーム,unknown,low,False,False,1500007,1700002,[],[],,,,,0,light,2019-05-25 14:00:00+00:00,,UNKNOWN,,,,UNKNOWN,UNKNOWN,,UNKNOWN,,5.142857142857143,0.8571428571428571,6.428571428571429,1.2857142857142858,2.5714285714285716,5.914285714285715,7.0,4.0,5.0,2.0,1.0,5.0,,,,10.799999999999999,3.3,5.3999999999999995,5.3999999999999995,2.6999999999999997,7.7,3.3333333333333335,4.0,9.0,1.0,2.0,2.0,,,,True,True,UNKNOWN,False,False,2019-05-25 05:00:00+00:00,,UNKNOWN,Open-Meteo Historical Forecast,FAIL_CLOSED_NO_ISSUANCE_TIMESTAMP,29.4,29.0,0.0,10.1,NPB,2019-05-25 14:00:00,1,,,0,
2019052503,2019-05-25 14:00:00,横浜DeNAベイスターズ,阪神タイガース,6.0,5.0,UNKNOWN,横浜スタジアム,unknown,low,False,False,500502,1800043,[],[],,,,,0,light,2019-05-25 14:00:00+00:00,,UNKNOWN,,,,UNKNOWN,UNKNOWN,,UNKNOWN,,9.529411764705882,2.4705882352941173,6.352941176470588,12.705882352941176,0.0,6.023529411764706,5.666666666666667,6.0,6.0,0.0,8.0,4.0,,,,4.5,0.875,2.25,1.125,1.125,4.7,8.0,4.0,6.0,1.0,1.0,2.0,,,,True,True,UNKNOWN,False,False,,,,,,,,,,NPB,2019-05-25 14:00:00,1,,,0,
2019052504,2019-05-25 14:00:00,東北楽天ゴールデンイーグルス,オリックス・バファローズ,1.0,4.0,UNKNOWN,楽天生命パーク宮城,excluded,high,False,False,400048,700065,[],[],,,,,0,light,2019-05-25 14:00:00+00:00,,UNKNOWN,,,,UNKNOWN,UNKNOWN,,UNKNOWN,,1.588235294117647,0.5294117647058824,7.941176470588235,0.0,1.588235294117647,3.7294117647058824,5.666666666666667,1.0,3.0,1.0,0.0,5.0,,,,1.2857142857142858,0.7142857142857143,7.714285714285714,2.5714285714285716,1.2857142857142858,4.2,7.0,1.0,3.0,1.0,2.0,6.0,,,,True,True,UNKNOWN,False,False,,,,,,,,,,NPB,2019-05-25 14:00:00,1,,,0,
2019052505,2019-05-25 14:00:00,埼玉西武ライオンズ,北海道日本ハムファイターズ,7.0,5.0,UNKNOWN,メットライフドーム,unknown,low,False,False,1800141,1500099,[],[],,,,,0,light,2019-05-25 14:00:00+00:00,,UNKNOWN,,,,UNKNOWN,UNKNOWN,,UNKNOWN,,45.0,7.0,9.0,9.0,18.0,30.2,1.0,5.0,6.0,2.0,1.0,1.0,,,,12.272727272727273,2.181818181818182,4.909090909090909,7.363636363636364,0.0,4.563636363636364,3.6666666666666665,5.0,5.0,0.0,3.0,2.0,,,,True,True,UNKNOWN,False,False,,,,,,,,,,NPB,2019-05-25 14:00:00,1,,,0,
2019052506,2019-05-25 14:00:00,千葉ロッテマリーンズ,福岡ソフトバンクホークス,4.0,3.0,UNKNOWN,ＺＯＺＯマリンスタジアム,unknown,low,False,False,1700130,1700145,[],[],,,,,0,light,2019-05-25 14:00:00+00:00,,UNKNOWN,,,,UNKNOWN,UNKNOWN,,UNKNOWN,,4.2631578947368425,1.736842105263158,4.2631578947368425,7.105263157894737,1.4210526315789473,6.673684210526316,6.333333333333333,3.0,6.0,1.0,5.0,3.0,,,,1.6875,1.875,8.4375,8.4375,1.6875,6.575,5.333333333333333,1.0,5.0,1.0,5.0,5.0,,,,True,True,UNKNOWN,False,False,,,,,,,,,,NPB,2019-05-25 14:00:00,1,,,0,
2019052502,2019-05-25 18:00:00,東京ヤクルトスワローズ,中日ドラゴンズ,3.0,10.0,UNKNOWN,明治神宮野球場,unknown,low,False,False,1600106,12113,[],[],,,,,0,light,2019-05-25 18:00:00+00:00,,UNKNOWN,,,,UNKNOWN,UNKNOWN,,UNKNOWN,,3.6,1.6,5.4,3.6,3.6,8.4,5.0,2.0,6.0,2.0,2.0,3.0,,,,4.5,1.75,2.25,0.0,2.25,5.95,4.0,2.0,7.0,1.0,0.0,1.0,,,,True,True,UNKNOWN,False,False,,,,,,,,,,NPB,2019-05-25 18:00:00,1,,,0,
2019052603,2019-05-26 13:00:00,横浜DeNAベイスターズ,阪神タイガース,0.0,7.0,UNKNOWN,横浜スタジアム,unknown,low,False,False,1700154,1600081,[],[],,,,,0,light,2019-05-26 13:00:00+00:00,,UNKNOWN,,,,UNKNOWN,UNKNOWN,,UNKNOWN,,0.0,0.5555555555555556,6.0,1.0,0.0,2.2,9.0,0.0,4.0,0.0,1.0,6.0,,,,21.6,3.6000000000000005,5.4,5.4,16.200000000000003,27.200000000000003,1.6666666666666665,4.0,5.0,3.0,1.0,1.0,,,,True,True,UNKNOWN,False,False,,,,,,,,,,NPB,2019-05-26 13:00:00,1,,,0,
2019052604,2019-05-26 13:00:00,東北楽天ゴールデンイーグルス,オリックス・バファローズ,4.0,1.0,UNKNOWN,楽天生命パーク宮城,unknown,low,False,False,1700110,1600005,[],[],,,,,0,light,2019-05-26 13:00:00+00:00,,UNKNOWN,,,,UNKNOWN,UNKNOWN,,UNKNOWN,,5.4,1.8,10.8,7.2,0.0,3.2,5.0,3.0,5.0,0.0,4.0,6.0,,,,1.8,0.8,3.6,1.8,1.8,5.6,5.0,1.0,3.0,1.0,1.0,2.0,,,,True,True,UNKNOWN,False,False,,,,,,,,,,NPB,2019-05-26 13:00:00,1,,,0,
2019052605,2019-05-26 13:00:00,埼玉西武ライオンズ,北海道日本ハムファイターズ,5.0,6.0,UNKNOWN,メットライフドーム,unknown,low,False,False,1100099,1800080,[],[],,,,,0,light,2019-05-26 13:00:00+00:00,,UNKNOWN,,,,UNKNOWN,UNKNOWN,,UNKNOWN,,0.0,1.0,5.142857142857143,2.5714285714285716,0.0,2.9142857142857146,7.0,0.0,5.0,0.0,2.0,4.0,,,,3.176470588235294,1.588235294117647,9.529411764705882,4.764705882352941,1.588235294117647,4.964705882352941,5.666666666666667,2.0,6.0,1.0,3.0,6.0,,,,True,True,UNKNOWN,False,False,,,,,,,,,,NPB,2019-05-26 13:00:00,1,,,0,
2019052601,2019-05-26 14:00:00,読売ジャイアンツ,広島東洋カープ,5.0,4.0,UNKNOWN,東京ドーム,unknown,low,False,False,1600125,600008,[],[],,,,,0,light,2019-05-26 14:00:00+00:00,,UNKNOWN,,,,UNKNOWN,UNKNOWN,,UNKNOWN,,7.2,1.6,7.2,1.8,3.6,7.4,5.0,4.0,7.0,2.0,1.0,4.0,,,,1.5,1.3333333333333333,12.0,1.5,0.0,1.0333333333333337,6.0,1.0,7.0,0.0,1.0,8.0,,,,True,True,UNKNOWN,False,False,2019-05-26 05:00:00+00:00,,UNKNOWN,Open-Meteo Historical Forecast,FAIL_CLOSED_NO_ISSUANCE_TIMESTAMP,29.4,42.0,0.0,8.7,NPB,2019-05-26 14:00:00,1,,,0,
2019052606,2019-05-26 14:00:00,千葉ロッテマリーンズ,福岡ソフトバンクホークス,8.0,2.0,UNKNOWN,ＺＯＺＯマリンスタジアム,unknown,low,False,False,1800013,1300050,[],[],,,,,0,light,2019-05-26 14:00:00+00:00,,UNKNOWN,,,,UNKNOWN,UNKNOWN,,UNKNOWN,,18.0,4.0,4.5,9.0,4.5,11.7,2.0,4.0,6.0,1.0,2.0,1.0,,,,2.8421052631578947,1.4210526315789473,7.105263157894737,2.8421052631578947,0.0,2.568421052631579,6.333333333333333,2.0,7.0,0.0,2.0,5.0,,,,True,True,UNKNOWN,False,False,,,,,,,,,,NPB,2019-05-26 14:00:00,1,,,0,
2019052602,2019-05-26 18:00:00,東京ヤクルトスワローズ,中日ドラゴンズ,8.0,10.0,UNKNOWN,明治神宮野球場,unknown,low,False,False,1700104,1300045,[],[],,,,,0,light,2019-05-26 18:00:00+00:00,,UNKNOWN,,,,UNKNOWN,UNKNOWN,,UNKNOWN,,18.0,2.6666666666666665,12.0,3.0,9.0,14.533333333333335,3.0,6.0,7.0,3.0,1.0,4.0,,,,16.2,2.2,14.4,3.6,7.2,11.600000000000001,5.0,9.0,9.0,4.0,2.0,8.0,,,,True,True,UNKNOWN,False,False,,,,,,,,,,NPB,2019-05-26 18:00:00,1,,,0,
2019052801,2019-05-28 18:00:00,東京ヤクルトスワローズ,広島東洋カープ,7.0,8.0,UNKNOWN,明治神宮野球場,unknown,low,False,False,1100081,1500040,[],[],,,,,0,light,2019-05-28 18:00:00+00:00,,UNKNOWN,,,,UNKNOWN,UNKNOWN,,UNKNOWN,,16.2,2.4,8.1,2.6999999999999997,5.3999999999999995,10.1,3.3333333333333335,6.0,7.0,2.0,1.0,3.0,,,,16.2,3.5999999999999996,8.1,2.6999999999999997,2.6999999999999997,6.2,3.3333333333333335,6.0,11.0,1.0,1.0,3.0,,,,True,True,UNKNOWN,False,False,,,,,,,,,,NPB,2019-05-28 18:00:00,1,,,0,
2019052804,2019-05-28 18:00:00,北海道日本ハムファイターズ,千葉ロッテマリーンズ,4.0,3.0,UNKNOWN,札幌ドーム,unknown,low,False,False,500014,500027,[],[],,,,,0,light,2019-05-28 18:00:00+00:00,,UNKNOWN,,,,UNKNOWN,UNKNOWN,,UNKNOWN,,6.0,1.6666666666666667,10.5,1.5,0.0,1.366666666666667,6.0,4.0,9.0,0.0,1.0,7.0,,,,4.764705882352941,1.0588235294117647,3.176470588235294,3.176470588235294,1.588235294117647,5.847058823529412,5.666666666666667,3.0,4.0,1.0,2.0,2.0,,,,True,True,UNKNOWN,False,False,,,,,,,,,,NPB,2019-05-28 18:00:00,1,,,0,
2019052805,2019-05-28 18:00:00,東北楽天ゴールデンイーグルス,埼玉西武ライオンズ,7.0,2.0,UNKNOWN,岩手県営野球場,unknown,low,False,False,1600127,1000154,[],[],,,,,0,light,2019-05-28 18:00:00+00:00,,UNKNOWN,,,,UNKNOWN,UNKNOWN,,UNKNOWN,,5.684210526315789,1.2631578947368423,8.526315789473685,5.684210526315789,1.4210526315789473,5.252631578947369,6.333333333333333,4.0,4.0,1.0,4.0,6.0,,,,2.5714285714285716,0.7142857142857143,10.285714285714286,0.0,2.5714285714285716,4.628571428571429,7.0,2.0,5.0,2.0,0.0,8.0,,,,True,True,UNKNOWN,False,False,,,,,,,,,,NPB,2019-05-28 18:00:00,1,,,0,
2019052806,2019-05-28 18:00:00,オリックス・バファローズ,福岡ソフトバンクホークス,3.0,1.0,UNKNOWN,京セラドーム大阪,excluded,high,False,False,900100,1600153,[],[],,,,,0,light,2019-05-28 18:00:00+00:00,,UNKNOWN,,,,UNKNOWN,UNKNOWN,,UNKNOWN,,2.25,1.75,0.0,6.75,0.0,5.45,4.0,1.0,4.0,0.0,3.0,0.0,,,,0.0,1.1428571428571428,11.571428571428571,2.5714285714285716,0.0,1.485714285714286,7.0,0.0,6.0,0.0,2.0,9.0,,,,True,True,UNKNOWN,False,False,,,,,,,,,,NPB,2019-05-28 18:00:00,1,,,0,
2019052901,2019-05-29 18:00:00,東京ヤクルトスワローズ,広島東洋カープ,3.0,5.0,UNKNOWN,明治神宮野球場,unknown,low,False,False,1300057,1500042,[],[],,,,,0,light,2019-05-29 18:00:00+00:00,,UNKNOWN,,,,UNKNOWN,UNKNOWN,,UNKNOWN,,3.857142857142857,0.7142857142857143,5.142857142857143,0.0,1.2857142857142858,3.9142857142857146,7.0,3.0,5.0,1.0,0.0,4.0,,,,9.642857142857142,2.357142857142857,9.642857142857142,7.7142857142857135,1.9285714285714284,6.414285714285715,4.666666666666667,5.0,7.0,1.0,4.0,5.0,,,,True,True,UNKNOWN,False,False,,,,,,,,,,NPB,2019-05-29 18:00:00,1,,,0,
2019052902,2019-05-29 18:00:00,中日ドラゴンズ,横浜DeNAベイスターズ,1.0,2.0,UNKNOWN,ナゴヤドーム,unknown,low,False,False,1300031,1000138,[],[],,,,,0,light,2019-05-29 18:00:00+00:00,,UNKNOWN,,,,UNKNOWN,UNKNOWN,,UNKNOWN,,1.5,0.5,6.0,0.0,0.0,1.866666666666667,6.0,1.0,3.0,0.0,0.0,4.0,,,,1.125,0.875,7.875,1.125,0.0,1.8250000000000002,8.0,1.0,6.0,0.0,1.0,7.0,,,,True,True,UNKNOWN,False,False,,,,,,,,,,NPB,2019-05-29 18:00:00,1,,,0,
2019052903,2019-05-29 18:00:00,阪神タイガース,読売ジャイアンツ,8.0,4.0,UNKNOWN,阪神甲子園球場,unknown,low,False,False,1100038,1500090,[],[],,,,,0,light,2019-05-29 18:00:00+00:00,,UNKNOWN,,,,UNKNOWN,UNKNOWN,,UNKNOWN,,3.0,1.3333333333333333,7.5,1.5,0.0,2.033333333333333,6.0,2.0,7.0,0.0,1.0,5.0,,,,5.4,1.8,3.6,1.8,3.6,8.2,5.0,3.0,8.0,2.0,1.0,2.0,,,,True,True,UNKNOWN,False,False,,,,,,,,,,NPB,2019-05-29 18:00:00,1,,,0,
2019052904,2019-05-29 18:00:00,北海道日本ハムファイターズ,千葉ロッテマリーンズ,6.0,4.0,UNKNOWN,札幌ドーム,unknown,low,False,False,1400190,1500115,[],[],,,,,0,light,2019-05-29 18:00:00+00:00,,UNKNOWN,,,,UNKNOWN,UNKNOWN,,UNKNOWN,,0.0,1.1666666666666667,7.5,4.5,0.0,3.0333333333333337,6.0,0.0,4.0,0.0,3.0,5.0,,,,1.8,1.2,9.0,1.8,1.8,4.4,5.0,1.0,5.0,1.0,1.0,5.0,,,,True,True,UNKNOWN,False,False,,,,,,,,,,NPB,2019-05-29 18:00:00,1,,,0,
2019052905,2019-05-29 18:00:00,東北楽天ゴールデンイーグルス,埼玉西武ライオンズ,1.0,4.0,UNKNOWN,弘前市運動公園野球場,unknown,low,False,False,1100089,1300087,[],[],,,,,0,light,2019-05-29 18:00:00+00:00,,UNKNOWN,,,,UNKNOWN,UNKNOWN,,UNKNOWN,,1.5,1.5,10.5,6.0,0.0,2.8666666666666667,6.0,1.0,5.0,0.0,4.0,7.0,,,,4.5,1.5,4.5,4.5,1.5,5.866666666666667,6.0,3.0,6.0,1.0,3.0,3.0,,,,True,True,UNKNOWN,False,False,,,,,,,,,,NPB,2019-05-29 18:00:00,1,,,0,
2019052906,2019-05-29 18:00:00,オリックス・バファローズ,福岡ソフトバンクホークス,2.0,5.0,UNKNOWN,京セラドーム大阪,unknown,low,False,False,1700137,1200098,[],[],,,,,0,light,2019-05-29 18:00:00+00:00,,UNKNOWN,,,,UNKNOWN,UNKNOWN,,UNKNOWN,,3.0,1.3333333333333333,3.0,0.0,0.0,2.5333333333333337,6.0,2.0,8.0,0.0,0.0,2.0,,,,3.0,1.6666666666666667,3.0,1.5,0.0,3.0333333333333337,6.0,2.0,9.0,0.0,1.0,2.0,,,,True,True,UNKNOWN,False,False,,,,,,,,,,NPB,2019-05-29 18:00:00,1,,,0,
2019053001,2019-05-30 18:00:00,東京ヤクルトスワローズ,広島東洋カープ,0.0,13.0,UNKNOWN,明治神宮野球場,unknown,low,False,False,1700069,1200076,[],[],,,,,0,light,2019-05-30 18:00:00+00:00,,UNKNOWN,,,,UNKNOWN,UNKNOWN,,UNKNOWN,,0.0,0.2857142857142857,10.285714285714286,1.2857142857142858,0.0,1.342857142857143,7.0,0.0,1.0,0.0,1.0,8.0,,,,14.53846153846154,3.0,10.384615384615385,8.307692307692308,2.076923076923077,6.661538461538462,4.333333333333333,7.0,9.0,1.0,4.0,5.0,,,,True,True,UNKNOWN,False,False,,,,,,,,,,NPB,2019-05-30 18:00:00,1,,,0,
2019053002,2019-05-30 18:00:00,中日ドラゴンズ,横浜DeNAベイスターズ,1.0,8.0,UNKNOWN,ナゴヤドーム,unknown,low,False,False,1700058,1800061,[],[],,,,,0,light,2019-05-30 18:00:00+00:00,,UNKNOWN,,,,UNKNOWN,UNKNOWN,,UNKNOWN,,1.2857142857142858,0.8571428571428571,12.857142857142858,1.2857142857142858,0.0,0.7714285714285718,7.0,1.0,5.0,0.0,1.0,10.0,,,,17.181818181818183,3.272727272727273,2.4545454545454546,7.363636363636364,2.4545454545454546,8.654545454545456,3.6666666666666665,7.0,9.0,1.0,3.0,1.0,,,,True,True,UNKNOWN,False,False,,,,,,,,,,NPB,2019-05-30 18:00:00,1,,,0,
2019053003,2019-05-30 18:00:00,阪神タイガース,読売ジャイアンツ,5.0,2.0,UNKNOWN,阪神甲子園球場,unknown,low,False,False,1800005,1700078,[],[],,,,,0,light,2019-05-30 18:00:00+00:00,,UNKNOWN,,,,UNKNOWN,UNKNOWN,,UNKNOWN,,7.363636363636364,2.181818181818182,2.4545454545454546,12.272727272727273,2.4545454545454546,10.290909090909091,3.6666666666666665,3.0,3.0,1.0,5.0,1.0,,,,2.5714285714285716,0.8571428571428571,11.571428571428571,2.5714285714285716,1.2857142857142858,3.342857142857143,7.0,2.0,4.0,1.0,2.0,9.0,,,,True,True,UNKNOWN,False,False,,,,,,,,,,NPB,2019-05-30 18:00:00,1,,,0,
2019053004,2019-05-30 18:00:00,北海道日本ハムファイターズ,千葉ロッテマリーンズ,8.0,0.0,UNKNOWN,札幌ドーム,unknown,low,False,False,1600146,1400117,[],[],,,,,0,light,2019-05-30 18:00:00+00:00,,UNKNOWN,,,,UNKNOWN,UNKNOWN,,UNKNOWN,,15.75,3.0,18.0,2.25,4.5,6.45,4.0,7.0,11.0,2.0,1.0,8.0,,,,0.0,0.4444444444444444,13.0,0.0,0.0,0.31111111111111134,9.0,0.0,4.0,0.0,0.0,13.0,,,,True,True,UNKNOWN,False,False,,,,,,,,,,NPB,2019-05-30 18:00:00,1,,,0,
2019053005,2019-05-30 18:00:00,オリックス・バファローズ,福岡ソフトバンクホークス,4.0,5.0,UNKNOWN,京セラドーム大阪,unknown,low,False,False,1800111,1600160,[],[],,,,,0,light,2019-05-30 18:00:00+00:00,,UNKNOWN,,,,UNKNOWN,UNKNOWN,,UNKNOWN,,6.0,2.0,18.0,6.0,3.0,5.533333333333333,3.0,2.0,4.0,1.0,2.0,6.0,,,,3.0,1.1666666666666667,9.0,6.0,1.5,5.366666666666667,6.0,2.0,3.0,1.0,4.0,6.0,,,,True,True,UNKNOWN,False,False,,,,,,,,,,NPB,2019-05-30 18:00:00,1,,,0,
2019053101,2019-05-31 18:00:00,読売ジャイアンツ,中日ドラゴンズ,3.0,7.0,UNKNOWN,東京ドーム,unknown,low,False,False,1600106,1800023,[],[],,,,,0,light,2019-05-31 18:00:00+00:00,,UNKNOWN,,,,UNKNOWN,UNKNOWN,,UNKNOWN,,4.5,1.3333333333333333,9.0,4.5,1.5,4.866666666666667,6.0,3.0,5.0,1.0,3.0,6.0,,,,11.25,2.0,2.25,4.5,4.5,10.7,4.0,5.0,6.0,2.0,2.0,1.0,,,,True,True,UNKNOWN,False,False,2019-05-31 09:00:00+00:00,,UNKNOWN,Open-Meteo Historical Forecast,FAIL_CLOSED_NO_ISSUANCE_TIMESTAMP,21.3,71.0,0.0,5.5,NPB,2019-05-31 18:00:00,1,,,0,
2019053102,2019-05-31 18:00:00,横浜DeNAベイスターズ,東京ヤクルトスワローズ,3.0,2.0,UNKNOWN,横浜スタジアム,unknown,low,False,False,1600174,1500061,[],[],,,,,0,light,2019-05-31 18:00:00+00:00,,UNKNOWN,,,,UNKNOWN,UNKNOWN,,UNKNOWN,,1.5,0.6666666666666666,1.5,1.5,1.5,5.533333333333333,6.0,1.0,3.0,1.0,1.0,1.0,,,,0.0,0.8571428571428571,14.142857142857142,3.857142857142857,0.0,1.342857142857143,7.0,0.0,3.0,0.0,3.0,11.0,,,,True,True,UNKNOWN,False,False,,,,,,,,,,NPB,2019-05-31 18:00:00,1,,,0,
2019053103,2019-05-31 18:00:00,広島東洋カープ,阪神タイガース,2.0,1.0,UNKNOWN,ＭＡＺＤＡ　Ｚｏｏｍ－Ｚｏｏｍ　スタジアム広島,unknown,low,False,False,900062,1600123,[],[],,,,,0,light,2019-05-31 18:00:00+00:00,,UNKNOWN,,,,UNKNOWN,UNKNOWN,,UNKNOWN,,1.2857142857142858,1.1428571428571428,7.714285714285714,2.5714285714285716,0.0,2.342857142857143,7.0,1.0,6.0,0.0,2.0,6.0,,,,0.0,0.7142857142857143,6.428571428571429,0.0,0.0,1.7714285714285716,7.0,0.0,5.0,0.0,0.0,5.0,,,,True,True,UNKNOWN,False,False,,,,,,,,,,NPB,2019-05-31 18:00:00,1,,,0,
2019053105,2019-05-31 18:00:00,オリックス・バファローズ,北海道日本ハムファイターズ,0.0,4.0,UNKNOWN,京セラドーム大阪,unknown,low,False,False,1500110,1600150,[],[],,,,,0,light,2019-05-31 18:00:00+00:00,,UNKNOWN,,,,UNKNOWN,UNKNOWN,,UNKNOWN,,0.0,0.42857142857142855,5.142857142857143,2.5714285714285716,0.0,2.9142857142857146,7.0,0.0,1.0,0.0,2.0,4.0,,,,1.2272727272727273,1.3636363636363638,3.681818181818182,2.4545454545454546,0.0,3.2,7.333333333333333,1.0,8.0,0.0,2.0,3.0,,,,True,True,UNKNOWN,False,False,,,,,,,,,,NPB,2019-05-31 18:00:00,1,,,0,
2019053106,2019-05-31 18:00:00,福岡ソフトバンクホークス,東北楽天ゴールデンイーグルス,1.0,3.0,UNKNOWN,福岡 ヤフオク!ドーム,unknown,low,False,False,900090,1000174,[],[],,,,,0,light,2019-05-31 18:00:00+00:00,,UNKNOWN,,,,UNKNOWN,UNKNOWN,,UNKNOWN,,1.2857142857142858,0.8571428571428571,3.857142857142857,3.857142857142857,0.0,3.6285714285714286,7.0,1.0,3.0,0.0,3.0,3.0,,,,3.375,0.875,9.0,0.0,1.125,2.825,8.0,3.0,7.0,1.0,0.0,8.0,,,,True,True,UNKNOWN,False,False,,,,,,,,,,NPB,2019-05-31 18:00:00,1,,,0,
2019053104,2019-05-31 18:15:00,千葉ロッテマリーンズ,埼玉西武ライオンズ,2.0,3.0,UNKNOWN,ＺＯＺＯマリンスタジアム,unknown,low,False,False,1400182,1300055,[],[],,,,,0,light,2019-05-31 18:15:00+00:00,,UNKNOWN,,,,UNKNOWN,UNKNOWN,,UNKNOWN,,0.0,1.65,13.5,5.3999999999999995,0.0,2.0,6.666666666666667,0.0,7.0,0.0,4.0,10.0,,,,3.857142857142857,1.2857142857142858,7.714285714285714,2.5714285714285716,1.2857142857142858,4.2,7.0,3.0,7.0,1.0,2.0,6.0,,,,True,True,UNKNOWN,False,False,,,,,,,,,,NPB,2019-05-31 18:15:00,1,,,0,
2019060101,2019-06-01 14:00:00,読売ジャイアンツ,中日ドラゴンズ,6.0,5.0,UNKNOWN,東京ドーム,unknown,low,False,False,1700104,1700002,[],[],,,,,0,light,2019-06-01 14:00:00+00:00,,UNKNOWN,,,,UNKNOWN,UNKNOWN,,UNKNOWN,,0.0,1.4,3.6,9.0,0.0,5.4,5.0,0.0,2.0,0.0,5.0,2.0,,,,21.6,3.6000000000000005,5.4,16.200000000000003,5.4,15.200000000000003,1.6666666666666665,4.0,3.0,1.0,3.0,1.0,,,,True,True,UNKNOWN,False,False,2019-06-01 05:00:00+00:00,,UNKNOWN,Open-Meteo Historical Forecast,FAIL_CLOSED_NO_ISSUANCE_TIMESTAMP,24.4,52.0,0.0,9.5,NPB,2019-06-01 14:00:00,1,,,0,
2019060102,2019-06-01 14:00:00,横浜DeNAベイスターズ,東京ヤクルトスワローズ,7.0,0.0,UNKNOWN,横浜スタジアム,unknown,low,False,False,1800033,1800043,[],[],,,,,0,light,2019-06-01 14:00:00+00:00,,UNKNOWN,,,,UNKNOWN,UNKNOWN,,UNKNOWN,,11.25,2.75,6.75,4.5,0.0,3.2,4.0,5.0,9.0,0.0,2.0,3.0,,,,0.0,0.6666666666666666,6.0,2.0,0.0,2.5333333333333337,9.0,0.0,4.0,0.0,2.0,6.0,,,,True,True,UNKNOWN,False,False,,,,,,,,,,NPB,2019-06-01 14:00:00,1,,,0,
2019060103,2019-06-01 14:00:00,広島東洋カープ,阪神タイガース,7.0,2.0,UNKNOWN,ＭＡＺＤＡ　Ｚｏｏｍ－Ｚｏｏｍ　スタジアム広島,unknown,low,False,False,600089,1500007,[],[],,,,,0,light,2019-06-01 14:00:00+00:00,,UNKNOWN,,,,UNKNOWN,UNKNOWN,,UNKNOWN,,4.764705882352941,1.588235294117647,6.352941176470588,3.176470588235294,3.176470588235294,7.435294117647059,5.666666666666667,3.0,7.0,2.0,2.0,4.0,,,,1.5,1.0,9.0,1.5,0.0,1.7000000000000002,6.0,1.0,5.0,0.0,1.0,6.0,,,,True,True,UNKNOWN,False,False,,,,,,,,,,NPB,2019-06-01 14:00:00,1,,,0,
2019060104,2019-06-01 14:00:00,千葉ロッテマリーンズ,埼玉西武ライオンズ,8.0,7.0,UNKNOWN,ＺＯＺＯマリンスタジアム,unknown,low,False,False,1000143,1700145,[],[],,,,,0,light,2019-06-01 14:00:00+00:00,,UNKNOWN,,,,UNKNOWN,UNKNOWN,,UNKNOWN,,9.0,2.25,6.75,4.5,4.5,9.7,4.0,4.0,7.0,2.0,2.0,3.0,,,,16.875,3.75,13.5,13.5,3.375,9.575,2.6666666666666665,5.0,6.0,1.0,4.0,4.0,,,,True,True,UNKNOWN,False,False,,,,,,,,,,NPB,2019-06-01 14:00:00,1,,,0,
2019060105,2019-06-01 14:00:00,オリックス・バファローズ,北海道日本ハムファイターズ,8.0,8.0,UNKNOWN,京セラドーム大阪,excluded,high,False,False,1800092,400048,[],[],,,,,0,light,2019-06-01 14:00:00+00:00,,UNKNOWN,,,,UNKNOWN,UNKNOWN,,UNKNOWN,,18.0,2.5,4.5,9.0,4.5,11.7,2.0,4.0,3.0,1.0,2.0,1.0,,,,9.0,2.0,3.6,5.4,1.8,6.800000000000001,5.0,5.0,7.0,1.0,3.0,2.0,,,,True,True,UNKNOWN,False,False,,,,,,,,,,NPB,2019-06-01 14:00:00,1,,,0,
2019060106,2019-06-01 14:00:00,福岡ソフトバンクホークス,東北楽天ゴールデンイーグルス,5.0,6.0,UNKNOWN,福岡 ヤフオク!ドーム,unknown,low,False,False,700065,1700130,[],[],,,,,0,light,2019-06-01 14:00:00+00:00,,UNKNOWN,,,,UNKNOWN,UNKNOWN,,UNKNOWN,,4.5,0.6666666666666666,12.0,0.0,3.0,4.866666666666667,6.0,3.0,4.0,2.0,0.0,8.0,,,,8.1,1.95,4.05,4.05,1.3499999999999999,5.6,6.666666666666667,6.0,10.0,1.0,3.0,3.0,,,,True,True,UNKNOWN,False,False,,,,,,,,,,NPB,2019-06-01 14:00:00,1,,,0,
2019060202,2019-06-02 13:00:00,横浜DeNAベイスターズ,東京ヤクルトスワローズ,2.0,5.0,UNKNOWN,横浜スタジアム,unknown,low,False,False,1500040,1600081,[],[],,,,,0,light,2019-06-02 13:00:00+00:00,,UNKNOWN,,,,UNKNOWN,UNKNOWN,,UNKNOWN,,1.3499999999999999,0.8999999999999999,5.3999999999999995,1.3499999999999999,1.3499999999999999,4.4,6.666666666666667,1.0,5.0,1.0,1.0,4.0,,,,0.0,3.0,18.0,0.0,0.0,-0.7999999999999998,1.0,0.0,3.0,0.0,0.0,2.0,,,,True,True,UNKNOWN,False,False,,,,,,,,,,NPB,2019-06-02 13:00:00,1,,,0,
2019060205,2019-06-02 13:00:00,オリックス・バファローズ,北海道日本ハムファイターズ,5.0,8.0,UNKNOWN,京セラドーム大阪,unknown,low,False,False,1500109,1700110,[],[],,,,,0,light,2019-06-02 13:00:00+00:00,,UNKNOWN,,,,UNKNOWN,UNKNOWN,,UNKNOWN,,3.0,1.0,7.5,1.5,0.0,2.033333333333333,6.0,2.0,5.0,0.0,1.0,5.0,,,,4.909090909090909,2.7272727272727275,4.909090909090909,9.818181818181818,4.909090909090909,12.472727272727273,3.6666666666666665,2.0,6.0,2.0,4.0,2.0,,,,True,True,UNKNOWN,False,False,,,,,,,,,,NPB,2019-06-02 13:00:00,1,,,0,
2019060206,2019-06-02 13:00:00,福岡ソフトバンクホークス,東北楽天ゴールデンイーグルス,1.0,4.0,UNKNOWN,福岡 ヤフオク!ドーム,unknown,low,False,False,1000155,1600013,[],[],,,,,0,light,2019-06-02 13:00:00+00:00,,UNKNOWN,,,,UNKNOWN,UNKNOWN,,UNKNOWN,,1.5,0.5,9.0,0.0,1.5,3.3666666666666667,6.0,1.0,3.0,1.0,0.0,6.0,,,,8.1,2.4,8.1,8.1,2.6999999999999997,8.0,3.3333333333333335,3.0,5.0,1.0,3.0,3.0,,,,True,True,UNKNOWN,False,False,,,,,,,,,,NPB,2019-06-02 13:00:00,1,,,0,
2019060203,2019-06-02 13:30:00,広島東洋カープ,阪神タイガース,5.0,7.0,UNKNOWN,ＭＡＺＤＡ　Ｚｏｏｍ－Ｚｏｏｍ　スタジアム広島,unknown,low,False,False,1700154,1600125,[],[],,,,,0,light,2019-06-02 13:30:00+00:00,,UNKNOWN,,,,UNKNOWN,UNKNOWN,,UNKNOWN,,3.176470588235294,2.2941176470588234,4.764705882352941,4.764705882352941,0.0,3.7294117647058824,5.666666666666667,2.0,10.0,0.0,3.0,3.0,,,,31.5,5.5,4.5,4.5,4.5,10.2,2.0,7.0,10.0,1.0,1.0,1.0,,,,True,True,UNKNOWN,False,False,,,,,,,,,,NPB,2019-06-02 13:30:00,1,,,0,
2019060201,2019-06-02 14:00:00,読売ジャイアンツ,中日ドラゴンズ,3.0,1.0,UNKNOWN,東京ドーム,unknown,low,False,False,1800130,600008,[],[],,,,,0,light,2019-06-02 14:00:00+00:00,,UNKNOWN,,,,UNKNOWN,UNKNOWN,,UNKNOWN,,4.5,1.5,10.5,4.5,3.0,6.7,6.0,3.0,6.0,2.0,3.0,7.0,,,,0.0,0.8571428571428571,10.285714285714286,2.5714285714285716,0.0,1.7714285714285716,7.0,0.0,4.0,0.0,2.0,8.0,,,,True,True,UNKNOWN,False,False,2019-06-02 05:00:00+00:00,,UNKNOWN,Open-Meteo Historical Forecast,FAIL_CLOSED_NO_ISSUANCE_TIMESTAMP,23.8,58.0,0.0,8.0,NPB,2019-06-02 14:00:00,1,,,0,
2019060204,2019-06-02 14:00:00,千葉ロッテマリーンズ,埼玉西武ライオンズ,8.0,1.0,UNKNOWN,ＺＯＺＯマリンスタジアム,unknown,low,False,False,1800080,1300050,[],[],,,,,0,light,2019-06-02 14:00:00+00:00,,UNKNOWN,,,,UNKNOWN,UNKNOWN,,UNKNOWN,,14.4,2.0,1.8,5.4,5.4,12.399999999999999,5.0,8.0,7.0,3.0,3.0,1.0,,,,1.2857142857142858,1.0,6.428571428571429,0.0,1.2857142857142858,3.6285714285714286,7.0,1.0,7.0,1.0,0.0,5.0,,,,True,True,UNKNOWN,False,False,,,,,,,,,,NPB,2019-06-02 14:00:00,1,,,0,
2019060401,2019-06-04 18:00:00,北海道日本ハムファイターズ,東京ヤクルトスワローズ,7.0,6.0,UNKNOWN,札幌ドーム,interleague,high,True,True,,,[],[],,,,,0,light,2019-06-04 18:00:00+00:00,,UNKNOWN,,,,UNKNOWN,UNKNOWN,,UNKNOWN,,,,,,,,,,,,,,,,,,,,,,,,,,,,,,,,False,False,UNKNOWN,False,False,,,,,,,,,,NPB,2019-06-04 18:00:00,1,,,0,
2019060402,2019-06-04 18:00:00,東北楽天ゴールデンイーグルス,読売ジャイアンツ,2.0,3.0,UNKNOWN,楽天生命パーク宮城,interleague,high,True,True,,,[],[],,,,,0,light,2019-06-04 18:00:00+00:00,,UNKNOWN,,,,UNKNOWN,UNKNOWN,,UNKNOWN,,,,,,,,,,,,,,,,,,,,,,,,,,,,,,,,False,False,UNKNOWN,False,False,,,,,,,,,,NPB,2019-06-04 18:00:00,1,,,0,
2019060403,2019-06-04 18:00:00,埼玉西武ライオンズ,広島東洋カープ,5.0,4.0,UNKNOWN,メットライフドーム,interleague,high,True,True,,,[],[],,,,,0,light,2019-06-04 18:00:00+00:00,,UNKNOWN,,,,UNKNOWN,UNKNOWN,,UNKNOWN,,,,,,,,,,,,,,,,,,,,,,,,,,,,,,,,False,False,UNKNOWN,False,False,,,,,,,,,,NPB,2019-06-04 18:00:00,1,,,0,
2019060405,2019-06-04 18:00:00,オリックス・バファローズ,横浜DeNAベイスターズ,1.0,3.0,UNKNOWN,京セラドーム大阪,interleague,high,True,True,,,[],[],,,,,0,light,2019-06-04 18:00:00+00:00,,UNKNOWN,,,,UNKNOWN,UNKNOWN,,UNKNOWN,,,,,,,,,,,,,,,,,,,,,,,,,,,,,,,,False,False,UNKNOWN,False,False,,,,,,,,,,NPB,2019-06-04 18:00:00,1,,,0,
2019060406,2019-06-04 18:00:00,福岡ソフトバンクホークス,中日ドラゴンズ,6.0,4.0,UNKNOWN,福岡 ヤフオク!ドーム,interleague,high,True,True,,,[],[],,,,,0,light,2019-06-04 18:00:00+00:00,,UNKNOWN,,,,UNKNOWN,UNKNOWN,,UNKNOWN,,,,,,,,,,,,,,,,,,,,,,,,,,,,,,,,False,False,UNKNOWN,False,False,,,,,,,,,,NPB,2019-06-04 18:00:00,1,,,0,
2019060404,2019-06-04 18:15:00,千葉ロッテマリーンズ,阪神タイガース,3.0,11.0,UNKNOWN,ＺＯＺＯマリンスタジアム,interleague,high,True,True,,,[],[],,,,,0,light,2019-06-04 18:15:00+00:00,,UNKNOWN,,,,UNKNOWN,UNKNOWN,,UNKNOWN,,,,,,,,,,,,,,,,,,,,,,,,,,,,,,,,False,False,UNKNOWN,False,False,,,,,,,,,,NPB,2019-06-04 18:15:00,1,,,0,
2019060501,2019-06-05 18:00:00,北海道日本ハムファイターズ,東京ヤクルトスワローズ,0.0,5.0,UNKNOWN,札幌ドーム,unknown,low,False,False,,,[],[],,,,,0,light,2019-06-05 18:00:00+00:00,,UNKNOWN,,,,UNKNOWN,UNKNOWN,,UNKNOWN,,,,,,,,,,,,,,,,,,,,,,,,,,,,,,,,False,False,UNKNOWN,False,False,,,,,,,,,,NPB,2019-06-05 18:00:00,1,,,0,
2019060502,2019-06-05 18:00:00,東北楽天ゴールデンイーグルス,読売ジャイアンツ,4.0,2.0,UNKNOWN,楽天生命パーク宮城,unknown,low,False,False,,,[],[],,,,,0,light,2019-06-05 18:00:00+00:00,,UNKNOWN,,,,UNKNOWN,UNKNOWN,,UNKNOWN,,,,,,,,,,,,,,,,,,,,,,,,,,,,,,,,False,False,UNKNOWN,False,False,,,,,,,,,,NPB,2019-06-05 18:00:00,1,,,0,
2019060503,2019-06-05 18:00:00,埼玉西武ライオンズ,広島東洋カープ,1.0,9.0,UNKNOWN,メットライフドーム,unknown,low,False,False,,,[],[],,,,,0,light,2019-06-05 18:00:00+00:00,,UNKNOWN,,,,UNKNOWN,UNKNOWN,,UNKNOWN,,,,,,,,,,,,,,,,,,,,,,,,,,,,,,,,False,False,UNKNOWN,False,False,,,,,,,,,,NPB,2019-06-05 18:00:00,1,,,0,
2019060505,2019-06-05 18:00:00,オリックス・バファローズ,横浜DeNAベイスターズ,5.0,0.0,UNKNOWN,京セラドーム大阪,interleague,high,True,True,,,[],[],,,,,0,light,2019-06-05 18:00:00+00:00,,UNKNOWN,,,,UNKNOWN,UNKNOWN,,UNKNOWN,,,,,,,,,,,,,,,,,,,,,,,,,,,,,,,,False,False,UNKNOWN,False,False,,,,,,,,,,NPB,2019-06-05 18:00:00,1,,,0,
2019060506,2019-06-05 18:00:00,福岡ソフトバンクホークス,中日ドラゴンズ,5.0,2.0,UNKNOWN,福岡 ヤフオク!ドーム,excluded,high,False,False,,,[],[],,,,,0,light,2019-06-05 18:00:00+00:00,,UNKNOWN,,,,UNKNOWN,UNKNOWN,,UNKNOWN,,,,,,,,,,,,,,,,,,,,,,,,,,,,,,,,False,False,UNKNOWN,False,False,,,,,,,,,,NPB,2019-06-05 18:00:00,1,,,0,
2019060504,2019-06-05 18:15:00,千葉ロッテマリーンズ,阪神タイガース,5.0,4.0,UNKNOWN,ＺＯＺＯマリンスタジアム,unknown,low,False,False,,,[],[],,,,,0,light,2019-06-05 18:15:00+00:00,,UNKNOWN,,,,UNKNOWN,UNKNOWN,,UNKNOWN,,,,,,,,,,,,,,,,,,,,,,,,,,,,,,,,False,False,UNKNOWN,False,False,,,,,,,,,,NPB,2019-06-05 18:15:00,1,,,0,
2019060601,2019-06-06 18:00:00,北海道日本ハムファイターズ,東京ヤクルトスワローズ,3.0,1.0,UNKNOWN,札幌ドーム,interleague,high,True,True,,,[],[],,,,,0,light,2019-06-06 18:00:00+00:00,,UNKNOWN,,,,UNKNOWN,UNKNOWN,,UNKNOWN,,,,,,,,,,,,,,,,,,,,,,,,,,,,,,,,False,False,UNKNOWN,False,False,,,,,,,,,,NPB,2019-06-06 18:00:00,1,,,0,
2019060602,2019-06-06 18:00:00,東北楽天ゴールデンイーグルス,読売ジャイアンツ,1.0,2.0,UNKNOWN,楽天生命パーク宮城,unknown,low,False,False,,,[],[],,,,,0,light,2019-06-06 18:00:00+00:00,,UNKNOWN,,,,UNKNOWN,UNKNOWN,,UNKNOWN,,,,,,,,,,,,,,,,,,,,,,,,,,,,,,,,False,False,UNKNOWN,False,False,,,,,,,,,,NPB,2019-06-06 18:00:00,1,,,0,
2019060603,2019-06-06 18:00:00,埼玉西武ライオンズ,広島東洋カープ,9.0,2.0,UNKNOWN,メットライフドーム,interleague,high,True,True,,,[],[],,,,,0,light,2019-06-06 18:00:00+00:00,,UNKNOWN,,,,UNKNOWN,UNKNOWN,,UNKNOWN,,,,,,,,,,,,,,,,,,,,,,,,,,,,,,,,False,False,UNKNOWN,False,False,,,,,,,,,,NPB,2019-06-06 18:00:00,1,,,0,
2019060605,2019-06-06 18:00:00,オリックス・バファローズ,横浜DeNAベイスターズ,3.0,2.0,UNKNOWN,京セラドーム大阪,interleague,high,True,True,,,[],[],,,,,0,light,2019-06-06 18:00:00+00:00,,UNKNOWN,,,,UNKNOWN,UNKNOWN,,UNKNOWN,,,,,,,,,,,,,,,,,,,,,,,,,,,,,,,,False,False,UNKNOWN,False,False,,,,,,,,,,NPB,2019-06-06 18:00:00,1,,,0,
2019060606,2019-06-06 18:00:00,福岡ソフトバンクホークス,中日ドラゴンズ,6.0,4.0,UNKNOWN,福岡 ヤフオク!ドーム,interleague,high,True,True,,,[],[],,,,,0,light,2019-06-06 18:00:00+00:00,,UNKNOWN,,,,UNKNOWN,UNKNOWN,,UNKNOWN,,,,,,,,,,,,,,,,,,,,,,,,,,,,,,,,False,False,UNKNOWN,False,False,,,,,,,,,,NPB,2019-06-06 18:00:00,1,,,0,
2019060604,2019-06-06 18:15:00,千葉ロッテマリーンズ,阪神タイガース,3.0,4.0,UNKNOWN,ＺＯＺＯマリンスタジアム,unknown,low,False,False,,,[],[],,,,,0,light,2019-06-06 18:15:00+00:00,,UNKNOWN,,,,UNKNOWN,UNKNOWN,,UNKNOWN,,,,,,,,,,,,,,,,,,,,,,,,,,,,,,,,False,False,UNKNOWN,False,False,,,,,,,,,,NPB,2019-06-06 18:15:00,1,,,0,
2019060701,2019-06-07 18:00:00,読売ジャイアンツ,千葉ロッテマリーンズ,4.0,3.0,UNKNOWN,東京ドーム,unknown,low,False,False,,,[],[],,,,,0,light,2019-06-07 18:00:00+00:00,,UNKNOWN,,,,UNKNOWN,UNKNOWN,,UNKNOWN,,,,,,,,,,,,,,,,,,,,,,,,,,,,,,,,False,False,UNKNOWN,False,False,2019-06-07 09:00:00+00:00,,UNKNOWN,Open-Meteo Historical Forecast,FAIL_CLOSED_NO_ISSUANCE_TIMESTAMP,21.4,77.0,0.0,7.4,NPB,2019-06-07 18:00:00,1,,,0,
2019060703,2019-06-07 18:00:00,横浜DeNAベイスターズ,埼玉西武ライオンズ,2.0,6.0,UNKNOWN,横浜スタジアム,interleague,high,True,True,,,[],[],,,,,0,light,2019-06-07 18:00:00+00:00,,UNKNOWN,,,,UNKNOWN,UNKNOWN,,UNKNOWN,,,,,,,,,,,,,,,,,,,,,,,,,,,,,,,,False,False,UNKNOWN,False,False,,,,,,,,,,NPB,2019-06-07 18:00:00,1,,,0,
2019060704,2019-06-07 18:00:00,中日ドラゴンズ,東北楽天ゴールデンイーグルス,13.0,3.0,UNKNOWN,ナゴヤドーム,interleague,high,True,True,,,[],[],,,,,0,light,2019-06-07 18:00:00+00:00,,UNKNOWN,,,,UNKNOWN,UNKNOWN,,UNKNOWN,,,,,,,,,,,,,,,,,,,,,,,,,,,,,,,,False,False,UNKNOWN,False,False,,,,,,,,,,NPB,2019-06-07 18:00:00,1,,,0,
2019060705,2019-06-07 18:00:00,阪神タイガース,北海道日本ハムファイターズ,2.0,3.0,UNKNOWN,阪神甲子園球場,unknown,low,False,False,,,[],[],,,,,0,light,2019-06-07 18:00:00+00:00,,UNKNOWN,,,,UNKNOWN,UNKNOWN,,UNKNOWN,,,,,,,,,,,,,,,,,,,,,,,,,,,,,,,,False,False,UNKNOWN,False,False,,,,,,,,,,NPB,2019-06-07 18:00:00,1,,,0,
2019060706,2019-06-07 18:00:00,広島東洋カープ,福岡ソフトバンクホークス,3.0,6.0,UNKNOWN,ＭＡＺＤＡ　Ｚｏｏｍ－Ｚｏｏｍ　スタジアム広島,japan_series,high,False,True,,,[],[],,,,,0,light,2019-06-07 18:00:00+00:00,,UNKNOWN,,,,UNKNOWN,UNKNOWN,,UNKNOWN,,,,,,,,,,,,,,,,,,,,,,,,,,,,,,,,False,False,UNKNOWN,False,False,,,,,,,,,,NPB,2019-06-07 18:00:00,1,,,0,
2019060801,2019-06-08 14:00:00,読売ジャイアンツ,千葉ロッテマリーンズ,5.0,6.0,UNKNOWN,東京ドーム,excluded,high,False,False,,,[],[],,,,,0,light,2019-06-08 14:00:00+00:00,,UNKNOWN,,,,UNKNOWN,UNKNOWN,,UNKNOWN,,,,,,,,,,,,,,,,,,,,,,,,,,,,,,,,False,False,UNKNOWN,False,False,2019-06-08 05:00:00+00:00,,UNKNOWN,Open-Meteo Historical Forecast,FAIL_CLOSED_NO_ISSUANCE_TIMESTAMP,26.5,62.0,0.0,2.7,NPB,2019-06-08 14:00:00,1,,,0,
2019060802,2019-06-08 14:00:00,東京ヤクルトスワローズ,オリックス・バファローズ,4.0,5.0,UNKNOWN,明治神宮野球場,unknown,low,False,False,,,[],[],,,,,0,light,2019-06-08 14:00:00+00:00,,UNKNOWN,,,,UNKNOWN,UNKNOWN,,UNKNOWN,,,,,,,,,,,,,,,,,,,,,,,,,,,,,,,,False,False,UNKNOWN,False,False,,,,,,,,,,NPB,2019-06-08 14:00:00,1,,,0,
2019060803,2019-06-08 14:00:00,横浜DeNAベイスターズ,埼玉西武ライオンズ,7.0,3.0,UNKNOWN,横浜スタジアム,unknown,low,False,False,,,[],[],,,,,0,light,2019-06-08 14:00:00+00:00,,UNKNOWN,,,,UNKNOWN,UNKNOWN,,UNKNOWN,,,,,,,,,,,,,,,,,,,,,,,,,,,,,,,,False,False,UNKNOWN,False,False,,,,,,,,,,NPB,2019-06-08 14:00:00,1,,,0,
2019060804,2019-06-08 14:00:00,中日ドラゴンズ,東北楽天ゴールデンイーグルス,1.0,2.0,UNKNOWN,ナゴヤドーム,unknown,low,False,False,,,[],[],,,,,0,light,2019-06-08 14:00:00+00:00,,UNKNOWN,,,,UNKNOWN,UNKNOWN,,UNKNOWN,,,,,,,,,,,,,,,,,,,,,,,,,,,,,,,,False,False,UNKNOWN,False,False,,,,,,,,,,NPB,2019-06-08 14:00:00,1,,,0,
2019060805,2019-06-08 14:00:00,阪神タイガース,北海道日本ハムファイターズ,5.0,10.0,UNKNOWN,阪神甲子園球場,unknown,low,False,False,,,[],[],,,,,0,light,2019-06-08 14:00:00+00:00,,UNKNOWN,,,,UNKNOWN,UNKNOWN,,UNKNOWN,,,,,,,,,,,,,,,,,,,,,,,,,,,,,,,,False,False,UNKNOWN,False,False,,,,,,,,,,NPB,2019-06-08 14:00:00,1,,,0,
2019060806,2019-06-08 14:00:00,広島東洋カープ,福岡ソフトバンクホークス,2.0,4.0,UNKNOWN,ＭＡＺＤＡ　Ｚｏｏｍ－Ｚｏｏｍ　スタジアム広島,japan_series,high,False,True,,,[],[],,,,,0,light,2019-06-08 14:00:00+00:00,,UNKNOWN,,,,UNKNOWN,UNKNOWN,,UNKNOWN,,,,,,,,,,,,,,,,,,,,,,,,,,,,,,,,False,False,UNKNOWN,False,False,,,,,,,,,,NPB,2019-06-08 14:00:00,1,,,0,
2019060902,2019-06-09 13:00:00,東京ヤクルトスワローズ,オリックス・バファローズ,9.0,4.0,UNKNOWN,明治神宮野球場,unknown,low,False,False,,,[],[],,,,,0,light,2019-06-09 13:00:00+00:00,,UNKNOWN,,,,UNKNOWN,UNKNOWN,,UNKNOWN,,,,,,,,,,,,,,,,,,,,,,,,,,,,,,,,False,False,UNKNOWN,False,False,,,,,,,,,,NPB,2019-06-09 13:00:00,1,,,0,
2019060903,2019-06-09 13:00:00,横浜DeNAベイスターズ,埼玉西武ライオンズ,6.0,4.0,UNKNOWN,横浜スタジアム,unknown,low,False,False,,,[],[],,,,,0,light,2019-06-09 13:00:00+00:00,,UNKNOWN,,,,UNKNOWN,UNKNOWN,,UNKNOWN,,,,,,,,,,,,,,,,,,,,,,,,,,,,,,,,False,False,UNKNOWN,False,False,,,,,,,,,,NPB,2019-06-09 13:00:00,1,,,0,
2019060906,2019-06-09 13:30:00,広島東洋カープ,福岡ソフトバンクホークス,3.0,2.0,UNKNOWN,ＭＡＺＤＡ　Ｚｏｏｍ－Ｚｏｏｍ　スタジアム広島,excluded,high,False,False,,,[],[],,,,,0,light,2019-06-09 13:30:00+00:00,,UNKNOWN,,,,UNKNOWN,UNKNOWN,,UNKNOWN,,,,,,,,,,,,,,,,,,,,,,,,,,,,,,,,False,False,UNKNOWN,False,False,,,,,,,,,,NPB,2019-06-09 13:30:00,1,,,0,
2019060901,2019-06-09 14:00:00,読売ジャイアンツ,千葉ロッテマリーンズ,11.0,3.0,UNKNOWN,東京ドーム,unknown,low,False,False,,,[],[],,,,,0,light,2019-06-09 14:00:00+00:00,,UNKNOWN,,,,UNKNOWN,UNKNOWN,,UNKNOWN,,,,,,,,,,,,,,,,,,,,,,,,,,,,,,,,False,False,UNKNOWN,False,False,2019-06-09 05:00:00+00:00,,UNKNOWN,Open-Meteo Historical Forecast,FAIL_CLOSED_NO_ISSUANCE_TIMESTAMP,18.5,72.0,0.1,6.6,NPB,2019-06-09 14:00:00,1,,,0,
2019060904,2019-06-09 14:00:00,中日ドラゴンズ,東北楽天ゴールデンイーグルス,2.0,5.0,UNKNOWN,ナゴヤドーム,interleague,high,True,True,,,[],[],,,,,0,light,2019-06-09 14:00:00+00:00,,UNKNOWN,,,,UNKNOWN,UNKNOWN,,UNKNOWN,,,,,,,,,,,,,,,,,,,,,,,,,,,,,,,,False,False,UNKNOWN,False,False,,,,,,,,,,NPB,2019-06-09 14:00:00,1,,,0,
2019060905,2019-06-09 14:00:00,阪神タイガース,北海道日本ハムファイターズ,4.0,3.0,UNKNOWN,阪神甲子園球場,unknown,low,False,False,,,[],[],,,,,0,light,2019-06-09 14:00:00+00:00,,UNKNOWN,,,,UNKNOWN,UNKNOWN,,UNKNOWN,,,,,,,,,,,,,,,,,,,,,,,,,,,,,,,,False,False,UNKNOWN,False,False,,,,,,,,,,NPB,2019-06-09 14:00:00,1,,,0,
2019061101,2019-06-11 18:00:00,北海道日本ハムファイターズ,広島東洋カープ,5.0,4.0,UNKNOWN,札幌ドーム,japan_series,high,False,True,,,[],[],,,,,0,light,2019-06-11 18:00:00+00:00,,UNKNOWN,,,,UNKNOWN,UNKNOWN,,UNKNOWN,,,,,,,,,,,,,,,,,,,,,,,,,,,,,,,,False,False,UNKNOWN,False,False,,,,,,,,,,NPB,2019-06-11 18:00:00,1,,,0,
2019061102,2019-06-11 18:00:00,東北楽天ゴールデンイーグルス,東京ヤクルトスワローズ,3.0,1.0,UNKNOWN,郡山総合運動場開成山野球場,unknown,low,False,False,,,[],[],,,,,0,light,2019-06-11 18:00:00+00:00,,UNKNOWN,,,,UNKNOWN,UNKNOWN,,UNKNOWN,,,,,,,,,,,,,,,,,,,,,,,,,,,,,,,,False,False,UNKNOWN,False,False,,,,,,,,,,NPB,2019-06-11 18:00:00,1,,,0,
2019061103,2019-06-11 18:00:00,埼玉西武ライオンズ,読売ジャイアンツ,4.0,0.0,UNKNOWN,メットライフドーム,unknown,low,False,False,,,[],[],,,,,0,light,2019-06-11 18:00:00+00:00,,UNKNOWN,,,,UNKNOWN,UNKNOWN,,UNKNOWN,,,,,,,,,,,,,,,,,,,,,,,,,,,,,,,,False,False,UNKNOWN,False,False,,,,,,,,,,NPB,2019-06-11 18:00:00,1,,,0,
2019061105,2019-06-11 18:00:00,オリックス・バファローズ,中日ドラゴンズ,1.0,2.0,UNKNOWN,京セラドーム大阪,unknown,low,False,False,,,[],[],,,,,0,light,2019-06-11 18:00:00+00:00,,UNKNOWN,,,,UNKNOWN,UNKNOWN,,UNKNOWN,,,,,,,,,,,,,,,,,,,,,,,,,,,,,,,,False,False,UNKNOWN,False,False,,,,,,,,,,NPB,2019-06-11 18:00:00,1,,,0,
2019061106,2019-06-11 18:00:00,福岡ソフトバンクホークス,阪神タイガース,2.0,2.0,UNKNOWN,福岡 ヤフオク!ドーム,unknown,low,False,False,,,[],[],,,,,0,light,2019-06-11 18:00:00+00:00,,UNKNOWN,,,,UNKNOWN,UNKNOWN,,UNKNOWN,,,,,,,,,,,,,,,,,,,,,,,,,,,,,,,,False,False,UNKNOWN,False,False,,,,,,,,,,NPB,2019-06-11 18:00:00,1,,,0,
2019061104,2019-06-11 18:15:00,千葉ロッテマリーンズ,横浜DeNAベイスターズ,3.0,6.0,UNKNOWN,ＺＯＺＯマリンスタジアム,unknown,low,False,False,,,[],[],,,,,0,light,2019-06-11 18:15:00+00:00,,UNKNOWN,,,,UNKNOWN,UNKNOWN,,UNKNOWN,,,,,,,,,,,,,,,,,,,,,,,,,,,,,,,,False,False,UNKNOWN,False,False,,,,,,,,,,NPB,2019-06-11 18:15:00,1,,,0,
2019061201,2019-06-12 18:00:00,北海道日本ハムファイターズ,広島東洋カープ,2.0,1.0,UNKNOWN,札幌ドーム,unknown,low,False,False,,,[],[],,,,,0,light,2019-06-12 18:00:00+00:00,,UNKNOWN,,,,UNKNOWN,UNKNOWN,,UNKNOWN,,,,,,,,,,,,,,,,,,,,,,,,,,,,,,,,False,False,UNKNOWN,False,False,,,,,,,,,,NPB,2019-06-12 18:00:00,1,,,0,
2019061202,2019-06-12 18:00:00,東北楽天ゴールデンイーグルス,東京ヤクルトスワローズ,7.0,4.0,UNKNOWN,楽天生命パーク宮城,excluded,high,False,False,,,[],[],,,,,0,light,2019-06-12 18:00:00+00:00,,UNKNOWN,,,,UNKNOWN,UNKNOWN,,UNKNOWN,,,,,,,,,,,,,,,,,,,,,,,,,,,,,,,,False,False,UNKNOWN,False,False,,,,,,,,,,NPB,2019-06-12 18:00:00,1,,,0,
2019061203,2019-06-12 18:00:00,埼玉西武ライオンズ,読売ジャイアンツ,4.0,9.0,UNKNOWN,メットライフドーム,unknown,low,False,False,,,[],[],,,,,0,light,2019-06-12 18:00:00+00:00,,UNKNOWN,,,,UNKNOWN,UNKNOWN,,UNKNOWN,,,,,,,,,,,,,,,,,,,,,,,,,,,,,,,,False,False,UNKNOWN,False,False,,,,,,,,,,NPB,2019-06-12 18:00:00,1,,,0,
2019061205,2019-06-12 18:00:00,オリックス・バファローズ,中日ドラゴンズ,2.0,6.0,UNKNOWN,京セラドーム大阪,excluded,high,False,False,,,[],[],,,,,0,light,2019-06-12 18:00:00+00:00,,UNKNOWN,,,,UNKNOWN,UNKNOWN,,UNKNOWN,,,,,,,,,,,,,,,,,,,,,,,,,,,,,,,,False,False,UNKNOWN,False,False,,,,,,,,,,NPB,2019-06-12 18:00:00,1,,,0,
2019061206,2019-06-12 18:00:00,福岡ソフトバンクホークス,阪神タイガース,2.0,8.0,UNKNOWN,福岡 ヤフオク!ドーム,unknown,low,False,False,,,[],[],,,,,0,light,2019-06-12 18:00:00+00:00,,UNKNOWN,,,,UNKNOWN,UNKNOWN,,UNKNOWN,,,,,,,,,,,,,,,,,,,,,,,,,,,,,,,,False,False,UNKNOWN,False,False,,,,,,,,,,NPB,2019-06-12 18:00:00,1,,,0,
2019061204,2019-06-12 18:15:00,千葉ロッテマリーンズ,横浜DeNAベイスターズ,5.0,6.0,UNKNOWN,ＺＯＺＯマリンスタジアム,unknown,low,False,False,,,[],[],,,,,0,light,2019-06-12 18:15:00+00:00,,UNKNOWN,,,,UNKNOWN,UNKNOWN,,UNKNOWN,,,,,,,,,,,,,,,,,,,,,,,,,,,,,,,,False,False,UNKNOWN,False,False,,,,,,,,,,NPB,2019-06-12 18:15:00,1,,,0,
2019061301,2019-06-13 18:00:00,北海道日本ハムファイターズ,広島東洋カープ,2.0,2.0,UNKNOWN,札幌ドーム,interleague,high,True,True,,,[],[],,,,,0,light,2019-06-13 18:00:00+00:00,,UNKNOWN,,,,UNKNOWN,UNKNOWN,,UNKNOWN,,,,,,,,,,,,,,,,,,,,,,,,,,,,,,,,False,False,UNKNOWN,False,False,,,,,,,,,,NPB,2019-06-13 18:00:00,1,,,0,
2019061302,2019-06-13 18:00:00,東北楽天ゴールデンイーグルス,東京ヤクルトスワローズ,3.0,11.0,UNKNOWN,楽天生命パーク宮城,interleague,high,True,True,,,[],[],,,,,0,light,2019-06-13 18:00:00+00:00,,UNKNOWN,,,,UNKNOWN,UNKNOWN,,UNKNOWN,,,,,,,,,,,,,,,,,,,,,,,,,,,,,,,,False,False,UNKNOWN,False,False,,,,,,,,,,NPB,2019-06-13 18:00:00,1,,,0,
2019061303,2019-06-13 18:00:00,埼玉西武ライオンズ,読売ジャイアンツ,2.0,8.0,UNKNOWN,メットライフドーム,unknown,low,False,False,,,[],[],,,,,0,light,2019-06-13 18:00:00+00:00,,UNKNOWN,,,,UNKNOWN,UNKNOWN,,UNKNOWN,,,,,,,,,,,,,,,,,,,,,,,,,,,,,,,,False,False,UNKNOWN,False,False,,,,,,,,,,NPB,2019-06-13 18:00:00,1,,,0,
2019061305,2019-06-13 18:00:00,オリックス・バファローズ,中日ドラゴンズ,6.0,5.0,UNKNOWN,京セラドーム大阪,unknown,low,False,False,,,[],[],,,,,0,light,2019-06-13 18:00:00+00:00,,UNKNOWN,,,,UNKNOWN,UNKNOWN,,UNKNOWN,,,,,,,,,,,,,,,,,,,,,,,,,,,,,,,,False,False,UNKNOWN,False,False,,,,,,,,,,NPB,2019-06-13 18:00:00,1,,,0,
2019061306,2019-06-13 18:00:00,福岡ソフトバンクホークス,阪神タイガース,3.0,0.0,UNKNOWN,福岡 ヤフオク!ドーム,unknown,low,False,False,,,[],[],,,,,0,light,2019-06-13 18:00:00+00:00,,UNKNOWN,,,,UNKNOWN,UNKNOWN,,UNKNOWN,,,,,,,,,,,,,,,,,,,,,,,,,,,,,,,,False,False,UNKNOWN,False,False,,,,,,,,,,NPB,2019-06-13 18:00:00,1,,,0,
2019061304,2019-06-13 18:15:00,千葉ロッテマリーンズ,横浜DeNAベイスターズ,3.0,1.0,UNKNOWN,ＺＯＺＯマリンスタジアム,interleague,high,True,True,,,[],[],,,,,0,light,2019-06-13 18:15:00+00:00,,UNKNOWN,,,,UNKNOWN,UNKNOWN,,UNKNOWN,,,,,,,,,,,,,,,,,,,,,,,,,,,,,,,,False,False,UNKNOWN,False,False,,,,,,,,,,NPB,2019-06-13 18:15:00,1,,,0,
2019061401,2019-06-14 18:00:00,北海道日本ハムファイターズ,読売ジャイアンツ,5.0,4.0,UNKNOWN,札幌ドーム,unknown,low,False,False,,,[],[],,,,,0,light,2019-06-14 18:00:00+00:00,,UNKNOWN,,,,UNKNOWN,UNKNOWN,,UNKNOWN,,,,,,,,,,,,,,,,,,,,,,,,,,,,,,,,False,False,UNKNOWN,False,False,,,,,,,,,,NPB,2019-06-14 18:00:00,1,,,0,
2019061402,2019-06-14 18:00:00,東北楽天ゴールデンイーグルス,広島東洋カープ,11.0,2.0,UNKNOWN,楽天生命パーク宮城,unknown,low,False,False,,,[],[],,,,,0,light,2019-06-14 18:00:00+00:00,,UNKNOWN,,,,UNKNOWN,UNKNOWN,,UNKNOWN,,,,,,,,,,,,,,,,,,,,,,,,,,,,,,,,False,False,UNKNOWN,False,False,,,,,,,,,,NPB,2019-06-14 18:00:00,1,,,0,
2019061403,2019-06-14 18:00:00,埼玉西武ライオンズ,東京ヤクルトスワローズ,11.0,1.0,UNKNOWN,メットライフドーム,unknown,low,False,False,,,[],[],,,,,0,light,2019-06-14 18:00:00+00:00,,UNKNOWN,,,,UNKNOWN,UNKNOWN,,UNKNOWN,,,,,,,,,,,,,,,,,,,,,,,,,,,,,,,,False,False,UNKNOWN,False,False,,,,,,,,,,NPB,2019-06-14 18:00:00,1,,,0,
2019061404,2019-06-14 18:00:00,千葉ロッテマリーンズ,中日ドラゴンズ,1.0,4.0,UNKNOWN,ＺＯＺＯマリンスタジアム,unknown,low,False,False,,,[],[],,,,,0,light,2019-06-14 18:00:00+00:00,,UNKNOWN,,,,UNKNOWN,UNKNOWN,,UNKNOWN,,,,,,,,,,,,,,,,,,,,,,,,,,,,,,,,False,False,UNKNOWN,False,False,,,,,,,,,,NPB,2019-06-14 18:00:00,1,,,0,
2019061405,2019-06-14 18:00:00,オリックス・バファローズ,阪神タイガース,6.0,4.0,UNKNOWN,京セラドーム大阪,unknown,low,False,False,,,[],[],,,,,0,light,2019-06-14 18:00:00+00:00,,UNKNOWN,,,,UNKNOWN,UNKNOWN,,UNKNOWN,,,,,,,,,,,,,,,,,,,,,,,,,,,,,,,,False,False,UNKNOWN,False,False,,,,,,,,,,NPB,2019-06-14 18:00:00,1,,,0,
2019061406,2019-06-14 18:00:00,福岡ソフトバンクホークス,横浜DeNAベイスターズ,4.0,5.0,UNKNOWN,福岡 ヤフオク!ドーム,interleague,high,True,True,,,[],[],,,,,0,light,2019-06-14 18:00:00+00:00,,UNKNOWN,,,,UNKNOWN,UNKNOWN,,UNKNOWN,,,,,,,,,,,,,,,,,,,,,,,,,,,,,,,,False,False,UNKNOWN,False,False,,,,,,,,,,NPB,2019-06-14 18:00:00,1,,,0,
2019061501,2019-06-15 14:00:00,北海道日本ハムファイターズ,読売ジャイアンツ,5.0,8.0,UNKNOWN,札幌ドーム,unknown,low,False,False,,,[],[],,,,,0,light,2019-06-15 14:00:00+00:00,,UNKNOWN,,,,UNKNOWN,UNKNOWN,,UNKNOWN,,,,,,,,,,,,,,,,,,,,,,,,,,,,,,,,False,False,UNKNOWN,False,False,,,,,,,,,,NPB,2019-06-15 14:00:00,1,,,0,
2019061503,2019-06-15 14:00:00,埼玉西武ライオンズ,東京ヤクルトスワローズ,5.0,6.0,UNKNOWN,メットライフドーム,excluded,high,False,False,,,[],[],,,,,0,light,2019-06-15 14:00:00+00:00,,UNKNOWN,,,,UNKNOWN,UNKNOWN,,UNKNOWN,,,,,,,,,,,,,,,,,,,,,,,,,,,,,,,,False,False,UNKNOWN,False,False,,,,,,,,,,NPB,2019-06-15 14:00:00,1,,,0,
2019061506,2019-06-15 14:00:00,福岡ソフトバンクホークス,横浜DeNAベイスターズ,4.0,3.0,UNKNOWN,福岡 ヤフオク!ドーム,unknown,low,False,False,,,[],[],,,,,0,light,2019-06-15 14:00:00+00:00,,UNKNOWN,,,,UNKNOWN,UNKNOWN,,UNKNOWN,,,,,,,,,,,,,,,,,,,,,,,,,,,,,,,,False,False,UNKNOWN,False,False,,,,,,,,,,NPB,2019-06-15 14:00:00,1,,,0,
2019061505,2019-06-15 18:00:00,オリックス・バファローズ,阪神タイガース,3.0,2.0,UNKNOWN,京セラドーム大阪,unknown,low,False,False,,,[],[],,,,,0,light,2019-06-15 18:00:00+00:00,,UNKNOWN,,,,UNKNOWN,UNKNOWN,,UNKNOWN,,,,,,,,,,,,,,,,,,,,,,,,,,,,,,,,False,False,UNKNOWN,False,False,,,,,,,,,,NPB,2019-06-15 18:00:00,1,,,0,
2019061602,2019-06-16 13:00:00,東北楽天ゴールデンイーグルス,広島東洋カープ,2.0,4.0,UNKNOWN,楽天生命パーク宮城,unknown,low,False,False,,,[],[],,,,,0,light,2019-06-16 13:00:00+00:00,,UNKNOWN,,,,UNKNOWN,UNKNOWN,,UNKNOWN,,,,,,,,,,,,,,,,,,,,,,,,,,,,,,,,False,False,UNKNOWN,False,False,,,,,,,,,,NPB,2019-06-16 13:00:00,1,,,0,
2019061603,2019-06-16 13:00:00,埼玉西武ライオンズ,東京ヤクルトスワローズ,10.0,6.0,UNKNOWN,メットライフドーム,unknown,low,False,False,,,[],[],,,,,0,light,2019-06-16 13:00:00+00:00,,UNKNOWN,,,,UNKNOWN,UNKNOWN,,UNKNOWN,,,,,,,,,,,,,,,,,,,,,,,,,,,,,,,,False,False,UNKNOWN,False,False,,,,,,,,,,NPB,2019-06-16 13:00:00,1,,,0,
2019061606,2019-06-16 13:00:00,福岡ソフトバンクホークス,横浜DeNAベイスターズ,2.0,2.0,UNKNOWN,福岡 ヤフオク!ドーム,interleague,high,True,True,,,[],[],,,,,0,light,2019-06-16 13:00:00+00:00,,UNKNOWN,,,,UNKNOWN,UNKNOWN,,UNKNOWN,,,,,,,,,,,,,,,,,,,,,,,,,,,,,,,,False,False,UNKNOWN,False,False,,,,,,,,,,NPB,2019-06-16 13:00:00,1,,,0,
2019061601,2019-06-16 14:00:00,北海道日本ハムファイターズ,読売ジャイアンツ,3.0,7.0,UNKNOWN,札幌ドーム,special,high,False,True,,,[],[],,,,,0,light,2019-06-16 14:00:00+00:00,,UNKNOWN,,,,UNKNOWN,UNKNOWN,,UNKNOWN,,,,,,,,,,,,,,,,,,,,,,,,,,,,,,,,False,False,UNKNOWN,False,False,,,,,,,,,,NPB,2019-06-16 14:00:00,1,,,0,
2019061604,2019-06-16 14:00:00,千葉ロッテマリーンズ,中日ドラゴンズ,8.0,7.0,UNKNOWN,ＺＯＺＯマリンスタジアム,interleague,high,True,True,,,[],[],,,,,0,light,2019-06-16 14:00:00+00:00,,UNKNOWN,,,,UNKNOWN,UNKNOWN,,UNKNOWN,,,,,,,,,,,,,,,,,,,,,,,,,,,,,,,,False,False,UNKNOWN,False,False,,,,,,,,,,NPB,2019-06-16 14:00:00,1,,,0,
2019061605,2019-06-16 14:00:00,オリックス・バファローズ,阪神タイガース,5.0,5.0,UNKNOWN,京セラドーム大阪,unknown,low,False,False,,,[],[],,,,,0,light,2019-06-16 14:00:00+00:00,,UNKNOWN,,,,UNKNOWN,UNKNOWN,,UNKNOWN,,,,,,,,,,,,,,,,,,,,,,,,,,,,,,,,False,False,UNKNOWN,False,False,,,,,,,,,,NPB,2019-06-16 14:00:00,1,,,0,
2019061701,2019-06-17 18:15:00,千葉ロッテマリーンズ,中日ドラゴンズ,4.0,5.0,UNKNOWN,ＺＯＺＯマリンスタジアム,excluded,high,False,False,,,[],[],,,,,0,light,2019-06-17 18:15:00+00:00,,UNKNOWN,,,,UNKNOWN,UNKNOWN,,UNKNOWN,,,,,,,,,,,,,,,,,,,,,,,,,,,,,,,,False,False,UNKNOWN,False,False,,,,,,,,,,NPB,2019-06-17 18:15:00,1,,,0,
2019061801,2019-06-18 18:00:00,読売ジャイアンツ,オリックス・バファローズ,4.0,3.0,UNKNOWN,東京ドーム,unknown,low,False,False,,,[],[],,,,,0,light,2019-06-18 18:00:00+00:00,,UNKNOWN,,,,UNKNOWN,UNKNOWN,,UNKNOWN,,,,,,,,,,,,,,,,,,,,,,,,,,,,,,,,False,False,UNKNOWN,False,False,2019-06-18 09:00:00+00:00,,UNKNOWN,Open-Meteo Historical Forecast,FAIL_CLOSED_NO_ISSUANCE_TIMESTAMP,24.2,60.0,0.0,9.0,NPB,2019-06-18 18:00:00,1,,,0,
2019061802,2019-06-18 18:00:00,東京ヤクルトスワローズ,福岡ソフトバンクホークス,4.0,6.0,UNKNOWN,明治神宮野球場,unknown,low,False,False,,,[],[],,,,,0,light,2019-06-18 18:00:00+00:00,,UNKNOWN,,,,UNKNOWN,UNKNOWN,,UNKNOWN,,,,,,,,,,,,,,,,,,,,,,,,,,,,,,,,False,False,UNKNOWN,False,False,,,,,,,,,,NPB,2019-06-18 18:00:00,1,,,0,
2019061803,2019-06-18 18:00:00,横浜DeNAベイスターズ,北海道日本ハムファイターズ,3.0,0.0,UNKNOWN,横浜スタジアム,unknown,low,False,False,,,[],[],,,,,0,light,2019-06-18 18:00:00+00:00,,UNKNOWN,,,,UNKNOWN,UNKNOWN,,UNKNOWN,,,,,,,,,,,,,,,,,,,,,,,,,,,,,,,,False,False,UNKNOWN,False,False,,,,,,,,,,NPB,2019-06-18 18:00:00,1,,,0,
2019061804,2019-06-18 18:00:00,中日ドラゴンズ,埼玉西武ライオンズ,2.0,16.0,UNKNOWN,ナゴヤドーム,unknown,low,False,False,,,[],[],,,,,0,light,2019-06-18 18:00:00+00:00,,UNKNOWN,,,,UNKNOWN,UNKNOWN,,UNKNOWN,,,,,,,,,,,,,,,,,,,,,,,,,,,,,,,,False,False,UNKNOWN,False,False,,,,,,,,,,NPB,2019-06-18 18:00:00,1,,,0,
2019061805,2019-06-18 18:00:00,阪神タイガース,東北楽天ゴールデンイーグルス,3.0,5.0,UNKNOWN,岡山県倉敷スポーツ公園野球場,unknown,low,False,False,,,[],[],,,,,0,light,2019-06-18 18:00:00+00:00,,UNKNOWN,,,,UNKNOWN,UNKNOWN,,UNKNOWN,,,,,,,,,,,,,,,,,,,,,,,,,,,,,,,,False,False,UNKNOWN,False,False,,,,,,,,,,NPB,2019-06-18 18:00:00,1,,,0,
2019061806,2019-06-18 18:00:00,広島東洋カープ,千葉ロッテマリーンズ,2.0,6.0,UNKNOWN,ＭＡＺＤＡ　Ｚｏｏｍ－Ｚｏｏｍ　スタジアム広島,unknown,low,False,False,,,[],[],,,,,0,light,2019-06-18 18:00:00+00:00,,UNKNOWN,,,,UNKNOWN,UNKNOWN,,UNKNOWN,,,,,,,,,,,,,,,,,,,,,,,,,,,,,,,,False,False,UNKNOWN,False,False,,,,,,,,,,NPB,2019-06-18 18:00:00,1,,,0,
2019061901,2019-06-19 18:00:00,読売ジャイアンツ,オリックス・バファローズ,3.0,4.0,UNKNOWN,東京ドーム,excluded,high,False,False,,,[],[],,,,,0,light,2019-06-19 18:00:00+00:00,,UNKNOWN,,,,UNKNOWN,UNKNOWN,,UNKNOWN,,,,,,,,,,,,,,,,,,,,,,,,,,,,,,,,False,False,UNKNOWN,False,False,2019-06-19 09:00:00+00:00,,UNKNOWN,Open-Meteo Historical Forecast,FAIL_CLOSED_NO_ISSUANCE_TIMESTAMP,24.8,70.0,0.0,10.1,NPB,2019-06-19 18:00:00,1,,,0,
2019061902,2019-06-19 18:00:00,東京ヤクルトスワローズ,福岡ソフトバンクホークス,3.0,2.0,UNKNOWN,明治神宮野球場,interleague,high,True,True,,,[],[],,,,,0,light,2019-06-19 18:00:00+00:00,,UNKNOWN,,,,UNKNOWN,UNKNOWN,,UNKNOWN,,,,,,,,,,,,,,,,,,,,,,,,,,,,,,,,False,False,UNKNOWN,False,False,,,,,,,,,,NPB,2019-06-19 18:00:00,1,,,0,
2019061903,2019-06-19 18:00:00,横浜DeNAベイスターズ,北海道日本ハムファイターズ,7.0,6.0,UNKNOWN,横浜スタジアム,excluded,high,False,False,,,[],[],,,,,0,light,2019-06-19 18:00:00+00:00,,UNKNOWN,,,,UNKNOWN,UNKNOWN,,UNKNOWN,,,,,,,,,,,,,,,,,,,,,,,,,,,,,,,,False,False,UNKNOWN,False,False,,,,,,,,,,NPB,2019-06-19 18:00:00,1,,,0,
2019061904,2019-06-19 18:00:00,中日ドラゴンズ,埼玉西武ライオンズ,2.0,5.0,UNKNOWN,ナゴヤドーム,interleague,high,True,True,,,[],[],,,,,0,light,2019-06-19 18:00:00+00:00,,UNKNOWN,,,,UNKNOWN,UNKNOWN,,UNKNOWN,,,,,,,,,,,,,,,,,,,,,,,,,,,,,,,,False,False,UNKNOWN,False,False,,,,,,,,,,NPB,2019-06-19 18:00:00,1,,,0,
2019061905,2019-06-19 18:00:00,阪神タイガース,東北楽天ゴールデンイーグルス,4.0,9.0,UNKNOWN,阪神甲子園球場,unknown,low,False,False,,,[],[],,,,,0,light,2019-06-19 18:00:00+00:00,,UNKNOWN,,,,UNKNOWN,UNKNOWN,,UNKNOWN,,,,,,,,,,,,,,,,,,,,,,,,,,,,,,,,False,False,UNKNOWN,False,False,,,,,,,,,,NPB,2019-06-19 18:00:00,1,,,0,
2019061906,2019-06-19 18:00:00,広島東洋カープ,千葉ロッテマリーンズ,3.0,6.0,UNKNOWN,ＭＡＺＤＡ　Ｚｏｏｍ－Ｚｏｏｍ　スタジアム広島,unknown,low,False,False,,,[],[],,,,,0,light,2019-06-19 18:00:00+00:00,,UNKNOWN,,,,UNKNOWN,UNKNOWN,,UNKNOWN,,,,,,,,,,,,,,,,,,,,,,,,,,,,,,,,False,False,UNKNOWN,False,False,,,,,,,,,,NPB,2019-06-19 18:00:00,1,,,0,
2019062001,2019-06-20 18:00:00,読売ジャイアンツ,オリックス・バファローズ,4.0,2.0,UNKNOWN,東京ドーム,interleague,high,True,True,,,[],[],,,,,0,light,2019-06-20 18:00:00+00:00,,UNKNOWN,,,,UNKNOWN,UNKNOWN,,UNKNOWN,,,,,,,,,,,,,,,,,,,,,,,,,,,,,,,,False,False,UNKNOWN,False,False,2019-06-20 09:00:00+00:00,,UNKNOWN,Open-Meteo Historical Forecast,FAIL_CLOSED_NO_ISSUANCE_TIMESTAMP,25.5,62.0,0.0,6.7,NPB,2019-06-20 18:00:00,1,,,0,
2019062002,2019-06-20 18:00:00,東京ヤクルトスワローズ,福岡ソフトバンクホークス,5.0,6.0,UNKNOWN,明治神宮野球場,unknown,low,False,False,,,[],[],,,,,0,light,2019-06-20 18:00:00+00:00,,UNKNOWN,,,,UNKNOWN,UNKNOWN,,UNKNOWN,,,,,,,,,,,,,,,,,,,,,,,,,,,,,,,,False,False,UNKNOWN,False,False,,,,,,,,,,NPB,2019-06-20 18:00:00,1,,,0,
2019062003,2019-06-20 18:00:00,横浜DeNAベイスターズ,北海道日本ハムファイターズ,4.0,8.0,UNKNOWN,横浜スタジアム,interleague,high,True,True,,,[],[],,,,,0,light,2019-06-20 18:00:00+00:00,,UNKNOWN,,,,UNKNOWN,UNKNOWN,,UNKNOWN,,,,,,,,,,,,,,,,,,,,,,,,,,,,,,,,False,False,UNKNOWN,False,False,,,,,,,,,,NPB,2019-06-20 18:00:00,1,,,0,
2019062004,2019-06-20 18:00:00,中日ドラゴンズ,埼玉西武ライオンズ,1.0,2.0,UNKNOWN,ナゴヤドーム,unknown,low,False,False,,,[],[],,,,,0,light,2019-06-20 18:00:00+00:00,,UNKNOWN,,,,UNKNOWN,UNKNOWN,,UNKNOWN,,,,,,,,,,,,,,,,,,,,,,,,,,,,,,,,False,False,UNKNOWN,False,False,,,,,,,,,,NPB,2019-06-20 18:00:00,1,,,0,
2019062005,2019-06-20 18:00:00,阪神タイガース,東北楽天ゴールデンイーグルス,2.0,3.0,UNKNOWN,阪神甲子園球場,interleague,high,True,True,,,[],[],,,,,0,light,2019-06-20 18:00:00+00:00,,UNKNOWN,,,,UNKNOWN,UNKNOWN,,UNKNOWN,,,,,,,,,,,,,,,,,,,,,,,,,,,,,,,,False,False,UNKNOWN,False,False,,,,,,,,,,NPB,2019-06-20 18:00:00,1,,,0,
2019062006,2019-06-20 18:00:00,広島東洋カープ,千葉ロッテマリーンズ,7.0,6.0,UNKNOWN,ＭＡＺＤＡ　Ｚｏｏｍ－Ｚｏｏｍ　スタジアム広島,unknown,low,False,False,,,[],[],,,,,0,light,2019-06-20 18:00:00+00:00,,UNKNOWN,,,,UNKNOWN,UNKNOWN,,UNKNOWN,,,,,,,,,,,,,,,,,,,,,,,,,,,,,,,,False,False,UNKNOWN,False,False,,,,,,,,,,NPB,2019-06-20 18:00:00,1,,,0,
2019062101,2019-06-21 18:00:00,読売ジャイアンツ,福岡ソフトバンクホークス,3.0,8.0,UNKNOWN,東京ドーム,interleague,high,True,True,,,[],[],,,,,0,light,2019-06-21 18:00:00+00:00,,UNKNOWN,,,,UNKNOWN,UNKNOWN,,UNKNOWN,,,,,,,,,,,,,,,,,,,,,,,,,,,,,,,,False,False,UNKNOWN,False,False,2019-06-21 09:00:00+00:00,,UNKNOWN,Open-Meteo Historical Forecast,FAIL_CLOSED_NO_ISSUANCE_TIMESTAMP,24.3,77.0,0.0,11.5,NPB,2019-06-21 18:00:00,1,,,0,
2019062102,2019-06-21 18:00:00,東京ヤクルトスワローズ,千葉ロッテマリーンズ,3.0,12.0,UNKNOWN,明治神宮野球場,interleague,high,True,True,,,[],[],,,,,0,light,2019-06-21 18:00:00+00:00,,UNKNOWN,,,,UNKNOWN,UNKNOWN,,UNKNOWN,,,,,,,,,,,,,,,,,,,,,,,,,,,,,,,,False,False,UNKNOWN,False,False,,,,,,,,,,NPB,2019-06-21 18:00:00,1,,,0,
2019062103,2019-06-21 18:00:00,横浜DeNAベイスターズ,東北楽天ゴールデンイーグルス,3.0,2.0,UNKNOWN,横浜スタジアム,unknown,low,False,False,,,[],[],,,,,0,light,2019-06-21 18:00:00+00:00,,UNKNOWN,,,,UNKNOWN,UNKNOWN,,UNKNOWN,,,,,,,,,,,,,,,,,,,,,,,,,,,,,,,,False,False,UNKNOWN,False,False,,,,,,,,,,NPB,2019-06-21 18:00:00,1,,,0,
2019062104,2019-06-21 18:00:00,中日ドラゴンズ,北海道日本ハムファイターズ,4.0,2.0,UNKNOWN,ナゴヤドーム,unknown,low,False,False,,,[],[],,,,,0,light,2019-06-21 18:00:00+00:00,,UNKNOWN,,,,UNKNOWN,UNKNOWN,,UNKNOWN,,,,,,,,,,,,,,,,,,,,,,,,,,,,,,,,False,False,UNKNOWN,False,False,,,,,,,,,,NPB,2019-06-21 18:00:00,1,,,0,
2019062105,2019-06-21 18:00:00,阪神タイガース,埼玉西武ライオンズ,5.0,3.0,UNKNOWN,阪神甲子園球場,unknown,low,False,False,,,[],[],,,,,0,light,2019-06-21 18:00:00+00:00,,UNKNOWN,,,,UNKNOWN,UNKNOWN,,UNKNOWN,,,,,,,,,,,,,,,,,,,,,,,,,,,,,,,,False,False,UNKNOWN,False,False,,,,,,,,,,NPB,2019-06-21 18:00:00,1,,,0,
2019062106,2019-06-21 18:00:00,広島東洋カープ,オリックス・バファローズ,4.0,5.0,UNKNOWN,ＭＡＺＤＡ　Ｚｏｏｍ－Ｚｏｏｍ　スタジアム広島,excluded,high,False,False,,,[],[],,,,,0,light,2019-06-21 18:00:00+00:00,,UNKNOWN,,,,UNKNOWN,UNKNOWN,,UNKNOWN,,,,,,,,,,,,,,,,,,,,,,,,,,,,,,,,False,False,UNKNOWN,False,False,,,,,,,,,,NPB,2019-06-21 18:00:00,1,,,0,
2019062201,2019-06-22 14:00:00,読売ジャイアンツ,福岡ソフトバンクホークス,7.0,2.0,UNKNOWN,東京ドーム,interleague,high,True,True,,,[],[],,,,,0,light,2019-06-22 14:00:00+00:00,,UNKNOWN,,,,UNKNOWN,UNKNOWN,,UNKNOWN,,,,,,,,,,,,,,,,,,,,,,,,,,,,,,,,False,False,UNKNOWN,False,False,2019-06-22 05:00:00+00:00,,UNKNOWN,Open-Meteo Historical Forecast,FAIL_CLOSED_NO_ISSUANCE_TIMESTAMP,23.8,72.0,1.1,8.0,NPB,2019-06-22 14:00:00,1,,,0,
2019062202,2019-06-22 14:00:00,東京ヤクルトスワローズ,千葉ロッテマリーンズ,4.0,8.0,UNKNOWN,明治神宮野球場,interleague,high,True,True,,,[],[],,,,,0,light,2019-06-22 14:00:00+00:00,,UNKNOWN,,,,UNKNOWN,UNKNOWN,,UNKNOWN,,,,,,,,,,,,,,,,,,,,,,,,,,,,,,,,False,False,UNKNOWN,False,False,,,,,,,,,,NPB,2019-06-22 14:00:00,1,,,0,
2019062203,2019-06-22 14:00:00,横浜DeNAベイスターズ,東北楽天ゴールデンイーグルス,9.0,11.0,UNKNOWN,横浜スタジアム,unknown,low,False,False,,,[],[],,,,,0,light,2019-06-22 14:00:00+00:00,,UNKNOWN,,,,UNKNOWN,UNKNOWN,,UNKNOWN,,,,,,,,,,,,,,,,,,,,,,,,,,,,,,,,False,False,UNKNOWN,False,False,,,,,,,,,,NPB,2019-06-22 14:00:00,1,,,0,
2019062204,2019-06-22 14:00:00,中日ドラゴンズ,北海道日本ハムファイターズ,6.0,1.0,UNKNOWN,ナゴヤドーム,unknown,low,False,False,,,[],[],,,,,0,light,2019-06-22 14:00:00+00:00,,UNKNOWN,,,,UNKNOWN,UNKNOWN,,UNKNOWN,,,,,,,,,,,,,,,,,,,,,,,,,,,,,,,,False,False,UNKNOWN,False,False,,,,,,,,,,NPB,2019-06-22 14:00:00,1,,,0,
2019062205,2019-06-22 14:00:00,阪神タイガース,埼玉西武ライオンズ,6.0,2.0,UNKNOWN,阪神甲子園球場,unknown,low,False,False,,,[],[],,,,,0,light,2019-06-22 14:00:00+00:00,,UNKNOWN,,,,UNKNOWN,UNKNOWN,,UNKNOWN,,,,,,,,,,,,,,,,,,,,,,,,,,,,,,,,False,False,UNKNOWN,False,False,,,,,,,,,,NPB,2019-06-22 14:00:00,1,,,0,
2019062206,2019-06-22 14:00:00,広島東洋カープ,オリックス・バファローズ,2.0,3.0,UNKNOWN,ＭＡＺＤＡ　Ｚｏｏｍ－Ｚｏｏｍ　スタジアム広島,excluded,high,False,False,,,[],[],,,,,0,light,2019-06-22 14:00:00+00:00,,UNKNOWN,,,,UNKNOWN,UNKNOWN,,UNKNOWN,,,,,,,,,,,,,,,,,,,,,,,,,,,,,,,,False,False,UNKNOWN,False,False,,,,,,,,,,NPB,2019-06-22 14:00:00,1,,,0,
2019062301,2019-06-23 13:00:00,読売ジャイアンツ,福岡ソフトバンクホークス,1.0,5.0,UNKNOWN,東京ドーム,interleague,high,True,True,,,[],[],,,,,0,light,2019-06-23 13:00:00+00:00,,UNKNOWN,,,,UNKNOWN,UNKNOWN,,UNKNOWN,,,,,,,,,,,,,,,,,,,,,,,,,,,,,,,,False,False,UNKNOWN,False,False,2019-06-23 04:00:00+00:00,,UNKNOWN,Open-Meteo Historical Forecast,FAIL_CLOSED_NO_ISSUANCE_TIMESTAMP,21.5,83.0,0.0,3.9,NPB,2019-06-23 13:00:00,1,,,0,
2019062302,2019-06-23 13:00:00,東京ヤクルトスワローズ,千葉ロッテマリーンズ,6.0,2.0,UNKNOWN,明治神宮野球場,unknown,low,False,False,,,[],[],,,,,0,light,2019-06-23 13:00:00+00:00,,UNKNOWN,,,,UNKNOWN,UNKNOWN,,UNKNOWN,,,,,,,,,,,,,,,,,,,,,,,,,,,,,,,,False,False,UNKNOWN,False,False,,,,,,,,,,NPB,2019-06-23 13:00:00,1,,,0,
2019062303,2019-06-23 13:00:00,横浜DeNAベイスターズ,東北楽天ゴールデンイーグルス,3.0,0.0,UNKNOWN,横浜スタジアム,interleague,high,True,True,,,[],[],,,,,0,light,2019-06-23 13:00:00+00:00,,UNKNOWN,,,,UNKNOWN,UNKNOWN,,UNKNOWN,,,,,,,,,,,,,,,,,,,,,,,,,,,,,,,,False,False,UNKNOWN,False,False,,,,,,,,,,NPB,2019-06-23 13:00:00,1,,,0,
2019062306,2019-06-23 13:30:00,広島東洋カープ,オリックス・バファローズ,3.0,9.0,UNKNOWN,ＭＡＺＤＡ　Ｚｏｏｍ－Ｚｏｏｍ　スタジアム広島,unknown,low,False,False,,,[],[],,,,,0,light,2019-06-23 13:30:00+00:00,,UNKNOWN,,,,UNKNOWN,UNKNOWN,,UNKNOWN,,,,,,,,,,,,,,,,,,,,,,,,,,,,,,,,False,False,UNKNOWN,False,False,,,,,,,,,,NPB,2019-06-23 13:30:00,1,,,0,
2019062304,2019-06-23 14:00:00,中日ドラゴンズ,北海道日本ハムファイターズ,8.0,4.0,UNKNOWN,ナゴヤドーム,unknown,low,False,False,,,[],[],,,,,0,light,2019-06-23 14:00:00+00:00,,UNKNOWN,,,,UNKNOWN,UNKNOWN,,UNKNOWN,,,,,,,,,,,,,,,,,,,,,,,,,,,,,,,,False,False,UNKNOWN,False,False,,,,,,,,,,NPB,2019-06-23 14:00:00,1,,,0,
2019062305,2019-06-23 14:00:00,阪神タイガース,埼玉西武ライオンズ,3.0,7.0,UNKNOWN,阪神甲子園球場,unknown,low,False,False,,,[],[],,,,,0,light,2019-06-23 14:00:00+00:00,,UNKNOWN,,,,UNKNOWN,UNKNOWN,,UNKNOWN,,,,,,,,,,,,,,,,,,,,,,,,,,,,,,,,False,False,UNKNOWN,False,False,,,,,,,,,,NPB,2019-06-23 14:00:00,1,,,0,
2019062401,2019-06-24 18:00:00,東京ヤクルトスワローズ,オリックス・バファローズ,2.0,6.0,UNKNOWN,明治神宮野球場,interleague,high,True,True,,,[],[],,,,,0,light,2019-06-24 18:00:00+00:00,,UNKNOWN,,,,UNKNOWN,UNKNOWN,,UNKNOWN,,,,,,,,,,,,,,,,,,,,,,,,,,,,,,,,False,False,UNKNOWN,False,False,,,,,,,,,,NPB,2019-06-24 18:00:00,1,,,0,
2019062501,2019-06-25 18:00:00,東北楽天ゴールデンイーグルス,広島東洋カープ,0.0,2.0,UNKNOWN,楽天生命パーク宮城,unknown,low,False,False,,,[],[],,,,,0,light,2019-06-25 18:00:00+00:00,,UNKNOWN,,,,UNKNOWN,UNKNOWN,,UNKNOWN,,,,,,,,,,,,,,,,,,,,,,,,,,,,,,,,False,False,UNKNOWN,False,False,,,,,,,,,,NPB,2019-06-25 18:00:00,1,,,0,
2019062801,2019-06-28 18:00:00,横浜DeNAベイスターズ,広島東洋カープ,13.0,3.0,UNKNOWN,横浜スタジアム,interleague,high,True,True,1300057,1500061,[],[],,,,,0,light,2019-06-28 18:00:00+00:00,,UNKNOWN,,,,UNKNOWN,UNKNOWN,,UNKNOWN,,13.5,2.571428571428571,3.8571428571428568,0.0,5.785714285714286,10.7,4.666666666666667,7.0,12.0,3.0,0.0,2.0,,,,5.4,1.4,5.4,3.6,3.6,8.4,5.0,3.0,5.0,2.0,2.0,3.0,,,,True,True,UNKNOWN,False,False,,,,,,,,,,NPB,2019-06-28 18:00:00,1,,,0,
2019062802,2019-06-28 18:00:00,北海道日本ハムファイターズ,福岡ソフトバンクホークス,5.0,7.0,UNKNOWN,札幌ドーム,interleague,high,True,True,1000174,1400117,[],[],,,,,0,light,2019-06-28 18:00:00+00:00,,UNKNOWN,,,,UNKNOWN,UNKNOWN,,UNKNOWN,,1.5,1.3333333333333333,7.5,6.0,0.0,3.5333333333333337,6.0,1.0,4.0,0.0,4.0,5.0,,,,4.5,1.5,6.0,4.5,1.5,5.533333333333333,6.0,3.0,6.0,1.0,3.0,4.0,,,,True,True,UNKNOWN,False,False,,,,,,,,,,NPB,2019-06-28 18:00:00,1,,,0,
2019062803,2019-06-28 18:00:00,東北楽天ゴールデンイーグルス,千葉ロッテマリーンズ,5.0,6.0,UNKNOWN,楽天生命パーク宮城,unknown,low,False,False,1300055,1000154,[],[],,,,,0,light,2019-06-28 18:00:00+00:00,,UNKNOWN,,,,UNKNOWN,UNKNOWN,,UNKNOWN,,1.588235294117647,1.4117647058823528,6.352941176470588,3.176470588235294,0.0,2.847058823529412,5.666666666666667,1.0,6.0,0.0,2.0,4.0,,,,2.6999999999999997,1.05,9.45,4.05,0.0,2.45,6.666666666666667,2.0,4.0,0.0,3.0,7.0,,,,True,True,UNKNOWN,False,False,,,,,,,,,,NPB,2019-06-28 18:00:00,1,,,0,
2019062804,2019-06-28 18:00:00,埼玉西武ライオンズ,オリックス・バファローズ,0.0,4.0,UNKNOWN,メットライフドーム,unknown,low,False,False,1600153,1600127,[],[],,,,,0,light,2019-06-28 18:00:00+00:00,,UNKNOWN,,,,UNKNOWN,UNKNOWN,,UNKNOWN,,0.0,0.7777777777777778,11.0,2.0,0.0,1.4222222222222225,9.0,0.0,5.0,0.0,2.0,11.0,,,,1.125,1.25,7.875,4.5,0.0,2.95,8.0,1.0,6.0,0.0,4.0,7.0,,,,True,True,UNKNOWN,False,False,,,,,,,,,,NPB,2019-06-28 18:00:00,1,,,0,
2019062903,2019-06-29 14:00:00,中日ドラゴンズ,阪神タイガース,6.0,1.0,UNKNOWN,ナゴヤドーム,interleague,high,True,True,1500090,1000138,[],[],,,,,0,light,2019-06-29 14:00:00+00:00,,UNKNOWN,,,,UNKNOWN,UNKNOWN,,UNKNOWN,,11.25,2.0,2.25,4.5,0.0,4.2,4.0,5.0,6.0,0.0,2.0,1.0,,,,1.2857142857142858,1.1428571428571428,6.428571428571429,0.0,0.0,1.7714285714285716,7.0,1.0,8.0,0.0,0.0,5.0,,,,True,True,UNKNOWN,False,False,,,,,,,,,,NPB,2019-06-29 14:00:00,1,,,0,
2019062904,2019-06-29 14:00:00,北海道日本ハムファイターズ,福岡ソフトバンクホークス,4.0,5.0,UNKNOWN,札幌ドーム,unknown,low,False,False,1700137,1300094,[],[],,,,,0,light,2019-06-29 14:00:00+00:00,,UNKNOWN,,,,UNKNOWN,UNKNOWN,,UNKNOWN,,5.684210526315789,1.2631578947368423,4.2631578947368425,4.2631578947368425,1.4210526315789473,5.726315789473684,6.333333333333333,4.0,5.0,1.0,3.0,3.0,,,,6.75,1.0,6.75,0.0,2.25,4.95,4.0,3.0,4.0,1.0,0.0,3.0,,,,True,True,UNKNOWN,False,False,,,,,,,,,,NPB,2019-06-29 14:00:00,1,,,0,
2019062905,2019-06-29 14:00:00,東北楽天ゴールデンイーグルス,千葉ロッテマリーンズ,2.0,2.0,UNKNOWN,楽天生命パーク宮城,unknown,low,False,False,500014,1000155,[],[],,,,,0,light,2019-06-29 14:00:00+00:00,,UNKNOWN,,,,UNKNOWN,UNKNOWN,,UNKNOWN,,3.6,1.8,10.8,7.2,3.6,8.4,5.0,2.0,5.0,2.0,4.0,6.0,,,,3.0,1.0,9.0,0.0,0.0,1.2000000000000002,6.0,2.0,6.0,0.0,0.0,6.0,,,,True,True,UNKNOWN,False,False,,,,,,,,,,NPB,2019-06-29 14:00:00,1,,,0,
2019062906,2019-06-29 14:00:00,埼玉西武ライオンズ,オリックス・バファローズ,7.0,0.0,UNKNOWN,メットライフドーム,interleague,high,True,True,1600160,1500104,[],[],,,,,0,light,2019-06-29 14:00:00+00:00,,UNKNOWN,,,,UNKNOWN,UNKNOWN,,UNKNOWN,,5.4,1.8,9.0,3.6,0.0,2.4000000000000004,5.0,3.0,7.0,0.0,2.0,5.0,,,,0.0,0.6666666666666666,7.5,3.0,0.0,2.5333333333333337,6.0,0.0,2.0,0.0,2.0,5.0,,,,True,True,UNKNOWN,False,False,,,,,,,,,,NPB,2019-06-29 14:00:00,1,,,0,
2019062901,2019-06-29 18:00:00,東京ヤクルトスワローズ,読売ジャイアンツ,2.0,6.0,UNKNOWN,秋田県立野球場,unknown,low,False,False,600008,12113,[],[],,,,,0,light,2019-06-29 18:00:00+00:00,,UNKNOWN,,,,UNKNOWN,UNKNOWN,,UNKNOWN,,0.0,0.7142857142857143,7.714285714285714,2.5714285714285716,0.0,2.342857142857143,7.0,0.0,3.0,0.0,2.0,6.0,,,,1.5,0.6666666666666666,4.5,1.5,0.0,2.7,6.0,1.0,3.0,0.0,1.0,3.0,,,,True,True,UNKNOWN,False,False,,,,,,,,,,NPB,2019-06-29 18:00:00,1,,,0,
2019062902,2019-06-29 18:00:00,横浜DeNAベイスターズ,広島東洋カープ,2.0,1.0,UNKNOWN,横浜スタジアム,excluded,high,False,False,1600125,1300031,[],[],,,,,0,light,2019-06-29 18:00:00+00:00,,UNKNOWN,,,,UNKNOWN,UNKNOWN,,UNKNOWN,,1.2857142857142858,0.8571428571428571,6.428571428571429,1.2857142857142858,1.2857142857142858,4.057142857142857,7.0,1.0,5.0,1.0,1.0,5.0,,,,1.5,0.8333333333333334,3.0,0.0,0.0,2.5333333333333337,6.0,1.0,5.0,0.0,0.0,2.0,,,,True,True,UNKNOWN,False,False,,,,,,,,,,NPB,2019-06-29 18:00:00,1,,,0,
2019063006,2019-06-30 13:00:00,埼玉西武ライオンズ,オリックス・バファローズ,11.0,3.0,UNKNOWN,メットライフドーム,unknown,low,False,False,1700110,1800080,[],[],,,,,0,light,2019-06-30 13:00:00+00:00,,UNKNOWN,,,,UNKNOWN,UNKNOWN,,UNKNOWN,,10.799999999999999,3.0,10.799999999999999,13.5,0.0,5.300000000000001,3.3333333333333335,4.0,5.0,0.0,5.0,4.0,,,,5.4,2.2,5.4,1.8,0.0,2.6,5.0,3.0,10.0,0.0,1.0,3.0,,,,True,True,UNKNOWN,False,False,,,,,,,,,,NPB,2019-06-30 13:00:00,1,,,0,
2019063001,2019-06-30 13:30:00,東京ヤクルトスワローズ,読売ジャイアンツ,3.0,4.0,UNKNOWN,秋田県立野球場,unknown,low,False,False,1700002,1300045,[],[],,,,,0,light,2019-06-30 13:30:00+00:00,,UNKNOWN,,,,UNKNOWN,UNKNOWN,,UNKNOWN,,4.5,2.5,4.5,0.0,2.25,5.45,4.0,2.0,10.0,1.0,0.0,2.0,,,,1.5,1.3333333333333333,6.0,4.5,0.0,3.3666666666666667,6.0,1.0,5.0,0.0,3.0,4.0,,,,True,True,UNKNOWN,False,False,,,,,,,,,,NPB,2019-06-30 13:30:00,1,,,0,
2019063003,2019-06-30 14:00:00,中日ドラゴンズ,阪神タイガース,1.0,0.0,UNKNOWN,ナゴヤドーム,interleague,high,True,True,1700078,1600106,[],[],,,,,0,light,2019-06-30 14:00:00+00:00,,UNKNOWN,,,,UNKNOWN,UNKNOWN,,UNKNOWN,,0.0,0.8333333333333334,6.0,4.5,0.0,3.3666666666666667,6.0,0.0,2.0,0.0,3.0,4.0,,,,0.0,0.5,11.25,0.0,0.0,0.7000000000000002,8.0,0.0,4.0,0.0,0.0,10.0,,,,True,True,UNKNOWN,False,False,,,,,,,,,,NPB,2019-06-30 14:00:00,1,,,0,
2019063004,2019-06-30 14:00:00,北海道日本ハムファイターズ,福岡ソフトバンクホークス,3.0,4.0,UNKNOWN,札幌ドーム,unknown,low,False,False,1400126,1300043,[],[],,,,,0,light,2019-06-30 14:00:00+00:00,,UNKNOWN,,,,UNKNOWN,UNKNOWN,,UNKNOWN,,3.6,1.6,9.0,3.6,0.0,2.4000000000000004,5.0,2.0,6.0,0.0,2.0,5.0,,,,9.0,2.0,13.5,9.0,0.0,3.2,2.0,2.0,2.0,0.0,2.0,3.0,,,,True,True,UNKNOWN,False,False,,,,,,,,,,NPB,2019-06-30 14:00:00,1,,,0,
2019063002,2019-06-30 18:00:00,横浜DeNAベイスターズ,広島東洋カープ,2.0,2.0,UNKNOWN,横浜スタジアム,unknown,low,False,False,1600123,1200050,[],[],,,,,0,light,2019-06-30 18:00:00+00:00,,UNKNOWN,,,,UNKNOWN,UNKNOWN,,UNKNOWN,,1.5,1.1666666666666667,7.5,6.0,0.0,3.5333333333333337,6.0,1.0,3.0,0.0,4.0,5.0,,,,0.0,0.8333333333333334,7.5,0.0,0.0,1.5333333333333334,6.0,0.0,5.0,0.0,0.0,5.0,,,,True,True,UNKNOWN,False,False,,,,,,,,,,NPB,2019-06-30 18:00:00,1,,,0,
2019070201,2019-07-02 18:00:00,読売ジャイアンツ,中日ドラゴンズ,6.0,0.0,UNKNOWN,東京ドーム,interleague,high,True,True,1700104,1200041,[],[],,,,,0,light,2019-07-02 18:00:00+00:00,,UNKNOWN,,,,UNKNOWN,UNKNOWN,,UNKNOWN,,6.75,1.5,4.5,2.25,4.5,9.45,4.0,3.0,5.0,2.0,1.0,2.0,,,,0.0,0.6666666666666666,6.0,0.0,0.0,1.866666666666667,9.0,0.0,6.0,0.0,0.0,6.0,,,,True,True,UNKNOWN,False,False,2019-07-02 09:00:00+00:00,,UNKNOWN,Open-Meteo Historical Forecast,FAIL_CLOSED_NO_ISSUANCE_TIMESTAMP,24.6,78.0,0.0,6.9,NPB,2019-07-02 18:00:00,1,,,0,
2019070202,2019-07-02 18:00:00,横浜DeNAベイスターズ,阪神タイガース,4.0,0.0,UNKNOWN,横浜スタジアム,unknown,low,False,False,900062,1800043,[],[],,,,,0,light,2019-07-02 18:00:00+00:00,,UNKNOWN,,,,UNKNOWN,UNKNOWN,,UNKNOWN,,3.0,1.5,3.0,1.5,1.5,5.2,6.0,2.0,8.0,1.0,1.0,2.0,,,,0.0,1.2352941176470587,12.705882352941176,1.588235294117647,0.0,0.9058823529411768,5.666666666666667,0.0,6.0,0.0,1.0,8.0,,,,True,True,UNKNOWN,False,False,,,,,,,,,,NPB,2019-07-02 18:00:00,1,,,0,
2019070203,2019-07-02 18:00:00,広島東洋カープ,東京ヤクルトスワローズ,1.0,3.0,UNKNOWN,ＭＡＺＤＡ　Ｚｏｏｍ－Ｚｏｏｍ　スタジアム広島,unknown,low,False,False,1200076,1300058,[],[],,,,,0,light,2019-07-02 18:00:00+00:00,,UNKNOWN,,,,UNKNOWN,UNKNOWN,,UNKNOWN,,1.2857142857142858,0.8571428571428571,7.714285714285714,2.5714285714285716,0.0,2.342857142857143,7.0,1.0,4.0,0.0,2.0,6.0,,,,1.5,1.0,10.5,3.0,1.5,4.033333333333333,6.0,1.0,4.0,1.0,2.0,7.0,,,,True,True,UNKNOWN,False,False,,,,,,,,,,NPB,2019-07-02 18:00:00,1,,,0,
2019070204,2019-07-02 18:00:00,北海道日本ハムファイターズ,埼玉西武ライオンズ,9.0,1.0,UNKNOWN,札幌ドーム,unknown,low,False,False,1400182,1500110,[],[],,,,,0,light,2019-07-02 18:00:00+00:00,,UNKNOWN,,,,UNKNOWN,UNKNOWN,,UNKNOWN,,72.0,9.0,0.0,9.0,0.0,6.2,1.0,8.0,8.0,0.0,1.0,0.0,,,,0.0,0.6,1.8,0.0,0.0,2.8000000000000003,5.0,0.0,3.0,0.0,0.0,1.0,,,,True,True,UNKNOWN,False,False,,,,,,,,,,NPB,2019-07-02 18:00:00,1,,,0,
2019070205,2019-07-02 18:00:00,オリックス・バファローズ,千葉ロッテマリーンズ,6.0,5.0,UNKNOWN,京セラドーム大阪,unknown,low,False,False,1400190,1600150,[],[],,,,,0,light,2019-07-02 18:00:00+00:00,,UNKNOWN,,,,UNKNOWN,UNKNOWN,,UNKNOWN,,1.8,1.4,3.6,3.6,0.0,3.6,5.0,1.0,5.0,0.0,2.0,2.0,,,,4.2631578947368425,0.9473684210526316,4.2631578947368425,4.2631578947368425,2.8421052631578947,7.778947368421053,6.333333333333333,3.0,3.0,2.0,3.0,3.0,,,,True,True,UNKNOWN,False,False,,,,,,,,,,NPB,2019-07-02 18:00:00,1,,,0,
2019070206,2019-07-02 18:00:00,福岡ソフトバンクホークス,東北楽天ゴールデンイーグルス,8.0,6.0,UNKNOWN,福岡 ヤフオク!ドーム,allstar,high,False,True,1600005,1700130,[],[],,,,,0,light,2019-07-02 18:00:00+00:00,,UNKNOWN,,,,UNKNOWN,UNKNOWN,,UNKNOWN,,5.4,2.0,3.6,3.6,1.8,6.2,5.0,3.0,8.0,1.0,2.0,2.0,,,,5.142857142857143,1.1428571428571428,3.857142857142857,1.2857142857142858,1.2857142857142858,4.628571428571429,7.0,4.0,7.0,1.0,1.0,3.0,,,,True,True,UNKNOWN,False,False,,,,,,,,,,NPB,2019-07-02 18:00:00,1,,,0,
2019070301,2019-07-03 18:00:00,読売ジャイアンツ,中日ドラゴンズ,7.0,6.0,UNKNOWN,東京ドーム,unknown,low,False,False,600078,1500046,[],[],,,,,0,light,2019-07-03 18:00:00+00:00,,UNKNOWN,,,,UNKNOWN,UNKNOWN,,UNKNOWN,,18.0,4.0,4.5,4.5,0.0,3.7,2.0,4.0,7.0,0.0,1.0,1.0,,,,9.0,2.0,0.0,0.0,0.0,3.2,3.0,3.0,6.0,0.0,0.0,0.0,,,,True,True,UNKNOWN,False,False,2019-07-03 09:00:00+00:00,,UNKNOWN,Open-Meteo Historical Forecast,FAIL_CLOSED_NO_ISSUANCE_TIMESTAMP,24.9,78.0,0.0,7.3,NPB,2019-07-03 18:00:00,1,,,0,
2019070302,2019-07-03 18:00:00,横浜DeNAベイスターズ,阪神タイガース,3.0,4.0,UNKNOWN,横浜スタジアム,unknown,low,False,False,1700154,1600081,[],[],,,,,0,light,2019-07-03 18:00:00+00:00,,UNKNOWN,,,,UNKNOWN,UNKNOWN,,UNKNOWN,,3.0,0.8333333333333334,7.5,3.0,1.5,4.7,6.0,2.0,3.0,1.0,2.0,5.0,,,,1.8,0.8,12.6,3.6,1.8,4.2,5.0,1.0,2.0,1.0,2.0,7.0,,,,True,True,UNKNOWN,False,False,,,,,,,,,,NPB,2019-07-03 18:00:00,1,,,0,
2019070303,2019-07-03 18:00:00,広島東洋カープ,東京ヤクルトスワローズ,2.0,6.0,UNKNOWN,ＭＡＺＤＡ　Ｚｏｏｍ－Ｚｏｏｍ　スタジアム広島,excluded,high,False,False,12103,1800131,[],[],,,,,0,light,2019-07-03 18:00:00+00:00,,UNKNOWN,,,,UNKNOWN,UNKNOWN,,UNKNOWN,,3.6,1.4,5.4,7.2,0.0,4.4,5.0,2.0,3.0,0.0,4.0,3.0,,,,10.8,1.6,5.4,7.2,1.8,7.0,5.0,6.0,4.0,1.0,4.0,3.0,,,,True,True,UNKNOWN,False,False,,,,,,,,,,NPB,2019-07-03 18:00:00,1,,,0,
2019070304,2019-07-03 18:00:00,北海道日本ハムファイターズ,埼玉西武ライオンズ,5.0,3.0,UNKNOWN,札幌ドーム,excluded,high,False,False,1100089,800004,[],[],,,,,0,light,2019-07-03 18:00:00+00:00,,UNKNOWN,,,,UNKNOWN,UNKNOWN,,UNKNOWN,,10.799999999999999,2.6999999999999997,5.3999999999999995,2.6999999999999997,0.0,2.9000000000000004,3.3333333333333335,4.0,8.0,0.0,1.0,2.0,,,,6.0,2.0,3.0,6.0,0.0,4.533333333333333,3.0,2.0,4.0,0.0,2.0,1.0,,,,True,True,UNKNOWN,False,False,,,,,,,,,,NPB,2019-07-03 18:00:00,1,,,0,
2019070305,2019-07-03 18:00:00,オリックス・バファローズ,千葉ロッテマリーンズ,6.0,12.0,UNKNOWN,京セラドーム大阪,interleague,high,True,True,1700145,1800100,[],[],,,,,0,light,2019-07-03 18:00:00+00:00,,UNKNOWN,,,,UNKNOWN,UNKNOWN,,UNKNOWN,,10.125,1.875,5.0625,1.6875,1.6875,5.075,5.333333333333333,6.0,9.0,1.0,1.0,3.0,,,,27.0,3.4285714285714284,11.571428571428571,3.8571428571428568,3.8571428571428568,7.485714285714286,2.3333333333333335,7.0,7.0,1.0,1.0,3.0,,,,True,True,UNKNOWN,False,False,,,,,,,,,,NPB,2019-07-03 18:00:00,1,,,0,
2019070306,2019-07-03 18:00:00,福岡ソフトバンクホークス,東北楽天ゴールデンイーグルス,4.0,1.0,UNKNOWN,福岡 ヤフオク!ドーム,unknown,low,False,False,700065,20204,[],[],,,,,0,light,2019-07-03 18:00:00+00:00,,UNKNOWN,,,,UNKNOWN,UNKNOWN,,UNKNOWN,,5.684210526315789,1.8947368421052633,8.526315789473685,4.2631578947368425,1.4210526315789473,4.778947368421052,6.333333333333333,4.0,9.0,1.0,3.0,6.0,,,,0.0,0.5714285714285714,6.428571428571429,0.0,0.0,1.7714285714285716,7.0,0.0,4.0,0.0,0.0,5.0,,,,True,True,UNKNOWN,False,False,,,,,,,,,,NPB,2019-07-03 18:00:00,1,,,0,
2019070401,2019-07-04 18:00:00,読売ジャイアンツ,中日ドラゴンズ,5.0,3.0,UNKNOWN,東京ドーム,unknown,low,False,False,1800130,1100038,[],[],,,,,0,light,2019-07-04 18:00:00+00:00,,UNKNOWN,,,,UNKNOWN,UNKNOWN,,UNKNOWN,,9.0,2.5,9.0,15.75,2.25,9.7,4.0,4.0,3.0,1.0,7.0,4.0,,,,4.5,1.3333333333333333,6.0,6.0,0.0,3.8666666666666667,6.0,3.0,4.0,0.0,4.0,4.0,,,,True,True,UNKNOWN,False,False,2019-07-04 09:00:00+00:00,,UNKNOWN,Open-Meteo Historical Forecast,FAIL_CLOSED_NO_ISSUANCE_TIMESTAMP,22.1,81.0,0.0,4.7,NPB,2019-07-04 18:00:00,1,,,0,
2019070402,2019-07-04 18:00:00,横浜DeNAベイスターズ,阪神タイガース,7.0,2.0,UNKNOWN,横浜スタジアム,excluded,high,False,False,500502,1800045,[],[],,,,,0,light,2019-07-04 18:00:00+00:00,,UNKNOWN,,,,UNKNOWN,UNKNOWN,,UNKNOWN,,7.2,1.8,9.0,3.6,1.8,5.0,5.0,4.0,7.0,1.0,2.0,5.0,,,,1.8,1.6,10.8,3.6,0.0,2.0,5.0,1.0,6.0,0.0,2.0,6.0,,,,True,True,UNKNOWN,False,False,,,,,,,,,,NPB,2019-07-04 18:00:00,1,,,0,
2019070403,2019-07-04 18:00:00,広島東洋カープ,東京ヤクルトスワローズ,2.0,7.0,UNKNOWN,ＭＡＺＤＡ　Ｚｏｏｍ－Ｚｏｏｍ　スタジアム広島,unknown,low,False,False,1500042,1500007,[],[],,,,,0,light,2019-07-04 18:00:00+00:00,,UNKNOWN,,,,UNKNOWN,UNKNOWN,,UNKNOWN,,3.0,1.3333333333333333,3.0,3.0,0.0,3.5333333333333337,6.0,2.0,6.0,0.0,2.0,2.0,,,,12.0,2.3333333333333335,3.0,6.0,3.0,8.866666666666667,3.0,4.0,5.0,1.0,2.0,1.0,,,,True,True,UNKNOWN,False,False,,,,,,,,,,NPB,2019-07-04 18:00:00,1,,,0,
2019070404,2019-07-04 18:00:00,北海道日本ハムファイターズ,埼玉西武ライオンズ,2.0,8.0,UNKNOWN,札幌ドーム,unknown,low,False,False,1800022,700056,[],[],,,,,0,light,2019-07-04 18:00:00+00:00,,UNKNOWN,,,,UNKNOWN,UNKNOWN,,UNKNOWN,,0.0,0.3333333333333333,7.5,0.0,0.0,1.5333333333333334,6.0,0.0,2.0,0.0,0.0,5.0,,,,11.571428571428571,2.571428571428571,7.7142857142857135,11.571428571428571,0.0,5.342857142857143,2.3333333333333335,3.0,3.0,0.0,3.0,2.0,,,,True,True,UNKNOWN,False,False,,,,,,,,,,NPB,2019-07-04 18:00:00,1,,,0,
2019070405,2019-07-04 18:00:00,オリックス・バファローズ,千葉ロッテマリーンズ,4.0,2.0,UNKNOWN,京セラドーム大阪,excluded,high,False,False,1800052,1700109,[],[],,,,,0,light,2019-07-04 18:00:00+00:00,,UNKNOWN,,,,UNKNOWN,UNKNOWN,,UNKNOWN,,6.0,1.1666666666666667,6.0,1.5,1.5,4.533333333333333,6.0,4.0,6.0,1.0,1.0,4.0,,,,0.0,1.6,7.2,9.0,0.0,4.6,5.0,0.0,3.0,0.0,5.0,4.0,,,,True,True,UNKNOWN,False,False,,,,,,,,,,NPB,2019-07-04 18:00:00,1,,,0,
2019070406,2019-07-04 18:00:00,福岡ソフトバンクホークス,東北楽天ゴールデンイーグルス,6.0,3.0,UNKNOWN,福岡 ヤフオク!ドーム,unknown,low,False,False,900090,1000174,[],[],,,,,0,light,2019-07-04 18:00:00+00:00,,UNKNOWN,,,,UNKNOWN,UNKNOWN,,UNKNOWN,,8.4375,1.5,15.1875,1.6875,1.6875,2.825,5.333333333333333,5.0,7.0,1.0,1.0,9.0,,,,2.5714285714285716,1.1428571428571428,12.857142857142858,2.5714285714285716,1.2857142857142858,3.0571428571428574,7.0,2.0,6.0,1.0,2.0,10.0,,,,True,True,UNKNOWN,False,False,,,,,,,,,,NPB,2019-07-04 18:00:00,1,,,0,
2019070501,2019-07-05 18:00:00,読売ジャイアンツ,横浜DeNAベイスターズ,8.0,4.0,UNKNOWN,東京ドーム,unknown,low,False,False,1500061,600008,[],[],,,,,0,light,2019-07-05 18:00:00+00:00,,UNKNOWN,,,,UNKNOWN,UNKNOWN,,UNKNOWN,,9.0,1.0,13.5,1.5,3.0,5.033333333333333,6.0,6.0,5.0,2.0,1.0,9.0,,,,2.25,0.625,13.5,3.375,1.125,2.95,8.0,2.0,2.0,1.0,3.0,12.0,,,,True,True,UNKNOWN,False,False,2019-07-05 09:00:00+00:00,,UNKNOWN,Open-Meteo Historical Forecast,FAIL_CLOSED_NO_ISSUANCE_TIMESTAMP,23.5,68.0,0.0,5.4,NPB,2019-07-05 18:00:00,1,,,0,
2019070503,2019-07-05 18:00:00,阪神タイガース,広島東洋カープ,3.0,1.0,UNKNOWN,阪神甲子園球場,unknown,low,False,False,1300057,600089,[],[],,,,,0,light,2019-07-05 18:00:00+00:00,,UNKNOWN,,,,UNKNOWN,UNKNOWN,,UNKNOWN,,4.5,1.5,3.0,4.5,1.5,6.2,6.0,3.0,6.0,1.0,3.0,2.0,,,,1.5,0.8333333333333334,3.0,4.5,0.0,4.033333333333333,6.0,1.0,2.0,0.0,3.0,2.0,,,,True,True,UNKNOWN,False,False,,,,,,,,,,NPB,2019-07-05 18:00:00,1,,,0,
2019070504,2019-07-05 18:00:00,東北楽天ゴールデンイーグルス,北海道日本ハムファイターズ,2.0,4.0,UNKNOWN,楽天生命パーク宮城,unknown,low,False,False,1400117,1000154,[],[],,,,,0,light,2019-07-05 18:00:00+00:00,,UNKNOWN,,,,UNKNOWN,UNKNOWN,,UNKNOWN,,0.0,0.8571428571428571,14.142857142857142,6.428571428571429,0.0,2.2,7.0,0.0,1.0,0.0,5.0,11.0,,,,5.684210526315789,1.105263157894737,8.526315789473685,0.0,1.4210526315789473,3.3578947368421055,6.333333333333333,4.0,7.0,1.0,0.0,6.0,,,,True,True,UNKNOWN,False,False,,,,,,,,,,NPB,2019-07-05 18:00:00,1,,,0,
2019070506,2019-07-05 18:00:00,オリックス・バファローズ,福岡ソフトバンクホークス,2.0,6.0,UNKNOWN,ほっともっとフィールド神戸,unknown,low,False,False,900100,1600153,[],[],,,,,0,light,2019-07-05 18:00:00+00:00,,UNKNOWN,,,,UNKNOWN,UNKNOWN,,UNKNOWN,,1.5,0.8333333333333334,3.0,3.0,0.0,3.5333333333333337,6.0,1.0,3.0,0.0,2.0,2.0,,,,5.142857142857143,1.4285714285714286,9.0,1.2857142857142858,0.0,1.6285714285714288,7.0,4.0,9.0,0.0,1.0,7.0,,,,True,True,UNKNOWN,False,False,,,,,,,,,,NPB,2019-07-05 18:00:00,1,,,0,
2019070505,2019-07-05 18:15:00,千葉ロッテマリーンズ,埼玉西武ライオンズ,4.0,2.0,UNKNOWN,ＺＯＺＯマリンスタジアム,interleague,high,True,True,1600127,1300055,[],[],,,,,0,light,2019-07-05 18:15:00+00:00,,UNKNOWN,,,,UNKNOWN,UNKNOWN,,UNKNOWN,,3.681818181818182,1.2272727272727273,4.909090909090909,3.681818181818182,0.0,3.3363636363636364,7.333333333333333,3.0,6.0,0.0,3.0,4.0,,,,1.125,0.625,6.75,1.125,1.125,3.7,8.0,1.0,4.0,1.0,1.0,6.0,,,,True,True,UNKNOWN,False,False,,,,,,,,,,NPB,2019-07-05 18:15:00,1,,,0,
2019070605,2019-07-06 14:00:00,千葉ロッテマリーンズ,埼玉西武ライオンズ,0.0,5.0,UNKNOWN,ＺＯＺＯマリンスタジアム,unknown,low,False,False,1500104,500014,[],[],,,,,0,light,2019-07-06 14:00:00+00:00,,UNKNOWN,,,,UNKNOWN,UNKNOWN,,UNKNOWN,,0.0,0.9545454545454546,1.2272727272727273,0.0,0.0,2.9272727272727272,7.333333333333333,0.0,7.0,0.0,0.0,1.0,,,,3.857142857142857,1.0,5.142857142857143,1.2857142857142858,1.2857142857142858,4.342857142857143,7.0,3.0,6.0,1.0,1.0,4.0,,,,True,True,UNKNOWN,False,False,,,,,,,,,,NPB,2019-07-06 14:00:00,1,,,0,
2019070604,2019-07-06 16:00:00,東北楽天ゴールデンイーグルス,北海道日本ハムファイターズ,0.0,1.0,UNKNOWN,楽天生命パーク宮城,unknown,low,False,False,1600133,1000155,[],[],,,,,0,light,2019-07-06 16:00:00+00:00,,UNKNOWN,,,,UNKNOWN,UNKNOWN,,UNKNOWN,,0.0,0.5,9.0,0.0,0.0,1.2000000000000002,2.0,0.0,1.0,0.0,0.0,2.0,,,,0.0,1.0,10.285714285714286,3.857142857142857,0.0,2.2,7.0,0.0,4.0,0.0,3.0,8.0,,,,True,True,UNKNOWN,False,False,,,,,,,,,,NPB,2019-07-06 16:00:00,1,,,0,
2019070601,2019-07-06 18:00:00,読売ジャイアンツ,横浜DeNAベイスターズ,4.0,3.0,UNKNOWN,東京ドーム,unknown,low,False,False,1300031,1700002,[],[],,,,,0,light,2019-07-06 18:00:00+00:00,,UNKNOWN,,,,UNKNOWN,UNKNOWN,,UNKNOWN,,2.25,1.75,4.5,6.75,0.0,4.45,4.0,1.0,4.0,0.0,3.0,2.0,,,,0.0,0.7142857142857143,6.428571428571429,1.2857142857142858,0.0,2.2,7.0,0.0,4.0,0.0,1.0,5.0,,,,True,True,UNKNOWN,False,False,2019-07-06 09:00:00+00:00,,UNKNOWN,Open-Meteo Historical Forecast,FAIL_CLOSED_NO_ISSUANCE_TIMESTAMP,22.4,77.0,0.0,10.9,NPB,2019-07-06 18:00:00,1,,,0,
2019070602,2019-07-06 18:00:00,中日ドラゴンズ,東京ヤクルトスワローズ,1.0,3.0,UNKNOWN,ナゴヤドーム,unknown,low,False,False,12113,1000138,[],[],,,,,0,light,2019-07-06 18:00:00+00:00,,UNKNOWN,,,,UNKNOWN,UNKNOWN,,UNKNOWN,,1.2857142857142858,0.8571428571428571,5.142857142857143,0.0,0.0,2.0571428571428574,7.0,1.0,6.0,0.0,0.0,4.0,,,,3.375,1.0,10.125,2.25,1.125,3.325,8.0,3.0,6.0,1.0,2.0,9.0,,,,True,True,UNKNOWN,False,False,,,,,,,,,,NPB,2019-07-06 18:00:00,1,,,0,
2019070603,2019-07-06 18:00:00,阪神タイガース,広島東洋カープ,8.0,5.0,UNKNOWN,阪神甲子園球場,unknown,low,False,False,1600125,1500090,[],[],,,,,0,light,2019-07-06 18:00:00+00:00,,UNKNOWN,,,,UNKNOWN,UNKNOWN,,UNKNOWN,,13.5,2.5,9.0,0.0,2.25,4.45,4.0,6.0,10.0,1.0,0.0,4.0,,,,8.1,2.1,5.3999999999999995,0.0,0.0,2.0,3.3333333333333335,3.0,7.0,0.0,0.0,2.0,,,,True,True,UNKNOWN,False,False,,,,,,,,,,NPB,2019-07-06 18:00:00,1,,,0,
2019070606,2019-07-06 18:00:00,オリックス・バファローズ,福岡ソフトバンクホークス,5.0,6.0,UNKNOWN,ほっともっとフィールド神戸,unknown,low,False,False,1700137,1700110,[],[],,,,,0,light,2019-07-06 18:00:00+00:00,,UNKNOWN,,,,UNKNOWN,UNKNOWN,,UNKNOWN,,6.75,1.5,5.0625,1.6875,1.6875,5.075,5.333333333333333,4.0,7.0,1.0,1.0,3.0,,,,5.684210526315789,1.2631578947368423,9.947368421052632,1.4210526315789473,2.8421052631578947,5.56842105263158,6.333333333333333,4.0,7.0,2.0,1.0,7.0,,,,True,True,UNKNOWN,False,False,,,,,,,,,,NPB,2019-07-06 18:00:00,1,,,0,
2019070704,2019-07-07 13:00:00,東北楽天ゴールデンイーグルス,北海道日本ハムファイターズ,3.0,6.0,UNKNOWN,楽天生命パーク宮城,unknown,low,False,False,1500110,1600095,[],[],,,,,0,light,2019-07-07 13:00:00+00:00,,UNKNOWN,,,,UNKNOWN,UNKNOWN,,UNKNOWN,,0.0,1.5,4.5,0.0,0.0,2.2,2.0,0.0,3.0,0.0,0.0,1.0,,,,5.4,1.6,5.4,3.6,0.0,3.2,5.0,3.0,6.0,0.0,2.0,3.0,,,,True,True,UNKNOWN,False,False,,,,,,,,,,NPB,2019-07-07 13:00:00,1,,,0,
2019070706,2019-07-07 13:00:00,オリックス・バファローズ,福岡ソフトバンクホークス,5.0,2.0,UNKNOWN,京セラドーム大阪,excluded,high,False,False,1400126,1500088,[],[],,,,,0,light,2019-07-07 13:00:00+00:00,,UNKNOWN,,,,UNKNOWN,UNKNOWN,,UNKNOWN,,2.3478260869565215,0.6521739130434783,8.217391304347826,2.3478260869565215,0.0,2.1565217391304348,7.666666666666667,2.0,3.0,0.0,2.0,7.0,,,,2.5714285714285716,1.4285714285714286,11.571428571428571,1.2857142857142858,0.0,1.0571428571428574,7.0,2.0,9.0,0.0,1.0,9.0,,,,True,True,UNKNOWN,False,False,,,,,,,,,,NPB,2019-07-07 13:00:00,1,,,0,
2019070701,2019-07-07 14:00:00,読売ジャイアンツ,横浜DeNAベイスターズ,4.0,6.0,UNKNOWN,東京ドーム,excluded,high,False,False,1200050,1800023,[],[],,,,,0,light,2019-07-07 14:00:00+00:00,,UNKNOWN,,,,UNKNOWN,UNKNOWN,,UNKNOWN,,4.5,1.25,4.5,0.0,2.25,5.45,4.0,2.0,5.0,1.0,0.0,2.0,,,,0.0,2.625,6.75,13.5,0.0,6.2,2.6666666666666665,0.0,3.0,0.0,4.0,2.0,,,,True,True,UNKNOWN,False,False,2019-07-07 05:00:00+00:00,,UNKNOWN,Open-Meteo Historical Forecast,FAIL_CLOSED_NO_ISSUANCE_TIMESTAMP,22.1,75.0,0.2,10.1,NPB,2019-07-07 14:00:00,1,,,0,
2019070702,2019-07-07 14:00:00,中日ドラゴンズ,東京ヤクルトスワローズ,7.0,1.0,UNKNOWN,ナゴヤドーム,unknown,low,False,False,1300045,1600106,[],[],,,,,0,light,2019-07-07 14:00:00+00:00,,UNKNOWN,,,,UNKNOWN,UNKNOWN,,UNKNOWN,,21.0,3.6666666666666665,12.0,3.0,3.0,5.866666666666667,3.0,7.0,10.0,1.0,1.0,4.0,,,,1.125,1.0,9.0,0.0,1.125,2.825,8.0,1.0,8.0,1.0,0.0,8.0,,,,True,True,UNKNOWN,False,False,,,,,,,,,,NPB,2019-07-07 14:00:00,1,,,0,
2019070705,2019-07-07 14:00:00,千葉ロッテマリーンズ,埼玉西武ライオンズ,8.0,2.0,UNKNOWN,ＺＯＺＯマリンスタジアム,unknown,low,False,False,1800080,1600144,[],[],,,,,0,light,2019-07-07 14:00:00+00:00,,UNKNOWN,,,,UNKNOWN,UNKNOWN,,UNKNOWN,,0.0,1.3333333333333333,3.0,7.5,0.0,5.033333333333333,6.0,0.0,3.0,0.0,5.0,2.0,,,,1.8,1.8,5.4,7.2,0.0,4.4,5.0,1.0,5.0,0.0,4.0,3.0,,,,True,True,UNKNOWN,False,False,,,,,,,,,,NPB,2019-07-07 14:00:00,1,,,0,
2019070703,2019-07-07 18:00:00,阪神タイガース,広島東洋カープ,1.0,0.0,UNKNOWN,阪神甲子園球場,unknown,low,False,False,1600123,1700078,[],[],,,,,0,light,2019-07-07 18:00:00+00:00,,UNKNOWN,,,,UNKNOWN,UNKNOWN,,UNKNOWN,,1.2857142857142858,0.7142857142857143,5.142857142857143,0.0,0.0,2.0571428571428574,7.0,1.0,5.0,0.0,0.0,4.0,,,,0.0,0.5,10.125,0.0,0.0,0.9500000000000002,8.0,0.0,4.0,0.0,0.0,9.0,,,,True,True,UNKNOWN,False,False,,,,,,,,,,NPB,2019-07-07 18:00:00,1,,,0,
2019070801,2019-07-08 18:00:00,東京ヤクルトスワローズ,横浜DeNAベイスターズ,5.0,3.0,UNKNOWN,明治神宮野球場,unknown,low,False,False,1400115,700103,[],[],,,,,0,light,2019-07-08 18:00:00+00:00,,UNKNOWN,,,,UNKNOWN,UNKNOWN,,UNKNOWN,,18.0,2.0,9.0,0.0,4.5,7.7,2.0,4.0,4.0,1.0,0.0,2.0,,,,5.0625,1.3125,6.75,1.6875,1.6875,4.7,5.333333333333333,3.0,6.0,1.0,1.0,4.0,,,,True,True,UNKNOWN,False,False,,,,,,,,,,NPB,2019-07-08 18:00:00,1,,,0,
2019070802,2019-07-08 18:00:00,中日ドラゴンズ,広島東洋カープ,3.0,2.0,UNKNOWN,ナゴヤドーム,unknown,low,False,False,1300058,12191,[],[],,,,,0,light,2019-07-08 18:00:00+00:00,,UNKNOWN,,,,UNKNOWN,UNKNOWN,,UNKNOWN,,5.4,1.2,10.8,0.0,0.0,0.8000000000000003,5.0,3.0,6.0,0.0,0.0,6.0,,,,1.3499999999999999,0.8999999999999999,2.6999999999999997,5.3999999999999995,1.3499999999999999,6.35,6.666666666666667,1.0,2.0,1.0,4.0,2.0,,,,True,True,UNKNOWN,False,False,,,,,,,,,,NPB,2019-07-08 18:00:00,1,,,0,
2019070803,2019-07-08 18:00:00,阪神タイガース,読売ジャイアンツ,3.0,4.0,UNKNOWN,阪神甲子園球場,unknown,low,False,False,1200041,900062,[],[],,,,,0,light,2019-07-08 18:00:00+00:00,,UNKNOWN,,,,UNKNOWN,UNKNOWN,,UNKNOWN,,4.5,2.1666666666666665,7.5,3.0,1.5,4.7,6.0,3.0,11.0,1.0,2.0,5.0,,,,4.5,1.3333333333333333,7.5,3.0,1.5,4.7,6.0,3.0,6.0,1.0,2.0,5.0,,,,True,True,UNKNOWN,False,False,,,,,,,,,,NPB,2019-07-08 18:00:00,1,,,0,
2019070804,2019-07-08 18:00:00,東北楽天ゴールデンイーグルス,オリックス・バファローズ,0.0,2.0,UNKNOWN,きらやかスタジアム,unknown,low,False,False,1600150,1600005,[],[],,,,,0,light,2019-07-08 18:00:00+00:00,,UNKNOWN,,,,UNKNOWN,UNKNOWN,,UNKNOWN,,0.0,0.2857142857142857,9.0,1.2857142857142858,0.0,1.6285714285714288,7.0,0.0,1.0,0.0,1.0,7.0,,,,2.25,0.75,3.375,0.0,0.0,2.45,8.0,2.0,6.0,0.0,0.0,3.0,,,,True,True,UNKNOWN,False,False,,,,,,,,,,NPB,2019-07-08 18:00:00,1,,,0,
2019070806,2019-07-08 18:00:00,福岡ソフトバンクホークス,埼玉西武ライオンズ,8.0,7.0,UNKNOWN,東京ドーム,unknown,low,False,False,1400182,1800013,[],[],,,,,0,light,2019-07-08 18:00:00+00:00,,UNKNOWN,,,,UNKNOWN,UNKNOWN,,UNKNOWN,,7.5,1.5,9.0,1.5,4.5,8.2,6.0,5.0,8.0,3.0,1.0,6.0,,,,1.6875,1.3125,10.125,5.0625,1.6875,5.075,5.333333333333333,1.0,4.0,1.0,3.0,6.0,,,,True,True,UNKNOWN,False,False,2019-07-08 09:00:00+00:00,,UNKNOWN,Open-Meteo Historical Forecast,FAIL_CLOSED_NO_ISSUANCE_TIMESTAMP,22.3,65.0,0.0,6.2,NPB,2019-07-08 18:00:00,1,,,0,
2019070805,2019-07-08 18:15:00,千葉ロッテマリーンズ,北海道日本ハムファイターズ,3.0,5.0,UNKNOWN,ＺＯＺＯマリンスタジアム,unknown,low,False,False,1300043,1400190,[],[],,,,,0,light,2019-07-08 18:15:00+00:00,,UNKNOWN,,,,UNKNOWN,UNKNOWN,,UNKNOWN,,1.8,0.6,1.8,1.8,1.8,6.0,5.0,1.0,2.0,1.0,1.0,1.0,,,,6.428571428571429,1.1428571428571428,7.714285714285714,3.857142857142857,3.857142857142857,8.342857142857143,7.0,5.0,5.0,3.0,3.0,6.0,,,,True,True,UNKNOWN,False,False,,,,,,,,,,NPB,2019-07-08 18:15:00,1,,,0,
2019070901,2019-07-09 18:00:00,東京ヤクルトスワローズ,横浜DeNAベイスターズ,4.0,9.0,UNKNOWN,明治神宮野球場,unknown,low,False,False,1800043,1200076,[],[],,,,,0,light,2019-07-09 18:00:00+00:00,,UNKNOWN,,,,UNKNOWN,UNKNOWN,,UNKNOWN,,9.0,3.25,6.75,9.0,0.0,4.7,4.0,4.0,9.0,0.0,4.0,3.0,,,,7.2,1.6,10.8,1.8,1.8,4.0,5.0,4.0,7.0,1.0,1.0,6.0,,,,True,True,UNKNOWN,False,False,,,,,,,,,,NPB,2019-07-09 18:00:00,1,,,0,
2019070902,2019-07-09 18:00:00,中日ドラゴンズ,広島東洋カープ,6.0,3.0,UNKNOWN,ナゴヤドーム,unknown,low,False,False,1700069,1700104,[],[],,,,,0,light,2019-07-09 18:00:00+00:00,,UNKNOWN,,,,UNKNOWN,UNKNOWN,,UNKNOWN,,27.0,5.0,0.0,0.0,0.0,3.2,1.0,3.0,5.0,0.0,0.0,0.0,,,,2.25,1.75,11.25,0.0,0.0,0.7000000000000002,4.0,1.0,7.0,0.0,0.0,5.0,,,,True,True,UNKNOWN,False,False,,,,,,,,,,NPB,2019-07-09 18:00:00,1,,,0,
2019070903,2019-07-09 18:00:00,阪神タイガース,読売ジャイアンツ,0.0,1.0,UNKNOWN,阪神甲子園球場,unknown,low,False,False,1500046,1700154,[],[],,,,,0,light,2019-07-09 18:00:00+00:00,,UNKNOWN,,,,UNKNOWN,UNKNOWN,,UNKNOWN,,0.0,0.8571428571428571,7.714285714285714,1.2857142857142858,0.0,1.9142857142857144,7.0,0.0,5.0,0.0,1.0,6.0,,,,1.125,0.5,5.625,0.0,0.0,1.9500000000000002,8.0,1.0,4.0,0.0,0.0,5.0,,,,True,True,UNKNOWN,False,False,,,,,,,,,,NPB,2019-07-09 18:00:00,1,,,0,
2019070904,2019-07-09 18:00:00,東北楽天ゴールデンイーグルス,オリックス・バファローズ,6.0,1.0,UNKNOWN,楽天生命パーク宮城,unknown,low,False,False,1400195,1200117,[],[],,,,,0,light,2019-07-09 18:00:00+00:00,,UNKNOWN,,,,UNKNOWN,UNKNOWN,,UNKNOWN,,12.0,2.0,6.0,3.0,3.0,7.2,3.0,4.0,5.0,1.0,1.0,2.0,,,,0.0,0.6666666666666666,9.0,1.5,0.0,1.7000000000000002,6.0,0.0,3.0,0.0,1.0,6.0,,,,True,True,UNKNOWN,False,False,,,,,,,,,,NPB,2019-07-09 18:00:00,1,,,0,
2019070906,2019-07-09 18:00:00,福岡ソフトバンクホークス,埼玉西武ライオンズ,3.0,2.0,UNKNOWN,福岡 ヤフオク!ドーム,unknown,low,False,False,1100089,1700130,[],[],,,,,0,light,2019-07-09 18:00:00+00:00,,UNKNOWN,,,,UNKNOWN,UNKNOWN,,UNKNOWN,,1.2857142857142858,0.7142857142857143,6.428571428571429,2.5714285714285716,1.2857142857142858,4.485714285714286,7.0,1.0,3.0,1.0,2.0,5.0,,,,3.6,1.6,7.2,1.8,0.0,2.2,5.0,2.0,7.0,0.0,1.0,4.0,,,,True,True,UNKNOWN,False,False,,,,,,,,,,NPB,2019-07-09 18:00:00,1,,,0,
2019070905,2019-07-09 18:15:00,千葉ロッテマリーンズ,北海道日本ハムファイターズ,6.0,1.0,UNKNOWN,ＺＯＺＯマリンスタジアム,excluded,high,False,False,1000024,1600141,[],[],,,,,0,light,2019-07-09 18:15:00+00:00,,UNKNOWN,,,,UNKNOWN,UNKNOWN,,UNKNOWN,,27.0,3.5,0.0,18.0,4.5,15.7,2.0,6.0,3.0,1.0,4.0,0.0,,,,1.2857142857142858,0.8571428571428571,6.428571428571429,1.2857142857142858,1.2857142857142858,4.057142857142857,7.0,1.0,5.0,1.0,1.0,5.0,,,,True,True,UNKNOWN,False,False,,,,,,,,,,NPB,2019-07-09 18:15:00,1,,,0,
2019071001,2019-07-10 18:00:00,東京ヤクルトスワローズ,横浜DeNAベイスターズ,7.0,2.0,UNKNOWN,明治神宮野球場,excluded,high,False,False,1600081,1500042,[],[],,,,,0,light,2019-07-10 18:00:00+00:00,,UNKNOWN,,,,UNKNOWN,UNKNOWN,,UNKNOWN,,3.6,1.0,7.2,1.8,0.0,2.2,5.0,2.0,4.0,0.0,1.0,4.0,,,,3.0,1.1666666666666667,9.0,3.0,0.0,2.2,6.0,2.0,5.0,0.0,2.0,6.0,,,,True,True,UNKNOWN,False,False,,,,,,,,,,NPB,2019-07-10 18:00:00,1,,,0,
2019071002,2019-07-10 18:00:00,中日ドラゴンズ,広島東洋カープ,2.0,1.0,UNKNOWN,ナゴヤドーム,unknown,low,False,False,1500007,1800130,[],[],,,,,0,light,2019-07-10 18:00:00+00:00,,UNKNOWN,,,,UNKNOWN,UNKNOWN,,UNKNOWN,,0.0,0.8571428571428571,9.0,2.5714285714285716,0.0,2.0571428571428574,7.0,0.0,4.0,0.0,2.0,7.0,,,,1.2857142857142858,0.42857142857142855,9.0,0.0,0.0,1.2000000000000002,7.0,1.0,3.0,0.0,0.0,7.0,,,,True,True,UNKNOWN,False,False,,,,,,,,,,NPB,2019-07-10 18:00:00,1,,,0,
2019071003,2019-07-10 18:00:00,阪神タイガース,読売ジャイアンツ,1.0,4.0,UNKNOWN,阪神甲子園球場,unknown,low,False,False,1100038,500502,[],[],,,,,0,light,2019-07-10 18:00:00+00:00,,UNKNOWN,,,,UNKNOWN,UNKNOWN,,UNKNOWN,,1.6875,1.5,3.375,3.375,0.0,3.575,5.333333333333333,1.0,6.0,0.0,2.0,2.0,,,,18.0,3.5,9.0,9.0,4.5,10.7,2.0,4.0,5.0,1.0,2.0,2.0,,,,True,True,UNKNOWN,False,False,,,,,,,,,,NPB,2019-07-10 18:00:00,1,,,0,
2019071004,2019-07-10 18:00:00,東北楽天ゴールデンイーグルス,オリックス・バファローズ,6.0,7.0,UNKNOWN,楽天生命パーク宮城,excluded,high,False,False,1400203,700065,[],[],,,,,0,light,2019-07-10 18:00:00+00:00,,UNKNOWN,,,,UNKNOWN,UNKNOWN,,UNKNOWN,,4.5,2.0,9.0,13.5,0.0,5.7,2.0,1.0,1.0,0.0,3.0,2.0,,,,6.75,1.65,4.05,4.05,0.0,3.6500000000000004,6.666666666666667,5.0,8.0,0.0,3.0,3.0,,,,True,True,UNKNOWN,False,False,,,,,,,,,,NPB,2019-07-10 18:00:00,1,,,0,
2019071006,2019-07-10 18:00:00,福岡ソフトバンクホークス,埼玉西武ライオンズ,3.0,7.0,UNKNOWN,福岡 ヤフオク!ドーム,unknown,low,False,False,1800022,20204,[],[],,,,,0,light,2019-07-10 18:00:00+00:00,,UNKNOWN,,,,UNKNOWN,UNKNOWN,,UNKNOWN,,4.764705882352941,1.4117647058823528,6.352941176470588,1.588235294117647,0.0,2.3176470588235296,5.666666666666667,3.0,7.0,0.0,1.0,4.0,,,,7.7142857142857135,1.2857142857142856,11.571428571428571,3.8571428571428568,3.8571428571428568,7.485714285714286,4.666666666666667,4.0,4.0,2.0,2.0,6.0,,,,True,True,UNKNOWN,False,False,,,,,,,,,,NPB,2019-07-10 18:00:00,1,,,0,
2019071005,2019-07-10 18:15:00,千葉ロッテマリーンズ,北海道日本ハムファイターズ,5.0,0.0,UNKNOWN,ＺＯＺＯマリンスタジアム,unknown,low,False,False,800004,800060,[],[],,,,,0,light,2019-07-10 18:15:00+00:00,,UNKNOWN,,,,UNKNOWN,UNKNOWN,,UNKNOWN,,2.4545454545454546,1.090909090909091,2.4545454545454546,0.0,0.0,2.6545454545454548,3.6666666666666665,1.0,4.0,0.0,0.0,1.0,,,,0.0,1.0,9.0,9.0,0.0,4.2,1.0,0.0,0.0,0.0,1.0,1.0,,,,True,True,UNKNOWN,False,False,,,,,,,,,,NPB,2019-07-10 18:15:00,1,,,0,
2019071101,2019-07-11 18:00:00,全イ,全ウ,1.0,5.0,UNKNOWN,楽天生命パーク宮城,interleague,high,True,True,1800060,1800090,[],[],,,,,0,light,2019-07-11 18:00:00+00:00,,UNKNOWN,,,,UNKNOWN,UNKNOWN,,UNKNOWN,,,,,,,,,,,,,,,,,,,,,,,,,,,,,,,,False,False,UNKNOWN,False,False,,,,,,,,,,NPB,2019-07-11 18:00:00,1,,,0,
2019071201,2019-07-12 19:00:00,全セ,全パ,3.0,6.0,UNKNOWN,東京ドーム,allstar,high,False,True,1000174,1300057,[],[],,,,,0,light,2019-07-12 19:00:00+00:00,,UNKNOWN,,,,UNKNOWN,UNKNOWN,,UNKNOWN,,0.0,1.0,13.5,0.0,0.0,0.20000000000000018,2.0,0.0,2.0,0.0,0.0,3.0,,,,9.0,1.0,4.5,0.0,4.5,8.7,2.0,2.0,2.0,1.0,0.0,1.0,,,,True,True,UNKNOWN,False,False,2019-07-12 10:00:00+00:00,,UNKNOWN,Open-Meteo Historical Forecast,FAIL_CLOSED_NO_ISSUANCE_TIMESTAMP,21.1,82.0,0.0,6.2,NPB,2019-07-12 19:00:00,1,,,0,
2019071301,2019-07-13 18:30:00,全セ,全パ,11.0,3.0,UNKNOWN,阪神甲子園球場,allstar,high,False,True,1600150,1200041,[],[],,,,,0,light,2019-07-13 18:30:00+00:00,,UNKNOWN,,,,UNKNOWN,UNKNOWN,,UNKNOWN,,18.0,3.0,0.0,0.0,9.0,16.2,1.0,2.0,3.0,1.0,0.0,0.0,,,,0.0,1.0,0.0,0.0,0.0,3.2,2.0,0.0,2.0,0.0,0.0,0.0,,,,True,True,UNKNOWN,False,False,,,,,,,,,,NPB,2019-07-13 18:30:00,1,,,0,
2019071504,2019-07-15 14:00:00,埼玉西武ライオンズ,千葉ロッテマリーンズ,5.0,6.0,UNKNOWN,メットライフドーム,unknown,low,False,False,1400190,1600127,[],[],,,,,0,light,2019-07-15 14:00:00+00:00,,UNKNOWN,,,,UNKNOWN,UNKNOWN,,UNKNOWN,,7.5,1.6666666666666667,3.0,3.0,0.0,3.5333333333333337,6.0,5.0,8.0,0.0,2.0,2.0,,,,6.0,1.5,6.0,1.5,0.0,2.3666666666666667,6.0,4.0,8.0,0.0,1.0,4.0,,,,True,True,UNKNOWN,False,False,,,,,,,,,,NPB,2019-07-15 14:00:00,1,,,0,
2019071505,2019-07-15 15:00:00,オリックス・バファローズ,東北楽天ゴールデンイーグルス,2.0,6.0,UNKNOWN,京セラドーム大阪,allstar,high,False,True,1600095,1700109,[],[],,,,,0,light,2019-07-15 15:00:00+00:00,,UNKNOWN,,,,UNKNOWN,UNKNOWN,,UNKNOWN,,3.6,1.0,5.4,0.0,0.0,2.0,5.0,2.0,5.0,0.0,0.0,3.0,,,,8.1,3.3,8.1,5.3999999999999995,0.0,3.2,3.3333333333333335,3.0,9.0,0.0,2.0,3.0,,,,True,True,UNKNOWN,False,False,,,,,,,,,,NPB,2019-07-15 15:00:00,1,,,0,
2019071502,2019-07-15 17:00:00,横浜DeNAベイスターズ,広島東洋カープ,5.0,8.0,UNKNOWN,横浜スタジアム,unknown,low,False,False,1300058,1200050,[],[],,,,,0,light,2019-07-15 17:00:00+00:00,,UNKNOWN,,,,UNKNOWN,UNKNOWN,,UNKNOWN,,4.5,1.3333333333333333,6.0,3.0,0.0,2.8666666666666667,6.0,3.0,6.0,0.0,2.0,4.0,,,,18.0,3.3333333333333335,3.0,9.0,0.0,5.533333333333333,3.0,6.0,7.0,0.0,3.0,1.0,,,,True,True,UNKNOWN,False,False,,,,,,,,,,NPB,2019-07-15 17:00:00,1,,,0,
2019071501,2019-07-15 18:00:00,東京ヤクルトスワローズ,読売ジャイアンツ,4.0,7.0,UNKNOWN,南長野運動公園野球場,allstar,high,False,True,1500046,12113,[],[],,,,,0,light,2019-07-15 18:00:00+00:00,,UNKNOWN,,,,UNKNOWN,UNKNOWN,,UNKNOWN,,9.818181818181818,3.0,7.363636363636364,14.727272727272728,0.0,6.472727272727273,3.6666666666666665,4.0,5.0,0.0,6.0,3.0,,,,5.785714285714286,2.142857142857143,9.642857142857142,1.9285714285714284,1.9285714285714284,4.485714285714286,4.666666666666667,3.0,9.0,1.0,1.0,5.0,,,,True,True,UNKNOWN,False,False,,,,,,,,,,NPB,2019-07-15 18:00:00,1,,,0,
2019071503,2019-07-15 18:00:00,中日ドラゴンズ,阪神タイガース,4.0,2.0,UNKNOWN,ナゴヤドーム,unknown,low,False,False,1700154,1000138,[],[],,,,,0,light,2019-07-15 18:00:00+00:00,,UNKNOWN,,,,UNKNOWN,UNKNOWN,,UNKNOWN,,3.0,1.1666666666666667,7.5,0.0,1.5,3.7,6.0,2.0,7.0,1.0,0.0,5.0,,,,2.25,0.75,4.5,1.125,1.125,4.2,8.0,2.0,5.0,1.0,1.0,4.0,,,,True,True,UNKNOWN,False,False,,,,,,,,,,NPB,2019-07-15 18:00:00,1,,,0,
2019071506,2019-07-15 18:00:00,福岡ソフトバンクホークス,北海道日本ハムファイターズ,1.0,5.0,UNKNOWN,福岡 ヤフオク!ドーム,unknown,low,False,False,1600133,1700137,[],[],,,,,0,light,2019-07-15 18:00:00+00:00,,UNKNOWN,,,,UNKNOWN,UNKNOWN,,UNKNOWN,,0.0,0.3333333333333333,0.0,0.0,0.0,3.2,3.0,0.0,1.0,0.0,0.0,0.0,,,,9.642857142857142,2.7857142857142856,13.5,5.785714285714286,0.0,2.128571428571429,4.666666666666667,5.0,10.0,0.0,3.0,7.0,,,,True,True,UNKNOWN,False,False,,,,,,,,,,NPB,2019-07-15 18:00:00,1,,,0,
2019071601,2019-07-16 18:00:00,東京ヤクルトスワローズ,読売ジャイアンツ,3.0,6.0,UNKNOWN,明治神宮野球場,unknown,low,False,False,600008,1300045,[],[],,,,,0,light,2019-07-16 18:00:00+00:00,,UNKNOWN,,,,UNKNOWN,UNKNOWN,,UNKNOWN,,4.05,1.2,8.1,1.3499999999999999,0.0,1.8500000000000003,6.666666666666667,3.0,7.0,0.0,1.0,6.0,,,,6.0,1.5,12.0,3.0,1.5,3.7,6.0,4.0,7.0,1.0,2.0,8.0,,,,True,True,UNKNOWN,False,False,,,,,,,,,,NPB,2019-07-16 18:00:00,1,,,0,
2019071602,2019-07-16 18:00:00,横浜DeNAベイスターズ,広島東洋カープ,8.0,5.0,UNKNOWN,横浜スタジアム,unknown,low,False,False,1600125,1800043,[],[],,,,,0,light,2019-07-16 18:00:00+00:00,,UNKNOWN,,,,UNKNOWN,UNKNOWN,,UNKNOWN,,6.0,1.3333333333333333,9.0,3.0,3.0,6.533333333333333,6.0,4.0,6.0,2.0,2.0,6.0,,,,3.6,2.0,7.2,7.2,0.0,4.0,5.0,2.0,6.0,0.0,4.0,4.0,,,,True,True,UNKNOWN,False,False,,,,,,,,,,NPB,2019-07-16 18:00:00,1,,,0,
2019071603,2019-07-16 18:00:00,中日ドラゴンズ,阪神タイガース,3.0,2.0,UNKNOWN,ナゴヤドーム,unknown,low,False,False,600089,11715,[],[],,,,,0,light,2019-07-16 18:00:00+00:00,,UNKNOWN,,,,UNKNOWN,UNKNOWN,,UNKNOWN,,3.0,1.5,6.0,0.0,0.0,1.866666666666667,6.0,2.0,9.0,0.0,0.0,4.0,,,,3.6,1.2,3.6,3.6,0.0,3.6,5.0,2.0,4.0,0.0,2.0,2.0,,,,True,True,UNKNOWN,False,False,,,,,,,,,,NPB,2019-07-16 18:00:00,1,,,0,
2019071604,2019-07-16 18:00:00,埼玉西武ライオンズ,千葉ロッテマリーンズ,5.0,1.0,UNKNOWN,メットライフドーム,unknown,low,False,False,500014,1100089,[],[],,,,,0,light,2019-07-16 18:00:00+00:00,,UNKNOWN,,,,UNKNOWN,UNKNOWN,,UNKNOWN,,3.0,0.8333333333333334,13.5,0.0,0.0,0.20000000000000018,6.0,2.0,5.0,0.0,0.0,9.0,,,,0.0,0.8571428571428571,2.5714285714285716,2.5714285714285716,0.0,3.4857142857142858,7.0,0.0,4.0,0.0,2.0,2.0,,,,True,True,UNKNOWN,False,False,,,,,,,,,,NPB,2019-07-16 18:00:00,1,,,0,
2019071605,2019-07-16 18:00:00,オリックス・バファローズ,東北楽天ゴールデンイーグルス,1.0,0.0,UNKNOWN,京セラドーム大阪,unknown,low,False,False,1200117,1600150,[],[],,,,,0,light,2019-07-16 18:00:00+00:00,,UNKNOWN,,,,UNKNOWN,UNKNOWN,,UNKNOWN,,1.2857142857142858,0.14285714285714285,11.571428571428571,0.0,0.0,0.6285714285714286,7.0,1.0,1.0,0.0,0.0,9.0,,,,0.0,0.625,11.25,1.125,0.0,1.0750000000000002,8.0,0.0,4.0,0.0,1.0,10.0,,,,True,True,UNKNOWN,False,False,,,,,,,,,,NPB,2019-07-16 18:00:00,1,,,0,
2019071606,2019-07-16 18:00:00,福岡ソフトバンクホークス,北海道日本ハムファイターズ,2.0,3.0,UNKNOWN,福岡 ヤフオク!ドーム,unknown,low,False,False,1300094,900100,[],[],,,,,0,light,2019-07-16 18:00:00+00:00,,UNKNOWN,,,,UNKNOWN,UNKNOWN,,UNKNOWN,,4.5,1.25,13.5,2.25,4.5,7.45,4.0,2.0,4.0,2.0,1.0,6.0,,,,1.5,1.0,6.0,3.0,1.5,5.033333333333333,6.0,1.0,4.0,1.0,2.0,4.0,,,,True,True,UNKNOWN,False,False,,,,,,,,,,NPB,2019-07-16 18:00:00,1,,,0,
2019071701,2019-07-17 18:00:00,東京ヤクルトスワローズ,読売ジャイアンツ,5.0,4.0,UNKNOWN,明治神宮野球場,unknown,low,False,False,1700002,700103,[],[],,,,,0,light,2019-07-17 18:00:00+00:00,,UNKNOWN,,,,UNKNOWN,UNKNOWN,,UNKNOWN,,6.75,2.25,6.75,2.25,0.0,2.45,4.0,3.0,8.0,0.0,1.0,3.0,,,,5.4,1.4,7.2,1.8,3.6,7.4,5.0,3.0,6.0,2.0,1.0,4.0,,,,True,True,UNKNOWN,False,False,,,,,,,,,,NPB,2019-07-17 18:00:00,1,,,0,
2019071702,2019-07-17 18:00:00,横浜DeNAベイスターズ,広島東洋カープ,3.0,1.0,UNKNOWN,横浜スタジアム,unknown,low,False,False,1500007,1600081,[],[],,,,,0,light,2019-07-17 18:00:00+00:00,,UNKNOWN,,,,UNKNOWN,UNKNOWN,,UNKNOWN,,3.0,1.3333333333333333,4.5,0.0,1.5,4.366666666666667,6.0,2.0,8.0,1.0,0.0,3.0,,,,1.4210526315789473,1.2631578947368423,8.526315789473685,7.105263157894737,0.0,3.673684210526316,6.333333333333333,1.0,3.0,0.0,5.0,6.0,,,,True,True,UNKNOWN,False,False,,,,,,,,,,NPB,2019-07-17 18:00:00,1,,,0,
2019071703,2019-07-17 18:00:00,中日ドラゴンズ,阪神タイガース,6.0,4.0,UNKNOWN,豊橋市民球場,excluded,high,False,False,1500089,1300065,[],[],,,,,0,light,2019-07-17 18:00:00+00:00,,UNKNOWN,,,,UNKNOWN,UNKNOWN,,UNKNOWN,,7.2,1.8,9.0,0.0,3.6,6.4,5.0,4.0,9.0,2.0,0.0,5.0,,,,9.0,2.0,6.75,2.25,2.25,5.7,4.0,4.0,7.0,1.0,1.0,3.0,,,,True,True,UNKNOWN,False,False,,,,,,,,,,NPB,2019-07-17 18:00:00,1,,,0,
2019071704,2019-07-17 18:00:00,埼玉西武ライオンズ,千葉ロッテマリーンズ,4.0,3.0,UNKNOWN,メットライフドーム,excluded,high,False,False,1800052,1500104,[],[],,,,,0,light,2019-07-17 18:00:00+00:00,,UNKNOWN,,,,UNKNOWN,UNKNOWN,,UNKNOWN,,8.307692307692308,1.6153846153846154,10.384615384615385,2.076923076923077,0.0,1.5846153846153848,4.333333333333333,4.0,6.0,0.0,1.0,5.0,,,,1.2857142857142858,1.1428571428571428,3.857142857142857,2.5714285714285716,1.2857142857142858,5.057142857142857,7.0,1.0,6.0,1.0,2.0,3.0,,,,True,True,UNKNOWN,False,False,,,,,,,,,,NPB,2019-07-17 18:00:00,1,,,0,
2019071705,2019-07-17 18:00:00,オリックス・バファローズ,東北楽天ゴールデンイーグルス,3.0,7.0,UNKNOWN,京セラドーム大阪,unknown,low,False,False,900090,1700110,[],[],,,,,0,light,2019-07-17 18:00:00+00:00,,UNKNOWN,,,,UNKNOWN,UNKNOWN,,UNKNOWN,,5.4,1.6,3.6,3.6,0.0,3.6,5.0,3.0,6.0,0.0,2.0,2.0,,,,6.75,2.625,6.75,10.125,3.375,9.95,2.6666666666666665,2.0,4.0,1.0,3.0,2.0,,,,True,True,UNKNOWN,False,False,,,,,,,,,,NPB,2019-07-17 18:00:00,1,,,0,
2019071706,2019-07-17 18:00:00,福岡ソフトバンクホークス,北海道日本ハムファイターズ,0.0,4.0,UNKNOWN,北九州市民球場,unknown,low,False,False,1400117,1600013,[],[],,,,,0,light,2019-07-17 18:00:00+00:00,,UNKNOWN,,,,UNKNOWN,UNKNOWN,,UNKNOWN,,0.0,0.5,7.875,2.25,0.0,2.2,8.0,0.0,2.0,0.0,2.0,7.0,,,,2.25,0.75,11.25,4.5,2.25,5.45,4.0,1.0,1.0,1.0,2.0,5.0,,,,True,True,UNKNOWN,False,False,,,,,,,,,,NPB,2019-07-17 18:00:00,1,,,0,
2019071801,2019-07-18 17:45:00,横浜DeNAベイスターズ,中日ドラゴンズ,3.0,7.0,UNKNOWN,横浜スタジアム,unknown,low,False,False,1800130,1500061,[],[],,,,,0,light,2019-07-18 17:45:00+00:00,,UNKNOWN,,,,UNKNOWN,UNKNOWN,,UNKNOWN,,4.5,1.5,6.0,6.0,0.0,3.8666666666666667,6.0,3.0,5.0,0.0,4.0,4.0,,,,5.4,1.8,10.8,3.6,0.0,2.0,5.0,3.0,7.0,0.0,2.0,6.0,,,,True,True,UNKNOWN,False,False,,,,,,,,,,NPB,2019-07-18 17:45:00,1,,,0,
2019071901,2019-07-19 18:00:00,横浜DeNAベイスターズ,中日ドラゴンズ,3.0,2.0,UNKNOWN,横浜スタジアム,unknown,low,False,False,1600106,1300031,[],[],,,,,0,light,2019-07-19 18:00:00+00:00,,UNKNOWN,,,,UNKNOWN,UNKNOWN,,UNKNOWN,,3.857142857142857,1.2857142857142858,5.142857142857143,1.2857142857142858,1.2857142857142858,4.342857142857143,7.0,3.0,8.0,1.0,1.0,4.0,,,,0.0,0.6666666666666666,12.0,1.5,0.0,1.0333333333333337,6.0,0.0,3.0,0.0,1.0,8.0,,,,True,True,UNKNOWN,False,False,,,,,,,,,,NPB,2019-07-19 18:00:00,1,,,0,
2019071903,2019-07-19 18:00:00,広島東洋カープ,読売ジャイアンツ,7.0,6.0,UNKNOWN,ＭＡＺＤＡ　Ｚｏｏｍ－Ｚｏｏｍ　スタジアム広島,unknown,low,False,False,1200041,1300057,[],[],,,,,0,light,2019-07-19 18:00:00+00:00,,UNKNOWN,,,,UNKNOWN,UNKNOWN,,UNKNOWN,,5.3999999999999995,1.3499999999999999,10.799999999999999,2.6999999999999997,1.3499999999999999,3.6500000000000004,6.666666666666667,4.0,7.0,1.0,2.0,8.0,,,,11.25,3.25,9.0,6.75,2.25,6.7,4.0,5.0,10.0,1.0,3.0,4.0,,,,True,True,UNKNOWN,False,False,,,,,,,,,,NPB,2019-07-19 18:00:00,1,,,0,
2019071904,2019-07-19 18:00:00,北海道日本ハムファイターズ,千葉ロッテマリーンズ,5.0,3.0,UNKNOWN,札幌ドーム,unknown,low,False,False,1300055,1500110,[],[],,,,,0,light,2019-07-19 18:00:00+00:00,,UNKNOWN,,,,UNKNOWN,UNKNOWN,,UNKNOWN,,7.2,1.6,5.4,3.6,1.8,5.800000000000001,5.0,4.0,6.0,1.0,2.0,3.0,,,,0.0,0.4,7.2,1.8,0.0,2.2,5.0,0.0,1.0,0.0,1.0,4.0,,,,True,True,UNKNOWN,False,False,,,,,,,,,,NPB,2019-07-19 18:00:00,1,,,0,
2019071905,2019-07-19 18:00:00,東北楽天ゴールデンイーグルス,福岡ソフトバンクホークス,5.0,1.0,UNKNOWN,楽天生命パーク宮城,unknown,low,False,False,1000174,1000155,[],[],,,,,0,light,2019-07-19 18:00:00+00:00,,UNKNOWN,,,,UNKNOWN,UNKNOWN,,UNKNOWN,,6.0,1.6666666666666667,12.0,6.0,1.5,4.7,6.0,4.0,6.0,1.0,4.0,8.0,,,,1.0,0.3333333333333333,6.0,1.0,0.0,2.2,9.0,1.0,2.0,0.0,1.0,6.0,,,,True,True,UNKNOWN,False,False,,,,,,,,,,NPB,2019-07-19 18:00:00,1,,,0,
2019071906,2019-07-19 18:00:00,埼玉西武ライオンズ,オリックス・バファローズ,5.0,4.0,UNKNOWN,メットライフドーム,unknown,low,False,False,1600153,1400182,[],[],,,,,0,light,2019-07-19 18:00:00+00:00,,UNKNOWN,,,,UNKNOWN,UNKNOWN,,UNKNOWN,,0.0,1.0,6.428571428571429,3.857142857142857,0.0,3.0571428571428574,7.0,0.0,4.0,0.0,3.0,5.0,,,,4.764705882352941,1.588235294117647,7.941176470588235,1.588235294117647,0.0,1.9647058823529415,5.666666666666667,3.0,8.0,0.0,1.0,5.0,,,,True,True,UNKNOWN,False,False,,,,,,,,,,NPB,2019-07-19 18:00:00,1,,,0,
2019072004,2019-07-20 14:00:00,北海道日本ハムファイターズ,千葉ロッテマリーンズ,4.0,0.0,UNKNOWN,札幌ドーム,unknown,low,False,False,1600141,1300043,[],[],,,,,0,light,2019-07-20 14:00:00+00:00,,UNKNOWN,,,,UNKNOWN,UNKNOWN,,UNKNOWN,,9.0,1.75,2.25,4.5,0.0,4.2,4.0,4.0,5.0,0.0,2.0,1.0,,,,0.0,0.5,10.5,1.5,0.0,1.366666666666667,6.0,0.0,2.0,0.0,1.0,7.0,,,,True,True,UNKNOWN,False,False,,,,,,,,,,NPB,2019-07-20 14:00:00,1,,,0,
2019072006,2019-07-20 17:00:00,埼玉西武ライオンズ,オリックス・バファローズ,1.0,3.0,UNKNOWN,メットライフドーム,excluded,high,False,False,1500088,1500099,[],[],,,,,0,light,2019-07-20 17:00:00+00:00,,UNKNOWN,,,,UNKNOWN,UNKNOWN,,UNKNOWN,,1.2857142857142858,1.0,3.857142857142857,2.5714285714285716,0.0,3.2,7.0,1.0,5.0,0.0,2.0,3.0,,,,4.5,1.6666666666666667,6.0,1.5,3.0,6.7,6.0,3.0,9.0,2.0,1.0,4.0,,,,True,True,UNKNOWN,False,False,,,,,,,,,,NPB,2019-07-20 17:00:00,1,,,0,
2019072001,2019-07-20 18:00:00,横浜DeNAベイスターズ,中日ドラゴンズ,4.0,3.0,UNKNOWN,横浜スタジアム,unknown,low,False,False,12191,1400110,[],[],,,,,0,light,2019-07-20 18:00:00+00:00,,UNKNOWN,,,,UNKNOWN,UNKNOWN,,UNKNOWN,,9.0,1.5,2.25,2.25,0.0,3.45,4.0,4.0,5.0,0.0,1.0,1.0,,,,1.8,0.6,14.4,1.8,1.8,3.2,5.0,1.0,2.0,1.0,1.0,8.0,,,,True,True,UNKNOWN,False,False,,,,,,,,,,NPB,2019-07-20 18:00:00,1,,,0,
2019072002,2019-07-20 18:00:00,阪神タイガース,東京ヤクルトスワローズ,4.0,3.0,UNKNOWN,阪神甲子園球場,unknown,low,False,False,1200076,1700078,[],[],,,,,0,light,2019-07-20 18:00:00+00:00,,UNKNOWN,,,,UNKNOWN,UNKNOWN,,UNKNOWN,,3.681818181818182,1.3636363636363638,8.590909090909092,1.2272727272727273,0.0,1.7000000000000002,7.333333333333333,3.0,9.0,0.0,1.0,7.0,,,,2.5714285714285716,1.2857142857142858,12.857142857142858,2.5714285714285716,0.0,1.2000000000000002,7.0,2.0,7.0,0.0,2.0,10.0,,,,True,True,UNKNOWN,False,False,,,,,,,,,,NPB,2019-07-20 18:00:00,1,,,0,
2019072003,2019-07-20 18:00:00,広島東洋カープ,読売ジャイアンツ,4.0,2.0,UNKNOWN,ＭＡＺＤＡ　Ｚｏｏｍ－Ｚｏｏｍ　スタジアム広島,unknown,low,False,False,1100038,1600123,[],[],,,,,0,light,2019-07-20 18:00:00+00:00,,UNKNOWN,,,,UNKNOWN,UNKNOWN,,UNKNOWN,,2.5714285714285716,0.7142857142857143,6.428571428571429,1.2857142857142858,1.2857142857142858,4.057142857142857,7.0,2.0,4.0,1.0,1.0,5.0,,,,3.6,2.2,9.0,5.4,1.8,5.6,5.0,2.0,8.0,1.0,3.0,5.0,,,,True,True,UNKNOWN,False,False,,,,,,,,,,NPB,2019-07-20 18:00:00,1,,,0,
2019072005,2019-07-20 18:00:00,東北楽天ゴールデンイーグルス,福岡ソフトバンクホークス,1.0,0.0,UNKNOWN,楽天生命パーク宮城,unknown,low,False,False,20204,1100128,[],[],,,,,0,light,2019-07-20 18:00:00+00:00,,UNKNOWN,,,,UNKNOWN,UNKNOWN,,UNKNOWN,,0.0,0.6923076923076924,12.461538461538462,2.076923076923077,0.0,1.123076923076923,4.333333333333333,0.0,2.0,0.0,1.0,6.0,,,,0.0,1.5,13.5,6.75,0.0,2.45,4.0,0.0,3.0,0.0,3.0,6.0,,,,True,True,UNKNOWN,False,False,,,,,,,,,,NPB,2019-07-20 18:00:00,1,,,0,
2019072104,2019-07-21 14:00:00,北海道日本ハムファイターズ,千葉ロッテマリーンズ,4.0,9.0,UNKNOWN,札幌ドーム,unknown,low,False,False,1600146,1600133,[],[],,,,,0,light,2019-07-21 14:00:00+00:00,,UNKNOWN,,,,UNKNOWN,UNKNOWN,,UNKNOWN,,3.6,1.4,14.4,5.4,0.0,1.8000000000000003,5.0,2.0,4.0,0.0,3.0,8.0,,,,21.599999999999998,2.4,10.799999999999999,8.1,2.6999999999999997,7.4,3.3333333333333335,8.0,5.0,1.0,3.0,4.0,,,,True,True,UNKNOWN,False,False,,,,,,,,,,NPB,2019-07-21 14:00:00,1,,,0,
2019072105,2019-07-21 17:00:00,東北楽天ゴールデンイーグルス,福岡ソフトバンクホークス,2.0,4.0,UNKNOWN,楽天生命パーク宮城,unknown,low,False,False,1800013,1600005,[],[],,,,,0,light,2019-07-21 17:00:00+00:00,,UNKNOWN,,,,UNKNOWN,UNKNOWN,,UNKNOWN,,3.8571428571428568,1.0714285714285714,7.7142857142857135,0.0,0.0,1.485714285714286,4.666666666666667,2.0,5.0,0.0,0.0,4.0,,,,1.5,0.6666666666666666,7.5,0.0,3.0,5.866666666666667,6.0,1.0,4.0,2.0,0.0,5.0,,,,True,True,UNKNOWN,False,False,,,,,,,,,,NPB,2019-07-21 17:00:00,1,,,0,
2019072106,2019-07-21 17:00:00,埼玉西武ライオンズ,オリックス・バファローズ,10.0,3.0,UNKNOWN,メットライフドーム,unknown,low,False,False,1800100,1800022,[],[],,,,,0,light,2019-07-21 17:00:00+00:00,,UNKNOWN,,,,UNKNOWN,UNKNOWN,,UNKNOWN,,7.2,1.4,5.4,1.8,0.0,2.6,5.0,4.0,6.0,0.0,1.0,3.0,,,,4.5,1.1666666666666667,3.0,1.5,3.0,7.366666666666667,6.0,3.0,6.0,2.0,1.0,2.0,,,,True,True,UNKNOWN,False,False,,,,,,,,,,NPB,2019-07-21 17:00:00,1,,,0,
2019072101,2019-07-21 18:00:00,横浜DeNAベイスターズ,中日ドラゴンズ,5.0,4.0,UNKNOWN,横浜スタジアム,unknown,low,False,False,1600109,1800045,[],[],,,,,0,light,2019-07-21 18:00:00+00:00,,UNKNOWN,,,,UNKNOWN,UNKNOWN,,UNKNOWN,,11.25,2.0,2.25,0.0,2.25,5.95,4.0,5.0,8.0,1.0,0.0,1.0,,,,3.6,1.2,5.4,0.0,0.0,2.0,5.0,2.0,6.0,0.0,0.0,3.0,,,,True,True,UNKNOWN,False,False,,,,,,,,,,NPB,2019-07-21 18:00:00,1,,,0,
2019072102,2019-07-21 18:00:00,阪神タイガース,東京ヤクルトスワローズ,5.0,2.0,UNKNOWN,阪神甲子園球場,unknown,low,False,False,1200111,900062,[],[],,,,,0,light,2019-07-21 18:00:00+00:00,,UNKNOWN,,,,UNKNOWN,UNKNOWN,,UNKNOWN,,5.4,1.2,5.4,0.0,1.8,4.6,5.0,3.0,6.0,1.0,0.0,3.0,,,,2.5714285714285716,0.5714285714285714,7.714285714285714,0.0,1.2857142857142858,3.342857142857143,7.0,2.0,4.0,1.0,0.0,6.0,,,,True,True,UNKNOWN,False,False,,,,,,,,,,NPB,2019-07-21 18:00:00,1,,,0,
2019072103,2019-07-21 18:00:00,広島東洋カープ,読売ジャイアンツ,2.0,1.0,UNKNOWN,ＭＡＺＤＡ　Ｚｏｏｍ－Ｚｏｏｍ　スタジアム広島,unknown,low,False,False,1500046,1300058,[],[],,,,,0,light,2019-07-21 18:00:00+00:00,,UNKNOWN,,,,UNKNOWN,UNKNOWN,,UNKNOWN,,1.2857142857142858,1.1428571428571428,6.428571428571429,3.857142857142857,1.2857142857142858,4.914285714285715,7.0,1.0,5.0,1.0,3.0,5.0,,,,1.125,0.875,3.375,1.125,0.0,2.825,8.0,1.0,6.0,0.0,1.0,3.0,,,,True,True,UNKNOWN,False,False,,,,,,,,,,NPB,2019-07-21 18:00:00,1,,,0,
2019072301,2019-07-23 18:00:00,読売ジャイアンツ,東京ヤクルトスワローズ,6.0,5.0,UNKNOWN,京セラドーム大阪,unknown,low,False,False,1600174,600008,[],[],,,,,0,light,2019-07-23 18:00:00+00:00,,UNKNOWN,,,,UNKNOWN,UNKNOWN,,UNKNOWN,,9.0,2.6,7.2,5.4,0.0,3.4000000000000004,5.0,5.0,10.0,0.0,3.0,4.0,,,,4.695652173913043,0.7826086956521738,9.391304347826086,2.3478260869565215,1.1739130434782608,3.591304347826087,7.666666666666667,4.0,4.0,1.0,2.0,8.0,,,,True,True,UNKNOWN,False,False,,,,,,,,,,NPB,2019-07-23 18:00:00,1,,,0,
2019072302,2019-07-23 18:00:00,阪神タイガース,横浜DeNAベイスターズ,6.0,6.0,UNKNOWN,阪神甲子園球場,unknown,low,False,False,1800043,1700154,[],[],,,,,0,light,2019-07-23 18:00:00+00:00,,UNKNOWN,,,,UNKNOWN,UNKNOWN,,UNKNOWN,,1.6875,1.125,8.4375,1.6875,0.0,1.8875000000000002,5.333333333333333,1.0,5.0,0.0,1.0,5.0,,,,6.75,1.2,2.6999999999999997,4.05,0.0,3.95,6.666666666666667,5.0,5.0,0.0,3.0,2.0,,,,True,True,UNKNOWN,False,False,,,,,,,,,,NPB,2019-07-23 18:00:00,1,,,0,
2019072303,2019-07-23 18:00:00,広島東洋カープ,中日ドラゴンズ,6.0,5.0,UNKNOWN,ＭＡＺＤＡ　Ｚｏｏｍ－Ｚｏｏｍ　スタジアム広島,unknown,low,False,False,1000138,1600125,[],[],,,,,0,light,2019-07-23 18:00:00+00:00,,UNKNOWN,,,,UNKNOWN,UNKNOWN,,UNKNOWN,,1.8,1.0,5.4,1.8,1.8,5.2,5.0,1.0,4.0,1.0,1.0,3.0,,,,11.25,2.5,9.0,2.25,0.0,1.9500000000000002,4.0,5.0,9.0,0.0,1.0,4.0,,,,True,True,UNKNOWN,False,False,,,,,,,,,,NPB,2019-07-23 18:00:00,1,,,0,
2019072305,2019-07-23 18:00:00,オリックス・バファローズ,北海道日本ハムファイターズ,2.0,5.0,UNKNOWN,ほっともっとフィールド神戸,unknown,low,False,False,500027,1700109,[],[],,,,,0,light,2019-07-23 18:00:00+00:00,,UNKNOWN,,,,UNKNOWN,UNKNOWN,,UNKNOWN,,0.0,0.3333333333333333,6.0,3.0,0.0,2.8666666666666667,6.0,0.0,0.0,0.0,2.0,4.0,,,,4.764705882352941,1.0588235294117647,6.352941176470588,0.0,1.588235294117647,4.08235294117647,5.666666666666667,3.0,6.0,1.0,0.0,4.0,,,,True,True,UNKNOWN,False,False,,,,,,,,,,NPB,2019-07-23 18:00:00,1,,,0,
2019072306,2019-07-23 18:00:00,福岡ソフトバンクホークス,千葉ロッテマリーンズ,11.0,7.0,UNKNOWN,福岡 ヤフオク!ドーム,unknown,low,False,False,1400190,1700130,[],[],,,,,0,light,2019-07-23 18:00:00+00:00,,UNKNOWN,,,,UNKNOWN,UNKNOWN,,UNKNOWN,,9.818181818181818,2.4545454545454546,4.909090909090909,4.909090909090909,9.818181818181818,17.92727272727273,3.6666666666666665,4.0,7.0,4.0,2.0,2.0,,,,5.0625,1.125,3.375,1.6875,3.375,7.8875,5.333333333333333,3.0,5.0,2.0,1.0,2.0,,,,True,True,UNKNOWN,False,False,,,,,,,,,,NPB,2019-07-23 18:00:00,1,,,0,
2019072401,2019-07-24 18:00:00,読売ジャイアンツ,東京ヤクルトスワローズ,4.0,10.0,UNKNOWN,京セラドーム大阪,excluded,high,False,False,12113,1300087,[],[],,,,,0,light,2019-07-24 18:00:00+00:00,,UNKNOWN,,,,UNKNOWN,UNKNOWN,,UNKNOWN,,5.4,1.6,9.0,7.2,0.0,3.6,5.0,3.0,4.0,0.0,4.0,5.0,,,,36.0,5.0,27.0,18.0,0.0,3.2,1.0,4.0,3.0,0.0,2.0,3.0,,,,True,True,UNKNOWN,False,False,,,,,,,,,,NPB,2019-07-24 18:00:00,1,,,0,
2019072402,2019-07-24 18:00:00,阪神タイガース,横浜DeNAベイスターズ,1.0,3.0,UNKNOWN,阪神甲子園球場,unknown,low,False,False,1600081,1500090,[],[],,,,,0,light,2019-07-24 18:00:00+00:00,,UNKNOWN,,,,UNKNOWN,UNKNOWN,,UNKNOWN,,1.2857142857142858,1.1428571428571428,3.857142857142857,2.5714285714285716,1.2857142857142858,5.057142857142857,7.0,1.0,6.0,1.0,2.0,3.0,,,,2.5714285714285716,0.7142857142857143,9.0,1.2857142857142858,1.2857142857142858,3.4857142857142858,7.0,2.0,4.0,1.0,1.0,7.0,,,,True,True,UNKNOWN,False,False,,,,,,,,,,NPB,2019-07-24 18:00:00,1,,,0,
2019072403,2019-07-24 18:00:00,広島東洋カープ,中日ドラゴンズ,2.0,0.0,UNKNOWN,ＭＡＺＤＡ　Ｚｏｏｍ－Ｚｏｏｍ　スタジアム広島,excluded,high,False,False,1700106,1500007,[],[],,,,,0,light,2019-07-24 18:00:00+00:00,,UNKNOWN,,,,UNKNOWN,UNKNOWN,,UNKNOWN,,3.6,1.6,3.6,5.4,1.8,6.800000000000001,5.0,2.0,5.0,1.0,3.0,2.0,,,,0.0,0.2222222222222222,8.0,1.0,0.0,1.7555555555555558,9.0,0.0,1.0,0.0,1.0,8.0,,,,True,True,UNKNOWN,False,False,,,,,,,,,,NPB,2019-07-24 18:00:00,1,,,0,
2019072404,2019-07-24 18:00:00,東北楽天ゴールデンイーグルス,埼玉西武ライオンズ,4.0,3.0,UNKNOWN,楽天生命パーク宮城,unknown,low,False,False,1600127,1200117,[],[],,,,,0,light,2019-07-24 18:00:00+00:00,,UNKNOWN,,,,UNKNOWN,UNKNOWN,,UNKNOWN,,5.684210526315789,1.4210526315789473,9.947368421052632,5.684210526315789,2.8421052631578947,6.989473684210527,6.333333333333333,4.0,5.0,2.0,4.0,7.0,,,,1.5,1.0,13.5,3.0,1.5,3.3666666666666667,6.0,1.0,4.0,1.0,2.0,9.0,,,,True,True,UNKNOWN,False,False,,,,,,,,,,NPB,2019-07-24 18:00:00,1,,,0,
2019072405,2019-07-24 18:00:00,オリックス・バファローズ,北海道日本ハムファイターズ,4.0,5.0,UNKNOWN,ほっともっとフィールド神戸,unknown,low,False,False,1400117,1600150,[],[],,,,,0,light,2019-07-24 18:00:00+00:00,,UNKNOWN,,,,UNKNOWN,UNKNOWN,,UNKNOWN,,6.0,2.0,7.5,6.0,0.0,3.5333333333333337,6.0,4.0,8.0,0.0,4.0,5.0,,,,7.7142857142857135,1.9285714285714284,15.428571428571427,1.9285714285714284,0.0,0.4142857142857146,4.666666666666667,4.0,8.0,0.0,1.0,8.0,,,,True,True,UNKNOWN,False,False,,,,,,,,,,NPB,2019-07-24 18:00:00,1,,,0,
2019072406,2019-07-24 18:00:00,福岡ソフトバンクホークス,千葉ロッテマリーンズ,5.0,4.0,UNKNOWN,福岡 ヤフオク!ドーム,unknown,low,False,False,500014,1400126,[],[],,,,,0,light,2019-07-24 18:00:00+00:00,,UNKNOWN,,,,UNKNOWN,UNKNOWN,,UNKNOWN,,5.142857142857143,1.4285714285714286,6.428571428571429,2.5714285714285716,0.0,2.628571428571429,7.0,4.0,8.0,0.0,2.0,5.0,,,,5.785714285714286,1.5,9.642857142857142,1.9285714285714284,1.9285714285714284,4.485714285714286,4.666666666666667,3.0,6.0,1.0,1.0,5.0,,,,True,True,UNKNOWN,False,False,,,,,,,,,,NPB,2019-07-24 18:00:00,1,,,0,
2019072501,2019-07-25 18:00:00,読売ジャイアンツ,東京ヤクルトスワローズ,1.0,8.0,UNKNOWN,長良川球場,unknown,low,False,False,700103,1800005,[],[],,,,,0,light,2019-07-25 18:00:00+00:00,,UNKNOWN,,,,UNKNOWN,UNKNOWN,,UNKNOWN,,1.8,1.6,7.2,3.6,0.0,2.8000000000000003,5.0,1.0,6.0,0.0,2.0,4.0,,,,27.000000000000004,4.800000000000001,5.4,27.000000000000004,0.0,11.0,1.6666666666666665,5.0,3.0,0.0,5.0,1.0,,,,True,True,UNKNOWN,False,False,,,,,,,,,,NPB,2019-07-25 18:00:00,1,,,0,
2019072502,2019-07-25 18:00:00,阪神タイガース,横浜DeNAベイスターズ,0.0,6.0,UNKNOWN,阪神甲子園球場,unknown,low,False,False,1500061,900425,[],[],,,,,0,light,2019-07-25 18:00:00+00:00,,UNKNOWN,,,,UNKNOWN,UNKNOWN,,UNKNOWN,,0.0,0.5555555555555556,4.0,1.0,0.0,2.644444444444445,9.0,0.0,4.0,0.0,1.0,4.0,,,,1.6875,1.3125,3.375,3.375,0.0,3.575,5.333333333333333,1.0,5.0,0.0,2.0,2.0,,,,True,True,UNKNOWN,False,False,,,,,,,,,,NPB,2019-07-25 18:00:00,1,,,0,
2019072503,2019-07-25 18:00:00,広島東洋カープ,中日ドラゴンズ,11.0,4.0,UNKNOWN,ＭＡＺＤＡ　Ｚｏｏｍ－Ｚｏｏｍ　スタジアム広島,excluded,high,False,False,1800130,1100081,[],[],,,,,0,light,2019-07-25 18:00:00+00:00,,UNKNOWN,,,,UNKNOWN,UNKNOWN,,UNKNOWN,,10.384615384615385,2.076923076923077,4.153846153846154,6.230769230769231,4.153846153846154,10.353846153846154,4.333333333333333,5.0,6.0,2.0,3.0,2.0,,,,1.5,1.0,9.0,1.5,1.5,3.8666666666666667,6.0,1.0,5.0,1.0,1.0,6.0,,,,True,True,UNKNOWN,False,False,,,,,,,,,,NPB,2019-07-25 18:00:00,1,,,0,
2019072504,2019-07-25 18:00:00,東北楽天ゴールデンイーグルス,埼玉西武ライオンズ,1.0,5.0,UNKNOWN,楽天生命パーク宮城,unknown,low,False,False,1800080,900090,[],[],,,,,0,light,2019-07-25 18:00:00+00:00,,UNKNOWN,,,,UNKNOWN,UNKNOWN,,UNKNOWN,,1.5,0.6666666666666666,12.0,1.5,1.5,3.2,6.0,1.0,3.0,1.0,1.0,8.0,,,,7.2,1.8,3.6,3.6,1.8,6.2,5.0,4.0,7.0,1.0,2.0,2.0,,,,True,True,UNKNOWN,False,False,,,,,,,,,,NPB,2019-07-25 18:00:00,1,,,0,
2019072505,2019-07-25 18:00:00,福岡ソフトバンクホークス,千葉ロッテマリーンズ,4.0,7.0,UNKNOWN,福岡 ヤフオク!ドーム,unknown,low,False,False,1700145,1700137,[],[],,,,,0,light,2019-07-25 18:00:00+00:00,,UNKNOWN,,,,UNKNOWN,UNKNOWN,,UNKNOWN,,3.375,1.3125,6.75,8.4375,1.6875,6.95,5.333333333333333,2.0,2.0,1.0,5.0,4.0,,,,10.125,2.0625,8.4375,3.375,6.75,12.2,5.333333333333333,6.0,9.0,4.0,2.0,5.0,,,,True,True,UNKNOWN,False,False,,,,,,,,,,NPB,2019-07-25 18:00:00,1,,,0,
2019072601,2019-07-26 18:00:00,読売ジャイアンツ,阪神タイガース,2.0,4.0,UNKNOWN,東京ドーム,unknown,low,False,False,1700078,1200041,[],[],,,,,0,light,2019-07-26 18:00:00+00:00,,UNKNOWN,,,,UNKNOWN,UNKNOWN,,UNKNOWN,,3.375,2.0625,10.125,8.4375,0.0,3.7625,5.333333333333333,2.0,6.0,0.0,5.0,6.0,,,,3.0,1.3333333333333333,4.5,4.5,0.0,3.7,6.0,2.0,5.0,0.0,3.0,3.0,,,,True,True,UNKNOWN,False,False,2019-07-26 09:00:00+00:00,,UNKNOWN,Open-Meteo Historical Forecast,FAIL_CLOSED_NO_ISSUANCE_TIMESTAMP,28.3,71.0,0.0,10.1,NPB,2019-07-26 18:00:00,1,,,0,
2019072602,2019-07-26 18:00:00,東京ヤクルトスワローズ,広島東洋カープ,3.0,12.0,UNKNOWN,明治神宮野球場,unknown,low,False,False,1300057,1500042,[],[],,,,,0,light,2019-07-26 18:00:00+00:00,,UNKNOWN,,,,UNKNOWN,UNKNOWN,,UNKNOWN,,3.0,1.1666666666666667,7.5,3.0,1.5,4.7,6.0,2.0,5.0,1.0,2.0,5.0,,,,15.0,2.6666666666666665,21.0,3.0,6.0,8.2,3.0,5.0,7.0,2.0,1.0,7.0,,,,True,True,UNKNOWN,False,False,,,,,,,,,,NPB,2019-07-26 18:00:00,1,,,0,
2019072603,2019-07-26 18:00:00,中日ドラゴンズ,横浜DeNAベイスターズ,1.0,2.0,UNKNOWN,ナゴヤドーム,unknown,low,False,False,1300031,1600106,[],[],,,,,0,light,2019-07-26 18:00:00+00:00,,UNKNOWN,,,,UNKNOWN,UNKNOWN,,UNKNOWN,,1.3499999999999999,0.44999999999999996,9.45,0.0,1.3499999999999999,3.0500000000000003,6.666666666666667,1.0,3.0,1.0,0.0,7.0,,,,2.5714285714285716,0.7142857142857143,6.428571428571429,1.2857142857142858,1.2857142857142858,4.057142857142857,7.0,2.0,4.0,1.0,1.0,5.0,,,,True,True,UNKNOWN,False,False,,,,,,,,,,NPB,2019-07-26 18:00:00,1,,,0,
2019072604,2019-07-26 18:00:00,埼玉西武ライオンズ,北海道日本ハムファイターズ,7.0,12.0,UNKNOWN,メットライフドーム,unknown,low,False,False,1500110,1100089,[],[],,,,,0,light,2019-07-26 18:00:00+00:00,,UNKNOWN,,,,UNKNOWN,UNKNOWN,,UNKNOWN,,6.75,1.875,6.75,6.75,3.375,8.825,2.6666666666666665,2.0,3.0,1.0,2.0,2.0,,,,47.25,6.75,13.5,6.75,13.5,21.95,1.3333333333333333,7.0,8.0,2.0,1.0,2.0,,,,True,True,UNKNOWN,False,False,,,,,,,,,,NPB,2019-07-26 18:00:00,1,,,0,
2019072606,2019-07-26 18:00:00,福岡ソフトバンクホークス,オリックス・バファローズ,2.0,6.0,UNKNOWN,福岡 ヤフオク!ドーム,unknown,low,False,False,1700110,1000174,[],[],,,,,0,light,2019-07-26 18:00:00+00:00,,UNKNOWN,,,,UNKNOWN,UNKNOWN,,UNKNOWN,,1.2857142857142858,0.8571428571428571,5.142857142857143,1.2857142857142858,1.2857142857142858,4.342857142857143,7.0,1.0,5.0,1.0,1.0,4.0,,,,6.428571428571429,1.2857142857142858,10.285714285714286,2.5714285714285716,3.857142857142857,7.342857142857143,7.0,5.0,7.0,3.0,2.0,8.0,,,,True,True,UNKNOWN,False,False,,,,,,,,,,NPB,2019-07-26 18:00:00,1,,,0,
2019072605,2019-07-26 18:15:00,千葉ロッテマリーンズ,東北楽天ゴールデンイーグルス,3.0,6.0,UNKNOWN,ＺＯＺＯマリンスタジアム,unknown,low,False,False,1000155,1300055,[],[],,,,,0,light,2019-07-26 18:15:00+00:00,,UNKNOWN,,,,UNKNOWN,UNKNOWN,,UNKNOWN,,4.5,1.1666666666666667,6.0,3.0,1.5,5.033333333333333,6.0,3.0,5.0,1.0,2.0,4.0,,,,1.2857142857142858,1.0,7.714285714285714,2.5714285714285716,0.0,2.342857142857143,7.0,1.0,5.0,0.0,2.0,6.0,,,,True,True,UNKNOWN,False,False,,,,,,,,,,NPB,2019-07-26 18:15:00,1,,,0,
2019072701,2019-07-27 14:00:00,読売ジャイアンツ,阪神タイガース,2.0,3.0,UNKNOWN,東京ドーム,unknown,low,False,False,900062,1100038,[],[],,,,,0,light,2019-07-27 14:00:00+00:00,,UNKNOWN,,,,UNKNOWN,UNKNOWN,,UNKNOWN,,3.6,1.8,7.2,5.4,1.8,6.0,5.0,2.0,6.0,1.0,3.0,4.0,,,,1.588235294117647,0.5294117647058824,11.117647058823529,1.588235294117647,0.0,1.258823529411765,5.666666666666667,1.0,2.0,0.0,1.0,7.0,,,,True,True,UNKNOWN,False,False,2019-07-27 05:00:00+00:00,,UNKNOWN,Open-Meteo Historical Forecast,FAIL_CLOSED_NO_ISSUANCE_TIMESTAMP,29.5,71.0,0.1,16.2,NPB,2019-07-27 14:00:00,1,,,0,
2019072703,2019-07-27 14:00:00,中日ドラゴンズ,横浜DeNAベイスターズ,3.0,12.0,UNKNOWN,ナゴヤドーム,unknown,low,False,False,1400110,11715,[],[],,,,,0,light,2019-07-27 14:00:00+00:00,,UNKNOWN,,,,UNKNOWN,UNKNOWN,,UNKNOWN,,0.0,1.4,5.4,1.8,0.0,2.6,5.0,0.0,6.0,0.0,1.0,3.0,,,,216.0,24.0,0.0,0.0,0.0,3.2,0.3333333333333333,8.0,8.0,0.0,0.0,0.0,,,,True,True,UNKNOWN,False,False,,,,,,,,,,NPB,2019-07-27 14:00:00,1,,,0,
2019072705,2019-07-27 17:00:00,千葉ロッテマリーンズ,東北楽天ゴールデンイーグルス,9.0,7.0,UNKNOWN,ＺＯＺＯマリンスタジアム,unknown,low,False,False,1600095,1600141,[],[],,,,,0,light,2019-07-27 17:00:00+00:00,,UNKNOWN,,,,UNKNOWN,UNKNOWN,,UNKNOWN,,4.153846153846154,1.3846153846153848,8.307692307692308,6.230769230769231,0.0,3.430769230769231,4.333333333333333,2.0,3.0,0.0,3.0,4.0,,,,3.6,2.0,9.0,5.4,0.0,3.0,5.0,2.0,7.0,0.0,3.0,5.0,,,,True,True,UNKNOWN,False,False,,,,,,,,,,NPB,2019-07-27 17:00:00,1,,,0,
2019072702,2019-07-27 18:00:00,東京ヤクルトスワローズ,広島東洋カープ,2.0,3.0,UNKNOWN,明治神宮野球場,unknown,low,False,False,1600123,1200076,[],[],,,,,0,light,2019-07-27 18:00:00+00:00,,UNKNOWN,,,,UNKNOWN,UNKNOWN,,UNKNOWN,,3.0,1.1666666666666667,9.0,3.0,0.0,2.2,6.0,2.0,5.0,0.0,2.0,6.0,,,,3.857142857142857,0.8571428571428571,6.428571428571429,0.0,3.857142857142857,7.342857142857143,7.0,3.0,6.0,3.0,0.0,5.0,,,,True,True,UNKNOWN,False,False,,,,,,,,,,NPB,2019-07-27 18:00:00,1,,,0,
2019072704,2019-07-27 18:00:00,埼玉西武ライオンズ,北海道日本ハムファイターズ,6.0,10.0,UNKNOWN,メットライフドーム,unknown,low,False,False,1300043,1500099,[],[],,,,,0,light,2019-07-27 18:00:00+00:00,,UNKNOWN,,,,UNKNOWN,UNKNOWN,,UNKNOWN,,15.428571428571427,3.4285714285714284,0.0,3.8571428571428568,15.428571428571427,26.77142857142857,2.3333333333333335,4.0,7.0,4.0,1.0,0.0,,,,3.8571428571428568,1.9285714285714284,5.785714285714286,3.8571428571428568,0.0,3.2,4.666666666666667,2.0,7.0,0.0,2.0,3.0,,,,True,True,UNKNOWN,False,False,,,,,,,,,,NPB,2019-07-27 18:00:00,1,,,0,
2019072706,2019-07-27 18:00:00,福岡ソフトバンクホークス,オリックス・バファローズ,3.0,5.0,UNKNOWN,福岡 ヤフオク!ドーム,unknown,low,False,False,1600153,900100,[],[],,,,,0,light,2019-07-27 18:00:00+00:00,,UNKNOWN,,,,UNKNOWN,UNKNOWN,,UNKNOWN,,3.1153846153846154,0.576923076923077,5.1923076923076925,0.0,1.0384615384615385,3.5461538461538464,8.666666666666666,3.0,5.0,1.0,0.0,5.0,,,,6.75,2.25,2.25,2.25,4.5,9.95,4.0,3.0,8.0,2.0,1.0,1.0,,,,True,True,UNKNOWN,False,False,,,,,,,,,,NPB,2019-07-27 18:00:00,1,,,0,
2019072801,2019-07-28 14:00:00,読売ジャイアンツ,阪神タイガース,16.0,4.0,UNKNOWN,東京ドーム,unknown,low,False,False,600089,1500046,[],[],,,,,0,light,2019-07-28 14:00:00+00:00,,UNKNOWN,,,,UNKNOWN,UNKNOWN,,UNKNOWN,,24.0,3.6666666666666665,6.0,9.0,6.0,13.533333333333335,3.0,8.0,8.0,2.0,3.0,2.0,,,,3.857142857142857,1.2857142857142858,7.714285714285714,0.0,1.2857142857142858,3.342857142857143,7.0,3.0,9.0,1.0,0.0,6.0,,,,True,True,UNKNOWN,False,False,2019-07-28 05:00:00+00:00,,UNKNOWN,Open-Meteo Historical Forecast,FAIL_CLOSED_NO_ISSUANCE_TIMESTAMP,29.7,67.0,0.0,7.4,NPB,2019-07-28 14:00:00,1,,,0,
2019072803,2019-07-28 14:00:00,中日ドラゴンズ,横浜DeNAベイスターズ,4.0,2.0,UNKNOWN,ナゴヤドーム,excluded,high,False,False,1700067,1600109,[],[],,,,,0,light,2019-07-28 14:00:00+00:00,,UNKNOWN,,,,UNKNOWN,UNKNOWN,,UNKNOWN,,4.5,2.0,4.5,4.5,0.0,3.7,2.0,1.0,3.0,0.0,1.0,1.0,,,,3.0,1.0,4.5,3.0,1.5,5.366666666666667,6.0,2.0,4.0,1.0,2.0,3.0,,,,True,True,UNKNOWN,False,False,,,,,,,,,,NPB,2019-07-28 14:00:00,1,,,0,
2019072806,2019-07-28 14:00:00,福岡ソフトバンクホークス,オリックス・バファローズ,9.0,2.0,UNKNOWN,福岡 ヤフオク!ドーム,unknown,low,False,False,1500088,1800013,[],[],,,,,0,light,2019-07-28 14:00:00+00:00,,UNKNOWN,,,,UNKNOWN,UNKNOWN,,UNKNOWN,,31.5,4.0,9.0,4.5,9.0,15.7,2.0,7.0,7.0,2.0,1.0,2.0,,,,0.0,0.6666666666666666,6.0,1.5,0.0,2.3666666666666667,6.0,0.0,3.0,0.0,1.0,4.0,,,,True,True,UNKNOWN,False,False,,,,,,,,,,NPB,2019-07-28 14:00:00,1,,,0,
2019072804,2019-07-28 17:00:00,埼玉西武ライオンズ,北海道日本ハムファイターズ,8.0,7.0,UNKNOWN,メットライフドーム,unknown,low,False,False,1600133,1800022,[],[],,,,,0,light,2019-07-28 17:00:00+00:00,,UNKNOWN,,,,UNKNOWN,UNKNOWN,,UNKNOWN,,11.25,2.0,4.5,0.0,2.25,5.45,4.0,5.0,8.0,1.0,0.0,2.0,,,,3.857142857142857,1.2857142857142858,9.0,3.857142857142857,1.2857142857142858,4.342857142857143,7.0,3.0,6.0,1.0,3.0,7.0,,,,True,True,UNKNOWN,False,False,,,,,,,,,,NPB,2019-07-28 17:00:00,1,,,0,
2019072805,2019-07-28 17:00:00,千葉ロッテマリーンズ,東北楽天ゴールデンイーグルス,4.0,3.0,UNKNOWN,ＺＯＺＯマリンスタジアム,unknown,low,False,False,1600005,1600146,[],[],,,,,0,light,2019-07-28 17:00:00+00:00,,UNKNOWN,,,,UNKNOWN,UNKNOWN,,UNKNOWN,,3.857142857142857,0.8571428571428571,7.714285714285714,2.5714285714285716,1.2857142857142858,4.2,7.0,3.0,4.0,1.0,2.0,6.0,,,,3.6,2.2,12.6,1.8,1.8,3.6,5.0,2.0,10.0,1.0,1.0,7.0,,,,True,True,UNKNOWN,False,False,,,,,,,,,,NPB,2019-07-28 17:00:00,1,,,0,
2019072802,2019-07-28 18:00:00,東京ヤクルトスワローズ,広島東洋カープ,5.0,12.0,UNKNOWN,明治神宮野球場,unknown,low,False,False,1300058,1300045,[],[],,,,,0,light,2019-07-28 18:00:00+00:00,,UNKNOWN,,,,UNKNOWN,UNKNOWN,,UNKNOWN,,2.5714285714285716,1.1428571428571428,6.428571428571429,2.5714285714285716,1.2857142857142858,4.485714285714286,7.0,2.0,6.0,1.0,2.0,5.0,,,,11.571428571428571,3.0,7.7142857142857135,15.428571428571427,0.0,6.628571428571428,2.3333333333333335,3.0,3.0,0.0,4.0,2.0,,,,True,True,UNKNOWN,False,False,,,,,,,,,,NPB,2019-07-28 18:00:00,1,,,0,
2019073002,2019-07-30 17:45:00,横浜DeNAベイスターズ,東京ヤクルトスワローズ,6.0,2.0,UNKNOWN,横浜スタジアム,unknown,low,False,False,1600174,1800043,[],[],,,,,0,light,2019-07-30 17:45:00+00:00,,UNKNOWN,,,,UNKNOWN,UNKNOWN,,UNKNOWN,,7.2,2.2,1.8,3.6,0.0,4.0,5.0,4.0,9.0,0.0,2.0,1.0,,,,2.5714285714285716,0.5714285714285714,2.5714285714285716,1.2857142857142858,1.2857142857142858,4.914285714285715,7.0,2.0,3.0,1.0,1.0,2.0,,,,True,True,UNKNOWN,False,False,,,,,,,,,,NPB,2019-07-30 17:45:00,1,,,0,
2019073001,2019-07-30 18:00:00,読売ジャイアンツ,広島東洋カープ,8.0,5.0,UNKNOWN,東京ドーム,excluded,high,False,False,1700021,600008,[],[],,,,,0,light,2019-07-30 18:00:00+00:00,,UNKNOWN,,,,UNKNOWN,UNKNOWN,,UNKNOWN,,7.7142857142857135,3.4285714285714284,11.571428571428571,3.8571428571428568,0.0,1.9142857142857146,2.3333333333333335,2.0,7.0,0.0,1.0,3.0,,,,6.136363636363637,1.2272727272727273,13.5,1.2272727272727273,2.4545454545454546,4.154545454545454,7.333333333333333,5.0,8.0,2.0,1.0,11.0,,,,True,True,UNKNOWN,False,False,2019-07-30 09:00:00+00:00,,UNKNOWN,Open-Meteo Historical Forecast,FAIL_CLOSED_NO_ISSUANCE_TIMESTAMP,29.4,74.0,0.0,8.0,NPB,2019-07-30 18:00:00,1,,,0,
2019073003,2019-07-30 18:00:00,阪神タイガース,中日ドラゴンズ,7.0,6.0,UNKNOWN,阪神甲子園球場,unknown,low,False,False,1000138,1700154,[],[],,,,,0,light,2019-07-30 18:00:00+00:00,,UNKNOWN,,,,UNKNOWN,UNKNOWN,,UNKNOWN,,5.4,2.2,1.8,3.6,1.8,6.6,5.0,3.0,9.0,1.0,2.0,1.0,,,,3.6,2.2,5.4,5.4,1.8,6.4,5.0,2.0,8.0,1.0,3.0,3.0,,,,True,True,UNKNOWN,False,False,,,,,,,,,,NPB,2019-07-30 18:00:00,1,,,0,
2019073004,2019-07-30 18:00:00,北海道日本ハムファイターズ,東北楽天ゴールデンイーグルス,0.0,2.0,UNKNOWN,札幌ドーム,excluded,high,False,False,1800120,700056,[],[],,,,,0,light,2019-07-30 18:00:00+00:00,,UNKNOWN,,,,UNKNOWN,UNKNOWN,,UNKNOWN,,0.0,0.3333333333333333,4.0,1.0,0.0,2.644444444444445,9.0,0.0,2.0,0.0,1.0,4.0,,,,4.5,1.0,6.75,2.25,2.25,5.7,4.0,2.0,3.0,1.0,1.0,3.0,,,,True,True,UNKNOWN,False,False,,,,,,,,,,NPB,2019-07-30 18:00:00,1,,,0,
2019073005,2019-07-30 18:00:00,埼玉西武ライオンズ,福岡ソフトバンクホークス,5.0,2.0,UNKNOWN,メットライフドーム,unknown,low,False,False,1700130,1600127,[],[],,,,,0,light,2019-07-30 18:00:00+00:00,,UNKNOWN,,,,UNKNOWN,UNKNOWN,,UNKNOWN,,4.5,1.1666666666666667,9.0,6.0,0.0,3.2,6.0,3.0,3.0,0.0,4.0,6.0,,,,3.0,1.1666666666666667,4.5,6.0,1.5,6.366666666666667,6.0,2.0,3.0,1.0,4.0,3.0,,,,True,True,UNKNOWN,False,False,,,,,,,,,,NPB,2019-07-30 18:00:00,1,,,0,
2019073006,2019-07-30 18:15:00,千葉ロッテマリーンズ,オリックス・バファローズ,4.0,1.0,UNKNOWN,ＺＯＺＯマリンスタジアム,unknown,low,False,False,1700109,1400190,[],[],,,,,0,light,2019-07-30 18:15:00+00:00,,UNKNOWN,,,,UNKNOWN,UNKNOWN,,UNKNOWN,,3.6,1.6,12.6,5.4,1.8,4.800000000000001,5.0,2.0,5.0,1.0,3.0,7.0,,,,1.4210526315789473,0.6315789473684211,9.947368421052632,4.2631578947368425,0.0,2.4105263157894736,6.333333333333333,1.0,1.0,0.0,3.0,7.0,,,,True,True,UNKNOWN,False,False,,,,,,,,,,NPB,2019-07-30 18:15:00,1,,,0,
2019073102,2019-07-31 17:45:00,横浜DeNAベイスターズ,東京ヤクルトスワローズ,4.0,3.0,UNKNOWN,横浜スタジアム,unknown,low,False,False,12113,1600081,[],[],,,,,0,light,2019-07-31 17:45:00+00:00,,UNKNOWN,,,,UNKNOWN,UNKNOWN,,UNKNOWN,,4.5,1.1666666666666667,9.0,3.0,1.5,4.366666666666667,6.0,3.0,5.0,1.0,2.0,6.0,,,,1.5,1.0,7.5,4.5,0.0,3.0333333333333337,6.0,1.0,3.0,0.0,3.0,5.0,,,,True,True,UNKNOWN,False,False,,,,,,,,,,NPB,2019-07-31 17:45:00,1,,,0,
2019073101,2019-07-31 18:00:00,読売ジャイアンツ,広島東洋カープ,2.0,3.0,UNKNOWN,東京ドーム,unknown,low,False,False,1500007,1800023,[],[],,,,,0,light,2019-07-31 18:00:00+00:00,,UNKNOWN,,,,UNKNOWN,UNKNOWN,,UNKNOWN,,0.0,1.0,10.5,3.0,0.0,1.866666666666667,6.0,0.0,4.0,0.0,2.0,7.0,,,,11.571428571428571,2.571428571428571,11.571428571428571,7.7142857142857135,7.7142857142857135,14.342857142857142,2.3333333333333335,3.0,4.0,2.0,2.0,3.0,,,,True,True,UNKNOWN,False,False,2019-07-31 09:00:00+00:00,,UNKNOWN,Open-Meteo Historical Forecast,FAIL_CLOSED_NO_ISSUANCE_TIMESTAMP,29.6,76.0,0.0,5.8,NPB,2019-07-31 18:00:00,1,,,0,
2019073103,2019-07-31 18:00:00,阪神タイガース,中日ドラゴンズ,2.0,3.0,UNKNOWN,阪神甲子園球場,unknown,low,False,False,1700106,1500090,[],[],,,,,0,light,2019-07-31 18:00:00+00:00,,UNKNOWN,,,,UNKNOWN,UNKNOWN,,UNKNOWN,,1.5,0.8333333333333334,4.5,1.5,0.0,2.7,6.0,1.0,4.0,0.0,1.0,3.0,,,,4.5,1.8333333333333333,6.0,1.5,0.0,2.3666666666666667,6.0,3.0,10.0,0.0,1.0,4.0,,,,True,True,UNKNOWN,False,False,,,,,,,,,,NPB,2019-07-31 18:00:00,1,,,0,
2019073104,2019-07-31 18:00:00,北海道日本ハムファイターズ,東北楽天ゴールデンイーグルス,4.0,3.0,UNKNOWN,札幌ドーム,unknown,low,False,False,1200117,1500110,[],[],,,,,0,light,2019-07-31 18:00:00+00:00,,UNKNOWN,,,,UNKNOWN,UNKNOWN,,UNKNOWN,,5.684210526315789,1.2631578947368423,8.526315789473685,1.4210526315789473,0.0,1.7789473684210528,6.333333333333333,4.0,7.0,0.0,1.0,6.0,,,,3.375,1.125,10.125,0.0,3.375,5.825,2.6666666666666665,1.0,3.0,1.0,0.0,3.0,,,,True,True,UNKNOWN,False,False,,,,,,,,,,NPB,2019-07-31 18:00:00,1,,,0,
2019073105,2019-07-31 18:00:00,埼玉西武ライオンズ,福岡ソフトバンクホークス,2.0,0.0,UNKNOWN,メットライフドーム,unknown,low,False,False,1600013,1400182,[],[],,,,,0,light,2019-07-31 18:00:00+00:00,,UNKNOWN,,,,UNKNOWN,UNKNOWN,,UNKNOWN,,0.0,1.5,6.75,11.25,0.0,5.45,4.0,0.0,1.0,0.0,5.0,3.0,,,,0.0,1.0,6.0,6.0,0.0,3.8666666666666667,6.0,0.0,2.0,0.0,4.0,4.0,,,,True,True,UNKNOWN,False,False,,,,,,,,,,NPB,2019-07-31 18:00:00,1,,,0,
2019073106,2019-07-31 18:15:00,千葉ロッテマリーンズ,オリックス・バファローズ,4.0,8.0,UNKNOWN,ＺＯＺＯマリンスタジアム,unknown,low,False,False,1600150,500014,[],[],,,,,0,light,2019-07-31 18:15:00+00:00,,UNKNOWN,,,,UNKNOWN,UNKNOWN,,UNKNOWN,,6.0,1.3333333333333333,13.5,3.0,0.0,1.2000000000000002,6.0,4.0,6.0,0.0,2.0,9.0,,,,11.25,2.25,9.0,2.25,2.25,5.2,4.0,5.0,8.0,1.0,1.0,4.0,,,,True,True,UNKNOWN,False,False,,,,,,,,,,NPB,2019-07-31 18:15:00,1,,,0,
2019080102,2019-08-01 17:45:00,横浜DeNAベイスターズ,東京ヤクルトスワローズ,2.0,4.0,UNKNOWN,横浜スタジアム,unknown,low,False,False,700103,1800045,[],[],,,,,0,light,2019-08-01 17:45:00+00:00,,UNKNOWN,,,,UNKNOWN,UNKNOWN,,UNKNOWN,,3.0,1.3333333333333333,4.5,1.5,0.0,2.7,6.0,2.0,7.0,0.0,1.0,3.0,,,,10.125,2.625,3.375,3.375,3.375,8.45,2.6666666666666665,3.0,6.0,1.0,1.0,1.0,,,,True,True,UNKNOWN,False,False,,,,,,,,,,NPB,2019-08-01 17:45:00,1,,,0,
2019080101,2019-08-01 18:00:00,読売ジャイアンツ,広島東洋カープ,2.0,8.0,UNKNOWN,東京ドーム,allstar,high,False,True,1100081,1700002,[],[],,,,,0,light,2019-08-01 18:00:00+00:00,,UNKNOWN,,,,UNKNOWN,UNKNOWN,,UNKNOWN,,1.5,1.0,4.5,3.0,0.0,3.2,6.0,1.0,4.0,0.0,2.0,3.0,,,,6.0,1.6666666666666667,4.5,0.0,1.5,4.366666666666667,6.0,4.0,10.0,1.0,0.0,3.0,,,,True,True,UNKNOWN,False,False,2019-08-01 09:00:00+00:00,,UNKNOWN,Open-Meteo Historical Forecast,FAIL_CLOSED_NO_ISSUANCE_TIMESTAMP,31.5,68.0,0.0,6.6,NPB,2019-08-01 18:00:00,1,,,0,
2019080103,2019-08-01 18:00:00,阪神タイガース,中日ドラゴンズ,3.0,2.0,UNKNOWN,阪神甲子園球場,excluded,high,False,False,1800130,1200062,[],[],,,,,0,light,2019-08-01 18:00:00+00:00,,UNKNOWN,,,,UNKNOWN,UNKNOWN,,UNKNOWN,,3.0,1.5,9.0,1.5,1.5,3.8666666666666667,6.0,2.0,8.0,1.0,1.0,6.0,,,,2.076923076923077,2.307692307692308,6.230769230769231,12.461538461538462,0.0,5.969230769230769,4.333333333333333,1.0,4.0,0.0,6.0,3.0,,,,True,True,UNKNOWN,False,False,,,,,,,,,,NPB,2019-08-01 18:00:00,1,,,0,
2019080104,2019-08-01 18:00:00,北海道日本ハムファイターズ,東北楽天ゴールデンイーグルス,1.0,3.0,UNKNOWN,札幌ドーム,unknown,low,False,False,1100128,1400117,[],[],,,,,0,light,2019-08-01 18:00:00+00:00,,UNKNOWN,,,,UNKNOWN,UNKNOWN,,UNKNOWN,,3.0,1.3333333333333333,3.0,6.0,0.0,4.533333333333333,3.0,1.0,2.0,0.0,2.0,1.0,,,,2.5714285714285716,0.8571428571428571,9.0,1.2857142857142858,0.0,1.6285714285714288,7.0,2.0,5.0,0.0,1.0,7.0,,,,True,True,UNKNOWN,False,False,,,,,,,,,,NPB,2019-08-01 18:00:00,1,,,0,
2019080105,2019-08-01 18:00:00,埼玉西武ライオンズ,福岡ソフトバンクホークス,10.0,11.0,UNKNOWN,メットライフドーム,unknown,low,False,False,1700137,1800080,[],[],,,,,0,light,2019-08-01 18:00:00+00:00,,UNKNOWN,,,,UNKNOWN,UNKNOWN,,UNKNOWN,,15.428571428571427,1.7142857142857142,3.8571428571428568,0.0,0.0,2.342857142857143,2.3333333333333335,4.0,4.0,0.0,0.0,1.0,,,,16.875,3.0,6.75,3.375,3.375,7.7,2.6666666666666665,5.0,7.0,1.0,1.0,2.0,,,,True,True,UNKNOWN,False,False,,,,,,,,,,NPB,2019-08-01 18:00:00,1,,,0,
2019080106,2019-08-01 18:15:00,千葉ロッテマリーンズ,オリックス・バファローズ,7.0,6.0,UNKNOWN,ＺＯＺＯマリンスタジアム,unknown,low,False,False,1700110,1700145,[],[],,,,,0,light,2019-08-01 18:15:00+00:00,,UNKNOWN,,,,UNKNOWN,UNKNOWN,,UNKNOWN,,9.0,1.4,14.4,1.8,1.8,3.2,5.0,5.0,6.0,1.0,1.0,8.0,,,,3.6,1.8,10.8,3.6,0.0,2.0,5.0,2.0,7.0,0.0,2.0,6.0,,,,True,True,UNKNOWN,False,False,,,,,,,,,,NPB,2019-08-01 18:15:00,1,,,0,
2019080201,2019-08-02 18:00:00,東京ヤクルトスワローズ,中日ドラゴンズ,4.0,5.0,UNKNOWN,明治神宮野球場,unknown,low,False,False,1600106,1800033,[],[],,,,,0,light,2019-08-02 18:00:00+00:00,,UNKNOWN,,,,UNKNOWN,UNKNOWN,,UNKNOWN,,7.2,2.2,9.0,1.8,3.6,7.0,5.0,4.0,10.0,2.0,1.0,5.0,,,,6.0,1.6666666666666667,6.0,6.0,9.0,16.866666666666667,3.0,2.0,3.0,3.0,2.0,2.0,,,,True,True,UNKNOWN,False,False,,,,,,,,,,NPB,2019-08-02 18:00:00,1,,,0,
2019080202,2019-08-02 18:00:00,横浜DeNAベイスターズ,読売ジャイアンツ,4.0,2.0,UNKNOWN,横浜スタジアム,unknown,low,False,False,1200041,1300031,[],[],,,,,0,light,2019-08-02 18:00:00+00:00,,UNKNOWN,,,,UNKNOWN,UNKNOWN,,UNKNOWN,,6.0,1.1666666666666667,13.5,1.5,1.5,2.8666666666666667,6.0,4.0,6.0,1.0,1.0,9.0,,,,3.0,0.6666666666666666,13.5,0.0,1.5,2.3666666666666667,6.0,2.0,4.0,1.0,0.0,9.0,,,,True,True,UNKNOWN,False,False,,,,,,,,,,NPB,2019-08-02 18:00:00,1,,,0,
2019080203,2019-08-02 18:00:00,広島東洋カープ,阪神タイガース,7.0,0.0,UNKNOWN,ＭＡＺＤＡ　Ｚｏｏｍ－Ｚｏｏｍ　スタジアム広島,unknown,low,False,False,1700078,1300057,[],[],,,,,0,light,2019-08-02 18:00:00+00:00,,UNKNOWN,,,,UNKNOWN,UNKNOWN,,UNKNOWN,,9.529411764705882,2.1176470588235294,12.705882352941176,4.764705882352941,1.588235294117647,4.258823529411765,5.666666666666667,6.0,9.0,1.0,3.0,8.0,,,,0.0,0.5555555555555556,4.0,0.0,0.0,2.3111111111111113,9.0,0.0,5.0,0.0,0.0,4.0,,,,True,True,UNKNOWN,False,False,,,,,,,,,,NPB,2019-08-02 18:00:00,1,,,0,
2019080204,2019-08-02 18:00:00,北海道日本ハムファイターズ,福岡ソフトバンクホークス,0.0,2.0,UNKNOWN,札幌ドーム,unknown,low,False,False,1000174,1300094,[],[],,,,,0,light,2019-08-02 18:00:00+00:00,,UNKNOWN,,,,UNKNOWN,UNKNOWN,,UNKNOWN,,0.0,0.7777777777777778,8.0,5.0,0.0,3.088888888888889,9.0,0.0,2.0,0.0,5.0,8.0,,,,0.0,0.6,9.0,0.0,0.0,1.2000000000000002,5.0,0.0,3.0,0.0,0.0,5.0,,,,True,True,UNKNOWN,False,False,,,,,,,,,,NPB,2019-08-02 18:00:00,1,,,0,
2019080205,2019-08-02 18:00:00,東北楽天ゴールデンイーグルス,千葉ロッテマリーンズ,5.0,2.0,UNKNOWN,楽天生命パーク宮城,unknown,low,False,False,1300055,1000155,[],[],,,,,0,light,2019-08-02 18:00:00+00:00,,UNKNOWN,,,,UNKNOWN,UNKNOWN,,UNKNOWN,,5.625,1.375,5.625,1.125,1.125,3.95,8.0,5.0,10.0,1.0,1.0,5.0,,,,0.0,1.0,6.0,1.5,0.0,2.3666666666666667,6.0,0.0,5.0,0.0,1.0,4.0,,,,True,True,UNKNOWN,False,False,,,,,,,,,,NPB,2019-08-02 18:00:00,1,,,0,
2019080206,2019-08-02 18:00:00,オリックス・バファローズ,埼玉西武ライオンズ,9.0,8.0,UNKNOWN,京セラドーム大阪,unknown,low,False,False,1400183,1800100,[],[],,,,,0,light,2019-08-02 18:00:00+00:00,,UNKNOWN,,,,UNKNOWN,UNKNOWN,,UNKNOWN,,15.0,2.6666666666666665,3.0,6.0,0.0,4.533333333333333,3.0,5.0,6.0,0.0,2.0,1.0,,,,19.636363636363637,2.7272727272727275,7.363636363636364,9.818181818181818,4.909090909090909,11.92727272727273,3.6666666666666665,8.0,6.0,2.0,4.0,3.0,,,,True,True,UNKNOWN,False,False,,,,,,,,,,NPB,2019-08-02 18:00:00,1,,,0,
2019080304,2019-08-03 14:00:00,北海道日本ハムファイターズ,福岡ソフトバンクホークス,3.0,6.0,UNKNOWN,札幌ドーム,unknown,low,False,False,1800013,500027,[],[],,,,,0,light,2019-08-03 14:00:00+00:00,,UNKNOWN,,,,UNKNOWN,UNKNOWN,,UNKNOWN,,1.2857142857142858,0.42857142857142855,7.714285714285714,2.5714285714285716,1.2857142857142858,4.2,7.0,1.0,1.0,1.0,2.0,6.0,,,,7.5,1.5,4.5,0.0,1.5,4.366666666666667,6.0,5.0,9.0,1.0,0.0,3.0,,,,True,True,UNKNOWN,False,False,,,,,,,,,,NPB,2019-08-03 14:00:00,1,,,0,
2019080306,2019-08-03 14:00:00,オリックス・バファローズ,埼玉西武ライオンズ,4.0,1.0,UNKNOWN,京セラドーム大阪,unknown,low,False,False,1500099,1600153,[],[],,,,,0,light,2019-08-03 14:00:00+00:00,,UNKNOWN,,,,UNKNOWN,UNKNOWN,,UNKNOWN,,13.5,3.75,3.375,10.125,0.0,5.825,2.6666666666666665,4.0,7.0,0.0,3.0,1.0,,,,1.0799999999999998,0.84,10.799999999999999,2.1599999999999997,0.0,1.5200000000000002,8.333333333333334,1.0,5.0,0.0,2.0,10.0,,,,True,True,UNKNOWN,False,False,,,,,,,,,,NPB,2019-08-03 14:00:00,1,,,0,
2019080301,2019-08-03 18:00:00,東京ヤクルトスワローズ,中日ドラゴンズ,4.0,6.0,UNKNOWN,明治神宮野球場,unknown,low,False,False,12191,1200076,[],[],,,,,0,light,2019-08-03 18:00:00+00:00,,UNKNOWN,,,,UNKNOWN,UNKNOWN,,UNKNOWN,,5.4,1.4,7.2,3.6,3.6,8.0,5.0,3.0,5.0,2.0,2.0,4.0,,,,5.3999999999999995,1.2,8.1,0.0,1.3499999999999999,3.35,6.666666666666667,4.0,8.0,1.0,0.0,6.0,,,,True,True,UNKNOWN,False,False,,,,,,,,,,NPB,2019-08-03 18:00:00,1,,,0,
2019080302,2019-08-03 18:00:00,横浜DeNAベイスターズ,読売ジャイアンツ,6.0,5.0,UNKNOWN,横浜スタジアム,unknown,low,False,False,1100038,1400110,[],[],,,,,0,light,2019-08-03 18:00:00+00:00,,UNKNOWN,,,,UNKNOWN,UNKNOWN,,UNKNOWN,,9.0,1.2,1.8,1.8,3.6,8.600000000000001,5.0,5.0,5.0,2.0,1.0,1.0,,,,4.5,0.6666666666666666,12.0,1.5,1.5,3.2,6.0,3.0,3.0,1.0,1.0,8.0,,,,True,True,UNKNOWN,False,False,,,,,,,,,,NPB,2019-08-03 18:00:00,1,,,0,
2019080303,2019-08-03 18:00:00,広島東洋カープ,阪神タイガース,1.0,4.0,UNKNOWN,ＭＡＺＤＡ　Ｚｏｏｍ－Ｚｏｏｍ　スタジアム広島,unknown,low,False,False,900062,1600123,[],[],,,,,0,light,2019-08-03 18:00:00+00:00,,UNKNOWN,,,,UNKNOWN,UNKNOWN,,UNKNOWN,,1.5,0.6666666666666666,6.0,0.0,1.5,4.033333333333333,6.0,1.0,4.0,1.0,0.0,4.0,,,,1.5,1.0,1.5,1.5,1.5,5.533333333333333,6.0,1.0,5.0,1.0,1.0,1.0,,,,True,True,UNKNOWN,False,False,,,,,,,,,,NPB,2019-08-03 18:00:00,1,,,0,
2019080305,2019-08-03 18:00:00,東北楽天ゴールデンイーグルス,千葉ロッテマリーンズ,0.0,0.0,UNKNOWN,楽天生命パーク宮城,unknown,low,False,False,1800052,1600095,[],[],,,,,0,light,2019-08-03 18:00:00+00:00,,UNKNOWN,,,,UNKNOWN,UNKNOWN,,UNKNOWN,,0.0,1.0,9.0,1.5,0.0,1.7000000000000002,6.0,0.0,5.0,0.0,1.0,6.0,,,,0.0,1.1666666666666667,4.5,3.0,0.0,3.2,6.0,0.0,5.0,0.0,2.0,3.0,,,,True,True,UNKNOWN,False,False,,,,,,,,,,NPB,2019-08-03 18:00:00,1,,,0,
2019080406,2019-08-04 13:00:00,オリックス・バファローズ,埼玉西武ライオンズ,4.0,5.0,UNKNOWN,京セラドーム大阪,unknown,low,False,False,1800022,1500088,[],[],,,,,0,light,2019-08-04 13:00:00+00:00,,UNKNOWN,,,,UNKNOWN,UNKNOWN,,UNKNOWN,,5.4,1.8,1.8,1.8,0.0,3.4000000000000004,5.0,3.0,8.0,0.0,1.0,1.0,,,,12.0,2.3333333333333335,6.0,3.0,6.0,11.533333333333335,3.0,4.0,6.0,2.0,1.0,2.0,,,,True,True,UNKNOWN,False,False,,,,,,,,,,NPB,2019-08-04 13:00:00,1,,,0,
2019080404,2019-08-04 14:00:00,北海道日本ハムファイターズ,福岡ソフトバンクホークス,4.0,3.0,UNKNOWN,札幌ドーム,unknown,low,False,False,900100,1600133,[],[],,,,,0,light,2019-08-04 14:00:00+00:00,,UNKNOWN,,,,UNKNOWN,UNKNOWN,,UNKNOWN,,7.7142857142857135,1.7142857142857142,7.7142857142857135,1.9285714285714284,0.0,2.128571428571429,4.666666666666667,4.0,7.0,0.0,1.0,4.0,,,,0.0,0.0,18.0,0.0,0.0,-0.7999999999999998,1.0,0.0,0.0,0.0,0.0,2.0,,,,True,True,UNKNOWN,False,False,,,,,,,,,,NPB,2019-08-04 14:00:00,1,,,0,
2019080405,2019-08-04 17:00:00,東北楽天ゴールデンイーグルス,千葉ロッテマリーンズ,2.0,11.0,UNKNOWN,楽天生命パーク宮城,unknown,low,False,False,1600146,1600005,[],[],,,,,0,light,2019-08-04 17:00:00+00:00,,UNKNOWN,,,,UNKNOWN,UNKNOWN,,UNKNOWN,,0.0,0.5714285714285714,12.857142857142858,1.2857142857142858,0.0,0.7714285714285718,7.0,0.0,3.0,0.0,1.0,10.0,,,,12.0,2.1666666666666665,4.5,4.5,1.5,5.866666666666667,6.0,8.0,10.0,1.0,3.0,3.0,,,,True,True,UNKNOWN,False,False,,,,,,,,,,NPB,2019-08-04 17:00:00,1,,,0,
2019080401,2019-08-04 18:00:00,東京ヤクルトスワローズ,中日ドラゴンズ,7.0,2.0,UNKNOWN,明治神宮野球場,unknown,low,False,False,1600109,1500042,[],[],,,,,0,light,2019-08-04 18:00:00+00:00,,UNKNOWN,,,,UNKNOWN,UNKNOWN,,UNKNOWN,,12.0,2.6666666666666665,9.0,6.0,3.0,7.533333333333333,3.0,4.0,6.0,1.0,2.0,3.0,,,,3.0,1.1666666666666667,10.5,1.5,1.5,3.5333333333333337,6.0,2.0,6.0,1.0,1.0,7.0,,,,True,True,UNKNOWN,False,False,,,,,,,,,,NPB,2019-08-04 18:00:00,1,,,0,
2019080402,2019-08-04 18:00:00,横浜DeNAベイスターズ,読売ジャイアンツ,3.0,2.0,UNKNOWN,横浜スタジアム,unknown,low,False,False,1500046,1500061,[],[],,,,,0,light,2019-08-04 18:00:00+00:00,,UNKNOWN,,,,UNKNOWN,UNKNOWN,,UNKNOWN,,3.375,1.6875,6.75,1.6875,0.0,2.2625,5.333333333333333,2.0,8.0,0.0,1.0,4.0,,,,1.8,1.6,10.8,5.4,0.0,2.6,5.0,1.0,5.0,0.0,3.0,6.0,,,,True,True,UNKNOWN,False,False,,,,,,,,,,NPB,2019-08-04 18:00:00,1,,,0,
2019080403,2019-08-04 18:00:00,広島東洋カープ,阪神タイガース,10.0,5.0,UNKNOWN,ＭＡＺＤＡ　Ｚｏｏｍ－Ｚｏｏｍ　スタジアム広島,unknown,low,False,False,600089,1300058,[],[],,,,,0,light,2019-08-04 18:00:00+00:00,,UNKNOWN,,,,UNKNOWN,UNKNOWN,,UNKNOWN,,22.5,4.0,9.0,0.0,4.5,7.7,2.0,5.0,8.0,1.0,0.0,2.0,,,,3.0,1.3333333333333333,6.0,4.5,1.5,5.533333333333333,6.0,2.0,5.0,1.0,3.0,4.0,,,,True,True,UNKNOWN,False,False,,,,,,,,,,NPB,2019-08-04 18:00:00,1,,,0,
2019080501,2019-08-05 18:00:00,東北楽天ゴールデンイーグルス,千葉ロッテマリーンズ,1.0,8.0,UNKNOWN,楽天生命パーク宮城,excluded,high,False,False,900081,1600092,[],[],,,,,0,light,2019-08-05 18:00:00+00:00,,UNKNOWN,,,,UNKNOWN,UNKNOWN,,UNKNOWN,,0.0,1.0,7.2,3.6,0.0,2.8000000000000003,5.0,0.0,3.0,0.0,2.0,4.0,,,,12.461538461538462,1.3846153846153848,10.384615384615385,4.153846153846154,4.153846153846154,8.276923076923078,4.333333333333333,6.0,4.0,2.0,2.0,5.0,,,,True,True,UNKNOWN,False,False,,,,,,,,,,NPB,2019-08-05 18:00:00,1,,,0,
2019080601,2019-08-06 18:00:00,東京ヤクルトスワローズ,阪神タイガース,4.0,3.0,UNKNOWN,明治神宮野球場,unknown,low,False,False,1700154,1600174,[],[],,,,,0,light,2019-08-06 18:00:00+00:00,,UNKNOWN,,,,UNKNOWN,UNKNOWN,,UNKNOWN,,4.764705882352941,1.588235294117647,11.117647058823529,3.176470588235294,1.588235294117647,4.08235294117647,5.666666666666667,3.0,7.0,1.0,2.0,7.0,,,,1.5,1.0,10.5,0.0,1.5,3.0333333333333337,6.0,1.0,6.0,1.0,0.0,7.0,,,,True,True,UNKNOWN,False,False,,,,,,,,,,NPB,2019-08-06 18:00:00,1,,,0,
2019080602,2019-08-06 18:00:00,中日ドラゴンズ,読売ジャイアンツ,6.0,0.0,UNKNOWN,ナゴヤドーム,unknown,low,False,False,900055,1000138,[],[],,,,,0,light,2019-08-06 18:00:00+00:00,,UNKNOWN,,,,UNKNOWN,UNKNOWN,,UNKNOWN,,2.25,1.0,6.75,0.0,2.25,4.95,4.0,1.0,4.0,1.0,0.0,3.0,,,,0.0,1.4285714285714286,6.428571428571429,3.857142857142857,0.0,3.0571428571428574,7.0,0.0,7.0,0.0,3.0,5.0,,,,True,True,UNKNOWN,False,False,,,,,,,,,,NPB,2019-08-06 18:00:00,1,,,0,
2019080603,2019-08-06 18:00:00,広島東洋カープ,横浜DeNAベイスターズ,8.0,4.0,UNKNOWN,ＭＡＺＤＡ　Ｚｏｏｍ－Ｚｏｏｍ　スタジアム広島,unknown,low,False,False,1800043,1600125,[],[],,,,,0,light,2019-08-06 18:00:00+00:00,,UNKNOWN,,,,UNKNOWN,UNKNOWN,,UNKNOWN,,12.461538461538462,2.7692307692307696,8.307692307692308,6.230769230769231,2.076923076923077,6.430769230769231,4.333333333333333,6.0,9.0,1.0,3.0,4.0,,,,0.0,1.0,3.857142857142857,1.2857142857142858,0.0,2.771428571428572,7.0,0.0,6.0,0.0,1.0,3.0,,,,True,True,UNKNOWN,False,False,,,,,,,,,,NPB,2019-08-06 18:00:00,1,,,0,
2019080604,2019-08-06 18:00:00,北海道日本ハムファイターズ,オリックス・バファローズ,0.0,5.0,UNKNOWN,札幌ドーム,unknown,low,False,False,1700109,1600133,[],[],,,,,0,light,2019-08-06 18:00:00+00:00,,UNKNOWN,,,,UNKNOWN,UNKNOWN,,UNKNOWN,,0.0,1.3333333333333333,4.5,6.0,0.0,4.2,6.0,0.0,4.0,0.0,4.0,3.0,,,,0.0,0.0,9.0,0.0,0.0,1.2000000000000002,1.0,0.0,0.0,0.0,0.0,1.0,,,,True,True,UNKNOWN,False,False,,,,,,,,,,NPB,2019-08-06 18:00:00,1,,,0,
2019080605,2019-08-06 18:00:00,埼玉西武ライオンズ,東北楽天ゴールデンイーグルス,0.0,10.0,UNKNOWN,メットライフドーム,unknown,low,False,False,1800120,1600127,[],[],,,,,0,light,2019-08-06 18:00:00+00:00,,UNKNOWN,,,,UNKNOWN,UNKNOWN,,UNKNOWN,,0.0,0.5714285714285714,5.142857142857143,0.0,0.0,2.0571428571428574,7.0,0.0,4.0,0.0,0.0,4.0,,,,18.0,3.5,18.0,9.0,4.5,8.7,2.0,4.0,5.0,1.0,2.0,4.0,,,,True,True,UNKNOWN,False,False,,,,,,,,,,NPB,2019-08-06 18:00:00,1,,,0,
2019080606,2019-08-06 18:15:00,千葉ロッテマリーンズ,福岡ソフトバンクホークス,4.0,2.0,UNKNOWN,ＺＯＺＯマリンスタジアム,unknown,low,False,False,1700130,1400190,[],[],,,,,0,light,2019-08-06 18:15:00+00:00,,UNKNOWN,,,,UNKNOWN,UNKNOWN,,UNKNOWN,,1.2857142857142858,1.0,6.428571428571429,3.857142857142857,0.0,3.0571428571428574,7.0,1.0,4.0,0.0,3.0,5.0,,,,0.0,3.0,9.0,18.0,0.0,7.2,1.0,0.0,1.0,0.0,2.0,1.0,,,,True,True,UNKNOWN,False,False,,,,,,,,,,NPB,2019-08-06 18:15:00,1,,,0,
2019080701,2019-08-07 18:00:00,東京ヤクルトスワローズ,阪神タイガース,11.0,2.0,UNKNOWN,明治神宮野球場,unknown,low,False,False,1500090,12113,[],[],,,,,0,light,2019-08-07 18:00:00+00:00,,UNKNOWN,,,,UNKNOWN,UNKNOWN,,UNKNOWN,,10.8,2.2,3.6,7.2,1.8,7.4,5.0,6.0,7.0,1.0,4.0,2.0,,,,1.5,0.5,4.5,1.5,1.5,4.866666666666667,6.0,1.0,2.0,1.0,1.0,3.0,,,,True,True,UNKNOWN,False,False,,,,,,,,,,NPB,2019-08-07 18:00:00,1,,,0,
2019080702,2019-08-07 18:00:00,中日ドラゴンズ,読売ジャイアンツ,3.0,9.0,UNKNOWN,ナゴヤドーム,unknown,low,False,False,1700002,1700106,[],[],,,,,0,light,2019-08-07 18:00:00+00:00,,UNKNOWN,,,,UNKNOWN,UNKNOWN,,UNKNOWN,,4.764705882352941,0.3529411764705882,7.941176470588235,0.0,0.0,1.435294117647059,5.666666666666667,3.0,2.0,0.0,0.0,5.0,,,,7.5,1.8333333333333333,6.0,9.0,3.0,9.2,6.0,5.0,5.0,2.0,6.0,4.0,,,,True,True,UNKNOWN,False,False,,,,,,,,,,NPB,2019-08-07 18:00:00,1,,,0,
2019080703,2019-08-07 18:00:00,広島東洋カープ,横浜DeNAベイスターズ,0.0,4.0,UNKNOWN,ＭＡＺＤＡ　Ｚｏｏｍ－Ｚｏｏｍ　スタジアム広島,unknown,low,False,False,1600081,1500007,[],[],,,,,0,light,2019-08-07 18:00:00+00:00,,UNKNOWN,,,,UNKNOWN,UNKNOWN,,UNKNOWN,,0.0,0.8333333333333334,16.5,1.5,0.0,0.03333333333333366,6.0,0.0,4.0,0.0,1.0,11.0,,,,5.4,1.8,7.2,1.8,1.8,4.800000000000001,5.0,3.0,8.0,1.0,1.0,4.0,,,,True,True,UNKNOWN,False,False,,,,,,,,,,NPB,2019-08-07 18:00:00,1,,,0,
2019080704,2019-08-07 18:00:00,北海道日本ハムファイターズ,オリックス・バファローズ,4.0,6.0,UNKNOWN,札幌ドーム,unknown,low,False,False,1600150,1500110,[],[],,,,,0,light,2019-08-07 18:00:00+00:00,,UNKNOWN,,,,UNKNOWN,UNKNOWN,,UNKNOWN,,7.2,2.0,9.0,3.6,1.8,5.0,5.0,4.0,8.0,1.0,2.0,5.0,,,,16.2,3.0,5.3999999999999995,2.6999999999999997,0.0,2.9000000000000004,3.3333333333333335,6.0,9.0,0.0,1.0,2.0,,,,True,True,UNKNOWN,False,False,,,,,,,,,,NPB,2019-08-07 18:00:00,1,,,0,
2019080705,2019-08-07 18:00:00,埼玉西武ライオンズ,東北楽天ゴールデンイーグルス,4.0,3.0,UNKNOWN,メットライフドーム,excluded,high,False,False,1200117,1000143,[],[],,,,,0,light,2019-08-07 18:00:00+00:00,,UNKNOWN,,,,UNKNOWN,UNKNOWN,,UNKNOWN,,5.4,1.6,5.4,1.8,3.6,7.8,5.0,3.0,7.0,2.0,1.0,3.0,,,,3.176470588235294,1.4117647058823528,7.941176470588235,3.176470588235294,1.588235294117647,4.788235294117647,5.666666666666667,2.0,6.0,1.0,2.0,5.0,,,,True,True,UNKNOWN,False,False,,,,,,,,,,NPB,2019-08-07 18:00:00,1,,,0,
2019080706,2019-08-07 18:15:00,千葉ロッテマリーンズ,福岡ソフトバンクホークス,5.0,3.0,UNKNOWN,ＺＯＺＯマリンスタジアム,unknown,low,False,False,1600013,1600144,[],[],,,,,0,light,2019-08-07 18:15:00+00:00,,UNKNOWN,,,,UNKNOWN,UNKNOWN,,UNKNOWN,,5.785714285714286,1.0714285714285714,5.785714285714286,1.9285714285714284,3.8571428571428568,8.128571428571428,4.666666666666667,3.0,4.0,2.0,1.0,3.0,,,,0.0,1.0,5.142857142857143,1.2857142857142858,0.0,2.4857142857142858,7.0,0.0,6.0,0.0,1.0,4.0,,,,True,True,UNKNOWN,False,False,,,,,,,,,,NPB,2019-08-07 18:15:00,1,,,0,
2019080801,2019-08-08 18:00:00,東京ヤクルトスワローズ,阪神タイガース,3.0,5.0,UNKNOWN,明治神宮野球場,unknown,low,False,False,900425,700103,[],[],,,,,0,light,2019-08-08 18:00:00+00:00,,UNKNOWN,,,,UNKNOWN,UNKNOWN,,UNKNOWN,,3.6,1.0,9.0,1.8,1.8,4.4,5.0,2.0,4.0,1.0,1.0,5.0,,,,3.176470588235294,1.4117647058823528,6.352941176470588,1.588235294117647,0.0,2.3176470588235296,5.666666666666667,2.0,7.0,0.0,1.0,4.0,,,,True,True,UNKNOWN,False,False,,,,,,,,,,NPB,2019-08-08 18:00:00,1,,,0,
2019080802,2019-08-08 18:00:00,中日ドラゴンズ,読売ジャイアンツ,3.0,3.0,UNKNOWN,ナゴヤドーム,unknown,low,False,False,1200041,1600106,[],[],,,,,0,light,2019-08-08 18:00:00+00:00,,UNKNOWN,,,,UNKNOWN,UNKNOWN,,UNKNOWN,,1.2857142857142858,0.5714285714285714,7.714285714285714,1.2857142857142858,0.0,1.9142857142857144,7.0,1.0,3.0,0.0,1.0,6.0,,,,4.5,0.8333333333333334,1.5,1.5,1.5,5.533333333333333,6.0,3.0,4.0,1.0,1.0,1.0,,,,True,True,UNKNOWN,False,False,,,,,,,,,,NPB,2019-08-08 18:00:00,1,,,0,
2019080803,2019-08-08 18:00:00,広島東洋カープ,横浜DeNAベイスターズ,4.0,1.0,UNKNOWN,ＭＡＺＤＡ　Ｚｏｏｍ－Ｚｏｏｍ　スタジアム広島,unknown,low,False,False,1600084,1100081,[],[],,,,,0,light,2019-08-08 18:00:00+00:00,,UNKNOWN,,,,UNKNOWN,UNKNOWN,,UNKNOWN,,0.0,1.5,9.0,11.25,0.0,4.95,4.0,0.0,1.0,0.0,5.0,4.0,,,,0.0,0.125,6.75,0.0,0.0,1.7000000000000002,8.0,0.0,1.0,0.0,0.0,6.0,,,,True,True,UNKNOWN,False,False,,,,,,,,,,NPB,2019-08-08 18:00:00,1,,,0,
2019080804,2019-08-08 18:00:00,北海道日本ハムファイターズ,オリックス・バファローズ,2.0,5.0,UNKNOWN,旭川市花咲スポーツ公園硬式野球場,unknown,low,False,False,1600159,800004,[],[],,,,,0,light,2019-08-08 18:00:00+00:00,,UNKNOWN,,,,UNKNOWN,UNKNOWN,,UNKNOWN,,1.5,0.3333333333333333,9.0,0.0,1.5,3.3666666666666667,6.0,1.0,2.0,1.0,0.0,6.0,,,,4.5,1.5,2.25,0.0,4.5,9.2,4.0,2.0,6.0,2.0,0.0,1.0,,,,True,True,UNKNOWN,False,False,,,,,,,,,,NPB,2019-08-08 18:00:00,1,,,0,
2019080805,2019-08-08 18:00:00,埼玉西武ライオンズ,東北楽天ゴールデンイーグルス,7.0,11.0,UNKNOWN,埼玉県営大宮公園野球場,unknown,low,False,False,1000155,1800080,[],[],,,,,0,light,2019-08-08 18:00:00+00:00,,UNKNOWN,,,,UNKNOWN,UNKNOWN,,UNKNOWN,,7.2,1.8,12.6,1.8,1.8,3.6,5.0,4.0,8.0,1.0,1.0,7.0,,,,11.25,2.75,0.0,9.0,2.25,9.45,4.0,5.0,7.0,1.0,4.0,0.0,,,,True,True,UNKNOWN,False,False,,,,,,,,,,NPB,2019-08-08 18:00:00,1,,,0,
2019080806,2019-08-08 18:15:00,千葉ロッテマリーンズ,福岡ソフトバンクホークス,3.0,5.0,UNKNOWN,ＺＯＺＯマリンスタジアム,unknown,low,False,False,1400126,1600141,[],[],,,,,0,light,2019-08-08 18:15:00+00:00,,UNKNOWN,,,,UNKNOWN,UNKNOWN,,UNKNOWN,,4.5,2.0,11.25,4.5,0.0,2.2,4.0,2.0,6.0,0.0,2.0,5.0,,,,2.25,1.5,6.75,4.5,2.25,6.45,4.0,1.0,4.0,1.0,2.0,3.0,,,,True,True,UNKNOWN,False,False,,,,,,,,,,NPB,2019-08-08 18:15:00,1,,,0,
2019080901,2019-08-09 18:00:00,読売ジャイアンツ,東京ヤクルトスワローズ,10.0,9.0,UNKNOWN,東京ドーム,unknown,low,False,False,1200076,1100038,[],[],,,,,0,light,2019-08-09 18:00:00+00:00,,UNKNOWN,,,,UNKNOWN,UNKNOWN,,UNKNOWN,,2.5714285714285716,0.42857142857142855,6.428571428571429,0.0,3.857142857142857,7.342857142857143,7.0,2.0,3.0,3.0,0.0,5.0,,,,27.0,4.0,4.5,4.5,4.5,10.2,2.0,6.0,7.0,1.0,1.0,1.0,,,,True,True,UNKNOWN,False,False,2019-08-09 09:00:00+00:00,,UNKNOWN,Open-Meteo Historical Forecast,FAIL_CLOSED_NO_ISSUANCE_TIMESTAMP,29.6,68.0,0.0,8.8,NPB,2019-08-09 18:00:00,1,,,0,
2019080902,2019-08-09 18:00:00,横浜DeNAベイスターズ,中日ドラゴンズ,10.0,6.0,UNKNOWN,横浜スタジアム,unknown,low,False,False,1800130,1300031,[],[],,,,,0,light,2019-08-09 18:00:00+00:00,,UNKNOWN,,,,UNKNOWN,UNKNOWN,,UNKNOWN,,15.75,2.0,6.75,2.25,4.5,8.95,4.0,7.0,7.0,2.0,1.0,3.0,,,,5.4,1.8,7.2,1.8,1.8,4.800000000000001,5.0,3.0,8.0,1.0,1.0,4.0,,,,True,True,UNKNOWN,False,False,,,,,,,,,,NPB,2019-08-09 18:00:00,1,,,0,
2019080903,2019-08-09 18:00:00,阪神タイガース,広島東洋カープ,5.0,11.0,UNKNOWN,京セラドーム大阪,unknown,low,False,False,1300057,1700078,[],[],,,,,0,light,2019-08-09 18:00:00+00:00,,UNKNOWN,,,,UNKNOWN,UNKNOWN,,UNKNOWN,,6.0,1.3333333333333333,4.5,3.0,0.0,3.2,6.0,4.0,6.0,0.0,2.0,3.0,,,,6.428571428571429,1.2857142857142858,11.571428571428571,0.0,1.2857142857142858,2.4857142857142858,7.0,5.0,9.0,1.0,0.0,9.0,,,,True,True,UNKNOWN,False,False,,,,,,,,,,NPB,2019-08-09 18:00:00,1,,,0,
2019081006,2019-08-10 13:00:00,福岡ソフトバンクホークス,北海道日本ハムファイターズ,8.0,4.0,UNKNOWN,福岡 ヤフオク!ドーム,unknown,low,False,False,1400117,1000174,[],[],,,,,0,light,2019-08-10 13:00:00+00:00,,UNKNOWN,,,,UNKNOWN,UNKNOWN,,UNKNOWN,,5.684210526315789,1.2631578947368423,8.526315789473685,1.4210526315789473,0.0,1.7789473684210528,6.333333333333333,4.0,7.0,0.0,1.0,6.0,,,,5.142857142857143,1.2857142857142858,12.857142857142858,2.5714285714285716,1.2857142857142858,3.0571428571428574,7.0,4.0,7.0,1.0,2.0,10.0,,,,True,True,UNKNOWN,False,False,,,,,,,,,,NPB,2019-08-10 13:00:00,1,,,0,
2019081001,2019-08-10 14:00:00,読売ジャイアンツ,東京ヤクルトスワローズ,8.0,4.0,UNKNOWN,東京ドーム,unknown,low,False,False,1600075,1500046,[],[],,,,,0,light,2019-08-10 14:00:00+00:00,,UNKNOWN,,,,UNKNOWN,UNKNOWN,,UNKNOWN,,32.400000000000006,6.6000000000000005,0.0,32.400000000000006,5.4,21.8,1.6666666666666665,6.0,5.0,1.0,6.0,0.0,,,,3.0,1.3333333333333333,4.5,3.0,1.5,5.366666666666667,6.0,2.0,6.0,1.0,2.0,3.0,,,,True,True,UNKNOWN,False,False,2019-08-10 05:00:00+00:00,,UNKNOWN,Open-Meteo Historical Forecast,FAIL_CLOSED_NO_ISSUANCE_TIMESTAMP,32.1,60.0,0.0,9.1,NPB,2019-08-10 14:00:00,1,,,0,
2019081005,2019-08-10 17:00:00,千葉ロッテマリーンズ,埼玉西武ライオンズ,3.0,8.0,UNKNOWN,ＺＯＺＯマリンスタジアム,unknown,low,False,False,1400182,1300055,[],[],,,,,0,light,2019-08-10 17:00:00+00:00,,UNKNOWN,,,,UNKNOWN,UNKNOWN,,UNKNOWN,,1.3499999999999999,1.3499999999999999,5.3999999999999995,5.3999999999999995,0.0,3.8000000000000003,6.666666666666667,1.0,5.0,0.0,4.0,4.0,,,,13.5,1.75,6.75,0.0,6.75,11.45,4.0,6.0,7.0,3.0,0.0,3.0,,,,True,True,UNKNOWN,False,False,,,,,,,,,,NPB,2019-08-10 17:00:00,1,,,0,
2019081002,2019-08-10 18:00:00,横浜DeNAベイスターズ,中日ドラゴンズ,5.0,4.0,UNKNOWN,横浜スタジアム,excluded,high,False,False,1500074,1400110,[],[],,,,,0,light,2019-08-10 18:00:00+00:00,,UNKNOWN,,,,UNKNOWN,UNKNOWN,,UNKNOWN,,1.8,1.6,3.6,3.6,1.8,6.2,5.0,1.0,6.0,1.0,2.0,2.0,,,,4.764705882352941,1.4117647058823528,7.941176470588235,0.0,3.176470588235294,6.023529411764706,5.666666666666667,3.0,8.0,2.0,0.0,5.0,,,,True,True,UNKNOWN,False,False,,,,,,,,,,NPB,2019-08-10 18:00:00,1,,,0,
2019081003,2019-08-10 18:00:00,阪神タイガース,広島東洋カープ,6.0,5.0,UNKNOWN,京セラドーム大阪,unknown,low,False,False,1600123,900062,[],[],,,,,0,light,2019-08-10 18:00:00+00:00,,UNKNOWN,,,,UNKNOWN,UNKNOWN,,UNKNOWN,,9.0,2.5,4.5,4.5,0.0,3.7,2.0,2.0,4.0,0.0,1.0,1.0,,,,7.5,1.5,9.0,3.0,0.0,2.2,6.0,5.0,7.0,0.0,2.0,6.0,,,,True,True,UNKNOWN,False,False,,,,,,,,,,NPB,2019-08-10 18:00:00,1,,,0,
2019081004,2019-08-10 18:00:00,東北楽天ゴールデンイーグルス,オリックス・バファローズ,4.0,8.0,UNKNOWN,楽天生命パーク宮城,unknown,low,False,False,1400195,1600095,[],[],,,,,0,light,2019-08-10 18:00:00+00:00,,UNKNOWN,,,,UNKNOWN,UNKNOWN,,UNKNOWN,,4.5,2.0,4.5,6.75,2.25,7.7,4.0,2.0,5.0,1.0,3.0,2.0,,,,3.6,1.4,0.0,5.4,0.0,5.0,5.0,2.0,4.0,0.0,3.0,0.0,,,,True,True,UNKNOWN,False,False,,,,,,,,,,NPB,2019-08-10 18:00:00,1,,,0,
2019081106,2019-08-11 13:00:00,福岡ソフトバンクホークス,北海道日本ハムファイターズ,2.0,0.0,UNKNOWN,福岡 ヤフオク!ドーム,unknown,low,False,False,1600133,1800013,[],[],,,,,0,light,2019-08-11 13:00:00+00:00,,UNKNOWN,,,,UNKNOWN,UNKNOWN,,UNKNOWN,,0.0,0.0,9.0,0.0,0.0,1.2000000000000002,1.0,0.0,0.0,0.0,0.0,1.0,,,,0.0,1.4,3.6,9.0,0.0,5.4,5.0,0.0,2.0,0.0,5.0,2.0,,,,True,True,UNKNOWN,False,False,,,,,,,,,,NPB,2019-08-11 13:00:00,1,,,0,
2019081101,2019-08-11 14:00:00,読売ジャイアンツ,東京ヤクルトスワローズ,7.0,1.0,UNKNOWN,東京ドーム,unknown,low,False,False,1500042,1800023,[],[],,,,,0,light,2019-08-11 14:00:00+00:00,,UNKNOWN,,,,UNKNOWN,UNKNOWN,,UNKNOWN,,11.25,1.5,13.5,2.25,4.5,7.45,4.0,5.0,5.0,2.0,1.0,6.0,,,,1.5,1.0,13.5,3.0,1.5,3.3666666666666667,6.0,1.0,4.0,1.0,2.0,9.0,,,,True,True,UNKNOWN,False,False,2019-08-11 05:00:00+00:00,,UNKNOWN,Open-Meteo Historical Forecast,FAIL_CLOSED_NO_ISSUANCE_TIMESTAMP,32.0,58.0,0.0,9.2,NPB,2019-08-11 14:00:00,1,,,0,
2019081105,2019-08-11 17:00:00,千葉ロッテマリーンズ,埼玉西武ライオンズ,2.0,4.0,UNKNOWN,ＺＯＺＯマリンスタジアム,unknown,low,False,False,1100089,1600146,[],[],,,,,0,light,2019-08-11 17:00:00+00:00,,UNKNOWN,,,,UNKNOWN,UNKNOWN,,UNKNOWN,,3.0,1.6666666666666667,1.5,3.0,0.0,3.8666666666666667,6.0,2.0,8.0,0.0,2.0,1.0,,,,2.5714285714285716,1.0,15.428571428571429,0.0,1.2857142857142858,1.6285714285714288,7.0,2.0,7.0,1.0,0.0,12.0,,,,True,True,UNKNOWN,False,False,,,,,,,,,,NPB,2019-08-11 17:00:00,1,,,0,
2019081102,2019-08-11 18:00:00,横浜DeNAベイスターズ,中日ドラゴンズ,8.0,10.0,UNKNOWN,横浜スタジアム,unknown,low,False,False,1600109,1500061,[],[],,,,,0,light,2019-08-11 18:00:00+00:00,,UNKNOWN,,,,UNKNOWN,UNKNOWN,,UNKNOWN,,22.5,3.5,0.0,4.5,4.5,11.2,2.0,5.0,6.0,1.0,1.0,0.0,,,,5.4,2.0,5.4,3.6,0.0,3.2,5.0,3.0,8.0,0.0,2.0,3.0,,,,True,True,UNKNOWN,False,False,,,,,,,,,,NPB,2019-08-11 18:00:00,1,,,0,
2019081103,2019-08-11 18:00:00,阪神タイガース,広島東洋カープ,6.0,5.0,UNKNOWN,京セラドーム大阪,unknown,low,False,False,1300058,1500089,[],[],,,,,0,light,2019-08-11 18:00:00+00:00,,UNKNOWN,,,,UNKNOWN,UNKNOWN,,UNKNOWN,,3.375,1.6875,1.6875,3.375,0.0,3.95,5.333333333333333,2.0,7.0,0.0,2.0,1.0,,,,9.642857142857142,2.142857142857143,9.642857142857142,3.8571428571428568,0.0,2.342857142857143,4.666666666666667,5.0,8.0,0.0,2.0,5.0,,,,True,True,UNKNOWN,False,False,,,,,,,,,,NPB,2019-08-11 18:00:00,1,,,0,
2019081104,2019-08-11 18:00:00,東北楽天ゴールデンイーグルス,オリックス・バファローズ,8.0,2.0,UNKNOWN,楽天生命パーク宮城,unknown,low,False,False,1500088,1600005,[],[],,,,,0,light,2019-08-11 18:00:00+00:00,,UNKNOWN,,,,UNKNOWN,UNKNOWN,,UNKNOWN,,3.6,1.4,9.0,0.0,0.0,1.2000000000000002,5.0,2.0,7.0,0.0,0.0,5.0,,,,3.0,0.8333333333333334,3.0,1.5,1.5,5.2,6.0,2.0,4.0,1.0,1.0,2.0,,,,True,True,UNKNOWN,False,False,,,,,,,,,,NPB,2019-08-11 18:00:00,1,,,0,
2019081206,2019-08-12 13:00:00,福岡ソフトバンクホークス,北海道日本ハムファイターズ,6.0,3.0,UNKNOWN,福岡 ヤフオク!ドーム,unknown,low,False,False,700056,20204,[],[],,,,,0,light,2019-08-12 13:00:00+00:00,,UNKNOWN,,,,UNKNOWN,UNKNOWN,,UNKNOWN,,13.5,2.5,4.5,9.0,4.5,11.7,2.0,3.0,3.0,1.0,2.0,1.0,,,,1.8,1.2,9.0,1.8,1.8,4.4,5.0,1.0,5.0,1.0,1.0,5.0,,,,True,True,UNKNOWN,False,False,,,,,,,,,,NPB,2019-08-12 13:00:00,1,,,0,
2019081205,2019-08-12 17:00:00,千葉ロッテマリーンズ,埼玉西武ライオンズ,2.0,9.0,UNKNOWN,ＺＯＺＯマリンスタジアム,unknown,low,False,False,1800022,1700145,[],[],,,,,0,light,2019-08-12 17:00:00+00:00,,UNKNOWN,,,,UNKNOWN,UNKNOWN,,UNKNOWN,,1.3499999999999999,1.2,5.3999999999999995,1.3499999999999999,1.3499999999999999,4.4,6.666666666666667,1.0,7.0,1.0,1.0,4.0,,,,1.8,2.2,1.8,9.0,0.0,5.800000000000001,5.0,1.0,6.0,0.0,5.0,1.0,,,,True,True,UNKNOWN,False,False,,,,,,,,,,NPB,2019-08-12 17:00:00,1,,,0,
2019081201,2019-08-12 18:00:00,東京ヤクルトスワローズ,横浜DeNAベイスターズ,5.0,4.0,UNKNOWN,明治神宮野球場,unknown,low,False,False,1700058,1600174,[],[],,,,,0,light,2019-08-12 18:00:00+00:00,,UNKNOWN,,,,UNKNOWN,UNKNOWN,,UNKNOWN,,3.176470588235294,0.5294117647058824,12.705882352941176,0.0,1.588235294117647,2.670588235294118,5.666666666666667,2.0,3.0,1.0,0.0,8.0,,,,3.0,1.5,7.5,3.0,0.0,2.5333333333333337,6.0,2.0,7.0,0.0,2.0,5.0,,,,True,True,UNKNOWN,False,False,,,,,,,,,,NPB,2019-08-12 18:00:00,1,,,0,
2019081202,2019-08-12 18:00:00,中日ドラゴンズ,阪神タイガース,5.0,1.0,UNKNOWN,ナゴヤドーム,excluded,high,False,False,1700154,1800060,[],[],,,,,0,light,2019-08-12 18:00:00+00:00,,UNKNOWN,,,,UNKNOWN,UNKNOWN,,UNKNOWN,,5.142857142857143,1.1428571428571428,12.857142857142858,1.2857142857142858,1.2857142857142858,2.628571428571429,7.0,4.0,7.0,1.0,1.0,10.0,,,,1.5,0.8333333333333334,10.5,1.5,0.0,1.366666666666667,6.0,1.0,4.0,0.0,1.0,7.0,,,,True,True,UNKNOWN,False,False,,,,,,,,,,NPB,2019-08-12 18:00:00,1,,,0,
2019081203,2019-08-12 18:00:00,広島東洋カープ,読売ジャイアンツ,7.0,8.0,UNKNOWN,ＭＡＺＤＡ　Ｚｏｏｍ－Ｚｏｏｍ　スタジアム広島,unknown,low,False,False,600008,1600125,[],[],,,,,0,light,2019-08-12 18:00:00+00:00,,UNKNOWN,,,,UNKNOWN,UNKNOWN,,UNKNOWN,,12.0,3.0,12.0,6.0,0.0,2.5333333333333337,3.0,4.0,7.0,0.0,2.0,4.0,,,,13.5,1.75,6.75,6.75,2.25,7.2,4.0,6.0,4.0,1.0,3.0,3.0,,,,True,True,UNKNOWN,False,False,,,,,,,,,,NPB,2019-08-12 18:00:00,1,,,0,
2019081204,2019-08-12 18:00:00,東北楽天ゴールデンイーグルス,オリックス・バファローズ,3.0,2.0,UNKNOWN,楽天生命パーク宮城,unknown,low,False,False,1700110,700065,[],[],,,,,0,light,2019-08-12 18:00:00+00:00,,UNKNOWN,,,,UNKNOWN,UNKNOWN,,UNKNOWN,,3.8571428571428568,2.142857142857143,11.571428571428571,7.7142857142857135,0.0,3.2,4.666666666666667,2.0,6.0,0.0,4.0,6.0,,,,1.5,0.6666666666666666,13.5,1.5,0.0,0.7000000000000002,6.0,1.0,3.0,0.0,1.0,9.0,,,,True,True,UNKNOWN,False,False,,,,,,,,,,NPB,2019-08-12 18:00:00,1,,,0,
2019081301,2019-08-13 18:00:00,東京ヤクルトスワローズ,横浜DeNAベイスターズ,8.0,7.0,UNKNOWN,明治神宮野球場,unknown,low,False,False,1800043,1300045,[],[],,,,,0,light,2019-08-13 18:00:00+00:00,,UNKNOWN,,,,UNKNOWN,UNKNOWN,,UNKNOWN,,15.75,2.0,6.75,0.0,4.5,8.2,4.0,7.0,8.0,2.0,0.0,3.0,,,,15.0,2.3333333333333335,12.0,6.0,3.0,6.866666666666667,3.0,5.0,5.0,1.0,2.0,4.0,,,,True,True,UNKNOWN,False,False,,,,,,,,,,NPB,2019-08-13 18:00:00,1,,,0,
2019081302,2019-08-13 18:00:00,中日ドラゴンズ,阪神タイガース,0.0,0.0,UNKNOWN,ナゴヤドーム,unknown,low,False,False,1500090,1000138,[],[],,,,,0,light,2019-08-13 18:00:00+00:00,,UNKNOWN,,,,UNKNOWN,UNKNOWN,,UNKNOWN,,0.0,1.0,7.714285714285714,0.0,0.0,1.485714285714286,7.0,0.0,7.0,0.0,0.0,6.0,,,,0.0,1.6956521739130435,7.0434782608695645,7.0434782608695645,0.0,3.982608695652174,7.666666666666667,0.0,7.0,0.0,6.0,6.0,,,,True,True,UNKNOWN,False,False,,,,,,,,,,NPB,2019-08-13 18:00:00,1,,,0,
2019081303,2019-08-13 18:00:00,広島東洋カープ,読売ジャイアンツ,2.0,1.0,UNKNOWN,ＭＡＺＤＡ　Ｚｏｏｍ－Ｚｏｏｍ　スタジアム広島,unknown,low,False,False,1700002,1500007,[],[],,,,,0,light,2019-08-13 18:00:00+00:00,,UNKNOWN,,,,UNKNOWN,UNKNOWN,,UNKNOWN,,1.4210526315789473,0.9473684210526316,14.210526315789474,1.4210526315789473,0.0,0.5157894736842108,6.333333333333333,1.0,5.0,0.0,1.0,10.0,,,,0.0,1.0,9.0,6.428571428571429,0.0,3.342857142857143,7.0,0.0,2.0,0.0,5.0,7.0,,,,True,True,UNKNOWN,False,False,,,,,,,,,,NPB,2019-08-13 18:00:00,1,,,0,
2019081304,2019-08-13 18:00:00,北海道日本ハムファイターズ,千葉ロッテマリーンズ,1.0,6.0,UNKNOWN,東京ドーム,unknown,low,False,False,1300050,1600133,[],[],,,,,0,light,2019-08-13 18:00:00+00:00,,UNKNOWN,,,,UNKNOWN,UNKNOWN,,UNKNOWN,,1.4210526315789473,1.4210526315789473,7.105263157894737,1.4210526315789473,0.0,2.094736842105263,6.333333333333333,1.0,8.0,0.0,1.0,5.0,,,,0.0,2.0,9.0,9.0,0.0,4.2,1.0,0.0,1.0,0.0,1.0,1.0,,,,True,True,UNKNOWN,False,False,2019-08-13 09:00:00+00:00,,UNKNOWN,Open-Meteo Historical Forecast,FAIL_CLOSED_NO_ISSUANCE_TIMESTAMP,29.7,77.0,0.0,5.3,NPB,2019-08-13 18:00:00,1,,,0,
2019081305,2019-08-13 18:00:00,東北楽天ゴールデンイーグルス,福岡ソフトバンクホークス,0.0,3.0,UNKNOWN,楽天生命パーク宮城,unknown,low,False,False,1700130,1800120,[],[],,,,,0,light,2019-08-13 18:00:00+00:00,,UNKNOWN,,,,UNKNOWN,UNKNOWN,,UNKNOWN,,0.0,1.3499999999999999,4.05,2.6999999999999997,0.0,3.2,6.666666666666667,0.0,7.0,0.0,2.0,3.0,,,,3.0,1.1666666666666667,9.0,3.0,0.0,2.2,6.0,2.0,5.0,0.0,2.0,6.0,,,,True,True,UNKNOWN,False,False,,,,,,,,,,NPB,2019-08-13 18:00:00,1,,,0,
2019081306,2019-08-13 18:00:00,埼玉西武ライオンズ,オリックス・バファローズ,11.0,4.0,UNKNOWN,メットライフドーム,excluded,high,False,False,1700109,1700121,[],[],,,,,0,light,2019-08-13 18:00:00+00:00,,UNKNOWN,,,,UNKNOWN,UNKNOWN,,UNKNOWN,,12.272727272727273,2.4545454545454546,2.4545454545454546,4.909090909090909,2.4545454545454546,7.836363636363637,3.6666666666666665,5.0,7.0,1.0,2.0,1.0,,,,3.0,1.0,3.0,3.0,3.0,7.866666666666667,3.0,1.0,2.0,1.0,1.0,1.0,,,,True,True,UNKNOWN,False,False,,,,,,,,,,NPB,2019-08-13 18:00:00,1,,,0,
2019081401,2019-08-14 18:00:00,東京ヤクルトスワローズ,横浜DeNAベイスターズ,15.0,2.0,UNKNOWN,明治神宮野球場,unknown,low,False,False,1600081,12113,[],[],,,,,0,light,2019-08-14 18:00:00+00:00,,UNKNOWN,,,,UNKNOWN,UNKNOWN,,UNKNOWN,,63.0,6.0,9.0,9.0,18.0,30.2,1.0,7.0,5.0,2.0,1.0,1.0,,,,1.125,0.25,6.75,1.125,1.125,3.7,8.0,1.0,1.0,1.0,1.0,6.0,,,,True,True,UNKNOWN,False,False,,,,,,,,,,NPB,2019-08-14 18:00:00,1,,,0,
2019081402,2019-08-14 18:00:00,中日ドラゴンズ,阪神タイガース,3.0,6.0,UNKNOWN,ナゴヤドーム,unknown,low,False,False,900425,12191,[],[],,,,,0,light,2019-08-14 18:00:00+00:00,,UNKNOWN,,,,UNKNOWN,UNKNOWN,,UNKNOWN,,6.75,1.5,6.75,0.0,0.0,1.7000000000000002,4.0,3.0,6.0,0.0,0.0,3.0,,,,9.642857142857142,1.5,5.785714285714286,0.0,0.0,1.9142857142857146,4.666666666666667,5.0,7.0,0.0,0.0,3.0,,,,True,True,UNKNOWN,False,False,,,,,,,,,,NPB,2019-08-14 18:00:00,1,,,0,
2019081403,2019-08-14 18:00:00,広島東洋カープ,読売ジャイアンツ,1.0,7.0,UNKNOWN,ＭＡＺＤＡ　Ｚｏｏｍ－Ｚｏｏｍ　スタジアム広島,unknown,low,False,False,1200041,1100081,[],[],,,,,0,light,2019-08-14 18:00:00+00:00,,UNKNOWN,,,,UNKNOWN,UNKNOWN,,UNKNOWN,,1.125,0.75,6.75,1.125,0.0,2.075,8.0,1.0,5.0,0.0,1.0,6.0,,,,4.2631578947368425,1.736842105263158,8.526315789473685,4.2631578947368425,0.0,2.7263157894736842,6.333333333333333,3.0,8.0,0.0,3.0,6.0,,,,True,True,UNKNOWN,False,False,,,,,,,,,,NPB,2019-08-14 18:00:00,1,,,0,
2019081404,2019-08-14 18:00:00,北海道日本ハムファイターズ,千葉ロッテマリーンズ,4.0,9.0,UNKNOWN,東京ドーム,unknown,low,False,False,1800052,1800090,[],[],,,,,0,light,2019-08-14 18:00:00+00:00,,UNKNOWN,,,,UNKNOWN,UNKNOWN,,UNKNOWN,,1.5,1.3333333333333333,9.0,6.0,0.0,3.2,6.0,1.0,4.0,0.0,4.0,6.0,,,,27.0,3.0,18.0,4.5,13.5,20.2,2.0,6.0,5.0,3.0,1.0,4.0,,,,True,True,UNKNOWN,False,False,2019-08-14 09:00:00+00:00,,UNKNOWN,Open-Meteo Historical Forecast,FAIL_CLOSED_NO_ISSUANCE_TIMESTAMP,29.6,74.0,0.0,8.2,NPB,2019-08-14 18:00:00,1,,,0,
2019081405,2019-08-14 18:00:00,東北楽天ゴールデンイーグルス,福岡ソフトバンクホークス,3.0,12.0,UNKNOWN,楽天生命パーク宮城,excluded,high,False,False,1100115,1200117,[],[],,,,,0,light,2019-08-14 18:00:00+00:00,,UNKNOWN,,,,UNKNOWN,UNKNOWN,,UNKNOWN,,2.25,0.75,3.375,2.25,1.125,4.825,8.0,2.0,4.0,1.0,2.0,3.0,,,,11.25,2.5,6.75,0.0,2.25,4.95,4.0,5.0,10.0,1.0,0.0,3.0,,,,True,True,UNKNOWN,False,False,,,,,,,,,,NPB,2019-08-14 18:00:00,1,,,0,
2019081406,2019-08-14 18:00:00,埼玉西武ライオンズ,オリックス・バファローズ,8.0,7.0,UNKNOWN,メットライフドーム,unknown,low,False,False,1600150,1000143,[],[],,,,,0,light,2019-08-14 18:00:00+00:00,,UNKNOWN,,,,UNKNOWN,UNKNOWN,,UNKNOWN,,10.8,2.0,9.0,1.8,1.8,4.4,5.0,6.0,9.0,1.0,1.0,5.0,,,,10.8,2.4,0.0,3.6,0.0,4.4,5.0,6.0,10.0,0.0,2.0,0.0,,,,True,True,UNKNOWN,False,False,,,,,,,,,,NPB,2019-08-14 18:00:00,1,,,0,
2019081502,2019-08-15 17:00:00,東北楽天ゴールデンイーグルス,福岡ソフトバンクホークス,4.0,3.0,UNKNOWN,楽天生命パーク宮城,unknown,low,False,False,900100,1000155,[],[],,,,,0,light,2019-08-15 17:00:00+00:00,,UNKNOWN,,,,UNKNOWN,UNKNOWN,,UNKNOWN,,3.8571428571428568,1.9285714285714284,1.9285714285714284,5.785714285714286,1.9285714285714284,7.485714285714286,4.666666666666667,2.0,6.0,1.0,3.0,1.0,,,,3.857142857142857,1.2857142857142858,6.428571428571429,0.0,1.2857142857142858,3.6285714285714286,7.0,3.0,9.0,1.0,0.0,5.0,,,,True,True,UNKNOWN,False,False,,,,,,,,,,NPB,2019-08-15 17:00:00,1,,,0,
2019081501,2019-08-15 18:00:00,北海道日本ハムファイターズ,千葉ロッテマリーンズ,0.0,6.0,UNKNOWN,東京ドーム,unknown,low,False,False,1600141,1300094,[],[],,,,,0,light,2019-08-15 18:00:00+00:00,,UNKNOWN,,,,UNKNOWN,UNKNOWN,,UNKNOWN,,0.0,0.8,5.4,1.8,0.0,2.6,5.0,0.0,3.0,0.0,1.0,3.0,,,,9.0,1.75,4.5,2.25,0.0,2.95,4.0,4.0,6.0,0.0,1.0,2.0,,,,True,True,UNKNOWN,False,False,2019-08-15 09:00:00+00:00,,UNKNOWN,Open-Meteo Historical Forecast,FAIL_CLOSED_NO_ISSUANCE_TIMESTAMP,28.5,79.0,0.0,12.0,NPB,2019-08-15 18:00:00,1,,,0,
2019081503,2019-08-15 18:00:00,埼玉西武ライオンズ,オリックス・バファローズ,8.0,20.0,UNKNOWN,メットライフドーム,unknown,low,False,False,1600159,1500104,[],[],,,,,0,light,2019-08-15 18:00:00+00:00,,UNKNOWN,,,,UNKNOWN,UNKNOWN,,UNKNOWN,,7.2,1.8,9.0,0.0,5.4,9.0,5.0,4.0,9.0,3.0,0.0,5.0,,,,37.800000000000004,5.4,0.0,10.8,5.4,14.600000000000001,1.6666666666666665,7.0,7.0,1.0,2.0,0.0,,,,True,True,UNKNOWN,False,False,,,,,,,,,,NPB,2019-08-15 18:00:00,1,,,0,
2019081601,2019-08-16 18:00:00,読売ジャイアンツ,阪神タイガース,2.0,1.0,UNKNOWN,東京ドーム,unknown,low,False,False,1700078,1500046,[],[],,,,,0,light,2019-08-16 18:00:00+00:00,,UNKNOWN,,,,UNKNOWN,UNKNOWN,,UNKNOWN,,2.5714285714285716,1.0,9.0,3.857142857142857,1.2857142857142858,4.342857142857143,7.0,2.0,4.0,1.0,3.0,7.0,,,,1.4210526315789473,1.4210526315789473,8.526315789473685,4.2631578947368425,0.0,2.7263157894736842,6.333333333333333,1.0,6.0,0.0,3.0,6.0,,,,True,True,UNKNOWN,False,False,2019-08-16 09:00:00+00:00,,UNKNOWN,Open-Meteo Historical Forecast,FAIL_CLOSED_NO_ISSUANCE_TIMESTAMP,29.6,68.0,0.0,14.5,NPB,2019-08-16 18:00:00,1,,,0,
2019081602,2019-08-16 18:00:00,東京ヤクルトスワローズ,中日ドラゴンズ,2.0,4.0,UNKNOWN,明治神宮野球場,unknown,low,False,False,1800130,1200076,[],[],,,,,0,light,2019-08-16 18:00:00+00:00,,UNKNOWN,,,,UNKNOWN,UNKNOWN,,UNKNOWN,,4.153846153846154,1.6153846153846154,10.384615384615385,6.230769230769231,2.076923076923077,5.969230769230769,4.333333333333333,2.0,4.0,1.0,3.0,5.0,,,,7.2,1.6,5.4,1.8,3.6,7.8,5.0,4.0,7.0,2.0,1.0,3.0,,,,True,True,UNKNOWN,False,False,,,,,,,,,,NPB,2019-08-16 18:00:00,1,,,0,
2019081603,2019-08-16 18:00:00,横浜DeNAベイスターズ,広島東洋カープ,2.0,4.0,UNKNOWN,横浜スタジアム,unknown,low,False,False,1300057,1200050,[],[],,,,,0,light,2019-08-16 18:00:00+00:00,,UNKNOWN,,,,UNKNOWN,UNKNOWN,,UNKNOWN,,2.0,0.8888888888888888,4.0,3.0,0.0,3.3111111111111113,9.0,2.0,5.0,0.0,3.0,4.0,,,,5.785714285714286,1.5,9.642857142857142,3.8571428571428568,1.9285714285714284,5.128571428571428,4.666666666666667,3.0,5.0,1.0,2.0,5.0,,,,True,True,UNKNOWN,False,False,,,,,,,,,,NPB,2019-08-16 18:00:00,1,,,0,
2019081604,2019-08-16 18:00:00,オリックス・バファローズ,千葉ロッテマリーンズ,2.0,1.0,UNKNOWN,京セラドーム大阪,unknown,low,False,False,900081,1700150,[],[],,,,,0,light,2019-08-16 18:00:00+00:00,,UNKNOWN,,,,UNKNOWN,UNKNOWN,,UNKNOWN,,2.5714285714285716,1.1428571428571428,12.857142857142858,2.5714285714285716,0.0,1.2000000000000002,7.0,2.0,6.0,0.0,2.0,10.0,,,,0.0,0.42857142857142855,9.0,0.0,0.0,1.2000000000000002,7.0,0.0,3.0,0.0,0.0,7.0,,,,True,True,UNKNOWN,False,False,,,,,,,,,,NPB,2019-08-16 18:00:00,1,,,0,
2019081701,2019-08-17 14:00:00,読売ジャイアンツ,阪神タイガース,4.0,2.0,UNKNOWN,東京ドーム,unknown,low,False,False,900062,1800023,[],[],,,,,0,light,2019-08-17 14:00:00+00:00,,UNKNOWN,,,,UNKNOWN,UNKNOWN,,UNKNOWN,,1.5,1.6666666666666667,7.5,4.5,1.5,5.2,6.0,1.0,7.0,1.0,3.0,5.0,,,,0.0,1.0,9.0,6.0,0.0,3.2,6.0,0.0,2.0,0.0,4.0,6.0,,,,True,True,UNKNOWN,False,False,2019-08-17 05:00:00+00:00,,UNKNOWN,Open-Meteo Historical Forecast,FAIL_CLOSED_NO_ISSUANCE_TIMESTAMP,33.5,55.0,0.0,11.4,NPB,2019-08-17 14:00:00,1,,,0,
2019081705,2019-08-17 14:00:00,オリックス・バファローズ,千葉ロッテマリーンズ,6.0,0.0,UNKNOWN,京セラドーム大阪,unknown,low,False,False,1300055,1500088,[],[],,,,,0,light,2019-08-17 14:00:00+00:00,,UNKNOWN,,,,UNKNOWN,UNKNOWN,,UNKNOWN,,9.0,2.0,9.0,5.4,0.0,3.0,5.0,5.0,7.0,0.0,3.0,5.0,,,,0.0,0.6666666666666666,5.0,4.0,0.0,3.4222222222222225,9.0,0.0,2.0,0.0,4.0,5.0,,,,True,True,UNKNOWN,False,False,,,,,,,,,,NPB,2019-08-17 14:00:00,1,,,0,
2019081704,2019-08-17 15:00:00,北海道日本ハムファイターズ,東北楽天ゴールデンイーグルス,6.0,1.0,UNKNOWN,札幌ドーム,unknown,low,False,False,1600095,1400117,[],[],,,,,0,light,2019-08-17 15:00:00+00:00,,UNKNOWN,,,,UNKNOWN,UNKNOWN,,UNKNOWN,,13.5,2.625,6.75,10.125,0.0,5.075,2.6666666666666665,4.0,4.0,0.0,3.0,2.0,,,,1.2857142857142858,0.5714285714285714,7.714285714285714,2.5714285714285716,0.0,2.342857142857143,7.0,1.0,2.0,0.0,2.0,6.0,,,,True,True,UNKNOWN,False,False,,,,,,,,,,NPB,2019-08-17 15:00:00,1,,,0,
2019081702,2019-08-17 18:00:00,東京ヤクルトスワローズ,中日ドラゴンズ,7.0,5.0,UNKNOWN,明治神宮野球場,unknown,low,False,False,1600106,900418,[],[],,,,,0,light,2019-08-17 18:00:00+00:00,,UNKNOWN,,,,UNKNOWN,UNKNOWN,,UNKNOWN,,9.0,1.3333333333333333,6.0,1.5,3.0,6.7,6.0,6.0,7.0,2.0,1.0,4.0,,,,9.0,2.0,9.0,4.5,0.0,2.7,2.0,2.0,3.0,0.0,1.0,2.0,,,,True,True,UNKNOWN,False,False,,,,,,,,,,NPB,2019-08-17 18:00:00,1,,,0,
2019081703,2019-08-17 18:00:00,横浜DeNAベイスターズ,広島東洋カープ,8.0,3.0,UNKNOWN,横浜スタジアム,unknown,low,False,False,1700021,1400110,[],[],,,,,0,light,2019-08-17 18:00:00+00:00,,UNKNOWN,,,,UNKNOWN,UNKNOWN,,UNKNOWN,,22.5,3.5,22.5,13.5,4.5,9.2,2.0,5.0,4.0,1.0,3.0,5.0,,,,0.0,1.0,6.0,3.0,0.0,2.8666666666666667,6.0,0.0,4.0,0.0,2.0,4.0,,,,True,True,UNKNOWN,False,False,,,,,,,,,,NPB,2019-08-17 18:00:00,1,,,0,
2019081706,2019-08-17 18:00:00,福岡ソフトバンクホークス,埼玉西武ライオンズ,8.0,13.0,UNKNOWN,福岡 ヤフオク!ドーム,unknown,low,False,False,1400182,1000174,[],[],,,,,0,light,2019-08-17 18:00:00+00:00,,UNKNOWN,,,,UNKNOWN,UNKNOWN,,UNKNOWN,,7.0434782608695645,1.3043478260869565,5.869565217391304,2.3478260869565215,2.3478260869565215,6.069565217391304,7.666666666666667,6.0,8.0,2.0,2.0,5.0,,,,27.0,2.6666666666666665,15.0,6.0,3.0,6.2,3.0,9.0,6.0,1.0,2.0,5.0,,,,True,True,UNKNOWN,False,False,,,,,,,,,,NPB,2019-08-17 18:00:00,1,,,0,
2019081801,2019-08-18 13:00:00,読売ジャイアンツ,阪神タイガース,6.0,3.0,UNKNOWN,東京ドーム,unknown,low,False,False,1700154,600008,[],[],,,,,0,light,2019-08-18 13:00:00+00:00,,UNKNOWN,,,,UNKNOWN,UNKNOWN,,UNKNOWN,,6.75,1.75,4.5,4.5,0.0,3.7,4.0,3.0,5.0,0.0,2.0,2.0,,,,4.05,1.5,13.5,2.6999999999999997,0.0,1.1,6.666666666666667,3.0,8.0,0.0,2.0,10.0,,,,True,True,UNKNOWN,False,False,2019-08-18 04:00:00+00:00,,UNKNOWN,Open-Meteo Historical Forecast,FAIL_CLOSED_NO_ISSUANCE_TIMESTAMP,32.7,51.0,0.0,7.1,NPB,2019-08-18 13:00:00,1,,,0,
2019081805,2019-08-18 13:00:00,オリックス・バファローズ,千葉ロッテマリーンズ,2.0,1.0,UNKNOWN,京セラドーム大阪,unknown,low,False,False,1600146,1700110,[],[],,,,,0,light,2019-08-18 13:00:00+00:00,,UNKNOWN,,,,UNKNOWN,UNKNOWN,,UNKNOWN,,3.0,1.5,7.5,7.5,0.0,4.033333333333333,6.0,2.0,4.0,0.0,5.0,5.0,,,,1.3499999999999999,0.75,5.3999999999999995,0.0,0.0,2.0,6.666666666666667,1.0,5.0,0.0,0.0,4.0,,,,True,True,UNKNOWN,False,False,,,,,,,,,,NPB,2019-08-18 13:00:00,1,,,0,
2019081804,2019-08-18 14:00:00,北海道日本ハムファイターズ,東北楽天ゴールデンイーグルス,4.0,4.0,UNKNOWN,札幌ドーム,unknown,low,False,False,1600005,500027,[],[],,,,,0,light,2019-08-18 14:00:00+00:00,,UNKNOWN,,,,UNKNOWN,UNKNOWN,,UNKNOWN,,8.307692307692308,2.5384615384615388,4.153846153846154,4.153846153846154,0.0,3.661538461538462,4.333333333333333,4.0,9.0,0.0,2.0,2.0,,,,4.909090909090909,1.6363636363636365,4.909090909090909,4.909090909090909,0.0,3.7454545454545456,3.6666666666666665,2.0,4.0,0.0,2.0,2.0,,,,True,True,UNKNOWN,False,False,,,,,,,,,,NPB,2019-08-18 14:00:00,1,,,0,
2019081806,2019-08-18 14:00:00,福岡ソフトバンクホークス,埼玉西武ライオンズ,5.0,4.0,UNKNOWN,福岡 ヤフオク!ドーム,unknown,low,False,False,1100089,1800013,[],[],,,,,0,light,2019-08-18 14:00:00+00:00,,UNKNOWN,,,,UNKNOWN,UNKNOWN,,UNKNOWN,,5.4,2.0,1.8,5.4,3.6,9.8,5.0,3.0,7.0,2.0,3.0,1.0,,,,8.307692307692308,1.6153846153846154,8.307692307692308,4.153846153846154,0.0,2.7384615384615385,4.333333333333333,4.0,5.0,0.0,2.0,4.0,,,,True,True,UNKNOWN,False,False,,,,,,,,,,NPB,2019-08-18 14:00:00,1,,,0,
2019081802,2019-08-18 18:00:00,東京ヤクルトスワローズ,中日ドラゴンズ,3.0,2.0,UNKNOWN,明治神宮野球場,unknown,low,False,False,1700106,1600174,[],[],,,,,0,light,2019-08-18 18:00:00+00:00,,UNKNOWN,,,,UNKNOWN,UNKNOWN,,UNKNOWN,,3.6,1.6,9.0,3.6,0.0,2.4000000000000004,5.0,2.0,6.0,0.0,2.0,5.0,,,,0.0,0.5,4.5,0.0,0.0,2.2,8.0,0.0,4.0,0.0,0.0,4.0,,,,True,True,UNKNOWN,False,False,,,,,,,,,,NPB,2019-08-18 18:00:00,1,,,0,
2019081803,2019-08-18 18:00:00,横浜DeNAベイスターズ,広島東洋カープ,1.0,0.0,UNKNOWN,横浜スタジアム,unknown,low,False,False,1300058,1500061,[],[],,,,,0,light,2019-08-18 18:00:00+00:00,,UNKNOWN,,,,UNKNOWN,UNKNOWN,,UNKNOWN,,1.2857142857142858,0.5714285714285714,9.0,1.2857142857142858,1.2857142857142858,3.4857142857142858,7.0,1.0,3.0,1.0,1.0,7.0,,,,0.0,0.6666666666666666,10.0,1.0,0.0,1.3111111111111113,9.0,0.0,5.0,0.0,1.0,10.0,,,,True,True,UNKNOWN,False,False,,,,,,,,,,NPB,2019-08-18 18:00:00,1,,,0,
2019081901,2019-08-19 18:00:00,福岡ソフトバンクホークス,埼玉西武ライオンズ,2.0,1.0,UNKNOWN,京セラドーム大阪,unknown,low,False,False,1800080,1400126,[],[],,,,,0,light,2019-08-19 18:00:00+00:00,,UNKNOWN,,,,UNKNOWN,UNKNOWN,,UNKNOWN,,3.0,1.5,6.0,6.0,0.0,3.8666666666666667,6.0,2.0,5.0,0.0,4.0,4.0,,,,3.0,1.6666666666666667,6.0,3.0,0.0,2.8666666666666667,3.0,1.0,4.0,0.0,1.0,2.0,,,,True,True,UNKNOWN,False,False,,,,,,,,,,NPB,2019-08-19 18:00:00,1,,,0,
2019082001,2019-08-20 18:00:00,中日ドラゴンズ,読売ジャイアンツ,1.0,2.0,UNKNOWN,ナゴヤドーム,unknown,low,False,False,1700002,1000138,[],[],,,,,0,light,2019-08-20 18:00:00+00:00,,UNKNOWN,,,,UNKNOWN,UNKNOWN,,UNKNOWN,,1.8,1.8,1.8,3.6,0.0,4.0,5.0,1.0,7.0,0.0,2.0,1.0,,,,2.5714285714285716,0.5714285714285714,3.857142857142857,2.5714285714285716,0.0,3.2,7.0,2.0,2.0,0.0,2.0,3.0,,,,True,True,UNKNOWN,False,False,,,,,,,,,,NPB,2019-08-20 18:00:00,1,,,0,
2019082002,2019-08-20 18:00:00,阪神タイガース,横浜DeNAベイスターズ,8.0,0.0,UNKNOWN,京セラドーム大阪,unknown,low,False,False,1600081,1500090,[],[],,,,,0,light,2019-08-20 18:00:00+00:00,,UNKNOWN,,,,UNKNOWN,UNKNOWN,,UNKNOWN,,7.7142857142857135,1.5,9.642857142857142,7.7142857142857135,0.0,3.6285714285714286,4.666666666666667,4.0,3.0,0.0,4.0,5.0,,,,0.0,1.4117647058823528,12.705882352941176,3.176470588235294,0.0,1.435294117647059,5.666666666666667,0.0,6.0,0.0,2.0,8.0,,,,True,True,UNKNOWN,False,False,,,,,,,,,,NPB,2019-08-20 18:00:00,1,,,0,
2019082003,2019-08-20 18:00:00,広島東洋カープ,東京ヤクルトスワローズ,9.0,8.0,UNKNOWN,ＭＡＺＤＡ　Ｚｏｏｍ－Ｚｏｏｍ　スタジアム広島,unknown,low,False,False,1500042,1500007,[],[],,,,,0,light,2019-08-20 18:00:00+00:00,,UNKNOWN,,,,UNKNOWN,UNKNOWN,,UNKNOWN,,3.6,1.8,12.6,5.4,0.0,2.2,5.0,2.0,6.0,0.0,3.0,7.0,,,,4.5,1.1666666666666667,12.0,1.5,1.5,3.2,6.0,3.0,6.0,1.0,1.0,8.0,,,,True,True,UNKNOWN,False,False,,,,,,,,,,NPB,2019-08-20 18:00:00,1,,,0,
2019082004,2019-08-20 18:00:00,埼玉西武ライオンズ,北海道日本ハムファイターズ,4.0,2.0,UNKNOWN,メットライフドーム,unknown,low,False,False,1700140,1800022,[],[],,,,,0,light,2019-08-20 18:00:00+00:00,,UNKNOWN,,,,UNKNOWN,UNKNOWN,,UNKNOWN,,1.8,1.4,0.0,7.2,0.0,5.6,5.0,1.0,3.0,0.0,4.0,0.0,,,,1.5,0.8333333333333334,1.5,3.0,1.5,6.033333333333333,6.0,1.0,3.0,1.0,2.0,1.0,,,,True,True,UNKNOWN,False,False,,,,,,,,,,NPB,2019-08-20 18:00:00,1,,,0,
2019082005,2019-08-20 18:15:00,千葉ロッテマリーンズ,東北楽天ゴールデンイーグルス,7.0,3.0,UNKNOWN,ＺＯＺＯマリンスタジアム,unknown,low,False,False,700065,1300050,[],[],,,,,0,light,2019-08-20 18:15:00+00:00,,UNKNOWN,,,,UNKNOWN,UNKNOWN,,UNKNOWN,,4.05,1.2,4.05,1.3499999999999999,0.0,2.75,6.666666666666667,3.0,7.0,0.0,1.0,3.0,,,,2.25,0.75,12.375,0.0,0.0,0.4500000000000002,8.0,2.0,6.0,0.0,0.0,11.0,,,,True,True,UNKNOWN,False,False,,,,,,,,,,NPB,2019-08-20 18:15:00,1,,,0,
2019082101,2019-08-21 18:00:00,中日ドラゴンズ,読売ジャイアンツ,2.0,5.0,UNKNOWN,ナゴヤドーム,unknown,low,False,False,1200041,1500074,[],[],,,,,0,light,2019-08-21 18:00:00+00:00,,UNKNOWN,,,,UNKNOWN,UNKNOWN,,UNKNOWN,,1.2857142857142858,1.2857142857142858,6.428571428571429,1.2857142857142858,0.0,2.2,7.0,1.0,8.0,0.0,1.0,5.0,,,,6.75,1.5,10.125,1.6875,3.375,6.3875,5.333333333333333,4.0,7.0,2.0,1.0,6.0,,,,True,True,UNKNOWN,False,False,,,,,,,,,,NPB,2019-08-21 18:00:00,1,,,0,
2019082102,2019-08-21 18:00:00,阪神タイガース,横浜DeNAベイスターズ,3.0,1.0,UNKNOWN,京セラドーム大阪,excluded,high,False,False,1800043,900425,[],[],,,,,0,light,2019-08-21 18:00:00+00:00,,UNKNOWN,,,,UNKNOWN,UNKNOWN,,UNKNOWN,,3.6,1.0,10.8,1.8,1.8,4.0,5.0,2.0,4.0,1.0,1.0,6.0,,,,1.8,1.4,9.0,0.0,0.0,1.2000000000000002,5.0,1.0,7.0,0.0,0.0,5.0,,,,True,True,UNKNOWN,False,False,,,,,,,,,,NPB,2019-08-21 18:00:00,1,,,0,
2019082103,2019-08-21 18:00:00,広島東洋カープ,東京ヤクルトスワローズ,5.0,4.0,UNKNOWN,ＭＡＺＤＡ　Ｚｏｏｍ－Ｚｏｏｍ　スタジアム広島,unknown,low,False,False,12113,1100081,[],[],,,,,0,light,2019-08-21 18:00:00+00:00,,UNKNOWN,,,,UNKNOWN,UNKNOWN,,UNKNOWN,,7.7142857142857135,1.9285714285714284,3.8571428571428568,3.8571428571428568,1.9285714285714284,6.414285714285715,4.666666666666667,4.0,7.0,1.0,2.0,2.0,,,,6.75,1.5,11.25,4.5,2.25,5.45,4.0,3.0,4.0,1.0,2.0,5.0,,,,True,True,UNKNOWN,False,False,,,,,,,,,,NPB,2019-08-21 18:00:00,1,,,0,
2019082104,2019-08-21 18:00:00,埼玉西武ライオンズ,北海道日本ハムファイターズ,11.0,6.0,UNKNOWN,メットライフドーム,unknown,low,False,False,1500110,1000143,[],[],,,,,0,light,2019-08-21 18:00:00+00:00,,UNKNOWN,,,,UNKNOWN,UNKNOWN,,UNKNOWN,,20.25,5.25,6.75,0.0,13.5,21.2,1.3333333333333333,3.0,7.0,2.0,0.0,1.0,,,,7.2,1.4,3.6,5.4,1.8,6.800000000000001,5.0,4.0,4.0,1.0,3.0,2.0,,,,True,True,UNKNOWN,False,False,,,,,,,,,,NPB,2019-08-21 18:00:00,1,,,0,
2019082106,2019-08-21 18:00:00,福岡ソフトバンクホークス,オリックス・バファローズ,4.0,14.0,UNKNOWN,福岡 ヤフオク!ドーム,unknown,low,False,False,1700109,1700130,[],[],,,,,0,light,2019-08-21 18:00:00+00:00,,UNKNOWN,,,,UNKNOWN,UNKNOWN,,UNKNOWN,,9.0,1.75,4.5,0.0,2.25,5.45,4.0,4.0,7.0,1.0,0.0,2.0,,,,6.75,1.6875,6.75,1.6875,0.0,2.2625,5.333333333333333,4.0,8.0,0.0,1.0,4.0,,,,True,True,UNKNOWN,False,False,,,,,,,,,,NPB,2019-08-21 18:00:00,1,,,0,
2019082105,2019-08-21 18:15:00,千葉ロッテマリーンズ,東北楽天ゴールデンイーグルス,1.0,3.0,UNKNOWN,ＺＯＺＯマリンスタジアム,unknown,low,False,False,1200117,1800052,[],[],,,,,0,light,2019-08-21 18:15:00+00:00,,UNKNOWN,,,,UNKNOWN,UNKNOWN,,UNKNOWN,,1.3499999999999999,0.6,6.75,1.3499999999999999,0.0,2.1500000000000004,6.666666666666667,1.0,3.0,0.0,1.0,5.0,,,,2.5714285714285716,0.8571428571428571,5.142857142857143,0.0,2.5714285714285716,5.771428571428572,7.0,2.0,6.0,2.0,0.0,4.0,,,,True,True,UNKNOWN,False,False,,,,,,,,,,NPB,2019-08-21 18:15:00,1,,,0,
2019082201,2019-08-22 18:00:00,中日ドラゴンズ,読売ジャイアンツ,7.0,4.0,UNKNOWN,ナゴヤドーム,unknown,low,False,False,1800005,1800060,[],[],,,,,0,light,2019-08-22 18:00:00+00:00,,UNKNOWN,,,,UNKNOWN,UNKNOWN,,UNKNOWN,,9.818181818181818,2.4545454545454546,4.909090909090909,0.0,2.4545454545454546,5.654545454545454,3.6666666666666665,4.0,9.0,1.0,0.0,2.0,,,,4.5,1.3333333333333333,6.0,4.5,1.5,5.533333333333333,6.0,3.0,5.0,1.0,3.0,4.0,,,,True,True,UNKNOWN,False,False,,,,,,,,,,NPB,2019-08-22 18:00:00,1,,,0,
2019082202,2019-08-22 18:00:00,阪神タイガース,横浜DeNAベイスターズ,8.0,0.0,UNKNOWN,京セラドーム大阪,unknown,low,False,False,1300031,1500089,[],[],,,,,0,light,2019-08-22 18:00:00+00:00,,UNKNOWN,,,,UNKNOWN,UNKNOWN,,UNKNOWN,,6.75,1.5,4.5,2.25,2.25,6.2,4.0,3.0,5.0,1.0,1.0,2.0,,,,0.0,1.1666666666666667,6.0,6.0,0.0,3.8666666666666667,6.0,0.0,3.0,0.0,4.0,4.0,,,,True,True,UNKNOWN,False,False,,,,,,,,,,NPB,2019-08-22 18:00:00,1,,,0,
2019082203,2019-08-22 18:00:00,広島東洋カープ,東京ヤクルトスワローズ,4.0,8.0,UNKNOWN,ＭＡＺＤＡ　Ｚｏｏｍ－Ｚｏｏｍ　スタジアム広島,unknown,low,False,False,1200076,1700069,[],[],,,,,0,light,2019-08-22 18:00:00+00:00,,UNKNOWN,,,,UNKNOWN,UNKNOWN,,UNKNOWN,,6.0,1.6666666666666667,9.0,4.5,1.5,4.866666666666667,6.0,4.0,7.0,1.0,3.0,6.0,,,,13.5,3.5,13.5,18.0,4.5,12.7,2.0,3.0,3.0,1.0,4.0,3.0,,,,True,True,UNKNOWN,False,False,,,,,,,,,,NPB,2019-08-22 18:00:00,1,,,0,
2019082204,2019-08-22 18:00:00,埼玉西武ライオンズ,北海道日本ハムファイターズ,3.0,5.0,UNKNOWN,メットライフドーム,unknown,low,False,False,1300094,1500104,[],[],,,,,0,light,2019-08-22 18:00:00+00:00,,UNKNOWN,,,,UNKNOWN,UNKNOWN,,UNKNOWN,,2.25,1.0,4.5,0.0,2.25,5.45,4.0,1.0,4.0,1.0,0.0,2.0,,,,5.0625,0.9375,11.8125,5.0625,1.6875,4.7,5.333333333333333,3.0,2.0,1.0,3.0,7.0,,,,True,True,UNKNOWN,False,False,,,,,,,,,,NPB,2019-08-22 18:00:00,1,,,0,
2019082206,2019-08-22 18:00:00,福岡ソフトバンクホークス,オリックス・バファローズ,5.0,1.0,UNKNOWN,福岡 ヤフオク!ドーム,unknown,low,False,False,1600159,20204,[],[],,,,,0,light,2019-08-22 18:00:00+00:00,,UNKNOWN,,,,UNKNOWN,UNKNOWN,,UNKNOWN,,5.785714285714286,1.7142857142857142,3.8571428571428568,7.7142857142857135,0.0,4.914285714285715,4.666666666666667,3.0,4.0,0.0,4.0,2.0,,,,1.5,0.6666666666666666,6.0,3.0,0.0,2.8666666666666667,6.0,1.0,2.0,0.0,2.0,4.0,,,,True,True,UNKNOWN,False,False,,,,,,,,,,NPB,2019-08-22 18:00:00,1,,,0,
2019082205,2019-08-22 18:30:00,千葉ロッテマリーンズ,東北楽天ゴールデンイーグルス,5.0,8.0,UNKNOWN,東京ドーム,unknown,low,False,False,1000155,1600144,[],[],,,,,0,light,2019-08-22 18:30:00+00:00,,UNKNOWN,,,,UNKNOWN,UNKNOWN,,UNKNOWN,,7.2,1.6,3.6,1.8,1.8,5.6,5.0,4.0,7.0,1.0,1.0,2.0,,,,7.2,1.8,12.6,3.6,3.6,6.800000000000001,5.0,4.0,7.0,2.0,2.0,7.0,,,,True,True,UNKNOWN,False,False,2019-08-22 09:00:00+00:00,,UNKNOWN,Open-Meteo Historical Forecast,FAIL_CLOSED_NO_ISSUANCE_TIMESTAMP,26.9,72.0,0.0,3.1,NPB,2019-08-22 18:30:00,1,,,0,
2019082301,2019-08-23 18:00:00,読売ジャイアンツ,横浜DeNAベイスターズ,1.0,5.0,UNKNOWN,東京ドーム,unknown,low,False,False,1700058,1500046,[],[],,,,,0,light,2019-08-23 18:00:00+00:00,,UNKNOWN,,,,UNKNOWN,UNKNOWN,,UNKNOWN,,1.125,0.5,2.25,0.0,0.0,2.7,8.0,1.0,4.0,0.0,0.0,2.0,,,,15.0,2.3333333333333335,6.0,9.0,6.0,13.533333333333335,3.0,5.0,4.0,2.0,3.0,2.0,,,,True,True,UNKNOWN,False,False,2019-08-23 09:00:00+00:00,,UNKNOWN,Open-Meteo Historical Forecast,FAIL_CLOSED_NO_ISSUANCE_TIMESTAMP,26.4,88.0,0.0,4.1,NPB,2019-08-23 18:00:00,1,,,0,
2019082302,2019-08-23 18:00:00,東京ヤクルトスワローズ,阪神タイガース,3.0,8.0,UNKNOWN,明治神宮野球場,unknown,low,False,False,1700078,700103,[],[],,,,,0,light,2019-08-23 18:00:00+00:00,,UNKNOWN,,,,UNKNOWN,UNKNOWN,,UNKNOWN,,1.5,1.6666666666666667,13.5,3.0,0.0,1.2000000000000002,6.0,1.0,8.0,0.0,2.0,9.0,,,,7.2,1.2,3.6,1.8,1.8,5.6,5.0,4.0,5.0,1.0,1.0,2.0,,,,True,True,UNKNOWN,False,False,,,,,,,,,,NPB,2019-08-23 18:00:00,1,,,0,
2019082303,2019-08-23 18:00:00,中日ドラゴンズ,広島東洋カープ,4.0,1.0,UNKNOWN,ナゴヤドーム,unknown,low,False,False,1300057,1800130,[],[],,,,,0,light,2019-08-23 18:00:00+00:00,,UNKNOWN,,,,UNKNOWN,UNKNOWN,,UNKNOWN,,6.352941176470588,1.4117647058823528,9.529411764705882,0.0,1.588235294117647,3.376470588235294,5.666666666666667,4.0,8.0,1.0,0.0,6.0,,,,1.5,1.8333333333333333,6.0,6.0,0.0,3.8666666666666667,6.0,1.0,7.0,0.0,4.0,4.0,,,,True,True,UNKNOWN,False,False,,,,,,,,,,NPB,2019-08-23 18:00:00,1,,,0,
2019082304,2019-08-23 18:00:00,埼玉西武ライオンズ,東北楽天ゴールデンイーグルス,8.0,6.0,UNKNOWN,メットライフドーム,unknown,low,False,False,1800120,1600127,[],[],,,,,0,light,2019-08-23 18:00:00+00:00,,UNKNOWN,,,,UNKNOWN,UNKNOWN,,UNKNOWN,,15.75,2.0,13.5,2.25,6.75,10.7,4.0,7.0,7.0,3.0,1.0,6.0,,,,13.5,2.0,13.5,6.75,4.5,8.95,4.0,6.0,5.0,2.0,3.0,6.0,,,,True,True,UNKNOWN,False,False,,,,,,,,,,NPB,2019-08-23 18:00:00,1,,,0,
2019082306,2019-08-23 18:00:00,オリックス・バファローズ,北海道日本ハムファイターズ,6.0,4.0,UNKNOWN,京セラドーム大阪,unknown,low,False,False,1700029,1600150,[],[],,,,,0,light,2019-08-23 18:00:00+00:00,,UNKNOWN,,,,UNKNOWN,UNKNOWN,,UNKNOWN,,4.153846153846154,1.6153846153846154,6.230769230769231,2.076923076923077,0.0,2.5076923076923077,4.333333333333333,2.0,6.0,0.0,1.0,3.0,,,,3.0,1.6666666666666667,9.0,1.5,1.5,3.8666666666666667,6.0,2.0,9.0,1.0,1.0,6.0,,,,True,True,UNKNOWN,False,False,,,,,,,,,,NPB,2019-08-23 18:00:00,1,,,0,
2019082305,2019-08-23 18:15:00,千葉ロッテマリーンズ,福岡ソフトバンクホークス,3.0,0.0,UNKNOWN,ＺＯＺＯマリンスタジアム,unknown,low,False,False,1000174,1700145,[],[],,,,,0,light,2019-08-23 18:15:00+00:00,,UNKNOWN,,,,UNKNOWN,UNKNOWN,,UNKNOWN,,3.681818181818182,1.5,9.818181818181818,6.136363636363637,1.2272727272727273,4.836363636363637,7.333333333333333,3.0,6.0,1.0,5.0,8.0,,,,0.0,0.7142857142857143,9.0,2.5714285714285716,0.0,2.0571428571428574,7.0,0.0,3.0,0.0,2.0,7.0,,,,True,True,UNKNOWN,False,False,,,,,,,,,,NPB,2019-08-23 18:15:00,1,,,0,
2019082403,2019-08-24 14:00:00,中日ドラゴンズ,広島東洋カープ,4.0,5.0,UNKNOWN,ナゴヤドーム,unknown,low,False,False,1600123,1600106,[],[],,,,,0,light,2019-08-24 14:00:00+00:00,,UNKNOWN,,,,UNKNOWN,UNKNOWN,,UNKNOWN,,0.0,1.5,7.5,6.0,0.0,3.5333333333333337,6.0,0.0,5.0,0.0,4.0,5.0,,,,3.857142857142857,1.4285714285714286,5.142857142857143,2.5714285714285716,0.0,2.9142857142857146,7.0,3.0,8.0,0.0,2.0,4.0,,,,True,True,UNKNOWN,False,False,,,,,,,,,,NPB,2019-08-24 14:00:00,1,,,0,
2019082406,2019-08-24 14:00:00,オリックス・バファローズ,北海道日本ハムファイターズ,1.0,7.0,UNKNOWN,京セラドーム大阪,unknown,low,False,False,1400117,1700150,[],[],,,,,0,light,2019-08-24 14:00:00+00:00,,UNKNOWN,,,,UNKNOWN,UNKNOWN,,UNKNOWN,,1.2857142857142858,0.2857142857142857,11.571428571428571,0.0,1.2857142857142858,2.4857142857142858,7.0,1.0,2.0,1.0,0.0,9.0,,,,3.6,1.6,9.0,5.4,1.8,5.6,5.0,2.0,5.0,1.0,3.0,5.0,,,,True,True,UNKNOWN,False,False,,,,,,,,,,NPB,2019-08-24 14:00:00,1,,,0,
2019082404,2019-08-24 17:00:00,埼玉西武ライオンズ,東北楽天ゴールデンイーグルス,6.0,5.0,UNKNOWN,メットライフドーム,unknown,low,False,False,1600095,1400182,[],[],,,,,0,light,2019-08-24 17:00:00+00:00,,UNKNOWN,,,,UNKNOWN,UNKNOWN,,UNKNOWN,,7.7142857142857135,3.0,7.7142857142857135,15.428571428571427,0.0,6.628571428571428,2.3333333333333335,2.0,3.0,0.0,4.0,2.0,,,,2.8421052631578947,1.5789473684210527,4.2631578947368425,2.8421052631578947,0.0,3.2,6.333333333333333,2.0,8.0,0.0,2.0,3.0,,,,True,True,UNKNOWN,False,False,,,,,,,,,,NPB,2019-08-24 17:00:00,1,,,0,
2019082405,2019-08-24 17:00:00,千葉ロッテマリーンズ,福岡ソフトバンクホークス,9.0,5.0,UNKNOWN,ＺＯＺＯマリンスタジアム,unknown,low,False,False,1800013,1300055,[],[],,,,,0,light,2019-08-24 17:00:00+00:00,,UNKNOWN,,,,UNKNOWN,UNKNOWN,,UNKNOWN,,27.0,5.25,0.0,20.25,6.75,19.7,1.3333333333333333,4.0,4.0,1.0,3.0,0.0,,,,4.5,3.0,4.5,4.5,0.0,3.7,2.0,1.0,5.0,0.0,1.0,1.0,,,,True,True,UNKNOWN,False,False,,,,,,,,,,NPB,2019-08-24 17:00:00,1,,,0,
2019082401,2019-08-24 18:00:00,読売ジャイアンツ,横浜DeNAベイスターズ,8.0,6.0,UNKNOWN,東京ドーム,unknown,low,False,False,1400110,1800023,[],[],,,,,0,light,2019-08-24 18:00:00+00:00,,UNKNOWN,,,,UNKNOWN,UNKNOWN,,UNKNOWN,,6.75,1.0,11.25,0.0,4.5,7.2,4.0,3.0,4.0,2.0,0.0,5.0,,,,3.176470588235294,0.7058823529411764,7.941176470588235,1.588235294117647,0.0,1.9647058823529415,5.666666666666667,2.0,3.0,0.0,1.0,5.0,,,,True,True,UNKNOWN,False,False,2019-08-24 09:00:00+00:00,,UNKNOWN,Open-Meteo Historical Forecast,FAIL_CLOSED_NO_ISSUANCE_TIMESTAMP,29.3,53.0,0.0,5.4,NPB,2019-08-24 18:00:00,1,,,0,
2019082402,2019-08-24 18:00:00,東京ヤクルトスワローズ,阪神タイガース,4.0,7.0,UNKNOWN,明治神宮野球場,unknown,low,False,False,900062,1200077,[],[],,,,,0,light,2019-08-24 18:00:00+00:00,,UNKNOWN,,,,UNKNOWN,UNKNOWN,,UNKNOWN,,7.2,2.0,3.6,5.4,0.0,4.2,5.0,4.0,7.0,0.0,3.0,2.0,,,,16.2,1.7999999999999998,8.1,0.0,2.6999999999999997,5.300000000000001,3.3333333333333335,6.0,6.0,1.0,0.0,3.0,,,,True,True,UNKNOWN,False,False,,,,,,,,,,NPB,2019-08-24 18:00:00,1,,,0,
2019082506,2019-08-25 13:00:00,オリックス・バファローズ,北海道日本ハムファイターズ,1.0,6.0,UNKNOWN,京セラドーム大阪,unknown,low,False,False,500027,1500088,[],[],,,,,0,light,2019-08-25 13:00:00+00:00,,UNKNOWN,,,,UNKNOWN,UNKNOWN,,UNKNOWN,,0.0,1.6,7.2,5.4,0.0,3.4000000000000004,5.0,0.0,5.0,0.0,3.0,4.0,,,,6.75,1.875,3.375,3.375,0.0,3.575,5.333333333333333,4.0,8.0,0.0,2.0,2.0,,,,True,True,UNKNOWN,False,False,,,,,,,,,,NPB,2019-08-25 13:00:00,1,,,0,
2019082501,2019-08-25 14:00:00,読売ジャイアンツ,横浜DeNAベイスターズ,0.0,3.0,UNKNOWN,東京ドーム,unknown,low,False,False,1500061,600008,[],[],,,,,0,light,2019-08-25 14:00:00+00:00,,UNKNOWN,,,,UNKNOWN,UNKNOWN,,UNKNOWN,,0.0,0.6666666666666666,12.0,3.0,0.0,1.5333333333333334,6.0,0.0,2.0,0.0,2.0,8.0,,,,2.6999999999999997,1.05,10.799999999999999,1.3499999999999999,0.0,1.2500000000000002,6.666666666666667,2.0,6.0,0.0,1.0,8.0,,,,True,True,UNKNOWN,False,False,2019-08-25 05:00:00+00:00,,UNKNOWN,Open-Meteo Historical Forecast,FAIL_CLOSED_NO_ISSUANCE_TIMESTAMP,29.1,49.0,0.0,8.5,NPB,2019-08-25 14:00:00,1,,,0,
2019082503,2019-08-25 14:00:00,中日ドラゴンズ,広島東洋カープ,10.0,4.0,UNKNOWN,ナゴヤドーム,unknown,low,False,False,1300058,1700106,[],[],,,,,0,light,2019-08-25 14:00:00+00:00,,UNKNOWN,,,,UNKNOWN,UNKNOWN,,UNKNOWN,,11.571428571428571,1.9285714285714284,3.8571428571428568,5.785714285714286,1.9285714285714284,7.057142857142857,4.666666666666667,6.0,6.0,1.0,3.0,2.0,,,,3.375,1.5,3.375,6.75,0.0,4.7,5.333333333333333,2.0,4.0,0.0,4.0,2.0,,,,True,True,UNKNOWN,False,False,,,,,,,,,,NPB,2019-08-25 14:00:00,1,,,0,
2019082504,2019-08-25 17:00:00,埼玉西武ライオンズ,東北楽天ゴールデンイーグルス,2.0,14.0,UNKNOWN,メットライフドーム,unknown,low,False,False,1600005,1100089,[],[],,,,,0,light,2019-08-25 17:00:00+00:00,,UNKNOWN,,,,UNKNOWN,UNKNOWN,,UNKNOWN,,3.0,1.5,4.5,6.0,1.5,6.366666666666667,6.0,2.0,5.0,1.0,4.0,3.0,,,,11.117647058823529,1.7647058823529411,3.176470588235294,3.176470588235294,1.588235294117647,5.847058823529412,5.666666666666667,7.0,8.0,1.0,2.0,2.0,,,,True,True,UNKNOWN,False,False,,,,,,,,,,NPB,2019-08-25 17:00:00,1,,,0,
2019082505,2019-08-25 17:00:00,千葉ロッテマリーンズ,福岡ソフトバンクホークス,4.0,3.0,UNKNOWN,ＺＯＺＯマリンスタジアム,unknown,low,False,False,1100115,1600146,[],[],,,,,0,light,2019-08-25 17:00:00+00:00,,UNKNOWN,,,,UNKNOWN,UNKNOWN,,UNKNOWN,,1.8,1.0,5.4,1.8,1.8,5.2,5.0,1.0,4.0,1.0,1.0,3.0,,,,1.125,1.125,9.0,5.625,1.125,4.7,8.0,1.0,4.0,1.0,5.0,8.0,,,,True,True,UNKNOWN,False,False,,,,,,,,,,NPB,2019-08-25 17:00:00,1,,,0,
2019082502,2019-08-25 18:00:00,東京ヤクルトスワローズ,阪神タイガース,5.0,1.0,UNKNOWN,明治神宮野球場,unknown,low,False,False,1700154,1600174,[],[],,,,,0,light,2019-08-25 18:00:00+00:00,,UNKNOWN,,,,UNKNOWN,UNKNOWN,,UNKNOWN,,3.8571428571428568,2.142857142857143,5.785714285714286,9.642857142857142,0.0,5.128571428571428,4.666666666666667,2.0,5.0,0.0,5.0,3.0,,,,1.5,1.5,4.5,4.5,0.0,3.7,6.0,1.0,6.0,0.0,3.0,3.0,,,,True,True,UNKNOWN,False,False,,,,,,,,,,NPB,2019-08-25 18:00:00,1,,,0,
2019082704,2019-08-27 13:00:00,北海道日本ハムファイターズ,埼玉西武ライオンズ,2.0,8.0,UNKNOWN,釧路市民球場,unknown,low,False,False,1800022,1700140,[],[],,,,,0,light,2019-08-27 13:00:00+00:00,,UNKNOWN,,,,UNKNOWN,UNKNOWN,,UNKNOWN,,3.0,1.3333333333333333,4.5,1.5,0.0,2.7,6.0,2.0,7.0,0.0,1.0,3.0,,,,1.8,1.4,5.4,5.4,0.0,3.8000000000000003,5.0,1.0,4.0,0.0,3.0,3.0,,,,True,True,UNKNOWN,False,False,,,,,,,,,,NPB,2019-08-27 13:00:00,1,,,0,
2019082701,2019-08-27 18:00:00,読売ジャイアンツ,広島東洋カープ,0.0,2.0,UNKNOWN,東京ドーム,unknown,low,False,False,1500007,1700002,[],[],,,,,0,light,2019-08-27 18:00:00+00:00,,UNKNOWN,,,,UNKNOWN,UNKNOWN,,UNKNOWN,,0.0,1.2857142857142858,6.428571428571429,7.714285714285714,0.0,4.342857142857143,7.0,0.0,3.0,0.0,6.0,5.0,,,,3.6,1.0,1.8,0.0,3.6,8.0,5.0,2.0,5.0,2.0,0.0,1.0,,,,True,True,UNKNOWN,False,False,2019-08-27 09:00:00+00:00,,UNKNOWN,Open-Meteo Historical Forecast,FAIL_CLOSED_NO_ISSUANCE_TIMESTAMP,26.9,65.0,0.0,5.1,NPB,2019-08-27 18:00:00,1,,,0,
2019082702,2019-08-27 18:00:00,横浜DeNAベイスターズ,東京ヤクルトスワローズ,5.0,3.0,UNKNOWN,横浜スタジアム,unknown,low,False,False,1500042,1800043,[],[],,,,,0,light,2019-08-27 18:00:00+00:00,,UNKNOWN,,,,UNKNOWN,UNKNOWN,,UNKNOWN,,4.5,1.1666666666666667,12.0,4.5,1.5,4.2,6.0,3.0,4.0,1.0,3.0,8.0,,,,4.5,1.8333333333333333,7.5,7.5,4.5,10.533333333333333,6.0,3.0,6.0,3.0,5.0,5.0,,,,True,True,UNKNOWN,False,False,,,,,,,,,,NPB,2019-08-27 18:00:00,1,,,0,
2019082705,2019-08-27 18:00:00,東北楽天ゴールデンイーグルス,千葉ロッテマリーンズ,5.0,2.0,UNKNOWN,楽天生命パーク宮城,unknown,low,False,False,1300050,700065,[],[],,,,,0,light,2019-08-27 18:00:00+00:00,,UNKNOWN,,,,UNKNOWN,UNKNOWN,,UNKNOWN,,1.5,1.0,6.0,3.0,1.5,5.033333333333333,6.0,1.0,4.0,1.0,2.0,4.0,,,,1.8,1.0,12.6,3.6,0.0,1.6,5.0,1.0,3.0,0.0,2.0,7.0,,,,True,True,UNKNOWN,False,False,,,,,,,,,,NPB,2019-08-27 18:00:00,1,,,0,
2019082804,2019-08-28 13:00:00,北海道日本ハムファイターズ,埼玉西武ライオンズ,8.0,10.0,UNKNOWN,釧路市民球場,unknown,low,False,False,1000143,800004,[],[],,,,,0,light,2019-08-28 13:00:00+00:00,,UNKNOWN,,,,UNKNOWN,UNKNOWN,,UNKNOWN,,12.272727272727273,2.4545454545454546,4.909090909090909,4.909090909090909,0.0,3.7454545454545456,3.6666666666666665,5.0,7.0,0.0,2.0,2.0,,,,11.571428571428571,2.571428571428571,7.7142857142857135,7.7142857142857135,3.8571428571428568,9.628571428571428,2.3333333333333335,3.0,4.0,1.0,2.0,2.0,,,,True,True,UNKNOWN,False,False,,,,,,,,,,NPB,2019-08-28 13:00:00,1,,,0,
2019082801,2019-08-28 18:00:00,読売ジャイアンツ,広島東洋カープ,6.0,2.0,UNKNOWN,東京ドーム,unknown,low,False,False,1100081,1200041,[],[],,,,,0,light,2019-08-28 18:00:00+00:00,,UNKNOWN,,,,UNKNOWN,UNKNOWN,,UNKNOWN,,7.2,2.0,7.2,7.2,3.6,9.2,5.0,4.0,6.0,2.0,4.0,4.0,,,,2.5714285714285716,1.1428571428571428,7.714285714285714,2.5714285714285716,2.5714285714285716,6.057142857142857,7.0,2.0,6.0,2.0,2.0,6.0,,,,True,True,UNKNOWN,False,False,2019-08-28 09:00:00+00:00,,UNKNOWN,Open-Meteo Historical Forecast,FAIL_CLOSED_NO_ISSUANCE_TIMESTAMP,27.7,65.0,0.0,11.5,NPB,2019-08-28 18:00:00,1,,,0,
2019082802,2019-08-28 18:00:00,横浜DeNAベイスターズ,東京ヤクルトスワローズ,7.0,6.0,UNKNOWN,横浜スタジアム,unknown,low,False,False,12113,1300031,[],[],,,,,0,light,2019-08-28 18:00:00+00:00,,UNKNOWN,,,,UNKNOWN,UNKNOWN,,UNKNOWN,,9.0,1.5,4.5,2.25,2.25,6.2,4.0,4.0,5.0,1.0,1.0,2.0,,,,7.2,1.6,7.2,3.6,3.6,8.0,5.0,4.0,6.0,2.0,2.0,4.0,,,,True,True,UNKNOWN,False,False,,,,,,,,,,NPB,2019-08-28 18:00:00,1,,,0,
2019082803,2019-08-28 18:00:00,阪神タイガース,中日ドラゴンズ,0.0,1.0,UNKNOWN,阪神甲子園球場,unknown,low,False,False,1500074,1500090,[],[],,,,,0,light,2019-08-28 18:00:00+00:00,,UNKNOWN,,,,UNKNOWN,UNKNOWN,,UNKNOWN,,0.0,0.6,6.75,1.3499999999999999,0.0,2.1500000000000004,6.666666666666667,0.0,3.0,0.0,1.0,5.0,,,,1.2857142857142858,1.4285714285714286,2.5714285714285716,2.5714285714285716,1.2857142857142858,5.342857142857143,7.0,1.0,8.0,1.0,2.0,2.0,,,,True,True,UNKNOWN,False,False,,,,,,,,,,NPB,2019-08-28 18:00:00,1,,,0,
2019082805,2019-08-28 18:00:00,東北楽天ゴールデンイーグルス,千葉ロッテマリーンズ,4.0,5.0,UNKNOWN,楽天生命パーク宮城,unknown,low,False,False,1800052,1200117,[],[],,,,,0,light,2019-08-28 18:00:00+00:00,,UNKNOWN,,,,UNKNOWN,UNKNOWN,,UNKNOWN,,3.6,1.4,5.4,1.8,1.8,5.2,5.0,2.0,6.0,1.0,1.0,3.0,,,,4.5,4.0,9.0,0.0,0.0,1.2000000000000002,2.0,1.0,8.0,0.0,0.0,2.0,,,,True,True,UNKNOWN,False,False,,,,,,,,,,NPB,2019-08-28 18:00:00,1,,,0,
2019082904,2019-08-29 13:00:00,北海道日本ハムファイターズ,埼玉西武ライオンズ,2.0,5.0,UNKNOWN,帯広の森野球場,unknown,low,False,False,1500104,1300094,[],[],,,,,0,light,2019-08-29 13:00:00+00:00,,UNKNOWN,,,,UNKNOWN,UNKNOWN,,UNKNOWN,,3.0,1.0,9.0,0.0,1.5,3.3666666666666667,6.0,2.0,6.0,1.0,0.0,6.0,,,,3.0,1.5,1.5,1.5,1.5,5.533333333333333,6.0,2.0,8.0,1.0,1.0,1.0,,,,True,True,UNKNOWN,False,False,,,,,,,,,,NPB,2019-08-29 13:00:00,1,,,0,
2019082901,2019-08-29 18:00:00,読売ジャイアンツ,広島東洋カープ,12.0,4.0,UNKNOWN,東京ドーム,unknown,low,False,False,1300057,1500046,[],[],,,,,0,light,2019-08-29 18:00:00+00:00,,UNKNOWN,,,,UNKNOWN,UNKNOWN,,UNKNOWN,,38.57142857142857,4.285714285714286,3.8571428571428568,11.571428571428571,3.8571428571428568,11.771428571428572,2.3333333333333335,10.0,7.0,1.0,3.0,1.0,,,,3.857142857142857,1.2857142857142858,6.428571428571429,2.5714285714285716,1.2857142857142858,4.485714285714286,7.0,3.0,7.0,1.0,2.0,5.0,,,,True,True,UNKNOWN,False,False,2019-08-29 09:00:00+00:00,,UNKNOWN,Open-Meteo Historical Forecast,FAIL_CLOSED_NO_ISSUANCE_TIMESTAMP,31.2,62.0,0.0,6.0,NPB,2019-08-29 18:00:00,1,,,0,
2019082902,2019-08-29 18:00:00,横浜DeNAベイスターズ,東京ヤクルトスワローズ,4.0,2.0,UNKNOWN,横浜スタジアム,unknown,low,False,False,1200076,1200050,[],[],,,,,0,light,2019-08-29 18:00:00+00:00,,UNKNOWN,,,,UNKNOWN,UNKNOWN,,UNKNOWN,,3.0,1.5,6.0,4.5,0.0,3.3666666666666667,6.0,2.0,6.0,0.0,3.0,4.0,,,,1.6875,0.9375,8.4375,5.0625,0.0,3.0125,5.333333333333333,1.0,2.0,0.0,3.0,5.0,,,,True,True,UNKNOWN,False,False,,,,,,,,,,NPB,2019-08-29 18:00:00,1,,,0,
2019082905,2019-08-29 18:00:00,東北楽天ゴールデンイーグルス,千葉ロッテマリーンズ,4.0,5.0,UNKNOWN,楽天生命パーク宮城,unknown,low,False,False,1700145,1000155,[],[],,,,,0,light,2019-08-29 18:00:00+00:00,,UNKNOWN,,,,UNKNOWN,UNKNOWN,,UNKNOWN,,5.4,1.6,12.6,1.8,0.0,1.0,5.0,3.0,7.0,0.0,1.0,7.0,,,,5.4,1.6,12.6,1.8,1.8,3.6,5.0,3.0,7.0,1.0,1.0,7.0,,,,True,True,UNKNOWN,False,False,,,,,,,,,,NPB,2019-08-29 18:00:00,1,,,0,
2019083001,2019-08-30 18:00:00,中日ドラゴンズ,東京ヤクルトスワローズ,7.0,1.0,UNKNOWN,ナゴヤドーム,unknown,low,False,False,700103,1800130,[],[],,,,,0,light,2019-08-30 18:00:00+00:00,,UNKNOWN,,,,UNKNOWN,UNKNOWN,,UNKNOWN,,4.764705882352941,1.2352941176470587,6.352941176470588,0.0,1.588235294117647,4.08235294117647,5.666666666666667,3.0,7.0,1.0,0.0,4.0,,,,1.5,1.1666666666666667,9.0,4.5,0.0,2.7,6.0,1.0,4.0,0.0,3.0,6.0,,,,True,True,UNKNOWN,False,False,,,,,,,,,,NPB,2019-08-30 18:00:00,1,,,0,
2019083002,2019-08-30 18:00:00,阪神タイガース,読売ジャイアンツ,1.0,4.0,UNKNOWN,阪神甲子園球場,unknown,low,False,False,1800023,1700078,[],[],,,,,0,light,2019-08-30 18:00:00+00:00,,UNKNOWN,,,,UNKNOWN,UNKNOWN,,UNKNOWN,,2.25,1.5,15.75,6.75,0.0,1.9500000000000002,4.0,1.0,3.0,0.0,3.0,7.0,,,,2.5714285714285716,1.7142857142857142,7.714285714285714,3.857142857142857,0.0,2.771428571428572,7.0,2.0,9.0,0.0,3.0,6.0,,,,True,True,UNKNOWN,False,False,,,,,,,,,,NPB,2019-08-30 18:00:00,1,,,0,
2019083003,2019-08-30 18:00:00,広島東洋カープ,横浜DeNAベイスターズ,4.0,6.0,UNKNOWN,ＭＡＺＤＡ　Ｚｏｏｍ－Ｚｏｏｍ　スタジアム広島,unknown,low,False,False,1600081,1600123,[],[],,,,,0,light,2019-08-30 18:00:00+00:00,,UNKNOWN,,,,UNKNOWN,UNKNOWN,,UNKNOWN,,5.4,1.8000000000000003,5.4,10.8,0.0,5.6000000000000005,1.6666666666666665,1.0,1.0,0.0,2.0,1.0,,,,1.2857142857142858,1.0,9.0,2.5714285714285716,1.2857142857142858,3.9142857142857146,7.0,1.0,5.0,1.0,2.0,7.0,,,,True,True,UNKNOWN,False,False,,,,,,,,,,NPB,2019-08-30 18:00:00,1,,,0,
2019083004,2019-08-30 18:00:00,東北楽天ゴールデンイーグルス,北海道日本ハムファイターズ,7.0,2.0,UNKNOWN,楽天生命パーク宮城,unknown,low,False,False,1700029,1800120,[],[],,,,,0,light,2019-08-30 18:00:00+00:00,,UNKNOWN,,,,UNKNOWN,UNKNOWN,,UNKNOWN,,16.2,2.1,2.6999999999999997,2.6999999999999997,0.0,3.5,3.3333333333333335,6.0,6.0,0.0,1.0,1.0,,,,3.0,1.8333333333333333,6.0,3.0,0.0,2.8666666666666667,6.0,2.0,9.0,0.0,2.0,4.0,,,,True,True,UNKNOWN,False,False,,,,,,,,,,NPB,2019-08-30 18:00:00,1,,,0,
2019083005,2019-08-30 18:00:00,埼玉西武ライオンズ,福岡ソフトバンクホークス,4.0,2.0,UNKNOWN,メットライフドーム,unknown,low,False,False,1000174,1600127,[],[],,,,,0,light,2019-08-30 18:00:00+00:00,,UNKNOWN,,,,UNKNOWN,UNKNOWN,,UNKNOWN,,5.142857142857143,1.7142857142857142,10.285714285714286,3.857142857142857,2.5714285714285716,5.914285714285715,7.0,4.0,9.0,2.0,3.0,8.0,,,,2.8421052631578947,1.2631578947368423,5.684210526315789,2.8421052631578947,1.4210526315789473,4.936842105263159,6.333333333333333,2.0,6.0,1.0,2.0,4.0,,,,True,True,UNKNOWN,False,False,,,,,,,,,,NPB,2019-08-30 18:00:00,1,,,0,
2019083006,2019-08-30 18:30:00,千葉ロッテマリーンズ,オリックス・バファローズ,4.0,10.0,UNKNOWN,ＺＯＺＯマリンスタジアム,unknown,low,False,False,1600150,900081,[],[],,,,,0,light,2019-08-30 18:30:00+00:00,,UNKNOWN,,,,UNKNOWN,UNKNOWN,,UNKNOWN,,9.0,1.75,9.0,0.0,0.0,1.2000000000000002,4.0,4.0,7.0,0.0,0.0,4.0,,,,4.2631578947368425,1.2631578947368423,2.8421052631578947,5.684210526315789,1.4210526315789473,6.515789473684211,6.333333333333333,3.0,4.0,1.0,4.0,2.0,,,,True,True,UNKNOWN,False,False,,,,,,,,,,NPB,2019-08-30 18:30:00,1,,,0,
2019083101,2019-08-31 14:00:00,中日ドラゴンズ,東京ヤクルトスワローズ,2.0,5.0,UNKNOWN,ナゴヤドーム,unknown,low,False,False,1600174,1600106,[],[],,,,,0,light,2019-08-31 14:00:00+00:00,,UNKNOWN,,,,UNKNOWN,UNKNOWN,,UNKNOWN,,2.5714285714285716,1.1428571428571428,3.857142857142857,1.2857142857142858,0.0,2.771428571428572,7.0,2.0,7.0,0.0,1.0,3.0,,,,2.5714285714285716,0.7142857142857143,7.714285714285714,1.2857142857142858,0.0,1.9142857142857144,7.0,2.0,4.0,0.0,1.0,6.0,,,,True,True,UNKNOWN,False,False,,,,,,,,,,NPB,2019-08-31 14:00:00,1,,,0,
2019083106,2019-08-31 17:00:00,千葉ロッテマリーンズ,オリックス・バファローズ,1.0,2.0,UNKNOWN,ＺＯＺＯマリンスタジアム,unknown,low,False,False,1700150,1600141,[],[],,,,,0,light,2019-08-31 17:00:00+00:00,,UNKNOWN,,,,UNKNOWN,UNKNOWN,,UNKNOWN,,1.3499999999999999,1.05,4.05,0.0,0.0,2.3000000000000003,6.666666666666667,1.0,7.0,0.0,0.0,3.0,,,,1.8,1.0,7.2,5.4,0.0,3.4000000000000004,5.0,1.0,2.0,0.0,3.0,4.0,,,,True,True,UNKNOWN,False,False,,,,,,,,,,NPB,2019-08-31 17:00:00,1,,,0,
2019083102,2019-08-31 18:00:00,阪神タイガース,読売ジャイアンツ,4.0,2.0,UNKNOWN,阪神甲子園球場,unknown,low,False,False,600008,900062,[],[],,,,,0,light,2019-08-31 18:00:00+00:00,,UNKNOWN,,,,UNKNOWN,UNKNOWN,,UNKNOWN,,2.6999999999999997,1.3499999999999999,9.45,0.0,1.3499999999999999,3.0500000000000003,6.666666666666667,2.0,9.0,1.0,0.0,7.0,,,,3.0,1.1666666666666667,7.5,3.0,0.0,2.5333333333333337,6.0,2.0,5.0,0.0,2.0,5.0,,,,True,True,UNKNOWN,False,False,,,,,,,,,,NPB,2019-08-31 18:00:00,1,,,0,
2019083103,2019-08-31 18:00:00,広島東洋カープ,横浜DeNAベイスターズ,4.0,2.0,UNKNOWN,ＭＡＺＤＡ　Ｚｏｏｍ－Ｚｏｏｍ　スタジアム広島,unknown,low,False,False,1600084,1300058,[],[],,,,,0,light,2019-08-31 18:00:00+00:00,,UNKNOWN,,,,UNKNOWN,UNKNOWN,,UNKNOWN,,7.7142857142857135,2.357142857142857,9.642857142857142,5.785714285714286,1.9285714285714284,5.771428571428571,4.666666666666667,4.0,8.0,1.0,3.0,5.0,,,,2.8421052631578947,1.5789473684210527,7.105263157894737,5.684210526315789,0.0,3.515789473684211,6.333333333333333,2.0,6.0,0.0,4.0,5.0,,,,True,True,UNKNOWN,False,False,,,,,,,,,,NPB,2019-08-31 18:00:00,1,,,0,
2019083104,2019-08-31 18:00:00,東北楽天ゴールデンイーグルス,北海道日本ハムファイターズ,1.0,0.0,UNKNOWN,楽天生命パーク宮城,unknown,low,False,False,1400117,900090,[],[],,,,,0,light,2019-08-31 18:00:00+00:00,,UNKNOWN,,,,UNKNOWN,UNKNOWN,,UNKNOWN,,1.2857142857142858,1.5714285714285714,5.142857142857143,3.857142857142857,0.0,3.342857142857143,7.0,1.0,8.0,0.0,3.0,4.0,,,,0.0,1.4117647058823528,3.176470588235294,6.352941176470588,0.0,4.6117647058823525,5.666666666666667,0.0,4.0,0.0,4.0,2.0,,,,True,True,UNKNOWN,False,False,,,,,,,,,,NPB,2019-08-31 18:00:00,1,,,0,
2019083105,2019-08-31 18:00:00,埼玉西武ライオンズ,福岡ソフトバンクホークス,10.0,5.0,UNKNOWN,メットライフドーム,unknown,low,False,False,20204,1400182,[],[],,,,,0,light,2019-08-31 18:00:00+00:00,,UNKNOWN,,,,UNKNOWN,UNKNOWN,,UNKNOWN,,27.0,3.0,9.0,0.0,13.5,20.7,2.0,6.0,6.0,3.0,0.0,2.0,,,,3.6,1.6,5.4,1.8,1.8,5.2,5.0,2.0,7.0,1.0,1.0,3.0,,,,True,True,UNKNOWN,False,False,,,,,,,,,,NPB,2019-08-31 18:00:00,1,,,0,
2019090101,2019-09-01 14:00:00,中日ドラゴンズ,東京ヤクルトスワローズ,1.0,3.0,UNKNOWN,ナゴヤドーム,unknown,low,False,False,1800143,1000138,[],[],,,,,0,light,2019-09-01 14:00:00+00:00,,UNKNOWN,,,,UNKNOWN,UNKNOWN,,UNKNOWN,,2.4545454545454546,1.3636363636363638,4.909090909090909,4.909090909090909,0.0,3.7454545454545456,3.6666666666666665,1.0,3.0,0.0,2.0,2.0,,,,3.857142857142857,1.0,5.142857142857143,1.2857142857142858,0.0,2.4857142857142858,7.0,3.0,6.0,0.0,1.0,4.0,,,,True,True,UNKNOWN,False,False,,,,,,,,,,NPB,2019-09-01 14:00:00,1,,,0,
2019090104,2019-09-01 15:00:00,東北楽天ゴールデンイーグルス,北海道日本ハムファイターズ,2.0,1.0,UNKNOWN,楽天生命パーク宮城,unknown,low,False,False,500027,1600005,[],[],,,,,0,light,2019-09-01 15:00:00+00:00,,UNKNOWN,,,,UNKNOWN,UNKNOWN,,UNKNOWN,,4.5,1.5,2.25,2.25,2.25,6.7,4.0,2.0,5.0,1.0,1.0,1.0,,,,0.0,0.2857142857142857,2.5714285714285716,1.2857142857142858,0.0,3.0571428571428574,7.0,0.0,1.0,0.0,1.0,2.0,,,,True,True,UNKNOWN,False,False,,,,,,,,,,NPB,2019-09-01 15:00:00,1,,,0,
2019090105,2019-09-01 17:00:00,埼玉西武ライオンズ,福岡ソフトバンクホークス,1.0,4.0,UNKNOWN,メットライフドーム,unknown,low,False,False,1100115,1100089,[],[],,,,,0,light,2019-09-01 17:00:00+00:00,,UNKNOWN,,,,UNKNOWN,UNKNOWN,,UNKNOWN,,0.0,0.8333333333333334,9.0,1.5,0.0,1.7000000000000002,6.0,0.0,4.0,0.0,1.0,6.0,,,,5.0625,1.875,6.75,8.4375,3.375,9.3875,5.333333333333333,3.0,5.0,2.0,5.0,4.0,,,,True,True,UNKNOWN,False,False,,,,,,,,,,NPB,2019-09-01 17:00:00,1,,,0,
2019090106,2019-09-01 17:00:00,千葉ロッテマリーンズ,オリックス・バファローズ,8.0,6.0,UNKNOWN,ＺＯＺＯマリンスタジアム,unknown,low,False,False,1500088,1600146,[],[],,,,,0,light,2019-09-01 17:00:00+00:00,,UNKNOWN,,,,UNKNOWN,UNKNOWN,,UNKNOWN,,7.363636363636364,2.181818181818182,4.909090909090909,4.909090909090909,0.0,3.7454545454545456,3.6666666666666665,3.0,6.0,0.0,2.0,2.0,,,,4.5,1.5,12.0,4.5,1.5,4.2,6.0,3.0,6.0,1.0,3.0,8.0,,,,True,True,UNKNOWN,False,False,,,,,,,,,,NPB,2019-09-01 17:00:00,1,,,0,
2019090102,2019-09-01 18:00:00,阪神タイガース,読売ジャイアンツ,2.0,0.0,UNKNOWN,阪神甲子園球場,excluded,high,False,False,1100038,1300070,[],[],,,,,0,light,2019-09-01 18:00:00+00:00,,UNKNOWN,,,,UNKNOWN,UNKNOWN,,UNKNOWN,,2.6999999999999997,1.2,13.5,2.6999999999999997,0.0,1.1,3.3333333333333335,1.0,3.0,0.0,1.0,5.0,,,,0.0,0.5,9.0,0.0,0.0,1.2000000000000002,6.0,0.0,3.0,0.0,0.0,6.0,,,,True,True,UNKNOWN,False,False,,,,,,,,,,NPB,2019-09-01 18:00:00,1,,,0,
2019090103,2019-09-01 18:00:00,広島東洋カープ,横浜DeNAベイスターズ,2.0,3.0,UNKNOWN,ＭＡＺＤＡ　Ｚｏｏｍ－Ｚｏｏｍ　スタジアム広島,unknown,low,False,False,1500061,1400174,[],[],,,,,0,light,2019-09-01 18:00:00+00:00,,UNKNOWN,,,,UNKNOWN,UNKNOWN,,UNKNOWN,,2.4545454545454546,1.2272727272727273,9.818181818181818,1.2272727272727273,0.0,1.4272727272727275,7.333333333333333,2.0,8.0,0.0,1.0,8.0,,,,4.5,1.6666666666666667,4.5,9.0,1.5,7.366666666666667,6.0,3.0,4.0,1.0,6.0,3.0,,,,True,True,UNKNOWN,False,False,,,,,,,,,,NPB,2019-09-01 18:00:00,1,,,0,
2019090201,2019-09-02 18:15:00,千葉ロッテマリーンズ,オリックス・バファローズ,2.0,2.0,UNKNOWN,ＺＯＺＯマリンスタジアム,unknown,low,False,False,1700110,1600144,[],[],,,,,0,light,2019-09-02 18:15:00+00:00,,UNKNOWN,,,,UNKNOWN,UNKNOWN,,UNKNOWN,,3.0,1.3333333333333333,4.5,4.5,1.5,5.866666666666667,6.0,2.0,5.0,1.0,3.0,3.0,,,,1.588235294117647,1.2352941176470587,9.529411764705882,1.588235294117647,0.0,1.6117647058823532,5.666666666666667,1.0,6.0,0.0,1.0,6.0,,,,True,True,UNKNOWN,False,False,,,,,,,,,,NPB,2019-09-02 18:15:00,1,,,0,
2019090301,2019-09-03 18:00:00,読売ジャイアンツ,中日ドラゴンズ,3.0,4.0,UNKNOWN,ＨＡＲＤ ＯＦＦ ＥＣＯスタジアム新潟,unknown,low,False,False,1800060,1700002,[],[],,,,,0,light,2019-09-03 18:00:00+00:00,,UNKNOWN,,,,UNKNOWN,UNKNOWN,,UNKNOWN,,1.8,1.0,9.0,1.8,0.0,1.8000000000000003,5.0,1.0,4.0,0.0,1.0,5.0,,,,6.75,2.625,3.375,0.0,3.375,7.325,2.6666666666666665,2.0,7.0,1.0,0.0,1.0,,,,True,True,UNKNOWN,False,False,,,,,,,,,,NPB,2019-09-03 18:00:00,1,,,0,
2019090302,2019-09-03 18:00:00,東京ヤクルトスワローズ,広島東洋カープ,0.0,3.0,UNKNOWN,明治神宮野球場,unknown,low,False,False,1500007,1500042,[],[],,,,,0,light,2019-09-03 18:00:00+00:00,,UNKNOWN,,,,UNKNOWN,UNKNOWN,,UNKNOWN,,0.0,0.375,4.5,1.125,0.0,2.575,8.0,0.0,2.0,0.0,1.0,4.0,,,,3.6,1.8,10.8,9.0,0.0,3.8000000000000003,5.0,2.0,4.0,0.0,5.0,6.0,,,,True,True,UNKNOWN,False,False,,,,,,,,,,NPB,2019-09-03 18:00:00,1,,,0,
2019090303,2019-09-03 18:00:00,横浜DeNAベイスターズ,阪神タイガース,0.0,0.0,UNKNOWN,横浜スタジアム,unknown,low,False,False,1500090,1800043,[],[],,,,,0,light,2019-09-03 18:00:00+00:00,,UNKNOWN,,,,UNKNOWN,UNKNOWN,,UNKNOWN,,,,,,,,,,,,,,,,,,,,,,,,,,,,,,,,False,False,UNKNOWN,False,False,,,,,,,,,,NPB,2019-09-03 18:00:00,1,,,0,
2019090305,2019-09-03 18:00:00,オリックス・バファローズ,埼玉西武ライオンズ,1.0,5.0,UNKNOWN,ほっともっとフィールド神戸,unknown,low,False,False,1800022,1800100,[],[],,,,,0,light,2019-09-03 18:00:00+00:00,,UNKNOWN,,,,UNKNOWN,UNKNOWN,,UNKNOWN,,0.0,0.7894736842105263,4.2631578947368425,0.0,0.0,2.2526315789473683,6.333333333333333,0.0,5.0,0.0,0.0,3.0,,,,2.5714285714285716,0.42857142857142855,5.142857142857143,0.0,1.2857142857142858,3.9142857142857146,7.0,2.0,3.0,1.0,0.0,4.0,,,,True,True,UNKNOWN,False,False,,,,,,,,,,NPB,2019-09-03 18:00:00,1,,,0,
2019090306,2019-09-03 18:00:00,福岡ソフトバンクホークス,東北楽天ゴールデンイーグルス,3.0,2.0,UNKNOWN,福岡 ヤフオク!ドーム,unknown,low,False,False,700065,1700130,[],[],,,,,0,light,2019-09-03 18:00:00+00:00,,UNKNOWN,,,,UNKNOWN,UNKNOWN,,UNKNOWN,,5.4,1.6,5.4,3.6,3.6,8.4,5.0,3.0,6.0,2.0,2.0,3.0,,,,2.4545454545454546,0.6818181818181819,4.909090909090909,1.2272727272727273,2.4545454545454546,6.063636363636364,7.333333333333333,2.0,4.0,2.0,1.0,4.0,,,,True,True,UNKNOWN,False,False,,,,,,,,,,NPB,2019-09-03 18:00:00,1,,,0,
2019090304,2019-09-03 18:15:00,千葉ロッテマリーンズ,北海道日本ハムファイターズ,2.0,0.0,UNKNOWN,ＺＯＺＯマリンスタジアム,unknown,low,False,False,1700140,1300050,[],[],,,,,0,light,2019-09-03 18:15:00+00:00,,UNKNOWN,,,,UNKNOWN,UNKNOWN,,UNKNOWN,,3.176470588235294,1.7647058823529411,4.764705882352941,4.764705882352941,0.0,3.7294117647058824,5.666666666666667,2.0,7.0,0.0,3.0,3.0,,,,0.0,1.4285714285714286,2.5714285714285716,3.857142857142857,0.0,3.9142857142857146,7.0,0.0,7.0,0.0,3.0,2.0,,,,True,True,UNKNOWN,False,False,,,,,,,,,,NPB,2019-09-03 18:15:00,1,,,0,
2019090401,2019-09-04 18:00:00,読売ジャイアンツ,中日ドラゴンズ,4.0,8.0,UNKNOWN,上毛新聞敷島球場,unknown,low,False,False,1500074,1200041,[],[],,,,,0,light,2019-09-04 18:00:00+00:00,,UNKNOWN,,,,UNKNOWN,UNKNOWN,,UNKNOWN,,3.176470588235294,1.0588235294117647,7.941176470588235,1.588235294117647,1.588235294117647,4.258823529411765,5.666666666666667,2.0,5.0,1.0,1.0,5.0,,,,18.0,2.5,9.0,0.0,0.0,1.2000000000000002,2.0,4.0,5.0,0.0,0.0,2.0,,,,True,True,UNKNOWN,False,False,,,,,,,,,,NPB,2019-09-04 18:00:00,1,,,0,
2019090402,2019-09-04 18:00:00,東京ヤクルトスワローズ,広島東洋カープ,11.0,7.0,UNKNOWN,明治神宮野球場,unknown,low,False,False,1300057,1200076,[],[],,,,,0,light,2019-09-04 18:00:00+00:00,,UNKNOWN,,,,UNKNOWN,UNKNOWN,,UNKNOWN,,3.6,1.8,9.0,5.4,1.8,5.6,5.0,2.0,6.0,1.0,3.0,5.0,,,,11.25,2.0,6.75,2.25,6.75,12.2,4.0,5.0,7.0,3.0,1.0,3.0,,,,True,True,UNKNOWN,False,False,,,,,,,,,,NPB,2019-09-04 18:00:00,1,,,0,
2019090403,2019-09-04 18:00:00,横浜DeNAベイスターズ,阪神タイガース,7.0,5.0,UNKNOWN,横浜スタジアム,unknown,low,False,False,900425,1200050,[],[],,,,,0,light,2019-09-04 18:00:00+00:00,,UNKNOWN,,,,UNKNOWN,UNKNOWN,,UNKNOWN,,5.4,1.0,1.8,0.0,3.6,8.0,5.0,3.0,5.0,2.0,0.0,1.0,,,,7.7142857142857135,2.357142857142857,3.8571428571428568,5.785714285714286,0.0,4.271428571428571,4.666666666666667,4.0,8.0,0.0,3.0,2.0,,,,True,True,UNKNOWN,False,False,,,,,,,,,,NPB,2019-09-04 18:00:00,1,,,0,
2019090405,2019-09-04 18:00:00,オリックス・バファローズ,埼玉西武ライオンズ,2.0,10.0,UNKNOWN,ほっともっとフィールド神戸,unknown,low,False,False,1000143,1600159,[],[],,,,,0,light,2019-09-04 18:00:00+00:00,,UNKNOWN,,,,UNKNOWN,UNKNOWN,,UNKNOWN,,3.0,0.8333333333333334,3.0,0.0,0.0,2.5333333333333337,6.0,2.0,5.0,0.0,0.0,2.0,,,,1.9285714285714284,1.5,3.8571428571428568,3.8571428571428568,1.9285714285714284,6.414285714285715,4.666666666666667,1.0,5.0,1.0,2.0,2.0,,,,True,True,UNKNOWN,False,False,,,,,,,,,,NPB,2019-09-04 18:00:00,1,,,0,
2019090406,2019-09-04 18:00:00,福岡ソフトバンクホークス,東北楽天ゴールデンイーグルス,5.0,1.0,UNKNOWN,福岡 ヤフオク!ドーム,unknown,low,False,False,1200117,1800013,[],[],,,,,0,light,2019-09-04 18:00:00+00:00,,UNKNOWN,,,,UNKNOWN,UNKNOWN,,UNKNOWN,,6.0,1.1666666666666667,10.5,1.5,4.5,7.866666666666667,6.0,4.0,6.0,3.0,1.0,7.0,,,,1.5,1.1666666666666667,10.5,4.5,1.5,4.533333333333333,6.0,1.0,4.0,1.0,3.0,7.0,,,,True,True,UNKNOWN,False,False,,,,,,,,,,NPB,2019-09-04 18:00:00,1,,,0,
2019090404,2019-09-04 18:15:00,千葉ロッテマリーンズ,北海道日本ハムファイターズ,4.0,2.0,UNKNOWN,ＺＯＺＯマリンスタジアム,unknown,low,False,False,1500110,1800052,[],[],,,,,0,light,2019-09-04 18:15:00+00:00,,UNKNOWN,,,,UNKNOWN,UNKNOWN,,UNKNOWN,,0.0,0.8,12.6,3.6,0.0,1.6,5.0,0.0,2.0,0.0,2.0,7.0,,,,3.0,1.5,7.5,4.5,0.0,3.0333333333333337,6.0,2.0,6.0,0.0,3.0,5.0,,,,True,True,UNKNOWN,False,False,,,,,,,,,,NPB,2019-09-04 18:15:00,1,,,0,
2019090501,2019-09-05 18:00:00,読売ジャイアンツ,中日ドラゴンズ,2.0,3.0,UNKNOWN,東京ドーム,unknown,low,False,False,1700106,1500046,[],[],,,,,0,light,2019-09-05 18:00:00+00:00,,UNKNOWN,,,,UNKNOWN,UNKNOWN,,UNKNOWN,,3.0,1.5,7.5,6.0,1.5,5.7,6.0,2.0,5.0,1.0,4.0,5.0,,,,0.0,0.2857142857142857,5.142857142857143,1.2857142857142858,0.0,2.4857142857142858,7.0,0.0,1.0,0.0,1.0,4.0,,,,True,True,UNKNOWN,False,False,2019-09-05 09:00:00+00:00,,UNKNOWN,Open-Meteo Historical Forecast,FAIL_CLOSED_NO_ISSUANCE_TIMESTAMP,25.9,74.0,0.0,1.4,NPB,2019-09-05 18:00:00,1,,,0,
2019090502,2019-09-05 18:00:00,東京ヤクルトスワローズ,広島東洋カープ,1.0,8.0,UNKNOWN,明治神宮野球場,unknown,low,False,False,1600123,700103,[],[],,,,,0,light,2019-09-05 18:00:00+00:00,,UNKNOWN,,,,UNKNOWN,UNKNOWN,,UNKNOWN,,1.2857142857142858,0.8571428571428571,6.428571428571429,2.5714285714285716,0.0,2.628571428571429,7.0,1.0,4.0,0.0,2.0,5.0,,,,3.8571428571428568,1.5,5.785714285714286,3.8571428571428568,3.8571428571428568,8.771428571428572,4.666666666666667,2.0,5.0,2.0,2.0,3.0,,,,True,True,UNKNOWN,False,False,,,,,,,,,,NPB,2019-09-05 18:00:00,1,,,0,
2019090503,2019-09-05 18:00:00,横浜DeNAベイスターズ,阪神タイガース,2.0,9.0,UNKNOWN,横浜スタジアム,unknown,low,False,False,1500090,1800045,[],[],,,,,0,light,2019-09-05 18:00:00+00:00,,UNKNOWN,,,,UNKNOWN,UNKNOWN,,UNKNOWN,,3.176470588235294,1.0588235294117647,4.764705882352941,0.0,0.0,2.1411764705882357,5.666666666666667,2.0,6.0,0.0,0.0,3.0,,,,15.428571428571427,3.4285714285714284,11.571428571428571,11.571428571428571,0.0,4.485714285714286,2.3333333333333335,4.0,5.0,0.0,3.0,3.0,,,,True,True,UNKNOWN,False,False,,,,,,,,,,NPB,2019-09-05 18:00:00,1,,,0,
2019090504,2019-09-05 18:00:00,オリックス・バファローズ,埼玉西武ライオンズ,3.0,7.0,UNKNOWN,ほっともっとフィールド神戸,unknown,low,False,False,1800080,1000011,[],[],,,,,0,light,2019-09-05 18:00:00+00:00,,UNKNOWN,,,,UNKNOWN,UNKNOWN,,UNKNOWN,,3.0,1.5,13.5,3.0,1.5,3.3666666666666667,6.0,2.0,7.0,1.0,2.0,9.0,,,,3.0,1.6666666666666667,12.0,3.0,3.0,5.866666666666667,3.0,1.0,4.0,1.0,1.0,4.0,,,,True,True,UNKNOWN,False,False,,,,,,,,,,NPB,2019-09-05 18:00:00,1,,,0,
2019090505,2019-09-05 18:00:00,福岡ソフトバンクホークス,東北楽天ゴールデンイーグルス,3.0,2.0,UNKNOWN,福岡 ヤフオク!ドーム,unknown,low,False,False,1000155,500040,[],[],,,,,0,light,2019-09-05 18:00:00+00:00,,UNKNOWN,,,,UNKNOWN,UNKNOWN,,UNKNOWN,,4.764705882352941,1.4117647058823528,6.352941176470588,1.588235294117647,1.588235294117647,4.6117647058823525,5.666666666666667,3.0,7.0,1.0,1.0,4.0,,,,1.9285714285714284,1.2857142857142856,3.8571428571428568,5.785714285714286,0.0,4.271428571428571,4.666666666666667,1.0,3.0,0.0,3.0,2.0,,,,True,True,UNKNOWN,False,False,,,,,,,,,,NPB,2019-09-05 18:00:00,1,,,0,
2019090601,2019-09-06 18:00:00,東京ヤクルトスワローズ,読売ジャイアンツ,5.0,2.0,UNKNOWN,明治神宮野球場,unknown,low,False,False,1800023,12113,[],[],,,,,0,light,2019-09-06 18:00:00+00:00,,UNKNOWN,,,,UNKNOWN,UNKNOWN,,UNKNOWN,,3.0,1.5,10.5,6.0,1.5,5.033333333333333,6.0,2.0,5.0,1.0,4.0,7.0,,,,1.5,1.5,9.0,3.0,0.0,2.2,6.0,1.0,7.0,0.0,2.0,6.0,,,,True,True,UNKNOWN,False,False,,,,,,,,,,NPB,2019-09-06 18:00:00,1,,,0,
2019090602,2019-09-06 18:00:00,中日ドラゴンズ,横浜DeNAベイスターズ,8.0,4.0,UNKNOWN,ナゴヤドーム,unknown,low,False,False,1300031,1200098,[],[],,,,,0,light,2019-09-06 18:00:00+00:00,,UNKNOWN,,,,UNKNOWN,UNKNOWN,,UNKNOWN,,17.181818181818183,2.7272727272727275,9.818181818181818,7.363636363636364,2.4545454545454546,7.0181818181818185,3.6666666666666665,7.0,7.0,1.0,3.0,4.0,,,,10.125,3.0,0.0,10.125,0.0,6.575,2.6666666666666665,3.0,5.0,0.0,3.0,0.0,,,,True,True,UNKNOWN,False,False,,,,,,,,,,NPB,2019-09-06 18:00:00,1,,,0,
2019090603,2019-09-06 18:00:00,広島東洋カープ,阪神タイガース,6.0,3.0,UNKNOWN,ＭＡＺＤＡ　Ｚｏｏｍ－Ｚｏｏｍ　スタジアム広島,unknown,low,False,False,1700078,1300058,[],[],,,,,0,light,2019-09-06 18:00:00+00:00,,UNKNOWN,,,,UNKNOWN,UNKNOWN,,UNKNOWN,,13.5,2.5,6.75,4.5,2.25,6.45,4.0,6.0,8.0,1.0,2.0,3.0,,,,1.2857142857142858,1.1428571428571428,9.0,2.5714285714285716,0.0,2.0571428571428574,7.0,1.0,6.0,0.0,2.0,7.0,,,,True,True,UNKNOWN,False,False,,,,,,,,,,NPB,2019-09-06 18:00:00,1,,,0,
2019090604,2019-09-06 18:00:00,北海道日本ハムファイターズ,オリックス・バファローズ,6.0,2.0,UNKNOWN,札幌ドーム,unknown,low,False,False,1600150,1300094,[],[],,,,,0,light,2019-09-06 18:00:00+00:00,,UNKNOWN,,,,UNKNOWN,UNKNOWN,,UNKNOWN,,9.0,2.8,10.8,9.0,1.8,6.4,5.0,5.0,9.0,1.0,5.0,6.0,,,,0.0,0.5,9.0,1.5,0.0,1.7000000000000002,6.0,0.0,2.0,0.0,1.0,6.0,,,,True,True,UNKNOWN,False,False,,,,,,,,,,NPB,2019-09-06 18:00:00,1,,,0,
2019090605,2019-09-06 18:00:00,東北楽天ゴールデンイーグルス,埼玉西武ライオンズ,4.0,5.0,UNKNOWN,楽天生命パーク宮城,unknown,low,False,False,1600127,1800120,[],[],,,,,0,light,2019-09-06 18:00:00+00:00,,UNKNOWN,,,,UNKNOWN,UNKNOWN,,UNKNOWN,,7.2,1.8,3.6,9.0,1.8,8.0,5.0,4.0,4.0,1.0,5.0,2.0,,,,9.0,0.8,10.8,0.0,1.8,3.4000000000000004,5.0,5.0,4.0,1.0,0.0,6.0,,,,True,True,UNKNOWN,False,False,,,,,,,,,,NPB,2019-09-06 18:00:00,1,,,0,
2019090606,2019-09-06 18:00:00,福岡ソフトバンクホークス,千葉ロッテマリーンズ,2.0,0.0,UNKNOWN,福岡 ヤフオク!ドーム,unknown,low,False,False,1700145,1000174,[],[],,,,,0,light,2019-09-06 18:00:00+00:00,,UNKNOWN,,,,UNKNOWN,UNKNOWN,,UNKNOWN,,0.0,0.5714285714285714,3.857142857142857,0.0,0.0,2.342857142857143,7.0,0.0,4.0,0.0,0.0,3.0,,,,0.0,0.3333333333333333,12.0,3.0,0.0,1.5333333333333334,9.0,0.0,0.0,0.0,3.0,12.0,,,,True,True,UNKNOWN,False,False,,,,,,,,,,NPB,2019-09-06 18:00:00,1,,,0,
2019090702,2019-09-07 14:00:00,中日ドラゴンズ,横浜DeNAベイスターズ,8.0,3.0,UNKNOWN,ナゴヤドーム,unknown,low,False,False,1800043,1600106,[],[],,,,,0,light,2019-09-07 14:00:00+00:00,,UNKNOWN,,,,UNKNOWN,UNKNOWN,,UNKNOWN,,16.200000000000003,4.800000000000001,0.0,10.8,0.0,6.800000000000001,1.6666666666666665,3.0,6.0,0.0,2.0,0.0,,,,3.857142857142857,1.0,10.285714285714286,2.5714285714285716,2.5714285714285716,5.485714285714286,7.0,3.0,5.0,2.0,2.0,8.0,,,,True,True,UNKNOWN,False,False,,,,,,,,,,NPB,2019-09-07 14:00:00,1,,,0,
2019090703,2019-09-07 14:00:00,広島東洋カープ,阪神タイガース,3.0,7.0,UNKNOWN,ＭＡＺＤＡ　Ｚｏｏｍ－Ｚｏｏｍ　スタジアム広島,unknown,low,False,False,900062,1400174,[],[],,,,,0,light,2019-09-07 14:00:00+00:00,,UNKNOWN,,,,UNKNOWN,UNKNOWN,,UNKNOWN,,3.375,1.375,1.125,0.0,1.125,4.575,8.0,3.0,11.0,1.0,0.0,1.0,,,,23.142857142857142,3.8571428571428568,3.8571428571428568,11.571428571428571,3.8571428571428568,11.771428571428572,2.3333333333333335,6.0,6.0,1.0,3.0,1.0,,,,True,True,UNKNOWN,False,False,,,,,,,,,,NPB,2019-09-07 14:00:00,1,,,0,
2019090704,2019-09-07 14:00:00,北海道日本ハムファイターズ,オリックス・バファローズ,8.0,7.0,UNKNOWN,札幌ドーム,unknown,low,False,False,1700150,1400117,[],[],,,,,0,light,2019-09-07 14:00:00+00:00,,UNKNOWN,,,,UNKNOWN,UNKNOWN,,UNKNOWN,,15.0,3.6666666666666665,9.0,3.0,0.0,2.2,3.0,5.0,10.0,0.0,1.0,3.0,,,,6.0,1.1666666666666667,6.0,1.5,3.0,6.7,6.0,4.0,6.0,2.0,1.0,4.0,,,,True,True,UNKNOWN,False,False,,,,,,,,,,NPB,2019-09-07 14:00:00,1,,,0,
2019090705,2019-09-07 14:00:00,東北楽天ゴールデンイーグルス,埼玉西武ライオンズ,5.0,3.0,UNKNOWN,楽天生命パーク宮城,unknown,low,False,False,1400182,900090,[],[],,,,,0,light,2019-09-07 14:00:00+00:00,,UNKNOWN,,,,UNKNOWN,UNKNOWN,,UNKNOWN,,7.5,1.8333333333333333,4.5,6.0,0.0,4.2,6.0,5.0,7.0,0.0,4.0,3.0,,,,3.6,1.4,5.4,3.6,1.8,5.800000000000001,5.0,2.0,5.0,1.0,2.0,3.0,,,,True,True,UNKNOWN,False,False,,,,,,,,,,NPB,2019-09-07 14:00:00,1,,,0,
2019090701,2019-09-07 17:00:00,東京ヤクルトスワローズ,読売ジャイアンツ,6.0,10.0,UNKNOWN,明治神宮野球場,unknown,low,False,False,600008,1600174,[],[],,,,,0,light,2019-09-07 17:00:00+00:00,,UNKNOWN,,,,UNKNOWN,UNKNOWN,,UNKNOWN,,6.352941176470588,1.9411764705882353,7.941176470588235,4.764705882352941,0.0,3.0235294117647062,5.666666666666667,4.0,8.0,0.0,3.0,5.0,,,,9.0,2.0,3.0,3.0,3.0,7.866666666666667,3.0,3.0,5.0,1.0,1.0,1.0,,,,True,True,UNKNOWN,False,False,,,,,,,,,,NPB,2019-09-07 17:00:00,1,,,0,
2019090706,2019-09-07 18:00:00,福岡ソフトバンクホークス,千葉ロッテマリーンズ,0.0,4.0,UNKNOWN,福岡 ヤフオク!ドーム,unknown,low,False,False,900081,20204,[],[],,,,,0,light,2019-09-07 18:00:00+00:00,,UNKNOWN,,,,UNKNOWN,UNKNOWN,,UNKNOWN,,0.0,0.7777777777777778,6.0,3.0,0.0,2.8666666666666667,9.0,0.0,4.0,0.0,3.0,6.0,,,,4.153846153846154,1.6153846153846154,4.153846153846154,4.153846153846154,0.0,3.661538461538462,4.333333333333333,2.0,5.0,0.0,2.0,2.0,,,,True,True,UNKNOWN,False,False,,,,,,,,,,NPB,2019-09-07 18:00:00,1,,,0,
2019090805,2019-09-08 13:00:00,東北楽天ゴールデンイーグルス,埼玉西武ライオンズ,2.0,3.0,UNKNOWN,楽天生命パーク宮城,unknown,low,False,False,1500104,1600005,[],[],,,,,0,light,2019-09-08 13:00:00+00:00,,UNKNOWN,,,,UNKNOWN,UNKNOWN,,UNKNOWN,,1.588235294117647,1.0588235294117647,0.0,3.176470588235294,0.0,4.258823529411765,5.666666666666667,1.0,4.0,0.0,2.0,0.0,,,,1.4210526315789473,1.105263157894737,5.684210526315789,5.684210526315789,0.0,3.8315789473684214,6.333333333333333,1.0,3.0,0.0,4.0,4.0,,,,True,True,UNKNOWN,False,False,,,,,,,,,,NPB,2019-09-08 13:00:00,1,,,0,
2019090803,2019-09-08 13:30:00,広島東洋カープ,阪神タイガース,3.0,2.0,UNKNOWN,ＭＡＺＤＡ　Ｚｏｏｍ－Ｚｏｏｍ　スタジアム広島,unknown,low,False,False,1300070,1500007,[],[],,,,,0,light,2019-09-08 13:30:00+00:00,,UNKNOWN,,,,UNKNOWN,UNKNOWN,,UNKNOWN,,4.5,1.75,11.25,4.5,0.0,2.2,4.0,2.0,5.0,0.0,2.0,5.0,,,,0.0,1.1666666666666667,1.5,4.5,0.0,4.366666666666667,6.0,0.0,4.0,0.0,3.0,1.0,,,,True,True,UNKNOWN,False,False,,,,,,,,,,NPB,2019-09-08 13:30:00,1,,,0,
2019090802,2019-09-08 14:00:00,中日ドラゴンズ,横浜DeNAベイスターズ,5.0,2.0,UNKNOWN,ナゴヤドーム,unknown,low,False,False,1700061,1000138,[],[],,,,,0,light,2019-09-08 14:00:00+00:00,,UNKNOWN,,,,UNKNOWN,UNKNOWN,,UNKNOWN,,1.8,0.6,5.4,0.0,0.0,2.0,5.0,1.0,3.0,0.0,0.0,3.0,,,,2.1599999999999997,0.6,11.879999999999999,0.0,1.0799999999999998,2.12,8.333333333333334,2.0,5.0,1.0,0.0,11.0,,,,True,True,UNKNOWN,False,False,,,,,,,,,,NPB,2019-09-08 14:00:00,1,,,0,
2019090804,2019-09-08 14:00:00,北海道日本ハムファイターズ,オリックス・バファローズ,2.0,0.0,UNKNOWN,札幌ドーム,excluded,high,False,False,1600153,500027,[],[],,,,,0,light,2019-09-08 14:00:00+00:00,,UNKNOWN,,,,UNKNOWN,UNKNOWN,,UNKNOWN,,0.0,0.5,9.0,0.0,0.0,1.2000000000000002,6.0,0.0,3.0,0.0,0.0,6.0,,,,0.0,1.3333333333333333,7.5,3.0,0.0,2.5333333333333337,6.0,0.0,6.0,0.0,2.0,5.0,,,,True,True,UNKNOWN,False,False,,,,,,,,,,NPB,2019-09-08 14:00:00,1,,,0,
2019090806,2019-09-08 14:00:00,福岡ソフトバンクホークス,千葉ロッテマリーンズ,9.0,6.0,UNKNOWN,福岡 ヤフオク!ドーム,unknown,low,False,False,1600146,1100115,[],[],,,,,0,light,2019-09-08 14:00:00+00:00,,UNKNOWN,,,,UNKNOWN,UNKNOWN,,UNKNOWN,,8.526315789473685,1.5789473684210527,11.368421052631579,5.684210526315789,1.4210526315789473,4.621052631578948,6.333333333333333,6.0,6.0,1.0,4.0,8.0,,,,9.0,1.5,9.0,4.5,2.25,5.95,4.0,4.0,4.0,1.0,2.0,4.0,,,,True,True,UNKNOWN,False,False,,,,,,,,,,NPB,2019-09-08 14:00:00,1,,,0,
2019090901,2019-09-09 18:00:00,東北楽天ゴールデンイーグルス,オリックス・バファローズ,6.0,4.0,UNKNOWN,楽天生命パーク宮城,unknown,low,False,False,1700110,700065,[],[],,,,,0,light,2019-09-09 18:00:00+00:00,,UNKNOWN,,,,UNKNOWN,UNKNOWN,,UNKNOWN,,5.4,1.0,5.4,1.8,1.8,5.2,5.0,3.0,4.0,1.0,1.0,3.0,,,,5.142857142857143,1.0,3.857142857142857,0.0,3.857142857142857,7.914285714285715,7.0,4.0,7.0,3.0,0.0,3.0,,,,True,True,UNKNOWN,False,False,,,,,,,,,,NPB,2019-09-09 18:00:00,1,,,0,
2019090902,2019-09-09 18:00:00,福岡ソフトバンクホークス,千葉ロッテマリーンズ,6.0,11.0,UNKNOWN,福岡 ヤフオク!ドーム,excluded,high,False,False,1300055,1100079,[],[],,,,,0,light,2019-09-09 18:00:00+00:00,,UNKNOWN,,,,UNKNOWN,UNKNOWN,,UNKNOWN,,3.0,0.6666666666666666,7.5,0.0,0.0,1.5333333333333334,6.0,2.0,4.0,0.0,0.0,5.0,,,,15.428571428571427,2.142857142857143,7.7142857142857135,11.571428571428571,3.8571428571428568,10.914285714285715,2.3333333333333335,4.0,2.0,1.0,3.0,2.0,,,,True,True,UNKNOWN,False,False,,,,,,,,,,NPB,2019-09-09 18:00:00,1,,,0,
2019091001,2019-09-10 18:00:00,横浜DeNAベイスターズ,読売ジャイアンツ,2.0,4.0,UNKNOWN,横浜スタジアム,unknown,low,False,False,1900001,1500061,[],[],,,,,0,light,2019-09-10 18:00:00+00:00,,UNKNOWN,,,,UNKNOWN,UNKNOWN,,UNKNOWN,,3.0,2.3333333333333335,0.0,9.0,3.0,10.533333333333333,3.0,1.0,4.0,1.0,3.0,0.0,,,,2.5714285714285716,0.8571428571428571,12.857142857142858,5.142857142857143,1.2857142857142858,3.9142857142857146,7.0,2.0,2.0,1.0,4.0,10.0,,,,True,True,UNKNOWN,False,False,,,,,,,,,,NPB,2019-09-10 18:00:00,1,,,0,
2019091002,2019-09-10 18:00:00,阪神タイガース,東京ヤクルトスワローズ,4.0,5.0,UNKNOWN,阪神甲子園球場,unknown,low,False,False,1500042,900425,[],[],,,,,0,light,2019-09-10 18:00:00+00:00,,UNKNOWN,,,,UNKNOWN,UNKNOWN,,UNKNOWN,,9.0,2.3333333333333335,6.0,6.0,0.0,3.8666666666666667,3.0,3.0,5.0,0.0,2.0,2.0,,,,12.0,2.0,9.0,9.0,3.0,8.533333333333333,3.0,4.0,3.0,1.0,3.0,3.0,,,,True,True,UNKNOWN,False,False,,,,,,,,,,NPB,2019-09-10 18:00:00,1,,,0,
2019091003,2019-09-10 18:00:00,広島東洋カープ,中日ドラゴンズ,3.0,0.0,UNKNOWN,ＭＡＺＤＡ　Ｚｏｏｍ－Ｚｏｏｍ　スタジアム広島,unknown,low,False,False,1800060,1300057,[],[],,,,,0,light,2019-09-10 18:00:00+00:00,,UNKNOWN,,,,UNKNOWN,UNKNOWN,,UNKNOWN,,3.857142857142857,1.0,7.714285714285714,1.2857142857142858,2.5714285714285716,5.628571428571428,7.0,3.0,6.0,2.0,1.0,6.0,,,,0.0,0.875,4.5,1.125,0.0,2.575,8.0,0.0,6.0,0.0,1.0,4.0,,,,True,True,UNKNOWN,False,False,,,,,,,,,,NPB,2019-09-10 18:00:00,1,,,0,
2019091004,2019-09-10 18:00:00,北海道日本ハムファイターズ,千葉ロッテマリーンズ,2.0,10.0,UNKNOWN,東京ドーム,unknown,low,False,False,1300050,1700140,[],[],,,,,0,light,2019-09-10 18:00:00+00:00,,UNKNOWN,,,,UNKNOWN,UNKNOWN,,UNKNOWN,,3.0,1.1666666666666667,3.0,3.0,0.0,3.5333333333333337,6.0,2.0,5.0,0.0,2.0,2.0,,,,12.272727272727273,1.9090909090909092,12.272727272727273,2.4545454545454546,2.4545454545454546,4.836363636363637,3.6666666666666665,5.0,6.0,1.0,1.0,5.0,,,,True,True,UNKNOWN,False,False,2019-09-10 09:00:00+00:00,,UNKNOWN,Open-Meteo Historical Forecast,FAIL_CLOSED_NO_ISSUANCE_TIMESTAMP,31.4,60.0,0.0,4.0,NPB,2019-09-10 18:00:00,1,,,0,
2019091101,2019-09-11 18:00:00,横浜DeNAベイスターズ,読売ジャイアンツ,10.0,4.0,UNKNOWN,横浜スタジアム,unknown,low,False,False,1500046,1200050,[],[],,,,,0,light,2019-09-11 18:00:00+00:00,,UNKNOWN,,,,UNKNOWN,UNKNOWN,,UNKNOWN,,11.25,1.75,9.0,2.25,4.5,8.45,4.0,5.0,6.0,2.0,1.0,4.0,,,,3.6,1.4,5.4,1.8,0.0,2.6,5.0,2.0,6.0,0.0,1.0,3.0,,,,True,True,UNKNOWN,False,False,,,,,,,,,,NPB,2019-09-11 18:00:00,1,,,0,
2019091102,2019-09-11 18:00:00,阪神タイガース,東京ヤクルトスワローズ,10.0,3.0,UNKNOWN,阪神甲子園球場,unknown,low,False,False,1200076,1500090,[],[],,,,,0,light,2019-09-11 18:00:00+00:00,,UNKNOWN,,,,UNKNOWN,UNKNOWN,,UNKNOWN,,10.8,2.2,9.0,3.6,3.6,7.6000000000000005,5.0,6.0,9.0,2.0,2.0,5.0,,,,4.764705882352941,1.2352941176470587,6.352941176470588,1.588235294117647,1.588235294117647,4.6117647058823525,5.666666666666667,3.0,6.0,1.0,1.0,4.0,,,,True,True,UNKNOWN,False,False,,,,,,,,,,NPB,2019-09-11 18:00:00,1,,,0,
2019091103,2019-09-11 18:00:00,広島東洋カープ,中日ドラゴンズ,2.0,3.0,UNKNOWN,ＭＡＺＤＡ　Ｚｏｏｍ－Ｚｏｏｍ　スタジアム広島,unknown,low,False,False,1500074,1600123,[],[],,,,,0,light,2019-09-11 18:00:00+00:00,,UNKNOWN,,,,UNKNOWN,UNKNOWN,,UNKNOWN,,4.5,1.25,13.5,2.25,0.0,0.9500000000000002,4.0,2.0,4.0,0.0,1.0,6.0,,,,3.0,1.6666666666666667,3.0,3.0,0.0,3.5333333333333337,6.0,2.0,8.0,0.0,2.0,2.0,,,,True,True,UNKNOWN,False,False,,,,,,,,,,NPB,2019-09-11 18:00:00,1,,,0,
2019091104,2019-09-11 18:00:00,北海道日本ハムファイターズ,東北楽天ゴールデンイーグルス,1.0,3.0,UNKNOWN,東京ドーム,unknown,low,False,False,1200117,1500110,[],[],,,,,0,light,2019-09-11 18:00:00+00:00,,UNKNOWN,,,,UNKNOWN,UNKNOWN,,UNKNOWN,,1.5,1.1666666666666667,10.5,3.0,0.0,1.866666666666667,6.0,1.0,5.0,0.0,2.0,7.0,,,,1.8,0.8,9.0,0.0,1.8,3.8000000000000003,5.0,1.0,4.0,1.0,0.0,5.0,,,,True,True,UNKNOWN,False,False,2019-09-11 09:00:00+00:00,,UNKNOWN,Open-Meteo Historical Forecast,FAIL_CLOSED_NO_ISSUANCE_TIMESTAMP,28.4,83.0,1.3,2.5,NPB,2019-09-11 18:00:00,1,,,0,
2019091105,2019-09-11 18:00:00,埼玉西武ライオンズ,福岡ソフトバンクホークス,4.0,1.0,UNKNOWN,メットライフドーム,unknown,low,False,False,1700130,1800022,[],[],,,,,0,light,2019-09-11 18:00:00+00:00,,UNKNOWN,,,,UNKNOWN,UNKNOWN,,UNKNOWN,,4.5,1.0,6.0,1.5,0.0,2.3666666666666667,6.0,3.0,5.0,0.0,1.0,4.0,,,,1.2857142857142858,1.0,2.5714285714285716,0.0,1.2857142857142858,4.485714285714286,7.0,1.0,7.0,1.0,0.0,2.0,,,,True,True,UNKNOWN,False,False,,,,,,,,,,NPB,2019-09-11 18:00:00,1,,,0,
2019091106,2019-09-11 18:15:00,千葉ロッテマリーンズ,オリックス・バファローズ,6.0,4.0,UNKNOWN,ＺＯＺＯマリンスタジアム,unknown,low,False,False,1600159,1800052,[],[],,,,,0,light,2019-09-11 18:15:00+00:00,,UNKNOWN,,,,UNKNOWN,UNKNOWN,,UNKNOWN,,27.0,4.5,0.0,0.0,6.75,12.95,1.3333333333333333,4.0,6.0,1.0,0.0,0.0,,,,3.857142857142857,0.8571428571428571,10.285714285714286,0.0,1.2857142857142858,2.771428571428572,7.0,3.0,6.0,1.0,0.0,8.0,,,,True,True,UNKNOWN,False,False,,,,,,,,,,NPB,2019-09-11 18:15:00,1,,,0,
2019091201,2019-09-12 18:00:00,横浜DeNAベイスターズ,読売ジャイアンツ,5.0,8.0,UNKNOWN,横浜スタジアム,unknown,low,False,False,1800023,1300031,[],[],,,,,0,light,2019-09-12 18:00:00+00:00,,UNKNOWN,,,,UNKNOWN,UNKNOWN,,UNKNOWN,,6.230769230769231,1.6153846153846154,4.153846153846154,4.153846153846154,2.076923076923077,6.661538461538462,4.333333333333333,3.0,5.0,1.0,2.0,2.0,,,,10.8,4.2,0.0,16.200000000000003,0.0,8.600000000000001,1.6666666666666665,2.0,4.0,0.0,3.0,0.0,,,,True,True,UNKNOWN,False,False,,,,,,,,,,NPB,2019-09-12 18:00:00,1,,,0,
2019091202,2019-09-12 18:00:00,阪神タイガース,東京ヤクルトスワローズ,2.0,12.0,UNKNOWN,阪神甲子園球場,unknown,low,False,False,700103,1700078,[],[],,,,,0,light,2019-09-12 18:00:00+00:00,,UNKNOWN,,,,UNKNOWN,UNKNOWN,,UNKNOWN,,1.3499999999999999,1.3499999999999999,2.6999999999999997,2.6999999999999997,1.3499999999999999,5.45,6.666666666666667,1.0,7.0,1.0,2.0,2.0,,,,11.25,2.25,15.75,4.5,2.25,4.45,4.0,5.0,7.0,1.0,2.0,7.0,,,,True,True,UNKNOWN,False,False,,,,,,,,,,NPB,2019-09-12 18:00:00,1,,,0,
2019091203,2019-09-12 18:00:00,広島東洋カープ,中日ドラゴンズ,3.0,2.0,UNKNOWN,ＭＡＺＤＡ　Ｚｏｏｍ－Ｚｏｏｍ　スタジアム広島,unknown,low,False,False,1300065,1100081,[],[],,,,,0,light,2019-09-12 18:00:00+00:00,,UNKNOWN,,,,UNKNOWN,UNKNOWN,,UNKNOWN,,2.25,1.5,0.0,2.25,2.25,7.2,4.0,1.0,5.0,1.0,1.0,0.0,,,,3.0,1.6666666666666667,7.5,4.5,0.0,3.0333333333333337,6.0,2.0,7.0,0.0,3.0,5.0,,,,True,True,UNKNOWN,False,False,,,,,,,,,,NPB,2019-09-12 18:00:00,1,,,0,
2019091204,2019-09-12 18:00:00,北海道日本ハムファイターズ,東北楽天ゴールデンイーグルス,4.0,2.0,UNKNOWN,東京ドーム,unknown,low,False,False,1000155,1700029,[],[],,,,,0,light,2019-09-12 18:00:00+00:00,,UNKNOWN,,,,UNKNOWN,UNKNOWN,,UNKNOWN,,12.0,1.6666666666666667,3.0,0.0,3.0,6.866666666666667,3.0,4.0,5.0,1.0,0.0,1.0,,,,3.0,1.3333333333333333,3.0,6.0,0.0,4.533333333333333,3.0,1.0,2.0,0.0,2.0,1.0,,,,True,True,UNKNOWN,False,False,2019-09-12 09:00:00+00:00,,UNKNOWN,Open-Meteo Historical Forecast,FAIL_CLOSED_NO_ISSUANCE_TIMESTAMP,24.7,57.0,0.0,7.1,NPB,2019-09-12 18:00:00,1,,,0,
2019091205,2019-09-12 18:00:00,埼玉西武ライオンズ,福岡ソフトバンクホークス,2.0,3.0,UNKNOWN,メットライフドーム,unknown,low,False,False,1000174,1100089,[],[],,,,,0,light,2019-09-12 18:00:00+00:00,,UNKNOWN,,,,UNKNOWN,UNKNOWN,,UNKNOWN,,1.125,0.75,10.125,2.25,0.0,1.7000000000000002,8.0,1.0,4.0,0.0,2.0,9.0,,,,0.0,1.2857142857142858,0.0,1.2857142857142858,0.0,3.6285714285714286,7.0,0.0,8.0,0.0,1.0,0.0,,,,True,True,UNKNOWN,False,False,,,,,,,,,,NPB,2019-09-12 18:00:00,1,,,0,
2019091301,2019-09-13 18:00:00,読売ジャイアンツ,広島東洋カープ,5.0,1.0,UNKNOWN,東京ドーム,unknown,low,False,False,1300058,600008,[],[],,,,,0,light,2019-09-13 18:00:00+00:00,,UNKNOWN,,,,UNKNOWN,UNKNOWN,,UNKNOWN,,6.75,2.5,6.75,4.5,0.0,3.2,4.0,3.0,8.0,0.0,2.0,3.0,,,,1.1739130434782608,0.9130434782608695,11.739130434782608,3.5217391304347823,0.0,1.765217391304348,7.666666666666667,1.0,4.0,0.0,3.0,10.0,,,,True,True,UNKNOWN,False,False,2019-09-13 09:00:00+00:00,,UNKNOWN,Open-Meteo Historical Forecast,FAIL_CLOSED_NO_ISSUANCE_TIMESTAMP,22.8,55.0,0.0,4.5,NPB,2019-09-13 18:00:00,1,,,0,
2019091302,2019-09-13 18:00:00,中日ドラゴンズ,阪神タイガース,1.0,7.0,UNKNOWN,ナゴヤドーム,unknown,low,False,False,900062,1600106,[],[],,,,,0,light,2019-09-13 18:00:00+00:00,,UNKNOWN,,,,UNKNOWN,UNKNOWN,,UNKNOWN,,1.2857142857142858,0.7142857142857143,5.142857142857143,0.0,0.0,2.0571428571428574,7.0,1.0,5.0,0.0,0.0,4.0,,,,9.0,1.8,5.4,0.0,1.8,4.6,5.0,5.0,9.0,1.0,0.0,3.0,,,,True,True,UNKNOWN,False,False,,,,,,,,,,NPB,2019-09-13 18:00:00,1,,,0,
2019091303,2019-09-13 18:00:00,埼玉西武ライオンズ,千葉ロッテマリーンズ,6.0,1.0,UNKNOWN,メットライフドーム,unknown,low,False,False,1700145,1800080,[],[],,,,,0,light,2019-09-13 18:00:00+00:00,,UNKNOWN,,,,UNKNOWN,UNKNOWN,,UNKNOWN,,7.2,1.8,3.6,1.8,0.0,3.0,5.0,4.0,8.0,0.0,1.0,2.0,,,,0.0,1.0,10.285714285714286,6.428571428571429,0.0,3.0571428571428574,7.0,0.0,2.0,0.0,5.0,8.0,,,,True,True,UNKNOWN,False,False,,,,,,,,,,NPB,2019-09-13 18:00:00,1,,,0,
2019091405,2019-09-14 13:00:00,埼玉西武ライオンズ,千葉ロッテマリーンズ,4.0,3.0,UNKNOWN,メットライフドーム,unknown,low,False,False,900081,1600127,[],[],,,,,0,light,2019-09-14 13:00:00+00:00,,UNKNOWN,,,,UNKNOWN,UNKNOWN,,UNKNOWN,,4.5,1.5,3.0,1.5,3.0,7.366666666666667,6.0,3.0,8.0,2.0,1.0,2.0,,,,0.0,1.1666666666666667,4.5,4.5,0.0,3.7,6.0,0.0,4.0,0.0,3.0,3.0,,,,True,True,UNKNOWN,False,False,,,,,,,,,,NPB,2019-09-14 13:00:00,1,,,0,
2019091401,2019-09-14 14:00:00,読売ジャイアンツ,広島東洋カープ,5.0,6.0,UNKNOWN,東京ドーム,unknown,low,False,False,1500007,1000083,[],[],,,,,0,light,2019-09-14 14:00:00+00:00,,UNKNOWN,,,,UNKNOWN,UNKNOWN,,UNKNOWN,,3.6,1.6,9.0,9.0,1.8,6.800000000000001,5.0,2.0,3.0,1.0,5.0,5.0,,,,0.0,0.0,18.0,0.0,0.0,-0.7999999999999998,3.0,0.0,0.0,0.0,0.0,6.0,,,,True,True,UNKNOWN,False,False,2019-09-14 05:00:00+00:00,,UNKNOWN,Open-Meteo Historical Forecast,FAIL_CLOSED_NO_ISSUANCE_TIMESTAMP,27.5,54.0,0.0,3.3,NPB,2019-09-14 14:00:00,1,,,0,
2019091403,2019-09-14 14:00:00,中日ドラゴンズ,阪神タイガース,3.0,0.0,UNKNOWN,ナゴヤドーム,unknown,low,False,False,1500089,1000138,[],[],,,,,0,light,2019-09-14 14:00:00+00:00,,UNKNOWN,,,,UNKNOWN,UNKNOWN,,UNKNOWN,,3.6,1.2,5.4,5.4,0.0,3.8000000000000003,5.0,2.0,3.0,0.0,3.0,3.0,,,,0.0,0.1111111111111111,9.0,1.0,0.0,1.5333333333333334,9.0,0.0,0.0,0.0,1.0,9.0,,,,True,True,UNKNOWN,False,False,,,,,,,,,,NPB,2019-09-14 14:00:00,1,,,0,
2019091404,2019-09-14 14:00:00,北海道日本ハムファイターズ,福岡ソフトバンクホークス,1.0,3.0,UNKNOWN,札幌ドーム,unknown,low,False,False,1100115,1400117,[],[],,,,,0,light,2019-09-14 14:00:00+00:00,,UNKNOWN,,,,UNKNOWN,UNKNOWN,,UNKNOWN,,3.0,2.3333333333333335,6.0,12.0,0.0,5.866666666666667,3.0,1.0,3.0,0.0,4.0,2.0,,,,4.5,1.1666666666666667,7.5,4.5,1.5,5.2,6.0,3.0,4.0,1.0,3.0,5.0,,,,True,True,UNKNOWN,False,False,,,,,,,,,,NPB,2019-09-14 14:00:00,1,,,0,
2019091406,2019-09-14 14:00:00,オリックス・バファローズ,東北楽天ゴールデンイーグルス,3.0,2.0,UNKNOWN,京セラドーム大阪,unknown,low,False,False,900090,1600150,[],[],,,,,0,light,2019-09-14 14:00:00+00:00,,UNKNOWN,,,,UNKNOWN,UNKNOWN,,UNKNOWN,,5.785714285714286,2.357142857142857,7.7142857142857135,9.642857142857142,0.0,4.7,4.666666666666667,3.0,6.0,0.0,5.0,4.0,,,,2.5714285714285716,0.7142857142857143,9.0,1.2857142857142858,1.2857142857142858,3.4857142857142858,7.0,2.0,4.0,1.0,1.0,7.0,,,,True,True,UNKNOWN,False,False,,,,,,,,,,NPB,2019-09-14 14:00:00,1,,,0,
2019091402,2019-09-14 17:00:00,横浜DeNAベイスターズ,東京ヤクルトスワローズ,7.0,4.0,UNKNOWN,横浜スタジアム,unknown,low,False,False,12113,1800043,[],[],,,,,0,light,2019-09-14 17:00:00+00:00,,UNKNOWN,,,,UNKNOWN,UNKNOWN,,UNKNOWN,,9.0,2.0,5.4,5.4,1.8,6.4,5.0,5.0,7.0,1.0,3.0,3.0,,,,1.8,1.8,9.0,9.0,0.0,4.2,5.0,1.0,4.0,0.0,5.0,5.0,,,,True,True,UNKNOWN,False,False,,,,,,,,,,NPB,2019-09-14 17:00:00,1,,,0,
2019091504,2019-09-15 13:00:00,北海道日本ハムファイターズ,福岡ソフトバンクホークス,7.0,5.0,UNKNOWN,札幌ドーム,unknown,low,False,False,20204,1300094,[],[],,,,,0,light,2019-09-15 13:00:00+00:00,,UNKNOWN,,,,UNKNOWN,UNKNOWN,,UNKNOWN,,3.6,1.4,5.4,3.6,1.8,5.800000000000001,5.0,2.0,5.0,1.0,2.0,3.0,,,,12.0,2.0,0.0,6.0,3.0,9.533333333333333,3.0,4.0,4.0,1.0,2.0,0.0,,,,True,True,UNKNOWN,False,False,,,,,,,,,,NPB,2019-09-15 13:00:00,1,,,0,
2019091505,2019-09-15 13:00:00,埼玉西武ライオンズ,千葉ロッテマリーンズ,6.0,5.0,UNKNOWN,メットライフドーム,unknown,low,False,False,1600146,1000143,[],[],,,,,0,light,2019-09-15 13:00:00+00:00,,UNKNOWN,,,,UNKNOWN,UNKNOWN,,UNKNOWN,,1.5,1.8333333333333333,10.5,4.5,0.0,2.3666666666666667,6.0,1.0,8.0,0.0,3.0,7.0,,,,5.3999999999999995,1.5,4.05,2.6999999999999997,1.3499999999999999,5.15,6.666666666666667,4.0,8.0,1.0,2.0,3.0,,,,True,True,UNKNOWN,False,False,,,,,,,,,,NPB,2019-09-15 13:00:00,1,,,0,
2019091506,2019-09-15 13:00:00,オリックス・バファローズ,東北楽天ゴールデンイーグルス,7.0,1.0,UNKNOWN,京セラドーム大阪,unknown,low,False,False,1600005,1600153,[],[],,,,,0,light,2019-09-15 13:00:00+00:00,,UNKNOWN,,,,UNKNOWN,UNKNOWN,,UNKNOWN,,4.764705882352941,1.4117647058823528,4.764705882352941,3.176470588235294,1.588235294117647,5.4941176470588236,5.666666666666667,3.0,6.0,1.0,2.0,3.0,,,,1.2857142857142858,1.2857142857142858,7.714285714285714,3.857142857142857,0.0,2.771428571428572,7.0,1.0,6.0,0.0,3.0,6.0,,,,True,True,UNKNOWN,False,False,,,,,,,,,,NPB,2019-09-15 13:00:00,1,,,0,
2019091501,2019-09-15 14:00:00,読売ジャイアンツ,阪神タイガース,6.0,5.0,UNKNOWN,東京ドーム,unknown,low,False,False,1300070,1200041,[],[],,,,,0,light,2019-09-15 14:00:00+00:00,,UNKNOWN,,,,UNKNOWN,UNKNOWN,,UNKNOWN,,9.0,1.6666666666666667,6.0,6.0,3.0,8.2,3.0,3.0,3.0,1.0,2.0,2.0,,,,9.0,2.0,9.0,4.5,0.0,2.7,4.0,4.0,6.0,0.0,2.0,4.0,,,,True,True,UNKNOWN,False,False,2019-09-15 05:00:00+00:00,,UNKNOWN,Open-Meteo Historical Forecast,FAIL_CLOSED_NO_ISSUANCE_TIMESTAMP,29.6,52.0,0.0,5.5,NPB,2019-09-15 14:00:00,1,,,0,
2019091502,2019-09-15 18:00:00,中日ドラゴンズ,横浜DeNAベイスターズ,2.0,6.0,UNKNOWN,ナゴヤドーム,unknown,low,False,False,1100035,12191,[],[],,,,,0,light,2019-09-15 18:00:00+00:00,,UNKNOWN,,,,UNKNOWN,UNKNOWN,,UNKNOWN,,3.6,1.2,5.4,3.6,0.0,3.2,5.0,2.0,4.0,0.0,2.0,3.0,,,,4.909090909090909,1.9090909090909092,4.909090909090909,0.0,2.4545454545454546,5.654545454545454,3.6666666666666665,2.0,7.0,1.0,0.0,2.0,,,,True,True,UNKNOWN,False,False,,,,,,,,,,NPB,2019-09-15 18:00:00,1,,,0,
2019091503,2019-09-15 18:00:00,広島東洋カープ,東京ヤクルトスワローズ,7.0,8.0,UNKNOWN,ＭＡＺＤＡ　Ｚｏｏｍ－Ｚｏｏｍ　スタジアム広島,unknown,low,False,False,1200077,1400175,[],[],,,,,0,light,2019-09-15 18:00:00+00:00,,UNKNOWN,,,,UNKNOWN,UNKNOWN,,UNKNOWN,,1.588235294117647,1.588235294117647,9.529411764705882,3.176470588235294,0.0,2.1411764705882357,5.666666666666667,1.0,7.0,0.0,2.0,6.0,,,,10.799999999999999,2.1,13.5,10.799999999999999,5.3999999999999995,11.600000000000001,3.3333333333333335,4.0,3.0,2.0,4.0,5.0,,,,True,True,UNKNOWN,False,False,,,,,,,,,,NPB,2019-09-15 18:00:00,1,,,0,
2019091605,2019-09-16 13:00:00,埼玉西武ライオンズ,千葉ロッテマリーンズ,3.0,9.0,UNKNOWN,メットライフドーム,unknown,low,False,False,1300050,1500104,[],[],,,,,0,light,2019-09-16 13:00:00+00:00,,UNKNOWN,,,,UNKNOWN,UNKNOWN,,UNKNOWN,,3.857142857142857,1.5714285714285714,9.0,3.857142857142857,0.0,2.4857142857142858,7.0,3.0,8.0,0.0,3.0,7.0,,,,10.125,2.0625,3.375,5.0625,1.6875,6.575,5.333333333333333,6.0,8.0,1.0,3.0,2.0,,,,True,True,UNKNOWN,False,False,,,,,,,,,,NPB,2019-09-16 13:00:00,1,,,0,
2019091606,2019-09-16 13:00:00,オリックス・バファローズ,東北楽天ゴールデンイーグルス,2.0,8.0,UNKNOWN,京セラドーム大阪,unknown,low,False,False,700065,1700150,[],[],,,,,0,light,2019-09-16 13:00:00+00:00,,UNKNOWN,,,,UNKNOWN,UNKNOWN,,UNKNOWN,,2.5714285714285716,0.7142857142857143,9.0,1.2857142857142858,1.2857142857142858,3.4857142857142858,7.0,2.0,4.0,1.0,1.0,7.0,,,,8.307692307692308,1.8461538461538463,8.307692307692308,0.0,2.076923076923077,4.353846153846154,4.333333333333333,4.0,8.0,1.0,0.0,4.0,,,,True,True,UNKNOWN,False,False,,,,,,,,,,NPB,2019-09-16 13:00:00,1,,,0,
2019091601,2019-09-16 14:00:00,読売ジャイアンツ,阪神タイガース,1.0,2.0,UNKNOWN,東京ドーム,unknown,low,False,False,1700154,1500046,[],[],,,,,0,light,2019-09-16 14:00:00+00:00,,UNKNOWN,,,,UNKNOWN,UNKNOWN,,UNKNOWN,,1.6875,1.875,1.6875,10.125,0.0,6.2,5.333333333333333,1.0,4.0,0.0,6.0,1.0,,,,3.0,1.5,3.0,7.5,0.0,5.033333333333333,6.0,2.0,4.0,0.0,5.0,2.0,,,,True,True,UNKNOWN,False,False,2019-09-16 05:00:00+00:00,,UNKNOWN,Open-Meteo Historical Forecast,FAIL_CLOSED_NO_ISSUANCE_TIMESTAMP,23.0,91.0,11.7,7.3,NPB,2019-09-16 14:00:00,1,,,0,
2019091602,2019-09-16 14:00:00,中日ドラゴンズ,横浜DeNAベイスターズ,8.0,1.0,UNKNOWN,ナゴヤドーム,unknown,low,False,False,1400110,1700106,[],[],,,,,0,light,2019-09-16 14:00:00+00:00,,UNKNOWN,,,,UNKNOWN,UNKNOWN,,UNKNOWN,,0.0,2.0,0.0,4.5,0.0,4.7,2.0,0.0,3.0,0.0,1.0,0.0,,,,0.0,1.0,3.857142857142857,2.5714285714285716,0.0,3.2,7.0,0.0,5.0,0.0,2.0,3.0,,,,True,True,UNKNOWN,False,False,,,,,,,,,,NPB,2019-09-16 14:00:00,1,,,0,
2019091603,2019-09-16 14:00:00,広島東洋カープ,東京ヤクルトスワローズ,4.0,6.0,UNKNOWN,ＭＡＺＤＡ　Ｚｏｏｍ－Ｚｏｏｍ　スタジアム広島,unknown,low,False,False,1500042,1300057,[],[],,,,,0,light,2019-09-16 14:00:00+00:00,,UNKNOWN,,,,UNKNOWN,UNKNOWN,,UNKNOWN,,4.2631578947368425,1.736842105263158,9.947368421052632,7.105263157894737,1.4210526315789473,5.410526315789474,6.333333333333333,3.0,6.0,1.0,5.0,7.0,,,,6.0,1.6666666666666667,4.5,1.5,4.5,9.2,6.0,4.0,9.0,3.0,1.0,3.0,,,,True,True,UNKNOWN,False,False,,,,,,,,,,NPB,2019-09-16 14:00:00,1,,,0,
2019091604,2019-09-16 14:00:00,北海道日本ハムファイターズ,福岡ソフトバンクホークス,7.0,2.0,UNKNOWN,旭川市花咲スポーツ公園硬式野球場,unknown,low,False,False,1800013,500027,[],[],,,,,0,light,2019-09-16 14:00:00+00:00,,UNKNOWN,,,,UNKNOWN,UNKNOWN,,UNKNOWN,,8.1,3.0,0.0,5.3999999999999995,2.6999999999999997,8.9,3.3333333333333335,3.0,8.0,1.0,2.0,0.0,,,,1.2857142857142858,1.0,5.142857142857143,1.2857142857142858,1.2857142857142858,4.342857142857143,7.0,1.0,6.0,1.0,1.0,4.0,,,,True,True,UNKNOWN,False,False,,,,,,,,,,NPB,2019-09-16 14:00:00,1,,,0,
2019091802,2019-09-18 18:00:00,中日ドラゴンズ,読売ジャイアンツ,3.0,1.0,UNKNOWN,ナゴヤドーム,unknown,low,False,False,1800023,1800060,[],[],,,,,0,light,2019-09-18 18:00:00+00:00,,UNKNOWN,,,,UNKNOWN,UNKNOWN,,UNKNOWN,,2.8421052631578947,0.4736842105263158,5.684210526315789,1.4210526315789473,0.0,2.4105263157894736,6.333333333333333,2.0,2.0,0.0,1.0,4.0,,,,1.9285714285714284,1.7142857142857142,11.571428571428571,3.8571428571428568,0.0,1.9142857142857146,4.666666666666667,1.0,6.0,0.0,2.0,6.0,,,,True,True,UNKNOWN,False,False,,,,,,,,,,NPB,2019-09-18 18:00:00,1,,,0,
2019091803,2019-09-18 18:00:00,阪神タイガース,東京ヤクルトスワローズ,3.0,2.0,UNKNOWN,阪神甲子園球場,unknown,low,False,False,1600174,1500090,[],[],,,,,0,light,2019-09-18 18:00:00+00:00,,UNKNOWN,,,,UNKNOWN,UNKNOWN,,UNKNOWN,,1.5,1.6666666666666667,9.0,4.5,0.0,2.7,6.0,1.0,7.0,0.0,3.0,6.0,,,,3.176470588235294,1.7647058823529411,4.764705882352941,9.529411764705882,0.0,5.31764705882353,5.666666666666667,2.0,4.0,0.0,6.0,3.0,,,,True,True,UNKNOWN,False,False,,,,,,,,,,NPB,2019-09-18 18:00:00,1,,,0,
2019091804,2019-09-18 18:00:00,埼玉西武ライオンズ,オリックス・バファローズ,5.0,0.0,UNKNOWN,メットライフドーム,unknown,low,False,False,1800100,1800022,[],[],,,,,0,light,2019-09-18 18:00:00+00:00,,UNKNOWN,,,,UNKNOWN,UNKNOWN,,UNKNOWN,,6.0,1.0,10.5,1.5,1.5,3.5333333333333337,6.0,4.0,5.0,1.0,1.0,7.0,,,,0.0,0.625,5.625,0.0,0.0,1.9500000000000002,8.0,0.0,5.0,0.0,0.0,5.0,,,,True,True,UNKNOWN,False,False,,,,,,,,,,NPB,2019-09-18 18:00:00,1,,,0,
2019091805,2019-09-18 18:00:00,福岡ソフトバンクホークス,東北楽天ゴールデンイーグルス,2.0,6.0,UNKNOWN,福岡 ヤフオク!ドーム,unknown,low,False,False,1000155,1700130,[],[],,,,,0,light,2019-09-18 18:00:00+00:00,,UNKNOWN,,,,UNKNOWN,UNKNOWN,,UNKNOWN,,1.8,1.6,10.8,3.6,0.0,2.0,5.0,1.0,6.0,0.0,2.0,6.0,,,,8.4375,1.875,3.375,6.75,0.0,4.7,5.333333333333333,5.0,6.0,0.0,4.0,2.0,,,,True,True,UNKNOWN,False,False,,,,,,,,,,NPB,2019-09-18 18:00:00,1,,,0,
2019091901,2019-09-19 18:00:00,中日ドラゴンズ,読売ジャイアンツ,2.0,1.0,UNKNOWN,ナゴヤドーム,unknown,low,False,False,1700002,1500074,[],[],,,,,0,light,2019-09-19 18:00:00+00:00,,UNKNOWN,,,,UNKNOWN,UNKNOWN,,UNKNOWN,,1.5,0.6666666666666666,3.0,1.5,0.0,3.0333333333333337,6.0,1.0,3.0,0.0,1.0,2.0,,,,1.5,0.6666666666666666,7.5,1.5,1.5,4.2,6.0,1.0,3.0,1.0,1.0,5.0,,,,True,True,UNKNOWN,False,False,,,,,,,,,,NPB,2019-09-19 18:00:00,1,,,0,
2019091902,2019-09-19 18:00:00,埼玉西武ライオンズ,北海道日本ハムファイターズ,2.0,0.0,UNKNOWN,メットライフドーム,unknown,low,False,False,1700140,1100089,[],[],,,,,0,light,2019-09-19 18:00:00+00:00,,UNKNOWN,,,,UNKNOWN,UNKNOWN,,UNKNOWN,,3.0,1.5,3.0,4.5,0.0,4.033333333333333,6.0,2.0,6.0,0.0,3.0,2.0,,,,0.0,0.5714285714285714,3.857142857142857,0.0,0.0,2.342857142857143,7.0,0.0,4.0,0.0,0.0,3.0,,,,True,True,UNKNOWN,False,False,,,,,,,,,,NPB,2019-09-19 18:00:00,1,,,0,
2019091904,2019-09-19 18:00:00,福岡ソフトバンクホークス,オリックス・バファローズ,4.0,3.0,UNKNOWN,福岡 ヤフオク!ドーム,unknown,low,False,False,1600160,1000174,[],[],,,,,0,light,2019-09-19 18:00:00+00:00,,UNKNOWN,,,,UNKNOWN,UNKNOWN,,UNKNOWN,,2.6999999999999997,1.7999999999999998,8.1,5.3999999999999995,0.0,3.2,3.3333333333333335,1.0,4.0,0.0,2.0,3.0,,,,4.5,1.5,12.0,6.0,1.5,4.7,6.0,3.0,5.0,1.0,4.0,8.0,,,,True,True,UNKNOWN,False,False,,,,,,,,,,NPB,2019-09-19 18:00:00,1,,,0,
2019091905,2019-09-19 18:00:00,阪神タイガース,東京ヤクルトスワローズ,0.0,8.0,UNKNOWN,阪神甲子園球場,unknown,low,False,False,1200076,1700078,[],[],,,,,0,light,2019-09-19 18:00:00+00:00,,UNKNOWN,,,,UNKNOWN,UNKNOWN,,UNKNOWN,,0.0,1.0,9.0,0.0,0.0,1.2000000000000002,9.0,0.0,9.0,0.0,0.0,9.0,,,,9.0,1.8,12.6,5.4,3.6,7.4,5.0,5.0,6.0,2.0,3.0,7.0,,,,True,True,UNKNOWN,False,False,,,,,,,,,,NPB,2019-09-19 18:00:00,1,,,0,
2019091906,2019-09-19 18:00:00,横浜DeNAベイスターズ,広島東洋カープ,11.0,8.0,UNKNOWN,横浜スタジアム,unknown,low,False,False,1600123,1500061,[],[],,,,,0,light,2019-09-19 18:00:00+00:00,,UNKNOWN,,,,UNKNOWN,UNKNOWN,,UNKNOWN,,8.4375,1.5,3.375,0.0,1.6875,4.8875,5.333333333333333,5.0,8.0,1.0,0.0,2.0,,,,14.53846153846154,2.307692307692308,12.461538461538462,6.230769230769231,4.153846153846154,8.50769230769231,4.333333333333333,7.0,7.0,2.0,3.0,6.0,,,,True,True,UNKNOWN,False,False,,,,,,,,,,NPB,2019-09-19 18:00:00,1,,,0,
2019091903,2019-09-19 18:15:00,千葉ロッテマリーンズ,東北楽天ゴールデンイーグルス,0.0,2.0,UNKNOWN,ＺＯＺＯマリンスタジアム,climax,high,False,True,1200117,1800052,[],[],,,,,0,light,2019-09-19 18:15:00+00:00,,UNKNOWN,,,,UNKNOWN,UNKNOWN,,UNKNOWN,,0.0,0.5,5.625,1.125,0.0,2.325,8.0,0.0,3.0,0.0,1.0,5.0,,,,1.8,1.6,5.4,9.0,0.0,5.0,5.0,1.0,3.0,0.0,5.0,3.0,,,,True,True,UNKNOWN,False,False,,,,,,,,,,NPB,2019-09-19 18:15:00,1,,,0,
2019092001,2019-09-20 18:00:00,横浜DeNAベイスターズ,読売ジャイアンツ,4.0,9.0,UNKNOWN,横浜スタジアム,unknown,low,False,False,600008,1300031,[],[],,,,,0,light,2019-09-20 18:00:00+00:00,,UNKNOWN,,,,UNKNOWN,UNKNOWN,,UNKNOWN,,5.3999999999999995,0.8999999999999999,8.1,4.05,0.0,2.75,6.666666666666667,4.0,3.0,0.0,3.0,6.0,,,,9.818181818181818,1.9090909090909092,7.363636363636364,2.4545454545454546,4.909090909090909,9.472727272727273,3.6666666666666665,4.0,6.0,2.0,1.0,3.0,,,,True,True,UNKNOWN,False,False,,,,,,,,,,NPB,2019-09-20 18:00:00,1,,,0,
2019092002,2019-09-20 18:00:00,埼玉西武ライオンズ,東北楽天ゴールデンイーグルス,5.0,3.0,UNKNOWN,メットライフドーム,unknown,low,False,False,1000154,1800080,[],[],,,,,0,light,2019-09-20 18:00:00+00:00,,UNKNOWN,,,,UNKNOWN,UNKNOWN,,UNKNOWN,,5.0625,1.125,5.0625,3.375,0.0,3.2,5.333333333333333,3.0,4.0,0.0,2.0,3.0,,,,4.2631578947368425,0.7894736842105263,4.2631578947368425,1.4210526315789473,0.0,2.7263157894736842,6.333333333333333,3.0,4.0,0.0,1.0,3.0,,,,True,True,UNKNOWN,False,False,,,,,,,,,,NPB,2019-09-20 18:00:00,1,,,0,
2019092003,2019-09-20 18:00:00,オリックス・バファローズ,千葉ロッテマリーンズ,11.0,8.0,UNKNOWN,京セラドーム大阪,unknown,low,False,False,1700145,1700110,[],[],,,,,0,light,2019-09-20 18:00:00+00:00,,UNKNOWN,,,,UNKNOWN,UNKNOWN,,UNKNOWN,,36.0,5.0,18.0,9.0,0.0,2.2,1.0,4.0,4.0,0.0,1.0,2.0,,,,7.2,2.0,3.6,7.2,3.6,10.0,5.0,4.0,6.0,2.0,4.0,2.0,,,,True,True,UNKNOWN,False,False,,,,,,,,,,NPB,2019-09-20 18:00:00,1,,,0,
2019092004,2019-09-20 18:00:00,福岡ソフトバンクホークス,北海道日本ハムファイターズ,1.0,0.0,UNKNOWN,福岡 ヤフオク!ドーム,unknown,low,False,False,1500110,900121,[],[],,,,,0,light,2019-09-20 18:00:00+00:00,,UNKNOWN,,,,UNKNOWN,UNKNOWN,,UNKNOWN,,1.8,1.4,9.0,5.4,0.0,3.0,5.0,1.0,4.0,0.0,3.0,5.0,,,,0.0,0.6666666666666666,12.0,1.5,0.0,1.0333333333333337,6.0,0.0,3.0,0.0,1.0,8.0,,,,True,True,UNKNOWN,False,False,,,,,,,,,,NPB,2019-09-20 18:00:00,1,,,0,
2019092103,2019-09-21 14:00:00,阪神タイガース,広島東洋カープ,4.0,2.0,UNKNOWN,阪神甲子園球場,unknown,low,False,False,1500007,900062,[],[],,,,,0,light,2019-09-21 14:00:00+00:00,,UNKNOWN,,,,UNKNOWN,UNKNOWN,,UNKNOWN,,3.0,0.8333333333333334,3.0,3.0,0.0,3.5333333333333337,6.0,2.0,3.0,0.0,2.0,2.0,,,,2.25,0.875,4.5,2.25,1.125,4.575,8.0,2.0,5.0,1.0,2.0,4.0,,,,True,True,UNKNOWN,False,False,,,,,,,,,,NPB,2019-09-21 14:00:00,1,,,0,
2019092105,2019-09-21 14:00:00,オリックス・バファローズ,千葉ロッテマリーンズ,3.0,1.0,UNKNOWN,京セラドーム大阪,unknown,low,False,False,900081,1600150,[],[],,,,,0,light,2019-09-21 14:00:00+00:00,,UNKNOWN,,,,UNKNOWN,UNKNOWN,,UNKNOWN,,4.5,1.0,6.0,0.0,0.0,1.866666666666667,6.0,3.0,6.0,0.0,0.0,4.0,,,,1.1739130434782608,0.7826086956521738,2.3478260869565215,2.3478260869565215,0.0,3.4608695652173913,7.666666666666667,1.0,4.0,0.0,2.0,2.0,,,,True,True,UNKNOWN,False,False,,,,,,,,,,NPB,2019-09-21 14:00:00,1,,,0,
2019092106,2019-09-21 14:00:00,福岡ソフトバンクホークス,北海道日本ハムファイターズ,1.0,8.0,UNKNOWN,福岡 ヤフオク!ドーム,unknown,low,False,False,1400117,900100,[],[],,,,,0,light,2019-09-21 14:00:00+00:00,,UNKNOWN,,,,UNKNOWN,UNKNOWN,,UNKNOWN,,1.2857142857142858,0.42857142857142855,7.714285714285714,1.2857142857142858,1.2857142857142858,3.7714285714285714,7.0,1.0,2.0,1.0,1.0,6.0,,,,8.1,2.1,8.1,8.1,0.0,4.1,3.3333333333333335,3.0,4.0,0.0,3.0,3.0,,,,True,True,UNKNOWN,False,False,,,,,,,,,,NPB,2019-09-21 14:00:00,1,,,0,
2019092102,2019-09-21 17:00:00,横浜DeNAベイスターズ,読売ジャイアンツ,2.0,3.0,UNKNOWN,横浜スタジアム,excluded,high,False,False,1800028,1800043,[],[],,,,,0,light,2019-09-21 17:00:00+00:00,,UNKNOWN,,,,UNKNOWN,UNKNOWN,,UNKNOWN,,3.8571428571428568,1.0714285714285714,7.7142857142857135,1.9285714285714284,1.9285714285714284,4.914285714285715,4.666666666666667,2.0,4.0,1.0,1.0,4.0,,,,0.0,0.7894736842105263,8.526315789473685,2.8421052631578947,0.0,2.2526315789473683,6.333333333333333,0.0,3.0,0.0,2.0,6.0,,,,True,True,UNKNOWN,False,False,,,,,,,,,,NPB,2019-09-21 17:00:00,1,,,0,
2019092101,2019-09-21 18:00:00,東京ヤクルトスワローズ,中日ドラゴンズ,2.0,14.0,UNKNOWN,明治神宮野球場,unknown,low,False,False,1600106,20128,[],[],,,,,0,light,2019-09-21 18:00:00+00:00,,UNKNOWN,,,,UNKNOWN,UNKNOWN,,UNKNOWN,,1.5,1.3333333333333333,6.0,3.0,1.5,5.033333333333333,6.0,1.0,6.0,1.0,2.0,4.0,,,,0.0,0.0,0.0,0.0,0.0,3.2,0.3333333333333333,0.0,0.0,0.0,0.0,0.0,,,,True,True,UNKNOWN,False,False,,,,,,,,,,NPB,2019-09-21 18:00:00,1,,,0,
2019092104,2019-09-21 18:00:00,東北楽天ゴールデンイーグルス,埼玉西武ライオンズ,6.0,1.0,UNKNOWN,楽天生命パーク宮城,unknown,low,False,False,1600127,1000096,[],[],,,,,0,light,2019-09-21 18:00:00+00:00,,UNKNOWN,,,,UNKNOWN,UNKNOWN,,UNKNOWN,,0.0,0.7142857142857143,7.714285714285714,0.0,0.0,1.485714285714286,7.0,0.0,5.0,0.0,0.0,6.0,,,,0.0,0.6666666666666666,12.0,3.0,0.0,1.5333333333333334,3.0,0.0,1.0,0.0,1.0,4.0,,,,True,True,UNKNOWN,False,False,,,,,,,,,,NPB,2019-09-21 18:00:00,1,,,0,
2019092204,2019-09-22 14:00:00,東北楽天ゴールデンイーグルス,埼玉西武ライオンズ,7.0,5.0,UNKNOWN,楽天生命パーク宮城,unknown,low,False,False,1000143,1600005,[],[],,,,,0,light,2019-09-22 14:00:00+00:00,,UNKNOWN,,,,UNKNOWN,UNKNOWN,,UNKNOWN,,9.0,1.6,1.8,3.6,1.8,6.6,5.0,5.0,6.0,1.0,2.0,1.0,,,,4.695652173913043,1.1739130434782608,4.695652173913043,1.1739130434782608,3.5217391304347823,7.6347826086956525,7.666666666666667,4.0,8.0,3.0,1.0,4.0,,,,True,True,UNKNOWN,False,False,,,,,,,,,,NPB,2019-09-22 14:00:00,1,,,0,
2019092206,2019-09-22 14:00:00,オリックス・バファローズ,福岡ソフトバンクホークス,5.0,6.0,UNKNOWN,京セラドーム大阪,unknown,low,False,False,20204,1600153,[],[],,,,,0,light,2019-09-22 14:00:00+00:00,,UNKNOWN,,,,UNKNOWN,UNKNOWN,,UNKNOWN,,4.5,1.5,6.75,0.0,2.25,4.95,4.0,2.0,6.0,1.0,0.0,3.0,,,,7.105263157894737,1.5789473684210527,8.526315789473685,2.8421052631578947,1.4210526315789473,4.305263157894737,6.333333333333333,5.0,8.0,1.0,2.0,6.0,,,,True,True,UNKNOWN,False,False,,,,,,,,,,NPB,2019-09-22 14:00:00,1,,,0,
2019092205,2019-09-22 16:00:00,千葉ロッテマリーンズ,北海道日本ハムファイターズ,4.0,0.0,UNKNOWN,ＺＯＺＯマリンスタジアム,unknown,low,False,False,1800090,1600146,[],[],,,,,0,light,2019-09-22 16:00:00+00:00,,UNKNOWN,,,,UNKNOWN,UNKNOWN,,UNKNOWN,,27.0,5.0,27.0,18.0,0.0,3.2,1.0,3.0,3.0,0.0,2.0,3.0,,,,0.0,1.0,10.125,3.375,0.0,2.075,8.0,0.0,5.0,0.0,3.0,9.0,,,,True,True,UNKNOWN,False,False,,,,,,,,,,NPB,2019-09-22 16:00:00,1,,,0,
2019092201,2019-09-22 18:00:00,東京ヤクルトスワローズ,読売ジャイアンツ,10.0,3.0,UNKNOWN,明治神宮野球場,unknown,low,False,False,1500046,12113,[],[],,,,,0,light,2019-09-22 18:00:00+00:00,,UNKNOWN,,,,UNKNOWN,UNKNOWN,,UNKNOWN,,18.0,3.0,6.75,6.75,2.25,7.2,4.0,8.0,9.0,1.0,3.0,3.0,,,,5.4,1.2,7.2,3.6,1.8,5.4,5.0,3.0,4.0,1.0,2.0,4.0,,,,True,True,UNKNOWN,False,False,,,,,,,,,,NPB,2019-09-22 18:00:00,1,,,0,
2019092202,2019-09-22 18:00:00,阪神タイガース,横浜DeNAベイスターズ,3.0,0.0,UNKNOWN,阪神甲子園球場,climax,high,False,True,1100035,1500089,[],[],,,,,0,light,2019-09-22 18:00:00+00:00,,UNKNOWN,,,,UNKNOWN,UNKNOWN,,UNKNOWN,,3.176470588235294,1.4117647058823528,6.352941176470588,4.764705882352941,0.0,3.376470588235294,5.666666666666667,2.0,5.0,0.0,3.0,4.0,,,,0.0,1.3636363636363638,2.4545454545454546,4.909090909090909,0.0,4.290909090909091,3.6666666666666665,0.0,3.0,0.0,2.0,1.0,,,,True,True,UNKNOWN,False,False,,,,,,,,,,NPB,2019-09-22 18:00:00,1,,,0,
2019092303,2019-09-23 13:00:00,東北楽天ゴールデンイーグルス,埼玉西武ライオンズ,3.0,5.0,UNKNOWN,楽天生命パーク宮城,unknown,low,False,False,1500104,700065,[],[],,,,,0,light,2019-09-23 13:00:00+00:00,,UNKNOWN,,,,UNKNOWN,UNKNOWN,,UNKNOWN,,2.8421052631578947,0.6315789473684211,4.2631578947368425,0.0,1.4210526315789473,4.305263157894737,6.333333333333333,2.0,4.0,1.0,0.0,3.0,,,,2.6999999999999997,1.2,6.75,2.6999999999999997,0.0,2.6,6.666666666666667,2.0,6.0,0.0,2.0,5.0,,,,True,True,UNKNOWN,False,False,,,,,,,,,,NPB,2019-09-23 13:00:00,1,,,0,
2019092305,2019-09-23 13:00:00,オリックス・バファローズ,福岡ソフトバンクホークス,0.0,8.0,UNKNOWN,京セラドーム大阪,unknown,low,False,False,1700130,1700150,[],[],,,,,0,light,2019-09-23 13:00:00+00:00,,UNKNOWN,,,,UNKNOWN,UNKNOWN,,UNKNOWN,,0.0,0.42857142857142855,3.857142857142857,1.2857142857142858,0.0,2.771428571428572,7.0,0.0,2.0,0.0,1.0,3.0,,,,22.5,3.5,9.0,0.0,4.5,7.7,2.0,5.0,7.0,1.0,0.0,2.0,,,,True,True,UNKNOWN,False,False,,,,,,,,,,NPB,2019-09-23 13:00:00,1,,,0,
2019092302,2019-09-23 14:00:00,広島東洋カープ,中日ドラゴンズ,4.0,3.0,UNKNOWN,ＭＡＺＤＡ　Ｚｏｏｍ－Ｚｏｏｍ　スタジアム広島,climax,high,False,True,1000138,20167,[],[],,,,,0,light,2019-09-23 14:00:00+00:00,,UNKNOWN,,,,UNKNOWN,UNKNOWN,,UNKNOWN,,3.5217391304347823,1.0434782608695652,3.5217391304347823,2.3478260869565215,0.0,3.2,7.666666666666667,3.0,6.0,0.0,2.0,3.0,,,,0.0,0.0,0.0,0.0,0.0,3.2,0.3333333333333333,0.0,0.0,0.0,0.0,0.0,,,,True,True,UNKNOWN,False,False,,,,,,,,,,NPB,2019-09-23 14:00:00,1,,,0,
2019092304,2019-09-23 14:00:00,千葉ロッテマリーンズ,北海道日本ハムファイターズ,6.0,1.0,UNKNOWN,ＺＯＺＯマリンスタジアム,unknown,low,False,False,1600133,1300050,[],[],,,,,0,light,2019-09-23 14:00:00+00:00,,UNKNOWN,,,,UNKNOWN,UNKNOWN,,UNKNOWN,,18.0,4.0,9.0,0.0,0.0,1.2000000000000002,1.0,2.0,4.0,0.0,0.0,1.0,,,,1.2857142857142858,1.0,6.428571428571429,1.2857142857142858,0.0,2.2,7.0,1.0,6.0,0.0,1.0,5.0,,,,True,True,UNKNOWN,False,False,,,,,,,,,,NPB,2019-09-23 14:00:00,1,,,0,
2019092301,2019-09-23 18:00:00,東京ヤクルトスワローズ,読売ジャイアンツ,5.0,9.0,UNKNOWN,明治神宮野球場,unknown,low,False,False,1100038,700103,[],[],,,,,0,light,2019-09-23 18:00:00+00:00,,UNKNOWN,,,,UNKNOWN,UNKNOWN,,UNKNOWN,,11.25,2.0,4.5,2.25,2.25,6.2,4.0,5.0,7.0,1.0,1.0,2.0,,,,9.0,1.5,9.0,2.25,2.25,5.2,4.0,4.0,5.0,1.0,1.0,4.0,,,,True,True,UNKNOWN,False,False,,,,,,,,,,NPB,2019-09-23 18:00:00,1,,,0,
2019092401,2019-09-24 18:00:00,東北楽天ゴールデンイーグルス,福岡ソフトバンクホークス,4.0,2.0,UNKNOWN,楽天生命パーク宮城,climax,high,False,True,1000174,1000155,[],[],,,,,0,light,2019-09-24 18:00:00+00:00,,UNKNOWN,,,,UNKNOWN,UNKNOWN,,UNKNOWN,,0.0,1.0,7.5,1.5,1.5,4.2,6.0,0.0,5.0,1.0,1.0,5.0,,,,1.8,1.2,3.6,1.8,1.8,5.6,5.0,1.0,5.0,1.0,1.0,2.0,,,,True,True,UNKNOWN,False,False,,,,,,,,,,NPB,2019-09-24 18:00:00,1,,,0,
2019092403,2019-09-24 18:00:00,オリックス・バファローズ,北海道日本ハムファイターズ,1.0,3.0,UNKNOWN,京セラドーム大阪,unknown,low,False,False,500027,1600159,[],[],,,,,0,light,2019-09-24 18:00:00+00:00,,UNKNOWN,,,,UNKNOWN,UNKNOWN,,UNKNOWN,,0.0,1.4,7.2,3.6,0.0,2.8000000000000003,5.0,0.0,5.0,0.0,2.0,4.0,,,,6.75,2.0,4.5,6.75,0.0,4.45,4.0,3.0,5.0,0.0,3.0,2.0,,,,True,True,UNKNOWN,False,False,,,,,,,,,,NPB,2019-09-24 18:00:00,1,,,0,
2019092404,2019-09-24 18:00:00,中日ドラゴンズ,横浜DeNAベイスターズ,1.0,7.0,UNKNOWN,ナゴヤドーム,climax,high,False,True,1800045,1800130,[],[],,,,,0,light,2019-09-24 18:00:00+00:00,,UNKNOWN,,,,UNKNOWN,UNKNOWN,,UNKNOWN,,1.8,0.4,10.8,1.8,1.8,4.0,5.0,1.0,1.0,1.0,1.0,6.0,,,,21.6,4.2,5.4,10.8,5.4,13.400000000000002,1.6666666666666665,4.0,5.0,1.0,2.0,1.0,,,,True,True,UNKNOWN,False,False,,,,,,,,,,NPB,2019-09-24 18:00:00,1,,,0,
2019092405,2019-09-24 18:00:00,阪神タイガース,読売ジャイアンツ,5.0,0.0,UNKNOWN,阪神甲子園球場,climax,high,False,True,1800023,1500090,[],[],,,,,0,light,2019-09-24 18:00:00+00:00,,UNKNOWN,,,,UNKNOWN,UNKNOWN,,UNKNOWN,,5.0625,1.5,15.1875,6.75,0.0,2.075,5.333333333333333,3.0,4.0,0.0,4.0,9.0,,,,0.0,1.5,4.5,4.5,0.0,3.7,4.0,0.0,4.0,0.0,2.0,2.0,,,,True,True,UNKNOWN,False,False,,,,,,,,,,NPB,2019-09-24 18:00:00,1,,,0,
2019092402,2019-09-24 18:15:00,千葉ロッテマリーンズ,埼玉西武ライオンズ,4.0,12.0,UNKNOWN,ＺＯＺＯマリンスタジアム,climax,high,False,True,1800022,1300055,[],[],,,,,0,light,2019-09-24 18:15:00+00:00,,UNKNOWN,,,,UNKNOWN,UNKNOWN,,UNKNOWN,,1.5,1.3333333333333333,6.0,0.0,0.0,1.866666666666667,6.0,1.0,8.0,0.0,0.0,4.0,,,,27.000000000000004,3.6000000000000005,5.4,10.8,0.0,5.6000000000000005,1.6666666666666665,5.0,4.0,0.0,2.0,1.0,,,,True,True,UNKNOWN,False,False,,,,,,,,,,NPB,2019-09-24 18:15:00,1,,,0,
2019092501,2019-09-25 18:00:00,中日ドラゴンズ,東京ヤクルトスワローズ,12.0,0.0,UNKNOWN,ナゴヤドーム,unknown,low,False,False,1200077,1800060,[],[],,,,,0,light,2019-09-25 18:00:00+00:00,,UNKNOWN,,,,UNKNOWN,UNKNOWN,,UNKNOWN,,8.4375,1.6875,3.375,6.75,0.0,4.7,5.333333333333333,5.0,5.0,0.0,4.0,2.0,,,,0.0,1.0,9.0,4.5,0.0,2.7,6.0,0.0,3.0,0.0,3.0,6.0,,,,True,True,UNKNOWN,False,False,,,,,,,,,,NPB,2019-09-25 18:00:00,1,,,0,
2019092601,2019-09-26 18:00:00,北海道日本ハムファイターズ,オリックス・バファローズ,4.0,1.0,UNKNOWN,札幌ドーム,unknown,low,False,False,1700110,1300094,[],[],,,,,0,light,2019-09-26 18:00:00+00:00,,UNKNOWN,,,,UNKNOWN,UNKNOWN,,UNKNOWN,,9.818181818181818,2.4545454545454546,9.818181818181818,4.909090909090909,2.4545454545454546,6.2,3.6666666666666665,4.0,7.0,1.0,2.0,4.0,,,,0.0,0.15,5.3999999999999995,0.0,0.0,2.0,6.666666666666667,0.0,1.0,0.0,0.0,4.0,,,,True,True,UNKNOWN,False,False,,,,,,,,,,NPB,2019-09-26 18:00:00,1,,,0,
2019092602,2019-09-26 18:00:00,東北楽天ゴールデンイーグルス,埼玉西武ライオンズ,7.0,1.0,UNKNOWN,楽天生命パーク宮城,regular,high,True,True,1800080,1200117,[],[],,,,,0,light,2019-09-26 18:00:00+00:00,,UNKNOWN,,,,UNKNOWN,UNKNOWN,,UNKNOWN,,9.0,2.0,9.0,7.2,3.6,8.8,5.0,5.0,6.0,2.0,4.0,5.0,,,,0.0,0.2,9.0,0.0,0.0,1.2000000000000002,5.0,0.0,1.0,0.0,0.0,5.0,,,,True,True,UNKNOWN,False,False,,,,,,,,,,NPB,2019-09-26 18:00:00,1,,,0,
2019092701,2019-09-27 18:00:00,北海道日本ハムファイターズ,オリックス・バファローズ,1.0,5.0,UNKNOWN,札幌ドーム,unknown,low,False,False,1600150,1700140,[],[],,,,,0,light,2019-09-27 18:00:00+00:00,,UNKNOWN,,,,UNKNOWN,UNKNOWN,,UNKNOWN,,1.0,1.0,7.0,0.0,0.0,1.6444444444444446,9.0,1.0,9.0,0.0,0.0,7.0,,,,0.0,0.0,9.0,0.0,0.0,1.2000000000000002,1.0,0.0,0.0,0.0,0.0,1.0,,,,True,True,UNKNOWN,False,False,,,,,,,,,,NPB,2019-09-27 18:00:00,1,,,0,
2019092702,2019-09-27 18:00:00,読売ジャイアンツ,横浜DeNAベイスターズ,6.0,4.0,UNKNOWN,東京ドーム,regular,high,True,True,1700062,1200005,[],[],,,,,0,light,2019-09-27 18:00:00+00:00,,UNKNOWN,,,,UNKNOWN,UNKNOWN,,UNKNOWN,,0.0,0.5,13.5,4.5,0.0,1.7000000000000002,2.0,0.0,0.0,0.0,1.0,3.0,,,,0.0,1.0,18.0,0.0,0.0,-0.7999999999999998,1.0,0.0,1.0,0.0,0.0,2.0,,,,True,True,UNKNOWN,False,False,2019-09-27 09:00:00+00:00,,UNKNOWN,Open-Meteo Historical Forecast,FAIL_CLOSED_NO_ISSUANCE_TIMESTAMP,24.4,64.0,0.0,4.8,NPB,2019-09-27 18:00:00,1,,,0,
2019092703,2019-09-27 18:00:00,広島東洋カープ,中日ドラゴンズ,1.0,4.0,UNKNOWN,ＭＡＺＤＡ　Ｚｏｏｍ－Ｚｏｏｍ　スタジアム広島,excluded,high,False,False,1500074,1500007,[],[],,,,,0,light,2019-09-27 18:00:00+00:00,,UNKNOWN,,,,UNKNOWN,UNKNOWN,,UNKNOWN,,1.5,1.0,4.5,0.0,0.0,2.2,6.0,1.0,6.0,0.0,0.0,3.0,,,,5.3999999999999995,1.5,6.75,2.6999999999999997,1.3499999999999999,4.55,6.666666666666667,4.0,8.0,1.0,2.0,5.0,,,,True,True,UNKNOWN,False,False,,,,,,,,,,NPB,2019-09-27 18:00:00,1,,,0,
2019092803,2019-09-28 14:00:00,横浜DeNAベイスターズ,阪神タイガース,0.0,7.0,UNKNOWN,横浜スタジアム,climax,high,False,True,900062,1500061,[],[],,,,,0,light,2019-09-28 14:00:00+00:00,,UNKNOWN,,,,UNKNOWN,UNKNOWN,,UNKNOWN,,0.0,1.0,5.4,1.8,0.0,2.6,5.0,0.0,4.0,0.0,1.0,3.0,,,,7.363636363636364,1.3636363636363638,8.590909090909092,3.681818181818182,0.0,2.5181818181818185,7.333333333333333,6.0,7.0,0.0,3.0,7.0,,,,True,True,UNKNOWN,False,False,,,,,,,,,,NPB,2019-09-28 14:00:00,1,,,0,
2019092801,2019-09-28 18:00:00,オリックス・バファローズ,福岡ソフトバンクホークス,3.0,3.0,UNKNOWN,京セラドーム大阪,climax,high,False,True,900121,1800100,[],[],,,,,0,light,2019-09-28 18:00:00+00:00,,UNKNOWN,,,,UNKNOWN,UNKNOWN,,UNKNOWN,,4.5,1.3333333333333333,9.0,1.5,1.5,3.8666666666666667,6.0,3.0,7.0,1.0,1.0,6.0,,,,3.1153846153846154,1.3846153846153848,6.230769230769231,2.076923076923077,0.0,2.5076923076923077,8.666666666666666,3.0,10.0,0.0,2.0,6.0,,,,True,True,UNKNOWN,False,False,,,,,,,,,,NPB,2019-09-28 18:00:00,1,,,0,
2019092802,2019-09-28 18:00:00,東京ヤクルトスワローズ,読売ジャイアンツ,2.0,1.0,UNKNOWN,明治神宮野球場,unknown,low,False,False,600008,1200076,[],[],,,,,0,light,2019-09-28 18:00:00+00:00,,UNKNOWN,,,,UNKNOWN,UNKNOWN,,UNKNOWN,,1.2857142857142858,0.5714285714285714,9.0,3.857142857142857,0.0,2.4857142857142858,7.0,1.0,1.0,0.0,3.0,7.0,,,,0.0,1.0,9.0,1.8,0.0,1.8000000000000003,5.0,0.0,4.0,0.0,1.0,5.0,,,,True,True,UNKNOWN,False,False,,,,,,,,,,NPB,2019-09-28 18:00:00,1,,,0,
2019092902,2019-09-29 14:00:00,阪神タイガース,中日ドラゴンズ,6.0,3.0,UNKNOWN,阪神甲子園球場,unknown,low,False,False,1600106,500502,[],[],,,,,0,light,2019-09-29 14:00:00+00:00,,UNKNOWN,,,,UNKNOWN,UNKNOWN,,UNKNOWN,,6.75,1.5,8.4375,5.0625,1.6875,5.45,5.333333333333333,4.0,5.0,1.0,3.0,5.0,,,,0.0,0.0,27.0,0.0,0.0,-2.8,0.3333333333333333,0.0,0.0,0.0,0.0,1.0,,,,True,True,UNKNOWN,False,False,,,,,,,,,,NPB,2019-09-29 14:00:00,1,,,0,
2019092901,2019-09-29 15:00:00,オリックス・バファローズ,福岡ソフトバンクホークス,5.0,1.0,UNKNOWN,京セラドーム大阪,climax,high,False,True,1700130,1600153,[],[],,,,,0,light,2019-09-29 15:00:00+00:00,,UNKNOWN,,,,UNKNOWN,UNKNOWN,,UNKNOWN,,6.0,1.1666666666666667,0.0,3.0,0.0,4.2,6.0,4.0,5.0,0.0,2.0,0.0,,,,1.5,1.0,4.5,4.5,1.5,5.866666666666667,6.0,1.0,3.0,1.0,3.0,3.0,,,,True,True,UNKNOWN,False,False,,,,,,,,,,NPB,2019-09-29 15:00:00,1,,,0,
2019093001,2019-09-30 18:00:00,阪神タイガース,中日ドラゴンズ,3.0,0.0,UNKNOWN,阪神甲子園球場,climax,high,False,True,1000138,1500090,[],[],,,,,0,light,2019-09-30 18:00:00+00:00,,UNKNOWN,,,,UNKNOWN,UNKNOWN,,UNKNOWN,,0.0,0.0,10.799999999999999,0.0,0.0,0.8000000000000003,3.3333333333333335,0.0,0.0,0.0,0.0,4.0,,,,0.0,0.8,9.0,3.6,0.0,2.4000000000000004,5.0,0.0,2.0,0.0,2.0,5.0,,,,True,True,UNKNOWN,False,False,,,,,,,,,,NPB,2019-09-30 18:00:00,1,,,0,
2019100501,2019-10-05 13:00:00,東北楽天ゴールデンイーグルス,福岡ソフトバンクホークス,3.0,6.0,UNKNOWN,KIRISHIMAサンマリンスタジアム宮崎,excluded,high,False,False,900100,1600092,[],[],,,,,0,light,2019-10-05 13:00:00+00:00,,UNKNOWN,,,,UNKNOWN,UNKNOWN,,UNKNOWN,,,,,,,,,,,,,,,,,,,,,,,,,,,,,,,,False,False,UNKNOWN,False,False,,,,,,,,,,NPB,2019-10-05 13:00:00,1,,,0,
2019100503,2019-10-05 13:00:00,福岡ソフトバンクホークス,東北楽天ゴールデンイーグルス,3.0,5.0,UNKNOWN,福岡 ヤフオク!ドーム,climax,high,False,True,1200117,1000174,[],[],,,,,0,light,2019-10-05 13:00:00+00:00,,UNKNOWN,,,,UNKNOWN,UNKNOWN,,UNKNOWN,,4.5,0.8333333333333334,13.5,0.0,3.0,4.533333333333333,6.0,3.0,5.0,2.0,0.0,9.0,,,,5.142857142857143,1.5714285714285714,9.0,5.142857142857143,5.142857142857143,10.342857142857143,7.0,4.0,7.0,4.0,4.0,7.0,,,,True,True,UNKNOWN,False,False,,,,,,,,,,NPB,2019-10-05 13:00:00,1,,,0,
2019100502,2019-10-05 14:00:00,横浜DeNAベイスターズ,阪神タイガース,7.0,8.0,UNKNOWN,横浜スタジアム,climax,high,False,True,900062,1400110,[],[],,,,,0,light,2019-10-05 14:00:00+00:00,,UNKNOWN,,,,UNKNOWN,UNKNOWN,,UNKNOWN,,,,,,,,,,,,,,,,,2.25,1.25,9.0,4.5,0.0,2.7,4.0,1.0,3.0,0.0,2.0,4.0,,,,False,True,UNKNOWN,False,False,,,,,,,,,,NPB,2019-10-05 14:00:00,1,,,0,
2019100602,2019-10-06 13:00:00,福岡ソフトバンクホークス,東北楽天ゴールデンイーグルス,6.0,4.0,UNKNOWN,福岡 ヤフオク!ドーム,climax,high,False,True,1000155,900121,[],[],,,,,0,light,2019-10-06 13:00:00+00:00,,UNKNOWN,,,,UNKNOWN,UNKNOWN,,UNKNOWN,,11.25,1.5,9.0,2.25,6.75,11.7,4.0,5.0,5.0,3.0,1.0,4.0,,,,9.818181818181818,3.0,9.818181818181818,12.272727272727273,2.4545454545454546,8.654545454545456,3.6666666666666665,4.0,6.0,1.0,5.0,4.0,,,,True,True,UNKNOWN,False,False,,,,,,,,,,NPB,2019-10-06 13:00:00,1,,,0,
2019100601,2019-10-06 14:00:00,横浜DeNAベイスターズ,阪神タイガース,6.0,4.0,UNKNOWN,横浜スタジアム,unknown,low,False,False,1500090,1600081,[],[],,,,,0,light,2019-10-06 14:00:00+00:00,,UNKNOWN,,,,UNKNOWN,UNKNOWN,,UNKNOWN,,6.75,2.25,13.5,6.75,4.5,8.95,4.0,3.0,6.0,2.0,3.0,6.0,,,,1.9285714285714284,1.5,15.428571428571427,5.785714285714286,0.0,1.7000000000000002,4.666666666666667,1.0,4.0,0.0,3.0,8.0,,,,True,True,UNKNOWN,False,False,,,,,,,,,,NPB,2019-10-06 14:00:00,1,,,0,
2019100701,2019-10-07 18:00:00,横浜DeNAベイスターズ,阪神タイガース,1.0,2.0,UNKNOWN,横浜スタジアム,unknown,low,False,False,1700078,1300031,[],[],,,,,0,light,2019-10-07 18:00:00+00:00,,UNKNOWN,,,,UNKNOWN,UNKNOWN,,UNKNOWN,,0.0,0.3333333333333333,3.0,0.0,0.0,2.5333333333333337,3.0,0.0,1.0,0.0,0.0,1.0,,,,0.0,1.090909090909091,7.363636363636364,0.0,0.0,1.5636363636363637,3.6666666666666665,0.0,4.0,0.0,0.0,3.0,,,,True,True,UNKNOWN,False,False,,,,,,,,,,NPB,2019-10-07 18:00:00,1,,,0,
2019100702,2019-10-07 18:00:00,福岡ソフトバンクホークス,東北楽天ゴールデンイーグルス,2.0,1.0,UNKNOWN,福岡 ヤフオク!ドーム,climax,high,False,True,700065,1700130,[],[],,,,,0,light,2019-10-07 18:00:00+00:00,,UNKNOWN,,,,UNKNOWN,UNKNOWN,,UNKNOWN,,1.5,1.0,9.0,3.0,0.0,2.2,6.0,1.0,4.0,0.0,2.0,6.0,,,,1.6875,0.75,6.75,3.375,1.6875,5.2625,5.333333333333333,1.0,2.0,1.0,2.0,4.0,,,,True,True,UNKNOWN,False,False,,,,,,,,,,NPB,2019-10-07 18:00:00,1,,,0,
2019100901,2019-10-09 18:00:00,読売ジャイアンツ,阪神タイガース,5.0,2.0,UNKNOWN,東京ドーム,japan_series,high,False,True,1500089,600008,[],[],,,,,0,light,2019-10-09 18:00:00+00:00,,UNKNOWN,,,,UNKNOWN,UNKNOWN,,UNKNOWN,,22.5,4.0,4.5,13.5,9.0,19.7,2.0,5.0,5.0,2.0,3.0,1.0,,,,1.2272727272727273,0.9545454545454546,8.590909090909092,3.681818181818182,0.0,2.5181818181818185,7.333333333333333,1.0,4.0,0.0,3.0,7.0,,,,True,True,UNKNOWN,False,False,2019-10-09 09:00:00+00:00,,UNKNOWN,Open-Meteo Historical Forecast,FAIL_CLOSED_NO_ISSUANCE_TIMESTAMP,21.6,43.0,0.0,6.0,NPB,2019-10-09 18:00:00,1,,,0,
2019100902,2019-10-09 18:00:00,埼玉西武ライオンズ,福岡ソフトバンクホークス,4.0,8.0,UNKNOWN,メットライフドーム,unknown,low,False,False,20204,1800022,[],[],,,,,0,light,2019-10-09 18:00:00+00:00,,UNKNOWN,,,,UNKNOWN,UNKNOWN,,UNKNOWN,,6.75,1.75,4.5,6.75,0.0,4.45,4.0,3.0,4.0,0.0,3.0,2.0,,,,4.5,1.0,4.5,1.5,1.5,4.866666666666667,6.0,3.0,5.0,1.0,1.0,3.0,,,,True,True,UNKNOWN,False,False,,,,,,,,,,NPB,2019-10-09 18:00:00,1,,,0,
2019101001,2019-10-10 18:00:00,読売ジャイアンツ,阪神タイガース,6.0,0.0,UNKNOWN,東京ドーム,japan_series,high,False,True,1700078,1700002,[],[],,,,,0,light,2019-10-10 18:00:00+00:00,,UNKNOWN,,,,UNKNOWN,UNKNOWN,,UNKNOWN,,4.5,1.5,4.5,4.5,0.0,3.7,2.0,1.0,2.0,0.0,1.0,1.0,,,,0.0,0.42857142857142855,7.714285714285714,0.0,0.0,1.485714285714286,7.0,0.0,3.0,0.0,0.0,6.0,,,,True,True,UNKNOWN,False,False,2019-10-10 09:00:00+00:00,,UNKNOWN,Open-Meteo Historical Forecast,FAIL_CLOSED_NO_ISSUANCE_TIMESTAMP,22.0,52.0,0.0,6.6,NPB,2019-10-10 18:00:00,1,,,0,
2019101002,2019-10-10 18:00:00,埼玉西武ライオンズ,福岡ソフトバンクホークス,6.0,8.0,UNKNOWN,メットライフドーム,japan_series,high,False,True,1100115,1600127,[],[],,,,,0,light,2019-10-10 18:00:00+00:00,,UNKNOWN,,,,UNKNOWN,UNKNOWN,,UNKNOWN,,6.75,1.5,6.75,4.5,2.25,6.45,4.0,3.0,4.0,1.0,2.0,3.0,,,,20.25,3.75,0.0,10.125,3.375,11.45,2.6666666666666665,6.0,7.0,1.0,3.0,0.0,,,,True,True,UNKNOWN,False,False,,,,,,,,,,NPB,2019-10-10 18:00:00,1,,,0,
2019101101,2019-10-11 18:00:00,読売ジャイアンツ,阪神タイガース,6.0,7.0,UNKNOWN,東京ドーム,japan_series,high,False,True,1500090,1800028,[],[],,,,,0,light,2019-10-11 18:00:00+00:00,,UNKNOWN,,,,UNKNOWN,UNKNOWN,,UNKNOWN,,7.7142857142857135,1.7142857142857142,0.0,7.7142857142857135,0.0,5.771428571428571,2.3333333333333335,2.0,2.0,0.0,2.0,0.0,,,,3.0,1.6666666666666667,3.0,6.0,3.0,8.866666666666667,3.0,1.0,3.0,1.0,2.0,1.0,,,,True,True,UNKNOWN,False,False,2019-10-11 09:00:00+00:00,,UNKNOWN,Open-Meteo Historical Forecast,FAIL_CLOSED_NO_ISSUANCE_TIMESTAMP,20.6,95.0,0.1,6.5,NPB,2019-10-11 18:00:00,1,,,0,
2019101102,2019-10-11 18:00:00,埼玉西武ライオンズ,福岡ソフトバンクホークス,0.0,7.0,UNKNOWN,メットライフドーム,regular,high,True,True,1000174,1100089,[],[],,,,,0,light,2019-10-11 18:00:00+00:00,,UNKNOWN,,,,UNKNOWN,UNKNOWN,,UNKNOWN,,0.0,0.625,11.25,3.375,0.0,1.8250000000000002,8.0,0.0,2.0,0.0,3.0,10.0,,,,11.25,2.25,11.25,2.25,2.25,4.7,4.0,5.0,8.0,1.0,1.0,5.0,,,,True,True,UNKNOWN,False,False,,,,,,,,,,NPB,2019-10-11 18:00:00,1,,,0,
2019101302,2019-10-13 14:00:00,埼玉西武ライオンズ,福岡ソフトバンクホークス,3.0,9.0,UNKNOWN,メットライフドーム,climax,high,False,True,900121,1500104,[],[],,,,,0,light,2019-10-13 14:00:00+00:00,,UNKNOWN,,,,UNKNOWN,UNKNOWN,,UNKNOWN,,4.153846153846154,1.3846153846153848,4.153846153846154,0.0,2.076923076923077,5.276923076923078,4.333333333333333,2.0,6.0,1.0,0.0,2.0,,,,9.0,2.0,3.0,0.0,6.0,11.2,3.0,3.0,6.0,2.0,0.0,1.0,,,,True,True,UNKNOWN,False,False,,,,,,,,,,NPB,2019-10-13 14:00:00,1,,,0,
2019101301,2019-10-13 15:30:00,読売ジャイアンツ,阪神タイガース,4.0,1.0,UNKNOWN,東京ドーム,japan_series,high,False,True,900062,1800023,[],[],,,,,0,light,2019-10-13 15:30:00+00:00,,UNKNOWN,,,,UNKNOWN,UNKNOWN,,UNKNOWN,,3.0,1.0,6.0,0.0,1.5,4.033333333333333,6.0,2.0,6.0,1.0,0.0,4.0,,,,1.8,1.2,9.0,7.2,0.0,3.6,5.0,1.0,2.0,0.0,4.0,5.0,,,,True,True,UNKNOWN,False,False,2019-10-13 06:00:00+00:00,,UNKNOWN,Open-Meteo Historical Forecast,FAIL_CLOSED_NO_ISSUANCE_TIMESTAMP,26.1,41.0,0.0,11.7,NPB,2019-10-13 15:30:00,1,,,0,
2019101901,2019-10-19 18:30:00,福岡ソフトバンクホークス,読売ジャイアンツ,7.0,2.0,UNKNOWN,福岡 ヤフオク!ドーム,japan_series,high,False,True,600008,1000174,[],[],,,,,0,light,2019-10-19 18:30:00+00:00,,UNKNOWN,,,,UNKNOWN,UNKNOWN,,UNKNOWN,,4.5,1.0,12.0,1.5,1.5,3.2,6.0,3.0,5.0,1.0,1.0,8.0,,,,1.2857142857142858,0.8571428571428571,6.428571428571429,3.857142857142857,1.2857142857142858,4.914285714285715,7.0,1.0,3.0,1.0,3.0,5.0,,,,True,True,UNKNOWN,False,False,,,,,,,,,,NPB,2019-10-19 18:30:00,1,,,0,
2019102001,2019-10-20 18:30:00,福岡ソフトバンクホークス,読売ジャイアンツ,6.0,3.0,UNKNOWN,福岡 ヤフオク!ドーム,japan_series,high,False,True,1700002,1700130,[],[],,,,,0,light,2019-10-20 18:30:00+00:00,,UNKNOWN,,,,UNKNOWN,UNKNOWN,,UNKNOWN,,0.0,0.5,4.5,3.0,0.0,3.2,6.0,0.0,1.0,0.0,2.0,3.0,,,,0.0,0.2857142857142857,6.428571428571429,1.2857142857142858,0.0,2.2,7.0,0.0,1.0,0.0,1.0,5.0,,,,True,True,UNKNOWN,False,False,,,,,,,,,,NPB,2019-10-20 18:30:00,1,,,0,
2019102201,2019-10-22 18:15:00,読売ジャイアンツ,福岡ソフトバンクホークス,2.0,6.0,UNKNOWN,東京ドーム,japan_series,high,False,True,900121,1800023,[],[],,,,,0,light,2019-10-22 18:15:00+00:00,,UNKNOWN,,,,UNKNOWN,UNKNOWN,,UNKNOWN,,4.5,1.5,13.5,4.5,4.5,8.2,4.0,2.0,4.0,2.0,2.0,6.0,,,,6.75,1.875,6.75,6.75,3.375,8.825,2.6666666666666665,2.0,3.0,1.0,2.0,2.0,,,,True,True,UNKNOWN,False,False,2019-10-22 09:00:00+00:00,,UNKNOWN,Open-Meteo Historical Forecast,FAIL_CLOSED_NO_ISSUANCE_TIMESTAMP,15.7,71.0,0.0,11.7,NPB,2019-10-22 18:15:00,1,,,0,
2019102301,2019-10-23 18:15:00,読売ジャイアンツ,福岡ソフトバンクホークス,3.0,4.0,UNKNOWN,東京ドーム,climax,high,False,True,20204,1200041,[],[],,,,,0,light,2019-10-23 18:15:00+00:00,,UNKNOWN,,,,UNKNOWN,UNKNOWN,,UNKNOWN,,0.0,0.6,10.8,3.6,0.0,2.0,5.0,0.0,1.0,0.0,2.0,6.0,,,,4.2631578947368425,0.9473684210526316,11.368421052631579,0.0,1.4210526315789473,2.7263157894736842,6.333333333333333,3.0,6.0,1.0,0.0,8.0,,,,True,True,UNKNOWN,False,False,2019-10-23 09:00:00+00:00,,UNKNOWN,Open-Meteo Historical Forecast,FAIL_CLOSED_NO_ISSUANCE_TIMESTAMP,20.9,56.0,0.0,8.4,NPB,2019-10-23 18:15:00,1,,,0,
