game_id,datetime,home,away,home_score,away_score,game_type,venue,npb_game_category,npb_type_confidence,npb_training_default,npb_evaluation_default,home_starter,away_starter,home_lineup_json,away_lineup_json,home_pregame_starter,away_pregame_starter,home_pregame_lineup_json,away_pregame_lineup_json,player_rows_count,enrichment_mode,prediction_time_utc,starter_available_at,starter_state,starter_source,home_lineup_available_at,away_lineup_available_at,home_lineup_state,away_lineup_state,lineup_available_at,lineup_state,lineup_source,home_starter_era,home_starter_whip,home_starter_k9,home_starter_bb9,home_starter_hr9,home_starter_fip,home_starter_ip,home_starter_er,home_starter_h,home_starter_hr,home_starter_bb,home_starter_so,home_starter_pitches,home_starter_k_rate,home_starter_bb_rate,away_starter_era,away_starter_whip,away_starter_k9,away_starter_bb9,away_starter_hr9,away_starter_fip,away_starter_ip,away_starter_er,away_starter_h,away_starter_hr,away_starter_bb,away_starter_so,away_starter_pitches,away_starter_k_rate,away_starter_bb_rate,home_starter_line_ok,away_starter_line_ok,pregame_context_quality,pregame_starter_verified,pregame_lineup_verified,weather_valid_time_utc,weather_available_at,weather_state,weather_source,weather_pit_quality,weather_temp_c,weather_humidity_pct,weather_precip_mm,weather_wind_kmh,league,date,inning,half,event,addedRuns,pitcher
2020030105,2020-03-01 12:30:00,埼玉西武ライオンズ,横浜DeNAベイスターズ,3.0,1.0,UNKNOWN,長崎県営野球場,excluded,high,False,False,1900031,1800080,[],[],,,,,0,light,2020-03-01 12:30:00+00:00,,UNKNOWN,,,,UNKNOWN,UNKNOWN,,UNKNOWN,,9.0,1.6666666666666667,6.0,0.0,0.0,1.866666666666667,3.0,3.0,5.0,0.0,0.0,2.0,,,,0.0,0.6,9.0,0.0,0.0,1.2000000000000002,5.0,0.0,3.0,0.0,0.0,5.0,,,,True,True,UNKNOWN,False,False,,,,,,,,,,NPB,2020-03-01 12:30:00,1,,,0,
2020030101,2020-03-01 13:00:00,北海道日本ハムファイターズ,オリックス・バファローズ,7.0,3.0,UNKNOWN,札幌ドーム,unknown,low,False,False,1800100,1800002,[],[],,,,,0,light,2020-03-01 13:00:00+00:00,,UNKNOWN,,,,UNKNOWN,UNKNOWN,,UNKNOWN,,4.5,1.0,4.5,2.25,2.25,6.2,4.0,2.0,3.0,1.0,1.0,2.0,,,,2.25,1.75,4.5,4.5,0.0,3.7,4.0,1.0,5.0,0.0,2.0,2.0,,,,True,True,UNKNOWN,False,False,,,,,,,,,,NPB,2020-03-01 13:00:00,1,,,0,
2020030103,2020-03-01 13:00:00,千葉ロッテマリーンズ,東北楽天ゴールデンイーグルス,3.0,2.0,UNKNOWN,ZOZOマリンスタジアム,unknown,low,False,False,500014,900081,[],[],,,,,0,light,2020-03-01 13:00:00+00:00,,UNKNOWN,,,,UNKNOWN,UNKNOWN,,UNKNOWN,,2.25,1.0,13.5,4.5,0.0,1.7000000000000002,4.0,1.0,2.0,0.0,2.0,6.0,,,,0.0,0.3333333333333333,12.0,0.0,0.0,0.5333333333333337,3.0,0.0,1.0,0.0,0.0,4.0,,,,True,True,UNKNOWN,False,False,,,,,,,,,,NPB,2020-03-01 13:00:00,1,,,0,
2020030106,2020-03-01 13:00:00,福岡ソフトバンクホークス,阪神タイガース,4.0,1.0,UNKNOWN,福岡PayPayドーム,excluded,high,False,False,1900147,1900153,[],[],,,,,0,light,2020-03-01 13:00:00+00:00,,UNKNOWN,,,,UNKNOWN,UNKNOWN,,UNKNOWN,,6.0,1.0,9.0,3.0,3.0,6.533333333333333,3.0,2.0,2.0,1.0,1.0,3.0,,,,0.0,1.0,18.0,0.0,0.0,-0.7999999999999998,1.0,0.0,1.0,0.0,0.0,2.0,,,,True,True,UNKNOWN,False,False,,,,,,,,,,NPB,2020-03-01 13:00:00,1,,,0,
2020030102,2020-03-01 14:00:00,読売ジャイアンツ,東京ヤクルトスワローズ,2.0,3.0,UNKNOWN,東京ドーム,excluded,high,False,False,1200076,1800028,[],[],,,,,0,light,2020-03-01 14:00:00+00:00,,UNKNOWN,,,,UNKNOWN,UNKNOWN,,UNKNOWN,,1.8,1.4,5.4,1.8,1.8,5.2,5.0,1.0,6.0,1.0,1.0,3.0,,,,0.0,0.6,10.8,1.8,0.0,1.4000000000000001,5.0,0.0,2.0,0.0,1.0,6.0,,,,True,True,UNKNOWN,False,False,2020-03-01 05:00:00+00:00,,UNKNOWN,Open-Meteo Historical Forecast,FAIL_CLOSED_NO_ISSUANCE_TIMESTAMP,16.8,29.0,0.0,2.5,NPB,2020-03-01 14:00:00,1,,,0,
2020030104,2020-03-01 14:00:00,中日ドラゴンズ,広島東洋カープ,2.0,8.0,UNKNOWN,ナゴヤドーム,unknown,low,False,False,1500007,1000138,[],[],,,,,0,light,2020-03-01 14:00:00+00:00,,UNKNOWN,,,,UNKNOWN,UNKNOWN,,UNKNOWN,,0.0,0.75,6.75,2.25,0.0,2.45,4.0,0.0,2.0,0.0,1.0,3.0,,,,4.5,1.5,4.5,0.0,0.0,2.2,2.0,1.0,3.0,0.0,0.0,1.0,,,,True,True,UNKNOWN,False,False,,,,,,,,,,NPB,2020-03-01 14:00:00,1,,,0,
2020030302,2020-03-03 13:00:00,東北楽天ゴールデンイーグルス,横浜DeNAベイスターズ,4.0,2.0,UNKNOWN,草薙総合運動場野球場,excluded,high,False,False,1900125,700065,[],[],,,,,0,light,2020-03-03 13:00:00+00:00,,UNKNOWN,,,,UNKNOWN,UNKNOWN,,UNKNOWN,,9.0,2.3333333333333335,0.0,3.0,3.0,8.533333333333333,3.0,3.0,6.0,1.0,1.0,0.0,,,,4.5,1.25,6.75,2.25,0.0,2.45,4.0,2.0,4.0,0.0,1.0,3.0,,,,True,True,UNKNOWN,False,False,,,,,,,,,,NPB,2020-03-03 13:00:00,1,,,0,
2020030303,2020-03-03 13:00:00,中日ドラゴンズ,埼玉西武ライオンズ,0.0,6.0,UNKNOWN,ナゴヤ球場,excluded,high,False,False,1400182,600078,[],[],,,,,0,light,2020-03-03 13:00:00+00:00,,UNKNOWN,,,,UNKNOWN,UNKNOWN,,UNKNOWN,,0.0,0.2,10.8,0.0,0.0,0.8000000000000003,5.0,0.0,1.0,0.0,0.0,6.0,,,,4.5,1.75,6.75,2.25,2.25,5.7,4.0,2.0,6.0,1.0,1.0,3.0,,,,True,True,UNKNOWN,False,False,,,,,,,,,,NPB,2020-03-03 13:00:00,1,,,0,
2020030305,2020-03-03 13:00:00,福岡ソフトバンクホークス,東京ヤクルトスワローズ,0.0,2.0,UNKNOWN,福岡PayPayドーム,excluded,high,False,False,1300045,900121,[],[],,,,,0,light,2020-03-03 13:00:00+00:00,,UNKNOWN,,,,UNKNOWN,UNKNOWN,,UNKNOWN,,0.0,0.6,5.4,0.0,0.0,2.0,5.0,0.0,3.0,0.0,0.0,3.0,,,,0.0,1.090909090909091,12.272727272727273,2.4545454545454546,0.0,1.290909090909091,3.6666666666666665,0.0,3.0,0.0,1.0,5.0,,,,True,True,UNKNOWN,False,False,,,,,,,,,,NPB,2020-03-03 13:00:00,1,,,0,
2020030301,2020-03-03 18:00:00,北海道日本ハムファイターズ,読売ジャイアンツ,3.0,0.0,UNKNOWN,札幌ドーム,excluded,high,False,False,1800023,1900070,[],[],,,,,0,light,2020-03-03 18:00:00+00:00,,UNKNOWN,,,,UNKNOWN,UNKNOWN,,UNKNOWN,,0.0,0.0,4.5,0.0,0.0,2.2,2.0,0.0,0.0,0.0,0.0,1.0,,,,0.0,0.75,9.0,4.5,0.0,2.7,4.0,0.0,1.0,0.0,2.0,4.0,,,,True,True,UNKNOWN,False,False,,,,,,,,,,NPB,2020-03-03 18:00:00,1,,,0,
2020030304,2020-03-03 18:00:00,オリックス・バファローズ,千葉ロッテマリーンズ,6.0,2.0,UNKNOWN,京セラドーム大阪,excluded,high,False,False,1300050,1600153,[],[],,,,,0,light,2020-03-03 18:00:00+00:00,,UNKNOWN,,,,UNKNOWN,UNKNOWN,,UNKNOWN,,6.75,1.75,4.5,2.25,2.25,6.2,4.0,3.0,6.0,1.0,1.0,2.0,,,,3.6,0.8,10.8,0.0,0.0,0.8000000000000003,5.0,2.0,4.0,0.0,0.0,6.0,,,,True,True,UNKNOWN,False,False,,,,,,,,,,NPB,2020-03-03 18:00:00,1,,,0,
2020030402,2020-03-04 11:00:00,東北楽天ゴールデンイーグルス,横浜DeNAベイスターズ,9.0,2.0,UNKNOWN,草薙総合運動場野球場,unknown,low,False,False,1600081,900090,[],[],,,,,0,light,2020-03-04 11:00:00+00:00,,UNKNOWN,,,,UNKNOWN,UNKNOWN,,UNKNOWN,,5.4,1.8,3.6,1.8,0.0,3.0,5.0,3.0,8.0,0.0,1.0,2.0,,,,3.6,1.0,5.4,0.0,0.0,2.0,5.0,2.0,5.0,0.0,0.0,3.0,,,,True,True,UNKNOWN,False,False,,,,,,,,,,NPB,2020-03-04 11:00:00,1,,,0,
2020030403,2020-03-04 13:00:00,中日ドラゴンズ,埼玉西武ライオンズ,6.0,1.0,UNKNOWN,ナゴヤ球場,unknown,low,False,False,1600127,1600106,[],[],,,,,0,light,2020-03-04 13:00:00+00:00,,UNKNOWN,,,,UNKNOWN,UNKNOWN,,UNKNOWN,,,,,,,,,,,,,,,,,,,,,,,,,,,,,,,,False,False,UNKNOWN,False,False,,,,,,,,,,NPB,2020-03-04 13:00:00,1,,,0,
2020030405,2020-03-04 14:00:00,オリックス・バファローズ,千葉ロッテマリーンズ,6.0,6.0,UNKNOWN,京セラドーム大阪,excluded,high,False,False,1400190,1300108,[],[],,,,,0,light,2020-03-04 14:00:00+00:00,,UNKNOWN,,,,UNKNOWN,UNKNOWN,,UNKNOWN,,9.0,2.0,5.4,1.8,1.8,5.2,5.0,5.0,9.0,1.0,1.0,3.0,,,,0.0,1.6666666666666667,0.0,6.0,0.0,5.2,3.0,0.0,3.0,0.0,2.0,0.0,,,,True,True,UNKNOWN,False,False,,,,,,,,,,NPB,2020-03-04 14:00:00,1,,,0,
2020030401,2020-03-04 18:00:00,北海道日本ハムファイターズ,読売ジャイアンツ,7.0,7.0,UNKNOWN,札幌ドーム,excluded,high,False,False,1300029,1900129,[],[],,,,,0,light,2020-03-04 18:00:00+00:00,,UNKNOWN,,,,UNKNOWN,UNKNOWN,,UNKNOWN,,3.6,1.2,5.4,3.6,0.0,3.2,5.0,2.0,4.0,0.0,2.0,3.0,,,,7.7142857142857135,1.2857142857142856,3.8571428571428568,3.8571428571428568,1.9285714285714284,6.414285714285715,4.666666666666667,4.0,4.0,1.0,2.0,2.0,,,,True,True,UNKNOWN,False,False,,,,,,,,,,NPB,2020-03-04 18:00:00,1,,,0,
2020030406,2020-03-04 18:00:00,福岡ソフトバンクホークス,東京ヤクルトスワローズ,8.0,1.0,UNKNOWN,福岡PayPayドーム,excluded,high,False,False,1900025,20204,[],[],,,,,0,light,2020-03-04 18:00:00+00:00,,UNKNOWN,,,,UNKNOWN,UNKNOWN,,UNKNOWN,,13.5,2.625,3.375,6.75,3.375,9.575,2.6666666666666665,4.0,5.0,1.0,2.0,1.0,,,,2.25,1.0,11.25,2.25,2.25,4.7,4.0,1.0,3.0,1.0,1.0,5.0,,,,True,True,UNKNOWN,False,False,,,,,,,,,,NPB,2020-03-04 18:00:00,1,,,0,
2020030501,2020-03-05 13:00:00,東北楽天ゴールデンイーグルス,横浜DeNAベイスターズ,4.0,0.0,UNKNOWN,草薙総合運動場野球場,excluded,high,False,False,1500061,1600005,[],[],,,,,0,light,2020-03-05 13:00:00+00:00,,UNKNOWN,,,,UNKNOWN,UNKNOWN,,UNKNOWN,,5.4,1.6,12.6,1.8,0.0,1.0,5.0,3.0,7.0,0.0,1.0,7.0,,,,0.0,0.6,3.6,1.8,0.0,3.0,5.0,0.0,2.0,0.0,1.0,2.0,,,,True,True,UNKNOWN,False,False,,,,,,,,,,NPB,2020-03-05 13:00:00,1,,,0,
2020030503,2020-03-05 18:00:00,福岡ソフトバンクホークス,東京ヤクルトスワローズ,5.0,3.0,UNKNOWN,福岡PayPayドーム,excluded,high,False,False,1900137,1300080,[],[],,,,,0,light,2020-03-05 18:00:00+00:00,,UNKNOWN,,,,UNKNOWN,UNKNOWN,,UNKNOWN,,2.25,1.25,4.5,4.5,2.25,6.95,4.0,1.0,3.0,1.0,2.0,2.0,,,,2.25,1.0,11.25,4.5,0.0,2.2,4.0,1.0,2.0,0.0,2.0,5.0,,,,True,True,UNKNOWN,False,False,,,,,,,,,,NPB,2020-03-05 18:00:00,1,,,0,
2020030601,2020-03-06 13:00:00,東北楽天ゴールデンイーグルス,中日ドラゴンズ,3.0,1.0,UNKNOWN,草薙総合運動場野球場,excluded,high,False,False,1500074,1200117,[],[],,,,,0,light,2020-03-06 13:00:00+00:00,,UNKNOWN,,,,UNKNOWN,UNKNOWN,,UNKNOWN,,5.4,2.2,3.6,7.2,0.0,4.800000000000001,5.0,3.0,7.0,0.0,4.0,2.0,,,,1.8,0.4,7.2,0.0,0.0,1.6,5.0,1.0,2.0,0.0,0.0,4.0,,,,True,True,UNKNOWN,False,False,,,,,,,,,,NPB,2020-03-06 13:00:00,1,,,0,
2020030602,2020-03-06 13:00:00,阪神タイガース,北海道日本ハムファイターズ,3.0,0.0,UNKNOWN,阪神甲子園球場,excluded,high,False,False,1400117,900062,[],[],,,,,0,light,2020-03-06 13:00:00+00:00,,UNKNOWN,,,,UNKNOWN,UNKNOWN,,UNKNOWN,,4.153846153846154,0.46153846153846156,8.307692307692308,0.0,0.0,1.353846153846154,4.333333333333333,2.0,2.0,0.0,0.0,4.0,,,,0.0,1.8,5.4,1.8,0.0,2.6,5.0,0.0,8.0,0.0,1.0,3.0,,,,True,True,UNKNOWN,False,False,,,,,,,,,,NPB,2020-03-06 13:00:00,1,,,0,
2020030604,2020-03-06 13:00:00,広島東洋カープ,埼玉西武ライオンズ,2.0,1.0,UNKNOWN,MAZDA Zoom-Zoom スタジアム広島,excluded,high,False,False,1800022,1300057,[],[],,,,,0,light,2020-03-06 13:00:00+00:00,,UNKNOWN,,,,UNKNOWN,UNKNOWN,,UNKNOWN,,4.153846153846154,1.8461538461538463,4.153846153846154,6.230769230769231,0.0,4.353846153846154,4.333333333333333,2.0,5.0,0.0,3.0,2.0,,,,0.0,0.6,5.4,0.0,0.0,2.0,5.0,0.0,3.0,0.0,0.0,3.0,,,,True,True,UNKNOWN,False,False,,,,,,,,,,NPB,2020-03-06 13:00:00,1,,,0,
2020030603,2020-03-06 18:00:00,オリックス・バファローズ,読売ジャイアンツ,1.0,0.0,UNKNOWN,京セラドーム大阪,unknown,low,False,False,1200041,1600150,[],[],,,,,0,light,2020-03-06 18:00:00+00:00,,UNKNOWN,,,,UNKNOWN,UNKNOWN,,UNKNOWN,,1.5,1.8333333333333333,6.0,3.0,1.5,5.033333333333333,6.0,1.0,9.0,1.0,2.0,4.0,,,,0.0,0.42857142857142855,10.285714285714286,0.0,0.0,0.9142857142857146,7.0,0.0,3.0,0.0,0.0,8.0,,,,True,True,UNKNOWN,False,False,,,,,,,,,,NPB,2020-03-06 18:00:00,1,,,0,
2020030701,2020-03-07 13:00:00,東京ヤクルトスワローズ,千葉ロッテマリーンズ,3.0,8.0,UNKNOWN,明治神宮野球場,excluded,high,False,False,900081,12113,[],[],,,,,0,light,2020-03-07 13:00:00+00:00,,UNKNOWN,,,,UNKNOWN,UNKNOWN,,UNKNOWN,,1.8,1.4,5.4,3.6,1.8,5.800000000000001,5.0,1.0,5.0,1.0,2.0,3.0,,,,2.25,2.25,4.5,6.75,2.25,7.7,4.0,1.0,6.0,1.0,3.0,2.0,,,,True,True,UNKNOWN,False,False,,,,,,,,,,NPB,2020-03-07 13:00:00,1,,,0,
2020030702,2020-03-07 13:00:00,東北楽天ゴールデンイーグルス,中日ドラゴンズ,7.0,1.0,UNKNOWN,草薙総合運動場野球場,unknown,low,False,False,1000138,1300084,[],[],,,,,0,light,2020-03-07 13:00:00+00:00,,UNKNOWN,,,,UNKNOWN,UNKNOWN,,UNKNOWN,,15.75,2.75,2.25,6.75,4.5,11.45,4.0,7.0,8.0,2.0,3.0,1.0,,,,13.5,4.5,0.0,0.0,0.0,3.2,0.6666666666666666,1.0,3.0,0.0,0.0,0.0,,,,True,True,UNKNOWN,False,False,,,,,,,,,,NPB,2020-03-07 13:00:00,1,,,0,
2020030703,2020-03-07 13:00:00,横浜DeNAベイスターズ,福岡ソフトバンクホークス,4.0,2.0,UNKNOWN,横浜スタジアム,unknown,low,False,False,1200106,1300031,[],[],,,,,0,light,2020-03-07 13:00:00+00:00,,UNKNOWN,,,,UNKNOWN,UNKNOWN,,UNKNOWN,,1.588235294117647,0.5294117647058824,6.352941176470588,1.588235294117647,0.0,2.3176470588235296,5.666666666666667,1.0,2.0,0.0,1.0,4.0,,,,4.5,1.0,11.25,2.25,2.25,4.7,4.0,2.0,3.0,1.0,1.0,5.0,,,,True,True,UNKNOWN,False,False,,,,,,,,,,NPB,2020-03-07 13:00:00,1,,,0,
2020030704,2020-03-07 13:00:00,阪神タイガース,北海道日本ハムファイターズ,1.0,12.0,UNKNOWN,阪神甲子園球場,excluded,high,False,False,1700140,1900147,[],[],,,,,0,light,2020-03-07 13:00:00+00:00,,UNKNOWN,,,,UNKNOWN,UNKNOWN,,UNKNOWN,,0.0,1.0,9.0,2.25,0.0,1.9500000000000002,4.0,0.0,3.0,0.0,1.0,4.0,,,,15.75,2.25,13.5,2.25,2.25,4.2,4.0,7.0,8.0,1.0,1.0,6.0,,,,True,True,UNKNOWN,False,False,,,,,,,,,,NPB,2020-03-07 13:00:00,1,,,0,
2020030706,2020-03-07 13:00:00,広島東洋カープ,埼玉西武ライオンズ,5.0,11.0,UNKNOWN,MAZDA Zoom-Zoom スタジアム広島,excluded,high,False,False,1800080,1500007,[],[],,,,,0,light,2020-03-07 13:00:00+00:00,,UNKNOWN,,,,UNKNOWN,UNKNOWN,,UNKNOWN,,9.0,1.75,4.5,2.25,2.25,6.2,4.0,4.0,6.0,1.0,1.0,2.0,,,,32.400000000000006,5.4,5.4,10.8,0.0,5.6000000000000005,1.6666666666666665,6.0,7.0,0.0,2.0,1.0,,,,True,True,UNKNOWN,False,False,,,,,,,,,,NPB,2020-03-07 13:00:00,1,,,0,
2020030705,2020-03-07 14:00:00,オリックス・バファローズ,読売ジャイアンツ,4.0,4.0,UNKNOWN,京セラドーム大阪,excluded,high,False,False,1900143,1800100,[],[],,,,,0,light,2020-03-07 14:00:00+00:00,,UNKNOWN,,,,UNKNOWN,UNKNOWN,,UNKNOWN,,4.909090909090909,1.9090909090909092,7.363636363636364,7.363636363636364,0.0,4.0181818181818185,3.6666666666666665,2.0,4.0,0.0,3.0,3.0,,,,6.352941176470588,1.9411764705882353,4.764705882352941,6.352941176470588,1.588235294117647,6.552941176470588,5.666666666666667,4.0,7.0,1.0,4.0,3.0,,,,True,True,UNKNOWN,False,False,,,,,,,,,,NPB,2020-03-07 14:00:00,1,,,0,
2020030804,2020-03-08 13:00:00,阪神タイガース,読売ジャイアンツ,4.0,4.0,UNKNOWN,阪神甲子園球場,excluded,high,False,False,1900130,1500090,[],[],,,,,0,light,2020-03-08 13:00:00+00:00,,UNKNOWN,,,,UNKNOWN,UNKNOWN,,UNKNOWN,,5.4,1.6,1.8,1.8,0.0,3.4000000000000004,5.0,3.0,7.0,0.0,1.0,1.0,,,,1.8,1.2,5.4,5.4,0.0,3.8000000000000003,5.0,1.0,3.0,0.0,3.0,3.0,,,,True,True,UNKNOWN,False,False,,,,,,,,,,NPB,2020-03-08 13:00:00,1,,,0,
2020030805,2020-03-08 13:00:00,オリックス・バファローズ,北海道日本ハムファイターズ,1.0,3.0,UNKNOWN,京セラドーム大阪,excluded,high,False,False,1800002,1700109,[],[],,,,,0,light,2020-03-08 13:00:00+00:00,,UNKNOWN,,,,UNKNOWN,UNKNOWN,,UNKNOWN,,1.5,0.6666666666666666,7.5,0.0,0.0,1.5333333333333334,6.0,1.0,4.0,0.0,0.0,5.0,,,,4.5,2.25,4.5,6.75,2.25,7.7,4.0,2.0,6.0,1.0,3.0,2.0,,,,True,True,UNKNOWN,False,False,,,,,,,,,,NPB,2020-03-08 13:00:00,1,,,0,
2020030806,2020-03-08 13:00:00,広島東洋カープ,埼玉西武ライオンズ,3.0,3.0,UNKNOWN,MAZDA Zoom-Zoom スタジアム広島,excluded,high,False,False,11715,1900052,[],[],,,,,0,light,2020-03-08 13:00:00+00:00,,UNKNOWN,,,,UNKNOWN,UNKNOWN,,UNKNOWN,,6.0,2.3333333333333335,0.0,9.0,3.0,10.533333333333333,3.0,2.0,4.0,1.0,3.0,0.0,,,,0.0,0.8,14.4,1.8,0.0,0.6000000000000001,5.0,0.0,3.0,0.0,1.0,8.0,,,,True,True,UNKNOWN,False,False,,,,,,,,,,NPB,2020-03-08 13:00:00,1,,,0,
2020031001,2020-03-10 13:00:00,東京ヤクルトスワローズ,広島東洋カープ,0.0,2.0,UNKNOWN,明治神宮野球場,excluded,high,False,False,1400174,1800143,[],[],,,,,0,light,2020-03-10 13:00:00+00:00,,UNKNOWN,,,,UNKNOWN,UNKNOWN,,UNKNOWN,,0.0,0.5,0.0,0.0,0.0,3.2,2.0,0.0,1.0,0.0,0.0,0.0,,,,9.0,1.5,4.5,0.0,0.0,2.2,2.0,2.0,3.0,0.0,0.0,1.0,,,,True,True,UNKNOWN,False,False,,,,,,,,,,NPB,2020-03-10 13:00:00,1,,,0,
2020031005,2020-03-10 13:00:00,オリックス・バファローズ,中日ドラゴンズ,5.0,1.0,UNKNOWN,京セラドーム大阪,unknown,low,False,False,1900039,1600153,[],[],,,,,0,light,2020-03-10 13:00:00+00:00,,UNKNOWN,,,,UNKNOWN,UNKNOWN,,UNKNOWN,,0.0,1.0,6.75,0.0,0.0,1.7000000000000002,4.0,0.0,4.0,0.0,0.0,3.0,,,,1.5,0.8333333333333334,7.5,3.0,0.0,2.5333333333333337,6.0,1.0,3.0,0.0,2.0,5.0,,,,True,True,UNKNOWN,False,False,,,,,,,,,,NPB,2020-03-10 13:00:00,1,,,0,
2020031006,2020-03-10 13:00:00,福岡ソフトバンクホークス,読売ジャイアンツ,10.0,2.0,UNKNOWN,福岡PayPayドーム,excluded,high,False,False,1800028,1900153,[],[],,,,,0,light,2020-03-10 13:00:00+00:00,,UNKNOWN,,,,UNKNOWN,UNKNOWN,,UNKNOWN,,22.090909090909093,3.8181818181818183,9.818181818181818,12.272727272727273,7.363636363636364,15.745454545454546,3.6666666666666665,9.0,9.0,3.0,5.0,4.0,,,,0.0,0.6,10.8,1.8,0.0,1.4000000000000001,5.0,0.0,2.0,0.0,1.0,6.0,,,,True,True,UNKNOWN,False,False,,,,,,,,,,NPB,2020-03-10 13:00:00,1,,,0,
2020031101,2020-03-11 13:00:00,東京ヤクルトスワローズ,阪神タイガース,1.0,3.0,UNKNOWN,明治神宮野球場,excluded,high,False,False,1200062,1900137,[],[],,,,,0,light,2020-03-11 13:00:00+00:00,,UNKNOWN,,,,UNKNOWN,UNKNOWN,,UNKNOWN,,0.0,0.75,11.25,2.25,0.0,1.4500000000000002,4.0,0.0,2.0,0.0,1.0,5.0,,,,2.25,1.5,6.75,0.0,0.0,1.7000000000000002,4.0,1.0,6.0,0.0,0.0,3.0,,,,True,True,UNKNOWN,False,False,,,,,,,,,,NPB,2020-03-11 13:00:00,1,,,0,
2020031102,2020-03-11 13:00:00,東北楽天ゴールデンイーグルス,埼玉西武ライオンズ,9.0,2.0,UNKNOWN,草薙総合運動場野球場,excluded,high,False,False,1400182,1800120,[],[],,,,,0,light,2020-03-11 13:00:00+00:00,,UNKNOWN,,,,UNKNOWN,UNKNOWN,,UNKNOWN,,0.0,0.5,4.5,4.5,0.0,3.7,2.0,0.0,0.0,0.0,1.0,1.0,,,,3.6,1.4,3.6,5.4,0.0,4.2,5.0,2.0,4.0,0.0,3.0,2.0,,,,True,True,UNKNOWN,False,False,,,,,,,,,,NPB,2020-03-11 13:00:00,1,,,0,
2020031103,2020-03-11 13:00:00,横浜DeNAベイスターズ,広島東洋カープ,7.0,1.0,UNKNOWN,横浜スタジアム,excluded,high,False,False,1700072,1800043,[],[],,,,,0,light,2020-03-11 13:00:00+00:00,,UNKNOWN,,,,UNKNOWN,UNKNOWN,,UNKNOWN,,15.0,3.6666666666666665,0.0,12.0,9.0,20.2,3.0,5.0,7.0,3.0,4.0,0.0,,,,0.0,1.0,0.0,0.0,0.0,3.2,5.0,0.0,5.0,0.0,0.0,0.0,,,,True,True,UNKNOWN,False,False,,,,,,,,,,NPB,2020-03-11 13:00:00,1,,,0,
2020031104,2020-03-11 13:00:00,千葉ロッテマリーンズ,北海道日本ハムファイターズ,3.0,3.0,UNKNOWN,ZOZOマリンスタジアム,excluded,high,False,False,1900129,1300050,[],[],,,,,0,light,2020-03-11 13:00:00+00:00,,UNKNOWN,,,,UNKNOWN,UNKNOWN,,UNKNOWN,,3.0,1.3333333333333333,6.0,6.0,0.0,3.8666666666666667,3.0,1.0,2.0,0.0,2.0,2.0,,,,9.0,1.6666666666666667,12.0,6.0,0.0,2.5333333333333337,3.0,3.0,3.0,0.0,2.0,4.0,,,,True,True,UNKNOWN,False,False,,,,,,,,,,NPB,2020-03-11 13:00:00,1,,,0,
2020031105,2020-03-11 14:00:00,オリックス・バファローズ,中日ドラゴンズ,2.0,4.0,UNKNOWN,京セラドーム大阪,unknown,low,False,False,1600106,1900089,[],[],,,,,0,light,2020-03-11 14:00:00+00:00,,UNKNOWN,,,,UNKNOWN,UNKNOWN,,UNKNOWN,,1.5,0.6666666666666666,9.0,1.5,0.0,1.7000000000000002,6.0,1.0,3.0,0.0,1.0,6.0,,,,5.4,1.2,10.8,1.8,0.0,1.4000000000000001,5.0,3.0,5.0,0.0,1.0,6.0,,,,True,True,UNKNOWN,False,False,,,,,,,,,,NPB,2020-03-11 14:00:00,1,,,0,
2020031106,2020-03-11 18:00:00,福岡ソフトバンクホークス,読売ジャイアンツ,6.0,3.0,UNKNOWN,福岡PayPayドーム,unknown,low,False,False,1500046,20204,[],[],,,,,0,light,2020-03-11 18:00:00+00:00,,UNKNOWN,,,,UNKNOWN,UNKNOWN,,UNKNOWN,,10.799999999999999,2.6999999999999997,5.3999999999999995,10.799999999999999,0.0,5.6,3.3333333333333335,4.0,5.0,0.0,4.0,2.0,,,,3.6,0.4,5.4,0.0,1.8,4.6,5.0,2.0,2.0,1.0,0.0,3.0,,,,True,True,UNKNOWN,False,False,,,,,,,,,,NPB,2020-03-11 18:00:00,1,,,0,
2020031302,2020-03-13 13:00:00,埼玉西武ライオンズ,東京ヤクルトスワローズ,7.0,2.0,UNKNOWN,メットライフドーム,excluded,high,False,False,12113,1500104,[],[],,,,,0,light,2020-03-13 13:00:00+00:00,,UNKNOWN,,,,UNKNOWN,UNKNOWN,,UNKNOWN,,1.8,1.6,0.0,3.6,0.0,4.4,5.0,1.0,6.0,0.0,2.0,0.0,,,,2.25,1.25,4.5,6.75,0.0,4.45,4.0,1.0,2.0,0.0,3.0,2.0,,,,True,True,UNKNOWN,False,False,,,,,,,,,,NPB,2020-03-13 13:00:00,1,,,0,
2020031305,2020-03-13 14:00:00,阪神タイガース,オリックス・バファローズ,6.0,5.0,UNKNOWN,京セラドーム大阪,excluded,high,False,False,1600150,900425,[],[],,,,,0,light,2020-03-13 14:00:00+00:00,,UNKNOWN,,,,UNKNOWN,UNKNOWN,,UNKNOWN,,7.2,2.2,10.8,3.6,1.8,4.6,5.0,4.0,9.0,1.0,2.0,6.0,,,,0.0,1.0,1.8,3.6,0.0,4.0,5.0,0.0,3.0,0.0,2.0,1.0,,,,True,True,UNKNOWN,False,False,,,,,,,,,,NPB,2020-03-13 14:00:00,1,,,0,
2020031301,2020-03-13 18:00:00,北海道日本ハムファイターズ,横浜DeNAベイスターズ,0.0,1.0,UNKNOWN,札幌ドーム,excluded,high,False,False,1500061,1400117,[],[],,,,,0,light,2020-03-13 18:00:00+00:00,,UNKNOWN,,,,UNKNOWN,UNKNOWN,,UNKNOWN,,0.0,1.25,9.0,4.5,0.0,2.7,4.0,0.0,3.0,0.0,2.0,4.0,,,,2.25,1.5,9.0,2.25,0.0,1.9500000000000002,4.0,1.0,5.0,0.0,1.0,4.0,,,,True,True,UNKNOWN,False,False,,,,,,,,,,NPB,2020-03-13 18:00:00,1,,,0,
2020031303,2020-03-13 18:00:00,読売ジャイアンツ,東北楽天ゴールデンイーグルス,2.0,3.0,UNKNOWN,東京ドーム,excluded,high,False,False,1200117,1200041,[],[],,,,,0,light,2020-03-13 18:00:00+00:00,,UNKNOWN,,,,UNKNOWN,UNKNOWN,,UNKNOWN,,1.8,0.6,3.6,0.0,1.8,5.0,5.0,1.0,3.0,1.0,0.0,2.0,,,,0.0,0.3333333333333333,3.0,0.0,0.0,2.5333333333333337,3.0,0.0,1.0,0.0,0.0,1.0,,,,True,True,UNKNOWN,False,False,2020-03-13 09:00:00+00:00,,UNKNOWN,Open-Meteo Historical Forecast,FAIL_CLOSED_NO_ISSUANCE_TIMESTAMP,15.3,39.0,0.0,4.3,NPB,2020-03-13 18:00:00,1,,,0,
2020031304,2020-03-13 18:00:00,中日ドラゴンズ,千葉ロッテマリーンズ,4.0,3.0,UNKNOWN,ナゴヤドーム,excluded,high,False,False,1000155,1000138,[],[],,,,,0,light,2020-03-13 18:00:00+00:00,,UNKNOWN,,,,UNKNOWN,UNKNOWN,,UNKNOWN,,4.5,1.5,4.5,4.5,0.0,3.7,2.0,1.0,2.0,0.0,1.0,1.0,,,,3.375,0.9375,8.4375,1.6875,0.0,1.8875000000000002,5.333333333333333,2.0,4.0,0.0,1.0,5.0,,,,True,True,UNKNOWN,False,False,,,,,,,,,,NPB,2020-03-13 18:00:00,1,,,0,
2020031306,2020-03-13 18:00:00,福岡ソフトバンクホークス,広島東洋カープ,10.0,5.0,UNKNOWN,福岡PayPayドーム,excluded,high,False,False,1300057,1200106,[],[],,,,,0,light,2020-03-13 18:00:00+00:00,,UNKNOWN,,,,UNKNOWN,UNKNOWN,,UNKNOWN,,5.4,1.8,5.4,5.4,0.0,3.8000000000000003,5.0,3.0,6.0,0.0,3.0,3.0,,,,15.0,2.6666666666666665,6.0,3.0,0.0,2.8666666666666667,3.0,5.0,7.0,0.0,1.0,2.0,,,,True,True,UNKNOWN,False,False,,,,,,,,,,NPB,2020-03-13 18:00:00,1,,,0,
2020031402,2020-03-14 13:00:00,埼玉西武ライオンズ,東京ヤクルトスワローズ,1.0,0.0,UNKNOWN,メットライフドーム,excluded,high,False,False,1200076,1800022,[],[],,,,,0,light,2020-03-14 13:00:00+00:00,,UNKNOWN,,,,UNKNOWN,UNKNOWN,,UNKNOWN,,1.8,1.0,10.8,0.0,0.0,0.8000000000000003,5.0,1.0,5.0,0.0,0.0,6.0,,,,0.0,1.3333333333333333,12.0,0.0,0.0,0.5333333333333337,3.0,0.0,4.0,0.0,0.0,4.0,,,,True,True,UNKNOWN,False,False,,,,,,,,,,NPB,2020-03-14 13:00:00,1,,,0,
2020031406,2020-03-14 13:00:00,福岡ソフトバンクホークス,広島東洋カープ,4.0,4.0,UNKNOWN,福岡PayPayドーム,excluded,high,False,False,1600123,1400126,[],[],,,,,0,light,2020-03-14 13:00:00+00:00,,UNKNOWN,,,,UNKNOWN,UNKNOWN,,UNKNOWN,,3.6,1.2,7.2,0.0,0.0,1.6,5.0,2.0,6.0,0.0,0.0,4.0,,,,3.0,1.6666666666666667,6.0,6.0,3.0,8.2,3.0,1.0,3.0,1.0,2.0,2.0,,,,True,True,UNKNOWN,False,False,,,,,,,,,,NPB,2020-03-14 13:00:00,1,,,0,
2020031401,2020-03-14 14:00:00,北海道日本ハムファイターズ,横浜DeNAベイスターズ,8.0,7.0,UNKNOWN,札幌ドーム,excluded,high,False,False,1700062,1700140,[],[],,,,,0,light,2020-03-14 14:00:00+00:00,,UNKNOWN,,,,UNKNOWN,UNKNOWN,,UNKNOWN,,4.5,2.0,9.0,13.5,0.0,5.7,2.0,1.0,1.0,0.0,3.0,2.0,,,,14.727272727272728,2.4545454545454546,4.909090909090909,0.0,2.4545454545454546,5.654545454545454,3.6666666666666665,6.0,9.0,1.0,0.0,2.0,,,,True,True,UNKNOWN,False,False,,,,,,,,,,NPB,2020-03-14 14:00:00,1,,,0,
2020031404,2020-03-14 14:00:00,中日ドラゴンズ,千葉ロッテマリーンズ,3.0,2.0,UNKNOWN,ナゴヤドーム,excluded,high,False,False,1600146,1700106,[],[],,,,,0,light,2020-03-14 14:00:00+00:00,,UNKNOWN,,,,UNKNOWN,UNKNOWN,,UNKNOWN,,1.8,1.8,9.0,1.8,0.0,1.8000000000000003,5.0,1.0,8.0,0.0,1.0,5.0,,,,3.6,1.4,3.6,3.6,3.6,8.8,5.0,2.0,5.0,2.0,2.0,2.0,,,,True,True,UNKNOWN,False,False,,,,,,,,,,NPB,2020-03-14 14:00:00,1,,,0,
2020031405,2020-03-14 14:00:00,オリックス・バファローズ,阪神タイガース,4.0,10.0,UNKNOWN,京セラドーム大阪,excluded,high,False,False,500040,1800105,[],[],,,,,0,light,2020-03-14 14:00:00+00:00,,UNKNOWN,,,,UNKNOWN,UNKNOWN,,UNKNOWN,,5.4,1.4,5.4,5.4,3.6,9.0,5.0,3.0,4.0,2.0,3.0,3.0,,,,6.0,1.6666666666666667,9.0,3.0,0.0,2.2,3.0,2.0,4.0,0.0,1.0,3.0,,,,True,True,UNKNOWN,False,False,,,,,,,,,,NPB,2020-03-14 14:00:00,1,,,0,
2020031403,2020-03-14 17:00:00,読売ジャイアンツ,東北楽天ゴールデンイーグルス,3.0,3.0,UNKNOWN,東京ドーム,excluded,high,False,False,900090,1700042,[],[],,,,,0,light,2020-03-14 17:00:00+00:00,,UNKNOWN,,,,UNKNOWN,UNKNOWN,,UNKNOWN,,5.4,0.8,10.8,1.8,3.6,6.6,5.0,3.0,3.0,2.0,1.0,6.0,,,,3.176470588235294,0.8823529411764706,14.294117647058822,3.176470588235294,0.0,1.0823529411764707,5.666666666666667,2.0,3.0,0.0,2.0,9.0,,,,True,True,UNKNOWN,False,False,2020-03-14 08:00:00+00:00,,UNKNOWN,Open-Meteo Historical Forecast,FAIL_CLOSED_NO_ISSUANCE_TIMESTAMP,1.8,90.0,1.7,8.0,NPB,2020-03-14 17:00:00,1,,,0,
2020031501,2020-03-15 13:00:00,北海道日本ハムファイターズ,横浜DeNAベイスターズ,1.0,7.0,UNKNOWN,札幌ドーム,excluded,high,False,False,1400110,1800002,[],[],,,,,0,light,2020-03-15 13:00:00+00:00,,UNKNOWN,,,,UNKNOWN,UNKNOWN,,UNKNOWN,,2.25,1.25,6.75,4.5,0.0,3.2,4.0,1.0,3.0,0.0,2.0,3.0,,,,1.8,1.0,7.2,0.0,0.0,1.6,5.0,1.0,5.0,0.0,0.0,4.0,,,,True,True,UNKNOWN,False,False,,,,,,,,,,NPB,2020-03-15 13:00:00,1,,,0,
2020031502,2020-03-15 13:00:00,埼玉西武ライオンズ,東京ヤクルトスワローズ,3.0,1.0,UNKNOWN,メットライフドーム,excluded,high,False,False,1500042,1700125,[],[],,,,,0,light,2020-03-15 13:00:00+00:00,,UNKNOWN,,,,UNKNOWN,UNKNOWN,,UNKNOWN,,4.153846153846154,1.153846153846154,12.461538461538462,2.076923076923077,0.0,1.123076923076923,4.333333333333333,2.0,4.0,0.0,1.0,6.0,,,,2.25,1.0,6.75,0.0,0.0,1.7000000000000002,4.0,1.0,4.0,0.0,0.0,3.0,,,,True,True,UNKNOWN,False,False,,,,,,,,,,NPB,2020-03-15 13:00:00,1,,,0,
2020031505,2020-03-15 13:00:00,オリックス・バファローズ,阪神タイガース,4.0,6.0,UNKNOWN,京セラドーム大阪,excluded,high,False,False,1500090,1700109,[],[],,,,,0,light,2020-03-15 13:00:00+00:00,,UNKNOWN,,,,UNKNOWN,UNKNOWN,,UNKNOWN,,4.764705882352941,1.7647058823529411,7.941176470588235,9.529411764705882,1.588235294117647,6.905882352941177,5.666666666666667,3.0,4.0,1.0,6.0,5.0,,,,3.176470588235294,1.588235294117647,6.352941176470588,6.352941176470588,0.0,3.905882352941177,5.666666666666667,2.0,5.0,0.0,4.0,4.0,,,,True,True,UNKNOWN,False,False,,,,,,,,,,NPB,2020-03-15 13:00:00,1,,,0,
2020031503,2020-03-15 14:00:00,読売ジャイアンツ,東北楽天ゴールデンイーグルス,3.0,7.0,UNKNOWN,東京ドーム,excluded,high,False,False,500014,1300029,[],[],,,,,0,light,2020-03-15 14:00:00+00:00,,UNKNOWN,,,,UNKNOWN,UNKNOWN,,UNKNOWN,,3.6,1.0,7.2,0.0,0.0,1.6,5.0,2.0,5.0,0.0,0.0,4.0,,,,11.571428571428571,1.9285714285714284,3.8571428571428568,1.9285714285714284,0.0,2.9857142857142858,4.666666666666667,6.0,8.0,0.0,1.0,2.0,,,,True,True,UNKNOWN,False,False,2020-03-15 05:00:00+00:00,,UNKNOWN,Open-Meteo Historical Forecast,FAIL_CLOSED_NO_ISSUANCE_TIMESTAMP,11.3,36.0,0.0,7.0,NPB,2020-03-15 14:00:00,1,,,0,
2020031504,2020-03-15 14:00:00,中日ドラゴンズ,千葉ロッテマリーンズ,4.0,2.0,UNKNOWN,ナゴヤドーム,excluded,high,False,False,900081,1500074,[],[],,,,,0,light,2020-03-15 14:00:00+00:00,,UNKNOWN,,,,UNKNOWN,UNKNOWN,,UNKNOWN,,3.6,1.0,3.6,0.0,0.0,2.4000000000000004,5.0,2.0,5.0,0.0,0.0,2.0,,,,3.0,1.5,0.0,1.5,0.0,3.7,6.0,2.0,8.0,0.0,1.0,0.0,,,,True,True,UNKNOWN,False,False,,,,,,,,,,NPB,2020-03-15 14:00:00,1,,,0,
2020031506,2020-03-15 14:00:00,広島東洋カープ,福岡ソフトバンクホークス,0.0,6.0,UNKNOWN,MAZDA Zoom-Zoom スタジアム広島,unknown,low,False,False,1700134,1900052,[],[],,,,,0,light,2020-03-15 14:00:00+00:00,,UNKNOWN,,,,UNKNOWN,UNKNOWN,,UNKNOWN,,0.0,0.75,2.25,4.5,0.0,4.2,4.0,0.0,1.0,0.0,2.0,1.0,,,,11.25,2.25,11.25,4.5,4.5,8.7,4.0,5.0,7.0,2.0,2.0,5.0,,,,True,True,UNKNOWN,False,False,,,,,,,,,,NPB,2020-03-15 14:00:00,1,,,0,
2020061901,2020-06-19 18:00:00,読売ジャイアンツ,阪神タイガース,3.0,2.0,UNKNOWN,東京ドーム,excluded,high,False,False,900062,1200041,[],[],,,,,0,light,2020-06-19 18:00:00+00:00,,UNKNOWN,,,,UNKNOWN,UNKNOWN,,UNKNOWN,,1.5,1.1666666666666667,7.5,4.5,0.0,3.0333333333333337,6.0,1.0,4.0,0.0,3.0,5.0,,,,2.5714285714285716,0.8571428571428571,10.285714285714286,0.0,1.2857142857142858,2.771428571428572,7.0,2.0,6.0,1.0,0.0,8.0,,,,True,True,UNKNOWN,False,False,2020-06-19 09:00:00+00:00,,UNKNOWN,Open-Meteo Historical Forecast,FAIL_CLOSED_NO_ISSUANCE_TIMESTAMP,19.5,83.0,0.5,8.4,NPB,2020-06-19 18:00:00,1,,,0,
2020061902,2020-06-19 18:00:00,東京ヤクルトスワローズ,中日ドラゴンズ,7.0,9.0,UNKNOWN,明治神宮野球場,unknown,low,False,False,1000138,12113,[],[],,,,,0,light,2020-06-19 18:00:00+00:00,,UNKNOWN,,,,UNKNOWN,UNKNOWN,,UNKNOWN,,13.5,2.25,2.25,0.0,4.5,9.2,4.0,6.0,9.0,2.0,0.0,1.0,,,,5.4,1.8,3.6,0.0,1.8,5.0,5.0,3.0,9.0,1.0,0.0,2.0,,,,True,True,UNKNOWN,False,False,,,,,,,,,,NPB,2020-06-19 18:00:00,1,,,0,
2020061903,2020-06-19 18:00:00,横浜DeNAベイスターズ,広島東洋カープ,1.0,5.0,UNKNOWN,横浜スタジアム,unknown,low,False,False,1300057,1500061,[],[],,,,,0,light,2020-06-19 18:00:00+00:00,,UNKNOWN,,,,UNKNOWN,UNKNOWN,,UNKNOWN,,1.0,0.5555555555555556,4.0,1.0,1.0,4.088888888888889,9.0,1.0,4.0,1.0,1.0,4.0,,,,3.6,1.4,9.0,0.0,0.0,1.2000000000000002,5.0,2.0,7.0,0.0,0.0,5.0,,,,True,True,UNKNOWN,False,False,,,,,,,,,,NPB,2020-06-19 18:00:00,1,,,0,
2020061904,2020-06-19 18:00:00,埼玉西武ライオンズ,北海道日本ハムファイターズ,3.0,0.0,UNKNOWN,メットライフドーム,excluded,high,False,False,1400117,1800022,[],[],,,,,0,light,2020-06-19 18:00:00+00:00,,UNKNOWN,,,,UNKNOWN,UNKNOWN,,UNKNOWN,,4.5,0.8333333333333334,10.5,1.5,0.0,1.366666666666667,6.0,3.0,4.0,0.0,1.0,7.0,,,,0.0,0.6666666666666666,3.0,4.5,0.0,4.033333333333333,6.0,0.0,1.0,0.0,3.0,2.0,,,,True,True,UNKNOWN,False,False,,,,,,,,,,NPB,2020-06-19 18:00:00,1,,,0,
2020061905,2020-06-19 18:00:00,オリックス・バファローズ,東北楽天ゴールデンイーグルス,1.0,9.0,UNKNOWN,京セラドーム大阪,unknown,low,False,False,1200117,1600150,[],[],,,,,0,light,2020-06-19 18:00:00+00:00,,UNKNOWN,,,,UNKNOWN,UNKNOWN,,UNKNOWN,,1.2857142857142858,0.42857142857142855,3.857142857142857,2.5714285714285716,0.0,3.2,7.0,1.0,1.0,0.0,2.0,3.0,,,,1.2857142857142858,1.0,6.428571428571429,2.5714285714285716,0.0,2.628571428571429,7.0,1.0,5.0,0.0,2.0,5.0,,,,True,True,UNKNOWN,False,False,,,,,,,,,,NPB,2020-06-19 18:00:00,1,,,0,
2020061906,2020-06-19 18:00:00,福岡ソフトバンクホークス,千葉ロッテマリーンズ,2.0,1.0,UNKNOWN,福岡PayPayドーム,excluded,high,False,False,1300050,1200106,[],[],,,,,0,light,2020-06-19 18:00:00+00:00,,UNKNOWN,,,,UNKNOWN,UNKNOWN,,UNKNOWN,,0.0,0.5,10.5,1.5,0.0,1.366666666666667,6.0,0.0,2.0,0.0,1.0,7.0,,,,0.0,0.8,9.0,3.6,0.0,2.4000000000000004,5.0,0.0,2.0,0.0,2.0,5.0,,,,True,True,UNKNOWN,False,False,,,,,,,,,,NPB,2020-06-19 18:00:00,1,,,0,
2020062001,2020-06-20 14:00:00,読売ジャイアンツ,阪神タイガース,11.0,1.0,UNKNOWN,東京ドーム,excluded,high,False,False,1300070,1300029,[],[],,,,,0,light,2020-06-20 14:00:00+00:00,,UNKNOWN,,,,UNKNOWN,UNKNOWN,,UNKNOWN,,4.5,1.3333333333333333,7.5,6.0,0.0,3.5333333333333337,6.0,3.0,4.0,0.0,4.0,5.0,,,,1.8,1.4,7.2,5.4,1.8,6.0,5.0,1.0,4.0,1.0,3.0,4.0,,,,True,True,UNKNOWN,False,False,2020-06-20 05:00:00+00:00,,UNKNOWN,Open-Meteo Historical Forecast,FAIL_CLOSED_NO_ISSUANCE_TIMESTAMP,27.0,52.0,0.0,5.9,NPB,2020-06-20 14:00:00,1,,,0,
2020062002,2020-06-20 14:00:00,東京ヤクルトスワローズ,中日ドラゴンズ,6.0,2.0,UNKNOWN,明治神宮野球場,unknown,low,False,False,600078,1200076,[],[],,,,,0,light,2020-06-20 14:00:00+00:00,,UNKNOWN,,,,UNKNOWN,UNKNOWN,,UNKNOWN,,9.0,1.5,0.0,2.25,6.75,13.7,4.0,4.0,5.0,3.0,1.0,0.0,,,,3.0,1.0,9.0,0.0,0.0,1.2000000000000002,6.0,2.0,6.0,0.0,0.0,6.0,,,,True,True,UNKNOWN,False,False,,,,,,,,,,NPB,2020-06-20 14:00:00,1,,,0,
2020062003,2020-06-20 14:00:00,横浜DeNAベイスターズ,広島東洋カープ,5.0,10.0,UNKNOWN,横浜スタジアム,excluded,high,False,False,1600123,1900125,[],[],,,,,0,light,2020-06-20 14:00:00+00:00,,UNKNOWN,,,,UNKNOWN,UNKNOWN,,UNKNOWN,,5.4,1.6,9.0,3.6,1.8,5.0,5.0,3.0,6.0,1.0,2.0,5.0,,,,1.5,1.3333333333333333,10.5,3.0,1.5,4.033333333333333,6.0,1.0,6.0,1.0,2.0,7.0,,,,True,True,UNKNOWN,False,False,,,,,,,,,,NPB,2020-06-20 14:00:00,1,,,0,
2020062004,2020-06-20 14:00:00,埼玉西武ライオンズ,北海道日本ハムファイターズ,1.0,2.0,UNKNOWN,メットライフドーム,excluded,high,False,False,1500110,1800080,[],[],,,,,0,light,2020-06-20 14:00:00+00:00,,UNKNOWN,,,,UNKNOWN,UNKNOWN,,UNKNOWN,,2.25,2.0,11.25,6.75,2.25,6.2,4.0,1.0,5.0,1.0,3.0,5.0,,,,2.8421052631578947,1.2631578947368423,5.684210526315789,7.105263157894737,0.0,4.305263157894737,6.333333333333333,2.0,3.0,0.0,5.0,4.0,,,,True,True,UNKNOWN,False,False,,,,,,,,,,NPB,2020-06-20 14:00:00,1,,,0,
2020062005,2020-06-20 14:00:00,オリックス・バファローズ,東北楽天ゴールデンイーグルス,1.0,2.0,UNKNOWN,京セラドーム大阪,excluded,high,False,False,1300084,1700109,[],[],,,,,0,light,2020-06-20 14:00:00+00:00,,UNKNOWN,,,,UNKNOWN,UNKNOWN,,UNKNOWN,,2.25,2.25,6.75,6.75,0.0,3.95,4.0,1.0,6.0,0.0,3.0,3.0,,,,1.8,1.2,5.4,5.4,0.0,3.8000000000000003,5.0,1.0,3.0,0.0,3.0,3.0,,,,True,True,UNKNOWN,False,False,,,,,,,,,,NPB,2020-06-20 14:00:00,1,,,0,
2020062006,2020-06-20 14:00:00,福岡ソフトバンクホークス,千葉ロッテマリーンズ,2.0,3.0,UNKNOWN,福岡PayPayドーム,excluded,high,False,False,1600146,20204,[],[],,,,,0,light,2020-06-20 14:00:00+00:00,,UNKNOWN,,,,UNKNOWN,UNKNOWN,,UNKNOWN,,1.5,1.1666666666666667,7.5,1.5,1.5,4.2,6.0,1.0,6.0,1.0,1.0,5.0,,,,1.4210526315789473,1.105263157894737,9.947368421052632,4.2631578947368425,1.4210526315789473,4.463157894736843,6.333333333333333,1.0,4.0,1.0,3.0,7.0,,,,True,True,UNKNOWN,False,False,,,,,,,,,,NPB,2020-06-20 14:00:00,1,,,0,
2020062101,2020-06-21 13:00:00,読売ジャイアンツ,阪神タイガース,7.0,1.0,UNKNOWN,東京ドーム,excluded,high,False,False,1700154,1900143,[],[],,,,,0,light,2020-06-21 13:00:00+00:00,,UNKNOWN,,,,UNKNOWN,UNKNOWN,,UNKNOWN,,11.25,2.5,9.0,4.5,2.25,5.95,4.0,5.0,8.0,1.0,2.0,4.0,,,,1.588235294117647,1.4117647058823528,1.588235294117647,6.352941176470588,1.588235294117647,7.258823529411765,5.666666666666667,1.0,4.0,1.0,4.0,1.0,,,,True,True,UNKNOWN,False,False,2020-06-21 04:00:00+00:00,,UNKNOWN,Open-Meteo Historical Forecast,FAIL_CLOSED_NO_ISSUANCE_TIMESTAMP,24.7,59.0,0.0,2.3,NPB,2020-06-21 13:00:00,1,,,0,
2020062102,2020-06-21 13:00:00,東京ヤクルトスワローズ,中日ドラゴンズ,0.0,3.0,UNKNOWN,明治神宮野球場,unknown,low,False,False,1800060,700103,[],[],,,,,0,light,2020-06-21 13:00:00+00:00,,UNKNOWN,,,,UNKNOWN,UNKNOWN,,UNKNOWN,,0.0,0.8571428571428571,6.428571428571429,3.857142857142857,0.0,3.0571428571428574,7.0,0.0,3.0,0.0,3.0,5.0,,,,3.857142857142857,0.7142857142857143,3.857142857142857,0.0,1.2857142857142858,4.2,7.0,3.0,5.0,1.0,0.0,3.0,,,,True,True,UNKNOWN,False,False,,,,,,,,,,NPB,2020-06-21 13:00:00,1,,,0,
2020062105,2020-06-21 13:00:00,オリックス・バファローズ,東北楽天ゴールデンイーグルス,4.0,0.0,UNKNOWN,京セラドーム大阪,unknown,low,False,False,1600005,1600153,[],[],,,,,0,light,2020-06-21 13:00:00+00:00,,UNKNOWN,,,,UNKNOWN,UNKNOWN,,UNKNOWN,,9.0,2.25,6.75,2.25,0.0,2.45,4.0,4.0,8.0,0.0,1.0,3.0,,,,0.0,0.375,11.25,0.0,0.0,0.7000000000000002,8.0,0.0,3.0,0.0,0.0,10.0,,,,True,True,UNKNOWN,False,False,,,,,,,,,,NPB,2020-06-21 13:00:00,1,,,0,
2020062103,2020-06-21 14:00:00,横浜DeNAベイスターズ,広島東洋カープ,2.0,1.0,UNKNOWN,横浜スタジアム,excluded,high,False,False,1900052,1300031,[],[],,,,,0,light,2020-06-21 14:00:00+00:00,,UNKNOWN,,,,UNKNOWN,UNKNOWN,,UNKNOWN,,0.0,0.8571428571428571,10.285714285714286,2.5714285714285716,0.0,1.7714285714285716,7.0,0.0,4.0,0.0,2.0,8.0,,,,1.5,1.0,3.0,1.5,0.0,3.0333333333333337,6.0,1.0,5.0,0.0,1.0,2.0,,,,True,True,UNKNOWN,False,False,,,,,,,,,,NPB,2020-06-21 14:00:00,1,,,0,
2020062104,2020-06-21 14:00:00,埼玉西武ライオンズ,北海道日本ハムファイターズ,2.0,12.0,UNKNOWN,メットライフドーム,excluded,high,False,False,1300094,1700125,[],[],,,,,0,light,2020-06-21 14:00:00+00:00,,UNKNOWN,,,,UNKNOWN,UNKNOWN,,UNKNOWN,,0.0,2.25,11.25,11.25,0.0,4.45,4.0,0.0,4.0,0.0,5.0,5.0,,,,4.5,1.0,7.5,1.5,3.0,6.366666666666667,6.0,3.0,5.0,2.0,1.0,5.0,,,,True,True,UNKNOWN,False,False,,,,,,,,,,NPB,2020-06-21 14:00:00,1,,,0,
2020062106,2020-06-21 14:00:00,福岡ソフトバンクホークス,千葉ロッテマリーンズ,1.0,5.0,UNKNOWN,福岡PayPayドーム,unknown,low,False,False,1000155,900100,[],[],,,,,0,light,2020-06-21 14:00:00+00:00,,UNKNOWN,,,,UNKNOWN,UNKNOWN,,UNKNOWN,,1.8,1.8,16.2,3.6,0.0,0.8000000000000003,5.0,1.0,7.0,0.0,2.0,9.0,,,,27.0,2.0,0.0,0.0,0.0,3.2,1.0,3.0,2.0,0.0,0.0,0.0,,,,True,True,UNKNOWN,False,False,,,,,,,,,,NPB,2020-06-21 14:00:00,1,,,0,
2020062301,2020-06-23 18:00:00,読売ジャイアンツ,広島東洋カープ,3.0,2.0,UNKNOWN,東京ドーム,unknown,low,False,False,1500007,1800028,[],[],,,,,0,light,2020-06-23 18:00:00+00:00,,UNKNOWN,,,,UNKNOWN,UNKNOWN,,UNKNOWN,,5.4,1.8,10.8,5.4,0.0,2.6,5.0,3.0,6.0,0.0,3.0,6.0,,,,2.6999999999999997,0.8999999999999999,9.45,2.6999999999999997,1.3499999999999999,3.95,6.666666666666667,2.0,4.0,1.0,2.0,7.0,,,,True,True,UNKNOWN,False,False,2020-06-23 09:00:00+00:00,,UNKNOWN,Open-Meteo Historical Forecast,FAIL_CLOSED_NO_ISSUANCE_TIMESTAMP,24.3,78.0,0.0,4.0,NPB,2020-06-23 18:00:00,1,,,0,
2020062302,2020-06-23 18:00:00,東京ヤクルトスワローズ,阪神タイガース,1.0,4.0,UNKNOWN,明治神宮野球場,excluded,high,False,False,1500090,1900137,[],[],,,,,0,light,2020-06-23 18:00:00+00:00,,UNKNOWN,,,,UNKNOWN,UNKNOWN,,UNKNOWN,,0.0,0.3333333333333333,4.5,1.5,0.0,2.7,6.0,0.0,1.0,0.0,1.0,3.0,,,,7.2,1.8,3.6,0.0,1.8,5.0,5.0,4.0,9.0,1.0,0.0,2.0,,,,True,True,UNKNOWN,False,False,,,,,,,,,,NPB,2020-06-23 18:00:00,1,,,0,
2020062303,2020-06-23 18:00:00,横浜DeNAベイスターズ,中日ドラゴンズ,3.0,0.0,UNKNOWN,横浜スタジアム,unknown,low,False,False,1600106,1600081,[],[],,,,,0,light,2020-06-23 18:00:00+00:00,,UNKNOWN,,,,UNKNOWN,UNKNOWN,,UNKNOWN,,4.5,2.0,12.0,3.0,1.5,3.7,6.0,3.0,10.0,1.0,2.0,8.0,,,,0.0,1.44,7.56,2.1599999999999997,0.0,2.24,8.333333333333334,0.0,10.0,0.0,2.0,7.0,,,,True,True,UNKNOWN,False,False,,,,,,,,,,NPB,2020-06-23 18:00:00,1,,,0,
2020062304,2020-06-23 18:00:00,東北楽天ゴールデンイーグルス,北海道日本ハムファイターズ,4.0,0.0,UNKNOWN,楽天生命パーク宮城,excluded,high,False,False,1800002,1800120,[],[],,,,,0,light,2020-06-23 18:00:00+00:00,,UNKNOWN,,,,UNKNOWN,UNKNOWN,,UNKNOWN,,7.2,2.0,12.6,3.6,3.6,6.800000000000001,5.0,4.0,8.0,2.0,2.0,7.0,,,,0.0,0.6,8.1,1.3499999999999999,0.0,1.8500000000000003,6.666666666666667,0.0,3.0,0.0,1.0,6.0,,,,True,True,UNKNOWN,False,False,,,,,,,,,,NPB,2020-06-23 18:00:00,1,,,0,
2020062305,2020-06-23 18:00:00,埼玉西武ライオンズ,福岡ソフトバンクホークス,11.0,3.0,UNKNOWN,メットライフドーム,excluded,high,False,False,1900153,1400182,[],[],,,,,0,light,2020-06-23 18:00:00+00:00,,UNKNOWN,,,,UNKNOWN,UNKNOWN,,UNKNOWN,,9.0,2.5,9.0,6.75,2.25,6.7,4.0,4.0,7.0,1.0,3.0,4.0,,,,5.0625,1.3125,6.75,5.0625,0.0,3.3875,5.333333333333333,3.0,4.0,0.0,3.0,4.0,,,,True,True,UNKNOWN,False,False,,,,,,,,,,NPB,2020-06-23 18:00:00,1,,,0,
2020062306,2020-06-23 18:00:00,千葉ロッテマリーンズ,オリックス・バファローズ,6.0,5.0,UNKNOWN,ZOZOマリンスタジアム,unknown,low,False,False,1700150,1300055,[],[],,,,,0,light,2020-06-23 18:00:00+00:00,,UNKNOWN,,,,UNKNOWN,UNKNOWN,,UNKNOWN,,6.0,1.0,6.0,1.5,4.5,8.866666666666667,6.0,4.0,5.0,3.0,1.0,4.0,,,,6.352941176470588,0.7058823529411764,9.529411764705882,1.588235294117647,1.588235294117647,3.905882352941177,5.666666666666667,4.0,3.0,1.0,1.0,6.0,,,,True,True,UNKNOWN,False,False,,,,,,,,,,NPB,2020-06-23 18:00:00,1,,,0,
2020062401,2020-06-24 18:00:00,読売ジャイアンツ,広島東洋カープ,1.0,5.0,UNKNOWN,東京ドーム,unknown,low,False,False,1300058,1700002,[],[],,,,,0,light,2020-06-24 18:00:00+00:00,,UNKNOWN,,,,UNKNOWN,UNKNOWN,,UNKNOWN,,0.0,0.7142857142857143,11.571428571428571,3.857142857142857,0.0,1.9142857142857144,7.0,0.0,2.0,0.0,3.0,9.0,,,,12.0,1.6666666666666667,3.0,0.0,6.0,11.2,3.0,4.0,5.0,2.0,0.0,1.0,,,,True,True,UNKNOWN,False,False,2020-06-24 09:00:00+00:00,,UNKNOWN,Open-Meteo Historical Forecast,FAIL_CLOSED_NO_ISSUANCE_TIMESTAMP,23.1,75.0,0.0,6.0,NPB,2020-06-24 18:00:00,1,,,0,
2020062402,2020-06-24 18:00:00,東京ヤクルトスワローズ,阪神タイガース,6.0,1.0,UNKNOWN,明治神宮野球場,excluded,high,False,False,1900147,1800143,[],[],,,,,0,light,2020-06-24 18:00:00+00:00,,UNKNOWN,,,,UNKNOWN,UNKNOWN,,UNKNOWN,,6.75,2.25,6.75,4.5,0.0,3.2,4.0,3.0,7.0,0.0,2.0,3.0,,,,0.0,0.5,6.0,1.5,0.0,2.3666666666666667,6.0,0.0,2.0,0.0,1.0,4.0,,,,True,True,UNKNOWN,False,False,,,,,,,,,,NPB,2020-06-24 18:00:00,1,,,0,
2020062403,2020-06-24 18:00:00,横浜DeNAベイスターズ,中日ドラゴンズ,3.0,2.0,UNKNOWN,横浜スタジアム,excluded,high,False,False,1700106,1200050,[],[],,,,,0,light,2020-06-24 18:00:00+00:00,,UNKNOWN,,,,UNKNOWN,UNKNOWN,,UNKNOWN,,5.4,1.2,7.2,1.8,1.8,4.800000000000001,5.0,3.0,5.0,1.0,1.0,4.0,,,,3.6,1.8,9.0,1.8,1.8,4.4,5.0,2.0,8.0,1.0,1.0,5.0,,,,True,True,UNKNOWN,False,False,,,,,,,,,,NPB,2020-06-24 18:00:00,1,,,0,
2020062404,2020-06-24 18:00:00,東北楽天ゴールデンイーグルス,北海道日本ハムファイターズ,5.0,2.0,UNKNOWN,楽天生命パーク宮城,excluded,high,False,False,1900070,500014,[],[],,,,,0,light,2020-06-24 18:00:00+00:00,,UNKNOWN,,,,UNKNOWN,UNKNOWN,,UNKNOWN,,7.2,1.8,1.8,9.0,1.8,8.4,5.0,4.0,4.0,1.0,5.0,1.0,,,,2.5714285714285716,0.7142857142857143,6.428571428571429,1.2857142857142858,1.2857142857142858,4.057142857142857,7.0,2.0,4.0,1.0,1.0,5.0,,,,True,True,UNKNOWN,False,False,,,,,,,,,,NPB,2020-06-24 18:00:00,1,,,0,
2020062405,2020-06-24 18:00:00,埼玉西武ライオンズ,福岡ソフトバンクホークス,6.0,9.0,UNKNOWN,メットライフドーム,excluded,high,False,False,1300080,1600127,[],[],,,,,0,light,2020-06-24 18:00:00+00:00,,UNKNOWN,,,,UNKNOWN,UNKNOWN,,UNKNOWN,,14.727272727272728,2.181818181818182,2.4545454545454546,4.909090909090909,2.4545454545454546,7.836363636363637,3.6666666666666665,6.0,6.0,1.0,2.0,1.0,,,,11.117647058823529,2.6470588235294117,3.176470588235294,4.764705882352941,3.176470588235294,8.670588235294119,5.666666666666667,7.0,12.0,2.0,3.0,2.0,,,,True,True,UNKNOWN,False,False,,,,,,,,,,NPB,2020-06-24 18:00:00,1,,,0,
2020062406,2020-06-24 18:00:00,千葉ロッテマリーンズ,オリックス・バファローズ,6.0,4.0,UNKNOWN,ZOZOマリンスタジアム,excluded,high,False,False,1700110,1800052,[],[],,,,,0,light,2020-06-24 18:00:00+00:00,,UNKNOWN,,,,UNKNOWN,UNKNOWN,,UNKNOWN,,12.0,2.6666666666666665,3.0,9.0,3.0,9.866666666666667,3.0,4.0,5.0,1.0,3.0,1.0,,,,7.2,1.0,5.4,3.6,1.8,5.800000000000001,5.0,4.0,3.0,1.0,2.0,3.0,,,,True,True,UNKNOWN,False,False,,,,,,,,,,NPB,2020-06-24 18:00:00,1,,,0,
2020062501,2020-06-25 18:00:00,読売ジャイアンツ,広島東洋カープ,5.0,5.0,UNKNOWN,東京ドーム,excluded,high,False,False,1700072,1500046,[],[],,,,,0,light,2020-06-25 18:00:00+00:00,,UNKNOWN,,,,UNKNOWN,UNKNOWN,,UNKNOWN,,5.4,1.6,7.2,3.6,1.8,5.4,5.0,3.0,6.0,1.0,2.0,4.0,,,,3.0,1.0,7.5,0.0,1.5,3.7,6.0,2.0,6.0,1.0,0.0,5.0,,,,True,True,UNKNOWN,False,False,2020-06-25 09:00:00+00:00,,UNKNOWN,Open-Meteo Historical Forecast,FAIL_CLOSED_NO_ISSUANCE_TIMESTAMP,22.8,76.0,0.0,2.3,NPB,2020-06-25 18:00:00,1,,,0,
2020062502,2020-06-25 18:00:00,東京ヤクルトスワローズ,阪神タイガース,3.0,1.0,UNKNOWN,明治神宮野球場,unknown,low,False,False,900425,1300045,[],[],,,,,0,light,2020-06-25 18:00:00+00:00,,UNKNOWN,,,,UNKNOWN,UNKNOWN,,UNKNOWN,,0.0,1.0,4.5,0.0,0.0,2.2,6.0,0.0,6.0,0.0,0.0,3.0,,,,0.0,0.7142857142857143,6.428571428571429,2.5714285714285716,0.0,2.628571428571429,7.0,0.0,3.0,0.0,2.0,5.0,,,,True,True,UNKNOWN,False,False,,,,,,,,,,NPB,2020-06-25 18:00:00,1,,,0,
2020062503,2020-06-25 18:00:00,横浜DeNAベイスターズ,中日ドラゴンズ,10.0,2.0,UNKNOWN,横浜スタジアム,excluded,high,False,False,1900039,1900031,[],[],,,,,0,light,2020-06-25 18:00:00+00:00,,UNKNOWN,,,,UNKNOWN,UNKNOWN,,UNKNOWN,,9.0,1.6,10.8,0.0,1.8,3.4000000000000004,5.0,5.0,8.0,1.0,0.0,6.0,,,,0.0,0.3333333333333333,7.5,1.5,0.0,2.033333333333333,6.0,0.0,1.0,0.0,1.0,5.0,,,,True,True,UNKNOWN,False,False,,,,,,,,,,NPB,2020-06-25 18:00:00,1,,,0,
2020062504,2020-06-25 18:00:00,東北楽天ゴールデンイーグルス,北海道日本ハムファイターズ,5.0,8.0,UNKNOWN,楽天生命パーク宮城,unknown,low,False,False,1900129,1000154,[],[],,,,,0,light,2020-06-25 18:00:00+00:00,,UNKNOWN,,,,UNKNOWN,UNKNOWN,,UNKNOWN,,1.5,0.6666666666666666,6.0,1.5,0.0,2.3666666666666667,6.0,1.0,3.0,0.0,1.0,4.0,,,,9.642857142857142,1.5,3.8571428571428568,0.0,3.8571428571428568,7.914285714285715,4.666666666666667,5.0,7.0,2.0,0.0,2.0,,,,True,True,UNKNOWN,False,False,,,,,,,,,,NPB,2020-06-25 18:00:00,1,,,0,
2020062505,2020-06-25 18:00:00,埼玉西武ライオンズ,福岡ソフトバンクホークス,2.0,4.0,UNKNOWN,メットライフドーム,excluded,high,False,False,900121,1500104,[],[],,,,,0,light,2020-06-25 18:00:00+00:00,,UNKNOWN,,,,UNKNOWN,UNKNOWN,,UNKNOWN,,2.3478260869565215,0.3913043478260869,8.217391304347826,1.1739130434782608,0.0,1.765217391304348,7.666666666666667,2.0,2.0,0.0,1.0,7.0,,,,3.6,0.8,7.2,1.8,3.6,7.4,5.0,2.0,3.0,2.0,1.0,4.0,,,,True,True,UNKNOWN,False,False,,,,,,,,,,NPB,2020-06-25 18:00:00,1,,,0,
2020062506,2020-06-25 18:00:00,千葉ロッテマリーンズ,オリックス・バファローズ,5.0,0.0,UNKNOWN,ZOZOマリンスタジアム,excluded,high,False,False,1900089,1400190,[],[],,,,,0,light,2020-06-25 18:00:00+00:00,,UNKNOWN,,,,UNKNOWN,UNKNOWN,,UNKNOWN,,15.0,3.0,9.0,18.0,3.0,11.533333333333335,3.0,5.0,3.0,1.0,6.0,3.0,,,,0.0,0.8823529411764706,7.941176470588235,1.588235294117647,0.0,1.9647058823529415,5.666666666666667,0.0,4.0,0.0,1.0,5.0,,,,True,True,UNKNOWN,False,False,,,,,,,,,,NPB,2020-06-25 18:00:00,1,,,0,
2020062601,2020-06-26 18:00:00,東京ヤクルトスワローズ,読売ジャイアンツ,5.0,6.0,UNKNOWN,明治神宮野球場,unknown,low,False,False,1200041,12113,[],[],,,,,0,light,2020-06-26 18:00:00+00:00,,UNKNOWN,,,,UNKNOWN,UNKNOWN,,UNKNOWN,,7.941176470588235,1.588235294117647,6.352941176470588,3.176470588235294,1.588235294117647,5.141176470588236,5.666666666666667,5.0,7.0,1.0,2.0,4.0,,,,1.5,1.0,9.0,1.5,1.5,3.8666666666666667,6.0,1.0,5.0,1.0,1.0,6.0,,,,True,True,UNKNOWN,False,False,,,,,,,,,,NPB,2020-06-26 18:00:00,1,,,0,
2020062602,2020-06-26 18:00:00,横浜DeNAベイスターズ,阪神タイガース,6.0,0.0,UNKNOWN,横浜スタジアム,unknown,low,False,False,900062,1500061,[],[],,,,,0,light,2020-06-26 18:00:00+00:00,,UNKNOWN,,,,UNKNOWN,UNKNOWN,,UNKNOWN,,1.2857142857142858,1.1428571428571428,3.857142857142857,0.0,1.2857142857142858,4.2,7.0,1.0,8.0,1.0,0.0,3.0,,,,0.0,0.625,7.875,1.125,0.0,1.8250000000000002,8.0,0.0,4.0,0.0,1.0,7.0,,,,True,True,UNKNOWN,False,False,,,,,,,,,,NPB,2020-06-26 18:00:00,1,,,0,
2020062603,2020-06-26 18:00:00,中日ドラゴンズ,広島東洋カープ,1.0,4.0,UNKNOWN,ナゴヤドーム,unknown,low,False,False,1300057,1000138,[],[],,,,,0,light,2020-06-26 18:00:00+00:00,,UNKNOWN,,,,UNKNOWN,UNKNOWN,,UNKNOWN,,1.0,1.0,4.0,1.0,0.0,2.644444444444445,9.0,1.0,8.0,0.0,1.0,4.0,,,,6.0,2.0,6.0,1.5,4.5,8.866666666666667,6.0,4.0,11.0,3.0,1.0,4.0,,,,True,True,UNKNOWN,False,False,,,,,,,,,,NPB,2020-06-26 18:00:00,1,,,0,
2020062604,2020-06-26 18:00:00,東北楽天ゴールデンイーグルス,北海道日本ハムファイターズ,7.0,1.0,UNKNOWN,楽天生命パーク宮城,unknown,low,False,False,1400117,1200117,[],[],,,,,0,light,2020-06-26 18:00:00+00:00,,UNKNOWN,,,,UNKNOWN,UNKNOWN,,UNKNOWN,,6.0,1.8333333333333333,10.5,1.5,1.5,3.5333333333333337,6.0,4.0,10.0,1.0,1.0,7.0,,,,1.2857142857142858,0.7142857142857143,12.857142857142858,1.2857142857142858,0.0,0.7714285714285718,7.0,1.0,4.0,0.0,1.0,10.0,,,,True,True,UNKNOWN,False,False,,,,,,,,,,NPB,2020-06-26 18:00:00,1,,,0,
2020062605,2020-06-26 18:00:00,埼玉西武ライオンズ,福岡ソフトバンクホークス,7.0,4.0,UNKNOWN,メットライフドーム,unknown,low,False,False,1200106,1800022,[],[],,,,,0,light,2020-06-26 18:00:00+00:00,,UNKNOWN,,,,UNKNOWN,UNKNOWN,,UNKNOWN,,4.5,1.3333333333333333,4.5,3.0,3.0,7.533333333333333,6.0,3.0,6.0,2.0,2.0,3.0,,,,2.8421052631578947,1.105263157894737,11.368421052631579,1.4210526315789473,0.0,1.1473684210526316,6.333333333333333,2.0,6.0,0.0,1.0,8.0,,,,True,True,UNKNOWN,False,False,,,,,,,,,,NPB,2020-06-26 18:00:00,1,,,0,
2020062606,2020-06-26 18:00:00,千葉ロッテマリーンズ,オリックス・バファローズ,6.0,5.0,UNKNOWN,ZOZOマリンスタジアム,unknown,low,False,False,1600150,1300050,[],[],,,,,0,light,2020-06-26 18:00:00+00:00,,UNKNOWN,,,,UNKNOWN,UNKNOWN,,UNKNOWN,,0.0,0.0,0.0,0.0,0.0,3.2,0.3333333333333333,0.0,0.0,0.0,0.0,0.0,,,,6.0,1.5,6.0,3.0,3.0,7.2,6.0,4.0,7.0,2.0,2.0,4.0,,,,True,True,UNKNOWN,False,False,,,,,,,,,,NPB,2020-06-26 18:00:00,1,,,0,
2020062701,2020-06-27 14:00:00,東京ヤクルトスワローズ,読売ジャイアンツ,9.0,6.0,UNKNOWN,明治神宮野球場,unknown,low,False,False,1300029,1200076,[],[],,,,,0,light,2020-06-27 14:00:00+00:00,,UNKNOWN,,,,UNKNOWN,UNKNOWN,,UNKNOWN,,3.6,1.2,5.4,0.0,0.0,2.0,5.0,2.0,6.0,0.0,0.0,3.0,,,,6.75,2.0625,5.0625,5.0625,3.375,8.6375,5.333333333333333,4.0,8.0,2.0,3.0,3.0,,,,True,True,UNKNOWN,False,False,,,,,,,,,,NPB,2020-06-27 14:00:00,1,,,0,
2020062703,2020-06-27 14:00:00,中日ドラゴンズ,広島東洋カープ,6.0,1.0,UNKNOWN,ナゴヤドーム,unknown,low,False,False,1600123,600078,[],[],,,,,0,light,2020-06-27 14:00:00+00:00,,UNKNOWN,,,,UNKNOWN,UNKNOWN,,UNKNOWN,,9.0,2.5,9.0,0.0,0.0,1.2000000000000002,2.0,2.0,5.0,0.0,0.0,2.0,,,,1.8,0.8,3.6,0.0,0.0,2.4000000000000004,5.0,1.0,4.0,0.0,0.0,2.0,,,,True,True,UNKNOWN,False,False,,,,,,,,,,NPB,2020-06-27 14:00:00,1,,,0,
2020062704,2020-06-27 14:00:00,東北楽天ゴールデンイーグルス,北海道日本ハムファイターズ,18.0,4.0,UNKNOWN,楽天生命パーク宮城,unknown,low,False,False,1500110,1300084,[],[],,,,,0,light,2020-06-27 14:00:00+00:00,,UNKNOWN,,,,UNKNOWN,UNKNOWN,,UNKNOWN,,9.0,2.25,6.75,6.75,0.0,3.95,4.0,4.0,6.0,0.0,3.0,3.0,,,,7.7142857142857135,1.9285714285714284,7.7142857142857135,5.785714285714286,3.8571428571428568,8.985714285714286,4.666666666666667,4.0,6.0,2.0,3.0,4.0,,,,True,True,UNKNOWN,False,False,,,,,,,,,,NPB,2020-06-27 14:00:00,1,,,0,
2020062705,2020-06-27 14:00:00,埼玉西武ライオンズ,福岡ソフトバンクホークス,8.0,7.0,UNKNOWN,メットライフドーム,unknown,low,False,False,20204,1800080,[],[],,,,,0,light,2020-06-27 14:00:00+00:00,,UNKNOWN,,,,UNKNOWN,UNKNOWN,,UNKNOWN,,15.0,2.3333333333333335,6.0,6.0,3.0,8.2,3.0,5.0,5.0,1.0,2.0,2.0,,,,21.0,3.3333333333333335,3.0,12.0,6.0,15.2,3.0,7.0,6.0,2.0,4.0,1.0,,,,True,True,UNKNOWN,False,False,,,,,,,,,,NPB,2020-06-27 14:00:00,1,,,0,
2020062706,2020-06-27 14:00:00,千葉ロッテマリーンズ,オリックス・バファローズ,2.0,1.0,UNKNOWN,ZOZOマリンスタジアム,unknown,low,False,False,1700109,1600146,[],[],,,,,0,light,2020-06-27 14:00:00+00:00,,UNKNOWN,,,,UNKNOWN,UNKNOWN,,UNKNOWN,,1.3499999999999999,0.44999999999999996,9.45,0.0,0.0,1.1,6.666666666666667,1.0,3.0,0.0,0.0,7.0,,,,1.2857142857142858,0.5714285714285714,10.285714285714286,1.2857142857142858,1.2857142857142858,3.2,7.0,1.0,3.0,1.0,1.0,8.0,,,,True,True,UNKNOWN,False,False,,,,,,,,,,NPB,2020-06-27 14:00:00,1,,,0,
2020062702,2020-06-27 18:00:00,横浜DeNAベイスターズ,阪神タイガース,6.0,8.0,UNKNOWN,横浜スタジアム,unknown,low,False,False,1300070,1900125,[],[],,,,,0,light,2020-06-27 18:00:00+00:00,,UNKNOWN,,,,UNKNOWN,UNKNOWN,,UNKNOWN,,6.75,2.0,4.5,2.25,0.0,2.95,4.0,3.0,7.0,0.0,1.0,2.0,,,,9.0,1.6,5.4,1.8,1.8,5.2,5.0,5.0,7.0,1.0,1.0,3.0,,,,True,True,UNKNOWN,False,False,,,,,,,,,,NPB,2020-06-27 18:00:00,1,,,0,
2020062801,2020-06-28 13:00:00,東京ヤクルトスワローズ,読売ジャイアンツ,0.0,12.0,UNKNOWN,明治神宮野球場,unknown,low,False,False,1900143,700103,[],[],,,,,0,light,2020-06-28 13:00:00+00:00,,UNKNOWN,,,,UNKNOWN,UNKNOWN,,UNKNOWN,,0.0,1.1666666666666667,4.5,6.0,0.0,4.2,6.0,0.0,3.0,0.0,4.0,3.0,,,,27.000000000000004,4.2,5.4,21.6,0.0,9.200000000000001,1.6666666666666665,5.0,3.0,0.0,4.0,1.0,,,,True,True,UNKNOWN,False,False,,,,,,,,,,NPB,2020-06-28 13:00:00,1,,,0,
2020062804,2020-06-28 13:00:00,東北楽天ゴールデンイーグルス,北海道日本ハムファイターズ,4.0,6.0,UNKNOWN,楽天生命パーク宮城,unknown,low,False,False,1300094,1600005,[],[],,,,,0,light,2020-06-28 13:00:00+00:00,,UNKNOWN,,,,UNKNOWN,UNKNOWN,,UNKNOWN,,3.0,1.0,10.5,1.5,0.0,1.366666666666667,6.0,2.0,5.0,0.0,1.0,7.0,,,,11.25,2.0,11.25,6.75,4.5,9.45,4.0,5.0,5.0,2.0,3.0,5.0,,,,True,True,UNKNOWN,False,False,,,,,,,,,,NPB,2020-06-28 13:00:00,1,,,0,
2020062805,2020-06-28 13:00:00,埼玉西武ライオンズ,福岡ソフトバンクホークス,4.0,3.0,UNKNOWN,メットライフドーム,unknown,low,False,False,900100,1700125,[],[],,,,,0,light,2020-06-28 13:00:00+00:00,,UNKNOWN,,,,UNKNOWN,UNKNOWN,,UNKNOWN,,4.5,2.0,4.5,4.5,1.5,5.866666666666667,6.0,3.0,9.0,1.0,3.0,3.0,,,,4.5,1.0,3.0,3.0,1.5,5.7,6.0,3.0,4.0,1.0,2.0,2.0,,,,True,True,UNKNOWN,False,False,,,,,,,,,,NPB,2020-06-28 13:00:00,1,,,0,
2020062803,2020-06-28 14:00:00,中日ドラゴンズ,広島東洋カープ,3.0,10.0,UNKNOWN,ナゴヤドーム,unknown,low,False,False,1900052,1800060,[],[],,,,,0,light,2020-06-28 14:00:00+00:00,,UNKNOWN,,,,UNKNOWN,UNKNOWN,,UNKNOWN,,3.1153846153846154,1.153846153846154,7.26923076923077,1.0384615384615385,0.0,1.9307692307692308,8.666666666666666,3.0,9.0,0.0,1.0,7.0,,,,12.6,2.4,5.4,3.6,3.6,8.4,5.0,7.0,10.0,2.0,2.0,3.0,,,,True,True,UNKNOWN,False,False,,,,,,,,,,NPB,2020-06-28 14:00:00,1,,,0,
2020062806,2020-06-28 14:00:00,千葉ロッテマリーンズ,オリックス・バファローズ,6.0,5.0,UNKNOWN,ZOZOマリンスタジアム,unknown,low,False,False,1600153,1000155,[],[],,,,,0,light,2020-06-28 14:00:00+00:00,,UNKNOWN,,,,UNKNOWN,UNKNOWN,,UNKNOWN,,6.352941176470588,1.7647058823529411,4.764705882352941,6.352941176470588,0.0,4.258823529411765,5.666666666666667,4.0,6.0,0.0,4.0,3.0,,,,3.857142857142857,1.1428571428571428,2.5714285714285716,1.2857142857142858,1.2857142857142858,4.914285714285715,7.0,3.0,7.0,1.0,1.0,2.0,,,,True,True,UNKNOWN,False,False,,,,,,,,,,NPB,2020-06-28 14:00:00,1,,,0,
2020062802,2020-06-28 18:00:00,横浜DeNAベイスターズ,阪神タイガース,9.0,1.0,UNKNOWN,横浜スタジアム,unknown,low,False,False,500040,1300031,[],[],,,,,0,light,2020-06-28 18:00:00+00:00,,UNKNOWN,,,,UNKNOWN,UNKNOWN,,UNKNOWN,,6.75,2.25,11.25,4.5,0.0,2.2,4.0,3.0,7.0,0.0,2.0,5.0,,,,1.5,0.6666666666666666,4.5,3.0,0.0,3.2,6.0,1.0,2.0,0.0,2.0,3.0,,,,True,True,UNKNOWN,False,False,,,,,,,,,,NPB,2020-06-28 18:00:00,1,,,0,
2020063001,2020-06-30 18:00:00,読売ジャイアンツ,横浜DeNAベイスターズ,5.0,2.0,UNKNOWN,東京ドーム,unknown,low,False,False,1600081,1800028,[],[],,,,,0,light,2020-06-30 18:00:00+00:00,,UNKNOWN,,,,UNKNOWN,UNKNOWN,,UNKNOWN,,3.375,0.9375,0.0,3.375,1.6875,6.7625,5.333333333333333,2.0,3.0,1.0,2.0,0.0,,,,2.8421052631578947,1.105263157894737,5.684210526315789,4.2631578947368425,0.0,3.3578947368421055,6.333333333333333,2.0,4.0,0.0,3.0,4.0,,,,True,True,UNKNOWN,False,False,2020-06-30 09:00:00+00:00,,UNKNOWN,Open-Meteo Historical Forecast,FAIL_CLOSED_NO_ISSUANCE_TIMESTAMP,25.5,88.0,2.3,11.9,NPB,2020-06-30 18:00:00,1,,,0,
2020063003,2020-06-30 18:00:00,中日ドラゴンズ,阪神タイガース,5.0,0.0,UNKNOWN,ナゴヤドーム,unknown,low,False,False,1500090,1600106,[],[],,,,,0,light,2020-06-30 18:00:00+00:00,,UNKNOWN,,,,UNKNOWN,UNKNOWN,,UNKNOWN,,1.5,1.0,6.0,3.0,0.0,2.8666666666666667,6.0,1.0,4.0,0.0,2.0,4.0,,,,0.0,1.1428571428571428,9.0,6.428571428571429,0.0,3.342857142857143,7.0,0.0,3.0,0.0,5.0,7.0,,,,True,True,UNKNOWN,False,False,,,,,,,,,,NPB,2020-06-30 18:00:00,1,,,0,
2020063004,2020-06-30 18:00:00,北海道日本ハムファイターズ,福岡ソフトバンクホークス,1.0,1.0,UNKNOWN,札幌ドーム,excluded,high,False,False,1900153,1100099,[],[],,,,,0,light,2020-06-30 18:00:00+00:00,,UNKNOWN,,,,UNKNOWN,UNKNOWN,,UNKNOWN,,1.5,0.6666666666666666,15.0,1.5,0.0,0.3666666666666667,6.0,1.0,3.0,0.0,1.0,10.0,,,,1.8,1.0,7.2,5.4,0.0,3.4000000000000004,5.0,1.0,2.0,0.0,3.0,4.0,,,,True,True,UNKNOWN,False,False,,,,,,,,,,NPB,2020-06-30 18:00:00,1,,,0,
2020063005,2020-06-30 18:00:00,東北楽天ゴールデンイーグルス,千葉ロッテマリーンズ,15.0,4.0,UNKNOWN,楽天生命パーク宮城,unknown,low,False,False,1300055,1800120,[],[],,,,,0,light,2020-06-30 18:00:00+00:00,,UNKNOWN,,,,UNKNOWN,UNKNOWN,,UNKNOWN,,40.5,5.25,0.0,6.75,0.0,5.45,1.3333333333333333,6.0,6.0,0.0,1.0,0.0,,,,4.5,1.6666666666666667,7.5,3.0,1.5,4.7,6.0,3.0,8.0,1.0,2.0,5.0,,,,True,True,UNKNOWN,False,False,,,,,,,,,,NPB,2020-06-30 18:00:00,1,,,0,
2020063006,2020-06-30 18:00:00,埼玉西武ライオンズ,オリックス・バファローズ,3.0,2.0,UNKNOWN,メットライフドーム,unknown,low,False,False,1700150,1400182,[],[],,,,,0,light,2020-06-30 18:00:00+00:00,,UNKNOWN,,,,UNKNOWN,UNKNOWN,,UNKNOWN,,0.0,1.25,11.25,4.5,0.0,2.2,4.0,0.0,3.0,0.0,2.0,5.0,,,,3.0,1.5,6.0,4.5,1.5,5.533333333333333,6.0,2.0,6.0,1.0,3.0,4.0,,,,True,True,UNKNOWN,False,False,,,,,,,,,,NPB,2020-06-30 18:00:00,1,,,0,
2020070101,2020-07-01 18:00:00,読売ジャイアンツ,横浜DeNAベイスターズ,3.0,5.0,UNKNOWN,東京ドーム,unknown,low,False,False,1700062,1700002,[],[],,,,,0,light,2020-07-01 18:00:00+00:00,,UNKNOWN,,,,UNKNOWN,UNKNOWN,,UNKNOWN,,8.1,2.4,8.1,2.6999999999999997,0.0,2.3000000000000003,3.3333333333333335,3.0,7.0,0.0,1.0,3.0,,,,1.588235294117647,1.588235294117647,6.352941176470588,3.176470588235294,1.588235294117647,5.141176470588236,5.666666666666667,1.0,7.0,1.0,2.0,4.0,,,,True,True,UNKNOWN,False,False,2020-07-01 09:00:00+00:00,,UNKNOWN,Open-Meteo Historical Forecast,FAIL_CLOSED_NO_ISSUANCE_TIMESTAMP,25.6,78.0,0.0,11.3,NPB,2020-07-01 18:00:00,1,,,0,
2020070102,2020-07-01 18:00:00,東京ヤクルトスワローズ,広島東洋カープ,4.0,3.0,UNKNOWN,明治神宮野球場,unknown,low,False,False,1500007,1800143,[],[],,,,,0,light,2020-07-01 18:00:00+00:00,,UNKNOWN,,,,UNKNOWN,UNKNOWN,,UNKNOWN,,5.4,1.6,5.4,1.8,1.8,5.2,5.0,3.0,7.0,1.0,1.0,3.0,,,,1.8,1.6,9.0,3.6,0.0,2.4000000000000004,5.0,1.0,6.0,0.0,2.0,5.0,,,,True,True,UNKNOWN,False,False,,,,,,,,,,NPB,2020-07-01 18:00:00,1,,,0,
2020070103,2020-07-01 18:00:00,中日ドラゴンズ,阪神タイガース,6.0,3.0,UNKNOWN,ナゴヤドーム,unknown,low,False,False,900425,1700106,[],[],,,,,0,light,2020-07-01 18:00:00+00:00,,UNKNOWN,,,,UNKNOWN,UNKNOWN,,UNKNOWN,,10.384615384615385,1.8461538461538463,10.384615384615385,2.076923076923077,0.0,1.5846153846153848,4.333333333333333,5.0,7.0,0.0,1.0,5.0,,,,3.0,1.1666666666666667,1.5,3.0,1.5,6.033333333333333,6.0,2.0,5.0,1.0,2.0,1.0,,,,True,True,UNKNOWN,False,False,,,,,,,,,,NPB,2020-07-01 18:00:00,1,,,0,
2020070104,2020-07-01 18:00:00,北海道日本ハムファイターズ,福岡ソフトバンクホークス,0.0,4.0,UNKNOWN,札幌ドーム,unknown,low,False,False,1300080,1800002,[],[],,,,,0,light,2020-07-01 18:00:00+00:00,,UNKNOWN,,,,UNKNOWN,UNKNOWN,,UNKNOWN,,0.0,1.0,15.0,1.5,0.0,0.3666666666666667,6.0,0.0,5.0,0.0,1.0,10.0,,,,3.0,1.3333333333333333,7.5,3.0,0.0,2.5333333333333337,6.0,2.0,6.0,0.0,2.0,5.0,,,,True,True,UNKNOWN,False,False,,,,,,,,,,NPB,2020-07-01 18:00:00,1,,,0,
2020070105,2020-07-01 18:00:00,東北楽天ゴールデンイーグルス,千葉ロッテマリーンズ,5.0,3.0,UNKNOWN,楽天生命パーク宮城,unknown,low,False,False,1800052,500014,[],[],,,,,0,light,2020-07-01 18:00:00+00:00,,UNKNOWN,,,,UNKNOWN,UNKNOWN,,UNKNOWN,,11.25,2.25,6.75,4.5,4.5,9.7,4.0,5.0,7.0,2.0,2.0,3.0,,,,3.6,1.2,12.6,1.8,1.8,3.6,5.0,2.0,5.0,1.0,1.0,7.0,,,,True,True,UNKNOWN,False,False,,,,,,,,,,NPB,2020-07-01 18:00:00,1,,,0,
2020070106,2020-07-01 18:00:00,埼玉西武ライオンズ,オリックス・バファローズ,0.0,6.0,UNKNOWN,メットライフドーム,unknown,low,False,False,1400203,1600127,[],[],,,,,0,light,2020-07-01 18:00:00+00:00,,UNKNOWN,,,,UNKNOWN,UNKNOWN,,UNKNOWN,,0.0,0.4,12.6,3.6,0.0,1.6,5.0,0.0,0.0,0.0,2.0,7.0,,,,5.0625,1.5,6.75,6.75,1.6875,6.3875,5.333333333333333,3.0,4.0,1.0,4.0,4.0,,,,True,True,UNKNOWN,False,False,,,,,,,,,,NPB,2020-07-01 18:00:00,1,,,0,
2020070201,2020-07-02 18:00:00,読売ジャイアンツ,横浜DeNAベイスターズ,5.0,3.0,UNKNOWN,東京ドーム,excluded,high,False,False,1800045,1500046,[],[],,,,,0,light,2020-07-02 18:00:00+00:00,,UNKNOWN,,,,UNKNOWN,UNKNOWN,,UNKNOWN,,4.5,2.0,4.5,4.5,0.0,3.7,4.0,2.0,6.0,0.0,2.0,2.0,,,,1.125,0.5,10.125,2.25,1.125,3.325,8.0,1.0,2.0,1.0,2.0,9.0,,,,True,True,UNKNOWN,False,False,2020-07-02 09:00:00+00:00,,UNKNOWN,Open-Meteo Historical Forecast,FAIL_CLOSED_NO_ISSUANCE_TIMESTAMP,28.0,54.0,0.0,6.5,NPB,2020-07-02 18:00:00,1,,,0,
2020070202,2020-07-02 18:00:00,東京ヤクルトスワローズ,広島東洋カープ,9.0,5.0,UNKNOWN,明治神宮野球場,excluded,high,False,False,1300058,1900137,[],[],,,,,0,light,2020-07-02 18:00:00+00:00,,UNKNOWN,,,,UNKNOWN,UNKNOWN,,UNKNOWN,,7.2,1.8,9.0,3.6,3.6,7.6000000000000005,5.0,4.0,7.0,2.0,2.0,5.0,,,,12.0,2.6666666666666665,9.0,6.0,0.0,3.2,3.0,4.0,6.0,0.0,2.0,3.0,,,,True,True,UNKNOWN,False,False,,,,,,,,,,NPB,2020-07-02 18:00:00,1,,,0,
2020070203,2020-07-02 18:00:00,中日ドラゴンズ,阪神タイガース,4.0,2.0,UNKNOWN,ナゴヤドーム,unknown,low,False,False,1700154,1900039,[],[],,,,,0,light,2020-07-02 18:00:00+00:00,,UNKNOWN,,,,UNKNOWN,UNKNOWN,,UNKNOWN,,4.764705882352941,1.588235294117647,3.176470588235294,7.941176470588235,1.588235294117647,7.435294117647059,5.666666666666667,3.0,4.0,1.0,5.0,2.0,,,,1.8,1.2,5.4,5.4,0.0,3.8000000000000003,5.0,1.0,3.0,0.0,3.0,3.0,,,,True,True,UNKNOWN,False,False,,,,,,,,,,NPB,2020-07-02 18:00:00,1,,,0,
2020070204,2020-07-02 18:00:00,北海道日本ハムファイターズ,福岡ソフトバンクホークス,9.0,8.0,UNKNOWN,札幌ドーム,unknown,low,False,False,900121,1900129,[],[],,,,,0,light,2020-07-02 18:00:00+00:00,,UNKNOWN,,,,UNKNOWN,UNKNOWN,,UNKNOWN,,9.0,1.8,5.4,3.6,3.6,8.4,5.0,5.0,7.0,2.0,2.0,3.0,,,,8.307692307692308,2.076923076923077,8.307692307692308,4.153846153846154,4.153846153846154,8.73846153846154,4.333333333333333,4.0,7.0,2.0,2.0,4.0,,,,True,True,UNKNOWN,False,False,,,,,,,,,,NPB,2020-07-02 18:00:00,1,,,0,
2020070205,2020-07-02 18:00:00,東北楽天ゴールデンイーグルス,千葉ロッテマリーンズ,5.0,8.0,UNKNOWN,楽天生命パーク宮城,unknown,low,False,False,1400190,1000154,[],[],,,,,0,light,2020-07-02 18:00:00+00:00,,UNKNOWN,,,,UNKNOWN,UNKNOWN,,UNKNOWN,,3.6,1.2,5.4,0.0,1.8,4.6,5.0,2.0,6.0,1.0,0.0,3.0,,,,11.571428571428571,2.571428571428571,3.8571428571428568,11.571428571428571,1.9285714285714284,8.985714285714286,4.666666666666667,6.0,6.0,1.0,6.0,2.0,,,,True,True,UNKNOWN,False,False,,,,,,,,,,NPB,2020-07-02 18:00:00,1,,,0,
2020070206,2020-07-02 18:00:00,埼玉西武ライオンズ,オリックス・バファローズ,9.0,5.0,UNKNOWN,メットライフドーム,unknown,low,False,False,1400195,1500104,[],[],,,,,0,light,2020-07-02 18:00:00+00:00,,UNKNOWN,,,,UNKNOWN,UNKNOWN,,UNKNOWN,,5.4,1.6,5.4,3.6,3.6,8.4,5.0,3.0,6.0,2.0,2.0,3.0,,,,3.8571428571428568,1.5,5.785714285714286,0.0,1.9285714285714284,4.7,4.666666666666667,2.0,7.0,1.0,0.0,3.0,,,,True,True,UNKNOWN,False,False,,,,,,,,,,NPB,2020-07-02 18:00:00,1,,,0,
2020070301,2020-07-03 18:00:00,読売ジャイアンツ,中日ドラゴンズ,5.0,0.0,UNKNOWN,東京ドーム,unknown,low,False,False,1000138,1200041,[],[],,,,,0,light,2020-07-03 18:00:00+00:00,,UNKNOWN,,,,UNKNOWN,UNKNOWN,,UNKNOWN,,1.2857142857142858,1.0,12.857142857142858,3.857142857142857,1.2857142857142858,3.4857142857142858,7.0,1.0,4.0,1.0,3.0,10.0,,,,0.0,0.3333333333333333,11.0,2.0,0.0,1.4222222222222225,9.0,0.0,1.0,0.0,2.0,11.0,,,,True,True,UNKNOWN,False,False,2020-07-03 09:00:00+00:00,,UNKNOWN,Open-Meteo Historical Forecast,FAIL_CLOSED_NO_ISSUANCE_TIMESTAMP,23.9,76.0,0.0,6.9,NPB,2020-07-03 18:00:00,1,,,0,
2020070302,2020-07-03 18:00:00,東京ヤクルトスワローズ,横浜DeNAベイスターズ,4.0,5.0,UNKNOWN,明治神宮野球場,unknown,low,False,False,1500061,12113,[],[],,,,,0,light,2020-07-03 18:00:00+00:00,,UNKNOWN,,,,UNKNOWN,UNKNOWN,,UNKNOWN,,6.0,1.6666666666666667,13.5,7.5,0.0,2.7,6.0,4.0,5.0,0.0,5.0,9.0,,,,13.5,3.9,5.3999999999999995,10.799999999999999,0.0,5.6,3.3333333333333335,5.0,9.0,0.0,4.0,2.0,,,,True,True,UNKNOWN,False,False,,,,,,,,,,NPB,2020-07-03 18:00:00,1,,,0,
2020070304,2020-07-03 18:00:00,北海道日本ハムファイターズ,福岡ソフトバンクホークス,1.0,4.0,UNKNOWN,札幌ドーム,unknown,low,False,False,1200106,1400117,[],[],,,,,0,light,2020-07-03 18:00:00+00:00,,UNKNOWN,,,,UNKNOWN,UNKNOWN,,UNKNOWN,,1.8,2.0,7.2,10.8,0.0,5.2,5.0,1.0,4.0,0.0,6.0,4.0,,,,4.5,1.125,2.25,0.0,1.125,4.325,8.0,4.0,9.0,1.0,0.0,2.0,,,,True,True,UNKNOWN,False,False,,,,,,,,,,NPB,2020-07-03 18:00:00,1,,,0,
2020070305,2020-07-03 18:00:00,東北楽天ゴールデンイーグルス,千葉ロッテマリーンズ,3.0,1.0,UNKNOWN,楽天生命パーク宮城,unknown,low,False,False,1300050,1200117,[],[],,,,,0,light,2020-07-03 18:00:00+00:00,,UNKNOWN,,,,UNKNOWN,UNKNOWN,,UNKNOWN,,4.5,1.6666666666666667,7.5,3.0,3.0,6.866666666666667,6.0,3.0,8.0,2.0,2.0,5.0,,,,0.0,0.8999999999999999,2.6999999999999997,2.6999999999999997,0.0,3.5,6.666666666666667,0.0,4.0,0.0,2.0,2.0,,,,True,True,UNKNOWN,False,False,,,,,,,,,,NPB,2020-07-03 18:00:00,1,,,0,
2020070306,2020-07-03 18:00:00,埼玉西武ライオンズ,オリックス・バファローズ,4.0,4.0,UNKNOWN,メットライフドーム,unknown,low,False,False,1600160,1800022,[],[],,,,,0,light,2020-07-03 18:00:00+00:00,,UNKNOWN,,,,UNKNOWN,UNKNOWN,,UNKNOWN,,1.8,1.6,7.2,5.4,0.0,3.4000000000000004,5.0,1.0,5.0,0.0,3.0,4.0,,,,6.0,0.8333333333333334,4.5,1.5,1.5,4.866666666666667,6.0,4.0,4.0,1.0,1.0,3.0,,,,True,True,UNKNOWN,False,False,,,,,,,,,,NPB,2020-07-03 18:00:00,1,,,0,
2020070401,2020-07-04 14:00:00,読売ジャイアンツ,中日ドラゴンズ,7.0,3.0,UNKNOWN,東京ドーム,unknown,low,False,False,600078,1300029,[],[],,,,,0,light,2020-07-04 14:00:00+00:00,,UNKNOWN,,,,UNKNOWN,UNKNOWN,,UNKNOWN,,9.0,1.75,11.25,2.25,4.5,7.95,4.0,4.0,6.0,2.0,1.0,5.0,,,,0.0,0.3333333333333333,6.0,0.0,0.0,1.866666666666667,3.0,0.0,1.0,0.0,0.0,2.0,,,,True,True,UNKNOWN,False,False,2020-07-04 05:00:00+00:00,,UNKNOWN,Open-Meteo Historical Forecast,FAIL_CLOSED_NO_ISSUANCE_TIMESTAMP,26.6,71.0,0.5,12.2,NPB,2020-07-04 14:00:00,1,,,0,
2020070403,2020-07-04 14:00:00,広島東洋カープ,阪神タイガース,3.0,9.0,UNKNOWN,MAZDA Zoom-Zoom スタジアム広島,unknown,low,False,False,1300070,1300057,[],[],,,,,0,light,2020-07-04 14:00:00+00:00,,UNKNOWN,,,,UNKNOWN,UNKNOWN,,UNKNOWN,,4.5,1.5,9.0,0.0,0.0,1.2000000000000002,6.0,3.0,9.0,0.0,0.0,6.0,,,,11.25,2.0,6.75,0.0,2.25,4.95,4.0,5.0,8.0,1.0,0.0,3.0,,,,True,True,UNKNOWN,False,False,,,,,,,,,,NPB,2020-07-04 14:00:00,1,,,0,
2020070404,2020-07-04 14:00:00,北海道日本ハムファイターズ,福岡ソフトバンクホークス,3.0,8.0,UNKNOWN,札幌ドーム,unknown,low,False,False,20204,1500110,[],[],,,,,0,light,2020-07-04 14:00:00+00:00,,UNKNOWN,,,,UNKNOWN,UNKNOWN,,UNKNOWN,,3.857142857142857,0.8571428571428571,5.142857142857143,2.5714285714285716,0.0,2.9142857142857146,7.0,3.0,4.0,0.0,2.0,4.0,,,,10.799999999999999,2.4,8.1,2.6999999999999997,2.6999999999999997,6.2,3.3333333333333335,4.0,7.0,1.0,1.0,3.0,,,,True,True,UNKNOWN,False,False,,,,,,,,,,NPB,2020-07-04 14:00:00,1,,,0,
2020070405,2020-07-04 14:00:00,東北楽天ゴールデンイーグルス,千葉ロッテマリーンズ,3.0,1.0,UNKNOWN,楽天生命パーク宮城,excluded,high,False,False,1600146,700065,[],[],,,,,0,light,2020-07-04 14:00:00+00:00,,UNKNOWN,,,,UNKNOWN,UNKNOWN,,UNKNOWN,,4.5,1.6666666666666667,3.0,3.0,1.5,5.7,6.0,3.0,8.0,1.0,2.0,2.0,,,,1.8,1.4,9.0,5.4,0.0,3.0,5.0,1.0,4.0,0.0,3.0,5.0,,,,True,True,UNKNOWN,False,False,,,,,,,,,,NPB,2020-07-04 14:00:00,1,,,0,
2020070402,2020-07-04 18:00:00,東京ヤクルトスワローズ,横浜DeNAベイスターズ,10.0,8.0,UNKNOWN,明治神宮野球場,excluded,high,False,False,1700067,1200076,[],[],,,,,0,light,2020-07-04 18:00:00+00:00,,UNKNOWN,,,,UNKNOWN,UNKNOWN,,UNKNOWN,,12.0,1.3333333333333333,3.0,6.0,6.0,13.2,3.0,4.0,2.0,2.0,2.0,1.0,,,,6.0,1.5,3.0,1.5,3.0,7.366666666666667,6.0,4.0,8.0,2.0,1.0,2.0,,,,True,True,UNKNOWN,False,False,,,,,,,,,,NPB,2020-07-04 18:00:00,1,,,0,
2020070406,2020-07-04 18:00:00,埼玉西武ライオンズ,オリックス・バファローズ,3.0,4.0,UNKNOWN,メットライフドーム,unknown,low,False,False,1700109,1800080,[],[],,,,,0,light,2020-07-04 18:00:00+00:00,,UNKNOWN,,,,UNKNOWN,UNKNOWN,,UNKNOWN,,3.857142857142857,0.8571428571428571,3.857142857142857,1.2857142857142858,0.0,2.771428571428572,7.0,3.0,5.0,0.0,1.0,3.0,,,,1.2857142857142858,0.7142857142857143,6.428571428571429,0.0,1.2857142857142858,3.6285714285714286,7.0,1.0,5.0,1.0,0.0,5.0,,,,True,True,UNKNOWN,False,False,,,,,,,,,,NPB,2020-07-04 18:00:00,1,,,0,
2020070504,2020-07-05 13:00:00,北海道日本ハムファイターズ,福岡ソフトバンクホークス,5.0,3.0,UNKNOWN,札幌ドーム,unknown,low,False,False,900100,1900070,[],[],,,,,0,light,2020-07-05 13:00:00+00:00,,UNKNOWN,,,,UNKNOWN,UNKNOWN,,UNKNOWN,,10.384615384615385,2.7692307692307696,4.153846153846154,8.307692307692308,2.076923076923077,8.046153846153846,4.333333333333333,5.0,8.0,1.0,4.0,2.0,,,,4.5,1.75,9.0,6.75,2.25,6.7,4.0,2.0,4.0,1.0,3.0,4.0,,,,True,True,UNKNOWN,False,False,,,,,,,,,,NPB,2020-07-05 13:00:00,1,,,0,
2020070505,2020-07-05 13:00:00,東北楽天ゴールデンイーグルス,千葉ロッテマリーンズ,8.0,1.0,UNKNOWN,楽天生命パーク宮城,unknown,low,False,False,1000155,1600005,[],[],,,,,0,light,2020-07-05 13:00:00+00:00,,UNKNOWN,,,,UNKNOWN,UNKNOWN,,UNKNOWN,,6.352941176470588,2.2941176470588234,6.352941176470588,6.352941176470588,1.588235294117647,6.2,5.666666666666667,4.0,9.0,1.0,4.0,4.0,,,,1.5,0.6666666666666666,1.5,3.0,0.0,3.8666666666666667,6.0,1.0,2.0,0.0,2.0,1.0,,,,True,True,UNKNOWN,False,False,,,,,,,,,,NPB,2020-07-05 13:00:00,1,,,0,
2020070503,2020-07-05 13:30:00,広島東洋カープ,阪神タイガース,3.0,8.0,UNKNOWN,MAZDA Zoom-Zoom スタジアム広島,unknown,low,False,False,900062,1700072,[],[],,,,,0,light,2020-07-05 13:30:00+00:00,,UNKNOWN,,,,UNKNOWN,UNKNOWN,,UNKNOWN,,3.375,0.875,7.875,1.125,1.125,3.45,8.0,3.0,6.0,1.0,1.0,7.0,,,,14.4,2.4,5.4,10.8,5.4,13.399999999999999,5.0,8.0,6.0,3.0,6.0,3.0,,,,True,True,UNKNOWN,False,False,,,,,,,,,,NPB,2020-07-05 13:30:00,1,,,0,
2020070501,2020-07-05 14:00:00,読売ジャイアンツ,中日ドラゴンズ,4.0,6.0,UNKNOWN,東京ドーム,unknown,low,False,False,1800060,1900143,[],[],,,,,0,light,2020-07-05 14:00:00+00:00,,UNKNOWN,,,,UNKNOWN,UNKNOWN,,UNKNOWN,,4.5,1.5,10.5,6.0,1.5,5.033333333333333,6.0,3.0,5.0,1.0,4.0,7.0,,,,13.5,3.5,0.0,4.5,0.0,4.7,2.0,3.0,6.0,0.0,1.0,0.0,,,,True,True,UNKNOWN,False,False,2020-07-05 05:00:00+00:00,,UNKNOWN,Open-Meteo Historical Forecast,FAIL_CLOSED_NO_ISSUANCE_TIMESTAMP,25.4,78.0,1.4,5.1,NPB,2020-07-05 14:00:00,1,,,0,
2020070502,2020-07-05 17:00:00,東京ヤクルトスワローズ,横浜DeNAベイスターズ,1.0,8.0,UNKNOWN,明治神宮野球場,unknown,low,False,False,1300031,1300045,[],[],,,,,0,light,2020-07-05 17:00:00+00:00,,UNKNOWN,,,,UNKNOWN,UNKNOWN,,UNKNOWN,,0.0,0.42857142857142855,10.285714285714286,0.0,0.0,0.9142857142857146,7.0,0.0,3.0,0.0,0.0,8.0,,,,7.2,1.8,5.4,3.6,1.8,5.800000000000001,5.0,4.0,7.0,1.0,2.0,3.0,,,,True,True,UNKNOWN,False,False,,,,,,,,,,NPB,2020-07-05 17:00:00,1,,,0,
2020070506,2020-07-05 18:00:00,埼玉西武ライオンズ,オリックス・バファローズ,5.0,8.0,UNKNOWN,メットライフドーム,unknown,low,False,False,1600153,1700125,[],[],,,,,0,light,2020-07-05 18:00:00+00:00,,UNKNOWN,,,,UNKNOWN,UNKNOWN,,UNKNOWN,,1.2857142857142858,0.5714285714285714,5.142857142857143,0.0,0.0,2.0571428571428574,7.0,1.0,4.0,0.0,0.0,4.0,,,,4.764705882352941,1.9411764705882353,1.588235294117647,4.764705882352941,1.588235294117647,6.729411764705882,5.666666666666667,3.0,8.0,1.0,3.0,1.0,,,,True,True,UNKNOWN,False,False,,,,,,,,,,NPB,2020-07-05 18:00:00,1,,,0,
2020070701,2020-07-07 18:00:00,中日ドラゴンズ,東京ヤクルトスワローズ,1.0,2.0,UNKNOWN,ナゴヤドーム,unknown,low,False,False,1800143,1600106,[],[],,,,,0,light,2020-07-07 18:00:00+00:00,,UNKNOWN,,,,UNKNOWN,UNKNOWN,,UNKNOWN,,0.0,1.3333333333333333,4.5,10.5,0.0,5.7,6.0,0.0,1.0,0.0,7.0,3.0,,,,1.2857142857142858,1.1428571428571428,12.857142857142858,2.5714285714285716,0.0,1.2000000000000002,7.0,1.0,6.0,0.0,2.0,10.0,,,,True,True,UNKNOWN,False,False,,,,,,,,,,NPB,2020-07-07 18:00:00,1,,,0,
2020070704,2020-07-07 18:00:00,千葉ロッテマリーンズ,埼玉西武ライオンズ,8.0,6.0,UNKNOWN,ZOZOマリンスタジアム,unknown,low,False,False,1400182,1600145,[],[],,,,,0,light,2020-07-07 18:00:00+00:00,,UNKNOWN,,,,UNKNOWN,UNKNOWN,,UNKNOWN,,9.0,1.6666666666666667,13.5,1.5,1.5,2.8666666666666667,6.0,6.0,9.0,1.0,1.0,9.0,,,,3.0,1.1666666666666667,7.5,3.0,0.0,2.5333333333333337,6.0,2.0,5.0,0.0,2.0,5.0,,,,True,True,UNKNOWN,False,False,,,,,,,,,,NPB,2020-07-07 18:00:00,1,,,0,
2020070705,2020-07-07 18:00:00,オリックス・バファローズ,北海道日本ハムファイターズ,7.0,1.0,UNKNOWN,京セラドーム大阪,unknown,low,False,False,1300094,1700150,[],[],,,,,0,light,2020-07-07 18:00:00+00:00,,UNKNOWN,,,,UNKNOWN,UNKNOWN,,UNKNOWN,,6.230769230769231,1.8461538461538463,6.230769230769231,2.076923076923077,2.076923076923077,5.507692307692308,4.333333333333333,3.0,7.0,1.0,1.0,3.0,,,,0.0,0.2857142857142857,10.285714285714286,0.0,0.0,0.9142857142857146,7.0,0.0,2.0,0.0,0.0,8.0,,,,True,True,UNKNOWN,False,False,,,,,,,,,,NPB,2020-07-07 18:00:00,1,,,0,
2020070706,2020-07-07 18:00:00,福岡ソフトバンクホークス,東北楽天ゴールデンイーグルス,4.0,3.0,UNKNOWN,福岡PayPayドーム,excluded,high,False,False,1800120,1000174,[],[],,,,,0,light,2020-07-07 18:00:00+00:00,,UNKNOWN,,,,UNKNOWN,UNKNOWN,,UNKNOWN,,4.5,1.1666666666666667,4.5,1.5,3.0,7.033333333333333,6.0,3.0,6.0,2.0,1.0,3.0,,,,5.4,1.6,10.8,7.2,1.8,5.800000000000001,5.0,3.0,4.0,1.0,4.0,6.0,,,,True,True,UNKNOWN,False,False,,,,,,,,,,NPB,2020-07-07 18:00:00,1,,,0,
2020070801,2020-07-08 18:00:00,中日ドラゴンズ,東京ヤクルトスワローズ,5.0,5.0,UNKNOWN,ナゴヤドーム,unknown,low,False,False,1900137,1700106,[],[],,,,,0,light,2020-07-08 18:00:00+00:00,,UNKNOWN,,,,UNKNOWN,UNKNOWN,,UNKNOWN,,15.0,3.0,3.0,6.0,0.0,4.533333333333333,3.0,5.0,7.0,0.0,2.0,1.0,,,,15.0,3.0,12.0,15.0,0.0,5.533333333333333,3.0,5.0,4.0,0.0,5.0,4.0,,,,True,True,UNKNOWN,False,False,,,,,,,,,,NPB,2020-07-08 18:00:00,1,,,0,
2020070803,2020-07-08 18:00:00,広島東洋カープ,横浜DeNAベイスターズ,6.0,3.0,UNKNOWN,MAZDA Zoom-Zoom スタジアム広島,unknown,low,False,False,1600081,1500007,[],[],,,,,0,light,2020-07-08 18:00:00+00:00,,UNKNOWN,,,,UNKNOWN,UNKNOWN,,UNKNOWN,,3.375,2.8125,3.375,15.1875,0.0,7.5125,5.333333333333333,2.0,6.0,0.0,9.0,2.0,,,,3.857142857142857,1.1428571428571428,6.428571428571429,2.5714285714285716,0.0,2.628571428571429,7.0,3.0,6.0,0.0,2.0,5.0,,,,True,True,UNKNOWN,False,False,,,,,,,,,,NPB,2020-07-08 18:00:00,1,,,0,
2020070804,2020-07-08 18:00:00,千葉ロッテマリーンズ,埼玉西武ライオンズ,0.0,3.0,UNKNOWN,ZOZOマリンスタジアム,unknown,low,False,False,1600127,1800052,[],[],,,,,0,light,2020-07-08 18:00:00+00:00,,UNKNOWN,,,,UNKNOWN,UNKNOWN,,UNKNOWN,,0.0,1.0,5.142857142857143,6.428571428571429,0.0,4.2,7.0,0.0,2.0,0.0,5.0,4.0,,,,3.0,1.1666666666666667,9.0,1.5,1.5,3.8666666666666667,6.0,2.0,6.0,1.0,1.0,6.0,,,,True,True,UNKNOWN,False,False,,,,,,,,,,NPB,2020-07-08 18:00:00,1,,,0,
2020070805,2020-07-08 18:00:00,オリックス・バファローズ,北海道日本ハムファイターズ,4.0,10.0,UNKNOWN,京セラドーム大阪,unknown,low,False,False,1800002,1400203,[],[],,,,,0,light,2020-07-08 18:00:00+00:00,,UNKNOWN,,,,UNKNOWN,UNKNOWN,,UNKNOWN,,1.5,1.0,7.5,1.5,1.5,4.2,6.0,1.0,5.0,1.0,1.0,5.0,,,,15.75,2.75,11.25,13.5,2.25,8.45,4.0,7.0,5.0,1.0,6.0,5.0,,,,True,True,UNKNOWN,False,False,,,,,,,,,,NPB,2020-07-08 18:00:00,1,,,0,
2020070806,2020-07-08 18:00:00,福岡ソフトバンクホークス,東北楽天ゴールデンイーグルス,8.0,12.0,UNKNOWN,福岡PayPayドーム,unknown,low,False,False,500014,1400129,[],[],,,,,0,light,2020-07-08 18:00:00+00:00,,UNKNOWN,,,,UNKNOWN,UNKNOWN,,UNKNOWN,,10.8,2.2,7.2,1.8,1.8,4.800000000000001,5.0,6.0,10.0,1.0,1.0,4.0,,,,27.0,4.0,9.0,9.0,4.5,10.7,2.0,6.0,6.0,1.0,2.0,2.0,,,,True,True,UNKNOWN,False,False,,,,,,,,,,NPB,2020-07-08 18:00:00,1,,,0,
2020070901,2020-07-09 18:00:00,中日ドラゴンズ,東京ヤクルトスワローズ,6.0,8.0,UNKNOWN,ナゴヤドーム,excluded,high,False,False,1500042,1900039,[],[],,,,,0,light,2020-07-09 18:00:00+00:00,,UNKNOWN,,,,UNKNOWN,UNKNOWN,,UNKNOWN,,3.6,1.2,16.2,3.6,0.0,0.8000000000000003,5.0,2.0,4.0,0.0,2.0,9.0,,,,9.0,2.0,11.25,6.75,0.0,2.95,4.0,4.0,5.0,0.0,3.0,5.0,,,,True,True,UNKNOWN,False,False,,,,,,,,,,NPB,2020-07-09 18:00:00,1,,,0,
2020070902,2020-07-09 18:00:00,阪神タイガース,読売ジャイアンツ,2.0,1.0,UNKNOWN,阪神甲子園球場,unknown,low,False,False,1700002,1700154,[],[],,,,,0,light,2020-07-09 18:00:00+00:00,,UNKNOWN,,,,UNKNOWN,UNKNOWN,,UNKNOWN,,2.6999999999999997,0.8999999999999999,10.799999999999999,1.3499999999999999,1.3499999999999999,3.2,6.666666666666667,2.0,5.0,1.0,1.0,8.0,,,,0.0,1.1666666666666667,6.0,9.0,0.0,4.866666666666667,6.0,0.0,1.0,0.0,6.0,4.0,,,,True,True,UNKNOWN,False,False,,,,,,,,,,NPB,2020-07-09 18:00:00,1,,,0,
2020070903,2020-07-09 18:00:00,広島東洋カープ,横浜DeNAベイスターズ,1.0,5.0,UNKNOWN,MAZDA Zoom-Zoom スタジアム広島,unknown,low,False,False,1200050,1900052,[],[],,,,,0,light,2020-07-09 18:00:00+00:00,,UNKNOWN,,,,UNKNOWN,UNKNOWN,,UNKNOWN,,1.5,1.0,6.0,3.0,0.0,2.8666666666666667,6.0,1.0,4.0,0.0,2.0,4.0,,,,3.6,2.4,10.8,7.2,0.0,3.2,5.0,2.0,8.0,0.0,4.0,6.0,,,,True,True,UNKNOWN,False,False,,,,,,,,,,NPB,2020-07-09 18:00:00,1,,,0,
2020070904,2020-07-09 18:00:00,千葉ロッテマリーンズ,埼玉西武ライオンズ,3.0,0.0,UNKNOWN,ZOZOマリンスタジアム,unknown,low,False,False,1500104,1400190,[],[],,,,,0,light,2020-07-09 18:00:00+00:00,,UNKNOWN,,,,UNKNOWN,UNKNOWN,,UNKNOWN,,5.3999999999999995,1.7999999999999998,8.1,0.0,0.0,1.4000000000000004,3.3333333333333335,2.0,6.0,0.0,0.0,3.0,,,,0.0,1.5,11.25,4.5,0.0,2.2,4.0,0.0,4.0,0.0,2.0,5.0,,,,True,True,UNKNOWN,False,False,,,,,,,,,,NPB,2020-07-09 18:00:00,1,,,0,
2020070905,2020-07-09 18:00:00,オリックス・バファローズ,北海道日本ハムファイターズ,4.0,4.0,UNKNOWN,京セラドーム大阪,unknown,low,False,False,1900129,1400195,[],[],,,,,0,light,2020-07-09 18:00:00+00:00,,UNKNOWN,,,,UNKNOWN,UNKNOWN,,UNKNOWN,,4.5,1.3333333333333333,12.0,1.5,3.0,5.366666666666667,6.0,3.0,7.0,2.0,1.0,8.0,,,,3.6,1.6,3.6,10.8,0.0,6.0,5.0,2.0,2.0,0.0,6.0,2.0,,,,True,True,UNKNOWN,False,False,,,,,,,,,,NPB,2020-07-09 18:00:00,1,,,0,
2020070906,2020-07-09 18:00:00,福岡ソフトバンクホークス,東北楽天ゴールデンイーグルス,1.0,9.0,UNKNOWN,福岡PayPayドーム,unknown,low,False,False,1000154,900121,[],[],,,,,0,light,2020-07-09 18:00:00+00:00,,UNKNOWN,,,,UNKNOWN,UNKNOWN,,UNKNOWN,,1.2857142857142858,0.7142857142857143,9.0,1.2857142857142858,0.0,1.6285714285714288,7.0,1.0,4.0,0.0,1.0,7.0,,,,9.529411764705882,1.9411764705882353,7.941176470588235,4.764705882352941,0.0,3.0235294117647062,5.666666666666667,6.0,8.0,0.0,3.0,5.0,,,,True,True,UNKNOWN,False,False,,,,,,,,,,NPB,2020-07-09 18:00:00,1,,,0,
2020071002,2020-07-10 18:00:00,中日ドラゴンズ,広島東洋カープ,3.0,2.0,UNKNOWN,ナゴヤドーム,unknown,low,False,False,1300057,1000138,[],[],,,,,0,light,2020-07-10 18:00:00+00:00,,UNKNOWN,,,,UNKNOWN,UNKNOWN,,UNKNOWN,,1.2857142857142858,1.2857142857142858,2.5714285714285716,5.142857142857143,0.0,4.342857142857143,7.0,1.0,5.0,0.0,4.0,2.0,,,,2.5714285714285716,0.5714285714285714,7.714285714285714,0.0,1.2857142857142858,3.342857142857143,7.0,2.0,4.0,1.0,0.0,6.0,,,,True,True,UNKNOWN,False,False,,,,,,,,,,NPB,2020-07-10 18:00:00,1,,,0,
2020071003,2020-07-10 18:00:00,阪神タイガース,横浜DeNAベイスターズ,3.0,2.0,UNKNOWN,阪神甲子園球場,unknown,low,False,False,1800045,1500090,[],[],,,,,0,light,2020-07-10 18:00:00+00:00,,UNKNOWN,,,,UNKNOWN,UNKNOWN,,UNKNOWN,,27.0,6.0,9.0,18.0,18.0,33.2,1.0,3.0,4.0,2.0,2.0,1.0,,,,3.6,1.2,7.2,3.6,1.8,5.4,5.0,2.0,4.0,1.0,2.0,4.0,,,,True,True,UNKNOWN,False,False,,,,,,,,,,NPB,2020-07-10 18:00:00,1,,,0,
2020071004,2020-07-10 18:00:00,千葉ロッテマリーンズ,埼玉西武ライオンズ,6.0,7.0,UNKNOWN,ZOZOマリンスタジアム,unknown,low,False,False,1800022,1300050,[],[],,,,,0,light,2020-07-10 18:00:00+00:00,,UNKNOWN,,,,UNKNOWN,UNKNOWN,,UNKNOWN,,9.0,1.6666666666666667,3.0,6.0,1.5,6.7,6.0,6.0,6.0,1.0,4.0,2.0,,,,5.142857142857143,0.8571428571428571,3.857142857142857,3.857142857142857,1.2857142857142858,5.485714285714286,7.0,4.0,3.0,1.0,3.0,3.0,,,,True,True,UNKNOWN,False,False,,,,,,,,,,NPB,2020-07-10 18:00:00,1,,,0,
2020071005,2020-07-10 18:00:00,オリックス・バファローズ,北海道日本ハムファイターズ,4.0,3.0,UNKNOWN,京セラドーム大阪,unknown,low,False,False,1400117,1600160,[],[],,,,,0,light,2020-07-10 18:00:00+00:00,,UNKNOWN,,,,UNKNOWN,UNKNOWN,,UNKNOWN,,0.0,0.42857142857142855,9.0,1.2857142857142858,0.0,1.6285714285714288,7.0,0.0,2.0,0.0,1.0,7.0,,,,5.0625,2.0625,6.75,6.75,1.6875,6.3875,5.333333333333333,3.0,7.0,1.0,4.0,4.0,,,,True,True,UNKNOWN,False,False,,,,,,,,,,NPB,2020-07-10 18:00:00,1,,,0,
2020071006,2020-07-10 18:00:00,福岡ソフトバンクホークス,東北楽天ゴールデンイーグルス,2.0,1.0,UNKNOWN,福岡PayPayドーム,unknown,low,False,False,1200117,1200106,[],[],,,,,0,light,2020-07-10 18:00:00+00:00,,UNKNOWN,,,,UNKNOWN,UNKNOWN,,UNKNOWN,,1.2857142857142858,1.2857142857142858,11.571428571428571,5.142857142857143,1.2857142857142858,4.2,7.0,1.0,5.0,1.0,4.0,9.0,,,,1.2857142857142858,0.7142857142857143,6.428571428571429,5.142857142857143,0.0,3.4857142857142858,7.0,1.0,1.0,0.0,4.0,5.0,,,,True,True,UNKNOWN,False,False,,,,,,,,,,NPB,2020-07-10 18:00:00,1,,,0,
2020071102,2020-07-11 14:00:00,中日ドラゴンズ,広島東洋カープ,4.0,19.0,UNKNOWN,ナゴヤドーム,excluded,high,False,False,1600123,1800061,[],[],,,,,0,light,2020-07-11 14:00:00+00:00,,UNKNOWN,,,,UNKNOWN,UNKNOWN,,UNKNOWN,,4.5,1.6666666666666667,6.0,3.0,1.5,5.033333333333333,6.0,3.0,8.0,1.0,2.0,4.0,,,,27.0,5.5,9.0,13.5,4.5,12.2,2.0,6.0,8.0,1.0,3.0,2.0,,,,True,True,UNKNOWN,False,False,,,,,,,,,,NPB,2020-07-11 14:00:00,1,,,0,
2020071104,2020-07-11 14:00:00,千葉ロッテマリーンズ,埼玉西武ライオンズ,6.0,4.0,UNKNOWN,ZOZOマリンスタジアム,unknown,low,False,False,1800080,1600146,[],[],,,,,0,light,2020-07-11 14:00:00+00:00,,UNKNOWN,,,,UNKNOWN,UNKNOWN,,UNKNOWN,,11.25,2.25,9.0,6.75,4.5,9.95,4.0,5.0,6.0,2.0,3.0,4.0,,,,4.5,1.5,15.0,3.0,1.5,3.0333333333333337,6.0,3.0,7.0,1.0,2.0,10.0,,,,True,True,UNKNOWN,False,False,,,,,,,,,,NPB,2020-07-11 14:00:00,1,,,0,
2020071105,2020-07-11 14:00:00,オリックス・バファローズ,北海道日本ハムファイターズ,5.0,3.0,UNKNOWN,京セラドーム大阪,unknown,low,False,False,500027,1700109,[],[],,,,,0,light,2020-07-11 14:00:00+00:00,,UNKNOWN,,,,UNKNOWN,UNKNOWN,,UNKNOWN,,4.5,1.0,0.0,4.5,0.0,4.7,2.0,1.0,1.0,0.0,1.0,0.0,,,,1.8,1.2,5.4,5.4,0.0,3.8000000000000003,5.0,1.0,3.0,0.0,3.0,3.0,,,,True,True,UNKNOWN,False,False,,,,,,,,,,NPB,2020-07-11 14:00:00,1,,,0,
2020071101,2020-07-11 18:00:00,読売ジャイアンツ,東京ヤクルトスワローズ,4.0,9.0,UNKNOWN,ほっともっとフィールド神戸,unknown,low,False,False,1200076,1900143,[],[],,,,,0,light,2020-07-11 18:00:00+00:00,,UNKNOWN,,,,UNKNOWN,UNKNOWN,,UNKNOWN,,3.0,1.0,9.0,1.5,0.0,1.7000000000000002,6.0,2.0,5.0,0.0,1.0,6.0,,,,5.0625,1.125,13.5,3.375,1.6875,3.7625,5.333333333333333,3.0,4.0,1.0,2.0,8.0,,,,True,True,UNKNOWN,False,False,,,,,,,,,,NPB,2020-07-11 18:00:00,1,,,0,
2020071103,2020-07-11 18:00:00,阪神タイガース,横浜DeNAベイスターズ,2.0,4.0,UNKNOWN,阪神甲子園球場,unknown,low,False,False,1500061,900062,[],[],,,,,0,light,2020-07-11 18:00:00+00:00,,UNKNOWN,,,,UNKNOWN,UNKNOWN,,UNKNOWN,,3.0,1.1666666666666667,9.0,3.0,1.5,4.366666666666667,6.0,2.0,5.0,1.0,2.0,6.0,,,,0.0,1.2631578947368423,9.947368421052632,2.8421052631578947,0.0,1.936842105263158,6.333333333333333,0.0,6.0,0.0,2.0,7.0,,,,True,True,UNKNOWN,False,False,,,,,,,,,,NPB,2020-07-11 18:00:00,1,,,0,
2020071106,2020-07-11 18:00:00,福岡ソフトバンクホークス,東北楽天ゴールデンイーグルス,8.0,4.0,UNKNOWN,福岡PayPayドーム,unknown,low,False,False,700065,900100,[],[],,,,,0,light,2020-07-11 18:00:00+00:00,,UNKNOWN,,,,UNKNOWN,UNKNOWN,,UNKNOWN,,7.2,1.8,9.0,7.2,1.8,6.2,5.0,4.0,5.0,1.0,4.0,5.0,,,,5.142857142857143,0.7142857142857143,3.857142857142857,1.2857142857142858,1.2857142857142858,4.628571428571429,7.0,4.0,4.0,1.0,1.0,3.0,,,,True,True,UNKNOWN,False,False,,,,,,,,,,NPB,2020-07-11 18:00:00,1,,,0,
2020071205,2020-07-12 13:00:00,オリックス・バファローズ,北海道日本ハムファイターズ,2.0,1.0,UNKNOWN,京セラドーム大阪,unknown,low,False,False,1900070,1600153,[],[],,,,,0,light,2020-07-12 13:00:00+00:00,,UNKNOWN,,,,UNKNOWN,UNKNOWN,,UNKNOWN,,1.2272727272727273,1.5,3.681818181818182,3.681818181818182,0.0,3.6090909090909093,7.333333333333333,1.0,8.0,0.0,3.0,3.0,,,,1.0,0.4444444444444444,13.0,0.0,0.0,0.31111111111111134,9.0,1.0,4.0,0.0,0.0,13.0,,,,True,True,UNKNOWN,False,False,,,,,,,,,,NPB,2020-07-12 13:00:00,1,,,0,
2020071202,2020-07-12 14:00:00,中日ドラゴンズ,広島東洋カープ,2.0,7.0,UNKNOWN,ナゴヤドーム,unknown,low,False,False,1700072,1800060,[],[],,,,,0,light,2020-07-12 14:00:00+00:00,,UNKNOWN,,,,UNKNOWN,UNKNOWN,,UNKNOWN,,1.5,1.1666666666666667,13.5,3.0,0.0,1.2000000000000002,6.0,1.0,5.0,0.0,2.0,9.0,,,,6.0,1.6666666666666667,9.0,4.5,0.0,2.7,6.0,4.0,7.0,0.0,3.0,6.0,,,,True,True,UNKNOWN,False,False,,,,,,,,,,NPB,2020-07-12 14:00:00,1,,,0,
2020071204,2020-07-12 14:00:00,千葉ロッテマリーンズ,埼玉西武ライオンズ,5.0,8.0,UNKNOWN,ZOZOマリンスタジアム,excluded,high,False,False,1700125,1900151,[],[],,,,,0,light,2020-07-12 14:00:00+00:00,,UNKNOWN,,,,UNKNOWN,UNKNOWN,,UNKNOWN,,7.7142857142857135,2.142857142857143,3.8571428571428568,3.8571428571428568,0.0,3.6285714285714286,4.666666666666667,4.0,8.0,0.0,2.0,2.0,,,,18.0,3.0,15.0,6.0,3.0,6.2,3.0,6.0,7.0,1.0,2.0,5.0,,,,True,True,UNKNOWN,False,False,,,,,,,,,,NPB,2020-07-12 14:00:00,1,,,0,
2020071206,2020-07-12 14:00:00,福岡ソフトバンクホークス,東北楽天ゴールデンイーグルス,6.0,1.0,UNKNOWN,福岡PayPayドーム,unknown,low,False,False,1600005,1300080,[],[],,,,,0,light,2020-07-12 14:00:00+00:00,,UNKNOWN,,,,UNKNOWN,UNKNOWN,,UNKNOWN,,9.0,1.5,13.5,1.5,1.5,2.8666666666666667,6.0,6.0,8.0,1.0,1.0,9.0,,,,1.2857142857142858,0.2857142857142857,14.142857142857142,0.0,0.0,0.057142857142857384,7.0,1.0,2.0,0.0,0.0,11.0,,,,True,True,UNKNOWN,False,False,,,,,,,,,,NPB,2020-07-12 14:00:00,1,,,0,
2020071201,2020-07-12 18:00:00,読売ジャイアンツ,東京ヤクルトスワローズ,2.0,3.0,UNKNOWN,ほっともっとフィールド神戸,unknown,low,False,False,1300045,1500046,[],[],,,,,0,light,2020-07-12 18:00:00+00:00,,UNKNOWN,,,,UNKNOWN,UNKNOWN,,UNKNOWN,,3.6,1.6,5.4,5.4,1.8,6.4,5.0,2.0,5.0,1.0,3.0,3.0,,,,5.785714285714286,1.7142857142857142,5.785714285714286,5.785714285714286,1.9285714285714284,6.628571428571428,4.666666666666667,3.0,5.0,1.0,3.0,3.0,,,,True,True,UNKNOWN,False,False,,,,,,,,,,NPB,2020-07-12 18:00:00,1,,,0,
2020071203,2020-07-12 18:00:00,阪神タイガース,横浜DeNAベイスターズ,2.0,1.0,UNKNOWN,阪神甲子園球場,unknown,low,False,False,1300031,1300070,[],[],,,,,0,light,2020-07-12 18:00:00+00:00,,UNKNOWN,,,,UNKNOWN,UNKNOWN,,UNKNOWN,,1.5,1.1666666666666667,9.0,1.5,0.0,1.7000000000000002,6.0,1.0,6.0,0.0,1.0,6.0,,,,0.0,0.625,9.0,2.25,0.0,1.9500000000000002,8.0,0.0,3.0,0.0,2.0,8.0,,,,True,True,UNKNOWN,False,False,,,,,,,,,,NPB,2020-07-12 18:00:00,1,,,0,
2020071401,2020-07-14 18:00:00,中日ドラゴンズ,横浜DeNAベイスターズ,3.0,5.0,UNKNOWN,ナゴヤドーム,unknown,low,False,False,1800045,1700106,[],[],,,,,0,light,2020-07-14 18:00:00+00:00,,UNKNOWN,,,,UNKNOWN,UNKNOWN,,UNKNOWN,,1.125,0.375,6.75,0.0,1.125,3.325,8.0,1.0,3.0,1.0,0.0,6.0,,,,7.363636363636364,2.4545454545454546,7.363636363636364,7.363636363636364,0.0,4.0181818181818185,3.6666666666666665,3.0,6.0,0.0,3.0,3.0,,,,True,True,UNKNOWN,False,False,,,,,,,,,,NPB,2020-07-14 18:00:00,1,,,0,
2020071402,2020-07-14 18:00:00,阪神タイガース,東京ヤクルトスワローズ,6.0,3.0,UNKNOWN,阪神甲子園球場,unknown,low,False,False,12113,900425,[],[],,,,,0,light,2020-07-14 18:00:00+00:00,,UNKNOWN,,,,UNKNOWN,UNKNOWN,,UNKNOWN,,7.2,1.8,7.2,3.6,0.0,2.8000000000000003,5.0,4.0,7.0,0.0,2.0,4.0,,,,4.5,0.8333333333333334,4.5,3.0,1.5,5.366666666666667,6.0,3.0,3.0,1.0,2.0,3.0,,,,True,True,UNKNOWN,False,False,,,,,,,,,,NPB,2020-07-14 18:00:00,1,,,0,
2020071403,2020-07-14 18:00:00,広島東洋カープ,読売ジャイアンツ,2.0,7.0,UNKNOWN,MAZDA Zoom-Zoom スタジアム広島,unknown,low,False,False,1200041,1300058,[],[],,,,,0,light,2020-07-14 18:00:00+00:00,,UNKNOWN,,,,UNKNOWN,UNKNOWN,,UNKNOWN,,0.0,1.2,9.0,3.6,0.0,2.4000000000000004,5.0,0.0,4.0,0.0,2.0,5.0,,,,7.2,1.6,3.6,3.6,1.8,6.2,5.0,4.0,6.0,1.0,2.0,2.0,,,,True,True,UNKNOWN,False,False,,,,,,,,,,NPB,2020-07-14 18:00:00,1,,,0,
2020071404,2020-07-14 18:00:00,北海道日本ハムファイターズ,千葉ロッテマリーンズ,2.0,5.0,UNKNOWN,札幌ドーム,unknown,low,False,False,1000155,1100099,[],[],,,,,0,light,2020-07-14 18:00:00+00:00,,UNKNOWN,,,,UNKNOWN,UNKNOWN,,UNKNOWN,,2.5714285714285716,0.8571428571428571,9.0,0.0,0.0,1.2000000000000002,7.0,2.0,6.0,0.0,0.0,7.0,,,,5.4,1.6,10.8,3.6,1.8,4.6,5.0,3.0,6.0,1.0,2.0,6.0,,,,True,True,UNKNOWN,False,False,,,,,,,,,,NPB,2020-07-14 18:00:00,1,,,0,
2020071406,2020-07-14 18:00:00,オリックス・バファローズ,福岡ソフトバンクホークス,3.0,10.0,UNKNOWN,京セラドーム大阪,unknown,low,False,False,1000174,1700150,[],[],,,,,0,light,2020-07-14 18:00:00+00:00,,UNKNOWN,,,,UNKNOWN,UNKNOWN,,UNKNOWN,,3.0,1.1666666666666667,9.0,4.5,0.0,2.7,6.0,2.0,4.0,0.0,3.0,6.0,,,,9.818181818181818,2.7272727272727275,14.727272727272728,4.909090909090909,0.0,1.5636363636363637,3.6666666666666665,4.0,8.0,0.0,2.0,6.0,,,,True,True,UNKNOWN,False,False,,,,,,,,,,NPB,2020-07-14 18:00:00,1,,,0,
2020071501,2020-07-15 18:00:00,中日ドラゴンズ,横浜DeNAベイスターズ,2.0,1.0,UNKNOWN,ナゴヤドーム,unknown,low,False,False,1600081,1200098,[],[],,,,,0,light,2020-07-15 18:00:00+00:00,,UNKNOWN,,,,UNKNOWN,UNKNOWN,,UNKNOWN,,3.375,1.875,15.1875,5.0625,0.0,1.5125000000000002,5.333333333333333,2.0,7.0,0.0,3.0,9.0,,,,1.6875,1.125,5.0625,0.0,1.6875,4.5125,5.333333333333333,1.0,6.0,1.0,0.0,3.0,,,,True,True,UNKNOWN,False,False,,,,,,,,,,NPB,2020-07-15 18:00:00,1,,,0,
2020071502,2020-07-15 18:00:00,阪神タイガース,東京ヤクルトスワローズ,5.0,9.0,UNKNOWN,阪神甲子園球場,unknown,low,False,False,1900137,1700154,[],[],,,,,0,light,2020-07-15 18:00:00+00:00,,UNKNOWN,,,,UNKNOWN,UNKNOWN,,UNKNOWN,,1.8,1.6,5.4,3.6,1.8,5.800000000000001,5.0,1.0,6.0,1.0,2.0,3.0,,,,6.0,1.3333333333333333,7.5,3.0,1.5,4.7,6.0,4.0,6.0,1.0,2.0,5.0,,,,True,True,UNKNOWN,False,False,,,,,,,,,,NPB,2020-07-15 18:00:00,1,,,0,
2020071503,2020-07-15 18:00:00,広島東洋カープ,読売ジャイアンツ,1.0,12.0,UNKNOWN,MAZDA Zoom-Zoom スタジアム広島,unknown,low,False,False,1800028,1500007,[],[],,,,,0,light,2020-07-15 18:00:00+00:00,,UNKNOWN,,,,UNKNOWN,UNKNOWN,,UNKNOWN,,0.0,0.8333333333333334,6.0,4.5,0.0,3.3666666666666667,6.0,0.0,2.0,0.0,3.0,4.0,,,,9.0,1.8,7.2,7.2,1.8,6.6,5.0,5.0,5.0,1.0,4.0,4.0,,,,True,True,UNKNOWN,False,False,,,,,,,,,,NPB,2020-07-15 18:00:00,1,,,0,
2020071504,2020-07-15 18:00:00,北海道日本ハムファイターズ,千葉ロッテマリーンズ,6.0,4.0,UNKNOWN,札幌ドーム,unknown,low,False,False,1800052,1800002,[],[],,,,,0,light,2020-07-15 18:00:00+00:00,,UNKNOWN,,,,UNKNOWN,UNKNOWN,,UNKNOWN,,3.8571428571428568,2.142857142857143,3.8571428571428568,7.7142857142857135,0.0,4.914285714285715,4.666666666666667,2.0,6.0,0.0,4.0,2.0,,,,6.0,1.6666666666666667,6.0,7.5,1.5,6.533333333333333,6.0,4.0,5.0,1.0,5.0,4.0,,,,True,True,UNKNOWN,False,False,,,,,,,,,,NPB,2020-07-15 18:00:00,1,,,0,
2020071505,2020-07-15 18:00:00,東北楽天ゴールデンイーグルス,埼玉西武ライオンズ,11.0,0.0,UNKNOWN,楽天生命パーク宮城,unknown,low,False,False,1600127,500014,[],[],,,,,0,light,2020-07-15 18:00:00+00:00,,UNKNOWN,,,,UNKNOWN,UNKNOWN,,UNKNOWN,,11.25,2.75,11.25,15.75,2.25,9.2,4.0,5.0,4.0,1.0,7.0,5.0,,,,0.0,0.7142857142857143,9.0,5.142857142857143,0.0,2.9142857142857146,7.0,0.0,1.0,0.0,4.0,7.0,,,,True,True,UNKNOWN,False,False,,,,,,,,,,NPB,2020-07-15 18:00:00,1,,,0,
2020071506,2020-07-15 18:00:00,オリックス・バファローズ,福岡ソフトバンクホークス,0.0,7.0,UNKNOWN,京セラドーム大阪,unknown,low,False,False,20204,1400203,[],[],,,,,0,light,2020-07-15 18:00:00+00:00,,UNKNOWN,,,,UNKNOWN,UNKNOWN,,UNKNOWN,,0.0,0.6666666666666666,4.5,4.5,0.0,3.7,6.0,0.0,1.0,0.0,3.0,3.0,,,,1.5,0.6666666666666666,7.5,1.5,0.0,2.033333333333333,6.0,1.0,3.0,0.0,1.0,5.0,,,,True,True,UNKNOWN,False,False,,,,,,,,,,NPB,2020-07-15 18:00:00,1,,,0,
2020071601,2020-07-16 18:00:00,中日ドラゴンズ,横浜DeNAベイスターズ,8.0,0.0,UNKNOWN,ナゴヤドーム,unknown,low,False,False,1700067,1900039,[],[],,,,,0,light,2020-07-16 18:00:00+00:00,,UNKNOWN,,,,UNKNOWN,UNKNOWN,,UNKNOWN,,9.0,3.0,9.0,18.0,0.0,7.2,1.0,1.0,1.0,0.0,2.0,1.0,,,,0.0,1.4,7.2,1.8,0.0,2.2,5.0,0.0,6.0,0.0,1.0,4.0,,,,True,True,UNKNOWN,False,False,,,,,,,,,,NPB,2020-07-16 18:00:00,1,,,0,
2020071602,2020-07-16 18:00:00,阪神タイガース,東京ヤクルトスワローズ,6.0,4.0,UNKNOWN,阪神甲子園球場,unknown,low,False,False,1500042,500040,[],[],,,,,0,light,2020-07-16 18:00:00+00:00,,UNKNOWN,,,,UNKNOWN,UNKNOWN,,UNKNOWN,,3.176470588235294,1.2352941176470587,9.529411764705882,4.764705882352941,0.0,2.670588235294118,5.666666666666667,2.0,4.0,0.0,3.0,6.0,,,,5.785714285714286,2.142857142857143,9.642857142857142,5.785714285714286,0.0,2.9857142857142858,4.666666666666667,3.0,7.0,0.0,3.0,5.0,,,,True,True,UNKNOWN,False,False,,,,,,,,,,NPB,2020-07-16 18:00:00,1,,,0,
2020071603,2020-07-16 18:00:00,広島東洋カープ,読売ジャイアンツ,4.0,9.0,UNKNOWN,MAZDA Zoom-Zoom スタジアム広島,unknown,low,False,False,1700002,1400174,[],[],,,,,0,light,2020-07-16 18:00:00+00:00,,UNKNOWN,,,,UNKNOWN,UNKNOWN,,UNKNOWN,,3.0,1.5,9.0,4.5,1.5,4.866666666666667,6.0,2.0,6.0,1.0,3.0,6.0,,,,9.0,2.0,6.0,9.0,3.0,9.2,3.0,3.0,3.0,1.0,3.0,2.0,,,,True,True,UNKNOWN,False,False,,,,,,,,,,NPB,2020-07-16 18:00:00,1,,,0,
2020071604,2020-07-16 18:00:00,北海道日本ハムファイターズ,千葉ロッテマリーンズ,3.0,4.0,UNKNOWN,札幌ドーム,unknown,low,False,False,1400190,1900129,[],[],,,,,0,light,2020-07-16 18:00:00+00:00,,UNKNOWN,,,,UNKNOWN,UNKNOWN,,UNKNOWN,,3.6,1.8,5.4,3.6,0.0,3.2,5.0,2.0,7.0,0.0,2.0,3.0,,,,5.0625,1.875,3.375,3.375,0.0,3.575,5.333333333333333,3.0,8.0,0.0,2.0,2.0,,,,True,True,UNKNOWN,False,False,,,,,,,,,,NPB,2020-07-16 18:00:00,1,,,0,
2020071605,2020-07-16 18:00:00,東北楽天ゴールデンイーグルス,埼玉西武ライオンズ,7.0,4.0,UNKNOWN,楽天生命パーク宮城,unknown,low,False,False,1400182,1800120,[],[],,,,,0,light,2020-07-16 18:00:00+00:00,,UNKNOWN,,,,UNKNOWN,UNKNOWN,,UNKNOWN,,7.5,1.6666666666666667,7.5,3.0,1.5,4.7,6.0,5.0,8.0,1.0,2.0,5.0,,,,3.0,2.0,6.0,3.0,0.0,2.8666666666666667,3.0,1.0,5.0,0.0,1.0,2.0,,,,True,True,UNKNOWN,False,False,,,,,,,,,,NPB,2020-07-16 18:00:00,1,,,0,
2020071606,2020-07-16 18:00:00,オリックス・バファローズ,福岡ソフトバンクホークス,4.0,3.0,UNKNOWN,京セラドーム大阪,unknown,low,False,False,900121,1400195,[],[],,,,,0,light,2020-07-16 18:00:00+00:00,,UNKNOWN,,,,UNKNOWN,UNKNOWN,,UNKNOWN,,13.5,2.625,0.0,10.125,6.75,16.325,2.6666666666666665,4.0,4.0,2.0,3.0,0.0,,,,3.6,1.4,3.6,3.6,0.0,3.6,5.0,2.0,5.0,0.0,2.0,2.0,,,,True,True,UNKNOWN,False,False,,,,,,,,,,NPB,2020-07-16 18:00:00,1,,,0,
2020071701,2020-07-17 18:00:00,横浜DeNAベイスターズ,読売ジャイアンツ,1.0,2.0,UNKNOWN,横浜スタジアム,unknown,low,False,False,1100038,1200050,[],[],,,,,0,light,2020-07-17 18:00:00+00:00,,UNKNOWN,,,,UNKNOWN,UNKNOWN,,UNKNOWN,,1.8,1.4,3.6,1.8,0.0,3.0,5.0,1.0,6.0,0.0,1.0,2.0,,,,3.0,1.1666666666666667,9.0,1.5,1.5,3.8666666666666667,6.0,2.0,6.0,1.0,1.0,6.0,,,,True,True,UNKNOWN,False,False,,,,,,,,,,NPB,2020-07-17 18:00:00,1,,,0,
2020071702,2020-07-17 18:00:00,阪神タイガース,中日ドラゴンズ,4.0,1.0,UNKNOWN,阪神甲子園球場,unknown,low,False,False,1000138,1500090,[],[],,,,,0,light,2020-07-17 18:00:00+00:00,,UNKNOWN,,,,UNKNOWN,UNKNOWN,,UNKNOWN,,2.6999999999999997,1.65,8.1,2.6999999999999997,0.0,2.3000000000000003,6.666666666666667,2.0,9.0,0.0,2.0,6.0,,,,1.2857142857142858,0.7142857142857143,2.5714285714285716,1.2857142857142858,1.2857142857142858,4.914285714285715,7.0,1.0,4.0,1.0,1.0,2.0,,,,True,True,UNKNOWN,False,False,,,,,,,,,,NPB,2020-07-17 18:00:00,1,,,0,
2020071703,2020-07-17 18:00:00,広島東洋カープ,東京ヤクルトスワローズ,9.0,2.0,UNKNOWN,MAZDA Zoom-Zoom スタジアム広島,excluded,high,False,False,1900025,1300057,[],[],,,,,0,light,2020-07-17 18:00:00+00:00,,UNKNOWN,,,,UNKNOWN,UNKNOWN,,UNKNOWN,,19.285714285714285,3.8571428571428568,3.8571428571428568,0.0,3.8571428571428568,7.914285714285715,2.3333333333333335,5.0,9.0,1.0,0.0,1.0,,,,3.0,1.5,7.5,3.0,0.0,2.5333333333333337,6.0,2.0,7.0,0.0,2.0,5.0,,,,True,True,UNKNOWN,False,False,,,,,,,,,,NPB,2020-07-17 18:00:00,1,,,0,
2020071704,2020-07-17 18:00:00,北海道日本ハムファイターズ,千葉ロッテマリーンズ,7.0,4.0,UNKNOWN,札幌ドーム,unknown,low,False,False,1300050,1400117,[],[],,,,,0,light,2020-07-17 18:00:00+00:00,,UNKNOWN,,,,UNKNOWN,UNKNOWN,,UNKNOWN,,8.1,1.65,5.3999999999999995,1.3499999999999999,0.0,2.45,6.666666666666667,6.0,10.0,0.0,1.0,4.0,,,,3.0,1.8333333333333333,12.0,4.5,0.0,2.033333333333333,6.0,2.0,8.0,0.0,3.0,8.0,,,,True,True,UNKNOWN,False,False,,,,,,,,,,NPB,2020-07-17 18:00:00,1,,,0,
2020071705,2020-07-17 18:00:00,東北楽天ゴールデンイーグルス,埼玉西武ライオンズ,2.0,10.0,UNKNOWN,楽天生命パーク宮城,unknown,low,False,False,1800022,1200117,[],[],,,,,0,light,2020-07-17 18:00:00+00:00,,UNKNOWN,,,,UNKNOWN,UNKNOWN,,UNKNOWN,,3.0,1.1666666666666667,7.5,3.0,0.0,2.5333333333333337,6.0,2.0,5.0,0.0,2.0,5.0,,,,7.2,2.6,1.8,5.4,1.8,7.2,5.0,4.0,10.0,1.0,3.0,1.0,,,,True,True,UNKNOWN,False,False,,,,,,,,,,NPB,2020-07-17 18:00:00,1,,,0,
2020071706,2020-07-17 18:00:00,オリックス・バファローズ,福岡ソフトバンクホークス,1.0,9.0,UNKNOWN,京セラドーム大阪,unknown,low,False,False,1200106,1600160,[],[],,,,,0,light,2020-07-17 18:00:00+00:00,,UNKNOWN,,,,UNKNOWN,UNKNOWN,,UNKNOWN,,3.0,0.6666666666666666,9.0,0.0,3.0,5.533333333333333,3.0,1.0,2.0,1.0,0.0,3.0,,,,4.5,2.0,6.75,11.25,0.0,5.45,4.0,2.0,3.0,0.0,5.0,3.0,,,,True,True,UNKNOWN,False,False,,,,,,,,,,NPB,2020-07-17 18:00:00,1,,,0,
2020071804,2020-07-18 14:00:00,北海道日本ハムファイターズ,千葉ロッテマリーンズ,2.0,5.0,UNKNOWN,札幌ドーム,unknown,low,False,False,1600146,1500110,[],[],,,,,0,light,2020-07-18 14:00:00+00:00,,UNKNOWN,,,,UNKNOWN,UNKNOWN,,UNKNOWN,,2.5714285714285716,0.7142857142857143,3.857142857142857,2.5714285714285716,2.5714285714285716,6.914285714285715,7.0,2.0,3.0,2.0,2.0,3.0,,,,0.0,1.3333333333333333,9.0,3.0,0.0,2.2,3.0,0.0,3.0,0.0,1.0,3.0,,,,True,True,UNKNOWN,False,False,,,,,,,,,,NPB,2020-07-18 14:00:00,1,,,0,
2020071805,2020-07-18 14:00:00,東北楽天ゴールデンイーグルス,埼玉西武ライオンズ,3.0,4.0,UNKNOWN,楽天生命パーク宮城,unknown,low,False,False,1800080,1000154,[],[],,,,,0,light,2020-07-18 14:00:00+00:00,,UNKNOWN,,,,UNKNOWN,UNKNOWN,,UNKNOWN,,5.4,1.6,1.8,3.6,3.6,9.2,5.0,3.0,6.0,2.0,2.0,1.0,,,,6.352941176470588,1.7647058823529411,6.352941176470588,1.588235294117647,3.176470588235294,6.905882352941177,5.666666666666667,4.0,9.0,2.0,1.0,4.0,,,,True,True,UNKNOWN,False,False,,,,,,,,,,NPB,2020-07-18 14:00:00,1,,,0,
2020071801,2020-07-18 18:00:00,横浜DeNAベイスターズ,読売ジャイアンツ,2.0,4.0,UNKNOWN,横浜スタジアム,unknown,low,False,False,1900143,1500061,[],[],,,,,0,light,2020-07-18 18:00:00+00:00,,UNKNOWN,,,,UNKNOWN,UNKNOWN,,UNKNOWN,,1.125,0.75,10.125,1.125,0.0,1.3250000000000002,8.0,1.0,5.0,0.0,1.0,9.0,,,,4.5,1.0,13.5,1.5,0.0,0.7000000000000002,6.0,3.0,5.0,0.0,1.0,9.0,,,,True,True,UNKNOWN,False,False,,,,,,,,,,NPB,2020-07-18 18:00:00,1,,,0,
2020071802,2020-07-18 18:00:00,阪神タイガース,中日ドラゴンズ,8.0,3.0,UNKNOWN,阪神甲子園球場,unknown,low,False,False,1800061,900062,[],[],,,,,0,light,2020-07-18 18:00:00+00:00,,UNKNOWN,,,,UNKNOWN,UNKNOWN,,UNKNOWN,,4.5,1.25,4.5,6.75,0.0,4.45,4.0,2.0,2.0,0.0,3.0,2.0,,,,3.0,1.1111111111111112,7.0,1.0,0.0,1.9777777777777779,9.0,3.0,9.0,0.0,1.0,7.0,,,,True,True,UNKNOWN,False,False,,,,,,,,,,NPB,2020-07-18 18:00:00,1,,,0,
2020071803,2020-07-18 18:00:00,広島東洋カープ,東京ヤクルトスワローズ,4.0,9.0,UNKNOWN,MAZDA Zoom-Zoom スタジアム広島,unknown,low,False,False,1200076,1600123,[],[],,,,,0,light,2020-07-18 18:00:00+00:00,,UNKNOWN,,,,UNKNOWN,UNKNOWN,,UNKNOWN,,3.0,1.5,6.0,3.0,0.0,2.8666666666666667,6.0,2.0,7.0,0.0,2.0,4.0,,,,8.307692307692308,3.0,4.153846153846154,4.153846153846154,0.0,3.661538461538462,4.333333333333333,4.0,11.0,0.0,2.0,2.0,,,,True,True,UNKNOWN,False,False,,,,,,,,,,NPB,2020-07-18 18:00:00,1,,,0,
2020071806,2020-07-18 18:00:00,オリックス・バファローズ,福岡ソフトバンクホークス,1.0,2.0,UNKNOWN,京セラドーム大阪,unknown,low,False,False,1300080,1700109,[],[],,,,,0,light,2020-07-18 18:00:00+00:00,,UNKNOWN,,,,UNKNOWN,UNKNOWN,,UNKNOWN,,0.0,0.8333333333333334,6.0,4.5,0.0,3.3666666666666667,6.0,0.0,2.0,0.0,3.0,4.0,,,,2.25,0.875,9.0,3.375,1.125,3.95,8.0,2.0,4.0,1.0,3.0,8.0,,,,True,True,UNKNOWN,False,False,,,,,,,,,,NPB,2020-07-18 18:00:00,1,,,0,
2020071905,2020-07-19 13:00:00,東北楽天ゴールデンイーグルス,埼玉西武ライオンズ,9.0,5.0,UNKNOWN,楽天生命パーク宮城,excluded,high,False,False,1000143,700065,[],[],,,,,0,light,2020-07-19 13:00:00+00:00,,UNKNOWN,,,,UNKNOWN,UNKNOWN,,UNKNOWN,,5.4,1.6,0.0,1.8,3.6,9.0,5.0,3.0,7.0,2.0,1.0,0.0,,,,19.285714285714285,2.142857142857143,11.571428571428571,0.0,3.8571428571428568,6.2,2.3333333333333335,5.0,5.0,1.0,0.0,3.0,,,,True,True,UNKNOWN,False,False,,,,,,,,,,NPB,2020-07-19 13:00:00,1,,,0,
2020071906,2020-07-19 13:00:00,オリックス・バファローズ,福岡ソフトバンクホークス,2.0,3.0,UNKNOWN,京セラドーム大阪,unknown,low,False,False,900100,1600153,[],[],,,,,0,light,2020-07-19 13:00:00+00:00,,UNKNOWN,,,,UNKNOWN,UNKNOWN,,UNKNOWN,,0.0,0.8333333333333334,3.0,1.5,0.0,3.0333333333333337,6.0,0.0,4.0,0.0,1.0,2.0,,,,3.857142857142857,0.7142857142857143,11.571428571428571,0.0,1.2857142857142858,2.4857142857142858,7.0,3.0,5.0,1.0,0.0,9.0,,,,True,True,UNKNOWN,False,False,,,,,,,,,,NPB,2020-07-19 13:00:00,1,,,0,
2020071904,2020-07-19 14:00:00,北海道日本ハムファイターズ,千葉ロッテマリーンズ,9.0,2.0,UNKNOWN,札幌ドーム,unknown,low,False,False,1600145,1900070,[],[],,,,,0,light,2020-07-19 14:00:00+00:00,,UNKNOWN,,,,UNKNOWN,UNKNOWN,,UNKNOWN,,12.0,2.6666666666666665,0.0,0.0,3.0,7.533333333333333,3.0,4.0,8.0,1.0,0.0,0.0,,,,2.25,0.75,7.875,2.25,0.0,2.2,8.0,2.0,4.0,0.0,2.0,7.0,,,,True,True,UNKNOWN,False,False,,,,,,,,,,NPB,2020-07-19 14:00:00,1,,,0,
2020071901,2020-07-19 18:00:00,横浜DeNAベイスターズ,読売ジャイアンツ,3.0,5.0,UNKNOWN,横浜スタジアム,unknown,low,False,False,1500046,1300031,[],[],,,,,0,light,2020-07-19 18:00:00+00:00,,UNKNOWN,,,,UNKNOWN,UNKNOWN,,UNKNOWN,,5.4,1.4,1.8,3.6,1.8,6.6,5.0,3.0,5.0,1.0,2.0,1.0,,,,3.0,1.8333333333333333,7.5,3.0,1.5,4.7,6.0,2.0,9.0,1.0,2.0,5.0,,,,True,True,UNKNOWN,False,False,,,,,,,,,,NPB,2020-07-19 18:00:00,1,,,0,
2020071902,2020-07-19 18:00:00,阪神タイガース,中日ドラゴンズ,11.0,3.0,UNKNOWN,阪神甲子園球場,unknown,low,False,False,1800060,1300070,[],[],,,,,0,light,2020-07-19 18:00:00+00:00,,UNKNOWN,,,,UNKNOWN,UNKNOWN,,UNKNOWN,,8.1,2.6999999999999997,13.5,10.799999999999999,0.0,3.8000000000000003,3.3333333333333335,3.0,5.0,0.0,4.0,5.0,,,,4.5,1.5,11.25,4.5,2.25,5.45,4.0,2.0,4.0,1.0,2.0,5.0,,,,True,True,UNKNOWN,False,False,,,,,,,,,,NPB,2020-07-19 18:00:00,1,,,0,
2020071903,2020-07-19 18:00:00,広島東洋カープ,東京ヤクルトスワローズ,3.0,3.0,UNKNOWN,MAZDA Zoom-Zoom スタジアム広島,unknown,low,False,False,1300045,1700072,[],[],,,,,0,light,2020-07-19 18:00:00+00:00,,UNKNOWN,,,,UNKNOWN,UNKNOWN,,UNKNOWN,,4.5,1.0,6.0,1.5,0.0,2.3666666666666667,6.0,3.0,5.0,0.0,1.0,4.0,,,,1.8,1.4,5.4,3.6,0.0,3.2,5.0,1.0,5.0,0.0,2.0,3.0,,,,True,True,UNKNOWN,False,False,,,,,,,,,,NPB,2020-07-19 18:00:00,1,,,0,
2020072101,2020-07-21 18:00:00,横浜DeNAベイスターズ,東京ヤクルトスワローズ,4.0,6.0,UNKNOWN,横浜スタジアム,unknown,low,False,False,1500040,1900125,[],[],,,,,0,light,2020-07-21 18:00:00+00:00,,UNKNOWN,,,,UNKNOWN,UNKNOWN,,UNKNOWN,,5.4,2.0,7.2,5.4,1.8,6.0,5.0,3.0,7.0,1.0,3.0,4.0,,,,12.461538461538462,2.307692307692308,6.230769230769231,8.307692307692308,2.076923076923077,7.584615384615385,4.333333333333333,6.0,6.0,1.0,4.0,3.0,,,,True,True,UNKNOWN,False,False,,,,,,,,,,NPB,2020-07-21 18:00:00,1,,,0,
2020072102,2020-07-21 18:00:00,中日ドラゴンズ,読売ジャイアンツ,0.0,4.0,UNKNOWN,ナゴヤドーム,unknown,low,False,False,1200041,1700106,[],[],,,,,0,light,2020-07-21 18:00:00+00:00,,UNKNOWN,,,,UNKNOWN,UNKNOWN,,UNKNOWN,,0.0,0.4444444444444444,11.0,1.0,0.0,1.088888888888889,9.0,0.0,3.0,0.0,1.0,11.0,,,,7.7142857142857135,2.142857142857143,13.5,3.8571428571428568,3.8571428571428568,7.057142857142857,4.666666666666667,4.0,8.0,2.0,2.0,7.0,,,,True,True,UNKNOWN,False,False,,,,,,,,,,NPB,2020-07-21 18:00:00,1,,,0,
2020072103,2020-07-21 18:00:00,阪神タイガース,広島東洋カープ,9.0,4.0,UNKNOWN,阪神甲子園球場,unknown,low,False,False,1300058,900425,[],[],,,,,0,light,2020-07-21 18:00:00+00:00,,UNKNOWN,,,,UNKNOWN,UNKNOWN,,UNKNOWN,,10.8,1.6,14.4,3.6,5.4,9.0,5.0,6.0,6.0,3.0,2.0,8.0,,,,5.684210526315789,1.2631578947368423,7.105263157894737,1.4210526315789473,2.8421052631578947,6.2,6.333333333333333,4.0,7.0,2.0,1.0,5.0,,,,True,True,UNKNOWN,False,False,,,,,,,,,,NPB,2020-07-21 18:00:00,1,,,0,
2020072104,2020-07-21 18:00:00,東北楽天ゴールデンイーグルス,オリックス・バファローズ,3.0,10.0,UNKNOWN,楽天生命パーク宮城,unknown,low,False,False,1700150,1600005,[],[],,,,,0,light,2020-07-21 18:00:00+00:00,,UNKNOWN,,,,UNKNOWN,UNKNOWN,,UNKNOWN,,3.0,0.8333333333333334,1.5,0.0,1.5,5.033333333333333,6.0,2.0,5.0,1.0,0.0,1.0,,,,0.0,1.4,9.0,7.2,0.0,3.6,5.0,0.0,3.0,0.0,4.0,5.0,,,,True,True,UNKNOWN,False,False,,,,,,,,,,NPB,2020-07-21 18:00:00,1,,,0,
2020072105,2020-07-21 18:00:00,埼玉西武ライオンズ,千葉ロッテマリーンズ,8.0,3.0,UNKNOWN,メットライフドーム,unknown,low,False,False,1000155,1600127,[],[],,,,,0,light,2020-07-21 18:00:00+00:00,,UNKNOWN,,,,UNKNOWN,UNKNOWN,,UNKNOWN,,9.529411764705882,1.7647058823529411,7.941176470588235,3.176470588235294,1.588235294117647,4.788235294117647,5.666666666666667,6.0,8.0,1.0,2.0,5.0,,,,5.4,1.8,7.2,3.6,0.0,2.8000000000000003,5.0,3.0,7.0,0.0,2.0,4.0,,,,True,True,UNKNOWN,False,False,,,,,,,,,,NPB,2020-07-21 18:00:00,1,,,0,
2020072106,2020-07-21 18:00:00,福岡ソフトバンクホークス,北海道日本ハムファイターズ,1.0,2.0,UNKNOWN,福岡PayPayドーム,unknown,low,False,False,1300094,1000174,[],[],,,,,0,light,2020-07-21 18:00:00+00:00,,UNKNOWN,,,,UNKNOWN,UNKNOWN,,UNKNOWN,,1.5,1.1666666666666667,6.0,3.0,1.5,5.033333333333333,6.0,1.0,5.0,1.0,2.0,4.0,,,,2.6999999999999997,1.3499999999999999,4.05,4.05,0.0,3.6500000000000004,6.666666666666667,2.0,6.0,0.0,3.0,3.0,,,,True,True,UNKNOWN,False,False,,,,,,,,,,NPB,2020-07-21 18:00:00,1,,,0,
2020072201,2020-07-22 18:00:00,横浜DeNAベイスターズ,東京ヤクルトスワローズ,5.0,5.0,UNKNOWN,横浜スタジアム,unknown,low,False,False,1900137,1600081,[],[],,,,,0,light,2020-07-22 18:00:00+00:00,,UNKNOWN,,,,UNKNOWN,UNKNOWN,,UNKNOWN,,11.25,1.75,9.0,0.0,6.75,10.95,4.0,5.0,7.0,3.0,0.0,4.0,,,,7.941176470588235,2.1176470588235294,3.176470588235294,6.352941176470588,1.588235294117647,6.905882352941177,5.666666666666667,5.0,8.0,1.0,4.0,2.0,,,,True,True,UNKNOWN,False,False,,,,,,,,,,NPB,2020-07-22 18:00:00,1,,,0,
2020072202,2020-07-22 18:00:00,中日ドラゴンズ,読売ジャイアンツ,5.0,0.0,UNKNOWN,ナゴヤドーム,unknown,low,False,False,1800028,1200098,[],[],,,,,0,light,2020-07-22 18:00:00+00:00,,UNKNOWN,,,,UNKNOWN,UNKNOWN,,UNKNOWN,,7.363636363636364,1.9090909090909092,9.818181818181818,4.909090909090909,4.909090909090909,9.745454545454546,3.6666666666666665,3.0,5.0,2.0,2.0,4.0,,,,0.0,0.8333333333333334,7.5,1.5,0.0,2.033333333333333,6.0,0.0,4.0,0.0,1.0,5.0,,,,True,True,UNKNOWN,False,False,,,,,,,,,,NPB,2020-07-22 18:00:00,1,,,0,
2020072203,2020-07-22 18:00:00,阪神タイガース,広島東洋カープ,3.0,3.0,UNKNOWN,阪神甲子園球場,excluded,high,False,False,1100081,1700154,[],[],,,,,0,light,2020-07-22 18:00:00+00:00,,UNKNOWN,,,,UNKNOWN,UNKNOWN,,UNKNOWN,,1.5,1.0,6.0,1.5,0.0,2.3666666666666667,6.0,1.0,5.0,0.0,1.0,4.0,,,,1.2857142857142858,1.0,2.5714285714285716,1.2857142857142858,0.0,3.0571428571428574,7.0,1.0,6.0,0.0,1.0,2.0,,,,True,True,UNKNOWN,False,False,,,,,,,,,,NPB,2020-07-22 18:00:00,1,,,0,
2020072204,2020-07-22 18:00:00,東北楽天ゴールデンイーグルス,オリックス・バファローズ,7.0,11.0,UNKNOWN,楽天生命パーク宮城,unknown,low,False,False,1400203,500014,[],[],,,,,0,light,2020-07-22 18:00:00+00:00,,UNKNOWN,,,,UNKNOWN,UNKNOWN,,UNKNOWN,,16.2,3.0,5.3999999999999995,13.5,5.3999999999999995,14.3,3.3333333333333335,6.0,5.0,2.0,5.0,2.0,,,,1.4210526315789473,0.7894736842105263,14.210526315789474,1.4210526315789473,1.4210526315789473,2.568421052631579,6.333333333333333,1.0,4.0,1.0,1.0,10.0,,,,True,True,UNKNOWN,False,False,,,,,,,,,,NPB,2020-07-22 18:00:00,1,,,0,
2020072205,2020-07-22 18:00:00,埼玉西武ライオンズ,千葉ロッテマリーンズ,1.0,2.0,UNKNOWN,メットライフドーム,unknown,low,False,False,1800052,1400182,[],[],,,,,0,light,2020-07-22 18:00:00+00:00,,UNKNOWN,,,,UNKNOWN,UNKNOWN,,UNKNOWN,,1.3499999999999999,1.05,4.05,2.6999999999999997,0.0,3.2,6.666666666666667,1.0,5.0,0.0,2.0,3.0,,,,2.5714285714285716,1.2857142857142858,9.0,1.2857142857142858,1.2857142857142858,3.4857142857142858,7.0,2.0,8.0,1.0,1.0,7.0,,,,True,True,UNKNOWN,False,False,,,,,,,,,,NPB,2020-07-22 18:00:00,1,,,0,
2020072206,2020-07-22 18:00:00,福岡ソフトバンクホークス,北海道日本ハムファイターズ,3.0,2.0,UNKNOWN,福岡PayPayドーム,unknown,low,False,False,1800002,20204,[],[],,,,,0,light,2020-07-22 18:00:00+00:00,,UNKNOWN,,,,UNKNOWN,UNKNOWN,,UNKNOWN,,4.05,0.75,8.1,2.6999999999999997,0.0,2.3000000000000003,6.666666666666667,3.0,3.0,0.0,2.0,6.0,,,,4.153846153846154,2.076923076923077,4.153846153846154,8.307692307692308,0.0,5.046153846153846,4.333333333333333,2.0,5.0,0.0,4.0,2.0,,,,True,True,UNKNOWN,False,False,,,,,,,,,,NPB,2020-07-22 18:00:00,1,,,0,
2020072302,2020-07-23 14:00:00,中日ドラゴンズ,読売ジャイアンツ,1.0,6.0,UNKNOWN,ナゴヤドーム,unknown,low,False,False,1700002,1900039,[],[],,,,,0,light,2020-07-23 14:00:00+00:00,,UNKNOWN,,,,UNKNOWN,UNKNOWN,,UNKNOWN,,1.2857142857142858,1.0,10.285714285714286,1.2857142857142858,0.0,1.342857142857143,7.0,1.0,6.0,0.0,1.0,8.0,,,,1.8,0.8,12.6,1.8,1.8,3.6,5.0,1.0,3.0,1.0,1.0,7.0,,,,True,True,UNKNOWN,False,False,,,,,,,,,,NPB,2020-07-23 14:00:00,1,,,0,
2020072301,2020-07-23 18:00:00,横浜DeNAベイスターズ,東京ヤクルトスワローズ,6.0,0.0,UNKNOWN,横浜スタジアム,unknown,low,False,False,1500042,1800045,[],[],,,,,0,light,2020-07-23 18:00:00+00:00,,UNKNOWN,,,,UNKNOWN,UNKNOWN,,UNKNOWN,,3.6,1.4,9.0,3.6,0.0,2.4000000000000004,5.0,2.0,5.0,0.0,2.0,5.0,,,,0.0,0.42857142857142855,5.142857142857143,2.5714285714285716,0.0,2.9142857142857146,7.0,0.0,1.0,0.0,2.0,4.0,,,,True,True,UNKNOWN,False,False,,,,,,,,,,NPB,2020-07-23 18:00:00,1,,,0,
2020072303,2020-07-23 18:00:00,阪神タイガース,広島東洋カープ,2.0,4.0,UNKNOWN,阪神甲子園球場,excluded,high,False,False,1900052,1200062,[],[],,,,,0,light,2020-07-23 18:00:00+00:00,,UNKNOWN,,,,UNKNOWN,UNKNOWN,,UNKNOWN,,3.0,1.0,15.0,3.0,1.5,3.0333333333333337,6.0,2.0,4.0,1.0,2.0,10.0,,,,6.0,1.6666666666666667,7.5,9.0,1.5,6.7,6.0,4.0,4.0,1.0,6.0,5.0,,,,True,True,UNKNOWN,False,False,,,,,,,,,,NPB,2020-07-23 18:00:00,1,,,0,
2020072304,2020-07-23 18:00:00,東北楽天ゴールデンイーグルス,オリックス・バファローズ,2.0,2.0,UNKNOWN,楽天生命パーク宮城,unknown,low,False,False,1400195,1800120,[],[],,,,,0,light,2020-07-23 18:00:00+00:00,,UNKNOWN,,,,UNKNOWN,UNKNOWN,,UNKNOWN,,2.8421052631578947,1.4210526315789473,5.684210526315789,4.2631578947368425,0.0,3.3578947368421055,6.333333333333333,2.0,6.0,0.0,3.0,4.0,,,,2.4545454545454546,0.8181818181818182,6.136363636363637,2.4545454545454546,0.0,2.6545454545454548,7.333333333333333,2.0,4.0,0.0,2.0,5.0,,,,True,True,UNKNOWN,False,False,,,,,,,,,,NPB,2020-07-23 18:00:00,1,,,0,
2020072305,2020-07-23 18:00:00,埼玉西武ライオンズ,千葉ロッテマリーンズ,3.0,2.0,UNKNOWN,メットライフドーム,unknown,low,False,False,1400190,1700125,[],[],,,,,0,light,2020-07-23 18:00:00+00:00,,UNKNOWN,,,,UNKNOWN,UNKNOWN,,UNKNOWN,,4.5,1.0,9.0,1.5,1.5,3.8666666666666667,6.0,3.0,5.0,1.0,1.0,6.0,,,,3.6,1.6,1.8,3.6,0.0,4.0,5.0,2.0,6.0,0.0,2.0,1.0,,,,True,True,UNKNOWN,False,False,,,,,,,,,,NPB,2020-07-23 18:00:00,1,,,0,
2020072306,2020-07-23 18:00:00,福岡ソフトバンクホークス,北海道日本ハムファイターズ,2.0,3.0,UNKNOWN,福岡PayPayドーム,unknown,low,False,False,1900129,1400129,[],[],,,,,0,light,2020-07-23 18:00:00+00:00,,UNKNOWN,,,,UNKNOWN,UNKNOWN,,UNKNOWN,,3.0,1.0,12.0,6.0,0.0,2.5333333333333337,6.0,2.0,2.0,0.0,4.0,8.0,,,,9.0,1.6666666666666667,9.0,3.0,3.0,6.533333333333333,3.0,3.0,4.0,1.0,1.0,3.0,,,,True,True,UNKNOWN,False,False,,,,,,,,,,NPB,2020-07-23 18:00:00,1,,,0,
2020072401,2020-07-24 18:00:00,東京ヤクルトスワローズ,読売ジャイアンツ,5.0,5.0,UNKNOWN,明治神宮野球場,unknown,low,False,False,1100038,1900025,[],[],,,,,0,light,2020-07-24 18:00:00+00:00,,UNKNOWN,,,,UNKNOWN,UNKNOWN,,UNKNOWN,,27.000000000000004,4.800000000000001,10.8,16.200000000000003,0.0,6.200000000000001,1.6666666666666665,5.0,5.0,0.0,3.0,2.0,,,,3.6,1.8,7.2,5.4,1.8,6.0,5.0,2.0,6.0,1.0,3.0,4.0,,,,True,True,UNKNOWN,False,False,,,,,,,,,,NPB,2020-07-24 18:00:00,1,,,0,
2020072402,2020-07-24 18:00:00,横浜DeNAベイスターズ,広島東洋カープ,9.0,6.0,UNKNOWN,横浜スタジアム,excluded,high,False,False,1300057,1800043,[],[],,,,,0,light,2020-07-24 18:00:00+00:00,,UNKNOWN,,,,UNKNOWN,UNKNOWN,,UNKNOWN,,9.0,2.0,4.5,0.0,0.0,2.2,2.0,2.0,4.0,0.0,0.0,1.0,,,,6.0,1.6666666666666667,9.0,1.5,1.5,3.8666666666666667,6.0,4.0,9.0,1.0,1.0,6.0,,,,True,True,UNKNOWN,False,False,,,,,,,,,,NPB,2020-07-24 18:00:00,1,,,0,
2020072403,2020-07-24 18:00:00,中日ドラゴンズ,阪神タイガース,2.0,5.0,UNKNOWN,ナゴヤドーム,unknown,low,False,False,1500090,1000138,[],[],,,,,0,light,2020-07-24 18:00:00+00:00,,UNKNOWN,,,,UNKNOWN,UNKNOWN,,UNKNOWN,,3.0,0.8333333333333334,7.5,4.5,0.0,3.0333333333333337,6.0,2.0,2.0,0.0,3.0,5.0,,,,1.8,1.2,16.2,3.6,1.8,3.4000000000000004,5.0,1.0,4.0,1.0,2.0,9.0,,,,True,True,UNKNOWN,False,False,,,,,,,,,,NPB,2020-07-24 18:00:00,1,,,0,
2020072404,2020-07-24 18:00:00,東北楽天ゴールデンイーグルス,オリックス・バファローズ,2.0,6.0,UNKNOWN,楽天生命パーク宮城,unknown,low,False,False,1600160,1200117,[],[],,,,,0,light,2020-07-24 18:00:00+00:00,,UNKNOWN,,,,UNKNOWN,UNKNOWN,,UNKNOWN,,1.2857142857142858,1.0,2.5714285714285716,2.5714285714285716,1.2857142857142858,5.342857142857143,7.0,1.0,5.0,1.0,2.0,2.0,,,,7.363636363636364,1.5,11.045454545454547,1.2272727272727273,0.0,1.1545454545454548,7.333333333333333,6.0,10.0,0.0,1.0,9.0,,,,True,True,UNKNOWN,False,False,,,,,,,,,,NPB,2020-07-24 18:00:00,1,,,0,
2020072405,2020-07-24 18:00:00,埼玉西武ライオンズ,千葉ロッテマリーンズ,3.0,2.0,UNKNOWN,メットライフドーム,unknown,low,False,False,1300050,1800022,[],[],,,,,0,light,2020-07-24 18:00:00+00:00,,UNKNOWN,,,,UNKNOWN,UNKNOWN,,UNKNOWN,,2.5714285714285716,0.7142857142857143,6.428571428571429,1.2857142857142858,1.2857142857142858,4.057142857142857,7.0,2.0,4.0,1.0,1.0,5.0,,,,3.0,1.3333333333333333,6.0,3.0,0.0,2.8666666666666667,6.0,2.0,6.0,0.0,2.0,4.0,,,,True,True,UNKNOWN,False,False,,,,,,,,,,NPB,2020-07-24 18:00:00,1,,,0,
2020072406,2020-07-24 18:00:00,福岡ソフトバンクホークス,北海道日本ハムファイターズ,4.0,1.0,UNKNOWN,福岡PayPayドーム,unknown,low,False,False,1400117,1200106,[],[],,,,,0,light,2020-07-24 18:00:00+00:00,,UNKNOWN,,,,UNKNOWN,UNKNOWN,,UNKNOWN,,3.375,1.25,4.5,2.25,1.125,4.575,8.0,3.0,8.0,1.0,2.0,4.0,,,,1.2857142857142858,0.7142857142857143,10.285714285714286,1.2857142857142858,0.0,1.342857142857143,7.0,1.0,4.0,0.0,1.0,8.0,,,,True,True,UNKNOWN,False,False,,,,,,,,,,NPB,2020-07-24 18:00:00,1,,,0,
2020072503,2020-07-25 14:00:00,中日ドラゴンズ,阪神タイガース,1.0,0.0,UNKNOWN,ナゴヤドーム,unknown,low,False,False,900062,1800061,[],[],,,,,0,light,2020-07-25 14:00:00+00:00,,UNKNOWN,,,,UNKNOWN,UNKNOWN,,UNKNOWN,,1.2857142857142858,1.2857142857142858,6.428571428571429,1.2857142857142858,0.0,2.2,7.0,1.0,8.0,0.0,1.0,5.0,,,,0.0,1.0,10.5,3.0,0.0,1.866666666666667,6.0,0.0,4.0,0.0,2.0,7.0,,,,True,True,UNKNOWN,False,False,,,,,,,,,,NPB,2020-07-25 14:00:00,1,,,0,
2020072506,2020-07-25 14:00:00,福岡ソフトバンクホークス,北海道日本ハムファイターズ,7.0,9.0,UNKNOWN,福岡PayPayドーム,unknown,low,False,False,800004,1300080,[],[],,,,,0,light,2020-07-25 14:00:00+00:00,,UNKNOWN,,,,UNKNOWN,UNKNOWN,,UNKNOWN,,36.0,5.0,18.0,9.0,9.0,15.2,1.0,4.0,4.0,1.0,1.0,2.0,,,,4.5,0.8333333333333334,9.0,3.0,3.0,6.533333333333333,6.0,3.0,3.0,2.0,2.0,6.0,,,,True,True,UNKNOWN,False,False,,,,,,,,,,NPB,2020-07-25 14:00:00,1,,,0,
2020072501,2020-07-25 18:00:00,東京ヤクルトスワローズ,読売ジャイアンツ,6.0,5.0,UNKNOWN,明治神宮野球場,unknown,low,False,False,1000083,1200076,[],[],,,,,0,light,2020-07-25 18:00:00+00:00,,UNKNOWN,,,,UNKNOWN,UNKNOWN,,UNKNOWN,,5.3999999999999995,1.7999999999999998,8.1,5.3999999999999995,2.6999999999999997,7.1,3.3333333333333335,2.0,4.0,1.0,2.0,3.0,,,,3.857142857142857,0.8571428571428571,6.428571428571429,1.2857142857142858,3.857142857142857,7.771428571428571,7.0,3.0,5.0,3.0,1.0,5.0,,,,True,True,UNKNOWN,False,False,,,,,,,,,,NPB,2020-07-25 18:00:00,1,,,0,
2020072502,2020-07-25 18:00:00,横浜DeNAベイスターズ,広島東洋カープ,6.0,2.0,UNKNOWN,横浜スタジアム,unknown,low,False,False,1600123,1500061,[],[],,,,,0,light,2020-07-25 18:00:00+00:00,,UNKNOWN,,,,UNKNOWN,UNKNOWN,,UNKNOWN,,5.4,1.8,10.8,1.8,0.0,1.4000000000000001,5.0,3.0,8.0,0.0,1.0,6.0,,,,1.5,1.3333333333333333,12.0,3.0,0.0,1.5333333333333334,6.0,1.0,6.0,0.0,2.0,8.0,,,,True,True,UNKNOWN,False,False,,,,,,,,,,NPB,2020-07-25 18:00:00,1,,,0,
2020072504,2020-07-25 18:00:00,東北楽天ゴールデンイーグルス,オリックス・バファローズ,3.0,6.0,UNKNOWN,楽天生命パーク宮城,unknown,low,False,False,1700109,1000154,[],[],,,,,0,light,2020-07-25 18:00:00+00:00,,UNKNOWN,,,,UNKNOWN,UNKNOWN,,UNKNOWN,,3.857142857142857,0.8571428571428571,2.5714285714285716,1.2857142857142858,1.2857142857142858,4.914285714285715,7.0,3.0,5.0,1.0,1.0,2.0,,,,1.5,0.6666666666666666,6.0,1.5,0.0,2.3666666666666667,6.0,1.0,3.0,0.0,1.0,4.0,,,,True,True,UNKNOWN,False,False,,,,,,,,,,NPB,2020-07-25 18:00:00,1,,,0,
2020072505,2020-07-25 18:00:00,埼玉西武ライオンズ,千葉ロッテマリーンズ,0.0,5.0,UNKNOWN,メットライフドーム,unknown,low,False,False,1600146,1500104,[],[],,,,,0,light,2020-07-25 18:00:00+00:00,,UNKNOWN,,,,UNKNOWN,UNKNOWN,,UNKNOWN,,0.0,0.8888888888888888,10.0,4.0,0.0,2.3111111111111113,9.0,0.0,4.0,0.0,4.0,10.0,,,,1.5,1.0,6.0,4.5,0.0,3.3666666666666667,6.0,1.0,3.0,0.0,3.0,4.0,,,,True,True,UNKNOWN,False,False,,,,,,,,,,NPB,2020-07-25 18:00:00,1,,,0,
2020072606,2020-07-26 13:00:00,福岡ソフトバンクホークス,北海道日本ハムファイターズ,6.0,1.0,UNKNOWN,福岡PayPayドーム,unknown,low,False,False,1900070,900100,[],[],,,,,0,light,2020-07-26 13:00:00+00:00,,UNKNOWN,,,,UNKNOWN,UNKNOWN,,UNKNOWN,,9.0,2.75,4.5,6.75,0.0,4.45,4.0,4.0,8.0,0.0,3.0,2.0,,,,1.8,1.8,5.4,5.4,0.0,3.8000000000000003,5.0,1.0,6.0,0.0,3.0,3.0,,,,True,True,UNKNOWN,False,False,,,,,,,,,,NPB,2020-07-26 13:00:00,1,,,0,
2020072603,2020-07-26 14:00:00,中日ドラゴンズ,阪神タイガース,3.0,9.0,UNKNOWN,ナゴヤドーム,unknown,low,False,False,1300070,1800060,[],[],,,,,0,light,2020-07-26 14:00:00+00:00,,UNKNOWN,,,,UNKNOWN,UNKNOWN,,UNKNOWN,,4.5,1.5,6.75,4.5,2.25,6.45,4.0,2.0,4.0,1.0,2.0,3.0,,,,1.5,0.8333333333333334,12.0,1.5,1.5,3.2,6.0,1.0,4.0,1.0,1.0,8.0,,,,True,True,UNKNOWN,False,False,,,,,,,,,,NPB,2020-07-26 14:00:00,1,,,0,
2020072604,2020-07-26 17:00:00,東北楽天ゴールデンイーグルス,オリックス・バファローズ,5.0,4.0,UNKNOWN,楽天生命パーク宮城,excluded,high,False,False,1600153,1600092,[],[],,,,,0,light,2020-07-26 17:00:00+00:00,,UNKNOWN,,,,UNKNOWN,UNKNOWN,,UNKNOWN,,6.0,1.8333333333333333,9.0,3.0,0.0,2.2,6.0,4.0,9.0,0.0,2.0,6.0,,,,,,,,,,,,,,,,,,,True,False,UNKNOWN,False,False,,,,,,,,,,NPB,2020-07-26 17:00:00,1,,,0,
2020072601,2020-07-26 18:00:00,東京ヤクルトスワローズ,読売ジャイアンツ,4.0,9.0,UNKNOWN,明治神宮野球場,unknown,low,False,False,1500046,1300045,[],[],,,,,0,light,2020-07-26 18:00:00+00:00,,UNKNOWN,,,,UNKNOWN,UNKNOWN,,UNKNOWN,,4.695652173913043,1.1739130434782608,4.695652173913043,3.5217391304347823,2.3478260869565215,6.721739130434782,7.666666666666667,4.0,6.0,2.0,3.0,4.0,,,,20.25,3.0,10.125,3.375,6.75,11.825,2.6666666666666665,6.0,7.0,2.0,1.0,3.0,,,,True,True,UNKNOWN,False,False,,,,,,,,,,NPB,2020-07-26 18:00:00,1,,,0,
2020072602,2020-07-26 18:00:00,横浜DeNAベイスターズ,広島東洋カープ,6.0,10.0,UNKNOWN,横浜スタジアム,unknown,low,False,False,1700072,1300031,[],[],,,,,0,light,2020-07-26 18:00:00+00:00,,UNKNOWN,,,,UNKNOWN,UNKNOWN,,UNKNOWN,,4.5,2.0,13.5,0.0,4.5,6.7,2.0,1.0,4.0,1.0,0.0,3.0,,,,3.681818181818182,1.2272727272727273,9.818181818181818,2.4545454545454546,0.0,1.8363636363636364,7.333333333333333,3.0,7.0,0.0,2.0,8.0,,,,True,True,UNKNOWN,False,False,,,,,,,,,,NPB,2020-07-26 18:00:00,1,,,0,
2020072605,2020-07-26 18:00:00,埼玉西武ライオンズ,千葉ロッテマリーンズ,4.0,2.0,UNKNOWN,メットライフドーム,unknown,low,False,False,1800054,1000143,[],[],,,,,0,light,2020-07-26 18:00:00+00:00,,UNKNOWN,,,,UNKNOWN,UNKNOWN,,UNKNOWN,,1.8,1.4,3.6,3.6,0.0,3.6,5.0,1.0,5.0,0.0,2.0,2.0,,,,3.6,1.4,3.6,0.0,0.0,2.4000000000000004,5.0,2.0,7.0,0.0,0.0,2.0,,,,True,True,UNKNOWN,False,False,,,,,,,,,,NPB,2020-07-26 18:00:00,1,,,0,
2020072801,2020-07-28 18:00:00,読売ジャイアンツ,横浜DeNAベイスターズ,4.0,2.0,UNKNOWN,東京ドーム,unknown,low,False,False,1200050,1200041,[],[],,,,,0,light,2020-07-28 18:00:00+00:00,,UNKNOWN,,,,UNKNOWN,UNKNOWN,,UNKNOWN,,5.4,1.0,9.0,1.8,3.6,7.0,5.0,3.0,4.0,2.0,1.0,5.0,,,,1.2857142857142858,1.2857142857142858,9.0,2.5714285714285716,1.2857142857142858,3.9142857142857146,7.0,1.0,7.0,1.0,2.0,7.0,,,,True,True,UNKNOWN,False,False,2020-07-28 09:00:00+00:00,,UNKNOWN,Open-Meteo Historical Forecast,FAIL_CLOSED_NO_ISSUANCE_TIMESTAMP,27.3,81.0,0.7,5.6,NPB,2020-07-28 18:00:00,1,,,0,
2020072802,2020-07-28 18:00:00,東京ヤクルトスワローズ,阪神タイガース,5.0,20.0,UNKNOWN,明治神宮野球場,unknown,low,False,False,900425,1900137,[],[],,,,,0,light,2020-07-28 18:00:00+00:00,,UNKNOWN,,,,UNKNOWN,UNKNOWN,,UNKNOWN,,5.0,1.1111111111111112,5.0,1.0,3.0,6.7555555555555555,9.0,5.0,9.0,3.0,1.0,5.0,,,,22.5,5.0,9.0,18.0,4.5,13.7,2.0,5.0,6.0,1.0,4.0,2.0,,,,True,True,UNKNOWN,False,False,,,,,,,,,,NPB,2020-07-28 18:00:00,1,,,0,
2020072803,2020-07-28 18:00:00,広島東洋カープ,中日ドラゴンズ,2.0,3.0,UNKNOWN,MAZDA Zoom-Zoom スタジアム広島,excluded,high,False,False,1200055,1300058,[],[],,,,,0,light,2020-07-28 18:00:00+00:00,,UNKNOWN,,,,UNKNOWN,UNKNOWN,,UNKNOWN,,0.0,0.6666666666666666,15.0,0.0,0.0,-0.1333333333333333,6.0,0.0,4.0,0.0,0.0,10.0,,,,1.2857142857142858,1.0,3.857142857142857,3.857142857142857,1.2857142857142858,5.485714285714286,7.0,1.0,4.0,1.0,3.0,3.0,,,,True,True,UNKNOWN,False,False,,,,,,,,,,NPB,2020-07-28 18:00:00,1,,,0,
2020072804,2020-07-28 18:00:00,北海道日本ハムファイターズ,オリックス・バファローズ,5.0,1.0,UNKNOWN,札幌ドーム,unknown,low,False,False,1700150,1100099,[],[],,,,,0,light,2020-07-28 18:00:00+00:00,,UNKNOWN,,,,UNKNOWN,UNKNOWN,,UNKNOWN,,5.3999999999999995,1.7999999999999998,6.75,5.3999999999999995,1.3499999999999999,5.45,6.666666666666667,4.0,8.0,1.0,4.0,5.0,,,,1.2857142857142858,1.2857142857142858,5.142857142857143,2.5714285714285716,0.0,2.9142857142857146,7.0,1.0,7.0,0.0,2.0,4.0,,,,True,True,UNKNOWN,False,False,,,,,,,,,,NPB,2020-07-28 18:00:00,1,,,0,
2020072805,2020-07-28 18:00:00,千葉ロッテマリーンズ,東北楽天ゴールデンイーグルス,13.0,12.0,UNKNOWN,ZOZOマリンスタジアム,unknown,low,False,False,1600005,1000155,[],[],,,,,0,light,2020-07-28 18:00:00+00:00,,UNKNOWN,,,,UNKNOWN,UNKNOWN,,UNKNOWN,,24.0,4.0,6.0,9.0,6.0,13.533333333333335,3.0,8.0,9.0,2.0,3.0,2.0,,,,12.461538461538462,2.5384615384615388,8.307692307692308,2.076923076923077,2.076923076923077,5.046153846153846,4.333333333333333,6.0,10.0,1.0,1.0,4.0,,,,True,True,UNKNOWN,False,False,,,,,,,,,,NPB,2020-07-28 18:00:00,1,,,0,
2020072806,2020-07-28 18:00:00,福岡ソフトバンクホークス,埼玉西武ライオンズ,9.0,4.0,UNKNOWN,福岡PayPayドーム,unknown,low,False,False,1600127,1000174,[],[],,,,,0,light,2020-07-28 18:00:00+00:00,,UNKNOWN,,,,UNKNOWN,UNKNOWN,,UNKNOWN,,7.7142857142857135,2.142857142857143,5.785714285714286,3.8571428571428568,0.0,3.2,4.666666666666667,4.0,8.0,0.0,2.0,3.0,,,,6.0,1.3333333333333333,16.5,4.5,1.5,3.2,6.0,4.0,5.0,1.0,3.0,11.0,,,,True,True,UNKNOWN,False,False,,,,,,,,,,NPB,2020-07-28 18:00:00,1,,,0,
2020072901,2020-07-29 18:00:00,読売ジャイアンツ,横浜DeNAベイスターズ,2.0,3.0,UNKNOWN,東京ドーム,unknown,low,False,False,1600081,1800028,[],[],,,,,0,light,2020-07-29 18:00:00+00:00,,UNKNOWN,,,,UNKNOWN,UNKNOWN,,UNKNOWN,,3.176470588235294,1.2352941176470587,11.117647058823529,6.352941176470588,3.176470588235294,7.435294117647059,5.666666666666667,2.0,3.0,2.0,4.0,7.0,,,,5.4,1.0,12.6,1.8,3.6,6.2,5.0,3.0,4.0,2.0,1.0,7.0,,,,True,True,UNKNOWN,False,False,2020-07-29 09:00:00+00:00,,UNKNOWN,Open-Meteo Historical Forecast,FAIL_CLOSED_NO_ISSUANCE_TIMESTAMP,23.5,74.0,0.0,7.0,NPB,2020-07-29 18:00:00,1,,,0,
2020072902,2020-07-29 18:00:00,東京ヤクルトスワローズ,阪神タイガース,3.0,1.0,UNKNOWN,明治神宮野球場,unknown,low,False,False,1700154,1500040,[],[],,,,,0,light,2020-07-29 18:00:00+00:00,,UNKNOWN,,,,UNKNOWN,UNKNOWN,,UNKNOWN,,3.6,1.0,9.0,1.8,1.8,4.4,5.0,2.0,4.0,1.0,1.0,5.0,,,,1.8,1.6,10.8,9.0,0.0,3.8000000000000003,5.0,1.0,3.0,0.0,5.0,6.0,,,,True,True,UNKNOWN,False,False,,,,,,,,,,NPB,2020-07-29 18:00:00,1,,,0,
2020072903,2020-07-29 18:00:00,広島東洋カープ,中日ドラゴンズ,2.0,0.0,UNKNOWN,MAZDA Zoom-Zoom スタジアム広島,unknown,low,False,False,1200098,1100081,[],[],,,,,0,light,2020-07-29 18:00:00+00:00,,UNKNOWN,,,,UNKNOWN,UNKNOWN,,UNKNOWN,,2.5714285714285716,1.0,6.428571428571429,2.5714285714285716,1.2857142857142858,4.485714285714286,7.0,2.0,5.0,1.0,2.0,5.0,,,,0.0,0.5,2.25,0.0,0.0,2.7,8.0,0.0,4.0,0.0,0.0,2.0,,,,True,True,UNKNOWN,False,False,,,,,,,,,,NPB,2020-07-29 18:00:00,1,,,0,
2020072904,2020-07-29 18:00:00,北海道日本ハムファイターズ,オリックス・バファローズ,6.0,2.0,UNKNOWN,札幌ドーム,unknown,low,False,False,1400203,1800002,[],[],,,,,0,light,2020-07-29 18:00:00+00:00,,UNKNOWN,,,,UNKNOWN,UNKNOWN,,UNKNOWN,,2.25,1.75,9.0,9.0,0.0,4.2,4.0,1.0,3.0,0.0,4.0,4.0,,,,1.5,1.5,7.5,6.0,0.0,3.5333333333333337,6.0,1.0,5.0,0.0,4.0,5.0,,,,True,True,UNKNOWN,False,False,,,,,,,,,,NPB,2020-07-29 18:00:00,1,,,0,
2020072905,2020-07-29 18:00:00,千葉ロッテマリーンズ,東北楽天ゴールデンイーグルス,1.0,5.0,UNKNOWN,ZOZOマリンスタジアム,unknown,low,False,False,500014,1800052,[],[],,,,,0,light,2020-07-29 18:00:00+00:00,,UNKNOWN,,,,UNKNOWN,UNKNOWN,,UNKNOWN,,1.2857142857142858,0.7142857142857143,10.285714285714286,2.5714285714285716,1.2857142857142858,3.6285714285714286,7.0,1.0,3.0,1.0,2.0,8.0,,,,4.5,1.1666666666666667,9.0,3.0,3.0,6.533333333333333,6.0,3.0,5.0,2.0,2.0,6.0,,,,True,True,UNKNOWN,False,False,,,,,,,,,,NPB,2020-07-29 18:00:00,1,,,0,
2020072906,2020-07-29 18:00:00,福岡ソフトバンクホークス,埼玉西武ライオンズ,4.0,2.0,UNKNOWN,福岡PayPayドーム,unknown,low,False,False,1800080,20204,[],[],,,,,0,light,2020-07-29 18:00:00+00:00,,UNKNOWN,,,,UNKNOWN,UNKNOWN,,UNKNOWN,,7.2,1.8,5.4,3.6,1.8,5.800000000000001,5.0,4.0,7.0,1.0,2.0,3.0,,,,3.0,1.0,13.5,0.0,1.5,2.3666666666666667,6.0,2.0,6.0,1.0,0.0,9.0,,,,True,True,UNKNOWN,False,False,,,,,,,,,,NPB,2020-07-29 18:00:00,1,,,0,
2020073001,2020-07-30 18:00:00,読売ジャイアンツ,横浜DeNAベイスターズ,2.0,4.0,UNKNOWN,東京ドーム,unknown,low,False,False,1800045,1700002,[],[],,,,,0,light,2020-07-30 18:00:00+00:00,,UNKNOWN,,,,UNKNOWN,UNKNOWN,,UNKNOWN,,1.5,1.3333333333333333,6.0,3.0,0.0,2.8666666666666667,6.0,1.0,6.0,0.0,2.0,4.0,,,,2.6999999999999997,1.05,4.05,2.6999999999999997,0.0,3.2,6.666666666666667,2.0,5.0,0.0,2.0,3.0,,,,True,True,UNKNOWN,False,False,2020-07-30 09:00:00+00:00,,UNKNOWN,Open-Meteo Historical Forecast,FAIL_CLOSED_NO_ISSUANCE_TIMESTAMP,24.6,74.0,0.0,3.6,NPB,2020-07-30 18:00:00,1,,,0,
2020073002,2020-07-30 18:00:00,東京ヤクルトスワローズ,阪神タイガース,6.0,0.0,UNKNOWN,明治神宮野球場,unknown,low,False,False,1200062,1500042,[],[],,,,,0,light,2020-07-30 18:00:00+00:00,,UNKNOWN,,,,UNKNOWN,UNKNOWN,,UNKNOWN,,1.2857142857142858,1.2857142857142858,12.857142857142858,1.2857142857142858,0.0,0.7714285714285718,7.0,1.0,8.0,0.0,1.0,10.0,,,,0.0,0.5,6.75,1.125,0.0,2.075,8.0,0.0,3.0,0.0,1.0,6.0,,,,True,True,UNKNOWN,False,False,,,,,,,,,,NPB,2020-07-30 18:00:00,1,,,0,
2020073003,2020-07-30 18:00:00,広島東洋カープ,中日ドラゴンズ,4.0,4.0,UNKNOWN,MAZDA Zoom-Zoom スタジアム広島,unknown,low,False,False,1900039,1500007,[],[],,,,,0,light,2020-07-30 18:00:00+00:00,,UNKNOWN,,,,UNKNOWN,UNKNOWN,,UNKNOWN,,9.0,1.5,11.25,0.0,4.5,7.2,4.0,4.0,6.0,2.0,0.0,5.0,,,,3.0,1.3333333333333333,1.5,3.0,0.0,3.8666666666666667,6.0,2.0,6.0,0.0,2.0,1.0,,,,True,True,UNKNOWN,False,False,,,,,,,,,,NPB,2020-07-30 18:00:00,1,,,0,
2020073004,2020-07-30 18:00:00,北海道日本ハムファイターズ,オリックス・バファローズ,7.0,3.0,UNKNOWN,札幌ドーム,unknown,low,False,False,1400195,1300094,[],[],,,,,0,light,2020-07-30 18:00:00+00:00,,UNKNOWN,,,,UNKNOWN,UNKNOWN,,UNKNOWN,,16.2,3.5999999999999996,2.6999999999999997,5.3999999999999995,2.6999999999999997,8.3,3.3333333333333335,6.0,10.0,1.0,2.0,1.0,,,,1.2272727272727273,0.6818181818181819,4.909090909090909,1.2272727272727273,0.0,2.5181818181818185,7.333333333333333,1.0,4.0,0.0,1.0,4.0,,,,True,True,UNKNOWN,False,False,,,,,,,,,,NPB,2020-07-30 18:00:00,1,,,0,
2020073005,2020-07-30 18:00:00,千葉ロッテマリーンズ,東北楽天ゴールデンイーグルス,3.0,4.0,UNKNOWN,ZOZOマリンスタジアム,unknown,low,False,False,1800120,1400190,[],[],,,,,0,light,2020-07-30 18:00:00+00:00,,UNKNOWN,,,,UNKNOWN,UNKNOWN,,UNKNOWN,,3.8571428571428568,1.0714285714285714,5.785714285714286,5.785714285714286,1.9285714285714284,6.628571428571428,4.666666666666667,2.0,2.0,1.0,3.0,3.0,,,,6.0,1.3333333333333333,7.5,4.5,3.0,7.366666666666667,6.0,4.0,5.0,2.0,3.0,5.0,,,,True,True,UNKNOWN,False,False,,,,,,,,,,NPB,2020-07-30 18:00:00,1,,,0,
2020073006,2020-07-30 18:00:00,福岡ソフトバンクホークス,埼玉西武ライオンズ,0.0,6.0,UNKNOWN,福岡PayPayドーム,unknown,low,False,False,1700125,1800109,[],[],,,,,0,light,2020-07-30 18:00:00+00:00,,UNKNOWN,,,,UNKNOWN,UNKNOWN,,UNKNOWN,,0.0,1.0,5.4,1.8,0.0,2.6,5.0,0.0,4.0,0.0,1.0,3.0,,,,10.384615384615385,2.076923076923077,8.307692307692308,4.153846153846154,6.230769230769231,11.73846153846154,4.333333333333333,5.0,7.0,3.0,2.0,4.0,,,,True,True,UNKNOWN,False,False,,,,,,,,,,NPB,2020-07-30 18:00:00,1,,,0,
2020073101,2020-07-31 18:00:00,読売ジャイアンツ,広島東洋カープ,2.0,1.0,UNKNOWN,東京ドーム,excluded,high,False,False,1900052,1600060,[],[],,,,,0,light,2020-07-31 18:00:00+00:00,,UNKNOWN,,,,UNKNOWN,UNKNOWN,,UNKNOWN,,3.6,1.8,7.2,9.0,0.0,4.6,5.0,2.0,4.0,0.0,5.0,4.0,,,,2.076923076923077,0.23076923076923078,6.230769230769231,0.0,2.076923076923077,4.815384615384616,4.333333333333333,1.0,1.0,1.0,0.0,3.0,,,,True,True,UNKNOWN,False,False,2020-07-31 09:00:00+00:00,,UNKNOWN,Open-Meteo Historical Forecast,FAIL_CLOSED_NO_ISSUANCE_TIMESTAMP,27.5,69.0,0.0,3.1,NPB,2020-07-31 18:00:00,1,,,0,
2020073102,2020-07-31 18:00:00,中日ドラゴンズ,東京ヤクルトスワローズ,5.0,3.0,UNKNOWN,ナゴヤドーム,unknown,low,False,False,1900025,1000138,[],[],,,,,0,light,2020-07-31 18:00:00+00:00,,UNKNOWN,,,,UNKNOWN,UNKNOWN,,UNKNOWN,,3.6,1.0,9.0,3.6,0.0,2.4000000000000004,5.0,2.0,3.0,0.0,2.0,5.0,,,,3.0,0.7777777777777778,10.0,2.0,2.0,4.533333333333333,9.0,3.0,5.0,2.0,2.0,10.0,,,,True,True,UNKNOWN,False,False,,,,,,,,,,NPB,2020-07-31 18:00:00,1,,,0,
2020073103,2020-07-31 18:00:00,阪神タイガース,横浜DeNAベイスターズ,3.0,3.0,UNKNOWN,阪神甲子園球場,unknown,low,False,False,1800043,1500090,[],[],,,,,0,light,2020-07-31 18:00:00+00:00,,UNKNOWN,,,,UNKNOWN,UNKNOWN,,UNKNOWN,,4.5,1.1666666666666667,9.0,3.0,1.5,4.366666666666667,6.0,3.0,5.0,1.0,2.0,6.0,,,,4.2631578947368425,1.105263157894737,4.2631578947368425,2.8421052631578947,0.0,3.2,6.333333333333333,3.0,5.0,0.0,2.0,3.0,,,,True,True,UNKNOWN,False,False,,,,,,,,,,NPB,2020-07-31 18:00:00,1,,,0,
2020073104,2020-07-31 18:00:00,北海道日本ハムファイターズ,オリックス・バファローズ,2.0,7.0,UNKNOWN,札幌ドーム,unknown,low,False,False,1600160,1400117,[],[],,,,,0,light,2020-07-31 18:00:00+00:00,,UNKNOWN,,,,UNKNOWN,UNKNOWN,,UNKNOWN,,4.5,2.5,4.5,15.75,0.0,7.45,4.0,2.0,3.0,0.0,7.0,2.0,,,,8.526315789473685,1.5789473684210527,8.526315789473685,0.0,1.4210526315789473,3.3578947368421055,6.333333333333333,6.0,10.0,1.0,0.0,6.0,,,,True,True,UNKNOWN,False,False,,,,,,,,,,NPB,2020-07-31 18:00:00,1,,,0,
2020073105,2020-07-31 18:00:00,千葉ロッテマリーンズ,東北楽天ゴールデンイーグルス,5.0,4.0,UNKNOWN,ZOZOマリンスタジアム,unknown,low,False,False,1200117,1300050,[],[],,,,,0,light,2020-07-31 18:00:00+00:00,,UNKNOWN,,,,UNKNOWN,UNKNOWN,,UNKNOWN,,7.941176470588235,1.588235294117647,9.529411764705882,4.764705882352941,0.0,2.670588235294118,5.666666666666667,5.0,6.0,0.0,3.0,6.0,,,,3.0,1.6666666666666667,1.5,3.0,1.5,6.033333333333333,6.0,2.0,8.0,1.0,2.0,1.0,,,,True,True,UNKNOWN,False,False,,,,,,,,,,NPB,2020-07-31 18:00:00,1,,,0,
2020073106,2020-07-31 18:00:00,福岡ソフトバンクホークス,埼玉西武ライオンズ,5.0,4.0,UNKNOWN,福岡PayPayドーム,unknown,low,False,False,1800022,1200106,[],[],,,,,0,light,2020-07-31 18:00:00+00:00,,UNKNOWN,,,,UNKNOWN,UNKNOWN,,UNKNOWN,,7.5,1.6666666666666667,4.5,3.0,1.5,5.366666666666667,6.0,5.0,8.0,1.0,2.0,3.0,,,,5.0625,1.3125,8.4375,5.0625,3.375,7.8875,5.333333333333333,3.0,4.0,2.0,3.0,5.0,,,,True,True,UNKNOWN,False,False,,,,,,,,,,NPB,2020-07-31 18:00:00,1,,,0,
2020080101,2020-08-01 14:00:00,読売ジャイアンツ,広島東洋カープ,11.0,3.0,UNKNOWN,東京ドーム,excluded,high,False,False,1600123,1300029,[],[],,,,,0,light,2020-08-01 14:00:00+00:00,,UNKNOWN,,,,UNKNOWN,UNKNOWN,,UNKNOWN,,6.0,2.6666666666666665,6.0,3.0,0.0,2.8666666666666667,3.0,2.0,7.0,0.0,1.0,2.0,,,,2.5714285714285716,1.2857142857142858,3.857142857142857,2.5714285714285716,1.2857142857142858,5.057142857142857,7.0,2.0,7.0,1.0,2.0,3.0,,,,True,True,UNKNOWN,False,False,2020-08-01 05:00:00+00:00,,UNKNOWN,Open-Meteo Historical Forecast,FAIL_CLOSED_NO_ISSUANCE_TIMESTAMP,31.6,50.0,0.0,7.0,NPB,2020-08-01 14:00:00,1,,,0,
2020080102,2020-08-01 14:00:00,中日ドラゴンズ,東京ヤクルトスワローズ,3.0,1.0,UNKNOWN,ナゴヤドーム,unknown,low,False,False,1200076,1800061,[],[],,,,,0,light,2020-08-01 14:00:00+00:00,,UNKNOWN,,,,UNKNOWN,UNKNOWN,,UNKNOWN,,1.2272727272727273,0.9545454545454546,7.363636363636364,2.4545454545454546,0.0,2.381818181818182,7.333333333333333,1.0,5.0,0.0,2.0,6.0,,,,1.125,0.5,6.75,0.0,0.0,1.7000000000000002,8.0,1.0,4.0,0.0,0.0,6.0,,,,True,True,UNKNOWN,False,False,,,,,,,,,,NPB,2020-08-01 14:00:00,1,,,0,
2020080104,2020-08-01 14:00:00,北海道日本ハムファイターズ,オリックス・バファローズ,3.0,1.0,UNKNOWN,札幌ドーム,unknown,low,False,False,1700109,1900129,[],[],,,,,0,light,2020-08-01 14:00:00+00:00,,UNKNOWN,,,,UNKNOWN,UNKNOWN,,UNKNOWN,,3.0,1.3333333333333333,6.0,4.5,0.0,3.3666666666666667,6.0,2.0,5.0,0.0,3.0,4.0,,,,0.0,0.7142857142857143,5.142857142857143,1.2857142857142858,0.0,2.4857142857142858,7.0,0.0,4.0,0.0,1.0,4.0,,,,True,True,UNKNOWN,False,False,,,,,,,,,,NPB,2020-08-01 14:00:00,1,,,0,
2020080106,2020-08-01 14:00:00,福岡ソフトバンクホークス,埼玉西武ライオンズ,4.0,0.0,UNKNOWN,福岡PayPayドーム,excluded,high,False,False,1500104,1300080,[],[],,,,,0,light,2020-08-01 14:00:00+00:00,,UNKNOWN,,,,UNKNOWN,UNKNOWN,,UNKNOWN,,7.2,1.6,9.0,3.6,1.8,5.0,5.0,4.0,6.0,1.0,2.0,5.0,,,,0.0,0.3333333333333333,13.0,2.0,0.0,0.9777777777777779,9.0,0.0,1.0,0.0,2.0,13.0,,,,True,True,UNKNOWN,False,False,,,,,,,,,,NPB,2020-08-01 14:00:00,1,,,0,
2020080105,2020-08-01 17:00:00,千葉ロッテマリーンズ,東北楽天ゴールデンイーグルス,0.0,8.0,UNKNOWN,ZOZOマリンスタジアム,unknown,low,False,False,1000154,1600146,[],[],,,,,0,light,2020-08-01 17:00:00+00:00,,UNKNOWN,,,,UNKNOWN,UNKNOWN,,UNKNOWN,,0.0,1.0,3.857142857142857,5.142857142857143,0.0,4.057142857142857,7.0,0.0,3.0,0.0,4.0,3.0,,,,12.705882352941176,2.6470588235294117,4.764705882352941,4.764705882352941,1.588235294117647,6.023529411764706,5.666666666666667,8.0,12.0,1.0,3.0,3.0,,,,True,True,UNKNOWN,False,False,,,,,,,,,,NPB,2020-08-01 17:00:00,1,,,0,
2020080103,2020-08-01 18:00:00,阪神タイガース,横浜DeNAベイスターズ,3.0,7.0,UNKNOWN,阪神甲子園球場,unknown,low,False,False,1500061,900062,[],[],,,,,0,light,2020-08-01 18:00:00+00:00,,UNKNOWN,,,,UNKNOWN,UNKNOWN,,UNKNOWN,,2.5714285714285716,1.0,12.857142857142858,2.5714285714285716,0.0,1.2000000000000002,7.0,2.0,5.0,0.0,2.0,10.0,,,,7.5,1.1666666666666667,9.0,0.0,6.0,9.866666666666667,6.0,5.0,7.0,4.0,0.0,6.0,,,,True,True,UNKNOWN,False,False,,,,,,,,,,NPB,2020-08-01 18:00:00,1,,,0,
2020080201,2020-08-02 14:00:00,読売ジャイアンツ,広島東洋カープ,2.0,9.0,UNKNOWN,東京ドーム,unknown,low,False,False,1700072,1500046,[],[],,,,,0,light,2020-08-02 14:00:00+00:00,,UNKNOWN,,,,UNKNOWN,UNKNOWN,,UNKNOWN,,2.0,0.5555555555555556,5.0,0.0,2.0,4.977777777777778,9.0,2.0,5.0,2.0,0.0,5.0,,,,19.285714285714285,3.4285714285714284,3.8571428571428568,3.8571428571428568,3.8571428571428568,9.2,2.3333333333333335,5.0,7.0,1.0,1.0,1.0,,,,True,True,UNKNOWN,False,False,2020-08-02 05:00:00+00:00,,UNKNOWN,Open-Meteo Historical Forecast,FAIL_CLOSED_NO_ISSUANCE_TIMESTAMP,30.5,50.0,0.0,3.8,NPB,2020-08-02 14:00:00,1,,,0,
2020080202,2020-08-02 14:00:00,中日ドラゴンズ,東京ヤクルトスワローズ,0.0,0.0,UNKNOWN,ナゴヤドーム,excluded,high,False,False,1200111,1800060,[],[],,,,,0,light,2020-08-02 14:00:00+00:00,,UNKNOWN,,,,UNKNOWN,UNKNOWN,,UNKNOWN,,0.0,0.625,2.25,1.125,0.0,3.075,8.0,0.0,4.0,0.0,1.0,2.0,,,,0.0,0.7,8.1,1.8,0.0,2.0,10.0,0.0,5.0,0.0,2.0,9.0,,,,True,True,UNKNOWN,False,False,,,,,,,,,,NPB,2020-08-02 14:00:00,1,,,0,
2020080204,2020-08-02 17:00:00,千葉ロッテマリーンズ,東北楽天ゴールデンイーグルス,7.0,6.0,UNKNOWN,ZOZOマリンスタジアム,unknown,low,False,False,1000096,1800054,[],[],,,,,0,light,2020-08-02 17:00:00+00:00,,UNKNOWN,,,,UNKNOWN,UNKNOWN,,UNKNOWN,,1.8,0.6,1.8,1.8,0.0,3.4000000000000004,5.0,1.0,2.0,0.0,1.0,1.0,,,,3.6,0.6,7.2,0.0,1.8,4.2,5.0,2.0,3.0,1.0,0.0,4.0,,,,True,True,UNKNOWN,False,False,,,,,,,,,,NPB,2020-08-02 17:00:00,1,,,0,
2020080203,2020-08-02 18:00:00,阪神タイガース,横浜DeNAベイスターズ,3.0,1.0,UNKNOWN,阪神甲子園球場,unknown,low,False,False,1300031,1300070,[],[],,,,,0,light,2020-08-02 18:00:00+00:00,,UNKNOWN,,,,UNKNOWN,UNKNOWN,,UNKNOWN,,2.5714285714285716,1.0,3.857142857142857,1.2857142857142858,0.0,2.771428571428572,7.0,2.0,6.0,0.0,1.0,3.0,,,,1.8,1.6,5.4,5.4,1.8,6.4,5.0,1.0,5.0,1.0,3.0,3.0,,,,True,True,UNKNOWN,False,False,,,,,,,,,,NPB,2020-08-02 18:00:00,1,,,0,
2020080401,2020-08-04 18:00:00,東京ヤクルトスワローズ,広島東洋カープ,3.0,6.0,UNKNOWN,明治神宮野球場,unknown,low,False,False,1300058,1300045,[],[],,,,,0,light,2020-08-04 18:00:00+00:00,,UNKNOWN,,,,UNKNOWN,UNKNOWN,,UNKNOWN,,6.75,2.0,6.75,2.25,0.0,2.45,4.0,3.0,7.0,0.0,1.0,3.0,,,,2.6999999999999997,1.3499999999999999,6.75,1.3499999999999999,0.0,2.1500000000000004,6.666666666666667,2.0,8.0,0.0,1.0,5.0,,,,True,True,UNKNOWN,False,False,,,,,,,,,,NPB,2020-08-04 18:00:00,1,,,0,
2020080402,2020-08-04 18:00:00,横浜DeNAベイスターズ,中日ドラゴンズ,3.0,0.0,UNKNOWN,横浜スタジアム,unknown,low,False,False,1200055,1200050,[],[],,,,,0,light,2020-08-04 18:00:00+00:00,,UNKNOWN,,,,UNKNOWN,UNKNOWN,,UNKNOWN,,5.4,1.6,3.6,1.8,0.0,3.0,5.0,3.0,7.0,0.0,1.0,2.0,,,,0.0,0.8571428571428571,3.857142857142857,0.0,0.0,2.342857142857143,7.0,0.0,6.0,0.0,0.0,3.0,,,,True,True,UNKNOWN,False,False,,,,,,,,,,NPB,2020-08-04 18:00:00,1,,,0,
2020080403,2020-08-04 18:00:00,阪神タイガース,読売ジャイアンツ,2.0,7.0,UNKNOWN,阪神甲子園球場,unknown,low,False,False,1200041,1700154,[],[],,,,,0,light,2020-08-04 18:00:00+00:00,,UNKNOWN,,,,UNKNOWN,UNKNOWN,,UNKNOWN,,2.5714285714285716,1.0,3.857142857142857,1.2857142857142858,1.2857142857142858,4.628571428571429,7.0,2.0,6.0,1.0,1.0,3.0,,,,5.4,1.2,7.2,1.8,3.6,7.4,5.0,3.0,5.0,2.0,1.0,4.0,,,,True,True,UNKNOWN,False,False,,,,,,,,,,NPB,2020-08-04 18:00:00,1,,,0,
2020080404,2020-08-04 18:00:00,北海道日本ハムファイターズ,埼玉西武ライオンズ,11.0,4.0,UNKNOWN,札幌ドーム,unknown,low,False,False,1400182,1100099,[],[],,,,,0,light,2020-08-04 18:00:00+00:00,,UNKNOWN,,,,UNKNOWN,UNKNOWN,,UNKNOWN,,12.461538461538462,2.307692307692308,4.153846153846154,14.53846153846154,2.076923076923077,10.123076923076923,4.333333333333333,6.0,3.0,1.0,7.0,2.0,,,,6.352941176470588,1.2352941176470587,12.705882352941176,1.588235294117647,1.588235294117647,3.2,5.666666666666667,4.0,6.0,1.0,1.0,8.0,,,,True,True,UNKNOWN,False,False,,,,,,,,,,NPB,2020-08-04 18:00:00,1,,,0,
2020080405,2020-08-04 18:00:00,東北楽天ゴールデンイーグルス,福岡ソフトバンクホークス,7.0,6.0,UNKNOWN,楽天生命パーク宮城,unknown,low,False,False,1000174,1800120,[],[],,,,,0,light,2020-08-04 18:00:00+00:00,,UNKNOWN,,,,UNKNOWN,UNKNOWN,,UNKNOWN,,4.5,1.5,9.0,4.5,0.0,2.7,6.0,3.0,6.0,0.0,3.0,6.0,,,,5.4,1.8,5.4,5.4,1.8,6.4,5.0,3.0,6.0,1.0,3.0,3.0,,,,True,True,UNKNOWN,False,False,,,,,,,,,,NPB,2020-08-04 18:00:00,1,,,0,
2020080406,2020-08-04 18:00:00,オリックス・バファローズ,千葉ロッテマリーンズ,5.0,5.0,UNKNOWN,京セラドーム大阪,unknown,low,False,False,1000155,1600153,[],[],,,,,0,light,2020-08-04 18:00:00+00:00,,UNKNOWN,,,,UNKNOWN,UNKNOWN,,UNKNOWN,,5.684210526315789,1.4210526315789473,7.105263157894737,1.4210526315789473,0.0,2.094736842105263,6.333333333333333,4.0,8.0,0.0,1.0,5.0,,,,7.5,1.6666666666666667,13.5,3.0,1.5,3.3666666666666667,6.0,5.0,8.0,1.0,2.0,9.0,,,,True,True,UNKNOWN,False,False,,,,,,,,,,NPB,2020-08-04 18:00:00,1,,,0,
2020080501,2020-08-05 18:00:00,東京ヤクルトスワローズ,広島東洋カープ,1.0,4.0,UNKNOWN,明治神宮野球場,unknown,low,False,False,1100081,1900027,[],[],,,,,0,light,2020-08-05 18:00:00+00:00,,UNKNOWN,,,,UNKNOWN,UNKNOWN,,UNKNOWN,,1.2857142857142858,0.8571428571428571,7.714285714285714,3.857142857142857,1.2857142857142858,4.628571428571429,7.0,1.0,3.0,1.0,3.0,6.0,,,,3.6,2.0,7.2,5.4,0.0,3.4000000000000004,5.0,2.0,7.0,0.0,3.0,4.0,,,,True,True,UNKNOWN,False,False,,,,,,,,,,NPB,2020-08-05 18:00:00,1,,,0,
2020080502,2020-08-05 18:00:00,横浜DeNAベイスターズ,中日ドラゴンズ,8.0,2.0,UNKNOWN,横浜スタジアム,unknown,low,False,False,1600106,1600081,[],[],,,,,0,light,2020-08-05 18:00:00+00:00,,UNKNOWN,,,,UNKNOWN,UNKNOWN,,UNKNOWN,,7.7142857142857135,3.4285714285714284,7.7142857142857135,3.8571428571428568,0.0,2.771428571428572,2.3333333333333335,2.0,7.0,0.0,1.0,2.0,,,,1.8,0.8,14.4,3.6,0.0,1.2000000000000002,5.0,1.0,2.0,0.0,2.0,8.0,,,,True,True,UNKNOWN,False,False,,,,,,,,,,NPB,2020-08-05 18:00:00,1,,,0,
2020080503,2020-08-05 18:00:00,阪神タイガース,読売ジャイアンツ,1.0,4.0,UNKNOWN,阪神甲子園球場,unknown,low,False,False,1800028,1200062,[],[],,,,,0,light,2020-08-05 18:00:00+00:00,,UNKNOWN,,,,UNKNOWN,UNKNOWN,,UNKNOWN,,1.2857142857142858,0.8571428571428571,12.857142857142858,2.5714285714285716,0.0,1.2000000000000002,7.0,1.0,4.0,0.0,2.0,10.0,,,,1.125,0.625,7.875,1.125,0.0,1.8250000000000002,8.0,1.0,4.0,0.0,1.0,7.0,,,,True,True,UNKNOWN,False,False,,,,,,,,,,NPB,2020-08-05 18:00:00,1,,,0,
2020080504,2020-08-05 18:00:00,北海道日本ハムファイターズ,埼玉西武ライオンズ,2.0,7.0,UNKNOWN,札幌ドーム,unknown,low,False,False,1700123,1800002,[],[],,,,,0,light,2020-08-05 18:00:00+00:00,,UNKNOWN,,,,UNKNOWN,UNKNOWN,,UNKNOWN,,2.076923076923077,1.3846153846153848,8.307692307692308,2.076923076923077,0.0,2.046153846153846,4.333333333333333,1.0,5.0,0.0,1.0,4.0,,,,6.75,1.125,5.0625,0.0,3.375,6.95,5.333333333333333,4.0,6.0,2.0,0.0,3.0,,,,True,True,UNKNOWN,False,False,,,,,,,,,,NPB,2020-08-05 18:00:00,1,,,0,
2020080505,2020-08-05 18:00:00,東北楽天ゴールデンイーグルス,福岡ソフトバンクホークス,6.0,0.0,UNKNOWN,楽天生命パーク宮城,unknown,low,False,False,20204,500014,[],[],,,,,0,light,2020-08-05 18:00:00+00:00,,UNKNOWN,,,,UNKNOWN,UNKNOWN,,UNKNOWN,,3.6,2.0,1.8,5.4,0.0,4.6,5.0,2.0,7.0,0.0,3.0,1.0,,,,0.0,0.3333333333333333,8.0,2.0,0.0,2.088888888888889,9.0,0.0,1.0,0.0,2.0,8.0,,,,True,True,UNKNOWN,False,False,,,,,,,,,,NPB,2020-08-05 18:00:00,1,,,0,
2020080506,2020-08-05 18:00:00,オリックス・バファローズ,千葉ロッテマリーンズ,1.0,12.0,UNKNOWN,京セラドーム大阪,unknown,low,False,False,1800052,1400203,[],[],,,,,0,light,2020-08-05 18:00:00+00:00,,UNKNOWN,,,,UNKNOWN,UNKNOWN,,UNKNOWN,,1.5,1.1666666666666667,4.5,4.5,0.0,3.7,6.0,1.0,4.0,0.0,3.0,3.0,,,,15.428571428571427,1.9285714285714284,7.7142857142857135,7.7142857142857135,1.9285714285714284,6.842857142857143,4.666666666666667,8.0,5.0,1.0,4.0,4.0,,,,True,True,UNKNOWN,False,False,,,,,,,,,,NPB,2020-08-05 18:00:00,1,,,0,
2020080601,2020-08-06 18:00:00,東京ヤクルトスワローズ,広島東洋カープ,9.0,5.0,UNKNOWN,明治神宮野球場,unknown,low,False,False,1500007,1500042,[],[],,,,,0,light,2020-08-06 18:00:00+00:00,,UNKNOWN,,,,UNKNOWN,UNKNOWN,,UNKNOWN,,12.0,3.0,12.0,6.0,0.0,2.5333333333333337,3.0,4.0,7.0,0.0,2.0,4.0,,,,7.2,1.6,3.6,5.4,5.4,12.0,5.0,4.0,5.0,3.0,3.0,2.0,,,,True,True,UNKNOWN,False,False,,,,,,,,,,NPB,2020-08-06 18:00:00,1,,,0,
2020080602,2020-08-06 18:00:00,横浜DeNAベイスターズ,中日ドラゴンズ,3.0,0.0,UNKNOWN,横浜スタジアム,unknown,low,False,False,1200098,1800045,[],[],,,,,0,light,2020-08-06 18:00:00+00:00,,UNKNOWN,,,,UNKNOWN,UNKNOWN,,UNKNOWN,,6.75,2.5,6.75,4.5,4.5,9.7,4.0,3.0,8.0,2.0,2.0,3.0,,,,0.0,0.7142857142857143,6.428571428571429,1.2857142857142858,0.0,2.2,7.0,0.0,4.0,0.0,1.0,5.0,,,,True,True,UNKNOWN,False,False,,,,,,,,,,NPB,2020-08-06 18:00:00,1,,,0,
2020080603,2020-08-06 18:00:00,阪神タイガース,読売ジャイアンツ,11.0,0.0,UNKNOWN,阪神甲子園球場,excluded,high,False,False,1700002,1700078,[],[],,,,,0,light,2020-08-06 18:00:00+00:00,,UNKNOWN,,,,UNKNOWN,UNKNOWN,,UNKNOWN,,9.818181818181818,1.9090909090909092,7.363636363636364,7.363636363636364,0.0,4.0181818181818185,3.6666666666666665,4.0,4.0,0.0,3.0,3.0,,,,0.0,0.5714285714285714,14.142857142857142,1.2857142857142858,0.0,0.48571428571428577,7.0,0.0,3.0,0.0,1.0,11.0,,,,True,True,UNKNOWN,False,False,,,,,,,,,,NPB,2020-08-06 18:00:00,1,,,0,
2020080604,2020-08-06 18:00:00,北海道日本ハムファイターズ,埼玉西武ライオンズ,5.0,3.0,UNKNOWN,札幌ドーム,unknown,low,False,False,1700125,1900070,[],[],,,,,0,light,2020-08-06 18:00:00+00:00,,UNKNOWN,,,,UNKNOWN,UNKNOWN,,UNKNOWN,,10.799999999999999,2.4,8.1,5.3999999999999995,0.0,3.2,3.3333333333333335,4.0,6.0,0.0,2.0,3.0,,,,3.6,1.4,9.0,5.4,1.8,5.6,5.0,2.0,4.0,1.0,3.0,5.0,,,,True,True,UNKNOWN,False,False,,,,,,,,,,NPB,2020-08-06 18:00:00,1,,,0,
2020080605,2020-08-06 18:00:00,東北楽天ゴールデンイーグルス,福岡ソフトバンクホークス,1.0,3.0,UNKNOWN,楽天生命パーク宮城,excluded,high,False,False,1400129,1300084,[],[],,,,,0,light,2020-08-06 18:00:00+00:00,,UNKNOWN,,,,UNKNOWN,UNKNOWN,,UNKNOWN,,0.0,3.0,13.5,13.5,0.0,4.7,2.0,0.0,3.0,0.0,3.0,3.0,,,,5.4,1.8,5.4,1.8,0.0,2.6,5.0,3.0,8.0,0.0,1.0,3.0,,,,True,True,UNKNOWN,False,False,,,,,,,,,,NPB,2020-08-06 18:00:00,1,,,0,
2020080606,2020-08-06 18:00:00,オリックス・バファローズ,千葉ロッテマリーンズ,3.0,1.0,UNKNOWN,京セラドーム大阪,unknown,low,False,False,1400190,1400195,[],[],,,,,0,light,2020-08-06 18:00:00+00:00,,UNKNOWN,,,,UNKNOWN,UNKNOWN,,UNKNOWN,,3.0,1.8333333333333333,7.5,7.5,0.0,4.033333333333333,6.0,2.0,6.0,0.0,5.0,5.0,,,,0.0,0.6666666666666666,6.0,1.5,0.0,2.3666666666666667,6.0,0.0,3.0,0.0,1.0,4.0,,,,True,True,UNKNOWN,False,False,,,,,,,,,,NPB,2020-08-06 18:00:00,1,,,0,
2020080701,2020-08-07 18:00:00,東京ヤクルトスワローズ,横浜DeNAベイスターズ,8.0,2.0,UNKNOWN,明治神宮野球場,unknown,low,False,False,1800043,1900025,[],[],,,,,0,light,2020-08-07 18:00:00+00:00,,UNKNOWN,,,,UNKNOWN,UNKNOWN,,UNKNOWN,,9.0,2.3333333333333335,6.0,0.0,3.0,6.2,3.0,3.0,7.0,1.0,0.0,2.0,,,,3.0,1.3333333333333333,6.0,3.0,0.0,2.8666666666666667,6.0,2.0,6.0,0.0,2.0,4.0,,,,True,True,UNKNOWN,False,False,,,,,,,,,,NPB,2020-08-07 18:00:00,1,,,0,
2020080702,2020-08-07 18:00:00,中日ドラゴンズ,読売ジャイアンツ,7.0,1.0,UNKNOWN,ナゴヤドーム,unknown,low,False,False,1300029,1000138,[],[],,,,,0,light,2020-08-07 18:00:00+00:00,,UNKNOWN,,,,UNKNOWN,UNKNOWN,,UNKNOWN,,9.0,1.6,9.0,1.8,0.0,1.8000000000000003,5.0,5.0,7.0,0.0,1.0,5.0,,,,1.0,0.6666666666666666,10.0,1.0,1.0,2.7555555555555555,9.0,1.0,5.0,1.0,1.0,10.0,,,,True,True,UNKNOWN,False,False,,,,,,,,,,NPB,2020-08-07 18:00:00,1,,,0,
2020080703,2020-08-07 18:00:00,広島東洋カープ,阪神タイガース,11.0,6.0,UNKNOWN,MAZDA Zoom-Zoom スタジアム広島,unknown,low,False,False,1500090,1900052,[],[],,,,,0,light,2020-08-07 18:00:00+00:00,,UNKNOWN,,,,UNKNOWN,UNKNOWN,,UNKNOWN,,18.0,3.6666666666666665,12.0,3.0,3.0,5.866666666666667,3.0,6.0,10.0,1.0,1.0,4.0,,,,4.5,1.6666666666666667,6.0,6.0,0.0,3.8666666666666667,6.0,3.0,6.0,0.0,4.0,4.0,,,,True,True,UNKNOWN,False,False,,,,,,,,,,NPB,2020-08-07 18:00:00,1,,,0,
2020080704,2020-08-07 18:00:00,北海道日本ハムファイターズ,埼玉西武ライオンズ,3.0,2.0,UNKNOWN,札幌ドーム,unknown,low,False,False,1800022,1300094,[],[],,,,,0,light,2020-08-07 18:00:00+00:00,,UNKNOWN,,,,UNKNOWN,UNKNOWN,,UNKNOWN,,4.5,0.8333333333333334,3.0,1.5,1.5,5.2,6.0,3.0,4.0,1.0,1.0,2.0,,,,0.0,0.7142857142857143,7.714285714285714,5.142857142857143,0.0,3.2,7.0,0.0,1.0,0.0,4.0,6.0,,,,True,True,UNKNOWN,False,False,,,,,,,,,,NPB,2020-08-07 18:00:00,1,,,0,
2020080705,2020-08-07 18:00:00,東北楽天ゴールデンイーグルス,福岡ソフトバンクホークス,7.0,4.0,UNKNOWN,楽天生命パーク宮城,unknown,low,False,False,1200106,1200117,[],[],,,,,0,light,2020-08-07 18:00:00+00:00,,UNKNOWN,,,,UNKNOWN,UNKNOWN,,UNKNOWN,,7.105263157894737,1.5789473684210527,8.526315789473685,5.684210526315789,1.4210526315789473,5.252631578947369,6.333333333333333,5.0,6.0,1.0,4.0,6.0,,,,4.5,1.6666666666666667,7.5,4.5,3.0,7.366666666666667,6.0,3.0,7.0,2.0,3.0,5.0,,,,True,True,UNKNOWN,False,False,,,,,,,,,,NPB,2020-08-07 18:00:00,1,,,0,
2020080706,2020-08-07 18:00:00,オリックス・バファローズ,千葉ロッテマリーンズ,3.0,6.0,UNKNOWN,京セラドーム大阪,unknown,low,False,False,1300050,1600160,[],[],,,,,0,light,2020-08-07 18:00:00+00:00,,UNKNOWN,,,,UNKNOWN,UNKNOWN,,UNKNOWN,,1.2857142857142858,1.7142857142857142,2.5714285714285716,0.0,0.0,2.628571428571429,7.0,1.0,12.0,0.0,0.0,2.0,,,,12.0,3.0,9.0,9.0,3.0,8.533333333333333,3.0,4.0,6.0,1.0,3.0,3.0,,,,True,True,UNKNOWN,False,False,,,,,,,,,,NPB,2020-08-07 18:00:00,1,,,0,
2020080802,2020-08-08 14:00:00,中日ドラゴンズ,読売ジャイアンツ,3.0,1.0,UNKNOWN,ナゴヤドーム,unknown,low,False,False,1600060,1800061,[],[],,,,,0,light,2020-08-08 14:00:00+00:00,,UNKNOWN,,,,UNKNOWN,UNKNOWN,,UNKNOWN,,3.857142857142857,0.8571428571428571,9.0,2.5714285714285716,1.2857142857142858,3.9142857142857146,7.0,3.0,4.0,1.0,2.0,7.0,,,,1.5,0.8333333333333334,7.5,3.0,1.5,4.7,6.0,1.0,3.0,1.0,2.0,5.0,,,,True,True,UNKNOWN,False,False,,,,,,,,,,NPB,2020-08-08 14:00:00,1,,,0,
2020080804,2020-08-08 14:00:00,北海道日本ハムファイターズ,埼玉西武ライオンズ,7.0,6.0,UNKNOWN,札幌ドーム,unknown,low,False,False,1800080,1400117,[],[],,,,,0,light,2020-08-08 14:00:00+00:00,,UNKNOWN,,,,UNKNOWN,UNKNOWN,,UNKNOWN,,3.6,1.4,7.2,7.2,1.8,6.6,5.0,2.0,3.0,1.0,4.0,4.0,,,,10.8,2.2,9.0,3.6,1.8,5.0,5.0,6.0,9.0,1.0,2.0,5.0,,,,True,True,UNKNOWN,False,False,,,,,,,,,,NPB,2020-08-08 14:00:00,1,,,0,
2020080806,2020-08-08 14:00:00,オリックス・バファローズ,千葉ロッテマリーンズ,3.0,9.0,UNKNOWN,京セラドーム大阪,excluded,high,False,False,1300055,1700110,[],[],,,,,0,light,2020-08-08 14:00:00+00:00,,UNKNOWN,,,,UNKNOWN,UNKNOWN,,UNKNOWN,,2.5714285714285716,0.8571428571428571,9.0,1.2857142857142858,0.0,1.6285714285714288,7.0,2.0,5.0,0.0,1.0,7.0,,,,18.9,4.2,10.799999999999999,10.799999999999999,2.6999999999999997,8.3,3.3333333333333335,7.0,10.0,1.0,4.0,4.0,,,,True,True,UNKNOWN,False,False,,,,,,,,,,NPB,2020-08-08 14:00:00,1,,,0,
2020080801,2020-08-08 18:00:00,東京ヤクルトスワローズ,横浜DeNAベイスターズ,4.0,5.0,UNKNOWN,明治神宮野球場,unknown,low,False,False,1500061,1200076,[],[],,,,,0,light,2020-08-08 18:00:00+00:00,,UNKNOWN,,,,UNKNOWN,UNKNOWN,,UNKNOWN,,3.176470588235294,0.8823529411764706,9.529411764705882,1.588235294117647,1.588235294117647,3.905882352941177,5.666666666666667,2.0,4.0,1.0,1.0,6.0,,,,7.2,1.8,5.4,0.0,3.6,7.2,5.0,4.0,9.0,2.0,0.0,3.0,,,,True,True,UNKNOWN,False,False,,,,,,,,,,NPB,2020-08-08 18:00:00,1,,,0,
2020080803,2020-08-08 18:00:00,広島東洋カープ,阪神タイガース,2.0,1.0,UNKNOWN,MAZDA Zoom-Zoom スタジアム広島,unknown,low,False,False,900062,1300057,[],[],,,,,0,light,2020-08-08 18:00:00+00:00,,UNKNOWN,,,,UNKNOWN,UNKNOWN,,UNKNOWN,,1.5,1.3333333333333333,6.0,6.0,1.5,6.033333333333333,6.0,1.0,4.0,1.0,4.0,4.0,,,,1.2857142857142858,1.1428571428571428,7.714285714285714,3.857142857142857,1.2857142857142858,4.628571428571429,7.0,1.0,5.0,1.0,3.0,6.0,,,,True,True,UNKNOWN,False,False,,,,,,,,,,NPB,2020-08-08 18:00:00,1,,,0,
2020080805,2020-08-08 18:00:00,東北楽天ゴールデンイーグルス,福岡ソフトバンクホークス,4.0,2.0,UNKNOWN,楽天生命パーク宮城,unknown,low,False,False,900100,1000154,[],[],,,,,0,light,2020-08-08 18:00:00+00:00,,UNKNOWN,,,,UNKNOWN,UNKNOWN,,UNKNOWN,,3.857142857142857,1.2857142857142858,2.5714285714285716,1.2857142857142858,1.2857142857142858,4.914285714285715,7.0,3.0,8.0,1.0,1.0,2.0,,,,0.0,0.44999999999999996,8.1,0.0,0.0,1.4000000000000004,6.666666666666667,0.0,3.0,0.0,0.0,6.0,,,,True,True,UNKNOWN,False,False,,,,,,,,,,NPB,2020-08-08 18:00:00,1,,,0,
2020080904,2020-08-09 13:00:00,北海道日本ハムファイターズ,埼玉西武ライオンズ,2.0,1.0,UNKNOWN,札幌ドーム,unknown,low,False,False,1500104,1900129,[],[],,,,,0,light,2020-08-09 13:00:00+00:00,,UNKNOWN,,,,UNKNOWN,UNKNOWN,,UNKNOWN,,3.176470588235294,1.2352941176470587,3.176470588235294,1.588235294117647,0.0,3.0235294117647062,5.666666666666667,2.0,6.0,0.0,1.0,2.0,,,,1.2857142857142858,0.7142857142857143,12.857142857142858,0.0,1.2857142857142858,2.2,7.0,1.0,5.0,1.0,0.0,10.0,,,,True,True,UNKNOWN,False,False,,,,,,,,,,NPB,2020-08-09 13:00:00,1,,,0,
2020080906,2020-08-09 13:00:00,オリックス・バファローズ,千葉ロッテマリーンズ,0.0,4.0,UNKNOWN,京セラドーム大阪,unknown,low,False,False,1800054,1700150,[],[],,,,,0,light,2020-08-09 13:00:00+00:00,,UNKNOWN,,,,UNKNOWN,UNKNOWN,,UNKNOWN,,0.0,0.8333333333333334,3.0,6.0,0.0,4.533333333333333,6.0,0.0,1.0,0.0,4.0,2.0,,,,1.2857142857142858,0.5714285714285714,6.428571428571429,2.5714285714285716,1.2857142857142858,4.485714285714286,7.0,1.0,2.0,1.0,2.0,5.0,,,,True,True,UNKNOWN,False,False,,,,,,,,,,NPB,2020-08-09 13:00:00,1,,,0,
2020080902,2020-08-09 14:00:00,中日ドラゴンズ,読売ジャイアンツ,2.0,2.0,UNKNOWN,ナゴヤドーム,excluded,high,False,False,1000084,2000003,[],[],,,,,0,light,2020-08-09 14:00:00+00:00,,UNKNOWN,,,,UNKNOWN,UNKNOWN,,UNKNOWN,,9.0,1.5,0.0,4.5,4.5,11.2,2.0,2.0,2.0,1.0,1.0,0.0,,,,2.8421052631578947,0.7894736842105263,11.368421052631579,4.2631578947368425,0.0,2.094736842105263,6.333333333333333,2.0,2.0,0.0,3.0,8.0,,,,True,True,UNKNOWN,False,False,,,,,,,,,,NPB,2020-08-09 14:00:00,1,,,0,
2020080905,2020-08-09 17:00:00,東北楽天ゴールデンイーグルス,福岡ソフトバンクホークス,0.0,5.0,UNKNOWN,楽天生命パーク宮城,unknown,low,False,False,1400129,1000096,[],[],,,,,0,light,2020-08-09 17:00:00+00:00,,UNKNOWN,,,,UNKNOWN,UNKNOWN,,UNKNOWN,,0.0,0.3333333333333333,12.0,3.0,0.0,1.5333333333333334,3.0,0.0,0.0,0.0,1.0,4.0,,,,1.588235294117647,0.5294117647058824,9.529411764705882,1.588235294117647,0.0,1.6117647058823532,5.666666666666667,1.0,2.0,0.0,1.0,6.0,,,,True,True,UNKNOWN,False,False,,,,,,,,,,NPB,2020-08-09 17:00:00,1,,,0,
2020080901,2020-08-09 18:00:00,東京ヤクルトスワローズ,横浜DeNAベイスターズ,0.0,4.0,UNKNOWN,明治神宮野球場,unknown,low,False,False,1300031,1200111,[],[],,,,,0,light,2020-08-09 18:00:00+00:00,,UNKNOWN,,,,UNKNOWN,UNKNOWN,,UNKNOWN,,0.0,0.7142857142857143,7.714285714285714,1.2857142857142858,0.0,1.9142857142857144,7.0,0.0,4.0,0.0,1.0,6.0,,,,9.0,1.75,9.0,4.5,2.25,5.95,4.0,4.0,5.0,1.0,2.0,4.0,,,,True,True,UNKNOWN,False,False,,,,,,,,,,NPB,2020-08-09 18:00:00,1,,,0,
2020080903,2020-08-09 18:00:00,広島東洋カープ,阪神タイガース,1.0,5.0,UNKNOWN,MAZDA Zoom-Zoom スタジアム広島,unknown,low,False,False,900425,1700072,[],[],,,,,0,light,2020-08-09 18:00:00+00:00,,UNKNOWN,,,,UNKNOWN,UNKNOWN,,UNKNOWN,,1.5,0.6666666666666666,1.5,4.5,0.0,4.366666666666667,6.0,1.0,1.0,0.0,3.0,1.0,,,,3.6,1.4,12.6,7.2,0.0,2.8000000000000003,5.0,2.0,3.0,0.0,4.0,7.0,,,,True,True,UNKNOWN,False,False,,,,,,,,,,NPB,2020-08-09 18:00:00,1,,,0,
2020081001,2020-08-10 18:00:00,横浜DeNAベイスターズ,阪神タイガース,6.0,4.0,UNKNOWN,横浜スタジアム,unknown,low,False,False,1300070,1000140,[],[],,,,,0,light,2020-08-10 18:00:00+00:00,,UNKNOWN,,,,UNKNOWN,UNKNOWN,,UNKNOWN,,4.5,1.75,9.0,2.25,0.0,1.9500000000000002,4.0,2.0,6.0,0.0,1.0,4.0,,,,3.0,1.0,6.0,0.0,3.0,6.2,3.0,1.0,3.0,1.0,0.0,2.0,,,,True,True,UNKNOWN,False,False,,,,,,,,,,NPB,2020-08-10 18:00:00,1,,,0,
2020081002,2020-08-10 18:00:00,広島東洋カープ,中日ドラゴンズ,6.0,1.0,UNKNOWN,MAZDA Zoom-Zoom スタジアム広島,excluded,high,False,False,1500074,1300058,[],[],,,,,0,light,2020-08-10 18:00:00+00:00,,UNKNOWN,,,,UNKNOWN,UNKNOWN,,UNKNOWN,,4.5,1.5,11.25,2.25,0.0,1.4500000000000002,4.0,2.0,5.0,0.0,1.0,5.0,,,,0.0,1.0,9.0,1.2857142857142858,0.0,1.6285714285714288,7.0,0.0,6.0,0.0,1.0,7.0,,,,True,True,UNKNOWN,False,False,,,,,,,,,,NPB,2020-08-10 18:00:00,1,,,0,
2020081101,2020-08-11 18:00:00,横浜DeNAベイスターズ,阪神タイガース,2.0,9.0,UNKNOWN,横浜スタジアム,unknown,low,False,False,1700154,1200050,[],[],,,,,0,light,2020-08-11 18:00:00+00:00,,UNKNOWN,,,,UNKNOWN,UNKNOWN,,UNKNOWN,,1.2857142857142858,1.1428571428571428,9.0,5.142857142857143,1.2857142857142858,4.771428571428571,7.0,1.0,4.0,1.0,4.0,7.0,,,,3.176470588235294,1.4117647058823528,7.941176470588235,4.764705882352941,0.0,3.0235294117647062,5.666666666666667,2.0,5.0,0.0,3.0,5.0,,,,True,True,UNKNOWN,False,False,,,,,,,,,,NPB,2020-08-11 18:00:00,1,,,0,
2020081102,2020-08-11 18:00:00,広島東洋カープ,中日ドラゴンズ,1.0,8.0,UNKNOWN,MAZDA Zoom-Zoom スタジアム広島,unknown,low,False,False,1200055,1100081,[],[],,,,,0,light,2020-08-11 18:00:00+00:00,,UNKNOWN,,,,UNKNOWN,UNKNOWN,,UNKNOWN,,1.588235294117647,1.0588235294117647,6.352941176470588,1.588235294117647,0.0,2.3176470588235296,5.666666666666667,1.0,5.0,0.0,1.0,4.0,,,,7.363636363636364,2.181818181818182,2.4545454545454546,2.4545454545454546,2.4545454545454546,7.0181818181818185,3.6666666666666665,3.0,7.0,1.0,1.0,1.0,,,,True,True,UNKNOWN,False,False,,,,,,,,,,NPB,2020-08-11 18:00:00,1,,,0,
2020081103,2020-08-11 18:00:00,埼玉西武ライオンズ,東北楽天ゴールデンイーグルス,5.0,7.0,UNKNOWN,メットライフドーム,unknown,low,False,False,1800120,1400182,[],[],,,,,0,light,2020-08-11 18:00:00+00:00,,UNKNOWN,,,,UNKNOWN,UNKNOWN,,UNKNOWN,,7.2,1.0,9.0,1.8,3.6,7.0,5.0,4.0,4.0,2.0,1.0,5.0,,,,7.941176470588235,1.4117647058823528,9.529411764705882,1.588235294117647,1.588235294117647,3.905882352941177,5.666666666666667,5.0,7.0,1.0,1.0,6.0,,,,True,True,UNKNOWN,False,False,,,,,,,,,,NPB,2020-08-11 18:00:00,1,,,0,
2020081104,2020-08-11 18:00:00,千葉ロッテマリーンズ,北海道日本ハムファイターズ,3.0,1.0,UNKNOWN,ZOZOマリンスタジアム,unknown,low,False,False,1100099,1000155,[],[],,,,,0,light,2020-08-11 18:00:00+00:00,,UNKNOWN,,,,UNKNOWN,UNKNOWN,,UNKNOWN,,4.5,1.1666666666666667,10.5,6.0,1.5,5.033333333333333,6.0,3.0,3.0,1.0,4.0,7.0,,,,1.8,1.6,7.2,3.6,0.0,2.8000000000000003,5.0,1.0,6.0,0.0,2.0,4.0,,,,True,True,UNKNOWN,False,False,,,,,,,,,,NPB,2020-08-11 18:00:00,1,,,0,
2020081105,2020-08-11 18:00:00,福岡ソフトバンクホークス,オリックス・バファローズ,8.0,7.0,UNKNOWN,福岡PayPayドーム,unknown,low,False,False,1600153,1000174,[],[],,,,,0,light,2020-08-11 18:00:00+00:00,,UNKNOWN,,,,UNKNOWN,UNKNOWN,,UNKNOWN,,9.0,2.0,9.0,7.2,3.6,8.8,5.0,5.0,6.0,2.0,4.0,5.0,,,,0.0,1.3333333333333333,13.5,4.5,1.5,3.8666666666666667,6.0,0.0,5.0,1.0,3.0,9.0,,,,True,True,UNKNOWN,False,False,,,,,,,,,,NPB,2020-08-11 18:00:00,1,,,0,
2020081201,2020-08-12 18:00:00,読売ジャイアンツ,東京ヤクルトスワローズ,8.0,1.0,UNKNOWN,東京ドーム,unknown,low,False,False,1500040,1200041,[],[],,,,,0,light,2020-08-12 18:00:00+00:00,,UNKNOWN,,,,UNKNOWN,UNKNOWN,,UNKNOWN,,4.5,2.5,4.5,4.5,9.0,16.7,2.0,1.0,4.0,2.0,1.0,1.0,,,,1.2857142857142858,1.0,6.428571428571429,1.2857142857142858,0.0,2.2,7.0,1.0,6.0,0.0,1.0,5.0,,,,True,True,UNKNOWN,False,False,2020-08-12 09:00:00+00:00,,UNKNOWN,Open-Meteo Historical Forecast,FAIL_CLOSED_NO_ISSUANCE_TIMESTAMP,30.5,72.0,0.0,2.5,NPB,2020-08-12 18:00:00,1,,,0,
2020081202,2020-08-12 18:00:00,横浜DeNAベイスターズ,阪神タイガース,6.0,7.0,UNKNOWN,横浜スタジアム,unknown,low,False,False,1500090,1600081,[],[],,,,,0,light,2020-08-12 18:00:00+00:00,,UNKNOWN,,,,UNKNOWN,UNKNOWN,,UNKNOWN,,5.4,1.8,1.8,3.6,0.0,4.0,5.0,3.0,7.0,0.0,2.0,1.0,,,,13.5,2.75,9.0,6.75,4.5,9.95,4.0,6.0,8.0,2.0,3.0,4.0,,,,True,True,UNKNOWN,False,False,,,,,,,,,,NPB,2020-08-12 18:00:00,1,,,0,
2020081203,2020-08-12 18:00:00,広島東洋カープ,中日ドラゴンズ,1.0,4.0,UNKNOWN,MAZDA Zoom-Zoom スタジアム広島,unknown,low,False,False,1600106,1500007,[],[],,,,,0,light,2020-08-12 18:00:00+00:00,,UNKNOWN,,,,UNKNOWN,UNKNOWN,,UNKNOWN,,1.1739130434782608,0.6521739130434783,4.695652173913043,1.1739130434782608,0.0,2.5478260869565217,7.666666666666667,1.0,4.0,0.0,1.0,4.0,,,,5.0625,1.6875,0.0,6.75,0.0,5.45,5.333333333333333,3.0,5.0,0.0,4.0,0.0,,,,True,True,UNKNOWN,False,False,,,,,,,,,,NPB,2020-08-12 18:00:00,1,,,0,
2020081204,2020-08-12 18:00:00,埼玉西武ライオンズ,東北楽天ゴールデンイーグルス,2.0,6.0,UNKNOWN,メットライフドーム,unknown,low,False,False,500014,1700123,[],[],,,,,0,light,2020-08-12 18:00:00+00:00,,UNKNOWN,,,,UNKNOWN,UNKNOWN,,UNKNOWN,,2.6999999999999997,1.3499999999999999,6.75,2.6999999999999997,2.6999999999999997,6.5,6.666666666666667,2.0,7.0,2.0,2.0,5.0,,,,6.75,2.25,6.75,4.5,2.25,6.45,4.0,3.0,7.0,1.0,2.0,3.0,,,,True,True,UNKNOWN,False,False,,,,,,,,,,NPB,2020-08-12 18:00:00,1,,,0,
2020081205,2020-08-12 18:00:00,千葉ロッテマリーンズ,北海道日本ハムファイターズ,4.0,12.0,UNKNOWN,ZOZOマリンスタジアム,unknown,low,False,False,1500110,1800052,[],[],,,,,0,light,2020-08-12 18:00:00+00:00,,UNKNOWN,,,,UNKNOWN,UNKNOWN,,UNKNOWN,,0.0,1.5,6.75,9.0,0.0,4.7,4.0,0.0,2.0,0.0,4.0,3.0,,,,8.1,1.5,6.75,4.05,1.3499999999999999,5.0,6.666666666666667,6.0,7.0,1.0,3.0,5.0,,,,True,True,UNKNOWN,False,False,,,,,,,,,,NPB,2020-08-12 18:00:00,1,,,0,
2020081206,2020-08-12 18:00:00,福岡ソフトバンクホークス,オリックス・バファローズ,6.0,0.0,UNKNOWN,福岡PayPayドーム,unknown,low,False,False,1700109,20204,[],[],,,,,0,light,2020-08-12 18:00:00+00:00,,UNKNOWN,,,,UNKNOWN,UNKNOWN,,UNKNOWN,,5.0625,1.125,1.6875,1.6875,0.0,3.3875,5.333333333333333,3.0,5.0,0.0,1.0,1.0,,,,0.0,0.44999999999999996,6.75,0.0,0.0,1.7000000000000002,6.666666666666667,0.0,3.0,0.0,0.0,5.0,,,,True,True,UNKNOWN,False,False,,,,,,,,,,NPB,2020-08-12 18:00:00,1,,,0,
2020081301,2020-08-13 18:00:00,読売ジャイアンツ,東京ヤクルトスワローズ,4.0,3.0,UNKNOWN,東京ドーム,unknown,low,False,False,1300045,1700002,[],[],,,,,0,light,2020-08-13 18:00:00+00:00,,UNKNOWN,,,,UNKNOWN,UNKNOWN,,UNKNOWN,,4.5,1.3333333333333333,6.0,3.0,3.0,7.2,6.0,3.0,6.0,2.0,2.0,4.0,,,,4.5,1.8333333333333333,6.0,4.5,0.0,3.3666666666666667,6.0,3.0,8.0,0.0,3.0,4.0,,,,True,True,UNKNOWN,False,False,2020-08-13 09:00:00+00:00,,UNKNOWN,Open-Meteo Historical Forecast,FAIL_CLOSED_NO_ISSUANCE_TIMESTAMP,30.5,71.0,0.0,4.0,NPB,2020-08-13 18:00:00,1,,,0,
2020081302,2020-08-13 18:00:00,埼玉西武ライオンズ,東北楽天ゴールデンイーグルス,4.0,7.0,UNKNOWN,メットライフドーム,unknown,low,False,False,1300084,1700125,[],[],,,,,0,light,2020-08-13 18:00:00+00:00,,UNKNOWN,,,,UNKNOWN,UNKNOWN,,UNKNOWN,,9.0,2.0,0.0,0.0,0.0,3.2,3.0,3.0,6.0,0.0,0.0,0.0,,,,15.428571428571427,2.571428571428571,3.8571428571428568,0.0,3.8571428571428568,7.914285714285715,2.3333333333333335,4.0,6.0,1.0,0.0,1.0,,,,True,True,UNKNOWN,False,False,,,,,,,,,,NPB,2020-08-13 18:00:00,1,,,0,
2020081303,2020-08-13 18:00:00,千葉ロッテマリーンズ,北海道日本ハムファイターズ,8.0,6.0,UNKNOWN,ZOZOマリンスタジアム,unknown,low,False,False,1900070,1400190,[],[],,,,,0,light,2020-08-13 18:00:00+00:00,,UNKNOWN,,,,UNKNOWN,UNKNOWN,,UNKNOWN,,7.2,1.4,7.2,1.8,5.4,10.0,5.0,4.0,6.0,3.0,1.0,4.0,,,,9.0,2.2,12.6,7.2,1.8,5.4,5.0,5.0,7.0,1.0,4.0,7.0,,,,True,True,UNKNOWN,False,False,,,,,,,,,,NPB,2020-08-13 18:00:00,1,,,0,
2020081304,2020-08-13 18:00:00,福岡ソフトバンクホークス,オリックス・バファローズ,3.0,1.0,UNKNOWN,福岡PayPayドーム,excluded,high,False,False,1600159,1700137,[],[],,,,,0,light,2020-08-13 18:00:00+00:00,,UNKNOWN,,,,UNKNOWN,UNKNOWN,,UNKNOWN,,5.4,1.8,3.6,5.4,1.8,6.800000000000001,5.0,3.0,6.0,1.0,3.0,2.0,,,,1.588235294117647,1.0588235294117647,4.764705882352941,1.588235294117647,1.588235294117647,4.964705882352941,5.666666666666667,1.0,5.0,1.0,1.0,3.0,,,,True,True,UNKNOWN,False,False,,,,,,,,,,NPB,2020-08-13 18:00:00,1,,,0,
2020081406,2020-08-14 14:00:00,福岡ソフトバンクホークス,オリックス・バファローズ,4.0,1.0,UNKNOWN,福岡PayPayドーム,unknown,low,False,False,1400195,1200106,[],[],,,,,0,light,2020-08-14 14:00:00+00:00,,UNKNOWN,,,,UNKNOWN,UNKNOWN,,UNKNOWN,,4.695652173913043,0.9130434782608695,7.0434782608695645,2.3478260869565215,1.1739130434782608,4.113043478260869,7.666666666666667,4.0,5.0,1.0,2.0,6.0,,,,1.8,1.6,10.8,7.2,0.0,3.2,5.0,1.0,4.0,0.0,4.0,6.0,,,,True,True,UNKNOWN,False,False,,,,,,,,,,NPB,2020-08-14 14:00:00,1,,,0,
2020081401,2020-08-14 18:00:00,読売ジャイアンツ,中日ドラゴンズ,6.0,1.0,UNKNOWN,東京ドーム,unknown,low,False,False,1200098,1800028,[],[],,,,,0,light,2020-08-14 18:00:00+00:00,,UNKNOWN,,,,UNKNOWN,UNKNOWN,,UNKNOWN,,6.75,1.5,6.75,2.25,2.25,5.7,4.0,3.0,5.0,1.0,1.0,3.0,,,,0.0,0.8823529411764706,11.117647058823529,1.588235294117647,0.0,1.258823529411765,5.666666666666667,0.0,4.0,0.0,1.0,7.0,,,,True,True,UNKNOWN,False,False,2020-08-14 09:00:00+00:00,,UNKNOWN,Open-Meteo Historical Forecast,FAIL_CLOSED_NO_ISSUANCE_TIMESTAMP,30.2,70.0,0.0,4.8,NPB,2020-08-14 18:00:00,1,,,0,
2020081402,2020-08-14 18:00:00,横浜DeNAベイスターズ,東京ヤクルトスワローズ,6.0,2.0,UNKNOWN,横浜スタジアム,unknown,low,False,False,1900025,1800045,[],[],,,,,0,light,2020-08-14 18:00:00+00:00,,UNKNOWN,,,,UNKNOWN,UNKNOWN,,UNKNOWN,,3.0,1.5,9.0,6.0,0.0,3.2,6.0,2.0,5.0,0.0,4.0,6.0,,,,1.588235294117647,0.7058823529411764,9.529411764705882,1.588235294117647,1.588235294117647,3.905882352941177,5.666666666666667,1.0,3.0,1.0,1.0,6.0,,,,True,True,UNKNOWN,False,False,,,,,,,,,,NPB,2020-08-14 18:00:00,1,,,0,
2020081403,2020-08-14 18:00:00,阪神タイガース,広島東洋カープ,0.0,6.0,UNKNOWN,京セラドーム大阪,unknown,low,False,False,1900052,1200062,[],[],,,,,0,light,2020-08-14 18:00:00+00:00,,UNKNOWN,,,,UNKNOWN,UNKNOWN,,UNKNOWN,,0.0,0.2222222222222222,12.0,0.0,0.0,0.5333333333333337,9.0,0.0,2.0,0.0,0.0,12.0,,,,9.0,2.0,9.0,6.0,0.0,3.2,6.0,6.0,8.0,0.0,4.0,6.0,,,,True,True,UNKNOWN,False,False,,,,,,,,,,NPB,2020-08-14 18:00:00,1,,,0,
2020081404,2020-08-14 18:00:00,埼玉西武ライオンズ,東北楽天ゴールデンイーグルス,13.0,8.0,UNKNOWN,メットライフドーム,unknown,low,False,False,1200117,1800022,[],[],,,,,0,light,2020-08-14 18:00:00+00:00,,UNKNOWN,,,,UNKNOWN,UNKNOWN,,UNKNOWN,,9.0,2.6666666666666665,9.0,6.0,3.0,7.533333333333333,3.0,3.0,6.0,1.0,2.0,3.0,,,,18.0,2.6666666666666665,6.0,0.0,9.0,14.866666666666667,3.0,6.0,8.0,3.0,0.0,2.0,,,,True,True,UNKNOWN,False,False,,,,,,,,,,NPB,2020-08-14 18:00:00,1,,,0,
2020081405,2020-08-14 18:00:00,千葉ロッテマリーンズ,北海道日本ハムファイターズ,12.0,5.0,UNKNOWN,ZOZOマリンスタジアム,excluded,high,False,False,1700029,1300050,[],[],,,,,0,light,2020-08-14 18:00:00+00:00,,UNKNOWN,,,,UNKNOWN,UNKNOWN,,UNKNOWN,,108.0,18.0,0.0,0.0,0.0,3.2,0.3333333333333333,4.0,6.0,0.0,0.0,0.0,,,,7.5,1.5,6.0,0.0,0.0,1.866666666666667,6.0,5.0,9.0,0.0,0.0,4.0,,,,True,True,UNKNOWN,False,False,,,,,,,,,,NPB,2020-08-14 18:00:00,1,,,0,
2020081506,2020-08-15 13:00:00,福岡ソフトバンクホークス,オリックス・バファローズ,2.0,8.0,UNKNOWN,福岡PayPayドーム,unknown,low,False,False,1300107,900100,[],[],,,,,0,light,2020-08-15 13:00:00+00:00,,UNKNOWN,,,,UNKNOWN,UNKNOWN,,UNKNOWN,,0.0,1.3333333333333333,9.0,6.0,0.0,3.2,3.0,0.0,2.0,0.0,2.0,3.0,,,,13.5,3.0,0.0,4.5,0.0,4.7,2.0,3.0,5.0,0.0,1.0,0.0,,,,True,True,UNKNOWN,False,False,,,,,,,,,,NPB,2020-08-15 13:00:00,1,,,0,
2020081501,2020-08-15 14:00:00,読売ジャイアンツ,中日ドラゴンズ,4.0,7.0,UNKNOWN,東京ドーム,unknown,low,False,False,2000003,1300029,[],[],,,,,0,light,2020-08-15 14:00:00+00:00,,UNKNOWN,,,,UNKNOWN,UNKNOWN,,UNKNOWN,,1.2857142857142858,1.0,11.571428571428571,1.2857142857142858,0.0,1.0571428571428574,7.0,1.0,6.0,0.0,1.0,9.0,,,,6.75,1.25,6.75,2.25,2.25,5.7,4.0,3.0,4.0,1.0,1.0,3.0,,,,True,True,UNKNOWN,False,False,2020-08-15 05:00:00+00:00,,UNKNOWN,Open-Meteo Historical Forecast,FAIL_CLOSED_NO_ISSUANCE_TIMESTAMP,35.3,52.0,0.0,5.8,NPB,2020-08-15 14:00:00,1,,,0,
2020081505,2020-08-15 17:00:00,千葉ロッテマリーンズ,北海道日本ハムファイターズ,0.0,9.0,UNKNOWN,ZOZOマリンスタジアム,excluded,high,False,False,1400117,1300055,[],[],,,,,0,light,2020-08-15 17:00:00+00:00,,UNKNOWN,,,,UNKNOWN,UNKNOWN,,UNKNOWN,,0.0,0.5714285714285714,11.571428571428571,0.0,0.0,0.6285714285714286,7.0,0.0,4.0,0.0,0.0,9.0,,,,5.142857142857143,1.1428571428571428,10.285714285714286,2.5714285714285716,1.2857142857142858,3.6285714285714286,7.0,4.0,6.0,1.0,2.0,8.0,,,,True,True,UNKNOWN,False,False,,,,,,,,,,NPB,2020-08-15 17:00:00,1,,,0,
2020081502,2020-08-15 18:00:00,横浜DeNAベイスターズ,東京ヤクルトスワローズ,0.0,9.0,UNKNOWN,横浜スタジアム,unknown,low,False,False,1200076,1500061,[],[],,,,,0,light,2020-08-15 18:00:00+00:00,,UNKNOWN,,,,UNKNOWN,UNKNOWN,,UNKNOWN,,0.0,0.3333333333333333,10.0,3.0,0.0,1.9777777777777779,9.0,0.0,0.0,0.0,3.0,10.0,,,,8.1,2.6999999999999997,8.1,8.1,0.0,4.1,3.3333333333333335,3.0,6.0,0.0,3.0,3.0,,,,True,True,UNKNOWN,False,False,,,,,,,,,,NPB,2020-08-15 18:00:00,1,,,0,
2020081503,2020-08-15 18:00:00,阪神タイガース,広島東洋カープ,10.0,2.0,UNKNOWN,京セラドーム大阪,unknown,low,False,False,1300057,900062,[],[],,,,,0,light,2020-08-15 18:00:00+00:00,,UNKNOWN,,,,UNKNOWN,UNKNOWN,,UNKNOWN,,7.2,1.6,5.4,0.0,0.0,2.0,5.0,4.0,8.0,0.0,0.0,3.0,,,,2.25,0.625,5.625,1.125,1.125,3.95,8.0,2.0,4.0,1.0,1.0,5.0,,,,True,True,UNKNOWN,False,False,,,,,,,,,,NPB,2020-08-15 18:00:00,1,,,0,
2020081504,2020-08-15 18:00:00,埼玉西武ライオンズ,東北楽天ゴールデンイーグルス,3.0,3.0,UNKNOWN,メットライフドーム,unknown,low,False,False,1000154,1800080,[],[],,,,,0,light,2020-08-15 18:00:00+00:00,,UNKNOWN,,,,UNKNOWN,UNKNOWN,,UNKNOWN,,4.5,1.1666666666666667,7.5,1.5,1.5,4.2,6.0,3.0,6.0,1.0,1.0,5.0,,,,0.0,0.5714285714285714,2.5714285714285716,3.857142857142857,0.0,3.9142857142857146,7.0,0.0,1.0,0.0,3.0,2.0,,,,True,True,UNKNOWN,False,False,,,,,,,,,,NPB,2020-08-15 18:00:00,1,,,0,
2020081601,2020-08-16 13:00:00,読売ジャイアンツ,中日ドラゴンズ,1.0,4.0,UNKNOWN,東京ドーム,unknown,low,False,False,1000138,1600060,[],[],,,,,0,light,2020-08-16 13:00:00+00:00,,UNKNOWN,,,,UNKNOWN,UNKNOWN,,UNKNOWN,,1.0,0.3333333333333333,10.0,1.0,1.0,2.7555555555555555,9.0,1.0,2.0,1.0,1.0,10.0,,,,6.0,1.0,7.5,0.0,1.5,3.7,6.0,4.0,6.0,1.0,0.0,5.0,,,,True,True,UNKNOWN,False,False,2020-08-16 04:00:00+00:00,,UNKNOWN,Open-Meteo Historical Forecast,FAIL_CLOSED_NO_ISSUANCE_TIMESTAMP,35.7,54.0,0.1,5.5,NPB,2020-08-16 13:00:00,1,,,0,
2020081606,2020-08-16 13:00:00,福岡ソフトバンクホークス,オリックス・バファローズ,6.0,2.0,UNKNOWN,福岡PayPayドーム,unknown,low,False,False,1700150,1300080,[],[],,,,,0,light,2020-08-16 13:00:00+00:00,,UNKNOWN,,,,UNKNOWN,UNKNOWN,,UNKNOWN,,18.0,3.0,0.0,4.5,0.0,4.7,2.0,4.0,5.0,0.0,1.0,0.0,,,,0.0,1.4117647058823528,12.705882352941176,9.529411764705882,0.0,3.5529411764705885,5.666666666666667,0.0,2.0,0.0,6.0,8.0,,,,True,True,UNKNOWN,False,False,,,,,,,,,,NPB,2020-08-16 13:00:00,1,,,0,
2020081605,2020-08-16 17:00:00,千葉ロッテマリーンズ,北海道日本ハムファイターズ,6.0,5.0,UNKNOWN,ZOZOマリンスタジアム,unknown,low,False,False,1900129,1800054,[],[],,,,,0,light,2020-08-16 17:00:00+00:00,,UNKNOWN,,,,UNKNOWN,UNKNOWN,,UNKNOWN,,10.384615384615385,1.8461538461538463,10.384615384615385,6.230769230769231,0.0,2.9692307692307693,4.333333333333333,5.0,5.0,0.0,3.0,5.0,,,,6.230769230769231,1.8461538461538463,0.0,8.307692307692308,2.076923076923077,8.96923076923077,4.333333333333333,3.0,4.0,1.0,4.0,0.0,,,,True,True,UNKNOWN,False,False,,,,,,,,,,NPB,2020-08-16 17:00:00,1,,,0,
2020081602,2020-08-16 18:00:00,横浜DeNAベイスターズ,東京ヤクルトスワローズ,4.0,7.0,UNKNOWN,横浜スタジアム,unknown,low,False,False,1200111,1300031,[],[],,,,,0,light,2020-08-16 18:00:00+00:00,,UNKNOWN,,,,UNKNOWN,UNKNOWN,,UNKNOWN,,3.6,1.2,0.0,1.8,0.0,3.8000000000000003,5.0,2.0,5.0,0.0,1.0,0.0,,,,14.727272727272728,3.0,4.909090909090909,4.909090909090909,2.4545454545454546,7.290909090909091,3.6666666666666665,6.0,9.0,1.0,2.0,2.0,,,,True,True,UNKNOWN,False,False,,,,,,,,,,NPB,2020-08-16 18:00:00,1,,,0,
2020081603,2020-08-16 18:00:00,阪神タイガース,広島東洋カープ,2.0,2.0,UNKNOWN,京セラドーム大阪,unknown,low,False,False,1700072,900425,[],[],,,,,0,light,2020-08-16 18:00:00+00:00,,UNKNOWN,,,,UNKNOWN,UNKNOWN,,UNKNOWN,,0.0,1.0,6.0,3.0,0.0,2.8666666666666667,6.0,0.0,4.0,0.0,2.0,4.0,,,,0.0,0.8,9.0,0.0,0.0,1.2000000000000002,5.0,0.0,4.0,0.0,0.0,5.0,,,,True,True,UNKNOWN,False,False,,,,,,,,,,NPB,2020-08-16 18:00:00,1,,,0,
2020081604,2020-08-16 18:00:00,埼玉西武ライオンズ,東北楽天ゴールデンイーグルス,11.0,1.0,UNKNOWN,メットライフドーム,unknown,low,False,False,1000096,1500104,[],[],,,,,0,light,2020-08-16 18:00:00+00:00,,UNKNOWN,,,,UNKNOWN,UNKNOWN,,UNKNOWN,,23.142857142857142,3.0,7.7142857142857135,7.7142857142857135,3.8571428571428568,9.628571428571428,2.3333333333333335,6.0,5.0,1.0,2.0,2.0,,,,1.8,1.6,7.2,5.4,0.0,3.4000000000000004,5.0,1.0,5.0,0.0,3.0,4.0,,,,True,True,UNKNOWN,False,False,,,,,,,,,,NPB,2020-08-16 18:00:00,1,,,0,
2020081801,2020-08-18 18:00:00,読売ジャイアンツ,阪神タイガース,1.0,0.0,UNKNOWN,東京ドーム,unknown,low,False,False,1700078,1200041,[],[],,,,,0,light,2020-08-18 18:00:00+00:00,,UNKNOWN,,,,UNKNOWN,UNKNOWN,,UNKNOWN,,1.2857142857142858,0.7142857142857143,7.714285714285714,3.857142857142857,1.2857142857142858,4.628571428571429,7.0,1.0,2.0,1.0,3.0,6.0,,,,0.0,0.4444444444444444,7.0,1.0,0.0,1.9777777777777779,9.0,0.0,3.0,0.0,1.0,7.0,,,,True,True,UNKNOWN,False,False,2020-08-18 09:00:00+00:00,,UNKNOWN,Open-Meteo Historical Forecast,FAIL_CLOSED_NO_ISSUANCE_TIMESTAMP,29.8,67.0,0.0,5.4,NPB,2020-08-18 18:00:00,1,,,0,
2020081802,2020-08-18 18:00:00,東京ヤクルトスワローズ,中日ドラゴンズ,3.0,8.0,UNKNOWN,明治神宮野球場,unknown,low,False,False,1500074,1500042,[],[],,,,,0,light,2020-08-18 18:00:00+00:00,,UNKNOWN,,,,UNKNOWN,UNKNOWN,,UNKNOWN,,4.5,1.1666666666666667,9.0,3.0,0.0,2.2,6.0,3.0,5.0,0.0,2.0,6.0,,,,13.5,3.5,9.0,9.0,4.5,10.7,2.0,3.0,5.0,1.0,2.0,2.0,,,,True,True,UNKNOWN,False,False,,,,,,,,,,NPB,2020-08-18 18:00:00,1,,,0,
2020081803,2020-08-18 18:00:00,広島東洋カープ,横浜DeNAベイスターズ,3.0,4.0,UNKNOWN,MAZDA Zoom-Zoom スタジアム広島,unknown,low,False,False,1200050,1300058,[],[],,,,,0,light,2020-08-18 18:00:00+00:00,,UNKNOWN,,,,UNKNOWN,UNKNOWN,,UNKNOWN,,0.0,1.0,6.0,3.0,0.0,2.8666666666666667,6.0,0.0,4.0,0.0,2.0,4.0,,,,7.2,1.6,3.6,1.8,0.0,3.0,5.0,4.0,7.0,0.0,1.0,2.0,,,,True,True,UNKNOWN,False,False,,,,,,,,,,NPB,2020-08-18 18:00:00,1,,,0,
2020081804,2020-08-18 18:00:00,北海道日本ハムファイターズ,東北楽天ゴールデンイーグルス,9.0,4.0,UNKNOWN,札幌ドーム,unknown,low,False,False,1800120,1100099,[],[],,,,,0,light,2020-08-18 18:00:00+00:00,,UNKNOWN,,,,UNKNOWN,UNKNOWN,,UNKNOWN,,13.5,3.375,3.375,5.0625,3.375,9.0125,5.333333333333333,8.0,15.0,2.0,3.0,2.0,,,,0.0,1.1428571428571428,12.857142857142858,1.2857142857142858,0.0,0.7714285714285718,7.0,0.0,7.0,0.0,1.0,10.0,,,,True,True,UNKNOWN,False,False,,,,,,,,,,NPB,2020-08-18 18:00:00,1,,,0,
2020081805,2020-08-18 18:00:00,千葉ロッテマリーンズ,福岡ソフトバンクホークス,6.0,4.0,UNKNOWN,ZOZOマリンスタジアム,unknown,low,False,False,1000174,1000155,[],[],,,,,0,light,2020-08-18 18:00:00+00:00,,UNKNOWN,,,,UNKNOWN,UNKNOWN,,UNKNOWN,,8.526315789473685,2.210526315789474,8.526315789473685,2.8421052631578947,0.0,2.2526315789473683,6.333333333333333,6.0,12.0,0.0,2.0,6.0,,,,2.25,0.625,6.75,0.0,2.25,4.95,8.0,2.0,5.0,2.0,0.0,6.0,,,,True,True,UNKNOWN,False,False,,,,,,,,,,NPB,2020-08-18 18:00:00,1,,,0,
2020081806,2020-08-18 18:00:00,オリックス・バファローズ,埼玉西武ライオンズ,1.0,3.0,UNKNOWN,京セラドーム大阪,unknown,low,False,False,1400182,1600153,[],[],,,,,0,light,2020-08-18 18:00:00+00:00,,UNKNOWN,,,,UNKNOWN,UNKNOWN,,UNKNOWN,,1.2857142857142858,0.7142857142857143,9.0,1.2857142857142858,0.0,1.6285714285714288,7.0,1.0,4.0,0.0,1.0,7.0,,,,0.0,0.8571428571428571,15.428571428571429,2.5714285714285716,0.0,0.6285714285714286,7.0,0.0,4.0,0.0,2.0,12.0,,,,True,True,UNKNOWN,False,False,,,,,,,,,,NPB,2020-08-18 18:00:00,1,,,0,
2020081901,2020-08-19 18:00:00,読売ジャイアンツ,阪神タイガース,8.0,0.0,UNKNOWN,東京ドーム,unknown,low,False,False,1700154,1700002,[],[],,,,,0,light,2020-08-19 18:00:00+00:00,,UNKNOWN,,,,UNKNOWN,UNKNOWN,,UNKNOWN,,4.5,1.5,6.0,3.0,1.5,5.033333333333333,6.0,3.0,7.0,1.0,2.0,4.0,,,,0.0,1.5,0.0,9.0,0.0,6.2,2.0,0.0,1.0,0.0,2.0,0.0,,,,True,True,UNKNOWN,False,False,2020-08-19 09:00:00+00:00,,UNKNOWN,Open-Meteo Historical Forecast,FAIL_CLOSED_NO_ISSUANCE_TIMESTAMP,29.5,68.0,0.0,7.2,NPB,2020-08-19 18:00:00,1,,,0,
2020081902,2020-08-19 18:00:00,東京ヤクルトスワローズ,中日ドラゴンズ,2.0,11.0,UNKNOWN,明治神宮野球場,unknown,low,False,False,1200055,1500040,[],[],,,,,0,light,2020-08-19 18:00:00+00:00,,UNKNOWN,,,,UNKNOWN,UNKNOWN,,UNKNOWN,,2.5714285714285716,0.8571428571428571,7.714285714285714,0.0,0.0,1.485714285714286,7.0,2.0,6.0,0.0,0.0,6.0,,,,13.5,2.625,3.375,6.75,10.125,19.325,2.6666666666666665,4.0,5.0,3.0,2.0,1.0,,,,True,True,UNKNOWN,False,False,,,,,,,,,,NPB,2020-08-19 18:00:00,1,,,0,
2020081903,2020-08-19 18:00:00,広島東洋カープ,横浜DeNAベイスターズ,2.0,2.0,UNKNOWN,MAZDA Zoom-Zoom スタジアム広島,unknown,low,False,False,1600081,1100081,[],[],,,,,0,light,2020-08-19 18:00:00+00:00,,UNKNOWN,,,,UNKNOWN,UNKNOWN,,UNKNOWN,,1.6875,1.5,5.0625,3.375,1.6875,5.6375,5.333333333333333,1.0,6.0,1.0,2.0,3.0,,,,3.0,1.8333333333333333,6.0,3.0,0.0,2.8666666666666667,6.0,2.0,9.0,0.0,2.0,4.0,,,,True,True,UNKNOWN,False,False,,,,,,,,,,NPB,2020-08-19 18:00:00,1,,,0,
2020081904,2020-08-19 18:00:00,北海道日本ハムファイターズ,東北楽天ゴールデンイーグルス,2.0,12.0,UNKNOWN,札幌ドーム,unknown,low,False,False,500014,1300094,[],[],,,,,0,light,2020-08-19 18:00:00+00:00,,UNKNOWN,,,,UNKNOWN,UNKNOWN,,UNKNOWN,,1.125,0.625,3.375,1.125,1.125,4.45,8.0,1.0,4.0,1.0,1.0,3.0,,,,12.0,2.0,6.0,6.0,0.0,3.8666666666666667,3.0,4.0,4.0,0.0,2.0,2.0,,,,True,True,UNKNOWN,False,False,,,,,,,,,,NPB,2020-08-19 18:00:00,1,,,0,
2020081905,2020-08-19 18:00:00,千葉ロッテマリーンズ,福岡ソフトバンクホークス,2.0,2.0,UNKNOWN,ZOZOマリンスタジアム,unknown,low,False,False,1700137,1800052,[],[],,,,,0,light,2020-08-19 18:00:00+00:00,,UNKNOWN,,,,UNKNOWN,UNKNOWN,,UNKNOWN,,3.6,1.4,5.4,3.6,0.0,3.2,5.0,2.0,5.0,0.0,2.0,3.0,,,,3.176470588235294,1.4117647058823528,11.117647058823529,4.764705882352941,1.588235294117647,4.6117647058823525,5.666666666666667,2.0,5.0,1.0,3.0,7.0,,,,True,True,UNKNOWN,False,False,,,,,,,,,,NPB,2020-08-19 18:00:00,1,,,0,
2020081906,2020-08-19 18:00:00,オリックス・バファローズ,埼玉西武ライオンズ,3.0,4.0,UNKNOWN,京セラドーム大阪,excluded,high,False,False,1000143,1700109,[],[],,,,,0,light,2020-08-19 18:00:00+00:00,,UNKNOWN,,,,UNKNOWN,UNKNOWN,,UNKNOWN,,3.6,1.2,3.6,0.0,1.8,5.0,5.0,2.0,6.0,1.0,0.0,2.0,,,,3.0,1.6666666666666667,4.5,4.5,1.5,5.866666666666667,6.0,2.0,7.0,1.0,3.0,3.0,,,,True,True,UNKNOWN,False,False,,,,,,,,,,NPB,2020-08-19 18:00:00,1,,,0,
2020082001,2020-08-20 18:00:00,読売ジャイアンツ,阪神タイガース,2.0,0.0,UNKNOWN,東京ドーム,unknown,low,False,False,1500090,1800028,[],[],,,,,0,light,2020-08-20 18:00:00+00:00,,UNKNOWN,,,,UNKNOWN,UNKNOWN,,UNKNOWN,,1.5,1.0,12.0,3.0,0.0,1.5333333333333334,6.0,1.0,4.0,0.0,2.0,8.0,,,,0.0,0.75,14.85,2.6999999999999997,0.0,0.8000000000000003,6.666666666666667,0.0,3.0,0.0,2.0,11.0,,,,True,True,UNKNOWN,False,False,2020-08-20 09:00:00+00:00,,UNKNOWN,Open-Meteo Historical Forecast,FAIL_CLOSED_NO_ISSUANCE_TIMESTAMP,29.1,73.0,0.0,7.2,NPB,2020-08-20 18:00:00,1,,,0,
2020082002,2020-08-20 18:00:00,東京ヤクルトスワローズ,中日ドラゴンズ,7.0,3.0,UNKNOWN,明治神宮野球場,unknown,low,False,False,1600106,1300045,[],[],,,,,0,light,2020-08-20 18:00:00+00:00,,UNKNOWN,,,,UNKNOWN,UNKNOWN,,UNKNOWN,,4.153846153846154,2.076923076923077,8.307692307692308,4.153846153846154,6.230769230769231,11.73846153846154,4.333333333333333,2.0,7.0,3.0,2.0,4.0,,,,3.0,1.5,6.0,3.0,0.0,2.8666666666666667,6.0,2.0,7.0,0.0,2.0,4.0,,,,True,True,UNKNOWN,False,False,,,,,,,,,,NPB,2020-08-20 18:00:00,1,,,0,
2020082003,2020-08-20 18:00:00,広島東洋カープ,横浜DeNAベイスターズ,1.0,10.0,UNKNOWN,MAZDA Zoom-Zoom スタジアム広島,unknown,low,False,False,1900125,1500007,[],[],,,,,0,light,2020-08-20 18:00:00+00:00,,UNKNOWN,,,,UNKNOWN,UNKNOWN,,UNKNOWN,,1.8,0.6,7.2,0.0,1.8,4.2,5.0,1.0,3.0,1.0,0.0,4.0,,,,6.75,1.875,6.75,3.375,0.0,2.825,5.333333333333333,4.0,8.0,0.0,2.0,4.0,,,,True,True,UNKNOWN,False,False,,,,,,,,,,NPB,2020-08-20 18:00:00,1,,,0,
2020082004,2020-08-20 18:00:00,北海道日本ハムファイターズ,東北楽天ゴールデンイーグルス,3.0,3.0,UNKNOWN,札幌ドーム,unknown,low,False,False,1300084,1800002,[],[],,,,,0,light,2020-08-20 18:00:00+00:00,,UNKNOWN,,,,UNKNOWN,UNKNOWN,,UNKNOWN,,3.0,0.8333333333333334,13.5,3.0,1.5,3.3666666666666667,6.0,2.0,3.0,1.0,2.0,9.0,,,,0.0,1.0,1.8,1.8,0.0,3.4000000000000004,5.0,0.0,4.0,0.0,1.0,1.0,,,,True,True,UNKNOWN,False,False,,,,,,,,,,NPB,2020-08-20 18:00:00,1,,,0,
2020082005,2020-08-20 18:00:00,千葉ロッテマリーンズ,福岡ソフトバンクホークス,5.0,4.0,UNKNOWN,ZOZOマリンスタジアム,unknown,low,False,False,1400129,1400190,[],[],,,,,0,light,2020-08-20 18:00:00+00:00,,UNKNOWN,,,,UNKNOWN,UNKNOWN,,UNKNOWN,,0.0,0.75,13.5,2.25,0.0,0.9500000000000002,4.0,0.0,2.0,0.0,1.0,6.0,,,,3.0,1.5,6.0,3.0,1.5,5.033333333333333,6.0,2.0,7.0,1.0,2.0,4.0,,,,True,True,UNKNOWN,False,False,,,,,,,,,,NPB,2020-08-20 18:00:00,1,,,0,
2020082006,2020-08-20 18:00:00,オリックス・バファローズ,埼玉西武ライオンズ,4.0,6.0,UNKNOWN,京セラドーム大阪,unknown,low,False,False,1600131,1300107,[],[],,,,,0,light,2020-08-20 18:00:00+00:00,,UNKNOWN,,,,UNKNOWN,UNKNOWN,,UNKNOWN,,0.0,0.6,9.0,1.8,0.0,1.8000000000000003,5.0,0.0,2.0,0.0,1.0,5.0,,,,6.0,2.6666666666666665,12.0,3.0,0.0,1.5333333333333334,3.0,2.0,7.0,0.0,1.0,4.0,,,,True,True,UNKNOWN,False,False,,,,,,,,,,NPB,2020-08-20 18:00:00,1,,,0,
2020082101,2020-08-21 18:00:00,東京ヤクルトスワローズ,阪神タイガース,4.0,7.0,UNKNOWN,明治神宮野球場,unknown,low,False,False,1200062,1900025,[],[],,,,,0,light,2020-08-21 18:00:00+00:00,,UNKNOWN,,,,UNKNOWN,UNKNOWN,,UNKNOWN,,2.8421052631578947,1.2631578947368423,8.526315789473685,2.8421052631578947,2.8421052631578947,6.3578947368421055,6.333333333333333,2.0,6.0,2.0,2.0,6.0,,,,13.5,2.25,11.25,4.5,2.25,5.45,4.0,6.0,7.0,1.0,2.0,5.0,,,,True,True,UNKNOWN,False,False,,,,,,,,,,NPB,2020-08-21 18:00:00,1,,,0,
2020082102,2020-08-21 18:00:00,中日ドラゴンズ,横浜DeNAベイスターズ,3.0,1.0,UNKNOWN,ナゴヤドーム,unknown,low,False,False,1800045,1200098,[],[],,,,,0,light,2020-08-21 18:00:00+00:00,,UNKNOWN,,,,UNKNOWN,UNKNOWN,,UNKNOWN,,1.5,1.3333333333333333,7.5,6.0,0.0,3.5333333333333337,6.0,1.0,4.0,0.0,4.0,5.0,,,,1.2857142857142858,0.7142857142857143,1.2857142857142858,1.2857142857142858,0.0,3.342857142857143,7.0,1.0,4.0,0.0,1.0,1.0,,,,True,True,UNKNOWN,False,False,,,,,,,,,,NPB,2020-08-21 18:00:00,1,,,0,
2020082103,2020-08-21 18:00:00,広島東洋カープ,読売ジャイアンツ,7.0,5.0,UNKNOWN,MAZDA Zoom-Zoom スタジアム広島,unknown,low,False,False,1300029,1900052,[],[],,,,,0,light,2020-08-21 18:00:00+00:00,,UNKNOWN,,,,UNKNOWN,UNKNOWN,,UNKNOWN,,9.0,1.6666666666666667,7.5,3.0,1.5,4.7,6.0,6.0,8.0,1.0,2.0,5.0,,,,1.125,0.75,5.625,1.125,0.0,2.325,8.0,1.0,5.0,0.0,1.0,5.0,,,,True,True,UNKNOWN,False,False,,,,,,,,,,NPB,2020-08-21 18:00:00,1,,,0,
2020082104,2020-08-21 18:00:00,北海道日本ハムファイターズ,東北楽天ゴールデンイーグルス,1.0,4.0,UNKNOWN,札幌ドーム,unknown,low,False,False,1200117,1500110,[],[],,,,,0,light,2020-08-21 18:00:00+00:00,,UNKNOWN,,,,UNKNOWN,UNKNOWN,,UNKNOWN,,1.125,0.75,10.125,0.0,0.0,0.9500000000000002,8.0,1.0,6.0,0.0,0.0,9.0,,,,0.0,1.0,9.0,0.0,0.0,1.2000000000000002,3.0,0.0,3.0,0.0,0.0,3.0,,,,True,True,UNKNOWN,False,False,,,,,,,,,,NPB,2020-08-21 18:00:00,1,,,0,
2020082105,2020-08-21 18:00:00,千葉ロッテマリーンズ,福岡ソフトバンクホークス,7.0,3.0,UNKNOWN,ZOZOマリンスタジアム,unknown,low,False,False,1200106,1300050,[],[],,,,,0,light,2020-08-21 18:00:00+00:00,,UNKNOWN,,,,UNKNOWN,UNKNOWN,,UNKNOWN,,3.6,2.6,10.8,7.2,1.8,5.800000000000001,5.0,2.0,9.0,1.0,4.0,6.0,,,,3.857142857142857,0.8571428571428571,3.857142857142857,2.5714285714285716,2.5714285714285716,6.914285714285715,7.0,3.0,4.0,2.0,2.0,3.0,,,,True,True,UNKNOWN,False,False,,,,,,,,,,NPB,2020-08-21 18:00:00,1,,,0,
2020082106,2020-08-21 18:00:00,オリックス・バファローズ,埼玉西武ライオンズ,3.0,1.0,UNKNOWN,京セラドーム大阪,unknown,low,False,False,1800022,1400195,[],[],,,,,0,light,2020-08-21 18:00:00+00:00,,UNKNOWN,,,,UNKNOWN,UNKNOWN,,UNKNOWN,,3.681818181818182,1.5,1.2272727272727273,1.2272727272727273,1.2272727272727273,5.109090909090909,7.333333333333333,3.0,10.0,1.0,1.0,1.0,,,,1.2857142857142858,0.42857142857142855,9.0,1.2857142857142858,1.2857142857142858,3.4857142857142858,7.0,1.0,2.0,1.0,1.0,7.0,,,,True,True,UNKNOWN,False,False,,,,,,,,,,NPB,2020-08-21 18:00:00,1,,,0,
2020082202,2020-08-22 14:00:00,中日ドラゴンズ,横浜DeNAベイスターズ,5.0,0.0,UNKNOWN,ナゴヤドーム,excluded,high,False,False,1700060,2000003,[],[],,,,,0,light,2020-08-22 14:00:00+00:00,,UNKNOWN,,,,UNKNOWN,UNKNOWN,,UNKNOWN,,7.2,2.6,9.0,5.4,1.8,5.6,5.0,4.0,10.0,1.0,3.0,5.0,,,,0.0,0.6666666666666666,4.5,3.0,0.0,3.2,6.0,0.0,2.0,0.0,2.0,3.0,,,,True,True,UNKNOWN,False,False,,,,,,,,,,NPB,2020-08-22 14:00:00,1,,,0,
2020082204,2020-08-22 14:00:00,北海道日本ハムファイターズ,東北楽天ゴールデンイーグルス,5.0,1.0,UNKNOWN,札幌ドーム,unknown,low,False,False,1000154,1400117,[],[],,,,,0,light,2020-08-22 14:00:00+00:00,,UNKNOWN,,,,UNKNOWN,UNKNOWN,,UNKNOWN,,7.2,1.6,9.0,0.0,1.8,3.8000000000000003,5.0,4.0,8.0,1.0,0.0,5.0,,,,1.2857142857142858,1.0,7.714285714285714,1.2857142857142858,0.0,1.9142857142857144,7.0,1.0,6.0,0.0,1.0,6.0,,,,True,True,UNKNOWN,False,False,,,,,,,,,,NPB,2020-08-22 14:00:00,1,,,0,
2020082206,2020-08-22 14:00:00,オリックス・バファローズ,埼玉西武ライオンズ,5.0,2.0,UNKNOWN,京セラドーム大阪,unknown,low,False,False,400010,1600159,[],[],,,,,0,light,2020-08-22 14:00:00+00:00,,UNKNOWN,,,,UNKNOWN,UNKNOWN,,UNKNOWN,,4.5,0.6666666666666666,6.0,1.5,3.0,6.7,6.0,3.0,3.0,2.0,1.0,4.0,,,,0.0,1.2,10.8,1.8,0.0,1.4000000000000001,5.0,0.0,5.0,0.0,1.0,6.0,,,,True,True,UNKNOWN,False,False,,,,,,,,,,NPB,2020-08-22 14:00:00,1,,,0,
2020082205,2020-08-22 17:00:00,千葉ロッテマリーンズ,福岡ソフトバンクホークス,2.0,3.0,UNKNOWN,ZOZOマリンスタジアム,unknown,low,False,False,900100,1300055,[],[],,,,,0,light,2020-08-22 17:00:00+00:00,,UNKNOWN,,,,UNKNOWN,UNKNOWN,,UNKNOWN,,2.8421052631578947,0.9473684210526316,8.526315789473685,4.2631578947368425,0.0,2.7263157894736842,6.333333333333333,2.0,3.0,0.0,3.0,6.0,,,,3.0,1.1666666666666667,7.5,0.0,1.5,3.7,6.0,2.0,7.0,1.0,0.0,5.0,,,,True,True,UNKNOWN,False,False,,,,,,,,,,NPB,2020-08-22 17:00:00,1,,,0,
2020082201,2020-08-22 18:00:00,東京ヤクルトスワローズ,阪神タイガース,5.0,7.0,UNKNOWN,明治神宮野球場,excluded,high,False,False,900062,1900144,[],[],,,,,0,light,2020-08-22 18:00:00+00:00,,UNKNOWN,,,,UNKNOWN,UNKNOWN,,UNKNOWN,,1.2857142857142858,0.7142857142857143,7.714285714285714,2.5714285714285716,1.2857142857142858,4.2,7.0,1.0,3.0,1.0,2.0,6.0,,,,13.5,2.0,4.5,2.25,2.25,6.2,4.0,6.0,7.0,1.0,1.0,2.0,,,,True,True,UNKNOWN,False,False,,,,,,,,,,NPB,2020-08-22 18:00:00,1,,,0,
2020082203,2020-08-22 18:00:00,広島東洋カープ,読売ジャイアンツ,10.0,4.0,UNKNOWN,MAZDA Zoom-Zoom スタジアム広島,unknown,low,False,False,1600060,1300057,[],[],,,,,0,light,2020-08-22 18:00:00+00:00,,UNKNOWN,,,,UNKNOWN,UNKNOWN,,UNKNOWN,,19.285714285714285,2.571428571428571,11.571428571428571,15.428571428571427,0.0,5.771428571428571,2.3333333333333335,5.0,2.0,0.0,4.0,3.0,,,,2.25,0.875,5.625,2.25,1.125,4.325,8.0,2.0,5.0,1.0,2.0,5.0,,,,True,True,UNKNOWN,False,False,,,,,,,,,,NPB,2020-08-22 18:00:00,1,,,0,
2020082306,2020-08-23 13:00:00,オリックス・バファローズ,埼玉西武ライオンズ,6.0,5.0,UNKNOWN,京セラドーム大阪,unknown,low,False,False,1800080,1700150,[],[],,,,,0,light,2020-08-23 13:00:00+00:00,,UNKNOWN,,,,UNKNOWN,UNKNOWN,,UNKNOWN,,1.8,1.0,9.0,5.4,1.8,5.6,5.0,1.0,2.0,1.0,3.0,5.0,,,,5.0625,1.875,8.4375,3.375,1.6875,4.8875,5.333333333333333,3.0,8.0,1.0,2.0,5.0,,,,True,True,UNKNOWN,False,False,,,,,,,,,,NPB,2020-08-23 13:00:00,1,,,0,
2020082302,2020-08-23 14:00:00,中日ドラゴンズ,横浜DeNAベイスターズ,3.0,0.0,UNKNOWN,ナゴヤドーム,unknown,low,False,False,1900032,1000138,[],[],,,,,0,light,2020-08-23 14:00:00+00:00,,UNKNOWN,,,,UNKNOWN,UNKNOWN,,UNKNOWN,,0.0,2.0,4.5,4.5,0.0,3.7,2.0,0.0,3.0,0.0,1.0,1.0,,,,0.0,0.7777777777777778,7.0,2.0,0.0,2.3111111111111113,9.0,0.0,5.0,0.0,2.0,7.0,,,,True,True,UNKNOWN,False,False,,,,,,,,,,NPB,2020-08-23 14:00:00,1,,,0,
2020082304,2020-08-23 14:00:00,北海道日本ハムファイターズ,東北楽天ゴールデンイーグルス,11.0,0.0,UNKNOWN,札幌ドーム,unknown,low,False,False,1000096,1900129,[],[],,,,,0,light,2020-08-23 14:00:00+00:00,,UNKNOWN,,,,UNKNOWN,UNKNOWN,,UNKNOWN,,3.375,0.9375,5.0625,1.6875,0.0,2.6375,5.333333333333333,2.0,4.0,0.0,1.0,3.0,,,,0.0,1.1666666666666667,12.0,3.0,0.0,1.5333333333333334,6.0,0.0,5.0,0.0,2.0,8.0,,,,True,True,UNKNOWN,False,False,,,,,,,,,,NPB,2020-08-23 14:00:00,1,,,0,
2020082305,2020-08-23 17:00:00,千葉ロッテマリーンズ,福岡ソフトバンクホークス,4.0,6.0,UNKNOWN,ZOZOマリンスタジアム,unknown,low,False,False,1300080,1800054,[],[],,,,,0,light,2020-08-23 17:00:00+00:00,,UNKNOWN,,,,UNKNOWN,UNKNOWN,,UNKNOWN,,0.0,1.3333333333333333,6.0,6.0,0.0,3.8666666666666667,6.0,0.0,4.0,0.0,4.0,4.0,,,,7.2,2.0,3.6,3.6,3.6,8.8,5.0,4.0,8.0,2.0,2.0,2.0,,,,True,True,UNKNOWN,False,False,,,,,,,,,,NPB,2020-08-23 17:00:00,1,,,0,
2020082301,2020-08-23 18:00:00,東京ヤクルトスワローズ,阪神タイガース,4.0,2.0,UNKNOWN,明治神宮野球場,unknown,low,False,False,900425,1200076,[],[],,,,,0,light,2020-08-23 18:00:00+00:00,,UNKNOWN,,,,UNKNOWN,UNKNOWN,,UNKNOWN,,3.0,1.0,4.5,1.5,1.5,4.866666666666667,6.0,2.0,5.0,1.0,1.0,3.0,,,,2.5714285714285716,0.8571428571428571,5.142857142857143,1.2857142857142858,0.0,2.4857142857142858,7.0,2.0,5.0,0.0,1.0,4.0,,,,True,True,UNKNOWN,False,False,,,,,,,,,,NPB,2020-08-23 18:00:00,1,,,0,
2020082303,2020-08-23 18:00:00,広島東洋カープ,読売ジャイアンツ,2.0,1.0,UNKNOWN,MAZDA Zoom-Zoom スタジアム広島,excluded,high,False,False,1800025,1700072,[],[],,,,,0,light,2020-08-23 18:00:00+00:00,,UNKNOWN,,,,UNKNOWN,UNKNOWN,,UNKNOWN,,2.25,1.0,11.25,2.25,2.25,4.7,4.0,1.0,3.0,1.0,1.0,5.0,,,,1.2857142857142858,1.2857142857142858,10.285714285714286,5.142857142857143,0.0,2.628571428571429,7.0,1.0,5.0,0.0,4.0,8.0,,,,True,True,UNKNOWN,False,False,,,,,,,,,,NPB,2020-08-23 18:00:00,1,,,0,
2020082501,2020-08-25 18:00:00,東京ヤクルトスワローズ,読売ジャイアンツ,4.0,8.0,UNKNOWN,明治神宮野球場,unknown,low,False,False,1200041,12113,[],[],,,,,0,light,2020-08-25 18:00:00+00:00,,UNKNOWN,,,,UNKNOWN,UNKNOWN,,UNKNOWN,,2.5714285714285716,0.7142857142857143,7.714285714285714,0.0,0.0,1.485714285714286,7.0,2.0,5.0,0.0,0.0,6.0,,,,3.6,2.0,1.8,1.8,1.8,6.0,5.0,2.0,9.0,1.0,1.0,1.0,,,,True,True,UNKNOWN,False,False,,,,,,,,,,NPB,2020-08-25 18:00:00,1,,,0,
2020082502,2020-08-25 18:00:00,横浜DeNAベイスターズ,広島東洋カープ,5.0,4.0,UNKNOWN,横浜スタジアム,unknown,low,False,False,1300058,1800043,[],[],,,,,0,light,2020-08-25 18:00:00+00:00,,UNKNOWN,,,,UNKNOWN,UNKNOWN,,UNKNOWN,,6.75,1.75,4.5,2.25,2.25,6.2,4.0,3.0,6.0,1.0,1.0,2.0,,,,3.6,1.0,10.8,1.8,0.0,1.4000000000000001,5.0,2.0,4.0,0.0,1.0,6.0,,,,True,True,UNKNOWN,False,False,,,,,,,,,,NPB,2020-08-25 18:00:00,1,,,0,
2020082503,2020-08-25 18:00:00,阪神タイガース,中日ドラゴンズ,5.0,1.0,UNKNOWN,阪神甲子園球場,unknown,low,False,False,1500074,1700078,[],[],,,,,0,light,2020-08-25 18:00:00+00:00,,UNKNOWN,,,,UNKNOWN,UNKNOWN,,UNKNOWN,,6.0,1.6666666666666667,4.5,6.0,1.5,6.366666666666667,6.0,4.0,6.0,1.0,4.0,3.0,,,,1.125,0.875,5.625,1.125,0.0,2.325,8.0,1.0,6.0,0.0,1.0,5.0,,,,True,True,UNKNOWN,False,False,,,,,,,,,,NPB,2020-08-25 18:00:00,1,,,0,
2020082504,2020-08-25 18:00:00,東北楽天ゴールデンイーグルス,千葉ロッテマリーンズ,4.0,8.0,UNKNOWN,楽天生命パーク宮城,unknown,low,False,False,1000155,1800120,[],[],,,,,0,light,2020-08-25 18:00:00+00:00,,UNKNOWN,,,,UNKNOWN,UNKNOWN,,UNKNOWN,,6.0,1.6666666666666667,6.0,3.0,0.0,2.8666666666666667,6.0,4.0,8.0,0.0,2.0,4.0,,,,13.5,5.25,0.0,20.25,0.0,9.95,1.3333333333333333,2.0,4.0,0.0,3.0,0.0,,,,True,True,UNKNOWN,False,False,,,,,,,,,,NPB,2020-08-25 18:00:00,1,,,0,
2020082505,2020-08-25 18:00:00,埼玉西武ライオンズ,北海道日本ハムファイターズ,3.0,4.0,UNKNOWN,メットライフドーム,unknown,low,False,False,1100099,1400182,[],[],,,,,0,light,2020-08-25 18:00:00+00:00,,UNKNOWN,,,,UNKNOWN,UNKNOWN,,UNKNOWN,,3.0,1.1666666666666667,9.0,6.0,0.0,3.2,6.0,2.0,3.0,0.0,4.0,6.0,,,,4.5,1.6666666666666667,9.0,3.0,0.0,2.2,6.0,3.0,8.0,0.0,2.0,6.0,,,,True,True,UNKNOWN,False,False,,,,,,,,,,NPB,2020-08-25 18:00:00,1,,,0,
2020082506,2020-08-25 18:00:00,福岡ソフトバンクホークス,オリックス・バファローズ,4.0,0.0,UNKNOWN,福岡PayPayドーム,unknown,low,False,False,1600153,1000174,[],[],,,,,0,light,2020-08-25 18:00:00+00:00,,UNKNOWN,,,,UNKNOWN,UNKNOWN,,UNKNOWN,,3.0,1.5,9.0,7.5,1.5,5.866666666666667,6.0,2.0,4.0,1.0,5.0,6.0,,,,0.0,1.0,11.571428571428571,6.428571428571429,0.0,2.771428571428572,7.0,0.0,2.0,0.0,5.0,9.0,,,,True,True,UNKNOWN,False,False,,,,,,,,,,NPB,2020-08-25 18:00:00,1,,,0,
2020082601,2020-08-26 18:00:00,東京ヤクルトスワローズ,読売ジャイアンツ,5.0,12.0,UNKNOWN,明治神宮野球場,excluded,high,False,False,1900130,1500042,[],[],,,,,0,light,2020-08-26 18:00:00+00:00,,UNKNOWN,,,,UNKNOWN,UNKNOWN,,UNKNOWN,,27.0,4.0,9.0,9.0,18.0,30.2,1.0,3.0,3.0,2.0,1.0,1.0,,,,9.0,2.5,15.75,4.5,2.25,4.45,4.0,4.0,8.0,1.0,2.0,7.0,,,,True,True,UNKNOWN,False,False,,,,,,,,,,NPB,2020-08-26 18:00:00,1,,,0,
2020082602,2020-08-26 18:00:00,横浜DeNAベイスターズ,広島東洋カープ,2.0,4.0,UNKNOWN,横浜スタジアム,unknown,low,False,False,1100081,1600081,[],[],,,,,0,light,2020-08-26 18:00:00+00:00,,UNKNOWN,,,,UNKNOWN,UNKNOWN,,UNKNOWN,,2.25,0.875,10.125,1.125,1.125,2.95,8.0,2.0,6.0,1.0,1.0,9.0,,,,4.5,1.1666666666666667,10.5,3.0,0.0,1.866666666666667,6.0,3.0,5.0,0.0,2.0,7.0,,,,True,True,UNKNOWN,False,False,,,,,,,,,,NPB,2020-08-26 18:00:00,1,,,0,
2020082603,2020-08-26 18:00:00,阪神タイガース,中日ドラゴンズ,11.0,3.0,UNKNOWN,阪神甲子園球場,unknown,low,False,False,1200055,1700154,[],[],,,,,0,light,2020-08-26 18:00:00+00:00,,UNKNOWN,,,,UNKNOWN,UNKNOWN,,UNKNOWN,,9.0,1.3333333333333333,4.5,3.0,4.5,9.7,6.0,6.0,6.0,3.0,2.0,3.0,,,,3.0,1.0,4.5,4.5,0.0,3.7,6.0,2.0,3.0,0.0,3.0,3.0,,,,True,True,UNKNOWN,False,False,,,,,,,,,,NPB,2020-08-26 18:00:00,1,,,0,
2020082604,2020-08-26 18:00:00,東北楽天ゴールデンイーグルス,千葉ロッテマリーンズ,0.0,2.0,UNKNOWN,楽天生命パーク宮城,unknown,low,False,False,1800052,500014,[],[],,,,,0,light,2020-08-26 18:00:00+00:00,,UNKNOWN,,,,UNKNOWN,UNKNOWN,,UNKNOWN,,0.0,0.8571428571428571,14.142857142857142,1.2857142857142858,0.0,0.48571428571428577,7.0,0.0,5.0,0.0,1.0,11.0,,,,2.5714285714285716,1.1428571428571428,11.571428571428571,6.428571428571429,2.5714285714285716,6.485714285714286,7.0,2.0,3.0,2.0,5.0,9.0,,,,True,True,UNKNOWN,False,False,,,,,,,,,,NPB,2020-08-26 18:00:00,1,,,0,
2020082605,2020-08-26 18:00:00,埼玉西武ライオンズ,北海道日本ハムファイターズ,5.0,8.0,UNKNOWN,メットライフドーム,unknown,low,False,False,1300094,1000143,[],[],,,,,0,light,2020-08-26 18:00:00+00:00,,UNKNOWN,,,,UNKNOWN,UNKNOWN,,UNKNOWN,,5.0625,1.5,10.125,6.75,0.0,3.2,5.333333333333333,3.0,4.0,0.0,4.0,6.0,,,,23.625,3.0,10.125,10.125,3.375,9.2,2.6666666666666665,7.0,5.0,1.0,3.0,3.0,,,,True,True,UNKNOWN,False,False,,,,,,,,,,NPB,2020-08-26 18:00:00,1,,,0,
2020082606,2020-08-26 18:00:00,福岡ソフトバンクホークス,オリックス・バファローズ,4.0,3.0,UNKNOWN,福岡PayPayドーム,excluded,high,False,False,1700109,20204,[],[],,,,,0,light,2020-08-26 18:00:00+00:00,,UNKNOWN,,,,UNKNOWN,UNKNOWN,,UNKNOWN,,4.05,1.3499999999999999,9.45,5.3999999999999995,2.6999999999999997,6.8,6.666666666666667,3.0,5.0,2.0,4.0,7.0,,,,6.230769230769231,2.307692307692308,6.230769230769231,8.307692307692308,2.076923076923077,7.584615384615385,4.333333333333333,3.0,6.0,1.0,4.0,3.0,,,,True,True,UNKNOWN,False,False,,,,,,,,,,NPB,2020-08-26 18:00:00,1,,,0,
2020082701,2020-08-27 18:00:00,東京ヤクルトスワローズ,読売ジャイアンツ,2.0,5.0,UNKNOWN,明治神宮野球場,unknown,low,False,False,1800028,1300045,[],[],,,,,0,light,2020-08-27 18:00:00+00:00,,UNKNOWN,,,,UNKNOWN,UNKNOWN,,UNKNOWN,,0.0,1.8,7.2,9.0,0.0,4.6,5.0,0.0,4.0,0.0,5.0,4.0,,,,9.0,2.0,10.8,5.4,3.6,7.8,5.0,5.0,7.0,2.0,3.0,6.0,,,,True,True,UNKNOWN,False,False,,,,,,,,,,NPB,2020-08-27 18:00:00,1,,,0,
2020082702,2020-08-27 18:00:00,横浜DeNAベイスターズ,広島東洋カープ,3.0,2.0,UNKNOWN,横浜スタジアム,unknown,low,False,False,1500007,1200050,[],[],,,,,0,light,2020-08-27 18:00:00+00:00,,UNKNOWN,,,,UNKNOWN,UNKNOWN,,UNKNOWN,,4.5,1.5,7.5,4.5,0.0,3.0333333333333337,6.0,3.0,6.0,0.0,3.0,5.0,,,,3.375,1.5,6.75,3.375,1.6875,5.2625,5.333333333333333,2.0,6.0,1.0,2.0,4.0,,,,True,True,UNKNOWN,False,False,,,,,,,,,,NPB,2020-08-27 18:00:00,1,,,0,
2020082703,2020-08-27 18:00:00,阪神タイガース,中日ドラゴンズ,6.0,3.0,UNKNOWN,阪神甲子園球場,unknown,low,False,False,1600106,1500090,[],[],,,,,0,light,2020-08-27 18:00:00+00:00,,UNKNOWN,,,,UNKNOWN,UNKNOWN,,UNKNOWN,,8.4375,0.9375,15.1875,0.0,3.375,4.7,5.333333333333333,5.0,5.0,2.0,0.0,9.0,,,,2.5714285714285716,0.7142857142857143,3.857142857142857,1.2857142857142858,0.0,2.771428571428572,7.0,2.0,4.0,0.0,1.0,3.0,,,,True,True,UNKNOWN,False,False,,,,,,,,,,NPB,2020-08-27 18:00:00,1,,,0,
2020082704,2020-08-27 18:00:00,東北楽天ゴールデンイーグルス,千葉ロッテマリーンズ,15.0,0.0,UNKNOWN,楽天生命パーク宮城,unknown,low,False,False,1400190,1300084,[],[],,,,,0,light,2020-08-27 18:00:00+00:00,,UNKNOWN,,,,UNKNOWN,UNKNOWN,,UNKNOWN,,15.75,3.5,9.0,9.0,2.25,7.45,4.0,7.0,10.0,1.0,4.0,4.0,,,,0.0,0.7142857142857143,14.142857142857142,5.142857142857143,0.0,1.7714285714285716,7.0,0.0,1.0,0.0,4.0,11.0,,,,True,True,UNKNOWN,False,False,,,,,,,,,,NPB,2020-08-27 18:00:00,1,,,0,
2020082705,2020-08-27 18:00:00,埼玉西武ライオンズ,北海道日本ハムファイターズ,8.0,7.0,UNKNOWN,メットライフドーム,unknown,low,False,False,1900070,1500104,[],[],,,,,0,light,2020-08-27 18:00:00+00:00,,UNKNOWN,,,,UNKNOWN,UNKNOWN,,UNKNOWN,,6.230769230769231,1.8461538461538463,12.461538461538462,2.076923076923077,2.076923076923077,4.1230769230769235,4.333333333333333,3.0,7.0,1.0,1.0,6.0,,,,9.0,2.0,4.5,6.75,4.5,10.95,4.0,4.0,5.0,2.0,3.0,2.0,,,,True,True,UNKNOWN,False,False,,,,,,,,,,NPB,2020-08-27 18:00:00,1,,,0,
2020082706,2020-08-27 18:00:00,福岡ソフトバンクホークス,オリックス・バファローズ,4.0,2.0,UNKNOWN,福岡PayPayドーム,unknown,low,False,False,1600150,1400129,[],[],,,,,0,light,2020-08-27 18:00:00+00:00,,UNKNOWN,,,,UNKNOWN,UNKNOWN,,UNKNOWN,,9.0,1.3333333333333333,12.0,3.0,3.0,5.866666666666667,3.0,3.0,3.0,1.0,1.0,4.0,,,,1.8,0.4,12.6,0.0,0.0,0.40000000000000036,5.0,1.0,2.0,0.0,0.0,7.0,,,,True,True,UNKNOWN,False,False,,,,,,,,,,NPB,2020-08-27 18:00:00,1,,,0,
2020082801,2020-08-28 18:00:00,読売ジャイアンツ,中日ドラゴンズ,3.0,5.0,UNKNOWN,東京ドーム,unknown,low,False,False,1200098,1300029,[],[],,,,,0,light,2020-08-28 18:00:00+00:00,,UNKNOWN,,,,UNKNOWN,UNKNOWN,,UNKNOWN,,5.785714285714286,1.7142857142857142,5.785714285714286,3.8571428571428568,0.0,3.2,4.666666666666667,3.0,6.0,0.0,2.0,3.0,,,,4.5,1.5,1.5,6.0,0.0,4.866666666666667,6.0,3.0,5.0,0.0,4.0,1.0,,,,True,True,UNKNOWN,False,False,2020-08-28 09:00:00+00:00,,UNKNOWN,Open-Meteo Historical Forecast,FAIL_CLOSED_NO_ISSUANCE_TIMESTAMP,30.0,72.0,0.0,6.1,NPB,2020-08-28 18:00:00,1,,,0,
2020082802,2020-08-28 18:00:00,横浜DeNAベイスターズ,東京ヤクルトスワローズ,6.0,2.0,UNKNOWN,横浜スタジアム,excluded,high,False,False,1900025,1900125,[],[],,,,,0,light,2020-08-28 18:00:00+00:00,,UNKNOWN,,,,UNKNOWN,UNKNOWN,,UNKNOWN,,3.0,1.5,6.0,6.0,0.0,3.8666666666666667,6.0,2.0,5.0,0.0,4.0,4.0,,,,0.0,0.5,3.0,1.5,0.0,3.0333333333333337,6.0,0.0,2.0,0.0,1.0,2.0,,,,True,True,UNKNOWN,False,False,,,,,,,,,,NPB,2020-08-28 18:00:00,1,,,0,
2020082803,2020-08-28 18:00:00,広島東洋カープ,阪神タイガース,4.0,3.0,UNKNOWN,MAZDA Zoom-Zoom スタジアム広島,unknown,low,False,False,900062,1900052,[],[],,,,,0,light,2020-08-28 18:00:00+00:00,,UNKNOWN,,,,UNKNOWN,UNKNOWN,,UNKNOWN,,4.5,0.8333333333333334,4.5,3.0,3.0,7.533333333333333,6.0,3.0,3.0,2.0,2.0,3.0,,,,2.5714285714285716,1.0,10.285714285714286,1.2857142857142858,1.2857142857142858,3.2,7.0,2.0,6.0,1.0,1.0,8.0,,,,True,True,UNKNOWN,False,False,,,,,,,,,,NPB,2020-08-28 18:00:00,1,,,0,
2020082804,2020-08-28 18:00:00,東北楽天ゴールデンイーグルス,埼玉西武ライオンズ,2.0,1.0,UNKNOWN,楽天生命パーク宮城,unknown,low,False,False,1800022,1200117,[],[],,,,,0,light,2020-08-28 18:00:00+00:00,,UNKNOWN,,,,UNKNOWN,UNKNOWN,,UNKNOWN,,3.0,1.1666666666666667,4.5,3.0,0.0,3.2,6.0,2.0,5.0,0.0,2.0,3.0,,,,1.5,1.0,7.5,3.0,0.0,2.5333333333333337,6.0,1.0,4.0,0.0,2.0,5.0,,,,True,True,UNKNOWN,False,False,,,,,,,,,,NPB,2020-08-28 18:00:00,1,,,0,
2020082805,2020-08-28 18:00:00,オリックス・バファローズ,千葉ロッテマリーンズ,3.0,5.0,UNKNOWN,京セラドーム大阪,unknown,low,False,False,1300050,1400195,[],[],,,,,0,light,2020-08-28 18:00:00+00:00,,UNKNOWN,,,,UNKNOWN,UNKNOWN,,UNKNOWN,,1.5,1.3333333333333333,0.0,0.0,0.0,3.2,6.0,1.0,8.0,0.0,0.0,0.0,,,,7.5,1.5,3.0,1.5,4.5,9.533333333333333,6.0,5.0,8.0,3.0,1.0,2.0,,,,True,True,UNKNOWN,False,False,,,,,,,,,,NPB,2020-08-28 18:00:00,1,,,0,
2020082806,2020-08-28 18:00:00,福岡ソフトバンクホークス,北海道日本ハムファイターズ,9.0,1.0,UNKNOWN,福岡PayPayドーム,excluded,high,False,False,500027,1100115,[],[],,,,,0,light,2020-08-28 18:00:00+00:00,,UNKNOWN,,,,UNKNOWN,UNKNOWN,,UNKNOWN,,45.0,6.0,18.0,0.0,9.0,12.2,1.0,5.0,6.0,1.0,0.0,2.0,,,,1.2857142857142858,0.8571428571428571,7.714285714285714,1.2857142857142858,0.0,1.9142857142857144,7.0,1.0,5.0,0.0,1.0,6.0,,,,True,True,UNKNOWN,False,False,,,,,,,,,,NPB,2020-08-28 18:00:00,1,,,0,
2020082901,2020-08-29 14:00:00,読売ジャイアンツ,中日ドラゴンズ,12.0,3.0,UNKNOWN,東京ドーム,unknown,low,False,False,2000003,1100038,[],[],,,,,0,light,2020-08-29 14:00:00+00:00,,UNKNOWN,,,,UNKNOWN,UNKNOWN,,UNKNOWN,,9.0,1.75,6.75,2.25,0.0,2.45,4.0,4.0,6.0,0.0,1.0,3.0,,,,1.2857142857142858,1.1428571428571428,10.285714285714286,2.5714285714285716,0.0,1.7714285714285716,7.0,1.0,6.0,0.0,2.0,8.0,,,,True,True,UNKNOWN,False,False,2020-08-29 05:00:00+00:00,,UNKNOWN,Open-Meteo Historical Forecast,FAIL_CLOSED_NO_ISSUANCE_TIMESTAMP,33.6,57.0,0.0,8.3,NPB,2020-08-29 14:00:00,1,,,0,
2020082905,2020-08-29 14:00:00,オリックス・バファローズ,千葉ロッテマリーンズ,1.0,5.0,UNKNOWN,京セラドーム大阪,excluded,high,False,False,1300055,1600159,[],[],,,,,0,light,2020-08-29 14:00:00+00:00,,UNKNOWN,,,,UNKNOWN,UNKNOWN,,UNKNOWN,,1.2857142857142858,0.8571428571428571,10.285714285714286,0.0,0.0,0.9142857142857146,7.0,1.0,6.0,0.0,0.0,8.0,,,,4.695652173913043,0.7826086956521738,7.0434782608695645,2.3478260869565215,1.1739130434782608,4.113043478260869,7.666666666666667,4.0,4.0,1.0,2.0,6.0,,,,True,True,UNKNOWN,False,False,,,,,,,,,,NPB,2020-08-29 14:00:00,1,,,0,
2020082906,2020-08-29 14:00:00,福岡ソフトバンクホークス,北海道日本ハムファイターズ,3.0,0.0,UNKNOWN,福岡PayPayドーム,excluded,high,False,False,1400117,1900153,[],[],,,,,0,light,2020-08-29 14:00:00+00:00,,UNKNOWN,,,,UNKNOWN,UNKNOWN,,UNKNOWN,,0.0,1.0,7.714285714285714,5.142857142857143,0.0,3.2,7.0,0.0,3.0,0.0,4.0,6.0,,,,0.0,1.4,12.6,5.4,0.0,2.2,5.0,0.0,4.0,0.0,3.0,7.0,,,,True,True,UNKNOWN,False,False,,,,,,,,,,NPB,2020-08-29 14:00:00,1,,,0,
2020082902,2020-08-29 18:00:00,横浜DeNAベイスターズ,東京ヤクルトスワローズ,9.0,3.0,UNKNOWN,横浜スタジアム,unknown,low,False,False,1900144,1800045,[],[],,,,,0,light,2020-08-29 18:00:00+00:00,,UNKNOWN,,,,UNKNOWN,UNKNOWN,,UNKNOWN,,3.8571428571428568,2.142857142857143,3.8571428571428568,0.0,0.0,2.342857142857143,4.666666666666667,2.0,10.0,0.0,0.0,2.0,,,,6.75,2.25,6.75,2.25,4.5,8.95,4.0,3.0,8.0,2.0,1.0,3.0,,,,True,True,UNKNOWN,False,False,,,,,,,,,,NPB,2020-08-29 18:00:00,1,,,0,
2020082903,2020-08-29 18:00:00,広島東洋カープ,阪神タイガース,5.0,6.0,UNKNOWN,MAZDA Zoom-Zoom スタジアム広島,unknown,low,False,False,1200062,1300057,[],[],,,,,0,light,2020-08-29 18:00:00+00:00,,UNKNOWN,,,,UNKNOWN,UNKNOWN,,UNKNOWN,,7.7142857142857135,2.142857142857143,11.571428571428571,7.7142857142857135,0.0,3.2,4.666666666666667,4.0,6.0,0.0,4.0,6.0,,,,12.0,2.6666666666666665,9.0,3.0,0.0,2.2,3.0,4.0,7.0,0.0,1.0,3.0,,,,True,True,UNKNOWN,False,False,,,,,,,,,,NPB,2020-08-29 18:00:00,1,,,0,
2020082904,2020-08-29 18:00:00,東北楽天ゴールデンイーグルス,埼玉西武ライオンズ,3.0,6.0,UNKNOWN,楽天生命パーク宮城,excluded,high,False,False,1900141,1000154,[],[],,,,,0,light,2020-08-29 18:00:00+00:00,,UNKNOWN,,,,UNKNOWN,UNKNOWN,,UNKNOWN,,4.5,0.8333333333333334,9.0,0.0,3.0,5.533333333333333,6.0,3.0,5.0,2.0,0.0,6.0,,,,9.0,1.2,7.2,1.8,3.6,7.4,5.0,5.0,5.0,2.0,1.0,4.0,,,,True,True,UNKNOWN,False,False,,,,,,,,,,NPB,2020-08-29 18:00:00,1,,,0,
2020083005,2020-08-30 13:00:00,オリックス・バファローズ,千葉ロッテマリーンズ,5.0,0.0,UNKNOWN,京セラドーム大阪,unknown,low,False,False,1800054,1700150,[],[],,,,,0,light,2020-08-30 13:00:00+00:00,,UNKNOWN,,,,UNKNOWN,UNKNOWN,,UNKNOWN,,5.4,1.8,7.2,3.6,1.8,5.4,5.0,3.0,7.0,1.0,2.0,4.0,,,,0.0,1.0,7.714285714285714,1.2857142857142858,0.0,1.9142857142857144,7.0,0.0,6.0,0.0,1.0,6.0,,,,True,True,UNKNOWN,False,False,,,,,,,,,,NPB,2020-08-30 13:00:00,1,,,0,
2020083006,2020-08-30 13:00:00,福岡ソフトバンクホークス,北海道日本ハムファイターズ,8.0,5.0,UNKNOWN,福岡PayPayドーム,unknown,low,False,False,1900129,1300080,[],[],,,,,0,light,2020-08-30 13:00:00+00:00,,UNKNOWN,,,,UNKNOWN,UNKNOWN,,UNKNOWN,,14.727272727272728,1.9090909090909092,7.363636363636364,0.0,2.4545454545454546,5.109090909090909,3.6666666666666665,6.0,7.0,1.0,0.0,3.0,,,,9.0,2.0,6.75,4.5,0.0,3.2,4.0,4.0,6.0,0.0,2.0,3.0,,,,True,True,UNKNOWN,False,False,,,,,,,,,,NPB,2020-08-30 13:00:00,1,,,0,
2020083001,2020-08-30 14:00:00,読売ジャイアンツ,中日ドラゴンズ,3.0,2.0,UNKNOWN,東京ドーム,unknown,low,False,False,1800061,1800025,[],[],,,,,0,light,2020-08-30 14:00:00+00:00,,UNKNOWN,,,,UNKNOWN,UNKNOWN,,UNKNOWN,,4.5,1.5,4.5,1.5,0.0,2.7,6.0,3.0,8.0,0.0,1.0,3.0,,,,2.4545454545454546,1.090909090909091,9.818181818181818,2.4545454545454546,0.0,1.8363636363636364,3.6666666666666665,1.0,3.0,0.0,1.0,4.0,,,,True,True,UNKNOWN,False,False,2020-08-30 05:00:00+00:00,,UNKNOWN,Open-Meteo Historical Forecast,FAIL_CLOSED_NO_ISSUANCE_TIMESTAMP,33.9,49.0,0.0,6.9,NPB,2020-08-30 14:00:00,1,,,0,
2020083004,2020-08-30 17:00:00,東北楽天ゴールデンイーグルス,埼玉西武ライオンズ,2.0,3.0,UNKNOWN,楽天生命パーク宮城,unknown,low,False,False,1800080,1000096,[],[],,,,,0,light,2020-08-30 17:00:00+00:00,,UNKNOWN,,,,UNKNOWN,UNKNOWN,,UNKNOWN,,1.588235294117647,0.8823529411764706,6.352941176470588,3.176470588235294,0.0,2.847058823529412,5.666666666666667,1.0,3.0,0.0,2.0,4.0,,,,0.0,0.8,9.0,3.6,0.0,2.4000000000000004,5.0,0.0,2.0,0.0,2.0,5.0,,,,True,True,UNKNOWN,False,False,,,,,,,,,,NPB,2020-08-30 17:00:00,1,,,0,
2020083002,2020-08-30 18:00:00,横浜DeNAベイスターズ,東京ヤクルトスワローズ,4.0,6.0,UNKNOWN,横浜スタジアム,unknown,low,False,False,1200076,1700060,[],[],,,,,0,light,2020-08-30 18:00:00+00:00,,UNKNOWN,,,,UNKNOWN,UNKNOWN,,UNKNOWN,,2.5714285714285716,1.2857142857142858,5.142857142857143,1.2857142857142858,2.5714285714285716,6.2,7.0,2.0,8.0,2.0,1.0,4.0,,,,22.5,4.0,4.5,13.5,4.5,13.2,2.0,5.0,5.0,1.0,3.0,1.0,,,,True,True,UNKNOWN,False,False,,,,,,,,,,NPB,2020-08-30 18:00:00,1,,,0,
2020083003,2020-08-30 18:00:00,広島東洋カープ,阪神タイガース,3.0,5.0,UNKNOWN,MAZDA Zoom-Zoom スタジアム広島,unknown,low,False,False,900425,1700072,[],[],,,,,0,light,2020-08-30 18:00:00+00:00,,UNKNOWN,,,,UNKNOWN,UNKNOWN,,UNKNOWN,,0.0,1.0,6.0,0.0,1.5,4.033333333333333,6.0,0.0,6.0,1.0,0.0,4.0,,,,3.857142857142857,0.8571428571428571,9.0,2.5714285714285716,1.2857142857142858,3.9142857142857146,7.0,3.0,4.0,1.0,2.0,7.0,,,,True,True,UNKNOWN,False,False,,,,,,,,,,NPB,2020-08-30 18:00:00,1,,,0,
2020090101,2020-09-01 18:00:00,読売ジャイアンツ,横浜DeNAベイスターズ,3.0,2.0,UNKNOWN,東京ドーム,unknown,low,False,False,1800043,1200041,[],[],,,,,0,light,2020-09-01 18:00:00+00:00,,UNKNOWN,,,,UNKNOWN,UNKNOWN,,UNKNOWN,,3.0,1.1666666666666667,7.5,6.0,1.5,5.7,6.0,2.0,3.0,1.0,4.0,5.0,,,,1.1739130434782608,0.7826086956521738,11.739130434782608,2.3478260869565215,0.0,1.3739130434782612,7.666666666666667,1.0,4.0,0.0,2.0,10.0,,,,True,True,UNKNOWN,False,False,2020-09-01 09:00:00+00:00,,UNKNOWN,Open-Meteo Historical Forecast,FAIL_CLOSED_NO_ISSUANCE_TIMESTAMP,25.9,81.0,0.0,4.7,NPB,2020-09-01 18:00:00,1,,,0,
2020090102,2020-09-01 18:00:00,中日ドラゴンズ,広島東洋カープ,5.0,0.0,UNKNOWN,ナゴヤドーム,unknown,low,False,False,1300058,1000138,[],[],,,,,0,light,2020-09-01 18:00:00+00:00,,UNKNOWN,,,,UNKNOWN,UNKNOWN,,UNKNOWN,,5.869565217391304,1.5652173913043477,4.695652173913043,3.5217391304347823,0.0,3.330434782608696,7.666666666666667,5.0,9.0,0.0,3.0,4.0,,,,0.0,0.3333333333333333,11.0,1.0,0.0,1.088888888888889,9.0,0.0,2.0,0.0,1.0,11.0,,,,True,True,UNKNOWN,False,False,,,,,,,,,,NPB,2020-09-01 18:00:00,1,,,0,
2020090103,2020-09-01 18:00:00,阪神タイガース,東京ヤクルトスワローズ,2.0,1.0,UNKNOWN,阪神甲子園球場,unknown,low,False,False,12113,1700078,[],[],,,,,0,light,2020-09-01 18:00:00+00:00,,UNKNOWN,,,,UNKNOWN,UNKNOWN,,UNKNOWN,,1.6875,0.9375,6.75,0.0,0.0,1.7000000000000002,5.333333333333333,1.0,5.0,0.0,0.0,4.0,,,,1.2857142857142858,0.7142857142857143,10.285714285714286,2.5714285714285716,0.0,1.7714285714285716,7.0,1.0,3.0,0.0,2.0,8.0,,,,True,True,UNKNOWN,False,False,,,,,,,,,,NPB,2020-09-01 18:00:00,1,,,0,
2020090104,2020-09-01 18:00:00,北海道日本ハムファイターズ,東北楽天ゴールデンイーグルス,8.0,1.0,UNKNOWN,札幌ドーム,excluded,high,False,False,900090,1100099,[],[],,,,,0,light,2020-09-01 18:00:00+00:00,,UNKNOWN,,,,UNKNOWN,UNKNOWN,,UNKNOWN,,0.0,1.090909090909091,2.4545454545454546,2.4545454545454546,0.0,3.472727272727273,3.6666666666666665,0.0,3.0,0.0,1.0,1.0,,,,1.0,0.8888888888888888,7.0,3.0,1.0,4.088888888888889,9.0,1.0,5.0,1.0,3.0,7.0,,,,True,True,UNKNOWN,False,False,,,,,,,,,,NPB,2020-09-01 18:00:00,1,,,0,
2020090105,2020-09-01 18:00:00,千葉ロッテマリーンズ,埼玉西武ライオンズ,1.0,9.0,UNKNOWN,ZOZOマリンスタジアム,excluded,high,False,False,1400182,700080,[],[],,,,,0,light,2020-09-01 18:00:00+00:00,,UNKNOWN,,,,UNKNOWN,UNKNOWN,,UNKNOWN,,0.0,0.42857142857142855,3.857142857142857,2.5714285714285716,0.0,3.2,7.0,0.0,1.0,0.0,2.0,3.0,,,,12.6,2.4,5.4,5.4,1.8,6.4,5.0,7.0,9.0,1.0,3.0,3.0,,,,True,True,UNKNOWN,False,False,,,,,,,,,,NPB,2020-09-01 18:00:00,1,,,0,
2020090106,2020-09-01 18:00:00,オリックス・バファローズ,福岡ソフトバンクホークス,5.0,0.0,UNKNOWN,京セラドーム大阪,unknown,low,False,False,1000174,1600153,[],[],,,,,0,light,2020-09-01 18:00:00+00:00,,UNKNOWN,,,,UNKNOWN,UNKNOWN,,UNKNOWN,,5.3999999999999995,1.65,8.1,8.1,0.0,4.1,6.666666666666667,4.0,5.0,0.0,6.0,6.0,,,,0.0,1.0,9.0,6.428571428571429,0.0,3.342857142857143,7.0,0.0,2.0,0.0,5.0,7.0,,,,True,True,UNKNOWN,False,False,,,,,,,,,,NPB,2020-09-01 18:00:00,1,,,0,
2020090201,2020-09-02 18:00:00,読売ジャイアンツ,横浜DeNAベイスターズ,3.0,1.0,UNKNOWN,東京ドーム,unknown,low,False,False,1600081,1900143,[],[],,,,,0,light,2020-09-02 18:00:00+00:00,,UNKNOWN,,,,UNKNOWN,UNKNOWN,,UNKNOWN,,9.0,2.3333333333333335,9.0,9.0,3.0,8.533333333333333,3.0,3.0,4.0,1.0,3.0,3.0,,,,1.5,0.6666666666666666,9.0,4.5,0.0,2.7,6.0,1.0,1.0,0.0,3.0,6.0,,,,True,True,UNKNOWN,False,False,2020-09-02 09:00:00+00:00,,UNKNOWN,Open-Meteo Historical Forecast,FAIL_CLOSED_NO_ISSUANCE_TIMESTAMP,29.5,76.0,0.0,4.4,NPB,2020-09-02 18:00:00,1,,,0,
2020090202,2020-09-02 18:00:00,中日ドラゴンズ,広島東洋カープ,5.0,9.0,UNKNOWN,ナゴヤドーム,unknown,low,False,False,1100081,1500074,[],[],,,,,0,light,2020-09-02 18:00:00+00:00,,UNKNOWN,,,,UNKNOWN,UNKNOWN,,UNKNOWN,,8.4375,1.5,1.6875,5.0625,0.0,4.5125,5.333333333333333,5.0,5.0,0.0,3.0,1.0,,,,18.0,2.3333333333333335,6.0,3.0,9.0,15.866666666666667,3.0,6.0,6.0,3.0,1.0,2.0,,,,True,True,UNKNOWN,False,False,,,,,,,,,,NPB,2020-09-02 18:00:00,1,,,0,
2020090203,2020-09-02 18:00:00,阪神タイガース,東京ヤクルトスワローズ,2.0,3.0,UNKNOWN,阪神甲子園球場,unknown,low,False,False,1200111,1700154,[],[],,,,,0,light,2020-09-02 18:00:00+00:00,,UNKNOWN,,,,UNKNOWN,UNKNOWN,,UNKNOWN,,3.0,0.6666666666666666,9.0,0.0,1.5,3.3666666666666667,6.0,2.0,4.0,1.0,0.0,6.0,,,,1.5,0.8333333333333334,7.5,0.0,0.0,1.5333333333333334,6.0,1.0,5.0,0.0,0.0,5.0,,,,True,True,UNKNOWN,False,False,,,,,,,,,,NPB,2020-09-02 18:00:00,1,,,0,
2020090204,2020-09-02 18:00:00,北海道日本ハムファイターズ,東北楽天ゴールデンイーグルス,3.0,5.0,UNKNOWN,札幌ドーム,unknown,low,False,False,500014,1500109,[],[],,,,,0,light,2020-09-02 18:00:00+00:00,,UNKNOWN,,,,UNKNOWN,UNKNOWN,,UNKNOWN,,4.5,1.5,7.5,0.0,1.5,3.7,6.0,3.0,9.0,1.0,0.0,5.0,,,,0.0,0.6,7.2,1.8,0.0,2.2,5.0,0.0,2.0,0.0,1.0,4.0,,,,True,True,UNKNOWN,False,False,,,,,,,,,,NPB,2020-09-02 18:00:00,1,,,0,
2020090205,2020-09-02 18:00:00,千葉ロッテマリーンズ,埼玉西武ライオンズ,2.0,4.0,UNKNOWN,ZOZOマリンスタジアム,unknown,low,False,False,400010,1800052,[],[],,,,,0,light,2020-09-02 18:00:00+00:00,,UNKNOWN,,,,UNKNOWN,UNKNOWN,,UNKNOWN,,0.0,0.8,10.8,3.6,0.0,2.0,5.0,0.0,2.0,0.0,2.0,6.0,,,,1.2857142857142858,1.0,7.714285714285714,3.857142857142857,1.2857142857142858,4.628571428571429,7.0,1.0,4.0,1.0,3.0,6.0,,,,True,True,UNKNOWN,False,False,,,,,,,,,,NPB,2020-09-02 18:00:00,1,,,0,
2020090206,2020-09-02 18:00:00,オリックス・バファローズ,福岡ソフトバンクホークス,3.0,3.0,UNKNOWN,京セラドーム大阪,unknown,low,False,False,20204,1700109,[],[],,,,,0,light,2020-09-02 18:00:00+00:00,,UNKNOWN,,,,UNKNOWN,UNKNOWN,,UNKNOWN,,1.5,0.6666666666666666,9.0,0.0,0.0,1.2000000000000002,6.0,1.0,4.0,0.0,0.0,6.0,,,,3.857142857142857,1.4285714285714286,7.714285714285714,3.857142857142857,2.5714285714285716,6.485714285714286,7.0,3.0,7.0,2.0,3.0,6.0,,,,True,True,UNKNOWN,False,False,,,,,,,,,,NPB,2020-09-02 18:00:00,1,,,0,
2020090301,2020-09-03 18:00:00,読売ジャイアンツ,横浜DeNAベイスターズ,13.0,4.0,UNKNOWN,東京ドーム,unknown,low,False,False,1600183,1300029,[],[],,,,,0,light,2020-09-03 18:00:00+00:00,,UNKNOWN,,,,UNKNOWN,UNKNOWN,,UNKNOWN,,47.25,6.75,13.5,13.5,13.5,24.2,1.3333333333333333,7.0,7.0,2.0,2.0,2.0,,,,1.5,1.0,6.0,0.0,0.0,1.866666666666667,6.0,1.0,6.0,0.0,0.0,4.0,,,,True,True,UNKNOWN,False,False,2020-09-03 09:00:00+00:00,,UNKNOWN,Open-Meteo Historical Forecast,FAIL_CLOSED_NO_ISSUANCE_TIMESTAMP,29.2,71.0,0.0,8.0,NPB,2020-09-03 18:00:00,1,,,0,
2020090302,2020-09-03 18:00:00,中日ドラゴンズ,広島東洋カープ,6.0,0.0,UNKNOWN,ナゴヤドーム,unknown,low,False,False,1500007,1200055,[],[],,,,,0,light,2020-09-03 18:00:00+00:00,,UNKNOWN,,,,UNKNOWN,UNKNOWN,,UNKNOWN,,11.25,1.5,6.75,4.5,2.25,6.45,4.0,5.0,4.0,1.0,2.0,3.0,,,,0.0,1.0434782608695652,9.391304347826086,1.1739130434782608,0.0,1.5043478260869567,7.666666666666667,0.0,7.0,0.0,1.0,8.0,,,,True,True,UNKNOWN,False,False,,,,,,,,,,NPB,2020-09-03 18:00:00,1,,,0,
2020090303,2020-09-03 18:00:00,阪神タイガース,東京ヤクルトスワローズ,4.0,3.0,UNKNOWN,阪神甲子園球場,unknown,low,False,False,1400149,1500090,[],[],,,,,0,light,2020-09-03 18:00:00+00:00,,UNKNOWN,,,,UNKNOWN,UNKNOWN,,UNKNOWN,,9.0,2.0,9.0,4.5,0.0,2.7,2.0,2.0,3.0,0.0,1.0,2.0,,,,2.6999999999999997,1.5,6.75,1.3499999999999999,0.0,2.1500000000000004,6.666666666666667,2.0,9.0,0.0,1.0,5.0,,,,True,True,UNKNOWN,False,False,,,,,,,,,,NPB,2020-09-03 18:00:00,1,,,0,
2020090304,2020-09-03 18:00:00,北海道日本ハムファイターズ,東北楽天ゴールデンイーグルス,4.0,0.0,UNKNOWN,札幌ドーム,unknown,low,False,False,1300084,1500110,[],[],,,,,0,light,2020-09-03 18:00:00+00:00,,UNKNOWN,,,,UNKNOWN,UNKNOWN,,UNKNOWN,,3.857142857142857,0.8571428571428571,7.714285714285714,1.2857142857142858,0.0,1.9142857142857144,7.0,3.0,5.0,0.0,1.0,6.0,,,,0.0,0.0,1.8,0.0,0.0,2.8000000000000003,5.0,0.0,0.0,0.0,0.0,1.0,,,,True,True,UNKNOWN,False,False,,,,,,,,,,NPB,2020-09-03 18:00:00,1,,,0,
2020090305,2020-09-03 18:00:00,千葉ロッテマリーンズ,埼玉西武ライオンズ,8.0,5.0,UNKNOWN,ZOZOマリンスタジアム,unknown,low,False,False,1600131,1400190,[],[],,,,,0,light,2020-09-03 18:00:00+00:00,,UNKNOWN,,,,UNKNOWN,UNKNOWN,,UNKNOWN,,10.384615384615385,2.307692307692308,8.307692307692308,4.153846153846154,4.153846153846154,8.73846153846154,4.333333333333333,5.0,8.0,2.0,2.0,4.0,,,,3.6,1.6,7.2,5.4,1.8,6.0,5.0,2.0,5.0,1.0,3.0,4.0,,,,True,True,UNKNOWN,False,False,,,,,,,,,,NPB,2020-09-03 18:00:00,1,,,0,
2020090306,2020-09-03 18:00:00,オリックス・バファローズ,福岡ソフトバンクホークス,4.0,5.0,UNKNOWN,京セラドーム大阪,excluded,high,False,False,900100,1000027,[],[],,,,,0,light,2020-09-03 18:00:00+00:00,,UNKNOWN,,,,UNKNOWN,UNKNOWN,,UNKNOWN,,0.0,0.6666666666666666,6.0,3.0,1.5,5.033333333333333,6.0,0.0,2.0,1.0,2.0,4.0,,,,3.6,0.8,14.4,0.0,0.0,0.0,5.0,2.0,4.0,0.0,0.0,8.0,,,,True,True,UNKNOWN,False,False,,,,,,,,,,NPB,2020-09-03 18:00:00,1,,,0,
2020090401,2020-09-04 18:00:00,東京ヤクルトスワローズ,中日ドラゴンズ,2.0,4.0,UNKNOWN,明治神宮野球場,unknown,low,False,False,1600106,1300045,[],[],,,,,0,light,2020-09-04 18:00:00+00:00,,UNKNOWN,,,,UNKNOWN,UNKNOWN,,UNKNOWN,,4.5,1.0,9.0,0.0,2.25,4.45,4.0,2.0,4.0,1.0,0.0,4.0,,,,5.142857142857143,1.4285714285714286,12.857142857142858,1.2857142857142858,1.2857142857142858,2.628571428571429,7.0,4.0,9.0,1.0,1.0,10.0,,,,True,True,UNKNOWN,False,False,,,,,,,,,,NPB,2020-09-04 18:00:00,1,,,0,
2020090402,2020-09-04 18:00:00,阪神タイガース,読売ジャイアンツ,5.0,4.0,UNKNOWN,阪神甲子園球場,unknown,low,False,False,1800028,900062,[],[],,,,,0,light,2020-09-04 18:00:00+00:00,,UNKNOWN,,,,UNKNOWN,UNKNOWN,,UNKNOWN,,7.941176470588235,1.7647058823529411,11.117647058823529,0.0,3.176470588235294,5.31764705882353,5.666666666666667,5.0,10.0,2.0,0.0,7.0,,,,3.5217391304347823,1.0434782608695652,10.565217391304348,1.1739130434782608,0.0,1.2434782608695654,7.666666666666667,3.0,7.0,0.0,1.0,9.0,,,,True,True,UNKNOWN,False,False,,,,,,,,,,NPB,2020-09-04 18:00:00,1,,,0,
2020090403,2020-09-04 18:00:00,広島東洋カープ,横浜DeNAベイスターズ,12.0,12.0,UNKNOWN,MAZDA Zoom-Zoom スタジアム広島,unknown,low,False,False,1200050,1900052,[],[],,,,,0,light,2020-09-04 18:00:00+00:00,,UNKNOWN,,,,UNKNOWN,UNKNOWN,,UNKNOWN,,12.272727272727273,2.4545454545454546,7.363636363636364,0.0,0.0,1.5636363636363637,3.6666666666666665,5.0,9.0,0.0,0.0,3.0,,,,9.0,3.0,12.0,3.0,0.0,1.5333333333333334,3.0,3.0,8.0,0.0,1.0,4.0,,,,True,True,UNKNOWN,False,False,,,,,,,,,,NPB,2020-09-04 18:00:00,1,,,0,
2020090404,2020-09-04 18:00:00,北海道日本ハムファイターズ,埼玉西武ライオンズ,2.0,6.0,UNKNOWN,札幌ドーム,unknown,low,False,False,1800022,1300094,[],[],,,,,0,light,2020-09-04 18:00:00+00:00,,UNKNOWN,,,,UNKNOWN,UNKNOWN,,UNKNOWN,,3.375,1.6875,5.0625,1.6875,1.6875,5.075,5.333333333333333,2.0,8.0,1.0,1.0,3.0,,,,4.5,1.3333333333333333,7.5,6.0,1.5,5.7,6.0,3.0,4.0,1.0,4.0,5.0,,,,True,True,UNKNOWN,False,False,,,,,,,,,,NPB,2020-09-04 18:00:00,1,,,0,
2020090405,2020-09-04 18:00:00,東北楽天ゴールデンイーグルス,オリックス・バファローズ,4.0,3.0,UNKNOWN,楽天生命パーク宮城,unknown,low,False,False,1600150,1200117,[],[],,,,,0,light,2020-09-04 18:00:00+00:00,,UNKNOWN,,,,UNKNOWN,UNKNOWN,,UNKNOWN,,5.142857142857143,1.4285714285714286,11.571428571428571,2.5714285714285716,3.857142857142857,7.057142857142857,7.0,4.0,8.0,3.0,2.0,9.0,,,,6.0,1.6666666666666667,6.0,0.0,0.0,1.866666666666667,3.0,2.0,5.0,0.0,0.0,2.0,,,,True,True,UNKNOWN,False,False,,,,,,,,,,NPB,2020-09-04 18:00:00,1,,,0,
2020090406,2020-09-04 18:00:00,福岡ソフトバンクホークス,千葉ロッテマリーンズ,3.0,4.0,UNKNOWN,福岡PayPayドーム,unknown,low,False,False,1300050,1900153,[],[],,,,,0,light,2020-09-04 18:00:00+00:00,,UNKNOWN,,,,UNKNOWN,UNKNOWN,,UNKNOWN,,2.5714285714285716,0.5714285714285714,5.142857142857143,1.2857142857142858,1.2857142857142858,4.342857142857143,7.0,2.0,3.0,1.0,1.0,4.0,,,,1.588235294117647,1.4117647058823528,6.352941176470588,4.764705882352941,0.0,3.376470588235294,5.666666666666667,1.0,5.0,0.0,3.0,4.0,,,,True,True,UNKNOWN,False,False,,,,,,,,,,NPB,2020-09-04 18:00:00,1,,,0,
2020090503,2020-09-05 14:00:00,広島東洋カープ,横浜DeNAベイスターズ,1.0,10.0,UNKNOWN,MAZDA Zoom-Zoom スタジアム広島,unknown,low,False,False,1800045,1300057,[],[],,,,,0,light,2020-09-05 14:00:00+00:00,,UNKNOWN,,,,UNKNOWN,UNKNOWN,,UNKNOWN,,1.0,0.8888888888888888,4.0,0.0,0.0,2.3111111111111113,9.0,1.0,8.0,0.0,0.0,4.0,,,,21.599999999999998,2.6999999999999997,5.3999999999999995,0.0,5.3999999999999995,9.8,3.3333333333333335,8.0,9.0,2.0,0.0,2.0,,,,True,True,UNKNOWN,False,False,,,,,,,,,,NPB,2020-09-05 14:00:00,1,,,0,
2020090504,2020-09-05 14:00:00,北海道日本ハムファイターズ,埼玉西武ライオンズ,6.0,2.0,UNKNOWN,札幌ドーム,unknown,low,False,False,1900141,1400117,[],[],,,,,0,light,2020-09-05 14:00:00+00:00,,UNKNOWN,,,,UNKNOWN,UNKNOWN,,UNKNOWN,,3.0,1.5,15.0,4.5,0.0,1.366666666666667,6.0,2.0,6.0,0.0,3.0,10.0,,,,2.25,0.75,4.5,0.0,1.125,3.825,8.0,2.0,6.0,1.0,0.0,4.0,,,,True,True,UNKNOWN,False,False,,,,,,,,,,NPB,2020-09-05 14:00:00,1,,,0,
2020090505,2020-09-05 14:00:00,東北楽天ゴールデンイーグルス,オリックス・バファローズ,6.0,5.0,UNKNOWN,楽天生命パーク宮城,unknown,low,False,False,1400195,1000154,[],[],,,,,0,light,2020-09-05 14:00:00+00:00,,UNKNOWN,,,,UNKNOWN,UNKNOWN,,UNKNOWN,,10.8,1.4,0.0,3.6,5.4,12.2,5.0,6.0,5.0,3.0,2.0,0.0,,,,5.4,1.2,3.6,0.0,0.0,2.4000000000000004,5.0,3.0,6.0,0.0,0.0,2.0,,,,True,True,UNKNOWN,False,False,,,,,,,,,,NPB,2020-09-05 14:00:00,1,,,0,
2020090506,2020-09-05 14:00:00,福岡ソフトバンクホークス,千葉ロッテマリーンズ,4.0,5.0,UNKNOWN,福岡PayPayドーム,unknown,low,False,False,1000155,1100115,[],[],,,,,0,light,2020-09-05 14:00:00+00:00,,UNKNOWN,,,,UNKNOWN,UNKNOWN,,UNKNOWN,,3.857142857142857,1.1428571428571428,7.714285714285714,1.2857142857142858,1.2857142857142858,3.7714285714285714,7.0,3.0,7.0,1.0,1.0,6.0,,,,3.8571428571428568,2.357142857142857,5.785714285714286,5.785714285714286,3.8571428571428568,9.414285714285715,4.666666666666667,2.0,8.0,2.0,3.0,3.0,,,,True,True,UNKNOWN,False,False,,,,,,,,,,NPB,2020-09-05 14:00:00,1,,,0,
2020090501,2020-09-05 18:00:00,東京ヤクルトスワローズ,中日ドラゴンズ,1.0,3.0,UNKNOWN,明治神宮野球場,unknown,low,False,False,1200098,1900025,[],[],,,,,0,light,2020-09-05 18:00:00+00:00,,UNKNOWN,,,,UNKNOWN,UNKNOWN,,UNKNOWN,,0.0,1.4117647058823528,9.529411764705882,0.0,0.0,1.0823529411764707,5.666666666666667,0.0,8.0,0.0,0.0,6.0,,,,1.6875,1.125,8.4375,0.0,0.0,1.3250000000000002,5.333333333333333,1.0,6.0,0.0,0.0,5.0,,,,True,True,UNKNOWN,False,False,,,,,,,,,,NPB,2020-09-05 18:00:00,1,,,0,
2020090502,2020-09-05 18:00:00,阪神タイガース,読売ジャイアンツ,2.0,11.0,UNKNOWN,阪神甲子園球場,unknown,low,False,False,1100038,1200062,[],[],,,,,0,light,2020-09-05 18:00:00+00:00,,UNKNOWN,,,,UNKNOWN,UNKNOWN,,UNKNOWN,,1.125,0.625,6.75,0.0,1.125,3.325,8.0,1.0,5.0,1.0,0.0,6.0,,,,13.5,3.214285714285714,11.571428571428571,11.571428571428571,0.0,4.485714285714286,4.666666666666667,7.0,9.0,0.0,6.0,6.0,,,,True,True,UNKNOWN,False,False,,,,,,,,,,NPB,2020-09-05 18:00:00,1,,,0,
2020090604,2020-09-06 13:00:00,北海道日本ハムファイターズ,埼玉西武ライオンズ,2.0,4.0,UNKNOWN,札幌ドーム,unknown,low,False,False,1800080,1900129,[],[],,,,,0,light,2020-09-06 13:00:00+00:00,,UNKNOWN,,,,UNKNOWN,UNKNOWN,,UNKNOWN,,3.0,1.6666666666666667,4.5,7.5,0.0,4.7,6.0,2.0,5.0,0.0,5.0,3.0,,,,5.142857142857143,1.1428571428571428,9.0,3.857142857142857,0.0,2.4857142857142858,7.0,4.0,5.0,0.0,3.0,7.0,,,,True,True,UNKNOWN,False,False,,,,,,,,,,NPB,2020-09-06 13:00:00,1,,,0,
2020090605,2020-09-06 13:00:00,東北楽天ゴールデンイーグルス,オリックス・バファローズ,6.0,9.0,UNKNOWN,楽天生命パーク宮城,unknown,low,False,False,1600159,1000096,[],[],,,,,0,light,2020-09-06 13:00:00+00:00,,UNKNOWN,,,,UNKNOWN,UNKNOWN,,UNKNOWN,,4.5,2.0,9.0,6.75,2.25,6.7,4.0,2.0,5.0,1.0,3.0,4.0,,,,19.285714285714285,3.8571428571428568,0.0,11.571428571428571,3.8571428571428568,12.62857142857143,2.3333333333333335,5.0,6.0,1.0,3.0,0.0,,,,True,True,UNKNOWN,False,False,,,,,,,,,,NPB,2020-09-06 13:00:00,1,,,0,
2020090606,2020-09-06 13:00:00,福岡ソフトバンクホークス,千葉ロッテマリーンズ,2.0,4.0,UNKNOWN,福岡PayPayドーム,unknown,low,False,False,1300055,1300080,[],[],,,,,0,light,2020-09-06 13:00:00+00:00,,UNKNOWN,,,,UNKNOWN,UNKNOWN,,UNKNOWN,,3.0,0.6666666666666666,9.0,0.0,0.0,1.2000000000000002,6.0,2.0,4.0,0.0,0.0,6.0,,,,5.142857142857143,1.1428571428571428,7.714285714285714,6.428571428571429,1.2857142857142858,5.485714285714286,7.0,4.0,3.0,1.0,5.0,6.0,,,,True,True,UNKNOWN,False,False,,,,,,,,,,NPB,2020-09-06 13:00:00,1,,,0,
2020090603,2020-09-06 13:30:00,広島東洋カープ,横浜DeNAベイスターズ,5.0,8.0,UNKNOWN,MAZDA Zoom-Zoom スタジアム広島,unknown,low,False,False,1600084,1700072,[],[],,,,,0,light,2020-09-06 13:30:00+00:00,,UNKNOWN,,,,UNKNOWN,UNKNOWN,,UNKNOWN,,9.0,1.4,9.0,1.8,3.6,7.0,5.0,5.0,6.0,2.0,1.0,5.0,,,,12.0,3.0,3.0,15.0,3.0,11.866666666666667,3.0,4.0,4.0,1.0,5.0,1.0,,,,True,True,UNKNOWN,False,False,,,,,,,,,,NPB,2020-09-06 13:30:00,1,,,0,
2020090601,2020-09-06 18:00:00,東京ヤクルトスワローズ,中日ドラゴンズ,10.0,3.0,UNKNOWN,明治神宮野球場,unknown,low,False,False,2000003,1200076,[],[],,,,,0,light,2020-09-06 18:00:00+00:00,,UNKNOWN,,,,UNKNOWN,UNKNOWN,,UNKNOWN,,8.4375,1.5,13.5,1.6875,0.0,0.7625000000000002,5.333333333333333,5.0,7.0,0.0,1.0,8.0,,,,1.125,0.75,4.5,2.25,0.0,2.95,8.0,1.0,4.0,0.0,2.0,4.0,,,,True,True,UNKNOWN,False,False,,,,,,,,,,NPB,2020-09-06 18:00:00,1,,,0,
2020090701,2020-09-07 18:00:00,阪神タイガース,読売ジャイアンツ,2.0,3.0,UNKNOWN,阪神甲子園球場,unknown,low,False,False,1700002,1700078,[],[],,,,,0,light,2020-09-07 18:00:00+00:00,,UNKNOWN,,,,UNKNOWN,UNKNOWN,,UNKNOWN,,0.0,0.3333333333333333,7.5,0.0,0.0,1.5333333333333334,6.0,0.0,2.0,0.0,0.0,5.0,,,,1.5,2.0,4.5,4.5,0.0,3.7,6.0,1.0,9.0,0.0,3.0,3.0,,,,True,True,UNKNOWN,False,False,,,,,,,,,,NPB,2020-09-07 18:00:00,1,,,0,
2020090801,2020-09-08 17:45:00,横浜DeNAベイスターズ,阪神タイガース,7.0,7.0,UNKNOWN,横浜スタジアム,excluded,high,False,False,1700154,1900031,[],[],,,,,0,light,2020-09-08 17:45:00+00:00,,UNKNOWN,,,,UNKNOWN,UNKNOWN,,UNKNOWN,,9.0,1.8,9.0,3.6,1.8,5.0,5.0,5.0,7.0,1.0,2.0,5.0,,,,12.6,2.2,5.4,3.6,5.4,11.0,5.0,7.0,9.0,3.0,2.0,3.0,,,,True,True,UNKNOWN,False,False,,,,,,,,,,NPB,2020-09-08 17:45:00,1,,,0,
2020090802,2020-09-08 18:00:00,中日ドラゴンズ,読売ジャイアンツ,0.0,2.0,UNKNOWN,ナゴヤドーム,unknown,low,False,False,1200041,1000138,[],[],,,,,0,light,2020-09-08 18:00:00+00:00,,UNKNOWN,,,,UNKNOWN,UNKNOWN,,UNKNOWN,,0.0,0.8571428571428571,7.714285714285714,1.2857142857142858,0.0,1.9142857142857144,7.0,0.0,5.0,0.0,1.0,6.0,,,,2.0,0.7777777777777778,5.0,1.0,0.0,2.4222222222222225,9.0,2.0,6.0,0.0,1.0,5.0,,,,True,True,UNKNOWN,False,False,,,,,,,,,,NPB,2020-09-08 18:00:00,1,,,0,
2020090803,2020-09-08 18:00:00,広島東洋カープ,東京ヤクルトスワローズ,5.0,1.0,UNKNOWN,MAZDA Zoom-Zoom スタジアム広島,unknown,low,False,False,12113,1300058,[],[],,,,,0,light,2020-09-08 18:00:00+00:00,,UNKNOWN,,,,UNKNOWN,UNKNOWN,,UNKNOWN,,3.6,1.2,1.8,1.8,0.0,3.4000000000000004,5.0,2.0,5.0,0.0,1.0,1.0,,,,0.0,1.3333333333333333,4.5,7.5,0.0,4.7,6.0,0.0,3.0,0.0,5.0,3.0,,,,True,True,UNKNOWN,False,False,,,,,,,,,,NPB,2020-09-08 18:00:00,1,,,0,
2020090804,2020-09-08 18:00:00,東北楽天ゴールデンイーグルス,福岡ソフトバンクホークス,0.0,2.0,UNKNOWN,楽天生命パーク宮城,unknown,low,False,False,1000174,900090,[],[],,,,,0,light,2020-09-08 18:00:00+00:00,,UNKNOWN,,,,UNKNOWN,UNKNOWN,,UNKNOWN,,0.0,0.75,14.625,3.375,0.0,1.0750000000000002,8.0,0.0,3.0,0.0,3.0,13.0,,,,3.6,1.4,5.4,3.6,1.8,5.800000000000001,5.0,2.0,5.0,1.0,2.0,3.0,,,,True,True,UNKNOWN,False,False,,,,,,,,,,NPB,2020-09-08 18:00:00,1,,,0,
2020090805,2020-09-08 18:00:00,埼玉西武ライオンズ,オリックス・バファローズ,2.0,0.0,UNKNOWN,メットライフドーム,unknown,low,False,False,1600153,1400182,[],[],,,,,0,light,2020-09-08 18:00:00+00:00,,UNKNOWN,,,,UNKNOWN,UNKNOWN,,UNKNOWN,,2.5714285714285716,1.0,11.571428571428571,2.5714285714285716,0.0,1.485714285714286,7.0,2.0,5.0,0.0,2.0,9.0,,,,0.0,0.2222222222222222,7.0,1.0,0.0,1.9777777777777779,9.0,0.0,1.0,0.0,1.0,7.0,,,,True,True,UNKNOWN,False,False,,,,,,,,,,NPB,2020-09-08 18:00:00,1,,,0,
2020090806,2020-09-08 18:00:00,千葉ロッテマリーンズ,北海道日本ハムファイターズ,3.0,2.0,UNKNOWN,ZOZOマリンスタジアム,unknown,low,False,False,1100099,700080,[],[],,,,,0,light,2020-09-08 18:00:00+00:00,,UNKNOWN,,,,UNKNOWN,UNKNOWN,,UNKNOWN,,2.5714285714285716,0.8571428571428571,11.571428571428571,2.5714285714285716,1.2857142857142858,3.342857142857143,7.0,2.0,4.0,1.0,2.0,9.0,,,,4.5,2.25,13.5,6.75,0.0,2.45,4.0,2.0,6.0,0.0,3.0,6.0,,,,True,True,UNKNOWN,False,False,,,,,,,,,,NPB,2020-09-08 18:00:00,1,,,0,
2020090901,2020-09-09 17:45:00,横浜DeNAベイスターズ,阪神タイガース,6.0,1.0,UNKNOWN,横浜スタジアム,unknown,low,False,False,1500090,1800043,[],[],,,,,0,light,2020-09-09 17:45:00+00:00,,UNKNOWN,,,,UNKNOWN,UNKNOWN,,UNKNOWN,,7.2,1.8,7.2,1.8,0.0,2.2,5.0,4.0,8.0,0.0,1.0,4.0,,,,1.2857142857142858,0.8571428571428571,3.857142857142857,1.2857142857142858,0.0,2.771428571428572,7.0,1.0,5.0,0.0,1.0,3.0,,,,True,True,UNKNOWN,False,False,,,,,,,,,,NPB,2020-09-09 17:45:00,1,,,0,
2020090902,2020-09-09 18:00:00,中日ドラゴンズ,読売ジャイアンツ,4.0,5.0,UNKNOWN,ナゴヤドーム,unknown,low,False,False,1300029,1900039,[],[],,,,,0,light,2020-09-09 18:00:00+00:00,,UNKNOWN,,,,UNKNOWN,UNKNOWN,,UNKNOWN,,4.764705882352941,1.4117647058823528,1.588235294117647,0.0,3.176470588235294,7.435294117647059,5.666666666666667,3.0,8.0,2.0,0.0,1.0,,,,5.0625,0.9375,3.375,1.6875,3.375,7.8875,5.333333333333333,3.0,4.0,2.0,1.0,2.0,,,,True,True,UNKNOWN,False,False,,,,,,,,,,NPB,2020-09-09 18:00:00,1,,,0,
2020090903,2020-09-09 18:00:00,広島東洋カープ,東京ヤクルトスワローズ,10.0,10.0,UNKNOWN,MAZDA Zoom-Zoom スタジアム広島,unknown,low,False,False,1200111,1100081,[],[],,,,,0,light,2020-09-09 18:00:00+00:00,,UNKNOWN,,,,UNKNOWN,UNKNOWN,,UNKNOWN,,27.0,4.285714285714286,7.7142857142857135,7.7142857142857135,0.0,4.057142857142857,2.3333333333333335,7.0,8.0,0.0,2.0,2.0,,,,10.5,2.3333333333333335,1.5,4.5,3.0,8.7,6.0,7.0,11.0,2.0,3.0,1.0,,,,True,True,UNKNOWN,False,False,,,,,,,,,,NPB,2020-09-09 18:00:00,1,,,0,
2020090904,2020-09-09 18:00:00,東北楽天ゴールデンイーグルス,福岡ソフトバンクホークス,1.0,8.0,UNKNOWN,楽天生命パーク宮城,unknown,low,False,False,20204,500014,[],[],,,,,0,light,2020-09-09 18:00:00+00:00,,UNKNOWN,,,,UNKNOWN,UNKNOWN,,UNKNOWN,,0.0,1.2352941176470587,9.529411764705882,1.588235294117647,0.0,1.6117647058823532,5.666666666666667,0.0,6.0,0.0,1.0,6.0,,,,14.4,2.0,9.0,1.8,3.6,7.0,5.0,8.0,9.0,2.0,1.0,5.0,,,,True,True,UNKNOWN,False,False,,,,,,,,,,NPB,2020-09-09 18:00:00,1,,,0,
2020090905,2020-09-09 18:00:00,埼玉西武ライオンズ,オリックス・バファローズ,13.0,5.0,UNKNOWN,メットライフドーム,unknown,low,False,False,1700109,400010,[],[],,,,,0,light,2020-09-09 18:00:00+00:00,,UNKNOWN,,,,UNKNOWN,UNKNOWN,,UNKNOWN,,36.0,5.0,4.5,13.5,9.0,19.7,2.0,8.0,7.0,2.0,3.0,1.0,,,,9.0,2.25,4.5,2.25,0.0,2.95,4.0,4.0,8.0,0.0,1.0,2.0,,,,True,True,UNKNOWN,False,False,,,,,,,,,,NPB,2020-09-09 18:00:00,1,,,0,
2020090906,2020-09-09 18:00:00,千葉ロッテマリーンズ,北海道日本ハムファイターズ,2.0,1.0,UNKNOWN,ZOZOマリンスタジアム,unknown,low,False,False,500027,1800052,[],[],,,,,0,light,2020-09-09 18:00:00+00:00,,UNKNOWN,,,,UNKNOWN,UNKNOWN,,UNKNOWN,,4.153846153846154,0.9230769230769231,8.307692307692308,0.0,0.0,1.353846153846154,4.333333333333333,2.0,4.0,0.0,0.0,4.0,,,,1.2857142857142858,1.1428571428571428,2.5714285714285716,3.857142857142857,0.0,3.9142857142857146,7.0,1.0,5.0,0.0,3.0,2.0,,,,True,True,UNKNOWN,False,False,,,,,,,,,,NPB,2020-09-09 18:00:00,1,,,0,
2020091001,2020-09-10 17:45:00,横浜DeNAベイスターズ,阪神タイガース,7.0,8.0,UNKNOWN,横浜スタジアム,excluded,high,False,False,1800068,1900125,[],[],,,,,0,light,2020-09-10 17:45:00+00:00,,UNKNOWN,,,,UNKNOWN,UNKNOWN,,UNKNOWN,,6.0,2.0,9.0,9.0,0.0,4.2,3.0,2.0,3.0,0.0,3.0,3.0,,,,11.25,2.0,6.75,0.0,2.25,4.95,4.0,5.0,8.0,1.0,0.0,3.0,,,,True,True,UNKNOWN,False,False,,,,,,,,,,NPB,2020-09-10 17:45:00,1,,,0,
2020091002,2020-09-10 18:00:00,中日ドラゴンズ,読売ジャイアンツ,2.0,2.0,UNKNOWN,ナゴヤドーム,unknown,low,False,False,1900143,1200055,[],[],,,,,0,light,2020-09-10 18:00:00+00:00,,UNKNOWN,,,,UNKNOWN,UNKNOWN,,UNKNOWN,,1.2857142857142858,1.0,7.714285714285714,1.2857142857142858,0.0,1.9142857142857144,7.0,1.0,6.0,0.0,1.0,6.0,,,,2.25,0.75,7.875,0.0,0.0,1.4500000000000002,8.0,2.0,6.0,0.0,0.0,7.0,,,,True,True,UNKNOWN,False,False,,,,,,,,,,NPB,2020-09-10 18:00:00,1,,,0,
2020091003,2020-09-10 18:00:00,広島東洋カープ,東京ヤクルトスワローズ,2.0,1.0,UNKNOWN,MAZDA Zoom-Zoom スタジアム広島,unknown,low,False,False,1500042,1900052,[],[],,,,,0,light,2020-09-10 18:00:00+00:00,,UNKNOWN,,,,UNKNOWN,UNKNOWN,,UNKNOWN,,2.25,1.75,9.0,6.75,0.0,3.45,4.0,1.0,4.0,0.0,3.0,4.0,,,,1.2857142857142858,0.8571428571428571,9.0,1.2857142857142858,1.2857142857142858,3.4857142857142858,7.0,1.0,5.0,1.0,1.0,7.0,,,,True,True,UNKNOWN,False,False,,,,,,,,,,NPB,2020-09-10 18:00:00,1,,,0,
2020091004,2020-09-10 18:00:00,東北楽天ゴールデンイーグルス,福岡ソフトバンクホークス,2.0,9.0,UNKNOWN,楽天生命パーク宮城,unknown,low,False,False,1200106,1300084,[],[],,,,,0,light,2020-09-10 18:00:00+00:00,,UNKNOWN,,,,UNKNOWN,UNKNOWN,,UNKNOWN,,3.6,2.0,9.0,7.2,1.8,6.2,5.0,2.0,6.0,1.0,4.0,5.0,,,,5.4,1.4,10.8,3.6,1.8,4.6,5.0,3.0,5.0,1.0,2.0,6.0,,,,True,True,UNKNOWN,False,False,,,,,,,,,,NPB,2020-09-10 18:00:00,1,,,0,
2020091005,2020-09-10 18:00:00,埼玉西武ライオンズ,オリックス・バファローズ,4.0,12.0,UNKNOWN,メットライフドーム,excluded,high,False,False,1500088,1600131,[],[],,,,,0,light,2020-09-10 18:00:00+00:00,,UNKNOWN,,,,UNKNOWN,UNKNOWN,,UNKNOWN,,0.0,1.6,3.6,5.4,0.0,4.2,5.0,0.0,5.0,0.0,3.0,2.0,,,,15.0,2.6666666666666665,6.0,9.0,0.0,4.866666666666667,3.0,5.0,5.0,0.0,3.0,2.0,,,,True,True,UNKNOWN,False,False,,,,,,,,,,NPB,2020-09-10 18:00:00,1,,,0,
2020091006,2020-09-10 18:00:00,千葉ロッテマリーンズ,北海道日本ハムファイターズ,3.0,5.0,UNKNOWN,ZOZOマリンスタジアム,unknown,low,False,False,1500109,1400190,[],[],,,,,0,light,2020-09-10 18:00:00+00:00,,UNKNOWN,,,,UNKNOWN,UNKNOWN,,UNKNOWN,,2.25,1.5,13.5,4.5,0.0,1.7000000000000002,4.0,1.0,4.0,0.0,2.0,6.0,,,,6.0,1.0,12.0,1.5,1.5,3.2,6.0,4.0,5.0,1.0,1.0,8.0,,,,True,True,UNKNOWN,False,False,,,,,,,,,,NPB,2020-09-10 18:00:00,1,,,0,
2020091101,2020-09-11 18:00:00,読売ジャイアンツ,東京ヤクルトスワローズ,2.0,1.0,UNKNOWN,東京ドーム,excluded,high,False,False,1800143,1800028,[],[],,,,,0,light,2020-09-11 18:00:00+00:00,,UNKNOWN,,,,UNKNOWN,UNKNOWN,,UNKNOWN,,1.5,1.0,6.0,1.5,0.0,2.3666666666666667,6.0,1.0,5.0,0.0,1.0,4.0,,,,1.2857142857142858,1.2857142857142858,9.0,5.142857142857143,1.2857142857142858,4.771428571428571,7.0,1.0,5.0,1.0,4.0,7.0,,,,True,True,UNKNOWN,False,False,2020-09-11 09:00:00+00:00,,UNKNOWN,Open-Meteo Historical Forecast,FAIL_CLOSED_NO_ISSUANCE_TIMESTAMP,28.2,76.0,0.0,5.0,NPB,2020-09-11 18:00:00,1,,,0,
2020091102,2020-09-11 18:00:00,横浜DeNAベイスターズ,中日ドラゴンズ,2.0,3.0,UNKNOWN,横浜スタジアム,unknown,low,False,False,1600106,1200050,[],[],,,,,0,light,2020-09-11 18:00:00+00:00,,UNKNOWN,,,,UNKNOWN,UNKNOWN,,UNKNOWN,,1.588235294117647,0.7058823529411764,6.352941176470588,1.588235294117647,0.0,2.3176470588235296,5.666666666666667,1.0,3.0,0.0,1.0,4.0,,,,4.5,1.5,6.0,1.5,1.5,4.533333333333333,6.0,3.0,8.0,1.0,1.0,4.0,,,,True,True,UNKNOWN,False,False,,,,,,,,,,NPB,2020-09-11 18:00:00,1,,,0,
2020091103,2020-09-11 18:00:00,阪神タイガース,広島東洋カープ,4.0,0.0,UNKNOWN,阪神甲子園球場,excluded,high,False,False,1600123,900062,[],[],,,,,0,light,2020-09-11 18:00:00+00:00,,UNKNOWN,,,,UNKNOWN,UNKNOWN,,UNKNOWN,,1.8,1.6,0.0,5.4,0.0,5.0,5.0,1.0,5.0,0.0,3.0,0.0,,,,0.0,0.4444444444444444,7.0,0.0,0.0,1.6444444444444446,9.0,0.0,4.0,0.0,0.0,7.0,,,,True,True,UNKNOWN,False,False,,,,,,,,,,NPB,2020-09-11 18:00:00,1,,,0,
2020091104,2020-09-11 18:00:00,東北楽天ゴールデンイーグルス,北海道日本ハムファイターズ,5.0,4.0,UNKNOWN,楽天生命パーク宮城,excluded,high,False,False,1800090,1600005,[],[],,,,,0,light,2020-09-11 18:00:00+00:00,,UNKNOWN,,,,UNKNOWN,UNKNOWN,,UNKNOWN,,3.6,1.6,5.4,7.2,0.0,4.4,5.0,2.0,4.0,0.0,4.0,3.0,,,,3.0,1.3333333333333333,4.5,3.0,0.0,3.2,6.0,2.0,6.0,0.0,2.0,3.0,,,,True,True,UNKNOWN,False,False,,,,,,,,,,NPB,2020-09-11 18:00:00,1,,,0,
2020091105,2020-09-11 18:00:00,千葉ロッテマリーンズ,オリックス・バファローズ,2.0,0.0,UNKNOWN,ZOZOマリンスタジアム,unknown,low,False,False,1600150,1800054,[],[],,,,,0,light,2020-09-11 18:00:00+00:00,,UNKNOWN,,,,UNKNOWN,UNKNOWN,,UNKNOWN,,0.0,1.0,10.5,4.5,0.0,2.3666666666666667,6.0,0.0,3.0,0.0,3.0,7.0,,,,0.0,0.42857142857142855,1.2857142857142858,2.5714285714285716,0.0,3.7714285714285714,7.0,0.0,1.0,0.0,2.0,1.0,,,,True,True,UNKNOWN,False,False,,,,,,,,,,NPB,2020-09-11 18:00:00,1,,,0,
2020091106,2020-09-11 18:00:00,福岡ソフトバンクホークス,埼玉西武ライオンズ,4.0,2.0,UNKNOWN,福岡PayPayドーム,unknown,low,False,False,1800022,1900153,[],[],,,,,0,light,2020-09-11 18:00:00+00:00,,UNKNOWN,,,,UNKNOWN,UNKNOWN,,UNKNOWN,,3.857142857142857,1.0,7.714285714285714,0.0,1.2857142857142858,3.342857142857143,7.0,3.0,7.0,1.0,0.0,6.0,,,,2.5714285714285716,0.7142857142857143,11.571428571428571,2.5714285714285716,1.2857142857142858,3.342857142857143,7.0,2.0,3.0,1.0,2.0,9.0,,,,True,True,UNKNOWN,False,False,,,,,,,,,,NPB,2020-09-11 18:00:00,1,,,0,
2020091203,2020-09-12 14:00:00,阪神タイガース,広島東洋カープ,3.0,1.0,UNKNOWN,阪神甲子園球場,unknown,low,False,False,1700072,900425,[],[],,,,,0,light,2020-09-12 14:00:00+00:00,,UNKNOWN,,,,UNKNOWN,UNKNOWN,,UNKNOWN,,5.785714285714286,1.7142857142857142,5.785714285714286,5.785714285714286,1.9285714285714284,6.628571428571428,4.666666666666667,3.0,5.0,1.0,3.0,3.0,,,,1.2857142857142858,1.0,2.5714285714285716,2.5714285714285716,0.0,3.4857142857142858,7.0,1.0,5.0,0.0,2.0,2.0,,,,True,True,UNKNOWN,False,False,,,,,,,,,,NPB,2020-09-12 14:00:00,1,,,0,
2020091202,2020-09-12 17:00:00,横浜DeNAベイスターズ,中日ドラゴンズ,7.0,3.0,UNKNOWN,横浜スタジアム,unknown,low,False,False,1200098,1600081,[],[],,,,,0,light,2020-09-12 17:00:00+00:00,,UNKNOWN,,,,UNKNOWN,UNKNOWN,,UNKNOWN,,13.5,2.25,10.125,0.0,3.375,5.825,2.6666666666666665,4.0,6.0,1.0,0.0,3.0,,,,1.8,1.6,7.2,7.2,0.0,4.0,5.0,1.0,4.0,0.0,4.0,4.0,,,,True,True,UNKNOWN,False,False,,,,,,,,,,NPB,2020-09-12 17:00:00,1,,,0,
2020091201,2020-09-12 18:00:00,読売ジャイアンツ,東京ヤクルトスワローズ,5.0,4.0,UNKNOWN,東京ドーム,unknown,low,False,False,1900025,1100038,[],[],,,,,0,light,2020-09-12 18:00:00+00:00,,UNKNOWN,,,,UNKNOWN,UNKNOWN,,UNKNOWN,,6.75,2.25,4.5,11.25,2.25,9.2,4.0,3.0,4.0,1.0,5.0,2.0,,,,6.75,1.5,13.5,3.375,3.375,6.2,5.333333333333333,4.0,6.0,2.0,2.0,8.0,,,,True,True,UNKNOWN,False,False,2020-09-12 09:00:00+00:00,,UNKNOWN,Open-Meteo Historical Forecast,FAIL_CLOSED_NO_ISSUANCE_TIMESTAMP,24.2,88.0,0.0,8.7,NPB,2020-09-12 18:00:00,1,,,0,
2020091206,2020-09-12 18:00:00,福岡ソフトバンクホークス,埼玉西武ライオンズ,8.0,4.0,UNKNOWN,福岡PayPayドーム,unknown,low,False,False,1900141,1100115,[],[],,,,,0,light,2020-09-12 18:00:00+00:00,,UNKNOWN,,,,UNKNOWN,UNKNOWN,,UNKNOWN,,21.0,3.3333333333333335,9.0,6.0,3.0,7.533333333333333,3.0,7.0,8.0,1.0,2.0,3.0,,,,4.05,1.05,9.45,0.0,4.05,6.95,6.666666666666667,3.0,7.0,3.0,0.0,7.0,,,,True,True,UNKNOWN,False,False,,,,,,,,,,NPB,2020-09-12 18:00:00,1,,,0,
2020091304,2020-09-13 13:00:00,東北楽天ゴールデンイーグルス,北海道日本ハムファイターズ,14.0,6.0,UNKNOWN,楽天生命パーク宮城,unknown,low,False,False,1400117,700065,[],[],,,,,0,light,2020-09-13 13:00:00+00:00,,UNKNOWN,,,,UNKNOWN,UNKNOWN,,UNKNOWN,,34.714285714285715,4.285714285714286,11.571428571428571,7.7142857142857135,3.8571428571428568,8.771428571428572,2.3333333333333335,9.0,8.0,1.0,2.0,3.0,,,,16.2,3.3,5.3999999999999995,10.799999999999999,2.6999999999999997,9.5,3.3333333333333335,6.0,7.0,1.0,4.0,2.0,,,,True,True,UNKNOWN,False,False,,,,,,,,,,NPB,2020-09-13 13:00:00,1,,,0,
2020091306,2020-09-13 13:00:00,福岡ソフトバンクホークス,埼玉西武ライオンズ,0.0,1.0,UNKNOWN,福岡PayPayドーム,unknown,low,False,False,1800080,1300080,[],[],,,,,0,light,2020-09-13 13:00:00+00:00,,UNKNOWN,,,,UNKNOWN,UNKNOWN,,UNKNOWN,,0.0,1.2857142857142858,7.714285714285714,2.5714285714285716,0.0,2.342857142857143,7.0,0.0,7.0,0.0,2.0,6.0,,,,1.0,0.6666666666666666,6.0,2.0,1.0,3.977777777777778,9.0,1.0,4.0,1.0,2.0,6.0,,,,True,True,UNKNOWN,False,False,,,,,,,,,,NPB,2020-09-13 13:00:00,1,,,0,
2020091301,2020-09-13 14:00:00,読売ジャイアンツ,東京ヤクルトスワローズ,3.0,1.0,UNKNOWN,東京ドーム,unknown,low,False,False,1200076,1700002,[],[],,,,,0,light,2020-09-13 14:00:00+00:00,,UNKNOWN,,,,UNKNOWN,UNKNOWN,,UNKNOWN,,4.5,1.5,12.0,3.0,3.0,5.866666666666667,6.0,3.0,7.0,2.0,2.0,8.0,,,,1.6875,1.125,5.0625,3.375,0.0,3.2,5.333333333333333,1.0,4.0,0.0,2.0,3.0,,,,True,True,UNKNOWN,False,False,2020-09-13 05:00:00+00:00,,UNKNOWN,Open-Meteo Historical Forecast,FAIL_CLOSED_NO_ISSUANCE_TIMESTAMP,27.9,64.0,0.0,5.7,NPB,2020-09-13 14:00:00,1,,,0,
2020091303,2020-09-13 14:00:00,阪神タイガース,広島東洋カープ,7.0,6.0,UNKNOWN,阪神甲子園球場,unknown,low,False,False,1400174,1200062,[],[],,,,,0,light,2020-09-13 14:00:00+00:00,,UNKNOWN,,,,UNKNOWN,UNKNOWN,,UNKNOWN,,15.428571428571427,3.0,3.8571428571428568,11.571428571428571,0.0,6.2,2.3333333333333335,4.0,4.0,0.0,3.0,1.0,,,,13.5,2.1,5.3999999999999995,5.3999999999999995,2.6999999999999997,7.7,3.3333333333333335,5.0,5.0,1.0,2.0,2.0,,,,True,True,UNKNOWN,False,False,,,,,,,,,,NPB,2020-09-13 14:00:00,1,,,0,
2020091302,2020-09-13 17:00:00,横浜DeNAベイスターズ,中日ドラゴンズ,2.0,3.0,UNKNOWN,横浜スタジアム,excluded,high,False,False,600078,1800045,[],[],,,,,0,light,2020-09-13 17:00:00+00:00,,UNKNOWN,,,,UNKNOWN,UNKNOWN,,UNKNOWN,,4.153846153846154,1.6153846153846154,4.153846153846154,2.076923076923077,2.076923076923077,5.969230769230769,4.333333333333333,2.0,6.0,1.0,1.0,2.0,,,,4.5,1.3333333333333333,4.5,1.5,1.5,4.866666666666667,6.0,3.0,7.0,1.0,1.0,3.0,,,,True,True,UNKNOWN,False,False,,,,,,,,,,NPB,2020-09-13 17:00:00,1,,,0,
2020091305,2020-09-13 17:00:00,千葉ロッテマリーンズ,オリックス・バファローズ,9.0,2.0,UNKNOWN,ZOZOマリンスタジアム,unknown,low,False,False,1600159,1000155,[],[],,,,,0,light,2020-09-13 17:00:00+00:00,,UNKNOWN,,,,UNKNOWN,UNKNOWN,,UNKNOWN,,3.6,1.2,10.8,7.2,0.0,3.2,5.0,2.0,2.0,0.0,4.0,6.0,,,,2.5714285714285716,1.1428571428571428,9.0,0.0,0.0,1.2000000000000002,7.0,2.0,8.0,0.0,0.0,7.0,,,,True,True,UNKNOWN,False,False,,,,,,,,,,NPB,2020-09-13 17:00:00,1,,,0,
2020091401,2020-09-14 17:00:00,東北楽天ゴールデンイーグルス,北海道日本ハムファイターズ,1.0,2.0,UNKNOWN,楽天生命パーク宮城,unknown,low,False,False,1900129,1000154,[],[],,,,,0,light,2020-09-14 17:00:00+00:00,,UNKNOWN,,,,UNKNOWN,UNKNOWN,,UNKNOWN,,0.0,0.375,10.125,2.25,0.0,1.7000000000000002,8.0,0.0,1.0,0.0,2.0,9.0,,,,3.0,0.8333333333333334,7.5,0.0,1.5,3.7,6.0,2.0,5.0,1.0,0.0,5.0,,,,True,True,UNKNOWN,False,False,,,,,,,,,,NPB,2020-09-14 17:00:00,1,,,0,
2020091402,2020-09-14 18:00:00,千葉ロッテマリーンズ,オリックス・バファローズ,5.0,0.0,UNKNOWN,ZOZOマリンスタジアム,unknown,low,False,False,1700150,1300055,[],[],,,,,0,light,2020-09-14 18:00:00+00:00,,UNKNOWN,,,,UNKNOWN,UNKNOWN,,UNKNOWN,,9.0,2.2,3.6,7.2,5.4,12.600000000000001,5.0,5.0,7.0,3.0,4.0,2.0,,,,0.0,0.3333333333333333,3.0,0.0,0.0,2.5333333333333337,9.0,0.0,3.0,0.0,0.0,3.0,,,,True,True,UNKNOWN,False,False,,,,,,,,,,NPB,2020-09-14 18:00:00,1,,,0,
2020091501,2020-09-15 18:00:00,読売ジャイアンツ,阪神タイガース,6.0,3.0,UNKNOWN,東京ドーム,unknown,low,False,False,1700078,1200041,[],[],,,,,0,light,2020-09-15 18:00:00+00:00,,UNKNOWN,,,,UNKNOWN,UNKNOWN,,UNKNOWN,,9.0,1.8,10.8,0.0,0.0,0.8000000000000003,5.0,5.0,9.0,0.0,0.0,6.0,,,,4.5,1.3333333333333333,7.5,1.5,3.0,6.366666666666667,6.0,3.0,7.0,2.0,1.0,5.0,,,,True,True,UNKNOWN,False,False,2020-09-15 09:00:00+00:00,,UNKNOWN,Open-Meteo Historical Forecast,FAIL_CLOSED_NO_ISSUANCE_TIMESTAMP,25.0,70.0,0.0,5.8,NPB,2020-09-15 18:00:00,1,,,0,
2020091502,2020-09-15 18:00:00,東京ヤクルトスワローズ,横浜DeNAベイスターズ,3.0,8.0,UNKNOWN,明治神宮野球場,unknown,low,False,False,1900031,12113,[],[],,,,,0,light,2020-09-15 18:00:00+00:00,,UNKNOWN,,,,UNKNOWN,UNKNOWN,,UNKNOWN,,5.0625,1.3125,3.375,5.0625,1.6875,6.575,5.333333333333333,3.0,4.0,1.0,3.0,2.0,,,,9.0,1.5,0.0,2.25,2.25,7.2,4.0,4.0,5.0,1.0,1.0,0.0,,,,True,True,UNKNOWN,False,False,,,,,,,,,,NPB,2020-09-15 18:00:00,1,,,0,
2020091503,2020-09-15 18:00:00,広島東洋カープ,中日ドラゴンズ,6.0,3.0,UNKNOWN,MAZDA Zoom-Zoom スタジアム広島,unknown,low,False,False,1000138,1300058,[],[],,,,,0,light,2020-09-15 18:00:00+00:00,,UNKNOWN,,,,UNKNOWN,UNKNOWN,,UNKNOWN,,9.0,1.5,13.5,2.25,2.25,4.2,4.0,4.0,5.0,1.0,1.0,6.0,,,,1.5,1.0,6.0,4.5,1.5,5.533333333333333,6.0,1.0,3.0,1.0,3.0,4.0,,,,True,True,UNKNOWN,False,False,,,,,,,,,,NPB,2020-09-15 18:00:00,1,,,0,
2020091504,2020-09-15 18:00:00,北海道日本ハムファイターズ,福岡ソフトバンクホークス,3.0,2.0,UNKNOWN,札幌ドーム,unknown,low,False,False,1000174,1100099,[],[],,,,,0,light,2020-09-15 18:00:00+00:00,,UNKNOWN,,,,UNKNOWN,UNKNOWN,,UNKNOWN,,3.375,1.875,13.5,6.75,0.0,2.45,8.0,3.0,9.0,0.0,6.0,12.0,,,,0.0,0.625,6.75,1.125,0.0,2.075,8.0,0.0,4.0,0.0,1.0,6.0,,,,True,True,UNKNOWN,False,False,,,,,,,,,,NPB,2020-09-15 18:00:00,1,,,0,
2020091505,2020-09-15 18:00:00,埼玉西武ライオンズ,千葉ロッテマリーンズ,4.0,3.0,UNKNOWN,メットライフドーム,unknown,low,False,False,1300050,1400182,[],[],,,,,0,light,2020-09-15 18:00:00+00:00,,UNKNOWN,,,,UNKNOWN,UNKNOWN,,UNKNOWN,,3.681818181818182,0.9545454545454546,6.136363636363637,1.2272727272727273,1.2272727272727273,4.0181818181818185,7.333333333333333,3.0,6.0,1.0,1.0,5.0,,,,2.5714285714285716,1.2857142857142858,10.285714285714286,2.5714285714285716,0.0,1.7714285714285716,7.0,2.0,7.0,0.0,2.0,8.0,,,,True,True,UNKNOWN,False,False,,,,,,,,,,NPB,2020-09-15 18:00:00,1,,,0,
2020091506,2020-09-15 18:00:00,オリックス・バファローズ,東北楽天ゴールデンイーグルス,5.0,1.0,UNKNOWN,ほっともっとフィールド神戸,unknown,low,False,False,900090,1600153,[],[],,,,,0,light,2020-09-15 18:00:00+00:00,,UNKNOWN,,,,UNKNOWN,UNKNOWN,,UNKNOWN,,10.384615384615385,1.6153846153846154,2.076923076923077,2.076923076923077,4.153846153846154,9.430769230769231,4.333333333333333,5.0,6.0,2.0,1.0,1.0,,,,1.125,0.625,10.125,2.25,1.125,3.325,8.0,1.0,3.0,1.0,2.0,9.0,,,,True,True,UNKNOWN,False,False,,,,,,,,,,NPB,2020-09-15 18:00:00,1,,,0,
2020091601,2020-09-16 18:00:00,読売ジャイアンツ,阪神タイガース,7.0,6.0,UNKNOWN,東京ドーム,unknown,low,False,False,1500090,1300029,[],[],,,,,0,light,2020-09-16 18:00:00+00:00,,UNKNOWN,,,,UNKNOWN,UNKNOWN,,UNKNOWN,,11.25,2.75,2.25,11.25,2.25,9.7,4.0,5.0,6.0,1.0,5.0,1.0,,,,4.909090909090909,0.5454545454545455,6.136363636363637,0.0,0.0,1.8363636363636364,7.333333333333333,4.0,4.0,0.0,0.0,5.0,,,,True,True,UNKNOWN,False,False,2020-09-16 09:00:00+00:00,,UNKNOWN,Open-Meteo Historical Forecast,FAIL_CLOSED_NO_ISSUANCE_TIMESTAMP,24.2,76.0,0.0,3.5,NPB,2020-09-16 18:00:00,1,,,0,
2020091602,2020-09-16 18:00:00,東京ヤクルトスワローズ,横浜DeNAベイスターズ,3.0,2.0,UNKNOWN,明治神宮野球場,excluded,high,False,False,1800043,1100076,[],[],,,,,0,light,2020-09-16 18:00:00+00:00,,UNKNOWN,,,,UNKNOWN,UNKNOWN,,UNKNOWN,,1.5,0.5,6.0,0.0,1.5,4.033333333333333,6.0,1.0,3.0,1.0,0.0,4.0,,,,3.6,2.0,1.8,3.6,0.0,4.0,5.0,2.0,8.0,0.0,2.0,1.0,,,,True,True,UNKNOWN,False,False,,,,,,,,,,NPB,2020-09-16 18:00:00,1,,,0,
2020091603,2020-09-16 18:00:00,広島東洋カープ,中日ドラゴンズ,9.0,2.0,UNKNOWN,MAZDA Zoom-Zoom スタジアム広島,unknown,low,False,False,1900039,1100081,[],[],,,,,0,light,2020-09-16 18:00:00+00:00,,UNKNOWN,,,,UNKNOWN,UNKNOWN,,UNKNOWN,,7.2,1.4,9.0,1.8,3.6,7.0,5.0,4.0,6.0,2.0,1.0,5.0,,,,3.176470588235294,1.7647058823529411,0.0,3.176470588235294,0.0,4.258823529411765,5.666666666666667,2.0,8.0,0.0,2.0,0.0,,,,True,True,UNKNOWN,False,False,,,,,,,,,,NPB,2020-09-16 18:00:00,1,,,0,
2020091604,2020-09-16 18:00:00,北海道日本ハムファイターズ,福岡ソフトバンクホークス,4.0,5.0,UNKNOWN,札幌ドーム,unknown,low,False,False,900100,1300094,[],[],,,,,0,light,2020-09-16 18:00:00+00:00,,UNKNOWN,,,,UNKNOWN,UNKNOWN,,UNKNOWN,,2.076923076923077,2.307692307692308,4.153846153846154,4.153846153846154,0.0,3.661538461538462,4.333333333333333,1.0,8.0,0.0,2.0,2.0,,,,1.5,1.0,9.0,4.5,0.0,2.7,6.0,1.0,3.0,0.0,3.0,6.0,,,,True,True,UNKNOWN,False,False,,,,,,,,,,NPB,2020-09-16 18:00:00,1,,,0,
2020091605,2020-09-16 18:00:00,埼玉西武ライオンズ,千葉ロッテマリーンズ,3.0,1.0,UNKNOWN,メットライフドーム,unknown,low,False,False,1800052,1900062,[],[],,,,,0,light,2020-09-16 18:00:00+00:00,,UNKNOWN,,,,UNKNOWN,UNKNOWN,,UNKNOWN,,5.785714285714286,1.7142857142857142,7.7142857142857135,1.9285714285714284,1.9285714285714284,4.914285714285715,4.666666666666667,3.0,7.0,1.0,1.0,4.0,,,,1.5,0.6666666666666666,4.5,0.0,0.0,2.2,6.0,1.0,4.0,0.0,0.0,3.0,,,,True,True,UNKNOWN,False,False,,,,,,,,,,NPB,2020-09-16 18:00:00,1,,,0,
2020091606,2020-09-16 18:00:00,オリックス・バファローズ,東北楽天ゴールデンイーグルス,2.0,0.0,UNKNOWN,ほっともっとフィールド神戸,unknown,low,False,False,500014,1700109,[],[],,,,,0,light,2020-09-16 18:00:00+00:00,,UNKNOWN,,,,UNKNOWN,UNKNOWN,,UNKNOWN,,1.5,1.0,6.0,3.0,1.5,5.033333333333333,6.0,1.0,4.0,1.0,2.0,4.0,,,,0.0,0.3333333333333333,8.0,1.0,0.0,1.7555555555555558,9.0,0.0,2.0,0.0,1.0,8.0,,,,True,True,UNKNOWN,False,False,,,,,,,,,,NPB,2020-09-16 18:00:00,1,,,0,
2020091701,2020-09-17 18:00:00,読売ジャイアンツ,阪神タイガース,0.0,11.0,UNKNOWN,東京ドーム,unknown,low,False,False,900062,1900143,[],[],,,,,0,light,2020-09-17 18:00:00+00:00,,UNKNOWN,,,,UNKNOWN,UNKNOWN,,UNKNOWN,,0.0,0.4444444444444444,3.0,0.0,0.0,2.5333333333333337,9.0,0.0,4.0,0.0,0.0,3.0,,,,5.4,2.6,3.6,10.8,1.8,8.600000000000001,5.0,3.0,7.0,1.0,6.0,2.0,,,,True,True,UNKNOWN,False,False,2020-09-17 09:00:00+00:00,,UNKNOWN,Open-Meteo Historical Forecast,FAIL_CLOSED_NO_ISSUANCE_TIMESTAMP,26.2,76.0,0.0,5.8,NPB,2020-09-17 18:00:00,1,,,0,
2020091702,2020-09-17 18:00:00,東京ヤクルトスワローズ,横浜DeNAベイスターズ,9.0,0.0,UNKNOWN,明治神宮野球場,unknown,low,False,False,1900125,1300045,[],[],,,,,0,light,2020-09-17 18:00:00+00:00,,UNKNOWN,,,,UNKNOWN,UNKNOWN,,UNKNOWN,,6.230769230769231,2.307692307692308,4.153846153846154,8.307692307692308,2.076923076923077,8.046153846153846,4.333333333333333,3.0,6.0,1.0,4.0,2.0,,,,0.0,1.4,7.2,7.2,0.0,4.0,5.0,0.0,3.0,0.0,4.0,4.0,,,,True,True,UNKNOWN,False,False,,,,,,,,,,NPB,2020-09-17 18:00:00,1,,,0,
2020091704,2020-09-17 18:00:00,北海道日本ハムファイターズ,福岡ソフトバンクホークス,1.0,2.0,UNKNOWN,札幌ドーム,unknown,low,False,False,1200106,1500109,[],[],,,,,0,light,2020-09-17 18:00:00+00:00,,UNKNOWN,,,,UNKNOWN,UNKNOWN,,UNKNOWN,,0.0,0.75,4.5,0.0,0.0,2.2,8.0,0.0,6.0,0.0,0.0,4.0,,,,1.0799999999999998,0.96,3.2399999999999998,3.2399999999999998,0.0,3.56,8.333333333333334,1.0,5.0,0.0,3.0,3.0,,,,True,True,UNKNOWN,False,False,,,,,,,,,,NPB,2020-09-17 18:00:00,1,,,0,
2020091705,2020-09-17 18:00:00,埼玉西武ライオンズ,千葉ロッテマリーンズ,1.0,8.0,UNKNOWN,メットライフドーム,excluded,high,False,False,1400190,400010,[],[],,,,,0,light,2020-09-17 18:00:00+00:00,,UNKNOWN,,,,UNKNOWN,UNKNOWN,,UNKNOWN,,1.125,0.625,5.625,1.125,0.0,2.325,8.0,1.0,4.0,0.0,1.0,5.0,,,,4.5,1.75,0.0,4.5,2.25,7.95,4.0,2.0,5.0,1.0,2.0,0.0,,,,True,True,UNKNOWN,False,False,,,,,,,,,,NPB,2020-09-17 18:00:00,1,,,0,
2020091706,2020-09-17 18:00:00,オリックス・バファローズ,東北楽天ゴールデンイーグルス,4.0,5.0,UNKNOWN,ほっともっとフィールド神戸,unknown,low,False,False,1300084,1000027,[],[],,,,,0,light,2020-09-17 18:00:00+00:00,,UNKNOWN,,,,UNKNOWN,UNKNOWN,,UNKNOWN,,3.6,2.0,5.4,3.6,0.0,3.2,5.0,2.0,8.0,0.0,2.0,3.0,,,,6.75,2.0,9.0,6.75,2.25,6.7,4.0,3.0,5.0,1.0,3.0,4.0,,,,True,True,UNKNOWN,False,False,,,,,,,,,,NPB,2020-09-17 18:00:00,1,,,0,
2020091801,2020-09-18 18:00:00,東京ヤクルトスワローズ,広島東洋カープ,14.0,5.0,UNKNOWN,明治神宮野球場,unknown,low,False,False,1600123,1800143,[],[],,,,,0,light,2020-09-18 18:00:00+00:00,,UNKNOWN,,,,UNKNOWN,UNKNOWN,,UNKNOWN,,16.615384615384617,2.5384615384615388,8.307692307692308,2.076923076923077,4.153846153846154,8.046153846153846,4.333333333333333,8.0,10.0,2.0,1.0,4.0,,,,6.0,1.1666666666666667,10.5,0.0,1.5,3.0333333333333337,6.0,4.0,7.0,1.0,0.0,7.0,,,,True,True,UNKNOWN,False,False,,,,,,,,,,NPB,2020-09-18 18:00:00,1,,,0,
2020091802,2020-09-18 18:00:00,横浜DeNAベイスターズ,読売ジャイアンツ,6.0,0.0,UNKNOWN,横浜スタジアム,unknown,low,False,False,1800028,1200050,[],[],,,,,0,light,2020-09-18 18:00:00+00:00,,UNKNOWN,,,,UNKNOWN,UNKNOWN,,UNKNOWN,,10.8,1.8,9.0,1.8,3.6,7.0,5.0,6.0,8.0,2.0,1.0,5.0,,,,0.0,0.6666666666666666,7.5,3.0,0.0,2.5333333333333337,6.0,0.0,2.0,0.0,2.0,5.0,,,,True,True,UNKNOWN,False,False,,,,,,,,,,NPB,2020-09-18 18:00:00,1,,,0,
2020091803,2020-09-18 18:00:00,中日ドラゴンズ,阪神タイガース,4.0,8.0,UNKNOWN,ナゴヤドーム,unknown,low,False,False,1700154,1600106,[],[],,,,,0,light,2020-09-18 18:00:00+00:00,,UNKNOWN,,,,UNKNOWN,UNKNOWN,,UNKNOWN,,7.363636363636364,2.4545454545454546,2.4545454545454546,7.363636363636364,0.0,5.109090909090909,3.6666666666666665,3.0,6.0,0.0,3.0,1.0,,,,9.0,1.4,14.4,5.4,3.6,7.0,5.0,5.0,4.0,2.0,3.0,8.0,,,,True,True,UNKNOWN,False,False,,,,,,,,,,NPB,2020-09-18 18:00:00,1,,,0,
2020091804,2020-09-18 18:00:00,北海道日本ハムファイターズ,千葉ロッテマリーンズ,7.0,3.0,UNKNOWN,札幌ドーム,unknown,low,False,False,1800054,1800002,[],[],,,,,0,light,2020-09-18 18:00:00+00:00,,UNKNOWN,,,,UNKNOWN,UNKNOWN,,UNKNOWN,,12.272727272727273,2.181818181818182,4.909090909090909,4.909090909090909,0.0,3.7454545454545456,3.6666666666666665,5.0,6.0,0.0,2.0,2.0,,,,9.0,2.0,9.0,6.0,0.0,3.2,3.0,3.0,4.0,0.0,2.0,3.0,,,,True,True,UNKNOWN,False,False,,,,,,,,,,NPB,2020-09-18 18:00:00,1,,,0,
2020091805,2020-09-18 18:00:00,オリックス・バファローズ,埼玉西武ライオンズ,8.0,2.0,UNKNOWN,京セラドーム大阪,unknown,low,False,False,1800022,1600150,[],[],,,,,0,light,2020-09-18 18:00:00+00:00,,UNKNOWN,,,,UNKNOWN,UNKNOWN,,UNKNOWN,,18.0,3.3333333333333335,3.0,3.0,3.0,7.866666666666667,3.0,6.0,9.0,1.0,1.0,1.0,,,,3.0,1.5,9.0,1.5,1.5,3.8666666666666667,6.0,2.0,8.0,1.0,1.0,6.0,,,,True,True,UNKNOWN,False,False,,,,,,,,,,NPB,2020-09-18 18:00:00,1,,,0,
2020091806,2020-09-18 18:00:00,福岡ソフトバンクホークス,東北楽天ゴールデンイーグルス,9.0,3.0,UNKNOWN,福岡PayPayドーム,unknown,low,False,False,1600005,1900153,[],[],,,,,0,light,2020-09-18 18:00:00+00:00,,UNKNOWN,,,,UNKNOWN,UNKNOWN,,UNKNOWN,,3.6,1.6,1.8,3.6,0.0,4.0,5.0,2.0,6.0,0.0,2.0,1.0,,,,2.8421052631578947,1.105263157894737,8.526315789473685,2.8421052631578947,1.4210526315789473,4.305263157894737,6.333333333333333,2.0,5.0,1.0,2.0,6.0,,,,True,True,UNKNOWN,False,False,,,,,,,,,,NPB,2020-09-18 18:00:00,1,,,0,
2020091902,2020-09-19 14:00:00,横浜DeNAベイスターズ,読売ジャイアンツ,7.0,1.0,UNKNOWN,横浜スタジアム,unknown,low,False,False,1100038,1600081,[],[],,,,,0,light,2020-09-19 14:00:00+00:00,,UNKNOWN,,,,UNKNOWN,UNKNOWN,,UNKNOWN,,3.6,0.6,14.4,0.0,3.6,5.2,5.0,2.0,3.0,2.0,0.0,8.0,,,,1.588235294117647,0.7058823529411764,7.941176470588235,3.176470588235294,0.0,2.4941176470588236,5.666666666666667,1.0,2.0,0.0,2.0,5.0,,,,True,True,UNKNOWN,False,False,,,,,,,,,,NPB,2020-09-19 14:00:00,1,,,0,
2020091903,2020-09-19 14:00:00,中日ドラゴンズ,阪神タイガース,4.0,1.0,UNKNOWN,ナゴヤドーム,unknown,low,False,False,900425,1200055,[],[],,,,,0,light,2020-09-19 14:00:00+00:00,,UNKNOWN,,,,UNKNOWN,UNKNOWN,,UNKNOWN,,0.0,0.7142857142857143,5.142857142857143,0.0,1.2857142857142858,3.9142857142857146,7.0,0.0,5.0,1.0,0.0,4.0,,,,0.0,0.6,6.75,0.0,0.0,1.7000000000000002,6.666666666666667,0.0,4.0,0.0,0.0,5.0,,,,True,True,UNKNOWN,False,False,,,,,,,,,,NPB,2020-09-19 14:00:00,1,,,0,
2020091904,2020-09-19 14:00:00,北海道日本ハムファイターズ,千葉ロッテマリーンズ,3.0,1.0,UNKNOWN,札幌ドーム,excluded,high,False,False,1400169,1400117,[],[],,,,,0,light,2020-09-19 14:00:00+00:00,,UNKNOWN,,,,UNKNOWN,UNKNOWN,,UNKNOWN,,3.0,1.6666666666666667,15.0,15.0,0.0,4.866666666666667,3.0,1.0,0.0,0.0,5.0,5.0,,,,0.0,0.875,5.625,2.25,0.0,2.7,8.0,0.0,5.0,0.0,2.0,5.0,,,,True,True,UNKNOWN,False,False,,,,,,,,,,NPB,2020-09-19 14:00:00,1,,,0,
2020091906,2020-09-19 14:00:00,福岡ソフトバンクホークス,東北楽天ゴールデンイーグルス,1.0,3.0,UNKNOWN,福岡PayPayドーム,excluded,high,False,False,1900117,1400129,[],[],,,,,0,light,2020-09-19 14:00:00+00:00,,UNKNOWN,,,,UNKNOWN,UNKNOWN,,UNKNOWN,,1.6875,1.125,1.6875,1.6875,0.0,3.3875,5.333333333333333,1.0,5.0,0.0,1.0,1.0,,,,2.6999999999999997,2.4,13.5,10.799999999999999,0.0,3.8000000000000003,3.3333333333333335,1.0,4.0,0.0,4.0,5.0,,,,True,True,UNKNOWN,False,False,,,,,,,,,,NPB,2020-09-19 14:00:00,1,,,0,
2020091905,2020-09-19 18:00:00,オリックス・バファローズ,埼玉西武ライオンズ,6.0,3.0,UNKNOWN,京セラドーム大阪,unknown,low,False,False,1900141,1400195,[],[],,,,,0,light,2020-09-19 18:00:00+00:00,,UNKNOWN,,,,UNKNOWN,UNKNOWN,,UNKNOWN,,6.75,1.5,3.375,8.4375,0.0,5.2625,5.333333333333333,4.0,3.0,0.0,5.0,2.0,,,,1.2857142857142858,0.7142857142857143,3.857142857142857,1.2857142857142858,0.0,2.771428571428572,7.0,1.0,4.0,0.0,1.0,3.0,,,,True,True,UNKNOWN,False,False,,,,,,,,,,NPB,2020-09-19 18:00:00,1,,,0,
2020091901,2020-09-19 18:30:00,東京ヤクルトスワローズ,広島東洋カープ,2.0,3.0,UNKNOWN,明治神宮野球場,unknown,low,False,False,1900052,1900025,[],[],,,,,0,light,2020-09-19 18:30:00+00:00,,UNKNOWN,,,,UNKNOWN,UNKNOWN,,UNKNOWN,,2.5714285714285716,0.8571428571428571,11.571428571428571,2.5714285714285716,1.2857142857142858,3.342857142857143,7.0,2.0,4.0,1.0,2.0,9.0,,,,1.8,1.6,5.4,5.4,0.0,3.8000000000000003,5.0,1.0,5.0,0.0,3.0,3.0,,,,True,True,UNKNOWN,False,False,,,,,,,,,,NPB,2020-09-19 18:30:00,1,,,0,
2020092005,2020-09-20 13:00:00,オリックス・バファローズ,埼玉西武ライオンズ,4.0,5.0,UNKNOWN,京セラドーム大阪,unknown,low,False,False,1800080,1700150,[],[],,,,,0,light,2020-09-20 13:00:00+00:00,,UNKNOWN,,,,UNKNOWN,UNKNOWN,,UNKNOWN,,7.2,1.2,5.4,1.8,5.4,10.4,5.0,4.0,5.0,3.0,1.0,3.0,,,,3.0,1.3333333333333333,3.0,1.5,1.5,5.2,6.0,2.0,7.0,1.0,1.0,2.0,,,,True,True,UNKNOWN,False,False,,,,,,,,,,NPB,2020-09-20 13:00:00,1,,,0,
2020092006,2020-09-20 13:00:00,福岡ソフトバンクホークス,東北楽天ゴールデンイーグルス,2.0,3.0,UNKNOWN,福岡PayPayドーム,unknown,low,False,False,700065,1300080,[],[],,,,,0,light,2020-09-20 13:00:00+00:00,,UNKNOWN,,,,UNKNOWN,UNKNOWN,,UNKNOWN,,1.5,0.8333333333333334,7.5,1.5,1.5,4.2,6.0,1.0,4.0,1.0,1.0,5.0,,,,2.25,0.875,5.625,2.25,2.25,5.95,8.0,2.0,5.0,2.0,2.0,5.0,,,,True,True,UNKNOWN,False,False,,,,,,,,,,NPB,2020-09-20 13:00:00,1,,,0,
2020092002,2020-09-20 14:00:00,横浜DeNAベイスターズ,読売ジャイアンツ,0.0,5.0,UNKNOWN,横浜スタジアム,unknown,low,False,False,1600060,1800045,[],[],,,,,0,light,2020-09-20 14:00:00+00:00,,UNKNOWN,,,,UNKNOWN,UNKNOWN,,UNKNOWN,,0.0,0.5,4.5,1.5,0.0,2.7,6.0,0.0,2.0,0.0,1.0,3.0,,,,4.5,1.3333333333333333,9.0,3.0,3.0,6.533333333333333,6.0,3.0,6.0,2.0,2.0,6.0,,,,True,True,UNKNOWN,False,False,,,,,,,,,,NPB,2020-09-20 14:00:00,1,,,0,
2020092003,2020-09-20 14:00:00,中日ドラゴンズ,阪神タイガース,4.0,2.0,UNKNOWN,ナゴヤドーム,interleague,high,True,True,500040,1200098,[],[],,,,,0,light,2020-09-20 14:00:00+00:00,,UNKNOWN,,,,UNKNOWN,UNKNOWN,,UNKNOWN,,13.5,2.0,4.5,0.0,0.0,2.2,2.0,3.0,4.0,0.0,0.0,1.0,,,,3.6,0.6,7.2,1.8,1.8,4.800000000000001,5.0,2.0,2.0,1.0,1.0,4.0,,,,True,True,UNKNOWN,False,False,,,,,,,,,,NPB,2020-09-20 14:00:00,1,,,0,
2020092004,2020-09-20 14:00:00,北海道日本ハムファイターズ,千葉ロッテマリーンズ,3.0,5.0,UNKNOWN,札幌ドーム,unknown,low,False,False,1000155,500027,[],[],,,,,0,light,2020-09-20 14:00:00+00:00,,UNKNOWN,,,,UNKNOWN,UNKNOWN,,UNKNOWN,,3.375,1.0,6.75,1.125,0.0,2.075,8.0,3.0,7.0,0.0,1.0,6.0,,,,0.0,0.0,13.5,0.0,0.0,0.20000000000000018,2.0,0.0,0.0,0.0,0.0,3.0,,,,True,True,UNKNOWN,False,False,,,,,,,,,,NPB,2020-09-20 14:00:00,1,,,0,
2020092001,2020-09-20 18:30:00,東京ヤクルトスワローズ,広島東洋カープ,8.0,6.0,UNKNOWN,明治神宮野球場,unknown,low,False,False,1300061,1200076,[],[],,,,,0,light,2020-09-20 18:30:00+00:00,,UNKNOWN,,,,UNKNOWN,UNKNOWN,,UNKNOWN,,5.785714285714286,1.2857142857142856,7.7142857142857135,3.8571428571428568,5.785714285714286,11.128571428571428,4.666666666666667,3.0,4.0,3.0,2.0,4.0,,,,5.1923076923076925,1.2692307692307694,3.1153846153846154,0.0,0.0,2.5076923076923077,8.666666666666666,5.0,11.0,0.0,0.0,3.0,,,,True,True,UNKNOWN,False,False,,,,,,,,,,NPB,2020-09-20 18:30:00,1,,,0,
2020092103,2020-09-21 14:00:00,阪神タイガース,横浜DeNAベイスターズ,5.0,3.0,UNKNOWN,阪神甲子園球場,excluded,high,False,False,1600084,600089,[],[],,,,,0,light,2020-09-21 14:00:00+00:00,,UNKNOWN,,,,UNKNOWN,UNKNOWN,,UNKNOWN,,4.5,1.5,7.5,1.5,1.5,4.2,6.0,3.0,8.0,1.0,1.0,5.0,,,,5.4,1.4,5.4,5.4,1.8,6.4,5.0,3.0,4.0,1.0,3.0,3.0,,,,True,True,UNKNOWN,False,False,,,,,,,,,,NPB,2020-09-21 14:00:00,1,,,0,
2020092101,2020-09-21 18:00:00,読売ジャイアンツ,広島東洋カープ,10.0,3.0,UNKNOWN,東京ドーム,excluded,high,False,False,1300058,1800025,[],[],,,,,0,light,2020-09-21 18:00:00+00:00,,UNKNOWN,,,,UNKNOWN,UNKNOWN,,UNKNOWN,,11.25,2.5,2.25,2.25,4.5,9.95,4.0,5.0,9.0,2.0,1.0,1.0,,,,4.153846153846154,1.153846153846154,4.153846153846154,2.076923076923077,2.076923076923077,5.969230769230769,4.333333333333333,2.0,4.0,1.0,1.0,2.0,,,,True,True,UNKNOWN,False,False,2020-09-21 09:00:00+00:00,,UNKNOWN,Open-Meteo Historical Forecast,FAIL_CLOSED_NO_ISSUANCE_TIMESTAMP,22.9,62.0,0.0,3.6,NPB,2020-09-21 18:00:00,1,,,0,
2020092102,2020-09-21 18:00:00,中日ドラゴンズ,東京ヤクルトスワローズ,9.0,3.0,UNKNOWN,ナゴヤドーム,unknown,low,False,False,1200111,1800061,[],[],,,,,0,light,2020-09-21 18:00:00+00:00,,UNKNOWN,,,,UNKNOWN,UNKNOWN,,UNKNOWN,,6.75,1.75,4.5,4.5,2.25,6.95,4.0,3.0,5.0,1.0,2.0,2.0,,,,5.0625,1.875,5.0625,3.375,1.6875,5.6375,5.333333333333333,3.0,8.0,1.0,2.0,3.0,,,,True,True,UNKNOWN,False,False,,,,,,,,,,NPB,2020-09-21 18:00:00,1,,,0,
2020092204,2020-09-22 13:00:00,東北楽天ゴールデンイーグルス,千葉ロッテマリーンズ,12.0,4.0,UNKNOWN,楽天生命パーク宮城,unknown,low,False,False,1300050,900090,[],[],,,,,0,light,2020-09-22 13:00:00+00:00,,UNKNOWN,,,,UNKNOWN,UNKNOWN,,UNKNOWN,,11.368421052631579,1.8947368421052633,4.2631578947368425,4.2631578947368425,4.2631578947368425,9.83157894736842,6.333333333333333,8.0,9.0,3.0,3.0,3.0,,,,7.363636363636364,2.181818181818182,2.4545454545454546,0.0,0.0,2.6545454545454548,3.6666666666666665,3.0,8.0,0.0,0.0,1.0,,,,True,True,UNKNOWN,False,False,,,,,,,,,,NPB,2020-09-22 13:00:00,1,,,0,
2020092203,2020-09-22 14:00:00,阪神タイガース,横浜DeNAベイスターズ,6.0,3.0,UNKNOWN,阪神甲子園球場,unknown,low,False,False,1900031,1700078,[],[],,,,,0,light,2020-09-22 14:00:00+00:00,,UNKNOWN,,,,UNKNOWN,UNKNOWN,,UNKNOWN,,3.6,0.6,3.6,0.0,1.8,5.0,5.0,2.0,3.0,1.0,0.0,2.0,,,,4.5,1.6666666666666667,12.0,3.0,1.5,3.7,6.0,3.0,8.0,1.0,2.0,8.0,,,,True,True,UNKNOWN,False,False,,,,,,,,,,NPB,2020-09-22 14:00:00,1,,,0,
2020092201,2020-09-22 18:00:00,読売ジャイアンツ,広島東洋カープ,5.0,4.0,UNKNOWN,東京ドーム,unknown,low,False,False,1700072,1200041,[],[],,,,,0,light,2020-09-22 18:00:00+00:00,,UNKNOWN,,,,UNKNOWN,UNKNOWN,,UNKNOWN,,7.2,1.6,7.2,7.2,1.8,6.6,5.0,4.0,4.0,1.0,4.0,4.0,,,,3.375,0.75,7.875,0.0,1.125,3.075,8.0,3.0,6.0,1.0,0.0,7.0,,,,True,True,UNKNOWN,False,False,2020-09-22 09:00:00+00:00,,UNKNOWN,Open-Meteo Historical Forecast,FAIL_CLOSED_NO_ISSUANCE_TIMESTAMP,22.7,69.0,0.0,7.4,NPB,2020-09-22 18:00:00,1,,,0,
2020092202,2020-09-22 18:00:00,中日ドラゴンズ,東京ヤクルトスワローズ,3.0,0.0,UNKNOWN,ナゴヤドーム,unknown,low,False,False,12113,1000138,[],[],,,,,0,light,2020-09-22 18:00:00+00:00,,UNKNOWN,,,,UNKNOWN,UNKNOWN,,UNKNOWN,,3.0,0.8333333333333334,3.0,1.5,1.5,5.2,6.0,2.0,4.0,1.0,1.0,2.0,,,,0.0,0.3333333333333333,11.0,1.0,0.0,1.088888888888889,9.0,0.0,2.0,0.0,1.0,11.0,,,,True,True,UNKNOWN,False,False,,,,,,,,,,NPB,2020-09-22 18:00:00,1,,,0,
2020092205,2020-09-22 18:00:00,埼玉西武ライオンズ,北海道日本ハムファイターズ,1.0,5.0,UNKNOWN,メットライフドーム,unknown,low,False,False,1100099,1400182,[],[],,,,,0,light,2020-09-22 18:00:00+00:00,,UNKNOWN,,,,UNKNOWN,UNKNOWN,,UNKNOWN,,1.2857142857142858,1.1428571428571428,9.0,2.5714285714285716,0.0,2.0571428571428574,7.0,1.0,6.0,0.0,2.0,7.0,,,,13.5,2.6999999999999997,8.1,2.6999999999999997,5.3999999999999995,10.1,3.3333333333333335,5.0,8.0,2.0,1.0,3.0,,,,True,True,UNKNOWN,False,False,,,,,,,,,,NPB,2020-09-22 18:00:00,1,,,0,
2020092206,2020-09-22 18:00:00,福岡ソフトバンクホークス,オリックス・バファローズ,0.0,1.0,UNKNOWN,福岡PayPayドーム,excluded,high,False,False,1600153,1000174,[],[],,,,,0,light,2020-09-22 18:00:00+00:00,,UNKNOWN,,,,UNKNOWN,UNKNOWN,,UNKNOWN,,0.0,0.7142857142857143,9.0,2.5714285714285716,0.0,2.0571428571428574,7.0,0.0,3.0,0.0,2.0,7.0,,,,1.125,0.625,10.125,0.0,1.125,2.575,8.0,1.0,5.0,1.0,0.0,9.0,,,,True,True,UNKNOWN,False,False,,,,,,,,,,NPB,2020-09-22 18:00:00,1,,,0,
2020092301,2020-09-23 18:00:00,読売ジャイアンツ,広島東洋カープ,7.0,3.0,UNKNOWN,東京ドーム,unknown,low,False,False,1100081,1300029,[],[],,,,,0,light,2020-09-23 18:00:00+00:00,,UNKNOWN,,,,UNKNOWN,UNKNOWN,,UNKNOWN,,12.0,2.6666666666666665,3.0,3.0,3.0,7.866666666666667,3.0,4.0,7.0,1.0,1.0,1.0,,,,3.2399999999999998,0.84,5.3999999999999995,2.1599999999999997,1.0799999999999998,4.28,8.333333333333334,3.0,5.0,1.0,2.0,5.0,,,,True,True,UNKNOWN,False,False,2020-09-23 09:00:00+00:00,,UNKNOWN,Open-Meteo Historical Forecast,FAIL_CLOSED_NO_ISSUANCE_TIMESTAMP,20.7,85.0,0.2,10.9,NPB,2020-09-23 18:00:00,1,,,0,
2020092302,2020-09-23 18:00:00,中日ドラゴンズ,東京ヤクルトスワローズ,11.0,5.0,UNKNOWN,ナゴヤドーム,unknown,low,False,False,1100076,1900039,[],[],,,,,0,light,2020-09-23 18:00:00+00:00,,UNKNOWN,,,,UNKNOWN,UNKNOWN,,UNKNOWN,,19.285714285714285,3.8571428571428568,11.571428571428571,3.8571428571428568,0.0,1.9142857142857146,2.3333333333333335,5.0,8.0,0.0,1.0,3.0,,,,9.0,2.0,4.5,0.0,4.5,8.7,2.0,2.0,4.0,1.0,0.0,1.0,,,,True,True,UNKNOWN,False,False,,,,,,,,,,NPB,2020-09-23 18:00:00,1,,,0,
2020092303,2020-09-23 18:00:00,阪神タイガース,横浜DeNAベイスターズ,0.0,4.0,UNKNOWN,阪神甲子園球場,unknown,low,False,False,1800043,1500090,[],[],,,,,0,light,2020-09-23 18:00:00+00:00,,UNKNOWN,,,,UNKNOWN,UNKNOWN,,UNKNOWN,,0.0,1.0,10.0,3.0,0.0,1.9777777777777779,9.0,0.0,6.0,0.0,3.0,10.0,,,,1.5,1.1666666666666667,7.5,7.5,0.0,4.033333333333333,6.0,1.0,2.0,0.0,5.0,5.0,,,,True,True,UNKNOWN,False,False,,,,,,,,,,NPB,2020-09-23 18:00:00,1,,,0,
2020092304,2020-09-23 18:00:00,東北楽天ゴールデンイーグルス,千葉ロッテマリーンズ,5.0,3.0,UNKNOWN,楽天生命パーク宮城,unknown,low,False,False,1800052,500014,[],[],,,,,0,light,2020-09-23 18:00:00+00:00,,UNKNOWN,,,,UNKNOWN,UNKNOWN,,UNKNOWN,,5.4,2.0,10.8,9.0,0.0,3.8000000000000003,5.0,3.0,5.0,0.0,5.0,6.0,,,,3.857142857142857,0.5714285714285714,9.0,0.0,0.0,1.2000000000000002,7.0,3.0,4.0,0.0,0.0,7.0,,,,True,True,UNKNOWN,False,False,,,,,,,,,,NPB,2020-09-23 18:00:00,1,,,0,
2020092305,2020-09-23 18:00:00,埼玉西武ライオンズ,北海道日本ハムファイターズ,6.0,5.0,UNKNOWN,メットライフドーム,unknown,low,False,False,1900129,1900062,[],[],,,,,0,light,2020-09-23 18:00:00+00:00,,UNKNOWN,,,,UNKNOWN,UNKNOWN,,UNKNOWN,,10.384615384615385,1.8461538461538463,6.230769230769231,0.0,2.076923076923077,4.815384615384616,4.333333333333333,5.0,8.0,1.0,0.0,3.0,,,,6.75,1.3125,3.375,6.75,1.6875,7.1375,5.333333333333333,4.0,3.0,1.0,4.0,2.0,,,,True,True,UNKNOWN,False,False,,,,,,,,,,NPB,2020-09-23 18:00:00,1,,,0,
2020092306,2020-09-23 18:00:00,福岡ソフトバンクホークス,オリックス・バファローズ,5.0,10.0,UNKNOWN,福岡PayPayドーム,unknown,low,False,False,1700109,1100115,[],[],,,,,0,light,2020-09-23 18:00:00+00:00,,UNKNOWN,,,,UNKNOWN,UNKNOWN,,UNKNOWN,,3.6,1.2,1.8,1.8,0.0,3.4000000000000004,5.0,2.0,5.0,0.0,1.0,1.0,,,,15.0,3.3333333333333335,18.0,12.0,3.0,7.533333333333333,3.0,5.0,6.0,1.0,4.0,6.0,,,,True,True,UNKNOWN,False,False,,,,,,,,,,NPB,2020-09-23 18:00:00,1,,,0,
2020092401,2020-09-24 18:00:00,東北楽天ゴールデンイーグルス,千葉ロッテマリーンズ,3.0,0.0,UNKNOWN,楽天生命パーク宮城,unknown,low,False,False,1400190,1300084,[],[],,,,,0,light,2020-09-24 18:00:00+00:00,,UNKNOWN,,,,UNKNOWN,UNKNOWN,,UNKNOWN,,5.4,2.0,7.2,3.6,1.8,5.4,5.0,3.0,8.0,1.0,2.0,4.0,,,,0.0,1.8,21.6,7.2,0.0,0.8000000000000003,5.0,0.0,5.0,0.0,4.0,12.0,,,,True,True,UNKNOWN,False,False,,,,,,,,,,NPB,2020-09-24 18:00:00,1,,,0,
2020092402,2020-09-24 18:00:00,埼玉西武ライオンズ,北海道日本ハムファイターズ,2.0,12.0,UNKNOWN,メットライフドーム,unknown,low,False,False,1500109,1700123,[],[],,,,,0,light,2020-09-24 18:00:00+00:00,,UNKNOWN,,,,UNKNOWN,UNKNOWN,,UNKNOWN,,1.2857142857142858,0.8571428571428571,11.571428571428571,1.2857142857142858,1.2857142857142858,2.9142857142857146,7.0,1.0,5.0,1.0,1.0,9.0,,,,10.799999999999999,2.6999999999999997,2.6999999999999997,8.1,2.6999999999999997,9.2,3.3333333333333335,4.0,6.0,1.0,3.0,1.0,,,,True,True,UNKNOWN,False,False,,,,,,,,,,NPB,2020-09-24 18:00:00,1,,,0,
2020092403,2020-09-24 18:00:00,福岡ソフトバンクホークス,オリックス・バファローズ,3.0,3.0,UNKNOWN,福岡PayPayドーム,unknown,low,False,False,1600159,20204,[],[],,,,,0,light,2020-09-24 18:00:00+00:00,,UNKNOWN,,,,UNKNOWN,UNKNOWN,,UNKNOWN,,4.5,1.3333333333333333,7.5,1.5,3.0,6.366666666666667,6.0,3.0,7.0,2.0,1.0,5.0,,,,5.4,1.0,7.2,1.8,1.8,4.800000000000001,5.0,3.0,4.0,1.0,1.0,4.0,,,,True,True,UNKNOWN,False,False,,,,,,,,,,NPB,2020-09-24 18:00:00,1,,,0,
2020092501,2020-09-25 18:00:00,読売ジャイアンツ,中日ドラゴンズ,8.0,4.0,UNKNOWN,東京ドーム,unknown,low,False,False,1600106,1900143,[],[],,,,,0,light,2020-09-25 18:00:00+00:00,,UNKNOWN,,,,UNKNOWN,UNKNOWN,,UNKNOWN,,27.0,5.0,13.5,9.0,4.5,9.7,2.0,6.0,8.0,1.0,2.0,3.0,,,,6.352941176470588,1.588235294117647,4.764705882352941,1.588235294117647,1.588235294117647,4.964705882352941,5.666666666666667,4.0,8.0,1.0,1.0,3.0,,,,True,True,UNKNOWN,False,False,2020-09-25 09:00:00+00:00,,UNKNOWN,Open-Meteo Historical Forecast,FAIL_CLOSED_NO_ISSUANCE_TIMESTAMP,20.6,82.0,0.0,7.6,NPB,2020-09-25 18:00:00,1,,,0,
2020092502,2020-09-25 18:00:00,東京ヤクルトスワローズ,阪神タイガース,6.0,3.0,UNKNOWN,明治神宮野球場,unknown,low,False,False,900062,1300045,[],[],,,,,0,light,2020-09-25 18:00:00+00:00,,UNKNOWN,,,,UNKNOWN,UNKNOWN,,UNKNOWN,,6.0,1.3333333333333333,6.0,3.0,1.5,5.033333333333333,6.0,4.0,6.0,1.0,2.0,4.0,,,,5.4,1.6,9.0,3.6,1.8,5.0,5.0,3.0,6.0,1.0,2.0,5.0,,,,True,True,UNKNOWN,False,False,,,,,,,,,,NPB,2020-09-25 18:00:00,1,,,0,
2020092503,2020-09-25 18:00:00,広島東洋カープ,横浜DeNAベイスターズ,5.0,3.0,UNKNOWN,MAZDA Zoom-Zoom スタジアム広島,unknown,low,False,False,1200050,1600123,[],[],,,,,0,light,2020-09-25 18:00:00+00:00,,UNKNOWN,,,,UNKNOWN,UNKNOWN,,UNKNOWN,,9.0,1.6,10.8,1.8,1.8,4.0,5.0,5.0,7.0,1.0,1.0,6.0,,,,1.2857142857142858,1.2857142857142858,11.571428571428571,1.2857142857142858,1.2857142857142858,2.9142857142857146,7.0,1.0,8.0,1.0,1.0,9.0,,,,True,True,UNKNOWN,False,False,,,,,,,,,,NPB,2020-09-25 18:00:00,1,,,0,
2020092504,2020-09-25 18:00:00,埼玉西武ライオンズ,東北楽天ゴールデンイーグルス,5.0,4.0,UNKNOWN,メットライフドーム,unknown,low,False,False,1000154,1800022,[],[],,,,,0,light,2020-09-25 18:00:00+00:00,,UNKNOWN,,,,UNKNOWN,UNKNOWN,,UNKNOWN,,7.7142857142857135,1.9285714285714284,7.7142857142857135,5.785714285714286,0.0,3.4142857142857146,4.666666666666667,4.0,6.0,0.0,3.0,4.0,,,,7.2,1.6,9.0,3.6,0.0,2.4000000000000004,5.0,4.0,6.0,0.0,2.0,5.0,,,,True,True,UNKNOWN,False,False,,,,,,,,,,NPB,2020-09-25 18:00:00,1,,,0,
2020092505,2020-09-25 18:00:00,千葉ロッテマリーンズ,福岡ソフトバンクホークス,7.0,4.0,UNKNOWN,ZOZOマリンスタジアム,unknown,low,False,False,1900153,1300055,[],[],,,,,0,light,2020-09-25 18:00:00+00:00,,UNKNOWN,,,,UNKNOWN,UNKNOWN,,UNKNOWN,,2.4545454545454546,1.3636363636363638,7.363636363636364,0.0,0.0,1.5636363636363637,7.333333333333333,2.0,10.0,0.0,0.0,6.0,,,,5.684210526315789,1.5789473684210527,1.4210526315789473,2.8421052631578947,1.4210526315789473,5.88421052631579,6.333333333333333,4.0,8.0,1.0,2.0,1.0,,,,True,True,UNKNOWN,False,False,,,,,,,,,,NPB,2020-09-25 18:00:00,1,,,0,
2020092506,2020-09-25 18:00:00,オリックス・バファローズ,北海道日本ハムファイターズ,9.0,2.0,UNKNOWN,京セラドーム大阪,unknown,low,False,False,1800002,1600150,[],[],,,,,0,light,2020-09-25 18:00:00+00:00,,UNKNOWN,,,,UNKNOWN,UNKNOWN,,UNKNOWN,,10.799999999999999,3.0,10.799999999999999,13.5,2.6999999999999997,9.2,3.3333333333333335,4.0,5.0,1.0,5.0,4.0,,,,2.6999999999999997,1.5,4.05,4.05,0.0,3.6500000000000004,6.666666666666667,2.0,7.0,0.0,3.0,3.0,,,,True,True,UNKNOWN,False,False,,,,,,,,,,NPB,2020-09-25 18:00:00,1,,,0,
2020092601,2020-09-26 14:00:00,読売ジャイアンツ,中日ドラゴンズ,2.0,3.0,UNKNOWN,東京ドーム,unknown,low,False,False,1200055,1600060,[],[],,,,,0,light,2020-09-26 14:00:00+00:00,,UNKNOWN,,,,UNKNOWN,UNKNOWN,,UNKNOWN,,2.8421052631578947,0.9473684210526316,4.2631578947368425,2.8421052631578947,0.0,3.2,6.333333333333333,2.0,4.0,0.0,2.0,3.0,,,,3.8571428571428568,1.7142857142857142,7.7142857142857135,3.8571428571428568,1.9285714285714284,5.557142857142857,4.666666666666667,2.0,6.0,1.0,2.0,4.0,,,,True,True,UNKNOWN,False,False,2020-09-26 05:00:00+00:00,,UNKNOWN,Open-Meteo Historical Forecast,FAIL_CLOSED_NO_ISSUANCE_TIMESTAMP,20.3,80.0,0.1,7.2,NPB,2020-09-26 14:00:00,1,,,0,
2020092603,2020-09-26 14:00:00,広島東洋カープ,横浜DeNAベイスターズ,2.0,5.0,UNKNOWN,MAZDA Zoom-Zoom スタジアム広島,unknown,low,False,False,1600081,1900052,[],[],,,,,0,light,2020-09-26 14:00:00+00:00,,UNKNOWN,,,,UNKNOWN,UNKNOWN,,UNKNOWN,,3.0,1.0,6.0,1.5,0.0,2.3666666666666667,6.0,2.0,5.0,0.0,1.0,4.0,,,,5.142857142857143,1.7142857142857142,9.0,1.2857142857142858,2.5714285714285716,5.342857142857143,7.0,4.0,11.0,2.0,1.0,7.0,,,,True,True,UNKNOWN,False,False,,,,,,,,,,NPB,2020-09-26 14:00:00,1,,,0,
2020092604,2020-09-26 14:00:00,埼玉西武ライオンズ,東北楽天ゴールデンイーグルス,5.0,1.0,UNKNOWN,メットライフドーム,unknown,low,False,False,1600005,1900141,[],[],,,,,0,light,2020-09-26 14:00:00+00:00,,UNKNOWN,,,,UNKNOWN,UNKNOWN,,UNKNOWN,,1.8,1.6,7.2,5.4,0.0,3.4000000000000004,5.0,1.0,5.0,0.0,3.0,4.0,,,,0.0,0.0,0.0,0.0,0.0,3.2,1.0,0.0,0.0,0.0,0.0,0.0,,,,True,True,UNKNOWN,False,False,,,,,,,,,,NPB,2020-09-26 14:00:00,1,,,0,
2020092605,2020-09-26 14:00:00,千葉ロッテマリーンズ,福岡ソフトバンクホークス,3.0,7.0,UNKNOWN,ZOZOマリンスタジアム,unknown,low,False,False,1200106,1800054,[],[],,,,,0,light,2020-09-26 14:00:00+00:00,,UNKNOWN,,,,UNKNOWN,UNKNOWN,,UNKNOWN,,4.5,1.0,6.0,1.5,1.5,4.533333333333333,6.0,3.0,5.0,1.0,1.0,4.0,,,,16.875,3.75,6.75,6.75,0.0,3.95,2.6666666666666665,5.0,8.0,0.0,2.0,2.0,,,,True,True,UNKNOWN,False,False,,,,,,,,,,NPB,2020-09-26 14:00:00,1,,,0,
2020092606,2020-09-26 14:00:00,オリックス・バファローズ,北海道日本ハムファイターズ,5.0,6.0,UNKNOWN,京セラドーム大阪,excluded,high,False,False,1400117,1700150,[],[],,,,,0,light,2020-09-26 14:00:00+00:00,,UNKNOWN,,,,UNKNOWN,UNKNOWN,,UNKNOWN,,4.5,1.0,4.5,0.0,3.0,6.533333333333333,6.0,3.0,6.0,2.0,0.0,3.0,,,,1.6875,1.125,10.125,0.0,0.0,0.9500000000000002,5.333333333333333,1.0,6.0,0.0,0.0,6.0,,,,True,True,UNKNOWN,False,False,,,,,,,,,,NPB,2020-09-26 14:00:00,1,,,0,
2020092602,2020-09-26 18:30:00,東京ヤクルトスワローズ,阪神タイガース,2.0,1.0,UNKNOWN,明治神宮野球場,unknown,low,False,False,1900147,1800143,[],[],,,,,0,light,2020-09-26 18:30:00+00:00,,UNKNOWN,,,,UNKNOWN,UNKNOWN,,UNKNOWN,,2.25,1.5,4.5,4.5,0.0,3.7,4.0,1.0,4.0,0.0,2.0,2.0,,,,1.2857142857142858,0.8571428571428571,3.857142857142857,3.857142857142857,0.0,3.6285714285714286,7.0,1.0,3.0,0.0,3.0,3.0,,,,True,True,UNKNOWN,False,False,,,,,,,,,,NPB,2020-09-26 18:30:00,1,,,0,
2020092704,2020-09-27 13:00:00,埼玉西武ライオンズ,東北楽天ゴールデンイーグルス,6.0,2.0,UNKNOWN,メットライフドーム,unknown,low,False,False,1900117,1800080,[],[],,,,,0,light,2020-09-27 13:00:00+00:00,,UNKNOWN,,,,UNKNOWN,UNKNOWN,,UNKNOWN,,19.285714285714285,3.0,3.8571428571428568,3.8571428571428568,0.0,3.6285714285714286,2.3333333333333335,5.0,6.0,0.0,1.0,1.0,,,,2.5714285714285716,1.1428571428571428,3.857142857142857,5.142857142857143,2.5714285714285716,7.771428571428571,7.0,2.0,4.0,2.0,4.0,3.0,,,,True,True,UNKNOWN,False,False,,,,,,,,,,NPB,2020-09-27 13:00:00,1,,,0,
2020092705,2020-09-27 13:00:00,千葉ロッテマリーンズ,福岡ソフトバンクホークス,8.0,4.0,UNKNOWN,ZOZOマリンスタジアム,unknown,low,False,False,900100,1000155,[],[],,,,,0,light,2020-09-27 13:00:00+00:00,,UNKNOWN,,,,UNKNOWN,UNKNOWN,,UNKNOWN,,32.400000000000006,4.2,5.4,16.200000000000003,0.0,7.4,1.6666666666666665,6.0,4.0,0.0,3.0,1.0,,,,7.2,1.8,7.2,3.6,0.0,2.8000000000000003,5.0,4.0,7.0,0.0,2.0,4.0,,,,True,True,UNKNOWN,False,False,,,,,,,,,,NPB,2020-09-27 13:00:00,1,,,0,
2020092706,2020-09-27 13:00:00,オリックス・バファローズ,北海道日本ハムファイターズ,12.0,8.0,UNKNOWN,京セラドーム大阪,unknown,low,False,False,1800090,1400195,[],[],,,,,0,light,2020-09-27 13:00:00+00:00,,UNKNOWN,,,,UNKNOWN,UNKNOWN,,UNKNOWN,,27.0,3.75,0.0,0.0,0.0,3.2,1.3333333333333333,4.0,5.0,0.0,0.0,0.0,,,,10.125,1.5,5.0625,3.375,1.6875,5.6375,5.333333333333333,6.0,6.0,1.0,2.0,3.0,,,,True,True,UNKNOWN,False,False,,,,,,,,,,NPB,2020-09-27 13:00:00,1,,,0,
2020092703,2020-09-27 13:30:00,広島東洋カープ,横浜DeNAベイスターズ,1.0,3.0,UNKNOWN,MAZDA Zoom-Zoom スタジアム広島,unknown,low,False,False,1800045,1300061,[],[],,,,,0,light,2020-09-27 13:30:00+00:00,,UNKNOWN,,,,UNKNOWN,UNKNOWN,,UNKNOWN,,1.3499999999999999,0.6,2.6999999999999997,1.3499999999999999,1.3499999999999999,5.0,6.666666666666667,1.0,3.0,1.0,1.0,2.0,,,,3.0,1.0,6.0,0.0,1.5,4.033333333333333,6.0,2.0,6.0,1.0,0.0,4.0,,,,True,True,UNKNOWN,False,False,,,,,,,,,,NPB,2020-09-27 13:30:00,1,,,0,
2020092701,2020-09-27 14:00:00,読売ジャイアンツ,中日ドラゴンズ,5.0,1.0,UNKNOWN,東京ドーム,unknown,low,False,False,1200098,1800028,[],[],,,,,0,light,2020-09-27 14:00:00+00:00,,UNKNOWN,,,,UNKNOWN,UNKNOWN,,UNKNOWN,,5.785714285714286,1.7142857142857142,3.8571428571428568,1.9285714285714284,0.0,2.9857142857142858,4.666666666666667,3.0,7.0,0.0,1.0,2.0,,,,0.0,0.7142857142857143,5.142857142857143,1.2857142857142858,0.0,2.4857142857142858,7.0,0.0,4.0,0.0,1.0,4.0,,,,True,True,UNKNOWN,False,False,2020-09-27 05:00:00+00:00,,UNKNOWN,Open-Meteo Historical Forecast,FAIL_CLOSED_NO_ISSUANCE_TIMESTAMP,23.2,60.0,0.0,3.6,NPB,2020-09-27 14:00:00,1,,,0,
2020092702,2020-09-27 18:30:00,東京ヤクルトスワローズ,阪神タイガース,3.0,9.0,UNKNOWN,明治神宮野球場,unknown,low,False,False,900425,1900025,[],[],,,,,0,light,2020-09-27 18:30:00+00:00,,UNKNOWN,,,,UNKNOWN,UNKNOWN,,UNKNOWN,,3.0,0.6666666666666666,6.0,0.0,0.0,1.866666666666667,6.0,2.0,4.0,0.0,0.0,4.0,,,,4.5,1.8333333333333333,7.5,3.0,1.5,4.7,6.0,3.0,9.0,1.0,2.0,5.0,,,,True,True,UNKNOWN,False,False,,,,,,,,,,NPB,2020-09-27 18:30:00,1,,,0,
2020092801,2020-09-28 18:00:00,広島東洋カープ,横浜DeNAベイスターズ,4.0,0.0,UNKNOWN,MAZDA Zoom-Zoom スタジアム広島,unknown,low,False,False,1600084,1300058,[],[],,,,,0,light,2020-09-28 18:00:00+00:00,,UNKNOWN,,,,UNKNOWN,UNKNOWN,,UNKNOWN,,5.4,1.0,9.0,1.8,1.8,4.4,5.0,3.0,4.0,1.0,1.0,5.0,,,,0.0,1.0,7.0,2.0,0.0,2.3111111111111113,9.0,0.0,7.0,0.0,2.0,7.0,,,,True,True,UNKNOWN,False,False,,,,,,,,,,NPB,2020-09-28 18:00:00,1,,,0,
2020092901,2020-09-29 18:00:00,横浜DeNAベイスターズ,東京ヤクルトスワローズ,8.0,4.0,UNKNOWN,横浜スタジアム,unknown,low,False,False,1200076,1900031,[],[],,,,,0,light,2020-09-29 18:00:00+00:00,,UNKNOWN,,,,UNKNOWN,UNKNOWN,,UNKNOWN,,15.0,2.3333333333333335,9.0,6.0,3.0,7.533333333333333,3.0,5.0,5.0,1.0,2.0,3.0,,,,5.4,1.2,5.4,1.8,1.8,5.2,5.0,3.0,5.0,1.0,1.0,3.0,,,,True,True,UNKNOWN,False,False,,,,,,,,,,NPB,2020-09-29 18:00:00,1,,,0,
2020092902,2020-09-29 18:00:00,阪神タイガース,中日ドラゴンズ,7.0,3.0,UNKNOWN,阪神甲子園球場,unknown,low,False,False,1800061,1700078,[],[],,,,,0,light,2020-09-29 18:00:00+00:00,,UNKNOWN,,,,UNKNOWN,UNKNOWN,,UNKNOWN,,9.0,1.4,9.0,1.8,1.8,4.4,5.0,5.0,6.0,1.0,1.0,5.0,,,,1.5,1.6666666666666667,6.0,3.0,0.0,2.8666666666666667,6.0,1.0,8.0,0.0,2.0,4.0,,,,True,True,UNKNOWN,False,False,,,,,,,,,,NPB,2020-09-29 18:00:00,1,,,0,
2020092903,2020-09-29 18:00:00,広島東洋カープ,読売ジャイアンツ,1.0,6.0,UNKNOWN,MAZDA Zoom-Zoom スタジアム広島,unknown,low,False,False,1200041,1700072,[],[],,,,,0,light,2020-09-29 18:00:00+00:00,,UNKNOWN,,,,UNKNOWN,UNKNOWN,,UNKNOWN,,1.5,0.8333333333333334,13.5,1.5,0.0,0.7000000000000002,6.0,1.0,4.0,0.0,1.0,9.0,,,,5.4,1.4,7.2,5.4,0.0,3.4000000000000004,5.0,3.0,4.0,0.0,3.0,4.0,,,,True,True,UNKNOWN,False,False,,,,,,,,,,NPB,2020-09-29 18:00:00,1,,,0,
2020092904,2020-09-29 18:00:00,北海道日本ハムファイターズ,千葉ロッテマリーンズ,3.0,4.0,UNKNOWN,札幌ドーム,unknown,low,False,False,1300050,1100099,[],[],,,,,0,light,2020-09-29 18:00:00+00:00,,UNKNOWN,,,,UNKNOWN,UNKNOWN,,UNKNOWN,,2.4545454545454546,0.8181818181818182,8.590909090909092,0.0,1.2272727272727273,3.063636363636364,7.333333333333333,2.0,6.0,1.0,0.0,7.0,,,,3.857142857142857,1.5714285714285714,7.714285714285714,3.857142857142857,0.0,2.771428571428572,7.0,3.0,8.0,0.0,3.0,6.0,,,,True,True,UNKNOWN,False,False,,,,,,,,,,NPB,2020-09-29 18:00:00,1,,,0,
2020092905,2020-09-29 18:00:00,東北楽天ゴールデンイーグルス,福岡ソフトバンクホークス,2.0,6.0,UNKNOWN,楽天生命パーク宮城,unknown,low,False,False,1000174,1200117,[],[],,,,,0,light,2020-09-29 18:00:00+00:00,,UNKNOWN,,,,UNKNOWN,UNKNOWN,,UNKNOWN,,1.2857142857142858,1.1428571428571428,12.857142857142858,3.857142857142857,0.0,1.6285714285714288,7.0,1.0,5.0,0.0,3.0,10.0,,,,6.230769230769231,2.307692307692308,12.461538461538462,8.307692307692308,2.076923076923077,6.2,4.333333333333333,3.0,6.0,1.0,4.0,6.0,,,,True,True,UNKNOWN,False,False,,,,,,,,,,NPB,2020-09-29 18:00:00,1,,,0,
2020092906,2020-09-29 18:00:00,オリックス・バファローズ,埼玉西武ライオンズ,3.0,0.0,UNKNOWN,京セラドーム大阪,unknown,low,False,False,1400182,1600153,[],[],,,,,0,light,2020-09-29 18:00:00+00:00,,UNKNOWN,,,,UNKNOWN,UNKNOWN,,UNKNOWN,,4.5,1.3333333333333333,1.5,3.0,1.5,6.033333333333333,6.0,3.0,6.0,1.0,2.0,1.0,,,,0.0,0.75,15.75,2.25,0.0,0.4500000000000002,8.0,0.0,4.0,0.0,2.0,14.0,,,,True,True,UNKNOWN,False,False,,,,,,,,,,NPB,2020-09-29 18:00:00,1,,,0,
2020093001,2020-09-30 18:00:00,横浜DeNAベイスターズ,東京ヤクルトスワローズ,3.0,5.0,UNKNOWN,横浜スタジアム,unknown,low,False,False,12113,1800043,[],[],,,,,0,light,2020-09-30 18:00:00+00:00,,UNKNOWN,,,,UNKNOWN,UNKNOWN,,UNKNOWN,,3.176470588235294,0.7058823529411764,3.176470588235294,0.0,0.0,2.4941176470588236,5.666666666666667,2.0,4.0,0.0,0.0,2.0,,,,15.0,2.3333333333333335,3.0,9.0,3.0,9.866666666666667,3.0,5.0,4.0,1.0,3.0,1.0,,,,True,True,UNKNOWN,False,False,,,,,,,,,,NPB,2020-09-30 18:00:00,1,,,0,
2020093002,2020-09-30 18:00:00,阪神タイガース,中日ドラゴンズ,0.0,9.0,UNKNOWN,阪神甲子園球場,unknown,low,False,False,1000138,1500090,[],[],,,,,0,light,2020-09-30 18:00:00+00:00,,UNKNOWN,,,,UNKNOWN,UNKNOWN,,UNKNOWN,,0.0,0.2222222222222222,9.0,0.0,0.0,1.2000000000000002,9.0,0.0,2.0,0.0,0.0,9.0,,,,12.6,2.8,3.6,9.0,0.0,5.4,5.0,7.0,9.0,0.0,5.0,2.0,,,,True,True,UNKNOWN,False,False,,,,,,,,,,NPB,2020-09-30 18:00:00,1,,,0,
2020093003,2020-09-30 18:00:00,広島東洋カープ,読売ジャイアンツ,4.0,1.0,UNKNOWN,MAZDA Zoom-Zoom スタジアム広島,unknown,low,False,False,1300029,1100081,[],[],,,,,0,light,2020-09-30 18:00:00+00:00,,UNKNOWN,,,,UNKNOWN,UNKNOWN,,UNKNOWN,,5.4,1.6,7.2,5.4,1.8,6.0,5.0,3.0,5.0,1.0,3.0,4.0,,,,0.0,1.6,3.6,7.2,0.0,4.800000000000001,5.0,0.0,4.0,0.0,4.0,2.0,,,,True,True,UNKNOWN,False,False,,,,,,,,,,NPB,2020-09-30 18:00:00,1,,,0,
2020093004,2020-09-30 18:00:00,北海道日本ハムファイターズ,千葉ロッテマリーンズ,1.0,2.0,UNKNOWN,札幌ドーム,unknown,low,False,False,1800052,1900129,[],[],,,,,0,light,2020-09-30 18:00:00+00:00,,UNKNOWN,,,,UNKNOWN,UNKNOWN,,UNKNOWN,,0.0,1.0,3.0,6.0,0.0,4.533333333333333,6.0,0.0,2.0,0.0,4.0,2.0,,,,2.5714285714285716,1.0,7.714285714285714,1.2857142857142858,0.0,1.9142857142857144,7.0,2.0,6.0,0.0,1.0,6.0,,,,True,True,UNKNOWN,False,False,,,,,,,,,,NPB,2020-09-30 18:00:00,1,,,0,
2020093005,2020-09-30 18:00:00,東北楽天ゴールデンイーグルス,福岡ソフトバンクホークス,9.0,3.0,UNKNOWN,楽天生命パーク宮城,unknown,low,False,False,1100115,500014,[],[],,,,,0,light,2020-09-30 18:00:00+00:00,,UNKNOWN,,,,UNKNOWN,UNKNOWN,,UNKNOWN,,63.0,7.0,9.0,27.0,9.0,23.2,1.0,7.0,4.0,1.0,3.0,1.0,,,,2.25,1.125,5.625,3.375,0.0,3.075,8.0,2.0,6.0,0.0,3.0,5.0,,,,True,True,UNKNOWN,False,False,,,,,,,,,,NPB,2020-09-30 18:00:00,1,,,0,
2020093006,2020-09-30 18:00:00,オリックス・バファローズ,埼玉西武ライオンズ,5.0,0.0,UNKNOWN,京セラドーム大阪,unknown,low,False,False,1900062,1000027,[],[],,,,,0,light,2020-09-30 18:00:00+00:00,,UNKNOWN,,,,UNKNOWN,UNKNOWN,,UNKNOWN,,3.375,0.75,1.6875,1.6875,1.6875,5.825,5.333333333333333,2.0,3.0,1.0,1.0,1.0,,,,0.0,1.1666666666666667,7.5,7.5,0.0,4.033333333333333,6.0,0.0,2.0,0.0,5.0,5.0,,,,True,True,UNKNOWN,False,False,,,,,,,,,,NPB,2020-09-30 18:00:00,1,,,0,
2020100101,2020-10-01 18:00:00,横浜DeNAベイスターズ,東京ヤクルトスワローズ,0.0,2.0,UNKNOWN,横浜スタジアム,unknown,low,False,False,1100076,1000140,[],[],,,,,0,light,2020-10-01 18:00:00+00:00,,UNKNOWN,,,,UNKNOWN,UNKNOWN,,UNKNOWN,,0.0,1.0,5.142857142857143,2.5714285714285716,0.0,2.9142857142857146,7.0,0.0,5.0,0.0,2.0,4.0,,,,3.8571428571428568,2.142857142857143,11.571428571428571,7.7142857142857135,0.0,3.2,2.3333333333333335,1.0,3.0,0.0,2.0,3.0,,,,True,True,UNKNOWN,False,False,,,,,,,,,,NPB,2020-10-01 18:00:00,1,,,0,
2020100102,2020-10-01 18:00:00,阪神タイガース,中日ドラゴンズ,2.0,0.0,UNKNOWN,阪神甲子園球場,excluded,high,False,False,2000003,600089,[],[],,,,,0,light,2020-10-01 18:00:00+00:00,,UNKNOWN,,,,UNKNOWN,UNKNOWN,,UNKNOWN,,1.5,0.6666666666666666,15.0,3.0,0.0,0.8666666666666667,6.0,1.0,2.0,0.0,2.0,10.0,,,,0.0,0.6,6.75,0.0,0.0,1.7000000000000002,6.666666666666667,0.0,4.0,0.0,0.0,5.0,,,,True,True,UNKNOWN,False,False,,,,,,,,,,NPB,2020-10-01 18:00:00,1,,,0,
2020100103,2020-10-01 18:00:00,広島東洋カープ,読売ジャイアンツ,3.0,5.0,UNKNOWN,MAZDA Zoom-Zoom スタジアム広島,unknown,low,False,False,1900143,1900135,[],[],,,,,0,light,2020-10-01 18:00:00+00:00,,UNKNOWN,,,,UNKNOWN,UNKNOWN,,UNKNOWN,,2.5714285714285716,0.8571428571428571,2.5714285714285716,2.5714285714285716,1.2857142857142858,5.342857142857143,7.0,2.0,4.0,1.0,2.0,2.0,,,,9.0,2.0,2.25,9.0,0.0,5.7,4.0,4.0,4.0,0.0,4.0,1.0,,,,True,True,UNKNOWN,False,False,,,,,,,,,,NPB,2020-10-01 18:00:00,1,,,0,
2020100104,2020-10-01 18:00:00,北海道日本ハムファイターズ,千葉ロッテマリーンズ,3.0,2.0,UNKNOWN,札幌ドーム,unknown,low,False,False,1400190,1300094,[],[],,,,,0,light,2020-10-01 18:00:00+00:00,,UNKNOWN,,,,UNKNOWN,UNKNOWN,,UNKNOWN,,3.0,1.5,4.5,4.5,1.5,5.866666666666667,6.0,2.0,6.0,1.0,3.0,3.0,,,,1.5,1.1666666666666667,13.5,3.0,0.0,1.2000000000000002,6.0,1.0,5.0,0.0,2.0,9.0,,,,True,True,UNKNOWN,False,False,,,,,,,,,,NPB,2020-10-01 18:00:00,1,,,0,
2020100105,2020-10-01 18:00:00,東北楽天ゴールデンイーグルス,福岡ソフトバンクホークス,1.0,4.0,UNKNOWN,楽天生命パーク宮城,unknown,low,False,False,1300080,700065,[],[],,,,,0,light,2020-10-01 18:00:00+00:00,,UNKNOWN,,,,UNKNOWN,UNKNOWN,,UNKNOWN,,1.4210526315789473,0.9473684210526316,8.526315789473685,4.2631578947368425,1.4210526315789473,4.778947368421052,6.333333333333333,1.0,3.0,1.0,3.0,6.0,,,,0.0,0.5,6.0,3.0,0.0,2.8666666666666667,6.0,0.0,1.0,0.0,2.0,4.0,,,,True,True,UNKNOWN,False,False,,,,,,,,,,NPB,2020-10-01 18:00:00,1,,,0,
2020100106,2020-10-01 18:00:00,オリックス・バファローズ,埼玉西武ライオンズ,6.0,7.0,UNKNOWN,京セラドーム大阪,unknown,low,False,False,1600127,1700109,[],[],,,,,0,light,2020-10-01 18:00:00+00:00,,UNKNOWN,,,,UNKNOWN,UNKNOWN,,UNKNOWN,,5.4,2.0,5.4,3.6,0.0,3.2,5.0,3.0,8.0,0.0,2.0,3.0,,,,5.684210526315789,1.4210526315789473,8.526315789473685,2.8421052631578947,4.2631578947368425,8.410526315789475,6.333333333333333,4.0,7.0,3.0,2.0,6.0,,,,True,True,UNKNOWN,False,False,,,,,,,,,,NPB,2020-10-01 18:00:00,1,,,0,
2020100201,2020-10-02 18:00:00,東京ヤクルトスワローズ,広島東洋カープ,5.0,7.0,UNKNOWN,明治神宮野球場,unknown,low,False,False,1600123,1300045,[],[],,,,,0,light,2020-10-02 18:00:00+00:00,,UNKNOWN,,,,UNKNOWN,UNKNOWN,,UNKNOWN,,4.5,1.1666666666666667,7.5,6.0,3.0,7.866666666666667,6.0,3.0,3.0,2.0,4.0,5.0,,,,9.0,2.5,22.5,9.0,0.0,1.2000000000000002,2.0,2.0,3.0,0.0,2.0,5.0,,,,True,True,UNKNOWN,False,False,,,,,,,,,,NPB,2020-10-02 18:00:00,1,,,0,
2020100202,2020-10-02 18:00:00,横浜DeNAベイスターズ,中日ドラゴンズ,5.0,8.0,UNKNOWN,横浜スタジアム,unknown,low,False,False,1700104,1200050,[],[],,,,,0,light,2020-10-02 18:00:00+00:00,,UNKNOWN,,,,UNKNOWN,UNKNOWN,,UNKNOWN,,6.75,1.25,11.25,6.75,2.25,6.2,4.0,3.0,2.0,1.0,3.0,5.0,,,,8.307692307692308,2.076923076923077,10.384615384615385,4.153846153846154,0.0,2.276923076923077,4.333333333333333,4.0,7.0,0.0,2.0,5.0,,,,True,True,UNKNOWN,False,False,,,,,,,,,,NPB,2020-10-02 18:00:00,1,,,0,
2020100203,2020-10-02 18:00:00,阪神タイガース,読売ジャイアンツ,4.0,1.0,UNKNOWN,阪神甲子園球場,unknown,low,False,False,1100038,900062,[],[],,,,,0,light,2020-10-02 18:00:00+00:00,,UNKNOWN,,,,UNKNOWN,UNKNOWN,,UNKNOWN,,6.230769230769231,1.8461538461538463,8.307692307692308,4.153846153846154,2.076923076923077,5.738461538461539,4.333333333333333,3.0,6.0,1.0,2.0,4.0,,,,1.125,0.625,9.0,0.0,1.125,2.825,8.0,1.0,5.0,1.0,0.0,8.0,,,,True,True,UNKNOWN,False,False,,,,,,,,,,NPB,2020-10-02 18:00:00,1,,,0,
2020100204,2020-10-02 18:00:00,千葉ロッテマリーンズ,埼玉西武ライオンズ,0.0,1.0,UNKNOWN,ZOZOマリンスタジアム,unknown,low,False,False,1800022,1300055,[],[],,,,,0,light,2020-10-02 18:00:00+00:00,,UNKNOWN,,,,UNKNOWN,UNKNOWN,,UNKNOWN,,0.0,0.7142857142857143,6.428571428571429,5.142857142857143,0.0,3.4857142857142858,7.0,0.0,1.0,0.0,4.0,5.0,,,,0.0,0.375,5.625,0.0,0.0,1.9500000000000002,8.0,0.0,3.0,0.0,0.0,5.0,,,,True,True,UNKNOWN,False,False,,,,,,,,,,NPB,2020-10-02 18:00:00,1,,,0,
2020100205,2020-10-02 18:00:00,オリックス・バファローズ,東北楽天ゴールデンイーグルス,0.0,4.0,UNKNOWN,京セラドーム大阪,unknown,low,False,False,1000154,1600150,[],[],,,,,0,light,2020-10-02 18:00:00+00:00,,UNKNOWN,,,,UNKNOWN,UNKNOWN,,UNKNOWN,,0.0,1.125,6.75,0.0,0.0,1.7000000000000002,5.333333333333333,0.0,6.0,0.0,0.0,4.0,,,,0.0,1.2857142857142858,6.428571428571429,2.5714285714285716,0.0,2.628571428571429,7.0,0.0,7.0,0.0,2.0,5.0,,,,True,True,UNKNOWN,False,False,,,,,,,,,,NPB,2020-10-02 18:00:00,1,,,0,
2020100206,2020-10-02 18:00:00,福岡ソフトバンクホークス,北海道日本ハムファイターズ,7.0,5.0,UNKNOWN,福岡PayPayドーム,unknown,low,False,False,1500109,1900153,[],[],,,,,0,light,2020-10-02 18:00:00+00:00,,UNKNOWN,,,,UNKNOWN,UNKNOWN,,UNKNOWN,,13.5,2.4,2.6999999999999997,5.3999999999999995,2.6999999999999997,8.3,3.3333333333333335,5.0,6.0,1.0,2.0,1.0,,,,6.0,1.0,9.0,3.0,1.5,4.366666666666667,6.0,4.0,4.0,1.0,2.0,6.0,,,,True,True,UNKNOWN,False,False,,,,,,,,,,NPB,2020-10-02 18:00:00,1,,,0,
2020100302,2020-10-03 14:00:00,横浜DeNAベイスターズ,中日ドラゴンズ,7.0,9.0,UNKNOWN,横浜スタジアム,unknown,low,False,False,1200055,1600081,[],[],,,,,0,light,2020-10-03 14:00:00+00:00,,UNKNOWN,,,,UNKNOWN,UNKNOWN,,UNKNOWN,,5.142857142857143,1.0,3.857142857142857,0.0,2.5714285714285716,6.057142857142857,7.0,4.0,7.0,2.0,0.0,3.0,,,,54.0,7.5,6.75,13.5,0.0,6.2,1.3333333333333333,8.0,8.0,0.0,2.0,1.0,,,,True,True,UNKNOWN,False,False,,,,,,,,,,NPB,2020-10-03 14:00:00,1,,,0,
2020100303,2020-10-03 14:00:00,阪神タイガース,読売ジャイアンツ,4.0,7.0,UNKNOWN,阪神甲子園球場,unknown,low,False,False,1600060,1900147,[],[],,,,,0,light,2020-10-03 14:00:00+00:00,,UNKNOWN,,,,UNKNOWN,UNKNOWN,,UNKNOWN,,0.0,1.5,8.4375,6.75,0.0,3.575,5.333333333333333,0.0,4.0,0.0,4.0,5.0,,,,7.5,1.5,3.0,4.5,3.0,8.366666666666667,6.0,5.0,6.0,2.0,3.0,2.0,,,,True,True,UNKNOWN,False,False,,,,,,,,,,NPB,2020-10-03 14:00:00,1,,,0,
2020100304,2020-10-03 14:00:00,千葉ロッテマリーンズ,埼玉西武ライオンズ,6.0,3.0,UNKNOWN,ZOZOマリンスタジアム,unknown,low,False,False,1900152,1800054,[],[],,,,,0,light,2020-10-03 14:00:00+00:00,,UNKNOWN,,,,UNKNOWN,UNKNOWN,,UNKNOWN,,0.0,1.125,0.0,3.375,0.0,4.325,2.6666666666666665,0.0,2.0,0.0,1.0,0.0,,,,1.8,1.0,10.8,3.6,3.6,7.2,5.0,1.0,3.0,2.0,2.0,6.0,,,,True,True,UNKNOWN,False,False,,,,,,,,,,NPB,2020-10-03 14:00:00,1,,,0,
2020100305,2020-10-03 14:00:00,オリックス・バファローズ,東北楽天ゴールデンイーグルス,3.0,5.0,UNKNOWN,京セラドーム大阪,unknown,low,False,False,1600005,1600159,[],[],,,,,0,light,2020-10-03 14:00:00+00:00,,UNKNOWN,,,,UNKNOWN,UNKNOWN,,UNKNOWN,,6.0,2.0,6.0,6.0,3.0,8.2,3.0,2.0,4.0,1.0,2.0,2.0,,,,0.0,3.0,0.0,0.0,0.0,3.2,0.6666666666666666,0.0,2.0,0.0,0.0,0.0,,,,True,True,UNKNOWN,False,False,,,,,,,,,,NPB,2020-10-03 14:00:00,1,,,0,
2020100306,2020-10-03 18:00:00,福岡ソフトバンクホークス,北海道日本ハムファイターズ,2.0,1.0,UNKNOWN,福岡PayPayドーム,unknown,low,False,False,1400117,1200106,[],[],,,,,0,light,2020-10-03 18:00:00+00:00,,UNKNOWN,,,,UNKNOWN,UNKNOWN,,UNKNOWN,,2.25,0.625,10.125,0.0,1.125,2.575,8.0,2.0,5.0,1.0,0.0,9.0,,,,1.1739130434782608,0.6521739130434783,7.0434782608695645,1.1739130434782608,1.1739130434782608,3.721739130434783,7.666666666666667,1.0,4.0,1.0,1.0,6.0,,,,True,True,UNKNOWN,False,False,,,,,,,,,,NPB,2020-10-03 18:00:00,1,,,0,
2020100301,2020-10-03 18:30:00,東京ヤクルトスワローズ,広島東洋カープ,2.0,13.0,UNKNOWN,明治神宮野球場,unknown,low,False,False,1900052,1800143,[],[],,,,,0,light,2020-10-03 18:30:00+00:00,,UNKNOWN,,,,UNKNOWN,UNKNOWN,,UNKNOWN,,0.0,1.0,6.428571428571429,1.2857142857142858,0.0,2.2,7.0,0.0,6.0,0.0,1.0,5.0,,,,5.684210526315789,1.736842105263158,5.684210526315789,1.4210526315789473,2.8421052631578947,6.515789473684211,6.333333333333333,4.0,10.0,2.0,1.0,4.0,,,,True,True,UNKNOWN,False,False,,,,,,,,,,NPB,2020-10-03 18:30:00,1,,,0,
2020100404,2020-10-04 13:00:00,千葉ロッテマリーンズ,埼玉西武ライオンズ,8.0,1.0,UNKNOWN,ZOZOマリンスタジアム,unknown,low,False,False,1800080,1000155,[],[],,,,,0,light,2020-10-04 13:00:00+00:00,,UNKNOWN,,,,UNKNOWN,UNKNOWN,,UNKNOWN,,7.2,1.6,9.0,9.0,1.8,6.800000000000001,5.0,4.0,3.0,1.0,5.0,5.0,,,,1.0,0.4444444444444444,2.0,0.0,1.0,4.2,9.0,1.0,4.0,1.0,0.0,2.0,,,,True,True,UNKNOWN,False,False,,,,,,,,,,NPB,2020-10-04 13:00:00,1,,,0,
2020100405,2020-10-04 13:00:00,オリックス・バファローズ,東北楽天ゴールデンイーグルス,9.0,2.0,UNKNOWN,京セラドーム大阪,excluded,high,False,False,1900117,1900087,[],[],,,,,0,light,2020-10-04 13:00:00+00:00,,UNKNOWN,,,,UNKNOWN,UNKNOWN,,UNKNOWN,,1.5,0.6666666666666666,6.0,1.5,0.0,2.3666666666666667,6.0,1.0,3.0,0.0,1.0,4.0,,,,3.6,2.0,7.2,5.4,0.0,3.4000000000000004,5.0,2.0,7.0,0.0,3.0,4.0,,,,True,True,UNKNOWN,False,False,,,,,,,,,,NPB,2020-10-04 13:00:00,1,,,0,
2020100402,2020-10-04 14:00:00,横浜DeNAベイスターズ,中日ドラゴンズ,9.0,3.0,UNKNOWN,横浜スタジアム,unknown,low,False,False,1200098,1800045,[],[],,,,,0,light,2020-10-04 14:00:00+00:00,,UNKNOWN,,,,UNKNOWN,UNKNOWN,,UNKNOWN,,9.818181818181818,1.9090909090909092,4.909090909090909,0.0,4.909090909090909,9.2,3.6666666666666665,4.0,7.0,2.0,0.0,2.0,,,,1.2272727272727273,0.5454545454545455,6.136363636363637,1.2272727272727273,1.2272727272727273,4.0181818181818185,7.333333333333333,1.0,3.0,1.0,1.0,5.0,,,,True,True,UNKNOWN,False,False,,,,,,,,,,NPB,2020-10-04 14:00:00,1,,,0,
2020100403,2020-10-04 14:00:00,阪神タイガース,読売ジャイアンツ,1.0,7.0,UNKNOWN,阪神甲子園球場,unknown,low,False,False,1800028,900425,[],[],,,,,0,light,2020-10-04 14:00:00+00:00,,UNKNOWN,,,,UNKNOWN,UNKNOWN,,UNKNOWN,,4.5,4.0,0.0,18.0,0.0,9.2,2.0,1.0,4.0,0.0,4.0,0.0,,,,3.6,0.8,10.8,0.0,1.8,3.4000000000000004,5.0,2.0,4.0,1.0,0.0,6.0,,,,True,True,UNKNOWN,False,False,,,,,,,,,,NPB,2020-10-04 14:00:00,1,,,0,
2020100406,2020-10-04 14:00:00,福岡ソフトバンクホークス,北海道日本ハムファイターズ,8.0,4.0,UNKNOWN,福岡PayPayドーム,unknown,low,False,False,1900070,20204,[],[],,,,,0,light,2020-10-04 14:00:00+00:00,,UNKNOWN,,,,UNKNOWN,UNKNOWN,,UNKNOWN,,54.0,10.5,0.0,54.0,0.0,21.2,0.6666666666666666,4.0,3.0,0.0,4.0,0.0,,,,5.4,0.6,9.0,1.8,3.6,7.0,5.0,3.0,2.0,2.0,1.0,5.0,,,,True,True,UNKNOWN,False,False,,,,,,,,,,NPB,2020-10-04 14:00:00,1,,,0,
2020100401,2020-10-04 18:30:00,東京ヤクルトスワローズ,広島東洋カープ,4.0,6.0,UNKNOWN,明治神宮野球場,unknown,low,False,False,1300061,1900025,[],[],,,,,0,light,2020-10-04 18:30:00+00:00,,UNKNOWN,,,,UNKNOWN,UNKNOWN,,UNKNOWN,,1.8,1.0,7.2,3.6,1.8,5.4,5.0,1.0,3.0,1.0,2.0,4.0,,,,7.7142857142857135,2.142857142857143,7.7142857142857135,5.785714285714286,1.9285714285714284,6.2,4.666666666666667,4.0,7.0,1.0,3.0,4.0,,,,True,True,UNKNOWN,False,False,,,,,,,,,,NPB,2020-10-04 18:30:00,1,,,0,
2020100501,2020-10-05 18:00:00,阪神タイガース,読売ジャイアンツ,6.0,1.0,UNKNOWN,阪神甲子園球場,unknown,low,False,False,1500046,1700078,[],[],,,,,0,light,2020-10-05 18:00:00+00:00,,UNKNOWN,,,,UNKNOWN,UNKNOWN,,UNKNOWN,,3.6,1.8,7.2,5.4,1.8,6.0,5.0,2.0,6.0,1.0,3.0,4.0,,,,1.0,0.5555555555555556,14.0,0.0,0.0,0.08888888888888902,9.0,1.0,5.0,0.0,0.0,14.0,,,,True,True,UNKNOWN,False,False,,,,,,,,,,NPB,2020-10-05 18:00:00,1,,,0,
2020100601,2020-10-06 18:00:00,読売ジャイアンツ,横浜DeNAベイスターズ,6.0,4.0,UNKNOWN,東京ドーム,unknown,low,False,False,1900031,1200041,[],[],,,,,0,light,2020-10-06 18:00:00+00:00,,UNKNOWN,,,,UNKNOWN,UNKNOWN,,UNKNOWN,,12.0,3.3333333333333335,3.0,9.0,3.0,9.866666666666667,3.0,4.0,7.0,1.0,3.0,1.0,,,,3.857142857142857,0.8571428571428571,5.142857142857143,2.5714285714285716,1.2857142857142858,4.771428571428571,7.0,3.0,4.0,1.0,2.0,4.0,,,,True,True,UNKNOWN,False,False,2020-10-06 09:00:00+00:00,,UNKNOWN,Open-Meteo Historical Forecast,FAIL_CLOSED_NO_ISSUANCE_TIMESTAMP,20.6,54.0,0.0,7.1,NPB,2020-10-06 18:00:00,1,,,0,
2020100602,2020-10-06 18:00:00,中日ドラゴンズ,東京ヤクルトスワローズ,4.0,0.0,UNKNOWN,ナゴヤドーム,unknown,low,False,False,1800039,1800061,[],[],,,,,0,light,2020-10-06 18:00:00+00:00,,UNKNOWN,,,,UNKNOWN,UNKNOWN,,UNKNOWN,,18.0,3.0,4.5,0.0,0.0,2.2,2.0,4.0,6.0,0.0,0.0,1.0,,,,0.0,0.7826086956521738,7.0434782608695645,1.1739130434782608,0.0,2.0260869565217394,7.666666666666667,0.0,5.0,0.0,1.0,6.0,,,,True,True,UNKNOWN,False,False,,,,,,,,,,NPB,2020-10-06 18:00:00,1,,,0,
2020100603,2020-10-06 18:00:00,広島東洋カープ,阪神タイガース,4.0,4.0,UNKNOWN,MAZDA Zoom-Zoom スタジアム広島,unknown,low,False,False,1500090,1300058,[],[],,,,,0,light,2020-10-06 18:00:00+00:00,,UNKNOWN,,,,UNKNOWN,UNKNOWN,,UNKNOWN,,1.5,1.3333333333333333,6.0,3.0,0.0,2.8666666666666667,6.0,1.0,6.0,0.0,2.0,4.0,,,,0.0,0.8571428571428571,11.571428571428571,1.2857142857142858,0.0,1.0571428571428574,7.0,0.0,5.0,0.0,1.0,9.0,,,,True,True,UNKNOWN,False,False,,,,,,,,,,NPB,2020-10-06 18:00:00,1,,,0,
2020100604,2020-10-06 18:00:00,北海道日本ハムファイターズ,東北楽天ゴールデンイーグルス,5.0,3.0,UNKNOWN,札幌ドーム,unknown,low,False,False,1200117,1100099,[],[],,,,,0,light,2020-10-06 18:00:00+00:00,,UNKNOWN,,,,UNKNOWN,UNKNOWN,,UNKNOWN,,7.5,1.8333333333333333,13.5,3.0,1.5,3.3666666666666667,6.0,5.0,9.0,1.0,2.0,9.0,,,,1.4210526315789473,1.736842105263158,5.684210526315789,5.684210526315789,0.0,3.8315789473684214,6.333333333333333,1.0,7.0,0.0,4.0,4.0,,,,True,True,UNKNOWN,False,False,,,,,,,,,,NPB,2020-10-06 18:00:00,1,,,0,
2020100605,2020-10-06 18:00:00,埼玉西武ライオンズ,福岡ソフトバンクホークス,3.0,1.0,UNKNOWN,メットライフドーム,unknown,low,False,False,1000174,1400182,[],[],,,,,0,light,2020-10-06 18:00:00+00:00,,UNKNOWN,,,,UNKNOWN,UNKNOWN,,UNKNOWN,,0.0,1.5,10.5,10.5,0.0,4.366666666666667,6.0,0.0,2.0,0.0,7.0,7.0,,,,0.0,0.4736842105263158,11.368421052631579,1.4210526315789473,0.0,1.1473684210526316,6.333333333333333,0.0,2.0,0.0,1.0,8.0,,,,True,True,UNKNOWN,False,False,,,,,,,,,,NPB,2020-10-06 18:00:00,1,,,0,
2020100606,2020-10-06 18:00:00,千葉ロッテマリーンズ,オリックス・バファローズ,0.0,3.0,UNKNOWN,ZOZOマリンスタジアム,unknown,low,False,False,1600153,1300050,[],[],,,,,0,light,2020-10-06 18:00:00+00:00,,UNKNOWN,,,,UNKNOWN,UNKNOWN,,UNKNOWN,,0.0,0.5,10.125,2.25,0.0,1.7000000000000002,8.0,0.0,2.0,0.0,2.0,9.0,,,,3.857142857142857,1.4285714285714286,5.142857142857143,2.5714285714285716,1.2857142857142858,4.771428571428571,7.0,3.0,8.0,1.0,2.0,4.0,,,,True,True,UNKNOWN,False,False,,,,,,,,,,NPB,2020-10-06 18:00:00,1,,,0,
2020100701,2020-10-07 18:00:00,読売ジャイアンツ,横浜DeNAベイスターズ,3.0,6.0,UNKNOWN,東京ドーム,unknown,low,False,False,1300036,1300029,[],[],,,,,0,light,2020-10-07 18:00:00+00:00,,UNKNOWN,,,,UNKNOWN,UNKNOWN,,UNKNOWN,,3.6,1.2,12.6,5.4,1.8,4.800000000000001,5.0,2.0,3.0,1.0,3.0,7.0,,,,6.75,1.6875,8.4375,1.6875,3.375,6.7625,5.333333333333333,4.0,8.0,2.0,1.0,5.0,,,,True,True,UNKNOWN,False,False,2020-10-07 09:00:00+00:00,,UNKNOWN,Open-Meteo Historical Forecast,FAIL_CLOSED_NO_ISSUANCE_TIMESTAMP,17.7,71.0,2.7,7.6,NPB,2020-10-07 18:00:00,1,,,0,
2020100702,2020-10-07 18:00:00,中日ドラゴンズ,東京ヤクルトスワローズ,4.0,1.0,UNKNOWN,ナゴヤドーム,unknown,low,False,False,12113,1000138,[],[],,,,,0,light,2020-10-07 18:00:00+00:00,,UNKNOWN,,,,UNKNOWN,UNKNOWN,,UNKNOWN,,3.6,1.6,9.0,3.6,0.0,2.4000000000000004,5.0,2.0,6.0,0.0,2.0,5.0,,,,0.0,1.0,9.0,1.5,0.0,1.7000000000000002,6.0,0.0,5.0,0.0,1.0,6.0,,,,True,True,UNKNOWN,False,False,,,,,,,,,,NPB,2020-10-07 18:00:00,1,,,0,
2020100703,2020-10-07 18:00:00,広島東洋カープ,阪神タイガース,9.0,3.0,UNKNOWN,MAZDA Zoom-Zoom スタジアム広島,unknown,low,False,False,600089,1700072,[],[],,,,,0,light,2020-10-07 18:00:00+00:00,,UNKNOWN,,,,UNKNOWN,UNKNOWN,,UNKNOWN,,9.642857142857142,2.142857142857143,7.7142857142857135,7.7142857142857135,0.0,4.057142857142857,4.666666666666667,5.0,6.0,0.0,4.0,4.0,,,,3.6,2.0,5.4,7.2,0.0,4.4,5.0,2.0,6.0,0.0,4.0,3.0,,,,True,True,UNKNOWN,False,False,,,,,,,,,,NPB,2020-10-07 18:00:00,1,,,0,
2020100704,2020-10-07 18:00:00,北海道日本ハムファイターズ,東北楽天ゴールデンイーグルス,2.0,2.0,UNKNOWN,札幌ドーム,unknown,low,False,False,500014,1900129,[],[],,,,,0,light,2020-10-07 18:00:00+00:00,,UNKNOWN,,,,UNKNOWN,UNKNOWN,,UNKNOWN,,3.0,2.0,4.5,9.0,0.0,5.2,6.0,2.0,6.0,0.0,6.0,3.0,,,,1.5,1.5,7.5,6.0,0.0,3.5333333333333337,6.0,1.0,5.0,0.0,4.0,5.0,,,,True,True,UNKNOWN,False,False,,,,,,,,,,NPB,2020-10-07 18:00:00,1,,,0,
2020100705,2020-10-07 18:00:00,埼玉西武ライオンズ,福岡ソフトバンクホークス,4.0,3.0,UNKNOWN,メットライフドーム,unknown,low,False,False,1400129,1900062,[],[],,,,,0,light,2020-10-07 18:00:00+00:00,,UNKNOWN,,,,UNKNOWN,UNKNOWN,,UNKNOWN,,3.8571428571428568,2.571428571428571,11.571428571428571,15.428571428571427,0.0,5.771428571428571,2.3333333333333335,1.0,2.0,0.0,4.0,3.0,,,,8.1,2.6999999999999997,2.6999999999999997,8.1,2.6999999999999997,9.2,3.3333333333333335,3.0,6.0,1.0,3.0,1.0,,,,True,True,UNKNOWN,False,False,,,,,,,,,,NPB,2020-10-07 18:00:00,1,,,0,
2020100706,2020-10-07 18:00:00,千葉ロッテマリーンズ,オリックス・バファローズ,4.0,1.0,UNKNOWN,ZOZOマリンスタジアム,unknown,low,False,False,1700150,1800052,[],[],,,,,0,light,2020-10-07 18:00:00+00:00,,UNKNOWN,,,,UNKNOWN,UNKNOWN,,UNKNOWN,,4.5,1.1666666666666667,7.5,0.0,1.5,3.7,6.0,3.0,7.0,1.0,0.0,5.0,,,,0.0,1.1666666666666667,3.0,1.5,0.0,3.0333333333333337,6.0,0.0,6.0,0.0,1.0,2.0,,,,True,True,UNKNOWN,False,False,,,,,,,,,,NPB,2020-10-07 18:00:00,1,,,0,
2020100801,2020-10-08 18:00:00,読売ジャイアンツ,横浜DeNAベイスターズ,9.0,7.0,UNKNOWN,東京ドーム,unknown,low,False,False,1200050,1900143,[],[],,,,,0,light,2020-10-08 18:00:00+00:00,,UNKNOWN,,,,UNKNOWN,UNKNOWN,,UNKNOWN,,18.0,3.0,0.0,9.0,4.5,12.7,2.0,4.0,4.0,1.0,2.0,0.0,,,,2.5714285714285716,0.7142857142857143,7.714285714285714,0.0,1.2857142857142858,3.342857142857143,7.0,2.0,5.0,1.0,0.0,6.0,,,,True,True,UNKNOWN,False,False,2020-10-08 09:00:00+00:00,,UNKNOWN,Open-Meteo Historical Forecast,FAIL_CLOSED_NO_ISSUANCE_TIMESTAMP,15.6,85.0,1.3,4.2,NPB,2020-10-08 18:00:00,1,,,0,
2020100802,2020-10-08 18:00:00,広島東洋カープ,阪神タイガース,1.0,9.0,UNKNOWN,MAZDA Zoom-Zoom スタジアム広島,unknown,low,False,False,900062,1100081,[],[],,,,,0,light,2020-10-08 18:00:00+00:00,,UNKNOWN,,,,UNKNOWN,UNKNOWN,,UNKNOWN,,1.125,0.625,13.5,1.125,0.0,0.5750000000000002,8.0,1.0,4.0,0.0,1.0,12.0,,,,14.4,2.2,7.2,0.0,5.4,9.4,5.0,8.0,11.0,3.0,0.0,4.0,,,,True,True,UNKNOWN,False,False,,,,,,,,,,NPB,2020-10-08 18:00:00,1,,,0,
2020100803,2020-10-08 18:00:00,北海道日本ハムファイターズ,東北楽天ゴールデンイーグルス,1.0,4.0,UNKNOWN,札幌ドーム,unknown,low,False,False,700065,1800002,[],[],,,,,0,light,2020-10-08 18:00:00+00:00,,UNKNOWN,,,,UNKNOWN,UNKNOWN,,UNKNOWN,,1.3499999999999999,0.8999999999999999,9.45,2.6999999999999997,0.0,2.0,6.666666666666667,1.0,4.0,0.0,2.0,7.0,,,,9.818181818181818,2.7272727272727275,9.818181818181818,9.818181818181818,0.0,4.290909090909091,3.6666666666666665,4.0,6.0,0.0,4.0,4.0,,,,True,True,UNKNOWN,False,False,,,,,,,,,,NPB,2020-10-08 18:00:00,1,,,0,
2020100804,2020-10-08 18:00:00,埼玉西武ライオンズ,福岡ソフトバンクホークス,4.0,4.0,UNKNOWN,メットライフドーム,unknown,low,False,False,1300080,1600127,[],[],,,,,0,light,2020-10-08 18:00:00+00:00,,UNKNOWN,,,,UNKNOWN,UNKNOWN,,UNKNOWN,,5.142857142857143,1.4285714285714286,3.857142857142857,3.857142857142857,1.2857142857142858,5.485714285714286,7.0,4.0,7.0,1.0,3.0,3.0,,,,12.0,3.0,15.0,3.0,0.0,0.8666666666666667,3.0,4.0,8.0,0.0,1.0,5.0,,,,True,True,UNKNOWN,False,False,,,,,,,,,,NPB,2020-10-08 18:00:00,1,,,0,
2020100902,2020-10-09 18:00:00,広島東洋カープ,東京ヤクルトスワローズ,7.0,12.0,UNKNOWN,MAZDA Zoom-Zoom スタジアム広島,unknown,low,False,False,1100076,1600123,[],[],,,,,0,light,2020-10-09 18:00:00+00:00,,UNKNOWN,,,,UNKNOWN,UNKNOWN,,UNKNOWN,,6.230769230769231,2.307692307692308,2.076923076923077,4.153846153846154,2.076923076923077,7.1230769230769235,4.333333333333333,3.0,8.0,1.0,2.0,1.0,,,,9.0,2.5,4.5,4.5,0.0,3.7,4.0,4.0,8.0,0.0,2.0,2.0,,,,True,True,UNKNOWN,False,False,,,,,,,,,,NPB,2020-10-09 18:00:00,1,,,0,
2020100903,2020-10-09 18:00:00,北海道日本ハムファイターズ,オリックス・バファローズ,4.0,6.0,UNKNOWN,札幌ドーム,unknown,low,False,False,1700109,1300094,[],[],,,,,0,light,2020-10-09 18:00:00+00:00,,UNKNOWN,,,,UNKNOWN,UNKNOWN,,UNKNOWN,,3.0,0.8333333333333334,10.5,3.0,1.5,4.033333333333333,6.0,2.0,3.0,1.0,2.0,7.0,,,,6.0,2.0,4.5,7.5,1.5,6.866666666666667,6.0,4.0,7.0,1.0,5.0,3.0,,,,True,True,UNKNOWN,False,False,,,,,,,,,,NPB,2020-10-09 18:00:00,1,,,0,
2020100904,2020-10-09 18:00:00,東北楽天ゴールデンイーグルス,埼玉西武ライオンズ,2.0,5.0,UNKNOWN,楽天生命パーク宮城,unknown,low,False,False,1800022,1000154,[],[],,,,,0,light,2020-10-09 18:00:00+00:00,,UNKNOWN,,,,UNKNOWN,UNKNOWN,,UNKNOWN,,3.0,1.1666666666666667,7.5,3.0,0.0,2.5333333333333337,6.0,2.0,5.0,0.0,2.0,5.0,,,,5.4,1.4,10.8,3.6,0.0,2.0,5.0,3.0,5.0,0.0,2.0,6.0,,,,True,True,UNKNOWN,False,False,,,,,,,,,,NPB,2020-10-09 18:00:00,1,,,0,
2020100905,2020-10-09 18:00:00,福岡ソフトバンクホークス,千葉ロッテマリーンズ,1.0,3.0,UNKNOWN,福岡PayPayドーム,unknown,low,False,False,1300055,1900153,[],[],,,,,0,light,2020-10-09 18:00:00+00:00,,UNKNOWN,,,,UNKNOWN,UNKNOWN,,UNKNOWN,,1.2857142857142858,0.5714285714285714,11.571428571428571,1.2857142857142858,1.2857142857142858,2.9142857142857146,7.0,1.0,3.0,1.0,1.0,9.0,,,,3.176470588235294,1.7647058823529411,12.705882352941176,4.764705882352941,0.0,1.9647058823529415,5.666666666666667,2.0,7.0,0.0,3.0,8.0,,,,True,True,UNKNOWN,False,False,,,,,,,,,,NPB,2020-10-09 18:00:00,1,,,0,
2020101001,2020-10-10 14:00:00,中日ドラゴンズ,読売ジャイアンツ,1.0,7.0,UNKNOWN,ナゴヤドーム,unknown,low,False,False,1600060,2000003,[],[],,,,,0,light,2020-10-10 14:00:00+00:00,,UNKNOWN,,,,UNKNOWN,UNKNOWN,,UNKNOWN,,0.0,1.1428571428571428,2.5714285714285716,3.857142857142857,0.0,3.9142857142857146,7.0,0.0,5.0,0.0,3.0,2.0,,,,9.642857142857142,1.9285714285714284,15.428571428571427,0.0,0.0,-0.2285714285714282,4.666666666666667,5.0,9.0,0.0,0.0,8.0,,,,True,True,UNKNOWN,False,False,,,,,,,,,,NPB,2020-10-10 14:00:00,1,,,0,
2020101002,2020-10-10 14:00:00,阪神タイガース,横浜DeNAベイスターズ,3.0,5.0,UNKNOWN,阪神甲子園球場,unknown,low,False,False,1600081,1900147,[],[],,,,,0,light,2020-10-10 14:00:00+00:00,,UNKNOWN,,,,UNKNOWN,UNKNOWN,,UNKNOWN,,6.75,3.75,6.75,13.5,0.0,6.2,1.3333333333333333,1.0,3.0,0.0,2.0,1.0,,,,4.5,1.5,6.0,0.0,4.5,8.366666666666667,6.0,3.0,9.0,3.0,0.0,4.0,,,,True,True,UNKNOWN,False,False,,,,,,,,,,NPB,2020-10-10 14:00:00,1,,,0,
2020101004,2020-10-10 14:00:00,北海道日本ハムファイターズ,オリックス・バファローズ,4.0,0.0,UNKNOWN,札幌ドーム,unknown,low,False,False,1600150,1400117,[],[],,,,,0,light,2020-10-10 14:00:00+00:00,,UNKNOWN,,,,UNKNOWN,UNKNOWN,,UNKNOWN,,4.5,1.1666666666666667,6.0,1.5,1.5,4.533333333333333,6.0,3.0,6.0,1.0,1.0,4.0,,,,0.0,0.8888888888888888,6.0,2.0,0.0,2.5333333333333337,9.0,0.0,6.0,0.0,2.0,6.0,,,,True,True,UNKNOWN,False,False,,,,,,,,,,NPB,2020-10-10 14:00:00,1,,,0,
2020101005,2020-10-10 14:00:00,東北楽天ゴールデンイーグルス,埼玉西武ライオンズ,0.0,0.0,UNKNOWN,楽天生命パーク宮城,excluded,high,False,False,1000143,1600005,[],[],,,,,0,light,2020-10-10 14:00:00+00:00,,UNKNOWN,,,,UNKNOWN,UNKNOWN,,UNKNOWN,,0.0,2.3333333333333335,9.0,15.0,0.0,6.2,3.0,0.0,2.0,0.0,5.0,3.0,,,,0.0,0.0,9.0,0.0,0.0,1.2000000000000002,3.0,0.0,0.0,0.0,0.0,3.0,,,,True,True,UNKNOWN,False,False,,,,,,,,,,NPB,2020-10-10 14:00:00,1,,,0,
2020101006,2020-10-10 14:00:00,福岡ソフトバンクホークス,千葉ロッテマリーンズ,5.0,1.0,UNKNOWN,福岡PayPayドーム,unknown,low,False,False,1800054,1200106,[],[],,,,,0,light,2020-10-10 14:00:00+00:00,,UNKNOWN,,,,UNKNOWN,UNKNOWN,,UNKNOWN,,13.5,1.5,9.0,0.0,4.5,7.7,2.0,3.0,3.0,1.0,0.0,2.0,,,,1.125,0.75,9.0,3.375,0.0,2.325,8.0,1.0,3.0,0.0,3.0,8.0,,,,True,True,UNKNOWN,False,False,,,,,,,,,,NPB,2020-10-10 14:00:00,1,,,0,
2020101003,2020-10-10 18:00:00,広島東洋カープ,東京ヤクルトスワローズ,3.0,0.0,UNKNOWN,MAZDA Zoom-Zoom スタジアム広島,unknown,low,False,False,1800143,1900052,[],[],,,,,0,light,2020-10-10 18:00:00+00:00,,UNKNOWN,,,,UNKNOWN,UNKNOWN,,UNKNOWN,,5.4,1.4,9.0,1.8,0.0,1.8000000000000003,5.0,3.0,6.0,0.0,1.0,5.0,,,,0.0,1.1666666666666667,12.0,4.5,0.0,2.033333333333333,6.0,0.0,4.0,0.0,3.0,8.0,,,,True,True,UNKNOWN,False,False,,,,,,,,,,NPB,2020-10-10 18:00:00,1,,,0,
2020101105,2020-10-11 13:00:00,東北楽天ゴールデンイーグルス,埼玉西武ライオンズ,8.0,2.0,UNKNOWN,楽天生命パーク宮城,unknown,low,False,False,1800080,1900117,[],[],,,,,0,light,2020-10-11 13:00:00+00:00,,UNKNOWN,,,,UNKNOWN,UNKNOWN,,UNKNOWN,,9.0,3.0,6.75,11.25,4.5,11.95,4.0,4.0,7.0,2.0,5.0,3.0,,,,2.076923076923077,0.576923076923077,8.307692307692308,0.0,0.0,1.353846153846154,8.666666666666666,2.0,5.0,0.0,0.0,8.0,,,,True,True,UNKNOWN,False,False,,,,,,,,,,NPB,2020-10-11 13:00:00,1,,,0,
2020101106,2020-10-11 13:00:00,福岡ソフトバンクホークス,千葉ロッテマリーンズ,3.0,0.0,UNKNOWN,福岡PayPayドーム,unknown,low,False,False,1000155,20204,[],[],,,,,0,light,2020-10-11 13:00:00+00:00,,UNKNOWN,,,,UNKNOWN,UNKNOWN,,UNKNOWN,,3.857142857142857,1.5714285714285714,6.428571428571429,3.857142857142857,1.2857142857142858,4.914285714285715,7.0,3.0,8.0,1.0,3.0,5.0,,,,0.0,1.0,10.8,7.2,0.0,3.2,5.0,0.0,1.0,0.0,4.0,6.0,,,,True,True,UNKNOWN,False,False,,,,,,,,,,NPB,2020-10-11 13:00:00,1,,,0,
2020101103,2020-10-11 13:30:00,広島東洋カープ,東京ヤクルトスワローズ,7.0,4.0,UNKNOWN,MAZDA Zoom-Zoom スタジアム広島,unknown,low,False,False,1200076,1300061,[],[],,,,,0,light,2020-10-11 13:30:00+00:00,,UNKNOWN,,,,UNKNOWN,UNKNOWN,,UNKNOWN,,13.5,1.75,2.25,2.25,0.0,3.45,4.0,6.0,6.0,0.0,1.0,1.0,,,,1.5,1.3333333333333333,10.5,3.0,1.5,4.033333333333333,6.0,1.0,6.0,1.0,2.0,7.0,,,,True,True,UNKNOWN,False,False,,,,,,,,,,NPB,2020-10-11 13:30:00,1,,,0,
2020101101,2020-10-11 14:00:00,中日ドラゴンズ,読売ジャイアンツ,7.0,0.0,UNKNOWN,ナゴヤドーム,unknown,low,False,False,1800028,1700104,[],[],,,,,0,light,2020-10-11 14:00:00+00:00,,UNKNOWN,,,,UNKNOWN,UNKNOWN,,UNKNOWN,,3.0,0.8333333333333334,6.0,1.5,0.0,2.3666666666666667,6.0,2.0,4.0,0.0,1.0,4.0,,,,0.0,1.2352941176470587,9.529411764705882,6.352941176470588,0.0,3.2,5.666666666666667,0.0,3.0,0.0,4.0,6.0,,,,True,True,UNKNOWN,False,False,,,,,,,,,,NPB,2020-10-11 14:00:00,1,,,0,
2020101102,2020-10-11 14:00:00,阪神タイガース,横浜DeNAベイスターズ,4.0,3.0,UNKNOWN,阪神甲子園球場,unknown,low,False,False,1800043,900425,[],[],,,,,0,light,2020-10-11 14:00:00+00:00,,UNKNOWN,,,,UNKNOWN,UNKNOWN,,UNKNOWN,,7.2,1.8,9.0,5.4,1.8,5.6,5.0,4.0,6.0,1.0,3.0,5.0,,,,5.0625,1.125,3.375,0.0,5.0625,9.7625,5.333333333333333,3.0,6.0,3.0,0.0,2.0,,,,True,True,UNKNOWN,False,False,,,,,,,,,,NPB,2020-10-11 14:00:00,1,,,0,
2020101104,2020-10-11 14:00:00,北海道日本ハムファイターズ,オリックス・バファローズ,5.0,7.0,UNKNOWN,札幌ドーム,unknown,low,False,False,1000027,1500109,[],[],,,,,0,light,2020-10-11 14:00:00+00:00,,UNKNOWN,,,,UNKNOWN,UNKNOWN,,UNKNOWN,,5.0625,1.125,3.375,5.0625,0.0,4.1375,5.333333333333333,3.0,3.0,0.0,3.0,2.0,,,,12.272727272727273,2.7272727272727275,4.909090909090909,4.909090909090909,0.0,3.7454545454545456,3.6666666666666665,5.0,8.0,0.0,2.0,2.0,,,,True,True,UNKNOWN,False,False,,,,,,,,,,NPB,2020-10-11 14:00:00,1,,,0,
2020101201,2020-10-12 18:00:00,中日ドラゴンズ,読売ジャイアンツ,3.0,2.0,UNKNOWN,ナゴヤドーム,unknown,low,False,False,1500046,1200055,[],[],,,,,0,light,2020-10-12 18:00:00+00:00,,UNKNOWN,,,,UNKNOWN,UNKNOWN,,UNKNOWN,,5.0625,1.5,3.375,3.375,1.6875,6.0125,5.333333333333333,3.0,6.0,1.0,2.0,2.0,,,,3.0,1.0,3.0,0.0,0.0,2.5333333333333337,6.0,2.0,6.0,0.0,0.0,2.0,,,,True,True,UNKNOWN,False,False,,,,,,,,,,NPB,2020-10-12 18:00:00,1,,,0,
2020101301,2020-10-13 18:00:00,読売ジャイアンツ,広島東洋カープ,3.0,4.0,UNKNOWN,東京ドーム,unknown,low,False,False,1300058,1200041,[],[],,,,,0,light,2020-10-13 18:00:00+00:00,,UNKNOWN,,,,UNKNOWN,UNKNOWN,,UNKNOWN,,1.125,0.875,5.625,1.125,0.0,2.325,8.0,1.0,6.0,0.0,1.0,5.0,,,,4.5,1.5,7.5,3.0,0.0,2.5333333333333337,6.0,3.0,7.0,0.0,2.0,5.0,,,,True,True,UNKNOWN,False,False,2020-10-13 09:00:00+00:00,,UNKNOWN,Open-Meteo Historical Forecast,FAIL_CLOSED_NO_ISSUANCE_TIMESTAMP,21.9,75.0,0.0,5.9,NPB,2020-10-13 18:00:00,1,,,0,
2020101302,2020-10-13 18:00:00,東京ヤクルトスワローズ,横浜DeNAベイスターズ,1.0,8.0,UNKNOWN,明治神宮野球場,unknown,low,False,False,1800045,1300045,[],[],,,,,0,light,2020-10-13 18:00:00+00:00,,UNKNOWN,,,,UNKNOWN,UNKNOWN,,UNKNOWN,,1.5,0.8333333333333334,12.0,0.0,0.0,0.5333333333333337,6.0,1.0,5.0,0.0,0.0,8.0,,,,4.5,1.6666666666666667,3.0,1.5,1.5,5.2,6.0,3.0,9.0,1.0,1.0,2.0,,,,True,True,UNKNOWN,False,False,,,,,,,,,,NPB,2020-10-13 18:00:00,1,,,0,
2020101303,2020-10-13 18:00:00,中日ドラゴンズ,阪神タイガース,4.0,2.0,UNKNOWN,ナゴヤドーム,unknown,low,False,False,1700078,1800061,[],[],,,,,0,light,2020-10-13 18:00:00+00:00,,UNKNOWN,,,,UNKNOWN,UNKNOWN,,UNKNOWN,,6.75,1.5,6.75,2.25,0.0,2.45,4.0,3.0,5.0,0.0,1.0,3.0,,,,3.0,0.8333333333333334,10.5,0.0,1.5,3.0333333333333337,6.0,2.0,5.0,1.0,0.0,7.0,,,,True,True,UNKNOWN,False,False,,,,,,,,,,NPB,2020-10-13 18:00:00,1,,,0,
2020101304,2020-10-13 18:00:00,北海道日本ハムファイターズ,埼玉西武ライオンズ,0.0,7.0,UNKNOWN,札幌ドーム,unknown,low,False,False,1400182,1100099,[],[],,,,,0,light,2020-10-13 18:00:00+00:00,,UNKNOWN,,,,UNKNOWN,UNKNOWN,,UNKNOWN,,0.0,0.875,5.625,3.375,0.0,3.075,8.0,0.0,4.0,0.0,3.0,5.0,,,,6.0,2.1666666666666665,4.5,6.0,0.0,4.2,6.0,4.0,9.0,0.0,4.0,3.0,,,,True,True,UNKNOWN,False,False,,,,,,,,,,NPB,2020-10-13 18:00:00,1,,,0,
2020101305,2020-10-13 18:00:00,千葉ロッテマリーンズ,東北楽天ゴールデンイーグルス,4.0,3.0,UNKNOWN,ZOZOマリンスタジアム,unknown,low,False,False,1200117,1300050,[],[],,,,,0,light,2020-10-13 18:00:00+00:00,,UNKNOWN,,,,UNKNOWN,UNKNOWN,,UNKNOWN,,2.5714285714285716,0.7142857142857143,9.0,0.0,1.2857142857142858,3.0571428571428574,7.0,2.0,5.0,1.0,0.0,7.0,,,,3.857142857142857,1.2857142857142858,5.142857142857143,1.2857142857142858,1.2857142857142858,4.342857142857143,7.0,3.0,8.0,1.0,1.0,4.0,,,,True,True,UNKNOWN,False,False,,,,,,,,,,NPB,2020-10-13 18:00:00,1,,,0,
2020101306,2020-10-13 18:00:00,オリックス・バファローズ,福岡ソフトバンクホークス,0.0,2.0,UNKNOWN,京セラドーム大阪,unknown,low,False,False,1400129,1600153,[],[],,,,,0,light,2020-10-13 18:00:00+00:00,,UNKNOWN,,,,UNKNOWN,UNKNOWN,,UNKNOWN,,0.0,0.6,5.4,3.6,0.0,3.2,5.0,0.0,1.0,0.0,2.0,3.0,,,,1.125,0.875,7.875,2.25,0.0,2.2,8.0,1.0,5.0,0.0,2.0,7.0,,,,True,True,UNKNOWN,False,False,,,,,,,,,,NPB,2020-10-13 18:00:00,1,,,0,
2020101401,2020-10-14 18:00:00,読売ジャイアンツ,広島東洋カープ,6.0,1.0,UNKNOWN,東京ドーム,unknown,low,False,False,1700072,1800023,[],[],,,,,0,light,2020-10-14 18:00:00+00:00,,UNKNOWN,,,,UNKNOWN,UNKNOWN,,UNKNOWN,,6.75,2.0625,6.75,6.75,0.0,3.95,5.333333333333333,4.0,7.0,0.0,4.0,4.0,,,,1.8,0.6,3.6,1.8,1.8,5.6,5.0,1.0,2.0,1.0,1.0,2.0,,,,True,True,UNKNOWN,False,False,2020-10-14 09:00:00+00:00,,UNKNOWN,Open-Meteo Historical Forecast,FAIL_CLOSED_NO_ISSUANCE_TIMESTAMP,20.2,62.0,0.0,6.4,NPB,2020-10-14 18:00:00,1,,,0,
2020101402,2020-10-14 18:00:00,東京ヤクルトスワローズ,横浜DeNAベイスターズ,6.0,9.0,UNKNOWN,明治神宮野球場,unknown,low,False,False,1900031,12113,[],[],,,,,0,light,2020-10-14 18:00:00+00:00,,UNKNOWN,,,,UNKNOWN,UNKNOWN,,UNKNOWN,,1.8,1.2,9.0,5.4,1.8,5.6,5.0,1.0,3.0,1.0,3.0,5.0,,,,9.0,1.8,7.2,3.6,1.8,5.4,5.0,5.0,7.0,1.0,2.0,4.0,,,,True,True,UNKNOWN,False,False,,,,,,,,,,NPB,2020-10-14 18:00:00,1,,,0,
2020101403,2020-10-14 18:00:00,中日ドラゴンズ,阪神タイガース,3.0,0.0,UNKNOWN,ナゴヤドーム,unknown,low,False,False,1500090,1000138,[],[],,,,,0,light,2020-10-14 18:00:00+00:00,,UNKNOWN,,,,UNKNOWN,UNKNOWN,,UNKNOWN,,3.857142857142857,1.2857142857142858,7.714285714285714,2.5714285714285716,0.0,2.342857142857143,7.0,3.0,7.0,0.0,2.0,6.0,,,,0.0,0.7777777777777778,7.0,1.0,0.0,1.9777777777777779,9.0,0.0,6.0,0.0,1.0,7.0,,,,True,True,UNKNOWN,False,False,,,,,,,,,,NPB,2020-10-14 18:00:00,1,,,0,
2020101404,2020-10-14 18:00:00,北海道日本ハムファイターズ,埼玉西武ライオンズ,7.0,2.0,UNKNOWN,札幌ドーム,excluded,high,False,False,1900062,1900129,[],[],,,,,0,light,2020-10-14 18:00:00+00:00,,UNKNOWN,,,,UNKNOWN,UNKNOWN,,UNKNOWN,,8.1,3.0,5.3999999999999995,13.5,2.6999999999999997,10.399999999999999,3.3333333333333335,3.0,5.0,1.0,5.0,2.0,,,,0.0,0.625,11.25,2.25,0.0,1.4500000000000002,8.0,0.0,3.0,0.0,2.0,10.0,,,,True,True,UNKNOWN,False,False,,,,,,,,,,NPB,2020-10-14 18:00:00,1,,,0,
2020101405,2020-10-14 18:00:00,千葉ロッテマリーンズ,東北楽天ゴールデンイーグルス,1.0,4.0,UNKNOWN,ZOZOマリンスタジアム,unknown,low,False,False,500014,400098,[],[],,,,,0,light,2020-10-14 18:00:00+00:00,,UNKNOWN,,,,UNKNOWN,UNKNOWN,,UNKNOWN,,1.2857142857142858,1.1428571428571428,5.142857142857143,2.5714285714285716,1.2857142857142858,4.771428571428571,7.0,1.0,6.0,1.0,2.0,4.0,,,,3.0,1.1666666666666667,6.0,0.0,1.5,4.033333333333333,6.0,2.0,7.0,1.0,0.0,4.0,,,,True,True,UNKNOWN,False,False,,,,,,,,,,NPB,2020-10-14 18:00:00,1,,,0,
2020101406,2020-10-14 18:00:00,オリックス・バファローズ,福岡ソフトバンクホークス,0.0,4.0,UNKNOWN,京セラドーム大阪,unknown,low,False,False,1000174,1400195,[],[],,,,,0,light,2020-10-14 18:00:00+00:00,,UNKNOWN,,,,UNKNOWN,UNKNOWN,,UNKNOWN,,0.0,0.8333333333333334,15.0,1.5,0.0,0.3666666666666667,6.0,0.0,4.0,0.0,1.0,10.0,,,,4.05,1.2,8.1,4.05,0.0,2.75,6.666666666666667,3.0,5.0,0.0,3.0,6.0,,,,True,True,UNKNOWN,False,False,,,,,,,,,,NPB,2020-10-14 18:00:00,1,,,0,
2020101501,2020-10-15 18:00:00,読売ジャイアンツ,広島東洋カープ,5.0,5.0,UNKNOWN,東京ドーム,unknown,low,False,False,1100081,1900143,[],[],,,,,0,light,2020-10-15 18:00:00+00:00,,UNKNOWN,,,,UNKNOWN,UNKNOWN,,UNKNOWN,,4.5,1.0,0.0,4.5,0.0,4.7,2.0,1.0,1.0,0.0,1.0,0.0,,,,8.4375,2.0625,5.0625,3.375,1.6875,5.6375,5.333333333333333,5.0,9.0,1.0,2.0,3.0,,,,True,True,UNKNOWN,False,False,2020-10-15 09:00:00+00:00,,UNKNOWN,Open-Meteo Historical Forecast,FAIL_CLOSED_NO_ISSUANCE_TIMESTAMP,16.2,72.0,0.0,7.7,NPB,2020-10-15 18:00:00,1,,,0,
2020101502,2020-10-15 18:00:00,東京ヤクルトスワローズ,横浜DeNAベイスターズ,4.0,3.0,UNKNOWN,明治神宮野球場,excluded,high,False,False,1300031,1900025,[],[],,,,,0,light,2020-10-15 18:00:00+00:00,,UNKNOWN,,,,UNKNOWN,UNKNOWN,,UNKNOWN,,0.0,2.5,0.0,4.5,0.0,4.7,2.0,0.0,4.0,0.0,1.0,0.0,,,,3.0,0.6666666666666666,7.5,1.5,3.0,6.366666666666667,6.0,2.0,3.0,2.0,1.0,5.0,,,,True,True,UNKNOWN,False,False,,,,,,,,,,NPB,2020-10-15 18:00:00,1,,,0,
2020101503,2020-10-15 18:00:00,中日ドラゴンズ,阪神タイガース,5.0,3.0,UNKNOWN,ナゴヤドーム,unknown,low,False,False,600089,1200098,[],[],,,,,0,light,2020-10-15 18:00:00+00:00,,UNKNOWN,,,,UNKNOWN,UNKNOWN,,UNKNOWN,,5.3999999999999995,2.4,5.3999999999999995,8.1,0.0,4.7,3.3333333333333335,2.0,5.0,0.0,3.0,2.0,,,,0.0,1.2,7.2,0.0,0.0,1.6,5.0,0.0,6.0,0.0,0.0,4.0,,,,True,True,UNKNOWN,False,False,,,,,,,,,,NPB,2020-10-15 18:00:00,1,,,0,
2020101504,2020-10-15 18:00:00,北海道日本ハムファイターズ,埼玉西武ライオンズ,8.0,3.0,UNKNOWN,札幌ドーム,unknown,low,False,False,1800022,1800002,[],[],,,,,0,light,2020-10-15 18:00:00+00:00,,UNKNOWN,,,,UNKNOWN,UNKNOWN,,UNKNOWN,,22.5,4.5,0.0,13.5,0.0,7.7,2.0,5.0,6.0,0.0,3.0,0.0,,,,4.5,1.0,7.5,4.5,1.5,5.2,6.0,3.0,3.0,1.0,3.0,5.0,,,,True,True,UNKNOWN,False,False,,,,,,,,,,NPB,2020-10-15 18:00:00,1,,,0,
2020101505,2020-10-15 18:00:00,千葉ロッテマリーンズ,東北楽天ゴールデンイーグルス,0.0,6.0,UNKNOWN,ZOZOマリンスタジアム,unknown,low,False,False,700065,1800052,[],[],,,,,0,light,2020-10-15 18:00:00+00:00,,UNKNOWN,,,,UNKNOWN,UNKNOWN,,UNKNOWN,,0.0,0.3333333333333333,13.0,1.0,0.0,0.6444444444444448,9.0,0.0,2.0,0.0,1.0,13.0,,,,6.428571428571429,1.4285714285714286,9.0,1.2857142857142858,0.0,1.6285714285714288,7.0,5.0,9.0,0.0,1.0,7.0,,,,True,True,UNKNOWN,False,False,,,,,,,,,,NPB,2020-10-15 18:00:00,1,,,0,
2020101506,2020-10-15 18:00:00,オリックス・バファローズ,福岡ソフトバンクホークス,4.0,9.0,UNKNOWN,京セラドーム大阪,unknown,low,False,False,1300080,1700109,[],[],,,,,0,light,2020-10-15 18:00:00+00:00,,UNKNOWN,,,,UNKNOWN,UNKNOWN,,UNKNOWN,,3.6,1.0,7.2,3.6,0.0,2.8000000000000003,5.0,2.0,3.0,0.0,2.0,4.0,,,,10.125,1.6875,8.4375,3.375,0.0,2.45,5.333333333333333,6.0,7.0,0.0,2.0,5.0,,,,True,True,UNKNOWN,False,False,,,,,,,,,,NPB,2020-10-15 18:00:00,1,,,0,
2020101601,2020-10-16 18:00:00,横浜DeNAベイスターズ,読売ジャイアンツ,2.0,1.0,UNKNOWN,横浜スタジアム,unknown,low,False,False,1100038,1200050,[],[],,,,,0,light,2020-10-16 18:00:00+00:00,,UNKNOWN,,,,UNKNOWN,UNKNOWN,,UNKNOWN,,0.0,1.3333333333333333,9.0,6.0,0.0,3.2,6.0,0.0,4.0,0.0,4.0,6.0,,,,0.0,0.7142857142857143,5.142857142857143,1.2857142857142858,0.0,2.4857142857142858,7.0,0.0,4.0,0.0,1.0,4.0,,,,True,True,UNKNOWN,False,False,,,,,,,,,,NPB,2020-10-16 18:00:00,1,,,0,
2020101602,2020-10-16 18:00:00,阪神タイガース,東京ヤクルトスワローズ,5.0,0.0,UNKNOWN,阪神甲子園球場,unknown,low,False,False,1100076,900062,[],[],,,,,0,light,2020-10-16 18:00:00+00:00,,UNKNOWN,,,,UNKNOWN,UNKNOWN,,UNKNOWN,,4.153846153846154,1.8461538461538463,10.384615384615385,0.0,0.0,0.8923076923076922,4.333333333333333,2.0,8.0,0.0,0.0,5.0,,,,0.0,0.875,4.5,2.25,0.0,2.95,8.0,0.0,5.0,0.0,2.0,4.0,,,,True,True,UNKNOWN,False,False,,,,,,,,,,NPB,2020-10-16 18:00:00,1,,,0,
2020101603,2020-10-16 18:00:00,広島東洋カープ,中日ドラゴンズ,6.0,8.0,UNKNOWN,MAZDA Zoom-Zoom スタジアム広島,unknown,low,False,False,2000003,1600123,[],[],,,,,0,light,2020-10-16 18:00:00+00:00,,UNKNOWN,,,,UNKNOWN,UNKNOWN,,UNKNOWN,,5.0625,1.5,10.125,1.6875,1.6875,3.95,5.333333333333333,3.0,7.0,1.0,1.0,6.0,,,,4.5,1.3333333333333333,3.0,1.5,1.5,5.2,6.0,3.0,7.0,1.0,1.0,2.0,,,,True,True,UNKNOWN,False,False,,,,,,,,,,NPB,2020-10-16 18:00:00,1,,,0,
2020101604,2020-10-16 18:00:00,埼玉西武ライオンズ,オリックス・バファローズ,2.0,1.0,UNKNOWN,メットライフドーム,unknown,low,False,False,1600150,1600127,[],[],,,,,0,light,2020-10-16 18:00:00+00:00,,UNKNOWN,,,,UNKNOWN,UNKNOWN,,UNKNOWN,,3.0,1.1666666666666667,10.5,1.5,0.0,1.366666666666667,6.0,2.0,6.0,0.0,1.0,7.0,,,,0.0,1.5,5.0625,10.125,0.0,5.45,5.333333333333333,0.0,2.0,0.0,6.0,3.0,,,,True,True,UNKNOWN,False,False,,,,,,,,,,NPB,2020-10-16 18:00:00,1,,,0,
2020101605,2020-10-16 18:00:00,千葉ロッテマリーンズ,北海道日本ハムファイターズ,5.0,1.0,UNKNOWN,ZOZOマリンスタジアム,unknown,low,False,False,1300094,1300055,[],[],,,,,0,light,2020-10-16 18:00:00+00:00,,UNKNOWN,,,,UNKNOWN,UNKNOWN,,UNKNOWN,,7.363636363636364,1.9090909090909092,4.909090909090909,7.363636363636364,4.909090909090909,11.654545454545456,3.6666666666666665,3.0,4.0,2.0,3.0,2.0,,,,0.0,0.6666666666666666,6.0,1.5,0.0,2.3666666666666667,6.0,0.0,3.0,0.0,1.0,4.0,,,,True,True,UNKNOWN,False,False,,,,,,,,,,NPB,2020-10-16 18:00:00,1,,,0,
2020101606,2020-10-16 18:00:00,福岡ソフトバンクホークス,東北楽天ゴールデンイーグルス,7.0,3.0,UNKNOWN,福岡PayPayドーム,unknown,low,False,False,1000154,1900153,[],[],,,,,0,light,2020-10-16 18:00:00+00:00,,UNKNOWN,,,,UNKNOWN,UNKNOWN,,UNKNOWN,,54.0,9.0,0.0,0.0,0.0,3.2,0.6666666666666666,4.0,6.0,0.0,0.0,0.0,,,,2.5714285714285716,1.0,10.285714285714286,1.2857142857142858,1.2857142857142858,3.2,7.0,2.0,6.0,1.0,1.0,8.0,,,,True,True,UNKNOWN,False,False,,,,,,,,,,NPB,2020-10-16 18:00:00,1,,,0,
2020101703,2020-10-17 14:00:00,広島東洋カープ,中日ドラゴンズ,2.0,5.0,UNKNOWN,MAZDA Zoom-Zoom スタジアム広島,unknown,low,False,False,1600106,1900052,[],[],,,,,0,light,2020-10-17 14:00:00+00:00,,UNKNOWN,,,,UNKNOWN,UNKNOWN,,UNKNOWN,,2.5714285714285716,1.4285714285714286,2.5714285714285716,2.5714285714285716,0.0,3.4857142857142858,7.0,2.0,8.0,0.0,2.0,2.0,,,,1.2857142857142858,0.7142857142857143,10.285714285714286,0.0,0.0,0.9142857142857146,7.0,1.0,5.0,0.0,0.0,8.0,,,,True,True,UNKNOWN,False,False,,,,,,,,,,NPB,2020-10-17 14:00:00,1,,,0,
2020101704,2020-10-17 14:00:00,埼玉西武ライオンズ,オリックス・バファローズ,1.0,4.0,UNKNOWN,メットライフドーム,unknown,low,False,False,1600159,1100089,[],[],,,,,0,light,2020-10-17 14:00:00+00:00,,UNKNOWN,,,,UNKNOWN,UNKNOWN,,UNKNOWN,,0.0,0.6666666666666666,12.0,1.5,0.0,1.0333333333333337,6.0,0.0,3.0,0.0,1.0,8.0,,,,4.5,1.1666666666666667,3.0,3.0,3.0,7.866666666666667,6.0,3.0,5.0,2.0,2.0,2.0,,,,True,True,UNKNOWN,False,False,,,,,,,,,,NPB,2020-10-17 14:00:00,1,,,0,
2020101706,2020-10-17 14:00:00,福岡ソフトバンクホークス,東北楽天ゴールデンイーグルス,5.0,0.0,UNKNOWN,福岡PayPayドーム,unknown,low,False,False,1600005,1200106,[],[],,,,,0,light,2020-10-17 14:00:00+00:00,,UNKNOWN,,,,UNKNOWN,UNKNOWN,,UNKNOWN,,9.0,1.6,9.0,5.4,3.6,8.2,5.0,5.0,5.0,2.0,3.0,5.0,,,,0.0,0.8571428571428571,9.0,2.5714285714285716,0.0,2.0571428571428574,7.0,0.0,4.0,0.0,2.0,7.0,,,,True,True,UNKNOWN,False,False,,,,,,,,,,NPB,2020-10-17 14:00:00,1,,,0,
2020101804,2020-10-18 13:00:00,埼玉西武ライオンズ,オリックス・バファローズ,3.0,2.0,UNKNOWN,メットライフドーム,unknown,low,False,False,1900087,1800080,[],[],,,,,0,light,2020-10-18 13:00:00+00:00,,UNKNOWN,,,,UNKNOWN,UNKNOWN,,UNKNOWN,,4.5,0.8333333333333334,7.5,0.0,0.0,1.5333333333333334,6.0,3.0,5.0,0.0,0.0,5.0,,,,1.5,0.8333333333333334,4.5,1.5,0.0,2.7,6.0,1.0,4.0,0.0,1.0,3.0,,,,True,True,UNKNOWN,False,False,,,,,,,,,,NPB,2020-10-18 13:00:00,1,,,0,
2020101805,2020-10-18 13:00:00,千葉ロッテマリーンズ,北海道日本ハムファイターズ,2.0,5.0,UNKNOWN,ZOZOマリンスタジアム,unknown,low,False,False,1400117,1000155,[],[],,,,,0,light,2020-10-18 13:00:00+00:00,,UNKNOWN,,,,UNKNOWN,UNKNOWN,,UNKNOWN,,1.2857142857142858,1.1428571428571428,5.142857142857143,5.142857142857143,0.0,3.7714285714285714,7.0,1.0,4.0,0.0,4.0,4.0,,,,6.75,1.6875,1.6875,3.375,0.0,3.95,5.333333333333333,4.0,7.0,0.0,2.0,1.0,,,,True,True,UNKNOWN,False,False,,,,,,,,,,NPB,2020-10-18 13:00:00,1,,,0,
2020101806,2020-10-18 13:00:00,福岡ソフトバンクホークス,東北楽天ゴールデンイーグルス,11.0,4.0,UNKNOWN,福岡PayPayドーム,unknown,low,False,False,1900117,20204,[],[],,,,,0,light,2020-10-18 13:00:00+00:00,,UNKNOWN,,,,UNKNOWN,UNKNOWN,,UNKNOWN,,4.5,1.25,6.75,2.25,0.0,2.45,4.0,2.0,4.0,0.0,1.0,3.0,,,,6.230769230769231,1.6153846153846154,8.307692307692308,4.153846153846154,0.0,2.7384615384615385,4.333333333333333,3.0,5.0,0.0,2.0,4.0,,,,True,True,UNKNOWN,False,False,,,,,,,,,,NPB,2020-10-18 13:00:00,1,,,0,
2020101803,2020-10-18 13:30:00,広島東洋カープ,中日ドラゴンズ,5.0,0.0,UNKNOWN,MAZDA Zoom-Zoom スタジアム広島,unknown,low,False,False,1700104,1300061,[],[],,,,,0,light,2020-10-18 13:30:00+00:00,,UNKNOWN,,,,UNKNOWN,UNKNOWN,,UNKNOWN,,7.2,1.2,9.0,3.6,3.6,7.6000000000000005,5.0,4.0,4.0,2.0,2.0,5.0,,,,0.0,1.2857142857142858,5.142857142857143,2.5714285714285716,0.0,2.9142857142857146,7.0,0.0,7.0,0.0,2.0,4.0,,,,True,True,UNKNOWN,False,False,,,,,,,,,,NPB,2020-10-18 13:30:00,1,,,0,
2020101801,2020-10-18 14:00:00,横浜DeNAベイスターズ,読売ジャイアンツ,10.0,6.0,UNKNOWN,横浜スタジアム,unknown,low,False,False,1600060,1800043,[],[],,,,,0,light,2020-10-18 14:00:00+00:00,,UNKNOWN,,,,UNKNOWN,UNKNOWN,,UNKNOWN,,3.0,1.1666666666666667,7.5,3.0,0.0,2.5333333333333337,6.0,2.0,5.0,0.0,2.0,5.0,,,,6.0,2.3333333333333335,6.0,6.0,3.0,8.2,3.0,2.0,5.0,1.0,2.0,2.0,,,,True,True,UNKNOWN,False,False,,,,,,,,,,NPB,2020-10-18 14:00:00,1,,,0,
2020101802,2020-10-18 14:00:00,阪神タイガース,東京ヤクルトスワローズ,6.0,5.0,UNKNOWN,阪神甲子園球場,unknown,low,False,False,1200076,900425,[],[],,,,,0,light,2020-10-18 14:00:00+00:00,,UNKNOWN,,,,UNKNOWN,UNKNOWN,,UNKNOWN,,21.6,3.6000000000000005,10.8,0.0,5.4,8.600000000000001,1.6666666666666665,4.0,6.0,1.0,0.0,2.0,,,,5.4,1.8,1.8,1.8,1.8,6.0,5.0,3.0,8.0,1.0,1.0,1.0,,,,True,True,UNKNOWN,False,False,,,,,,,,,,NPB,2020-10-18 14:00:00,1,,,0,
2020101902,2020-10-19 18:00:00,阪神タイガース,東京ヤクルトスワローズ,1.0,1.0,UNKNOWN,阪神甲子園球場,unknown,low,False,False,1800143,1900147,[],[],,,,,0,light,2020-10-19 18:00:00+00:00,,UNKNOWN,,,,UNKNOWN,UNKNOWN,,UNKNOWN,,0.0,1.0,4.5,4.5,0.0,3.7,6.0,0.0,3.0,0.0,3.0,3.0,,,,1.8,1.2,7.2,1.8,0.0,2.2,5.0,1.0,5.0,0.0,1.0,4.0,,,,True,True,UNKNOWN,False,False,,,,,,,,,,NPB,2020-10-19 18:00:00,1,,,0,
2020102001,2020-10-20 18:00:00,東京ヤクルトスワローズ,読売ジャイアンツ,1.0,1.0,UNKNOWN,明治神宮野球場,unknown,low,False,False,1800028,1300045,[],[],,,,,0,light,2020-10-20 18:00:00+00:00,,UNKNOWN,,,,UNKNOWN,UNKNOWN,,UNKNOWN,,0.0,1.5,13.5,9.0,0.0,3.2,6.0,0.0,3.0,0.0,6.0,9.0,,,,1.588235294117647,1.4117647058823528,11.117647058823529,4.764705882352941,0.0,2.3176470588235296,5.666666666666667,1.0,5.0,0.0,3.0,7.0,,,,True,True,UNKNOWN,False,False,,,,,,,,,,NPB,2020-10-20 18:00:00,1,,,0,
2020102002,2020-10-20 18:00:00,中日ドラゴンズ,横浜DeNAベイスターズ,6.0,1.0,UNKNOWN,ナゴヤドーム,unknown,low,False,False,1800045,1200055,[],[],,,,,0,light,2020-10-20 18:00:00+00:00,,UNKNOWN,,,,UNKNOWN,UNKNOWN,,UNKNOWN,,5.4,1.8,1.8,1.8,0.0,3.4000000000000004,5.0,3.0,8.0,0.0,1.0,1.0,,,,1.2857142857142858,0.5714285714285714,9.0,1.2857142857142858,1.2857142857142858,3.4857142857142858,7.0,1.0,3.0,1.0,1.0,7.0,,,,True,True,UNKNOWN,False,False,,,,,,,,,,NPB,2020-10-20 18:00:00,1,,,0,
2020102003,2020-10-20 18:00:00,阪神タイガース,広島東洋カープ,1.0,5.0,UNKNOWN,阪神甲子園球場,excluded,high,False,False,1300058,1700154,[],[],,,,,0,light,2020-10-20 18:00:00+00:00,,UNKNOWN,,,,UNKNOWN,UNKNOWN,,UNKNOWN,,1.0799999999999998,0.6,7.56,1.0799999999999998,0.0,1.8800000000000003,8.333333333333334,1.0,4.0,0.0,1.0,7.0,,,,12.0,2.6666666666666665,0.0,9.0,0.0,6.2,3.0,4.0,5.0,0.0,3.0,0.0,,,,True,True,UNKNOWN,False,False,,,,,,,,,,NPB,2020-10-20 18:00:00,1,,,0,
2020102004,2020-10-20 18:00:00,北海道日本ハムファイターズ,福岡ソフトバンクホークス,2.0,11.0,UNKNOWN,札幌ドーム,unknown,low,False,False,1400129,1100099,[],[],,,,,0,light,2020-10-20 18:00:00+00:00,,UNKNOWN,,,,UNKNOWN,UNKNOWN,,UNKNOWN,,0.0,0.6666666666666666,12.0,3.0,0.0,1.5333333333333334,6.0,0.0,2.0,0.0,2.0,8.0,,,,12.6,2.0,5.4,3.6,1.8,5.800000000000001,5.0,7.0,8.0,1.0,2.0,3.0,,,,True,True,UNKNOWN,False,False,,,,,,,,,,NPB,2020-10-20 18:00:00,1,,,0,
2020102005,2020-10-20 18:00:00,東北楽天ゴールデンイーグルス,オリックス・バファローズ,2.0,2.0,UNKNOWN,楽天生命パーク宮城,unknown,low,False,False,1600153,1200117,[],[],,,,,0,light,2020-10-20 18:00:00+00:00,,UNKNOWN,,,,UNKNOWN,UNKNOWN,,UNKNOWN,,2.5714285714285716,0.8571428571428571,12.857142857142858,1.2857142857142858,0.0,0.7714285714285718,7.0,2.0,5.0,0.0,1.0,10.0,,,,1.2857142857142858,0.8571428571428571,7.714285714285714,1.2857142857142858,1.2857142857142858,3.7714285714285714,7.0,1.0,5.0,1.0,1.0,6.0,,,,True,True,UNKNOWN,False,False,,,,,,,,,,NPB,2020-10-20 18:00:00,1,,,0,
2020102006,2020-10-20 18:00:00,埼玉西武ライオンズ,千葉ロッテマリーンズ,2.0,1.0,UNKNOWN,メットライフドーム,unknown,low,False,False,1300050,1400182,[],[],,,,,0,light,2020-10-20 18:00:00+00:00,,UNKNOWN,,,,UNKNOWN,UNKNOWN,,UNKNOWN,,1.2857142857142858,0.8571428571428571,6.428571428571429,1.2857142857142858,0.0,2.2,7.0,1.0,5.0,0.0,1.0,5.0,,,,0.0,0.8571428571428571,3.857142857142857,3.857142857142857,0.0,3.6285714285714286,7.0,0.0,3.0,0.0,3.0,3.0,,,,True,True,UNKNOWN,False,False,,,,,,,,,,NPB,2020-10-20 18:00:00,1,,,0,
2020102101,2020-10-21 18:00:00,東京ヤクルトスワローズ,読売ジャイアンツ,2.0,1.0,UNKNOWN,明治神宮野球場,unknown,low,False,False,1800023,12113,[],[],,,,,0,light,2020-10-21 18:00:00+00:00,,UNKNOWN,,,,UNKNOWN,UNKNOWN,,UNKNOWN,,3.375,1.3125,10.125,3.375,1.6875,4.5125,5.333333333333333,2.0,5.0,1.0,2.0,6.0,,,,1.5,0.8333333333333334,7.5,3.0,1.5,4.7,6.0,1.0,3.0,1.0,2.0,5.0,,,,True,True,UNKNOWN,False,False,,,,,,,,,,NPB,2020-10-21 18:00:00,1,,,0,
2020102102,2020-10-21 18:00:00,中日ドラゴンズ,横浜DeNAベイスターズ,4.0,2.0,UNKNOWN,ナゴヤドーム,unknown,low,False,False,1900031,1800061,[],[],,,,,0,light,2020-10-21 18:00:00+00:00,,UNKNOWN,,,,UNKNOWN,UNKNOWN,,UNKNOWN,,1.8,1.2,1.8,0.0,1.8,5.4,5.0,1.0,6.0,1.0,0.0,1.0,,,,2.8421052631578947,1.4210526315789473,2.8421052631578947,1.4210526315789473,0.0,3.042105263157895,6.333333333333333,2.0,8.0,0.0,1.0,2.0,,,,True,True,UNKNOWN,False,False,,,,,,,,,,NPB,2020-10-21 18:00:00,1,,,0,
2020102103,2020-10-21 18:00:00,阪神タイガース,広島東洋カープ,2.0,0.0,UNKNOWN,阪神甲子園球場,unknown,low,False,False,1700072,1500090,[],[],,,,,0,light,2020-10-21 18:00:00+00:00,,UNKNOWN,,,,UNKNOWN,UNKNOWN,,UNKNOWN,,3.0,1.0,13.5,3.0,1.5,3.3666666666666667,6.0,2.0,4.0,1.0,2.0,9.0,,,,0.0,0.5294117647058824,12.705882352941176,3.176470588235294,0.0,1.435294117647059,5.666666666666667,0.0,1.0,0.0,2.0,8.0,,,,True,True,UNKNOWN,False,False,,,,,,,,,,NPB,2020-10-21 18:00:00,1,,,0,
2020102104,2020-10-21 18:00:00,北海道日本ハムファイターズ,福岡ソフトバンクホークス,1.0,9.0,UNKNOWN,札幌ドーム,unknown,low,False,False,1000174,1900129,[],[],,,,,0,light,2020-10-21 18:00:00+00:00,,UNKNOWN,,,,UNKNOWN,UNKNOWN,,UNKNOWN,,0.0,1.2631578947368423,7.105263157894737,1.4210526315789473,0.0,2.094736842105263,6.333333333333333,0.0,7.0,0.0,1.0,5.0,,,,4.05,1.3499999999999999,8.1,1.3499999999999999,0.0,1.8500000000000003,6.666666666666667,3.0,8.0,0.0,1.0,6.0,,,,True,True,UNKNOWN,False,False,,,,,,,,,,NPB,2020-10-21 18:00:00,1,,,0,
2020102105,2020-10-21 18:00:00,東北楽天ゴールデンイーグルス,オリックス・バファローズ,5.0,6.0,UNKNOWN,楽天生命パーク宮城,unknown,low,False,False,1600160,500014,[],[],,,,,0,light,2020-10-21 18:00:00+00:00,,UNKNOWN,,,,UNKNOWN,UNKNOWN,,UNKNOWN,,7.2,1.6,9.0,5.4,1.8,5.6,5.0,4.0,5.0,1.0,3.0,5.0,,,,9.0,1.8,1.8,1.8,1.8,6.0,5.0,5.0,8.0,1.0,1.0,1.0,,,,True,True,UNKNOWN,False,False,,,,,,,,,,NPB,2020-10-21 18:00:00,1,,,0,
2020102106,2020-10-21 18:00:00,埼玉西武ライオンズ,千葉ロッテマリーンズ,2.0,1.0,UNKNOWN,メットライフドーム,unknown,low,False,False,400098,1900062,[],[],,,,,0,light,2020-10-21 18:00:00+00:00,,UNKNOWN,,,,UNKNOWN,UNKNOWN,,UNKNOWN,,1.5,1.0,7.5,1.5,0.0,2.033333333333333,6.0,1.0,5.0,0.0,1.0,5.0,,,,1.2857142857142858,0.7142857142857143,2.5714285714285716,1.2857142857142858,0.0,3.0571428571428574,7.0,1.0,4.0,0.0,1.0,2.0,,,,True,True,UNKNOWN,False,False,,,,,,,,,,NPB,2020-10-21 18:00:00,1,,,0,
2020102201,2020-10-22 18:00:00,東京ヤクルトスワローズ,読売ジャイアンツ,0.0,6.0,UNKNOWN,明治神宮野球場,unknown,low,False,False,1900143,1900025,[],[],,,,,0,light,2020-10-22 18:00:00+00:00,,UNKNOWN,,,,UNKNOWN,UNKNOWN,,UNKNOWN,,0.0,0.8999999999999999,2.6999999999999997,2.6999999999999997,0.0,3.5,6.666666666666667,0.0,4.0,0.0,2.0,2.0,,,,18.0,4.0,0.0,13.5,9.0,20.7,2.0,4.0,5.0,2.0,3.0,0.0,,,,True,True,UNKNOWN,False,False,,,,,,,,,,NPB,2020-10-22 18:00:00,1,,,0,
2020102202,2020-10-22 18:00:00,中日ドラゴンズ,横浜DeNAベイスターズ,1.0,0.0,UNKNOWN,ナゴヤドーム,unknown,low,False,False,1300031,1000138,[],[],,,,,0,light,2020-10-22 18:00:00+00:00,,UNKNOWN,,,,UNKNOWN,UNKNOWN,,UNKNOWN,,1.2857142857142858,0.7142857142857143,7.714285714285714,1.2857142857142858,0.0,1.9142857142857144,7.0,1.0,4.0,0.0,1.0,6.0,,,,0.0,0.6666666666666666,9.0,0.0,0.0,1.2000000000000002,9.0,0.0,6.0,0.0,0.0,9.0,,,,True,True,UNKNOWN,False,False,,,,,,,,,,NPB,2020-10-22 18:00:00,1,,,0,
2020102203,2020-10-22 18:00:00,阪神タイガース,広島東洋カープ,5.0,9.0,UNKNOWN,阪神甲子園球場,excluded,high,False,False,1400174,600089,[],[],,,,,0,light,2020-10-22 18:00:00+00:00,,UNKNOWN,,,,UNKNOWN,UNKNOWN,,UNKNOWN,,3.0,0.6666666666666666,12.0,1.5,0.0,1.0333333333333337,6.0,2.0,3.0,0.0,1.0,8.0,,,,18.0,4.0,3.0,15.0,0.0,7.533333333333333,3.0,6.0,7.0,0.0,5.0,1.0,,,,True,True,UNKNOWN,False,False,,,,,,,,,,NPB,2020-10-22 18:00:00,1,,,0,
2020102204,2020-10-22 18:00:00,北海道日本ハムファイターズ,福岡ソフトバンクホークス,2.0,4.0,UNKNOWN,札幌ドーム,excluded,high,False,False,1900153,1800090,[],[],,,,,0,light,2020-10-22 18:00:00+00:00,,UNKNOWN,,,,UNKNOWN,UNKNOWN,,UNKNOWN,,0.0,0.42857142857142855,12.857142857142858,1.2857142857142858,0.0,0.7714285714285718,7.0,0.0,2.0,0.0,1.0,10.0,,,,3.0,1.5,6.0,4.5,0.0,3.3666666666666667,6.0,2.0,6.0,0.0,3.0,4.0,,,,True,True,UNKNOWN,False,False,,,,,,,,,,NPB,2020-10-22 18:00:00,1,,,0,
2020102205,2020-10-22 18:00:00,東北楽天ゴールデンイーグルス,オリックス・バファローズ,6.0,3.0,UNKNOWN,楽天生命パーク宮城,unknown,low,False,False,1700109,700065,[],[],,,,,0,light,2020-10-22 18:00:00+00:00,,UNKNOWN,,,,UNKNOWN,UNKNOWN,,UNKNOWN,,7.5,1.6666666666666667,7.5,4.5,1.5,5.2,6.0,5.0,7.0,1.0,3.0,5.0,,,,3.857142857142857,1.1428571428571428,6.428571428571429,2.5714285714285716,1.2857142857142858,4.485714285714286,7.0,3.0,6.0,1.0,2.0,5.0,,,,True,True,UNKNOWN,False,False,,,,,,,,,,NPB,2020-10-22 18:00:00,1,,,0,
2020102206,2020-10-22 18:00:00,埼玉西武ライオンズ,千葉ロッテマリーンズ,7.0,4.0,UNKNOWN,メットライフドーム,climax,high,False,True,1800052,1800022,[],[],,,,,0,light,2020-10-22 18:00:00+00:00,,UNKNOWN,,,,UNKNOWN,UNKNOWN,,UNKNOWN,,10.8,2.0,5.4,3.6,3.6,8.4,5.0,6.0,8.0,2.0,2.0,3.0,,,,0.0,1.2,5.4,0.0,0.0,2.0,5.0,0.0,6.0,0.0,0.0,3.0,,,,True,True,UNKNOWN,False,False,,,,,,,,,,NPB,2020-10-22 18:00:00,1,,,0,
2020102301,2020-10-23 18:00:00,読売ジャイアンツ,阪神タイガース,5.0,4.0,UNKNOWN,東京ドーム,unknown,low,False,False,900062,1100038,[],[],,,,,0,light,2020-10-23 18:00:00+00:00,,UNKNOWN,,,,UNKNOWN,UNKNOWN,,UNKNOWN,,3.6,1.8,3.6,3.6,1.8,6.2,5.0,2.0,7.0,1.0,2.0,2.0,,,,3.681818181818182,0.8181818181818182,4.909090909090909,2.4545454545454546,1.2272727272727273,4.7,7.333333333333333,3.0,4.0,1.0,2.0,4.0,,,,True,True,UNKNOWN,False,False,2020-10-23 09:00:00+00:00,,UNKNOWN,Open-Meteo Historical Forecast,FAIL_CLOSED_NO_ISSUANCE_TIMESTAMP,16.6,90.0,0.0,2.1,NPB,2020-10-23 18:00:00,1,,,0,
2020102302,2020-10-23 18:00:00,東京ヤクルトスワローズ,中日ドラゴンズ,3.0,4.0,UNKNOWN,明治神宮野球場,unknown,low,False,False,2000003,1100076,[],[],,,,,0,light,2020-10-23 18:00:00+00:00,,UNKNOWN,,,,UNKNOWN,UNKNOWN,,UNKNOWN,,5.785714285714286,1.9285714285714284,5.785714285714286,9.642857142857142,1.9285714285714284,7.914285714285715,4.666666666666667,3.0,4.0,1.0,5.0,3.0,,,,1.8,1.6,5.4,3.6,0.0,3.2,5.0,1.0,6.0,0.0,2.0,3.0,,,,True,True,UNKNOWN,False,False,,,,,,,,,,NPB,2020-10-23 18:00:00,1,,,0,
2020102303,2020-10-23 18:00:00,横浜DeNAベイスターズ,広島東洋カープ,2.0,0.0,UNKNOWN,横浜スタジアム,unknown,low,False,False,1600123,1600084,[],[],,,,,0,light,2020-10-23 18:00:00+00:00,,UNKNOWN,,,,UNKNOWN,UNKNOWN,,UNKNOWN,,1.5,1.0,6.0,1.5,0.0,2.3666666666666667,6.0,1.0,5.0,0.0,1.0,4.0,,,,0.0,0.8333333333333334,9.0,4.5,0.0,2.7,6.0,0.0,2.0,0.0,3.0,6.0,,,,True,True,UNKNOWN,False,False,,,,,,,,,,NPB,2020-10-23 18:00:00,1,,,0,
2020102304,2020-10-23 18:00:00,東北楽天ゴールデンイーグルス,北海道日本ハムファイターズ,4.0,4.0,UNKNOWN,楽天生命パーク宮城,unknown,low,False,False,1800002,1000096,[],[],,,,,0,light,2020-10-23 18:00:00+00:00,,UNKNOWN,,,,UNKNOWN,UNKNOWN,,UNKNOWN,,9.0,3.0,6.75,13.5,0.0,6.2,4.0,4.0,6.0,0.0,6.0,3.0,,,,6.75,2.25,2.25,9.0,0.0,5.7,4.0,3.0,5.0,0.0,4.0,1.0,,,,True,True,UNKNOWN,False,False,,,,,,,,,,NPB,2020-10-23 18:00:00,1,,,0,
2020102305,2020-10-23 18:00:00,オリックス・バファローズ,千葉ロッテマリーンズ,7.0,2.0,UNKNOWN,京セラドーム大阪,unknown,low,False,False,1300055,1600150,[],[],,,,,0,light,2020-10-23 18:00:00+00:00,,UNKNOWN,,,,UNKNOWN,UNKNOWN,,UNKNOWN,,13.5,3.0,5.3999999999999995,2.6999999999999997,2.6999999999999997,6.8,3.3333333333333335,5.0,9.0,1.0,1.0,2.0,,,,1.6875,1.875,10.125,3.375,1.6875,4.5125,5.333333333333333,1.0,8.0,1.0,2.0,6.0,,,,True,True,UNKNOWN,False,False,,,,,,,,,,NPB,2020-10-23 18:00:00,1,,,0,
2020102306,2020-10-23 18:00:00,福岡ソフトバンクホークス,埼玉西武ライオンズ,8.0,1.0,UNKNOWN,福岡PayPayドーム,unknown,low,False,False,1600127,1300080,[],[],,,,,0,light,2020-10-23 18:00:00+00:00,,UNKNOWN,,,,UNKNOWN,UNKNOWN,,UNKNOWN,,3.375,1.875,5.0625,10.125,0.0,5.45,5.333333333333333,2.0,4.0,0.0,6.0,3.0,,,,1.2857142857142858,0.8571428571428571,7.714285714285714,0.0,0.0,1.485714285714286,7.0,1.0,6.0,0.0,0.0,6.0,,,,True,True,UNKNOWN,False,False,,,,,,,,,,NPB,2020-10-23 18:00:00,1,,,0,
2020102401,2020-10-24 14:00:00,読売ジャイアンツ,阪神タイガース,1.0,2.0,UNKNOWN,東京ドーム,unknown,low,False,False,1700078,1200041,[],[],,,,,0,light,2020-10-24 14:00:00+00:00,,UNKNOWN,,,,UNKNOWN,UNKNOWN,,UNKNOWN,,1.5,1.0,4.5,3.0,0.0,3.2,6.0,1.0,4.0,0.0,2.0,3.0,,,,2.5714285714285716,1.1428571428571428,10.285714285714286,2.5714285714285716,0.0,1.7714285714285716,7.0,2.0,6.0,0.0,2.0,8.0,,,,True,True,UNKNOWN,False,False,2020-10-24 05:00:00+00:00,,UNKNOWN,Open-Meteo Historical Forecast,FAIL_CLOSED_NO_ISSUANCE_TIMESTAMP,19.6,38.0,0.0,6.3,NPB,2020-10-24 14:00:00,1,,,0,
2020102403,2020-10-24 14:00:00,横浜DeNAベイスターズ,広島東洋カープ,1.0,2.0,UNKNOWN,横浜スタジアム,unknown,low,False,False,1900052,1200050,[],[],,,,,0,light,2020-10-24 14:00:00+00:00,,UNKNOWN,,,,UNKNOWN,UNKNOWN,,UNKNOWN,,0.0,0.6666666666666666,5.0,2.0,0.0,2.7555555555555555,9.0,0.0,4.0,0.0,2.0,5.0,,,,1.5,1.5,4.5,3.0,0.0,3.2,6.0,1.0,7.0,0.0,2.0,3.0,,,,True,True,UNKNOWN,False,False,,,,,,,,,,NPB,2020-10-24 14:00:00,1,,,0,
2020102404,2020-10-24 14:00:00,東北楽天ゴールデンイーグルス,北海道日本ハムファイターズ,4.0,5.0,UNKNOWN,楽天生命パーク宮城,unknown,low,False,False,1900070,1600005,[],[],,,,,0,light,2020-10-24 14:00:00+00:00,,UNKNOWN,,,,UNKNOWN,UNKNOWN,,UNKNOWN,,7.2,2.4,10.8,7.2,1.8,5.800000000000001,5.0,4.0,8.0,1.0,4.0,6.0,,,,4.5,1.3333333333333333,4.5,3.0,1.5,5.366666666666667,6.0,3.0,6.0,1.0,2.0,3.0,,,,True,True,UNKNOWN,False,False,,,,,,,,,,NPB,2020-10-24 14:00:00,1,,,0,
2020102405,2020-10-24 14:00:00,オリックス・バファローズ,千葉ロッテマリーンズ,3.0,0.0,UNKNOWN,京セラドーム大阪,unknown,low,False,False,1800055,1700150,[],[],,,,,0,light,2020-10-24 14:00:00+00:00,,UNKNOWN,,,,UNKNOWN,UNKNOWN,,UNKNOWN,,5.3999999999999995,1.7999999999999998,5.3999999999999995,8.1,2.6999999999999997,8.6,3.3333333333333335,2.0,3.0,1.0,3.0,2.0,,,,0.0,0.6,5.3999999999999995,2.6999999999999997,0.0,2.9000000000000004,6.666666666666667,0.0,2.0,0.0,2.0,4.0,,,,True,True,UNKNOWN,False,False,,,,,,,,,,NPB,2020-10-24 14:00:00,1,,,0,
2020102406,2020-10-24 14:00:00,福岡ソフトバンクホークス,埼玉西武ライオンズ,1.0,4.0,UNKNOWN,福岡PayPayドーム,unknown,low,False,False,1100089,1200106,[],[],,,,,0,light,2020-10-24 14:00:00+00:00,,UNKNOWN,,,,UNKNOWN,UNKNOWN,,UNKNOWN,,3.0,1.3333333333333333,15.0,6.0,3.0,6.2,3.0,1.0,2.0,1.0,2.0,5.0,,,,0.0,0.14285714285714285,10.285714285714286,0.0,0.0,0.9142857142857146,7.0,0.0,1.0,0.0,0.0,8.0,,,,True,True,UNKNOWN,False,False,,,,,,,,,,NPB,2020-10-24 14:00:00,1,,,0,
2020102402,2020-10-24 18:30:00,東京ヤクルトスワローズ,中日ドラゴンズ,9.0,5.0,UNKNOWN,明治神宮野球場,unknown,low,False,False,1200098,1200076,[],[],,,,,0,light,2020-10-24 18:30:00+00:00,,UNKNOWN,,,,UNKNOWN,UNKNOWN,,UNKNOWN,,16.2,3.0,5.3999999999999995,8.1,0.0,4.7,3.3333333333333335,6.0,7.0,0.0,3.0,2.0,,,,3.0,1.6666666666666667,6.0,0.0,1.5,4.033333333333333,6.0,2.0,10.0,1.0,0.0,4.0,,,,True,True,UNKNOWN,False,False,,,,,,,,,,NPB,2020-10-24 18:30:00,1,,,0,
2020102504,2020-10-25 13:00:00,東北楽天ゴールデンイーグルス,北海道日本ハムファイターズ,13.0,4.0,UNKNOWN,楽天生命パーク宮城,unknown,low,False,False,1400117,1900117,[],[],,,,,0,light,2020-10-25 13:00:00+00:00,,UNKNOWN,,,,UNKNOWN,UNKNOWN,,UNKNOWN,,6.0,2.0,4.5,4.5,0.0,3.7,6.0,4.0,9.0,0.0,3.0,3.0,,,,0.0,0.8571428571428571,3.857142857142857,6.428571428571429,0.0,4.485714285714286,7.0,0.0,1.0,0.0,5.0,3.0,,,,True,True,UNKNOWN,False,False,,,,,,,,,,NPB,2020-10-25 13:00:00,1,,,0,
2020102505,2020-10-25 13:00:00,オリックス・バファローズ,千葉ロッテマリーンズ,1.0,10.0,UNKNOWN,京セラドーム大阪,unknown,low,False,False,1400190,1600159,[],[],,,,,0,light,2020-10-25 13:00:00+00:00,,UNKNOWN,,,,UNKNOWN,UNKNOWN,,UNKNOWN,,0.0,1.0,7.2,1.8,0.0,2.2,5.0,0.0,4.0,0.0,1.0,4.0,,,,10.8,2.2,9.0,0.0,0.0,1.2000000000000002,5.0,6.0,11.0,0.0,0.0,5.0,,,,True,True,UNKNOWN,False,False,,,,,,,,,,NPB,2020-10-25 13:00:00,1,,,0,
2020102506,2020-10-25 13:00:00,福岡ソフトバンクホークス,埼玉西武ライオンズ,7.0,2.0,UNKNOWN,福岡PayPayドーム,excluded,high,False,False,1800080,1700137,[],[],,,,,0,light,2020-10-25 13:00:00+00:00,,UNKNOWN,,,,UNKNOWN,UNKNOWN,,UNKNOWN,,33.75,6.75,0.0,20.25,0.0,9.95,1.3333333333333333,5.0,6.0,0.0,3.0,0.0,,,,1.8,0.6,3.6,0.0,0.0,2.4000000000000004,5.0,1.0,3.0,0.0,0.0,2.0,,,,True,True,UNKNOWN,False,False,,,,,,,,,,NPB,2020-10-25 13:00:00,1,,,0,
2020102501,2020-10-25 14:00:00,読売ジャイアンツ,阪神タイガース,2.0,4.0,UNKNOWN,東京ドーム,unknown,low,False,False,900425,1600060,[],[],,,,,0,light,2020-10-25 14:00:00+00:00,,UNKNOWN,,,,UNKNOWN,UNKNOWN,,UNKNOWN,,2.0,0.6666666666666666,5.0,0.0,1.0,3.5333333333333337,9.0,2.0,6.0,1.0,0.0,5.0,,,,7.2,1.8,9.0,0.0,1.8,3.8000000000000003,5.0,4.0,9.0,1.0,0.0,5.0,,,,True,True,UNKNOWN,False,False,2020-10-25 05:00:00+00:00,,UNKNOWN,Open-Meteo Historical Forecast,FAIL_CLOSED_NO_ISSUANCE_TIMESTAMP,19.9,27.0,0.0,2.4,NPB,2020-10-25 14:00:00,1,,,0,
2020102503,2020-10-25 14:00:00,横浜DeNAベイスターズ,広島東洋カープ,3.0,0.0,UNKNOWN,横浜スタジアム,unknown,low,False,False,1300061,1000140,[],[],,,,,0,light,2020-10-25 14:00:00+00:00,,UNKNOWN,,,,UNKNOWN,UNKNOWN,,UNKNOWN,,1.5,0.5,10.5,0.0,0.0,0.8666666666666667,6.0,1.0,3.0,0.0,0.0,7.0,,,,0.0,1.0,0.0,3.0,0.0,4.2,3.0,0.0,2.0,0.0,1.0,0.0,,,,True,True,UNKNOWN,False,False,,,,,,,,,,NPB,2020-10-25 14:00:00,1,,,0,
2020102502,2020-10-25 18:30:00,東京ヤクルトスワローズ,中日ドラゴンズ,1.0,5.0,UNKNOWN,明治神宮野球場,unknown,low,False,False,1600106,1800143,[],[],,,,,0,light,2020-10-25 18:30:00+00:00,,UNKNOWN,,,,UNKNOWN,UNKNOWN,,UNKNOWN,,0.0,1.105263157894737,9.947368421052632,4.2631578947368425,0.0,2.4105263157894736,6.333333333333333,0.0,4.0,0.0,3.0,7.0,,,,5.4,1.4,3.6,7.2,0.0,4.800000000000001,5.0,3.0,3.0,0.0,4.0,2.0,,,,True,True,UNKNOWN,False,False,,,,,,,,,,NPB,2020-10-25 18:30:00,1,,,0,
2020102701,2020-10-27 18:00:00,横浜DeNAベイスターズ,読売ジャイアンツ,9.0,2.0,UNKNOWN,横浜スタジアム,unknown,low,False,False,1800028,1800045,[],[],,,,,0,light,2020-10-27 18:00:00+00:00,,UNKNOWN,,,,UNKNOWN,UNKNOWN,,UNKNOWN,,9.0,1.6,5.4,0.0,1.8,4.6,5.0,5.0,8.0,1.0,0.0,3.0,,,,3.0,1.3333333333333333,6.0,4.5,1.5,5.533333333333333,6.0,2.0,5.0,1.0,3.0,4.0,,,,True,True,UNKNOWN,False,False,,,,,,,,,,NPB,2020-10-27 18:00:00,1,,,0,
2020102702,2020-10-27 18:00:00,阪神タイガース,中日ドラゴンズ,4.0,1.0,UNKNOWN,阪神甲子園球場,unknown,low,False,False,1200055,1500090,[],[],,,,,0,light,2020-10-27 18:00:00+00:00,,UNKNOWN,,,,UNKNOWN,UNKNOWN,,UNKNOWN,,1.2857142857142858,1.5714285714285714,11.571428571428571,5.142857142857143,1.2857142857142858,4.2,7.0,1.0,7.0,1.0,4.0,9.0,,,,1.2857142857142858,0.8571428571428571,9.0,0.0,0.0,1.2000000000000002,7.0,1.0,6.0,0.0,0.0,7.0,,,,True,True,UNKNOWN,False,False,,,,,,,,,,NPB,2020-10-27 18:00:00,1,,,0,
2020102703,2020-10-27 18:00:00,広島東洋カープ,東京ヤクルトスワローズ,2.0,0.0,UNKNOWN,MAZDA Zoom-Zoom スタジアム広島,unknown,low,False,False,1300045,1300058,[],[],,,,,0,light,2020-10-27 18:00:00+00:00,,UNKNOWN,,,,UNKNOWN,UNKNOWN,,UNKNOWN,,2.5714285714285716,0.8571428571428571,6.428571428571429,2.5714285714285716,0.0,2.628571428571429,7.0,2.0,4.0,0.0,2.0,5.0,,,,0.0,0.9130434782608695,11.739130434782608,4.695652173913043,0.0,2.1565217391304348,7.666666666666667,0.0,3.0,0.0,4.0,10.0,,,,True,True,UNKNOWN,False,False,,,,,,,,,,NPB,2020-10-27 18:00:00,1,,,0,
2020102704,2020-10-27 18:00:00,埼玉西武ライオンズ,東北楽天ゴールデンイーグルス,4.0,3.0,UNKNOWN,メットライフドーム,unknown,low,False,False,1200117,1400182,[],[],,,,,0,light,2020-10-27 18:00:00+00:00,,UNKNOWN,,,,UNKNOWN,UNKNOWN,,UNKNOWN,,3.857142857142857,1.2857142857142858,11.571428571428571,3.857142857142857,1.2857142857142858,3.7714285714285714,7.0,3.0,6.0,1.0,3.0,9.0,,,,3.857142857142857,1.0,7.714285714285714,3.857142857142857,0.0,2.771428571428572,7.0,3.0,4.0,0.0,3.0,6.0,,,,True,True,UNKNOWN,False,False,,,,,,,,,,NPB,2020-10-27 18:00:00,1,,,0,
2020102705,2020-10-27 18:00:00,オリックス・バファローズ,北海道日本ハムファイターズ,3.0,5.0,UNKNOWN,京セラドーム大阪,unknown,low,False,False,1700026,1600160,[],[],,,,,0,light,2020-10-27 18:00:00+00:00,,UNKNOWN,,,,UNKNOWN,UNKNOWN,,UNKNOWN,,6.0,1.6666666666666667,12.0,6.0,3.0,6.866666666666667,3.0,2.0,3.0,1.0,2.0,4.0,,,,6.75,1.875,5.0625,8.4375,0.0,4.8875,5.333333333333333,4.0,5.0,0.0,5.0,3.0,,,,True,True,UNKNOWN,False,False,,,,,,,,,,NPB,2020-10-27 18:00:00,1,,,0,
2020102706,2020-10-27 18:00:00,福岡ソフトバンクホークス,千葉ロッテマリーンズ,5.0,1.0,UNKNOWN,福岡PayPayドーム,unknown,low,False,False,1300050,20204,[],[],,,,,0,light,2020-10-27 18:00:00+00:00,,UNKNOWN,,,,UNKNOWN,UNKNOWN,,UNKNOWN,,4.5,1.5,4.5,3.0,1.5,5.366666666666667,6.0,3.0,7.0,1.0,2.0,3.0,,,,0.0,0.6666666666666666,12.0,1.5,0.0,1.0333333333333337,6.0,0.0,3.0,0.0,1.0,8.0,,,,True,True,UNKNOWN,False,False,,,,,,,,,,NPB,2020-10-27 18:00:00,1,,,0,
2020102801,2020-10-28 18:00:00,横浜DeNAベイスターズ,読売ジャイアンツ,10.0,6.0,UNKNOWN,横浜スタジアム,unknown,low,False,False,1800023,1900031,[],[],,,,,0,light,2020-10-28 18:00:00+00:00,,UNKNOWN,,,,UNKNOWN,UNKNOWN,,UNKNOWN,,20.25,3.375,13.5,6.75,0.0,2.45,2.6666666666666665,6.0,7.0,0.0,2.0,4.0,,,,12.0,2.3333333333333335,12.0,9.0,3.0,7.866666666666667,3.0,4.0,4.0,1.0,3.0,4.0,,,,True,True,UNKNOWN,False,False,,,,,,,,,,NPB,2020-10-28 18:00:00,1,,,0,
2020102802,2020-10-28 18:00:00,阪神タイガース,中日ドラゴンズ,9.0,1.0,UNKNOWN,阪神甲子園球場,unknown,low,False,False,1800061,1200062,[],[],,,,,0,light,2020-10-28 18:00:00+00:00,,UNKNOWN,,,,UNKNOWN,UNKNOWN,,UNKNOWN,,4.153846153846154,2.076923076923077,12.461538461538462,2.076923076923077,0.0,1.123076923076923,4.333333333333333,2.0,8.0,0.0,1.0,6.0,,,,0.0,1.0,13.5,4.5,0.0,1.7000000000000002,4.0,0.0,2.0,0.0,2.0,6.0,,,,True,True,UNKNOWN,False,False,,,,,,,,,,NPB,2020-10-28 18:00:00,1,,,0,
2020102803,2020-10-28 18:00:00,広島東洋カープ,東京ヤクルトスワローズ,3.0,2.0,UNKNOWN,MAZDA Zoom-Zoom スタジアム広島,unknown,low,False,False,12113,1700072,[],[],,,,,0,light,2020-10-28 18:00:00+00:00,,UNKNOWN,,,,UNKNOWN,UNKNOWN,,UNKNOWN,,6.75,1.25,0.0,2.25,0.0,3.95,4.0,3.0,4.0,0.0,1.0,0.0,,,,1.2857142857142858,1.0,11.571428571428571,2.5714285714285716,1.2857142857142858,3.342857142857143,7.0,1.0,5.0,1.0,2.0,9.0,,,,True,True,UNKNOWN,False,False,,,,,,,,,,NPB,2020-10-28 18:00:00,1,,,0,
2020102804,2020-10-28 18:00:00,埼玉西武ライオンズ,東北楽天ゴールデンイーグルス,4.0,3.0,UNKNOWN,メットライフドーム,unknown,low,False,False,500014,1900062,[],[],,,,,0,light,2020-10-28 18:00:00+00:00,,UNKNOWN,,,,UNKNOWN,UNKNOWN,,UNKNOWN,,5.142857142857143,1.2857142857142858,7.714285714285714,2.5714285714285716,1.2857142857142858,4.2,7.0,4.0,7.0,1.0,2.0,6.0,,,,1.588235294117647,1.4117647058823528,1.588235294117647,4.764705882352941,0.0,4.435294117647059,5.666666666666667,1.0,5.0,0.0,3.0,1.0,,,,True,True,UNKNOWN,False,False,,,,,,,,,,NPB,2020-10-28 18:00:00,1,,,0,
2020102805,2020-10-28 18:00:00,オリックス・バファローズ,北海道日本ハムファイターズ,0.0,1.0,UNKNOWN,京セラドーム大阪,unknown,low,False,False,1900129,1000027,[],[],,,,,0,light,2020-10-28 18:00:00+00:00,,UNKNOWN,,,,UNKNOWN,UNKNOWN,,UNKNOWN,,0.0,0.2222222222222222,13.0,0.0,0.0,0.31111111111111134,9.0,0.0,2.0,0.0,0.0,13.0,,,,0.0,0.7058823529411764,6.352941176470588,3.176470588235294,0.0,2.847058823529412,5.666666666666667,0.0,2.0,0.0,2.0,4.0,,,,True,True,UNKNOWN,False,False,,,,,,,,,,NPB,2020-10-28 18:00:00,1,,,0,
2020102806,2020-10-28 18:00:00,福岡ソフトバンクホークス,千葉ロッテマリーンズ,2.0,0.0,UNKNOWN,福岡PayPayドーム,climax,high,False,True,400098,1000174,[],[],,,,,0,light,2020-10-28 18:00:00+00:00,,UNKNOWN,,,,UNKNOWN,UNKNOWN,,UNKNOWN,,2.25,0.625,3.375,1.125,1.125,4.45,8.0,2.0,4.0,1.0,1.0,3.0,,,,0.0,0.875,13.5,3.375,0.0,1.3250000000000002,8.0,0.0,4.0,0.0,3.0,12.0,,,,True,True,UNKNOWN,False,False,,,,,,,,,,NPB,2020-10-28 18:00:00,1,,,0,
2020102901,2020-10-29 18:00:00,横浜DeNAベイスターズ,読売ジャイアンツ,5.0,2.0,UNKNOWN,横浜スタジアム,unknown,low,False,False,1900143,1300031,[],[],,,,,0,light,2020-10-29 18:00:00+00:00,,UNKNOWN,,,,UNKNOWN,UNKNOWN,,UNKNOWN,,3.0,1.3333333333333333,6.0,4.5,0.0,3.3666666666666667,6.0,2.0,5.0,0.0,3.0,4.0,,,,1.6875,1.3125,10.125,1.6875,1.6875,3.95,5.333333333333333,1.0,6.0,1.0,1.0,6.0,,,,True,True,UNKNOWN,False,False,,,,,,,,,,NPB,2020-10-29 18:00:00,1,,,0,
2020102902,2020-10-29 18:00:00,阪神タイガース,中日ドラゴンズ,3.0,1.0,UNKNOWN,阪神甲子園球場,unknown,low,False,False,1000138,900062,[],[],,,,,0,light,2020-10-29 18:00:00+00:00,,UNKNOWN,,,,UNKNOWN,UNKNOWN,,UNKNOWN,,4.5,1.8333333333333333,6.0,3.0,0.0,2.8666666666666667,6.0,3.0,9.0,0.0,2.0,4.0,,,,1.0,0.7777777777777778,7.0,1.0,1.0,3.4222222222222225,9.0,1.0,6.0,1.0,1.0,7.0,,,,True,True,UNKNOWN,False,False,,,,,,,,,,NPB,2020-10-29 18:00:00,1,,,0,
2020102903,2020-10-29 18:00:00,広島東洋カープ,東京ヤクルトスワローズ,3.0,3.0,UNKNOWN,MAZDA Zoom-Zoom スタジアム広島,unknown,low,False,False,1700088,1400174,[],[],,,,,0,light,2020-10-29 18:00:00+00:00,,UNKNOWN,,,,UNKNOWN,UNKNOWN,,UNKNOWN,,0.0,0.8,10.8,5.4,0.0,2.6,5.0,0.0,1.0,0.0,3.0,6.0,,,,5.4,2.0,3.6,5.4,0.0,4.2,5.0,3.0,7.0,0.0,3.0,2.0,,,,True,True,UNKNOWN,False,False,,,,,,,,,,NPB,2020-10-29 18:00:00,1,,,0,
2020102904,2020-10-29 18:00:00,北海道日本ハムファイターズ,オリックス・バファローズ,4.0,3.0,UNKNOWN,札幌ドーム,unknown,low,False,False,1700109,1800090,[],[],,,,,0,light,2020-10-29 18:00:00+00:00,,UNKNOWN,,,,UNKNOWN,UNKNOWN,,UNKNOWN,,4.5,1.6666666666666667,4.5,4.5,0.0,3.7,6.0,3.0,7.0,0.0,3.0,3.0,,,,4.5,1.0,4.5,1.5,1.5,4.866666666666667,6.0,3.0,5.0,1.0,1.0,3.0,,,,True,True,UNKNOWN,False,False,,,,,,,,,,NPB,2020-10-29 18:00:00,1,,,0,
2020102905,2020-10-29 18:00:00,埼玉西武ライオンズ,東北楽天ゴールデンイーグルス,5.0,13.0,UNKNOWN,メットライフドーム,climax,high,False,True,900090,1800022,[],[],,,,,0,light,2020-10-29 18:00:00+00:00,,UNKNOWN,,,,UNKNOWN,UNKNOWN,,UNKNOWN,,3.6,1.4,7.2,3.6,0.0,2.8000000000000003,5.0,2.0,5.0,0.0,2.0,4.0,,,,22.5,4.5,9.0,13.5,4.5,12.2,2.0,5.0,6.0,1.0,3.0,2.0,,,,True,True,UNKNOWN,False,False,,,,,,,,,,NPB,2020-10-29 18:00:00,1,,,0,
2020102906,2020-10-29 18:00:00,福岡ソフトバンクホークス,千葉ロッテマリーンズ,4.0,3.0,UNKNOWN,福岡PayPayドーム,unknown,low,False,False,1000155,1900153,[],[],,,,,0,light,2020-10-29 18:00:00+00:00,,UNKNOWN,,,,UNKNOWN,UNKNOWN,,UNKNOWN,,1.2857142857142858,0.5714285714285714,2.5714285714285716,0.0,0.0,2.628571428571429,7.0,1.0,4.0,0.0,0.0,2.0,,,,2.25,0.625,10.125,0.0,2.25,4.2,8.0,2.0,5.0,2.0,0.0,9.0,,,,True,True,UNKNOWN,False,False,,,,,,,,,,NPB,2020-10-29 18:00:00,1,,,0,
2020103001,2020-10-30 18:00:00,読売ジャイアンツ,東京ヤクルトスワローズ,3.0,3.0,UNKNOWN,東京ドーム,unknown,low,False,False,1100076,1100038,[],[],,,,,0,light,2020-10-30 18:00:00+00:00,,UNKNOWN,,,,UNKNOWN,UNKNOWN,,UNKNOWN,,4.764705882352941,1.7647058823529411,6.352941176470588,6.352941176470588,1.588235294117647,6.2,5.666666666666667,3.0,6.0,1.0,4.0,4.0,,,,3.0,0.8333333333333334,6.0,1.5,1.5,4.533333333333333,6.0,2.0,4.0,1.0,1.0,4.0,,,,True,True,UNKNOWN,False,False,2020-10-30 09:00:00+00:00,,UNKNOWN,Open-Meteo Historical Forecast,FAIL_CLOSED_NO_ISSUANCE_TIMESTAMP,14.7,44.0,0.0,10.5,NPB,2020-10-30 18:00:00,1,,,0,
2020103002,2020-10-30 18:00:00,横浜DeNAベイスターズ,阪神タイガース,3.0,3.0,UNKNOWN,横浜スタジアム,unknown,low,False,False,1900147,1600084,[],[],,,,,0,light,2020-10-30 18:00:00+00:00,,UNKNOWN,,,,UNKNOWN,UNKNOWN,,UNKNOWN,,1.5,0.5,7.5,3.0,1.5,4.7,6.0,1.0,1.0,1.0,2.0,5.0,,,,3.6,1.8,3.6,7.2,0.0,4.800000000000001,5.0,2.0,5.0,0.0,4.0,2.0,,,,True,True,UNKNOWN,False,False,,,,,,,,,,NPB,2020-10-30 18:00:00,1,,,0,
2020103003,2020-10-30 18:00:00,中日ドラゴンズ,広島東洋カープ,3.0,17.0,UNKNOWN,ナゴヤドーム,unknown,low,False,False,1600123,2000003,[],[],,,,,0,light,2020-10-30 18:00:00+00:00,,UNKNOWN,,,,UNKNOWN,UNKNOWN,,UNKNOWN,,4.5,1.0,4.5,1.5,1.5,4.866666666666667,6.0,3.0,5.0,1.0,1.0,3.0,,,,0.0,0.8,7.2,3.6,0.0,2.8000000000000003,5.0,0.0,2.0,0.0,2.0,4.0,,,,True,True,UNKNOWN,False,False,,,,,,,,,,NPB,2020-10-30 18:00:00,1,,,0,
2020103004,2020-10-30 18:00:00,北海道日本ハムファイターズ,オリックス・バファローズ,2.0,3.0,UNKNOWN,札幌ドーム,unknown,low,False,False,1600150,1800002,[],[],,,,,0,light,2020-10-30 18:00:00+00:00,,UNKNOWN,,,,UNKNOWN,UNKNOWN,,UNKNOWN,,2.0,1.1111111111111112,8.0,3.0,0.0,2.4222222222222225,9.0,2.0,7.0,0.0,3.0,8.0,,,,2.5714285714285716,1.4285714285714286,7.714285714285714,1.2857142857142858,0.0,1.9142857142857144,7.0,2.0,9.0,0.0,1.0,6.0,,,,True,True,UNKNOWN,False,False,,,,,,,,,,NPB,2020-10-30 18:00:00,1,,,0,
2020103005,2020-10-30 18:00:00,埼玉西武ライオンズ,福岡ソフトバンクホークス,3.0,4.0,UNKNOWN,メットライフドーム,unknown,low,False,False,1200106,1600131,[],[],,,,,0,light,2020-10-30 18:00:00+00:00,,UNKNOWN,,,,UNKNOWN,UNKNOWN,,UNKNOWN,,0.0,0.75,4.5,3.375,0.0,3.325,8.0,0.0,3.0,0.0,3.0,4.0,,,,5.4,1.2,9.0,3.6,1.8,5.0,5.0,3.0,4.0,1.0,2.0,5.0,,,,True,True,UNKNOWN,False,False,,,,,,,,,,NPB,2020-10-30 18:00:00,1,,,0,
2020103006,2020-10-30 18:00:00,千葉ロッテマリーンズ,東北楽天ゴールデンイーグルス,1.0,2.0,UNKNOWN,ZOZOマリンスタジアム,unknown,low,False,False,700065,1800052,[],[],,,,,0,light,2020-10-30 18:00:00+00:00,,UNKNOWN,,,,UNKNOWN,UNKNOWN,,UNKNOWN,,1.125,0.5,11.25,0.0,0.0,0.7000000000000002,8.0,1.0,4.0,0.0,0.0,10.0,,,,0.0,0.8333333333333334,3.0,3.0,0.0,3.5333333333333337,6.0,0.0,3.0,0.0,2.0,2.0,,,,True,True,UNKNOWN,False,False,,,,,,,,,,NPB,2020-10-30 18:00:00,1,,,0,
2020103101,2020-10-31 14:00:00,読売ジャイアンツ,東京ヤクルトスワローズ,6.0,4.0,UNKNOWN,東京ドーム,unknown,low,False,False,1200076,1200041,[],[],,,,,0,light,2020-10-31 14:00:00+00:00,,UNKNOWN,,,,UNKNOWN,UNKNOWN,,UNKNOWN,,9.0,2.2,5.4,3.6,3.6,8.4,5.0,5.0,9.0,2.0,2.0,3.0,,,,1.8,1.4,9.0,3.6,0.0,2.4000000000000004,5.0,1.0,5.0,0.0,2.0,5.0,,,,True,True,UNKNOWN,False,False,2020-10-31 05:00:00+00:00,,UNKNOWN,Open-Meteo Historical Forecast,FAIL_CLOSED_NO_ISSUANCE_TIMESTAMP,17.3,41.0,0.0,6.4,NPB,2020-10-31 14:00:00,1,,,0,
2020103102,2020-10-31 14:00:00,横浜DeNAベイスターズ,阪神タイガース,5.0,13.0,UNKNOWN,横浜スタジアム,unknown,low,False,False,900425,1200050,[],[],,,,,0,light,2020-10-31 14:00:00+00:00,,UNKNOWN,,,,UNKNOWN,UNKNOWN,,UNKNOWN,,4.5,1.3333333333333333,6.0,0.0,3.0,6.2,6.0,3.0,8.0,2.0,0.0,4.0,,,,15.0,3.3333333333333335,9.0,9.0,6.0,12.866666666666667,3.0,5.0,7.0,2.0,3.0,3.0,,,,True,True,UNKNOWN,False,False,,,,,,,,,,NPB,2020-10-31 14:00:00,1,,,0,
2020103103,2020-10-31 14:00:00,中日ドラゴンズ,広島東洋カープ,3.0,9.0,UNKNOWN,ナゴヤドーム,unknown,low,False,False,1300061,1200098,[],[],,,,,0,light,2020-10-31 14:00:00+00:00,,UNKNOWN,,,,UNKNOWN,UNKNOWN,,UNKNOWN,,3.0,1.5,3.0,3.0,1.5,5.7,6.0,2.0,7.0,1.0,2.0,2.0,,,,1.6875,1.5,6.75,5.0625,0.0,3.3875,5.333333333333333,1.0,5.0,0.0,3.0,4.0,,,,True,True,UNKNOWN,False,False,,,,,,,,,,NPB,2020-10-31 14:00:00,1,,,0,
2020103104,2020-10-31 14:00:00,北海道日本ハムファイターズ,オリックス・バファローズ,6.0,1.0,UNKNOWN,札幌ドーム,unknown,low,False,False,1700150,1900070,[],[],,,,,0,light,2020-10-31 14:00:00+00:00,,UNKNOWN,,,,UNKNOWN,UNKNOWN,,UNKNOWN,,10.125,2.25,3.375,0.0,0.0,2.45,5.333333333333333,6.0,12.0,0.0,0.0,2.0,,,,1.5,0.5,4.5,0.0,0.0,2.2,6.0,1.0,3.0,0.0,0.0,3.0,,,,True,True,UNKNOWN,False,False,,,,,,,,,,NPB,2020-10-31 14:00:00,1,,,0,
2020103105,2020-10-31 14:00:00,埼玉西武ライオンズ,福岡ソフトバンクホークス,2.0,11.0,UNKNOWN,メットライフドーム,unknown,low,False,False,1300080,1100089,[],[],,,,,0,light,2020-10-31 14:00:00+00:00,,UNKNOWN,,,,UNKNOWN,UNKNOWN,,UNKNOWN,,1.5,0.8333333333333334,7.5,1.5,0.0,2.033333333333333,6.0,1.0,4.0,0.0,1.0,5.0,,,,12.6,2.8,1.8,5.4,0.0,4.6,5.0,7.0,11.0,0.0,3.0,1.0,,,,True,True,UNKNOWN,False,False,,,,,,,,,,NPB,2020-10-31 14:00:00,1,,,0,
2020103106,2020-10-31 14:00:00,千葉ロッテマリーンズ,東北楽天ゴールデンイーグルス,6.0,3.0,UNKNOWN,ZOZOマリンスタジアム,unknown,low,False,False,1600005,1300055,[],[],,,,,0,light,2020-10-31 14:00:00+00:00,,UNKNOWN,,,,UNKNOWN,UNKNOWN,,UNKNOWN,,6.75,0.9375,5.0625,0.0,0.0,2.075,5.333333333333333,4.0,5.0,0.0,0.0,3.0,,,,3.857142857142857,0.5714285714285714,11.571428571428571,1.2857142857142858,1.2857142857142858,2.9142857142857146,7.0,3.0,3.0,1.0,1.0,9.0,,,,True,True,UNKNOWN,False,False,,,,,,,,,,NPB,2020-10-31 14:00:00,1,,,0,
2020110104,2020-11-01 13:00:00,北海道日本ハムファイターズ,オリックス・バファローズ,7.0,1.0,UNKNOWN,札幌ドーム,excluded,high,False,False,1700112,1400117,[],[],,,,,0,light,2020-11-01 13:00:00+00:00,,UNKNOWN,,,,UNKNOWN,UNKNOWN,,UNKNOWN,,6.75,3.0,4.5,9.0,0.0,5.2,4.0,3.0,8.0,0.0,4.0,2.0,,,,1.8,1.0,3.6,3.6,1.8,6.2,5.0,1.0,3.0,1.0,2.0,2.0,,,,True,True,UNKNOWN,False,False,,,,,,,,,,NPB,2020-11-01 13:00:00,1,,,0,
2020110105,2020-11-01 13:00:00,埼玉西武ライオンズ,福岡ソフトバンクホークス,3.0,1.0,UNKNOWN,メットライフドーム,unknown,low,False,False,1400129,1800080,[],[],,,,,0,light,2020-11-01 13:00:00+00:00,,UNKNOWN,,,,UNKNOWN,UNKNOWN,,UNKNOWN,,5.4,1.8,9.0,7.2,0.0,3.6,5.0,3.0,5.0,0.0,4.0,5.0,,,,1.8,0.6,7.2,0.0,0.0,1.6,5.0,1.0,3.0,0.0,0.0,4.0,,,,True,True,UNKNOWN,False,False,,,,,,,,,,NPB,2020-11-01 13:00:00,1,,,0,
2020110106,2020-11-01 13:00:00,千葉ロッテマリーンズ,東北楽天ゴールデンイーグルス,3.0,3.0,UNKNOWN,ZOZOマリンスタジアム,climax,high,False,True,1900117,1400190,[],[],,,,,0,light,2020-11-01 13:00:00+00:00,,UNKNOWN,,,,UNKNOWN,UNKNOWN,,UNKNOWN,,4.2631578947368425,0.6315789473684211,8.526315789473685,2.8421052631578947,1.4210526315789473,4.305263157894737,6.333333333333333,3.0,2.0,1.0,2.0,6.0,,,,6.75,2.0,2.25,0.0,0.0,2.7,4.0,3.0,8.0,0.0,0.0,1.0,,,,True,True,UNKNOWN,False,False,,,,,,,,,,NPB,2020-11-01 13:00:00,1,,,0,
2020110101,2020-11-01 14:00:00,読売ジャイアンツ,東京ヤクルトスワローズ,2.0,0.0,UNKNOWN,東京ドーム,unknown,low,False,False,1800143,1600060,[],[],,,,,0,light,2020-11-01 14:00:00+00:00,,UNKNOWN,,,,UNKNOWN,UNKNOWN,,UNKNOWN,,0.0,0.6,14.4,1.8,0.0,0.6000000000000001,5.0,0.0,2.0,0.0,1.0,8.0,,,,0.0,0.5555555555555556,7.0,2.0,0.0,2.3111111111111113,9.0,0.0,3.0,0.0,2.0,7.0,,,,True,True,UNKNOWN,False,False,2020-11-01 05:00:00+00:00,,UNKNOWN,Open-Meteo Historical Forecast,FAIL_CLOSED_NO_ISSUANCE_TIMESTAMP,18.4,50.0,0.0,6.5,NPB,2020-11-01 14:00:00,1,,,0,
2020110102,2020-11-01 14:00:00,横浜DeNAベイスターズ,阪神タイガース,6.0,5.0,UNKNOWN,横浜スタジアム,unknown,low,False,False,1700078,1700060,[],[],,,,,0,light,2020-11-01 14:00:00+00:00,,UNKNOWN,,,,UNKNOWN,UNKNOWN,,UNKNOWN,,5.4,1.0,7.2,0.0,3.6,6.800000000000001,5.0,3.0,5.0,2.0,0.0,4.0,,,,1.8,1.6,7.2,1.8,0.0,2.2,5.0,1.0,7.0,0.0,1.0,4.0,,,,True,True,UNKNOWN,False,False,,,,,,,,,,NPB,2020-11-01 14:00:00,1,,,0,
2020110103,2020-11-01 14:00:00,中日ドラゴンズ,広島東洋カープ,0.0,3.0,UNKNOWN,ナゴヤドーム,unknown,low,False,False,1900052,1600106,[],[],,,,,0,light,2020-11-01 14:00:00+00:00,,UNKNOWN,,,,UNKNOWN,UNKNOWN,,UNKNOWN,,0.0,1.0,7.875,1.125,0.0,1.8250000000000002,8.0,0.0,7.0,0.0,1.0,7.0,,,,2.6999999999999997,1.7999999999999998,14.85,4.05,0.0,1.2500000000000002,6.666666666666667,2.0,9.0,0.0,3.0,11.0,,,,True,True,UNKNOWN,False,False,,,,,,,,,,NPB,2020-11-01 14:00:00,1,,,0,
2020110201,2020-11-02 18:00:00,埼玉西武ライオンズ,北海道日本ハムファイターズ,4.0,0.0,UNKNOWN,メットライフドーム,unknown,low,False,False,1800092,1000143,[],[],,,,,0,light,2020-11-02 18:00:00+00:00,,UNKNOWN,,,,UNKNOWN,UNKNOWN,,UNKNOWN,,3.6,1.2,7.2,1.8,1.8,4.800000000000001,5.0,2.0,5.0,1.0,1.0,4.0,,,,0.0,0.4736842105263158,2.8421052631578947,2.8421052631578947,0.0,3.515789473684211,6.333333333333333,0.0,1.0,0.0,2.0,2.0,,,,True,True,UNKNOWN,False,False,,,,,,,,,,NPB,2020-11-02 18:00:00,1,,,0,
2020110301,2020-11-03 14:00:00,中日ドラゴンズ,横浜DeNAベイスターズ,7.0,5.0,UNKNOWN,ナゴヤドーム,unknown,low,False,False,1800045,1200055,[],[],,,,,0,light,2020-11-03 14:00:00+00:00,,UNKNOWN,,,,UNKNOWN,UNKNOWN,,UNKNOWN,,7.5,1.6666666666666667,4.5,3.0,1.5,5.366666666666667,6.0,5.0,8.0,1.0,2.0,3.0,,,,4.05,1.5,4.05,1.3499999999999999,0.0,2.75,6.666666666666667,3.0,9.0,0.0,1.0,3.0,,,,True,True,UNKNOWN,False,False,,,,,,,,,,NPB,2020-11-03 14:00:00,1,,,0,
2020110302,2020-11-03 14:00:00,阪神タイガース,東京ヤクルトスワローズ,1.0,4.0,UNKNOWN,阪神甲子園球場,unknown,low,False,False,1300045,1500090,[],[],,,,,0,light,2020-11-03 14:00:00+00:00,,UNKNOWN,,,,UNKNOWN,UNKNOWN,,UNKNOWN,,1.8,1.8,10.8,9.0,0.0,3.8000000000000003,5.0,1.0,4.0,0.0,5.0,6.0,,,,0.0,1.5,6.0,3.0,0.0,2.8666666666666667,6.0,0.0,7.0,0.0,2.0,4.0,,,,True,True,UNKNOWN,False,False,,,,,,,,,,NPB,2020-11-03 14:00:00,1,,,0,
2020110303,2020-11-03 14:00:00,広島東洋カープ,読売ジャイアンツ,2.0,2.0,UNKNOWN,MAZDA Zoom-Zoom スタジアム広島,unknown,low,False,False,1800028,1300058,[],[],,,,,0,light,2020-11-03 14:00:00+00:00,,UNKNOWN,,,,UNKNOWN,UNKNOWN,,UNKNOWN,,2.0,1.2222222222222223,6.0,4.0,1.0,4.644444444444445,9.0,2.0,7.0,1.0,4.0,6.0,,,,2.0,1.2222222222222223,9.0,3.0,0.0,2.2,9.0,2.0,8.0,0.0,3.0,9.0,,,,True,True,UNKNOWN,False,False,,,,,,,,,,NPB,2020-11-03 14:00:00,1,,,0,
2020110304,2020-11-03 14:00:00,埼玉西武ライオンズ,北海道日本ハムファイターズ,5.0,4.0,UNKNOWN,メットライフドーム,climax,high,False,True,1700026,1400182,[],[],,,,,0,light,2020-11-03 14:00:00+00:00,,UNKNOWN,,,,UNKNOWN,UNKNOWN,,UNKNOWN,,6.75,1.5,11.25,2.25,4.5,7.95,4.0,3.0,5.0,2.0,1.0,5.0,,,,8.307692307692308,2.307692307692308,10.384615384615385,8.307692307692308,0.0,3.661538461538462,4.333333333333333,4.0,6.0,0.0,4.0,5.0,,,,True,True,UNKNOWN,False,False,,,,,,,,,,NPB,2020-11-03 14:00:00,1,,,0,
2020110305,2020-11-03 14:00:00,千葉ロッテマリーンズ,福岡ソフトバンクホークス,3.0,4.0,UNKNOWN,ZOZOマリンスタジアム,excluded,high,False,False,900121,1300050,[],[],,,,,0,light,2020-11-03 14:00:00+00:00,,UNKNOWN,,,,UNKNOWN,UNKNOWN,,UNKNOWN,,5.4,1.6,9.0,1.8,3.6,7.0,5.0,3.0,7.0,2.0,1.0,5.0,,,,6.352941176470588,1.2352941176470587,3.176470588235294,0.0,0.0,2.4941176470588236,5.666666666666667,4.0,7.0,0.0,0.0,2.0,,,,True,True,UNKNOWN,False,False,,,,,,,,,,NPB,2020-11-03 14:00:00,1,,,0,
2020110306,2020-11-03 18:00:00,オリックス・バファローズ,東北楽天ゴールデンイーグルス,6.0,3.0,UNKNOWN,京セラドーム大阪,unknown,low,False,False,1200117,1400195,[],[],,,,,0,light,2020-11-03 18:00:00+00:00,,UNKNOWN,,,,UNKNOWN,UNKNOWN,,UNKNOWN,,9.0,2.0,6.0,1.5,4.5,8.866666666666667,6.0,6.0,11.0,3.0,1.0,4.0,,,,0.0,0.8823529411764706,3.176470588235294,3.176470588235294,0.0,3.5529411764705885,5.666666666666667,0.0,3.0,0.0,2.0,2.0,,,,True,True,UNKNOWN,False,False,,,,,,,,,,NPB,2020-11-03 18:00:00,1,,,0,
2020110401,2020-11-04 18:00:00,中日ドラゴンズ,横浜DeNAベイスターズ,5.0,4.0,UNKNOWN,ナゴヤドーム,unknown,low,False,False,1900031,1800061,[],[],,,,,0,light,2020-11-04 18:00:00+00:00,,UNKNOWN,,,,UNKNOWN,UNKNOWN,,UNKNOWN,,9.818181818181818,1.9090909090909092,7.363636363636364,2.4545454545454546,0.0,2.381818181818182,3.6666666666666665,4.0,6.0,0.0,1.0,3.0,,,,6.75,0.9375,3.375,0.0,3.375,7.325,5.333333333333333,4.0,5.0,2.0,0.0,2.0,,,,True,True,UNKNOWN,False,False,,,,,,,,,,NPB,2020-11-04 18:00:00,1,,,0,
2020110402,2020-11-04 18:00:00,阪神タイガース,東京ヤクルトスワローズ,3.0,2.0,UNKNOWN,阪神甲子園球場,unknown,low,False,False,12113,1200062,[],[],,,,,0,light,2020-11-04 18:00:00+00:00,,UNKNOWN,,,,UNKNOWN,UNKNOWN,,UNKNOWN,,1.5,0.6666666666666666,4.5,1.5,0.0,2.7,6.0,1.0,3.0,0.0,1.0,3.0,,,,0.0,1.3333333333333333,9.0,6.0,0.0,3.2,6.0,0.0,4.0,0.0,4.0,6.0,,,,True,True,UNKNOWN,False,False,,,,,,,,,,NPB,2020-11-04 18:00:00,1,,,0,
2020110403,2020-11-04 18:00:00,広島東洋カープ,読売ジャイアンツ,5.0,1.0,UNKNOWN,MAZDA Zoom-Zoom スタジアム広島,unknown,low,False,False,1800023,1700072,[],[],,,,,0,light,2020-11-04 18:00:00+00:00,,UNKNOWN,,,,UNKNOWN,UNKNOWN,,UNKNOWN,,1.8,2.0,7.2,9.0,0.0,4.6,5.0,1.0,5.0,0.0,5.0,4.0,,,,1.0,0.5555555555555556,7.0,1.0,0.0,1.9777777777777779,9.0,1.0,4.0,0.0,1.0,7.0,,,,True,True,UNKNOWN,False,False,,,,,,,,,,NPB,2020-11-04 18:00:00,1,,,0,
2020110404,2020-11-04 18:00:00,埼玉西武ライオンズ,北海道日本ハムファイターズ,10.0,3.0,UNKNOWN,メットライフドーム,unknown,low,False,False,1800090,1800022,[],[],,,,,0,light,2020-11-04 18:00:00+00:00,,UNKNOWN,,,,UNKNOWN,UNKNOWN,,UNKNOWN,,36.0,5.0,4.5,18.0,4.5,14.7,2.0,8.0,6.0,1.0,4.0,1.0,,,,5.4,1.6,1.8,0.0,1.8,5.4,5.0,3.0,8.0,1.0,0.0,1.0,,,,True,True,UNKNOWN,False,False,,,,,,,,,,NPB,2020-11-04 18:00:00,1,,,0,
2020110405,2020-11-04 18:00:00,千葉ロッテマリーンズ,福岡ソフトバンクホークス,0.0,2.0,UNKNOWN,ZOZOマリンスタジアム,climax,high,False,True,1000174,400098,[],[],,,,,0,light,2020-11-04 18:00:00+00:00,,UNKNOWN,,,,UNKNOWN,UNKNOWN,,UNKNOWN,,0.0,0.375,10.125,1.125,0.0,1.3250000000000002,8.0,0.0,2.0,0.0,1.0,9.0,,,,3.0,1.3333333333333333,3.0,3.0,3.0,7.866666666666667,6.0,2.0,6.0,2.0,2.0,2.0,,,,True,True,UNKNOWN,False,False,,,,,,,,,,NPB,2020-11-04 18:00:00,1,,,0,
2020110406,2020-11-04 18:00:00,オリックス・バファローズ,東北楽天ゴールデンイーグルス,8.0,7.0,UNKNOWN,京セラドーム大阪,unknown,low,False,False,500014,1500088,[],[],,,,,0,light,2020-11-04 18:00:00+00:00,,UNKNOWN,,,,UNKNOWN,UNKNOWN,,UNKNOWN,,10.8,2.0,7.2,1.8,0.0,2.2,5.0,6.0,9.0,0.0,1.0,4.0,,,,6.75,1.25,2.25,4.5,0.0,4.2,4.0,3.0,3.0,0.0,2.0,1.0,,,,True,True,UNKNOWN,False,False,,,,,,,,,,NPB,2020-11-04 18:00:00,1,,,0,
2020110501,2020-11-05 18:00:00,中日ドラゴンズ,横浜DeNAベイスターズ,2.0,0.0,UNKNOWN,ナゴヤドーム,unknown,low,False,False,1300031,1000138,[],[],,,,,0,light,2020-11-05 18:00:00+00:00,,UNKNOWN,,,,UNKNOWN,UNKNOWN,,UNKNOWN,,2.25,1.125,5.625,1.125,0.0,2.325,8.0,2.0,8.0,0.0,1.0,5.0,,,,0.0,0.8571428571428571,9.0,1.2857142857142858,0.0,1.6285714285714288,7.0,0.0,5.0,0.0,1.0,7.0,,,,True,True,UNKNOWN,False,False,,,,,,,,,,NPB,2020-11-05 18:00:00,1,,,0,
2020110502,2020-11-05 18:00:00,阪神タイガース,東京ヤクルトスワローズ,8.0,7.0,UNKNOWN,阪神甲子園球場,unknown,low,False,False,1700088,900062,[],[],,,,,0,light,2020-11-05 18:00:00+00:00,,UNKNOWN,,,,UNKNOWN,UNKNOWN,,UNKNOWN,,18.0,3.3333333333333335,9.0,3.0,0.0,2.2,3.0,6.0,9.0,0.0,1.0,3.0,,,,21.6,4.800000000000001,5.4,10.8,0.0,5.6000000000000005,1.6666666666666665,4.0,6.0,0.0,2.0,1.0,,,,True,True,UNKNOWN,False,False,,,,,,,,,,NPB,2020-11-05 18:00:00,1,,,0,
2020110503,2020-11-05 18:00:00,広島東洋カープ,読売ジャイアンツ,5.0,4.0,UNKNOWN,MAZDA Zoom-Zoom スタジアム広島,unknown,low,False,False,1900143,1400174,[],[],,,,,0,light,2020-11-05 18:00:00+00:00,,UNKNOWN,,,,UNKNOWN,UNKNOWN,,UNKNOWN,,3.6,1.0,7.2,3.6,1.8,5.4,5.0,2.0,3.0,1.0,2.0,4.0,,,,3.375,1.5,10.125,5.0625,1.6875,5.075,5.333333333333333,2.0,5.0,1.0,3.0,6.0,,,,True,True,UNKNOWN,False,False,,,,,,,,,,NPB,2020-11-05 18:00:00,1,,,0,
2020110504,2020-11-05 18:00:00,千葉ロッテマリーンズ,福岡ソフトバンクホークス,6.0,1.0,UNKNOWN,ZOZOマリンスタジアム,unknown,low,False,False,1200106,1000155,[],[],,,,,0,light,2020-11-05 18:00:00+00:00,,UNKNOWN,,,,UNKNOWN,UNKNOWN,,UNKNOWN,,7.0434782608695645,1.826086956521739,5.869565217391304,5.869565217391304,0.0,3.8521739130434787,7.666666666666667,6.0,9.0,0.0,5.0,5.0,,,,0.0,0.6521739130434783,5.869565217391304,1.1739130434782608,0.0,2.2869565217391306,7.666666666666667,0.0,4.0,0.0,1.0,5.0,,,,True,True,UNKNOWN,False,False,,,,,,,,,,NPB,2020-11-05 18:00:00,1,,,0,
2020110505,2020-11-05 18:00:00,オリックス・バファローズ,東北楽天ゴールデンイーグルス,2.0,4.0,UNKNOWN,京セラドーム大阪,unknown,low,False,False,900090,1700109,[],[],,,,,0,light,2020-11-05 18:00:00+00:00,,UNKNOWN,,,,UNKNOWN,UNKNOWN,,UNKNOWN,,2.5714285714285716,0.8571428571428571,12.857142857142858,1.2857142857142858,1.2857142857142858,2.628571428571429,7.0,2.0,5.0,1.0,1.0,10.0,,,,1.2857142857142858,0.7142857142857143,7.714285714285714,0.0,0.0,1.485714285714286,7.0,1.0,5.0,0.0,0.0,6.0,,,,True,True,UNKNOWN,False,False,,,,,,,,,,NPB,2020-11-05 18:00:00,1,,,0,
2020110601,2020-11-06 18:00:00,中日ドラゴンズ,東京ヤクルトスワローズ,4.0,5.0,UNKNOWN,ナゴヤドーム,excluded,high,False,False,1500042,600078,[],[],,,,,0,light,2020-11-06 18:00:00+00:00,,UNKNOWN,,,,UNKNOWN,UNKNOWN,,UNKNOWN,,3.6,1.6,12.6,3.6,1.8,4.2,5.0,2.0,6.0,1.0,2.0,7.0,,,,0.0,0.0,27.0,0.0,0.0,-2.8,0.3333333333333333,0.0,0.0,0.0,0.0,1.0,,,,True,True,UNKNOWN,False,False,,,,,,,,,,NPB,2020-11-06 18:00:00,1,,,0,
2020110602,2020-11-06 18:00:00,オリックス・バファローズ,北海道日本ハムファイターズ,4.0,3.0,UNKNOWN,京セラドーム大阪,unknown,low,False,False,1900070,1900087,[],[],,,,,0,light,2020-11-06 18:00:00+00:00,,UNKNOWN,,,,UNKNOWN,UNKNOWN,,UNKNOWN,,4.5,0.8333333333333334,3.0,1.5,1.5,5.2,6.0,3.0,4.0,1.0,1.0,2.0,,,,3.6,2.0,12.6,5.4,0.0,2.2,5.0,2.0,7.0,0.0,3.0,7.0,,,,True,True,UNKNOWN,False,False,,,,,,,,,,NPB,2020-11-06 18:00:00,1,,,0,
2020110603,2020-11-06 18:00:00,東北楽天ゴールデンイーグルス,埼玉西武ライオンズ,4.0,2.0,UNKNOWN,楽天生命パーク宮城,climax,high,False,True,1900062,700065,[],[],,,,,0,light,2020-11-06 18:00:00+00:00,,UNKNOWN,,,,UNKNOWN,UNKNOWN,,UNKNOWN,,6.0,1.3333333333333333,7.5,1.5,0.0,2.033333333333333,6.0,4.0,7.0,0.0,1.0,5.0,,,,2.0,0.7777777777777778,11.0,1.0,0.0,1.088888888888889,9.0,2.0,6.0,0.0,1.0,11.0,,,,True,True,UNKNOWN,False,False,,,,,,,,,,NPB,2020-11-06 18:00:00,1,,,0,
2020110704,2020-11-07 13:00:00,福岡ソフトバンクホークス,東北楽天ゴールデンイーグルス,4.0,6.0,UNKNOWN,ひなたサンマリンスタジアム宮崎,excluded,high,False,False,1600101,1700137,[],[],,,,,0,light,2020-11-07 13:00:00+00:00,,UNKNOWN,,,,UNKNOWN,UNKNOWN,,UNKNOWN,,4.5,1.3333333333333333,6.0,0.0,0.0,1.866666666666667,6.0,3.0,8.0,0.0,0.0,4.0,,,,4.909090909090909,2.4545454545454546,4.909090909090909,2.4545454545454546,0.0,2.9272727272727272,3.6666666666666665,2.0,8.0,0.0,1.0,2.0,,,,True,True,UNKNOWN,False,False,,,,,,,,,,NPB,2020-11-07 13:00:00,1,,,0,
2020110702,2020-11-07 14:00:00,広島東洋カープ,阪神タイガース,0.0,2.0,UNKNOWN,MAZDA Zoom-Zoom スタジアム広島,unknown,low,False,False,900425,1300061,[],[],,,,,0,light,2020-11-07 14:00:00+00:00,,UNKNOWN,,,,UNKNOWN,UNKNOWN,,UNKNOWN,,0.0,0.42857142857142855,2.5714285714285716,0.0,0.0,2.628571428571429,7.0,0.0,3.0,0.0,0.0,2.0,,,,3.0,1.1666666666666667,7.5,1.5,1.5,4.2,6.0,2.0,6.0,1.0,1.0,5.0,,,,True,True,UNKNOWN,False,False,,,,,,,,,,NPB,2020-11-07 14:00:00,1,,,0,
2020110703,2020-11-07 14:00:00,東北楽天ゴールデンイーグルス,埼玉西武ライオンズ,6.0,6.0,UNKNOWN,楽天生命パーク宮城,unknown,low,False,False,1600127,1900117,[],[],,,,,0,light,2020-11-07 14:00:00+00:00,,UNKNOWN,,,,UNKNOWN,UNKNOWN,,UNKNOWN,,81.0,10.5,0.0,54.0,0.0,21.2,0.6666666666666666,6.0,3.0,0.0,4.0,0.0,,,,5.0625,2.25,5.0625,6.75,0.0,4.325,5.333333333333333,3.0,8.0,0.0,4.0,3.0,,,,True,True,UNKNOWN,False,False,,,,,,,,,,NPB,2020-11-07 14:00:00,1,,,0,
2020110701,2020-11-07 18:00:00,読売ジャイアンツ,東京ヤクルトスワローズ,6.0,2.0,UNKNOWN,東京ドーム,unknown,low,False,False,1200076,1100038,[],[],,,,,0,light,2020-11-07 18:00:00+00:00,,UNKNOWN,,,,UNKNOWN,UNKNOWN,,UNKNOWN,,7.2,2.6,3.6,9.0,3.6,10.600000000000001,5.0,4.0,8.0,2.0,5.0,2.0,,,,0.0,0.8,1.8,3.6,0.0,4.0,5.0,0.0,2.0,0.0,2.0,1.0,,,,True,True,UNKNOWN,False,False,2020-11-07 09:00:00+00:00,,UNKNOWN,Open-Meteo Historical Forecast,FAIL_CLOSED_NO_ISSUANCE_TIMESTAMP,17.5,52.0,0.0,2.6,NPB,2020-11-07 18:00:00,1,,,0,
2020110705,2020-11-07 18:00:00,千葉ロッテマリーンズ,オリックス・バファローズ,4.0,3.0,UNKNOWN,ZOZOマリンスタジアム,unknown,low,False,False,1600160,1300055,[],[],,,,,0,light,2020-11-07 18:00:00+00:00,,UNKNOWN,,,,UNKNOWN,UNKNOWN,,UNKNOWN,,7.7142857142857135,2.571428571428571,9.642857142857142,13.5,1.9285714285714284,8.342857142857142,4.666666666666667,4.0,5.0,1.0,7.0,5.0,,,,1.5,0.6666666666666666,9.0,1.5,0.0,1.7000000000000002,6.0,1.0,3.0,0.0,1.0,6.0,,,,True,True,UNKNOWN,False,False,,,,,,,,,,NPB,2020-11-07 18:00:00,1,,,0,
2020110802,2020-11-08 13:00:00,千葉ロッテマリーンズ,埼玉西武ライオンズ,8.0,2.0,UNKNOWN,ZOZOマリンスタジアム,climax,high,False,True,1800080,1800052,[],[],,,,,0,light,2020-11-08 13:00:00+00:00,,UNKNOWN,,,,UNKNOWN,UNKNOWN,,UNKNOWN,,2.4545454545454546,1.3636363636363638,7.363636363636364,4.909090909090909,2.4545454545454546,6.745454545454546,3.6666666666666665,1.0,3.0,1.0,2.0,3.0,,,,9.0,3.0,0.0,9.0,0.0,6.2,2.0,2.0,4.0,0.0,2.0,0.0,,,,True,True,UNKNOWN,False,False,,,,,,,,,,NPB,2020-11-08 13:00:00,1,,,0,
2020110801,2020-11-08 14:00:00,読売ジャイアンツ,東京ヤクルトスワローズ,3.0,5.0,UNKNOWN,東京ドーム,unknown,low,False,False,1800143,1800026,[],[],,,,,0,light,2020-11-08 14:00:00+00:00,,UNKNOWN,,,,UNKNOWN,UNKNOWN,,UNKNOWN,,6.75,2.75,9.0,6.75,2.25,6.7,4.0,3.0,8.0,1.0,3.0,4.0,,,,1.8,0.8,1.8,1.8,1.8,6.0,5.0,1.0,3.0,1.0,1.0,1.0,,,,True,True,UNKNOWN,False,False,2020-11-08 05:00:00+00:00,,UNKNOWN,Open-Meteo Historical Forecast,FAIL_CLOSED_NO_ISSUANCE_TIMESTAMP,22.4,36.0,0.0,2.9,NPB,2020-11-08 14:00:00,1,,,0,
2020110901,2020-11-09 18:00:00,福岡ソフトバンクホークス,埼玉西武ライオンズ,6.0,2.0,UNKNOWN,福岡PayPayドーム,unknown,low,False,False,1400182,1900153,[],[],,,,,0,light,2020-11-09 18:00:00+00:00,,UNKNOWN,,,,UNKNOWN,UNKNOWN,,UNKNOWN,,0.0,1.0,4.5,4.5,0.0,3.7,2.0,0.0,1.0,0.0,1.0,1.0,,,,3.0,1.3333333333333333,6.0,3.0,0.0,2.8666666666666667,3.0,1.0,3.0,0.0,1.0,2.0,,,,True,True,UNKNOWN,False,False,,,,,,,,,,NPB,2020-11-09 18:00:00,1,,,0,
2020110902,2020-11-09 18:00:00,千葉ロッテマリーンズ,北海道日本ハムファイターズ,4.0,7.0,UNKNOWN,ZOZOマリンスタジアム,climax,high,False,True,1500109,1300050,[],[],,,,,0,light,2020-11-09 18:00:00+00:00,,UNKNOWN,,,,UNKNOWN,UNKNOWN,,UNKNOWN,,12.0,2.6666666666666665,9.0,3.0,3.0,6.533333333333333,3.0,4.0,7.0,1.0,1.0,3.0,,,,13.5,2.5,9.0,4.5,4.5,9.2,2.0,3.0,4.0,1.0,1.0,2.0,,,,True,True,UNKNOWN,False,False,,,,,,,,,,NPB,2020-11-09 18:00:00,1,,,0,
2020111001,2020-11-10 18:00:00,東京ヤクルトスワローズ,広島東洋カープ,3.0,7.0,UNKNOWN,明治神宮野球場,excluded,high,False,False,1600123,1900024,[],[],,,,,0,light,2020-11-10 18:00:00+00:00,,UNKNOWN,,,,UNKNOWN,UNKNOWN,,UNKNOWN,,1.2857142857142858,0.8571428571428571,7.714285714285714,1.2857142857142858,1.2857142857142858,3.7714285714285714,7.0,1.0,5.0,1.0,1.0,6.0,,,,22.5,4.5,9.0,0.0,4.5,7.7,2.0,5.0,9.0,1.0,0.0,2.0,,,,True,True,UNKNOWN,False,False,,,,,,,,,,NPB,2020-11-10 18:00:00,1,,,0,
2020111002,2020-11-10 18:00:00,阪神タイガース,読売ジャイアンツ,0.0,4.0,UNKNOWN,阪神甲子園球場,japan_series,high,False,True,1600060,1500090,[],[],,,,,0,light,2020-11-10 18:00:00+00:00,,UNKNOWN,,,,UNKNOWN,UNKNOWN,,UNKNOWN,,0.0,1.0,0.0,9.0,0.0,6.2,3.0,0.0,0.0,0.0,3.0,0.0,,,,0.0,1.4,9.0,3.6,0.0,2.4000000000000004,5.0,0.0,5.0,0.0,2.0,5.0,,,,True,True,UNKNOWN,False,False,,,,,,,,,,NPB,2020-11-10 18:00:00,1,,,0,
2020111101,2020-11-11 18:00:00,広島東洋カープ,中日ドラゴンズ,2.0,3.0,UNKNOWN,MAZDA Zoom-Zoom スタジアム広島,unknown,low,False,False,1600106,1300058,[],[],,,,,0,light,2020-11-11 18:00:00+00:00,,UNKNOWN,,,,UNKNOWN,UNKNOWN,,UNKNOWN,,2.076923076923077,0.8076923076923077,5.1923076923076925,2.076923076923077,0.0,2.7384615384615385,8.666666666666666,2.0,5.0,0.0,2.0,5.0,,,,3.0,1.3333333333333333,6.0,4.0,0.0,3.2,9.0,3.0,8.0,0.0,4.0,6.0,,,,True,True,UNKNOWN,False,False,,,,,,,,,,NPB,2020-11-11 18:00:00,1,,,0,
2020111102,2020-11-11 18:00:00,阪神タイガース,横浜DeNAベイスターズ,1.0,0.0,UNKNOWN,阪神甲子園球場,excluded,high,False,False,1800045,1200062,[],[],,,,,0,light,2020-11-11 18:00:00+00:00,,UNKNOWN,,,,UNKNOWN,UNKNOWN,,UNKNOWN,,0.0,1.0,11.571428571428571,3.857142857142857,0.0,1.9142857142857144,7.0,0.0,4.0,0.0,3.0,9.0,,,,0.0,1.2,16.2,3.6,0.0,0.8000000000000003,5.0,0.0,4.0,0.0,2.0,9.0,,,,True,True,UNKNOWN,False,False,,,,,,,,,,NPB,2020-11-11 18:00:00,1,,,0,
2020111401,2020-11-14 13:00:00,福岡ソフトバンクホークス,千葉ロッテマリーンズ,4.0,3.0,UNKNOWN,福岡PayPayドーム,climax,high,False,True,1000155,1000174,[],[],,,,,0,light,2020-11-14 13:00:00+00:00,,UNKNOWN,,,,UNKNOWN,UNKNOWN,,UNKNOWN,,3.375,1.5,8.4375,1.6875,1.6875,4.325,5.333333333333333,2.0,7.0,1.0,1.0,5.0,,,,3.857142857142857,1.1428571428571428,10.285714285714286,0.0,1.2857142857142858,2.771428571428572,7.0,3.0,8.0,1.0,0.0,8.0,,,,True,True,UNKNOWN,False,False,,,,,,,,,,NPB,2020-11-14 13:00:00,1,,,0,
2020111402,2020-11-14 14:00:00,横浜DeNAベイスターズ,読売ジャイアンツ,5.0,4.0,UNKNOWN,横浜スタジアム,japan_series,high,False,True,1200041,1300031,[],[],,,,,0,light,2020-11-14 14:00:00+00:00,,UNKNOWN,,,,UNKNOWN,UNKNOWN,,UNKNOWN,,0.0,0.2,9.0,0.0,0.0,1.2000000000000002,5.0,0.0,1.0,0.0,0.0,5.0,,,,1.8,0.6,9.0,1.8,0.0,1.8000000000000003,5.0,1.0,2.0,0.0,1.0,5.0,,,,True,True,UNKNOWN,False,False,,,,,,,,,,NPB,2020-11-14 14:00:00,1,,,0,
2020111501,2020-11-15 13:00:00,福岡ソフトバンクホークス,千葉ロッテマリーンズ,6.0,4.0,UNKNOWN,福岡PayPayドーム,climax,high,False,True,400098,1200106,[],[],,,,,0,light,2020-11-15 13:00:00+00:00,,UNKNOWN,,,,UNKNOWN,UNKNOWN,,UNKNOWN,,13.5,2.1,2.6999999999999997,0.0,8.1,14.3,3.3333333333333335,5.0,7.0,3.0,0.0,1.0,,,,6.75,2.5,9.0,6.75,0.0,3.45,4.0,3.0,7.0,0.0,3.0,4.0,,,,True,True,UNKNOWN,False,False,,,,,,,,,,NPB,2020-11-15 13:00:00,1,,,0,
2020112101,2020-11-21 18:10:00,読売ジャイアンツ,福岡ソフトバンクホークス,1.0,5.0,UNKNOWN,京セラドーム大阪,excluded,high,False,False,1000174,1200041,[],[],,,,,0,light,2020-11-21 18:10:00+00:00,,UNKNOWN,,,,UNKNOWN,UNKNOWN,,UNKNOWN,,0.0,0.8571428571428571,7.714285714285714,3.857142857142857,0.0,2.771428571428572,7.0,0.0,3.0,0.0,3.0,6.0,,,,6.0,1.0,6.0,0.0,1.5,4.033333333333333,6.0,4.0,6.0,1.0,0.0,4.0,,,,True,True,UNKNOWN,False,False,,,,,,,,,,NPB,2020-11-21 18:10:00,1,,,0,
2020112201,2020-11-22 18:10:00,読売ジャイアンツ,福岡ソフトバンクホークス,2.0,13.0,UNKNOWN,京セラドーム大阪,regular,high,True,True,1300080,1100038,[],[],,,,,0,light,2020-11-22 18:10:00+00:00,,UNKNOWN,,,,UNKNOWN,UNKNOWN,,UNKNOWN,,3.375,0.9375,11.8125,1.6875,1.6875,3.575,5.333333333333333,2.0,4.0,1.0,1.0,7.0,,,,16.200000000000003,3.0000000000000004,5.4,5.4,5.4,11.600000000000001,1.6666666666666665,3.0,4.0,1.0,1.0,1.0,,,,True,True,UNKNOWN,False,False,,,,,,,,,,NPB,2020-11-22 18:10:00,1,,,0,
2020112401,2020-11-24 18:30:00,福岡ソフトバンクホークス,読売ジャイアンツ,4.0,0.0,UNKNOWN,福岡PayPayドーム,unknown,low,False,False,1900143,1900153,[],[],,,,,0,light,2020-11-24 18:30:00+00:00,,UNKNOWN,,,,UNKNOWN,UNKNOWN,,UNKNOWN,,4.2631578947368425,1.2631578947368423,9.947368421052632,2.8421052631578947,1.4210526315789473,3.9894736842105267,6.333333333333333,3.0,6.0,1.0,2.0,7.0,,,,0.0,0.2857142857142857,6.428571428571429,2.5714285714285716,0.0,2.628571428571429,7.0,0.0,0.0,0.0,2.0,5.0,,,,True,True,UNKNOWN,False,False,,,,,,,,,,NPB,2020-11-24 18:30:00,1,,,0,
2020112501,2020-11-25 18:30:00,福岡ソフトバンクホークス,読売ジャイアンツ,4.0,1.0,UNKNOWN,福岡PayPayドーム,japan_series,high,False,True,1600060,20204,[],[],,,,,0,light,2020-11-25 18:30:00+00:00,,UNKNOWN,,,,UNKNOWN,UNKNOWN,,UNKNOWN,,21.6,2.4000000000000004,16.200000000000003,0.0,10.8,15.200000000000003,1.6666666666666665,4.0,4.0,2.0,0.0,3.0,,,,4.5,2.0,9.0,4.5,0.0,2.7,2.0,1.0,3.0,0.0,1.0,2.0,,,,True,True,UNKNOWN,False,False,,,,,,,,,,NPB,2020-11-25 18:30:00,1,,,0,
