game_id,datetime,home,away,home_score,away_score,game_type,venue,npb_game_category,npb_type_confidence,npb_training_default,npb_evaluation_default,home_starter,away_starter,home_lineup_json,away_lineup_json,home_pregame_starter,away_pregame_starter,home_pregame_lineup_json,away_pregame_lineup_json,player_rows_count,enrichment_mode,prediction_time_utc,starter_available_at,starter_state,starter_source,home_lineup_available_at,away_lineup_available_at,home_lineup_state,away_lineup_state,lineup_available_at,lineup_state,lineup_source,home_starter_era,home_starter_whip,home_starter_k9,home_starter_bb9,home_starter_hr9,home_starter_fip,home_starter_ip,home_starter_er,home_starter_h,home_starter_hr,home_starter_bb,home_starter_so,home_starter_pitches,home_starter_k_rate,home_starter_bb_rate,away_starter_era,away_starter_whip,away_starter_k9,away_starter_bb9,away_starter_hr9,away_starter_fip,away_starter_ip,away_starter_er,away_starter_h,away_starter_hr,away_starter_bb,away_starter_so,away_starter_pitches,away_starter_k_rate,away_starter_bb_rate,home_starter_line_ok,away_starter_line_ok,pregame_context_quality,pregame_starter_verified,pregame_lineup_verified,weather_valid_time_utc,weather_available_at,weather_state,weather_source,weather_pit_quality,weather_temp_c,weather_humidity_pct,weather_precip_mm,weather_wind_kmh,league,date,inning,half,event,addedRuns,pitcher
2021020865,2024-03-01 13:00:00,東北楽天ゴールデンイーグルス,広島東洋カープ,2.0,4.0,UNKNOWN,マスカットスタジアム,excluded,high,False,False,1900052.0,2000121.0,[],[],,,,,0,light,2024-03-01 13:00:00+00:00,,UNKNOWN,,,,UNKNOWN,UNKNOWN,,UNKNOWN,,0.0,0.6666666666666666,3.0,0.0,0.0,2.5333333333333337,3.0,0.0,2.0,0.0,0.0,1.0,,,,3.6,1.4,9.0,0.0,1.8,3.8,5.0,2.0,7.0,1.0,0.0,5.0,,,,True,True,UNKNOWN,False,False,,,,,,,,,,NPB,2024-03-01 13:00:00,1,,,0,
2021020867,2024-03-02 13:00:00,東北楽天ゴールデンイーグルス,広島東洋カープ,3.0,1.0,UNKNOWN,マスカットスタジアム,excluded,high,False,False,1300058.0,2106793.0,[],[],,,,,0,light,2024-03-02 13:00:00+00:00,,UNKNOWN,,,,UNKNOWN,UNKNOWN,,UNKNOWN,,0.0,0.75,11.25,4.5,0.0,2.2,4.0,0.0,1.0,0.0,2.0,5.0,,,,0.0,0.4,7.2,0.0,0.0,1.6,5.0,0.0,2.0,0.0,0.0,4.0,,,,True,True,UNKNOWN,False,False,,,,,,,,,,NPB,2024-03-02 13:00:00,1,,,0,
2021020869,2024-03-02 13:00:00,福岡ソフトバンクホークス,横浜DeNAベイスターズ,5.0,3.0,UNKNOWN,北九州市民球場,excluded,high,False,False,1700058.0,1900106.0,[],[],,,,,0,light,2024-03-02 13:00:00+00:00,,UNKNOWN,,,,UNKNOWN,UNKNOWN,,UNKNOWN,,0.0,1.0,9.0,0.0,0.0,1.2000000000000002,3.0,0.0,3.0,0.0,0.0,3.0,,,,0.0,0.6666666666666666,6.0,0.0,0.0,1.866666666666667,3.0,0.0,2.0,0.0,0.0,2.0,,,,True,True,UNKNOWN,False,False,,,,,,,,,,NPB,2024-03-02 13:00:00,1,,,0,
2021020868,2024-03-02 14:00:00,中日ドラゴンズ,東京ヤクルトスワローズ,3.0,6.0,UNKNOWN,バンテリンドーム ナゴヤ,excluded,high,False,False,1200076.0,1800059.0,[],[],,,,,0,light,2024-03-02 14:00:00+00:00,,UNKNOWN,,,,UNKNOWN,UNKNOWN,,UNKNOWN,,0.0,0.6666666666666666,6.0,0.0,0.0,1.866666666666667,3.0,0.0,2.0,0.0,0.0,2.0,,,,10.384615384615383,1.8461538461538465,14.53846153846154,4.153846153846154,0.0,1.353846153846154,4.333333333333333,5.0,6.0,0.0,2.0,7.0,,,,True,True,UNKNOWN,False,False,,,,,,,,,,NPB,2024-03-02 14:00:00,1,,,0,
2021020866,2024-03-02 15:00:00,北海道日本ハムファイターズ,阪神タイガース,3.0,2.0,UNKNOWN,札幌ドーム,excluded,high,False,False,2104016.0,1900129.0,[],[],,,,,0,light,2024-03-02 15:00:00+00:00,,UNKNOWN,,,,UNKNOWN,UNKNOWN,,UNKNOWN,,2.25,1.0,9.0,4.5,0.0,2.7,4.0,1.0,2.0,0.0,2.0,4.0,,,,6.0,1.3333333333333333,12.0,6.0,0.0,2.5333333333333337,3.0,2.0,2.0,0.0,2.0,4.0,,,,True,True,UNKNOWN,False,False,,,,,,,,,,NPB,2024-03-02 15:00:00,1,,,0,
2021020870,2024-03-03 13:00:00,北海道日本ハムファイターズ,阪神タイガース,6.0,5.0,UNKNOWN,札幌ドーム,unknown,low,False,False,1600115.0,2060074.0,[],[],,,,,0,light,2024-03-03 13:00:00+00:00,,UNKNOWN,,,,UNKNOWN,UNKNOWN,,UNKNOWN,,0.0,0.25,6.75,0.0,0.0,1.7000000000000002,4.0,0.0,1.0,0.0,0.0,3.0,,,,6.75,1.0,6.75,0.0,0.0,1.7000000000000002,4.0,3.0,4.0,0.0,0.0,3.0,,,,True,True,UNKNOWN,False,False,,,,,,,,,,NPB,2024-03-03 13:00:00,1,,,0,
2021020871,2024-03-03 13:00:00,東北楽天ゴールデンイーグルス,広島東洋カープ,2.0,3.0,UNKNOWN,マスカットスタジアム,excluded,high,False,False,2060065.0,700065.0,[],[],,,,,0,light,2024-03-03 13:00:00+00:00,,UNKNOWN,,,,UNKNOWN,UNKNOWN,,UNKNOWN,,0.0,0.5,4.5,4.5,0.0,3.7,2.0,0.0,0.0,0.0,1.0,1.0,,,,0.0,0.0,3.0,0.0,0.0,2.5333333333333337,3.0,0.0,0.0,0.0,0.0,1.0,,,,True,True,UNKNOWN,False,False,,,,,,,,,,NPB,2024-03-03 13:00:00,1,,,0,
2021020872,2024-03-03 13:30:00,中日ドラゴンズ,東京ヤクルトスワローズ,3.0,3.0,UNKNOWN,バンテリンドーム ナゴヤ,excluded,high,False,False,1500042.0,1500074.0,[],[],,,,,0,light,2024-03-03 13:30:00+00:00,,UNKNOWN,,,,UNKNOWN,UNKNOWN,,UNKNOWN,,0.0,0.0,6.0,0.0,0.0,1.866666666666667,3.0,0.0,0.0,0.0,0.0,2.0,,,,5.4,0.6,9.0,0.0,3.6,6.4,5.0,3.0,3.0,2.0,0.0,5.0,,,,True,True,UNKNOWN,False,False,,,,,,,,,,NPB,2024-03-03 13:30:00,1,,,0,
2021020873,2024-03-03 14:00:00,オリックス・バファローズ,横浜DeNAベイスターズ,4.0,3.0,UNKNOWN,京セラドーム大阪,excluded,high,False,False,1400110.0,2101291.0,[],[],,,,,0,light,2024-03-03 14:00:00+00:00,,UNKNOWN,,,,UNKNOWN,UNKNOWN,,UNKNOWN,,3.0,1.3333333333333333,3.0,3.0,0.0,3.5333333333333337,3.0,1.0,3.0,0.0,1.0,1.0,,,,0.0,1.0,9.0,3.0,0.0,2.2,3.0,0.0,2.0,0.0,1.0,3.0,,,,True,True,UNKNOWN,False,False,,,,,,,,,,NPB,2024-03-03 14:00:00,1,,,0,
2021020874,2024-03-05 13:00:00,横浜DeNAベイスターズ,千葉ロッテマリーンズ,2.0,2.0,UNKNOWN,横浜スタジアム,unknown,low,False,False,900081.0,1800045.0,[],[],,,,,0,light,2024-03-05 13:00:00+00:00,,UNKNOWN,,,,UNKNOWN,UNKNOWN,,UNKNOWN,,3.0,1.0,9.0,0.0,0.0,1.2000000000000002,3.0,1.0,3.0,0.0,0.0,3.0,,,,3.0,1.3333333333333333,3.0,3.0,0.0,3.5333333333333337,3.0,1.0,3.0,0.0,1.0,1.0,,,,True,True,UNKNOWN,False,False,,,,,,,,,,NPB,2024-03-05 13:00:00,1,,,0,
2021020875,2024-03-05 14:00:00,オリックス・バファローズ,中日ドラゴンズ,2.0,8.0,UNKNOWN,京セラドーム大阪,excluded,high,False,False,2000042.0,1750595.0,[],[],,,,,0,light,2024-03-05 14:00:00+00:00,,UNKNOWN,,,,UNKNOWN,UNKNOWN,,UNKNOWN,,4.5,1.75,9.0,4.5,0.0,2.7,4.0,2.0,5.0,0.0,2.0,4.0,,,,0.0,0.2,10.8,0.0,0.0,0.8000000000000003,5.0,0.0,1.0,0.0,0.0,6.0,,,,True,True,UNKNOWN,False,False,,,,,,,,,,NPB,2024-03-05 14:00:00,1,,,0,
2021020877,2024-03-05 18:00:00,福岡ソフトバンクホークス,東京ヤクルトスワローズ,5.0,4.0,UNKNOWN,福岡PayPayドーム,excluded,high,False,False,2000139.0,20204.0,[],[],,,,,0,light,2024-03-05 18:00:00+00:00,,UNKNOWN,,,,UNKNOWN,UNKNOWN,,UNKNOWN,,3.0,1.0,6.0,0.0,3.0,6.2,3.0,1.0,3.0,1.0,0.0,2.0,,,,11.571428571428571,2.142857142857143,11.571428571428571,0.0,0.0,0.628571428571429,2.333333333333333,3.0,5.0,0.0,0.0,3.0,,,,True,True,UNKNOWN,False,False,,,,,,,,,,NPB,2024-03-05 18:00:00,1,,,0,
2021020880,2024-03-06 12:00:00,オリックス・バファローズ,中日ドラゴンズ,1.0,1.0,UNKNOWN,京セラドーム大阪,excluded,high,False,False,1600106.0,1700118.0,[],[],,,,,0,light,2024-03-06 12:00:00+00:00,,UNKNOWN,,,,UNKNOWN,UNKNOWN,,UNKNOWN,,2.25,1.75,4.5,2.25,0.0,2.95,4.0,1.0,6.0,0.0,1.0,2.0,,,,0.0,0.6666666666666666,6.0,0.0,0.0,1.866666666666667,3.0,0.0,2.0,0.0,0.0,2.0,,,,True,True,UNKNOWN,False,False,,,,,,,,,,NPB,2024-03-06 12:00:00,1,,,0,
2021020879,2024-03-06 13:00:00,横浜DeNAベイスターズ,千葉ロッテマリーンズ,5.0,0.0,UNKNOWN,横浜スタジアム,excluded,high,False,False,1700002.0,2100345.0,[],[],,,,,0,light,2024-03-06 13:00:00+00:00,,UNKNOWN,,,,UNKNOWN,UNKNOWN,,UNKNOWN,,3.0,2.0,3.0,3.0,0.0,3.5333333333333337,3.0,1.0,5.0,0.0,1.0,1.0,,,,0.0,1.0,4.5,0.0,0.0,2.2,4.0,0.0,4.0,0.0,0.0,2.0,,,,True,True,UNKNOWN,False,False,,,,,,,,,,NPB,2024-03-06 13:00:00,1,,,0,
2021020881,2024-03-06 13:00:00,阪神タイガース,東北楽天ゴールデンイーグルス,2.0,5.0,UNKNOWN,阪神甲子園球場,excluded,high,False,False,700069.0,2000052.0,[],[],,,,,0,light,2024-03-06 13:00:00+00:00,,UNKNOWN,,,,UNKNOWN,UNKNOWN,,UNKNOWN,,4.5,1.5,4.5,4.5,0.0,3.7,2.0,1.0,2.0,0.0,1.0,1.0,,,,2.25,2.0,9.0,4.5,0.0,2.7,4.0,1.0,6.0,0.0,2.0,4.0,,,,True,True,UNKNOWN,False,False,,,,,,,,,,NPB,2024-03-06 13:00:00,1,,,0,
2021020882,2024-03-06 18:00:00,福岡ソフトバンクホークス,東京ヤクルトスワローズ,2.0,0.0,UNKNOWN,福岡PayPayドーム,unknown,low,False,False,1500139.0,1200106.0,[],[],,,,,0,light,2024-03-06 18:00:00+00:00,,UNKNOWN,,,,UNKNOWN,UNKNOWN,,UNKNOWN,,0.0,0.3333333333333333,6.0,0.0,0.0,1.866666666666667,3.0,0.0,1.0,0.0,0.0,2.0,,,,0.0,1.25,2.25,2.25,0.0,3.45,4.0,0.0,4.0,0.0,1.0,1.0,,,,True,True,UNKNOWN,False,False,,,,,,,,,,NPB,2024-03-06 18:00:00,1,,,0,
2021020883,2024-03-07 13:00:00,北海道日本ハムファイターズ,埼玉西武ライオンズ,7.0,1.0,UNKNOWN,ファイターズ鎌ケ谷スタジアム,excluded,high,False,False,1800081.0,2000079.0,[],[],,,,,0,light,2024-03-07 13:00:00+00:00,,UNKNOWN,,,,UNKNOWN,UNKNOWN,,UNKNOWN,,11.25,2.75,6.75,4.5,0.0,3.2,4.0,5.0,9.0,0.0,2.0,3.0,,,,0.0,1.3333333333333333,9.0,3.0,0.0,2.2,3.0,0.0,3.0,0.0,1.0,3.0,,,,True,True,UNKNOWN,False,False,,,,,,,,,,NPB,2024-03-07 13:00:00,1,,,0,
2021020884,2024-03-08 13:00:00,横浜DeNAベイスターズ,北海道日本ハムファイターズ,4.0,4.0,UNKNOWN,横浜スタジアム,excluded,high,False,False,1750903.0,1700058.0,[],[],,,,,0,light,2024-03-08 13:00:00+00:00,,UNKNOWN,,,,UNKNOWN,UNKNOWN,,UNKNOWN,,6.75,2.25,9.0,11.25,2.25,8.2,4.0,3.0,4.0,1.0,5.0,4.0,,,,6.75,1.75,6.75,2.25,4.5,8.95,4.0,3.0,6.0,2.0,1.0,3.0,,,,True,True,UNKNOWN,False,False,,,,,,,,,,NPB,2024-03-08 13:00:00,1,,,0,
2021020885,2024-03-08 13:00:00,千葉ロッテマリーンズ,福岡ソフトバンクホークス,5.0,3.0,UNKNOWN,ZOZOマリンスタジアム,excluded,high,False,False,1800109.0,1800052.0,[],[],,,,,0,light,2024-03-08 13:00:00+00:00,,UNKNOWN,,,,UNKNOWN,UNKNOWN,,UNKNOWN,,0.0,0.5,0.0,0.0,0.0,3.2,2.0,0.0,1.0,0.0,0.0,0.0,,,,6.75,1.75,11.25,2.25,2.25,4.7,4.0,3.0,6.0,1.0,1.0,5.0,,,,True,True,UNKNOWN,False,False,,,,,,,,,,NPB,2024-03-08 13:00:00,1,,,0,
2021020887,2024-03-08 13:00:00,阪神タイガース,東京ヤクルトスワローズ,5.0,6.0,UNKNOWN,阪神甲子園球場,excluded,high,False,False,12113.0,1500090.0,[],[],,,,,0,light,2024-03-08 13:00:00+00:00,,UNKNOWN,,,,UNKNOWN,UNKNOWN,,UNKNOWN,,13.5,3.75,10.125,3.375,0.0,2.075,2.6666666666666665,4.0,9.0,0.0,1.0,3.0,,,,0.0,0.75,6.75,4.5,0.0,3.2,4.0,0.0,1.0,0.0,2.0,3.0,,,,True,True,UNKNOWN,False,False,,,,,,,,,,NPB,2024-03-08 13:00:00,1,,,0,
2021020888,2024-03-08 13:00:00,広島東洋カープ,中日ドラゴンズ,0.0,4.0,UNKNOWN,MAZDA Zoom-Zoom スタジアム広島,excluded,high,False,False,500014.0,1600123.0,[],[],,,,,0,light,2024-03-08 13:00:00+00:00,,UNKNOWN,,,,UNKNOWN,UNKNOWN,,UNKNOWN,,0.0,0.5,0.0,2.25,0.0,3.95,4.0,0.0,1.0,0.0,1.0,0.0,,,,0.0,0.0,9.0,0.0,0.0,1.2000000000000002,2.0,0.0,0.0,0.0,0.0,2.0,,,,True,True,UNKNOWN,False,False,,,,,,,,,,NPB,2024-03-08 13:00:00,1,,,0,
2021020886,2024-03-08 14:00:00,オリックス・バファローズ,読売ジャイアンツ,3.0,0.0,UNKNOWN,京セラドーム大阪,special,high,False,True,1800028.0,1600150.0,[],[],,,,,0,light,2024-03-08 14:00:00+00:00,,UNKNOWN,,,,UNKNOWN,UNKNOWN,,UNKNOWN,,7.363636363636364,2.7272727272727275,7.363636363636364,9.818181818181818,0.0,4.836363636363637,3.6666666666666665,3.0,6.0,0.0,4.0,3.0,,,,0.0,0.4,5.4,0.0,0.0,2.0,5.0,0.0,2.0,0.0,0.0,3.0,,,,True,True,UNKNOWN,False,False,,,,,,,,,,NPB,2024-03-08 14:00:00,1,,,0,
2021020889,2024-03-09 13:00:00,東北楽天ゴールデンイーグルス,北海道日本ハムファイターズ,3.0,3.0,UNKNOWN,静岡県草薙総合運動場硬式野球場,excluded,high,False,False,1900073.0,2106793.0,[],[],,,,,0,light,2024-03-09 13:00:00+00:00,,UNKNOWN,,,,UNKNOWN,UNKNOWN,,UNKNOWN,,0.0,0.4,5.4,0.0,0.0,2.0,5.0,0.0,2.0,0.0,0.0,3.0,,,,0.0,2.0,0.0,0.0,0.0,3.2,1.0,0.0,2.0,0.0,0.0,0.0,,,,True,True,UNKNOWN,False,False,,,,,,,,,,NPB,2024-03-09 13:00:00,1,,,0,
2021020890,2024-03-09 13:00:00,横浜DeNAベイスターズ,埼玉西武ライオンズ,2.0,2.0,UNKNOWN,横浜スタジアム,excluded,high,False,False,1600127.0,2103904.0,[],[],,,,,0,light,2024-03-09 13:00:00+00:00,,UNKNOWN,,,,UNKNOWN,UNKNOWN,,UNKNOWN,,0.0,0.75,9.0,2.25,0.0,1.95,4.0,0.0,2.0,0.0,1.0,4.0,,,,0.0,0.5,11.25,0.0,0.0,0.7000000000000002,4.0,0.0,2.0,0.0,0.0,5.0,,,,True,True,UNKNOWN,False,False,,,,,,,,,,NPB,2024-03-09 13:00:00,1,,,0,
2021020891,2024-03-09 13:00:00,千葉ロッテマリーンズ,福岡ソフトバンクホークス,5.0,8.0,UNKNOWN,ZOZOマリンスタジアム,unknown,low,False,False,1400117.0,1000155.0,[],[],,,,,0,light,2024-03-09 13:00:00+00:00,,UNKNOWN,,,,UNKNOWN,UNKNOWN,,UNKNOWN,,4.5,1.25,6.75,2.25,0.0,2.45,4.0,2.0,4.0,0.0,1.0,3.0,,,,3.0,1.0,6.0,6.0,0.0,3.866666666666666,3.0,1.0,1.0,0.0,2.0,2.0,,,,True,True,UNKNOWN,False,False,,,,,,,,,,NPB,2024-03-09 13:00:00,1,,,0,
2021020893,2024-03-09 13:00:00,阪神タイガース,東京ヤクルトスワローズ,2.0,5.0,UNKNOWN,阪神甲子園球場,excluded,high,False,False,2103794.0,2106172.0,[],[],,,,,0,light,2024-03-09 13:00:00+00:00,,UNKNOWN,,,,UNKNOWN,UNKNOWN,,UNKNOWN,,4.5,1.5,9.0,0.0,0.0,1.2000000000000002,4.0,2.0,6.0,0.0,0.0,4.0,,,,4.5,1.75,4.5,6.75,2.25,7.7,4.0,2.0,4.0,1.0,3.0,2.0,,,,True,True,UNKNOWN,False,False,,,,,,,,,,NPB,2024-03-09 13:00:00,1,,,0,
2021020894,2024-03-09 13:00:00,広島東洋カープ,中日ドラゴンズ,2.0,2.0,UNKNOWN,MAZDA Zoom-Zoom スタジアム広島,excluded,high,False,False,1800059.0,1600125.0,[],[],,,,,0,light,2024-03-09 13:00:00+00:00,,UNKNOWN,,,,UNKNOWN,UNKNOWN,,UNKNOWN,,0.0,0.7058823529411764,9.529411764705882,4.764705882352941,0.0,2.670588235294118,5.666666666666667,0.0,1.0,0.0,3.0,6.0,,,,0.0,0.3,0.0,0.0,0.0,3.2,3.333333333333333,0.0,1.0,0.0,0.0,0.0,,,,True,True,UNKNOWN,False,False,,,,,,,,,,NPB,2024-03-09 13:00:00,1,,,0,
2021020892,2024-03-09 14:00:00,オリックス・バファローズ,読売ジャイアンツ,6.0,4.0,UNKNOWN,京セラドーム大阪,excluded,high,False,False,1961407.0,2101291.0,[],[],,,,,0,light,2024-03-09 14:00:00+00:00,,UNKNOWN,,,,UNKNOWN,UNKNOWN,,UNKNOWN,,18.0,3.333333333333333,3.0,9.0,0.0,5.533333333333333,3.0,6.0,7.0,0.0,3.0,1.0,,,,4.5,1.25,2.25,2.25,2.25,6.7,4.0,2.0,4.0,1.0,1.0,1.0,,,,True,True,UNKNOWN,False,False,,,,,,,,,,NPB,2024-03-09 14:00:00,1,,,0,
2021020895,2024-03-10 13:00:00,東北楽天ゴールデンイーグルス,北海道日本ハムファイターズ,9.0,3.0,UNKNOWN,静岡県草薙総合運動場硬式野球場,excluded,high,False,False,1900129.0,1900117.0,[],[],,,,,0,light,2024-03-10 13:00:00+00:00,,UNKNOWN,,,,UNKNOWN,UNKNOWN,,UNKNOWN,,15.0,3.0,15.0,6.0,0.0,1.866666666666667,3.0,5.0,7.0,0.0,2.0,5.0,,,,5.4,1.8,3.6,1.8,0.0,3.0,5.0,3.0,8.0,0.0,1.0,2.0,,,,True,True,UNKNOWN,False,False,,,,,,,,,,NPB,2024-03-10 13:00:00,1,,,0,
2021020896,2024-03-10 13:00:00,横浜DeNAベイスターズ,埼玉西武ライオンズ,1.0,3.0,UNKNOWN,横浜スタジアム,excluded,high,False,False,1800080.0,1300031.0,[],[],,,,,0,light,2024-03-10 13:00:00+00:00,,UNKNOWN,,,,UNKNOWN,UNKNOWN,,UNKNOWN,,1.8,1.4,5.4,5.4,1.8,6.4,5.0,1.0,4.0,1.0,3.0,3.0,,,,4.5,1.5,6.75,4.5,2.25,6.45,4.0,2.0,4.0,1.0,2.0,3.0,,,,True,True,UNKNOWN,False,False,,,,,,,,,,NPB,2024-03-10 13:00:00,1,,,0,
2021020897,2024-03-10 13:00:00,千葉ロッテマリーンズ,福岡ソフトバンクホークス,1.0,1.0,UNKNOWN,ZOZOマリンスタジアム,excluded,high,False,False,1700011.0,1900080.0,[],[],,,,,0,light,2024-03-10 13:00:00+00:00,,UNKNOWN,,,,UNKNOWN,UNKNOWN,,UNKNOWN,,2.25,0.75,2.25,0.0,0.0,2.7,4.0,1.0,3.0,0.0,0.0,1.0,,,,0.0,2.0,15.0,6.0,0.0,1.866666666666667,3.0,0.0,4.0,0.0,2.0,5.0,,,,True,True,UNKNOWN,False,False,,,,,,,,,,NPB,2024-03-10 13:00:00,1,,,0,
2021020899,2024-03-10 13:00:00,阪神タイガース,読売ジャイアンツ,4.0,5.0,UNKNOWN,阪神甲子園球場,excluded,high,False,False,1700130.0,2103848.0,[],[],,,,,0,light,2024-03-10 13:00:00+00:00,,UNKNOWN,,,,UNKNOWN,UNKNOWN,,UNKNOWN,,0.0,0.75,2.25,2.25,0.0,3.45,4.0,0.0,2.0,0.0,1.0,1.0,,,,0.0,0.5,0.0,0.0,0.0,3.2,2.0,0.0,1.0,0.0,0.0,0.0,,,,True,True,UNKNOWN,False,False,,,,,,,,,,NPB,2024-03-10 13:00:00,1,,,0,
2021020900,2024-03-10 13:00:00,広島東洋カープ,中日ドラゴンズ,0.0,3.0,UNKNOWN,MAZDA Zoom-Zoom スタジアム広島,unknown,low,False,False,1000138.0,2060065.0,[],[],,,,,0,light,2024-03-10 13:00:00+00:00,,UNKNOWN,,,,UNKNOWN,UNKNOWN,,UNKNOWN,,0.0,0.75,0.0,4.5,0.0,4.7,4.0,0.0,1.0,0.0,2.0,0.0,,,,3.0,1.6666666666666667,6.0,3.0,0.0,2.8666666666666667,3.0,1.0,4.0,0.0,1.0,2.0,,,,True,True,UNKNOWN,False,False,,,,,,,,,,NPB,2024-03-10 13:00:00,1,,,0,
2021020898,2024-03-10 14:00:00,オリックス・バファローズ,東京ヤクルトスワローズ,3.0,1.0,UNKNOWN,京セラドーム大阪,unknown,low,False,False,2060039.0,2108177.0,[],[],,,,,0,light,2024-03-10 14:00:00+00:00,,UNKNOWN,,,,UNKNOWN,UNKNOWN,,UNKNOWN,,9.0,2.0,3.0,6.0,0.0,4.533333333333333,3.0,3.0,4.0,0.0,2.0,1.0,,,,2.25,1.75,4.5,4.5,0.0,3.7,4.0,1.0,5.0,0.0,2.0,2.0,,,,True,True,UNKNOWN,False,False,,,,,,,,,,NPB,2024-03-10 14:00:00,1,,,0,
2021020905,2024-03-12 13:00:00,埼玉西武ライオンズ,中日ドラゴンズ,2.0,1.0,UNKNOWN,ベルーナドーム,excluded,high,False,False,1500074.0,1700124.0,[],[],,,,,0,light,2024-03-12 13:00:00+00:00,,UNKNOWN,,,,UNKNOWN,UNKNOWN,,UNKNOWN,,1.5,1.1666666666666667,7.5,1.5,0.0,2.033333333333333,6.0,1.0,6.0,0.0,1.0,5.0,,,,1.8,0.8,12.6,3.6,0.0,1.6,5.0,1.0,2.0,0.0,2.0,7.0,,,,True,True,UNKNOWN,False,False,2024-03-12 04:00:00+00:00,,UNKNOWN,Open-Meteo Historical Forecast,FAIL_CLOSED_NO_ISSUANCE_TIMESTAMP,6.0,95.0,1.0,4.4,NPB,2024-03-12 13:00:00,1,,,0,
2021020905,2024-03-12 13:00:00,埼玉西武ライオンズ,中日ドラゴンズ,2.0,1.0,UNKNOWN,ベルーナドーム,excluded,high,False,False,1500074.0,1700124.0,[],[],,,,,0,light,2024-03-12 13:00:00+00:00,,UNKNOWN,,,,UNKNOWN,UNKNOWN,,UNKNOWN,,1.5,1.1666666666666667,7.5,1.5,0.0,2.033333333333333,6.0,1.0,6.0,0.0,1.0,5.0,,,,1.8,0.8,12.6,3.6,0.0,1.6,5.0,1.0,2.0,0.0,2.0,7.0,,,,True,True,UNKNOWN,False,False,2024-03-12 04:00:00+00:00,,UNKNOWN,Open-Meteo Historical Forecast,FAIL_CLOSED_NO_ISSUANCE_TIMESTAMP,6.0,95.0,1.0,4.4,NPB,2024-03-12 13:00:00,1,,,0,
2021020906,2024-03-12 14:00:00,福岡ソフトバンクホークス,読売ジャイアンツ,3.0,2.0,UNKNOWN,平和リース球場,excluded,high,False,False,2000006.0,1300080.0,[],[],,,,,0,light,2024-03-12 14:00:00+00:00,,UNKNOWN,,,,UNKNOWN,UNKNOWN,,UNKNOWN,,1.8,0.8,3.6,0.0,0.0,2.4000000000000004,5.0,1.0,4.0,0.0,0.0,2.0,,,,4.5,1.0,6.75,0.0,2.25,4.95,4.0,2.0,4.0,1.0,0.0,3.0,,,,True,True,UNKNOWN,False,False,,,,,,,,,,NPB,2024-03-12 14:00:00,1,,,0,
2021020901,2024-03-12 18:00:00,北海道日本ハムファイターズ,広島東洋カープ,4.0,4.0,UNKNOWN,ES CON FIELD HOKKAIDO,excluded,high,False,False,1300058.0,1400195.0,[],[],,,,,0,light,2024-03-12 18:00:00+00:00,,UNKNOWN,,,,UNKNOWN,UNKNOWN,,UNKNOWN,,1.2272727272727273,0.8181818181818182,4.909090909090909,0.0,0.0,2.1090909090909093,7.333333333333333,1.0,6.0,0.0,0.0,4.0,,,,6.75,2.25,9.0,0.0,0.0,1.2000000000000002,4.0,3.0,9.0,0.0,0.0,4.0,,,,True,True,UNKNOWN,False,False,,,,,,,,,,NPB,2024-03-12 18:00:00,1,,,0,
2021020908,2024-03-13 13:00:00,東北楽天ゴールデンイーグルス,オリックス・バファローズ,1.0,6.0,UNKNOWN,静岡県草薙総合運動場硬式野球場,excluded,high,False,False,1750543.0,700069.0,[],[],,,,,0,light,2024-03-13 13:00:00+00:00,,UNKNOWN,,,,UNKNOWN,UNKNOWN,,UNKNOWN,,0.0,0.5,4.5,0.0,0.0,2.2,2.0,0.0,1.0,0.0,0.0,1.0,,,,3.0,1.0,0.0,0.0,0.0,3.2,3.0,1.0,3.0,0.0,0.0,0.0,,,,True,True,UNKNOWN,False,False,,,,,,,,,,NPB,2024-03-13 13:00:00,1,,,0,
2021020909,2024-03-13 13:00:00,千葉ロッテマリーンズ,阪神タイガース,1.0,6.0,UNKNOWN,ZOZOマリンスタジアム,excluded,high,False,False,2000052.0,1700002.0,[],[],,,,,0,light,2024-03-13 13:00:00+00:00,,UNKNOWN,,,,UNKNOWN,UNKNOWN,,UNKNOWN,,0.0,0.6,3.6,1.8,0.0,3.0,5.0,0.0,2.0,0.0,1.0,2.0,,,,3.0,0.6666666666666666,9.0,3.0,0.0,2.2,3.0,1.0,1.0,0.0,1.0,3.0,,,,True,True,UNKNOWN,False,False,,,,,,,,,,NPB,2024-03-13 13:00:00,1,,,0,
2021020910,2024-03-13 13:00:00,横浜DeNAベイスターズ,東京ヤクルトスワローズ,13.0,0.0,UNKNOWN,横浜スタジアム,excluded,high,False,False,2000139.0,1400110.0,[],[],,,,,0,light,2024-03-13 13:00:00+00:00,,UNKNOWN,,,,UNKNOWN,UNKNOWN,,UNKNOWN,,13.5,1.5,9.0,0.0,4.5,7.7,4.0,6.0,6.0,2.0,0.0,4.0,,,,0.0,0.3333333333333333,6.0,3.0,0.0,2.8666666666666667,3.0,0.0,0.0,0.0,1.0,2.0,,,,True,True,UNKNOWN,False,False,,,,,,,,,,NPB,2024-03-13 13:00:00,1,,,0,
2021020911,2024-03-13 13:00:00,埼玉西武ライオンズ,中日ドラゴンズ,3.0,2.0,UNKNOWN,ベルーナドーム,excluded,high,False,False,1800060.0,2105080.0,[],[],,,,,0,light,2024-03-13 13:00:00+00:00,,UNKNOWN,,,,UNKNOWN,UNKNOWN,,UNKNOWN,,2.25,1.75,2.25,9.0,0.0,5.7,4.0,1.0,3.0,0.0,4.0,1.0,,,,0.0,0.75,11.25,4.5,0.0,2.2,4.0,0.0,1.0,0.0,2.0,5.0,,,,True,True,UNKNOWN,False,False,2024-03-13 04:00:00+00:00,,UNKNOWN,Open-Meteo Historical Forecast,FAIL_CLOSED_NO_ISSUANCE_TIMESTAMP,11.9,42.0,0.0,14.2,NPB,2024-03-13 13:00:00,1,,,0,
2021020911,2024-03-13 13:00:00,埼玉西武ライオンズ,中日ドラゴンズ,3.0,2.0,UNKNOWN,ベルーナドーム,excluded,high,False,False,1800060.0,2105080.0,[],[],,,,,0,light,2024-03-13 13:00:00+00:00,,UNKNOWN,,,,UNKNOWN,UNKNOWN,,UNKNOWN,,2.25,1.75,2.25,9.0,0.0,5.7,4.0,1.0,3.0,0.0,4.0,1.0,,,,0.0,0.75,11.25,4.5,0.0,2.2,4.0,0.0,1.0,0.0,2.0,5.0,,,,True,True,UNKNOWN,False,False,2024-03-13 04:00:00+00:00,,UNKNOWN,Open-Meteo Historical Forecast,FAIL_CLOSED_NO_ISSUANCE_TIMESTAMP,11.9,42.0,0.0,14.2,NPB,2024-03-13 13:00:00,1,,,0,
2021020907,2024-03-13 18:00:00,北海道日本ハムファイターズ,広島東洋カープ,1.0,6.0,UNKNOWN,ES CON FIELD HOKKAIDO,unknown,low,False,False,1300057.0,2000083.0,[],[],,,,,0,light,2024-03-13 18:00:00+00:00,,UNKNOWN,,,,UNKNOWN,UNKNOWN,,UNKNOWN,,0.0,0.6666666666666666,9.0,6.0,0.0,3.2,3.0,0.0,0.0,0.0,2.0,3.0,,,,6.75,1.0,9.0,0.0,4.5,7.7,4.0,3.0,4.0,2.0,0.0,4.0,,,,True,True,UNKNOWN,False,False,,,,,,,,,,NPB,2024-03-13 18:00:00,1,,,0,
2021020912,2024-03-13 18:00:00,福岡ソフトバンクホークス,読売ジャイアンツ,2.0,3.0,UNKNOWN,福岡PayPayドーム,unknown,low,False,False,1200041.0,1200106.0,[],[],,,,,0,light,2024-03-13 18:00:00+00:00,,UNKNOWN,,,,UNKNOWN,UNKNOWN,,UNKNOWN,,4.5,1.5,6.75,2.25,0.0,2.45,4.0,2.0,5.0,0.0,1.0,3.0,,,,0.0,0.8,7.2,0.0,0.0,1.6,5.0,0.0,4.0,0.0,0.0,4.0,,,,True,True,UNKNOWN,False,False,,,,,,,,,,NPB,2024-03-13 18:00:00,1,,,0,
2021020913,2024-03-14 18:00:00,北海道日本ハムファイターズ,広島東洋カープ,4.0,4.0,UNKNOWN,ES CON FIELD HOKKAIDO,excluded,high,False,False,1600123.0,2000079.0,[],[],,,,,0,light,2024-03-14 18:00:00+00:00,,UNKNOWN,,,,UNKNOWN,UNKNOWN,,UNKNOWN,,0.0,1.0,6.0,3.0,0.0,2.8666666666666667,3.0,0.0,2.0,0.0,1.0,2.0,,,,3.6,1.2,9.0,0.0,1.8,3.8,5.0,2.0,6.0,1.0,0.0,5.0,,,,True,True,UNKNOWN,False,False,,,,,,,,,,NPB,2024-03-14 18:00:00,1,,,0,
2021020914,2024-03-14 18:00:00,福岡ソフトバンクホークス,読売ジャイアンツ,5.0,0.0,UNKNOWN,福岡PayPayドーム,excluded,high,False,False,1800028.0,1550517.0,[],[],,,,,0,light,2024-03-14 18:00:00+00:00,,UNKNOWN,,,,UNKNOWN,UNKNOWN,,UNKNOWN,,5.4,1.2,9.0,3.6,1.8,5.0,5.0,3.0,4.0,1.0,2.0,5.0,,,,0.0,0.5,12.0,0.0,0.0,0.5333333333333337,6.0,0.0,3.0,0.0,0.0,8.0,,,,True,True,UNKNOWN,False,False,,,,,,,,,,NPB,2024-03-14 18:00:00,1,,,0,
2021020915,2024-03-15 13:00:00,横浜DeNAベイスターズ,東北楽天ゴールデンイーグルス,0.0,3.0,UNKNOWN,横浜スタジアム,unknown,low,False,False,2000121.0,1700058.0,[],[],,,,,0,light,2024-03-15 13:00:00+00:00,,UNKNOWN,,,,UNKNOWN,UNKNOWN,,UNKNOWN,,0.0,1.0,2.571428571428572,1.2857142857142858,0.0,3.0571428571428574,7.0,0.0,6.0,0.0,1.0,2.0,,,,0.0,0.6428571428571428,3.8571428571428568,0.0,0.0,2.342857142857143,4.666666666666667,0.0,3.0,0.0,0.0,2.0,,,,True,True,UNKNOWN,False,False,,,,,,,,,,NPB,2024-03-15 13:00:00,1,,,0,
2021020916,2024-03-15 13:00:00,千葉ロッテマリーンズ,オリックス・バファローズ,6.0,7.0,UNKNOWN,ZOZOマリンスタジアム,excluded,high,False,False,1600150.0,1800052.0,[],[],,,,,0,light,2024-03-15 13:00:00+00:00,,UNKNOWN,,,,UNKNOWN,UNKNOWN,,UNKNOWN,,6.0,1.6666666666666667,7.5,4.5,3.0,7.366666666666667,6.0,4.0,7.0,2.0,3.0,5.0,,,,11.25,2.25,4.5,2.25,4.5,9.45,4.0,5.0,8.0,2.0,1.0,2.0,,,,True,True,UNKNOWN,False,False,,,,,,,,,,NPB,2024-03-15 13:00:00,1,,,0,
2021020917,2024-03-15 18:00:00,中日ドラゴンズ,阪神タイガース,0.0,0.0,UNKNOWN,バンテリンドーム ナゴヤ,excluded,high,False,False,1500090.0,1600106.0,[],[],,,,,0,light,2024-03-15 18:00:00+00:00,,UNKNOWN,,,,UNKNOWN,UNKNOWN,,UNKNOWN,,0.0,0.8333333333333334,3.0,1.5,0.0,3.0333333333333337,6.0,0.0,4.0,0.0,1.0,2.0,,,,0.0,0.6666666666666666,3.0,3.0,0.0,3.5333333333333337,6.0,0.0,2.0,0.0,2.0,2.0,,,,True,True,UNKNOWN,False,False,,,,,,,,,,NPB,2024-03-15 18:00:00,1,,,0,
2021020918,2024-03-15 18:00:00,福岡ソフトバンクホークス,埼玉西武ライオンズ,1.0,4.0,UNKNOWN,福岡PayPayドーム,excluded,high,False,False,1600127.0,1400117.0,[],[],,,,,0,light,2024-03-15 18:00:00+00:00,,UNKNOWN,,,,UNKNOWN,UNKNOWN,,UNKNOWN,,1.8,0.8,14.4,1.8,0.0,0.6000000000000001,5.0,1.0,3.0,0.0,1.0,8.0,,,,4.5,0.75,2.25,0.0,2.25,5.95,4.0,2.0,3.0,1.0,0.0,1.0,,,,True,True,UNKNOWN,False,False,,,,,,,,,,NPB,2024-03-15 18:00:00,1,,,0,
2021020920,2024-03-16 13:00:00,東京ヤクルトスワローズ,東北楽天ゴールデンイーグルス,1.0,3.0,UNKNOWN,明治神宮野球場,excluded,high,False,False,2000123.0,2103794.0,[],[],,,,,0,light,2024-03-16 13:00:00+00:00,,UNKNOWN,,,,UNKNOWN,UNKNOWN,,UNKNOWN,,0.0,0.8999999999999999,9.45,1.35,0.0,1.5500000000000005,6.666666666666667,0.0,5.0,0.0,1.0,7.0,,,,1.8,1.2,5.4,1.8,0.0,2.6,5.0,1.0,5.0,0.0,1.0,3.0,,,,True,True,UNKNOWN,False,False,,,,,,,,,,NPB,2024-03-16 13:00:00,1,,,0,
2021020921,2024-03-16 13:00:00,千葉ロッテマリーンズ,オリックス・バファローズ,3.0,0.0,UNKNOWN,ZOZOマリンスタジアム,excluded,high,False,False,2101291.0,1600146.0,[],[],,,,,0,light,2024-03-16 13:00:00+00:00,,UNKNOWN,,,,UNKNOWN,UNKNOWN,,UNKNOWN,,1.8,1.6,7.2,3.6,0.0,2.8000000000000003,5.0,1.0,6.0,0.0,2.0,4.0,,,,0.0,0.5,6.75,0.0,0.0,1.7000000000000002,4.0,0.0,2.0,0.0,0.0,3.0,,,,True,True,UNKNOWN,False,False,,,,,,,,,,NPB,2024-03-16 13:00:00,1,,,0,
2021020919,2024-03-16 14:00:00,北海道日本ハムファイターズ,読売ジャイアンツ,5.0,1.0,UNKNOWN,ES CON FIELD HOKKAIDO,excluded,high,False,False,1961407.0,1500110.0,[],[],,,,,0,light,2024-03-16 14:00:00+00:00,,UNKNOWN,,,,UNKNOWN,UNKNOWN,,UNKNOWN,,22.5,4.5,13.5,9.0,0.0,3.2,2.0,5.0,7.0,0.0,2.0,3.0,,,,1.5,1.0,4.5,0.0,0.0,2.2,6.0,1.0,6.0,0.0,0.0,3.0,,,,True,True,UNKNOWN,False,False,,,,,,,,,,NPB,2024-03-16 14:00:00,1,,,0,
2021020922,2024-03-16 14:00:00,中日ドラゴンズ,阪神タイガース,4.0,3.0,UNKNOWN,バンテリンドーム ナゴヤ,excluded,high,False,False,1700137.0,2000042.0,[],[],,,,,0,light,2024-03-16 14:00:00+00:00,,UNKNOWN,,,,UNKNOWN,UNKNOWN,,UNKNOWN,,3.6,1.2,3.6,1.8,1.8,5.6,5.0,2.0,5.0,1.0,1.0,2.0,,,,3.0,2.6666666666666665,6.0,9.0,0.0,4.866666666666667,3.0,1.0,5.0,0.0,3.0,2.0,,,,True,True,UNKNOWN,False,False,,,,,,,,,,NPB,2024-03-16 14:00:00,1,,,0,
2021020923,2024-03-16 14:00:00,広島東洋カープ,横浜DeNAベイスターズ,3.0,2.0,UNKNOWN,MAZDA Zoom-Zoom スタジアム広島,excluded,high,False,False,1300077.0,1900052.0,[],[],,,,,0,light,2024-03-16 14:00:00+00:00,,UNKNOWN,,,,UNKNOWN,UNKNOWN,,UNKNOWN,,1.8,1.0,9.0,0.0,0.0,1.2000000000000002,5.0,1.0,5.0,0.0,0.0,5.0,,,,0.0,0.6666666666666666,3.0,0.0,0.0,2.5333333333333337,3.0,0.0,2.0,0.0,0.0,1.0,,,,True,True,UNKNOWN,False,False,,,,,,,,,,NPB,2024-03-16 14:00:00,1,,,0,
2021020924,2024-03-16 14:00:00,福岡ソフトバンクホークス,埼玉西武ライオンズ,2.0,1.0,UNKNOWN,福岡PayPayドーム,excluded,high,False,False,1751148.0,1900106.0,[],[],,,,,0,light,2024-03-16 14:00:00+00:00,,UNKNOWN,,,,UNKNOWN,UNKNOWN,,UNKNOWN,,1.5,0.8333333333333334,15.0,3.0,1.5,3.0333333333333337,6.0,1.0,3.0,1.0,2.0,10.0,,,,1.5,0.5,6.0,0.0,0.0,1.866666666666667,6.0,1.0,3.0,0.0,0.0,4.0,,,,True,True,UNKNOWN,False,False,,,,,,,,,,NPB,2024-03-16 14:00:00,1,,,0,
2021020925,2024-03-17 13:00:00,北海道日本ハムファイターズ,読売ジャイアンツ,1.0,5.0,UNKNOWN,ES CON FIELD HOKKAIDO,excluded,high,False,False,2103689.0,1900129.0,[],[],,,,,0,light,2024-03-17 13:00:00+00:00,,UNKNOWN,,,,UNKNOWN,UNKNOWN,,UNKNOWN,,1.8,1.6,7.2,3.6,0.0,2.8000000000000003,5.0,1.0,6.0,0.0,2.0,4.0,,,,9.0,3.0,0.0,4.5,0.0,4.7,2.0,2.0,5.0,0.0,1.0,0.0,,,,True,True,UNKNOWN,False,False,,,,,,,,,,NPB,2024-03-17 13:00:00,1,,,0,
2021020926,2024-03-17 13:00:00,東京ヤクルトスワローズ,オリックス・バファローズ,6.0,1.0,UNKNOWN,明治神宮野球場,excluded,high,False,False,1700109.0,2060039.0,[],[],,,,,0,light,2024-03-17 13:00:00+00:00,,UNKNOWN,,,,UNKNOWN,UNKNOWN,,UNKNOWN,,3.6,1.4,9.0,1.8,3.6,7.0,5.0,2.0,6.0,2.0,1.0,5.0,,,,2.25,1.0,4.5,2.25,0.0,2.95,4.0,1.0,3.0,0.0,1.0,2.0,,,,True,True,UNKNOWN,False,False,,,,,,,,,,NPB,2024-03-17 13:00:00,1,,,0,
2021020927,2024-03-17 13:00:00,千葉ロッテマリーンズ,東北楽天ゴールデンイーグルス,3.0,5.0,UNKNOWN,ZOZOマリンスタジアム,excluded,high,False,False,2000126.0,1900080.0,[],[],,,,,0,light,2024-03-17 13:00:00+00:00,,UNKNOWN,,,,UNKNOWN,UNKNOWN,,UNKNOWN,,1.8,1.6,5.4,3.6,0.0,3.2,5.0,1.0,6.0,0.0,2.0,3.0,,,,9.0,2.5,9.0,9.0,0.0,4.2,4.0,4.0,6.0,0.0,4.0,4.0,,,,True,True,UNKNOWN,False,False,,,,,,,,,,NPB,2024-03-17 13:00:00,1,,,0,
2021020929,2024-03-17 13:00:00,広島東洋カープ,横浜DeNAベイスターズ,2.0,2.0,UNKNOWN,MAZDA Zoom-Zoom スタジアム広島,excluded,high,False,False,1961374.0,1600125.0,[],[],,,,,0,light,2024-03-17 13:00:00+00:00,,UNKNOWN,,,,UNKNOWN,UNKNOWN,,UNKNOWN,,0.0,1.0,7.2,5.4,0.0,3.4000000000000004,5.0,0.0,2.0,0.0,3.0,4.0,,,,1.8,1.2,5.4,1.8,0.0,2.6,5.0,1.0,5.0,0.0,1.0,3.0,,,,True,True,UNKNOWN,False,False,,,,,,,,,,NPB,2024-03-17 13:00:00,1,,,0,
2021020930,2024-03-17 13:00:00,福岡ソフトバンクホークス,埼玉西武ライオンズ,9.0,3.0,UNKNOWN,福岡PayPayドーム,excluded,high,False,False,1800080.0,1700011.0,[],[],,,,,0,light,2024-03-17 13:00:00+00:00,,UNKNOWN,,,,UNKNOWN,UNKNOWN,,UNKNOWN,,10.8,2.6,3.6,5.4,1.8,6.800000000000001,5.0,6.0,10.0,1.0,3.0,2.0,,,,3.375,1.125,10.125,1.6875,0.0,1.5125000000000002,5.333333333333333,2.0,5.0,0.0,1.0,6.0,,,,True,True,UNKNOWN,False,False,,,,,,,,,,NPB,2024-03-17 13:00:00,1,,,0,
2021020928,2024-03-17 13:30:00,中日ドラゴンズ,阪神タイガース,4.0,0.0,UNKNOWN,バンテリンドーム ナゴヤ,excluded,high,False,False,1600115.0,1660558.0,[],[],,,,,0,light,2024-03-17 13:30:00+00:00,,UNKNOWN,,,,UNKNOWN,UNKNOWN,,UNKNOWN,,5.4,2.0,5.4,3.6,0.0,3.2,5.0,3.0,8.0,0.0,2.0,3.0,,,,0.0,1.0,3.6,3.6,0.0,3.6,5.0,0.0,3.0,0.0,2.0,2.0,,,,True,True,UNKNOWN,False,False,,,,,,,,,,NPB,2024-03-17 13:30:00,1,,,0,
2021020932,2024-03-19 13:00:00,東京ヤクルトスワローズ,北海道日本ハムファイターズ,0.0,4.0,UNKNOWN,明治神宮野球場,excluded,high,False,False,1400195.0,1500139.0,[],[],,,,,0,light,2024-03-19 13:00:00+00:00,,UNKNOWN,,,,UNKNOWN,UNKNOWN,,UNKNOWN,,0.0,0.1666666666666666,3.0,0.0,0.0,2.5333333333333337,6.0,0.0,1.0,0.0,0.0,2.0,,,,7.2,1.0,5.4,0.0,3.6,7.2,5.0,4.0,5.0,2.0,0.0,3.0,,,,True,True,UNKNOWN,False,False,,,,,,,,,,NPB,2024-03-19 13:00:00,1,,,0,
2021020933,2024-03-19 13:00:00,横浜DeNAベイスターズ,オリックス・バファローズ,3.0,0.0,UNKNOWN,横浜スタジアム,excluded,high,False,False,2000096.0,2000099.0,[],[],,,,,0,light,2024-03-19 13:00:00+00:00,,UNKNOWN,,,,UNKNOWN,UNKNOWN,,UNKNOWN,,3.8571428571428568,2.142857142857143,5.785714285714286,5.785714285714286,1.9285714285714284,6.628571428571428,4.666666666666667,2.0,7.0,1.0,3.0,3.0,,,,0.0,1.2,1.8,3.6,0.0,4.0,5.0,0.0,4.0,0.0,2.0,1.0,,,,True,True,UNKNOWN,False,False,,,,,,,,,,NPB,2024-03-19 13:00:00,1,,,0,
2021020934,2024-03-19 13:00:00,埼玉西武ライオンズ,広島東洋カープ,3.0,1.0,UNKNOWN,ベルーナドーム,excluded,high,False,False,1900057.0,1700124.0,[],[],,,,,0,light,2024-03-19 13:00:00+00:00,,UNKNOWN,,,,UNKNOWN,UNKNOWN,,UNKNOWN,,1.8,1.2,9.0,1.8,0.0,1.8000000000000005,5.0,1.0,5.0,0.0,1.0,5.0,,,,1.8,0.6,9.0,0.0,1.8,3.8,5.0,1.0,3.0,1.0,0.0,5.0,,,,True,True,UNKNOWN,False,False,2024-03-19 04:00:00+00:00,,UNKNOWN,Open-Meteo Historical Forecast,FAIL_CLOSED_NO_ISSUANCE_TIMESTAMP,10.6,34.0,0.0,4.4,NPB,2024-03-19 13:00:00,1,,,0,
2021020934,2024-03-19 13:00:00,埼玉西武ライオンズ,広島東洋カープ,3.0,1.0,UNKNOWN,ベルーナドーム,excluded,high,False,False,1900057.0,1700124.0,[],[],,,,,0,light,2024-03-19 13:00:00+00:00,,UNKNOWN,,,,UNKNOWN,UNKNOWN,,UNKNOWN,,1.8,1.2,9.0,1.8,0.0,1.8000000000000005,5.0,1.0,5.0,0.0,1.0,5.0,,,,1.8,0.6,9.0,0.0,1.8,3.8,5.0,1.0,3.0,1.0,0.0,5.0,,,,True,True,UNKNOWN,False,False,2024-03-19 04:00:00+00:00,,UNKNOWN,Open-Meteo Historical Forecast,FAIL_CLOSED_NO_ISSUANCE_TIMESTAMP,10.6,34.0,0.0,4.4,NPB,2024-03-19 13:00:00,1,,,0,
2021020935,2024-03-19 13:00:00,中日ドラゴンズ,東北楽天ゴールデンイーグルス,3.0,2.0,UNKNOWN,岡崎市民球場,excluded,high,False,False,1961850.0,2107860.0,[],[],,,,,0,light,2024-03-19 13:00:00+00:00,,UNKNOWN,,,,UNKNOWN,UNKNOWN,,UNKNOWN,,4.5,2.0,4.5,2.25,0.0,2.95,4.0,2.0,7.0,0.0,1.0,2.0,,,,0.0,0.8333333333333334,1.5,3.0,0.0,3.866666666666666,6.0,0.0,3.0,0.0,2.0,1.0,,,,True,True,UNKNOWN,False,False,,,,,,,,,,NPB,2024-03-19 13:00:00,1,,,0,
2021020931,2024-03-19 18:00:00,読売ジャイアンツ,千葉ロッテマリーンズ,3.0,2.0,UNKNOWN,東京ドーム,excluded,high,False,False,900081.0,2000006.0,[],[],,,,,0,light,2024-03-19 18:00:00+00:00,,UNKNOWN,,,,UNKNOWN,UNKNOWN,,UNKNOWN,,2.25,2.0,6.75,9.0,0.0,4.7,4.0,1.0,4.0,0.0,4.0,3.0,,,,1.5,0.6666666666666666,7.5,0.0,0.0,1.5333333333333334,6.0,1.0,4.0,0.0,0.0,5.0,,,,True,True,UNKNOWN,False,False,2024-03-19 09:00:00+00:00,,UNKNOWN,Open-Meteo Historical Forecast,FAIL_CLOSED_NO_ISSUANCE_TIMESTAMP,9.1,53.0,0.0,8.8,NPB,2024-03-19 18:00:00,1,,,0,
2021020931,2024-03-19 18:00:00,読売ジャイアンツ,千葉ロッテマリーンズ,3.0,2.0,UNKNOWN,東京ドーム,excluded,high,False,False,900081.0,2000006.0,[],[],,,,,0,light,2024-03-19 18:00:00+00:00,,UNKNOWN,,,,UNKNOWN,UNKNOWN,,UNKNOWN,,2.25,2.0,6.75,9.0,0.0,4.7,4.0,1.0,4.0,0.0,4.0,3.0,,,,1.5,0.6666666666666666,7.5,0.0,0.0,1.5333333333333334,6.0,1.0,4.0,0.0,0.0,5.0,,,,True,True,UNKNOWN,False,False,2024-03-19 09:00:00+00:00,,UNKNOWN,Open-Meteo Historical Forecast,FAIL_CLOSED_NO_ISSUANCE_TIMESTAMP,9.1,53.0,0.0,8.8,NPB,2024-03-19 18:00:00,1,,,0,
2021020936,2024-03-19 18:00:00,福岡ソフトバンクホークス,阪神タイガース,9.0,10.0,UNKNOWN,福岡PayPayドーム,excluded,high,False,False,2000055.0,20204.0,[],[],,,,,0,light,2024-03-19 18:00:00+00:00,,UNKNOWN,,,,UNKNOWN,UNKNOWN,,UNKNOWN,,14.4,2.2,9.0,0.0,3.6,6.4,5.0,8.0,11.0,2.0,0.0,5.0,,,,7.2,2.0,9.0,3.6,1.8,5.0,5.0,4.0,8.0,1.0,2.0,5.0,,,,True,True,UNKNOWN,False,False,,,,,,,,,,NPB,2024-03-19 18:00:00,1,,,0,
2021020937,2024-03-20 13:00:00,読売ジャイアンツ,千葉ロッテマリーンズ,6.0,0.0,UNKNOWN,東京ドーム,excluded,high,False,False,1700002.0,1660388.0,[],[],,,,,0,light,2024-03-20 13:00:00+00:00,,UNKNOWN,,,,UNKNOWN,UNKNOWN,,UNKNOWN,,1.8,1.0,5.4,1.8,1.8,5.2,5.0,1.0,4.0,1.0,1.0,3.0,,,,0.0,0.75,9.0,4.5,0.0,2.7,4.0,0.0,1.0,0.0,2.0,4.0,,,,True,True,UNKNOWN,False,False,2024-03-20 04:00:00+00:00,,UNKNOWN,Open-Meteo Historical Forecast,FAIL_CLOSED_NO_ISSUANCE_TIMESTAMP,8.1,76.0,0.8,10.4,NPB,2024-03-20 13:00:00,1,,,0,
2021020937,2024-03-20 13:00:00,読売ジャイアンツ,千葉ロッテマリーンズ,6.0,0.0,UNKNOWN,東京ドーム,excluded,high,False,False,1700002.0,1660388.0,[],[],,,,,0,light,2024-03-20 13:00:00+00:00,,UNKNOWN,,,,UNKNOWN,UNKNOWN,,UNKNOWN,,1.8,1.0,5.4,1.8,1.8,5.2,5.0,1.0,4.0,1.0,1.0,3.0,,,,0.0,0.75,9.0,4.5,0.0,2.7,4.0,0.0,1.0,0.0,2.0,4.0,,,,True,True,UNKNOWN,False,False,2024-03-20 04:00:00+00:00,,UNKNOWN,Open-Meteo Historical Forecast,FAIL_CLOSED_NO_ISSUANCE_TIMESTAMP,8.1,76.0,0.8,10.4,NPB,2024-03-20 13:00:00,1,,,0,
2021020938,2024-03-20 13:00:00,東京ヤクルトスワローズ,北海道日本ハムファイターズ,8.0,2.0,UNKNOWN,明治神宮野球場,excluded,high,False,False,2000083.0,1500042.0,[],[],,,,,0,light,2024-03-20 13:00:00+00:00,,UNKNOWN,,,,UNKNOWN,UNKNOWN,,UNKNOWN,,6.75,2.5,9.0,6.75,2.25,6.7,4.0,3.0,7.0,1.0,3.0,4.0,,,,4.153846153846154,1.153846153846154,18.692307692307693,0.0,0.0,-0.953846153846154,4.333333333333333,2.0,5.0,0.0,0.0,9.0,,,,True,True,UNKNOWN,False,False,,,,,,,,,,NPB,2024-03-20 13:00:00,1,,,0,
2021020939,2024-03-20 13:00:00,横浜DeNAベイスターズ,オリックス・バファローズ,7.0,2.0,UNKNOWN,横浜スタジアム,excluded,high,False,False,1750595.0,2100345.0,[],[],,,,,0,light,2024-03-20 13:00:00+00:00,,UNKNOWN,,,,UNKNOWN,UNKNOWN,,UNKNOWN,,11.25,3.25,4.5,4.5,2.25,6.95,4.0,5.0,11.0,1.0,2.0,2.0,,,,3.6,0.8,7.2,1.8,0.0,2.2,5.0,2.0,3.0,0.0,1.0,4.0,,,,True,True,UNKNOWN,False,False,,,,,,,,,,NPB,2024-03-20 13:00:00,1,,,0,
2021020940,2024-03-20 13:00:00,埼玉西武ライオンズ,広島東洋カープ,6.0,5.0,UNKNOWN,ベルーナドーム,unknown,low,False,False,1300057.0,2105080.0,[],[],,,,,0,light,2024-03-20 13:00:00+00:00,,UNKNOWN,,,,UNKNOWN,UNKNOWN,,UNKNOWN,,9.0,2.333333333333333,9.0,9.0,0.0,4.2,3.0,3.0,4.0,0.0,3.0,3.0,,,,3.6,1.6,7.2,3.6,0.0,2.8000000000000003,5.0,2.0,6.0,0.0,2.0,4.0,,,,True,True,UNKNOWN,False,False,2024-03-20 04:00:00+00:00,,UNKNOWN,Open-Meteo Historical Forecast,FAIL_CLOSED_NO_ISSUANCE_TIMESTAMP,7.9,74.0,0.8,3.8,NPB,2024-03-20 13:00:00,1,,,0,
2021020940,2024-03-20 13:00:00,埼玉西武ライオンズ,広島東洋カープ,6.0,5.0,UNKNOWN,ベルーナドーム,unknown,low,False,False,1300057.0,2105080.0,[],[],,,,,0,light,2024-03-20 13:00:00+00:00,,UNKNOWN,,,,UNKNOWN,UNKNOWN,,UNKNOWN,,9.0,2.333333333333333,9.0,9.0,0.0,4.2,3.0,3.0,4.0,0.0,3.0,3.0,,,,3.6,1.6,7.2,3.6,0.0,2.8000000000000003,5.0,2.0,6.0,0.0,2.0,4.0,,,,True,True,UNKNOWN,False,False,2024-03-20 04:00:00+00:00,,UNKNOWN,Open-Meteo Historical Forecast,FAIL_CLOSED_NO_ISSUANCE_TIMESTAMP,7.9,74.0,0.8,3.8,NPB,2024-03-20 13:00:00,1,,,0,
2021020942,2024-03-20 13:00:00,福岡ソフトバンクホークス,阪神タイガース,4.0,0.0,UNKNOWN,福岡PayPayドーム,excluded,high,False,False,2000052.0,1200106.0,[],[],,,,,0,light,2024-03-20 13:00:00+00:00,,UNKNOWN,,,,UNKNOWN,UNKNOWN,,UNKNOWN,,4.5,1.8333333333333333,3.0,4.5,0.0,4.033333333333333,6.0,3.0,8.0,0.0,3.0,2.0,,,,0.0,0.6315789473684211,8.526315789473685,0.0,0.0,1.305263157894737,6.333333333333333,0.0,4.0,0.0,0.0,6.0,,,,True,True,UNKNOWN,False,False,,,,,,,,,,NPB,2024-03-20 13:00:00,1,,,0,
2021020941,2024-03-20 14:00:00,中日ドラゴンズ,東北楽天ゴールデンイーグルス,1.0,0.0,UNKNOWN,バンテリンドーム ナゴヤ,excluded,high,False,False,700065.0,1500074.0,[],[],,,,,0,light,2024-03-20 14:00:00+00:00,,UNKNOWN,,,,UNKNOWN,UNKNOWN,,UNKNOWN,,1.8,0.8,7.2,3.6,1.8,5.4,5.0,1.0,2.0,1.0,2.0,4.0,,,,0.0,0.8333333333333334,3.0,1.5,0.0,3.0333333333333337,6.0,0.0,4.0,0.0,1.0,2.0,,,,True,True,UNKNOWN,False,False,,,,,,,,,,NPB,2024-03-20 14:00:00,1,,,0,
2021020943,2024-03-22 18:00:00,北海道日本ハムファイターズ,横浜DeNAベイスターズ,5.0,3.0,UNKNOWN,ES CON FIELD HOKKAIDO,unknown,low,False,False,1700058.0,2000079.0,[],[],,,,,0,light,2024-03-22 18:00:00+00:00,,UNKNOWN,,,,UNKNOWN,UNKNOWN,,UNKNOWN,,1.5,0.5,9.0,0.0,0.0,1.2000000000000002,6.0,1.0,3.0,0.0,0.0,6.0,,,,1.6875,0.9375,11.8125,1.6875,1.6875,3.575,5.333333333333333,1.0,4.0,1.0,1.0,7.0,,,,True,True,UNKNOWN,False,False,,,,,,,,,,NPB,2024-03-22 18:00:00,1,,,0,
2021020944,2024-03-22 18:00:00,読売ジャイアンツ,東北楽天ゴールデンイーグルス,1.0,3.0,UNKNOWN,東京ドーム,excluded,high,False,False,2000121.0,1800028.0,[],[],,,,,0,light,2024-03-22 18:00:00+00:00,,UNKNOWN,,,,UNKNOWN,UNKNOWN,,UNKNOWN,,1.9285714285714284,0.8571428571428571,17.357142857142858,3.8571428571428568,0.0,0.628571428571429,4.666666666666667,1.0,2.0,0.0,2.0,9.0,,,,6.0,0.6666666666666666,9.0,0.0,3.0,5.533333333333333,3.0,2.0,2.0,1.0,0.0,3.0,,,,True,True,UNKNOWN,False,False,2024-03-22 09:00:00+00:00,,UNKNOWN,Open-Meteo Historical Forecast,FAIL_CLOSED_NO_ISSUANCE_TIMESTAMP,8.9,36.0,0.0,5.4,NPB,2024-03-22 18:00:00,1,,,0,
2021020944,2024-03-22 18:00:00,読売ジャイアンツ,東北楽天ゴールデンイーグルス,1.0,3.0,UNKNOWN,東京ドーム,excluded,high,False,False,2000121.0,1800028.0,[],[],,,,,0,light,2024-03-22 18:00:00+00:00,,UNKNOWN,,,,UNKNOWN,UNKNOWN,,UNKNOWN,,1.9285714285714284,0.8571428571428571,17.357142857142858,3.8571428571428568,0.0,0.628571428571429,4.666666666666667,1.0,2.0,0.0,2.0,9.0,,,,6.0,0.6666666666666666,9.0,0.0,3.0,5.533333333333333,3.0,2.0,2.0,1.0,0.0,3.0,,,,True,True,UNKNOWN,False,False,2024-03-22 09:00:00+00:00,,UNKNOWN,Open-Meteo Historical Forecast,FAIL_CLOSED_NO_ISSUANCE_TIMESTAMP,8.9,36.0,0.0,5.4,NPB,2024-03-22 18:00:00,1,,,0,
2021020945,2024-03-22 18:00:00,埼玉西武ライオンズ,東京ヤクルトスワローズ,2.0,3.0,UNKNOWN,ベルーナドーム,excluded,high,False,False,2000139.0,1600127.0,[],[],,,,,0,light,2024-03-22 18:00:00+00:00,,UNKNOWN,,,,UNKNOWN,UNKNOWN,,UNKNOWN,,3.0,0.6666666666666666,6.0,0.0,0.0,1.866666666666667,6.0,2.0,4.0,0.0,0.0,4.0,,,,0.0,0.0,6.0,0.0,0.0,1.866666666666667,3.0,0.0,0.0,0.0,0.0,2.0,,,,True,True,UNKNOWN,False,False,2024-03-22 09:00:00+00:00,,UNKNOWN,Open-Meteo Historical Forecast,FAIL_CLOSED_NO_ISSUANCE_TIMESTAMP,7.7,41.0,0.0,5.2,NPB,2024-03-22 18:00:00,1,,,0,
2021020945,2024-03-22 18:00:00,埼玉西武ライオンズ,東京ヤクルトスワローズ,2.0,3.0,UNKNOWN,ベルーナドーム,excluded,high,False,False,2000139.0,1600127.0,[],[],,,,,0,light,2024-03-22 18:00:00+00:00,,UNKNOWN,,,,UNKNOWN,UNKNOWN,,UNKNOWN,,3.0,0.6666666666666666,6.0,0.0,0.0,1.866666666666667,6.0,2.0,4.0,0.0,0.0,4.0,,,,0.0,0.0,6.0,0.0,0.0,1.866666666666667,3.0,0.0,0.0,0.0,0.0,2.0,,,,True,True,UNKNOWN,False,False,2024-03-22 09:00:00+00:00,,UNKNOWN,Open-Meteo Historical Forecast,FAIL_CLOSED_NO_ISSUANCE_TIMESTAMP,7.7,41.0,0.0,5.2,NPB,2024-03-22 18:00:00,1,,,0,
2021020946,2024-03-22 18:00:00,中日ドラゴンズ,千葉ロッテマリーンズ,4.0,3.0,UNKNOWN,バンテリンドーム ナゴヤ,excluded,high,False,False,1800052.0,1600106.0,[],[],,,,,0,light,2024-03-22 18:00:00+00:00,,UNKNOWN,,,,UNKNOWN,UNKNOWN,,UNKNOWN,,1.8,1.0,3.6,3.6,0.0,3.6,5.0,1.0,3.0,0.0,2.0,2.0,,,,1.8,0.8,3.6,1.8,1.8,5.6,5.0,1.0,3.0,1.0,1.0,2.0,,,,True,True,UNKNOWN,False,False,,,,,,,,,,NPB,2024-03-22 18:00:00,1,,,0,
2021020947,2024-03-22 18:00:00,オリックス・バファローズ,阪神タイガース,3.0,0.0,UNKNOWN,京セラドーム大阪,excluded,high,False,False,1500090.0,1900087.0,[],[],,,,,0,light,2024-03-22 18:00:00+00:00,,UNKNOWN,,,,UNKNOWN,UNKNOWN,,UNKNOWN,,4.5,1.75,6.75,6.75,2.25,7.2,4.0,2.0,4.0,1.0,3.0,3.0,,,,0.0,1.1666666666666667,10.5,1.5,0.0,1.366666666666667,6.0,0.0,6.0,0.0,1.0,7.0,,,,True,True,UNKNOWN,False,False,,,,,,,,,,NPB,2024-03-22 18:00:00,1,,,0,
2021020948,2024-03-22 18:00:00,福岡ソフトバンクホークス,広島東洋カープ,2.0,2.0,UNKNOWN,福岡PayPayドーム,excluded,high,False,False,1300058.0,1400117.0,[],[],,,,,0,light,2024-03-22 18:00:00+00:00,,UNKNOWN,,,,UNKNOWN,UNKNOWN,,UNKNOWN,,0.0,0.3333333333333333,12.0,3.0,0.0,1.5333333333333334,3.0,0.0,0.0,0.0,1.0,4.0,,,,0.0,0.2,9.0,0.0,0.0,1.2000000000000002,5.0,0.0,1.0,0.0,0.0,5.0,,,,True,True,UNKNOWN,False,False,,,,,,,,,,NPB,2024-03-22 18:00:00,1,,,0,
2021020954,2024-03-23 13:00:00,福岡ソフトバンクホークス,広島東洋カープ,5.0,1.0,UNKNOWN,福岡PayPayドーム,excluded,high,False,False,1900052.0,1900010.0,[],[],,,,,0,light,2024-03-23 13:00:00+00:00,,UNKNOWN,,,,UNKNOWN,UNKNOWN,,UNKNOWN,,15.0,2.333333333333333,9.0,6.0,6.0,11.866666666666667,3.0,5.0,5.0,2.0,2.0,3.0,,,,0.0,0.6,9.0,1.8,0.0,1.8000000000000005,5.0,0.0,2.0,0.0,1.0,5.0,,,,True,True,UNKNOWN,False,False,,,,,,,,,,NPB,2024-03-23 13:00:00,1,,,0,
2021020949,2024-03-23 14:00:00,北海道日本ハムファイターズ,横浜DeNAベイスターズ,0.0,1.0,UNKNOWN,ES CON FIELD HOKKAIDO,excluded,high,False,False,1300031.0,1500110.0,[],[],,,,,0,light,2024-03-23 14:00:00+00:00,,UNKNOWN,,,,UNKNOWN,UNKNOWN,,UNKNOWN,,0.0,0.8333333333333334,3.0,3.0,0.0,3.5333333333333337,6.0,0.0,3.0,0.0,2.0,2.0,,,,0.0,0.2,7.2,0.0,0.0,1.6,5.0,0.0,1.0,0.0,0.0,4.0,,,,True,True,UNKNOWN,False,False,,,,,,,,,,NPB,2024-03-23 14:00:00,1,,,0,
2021020950,2024-03-23 14:00:00,読売ジャイアンツ,東北楽天ゴールデンイーグルス,1.0,1.0,UNKNOWN,東京ドーム,excluded,high,False,False,2106793.0,1961407.0,[],[],,,,,0,light,2024-03-23 14:00:00+00:00,,UNKNOWN,,,,UNKNOWN,UNKNOWN,,UNKNOWN,,0.0,0.8181818181818182,14.727272727272728,2.4545454545454546,0.0,0.7454545454545456,3.6666666666666665,0.0,2.0,0.0,1.0,6.0,,,,0.0,0.0,12.0,0.0,0.0,0.5333333333333337,3.0,0.0,0.0,0.0,0.0,4.0,,,,True,True,UNKNOWN,False,False,2024-03-23 05:00:00+00:00,,UNKNOWN,Open-Meteo Historical Forecast,FAIL_CLOSED_NO_ISSUANCE_TIMESTAMP,4.1,93.0,1.9,4.6,NPB,2024-03-23 14:00:00,1,,,0,
2021020950,2024-03-23 14:00:00,読売ジャイアンツ,東北楽天ゴールデンイーグルス,1.0,1.0,UNKNOWN,東京ドーム,excluded,high,False,False,2106793.0,1961407.0,[],[],,,,,0,light,2024-03-23 14:00:00+00:00,,UNKNOWN,,,,UNKNOWN,UNKNOWN,,UNKNOWN,,0.0,0.8181818181818182,14.727272727272728,2.4545454545454546,0.0,0.7454545454545456,3.6666666666666665,0.0,2.0,0.0,1.0,6.0,,,,0.0,0.0,12.0,0.0,0.0,0.5333333333333337,3.0,0.0,0.0,0.0,0.0,4.0,,,,True,True,UNKNOWN,False,False,2024-03-23 05:00:00+00:00,,UNKNOWN,Open-Meteo Historical Forecast,FAIL_CLOSED_NO_ISSUANCE_TIMESTAMP,4.1,93.0,1.9,4.6,NPB,2024-03-23 14:00:00,1,,,0,
2021020952,2024-03-23 14:00:00,中日ドラゴンズ,千葉ロッテマリーンズ,1.0,1.0,UNKNOWN,バンテリンドーム ナゴヤ,excluded,high,False,False,1600146.0,500014.0,[],[],,,,,0,light,2024-03-23 14:00:00+00:00,,UNKNOWN,,,,UNKNOWN,UNKNOWN,,UNKNOWN,,0.0,0.4,7.2,3.6,0.0,2.8000000000000003,5.0,0.0,0.0,0.0,2.0,4.0,,,,1.5,1.0,4.5,1.5,0.0,2.7,6.0,1.0,5.0,0.0,1.0,3.0,,,,True,True,UNKNOWN,False,False,,,,,,,,,,NPB,2024-03-23 14:00:00,1,,,0,
2021020953,2024-03-23 14:00:00,阪神タイガース,オリックス・バファローズ,4.0,2.0,UNKNOWN,京セラドーム大阪,excluded,high,False,False,2101291.0,1700137.0,[],[],,,,,0,light,2024-03-23 14:00:00+00:00,,UNKNOWN,,,,UNKNOWN,UNKNOWN,,UNKNOWN,,6.352941176470588,1.4117647058823528,7.941176470588235,4.764705882352941,1.588235294117647,5.31764705882353,5.666666666666667,4.0,5.0,1.0,3.0,5.0,,,,1.8,1.0,7.2,1.8,0.0,2.2,5.0,1.0,4.0,0.0,1.0,4.0,,,,True,True,UNKNOWN,False,False,,,,,,,,,,NPB,2024-03-23 14:00:00,1,,,0,
2021020951,2024-03-23 18:00:00,埼玉西武ライオンズ,東京ヤクルトスワローズ,0.0,3.0,UNKNOWN,ベルーナドーム,unknown,low,False,False,2103794.0,1751148.0,[],[],,,,,0,light,2024-03-23 18:00:00+00:00,,UNKNOWN,,,,UNKNOWN,UNKNOWN,,UNKNOWN,,0.0,0.2,3.6,0.0,0.0,2.4000000000000004,5.0,0.0,1.0,0.0,0.0,2.0,,,,0.0,0.3333333333333333,9.0,0.0,0.0,1.2000000000000002,3.0,0.0,1.0,0.0,0.0,3.0,,,,True,True,UNKNOWN,False,False,2024-03-23 09:00:00+00:00,,UNKNOWN,Open-Meteo Historical Forecast,FAIL_CLOSED_NO_ISSUANCE_TIMESTAMP,4.5,74.0,0.0,4.7,NPB,2024-03-23 18:00:00,1,,,0,
2021020951,2024-03-23 18:00:00,埼玉西武ライオンズ,東京ヤクルトスワローズ,0.0,3.0,UNKNOWN,ベルーナドーム,unknown,low,False,False,2103794.0,1751148.0,[],[],,,,,0,light,2024-03-23 18:00:00+00:00,,UNKNOWN,,,,UNKNOWN,UNKNOWN,,UNKNOWN,,0.0,0.2,3.6,0.0,0.0,2.4000000000000004,5.0,0.0,1.0,0.0,0.0,2.0,,,,0.0,0.3333333333333333,9.0,0.0,0.0,1.2000000000000002,3.0,0.0,1.0,0.0,0.0,3.0,,,,True,True,UNKNOWN,False,False,2024-03-23 09:00:00+00:00,,UNKNOWN,Open-Meteo Historical Forecast,FAIL_CLOSED_NO_ISSUANCE_TIMESTAMP,4.5,74.0,0.0,4.7,NPB,2024-03-23 18:00:00,1,,,0,
2021020955,2024-03-24 13:00:00,北海道日本ハムファイターズ,横浜DeNAベイスターズ,2.0,3.0,UNKNOWN,ES CON FIELD HOKKAIDO,excluded,high,False,False,1800045.0,1500109.0,[],[],,,,,0,light,2024-03-24 13:00:00+00:00,,UNKNOWN,,,,UNKNOWN,UNKNOWN,,UNKNOWN,,0.0,0.8,12.6,0.0,0.0,0.4000000000000003,5.0,0.0,4.0,0.0,0.0,7.0,,,,5.4,3.3,5.4,8.1,0.0,4.7,3.333333333333333,2.0,8.0,0.0,3.0,2.0,,,,True,True,UNKNOWN,False,False,,,,,,,,,,NPB,2024-03-24 13:00:00,1,,,0,
2021020958,2024-03-24 13:30:00,中日ドラゴンズ,千葉ロッテマリーンズ,2.0,1.0,UNKNOWN,バンテリンドーム ナゴヤ,excluded,high,False,False,1900080.0,1660558.0,[],[],,,,,0,light,2024-03-24 13:30:00+00:00,,UNKNOWN,,,,UNKNOWN,UNKNOWN,,UNKNOWN,,0.0,0.4,9.0,0.0,0.0,1.2000000000000002,5.0,0.0,2.0,0.0,0.0,5.0,,,,1.8,1.2,5.4,5.4,0.0,3.8,5.0,1.0,3.0,0.0,3.0,3.0,,,,True,True,UNKNOWN,False,False,,,,,,,,,,NPB,2024-03-24 13:30:00,1,,,0,
2021020956,2024-03-24 14:00:00,読売ジャイアンツ,東北楽天ゴールデンイーグルス,6.0,7.0,UNKNOWN,東京ドーム,excluded,high,False,False,2000126.0,1700130.0,[],[],,,,,0,light,2024-03-24 14:00:00+00:00,,UNKNOWN,,,,UNKNOWN,UNKNOWN,,UNKNOWN,,11.25,1.75,11.25,0.0,6.75,10.45,4.0,5.0,7.0,3.0,0.0,5.0,,,,1.8,0.8,5.4,1.8,0.0,2.6,5.0,1.0,3.0,0.0,1.0,3.0,,,,True,True,UNKNOWN,False,False,2024-03-24 05:00:00+00:00,,UNKNOWN,Open-Meteo Historical Forecast,FAIL_CLOSED_NO_ISSUANCE_TIMESTAMP,14.6,67.0,0.0,4.4,NPB,2024-03-24 14:00:00,1,,,0,
2021020956,2024-03-24 14:00:00,読売ジャイアンツ,東北楽天ゴールデンイーグルス,6.0,7.0,UNKNOWN,東京ドーム,excluded,high,False,False,2000126.0,1700130.0,[],[],,,,,0,light,2024-03-24 14:00:00+00:00,,UNKNOWN,,,,UNKNOWN,UNKNOWN,,UNKNOWN,,11.25,1.75,11.25,0.0,6.75,10.45,4.0,5.0,7.0,3.0,0.0,5.0,,,,1.8,0.8,5.4,1.8,0.0,2.6,5.0,1.0,3.0,0.0,1.0,3.0,,,,True,True,UNKNOWN,False,False,2024-03-24 05:00:00+00:00,,UNKNOWN,Open-Meteo Historical Forecast,FAIL_CLOSED_NO_ISSUANCE_TIMESTAMP,14.6,67.0,0.0,4.4,NPB,2024-03-24 14:00:00,1,,,0,
2021020957,2024-03-24 14:00:00,埼玉西武ライオンズ,東京ヤクルトスワローズ,3.0,5.0,UNKNOWN,ベルーナドーム,excluded,high,False,False,2060039.0,1800080.0,[],[],,,,,0,light,2024-03-24 14:00:00+00:00,,UNKNOWN,,,,UNKNOWN,UNKNOWN,,UNKNOWN,,5.4,0.8,3.6,1.8,1.8,5.6,5.0,3.0,3.0,1.0,1.0,2.0,,,,0.0,1.0,3.0,3.0,0.0,3.5333333333333337,3.0,0.0,2.0,0.0,1.0,1.0,,,,True,True,UNKNOWN,False,False,2024-03-24 05:00:00+00:00,,UNKNOWN,Open-Meteo Historical Forecast,FAIL_CLOSED_NO_ISSUANCE_TIMESTAMP,14.0,70.0,0.0,5.6,NPB,2024-03-24 14:00:00,1,,,0,
2021020957,2024-03-24 14:00:00,埼玉西武ライオンズ,東京ヤクルトスワローズ,3.0,5.0,UNKNOWN,ベルーナドーム,excluded,high,False,False,2060039.0,1800080.0,[],[],,,,,0,light,2024-03-24 14:00:00+00:00,,UNKNOWN,,,,UNKNOWN,UNKNOWN,,UNKNOWN,,5.4,0.8,3.6,1.8,1.8,5.6,5.0,3.0,3.0,1.0,1.0,2.0,,,,0.0,1.0,3.0,3.0,0.0,3.5333333333333337,3.0,0.0,2.0,0.0,1.0,1.0,,,,True,True,UNKNOWN,False,False,2024-03-24 05:00:00+00:00,,UNKNOWN,Open-Meteo Historical Forecast,FAIL_CLOSED_NO_ISSUANCE_TIMESTAMP,14.0,70.0,0.0,5.6,NPB,2024-03-24 14:00:00,1,,,0,
2021020959,2024-03-24 14:00:00,オリックス・バファローズ,阪神タイガース,5.0,2.0,UNKNOWN,京セラドーム大阪,excluded,high,False,False,1600115.0,1700109.0,[],[],,,,,0,light,2024-03-24 14:00:00+00:00,,UNKNOWN,,,,UNKNOWN,UNKNOWN,,UNKNOWN,,1.8,1.4,3.6,0.0,0.0,2.4000000000000004,5.0,1.0,7.0,0.0,0.0,2.0,,,,2.25,1.25,9.0,2.25,0.0,1.95,4.0,1.0,4.0,0.0,1.0,4.0,,,,True,True,UNKNOWN,False,False,,,,,,,,,,NPB,2024-03-24 14:00:00,1,,,0,
2021020960,2024-03-24 14:00:00,広島東洋カープ,福岡ソフトバンクホークス,3.0,0.0,UNKNOWN,MAZDA Zoom-Zoom スタジアム広島,excluded,high,False,False,2108558.0,1600125.0,[],[],,,,,0,light,2024-03-24 14:00:00+00:00,,UNKNOWN,,,,UNKNOWN,UNKNOWN,,UNKNOWN,,6.0,1.6666666666666667,3.0,0.0,0.0,2.5333333333333337,3.0,2.0,5.0,0.0,0.0,1.0,,,,0.0,0.6666666666666666,3.0,3.0,0.0,3.5333333333333337,3.0,0.0,1.0,0.0,1.0,1.0,,,,True,True,UNKNOWN,False,False,,,,,,,,,,NPB,2024-03-24 14:00:00,1,,,0,
2021020000,2024-03-29 18:00:00,東京ヤクルトスワローズ,中日ドラゴンズ,7.0,4.0,UNKNOWN,明治神宮野球場,excluded,high,False,False,1600106.0,2000139.0,[],[],,,,,0,light,2024-03-29 18:00:00+00:00,,UNKNOWN,,,,UNKNOWN,UNKNOWN,,UNKNOWN,,1.8,1.6,7.2,0.0,0.0,1.6,5.0,1.0,8.0,0.0,0.0,4.0,,,,3.6,1.4,9.0,3.6,1.8,5.0,5.0,2.0,5.0,1.0,2.0,5.0,,,,True,True,UNKNOWN,False,False,,,,,,,,,,NPB,2024-03-29 18:00:00,1,,,0,
2021020002,2024-03-29 18:00:00,東北楽天ゴールデンイーグルス,埼玉西武ライオンズ,0.0,1.0,UNKNOWN,楽天モバイルパーク宮城,unknown,low,False,False,1600127.0,2000121.0,[],[],,,,,0,light,2024-03-29 18:00:00+00:00,,UNKNOWN,,,,UNKNOWN,UNKNOWN,,UNKNOWN,,0.0,0.4285714285714285,14.142857142857142,1.2857142857142858,0.0,0.4857142857142857,7.0,0.0,2.0,0.0,1.0,11.0,,,,1.1739130434782608,0.9130434782608696,9.391304347826086,1.1739130434782608,0.0,1.5043478260869567,7.666666666666667,1.0,6.0,0.0,1.0,8.0,,,,True,True,UNKNOWN,False,False,,,,,,,,,,NPB,2024-03-29 18:00:00,1,,,0,
2021020004,2024-03-29 18:00:00,オリックス・バファローズ,福岡ソフトバンクホークス,1.0,3.0,UNKNOWN,京セラドーム大阪,excluded,high,False,False,1400117.0,1900087.0,[],[],,,,,0,light,2024-03-29 18:00:00+00:00,,UNKNOWN,,,,UNKNOWN,UNKNOWN,,UNKNOWN,,1.35,1.2,5.4,1.35,0.0,2.45,6.666666666666667,1.0,7.0,0.0,1.0,4.0,,,,4.2631578947368425,1.105263157894737,12.789473684210527,1.4210526315789471,1.4210526315789471,2.8842105263157896,6.333333333333333,3.0,6.0,1.0,1.0,9.0,,,,True,True,UNKNOWN,False,False,,,,,,,,,,NPB,2024-03-29 18:00:00,1,,,0,
2021019999,2024-03-29 18:15:00,読売ジャイアンツ,阪神タイガース,4.0,0.0,UNKNOWN,東京ドーム,excluded,high,False,False,1500090.0,1800028.0,[],[],,,,,0,light,2024-03-29 18:15:00+00:00,,UNKNOWN,,,,UNKNOWN,UNKNOWN,,UNKNOWN,,5.4,1.2,9.0,1.8,1.8,4.4,5.0,3.0,5.0,1.0,1.0,5.0,,,,0.0,1.0,7.5,3.0,0.0,2.5333333333333337,6.0,0.0,4.0,0.0,2.0,5.0,,,,True,True,UNKNOWN,False,False,2024-03-29 09:00:00+00:00,,UNKNOWN,Open-Meteo Historical Forecast,FAIL_CLOSED_NO_ISSUANCE_TIMESTAMP,18.2,83.0,0.0,4.0,NPB,2024-03-29 18:15:00,1,,,0,
2021019999,2024-03-29 18:15:00,読売ジャイアンツ,阪神タイガース,4.0,0.0,UNKNOWN,東京ドーム,excluded,high,False,False,1500090.0,1800028.0,[],[],,,,,0,light,2024-03-29 18:15:00+00:00,,UNKNOWN,,,,UNKNOWN,UNKNOWN,,UNKNOWN,,5.4,1.2,9.0,1.8,1.8,4.4,5.0,3.0,5.0,1.0,1.0,5.0,,,,0.0,1.0,7.5,3.0,0.0,2.5333333333333337,6.0,0.0,4.0,0.0,2.0,5.0,,,,True,True,UNKNOWN,False,False,2024-03-29 09:00:00+00:00,,UNKNOWN,Open-Meteo Historical Forecast,FAIL_CLOSED_NO_ISSUANCE_TIMESTAMP,18.2,83.0,0.0,4.0,NPB,2024-03-29 18:15:00,1,,,0,
2021020001,2024-03-29 18:30:00,横浜DeNAベイスターズ,広島東洋カープ,4.0,3.0,UNKNOWN,横浜スタジアム,excluded,high,False,False,1300058.0,1700058.0,[],[],,,,,0,light,2024-03-29 18:30:00+00:00,,UNKNOWN,,,,UNKNOWN,UNKNOWN,,UNKNOWN,,3.857142857142857,1.1428571428571428,9.0,0.0,1.2857142857142858,3.0571428571428574,7.0,3.0,8.0,1.0,0.0,7.0,,,,3.857142857142857,1.5714285714285714,10.285714285714286,1.2857142857142858,0.0,1.342857142857143,7.0,3.0,10.0,0.0,1.0,8.0,,,,True,True,UNKNOWN,False,False,,,,,,,,,,NPB,2024-03-29 18:30:00,1,,,0,
2021020003,2024-03-29 18:30:00,千葉ロッテマリーンズ,北海道日本ハムファイターズ,1.0,4.0,UNKNOWN,ZOZOマリンスタジアム,excluded,high,False,False,2000079.0,1800052.0,[],[],,,,,0,light,2024-03-29 18:30:00+00:00,,UNKNOWN,,,,UNKNOWN,UNKNOWN,,UNKNOWN,,0.0,0.8333333333333334,13.5,1.5,0.0,0.7000000000000002,6.0,0.0,4.0,0.0,1.0,9.0,,,,5.4,1.4,7.2,3.6,0.0,2.8000000000000003,5.0,3.0,5.0,0.0,2.0,4.0,,,,True,True,UNKNOWN,False,False,,,,,,,,,,NPB,2024-03-29 18:30:00,1,,,0,
2021020010,2024-03-30 13:00:00,オリックス・バファローズ,福岡ソフトバンクホークス,2.0,0.0,UNKNOWN,京セラドーム大阪,excluded,high,False,False,1700011.0,2108177.0,[],[],,,,,0,light,2024-03-30 13:00:00+00:00,,UNKNOWN,,,,UNKNOWN,UNKNOWN,,UNKNOWN,,2.25,0.5,4.5,1.125,1.125,4.2,8.0,2.0,3.0,1.0,1.0,4.0,,,,0.0,1.0,4.5,6.0,0.0,4.2,6.0,0.0,2.0,0.0,4.0,3.0,,,,True,True,UNKNOWN,False,False,,,,,,,,,,NPB,2024-03-30 13:00:00,1,,,0,
2021020005,2024-03-30 14:00:00,読売ジャイアンツ,阪神タイガース,5.0,0.0,UNKNOWN,東京ドーム,unknown,low,False,False,1700137.0,1961407.0,[],[],,,,,0,light,2024-03-30 14:00:00+00:00,,UNKNOWN,,,,UNKNOWN,UNKNOWN,,UNKNOWN,,5.4,1.6,5.4,5.4,3.6,9.0,5.0,3.0,5.0,2.0,3.0,3.0,,,,0.0,1.2631578947368425,7.105263157894737,2.8421052631578947,0.0,2.568421052631579,6.333333333333333,0.0,6.0,0.0,2.0,5.0,,,,True,True,UNKNOWN,False,False,2024-03-30 05:00:00+00:00,,UNKNOWN,Open-Meteo Historical Forecast,FAIL_CLOSED_NO_ISSUANCE_TIMESTAMP,24.2,41.0,0.0,3.9,NPB,2024-03-30 14:00:00,1,,,0,
2021020005,2024-03-30 14:00:00,読売ジャイアンツ,阪神タイガース,5.0,0.0,UNKNOWN,東京ドーム,unknown,low,False,False,1700137.0,1961407.0,[],[],,,,,0,light,2024-03-30 14:00:00+00:00,,UNKNOWN,,,,UNKNOWN,UNKNOWN,,UNKNOWN,,5.4,1.6,5.4,5.4,3.6,9.0,5.0,3.0,5.0,2.0,3.0,3.0,,,,0.0,1.2631578947368425,7.105263157894737,2.8421052631578947,0.0,2.568421052631579,6.333333333333333,0.0,6.0,0.0,2.0,5.0,,,,True,True,UNKNOWN,False,False,2024-03-30 05:00:00+00:00,,UNKNOWN,Open-Meteo Historical Forecast,FAIL_CLOSED_NO_ISSUANCE_TIMESTAMP,24.2,41.0,0.0,3.9,NPB,2024-03-30 14:00:00,1,,,0,
2021020006,2024-03-30 14:00:00,東京ヤクルトスワローズ,中日ドラゴンズ,1.0,1.0,UNKNOWN,明治神宮野球場,excluded,high,False,False,500014.0,2103794.0,[],[],,,,,0,light,2024-03-30 14:00:00+00:00,,UNKNOWN,,,,UNKNOWN,UNKNOWN,,UNKNOWN,,0.0,0.8333333333333334,4.5,0.0,0.0,2.2,6.0,0.0,5.0,0.0,0.0,3.0,,,,1.2857142857142858,0.8571428571428571,12.857142857142858,0.0,0.0,0.3428571428571429,7.0,1.0,6.0,0.0,0.0,10.0,,,,True,True,UNKNOWN,False,False,,,,,,,,,,NPB,2024-03-30 14:00:00,1,,,0,
2021020007,2024-03-30 14:00:00,横浜DeNAベイスターズ,広島東洋カープ,6.0,1.0,UNKNOWN,横浜スタジアム,excluded,high,False,False,1750941.0,1300031.0,[],[],,,,,0,light,2024-03-30 14:00:00+00:00,,UNKNOWN,,,,UNKNOWN,UNKNOWN,,UNKNOWN,,,,,,,,,,,,,,,,,1.0384615384615383,0.576923076923077,6.230769230769231,1.0384615384615383,0.0,2.161538461538462,8.666666666666666,1.0,4.0,0.0,1.0,6.0,,,,False,True,UNKNOWN,False,False,,,,,,,,,,NPB,2024-03-30 14:00:00,1,,,0,
2021020008,2024-03-30 14:00:00,東北楽天ゴールデンイーグルス,埼玉西武ライオンズ,2.0,8.0,UNKNOWN,楽天モバイルパーク宮城,excluded,high,False,False,1751148.0,2106793.0,[],[],,,,,0,light,2024-03-30 14:00:00+00:00,,UNKNOWN,,,,UNKNOWN,UNKNOWN,,UNKNOWN,,3.176470588235294,1.588235294117647,9.529411764705882,4.764705882352941,0.0,2.670588235294118,5.666666666666667,2.0,6.0,0.0,3.0,6.0,,,,11.25,2.0,9.0,2.25,2.25,5.2,4.0,5.0,7.0,1.0,1.0,4.0,,,,True,True,UNKNOWN,False,False,,,,,,,,,,NPB,2024-03-30 14:00:00,1,,,0,
2021020009,2024-03-30 14:00:00,千葉ロッテマリーンズ,北海道日本ハムファイターズ,3.0,0.0,UNKNOWN,ZOZOマリンスタジアム,unknown,low,False,False,1500110.0,1600146.0,[],[],,,,,0,light,2024-03-30 14:00:00+00:00,,UNKNOWN,,,,UNKNOWN,UNKNOWN,,UNKNOWN,,4.5,0.6666666666666666,3.0,0.0,0.0,2.5333333333333337,6.0,3.0,4.0,0.0,0.0,2.0,,,,0.0,0.8333333333333334,12.0,4.5,0.0,2.033333333333333,6.0,0.0,2.0,0.0,3.0,8.0,,,,True,True,UNKNOWN,False,False,,,,,,,,,,NPB,2024-03-30 14:00:00,1,,,0,
2021020014,2024-03-31 13:00:00,東北楽天ゴールデンイーグルス,埼玉西武ライオンズ,4.0,3.0,UNKNOWN,楽天モバイルパーク宮城,unknown,low,False,False,1800080.0,2000126.0,[],[],,,,,0,light,2024-03-31 13:00:00+00:00,,UNKNOWN,,,,UNKNOWN,UNKNOWN,,UNKNOWN,,5.4,1.6,1.8,5.4,0.0,4.6,5.0,3.0,5.0,0.0,3.0,1.0,,,,3.0,0.8333333333333334,7.5,1.5,0.0,2.033333333333333,6.0,2.0,4.0,0.0,1.0,5.0,,,,True,True,UNKNOWN,False,False,,,,,,,,,,NPB,2024-03-31 13:00:00,1,,,0,
2021020016,2024-03-31 13:00:00,オリックス・バファローズ,福岡ソフトバンクホークス,2.0,5.0,UNKNOWN,京セラドーム大阪,unknown,low,False,False,1900010.0,1700109.0,[],[],,,,,0,light,2024-03-31 13:00:00+00:00,,UNKNOWN,,,,UNKNOWN,UNKNOWN,,UNKNOWN,,1.8,0.8,5.4,5.4,0.0,3.8,5.0,1.0,1.0,0.0,3.0,3.0,,,,1.8,0.8,5.4,3.6,1.8,5.800000000000001,5.0,1.0,2.0,1.0,2.0,3.0,,,,True,True,UNKNOWN,False,False,,,,,,,,,,NPB,2024-03-31 13:00:00,1,,,0,
2021020012,2024-03-31 13:30:00,東京ヤクルトスワローズ,中日ドラゴンズ,5.0,2.0,UNKNOWN,明治神宮野球場,excluded,high,False,False,1660558.0,2060039.0,[],[],,,,,0,light,2024-03-31 13:30:00+00:00,,UNKNOWN,,,,UNKNOWN,UNKNOWN,,UNKNOWN,,7.2,1.4,10.8,1.8,1.8,4.0,5.0,4.0,6.0,1.0,1.0,6.0,,,,3.0,1.0,6.0,0.0,1.5,4.033333333333333,6.0,2.0,6.0,1.0,0.0,4.0,,,,True,True,UNKNOWN,False,False,,,,,,,,,,NPB,2024-03-31 13:30:00,1,,,0,
2021020011,2024-03-31 14:00:00,読売ジャイアンツ,阪神タイガース,0.0,5.0,UNKNOWN,東京ドーム,excluded,high,False,False,1600115.0,1700130.0,[],[],,,,,0,light,2024-03-31 14:00:00+00:00,,UNKNOWN,,,,UNKNOWN,UNKNOWN,,UNKNOWN,,0.0,1.5,4.5,7.5,0.0,4.7,6.0,0.0,4.0,0.0,5.0,3.0,,,,0.0,0.5,1.5,3.0,0.0,3.866666666666666,6.0,0.0,1.0,0.0,2.0,1.0,,,,True,True,UNKNOWN,False,False,2024-03-31 05:00:00+00:00,,UNKNOWN,Open-Meteo Historical Forecast,FAIL_CLOSED_NO_ISSUANCE_TIMESTAMP,26.5,41.0,0.0,4.3,NPB,2024-03-31 14:00:00,1,,,0,
2021020011,2024-03-31 14:00:00,読売ジャイアンツ,阪神タイガース,0.0,5.0,UNKNOWN,東京ドーム,excluded,high,False,False,1600115.0,1700130.0,[],[],,,,,0,light,2024-03-31 14:00:00+00:00,,UNKNOWN,,,,UNKNOWN,UNKNOWN,,UNKNOWN,,0.0,1.5,4.5,7.5,0.0,4.7,6.0,0.0,4.0,0.0,5.0,3.0,,,,0.0,0.5,1.5,3.0,0.0,3.866666666666666,6.0,0.0,1.0,0.0,2.0,1.0,,,,True,True,UNKNOWN,False,False,2024-03-31 05:00:00+00:00,,UNKNOWN,Open-Meteo Historical Forecast,FAIL_CLOSED_NO_ISSUANCE_TIMESTAMP,26.5,41.0,0.0,4.3,NPB,2024-03-31 14:00:00,1,,,0,
2021020013,2024-03-31 14:00:00,横浜DeNAベイスターズ,広島東洋カープ,1.0,5.0,UNKNOWN,横浜スタジアム,excluded,high,False,False,1600125.0,1800045.0,[],[],,,,,0,light,2024-03-31 14:00:00+00:00,,UNKNOWN,,,,UNKNOWN,UNKNOWN,,UNKNOWN,,1.8,1.0,1.8,3.6,0.0,4.0,5.0,1.0,3.0,0.0,2.0,1.0,,,,3.0,0.8333333333333334,7.5,1.5,1.5,4.2,6.0,2.0,4.0,1.0,1.0,5.0,,,,True,True,UNKNOWN,False,False,,,,,,,,,,NPB,2024-03-31 14:00:00,1,,,0,
2021020015,2024-03-31 14:00:00,千葉ロッテマリーンズ,北海道日本ハムファイターズ,2.0,3.0,UNKNOWN,ZOZOマリンスタジアム,unknown,low,False,False,1500109.0,1900080.0,[],[],,,,,0,light,2024-03-31 14:00:00+00:00,,UNKNOWN,,,,UNKNOWN,UNKNOWN,,UNKNOWN,,4.5,2.5,4.5,4.5,0.0,3.7,4.0,2.0,8.0,0.0,2.0,2.0,,,,1.8,1.4,12.6,1.8,0.0,1.0,5.0,1.0,6.0,0.0,1.0,7.0,,,,True,True,UNKNOWN,False,False,,,,,,,,,,NPB,2024-03-31 14:00:00,1,,,0,
2021020018,2024-04-02 18:00:00,阪神タイガース,横浜DeNAベイスターズ,3.0,5.0,UNKNOWN,京セラドーム大阪,unknown,low,False,False,2103904.0,2000055.0,[],[],,,,,0,light,2024-04-02 18:00:00+00:00,,UNKNOWN,,,,UNKNOWN,UNKNOWN,,UNKNOWN,,1.5,1.1666666666666667,7.5,4.5,0.0,3.0333333333333337,6.0,1.0,4.0,0.0,3.0,5.0,,,,3.0,2.6666666666666665,6.0,3.0,0.0,2.8666666666666667,3.0,1.0,7.0,0.0,1.0,2.0,,,,True,True,UNKNOWN,False,False,,,,,,,,,,NPB,2024-04-02 18:00:00,1,,,0,
2021020019,2024-04-02 18:00:00,広島東洋カープ,東京ヤクルトスワローズ,2.0,1.0,UNKNOWN,MAZDA Zoom-Zoom スタジアム広島,excluded,high,False,False,1500139.0,1600123.0,[],[],,,,,0,light,2024-04-02 18:00:00+00:00,,UNKNOWN,,,,UNKNOWN,UNKNOWN,,UNKNOWN,,0.0,0.6666666666666666,4.5,3.0,0.0,3.2,6.0,0.0,2.0,0.0,2.0,3.0,,,,0.0,0.7142857142857143,11.571428571428571,1.2857142857142858,0.0,1.0571428571428574,7.0,0.0,4.0,0.0,1.0,9.0,,,,True,True,UNKNOWN,False,False,,,,,,,,,,NPB,2024-04-02 18:00:00,1,,,0,
2021020021,2024-04-02 18:00:00,埼玉西武ライオンズ,オリックス・バファローズ,2.0,1.0,UNKNOWN,ベルーナドーム,unknown,low,False,False,2101291.0,1700124.0,[],[],,,,,0,light,2024-04-02 18:00:00+00:00,,UNKNOWN,,,,UNKNOWN,UNKNOWN,,UNKNOWN,,3.176470588235294,1.7647058823529411,7.941176470588235,3.176470588235294,0.0,2.494117647058824,5.666666666666667,2.0,8.0,0.0,2.0,5.0,,,,0.0,1.7647058823529411,4.764705882352941,7.941176470588235,0.0,4.788235294117647,5.666666666666667,0.0,5.0,0.0,5.0,3.0,,,,True,True,UNKNOWN,False,False,2024-04-02 09:00:00+00:00,,UNKNOWN,Open-Meteo Historical Forecast,FAIL_CLOSED_NO_ISSUANCE_TIMESTAMP,14.0,65.0,0.0,4.8,NPB,2024-04-02 18:00:00,1,,,0,
2021020021,2024-04-02 18:00:00,埼玉西武ライオンズ,オリックス・バファローズ,2.0,1.0,UNKNOWN,ベルーナドーム,unknown,low,False,False,2101291.0,1700124.0,[],[],,,,,0,light,2024-04-02 18:00:00+00:00,,UNKNOWN,,,,UNKNOWN,UNKNOWN,,UNKNOWN,,3.176470588235294,1.7647058823529411,7.941176470588235,3.176470588235294,0.0,2.494117647058824,5.666666666666667,2.0,8.0,0.0,2.0,5.0,,,,0.0,1.7647058823529411,4.764705882352941,7.941176470588235,0.0,4.788235294117647,5.666666666666667,0.0,5.0,0.0,5.0,3.0,,,,True,True,UNKNOWN,False,False,2024-04-02 09:00:00+00:00,,UNKNOWN,Open-Meteo Historical Forecast,FAIL_CLOSED_NO_ISSUANCE_TIMESTAMP,14.0,65.0,0.0,4.8,NPB,2024-04-02 18:00:00,1,,,0,
2021020017,2024-04-02 18:15:00,中日ドラゴンズ,読売ジャイアンツ,4.0,3.0,UNKNOWN,バンテリンドーム ナゴヤ,excluded,high,False,False,2000006.0,1500074.0,[],[],,,,,0,light,2024-04-02 18:15:00+00:00,,UNKNOWN,,,,UNKNOWN,UNKNOWN,,UNKNOWN,,3.857142857142857,1.2857142857142858,2.571428571428572,2.571428571428572,0.0,3.4857142857142858,7.0,3.0,7.0,0.0,2.0,2.0,,,,3.857142857142857,1.1428571428571428,5.142857142857143,0.0,0.0,2.0571428571428574,7.0,3.0,8.0,0.0,0.0,4.0,,,,True,True,UNKNOWN,False,False,,,,,,,,,,NPB,2024-04-02 18:15:00,1,,,0,
2021020020,2024-04-02 18:30:00,北海道日本ハムファイターズ,東北楽天ゴールデンイーグルス,2.0,4.0,UNKNOWN,ES CON FIELD HOKKAIDO,excluded,high,False,False,1961850.0,1400195.0,[],[],,,,,0,light,2024-04-02 18:30:00+00:00,,UNKNOWN,,,,UNKNOWN,UNKNOWN,,UNKNOWN,,0.0,0.6,10.8,0.0,0.0,0.8000000000000003,5.0,0.0,3.0,0.0,0.0,6.0,,,,2.8421052631578947,0.9473684210526316,4.2631578947368425,0.0,1.4210526315789471,4.305263157894737,6.333333333333333,2.0,6.0,1.0,0.0,3.0,,,,True,True,UNKNOWN,False,False,,,,,,,,,,NPB,2024-04-02 18:30:00,1,,,0,
2021020022,2024-04-02 18:30:00,福岡ソフトバンクホークス,千葉ロッテマリーンズ,2.0,0.0,UNKNOWN,福岡PayPayドーム,unknown,low,False,False,900081.0,1900106.0,[],[],,,,,0,light,2024-04-02 18:30:00+00:00,,UNKNOWN,,,,UNKNOWN,UNKNOWN,,UNKNOWN,,3.0,1.6666666666666667,4.5,6.0,0.0,4.2,6.0,2.0,6.0,0.0,4.0,3.0,,,,0.0,0.4285714285714285,7.714285714285714,0.0,0.0,1.485714285714286,7.0,0.0,3.0,0.0,0.0,6.0,,,,True,True,UNKNOWN,False,False,,,,,,,,,,NPB,2024-04-02 18:30:00,1,,,0,
2021020023,2024-04-03 18:00:00,中日ドラゴンズ,読売ジャイアンツ,5.0,2.0,UNKNOWN,バンテリンドーム ナゴヤ,regular,high,True,True,1660388.0,1000138.0,[],[],,,,,0,light,2024-04-03 18:00:00+00:00,,UNKNOWN,,,,UNKNOWN,UNKNOWN,,UNKNOWN,,9.0,2.0,6.75,9.0,0.0,4.7,4.0,4.0,4.0,0.0,4.0,3.0,,,,1.8,0.8,7.2,0.0,0.0,1.6,5.0,1.0,4.0,0.0,0.0,4.0,,,,True,True,UNKNOWN,False,False,,,,,,,,,,NPB,2024-04-03 18:00:00,1,,,0,
2021020024,2024-04-03 18:00:00,阪神タイガース,横浜DeNAベイスターズ,5.0,2.0,UNKNOWN,京セラドーム大阪,unknown,low,False,False,1600081.0,2000052.0,[],[],,,,,0,light,2024-04-03 18:00:00+00:00,,UNKNOWN,,,,UNKNOWN,UNKNOWN,,UNKNOWN,,5.0625,1.125,11.8125,1.6875,1.6875,3.575,5.333333333333333,3.0,5.0,1.0,1.0,7.0,,,,2.571428571428572,0.7142857142857143,2.571428571428572,0.0,1.2857142857142858,4.485714285714286,7.0,2.0,5.0,1.0,0.0,2.0,,,,True,True,UNKNOWN,False,False,,,,,,,,,,NPB,2024-04-03 18:00:00,1,,,0,
2021020027,2024-04-03 18:00:00,埼玉西武ライオンズ,オリックス・バファローズ,3.0,0.0,UNKNOWN,ベルーナドーム,excluded,high,False,False,2000096.0,2105080.0,[],[],,,,,0,light,2024-04-03 18:00:00+00:00,,UNKNOWN,,,,UNKNOWN,UNKNOWN,,UNKNOWN,,3.6,1.8,9.0,12.6,0.0,5.4,5.0,2.0,2.0,0.0,7.0,5.0,,,,0.0,0.4285714285714285,9.0,2.571428571428572,0.0,2.0571428571428574,7.0,0.0,1.0,0.0,2.0,7.0,,,,True,True,UNKNOWN,False,False,2024-04-03 09:00:00+00:00,,UNKNOWN,Open-Meteo Historical Forecast,FAIL_CLOSED_NO_ISSUANCE_TIMESTAMP,12.4,97.0,1.4,3.6,NPB,2024-04-03 18:00:00,1,,,0,
2021020027,2024-04-03 18:00:00,埼玉西武ライオンズ,オリックス・バファローズ,3.0,0.0,UNKNOWN,ベルーナドーム,excluded,high,False,False,2000096.0,2105080.0,[],[],,,,,0,light,2024-04-03 18:00:00+00:00,,UNKNOWN,,,,UNKNOWN,UNKNOWN,,UNKNOWN,,3.6,1.8,9.0,12.6,0.0,5.4,5.0,2.0,2.0,0.0,7.0,5.0,,,,0.0,0.4285714285714285,9.0,2.571428571428572,0.0,2.0571428571428574,7.0,0.0,1.0,0.0,2.0,7.0,,,,True,True,UNKNOWN,False,False,2024-04-03 09:00:00+00:00,,UNKNOWN,Open-Meteo Historical Forecast,FAIL_CLOSED_NO_ISSUANCE_TIMESTAMP,12.4,97.0,1.4,3.6,NPB,2024-04-03 18:00:00,1,,,0,
2021020028,2024-04-03 18:00:00,福岡ソフトバンクホークス,千葉ロッテマリーンズ,2.0,4.0,UNKNOWN,福岡PayPayドーム,excluded,high,False,False,1700002.0,1200106.0,[],[],,,,,0,light,2024-04-03 18:00:00+00:00,,UNKNOWN,,,,UNKNOWN,UNKNOWN,,UNKNOWN,,1.5,0.6666666666666666,10.5,1.5,1.5,3.5333333333333337,6.0,1.0,3.0,1.0,1.0,7.0,,,,1.2857142857142858,0.7142857142857143,5.142857142857143,1.2857142857142858,1.2857142857142858,4.342857142857143,7.0,1.0,4.0,1.0,1.0,4.0,,,,True,True,UNKNOWN,False,False,,,,,,,,,,NPB,2024-04-03 18:00:00,1,,,0,
2021020026,2024-04-03 18:30:00,北海道日本ハムファイターズ,東北楽天ゴールデンイーグルス,4.0,2.0,UNKNOWN,ES CON FIELD HOKKAIDO,excluded,high,False,False,700065.0,1750903.0,[],[],,,,,0,light,2024-04-03 18:30:00+00:00,,UNKNOWN,,,,UNKNOWN,UNKNOWN,,UNKNOWN,,7.2,1.8,3.6,0.0,1.8,5.0,5.0,4.0,9.0,1.0,0.0,2.0,,,,1.4210526315789471,0.4736842105263158,14.210526315789474,1.4210526315789471,0.0,0.5157894736842108,6.333333333333333,1.0,2.0,0.0,1.0,10.0,,,,True,True,UNKNOWN,False,False,,,,,,,,,,NPB,2024-04-03 18:30:00,1,,,0,
2021020032,2024-04-04 13:00:00,埼玉西武ライオンズ,オリックス・バファローズ,1.0,2.0,UNKNOWN,ベルーナドーム,excluded,high,False,False,1700118.0,1660539.0,[],[],,,,,0,light,2024-04-04 13:00:00+00:00,,UNKNOWN,,,,UNKNOWN,UNKNOWN,,UNKNOWN,,1.2857142857142858,0.4285714285714285,3.857142857142857,0.0,1.2857142857142858,4.2,7.0,1.0,3.0,1.0,0.0,3.0,,,,1.6875,0.9375,3.375,3.375,0.0,3.575,5.333333333333333,1.0,3.0,0.0,2.0,2.0,,,,True,True,UNKNOWN,False,False,2024-04-04 04:00:00+00:00,,UNKNOWN,Open-Meteo Historical Forecast,FAIL_CLOSED_NO_ISSUANCE_TIMESTAMP,17.4,72.0,0.0,3.6,NPB,2024-04-04 13:00:00,1,,,0,
2021020032,2024-04-04 13:00:00,埼玉西武ライオンズ,オリックス・バファローズ,1.0,2.0,UNKNOWN,ベルーナドーム,excluded,high,False,False,1700118.0,1660539.0,[],[],,,,,0,light,2024-04-04 13:00:00+00:00,,UNKNOWN,,,,UNKNOWN,UNKNOWN,,UNKNOWN,,1.2857142857142858,0.4285714285714285,3.857142857142857,0.0,1.2857142857142858,4.2,7.0,1.0,3.0,1.0,0.0,3.0,,,,1.6875,0.9375,3.375,3.375,0.0,3.575,5.333333333333333,1.0,3.0,0.0,2.0,2.0,,,,True,True,UNKNOWN,False,False,2024-04-04 04:00:00+00:00,,UNKNOWN,Open-Meteo Historical Forecast,FAIL_CLOSED_NO_ISSUANCE_TIMESTAMP,17.4,72.0,0.0,3.6,NPB,2024-04-04 13:00:00,1,,,0,
2021020029,2024-04-04 18:00:00,中日ドラゴンズ,読売ジャイアンツ,0.0,2.0,UNKNOWN,バンテリンドーム ナゴヤ,unknown,low,False,False,1200041.0,1800060.0,[],[],,,,,0,light,2024-04-04 18:00:00+00:00,,UNKNOWN,,,,UNKNOWN,UNKNOWN,,UNKNOWN,,0.0,0.7142857142857143,3.857142857142857,1.2857142857142858,0.0,2.771428571428572,7.0,0.0,4.0,0.0,1.0,3.0,,,,3.0,1.3333333333333333,9.0,1.5,0.0,1.7000000000000002,6.0,2.0,7.0,0.0,1.0,6.0,,,,True,True,UNKNOWN,False,False,,,,,,,,,,NPB,2024-04-04 18:00:00,1,,,0,
2021020030,2024-04-04 18:00:00,阪神タイガース,横浜DeNAベイスターズ,2.0,3.0,UNKNOWN,京セラドーム大阪,excluded,high,False,False,2000099.0,900062.0,[],[],,,,,0,light,2024-04-04 18:00:00+00:00,,UNKNOWN,,,,UNKNOWN,UNKNOWN,,UNKNOWN,,4.153846153846154,1.3846153846153848,2.076923076923077,4.153846153846154,0.0,4.123076923076924,4.333333333333333,2.0,4.0,0.0,2.0,1.0,,,,5.0625,1.6875,3.375,1.6875,0.0,3.0125,5.333333333333333,3.0,8.0,0.0,1.0,2.0,,,,True,True,UNKNOWN,False,False,,,,,,,,,,NPB,2024-04-04 18:00:00,1,,,0,
2021020031,2024-04-04 18:00:00,広島東洋カープ,東京ヤクルトスワローズ,6.0,3.0,UNKNOWN,MAZDA Zoom-Zoom スタジアム広島,unknown,low,False,False,1500042.0,1300057.0,[],[],,,,,0,light,2024-04-04 18:00:00+00:00,,UNKNOWN,,,,UNKNOWN,UNKNOWN,,UNKNOWN,,0.0,0.7142857142857143,7.714285714285714,0.0,0.0,1.485714285714286,7.0,0.0,5.0,0.0,0.0,6.0,,,,5.0625,1.3125,6.75,3.375,0.0,2.825,5.333333333333333,3.0,5.0,0.0,2.0,4.0,,,,True,True,UNKNOWN,False,False,,,,,,,,,,NPB,2024-04-04 18:00:00,1,,,0,
2021020033,2024-04-04 18:00:00,福岡ソフトバンクホークス,千葉ロッテマリーンズ,8.0,1.0,UNKNOWN,福岡PayPayドーム,excluded,high,False,False,1000155.0,1550517.0,[],[],,,,,0,light,2024-04-04 18:00:00+00:00,,UNKNOWN,,,,UNKNOWN,UNKNOWN,,UNKNOWN,,13.5,2.25,2.25,4.5,2.25,7.45,4.0,6.0,7.0,1.0,2.0,1.0,,,,1.5,1.3333333333333333,7.5,0.0,1.5,3.7,6.0,1.0,8.0,1.0,0.0,5.0,,,,True,True,UNKNOWN,False,False,,,,,,,,,,NPB,2024-04-04 18:00:00,1,,,0,
2021020034,2024-04-05 18:00:00,読売ジャイアンツ,横浜DeNAベイスターズ,1.0,2.0,UNKNOWN,東京ドーム,unknown,low,False,False,1700058.0,1800028.0,[],[],,,,,0,light,2024-04-05 18:00:00+00:00,,UNKNOWN,,,,UNKNOWN,UNKNOWN,,UNKNOWN,,1.2857142857142858,0.8571428571428571,5.142857142857143,1.2857142857142858,0.0,2.4857142857142858,7.0,1.0,5.0,0.0,1.0,4.0,,,,2.571428571428572,1.0,10.285714285714286,0.0,0.0,0.9142857142857146,7.0,2.0,7.0,0.0,0.0,8.0,,,,True,True,UNKNOWN,False,False,2024-04-05 09:00:00+00:00,,UNKNOWN,Open-Meteo Historical Forecast,FAIL_CLOSED_NO_ISSUANCE_TIMESTAMP,9.6,74.0,0.0,3.4,NPB,2024-04-05 18:00:00,1,,,0,
2021020034,2024-04-05 18:00:00,読売ジャイアンツ,横浜DeNAベイスターズ,1.0,2.0,UNKNOWN,東京ドーム,unknown,low,False,False,1700058.0,1800028.0,[],[],,,,,0,light,2024-04-05 18:00:00+00:00,,UNKNOWN,,,,UNKNOWN,UNKNOWN,,UNKNOWN,,1.2857142857142858,0.8571428571428571,5.142857142857143,1.2857142857142858,0.0,2.4857142857142858,7.0,1.0,5.0,0.0,1.0,4.0,,,,2.571428571428572,1.0,10.285714285714286,0.0,0.0,0.9142857142857146,7.0,2.0,7.0,0.0,0.0,8.0,,,,True,True,UNKNOWN,False,False,2024-04-05 09:00:00+00:00,,UNKNOWN,Open-Meteo Historical Forecast,FAIL_CLOSED_NO_ISSUANCE_TIMESTAMP,9.6,74.0,0.0,3.4,NPB,2024-04-05 18:00:00,1,,,0,
2021020035,2024-04-05 18:00:00,東京ヤクルトスワローズ,阪神タイガース,6.0,7.0,UNKNOWN,明治神宮野球場,unknown,low,False,False,1500090.0,2000139.0,[],[],,,,,0,light,2024-04-05 18:00:00+00:00,,UNKNOWN,,,,UNKNOWN,UNKNOWN,,UNKNOWN,,3.0,1.3333333333333333,3.0,7.5,0.0,5.033333333333333,6.0,2.0,3.0,0.0,5.0,2.0,,,,3.857142857142857,1.1428571428571428,5.142857142857143,2.571428571428572,1.2857142857142858,4.771428571428571,7.0,3.0,6.0,1.0,2.0,4.0,,,,True,True,UNKNOWN,False,False,,,,,,,,,,NPB,2024-04-05 18:00:00,1,,,0,
2021020036,2024-04-05 18:00:00,広島東洋カープ,中日ドラゴンズ,0.0,1.0,UNKNOWN,MAZDA Zoom-Zoom スタジアム広島,unknown,low,False,False,1600106.0,1300058.0,[],[],,,,,0,light,2024-04-05 18:00:00+00:00,,UNKNOWN,,,,UNKNOWN,UNKNOWN,,UNKNOWN,,0.0,0.8571428571428571,2.571428571428572,1.2857142857142858,0.0,3.0571428571428574,7.0,0.0,5.0,0.0,1.0,2.0,,,,0.0,0.5,3.375,0.0,0.0,2.45,8.0,0.0,4.0,0.0,0.0,3.0,,,,True,True,UNKNOWN,False,False,,,,,,,,,,NPB,2024-04-05 18:00:00,1,,,0,
2021020037,2024-04-05 18:00:00,北海道日本ハムファイターズ,埼玉西武ライオンズ,3.0,2.0,UNKNOWN,ES CON FIELD HOKKAIDO,unknown,low,False,False,1600127.0,2000079.0,[],[],,,,,0,light,2024-04-05 18:00:00+00:00,,UNKNOWN,,,,UNKNOWN,UNKNOWN,,UNKNOWN,,1.2857142857142858,1.4285714285714286,5.142857142857143,0.0,0.0,2.0571428571428574,7.0,1.0,10.0,0.0,0.0,4.0,,,,2.571428571428572,0.5714285714285714,9.0,1.2857142857142858,1.2857142857142858,3.4857142857142858,7.0,2.0,3.0,1.0,1.0,7.0,,,,True,True,UNKNOWN,False,False,,,,,,,,,,NPB,2024-04-05 18:00:00,1,,,0,
2021020038,2024-04-05 18:00:00,東北楽天ゴールデンイーグルス,福岡ソフトバンクホークス,1.0,6.0,UNKNOWN,楽天モバイルパーク宮城,unknown,low,False,False,1300080.0,2000121.0,[],[],,,,,0,light,2024-04-05 18:00:00+00:00,,UNKNOWN,,,,UNKNOWN,UNKNOWN,,UNKNOWN,,1.8,0.6,9.0,1.8,0.0,1.8000000000000005,5.0,1.0,2.0,0.0,1.0,5.0,,,,9.0,2.4,5.4,3.6,0.0,3.2,5.0,5.0,10.0,0.0,2.0,3.0,,,,True,True,UNKNOWN,False,False,,,,,,,,,,NPB,2024-04-05 18:00:00,1,,,0,
2021020039,2024-04-05 18:00:00,千葉ロッテマリーンズ,オリックス・バファローズ,1.0,0.0,UNKNOWN,ZOZOマリンスタジアム,unknown,low,False,False,1900087.0,1800052.0,[],[],,,,,0,light,2024-04-05 18:00:00+00:00,,UNKNOWN,,,,UNKNOWN,UNKNOWN,,UNKNOWN,,1.2857142857142858,1.0,6.428571428571429,1.2857142857142858,0.0,2.2,7.0,1.0,6.0,0.0,1.0,5.0,,,,0.0,0.5555555555555556,6.0,1.0,0.0,2.2,9.0,0.0,4.0,0.0,1.0,6.0,,,,True,True,UNKNOWN,False,False,,,,,,,,,,NPB,2024-04-05 18:00:00,1,,,0,
2021020041,2024-04-06 14:00:00,東京ヤクルトスワローズ,阪神タイガース,3.0,4.0,UNKNOWN,明治神宮野球場,unknown,low,False,False,1700137.0,2103794.0,[],[],,,,,0,light,2024-04-06 14:00:00+00:00,,UNKNOWN,,,,UNKNOWN,UNKNOWN,,UNKNOWN,,3.0,1.3333333333333333,6.0,4.5,0.0,3.3666666666666667,6.0,2.0,5.0,0.0,3.0,4.0,,,,6.0,1.3333333333333333,10.5,3.0,3.0,6.2,6.0,4.0,6.0,2.0,2.0,7.0,,,,True,True,UNKNOWN,False,False,,,,,,,,,,NPB,2024-04-06 14:00:00,1,,,0,
2021020042,2024-04-06 14:00:00,広島東洋カープ,中日ドラゴンズ,0.0,4.0,UNKNOWN,MAZDA Zoom-Zoom スタジアム広島,excluded,high,False,False,500014.0,2060065.0,[],[],,,,,0,light,2024-04-06 14:00:00+00:00,,UNKNOWN,,,,UNKNOWN,UNKNOWN,,UNKNOWN,,0.0,1.2631578947368425,4.2631578947368425,0.0,0.0,2.2526315789473683,6.333333333333333,0.0,8.0,0.0,0.0,3.0,,,,5.4,1.8,7.2,1.8,1.8,4.800000000000001,5.0,3.0,8.0,1.0,1.0,4.0,,,,True,True,UNKNOWN,False,False,,,,,,,,,,NPB,2024-04-06 14:00:00,1,,,0,
2021020043,2024-04-06 14:00:00,北海道日本ハムファイターズ,埼玉西武ライオンズ,2.0,5.0,UNKNOWN,ES CON FIELD HOKKAIDO,unknown,low,False,False,1751148.0,1500110.0,[],[],,,,,0,light,2024-04-06 14:00:00+00:00,,UNKNOWN,,,,UNKNOWN,UNKNOWN,,UNKNOWN,,0.0,0.7142857142857143,6.428571428571429,1.2857142857142858,0.0,2.2,7.0,0.0,4.0,0.0,1.0,5.0,,,,9.0,2.0,4.5,2.25,4.5,9.45,4.0,4.0,7.0,2.0,1.0,2.0,,,,True,True,UNKNOWN,False,False,,,,,,,,,,NPB,2024-04-06 14:00:00,1,,,0,
2021020044,2024-04-06 14:00:00,東北楽天ゴールデンイーグルス,福岡ソフトバンクホークス,4.0,5.0,UNKNOWN,楽天モバイルパーク宮城,unknown,low,False,False,1700011.0,2106793.0,[],[],,,,,0,light,2024-04-06 14:00:00+00:00,,UNKNOWN,,,,UNKNOWN,UNKNOWN,,UNKNOWN,,0.0,0.5,9.0,4.5,0.0,2.7,6.0,0.0,0.0,0.0,3.0,6.0,,,,1.2857142857142858,0.5714285714285714,10.285714285714286,3.857142857142857,0.0,2.2,7.0,1.0,1.0,0.0,3.0,8.0,,,,True,True,UNKNOWN,False,False,,,,,,,,,,NPB,2024-04-06 14:00:00,1,,,0,
2021020045,2024-04-06 14:00:00,千葉ロッテマリーンズ,オリックス・バファローズ,1.0,9.0,UNKNOWN,ZOZOマリンスタジアム,unknown,low,False,False,2108177.0,1600146.0,[],[],,,,,0,light,2024-04-06 14:00:00+00:00,,UNKNOWN,,,,UNKNOWN,UNKNOWN,,UNKNOWN,,1.2857142857142858,0.8571428571428571,7.714285714285714,1.2857142857142858,0.0,1.9142857142857144,7.0,1.0,5.0,0.0,1.0,6.0,,,,9.0,1.8,9.0,1.8,0.0,1.8000000000000005,5.0,5.0,8.0,0.0,1.0,5.0,,,,True,True,UNKNOWN,False,False,,,,,,,,,,NPB,2024-04-06 14:00:00,1,,,0,
2021020040,2024-04-06 18:00:00,読売ジャイアンツ,横浜DeNAベイスターズ,4.0,6.0,UNKNOWN,東京ドーム,excluded,high,False,False,1961374.0,1961407.0,[],[],,,,,0,light,2024-04-06 18:00:00+00:00,,UNKNOWN,,,,UNKNOWN,UNKNOWN,,UNKNOWN,,6.75,1.75,6.75,4.5,0.0,3.2,4.0,3.0,5.0,0.0,2.0,3.0,,,,2.25,0.75,2.25,0.0,0.0,2.7,4.0,1.0,3.0,0.0,0.0,1.0,,,,True,True,UNKNOWN,False,False,2024-04-06 09:00:00+00:00,,UNKNOWN,Open-Meteo Historical Forecast,FAIL_CLOSED_NO_ISSUANCE_TIMESTAMP,14.1,85.0,0.0,2.2,NPB,2024-04-06 18:00:00,1,,,0,
2021020040,2024-04-06 18:00:00,読売ジャイアンツ,横浜DeNAベイスターズ,4.0,6.0,UNKNOWN,東京ドーム,excluded,high,False,False,1961374.0,1961407.0,[],[],,,,,0,light,2024-04-06 18:00:00+00:00,,UNKNOWN,,,,UNKNOWN,UNKNOWN,,UNKNOWN,,6.75,1.75,6.75,4.5,0.0,3.2,4.0,3.0,5.0,0.0,2.0,3.0,,,,2.25,0.75,2.25,0.0,0.0,2.7,4.0,1.0,3.0,0.0,0.0,1.0,,,,True,True,UNKNOWN,False,False,2024-04-06 09:00:00+00:00,,UNKNOWN,Open-Meteo Historical Forecast,FAIL_CLOSED_NO_ISSUANCE_TIMESTAMP,14.1,85.0,0.0,2.2,NPB,2024-04-06 18:00:00,1,,,0,
2021020049,2024-04-07 13:00:00,北海道日本ハムファイターズ,埼玉西武ライオンズ,1.0,11.0,UNKNOWN,ES CON FIELD HOKKAIDO,unknown,low,False,False,1800080.0,1500109.0,[],[],,,,,0,light,2024-04-07 13:00:00+00:00,,UNKNOWN,,,,UNKNOWN,UNKNOWN,,UNKNOWN,,0.0,0.625,5.625,1.125,0.0,2.325,8.0,0.0,4.0,0.0,1.0,5.0,,,,9.0,1.6,5.4,3.6,0.0,3.2,5.0,5.0,6.0,0.0,2.0,3.0,,,,True,True,UNKNOWN,False,False,,,,,,,,,,NPB,2024-04-07 13:00:00,1,,,0,
2021020050,2024-04-07 13:00:00,東北楽天ゴールデンイーグルス,福岡ソフトバンクホークス,3.0,2.0,UNKNOWN,楽天モバイルパーク宮城,unknown,low,False,False,1900010.0,2000123.0,[],[],,,,,0,light,2024-04-07 13:00:00+00:00,,UNKNOWN,,,,UNKNOWN,UNKNOWN,,UNKNOWN,,3.176470588235294,1.9411764705882355,4.764705882352941,4.764705882352941,0.0,3.7294117647058815,5.666666666666667,2.0,8.0,0.0,3.0,3.0,,,,3.6,1.6,1.8,0.0,0.0,2.8000000000000003,5.0,2.0,8.0,0.0,0.0,1.0,,,,True,True,UNKNOWN,False,False,,,,,,,,,,NPB,2024-04-07 13:00:00,1,,,0,
2021020047,2024-04-07 13:30:00,東京ヤクルトスワローズ,阪神タイガース,3.0,1.0,UNKNOWN,明治神宮野球場,unknown,low,False,False,1600115.0,2060039.0,[],[],,,,,0,light,2024-04-07 13:30:00+00:00,,UNKNOWN,,,,UNKNOWN,UNKNOWN,,UNKNOWN,,3.0,0.8333333333333334,10.5,3.0,1.5,4.033333333333333,6.0,2.0,3.0,1.0,2.0,7.0,,,,1.588235294117647,1.4117647058823528,11.117647058823527,7.941176470588235,0.0,3.376470588235294,5.666666666666667,1.0,3.0,0.0,5.0,7.0,,,,True,True,UNKNOWN,False,False,,,,,,,,,,NPB,2024-04-07 13:30:00,1,,,0,
2021020048,2024-04-07 13:30:00,広島東洋カープ,中日ドラゴンズ,0.0,1.0,UNKNOWN,MAZDA Zoom-Zoom スタジアム広島,unknown,low,False,False,1660558.0,1750941.0,[],[],,,,,0,light,2024-04-07 13:30:00+00:00,,UNKNOWN,,,,UNKNOWN,UNKNOWN,,UNKNOWN,,0.0,0.4285714285714285,3.857142857142857,1.2857142857142858,0.0,2.771428571428572,7.0,0.0,2.0,0.0,1.0,3.0,,,,1.8,0.6,5.4,0.0,0.0,2.0,5.0,1.0,3.0,0.0,0.0,3.0,,,,True,True,UNKNOWN,False,False,,,,,,,,,,NPB,2024-04-07 13:30:00,1,,,0,
2021020046,2024-04-07 14:00:00,読売ジャイアンツ,横浜DeNAベイスターズ,3.0,0.0,UNKNOWN,東京ドーム,unknown,low,False,False,1800045.0,1700130.0,[],[],,,,,0,light,2024-04-07 14:00:00+00:00,,UNKNOWN,,,,UNKNOWN,UNKNOWN,,UNKNOWN,,0.0,1.0,5.4,1.8,0.0,2.6,5.0,0.0,4.0,0.0,1.0,3.0,,,,0.0,0.6666666666666666,4.5,1.5,0.0,2.7,6.0,0.0,3.0,0.0,1.0,3.0,,,,True,True,UNKNOWN,False,False,2024-04-07 05:00:00+00:00,,UNKNOWN,Open-Meteo Historical Forecast,FAIL_CLOSED_NO_ISSUANCE_TIMESTAMP,21.4,70.0,0.0,4.8,NPB,2024-04-07 14:00:00,1,,,0,
2021020046,2024-04-07 14:00:00,読売ジャイアンツ,横浜DeNAベイスターズ,3.0,0.0,UNKNOWN,東京ドーム,unknown,low,False,False,1800045.0,1700130.0,[],[],,,,,0,light,2024-04-07 14:00:00+00:00,,UNKNOWN,,,,UNKNOWN,UNKNOWN,,UNKNOWN,,0.0,1.0,5.4,1.8,0.0,2.6,5.0,0.0,4.0,0.0,1.0,3.0,,,,0.0,0.6666666666666666,4.5,1.5,0.0,2.7,6.0,0.0,3.0,0.0,1.0,3.0,,,,True,True,UNKNOWN,False,False,2024-04-07 05:00:00+00:00,,UNKNOWN,Open-Meteo Historical Forecast,FAIL_CLOSED_NO_ISSUANCE_TIMESTAMP,21.4,70.0,0.0,4.8,NPB,2024-04-07 14:00:00,1,,,0,
2021020051,2024-04-07 14:00:00,千葉ロッテマリーンズ,オリックス・バファローズ,5.0,2.0,UNKNOWN,ZOZOマリンスタジアム,unknown,low,False,False,1750595.0,1900080.0,[],[],,,,,0,light,2024-04-07 14:00:00+00:00,,UNKNOWN,,,,UNKNOWN,UNKNOWN,,UNKNOWN,,12.0,2.6666666666666665,12.0,6.0,0.0,2.5333333333333337,3.0,4.0,6.0,0.0,2.0,4.0,,,,2.571428571428572,0.7142857142857143,11.571428571428571,2.571428571428572,0.0,1.485714285714286,7.0,2.0,3.0,0.0,2.0,9.0,,,,True,True,UNKNOWN,False,False,,,,,,,,,,NPB,2024-04-07 14:00:00,1,,,0,
2021020052,2024-04-09 18:00:00,東京ヤクルトスワローズ,読売ジャイアンツ,1.0,3.0,UNKNOWN,平和リース球場,excluded,high,False,False,2000006.0,1500139.0,[],[],,,,,0,light,2024-04-09 18:00:00+00:00,,UNKNOWN,,,,UNKNOWN,UNKNOWN,,UNKNOWN,,1.588235294117647,1.588235294117647,6.352941176470588,4.764705882352941,0.0,3.376470588235294,5.666666666666667,1.0,6.0,0.0,3.0,4.0,,,,3.6,1.8,10.8,5.4,0.0,2.6,5.0,2.0,6.0,0.0,3.0,6.0,,,,True,True,UNKNOWN,False,False,,,,,,,,,,NPB,2024-04-09 18:00:00,1,,,0,
2021020053,2024-04-09 18:00:00,横浜DeNAベイスターズ,中日ドラゴンズ,1.0,3.0,UNKNOWN,横浜スタジアム,unknown,low,False,False,1500074.0,2103904.0,[],[],,,,,0,light,2024-04-09 18:00:00+00:00,,UNKNOWN,,,,UNKNOWN,UNKNOWN,,UNKNOWN,,1.2857142857142858,0.7142857142857143,1.2857142857142858,0.0,0.0,2.9142857142857146,7.0,1.0,5.0,0.0,0.0,1.0,,,,5.4,1.6,5.4,7.2,0.0,4.4,5.0,3.0,4.0,0.0,4.0,3.0,,,,True,True,UNKNOWN,False,False,,,,,,,,,,NPB,2024-04-09 18:00:00,1,,,0,
2021020054,2024-04-09 18:00:00,阪神タイガース,広島東洋カープ,1.0,0.0,UNKNOWN,阪神甲子園球場,unknown,low,False,False,1600123.0,2000055.0,[],[],,,,,0,light,2024-04-09 18:00:00+00:00,,UNKNOWN,,,,UNKNOWN,UNKNOWN,,UNKNOWN,,1.2857142857142858,1.4285714285714286,6.428571428571429,2.571428571428572,0.0,2.628571428571429,7.0,1.0,8.0,0.0,2.0,5.0,,,,0.0,0.4285714285714285,10.285714285714286,1.2857142857142858,0.0,1.342857142857143,7.0,0.0,2.0,0.0,1.0,8.0,,,,True,True,UNKNOWN,False,False,,,,,,,,,,NPB,2024-04-09 18:00:00,1,,,0,
2021020055,2024-04-09 18:00:00,埼玉西武ライオンズ,千葉ロッテマリーンズ,0.0,5.0,UNKNOWN,埼玉県営大宮公園野球場,unknown,low,False,False,900081.0,1700124.0,[],[],,,,,0,light,2024-04-09 18:00:00+00:00,,UNKNOWN,,,,UNKNOWN,UNKNOWN,,UNKNOWN,,0.0,0.7142857142857143,6.428571428571429,0.0,0.0,1.7714285714285716,7.0,0.0,5.0,0.0,0.0,5.0,,,,1.2857142857142858,1.1428571428571428,10.285714285714286,1.2857142857142858,0.0,1.342857142857143,7.0,1.0,7.0,0.0,1.0,8.0,,,,True,True,UNKNOWN,False,False,,,,,,,,,,NPB,2024-04-09 18:00:00,1,,,0,
2021020056,2024-04-09 18:00:00,オリックス・バファローズ,東北楽天ゴールデンイーグルス,5.0,4.0,UNKNOWN,京セラドーム大阪,unknown,low,False,False,1961850.0,1700109.0,[],[],,,,,0,light,2024-04-09 18:00:00+00:00,,UNKNOWN,,,,UNKNOWN,UNKNOWN,,UNKNOWN,,7.2,2.0,1.8,1.8,0.0,3.4000000000000004,5.0,4.0,9.0,0.0,1.0,1.0,,,,3.6,1.6,7.2,3.6,0.0,2.8000000000000003,5.0,2.0,6.0,0.0,2.0,4.0,,,,True,True,UNKNOWN,False,False,,,,,,,,,,NPB,2024-04-09 18:00:00,1,,,0,
2021020057,2024-04-09 18:00:00,福岡ソフトバンクホークス,北海道日本ハムファイターズ,2.0,4.0,UNKNOWN,リブワーク藤崎台球場,unknown,low,False,False,1400195.0,1400117.0,[],[],,,,,0,light,2024-04-09 18:00:00+00:00,,UNKNOWN,,,,UNKNOWN,UNKNOWN,,UNKNOWN,,3.0,1.6666666666666667,7.5,1.5,1.5,4.2,6.0,2.0,9.0,1.0,1.0,5.0,,,,5.142857142857143,1.2857142857142858,9.0,1.2857142857142858,0.0,1.6285714285714288,7.0,4.0,8.0,0.0,1.0,7.0,,,,True,True,UNKNOWN,False,False,,,,,,,,,,NPB,2024-04-09 18:00:00,1,,,0,
2021020058,2024-04-10 18:00:00,横浜DeNAベイスターズ,中日ドラゴンズ,1.0,6.0,UNKNOWN,横浜スタジアム,excluded,high,False,False,1200098.0,2100345.0,[],[],,,,,0,light,2024-04-10 18:00:00+00:00,,UNKNOWN,,,,UNKNOWN,UNKNOWN,,UNKNOWN,,1.588235294117647,0.7058823529411764,3.176470588235294,3.176470588235294,0.0,3.5529411764705885,5.666666666666667,1.0,2.0,0.0,2.0,2.0,,,,16.875,3.75,10.125,10.125,0.0,4.325,2.6666666666666665,5.0,7.0,0.0,3.0,3.0,,,,True,True,UNKNOWN,False,False,,,,,,,,,,NPB,2024-04-10 18:00:00,1,,,0,
2021020059,2024-04-10 18:00:00,阪神タイガース,広島東洋カープ,2.0,6.0,UNKNOWN,阪神甲子園球場,climax,high,False,True,1600125.0,2000052.0,[],[],,,,,0,light,2024-04-10 18:00:00+00:00,,UNKNOWN,,,,UNKNOWN,UNKNOWN,,UNKNOWN,,3.176470588235294,1.2352941176470589,14.294117647058822,1.588235294117647,1.588235294117647,2.847058823529412,5.666666666666667,2.0,6.0,1.0,1.0,9.0,,,,27.0,4.0,0.0,0.0,0.0,3.2,2.0,6.0,8.0,0.0,0.0,0.0,,,,True,True,UNKNOWN,False,False,,,,,,,,,,NPB,2024-04-10 18:00:00,1,,,0,
2021020060,2024-04-10 18:00:00,埼玉西武ライオンズ,千葉ロッテマリーンズ,2.0,3.0,UNKNOWN,ベルーナドーム,unknown,low,False,False,1700002.0,2105080.0,[],[],,,,,0,light,2024-04-10 18:00:00+00:00,,UNKNOWN,,,,UNKNOWN,UNKNOWN,,UNKNOWN,,0.0,1.0,3.6,1.8,0.0,3.0,5.0,0.0,4.0,0.0,1.0,2.0,,,,2.571428571428572,0.7142857142857143,3.857142857142857,1.2857142857142858,0.0,2.771428571428572,7.0,2.0,4.0,0.0,1.0,3.0,,,,True,True,UNKNOWN,False,False,2024-04-10 09:00:00+00:00,,UNKNOWN,Open-Meteo Historical Forecast,FAIL_CLOSED_NO_ISSUANCE_TIMESTAMP,12.6,44.0,0.0,5.1,NPB,2024-04-10 18:00:00,1,,,0,
2021020060,2024-04-10 18:00:00,埼玉西武ライオンズ,千葉ロッテマリーンズ,2.0,3.0,UNKNOWN,ベルーナドーム,unknown,low,False,False,1700002.0,2105080.0,[],[],,,,,0,light,2024-04-10 18:00:00+00:00,,UNKNOWN,,,,UNKNOWN,UNKNOWN,,UNKNOWN,,0.0,1.0,3.6,1.8,0.0,3.0,5.0,0.0,4.0,0.0,1.0,2.0,,,,2.571428571428572,0.7142857142857143,3.857142857142857,1.2857142857142858,0.0,2.771428571428572,7.0,2.0,4.0,0.0,1.0,3.0,,,,True,True,UNKNOWN,False,False,2024-04-10 09:00:00+00:00,,UNKNOWN,Open-Meteo Historical Forecast,FAIL_CLOSED_NO_ISSUANCE_TIMESTAMP,12.6,44.0,0.0,5.1,NPB,2024-04-10 18:00:00,1,,,0,
2021020061,2024-04-10 18:00:00,オリックス・バファローズ,東北楽天ゴールデンイーグルス,4.0,5.0,UNKNOWN,京セラドーム大阪,unknown,low,False,False,700065.0,1750543.0,[],[],,,,,0,light,2024-04-10 18:00:00+00:00,,UNKNOWN,,,,UNKNOWN,UNKNOWN,,UNKNOWN,,3.0,1.5,3.0,3.0,1.5,5.7,6.0,2.0,7.0,1.0,2.0,2.0,,,,7.7142857142857135,1.5,5.785714285714286,3.8571428571428568,0.0,3.2,4.666666666666667,4.0,5.0,0.0,2.0,3.0,,,,True,True,UNKNOWN,False,False,,,,,,,,,,NPB,2024-04-10 18:00:00,1,,,0,
2021020062,2024-04-11 18:00:00,東京ヤクルトスワローズ,読売ジャイアンツ,0.0,5.0,UNKNOWN,明治神宮野球場,unknown,low,False,False,1200041.0,1500042.0,[],[],,,,,0,light,2024-04-11 18:00:00+00:00,,UNKNOWN,,,,UNKNOWN,UNKNOWN,,UNKNOWN,,0.0,0.8333333333333334,6.0,3.0,0.0,2.8666666666666667,6.0,0.0,3.0,0.0,2.0,4.0,,,,1.5,1.5,13.5,7.5,0.0,2.7,6.0,1.0,4.0,0.0,5.0,9.0,,,,True,True,UNKNOWN,False,False,,,,,,,,,,NPB,2024-04-11 18:00:00,1,,,0,
2021020063,2024-04-11 18:00:00,阪神タイガース,広島東洋カープ,0.0,1.0,UNKNOWN,阪神甲子園球場,unknown,low,False,False,1300057.0,900062.0,[],[],,,,,0,light,2024-04-11 18:00:00+00:00,,UNKNOWN,,,,UNKNOWN,UNKNOWN,,UNKNOWN,,0.0,0.5714285714285714,6.428571428571429,0.0,0.0,1.7714285714285716,7.0,0.0,4.0,0.0,0.0,5.0,,,,0.0,0.625,6.75,0.0,0.0,1.7000000000000002,8.0,0.0,5.0,0.0,0.0,6.0,,,,True,True,UNKNOWN,False,False,,,,,,,,,,NPB,2024-04-11 18:00:00,1,,,0,
2021020064,2024-04-11 18:00:00,オリックス・バファローズ,東北楽天ゴールデンイーグルス,2.0,1.0,UNKNOWN,京セラドーム大阪,unknown,low,False,False,2000126.0,2000096.0,[],[],,,,,0,light,2024-04-11 18:00:00+00:00,,UNKNOWN,,,,UNKNOWN,UNKNOWN,,UNKNOWN,,1.5,1.0,3.0,1.5,1.5,5.2,6.0,1.0,5.0,1.0,1.0,2.0,,,,0.0,1.8,10.8,3.6,0.0,2.0,5.0,0.0,7.0,0.0,2.0,6.0,,,,True,True,UNKNOWN,False,False,,,,,,,,,,NPB,2024-04-11 18:00:00,1,,,0,
2021020065,2024-04-11 18:00:00,福岡ソフトバンクホークス,北海道日本ハムファイターズ,6.0,3.0,UNKNOWN,北九州市民球場,unknown,low,False,False,1750903.0,1900106.0,[],[],,,,,0,light,2024-04-11 18:00:00+00:00,,UNKNOWN,,,,UNKNOWN,UNKNOWN,,UNKNOWN,,4.764705882352941,1.2352941176470589,15.88235294117647,6.352941176470588,0.0,1.7882352941176474,5.666666666666667,3.0,3.0,0.0,4.0,10.0,,,,6.75,2.25,9.0,6.75,4.5,9.95,4.0,3.0,6.0,2.0,3.0,4.0,,,,True,True,UNKNOWN,False,False,,,,,,,,,,NPB,2024-04-11 18:00:00,1,,,0,
2021020067,2024-04-12 17:45:00,横浜DeNAベイスターズ,東京ヤクルトスワローズ,3.0,1.0,UNKNOWN,横浜スタジアム,unknown,low,False,False,2000139.0,1700058.0,[],[],,,,,0,light,2024-04-12 17:45:00+00:00,,UNKNOWN,,,,UNKNOWN,UNKNOWN,,UNKNOWN,,5.4,2.4,7.2,5.4,0.0,3.4000000000000004,5.0,3.0,9.0,0.0,3.0,4.0,,,,1.5,0.6666666666666666,4.5,1.5,0.0,2.7,6.0,1.0,3.0,0.0,1.0,3.0,,,,True,True,UNKNOWN,False,False,,,,,,,,,,NPB,2024-04-12 17:45:00,1,,,0,
2021020066,2024-04-12 18:00:00,読売ジャイアンツ,広島東洋カープ,9.0,4.0,UNKNOWN,東京ドーム,unknown,low,False,False,1300058.0,1800028.0,[],[],,,,,0,light,2024-04-12 18:00:00+00:00,,UNKNOWN,,,,UNKNOWN,UNKNOWN,,UNKNOWN,,14.294117647058822,1.588235294117647,7.941176470588235,1.588235294117647,3.176470588235294,6.552941176470588,5.666666666666667,9.0,8.0,2.0,1.0,5.0,,,,7.2,1.6,16.2,0.0,1.8,2.2,5.0,4.0,8.0,1.0,0.0,9.0,,,,True,True,UNKNOWN,False,False,2024-04-12 09:00:00+00:00,,UNKNOWN,Open-Meteo Historical Forecast,FAIL_CLOSED_NO_ISSUANCE_TIMESTAMP,14.5,83.0,0.0,5.9,NPB,2024-04-12 18:00:00,1,,,0,
2021020066,2024-04-12 18:00:00,読売ジャイアンツ,広島東洋カープ,9.0,4.0,UNKNOWN,東京ドーム,unknown,low,False,False,1300058.0,1800028.0,[],[],,,,,0,light,2024-04-12 18:00:00+00:00,,UNKNOWN,,,,UNKNOWN,UNKNOWN,,UNKNOWN,,14.294117647058822,1.588235294117647,7.941176470588235,1.588235294117647,3.176470588235294,6.552941176470588,5.666666666666667,9.0,8.0,2.0,1.0,5.0,,,,7.2,1.6,16.2,0.0,1.8,2.2,5.0,4.0,8.0,1.0,0.0,9.0,,,,True,True,UNKNOWN,False,False,2024-04-12 09:00:00+00:00,,UNKNOWN,Open-Meteo Historical Forecast,FAIL_CLOSED_NO_ISSUANCE_TIMESTAMP,14.5,83.0,0.0,5.9,NPB,2024-04-12 18:00:00,1,,,0,
2021020068,2024-04-12 18:00:00,中日ドラゴンズ,阪神タイガース,2.0,2.0,UNKNOWN,バンテリンドーム ナゴヤ,unknown,low,False,False,1500090.0,1600106.0,[],[],,,,,0,light,2024-04-12 18:00:00+00:00,,UNKNOWN,,,,UNKNOWN,UNKNOWN,,UNKNOWN,,2.571428571428572,0.8571428571428571,7.714285714285714,0.0,0.0,1.485714285714286,7.0,2.0,6.0,0.0,0.0,6.0,,,,0.0,0.2857142857142857,2.571428571428572,0.0,0.0,2.628571428571429,7.0,0.0,2.0,0.0,0.0,2.0,,,,True,True,UNKNOWN,False,False,,,,,,,,,,NPB,2024-04-12 18:00:00,1,,,0,
2021020069,2024-04-12 18:00:00,東北楽天ゴールデンイーグルス,千葉ロッテマリーンズ,5.0,2.0,UNKNOWN,楽天モバイルパーク宮城,unknown,low,False,False,1800052.0,2000121.0,[],[],,,,,0,light,2024-04-12 18:00:00+00:00,,UNKNOWN,,,,UNKNOWN,UNKNOWN,,UNKNOWN,,5.4,2.0,16.2,5.4,1.8,4.0,5.0,3.0,7.0,1.0,3.0,9.0,,,,1.588235294117647,1.9411764705882355,12.705882352941176,4.764705882352941,1.588235294117647,4.258823529411765,5.666666666666667,1.0,8.0,1.0,3.0,8.0,,,,True,True,UNKNOWN,False,False,,,,,,,,,,NPB,2024-04-12 18:00:00,1,,,0,
2021020070,2024-04-12 18:00:00,埼玉西武ライオンズ,福岡ソフトバンクホークス,1.0,2.0,UNKNOWN,ベルーナドーム,unknown,low,False,False,1200106.0,1600127.0,[],[],,,,,0,light,2024-04-12 18:00:00+00:00,,UNKNOWN,,,,UNKNOWN,UNKNOWN,,UNKNOWN,,1.2857142857142858,0.7142857142857143,10.285714285714286,3.857142857142857,0.0,2.2,7.0,1.0,2.0,0.0,3.0,8.0,,,,0.0,1.0,12.857142857142858,3.857142857142857,0.0,1.6285714285714288,7.0,0.0,4.0,0.0,3.0,10.0,,,,True,True,UNKNOWN,False,False,2024-04-12 09:00:00+00:00,,UNKNOWN,Open-Meteo Historical Forecast,FAIL_CLOSED_NO_ISSUANCE_TIMESTAMP,14.8,78.0,0.0,5.5,NPB,2024-04-12 18:00:00,1,,,0,
2021020070,2024-04-12 18:00:00,埼玉西武ライオンズ,福岡ソフトバンクホークス,1.0,2.0,UNKNOWN,ベルーナドーム,unknown,low,False,False,1200106.0,1600127.0,[],[],,,,,0,light,2024-04-12 18:00:00+00:00,,UNKNOWN,,,,UNKNOWN,UNKNOWN,,UNKNOWN,,1.2857142857142858,0.7142857142857143,10.285714285714286,3.857142857142857,0.0,2.2,7.0,1.0,2.0,0.0,3.0,8.0,,,,0.0,1.0,12.857142857142858,3.857142857142857,0.0,1.6285714285714288,7.0,0.0,4.0,0.0,3.0,10.0,,,,True,True,UNKNOWN,False,False,2024-04-12 09:00:00+00:00,,UNKNOWN,Open-Meteo Historical Forecast,FAIL_CLOSED_NO_ISSUANCE_TIMESTAMP,14.8,78.0,0.0,5.5,NPB,2024-04-12 18:00:00,1,,,0,
2021020071,2024-04-12 18:00:00,オリックス・バファローズ,北海道日本ハムファイターズ,0.0,1.0,UNKNOWN,京セラドーム大阪,unknown,low,False,False,2000079.0,1700118.0,[],[],,,,,0,light,2024-04-12 18:00:00+00:00,,UNKNOWN,,,,UNKNOWN,UNKNOWN,,UNKNOWN,,0.0,0.6666666666666666,9.0,1.5,0.0,1.7000000000000002,6.0,0.0,3.0,0.0,1.0,6.0,,,,0.0,0.2857142857142857,6.428571428571429,1.2857142857142858,0.0,2.2,7.0,0.0,1.0,0.0,1.0,5.0,,,,True,True,UNKNOWN,False,False,,,,,,,,,,NPB,2024-04-12 18:00:00,1,,,0,
2021020072,2024-04-13 14:00:00,読売ジャイアンツ,広島東洋カープ,3.0,2.0,UNKNOWN,東京ドーム,unknown,low,False,False,1900052.0,1900016.0,[],[],,,,,0,light,2024-04-13 14:00:00+00:00,,UNKNOWN,,,,UNKNOWN,UNKNOWN,,UNKNOWN,,1.5,1.0,7.5,1.5,0.0,2.033333333333333,6.0,1.0,5.0,0.0,1.0,5.0,,,,0.0,1.5,4.5,4.5,0.0,3.7,4.0,0.0,4.0,0.0,2.0,2.0,,,,True,True,UNKNOWN,False,False,2024-04-13 05:00:00+00:00,,UNKNOWN,Open-Meteo Historical Forecast,FAIL_CLOSED_NO_ISSUANCE_TIMESTAMP,23.0,45.0,0.0,5.2,NPB,2024-04-13 14:00:00,1,,,0,
2021020072,2024-04-13 14:00:00,読売ジャイアンツ,広島東洋カープ,3.0,2.0,UNKNOWN,東京ドーム,unknown,low,False,False,1900052.0,1900016.0,[],[],,,,,0,light,2024-04-13 14:00:00+00:00,,UNKNOWN,,,,UNKNOWN,UNKNOWN,,UNKNOWN,,1.5,1.0,7.5,1.5,0.0,2.033333333333333,6.0,1.0,5.0,0.0,1.0,5.0,,,,0.0,1.5,4.5,4.5,0.0,3.7,4.0,0.0,4.0,0.0,2.0,2.0,,,,True,True,UNKNOWN,False,False,2024-04-13 05:00:00+00:00,,UNKNOWN,Open-Meteo Historical Forecast,FAIL_CLOSED_NO_ISSUANCE_TIMESTAMP,23.0,45.0,0.0,5.2,NPB,2024-04-13 14:00:00,1,,,0,
2021020073,2024-04-13 14:00:00,横浜DeNAベイスターズ,東京ヤクルトスワローズ,2.0,5.0,UNKNOWN,横浜スタジアム,unknown,low,False,False,2103794.0,1961374.0,[],[],,,,,0,light,2024-04-13 14:00:00+00:00,,UNKNOWN,,,,UNKNOWN,UNKNOWN,,UNKNOWN,,1.5,1.5,7.5,3.0,0.0,2.5333333333333337,6.0,1.0,7.0,0.0,2.0,5.0,,,,4.764705882352941,1.0588235294117647,9.529411764705882,3.176470588235294,0.0,2.141176470588236,5.666666666666667,3.0,4.0,0.0,2.0,6.0,,,,True,True,UNKNOWN,False,False,,,,,,,,,,NPB,2024-04-13 14:00:00,1,,,0,
2021020074,2024-04-13 14:00:00,中日ドラゴンズ,阪神タイガース,5.0,2.0,UNKNOWN,バンテリンドーム ナゴヤ,unknown,low,False,False,1700137.0,1660558.0,[],[],,,,,0,light,2024-04-13 14:00:00+00:00,,UNKNOWN,,,,UNKNOWN,UNKNOWN,,UNKNOWN,,7.2,1.6,5.4,1.8,0.0,2.6,5.0,4.0,7.0,0.0,1.0,3.0,,,,3.0,1.0,4.5,4.5,0.0,3.7,6.0,2.0,3.0,0.0,3.0,3.0,,,,True,True,UNKNOWN,False,False,,,,,,,,,,NPB,2024-04-13 14:00:00,1,,,0,
2021020075,2024-04-13 14:00:00,東北楽天ゴールデンイーグルス,千葉ロッテマリーンズ,2.0,2.0,UNKNOWN,楽天モバイルパーク宮城,unknown,low,False,False,1600146.0,2112172.0,[],[],,,,,0,light,2024-04-13 14:00:00+00:00,,UNKNOWN,,,,UNKNOWN,UNKNOWN,,UNKNOWN,,1.2857142857142858,1.2857142857142858,7.714285714285714,3.857142857142857,0.0,2.771428571428572,7.0,1.0,6.0,0.0,3.0,6.0,,,,2.25,1.0,4.5,2.25,0.0,2.95,4.0,1.0,3.0,0.0,1.0,2.0,,,,True,True,UNKNOWN,False,False,,,,,,,,,,NPB,2024-04-13 14:00:00,1,,,0,
2021020076,2024-04-13 14:00:00,埼玉西武ライオンズ,福岡ソフトバンクホークス,2.0,11.0,UNKNOWN,ベルーナドーム,unknown,low,False,False,1700011.0,1751148.0,[],[],,,,,0,light,2024-04-13 14:00:00+00:00,,UNKNOWN,,,,UNKNOWN,UNKNOWN,,UNKNOWN,,0.0,0.5,7.875,1.125,0.0,1.825,8.0,0.0,3.0,0.0,1.0,7.0,,,,5.785714285714286,2.357142857142857,11.571428571428571,7.7142857142857135,0.0,3.2,4.666666666666667,3.0,7.0,0.0,4.0,6.0,,,,True,True,UNKNOWN,False,False,2024-04-13 05:00:00+00:00,,UNKNOWN,Open-Meteo Historical Forecast,FAIL_CLOSED_NO_ISSUANCE_TIMESTAMP,21.3,47.0,0.0,7.0,NPB,2024-04-13 14:00:00,1,,,0,
2021020076,2024-04-13 14:00:00,埼玉西武ライオンズ,福岡ソフトバンクホークス,2.0,11.0,UNKNOWN,ベルーナドーム,unknown,low,False,False,1700011.0,1751148.0,[],[],,,,,0,light,2024-04-13 14:00:00+00:00,,UNKNOWN,,,,UNKNOWN,UNKNOWN,,UNKNOWN,,0.0,0.5,7.875,1.125,0.0,1.825,8.0,0.0,3.0,0.0,1.0,7.0,,,,5.785714285714286,2.357142857142857,11.571428571428571,7.7142857142857135,0.0,3.2,4.666666666666667,3.0,7.0,0.0,4.0,6.0,,,,True,True,UNKNOWN,False,False,2024-04-13 05:00:00+00:00,,UNKNOWN,Open-Meteo Historical Forecast,FAIL_CLOSED_NO_ISSUANCE_TIMESTAMP,21.3,47.0,0.0,7.0,NPB,2024-04-13 14:00:00,1,,,0,
2021020077,2024-04-13 14:00:00,オリックス・バファローズ,北海道日本ハムファイターズ,5.0,1.0,UNKNOWN,京セラドーム大阪,unknown,low,False,False,1500110.0,1900087.0,[],[],,,,,0,light,2024-04-13 14:00:00+00:00,,UNKNOWN,,,,UNKNOWN,UNKNOWN,,UNKNOWN,,1.6875,1.125,5.0625,1.6875,0.0,2.6375,5.333333333333333,1.0,5.0,0.0,1.0,3.0,,,,0.0,1.0,7.875,2.25,0.0,2.2,8.0,0.0,6.0,0.0,2.0,7.0,,,,True,True,UNKNOWN,False,False,,,,,,,,,,NPB,2024-04-13 14:00:00,1,,,0,
2021020081,2024-04-14 13:00:00,東北楽天ゴールデンイーグルス,千葉ロッテマリーンズ,2.0,9.0,UNKNOWN,楽天モバイルパーク宮城,unknown,low,False,False,1900080.0,2000123.0,[],[],,,,,0,light,2024-04-14 13:00:00+00:00,,UNKNOWN,,,,UNKNOWN,UNKNOWN,,UNKNOWN,,1.2857142857142858,0.8571428571428571,9.0,3.857142857142857,1.2857142857142858,4.342857142857143,7.0,1.0,3.0,1.0,3.0,7.0,,,,13.5,2.75,9.0,4.5,0.0,2.7,4.0,6.0,9.0,0.0,2.0,4.0,,,,True,True,UNKNOWN,False,False,,,,,,,,,,NPB,2024-04-14 13:00:00,1,,,0,
2021020082,2024-04-14 13:00:00,埼玉西武ライオンズ,福岡ソフトバンクホークス,1.0,4.0,UNKNOWN,ベルーナドーム,excluded,high,False,False,1550517.0,1400182.0,[],[],,,,,0,light,2024-04-14 13:00:00+00:00,,UNKNOWN,,,,UNKNOWN,UNKNOWN,,UNKNOWN,,1.2857142857142858,0.8571428571428571,6.428571428571429,1.2857142857142858,1.2857142857142858,4.057142857142857,7.0,1.0,5.0,1.0,1.0,5.0,,,,6.0,2.0,7.5,4.5,0.0,3.0333333333333337,6.0,4.0,9.0,0.0,3.0,5.0,,,,True,True,UNKNOWN,False,False,2024-04-14 04:00:00+00:00,,UNKNOWN,Open-Meteo Historical Forecast,FAIL_CLOSED_NO_ISSUANCE_TIMESTAMP,22.4,48.0,0.0,5.1,NPB,2024-04-14 13:00:00,1,,,0,
2021020082,2024-04-14 13:00:00,埼玉西武ライオンズ,福岡ソフトバンクホークス,1.0,4.0,UNKNOWN,ベルーナドーム,excluded,high,False,False,1550517.0,1400182.0,[],[],,,,,0,light,2024-04-14 13:00:00+00:00,,UNKNOWN,,,,UNKNOWN,UNKNOWN,,UNKNOWN,,1.2857142857142858,0.8571428571428571,6.428571428571429,1.2857142857142858,1.2857142857142858,4.057142857142857,7.0,1.0,5.0,1.0,1.0,5.0,,,,6.0,2.0,7.5,4.5,0.0,3.0333333333333337,6.0,4.0,9.0,0.0,3.0,5.0,,,,True,True,UNKNOWN,False,False,2024-04-14 04:00:00+00:00,,UNKNOWN,Open-Meteo Historical Forecast,FAIL_CLOSED_NO_ISSUANCE_TIMESTAMP,22.4,48.0,0.0,5.1,NPB,2024-04-14 13:00:00,1,,,0,
2021020080,2024-04-14 13:30:00,中日ドラゴンズ,阪神タイガース,1.0,2.0,UNKNOWN,バンテリンドーム ナゴヤ,unknown,low,False,False,1600115.0,1800060.0,[],[],,,,,0,light,2024-04-14 13:30:00+00:00,,UNKNOWN,,,,UNKNOWN,UNKNOWN,,UNKNOWN,,1.2857142857142858,0.7142857142857143,5.142857142857143,1.2857142857142858,0.0,2.4857142857142858,7.0,1.0,4.0,0.0,1.0,4.0,,,,2.25,0.875,14.625,3.375,0.0,1.0750000000000002,8.0,2.0,4.0,0.0,3.0,13.0,,,,True,True,UNKNOWN,False,False,,,,,,,,,,NPB,2024-04-14 13:30:00,1,,,0,
2021020078,2024-04-14 14:00:00,読売ジャイアンツ,広島東洋カープ,2.0,1.0,UNKNOWN,東京ドーム,unknown,low,False,False,2060065.0,1700130.0,[],[],,,,,0,light,2024-04-14 14:00:00+00:00,,UNKNOWN,,,,UNKNOWN,UNKNOWN,,UNKNOWN,,3.0,1.1666666666666667,7.5,4.5,1.5,5.2,6.0,2.0,4.0,1.0,3.0,5.0,,,,1.2857142857142858,0.2857142857142857,5.142857142857143,0.0,0.0,2.0571428571428574,7.0,1.0,2.0,0.0,0.0,4.0,,,,True,True,UNKNOWN,False,False,2024-04-14 05:00:00+00:00,,UNKNOWN,Open-Meteo Historical Forecast,FAIL_CLOSED_NO_ISSUANCE_TIMESTAMP,23.2,47.0,0.0,4.2,NPB,2024-04-14 14:00:00,1,,,0,
2021020078,2024-04-14 14:00:00,読売ジャイアンツ,広島東洋カープ,2.0,1.0,UNKNOWN,東京ドーム,unknown,low,False,False,2060065.0,1700130.0,[],[],,,,,0,light,2024-04-14 14:00:00+00:00,,UNKNOWN,,,,UNKNOWN,UNKNOWN,,UNKNOWN,,3.0,1.1666666666666667,7.5,4.5,1.5,5.2,6.0,2.0,4.0,1.0,3.0,5.0,,,,1.2857142857142858,0.2857142857142857,5.142857142857143,0.0,0.0,2.0571428571428574,7.0,1.0,2.0,0.0,0.0,4.0,,,,True,True,UNKNOWN,False,False,2024-04-14 05:00:00+00:00,,UNKNOWN,Open-Meteo Historical Forecast,FAIL_CLOSED_NO_ISSUANCE_TIMESTAMP,23.2,47.0,0.0,4.2,NPB,2024-04-14 14:00:00,1,,,0,
2021020079,2024-04-14 14:00:00,横浜DeNAベイスターズ,東京ヤクルトスワローズ,0.0,9.0,UNKNOWN,横浜スタジアム,unknown,low,False,False,2060039.0,1800045.0,[],[],,,,,0,light,2024-04-14 14:00:00+00:00,,UNKNOWN,,,,UNKNOWN,UNKNOWN,,UNKNOWN,,0.0,1.1666666666666667,7.5,3.0,0.0,2.5333333333333337,6.0,0.0,5.0,0.0,2.0,5.0,,,,3.375,1.5,8.4375,5.0625,1.6875,5.45,5.333333333333333,2.0,5.0,1.0,3.0,5.0,,,,True,True,UNKNOWN,False,False,,,,,,,,,,NPB,2024-04-14 14:00:00,1,,,0,
2021020083,2024-04-14 14:00:00,オリックス・バファローズ,北海道日本ハムファイターズ,6.0,3.0,UNKNOWN,京セラドーム大阪,excluded,high,False,False,2000083.0,2101291.0,[],[],,,,,0,light,2024-04-14 14:00:00+00:00,,UNKNOWN,,,,UNKNOWN,UNKNOWN,,UNKNOWN,,13.5,3.5,9.0,18.0,0.0,7.2,2.0,3.0,3.0,0.0,4.0,2.0,,,,4.5,1.0,12.0,1.5,1.5,3.2,6.0,3.0,5.0,1.0,1.0,8.0,,,,True,True,UNKNOWN,False,False,,,,,,,,,,NPB,2024-04-14 14:00:00,1,,,0,
2021020084,2024-04-16 18:00:00,中日ドラゴンズ,東京ヤクルトスワローズ,3.0,2.0,UNKNOWN,バンテリンドーム ナゴヤ,excluded,high,False,False,12113.0,1500074.0,[],[],,,,,0,light,2024-04-16 18:00:00+00:00,,UNKNOWN,,,,UNKNOWN,UNKNOWN,,UNKNOWN,,0.0,1.2,3.6,0.0,0.0,2.4000000000000004,5.0,0.0,6.0,0.0,0.0,2.0,,,,2.7,0.75,6.75,0.0,0.0,1.7000000000000002,6.666666666666667,2.0,5.0,0.0,0.0,5.0,,,,True,True,UNKNOWN,False,False,,,,,,,,,,NPB,2024-04-16 18:00:00,1,,,0,
2021020085,2024-04-16 18:00:00,阪神タイガース,読売ジャイアンツ,1.0,1.0,UNKNOWN,阪神甲子園球場,unknown,low,False,False,2000006.0,2000055.0,[],[],,,,,0,light,2024-04-16 18:00:00+00:00,,UNKNOWN,,,,UNKNOWN,UNKNOWN,,UNKNOWN,,1.2857142857142858,1.0,5.142857142857143,2.571428571428572,0.0,2.9142857142857146,7.0,1.0,5.0,0.0,2.0,4.0,,,,1.2857142857142858,1.0,12.857142857142858,2.571428571428572,0.0,1.2000000000000002,7.0,1.0,5.0,0.0,2.0,10.0,,,,True,True,UNKNOWN,False,False,,,,,,,,,,NPB,2024-04-16 18:00:00,1,,,0,
2021020086,2024-04-16 18:00:00,広島東洋カープ,横浜DeNAベイスターズ,11.0,2.0,UNKNOWN,MAZDA Zoom-Zoom スタジアム広島,unknown,low,False,False,2103904.0,1600123.0,[],[],,,,,0,light,2024-04-16 18:00:00+00:00,,UNKNOWN,,,,UNKNOWN,UNKNOWN,,UNKNOWN,,27.0,4.125,3.375,13.5,3.375,11.825,2.6666666666666665,8.0,7.0,1.0,4.0,1.0,,,,2.571428571428572,1.0,2.571428571428572,1.2857142857142858,1.2857142857142858,4.914285714285715,7.0,2.0,6.0,1.0,1.0,2.0,,,,True,True,UNKNOWN,False,False,,,,,,,,,,NPB,2024-04-16 18:00:00,1,,,0,
2021020087,2024-04-16 18:00:00,北海道日本ハムファイターズ,福岡ソフトバンクホークス,5.0,1.0,UNKNOWN,ES CON FIELD HOKKAIDO,unknown,low,False,False,1400117.0,1400195.0,[],[],,,,,0,light,2024-04-16 18:00:00+00:00,,UNKNOWN,,,,UNKNOWN,UNKNOWN,,UNKNOWN,,3.857142857142857,0.7142857142857143,5.142857142857143,1.2857142857142858,1.2857142857142858,4.342857142857143,7.0,3.0,4.0,1.0,1.0,4.0,,,,1.2857142857142858,1.0,7.714285714285714,2.571428571428572,0.0,2.342857142857143,7.0,1.0,5.0,0.0,2.0,6.0,,,,True,True,UNKNOWN,False,False,,,,,,,,,,NPB,2024-04-16 18:00:00,1,,,0,
2021020088,2024-04-16 18:00:00,東北楽天ゴールデンイーグルス,オリックス・バファローズ,6.0,2.0,UNKNOWN,楽天モバイルパーク宮城,unknown,low,False,False,1700109.0,1961850.0,[],[],,,,,0,light,2024-04-16 18:00:00+00:00,,UNKNOWN,,,,UNKNOWN,UNKNOWN,,UNKNOWN,,12.0,3.0,3.0,6.0,0.0,4.533333333333333,3.0,4.0,7.0,0.0,2.0,1.0,,,,2.571428571428572,0.8571428571428571,6.428571428571429,0.0,0.0,1.7714285714285716,7.0,2.0,6.0,0.0,0.0,5.0,,,,True,True,UNKNOWN,False,False,,,,,,,,,,NPB,2024-04-16 18:00:00,1,,,0,
2021020089,2024-04-16 18:00:00,千葉ロッテマリーンズ,埼玉西武ライオンズ,4.0,3.0,UNKNOWN,ZOZOマリンスタジアム,excluded,high,False,False,1700124.0,800060.0,[],[],,,,,0,light,2024-04-16 18:00:00+00:00,,UNKNOWN,,,,UNKNOWN,UNKNOWN,,UNKNOWN,,1.5,1.3333333333333333,4.5,6.0,0.0,4.2,6.0,1.0,4.0,0.0,4.0,3.0,,,,0.0,0.1666666666666666,10.5,0.0,0.0,0.8666666666666667,6.0,0.0,1.0,0.0,0.0,7.0,,,,True,True,UNKNOWN,False,False,,,,,,,,,,NPB,2024-04-16 18:00:00,1,,,0,
2021020090,2024-04-17 18:00:00,中日ドラゴンズ,東京ヤクルトスワローズ,2.0,0.0,UNKNOWN,バンテリンドーム ナゴヤ,unknown,low,False,False,1500139.0,500014.0,[],[],,,,,0,light,2024-04-17 18:00:00+00:00,,UNKNOWN,,,,UNKNOWN,UNKNOWN,,UNKNOWN,,3.0,1.1666666666666667,9.0,3.0,0.0,2.2,6.0,2.0,5.0,0.0,2.0,6.0,,,,0.0,1.6,5.4,5.4,0.0,3.8,5.0,0.0,5.0,0.0,3.0,3.0,,,,True,True,UNKNOWN,False,False,,,,,,,,,,NPB,2024-04-17 18:00:00,1,,,0,
2021020091,2024-04-17 18:00:00,阪神タイガース,読売ジャイアンツ,2.0,0.0,UNKNOWN,阪神甲子園球場,unknown,low,False,False,2103689.0,2000052.0,[],[],,,,,0,light,2024-04-17 18:00:00+00:00,,UNKNOWN,,,,UNKNOWN,UNKNOWN,,UNKNOWN,,3.6,0.8,7.2,1.8,0.0,2.2,5.0,2.0,3.0,0.0,1.0,4.0,,,,0.0,1.3333333333333333,3.0,3.0,0.0,3.5333333333333337,6.0,0.0,6.0,0.0,2.0,2.0,,,,True,True,UNKNOWN,False,False,,,,,,,,,,NPB,2024-04-17 18:00:00,1,,,0,
2021020092,2024-04-17 18:00:00,広島東洋カープ,横浜DeNAベイスターズ,5.0,1.0,UNKNOWN,MAZDA Zoom-Zoom スタジアム広島,unknown,low,False,False,1600081.0,1600125.0,[],[],,,,,0,light,2024-04-17 18:00:00+00:00,,UNKNOWN,,,,UNKNOWN,UNKNOWN,,UNKNOWN,,2.25,2.0,6.75,9.0,0.0,4.7,4.0,1.0,4.0,0.0,4.0,3.0,,,,2.25,1.75,13.5,0.0,2.25,3.45,4.0,1.0,7.0,1.0,0.0,6.0,,,,True,True,UNKNOWN,False,False,,,,,,,,,,NPB,2024-04-17 18:00:00,1,,,0,
2021020093,2024-04-17 18:00:00,北海道日本ハムファイターズ,福岡ソフトバンクホークス,4.0,4.0,UNKNOWN,ES CON FIELD HOKKAIDO,excluded,high,False,False,1900106.0,2100027.0,[],[],,,,,0,light,2024-04-17 18:00:00+00:00,,UNKNOWN,,,,UNKNOWN,UNKNOWN,,UNKNOWN,,2.571428571428572,0.8571428571428571,6.428571428571429,2.571428571428572,1.2857142857142858,4.485714285714286,7.0,2.0,4.0,1.0,2.0,5.0,,,,3.6,1.0,9.0,1.8,0.0,1.8000000000000005,5.0,2.0,4.0,0.0,1.0,5.0,,,,True,True,UNKNOWN,False,False,,,,,,,,,,NPB,2024-04-17 18:00:00,1,,,0,
2021020094,2024-04-17 18:00:00,東北楽天ゴールデンイーグルス,オリックス・バファローズ,0.0,5.0,UNKNOWN,楽天モバイルパーク宮城,unknown,low,False,False,2108177.0,700065.0,[],[],,,,,0,light,2024-04-17 18:00:00+00:00,,UNKNOWN,,,,UNKNOWN,UNKNOWN,,UNKNOWN,,0.0,0.7142857142857143,9.0,0.0,0.0,1.2000000000000002,7.0,0.0,5.0,0.0,0.0,7.0,,,,1.5,1.5,3.0,4.5,1.5,6.2,6.0,1.0,6.0,1.0,3.0,2.0,,,,True,True,UNKNOWN,False,False,,,,,,,,,,NPB,2024-04-17 18:00:00,1,,,0,
2021020095,2024-04-17 18:00:00,千葉ロッテマリーンズ,埼玉西武ライオンズ,2.0,0.0,UNKNOWN,ZOZOマリンスタジアム,unknown,low,False,False,1800080.0,900081.0,[],[],,,,,0,light,2024-04-17 18:00:00+00:00,,UNKNOWN,,,,UNKNOWN,UNKNOWN,,UNKNOWN,,2.4545454545454546,1.090909090909091,3.681818181818182,3.681818181818182,0.0,3.609090909090909,7.333333333333333,2.0,5.0,0.0,3.0,3.0,,,,0.0,0.9130434782608696,7.0434782608695645,2.347826086956521,0.0,2.4173913043478263,7.666666666666667,0.0,5.0,0.0,2.0,6.0,,,,True,True,UNKNOWN,False,False,,,,,,,,,,NPB,2024-04-17 18:00:00,1,,,0,
2021020096,2024-04-18 18:00:00,中日ドラゴンズ,東京ヤクルトスワローズ,5.0,11.0,UNKNOWN,バンテリンドーム ナゴヤ,unknown,low,False,False,1500042.0,1600106.0,[],[],,,,,0,light,2024-04-18 18:00:00+00:00,,UNKNOWN,,,,UNKNOWN,UNKNOWN,,UNKNOWN,,5.4,2.0,7.2,3.6,0.0,2.8000000000000003,5.0,3.0,8.0,0.0,2.0,4.0,,,,14.727272727272728,3.8181818181818175,4.909090909090909,12.272727272727272,4.909090909090909,13.290909090909093,3.6666666666666665,6.0,9.0,2.0,5.0,2.0,,,,True,True,UNKNOWN,False,False,,,,,,,,,,NPB,2024-04-18 18:00:00,1,,,0,
2021020097,2024-04-18 18:00:00,阪神タイガース,読売ジャイアンツ,2.0,1.0,UNKNOWN,阪神甲子園球場,unknown,low,False,False,1200041.0,900062.0,[],[],,,,,0,light,2024-04-18 18:00:00+00:00,,UNKNOWN,,,,UNKNOWN,UNKNOWN,,UNKNOWN,,1.2272727272727273,1.090909090909091,11.045454545454549,2.4545454545454546,0.0,1.5636363636363635,7.333333333333333,1.0,6.0,0.0,2.0,9.0,,,,1.125,0.625,4.5,1.125,0.0,2.575,8.0,1.0,4.0,0.0,1.0,4.0,,,,True,True,UNKNOWN,False,False,,,,,,,,,,NPB,2024-04-18 18:00:00,1,,,0,
2021020098,2024-04-18 18:00:00,東北楽天ゴールデンイーグルス,オリックス・バファローズ,0.0,7.0,UNKNOWN,楽天モバイルパーク宮城,unknown,low,False,False,1750595.0,2000126.0,[],[],,,,,0,light,2024-04-18 18:00:00+00:00,,UNKNOWN,,,,UNKNOWN,UNKNOWN,,UNKNOWN,,0.0,0.8,12.6,3.6,0.0,1.6,5.0,0.0,2.0,0.0,2.0,7.0,,,,7.2,1.8,5.4,1.8,0.0,2.6,5.0,4.0,8.0,0.0,1.0,3.0,,,,True,True,UNKNOWN,False,False,,,,,,,,,,NPB,2024-04-18 18:00:00,1,,,0,
2021020099,2024-04-19 18:00:00,東京ヤクルトスワローズ,横浜DeNAベイスターズ,4.0,3.0,UNKNOWN,明治神宮野球場,unknown,low,False,False,1700058.0,2000139.0,[],[],,,,,0,light,2024-04-19 18:00:00+00:00,,UNKNOWN,,,,UNKNOWN,UNKNOWN,,UNKNOWN,,4.5,1.5,4.5,3.0,1.5,5.366666666666667,6.0,3.0,7.0,1.0,2.0,3.0,,,,5.4,1.4,3.6,3.6,0.0,3.6,5.0,3.0,5.0,0.0,2.0,2.0,,,,True,True,UNKNOWN,False,False,,,,,,,,,,NPB,2024-04-19 18:00:00,1,,,0,
2021020100,2024-04-19 18:00:00,阪神タイガース,中日ドラゴンズ,7.0,0.0,UNKNOWN,阪神甲子園球場,unknown,low,False,False,1660558.0,1500090.0,[],[],,,,,0,light,2024-04-19 18:00:00+00:00,,UNKNOWN,,,,UNKNOWN,UNKNOWN,,UNKNOWN,,9.0,1.75,2.25,4.5,2.25,7.45,4.0,4.0,5.0,1.0,2.0,1.0,,,,0.0,1.1666666666666667,10.5,1.5,0.0,1.366666666666667,6.0,0.0,6.0,0.0,1.0,7.0,,,,True,True,UNKNOWN,False,False,,,,,,,,,,NPB,2024-04-19 18:00:00,1,,,0,
2021020101,2024-04-19 18:00:00,広島東洋カープ,読売ジャイアンツ,0.0,0.0,UNKNOWN,MAZDA Zoom-Zoom スタジアム広島,unknown,low,False,False,1800028.0,1300058.0,[],[],,,,,0,light,2024-04-19 18:00:00+00:00,,UNKNOWN,,,,UNKNOWN,UNKNOWN,,UNKNOWN,,0.0,0.7142857142857143,6.428571428571429,1.2857142857142858,0.0,2.2,7.0,0.0,4.0,0.0,1.0,5.0,,,,0.0,1.0,9.0,6.0,0.0,3.2,6.0,0.0,2.0,0.0,4.0,6.0,,,,True,True,UNKNOWN,False,False,,,,,,,,,,NPB,2024-04-19 18:00:00,1,,,0,
2021020102,2024-04-19 18:00:00,北海道日本ハムファイターズ,千葉ロッテマリーンズ,4.0,3.0,UNKNOWN,ES CON FIELD HOKKAIDO,unknown,low,False,False,1700002.0,2000079.0,[],[],,,,,0,light,2024-04-19 18:00:00+00:00,,UNKNOWN,,,,UNKNOWN,UNKNOWN,,UNKNOWN,,1.5,0.6666666666666666,7.5,1.5,0.0,2.033333333333333,6.0,1.0,3.0,0.0,1.0,5.0,,,,3.857142857142857,0.8571428571428571,5.142857142857143,0.0,2.571428571428572,5.771428571428572,7.0,3.0,6.0,2.0,0.0,4.0,,,,True,True,UNKNOWN,False,False,,,,,,,,,,NPB,2024-04-19 18:00:00,1,,,0,
2021020103,2024-04-19 18:00:00,埼玉西武ライオンズ,東北楽天ゴールデンイーグルス,5.0,4.0,UNKNOWN,ベルーナドーム,unknown,low,False,False,2000121.0,1600127.0,[],[],,,,,0,light,2024-04-19 18:00:00+00:00,,UNKNOWN,,,,UNKNOWN,UNKNOWN,,UNKNOWN,,6.428571428571429,1.4285714285714286,3.857142857142857,2.571428571428572,1.2857142857142858,5.057142857142857,7.0,5.0,8.0,1.0,2.0,3.0,,,,1.2857142857142858,1.0,11.571428571428571,2.571428571428572,0.0,1.485714285714286,7.0,1.0,5.0,0.0,2.0,9.0,,,,True,True,UNKNOWN,False,False,2024-04-19 09:00:00+00:00,,UNKNOWN,Open-Meteo Historical Forecast,FAIL_CLOSED_NO_ISSUANCE_TIMESTAMP,18.7,40.0,0.0,7.4,NPB,2024-04-19 18:00:00,1,,,0,
2021020103,2024-04-19 18:00:00,埼玉西武ライオンズ,東北楽天ゴールデンイーグルス,5.0,4.0,UNKNOWN,ベルーナドーム,unknown,low,False,False,2000121.0,1600127.0,[],[],,,,,0,light,2024-04-19 18:00:00+00:00,,UNKNOWN,,,,UNKNOWN,UNKNOWN,,UNKNOWN,,6.428571428571429,1.4285714285714286,3.857142857142857,2.571428571428572,1.2857142857142858,5.057142857142857,7.0,5.0,8.0,1.0,2.0,3.0,,,,1.2857142857142858,1.0,11.571428571428571,2.571428571428572,0.0,1.485714285714286,7.0,1.0,5.0,0.0,2.0,9.0,,,,True,True,UNKNOWN,False,False,2024-04-19 09:00:00+00:00,,UNKNOWN,Open-Meteo Historical Forecast,FAIL_CLOSED_NO_ISSUANCE_TIMESTAMP,18.7,40.0,0.0,7.4,NPB,2024-04-19 18:00:00,1,,,0,
2021020104,2024-04-19 18:00:00,福岡ソフトバンクホークス,オリックス・バファローズ,9.0,7.0,UNKNOWN,福岡PayPayドーム,unknown,low,False,False,2000096.0,1200106.0,[],[],,,,,0,light,2024-04-19 18:00:00+00:00,,UNKNOWN,,,,UNKNOWN,UNKNOWN,,UNKNOWN,,18.0,3.0,6.75,9.0,4.5,11.2,4.0,8.0,8.0,2.0,4.0,3.0,,,,9.0,1.5,9.0,0.0,4.5,7.7,4.0,4.0,6.0,2.0,0.0,4.0,,,,True,True,UNKNOWN,False,False,,,,,,,,,,NPB,2024-04-19 18:00:00,1,,,0,
2021020106,2024-04-20 14:00:00,阪神タイガース,中日ドラゴンズ,15.0,2.0,UNKNOWN,阪神甲子園球場,unknown,low,False,False,1000138.0,1700137.0,[],[],,,,,0,light,2024-04-20 14:00:00+00:00,,UNKNOWN,,,,UNKNOWN,UNKNOWN,,UNKNOWN,,40.5,5.25,6.75,20.25,0.0,8.45,1.3333333333333333,6.0,4.0,0.0,3.0,1.0,,,,2.571428571428572,1.1428571428571428,3.857142857142857,0.0,0.0,2.342857142857143,7.0,2.0,8.0,0.0,0.0,3.0,,,,True,True,UNKNOWN,False,False,,,,,,,,,,NPB,2024-04-20 14:00:00,1,,,0,
2021020107,2024-04-20 14:00:00,広島東洋カープ,読売ジャイアンツ,6.0,2.0,UNKNOWN,MAZDA Zoom-Zoom スタジアム広島,unknown,low,False,False,1900019.0,1900052.0,[],[],,,,,0,light,2024-04-20 14:00:00+00:00,,UNKNOWN,,,,UNKNOWN,UNKNOWN,,UNKNOWN,,9.0,1.25,2.25,0.0,0.0,2.7,4.0,4.0,5.0,0.0,0.0,1.0,,,,2.8421052631578947,2.0526315789473686,5.684210526315789,1.4210526315789471,0.0,2.4105263157894736,6.333333333333333,2.0,12.0,0.0,1.0,4.0,,,,True,True,UNKNOWN,False,False,,,,,,,,,,NPB,2024-04-20 14:00:00,1,,,0,
2021020108,2024-04-20 14:00:00,北海道日本ハムファイターズ,千葉ロッテマリーンズ,2.0,0.0,UNKNOWN,ES CON FIELD HOKKAIDO,unknown,low,False,False,1800052.0,1750903.0,[],[],,,,,0,light,2024-04-20 14:00:00+00:00,,UNKNOWN,,,,UNKNOWN,UNKNOWN,,UNKNOWN,,2.347826086956521,0.9130434782608696,1.1739130434782608,0.0,0.0,2.939130434782609,7.666666666666667,2.0,7.0,0.0,0.0,1.0,,,,0.0,0.5555555555555556,7.0,1.0,0.0,1.9777777777777776,9.0,0.0,4.0,0.0,1.0,7.0,,,,True,True,UNKNOWN,False,False,,,,,,,,,,NPB,2024-04-20 14:00:00,1,,,0,
2021020109,2024-04-20 14:00:00,埼玉西武ライオンズ,東北楽天ゴールデンイーグルス,2.0,8.0,UNKNOWN,ベルーナドーム,excluded,high,False,False,1900117.0,1751148.0,[],[],,,,,0,light,2024-04-20 14:00:00+00:00,,UNKNOWN,,,,UNKNOWN,UNKNOWN,,UNKNOWN,,3.0,1.0,4.5,1.5,0.0,2.7,6.0,2.0,5.0,0.0,1.0,3.0,,,,3.0,1.5,3.0,3.0,0.0,3.5333333333333337,6.0,2.0,7.0,0.0,2.0,2.0,,,,True,True,UNKNOWN,False,False,2024-04-20 05:00:00+00:00,,UNKNOWN,Open-Meteo Historical Forecast,FAIL_CLOSED_NO_ISSUANCE_TIMESTAMP,23.2,35.0,0.0,3.9,NPB,2024-04-20 14:00:00,1,,,0,
2021020109,2024-04-20 14:00:00,埼玉西武ライオンズ,東北楽天ゴールデンイーグルス,2.0,8.0,UNKNOWN,ベルーナドーム,excluded,high,False,False,1900117.0,1751148.0,[],[],,,,,0,light,2024-04-20 14:00:00+00:00,,UNKNOWN,,,,UNKNOWN,UNKNOWN,,UNKNOWN,,3.0,1.0,4.5,1.5,0.0,2.7,6.0,2.0,5.0,0.0,1.0,3.0,,,,3.0,1.5,3.0,3.0,0.0,3.5333333333333337,6.0,2.0,7.0,0.0,2.0,2.0,,,,True,True,UNKNOWN,False,False,2024-04-20 05:00:00+00:00,,UNKNOWN,Open-Meteo Historical Forecast,FAIL_CLOSED_NO_ISSUANCE_TIMESTAMP,23.2,35.0,0.0,3.9,NPB,2024-04-20 14:00:00,1,,,0,
2021020110,2024-04-20 14:00:00,福岡ソフトバンクホークス,オリックス・バファローズ,3.0,3.0,UNKNOWN,福岡PayPayドーム,unknown,low,False,False,1700118.0,1700011.0,[],[],,,,,0,light,2024-04-20 14:00:00+00:00,,UNKNOWN,,,,UNKNOWN,UNKNOWN,,UNKNOWN,,0.0,1.8,5.4,7.2,0.0,4.4,5.0,0.0,5.0,0.0,4.0,3.0,,,,6.75,2.0,11.25,2.25,0.0,1.4500000000000002,4.0,3.0,7.0,0.0,1.0,5.0,,,,True,True,UNKNOWN,False,False,,,,,,,,,,NPB,2024-04-20 14:00:00,1,,,0,
2021020105,2024-04-20 18:00:00,東京ヤクルトスワローズ,横浜DeNAベイスターズ,4.0,7.0,UNKNOWN,明治神宮野球場,excluded,high,False,False,1961374.0,1700060.0,[],[],,,,,0,light,2024-04-20 18:00:00+00:00,,UNKNOWN,,,,UNKNOWN,UNKNOWN,,UNKNOWN,,5.4,1.6,9.0,5.4,0.0,3.0,5.0,3.0,5.0,0.0,3.0,5.0,,,,13.5,2.357142857142857,5.785714285714286,9.642857142857142,0.0,5.128571428571428,4.666666666666667,7.0,6.0,0.0,5.0,3.0,,,,True,True,UNKNOWN,False,False,,,,,,,,,,NPB,2024-04-20 18:00:00,1,,,0,
2021020114,2024-04-21 13:00:00,北海道日本ハムファイターズ,千葉ロッテマリーンズ,5.0,0.0,UNKNOWN,ES CON FIELD HOKKAIDO,unknown,low,False,False,1600146.0,1500110.0,[],[],,,,,0,light,2024-04-21 13:00:00+00:00,,UNKNOWN,,,,UNKNOWN,UNKNOWN,,UNKNOWN,,11.25,2.0,2.25,4.5,4.5,10.7,4.0,5.0,6.0,2.0,2.0,1.0,,,,0.0,1.1111111111111112,5.0,1.0,0.0,2.4222222222222225,9.0,0.0,9.0,0.0,1.0,5.0,,,,True,True,UNKNOWN,False,False,,,,,,,,,,NPB,2024-04-21 13:00:00,1,,,0,
2021020116,2024-04-21 13:00:00,福岡ソフトバンクホークス,オリックス・バファローズ,1.0,3.0,UNKNOWN,福岡PayPayドーム,unknown,low,False,False,1900087.0,1900010.0,[],[],,,,,0,light,2024-04-21 13:00:00+00:00,,UNKNOWN,,,,UNKNOWN,UNKNOWN,,UNKNOWN,,1.0,0.5555555555555556,11.0,0.0,1.0,2.2,9.0,1.0,5.0,1.0,0.0,11.0,,,,3.6,1.8,9.0,7.2,0.0,3.6,5.0,2.0,5.0,0.0,4.0,5.0,,,,True,True,UNKNOWN,False,False,,,,,,,,,,NPB,2024-04-21 13:00:00,1,,,0,
2021020113,2024-04-21 13:30:00,広島東洋カープ,読売ジャイアンツ,0.0,0.0,UNKNOWN,MAZDA Zoom-Zoom スタジアム広島,unknown,low,False,False,1700130.0,1300057.0,[],[],,,,,0,light,2024-04-21 13:30:00+00:00,,UNKNOWN,,,,UNKNOWN,UNKNOWN,,UNKNOWN,,0.0,1.0,3.6,1.8,0.0,3.0,5.0,0.0,4.0,0.0,1.0,2.0,,,,0.0,1.2,3.6,3.6,0.0,3.6,5.0,0.0,4.0,0.0,2.0,2.0,,,,True,True,UNKNOWN,False,False,,,,,,,,,,NPB,2024-04-21 13:30:00,1,,,0,
2021020112,2024-04-21 14:00:00,阪神タイガース,中日ドラゴンズ,3.0,0.0,UNKNOWN,阪神甲子園球場,unknown,low,False,False,1200098.0,1600115.0,[],[],,,,,0,light,2024-04-21 14:00:00+00:00,,UNKNOWN,,,,UNKNOWN,UNKNOWN,,UNKNOWN,,4.5,1.3333333333333333,4.5,4.5,1.5,5.866666666666667,6.0,3.0,5.0,1.0,3.0,3.0,,,,0.0,0.5714285714285714,10.285714285714286,1.2857142857142858,0.0,1.342857142857143,7.0,0.0,3.0,0.0,1.0,8.0,,,,True,True,UNKNOWN,False,False,,,,,,,,,,NPB,2024-04-21 14:00:00,1,,,0,
2021020115,2024-04-21 14:00:00,埼玉西武ライオンズ,東北楽天ゴールデンイーグルス,0.0,1.0,UNKNOWN,ベルーナドーム,unknown,low,False,False,2000123.0,1400182.0,[],[],,,,,0,light,2024-04-21 14:00:00+00:00,,UNKNOWN,,,,UNKNOWN,UNKNOWN,,UNKNOWN,,0.0,1.2,1.8,3.6,0.0,4.0,5.0,0.0,4.0,0.0,2.0,1.0,,,,1.2857142857142858,0.7142857142857143,6.428571428571429,1.2857142857142858,0.0,2.2,7.0,1.0,4.0,0.0,1.0,5.0,,,,True,True,UNKNOWN,False,False,2024-04-21 05:00:00+00:00,,UNKNOWN,Open-Meteo Historical Forecast,FAIL_CLOSED_NO_ISSUANCE_TIMESTAMP,20.7,61.0,0.0,6.4,NPB,2024-04-21 14:00:00,1,,,0,
2021020115,2024-04-21 14:00:00,埼玉西武ライオンズ,東北楽天ゴールデンイーグルス,0.0,1.0,UNKNOWN,ベルーナドーム,unknown,low,False,False,2000123.0,1400182.0,[],[],,,,,0,light,2024-04-21 14:00:00+00:00,,UNKNOWN,,,,UNKNOWN,UNKNOWN,,UNKNOWN,,0.0,1.2,1.8,3.6,0.0,4.0,5.0,0.0,4.0,0.0,2.0,1.0,,,,1.2857142857142858,0.7142857142857143,6.428571428571429,1.2857142857142858,0.0,2.2,7.0,1.0,4.0,0.0,1.0,5.0,,,,True,True,UNKNOWN,False,False,2024-04-21 05:00:00+00:00,,UNKNOWN,Open-Meteo Historical Forecast,FAIL_CLOSED_NO_ISSUANCE_TIMESTAMP,20.7,61.0,0.0,6.4,NPB,2024-04-21 14:00:00,1,,,0,
2021020111,2024-04-21 18:00:00,東京ヤクルトスワローズ,横浜DeNAベイスターズ,3.0,8.0,UNKNOWN,明治神宮野球場,unknown,low,False,False,1800045.0,2060039.0,[],[],,,,,0,light,2024-04-21 18:00:00+00:00,,UNKNOWN,,,,UNKNOWN,UNKNOWN,,UNKNOWN,,3.0,1.0,6.0,4.5,1.5,5.533333333333333,6.0,2.0,3.0,1.0,3.0,4.0,,,,47.25,6.0,0.0,13.5,0.0,7.7,1.3333333333333333,7.0,6.0,0.0,2.0,0.0,,,,True,True,UNKNOWN,False,False,,,,,,,,,,NPB,2024-04-21 18:00:00,1,,,0,
2021020119,2024-04-23 17:30:00,横浜DeNAベイスターズ,阪神タイガース,1.0,1.0,UNKNOWN,横浜スタジアム,unknown,low,False,False,2000055.0,2103904.0,[],[],,,,,0,light,2024-04-23 17:30:00+00:00,,UNKNOWN,,,,UNKNOWN,UNKNOWN,,UNKNOWN,,1.125,0.75,2.25,3.375,0.0,3.825,8.0,1.0,3.0,0.0,3.0,2.0,,,,0.0,1.3125,10.125,3.375,0.0,2.075,5.333333333333333,0.0,5.0,0.0,2.0,6.0,,,,True,True,UNKNOWN,False,False,,,,,,,,,,NPB,2024-04-23 17:30:00,1,,,0,
2021020117,2024-04-23 18:00:00,読売ジャイアンツ,中日ドラゴンズ,2.0,0.0,UNKNOWN,ひたちなか市民球場,unknown,low,False,False,1500074.0,2000006.0,[],[],,,,,0,light,2024-04-23 18:00:00+00:00,,UNKNOWN,,,,UNKNOWN,UNKNOWN,,UNKNOWN,,1.2857142857142858,0.5714285714285714,2.571428571428572,0.0,0.0,2.628571428571429,7.0,1.0,4.0,0.0,0.0,2.0,,,,0.0,0.6315789473684211,5.684210526315789,1.4210526315789471,0.0,2.4105263157894736,6.333333333333333,0.0,3.0,0.0,1.0,4.0,,,,True,True,UNKNOWN,False,False,,,,,,,,,,NPB,2024-04-23 18:00:00,1,,,0,
2021020118,2024-04-23 18:00:00,東京ヤクルトスワローズ,広島東洋カープ,0.0,2.0,UNKNOWN,明治神宮野球場,unknown,low,False,False,1600123.0,2103794.0,[],[],,,,,0,light,2024-04-23 18:00:00+00:00,,UNKNOWN,,,,UNKNOWN,UNKNOWN,,UNKNOWN,,0.0,0.75,7.875,2.25,0.0,2.2,8.0,0.0,4.0,0.0,2.0,7.0,,,,2.571428571428572,0.7142857142857143,5.142857142857143,0.0,1.2857142857142858,3.9142857142857146,7.0,2.0,5.0,1.0,0.0,4.0,,,,True,True,UNKNOWN,False,False,,,,,,,,,,NPB,2024-04-23 18:00:00,1,,,0,
2021020120,2024-04-23 18:00:00,東北楽天ゴールデンイーグルス,北海道日本ハムファイターズ,3.0,4.0,UNKNOWN,楽天モバイルパーク宮城,unknown,low,False,False,1400195.0,1961850.0,[],[],,,,,0,light,2024-04-23 18:00:00+00:00,,UNKNOWN,,,,UNKNOWN,UNKNOWN,,UNKNOWN,,3.0,0.5,6.0,0.0,0.0,1.866666666666667,6.0,2.0,3.0,0.0,0.0,4.0,,,,3.0,1.5,9.0,3.0,0.0,2.2,6.0,2.0,7.0,0.0,2.0,6.0,,,,True,True,UNKNOWN,False,False,,,,,,,,,,NPB,2024-04-23 18:00:00,1,,,0,
2021020121,2024-04-23 18:00:00,千葉ロッテマリーンズ,福岡ソフトバンクホークス,2.0,4.0,UNKNOWN,ZOZOマリンスタジアム,unknown,low,False,False,1400117.0,1900080.0,[],[],,,,,0,light,2024-04-23 18:00:00+00:00,,UNKNOWN,,,,UNKNOWN,UNKNOWN,,UNKNOWN,,2.0,0.4444444444444444,9.0,1.0,2.0,4.422222222222223,9.0,2.0,3.0,2.0,1.0,9.0,,,,2.571428571428572,1.0,5.142857142857143,2.571428571428572,0.0,2.9142857142857146,7.0,2.0,5.0,0.0,2.0,4.0,,,,True,True,UNKNOWN,False,False,,,,,,,,,,NPB,2024-04-23 18:00:00,1,,,0,
2021020122,2024-04-23 18:00:00,オリックス・バファローズ,埼玉西武ライオンズ,2.0,1.0,UNKNOWN,京セラドーム大阪,unknown,low,False,False,1700124.0,1700109.0,[],[],,,,,0,light,2024-04-23 18:00:00+00:00,,UNKNOWN,,,,UNKNOWN,UNKNOWN,,UNKNOWN,,3.0,1.8333333333333333,7.5,3.0,0.0,2.5333333333333337,6.0,2.0,9.0,0.0,2.0,5.0,,,,0.0,1.0,9.0,3.6,0.0,2.4000000000000004,5.0,0.0,3.0,0.0,2.0,5.0,,,,True,True,UNKNOWN,False,False,,,,,,,,,,NPB,2024-04-23 18:00:00,1,,,0,
2021020125,2024-04-24 17:30:00,横浜DeNAベイスターズ,阪神タイガース,3.0,5.0,UNKNOWN,横浜スタジアム,unknown,low,False,False,2000052.0,1600081.0,[],[],,,,,0,light,2024-04-24 17:30:00+00:00,,UNKNOWN,,,,UNKNOWN,UNKNOWN,,UNKNOWN,,2.571428571428572,1.0,1.2857142857142858,3.857142857142857,0.0,4.2,7.0,2.0,4.0,0.0,3.0,1.0,,,,1.8,2.0,10.8,10.8,0.0,4.4,5.0,1.0,4.0,0.0,6.0,6.0,,,,True,True,UNKNOWN,False,False,,,,,,,,,,NPB,2024-04-24 17:30:00,1,,,0,
2021020123,2024-04-24 18:00:00,読売ジャイアンツ,中日ドラゴンズ,2.0,3.0,UNKNOWN,東京ドーム,unknown,low,False,False,500014.0,2103689.0,[],[],,,,,0,light,2024-04-24 18:00:00+00:00,,UNKNOWN,,,,UNKNOWN,UNKNOWN,,UNKNOWN,,3.0,1.3333333333333333,3.0,4.5,0.0,4.033333333333333,6.0,2.0,5.0,0.0,3.0,2.0,,,,2.571428571428572,1.1428571428571428,5.142857142857143,0.0,1.2857142857142858,3.9142857142857146,7.0,2.0,8.0,1.0,0.0,4.0,,,,True,True,UNKNOWN,False,False,2024-04-24 09:00:00+00:00,,UNKNOWN,Open-Meteo Historical Forecast,FAIL_CLOSED_NO_ISSUANCE_TIMESTAMP,14.7,96.0,0.9,4.6,NPB,2024-04-24 18:00:00,1,,,0,
2021020123,2024-04-24 18:00:00,読売ジャイアンツ,中日ドラゴンズ,2.0,3.0,UNKNOWN,東京ドーム,unknown,low,False,False,500014.0,2103689.0,[],[],,,,,0,light,2024-04-24 18:00:00+00:00,,UNKNOWN,,,,UNKNOWN,UNKNOWN,,UNKNOWN,,3.0,1.3333333333333333,3.0,4.5,0.0,4.033333333333333,6.0,2.0,5.0,0.0,3.0,2.0,,,,2.571428571428572,1.1428571428571428,5.142857142857143,0.0,1.2857142857142858,3.9142857142857146,7.0,2.0,8.0,1.0,0.0,4.0,,,,True,True,UNKNOWN,False,False,2024-04-24 09:00:00+00:00,,UNKNOWN,Open-Meteo Historical Forecast,FAIL_CLOSED_NO_ISSUANCE_TIMESTAMP,14.7,96.0,0.9,4.6,NPB,2024-04-24 18:00:00,1,,,0,
2021020127,2024-04-24 18:00:00,千葉ロッテマリーンズ,福岡ソフトバンクホークス,1.0,10.0,UNKNOWN,ZOZOマリンスタジアム,unknown,low,False,False,1900106.0,2105534.0,[],[],,,,,0,light,2024-04-24 18:00:00+00:00,,UNKNOWN,,,,UNKNOWN,UNKNOWN,,UNKNOWN,,1.8,1.2,5.4,1.8,0.0,2.6,5.0,1.0,5.0,0.0,1.0,3.0,,,,6.0,2.0,6.0,9.0,0.0,4.866666666666667,3.0,2.0,3.0,0.0,3.0,2.0,,,,True,True,UNKNOWN,False,False,,,,,,,,,,NPB,2024-04-24 18:00:00,1,,,0,
2021020128,2024-04-24 18:00:00,オリックス・バファローズ,埼玉西武ライオンズ,4.0,3.0,UNKNOWN,京セラドーム大阪,unknown,low,False,False,2105080.0,2108177.0,[],[],,,,,0,light,2024-04-24 18:00:00+00:00,,UNKNOWN,,,,UNKNOWN,UNKNOWN,,UNKNOWN,,3.857142857142857,1.1428571428571428,5.142857142857143,0.0,1.2857142857142858,3.9142857142857146,7.0,3.0,8.0,1.0,0.0,4.0,,,,0.0,0.4285714285714285,9.0,1.2857142857142858,0.0,1.6285714285714288,7.0,0.0,2.0,0.0,1.0,7.0,,,,True,True,UNKNOWN,False,False,,,,,,,,,,NPB,2024-04-24 18:00:00,1,,,0,
2021020129,2024-04-25 18:00:00,読売ジャイアンツ,中日ドラゴンズ,3.0,2.0,UNKNOWN,東京ドーム,unknown,low,False,False,1600106.0,1200041.0,[],[],,,,,0,light,2024-04-25 18:00:00+00:00,,UNKNOWN,,,,UNKNOWN,UNKNOWN,,UNKNOWN,,4.5,0.6666666666666666,9.0,3.0,1.5,4.366666666666667,6.0,3.0,2.0,1.0,2.0,6.0,,,,3.0,1.3333333333333333,4.5,3.0,1.5,5.366666666666667,6.0,2.0,6.0,1.0,2.0,3.0,,,,True,True,UNKNOWN,False,False,2024-04-25 09:00:00+00:00,,UNKNOWN,Open-Meteo Historical Forecast,FAIL_CLOSED_NO_ISSUANCE_TIMESTAMP,22.2,70.0,0.0,2.5,NPB,2024-04-25 18:00:00,1,,,0,
2021020129,2024-04-25 18:00:00,読売ジャイアンツ,中日ドラゴンズ,3.0,2.0,UNKNOWN,東京ドーム,unknown,low,False,False,1600106.0,1200041.0,[],[],,,,,0,light,2024-04-25 18:00:00+00:00,,UNKNOWN,,,,UNKNOWN,UNKNOWN,,UNKNOWN,,4.5,0.6666666666666666,9.0,3.0,1.5,4.366666666666667,6.0,3.0,2.0,1.0,2.0,6.0,,,,3.0,1.3333333333333333,4.5,3.0,1.5,5.366666666666667,6.0,2.0,6.0,1.0,2.0,3.0,,,,True,True,UNKNOWN,False,False,2024-04-25 09:00:00+00:00,,UNKNOWN,Open-Meteo Historical Forecast,FAIL_CLOSED_NO_ISSUANCE_TIMESTAMP,22.2,70.0,0.0,2.5,NPB,2024-04-25 18:00:00,1,,,0,
2021020130,2024-04-25 18:00:00,東京ヤクルトスワローズ,広島東洋カープ,9.0,8.0,UNKNOWN,明治神宮野球場,unknown,low,False,False,2060065.0,1500042.0,[],[],,,,,0,light,2024-04-25 18:00:00+00:00,,UNKNOWN,,,,UNKNOWN,UNKNOWN,,UNKNOWN,,27.0,3.5,0.0,4.5,4.5,11.2,2.0,6.0,6.0,1.0,1.0,0.0,,,,14.727272727272728,2.181818181818182,4.909090909090909,4.909090909090909,4.909090909090909,10.836363636363636,3.6666666666666665,6.0,6.0,2.0,2.0,2.0,,,,True,True,UNKNOWN,False,False,,,,,,,,,,NPB,2024-04-25 18:00:00,1,,,0,
2021020131,2024-04-25 18:00:00,東北楽天ゴールデンイーグルス,北海道日本ハムファイターズ,5.0,1.0,UNKNOWN,楽天モバイルパーク宮城,unknown,low,False,False,1900073.0,700065.0,[],[],,,,,0,light,2024-04-25 18:00:00+00:00,,UNKNOWN,,,,UNKNOWN,UNKNOWN,,UNKNOWN,,4.5,1.5,2.25,0.0,2.25,5.95,4.0,2.0,6.0,1.0,0.0,1.0,,,,1.2857142857142858,1.2857142857142858,5.142857142857143,1.2857142857142858,0.0,2.4857142857142858,7.0,1.0,8.0,0.0,1.0,4.0,,,,True,True,UNKNOWN,False,False,,,,,,,,,,NPB,2024-04-25 18:00:00,1,,,0,
2021020132,2024-04-25 18:00:00,千葉ロッテマリーンズ,福岡ソフトバンクホークス,0.0,6.0,UNKNOWN,ZOZOマリンスタジアム,unknown,low,False,False,1550517.0,900081.0,[],[],,,,,0,light,2024-04-25 18:00:00+00:00,,UNKNOWN,,,,UNKNOWN,UNKNOWN,,UNKNOWN,,0.0,0.4285714285714285,9.0,1.2857142857142858,0.0,1.6285714285714288,7.0,0.0,2.0,0.0,1.0,7.0,,,,9.0,2.0,9.0,1.8,1.8,4.4,5.0,5.0,9.0,1.0,1.0,5.0,,,,True,True,UNKNOWN,False,False,,,,,,,,,,NPB,2024-04-25 18:00:00,1,,,0,
2021020133,2024-04-25 18:00:00,オリックス・バファローズ,埼玉西武ライオンズ,1.0,3.0,UNKNOWN,京セラドーム大阪,unknown,low,False,False,1660539.0,2101291.0,[],[],,,,,0,light,2024-04-25 18:00:00+00:00,,UNKNOWN,,,,UNKNOWN,UNKNOWN,,UNKNOWN,,1.588235294117647,0.7058823529411764,4.764705882352941,1.588235294117647,0.0,2.670588235294118,5.666666666666667,1.0,3.0,0.0,1.0,3.0,,,,3.857142857142857,0.7142857142857143,9.0,0.0,0.0,1.2000000000000002,7.0,3.0,5.0,0.0,0.0,7.0,,,,True,True,UNKNOWN,False,False,,,,,,,,,,NPB,2024-04-25 18:00:00,1,,,0,
2021020134,2024-04-26 17:30:00,横浜DeNAベイスターズ,読売ジャイアンツ,7.0,2.0,UNKNOWN,横浜スタジアム,unknown,low,False,False,1800028.0,1700058.0,[],[],,,,,0,light,2024-04-26 17:30:00+00:00,,UNKNOWN,,,,UNKNOWN,UNKNOWN,,UNKNOWN,,1.2857142857142858,0.8571428571428571,5.142857142857143,1.2857142857142858,0.0,2.4857142857142858,7.0,1.0,5.0,0.0,1.0,4.0,,,,2.571428571428572,1.2857142857142858,7.714285714285714,2.571428571428572,0.0,2.342857142857143,7.0,2.0,7.0,0.0,2.0,6.0,,,,True,True,UNKNOWN,False,False,,,,,,,,,,NPB,2024-04-26 17:30:00,1,,,0,
2021020135,2024-04-26 18:00:00,阪神タイガース,東京ヤクルトスワローズ,2.0,8.0,UNKNOWN,阪神甲子園球場,unknown,low,False,False,1200076.0,1500090.0,[],[],,,,,0,light,2024-04-26 18:00:00+00:00,,UNKNOWN,,,,UNKNOWN,UNKNOWN,,UNKNOWN,,2.571428571428572,0.7142857142857143,5.142857142857143,0.0,1.2857142857142858,3.9142857142857146,7.0,2.0,5.0,1.0,0.0,4.0,,,,5.4,2.7,5.4,5.4,0.0,3.8,3.333333333333333,2.0,7.0,0.0,2.0,2.0,,,,True,True,UNKNOWN,False,False,,,,,,,,,,NPB,2024-04-26 18:00:00,1,,,0,
2021020136,2024-04-27 14:00:00,横浜DeNAベイスターズ,読売ジャイアンツ,1.0,2.0,UNKNOWN,横浜スタジアム,excluded,high,False,False,1800026.0,1961374.0,[],[],,,,,0,light,2024-04-27 14:00:00+00:00,,UNKNOWN,,,,UNKNOWN,UNKNOWN,,UNKNOWN,,0.0,1.0,1.8,3.6,0.0,4.0,5.0,0.0,3.0,0.0,2.0,1.0,,,,2.571428571428572,1.0,5.142857142857143,2.571428571428572,1.2857142857142858,4.771428571428571,7.0,2.0,5.0,1.0,2.0,4.0,,,,True,True,UNKNOWN,False,False,,,,,,,,,,NPB,2024-04-27 14:00:00,1,,,0,
2021020137,2024-04-27 14:00:00,中日ドラゴンズ,広島東洋カープ,4.0,6.0,UNKNOWN,バンテリンドーム ナゴヤ,unknown,low,False,False,1900052.0,1800060.0,[],[],,,,,0,light,2024-04-27 14:00:00+00:00,,UNKNOWN,,,,UNKNOWN,UNKNOWN,,UNKNOWN,,1.2857142857142858,0.8571428571428571,7.714285714285714,1.2857142857142858,1.2857142857142858,3.7714285714285714,7.0,1.0,5.0,1.0,1.0,6.0,,,,7.363636363636364,2.4545454545454546,4.909090909090909,9.818181818181818,2.4545454545454546,8.927272727272728,3.6666666666666665,3.0,5.0,1.0,4.0,2.0,,,,True,True,UNKNOWN,False,False,,,,,,,,,,NPB,2024-04-27 14:00:00,1,,,0,
2021020138,2024-04-27 14:00:00,阪神タイガース,東京ヤクルトスワローズ,5.0,4.0,UNKNOWN,阪神甲子園球場,unknown,low,False,False,2000139.0,1700137.0,[],[],,,,,0,light,2024-04-27 14:00:00+00:00,,UNKNOWN,,,,UNKNOWN,UNKNOWN,,UNKNOWN,,7.7142857142857135,1.5,5.785714285714286,3.8571428571428568,1.9285714285714284,5.985714285714286,4.666666666666667,4.0,5.0,1.0,2.0,3.0,,,,4.2631578947368425,0.9473684210526316,8.526315789473685,0.0,1.4210526315789471,3.357894736842105,6.333333333333333,3.0,6.0,1.0,0.0,6.0,,,,True,True,UNKNOWN,False,False,,,,,,,,,,NPB,2024-04-27 14:00:00,1,,,0,
2021020139,2024-04-27 14:00:00,北海道日本ハムファイターズ,オリックス・バファローズ,9.0,0.0,UNKNOWN,ES CON FIELD HOKKAIDO,excluded,high,False,False,1650221.0,2000079.0,[],[],,,,,0,light,2024-04-27 14:00:00+00:00,,UNKNOWN,,,,UNKNOWN,UNKNOWN,,UNKNOWN,,12.0,3.0,3.0,0.0,0.0,2.5333333333333337,3.0,4.0,9.0,0.0,0.0,1.0,,,,0.0,0.6666666666666666,12.0,4.5,0.0,2.033333333333333,6.0,0.0,1.0,0.0,3.0,8.0,,,,True,True,UNKNOWN,False,False,,,,,,,,,,NPB,2024-04-27 14:00:00,1,,,0,
2021020140,2024-04-27 14:00:00,千葉ロッテマリーンズ,東北楽天ゴールデンイーグルス,1.0,4.0,UNKNOWN,ZOZOマリンスタジアム,unknown,low,False,False,2000126.0,1700002.0,[],[],,,,,0,light,2024-04-27 14:00:00+00:00,,UNKNOWN,,,,UNKNOWN,UNKNOWN,,UNKNOWN,,1.2857142857142858,0.7142857142857143,1.2857142857142858,2.571428571428572,0.0,3.7714285714285714,7.0,1.0,3.0,0.0,2.0,1.0,,,,0.0,0.5,10.5,0.0,0.0,0.8666666666666667,6.0,0.0,3.0,0.0,0.0,7.0,,,,True,True,UNKNOWN,False,False,,,,,,,,,,NPB,2024-04-27 14:00:00,1,,,0,
2021020141,2024-04-27 14:00:00,福岡ソフトバンクホークス,埼玉西武ライオンズ,2.0,1.0,UNKNOWN,みずほPayPayドーム福岡,unknown,low,False,False,1600127.0,1700011.0,[],[],,,,,0,light,2024-04-27 14:00:00+00:00,,UNKNOWN,,,,UNKNOWN,UNKNOWN,,UNKNOWN,,1.2857142857142858,1.0,7.714285714285714,2.571428571428572,0.0,2.342857142857143,7.0,1.0,5.0,0.0,2.0,6.0,,,,1.2857142857142858,0.8571428571428571,6.428571428571429,3.857142857142857,1.2857142857142858,4.914285714285715,7.0,1.0,3.0,1.0,3.0,5.0,,,,True,True,UNKNOWN,False,False,,,,,,,,,,NPB,2024-04-27 14:00:00,1,,,0,
2021020145,2024-04-28 13:00:00,北海道日本ハムファイターズ,オリックス・バファローズ,4.0,5.0,UNKNOWN,ES CON FIELD HOKKAIDO,excluded,high,False,False,2107849.0,1500110.0,[],[],,,,,0,light,2024-04-28 13:00:00+00:00,,UNKNOWN,,,,UNKNOWN,UNKNOWN,,UNKNOWN,,0.0,1.090909090909091,9.818181818181818,9.818181818181818,0.0,4.290909090909091,3.6666666666666665,0.0,0.0,0.0,4.0,4.0,,,,1.8,1.0,9.0,1.8,1.8,4.4,5.0,1.0,4.0,1.0,1.0,5.0,,,,True,True,UNKNOWN,False,False,,,,,,,,,,NPB,2024-04-28 13:00:00,1,,,0,
2021020147,2024-04-28 13:00:00,福岡ソフトバンクホークス,埼玉西武ライオンズ,3.0,2.0,UNKNOWN,みずほPayPayドーム福岡,unknown,low,False,False,1751148.0,1200106.0,[],[],,,,,0,light,2024-04-28 13:00:00+00:00,,UNKNOWN,,,,UNKNOWN,UNKNOWN,,UNKNOWN,,2.25,0.875,4.5,1.125,1.125,4.2,8.0,2.0,6.0,1.0,1.0,4.0,,,,1.2857142857142858,0.7142857142857143,6.428571428571429,1.2857142857142858,0.0,2.2,7.0,1.0,4.0,0.0,1.0,5.0,,,,True,True,UNKNOWN,False,False,,,,,,,,,,NPB,2024-04-28 13:00:00,1,,,0,
2021020143,2024-04-28 13:30:00,中日ドラゴンズ,広島東洋カープ,0.0,0.0,UNKNOWN,バンテリンドーム ナゴヤ,excluded,high,False,False,1300058.0,2000042.0,[],[],,,,,0,light,2024-04-28 13:30:00+00:00,,UNKNOWN,,,,UNKNOWN,UNKNOWN,,UNKNOWN,,0.0,0.8571428571428571,3.857142857142857,2.571428571428572,0.0,3.2,7.0,0.0,4.0,0.0,2.0,3.0,,,,0.0,0.7142857142857143,6.428571428571429,2.571428571428572,0.0,2.628571428571429,7.0,0.0,3.0,0.0,2.0,5.0,,,,True,True,UNKNOWN,False,False,,,,,,,,,,NPB,2024-04-28 13:30:00,1,,,0,
2021020142,2024-04-28 14:00:00,横浜DeNAベイスターズ,読売ジャイアンツ,2.0,6.0,UNKNOWN,横浜スタジアム,unknown,low,False,False,1700130.0,1800045.0,[],[],,,,,0,light,2024-04-28 14:00:00+00:00,,UNKNOWN,,,,UNKNOWN,UNKNOWN,,UNKNOWN,,4.153846153846154,1.8461538461538465,2.076923076923077,14.53846153846154,0.0,7.584615384615385,4.333333333333333,2.0,1.0,0.0,7.0,1.0,,,,3.6,1.8,5.4,5.4,0.0,3.8,5.0,2.0,6.0,0.0,3.0,3.0,,,,True,True,UNKNOWN,False,False,,,,,,,,,,NPB,2024-04-28 14:00:00,1,,,0,
2021020144,2024-04-28 14:00:00,阪神タイガース,東京ヤクルトスワローズ,4.0,3.0,UNKNOWN,阪神甲子園球場,unknown,low,False,False,1500139.0,1600115.0,[],[],,,,,0,light,2024-04-28 14:00:00+00:00,,UNKNOWN,,,,UNKNOWN,UNKNOWN,,UNKNOWN,,3.6,1.6,5.4,3.6,0.0,3.2,5.0,2.0,6.0,0.0,2.0,3.0,,,,5.4,2.0,9.0,5.4,0.0,3.0,5.0,3.0,7.0,0.0,3.0,5.0,,,,True,True,UNKNOWN,False,False,,,,,,,,,,NPB,2024-04-28 14:00:00,1,,,0,
2021020146,2024-04-28 14:00:00,千葉ロッテマリーンズ,東北楽天ゴールデンイーグルス,10.0,1.0,UNKNOWN,ZOZOマリンスタジアム,unknown,low,False,False,1900117.0,1800052.0,[],[],,,,,0,light,2024-04-28 14:00:00+00:00,,UNKNOWN,,,,UNKNOWN,UNKNOWN,,UNKNOWN,,15.0,2.6666666666666665,3.0,3.0,0.0,3.5333333333333337,3.0,5.0,7.0,0.0,1.0,1.0,,,,1.2857142857142858,0.7142857142857143,5.142857142857143,0.0,0.0,2.0571428571428574,7.0,1.0,5.0,0.0,0.0,4.0,,,,True,True,UNKNOWN,False,False,,,,,,,,,,NPB,2024-04-28 14:00:00,1,,,0,
2021020151,2024-04-29 13:00:00,北海道日本ハムファイターズ,オリックス・バファローズ,1.0,0.0,UNKNOWN,ES CON FIELD HOKKAIDO,unknown,low,False,False,1750595.0,1750903.0,[],[],,,,,0,light,2024-04-29 13:00:00+00:00,,UNKNOWN,,,,UNKNOWN,UNKNOWN,,UNKNOWN,,0.0,0.5,9.0,1.5,0.0,1.7000000000000002,6.0,0.0,2.0,0.0,1.0,6.0,,,,0.0,1.4285714285714286,6.428571428571429,7.714285714285714,0.0,4.342857142857143,7.0,0.0,4.0,0.0,6.0,5.0,,,,True,True,UNKNOWN,False,False,,,,,,,,,,NPB,2024-04-29 13:00:00,1,,,0,
2021020153,2024-04-29 13:00:00,福岡ソフトバンクホークス,埼玉西武ライオンズ,5.0,4.0,UNKNOWN,みずほPayPayドーム福岡,unknown,low,False,False,1400182.0,1900010.0,[],[],,,,,0,light,2024-04-29 13:00:00+00:00,,UNKNOWN,,,,UNKNOWN,UNKNOWN,,UNKNOWN,,1.2857142857142858,1.1428571428571428,10.285714285714286,2.571428571428572,0.0,1.7714285714285716,7.0,1.0,6.0,0.0,2.0,8.0,,,,1.5,0.8333333333333334,10.5,0.0,3.0,5.2,6.0,1.0,5.0,2.0,0.0,7.0,,,,True,True,UNKNOWN,False,False,,,,,,,,,,NPB,2024-04-29 13:00:00,1,,,0,
2021020148,2024-04-29 14:00:00,読売ジャイアンツ,東京ヤクルトスワローズ,0.0,9.0,UNKNOWN,東京ドーム,unknown,low,False,False,2060039.0,1961407.0,[],[],,,,,0,light,2024-04-29 14:00:00+00:00,,UNKNOWN,,,,UNKNOWN,UNKNOWN,,UNKNOWN,,0.0,0.3333333333333333,5.0,0.0,0.0,2.088888888888889,9.0,0.0,3.0,0.0,0.0,5.0,,,,18.0,3.25,4.5,4.5,4.5,10.2,4.0,8.0,11.0,2.0,2.0,2.0,,,,True,True,UNKNOWN,False,False,2024-04-29 05:00:00+00:00,,UNKNOWN,Open-Meteo Historical Forecast,FAIL_CLOSED_NO_ISSUANCE_TIMESTAMP,24.3,69.0,0.0,8.7,NPB,2024-04-29 14:00:00,1,,,0,
2021020148,2024-04-29 14:00:00,読売ジャイアンツ,東京ヤクルトスワローズ,0.0,9.0,UNKNOWN,東京ドーム,unknown,low,False,False,2060039.0,1961407.0,[],[],,,,,0,light,2024-04-29 14:00:00+00:00,,UNKNOWN,,,,UNKNOWN,UNKNOWN,,UNKNOWN,,0.0,0.3333333333333333,5.0,0.0,0.0,2.088888888888889,9.0,0.0,3.0,0.0,0.0,5.0,,,,18.0,3.25,4.5,4.5,4.5,10.2,4.0,8.0,11.0,2.0,2.0,2.0,,,,True,True,UNKNOWN,False,False,2024-04-29 05:00:00+00:00,,UNKNOWN,Open-Meteo Historical Forecast,FAIL_CLOSED_NO_ISSUANCE_TIMESTAMP,24.3,69.0,0.0,8.7,NPB,2024-04-29 14:00:00,1,,,0,
2021020149,2024-04-29 14:00:00,中日ドラゴンズ,横浜DeNAベイスターズ,11.0,1.0,UNKNOWN,バンテリンドーム ナゴヤ,unknown,low,False,False,2103904.0,1200098.0,[],[],,,,,0,light,2024-04-29 14:00:00+00:00,,UNKNOWN,,,,UNKNOWN,UNKNOWN,,UNKNOWN,,9.0,2.0,11.25,4.5,0.0,2.2,4.0,4.0,6.0,0.0,2.0,5.0,,,,1.0,1.0,7.0,2.0,0.0,2.311111111111112,9.0,1.0,7.0,0.0,2.0,7.0,,,,True,True,UNKNOWN,False,False,,,,,,,,,,NPB,2024-04-29 14:00:00,1,,,0,
2021020152,2024-04-29 14:00:00,千葉ロッテマリーンズ,東北楽天ゴールデンイーグルス,6.0,8.0,UNKNOWN,ZOZOマリンスタジアム,unknown,low,False,False,2106793.0,1600146.0,[],[],,,,,0,light,2024-04-29 14:00:00+00:00,,UNKNOWN,,,,UNKNOWN,UNKNOWN,,UNKNOWN,,7.2,1.8,10.8,7.2,1.8,5.800000000000001,5.0,4.0,5.0,1.0,4.0,6.0,,,,8.4375,2.4375,10.125,11.8125,0.0,4.8875,5.333333333333333,5.0,6.0,0.0,7.0,6.0,,,,True,True,UNKNOWN,False,False,,,,,,,,,,NPB,2024-04-29 14:00:00,1,,,0,
2021020154,2024-04-30 18:00:00,読売ジャイアンツ,東京ヤクルトスワローズ,3.0,4.0,UNKNOWN,東京ドーム,excluded,high,False,False,2108113.0,2000006.0,[],[],,,,,0,light,2024-04-30 18:00:00+00:00,,UNKNOWN,,,,UNKNOWN,UNKNOWN,,UNKNOWN,,4.5,1.75,4.5,6.75,0.0,4.45,4.0,2.0,4.0,0.0,3.0,2.0,,,,3.176470588235294,1.7647058823529411,6.352941176470588,6.352941176470588,0.0,3.905882352941177,5.666666666666667,2.0,6.0,0.0,4.0,4.0,,,,True,True,UNKNOWN,False,False,2024-04-30 09:00:00+00:00,,UNKNOWN,Open-Meteo Historical Forecast,FAIL_CLOSED_NO_ISSUANCE_TIMESTAMP,21.6,86.0,0.0,3.0,NPB,2024-04-30 18:00:00,1,,,0,
2021020154,2024-04-30 18:00:00,読売ジャイアンツ,東京ヤクルトスワローズ,3.0,4.0,UNKNOWN,東京ドーム,excluded,high,False,False,2108113.0,2000006.0,[],[],,,,,0,light,2024-04-30 18:00:00+00:00,,UNKNOWN,,,,UNKNOWN,UNKNOWN,,UNKNOWN,,4.5,1.75,4.5,6.75,0.0,4.45,4.0,2.0,4.0,0.0,3.0,2.0,,,,3.176470588235294,1.7647058823529411,6.352941176470588,6.352941176470588,0.0,3.905882352941177,5.666666666666667,2.0,6.0,0.0,4.0,4.0,,,,True,True,UNKNOWN,False,False,2024-04-30 09:00:00+00:00,,UNKNOWN,Open-Meteo Historical Forecast,FAIL_CLOSED_NO_ISSUANCE_TIMESTAMP,21.6,86.0,0.0,3.0,NPB,2024-04-30 18:00:00,1,,,0,
2021020155,2024-04-30 18:00:00,中日ドラゴンズ,横浜DeNAベイスターズ,1.0,2.0,UNKNOWN,バンテリンドーム ナゴヤ,unknown,low,False,False,2000099.0,1500074.0,[],[],,,,,0,light,2024-04-30 18:00:00+00:00,,UNKNOWN,,,,UNKNOWN,UNKNOWN,,UNKNOWN,,1.5,0.6666666666666666,6.0,0.0,0.0,1.866666666666667,6.0,1.0,4.0,0.0,0.0,4.0,,,,1.5,1.5,6.0,1.5,0.0,2.3666666666666667,6.0,1.0,8.0,0.0,1.0,4.0,,,,True,True,UNKNOWN,False,False,,,,,,,,,,NPB,2024-04-30 18:00:00,1,,,0,
2021020156,2024-04-30 18:00:00,広島東洋カープ,阪神タイガース,1.0,7.0,UNKNOWN,MAZDA Zoom-Zoom スタジアム広島,unknown,low,False,False,2000055.0,1600123.0,[],[],,,,,0,light,2024-04-30 18:00:00+00:00,,UNKNOWN,,,,UNKNOWN,UNKNOWN,,UNKNOWN,,1.0,0.8888888888888888,6.0,1.0,1.0,3.644444444444445,9.0,1.0,7.0,1.0,1.0,6.0,,,,4.5,1.5,1.5,7.5,0.0,5.366666666666667,6.0,3.0,4.0,0.0,5.0,1.0,,,,True,True,UNKNOWN,False,False,,,,,,,,,,NPB,2024-04-30 18:00:00,1,,,0,
2021020157,2024-04-30 18:00:00,埼玉西武ライオンズ,北海道日本ハムファイターズ,1.0,2.0,UNKNOWN,ベルーナドーム,unknown,low,False,False,1400195.0,1700124.0,[],[],,,,,0,light,2024-04-30 18:00:00+00:00,,UNKNOWN,,,,UNKNOWN,UNKNOWN,,UNKNOWN,,1.0,0.3333333333333333,5.0,0.0,0.0,2.088888888888889,9.0,1.0,3.0,0.0,0.0,5.0,,,,1.2857142857142858,1.2857142857142858,6.428571428571429,1.2857142857142858,0.0,2.2,7.0,1.0,8.0,0.0,1.0,5.0,,,,True,True,UNKNOWN,False,False,2024-04-30 09:00:00+00:00,,UNKNOWN,Open-Meteo Historical Forecast,FAIL_CLOSED_NO_ISSUANCE_TIMESTAMP,21.4,82.0,0.0,1.8,NPB,2024-04-30 18:00:00,1,,,0,
2021020157,2024-04-30 18:00:00,埼玉西武ライオンズ,北海道日本ハムファイターズ,1.0,2.0,UNKNOWN,ベルーナドーム,unknown,low,False,False,1400195.0,1700124.0,[],[],,,,,0,light,2024-04-30 18:00:00+00:00,,UNKNOWN,,,,UNKNOWN,UNKNOWN,,UNKNOWN,,1.0,0.3333333333333333,5.0,0.0,0.0,2.088888888888889,9.0,1.0,3.0,0.0,0.0,5.0,,,,1.2857142857142858,1.2857142857142858,6.428571428571429,1.2857142857142858,0.0,2.2,7.0,1.0,8.0,0.0,1.0,5.0,,,,True,True,UNKNOWN,False,False,2024-04-30 09:00:00+00:00,,UNKNOWN,Open-Meteo Historical Forecast,FAIL_CLOSED_NO_ISSUANCE_TIMESTAMP,21.4,82.0,0.0,1.8,NPB,2024-04-30 18:00:00,1,,,0,
2021020158,2024-04-30 18:00:00,オリックス・バファローズ,千葉ロッテマリーンズ,0.0,1.0,UNKNOWN,ほっともっとフィールド神戸,unknown,low,False,False,1900080.0,1900087.0,[],[],,,,,0,light,2024-04-30 18:00:00+00:00,,UNKNOWN,,,,UNKNOWN,UNKNOWN,,UNKNOWN,,0.0,0.8571428571428571,12.857142857142858,2.571428571428572,0.0,1.2000000000000002,7.0,0.0,4.0,0.0,2.0,10.0,,,,1.125,0.75,14.625,1.125,0.0,0.3250000000000002,8.0,1.0,5.0,0.0,1.0,13.0,,,,True,True,UNKNOWN,False,False,,,,,,,,,,NPB,2024-04-30 18:00:00,1,,,0,
2021020159,2024-04-30 18:00:00,福岡ソフトバンクホークス,東北楽天ゴールデンイーグルス,8.0,0.0,UNKNOWN,みずほPayPayドーム福岡,unknown,low,False,False,1961850.0,1400117.0,[],[],,,,,0,light,2024-04-30 18:00:00+00:00,,UNKNOWN,,,,UNKNOWN,UNKNOWN,,UNKNOWN,,14.4,2.8,7.2,3.6,3.6,8.0,5.0,8.0,12.0,2.0,2.0,4.0,,,,0.0,0.625,6.75,1.125,0.0,2.075,8.0,0.0,4.0,0.0,1.0,6.0,,,,True,True,UNKNOWN,False,False,,,,,,,,,,NPB,2024-04-30 18:00:00,1,,,0,
2021020160,2024-05-01 18:00:00,読売ジャイアンツ,東京ヤクルトスワローズ,0.0,4.0,UNKNOWN,東京ドーム,unknown,low,False,False,2103794.0,2103689.0,[],[],,,,,0,light,2024-05-01 18:00:00+00:00,,UNKNOWN,,,,UNKNOWN,UNKNOWN,,UNKNOWN,,0.0,0.7142857142857143,7.714285714285714,1.2857142857142858,0.0,1.9142857142857144,7.0,0.0,4.0,0.0,1.0,6.0,,,,7.2,1.4,0.0,0.0,3.6,8.4,5.0,4.0,7.0,2.0,0.0,0.0,,,,True,True,UNKNOWN,False,False,2024-05-01 09:00:00+00:00,,UNKNOWN,Open-Meteo Historical Forecast,FAIL_CLOSED_NO_ISSUANCE_TIMESTAMP,13.3,90.0,0.9,10.4,NPB,2024-05-01 18:00:00,1,,,0,
2021020160,2024-05-01 18:00:00,読売ジャイアンツ,東京ヤクルトスワローズ,0.0,4.0,UNKNOWN,東京ドーム,unknown,low,False,False,2103794.0,2103689.0,[],[],,,,,0,light,2024-05-01 18:00:00+00:00,,UNKNOWN,,,,UNKNOWN,UNKNOWN,,UNKNOWN,,0.0,0.7142857142857143,7.714285714285714,1.2857142857142858,0.0,1.9142857142857144,7.0,0.0,4.0,0.0,1.0,6.0,,,,7.2,1.4,0.0,0.0,3.6,8.4,5.0,4.0,7.0,2.0,0.0,0.0,,,,True,True,UNKNOWN,False,False,2024-05-01 09:00:00+00:00,,UNKNOWN,Open-Meteo Historical Forecast,FAIL_CLOSED_NO_ISSUANCE_TIMESTAMP,13.3,90.0,0.9,10.4,NPB,2024-05-01 18:00:00,1,,,0,
2021020161,2024-05-01 18:00:00,中日ドラゴンズ,横浜DeNAベイスターズ,1.0,12.0,UNKNOWN,バンテリンドーム ナゴヤ,excluded,high,False,False,1400110.0,500014.0,[],[],,,,,0,light,2024-05-01 18:00:00+00:00,,UNKNOWN,,,,UNKNOWN,UNKNOWN,,UNKNOWN,,1.2857142857142858,0.8571428571428571,9.0,0.0,1.2857142857142858,3.0571428571428574,7.0,1.0,6.0,1.0,0.0,7.0,,,,121.5,13.5,13.5,13.5,13.5,24.2,0.6666666666666666,9.0,8.0,1.0,1.0,1.0,,,,True,True,UNKNOWN,False,False,,,,,,,,,,NPB,2024-05-01 18:00:00,1,,,0,
2021020162,2024-05-01 18:00:00,広島東洋カープ,阪神タイガース,2.0,2.0,UNKNOWN,MAZDA Zoom-Zoom スタジアム広島,unknown,low,False,False,2000052.0,1300057.0,[],[],,,,,0,light,2024-05-01 18:00:00+00:00,,UNKNOWN,,,,UNKNOWN,UNKNOWN,,UNKNOWN,,0.0,1.4,5.4,3.6,0.0,3.2,5.0,0.0,5.0,0.0,2.0,3.0,,,,3.6,1.4,7.2,3.6,0.0,2.8000000000000003,5.0,2.0,5.0,0.0,2.0,4.0,,,,True,True,UNKNOWN,False,False,,,,,,,,,,NPB,2024-05-01 18:00:00,1,,,0,
2021020163,2024-05-01 18:00:00,埼玉西武ライオンズ,北海道日本ハムファイターズ,3.0,1.0,UNKNOWN,ベルーナドーム,unknown,low,False,False,2100027.0,1800080.0,[],[],,,,,0,light,2024-05-01 18:00:00+00:00,,UNKNOWN,,,,UNKNOWN,UNKNOWN,,UNKNOWN,,1.8,1.0,7.2,0.0,1.8,4.2,5.0,1.0,5.0,1.0,0.0,4.0,,,,1.125,0.625,5.625,1.125,1.125,3.95,8.0,1.0,4.0,1.0,1.0,5.0,,,,True,True,UNKNOWN,False,False,2024-05-01 09:00:00+00:00,,UNKNOWN,Open-Meteo Historical Forecast,FAIL_CLOSED_NO_ISSUANCE_TIMESTAMP,12.8,93.0,0.8,8.9,NPB,2024-05-01 18:00:00,1,,,0,
2021020163,2024-05-01 18:00:00,埼玉西武ライオンズ,北海道日本ハムファイターズ,3.0,1.0,UNKNOWN,ベルーナドーム,unknown,low,False,False,2100027.0,1800080.0,[],[],,,,,0,light,2024-05-01 18:00:00+00:00,,UNKNOWN,,,,UNKNOWN,UNKNOWN,,UNKNOWN,,1.8,1.0,7.2,0.0,1.8,4.2,5.0,1.0,5.0,1.0,0.0,4.0,,,,1.125,0.625,5.625,1.125,1.125,3.95,8.0,1.0,4.0,1.0,1.0,5.0,,,,True,True,UNKNOWN,False,False,2024-05-01 09:00:00+00:00,,UNKNOWN,Open-Meteo Historical Forecast,FAIL_CLOSED_NO_ISSUANCE_TIMESTAMP,12.8,93.0,0.8,8.9,NPB,2024-05-01 18:00:00,1,,,0,
2021020164,2024-05-01 18:00:00,オリックス・バファローズ,千葉ロッテマリーンズ,3.0,6.0,UNKNOWN,ほっともっとフィールド神戸,excluded,high,False,False,2112793.0,1700109.0,[],[],,,,,0,light,2024-05-01 18:00:00+00:00,,UNKNOWN,,,,UNKNOWN,UNKNOWN,,UNKNOWN,,2.25,1.5,9.0,6.75,2.25,6.7,4.0,1.0,3.0,1.0,3.0,4.0,,,,0.0,1.4,7.2,5.4,0.0,3.4000000000000004,5.0,0.0,4.0,0.0,3.0,4.0,,,,True,True,UNKNOWN,False,False,,,,,,,,,,NPB,2024-05-01 18:00:00,1,,,0,
2021020165,2024-05-01 18:00:00,福岡ソフトバンクホークス,東北楽天ゴールデンイーグルス,3.0,4.0,UNKNOWN,みずほPayPayドーム福岡,unknown,low,False,False,2000123.0,1900106.0,[],[],,,,,0,light,2024-05-01 18:00:00+00:00,,UNKNOWN,,,,UNKNOWN,UNKNOWN,,UNKNOWN,,0.0,1.0,7.2,1.8,0.0,2.2,5.0,0.0,4.0,0.0,1.0,4.0,,,,6.75,2.25,2.25,9.0,2.25,8.95,4.0,3.0,5.0,1.0,4.0,1.0,,,,True,True,UNKNOWN,False,False,,,,,,,,,,NPB,2024-05-01 18:00:00,1,,,0,
2021020169,2024-05-03 13:00:00,東北楽天ゴールデンイーグルス,千葉ロッテマリーンズ,12.0,1.0,UNKNOWN,楽天モバイルパーク宮城,unknown,low,False,False,900081.0,2000121.0,[],[],,,,,0,light,2024-05-03 13:00:00+00:00,,UNKNOWN,,,,UNKNOWN,UNKNOWN,,UNKNOWN,,9.0,1.5,4.5,1.5,1.5,4.866666666666667,6.0,6.0,8.0,1.0,1.0,3.0,,,,1.0,0.8888888888888888,8.0,2.0,0.0,2.088888888888889,9.0,1.0,6.0,0.0,2.0,8.0,,,,True,True,UNKNOWN,False,False,,,,,,,,,,NPB,2024-05-03 13:00:00,1,,,0,
2021020171,2024-05-03 13:00:00,オリックス・バファローズ,北海道日本ハムファイターズ,0.0,3.0,UNKNOWN,京セラドーム大阪,unknown,low,False,False,1900073.0,1700118.0,[],[],,,,,0,light,2024-05-03 13:00:00+00:00,,UNKNOWN,,,,UNKNOWN,UNKNOWN,,UNKNOWN,,0.0,0.5625,1.6875,3.375,0.0,3.95,5.333333333333333,0.0,1.0,0.0,2.0,1.0,,,,3.5217391304347823,0.9130434782608696,4.695652173913043,2.347826086956521,0.0,2.939130434782609,7.666666666666667,3.0,5.0,0.0,2.0,4.0,,,,True,True,UNKNOWN,False,False,,,,,,,,,,NPB,2024-05-03 13:00:00,1,,,0,
2021020167,2024-05-03 14:00:00,東京ヤクルトスワローズ,中日ドラゴンズ,5.0,3.0,UNKNOWN,明治神宮野球場,unknown,low,False,False,1660558.0,1200076.0,[],[],,,,,0,light,2024-05-03 14:00:00+00:00,,UNKNOWN,,,,UNKNOWN,UNKNOWN,,UNKNOWN,,6.75,2.0,6.75,6.75,2.25,7.2,4.0,3.0,5.0,1.0,3.0,3.0,,,,3.0,1.5,1.5,0.0,0.0,2.8666666666666667,6.0,2.0,9.0,0.0,0.0,1.0,,,,True,True,UNKNOWN,False,False,,,,,,,,,,NPB,2024-05-03 14:00:00,1,,,0,
2021020168,2024-05-03 14:00:00,広島東洋カープ,横浜DeNAベイスターズ,0.0,2.0,UNKNOWN,MAZDA Zoom-Zoom スタジアム広島,unknown,low,False,False,1700058.0,1600125.0,[],[],,,,,0,light,2024-05-03 14:00:00+00:00,,UNKNOWN,,,,UNKNOWN,UNKNOWN,,UNKNOWN,,0.0,0.9545454545454546,2.4545454545454546,0.0,0.0,2.6545454545454548,7.333333333333333,0.0,7.0,0.0,0.0,2.0,,,,3.0,0.6666666666666666,4.5,0.0,0.0,2.2,6.0,2.0,4.0,0.0,0.0,3.0,,,,True,True,UNKNOWN,False,False,,,,,,,,,,NPB,2024-05-03 14:00:00,1,,,0,
2021020166,2024-05-03 18:00:00,読売ジャイアンツ,阪神タイガース,8.0,5.0,UNKNOWN,東京ドーム,excluded,high,False,False,2104016.0,1800028.0,[],[],,,,,0,light,2024-05-03 18:00:00+00:00,,UNKNOWN,,,,UNKNOWN,UNKNOWN,,UNKNOWN,,12.0,2.6666666666666665,3.0,6.0,3.0,8.866666666666667,3.0,4.0,6.0,1.0,2.0,1.0,,,,4.764705882352941,1.0588235294117647,11.117647058823527,4.764705882352941,3.176470588235294,6.905882352941177,5.666666666666667,3.0,3.0,2.0,3.0,7.0,,,,True,True,UNKNOWN,False,False,2024-05-03 09:00:00+00:00,,UNKNOWN,Open-Meteo Historical Forecast,FAIL_CLOSED_NO_ISSUANCE_TIMESTAMP,19.4,64.0,0.0,7.9,NPB,2024-05-03 18:00:00,1,,,0,
2021020166,2024-05-03 18:00:00,読売ジャイアンツ,阪神タイガース,8.0,5.0,UNKNOWN,東京ドーム,excluded,high,False,False,2104016.0,1800028.0,[],[],,,,,0,light,2024-05-03 18:00:00+00:00,,UNKNOWN,,,,UNKNOWN,UNKNOWN,,UNKNOWN,,12.0,2.6666666666666665,3.0,6.0,3.0,8.866666666666667,3.0,4.0,6.0,1.0,2.0,1.0,,,,4.764705882352941,1.0588235294117647,11.117647058823527,4.764705882352941,3.176470588235294,6.905882352941177,5.666666666666667,3.0,3.0,2.0,3.0,7.0,,,,True,True,UNKNOWN,False,False,2024-05-03 09:00:00+00:00,,UNKNOWN,Open-Meteo Historical Forecast,FAIL_CLOSED_NO_ISSUANCE_TIMESTAMP,19.4,64.0,0.0,7.9,NPB,2024-05-03 18:00:00,1,,,0,
2021020170,2024-05-03 18:00:00,埼玉西武ライオンズ,福岡ソフトバンクホークス,1.0,0.0,UNKNOWN,ベルーナドーム,unknown,low,False,False,1550517.0,2105080.0,[],[],,,,,0,light,2024-05-03 18:00:00+00:00,,UNKNOWN,,,,UNKNOWN,UNKNOWN,,UNKNOWN,,1.5,1.0,4.5,4.5,0.0,3.7,6.0,1.0,3.0,0.0,3.0,3.0,,,,0.0,0.625,9.0,1.125,0.0,1.5750000000000002,8.0,0.0,4.0,0.0,1.0,8.0,,,,True,True,UNKNOWN,False,False,2024-05-03 09:00:00+00:00,,UNKNOWN,Open-Meteo Historical Forecast,FAIL_CLOSED_NO_ISSUANCE_TIMESTAMP,18.7,68.0,0.0,8.3,NPB,2024-05-03 18:00:00,1,,,0,
2021020170,2024-05-03 18:00:00,埼玉西武ライオンズ,福岡ソフトバンクホークス,1.0,0.0,UNKNOWN,ベルーナドーム,unknown,low,False,False,1550517.0,2105080.0,[],[],,,,,0,light,2024-05-03 18:00:00+00:00,,UNKNOWN,,,,UNKNOWN,UNKNOWN,,UNKNOWN,,1.5,1.0,4.5,4.5,0.0,3.7,6.0,1.0,3.0,0.0,3.0,3.0,,,,0.0,0.625,9.0,1.125,0.0,1.5750000000000002,8.0,0.0,4.0,0.0,1.0,8.0,,,,True,True,UNKNOWN,False,False,2024-05-03 09:00:00+00:00,,UNKNOWN,Open-Meteo Historical Forecast,FAIL_CLOSED_NO_ISSUANCE_TIMESTAMP,18.7,68.0,0.0,8.3,NPB,2024-05-03 18:00:00,1,,,0,
2021020175,2024-05-04 13:00:00,東北楽天ゴールデンイーグルス,千葉ロッテマリーンズ,0.0,2.0,UNKNOWN,楽天モバイルパーク宮城,unknown,low,False,False,1700002.0,2000126.0,[],[],,,,,0,light,2024-05-04 13:00:00+00:00,,UNKNOWN,,,,UNKNOWN,UNKNOWN,,UNKNOWN,,0.0,1.0,6.0,3.0,0.0,2.8666666666666667,6.0,0.0,4.0,0.0,2.0,4.0,,,,2.4545454545454546,1.2272727272727273,2.4545454545454546,1.2272727272727273,1.2272727272727273,4.836363636363637,7.333333333333333,2.0,8.0,1.0,1.0,2.0,,,,True,True,UNKNOWN,False,False,,,,,,,,,,NPB,2024-05-04 13:00:00,1,,,0,
2021020176,2024-05-04 13:00:00,埼玉西武ライオンズ,福岡ソフトバンクホークス,5.0,4.0,UNKNOWN,ベルーナドーム,unknown,low,False,False,1700011.0,1600127.0,[],[],,,,,0,light,2024-05-04 13:00:00+00:00,,UNKNOWN,,,,UNKNOWN,UNKNOWN,,UNKNOWN,,1.2857142857142858,1.4285714285714286,7.714285714285714,2.571428571428572,0.0,2.342857142857143,7.0,1.0,8.0,0.0,2.0,6.0,,,,3.857142857142857,1.7142857142857142,7.714285714285714,5.142857142857143,0.0,3.2,7.0,3.0,8.0,0.0,4.0,6.0,,,,True,True,UNKNOWN,False,False,2024-05-04 04:00:00+00:00,,UNKNOWN,Open-Meteo Historical Forecast,FAIL_CLOSED_NO_ISSUANCE_TIMESTAMP,26.1,33.0,0.0,5.7,NPB,2024-05-04 13:00:00,1,,,0,
2021020176,2024-05-04 13:00:00,埼玉西武ライオンズ,福岡ソフトバンクホークス,5.0,4.0,UNKNOWN,ベルーナドーム,unknown,low,False,False,1700011.0,1600127.0,[],[],,,,,0,light,2024-05-04 13:00:00+00:00,,UNKNOWN,,,,UNKNOWN,UNKNOWN,,UNKNOWN,,1.2857142857142858,1.4285714285714286,7.714285714285714,2.571428571428572,0.0,2.342857142857143,7.0,1.0,8.0,0.0,2.0,6.0,,,,3.857142857142857,1.7142857142857142,7.714285714285714,5.142857142857143,0.0,3.2,7.0,3.0,8.0,0.0,4.0,6.0,,,,True,True,UNKNOWN,False,False,2024-05-04 04:00:00+00:00,,UNKNOWN,Open-Meteo Historical Forecast,FAIL_CLOSED_NO_ISSUANCE_TIMESTAMP,26.1,33.0,0.0,5.7,NPB,2024-05-04 13:00:00,1,,,0,
2021020177,2024-05-04 13:00:00,オリックス・バファローズ,北海道日本ハムファイターズ,3.0,1.0,UNKNOWN,京セラドーム大阪,unknown,low,False,False,1500110.0,2108177.0,[],[],,,,,0,light,2024-05-04 13:00:00+00:00,,UNKNOWN,,,,UNKNOWN,UNKNOWN,,UNKNOWN,,3.0,1.3333333333333333,1.5,1.5,0.0,3.3666666666666667,6.0,2.0,7.0,0.0,1.0,1.0,,,,1.5,1.5,6.0,1.5,0.0,2.3666666666666667,6.0,1.0,8.0,0.0,1.0,4.0,,,,True,True,UNKNOWN,False,False,,,,,,,,,,NPB,2024-05-04 13:00:00,1,,,0,
2021020174,2024-05-04 13:30:00,広島東洋カープ,横浜DeNAベイスターズ,4.0,1.0,UNKNOWN,MAZDA Zoom-Zoom スタジアム広島,unknown,low,False,False,1961374.0,1900052.0,[],[],,,,,0,light,2024-05-04 13:30:00+00:00,,UNKNOWN,,,,UNKNOWN,UNKNOWN,,UNKNOWN,,4.2631578947368425,1.5789473684210529,7.105263157894737,1.4210526315789471,0.0,2.094736842105263,6.333333333333333,3.0,9.0,0.0,1.0,5.0,,,,0.0,0.2857142857142857,3.857142857142857,0.0,0.0,2.342857142857143,7.0,0.0,2.0,0.0,0.0,3.0,,,,True,True,UNKNOWN,False,False,,,,,,,,,,NPB,2024-05-04 13:30:00,1,,,0,
2021020172,2024-05-04 18:00:00,読売ジャイアンツ,阪神タイガース,2.0,1.0,UNKNOWN,東京ドーム,unknown,low,False,False,900062.0,1200041.0,[],[],,,,,0,light,2024-05-04 18:00:00+00:00,,UNKNOWN,,,,UNKNOWN,UNKNOWN,,UNKNOWN,,0.0,0.5714285714285714,9.0,1.2857142857142858,0.0,1.6285714285714288,7.0,0.0,3.0,0.0,1.0,7.0,,,,1.2857142857142858,1.0,3.857142857142857,1.2857142857142858,0.0,2.771428571428572,7.0,1.0,6.0,0.0,1.0,3.0,,,,True,True,UNKNOWN,False,False,2024-05-04 09:00:00+00:00,,UNKNOWN,Open-Meteo Historical Forecast,FAIL_CLOSED_NO_ISSUANCE_TIMESTAMP,22.4,56.0,0.0,5.5,NPB,2024-05-04 18:00:00,1,,,0,
2021020172,2024-05-04 18:00:00,読売ジャイアンツ,阪神タイガース,2.0,1.0,UNKNOWN,東京ドーム,unknown,low,False,False,900062.0,1200041.0,[],[],,,,,0,light,2024-05-04 18:00:00+00:00,,UNKNOWN,,,,UNKNOWN,UNKNOWN,,UNKNOWN,,0.0,0.5714285714285714,9.0,1.2857142857142858,0.0,1.6285714285714288,7.0,0.0,3.0,0.0,1.0,7.0,,,,1.2857142857142858,1.0,3.857142857142857,1.2857142857142858,0.0,2.771428571428572,7.0,1.0,6.0,0.0,1.0,3.0,,,,True,True,UNKNOWN,False,False,2024-05-04 09:00:00+00:00,,UNKNOWN,Open-Meteo Historical Forecast,FAIL_CLOSED_NO_ISSUANCE_TIMESTAMP,22.4,56.0,0.0,5.5,NPB,2024-05-04 18:00:00,1,,,0,
2021020173,2024-05-04 18:00:00,東京ヤクルトスワローズ,中日ドラゴンズ,7.0,7.0,UNKNOWN,明治神宮野球場,unknown,low,False,False,1600106.0,2000139.0,[],[],,,,,0,light,2024-05-04 18:00:00+00:00,,UNKNOWN,,,,UNKNOWN,UNKNOWN,,UNKNOWN,,21.6,4.2,0.0,10.8,0.0,6.800000000000001,1.6666666666666663,4.0,5.0,0.0,2.0,0.0,,,,5.4,1.4,5.4,1.8,0.0,2.6,5.0,3.0,6.0,0.0,1.0,3.0,,,,True,True,UNKNOWN,False,False,,,,,,,,,,NPB,2024-05-04 18:00:00,1,,,0,
2021020181,2024-05-05 13:00:00,東北楽天ゴールデンイーグルス,千葉ロッテマリーンズ,1.0,4.0,UNKNOWN,楽天モバイルパーク宮城,unknown,low,False,False,1800052.0,700065.0,[],[],,,,,0,light,2024-05-05 13:00:00+00:00,,UNKNOWN,,,,UNKNOWN,UNKNOWN,,UNKNOWN,,1.0,0.5555555555555556,3.0,0.0,1.0,3.977777777777778,9.0,1.0,5.0,1.0,0.0,3.0,,,,5.4,1.7999999999999998,4.05,4.05,0.0,3.65,6.666666666666667,4.0,9.0,0.0,3.0,3.0,,,,True,True,UNKNOWN,False,False,,,,,,,,,,NPB,2024-05-05 13:00:00,1,,,0,
2021020182,2024-05-05 13:00:00,埼玉西武ライオンズ,福岡ソフトバンクホークス,0.0,4.0,UNKNOWN,ベルーナドーム,unknown,low,False,False,1200106.0,1751148.0,[],[],,,,,0,light,2024-05-05 13:00:00+00:00,,UNKNOWN,,,,UNKNOWN,UNKNOWN,,UNKNOWN,,0.0,1.4,3.6,5.4,0.0,4.2,5.0,0.0,4.0,0.0,3.0,2.0,,,,5.684210526315789,1.4210526315789471,8.526315789473685,2.8421052631578947,1.4210526315789471,4.305263157894737,6.333333333333333,4.0,7.0,1.0,2.0,6.0,,,,True,True,UNKNOWN,False,False,2024-05-05 04:00:00+00:00,,UNKNOWN,Open-Meteo Historical Forecast,FAIL_CLOSED_NO_ISSUANCE_TIMESTAMP,26.8,34.0,0.0,12.4,NPB,2024-05-05 13:00:00,1,,,0,
2021020182,2024-05-05 13:00:00,埼玉西武ライオンズ,福岡ソフトバンクホークス,0.0,4.0,UNKNOWN,ベルーナドーム,unknown,low,False,False,1200106.0,1751148.0,[],[],,,,,0,light,2024-05-05 13:00:00+00:00,,UNKNOWN,,,,UNKNOWN,UNKNOWN,,UNKNOWN,,0.0,1.4,3.6,5.4,0.0,4.2,5.0,0.0,4.0,0.0,3.0,2.0,,,,5.684210526315789,1.4210526315789471,8.526315789473685,2.8421052631578947,1.4210526315789471,4.305263157894737,6.333333333333333,4.0,7.0,1.0,2.0,6.0,,,,True,True,UNKNOWN,False,False,2024-05-05 04:00:00+00:00,,UNKNOWN,Open-Meteo Historical Forecast,FAIL_CLOSED_NO_ISSUANCE_TIMESTAMP,26.8,34.0,0.0,12.4,NPB,2024-05-05 13:00:00,1,,,0,
2021020183,2024-05-05 13:00:00,オリックス・バファローズ,北海道日本ハムファイターズ,3.0,6.0,UNKNOWN,京セラドーム大阪,unknown,low,False,False,2000079.0,2101291.0,[],[],,,,,0,light,2024-05-05 13:00:00+00:00,,UNKNOWN,,,,UNKNOWN,UNKNOWN,,UNKNOWN,,4.05,1.65,1.35,4.05,0.0,4.25,6.666666666666667,3.0,8.0,0.0,3.0,1.0,,,,2.8421052631578947,1.2631578947368425,9.947368421052632,0.0,0.0,0.9894736842105264,6.333333333333333,2.0,8.0,0.0,0.0,7.0,,,,True,True,UNKNOWN,False,False,,,,,,,,,,NPB,2024-05-05 13:00:00,1,,,0,
2021020180,2024-05-05 13:30:00,広島東洋カープ,横浜DeNAベイスターズ,0.0,5.0,UNKNOWN,MAZDA Zoom-Zoom スタジアム広島,unknown,low,False,False,1800045.0,1300058.0,[],[],,,,,0,light,2024-05-05 13:30:00+00:00,,UNKNOWN,,,,UNKNOWN,UNKNOWN,,UNKNOWN,,0.0,0.7142857142857143,6.428571428571429,2.571428571428572,0.0,2.628571428571429,7.0,0.0,3.0,0.0,2.0,5.0,,,,6.0,1.6666666666666667,6.0,1.5,3.0,6.7,6.0,4.0,9.0,2.0,1.0,4.0,,,,True,True,UNKNOWN,False,False,,,,,,,,,,NPB,2024-05-05 13:30:00,1,,,0,
2021020178,2024-05-05 14:00:00,読売ジャイアンツ,阪神タイガース,2.0,4.0,UNKNOWN,東京ドーム,unknown,low,False,False,1600115.0,1700130.0,[],[],,,,,0,light,2024-05-05 14:00:00+00:00,,UNKNOWN,,,,UNKNOWN,UNKNOWN,,UNKNOWN,,3.6,1.4,7.2,0.0,0.0,1.6,5.0,2.0,7.0,0.0,0.0,4.0,,,,3.6,1.6,3.6,3.6,1.8,6.2,5.0,2.0,6.0,1.0,2.0,2.0,,,,True,True,UNKNOWN,False,False,2024-05-05 05:00:00+00:00,,UNKNOWN,Open-Meteo Historical Forecast,FAIL_CLOSED_NO_ISSUANCE_TIMESTAMP,26.2,50.0,0.0,8.7,NPB,2024-05-05 14:00:00,1,,,0,
2021020178,2024-05-05 14:00:00,読売ジャイアンツ,阪神タイガース,2.0,4.0,UNKNOWN,東京ドーム,unknown,low,False,False,1600115.0,1700130.0,[],[],,,,,0,light,2024-05-05 14:00:00+00:00,,UNKNOWN,,,,UNKNOWN,UNKNOWN,,UNKNOWN,,3.6,1.4,7.2,0.0,0.0,1.6,5.0,2.0,7.0,0.0,0.0,4.0,,,,3.6,1.6,3.6,3.6,1.8,6.2,5.0,2.0,6.0,1.0,2.0,2.0,,,,True,True,UNKNOWN,False,False,2024-05-05 05:00:00+00:00,,UNKNOWN,Open-Meteo Historical Forecast,FAIL_CLOSED_NO_ISSUANCE_TIMESTAMP,26.2,50.0,0.0,8.7,NPB,2024-05-05 14:00:00,1,,,0,
2021020179,2024-05-05 18:00:00,東京ヤクルトスワローズ,中日ドラゴンズ,3.0,6.0,UNKNOWN,明治神宮野球場,unknown,low,False,False,2000042.0,1500139.0,[],[],,,,,0,light,2024-05-05 18:00:00+00:00,,UNKNOWN,,,,UNKNOWN,UNKNOWN,,UNKNOWN,,0.0,0.6923076923076924,11.423076923076923,3.1153846153846154,0.0,1.7000000000000002,8.666666666666666,0.0,3.0,0.0,3.0,11.0,,,,3.0,1.3333333333333333,9.0,0.0,1.5,3.3666666666666667,6.0,2.0,8.0,1.0,0.0,6.0,,,,True,True,UNKNOWN,False,False,,,,,,,,,,NPB,2024-05-05 18:00:00,1,,,0,
2021020188,2024-05-06 14:00:00,千葉ロッテマリーンズ,埼玉西武ライオンズ,8.0,1.0,UNKNOWN,ZOZOマリンスタジアム,unknown,low,False,False,1400182.0,1600146.0,[],[],,,,,0,light,2024-05-06 14:00:00+00:00,,UNKNOWN,,,,UNKNOWN,UNKNOWN,,UNKNOWN,,4.5,1.75,4.5,2.25,2.25,6.2,4.0,2.0,6.0,1.0,1.0,2.0,,,,0.0,0.5714285714285714,7.714285714285714,1.2857142857142858,0.0,1.9142857142857144,7.0,0.0,3.0,0.0,1.0,6.0,,,,True,True,UNKNOWN,False,False,,,,,,,,,,NPB,2024-05-06 14:00:00,1,,,0,
2021020184,2024-05-06 18:00:00,横浜DeNAベイスターズ,東京ヤクルトスワローズ,6.0,5.0,UNKNOWN,横浜スタジアム,unknown,low,False,False,12113.0,2103904.0,[],[],,,,,0,light,2024-05-06 18:00:00+00:00,,UNKNOWN,,,,UNKNOWN,UNKNOWN,,UNKNOWN,,3.6,0.8,0.0,1.8,0.0,3.8,5.0,2.0,3.0,0.0,1.0,0.0,,,,5.4,1.4,5.4,10.8,1.8,8.2,5.0,3.0,1.0,1.0,6.0,3.0,,,,True,True,UNKNOWN,False,False,,,,,,,,,,NPB,2024-05-06 18:00:00,1,,,0,
2021020185,2024-05-06 18:00:00,中日ドラゴンズ,読売ジャイアンツ,2.0,0.0,UNKNOWN,バンテリンドーム ナゴヤ,unknown,low,False,False,1800026.0,1800060.0,[],[],,,,,0,light,2024-05-06 18:00:00+00:00,,UNKNOWN,,,,UNKNOWN,UNKNOWN,,UNKNOWN,,4.5,2.0,0.0,4.5,0.0,4.7,4.0,2.0,6.0,0.0,2.0,0.0,,,,0.0,0.5625,6.75,3.375,0.0,2.825,5.333333333333333,0.0,1.0,0.0,2.0,4.0,,,,True,True,UNKNOWN,False,False,,,,,,,,,,NPB,2024-05-06 18:00:00,1,,,0,
2021020187,2024-05-06 18:00:00,東北楽天ゴールデンイーグルス,オリックス・バファローズ,2.0,4.0,UNKNOWN,楽天モバイルパーク宮城,unknown,low,False,False,1750595.0,2106793.0,[],[],,,,,0,light,2024-05-06 18:00:00+00:00,,UNKNOWN,,,,UNKNOWN,UNKNOWN,,UNKNOWN,,2.347826086956521,0.7826086956521738,9.391304347826086,1.1739130434782608,0.0,1.5043478260869567,7.666666666666667,2.0,5.0,0.0,1.0,8.0,,,,1.8,1.0,9.0,1.8,1.8,4.4,5.0,1.0,4.0,1.0,1.0,5.0,,,,True,True,UNKNOWN,False,False,,,,,,,,,,NPB,2024-05-06 18:00:00,1,,,0,
2021020189,2024-05-06 18:00:00,福岡ソフトバンクホークス,北海道日本ハムファイターズ,9.0,4.0,UNKNOWN,みずほPayPayドーム福岡,excluded,high,False,False,1750903.0,20204.0,[],[],,,,,0,light,2024-05-06 18:00:00+00:00,,UNKNOWN,,,,UNKNOWN,UNKNOWN,,UNKNOWN,,18.0,3.0,9.0,6.0,6.0,11.866666666666667,3.0,6.0,7.0,2.0,2.0,3.0,,,,7.2,1.8,9.0,1.8,0.0,1.8000000000000005,5.0,4.0,8.0,0.0,1.0,5.0,,,,True,True,UNKNOWN,False,False,,,,,,,,,,NPB,2024-05-06 18:00:00,1,,,0,
2021020190,2024-05-07 18:00:00,中日ドラゴンズ,読売ジャイアンツ,0.0,2.0,UNKNOWN,バンテリンドーム ナゴヤ,unknown,low,False,False,2000006.0,500014.0,[],[],,,,,0,light,2024-05-07 18:00:00+00:00,,UNKNOWN,,,,UNKNOWN,UNKNOWN,,UNKNOWN,,0.0,0.5555555555555556,6.0,1.0,0.0,2.2,9.0,0.0,4.0,0.0,1.0,6.0,,,,2.7,1.2,6.75,6.75,0.0,3.95,6.666666666666667,2.0,3.0,0.0,5.0,5.0,,,,True,True,UNKNOWN,False,False,,,,,,,,,,NPB,2024-05-07 18:00:00,1,,,0,
2021020191,2024-05-07 18:00:00,阪神タイガース,広島東洋カープ,0.0,2.0,UNKNOWN,阪神甲子園球場,unknown,low,False,False,1600123.0,2000055.0,[],[],,,,,0,light,2024-05-07 18:00:00+00:00,,UNKNOWN,,,,UNKNOWN,UNKNOWN,,UNKNOWN,,0.0,1.2272727272727273,6.136363636363637,2.4545454545454546,0.0,2.6545454545454548,7.333333333333333,0.0,7.0,0.0,2.0,5.0,,,,0.0,0.7142857142857143,10.285714285714286,0.0,0.0,0.9142857142857146,7.0,0.0,5.0,0.0,0.0,8.0,,,,True,True,UNKNOWN,False,False,,,,,,,,,,NPB,2024-05-07 18:00:00,1,,,0,
2021020192,2024-05-07 18:00:00,千葉ロッテマリーンズ,埼玉西武ライオンズ,6.0,1.0,UNKNOWN,ZOZOマリンスタジアム,unknown,low,False,False,1660539.0,2112793.0,[],[],,,,,0,light,2024-05-07 18:00:00+00:00,,UNKNOWN,,,,UNKNOWN,UNKNOWN,,UNKNOWN,,3.6,1.8,7.2,3.6,0.0,2.8000000000000003,5.0,2.0,7.0,0.0,2.0,4.0,,,,0.0,1.4,9.0,3.6,0.0,2.4000000000000004,5.0,0.0,5.0,0.0,2.0,5.0,,,,True,True,UNKNOWN,False,False,,,,,,,,,,NPB,2024-05-07 18:00:00,1,,,0,
2021020193,2024-05-07 18:00:00,福岡ソフトバンクホークス,北海道日本ハムファイターズ,2.0,1.0,UNKNOWN,みずほPayPayドーム福岡,unknown,low,False,False,1400195.0,1400117.0,[],[],,,,,0,light,2024-05-07 18:00:00+00:00,,UNKNOWN,,,,UNKNOWN,UNKNOWN,,UNKNOWN,,1.2857142857142858,1.0,3.857142857142857,2.571428571428572,1.2857142857142858,5.057142857142857,7.0,1.0,5.0,1.0,2.0,3.0,,,,0.0,1.0,6.75,3.375,0.0,2.825,8.0,0.0,5.0,0.0,3.0,6.0,,,,True,True,UNKNOWN,False,False,,,,,,,,,,NPB,2024-05-07 18:00:00,1,,,0,
2021020194,2024-05-08 18:00:00,横浜DeNAベイスターズ,東京ヤクルトスワローズ,2.0,6.0,UNKNOWN,横浜スタジアム,unknown,low,False,False,2103794.0,1400110.0,[],[],,,,,0,light,2024-05-08 18:00:00+00:00,,UNKNOWN,,,,UNKNOWN,UNKNOWN,,UNKNOWN,,1.8,1.6,9.0,3.6,0.0,2.4000000000000004,5.0,1.0,6.0,0.0,2.0,5.0,,,,5.4,1.2,5.4,1.8,0.0,2.6,5.0,3.0,5.0,0.0,1.0,3.0,,,,True,True,UNKNOWN,False,False,,,,,,,,,,NPB,2024-05-08 18:00:00,1,,,0,
2021020195,2024-05-08 18:00:00,中日ドラゴンズ,読売ジャイアンツ,1.0,4.0,UNKNOWN,バンテリンドーム ナゴヤ,unknown,low,False,False,1900016.0,1500074.0,[],[],,,,,0,light,2024-05-08 18:00:00+00:00,,UNKNOWN,,,,UNKNOWN,UNKNOWN,,UNKNOWN,,0.0,1.2352941176470589,3.176470588235294,1.588235294117647,0.0,3.0235294117647062,5.666666666666667,0.0,6.0,0.0,1.0,2.0,,,,1.2857142857142858,1.0,6.428571428571429,2.571428571428572,0.0,2.628571428571429,7.0,1.0,5.0,0.0,2.0,5.0,,,,True,True,UNKNOWN,False,False,,,,,,,,,,NPB,2024-05-08 18:00:00,1,,,0,
2021020196,2024-05-08 18:00:00,阪神タイガース,広島東洋カープ,1.0,3.0,UNKNOWN,阪神甲子園球場,unknown,low,False,False,1300057.0,1700137.0,[],[],,,,,0,light,2024-05-08 18:00:00+00:00,,UNKNOWN,,,,UNKNOWN,UNKNOWN,,UNKNOWN,,1.2857142857142858,0.8571428571428571,5.142857142857143,2.571428571428572,0.0,2.9142857142857146,7.0,1.0,4.0,0.0,2.0,4.0,,,,1.5,0.8333333333333334,10.5,1.5,1.5,3.5333333333333337,6.0,1.0,4.0,1.0,1.0,7.0,,,,True,True,UNKNOWN,False,False,,,,,,,,,,NPB,2024-05-08 18:00:00,1,,,0,
2021020197,2024-05-08 18:00:00,東北楽天ゴールデンイーグルス,オリックス・バファローズ,4.0,1.0,UNKNOWN,こまちスタジアム,unknown,low,False,False,1900087.0,2000123.0,[],[],,,,,0,light,2024-05-08 18:00:00+00:00,,UNKNOWN,,,,UNKNOWN,UNKNOWN,,UNKNOWN,,4.5,2.5,4.5,2.25,0.0,2.95,4.0,2.0,9.0,0.0,1.0,2.0,,,,1.8,1.2,3.6,0.0,1.8,5.0,5.0,1.0,6.0,1.0,0.0,2.0,,,,True,True,UNKNOWN,False,False,,,,,,,,,,NPB,2024-05-08 18:00:00,1,,,0,
2021020198,2024-05-08 18:00:00,福岡ソフトバンクホークス,北海道日本ハムファイターズ,3.0,1.0,UNKNOWN,みずほPayPayドーム福岡,unknown,low,False,False,2107859.0,1300080.0,[],[],,,,,0,light,2024-05-08 18:00:00+00:00,,UNKNOWN,,,,UNKNOWN,UNKNOWN,,UNKNOWN,,4.5,1.75,2.25,2.25,0.0,3.45,4.0,2.0,6.0,0.0,1.0,1.0,,,,1.5,0.5,7.5,0.0,0.0,1.5333333333333334,6.0,1.0,3.0,0.0,0.0,5.0,,,,True,True,UNKNOWN,False,False,,,,,,,,,,NPB,2024-05-08 18:00:00,1,,,0,
2021020199,2024-05-10 18:00:00,東京ヤクルトスワローズ,読売ジャイアンツ,1.0,2.0,UNKNOWN,明治神宮野球場,unknown,low,False,False,1800028.0,2060039.0,[],[],,,,,0,light,2024-05-10 18:00:00+00:00,,UNKNOWN,,,,UNKNOWN,UNKNOWN,,UNKNOWN,,0.0,0.5714285714285714,6.428571428571429,3.857142857142857,0.0,3.0571428571428574,7.0,0.0,1.0,0.0,3.0,5.0,,,,2.4545454545454546,1.2272727272727273,3.681818181818182,2.4545454545454546,2.4545454545454546,6.745454545454546,7.333333333333333,2.0,7.0,2.0,2.0,3.0,,,,True,True,UNKNOWN,False,False,,,,,,,,,,NPB,2024-05-10 18:00:00,1,,,0,
2021020200,2024-05-10 18:00:00,横浜DeNAベイスターズ,阪神タイガース,3.0,4.0,UNKNOWN,横浜スタジアム,unknown,low,False,False,1500090.0,1700058.0,[],[],,,,,0,light,2024-05-10 18:00:00+00:00,,UNKNOWN,,,,UNKNOWN,UNKNOWN,,UNKNOWN,,5.4,1.6,9.0,7.2,0.0,3.6,5.0,3.0,4.0,0.0,4.0,5.0,,,,3.375,1.125,5.625,3.375,1.125,4.7,8.0,3.0,6.0,1.0,3.0,5.0,,,,True,True,UNKNOWN,False,False,,,,,,,,,,NPB,2024-05-10 18:00:00,1,,,0,
2021020201,2024-05-10 18:00:00,広島東洋カープ,中日ドラゴンズ,6.0,3.0,UNKNOWN,MAZDA Zoom-Zoom スタジアム広島,unknown,low,False,False,1200098.0,1600125.0,[],[],,,,,0,light,2024-05-10 18:00:00+00:00,,UNKNOWN,,,,UNKNOWN,UNKNOWN,,UNKNOWN,,5.785714285714286,1.9285714285714284,3.8571428571428568,1.9285714285714284,0.0,2.9857142857142858,4.666666666666667,3.0,8.0,0.0,1.0,2.0,,,,3.0,1.0,4.5,1.5,1.5,4.866666666666667,6.0,2.0,5.0,1.0,1.0,3.0,,,,True,True,UNKNOWN,False,False,,,,,,,,,,NPB,2024-05-10 18:00:00,1,,,0,
2021020202,2024-05-10 18:00:00,北海道日本ハムファイターズ,千葉ロッテマリーンズ,6.0,3.0,UNKNOWN,ES CON FIELD HOKKAIDO,unknown,low,False,False,1900080.0,2100027.0,[],[],,,,,0,light,2024-05-10 18:00:00+00:00,,UNKNOWN,,,,UNKNOWN,UNKNOWN,,UNKNOWN,,7.941176470588235,2.294117647058824,6.352941176470588,7.941176470588235,1.588235294117647,6.729411764705882,5.666666666666667,5.0,8.0,1.0,5.0,4.0,,,,6.230769230769231,1.6153846153846154,10.384615384615383,4.153846153846154,2.076923076923077,5.276923076923078,4.333333333333333,3.0,5.0,1.0,2.0,5.0,,,,True,True,UNKNOWN,False,False,,,,,,,,,,NPB,2024-05-10 18:00:00,1,,,0,
2021020203,2024-05-10 18:00:00,埼玉西武ライオンズ,東北楽天ゴールデンイーグルス,2.0,13.0,UNKNOWN,ベルーナドーム,excluded,high,False,False,2000121.0,2106286.0,[],[],,,,,0,light,2024-05-10 18:00:00+00:00,,UNKNOWN,,,,UNKNOWN,UNKNOWN,,UNKNOWN,,1.5,1.1666666666666667,7.5,0.0,0.0,1.5333333333333334,6.0,1.0,7.0,0.0,0.0,5.0,,,,3.8571428571428568,2.357142857142857,0.0,5.785714285714286,0.0,5.128571428571428,4.666666666666667,2.0,8.0,0.0,3.0,0.0,,,,True,True,UNKNOWN,False,False,2024-05-10 09:00:00+00:00,,UNKNOWN,Open-Meteo Historical Forecast,FAIL_CLOSED_NO_ISSUANCE_TIMESTAMP,18.6,56.0,0.0,8.8,NPB,2024-05-10 18:00:00,1,,,0,
2021020203,2024-05-10 18:00:00,埼玉西武ライオンズ,東北楽天ゴールデンイーグルス,2.0,13.0,UNKNOWN,ベルーナドーム,excluded,high,False,False,2000121.0,2106286.0,[],[],,,,,0,light,2024-05-10 18:00:00+00:00,,UNKNOWN,,,,UNKNOWN,UNKNOWN,,UNKNOWN,,1.5,1.1666666666666667,7.5,0.0,0.0,1.5333333333333334,6.0,1.0,7.0,0.0,0.0,5.0,,,,3.8571428571428568,2.357142857142857,0.0,5.785714285714286,0.0,5.128571428571428,4.666666666666667,2.0,8.0,0.0,3.0,0.0,,,,True,True,UNKNOWN,False,False,2024-05-10 09:00:00+00:00,,UNKNOWN,Open-Meteo Historical Forecast,FAIL_CLOSED_NO_ISSUANCE_TIMESTAMP,18.6,56.0,0.0,8.8,NPB,2024-05-10 18:00:00,1,,,0,
2021020209,2024-05-11 13:00:00,福岡ソフトバンクホークス,オリックス・バファローズ,4.0,1.0,UNKNOWN,ひなたサンマリンスタジアム宮崎,unknown,low,False,False,2108177.0,1900010.0,[],[],,,,,0,light,2024-05-11 13:00:00+00:00,,UNKNOWN,,,,UNKNOWN,UNKNOWN,,UNKNOWN,,5.142857142857143,1.4285714285714286,6.428571428571429,0.0,0.0,1.7714285714285716,7.0,4.0,10.0,0.0,0.0,5.0,,,,1.5,1.0,4.5,4.5,0.0,3.7,6.0,1.0,3.0,0.0,3.0,3.0,,,,True,True,UNKNOWN,False,False,,,,,,,,,,NPB,2024-05-11 13:00:00,1,,,0,
2021020205,2024-05-11 14:00:00,横浜DeNAベイスターズ,阪神タイガース,11.0,9.0,UNKNOWN,横浜スタジアム,unknown,low,False,False,2000052.0,2000099.0,[],[],,,,,0,light,2024-05-11 14:00:00+00:00,,UNKNOWN,,,,UNKNOWN,UNKNOWN,,UNKNOWN,,9.642857142857142,2.142857142857143,5.785714285714286,3.8571428571428568,0.0,3.2,4.666666666666667,5.0,8.0,0.0,2.0,3.0,,,,27.0,3.6666666666666665,6.0,3.0,3.0,7.2,3.0,9.0,10.0,1.0,1.0,2.0,,,,True,True,UNKNOWN,False,False,,,,,,,,,,NPB,2024-05-11 14:00:00,1,,,0,
2021020206,2024-05-11 14:00:00,広島東洋カープ,中日ドラゴンズ,0.0,4.0,UNKNOWN,MAZDA Zoom-Zoom スタジアム広島,unknown,low,False,False,1600106.0,1300058.0,[],[],,,,,0,light,2024-05-11 14:00:00+00:00,,UNKNOWN,,,,UNKNOWN,UNKNOWN,,UNKNOWN,,0.0,0.2857142857142857,6.428571428571429,0.0,0.0,1.7714285714285716,7.0,0.0,2.0,0.0,0.0,5.0,,,,3.0,1.0,7.5,4.5,0.0,3.0333333333333337,6.0,2.0,3.0,0.0,3.0,5.0,,,,True,True,UNKNOWN,False,False,,,,,,,,,,NPB,2024-05-11 14:00:00,1,,,0,
2021020207,2024-05-11 14:00:00,北海道日本ハムファイターズ,千葉ロッテマリーンズ,3.0,0.0,UNKNOWN,ES CON FIELD HOKKAIDO,unknown,low,False,False,1700002.0,1500110.0,[],[],,,,,0,light,2024-05-11 14:00:00+00:00,,UNKNOWN,,,,UNKNOWN,UNKNOWN,,UNKNOWN,,3.0,0.8333333333333334,12.0,1.5,0.0,1.0333333333333337,6.0,2.0,4.0,0.0,1.0,8.0,,,,0.0,0.4285714285714285,5.142857142857143,0.0,0.0,2.0571428571428574,7.0,0.0,3.0,0.0,0.0,4.0,,,,True,True,UNKNOWN,False,False,,,,,,,,,,NPB,2024-05-11 14:00:00,1,,,0,
2021020208,2024-05-11 14:00:00,埼玉西武ライオンズ,東北楽天ゴールデンイーグルス,2.0,1.0,UNKNOWN,ベルーナドーム,unknown,low,False,False,2000126.0,2105080.0,[],[],,,,,0,light,2024-05-11 14:00:00+00:00,,UNKNOWN,,,,UNKNOWN,UNKNOWN,,UNKNOWN,,1.2857142857142858,1.4285714285714286,2.571428571428572,0.0,0.0,2.628571428571429,7.0,1.0,10.0,0.0,0.0,2.0,,,,1.2857142857142858,1.4285714285714286,5.142857142857143,3.857142857142857,0.0,3.342857142857143,7.0,1.0,7.0,0.0,3.0,4.0,,,,True,True,UNKNOWN,False,False,2024-05-11 05:00:00+00:00,,UNKNOWN,Open-Meteo Historical Forecast,FAIL_CLOSED_NO_ISSUANCE_TIMESTAMP,23.9,52.0,0.0,13.5,NPB,2024-05-11 14:00:00,1,,,0,
2021020208,2024-05-11 14:00:00,埼玉西武ライオンズ,東北楽天ゴールデンイーグルス,2.0,1.0,UNKNOWN,ベルーナドーム,unknown,low,False,False,2000126.0,2105080.0,[],[],,,,,0,light,2024-05-11 14:00:00+00:00,,UNKNOWN,,,,UNKNOWN,UNKNOWN,,UNKNOWN,,1.2857142857142858,1.4285714285714286,2.571428571428572,0.0,0.0,2.628571428571429,7.0,1.0,10.0,0.0,0.0,2.0,,,,1.2857142857142858,1.4285714285714286,5.142857142857143,3.857142857142857,0.0,3.342857142857143,7.0,1.0,7.0,0.0,3.0,4.0,,,,True,True,UNKNOWN,False,False,2024-05-11 05:00:00+00:00,,UNKNOWN,Open-Meteo Historical Forecast,FAIL_CLOSED_NO_ISSUANCE_TIMESTAMP,23.9,52.0,0.0,13.5,NPB,2024-05-11 14:00:00,1,,,0,
2021020204,2024-05-11 18:00:00,東京ヤクルトスワローズ,読売ジャイアンツ,3.0,4.0,UNKNOWN,明治神宮野球場,unknown,low,False,False,1200041.0,1200076.0,[],[],,,,,0,light,2024-05-11 18:00:00+00:00,,UNKNOWN,,,,UNKNOWN,UNKNOWN,,UNKNOWN,,3.0,0.8333333333333334,6.0,0.0,1.5,4.033333333333333,6.0,2.0,5.0,1.0,0.0,4.0,,,,7.2,1.6,7.2,3.6,3.6,8.0,5.0,4.0,6.0,2.0,2.0,4.0,,,,True,True,UNKNOWN,False,False,,,,,,,,,,NPB,2024-05-11 18:00:00,1,,,0,
2021020213,2024-05-12 13:00:00,北海道日本ハムファイターズ,千葉ロッテマリーンズ,6.0,5.0,UNKNOWN,ES CON FIELD HOKKAIDO,unknown,low,False,False,1800052.0,2000079.0,[],[],,,,,0,light,2024-05-12 13:00:00+00:00,,UNKNOWN,,,,UNKNOWN,UNKNOWN,,UNKNOWN,,3.681818181818182,0.8181818181818182,7.363636363636364,1.2272727272727273,1.2272727272727273,3.7454545454545456,7.333333333333333,3.0,5.0,1.0,1.0,6.0,,,,6.0,1.8333333333333333,3.0,4.5,3.0,8.366666666666667,6.0,4.0,8.0,2.0,3.0,2.0,,,,True,True,UNKNOWN,False,False,,,,,,,,,,NPB,2024-05-12 13:00:00,1,,,0,
2021020211,2024-05-12 14:00:00,横浜DeNAベイスターズ,阪神タイガース,0.0,1.0,UNKNOWN,横浜スタジアム,unknown,low,False,False,1600115.0,1800045.0,[],[],,,,,0,light,2024-05-12 14:00:00+00:00,,UNKNOWN,,,,UNKNOWN,UNKNOWN,,UNKNOWN,,0.0,0.6666666666666666,5.0,2.0,0.0,2.7555555555555555,9.0,0.0,4.0,0.0,2.0,5.0,,,,1.125,0.5,5.625,2.25,0.0,2.7,8.0,1.0,2.0,0.0,2.0,5.0,,,,True,True,UNKNOWN,False,False,,,,,,,,,,NPB,2024-05-12 14:00:00,1,,,0,
2021020214,2024-05-12 14:00:00,埼玉西武ライオンズ,東北楽天ゴールデンイーグルス,6.0,2.0,UNKNOWN,ベルーナドーム,unknown,low,False,False,700065.0,1600127.0,[],[],,,,,0,light,2024-05-12 14:00:00+00:00,,UNKNOWN,,,,UNKNOWN,UNKNOWN,,UNKNOWN,,4.05,1.65,5.4,1.35,1.35,4.4,6.666666666666667,3.0,10.0,1.0,1.0,4.0,,,,2.571428571428572,1.1428571428571428,9.0,3.857142857142857,0.0,2.4857142857142858,7.0,2.0,5.0,0.0,3.0,7.0,,,,True,True,UNKNOWN,False,False,2024-05-12 05:00:00+00:00,,UNKNOWN,Open-Meteo Historical Forecast,FAIL_CLOSED_NO_ISSUANCE_TIMESTAMP,21.9,64.0,0.0,12.6,NPB,2024-05-12 14:00:00,1,,,0,
2021020214,2024-05-12 14:00:00,埼玉西武ライオンズ,東北楽天ゴールデンイーグルス,6.0,2.0,UNKNOWN,ベルーナドーム,unknown,low,False,False,700065.0,1600127.0,[],[],,,,,0,light,2024-05-12 14:00:00+00:00,,UNKNOWN,,,,UNKNOWN,UNKNOWN,,UNKNOWN,,4.05,1.65,5.4,1.35,1.35,4.4,6.666666666666667,3.0,10.0,1.0,1.0,4.0,,,,2.571428571428572,1.1428571428571428,9.0,3.857142857142857,0.0,2.4857142857142858,7.0,2.0,5.0,0.0,3.0,7.0,,,,True,True,UNKNOWN,False,False,2024-05-12 05:00:00+00:00,,UNKNOWN,Open-Meteo Historical Forecast,FAIL_CLOSED_NO_ISSUANCE_TIMESTAMP,21.9,64.0,0.0,12.6,NPB,2024-05-12 14:00:00,1,,,0,
2021020210,2024-05-12 18:00:00,東京ヤクルトスワローズ,読売ジャイアンツ,3.0,1.0,UNKNOWN,明治神宮野球場,unknown,low,False,False,1700130.0,2000139.0,[],[],,,,,0,light,2024-05-12 18:00:00+00:00,,UNKNOWN,,,,UNKNOWN,UNKNOWN,,UNKNOWN,,1.5,1.8333333333333333,7.5,4.5,1.5,5.2,6.0,1.0,8.0,1.0,3.0,5.0,,,,1.5,1.0,10.5,3.0,1.5,4.033333333333333,6.0,1.0,4.0,1.0,2.0,7.0,,,,True,True,UNKNOWN,False,False,,,,,,,,,,NPB,2024-05-12 18:00:00,1,,,0,
2021020219,2024-05-14 13:00:00,北海道日本ハムファイターズ,埼玉西武ライオンズ,4.0,1.0,UNKNOWN,ES CON FIELD HOKKAIDO,unknown,low,False,False,1400182.0,1400195.0,[],[],,,,,0,light,2024-05-14 13:00:00+00:00,,UNKNOWN,,,,UNKNOWN,UNKNOWN,,UNKNOWN,,4.5,1.3333333333333333,4.5,3.0,0.0,3.2,6.0,3.0,6.0,0.0,2.0,3.0,,,,1.0,1.0,7.0,1.0,0.0,1.9777777777777776,9.0,1.0,8.0,0.0,1.0,7.0,,,,True,True,UNKNOWN,False,False,,,,,,,,,,NPB,2024-05-14 13:00:00,1,,,0,
2021020220,2024-05-14 13:00:00,東北楽天ゴールデンイーグルス,福岡ソフトバンクホークス,4.0,1.0,UNKNOWN,楽天モバイルパーク宮城,unknown,low,False,False,1400117.0,1961850.0,[],[],,,,,0,light,2024-05-14 13:00:00+00:00,,UNKNOWN,,,,UNKNOWN,UNKNOWN,,UNKNOWN,,4.5,1.5,1.5,6.0,1.5,7.033333333333333,6.0,3.0,5.0,1.0,4.0,1.0,,,,1.5,1.1666666666666667,13.5,3.0,0.0,1.2000000000000002,6.0,1.0,5.0,0.0,2.0,9.0,,,,True,True,UNKNOWN,False,False,,,,,,,,,,NPB,2024-05-14 13:00:00,1,,,0,
2021020216,2024-05-14 18:00:00,読売ジャイアンツ,横浜DeNAベイスターズ,2.0,1.0,UNKNOWN,富山市民球場アルペンスタジアム,unknown,low,False,False,1961374.0,2000006.0,[],[],,,,,0,light,2024-05-14 18:00:00+00:00,,UNKNOWN,,,,UNKNOWN,UNKNOWN,,UNKNOWN,,3.0,1.0,10.5,1.5,1.5,3.5333333333333337,6.0,2.0,5.0,1.0,1.0,7.0,,,,1.2857142857142858,1.0,6.428571428571429,2.571428571428572,0.0,2.628571428571429,7.0,1.0,5.0,0.0,2.0,5.0,,,,True,True,UNKNOWN,False,False,,,,,,,,,,NPB,2024-05-14 18:00:00,1,,,0,
2021020217,2024-05-14 18:00:00,東京ヤクルトスワローズ,広島東洋カープ,1.0,2.0,UNKNOWN,坊っちゃんスタジアム,allstar,high,False,True,1600123.0,1500139.0,[],[],,,,,0,light,2024-05-14 18:00:00+00:00,,UNKNOWN,,,,UNKNOWN,UNKNOWN,,UNKNOWN,,1.2857142857142858,1.1428571428571428,2.571428571428572,3.857142857142857,1.2857142857142858,5.771428571428572,7.0,1.0,5.0,1.0,3.0,2.0,,,,3.6,1.8,3.6,0.0,0.0,2.4000000000000004,5.0,2.0,9.0,0.0,0.0,2.0,,,,True,True,UNKNOWN,False,False,,,,,,,,,,NPB,2024-05-14 18:00:00,1,,,0,
2021020218,2024-05-14 18:00:00,中日ドラゴンズ,阪神タイガース,4.0,2.0,UNKNOWN,豊橋市民球場,unknown,low,False,False,2000055.0,2000042.0,[],[],,,,,0,light,2024-05-14 18:00:00+00:00,,UNKNOWN,,,,UNKNOWN,UNKNOWN,,UNKNOWN,,3.681818181818182,1.3636363636363638,11.045454545454549,2.4545454545454546,0.0,1.5636363636363635,7.333333333333333,3.0,8.0,0.0,2.0,9.0,,,,2.571428571428572,1.2857142857142858,5.142857142857143,2.571428571428572,0.0,2.9142857142857146,7.0,2.0,7.0,0.0,2.0,4.0,,,,True,True,UNKNOWN,False,False,,,,,,,,,,NPB,2024-05-14 18:00:00,1,,,0,
2021020221,2024-05-14 18:30:00,オリックス・バファローズ,千葉ロッテマリーンズ,1.0,4.0,UNKNOWN,沖縄セルラースタジアム那覇,unknown,low,False,False,900081.0,1700118.0,[],[],,,,,0,light,2024-05-14 18:30:00+00:00,,UNKNOWN,,,,UNKNOWN,UNKNOWN,,UNKNOWN,,1.8,1.4,5.4,1.8,0.0,2.6,5.0,1.0,6.0,0.0,1.0,3.0,,,,7.7142857142857135,2.142857142857143,11.571428571428571,0.0,1.9285714285714284,3.4142857142857146,4.666666666666667,4.0,10.0,1.0,0.0,6.0,,,,True,True,UNKNOWN,False,False,,,,,,,,,,NPB,2024-05-14 18:30:00,1,,,0,
2021020225,2024-05-15 13:00:00,北海道日本ハムファイターズ,埼玉西武ライオンズ,12.0,3.0,UNKNOWN,ES CON FIELD HOKKAIDO,unknown,low,False,False,1751148.0,1750903.0,[],[],,,,,0,light,2024-05-15 13:00:00+00:00,,UNKNOWN,,,,UNKNOWN,UNKNOWN,,UNKNOWN,,14.727272727272728,2.7272727272727275,7.363636363636364,2.4545454545454546,4.909090909090909,9.472727272727273,3.6666666666666665,6.0,9.0,2.0,1.0,3.0,,,,5.4,1.0,9.0,3.6,0.0,2.4000000000000004,5.0,3.0,3.0,0.0,2.0,5.0,,,,True,True,UNKNOWN,False,False,,,,,,,,,,NPB,2024-05-15 13:00:00,1,,,0,
2021020226,2024-05-15 13:00:00,東北楽天ゴールデンイーグルス,福岡ソフトバンクホークス,3.0,7.0,UNKNOWN,楽天モバイルパーク宮城,unknown,low,False,False,1300080.0,2106793.0,[],[],,,,,0,light,2024-05-15 13:00:00+00:00,,UNKNOWN,,,,UNKNOWN,UNKNOWN,,UNKNOWN,,8.1,2.7,0.0,2.7,0.0,4.1,3.333333333333333,3.0,8.0,0.0,1.0,0.0,,,,10.384615384615383,2.076923076923077,4.153846153846154,2.076923076923077,0.0,2.9692307692307693,4.333333333333333,5.0,8.0,0.0,1.0,2.0,,,,True,True,UNKNOWN,False,False,,,,,,,,,,NPB,2024-05-15 13:00:00,1,,,0,
2021020222,2024-05-15 18:00:00,読売ジャイアンツ,横浜DeNAベイスターズ,4.0,0.0,UNKNOWN,福井県営野球場,unknown,low,False,False,1400110.0,1900016.0,[],[],,,,,0,light,2024-05-15 18:00:00+00:00,,UNKNOWN,,,,UNKNOWN,UNKNOWN,,UNKNOWN,,4.2631578947368425,1.2631578947368425,8.526315789473685,2.8421052631578947,1.4210526315789471,4.305263157894737,6.333333333333333,3.0,6.0,1.0,2.0,6.0,,,,0.0,0.5,4.5,1.5,0.0,2.7,6.0,0.0,2.0,0.0,1.0,3.0,,,,True,True,UNKNOWN,False,False,,,,,,,,,,NPB,2024-05-15 18:00:00,1,,,0,
2021020223,2024-05-15 18:00:00,東京ヤクルトスワローズ,広島東洋カープ,2.0,0.0,UNKNOWN,坊っちゃんスタジアム,excluded,high,False,False,1900052.0,1750696.0,[],[],,,,,0,light,2024-05-15 18:00:00+00:00,,UNKNOWN,,,,UNKNOWN,UNKNOWN,,UNKNOWN,,1.5,1.3333333333333333,1.5,0.0,0.0,2.8666666666666667,6.0,1.0,8.0,0.0,0.0,1.0,,,,0.0,0.3333333333333333,10.0,0.0,0.0,0.977777777777778,9.0,0.0,3.0,0.0,0.0,10.0,,,,True,True,UNKNOWN,False,False,,,,,,,,,,NPB,2024-05-15 18:00:00,1,,,0,
2021020224,2024-05-15 18:00:00,中日ドラゴンズ,阪神タイガース,0.0,1.0,UNKNOWN,バンテリンドーム ナゴヤ,unknown,low,False,False,1700137.0,1500074.0,[],[],,,,,0,light,2024-05-15 18:00:00+00:00,,UNKNOWN,,,,UNKNOWN,UNKNOWN,,UNKNOWN,,0.0,1.0,5.142857142857143,3.857142857142857,0.0,3.342857142857143,7.0,0.0,4.0,0.0,3.0,4.0,,,,0.0,0.625,5.625,1.125,0.0,2.325,8.0,0.0,4.0,0.0,1.0,5.0,,,,True,True,UNKNOWN,False,False,,,,,,,,,,NPB,2024-05-15 18:00:00,1,,,0,
2021020227,2024-05-15 18:30:00,オリックス・バファローズ,千葉ロッテマリーンズ,1.0,1.0,UNKNOWN,沖縄セルラースタジアム那覇,unknown,low,False,False,1600146.0,2101291.0,[],[],,,,,0,light,2024-05-15 18:30:00+00:00,,UNKNOWN,,,,UNKNOWN,UNKNOWN,,UNKNOWN,,0.0,0.875,9.0,0.0,0.0,1.2000000000000002,8.0,0.0,7.0,0.0,0.0,8.0,,,,1.125,0.5,3.375,1.125,1.125,4.45,8.0,1.0,3.0,1.0,1.0,3.0,,,,True,True,UNKNOWN,False,False,,,,,,,,,,NPB,2024-05-15 18:30:00,1,,,0,
2021020228,2024-05-16 18:00:00,中日ドラゴンズ,阪神タイガース,4.0,9.0,UNKNOWN,バンテリンドーム ナゴヤ,unknown,low,False,False,900062.0,1800060.0,[],[],,,,,0,light,2024-05-16 18:00:00+00:00,,UNKNOWN,,,,UNKNOWN,UNKNOWN,,UNKNOWN,,3.0,1.6666666666666667,1.5,0.0,0.0,2.8666666666666667,6.0,2.0,10.0,0.0,0.0,1.0,,,,18.0,3.0,9.0,6.0,0.0,3.2,3.0,6.0,7.0,0.0,2.0,3.0,,,,True,True,UNKNOWN,False,False,,,,,,,,,,NPB,2024-05-16 18:00:00,1,,,0,
2021020229,2024-05-17 18:00:00,横浜DeNAベイスターズ,中日ドラゴンズ,2.0,1.0,UNKNOWN,横浜スタジアム,unknown,low,False,False,500014.0,1700058.0,[],[],,,,,0,light,2024-05-17 18:00:00+00:00,,UNKNOWN,,,,UNKNOWN,UNKNOWN,,UNKNOWN,,3.0,1.3333333333333333,4.5,3.0,0.0,3.2,6.0,2.0,6.0,0.0,2.0,3.0,,,,1.1739130434782608,0.9130434782608696,8.217391304347826,1.1739130434782608,0.0,1.765217391304348,7.666666666666667,1.0,6.0,0.0,1.0,7.0,,,,True,True,UNKNOWN,False,False,,,,,,,,,,NPB,2024-05-17 18:00:00,1,,,0,
2021020230,2024-05-17 18:00:00,阪神タイガース,東京ヤクルトスワローズ,2.0,4.0,UNKNOWN,阪神甲子園球場,unknown,low,False,False,2103794.0,1500090.0,[],[],,,,,0,light,2024-05-17 18:00:00+00:00,,UNKNOWN,,,,UNKNOWN,UNKNOWN,,UNKNOWN,,0.0,0.8823529411764706,6.352941176470588,1.588235294117647,0.0,2.3176470588235296,5.666666666666667,0.0,4.0,0.0,1.0,4.0,,,,6.0,1.3333333333333333,4.5,4.5,1.5,5.866666666666667,6.0,4.0,5.0,1.0,3.0,3.0,,,,True,True,UNKNOWN,False,False,,,,,,,,,,NPB,2024-05-17 18:00:00,1,,,0,
2021020231,2024-05-17 18:00:00,広島東洋カープ,読売ジャイアンツ,2.0,0.0,UNKNOWN,MAZDA Zoom-Zoom スタジアム広島,unknown,low,False,False,1800028.0,1300057.0,[],[],,,,,0,light,2024-05-17 18:00:00+00:00,,UNKNOWN,,,,UNKNOWN,UNKNOWN,,UNKNOWN,,3.6,1.4,7.2,1.8,0.0,2.2,5.0,2.0,6.0,0.0,1.0,4.0,,,,0.0,1.1666666666666667,7.5,3.0,0.0,2.5333333333333337,6.0,0.0,5.0,0.0,2.0,5.0,,,,True,True,UNKNOWN,False,False,,,,,,,,,,NPB,2024-05-17 18:00:00,1,,,0,
2021020232,2024-05-17 18:00:00,千葉ロッテマリーンズ,北海道日本ハムファイターズ,1.0,1.0,UNKNOWN,ZOZOマリンスタジアム,unknown,low,False,False,2107859.0,1900080.0,[],[],,,,,0,light,2024-05-17 18:00:00+00:00,,UNKNOWN,,,,UNKNOWN,UNKNOWN,,UNKNOWN,,1.8,1.0,10.8,0.0,0.0,0.8000000000000003,5.0,1.0,5.0,0.0,0.0,6.0,,,,1.125,0.5,13.5,1.125,0.0,0.5750000000000002,8.0,1.0,3.0,0.0,1.0,12.0,,,,True,True,UNKNOWN,False,False,,,,,,,,,,NPB,2024-05-17 18:00:00,1,,,0,
2021020233,2024-05-17 18:00:00,オリックス・バファローズ,東北楽天ゴールデンイーグルス,3.0,5.0,UNKNOWN,京セラドーム大阪,unknown,low,False,False,2000121.0,1700109.0,[],[],,,,,0,light,2024-05-17 18:00:00+00:00,,UNKNOWN,,,,UNKNOWN,UNKNOWN,,UNKNOWN,,3.5217391304347823,0.6521739130434783,7.0434782608695645,0.0,0.0,1.6347826086956525,7.666666666666667,3.0,5.0,0.0,0.0,6.0,,,,3.681818181818182,1.2272727272727273,4.909090909090909,1.2272727272727273,0.0,2.5181818181818185,7.333333333333333,3.0,8.0,0.0,1.0,4.0,,,,True,True,UNKNOWN,False,False,,,,,,,,,,NPB,2024-05-17 18:00:00,1,,,0,
2021020234,2024-05-17 18:00:00,福岡ソフトバンクホークス,埼玉西武ライオンズ,6.0,2.0,UNKNOWN,みずほPayPayドーム福岡,unknown,low,False,False,1660539.0,1700011.0,[],[],,,,,0,light,2024-05-17 18:00:00+00:00,,UNKNOWN,,,,UNKNOWN,UNKNOWN,,UNKNOWN,,9.0,1.8,7.2,3.6,3.6,8.0,5.0,5.0,7.0,2.0,2.0,4.0,,,,1.2857142857142858,1.1428571428571428,10.285714285714286,5.142857142857143,1.2857142857142858,4.485714285714286,7.0,1.0,4.0,1.0,4.0,8.0,,,,True,True,UNKNOWN,False,False,,,,,,,,,,NPB,2024-05-17 18:00:00,1,,,0,
2021020235,2024-05-18 14:00:00,横浜DeNAベイスターズ,中日ドラゴンズ,3.0,2.0,UNKNOWN,横浜スタジアム,unknown,low,False,False,1200098.0,2000099.0,[],[],,,,,0,light,2024-05-18 14:00:00+00:00,,UNKNOWN,,,,UNKNOWN,UNKNOWN,,UNKNOWN,,6.75,1.75,9.0,2.25,2.25,5.2,4.0,3.0,6.0,1.0,1.0,4.0,,,,3.0,1.0,3.0,1.5,0.0,3.0333333333333337,6.0,2.0,5.0,0.0,1.0,2.0,,,,True,True,UNKNOWN,False,False,,,,,,,,,,NPB,2024-05-18 14:00:00,1,,,0,
2021020236,2024-05-18 14:00:00,阪神タイガース,東京ヤクルトスワローズ,1.0,0.0,UNKNOWN,阪神甲子園球場,excluded,high,False,False,2060039.0,2100915.0,[],[],,,,,0,light,2024-05-18 14:00:00+00:00,,UNKNOWN,,,,UNKNOWN,UNKNOWN,,UNKNOWN,,1.4210526315789471,1.105263157894737,5.684210526315789,5.684210526315789,0.0,3.831578947368421,6.333333333333333,1.0,3.0,0.0,4.0,4.0,,,,0.0,0.8,12.6,3.6,0.0,1.6,5.0,0.0,2.0,0.0,2.0,7.0,,,,True,True,UNKNOWN,False,False,,,,,,,,,,NPB,2024-05-18 14:00:00,1,,,0,
2021020237,2024-05-18 14:00:00,広島東洋カープ,読売ジャイアンツ,4.0,3.0,UNKNOWN,MAZDA Zoom-Zoom スタジアム広島,unknown,low,False,False,2103689.0,1300058.0,[],[],,,,,0,light,2024-05-18 14:00:00+00:00,,UNKNOWN,,,,UNKNOWN,UNKNOWN,,UNKNOWN,,5.4,1.6,3.6,0.0,0.0,2.4000000000000004,5.0,3.0,8.0,0.0,0.0,2.0,,,,3.375,1.875,5.0625,3.375,0.0,3.2,5.333333333333333,2.0,8.0,0.0,2.0,3.0,,,,True,True,UNKNOWN,False,False,,,,,,,,,,NPB,2024-05-18 14:00:00,1,,,0,
2021020238,2024-05-18 14:00:00,千葉ロッテマリーンズ,北海道日本ハムファイターズ,6.0,4.0,UNKNOWN,ZOZOマリンスタジアム,unknown,low,False,False,1500110.0,1700002.0,[],[],,,,,0,light,2024-05-18 14:00:00+00:00,,UNKNOWN,,,,UNKNOWN,UNKNOWN,,UNKNOWN,,5.0625,1.6875,5.0625,0.0,1.6875,4.5125,5.333333333333333,3.0,9.0,1.0,0.0,3.0,,,,7.2,1.6,7.2,0.0,0.0,1.6,5.0,4.0,8.0,0.0,0.0,4.0,,,,True,True,UNKNOWN,False,False,,,,,,,,,,NPB,2024-05-18 14:00:00,1,,,0,
2021020239,2024-05-18 14:00:00,オリックス・バファローズ,東北楽天ゴールデンイーグルス,8.0,3.0,UNKNOWN,京セラドーム大阪,unknown,low,False,False,2000126.0,1750595.0,[],[],,,,,0,light,2024-05-18 14:00:00+00:00,,UNKNOWN,,,,UNKNOWN,UNKNOWN,,UNKNOWN,,18.0,3.0,0.0,6.0,0.0,5.2,3.0,6.0,7.0,0.0,2.0,0.0,,,,1.8,1.8,3.6,5.4,0.0,4.2,5.0,1.0,6.0,0.0,3.0,2.0,,,,True,True,UNKNOWN,False,False,,,,,,,,,,NPB,2024-05-18 14:00:00,1,,,0,
2021020240,2024-05-18 14:00:00,福岡ソフトバンクホークス,埼玉西武ライオンズ,3.0,2.0,UNKNOWN,みずほPayPayドーム福岡,excluded,high,False,False,1800081.0,1550517.0,[],[],,,,,0,light,2024-05-18 14:00:00+00:00,,UNKNOWN,,,,UNKNOWN,UNKNOWN,,UNKNOWN,,1.5,1.5,1.5,9.0,0.0,5.866666666666667,6.0,1.0,3.0,0.0,6.0,1.0,,,,3.0,0.5,7.5,1.5,1.5,4.2,6.0,2.0,2.0,1.0,1.0,5.0,,,,True,True,UNKNOWN,False,False,,,,,,,,,,NPB,2024-05-18 14:00:00,1,,,0,
2021020245,2024-05-19 13:00:00,オリックス・バファローズ,東北楽天ゴールデンイーグルス,3.0,2.0,UNKNOWN,京セラドーム大阪,unknown,low,False,False,700065.0,2107849.0,[],[],,,,,0,light,2024-05-19 13:00:00+00:00,,UNKNOWN,,,,UNKNOWN,UNKNOWN,,UNKNOWN,,1.5,1.1666666666666667,6.0,1.5,0.0,2.3666666666666667,6.0,1.0,6.0,0.0,1.0,4.0,,,,0.0,0.7058823529411764,6.352941176470588,0.0,0.0,1.7882352941176474,5.666666666666667,0.0,4.0,0.0,0.0,4.0,,,,True,True,UNKNOWN,False,False,,,,,,,,,,NPB,2024-05-19 13:00:00,1,,,0,
2021020243,2024-05-19 13:30:00,広島東洋カープ,読売ジャイアンツ,9.0,3.0,UNKNOWN,MAZDA Zoom-Zoom スタジアム広島,unknown,low,False,False,1700130.0,1600125.0,[],[],,,,,0,light,2024-05-19 13:30:00+00:00,,UNKNOWN,,,,UNKNOWN,UNKNOWN,,UNKNOWN,,36.0,4.0,0.0,9.0,9.0,19.2,1.0,4.0,3.0,1.0,1.0,0.0,,,,5.4,1.4,5.4,5.4,0.0,3.8,5.0,3.0,4.0,0.0,3.0,3.0,,,,True,True,UNKNOWN,False,False,,,,,,,,,,NPB,2024-05-19 13:30:00,1,,,0,
2021020241,2024-05-19 14:00:00,横浜DeNAベイスターズ,中日ドラゴンズ,2.0,3.0,UNKNOWN,横浜スタジアム,unknown,low,False,False,1600106.0,1800045.0,[],[],,,,,0,light,2024-05-19 14:00:00+00:00,,UNKNOWN,,,,UNKNOWN,UNKNOWN,,UNKNOWN,,1.8,1.6,1.8,3.6,0.0,4.0,5.0,1.0,6.0,0.0,2.0,1.0,,,,2.8421052631578947,1.5789473684210529,2.8421052631578947,1.4210526315789471,0.0,3.042105263157895,6.333333333333333,2.0,9.0,0.0,1.0,2.0,,,,True,True,UNKNOWN,False,False,,,,,,,,,,NPB,2024-05-19 14:00:00,1,,,0,
2021020242,2024-05-19 14:00:00,阪神タイガース,東京ヤクルトスワローズ,7.0,2.0,UNKNOWN,阪神甲子園球場,unknown,low,False,False,12113.0,1600115.0,[],[],,,,,0,light,2024-05-19 14:00:00+00:00,,UNKNOWN,,,,UNKNOWN,UNKNOWN,,UNKNOWN,,6.0,3.0,3.0,6.0,0.0,4.533333333333333,3.0,2.0,7.0,0.0,2.0,1.0,,,,3.0,1.3333333333333333,9.0,4.5,0.0,2.7,6.0,2.0,5.0,0.0,3.0,6.0,,,,True,True,UNKNOWN,False,False,,,,,,,,,,NPB,2024-05-19 14:00:00,1,,,0,
2021020244,2024-05-19 14:00:00,千葉ロッテマリーンズ,北海道日本ハムファイターズ,4.0,3.0,UNKNOWN,ZOZOマリンスタジアム,unknown,low,False,False,2000079.0,1800052.0,[],[],,,,,0,light,2024-05-19 14:00:00+00:00,,UNKNOWN,,,,UNKNOWN,UNKNOWN,,UNKNOWN,,2.571428571428572,1.4285714285714286,10.285714285714286,2.571428571428572,0.0,1.7714285714285716,7.0,2.0,8.0,0.0,2.0,8.0,,,,3.681818181818182,1.090909090909091,6.136363636363637,1.2272727272727273,1.2272727272727273,4.0181818181818185,7.333333333333333,3.0,7.0,1.0,1.0,5.0,,,,True,True,UNKNOWN,False,False,,,,,,,,,,NPB,2024-05-19 14:00:00,1,,,0,
2021020246,2024-05-19 14:00:00,福岡ソフトバンクホークス,埼玉西武ライオンズ,2.0,1.0,UNKNOWN,みずほPayPayドーム福岡,unknown,low,False,False,2105080.0,1900106.0,[],[],,,,,0,light,2024-05-19 14:00:00+00:00,,UNKNOWN,,,,UNKNOWN,UNKNOWN,,UNKNOWN,,1.125,0.625,4.5,1.125,0.0,2.575,8.0,1.0,4.0,0.0,1.0,4.0,,,,1.125,0.625,2.25,1.125,0.0,3.075,8.0,1.0,4.0,0.0,1.0,2.0,,,,True,True,UNKNOWN,False,False,,,,,,,,,,NPB,2024-05-19 14:00:00,1,,,0,
2021020247,2024-05-21 18:00:00,読売ジャイアンツ,中日ドラゴンズ,1.0,1.0,UNKNOWN,東京ドーム,unknown,low,False,False,2000042.0,2000006.0,[],[],,,,,0,light,2024-05-21 18:00:00+00:00,,UNKNOWN,,,,UNKNOWN,UNKNOWN,,UNKNOWN,,0.0,1.5,7.5,6.0,0.0,3.5333333333333337,6.0,0.0,5.0,0.0,4.0,5.0,,,,1.1739130434782608,1.1739130434782608,3.5217391304347823,4.695652173913043,1.1739130434782608,5.678260869565218,7.666666666666667,1.0,5.0,1.0,4.0,3.0,,,,True,True,UNKNOWN,False,False,2024-05-21 09:00:00+00:00,,UNKNOWN,Open-Meteo Historical Forecast,FAIL_CLOSED_NO_ISSUANCE_TIMESTAMP,23.1,82.0,0.0,5.1,NPB,2024-05-21 18:00:00,1,,,0,
2021020247,2024-05-21 18:00:00,読売ジャイアンツ,中日ドラゴンズ,1.0,1.0,UNKNOWN,東京ドーム,unknown,low,False,False,2000042.0,2000006.0,[],[],,,,,0,light,2024-05-21 18:00:00+00:00,,UNKNOWN,,,,UNKNOWN,UNKNOWN,,UNKNOWN,,0.0,1.5,7.5,6.0,0.0,3.5333333333333337,6.0,0.0,5.0,0.0,4.0,5.0,,,,1.1739130434782608,1.1739130434782608,3.5217391304347823,4.695652173913043,1.1739130434782608,5.678260869565218,7.666666666666667,1.0,5.0,1.0,4.0,3.0,,,,True,True,UNKNOWN,False,False,2024-05-21 09:00:00+00:00,,UNKNOWN,Open-Meteo Historical Forecast,FAIL_CLOSED_NO_ISSUANCE_TIMESTAMP,23.1,82.0,0.0,5.1,NPB,2024-05-21 18:00:00,1,,,0,
2021020248,2024-05-21 18:00:00,東京ヤクルトスワローズ,横浜DeNAベイスターズ,0.0,7.0,UNKNOWN,明治神宮野球場,unknown,low,False,False,1961374.0,1200076.0,[],[],,,,,0,light,2024-05-21 18:00:00+00:00,,UNKNOWN,,,,UNKNOWN,UNKNOWN,,UNKNOWN,,0.0,0.625,9.0,1.125,0.0,1.5750000000000002,8.0,0.0,4.0,0.0,1.0,8.0,,,,7.2,1.4,9.0,0.0,3.6,6.4,5.0,4.0,7.0,2.0,0.0,5.0,,,,True,True,UNKNOWN,False,False,,,,,,,,,,NPB,2024-05-21 18:00:00,1,,,0,
2021020249,2024-05-21 18:00:00,広島東洋カープ,阪神タイガース,6.0,2.0,UNKNOWN,MAZDA Zoom-Zoom スタジアム広島,unknown,low,False,False,2000055.0,1600123.0,[],[],,,,,0,light,2024-05-21 18:00:00+00:00,,UNKNOWN,,,,UNKNOWN,UNKNOWN,,UNKNOWN,,9.0,2.0,1.8,1.8,1.8,6.0,5.0,5.0,9.0,1.0,1.0,1.0,,,,1.2272727272727273,1.090909090909091,1.2272727272727273,2.4545454545454546,0.0,3.7454545454545456,7.333333333333333,1.0,6.0,0.0,2.0,1.0,,,,True,True,UNKNOWN,False,False,,,,,,,,,,NPB,2024-05-21 18:00:00,1,,,0,
2021020250,2024-05-21 18:00:00,北海道日本ハムファイターズ,オリックス・バファローズ,5.0,4.0,UNKNOWN,ES CON FIELD HOKKAIDO,unknown,low,False,False,2108177.0,1400195.0,[],[],,,,,0,light,2024-05-21 18:00:00+00:00,,UNKNOWN,,,,UNKNOWN,UNKNOWN,,UNKNOWN,,9.0,2.2,3.6,3.6,1.8,6.2,5.0,5.0,9.0,1.0,2.0,2.0,,,,6.75,1.875,3.375,1.6875,0.0,3.0125,5.333333333333333,4.0,9.0,0.0,1.0,2.0,,,,True,True,UNKNOWN,False,False,,,,,,,,,,NPB,2024-05-21 18:00:00,1,,,0,
2021020251,2024-05-21 18:00:00,埼玉西武ライオンズ,千葉ロッテマリーンズ,3.0,5.0,UNKNOWN,ベルーナドーム,unknown,low,False,False,900081.0,1600127.0,[],[],,,,,0,light,2024-05-21 18:00:00+00:00,,UNKNOWN,,,,UNKNOWN,UNKNOWN,,UNKNOWN,,3.0,1.8333333333333333,4.5,3.0,0.0,3.2,6.0,2.0,9.0,0.0,2.0,3.0,,,,9.0,2.2,9.0,3.6,0.0,2.4000000000000004,5.0,5.0,9.0,0.0,2.0,5.0,,,,True,True,UNKNOWN,False,False,2024-05-21 09:00:00+00:00,,UNKNOWN,Open-Meteo Historical Forecast,FAIL_CLOSED_NO_ISSUANCE_TIMESTAMP,23.6,74.0,0.0,7.9,NPB,2024-05-21 18:00:00,1,,,0,
2021020251,2024-05-21 18:00:00,埼玉西武ライオンズ,千葉ロッテマリーンズ,3.0,5.0,UNKNOWN,ベルーナドーム,unknown,low,False,False,900081.0,1600127.0,[],[],,,,,0,light,2024-05-21 18:00:00+00:00,,UNKNOWN,,,,UNKNOWN,UNKNOWN,,UNKNOWN,,3.0,1.8333333333333333,4.5,3.0,0.0,3.2,6.0,2.0,9.0,0.0,2.0,3.0,,,,9.0,2.2,9.0,3.6,0.0,2.4000000000000004,5.0,5.0,9.0,0.0,2.0,5.0,,,,True,True,UNKNOWN,False,False,2024-05-21 09:00:00+00:00,,UNKNOWN,Open-Meteo Historical Forecast,FAIL_CLOSED_NO_ISSUANCE_TIMESTAMP,23.6,74.0,0.0,7.9,NPB,2024-05-21 18:00:00,1,,,0,
2021020252,2024-05-21 18:00:00,福岡ソフトバンクホークス,東北楽天ゴールデンイーグルス,21.0,0.0,UNKNOWN,みずほPayPayドーム福岡,unknown,low,False,False,1961850.0,1400117.0,[],[],,,,,0,light,2024-05-21 18:00:00+00:00,,UNKNOWN,,,,UNKNOWN,UNKNOWN,,UNKNOWN,,36.0,4.0,9.0,3.0,3.0,6.533333333333333,3.0,12.0,11.0,1.0,1.0,3.0,,,,0.0,0.8333333333333334,0.0,1.5,0.0,3.7,6.0,0.0,4.0,0.0,1.0,0.0,,,,True,True,UNKNOWN,False,False,,,,,,,,,,NPB,2024-05-21 18:00:00,1,,,0,
2021020253,2024-05-22 18:00:00,読売ジャイアンツ,中日ドラゴンズ,2.0,4.0,UNKNOWN,東京ドーム,unknown,low,False,False,1500074.0,1900016.0,[],[],,,,,0,light,2024-05-22 18:00:00+00:00,,UNKNOWN,,,,UNKNOWN,UNKNOWN,,UNKNOWN,,3.0,1.3333333333333333,4.5,1.5,1.5,4.866666666666667,6.0,2.0,7.0,1.0,1.0,3.0,,,,4.764705882352941,1.4117647058823528,4.764705882352941,4.764705882352941,0.0,3.7294117647058815,5.666666666666667,3.0,5.0,0.0,3.0,3.0,,,,True,True,UNKNOWN,False,False,2024-05-22 09:00:00+00:00,,UNKNOWN,Open-Meteo Historical Forecast,FAIL_CLOSED_NO_ISSUANCE_TIMESTAMP,21.5,70.0,0.0,4.8,NPB,2024-05-22 18:00:00,1,,,0,
2021020253,2024-05-22 18:00:00,読売ジャイアンツ,中日ドラゴンズ,2.0,4.0,UNKNOWN,東京ドーム,unknown,low,False,False,1500074.0,1900016.0,[],[],,,,,0,light,2024-05-22 18:00:00+00:00,,UNKNOWN,,,,UNKNOWN,UNKNOWN,,UNKNOWN,,3.0,1.3333333333333333,4.5,1.5,1.5,4.866666666666667,6.0,2.0,7.0,1.0,1.0,3.0,,,,4.764705882352941,1.4117647058823528,4.764705882352941,4.764705882352941,0.0,3.7294117647058815,5.666666666666667,3.0,5.0,0.0,3.0,3.0,,,,True,True,UNKNOWN,False,False,2024-05-22 09:00:00+00:00,,UNKNOWN,Open-Meteo Historical Forecast,FAIL_CLOSED_NO_ISSUANCE_TIMESTAMP,21.5,70.0,0.0,4.8,NPB,2024-05-22 18:00:00,1,,,0,
2021020254,2024-05-22 18:00:00,東京ヤクルトスワローズ,横浜DeNAベイスターズ,1.0,2.0,UNKNOWN,明治神宮野球場,unknown,low,False,False,2103904.0,1500139.0,[],[],,,,,0,light,2024-05-22 18:00:00+00:00,,UNKNOWN,,,,UNKNOWN,UNKNOWN,,UNKNOWN,,1.5,1.1666666666666667,9.0,1.5,0.0,1.7000000000000002,6.0,1.0,6.0,0.0,1.0,6.0,,,,3.0,1.0,9.0,3.0,1.5,4.366666666666667,6.0,2.0,4.0,1.0,2.0,6.0,,,,True,True,UNKNOWN,False,False,,,,,,,,,,NPB,2024-05-22 18:00:00,1,,,0,
2021020255,2024-05-22 18:00:00,広島東洋カープ,阪神タイガース,1.0,2.0,UNKNOWN,MAZDA Zoom-Zoom スタジアム広島,unknown,low,False,False,1700137.0,1900052.0,[],[],,,,,0,light,2024-05-22 18:00:00+00:00,,UNKNOWN,,,,UNKNOWN,UNKNOWN,,UNKNOWN,,0.0,0.5714285714285714,5.142857142857143,0.0,0.0,2.0571428571428574,7.0,0.0,4.0,0.0,0.0,4.0,,,,2.571428571428572,1.1428571428571428,9.0,2.571428571428572,0.0,2.0571428571428574,7.0,2.0,6.0,0.0,2.0,7.0,,,,True,True,UNKNOWN,False,False,,,,,,,,,,NPB,2024-05-22 18:00:00,1,,,0,
2021020256,2024-05-22 18:00:00,北海道日本ハムファイターズ,オリックス・バファローズ,5.0,4.0,UNKNOWN,ES CON FIELD HOKKAIDO,unknown,low,False,False,2101291.0,2100027.0,[],[],,,,,0,light,2024-05-22 18:00:00+00:00,,UNKNOWN,,,,UNKNOWN,UNKNOWN,,UNKNOWN,,5.684210526315789,1.2631578947368425,7.105263157894737,0.0,1.4210526315789471,3.673684210526316,6.333333333333333,4.0,8.0,1.0,0.0,5.0,,,,0.0,0.7058823529411764,4.764705882352941,3.176470588235294,0.0,3.2,5.666666666666667,0.0,2.0,0.0,2.0,3.0,,,,True,True,UNKNOWN,False,False,,,,,,,,,,NPB,2024-05-22 18:00:00,1,,,0,
2021020257,2024-05-22 18:00:00,埼玉西武ライオンズ,千葉ロッテマリーンズ,1.0,2.0,UNKNOWN,ベルーナドーム,unknown,low,False,False,1600146.0,1751148.0,[],[],,,,,0,light,2024-05-22 18:00:00+00:00,,UNKNOWN,,,,UNKNOWN,UNKNOWN,,UNKNOWN,,0.0,0.5555555555555556,8.0,1.0,0.0,1.7555555555555558,9.0,0.0,4.0,0.0,1.0,8.0,,,,2.7,1.2,5.4,5.4,0.0,3.8,6.666666666666667,2.0,4.0,0.0,4.0,4.0,,,,True,True,UNKNOWN,False,False,2024-05-22 09:00:00+00:00,,UNKNOWN,Open-Meteo Historical Forecast,FAIL_CLOSED_NO_ISSUANCE_TIMESTAMP,20.9,67.0,0.0,5.9,NPB,2024-05-22 18:00:00,1,,,0,
2021020257,2024-05-22 18:00:00,埼玉西武ライオンズ,千葉ロッテマリーンズ,1.0,2.0,UNKNOWN,ベルーナドーム,unknown,low,False,False,1600146.0,1751148.0,[],[],,,,,0,light,2024-05-22 18:00:00+00:00,,UNKNOWN,,,,UNKNOWN,UNKNOWN,,UNKNOWN,,0.0,0.5555555555555556,8.0,1.0,0.0,1.7555555555555558,9.0,0.0,4.0,0.0,1.0,8.0,,,,2.7,1.2,5.4,5.4,0.0,3.8,6.666666666666667,2.0,4.0,0.0,4.0,4.0,,,,True,True,UNKNOWN,False,False,2024-05-22 09:00:00+00:00,,UNKNOWN,Open-Meteo Historical Forecast,FAIL_CLOSED_NO_ISSUANCE_TIMESTAMP,20.9,67.0,0.0,5.9,NPB,2024-05-22 18:00:00,1,,,0,
2021020258,2024-05-22 18:00:00,福岡ソフトバンクホークス,東北楽天ゴールデンイーグルス,12.0,0.0,UNKNOWN,京セラドーム大阪,unknown,low,False,False,2106793.0,20204.0,[],[],,,,,0,light,2024-05-22 18:00:00+00:00,,UNKNOWN,,,,UNKNOWN,UNKNOWN,,UNKNOWN,,135.0,18.0,0.0,54.0,27.0,60.2,0.3333333333333333,5.0,4.0,1.0,2.0,0.0,,,,0.0,0.4285714285714285,5.142857142857143,0.0,0.0,2.0571428571428574,7.0,0.0,3.0,0.0,0.0,4.0,,,,True,True,UNKNOWN,False,False,,,,,,,,,,NPB,2024-05-22 18:00:00,1,,,0,
2021020259,2024-05-23 18:00:00,東京ヤクルトスワローズ,横浜DeNAベイスターズ,3.0,5.0,UNKNOWN,明治神宮野球場,unknown,low,False,False,1400110.0,1500042.0,[],[],,,,,0,light,2024-05-23 18:00:00+00:00,,UNKNOWN,,,,UNKNOWN,UNKNOWN,,UNKNOWN,,2.571428571428572,1.0,6.428571428571429,0.0,2.571428571428572,5.485714285714286,7.0,2.0,7.0,2.0,0.0,5.0,,,,8.307692307692308,2.076923076923077,0.0,4.153846153846154,2.076923076923077,7.584615384615385,4.333333333333333,4.0,7.0,1.0,2.0,0.0,,,,True,True,UNKNOWN,False,False,,,,,,,,,,NPB,2024-05-23 18:00:00,1,,,0,
2021020260,2024-05-23 18:00:00,広島東洋カープ,阪神タイガース,1.0,2.0,UNKNOWN,MAZDA Zoom-Zoom スタジアム広島,unknown,low,False,False,900062.0,2060065.0,[],[],,,,,0,light,2024-05-23 18:00:00+00:00,,UNKNOWN,,,,UNKNOWN,UNKNOWN,,UNKNOWN,,0.0,0.8333333333333334,4.5,3.0,0.0,3.2,6.0,0.0,3.0,0.0,2.0,3.0,,,,1.8,1.4,12.6,3.6,0.0,1.6,5.0,1.0,5.0,0.0,2.0,7.0,,,,True,True,UNKNOWN,False,False,,,,,,,,,,NPB,2024-05-23 18:00:00,1,,,0,
2021020261,2024-05-23 18:00:00,北海道日本ハムファイターズ,オリックス・バファローズ,3.0,9.0,UNKNOWN,ES CON FIELD HOKKAIDO,excluded,high,False,False,1750543.0,1500109.0,[],[],,,,,0,light,2024-05-23 18:00:00+00:00,,UNKNOWN,,,,UNKNOWN,UNKNOWN,,UNKNOWN,,0.0,1.0,6.0,0.0,0.0,1.866666666666667,3.0,0.0,3.0,0.0,0.0,2.0,,,,40.5,7.5,6.75,13.5,0.0,6.2,1.3333333333333333,6.0,8.0,0.0,2.0,1.0,,,,True,True,UNKNOWN,False,False,,,,,,,,,,NPB,2024-05-23 18:00:00,1,,,0,
2021020262,2024-05-24 18:00:00,横浜DeNAベイスターズ,広島東洋カープ,2.0,5.0,UNKNOWN,横浜スタジアム,unknown,low,False,False,1300057.0,1700058.0,[],[],,,,,0,light,2024-05-24 18:00:00+00:00,,UNKNOWN,,,,UNKNOWN,UNKNOWN,,UNKNOWN,,1.2272727272727273,1.090909090909091,6.136363636363637,4.909090909090909,0.0,3.472727272727273,7.333333333333333,1.0,4.0,0.0,4.0,5.0,,,,1.125,1.25,7.875,0.0,0.0,1.4500000000000002,8.0,1.0,10.0,0.0,0.0,7.0,,,,True,True,UNKNOWN,False,False,,,,,,,,,,NPB,2024-05-24 18:00:00,1,,,0,
2021020263,2024-05-24 18:00:00,中日ドラゴンズ,東京ヤクルトスワローズ,2.0,5.0,UNKNOWN,バンテリンドーム ナゴヤ,unknown,low,False,False,2000139.0,500014.0,[],[],,,,,0,light,2024-05-24 18:00:00+00:00,,UNKNOWN,,,,UNKNOWN,UNKNOWN,,UNKNOWN,,1.35,0.8999999999999999,2.7,2.7,0.0,3.5,6.666666666666667,1.0,4.0,0.0,2.0,2.0,,,,0.0,1.1666666666666667,9.0,3.0,1.5,4.366666666666667,6.0,0.0,5.0,1.0,2.0,6.0,,,,True,True,UNKNOWN,False,False,,,,,,,,,,NPB,2024-05-24 18:00:00,1,,,0,
2021020264,2024-05-24 18:00:00,阪神タイガース,読売ジャイアンツ,0.0,1.0,UNKNOWN,阪神甲子園球場,excluded,high,False,False,1800028.0,1900046.0,[],[],,,,,0,light,2024-05-24 18:00:00+00:00,,UNKNOWN,,,,UNKNOWN,UNKNOWN,,UNKNOWN,,0.0,0.1111111111111111,5.0,1.0,0.0,2.4222222222222225,9.0,0.0,0.0,0.0,1.0,5.0,,,,2.076923076923077,1.3846153846153848,4.153846153846154,4.153846153846154,0.0,3.661538461538462,4.333333333333333,1.0,4.0,0.0,2.0,2.0,,,,True,True,UNKNOWN,False,False,,,,,,,,,,NPB,2024-05-24 18:00:00,1,,,0,
2021020265,2024-05-24 18:00:00,東北楽天ゴールデンイーグルス,北海道日本ハムファイターズ,3.0,4.0,UNKNOWN,楽天モバイルパーク宮城,unknown,low,False,False,2107859.0,2000121.0,[],[],,,,,0,light,2024-05-24 18:00:00+00:00,,UNKNOWN,,,,UNKNOWN,UNKNOWN,,UNKNOWN,,1.2857142857142858,0.8571428571428571,9.0,2.571428571428572,1.2857142857142858,3.9142857142857146,7.0,1.0,4.0,1.0,2.0,7.0,,,,1.125,0.5,9.0,1.125,0.0,1.5750000000000002,8.0,1.0,3.0,0.0,1.0,8.0,,,,True,True,UNKNOWN,False,False,,,,,,,,,,NPB,2024-05-24 18:00:00,1,,,0,
2021020266,2024-05-24 18:00:00,埼玉西武ライオンズ,オリックス・バファローズ,6.0,9.0,UNKNOWN,ベルーナドーム,unknown,low,False,False,1700118.0,1400182.0,[],[],,,,,0,light,2024-05-24 18:00:00+00:00,,UNKNOWN,,,,UNKNOWN,UNKNOWN,,UNKNOWN,,6.0,1.5,7.5,4.5,0.0,3.0333333333333337,6.0,4.0,6.0,0.0,3.0,5.0,,,,6.0,1.3333333333333333,4.5,4.5,0.0,3.7,6.0,4.0,5.0,0.0,3.0,3.0,,,,True,True,UNKNOWN,False,False,2024-05-24 09:00:00+00:00,,UNKNOWN,Open-Meteo Historical Forecast,FAIL_CLOSED_NO_ISSUANCE_TIMESTAMP,23.8,65.0,0.0,7.2,NPB,2024-05-24 18:00:00,1,,,0,
2021020266,2024-05-24 18:00:00,埼玉西武ライオンズ,オリックス・バファローズ,6.0,9.0,UNKNOWN,ベルーナドーム,unknown,low,False,False,1700118.0,1400182.0,[],[],,,,,0,light,2024-05-24 18:00:00+00:00,,UNKNOWN,,,,UNKNOWN,UNKNOWN,,UNKNOWN,,6.0,1.5,7.5,4.5,0.0,3.0333333333333337,6.0,4.0,6.0,0.0,3.0,5.0,,,,6.0,1.3333333333333333,4.5,4.5,0.0,3.7,6.0,4.0,5.0,0.0,3.0,3.0,,,,True,True,UNKNOWN,False,False,2024-05-24 09:00:00+00:00,,UNKNOWN,Open-Meteo Historical Forecast,FAIL_CLOSED_NO_ISSUANCE_TIMESTAMP,23.8,65.0,0.0,7.2,NPB,2024-05-24 18:00:00,1,,,0,
2021020267,2024-05-24 18:00:00,千葉ロッテマリーンズ,福岡ソフトバンクホークス,3.0,1.0,UNKNOWN,ZOZOマリンスタジアム,unknown,low,False,False,1700011.0,1900080.0,[],[],,,,,0,light,2024-05-24 18:00:00+00:00,,UNKNOWN,,,,UNKNOWN,UNKNOWN,,UNKNOWN,,3.857142857142857,1.1428571428571428,6.428571428571429,3.857142857142857,0.0,3.0571428571428574,7.0,3.0,5.0,0.0,3.0,5.0,,,,1.2857142857142858,1.0,10.285714285714286,2.571428571428572,0.0,1.7714285714285716,7.0,1.0,5.0,0.0,2.0,8.0,,,,True,True,UNKNOWN,False,False,,,,,,,,,,NPB,2024-05-24 18:00:00,1,,,0,
2021020268,2024-05-25 14:00:00,横浜DeNAベイスターズ,広島東洋カープ,6.0,9.0,UNKNOWN,横浜スタジアム,excluded,high,False,False,1900057.0,2000099.0,[],[],,,,,0,light,2024-05-25 14:00:00+00:00,,UNKNOWN,,,,UNKNOWN,UNKNOWN,,UNKNOWN,,15.0,2.333333333333333,6.0,3.0,0.0,2.8666666666666667,3.0,5.0,6.0,0.0,1.0,2.0,,,,9.642857142857142,2.142857142857143,5.785714285714286,1.9285714285714284,0.0,2.5571428571428574,4.666666666666667,5.0,9.0,0.0,1.0,3.0,,,,True,True,UNKNOWN,False,False,,,,,,,,,,NPB,2024-05-25 14:00:00,1,,,0,
2021020269,2024-05-25 14:00:00,中日ドラゴンズ,東京ヤクルトスワローズ,1.0,0.0,UNKNOWN,バンテリンドーム ナゴヤ,excluded,high,False,False,2060039.0,1660558.0,[],[],,,,,0,light,2024-05-25 14:00:00+00:00,,UNKNOWN,,,,UNKNOWN,UNKNOWN,,UNKNOWN,,1.2857142857142858,0.8571428571428571,5.142857142857143,2.571428571428572,1.2857142857142858,4.771428571428571,7.0,1.0,4.0,1.0,2.0,4.0,,,,0.0,0.5714285714285714,7.714285714285714,1.2857142857142858,0.0,1.9142857142857144,7.0,0.0,3.0,0.0,1.0,6.0,,,,True,True,UNKNOWN,False,False,,,,,,,,,,NPB,2024-05-25 14:00:00,1,,,0,
2021020270,2024-05-25 14:00:00,阪神タイガース,読売ジャイアンツ,3.0,0.0,UNKNOWN,阪神甲子園球場,unknown,low,False,False,2103689.0,2100915.0,[],[],,,,,0,light,2024-05-25 14:00:00+00:00,,UNKNOWN,,,,UNKNOWN,UNKNOWN,,UNKNOWN,,4.5,1.5,4.5,0.0,2.25,5.45,4.0,2.0,6.0,1.0,0.0,2.0,,,,0.0,0.5,10.5,0.0,0.0,0.8666666666666667,6.0,0.0,3.0,0.0,0.0,7.0,,,,True,True,UNKNOWN,False,False,,,,,,,,,,NPB,2024-05-25 14:00:00,1,,,0,
2021020271,2024-05-25 14:00:00,東北楽天ゴールデンイーグルス,北海道日本ハムファイターズ,0.0,5.0,UNKNOWN,楽天モバイルパーク宮城,excluded,high,False,False,1500110.0,2110316.0,[],[],,,,,0,light,2024-05-25 14:00:00+00:00,,UNKNOWN,,,,UNKNOWN,UNKNOWN,,UNKNOWN,,0.0,0.4444444444444444,4.0,0.0,0.0,2.311111111111112,9.0,0.0,4.0,0.0,0.0,4.0,,,,3.0,0.8333333333333334,4.5,0.0,0.0,2.2,6.0,2.0,5.0,0.0,0.0,3.0,,,,True,True,UNKNOWN,False,False,,,,,,,,,,NPB,2024-05-25 14:00:00,1,,,0,
2021020272,2024-05-25 14:00:00,埼玉西武ライオンズ,オリックス・バファローズ,6.0,5.0,UNKNOWN,ベルーナドーム,unknown,low,False,False,1750595.0,1800081.0,[],[],,,,,0,light,2024-05-25 14:00:00+00:00,,UNKNOWN,,,,UNKNOWN,UNKNOWN,,UNKNOWN,,8.526315789473685,1.5789473684210529,2.8421052631578947,1.4210526315789471,1.4210526315789471,5.094736842105263,6.333333333333333,6.0,9.0,1.0,1.0,2.0,,,,5.4,1.6,7.2,3.6,0.0,2.8000000000000003,5.0,3.0,6.0,0.0,2.0,4.0,,,,True,True,UNKNOWN,False,False,2024-05-25 05:00:00+00:00,,UNKNOWN,Open-Meteo Historical Forecast,FAIL_CLOSED_NO_ISSUANCE_TIMESTAMP,26.0,29.0,0.0,3.7,NPB,2024-05-25 14:00:00,1,,,0,
2021020272,2024-05-25 14:00:00,埼玉西武ライオンズ,オリックス・バファローズ,6.0,5.0,UNKNOWN,ベルーナドーム,unknown,low,False,False,1750595.0,1800081.0,[],[],,,,,0,light,2024-05-25 14:00:00+00:00,,UNKNOWN,,,,UNKNOWN,UNKNOWN,,UNKNOWN,,8.526315789473685,1.5789473684210529,2.8421052631578947,1.4210526315789471,1.4210526315789471,5.094736842105263,6.333333333333333,6.0,9.0,1.0,1.0,2.0,,,,5.4,1.6,7.2,3.6,0.0,2.8000000000000003,5.0,3.0,6.0,0.0,2.0,4.0,,,,True,True,UNKNOWN,False,False,2024-05-25 05:00:00+00:00,,UNKNOWN,Open-Meteo Historical Forecast,FAIL_CLOSED_NO_ISSUANCE_TIMESTAMP,26.0,29.0,0.0,3.7,NPB,2024-05-25 14:00:00,1,,,0,
2021020273,2024-05-25 14:00:00,千葉ロッテマリーンズ,福岡ソフトバンクホークス,2.0,0.0,UNKNOWN,ZOZOマリンスタジアム,unknown,low,False,False,1550517.0,1700002.0,[],[],,,,,0,light,2024-05-25 14:00:00+00:00,,UNKNOWN,,,,UNKNOWN,UNKNOWN,,UNKNOWN,,2.7,1.05,8.1,2.7,1.35,4.25,6.666666666666667,2.0,5.0,1.0,2.0,6.0,,,,0.0,0.625,9.0,2.25,0.0,1.95,8.0,0.0,3.0,0.0,2.0,8.0,,,,True,True,UNKNOWN,False,False,,,,,,,,,,NPB,2024-05-25 14:00:00,1,,,0,
2021020277,2024-05-26 13:00:00,東北楽天ゴールデンイーグルス,北海道日本ハムファイターズ,3.0,2.0,UNKNOWN,楽天モバイルパーク宮城,excluded,high,False,False,2103635.0,700065.0,[],[],,,,,0,light,2024-05-26 13:00:00+00:00,,UNKNOWN,,,,UNKNOWN,UNKNOWN,,UNKNOWN,,9.0,2.0,0.0,9.0,0.0,6.2,3.0,3.0,3.0,0.0,3.0,0.0,,,,3.0,1.5,4.5,3.0,0.0,3.2,6.0,2.0,7.0,0.0,2.0,3.0,,,,True,True,UNKNOWN,False,False,,,,,,,,,,NPB,2024-05-26 13:00:00,1,,,0,
2021020278,2024-05-26 13:00:00,埼玉西武ライオンズ,オリックス・バファローズ,5.0,2.0,UNKNOWN,ベルーナドーム,unknown,low,False,False,1700101.0,1660539.0,[],[],,,,,0,light,2024-05-26 13:00:00+00:00,,UNKNOWN,,,,UNKNOWN,UNKNOWN,,UNKNOWN,,0.0,0.6666666666666666,3.0,0.0,0.0,2.5333333333333337,3.0,0.0,2.0,0.0,0.0,1.0,,,,1.2857142857142858,0.7142857142857143,2.571428571428572,1.2857142857142858,0.0,3.0571428571428574,7.0,1.0,4.0,0.0,1.0,2.0,,,,True,True,UNKNOWN,False,False,2024-05-26 04:00:00+00:00,,UNKNOWN,Open-Meteo Historical Forecast,FAIL_CLOSED_NO_ISSUANCE_TIMESTAMP,23.1,55.0,0.0,10.8,NPB,2024-05-26 13:00:00,1,,,0,
2021020278,2024-05-26 13:00:00,埼玉西武ライオンズ,オリックス・バファローズ,5.0,2.0,UNKNOWN,ベルーナドーム,unknown,low,False,False,1700101.0,1660539.0,[],[],,,,,0,light,2024-05-26 13:00:00+00:00,,UNKNOWN,,,,UNKNOWN,UNKNOWN,,UNKNOWN,,0.0,0.6666666666666666,3.0,0.0,0.0,2.5333333333333337,3.0,0.0,2.0,0.0,0.0,1.0,,,,1.2857142857142858,0.7142857142857143,2.571428571428572,1.2857142857142858,0.0,3.0571428571428574,7.0,1.0,4.0,0.0,1.0,2.0,,,,True,True,UNKNOWN,False,False,2024-05-26 04:00:00+00:00,,UNKNOWN,Open-Meteo Historical Forecast,FAIL_CLOSED_NO_ISSUANCE_TIMESTAMP,23.1,55.0,0.0,10.8,NPB,2024-05-26 13:00:00,1,,,0,
2021020279,2024-05-26 13:00:00,千葉ロッテマリーンズ,福岡ソフトバンクホークス,7.0,1.0,UNKNOWN,ZOZOマリンスタジアム,unknown,low,False,False,1900010.0,1400190.0,[],[],,,,,0,light,2024-05-26 13:00:00+00:00,,UNKNOWN,,,,UNKNOWN,UNKNOWN,,UNKNOWN,,3.6,1.4,12.6,5.4,0.0,2.2,5.0,2.0,4.0,0.0,3.0,7.0,,,,0.0,1.0,9.0,9.0,0.0,4.2,1.0,0.0,0.0,0.0,1.0,1.0,,,,True,True,UNKNOWN,False,False,,,,,,,,,,NPB,2024-05-26 13:00:00,1,,,0,
2021020275,2024-05-26 13:30:00,中日ドラゴンズ,東京ヤクルトスワローズ,5.0,0.0,UNKNOWN,バンテリンドーム ナゴヤ,excluded,high,False,False,1750696.0,2107860.0,[],[],,,,,0,light,2024-05-26 13:30:00+00:00,,UNKNOWN,,,,UNKNOWN,UNKNOWN,,UNKNOWN,,15.428571428571429,3.0,7.7142857142857135,3.8571428571428568,0.0,2.771428571428572,2.333333333333333,4.0,6.0,0.0,1.0,2.0,,,,0.0,0.0,18.0,0.0,0.0,-0.7999999999999998,1.0,0.0,0.0,0.0,0.0,2.0,,,,True,True,UNKNOWN,False,False,,,,,,,,,,NPB,2024-05-26 13:30:00,1,,,0,
2021020274,2024-05-26 14:00:00,横浜DeNAベイスターズ,広島東洋カープ,2.0,4.0,UNKNOWN,横浜スタジアム,unknown,low,False,False,1600125.0,1800045.0,[],[],,,,,0,light,2024-05-26 14:00:00+00:00,,UNKNOWN,,,,UNKNOWN,UNKNOWN,,UNKNOWN,,3.0,1.6666666666666667,4.5,3.0,1.5,5.366666666666667,6.0,2.0,8.0,1.0,2.0,3.0,,,,4.5,1.1666666666666667,6.0,1.5,0.0,2.3666666666666667,6.0,3.0,6.0,0.0,1.0,4.0,,,,True,True,UNKNOWN,False,False,,,,,,,,,,NPB,2024-05-26 14:00:00,1,,,0,
2021020276,2024-05-26 14:00:00,阪神タイガース,読売ジャイアンツ,1.0,2.0,UNKNOWN,阪神甲子園球場,unknown,low,False,False,1200041.0,1600115.0,[],[],,,,,0,light,2024-05-26 14:00:00+00:00,,UNKNOWN,,,,UNKNOWN,UNKNOWN,,UNKNOWN,,1.4210526315789471,0.6315789473684211,5.684210526315789,1.4210526315789471,0.0,2.4105263157894736,6.333333333333333,1.0,3.0,0.0,1.0,4.0,,,,0.0,0.9545454545454546,6.136363636363637,0.0,0.0,1.8363636363636364,7.333333333333333,0.0,7.0,0.0,0.0,5.0,,,,True,True,UNKNOWN,False,False,,,,,,,,,,NPB,2024-05-26 14:00:00,1,,,0,
2021020280,2024-05-28 18:00:00,読売ジャイアンツ,福岡ソフトバンクホークス,0.0,2.0,UNKNOWN,東京ドーム,unknown,low,False,False,1400117.0,2000006.0,[],[],,,,,0,light,2024-05-28 18:00:00+00:00,,UNKNOWN,,,,UNKNOWN,UNKNOWN,,UNKNOWN,,0.0,1.0,4.5,4.5,0.0,3.7,6.0,0.0,3.0,0.0,3.0,3.0,,,,1.5,1.0,9.0,1.5,1.5,3.866666666666666,6.0,1.0,5.0,1.0,1.0,6.0,,,,True,True,UNKNOWN,False,False,2024-05-28 09:00:00+00:00,,UNKNOWN,Open-Meteo Historical Forecast,FAIL_CLOSED_NO_ISSUANCE_TIMESTAMP,23.1,95.0,0.7,12.1,NPB,2024-05-28 18:00:00,1,,,0,
2021020280,2024-05-28 18:00:00,読売ジャイアンツ,福岡ソフトバンクホークス,0.0,2.0,UNKNOWN,東京ドーム,unknown,low,False,False,1400117.0,2000006.0,[],[],,,,,0,light,2024-05-28 18:00:00+00:00,,UNKNOWN,,,,UNKNOWN,UNKNOWN,,UNKNOWN,,0.0,1.0,4.5,4.5,0.0,3.7,6.0,0.0,3.0,0.0,3.0,3.0,,,,1.5,1.0,9.0,1.5,1.5,3.866666666666666,6.0,1.0,5.0,1.0,1.0,6.0,,,,True,True,UNKNOWN,False,False,2024-05-28 09:00:00+00:00,,UNKNOWN,Open-Meteo Historical Forecast,FAIL_CLOSED_NO_ISSUANCE_TIMESTAMP,23.1,95.0,0.7,12.1,NPB,2024-05-28 18:00:00,1,,,0,
2021020281,2024-05-28 18:00:00,東京ヤクルトスワローズ,千葉ロッテマリーンズ,3.0,5.0,UNKNOWN,明治神宮野球場,interleague,high,True,True,1800052.0,2103794.0,[],[],,,,,0,light,2024-05-28 18:00:00+00:00,,UNKNOWN,,,,UNKNOWN,UNKNOWN,,UNKNOWN,,5.4,1.6,12.6,1.8,3.6,6.2,5.0,3.0,7.0,2.0,1.0,7.0,,,,9.642857142857142,2.7857142857142856,15.428571428571429,3.8571428571428568,3.8571428571428568,6.628571428571428,4.666666666666667,5.0,11.0,2.0,2.0,8.0,,,,True,True,UNKNOWN,False,False,,,,,,,,,,NPB,2024-05-28 18:00:00,1,,,0,
2021020282,2024-05-28 18:00:00,横浜DeNAベイスターズ,東北楽天ゴールデンイーグルス,6.0,1.0,UNKNOWN,横浜スタジアム,interleague,high,True,True,1961850.0,1961374.0,[],[],,,,,0,light,2024-05-28 18:00:00+00:00,,UNKNOWN,,,,UNKNOWN,UNKNOWN,,UNKNOWN,,9.0,1.8333333333333333,9.0,3.0,0.0,2.2,6.0,6.0,9.0,0.0,2.0,6.0,,,,1.35,1.05,6.75,5.4,0.0,3.5,6.666666666666667,1.0,3.0,0.0,4.0,5.0,,,,True,True,UNKNOWN,False,False,,,,,,,,,,NPB,2024-05-28 18:00:00,1,,,0,
2021020283,2024-05-28 18:00:00,中日ドラゴンズ,埼玉西武ライオンズ,3.0,0.0,UNKNOWN,バンテリンドーム ナゴヤ,interleague,high,True,True,1600127.0,2000042.0,[],[],,,,,0,light,2024-05-28 18:00:00+00:00,,UNKNOWN,,,,UNKNOWN,UNKNOWN,,UNKNOWN,,1.8,0.8,12.6,1.8,1.8,3.6,5.0,1.0,3.0,1.0,1.0,7.0,,,,0.0,0.6818181818181819,6.136363636363637,1.2272727272727273,0.0,2.2454545454545456,7.333333333333333,0.0,4.0,0.0,1.0,5.0,,,,True,True,UNKNOWN,False,False,,,,,,,,,,NPB,2024-05-28 18:00:00,1,,,0,
2021020285,2024-05-28 18:00:00,広島東洋カープ,オリックス・バファローズ,2.0,1.0,UNKNOWN,MAZDA Zoom-Zoom スタジアム広島,unknown,low,False,False,2108177.0,1600123.0,[],[],,,,,0,light,2024-05-28 18:00:00+00:00,,UNKNOWN,,,,UNKNOWN,UNKNOWN,,UNKNOWN,,3.0,0.8333333333333334,10.5,3.0,0.0,1.866666666666667,6.0,2.0,3.0,0.0,2.0,7.0,,,,1.2857142857142858,1.4285714285714286,5.142857142857143,2.571428571428572,0.0,2.9142857142857146,7.0,1.0,8.0,0.0,2.0,4.0,,,,True,True,UNKNOWN,False,False,,,,,,,,,,NPB,2024-05-28 18:00:00,1,,,0,
2021020286,2024-05-29 18:00:00,読売ジャイアンツ,福岡ソフトバンクホークス,1.0,0.0,UNKNOWN,東京ドーム,unknown,low,False,False,1900106.0,1900016.0,[],[],,,,,0,light,2024-05-29 18:00:00+00:00,,UNKNOWN,,,,UNKNOWN,UNKNOWN,,UNKNOWN,,0.0,0.4285714285714285,7.714285714285714,1.2857142857142858,0.0,1.9142857142857144,7.0,0.0,2.0,0.0,1.0,6.0,,,,0.0,1.2352941176470589,1.588235294117647,3.176470588235294,0.0,3.905882352941177,5.666666666666667,0.0,5.0,0.0,2.0,1.0,,,,True,True,UNKNOWN,False,False,2024-05-29 09:00:00+00:00,,UNKNOWN,Open-Meteo Historical Forecast,FAIL_CLOSED_NO_ISSUANCE_TIMESTAMP,22.2,69.0,0.0,5.6,NPB,2024-05-29 18:00:00,1,,,0,
2021020286,2024-05-29 18:00:00,読売ジャイアンツ,福岡ソフトバンクホークス,1.0,0.0,UNKNOWN,東京ドーム,unknown,low,False,False,1900106.0,1900016.0,[],[],,,,,0,light,2024-05-29 18:00:00+00:00,,UNKNOWN,,,,UNKNOWN,UNKNOWN,,UNKNOWN,,0.0,0.4285714285714285,7.714285714285714,1.2857142857142858,0.0,1.9142857142857144,7.0,0.0,2.0,0.0,1.0,6.0,,,,0.0,1.2352941176470589,1.588235294117647,3.176470588235294,0.0,3.905882352941177,5.666666666666667,0.0,5.0,0.0,2.0,1.0,,,,True,True,UNKNOWN,False,False,2024-05-29 09:00:00+00:00,,UNKNOWN,Open-Meteo Historical Forecast,FAIL_CLOSED_NO_ISSUANCE_TIMESTAMP,22.2,69.0,0.0,5.6,NPB,2024-05-29 18:00:00,1,,,0,
2021020287,2024-05-29 18:00:00,東京ヤクルトスワローズ,千葉ロッテマリーンズ,3.0,3.0,UNKNOWN,明治神宮野球場,interleague,high,True,True,1600146.0,1200076.0,[],[],,,,,0,light,2024-05-29 18:00:00+00:00,,UNKNOWN,,,,UNKNOWN,UNKNOWN,,UNKNOWN,,4.5,0.6666666666666666,10.5,0.0,0.0,0.8666666666666667,6.0,3.0,4.0,0.0,0.0,7.0,,,,3.176470588235294,1.588235294117647,3.176470588235294,1.588235294117647,0.0,3.0235294117647062,5.666666666666667,2.0,8.0,0.0,1.0,2.0,,,,True,True,UNKNOWN,False,False,,,,,,,,,,NPB,2024-05-29 18:00:00,1,,,0,
2021020288,2024-05-29 18:00:00,横浜DeNAベイスターズ,東北楽天ゴールデンイーグルス,0.0,4.0,UNKNOWN,横浜スタジアム,unknown,low,False,False,2000126.0,2103904.0,[],[],,,,,0,light,2024-05-29 18:00:00+00:00,,UNKNOWN,,,,UNKNOWN,UNKNOWN,,UNKNOWN,,0.0,0.8,3.6,1.8,0.0,3.0,5.0,0.0,3.0,0.0,1.0,2.0,,,,4.764705882352941,0.8823529411764706,7.941176470588235,3.176470588235294,1.588235294117647,4.788235294117647,5.666666666666667,3.0,3.0,1.0,2.0,5.0,,,,True,True,UNKNOWN,False,False,,,,,,,,,,NPB,2024-05-29 18:00:00,1,,,0,
2021020289,2024-05-29 18:00:00,中日ドラゴンズ,埼玉西武ライオンズ,0.0,1.0,UNKNOWN,バンテリンドーム ナゴヤ,excluded,high,False,False,1751148.0,1500074.0,[],[],,,,,0,light,2024-05-29 18:00:00+00:00,,UNKNOWN,,,,UNKNOWN,UNKNOWN,,UNKNOWN,,0.0,0.5,6.75,0.0,0.0,1.7000000000000002,8.0,0.0,4.0,0.0,0.0,6.0,,,,1.125,0.75,7.875,1.125,0.0,1.825,8.0,1.0,5.0,0.0,1.0,7.0,,,,True,True,UNKNOWN,False,False,,,,,,,,,,NPB,2024-05-29 18:00:00,1,,,0,
2021020290,2024-05-29 18:00:00,阪神タイガース,北海道日本ハムファイターズ,2.0,8.0,UNKNOWN,阪神甲子園球場,interleague,high,True,True,2000079.0,1700137.0,[],[],,,,,0,light,2024-05-29 18:00:00+00:00,,UNKNOWN,,,,UNKNOWN,UNKNOWN,,UNKNOWN,,3.6,2.0,3.6,7.2,0.0,4.800000000000001,5.0,2.0,6.0,0.0,4.0,2.0,,,,4.5,1.3333333333333333,3.0,0.0,1.5,4.7,6.0,3.0,8.0,1.0,0.0,2.0,,,,True,True,UNKNOWN,False,False,,,,,,,,,,NPB,2024-05-29 18:00:00,1,,,0,
2021020291,2024-05-29 18:00:00,広島東洋カープ,オリックス・バファローズ,14.0,0.0,UNKNOWN,MAZDA Zoom-Zoom スタジアム広島,unknown,low,False,False,1700109.0,1900052.0,[],[],,,,,0,light,2024-05-29 18:00:00+00:00,,UNKNOWN,,,,UNKNOWN,UNKNOWN,,UNKNOWN,,13.5,2.0,6.75,0.0,2.25,4.95,4.0,6.0,8.0,1.0,0.0,3.0,,,,0.0,0.5714285714285714,6.428571428571429,1.2857142857142858,0.0,2.2,7.0,0.0,3.0,0.0,1.0,5.0,,,,True,True,UNKNOWN,False,False,,,,,,,,,,NPB,2024-05-29 18:00:00,1,,,0,
2021020292,2024-05-30 18:00:00,読売ジャイアンツ,福岡ソフトバンクホークス,6.0,5.0,UNKNOWN,東京ドーム,unknown,low,False,False,1200106.0,1700130.0,[],[],,,,,0,light,2024-05-30 18:00:00+00:00,,UNKNOWN,,,,UNKNOWN,UNKNOWN,,UNKNOWN,,9.0,1.2,3.6,1.8,3.6,8.2,5.0,5.0,5.0,2.0,1.0,2.0,,,,15.0,3.333333333333333,9.0,6.0,0.0,3.2,3.0,5.0,8.0,0.0,2.0,3.0,,,,True,True,UNKNOWN,False,False,2024-05-30 09:00:00+00:00,,UNKNOWN,Open-Meteo Historical Forecast,FAIL_CLOSED_NO_ISSUANCE_TIMESTAMP,24.1,66.0,0.0,5.4,NPB,2024-05-30 18:00:00,1,,,0,
2021020292,2024-05-30 18:00:00,読売ジャイアンツ,福岡ソフトバンクホークス,6.0,5.0,UNKNOWN,東京ドーム,unknown,low,False,False,1200106.0,1700130.0,[],[],,,,,0,light,2024-05-30 18:00:00+00:00,,UNKNOWN,,,,UNKNOWN,UNKNOWN,,UNKNOWN,,9.0,1.2,3.6,1.8,3.6,8.2,5.0,5.0,5.0,2.0,1.0,2.0,,,,15.0,3.333333333333333,9.0,6.0,0.0,3.2,3.0,5.0,8.0,0.0,2.0,3.0,,,,True,True,UNKNOWN,False,False,2024-05-30 09:00:00+00:00,,UNKNOWN,Open-Meteo Historical Forecast,FAIL_CLOSED_NO_ISSUANCE_TIMESTAMP,24.1,66.0,0.0,5.4,NPB,2024-05-30 18:00:00,1,,,0,
2021020293,2024-05-30 18:00:00,東京ヤクルトスワローズ,千葉ロッテマリーンズ,3.0,3.0,UNKNOWN,明治神宮野球場,interleague,high,True,True,900081.0,1500042.0,[],[],,,,,0,light,2024-05-30 18:00:00+00:00,,UNKNOWN,,,,UNKNOWN,UNKNOWN,,UNKNOWN,,4.5,1.3333333333333333,7.5,1.5,1.5,4.2,6.0,3.0,7.0,1.0,1.0,5.0,,,,3.0,0.8333333333333334,9.0,1.5,1.5,3.866666666666666,6.0,2.0,4.0,1.0,1.0,6.0,,,,True,True,UNKNOWN,False,False,,,,,,,,,,NPB,2024-05-30 18:00:00,1,,,0,
2021020294,2024-05-30 18:00:00,横浜DeNAベイスターズ,東北楽天ゴールデンイーグルス,5.0,6.0,UNKNOWN,横浜スタジアム,excluded,high,False,False,2000123.0,1400110.0,[],[],,,,,0,light,2024-05-30 18:00:00+00:00,,UNKNOWN,,,,UNKNOWN,UNKNOWN,,UNKNOWN,,3.6,2.0,10.8,1.8,1.8,4.0,5.0,2.0,9.0,1.0,1.0,6.0,,,,4.764705882352941,1.2352941176470589,4.764705882352941,4.764705882352941,1.588235294117647,6.023529411764706,5.666666666666667,3.0,4.0,1.0,3.0,3.0,,,,True,True,UNKNOWN,False,False,,,,,,,,,,NPB,2024-05-30 18:00:00,1,,,0,
2021020295,2024-05-30 18:00:00,中日ドラゴンズ,埼玉西武ライオンズ,0.0,3.0,UNKNOWN,バンテリンドーム ナゴヤ,interleague,high,True,True,2105080.0,1600106.0,[],[],,,,,0,light,2024-05-30 18:00:00+00:00,,UNKNOWN,,,,UNKNOWN,UNKNOWN,,UNKNOWN,,0.0,0.7058823529411764,6.352941176470588,0.0,0.0,1.7882352941176474,5.666666666666667,0.0,4.0,0.0,0.0,4.0,,,,5.4,1.8,5.4,1.8,0.0,2.6,5.0,3.0,8.0,0.0,1.0,3.0,,,,True,True,UNKNOWN,False,False,,,,,,,,,,NPB,2024-05-30 18:00:00,1,,,0,
2021020296,2024-05-30 18:00:00,阪神タイガース,北海道日本ハムファイターズ,0.0,6.0,UNKNOWN,阪神甲子園球場,unknown,low,False,False,1400195.0,900062.0,[],[],,,,,0,light,2024-05-30 18:00:00+00:00,,UNKNOWN,,,,UNKNOWN,UNKNOWN,,UNKNOWN,,0.0,0.7142857142857143,10.285714285714286,2.571428571428572,0.0,1.7714285714285716,7.0,0.0,3.0,0.0,2.0,8.0,,,,4.5,2.0,2.25,2.25,0.0,3.45,4.0,2.0,7.0,0.0,1.0,1.0,,,,True,True,UNKNOWN,False,False,,,,,,,,,,NPB,2024-05-30 18:00:00,1,,,0,
2021020297,2024-05-30 18:00:00,広島東洋カープ,オリックス・バファローズ,2.0,8.0,UNKNOWN,MAZDA Zoom-Zoom スタジアム広島,unknown,low,False,False,2107849.0,1300058.0,[],[],,,,,0,light,2024-05-30 18:00:00+00:00,,UNKNOWN,,,,UNKNOWN,UNKNOWN,,UNKNOWN,,1.8,1.0,5.4,1.8,0.0,2.6,5.0,1.0,4.0,0.0,1.0,3.0,,,,0.0,1.0,9.0,4.5,0.0,2.7,6.0,0.0,3.0,0.0,3.0,6.0,,,,True,True,UNKNOWN,False,False,,,,,,,,,,NPB,2024-05-30 18:00:00,1,,,0,
2021020298,2024-05-31 18:00:00,北海道日本ハムファイターズ,横浜DeNAベイスターズ,3.0,4.0,UNKNOWN,ES CON FIELD HOKKAIDO,interleague,high,True,True,1700058.0,2107859.0,[],[],,,,,0,light,2024-05-31 18:00:00+00:00,,UNKNOWN,,,,UNKNOWN,UNKNOWN,,UNKNOWN,,3.0,1.5,7.5,4.5,3.0,7.366666666666667,6.0,2.0,6.0,2.0,3.0,5.0,,,,2.25,0.75,10.125,1.125,1.125,2.95,8.0,2.0,5.0,1.0,1.0,9.0,,,,True,True,UNKNOWN,False,False,,,,,,,,,,NPB,2024-05-31 18:00:00,1,,,0,
2021020299,2024-05-31 18:00:00,東北楽天ゴールデンイーグルス,東京ヤクルトスワローズ,5.0,3.0,UNKNOWN,福島県営あづま球場,regular,high,True,True,2000139.0,2000121.0,[],[],,,,,0,light,2024-05-31 18:00:00+00:00,,UNKNOWN,,,,UNKNOWN,UNKNOWN,,UNKNOWN,,2.8421052631578947,1.4210526315789471,8.526315789473685,4.2631578947368425,0.0,2.726315789473684,6.333333333333333,2.0,6.0,0.0,3.0,6.0,,,,1.5,1.5,10.5,1.5,0.0,1.366666666666667,6.0,1.0,8.0,0.0,1.0,7.0,,,,True,True,UNKNOWN,False,False,,,,,,,,,,NPB,2024-05-31 18:00:00,1,,,0,
2021020300,2024-05-31 18:00:00,埼玉西武ライオンズ,読売ジャイアンツ,1.0,4.0,UNKNOWN,ベルーナドーム,unknown,low,False,False,1800028.0,1400182.0,[],[],,,,,0,light,2024-05-31 18:00:00+00:00,,UNKNOWN,,,,UNKNOWN,UNKNOWN,,UNKNOWN,,1.2857142857142858,0.5714285714285714,2.571428571428572,1.2857142857142858,1.2857142857142858,4.914285714285715,7.0,1.0,3.0,1.0,1.0,2.0,,,,8.1,3.0,5.4,5.4,0.0,3.8,3.333333333333333,3.0,8.0,0.0,2.0,2.0,,,,True,True,UNKNOWN,False,False,2024-05-31 09:00:00+00:00,,UNKNOWN,Open-Meteo Historical Forecast,FAIL_CLOSED_NO_ISSUANCE_TIMESTAMP,20.1,83.0,0.0,1.9,NPB,2024-05-31 18:00:00,1,,,0,
2021020300,2024-05-31 18:00:00,埼玉西武ライオンズ,読売ジャイアンツ,1.0,4.0,UNKNOWN,ベルーナドーム,unknown,low,False,False,1800028.0,1400182.0,[],[],,,,,0,light,2024-05-31 18:00:00+00:00,,UNKNOWN,,,,UNKNOWN,UNKNOWN,,UNKNOWN,,1.2857142857142858,0.5714285714285714,2.571428571428572,1.2857142857142858,1.2857142857142858,4.914285714285715,7.0,1.0,3.0,1.0,1.0,2.0,,,,8.1,3.0,5.4,5.4,0.0,3.8,3.333333333333333,3.0,8.0,0.0,2.0,2.0,,,,True,True,UNKNOWN,False,False,2024-05-31 09:00:00+00:00,,UNKNOWN,Open-Meteo Historical Forecast,FAIL_CLOSED_NO_ISSUANCE_TIMESTAMP,20.1,83.0,0.0,1.9,NPB,2024-05-31 18:00:00,1,,,0,
2021020301,2024-05-31 18:00:00,千葉ロッテマリーンズ,阪神タイガース,5.0,4.0,UNKNOWN,ZOZOマリンスタジアム,excluded,high,False,False,1500090.0,1000155.0,[],[],,,,,0,light,2024-05-31 18:00:00+00:00,,UNKNOWN,,,,UNKNOWN,UNKNOWN,,UNKNOWN,,4.5,2.25,0.0,2.25,0.0,3.95,4.0,2.0,8.0,0.0,1.0,0.0,,,,5.0625,1.875,3.375,6.75,1.6875,7.1375,5.333333333333333,3.0,6.0,1.0,4.0,2.0,,,,True,True,UNKNOWN,False,False,,,,,,,,,,NPB,2024-05-31 18:00:00,1,,,0,
2021020302,2024-05-31 18:00:00,オリックス・バファローズ,中日ドラゴンズ,2.0,1.0,UNKNOWN,京セラドーム大阪,interleague,high,True,True,500014.0,2101291.0,[],[],,,,,0,light,2024-05-31 18:00:00+00:00,,UNKNOWN,,,,UNKNOWN,UNKNOWN,,UNKNOWN,,1.2857142857142858,1.0,3.857142857142857,2.571428571428572,0.0,3.2,7.0,1.0,5.0,0.0,2.0,3.0,,,,0.0,0.7142857142857143,7.714285714285714,3.857142857142857,0.0,2.771428571428572,7.0,0.0,2.0,0.0,3.0,6.0,,,,True,True,UNKNOWN,False,False,,,,,,,,,,NPB,2024-05-31 18:00:00,1,,,0,
2021020303,2024-05-31 18:30:00,福岡ソフトバンクホークス,広島東洋カープ,2.0,1.0,UNKNOWN,みずほPayPayドーム福岡,unknown,low,False,False,1300057.0,1700011.0,[],[],,,,,0,light,2024-05-31 18:30:00+00:00,,UNKNOWN,,,,UNKNOWN,UNKNOWN,,UNKNOWN,,0.0,1.1428571428571428,10.285714285714286,5.142857142857143,0.0,2.628571428571429,7.0,0.0,4.0,0.0,4.0,8.0,,,,1.2857142857142858,0.7142857142857143,11.571428571428571,2.571428571428572,1.2857142857142858,3.342857142857143,7.0,1.0,3.0,1.0,2.0,9.0,,,,True,True,UNKNOWN,False,False,,,,,,,,,,NPB,2024-05-31 18:30:00,1,,,0,
2021020304,2024-06-01 14:00:00,北海道日本ハムファイターズ,横浜DeNAベイスターズ,3.0,4.0,UNKNOWN,ES CON FIELD HOKKAIDO,unknown,low,False,False,2000099.0,1500110.0,[],[],,,,,0,light,2024-06-01 14:00:00+00:00,,UNKNOWN,,,,UNKNOWN,UNKNOWN,,UNKNOWN,,4.5,1.0,6.75,0.0,2.25,4.95,4.0,2.0,4.0,1.0,0.0,3.0,,,,3.857142857142857,1.1428571428571428,10.285714285714286,0.0,1.2857142857142858,2.771428571428572,7.0,3.0,8.0,1.0,0.0,8.0,,,,True,True,UNKNOWN,False,False,,,,,,,,,,NPB,2024-06-01 14:00:00,1,,,0,
2021020306,2024-06-01 14:00:00,埼玉西武ライオンズ,読売ジャイアンツ,4.0,3.0,UNKNOWN,ベルーナドーム,excluded,high,False,False,2108022.0,1800081.0,[],[],,,,,0,light,2024-06-01 14:00:00+00:00,,UNKNOWN,,,,UNKNOWN,UNKNOWN,,UNKNOWN,,0.0,1.3333333333333333,3.0,9.0,0.0,5.533333333333333,6.0,0.0,2.0,0.0,6.0,2.0,,,,2.571428571428572,1.0,5.142857142857143,1.2857142857142858,0.0,2.4857142857142858,7.0,2.0,6.0,0.0,1.0,4.0,,,,True,True,UNKNOWN,False,False,2024-06-01 05:00:00+00:00,,UNKNOWN,Open-Meteo Historical Forecast,FAIL_CLOSED_NO_ISSUANCE_TIMESTAMP,26.2,47.0,0.0,5.5,NPB,2024-06-01 14:00:00,1,,,0,
2021020306,2024-06-01 14:00:00,埼玉西武ライオンズ,読売ジャイアンツ,4.0,3.0,UNKNOWN,ベルーナドーム,excluded,high,False,False,2108022.0,1800081.0,[],[],,,,,0,light,2024-06-01 14:00:00+00:00,,UNKNOWN,,,,UNKNOWN,UNKNOWN,,UNKNOWN,,0.0,1.3333333333333333,3.0,9.0,0.0,5.533333333333333,6.0,0.0,2.0,0.0,6.0,2.0,,,,2.571428571428572,1.0,5.142857142857143,1.2857142857142858,0.0,2.4857142857142858,7.0,2.0,6.0,0.0,1.0,4.0,,,,True,True,UNKNOWN,False,False,2024-06-01 05:00:00+00:00,,UNKNOWN,Open-Meteo Historical Forecast,FAIL_CLOSED_NO_ISSUANCE_TIMESTAMP,26.2,47.0,0.0,5.5,NPB,2024-06-01 14:00:00,1,,,0,
2021020307,2024-06-01 14:00:00,千葉ロッテマリーンズ,阪神タイガース,3.0,2.0,UNKNOWN,ZOZOマリンスタジアム,unknown,low,False,False,2100915.0,2102758.0,[],[],,,,,0,light,2024-06-01 14:00:00+00:00,,UNKNOWN,,,,UNKNOWN,UNKNOWN,,UNKNOWN,,1.5,1.0,1.5,4.5,0.0,4.366666666666667,6.0,1.0,3.0,0.0,3.0,1.0,,,,0.0,0.6,10.8,1.8,0.0,1.4,5.0,0.0,2.0,0.0,1.0,6.0,,,,True,True,UNKNOWN,False,False,,,,,,,,,,NPB,2024-06-01 14:00:00,1,,,0,
2021020308,2024-06-01 14:00:00,オリックス・バファローズ,中日ドラゴンズ,1.0,2.0,UNKNOWN,京セラドーム大阪,unknown,low,False,False,1660558.0,1700118.0,[],[],,,,,0,light,2024-06-01 14:00:00+00:00,,UNKNOWN,,,,UNKNOWN,UNKNOWN,,UNKNOWN,,1.2857142857142858,0.5714285714285714,3.857142857142857,0.0,0.0,2.342857142857143,7.0,1.0,4.0,0.0,0.0,3.0,,,,0.0,0.6,10.8,2.7,0.0,1.7000000000000002,3.333333333333333,0.0,1.0,0.0,1.0,4.0,,,,True,True,UNKNOWN,False,False,,,,,,,,,,NPB,2024-06-01 14:00:00,1,,,0,
2021020309,2024-06-01 14:00:00,福岡ソフトバンクホークス,広島東洋カープ,2.0,0.0,UNKNOWN,みずほPayPayドーム福岡,unknown,low,False,False,1900057.0,1550517.0,[],[],,,,,0,light,2024-06-01 14:00:00+00:00,,UNKNOWN,,,,UNKNOWN,UNKNOWN,,UNKNOWN,,0.0,1.1666666666666667,7.5,1.5,0.0,2.033333333333333,6.0,0.0,6.0,0.0,1.0,5.0,,,,0.0,0.7142857142857143,7.714285714285714,0.0,0.0,1.485714285714286,7.0,0.0,5.0,0.0,0.0,6.0,,,,True,True,UNKNOWN,False,False,,,,,,,,,,NPB,2024-06-01 14:00:00,1,,,0,
2021020305,2024-06-01 18:00:00,東北楽天ゴールデンイーグルス,東京ヤクルトスワローズ,8.0,2.0,UNKNOWN,楽天モバイルパーク宮城,interleague,high,True,True,2060039.0,2103736.0,[],[],,,,,0,light,2024-06-01 18:00:00+00:00,,UNKNOWN,,,,UNKNOWN,UNKNOWN,,UNKNOWN,,8.1,1.35,5.4,2.7,1.35,4.85,6.666666666666667,6.0,7.0,1.0,2.0,4.0,,,,1.5,0.6666666666666666,7.5,3.0,0.0,2.5333333333333337,6.0,1.0,2.0,0.0,2.0,5.0,,,,True,True,UNKNOWN,False,False,,,,,,,,,,NPB,2024-06-01 18:00:00,1,,,0,
2021020310,2024-06-02 13:00:00,北海道日本ハムファイターズ,横浜DeNAベイスターズ,9.0,2.0,UNKNOWN,ES CON FIELD HOKKAIDO,unknown,low,False,False,1800045.0,2100027.0,[],[],,,,,0,light,2024-06-02 13:00:00+00:00,,UNKNOWN,,,,UNKNOWN,UNKNOWN,,UNKNOWN,,15.75,2.25,2.25,0.0,4.5,9.2,4.0,7.0,9.0,2.0,0.0,1.0,,,,2.571428571428572,1.0,1.2857142857142858,2.571428571428572,0.0,3.7714285714285714,7.0,2.0,5.0,0.0,2.0,1.0,,,,True,True,UNKNOWN,False,False,,,,,,,,,,NPB,2024-06-02 13:00:00,1,,,0,
2021020312,2024-06-02 13:00:00,埼玉西武ライオンズ,読売ジャイアンツ,1.0,7.0,UNKNOWN,ベルーナドーム,interleague,high,True,True,1200041.0,1660539.0,[],[],,,,,0,light,2024-06-02 13:00:00+00:00,,UNKNOWN,,,,UNKNOWN,UNKNOWN,,UNKNOWN,,0.0,0.7142857142857143,9.0,1.2857142857142858,0.0,1.6285714285714288,7.0,0.0,4.0,0.0,1.0,7.0,,,,5.785714285714286,1.5,7.7142857142857135,0.0,0.0,1.485714285714286,4.666666666666667,3.0,7.0,0.0,0.0,4.0,,,,True,True,UNKNOWN,False,False,2024-06-02 04:00:00+00:00,,UNKNOWN,Open-Meteo Historical Forecast,FAIL_CLOSED_NO_ISSUANCE_TIMESTAMP,19.9,86.0,2.6,5.3,NPB,2024-06-02 13:00:00,1,,,0,
2021020312,2024-06-02 13:00:00,埼玉西武ライオンズ,読売ジャイアンツ,1.0,7.0,UNKNOWN,ベルーナドーム,interleague,high,True,True,1200041.0,1660539.0,[],[],,,,,0,light,2024-06-02 13:00:00+00:00,,UNKNOWN,,,,UNKNOWN,UNKNOWN,,UNKNOWN,,0.0,0.7142857142857143,9.0,1.2857142857142858,0.0,1.6285714285714288,7.0,0.0,4.0,0.0,1.0,7.0,,,,5.785714285714286,1.5,7.7142857142857135,0.0,0.0,1.485714285714286,4.666666666666667,3.0,7.0,0.0,0.0,4.0,,,,True,True,UNKNOWN,False,False,2024-06-02 04:00:00+00:00,,UNKNOWN,Open-Meteo Historical Forecast,FAIL_CLOSED_NO_ISSUANCE_TIMESTAMP,19.9,86.0,2.6,5.3,NPB,2024-06-02 13:00:00,1,,,0,
2021020314,2024-06-02 13:00:00,オリックス・バファローズ,中日ドラゴンズ,1.0,2.0,UNKNOWN,京セラドーム大阪,unknown,low,False,False,1800060.0,1750595.0,[],[],,,,,0,light,2024-06-02 13:00:00+00:00,,UNKNOWN,,,,UNKNOWN,UNKNOWN,,UNKNOWN,,1.5,1.3333333333333333,6.0,3.0,0.0,2.8666666666666667,6.0,1.0,6.0,0.0,2.0,4.0,,,,0.0,0.5714285714285714,7.714285714285714,0.0,0.0,1.485714285714286,7.0,0.0,4.0,0.0,0.0,6.0,,,,True,True,UNKNOWN,False,False,,,,,,,,,,NPB,2024-06-02 13:00:00,1,,,0,
2021020311,2024-06-02 14:00:00,東北楽天ゴールデンイーグルス,東京ヤクルトスワローズ,0.0,4.0,UNKNOWN,楽天モバイルパーク宮城,unknown,low,False,False,12113.0,700065.0,[],[],,,,,0,light,2024-06-02 14:00:00+00:00,,UNKNOWN,,,,UNKNOWN,UNKNOWN,,UNKNOWN,,0.0,0.8,1.8,0.0,0.0,2.8000000000000003,5.0,0.0,4.0,0.0,0.0,1.0,,,,7.2,1.6,0.0,1.8,1.8,6.4,5.0,4.0,7.0,1.0,1.0,0.0,,,,True,True,UNKNOWN,False,False,,,,,,,,,,NPB,2024-06-02 14:00:00,1,,,0,
2021020313,2024-06-02 14:00:00,千葉ロッテマリーンズ,阪神タイガース,0.0,1.0,UNKNOWN,ZOZOマリンスタジアム,interleague,high,True,True,1600115.0,1700002.0,[],[],,,,,0,light,2024-06-02 14:00:00+00:00,,UNKNOWN,,,,UNKNOWN,UNKNOWN,,UNKNOWN,,0.0,0.6666666666666666,6.0,0.0,0.0,1.866666666666667,9.0,0.0,6.0,0.0,0.0,6.0,,,,1.125,0.625,5.625,1.125,1.125,3.95,8.0,1.0,4.0,1.0,1.0,5.0,,,,True,True,UNKNOWN,False,False,,,,,,,,,,NPB,2024-06-02 14:00:00,1,,,0,
2021020315,2024-06-02 14:00:00,福岡ソフトバンクホークス,広島東洋カープ,5.0,3.0,UNKNOWN,みずほPayPayドーム福岡,interleague,high,True,True,1600125.0,20204.0,[],[],,,,,0,light,2024-06-02 14:00:00+00:00,,UNKNOWN,,,,UNKNOWN,UNKNOWN,,UNKNOWN,,5.785714285714286,1.2857142857142856,5.785714285714286,3.8571428571428568,1.9285714285714284,5.985714285714286,4.666666666666667,3.0,4.0,1.0,2.0,3.0,,,,0.0,0.6,10.8,1.8,0.0,1.4,5.0,0.0,2.0,0.0,1.0,6.0,,,,True,True,UNKNOWN,False,False,,,,,,,,,,NPB,2024-06-02 14:00:00,1,,,0,
2021020316,2024-06-04 18:00:00,読売ジャイアンツ,千葉ロッテマリーンズ,18.0,2.0,UNKNOWN,東京ドーム,unknown,low,False,False,1800052.0,2000006.0,[],[],,,,,0,light,2024-06-04 18:00:00+00:00,,UNKNOWN,,,,UNKNOWN,UNKNOWN,,UNKNOWN,,49.5,6.0,4.5,0.0,0.0,2.2,2.0,11.0,12.0,0.0,0.0,1.0,,,,3.0,1.1666666666666667,7.5,4.5,0.0,3.0333333333333337,6.0,2.0,4.0,0.0,3.0,5.0,,,,True,True,UNKNOWN,False,False,2024-06-04 09:00:00+00:00,,UNKNOWN,Open-Meteo Historical Forecast,FAIL_CLOSED_NO_ISSUANCE_TIMESTAMP,20.8,67.0,0.0,7.8,NPB,2024-06-04 18:00:00,1,,,0,
2021020316,2024-06-04 18:00:00,読売ジャイアンツ,千葉ロッテマリーンズ,18.0,2.0,UNKNOWN,東京ドーム,unknown,low,False,False,1800052.0,2000006.0,[],[],,,,,0,light,2024-06-04 18:00:00+00:00,,UNKNOWN,,,,UNKNOWN,UNKNOWN,,UNKNOWN,,49.5,6.0,4.5,0.0,0.0,2.2,2.0,11.0,12.0,0.0,0.0,1.0,,,,3.0,1.1666666666666667,7.5,4.5,0.0,3.0333333333333337,6.0,2.0,4.0,0.0,3.0,5.0,,,,True,True,UNKNOWN,False,False,2024-06-04 09:00:00+00:00,,UNKNOWN,Open-Meteo Historical Forecast,FAIL_CLOSED_NO_ISSUANCE_TIMESTAMP,20.8,67.0,0.0,7.8,NPB,2024-06-04 18:00:00,1,,,0,
2021020317,2024-06-04 18:00:00,東京ヤクルトスワローズ,埼玉西武ライオンズ,4.0,3.0,UNKNOWN,明治神宮野球場,interleague,high,True,True,1600127.0,2103794.0,[],[],,,,,0,light,2024-06-04 18:00:00+00:00,,UNKNOWN,,,,UNKNOWN,UNKNOWN,,UNKNOWN,,3.1153846153846154,0.8076923076923077,10.384615384615383,5.1923076923076925,0.0,2.623076923076923,8.666666666666666,3.0,2.0,0.0,5.0,10.0,,,,2.7,0.75,12.15,2.7,1.35,3.35,6.666666666666667,2.0,3.0,1.0,2.0,9.0,,,,True,True,UNKNOWN,False,False,,,,,,,,,,NPB,2024-06-04 18:00:00,1,,,0,
2021020318,2024-06-04 18:00:00,横浜DeNAベイスターズ,オリックス・バファローズ,3.0,1.0,UNKNOWN,横浜スタジアム,unknown,low,False,False,2108177.0,1961374.0,[],[],,,,,0,light,2024-06-04 18:00:00+00:00,,UNKNOWN,,,,UNKNOWN,UNKNOWN,,UNKNOWN,,1.5,1.3333333333333333,7.5,6.0,0.0,3.5333333333333337,6.0,1.0,4.0,0.0,4.0,5.0,,,,0.0,1.0,7.5,3.0,0.0,2.5333333333333337,6.0,0.0,4.0,0.0,2.0,5.0,,,,True,True,UNKNOWN,False,False,,,,,,,,,,NPB,2024-06-04 18:00:00,1,,,0,
2021020319,2024-06-04 18:00:00,中日ドラゴンズ,福岡ソフトバンクホークス,2.0,3.0,UNKNOWN,バンテリンドーム ナゴヤ,interleague,high,True,True,1400117.0,2000042.0,[],[],,,,,0,light,2024-06-04 18:00:00+00:00,,UNKNOWN,,,,UNKNOWN,UNKNOWN,,UNKNOWN,,3.0,1.1666666666666667,3.0,1.5,0.0,3.0333333333333337,6.0,2.0,6.0,0.0,1.0,2.0,,,,1.8,1.6,5.4,0.0,0.0,2.0,5.0,1.0,8.0,0.0,0.0,3.0,,,,True,True,UNKNOWN,False,False,,,,,,,,,,NPB,2024-06-04 18:00:00,1,,,0,
2021020320,2024-06-04 18:00:00,阪神タイガース,東北楽天ゴールデンイーグルス,1.0,3.0,UNKNOWN,阪神甲子園球場,unknown,low,False,False,1961850.0,2000055.0,[],[],,,,,0,light,2024-06-04 18:00:00+00:00,,UNKNOWN,,,,UNKNOWN,UNKNOWN,,UNKNOWN,,1.5,0.5,9.0,0.0,0.0,1.2000000000000002,6.0,1.0,3.0,0.0,0.0,6.0,,,,1.5,1.3333333333333333,10.5,3.0,0.0,1.866666666666667,6.0,1.0,6.0,0.0,2.0,7.0,,,,True,True,UNKNOWN,False,False,,,,,,,,,,NPB,2024-06-04 18:00:00,1,,,0,
2021020321,2024-06-04 18:00:00,広島東洋カープ,北海道日本ハムファイターズ,0.0,5.0,UNKNOWN,MAZDA Zoom-Zoom スタジアム広島,unknown,low,False,False,1750903.0,1600123.0,[],[],,,,,0,light,2024-06-04 18:00:00+00:00,,UNKNOWN,,,,UNKNOWN,UNKNOWN,,UNKNOWN,,0.0,0.8,9.0,3.6,0.0,2.4000000000000004,5.0,0.0,2.0,0.0,2.0,5.0,,,,3.857142857142857,1.5714285714285714,1.2857142857142858,2.571428571428572,0.0,3.7714285714285714,7.0,3.0,9.0,0.0,2.0,1.0,,,,True,True,UNKNOWN,False,False,,,,,,,,,,NPB,2024-06-04 18:00:00,1,,,0,
2021020322,2024-06-05 18:00:00,読売ジャイアンツ,千葉ロッテマリーンズ,3.0,4.0,UNKNOWN,東京ドーム,unknown,low,False,False,1600146.0,1900016.0,[],[],,,,,0,light,2024-06-05 18:00:00+00:00,,UNKNOWN,,,,UNKNOWN,UNKNOWN,,UNKNOWN,,0.0,0.875,10.125,3.375,0.0,2.075,8.0,0.0,4.0,0.0,3.0,9.0,,,,5.4,1.0,5.4,3.6,1.8,5.800000000000001,5.0,3.0,3.0,1.0,2.0,3.0,,,,True,True,UNKNOWN,False,False,2024-06-05 09:00:00+00:00,,UNKNOWN,Open-Meteo Historical Forecast,FAIL_CLOSED_NO_ISSUANCE_TIMESTAMP,22.7,68.0,0.0,9.2,NPB,2024-06-05 18:00:00,1,,,0,
2021020322,2024-06-05 18:00:00,読売ジャイアンツ,千葉ロッテマリーンズ,3.0,4.0,UNKNOWN,東京ドーム,unknown,low,False,False,1600146.0,1900016.0,[],[],,,,,0,light,2024-06-05 18:00:00+00:00,,UNKNOWN,,,,UNKNOWN,UNKNOWN,,UNKNOWN,,0.0,0.875,10.125,3.375,0.0,2.075,8.0,0.0,4.0,0.0,3.0,9.0,,,,5.4,1.0,5.4,3.6,1.8,5.800000000000001,5.0,3.0,3.0,1.0,2.0,3.0,,,,True,True,UNKNOWN,False,False,2024-06-05 09:00:00+00:00,,UNKNOWN,Open-Meteo Historical Forecast,FAIL_CLOSED_NO_ISSUANCE_TIMESTAMP,22.7,68.0,0.0,9.2,NPB,2024-06-05 18:00:00,1,,,0,
2021020323,2024-06-05 18:00:00,東京ヤクルトスワローズ,埼玉西武ライオンズ,7.0,2.0,UNKNOWN,明治神宮野球場,unknown,low,False,False,1751148.0,1200076.0,[],[],,,,,0,light,2024-06-05 18:00:00+00:00,,UNKNOWN,,,,UNKNOWN,UNKNOWN,,UNKNOWN,,6.352941176470588,1.4117647058823528,9.529411764705882,4.764705882352941,0.0,2.670588235294118,5.666666666666667,4.0,5.0,0.0,3.0,6.0,,,,2.8421052631578947,0.7894736842105263,8.526315789473685,0.0,0.0,1.305263157894737,6.333333333333333,2.0,5.0,0.0,0.0,6.0,,,,True,True,UNKNOWN,False,False,,,,,,,,,,NPB,2024-06-05 18:00:00,1,,,0,
2021020324,2024-06-05 18:00:00,横浜DeNAベイスターズ,オリックス・バファローズ,1.0,2.0,UNKNOWN,横浜スタジアム,unknown,low,False,False,1700109.0,2103904.0,[],[],,,,,0,light,2024-06-05 18:00:00+00:00,,UNKNOWN,,,,UNKNOWN,UNKNOWN,,UNKNOWN,,1.8,1.8,9.0,3.6,1.8,5.0,5.0,1.0,7.0,1.0,2.0,5.0,,,,3.0,1.0,7.5,1.5,1.5,4.2,6.0,2.0,5.0,1.0,1.0,5.0,,,,True,True,UNKNOWN,False,False,,,,,,,,,,NPB,2024-06-05 18:00:00,1,,,0,
2021020325,2024-06-05 18:00:00,中日ドラゴンズ,福岡ソフトバンクホークス,1.0,5.0,UNKNOWN,バンテリンドーム ナゴヤ,interleague,high,True,True,1900106.0,1500074.0,[],[],,,,,0,light,2024-06-05 18:00:00+00:00,,UNKNOWN,,,,UNKNOWN,UNKNOWN,,UNKNOWN,,0.0,0.8,10.8,0.0,0.0,0.8000000000000003,5.0,0.0,4.0,0.0,0.0,6.0,,,,1.8,1.6,9.0,3.6,0.0,2.4000000000000004,5.0,1.0,6.0,0.0,2.0,5.0,,,,True,True,UNKNOWN,False,False,,,,,,,,,,NPB,2024-06-05 18:00:00,1,,,0,
2021020326,2024-06-05 18:00:00,阪神タイガース,東北楽天ゴールデンイーグルス,2.0,3.0,UNKNOWN,阪神甲子園球場,unknown,low,False,False,2000126.0,1700137.0,[],[],,,,,0,light,2024-06-05 18:00:00+00:00,,UNKNOWN,,,,UNKNOWN,UNKNOWN,,UNKNOWN,,1.5,1.5,4.5,1.5,0.0,2.7,6.0,1.0,8.0,0.0,1.0,3.0,,,,0.0,1.2,6.75,0.0,0.0,1.7000000000000002,6.666666666666667,0.0,8.0,0.0,0.0,5.0,,,,True,True,UNKNOWN,False,False,,,,,,,,,,NPB,2024-06-05 18:00:00,1,,,0,
2021020327,2024-06-05 18:00:00,広島東洋カープ,北海道日本ハムファイターズ,6.0,0.0,UNKNOWN,MAZDA Zoom-Zoom スタジアム広島,interleague,high,True,True,2000079.0,1900052.0,[],[],,,,,0,light,2024-06-05 18:00:00+00:00,,UNKNOWN,,,,UNKNOWN,UNKNOWN,,UNKNOWN,,1.2857142857142858,1.1428571428571428,10.285714285714286,2.571428571428572,1.2857142857142858,3.628571428571429,7.0,1.0,6.0,1.0,2.0,8.0,,,,0.0,0.625,5.625,0.0,0.0,1.95,8.0,0.0,5.0,0.0,0.0,5.0,,,,True,True,UNKNOWN,False,False,,,,,,,,,,NPB,2024-06-05 18:00:00,1,,,0,
2021020328,2024-06-06 18:00:00,読売ジャイアンツ,千葉ロッテマリーンズ,7.0,4.0,UNKNOWN,東京ドーム,interleague,high,True,True,900081.0,1900019.0,[],[],,,,,0,light,2024-06-06 18:00:00+00:00,,UNKNOWN,,,,UNKNOWN,UNKNOWN,,UNKNOWN,,6.75,1.5,9.0,4.5,2.25,5.95,4.0,3.0,4.0,1.0,2.0,4.0,,,,4.05,1.2,8.1,0.0,0.0,1.4000000000000004,6.666666666666667,3.0,8.0,0.0,0.0,6.0,,,,True,True,UNKNOWN,False,False,2024-06-06 09:00:00+00:00,,UNKNOWN,Open-Meteo Historical Forecast,FAIL_CLOSED_NO_ISSUANCE_TIMESTAMP,22.8,67.0,0.0,7.2,NPB,2024-06-06 18:00:00,1,,,0,
2021020328,2024-06-06 18:00:00,読売ジャイアンツ,千葉ロッテマリーンズ,7.0,4.0,UNKNOWN,東京ドーム,interleague,high,True,True,900081.0,1900019.0,[],[],,,,,0,light,2024-06-06 18:00:00+00:00,,UNKNOWN,,,,UNKNOWN,UNKNOWN,,UNKNOWN,,6.75,1.5,9.0,4.5,2.25,5.95,4.0,3.0,4.0,1.0,2.0,4.0,,,,4.05,1.2,8.1,0.0,0.0,1.4000000000000004,6.666666666666667,3.0,8.0,0.0,0.0,6.0,,,,True,True,UNKNOWN,False,False,2024-06-06 09:00:00+00:00,,UNKNOWN,Open-Meteo Historical Forecast,FAIL_CLOSED_NO_ISSUANCE_TIMESTAMP,22.8,67.0,0.0,7.2,NPB,2024-06-06 18:00:00,1,,,0,
2021020329,2024-06-06 18:00:00,東京ヤクルトスワローズ,埼玉西武ライオンズ,3.0,1.0,UNKNOWN,明治神宮野球場,excluded,high,False,False,2103657.0,1500042.0,[],[],,,,,0,light,2024-06-06 18:00:00+00:00,,UNKNOWN,,,,UNKNOWN,UNKNOWN,,UNKNOWN,,3.6,1.4,7.2,7.2,1.8,6.6,5.0,2.0,3.0,1.0,4.0,4.0,,,,1.2857142857142858,0.5714285714285714,12.857142857142858,2.571428571428572,0.0,1.2000000000000002,7.0,1.0,2.0,0.0,2.0,10.0,,,,True,True,UNKNOWN,False,False,,,,,,,,,,NPB,2024-06-06 18:00:00,1,,,0,
2021020330,2024-06-06 18:00:00,横浜DeNAベイスターズ,オリックス・バファローズ,1.0,3.0,UNKNOWN,横浜スタジアム,unknown,low,False,False,1750543.0,1400110.0,[],[],,,,,0,light,2024-06-06 18:00:00+00:00,,UNKNOWN,,,,UNKNOWN,UNKNOWN,,UNKNOWN,,2.25,1.5,4.5,2.25,0.0,2.95,4.0,1.0,5.0,0.0,1.0,2.0,,,,0.0,0.0,0.0,0.0,0.0,3.2,1.0,0.0,0.0,0.0,0.0,0.0,,,,True,True,UNKNOWN,False,False,,,,,,,,,,NPB,2024-06-06 18:00:00,1,,,0,
2021020331,2024-06-06 18:00:00,中日ドラゴンズ,福岡ソフトバンクホークス,3.0,0.0,UNKNOWN,バンテリンドーム ナゴヤ,unknown,low,False,False,1200106.0,1600106.0,[],[],,,,,0,light,2024-06-06 18:00:00+00:00,,UNKNOWN,,,,UNKNOWN,UNKNOWN,,UNKNOWN,,0.0,1.6666666666666667,6.0,0.0,0.0,1.866666666666667,3.0,0.0,5.0,0.0,0.0,2.0,,,,0.0,1.0588235294117647,6.352941176470588,3.176470588235294,0.0,2.847058823529412,5.666666666666667,0.0,4.0,0.0,2.0,4.0,,,,True,True,UNKNOWN,False,False,,,,,,,,,,NPB,2024-06-06 18:00:00,1,,,0,
2021020332,2024-06-06 18:00:00,阪神タイガース,東北楽天ゴールデンイーグルス,1.0,4.0,UNKNOWN,阪神甲子園球場,unknown,low,False,False,2000123.0,900062.0,[],[],,,,,0,light,2024-06-06 18:00:00+00:00,,UNKNOWN,,,,UNKNOWN,UNKNOWN,,UNKNOWN,,1.2272727272727273,0.5454545454545455,8.590909090909092,1.2272727272727273,0.0,1.7000000000000002,7.333333333333333,1.0,3.0,0.0,1.0,7.0,,,,3.0,1.1666666666666667,7.5,4.5,0.0,3.0333333333333337,6.0,2.0,4.0,0.0,3.0,5.0,,,,True,True,UNKNOWN,False,False,,,,,,,,,,NPB,2024-06-06 18:00:00,1,,,0,
2021020333,2024-06-06 18:00:00,広島東洋カープ,北海道日本ハムファイターズ,3.0,1.0,UNKNOWN,MAZDA Zoom-Zoom スタジアム広島,unknown,low,False,False,1900073.0,1300058.0,[],[],,,,,0,light,2024-06-06 18:00:00+00:00,,UNKNOWN,,,,UNKNOWN,UNKNOWN,,UNKNOWN,,5.4,1.6,3.6,3.6,1.8,6.2,5.0,3.0,6.0,1.0,2.0,2.0,,,,1.2857142857142858,0.5714285714285714,3.857142857142857,0.0,0.0,2.342857142857143,7.0,1.0,4.0,0.0,0.0,3.0,,,,True,True,UNKNOWN,False,False,,,,,,,,,,NPB,2024-06-06 18:00:00,1,,,0,
2021020334,2024-06-07 18:00:00,読売ジャイアンツ,オリックス・バファローズ,0.0,2.0,UNKNOWN,東京ドーム,interleague,high,True,True,1700118.0,1800028.0,[],[],,,,,0,light,2024-06-07 18:00:00+00:00,,UNKNOWN,,,,UNKNOWN,UNKNOWN,,UNKNOWN,,0.0,0.5,2.25,2.25,0.0,3.45,8.0,0.0,2.0,0.0,2.0,2.0,,,,2.25,0.75,9.0,1.125,1.125,3.2,8.0,2.0,5.0,1.0,1.0,8.0,,,,True,True,UNKNOWN,False,False,2024-06-07 09:00:00+00:00,,UNKNOWN,Open-Meteo Historical Forecast,FAIL_CLOSED_NO_ISSUANCE_TIMESTAMP,23.0,60.0,0.0,4.6,NPB,2024-06-07 18:00:00,1,,,0,
2021020334,2024-06-07 18:00:00,読売ジャイアンツ,オリックス・バファローズ,0.0,2.0,UNKNOWN,東京ドーム,interleague,high,True,True,1700118.0,1800028.0,[],[],,,,,0,light,2024-06-07 18:00:00+00:00,,UNKNOWN,,,,UNKNOWN,UNKNOWN,,UNKNOWN,,0.0,0.5,2.25,2.25,0.0,3.45,8.0,0.0,2.0,0.0,2.0,2.0,,,,2.25,0.75,9.0,1.125,1.125,3.2,8.0,2.0,5.0,1.0,1.0,8.0,,,,True,True,UNKNOWN,False,False,2024-06-07 09:00:00+00:00,,UNKNOWN,Open-Meteo Historical Forecast,FAIL_CLOSED_NO_ISSUANCE_TIMESTAMP,23.0,60.0,0.0,4.6,NPB,2024-06-07 18:00:00,1,,,0,
2021020335,2024-06-07 18:00:00,東京ヤクルトスワローズ,北海道日本ハムファイターズ,4.0,5.0,UNKNOWN,明治神宮野球場,interleague,high,True,True,1400195.0,1750696.0,[],[],,,,,0,light,2024-06-07 18:00:00+00:00,,UNKNOWN,,,,UNKNOWN,UNKNOWN,,UNKNOWN,,3.375,1.6875,0.0,5.0625,0.0,4.8875,5.333333333333333,2.0,6.0,0.0,3.0,0.0,,,,9.0,2.6666666666666665,0.0,0.0,6.0,11.866666666666667,3.0,3.0,8.0,2.0,0.0,0.0,,,,True,True,UNKNOWN,False,False,,,,,,,,,,NPB,2024-06-07 18:00:00,1,,,0,
2021020336,2024-06-07 18:00:00,横浜DeNAベイスターズ,福岡ソフトバンクホークス,1.0,10.0,UNKNOWN,横浜スタジアム,excluded,high,False,False,1700011.0,1300077.0,[],[],,,,,0,light,2024-06-07 18:00:00+00:00,,UNKNOWN,,,,UNKNOWN,UNKNOWN,,UNKNOWN,,1.125,0.75,7.875,1.125,1.125,3.45,8.0,1.0,5.0,1.0,1.0,7.0,,,,16.875,2.625,10.125,3.375,3.375,6.95,2.6666666666666665,5.0,6.0,1.0,1.0,3.0,,,,True,True,UNKNOWN,False,False,,,,,,,,,,NPB,2024-06-07 18:00:00,1,,,0,
2021020337,2024-06-07 18:00:00,中日ドラゴンズ,東北楽天ゴールデンイーグルス,0.0,2.0,UNKNOWN,バンテリンドーム ナゴヤ,unknown,low,False,False,2000121.0,500014.0,[],[],,,,,0,light,2024-06-07 18:00:00+00:00,,UNKNOWN,,,,UNKNOWN,UNKNOWN,,UNKNOWN,,0.0,1.1428571428571428,9.0,2.571428571428572,0.0,2.0571428571428574,7.0,0.0,6.0,0.0,2.0,7.0,,,,2.571428571428572,0.7142857142857143,6.428571428571429,0.0,0.0,1.7714285714285716,7.0,2.0,5.0,0.0,0.0,5.0,,,,True,True,UNKNOWN,False,False,,,,,,,,,,NPB,2024-06-07 18:00:00,1,,,0,
2021020338,2024-06-07 18:00:00,阪神タイガース,埼玉西武ライオンズ,5.0,1.0,UNKNOWN,阪神甲子園球場,interleague,high,True,True,1700125.0,2000052.0,[],[],,,,,0,light,2024-06-07 18:00:00+00:00,,UNKNOWN,,,,UNKNOWN,UNKNOWN,,UNKNOWN,,4.5,2.25,2.25,9.0,0.0,5.7,4.0,2.0,5.0,0.0,4.0,1.0,,,,1.2857142857142858,0.8571428571428571,6.428571428571429,1.2857142857142858,0.0,2.2,7.0,1.0,5.0,0.0,1.0,5.0,,,,True,True,UNKNOWN,False,False,,,,,,,,,,NPB,2024-06-07 18:00:00,1,,,0,
2021020339,2024-06-07 18:00:00,広島東洋カープ,千葉ロッテマリーンズ,4.0,0.0,UNKNOWN,MAZDA Zoom-Zoom スタジアム広島,interleague,high,True,True,1000155.0,1300057.0,[],[],,,,,0,light,2024-06-07 18:00:00+00:00,,UNKNOWN,,,,UNKNOWN,UNKNOWN,,UNKNOWN,,4.5,1.75,11.25,6.75,0.0,2.95,4.0,2.0,4.0,0.0,3.0,5.0,,,,0.0,0.5555555555555556,2.0,5.0,0.0,4.422222222222223,9.0,0.0,0.0,0.0,5.0,2.0,,,,True,True,UNKNOWN,False,False,,,,,,,,,,NPB,2024-06-07 18:00:00,1,,,0,
2021020340,2024-06-08 14:00:00,読売ジャイアンツ,オリックス・バファローズ,0.0,5.0,UNKNOWN,東京ドーム,excluded,high,False,False,2107849.0,1961407.0,[],[],,,,,0,light,2024-06-08 14:00:00+00:00,,UNKNOWN,,,,UNKNOWN,UNKNOWN,,UNKNOWN,,0.0,0.6,10.8,3.6,0.0,2.0,5.0,0.0,1.0,0.0,2.0,6.0,,,,5.4,1.6,10.8,0.0,0.0,0.8000000000000003,5.0,3.0,8.0,0.0,0.0,6.0,,,,True,True,UNKNOWN,False,False,2024-06-08 05:00:00+00:00,,UNKNOWN,Open-Meteo Historical Forecast,FAIL_CLOSED_NO_ISSUANCE_TIMESTAMP,28.6,41.0,0.0,4.8,NPB,2024-06-08 14:00:00,1,,,0,
2021020340,2024-06-08 14:00:00,読売ジャイアンツ,オリックス・バファローズ,0.0,5.0,UNKNOWN,東京ドーム,excluded,high,False,False,2107849.0,1961407.0,[],[],,,,,0,light,2024-06-08 14:00:00+00:00,,UNKNOWN,,,,UNKNOWN,UNKNOWN,,UNKNOWN,,0.0,0.6,10.8,3.6,0.0,2.0,5.0,0.0,1.0,0.0,2.0,6.0,,,,5.4,1.6,10.8,0.0,0.0,0.8000000000000003,5.0,3.0,8.0,0.0,0.0,6.0,,,,True,True,UNKNOWN,False,False,2024-06-08 05:00:00+00:00,,UNKNOWN,Open-Meteo Historical Forecast,FAIL_CLOSED_NO_ISSUANCE_TIMESTAMP,28.6,41.0,0.0,4.8,NPB,2024-06-08 14:00:00,1,,,0,
2021020341,2024-06-08 14:00:00,東京ヤクルトスワローズ,北海道日本ハムファイターズ,6.0,3.0,UNKNOWN,明治神宮野球場,interleague,high,True,True,2107859.0,2000139.0,[],[],,,,,0,light,2024-06-08 14:00:00+00:00,,UNKNOWN,,,,UNKNOWN,UNKNOWN,,UNKNOWN,,4.5,0.6666666666666666,9.0,1.5,1.5,3.866666666666666,6.0,3.0,3.0,1.0,1.0,6.0,,,,1.5,1.0,4.5,1.5,1.5,4.866666666666667,6.0,1.0,5.0,1.0,1.0,3.0,,,,True,True,UNKNOWN,False,False,,,,,,,,,,NPB,2024-06-08 14:00:00,1,,,0,
2021020342,2024-06-08 14:00:00,横浜DeNAベイスターズ,福岡ソフトバンクホークス,3.0,5.0,UNKNOWN,横浜スタジアム,unknown,low,False,False,1900010.0,1700058.0,[],[],,,,,0,light,2024-06-08 14:00:00+00:00,,UNKNOWN,,,,UNKNOWN,UNKNOWN,,UNKNOWN,,0.0,0.8333333333333334,10.5,3.0,0.0,1.866666666666667,6.0,0.0,3.0,0.0,2.0,7.0,,,,3.857142857142857,1.0,6.428571428571429,0.0,1.2857142857142858,3.628571428571429,7.0,3.0,7.0,1.0,0.0,5.0,,,,True,True,UNKNOWN,False,False,,,,,,,,,,NPB,2024-06-08 14:00:00,1,,,0,
2021020343,2024-06-08 14:00:00,中日ドラゴンズ,東北楽天ゴールデンイーグルス,2.0,7.0,UNKNOWN,バンテリンドーム ナゴヤ,unknown,low,False,False,2110316.0,1660558.0,[],[],,,,,0,light,2024-06-08 14:00:00+00:00,,UNKNOWN,,,,UNKNOWN,UNKNOWN,,UNKNOWN,,3.0,1.8333333333333333,4.5,3.0,1.5,5.366666666666667,6.0,2.0,9.0,1.0,2.0,3.0,,,,16.2,2.1,5.4,2.7,2.7,6.8,3.333333333333333,6.0,6.0,1.0,1.0,2.0,,,,True,True,UNKNOWN,False,False,,,,,,,,,,NPB,2024-06-08 14:00:00,1,,,0,
2021020344,2024-06-08 14:00:00,阪神タイガース,埼玉西武ライオンズ,4.0,1.0,UNKNOWN,阪神甲子園球場,regular,high,True,True,1400182.0,2100915.0,[],[],,,,,0,light,2024-06-08 14:00:00+00:00,,UNKNOWN,,,,UNKNOWN,UNKNOWN,,UNKNOWN,,7.2,1.6,9.0,1.8,0.0,1.8000000000000005,5.0,4.0,7.0,0.0,1.0,5.0,,,,1.0,0.7777777777777778,6.0,3.0,0.0,2.8666666666666667,9.0,1.0,4.0,0.0,3.0,6.0,,,,True,True,UNKNOWN,False,False,,,,,,,,,,NPB,2024-06-08 14:00:00,1,,,0,
2021020345,2024-06-08 14:00:00,広島東洋カープ,千葉ロッテマリーンズ,1.0,3.0,UNKNOWN,MAZDA Zoom-Zoom スタジアム広島,unknown,low,False,False,1900080.0,1900057.0,[],[],,,,,0,light,2024-06-08 14:00:00+00:00,,UNKNOWN,,,,UNKNOWN,UNKNOWN,,UNKNOWN,,0.0,0.5,13.5,0.0,0.0,0.2000000000000001,6.0,0.0,3.0,0.0,0.0,9.0,,,,0.0,1.0,7.2,1.8,0.0,2.2,5.0,0.0,4.0,0.0,1.0,4.0,,,,True,True,UNKNOWN,False,False,,,,,,,,,,NPB,2024-06-08 14:00:00,1,,,0,
2021020347,2024-06-09 13:30:00,東京ヤクルトスワローズ,北海道日本ハムファイターズ,1.0,0.0,UNKNOWN,明治神宮野球場,unknown,low,False,False,1500110.0,2060039.0,[],[],,,,,0,light,2024-06-09 13:30:00+00:00,,UNKNOWN,,,,UNKNOWN,UNKNOWN,,UNKNOWN,,0.0,0.7142857142857143,5.142857142857143,0.0,0.0,2.0571428571428574,7.0,0.0,5.0,0.0,0.0,4.0,,,,0.0,1.0,3.857142857142857,1.2857142857142858,0.0,2.771428571428572,7.0,0.0,6.0,0.0,1.0,3.0,,,,True,True,UNKNOWN,False,False,,,,,,,,,,NPB,2024-06-09 13:30:00,1,,,0,
2021020349,2024-06-09 13:30:00,中日ドラゴンズ,東北楽天ゴールデンイーグルス,3.0,1.0,UNKNOWN,バンテリンドーム ナゴヤ,interleague,high,True,True,700065.0,1200098.0,[],[],,,,,0,light,2024-06-09 13:30:00+00:00,,UNKNOWN,,,,UNKNOWN,UNKNOWN,,UNKNOWN,,5.4,2.2,3.6,3.6,0.0,3.6,5.0,3.0,9.0,0.0,2.0,2.0,,,,1.8,0.8,5.4,1.8,1.8,5.2,5.0,1.0,3.0,1.0,1.0,3.0,,,,True,True,UNKNOWN,False,False,,,,,,,,,,NPB,2024-06-09 13:30:00,1,,,0,
2021020351,2024-06-09 13:30:00,広島東洋カープ,千葉ロッテマリーンズ,4.0,1.0,UNKNOWN,MAZDA Zoom-Zoom スタジアム広島,interleague,high,True,True,1700002.0,1600125.0,[],[],,,,,0,light,2024-06-09 13:30:00+00:00,,UNKNOWN,,,,UNKNOWN,UNKNOWN,,UNKNOWN,,1.5,1.3333333333333333,1.5,3.0,0.0,3.866666666666666,6.0,1.0,6.0,0.0,2.0,1.0,,,,0.0,0.5,6.0,1.5,0.0,2.3666666666666667,6.0,0.0,2.0,0.0,1.0,4.0,,,,True,True,UNKNOWN,False,False,,,,,,,,,,NPB,2024-06-09 13:30:00,1,,,0,
2021020346,2024-06-09 14:00:00,読売ジャイアンツ,オリックス・バファローズ,1.0,4.0,UNKNOWN,東京ドーム,excluded,high,False,False,1900092.0,1200041.0,[],[],,,,,0,light,2024-06-09 14:00:00+00:00,,UNKNOWN,,,,UNKNOWN,UNKNOWN,,UNKNOWN,,0.0,0.6,5.4,3.6,0.0,3.2,5.0,0.0,1.0,0.0,2.0,3.0,,,,4.5,1.0,6.0,3.0,0.0,2.8666666666666667,6.0,3.0,4.0,0.0,2.0,4.0,,,,True,True,UNKNOWN,False,False,2024-06-09 05:00:00+00:00,,UNKNOWN,Open-Meteo Historical Forecast,FAIL_CLOSED_NO_ISSUANCE_TIMESTAMP,25.0,63.0,0.0,6.8,NPB,2024-06-09 14:00:00,1,,,0,
2021020346,2024-06-09 14:00:00,読売ジャイアンツ,オリックス・バファローズ,1.0,4.0,UNKNOWN,東京ドーム,excluded,high,False,False,1900092.0,1200041.0,[],[],,,,,0,light,2024-06-09 14:00:00+00:00,,UNKNOWN,,,,UNKNOWN,UNKNOWN,,UNKNOWN,,0.0,0.6,5.4,3.6,0.0,3.2,5.0,0.0,1.0,0.0,2.0,3.0,,,,4.5,1.0,6.0,3.0,0.0,2.8666666666666667,6.0,3.0,4.0,0.0,2.0,4.0,,,,True,True,UNKNOWN,False,False,2024-06-09 05:00:00+00:00,,UNKNOWN,Open-Meteo Historical Forecast,FAIL_CLOSED_NO_ISSUANCE_TIMESTAMP,25.0,63.0,0.0,6.8,NPB,2024-06-09 14:00:00,1,,,0,
2021020348,2024-06-09 14:00:00,横浜DeNAベイスターズ,福岡ソフトバンクホークス,8.0,5.0,UNKNOWN,横浜スタジアム,excluded,high,False,False,20204.0,2112182.0,[],[],,,,,0,light,2024-06-09 14:00:00+00:00,,UNKNOWN,,,,UNKNOWN,UNKNOWN,,UNKNOWN,,9.818181818181818,1.9090909090909087,2.4545454545454546,2.4545454545454546,2.4545454545454546,7.0181818181818185,3.6666666666666665,4.0,6.0,1.0,1.0,1.0,,,,1.8,1.2,3.6,1.8,0.0,3.0,5.0,1.0,5.0,0.0,1.0,2.0,,,,True,True,UNKNOWN,False,False,,,,,,,,,,NPB,2024-06-09 14:00:00,1,,,0,
2021020350,2024-06-09 14:00:00,阪神タイガース,埼玉西武ライオンズ,3.0,0.0,UNKNOWN,阪神甲子園球場,unknown,low,False,False,1800081.0,1600115.0,[],[],,,,,0,light,2024-06-09 14:00:00+00:00,,UNKNOWN,,,,UNKNOWN,UNKNOWN,,UNKNOWN,,4.05,1.65,4.05,4.05,0.0,3.65,6.666666666666667,3.0,8.0,0.0,3.0,3.0,,,,0.0,0.5,10.125,3.375,0.0,2.075,8.0,0.0,1.0,0.0,3.0,9.0,,,,True,True,UNKNOWN,False,False,,,,,,,,,,NPB,2024-06-09 14:00:00,1,,,0,
2021020352,2024-06-11 18:00:00,北海道日本ハムファイターズ,中日ドラゴンズ,0.0,4.0,UNKNOWN,ES CON FIELD HOKKAIDO,interleague,high,True,True,2000042.0,1500109.0,[],[],,,,,0,light,2024-06-11 18:00:00+00:00,,UNKNOWN,,,,UNKNOWN,UNKNOWN,,UNKNOWN,,0.0,0.7142857142857143,9.0,2.571428571428572,0.0,2.0571428571428574,7.0,0.0,3.0,0.0,2.0,7.0,,,,1.2857142857142858,0.7142857142857143,5.142857142857143,1.2857142857142858,1.2857142857142858,4.342857142857143,7.0,1.0,4.0,1.0,1.0,4.0,,,,True,True,UNKNOWN,False,False,,,,,,,,,,NPB,2024-06-11 18:00:00,1,,,0,
2021020353,2024-06-11 18:00:00,東北楽天ゴールデンイーグルス,読売ジャイアンツ,7.0,6.0,UNKNOWN,楽天モバイルパーク宮城,interleague,high,True,True,2000006.0,1961850.0,[],[],,,,,0,light,2024-06-11 18:00:00+00:00,,UNKNOWN,,,,UNKNOWN,UNKNOWN,,UNKNOWN,,1.2857142857142858,1.1428571428571428,7.714285714285714,0.0,0.0,1.485714285714286,7.0,1.0,8.0,0.0,0.0,6.0,,,,5.4,1.8,7.2,1.8,5.4,10.0,5.0,3.0,8.0,3.0,1.0,4.0,,,,True,True,UNKNOWN,False,False,,,,,,,,,,NPB,2024-06-11 18:00:00,1,,,0,
2021020354,2024-06-11 18:00:00,埼玉西武ライオンズ,広島東洋カープ,1.0,2.0,UNKNOWN,ベルーナドーム,unknown,low,False,False,1600123.0,1600127.0,[],[],,,,,0,light,2024-06-11 18:00:00+00:00,,UNKNOWN,,,,UNKNOWN,UNKNOWN,,UNKNOWN,,1.125,0.75,3.375,2.25,1.125,4.825,8.0,1.0,4.0,1.0,2.0,3.0,,,,2.571428571428572,1.4285714285714286,9.0,3.857142857142857,1.2857142857142858,4.342857142857143,7.0,2.0,7.0,1.0,3.0,7.0,,,,True,True,UNKNOWN,False,False,2024-06-11 09:00:00+00:00,,UNKNOWN,Open-Meteo Historical Forecast,FAIL_CLOSED_NO_ISSUANCE_TIMESTAMP,23.4,71.0,0.0,9.5,NPB,2024-06-11 18:00:00,1,,,0,
2021020354,2024-06-11 18:00:00,埼玉西武ライオンズ,広島東洋カープ,1.0,2.0,UNKNOWN,ベルーナドーム,unknown,low,False,False,1600123.0,1600127.0,[],[],,,,,0,light,2024-06-11 18:00:00+00:00,,UNKNOWN,,,,UNKNOWN,UNKNOWN,,UNKNOWN,,1.125,0.75,3.375,2.25,1.125,4.825,8.0,1.0,4.0,1.0,2.0,3.0,,,,2.571428571428572,1.4285714285714286,9.0,3.857142857142857,1.2857142857142858,4.342857142857143,7.0,2.0,7.0,1.0,3.0,7.0,,,,True,True,UNKNOWN,False,False,2024-06-11 09:00:00+00:00,,UNKNOWN,Open-Meteo Historical Forecast,FAIL_CLOSED_NO_ISSUANCE_TIMESTAMP,23.4,71.0,0.0,9.5,NPB,2024-06-11 18:00:00,1,,,0,
2021020355,2024-06-11 18:00:00,千葉ロッテマリーンズ,横浜DeNAベイスターズ,0.0,4.0,UNKNOWN,ZOZOマリンスタジアム,unknown,low,False,False,2103904.0,1800052.0,[],[],,,,,0,light,2024-06-11 18:00:00+00:00,,UNKNOWN,,,,UNKNOWN,UNKNOWN,,UNKNOWN,,0.0,0.5714285714285714,10.285714285714286,2.571428571428572,0.0,1.7714285714285716,7.0,0.0,2.0,0.0,2.0,8.0,,,,5.142857142857143,1.0,7.714285714285714,1.2857142857142858,0.0,1.9142857142857144,7.0,4.0,6.0,0.0,1.0,6.0,,,,True,True,UNKNOWN,False,False,,,,,,,,,,NPB,2024-06-11 18:00:00,1,,,0,
2021020356,2024-06-11 18:00:00,オリックス・バファローズ,阪神タイガース,4.0,0.0,UNKNOWN,京セラドーム大阪,unknown,low,False,False,2000055.0,1750595.0,[],[],,,,,0,light,2024-06-11 18:00:00+00:00,,UNKNOWN,,,,UNKNOWN,UNKNOWN,,UNKNOWN,,4.5,1.375,1.125,0.0,0.0,2.95,8.0,4.0,11.0,0.0,0.0,1.0,,,,0.0,1.1666666666666667,18.0,0.0,0.0,-0.7999999999999998,6.0,0.0,7.0,0.0,0.0,12.0,,,,True,True,UNKNOWN,False,False,,,,,,,,,,NPB,2024-06-11 18:00:00,1,,,0,
2021020357,2024-06-11 18:00:00,福岡ソフトバンクホークス,東京ヤクルトスワローズ,4.0,2.0,UNKNOWN,みずほPayPayドーム福岡,unknown,low,False,False,2103794.0,1400117.0,[],[],,,,,0,light,2024-06-11 18:00:00+00:00,,UNKNOWN,,,,UNKNOWN,UNKNOWN,,UNKNOWN,,6.0,1.3333333333333333,4.5,3.0,0.0,3.2,6.0,4.0,6.0,0.0,2.0,3.0,,,,2.571428571428572,1.0,11.571428571428571,2.571428571428572,0.0,1.485714285714286,7.0,2.0,5.0,0.0,2.0,9.0,,,,True,True,UNKNOWN,False,False,,,,,,,,,,NPB,2024-06-11 18:00:00,1,,,0,
2021020358,2024-06-12 18:00:00,北海道日本ハムファイターズ,中日ドラゴンズ,7.0,0.0,UNKNOWN,ES CON FIELD HOKKAIDO,unknown,low,False,False,1500074.0,2000079.0,[],[],,,,,0,light,2024-06-12 18:00:00+00:00,,UNKNOWN,,,,UNKNOWN,UNKNOWN,,UNKNOWN,,6.75,1.65,4.05,1.35,2.7,6.65,6.666666666666667,5.0,10.0,2.0,1.0,3.0,,,,0.0,0.3333333333333333,7.0,0.0,0.0,1.6444444444444446,9.0,0.0,3.0,0.0,0.0,7.0,,,,True,True,UNKNOWN,False,False,,,,,,,,,,NPB,2024-06-12 18:00:00,1,,,0,
2021020359,2024-06-12 18:00:00,東北楽天ゴールデンイーグルス,読売ジャイアンツ,5.0,4.0,UNKNOWN,楽天モバイルパーク宮城,unknown,low,False,False,1900016.0,2000126.0,[],[],,,,,0,light,2024-06-12 18:00:00+00:00,,UNKNOWN,,,,UNKNOWN,UNKNOWN,,UNKNOWN,,16.875,3.375,0.0,3.375,3.375,9.2,2.6666666666666665,5.0,8.0,1.0,1.0,0.0,,,,1.5,0.6666666666666666,6.0,0.0,0.0,1.866666666666667,6.0,1.0,4.0,0.0,0.0,4.0,,,,True,True,UNKNOWN,False,False,,,,,,,,,,NPB,2024-06-12 18:00:00,1,,,0,
2021020360,2024-06-12 18:00:00,埼玉西武ライオンズ,広島東洋カープ,5.0,0.0,UNKNOWN,ベルーナドーム,unknown,low,False,False,1900052.0,1751148.0,[],[],,,,,0,light,2024-06-12 18:00:00+00:00,,UNKNOWN,,,,UNKNOWN,UNKNOWN,,UNKNOWN,,9.0,1.6,9.0,1.8,0.0,1.8000000000000005,5.0,5.0,7.0,0.0,1.0,5.0,,,,0.0,0.6666666666666666,4.0,2.0,0.0,2.977777777777778,9.0,0.0,4.0,0.0,2.0,4.0,,,,True,True,UNKNOWN,False,False,2024-06-12 09:00:00+00:00,,UNKNOWN,Open-Meteo Historical Forecast,FAIL_CLOSED_NO_ISSUANCE_TIMESTAMP,24.7,69.0,0.0,6.9,NPB,2024-06-12 18:00:00,1,,,0,
2021020360,2024-06-12 18:00:00,埼玉西武ライオンズ,広島東洋カープ,5.0,0.0,UNKNOWN,ベルーナドーム,unknown,low,False,False,1900052.0,1751148.0,[],[],,,,,0,light,2024-06-12 18:00:00+00:00,,UNKNOWN,,,,UNKNOWN,UNKNOWN,,UNKNOWN,,9.0,1.6,9.0,1.8,0.0,1.8000000000000005,5.0,5.0,7.0,0.0,1.0,5.0,,,,0.0,0.6666666666666666,4.0,2.0,0.0,2.977777777777778,9.0,0.0,4.0,0.0,2.0,4.0,,,,True,True,UNKNOWN,False,False,2024-06-12 09:00:00+00:00,,UNKNOWN,Open-Meteo Historical Forecast,FAIL_CLOSED_NO_ISSUANCE_TIMESTAMP,24.7,69.0,0.0,6.9,NPB,2024-06-12 18:00:00,1,,,0,
2021020361,2024-06-12 18:00:00,千葉ロッテマリーンズ,横浜DeNAベイスターズ,3.0,13.0,UNKNOWN,ZOZOマリンスタジアム,excluded,high,False,False,1961374.0,2000088.0,[],[],,,,,0,light,2024-06-12 18:00:00+00:00,,UNKNOWN,,,,UNKNOWN,UNKNOWN,,UNKNOWN,,3.0,1.5,3.0,3.0,0.0,3.5333333333333337,6.0,2.0,7.0,0.0,2.0,2.0,,,,3.176470588235294,1.0588235294117647,6.352941176470588,3.176470588235294,0.0,2.847058823529412,5.666666666666667,2.0,4.0,0.0,2.0,4.0,,,,True,True,UNKNOWN,False,False,,,,,,,,,,NPB,2024-06-12 18:00:00,1,,,0,
2021020362,2024-06-12 18:00:00,オリックス・バファローズ,阪神タイガース,4.0,0.0,UNKNOWN,京セラドーム大阪,unknown,low,False,False,1700137.0,2108177.0,[],[],,,,,0,light,2024-06-12 18:00:00+00:00,,UNKNOWN,,,,UNKNOWN,UNKNOWN,,UNKNOWN,,6.0,1.6666666666666667,6.0,4.5,0.0,3.3666666666666667,6.0,4.0,7.0,0.0,3.0,4.0,,,,0.0,0.6,8.1,1.35,0.0,1.8500000000000003,6.666666666666667,0.0,3.0,0.0,1.0,6.0,,,,True,True,UNKNOWN,False,False,,,,,,,,,,NPB,2024-06-12 18:00:00,1,,,0,
2021020363,2024-06-12 18:00:00,福岡ソフトバンクホークス,東京ヤクルトスワローズ,3.0,9.0,UNKNOWN,みずほPayPayドーム福岡,excluded,high,False,False,2000025.0,1550517.0,[],[],,,,,0,light,2024-06-12 18:00:00+00:00,,UNKNOWN,,,,UNKNOWN,UNKNOWN,,UNKNOWN,,1.2857142857142858,0.8571428571428571,3.857142857142857,1.2857142857142858,0.0,2.771428571428572,7.0,1.0,5.0,0.0,1.0,3.0,,,,12.6,2.2,5.4,3.6,1.8,5.800000000000001,5.0,7.0,9.0,1.0,2.0,3.0,,,,True,True,UNKNOWN,False,False,,,,,,,,,,NPB,2024-06-12 18:00:00,1,,,0,
2021020364,2024-06-13 18:00:00,北海道日本ハムファイターズ,中日ドラゴンズ,9.0,4.0,UNKNOWN,ES CON FIELD HOKKAIDO,interleague,high,True,True,1800060.0,2100027.0,[],[],,,,,0,light,2024-06-13 18:00:00+00:00,,UNKNOWN,,,,UNKNOWN,UNKNOWN,,UNKNOWN,,7.2,1.4,7.2,3.6,0.0,2.8000000000000003,5.0,4.0,5.0,0.0,2.0,4.0,,,,6.75,1.75,4.5,2.25,2.25,6.2,4.0,3.0,6.0,1.0,1.0,2.0,,,,True,True,UNKNOWN,False,False,,,,,,,,,,NPB,2024-06-13 18:00:00,1,,,0,
2021020365,2024-06-13 18:00:00,東北楽天ゴールデンイーグルス,読売ジャイアンツ,3.0,0.0,UNKNOWN,楽天モバイルパーク宮城,unknown,low,False,False,1900019.0,2000123.0,[],[],,,,,0,light,2024-06-13 18:00:00+00:00,,UNKNOWN,,,,UNKNOWN,UNKNOWN,,UNKNOWN,,1.588235294117647,1.4117647058823528,6.352941176470588,3.176470588235294,0.0,2.847058823529412,5.666666666666667,1.0,6.0,0.0,2.0,4.0,,,,0.0,1.2,7.2,5.4,0.0,3.4000000000000004,5.0,0.0,3.0,0.0,3.0,4.0,,,,True,True,UNKNOWN,False,False,,,,,,,,,,NPB,2024-06-13 18:00:00,1,,,0,
2021020366,2024-06-13 18:00:00,埼玉西武ライオンズ,広島東洋カープ,0.0,5.0,UNKNOWN,ベルーナドーム,unknown,low,False,False,1300058.0,1660539.0,[],[],,,,,0,light,2024-06-13 18:00:00+00:00,,UNKNOWN,,,,UNKNOWN,UNKNOWN,,UNKNOWN,,0.0,0.4444444444444444,6.0,2.0,0.0,2.5333333333333337,9.0,0.0,2.0,0.0,2.0,6.0,,,,3.375,2.0625,10.125,5.0625,0.0,2.6375,5.333333333333333,2.0,8.0,0.0,3.0,6.0,,,,True,True,UNKNOWN,False,False,2024-06-13 09:00:00+00:00,,UNKNOWN,Open-Meteo Historical Forecast,FAIL_CLOSED_NO_ISSUANCE_TIMESTAMP,24.0,71.0,0.0,3.8,NPB,2024-06-13 18:00:00,1,,,0,
2021020366,2024-06-13 18:00:00,埼玉西武ライオンズ,広島東洋カープ,0.0,5.0,UNKNOWN,ベルーナドーム,unknown,low,False,False,1300058.0,1660539.0,[],[],,,,,0,light,2024-06-13 18:00:00+00:00,,UNKNOWN,,,,UNKNOWN,UNKNOWN,,UNKNOWN,,0.0,0.4444444444444444,6.0,2.0,0.0,2.5333333333333337,9.0,0.0,2.0,0.0,2.0,6.0,,,,3.375,2.0625,10.125,5.0625,0.0,2.6375,5.333333333333333,2.0,8.0,0.0,3.0,6.0,,,,True,True,UNKNOWN,False,False,2024-06-13 09:00:00+00:00,,UNKNOWN,Open-Meteo Historical Forecast,FAIL_CLOSED_NO_ISSUANCE_TIMESTAMP,24.0,71.0,0.0,3.8,NPB,2024-06-13 18:00:00,1,,,0,
2021020367,2024-06-13 18:00:00,千葉ロッテマリーンズ,横浜DeNAベイスターズ,1.0,3.0,UNKNOWN,ZOZOマリンスタジアム,unknown,low,False,False,1800045.0,900081.0,[],[],,,,,0,light,2024-06-13 18:00:00+00:00,,UNKNOWN,,,,UNKNOWN,UNKNOWN,,UNKNOWN,,1.8,1.2,3.6,1.8,0.0,3.0,5.0,1.0,5.0,0.0,1.0,2.0,,,,3.857142857142857,1.2857142857142858,6.428571428571429,1.2857142857142858,2.571428571428572,5.914285714285715,7.0,3.0,8.0,2.0,1.0,5.0,,,,True,True,UNKNOWN,False,False,,,,,,,,,,NPB,2024-06-13 18:00:00,1,,,0,
2021020368,2024-06-13 18:00:00,オリックス・バファローズ,阪神タイガース,0.0,5.0,UNKNOWN,京セラドーム大阪,unknown,low,False,False,900062.0,1700109.0,[],[],,,,,0,light,2024-06-13 18:00:00+00:00,,UNKNOWN,,,,UNKNOWN,UNKNOWN,,UNKNOWN,,0.0,0.6666666666666666,4.0,0.0,0.0,2.311111111111112,9.0,0.0,6.0,0.0,0.0,4.0,,,,7.2,1.8,7.2,5.4,0.0,3.4000000000000004,5.0,4.0,6.0,0.0,3.0,4.0,,,,True,True,UNKNOWN,False,False,,,,,,,,,,NPB,2024-06-13 18:00:00,1,,,0,
2021020369,2024-06-13 18:00:00,福岡ソフトバンクホークス,東京ヤクルトスワローズ,6.0,3.0,UNKNOWN,みずほPayPayドーム福岡,interleague,high,True,True,1500042.0,1900106.0,[],[],,,,,0,light,2024-06-13 18:00:00+00:00,,UNKNOWN,,,,UNKNOWN,UNKNOWN,,UNKNOWN,,10.8,3.9,5.4,16.2,0.0,7.4,3.333333333333333,4.0,7.0,0.0,6.0,2.0,,,,3.6,1.2,5.4,3.6,1.8,5.800000000000001,5.0,2.0,4.0,1.0,2.0,3.0,,,,True,True,UNKNOWN,False,False,,,,,,,,,,NPB,2024-06-13 18:00:00,1,,,0,
2021020370,2024-06-14 18:00:00,北海道日本ハムファイターズ,読売ジャイアンツ,2.0,7.0,UNKNOWN,ES CON FIELD HOKKAIDO,interleague,high,True,True,1800028.0,1400195.0,[],[],,,,,0,light,2024-06-14 18:00:00+00:00,,UNKNOWN,,,,UNKNOWN,UNKNOWN,,UNKNOWN,,2.0,0.6666666666666666,9.0,2.0,2.0,4.755555555555556,9.0,2.0,4.0,2.0,2.0,9.0,,,,7.2,2.0,5.4,3.6,3.6,8.4,5.0,4.0,8.0,2.0,2.0,3.0,,,,True,True,UNKNOWN,False,False,,,,,,,,,,NPB,2024-06-14 18:00:00,1,,,0,
2021020371,2024-06-14 18:00:00,東北楽天ゴールデンイーグルス,広島東洋カープ,0.0,1.0,UNKNOWN,楽天モバイルパーク宮城,interleague,high,True,True,1300057.0,2000121.0,[],[],,,,,0,light,2024-06-14 18:00:00+00:00,,UNKNOWN,,,,UNKNOWN,UNKNOWN,,UNKNOWN,,0.0,1.0,6.428571428571429,0.0,0.0,1.7714285714285716,7.0,0.0,7.0,0.0,0.0,5.0,,,,0.0,0.5,9.9,0.9,0.0,1.3000000000000005,10.0,0.0,4.0,0.0,1.0,11.0,,,,True,True,UNKNOWN,False,False,,,,,,,,,,NPB,2024-06-14 18:00:00,1,,,0,
2021020372,2024-06-14 18:00:00,埼玉西武ライオンズ,横浜DeNAベイスターズ,1.0,5.0,UNKNOWN,ベルーナドーム,excluded,high,False,False,1600081.0,2106286.0,[],[],,,,,0,light,2024-06-14 18:00:00+00:00,,UNKNOWN,,,,UNKNOWN,UNKNOWN,,UNKNOWN,,1.5,1.1666666666666667,3.0,4.5,0.0,4.033333333333333,6.0,1.0,4.0,0.0,3.0,2.0,,,,3.375,1.3125,6.75,0.0,0.0,1.7000000000000002,5.333333333333333,2.0,7.0,0.0,0.0,4.0,,,,True,True,UNKNOWN,False,False,2024-06-14 09:00:00+00:00,,UNKNOWN,Open-Meteo Historical Forecast,FAIL_CLOSED_NO_ISSUANCE_TIMESTAMP,26.4,62.0,0.0,6.6,NPB,2024-06-14 18:00:00,1,,,0,
2021020372,2024-06-14 18:00:00,埼玉西武ライオンズ,横浜DeNAベイスターズ,1.0,5.0,UNKNOWN,ベルーナドーム,excluded,high,False,False,1600081.0,2106286.0,[],[],,,,,0,light,2024-06-14 18:00:00+00:00,,UNKNOWN,,,,UNKNOWN,UNKNOWN,,UNKNOWN,,1.5,1.1666666666666667,3.0,4.5,0.0,4.033333333333333,6.0,1.0,4.0,0.0,3.0,2.0,,,,3.375,1.3125,6.75,0.0,0.0,1.7000000000000002,5.333333333333333,2.0,7.0,0.0,0.0,4.0,,,,True,True,UNKNOWN,False,False,2024-06-14 09:00:00+00:00,,UNKNOWN,Open-Meteo Historical Forecast,FAIL_CLOSED_NO_ISSUANCE_TIMESTAMP,26.4,62.0,0.0,6.6,NPB,2024-06-14 18:00:00,1,,,0,
2021020373,2024-06-14 18:00:00,千葉ロッテマリーンズ,中日ドラゴンズ,3.0,4.0,UNKNOWN,ZOZOマリンスタジアム,unknown,low,False,False,500014.0,1600146.0,[],[],,,,,0,light,2024-06-14 18:00:00+00:00,,UNKNOWN,,,,UNKNOWN,UNKNOWN,,UNKNOWN,,3.0,1.1666666666666667,3.0,0.0,0.0,2.5333333333333337,6.0,2.0,7.0,0.0,0.0,2.0,,,,2.571428571428572,1.2857142857142858,12.857142857142858,2.571428571428572,0.0,1.2000000000000002,7.0,2.0,7.0,0.0,2.0,10.0,,,,True,True,UNKNOWN,False,False,,,,,,,,,,NPB,2024-06-14 18:00:00,1,,,0,
2021020374,2024-06-14 18:00:00,オリックス・バファローズ,東京ヤクルトスワローズ,3.0,5.0,UNKNOWN,京セラドーム大阪,japan_series,high,False,True,1900024.0,2101291.0,[],[],,,,,0,light,2024-06-14 18:00:00+00:00,,UNKNOWN,,,,UNKNOWN,UNKNOWN,,UNKNOWN,,1.8,1.4,5.4,0.0,1.8,4.6,5.0,1.0,7.0,1.0,0.0,3.0,,,,3.857142857142857,1.0,5.142857142857143,1.2857142857142858,0.0,2.4857142857142858,7.0,3.0,6.0,0.0,1.0,4.0,,,,True,True,UNKNOWN,False,False,,,,,,,,,,NPB,2024-06-14 18:00:00,1,,,0,
2021020375,2024-06-14 18:30:00,福岡ソフトバンクホークス,阪神タイガース,2.0,0.0,UNKNOWN,みずほPayPayドーム福岡,unknown,low,False,False,2000052.0,1700011.0,[],[],,,,,0,light,2024-06-14 18:30:00+00:00,,UNKNOWN,,,,UNKNOWN,UNKNOWN,,UNKNOWN,,2.25,0.875,1.125,0.0,1.125,4.575,8.0,2.0,7.0,1.0,0.0,1.0,,,,0.0,1.0,15.428571428571429,1.2857142857142858,0.0,0.2000000000000001,7.0,0.0,6.0,0.0,1.0,12.0,,,,True,True,UNKNOWN,False,False,,,,,,,,,,NPB,2024-06-14 18:30:00,1,,,0,
2021020377,2024-06-15 14:00:00,東北楽天ゴールデンイーグルス,広島東洋カープ,3.0,4.0,UNKNOWN,楽天モバイルパーク宮城,interleague,high,True,True,1900057.0,2110316.0,[],[],,,,,0,light,2024-06-15 14:00:00+00:00,,UNKNOWN,,,,UNKNOWN,UNKNOWN,,UNKNOWN,,4.5,1.5,4.5,1.5,0.0,2.7,6.0,3.0,8.0,0.0,1.0,3.0,,,,6.0,1.6666666666666667,6.0,1.5,0.0,2.3666666666666667,6.0,4.0,9.0,0.0,1.0,4.0,,,,True,True,UNKNOWN,False,False,,,,,,,,,,NPB,2024-06-15 14:00:00,1,,,0,
2021020378,2024-06-15 14:00:00,埼玉西武ライオンズ,横浜DeNAベイスターズ,0.0,4.0,UNKNOWN,ベルーナドーム,unknown,low,False,False,1700058.0,1400182.0,[],[],,,,,0,light,2024-06-15 14:00:00+00:00,,UNKNOWN,,,,UNKNOWN,UNKNOWN,,UNKNOWN,,0.0,0.8888888888888888,4.0,1.0,0.0,2.644444444444445,9.0,0.0,7.0,0.0,1.0,4.0,,,,3.176470588235294,1.4117647058823528,4.764705882352941,0.0,1.588235294117647,4.435294117647059,5.666666666666667,2.0,8.0,1.0,0.0,3.0,,,,True,True,UNKNOWN,False,False,2024-06-15 05:00:00+00:00,,UNKNOWN,Open-Meteo Historical Forecast,FAIL_CLOSED_NO_ISSUANCE_TIMESTAMP,28.8,51.0,0.0,7.7,NPB,2024-06-15 14:00:00,1,,,0,
2021020378,2024-06-15 14:00:00,埼玉西武ライオンズ,横浜DeNAベイスターズ,0.0,4.0,UNKNOWN,ベルーナドーム,unknown,low,False,False,1700058.0,1400182.0,[],[],,,,,0,light,2024-06-15 14:00:00+00:00,,UNKNOWN,,,,UNKNOWN,UNKNOWN,,UNKNOWN,,0.0,0.8888888888888888,4.0,1.0,0.0,2.644444444444445,9.0,0.0,7.0,0.0,1.0,4.0,,,,3.176470588235294,1.4117647058823528,4.764705882352941,0.0,1.588235294117647,4.435294117647059,5.666666666666667,2.0,8.0,1.0,0.0,3.0,,,,True,True,UNKNOWN,False,False,2024-06-15 05:00:00+00:00,,UNKNOWN,Open-Meteo Historical Forecast,FAIL_CLOSED_NO_ISSUANCE_TIMESTAMP,28.8,51.0,0.0,7.7,NPB,2024-06-15 14:00:00,1,,,0,
2021020379,2024-06-15 14:00:00,千葉ロッテマリーンズ,中日ドラゴンズ,10.0,0.0,UNKNOWN,ZOZOマリンスタジアム,unknown,low,False,False,1660558.0,1900083.0,[],[],,,,,0,light,2024-06-15 14:00:00+00:00,,UNKNOWN,,,,UNKNOWN,UNKNOWN,,UNKNOWN,,7.7142857142857135,1.7142857142857142,3.8571428571428568,1.9285714285714284,1.9285714285714284,5.771428571428571,4.666666666666667,4.0,7.0,1.0,1.0,2.0,,,,0.0,0.5,13.5,0.0,0.0,0.2000000000000001,2.0,0.0,1.0,0.0,0.0,3.0,,,,True,True,UNKNOWN,False,False,,,,,,,,,,NPB,2024-06-15 14:00:00,1,,,0,
2021020380,2024-06-15 14:00:00,オリックス・バファローズ,東京ヤクルトスワローズ,9.0,3.0,UNKNOWN,京セラドーム大阪,interleague,high,True,True,2000139.0,1700118.0,[],[],,,,,0,light,2024-06-15 14:00:00+00:00,,UNKNOWN,,,,UNKNOWN,UNKNOWN,,UNKNOWN,,11.25,2.5,11.25,2.25,2.25,4.7,4.0,5.0,9.0,1.0,1.0,5.0,,,,3.6,1.4,7.2,0.0,0.0,1.6,5.0,2.0,7.0,0.0,0.0,4.0,,,,True,True,UNKNOWN,False,False,,,,,,,,,,NPB,2024-06-15 14:00:00,1,,,0,
2021020376,2024-06-15 18:00:00,北海道日本ハムファイターズ,読売ジャイアンツ,0.0,2.0,UNKNOWN,ES CON FIELD HOKKAIDO,unknown,low,False,False,1961407.0,2107859.0,[],[],,,,,0,light,2024-06-15 18:00:00+00:00,,UNKNOWN,,,,UNKNOWN,UNKNOWN,,UNKNOWN,,0.0,0.576923076923077,9.346153846153848,0.0,0.0,1.123076923076923,8.666666666666666,0.0,5.0,0.0,0.0,9.0,,,,2.25,1.125,5.625,0.0,1.125,3.575,8.0,2.0,9.0,1.0,0.0,5.0,,,,True,True,UNKNOWN,False,False,,,,,,,,,,NPB,2024-06-15 18:00:00,1,,,0,
2021020381,2024-06-15 18:00:00,福岡ソフトバンクホークス,阪神タイガース,6.0,2.0,UNKNOWN,みずほPayPayドーム福岡,unknown,low,False,False,2100915.0,1200106.0,[],[],,,,,0,light,2024-06-15 18:00:00+00:00,,UNKNOWN,,,,UNKNOWN,UNKNOWN,,UNKNOWN,,8.307692307692308,1.8461538461538465,6.230769230769231,6.230769230769231,4.153846153846154,9.892307692307693,4.333333333333333,4.0,5.0,2.0,3.0,3.0,,,,1.5,1.0,7.5,1.5,0.0,2.033333333333333,6.0,1.0,5.0,0.0,1.0,5.0,,,,True,True,UNKNOWN,False,False,,,,,,,,,,NPB,2024-06-15 18:00:00,1,,,0,
2021020383,2024-06-16 13:00:00,東北楽天ゴールデンイーグルス,広島東洋カープ,5.0,3.0,UNKNOWN,楽天モバイルパーク宮城,unknown,low,False,False,1600125.0,2103736.0,[],[],,,,,0,light,2024-06-16 13:00:00+00:00,,UNKNOWN,,,,UNKNOWN,UNKNOWN,,UNKNOWN,,4.5,1.3333333333333333,3.0,4.5,1.5,6.2,6.0,3.0,5.0,1.0,3.0,2.0,,,,0.0,1.6666666666666667,0.0,12.0,0.0,7.2,3.0,0.0,1.0,0.0,4.0,0.0,,,,True,True,UNKNOWN,False,False,,,,,,,,,,NPB,2024-06-16 13:00:00,1,,,0,
2021020384,2024-06-16 13:00:00,埼玉西武ライオンズ,横浜DeNAベイスターズ,0.0,5.0,UNKNOWN,ベルーナドーム,unknown,low,False,False,2112182.0,1800081.0,[],[],,,,,0,light,2024-06-16 13:00:00+00:00,,UNKNOWN,,,,UNKNOWN,UNKNOWN,,UNKNOWN,,0.0,0.4444444444444444,6.0,0.0,0.0,1.866666666666667,9.0,0.0,4.0,0.0,0.0,6.0,,,,4.764705882352941,1.2352941176470589,6.352941176470588,1.588235294117647,1.588235294117647,4.6117647058823525,5.666666666666667,3.0,6.0,1.0,1.0,4.0,,,,True,True,UNKNOWN,False,False,2024-06-16 04:00:00+00:00,,UNKNOWN,Open-Meteo Historical Forecast,FAIL_CLOSED_NO_ISSUANCE_TIMESTAMP,27.8,64.0,0.0,9.3,NPB,2024-06-16 13:00:00,1,,,0,
2021020384,2024-06-16 13:00:00,埼玉西武ライオンズ,横浜DeNAベイスターズ,0.0,5.0,UNKNOWN,ベルーナドーム,unknown,low,False,False,2112182.0,1800081.0,[],[],,,,,0,light,2024-06-16 13:00:00+00:00,,UNKNOWN,,,,UNKNOWN,UNKNOWN,,UNKNOWN,,0.0,0.4444444444444444,6.0,0.0,0.0,1.866666666666667,9.0,0.0,4.0,0.0,0.0,6.0,,,,4.764705882352941,1.2352941176470589,6.352941176470588,1.588235294117647,1.588235294117647,4.6117647058823525,5.666666666666667,3.0,6.0,1.0,1.0,4.0,,,,True,True,UNKNOWN,False,False,2024-06-16 04:00:00+00:00,,UNKNOWN,Open-Meteo Historical Forecast,FAIL_CLOSED_NO_ISSUANCE_TIMESTAMP,27.8,64.0,0.0,9.3,NPB,2024-06-16 13:00:00,1,,,0,
2021020386,2024-06-16 13:00:00,オリックス・バファローズ,東京ヤクルトスワローズ,4.0,5.0,UNKNOWN,京セラドーム大阪,excluded,high,False,False,2060039.0,2000096.0,[],[],,,,,0,light,2024-06-16 13:00:00+00:00,,UNKNOWN,,,,UNKNOWN,UNKNOWN,,UNKNOWN,,5.4,2.2,7.2,5.4,0.0,3.4000000000000004,5.0,3.0,8.0,0.0,3.0,4.0,,,,1.8,0.4,16.2,3.6,0.0,0.8000000000000003,5.0,1.0,0.0,0.0,2.0,9.0,,,,True,True,UNKNOWN,False,False,,,,,,,,,,NPB,2024-06-16 13:00:00,1,,,0,
2021020382,2024-06-16 14:00:00,北海道日本ハムファイターズ,読売ジャイアンツ,3.0,3.0,UNKNOWN,ES CON FIELD HOKKAIDO,interleague,high,True,True,1200041.0,1500110.0,[],[],,,,,0,light,2024-06-16 14:00:00+00:00,,UNKNOWN,,,,UNKNOWN,UNKNOWN,,UNKNOWN,,5.0625,1.6875,11.8125,0.0,1.6875,3.0125,5.333333333333333,3.0,9.0,1.0,0.0,7.0,,,,2.8421052631578947,0.9473684210526316,5.684210526315789,0.0,1.4210526315789471,3.989473684210527,6.333333333333333,2.0,6.0,1.0,0.0,4.0,,,,True,True,UNKNOWN,False,False,,,,,,,,,,NPB,2024-06-16 14:00:00,1,,,0,
2021020385,2024-06-16 14:00:00,千葉ロッテマリーンズ,中日ドラゴンズ,7.0,2.0,UNKNOWN,ZOZOマリンスタジアム,unknown,low,False,False,1600106.0,1700002.0,[],[],,,,,0,light,2024-06-16 14:00:00+00:00,,UNKNOWN,,,,UNKNOWN,UNKNOWN,,UNKNOWN,,7.2,1.8,1.8,1.8,1.8,6.0,5.0,4.0,8.0,1.0,1.0,1.0,,,,1.2857142857142858,0.7142857142857143,6.428571428571429,1.2857142857142858,0.0,2.2,7.0,1.0,4.0,0.0,1.0,5.0,,,,True,True,UNKNOWN,False,False,,,,,,,,,,NPB,2024-06-16 14:00:00,1,,,0,
2021020387,2024-06-16 14:00:00,福岡ソフトバンクホークス,阪神タイガース,1.0,4.0,UNKNOWN,みずほPayPayドーム福岡,interleague,high,True,True,1600115.0,1300080.0,[],[],,,,,0,light,2024-06-16 14:00:00+00:00,,UNKNOWN,,,,UNKNOWN,UNKNOWN,,UNKNOWN,,1.2857142857142858,0.7142857142857143,11.571428571428571,0.0,1.2857142857142858,2.4857142857142858,7.0,1.0,5.0,1.0,0.0,9.0,,,,7.2,1.0,10.8,1.8,1.8,4.0,5.0,4.0,4.0,1.0,1.0,6.0,,,,True,True,UNKNOWN,False,False,,,,,,,,,,NPB,2024-06-16 14:00:00,1,,,0,
2021023499,2024-06-18 18:00:00,阪神タイガース,北海道日本ハムファイターズ,2.0,1.0,UNKNOWN,阪神甲子園球場,excluded,high,False,False,2111822.0,2000055.0,[],[],,,,,0,light,2024-06-18 18:00:00+00:00,,UNKNOWN,,,,UNKNOWN,UNKNOWN,,UNKNOWN,,2.076923076923077,0.9230769230769232,12.461538461538462,4.153846153846154,0.0,1.815384615384616,4.333333333333333,1.0,2.0,0.0,2.0,6.0,,,,0.0,0.6,12.6,1.8,0.0,1.0,5.0,0.0,2.0,0.0,1.0,7.0,,,,True,True,UNKNOWN,False,False,,,,,,,,,,NPB,2024-06-18 18:00:00,1,,,0,
2021020388,2024-06-21 18:00:00,読売ジャイアンツ,東京ヤクルトスワローズ,2.0,4.0,UNKNOWN,東京ドーム,interleague,high,True,True,2103794.0,1800028.0,[],[],,,,,0,light,2024-06-21 18:00:00+00:00,,UNKNOWN,,,,UNKNOWN,UNKNOWN,,UNKNOWN,,0.0,0.9545454545454546,7.363636363636364,3.681818181818182,0.0,2.790909090909091,7.333333333333333,0.0,4.0,0.0,3.0,6.0,,,,4.5,1.5,10.5,4.5,1.5,4.533333333333333,6.0,3.0,6.0,1.0,3.0,7.0,,,,True,True,UNKNOWN,False,False,2024-06-21 09:00:00+00:00,,UNKNOWN,Open-Meteo Historical Forecast,FAIL_CLOSED_NO_ISSUANCE_TIMESTAMP,19.6,89.0,0.5,10.3,NPB,2024-06-21 18:00:00,1,,,0,
2021020388,2024-06-21 18:00:00,読売ジャイアンツ,東京ヤクルトスワローズ,2.0,4.0,UNKNOWN,東京ドーム,interleague,high,True,True,2103794.0,1800028.0,[],[],,,,,0,light,2024-06-21 18:00:00+00:00,,UNKNOWN,,,,UNKNOWN,UNKNOWN,,UNKNOWN,,0.0,0.9545454545454546,7.363636363636364,3.681818181818182,0.0,2.790909090909091,7.333333333333333,0.0,4.0,0.0,3.0,6.0,,,,4.5,1.5,10.5,4.5,1.5,4.533333333333333,6.0,3.0,6.0,1.0,3.0,7.0,,,,True,True,UNKNOWN,False,False,2024-06-21 09:00:00+00:00,,UNKNOWN,Open-Meteo Historical Forecast,FAIL_CLOSED_NO_ISSUANCE_TIMESTAMP,19.6,89.0,0.5,10.3,NPB,2024-06-21 18:00:00,1,,,0,
2021020389,2024-06-21 18:00:00,中日ドラゴンズ,広島東洋カープ,1.0,0.0,UNKNOWN,バンテリンドーム ナゴヤ,unknown,low,False,False,1600123.0,2000042.0,[],[],,,,,0,light,2024-06-21 18:00:00+00:00,,UNKNOWN,,,,UNKNOWN,UNKNOWN,,UNKNOWN,,1.2857142857142858,1.0,2.571428571428572,1.2857142857142858,1.2857142857142858,4.914285714285715,7.0,1.0,6.0,1.0,1.0,2.0,,,,0.0,0.5714285714285714,9.0,0.0,0.0,1.2000000000000002,7.0,0.0,4.0,0.0,0.0,7.0,,,,True,True,UNKNOWN,False,False,,,,,,,,,,NPB,2024-06-21 18:00:00,1,,,0,
2021020390,2024-06-21 18:00:00,阪神タイガース,横浜DeNAベイスターズ,1.0,0.0,UNKNOWN,阪神甲子園球場,unknown,low,False,False,2103904.0,900062.0,[],[],,,,,0,light,2024-06-21 18:00:00+00:00,,UNKNOWN,,,,UNKNOWN,UNKNOWN,,UNKNOWN,,0.0,0.8999999999999999,5.4,2.7,0.0,2.9000000000000004,6.666666666666667,0.0,4.0,0.0,2.0,4.0,,,,0.0,0.8571428571428571,6.428571428571429,0.0,0.0,1.7714285714285716,7.0,0.0,6.0,0.0,0.0,5.0,,,,True,True,UNKNOWN,False,False,,,,,,,,,,NPB,2024-06-21 18:00:00,1,,,0,
2021020391,2024-06-21 18:00:00,北海道日本ハムファイターズ,東北楽天ゴールデンイーグルス,9.0,9.0,UNKNOWN,ES CON FIELD HOKKAIDO,unknown,low,False,False,2000121.0,1400195.0,[],[],,,,,0,light,2024-06-21 18:00:00+00:00,,UNKNOWN,,,,UNKNOWN,UNKNOWN,,UNKNOWN,,3.0,0.8333333333333334,12.0,1.5,0.0,1.0333333333333337,6.0,2.0,4.0,0.0,1.0,8.0,,,,3.857142857142857,1.5714285714285714,2.571428571428572,6.428571428571429,1.2857142857142858,6.628571428571428,7.0,3.0,6.0,1.0,5.0,2.0,,,,True,True,UNKNOWN,False,False,,,,,,,,,,NPB,2024-06-21 18:00:00,1,,,0,
2021020392,2024-06-21 18:00:00,オリックス・バファローズ,埼玉西武ライオンズ,2.0,0.0,UNKNOWN,京セラドーム大阪,unknown,low,False,False,1600127.0,2108177.0,[],[],,,,,0,light,2024-06-21 18:00:00+00:00,,UNKNOWN,,,,UNKNOWN,UNKNOWN,,UNKNOWN,,2.25,0.875,10.125,3.375,1.125,3.7,8.0,2.0,4.0,1.0,3.0,9.0,,,,0.0,0.625,9.0,1.125,0.0,1.5750000000000002,8.0,0.0,4.0,0.0,1.0,8.0,,,,True,True,UNKNOWN,False,False,,,,,,,,,,NPB,2024-06-21 18:00:00,1,,,0,
2021020393,2024-06-21 18:00:00,福岡ソフトバンクホークス,千葉ロッテマリーンズ,9.0,4.0,UNKNOWN,北九州市民球場,interleague,high,True,True,1800052.0,1900010.0,[],[],,,,,0,light,2024-06-21 18:00:00+00:00,,UNKNOWN,,,,UNKNOWN,UNKNOWN,,UNKNOWN,,15.75,3.0,6.75,0.0,4.5,8.2,4.0,7.0,12.0,2.0,0.0,3.0,,,,5.4,1.8,5.4,5.4,0.0,3.8,5.0,3.0,6.0,0.0,3.0,3.0,,,,True,True,UNKNOWN,False,False,,,,,,,,,,NPB,2024-06-21 18:00:00,1,,,0,
2021020395,2024-06-22 14:00:00,中日ドラゴンズ,広島東洋カープ,1.0,3.0,UNKNOWN,バンテリンドーム ナゴヤ,interleague,high,True,True,1300057.0,1660558.0,[],[],,,,,0,light,2024-06-22 14:00:00+00:00,,UNKNOWN,,,,UNKNOWN,UNKNOWN,,UNKNOWN,,0.0,0.5714285714285714,6.428571428571429,1.2857142857142858,0.0,2.2,7.0,0.0,3.0,0.0,1.0,5.0,,,,3.6,0.8,10.8,1.8,1.8,4.0,5.0,2.0,3.0,1.0,1.0,6.0,,,,True,True,UNKNOWN,False,False,,,,,,,,,,NPB,2024-06-22 14:00:00,1,,,0,
2021020396,2024-06-22 14:00:00,阪神タイガース,横浜DeNAベイスターズ,2.0,5.0,UNKNOWN,阪神甲子園球場,unknown,low,False,False,1700058.0,2000052.0,[],[],,,,,0,light,2024-06-22 14:00:00+00:00,,UNKNOWN,,,,UNKNOWN,UNKNOWN,,UNKNOWN,,1.125,0.625,6.75,0.0,1.125,3.325,8.0,1.0,5.0,1.0,0.0,6.0,,,,1.5,1.3333333333333333,6.0,1.5,1.5,4.533333333333333,6.0,1.0,7.0,1.0,1.0,4.0,,,,True,True,UNKNOWN,False,False,,,,,,,,,,NPB,2024-06-22 14:00:00,1,,,0,
2021020397,2024-06-22 14:00:00,北海道日本ハムファイターズ,東北楽天ゴールデンイーグルス,5.0,2.0,UNKNOWN,ES CON FIELD HOKKAIDO,interleague,high,True,True,1961850.0,2000079.0,[],[],,,,,0,light,2024-06-22 14:00:00+00:00,,UNKNOWN,,,,UNKNOWN,UNKNOWN,,UNKNOWN,,7.941176470588235,1.588235294117647,1.588235294117647,0.0,0.0,2.847058823529412,5.666666666666667,5.0,9.0,0.0,0.0,1.0,,,,3.0,1.6666666666666667,6.0,3.0,0.0,2.8666666666666667,6.0,2.0,8.0,0.0,2.0,4.0,,,,True,True,UNKNOWN,False,False,,,,,,,,,,NPB,2024-06-22 14:00:00,1,,,0,
2021020398,2024-06-22 14:00:00,オリックス・バファローズ,埼玉西武ライオンズ,2.0,4.0,UNKNOWN,京セラドーム大阪,unknown,low,False,False,1751148.0,2107849.0,[],[],,,,,0,light,2024-06-22 14:00:00+00:00,,UNKNOWN,,,,UNKNOWN,UNKNOWN,,UNKNOWN,,1.2857142857142858,1.0,10.285714285714286,0.0,0.0,0.9142857142857146,7.0,1.0,7.0,0.0,0.0,8.0,,,,9.0,2.0,2.25,9.0,2.25,8.95,4.0,4.0,4.0,1.0,4.0,1.0,,,,True,True,UNKNOWN,False,False,,,,,,,,,,NPB,2024-06-22 14:00:00,1,,,0,
2021020399,2024-06-22 14:00:00,福岡ソフトバンクホークス,千葉ロッテマリーンズ,3.0,1.0,UNKNOWN,みずほPayPayドーム福岡,interleague,high,True,True,1600146.0,1550517.0,[],[],,,,,0,light,2024-06-22 14:00:00+00:00,,UNKNOWN,,,,UNKNOWN,UNKNOWN,,UNKNOWN,,3.5217391304347823,0.7826086956521738,10.565217391304348,0.0,1.1739130434782608,2.5478260869565217,7.666666666666667,3.0,6.0,1.0,0.0,9.0,,,,1.125,1.0,10.125,1.125,0.0,1.3250000000000002,8.0,1.0,7.0,0.0,1.0,9.0,,,,True,True,UNKNOWN,False,False,,,,,,,,,,NPB,2024-06-22 14:00:00,1,,,0,
2021020394,2024-06-22 18:00:00,読売ジャイアンツ,東京ヤクルトスワローズ,0.0,3.0,UNKNOWN,東京ドーム,unknown,low,False,False,2000139.0,1961407.0,[],[],,,,,0,light,2024-06-22 18:00:00+00:00,,UNKNOWN,,,,UNKNOWN,UNKNOWN,,UNKNOWN,,0.0,1.0,12.0,1.5,0.0,1.0333333333333337,6.0,0.0,5.0,0.0,1.0,8.0,,,,0.0,0.8571428571428571,11.571428571428571,2.571428571428572,0.0,1.485714285714286,7.0,0.0,4.0,0.0,2.0,9.0,,,,True,True,UNKNOWN,False,False,2024-06-22 09:00:00+00:00,,UNKNOWN,Open-Meteo Historical Forecast,FAIL_CLOSED_NO_ISSUANCE_TIMESTAMP,25.6,67.0,0.0,7.6,NPB,2024-06-22 18:00:00,1,,,0,
2021020394,2024-06-22 18:00:00,読売ジャイアンツ,東京ヤクルトスワローズ,0.0,3.0,UNKNOWN,東京ドーム,unknown,low,False,False,2000139.0,1961407.0,[],[],,,,,0,light,2024-06-22 18:00:00+00:00,,UNKNOWN,,,,UNKNOWN,UNKNOWN,,UNKNOWN,,0.0,1.0,12.0,1.5,0.0,1.0333333333333337,6.0,0.0,5.0,0.0,1.0,8.0,,,,0.0,0.8571428571428571,11.571428571428571,2.571428571428572,0.0,1.485714285714286,7.0,0.0,4.0,0.0,2.0,9.0,,,,True,True,UNKNOWN,False,False,2024-06-22 09:00:00+00:00,,UNKNOWN,Open-Meteo Historical Forecast,FAIL_CLOSED_NO_ISSUANCE_TIMESTAMP,25.6,67.0,0.0,7.6,NPB,2024-06-22 18:00:00,1,,,0,
2021020403,2024-06-23 13:00:00,北海道日本ハムファイターズ,東北楽天ゴールデンイーグルス,2.0,6.0,UNKNOWN,ES CON FIELD HOKKAIDO,unknown,low,False,False,2000123.0,1500110.0,[],[],,,,,0,light,2024-06-23 13:00:00+00:00,,UNKNOWN,,,,UNKNOWN,UNKNOWN,,UNKNOWN,,0.0,1.3333333333333333,1.5,3.0,0.0,3.866666666666666,6.0,0.0,6.0,0.0,2.0,1.0,,,,7.2,1.6,1.8,0.0,1.8,5.4,5.0,4.0,8.0,1.0,0.0,1.0,,,,True,True,UNKNOWN,False,False,,,,,,,,,,NPB,2024-06-23 13:00:00,1,,,0,
2021020404,2024-06-23 13:00:00,オリックス・バファローズ,埼玉西武ライオンズ,4.0,1.0,UNKNOWN,京セラドーム大阪,unknown,low,False,False,1400182.0,2101291.0,[],[],,,,,0,light,2024-06-23 13:00:00+00:00,,UNKNOWN,,,,UNKNOWN,UNKNOWN,,UNKNOWN,,6.0,1.6666666666666667,6.0,12.0,0.0,5.866666666666667,3.0,2.0,1.0,0.0,4.0,2.0,,,,1.2857142857142858,0.7142857142857143,6.428571428571429,1.2857142857142858,0.0,2.2,7.0,1.0,4.0,0.0,1.0,5.0,,,,True,True,UNKNOWN,False,False,,,,,,,,,,NPB,2024-06-23 13:00:00,1,,,0,
2021020405,2024-06-23 13:00:00,福岡ソフトバンクホークス,千葉ロッテマリーンズ,6.0,6.0,UNKNOWN,みずほPayPayドーム福岡,unknown,low,False,False,1700002.0,1700011.0,[],[],,,,,0,light,2024-06-23 13:00:00+00:00,,UNKNOWN,,,,UNKNOWN,UNKNOWN,,UNKNOWN,,6.428571428571429,1.2857142857142858,3.857142857142857,3.857142857142857,1.2857142857142858,5.485714285714286,7.0,5.0,6.0,1.0,3.0,3.0,,,,1.5,1.5,12.0,3.0,0.0,1.5333333333333334,6.0,1.0,7.0,0.0,2.0,8.0,,,,True,True,UNKNOWN,False,False,,,,,,,,,,NPB,2024-06-23 13:00:00,1,,,0,
2021020401,2024-06-23 13:30:00,中日ドラゴンズ,広島東洋カープ,2.0,1.0,UNKNOWN,バンテリンドーム ナゴヤ,unknown,low,False,False,1900057.0,1200098.0,[],[],,,,,0,light,2024-06-23 13:30:00+00:00,,UNKNOWN,,,,UNKNOWN,UNKNOWN,,UNKNOWN,,1.5,1.0,4.5,0.0,0.0,2.2,6.0,1.0,6.0,0.0,0.0,3.0,,,,1.5,0.8333333333333334,6.0,1.5,0.0,2.3666666666666667,6.0,1.0,4.0,0.0,1.0,4.0,,,,True,True,UNKNOWN,False,False,,,,,,,,,,NPB,2024-06-23 13:30:00,1,,,0,
2021020400,2024-06-23 14:00:00,読売ジャイアンツ,東京ヤクルトスワローズ,4.0,3.0,UNKNOWN,東京ドーム,unknown,low,False,False,2060039.0,2108022.0,[],[],,,,,0,light,2024-06-23 14:00:00+00:00,,UNKNOWN,,,,UNKNOWN,UNKNOWN,,UNKNOWN,,12.0,2.333333333333333,9.0,3.0,3.0,6.533333333333333,3.0,4.0,6.0,1.0,1.0,3.0,,,,5.4,2.1,13.5,5.4,0.0,2.0,3.333333333333333,2.0,5.0,0.0,2.0,5.0,,,,True,True,UNKNOWN,False,False,2024-06-23 05:00:00+00:00,,UNKNOWN,Open-Meteo Historical Forecast,FAIL_CLOSED_NO_ISSUANCE_TIMESTAMP,22.2,93.0,1.0,3.2,NPB,2024-06-23 14:00:00,1,,,0,
2021020400,2024-06-23 14:00:00,読売ジャイアンツ,東京ヤクルトスワローズ,4.0,3.0,UNKNOWN,東京ドーム,unknown,low,False,False,2060039.0,2108022.0,[],[],,,,,0,light,2024-06-23 14:00:00+00:00,,UNKNOWN,,,,UNKNOWN,UNKNOWN,,UNKNOWN,,12.0,2.333333333333333,9.0,3.0,3.0,6.533333333333333,3.0,4.0,6.0,1.0,1.0,3.0,,,,5.4,2.1,13.5,5.4,0.0,2.0,3.333333333333333,2.0,5.0,0.0,2.0,5.0,,,,True,True,UNKNOWN,False,False,2024-06-23 05:00:00+00:00,,UNKNOWN,Open-Meteo Historical Forecast,FAIL_CLOSED_NO_ISSUANCE_TIMESTAMP,22.2,93.0,1.0,3.2,NPB,2024-06-23 14:00:00,1,,,0,
2021020406,2024-06-25 18:00:00,横浜DeNAベイスターズ,読売ジャイアンツ,2.0,3.0,UNKNOWN,HARD OFF ECOスタジアム新潟,unknown,low,False,False,2000006.0,1600081.0,[],[],,,,,0,light,2024-06-25 18:00:00+00:00,,UNKNOWN,,,,UNKNOWN,UNKNOWN,,UNKNOWN,,1.125,0.375,3.375,1.125,0.0,2.825,8.0,1.0,2.0,0.0,1.0,3.0,,,,1.5,1.0,10.5,3.0,0.0,1.866666666666667,6.0,1.0,4.0,0.0,2.0,7.0,,,,True,True,UNKNOWN,False,False,,,,,,,,,,NPB,2024-06-25 18:00:00,1,,,0,
2021020407,2024-06-25 18:00:00,阪神タイガース,中日ドラゴンズ,0.0,1.0,UNKNOWN,マスカットスタジアム,unknown,low,False,False,1500074.0,1600115.0,[],[],,,,,0,light,2024-06-25 18:00:00+00:00,,UNKNOWN,,,,UNKNOWN,UNKNOWN,,UNKNOWN,,0.0,1.0,6.428571428571429,2.571428571428572,0.0,2.628571428571429,7.0,0.0,5.0,0.0,2.0,5.0,,,,1.125,1.0,9.0,2.25,0.0,1.95,8.0,1.0,6.0,0.0,2.0,8.0,,,,True,True,UNKNOWN,False,False,,,,,,,,,,NPB,2024-06-25 18:00:00,1,,,0,
2021020408,2024-06-25 18:00:00,広島東洋カープ,東京ヤクルトスワローズ,3.0,0.0,UNKNOWN,MAZDA Zoom-Zoom スタジアム広島,unknown,low,False,False,1500042.0,1900052.0,[],[],,,,,0,light,2024-06-25 18:00:00+00:00,,UNKNOWN,,,,UNKNOWN,UNKNOWN,,UNKNOWN,,0.0,1.6666666666666667,4.5,1.5,0.0,2.7,6.0,0.0,9.0,0.0,1.0,3.0,,,,0.0,0.2222222222222222,4.0,0.0,0.0,2.311111111111112,9.0,0.0,2.0,0.0,0.0,4.0,,,,True,True,UNKNOWN,False,False,,,,,,,,,,NPB,2024-06-25 18:00:00,1,,,0,
2021020409,2024-06-25 18:00:00,埼玉西武ライオンズ,北海道日本ハムファイターズ,1.0,0.0,UNKNOWN,ベルーナドーム,unknown,low,False,False,2107859.0,1800081.0,[],[],,,,,0,light,2024-06-25 18:00:00+00:00,,UNKNOWN,,,,UNKNOWN,UNKNOWN,,UNKNOWN,,1.2857142857142858,1.4285714285714286,5.142857142857143,3.857142857142857,0.0,3.342857142857143,7.0,1.0,7.0,0.0,3.0,4.0,,,,0.0,1.125,6.75,1.6875,0.0,2.2625,5.333333333333333,0.0,5.0,0.0,1.0,4.0,,,,True,True,UNKNOWN,False,False,2024-06-25 09:00:00+00:00,,UNKNOWN,Open-Meteo Historical Forecast,FAIL_CLOSED_NO_ISSUANCE_TIMESTAMP,29.4,69.0,0.0,1.1,NPB,2024-06-25 18:00:00,1,,,0,
2021020409,2024-06-25 18:00:00,埼玉西武ライオンズ,北海道日本ハムファイターズ,1.0,0.0,UNKNOWN,ベルーナドーム,unknown,low,False,False,2107859.0,1800081.0,[],[],,,,,0,light,2024-06-25 18:00:00+00:00,,UNKNOWN,,,,UNKNOWN,UNKNOWN,,UNKNOWN,,1.2857142857142858,1.4285714285714286,5.142857142857143,3.857142857142857,0.0,3.342857142857143,7.0,1.0,7.0,0.0,3.0,4.0,,,,0.0,1.125,6.75,1.6875,0.0,2.2625,5.333333333333333,0.0,5.0,0.0,1.0,4.0,,,,True,True,UNKNOWN,False,False,2024-06-25 09:00:00+00:00,,UNKNOWN,Open-Meteo Historical Forecast,FAIL_CLOSED_NO_ISSUANCE_TIMESTAMP,29.4,69.0,0.0,1.1,NPB,2024-06-25 18:00:00,1,,,0,
2021020410,2024-06-25 18:00:00,千葉ロッテマリーンズ,東北楽天ゴールデンイーグルス,10.0,2.0,UNKNOWN,ZOZOマリンスタジアム,unknown,low,False,False,2000126.0,900081.0,[],[],,,,,0,light,2024-06-25 18:00:00+00:00,,UNKNOWN,,,,UNKNOWN,UNKNOWN,,UNKNOWN,,7.5,1.5,4.5,0.0,1.5,4.366666666666667,6.0,5.0,9.0,1.0,0.0,3.0,,,,1.588235294117647,0.8823529411764706,1.588235294117647,1.588235294117647,0.0,3.376470588235294,5.666666666666667,1.0,4.0,0.0,1.0,1.0,,,,True,True,UNKNOWN,False,False,,,,,,,,,,NPB,2024-06-25 18:00:00,1,,,0,
2021020411,2024-06-25 18:00:00,オリックス・バファローズ,福岡ソフトバンクホークス,2.0,7.0,UNKNOWN,京セラドーム大阪,interleague,high,True,True,1400117.0,1750595.0,[],[],,,,,0,light,2024-06-25 18:00:00+00:00,,UNKNOWN,,,,UNKNOWN,UNKNOWN,,UNKNOWN,,2.25,0.75,6.75,2.25,0.0,2.45,8.0,2.0,4.0,0.0,2.0,6.0,,,,1.5,1.0,6.0,0.0,0.0,1.866666666666667,6.0,1.0,6.0,0.0,0.0,4.0,,,,True,True,UNKNOWN,False,False,,,,,,,,,,NPB,2024-06-25 18:00:00,1,,,0,
2021020412,2024-06-26 18:00:00,阪神タイガース,中日ドラゴンズ,1.0,1.0,UNKNOWN,阪神甲子園球場,unknown,low,False,False,500014.0,1700137.0,[],[],,,,,0,light,2024-06-26 18:00:00+00:00,,UNKNOWN,,,,UNKNOWN,UNKNOWN,,UNKNOWN,,1.5,0.8333333333333334,7.5,1.5,0.0,2.033333333333333,6.0,1.0,4.0,0.0,1.0,5.0,,,,1.2857142857142858,1.1428571428571428,5.142857142857143,1.2857142857142858,1.2857142857142858,4.342857142857143,7.0,1.0,7.0,1.0,1.0,4.0,,,,True,True,UNKNOWN,False,False,,,,,,,,,,NPB,2024-06-26 18:00:00,1,,,0,
2021020413,2024-06-26 18:00:00,広島東洋カープ,東京ヤクルトスワローズ,5.0,1.0,UNKNOWN,MAZDA Zoom-Zoom スタジアム広島,unknown,low,False,False,1200076.0,1300058.0,[],[],,,,,0,light,2024-06-26 18:00:00+00:00,,UNKNOWN,,,,UNKNOWN,UNKNOWN,,UNKNOWN,,7.7142857142857135,1.7142857142857142,7.7142857142857135,1.9285714285714284,1.9285714285714284,4.914285714285715,4.666666666666667,4.0,7.0,1.0,1.0,4.0,,,,0.0,0.8571428571428571,5.142857142857143,1.2857142857142858,0.0,2.4857142857142858,7.0,0.0,5.0,0.0,1.0,4.0,,,,True,True,UNKNOWN,False,False,,,,,,,,,,NPB,2024-06-26 18:00:00,1,,,0,
2021020414,2024-06-26 18:00:00,埼玉西武ライオンズ,北海道日本ハムファイターズ,2.0,2.0,UNKNOWN,埼玉県営大宮公園野球場,unknown,low,False,False,2100027.0,2105080.0,[],[],,,,,0,light,2024-06-26 18:00:00+00:00,,UNKNOWN,,,,UNKNOWN,UNKNOWN,,UNKNOWN,,0.0,0.6666666666666666,4.5,4.5,0.0,3.7,6.0,0.0,1.0,0.0,3.0,3.0,,,,1.1739130434782608,1.1739130434782608,4.695652173913043,2.347826086956521,0.0,2.939130434782609,7.666666666666667,1.0,7.0,0.0,2.0,4.0,,,,True,True,UNKNOWN,False,False,,,,,,,,,,NPB,2024-06-26 18:00:00,1,,,0,
2021020415,2024-06-26 18:00:00,千葉ロッテマリーンズ,東北楽天ゴールデンイーグルス,4.0,1.0,UNKNOWN,ZOZOマリンスタジアム,unknown,low,False,False,700065.0,2000088.0,[],[],,,,,0,light,2024-06-26 18:00:00+00:00,,UNKNOWN,,,,UNKNOWN,UNKNOWN,,UNKNOWN,,5.142857142857143,1.1428571428571428,6.428571428571429,0.0,2.571428571428572,5.485714285714286,7.0,4.0,8.0,2.0,0.0,5.0,,,,1.588235294117647,0.8823529411764706,4.764705882352941,0.0,0.0,2.141176470588236,5.666666666666667,1.0,5.0,0.0,0.0,3.0,,,,True,True,UNKNOWN,False,False,,,,,,,,,,NPB,2024-06-26 18:00:00,1,,,0,
2021020416,2024-06-26 18:00:00,オリックス・バファローズ,福岡ソフトバンクホークス,1.0,5.0,UNKNOWN,京セラドーム大阪,unknown,low,False,False,1900106.0,1700118.0,[],[],,,,,0,light,2024-06-26 18:00:00+00:00,,UNKNOWN,,,,UNKNOWN,UNKNOWN,,UNKNOWN,,1.125,0.625,4.5,1.125,1.125,4.2,8.0,1.0,4.0,1.0,1.0,4.0,,,,5.4,1.8,3.6,3.6,1.8,6.2,5.0,3.0,7.0,1.0,2.0,2.0,,,,True,True,UNKNOWN,False,False,,,,,,,,,,NPB,2024-06-26 18:00:00,1,,,0,
2021020417,2024-06-27 18:00:00,横浜DeNAベイスターズ,読売ジャイアンツ,5.0,4.0,UNKNOWN,横浜スタジアム,excluded,high,False,False,1900019.0,1300031.0,[],[],,,,,0,light,2024-06-27 18:00:00+00:00,,UNKNOWN,,,,UNKNOWN,UNKNOWN,,UNKNOWN,,6.75,1.25,9.0,0.0,4.5,7.7,4.0,3.0,5.0,2.0,0.0,4.0,,,,1.8,1.4,7.2,0.0,1.8,4.2,5.0,1.0,7.0,1.0,0.0,4.0,,,,True,True,UNKNOWN,False,False,,,,,,,,,,NPB,2024-06-27 18:00:00,1,,,0,
2021020418,2024-06-27 18:00:00,阪神タイガース,中日ドラゴンズ,8.0,1.0,UNKNOWN,阪神甲子園球場,unknown,low,False,False,1800060.0,2000055.0,[],[],,,,,0,light,2024-06-27 18:00:00+00:00,,UNKNOWN,,,,UNKNOWN,UNKNOWN,,UNKNOWN,,4.5,1.0,10.5,1.5,0.0,1.366666666666667,6.0,3.0,5.0,0.0,1.0,7.0,,,,1.0799999999999998,0.96,11.88,0.0,0.0,0.5600000000000005,8.333333333333334,1.0,8.0,0.0,0.0,11.0,,,,True,True,UNKNOWN,False,False,,,,,,,,,,NPB,2024-06-27 18:00:00,1,,,0,
2021020419,2024-06-27 18:00:00,広島東洋カープ,東京ヤクルトスワローズ,4.0,3.0,UNKNOWN,MAZDA Zoom-Zoom スタジアム広島,unknown,low,False,False,12113.0,1600125.0,[],[],,,,,0,light,2024-06-27 18:00:00+00:00,,UNKNOWN,,,,UNKNOWN,UNKNOWN,,UNKNOWN,,1.5,0.6666666666666666,6.0,1.5,1.5,4.533333333333333,6.0,1.0,3.0,1.0,1.0,4.0,,,,0.0,1.105263157894737,5.684210526315789,1.4210526315789471,0.0,2.4105263157894736,6.333333333333333,0.0,6.0,0.0,1.0,4.0,,,,True,True,UNKNOWN,False,False,,,,,,,,,,NPB,2024-06-27 18:00:00,1,,,0,
2021020420,2024-06-27 18:00:00,オリックス・バファローズ,福岡ソフトバンクホークス,3.0,1.0,UNKNOWN,京セラドーム大阪,excluded,high,False,False,1200106.0,1900087.0,[],[],,,,,0,light,2024-06-27 18:00:00+00:00,,UNKNOWN,,,,UNKNOWN,UNKNOWN,,UNKNOWN,,4.5,1.6666666666666667,1.5,0.0,1.5,5.033333333333333,6.0,3.0,10.0,1.0,0.0,1.0,,,,0.0,0.6,10.8,1.8,0.0,1.4,5.0,0.0,2.0,0.0,1.0,6.0,,,,True,True,UNKNOWN,False,False,,,,,,,,,,NPB,2024-06-27 18:00:00,1,,,0,
2021020421,2024-06-28 18:00:00,読売ジャイアンツ,広島東洋カープ,3.0,2.0,UNKNOWN,東京ドーム,unknown,low,False,False,1600123.0,1800028.0,[],[],,,,,0,light,2024-06-28 18:00:00+00:00,,UNKNOWN,,,,UNKNOWN,UNKNOWN,,UNKNOWN,,3.0,1.5,4.5,1.5,0.0,2.7,6.0,2.0,8.0,0.0,1.0,3.0,,,,1.2857142857142858,0.8571428571428571,6.428571428571429,3.857142857142857,1.2857142857142858,4.914285714285715,7.0,1.0,3.0,1.0,3.0,5.0,,,,True,True,UNKNOWN,False,False,2024-06-28 09:00:00+00:00,,UNKNOWN,Open-Meteo Historical Forecast,FAIL_CLOSED_NO_ISSUANCE_TIMESTAMP,21.8,95.0,2.1,2.7,NPB,2024-06-28 18:00:00,1,,,0,
2021020421,2024-06-28 18:00:00,読売ジャイアンツ,広島東洋カープ,3.0,2.0,UNKNOWN,東京ドーム,unknown,low,False,False,1600123.0,1800028.0,[],[],,,,,0,light,2024-06-28 18:00:00+00:00,,UNKNOWN,,,,UNKNOWN,UNKNOWN,,UNKNOWN,,3.0,1.5,4.5,1.5,0.0,2.7,6.0,2.0,8.0,0.0,1.0,3.0,,,,1.2857142857142858,0.8571428571428571,6.428571428571429,3.857142857142857,1.2857142857142858,4.914285714285715,7.0,1.0,3.0,1.0,3.0,5.0,,,,True,True,UNKNOWN,False,False,2024-06-28 09:00:00+00:00,,UNKNOWN,Open-Meteo Historical Forecast,FAIL_CLOSED_NO_ISSUANCE_TIMESTAMP,21.8,95.0,2.1,2.7,NPB,2024-06-28 18:00:00,1,,,0,
2021020423,2024-06-28 18:00:00,中日ドラゴンズ,横浜DeNAベイスターズ,1.0,5.0,UNKNOWN,バンテリンドーム ナゴヤ,unknown,low,False,False,2103904.0,2000042.0,[],[],,,,,0,light,2024-06-28 18:00:00+00:00,,UNKNOWN,,,,UNKNOWN,UNKNOWN,,UNKNOWN,,1.2857142857142858,0.5714285714285714,10.285714285714286,1.2857142857142858,0.0,1.342857142857143,7.0,1.0,3.0,0.0,1.0,8.0,,,,3.0,1.1666666666666667,4.5,0.0,0.0,2.2,6.0,2.0,7.0,0.0,0.0,3.0,,,,True,True,UNKNOWN,False,False,,,,,,,,,,NPB,2024-06-28 18:00:00,1,,,0,
2021020424,2024-06-28 18:00:00,北海道日本ハムファイターズ,福岡ソフトバンクホークス,1.0,5.0,UNKNOWN,ES CON FIELD HOKKAIDO,unknown,low,False,False,1900010.0,1400195.0,[],[],,,,,0,light,2024-06-28 18:00:00+00:00,,UNKNOWN,,,,UNKNOWN,UNKNOWN,,UNKNOWN,,1.2857142857142858,1.1428571428571428,16.714285714285715,2.571428571428572,1.2857142857142858,2.2,7.0,1.0,6.0,1.0,2.0,13.0,,,,7.2,1.2,7.2,1.8,1.8,4.800000000000001,5.0,4.0,5.0,1.0,1.0,4.0,,,,True,True,UNKNOWN,False,False,,,,,,,,,,NPB,2024-06-28 18:00:00,1,,,0,
2021020425,2024-06-28 18:00:00,東北楽天ゴールデンイーグルス,埼玉西武ライオンズ,0.0,4.0,UNKNOWN,きらやかスタジアム,unknown,low,False,False,1600127.0,2110316.0,[],[],,,,,0,light,2024-06-28 18:00:00+00:00,,UNKNOWN,,,,UNKNOWN,UNKNOWN,,UNKNOWN,,0.0,1.125,9.0,2.25,0.0,1.95,8.0,0.0,7.0,0.0,2.0,8.0,,,,3.0,1.1666666666666667,7.5,4.5,1.5,5.2,6.0,2.0,4.0,1.0,3.0,5.0,,,,True,True,UNKNOWN,False,False,,,,,,,,,,NPB,2024-06-28 18:00:00,1,,,0,
2021020426,2024-06-28 18:00:00,千葉ロッテマリーンズ,オリックス・バファローズ,4.0,3.0,UNKNOWN,ZOZOマリンスタジアム,unknown,low,False,False,2108177.0,1800052.0,[],[],,,,,0,light,2024-06-28 18:00:00+00:00,,UNKNOWN,,,,UNKNOWN,UNKNOWN,,UNKNOWN,,5.4,1.35,5.4,4.05,0.0,3.35,6.666666666666667,4.0,6.0,0.0,3.0,4.0,,,,2.571428571428572,0.7142857142857143,10.285714285714286,1.2857142857142858,0.0,1.342857142857143,7.0,2.0,4.0,0.0,1.0,8.0,,,,True,True,UNKNOWN,False,False,,,,,,,,,,NPB,2024-06-28 18:00:00,1,,,0,
2021020427,2024-06-29 14:00:00,読売ジャイアンツ,広島東洋カープ,1.0,2.0,UNKNOWN,東京ドーム,unknown,low,False,False,1300057.0,1961407.0,[],[],,,,,0,light,2024-06-29 14:00:00+00:00,,UNKNOWN,,,,UNKNOWN,UNKNOWN,,UNKNOWN,,0.0,0.7894736842105263,4.2631578947368425,1.4210526315789471,0.0,2.726315789473684,6.333333333333333,0.0,4.0,0.0,1.0,3.0,,,,1.125,0.25,13.5,0.0,0.0,0.2000000000000001,8.0,1.0,2.0,0.0,0.0,12.0,,,,True,True,UNKNOWN,False,False,2024-06-29 05:00:00+00:00,,UNKNOWN,Open-Meteo Historical Forecast,FAIL_CLOSED_NO_ISSUANCE_TIMESTAMP,28.3,66.0,0.0,1.3,NPB,2024-06-29 14:00:00,1,,,0,
2021020427,2024-06-29 14:00:00,読売ジャイアンツ,広島東洋カープ,1.0,2.0,UNKNOWN,東京ドーム,unknown,low,False,False,1300057.0,1961407.0,[],[],,,,,0,light,2024-06-29 14:00:00+00:00,,UNKNOWN,,,,UNKNOWN,UNKNOWN,,UNKNOWN,,0.0,0.7894736842105263,4.2631578947368425,1.4210526315789471,0.0,2.726315789473684,6.333333333333333,0.0,4.0,0.0,1.0,3.0,,,,1.125,0.25,13.5,0.0,0.0,0.2000000000000001,8.0,1.0,2.0,0.0,0.0,12.0,,,,True,True,UNKNOWN,False,False,2024-06-29 05:00:00+00:00,,UNKNOWN,Open-Meteo Historical Forecast,FAIL_CLOSED_NO_ISSUANCE_TIMESTAMP,28.3,66.0,0.0,1.3,NPB,2024-06-29 14:00:00,1,,,0,
2021020428,2024-06-29 14:00:00,東京ヤクルトスワローズ,阪神タイガース,6.0,1.0,UNKNOWN,明治神宮野球場,unknown,low,False,False,2000052.0,1900024.0,[],[],,,,,0,light,2024-06-29 14:00:00+00:00,,UNKNOWN,,,,UNKNOWN,UNKNOWN,,UNKNOWN,,15.428571428571429,2.571428571428571,3.8571428571428568,3.8571428571428568,0.0,3.628571428571429,2.333333333333333,4.0,5.0,0.0,1.0,1.0,,,,1.8,1.0,1.8,5.4,0.0,4.6,5.0,1.0,2.0,0.0,3.0,1.0,,,,True,True,UNKNOWN,False,False,,,,,,,,,,NPB,2024-06-29 14:00:00,1,,,0,
2021020429,2024-06-29 14:00:00,中日ドラゴンズ,横浜DeNAベイスターズ,1.0,5.0,UNKNOWN,バンテリンドーム ナゴヤ,excluded,high,False,False,1700058.0,1000138.0,[],[],,,,,0,light,2024-06-29 14:00:00+00:00,,UNKNOWN,,,,UNKNOWN,UNKNOWN,,UNKNOWN,,1.2857142857142858,1.0,9.0,1.2857142857142858,0.0,1.6285714285714288,7.0,1.0,6.0,0.0,1.0,7.0,,,,9.0,1.4,1.8,0.0,5.4,10.6,5.0,5.0,7.0,3.0,0.0,1.0,,,,True,True,UNKNOWN,False,False,,,,,,,,,,NPB,2024-06-29 14:00:00,1,,,0,
2021020430,2024-06-29 14:00:00,北海道日本ハムファイターズ,福岡ソフトバンクホークス,1.0,7.0,UNKNOWN,ES CON FIELD HOKKAIDO,interleague,high,True,True,1550517.0,2000079.0,[],[],,,,,0,light,2024-06-29 14:00:00+00:00,,UNKNOWN,,,,UNKNOWN,UNKNOWN,,UNKNOWN,,1.2857142857142858,0.7142857142857143,10.285714285714286,0.0,0.0,0.9142857142857146,7.0,1.0,5.0,0.0,0.0,8.0,,,,6.0,1.5,12.0,1.5,1.5,3.2,6.0,4.0,8.0,1.0,1.0,8.0,,,,True,True,UNKNOWN,False,False,,,,,,,,,,NPB,2024-06-29 14:00:00,1,,,0,
2021020431,2024-06-29 18:00:00,東北楽天ゴールデンイーグルス,埼玉西武ライオンズ,2.0,4.0,UNKNOWN,楽天モバイルパーク宮城,unknown,low,False,False,1751148.0,1900117.0,[],[],,,,,0,light,2024-06-29 18:00:00+00:00,,UNKNOWN,,,,UNKNOWN,UNKNOWN,,UNKNOWN,,2.25,0.75,9.0,0.0,1.125,2.825,8.0,2.0,6.0,1.0,0.0,8.0,,,,3.857142857142857,1.4285714285714286,3.857142857142857,2.571428571428572,1.2857142857142858,5.057142857142857,7.0,3.0,8.0,1.0,2.0,3.0,,,,True,True,UNKNOWN,False,False,,,,,,,,,,NPB,2024-06-29 18:00:00,1,,,0,
2021020432,2024-06-29 18:00:00,千葉ロッテマリーンズ,オリックス・バファローズ,3.0,5.0,UNKNOWN,ZOZOマリンスタジアム,unknown,low,False,False,1700109.0,1600146.0,[],[],,,,,0,light,2024-06-29 18:00:00+00:00,,UNKNOWN,,,,UNKNOWN,UNKNOWN,,UNKNOWN,,3.0,1.1666666666666667,4.5,3.0,1.5,5.366666666666667,6.0,2.0,5.0,1.0,2.0,3.0,,,,1.5,1.0,6.0,3.0,0.0,2.8666666666666667,6.0,1.0,4.0,0.0,2.0,4.0,,,,True,True,UNKNOWN,False,False,,,,,,,,,,NPB,2024-06-29 18:00:00,1,,,0,
2021020436,2024-06-30 13:00:00,北海道日本ハムファイターズ,福岡ソフトバンクホークス,3.0,10.0,UNKNOWN,ES CON FIELD HOKKAIDO,unknown,low,False,False,1700011.0,1500110.0,[],[],,,,,0,light,2024-06-30 13:00:00+00:00,,UNKNOWN,,,,UNKNOWN,UNKNOWN,,UNKNOWN,,0.0,1.3333333333333333,10.5,4.5,0.0,2.3666666666666667,6.0,0.0,5.0,0.0,3.0,7.0,,,,3.176470588235294,1.7647058823529411,11.117647058823527,3.176470588235294,1.588235294117647,4.08235294117647,5.666666666666667,2.0,8.0,1.0,2.0,7.0,,,,True,True,UNKNOWN,False,False,,,,,,,,,,NPB,2024-06-30 13:00:00,1,,,0,
2021020434,2024-06-30 13:30:00,東京ヤクルトスワローズ,阪神タイガース,6.0,5.0,UNKNOWN,明治神宮野球場,unknown,low,False,False,900062.0,2000139.0,[],[],,,,,0,light,2024-06-30 13:30:00+00:00,,UNKNOWN,,,,UNKNOWN,UNKNOWN,,UNKNOWN,,1.5,1.0,3.0,4.5,1.5,6.2,6.0,1.0,3.0,1.0,3.0,2.0,,,,4.5,1.3333333333333333,6.0,0.0,1.5,4.033333333333333,6.0,3.0,8.0,1.0,0.0,4.0,,,,True,True,UNKNOWN,False,False,,,,,,,,,,NPB,2024-06-30 13:30:00,1,,,0,
2021020435,2024-06-30 13:30:00,中日ドラゴンズ,横浜DeNAベイスターズ,3.0,0.0,UNKNOWN,バンテリンドーム ナゴヤ,unknown,low,False,False,1961374.0,1200098.0,[],[],,,,,0,light,2024-06-30 13:30:00+00:00,,UNKNOWN,,,,UNKNOWN,UNKNOWN,,UNKNOWN,,0.0,0.8333333333333334,9.0,1.5,0.0,1.7000000000000002,6.0,0.0,4.0,0.0,1.0,6.0,,,,0.0,1.0,5.4,3.6,0.0,3.2,5.0,0.0,3.0,0.0,2.0,3.0,,,,True,True,UNKNOWN,False,False,,,,,,,,,,NPB,2024-06-30 13:30:00,1,,,0,
2021020433,2024-06-30 14:00:00,読売ジャイアンツ,広島東洋カープ,3.0,2.0,UNKNOWN,東京ドーム,unknown,low,False,False,1900057.0,1200041.0,[],[],,,,,0,light,2024-06-30 14:00:00+00:00,,UNKNOWN,,,,UNKNOWN,UNKNOWN,,UNKNOWN,,6.75,1.5,6.75,0.0,0.0,1.7000000000000002,4.0,3.0,6.0,0.0,0.0,3.0,,,,1.6875,1.125,5.0625,0.0,0.0,2.075,5.333333333333333,1.0,6.0,0.0,0.0,3.0,,,,True,True,UNKNOWN,False,False,2024-06-30 05:00:00+00:00,,UNKNOWN,Open-Meteo Historical Forecast,FAIL_CLOSED_NO_ISSUANCE_TIMESTAMP,28.1,76.0,0.1,5.6,NPB,2024-06-30 14:00:00,1,,,0,
2021020433,2024-06-30 14:00:00,読売ジャイアンツ,広島東洋カープ,3.0,2.0,UNKNOWN,東京ドーム,unknown,low,False,False,1900057.0,1200041.0,[],[],,,,,0,light,2024-06-30 14:00:00+00:00,,UNKNOWN,,,,UNKNOWN,UNKNOWN,,UNKNOWN,,6.75,1.5,6.75,0.0,0.0,1.7000000000000002,4.0,3.0,6.0,0.0,0.0,3.0,,,,1.6875,1.125,5.0625,0.0,0.0,2.075,5.333333333333333,1.0,6.0,0.0,0.0,3.0,,,,True,True,UNKNOWN,False,False,2024-06-30 05:00:00+00:00,,UNKNOWN,Open-Meteo Historical Forecast,FAIL_CLOSED_NO_ISSUANCE_TIMESTAMP,28.1,76.0,0.1,5.6,NPB,2024-06-30 14:00:00,1,,,0,
2021020437,2024-06-30 14:00:00,東北楽天ゴールデンイーグルス,埼玉西武ライオンズ,2.0,1.0,UNKNOWN,楽天モバイルパーク宮城,unknown,low,False,False,1660539.0,2000123.0,[],[],,,,,0,light,2024-06-30 14:00:00+00:00,,UNKNOWN,,,,UNKNOWN,UNKNOWN,,UNKNOWN,,1.8,1.4,1.8,3.6,0.0,4.0,5.0,1.0,5.0,0.0,2.0,1.0,,,,1.35,1.5,4.05,2.7,0.0,3.2,6.666666666666667,1.0,8.0,0.0,2.0,3.0,,,,True,True,UNKNOWN,False,False,,,,,,,,,,NPB,2024-06-30 14:00:00,1,,,0,
2021020438,2024-06-30 18:00:00,千葉ロッテマリーンズ,オリックス・バファローズ,7.0,0.0,UNKNOWN,ZOZOマリンスタジアム,excluded,high,False,False,2000096.0,1300050.0,[],[],,,,,0,light,2024-06-30 18:00:00+00:00,,UNKNOWN,,,,UNKNOWN,UNKNOWN,,UNKNOWN,,9.0,2.6666666666666665,9.0,6.0,0.0,3.2,3.0,3.0,6.0,0.0,2.0,3.0,,,,0.0,1.2,5.4,5.4,0.0,3.8,5.0,0.0,3.0,0.0,3.0,3.0,,,,True,True,UNKNOWN,False,False,,,,,,,,,,NPB,2024-06-30 18:00:00,1,,,0,
2021020439,2024-07-02 18:00:00,読売ジャイアンツ,中日ドラゴンズ,1.0,2.0,UNKNOWN,セキスイハイム松本スタジアム,unknown,low,False,False,1500074.0,2000006.0,[],[],,,,,0,light,2024-07-02 18:00:00+00:00,,UNKNOWN,,,,UNKNOWN,UNKNOWN,,UNKNOWN,,1.35,0.8999999999999999,6.75,1.35,0.0,2.1500000000000004,6.666666666666667,1.0,5.0,0.0,1.0,5.0,,,,2.571428571428572,1.0,9.0,1.2857142857142858,1.2857142857142858,3.4857142857142858,7.0,2.0,6.0,1.0,1.0,7.0,,,,True,True,UNKNOWN,False,False,,,,,,,,,,NPB,2024-07-02 18:00:00,1,,,0,
2021020440,2024-07-02 18:00:00,横浜DeNAベイスターズ,東京ヤクルトスワローズ,6.0,4.0,UNKNOWN,横浜スタジアム,unknown,low,False,False,2103794.0,2112182.0,[],[],,,,,0,light,2024-07-02 18:00:00+00:00,,UNKNOWN,,,,UNKNOWN,UNKNOWN,,UNKNOWN,,13.5,3.0,9.0,4.5,0.0,2.7,4.0,6.0,10.0,0.0,2.0,4.0,,,,3.6,1.4,7.2,3.6,0.0,2.8000000000000003,5.0,2.0,5.0,0.0,2.0,4.0,,,,True,True,UNKNOWN,False,False,,,,,,,,,,NPB,2024-07-02 18:00:00,1,,,0,
2021020441,2024-07-02 18:00:00,広島東洋カープ,阪神タイガース,0.0,3.0,UNKNOWN,MAZDA Zoom-Zoom スタジアム広島,unknown,low,False,False,1600115.0,1900052.0,[],[],,,,,0,light,2024-07-02 18:00:00+00:00,,UNKNOWN,,,,UNKNOWN,UNKNOWN,,UNKNOWN,,0.0,0.4285714285714285,7.714285714285714,2.571428571428572,0.0,2.342857142857143,7.0,0.0,1.0,0.0,2.0,6.0,,,,0.0,0.625,10.125,1.125,0.0,1.3250000000000002,8.0,0.0,4.0,0.0,1.0,9.0,,,,True,True,UNKNOWN,False,False,,,,,,,,,,NPB,2024-07-02 18:00:00,1,,,0,
2021020442,2024-07-02 18:00:00,北海道日本ハムファイターズ,千葉ロッテマリーンズ,8.0,3.0,UNKNOWN,ES CON FIELD HOKKAIDO,unknown,low,False,False,1700002.0,2107859.0,[],[],,,,,0,light,2024-07-02 18:00:00+00:00,,UNKNOWN,,,,UNKNOWN,UNKNOWN,,UNKNOWN,,7.2,1.0,3.6,1.8,3.6,8.2,5.0,4.0,4.0,2.0,1.0,2.0,,,,4.5,1.8333333333333333,4.5,3.0,3.0,7.533333333333333,6.0,3.0,9.0,2.0,2.0,3.0,,,,True,True,UNKNOWN,False,False,,,,,,,,,,NPB,2024-07-02 18:00:00,1,,,0,
2021020443,2024-07-02 18:00:00,東北楽天ゴールデンイーグルス,オリックス・バファローズ,1.0,4.0,UNKNOWN,はるか夢球場,unknown,low,False,False,1750595.0,2000126.0,[],[],,,,,0,light,2024-07-02 18:00:00+00:00,,UNKNOWN,,,,UNKNOWN,UNKNOWN,,UNKNOWN,,1.2857142857142858,1.2857142857142858,9.0,3.857142857142857,0.0,2.4857142857142858,7.0,1.0,6.0,0.0,3.0,7.0,,,,5.4,1.4,1.8,5.4,1.8,7.2,5.0,3.0,4.0,1.0,3.0,1.0,,,,True,True,UNKNOWN,False,False,,,,,,,,,,NPB,2024-07-02 18:00:00,1,,,0,
2021020444,2024-07-02 18:00:00,福岡ソフトバンクホークス,埼玉西武ライオンズ,3.0,2.0,UNKNOWN,東京ドーム,unknown,low,False,False,2103625.0,1400117.0,[],[],,,,,0,light,2024-07-02 18:00:00+00:00,,UNKNOWN,,,,UNKNOWN,UNKNOWN,,UNKNOWN,,6.0,2.333333333333333,3.0,12.0,0.0,6.533333333333333,3.0,2.0,3.0,0.0,4.0,1.0,,,,2.571428571428572,1.0,11.571428571428571,1.2857142857142858,1.2857142857142858,2.9142857142857146,7.0,2.0,6.0,1.0,1.0,9.0,,,,True,True,UNKNOWN,False,False,2024-07-02 09:00:00+00:00,,UNKNOWN,Open-Meteo Historical Forecast,FAIL_CLOSED_NO_ISSUANCE_TIMESTAMP,28.1,76.0,0.0,3.4,NPB,2024-07-02 18:00:00,1,,,0,
2021020444,2024-07-02 18:00:00,福岡ソフトバンクホークス,埼玉西武ライオンズ,3.0,2.0,UNKNOWN,東京ドーム,unknown,low,False,False,2103625.0,1400117.0,[],[],,,,,0,light,2024-07-02 18:00:00+00:00,,UNKNOWN,,,,UNKNOWN,UNKNOWN,,UNKNOWN,,6.0,2.333333333333333,3.0,12.0,0.0,6.533333333333333,3.0,2.0,3.0,0.0,4.0,1.0,,,,2.571428571428572,1.0,11.571428571428571,1.2857142857142858,1.2857142857142858,2.9142857142857146,7.0,2.0,6.0,1.0,1.0,9.0,,,,True,True,UNKNOWN,False,False,2024-07-02 09:00:00+00:00,,UNKNOWN,Open-Meteo Historical Forecast,FAIL_CLOSED_NO_ISSUANCE_TIMESTAMP,28.1,76.0,0.0,3.4,NPB,2024-07-02 18:00:00,1,,,0,
2021020445,2024-07-03 18:00:00,読売ジャイアンツ,中日ドラゴンズ,6.0,1.0,UNKNOWN,上毛新聞敷島球場,unknown,low,False,False,500014.0,1900019.0,[],[],,,,,0,light,2024-07-03 18:00:00+00:00,,UNKNOWN,,,,UNKNOWN,UNKNOWN,,UNKNOWN,,8.307692307692308,1.3846153846153848,4.153846153846154,4.153846153846154,2.076923076923077,6.661538461538462,4.333333333333333,4.0,4.0,1.0,2.0,2.0,,,,0.0,0.875,7.875,2.25,0.0,2.2,8.0,0.0,5.0,0.0,2.0,7.0,,,,True,True,UNKNOWN,False,False,,,,,,,,,,NPB,2024-07-03 18:00:00,1,,,0,
2021020446,2024-07-03 18:00:00,横浜DeNAベイスターズ,東京ヤクルトスワローズ,3.0,5.0,UNKNOWN,横浜スタジアム,unknown,low,False,False,2000025.0,1600081.0,[],[],,,,,0,light,2024-07-03 18:00:00+00:00,,UNKNOWN,,,,UNKNOWN,UNKNOWN,,UNKNOWN,,3.857142857142857,0.4285714285714285,2.571428571428572,0.0,1.2857142857142858,4.485714285714286,7.0,3.0,3.0,1.0,0.0,2.0,,,,4.5,2.25,2.25,9.0,0.0,5.7,4.0,2.0,5.0,0.0,4.0,1.0,,,,True,True,UNKNOWN,False,False,,,,,,,,,,NPB,2024-07-03 18:00:00,1,,,0,
2021020447,2024-07-03 18:00:00,広島東洋カープ,阪神タイガース,1.0,2.0,UNKNOWN,MAZDA Zoom-Zoom スタジアム広島,climax,high,False,True,1700137.0,1300058.0,[],[],,,,,0,light,2024-07-03 18:00:00+00:00,,UNKNOWN,,,,UNKNOWN,UNKNOWN,,UNKNOWN,,0.0,0.2857142857142857,1.2857142857142858,0.0,0.0,2.9142857142857146,7.0,0.0,2.0,0.0,0.0,1.0,,,,3.0,1.5,6.0,1.5,3.0,6.7,6.0,2.0,8.0,2.0,1.0,4.0,,,,True,True,UNKNOWN,False,False,,,,,,,,,,NPB,2024-07-03 18:00:00,1,,,0,
2021020448,2024-07-03 18:00:00,北海道日本ハムファイターズ,千葉ロッテマリーンズ,6.0,9.0,UNKNOWN,ES CON FIELD HOKKAIDO,unknown,low,False,False,2102758.0,2111822.0,[],[],,,,,0,light,2024-07-03 18:00:00+00:00,,UNKNOWN,,,,UNKNOWN,UNKNOWN,,UNKNOWN,,0.0,1.4,5.4,3.6,1.8,5.800000000000001,5.0,0.0,5.0,1.0,2.0,3.0,,,,5.4,1.6,5.4,3.6,1.8,5.800000000000001,5.0,3.0,6.0,1.0,2.0,3.0,,,,True,True,UNKNOWN,False,False,,,,,,,,,,NPB,2024-07-03 18:00:00,1,,,0,
2021020450,2024-07-04 18:00:00,横浜DeNAベイスターズ,東京ヤクルトスワローズ,3.0,0.0,UNKNOWN,横浜スタジアム,unknown,low,False,False,2060039.0,1300031.0,[],[],,,,,0,light,2024-07-04 18:00:00+00:00,,UNKNOWN,,,,UNKNOWN,UNKNOWN,,UNKNOWN,,3.0,1.1666666666666667,4.5,1.5,0.0,2.7,6.0,2.0,6.0,0.0,1.0,3.0,,,,0.0,0.7777777777777778,5.0,0.0,0.0,2.088888888888889,9.0,0.0,7.0,0.0,0.0,5.0,,,,True,True,UNKNOWN,False,False,,,,,,,,,,NPB,2024-07-04 18:00:00,1,,,0,
2021020451,2024-07-04 18:00:00,広島東洋カープ,阪神タイガース,7.0,5.0,UNKNOWN,MAZDA Zoom-Zoom スタジアム広島,unknown,low,False,False,2000055.0,1600125.0,[],[],,,,,0,light,2024-07-04 18:00:00+00:00,,UNKNOWN,,,,UNKNOWN,UNKNOWN,,UNKNOWN,,2.571428571428572,1.2857142857142858,3.857142857142857,2.571428571428572,0.0,3.2,7.0,2.0,7.0,0.0,2.0,3.0,,,,6.75,1.75,4.5,4.5,0.0,3.7,4.0,3.0,5.0,0.0,2.0,2.0,,,,True,True,UNKNOWN,False,False,,,,,,,,,,NPB,2024-07-04 18:00:00,1,,,0,
2021020452,2024-07-04 18:00:00,北海道日本ハムファイターズ,千葉ロッテマリーンズ,1.0,3.0,UNKNOWN,ES CON FIELD HOKKAIDO,allstar,high,False,True,900081.0,1500109.0,[],[],,,,,0,light,2024-07-04 18:00:00+00:00,,UNKNOWN,,,,UNKNOWN,UNKNOWN,,UNKNOWN,,1.2857142857142858,0.8571428571428571,3.857142857142857,2.571428571428572,0.0,3.2,7.0,1.0,4.0,0.0,2.0,3.0,,,,5.0625,2.0625,3.375,1.6875,0.0,3.0125,5.333333333333333,3.0,10.0,0.0,1.0,2.0,,,,True,True,UNKNOWN,False,False,,,,,,,,,,NPB,2024-07-04 18:00:00,1,,,0,
2021020453,2024-07-04 18:00:00,福岡ソフトバンクホークス,埼玉西武ライオンズ,0.0,4.0,UNKNOWN,みずほPayPayドーム福岡,unknown,low,False,False,2105080.0,1900106.0,[],[],,,,,0,light,2024-07-04 18:00:00+00:00,,UNKNOWN,,,,UNKNOWN,UNKNOWN,,UNKNOWN,,0.0,0.5,6.75,0.0,0.0,1.7000000000000002,8.0,0.0,4.0,0.0,0.0,6.0,,,,3.0,0.8333333333333334,6.0,1.5,0.0,2.3666666666666667,6.0,2.0,4.0,0.0,1.0,4.0,,,,True,True,UNKNOWN,False,False,,,,,,,,,,NPB,2024-07-04 18:00:00,1,,,0,
2021020454,2024-07-05 18:00:00,東京ヤクルトスワローズ,読売ジャイアンツ,3.0,10.0,UNKNOWN,明治神宮野球場,unknown,low,False,False,1800028.0,1200076.0,[],[],,,,,0,light,2024-07-05 18:00:00+00:00,,UNKNOWN,,,,UNKNOWN,UNKNOWN,,UNKNOWN,,4.2631578947368425,1.2631578947368425,4.2631578947368425,1.4210526315789471,1.4210526315789471,4.778947368421052,6.333333333333333,3.0,7.0,1.0,1.0,3.0,,,,9.0,1.6,5.4,1.8,0.0,2.6,5.0,5.0,7.0,0.0,1.0,3.0,,,,True,True,UNKNOWN,False,False,,,,,,,,,,NPB,2024-07-05 18:00:00,1,,,0,
2021020455,2024-07-05 18:00:00,中日ドラゴンズ,広島東洋カープ,2.0,0.0,UNKNOWN,バンテリンドーム ナゴヤ,unknown,low,False,False,1600123.0,2000042.0,[],[],,,,,0,light,2024-07-05 18:00:00+00:00,,UNKNOWN,,,,UNKNOWN,UNKNOWN,,UNKNOWN,,3.0,1.8333333333333333,6.0,1.5,0.0,2.3666666666666667,6.0,2.0,10.0,0.0,1.0,4.0,,,,0.0,0.5555555555555556,7.0,1.0,0.0,1.9777777777777776,9.0,0.0,4.0,0.0,1.0,7.0,,,,True,True,UNKNOWN,False,False,,,,,,,,,,NPB,2024-07-05 18:00:00,1,,,0,
2021020456,2024-07-05 18:00:00,阪神タイガース,横浜DeNAベイスターズ,1.0,2.0,UNKNOWN,阪神甲子園球場,unknown,low,False,False,2103904.0,2100915.0,[],[],,,,,0,light,2024-07-05 18:00:00+00:00,,UNKNOWN,,,,UNKNOWN,UNKNOWN,,UNKNOWN,,0.0,0.8333333333333334,4.5,3.0,0.0,3.2,6.0,0.0,3.0,0.0,2.0,3.0,,,,1.5,1.3333333333333333,13.5,0.0,0.0,0.2000000000000001,6.0,1.0,8.0,0.0,0.0,9.0,,,,True,True,UNKNOWN,False,False,,,,,,,,,,NPB,2024-07-05 18:00:00,1,,,0,
2021020457,2024-07-05 18:00:00,埼玉西武ライオンズ,千葉ロッテマリーンズ,3.0,6.0,UNKNOWN,ベルーナドーム,unknown,low,False,False,1800052.0,1600127.0,[],[],,,,,0,light,2024-07-05 18:00:00+00:00,,UNKNOWN,,,,UNKNOWN,UNKNOWN,,UNKNOWN,,4.05,1.2,12.15,4.05,0.0,1.8500000000000003,6.666666666666667,3.0,5.0,0.0,3.0,9.0,,,,3.6,2.2,10.8,10.8,0.0,4.4,5.0,2.0,5.0,0.0,6.0,6.0,,,,True,True,UNKNOWN,False,False,2024-07-05 09:00:00+00:00,,UNKNOWN,Open-Meteo Historical Forecast,FAIL_CLOSED_NO_ISSUANCE_TIMESTAMP,32.2,66.0,0.0,5.2,NPB,2024-07-05 18:00:00,1,,,0,
2021020457,2024-07-05 18:00:00,埼玉西武ライオンズ,千葉ロッテマリーンズ,3.0,6.0,UNKNOWN,ベルーナドーム,unknown,low,False,False,1800052.0,1600127.0,[],[],,,,,0,light,2024-07-05 18:00:00+00:00,,UNKNOWN,,,,UNKNOWN,UNKNOWN,,UNKNOWN,,4.05,1.2,12.15,4.05,0.0,1.8500000000000003,6.666666666666667,3.0,5.0,0.0,3.0,9.0,,,,3.6,2.2,10.8,10.8,0.0,4.4,5.0,2.0,5.0,0.0,6.0,6.0,,,,True,True,UNKNOWN,False,False,2024-07-05 09:00:00+00:00,,UNKNOWN,Open-Meteo Historical Forecast,FAIL_CLOSED_NO_ISSUANCE_TIMESTAMP,32.2,66.0,0.0,5.2,NPB,2024-07-05 18:00:00,1,,,0,
2021020458,2024-07-05 18:00:00,福岡ソフトバンクホークス,東北楽天ゴールデンイーグルス,1.0,5.0,UNKNOWN,みずほPayPayドーム福岡,unknown,low,False,False,2000121.0,20204.0,[],[],,,,,0,light,2024-07-05 18:00:00+00:00,,UNKNOWN,,,,UNKNOWN,UNKNOWN,,UNKNOWN,,1.5,1.8333333333333333,16.5,6.0,0.0,1.5333333333333334,6.0,1.0,7.0,0.0,4.0,11.0,,,,6.75,2.0,4.5,0.0,2.25,5.45,4.0,3.0,8.0,1.0,0.0,2.0,,,,True,True,UNKNOWN,False,False,,,,,,,,,,NPB,2024-07-05 18:00:00,1,,,0,
2021020460,2024-07-06 14:00:00,中日ドラゴンズ,広島東洋カープ,2.0,1.0,UNKNOWN,バンテリンドーム ナゴヤ,unknown,low,False,False,1300057.0,1800060.0,[],[],,,,,0,light,2024-07-06 14:00:00+00:00,,UNKNOWN,,,,UNKNOWN,UNKNOWN,,UNKNOWN,,2.571428571428572,1.0,2.571428571428572,0.0,1.2857142857142858,4.485714285714286,7.0,2.0,7.0,1.0,0.0,2.0,,,,1.5,0.8333333333333334,9.0,3.0,0.0,2.2,6.0,1.0,3.0,0.0,2.0,6.0,,,,True,True,UNKNOWN,False,False,,,,,,,,,,NPB,2024-07-06 14:00:00,1,,,0,
2021020464,2024-07-06 14:00:00,福岡ソフトバンクホークス,東北楽天ゴールデンイーグルス,0.0,4.0,UNKNOWN,みずほPayPayドーム福岡,unknown,low,False,False,2110316.0,1550517.0,[],[],,,,,0,light,2024-07-06 14:00:00+00:00,,UNKNOWN,,,,UNKNOWN,UNKNOWN,,UNKNOWN,,0.0,0.6666666666666666,7.5,3.0,0.0,2.5333333333333337,6.0,0.0,2.0,0.0,2.0,5.0,,,,6.0,1.5,9.0,3.0,1.5,4.366666666666667,6.0,4.0,7.0,1.0,2.0,6.0,,,,True,True,UNKNOWN,False,False,,,,,,,,,,NPB,2024-07-06 14:00:00,1,,,0,
2021020459,2024-07-06 18:00:00,東京ヤクルトスワローズ,読売ジャイアンツ,1.0,4.0,UNKNOWN,明治神宮野球場,unknown,low,False,False,1961407.0,1500042.0,[],[],,,,,0,light,2024-07-06 18:00:00+00:00,,UNKNOWN,,,,UNKNOWN,UNKNOWN,,UNKNOWN,,1.125,0.625,6.75,1.125,1.125,3.7,8.0,1.0,4.0,1.0,1.0,6.0,,,,3.0,1.3333333333333333,13.5,3.0,1.5,3.3666666666666667,6.0,2.0,6.0,1.0,2.0,9.0,,,,True,True,UNKNOWN,False,False,,,,,,,,,,NPB,2024-07-06 18:00:00,1,,,0,
2021020461,2024-07-06 18:00:00,阪神タイガース,横浜DeNAベイスターズ,2.0,1.0,UNKNOWN,阪神甲子園球場,excluded,high,False,False,1300077.0,2000052.0,[],[],,,,,0,light,2024-07-06 18:00:00+00:00,,UNKNOWN,,,,UNKNOWN,UNKNOWN,,UNKNOWN,,3.176470588235294,1.0588235294117647,3.176470588235294,1.588235294117647,0.0,3.0235294117647062,5.666666666666667,2.0,5.0,0.0,1.0,2.0,,,,1.2857142857142858,0.8571428571428571,3.857142857142857,1.2857142857142858,1.2857142857142858,4.628571428571429,7.0,1.0,5.0,1.0,1.0,3.0,,,,True,True,UNKNOWN,False,False,,,,,,,,,,NPB,2024-07-06 18:00:00,1,,,0,
2021020462,2024-07-06 18:00:00,埼玉西武ライオンズ,千葉ロッテマリーンズ,3.0,4.0,UNKNOWN,ベルーナドーム,unknown,low,False,False,1600146.0,1751148.0,[],[],,,,,0,light,2024-07-06 18:00:00+00:00,,UNKNOWN,,,,UNKNOWN,UNKNOWN,,UNKNOWN,,3.0,1.8333333333333333,7.5,3.0,0.0,2.5333333333333337,6.0,2.0,9.0,0.0,2.0,5.0,,,,4.909090909090909,1.2272727272727273,8.590909090909092,1.2272727272727273,0.0,1.7000000000000002,7.333333333333333,4.0,8.0,0.0,1.0,7.0,,,,True,True,UNKNOWN,False,False,2024-07-06 09:00:00+00:00,,UNKNOWN,Open-Meteo Historical Forecast,FAIL_CLOSED_NO_ISSUANCE_TIMESTAMP,28.8,82.0,0.9,3.3,NPB,2024-07-06 18:00:00,1,,,0,
2021020462,2024-07-06 18:00:00,埼玉西武ライオンズ,千葉ロッテマリーンズ,3.0,4.0,UNKNOWN,ベルーナドーム,unknown,low,False,False,1600146.0,1751148.0,[],[],,,,,0,light,2024-07-06 18:00:00+00:00,,UNKNOWN,,,,UNKNOWN,UNKNOWN,,UNKNOWN,,3.0,1.8333333333333333,7.5,3.0,0.0,2.5333333333333337,6.0,2.0,9.0,0.0,2.0,5.0,,,,4.909090909090909,1.2272727272727273,8.590909090909092,1.2272727272727273,0.0,1.7000000000000002,7.333333333333333,4.0,8.0,0.0,1.0,7.0,,,,True,True,UNKNOWN,False,False,2024-07-06 09:00:00+00:00,,UNKNOWN,Open-Meteo Historical Forecast,FAIL_CLOSED_NO_ISSUANCE_TIMESTAMP,28.8,82.0,0.9,3.3,NPB,2024-07-06 18:00:00,1,,,0,
2021020463,2024-07-06 18:00:00,オリックス・バファローズ,北海道日本ハムファイターズ,4.0,1.0,UNKNOWN,ほっともっとフィールド神戸,unknown,low,False,False,2100027.0,2101291.0,[],[],,,,,0,light,2024-07-06 18:00:00+00:00,,UNKNOWN,,,,UNKNOWN,UNKNOWN,,UNKNOWN,,2.076923076923077,1.6153846153846154,4.153846153846154,4.153846153846154,0.0,3.661538461538462,4.333333333333333,1.0,5.0,0.0,2.0,2.0,,,,1.5,0.5,3.0,1.5,0.0,3.0333333333333337,6.0,1.0,2.0,0.0,1.0,2.0,,,,True,True,UNKNOWN,False,False,,,,,,,,,,NPB,2024-07-06 18:00:00,1,,,0,
2021020470,2024-07-07 13:00:00,福岡ソフトバンクホークス,東北楽天ゴールデンイーグルス,5.0,3.0,UNKNOWN,みずほPayPayドーム福岡,unknown,low,False,False,2000123.0,1700011.0,[],[],,,,,0,light,2024-07-07 13:00:00+00:00,,UNKNOWN,,,,UNKNOWN,UNKNOWN,,UNKNOWN,,3.0,1.0,6.0,4.5,0.0,3.3666666666666667,6.0,2.0,3.0,0.0,3.0,4.0,,,,3.857142857142857,0.8571428571428571,7.714285714285714,0.0,0.0,1.485714285714286,7.0,3.0,6.0,0.0,0.0,6.0,,,,True,True,UNKNOWN,False,False,,,,,,,,,,NPB,2024-07-07 13:00:00,1,,,0,
2021020466,2024-07-07 13:30:00,中日ドラゴンズ,広島東洋カープ,2.0,1.0,UNKNOWN,バンテリンドーム ナゴヤ,unknown,low,False,False,1900057.0,1200098.0,[],[],,,,,0,light,2024-07-07 13:30:00+00:00,,UNKNOWN,,,,UNKNOWN,UNKNOWN,,UNKNOWN,,1.5,0.8333333333333334,7.5,3.0,0.0,2.5333333333333337,6.0,1.0,3.0,0.0,2.0,5.0,,,,1.5,0.1666666666666666,6.0,0.0,0.0,1.866666666666667,6.0,1.0,1.0,0.0,0.0,4.0,,,,True,True,UNKNOWN,False,False,,,,,,,,,,NPB,2024-07-07 13:30:00,1,,,0,
2021020469,2024-07-07 14:00:00,オリックス・バファローズ,北海道日本ハムファイターズ,6.0,3.0,UNKNOWN,京セラドーム大阪,unknown,low,False,False,2000079.0,2108177.0,[],[],,,,,0,light,2024-07-07 14:00:00+00:00,,UNKNOWN,,,,UNKNOWN,UNKNOWN,,UNKNOWN,,7.941176470588235,1.9411764705882355,1.588235294117647,3.176470588235294,1.588235294117647,6.2,5.666666666666667,5.0,9.0,1.0,2.0,1.0,,,,4.5,1.3333333333333333,13.5,1.5,0.0,0.7000000000000002,6.0,3.0,7.0,0.0,1.0,9.0,,,,True,True,UNKNOWN,False,False,,,,,,,,,,NPB,2024-07-07 14:00:00,1,,,0,
2021020468,2024-07-07 17:00:00,埼玉西武ライオンズ,千葉ロッテマリーンズ,2.0,9.0,UNKNOWN,ベルーナドーム,unknown,low,False,False,2000088.0,1660539.0,[],[],,,,,0,light,2024-07-07 17:00:00+00:00,,UNKNOWN,,,,UNKNOWN,UNKNOWN,,UNKNOWN,,3.8571428571428568,1.7142857142857142,1.9285714285714284,5.785714285714286,0.0,4.7,4.666666666666667,2.0,5.0,0.0,3.0,1.0,,,,7.7142857142857135,1.2857142857142856,3.8571428571428568,3.8571428571428568,0.0,3.628571428571429,4.666666666666667,4.0,4.0,0.0,2.0,2.0,,,,True,True,UNKNOWN,False,False,2024-07-07 08:00:00+00:00,,UNKNOWN,Open-Meteo Historical Forecast,FAIL_CLOSED_NO_ISSUANCE_TIMESTAMP,34.2,57.0,0.0,4.8,NPB,2024-07-07 17:00:00,1,,,0,
2021020468,2024-07-07 17:00:00,埼玉西武ライオンズ,千葉ロッテマリーンズ,2.0,9.0,UNKNOWN,ベルーナドーム,unknown,low,False,False,2000088.0,1660539.0,[],[],,,,,0,light,2024-07-07 17:00:00+00:00,,UNKNOWN,,,,UNKNOWN,UNKNOWN,,UNKNOWN,,3.8571428571428568,1.7142857142857142,1.9285714285714284,5.785714285714286,0.0,4.7,4.666666666666667,2.0,5.0,0.0,3.0,1.0,,,,7.7142857142857135,1.2857142857142856,3.8571428571428568,3.8571428571428568,0.0,3.628571428571429,4.666666666666667,4.0,4.0,0.0,2.0,2.0,,,,True,True,UNKNOWN,False,False,2024-07-07 08:00:00+00:00,,UNKNOWN,Open-Meteo Historical Forecast,FAIL_CLOSED_NO_ISSUANCE_TIMESTAMP,34.2,57.0,0.0,4.8,NPB,2024-07-07 17:00:00,1,,,0,
2021020465,2024-07-07 18:00:00,東京ヤクルトスワローズ,読売ジャイアンツ,3.0,7.0,UNKNOWN,明治神宮野球場,unknown,low,False,False,1200041.0,2000139.0,[],[],,,,,0,light,2024-07-07 18:00:00+00:00,,UNKNOWN,,,,UNKNOWN,UNKNOWN,,UNKNOWN,,3.6,1.2,7.2,1.8,0.0,2.2,5.0,2.0,5.0,0.0,1.0,4.0,,,,31.5,4.0,9.0,0.0,9.0,14.2,2.0,7.0,8.0,2.0,0.0,2.0,,,,True,True,UNKNOWN,False,False,,,,,,,,,,NPB,2024-07-07 18:00:00,1,,,0,
2021020467,2024-07-07 18:00:00,阪神タイガース,横浜DeNAベイスターズ,6.0,5.0,UNKNOWN,阪神甲子園球場,unknown,low,False,False,1961374.0,900062.0,[],[],,,,,0,light,2024-07-07 18:00:00+00:00,,UNKNOWN,,,,UNKNOWN,UNKNOWN,,UNKNOWN,,0.0,1.6875,8.4375,3.375,0.0,2.45,5.333333333333333,0.0,7.0,0.0,2.0,5.0,,,,9.0,2.333333333333333,0.0,3.0,0.0,4.2,3.0,3.0,6.0,0.0,1.0,0.0,,,,True,True,UNKNOWN,False,False,,,,,,,,,,NPB,2024-07-07 18:00:00,1,,,0,
2021020471,2024-07-09 17:45:00,横浜DeNAベイスターズ,中日ドラゴンズ,6.0,5.0,UNKNOWN,横浜スタジアム,unknown,low,False,False,1500074.0,2112182.0,[],[],,,,,0,light,2024-07-09 17:45:00+00:00,,UNKNOWN,,,,UNKNOWN,UNKNOWN,,UNKNOWN,,9.0,1.5,4.5,0.0,4.5,8.7,4.0,4.0,6.0,2.0,0.0,2.0,,,,4.764705882352941,1.7647058823529411,4.764705882352941,3.176470588235294,1.588235294117647,5.494117647058824,5.666666666666667,3.0,8.0,1.0,2.0,3.0,,,,True,True,UNKNOWN,False,False,,,,,,,,,,NPB,2024-07-09 17:45:00,1,,,0,
2021020472,2024-07-09 18:00:00,阪神タイガース,東京ヤクルトスワローズ,2.0,1.0,UNKNOWN,阪神甲子園球場,unknown,low,False,False,2103794.0,1600115.0,[],[],,,,,0,light,2024-07-09 18:00:00+00:00,,UNKNOWN,,,,UNKNOWN,UNKNOWN,,UNKNOWN,,0.0,1.5,6.75,5.0625,0.0,3.3875,5.333333333333333,0.0,5.0,0.0,3.0,4.0,,,,1.2857142857142858,1.0,5.142857142857143,1.2857142857142858,0.0,2.4857142857142858,7.0,1.0,6.0,0.0,1.0,4.0,,,,True,True,UNKNOWN,False,False,,,,,,,,,,NPB,2024-07-09 18:00:00,1,,,0,
2021020473,2024-07-09 18:00:00,広島東洋カープ,読売ジャイアンツ,3.0,5.0,UNKNOWN,MAZDA Zoom-Zoom スタジアム広島,unknown,low,False,False,2000006.0,1900052.0,[],[],,,,,0,light,2024-07-09 18:00:00+00:00,,UNKNOWN,,,,UNKNOWN,UNKNOWN,,UNKNOWN,,2.8421052631578947,0.9473684210526316,2.8421052631578947,2.8421052631578947,0.0,3.515789473684211,6.333333333333333,2.0,4.0,0.0,2.0,2.0,,,,3.857142857142857,1.1428571428571428,1.2857142857142858,2.571428571428572,1.2857142857142858,5.628571428571428,7.0,3.0,6.0,1.0,2.0,1.0,,,,True,True,UNKNOWN,False,False,,,,,,,,,,NPB,2024-07-09 18:00:00,1,,,0,
2021020474,2024-07-09 18:00:00,埼玉西武ライオンズ,北海道日本ハムファイターズ,1.0,4.0,UNKNOWN,ベルーナドーム,unknown,low,False,False,1400195.0,1800081.0,[],[],,,,,0,light,2024-07-09 18:00:00+00:00,,UNKNOWN,,,,UNKNOWN,UNKNOWN,,UNKNOWN,,1.4210526315789471,1.105263157894737,7.105263157894737,0.0,0.0,1.6210526315789475,6.333333333333333,1.0,7.0,0.0,0.0,5.0,,,,1.125,0.875,2.25,1.125,0.0,3.075,8.0,1.0,6.0,0.0,1.0,2.0,,,,True,True,UNKNOWN,False,False,2024-07-09 09:00:00+00:00,,UNKNOWN,Open-Meteo Historical Forecast,FAIL_CLOSED_NO_ISSUANCE_TIMESTAMP,30.0,73.0,0.7,4.1,NPB,2024-07-09 18:00:00,1,,,0,
2021020474,2024-07-09 18:00:00,埼玉西武ライオンズ,北海道日本ハムファイターズ,1.0,4.0,UNKNOWN,ベルーナドーム,unknown,low,False,False,1400195.0,1800081.0,[],[],,,,,0,light,2024-07-09 18:00:00+00:00,,UNKNOWN,,,,UNKNOWN,UNKNOWN,,UNKNOWN,,1.4210526315789471,1.105263157894737,7.105263157894737,0.0,0.0,1.6210526315789475,6.333333333333333,1.0,7.0,0.0,0.0,5.0,,,,1.125,0.875,2.25,1.125,0.0,3.075,8.0,1.0,6.0,0.0,1.0,2.0,,,,True,True,UNKNOWN,False,False,2024-07-09 09:00:00+00:00,,UNKNOWN,Open-Meteo Historical Forecast,FAIL_CLOSED_NO_ISSUANCE_TIMESTAMP,30.0,73.0,0.7,4.1,NPB,2024-07-09 18:00:00,1,,,0,
2021020475,2024-07-09 18:00:00,千葉ロッテマリーンズ,東北楽天ゴールデンイーグルス,2.0,4.0,UNKNOWN,ZOZOマリンスタジアム,unknown,low,False,False,2000126.0,1700002.0,[],[],,,,,0,light,2024-07-09 18:00:00+00:00,,UNKNOWN,,,,UNKNOWN,UNKNOWN,,UNKNOWN,,0.0,1.125,3.375,1.6875,0.0,3.0125,5.333333333333333,0.0,5.0,0.0,1.0,2.0,,,,3.857142857142857,1.2857142857142858,3.857142857142857,2.571428571428572,2.571428571428572,6.914285714285715,7.0,3.0,7.0,2.0,2.0,3.0,,,,True,True,UNKNOWN,False,False,,,,,,,,,,NPB,2024-07-09 18:00:00,1,,,0,
2021020476,2024-07-09 18:00:00,オリックス・バファローズ,福岡ソフトバンクホークス,3.0,0.0,UNKNOWN,京セラドーム大阪,unknown,low,False,False,1400117.0,1700109.0,[],[],,,,,0,light,2024-07-09 18:00:00+00:00,,UNKNOWN,,,,UNKNOWN,UNKNOWN,,UNKNOWN,,2.571428571428572,1.1428571428571428,3.857142857142857,2.571428571428572,0.0,3.2,7.0,2.0,6.0,0.0,2.0,3.0,,,,0.0,0.5714285714285714,5.142857142857143,1.2857142857142858,0.0,2.4857142857142858,7.0,0.0,3.0,0.0,1.0,4.0,,,,True,True,UNKNOWN,False,False,,,,,,,,,,NPB,2024-07-09 18:00:00,1,,,0,
2021020477,2024-07-10 17:45:00,横浜DeNAベイスターズ,中日ドラゴンズ,3.0,0.0,UNKNOWN,横浜スタジアム,excluded,high,False,False,2000050.0,1700058.0,[],[],,,,,0,light,2024-07-10 17:45:00+00:00,,UNKNOWN,,,,UNKNOWN,UNKNOWN,,UNKNOWN,,3.857142857142857,1.2857142857142858,6.428571428571429,1.2857142857142858,1.2857142857142858,4.057142857142857,7.0,3.0,8.0,1.0,1.0,5.0,,,,0.0,0.7777777777777778,8.0,0.0,0.0,1.4222222222222225,9.0,0.0,7.0,0.0,0.0,8.0,,,,True,True,UNKNOWN,False,False,,,,,,,,,,NPB,2024-07-10 17:45:00,1,,,0,
2021020478,2024-07-10 18:00:00,阪神タイガース,東京ヤクルトスワローズ,4.0,1.0,UNKNOWN,阪神甲子園球場,unknown,low,False,False,1900024.0,1700137.0,[],[],,,,,0,light,2024-07-10 18:00:00+00:00,,UNKNOWN,,,,UNKNOWN,UNKNOWN,,UNKNOWN,,3.6,1.0,3.6,3.6,0.0,3.6,5.0,2.0,3.0,0.0,2.0,2.0,,,,1.5,0.8333333333333334,6.0,0.0,0.0,1.866666666666667,6.0,1.0,5.0,0.0,0.0,4.0,,,,True,True,UNKNOWN,False,False,,,,,,,,,,NPB,2024-07-10 18:00:00,1,,,0,
2021020479,2024-07-10 18:00:00,広島東洋カープ,読売ジャイアンツ,1.0,1.0,UNKNOWN,MAZDA Zoom-Zoom スタジアム広島,unknown,low,False,False,1900019.0,1300058.0,[],[],,,,,0,light,2024-07-10 18:00:00+00:00,,UNKNOWN,,,,UNKNOWN,UNKNOWN,,UNKNOWN,,3.0,1.3333333333333333,3.0,3.0,0.0,3.5333333333333337,3.0,1.0,3.0,0.0,1.0,1.0,,,,3.0,1.3333333333333333,9.0,0.0,0.0,1.2000000000000002,3.0,1.0,4.0,0.0,0.0,3.0,,,,True,True,UNKNOWN,False,False,,,,,,,,,,NPB,2024-07-10 18:00:00,1,,,0,
2021020480,2024-07-10 18:00:00,埼玉西武ライオンズ,北海道日本ハムファイターズ,1.0,6.0,UNKNOWN,ベルーナドーム,unknown,low,False,False,2107859.0,2106286.0,[],[],,,,,0,light,2024-07-10 18:00:00+00:00,,UNKNOWN,,,,UNKNOWN,UNKNOWN,,UNKNOWN,,1.2857142857142858,1.1428571428571428,7.714285714285714,3.857142857142857,0.0,2.771428571428572,7.0,1.0,5.0,0.0,3.0,6.0,,,,1.4210526315789471,0.7894736842105263,5.684210526315789,2.8421052631578947,0.0,2.8842105263157896,6.333333333333333,1.0,3.0,0.0,2.0,4.0,,,,True,True,UNKNOWN,False,False,2024-07-10 09:00:00+00:00,,UNKNOWN,Open-Meteo Historical Forecast,FAIL_CLOSED_NO_ISSUANCE_TIMESTAMP,28.9,71.0,0.5,9.0,NPB,2024-07-10 18:00:00,1,,,0,
2021020480,2024-07-10 18:00:00,埼玉西武ライオンズ,北海道日本ハムファイターズ,1.0,6.0,UNKNOWN,ベルーナドーム,unknown,low,False,False,2107859.0,2106286.0,[],[],,,,,0,light,2024-07-10 18:00:00+00:00,,UNKNOWN,,,,UNKNOWN,UNKNOWN,,UNKNOWN,,1.2857142857142858,1.1428571428571428,7.714285714285714,3.857142857142857,0.0,2.771428571428572,7.0,1.0,5.0,0.0,3.0,6.0,,,,1.4210526315789471,0.7894736842105263,5.684210526315789,2.8421052631578947,0.0,2.8842105263157896,6.333333333333333,1.0,3.0,0.0,2.0,4.0,,,,True,True,UNKNOWN,False,False,2024-07-10 09:00:00+00:00,,UNKNOWN,Open-Meteo Historical Forecast,FAIL_CLOSED_NO_ISSUANCE_TIMESTAMP,28.9,71.0,0.5,9.0,NPB,2024-07-10 18:00:00,1,,,0,
2021020481,2024-07-10 18:00:00,千葉ロッテマリーンズ,東北楽天ゴールデンイーグルス,18.0,5.0,UNKNOWN,ZOZOマリンスタジアム,unknown,low,False,False,2103736.0,1300050.0,[],[],,,,,0,light,2024-07-10 18:00:00+00:00,,UNKNOWN,,,,UNKNOWN,UNKNOWN,,UNKNOWN,,,,,,,,,,,,,,,,,3.0,1.3333333333333333,3.0,1.5,0.0,3.0333333333333337,6.0,2.0,7.0,0.0,1.0,2.0,,,,False,True,UNKNOWN,False,False,,,,,,,,,,NPB,2024-07-10 18:00:00,1,,,0,
2021020482,2024-07-10 18:00:00,オリックス・バファローズ,福岡ソフトバンクホークス,4.0,3.0,UNKNOWN,京セラドーム大阪,unknown,low,False,False,1200106.0,1900087.0,[],[],,,,,0,light,2024-07-10 18:00:00+00:00,,UNKNOWN,,,,UNKNOWN,UNKNOWN,,UNKNOWN,,9.0,2.0,0.0,0.0,0.0,3.2,2.0,2.0,4.0,0.0,0.0,0.0,,,,2.571428571428572,1.1428571428571428,7.714285714285714,0.0,1.2857142857142858,3.342857142857143,7.0,2.0,8.0,1.0,0.0,6.0,,,,True,True,UNKNOWN,False,False,,,,,,,,,,NPB,2024-07-10 18:00:00,1,,,0,
2021020483,2024-07-11 17:45:00,横浜DeNAベイスターズ,中日ドラゴンズ,3.0,2.0,UNKNOWN,横浜スタジアム,unknown,low,False,False,1660558.0,1300031.0,[],[],,,,,0,light,2024-07-11 17:45:00+00:00,,UNKNOWN,,,,UNKNOWN,UNKNOWN,,UNKNOWN,,1.5,0.6666666666666666,4.5,1.5,0.0,2.7,6.0,1.0,3.0,0.0,1.0,3.0,,,,2.571428571428572,1.0,9.0,1.2857142857142858,0.0,1.6285714285714288,7.0,2.0,6.0,0.0,1.0,7.0,,,,True,True,UNKNOWN,False,False,,,,,,,,,,NPB,2024-07-11 17:45:00,1,,,0,
2021020484,2024-07-12 18:00:00,読売ジャイアンツ,横浜DeNAベイスターズ,3.0,2.0,UNKNOWN,東京ドーム,unknown,low,False,False,2103904.0,1800028.0,[],[],,,,,0,light,2024-07-12 18:00:00+00:00,,UNKNOWN,,,,UNKNOWN,UNKNOWN,,UNKNOWN,,1.5,0.8333333333333334,9.0,0.0,1.5,3.3666666666666667,6.0,1.0,5.0,1.0,0.0,6.0,,,,3.0,1.5,9.0,3.0,0.0,2.2,6.0,2.0,7.0,0.0,2.0,6.0,,,,True,True,UNKNOWN,False,False,2024-07-12 09:00:00+00:00,,UNKNOWN,Open-Meteo Historical Forecast,FAIL_CLOSED_NO_ISSUANCE_TIMESTAMP,23.7,96.0,1.5,3.1,NPB,2024-07-12 18:00:00,1,,,0,
2021020484,2024-07-12 18:00:00,読売ジャイアンツ,横浜DeNAベイスターズ,3.0,2.0,UNKNOWN,東京ドーム,unknown,low,False,False,2103904.0,1800028.0,[],[],,,,,0,light,2024-07-12 18:00:00+00:00,,UNKNOWN,,,,UNKNOWN,UNKNOWN,,UNKNOWN,,1.5,0.8333333333333334,9.0,0.0,1.5,3.3666666666666667,6.0,1.0,5.0,1.0,0.0,6.0,,,,3.0,1.5,9.0,3.0,0.0,2.2,6.0,2.0,7.0,0.0,2.0,6.0,,,,True,True,UNKNOWN,False,False,2024-07-12 09:00:00+00:00,,UNKNOWN,Open-Meteo Historical Forecast,FAIL_CLOSED_NO_ISSUANCE_TIMESTAMP,23.7,96.0,1.5,3.1,NPB,2024-07-12 18:00:00,1,,,0,
2021020485,2024-07-12 18:00:00,中日ドラゴンズ,阪神タイガース,3.0,0.0,UNKNOWN,バンテリンドーム ナゴヤ,unknown,low,False,False,2000055.0,2000042.0,[],[],,,,,0,light,2024-07-12 18:00:00+00:00,,UNKNOWN,,,,UNKNOWN,UNKNOWN,,UNKNOWN,,3.857142857142857,0.7142857142857143,7.714285714285714,1.2857142857142858,1.2857142857142858,3.7714285714285714,7.0,3.0,4.0,1.0,1.0,6.0,,,,,,,,,,,,,,,,,,,True,False,UNKNOWN,False,False,,,,,,,,,,NPB,2024-07-12 18:00:00,1,,,0,
2021020486,2024-07-12 18:00:00,広島東洋カープ,東京ヤクルトスワローズ,4.0,3.0,UNKNOWN,MAZDA Zoom-Zoom スタジアム広島,unknown,low,False,False,12113.0,1600123.0,[],[],,,,,0,light,2024-07-12 18:00:00+00:00,,UNKNOWN,,,,UNKNOWN,UNKNOWN,,UNKNOWN,,7.2,1.6,1.8,0.0,1.8,5.4,5.0,4.0,8.0,1.0,0.0,1.0,,,,,,,,,,,,,,,,,,,True,False,UNKNOWN,False,False,,,,,,,,,,NPB,2024-07-12 18:00:00,1,,,0,
2021020487,2024-07-12 18:00:00,北海道日本ハムファイターズ,福岡ソフトバンクホークス,4.0,5.0,UNKNOWN,ES CON FIELD HOKKAIDO,unknown,low,False,False,1900010.0,1500110.0,[],[],,,,,0,light,2024-07-12 18:00:00+00:00,,UNKNOWN,,,,UNKNOWN,UNKNOWN,,UNKNOWN,,2.571428571428572,1.0,12.857142857142858,5.142857142857143,1.2857142857142858,3.9142857142857146,7.0,2.0,3.0,1.0,4.0,10.0,,,,,,,,,,,,,,,,,,,True,False,UNKNOWN,False,False,,,,,,,,,,NPB,2024-07-12 18:00:00,1,,,0,
2021020488,2024-07-12 18:00:00,東北楽天ゴールデンイーグルス,埼玉西武ライオンズ,3.0,2.0,UNKNOWN,楽天モバイルパーク宮城,unknown,low,False,False,2105080.0,2000121.0,[],[],,,,,0,light,2024-07-12 18:00:00+00:00,,UNKNOWN,,,,UNKNOWN,UNKNOWN,,UNKNOWN,,3.857142857142857,0.8571428571428571,3.857142857142857,0.0,1.2857142857142858,4.2,7.0,3.0,6.0,1.0,0.0,3.0,,,,,,,,,,,,,,,,,,,True,False,UNKNOWN,False,False,,,,,,,,,,NPB,2024-07-12 18:00:00,1,,,0,
2021020489,2024-07-12 18:00:00,千葉ロッテマリーンズ,オリックス・バファローズ,1.0,0.0,UNKNOWN,ZOZOマリンスタジアム,unknown,low,False,False,1750595.0,1800052.0,[],[],,,,,0,light,2024-07-12 18:00:00+00:00,,UNKNOWN,,,,UNKNOWN,UNKNOWN,,UNKNOWN,,,,,,,,,,,,,,,,,,,,,,,,,,,,,,,,False,False,UNKNOWN,False,False,,,,,,,,,,NPB,2024-07-12 18:00:00,1,,,0,
2021020490,2024-07-13 14:00:00,読売ジャイアンツ,横浜DeNAベイスターズ,6.0,1.0,UNKNOWN,東京ドーム,excluded,high,False,False,2105707.0,1961407.0,[],[],,,,,0,light,2024-07-13 14:00:00+00:00,,UNKNOWN,,,,UNKNOWN,UNKNOWN,,UNKNOWN,,,,,,,,,,,,,,,,,,,,,,,,,,,,,,,,False,False,UNKNOWN,False,False,2024-07-13 05:00:00+00:00,,UNKNOWN,Open-Meteo Historical Forecast,FAIL_CLOSED_NO_ISSUANCE_TIMESTAMP,31.7,54.0,0.0,6.0,NPB,2024-07-13 14:00:00,1,,,0,
2021020490,2024-07-13 14:00:00,読売ジャイアンツ,横浜DeNAベイスターズ,6.0,1.0,UNKNOWN,東京ドーム,excluded,high,False,False,2105707.0,1961407.0,[],[],,,,,0,light,2024-07-13 14:00:00+00:00,,UNKNOWN,,,,UNKNOWN,UNKNOWN,,UNKNOWN,,,,,,,,,,,,,,,,,,,,,,,,,,,,,,,,False,False,UNKNOWN,False,False,2024-07-13 05:00:00+00:00,,UNKNOWN,Open-Meteo Historical Forecast,FAIL_CLOSED_NO_ISSUANCE_TIMESTAMP,31.7,54.0,0.0,6.0,NPB,2024-07-13 14:00:00,1,,,0,
2021020491,2024-07-13 14:00:00,中日ドラゴンズ,阪神タイガース,10.0,8.0,UNKNOWN,バンテリンドーム ナゴヤ,unknown,low,False,False,2000052.0,500014.0,[],[],,,,,0,light,2024-07-13 14:00:00+00:00,,UNKNOWN,,,,UNKNOWN,UNKNOWN,,UNKNOWN,,,,,,,,,,,,,,,,,,,,,,,,,,,,,,,,False,False,UNKNOWN,False,False,,,,,,,,,,NPB,2024-07-13 14:00:00,1,,,0,
2021020492,2024-07-13 14:00:00,広島東洋カープ,東京ヤクルトスワローズ,1.0,0.0,UNKNOWN,MAZDA Zoom-Zoom スタジアム広島,unknown,low,False,False,1500139.0,1300057.0,[],[],,,,,0,light,2024-07-13 14:00:00+00:00,,UNKNOWN,,,,UNKNOWN,UNKNOWN,,UNKNOWN,,,,,,,,,,,,,,,,,,,,,,,,,,,,,,,,False,False,UNKNOWN,False,False,,,,,,,,,,NPB,2024-07-13 14:00:00,1,,,0,
2021020493,2024-07-13 14:00:00,北海道日本ハムファイターズ,福岡ソフトバンクホークス,3.0,2.0,UNKNOWN,ES CON FIELD HOKKAIDO,excluded,high,False,False,1550517.0,1900129.0,[],[],,,,,0,light,2024-07-13 14:00:00+00:00,,UNKNOWN,,,,UNKNOWN,UNKNOWN,,UNKNOWN,,,,,,,,,,,,,,,,,,,,,,,,,,,,,,,,False,False,UNKNOWN,False,False,,,,,,,,,,NPB,2024-07-13 14:00:00,1,,,0,
2021020494,2024-07-13 16:00:00,東北楽天ゴールデンイーグルス,埼玉西武ライオンズ,5.0,0.0,UNKNOWN,楽天モバイルパーク宮城,unknown,low,False,False,1600127.0,700065.0,[],[],,,,,0,light,2024-07-13 16:00:00+00:00,,UNKNOWN,,,,UNKNOWN,UNKNOWN,,UNKNOWN,,,,,,,,,,,,,,,,,,,,,,,,,,,,,,,,False,False,UNKNOWN,False,False,,,,,,,,,,NPB,2024-07-13 16:00:00,1,,,0,
2021020495,2024-07-13 18:00:00,千葉ロッテマリーンズ,オリックス・バファローズ,6.0,0.0,UNKNOWN,ZOZOマリンスタジアム,unknown,low,False,False,2101291.0,1600146.0,[],[],,,,,0,light,2024-07-13 18:00:00+00:00,,UNKNOWN,,,,UNKNOWN,UNKNOWN,,UNKNOWN,,,,,,,,,,,,,,,,,,,,,,,,,,,,,,,,False,False,UNKNOWN,False,False,,,,,,,,,,NPB,2024-07-13 18:00:00,1,,,0,
2021020499,2024-07-14 13:00:00,北海道日本ハムファイターズ,福岡ソフトバンクホークス,3.0,1.0,UNKNOWN,ES CON FIELD HOKKAIDO,unknown,low,False,False,,,[],[],,,,,0,light,2024-07-14 13:00:00+00:00,,UNKNOWN,,,,UNKNOWN,UNKNOWN,,UNKNOWN,,,,,,,,,,,,,,,,,,,,,,,,,,,,,,,,False,False,UNKNOWN,False,False,,,,,,,,,,NPB,2024-07-14 13:00:00,1,,,0,
2021020500,2024-07-14 13:00:00,東北楽天ゴールデンイーグルス,埼玉西武ライオンズ,4.0,2.0,UNKNOWN,楽天モバイルパーク宮城,unknown,low,False,False,,,[],[],,,,,0,light,2024-07-14 13:00:00+00:00,,UNKNOWN,,,,UNKNOWN,UNKNOWN,,UNKNOWN,,,,,,,,,,,,,,,,,,,,,,,,,,,,,,,,False,False,UNKNOWN,False,False,,,,,,,,,,NPB,2024-07-14 13:00:00,1,,,0,
2021020497,2024-07-14 13:30:00,中日ドラゴンズ,阪神タイガース,2.0,6.0,UNKNOWN,バンテリンドーム ナゴヤ,unknown,low,False,False,,,[],[],,,,,0,light,2024-07-14 13:30:00+00:00,,UNKNOWN,,,,UNKNOWN,UNKNOWN,,UNKNOWN,,,,,,,,,,,,,,,,,,,,,,,,,,,,,,,,False,False,UNKNOWN,False,False,,,,,,,,,,NPB,2024-07-14 13:30:00,1,,,0,
2021020496,2024-07-14 14:00:00,読売ジャイアンツ,横浜DeNAベイスターズ,0.0,6.0,UNKNOWN,東京ドーム,unknown,low,False,False,,,[],[],,,,,0,light,2024-07-14 14:00:00+00:00,,UNKNOWN,,,,UNKNOWN,UNKNOWN,,UNKNOWN,,,,,,,,,,,,,,,,,,,,,,,,,,,,,,,,False,False,UNKNOWN,False,False,2024-07-14 05:00:00+00:00,,UNKNOWN,Open-Meteo Historical Forecast,FAIL_CLOSED_NO_ISSUANCE_TIMESTAMP,28.6,79.0,0.1,4.3,NPB,2024-07-14 14:00:00,1,,,0,
2021020496,2024-07-14 14:00:00,読売ジャイアンツ,横浜DeNAベイスターズ,0.0,6.0,UNKNOWN,東京ドーム,unknown,low,False,False,,,[],[],,,,,0,light,2024-07-14 14:00:00+00:00,,UNKNOWN,,,,UNKNOWN,UNKNOWN,,UNKNOWN,,,,,,,,,,,,,,,,,,,,,,,,,,,,,,,,False,False,UNKNOWN,False,False,2024-07-14 05:00:00+00:00,,UNKNOWN,Open-Meteo Historical Forecast,FAIL_CLOSED_NO_ISSUANCE_TIMESTAMP,28.6,79.0,0.1,4.3,NPB,2024-07-14 14:00:00,1,,,0,
2021020501,2024-07-14 17:00:00,千葉ロッテマリーンズ,オリックス・バファローズ,1.0,5.0,UNKNOWN,ZOZOマリンスタジアム,unknown,low,False,False,,,[],[],,,,,0,light,2024-07-14 17:00:00+00:00,,UNKNOWN,,,,UNKNOWN,UNKNOWN,,UNKNOWN,,,,,,,,,,,,,,,,,,,,,,,,,,,,,,,,False,False,UNKNOWN,False,False,,,,,,,,,,NPB,2024-07-14 17:00:00,1,,,0,
2021020502,2024-07-15 14:00:00,読売ジャイアンツ,阪神タイガース,0.0,2.0,UNKNOWN,東京ドーム,unknown,low,False,False,,,[],[],,,,,0,light,2024-07-15 14:00:00+00:00,,UNKNOWN,,,,UNKNOWN,UNKNOWN,,UNKNOWN,,,,,,,,,,,,,,,,,,,,,,,,,,,,,,,,False,False,UNKNOWN,False,False,2024-07-15 05:00:00+00:00,,UNKNOWN,Open-Meteo Historical Forecast,FAIL_CLOSED_NO_ISSUANCE_TIMESTAMP,27.0,77.0,0.0,5.5,NPB,2024-07-15 14:00:00,1,,,0,
2021020502,2024-07-15 14:00:00,読売ジャイアンツ,阪神タイガース,0.0,2.0,UNKNOWN,東京ドーム,unknown,low,False,False,,,[],[],,,,,0,light,2024-07-15 14:00:00+00:00,,UNKNOWN,,,,UNKNOWN,UNKNOWN,,UNKNOWN,,,,,,,,,,,,,,,,,,,,,,,,,,,,,,,,False,False,UNKNOWN,False,False,2024-07-15 05:00:00+00:00,,UNKNOWN,Open-Meteo Historical Forecast,FAIL_CLOSED_NO_ISSUANCE_TIMESTAMP,27.0,77.0,0.0,5.5,NPB,2024-07-15 14:00:00,1,,,0,
2021020504,2024-07-15 17:45:00,横浜DeNAベイスターズ,広島東洋カープ,6.0,1.0,UNKNOWN,横浜スタジアム,unknown,low,False,False,,,[],[],,,,,0,light,2024-07-15 17:45:00+00:00,,UNKNOWN,,,,UNKNOWN,UNKNOWN,,UNKNOWN,,,,,,,,,,,,,,,,,,,,,,,,,,,,,,,,False,False,UNKNOWN,False,False,,,,,,,,,,NPB,2024-07-15 17:45:00,1,,,0,
2021020503,2024-07-15 18:00:00,東京ヤクルトスワローズ,中日ドラゴンズ,4.0,1.0,UNKNOWN,明治神宮野球場,unknown,low,False,False,,,[],[],,,,,0,light,2024-07-15 18:00:00+00:00,,UNKNOWN,,,,UNKNOWN,UNKNOWN,,UNKNOWN,,,,,,,,,,,,,,,,,,,,,,,,,,,,,,,,False,False,UNKNOWN,False,False,,,,,,,,,,NPB,2024-07-15 18:00:00,1,,,0,
2021020505,2024-07-15 18:00:00,北海道日本ハムファイターズ,東北楽天ゴールデンイーグルス,3.0,16.0,UNKNOWN,ES CON FIELD HOKKAIDO,unknown,low,False,False,,,[],[],,,,,0,light,2024-07-15 18:00:00+00:00,,UNKNOWN,,,,UNKNOWN,UNKNOWN,,UNKNOWN,,,,,,,,,,,,,,,,,,,,,,,,,,,,,,,,False,False,UNKNOWN,False,False,,,,,,,,,,NPB,2024-07-15 18:00:00,1,,,0,
2021020506,2024-07-15 18:00:00,埼玉西武ライオンズ,オリックス・バファローズ,3.0,0.0,UNKNOWN,ベルーナドーム,unknown,low,False,False,,,[],[],,,,,0,light,2024-07-15 18:00:00+00:00,,UNKNOWN,,,,UNKNOWN,UNKNOWN,,UNKNOWN,,,,,,,,,,,,,,,,,,,,,,,,,,,,,,,,False,False,UNKNOWN,False,False,2024-07-15 09:00:00+00:00,,UNKNOWN,Open-Meteo Historical Forecast,FAIL_CLOSED_NO_ISSUANCE_TIMESTAMP,24.0,95.0,0.5,3.9,NPB,2024-07-15 18:00:00,1,,,0,
2021020506,2024-07-15 18:00:00,埼玉西武ライオンズ,オリックス・バファローズ,3.0,0.0,UNKNOWN,ベルーナドーム,unknown,low,False,False,,,[],[],,,,,0,light,2024-07-15 18:00:00+00:00,,UNKNOWN,,,,UNKNOWN,UNKNOWN,,UNKNOWN,,,,,,,,,,,,,,,,,,,,,,,,,,,,,,,,False,False,UNKNOWN,False,False,2024-07-15 09:00:00+00:00,,UNKNOWN,Open-Meteo Historical Forecast,FAIL_CLOSED_NO_ISSUANCE_TIMESTAMP,24.0,95.0,0.5,3.9,NPB,2024-07-15 18:00:00,1,,,0,
2021020507,2024-07-15 18:00:00,福岡ソフトバンクホークス,千葉ロッテマリーンズ,5.0,8.0,UNKNOWN,みずほPayPayドーム福岡,unknown,low,False,False,,,[],[],,,,,0,light,2024-07-15 18:00:00+00:00,,UNKNOWN,,,,UNKNOWN,UNKNOWN,,UNKNOWN,,,,,,,,,,,,,,,,,,,,,,,,,,,,,,,,False,False,UNKNOWN,False,False,,,,,,,,,,NPB,2024-07-15 18:00:00,1,,,0,
2021020508,2024-07-16 18:00:00,読売ジャイアンツ,阪神タイガース,2.0,1.0,UNKNOWN,東京ドーム,unknown,low,False,False,,,[],[],,,,,0,light,2024-07-16 18:00:00+00:00,,UNKNOWN,,,,UNKNOWN,UNKNOWN,,UNKNOWN,,,,,,,,,,,,,,,,,,,,,,,,,,,,,,,,False,False,UNKNOWN,False,False,2024-07-16 09:00:00+00:00,,UNKNOWN,Open-Meteo Historical Forecast,FAIL_CLOSED_NO_ISSUANCE_TIMESTAMP,24.1,95.0,1.8,2.9,NPB,2024-07-16 18:00:00,1,,,0,
2021020508,2024-07-16 18:00:00,読売ジャイアンツ,阪神タイガース,2.0,1.0,UNKNOWN,東京ドーム,unknown,low,False,False,,,[],[],,,,,0,light,2024-07-16 18:00:00+00:00,,UNKNOWN,,,,UNKNOWN,UNKNOWN,,UNKNOWN,,,,,,,,,,,,,,,,,,,,,,,,,,,,,,,,False,False,UNKNOWN,False,False,2024-07-16 09:00:00+00:00,,UNKNOWN,Open-Meteo Historical Forecast,FAIL_CLOSED_NO_ISSUANCE_TIMESTAMP,24.1,95.0,1.8,2.9,NPB,2024-07-16 18:00:00,1,,,0,
2021020509,2024-07-16 18:00:00,東京ヤクルトスワローズ,中日ドラゴンズ,4.0,3.0,UNKNOWN,明治神宮野球場,unknown,low,False,False,,,[],[],,,,,0,light,2024-07-16 18:00:00+00:00,,UNKNOWN,,,,UNKNOWN,UNKNOWN,,UNKNOWN,,,,,,,,,,,,,,,,,,,,,,,,,,,,,,,,False,False,UNKNOWN,False,False,,,,,,,,,,NPB,2024-07-16 18:00:00,1,,,0,
2021020511,2024-07-16 18:00:00,北海道日本ハムファイターズ,東北楽天ゴールデンイーグルス,5.0,4.0,UNKNOWN,ES CON FIELD HOKKAIDO,unknown,low,False,False,,,[],[],,,,,0,light,2024-07-16 18:00:00+00:00,,UNKNOWN,,,,UNKNOWN,UNKNOWN,,UNKNOWN,,,,,,,,,,,,,,,,,,,,,,,,,,,,,,,,False,False,UNKNOWN,False,False,,,,,,,,,,NPB,2024-07-16 18:00:00,1,,,0,
2021020512,2024-07-16 18:00:00,埼玉西武ライオンズ,オリックス・バファローズ,1.0,2.0,UNKNOWN,ベルーナドーム,unknown,low,False,False,,,[],[],,,,,0,light,2024-07-16 18:00:00+00:00,,UNKNOWN,,,,UNKNOWN,UNKNOWN,,UNKNOWN,,,,,,,,,,,,,,,,,,,,,,,,,,,,,,,,False,False,UNKNOWN,False,False,2024-07-16 09:00:00+00:00,,UNKNOWN,Open-Meteo Historical Forecast,FAIL_CLOSED_NO_ISSUANCE_TIMESTAMP,23.6,97.0,3.0,2.8,NPB,2024-07-16 18:00:00,1,,,0,
2021020512,2024-07-16 18:00:00,埼玉西武ライオンズ,オリックス・バファローズ,1.0,2.0,UNKNOWN,ベルーナドーム,unknown,low,False,False,,,[],[],,,,,0,light,2024-07-16 18:00:00+00:00,,UNKNOWN,,,,UNKNOWN,UNKNOWN,,UNKNOWN,,,,,,,,,,,,,,,,,,,,,,,,,,,,,,,,False,False,UNKNOWN,False,False,2024-07-16 09:00:00+00:00,,UNKNOWN,Open-Meteo Historical Forecast,FAIL_CLOSED_NO_ISSUANCE_TIMESTAMP,23.6,97.0,3.0,2.8,NPB,2024-07-16 18:00:00,1,,,0,
2021020513,2024-07-16 18:00:00,福岡ソフトバンクホークス,千葉ロッテマリーンズ,4.0,1.0,UNKNOWN,みずほPayPayドーム福岡,unknown,low,False,False,,,[],[],,,,,0,light,2024-07-16 18:00:00+00:00,,UNKNOWN,,,,UNKNOWN,UNKNOWN,,UNKNOWN,,,,,,,,,,,,,,,,,,,,,,,,,,,,,,,,False,False,UNKNOWN,False,False,,,,,,,,,,NPB,2024-07-16 18:00:00,1,,,0,
2021020515,2024-07-17 17:45:00,横浜DeNAベイスターズ,広島東洋カープ,0.0,3.0,UNKNOWN,横浜スタジアム,unknown,low,False,False,,,[],[],,,,,0,light,2024-07-17 17:45:00+00:00,,UNKNOWN,,,,UNKNOWN,UNKNOWN,,UNKNOWN,,,,,,,,,,,,,,,,,,,,,,,,,,,,,,,,False,False,UNKNOWN,False,False,,,,,,,,,,NPB,2024-07-17 17:45:00,1,,,0,
2021020514,2024-07-17 18:00:00,読売ジャイアンツ,阪神タイガース,4.0,3.0,UNKNOWN,東京ドーム,unknown,low,False,False,,,[],[],,,,,0,light,2024-07-17 18:00:00+00:00,,UNKNOWN,,,,UNKNOWN,UNKNOWN,,UNKNOWN,,,,,,,,,,,,,,,,,,,,,,,,,,,,,,,,False,False,UNKNOWN,False,False,2024-07-17 09:00:00+00:00,,UNKNOWN,Open-Meteo Historical Forecast,FAIL_CLOSED_NO_ISSUANCE_TIMESTAMP,28.5,77.0,0.0,1.9,NPB,2024-07-17 18:00:00,1,,,0,
2021020514,2024-07-17 18:00:00,読売ジャイアンツ,阪神タイガース,4.0,3.0,UNKNOWN,東京ドーム,unknown,low,False,False,,,[],[],,,,,0,light,2024-07-17 18:00:00+00:00,,UNKNOWN,,,,UNKNOWN,UNKNOWN,,UNKNOWN,,,,,,,,,,,,,,,,,,,,,,,,,,,,,,,,False,False,UNKNOWN,False,False,2024-07-17 09:00:00+00:00,,UNKNOWN,Open-Meteo Historical Forecast,FAIL_CLOSED_NO_ISSUANCE_TIMESTAMP,28.5,77.0,0.0,1.9,NPB,2024-07-17 18:00:00,1,,,0,
2021020516,2024-07-17 18:00:00,北海道日本ハムファイターズ,東北楽天ゴールデンイーグルス,6.0,2.0,UNKNOWN,ES CON FIELD HOKKAIDO,unknown,low,False,False,,,[],[],,,,,0,light,2024-07-17 18:00:00+00:00,,UNKNOWN,,,,UNKNOWN,UNKNOWN,,UNKNOWN,,,,,,,,,,,,,,,,,,,,,,,,,,,,,,,,False,False,UNKNOWN,False,False,,,,,,,,,,NPB,2024-07-17 18:00:00,1,,,0,
2021020517,2024-07-17 18:00:00,埼玉西武ライオンズ,オリックス・バファローズ,6.0,0.0,UNKNOWN,ベルーナドーム,unknown,low,False,False,,,[],[],,,,,0,light,2024-07-17 18:00:00+00:00,,UNKNOWN,,,,UNKNOWN,UNKNOWN,,UNKNOWN,,,,,,,,,,,,,,,,,,,,,,,,,,,,,,,,False,False,UNKNOWN,False,False,2024-07-17 09:00:00+00:00,,UNKNOWN,Open-Meteo Historical Forecast,FAIL_CLOSED_NO_ISSUANCE_TIMESTAMP,28.2,78.0,0.0,3.4,NPB,2024-07-17 18:00:00,1,,,0,
2021020517,2024-07-17 18:00:00,埼玉西武ライオンズ,オリックス・バファローズ,6.0,0.0,UNKNOWN,ベルーナドーム,unknown,low,False,False,,,[],[],,,,,0,light,2024-07-17 18:00:00+00:00,,UNKNOWN,,,,UNKNOWN,UNKNOWN,,UNKNOWN,,,,,,,,,,,,,,,,,,,,,,,,,,,,,,,,False,False,UNKNOWN,False,False,2024-07-17 09:00:00+00:00,,UNKNOWN,Open-Meteo Historical Forecast,FAIL_CLOSED_NO_ISSUANCE_TIMESTAMP,28.2,78.0,0.0,3.4,NPB,2024-07-17 18:00:00,1,,,0,
2021020518,2024-07-17 18:00:00,福岡ソフトバンクホークス,千葉ロッテマリーンズ,6.0,4.0,UNKNOWN,みずほPayPayドーム福岡,unknown,low,False,False,,,[],[],,,,,0,light,2024-07-17 18:00:00+00:00,,UNKNOWN,,,,UNKNOWN,UNKNOWN,,UNKNOWN,,,,,,,,,,,,,,,,,,,,,,,,,,,,,,,,False,False,UNKNOWN,False,False,,,,,,,,,,NPB,2024-07-17 18:00:00,1,,,0,
2021020519,2024-07-19 18:00:00,東京ヤクルトスワローズ,横浜DeNAベイスターズ,7.0,8.0,UNKNOWN,明治神宮野球場,unknown,low,False,False,,,[],[],,,,,0,light,2024-07-19 18:00:00+00:00,,UNKNOWN,,,,UNKNOWN,UNKNOWN,,UNKNOWN,,,,,,,,,,,,,,,,,,,,,,,,,,,,,,,,False,False,UNKNOWN,False,False,,,,,,,,,,NPB,2024-07-19 18:00:00,1,,,0,
2021020520,2024-07-19 18:00:00,中日ドラゴンズ,読売ジャイアンツ,1.0,0.0,UNKNOWN,バンテリンドーム ナゴヤ,unknown,low,False,False,,,[],[],,,,,0,light,2024-07-19 18:00:00+00:00,,UNKNOWN,,,,UNKNOWN,UNKNOWN,,UNKNOWN,,,,,,,,,,,,,,,,,,,,,,,,,,,,,,,,False,False,UNKNOWN,False,False,,,,,,,,,,NPB,2024-07-19 18:00:00,1,,,0,
2021020521,2024-07-19 18:00:00,阪神タイガース,広島東洋カープ,0.0,1.0,UNKNOWN,阪神甲子園球場,unknown,low,False,False,,,[],[],,,,,0,light,2024-07-19 18:00:00+00:00,,UNKNOWN,,,,UNKNOWN,UNKNOWN,,UNKNOWN,,,,,,,,,,,,,,,,,,,,,,,,,,,,,,,,False,False,UNKNOWN,False,False,,,,,,,,,,NPB,2024-07-19 18:00:00,1,,,0,
2021020522,2024-07-19 18:00:00,埼玉西武ライオンズ,福岡ソフトバンクホークス,0.0,4.0,UNKNOWN,ベルーナドーム,unknown,low,False,False,,,[],[],,,,,0,light,2024-07-19 18:00:00+00:00,,UNKNOWN,,,,UNKNOWN,UNKNOWN,,UNKNOWN,,,,,,,,,,,,,,,,,,,,,,,,,,,,,,,,False,False,UNKNOWN,False,False,2024-07-19 09:00:00+00:00,,UNKNOWN,Open-Meteo Historical Forecast,FAIL_CLOSED_NO_ISSUANCE_TIMESTAMP,32.2,66.0,0.0,2.2,NPB,2024-07-19 18:00:00,1,,,0,
2021020522,2024-07-19 18:00:00,埼玉西武ライオンズ,福岡ソフトバンクホークス,0.0,4.0,UNKNOWN,ベルーナドーム,unknown,low,False,False,,,[],[],,,,,0,light,2024-07-19 18:00:00+00:00,,UNKNOWN,,,,UNKNOWN,UNKNOWN,,UNKNOWN,,,,,,,,,,,,,,,,,,,,,,,,,,,,,,,,False,False,UNKNOWN,False,False,2024-07-19 09:00:00+00:00,,UNKNOWN,Open-Meteo Historical Forecast,FAIL_CLOSED_NO_ISSUANCE_TIMESTAMP,32.2,66.0,0.0,2.2,NPB,2024-07-19 18:00:00,1,,,0,
2021020523,2024-07-19 18:00:00,千葉ロッテマリーンズ,北海道日本ハムファイターズ,1.0,2.0,UNKNOWN,ZOZOマリンスタジアム,unknown,low,False,False,,,[],[],,,,,0,light,2024-07-19 18:00:00+00:00,,UNKNOWN,,,,UNKNOWN,UNKNOWN,,UNKNOWN,,,,,,,,,,,,,,,,,,,,,,,,,,,,,,,,False,False,UNKNOWN,False,False,,,,,,,,,,NPB,2024-07-19 18:00:00,1,,,0,
2021020524,2024-07-19 18:00:00,オリックス・バファローズ,東北楽天ゴールデンイーグルス,2.0,3.0,UNKNOWN,ほっともっとフィールド神戸,unknown,low,False,False,,,[],[],,,,,0,light,2024-07-19 18:00:00+00:00,,UNKNOWN,,,,UNKNOWN,UNKNOWN,,UNKNOWN,,,,,,,,,,,,,,,,,,,,,,,,,,,,,,,,False,False,UNKNOWN,False,False,,,,,,,,,,NPB,2024-07-19 18:00:00,1,,,0,
2021020526,2024-07-20 14:00:00,中日ドラゴンズ,読売ジャイアンツ,3.0,4.0,UNKNOWN,バンテリンドーム ナゴヤ,unknown,low,False,False,,,[],[],,,,,0,light,2024-07-20 14:00:00+00:00,,UNKNOWN,,,,UNKNOWN,UNKNOWN,,UNKNOWN,,,,,,,,,,,,,,,,,,,,,,,,,,,,,,,,False,False,UNKNOWN,False,False,,,,,,,,,,NPB,2024-07-20 14:00:00,1,,,0,
2021020525,2024-07-20 18:00:00,東京ヤクルトスワローズ,横浜DeNAベイスターズ,6.0,4.0,UNKNOWN,明治神宮野球場,unknown,low,False,False,,,[],[],,,,,0,light,2024-07-20 18:00:00+00:00,,UNKNOWN,,,,UNKNOWN,UNKNOWN,,UNKNOWN,,,,,,,,,,,,,,,,,,,,,,,,,,,,,,,,False,False,UNKNOWN,False,False,,,,,,,,,,NPB,2024-07-20 18:00:00,1,,,0,
2021020527,2024-07-20 18:00:00,阪神タイガース,広島東洋カープ,0.0,1.0,UNKNOWN,阪神甲子園球場,unknown,low,False,False,,,[],[],,,,,0,light,2024-07-20 18:00:00+00:00,,UNKNOWN,,,,UNKNOWN,UNKNOWN,,UNKNOWN,,,,,,,,,,,,,,,,,,,,,,,,,,,,,,,,False,False,UNKNOWN,False,False,,,,,,,,,,NPB,2024-07-20 18:00:00,1,,,0,
2021020528,2024-07-20 18:00:00,埼玉西武ライオンズ,福岡ソフトバンクホークス,5.0,3.0,UNKNOWN,ベルーナドーム,unknown,low,False,False,,,[],[],,,,,0,light,2024-07-20 18:00:00+00:00,,UNKNOWN,,,,UNKNOWN,UNKNOWN,,UNKNOWN,,,,,,,,,,,,,,,,,,,,,,,,,,,,,,,,False,False,UNKNOWN,False,False,2024-07-20 09:00:00+00:00,,UNKNOWN,Open-Meteo Historical Forecast,FAIL_CLOSED_NO_ISSUANCE_TIMESTAMP,32.1,68.0,0.0,4.7,NPB,2024-07-20 18:00:00,1,,,0,
2021020528,2024-07-20 18:00:00,埼玉西武ライオンズ,福岡ソフトバンクホークス,5.0,3.0,UNKNOWN,ベルーナドーム,unknown,low,False,False,,,[],[],,,,,0,light,2024-07-20 18:00:00+00:00,,UNKNOWN,,,,UNKNOWN,UNKNOWN,,UNKNOWN,,,,,,,,,,,,,,,,,,,,,,,,,,,,,,,,False,False,UNKNOWN,False,False,2024-07-20 09:00:00+00:00,,UNKNOWN,Open-Meteo Historical Forecast,FAIL_CLOSED_NO_ISSUANCE_TIMESTAMP,32.1,68.0,0.0,4.7,NPB,2024-07-20 18:00:00,1,,,0,
2021020529,2024-07-20 18:00:00,千葉ロッテマリーンズ,北海道日本ハムファイターズ,2.0,10.0,UNKNOWN,ZOZOマリンスタジアム,unknown,low,False,False,,,[],[],,,,,0,light,2024-07-20 18:00:00+00:00,,UNKNOWN,,,,UNKNOWN,UNKNOWN,,UNKNOWN,,,,,,,,,,,,,,,,,,,,,,,,,,,,,,,,False,False,UNKNOWN,False,False,,,,,,,,,,NPB,2024-07-20 18:00:00,1,,,0,
2021020530,2024-07-20 18:00:00,オリックス・バファローズ,東北楽天ゴールデンイーグルス,2.0,3.0,UNKNOWN,ほっともっとフィールド神戸,unknown,low,False,False,,,[],[],,,,,0,light,2024-07-20 18:00:00+00:00,,UNKNOWN,,,,UNKNOWN,UNKNOWN,,UNKNOWN,,,,,,,,,,,,,,,,,,,,,,,,,,,,,,,,False,False,UNKNOWN,False,False,,,,,,,,,,NPB,2024-07-20 18:00:00,1,,,0,
2021020532,2024-07-21 13:30:00,中日ドラゴンズ,読売ジャイアンツ,1.0,4.0,UNKNOWN,バンテリンドーム ナゴヤ,unknown,low,False,False,,,[],[],,,,,0,light,2024-07-21 13:30:00+00:00,,UNKNOWN,,,,UNKNOWN,UNKNOWN,,UNKNOWN,,,,,,,,,,,,,,,,,,,,,,,,,,,,,,,,False,False,UNKNOWN,False,False,,,,,,,,,,NPB,2024-07-21 13:30:00,1,,,0,
2021020536,2024-07-21 16:00:00,オリックス・バファローズ,東北楽天ゴールデンイーグルス,5.0,12.0,UNKNOWN,ほっともっとフィールド神戸,unknown,low,False,False,,,[],[],,,,,0,light,2024-07-21 16:00:00+00:00,,UNKNOWN,,,,UNKNOWN,UNKNOWN,,UNKNOWN,,,,,,,,,,,,,,,,,,,,,,,,,,,,,,,,False,False,UNKNOWN,False,False,,,,,,,,,,NPB,2024-07-21 16:00:00,1,,,0,
2021020534,2024-07-21 17:00:00,埼玉西武ライオンズ,福岡ソフトバンクホークス,0.0,1.0,UNKNOWN,ベルーナドーム,unknown,low,False,False,,,[],[],,,,,0,light,2024-07-21 17:00:00+00:00,,UNKNOWN,,,,UNKNOWN,UNKNOWN,,UNKNOWN,,,,,,,,,,,,,,,,,,,,,,,,,,,,,,,,False,False,UNKNOWN,False,False,2024-07-21 08:00:00+00:00,,UNKNOWN,Open-Meteo Historical Forecast,FAIL_CLOSED_NO_ISSUANCE_TIMESTAMP,30.0,67.0,0.0,8.0,NPB,2024-07-21 17:00:00,1,,,0,
2021020534,2024-07-21 17:00:00,埼玉西武ライオンズ,福岡ソフトバンクホークス,0.0,1.0,UNKNOWN,ベルーナドーム,unknown,low,False,False,,,[],[],,,,,0,light,2024-07-21 17:00:00+00:00,,UNKNOWN,,,,UNKNOWN,UNKNOWN,,UNKNOWN,,,,,,,,,,,,,,,,,,,,,,,,,,,,,,,,False,False,UNKNOWN,False,False,2024-07-21 08:00:00+00:00,,UNKNOWN,Open-Meteo Historical Forecast,FAIL_CLOSED_NO_ISSUANCE_TIMESTAMP,30.0,67.0,0.0,8.0,NPB,2024-07-21 17:00:00,1,,,0,
2021020535,2024-07-21 17:00:00,千葉ロッテマリーンズ,北海道日本ハムファイターズ,6.0,10.0,UNKNOWN,ZOZOマリンスタジアム,unknown,low,False,False,,,[],[],,,,,0,light,2024-07-21 17:00:00+00:00,,UNKNOWN,,,,UNKNOWN,UNKNOWN,,UNKNOWN,,,,,,,,,,,,,,,,,,,,,,,,,,,,,,,,False,False,UNKNOWN,False,False,,,,,,,,,,NPB,2024-07-21 17:00:00,1,,,0,
2021020531,2024-07-21 18:00:00,東京ヤクルトスワローズ,横浜DeNAベイスターズ,8.0,7.0,UNKNOWN,明治神宮野球場,unknown,low,False,False,,,[],[],,,,,0,light,2024-07-21 18:00:00+00:00,,UNKNOWN,,,,UNKNOWN,UNKNOWN,,UNKNOWN,,,,,,,,,,,,,,,,,,,,,,,,,,,,,,,,False,False,UNKNOWN,False,False,,,,,,,,,,NPB,2024-07-21 18:00:00,1,,,0,
2021020533,2024-07-21 18:00:00,阪神タイガース,広島東洋カープ,12.0,3.0,UNKNOWN,阪神甲子園球場,unknown,low,False,False,,,[],[],,,,,0,light,2024-07-21 18:00:00+00:00,,UNKNOWN,,,,UNKNOWN,UNKNOWN,,UNKNOWN,,,,,,,,,,,,,,,,,,,,,,,,,,,,,,,,False,False,UNKNOWN,False,False,,,,,,,,,,NPB,2024-07-21 18:00:00,1,,,0,
2021020962,2024-07-23 18:30:00,全パ,全セ,6.0,11.0,UNKNOWN,ES CON FIELD HOKKAIDO,allstar,high,False,True,,,[],[],,,,,0,light,2024-07-23 18:30:00+00:00,,UNKNOWN,,,,UNKNOWN,UNKNOWN,,UNKNOWN,,,,,,,,,,,,,,,,,,,,,,,,,,,,,,,,False,False,UNKNOWN,False,False,,,,,,,,,,NPB,2024-07-23 18:30:00,1,,,0,
2021020963,2024-07-24 18:30:00,全セ,全パ,10.0,16.0,UNKNOWN,明治神宮野球場,allstar,high,False,True,,,[],[],,,,,0,light,2024-07-24 18:30:00+00:00,,UNKNOWN,,,,UNKNOWN,UNKNOWN,,UNKNOWN,,,,,,,,,,,,,,,,,,,,,,,,,,,,,,,,False,False,UNKNOWN,False,False,,,,,,,,,,NPB,2024-07-24 18:30:00,1,,,0,
2021020537,2024-07-26 18:00:00,東京ヤクルトスワローズ,広島東洋カープ,6.0,9.0,UNKNOWN,明治神宮野球場,excluded,high,False,False,,,[],[],,,,,0,light,2024-07-26 18:00:00+00:00,,UNKNOWN,,,,UNKNOWN,UNKNOWN,,UNKNOWN,,,,,,,,,,,,,,,,,,,,,,,,,,,,,,,,False,False,UNKNOWN,False,False,,,,,,,,,,NPB,2024-07-26 18:00:00,1,,,0,
2021020538,2024-07-26 18:00:00,横浜DeNAベイスターズ,読売ジャイアンツ,2.0,5.0,UNKNOWN,横浜スタジアム,unknown,low,False,False,,,[],[],,,,,0,light,2024-07-26 18:00:00+00:00,,UNKNOWN,,,,UNKNOWN,UNKNOWN,,UNKNOWN,,,,,,,,,,,,,,,,,,,,,,,,,,,,,,,,False,False,UNKNOWN,False,False,,,,,,,,,,NPB,2024-07-26 18:00:00,1,,,0,
2021020539,2024-07-26 18:00:00,阪神タイガース,中日ドラゴンズ,5.0,1.0,UNKNOWN,阪神甲子園球場,unknown,low,False,False,,,[],[],,,,,0,light,2024-07-26 18:00:00+00:00,,UNKNOWN,,,,UNKNOWN,UNKNOWN,,UNKNOWN,,,,,,,,,,,,,,,,,,,,,,,,,,,,,,,,False,False,UNKNOWN,False,False,,,,,,,,,,NPB,2024-07-26 18:00:00,1,,,0,
2021020540,2024-07-26 18:00:00,北海道日本ハムファイターズ,埼玉西武ライオンズ,1.0,1.0,UNKNOWN,ES CON FIELD HOKKAIDO,unknown,low,False,False,,,[],[],,,,,0,light,2024-07-26 18:00:00+00:00,,UNKNOWN,,,,UNKNOWN,UNKNOWN,,UNKNOWN,,,,,,,,,,,,,,,,,,,,,,,,,,,,,,,,False,False,UNKNOWN,False,False,,,,,,,,,,NPB,2024-07-26 18:00:00,1,,,0,
2021020541,2024-07-26 18:00:00,東北楽天ゴールデンイーグルス,千葉ロッテマリーンズ,1.0,6.0,UNKNOWN,楽天モバイルパーク宮城,unknown,low,False,False,,,[],[],,,,,0,light,2024-07-26 18:00:00+00:00,,UNKNOWN,,,,UNKNOWN,UNKNOWN,,UNKNOWN,,,,,,,,,,,,,,,,,,,,,,,,,,,,,,,,False,False,UNKNOWN,False,False,,,,,,,,,,NPB,2024-07-26 18:00:00,1,,,0,
2021020542,2024-07-26 18:30:00,福岡ソフトバンクホークス,オリックス・バファローズ,5.0,1.0,UNKNOWN,みずほPayPayドーム福岡,unknown,low,False,False,,,[],[],,,,,0,light,2024-07-26 18:30:00+00:00,,UNKNOWN,,,,UNKNOWN,UNKNOWN,,UNKNOWN,,,,,,,,,,,,,,,,,,,,,,,,,,,,,,,,False,False,UNKNOWN,False,False,,,,,,,,,,NPB,2024-07-26 18:30:00,1,,,0,
2021020546,2024-07-27 14:00:00,北海道日本ハムファイターズ,埼玉西武ライオンズ,1.0,3.0,UNKNOWN,ES CON FIELD HOKKAIDO,unknown,low,False,False,,,[],[],,,,,0,light,2024-07-27 14:00:00+00:00,,UNKNOWN,,,,UNKNOWN,UNKNOWN,,UNKNOWN,,,,,,,,,,,,,,,,,,,,,,,,,,,,,,,,False,False,UNKNOWN,False,False,,,,,,,,,,NPB,2024-07-27 14:00:00,1,,,0,
2021020543,2024-07-27 18:00:00,東京ヤクルトスワローズ,広島東洋カープ,3.0,0.0,UNKNOWN,明治神宮野球場,unknown,low,False,False,,,[],[],,,,,0,light,2024-07-27 18:00:00+00:00,,UNKNOWN,,,,UNKNOWN,UNKNOWN,,UNKNOWN,,,,,,,,,,,,,,,,,,,,,,,,,,,,,,,,False,False,UNKNOWN,False,False,,,,,,,,,,NPB,2024-07-27 18:00:00,1,,,0,
2021020544,2024-07-27 18:00:00,横浜DeNAベイスターズ,読売ジャイアンツ,1.0,2.0,UNKNOWN,横浜スタジアム,allstar,high,False,True,,,[],[],,,,,0,light,2024-07-27 18:00:00+00:00,,UNKNOWN,,,,UNKNOWN,UNKNOWN,,UNKNOWN,,,,,,,,,,,,,,,,,,,,,,,,,,,,,,,,False,False,UNKNOWN,False,False,,,,,,,,,,NPB,2024-07-27 18:00:00,1,,,0,
2021020545,2024-07-27 18:00:00,阪神タイガース,中日ドラゴンズ,7.0,3.0,UNKNOWN,阪神甲子園球場,unknown,low,False,False,,,[],[],,,,,0,light,2024-07-27 18:00:00+00:00,,UNKNOWN,,,,UNKNOWN,UNKNOWN,,UNKNOWN,,,,,,,,,,,,,,,,,,,,,,,,,,,,,,,,False,False,UNKNOWN,False,False,,,,,,,,,,NPB,2024-07-27 18:00:00,1,,,0,
2021020547,2024-07-27 18:00:00,東北楽天ゴールデンイーグルス,千葉ロッテマリーンズ,3.0,5.0,UNKNOWN,楽天モバイルパーク宮城,unknown,low,False,False,,,[],[],,,,,0,light,2024-07-27 18:00:00+00:00,,UNKNOWN,,,,UNKNOWN,UNKNOWN,,UNKNOWN,,,,,,,,,,,,,,,,,,,,,,,,,,,,,,,,False,False,UNKNOWN,False,False,,,,,,,,,,NPB,2024-07-27 18:00:00,1,,,0,
2021020548,2024-07-27 18:00:00,福岡ソフトバンクホークス,オリックス・バファローズ,3.0,0.0,UNKNOWN,みずほPayPayドーム福岡,unknown,low,False,False,,,[],[],,,,,0,light,2024-07-27 18:00:00+00:00,,UNKNOWN,,,,UNKNOWN,UNKNOWN,,UNKNOWN,,,,,,,,,,,,,,,,,,,,,,,,,,,,,,,,False,False,UNKNOWN,False,False,,,,,,,,,,NPB,2024-07-27 18:00:00,1,,,0,
2021020552,2024-07-28 13:00:00,北海道日本ハムファイターズ,埼玉西武ライオンズ,9.0,0.0,UNKNOWN,ES CON FIELD HOKKAIDO,unknown,low,False,False,,,[],[],,,,,0,light,2024-07-28 13:00:00+00:00,,UNKNOWN,,,,UNKNOWN,UNKNOWN,,UNKNOWN,,,,,,,,,,,,,,,,,,,,,,,,,,,,,,,,False,False,UNKNOWN,False,False,,,,,,,,,,NPB,2024-07-28 13:00:00,1,,,0,
2021020554,2024-07-28 13:00:00,福岡ソフトバンクホークス,オリックス・バファローズ,4.0,1.0,UNKNOWN,みずほPayPayドーム福岡,unknown,low,False,False,,,[],[],,,,,0,light,2024-07-28 13:00:00+00:00,,UNKNOWN,,,,UNKNOWN,UNKNOWN,,UNKNOWN,,,,,,,,,,,,,,,,,,,,,,,,,,,,,,,,False,False,UNKNOWN,False,False,,,,,,,,,,NPB,2024-07-28 13:00:00,1,,,0,
2021020553,2024-07-28 16:00:00,東北楽天ゴールデンイーグルス,千葉ロッテマリーンズ,8.0,7.0,UNKNOWN,楽天モバイルパーク宮城,excluded,high,False,False,,,[],[],,,,,0,light,2024-07-28 16:00:00+00:00,,UNKNOWN,,,,UNKNOWN,UNKNOWN,,UNKNOWN,,,,,,,,,,,,,,,,,,,,,,,,,,,,,,,,False,False,UNKNOWN,False,False,,,,,,,,,,NPB,2024-07-28 16:00:00,1,,,0,
2021020549,2024-07-28 18:00:00,東京ヤクルトスワローズ,広島東洋カープ,5.0,4.0,UNKNOWN,明治神宮野球場,excluded,high,False,False,,,[],[],,,,,0,light,2024-07-28 18:00:00+00:00,,UNKNOWN,,,,UNKNOWN,UNKNOWN,,UNKNOWN,,,,,,,,,,,,,,,,,,,,,,,,,,,,,,,,False,False,UNKNOWN,False,False,,,,,,,,,,NPB,2024-07-28 18:00:00,1,,,0,
2021020550,2024-07-28 18:00:00,横浜DeNAベイスターズ,読売ジャイアンツ,0.0,6.0,UNKNOWN,横浜スタジアム,unknown,low,False,False,,,[],[],,,,,0,light,2024-07-28 18:00:00+00:00,,UNKNOWN,,,,UNKNOWN,UNKNOWN,,UNKNOWN,,,,,,,,,,,,,,,,,,,,,,,,,,,,,,,,False,False,UNKNOWN,False,False,,,,,,,,,,NPB,2024-07-28 18:00:00,1,,,0,
2021020551,2024-07-28 18:00:00,阪神タイガース,中日ドラゴンズ,4.0,3.0,UNKNOWN,阪神甲子園球場,unknown,low,False,False,,,[],[],,,,,0,light,2024-07-28 18:00:00+00:00,,UNKNOWN,,,,UNKNOWN,UNKNOWN,,UNKNOWN,,,,,,,,,,,,,,,,,,,,,,,,,,,,,,,,False,False,UNKNOWN,False,False,,,,,,,,,,NPB,2024-07-28 18:00:00,1,,,0,
2021020555,2024-07-30 18:00:00,中日ドラゴンズ,東京ヤクルトスワローズ,6.0,0.0,UNKNOWN,バンテリンドーム ナゴヤ,unknown,low,False,False,,,[],[],,,,,0,light,2024-07-30 18:00:00+00:00,,UNKNOWN,,,,UNKNOWN,UNKNOWN,,UNKNOWN,,,,,,,,,,,,,,,,,,,,,,,,,,,,,,,,False,False,UNKNOWN,False,False,,,,,,,,,,NPB,2024-07-30 18:00:00,1,,,0,
2021020556,2024-07-30 18:00:00,阪神タイガース,読売ジャイアンツ,5.0,1.0,UNKNOWN,阪神甲子園球場,unknown,low,False,False,,,[],[],,,,,0,light,2024-07-30 18:00:00+00:00,,UNKNOWN,,,,UNKNOWN,UNKNOWN,,UNKNOWN,,,,,,,,,,,,,,,,,,,,,,,,,,,,,,,,False,False,UNKNOWN,False,False,,,,,,,,,,NPB,2024-07-30 18:00:00,1,,,0,
2021020557,2024-07-30 18:00:00,広島東洋カープ,横浜DeNAベイスターズ,6.0,3.0,UNKNOWN,MAZDA Zoom-Zoom スタジアム広島,allstar,high,False,True,,,[],[],,,,,0,light,2024-07-30 18:00:00+00:00,,UNKNOWN,,,,UNKNOWN,UNKNOWN,,UNKNOWN,,,,,,,,,,,,,,,,,,,,,,,,,,,,,,,,False,False,UNKNOWN,False,False,,,,,,,,,,NPB,2024-07-30 18:00:00,1,,,0,
2021020558,2024-07-30 18:00:00,北海道日本ハムファイターズ,オリックス・バファローズ,3.0,3.0,UNKNOWN,ES CON FIELD HOKKAIDO,unknown,low,False,False,,,[],[],,,,,0,light,2024-07-30 18:00:00+00:00,,UNKNOWN,,,,UNKNOWN,UNKNOWN,,UNKNOWN,,,,,,,,,,,,,,,,,,,,,,,,,,,,,,,,False,False,UNKNOWN,False,False,,,,,,,,,,NPB,2024-07-30 18:00:00,1,,,0,
2021020559,2024-07-30 18:00:00,東北楽天ゴールデンイーグルス,福岡ソフトバンクホークス,1.0,10.0,UNKNOWN,楽天モバイルパーク宮城,unknown,low,False,False,,,[],[],,,,,0,light,2024-07-30 18:00:00+00:00,,UNKNOWN,,,,UNKNOWN,UNKNOWN,,UNKNOWN,,,,,,,,,,,,,,,,,,,,,,,,,,,,,,,,False,False,UNKNOWN,False,False,,,,,,,,,,NPB,2024-07-30 18:00:00,1,,,0,
2021020560,2024-07-30 18:00:00,千葉ロッテマリーンズ,埼玉西武ライオンズ,7.0,6.0,UNKNOWN,ZOZOマリンスタジアム,unknown,low,False,False,,,[],[],,,,,0,light,2024-07-30 18:00:00+00:00,,UNKNOWN,,,,UNKNOWN,UNKNOWN,,UNKNOWN,,,,,,,,,,,,,,,,,,,,,,,,,,,,,,,,False,False,UNKNOWN,False,False,,,,,,,,,,NPB,2024-07-30 18:00:00,1,,,0,
2021020561,2024-07-31 18:00:00,中日ドラゴンズ,東京ヤクルトスワローズ,1.0,0.0,UNKNOWN,バンテリンドーム ナゴヤ,unknown,low,False,False,,,[],[],,,,,0,light,2024-07-31 18:00:00+00:00,,UNKNOWN,,,,UNKNOWN,UNKNOWN,,UNKNOWN,,,,,,,,,,,,,,,,,,,,,,,,,,,,,,,,False,False,UNKNOWN,False,False,,,,,,,,,,NPB,2024-07-31 18:00:00,1,,,0,
2021020562,2024-07-31 18:00:00,阪神タイガース,読売ジャイアンツ,9.0,6.0,UNKNOWN,阪神甲子園球場,unknown,low,False,False,1961407.0,1900046.0,[],[],,,,,0,light,2024-07-31 18:00:00+00:00,,UNKNOWN,,,,UNKNOWN,UNKNOWN,,UNKNOWN,,9.0,2.75,9.0,11.25,0.0,4.95,4.0,4.0,6.0,0.0,5.0,4.0,,,,3.6,1.2,7.2,3.6,0.0,2.8000000000000003,5.0,2.0,4.0,0.0,2.0,4.0,,,,True,True,UNKNOWN,False,False,,,,,,,,,,NPB,2024-07-31 18:00:00,1,,,0,
2021020563,2024-07-31 18:00:00,広島東洋カープ,横浜DeNAベイスターズ,2.0,1.0,UNKNOWN,MAZDA Zoom-Zoom スタジアム広島,unknown,low,False,False,1700058.0,1600123.0,[],[],,,,,0,light,2024-07-31 18:00:00+00:00,,UNKNOWN,,,,UNKNOWN,UNKNOWN,,UNKNOWN,,3.0,0.8333333333333334,4.5,0.0,0.0,2.2,6.0,2.0,5.0,0.0,0.0,3.0,,,,1.2857142857142858,1.4285714285714286,2.571428571428572,2.571428571428572,0.0,3.4857142857142858,7.0,1.0,8.0,0.0,2.0,2.0,,,,True,True,UNKNOWN,False,False,,,,,,,,,,NPB,2024-07-31 18:00:00,1,,,0,
2021020564,2024-07-31 18:00:00,北海道日本ハムファイターズ,オリックス・バファローズ,9.0,2.0,UNKNOWN,ES CON FIELD HOKKAIDO,unknown,low,False,False,2107849.0,1400195.0,[],[],,,,,0,light,2024-07-31 18:00:00+00:00,,UNKNOWN,,,,UNKNOWN,UNKNOWN,,UNKNOWN,,12.461538461538462,2.307692307692308,4.153846153846154,2.076923076923077,0.0,2.9692307692307693,4.333333333333333,6.0,9.0,0.0,1.0,2.0,,,,1.5,0.8333333333333334,4.5,0.0,0.0,2.2,6.0,1.0,5.0,0.0,0.0,3.0,,,,True,True,UNKNOWN,False,False,,,,,,,,,,NPB,2024-07-31 18:00:00,1,,,0,
2021020565,2024-07-31 18:00:00,東北楽天ゴールデンイーグルス,福岡ソフトバンクホークス,3.0,2.0,UNKNOWN,楽天モバイルパーク宮城,unknown,low,False,False,1550517.0,2110316.0,[],[],,,,,0,light,2024-07-31 18:00:00+00:00,,UNKNOWN,,,,UNKNOWN,UNKNOWN,,UNKNOWN,,3.857142857142857,0.8571428571428571,6.428571428571429,0.0,1.2857142857142858,3.628571428571429,7.0,3.0,6.0,1.0,0.0,5.0,,,,3.0,0.5,3.0,1.5,0.0,3.0333333333333337,6.0,2.0,2.0,0.0,1.0,2.0,,,,True,True,UNKNOWN,False,False,,,,,,,,,,NPB,2024-07-31 18:00:00,1,,,0,
2021020566,2024-07-31 18:00:00,千葉ロッテマリーンズ,埼玉西武ライオンズ,6.0,2.0,UNKNOWN,ZOZOマリンスタジアム,unknown,low,False,False,2106286.0,1700002.0,[],[],,,,,0,light,2024-07-31 18:00:00+00:00,,UNKNOWN,,,,UNKNOWN,UNKNOWN,,UNKNOWN,,9.0,2.25,2.25,2.25,6.75,13.2,4.0,4.0,8.0,3.0,1.0,1.0,,,,2.571428571428572,0.8571428571428571,3.857142857142857,1.2857142857142858,1.2857142857142858,4.628571428571429,7.0,2.0,5.0,1.0,1.0,3.0,,,,True,True,UNKNOWN,False,False,,,,,,,,,,NPB,2024-07-31 18:00:00,1,,,0,
2021020570,2024-08-01 14:00:00,北海道日本ハムファイターズ,オリックス・バファローズ,7.0,6.0,UNKNOWN,ES CON FIELD HOKKAIDO,excluded,high,False,False,1750543.0,1900129.0,[],[],,,,,0,light,2024-08-01 14:00:00+00:00,,UNKNOWN,,,,UNKNOWN,UNKNOWN,,UNKNOWN,,12.0,1.6666666666666667,6.0,0.0,6.0,10.533333333333331,3.0,4.0,5.0,2.0,0.0,2.0,,,,15.0,3.0,6.0,0.0,6.0,10.533333333333331,3.0,5.0,9.0,2.0,0.0,2.0,,,,True,True,UNKNOWN,False,False,,,,,,,,,,NPB,2024-08-01 14:00:00,1,,,0,
2021020567,2024-08-01 18:00:00,中日ドラゴンズ,東京ヤクルトスワローズ,3.0,2.0,UNKNOWN,バンテリンドーム ナゴヤ,unknown,low,False,False,2103794.0,1800060.0,[],[],,,,,0,light,2024-08-01 18:00:00+00:00,,UNKNOWN,,,,UNKNOWN,UNKNOWN,,UNKNOWN,,1.2272727272727273,0.9545454545454546,6.136363636363637,4.909090909090909,0.0,3.472727272727273,7.333333333333333,1.0,3.0,0.0,4.0,5.0,,,,2.571428571428572,1.2857142857142858,6.428571428571429,3.857142857142857,1.2857142857142858,4.914285714285715,7.0,2.0,6.0,1.0,3.0,5.0,,,,True,True,UNKNOWN,False,False,,,,,,,,,,NPB,2024-08-01 18:00:00,1,,,0,
2021020568,2024-08-01 18:00:00,阪神タイガース,読売ジャイアンツ,9.0,2.0,UNKNOWN,阪神甲子園球場,unknown,low,False,False,1800028.0,2100915.0,[],[],,,,,0,light,2024-08-01 18:00:00+00:00,,UNKNOWN,,,,UNKNOWN,UNKNOWN,,UNKNOWN,,10.8,2.6,7.2,9.0,0.0,4.6,5.0,6.0,8.0,0.0,5.0,4.0,,,,3.0,0.6666666666666666,7.5,1.5,1.5,4.2,6.0,2.0,3.0,1.0,1.0,5.0,,,,True,True,UNKNOWN,False,False,,,,,,,,,,NPB,2024-08-01 18:00:00,1,,,0,
2021020569,2024-08-01 18:00:00,広島東洋カープ,横浜DeNAベイスターズ,2.0,1.0,UNKNOWN,MAZDA Zoom-Zoom スタジアム広島,unknown,low,False,False,2112182.0,1300057.0,[],[],,,,,0,light,2024-08-01 18:00:00+00:00,,UNKNOWN,,,,UNKNOWN,UNKNOWN,,UNKNOWN,,1.8,1.0,7.2,0.0,0.0,1.6,5.0,1.0,5.0,0.0,0.0,4.0,,,,1.2857142857142858,1.4285714285714286,6.428571428571429,3.857142857142857,0.0,3.0571428571428574,7.0,1.0,7.0,0.0,3.0,5.0,,,,True,True,UNKNOWN,False,False,,,,,,,,,,NPB,2024-08-01 18:00:00,1,,,0,
2021020571,2024-08-01 18:00:00,東北楽天ゴールデンイーグルス,福岡ソフトバンクホークス,0.0,7.0,UNKNOWN,東京ドーム,unknown,low,False,False,2110167.0,2000123.0,[],[],,,,,0,light,2024-08-01 18:00:00+00:00,,UNKNOWN,,,,UNKNOWN,UNKNOWN,,UNKNOWN,,0.0,0.8181818181818182,2.4545454545454546,2.4545454545454546,0.0,3.472727272727273,3.6666666666666665,0.0,2.0,0.0,1.0,1.0,,,,10.5,1.6666666666666667,4.5,3.0,1.5,5.366666666666667,6.0,7.0,8.0,1.0,2.0,3.0,,,,True,True,UNKNOWN,False,False,2024-08-01 09:00:00+00:00,,UNKNOWN,Open-Meteo Historical Forecast,FAIL_CLOSED_NO_ISSUANCE_TIMESTAMP,29.7,69.0,0.0,5.4,NPB,2024-08-01 18:00:00,1,,,0,
2021020571,2024-08-01 18:00:00,東北楽天ゴールデンイーグルス,福岡ソフトバンクホークス,0.0,7.0,UNKNOWN,東京ドーム,unknown,low,False,False,2110167.0,2000123.0,[],[],,,,,0,light,2024-08-01 18:00:00+00:00,,UNKNOWN,,,,UNKNOWN,UNKNOWN,,UNKNOWN,,0.0,0.8181818181818182,2.4545454545454546,2.4545454545454546,0.0,3.472727272727273,3.6666666666666665,0.0,2.0,0.0,1.0,1.0,,,,10.5,1.6666666666666667,4.5,3.0,1.5,5.366666666666667,6.0,7.0,8.0,1.0,2.0,3.0,,,,True,True,UNKNOWN,False,False,2024-08-01 09:00:00+00:00,,UNKNOWN,Open-Meteo Historical Forecast,FAIL_CLOSED_NO_ISSUANCE_TIMESTAMP,29.7,69.0,0.0,5.4,NPB,2024-08-01 18:00:00,1,,,0,
2021020572,2024-08-01 18:00:00,千葉ロッテマリーンズ,埼玉西武ライオンズ,4.0,1.0,UNKNOWN,ZOZOマリンスタジアム,excluded,high,False,False,1700125.0,1900080.0,[],[],,,,,0,light,2024-08-01 18:00:00+00:00,,UNKNOWN,,,,UNKNOWN,UNKNOWN,,UNKNOWN,,6.75,1.125,5.0625,5.0625,3.375,8.6375,5.333333333333333,4.0,3.0,2.0,3.0,3.0,,,,1.8,0.8,5.4,1.8,0.0,2.6,5.0,1.0,3.0,0.0,1.0,3.0,,,,True,True,UNKNOWN,False,False,,,,,,,,,,NPB,2024-08-01 18:00:00,1,,,0,
2021020573,2024-08-02 18:00:00,読売ジャイアンツ,東京ヤクルトスワローズ,2.0,4.0,UNKNOWN,東京ドーム,unknown,low,False,False,1900024.0,2103689.0,[],[],,,,,0,light,2024-08-02 18:00:00+00:00,,UNKNOWN,,,,UNKNOWN,UNKNOWN,,UNKNOWN,,0.0,0.3333333333333333,3.0,0.0,0.0,2.5333333333333337,6.0,0.0,2.0,0.0,0.0,2.0,,,,4.5,1.1666666666666667,4.5,4.5,0.0,3.7,6.0,3.0,4.0,0.0,3.0,3.0,,,,True,True,UNKNOWN,False,False,2024-08-02 09:00:00+00:00,,UNKNOWN,Open-Meteo Historical Forecast,FAIL_CLOSED_NO_ISSUANCE_TIMESTAMP,30.3,72.0,0.0,4.7,NPB,2024-08-02 18:00:00,1,,,0,
2021020573,2024-08-02 18:00:00,読売ジャイアンツ,東京ヤクルトスワローズ,2.0,4.0,UNKNOWN,東京ドーム,unknown,low,False,False,1900024.0,2103689.0,[],[],,,,,0,light,2024-08-02 18:00:00+00:00,,UNKNOWN,,,,UNKNOWN,UNKNOWN,,UNKNOWN,,0.0,0.3333333333333333,3.0,0.0,0.0,2.5333333333333337,6.0,0.0,2.0,0.0,0.0,2.0,,,,4.5,1.1666666666666667,4.5,4.5,0.0,3.7,6.0,3.0,4.0,0.0,3.0,3.0,,,,True,True,UNKNOWN,False,False,2024-08-02 09:00:00+00:00,,UNKNOWN,Open-Meteo Historical Forecast,FAIL_CLOSED_NO_ISSUANCE_TIMESTAMP,30.3,72.0,0.0,4.7,NPB,2024-08-02 18:00:00,1,,,0,
2021020574,2024-08-02 18:00:00,横浜DeNAベイスターズ,阪神タイガース,2.0,4.0,UNKNOWN,横浜スタジアム,unknown,low,False,False,2000055.0,2103904.0,[],[],,,,,0,light,2024-08-02 18:00:00+00:00,,UNKNOWN,,,,UNKNOWN,UNKNOWN,,UNKNOWN,,2.4545454545454546,1.090909090909091,6.136363636363637,2.4545454545454546,0.0,2.6545454545454548,7.333333333333333,2.0,6.0,0.0,2.0,5.0,,,,6.75,1.3125,13.5,3.375,0.0,1.3250000000000002,5.333333333333333,4.0,5.0,0.0,2.0,8.0,,,,True,True,UNKNOWN,False,False,,,,,,,,,,NPB,2024-08-02 18:00:00,1,,,0,
2021020575,2024-08-02 18:00:00,広島東洋カープ,中日ドラゴンズ,1.0,0.0,UNKNOWN,MAZDA Zoom-Zoom スタジアム広島,excluded,high,False,False,1500074.0,1100081.0,[],[],,,,,0,light,2024-08-02 18:00:00+00:00,,UNKNOWN,,,,UNKNOWN,UNKNOWN,,UNKNOWN,,1.5,1.1666666666666667,3.0,0.0,0.0,2.5333333333333337,6.0,1.0,7.0,0.0,0.0,2.0,,,,0.0,1.4,7.2,1.8,0.0,2.2,5.0,0.0,6.0,0.0,1.0,4.0,,,,True,True,UNKNOWN,False,False,,,,,,,,,,NPB,2024-08-02 18:00:00,1,,,0,
2021020576,2024-08-02 18:00:00,埼玉西武ライオンズ,東北楽天ゴールデンイーグルス,2.0,3.0,UNKNOWN,ベルーナドーム,unknown,low,False,False,2000126.0,1600127.0,[],[],,,,,0,light,2024-08-02 18:00:00+00:00,,UNKNOWN,,,,UNKNOWN,UNKNOWN,,UNKNOWN,,3.6,1.2,3.6,1.8,1.8,5.6,5.0,2.0,5.0,1.0,1.0,2.0,,,,3.857142857142857,1.1428571428571428,10.285714285714286,2.571428571428572,1.2857142857142858,3.628571428571429,7.0,3.0,6.0,1.0,2.0,8.0,,,,True,True,UNKNOWN,False,False,2024-08-02 09:00:00+00:00,,UNKNOWN,Open-Meteo Historical Forecast,FAIL_CLOSED_NO_ISSUANCE_TIMESTAMP,29.9,71.0,0.0,6.1,NPB,2024-08-02 18:00:00,1,,,0,
2021020576,2024-08-02 18:00:00,埼玉西武ライオンズ,東北楽天ゴールデンイーグルス,2.0,3.0,UNKNOWN,ベルーナドーム,unknown,low,False,False,2000126.0,1600127.0,[],[],,,,,0,light,2024-08-02 18:00:00+00:00,,UNKNOWN,,,,UNKNOWN,UNKNOWN,,UNKNOWN,,3.6,1.2,3.6,1.8,1.8,5.6,5.0,2.0,5.0,1.0,1.0,2.0,,,,3.857142857142857,1.1428571428571428,10.285714285714286,2.571428571428572,1.2857142857142858,3.628571428571429,7.0,3.0,6.0,1.0,2.0,8.0,,,,True,True,UNKNOWN,False,False,2024-08-02 09:00:00+00:00,,UNKNOWN,Open-Meteo Historical Forecast,FAIL_CLOSED_NO_ISSUANCE_TIMESTAMP,29.9,71.0,0.0,6.1,NPB,2024-08-02 18:00:00,1,,,0,
2021020577,2024-08-02 18:00:00,オリックス・バファローズ,千葉ロッテマリーンズ,2.0,3.0,UNKNOWN,京セラドーム大阪,unknown,low,False,False,1300050.0,1900087.0,[],[],,,,,0,light,2024-08-02 18:00:00+00:00,,UNKNOWN,,,,UNKNOWN,UNKNOWN,,UNKNOWN,,0.0,1.0,5.4,0.0,0.0,2.0,5.0,0.0,5.0,0.0,0.0,3.0,,,,3.375,1.125,2.25,2.25,0.0,3.45,8.0,3.0,7.0,0.0,2.0,2.0,,,,True,True,UNKNOWN,False,False,,,,,,,,,,NPB,2024-08-02 18:00:00,1,,,0,
2021020578,2024-08-02 18:30:00,福岡ソフトバンクホークス,北海道日本ハムファイターズ,6.0,4.0,UNKNOWN,みずほPayPayドーム福岡,unknown,low,False,False,1500110.0,1900010.0,[],[],,,,,0,light,2024-08-02 18:30:00+00:00,,UNKNOWN,,,,UNKNOWN,UNKNOWN,,UNKNOWN,,11.25,2.0,13.5,0.0,6.75,9.95,4.0,5.0,8.0,3.0,0.0,6.0,,,,3.6,1.4,5.4,3.6,1.8,5.800000000000001,5.0,2.0,5.0,1.0,2.0,3.0,,,,True,True,UNKNOWN,False,False,,,,,,,,,,NPB,2024-08-02 18:30:00,1,,,0,
2021020584,2024-08-03 14:00:00,福岡ソフトバンクホークス,北海道日本ハムファイターズ,7.0,8.0,UNKNOWN,みずほPayPayドーム福岡,excluded,high,False,False,2000083.0,1400117.0,[],[],,,,,0,light,2024-08-03 14:00:00+00:00,,UNKNOWN,,,,UNKNOWN,UNKNOWN,,UNKNOWN,,15.428571428571429,3.0,7.7142857142857135,11.571428571428571,0.0,5.342857142857143,2.333333333333333,4.0,4.0,0.0,3.0,2.0,,,,6.428571428571429,1.2857142857142858,7.714285714285714,1.2857142857142858,2.571428571428572,5.628571428571428,7.0,5.0,8.0,2.0,1.0,6.0,,,,True,True,UNKNOWN,False,False,,,,,,,,,,NPB,2024-08-03 14:00:00,1,,,0,
2021020583,2024-08-03 15:00:00,オリックス・バファローズ,千葉ロッテマリーンズ,5.0,1.0,UNKNOWN,京セラドーム大阪,unknown,low,False,False,900081.0,1700109.0,[],[],,,,,0,light,2024-08-03 15:00:00+00:00,,UNKNOWN,,,,UNKNOWN,UNKNOWN,,UNKNOWN,,9.0,2.0,9.0,1.8,0.0,1.8000000000000005,5.0,5.0,9.0,0.0,1.0,5.0,,,,1.125,0.875,4.5,1.125,0.0,2.575,8.0,1.0,6.0,0.0,1.0,4.0,,,,True,True,UNKNOWN,False,False,,,,,,,,,,NPB,2024-08-03 15:00:00,1,,,0,
2021020582,2024-08-03 17:00:00,埼玉西武ライオンズ,東北楽天ゴールデンイーグルス,7.0,0.0,UNKNOWN,ベルーナドーム,unknown,low,False,False,1900117.0,2105080.0,[],[],,,,,0,light,2024-08-03 17:00:00+00:00,,UNKNOWN,,,,UNKNOWN,UNKNOWN,,UNKNOWN,,5.142857142857143,1.2857142857142858,2.571428571428572,2.571428571428572,0.0,3.4857142857142858,7.0,4.0,7.0,0.0,2.0,2.0,,,,0.0,0.8571428571428571,6.428571428571429,1.2857142857142858,0.0,2.2,7.0,0.0,5.0,0.0,1.0,5.0,,,,True,True,UNKNOWN,False,False,2024-08-03 08:00:00+00:00,,UNKNOWN,Open-Meteo Historical Forecast,FAIL_CLOSED_NO_ISSUANCE_TIMESTAMP,31.9,62.0,0.0,5.7,NPB,2024-08-03 17:00:00,1,,,0,
2021020582,2024-08-03 17:00:00,埼玉西武ライオンズ,東北楽天ゴールデンイーグルス,7.0,0.0,UNKNOWN,ベルーナドーム,unknown,low,False,False,1900117.0,2105080.0,[],[],,,,,0,light,2024-08-03 17:00:00+00:00,,UNKNOWN,,,,UNKNOWN,UNKNOWN,,UNKNOWN,,5.142857142857143,1.2857142857142858,2.571428571428572,2.571428571428572,0.0,3.4857142857142858,7.0,4.0,7.0,0.0,2.0,2.0,,,,0.0,0.8571428571428571,6.428571428571429,1.2857142857142858,0.0,2.2,7.0,0.0,5.0,0.0,1.0,5.0,,,,True,True,UNKNOWN,False,False,2024-08-03 08:00:00+00:00,,UNKNOWN,Open-Meteo Historical Forecast,FAIL_CLOSED_NO_ISSUANCE_TIMESTAMP,31.9,62.0,0.0,5.7,NPB,2024-08-03 17:00:00,1,,,0,
2021020579,2024-08-03 18:00:00,読売ジャイアンツ,東京ヤクルトスワローズ,8.0,4.0,UNKNOWN,東京ドーム,unknown,low,False,False,1500042.0,1900019.0,[],[],,,,,0,light,2024-08-03 18:00:00+00:00,,UNKNOWN,,,,UNKNOWN,UNKNOWN,,UNKNOWN,,15.75,2.5,9.0,0.0,6.75,10.95,4.0,7.0,10.0,3.0,0.0,4.0,,,,5.785714285714286,1.9285714285714284,11.571428571428571,7.7142857142857135,1.9285714285714284,5.985714285714286,4.666666666666667,3.0,5.0,1.0,4.0,6.0,,,,True,True,UNKNOWN,False,False,2024-08-03 09:00:00+00:00,,UNKNOWN,Open-Meteo Historical Forecast,FAIL_CLOSED_NO_ISSUANCE_TIMESTAMP,31.0,68.0,0.0,3.9,NPB,2024-08-03 18:00:00,1,,,0,
2021020579,2024-08-03 18:00:00,読売ジャイアンツ,東京ヤクルトスワローズ,8.0,4.0,UNKNOWN,東京ドーム,unknown,low,False,False,1500042.0,1900019.0,[],[],,,,,0,light,2024-08-03 18:00:00+00:00,,UNKNOWN,,,,UNKNOWN,UNKNOWN,,UNKNOWN,,15.75,2.5,9.0,0.0,6.75,10.95,4.0,7.0,10.0,3.0,0.0,4.0,,,,5.785714285714286,1.9285714285714284,11.571428571428571,7.7142857142857135,1.9285714285714284,5.985714285714286,4.666666666666667,3.0,5.0,1.0,4.0,6.0,,,,True,True,UNKNOWN,False,False,2024-08-03 09:00:00+00:00,,UNKNOWN,Open-Meteo Historical Forecast,FAIL_CLOSED_NO_ISSUANCE_TIMESTAMP,31.0,68.0,0.0,3.9,NPB,2024-08-03 18:00:00,1,,,0,
2021020580,2024-08-03 18:00:00,横浜DeNAベイスターズ,阪神タイガース,10.0,4.0,UNKNOWN,横浜スタジアム,unknown,low,False,False,1700137.0,2105707.0,[],[],,,,,0,light,2024-08-03 18:00:00+00:00,,UNKNOWN,,,,UNKNOWN,UNKNOWN,,UNKNOWN,,6.0,1.0,4.5,1.5,3.0,7.033333333333333,6.0,4.0,5.0,2.0,1.0,3.0,,,,6.75,1.75,6.75,2.25,4.5,8.95,4.0,3.0,6.0,2.0,1.0,3.0,,,,True,True,UNKNOWN,False,False,,,,,,,,,,NPB,2024-08-03 18:00:00,1,,,0,
2021020581,2024-08-03 18:00:00,広島東洋カープ,中日ドラゴンズ,4.0,1.0,UNKNOWN,MAZDA Zoom-Zoom スタジアム広島,excluded,high,False,False,1000138.0,1900052.0,[],[],,,,,0,light,2024-08-03 18:00:00+00:00,,UNKNOWN,,,,UNKNOWN,UNKNOWN,,UNKNOWN,,1.8,1.6,0.0,1.8,0.0,3.8,5.0,1.0,7.0,0.0,1.0,0.0,,,,1.125,1.0,9.0,1.125,0.0,1.5750000000000002,8.0,1.0,7.0,0.0,1.0,8.0,,,,True,True,UNKNOWN,False,False,,,,,,,,,,NPB,2024-08-03 18:00:00,1,,,0,
2021020589,2024-08-04 13:00:00,オリックス・バファローズ,千葉ロッテマリーンズ,0.0,3.0,UNKNOWN,京セラドーム大阪,unknown,low,False,False,1600146.0,1750595.0,[],[],,,,,0,light,2024-08-04 13:00:00+00:00,,UNKNOWN,,,,UNKNOWN,UNKNOWN,,UNKNOWN,,0.0,0.7142857142857143,10.285714285714286,1.2857142857142858,0.0,1.342857142857143,7.0,0.0,4.0,0.0,1.0,8.0,,,,1.2857142857142858,0.8571428571428571,7.714285714285714,1.2857142857142858,1.2857142857142858,3.7714285714285714,7.0,1.0,5.0,1.0,1.0,6.0,,,,True,True,UNKNOWN,False,False,,,,,,,,,,NPB,2024-08-04 13:00:00,1,,,0,
2021020590,2024-08-04 13:00:00,福岡ソフトバンクホークス,北海道日本ハムファイターズ,3.0,2.0,UNKNOWN,みずほPayPayドーム福岡,unknown,low,False,False,2000079.0,1900106.0,[],[],,,,,0,light,2024-08-04 13:00:00+00:00,,UNKNOWN,,,,UNKNOWN,UNKNOWN,,UNKNOWN,,1.2857142857142858,0.4285714285714285,9.0,0.0,1.2857142857142858,3.0571428571428574,7.0,1.0,3.0,1.0,0.0,7.0,,,,2.25,0.5,7.875,2.25,1.125,3.825,8.0,2.0,2.0,1.0,2.0,7.0,,,,True,True,UNKNOWN,False,False,,,,,,,,,,NPB,2024-08-04 13:00:00,1,,,0,
2021020585,2024-08-04 14:00:00,読売ジャイアンツ,東京ヤクルトスワローズ,4.0,1.0,UNKNOWN,東京ドーム,unknown,low,False,False,12113.0,1200041.0,[],[],,,,,0,light,2024-08-04 14:00:00+00:00,,UNKNOWN,,,,UNKNOWN,UNKNOWN,,UNKNOWN,,3.6,1.4,1.8,3.6,0.0,4.0,5.0,2.0,5.0,0.0,2.0,1.0,,,,1.2857142857142858,0.8571428571428571,5.142857142857143,1.2857142857142858,0.0,2.4857142857142858,7.0,1.0,5.0,0.0,1.0,4.0,,,,True,True,UNKNOWN,False,False,2024-08-04 05:00:00+00:00,,UNKNOWN,Open-Meteo Historical Forecast,FAIL_CLOSED_NO_ISSUANCE_TIMESTAMP,34.2,60.0,0.0,4.8,NPB,2024-08-04 14:00:00,1,,,0,
2021020585,2024-08-04 14:00:00,読売ジャイアンツ,東京ヤクルトスワローズ,4.0,1.0,UNKNOWN,東京ドーム,unknown,low,False,False,12113.0,1200041.0,[],[],,,,,0,light,2024-08-04 14:00:00+00:00,,UNKNOWN,,,,UNKNOWN,UNKNOWN,,UNKNOWN,,3.6,1.4,1.8,3.6,0.0,4.0,5.0,2.0,5.0,0.0,2.0,1.0,,,,1.2857142857142858,0.8571428571428571,5.142857142857143,1.2857142857142858,0.0,2.4857142857142858,7.0,1.0,5.0,0.0,1.0,4.0,,,,True,True,UNKNOWN,False,False,2024-08-04 05:00:00+00:00,,UNKNOWN,Open-Meteo Historical Forecast,FAIL_CLOSED_NO_ISSUANCE_TIMESTAMP,34.2,60.0,0.0,4.8,NPB,2024-08-04 14:00:00,1,,,0,
2021020588,2024-08-04 17:00:00,埼玉西武ライオンズ,東北楽天ゴールデンイーグルス,5.0,10.0,UNKNOWN,ベルーナドーム,unknown,low,False,False,1900114.0,2103657.0,[],[],,,,,0,light,2024-08-04 17:00:00+00:00,,UNKNOWN,,,,UNKNOWN,UNKNOWN,,UNKNOWN,,6.0,1.6666666666666667,6.0,3.0,0.0,2.8666666666666667,3.0,2.0,4.0,0.0,1.0,2.0,,,,10.125,1.5,3.375,3.375,3.375,8.45,2.6666666666666665,3.0,3.0,1.0,1.0,1.0,,,,True,True,UNKNOWN,False,False,2024-08-04 08:00:00+00:00,,UNKNOWN,Open-Meteo Historical Forecast,FAIL_CLOSED_NO_ISSUANCE_TIMESTAMP,32.3,63.0,0.0,7.2,NPB,2024-08-04 17:00:00,1,,,0,
2021020588,2024-08-04 17:00:00,埼玉西武ライオンズ,東北楽天ゴールデンイーグルス,5.0,10.0,UNKNOWN,ベルーナドーム,unknown,low,False,False,1900114.0,2103657.0,[],[],,,,,0,light,2024-08-04 17:00:00+00:00,,UNKNOWN,,,,UNKNOWN,UNKNOWN,,UNKNOWN,,6.0,1.6666666666666667,6.0,3.0,0.0,2.8666666666666667,3.0,2.0,4.0,0.0,1.0,2.0,,,,10.125,1.5,3.375,3.375,3.375,8.45,2.6666666666666665,3.0,3.0,1.0,1.0,1.0,,,,True,True,UNKNOWN,False,False,2024-08-04 08:00:00+00:00,,UNKNOWN,Open-Meteo Historical Forecast,FAIL_CLOSED_NO_ISSUANCE_TIMESTAMP,32.3,63.0,0.0,7.2,NPB,2024-08-04 17:00:00,1,,,0,
2021020586,2024-08-04 18:00:00,横浜DeNAベイスターズ,阪神タイガース,0.0,4.0,UNKNOWN,横浜スタジアム,allstar,high,False,True,900062.0,1961374.0,[],[],,,,,0,light,2024-08-04 18:00:00+00:00,,UNKNOWN,,,,UNKNOWN,UNKNOWN,,UNKNOWN,,0.0,1.0,5.4,5.4,0.0,3.8,5.0,0.0,2.0,0.0,3.0,3.0,,,,7.2,1.8,10.8,1.8,1.8,4.0,5.0,4.0,8.0,1.0,1.0,6.0,,,,True,True,UNKNOWN,False,False,,,,,,,,,,NPB,2024-08-04 18:00:00,1,,,0,
2021020587,2024-08-04 18:00:00,広島東洋カープ,中日ドラゴンズ,6.0,4.0,UNKNOWN,MAZDA Zoom-Zoom スタジアム広島,excluded,high,False,False,1800059.0,1300058.0,[],[],,,,,0,light,2024-08-04 18:00:00+00:00,,UNKNOWN,,,,UNKNOWN,UNKNOWN,,UNKNOWN,,15.0,3.0,3.0,3.0,3.0,7.866666666666667,3.0,5.0,8.0,1.0,1.0,1.0,,,,4.5,1.5,4.5,0.0,0.0,2.2,6.0,3.0,9.0,0.0,0.0,3.0,,,,True,True,UNKNOWN,False,False,,,,,,,,,,NPB,2024-08-04 18:00:00,1,,,0,
2021020591,2024-08-06 18:00:00,読売ジャイアンツ,広島東洋カープ,0.0,5.0,UNKNOWN,東京ドーム,unknown,low,False,False,1600125.0,2000006.0,[],[],,,,,0,light,2024-08-06 18:00:00+00:00,,UNKNOWN,,,,UNKNOWN,UNKNOWN,,UNKNOWN,,0.0,0.6666666666666666,3.0,3.0,0.0,3.5333333333333337,9.0,0.0,3.0,0.0,3.0,3.0,,,,7.5,1.5,9.0,1.5,3.0,6.033333333333333,6.0,5.0,8.0,2.0,1.0,6.0,,,,True,True,UNKNOWN,False,False,2024-08-06 09:00:00+00:00,,UNKNOWN,Open-Meteo Historical Forecast,FAIL_CLOSED_NO_ISSUANCE_TIMESTAMP,30.2,73.0,0.0,1.4,NPB,2024-08-06 18:00:00,1,,,0,
2021020591,2024-08-06 18:00:00,読売ジャイアンツ,広島東洋カープ,0.0,5.0,UNKNOWN,東京ドーム,unknown,low,False,False,1600125.0,2000006.0,[],[],,,,,0,light,2024-08-06 18:00:00+00:00,,UNKNOWN,,,,UNKNOWN,UNKNOWN,,UNKNOWN,,0.0,0.6666666666666666,3.0,3.0,0.0,3.5333333333333337,9.0,0.0,3.0,0.0,3.0,3.0,,,,7.5,1.5,9.0,1.5,3.0,6.033333333333333,6.0,5.0,8.0,2.0,1.0,6.0,,,,True,True,UNKNOWN,False,False,2024-08-06 09:00:00+00:00,,UNKNOWN,Open-Meteo Historical Forecast,FAIL_CLOSED_NO_ISSUANCE_TIMESTAMP,30.2,73.0,0.0,1.4,NPB,2024-08-06 18:00:00,1,,,0,
2021020592,2024-08-06 18:00:00,東京ヤクルトスワローズ,阪神タイガース,5.0,4.0,UNKNOWN,明治神宮野球場,unknown,low,False,False,1600115.0,2060039.0,[],[],,,,,0,light,2024-08-06 18:00:00+00:00,,UNKNOWN,,,,UNKNOWN,UNKNOWN,,UNKNOWN,,6.0,1.6666666666666667,6.0,0.0,1.5,4.033333333333333,6.0,4.0,10.0,1.0,0.0,4.0,,,,5.4,2.2,3.6,5.4,1.8,6.800000000000001,5.0,3.0,8.0,1.0,3.0,2.0,,,,True,True,UNKNOWN,False,False,,,,,,,,,,NPB,2024-08-06 18:00:00,1,,,0,
2021020593,2024-08-06 18:00:00,中日ドラゴンズ,横浜DeNAベイスターズ,6.0,2.0,UNKNOWN,長良川球場,unknown,low,False,False,1600081.0,2000042.0,[],[],,,,,0,light,2024-08-06 18:00:00+00:00,,UNKNOWN,,,,UNKNOWN,UNKNOWN,,UNKNOWN,,4.153846153846154,1.153846153846154,6.230769230769231,2.076923076923077,2.076923076923077,5.507692307692308,4.333333333333333,2.0,4.0,1.0,1.0,3.0,,,,1.2857142857142858,1.1428571428571428,10.285714285714286,2.571428571428572,0.0,1.7714285714285716,7.0,1.0,6.0,0.0,2.0,8.0,,,,True,True,UNKNOWN,False,False,,,,,,,,,,NPB,2024-08-06 18:00:00,1,,,0,
2021020594,2024-08-06 18:00:00,東北楽天ゴールデンイーグルス,北海道日本ハムファイターズ,1.0,5.0,UNKNOWN,楽天モバイルパーク宮城,unknown,low,False,False,2107859.0,2000121.0,[],[],,,,,0,light,2024-08-06 18:00:00+00:00,,UNKNOWN,,,,UNKNOWN,UNKNOWN,,UNKNOWN,,1.0,0.6666666666666666,3.0,0.0,0.0,2.5333333333333337,9.0,1.0,6.0,0.0,0.0,3.0,,,,1.8,1.4,10.8,1.8,0.0,1.4,5.0,1.0,6.0,0.0,1.0,6.0,,,,True,True,UNKNOWN,False,False,,,,,,,,,,NPB,2024-08-06 18:00:00,1,,,0,
2021020595,2024-08-06 18:00:00,千葉ロッテマリーンズ,福岡ソフトバンクホークス,4.0,6.0,UNKNOWN,ZOZOマリンスタジアム,unknown,low,False,False,1700011.0,1800052.0,[],[],,,,,0,light,2024-08-06 18:00:00+00:00,,UNKNOWN,,,,UNKNOWN,UNKNOWN,,UNKNOWN,,1.2857142857142858,1.2857142857142858,9.0,6.428571428571429,0.0,3.342857142857143,7.0,1.0,4.0,0.0,5.0,7.0,,,,10.125,2.25,5.0625,3.375,0.0,3.2,5.333333333333333,6.0,10.0,0.0,2.0,3.0,,,,True,True,UNKNOWN,False,False,,,,,,,,,,NPB,2024-08-06 18:00:00,1,,,0,
2021020596,2024-08-06 18:00:00,オリックス・バファローズ,埼玉西武ライオンズ,6.0,2.0,UNKNOWN,京セラドーム大阪,unknown,low,False,False,1800081.0,2108177.0,[],[],,,,,0,light,2024-08-06 18:00:00+00:00,,UNKNOWN,,,,UNKNOWN,UNKNOWN,,UNKNOWN,,9.0,1.8333333333333333,0.0,1.5,4.5,10.2,6.0,6.0,10.0,3.0,1.0,0.0,,,,1.8,1.8,7.2,5.4,0.0,3.4000000000000004,5.0,1.0,6.0,0.0,3.0,4.0,,,,True,True,UNKNOWN,False,False,,,,,,,,,,NPB,2024-08-06 18:00:00,1,,,0,
2021020597,2024-08-07 18:00:00,読売ジャイアンツ,広島東洋カープ,3.0,3.0,UNKNOWN,東京ドーム,unknown,low,False,False,1600123.0,1961407.0,[],[],,,,,0,light,2024-08-07 18:00:00+00:00,,UNKNOWN,,,,UNKNOWN,UNKNOWN,,UNKNOWN,,2.571428571428572,2.0,7.714285714285714,5.142857142857143,0.0,3.2,7.0,2.0,10.0,0.0,4.0,6.0,,,,3.681818181818182,0.9545454545454546,14.727272727272728,0.0,0.0,-0.0727272727272727,7.333333333333333,3.0,7.0,0.0,0.0,12.0,,,,True,True,UNKNOWN,False,False,2024-08-07 09:00:00+00:00,,UNKNOWN,Open-Meteo Historical Forecast,FAIL_CLOSED_NO_ISSUANCE_TIMESTAMP,29.4,83.0,0.0,3.9,NPB,2024-08-07 18:00:00,1,,,0,
2021020597,2024-08-07 18:00:00,読売ジャイアンツ,広島東洋カープ,3.0,3.0,UNKNOWN,東京ドーム,unknown,low,False,False,1600123.0,1961407.0,[],[],,,,,0,light,2024-08-07 18:00:00+00:00,,UNKNOWN,,,,UNKNOWN,UNKNOWN,,UNKNOWN,,2.571428571428572,2.0,7.714285714285714,5.142857142857143,0.0,3.2,7.0,2.0,10.0,0.0,4.0,6.0,,,,3.681818181818182,0.9545454545454546,14.727272727272728,0.0,0.0,-0.0727272727272727,7.333333333333333,3.0,7.0,0.0,0.0,12.0,,,,True,True,UNKNOWN,False,False,2024-08-07 09:00:00+00:00,,UNKNOWN,Open-Meteo Historical Forecast,FAIL_CLOSED_NO_ISSUANCE_TIMESTAMP,29.4,83.0,0.0,3.9,NPB,2024-08-07 18:00:00,1,,,0,
2021020598,2024-08-07 18:00:00,東京ヤクルトスワローズ,阪神タイガース,4.0,0.0,UNKNOWN,明治神宮野球場,unknown,low,False,False,1900046.0,2000139.0,[],[],,,,,0,light,2024-08-07 18:00:00+00:00,,UNKNOWN,,,,UNKNOWN,UNKNOWN,,UNKNOWN,,4.5,1.75,6.75,2.25,2.25,5.7,4.0,2.0,6.0,1.0,1.0,3.0,,,,0.0,0.4,3.6,0.0,0.0,2.4000000000000004,5.0,0.0,2.0,0.0,0.0,2.0,,,,True,True,UNKNOWN,False,False,,,,,,,,,,NPB,2024-08-07 18:00:00,1,,,0,
2021020599,2024-08-07 18:00:00,中日ドラゴンズ,横浜DeNAベイスターズ,0.0,0.0,UNKNOWN,バンテリンドーム ナゴヤ,unknown,low,False,False,1700058.0,2000050.0,[],[],,,,,0,light,2024-08-07 18:00:00+00:00,,UNKNOWN,,,,UNKNOWN,UNKNOWN,,UNKNOWN,,0.0,0.6666666666666666,7.0,1.0,0.0,1.9777777777777776,9.0,0.0,5.0,0.0,1.0,7.0,,,,0.0,1.1428571428571428,5.142857142857143,5.142857142857143,0.0,3.7714285714285714,7.0,0.0,4.0,0.0,4.0,4.0,,,,True,True,UNKNOWN,False,False,,,,,,,,,,NPB,2024-08-07 18:00:00,1,,,0,
2021020600,2024-08-07 18:00:00,東北楽天ゴールデンイーグルス,北海道日本ハムファイターズ,0.0,2.0,UNKNOWN,楽天モバイルパーク宮城,unknown,low,False,False,1400195.0,700065.0,[],[],,,,,0,light,2024-08-07 18:00:00+00:00,,UNKNOWN,,,,UNKNOWN,UNKNOWN,,UNKNOWN,,0.0,0.6315789473684211,2.8421052631578947,1.4210526315789471,0.0,3.042105263157895,6.333333333333333,0.0,3.0,0.0,1.0,2.0,,,,2.25,1.125,4.5,1.125,1.125,4.2,8.0,2.0,8.0,1.0,1.0,4.0,,,,True,True,UNKNOWN,False,False,,,,,,,,,,NPB,2024-08-07 18:00:00,1,,,0,
2021020601,2024-08-07 18:00:00,千葉ロッテマリーンズ,福岡ソフトバンクホークス,6.0,2.0,UNKNOWN,ZOZOマリンスタジアム,unknown,low,False,False,1550517.0,1700002.0,[],[],,,,,0,light,2024-08-07 18:00:00+00:00,,UNKNOWN,,,,UNKNOWN,UNKNOWN,,UNKNOWN,,9.0,2.25,2.25,2.25,2.25,6.7,4.0,4.0,8.0,1.0,1.0,1.0,,,,3.6,1.2,7.2,5.4,1.8,6.0,5.0,2.0,3.0,1.0,3.0,4.0,,,,True,True,UNKNOWN,False,False,,,,,,,,,,NPB,2024-08-07 18:00:00,1,,,0,
2021020602,2024-08-07 18:00:00,オリックス・バファローズ,埼玉西武ライオンズ,3.0,2.0,UNKNOWN,京セラドーム大阪,excluded,high,False,False,1751148.0,1900092.0,[],[],,,,,0,light,2024-08-07 18:00:00+00:00,,UNKNOWN,,,,UNKNOWN,UNKNOWN,,UNKNOWN,,3.0,1.0,9.0,1.5,1.5,3.866666666666666,6.0,2.0,5.0,1.0,1.0,6.0,,,,4.5,0.75,4.5,0.0,0.0,2.2,4.0,2.0,3.0,0.0,0.0,2.0,,,,True,True,UNKNOWN,False,False,,,,,,,,,,NPB,2024-08-07 18:00:00,1,,,0,
2021020603,2024-08-08 18:00:00,読売ジャイアンツ,広島東洋カープ,5.0,0.0,UNKNOWN,東京ドーム,unknown,low,False,False,1300057.0,1800028.0,[],[],,,,,0,light,2024-08-08 18:00:00+00:00,,UNKNOWN,,,,UNKNOWN,UNKNOWN,,UNKNOWN,,2.8421052631578947,1.736842105263158,5.684210526315789,4.2631578947368425,0.0,3.357894736842105,6.333333333333333,2.0,8.0,0.0,3.0,4.0,,,,0.0,0.6666666666666666,5.0,1.0,0.0,2.4222222222222225,9.0,0.0,5.0,0.0,1.0,5.0,,,,True,True,UNKNOWN,False,False,2024-08-08 09:00:00+00:00,,UNKNOWN,Open-Meteo Historical Forecast,FAIL_CLOSED_NO_ISSUANCE_TIMESTAMP,30.7,78.0,0.0,2.3,NPB,2024-08-08 18:00:00,1,,,0,
2021020603,2024-08-08 18:00:00,読売ジャイアンツ,広島東洋カープ,5.0,0.0,UNKNOWN,東京ドーム,unknown,low,False,False,1300057.0,1800028.0,[],[],,,,,0,light,2024-08-08 18:00:00+00:00,,UNKNOWN,,,,UNKNOWN,UNKNOWN,,UNKNOWN,,2.8421052631578947,1.736842105263158,5.684210526315789,4.2631578947368425,0.0,3.357894736842105,6.333333333333333,2.0,8.0,0.0,3.0,4.0,,,,0.0,0.6666666666666666,5.0,1.0,0.0,2.4222222222222225,9.0,0.0,5.0,0.0,1.0,5.0,,,,True,True,UNKNOWN,False,False,2024-08-08 09:00:00+00:00,,UNKNOWN,Open-Meteo Historical Forecast,FAIL_CLOSED_NO_ISSUANCE_TIMESTAMP,30.7,78.0,0.0,2.3,NPB,2024-08-08 18:00:00,1,,,0,
2021020604,2024-08-08 18:00:00,東京ヤクルトスワローズ,阪神タイガース,3.0,6.0,UNKNOWN,明治神宮野球場,unknown,low,False,False,2100915.0,2103794.0,[],[],,,,,0,light,2024-08-08 18:00:00+00:00,,UNKNOWN,,,,UNKNOWN,UNKNOWN,,UNKNOWN,,1.2857142857142858,0.8571428571428571,7.714285714285714,2.571428571428572,0.0,2.342857142857143,7.0,1.0,4.0,0.0,2.0,6.0,,,,12.461538461538462,2.5384615384615388,8.307692307692308,6.230769230769231,2.076923076923077,6.430769230769231,4.333333333333333,6.0,8.0,1.0,3.0,4.0,,,,True,True,UNKNOWN,False,False,,,,,,,,,,NPB,2024-08-08 18:00:00,1,,,0,
2021020605,2024-08-08 18:00:00,中日ドラゴンズ,横浜DeNAベイスターズ,2.0,4.0,UNKNOWN,バンテリンドーム ナゴヤ,unknown,low,False,False,2103904.0,1200098.0,[],[],,,,,0,light,2024-08-08 18:00:00+00:00,,UNKNOWN,,,,UNKNOWN,UNKNOWN,,UNKNOWN,,0.0,0.4285714285714285,6.428571428571429,0.0,1.2857142857142858,3.628571428571429,7.0,0.0,3.0,1.0,0.0,5.0,,,,6.0,1.6666666666666667,7.5,4.5,1.5,5.2,6.0,4.0,7.0,1.0,3.0,5.0,,,,True,True,UNKNOWN,False,False,,,,,,,,,,NPB,2024-08-08 18:00:00,1,,,0,
2021020606,2024-08-08 18:00:00,東北楽天ゴールデンイーグルス,北海道日本ハムファイターズ,4.0,5.0,UNKNOWN,楽天モバイルパーク宮城,unknown,low,False,False,1500110.0,2000123.0,[],[],,,,,0,light,2024-08-08 18:00:00+00:00,,UNKNOWN,,,,UNKNOWN,UNKNOWN,,UNKNOWN,,7.2,1.8,5.4,3.6,1.8,5.800000000000001,5.0,4.0,7.0,1.0,2.0,3.0,,,,9.818181818181818,3.0,4.909090909090909,7.363636363636364,0.0,4.563636363636364,3.6666666666666665,4.0,8.0,0.0,3.0,2.0,,,,True,True,UNKNOWN,False,False,,,,,,,,,,NPB,2024-08-08 18:00:00,1,,,0,
2021020607,2024-08-08 18:00:00,千葉ロッテマリーンズ,福岡ソフトバンクホークス,3.0,6.0,UNKNOWN,ZOZOマリンスタジアム,excluded,high,False,False,1300080.0,1900080.0,[],[],,,,,0,light,2024-08-08 18:00:00+00:00,,UNKNOWN,,,,UNKNOWN,UNKNOWN,,UNKNOWN,,0.0,0.4,9.0,1.8,0.0,1.8000000000000005,5.0,0.0,1.0,0.0,1.0,5.0,,,,5.4,2.0,16.2,1.8,0.0,0.2000000000000001,5.0,3.0,9.0,0.0,1.0,9.0,,,,True,True,UNKNOWN,False,False,,,,,,,,,,NPB,2024-08-08 18:00:00,1,,,0,
2021020608,2024-08-08 18:00:00,オリックス・バファローズ,埼玉西武ライオンズ,3.0,0.0,UNKNOWN,京セラドーム大阪,unknown,low,False,False,2106286.0,1750543.0,[],[],,,,,0,light,2024-08-08 18:00:00+00:00,,UNKNOWN,,,,UNKNOWN,UNKNOWN,,UNKNOWN,,3.0,2.0,3.0,15.0,0.0,7.533333333333333,3.0,1.0,1.0,0.0,5.0,1.0,,,,0.0,0.6,1.8,3.6,0.0,4.0,5.0,0.0,1.0,0.0,2.0,1.0,,,,True,True,UNKNOWN,False,False,,,,,,,,,,NPB,2024-08-08 18:00:00,1,,,0,
2021020609,2024-08-09 18:00:00,横浜DeNAベイスターズ,東京ヤクルトスワローズ,5.0,2.0,UNKNOWN,横浜スタジアム,unknown,low,False,False,1300045.0,2112182.0,[],[],,,,,0,light,2024-08-09 18:00:00+00:00,,UNKNOWN,,,,UNKNOWN,UNKNOWN,,UNKNOWN,,4.5,1.3333333333333333,4.5,1.5,3.0,7.033333333333333,6.0,3.0,7.0,2.0,1.0,3.0,,,,2.571428571428572,0.7142857142857143,6.428571428571429,1.2857142857142858,0.0,2.2,7.0,2.0,4.0,0.0,1.0,5.0,,,,True,True,UNKNOWN,False,False,,,,,,,,,,NPB,2024-08-09 18:00:00,1,,,0,
2021020610,2024-08-09 18:00:00,中日ドラゴンズ,読売ジャイアンツ,9.0,2.0,UNKNOWN,バンテリンドーム ナゴヤ,excluded,high,False,False,2108022.0,1500074.0,[],[],,,,,0,light,2024-08-09 18:00:00+00:00,,UNKNOWN,,,,UNKNOWN,UNKNOWN,,UNKNOWN,,45.0,6.0,0.0,18.0,18.0,35.2,1.0,5.0,4.0,2.0,2.0,0.0,,,,2.25,1.25,5.625,0.0,0.0,1.95,8.0,2.0,10.0,0.0,0.0,5.0,,,,True,True,UNKNOWN,False,False,,,,,,,,,,NPB,2024-08-09 18:00:00,1,,,0,
2021020611,2024-08-09 18:00:00,阪神タイガース,広島東洋カープ,3.0,6.0,UNKNOWN,京セラドーム大阪,excluded,high,False,False,2103788.0,2000055.0,[],[],,,,,0,light,2024-08-09 18:00:00+00:00,,UNKNOWN,,,,UNKNOWN,UNKNOWN,,UNKNOWN,,0.0,1.0,7.2,3.6,0.0,2.8000000000000003,5.0,0.0,3.0,0.0,2.0,4.0,,,,5.4,1.4,5.4,1.8,0.0,2.6,5.0,3.0,6.0,0.0,1.0,3.0,,,,True,True,UNKNOWN,False,False,,,,,,,,,,NPB,2024-08-09 18:00:00,1,,,0,
2021020613,2024-08-10 14:00:00,中日ドラゴンズ,読売ジャイアンツ,0.0,2.0,UNKNOWN,バンテリンドーム ナゴヤ,unknown,low,False,False,1900019.0,1660558.0,[],[],,,,,0,light,2024-08-10 14:00:00+00:00,,UNKNOWN,,,,UNKNOWN,UNKNOWN,,UNKNOWN,,0.0,0.5,13.5,1.5,0.0,0.7000000000000002,6.0,0.0,2.0,0.0,1.0,9.0,,,,3.6,1.8,12.6,5.4,1.8,4.800000000000001,5.0,2.0,6.0,1.0,3.0,7.0,,,,True,True,UNKNOWN,False,False,,,,,,,,,,NPB,2024-08-10 14:00:00,1,,,0,
2021020615,2024-08-10 14:00:00,北海道日本ハムファイターズ,埼玉西武ライオンズ,5.0,1.0,UNKNOWN,ES CON FIELD HOKKAIDO,unknown,low,False,False,1600127.0,1900129.0,[],[],,,,,0,light,2024-08-10 14:00:00+00:00,,UNKNOWN,,,,UNKNOWN,UNKNOWN,,UNKNOWN,,0.0,0.8999999999999999,10.8,5.4,0.0,2.6,6.666666666666667,0.0,2.0,0.0,4.0,8.0,,,,1.8,0.8,5.4,5.4,1.8,6.4,5.0,1.0,1.0,1.0,3.0,3.0,,,,True,True,UNKNOWN,False,False,,,,,,,,,,NPB,2024-08-10 14:00:00,1,,,0,
2021020617,2024-08-10 14:00:00,福岡ソフトバンクホークス,東北楽天ゴールデンイーグルス,6.0,13.0,UNKNOWN,みずほPayPayドーム福岡,unknown,low,False,False,2110316.0,1400117.0,[],[],,,,,0,light,2024-08-10 14:00:00+00:00,,UNKNOWN,,,,UNKNOWN,UNKNOWN,,UNKNOWN,,10.8,1.8,12.6,5.4,1.8,4.800000000000001,5.0,6.0,6.0,1.0,3.0,7.0,,,,18.0,2.6666666666666665,3.0,3.0,6.0,12.2,3.0,6.0,7.0,2.0,1.0,1.0,,,,True,True,UNKNOWN,False,False,,,,,,,,,,NPB,2024-08-10 14:00:00,1,,,0,
2021020612,2024-08-10 18:00:00,横浜DeNAベイスターズ,東京ヤクルトスワローズ,14.0,4.0,UNKNOWN,横浜スタジアム,excluded,high,False,False,1500042.0,1800045.0,[],[],,,,,0,light,2024-08-10 18:00:00+00:00,,UNKNOWN,,,,UNKNOWN,UNKNOWN,,UNKNOWN,,37.8,5.4,5.4,16.200000000000003,0.0,7.4,1.6666666666666663,7.0,6.0,0.0,3.0,1.0,,,,2.571428571428572,1.1428571428571428,6.428571428571429,1.2857142857142858,1.2857142857142858,4.057142857142857,7.0,2.0,7.0,1.0,1.0,5.0,,,,True,True,UNKNOWN,False,False,,,,,,,,,,NPB,2024-08-10 18:00:00,1,,,0,
2021020614,2024-08-10 18:00:00,阪神タイガース,広島東洋カープ,1.0,5.0,UNKNOWN,京セラドーム大阪,unknown,low,False,False,1900052.0,1700137.0,[],[],,,,,0,light,2024-08-10 18:00:00+00:00,,UNKNOWN,,,,UNKNOWN,UNKNOWN,,UNKNOWN,,1.0,0.7777777777777778,7.0,2.0,0.0,2.311111111111112,9.0,1.0,5.0,0.0,2.0,7.0,,,,5.4,1.35,2.7,2.7,0.0,3.5,6.666666666666667,4.0,7.0,0.0,2.0,2.0,,,,True,True,UNKNOWN,False,False,,,,,,,,,,NPB,2024-08-10 18:00:00,1,,,0,
2021020616,2024-08-10 18:00:00,千葉ロッテマリーンズ,オリックス・バファローズ,3.0,1.0,UNKNOWN,ZOZOマリンスタジアム,unknown,low,False,False,1900087.0,800060.0,[],[],,,,,0,light,2024-08-10 18:00:00+00:00,,UNKNOWN,,,,UNKNOWN,UNKNOWN,,UNKNOWN,,3.857142857142857,1.4285714285714286,5.142857142857143,2.571428571428572,1.2857142857142858,4.771428571428571,7.0,3.0,8.0,1.0,2.0,4.0,,,,1.5,0.6666666666666666,7.5,0.0,1.5,3.7,6.0,1.0,4.0,1.0,0.0,5.0,,,,True,True,UNKNOWN,False,False,,,,,,,,,,NPB,2024-08-10 18:00:00,1,,,0,
2021020621,2024-08-11 13:00:00,北海道日本ハムファイターズ,埼玉西武ライオンズ,8.0,7.0,UNKNOWN,ES CON FIELD HOKKAIDO,unknown,low,False,False,2105080.0,2000079.0,[],[],,,,,0,light,2024-08-11 13:00:00+00:00,,UNKNOWN,,,,UNKNOWN,UNKNOWN,,UNKNOWN,,9.0,2.0,7.2,0.0,3.6,6.800000000000001,5.0,5.0,10.0,2.0,0.0,4.0,,,,5.142857142857143,1.1428571428571428,9.0,1.2857142857142858,1.2857142857142858,3.4857142857142858,7.0,4.0,7.0,1.0,1.0,7.0,,,,True,True,UNKNOWN,False,False,,,,,,,,,,NPB,2024-08-11 13:00:00,1,,,0,
2021020623,2024-08-11 13:00:00,福岡ソフトバンクホークス,東北楽天ゴールデンイーグルス,5.0,2.0,UNKNOWN,みずほPayPayドーム福岡,unknown,low,False,False,1900117.0,1900010.0,[],[],,,,,0,light,2024-08-11 13:00:00+00:00,,UNKNOWN,,,,UNKNOWN,UNKNOWN,,UNKNOWN,,4.5,1.3333333333333333,4.5,6.0,1.5,6.366666666666667,6.0,3.0,4.0,1.0,4.0,3.0,,,,0.0,0.5714285714285714,10.285714285714286,2.571428571428572,0.0,1.7714285714285716,7.0,0.0,2.0,0.0,2.0,8.0,,,,True,True,UNKNOWN,False,False,,,,,,,,,,NPB,2024-08-11 13:00:00,1,,,0,
2021020619,2024-08-11 13:30:00,中日ドラゴンズ,読売ジャイアンツ,1.0,3.0,UNKNOWN,バンテリンドーム ナゴヤ,unknown,low,False,False,1200041.0,1000138.0,[],[],,,,,0,light,2024-08-11 13:30:00+00:00,,UNKNOWN,,,,UNKNOWN,UNKNOWN,,UNKNOWN,,1.0799999999999998,1.2,3.24,1.0799999999999998,0.0,2.8400000000000003,8.333333333333334,1.0,9.0,0.0,1.0,3.0,,,,3.6,1.4,5.4,1.8,0.0,2.6,5.0,2.0,6.0,0.0,1.0,3.0,,,,True,True,UNKNOWN,False,False,,,,,,,,,,NPB,2024-08-11 13:30:00,1,,,0,
2021020618,2024-08-11 18:00:00,横浜DeNAベイスターズ,東京ヤクルトスワローズ,4.0,5.0,UNKNOWN,横浜スタジアム,unknown,low,False,False,1900024.0,1961374.0,[],[],,,,,0,light,2024-08-11 18:00:00+00:00,,UNKNOWN,,,,UNKNOWN,UNKNOWN,,UNKNOWN,,5.4,1.4,1.8,3.6,1.8,6.6,5.0,3.0,5.0,1.0,2.0,1.0,,,,4.5,1.3333333333333333,4.5,4.5,1.5,5.866666666666667,6.0,3.0,5.0,1.0,3.0,3.0,,,,True,True,UNKNOWN,False,False,,,,,,,,,,NPB,2024-08-11 18:00:00,1,,,0,
2021020620,2024-08-11 18:00:00,阪神タイガース,広島東洋カープ,4.0,0.0,UNKNOWN,京セラドーム大阪,excluded,high,False,False,1300058.0,1700078.0,[],[],,,,,0,light,2024-08-11 18:00:00+00:00,,UNKNOWN,,,,UNKNOWN,UNKNOWN,,UNKNOWN,,6.0,1.6666666666666667,6.0,3.0,0.0,2.8666666666666667,3.0,2.0,4.0,0.0,1.0,2.0,,,,0.0,1.2,12.6,3.6,0.0,1.6,5.0,0.0,4.0,0.0,2.0,7.0,,,,True,True,UNKNOWN,False,False,,,,,,,,,,NPB,2024-08-11 18:00:00,1,,,0,
2021020622,2024-08-11 18:00:00,千葉ロッテマリーンズ,オリックス・バファローズ,6.0,1.0,UNKNOWN,ZOZOマリンスタジアム,unknown,low,False,False,2107849.0,1600146.0,[],[],,,,,0,light,2024-08-11 18:00:00+00:00,,UNKNOWN,,,,UNKNOWN,UNKNOWN,,UNKNOWN,,9.0,1.8,9.0,7.2,1.8,6.2,5.0,5.0,5.0,1.0,4.0,5.0,,,,1.0,0.2222222222222222,6.0,0.0,0.0,1.866666666666667,9.0,1.0,2.0,0.0,0.0,6.0,,,,True,True,UNKNOWN,False,False,,,,,,,,,,NPB,2024-08-11 18:00:00,1,,,0,
2021020627,2024-08-12 13:00:00,北海道日本ハムファイターズ,埼玉西武ライオンズ,5.0,1.0,UNKNOWN,ES CON FIELD HOKKAIDO,excluded,high,False,False,1400182.0,2100027.0,[],[],,,,,0,light,2024-08-12 13:00:00+00:00,,UNKNOWN,,,,UNKNOWN,UNKNOWN,,UNKNOWN,,6.352941176470588,1.588235294117647,4.764705882352941,0.0,3.176470588235294,6.729411764705882,5.666666666666667,4.0,9.0,2.0,0.0,3.0,,,,1.4210526315789471,0.3157894736842105,7.105263157894737,1.4210526315789471,1.4210526315789471,4.147368421052632,6.333333333333333,1.0,1.0,1.0,1.0,5.0,,,,True,True,UNKNOWN,False,False,,,,,,,,,,NPB,2024-08-12 13:00:00,1,,,0,
2021020629,2024-08-12 13:00:00,福岡ソフトバンクホークス,東北楽天ゴールデンイーグルス,14.0,4.0,UNKNOWN,みずほPayPayドーム福岡,unknown,low,False,False,1900114.0,1900106.0,[],[],,,,,0,light,2024-08-12 13:00:00+00:00,,UNKNOWN,,,,UNKNOWN,UNKNOWN,,UNKNOWN,,15.0,2.6666666666666665,9.0,0.0,0.0,1.2000000000000002,3.0,5.0,8.0,0.0,0.0,3.0,,,,5.4,1.35,8.1,1.35,1.35,3.8,6.666666666666667,4.0,8.0,1.0,1.0,6.0,,,,True,True,UNKNOWN,False,False,,,,,,,,,,NPB,2024-08-12 13:00:00,1,,,0,
2021020628,2024-08-12 17:00:00,千葉ロッテマリーンズ,オリックス・バファローズ,0.0,4.0,UNKNOWN,ZOZOマリンスタジアム,unknown,low,False,False,1700109.0,900081.0,[],[],,,,,0,light,2024-08-12 17:00:00+00:00,,UNKNOWN,,,,UNKNOWN,UNKNOWN,,UNKNOWN,,0.0,1.0,12.0,3.0,0.0,1.5333333333333334,6.0,0.0,4.0,0.0,2.0,8.0,,,,2.571428571428572,1.1428571428571428,3.857142857142857,1.2857142857142858,1.2857142857142858,4.628571428571429,7.0,2.0,7.0,1.0,1.0,3.0,,,,True,True,UNKNOWN,False,False,,,,,,,,,,NPB,2024-08-12 17:00:00,1,,,0,
2021020624,2024-08-12 18:00:00,読売ジャイアンツ,阪神タイガース,1.0,0.0,UNKNOWN,東京ドーム,unknown,low,False,False,900062.0,2000006.0,[],[],,,,,0,light,2024-08-12 18:00:00+00:00,,UNKNOWN,,,,UNKNOWN,UNKNOWN,,UNKNOWN,,0.0,0.5714285714285714,2.571428571428572,0.0,0.0,2.628571428571429,7.0,0.0,4.0,0.0,0.0,2.0,,,,0.0,0.75,8.1,4.05,0.0,2.75,6.666666666666667,0.0,2.0,0.0,3.0,6.0,,,,True,True,UNKNOWN,False,False,2024-08-12 09:00:00+00:00,,UNKNOWN,Open-Meteo Historical Forecast,FAIL_CLOSED_NO_ISSUANCE_TIMESTAMP,30.3,72.0,0.0,9.0,NPB,2024-08-12 18:00:00,1,,,0,
2021020624,2024-08-12 18:00:00,読売ジャイアンツ,阪神タイガース,1.0,0.0,UNKNOWN,東京ドーム,unknown,low,False,False,900062.0,2000006.0,[],[],,,,,0,light,2024-08-12 18:00:00+00:00,,UNKNOWN,,,,UNKNOWN,UNKNOWN,,UNKNOWN,,0.0,0.5714285714285714,2.571428571428572,0.0,0.0,2.628571428571429,7.0,0.0,4.0,0.0,0.0,2.0,,,,0.0,0.75,8.1,4.05,0.0,2.75,6.666666666666667,0.0,2.0,0.0,3.0,6.0,,,,True,True,UNKNOWN,False,False,2024-08-12 09:00:00+00:00,,UNKNOWN,Open-Meteo Historical Forecast,FAIL_CLOSED_NO_ISSUANCE_TIMESTAMP,30.3,72.0,0.0,9.0,NPB,2024-08-12 18:00:00,1,,,0,
2021020625,2024-08-12 18:00:00,東京ヤクルトスワローズ,中日ドラゴンズ,5.0,4.0,UNKNOWN,明治神宮野球場,excluded,high,False,False,1800060.0,1200076.0,[],[],,,,,0,light,2024-08-12 18:00:00+00:00,,UNKNOWN,,,,UNKNOWN,UNKNOWN,,UNKNOWN,,9.0,3.0,15.75,11.25,2.25,6.7,4.0,4.0,7.0,1.0,5.0,7.0,,,,5.0625,1.125,5.0625,0.0,0.0,2.075,5.333333333333333,3.0,6.0,0.0,0.0,3.0,,,,True,True,UNKNOWN,False,False,,,,,,,,,,NPB,2024-08-12 18:00:00,1,,,0,
2021020626,2024-08-12 18:00:00,広島東洋カープ,横浜DeNAベイスターズ,10.0,3.0,UNKNOWN,MAZDA Zoom-Zoom スタジアム広島,unknown,low,False,False,1300077.0,1900057.0,[],[],,,,,0,light,2024-08-12 18:00:00+00:00,,UNKNOWN,,,,UNKNOWN,UNKNOWN,,UNKNOWN,,15.428571428571429,2.571428571428571,7.7142857142857135,0.0,0.0,1.485714285714286,2.333333333333333,4.0,6.0,0.0,0.0,2.0,,,,3.0,1.1111111111111112,9.0,1.0,1.0,2.977777777777778,9.0,3.0,9.0,1.0,1.0,9.0,,,,True,True,UNKNOWN,False,False,,,,,,,,,,NPB,2024-08-12 18:00:00,1,,,0,
2021020630,2024-08-13 18:00:00,読売ジャイアンツ,阪神タイガース,5.0,8.0,UNKNOWN,東京ドーム,unknown,low,False,False,1600115.0,1961407.0,[],[],,,,,0,light,2024-08-13 18:00:00+00:00,,UNKNOWN,,,,UNKNOWN,UNKNOWN,,UNKNOWN,,9.0,1.8,0.0,1.8,1.8,6.4,5.0,5.0,8.0,1.0,1.0,0.0,,,,11.25,1.5,11.25,4.5,2.25,5.45,4.0,5.0,4.0,1.0,2.0,5.0,,,,True,True,UNKNOWN,False,False,2024-08-13 09:00:00+00:00,,UNKNOWN,Open-Meteo Historical Forecast,FAIL_CLOSED_NO_ISSUANCE_TIMESTAMP,31.1,69.0,0.0,4.7,NPB,2024-08-13 18:00:00,1,,,0,
2021020630,2024-08-13 18:00:00,読売ジャイアンツ,阪神タイガース,5.0,8.0,UNKNOWN,東京ドーム,unknown,low,False,False,1600115.0,1961407.0,[],[],,,,,0,light,2024-08-13 18:00:00+00:00,,UNKNOWN,,,,UNKNOWN,UNKNOWN,,UNKNOWN,,9.0,1.8,0.0,1.8,1.8,6.4,5.0,5.0,8.0,1.0,1.0,0.0,,,,11.25,1.5,11.25,4.5,2.25,5.45,4.0,5.0,4.0,1.0,2.0,5.0,,,,True,True,UNKNOWN,False,False,2024-08-13 09:00:00+00:00,,UNKNOWN,Open-Meteo Historical Forecast,FAIL_CLOSED_NO_ISSUANCE_TIMESTAMP,31.1,69.0,0.0,4.7,NPB,2024-08-13 18:00:00,1,,,0,
2021020631,2024-08-13 18:00:00,東京ヤクルトスワローズ,中日ドラゴンズ,4.0,5.0,UNKNOWN,明治神宮野球場,unknown,low,False,False,2000042.0,2060039.0,[],[],,,,,0,light,2024-08-13 18:00:00+00:00,,UNKNOWN,,,,UNKNOWN,UNKNOWN,,UNKNOWN,,3.0,1.1666666666666667,10.5,4.5,0.0,2.3666666666666667,6.0,2.0,4.0,0.0,3.0,7.0,,,,6.352941176470588,1.7647058823529411,7.941176470588235,3.176470588235294,0.0,2.494117647058824,5.666666666666667,4.0,8.0,0.0,2.0,5.0,,,,True,True,UNKNOWN,False,False,,,,,,,,,,NPB,2024-08-13 18:00:00,1,,,0,
2021020632,2024-08-13 18:00:00,広島東洋カープ,横浜DeNAベイスターズ,0.0,6.0,UNKNOWN,MAZDA Zoom-Zoom スタジアム広島,unknown,low,False,False,1700058.0,1100081.0,[],[],,,,,0,light,2024-08-13 18:00:00+00:00,,UNKNOWN,,,,UNKNOWN,UNKNOWN,,UNKNOWN,,0.0,0.625,3.375,2.25,0.0,3.2,8.0,0.0,3.0,0.0,2.0,3.0,,,,5.4,1.0,3.6,1.8,1.8,5.6,5.0,3.0,4.0,1.0,1.0,2.0,,,,True,True,UNKNOWN,False,False,,,,,,,,,,NPB,2024-08-13 18:00:00,1,,,0,
2021020633,2024-08-13 18:00:00,北海道日本ハムファイターズ,千葉ロッテマリーンズ,0.0,6.0,UNKNOWN,ES CON FIELD HOKKAIDO,unknown,low,False,False,1800052.0,2107859.0,[],[],,,,,0,light,2024-08-13 18:00:00+00:00,,UNKNOWN,,,,UNKNOWN,UNKNOWN,,UNKNOWN,,0.0,0.75,5.625,3.375,0.0,3.075,8.0,0.0,3.0,0.0,3.0,5.0,,,,6.0,1.5,3.0,3.0,0.0,3.5333333333333337,6.0,4.0,7.0,0.0,2.0,2.0,,,,True,True,UNKNOWN,False,False,,,,,,,,,,NPB,2024-08-13 18:00:00,1,,,0,
2021020634,2024-08-13 18:00:00,埼玉西武ライオンズ,福岡ソフトバンクホークス,1.0,6.0,UNKNOWN,ベルーナドーム,unknown,low,False,False,1700011.0,1800081.0,[],[],,,,,0,light,2024-08-13 18:00:00+00:00,,UNKNOWN,,,,UNKNOWN,UNKNOWN,,UNKNOWN,,1.0,0.3333333333333333,6.0,1.0,0.0,2.2,9.0,1.0,2.0,0.0,1.0,6.0,,,,6.0,1.8333333333333333,6.0,3.0,1.5,5.033333333333333,6.0,4.0,9.0,1.0,2.0,4.0,,,,True,True,UNKNOWN,False,False,2024-08-13 09:00:00+00:00,,UNKNOWN,Open-Meteo Historical Forecast,FAIL_CLOSED_NO_ISSUANCE_TIMESTAMP,30.2,71.0,0.0,5.8,NPB,2024-08-13 18:00:00,1,,,0,
2021020634,2024-08-13 18:00:00,埼玉西武ライオンズ,福岡ソフトバンクホークス,1.0,6.0,UNKNOWN,ベルーナドーム,unknown,low,False,False,1700011.0,1800081.0,[],[],,,,,0,light,2024-08-13 18:00:00+00:00,,UNKNOWN,,,,UNKNOWN,UNKNOWN,,UNKNOWN,,1.0,0.3333333333333333,6.0,1.0,0.0,2.2,9.0,1.0,2.0,0.0,1.0,6.0,,,,6.0,1.8333333333333333,6.0,3.0,1.5,5.033333333333333,6.0,4.0,9.0,1.0,2.0,4.0,,,,True,True,UNKNOWN,False,False,2024-08-13 09:00:00+00:00,,UNKNOWN,Open-Meteo Historical Forecast,FAIL_CLOSED_NO_ISSUANCE_TIMESTAMP,30.2,71.0,0.0,5.8,NPB,2024-08-13 18:00:00,1,,,0,
2021020635,2024-08-13 18:00:00,オリックス・バファローズ,東北楽天ゴールデンイーグルス,0.0,3.0,UNKNOWN,京セラドーム大阪,unknown,low,False,False,2000121.0,1750595.0,[],[],,,,,0,light,2024-08-13 18:00:00+00:00,,UNKNOWN,,,,UNKNOWN,UNKNOWN,,UNKNOWN,,0.0,0.4444444444444444,9.0,2.0,0.0,1.866666666666667,9.0,0.0,2.0,0.0,2.0,9.0,,,,1.5,1.1666666666666667,9.0,1.5,0.0,1.7000000000000002,6.0,1.0,6.0,0.0,1.0,6.0,,,,True,True,UNKNOWN,False,False,,,,,,,,,,NPB,2024-08-13 18:00:00,1,,,0,
2021020636,2024-08-14 18:00:00,読売ジャイアンツ,阪神タイガース,4.0,0.0,UNKNOWN,東京ドーム,unknown,low,False,False,1900046.0,1800028.0,[],[],,,,,0,light,2024-08-14 18:00:00+00:00,,UNKNOWN,,,,UNKNOWN,UNKNOWN,,UNKNOWN,,9.0,1.5,11.25,4.5,2.25,5.45,4.0,4.0,4.0,1.0,2.0,5.0,,,,0.0,0.7777777777777778,8.0,0.0,0.0,1.4222222222222225,9.0,0.0,7.0,0.0,0.0,8.0,,,,True,True,UNKNOWN,False,False,2024-08-14 09:00:00+00:00,,UNKNOWN,Open-Meteo Historical Forecast,FAIL_CLOSED_NO_ISSUANCE_TIMESTAMP,30.5,77.0,0.0,4.7,NPB,2024-08-14 18:00:00,1,,,0,
2021020636,2024-08-14 18:00:00,読売ジャイアンツ,阪神タイガース,4.0,0.0,UNKNOWN,東京ドーム,unknown,low,False,False,1900046.0,1800028.0,[],[],,,,,0,light,2024-08-14 18:00:00+00:00,,UNKNOWN,,,,UNKNOWN,UNKNOWN,,UNKNOWN,,9.0,1.5,11.25,4.5,2.25,5.45,4.0,4.0,4.0,1.0,2.0,5.0,,,,0.0,0.7777777777777778,8.0,0.0,0.0,1.4222222222222225,9.0,0.0,7.0,0.0,0.0,8.0,,,,True,True,UNKNOWN,False,False,2024-08-14 09:00:00+00:00,,UNKNOWN,Open-Meteo Historical Forecast,FAIL_CLOSED_NO_ISSUANCE_TIMESTAMP,30.5,77.0,0.0,4.7,NPB,2024-08-14 18:00:00,1,,,0,
2021020637,2024-08-14 18:00:00,東京ヤクルトスワローズ,中日ドラゴンズ,7.0,6.0,UNKNOWN,明治神宮野球場,unknown,low,False,False,2000050.0,2000139.0,[],[],,,,,0,light,2024-08-14 18:00:00+00:00,,UNKNOWN,,,,UNKNOWN,UNKNOWN,,UNKNOWN,,6.0,1.6666666666666667,6.0,3.0,1.5,5.033333333333333,6.0,4.0,8.0,1.0,2.0,4.0,,,,2.8421052631578947,0.9473684210526316,7.105263157894737,1.4210526315789471,1.4210526315789471,4.147368421052632,6.333333333333333,2.0,5.0,1.0,1.0,5.0,,,,True,True,UNKNOWN,False,False,,,,,,,,,,NPB,2024-08-14 18:00:00,1,,,0,
2021020638,2024-08-14 18:00:00,広島東洋カープ,横浜DeNAベイスターズ,4.0,3.0,UNKNOWN,MAZDA Zoom-Zoom スタジアム広島,unknown,low,False,False,2103904.0,1600123.0,[],[],,,,,0,light,2024-08-14 18:00:00+00:00,,UNKNOWN,,,,UNKNOWN,UNKNOWN,,UNKNOWN,,0.0,0.6666666666666666,3.0,0.0,0.0,2.5333333333333337,6.0,0.0,4.0,0.0,0.0,2.0,,,,5.4,2.0,9.0,3.6,0.0,2.4000000000000004,5.0,3.0,8.0,0.0,2.0,5.0,,,,True,True,UNKNOWN,False,False,,,,,,,,,,NPB,2024-08-14 18:00:00,1,,,0,
2021020639,2024-08-14 18:00:00,北海道日本ハムファイターズ,千葉ロッテマリーンズ,4.0,1.0,UNKNOWN,ES CON FIELD HOKKAIDO,unknown,low,False,False,1700002.0,1400195.0,[],[],,,,,0,light,2024-08-14 18:00:00+00:00,,UNKNOWN,,,,UNKNOWN,UNKNOWN,,UNKNOWN,,1.5,0.8333333333333334,6.0,3.0,1.5,5.033333333333333,6.0,1.0,3.0,1.0,2.0,4.0,,,,0.0,0.8181818181818182,2.4545454545454546,0.0,0.0,2.6545454545454548,7.333333333333333,0.0,6.0,0.0,0.0,2.0,,,,True,True,UNKNOWN,False,False,,,,,,,,,,NPB,2024-08-14 18:00:00,1,,,0,
2021020640,2024-08-14 18:00:00,埼玉西武ライオンズ,福岡ソフトバンクホークス,4.0,1.0,UNKNOWN,ベルーナドーム,unknown,low,False,False,1550517.0,1751148.0,[],[],,,,,0,light,2024-08-14 18:00:00+00:00,,UNKNOWN,,,,UNKNOWN,UNKNOWN,,UNKNOWN,,7.2,1.2,3.6,1.8,0.0,3.0,5.0,4.0,5.0,0.0,1.0,2.0,,,,1.5,1.1666666666666667,12.0,0.0,0.0,0.5333333333333337,6.0,1.0,7.0,0.0,0.0,8.0,,,,True,True,UNKNOWN,False,False,2024-08-14 09:00:00+00:00,,UNKNOWN,Open-Meteo Historical Forecast,FAIL_CLOSED_NO_ISSUANCE_TIMESTAMP,29.2,82.0,0.0,6.5,NPB,2024-08-14 18:00:00,1,,,0,
2021020640,2024-08-14 18:00:00,埼玉西武ライオンズ,福岡ソフトバンクホークス,4.0,1.0,UNKNOWN,ベルーナドーム,unknown,low,False,False,1550517.0,1751148.0,[],[],,,,,0,light,2024-08-14 18:00:00+00:00,,UNKNOWN,,,,UNKNOWN,UNKNOWN,,UNKNOWN,,7.2,1.2,3.6,1.8,0.0,3.0,5.0,4.0,5.0,0.0,1.0,2.0,,,,1.5,1.1666666666666667,12.0,0.0,0.0,0.5333333333333337,6.0,1.0,7.0,0.0,0.0,8.0,,,,True,True,UNKNOWN,False,False,2024-08-14 09:00:00+00:00,,UNKNOWN,Open-Meteo Historical Forecast,FAIL_CLOSED_NO_ISSUANCE_TIMESTAMP,29.2,82.0,0.0,6.5,NPB,2024-08-14 18:00:00,1,,,0,
2021020641,2024-08-14 18:00:00,オリックス・バファローズ,東北楽天ゴールデンイーグルス,1.0,6.0,UNKNOWN,京セラドーム大阪,excluded,high,False,False,2000126.0,2108177.0,[],[],,,,,0,light,2024-08-14 18:00:00+00:00,,UNKNOWN,,,,UNKNOWN,UNKNOWN,,UNKNOWN,,1.8,1.0,3.6,3.6,0.0,3.6,5.0,1.0,3.0,0.0,2.0,2.0,,,,8.1,1.65,6.75,4.05,0.0,3.0500000000000003,6.666666666666667,6.0,8.0,0.0,3.0,5.0,,,,True,True,UNKNOWN,False,False,,,,,,,,,,NPB,2024-08-14 18:00:00,1,,,0,
2021020642,2024-08-15 18:00:00,北海道日本ハムファイターズ,千葉ロッテマリーンズ,6.0,1.0,UNKNOWN,ES CON FIELD HOKKAIDO,unknown,low,False,False,1900080.0,1500110.0,[],[],,,,,0,light,2024-08-15 18:00:00+00:00,,UNKNOWN,,,,UNKNOWN,UNKNOWN,,UNKNOWN,,0.0,0.75,6.75,0.0,0.0,1.7000000000000002,1.3333333333333333,0.0,1.0,0.0,0.0,1.0,,,,1.125,1.0,4.5,0.0,0.0,2.2,8.0,1.0,8.0,0.0,0.0,4.0,,,,True,True,UNKNOWN,False,False,,,,,,,,,,NPB,2024-08-15 18:00:00,1,,,0,
2021020643,2024-08-15 18:00:00,埼玉西武ライオンズ,福岡ソフトバンクホークス,2.0,9.0,UNKNOWN,ベルーナドーム,unknown,low,False,False,1300080.0,1700125.0,[],[],,,,,0,light,2024-08-15 18:00:00+00:00,,UNKNOWN,,,,UNKNOWN,UNKNOWN,,UNKNOWN,,6.0,2.0,6.0,0.0,3.0,6.2,3.0,2.0,6.0,1.0,0.0,2.0,,,,12.0,2.0,3.0,6.0,6.0,13.2,3.0,4.0,4.0,2.0,2.0,1.0,,,,True,True,UNKNOWN,False,False,2024-08-15 09:00:00+00:00,,UNKNOWN,Open-Meteo Historical Forecast,FAIL_CLOSED_NO_ISSUANCE_TIMESTAMP,30.5,71.0,0.0,4.6,NPB,2024-08-15 18:00:00,1,,,0,
2021020643,2024-08-15 18:00:00,埼玉西武ライオンズ,福岡ソフトバンクホークス,2.0,9.0,UNKNOWN,ベルーナドーム,unknown,low,False,False,1300080.0,1700125.0,[],[],,,,,0,light,2024-08-15 18:00:00+00:00,,UNKNOWN,,,,UNKNOWN,UNKNOWN,,UNKNOWN,,6.0,2.0,6.0,0.0,3.0,6.2,3.0,2.0,6.0,1.0,0.0,2.0,,,,12.0,2.0,3.0,6.0,6.0,13.2,3.0,4.0,4.0,2.0,2.0,1.0,,,,True,True,UNKNOWN,False,False,2024-08-15 09:00:00+00:00,,UNKNOWN,Open-Meteo Historical Forecast,FAIL_CLOSED_NO_ISSUANCE_TIMESTAMP,30.5,71.0,0.0,4.6,NPB,2024-08-15 18:00:00,1,,,0,
2021020644,2024-08-15 18:00:00,オリックス・バファローズ,東北楽天ゴールデンイーグルス,3.0,2.0,UNKNOWN,京セラドーム大阪,unknown,low,False,False,700065.0,1750543.0,[],[],,,,,0,light,2024-08-15 18:00:00+00:00,,UNKNOWN,,,,UNKNOWN,UNKNOWN,,UNKNOWN,,1.5,1.0,3.0,3.0,0.0,3.5333333333333337,6.0,1.0,4.0,0.0,2.0,2.0,,,,3.0,1.0,4.5,4.5,0.0,3.7,6.0,2.0,3.0,0.0,3.0,3.0,,,,True,True,UNKNOWN,False,False,,,,,,,,,,NPB,2024-08-15 18:00:00,1,,,0,
2021020647,2024-08-16 18:00:00,中日ドラゴンズ,阪神タイガース,2.0,1.0,UNKNOWN,バンテリンドーム ナゴヤ,unknown,low,False,False,2100915.0,1500074.0,[],[],,,,,0,light,2024-08-16 18:00:00+00:00,,UNKNOWN,,,,UNKNOWN,UNKNOWN,,UNKNOWN,,2.571428571428572,0.7142857142857143,7.714285714285714,1.2857142857142858,1.2857142857142858,3.7714285714285714,7.0,2.0,4.0,1.0,1.0,6.0,,,,9.0,3.0,0.0,9.0,0.0,6.2,1.0,1.0,2.0,0.0,1.0,0.0,,,,True,True,UNKNOWN,False,False,,,,,,,,,,NPB,2024-08-16 18:00:00,1,,,0,
2021020649,2024-08-16 18:00:00,オリックス・バファローズ,北海道日本ハムファイターズ,5.0,1.0,UNKNOWN,京セラドーム大阪,excluded,high,False,False,1750903.0,2107872.0,[],[],,,,,0,light,2024-08-16 18:00:00+00:00,,UNKNOWN,,,,UNKNOWN,UNKNOWN,,UNKNOWN,,0.0,0.7058823529411764,7.941176470588235,3.176470588235294,0.0,2.494117647058824,5.666666666666667,0.0,2.0,0.0,2.0,5.0,,,,1.8,0.6,3.6,0.0,0.0,2.4000000000000004,5.0,1.0,3.0,0.0,0.0,2.0,,,,True,True,UNKNOWN,False,False,,,,,,,,,,NPB,2024-08-16 18:00:00,1,,,0,
2021020650,2024-08-16 18:00:00,福岡ソフトバンクホークス,千葉ロッテマリーンズ,4.0,0.0,UNKNOWN,みずほPayPayドーム福岡,unknown,low,False,False,1300050.0,1400117.0,[],[],,,,,0,light,2024-08-16 18:00:00+00:00,,UNKNOWN,,,,UNKNOWN,UNKNOWN,,UNKNOWN,,9.0,1.75,4.5,4.5,4.5,10.2,4.0,4.0,5.0,2.0,2.0,2.0,,,,0.0,0.5555555555555556,3.0,1.0,0.0,2.8666666666666667,9.0,0.0,4.0,0.0,1.0,3.0,,,,True,True,UNKNOWN,False,False,,,,,,,,,,NPB,2024-08-16 18:00:00,1,,,0,
2021020653,2024-08-17 14:00:00,中日ドラゴンズ,阪神タイガース,5.0,5.0,UNKNOWN,バンテリンドーム ナゴヤ,unknown,low,False,False,2000055.0,1660558.0,[],[],,,,,0,light,2024-08-17 14:00:00+00:00,,UNKNOWN,,,,UNKNOWN,UNKNOWN,,UNKNOWN,,5.785714285714286,2.7857142857142856,9.642857142857142,9.642857142857142,0.0,4.271428571428571,4.666666666666667,3.0,8.0,0.0,5.0,5.0,,,,9.0,4.0,4.5,13.5,0.0,6.7,2.0,2.0,5.0,0.0,3.0,1.0,,,,True,True,UNKNOWN,False,False,,,,,,,,,,NPB,2024-08-17 14:00:00,1,,,0,
2021020655,2024-08-17 14:00:00,オリックス・バファローズ,北海道日本ハムファイターズ,3.0,0.0,UNKNOWN,京セラドーム大阪,unknown,low,False,False,1900129.0,1900087.0,[],[],,,,,0,light,2024-08-17 14:00:00+00:00,,UNKNOWN,,,,UNKNOWN,UNKNOWN,,UNKNOWN,,4.5,1.1666666666666667,12.0,1.5,1.5,3.2,6.0,3.0,6.0,1.0,1.0,8.0,,,,0.0,0.5714285714285714,3.857142857142857,1.2857142857142858,0.0,2.771428571428572,7.0,0.0,3.0,0.0,1.0,3.0,,,,True,True,UNKNOWN,False,False,,,,,,,,,,NPB,2024-08-17 14:00:00,1,,,0,
2021020656,2024-08-17 14:00:00,福岡ソフトバンクホークス,千葉ロッテマリーンズ,2.0,5.0,UNKNOWN,みずほPayPayドーム福岡,unknown,low,False,False,1160474.0,1900010.0,[],[],,,,,0,light,2024-08-17 14:00:00+00:00,,UNKNOWN,,,,UNKNOWN,UNKNOWN,,UNKNOWN,,3.6,1.0,5.4,3.6,0.0,3.2,5.0,2.0,3.0,0.0,2.0,3.0,,,,3.0,0.8333333333333334,4.5,6.0,1.5,6.366666666666667,6.0,2.0,1.0,1.0,4.0,3.0,,,,True,True,UNKNOWN,False,False,,,,,,,,,,NPB,2024-08-17 14:00:00,1,,,0,
2021020651,2024-08-17 18:00:00,東京ヤクルトスワローズ,広島東洋カープ,6.0,3.0,UNKNOWN,明治神宮野球場,unknown,low,False,False,1300057.0,1500042.0,[],[],,,,,0,light,2024-08-17 18:00:00+00:00,,UNKNOWN,,,,UNKNOWN,UNKNOWN,,UNKNOWN,,9.529411764705882,1.588235294117647,3.176470588235294,3.176470588235294,0.0,3.5529411764705885,5.666666666666667,6.0,7.0,0.0,2.0,2.0,,,,1.2857142857142858,0.5714285714285714,6.428571428571429,0.0,1.2857142857142858,3.628571428571429,7.0,1.0,4.0,1.0,0.0,5.0,,,,True,True,UNKNOWN,False,False,,,,,,,,,,NPB,2024-08-17 18:00:00,1,,,0,
2021020652,2024-08-17 18:00:00,横浜DeNAベイスターズ,読売ジャイアンツ,1.0,11.0,UNKNOWN,横浜スタジアム,unknown,low,False,False,1900019.0,2112182.0,[],[],,,,,0,light,2024-08-17 18:00:00+00:00,,UNKNOWN,,,,UNKNOWN,UNKNOWN,,UNKNOWN,,1.5,1.0,6.0,3.0,0.0,2.8666666666666667,6.0,1.0,4.0,0.0,2.0,4.0,,,,18.0,3.6666666666666665,9.0,6.0,0.0,3.2,3.0,6.0,9.0,0.0,2.0,3.0,,,,True,True,UNKNOWN,False,False,,,,,,,,,,NPB,2024-08-17 18:00:00,1,,,0,
2021020654,2024-08-17 18:00:00,東北楽天ゴールデンイーグルス,埼玉西武ライオンズ,4.0,11.0,UNKNOWN,楽天モバイルパーク宮城,unknown,low,False,False,1600127.0,2110316.0,[],[],,,,,0,light,2024-08-17 18:00:00+00:00,,UNKNOWN,,,,UNKNOWN,UNKNOWN,,UNKNOWN,,6.0,1.6666666666666667,9.0,4.5,1.5,4.866666666666667,6.0,4.0,7.0,1.0,3.0,6.0,,,,54.0,6.0,9.0,9.0,0.0,4.2,1.0,6.0,5.0,0.0,1.0,1.0,,,,True,True,UNKNOWN,False,False,,,,,,,,,,NPB,2024-08-17 18:00:00,1,,,0,
2021020661,2024-08-18 13:00:00,オリックス・バファローズ,北海道日本ハムファイターズ,5.0,2.0,UNKNOWN,京セラドーム大阪,unknown,low,False,False,2000079.0,2000096.0,[],[],,,,,0,light,2024-08-18 13:00:00+00:00,,UNKNOWN,,,,UNKNOWN,UNKNOWN,,UNKNOWN,,7.941176470588235,1.0588235294117647,6.352941176470588,1.588235294117647,4.764705882352941,9.2,5.666666666666667,5.0,5.0,3.0,1.0,4.0,,,,1.8,1.2,16.2,7.2,0.0,2.0,5.0,1.0,2.0,0.0,4.0,9.0,,,,True,True,UNKNOWN,False,False,,,,,,,,,,NPB,2024-08-18 13:00:00,1,,,0,
2021020662,2024-08-18 13:00:00,福岡ソフトバンクホークス,千葉ロッテマリーンズ,2.0,1.0,UNKNOWN,みずほPayPayドーム福岡,excluded,high,False,False,1600146.0,2107909.0,[],[],,,,,0,light,2024-08-18 13:00:00+00:00,,UNKNOWN,,,,UNKNOWN,UNKNOWN,,UNKNOWN,,2.571428571428572,1.1428571428571428,10.285714285714286,1.2857142857142858,1.2857142857142858,3.2,7.0,2.0,7.0,1.0,1.0,8.0,,,,0.0,0.6,5.4,1.8,0.0,2.6,5.0,0.0,2.0,0.0,1.0,3.0,,,,True,True,UNKNOWN,False,False,,,,,,,,,,NPB,2024-08-18 13:00:00,1,,,0,
2021020659,2024-08-18 13:30:00,中日ドラゴンズ,阪神タイガース,8.0,4.0,UNKNOWN,バンテリンドーム ナゴヤ,unknown,low,False,False,1700137.0,1000138.0,[],[],,,,,0,light,2024-08-18 13:30:00+00:00,,UNKNOWN,,,,UNKNOWN,UNKNOWN,,UNKNOWN,,9.0,2.0,0.0,3.0,0.0,4.2,3.0,3.0,5.0,0.0,1.0,0.0,,,,3.857142857142857,1.1428571428571428,7.714285714285714,1.2857142857142858,1.2857142857142858,3.7714285714285714,7.0,3.0,7.0,1.0,1.0,6.0,,,,True,True,UNKNOWN,False,False,,,,,,,,,,NPB,2024-08-18 13:30:00,1,,,0,
2021020660,2024-08-18 17:00:00,東北楽天ゴールデンイーグルス,埼玉西武ライオンズ,6.0,1.0,UNKNOWN,楽天モバイルパーク宮城,unknown,low,False,False,2105080.0,1900117.0,[],[],,,,,0,light,2024-08-18 17:00:00+00:00,,UNKNOWN,,,,UNKNOWN,UNKNOWN,,UNKNOWN,,10.8,1.8,9.0,0.0,0.0,1.2000000000000002,5.0,6.0,9.0,0.0,0.0,5.0,,,,1.5,0.5,3.0,0.0,0.0,2.5333333333333337,6.0,1.0,3.0,0.0,0.0,2.0,,,,True,True,UNKNOWN,False,False,,,,,,,,,,NPB,2024-08-18 17:00:00,1,,,0,
2021020657,2024-08-18 18:00:00,東京ヤクルトスワローズ,広島東洋カープ,2.0,8.0,UNKNOWN,明治神宮野球場,unknown,low,False,False,1300058.0,12113.0,[],[],,,,,0,light,2024-08-18 18:00:00+00:00,,UNKNOWN,,,,UNKNOWN,UNKNOWN,,UNKNOWN,,1.5,0.6666666666666666,9.0,0.0,1.5,3.3666666666666667,6.0,1.0,4.0,1.0,0.0,6.0,,,,18.0,2.333333333333333,0.0,0.0,6.0,11.866666666666667,3.0,6.0,7.0,2.0,0.0,0.0,,,,True,True,UNKNOWN,False,False,,,,,,,,,,NPB,2024-08-18 18:00:00,1,,,0,
2021020658,2024-08-18 18:00:00,横浜DeNAベイスターズ,読売ジャイアンツ,2.0,1.0,UNKNOWN,横浜スタジアム,unknown,low,False,False,1200041.0,1961374.0,[],[],,,,,0,light,2024-08-18 18:00:00+00:00,,UNKNOWN,,,,UNKNOWN,UNKNOWN,,UNKNOWN,,1.5,0.8333333333333334,6.0,1.5,1.5,4.533333333333333,6.0,1.0,4.0,1.0,1.0,4.0,,,,0.0,0.8333333333333334,4.5,3.0,0.0,3.2,6.0,0.0,3.0,0.0,2.0,3.0,,,,True,True,UNKNOWN,False,False,,,,,,,,,,NPB,2024-08-18 18:00:00,1,,,0,
2021020664,2024-08-20 17:45:00,横浜DeNAベイスターズ,中日ドラゴンズ,4.0,2.0,UNKNOWN,横浜スタジアム,unknown,low,False,False,2000042.0,1800045.0,[],[],,,,,0,light,2024-08-20 17:45:00+00:00,,UNKNOWN,,,,UNKNOWN,UNKNOWN,,UNKNOWN,,5.4,1.7999999999999998,6.75,5.4,0.0,3.5,6.666666666666667,4.0,8.0,0.0,4.0,5.0,,,,3.8571428571428568,1.7142857142857142,7.7142857142857135,3.8571428571428568,0.0,2.771428571428572,4.666666666666667,2.0,6.0,0.0,2.0,4.0,,,,True,True,UNKNOWN,False,False,,,,,,,,,,NPB,2024-08-20 17:45:00,1,,,0,
2021020663,2024-08-20 18:00:00,読売ジャイアンツ,広島東洋カープ,3.0,8.0,UNKNOWN,東京ドーム,unknown,low,False,False,1900052.0,2000006.0,[],[],,,,,0,light,2024-08-20 18:00:00+00:00,,UNKNOWN,,,,UNKNOWN,UNKNOWN,,UNKNOWN,,5.4,2.0,3.6,3.6,1.8,6.2,5.0,3.0,8.0,1.0,2.0,2.0,,,,15.75,2.75,13.5,4.5,0.0,1.7000000000000002,4.0,7.0,9.0,0.0,2.0,6.0,,,,True,True,UNKNOWN,False,False,2024-08-20 09:00:00+00:00,,UNKNOWN,Open-Meteo Historical Forecast,FAIL_CLOSED_NO_ISSUANCE_TIMESTAMP,29.4,76.0,0.0,3.4,NPB,2024-08-20 18:00:00,1,,,0,
2021020663,2024-08-20 18:00:00,読売ジャイアンツ,広島東洋カープ,3.0,8.0,UNKNOWN,東京ドーム,unknown,low,False,False,1900052.0,2000006.0,[],[],,,,,0,light,2024-08-20 18:00:00+00:00,,UNKNOWN,,,,UNKNOWN,UNKNOWN,,UNKNOWN,,5.4,2.0,3.6,3.6,1.8,6.2,5.0,3.0,8.0,1.0,2.0,2.0,,,,15.75,2.75,13.5,4.5,0.0,1.7000000000000002,4.0,7.0,9.0,0.0,2.0,6.0,,,,True,True,UNKNOWN,False,False,2024-08-20 09:00:00+00:00,,UNKNOWN,Open-Meteo Historical Forecast,FAIL_CLOSED_NO_ISSUANCE_TIMESTAMP,29.4,76.0,0.0,3.4,NPB,2024-08-20 18:00:00,1,,,0,
2021020665,2024-08-20 18:00:00,阪神タイガース,東京ヤクルトスワローズ,8.0,3.0,UNKNOWN,京セラドーム大阪,unknown,low,False,False,2103794.0,1600115.0,[],[],,,,,0,light,2024-08-20 18:00:00+00:00,,UNKNOWN,,,,UNKNOWN,UNKNOWN,,UNKNOWN,,5.684210526315789,1.736842105263158,7.105263157894737,5.684210526315789,0.0,3.515789473684211,6.333333333333333,4.0,7.0,0.0,4.0,5.0,,,,0.0,0.7142857142857143,9.0,2.571428571428572,0.0,2.0571428571428574,7.0,0.0,3.0,0.0,2.0,7.0,,,,True,True,UNKNOWN,False,False,,,,,,,,,,NPB,2024-08-20 18:00:00,1,,,0,
2021020666,2024-08-20 18:00:00,東北楽天ゴールデンイーグルス,福岡ソフトバンクホークス,3.0,0.0,UNKNOWN,楽天モバイルパーク宮城,unknown,low,False,False,1700011.0,2000121.0,[],[],,,,,0,light,2024-08-20 18:00:00+00:00,,UNKNOWN,,,,UNKNOWN,UNKNOWN,,UNKNOWN,,5.4,1.8,5.4,3.6,1.8,5.800000000000001,5.0,3.0,7.0,1.0,2.0,3.0,,,,0.0,1.1666666666666667,9.0,0.0,0.0,1.2000000000000002,6.0,0.0,7.0,0.0,0.0,6.0,,,,True,True,UNKNOWN,False,False,,,,,,,,,,NPB,2024-08-20 18:00:00,1,,,0,
2021020667,2024-08-20 18:00:00,埼玉西武ライオンズ,オリックス・バファローズ,1.0,0.0,UNKNOWN,上毛新聞敷島球場,unknown,low,False,False,1700109.0,1400182.0,[],[],,,,,0,light,2024-08-20 18:00:00+00:00,,UNKNOWN,,,,UNKNOWN,UNKNOWN,,UNKNOWN,,0.0,0.6315789473684211,8.526315789473685,1.4210526315789471,0.0,1.7789473684210528,6.333333333333333,0.0,3.0,0.0,1.0,6.0,,,,0.0,1.4,5.4,0.0,0.0,2.0,5.0,0.0,7.0,0.0,0.0,3.0,,,,True,True,UNKNOWN,False,False,,,,,,,,,,NPB,2024-08-20 18:00:00,1,,,0,
2021020668,2024-08-20 18:00:00,千葉ロッテマリーンズ,北海道日本ハムファイターズ,3.0,5.0,UNKNOWN,ZOZOマリンスタジアム,unknown,low,False,False,2107859.0,1800052.0,[],[],,,,,0,light,2024-08-20 18:00:00+00:00,,UNKNOWN,,,,UNKNOWN,UNKNOWN,,UNKNOWN,,5.4,1.6,5.4,0.0,0.0,2.0,5.0,3.0,8.0,0.0,0.0,3.0,,,,9.0,1.8,9.0,0.0,3.6,6.4,5.0,5.0,9.0,2.0,0.0,5.0,,,,True,True,UNKNOWN,False,False,,,,,,,,,,NPB,2024-08-20 18:00:00,1,,,0,
2021020670,2024-08-21 17:45:00,横浜DeNAベイスターズ,中日ドラゴンズ,7.0,1.0,UNKNOWN,横浜スタジアム,unknown,low,False,False,2000050.0,1700058.0,[],[],,,,,0,light,2024-08-21 17:45:00+00:00,,UNKNOWN,,,,UNKNOWN,UNKNOWN,,UNKNOWN,,13.5,3.0,9.0,4.5,2.25,5.95,4.0,6.0,10.0,1.0,2.0,4.0,,,,1.5,0.8333333333333334,10.5,3.0,0.0,1.866666666666667,6.0,1.0,3.0,0.0,2.0,7.0,,,,True,True,UNKNOWN,False,False,,,,,,,,,,NPB,2024-08-21 17:45:00,1,,,0,
2021020669,2024-08-21 18:00:00,読売ジャイアンツ,広島東洋カープ,4.0,1.0,UNKNOWN,東京ドーム,unknown,low,False,False,1600123.0,1961407.0,[],[],,,,,0,light,2024-08-21 18:00:00+00:00,,UNKNOWN,,,,UNKNOWN,UNKNOWN,,UNKNOWN,,1.2857142857142858,1.0,7.714285714285714,2.571428571428572,0.0,2.342857142857143,7.0,1.0,5.0,0.0,2.0,6.0,,,,1.2857142857142858,0.8571428571428571,9.0,0.0,1.2857142857142858,3.0571428571428574,7.0,1.0,6.0,1.0,0.0,7.0,,,,True,True,UNKNOWN,False,False,2024-08-21 09:00:00+00:00,,UNKNOWN,Open-Meteo Historical Forecast,FAIL_CLOSED_NO_ISSUANCE_TIMESTAMP,29.2,78.0,0.0,7.2,NPB,2024-08-21 18:00:00,1,,,0,
2021020669,2024-08-21 18:00:00,読売ジャイアンツ,広島東洋カープ,4.0,1.0,UNKNOWN,東京ドーム,unknown,low,False,False,1600123.0,1961407.0,[],[],,,,,0,light,2024-08-21 18:00:00+00:00,,UNKNOWN,,,,UNKNOWN,UNKNOWN,,UNKNOWN,,1.2857142857142858,1.0,7.714285714285714,2.571428571428572,0.0,2.342857142857143,7.0,1.0,5.0,0.0,2.0,6.0,,,,1.2857142857142858,0.8571428571428571,9.0,0.0,1.2857142857142858,3.0571428571428574,7.0,1.0,6.0,1.0,0.0,7.0,,,,True,True,UNKNOWN,False,False,2024-08-21 09:00:00+00:00,,UNKNOWN,Open-Meteo Historical Forecast,FAIL_CLOSED_NO_ISSUANCE_TIMESTAMP,29.2,78.0,0.0,7.2,NPB,2024-08-21 18:00:00,1,,,0,
2021020671,2024-08-21 18:00:00,阪神タイガース,東京ヤクルトスワローズ,10.0,4.0,UNKNOWN,京セラドーム大阪,unknown,low,False,False,2000139.0,900062.0,[],[],,,,,0,light,2024-08-21 18:00:00+00:00,,UNKNOWN,,,,UNKNOWN,UNKNOWN,,UNKNOWN,,13.5,3.0,2.25,2.25,2.25,6.7,4.0,6.0,11.0,1.0,1.0,1.0,,,,4.5,1.0,6.0,3.0,0.0,2.8666666666666667,6.0,3.0,4.0,0.0,2.0,4.0,,,,True,True,UNKNOWN,False,False,,,,,,,,,,NPB,2024-08-21 18:00:00,1,,,0,
2021020672,2024-08-21 18:00:00,東北楽天ゴールデンイーグルス,福岡ソフトバンクホークス,2.0,1.0,UNKNOWN,楽天モバイルパーク宮城,unknown,low,False,False,1900106.0,2000126.0,[],[],,,,,0,light,2024-08-21 18:00:00+00:00,,UNKNOWN,,,,UNKNOWN,UNKNOWN,,UNKNOWN,,0.0,0.5,4.5,0.0,0.0,2.2,6.0,0.0,3.0,0.0,0.0,3.0,,,,1.4210526315789471,0.9473684210526316,4.2631578947368425,2.8421052631578947,1.4210526315789471,5.252631578947369,6.333333333333333,1.0,4.0,1.0,2.0,3.0,,,,True,True,UNKNOWN,False,False,,,,,,,,,,NPB,2024-08-21 18:00:00,1,,,0,
2021020673,2024-08-21 18:00:00,埼玉西武ライオンズ,オリックス・バファローズ,1.0,0.0,UNKNOWN,ベルーナドーム,unknown,low,False,False,1750595.0,1751148.0,[],[],,,,,0,light,2024-08-21 18:00:00+00:00,,UNKNOWN,,,,UNKNOWN,UNKNOWN,,UNKNOWN,,1.2857142857142858,1.2857142857142858,12.857142857142858,2.571428571428572,0.0,1.2000000000000002,7.0,1.0,7.0,0.0,2.0,10.0,,,,0.0,1.1666666666666667,4.5,1.5,0.0,2.7,6.0,0.0,6.0,0.0,1.0,3.0,,,,True,True,UNKNOWN,False,False,2024-08-21 09:00:00+00:00,,UNKNOWN,Open-Meteo Historical Forecast,FAIL_CLOSED_NO_ISSUANCE_TIMESTAMP,27.3,91.0,0.5,5.6,NPB,2024-08-21 18:00:00,1,,,0,
2021020673,2024-08-21 18:00:00,埼玉西武ライオンズ,オリックス・バファローズ,1.0,0.0,UNKNOWN,ベルーナドーム,unknown,low,False,False,1750595.0,1751148.0,[],[],,,,,0,light,2024-08-21 18:00:00+00:00,,UNKNOWN,,,,UNKNOWN,UNKNOWN,,UNKNOWN,,1.2857142857142858,1.2857142857142858,12.857142857142858,2.571428571428572,0.0,1.2000000000000002,7.0,1.0,7.0,0.0,2.0,10.0,,,,0.0,1.1666666666666667,4.5,1.5,0.0,2.7,6.0,0.0,6.0,0.0,1.0,3.0,,,,True,True,UNKNOWN,False,False,2024-08-21 09:00:00+00:00,,UNKNOWN,Open-Meteo Historical Forecast,FAIL_CLOSED_NO_ISSUANCE_TIMESTAMP,27.3,91.0,0.5,5.6,NPB,2024-08-21 18:00:00,1,,,0,
2021020674,2024-08-21 18:00:00,千葉ロッテマリーンズ,北海道日本ハムファイターズ,1.0,7.0,UNKNOWN,ZOZOマリンスタジアム,unknown,low,False,False,1400195.0,1700002.0,[],[],,,,,0,light,2024-08-21 18:00:00+00:00,,UNKNOWN,,,,UNKNOWN,UNKNOWN,,UNKNOWN,,1.125,1.125,1.125,1.125,0.0,3.325,8.0,1.0,8.0,0.0,1.0,1.0,,,,6.230769230769231,1.8461538461538465,8.307692307692308,4.153846153846154,2.076923076923077,5.738461538461539,4.333333333333333,3.0,6.0,1.0,2.0,4.0,,,,True,True,UNKNOWN,False,False,,,,,,,,,,NPB,2024-08-21 18:00:00,1,,,0,
2021020676,2024-08-22 17:45:00,横浜DeNAベイスターズ,中日ドラゴンズ,8.0,9.0,UNKNOWN,横浜スタジアム,unknown,low,False,False,1200098.0,2103904.0,[],[],,,,,0,light,2024-08-22 17:45:00+00:00,,UNKNOWN,,,,UNKNOWN,UNKNOWN,,UNKNOWN,,11.25,2.0,4.5,2.25,4.5,9.45,4.0,5.0,7.0,2.0,1.0,2.0,,,,2.8421052631578947,1.105263157894737,7.105263157894737,1.4210526315789471,0.0,2.094736842105263,6.333333333333333,2.0,6.0,0.0,1.0,5.0,,,,True,True,UNKNOWN,False,False,,,,,,,,,,NPB,2024-08-22 17:45:00,1,,,0,
2021020675,2024-08-22 18:00:00,読売ジャイアンツ,広島東洋カープ,1.0,2.0,UNKNOWN,東京ドーム,unknown,low,False,False,1600125.0,1800028.0,[],[],,,,,0,light,2024-08-22 18:00:00+00:00,,UNKNOWN,,,,UNKNOWN,UNKNOWN,,UNKNOWN,,1.588235294117647,1.9411764705882355,6.352941176470588,1.588235294117647,0.0,2.3176470588235296,5.666666666666667,1.0,10.0,0.0,1.0,4.0,,,,1.0799999999999998,0.72,8.639999999999999,1.0799999999999998,0.0,1.6400000000000003,8.333333333333334,1.0,5.0,0.0,1.0,8.0,,,,True,True,UNKNOWN,False,False,2024-08-22 09:00:00+00:00,,UNKNOWN,Open-Meteo Historical Forecast,FAIL_CLOSED_NO_ISSUANCE_TIMESTAMP,27.8,85.0,0.0,7.3,NPB,2024-08-22 18:00:00,1,,,0,
2021020675,2024-08-22 18:00:00,読売ジャイアンツ,広島東洋カープ,1.0,2.0,UNKNOWN,東京ドーム,unknown,low,False,False,1600125.0,1800028.0,[],[],,,,,0,light,2024-08-22 18:00:00+00:00,,UNKNOWN,,,,UNKNOWN,UNKNOWN,,UNKNOWN,,1.588235294117647,1.9411764705882355,6.352941176470588,1.588235294117647,0.0,2.3176470588235296,5.666666666666667,1.0,10.0,0.0,1.0,4.0,,,,1.0799999999999998,0.72,8.639999999999999,1.0799999999999998,0.0,1.6400000000000003,8.333333333333334,1.0,5.0,0.0,1.0,8.0,,,,True,True,UNKNOWN,False,False,2024-08-22 09:00:00+00:00,,UNKNOWN,Open-Meteo Historical Forecast,FAIL_CLOSED_NO_ISSUANCE_TIMESTAMP,27.8,85.0,0.0,7.3,NPB,2024-08-22 18:00:00,1,,,0,
2021020677,2024-08-22 18:00:00,阪神タイガース,東京ヤクルトスワローズ,2.0,5.0,UNKNOWN,京セラドーム大阪,excluded,high,False,False,2060039.0,1500090.0,[],[],,,,,0,light,2024-08-22 18:00:00+00:00,,UNKNOWN,,,,UNKNOWN,UNKNOWN,,UNKNOWN,,1.35,1.05,5.4,1.35,0.0,2.45,6.666666666666667,1.0,6.0,0.0,1.0,4.0,,,,1.5,1.3333333333333333,3.0,1.5,0.0,3.0333333333333337,6.0,1.0,7.0,0.0,1.0,2.0,,,,True,True,UNKNOWN,False,False,,,,,,,,,,NPB,2024-08-22 18:00:00,1,,,0,
2021020678,2024-08-22 18:00:00,埼玉西武ライオンズ,オリックス・バファローズ,2.0,1.0,UNKNOWN,ベルーナドーム,unknown,low,False,False,1750543.0,1800081.0,[],[],,,,,0,light,2024-08-22 18:00:00+00:00,,UNKNOWN,,,,UNKNOWN,UNKNOWN,,UNKNOWN,,1.5,0.6666666666666666,7.5,4.5,1.5,5.2,6.0,1.0,1.0,1.0,3.0,5.0,,,,1.4210526315789471,0.7894736842105263,5.684210526315789,2.8421052631578947,0.0,2.8842105263157896,6.333333333333333,1.0,3.0,0.0,2.0,4.0,,,,True,True,UNKNOWN,False,False,2024-08-22 09:00:00+00:00,,UNKNOWN,Open-Meteo Historical Forecast,FAIL_CLOSED_NO_ISSUANCE_TIMESTAMP,26.8,92.0,0.0,5.2,NPB,2024-08-22 18:00:00,1,,,0,
2021020678,2024-08-22 18:00:00,埼玉西武ライオンズ,オリックス・バファローズ,2.0,1.0,UNKNOWN,ベルーナドーム,unknown,low,False,False,1750543.0,1800081.0,[],[],,,,,0,light,2024-08-22 18:00:00+00:00,,UNKNOWN,,,,UNKNOWN,UNKNOWN,,UNKNOWN,,1.5,0.6666666666666666,7.5,4.5,1.5,5.2,6.0,1.0,1.0,1.0,3.0,5.0,,,,1.4210526315789471,0.7894736842105263,5.684210526315789,2.8421052631578947,0.0,2.8842105263157896,6.333333333333333,1.0,3.0,0.0,2.0,4.0,,,,True,True,UNKNOWN,False,False,2024-08-22 09:00:00+00:00,,UNKNOWN,Open-Meteo Historical Forecast,FAIL_CLOSED_NO_ISSUANCE_TIMESTAMP,26.8,92.0,0.0,5.2,NPB,2024-08-22 18:00:00,1,,,0,
2021020679,2024-08-22 18:00:00,千葉ロッテマリーンズ,北海道日本ハムファイターズ,3.0,4.0,UNKNOWN,ZOZOマリンスタジアム,unknown,low,False,False,1500110.0,1900080.0,[],[],,,,,0,light,2024-08-22 18:00:00+00:00,,UNKNOWN,,,,UNKNOWN,UNKNOWN,,UNKNOWN,,4.5,1.6666666666666667,7.5,3.0,1.5,4.7,6.0,3.0,8.0,1.0,2.0,5.0,,,,6.0,1.8333333333333333,12.0,7.5,0.0,3.0333333333333337,6.0,4.0,6.0,0.0,5.0,8.0,,,,True,True,UNKNOWN,False,False,,,,,,,,,,NPB,2024-08-22 18:00:00,1,,,0,
2021020680,2024-08-23 18:00:00,読売ジャイアンツ,中日ドラゴンズ,2.0,8.0,UNKNOWN,東京ドーム,excluded,high,False,False,1200055.0,1850035.0,[],[],,,,,0,light,2024-08-23 18:00:00+00:00,,UNKNOWN,,,,UNKNOWN,UNKNOWN,,UNKNOWN,,3.0,1.0,1.5,0.0,0.0,2.8666666666666667,6.0,2.0,6.0,0.0,0.0,1.0,,,,7.2,1.8,1.8,5.4,0.0,4.6,5.0,4.0,6.0,0.0,3.0,1.0,,,,True,True,UNKNOWN,False,False,2024-08-23 09:00:00+00:00,,UNKNOWN,Open-Meteo Historical Forecast,FAIL_CLOSED_NO_ISSUANCE_TIMESTAMP,28.3,84.0,0.0,7.6,NPB,2024-08-23 18:00:00,1,,,0,
2021020680,2024-08-23 18:00:00,読売ジャイアンツ,中日ドラゴンズ,2.0,8.0,UNKNOWN,東京ドーム,excluded,high,False,False,1200055.0,1850035.0,[],[],,,,,0,light,2024-08-23 18:00:00+00:00,,UNKNOWN,,,,UNKNOWN,UNKNOWN,,UNKNOWN,,3.0,1.0,1.5,0.0,0.0,2.8666666666666667,6.0,2.0,6.0,0.0,0.0,1.0,,,,7.2,1.8,1.8,5.4,0.0,4.6,5.0,4.0,6.0,0.0,3.0,1.0,,,,True,True,UNKNOWN,False,False,2024-08-23 09:00:00+00:00,,UNKNOWN,Open-Meteo Historical Forecast,FAIL_CLOSED_NO_ISSUANCE_TIMESTAMP,28.3,84.0,0.0,7.6,NPB,2024-08-23 18:00:00,1,,,0,
2021020681,2024-08-23 18:00:00,東京ヤクルトスワローズ,横浜DeNAベイスターズ,2.0,5.0,UNKNOWN,明治神宮野球場,unknown,low,False,False,2105707.0,1300045.0,[],[],,,,,0,light,2024-08-23 18:00:00+00:00,,UNKNOWN,,,,UNKNOWN,UNKNOWN,,UNKNOWN,,3.6,1.2,7.2,1.8,1.8,4.800000000000001,5.0,2.0,5.0,1.0,1.0,4.0,,,,3.6,1.0,3.6,1.8,1.8,5.6,5.0,2.0,4.0,1.0,1.0,2.0,,,,True,True,UNKNOWN,False,False,,,,,,,,,,NPB,2024-08-23 18:00:00,1,,,0,
2021020682,2024-08-23 18:00:00,広島東洋カープ,阪神タイガース,1.0,3.0,UNKNOWN,MAZDA Zoom-Zoom スタジアム広島,unknown,low,False,False,1700078.0,1900057.0,[],[],,,,,0,light,2024-08-23 18:00:00+00:00,,UNKNOWN,,,,UNKNOWN,UNKNOWN,,UNKNOWN,,1.5,0.6666666666666666,10.5,0.0,0.0,0.8666666666666667,6.0,1.0,4.0,0.0,0.0,7.0,,,,4.5,1.3333333333333333,6.0,1.5,0.0,2.3666666666666667,6.0,3.0,7.0,0.0,1.0,4.0,,,,True,True,UNKNOWN,False,False,,,,,,,,,,NPB,2024-08-23 18:00:00,1,,,0,
2021020683,2024-08-23 18:00:00,北海道日本ハムファイターズ,福岡ソフトバンクホークス,5.0,6.0,UNKNOWN,ES CON FIELD HOKKAIDO,unknown,low,False,False,1400117.0,2100027.0,[],[],,,,,0,light,2024-08-23 18:00:00+00:00,,UNKNOWN,,,,UNKNOWN,UNKNOWN,,UNKNOWN,,6.0,1.8333333333333333,9.0,3.0,0.0,2.2,6.0,4.0,9.0,0.0,2.0,6.0,,,,12.272727272727272,2.181818181818182,4.909090909090909,2.4545454545454546,4.909090909090909,10.01818181818182,3.6666666666666665,5.0,7.0,2.0,1.0,2.0,,,,True,True,UNKNOWN,False,False,,,,,,,,,,NPB,2024-08-23 18:00:00,1,,,0,
2021020684,2024-08-23 18:00:00,埼玉西武ライオンズ,東北楽天ゴールデンイーグルス,1.0,2.0,UNKNOWN,ベルーナドーム,unknown,low,False,False,2000123.0,1800080.0,[],[],,,,,0,light,2024-08-23 18:00:00+00:00,,UNKNOWN,,,,UNKNOWN,UNKNOWN,,UNKNOWN,,0.0,0.6666666666666666,4.5,1.5,0.0,2.7,6.0,0.0,3.0,0.0,1.0,3.0,,,,3.0,1.3333333333333333,12.0,3.0,3.0,5.866666666666667,3.0,1.0,3.0,1.0,1.0,4.0,,,,True,True,UNKNOWN,False,False,2024-08-23 09:00:00+00:00,,UNKNOWN,Open-Meteo Historical Forecast,FAIL_CLOSED_NO_ISSUANCE_TIMESTAMP,28.3,82.0,0.0,6.9,NPB,2024-08-23 18:00:00,1,,,0,
2021020684,2024-08-23 18:00:00,埼玉西武ライオンズ,東北楽天ゴールデンイーグルス,1.0,2.0,UNKNOWN,ベルーナドーム,unknown,low,False,False,2000123.0,1800080.0,[],[],,,,,0,light,2024-08-23 18:00:00+00:00,,UNKNOWN,,,,UNKNOWN,UNKNOWN,,UNKNOWN,,0.0,0.6666666666666666,4.5,1.5,0.0,2.7,6.0,0.0,3.0,0.0,1.0,3.0,,,,3.0,1.3333333333333333,12.0,3.0,3.0,5.866666666666667,3.0,1.0,3.0,1.0,1.0,4.0,,,,True,True,UNKNOWN,False,False,2024-08-23 09:00:00+00:00,,UNKNOWN,Open-Meteo Historical Forecast,FAIL_CLOSED_NO_ISSUANCE_TIMESTAMP,28.3,82.0,0.0,6.9,NPB,2024-08-23 18:00:00,1,,,0,
2021020685,2024-08-23 18:00:00,オリックス・バファローズ,千葉ロッテマリーンズ,1.0,0.0,UNKNOWN,京セラドーム大阪,unknown,low,False,False,1160474.0,2101291.0,[],[],,,,,0,light,2024-08-23 18:00:00+00:00,,UNKNOWN,,,,UNKNOWN,UNKNOWN,,UNKNOWN,,0.0,0.7142857142857143,6.428571428571429,2.571428571428572,0.0,2.628571428571429,7.0,0.0,3.0,0.0,2.0,5.0,,,,0.0,0.6,10.8,1.8,0.0,1.4,5.0,0.0,2.0,0.0,1.0,6.0,,,,True,True,UNKNOWN,False,False,,,,,,,,,,NPB,2024-08-23 18:00:00,1,,,0,
2021020686,2024-08-24 14:00:00,読売ジャイアンツ,中日ドラゴンズ,6.0,2.0,UNKNOWN,東京ドーム,excluded,high,False,False,1600106.0,1900019.0,[],[],,,,,0,light,2024-08-24 14:00:00+00:00,,UNKNOWN,,,,UNKNOWN,UNKNOWN,,UNKNOWN,,5.4,2.2,5.4,5.4,1.8,6.4,5.0,3.0,8.0,1.0,3.0,3.0,,,,2.8421052631578947,1.2631578947368425,11.36842105263158,2.8421052631578947,1.4210526315789471,3.673684210526316,6.333333333333333,2.0,6.0,1.0,2.0,8.0,,,,True,True,UNKNOWN,False,False,2024-08-24 05:00:00+00:00,,UNKNOWN,Open-Meteo Historical Forecast,FAIL_CLOSED_NO_ISSUANCE_TIMESTAMP,31.2,75.0,0.0,4.3,NPB,2024-08-24 14:00:00,1,,,0,
2021020686,2024-08-24 14:00:00,読売ジャイアンツ,中日ドラゴンズ,6.0,2.0,UNKNOWN,東京ドーム,excluded,high,False,False,1600106.0,1900019.0,[],[],,,,,0,light,2024-08-24 14:00:00+00:00,,UNKNOWN,,,,UNKNOWN,UNKNOWN,,UNKNOWN,,5.4,2.2,5.4,5.4,1.8,6.4,5.0,3.0,8.0,1.0,3.0,3.0,,,,2.8421052631578947,1.2631578947368425,11.36842105263158,2.8421052631578947,1.4210526315789471,3.673684210526316,6.333333333333333,2.0,6.0,1.0,2.0,8.0,,,,True,True,UNKNOWN,False,False,2024-08-24 05:00:00+00:00,,UNKNOWN,Open-Meteo Historical Forecast,FAIL_CLOSED_NO_ISSUANCE_TIMESTAMP,31.2,75.0,0.0,4.3,NPB,2024-08-24 14:00:00,1,,,0,
2021020689,2024-08-24 15:00:00,北海道日本ハムファイターズ,福岡ソフトバンクホークス,6.0,1.0,UNKNOWN,ES CON FIELD HOKKAIDO,unknown,low,False,False,1900010.0,1750903.0,[],[],,,,,0,light,2024-08-24 15:00:00+00:00,,UNKNOWN,,,,UNKNOWN,UNKNOWN,,UNKNOWN,,3.0,1.3333333333333333,4.5,6.0,0.0,4.2,6.0,2.0,4.0,0.0,4.0,3.0,,,,0.0,0.5,11.25,1.125,0.0,1.0750000000000002,8.0,0.0,3.0,0.0,1.0,10.0,,,,True,True,UNKNOWN,False,False,,,,,,,,,,NPB,2024-08-24 15:00:00,1,,,0,
2021020691,2024-08-24 15:00:00,オリックス・バファローズ,千葉ロッテマリーンズ,0.0,1.0,UNKNOWN,京セラドーム大阪,unknown,low,False,False,900081.0,1900087.0,[],[],,,,,0,light,2024-08-24 15:00:00+00:00,,UNKNOWN,,,,UNKNOWN,UNKNOWN,,UNKNOWN,,0.0,1.0,6.0,4.5,0.0,3.3666666666666667,6.0,0.0,3.0,0.0,3.0,4.0,,,,0.0,0.625,6.75,0.0,0.0,1.7000000000000002,8.0,0.0,5.0,0.0,0.0,6.0,,,,True,True,UNKNOWN,False,False,,,,,,,,,,NPB,2024-08-24 15:00:00,1,,,0,
2021020690,2024-08-24 17:00:00,埼玉西武ライオンズ,東北楽天ゴールデンイーグルス,3.0,2.0,UNKNOWN,ベルーナドーム,unknown,low,False,False,700065.0,1600127.0,[],[],,,,,0,light,2024-08-24 17:00:00+00:00,,UNKNOWN,,,,UNKNOWN,UNKNOWN,,UNKNOWN,,4.05,0.75,8.1,1.35,1.35,3.8,6.666666666666667,3.0,4.0,1.0,1.0,6.0,,,,2.571428571428572,1.1428571428571428,7.714285714285714,5.142857142857143,0.0,3.2,7.0,2.0,4.0,0.0,4.0,6.0,,,,True,True,UNKNOWN,False,False,2024-08-24 08:00:00+00:00,,UNKNOWN,Open-Meteo Historical Forecast,FAIL_CLOSED_NO_ISSUANCE_TIMESTAMP,29.4,80.0,0.0,6.5,NPB,2024-08-24 17:00:00,1,,,0,
2021020690,2024-08-24 17:00:00,埼玉西武ライオンズ,東北楽天ゴールデンイーグルス,3.0,2.0,UNKNOWN,ベルーナドーム,unknown,low,False,False,700065.0,1600127.0,[],[],,,,,0,light,2024-08-24 17:00:00+00:00,,UNKNOWN,,,,UNKNOWN,UNKNOWN,,UNKNOWN,,4.05,0.75,8.1,1.35,1.35,3.8,6.666666666666667,3.0,4.0,1.0,1.0,6.0,,,,2.571428571428572,1.1428571428571428,7.714285714285714,5.142857142857143,0.0,3.2,7.0,2.0,4.0,0.0,4.0,6.0,,,,True,True,UNKNOWN,False,False,2024-08-24 08:00:00+00:00,,UNKNOWN,Open-Meteo Historical Forecast,FAIL_CLOSED_NO_ISSUANCE_TIMESTAMP,29.4,80.0,0.0,6.5,NPB,2024-08-24 17:00:00,1,,,0,
2021020687,2024-08-24 18:00:00,東京ヤクルトスワローズ,横浜DeNAベイスターズ,3.0,0.0,UNKNOWN,明治神宮野球場,unknown,low,False,False,2112182.0,1500042.0,[],[],,,,,0,light,2024-08-24 18:00:00+00:00,,UNKNOWN,,,,UNKNOWN,UNKNOWN,,UNKNOWN,,7.363636363636364,2.181818181818182,9.818181818181818,2.4545454545454546,2.4545454545454546,5.381818181818183,3.6666666666666665,3.0,7.0,1.0,1.0,4.0,,,,0.0,1.0,6.428571428571429,3.857142857142857,0.0,3.0571428571428574,7.0,0.0,4.0,0.0,3.0,5.0,,,,True,True,UNKNOWN,False,False,,,,,,,,,,NPB,2024-08-24 18:00:00,1,,,0,
2021020688,2024-08-24 18:00:00,広島東洋カープ,阪神タイガース,2.0,1.0,UNKNOWN,MAZDA Zoom-Zoom スタジアム広島,excluded,high,False,False,2104016.0,1300057.0,[],[],,,,,0,light,2024-08-24 18:00:00+00:00,,UNKNOWN,,,,UNKNOWN,UNKNOWN,,UNKNOWN,,3.6,1.4,7.2,1.8,0.0,2.2,5.0,2.0,6.0,0.0,1.0,4.0,,,,1.588235294117647,0.8823529411764706,4.764705882352941,4.764705882352941,0.0,3.7294117647058815,5.666666666666667,1.0,2.0,0.0,3.0,3.0,,,,True,True,UNKNOWN,False,False,,,,,,,,,,NPB,2024-08-24 18:00:00,1,,,0,
2021020695,2024-08-25 13:00:00,北海道日本ハムファイターズ,福岡ソフトバンクホークス,5.0,3.0,UNKNOWN,ES CON FIELD HOKKAIDO,unknown,low,False,False,2107909.0,2000079.0,[],[],,,,,0,light,2024-08-25 13:00:00+00:00,,UNKNOWN,,,,UNKNOWN,UNKNOWN,,UNKNOWN,,10.8,2.1,10.8,2.7,2.7,5.6,3.333333333333333,4.0,6.0,1.0,1.0,4.0,,,,5.4,1.4,16.2,3.6,0.0,0.8000000000000003,5.0,3.0,5.0,0.0,2.0,9.0,,,,True,True,UNKNOWN,False,False,,,,,,,,,,NPB,2024-08-25 13:00:00,1,,,0,
2021020697,2024-08-25 13:00:00,オリックス・バファローズ,千葉ロッテマリーンズ,2.0,0.0,UNKNOWN,京セラドーム大阪,unknown,low,False,False,1600146.0,2108177.0,[],[],,,,,0,light,2024-08-25 13:00:00+00:00,,UNKNOWN,,,,UNKNOWN,UNKNOWN,,UNKNOWN,,2.571428571428572,1.4285714285714286,10.285714285714286,0.0,0.0,0.9142857142857146,7.0,2.0,10.0,0.0,0.0,8.0,,,,0.0,1.1666666666666667,3.0,4.5,0.0,4.033333333333333,6.0,0.0,4.0,0.0,3.0,2.0,,,,True,True,UNKNOWN,False,False,,,,,,,,,,NPB,2024-08-25 13:00:00,1,,,0,
2021020692,2024-08-25 14:00:00,読売ジャイアンツ,中日ドラゴンズ,2.0,0.0,UNKNOWN,東京ドーム,unknown,low,False,False,1000138.0,1200041.0,[],[],,,,,0,light,2024-08-25 14:00:00+00:00,,UNKNOWN,,,,UNKNOWN,UNKNOWN,,UNKNOWN,,2.571428571428572,0.5714285714285714,6.428571428571429,2.571428571428572,1.2857142857142858,4.485714285714286,7.0,2.0,2.0,1.0,2.0,5.0,,,,0.0,0.6818181818181819,9.818181818181818,0.0,0.0,1.018181818181818,7.333333333333333,0.0,5.0,0.0,0.0,8.0,,,,True,True,UNKNOWN,False,False,2024-08-25 05:00:00+00:00,,UNKNOWN,Open-Meteo Historical Forecast,FAIL_CLOSED_NO_ISSUANCE_TIMESTAMP,32.0,73.0,0.1,6.8,NPB,2024-08-25 14:00:00,1,,,0,
2021020692,2024-08-25 14:00:00,読売ジャイアンツ,中日ドラゴンズ,2.0,0.0,UNKNOWN,東京ドーム,unknown,low,False,False,1000138.0,1200041.0,[],[],,,,,0,light,2024-08-25 14:00:00+00:00,,UNKNOWN,,,,UNKNOWN,UNKNOWN,,UNKNOWN,,2.571428571428572,0.5714285714285714,6.428571428571429,2.571428571428572,1.2857142857142858,4.485714285714286,7.0,2.0,2.0,1.0,2.0,5.0,,,,0.0,0.6818181818181819,9.818181818181818,0.0,0.0,1.018181818181818,7.333333333333333,0.0,5.0,0.0,0.0,8.0,,,,True,True,UNKNOWN,False,False,2024-08-25 05:00:00+00:00,,UNKNOWN,Open-Meteo Historical Forecast,FAIL_CLOSED_NO_ISSUANCE_TIMESTAMP,32.0,73.0,0.1,6.8,NPB,2024-08-25 14:00:00,1,,,0,
2021020693,2024-08-25 17:00:00,東京ヤクルトスワローズ,横浜DeNAベイスターズ,4.0,10.0,UNKNOWN,明治神宮野球場,unknown,low,False,False,1961374.0,2000025.0,[],[],,,,,0,light,2024-08-25 17:00:00+00:00,,UNKNOWN,,,,UNKNOWN,UNKNOWN,,UNKNOWN,,5.785714285714286,2.357142857142857,3.8571428571428568,1.9285714285714284,1.9285714285714284,5.771428571428571,4.666666666666667,3.0,10.0,1.0,1.0,2.0,,,,6.0,2.6666666666666665,15.0,3.0,6.0,9.533333333333331,3.0,2.0,7.0,2.0,1.0,5.0,,,,True,True,UNKNOWN,False,False,,,,,,,,,,NPB,2024-08-25 17:00:00,1,,,0,
2021020696,2024-08-25 17:00:00,埼玉西武ライオンズ,東北楽天ゴールデンイーグルス,0.0,2.0,UNKNOWN,ベルーナドーム,unknown,low,False,False,2110316.0,2105080.0,[],[],,,,,0,light,2024-08-25 17:00:00+00:00,,UNKNOWN,,,,UNKNOWN,UNKNOWN,,UNKNOWN,,0.0,0.8,7.2,5.4,0.0,3.4000000000000004,5.0,0.0,1.0,0.0,3.0,4.0,,,,2.571428571428572,1.1428571428571428,7.714285714285714,0.0,1.2857142857142858,3.342857142857143,7.0,2.0,8.0,1.0,0.0,6.0,,,,True,True,UNKNOWN,False,False,2024-08-25 08:00:00+00:00,,UNKNOWN,Open-Meteo Historical Forecast,FAIL_CLOSED_NO_ISSUANCE_TIMESTAMP,29.0,76.0,0.0,8.7,NPB,2024-08-25 17:00:00,1,,,0,
2021020696,2024-08-25 17:00:00,埼玉西武ライオンズ,東北楽天ゴールデンイーグルス,0.0,2.0,UNKNOWN,ベルーナドーム,unknown,low,False,False,2110316.0,2105080.0,[],[],,,,,0,light,2024-08-25 17:00:00+00:00,,UNKNOWN,,,,UNKNOWN,UNKNOWN,,UNKNOWN,,0.0,0.8,7.2,5.4,0.0,3.4000000000000004,5.0,0.0,1.0,0.0,3.0,4.0,,,,2.571428571428572,1.1428571428571428,7.714285714285714,0.0,1.2857142857142858,3.342857142857143,7.0,2.0,8.0,1.0,0.0,6.0,,,,True,True,UNKNOWN,False,False,2024-08-25 08:00:00+00:00,,UNKNOWN,Open-Meteo Historical Forecast,FAIL_CLOSED_NO_ISSUANCE_TIMESTAMP,29.0,76.0,0.0,8.7,NPB,2024-08-25 17:00:00,1,,,0,
2021020694,2024-08-25 18:00:00,広島東洋カープ,阪神タイガース,5.0,7.0,UNKNOWN,MAZDA Zoom-Zoom スタジアム広島,unknown,low,False,False,1700137.0,2103788.0,[],[],,,,,0,light,2024-08-25 18:00:00+00:00,,UNKNOWN,,,,UNKNOWN,UNKNOWN,,UNKNOWN,,3.0,1.1666666666666667,3.0,3.0,0.0,3.5333333333333337,6.0,2.0,5.0,0.0,2.0,2.0,,,,9.0,2.0,6.75,2.25,2.25,5.7,4.0,4.0,7.0,1.0,1.0,3.0,,,,True,True,UNKNOWN,False,False,,,,,,,,,,NPB,2024-08-25 18:00:00,1,,,0,
2021020698,2024-08-27 18:00:00,東京ヤクルトスワローズ,読売ジャイアンツ,2.0,5.0,UNKNOWN,明治神宮野球場,unknown,low,False,False,2000006.0,2103794.0,[],[],,,,,0,light,2024-08-27 18:00:00+00:00,,UNKNOWN,,,,UNKNOWN,UNKNOWN,,UNKNOWN,,3.6,2.0,9.0,3.6,0.0,2.4000000000000004,5.0,2.0,8.0,0.0,2.0,5.0,,,,9.0,1.75,6.75,2.25,0.0,2.45,4.0,4.0,6.0,0.0,1.0,3.0,,,,True,True,UNKNOWN,False,False,,,,,,,,,,NPB,2024-08-27 18:00:00,1,,,0,
2021020699,2024-08-27 18:00:00,横浜DeNAベイスターズ,阪神タイガース,10.0,4.0,UNKNOWN,横浜スタジアム,unknown,low,False,False,2000052.0,1800045.0,[],[],,,,,0,light,2024-08-27 18:00:00+00:00,,UNKNOWN,,,,UNKNOWN,UNKNOWN,,UNKNOWN,,12.0,2.333333333333333,6.0,6.0,0.0,3.866666666666666,3.0,4.0,5.0,0.0,2.0,2.0,,,,3.0,1.5,6.0,4.5,0.0,3.3666666666666667,6.0,2.0,6.0,0.0,3.0,4.0,,,,True,True,UNKNOWN,False,False,,,,,,,,,,NPB,2024-08-27 18:00:00,1,,,0,
2021020700,2024-08-27 18:00:00,中日ドラゴンズ,広島東洋カープ,2.0,1.0,UNKNOWN,バンテリンドーム ナゴヤ,unknown,low,False,False,1900052.0,2000042.0,[],[],,,,,0,light,2024-08-27 18:00:00+00:00,,UNKNOWN,,,,UNKNOWN,UNKNOWN,,UNKNOWN,,0.0,0.7142857142857143,10.285714285714286,1.2857142857142858,0.0,1.342857142857143,7.0,0.0,4.0,0.0,1.0,8.0,,,,1.2857142857142858,0.7142857142857143,7.714285714285714,1.2857142857142858,0.0,1.9142857142857144,7.0,1.0,4.0,0.0,1.0,6.0,,,,True,True,UNKNOWN,False,False,,,,,,,,,,NPB,2024-08-27 18:00:00,1,,,0,
2021020701,2024-08-27 18:00:00,北海道日本ハムファイターズ,東北楽天ゴールデンイーグルス,3.0,3.0,UNKNOWN,ES CON FIELD HOKKAIDO,unknown,low,False,False,2000121.0,2107859.0,[],[],,,,,0,light,2024-08-27 18:00:00+00:00,,UNKNOWN,,,,UNKNOWN,UNKNOWN,,UNKNOWN,,2.571428571428572,1.0,5.142857142857143,0.0,1.2857142857142858,3.9142857142857146,7.0,2.0,7.0,1.0,0.0,4.0,,,,1.6875,1.5,11.8125,3.375,0.0,1.7000000000000002,5.333333333333333,1.0,6.0,0.0,2.0,7.0,,,,True,True,UNKNOWN,False,False,,,,,,,,,,NPB,2024-08-27 18:00:00,1,,,0,
2021020702,2024-08-27 18:00:00,千葉ロッテマリーンズ,埼玉西武ライオンズ,2.0,0.0,UNKNOWN,ZOZOマリンスタジアム,unknown,low,False,False,1400182.0,1800052.0,[],[],,,,,0,light,2024-08-27 18:00:00+00:00,,UNKNOWN,,,,UNKNOWN,UNKNOWN,,UNKNOWN,,3.0,1.6666666666666667,10.5,4.5,0.0,2.3666666666666667,6.0,2.0,7.0,0.0,3.0,7.0,,,,0.0,1.1428571428571428,2.571428571428572,2.571428571428572,0.0,3.4857142857142858,7.0,0.0,6.0,0.0,2.0,2.0,,,,True,True,UNKNOWN,False,False,,,,,,,,,,NPB,2024-08-27 18:00:00,1,,,0,
2021020703,2024-08-27 18:00:00,福岡ソフトバンクホークス,オリックス・バファローズ,3.0,1.0,UNKNOWN,みずほPayPayドーム福岡,unknown,low,False,False,1700109.0,1700011.0,[],[],,,,,0,light,2024-08-27 18:00:00+00:00,,UNKNOWN,,,,UNKNOWN,UNKNOWN,,UNKNOWN,,4.5,1.3333333333333333,7.5,1.5,1.5,4.2,6.0,3.0,7.0,1.0,1.0,5.0,,,,1.5,1.0,6.0,4.5,0.0,3.3666666666666667,6.0,1.0,3.0,0.0,3.0,4.0,,,,True,True,UNKNOWN,False,False,,,,,,,,,,NPB,2024-08-27 18:00:00,1,,,0,
2021020704,2024-08-28 18:00:00,東京ヤクルトスワローズ,読売ジャイアンツ,2.0,3.0,UNKNOWN,明治神宮野球場,unknown,low,False,False,1961407.0,2000139.0,[],[],,,,,0,light,2024-08-28 18:00:00+00:00,,UNKNOWN,,,,UNKNOWN,UNKNOWN,,UNKNOWN,,3.0,1.0,12.0,1.5,0.0,1.0333333333333337,6.0,2.0,5.0,0.0,1.0,8.0,,,,4.5,1.0,3.0,1.5,1.5,5.2,6.0,3.0,5.0,1.0,1.0,2.0,,,,True,True,UNKNOWN,False,False,,,,,,,,,,NPB,2024-08-28 18:00:00,1,,,0,
2021020705,2024-08-28 18:00:00,横浜DeNAベイスターズ,阪神タイガース,3.0,2.0,UNKNOWN,横浜スタジアム,unknown,low,False,False,2000055.0,1700058.0,[],[],,,,,0,light,2024-08-28 18:00:00+00:00,,UNKNOWN,,,,UNKNOWN,UNKNOWN,,UNKNOWN,,4.5,0.8333333333333334,10.5,0.0,1.5,3.0333333333333337,6.0,3.0,5.0,1.0,0.0,7.0,,,,2.571428571428572,1.1428571428571428,10.285714285714286,0.0,1.2857142857142858,2.771428571428572,7.0,2.0,8.0,1.0,0.0,8.0,,,,True,True,UNKNOWN,False,False,,,,,,,,,,NPB,2024-08-28 18:00:00,1,,,0,
2021020706,2024-08-28 18:00:00,中日ドラゴンズ,広島東洋カープ,1.0,2.0,UNKNOWN,バンテリンドーム ナゴヤ,unknown,low,False,False,1600123.0,1500074.0,[],[],,,,,0,light,2024-08-28 18:00:00+00:00,,UNKNOWN,,,,UNKNOWN,UNKNOWN,,UNKNOWN,,1.2272727272727273,0.9545454545454546,3.681818181818182,0.0,1.2272727272727273,4.154545454545454,7.333333333333333,1.0,7.0,1.0,0.0,3.0,,,,2.25,1.125,3.375,0.0,0.0,2.45,8.0,2.0,9.0,0.0,0.0,3.0,,,,True,True,UNKNOWN,False,False,,,,,,,,,,NPB,2024-08-28 18:00:00,1,,,0,
2021020707,2024-08-28 18:00:00,北海道日本ハムファイターズ,東北楽天ゴールデンイーグルス,5.0,9.0,UNKNOWN,ES CON FIELD HOKKAIDO,unknown,low,False,False,2000126.0,1400195.0,[],[],,,,,0,light,2024-08-28 18:00:00+00:00,,UNKNOWN,,,,UNKNOWN,UNKNOWN,,UNKNOWN,,7.7142857142857135,1.7142857142857142,3.8571428571428568,0.0,3.8571428571428568,7.914285714285715,4.666666666666667,4.0,8.0,2.0,0.0,2.0,,,,11.25,1.5,0.0,0.0,6.75,12.95,4.0,5.0,6.0,3.0,0.0,0.0,,,,True,True,UNKNOWN,False,False,,,,,,,,,,NPB,2024-08-28 18:00:00,1,,,0,
2021020708,2024-08-28 18:00:00,千葉ロッテマリーンズ,埼玉西武ライオンズ,4.0,3.0,UNKNOWN,ZOZOマリンスタジアム,unknown,low,False,False,1751148.0,800060.0,[],[],,,,,0,light,2024-08-28 18:00:00+00:00,,UNKNOWN,,,,UNKNOWN,UNKNOWN,,UNKNOWN,,2.571428571428572,0.7142857142857143,7.714285714285714,1.2857142857142858,0.0,1.9142857142857144,7.0,2.0,4.0,0.0,1.0,6.0,,,,4.5,1.1666666666666667,9.0,0.0,1.5,3.3666666666666667,6.0,3.0,7.0,1.0,0.0,6.0,,,,True,True,UNKNOWN,False,False,,,,,,,,,,NPB,2024-08-28 18:00:00,1,,,0,
2021020709,2024-08-28 18:00:00,福岡ソフトバンクホークス,オリックス・バファローズ,1.0,4.0,UNKNOWN,長崎ビッグNスタジアム,unknown,low,False,False,2000096.0,1900106.0,[],[],,,,,0,light,2024-08-28 18:00:00+00:00,,UNKNOWN,,,,UNKNOWN,UNKNOWN,,UNKNOWN,,1.2857142857142858,0.5714285714285714,9.0,2.571428571428572,1.2857142857142858,3.9142857142857146,7.0,1.0,2.0,1.0,2.0,7.0,,,,4.05,1.35,5.4,4.05,0.0,3.35,6.666666666666667,3.0,6.0,0.0,3.0,4.0,,,,True,True,UNKNOWN,False,False,,,,,,,,,,NPB,2024-08-28 18:00:00,1,,,0,
2021020712,2024-08-29 18:00:00,中日ドラゴンズ,広島東洋カープ,5.0,1.0,UNKNOWN,バンテリンドーム ナゴヤ,unknown,low,False,False,1300058.0,1200098.0,[],[],,,,,0,light,2024-08-29 18:00:00+00:00,,UNKNOWN,,,,UNKNOWN,UNKNOWN,,UNKNOWN,,4.5,0.75,9.0,0.0,2.25,4.45,4.0,2.0,3.0,1.0,0.0,4.0,,,,1.8,0.6,3.6,0.0,0.0,2.4000000000000004,5.0,1.0,3.0,0.0,0.0,2.0,,,,True,True,UNKNOWN,False,False,,,,,,,,,,NPB,2024-08-29 18:00:00,1,,,0,
2021020713,2024-08-29 18:00:00,千葉ロッテマリーンズ,埼玉西武ライオンズ,0.0,8.0,UNKNOWN,ZOZOマリンスタジアム,unknown,low,False,False,1800081.0,1160474.0,[],[],,,,,0,light,2024-08-29 18:00:00+00:00,,UNKNOWN,,,,UNKNOWN,UNKNOWN,,UNKNOWN,,0.0,0.8823529411764706,6.352941176470588,1.588235294117647,0.0,2.3176470588235296,5.666666666666667,0.0,4.0,0.0,1.0,4.0,,,,3.6,1.6,10.8,3.6,1.8,4.6,5.0,2.0,6.0,1.0,2.0,6.0,,,,True,True,UNKNOWN,False,False,,,,,,,,,,NPB,2024-08-29 18:00:00,1,,,0,
2021020717,2024-08-30 18:00:00,東北楽天ゴールデンイーグルス,オリックス・バファローズ,0.0,2.0,UNKNOWN,楽天モバイルパーク宮城,unknown,low,False,False,1750595.0,2000123.0,[],[],,,,,0,light,2024-08-30 18:00:00+00:00,,UNKNOWN,,,,UNKNOWN,UNKNOWN,,UNKNOWN,,0.0,1.0,6.0,0.0,0.0,1.866666666666667,6.0,0.0,6.0,0.0,0.0,4.0,,,,2.571428571428572,1.1428571428571428,0.0,1.2857142857142858,0.0,3.628571428571429,7.0,2.0,7.0,0.0,1.0,0.0,,,,True,True,UNKNOWN,False,False,,,,,,,,,,NPB,2024-08-30 18:00:00,1,,,0,
2021020718,2024-08-30 18:00:00,埼玉西武ライオンズ,北海道日本ハムファイターズ,2.0,5.0,UNKNOWN,ベルーナドーム,unknown,low,False,False,1500110.0,1800080.0,[],[],,,,,0,light,2024-08-30 18:00:00+00:00,,UNKNOWN,,,,UNKNOWN,UNKNOWN,,UNKNOWN,,0.0,1.3333333333333333,4.5,0.0,0.0,2.2,6.0,0.0,8.0,0.0,0.0,3.0,,,,9.0,1.6666666666666667,0.0,12.0,3.0,11.533333333333337,3.0,3.0,1.0,1.0,4.0,0.0,,,,True,True,UNKNOWN,False,False,2024-08-30 09:00:00+00:00,,UNKNOWN,Open-Meteo Historical Forecast,FAIL_CLOSED_NO_ISSUANCE_TIMESTAMP,25.9,95.0,0.2,3.6,NPB,2024-08-30 18:00:00,1,,,0,
2021020718,2024-08-30 18:00:00,埼玉西武ライオンズ,北海道日本ハムファイターズ,2.0,5.0,UNKNOWN,ベルーナドーム,unknown,low,False,False,1500110.0,1800080.0,[],[],,,,,0,light,2024-08-30 18:00:00+00:00,,UNKNOWN,,,,UNKNOWN,UNKNOWN,,UNKNOWN,,0.0,1.3333333333333333,4.5,0.0,0.0,2.2,6.0,0.0,8.0,0.0,0.0,3.0,,,,9.0,1.6666666666666667,0.0,12.0,3.0,11.533333333333337,3.0,3.0,1.0,1.0,4.0,0.0,,,,True,True,UNKNOWN,False,False,2024-08-30 09:00:00+00:00,,UNKNOWN,Open-Meteo Historical Forecast,FAIL_CLOSED_NO_ISSUANCE_TIMESTAMP,25.9,95.0,0.2,3.6,NPB,2024-08-30 18:00:00,1,,,0,
2021020719,2024-08-30 18:00:00,千葉ロッテマリーンズ,福岡ソフトバンクホークス,6.0,2.0,UNKNOWN,ZOZOマリンスタジアム,unknown,low,False,False,1400117.0,1900080.0,[],[],,,,,0,light,2024-08-30 18:00:00+00:00,,UNKNOWN,,,,UNKNOWN,UNKNOWN,,UNKNOWN,,7.2,2.0,5.4,1.8,0.0,2.6,5.0,4.0,9.0,0.0,1.0,3.0,,,,0.0,0.7142857142857143,9.0,2.571428571428572,0.0,2.0571428571428574,7.0,0.0,3.0,0.0,2.0,7.0,,,,True,True,UNKNOWN,False,False,,,,,,,,,,NPB,2024-08-30 18:00:00,1,,,0,
2021020724,2024-08-31 17:00:00,埼玉西武ライオンズ,北海道日本ハムファイターズ,2.0,1.0,UNKNOWN,ベルーナドーム,unknown,low,False,False,1900129.0,1600127.0,[],[],,,,,0,light,2024-08-31 17:00:00+00:00,,UNKNOWN,,,,UNKNOWN,UNKNOWN,,UNKNOWN,,0.0,0.2857142857142857,5.142857142857143,0.0,0.0,2.0571428571428574,7.0,0.0,2.0,0.0,0.0,4.0,,,,1.125,0.875,5.625,2.25,0.0,2.7,8.0,1.0,5.0,0.0,2.0,5.0,,,,True,True,UNKNOWN,False,False,2024-08-31 08:00:00+00:00,,UNKNOWN,Open-Meteo Historical Forecast,FAIL_CLOSED_NO_ISSUANCE_TIMESTAMP,28.4,80.0,0.0,2.3,NPB,2024-08-31 17:00:00,1,,,0,
2021020724,2024-08-31 17:00:00,埼玉西武ライオンズ,北海道日本ハムファイターズ,2.0,1.0,UNKNOWN,ベルーナドーム,unknown,low,False,False,1900129.0,1600127.0,[],[],,,,,0,light,2024-08-31 17:00:00+00:00,,UNKNOWN,,,,UNKNOWN,UNKNOWN,,UNKNOWN,,0.0,0.2857142857142857,5.142857142857143,0.0,0.0,2.0571428571428574,7.0,0.0,2.0,0.0,0.0,4.0,,,,1.125,0.875,5.625,2.25,0.0,2.7,8.0,1.0,5.0,0.0,2.0,5.0,,,,True,True,UNKNOWN,False,False,2024-08-31 08:00:00+00:00,,UNKNOWN,Open-Meteo Historical Forecast,FAIL_CLOSED_NO_ISSUANCE_TIMESTAMP,28.4,80.0,0.0,2.3,NPB,2024-08-31 17:00:00,1,,,0,
2021020721,2024-08-31 18:00:00,阪神タイガース,読売ジャイアンツ,4.0,2.0,UNKNOWN,阪神甲子園球場,unknown,low,False,False,1800028.0,1600115.0,[],[],,,,,0,light,2024-08-31 18:00:00+00:00,,UNKNOWN,,,,UNKNOWN,UNKNOWN,,UNKNOWN,,6.352941176470588,1.2352941176470589,14.294117647058822,1.588235294117647,1.588235294117647,2.847058823529412,5.666666666666667,4.0,6.0,1.0,1.0,9.0,,,,3.0,1.3333333333333333,6.0,0.0,0.0,1.866666666666667,6.0,2.0,8.0,0.0,0.0,4.0,,,,True,True,UNKNOWN,False,False,,,,,,,,,,NPB,2024-08-31 18:00:00,1,,,0,
2021020722,2024-08-31 18:00:00,広島東洋カープ,東京ヤクルトスワローズ,7.0,0.0,UNKNOWN,MAZDA Zoom-Zoom スタジアム広島,unknown,low,False,False,1500042.0,1300057.0,[],[],,,,,0,light,2024-08-31 18:00:00+00:00,,UNKNOWN,,,,UNKNOWN,UNKNOWN,,UNKNOWN,,5.684210526315789,1.2631578947368425,9.947368421052632,1.4210526315789471,2.8421052631578947,5.56842105263158,6.333333333333333,4.0,7.0,2.0,1.0,7.0,,,,0.0,0.5714285714285714,6.428571428571429,3.857142857142857,0.0,3.0571428571428574,7.0,0.0,1.0,0.0,3.0,5.0,,,,True,True,UNKNOWN,False,False,,,,,,,,,,NPB,2024-08-31 18:00:00,1,,,0,
2021020723,2024-08-31 18:00:00,東北楽天ゴールデンイーグルス,オリックス・バファローズ,0.0,6.0,UNKNOWN,楽天モバイルパーク宮城,unknown,low,False,False,1900087.0,700065.0,[],[],,,,,0,light,2024-08-31 18:00:00+00:00,,UNKNOWN,,,,UNKNOWN,UNKNOWN,,UNKNOWN,,0.0,0.875,7.875,2.25,0.0,2.2,8.0,0.0,5.0,0.0,2.0,7.0,,,,1.8,2.0,12.6,3.6,1.8,4.2,5.0,1.0,8.0,1.0,2.0,7.0,,,,True,True,UNKNOWN,False,False,,,,,,,,,,NPB,2024-08-31 18:00:00,1,,,0,
2021020725,2024-08-31 18:00:00,千葉ロッテマリーンズ,福岡ソフトバンクホークス,1.0,4.0,UNKNOWN,ZOZOマリンスタジアム,unknown,low,False,False,1900010.0,1700002.0,[],[],,,,,0,light,2024-08-31 18:00:00+00:00,,UNKNOWN,,,,UNKNOWN,UNKNOWN,,UNKNOWN,,1.2857142857142858,1.1428571428571428,9.0,1.2857142857142858,0.0,1.6285714285714288,7.0,1.0,7.0,0.0,1.0,7.0,,,,4.5,1.5,7.5,6.0,1.5,5.7,6.0,3.0,5.0,1.0,4.0,5.0,,,,True,True,UNKNOWN,False,False,,,,,,,,,,NPB,2024-08-31 18:00:00,1,,,0,
2021020729,2024-09-01 16:00:00,東北楽天ゴールデンイーグルス,オリックス・バファローズ,2.0,6.0,UNKNOWN,楽天モバイルパーク宮城,unknown,low,False,False,2108177.0,2110316.0,[],[],,,,,0,light,2024-09-01 16:00:00+00:00,,UNKNOWN,,,,UNKNOWN,UNKNOWN,,UNKNOWN,,4.5,2.5,4.5,13.5,0.0,6.7,4.0,2.0,4.0,0.0,6.0,2.0,,,,0.0,1.6,3.6,5.4,0.0,4.2,5.0,0.0,5.0,0.0,3.0,2.0,,,,True,True,UNKNOWN,False,False,,,,,,,,,,NPB,2024-09-01 16:00:00,1,,,0,
2021020731,2024-09-01 16:00:00,千葉ロッテマリーンズ,福岡ソフトバンクホークス,2.0,10.0,UNKNOWN,ZOZOマリンスタジアム,unknown,low,False,False,1300080.0,1600146.0,[],[],,,,,0,light,2024-09-01 16:00:00+00:00,,UNKNOWN,,,,UNKNOWN,UNKNOWN,,UNKNOWN,,0.0,1.0,9.0,0.0,0.0,1.2000000000000002,6.0,0.0,6.0,0.0,0.0,6.0,,,,9.0,2.333333333333333,15.0,9.0,0.0,2.8666666666666667,3.0,3.0,4.0,0.0,3.0,5.0,,,,True,True,UNKNOWN,False,False,,,,,,,,,,NPB,2024-09-01 16:00:00,1,,,0,
2021020730,2024-09-01 17:00:00,埼玉西武ライオンズ,北海道日本ハムファイターズ,6.0,5.0,UNKNOWN,ベルーナドーム,unknown,low,False,False,1750903.0,2105080.0,[],[],,,,,0,light,2024-09-01 17:00:00+00:00,,UNKNOWN,,,,UNKNOWN,UNKNOWN,,UNKNOWN,,4.5,1.1666666666666667,9.0,3.0,1.5,4.366666666666667,6.0,3.0,5.0,1.0,2.0,6.0,,,,1.6875,1.3125,5.0625,1.6875,1.6875,5.075,5.333333333333333,1.0,6.0,1.0,1.0,3.0,,,,True,True,UNKNOWN,False,False,2024-09-01 08:00:00+00:00,,UNKNOWN,Open-Meteo Historical Forecast,FAIL_CLOSED_NO_ISSUANCE_TIMESTAMP,27.1,92.0,0.9,6.6,NPB,2024-09-01 17:00:00,1,,,0,
2021020730,2024-09-01 17:00:00,埼玉西武ライオンズ,北海道日本ハムファイターズ,6.0,5.0,UNKNOWN,ベルーナドーム,unknown,low,False,False,1750903.0,2105080.0,[],[],,,,,0,light,2024-09-01 17:00:00+00:00,,UNKNOWN,,,,UNKNOWN,UNKNOWN,,UNKNOWN,,4.5,1.1666666666666667,9.0,3.0,1.5,4.366666666666667,6.0,3.0,5.0,1.0,2.0,6.0,,,,1.6875,1.3125,5.0625,1.6875,1.6875,5.075,5.333333333333333,1.0,6.0,1.0,1.0,3.0,,,,True,True,UNKNOWN,False,False,2024-09-01 08:00:00+00:00,,UNKNOWN,Open-Meteo Historical Forecast,FAIL_CLOSED_NO_ISSUANCE_TIMESTAMP,27.1,92.0,0.9,6.6,NPB,2024-09-01 17:00:00,1,,,0,
2021020727,2024-09-01 18:00:00,阪神タイガース,読売ジャイアンツ,1.0,3.0,UNKNOWN,阪神甲子園球場,unknown,low,False,False,1200041.0,900062.0,[],[],,,,,0,light,2024-09-01 18:00:00+00:00,,UNKNOWN,,,,UNKNOWN,UNKNOWN,,UNKNOWN,,0.0,1.0,3.857142857142857,0.0,0.0,2.342857142857143,7.0,0.0,7.0,0.0,0.0,3.0,,,,4.2631578947368425,1.105263157894737,4.2631578947368425,1.4210526315789471,0.0,2.726315789473684,6.333333333333333,3.0,6.0,0.0,1.0,3.0,,,,True,True,UNKNOWN,False,False,,,,,,,,,,NPB,2024-09-01 18:00:00,1,,,0,
2021020728,2024-09-01 18:00:00,広島東洋カープ,東京ヤクルトスワローズ,5.0,1.0,UNKNOWN,MAZDA Zoom-Zoom スタジアム広島,unknown,low,False,False,1300045.0,1900057.0,[],[],,,,,0,light,2024-09-01 18:00:00+00:00,,UNKNOWN,,,,UNKNOWN,UNKNOWN,,UNKNOWN,,3.6,1.2,10.8,1.8,0.0,1.4,5.0,2.0,5.0,0.0,1.0,6.0,,,,1.125,1.0,6.75,2.25,0.0,2.45,8.0,1.0,6.0,0.0,2.0,6.0,,,,True,True,UNKNOWN,False,False,,,,,,,,,,NPB,2024-09-01 18:00:00,1,,,0,
2021020732,2024-09-02 18:00:00,東北楽天ゴールデンイーグルス,オリックス・バファローズ,5.0,2.0,UNKNOWN,楽天モバイルパーク宮城,unknown,low,False,False,1750543.0,1900117.0,[],[],,,,,0,light,2024-09-02 18:00:00+00:00,,UNKNOWN,,,,UNKNOWN,UNKNOWN,,UNKNOWN,,10.384615384615383,2.076923076923077,4.153846153846154,4.153846153846154,0.0,3.661538461538462,4.333333333333333,5.0,7.0,0.0,2.0,2.0,,,,3.0,1.1666666666666667,3.0,0.0,1.5,4.7,6.0,2.0,7.0,1.0,0.0,2.0,,,,True,True,UNKNOWN,False,False,,,,,,,,,,NPB,2024-09-02 18:00:00,1,,,0,
2021020733,2024-09-03 18:00:00,読売ジャイアンツ,東京ヤクルトスワローズ,3.0,4.0,UNKNOWN,京セラドーム大阪,unknown,low,False,False,2060039.0,2000006.0,[],[],,,,,0,light,2024-09-03 18:00:00+00:00,,UNKNOWN,,,,UNKNOWN,UNKNOWN,,UNKNOWN,,0.0,1.5,9.0,6.0,0.0,3.2,6.0,0.0,5.0,0.0,4.0,6.0,,,,2.8421052631578947,0.9473684210526316,5.684210526315789,1.4210526315789471,0.0,2.4105263157894736,6.333333333333333,2.0,5.0,0.0,1.0,4.0,,,,True,True,UNKNOWN,False,False,,,,,,,,,,NPB,2024-09-03 18:00:00,1,,,0,
2021020734,2024-09-03 18:00:00,横浜DeNAベイスターズ,広島東洋カープ,5.0,1.0,UNKNOWN,横浜スタジアム,unknown,low,False,False,1900052.0,1700058.0,[],[],,,,,0,light,2024-09-03 18:00:00+00:00,,UNKNOWN,,,,UNKNOWN,UNKNOWN,,UNKNOWN,,11.25,2.25,0.0,4.5,2.25,7.95,4.0,5.0,7.0,1.0,2.0,0.0,,,,1.1739130434782608,0.9130434782608696,4.695652173913043,0.0,0.0,2.1565217391304348,7.666666666666667,1.0,7.0,0.0,0.0,4.0,,,,True,True,UNKNOWN,False,False,,,,,,,,,,NPB,2024-09-03 18:00:00,1,,,0,
2021020735,2024-09-03 18:00:00,阪神タイガース,中日ドラゴンズ,4.0,1.0,UNKNOWN,阪神甲子園球場,climax,high,False,True,2000042.0,1700078.0,[],[],,,,,0,light,2024-09-03 18:00:00+00:00,,UNKNOWN,,,,UNKNOWN,UNKNOWN,,UNKNOWN,,3.857142857142857,1.2857142857142858,3.857142857142857,1.2857142857142858,0.0,2.771428571428572,7.0,3.0,8.0,0.0,1.0,3.0,,,,0.0,0.5714285714285714,5.142857142857143,1.2857142857142858,0.0,2.4857142857142858,7.0,0.0,3.0,0.0,1.0,4.0,,,,True,True,UNKNOWN,False,False,,,,,,,,,,NPB,2024-09-03 18:00:00,1,,,0,
2021020736,2024-09-03 18:00:00,オリックス・バファローズ,埼玉西武ライオンズ,3.0,2.0,UNKNOWN,ほっともっとフィールド神戸,unknown,low,False,False,1400182.0,1700109.0,[],[],,,,,0,light,2024-09-03 18:00:00+00:00,,UNKNOWN,,,,UNKNOWN,UNKNOWN,,UNKNOWN,,4.05,1.35,8.1,1.35,1.35,3.8,6.666666666666667,3.0,8.0,1.0,1.0,6.0,,,,3.6,2.2,9.0,3.6,0.0,2.4000000000000004,5.0,2.0,9.0,0.0,2.0,5.0,,,,True,True,UNKNOWN,False,False,,,,,,,,,,NPB,2024-09-03 18:00:00,1,,,0,
2021020737,2024-09-03 18:00:00,福岡ソフトバンクホークス,北海道日本ハムファイターズ,3.0,6.0,UNKNOWN,みずほPayPayドーム福岡,unknown,low,False,False,2000079.0,1700011.0,[],[],,,,,0,light,2024-09-03 18:00:00+00:00,,UNKNOWN,,,,UNKNOWN,UNKNOWN,,UNKNOWN,,3.857142857142857,1.0,9.0,2.571428571428572,0.0,2.0571428571428574,7.0,3.0,5.0,0.0,2.0,7.0,,,,18.0,2.333333333333333,9.0,3.0,6.0,10.866666666666667,3.0,6.0,6.0,2.0,1.0,3.0,,,,True,True,UNKNOWN,False,False,,,,,,,,,,NPB,2024-09-03 18:00:00,1,,,0,
2021020738,2024-09-04 18:00:00,読売ジャイアンツ,東京ヤクルトスワローズ,0.0,3.0,UNKNOWN,京セラドーム大阪,unknown,low,False,False,2103794.0,1961407.0,[],[],,,,,0,light,2024-09-04 18:00:00+00:00,,UNKNOWN,,,,UNKNOWN,UNKNOWN,,UNKNOWN,,0.0,1.0,5.0,0.0,0.0,2.088888888888889,9.0,0.0,9.0,0.0,0.0,5.0,,,,3.0,1.1666666666666667,10.5,0.0,1.5,3.0333333333333337,6.0,2.0,7.0,1.0,0.0,7.0,,,,True,True,UNKNOWN,False,False,,,,,,,,,,NPB,2024-09-04 18:00:00,1,,,0,
2021020739,2024-09-04 18:00:00,横浜DeNAベイスターズ,広島東洋カープ,6.0,1.0,UNKNOWN,横浜スタジアム,unknown,low,False,False,1600125.0,2103904.0,[],[],,,,,0,light,2024-09-04 18:00:00+00:00,,UNKNOWN,,,,UNKNOWN,UNKNOWN,,UNKNOWN,,9.0,1.5,4.5,0.0,3.0,6.533333333333333,6.0,6.0,9.0,2.0,0.0,3.0,,,,0.0,1.3333333333333333,7.5,4.5,0.0,3.0333333333333337,6.0,0.0,5.0,0.0,3.0,5.0,,,,True,True,UNKNOWN,False,False,,,,,,,,,,NPB,2024-09-04 18:00:00,1,,,0,
2021020740,2024-09-04 18:00:00,阪神タイガース,中日ドラゴンズ,9.0,4.0,UNKNOWN,阪神甲子園球場,unknown,low,False,False,1500074.0,2000055.0,[],[],,,,,0,light,2024-09-04 18:00:00+00:00,,UNKNOWN,,,,UNKNOWN,UNKNOWN,,UNKNOWN,,13.5,2.0,4.5,0.0,2.25,5.45,4.0,6.0,8.0,1.0,0.0,2.0,,,,1.588235294117647,1.2352941176470589,11.117647058823527,3.176470588235294,1.588235294117647,4.08235294117647,5.666666666666667,1.0,5.0,1.0,2.0,7.0,,,,True,True,UNKNOWN,False,False,,,,,,,,,,NPB,2024-09-04 18:00:00,1,,,0,
2021020741,2024-09-04 18:00:00,オリックス・バファローズ,埼玉西武ライオンズ,4.0,0.0,UNKNOWN,ほっともっとフィールド神戸,unknown,low,False,False,1751148.0,2000096.0,[],[],,,,,0,light,2024-09-04 18:00:00+00:00,,UNKNOWN,,,,UNKNOWN,UNKNOWN,,UNKNOWN,,7.2,2.2,1.8,0.0,1.8,5.4,5.0,4.0,11.0,1.0,0.0,1.0,,,,0.0,1.0,11.571428571428571,2.571428571428572,0.0,1.485714285714286,7.0,0.0,5.0,0.0,2.0,9.0,,,,True,True,UNKNOWN,False,False,,,,,,,,,,NPB,2024-09-04 18:00:00,1,,,0,
2021020742,2024-09-04 18:00:00,福岡ソフトバンクホークス,北海道日本ハムファイターズ,5.0,8.0,UNKNOWN,みずほPayPayドーム福岡,unknown,low,False,False,1400195.0,1900106.0,[],[],,,,,0,light,2024-09-04 18:00:00+00:00,,UNKNOWN,,,,UNKNOWN,UNKNOWN,,UNKNOWN,,15.0,3.0,3.0,9.0,9.0,18.53333333333333,3.0,5.0,6.0,3.0,3.0,1.0,,,,3.0,0.6666666666666666,0.0,3.0,1.5,6.366666666666667,6.0,2.0,2.0,1.0,2.0,0.0,,,,True,True,UNKNOWN,False,False,,,,,,,,,,NPB,2024-09-04 18:00:00,1,,,0,
2021020743,2024-09-05 18:00:00,読売ジャイアンツ,東京ヤクルトスワローズ,3.0,0.0,UNKNOWN,長良川球場,unknown,low,False,False,2000025.0,1800028.0,[],[],,,,,0,light,2024-09-05 18:00:00+00:00,,UNKNOWN,,,,UNKNOWN,UNKNOWN,,UNKNOWN,,5.4,1.6,9.0,1.8,1.8,4.4,5.0,3.0,7.0,1.0,1.0,5.0,,,,0.0,0.2857142857142857,9.0,1.2857142857142858,0.0,1.6285714285714288,7.0,0.0,1.0,0.0,1.0,7.0,,,,True,True,UNKNOWN,False,False,,,,,,,,,,NPB,2024-09-05 18:00:00,1,,,0,
2021020744,2024-09-05 18:00:00,横浜DeNAベイスターズ,広島東洋カープ,4.0,3.0,UNKNOWN,横浜スタジアム,unknown,low,False,False,1600123.0,1961374.0,[],[],,,,,0,light,2024-09-05 18:00:00+00:00,,UNKNOWN,,,,UNKNOWN,UNKNOWN,,UNKNOWN,,3.0,1.0,1.5,3.0,0.0,3.866666666666666,6.0,2.0,4.0,0.0,2.0,1.0,,,,1.35,1.05,9.45,4.05,0.0,2.45,6.666666666666667,1.0,4.0,0.0,3.0,7.0,,,,True,True,UNKNOWN,False,False,,,,,,,,,,NPB,2024-09-05 18:00:00,1,,,0,
2021020745,2024-09-05 18:00:00,阪神タイガース,中日ドラゴンズ,2.0,1.0,UNKNOWN,阪神甲子園球場,unknown,low,False,False,1000138.0,1700137.0,[],[],,,,,0,light,2024-09-05 18:00:00+00:00,,UNKNOWN,,,,UNKNOWN,UNKNOWN,,UNKNOWN,,3.6,1.8,3.6,5.4,0.0,4.2,5.0,2.0,6.0,0.0,3.0,2.0,,,,1.8,1.8,14.4,1.8,0.0,0.6000000000000001,5.0,1.0,8.0,0.0,1.0,8.0,,,,True,True,UNKNOWN,False,False,,,,,,,,,,NPB,2024-09-05 18:00:00,1,,,0,
2021020746,2024-09-05 18:00:00,千葉ロッテマリーンズ,東北楽天ゴールデンイーグルス,3.0,1.0,UNKNOWN,ZOZOマリンスタジアム,unknown,low,False,False,2000123.0,1160474.0,[],[],,,,,0,light,2024-09-05 18:00:00+00:00,,UNKNOWN,,,,UNKNOWN,UNKNOWN,,UNKNOWN,,4.5,1.3333333333333333,4.5,0.0,1.5,4.366666666666667,6.0,3.0,8.0,1.0,0.0,3.0,,,,1.8,1.2,7.2,5.4,0.0,3.4000000000000004,5.0,1.0,3.0,0.0,3.0,4.0,,,,True,True,UNKNOWN,False,False,,,,,,,,,,NPB,2024-09-05 18:00:00,1,,,0,
2021020747,2024-09-06 18:00:00,東京ヤクルトスワローズ,阪神タイガース,1.0,9.0,UNKNOWN,明治神宮野球場,unknown,low,False,False,2100915.0,2000139.0,[],[],,,,,0,light,2024-09-06 18:00:00+00:00,,UNKNOWN,,,,UNKNOWN,UNKNOWN,,UNKNOWN,,1.8,1.0,9.0,3.6,0.0,2.4000000000000004,5.0,1.0,3.0,0.0,2.0,5.0,,,,11.25,2.5,11.25,2.25,0.0,1.4500000000000002,4.0,5.0,9.0,0.0,1.0,5.0,,,,True,True,UNKNOWN,False,False,,,,,,,,,,NPB,2024-09-06 18:00:00,1,,,0,
2021020748,2024-09-06 18:00:00,広島東洋カープ,中日ドラゴンズ,0.0,3.0,UNKNOWN,MAZDA Zoom-Zoom スタジアム広島,unknown,low,False,False,1200098.0,1300057.0,[],[],,,,,0,light,2024-09-06 18:00:00+00:00,,UNKNOWN,,,,UNKNOWN,UNKNOWN,,UNKNOWN,,0.0,1.0,1.5,1.5,0.0,3.3666666666666667,6.0,0.0,5.0,0.0,1.0,1.0,,,,5.4,1.8,3.6,1.8,3.6,8.2,5.0,3.0,8.0,2.0,1.0,2.0,,,,True,True,UNKNOWN,False,False,,,,,,,,,,NPB,2024-09-06 18:00:00,1,,,0,
2021020749,2024-09-06 18:00:00,北海道日本ハムファイターズ,オリックス・バファローズ,3.0,2.0,UNKNOWN,ES CON FIELD HOKKAIDO,unknown,low,False,False,2101291.0,2107859.0,[],[],,,,,0,light,2024-09-06 18:00:00+00:00,,UNKNOWN,,,,UNKNOWN,UNKNOWN,,UNKNOWN,,1.6875,0.5625,6.75,0.0,0.0,1.7000000000000002,5.333333333333333,1.0,3.0,0.0,0.0,4.0,,,,1.2857142857142858,1.2857142857142858,10.285714285714286,1.2857142857142858,0.0,1.342857142857143,7.0,1.0,8.0,0.0,1.0,8.0,,,,True,True,UNKNOWN,False,False,,,,,,,,,,NPB,2024-09-06 18:00:00,1,,,0,
2021020750,2024-09-06 18:00:00,千葉ロッテマリーンズ,東北楽天ゴールデンイーグルス,1.0,2.0,UNKNOWN,ZOZOマリンスタジアム,unknown,low,False,False,2000121.0,900081.0,[],[],,,,,0,light,2024-09-06 18:00:00+00:00,,UNKNOWN,,,,UNKNOWN,UNKNOWN,,UNKNOWN,,1.0384615384615383,0.576923076923077,6.230769230769231,1.0384615384615383,0.0,2.161538461538462,8.666666666666666,1.0,4.0,0.0,1.0,6.0,,,,2.571428571428572,1.1428571428571428,6.428571428571429,2.571428571428572,1.2857142857142858,4.485714285714286,7.0,2.0,6.0,1.0,2.0,5.0,,,,True,True,UNKNOWN,False,False,,,,,,,,,,NPB,2024-09-06 18:00:00,1,,,0,
2021020751,2024-09-06 18:00:00,福岡ソフトバンクホークス,埼玉西武ライオンズ,0.0,1.0,UNKNOWN,みずほPayPayドーム福岡,unknown,low,False,False,1800081.0,1400117.0,[],[],,,,,0,light,2024-09-06 18:00:00+00:00,,UNKNOWN,,,,UNKNOWN,UNKNOWN,,UNKNOWN,,0.0,1.6,1.8,7.2,0.0,5.2,5.0,0.0,4.0,0.0,4.0,1.0,,,,1.125,1.0,6.75,1.125,1.125,3.7,8.0,1.0,7.0,1.0,1.0,6.0,,,,True,True,UNKNOWN,False,False,,,,,,,,,,NPB,2024-09-06 18:00:00,1,,,0,
2021020752,2024-09-07 14:00:00,読売ジャイアンツ,横浜DeNAベイスターズ,3.0,2.0,UNKNOWN,東京ドーム,unknown,low,False,False,2112182.0,1900019.0,[],[],,,,,0,light,2024-09-07 14:00:00+00:00,,UNKNOWN,,,,UNKNOWN,UNKNOWN,,UNKNOWN,,0.0,3.0,3.8571428571428568,7.7142857142857135,0.0,4.914285714285715,2.333333333333333,0.0,5.0,0.0,2.0,1.0,,,,1.5,0.6666666666666666,9.0,0.0,0.0,1.2000000000000002,6.0,1.0,4.0,0.0,0.0,6.0,,,,True,True,UNKNOWN,False,False,2024-09-07 05:00:00+00:00,,UNKNOWN,Open-Meteo Historical Forecast,FAIL_CLOSED_NO_ISSUANCE_TIMESTAMP,33.0,63.0,0.0,5.8,NPB,2024-09-07 14:00:00,1,,,0,
2021020752,2024-09-07 14:00:00,読売ジャイアンツ,横浜DeNAベイスターズ,3.0,2.0,UNKNOWN,東京ドーム,unknown,low,False,False,2112182.0,1900019.0,[],[],,,,,0,light,2024-09-07 14:00:00+00:00,,UNKNOWN,,,,UNKNOWN,UNKNOWN,,UNKNOWN,,0.0,3.0,3.8571428571428568,7.7142857142857135,0.0,4.914285714285715,2.333333333333333,0.0,5.0,0.0,2.0,1.0,,,,1.5,0.6666666666666666,9.0,0.0,0.0,1.2000000000000002,6.0,1.0,4.0,0.0,0.0,6.0,,,,True,True,UNKNOWN,False,False,2024-09-07 05:00:00+00:00,,UNKNOWN,Open-Meteo Historical Forecast,FAIL_CLOSED_NO_ISSUANCE_TIMESTAMP,33.0,63.0,0.0,5.8,NPB,2024-09-07 14:00:00,1,,,0,
2021020754,2024-09-07 14:00:00,広島東洋カープ,中日ドラゴンズ,2.0,1.0,UNKNOWN,MAZDA Zoom-Zoom スタジアム広島,unknown,low,False,False,1200055.0,1300058.0,[],[],,,,,0,light,2024-09-07 14:00:00+00:00,,UNKNOWN,,,,UNKNOWN,UNKNOWN,,UNKNOWN,,3.6,1.4,5.4,1.8,1.8,5.2,5.0,2.0,6.0,1.0,1.0,3.0,,,,1.35,0.75,9.45,0.0,0.0,1.1,6.666666666666667,1.0,5.0,0.0,0.0,7.0,,,,True,True,UNKNOWN,False,False,,,,,,,,,,NPB,2024-09-07 14:00:00,1,,,0,
2021020755,2024-09-07 14:00:00,北海道日本ハムファイターズ,オリックス・バファローズ,5.0,1.0,UNKNOWN,ES CON FIELD HOKKAIDO,unknown,low,False,False,1750595.0,1500110.0,[],[],,,,,0,light,2024-09-07 14:00:00+00:00,,UNKNOWN,,,,UNKNOWN,UNKNOWN,,UNKNOWN,,9.642857142857142,1.9285714285714284,5.785714285714286,5.785714285714286,1.9285714285714284,6.628571428571428,4.666666666666667,5.0,6.0,1.0,3.0,3.0,,,,1.2857142857142858,1.0,2.571428571428572,1.2857142857142858,1.2857142857142858,4.914285714285715,7.0,1.0,6.0,1.0,1.0,2.0,,,,True,True,UNKNOWN,False,False,,,,,,,,,,NPB,2024-09-07 14:00:00,1,,,0,
2021020757,2024-09-07 14:00:00,福岡ソフトバンクホークス,埼玉西武ライオンズ,2.0,3.0,UNKNOWN,みずほPayPayドーム福岡,unknown,low,False,False,1600127.0,1900010.0,[],[],,,,,0,light,2024-09-07 14:00:00+00:00,,UNKNOWN,,,,UNKNOWN,UNKNOWN,,UNKNOWN,,2.571428571428572,1.7142857142857142,11.571428571428571,3.857142857142857,1.2857142857142858,3.7714285714285714,7.0,2.0,9.0,1.0,3.0,9.0,,,,1.2857142857142858,0.7142857142857143,7.714285714285714,3.857142857142857,0.0,2.771428571428572,7.0,1.0,2.0,0.0,3.0,6.0,,,,True,True,UNKNOWN,False,False,,,,,,,,,,NPB,2024-09-07 14:00:00,1,,,0,
2021020753,2024-09-07 18:00:00,東京ヤクルトスワローズ,阪神タイガース,0.0,6.0,UNKNOWN,明治神宮野球場,unknown,low,False,False,1600115.0,1500042.0,[],[],,,,,0,light,2024-09-07 18:00:00+00:00,,UNKNOWN,,,,UNKNOWN,UNKNOWN,,UNKNOWN,,0.0,1.3333333333333333,7.5,0.0,0.0,1.5333333333333334,6.0,0.0,8.0,0.0,0.0,5.0,,,,7.2,1.8,12.6,5.4,1.8,4.800000000000001,5.0,4.0,6.0,1.0,3.0,7.0,,,,True,True,UNKNOWN,False,False,,,,,,,,,,NPB,2024-09-07 18:00:00,1,,,0,
2021020756,2024-09-07 18:00:00,千葉ロッテマリーンズ,東北楽天ゴールデンイーグルス,1.0,4.0,UNKNOWN,ZOZOマリンスタジアム,unknown,low,False,False,700065.0,1800052.0,[],[],,,,,0,light,2024-09-07 18:00:00+00:00,,UNKNOWN,,,,UNKNOWN,UNKNOWN,,UNKNOWN,,0.0,0.6666666666666666,3.0,3.0,0.0,3.5333333333333337,6.0,0.0,2.0,0.0,2.0,2.0,,,,5.4,1.4,9.0,7.2,3.6,8.8,5.0,3.0,3.0,2.0,4.0,5.0,,,,True,True,UNKNOWN,False,False,,,,,,,,,,NPB,2024-09-07 18:00:00,1,,,0,
2021020761,2024-09-08 13:00:00,北海道日本ハムファイターズ,オリックス・バファローズ,4.0,5.0,UNKNOWN,ES CON FIELD HOKKAIDO,unknown,low,False,False,1900087.0,1750903.0,[],[],,,,,0,light,2024-09-08 13:00:00+00:00,,UNKNOWN,,,,UNKNOWN,UNKNOWN,,UNKNOWN,,1.1739130434782608,1.1739130434782608,12.91304347826087,3.5217391304347823,0.0,1.5043478260869567,7.666666666666667,1.0,6.0,0.0,3.0,11.0,,,,4.5,1.5,10.5,3.0,3.0,6.2,6.0,3.0,7.0,2.0,2.0,7.0,,,,True,True,UNKNOWN,False,False,,,,,,,,,,NPB,2024-09-08 13:00:00,1,,,0,
2021020763,2024-09-08 13:00:00,福岡ソフトバンクホークス,埼玉西武ライオンズ,3.0,1.0,UNKNOWN,みずほPayPayドーム福岡,unknown,low,False,False,2105080.0,2107909.0,[],[],,,,,0,light,2024-09-08 13:00:00+00:00,,UNKNOWN,,,,UNKNOWN,UNKNOWN,,UNKNOWN,,2.571428571428572,1.0,7.714285714285714,1.2857142857142858,0.0,1.9142857142857144,7.0,2.0,6.0,0.0,1.0,6.0,,,,1.588235294117647,0.7058823529411764,12.705882352941176,1.588235294117647,0.0,0.9058823529411768,5.666666666666667,1.0,3.0,0.0,1.0,8.0,,,,True,True,UNKNOWN,False,False,,,,,,,,,,NPB,2024-09-08 13:00:00,1,,,0,
2021020760,2024-09-08 13:30:00,広島東洋カープ,中日ドラゴンズ,3.0,4.0,UNKNOWN,MAZDA Zoom-Zoom スタジアム広島,unknown,low,False,False,1600106.0,1900057.0,[],[],,,,,0,light,2024-09-08 13:30:00+00:00,,UNKNOWN,,,,UNKNOWN,UNKNOWN,,UNKNOWN,,6.75,2.25,2.25,2.25,0.0,3.45,4.0,3.0,8.0,0.0,1.0,1.0,,,,9.0,2.0,3.0,3.0,3.0,7.866666666666667,3.0,3.0,5.0,1.0,1.0,1.0,,,,True,True,UNKNOWN,False,False,,,,,,,,,,NPB,2024-09-08 13:30:00,1,,,0,
2021020758,2024-09-08 14:00:00,読売ジャイアンツ,横浜DeNAベイスターズ,0.0,8.0,UNKNOWN,東京ドーム,unknown,low,False,False,2105707.0,1660388.0,[],[],,,,,0,light,2024-09-08 14:00:00+00:00,,UNKNOWN,,,,UNKNOWN,UNKNOWN,,UNKNOWN,,0.0,1.1666666666666667,7.5,1.5,0.0,2.033333333333333,6.0,0.0,6.0,0.0,1.0,5.0,,,,54.0,15.0,27.0,81.0,0.0,24.2,0.3333333333333333,2.0,2.0,0.0,3.0,1.0,,,,True,True,UNKNOWN,False,False,2024-09-08 05:00:00+00:00,,UNKNOWN,Open-Meteo Historical Forecast,FAIL_CLOSED_NO_ISSUANCE_TIMESTAMP,32.4,64.0,0.0,3.6,NPB,2024-09-08 14:00:00,1,,,0,
2021020758,2024-09-08 14:00:00,読売ジャイアンツ,横浜DeNAベイスターズ,0.0,8.0,UNKNOWN,東京ドーム,unknown,low,False,False,2105707.0,1660388.0,[],[],,,,,0,light,2024-09-08 14:00:00+00:00,,UNKNOWN,,,,UNKNOWN,UNKNOWN,,UNKNOWN,,0.0,1.1666666666666667,7.5,1.5,0.0,2.033333333333333,6.0,0.0,6.0,0.0,1.0,5.0,,,,54.0,15.0,27.0,81.0,0.0,24.2,0.3333333333333333,2.0,2.0,0.0,3.0,1.0,,,,True,True,UNKNOWN,False,False,2024-09-08 05:00:00+00:00,,UNKNOWN,Open-Meteo Historical Forecast,FAIL_CLOSED_NO_ISSUANCE_TIMESTAMP,32.4,64.0,0.0,3.6,NPB,2024-09-08 14:00:00,1,,,0,
2021020759,2024-09-08 17:00:00,東京ヤクルトスワローズ,阪神タイガース,5.0,3.0,UNKNOWN,明治神宮野球場,unknown,low,False,False,900062.0,1300045.0,[],[],,,,,0,light,2024-09-08 17:00:00+00:00,,UNKNOWN,,,,UNKNOWN,UNKNOWN,,UNKNOWN,,3.6,1.8,10.8,1.8,3.6,6.6,5.0,2.0,8.0,2.0,1.0,6.0,,,,3.375,1.125,10.125,3.375,1.6875,4.5125,5.333333333333333,2.0,4.0,1.0,2.0,6.0,,,,True,True,UNKNOWN,False,False,,,,,,,,,,NPB,2024-09-08 17:00:00,1,,,0,
2021020762,2024-09-08 17:00:00,千葉ロッテマリーンズ,東北楽天ゴールデンイーグルス,9.0,5.0,UNKNOWN,ZOZOマリンスタジアム,unknown,low,False,False,2000126.0,1900080.0,[],[],,,,,0,light,2024-09-08 17:00:00+00:00,,UNKNOWN,,,,UNKNOWN,UNKNOWN,,UNKNOWN,,10.384615384615383,1.8461538461538465,6.230769230769231,4.153846153846154,0.0,3.2,4.333333333333333,5.0,6.0,0.0,2.0,3.0,,,,5.4,2.2,12.6,7.2,0.0,2.8000000000000003,5.0,3.0,7.0,0.0,4.0,7.0,,,,True,True,UNKNOWN,False,False,,,,,,,,,,NPB,2024-09-08 17:00:00,1,,,0,
2021020764,2024-09-10 18:00:00,中日ドラゴンズ,東京ヤクルトスワローズ,3.0,1.0,UNKNOWN,バンテリンドーム ナゴヤ,unknown,low,False,False,2060039.0,2000042.0,[],[],,,,,0,light,2024-09-10 18:00:00+00:00,,UNKNOWN,,,,UNKNOWN,UNKNOWN,,UNKNOWN,,4.5,1.6666666666666667,3.0,3.0,1.5,5.7,6.0,3.0,8.0,1.0,2.0,2.0,,,,1.125,0.75,7.875,1.125,1.125,3.45,8.0,1.0,5.0,1.0,1.0,7.0,,,,True,True,UNKNOWN,False,False,,,,,,,,,,NPB,2024-09-10 18:00:00,1,,,0,
2021020765,2024-09-10 18:00:00,阪神タイガース,横浜DeNAベイスターズ,7.0,2.0,UNKNOWN,阪神甲子園球場,unknown,low,False,False,1700058.0,1500090.0,[],[],,,,,0,light,2024-09-10 18:00:00+00:00,,UNKNOWN,,,,UNKNOWN,UNKNOWN,,UNKNOWN,,9.0,2.6,9.0,5.4,1.8,5.6,5.0,5.0,10.0,1.0,3.0,5.0,,,,3.6,1.0,0.0,1.8,0.0,3.8,5.0,2.0,4.0,0.0,1.0,0.0,,,,True,True,UNKNOWN,False,False,,,,,,,,,,NPB,2024-09-10 18:00:00,1,,,0,
2021020766,2024-09-10 18:00:00,広島東洋カープ,読売ジャイアンツ,1.0,6.0,UNKNOWN,MAZDA Zoom-Zoom スタジアム広島,unknown,low,False,False,1200041.0,1900052.0,[],[],,,,,0,light,2024-09-10 18:00:00+00:00,,UNKNOWN,,,,UNKNOWN,UNKNOWN,,UNKNOWN,,0.0,0.2,9.0,0.0,0.0,1.2000000000000002,5.0,0.0,1.0,0.0,0.0,5.0,,,,6.352941176470588,1.7647058823529411,6.352941176470588,4.764705882352941,1.588235294117647,5.670588235294117,5.666666666666667,4.0,7.0,1.0,3.0,4.0,,,,True,True,UNKNOWN,False,False,,,,,,,,,,NPB,2024-09-10 18:00:00,1,,,0,
2021020767,2024-09-10 18:00:00,北海道日本ハムファイターズ,埼玉西武ライオンズ,1.0,0.0,UNKNOWN,ES CON FIELD HOKKAIDO,unknown,low,False,False,1400182.0,2000079.0,[],[],,,,,0,light,2024-09-10 18:00:00+00:00,,UNKNOWN,,,,UNKNOWN,UNKNOWN,,UNKNOWN,,0.0,0.8,7.2,1.8,0.0,2.2,5.0,0.0,3.0,0.0,1.0,4.0,,,,0.0,0.4444444444444444,10.0,0.0,0.0,0.977777777777778,9.0,0.0,4.0,0.0,0.0,10.0,,,,True,True,UNKNOWN,False,False,,,,,,,,,,NPB,2024-09-10 18:00:00,1,,,0,
2021020768,2024-09-10 18:00:00,東北楽天ゴールデンイーグルス,福岡ソフトバンクホークス,1.0,4.0,UNKNOWN,楽天モバイルパーク宮城,unknown,low,False,False,1300080.0,2110316.0,[],[],,,,,0,light,2024-09-10 18:00:00+00:00,,UNKNOWN,,,,UNKNOWN,UNKNOWN,,UNKNOWN,,1.4210526315789471,0.9473684210526316,5.684210526315789,0.0,0.0,1.936842105263158,6.333333333333333,1.0,6.0,0.0,0.0,4.0,,,,5.142857142857143,1.1428571428571428,5.142857142857143,3.857142857142857,1.2857142857142858,5.2,7.0,4.0,5.0,1.0,3.0,4.0,,,,True,True,UNKNOWN,False,False,,,,,,,,,,NPB,2024-09-10 18:00:00,1,,,0,
2021020769,2024-09-10 18:00:00,オリックス・バファローズ,千葉ロッテマリーンズ,1.0,4.0,UNKNOWN,京セラドーム大阪,unknown,low,False,False,800060.0,2108177.0,[],[],,,,,0,light,2024-09-10 18:00:00+00:00,,UNKNOWN,,,,UNKNOWN,UNKNOWN,,UNKNOWN,,1.8,1.2,5.4,1.8,1.8,5.2,5.0,1.0,5.0,1.0,1.0,3.0,,,,7.363636363636364,2.4545454545454546,12.272727272727272,4.909090909090909,2.4545454545454546,5.654545454545454,3.6666666666666665,3.0,7.0,1.0,2.0,5.0,,,,True,True,UNKNOWN,False,False,,,,,,,,,,NPB,2024-09-10 18:00:00,1,,,0,
2021020770,2024-09-11 18:00:00,中日ドラゴンズ,東京ヤクルトスワローズ,1.0,8.0,UNKNOWN,バンテリンドーム ナゴヤ,unknown,low,False,False,2103794.0,1500074.0,[],[],,,,,0,light,2024-09-11 18:00:00+00:00,,UNKNOWN,,,,UNKNOWN,UNKNOWN,,UNKNOWN,,0.0,1.0,3.0,1.5,0.0,3.0333333333333337,6.0,0.0,5.0,0.0,1.0,2.0,,,,1.8,1.4,7.2,3.6,1.8,5.4,5.0,1.0,5.0,1.0,2.0,4.0,,,,True,True,UNKNOWN,False,False,,,,,,,,,,NPB,2024-09-11 18:00:00,1,,,0,
2021020771,2024-09-11 18:00:00,阪神タイガース,横浜DeNAベイスターズ,3.0,4.0,UNKNOWN,阪神甲子園球場,unknown,low,False,False,2103904.0,2000055.0,[],[],,,,,0,light,2024-09-11 18:00:00+00:00,,UNKNOWN,,,,UNKNOWN,UNKNOWN,,UNKNOWN,,5.4,1.6,9.0,3.6,1.8,5.0,5.0,3.0,6.0,1.0,2.0,5.0,,,,3.857142857142857,0.8571428571428571,9.0,1.2857142857142858,1.2857142857142858,3.4857142857142858,7.0,3.0,5.0,1.0,1.0,7.0,,,,True,True,UNKNOWN,False,False,,,,,,,,,,NPB,2024-09-11 18:00:00,1,,,0,
2021020772,2024-09-11 18:00:00,広島東洋カープ,読売ジャイアンツ,2.0,9.0,UNKNOWN,MAZDA Zoom-Zoom スタジアム広島,unknown,low,False,False,1961407.0,1600125.0,[],[],,,,,0,light,2024-09-11 18:00:00+00:00,,UNKNOWN,,,,UNKNOWN,UNKNOWN,,UNKNOWN,,3.0,0.6666666666666666,6.0,1.5,0.0,2.3666666666666667,6.0,2.0,3.0,0.0,1.0,4.0,,,,0.0,0.3333333333333333,6.0,0.0,0.0,1.866666666666667,6.0,0.0,2.0,0.0,0.0,4.0,,,,True,True,UNKNOWN,False,False,,,,,,,,,,NPB,2024-09-11 18:00:00,1,,,0,
2021020773,2024-09-11 18:00:00,北海道日本ハムファイターズ,埼玉西武ライオンズ,3.0,2.0,UNKNOWN,ES CON FIELD HOKKAIDO,unknown,low,False,False,1751148.0,1900129.0,[],[],,,,,0,light,2024-09-11 18:00:00+00:00,,UNKNOWN,,,,UNKNOWN,UNKNOWN,,UNKNOWN,,2.0,0.7777777777777778,10.0,4.0,1.0,3.755555555555556,9.0,2.0,3.0,1.0,4.0,10.0,,,,0.0,0.7142857142857143,11.571428571428571,0.0,0.0,0.6285714285714286,7.0,0.0,5.0,0.0,0.0,9.0,,,,True,True,UNKNOWN,False,False,,,,,,,,,,NPB,2024-09-11 18:00:00,1,,,0,
2021020774,2024-09-11 18:00:00,東北楽天ゴールデンイーグルス,福岡ソフトバンクホークス,2.0,9.0,UNKNOWN,楽天モバイルパーク宮城,unknown,low,False,False,1900106.0,1900117.0,[],[],,,,,0,light,2024-09-11 18:00:00+00:00,,UNKNOWN,,,,UNKNOWN,UNKNOWN,,UNKNOWN,,2.571428571428572,0.8571428571428571,5.142857142857143,2.571428571428572,0.0,2.9142857142857146,7.0,2.0,4.0,0.0,2.0,4.0,,,,4.5,1.5,1.5,0.0,1.5,5.033333333333333,6.0,3.0,9.0,1.0,0.0,1.0,,,,True,True,UNKNOWN,False,False,,,,,,,,,,NPB,2024-09-11 18:00:00,1,,,0,
2021020775,2024-09-11 18:00:00,オリックス・バファローズ,千葉ロッテマリーンズ,3.0,12.0,UNKNOWN,京セラドーム大阪,unknown,low,False,False,1160474.0,1700109.0,[],[],,,,,0,light,2024-09-11 18:00:00+00:00,,UNKNOWN,,,,UNKNOWN,UNKNOWN,,UNKNOWN,,4.5,1.3333333333333333,7.5,3.0,3.0,6.866666666666667,6.0,3.0,6.0,2.0,2.0,5.0,,,,15.75,2.75,9.0,2.25,4.5,8.45,4.0,7.0,10.0,2.0,1.0,4.0,,,,True,True,UNKNOWN,False,False,,,,,,,,,,NPB,2024-09-11 18:00:00,1,,,0,
2021020776,2024-09-12 18:00:00,中日ドラゴンズ,東京ヤクルトスワローズ,4.0,9.0,UNKNOWN,バンテリンドーム ナゴヤ,unknown,low,False,False,2000139.0,1000138.0,[],[],,,,,0,light,2024-09-12 18:00:00+00:00,,UNKNOWN,,,,UNKNOWN,UNKNOWN,,UNKNOWN,,9.0,2.25,6.75,2.25,2.25,5.7,4.0,4.0,8.0,1.0,1.0,3.0,,,,4.5,2.0,11.25,2.25,0.0,1.4500000000000002,4.0,2.0,7.0,0.0,1.0,5.0,,,,True,True,UNKNOWN,False,False,,,,,,,,,,NPB,2024-09-12 18:00:00,1,,,0,
2021020778,2024-09-12 18:00:00,広島東洋カープ,読売ジャイアンツ,0.0,5.0,UNKNOWN,MAZDA Zoom-Zoom スタジアム広島,unknown,low,False,False,1800028.0,1600123.0,[],[],,,,,0,light,2024-09-12 18:00:00+00:00,,UNKNOWN,,,,UNKNOWN,UNKNOWN,,UNKNOWN,,0.0,1.3333333333333333,9.0,4.5,0.0,2.7,6.0,0.0,5.0,0.0,3.0,6.0,,,,1.8,1.2,9.0,3.6,0.0,2.4000000000000004,5.0,1.0,4.0,0.0,2.0,5.0,,,,True,True,UNKNOWN,False,False,,,,,,,,,,NPB,2024-09-12 18:00:00,1,,,0,
2021020779,2024-09-12 18:00:00,埼玉西武ライオンズ,東北楽天ゴールデンイーグルス,3.0,7.0,UNKNOWN,ベルーナドーム,excluded,high,False,False,2000123.0,2112121.0,[],[],,,,,0,light,2024-09-12 18:00:00+00:00,,UNKNOWN,,,,UNKNOWN,UNKNOWN,,UNKNOWN,,4.5,1.8333333333333333,6.0,1.5,1.5,4.533333333333333,6.0,3.0,10.0,1.0,1.0,4.0,,,,0.0,1.6666666666666667,6.0,0.0,0.0,1.866666666666667,3.0,0.0,5.0,0.0,0.0,2.0,,,,True,True,UNKNOWN,False,False,2024-09-12 09:00:00+00:00,,UNKNOWN,Open-Meteo Historical Forecast,FAIL_CLOSED_NO_ISSUANCE_TIMESTAMP,28.5,81.0,0.0,7.2,NPB,2024-09-12 18:00:00,1,,,0,
2021020779,2024-09-12 18:00:00,埼玉西武ライオンズ,東北楽天ゴールデンイーグルス,3.0,7.0,UNKNOWN,ベルーナドーム,excluded,high,False,False,2000123.0,2112121.0,[],[],,,,,0,light,2024-09-12 18:00:00+00:00,,UNKNOWN,,,,UNKNOWN,UNKNOWN,,UNKNOWN,,4.5,1.8333333333333333,6.0,1.5,1.5,4.533333333333333,6.0,3.0,10.0,1.0,1.0,4.0,,,,0.0,1.6666666666666667,6.0,0.0,0.0,1.866666666666667,3.0,0.0,5.0,0.0,0.0,2.0,,,,True,True,UNKNOWN,False,False,2024-09-12 09:00:00+00:00,,UNKNOWN,Open-Meteo Historical Forecast,FAIL_CLOSED_NO_ISSUANCE_TIMESTAMP,28.5,81.0,0.0,7.2,NPB,2024-09-12 18:00:00,1,,,0,
2021020780,2024-09-13 18:00:00,東京ヤクルトスワローズ,読売ジャイアンツ,7.0,2.0,UNKNOWN,明治神宮野球場,unknown,low,False,False,2000006.0,2000025.0,[],[],,,,,0,light,2024-09-13 18:00:00+00:00,,UNKNOWN,,,,UNKNOWN,UNKNOWN,,UNKNOWN,,13.5,3.0,0.0,3.375,3.375,9.2,2.6666666666666665,4.0,7.0,1.0,1.0,0.0,,,,2.25,0.625,3.375,1.125,1.125,4.45,8.0,2.0,4.0,1.0,1.0,3.0,,,,True,True,UNKNOWN,False,False,,,,,,,,,,NPB,2024-09-13 18:00:00,1,,,0,
2021020781,2024-09-13 18:00:00,横浜DeNAベイスターズ,中日ドラゴンズ,5.0,2.0,UNKNOWN,横浜スタジアム,unknown,low,False,False,1200098.0,1961374.0,[],[],,,,,0,light,2024-09-13 18:00:00+00:00,,UNKNOWN,,,,UNKNOWN,UNKNOWN,,UNKNOWN,,5.4,1.8,7.2,1.8,0.0,2.2,5.0,3.0,8.0,0.0,1.0,4.0,,,,2.571428571428572,0.8571428571428571,11.571428571428571,1.2857142857142858,0.0,1.0571428571428574,7.0,2.0,5.0,0.0,1.0,9.0,,,,True,True,UNKNOWN,False,False,,,,,,,,,,NPB,2024-09-13 18:00:00,1,,,0,
2021020782,2024-09-13 18:00:00,阪神タイガース,広島東洋カープ,7.0,3.0,UNKNOWN,阪神甲子園球場,unknown,low,False,False,1300057.0,1700078.0,[],[],,,,,0,light,2024-09-13 18:00:00+00:00,,UNKNOWN,,,,UNKNOWN,UNKNOWN,,UNKNOWN,,8.307692307692308,2.5384615384615388,10.384615384615383,4.153846153846154,0.0,2.276923076923077,4.333333333333333,4.0,9.0,0.0,2.0,5.0,,,,4.764705882352941,0.8823529411764706,6.352941176470588,1.588235294117647,0.0,2.3176470588235296,5.666666666666667,3.0,4.0,0.0,1.0,4.0,,,,True,True,UNKNOWN,False,False,,,,,,,,,,NPB,2024-09-13 18:00:00,1,,,0,
2021020783,2024-09-13 18:00:00,埼玉西武ライオンズ,千葉ロッテマリーンズ,7.0,6.0,UNKNOWN,ベルーナドーム,unknown,low,False,False,1700002.0,1800080.0,[],[],,,,,0,light,2024-09-13 18:00:00+00:00,,UNKNOWN,,,,UNKNOWN,UNKNOWN,,UNKNOWN,,1.8,1.2,9.0,1.8,0.0,1.8000000000000005,5.0,1.0,5.0,0.0,1.0,5.0,,,,7.7142857142857135,1.5,3.8571428571428568,7.7142857142857135,1.9285714285714284,7.7,4.666666666666667,4.0,3.0,1.0,4.0,2.0,,,,True,True,UNKNOWN,False,False,2024-09-13 09:00:00+00:00,,UNKNOWN,Open-Meteo Historical Forecast,FAIL_CLOSED_NO_ISSUANCE_TIMESTAMP,28.1,76.0,0.0,6.6,NPB,2024-09-13 18:00:00,1,,,0,
2021020783,2024-09-13 18:00:00,埼玉西武ライオンズ,千葉ロッテマリーンズ,7.0,6.0,UNKNOWN,ベルーナドーム,unknown,low,False,False,1700002.0,1800080.0,[],[],,,,,0,light,2024-09-13 18:00:00+00:00,,UNKNOWN,,,,UNKNOWN,UNKNOWN,,UNKNOWN,,1.8,1.2,9.0,1.8,0.0,1.8000000000000005,5.0,1.0,5.0,0.0,1.0,5.0,,,,7.7142857142857135,1.5,3.8571428571428568,7.7142857142857135,1.9285714285714284,7.7,4.666666666666667,4.0,3.0,1.0,4.0,2.0,,,,True,True,UNKNOWN,False,False,2024-09-13 09:00:00+00:00,,UNKNOWN,Open-Meteo Historical Forecast,FAIL_CLOSED_NO_ISSUANCE_TIMESTAMP,28.1,76.0,0.0,6.6,NPB,2024-09-13 18:00:00,1,,,0,
2021020784,2024-09-13 18:00:00,オリックス・バファローズ,福岡ソフトバンクホークス,3.0,8.0,UNKNOWN,京セラドーム大阪,unknown,low,False,False,1400117.0,2000096.0,[],[],,,,,0,light,2024-09-13 18:00:00+00:00,,UNKNOWN,,,,UNKNOWN,UNKNOWN,,UNKNOWN,,1.2857142857142858,1.4285714285714286,6.428571428571429,1.2857142857142858,1.2857142857142858,4.057142857142857,7.0,1.0,9.0,1.0,1.0,5.0,,,,3.857142857142857,1.0,10.285714285714286,2.571428571428572,0.0,1.7714285714285716,7.0,3.0,5.0,0.0,2.0,8.0,,,,True,True,UNKNOWN,False,False,,,,,,,,,,NPB,2024-09-13 18:00:00,1,,,0,
2021020787,2024-09-14 13:00:00,東北楽天ゴールデンイーグルス,北海道日本ハムファイターズ,7.0,5.0,UNKNOWN,楽天モバイルパーク宮城,unknown,low,False,False,1500110.0,2000121.0,[],[],,,,,0,light,2024-09-14 13:00:00+00:00,,UNKNOWN,,,,UNKNOWN,UNKNOWN,,UNKNOWN,,7.2,2.4,5.4,5.4,0.0,3.8,5.0,4.0,9.0,0.0,3.0,3.0,,,,3.0,1.3333333333333333,3.0,1.5,1.5,5.2,6.0,2.0,7.0,1.0,1.0,2.0,,,,True,True,UNKNOWN,False,False,,,,,,,,,,NPB,2024-09-14 13:00:00,1,,,0,
2021020786,2024-09-14 14:00:00,横浜DeNAベイスターズ,中日ドラゴンズ,2.0,4.0,UNKNOWN,横浜スタジアム,unknown,low,False,False,1200055.0,2112182.0,[],[],,,,,0,light,2024-09-14 14:00:00+00:00,,UNKNOWN,,,,UNKNOWN,UNKNOWN,,UNKNOWN,,3.0,0.5,7.5,0.0,1.5,3.7,6.0,2.0,3.0,1.0,0.0,5.0,,,,6.0,2.6666666666666665,3.0,0.0,0.0,2.5333333333333337,3.0,2.0,8.0,0.0,0.0,1.0,,,,True,True,UNKNOWN,False,False,,,,,,,,,,NPB,2024-09-14 14:00:00,1,,,0,
2021023195,2024-09-14 14:00:00,阪神タイガース,広島東洋カープ,4.0,3.0,UNKNOWN,阪神甲子園球場,unknown,low,False,False,2103788.0,1600115.0,[],[],,,,,0,light,2024-09-14 14:00:00+00:00,,UNKNOWN,,,,UNKNOWN,UNKNOWN,,UNKNOWN,,0.0,0.5,7.5,0.0,0.0,1.5333333333333334,6.0,0.0,3.0,0.0,0.0,5.0,,,,4.5,1.1666666666666667,7.5,1.5,0.0,2.033333333333333,6.0,3.0,6.0,0.0,1.0,5.0,,,,True,True,UNKNOWN,False,False,,,,,,,,,,NPB,2024-09-14 14:00:00,1,,,0,
2021020785,2024-09-14 18:00:00,読売ジャイアンツ,東京ヤクルトスワローズ,1.0,4.0,UNKNOWN,東京ドーム,unknown,low,False,False,1500042.0,1900019.0,[],[],,,,,0,light,2024-09-14 18:00:00+00:00,,UNKNOWN,,,,UNKNOWN,UNKNOWN,,UNKNOWN,,0.0,1.5,9.0,3.0,0.0,2.2,6.0,0.0,7.0,0.0,2.0,6.0,,,,3.6,1.2,3.6,1.8,0.0,3.0,5.0,2.0,5.0,0.0,1.0,2.0,,,,True,True,UNKNOWN,False,False,2024-09-14 09:00:00+00:00,,UNKNOWN,Open-Meteo Historical Forecast,FAIL_CLOSED_NO_ISSUANCE_TIMESTAMP,28.8,81.0,0.0,9.0,NPB,2024-09-14 18:00:00,1,,,0,
2021020785,2024-09-14 18:00:00,読売ジャイアンツ,東京ヤクルトスワローズ,1.0,4.0,UNKNOWN,東京ドーム,unknown,low,False,False,1500042.0,1900019.0,[],[],,,,,0,light,2024-09-14 18:00:00+00:00,,UNKNOWN,,,,UNKNOWN,UNKNOWN,,UNKNOWN,,0.0,1.5,9.0,3.0,0.0,2.2,6.0,0.0,7.0,0.0,2.0,6.0,,,,3.6,1.2,3.6,1.8,0.0,3.0,5.0,2.0,5.0,0.0,1.0,2.0,,,,True,True,UNKNOWN,False,False,2024-09-14 09:00:00+00:00,,UNKNOWN,Open-Meteo Historical Forecast,FAIL_CLOSED_NO_ISSUANCE_TIMESTAMP,28.8,81.0,0.0,9.0,NPB,2024-09-14 18:00:00,1,,,0,
2021020788,2024-09-14 18:00:00,埼玉西武ライオンズ,千葉ロッテマリーンズ,0.0,1.0,UNKNOWN,ベルーナドーム,unknown,low,False,False,1800052.0,2103625.0,[],[],,,,,0,light,2024-09-14 18:00:00+00:00,,UNKNOWN,,,,UNKNOWN,UNKNOWN,,UNKNOWN,,0.0,0.8571428571428571,12.857142857142858,1.2857142857142858,0.0,0.7714285714285718,7.0,0.0,5.0,0.0,1.0,10.0,,,,1.8,1.8,10.8,5.4,0.0,2.6,5.0,1.0,6.0,0.0,3.0,6.0,,,,True,True,UNKNOWN,False,False,2024-09-14 09:00:00+00:00,,UNKNOWN,Open-Meteo Historical Forecast,FAIL_CLOSED_NO_ISSUANCE_TIMESTAMP,28.0,82.0,0.0,8.7,NPB,2024-09-14 18:00:00,1,,,0,
2021020788,2024-09-14 18:00:00,埼玉西武ライオンズ,千葉ロッテマリーンズ,0.0,1.0,UNKNOWN,ベルーナドーム,unknown,low,False,False,1800052.0,2103625.0,[],[],,,,,0,light,2024-09-14 18:00:00+00:00,,UNKNOWN,,,,UNKNOWN,UNKNOWN,,UNKNOWN,,0.0,0.8571428571428571,12.857142857142858,1.2857142857142858,0.0,0.7714285714285718,7.0,0.0,5.0,0.0,1.0,10.0,,,,1.8,1.8,10.8,5.4,0.0,2.6,5.0,1.0,6.0,0.0,3.0,6.0,,,,True,True,UNKNOWN,False,False,2024-09-14 09:00:00+00:00,,UNKNOWN,Open-Meteo Historical Forecast,FAIL_CLOSED_NO_ISSUANCE_TIMESTAMP,28.0,82.0,0.0,8.7,NPB,2024-09-14 18:00:00,1,,,0,
2021020789,2024-09-14 18:00:00,オリックス・バファローズ,福岡ソフトバンクホークス,1.0,10.0,UNKNOWN,京セラドーム大阪,unknown,low,False,False,1700011.0,2101291.0,[],[],,,,,0,light,2024-09-14 18:00:00+00:00,,UNKNOWN,,,,UNKNOWN,UNKNOWN,,UNKNOWN,,0.0,0.6666666666666666,10.5,3.0,0.0,1.866666666666667,6.0,0.0,2.0,0.0,2.0,7.0,,,,11.571428571428571,1.7142857142857142,9.642857142857142,1.9285714285714284,0.0,1.7000000000000002,4.666666666666667,6.0,7.0,0.0,1.0,5.0,,,,True,True,UNKNOWN,False,False,,,,,,,,,,NPB,2024-09-14 18:00:00,1,,,0,
2021020795,2024-09-15 13:00:00,オリックス・バファローズ,福岡ソフトバンクホークス,0.0,3.0,UNKNOWN,京セラドーム大阪,unknown,low,False,False,1550517.0,1900087.0,[],[],,,,,0,light,2024-09-15 13:00:00+00:00,,UNKNOWN,,,,UNKNOWN,UNKNOWN,,UNKNOWN,,0.0,0.5,6.75,1.125,0.0,2.075,8.0,0.0,3.0,0.0,1.0,6.0,,,,0.0,0.875,10.125,3.375,0.0,2.075,8.0,0.0,4.0,0.0,3.0,9.0,,,,True,True,UNKNOWN,False,False,,,,,,,,,,NPB,2024-09-15 13:00:00,1,,,0,
2021020790,2024-09-15 18:00:00,読売ジャイアンツ,中日ドラゴンズ,6.0,3.0,UNKNOWN,東京ドーム,unknown,low,False,False,500014.0,1200041.0,[],[],,,,,0,light,2024-09-15 18:00:00+00:00,,UNKNOWN,,,,UNKNOWN,UNKNOWN,,UNKNOWN,,5.4,1.2,3.6,0.0,1.8,5.0,5.0,3.0,6.0,1.0,0.0,2.0,,,,4.764705882352941,1.7647058823529411,7.941176470588235,0.0,1.588235294117647,3.7294117647058815,5.666666666666667,3.0,10.0,1.0,0.0,5.0,,,,True,True,UNKNOWN,False,False,2024-09-15 09:00:00+00:00,,UNKNOWN,Open-Meteo Historical Forecast,FAIL_CLOSED_NO_ISSUANCE_TIMESTAMP,29.2,73.0,0.0,8.0,NPB,2024-09-15 18:00:00,1,,,0,
2021020790,2024-09-15 18:00:00,読売ジャイアンツ,中日ドラゴンズ,6.0,3.0,UNKNOWN,東京ドーム,unknown,low,False,False,500014.0,1200041.0,[],[],,,,,0,light,2024-09-15 18:00:00+00:00,,UNKNOWN,,,,UNKNOWN,UNKNOWN,,UNKNOWN,,5.4,1.2,3.6,0.0,1.8,5.0,5.0,3.0,6.0,1.0,0.0,2.0,,,,4.764705882352941,1.7647058823529411,7.941176470588235,0.0,1.588235294117647,3.7294117647058815,5.666666666666667,3.0,10.0,1.0,0.0,5.0,,,,True,True,UNKNOWN,False,False,2024-09-15 09:00:00+00:00,,UNKNOWN,Open-Meteo Historical Forecast,FAIL_CLOSED_NO_ISSUANCE_TIMESTAMP,29.2,73.0,0.0,8.0,NPB,2024-09-15 18:00:00,1,,,0,
2021020791,2024-09-15 18:00:00,阪神タイガース,東京ヤクルトスワローズ,2.0,1.0,UNKNOWN,阪神甲子園球場,unknown,low,False,False,1300045.0,2100915.0,[],[],,,,,0,light,2024-09-15 18:00:00+00:00,,UNKNOWN,,,,UNKNOWN,UNKNOWN,,UNKNOWN,,2.571428571428572,1.0,14.142857142857142,0.0,2.571428571428572,3.7714285714285714,7.0,2.0,7.0,2.0,0.0,11.0,,,,1.5,0.8333333333333334,13.5,4.5,0.0,1.7000000000000002,6.0,1.0,2.0,0.0,3.0,9.0,,,,True,True,UNKNOWN,False,False,,,,,,,,,,NPB,2024-09-15 18:00:00,1,,,0,
2021020792,2024-09-15 18:00:00,広島東洋カープ,横浜DeNAベイスターズ,10.0,2.0,UNKNOWN,MAZDA Zoom-Zoom スタジアム広島,excluded,high,False,False,2105707.0,2110267.0,[],[],,,,,0,light,2024-09-15 18:00:00+00:00,,UNKNOWN,,,,UNKNOWN,UNKNOWN,,UNKNOWN,,33.75,6.0,13.5,13.5,0.0,4.7,1.3333333333333333,5.0,6.0,0.0,2.0,2.0,,,,1.8,1.8,7.2,3.6,0.0,2.8000000000000003,5.0,1.0,7.0,0.0,2.0,4.0,,,,True,True,UNKNOWN,False,False,,,,,,,,,,NPB,2024-09-15 18:00:00,1,,,0,
2021020794,2024-09-15 18:00:00,埼玉西武ライオンズ,千葉ロッテマリーンズ,7.0,1.0,UNKNOWN,ベルーナドーム,unknown,low,False,False,1900080.0,1600127.0,[],[],,,,,0,light,2024-09-15 18:00:00+00:00,,UNKNOWN,,,,UNKNOWN,UNKNOWN,,UNKNOWN,,4.5,0.8333333333333334,6.0,0.0,0.0,1.866666666666667,6.0,3.0,5.0,0.0,0.0,4.0,,,,1.125,0.75,13.5,1.125,0.0,0.5750000000000002,8.0,1.0,5.0,0.0,1.0,12.0,,,,True,True,UNKNOWN,False,False,2024-09-15 09:00:00+00:00,,UNKNOWN,Open-Meteo Historical Forecast,FAIL_CLOSED_NO_ISSUANCE_TIMESTAMP,28.7,73.0,0.0,7.2,NPB,2024-09-15 18:00:00,1,,,0,
2021020794,2024-09-15 18:00:00,埼玉西武ライオンズ,千葉ロッテマリーンズ,7.0,1.0,UNKNOWN,ベルーナドーム,unknown,low,False,False,1900080.0,1600127.0,[],[],,,,,0,light,2024-09-15 18:00:00+00:00,,UNKNOWN,,,,UNKNOWN,UNKNOWN,,UNKNOWN,,4.5,0.8333333333333334,6.0,0.0,0.0,1.866666666666667,6.0,3.0,5.0,0.0,0.0,4.0,,,,1.125,0.75,13.5,1.125,0.0,0.5750000000000002,8.0,1.0,5.0,0.0,1.0,12.0,,,,True,True,UNKNOWN,False,False,2024-09-15 09:00:00+00:00,,UNKNOWN,Open-Meteo Historical Forecast,FAIL_CLOSED_NO_ISSUANCE_TIMESTAMP,28.7,73.0,0.0,7.2,NPB,2024-09-15 18:00:00,1,,,0,
2021020799,2024-09-16 13:00:00,東北楽天ゴールデンイーグルス,北海道日本ハムファイターズ,6.0,5.0,UNKNOWN,楽天モバイルパーク宮城,unknown,low,False,False,2107859.0,700065.0,[],[],,,,,0,light,2024-09-16 13:00:00+00:00,,UNKNOWN,,,,UNKNOWN,UNKNOWN,,UNKNOWN,,3.6,0.8,9.0,1.8,3.6,7.0,5.0,2.0,3.0,2.0,1.0,5.0,,,,3.857142857142857,0.8571428571428571,1.2857142857142858,1.2857142857142858,2.571428571428572,7.057142857142857,7.0,3.0,5.0,2.0,1.0,1.0,,,,True,True,UNKNOWN,False,False,,,,,,,,,,NPB,2024-09-16 13:00:00,1,,,0,
2021020800,2024-09-16 13:00:00,埼玉西武ライオンズ,千葉ロッテマリーンズ,1.0,0.0,UNKNOWN,ベルーナドーム,unknown,low,False,False,2102758.0,2105080.0,[],[],,,,,0,light,2024-09-16 13:00:00+00:00,,UNKNOWN,,,,UNKNOWN,UNKNOWN,,UNKNOWN,,0.0,0.8,7.2,1.8,0.0,2.2,5.0,0.0,3.0,0.0,1.0,4.0,,,,0.0,0.4444444444444444,6.0,1.0,0.0,2.2,9.0,0.0,3.0,0.0,1.0,6.0,,,,True,True,UNKNOWN,False,False,2024-09-16 04:00:00+00:00,,UNKNOWN,Open-Meteo Historical Forecast,FAIL_CLOSED_NO_ISSUANCE_TIMESTAMP,28.6,71.0,0.0,6.0,NPB,2024-09-16 13:00:00,1,,,0,
2021020800,2024-09-16 13:00:00,埼玉西武ライオンズ,千葉ロッテマリーンズ,1.0,0.0,UNKNOWN,ベルーナドーム,unknown,low,False,False,2102758.0,2105080.0,[],[],,,,,0,light,2024-09-16 13:00:00+00:00,,UNKNOWN,,,,UNKNOWN,UNKNOWN,,UNKNOWN,,0.0,0.8,7.2,1.8,0.0,2.2,5.0,0.0,3.0,0.0,1.0,4.0,,,,0.0,0.4444444444444444,6.0,1.0,0.0,2.2,9.0,0.0,3.0,0.0,1.0,6.0,,,,True,True,UNKNOWN,False,False,2024-09-16 04:00:00+00:00,,UNKNOWN,Open-Meteo Historical Forecast,FAIL_CLOSED_NO_ISSUANCE_TIMESTAMP,28.6,71.0,0.0,6.0,NPB,2024-09-16 13:00:00,1,,,0,
2021020796,2024-09-16 14:00:00,読売ジャイアンツ,中日ドラゴンズ,7.0,1.0,UNKNOWN,東京ドーム,unknown,low,False,False,2000050.0,2103689.0,[],[],,,,,0,light,2024-09-16 14:00:00+00:00,,UNKNOWN,,,,UNKNOWN,UNKNOWN,,UNKNOWN,,7.941176470588235,1.588235294117647,9.529411764705882,1.588235294117647,3.176470588235294,6.2,5.666666666666667,5.0,8.0,2.0,1.0,6.0,,,,1.5,0.5,10.5,0.0,1.5,3.0333333333333337,6.0,1.0,3.0,1.0,0.0,7.0,,,,True,True,UNKNOWN,False,False,2024-09-16 05:00:00+00:00,,UNKNOWN,Open-Meteo Historical Forecast,FAIL_CLOSED_NO_ISSUANCE_TIMESTAMP,29.0,70.0,0.0,7.4,NPB,2024-09-16 14:00:00,1,,,0,
2021020796,2024-09-16 14:00:00,読売ジャイアンツ,中日ドラゴンズ,7.0,1.0,UNKNOWN,東京ドーム,unknown,low,False,False,2000050.0,2103689.0,[],[],,,,,0,light,2024-09-16 14:00:00+00:00,,UNKNOWN,,,,UNKNOWN,UNKNOWN,,UNKNOWN,,7.941176470588235,1.588235294117647,9.529411764705882,1.588235294117647,3.176470588235294,6.2,5.666666666666667,5.0,8.0,2.0,1.0,6.0,,,,1.5,0.5,10.5,0.0,1.5,3.0333333333333337,6.0,1.0,3.0,1.0,0.0,7.0,,,,True,True,UNKNOWN,False,False,2024-09-16 05:00:00+00:00,,UNKNOWN,Open-Meteo Historical Forecast,FAIL_CLOSED_NO_ISSUANCE_TIMESTAMP,29.0,70.0,0.0,7.4,NPB,2024-09-16 14:00:00,1,,,0,
2021020797,2024-09-16 14:00:00,阪神タイガース,東京ヤクルトスワローズ,3.0,0.0,UNKNOWN,阪神甲子園球場,unknown,low,False,False,1200076.0,1700137.0,[],[],,,,,0,light,2024-09-16 14:00:00+00:00,,UNKNOWN,,,,UNKNOWN,UNKNOWN,,UNKNOWN,,1.8,1.6,3.6,0.0,0.0,2.4000000000000004,5.0,1.0,8.0,0.0,0.0,2.0,,,,0.0,1.3333333333333333,10.5,7.5,0.0,3.3666666666666667,6.0,0.0,3.0,0.0,5.0,7.0,,,,True,True,UNKNOWN,False,False,,,,,,,,,,NPB,2024-09-16 14:00:00,1,,,0,
2021020798,2024-09-16 14:00:00,広島東洋カープ,横浜DeNAベイスターズ,2.0,11.0,UNKNOWN,MAZDA Zoom-Zoom スタジアム広島,unknown,low,False,False,1700058.0,1900052.0,[],[],,,,,0,light,2024-09-16 14:00:00+00:00,,UNKNOWN,,,,UNKNOWN,UNKNOWN,,UNKNOWN,,3.176470588235294,1.2352941176470589,7.941176470588235,3.176470588235294,1.588235294117647,4.788235294117647,5.666666666666667,2.0,5.0,1.0,2.0,5.0,,,,10.8,1.6,5.4,0.0,1.8,4.6,5.0,6.0,8.0,1.0,0.0,3.0,,,,True,True,UNKNOWN,False,False,,,,,,,,,,NPB,2024-09-16 14:00:00,1,,,0,
2021020801,2024-09-16 14:00:00,オリックス・バファローズ,福岡ソフトバンクホークス,0.0,1.0,UNKNOWN,京セラドーム大阪,unknown,low,False,False,1300080.0,1750595.0,[],[],,,,,0,light,2024-09-16 14:00:00+00:00,,UNKNOWN,,,,UNKNOWN,UNKNOWN,,UNKNOWN,,0.0,0.7142857142857143,7.714285714285714,2.571428571428572,0.0,2.342857142857143,7.0,0.0,3.0,0.0,2.0,6.0,,,,0.0,0.8571428571428571,11.571428571428571,1.2857142857142858,0.0,1.0571428571428574,7.0,0.0,5.0,0.0,1.0,9.0,,,,True,True,UNKNOWN,False,False,,,,,,,,,,NPB,2024-09-16 14:00:00,1,,,0,
2021020802,2024-09-17 18:00:00,東北楽天ゴールデンイーグルス,千葉ロッテマリーンズ,5.0,4.0,UNKNOWN,楽天モバイルパーク宮城,unknown,low,False,False,900081.0,2110316.0,[],[],,,,,0,light,2024-09-17 18:00:00+00:00,,UNKNOWN,,,,UNKNOWN,UNKNOWN,,UNKNOWN,,4.5,1.3333333333333333,7.5,3.0,0.0,2.5333333333333337,6.0,3.0,6.0,0.0,2.0,5.0,,,,5.4,1.2,5.4,3.6,3.6,8.4,5.0,3.0,4.0,2.0,2.0,3.0,,,,True,True,UNKNOWN,False,False,,,,,,,,,,NPB,2024-09-17 18:00:00,1,,,0,
2021020803,2024-09-17 18:00:00,福岡ソフトバンクホークス,北海道日本ハムファイターズ,2.0,3.0,UNKNOWN,みずほPayPayドーム福岡,unknown,low,False,False,1400195.0,1900010.0,[],[],,,,,0,light,2024-09-17 18:00:00+00:00,,UNKNOWN,,,,UNKNOWN,UNKNOWN,,UNKNOWN,,1.5,0.6666666666666666,3.0,0.0,0.0,2.5333333333333337,6.0,1.0,4.0,0.0,0.0,2.0,,,,3.176470588235294,1.588235294117647,6.352941176470588,4.764705882352941,0.0,3.376470588235294,5.666666666666667,2.0,6.0,0.0,3.0,4.0,,,,True,True,UNKNOWN,False,False,,,,,,,,,,NPB,2024-09-17 18:00:00,1,,,0,
2021020804,2024-09-18 18:00:00,読売ジャイアンツ,横浜DeNAベイスターズ,2.0,2.0,UNKNOWN,東京ドーム,unknown,low,False,False,2103904.0,1961407.0,[],[],,,,,0,light,2024-09-18 18:00:00+00:00,,UNKNOWN,,,,UNKNOWN,UNKNOWN,,UNKNOWN,,1.588235294117647,1.588235294117647,4.764705882352941,4.764705882352941,1.588235294117647,6.023529411764706,5.666666666666667,1.0,6.0,1.0,3.0,3.0,,,,1.5,0.8333333333333334,9.0,3.0,1.5,4.366666666666667,6.0,1.0,3.0,1.0,2.0,6.0,,,,True,True,UNKNOWN,False,False,2024-09-18 09:00:00+00:00,,UNKNOWN,Open-Meteo Historical Forecast,FAIL_CLOSED_NO_ISSUANCE_TIMESTAMP,29.3,84.0,0.0,2.2,NPB,2024-09-18 18:00:00,1,,,0,
2021020804,2024-09-18 18:00:00,読売ジャイアンツ,横浜DeNAベイスターズ,2.0,2.0,UNKNOWN,東京ドーム,unknown,low,False,False,2103904.0,1961407.0,[],[],,,,,0,light,2024-09-18 18:00:00+00:00,,UNKNOWN,,,,UNKNOWN,UNKNOWN,,UNKNOWN,,1.588235294117647,1.588235294117647,4.764705882352941,4.764705882352941,1.588235294117647,6.023529411764706,5.666666666666667,1.0,6.0,1.0,3.0,3.0,,,,1.5,0.8333333333333334,9.0,3.0,1.5,4.366666666666667,6.0,1.0,3.0,1.0,2.0,6.0,,,,True,True,UNKNOWN,False,False,2024-09-18 09:00:00+00:00,,UNKNOWN,Open-Meteo Historical Forecast,FAIL_CLOSED_NO_ISSUANCE_TIMESTAMP,29.3,84.0,0.0,2.2,NPB,2024-09-18 18:00:00,1,,,0,
2021020805,2024-09-18 18:00:00,東京ヤクルトスワローズ,広島東洋カープ,5.0,4.0,UNKNOWN,明治神宮野球場,unknown,low,False,False,1300058.0,2060039.0,[],[],,,,,0,light,2024-09-18 18:00:00+00:00,,UNKNOWN,,,,UNKNOWN,UNKNOWN,,UNKNOWN,,8.4375,1.875,6.75,5.0625,1.6875,5.825,5.333333333333333,5.0,7.0,1.0,3.0,4.0,,,,3.6,1.2,10.8,1.8,0.0,1.4,5.0,2.0,5.0,0.0,1.0,6.0,,,,True,True,UNKNOWN,False,False,,,,,,,,,,NPB,2024-09-18 18:00:00,1,,,0,
2021020806,2024-09-18 18:00:00,中日ドラゴンズ,阪神タイガース,3.0,8.0,UNKNOWN,バンテリンドーム ナゴヤ,unknown,low,False,False,2000055.0,2000042.0,[],[],,,,,0,light,2024-09-18 18:00:00+00:00,,UNKNOWN,,,,UNKNOWN,UNKNOWN,,UNKNOWN,,3.6,1.2,7.2,3.6,0.0,2.8000000000000003,5.0,2.0,4.0,0.0,2.0,4.0,,,,4.5,1.8333333333333333,4.5,4.5,0.0,3.7,6.0,3.0,8.0,0.0,3.0,3.0,,,,True,True,UNKNOWN,False,False,,,,,,,,,,NPB,2024-09-18 18:00:00,1,,,0,
2021020807,2024-09-18 18:00:00,東北楽天ゴールデンイーグルス,千葉ロッテマリーンズ,8.0,1.0,UNKNOWN,楽天モバイルパーク宮城,unknown,low,False,False,1160474.0,2000123.0,[],[],,,,,0,light,2024-09-18 18:00:00+00:00,,UNKNOWN,,,,UNKNOWN,UNKNOWN,,UNKNOWN,,9.0,2.25,4.5,6.75,0.0,4.45,4.0,4.0,6.0,0.0,3.0,2.0,,,,1.5,1.1666666666666667,7.5,1.5,1.5,4.2,6.0,1.0,6.0,1.0,1.0,5.0,,,,True,True,UNKNOWN,False,False,,,,,,,,,,NPB,2024-09-18 18:00:00,1,,,0,
2021020808,2024-09-18 18:00:00,埼玉西武ライオンズ,オリックス・バファローズ,3.0,1.0,UNKNOWN,ベルーナドーム,unknown,low,False,False,2108177.0,1751148.0,[],[],,,,,0,light,2024-09-18 18:00:00+00:00,,UNKNOWN,,,,UNKNOWN,UNKNOWN,,UNKNOWN,,2.571428571428572,1.0,9.0,2.571428571428572,0.0,2.0571428571428574,7.0,2.0,5.0,0.0,2.0,7.0,,,,1.125,0.5,12.375,0.0,0.0,0.4500000000000002,8.0,1.0,4.0,0.0,0.0,11.0,,,,True,True,UNKNOWN,False,False,2024-09-18 09:00:00+00:00,,UNKNOWN,Open-Meteo Historical Forecast,FAIL_CLOSED_NO_ISSUANCE_TIMESTAMP,28.7,87.0,3.1,2.9,NPB,2024-09-18 18:00:00,1,,,0,
2021020808,2024-09-18 18:00:00,埼玉西武ライオンズ,オリックス・バファローズ,3.0,1.0,UNKNOWN,ベルーナドーム,unknown,low,False,False,2108177.0,1751148.0,[],[],,,,,0,light,2024-09-18 18:00:00+00:00,,UNKNOWN,,,,UNKNOWN,UNKNOWN,,UNKNOWN,,2.571428571428572,1.0,9.0,2.571428571428572,0.0,2.0571428571428574,7.0,2.0,5.0,0.0,2.0,7.0,,,,1.125,0.5,12.375,0.0,0.0,0.4500000000000002,8.0,1.0,4.0,0.0,0.0,11.0,,,,True,True,UNKNOWN,False,False,2024-09-18 09:00:00+00:00,,UNKNOWN,Open-Meteo Historical Forecast,FAIL_CLOSED_NO_ISSUANCE_TIMESTAMP,28.7,87.0,3.1,2.9,NPB,2024-09-18 18:00:00,1,,,0,
2021020809,2024-09-18 18:00:00,福岡ソフトバンクホークス,北海道日本ハムファイターズ,0.0,3.0,UNKNOWN,みずほPayPayドーム福岡,unknown,low,False,False,2000079.0,1900106.0,[],[],,,,,0,light,2024-09-18 18:00:00+00:00,,UNKNOWN,,,,UNKNOWN,UNKNOWN,,UNKNOWN,,0.0,1.2222222222222223,9.0,2.0,0.0,1.866666666666667,9.0,0.0,9.0,0.0,2.0,9.0,,,,1.8,0.8,5.4,1.8,0.0,2.6,5.0,1.0,3.0,0.0,1.0,3.0,,,,True,True,UNKNOWN,False,False,,,,,,,,,,NPB,2024-09-18 18:00:00,1,,,0,
2021020810,2024-09-19 18:00:00,読売ジャイアンツ,横浜DeNAベイスターズ,6.0,0.0,UNKNOWN,東京ドーム,unknown,low,False,False,1961374.0,1800028.0,[],[],,,,,0,light,2024-09-19 18:00:00+00:00,,UNKNOWN,,,,UNKNOWN,UNKNOWN,,UNKNOWN,,7.2,1.8,7.2,9.0,1.8,7.2,5.0,4.0,4.0,1.0,5.0,4.0,,,,0.0,0.75,7.875,2.25,0.0,2.2,8.0,0.0,4.0,0.0,2.0,7.0,,,,True,True,UNKNOWN,False,False,2024-09-19 09:00:00+00:00,,UNKNOWN,Open-Meteo Historical Forecast,FAIL_CLOSED_NO_ISSUANCE_TIMESTAMP,27.2,92.0,0.2,4.1,NPB,2024-09-19 18:00:00,1,,,0,
2021020810,2024-09-19 18:00:00,読売ジャイアンツ,横浜DeNAベイスターズ,6.0,0.0,UNKNOWN,東京ドーム,unknown,low,False,False,1961374.0,1800028.0,[],[],,,,,0,light,2024-09-19 18:00:00+00:00,,UNKNOWN,,,,UNKNOWN,UNKNOWN,,UNKNOWN,,7.2,1.8,7.2,9.0,1.8,7.2,5.0,4.0,4.0,1.0,5.0,4.0,,,,0.0,0.75,7.875,2.25,0.0,2.2,8.0,0.0,4.0,0.0,2.0,7.0,,,,True,True,UNKNOWN,False,False,2024-09-19 09:00:00+00:00,,UNKNOWN,Open-Meteo Historical Forecast,FAIL_CLOSED_NO_ISSUANCE_TIMESTAMP,27.2,92.0,0.2,4.1,NPB,2024-09-19 18:00:00,1,,,0,
2021020811,2024-09-19 18:00:00,東京ヤクルトスワローズ,広島東洋カープ,5.0,1.0,UNKNOWN,明治神宮野球場,unknown,low,False,False,1600123.0,2103794.0,[],[],,,,,0,light,2024-09-19 18:00:00+00:00,,UNKNOWN,,,,UNKNOWN,UNKNOWN,,UNKNOWN,,9.0,2.0,5.4,0.0,3.6,7.2,5.0,5.0,10.0,2.0,0.0,3.0,,,,0.0,1.6,5.4,1.8,0.0,2.6,5.0,0.0,7.0,0.0,1.0,3.0,,,,True,True,UNKNOWN,False,False,,,,,,,,,,NPB,2024-09-19 18:00:00,1,,,0,
2021020812,2024-09-20 18:00:00,東京ヤクルトスワローズ,中日ドラゴンズ,6.0,7.0,UNKNOWN,明治神宮野球場,unknown,low,False,False,1500074.0,2000139.0,[],[],,,,,0,light,2024-09-20 18:00:00+00:00,,UNKNOWN,,,,UNKNOWN,UNKNOWN,,UNKNOWN,,7.2,1.6,3.6,1.8,3.6,8.2,5.0,4.0,7.0,2.0,1.0,2.0,,,,7.2,1.4,5.4,1.8,5.4,10.4,5.0,4.0,6.0,3.0,1.0,3.0,,,,True,True,UNKNOWN,False,False,,,,,,,,,,NPB,2024-09-20 18:00:00,1,,,0,
2021020813,2024-09-20 18:00:00,横浜DeNAベイスターズ,阪神タイガース,9.0,6.0,UNKNOWN,横浜スタジアム,unknown,low,False,False,900062.0,1300077.0,[],[],,,,,0,light,2024-09-20 18:00:00+00:00,,UNKNOWN,,,,UNKNOWN,UNKNOWN,,UNKNOWN,,22.5,3.5,0.0,4.5,4.5,11.2,2.0,5.0,6.0,1.0,1.0,0.0,,,,9.818181818181818,1.3636363636363638,2.4545454545454546,2.4545454545454546,0.0,3.472727272727273,3.6666666666666665,4.0,4.0,0.0,1.0,1.0,,,,True,True,UNKNOWN,False,False,,,,,,,,,,NPB,2024-09-20 18:00:00,1,,,0,
2021020814,2024-09-20 18:00:00,広島東洋カープ,読売ジャイアンツ,2.0,8.0,UNKNOWN,MAZDA Zoom-Zoom スタジアム広島,unknown,low,False,False,1900019.0,1300057.0,[],[],,,,,0,light,2024-09-20 18:00:00+00:00,,UNKNOWN,,,,UNKNOWN,UNKNOWN,,UNKNOWN,,1.8,1.2,14.4,0.0,0.0,0.0,5.0,1.0,6.0,0.0,0.0,8.0,,,,7.2,1.6,1.8,1.8,1.8,6.0,5.0,4.0,7.0,1.0,1.0,1.0,,,,True,True,UNKNOWN,False,False,,,,,,,,,,NPB,2024-09-20 18:00:00,1,,,0,
2021020815,2024-09-20 18:00:00,北海道日本ハムファイターズ,東北楽天ゴールデンイーグルス,7.0,3.0,UNKNOWN,ES CON FIELD HOKKAIDO,unknown,low,False,False,2000121.0,1900129.0,[],[],,,,,0,light,2024-09-20 18:00:00+00:00,,UNKNOWN,,,,UNKNOWN,UNKNOWN,,UNKNOWN,,6.75,1.6875,8.4375,3.375,1.6875,4.8875,5.333333333333333,4.0,7.0,1.0,2.0,5.0,,,,5.4,2.0,10.8,3.6,1.8,4.6,5.0,3.0,8.0,1.0,2.0,6.0,,,,True,True,UNKNOWN,False,False,,,,,,,,,,NPB,2024-09-20 18:00:00,1,,,0,
2021023275,2024-09-20 18:00:00,福岡ソフトバンクホークス,オリックス・バファローズ,4.0,0.0,UNKNOWN,みずほPayPayドーム福岡,unknown,low,False,False,1700109.0,1400117.0,[],[],,,,,0,light,2024-09-20 18:00:00+00:00,,UNKNOWN,,,,UNKNOWN,UNKNOWN,,UNKNOWN,,2.571428571428572,0.8571428571428571,3.857142857142857,1.2857142857142858,1.2857142857142858,4.628571428571429,7.0,2.0,5.0,1.0,1.0,3.0,,,,0.0,0.375,7.875,1.125,0.0,1.825,8.0,0.0,2.0,0.0,1.0,7.0,,,,True,True,UNKNOWN,False,False,,,,,,,,,,NPB,2024-09-20 18:00:00,1,,,0,
2021020817,2024-09-21 14:00:00,横浜DeNAベイスターズ,阪神タイガース,5.0,6.0,UNKNOWN,横浜スタジアム,unknown,low,False,False,1500090.0,1600081.0,[],[],,,,,0,light,2024-09-21 14:00:00+00:00,,UNKNOWN,,,,UNKNOWN,UNKNOWN,,UNKNOWN,,7.7142857142857135,1.7142857142857142,3.8571428571428568,3.8571428571428568,0.0,3.628571428571429,4.666666666666667,4.0,6.0,0.0,2.0,2.0,,,,12.0,2.333333333333333,12.0,12.0,3.0,8.866666666666667,3.0,4.0,3.0,1.0,4.0,4.0,,,,True,True,UNKNOWN,False,False,,,,,,,,,,NPB,2024-09-21 14:00:00,1,,,0,
2021020818,2024-09-21 14:00:00,広島東洋カープ,読売ジャイアンツ,5.0,4.0,UNKNOWN,MAZDA Zoom-Zoom スタジアム広島,unknown,low,False,False,1800026.0,1600125.0,[],[],,,,,0,light,2024-09-21 14:00:00+00:00,,UNKNOWN,,,,UNKNOWN,UNKNOWN,,UNKNOWN,,0.0,1.0,3.0,0.0,0.0,2.5333333333333337,6.0,0.0,6.0,0.0,0.0,2.0,,,,4.5,1.6666666666666667,1.5,3.0,0.0,3.866666666666666,6.0,3.0,8.0,0.0,2.0,1.0,,,,True,True,UNKNOWN,False,False,,,,,,,,,,NPB,2024-09-21 14:00:00,1,,,0,
2021020816,2024-09-21 18:00:00,東京ヤクルトスワローズ,中日ドラゴンズ,6.0,7.0,UNKNOWN,明治神宮野球場,unknown,low,False,False,1200055.0,2000025.0,[],[],,,,,0,light,2024-09-21 18:00:00+00:00,,UNKNOWN,,,,UNKNOWN,UNKNOWN,,UNKNOWN,,9.0,2.2,3.6,3.6,0.0,3.6,5.0,5.0,9.0,0.0,2.0,2.0,,,,11.25,2.0,6.75,2.25,2.25,5.7,4.0,5.0,7.0,1.0,1.0,3.0,,,,True,True,UNKNOWN,False,False,,,,,,,,,,NPB,2024-09-21 18:00:00,1,,,0,
2021020819,2024-09-21 18:00:00,千葉ロッテマリーンズ,埼玉西武ライオンズ,7.0,1.0,UNKNOWN,ZOZOマリンスタジアム,unknown,low,False,False,1800080.0,1800052.0,[],[],,,,,0,light,2024-09-21 18:00:00+00:00,,UNKNOWN,,,,UNKNOWN,UNKNOWN,,UNKNOWN,,18.0,3.5,9.0,4.5,4.5,9.2,2.0,4.0,6.0,1.0,1.0,2.0,,,,1.2857142857142858,1.1428571428571428,9.0,2.571428571428572,1.2857142857142858,3.9142857142857146,7.0,1.0,6.0,1.0,2.0,7.0,,,,True,True,UNKNOWN,False,False,,,,,,,,,,NPB,2024-09-21 18:00:00,1,,,0,
2021020820,2024-09-21 18:00:00,オリックス・バファローズ,北海道日本ハムファイターズ,2.0,1.0,UNKNOWN,京セラドーム大阪,unknown,low,False,False,1750903.0,2000096.0,[],[],,,,,0,light,2024-09-21 18:00:00+00:00,,UNKNOWN,,,,UNKNOWN,UNKNOWN,,UNKNOWN,,0.0,0.5,6.75,0.0,0.0,1.7000000000000002,8.0,0.0,4.0,0.0,0.0,6.0,,,,1.5,0.8333333333333334,18.0,1.5,0.0,-0.2999999999999998,6.0,1.0,4.0,0.0,1.0,12.0,,,,True,True,UNKNOWN,False,False,,,,,,,,,,NPB,2024-09-21 18:00:00,1,,,0,
2021020821,2024-09-21 18:00:00,福岡ソフトバンクホークス,東北楽天ゴールデンイーグルス,3.0,2.0,UNKNOWN,みずほPayPayドーム福岡,unknown,low,False,False,1900117.0,1700011.0,[],[],,,,,0,light,2024-09-21 18:00:00+00:00,,UNKNOWN,,,,UNKNOWN,UNKNOWN,,UNKNOWN,,1.2857142857142858,0.8571428571428571,2.571428571428572,2.571428571428572,1.2857142857142858,5.342857142857143,7.0,1.0,4.0,1.0,2.0,2.0,,,,3.0,1.6666666666666667,10.5,7.5,1.5,5.533333333333333,6.0,2.0,5.0,1.0,5.0,7.0,,,,True,True,UNKNOWN,False,False,,,,,,,,,,NPB,2024-09-21 18:00:00,1,,,0,
2021020827,2024-09-22 13:00:00,福岡ソフトバンクホークス,東北楽天ゴールデンイーグルス,11.0,5.0,UNKNOWN,みずほPayPayドーム福岡,unknown,low,False,False,2000122.0,1550517.0,[],[],,,,,0,light,2024-09-22 13:00:00+00:00,,UNKNOWN,,,,UNKNOWN,UNKNOWN,,UNKNOWN,,27.0,3.5,4.5,4.5,4.5,10.2,2.0,6.0,6.0,1.0,1.0,1.0,,,,5.785714285714286,2.142857142857143,11.571428571428571,3.8571428571428568,0.0,1.9142857142857144,4.666666666666667,3.0,8.0,0.0,2.0,6.0,,,,True,True,UNKNOWN,False,False,,,,,,,,,,NPB,2024-09-22 13:00:00,1,,,0,
2021020822,2024-09-22 14:00:00,横浜DeNAベイスターズ,東京ヤクルトスワローズ,6.0,3.0,UNKNOWN,横浜スタジアム,unknown,low,False,False,1300045.0,2105707.0,[],[],,,,,0,light,2024-09-22 14:00:00+00:00,,UNKNOWN,,,,UNKNOWN,UNKNOWN,,UNKNOWN,,7.2,2.4,10.8,1.8,1.8,4.0,5.0,4.0,11.0,1.0,1.0,6.0,,,,6.75,2.25,9.0,4.5,2.25,5.95,4.0,3.0,7.0,1.0,2.0,4.0,,,,True,True,UNKNOWN,False,False,,,,,,,,,,NPB,2024-09-22 14:00:00,1,,,0,
2021020823,2024-09-22 18:00:00,中日ドラゴンズ,広島東洋カープ,2.0,1.0,UNKNOWN,バンテリンドーム ナゴヤ,unknown,low,False,False,1900052.0,500014.0,[],[],,,,,0,light,2024-09-22 18:00:00+00:00,,UNKNOWN,,,,UNKNOWN,UNKNOWN,,UNKNOWN,,3.0,1.5,3.0,4.5,0.0,4.033333333333333,6.0,2.0,6.0,0.0,3.0,2.0,,,,1.5,0.8333333333333334,1.5,3.0,0.0,3.866666666666666,6.0,1.0,3.0,0.0,2.0,1.0,,,,True,True,UNKNOWN,False,False,,,,,,,,,,NPB,2024-09-22 18:00:00,1,,,0,
2021020824,2024-09-22 18:00:00,阪神タイガース,読売ジャイアンツ,1.0,0.0,UNKNOWN,阪神甲子園球場,unknown,low,False,False,1200041.0,1600115.0,[],[],,,,,0,light,2024-09-22 18:00:00+00:00,,UNKNOWN,,,,UNKNOWN,UNKNOWN,,UNKNOWN,,1.125,0.875,2.25,0.0,0.0,2.7,8.0,1.0,7.0,0.0,0.0,2.0,,,,0.0,1.2857142857142858,5.142857142857143,2.571428571428572,0.0,2.9142857142857146,7.0,0.0,7.0,0.0,2.0,4.0,,,,True,True,UNKNOWN,False,False,,,,,,,,,,NPB,2024-09-22 18:00:00,1,,,0,
2021020825,2024-09-22 18:00:00,千葉ロッテマリーンズ,埼玉西武ライオンズ,7.0,2.0,UNKNOWN,ZOZOマリンスタジアム,unknown,low,False,False,2103625.0,1900080.0,[],[],,,,,0,light,2024-09-22 18:00:00+00:00,,UNKNOWN,,,,UNKNOWN,UNKNOWN,,UNKNOWN,,9.0,2.0,0.0,4.5,0.0,4.7,2.0,2.0,3.0,0.0,1.0,0.0,,,,1.2857142857142858,0.7142857142857143,12.857142857142858,1.2857142857142858,0.0,0.7714285714285718,7.0,1.0,4.0,0.0,1.0,10.0,,,,True,True,UNKNOWN,False,False,,,,,,,,,,NPB,2024-09-22 18:00:00,1,,,0,
2021020826,2024-09-22 18:00:00,オリックス・バファローズ,北海道日本ハムファイターズ,2.0,3.0,UNKNOWN,京セラドーム大阪,unknown,low,False,False,1500110.0,1900087.0,[],[],,,,,0,light,2024-09-22 18:00:00+00:00,,UNKNOWN,,,,UNKNOWN,UNKNOWN,,UNKNOWN,,2.0,0.5555555555555556,6.0,0.0,0.0,1.866666666666667,9.0,2.0,5.0,0.0,0.0,6.0,,,,3.0,1.1111111111111112,13.0,0.0,1.0,1.7555555555555558,9.0,3.0,10.0,1.0,0.0,13.0,,,,True,True,UNKNOWN,False,False,,,,,,,,,,NPB,2024-09-22 18:00:00,1,,,0,
2021020828,2024-09-23 14:00:00,横浜DeNAベイスターズ,東京ヤクルトスワローズ,3.0,4.0,UNKNOWN,横浜スタジアム,unknown,low,False,False,1200076.0,1700058.0,[],[],,,,,0,light,2024-09-23 14:00:00+00:00,,UNKNOWN,,,,UNKNOWN,UNKNOWN,,UNKNOWN,,5.4,1.6,9.0,3.6,0.0,2.4000000000000004,5.0,3.0,6.0,0.0,2.0,5.0,,,,5.4,1.5,9.45,0.0,1.35,3.0500000000000003,6.666666666666667,4.0,10.0,1.0,0.0,7.0,,,,True,True,UNKNOWN,False,False,,,,,,,,,,NPB,2024-09-23 14:00:00,1,,,0,
2021020829,2024-09-23 14:00:00,中日ドラゴンズ,広島東洋カープ,1.0,0.0,UNKNOWN,バンテリンドーム ナゴヤ,unknown,low,False,False,2103788.0,2000050.0,[],[],,,,,0,light,2024-09-23 14:00:00+00:00,,UNKNOWN,,,,UNKNOWN,UNKNOWN,,UNKNOWN,,1.125,0.75,4.5,1.125,0.0,2.575,8.0,1.0,5.0,0.0,1.0,4.0,,,,0.0,0.4285714285714285,7.714285714285714,2.571428571428572,0.0,2.342857142857143,7.0,0.0,1.0,0.0,2.0,6.0,,,,True,True,UNKNOWN,False,False,,,,,,,,,,NPB,2024-09-23 14:00:00,1,,,0,
2021028209,2024-09-23 14:00:00,阪神タイガース,読売ジャイアンツ,0.0,1.0,UNKNOWN,阪神甲子園球場,unknown,low,False,False,1961407.0,1700078.0,[],[],,,,,0,light,2024-09-23 14:00:00+00:00,,UNKNOWN,,,,UNKNOWN,UNKNOWN,,UNKNOWN,,0.0,1.0,10.8,1.8,0.0,1.4,5.0,0.0,4.0,0.0,1.0,6.0,,,,1.5,0.8333333333333334,9.0,0.0,0.0,1.2000000000000002,6.0,1.0,5.0,0.0,0.0,6.0,,,,True,True,UNKNOWN,False,False,,,,,,,,,,NPB,2024-09-23 14:00:00,1,,,0,
2021020831,2024-09-23 17:00:00,千葉ロッテマリーンズ,東北楽天ゴールデンイーグルス,0.0,6.0,UNKNOWN,ZOZOマリンスタジアム,unknown,low,False,False,700065.0,800060.0,[],[],,,,,0,light,2024-09-23 17:00:00+00:00,,UNKNOWN,,,,UNKNOWN,UNKNOWN,,UNKNOWN,,0.0,0.4444444444444444,4.0,1.0,0.0,2.644444444444445,9.0,0.0,3.0,0.0,1.0,4.0,,,,6.75,1.25,6.75,2.25,2.25,5.7,4.0,3.0,4.0,1.0,1.0,3.0,,,,True,True,UNKNOWN,False,False,,,,,,,,,,NPB,2024-09-23 17:00:00,1,,,0,
2021020830,2024-09-23 18:00:00,埼玉西武ライオンズ,北海道日本ハムファイターズ,6.0,4.0,UNKNOWN,ベルーナドーム,unknown,low,False,False,1400195.0,2105080.0,[],[],,,,,0,light,2024-09-23 18:00:00+00:00,,UNKNOWN,,,,UNKNOWN,UNKNOWN,,UNKNOWN,,9.0,1.6,3.6,1.8,3.6,8.2,5.0,5.0,7.0,2.0,1.0,2.0,,,,4.5,1.6666666666666667,9.0,4.5,0.0,2.7,6.0,3.0,7.0,0.0,3.0,6.0,,,,True,True,UNKNOWN,False,False,2024-09-23 09:00:00+00:00,,UNKNOWN,Open-Meteo Historical Forecast,FAIL_CLOSED_NO_ISSUANCE_TIMESTAMP,22.2,73.0,0.0,7.7,NPB,2024-09-23 18:00:00,1,,,0,
2021020830,2024-09-23 18:00:00,埼玉西武ライオンズ,北海道日本ハムファイターズ,6.0,4.0,UNKNOWN,ベルーナドーム,unknown,low,False,False,1400195.0,2105080.0,[],[],,,,,0,light,2024-09-23 18:00:00+00:00,,UNKNOWN,,,,UNKNOWN,UNKNOWN,,UNKNOWN,,9.0,1.6,3.6,1.8,3.6,8.2,5.0,5.0,7.0,2.0,1.0,2.0,,,,4.5,1.6666666666666667,9.0,4.5,0.0,2.7,6.0,3.0,7.0,0.0,3.0,6.0,,,,True,True,UNKNOWN,False,False,2024-09-23 09:00:00+00:00,,UNKNOWN,Open-Meteo Historical Forecast,FAIL_CLOSED_NO_ISSUANCE_TIMESTAMP,22.2,73.0,0.0,7.7,NPB,2024-09-23 18:00:00,1,,,0,
2021020832,2024-09-23 18:00:00,オリックス・バファローズ,福岡ソフトバンクホークス,4.0,9.0,UNKNOWN,京セラドーム大阪,unknown,low,False,False,1300080.0,2107872.0,[],[],,,,,0,light,2024-09-23 18:00:00+00:00,,UNKNOWN,,,,UNKNOWN,UNKNOWN,,UNKNOWN,,6.352941176470588,1.7647058823529411,6.352941176470588,4.764705882352941,1.588235294117647,5.670588235294117,5.666666666666667,4.0,7.0,1.0,3.0,4.0,,,,9.818181818181818,2.4545454545454546,4.909090909090909,4.909090909090909,0.0,3.7454545454545456,3.6666666666666665,4.0,7.0,0.0,2.0,2.0,,,,True,True,UNKNOWN,False,False,,,,,,,,,,NPB,2024-09-23 18:00:00,1,,,0,
2021020833,2024-09-24 18:00:00,オリックス・バファローズ,埼玉西武ライオンズ,2.0,9.0,UNKNOWN,京セラドーム大阪,unknown,low,False,False,1600127.0,2108177.0,[],[],,,,,0,light,2024-09-24 18:00:00+00:00,,UNKNOWN,,,,UNKNOWN,UNKNOWN,,UNKNOWN,,2.571428571428572,0.8571428571428571,6.428571428571429,3.857142857142857,1.2857142857142858,4.914285714285715,7.0,2.0,3.0,1.0,3.0,5.0,,,,3.6,2.2,5.4,3.6,0.0,3.2,5.0,2.0,9.0,0.0,2.0,3.0,,,,True,True,UNKNOWN,False,False,,,,,,,,,,NPB,2024-09-24 18:00:00,1,,,0,
2021020834,2024-09-25 18:00:00,横浜DeNAベイスターズ,読売ジャイアンツ,1.0,0.0,UNKNOWN,横浜スタジアム,unknown,low,False,False,1800028.0,2103904.0,[],[],,,,,0,light,2024-09-25 18:00:00+00:00,,UNKNOWN,,,,UNKNOWN,UNKNOWN,,UNKNOWN,,1.2857142857142858,1.7142857142857142,5.142857142857143,3.857142857142857,0.0,3.342857142857143,7.0,1.0,9.0,0.0,3.0,4.0,,,,0.0,0.5,9.0,1.5,0.0,1.7000000000000002,6.0,0.0,2.0,0.0,1.0,6.0,,,,True,True,UNKNOWN,False,False,,,,,,,,,,NPB,2024-09-25 18:00:00,1,,,0,
2021020835,2024-09-25 18:00:00,北海道日本ハムファイターズ,東北楽天ゴールデンイーグルス,1.0,3.0,UNKNOWN,ES CON FIELD HOKKAIDO,unknown,low,False,False,2000123.0,1200089.0,[],[],,,,,0,light,2024-09-25 18:00:00+00:00,,UNKNOWN,,,,UNKNOWN,UNKNOWN,,UNKNOWN,,1.5,1.0,4.5,3.0,1.5,5.366666666666667,6.0,1.0,4.0,1.0,2.0,3.0,,,,0.0,0.0,0.0,0.0,0.0,3.2,0.6666666666666666,0.0,0.0,0.0,0.0,0.0,,,,True,True,UNKNOWN,False,False,,,,,,,,,,NPB,2024-09-25 18:00:00,1,,,0,
2021020836,2024-09-25 18:00:00,福岡ソフトバンクホークス,埼玉西武ライオンズ,2.0,0.0,UNKNOWN,みずほPayPayドーム福岡,unknown,low,False,False,1751148.0,1900010.0,[],[],,,,,0,light,2024-09-25 18:00:00+00:00,,UNKNOWN,,,,UNKNOWN,UNKNOWN,,UNKNOWN,,2.571428571428572,1.0,10.285714285714286,0.0,1.2857142857142858,2.771428571428572,7.0,2.0,7.0,1.0,0.0,8.0,,,,0.0,0.4,5.4,3.6,0.0,3.2,5.0,0.0,0.0,0.0,2.0,3.0,,,,True,True,UNKNOWN,False,False,,,,,,,,,,NPB,2024-09-25 18:00:00,1,,,0,
2021027567,2024-09-25 18:00:00,広島東洋カープ,東京ヤクルトスワローズ,1.0,3.0,UNKNOWN,MAZDA Zoom-Zoom スタジアム広島,unknown,low,False,False,1500042.0,1300058.0,[],[],,,,,0,light,2024-09-25 18:00:00+00:00,,UNKNOWN,,,,UNKNOWN,UNKNOWN,,UNKNOWN,,0.0,0.8333333333333334,9.0,0.0,0.0,1.2000000000000002,6.0,0.0,5.0,0.0,0.0,6.0,,,,1.8,1.0,7.2,3.6,0.0,2.8000000000000003,5.0,1.0,3.0,0.0,2.0,4.0,,,,True,True,UNKNOWN,False,False,,,,,,,,,,NPB,2024-09-25 18:00:00,1,,,0,
2021020837,2024-09-26 18:00:00,北海道日本ハムファイターズ,東北楽天ゴールデンイーグルス,2.0,1.0,UNKNOWN,ES CON FIELD HOKKAIDO,unknown,low,False,False,2110316.0,2000079.0,[],[],,,,,0,light,2024-09-26 18:00:00+00:00,,UNKNOWN,,,,UNKNOWN,UNKNOWN,,UNKNOWN,,3.0,1.0,4.5,1.5,3.0,7.033333333333333,6.0,2.0,5.0,2.0,1.0,3.0,,,,1.0,1.2222222222222223,8.0,2.0,0.0,2.088888888888889,9.0,1.0,9.0,0.0,2.0,8.0,,,,True,True,UNKNOWN,False,False,,,,,,,,,,NPB,2024-09-26 18:00:00,1,,,0,
2021020838,2024-09-26 18:00:00,千葉ロッテマリーンズ,オリックス・バファローズ,2.0,4.0,UNKNOWN,ZOZOマリンスタジアム,unknown,low,False,False,1750595.0,1160474.0,[],[],,,,,0,light,2024-09-26 18:00:00+00:00,,UNKNOWN,,,,UNKNOWN,UNKNOWN,,UNKNOWN,,3.0,1.3333333333333333,4.5,4.5,0.0,3.7,6.0,2.0,5.0,0.0,3.0,3.0,,,,4.5,1.3333333333333333,3.0,1.5,0.0,3.0333333333333337,6.0,3.0,7.0,0.0,1.0,2.0,,,,True,True,UNKNOWN,False,False,,,,,,,,,,NPB,2024-09-26 18:00:00,1,,,0,
2021020839,2024-09-26 18:00:00,福岡ソフトバンクホークス,埼玉西武ライオンズ,2.0,4.0,UNKNOWN,みずほPayPayドーム福岡,excluded,high,False,False,2103657.0,1400117.0,[],[],,,,,0,light,2024-09-26 18:00:00+00:00,,UNKNOWN,,,,UNKNOWN,UNKNOWN,,UNKNOWN,,1.8,1.8,10.8,3.6,0.0,2.0,5.0,1.0,7.0,0.0,2.0,6.0,,,,1.125,0.625,10.125,1.125,1.125,2.95,8.0,1.0,4.0,1.0,1.0,9.0,,,,True,True,UNKNOWN,False,False,,,,,,,,,,NPB,2024-09-26 18:00:00,1,,,0,
2021027568,2024-09-26 18:00:00,広島東洋カープ,東京ヤクルトスワローズ,4.0,6.0,UNKNOWN,MAZDA Zoom-Zoom スタジアム広島,unknown,low,False,False,2103794.0,1600123.0,[],[],,,,,0,light,2024-09-26 18:00:00+00:00,,UNKNOWN,,,,UNKNOWN,UNKNOWN,,UNKNOWN,,4.05,1.65,4.05,1.35,0.0,2.75,6.666666666666667,3.0,10.0,0.0,1.0,3.0,,,,7.2,2.2,5.4,5.4,1.8,6.4,5.0,4.0,8.0,1.0,3.0,3.0,,,,True,True,UNKNOWN,False,False,,,,,,,,,,NPB,2024-09-26 18:00:00,1,,,0,
2021027752,2024-09-26 18:00:00,横浜DeNAベイスターズ,読売ジャイアンツ,4.0,12.0,UNKNOWN,横浜スタジアム,unknown,low,False,False,2000006.0,1961374.0,[],[],,,,,0,light,2024-09-26 18:00:00+00:00,,UNKNOWN,,,,UNKNOWN,UNKNOWN,,UNKNOWN,,13.5,3.375,13.5,0.0,3.375,5.075,2.6666666666666665,4.0,9.0,1.0,0.0,4.0,,,,32.400000000000006,5.4,16.200000000000003,10.8,0.0,3.2,1.6666666666666663,6.0,7.0,0.0,2.0,3.0,,,,True,True,UNKNOWN,False,False,,,,,,,,,,NPB,2024-09-26 18:00:00,1,,,0,
2021027569,2024-09-27 18:00:00,読売ジャイアンツ,中日ドラゴンズ,3.0,1.0,UNKNOWN,東京ドーム,unknown,low,False,False,1800060.0,1900019.0,[],[],,,,,0,light,2024-09-27 18:00:00+00:00,,UNKNOWN,,,,UNKNOWN,UNKNOWN,,UNKNOWN,,3.375,1.6875,3.375,3.375,0.0,3.575,5.333333333333333,2.0,7.0,0.0,2.0,2.0,,,,0.0,1.0,16.2,3.6,0.0,0.8000000000000003,5.0,0.0,3.0,0.0,2.0,9.0,,,,True,True,UNKNOWN,False,False,2024-09-27 09:00:00+00:00,,UNKNOWN,Open-Meteo Historical Forecast,FAIL_CLOSED_NO_ISSUANCE_TIMESTAMP,22.8,95.0,0.3,6.3,NPB,2024-09-27 18:00:00,1,,,0,
2021027569,2024-09-27 18:00:00,読売ジャイアンツ,中日ドラゴンズ,3.0,1.0,UNKNOWN,東京ドーム,unknown,low,False,False,1800060.0,1900019.0,[],[],,,,,0,light,2024-09-27 18:00:00+00:00,,UNKNOWN,,,,UNKNOWN,UNKNOWN,,UNKNOWN,,3.375,1.6875,3.375,3.375,0.0,3.575,5.333333333333333,2.0,7.0,0.0,2.0,2.0,,,,0.0,1.0,16.2,3.6,0.0,0.8000000000000003,5.0,0.0,3.0,0.0,2.0,9.0,,,,True,True,UNKNOWN,False,False,2024-09-27 09:00:00+00:00,,UNKNOWN,Open-Meteo Historical Forecast,FAIL_CLOSED_NO_ISSUANCE_TIMESTAMP,22.8,95.0,0.3,6.3,NPB,2024-09-27 18:00:00,1,,,0,
2021027570,2024-09-27 18:00:00,広島東洋カープ,阪神タイガース,3.0,2.0,UNKNOWN,MAZDA Zoom-Zoom スタジアム広島,unknown,low,False,False,1700137.0,1300057.0,[],[],,,,,0,light,2024-09-27 18:00:00+00:00,,UNKNOWN,,,,UNKNOWN,UNKNOWN,,UNKNOWN,,2.8421052631578947,1.2631578947368425,4.2631578947368425,2.8421052631578947,0.0,3.2,6.333333333333333,2.0,6.0,0.0,2.0,3.0,,,,1.5,0.8333333333333334,9.0,3.0,1.5,4.366666666666667,6.0,1.0,3.0,1.0,2.0,6.0,,,,True,True,UNKNOWN,False,False,,,,,,,,,,NPB,2024-09-27 18:00:00,1,,,0,
2021020841,2024-09-28 13:00:00,東北楽天ゴールデンイーグルス,オリックス・バファローズ,2.0,5.0,UNKNOWN,楽天モバイルパーク宮城,excluded,high,False,False,1750543.0,700069.0,[],[],,,,,0,light,2024-09-28 13:00:00+00:00,,UNKNOWN,,,,UNKNOWN,UNKNOWN,,UNKNOWN,,1.8,1.0,3.6,0.0,0.0,2.4000000000000004,5.0,1.0,5.0,0.0,0.0,2.0,,,,7.2,1.6,1.8,3.6,1.8,6.6,5.0,4.0,6.0,1.0,2.0,1.0,,,,True,True,UNKNOWN,False,False,,,,,,,,,,NPB,2024-09-28 13:00:00,1,,,0,
2021020842,2024-09-28 13:00:00,埼玉西武ライオンズ,千葉ロッテマリーンズ,1.0,5.0,UNKNOWN,ベルーナドーム,unknown,low,False,False,900081.0,2106794.0,[],[],,,,,0,light,2024-09-28 13:00:00+00:00,,UNKNOWN,,,,UNKNOWN,UNKNOWN,,UNKNOWN,,1.2857142857142858,0.8571428571428571,3.857142857142857,1.2857142857142858,0.0,2.771428571428572,7.0,1.0,5.0,0.0,1.0,3.0,,,,0.0,1.5,4.5,6.75,0.0,4.45,4.0,0.0,3.0,0.0,3.0,2.0,,,,True,True,UNKNOWN,False,False,2024-09-28 04:00:00+00:00,,UNKNOWN,Open-Meteo Historical Forecast,FAIL_CLOSED_NO_ISSUANCE_TIMESTAMP,26.8,69.0,0.0,4.6,NPB,2024-09-28 13:00:00,1,,,0,
2021020842,2024-09-28 13:00:00,埼玉西武ライオンズ,千葉ロッテマリーンズ,1.0,5.0,UNKNOWN,ベルーナドーム,unknown,low,False,False,900081.0,2106794.0,[],[],,,,,0,light,2024-09-28 13:00:00+00:00,,UNKNOWN,,,,UNKNOWN,UNKNOWN,,UNKNOWN,,1.2857142857142858,0.8571428571428571,3.857142857142857,1.2857142857142858,0.0,2.771428571428572,7.0,1.0,5.0,0.0,1.0,3.0,,,,0.0,1.5,4.5,6.75,0.0,4.45,4.0,0.0,3.0,0.0,3.0,2.0,,,,True,True,UNKNOWN,False,False,2024-09-28 04:00:00+00:00,,UNKNOWN,Open-Meteo Historical Forecast,FAIL_CLOSED_NO_ISSUANCE_TIMESTAMP,26.8,69.0,0.0,4.6,NPB,2024-09-28 13:00:00,1,,,0,
2021020840,2024-09-28 14:00:00,北海道日本ハムファイターズ,福岡ソフトバンクホークス,7.0,6.0,UNKNOWN,ES CON FIELD HOKKAIDO,unknown,low,False,False,1200106.0,1750903.0,[],[],,,,,0,light,2024-09-28 14:00:00+00:00,,UNKNOWN,,,,UNKNOWN,UNKNOWN,,UNKNOWN,,6.75,1.25,13.5,2.25,2.25,4.2,4.0,3.0,4.0,1.0,1.0,6.0,,,,3.6,1.8,10.8,5.4,0.0,2.6,5.0,2.0,6.0,0.0,3.0,6.0,,,,True,True,UNKNOWN,False,False,,,,,,,,,,NPB,2024-09-28 14:00:00,1,,,0,
2021027571,2024-09-28 18:00:00,東京ヤクルトスワローズ,阪神タイガース,7.0,2.0,UNKNOWN,明治神宮野球場,unknown,low,False,False,2100915.0,2000025.0,[],[],,,,,0,light,2024-09-28 18:00:00+00:00,,UNKNOWN,,,,UNKNOWN,UNKNOWN,,UNKNOWN,,18.0,3.0,4.5,9.0,4.5,11.7,2.0,4.0,4.0,1.0,2.0,1.0,,,,3.6,1.2,3.6,3.6,0.0,3.6,5.0,2.0,4.0,0.0,2.0,2.0,,,,True,True,UNKNOWN,False,False,,,,,,,,,,NPB,2024-09-28 18:00:00,1,,,0,
2021027572,2024-09-28 18:00:00,広島東洋カープ,読売ジャイアンツ,1.0,8.0,UNKNOWN,MAZDA Zoom-Zoom スタジアム広島,unknown,low,False,False,1200041.0,1900052.0,[],[],,,,,0,light,2024-09-28 18:00:00+00:00,,UNKNOWN,,,,UNKNOWN,UNKNOWN,,UNKNOWN,,1.125,0.75,4.5,0.0,0.0,2.2,8.0,1.0,6.0,0.0,0.0,4.0,,,,5.0625,1.6875,5.0625,1.6875,0.0,2.6375,5.333333333333333,3.0,8.0,0.0,1.0,3.0,,,,True,True,UNKNOWN,False,False,,,,,,,,,,NPB,2024-09-28 18:00:00,1,,,0,
2021020843,2024-09-29 13:00:00,北海道日本ハムファイターズ,福岡ソフトバンクホークス,2.0,6.0,UNKNOWN,ES CON FIELD HOKKAIDO,excluded,high,False,False,2107792.0,1500110.0,[],[],,,,,0,light,2024-09-29 13:00:00+00:00,,UNKNOWN,,,,UNKNOWN,UNKNOWN,,UNKNOWN,,0.0,0.5,7.5,0.0,0.0,1.5333333333333334,6.0,0.0,3.0,0.0,0.0,5.0,,,,5.4,1.6,5.4,1.8,1.8,5.2,5.0,3.0,7.0,1.0,1.0,3.0,,,,True,True,UNKNOWN,False,False,,,,,,,,,,NPB,2024-09-29 13:00:00,1,,,0,
2021020844,2024-09-29 13:00:00,東北楽天ゴールデンイーグルス,オリックス・バファローズ,1.0,8.0,UNKNOWN,楽天モバイルパーク宮城,unknown,low,False,False,1900087.0,1900117.0,[],[],,,,,0,light,2024-09-29 13:00:00+00:00,,UNKNOWN,,,,UNKNOWN,UNKNOWN,,UNKNOWN,,0.0,1.1428571428571428,6.428571428571429,1.2857142857142858,0.0,2.2,7.0,0.0,7.0,0.0,1.0,5.0,,,,12.461538461538462,2.7692307692307696,2.076923076923077,2.076923076923077,0.0,3.430769230769231,4.333333333333333,6.0,11.0,0.0,1.0,1.0,,,,True,True,UNKNOWN,False,False,,,,,,,,,,NPB,2024-09-29 13:00:00,1,,,0,
2021020845,2024-09-29 14:00:00,埼玉西武ライオンズ,千葉ロッテマリーンズ,0.0,2.0,UNKNOWN,ベルーナドーム,unknown,low,False,False,1800052.0,1700125.0,[],[],,,,,0,light,2024-09-29 14:00:00+00:00,,UNKNOWN,,,,UNKNOWN,UNKNOWN,,UNKNOWN,,0.0,1.1428571428571428,6.428571428571429,5.142857142857143,0.0,3.4857142857142858,7.0,0.0,4.0,0.0,4.0,5.0,,,,2.25,0.875,9.0,0.0,0.0,1.2000000000000002,8.0,2.0,7.0,0.0,0.0,8.0,,,,True,True,UNKNOWN,False,False,2024-09-29 05:00:00+00:00,,UNKNOWN,Open-Meteo Historical Forecast,FAIL_CLOSED_NO_ISSUANCE_TIMESTAMP,25.1,65.0,0.0,5.4,NPB,2024-09-29 14:00:00,1,,,0,
2021020845,2024-09-29 14:00:00,埼玉西武ライオンズ,千葉ロッテマリーンズ,0.0,2.0,UNKNOWN,ベルーナドーム,unknown,low,False,False,1800052.0,1700125.0,[],[],,,,,0,light,2024-09-29 14:00:00+00:00,,UNKNOWN,,,,UNKNOWN,UNKNOWN,,UNKNOWN,,0.0,1.1428571428571428,6.428571428571429,5.142857142857143,0.0,3.4857142857142858,7.0,0.0,4.0,0.0,4.0,5.0,,,,2.25,0.875,9.0,0.0,0.0,1.2000000000000002,8.0,2.0,7.0,0.0,0.0,8.0,,,,True,True,UNKNOWN,False,False,2024-09-29 05:00:00+00:00,,UNKNOWN,Open-Meteo Historical Forecast,FAIL_CLOSED_NO_ISSUANCE_TIMESTAMP,25.1,65.0,0.0,5.4,NPB,2024-09-29 14:00:00,1,,,0,
2021027574,2024-09-29 14:00:00,広島東洋カープ,中日ドラゴンズ,3.0,4.0,UNKNOWN,MAZDA Zoom-Zoom スタジアム広島,unknown,low,False,False,2000042.0,2110267.0,[],[],,,,,0,light,2024-09-29 14:00:00+00:00,,UNKNOWN,,,,UNKNOWN,UNKNOWN,,UNKNOWN,,6.0,2.0,6.0,0.0,0.0,1.866666666666667,3.0,2.0,6.0,0.0,0.0,2.0,,,,3.0,1.6666666666666667,4.5,3.0,0.0,3.2,6.0,2.0,8.0,0.0,2.0,3.0,,,,True,True,UNKNOWN,False,False,,,,,,,,,,NPB,2024-09-29 14:00:00,1,,,0,
2021027573,2024-09-29 18:00:00,阪神タイガース,横浜DeNAベイスターズ,7.0,6.0,UNKNOWN,阪神甲子園球場,unknown,low,False,False,1700058.0,1600115.0,[],[],,,,,0,light,2024-09-29 18:00:00+00:00,,UNKNOWN,,,,UNKNOWN,UNKNOWN,,UNKNOWN,,3.6,1.2,10.8,1.8,0.0,1.4,5.0,2.0,5.0,0.0,1.0,6.0,,,,7.5,1.5,6.0,0.0,0.0,1.866666666666667,6.0,5.0,9.0,0.0,0.0,4.0,,,,True,True,UNKNOWN,False,False,,,,,,,,,,NPB,2024-09-29 18:00:00,1,,,0,
2021028208,2024-09-29 18:00:00,東京ヤクルトスワローズ,読売ジャイアンツ,5.0,4.0,UNKNOWN,明治神宮野球場,unknown,low,False,False,1961407.0,2060039.0,[],[],,,,,0,light,2024-09-29 18:00:00+00:00,,UNKNOWN,,,,UNKNOWN,UNKNOWN,,UNKNOWN,,18.0,3.0,9.0,0.0,9.0,14.2,1.0,2.0,3.0,1.0,0.0,1.0,,,,1.8,1.6,5.4,3.6,0.0,3.2,5.0,1.0,6.0,0.0,2.0,3.0,,,,True,True,UNKNOWN,False,False,,,,,,,,,,NPB,2024-09-29 18:00:00,1,,,0,
2021020846,2024-09-30 18:00:00,東北楽天ゴールデンイーグルス,千葉ロッテマリーンズ,1.0,2.0,UNKNOWN,楽天モバイルパーク宮城,climax,high,False,True,1600146.0,2000121.0,[],[],,,,,0,light,2024-09-30 18:00:00+00:00,,UNKNOWN,,,,UNKNOWN,UNKNOWN,,UNKNOWN,,0.0,1.2,10.8,3.6,0.0,2.0,5.0,0.0,4.0,0.0,2.0,6.0,,,,1.2857142857142858,0.7142857142857143,6.428571428571429,1.2857142857142858,1.2857142857142858,4.057142857142857,7.0,1.0,4.0,1.0,1.0,5.0,,,,True,True,UNKNOWN,False,False,,,,,,,,,,NPB,2024-09-30 18:00:00,1,,,0,
2021020847,2024-09-30 18:00:00,埼玉西武ライオンズ,北海道日本ハムファイターズ,8.0,0.0,UNKNOWN,ベルーナドーム,unknown,low,False,False,1400195.0,2105080.0,[],[],,,,,0,light,2024-09-30 18:00:00+00:00,,UNKNOWN,,,,UNKNOWN,UNKNOWN,,UNKNOWN,,5.4,1.0,3.6,0.0,0.0,2.4000000000000004,5.0,3.0,5.0,0.0,0.0,2.0,,,,0.0,0.75,5.625,3.375,0.0,3.075,8.0,0.0,3.0,0.0,3.0,5.0,,,,True,True,UNKNOWN,False,False,2024-09-30 09:00:00+00:00,,UNKNOWN,Open-Meteo Historical Forecast,FAIL_CLOSED_NO_ISSUANCE_TIMESTAMP,21.1,83.0,0.0,2.5,NPB,2024-09-30 18:00:00,1,,,0,
2021020847,2024-09-30 18:00:00,埼玉西武ライオンズ,北海道日本ハムファイターズ,8.0,0.0,UNKNOWN,ベルーナドーム,unknown,low,False,False,1400195.0,2105080.0,[],[],,,,,0,light,2024-09-30 18:00:00+00:00,,UNKNOWN,,,,UNKNOWN,UNKNOWN,,UNKNOWN,,5.4,1.0,3.6,0.0,0.0,2.4000000000000004,5.0,3.0,5.0,0.0,0.0,2.0,,,,0.0,0.75,5.625,3.375,0.0,3.075,8.0,0.0,3.0,0.0,3.0,5.0,,,,True,True,UNKNOWN,False,False,2024-09-30 09:00:00+00:00,,UNKNOWN,Open-Meteo Historical Forecast,FAIL_CLOSED_NO_ISSUANCE_TIMESTAMP,21.1,83.0,0.0,2.5,NPB,2024-09-30 18:00:00,1,,,0,
2021020848,2024-09-30 18:00:00,福岡ソフトバンクホークス,オリックス・バファローズ,1.0,0.0,UNKNOWN,みずほPayPayドーム福岡,unknown,low,False,False,2000096.0,1700011.0,[],[],,,,,0,light,2024-09-30 18:00:00+00:00,,UNKNOWN,,,,UNKNOWN,UNKNOWN,,UNKNOWN,,1.125,0.625,12.375,1.125,1.125,2.45,8.0,1.0,4.0,1.0,1.0,11.0,,,,0.0,0.8,7.2,1.8,0.0,2.2,5.0,0.0,3.0,0.0,1.0,4.0,,,,True,True,UNKNOWN,False,False,,,,,,,,,,NPB,2024-09-30 18:00:00,1,,,0,
2021028433,2024-09-30 18:00:00,阪神タイガース,横浜DeNAベイスターズ,0.0,2.0,UNKNOWN,阪神甲子園球場,unknown,low,False,False,2105707.0,1500090.0,[],[],,,,,0,light,2024-09-30 18:00:00+00:00,,UNKNOWN,,,,UNKNOWN,UNKNOWN,,UNKNOWN,,0.0,0.3333333333333333,9.0,3.0,0.0,2.2,6.0,0.0,0.0,0.0,2.0,6.0,,,,0.0,1.6666666666666667,3.0,0.0,0.0,2.5333333333333337,3.0,0.0,5.0,0.0,0.0,1.0,,,,True,True,UNKNOWN,False,False,,,,,,,,,,NPB,2024-09-30 18:00:00,1,,,0,
2021020849,2024-10-01 18:00:00,東北楽天ゴールデンイーグルス,千葉ロッテマリーンズ,1.0,5.0,UNKNOWN,楽天モバイルパーク宮城,climax,high,False,True,1900080.0,700065.0,[],[],,,,,0,light,2024-10-01 18:00:00+00:00,,UNKNOWN,,,,UNKNOWN,UNKNOWN,,UNKNOWN,,1.0,0.5555555555555556,10.0,0.0,0.0,0.977777777777778,9.0,1.0,5.0,0.0,0.0,10.0,,,,2.16,0.84,7.56,1.0799999999999998,0.0,1.8800000000000003,8.333333333333334,2.0,6.0,0.0,1.0,7.0,,,,True,True,UNKNOWN,False,False,,,,,,,,,,NPB,2024-10-01 18:00:00,1,,,0,
2021020850,2024-10-01 18:00:00,埼玉西武ライオンズ,北海道日本ハムファイターズ,4.0,0.0,UNKNOWN,ベルーナドーム,unknown,low,False,False,1900129.0,1600127.0,[],[],,,,,0,light,2024-10-01 18:00:00+00:00,,UNKNOWN,,,,UNKNOWN,UNKNOWN,,UNKNOWN,,5.4,1.6,7.2,1.8,0.0,2.2,5.0,3.0,7.0,0.0,1.0,4.0,,,,0.0,0.8888888888888888,7.0,4.0,0.0,2.977777777777778,9.0,0.0,4.0,0.0,4.0,7.0,,,,True,True,UNKNOWN,False,False,2024-10-01 09:00:00+00:00,,UNKNOWN,Open-Meteo Historical Forecast,FAIL_CLOSED_NO_ISSUANCE_TIMESTAMP,22.6,88.0,0.0,4.0,NPB,2024-10-01 18:00:00,1,,,0,
2021020850,2024-10-01 18:00:00,埼玉西武ライオンズ,北海道日本ハムファイターズ,4.0,0.0,UNKNOWN,ベルーナドーム,unknown,low,False,False,1900129.0,1600127.0,[],[],,,,,0,light,2024-10-01 18:00:00+00:00,,UNKNOWN,,,,UNKNOWN,UNKNOWN,,UNKNOWN,,5.4,1.6,7.2,1.8,0.0,2.2,5.0,3.0,7.0,0.0,1.0,4.0,,,,0.0,0.8888888888888888,7.0,4.0,0.0,2.977777777777778,9.0,0.0,4.0,0.0,4.0,7.0,,,,True,True,UNKNOWN,False,False,2024-10-01 09:00:00+00:00,,UNKNOWN,Open-Meteo Historical Forecast,FAIL_CLOSED_NO_ISSUANCE_TIMESTAMP,22.6,88.0,0.0,4.0,NPB,2024-10-01 18:00:00,1,,,0,
2021020851,2024-10-01 18:00:00,福岡ソフトバンクホークス,オリックス・バファローズ,8.0,6.0,UNKNOWN,みずほPayPayドーム福岡,excluded,high,False,False,1700109.0,2104078.0,[],[],,,,,0,light,2024-10-01 18:00:00+00:00,,UNKNOWN,,,,UNKNOWN,UNKNOWN,,UNKNOWN,,11.571428571428571,1.7142857142857142,5.785714285714286,1.9285714285714284,3.8571428571428568,8.128571428571428,4.666666666666667,6.0,7.0,2.0,1.0,3.0,,,,18.0,3.0,0.0,3.0,3.0,8.533333333333333,3.0,6.0,8.0,1.0,1.0,0.0,,,,True,True,UNKNOWN,False,False,,,,,,,,,,NPB,2024-10-01 18:00:00,1,,,0,
2021027575,2024-10-01 18:00:00,横浜DeNAベイスターズ,広島東洋カープ,3.0,1.0,UNKNOWN,横浜スタジアム,climax,high,False,True,2103788.0,2103904.0,[],[],,,,,0,light,2024-10-01 18:00:00+00:00,,UNKNOWN,,,,UNKNOWN,UNKNOWN,,UNKNOWN,,7.363636363636364,1.9090909090909087,2.4545454545454546,0.0,0.0,2.6545454545454548,3.6666666666666665,3.0,7.0,0.0,0.0,1.0,,,,1.2857142857142858,0.5714285714285714,10.285714285714286,1.2857142857142858,0.0,1.342857142857143,7.0,1.0,3.0,0.0,1.0,8.0,,,,True,True,UNKNOWN,False,False,,,,,,,,,,NPB,2024-10-01 18:00:00,1,,,0,
2021027576,2024-10-02 18:00:00,読売ジャイアンツ,横浜DeNAベイスターズ,4.0,2.0,UNKNOWN,東京ドーム,regular,high,True,True,2112182.0,2000006.0,[],[],,,,,0,light,2024-10-02 18:00:00+00:00,,UNKNOWN,,,,UNKNOWN,UNKNOWN,,UNKNOWN,,6.0,1.6666666666666667,6.0,0.0,1.5,4.033333333333333,6.0,4.0,10.0,1.0,0.0,4.0,,,,2.8421052631578947,1.105263157894737,5.684210526315789,2.8421052631578947,1.4210526315789471,4.936842105263159,6.333333333333333,2.0,5.0,1.0,2.0,4.0,,,,True,True,UNKNOWN,False,False,2024-10-02 09:00:00+00:00,,UNKNOWN,Open-Meteo Historical Forecast,FAIL_CLOSED_NO_ISSUANCE_TIMESTAMP,26.0,78.0,0.0,6.9,NPB,2024-10-02 18:00:00,1,,,0,
2021027576,2024-10-02 18:00:00,読売ジャイアンツ,横浜DeNAベイスターズ,4.0,2.0,UNKNOWN,東京ドーム,regular,high,True,True,2112182.0,2000006.0,[],[],,,,,0,light,2024-10-02 18:00:00+00:00,,UNKNOWN,,,,UNKNOWN,UNKNOWN,,UNKNOWN,,6.0,1.6666666666666667,6.0,0.0,1.5,4.033333333333333,6.0,4.0,10.0,1.0,0.0,4.0,,,,2.8421052631578947,1.105263157894737,5.684210526315789,2.8421052631578947,1.4210526315789471,4.936842105263159,6.333333333333333,2.0,5.0,1.0,2.0,4.0,,,,True,True,UNKNOWN,False,False,2024-10-02 09:00:00+00:00,,UNKNOWN,Open-Meteo Historical Forecast,FAIL_CLOSED_NO_ISSUANCE_TIMESTAMP,26.0,78.0,0.0,6.9,NPB,2024-10-02 18:00:00,1,,,0,
2021027577,2024-10-02 18:00:00,東京ヤクルトスワローズ,広島東洋カープ,5.0,3.0,UNKNOWN,明治神宮野球場,unknown,low,False,False,1600123.0,1500042.0,[],[],,,,,0,light,2024-10-02 18:00:00+00:00,,UNKNOWN,,,,UNKNOWN,UNKNOWN,,UNKNOWN,,22.5,3.5,9.0,4.5,4.5,9.2,2.0,5.0,6.0,1.0,1.0,2.0,,,,0.0,0.3333333333333333,6.0,1.5,0.0,2.3666666666666667,6.0,0.0,1.0,0.0,1.0,4.0,,,,True,True,UNKNOWN,False,False,,,,,,,,,,NPB,2024-10-02 18:00:00,1,,,0,
2021020852,2024-10-03 18:00:00,千葉ロッテマリーンズ,北海道日本ハムファイターズ,0.0,3.0,UNKNOWN,ZOZOマリンスタジアム,excluded,high,False,False,2050307.0,1160474.0,[],[],,,,,0,light,2024-10-03 18:00:00+00:00,,UNKNOWN,,,,UNKNOWN,UNKNOWN,,UNKNOWN,,0.0,0.6,7.2,0.0,0.0,1.6,5.0,0.0,3.0,0.0,0.0,4.0,,,,4.5,1.5,9.0,0.0,0.0,1.2000000000000002,2.0,1.0,3.0,0.0,0.0,2.0,,,,True,True,UNKNOWN,False,False,,,,,,,,,,NPB,2024-10-03 18:00:00,1,,,0,
2021020853,2024-10-03 18:00:00,福岡ソフトバンクホークス,東北楽天ゴールデンイーグルス,4.0,2.0,UNKNOWN,みずほPayPayドーム福岡,unknown,low,False,False,2110316.0,1400117.0,[],[],,,,,0,light,2024-10-03 18:00:00+00:00,,UNKNOWN,,,,UNKNOWN,UNKNOWN,,UNKNOWN,,4.5,1.0,12.0,3.0,0.0,1.5333333333333334,6.0,3.0,4.0,0.0,2.0,8.0,,,,2.571428571428572,0.8571428571428571,10.285714285714286,0.0,0.0,0.9142857142857146,7.0,2.0,6.0,0.0,0.0,8.0,,,,True,True,UNKNOWN,False,False,,,,,,,,,,NPB,2024-10-03 18:00:00,1,,,0,
2021027753,2024-10-03 18:00:00,東京ヤクルトスワローズ,広島東洋カープ,2.0,5.0,UNKNOWN,明治神宮野球場,unknown,low,False,False,1300057.0,2103794.0,[],[],,,,,0,light,2024-10-03 18:00:00+00:00,,UNKNOWN,,,,UNKNOWN,UNKNOWN,,UNKNOWN,,2.25,1.25,9.0,2.25,0.0,1.95,4.0,1.0,4.0,0.0,1.0,4.0,,,,1.125,0.625,9.0,1.125,0.0,1.5750000000000002,8.0,1.0,4.0,0.0,1.0,8.0,,,,True,True,UNKNOWN,False,False,,,,,,,,,,NPB,2024-10-03 18:00:00,1,,,0,
2021028231,2024-10-03 18:00:00,横浜DeNAベイスターズ,阪神タイガース,1.0,3.0,UNKNOWN,横浜スタジアム,unknown,low,False,False,1700137.0,1961374.0,[],[],,,,,0,light,2024-10-03 18:00:00+00:00,,UNKNOWN,,,,UNKNOWN,UNKNOWN,,UNKNOWN,,0.0,0.6,9.0,3.6,0.0,2.4000000000000004,5.0,0.0,1.0,0.0,2.0,5.0,,,,3.6,1.6,10.8,3.6,0.0,2.0,5.0,2.0,6.0,0.0,2.0,6.0,,,,True,True,UNKNOWN,False,False,,,,,,,,,,NPB,2024-10-03 18:00:00,1,,,0,
2021020854,2024-10-04 18:00:00,福岡ソフトバンクホークス,千葉ロッテマリーンズ,1.0,0.0,UNKNOWN,みずほPayPayドーム福岡,excluded,high,False,False,2000088.0,1550517.0,[],[],,,,,0,light,2024-10-04 18:00:00+00:00,,UNKNOWN,,,,UNKNOWN,UNKNOWN,,UNKNOWN,,0.0,1.0,7.2,1.8,0.0,2.2,5.0,0.0,4.0,0.0,1.0,4.0,,,,0.0,0.3333333333333333,3.0,1.5,0.0,3.0333333333333337,6.0,0.0,1.0,0.0,1.0,2.0,,,,True,True,UNKNOWN,False,False,,,,,,,,,,NPB,2024-10-04 18:00:00,1,,,0,
2021028232,2024-10-04 18:00:00,中日ドラゴンズ,横浜DeNAベイスターズ,1.0,3.0,UNKNOWN,バンテリンドーム ナゴヤ,climax,high,False,True,1600081.0,1800060.0,[],[],,,,,0,light,2024-10-04 18:00:00+00:00,,UNKNOWN,,,,UNKNOWN,UNKNOWN,,UNKNOWN,,0.0,1.3333333333333333,9.0,6.0,0.0,3.2,3.0,0.0,2.0,0.0,2.0,3.0,,,,3.6,1.2,5.4,1.8,0.0,2.6,5.0,2.0,5.0,0.0,1.0,3.0,,,,True,True,UNKNOWN,False,False,,,,,,,,,,NPB,2024-10-04 18:00:00,1,,,0,
2021028233,2024-10-05 14:00:00,中日ドラゴンズ,横浜DeNAベイスターズ,4.0,3.0,UNKNOWN,バンテリンドーム ナゴヤ,excluded,high,False,False,2000036.0,1500074.0,[],[],,,,,0,light,2024-10-05 14:00:00+00:00,,UNKNOWN,,,,UNKNOWN,UNKNOWN,,UNKNOWN,,3.6,1.8,7.2,5.4,0.0,3.4000000000000004,5.0,2.0,6.0,0.0,3.0,4.0,,,,9.0,3.0,3.0,6.0,0.0,4.533333333333333,3.0,3.0,7.0,0.0,2.0,1.0,,,,True,True,UNKNOWN,False,False,,,,,,,,,,NPB,2024-10-05 14:00:00,1,,,0,
2021028200,2024-10-05 18:00:00,東北楽天ゴールデンイーグルス,北海道日本ハムファイターズ,2.0,3.0,UNKNOWN,楽天モバイルパーク宮城,unknown,low,False,False,1500110.0,2000123.0,[],[],,,,,0,light,2024-10-05 18:00:00+00:00,,UNKNOWN,,,,UNKNOWN,UNKNOWN,,UNKNOWN,,0.0,1.0,0.0,0.0,0.0,3.2,2.0,0.0,2.0,0.0,0.0,0.0,,,,1.2857142857142858,1.1428571428571428,11.571428571428571,0.0,0.0,0.6285714285714286,7.0,1.0,8.0,0.0,0.0,9.0,,,,True,True,UNKNOWN,False,False,,,,,,,,,,NPB,2024-10-05 18:00:00,1,,,0,
2021028234,2024-10-05 18:00:00,広島東洋カープ,東京ヤクルトスワローズ,3.0,1.0,UNKNOWN,MAZDA Zoom-Zoom スタジアム広島,unknown,low,False,False,2000025.0,1100081.0,[],[],,,,,0,light,2024-10-05 18:00:00+00:00,,UNKNOWN,,,,UNKNOWN,UNKNOWN,,UNKNOWN,,0.0,1.0,9.0,0.0,0.0,1.2000000000000002,3.0,0.0,3.0,0.0,0.0,3.0,,,,0.0,1.0,18.0,0.0,0.0,-0.7999999999999998,1.0,0.0,1.0,0.0,0.0,2.0,,,,True,True,UNKNOWN,False,False,,,,,,,,,,NPB,2024-10-05 18:00:00,1,,,0,
2021028235,2024-10-06 13:30:00,中日ドラゴンズ,横浜DeNAベイスターズ,0.0,2.0,UNKNOWN,バンテリンドーム ナゴヤ,unknown,low,False,False,1800045.0,2000050.0,[],[],,,,,0,light,2024-10-06 13:30:00+00:00,,UNKNOWN,,,,UNKNOWN,UNKNOWN,,UNKNOWN,,0.0,0.4285714285714285,7.714285714285714,0.0,0.0,1.485714285714286,7.0,0.0,3.0,0.0,0.0,6.0,,,,3.0,0.8333333333333334,10.5,3.0,0.0,1.866666666666667,6.0,2.0,3.0,0.0,2.0,7.0,,,,True,True,UNKNOWN,False,False,,,,,,,,,,NPB,2024-10-06 13:30:00,1,,,0,
2021028201,2024-10-06 18:00:00,東北楽天ゴールデンイーグルス,オリックス・バファローズ,1.0,8.0,UNKNOWN,楽天モバイルパーク宮城,unknown,low,False,False,1900087.0,2000121.0,[],[],,,,,0,light,2024-10-06 18:00:00+00:00,,UNKNOWN,,,,UNKNOWN,UNKNOWN,,UNKNOWN,,1.5,0.5,3.0,0.0,0.0,2.5333333333333337,6.0,1.0,3.0,0.0,0.0,2.0,,,,11.25,3.0,11.25,6.75,4.5,9.45,4.0,5.0,9.0,2.0,3.0,5.0,,,,True,True,UNKNOWN,False,False,,,,,,,,,,NPB,2024-10-06 18:00:00,1,,,0,
2021028835,2024-10-08 18:00:00,東北楽天ゴールデンイーグルス,北海道日本ハムファイターズ,2.0,0.0,UNKNOWN,楽天モバイルパーク宮城,regular,high,True,True,2000079.0,1900117.0,[],[],,,,,0,light,2024-10-08 18:00:00+00:00,,UNKNOWN,,,,UNKNOWN,UNKNOWN,,UNKNOWN,,2.571428571428572,1.0,10.285714285714286,1.2857142857142858,0.0,1.342857142857143,7.0,2.0,6.0,0.0,1.0,8.0,,,,0.0,0.7142857142857143,5.142857142857143,0.0,0.0,2.0571428571428574,7.0,0.0,5.0,0.0,0.0,4.0,,,,True,True,UNKNOWN,False,False,,,,,,,,,,NPB,2024-10-08 18:00:00,1,,,0,
2021028788,2024-10-09 18:00:00,東北楽天ゴールデンイーグルス,埼玉西武ライオンズ,2.0,2.0,UNKNOWN,楽天モバイルパーク宮城,unknown,low,False,False,1751148.0,700065.0,[],[],,,,,0,light,2024-10-09 18:00:00+00:00,,UNKNOWN,,,,UNKNOWN,UNKNOWN,,UNKNOWN,,2.0,1.0,8.0,2.0,0.0,2.088888888888889,9.0,2.0,7.0,0.0,2.0,8.0,,,,2.571428571428572,1.2857142857142858,5.142857142857143,1.2857142857142858,1.2857142857142858,4.342857142857143,7.0,2.0,8.0,1.0,1.0,4.0,,,,True,True,UNKNOWN,False,False,,,,,,,,,,NPB,2024-10-09 18:00:00,1,,,0,
2021020964,2024-10-12 14:00:00,北海道日本ハムファイターズ,千葉ロッテマリーンズ,0.0,2.0,UNKNOWN,ES CON FIELD HOKKAIDO,climax,high,False,True,1900080.0,1500110.0,[],[],,,,,0,light,2024-10-12 14:00:00+00:00,,UNKNOWN,,,,UNKNOWN,UNKNOWN,,UNKNOWN,,0.0,0.875,10.125,2.25,0.0,1.7000000000000002,8.0,0.0,5.0,0.0,2.0,9.0,,,,2.8421052631578947,1.2631578947368425,5.684210526315789,0.0,2.8421052631578947,6.042105263157895,6.333333333333333,2.0,8.0,2.0,0.0,4.0,,,,True,True,UNKNOWN,False,False,,,,,,,,,,NPB,2024-10-12 14:00:00,1,,,0,
2021020980,2024-10-12 14:00:00,阪神タイガース,横浜DeNAベイスターズ,1.0,3.0,UNKNOWN,阪神甲子園球場,regular,high,True,True,1700058.0,1600115.0,[],[],,,,,0,light,2024-10-12 14:00:00+00:00,,UNKNOWN,,,,UNKNOWN,UNKNOWN,,UNKNOWN,,0.0,0.75,6.75,0.0,0.0,1.7000000000000002,4.0,0.0,3.0,0.0,0.0,3.0,,,,1.8,2.0,3.6,5.4,0.0,4.2,5.0,1.0,7.0,0.0,3.0,2.0,,,,True,True,UNKNOWN,False,False,,,,,,,,,,NPB,2024-10-12 14:00:00,1,,,0,
2021020965,2024-10-13 14:00:00,北海道日本ハムファイターズ,千葉ロッテマリーンズ,3.0,2.0,UNKNOWN,ES CON FIELD HOKKAIDO,regular,high,True,True,1800052.0,2107859.0,[],[],,,,,0,light,2024-10-13 14:00:00+00:00,,UNKNOWN,,,,UNKNOWN,UNKNOWN,,UNKNOWN,,1.4210526315789471,1.105263157894737,5.684210526315789,2.8421052631578947,0.0,2.8842105263157896,6.333333333333333,1.0,5.0,0.0,2.0,4.0,,,,2.7,0.6,4.05,0.0,2.7,6.2,6.666666666666667,2.0,4.0,2.0,0.0,3.0,,,,True,True,UNKNOWN,False,False,,,,,,,,,,NPB,2024-10-13 14:00:00,1,,,0,
2021020981,2024-10-13 14:00:00,阪神タイガース,横浜DeNAベイスターズ,3.0,10.0,UNKNOWN,阪神甲子園球場,regular,high,True,True,2103904.0,1700078.0,[],[],,,,,0,light,2024-10-13 14:00:00+00:00,,UNKNOWN,,,,UNKNOWN,UNKNOWN,,UNKNOWN,,1.588235294117647,1.4117647058823528,14.294117647058822,6.352941176470588,1.588235294117647,4.435294117647059,5.666666666666667,1.0,4.0,1.0,4.0,9.0,,,,7.2,1.4,7.2,1.8,0.0,2.2,5.0,4.0,6.0,0.0,1.0,4.0,,,,True,True,UNKNOWN,False,False,,,,,,,,,,NPB,2024-10-13 14:00:00,1,,,0,
2021020966,2024-10-14 14:00:00,北海道日本ハムファイターズ,千葉ロッテマリーンズ,5.0,2.0,UNKNOWN,ES CON FIELD HOKKAIDO,regular,high,True,True,1600146.0,1750903.0,[],[],,,,,0,light,2024-10-14 14:00:00+00:00,,UNKNOWN,,,,UNKNOWN,UNKNOWN,,UNKNOWN,,3.857142857142857,1.1428571428571428,7.714285714285714,3.857142857142857,0.0,2.771428571428572,7.0,3.0,5.0,0.0,3.0,6.0,,,,3.8571428571428568,1.5,7.7142857142857135,3.8571428571428568,0.0,2.771428571428572,4.666666666666667,2.0,5.0,0.0,2.0,4.0,,,,True,True,UNKNOWN,False,False,,,,,,,,,,NPB,2024-10-14 14:00:00,1,,,0,
2021020967,2024-10-16 18:00:00,福岡ソフトバンクホークス,北海道日本ハムファイターズ,5.0,2.0,UNKNOWN,みずほPayPayドーム福岡,unknown,low,False,False,2000079.0,1400117.0,[],[],,,,,0,light,2024-10-16 18:00:00+00:00,,UNKNOWN,,,,UNKNOWN,UNKNOWN,,UNKNOWN,,6.352941176470588,1.7647058823529411,14.294117647058822,0.0,3.176470588235294,4.6117647058823525,5.666666666666667,4.0,10.0,2.0,0.0,9.0,,,,2.571428571428572,1.1428571428571428,10.285714285714286,2.571428571428572,1.2857142857142858,3.628571428571429,7.0,2.0,6.0,1.0,2.0,8.0,,,,True,True,UNKNOWN,False,False,,,,,,,,,,NPB,2024-10-16 18:00:00,1,,,0,
2021020983,2024-10-16 18:00:00,読売ジャイアンツ,横浜DeNAベイスターズ,0.0,2.0,UNKNOWN,東京ドーム,climax,high,False,True,1961374.0,1800028.0,[],[],,,,,0,light,2024-10-16 18:00:00+00:00,,UNKNOWN,,,,UNKNOWN,UNKNOWN,,UNKNOWN,,0.0,0.8333333333333334,9.0,6.0,0.0,3.2,6.0,0.0,1.0,0.0,4.0,6.0,,,,2.8421052631578947,1.105263157894737,2.8421052631578947,1.4210526315789471,1.4210526315789471,5.094736842105263,6.333333333333333,2.0,6.0,1.0,1.0,2.0,,,,True,True,UNKNOWN,False,False,2024-10-16 09:00:00+00:00,,UNKNOWN,Open-Meteo Historical Forecast,FAIL_CLOSED_NO_ISSUANCE_TIMESTAMP,22.9,79.0,0.0,2.6,NPB,2024-10-16 18:00:00,1,,,0,
2021020983,2024-10-16 18:00:00,読売ジャイアンツ,横浜DeNAベイスターズ,0.0,2.0,UNKNOWN,東京ドーム,climax,high,False,True,1961374.0,1800028.0,[],[],,,,,0,light,2024-10-16 18:00:00+00:00,,UNKNOWN,,,,UNKNOWN,UNKNOWN,,UNKNOWN,,0.0,0.8333333333333334,9.0,6.0,0.0,3.2,6.0,0.0,1.0,0.0,4.0,6.0,,,,2.8421052631578947,1.105263157894737,2.8421052631578947,1.4210526315789471,1.4210526315789471,5.094736842105263,6.333333333333333,2.0,6.0,1.0,1.0,2.0,,,,True,True,UNKNOWN,False,False,2024-10-16 09:00:00+00:00,,UNKNOWN,Open-Meteo Historical Forecast,FAIL_CLOSED_NO_ISSUANCE_TIMESTAMP,22.9,79.0,0.0,2.6,NPB,2024-10-16 18:00:00,1,,,0,
2021020968,2024-10-17 18:00:00,福岡ソフトバンクホークス,北海道日本ハムファイターズ,7.0,2.0,UNKNOWN,みずほPayPayドーム福岡,japan_series,high,False,True,1500110.0,1700011.0,[],[],,,,,0,light,2024-10-17 18:00:00+00:00,,UNKNOWN,,,,UNKNOWN,UNKNOWN,,UNKNOWN,,21.6,2.4000000000000004,0.0,0.0,5.4,11.0,1.6666666666666663,4.0,4.0,1.0,0.0,0.0,,,,3.0,1.5,6.0,1.5,0.0,2.3666666666666667,6.0,2.0,8.0,0.0,1.0,4.0,,,,True,True,UNKNOWN,False,False,,,,,,,,,,NPB,2024-10-17 18:00:00,1,,,0,
2021020984,2024-10-17 18:00:00,読売ジャイアンツ,横浜DeNAベイスターズ,1.0,2.0,UNKNOWN,東京ドーム,climax,high,False,True,1800045.0,1200041.0,[],[],,,,,0,light,2024-10-17 18:00:00+00:00,,UNKNOWN,,,,UNKNOWN,UNKNOWN,,UNKNOWN,,1.35,0.8999999999999999,9.45,1.35,0.0,1.5500000000000005,6.666666666666667,1.0,5.0,0.0,1.0,7.0,,,,2.571428571428572,1.0,6.428571428571429,1.2857142857142858,1.2857142857142858,4.057142857142857,7.0,2.0,6.0,1.0,1.0,5.0,,,,True,True,UNKNOWN,False,False,2024-10-17 09:00:00+00:00,,UNKNOWN,Open-Meteo Historical Forecast,FAIL_CLOSED_NO_ISSUANCE_TIMESTAMP,22.6,84.0,0.0,4.3,NPB,2024-10-17 18:00:00,1,,,0,
2021020984,2024-10-17 18:00:00,読売ジャイアンツ,横浜DeNAベイスターズ,1.0,2.0,UNKNOWN,東京ドーム,climax,high,False,True,1800045.0,1200041.0,[],[],,,,,0,light,2024-10-17 18:00:00+00:00,,UNKNOWN,,,,UNKNOWN,UNKNOWN,,UNKNOWN,,1.35,0.8999999999999999,9.45,1.35,0.0,1.5500000000000005,6.666666666666667,1.0,5.0,0.0,1.0,7.0,,,,2.571428571428572,1.0,6.428571428571429,1.2857142857142858,1.2857142857142858,4.057142857142857,7.0,2.0,6.0,1.0,1.0,5.0,,,,True,True,UNKNOWN,False,False,2024-10-17 09:00:00+00:00,,UNKNOWN,Open-Meteo Historical Forecast,FAIL_CLOSED_NO_ISSUANCE_TIMESTAMP,22.6,84.0,0.0,4.3,NPB,2024-10-17 18:00:00,1,,,0,
2021020969,2024-10-18 18:00:00,福岡ソフトバンクホークス,北海道日本ハムファイターズ,3.0,2.0,UNKNOWN,みずほPayPayドーム福岡,japan_series,high,False,True,1400195.0,1900010.0,[],[],,,,,0,light,2024-10-18 18:00:00+00:00,,UNKNOWN,,,,UNKNOWN,UNKNOWN,,UNKNOWN,,4.909090909090909,1.6363636363636365,2.4545454545454546,2.4545454545454546,0.0,3.472727272727273,3.6666666666666665,2.0,5.0,0.0,1.0,1.0,,,,3.6,1.0,5.4,1.8,1.8,5.2,5.0,2.0,4.0,1.0,1.0,3.0,,,,True,True,UNKNOWN,False,False,,,,,,,,,,NPB,2024-10-18 18:00:00,1,,,0,
2021020985,2024-10-18 18:00:00,読売ジャイアンツ,横浜DeNAベイスターズ,1.0,2.0,UNKNOWN,東京ドーム,regular,high,True,True,2105707.0,1961407.0,[],[],,,,,0,light,2024-10-18 18:00:00+00:00,,UNKNOWN,,,,UNKNOWN,UNKNOWN,,UNKNOWN,,3.0,2.333333333333333,9.0,9.0,3.0,8.533333333333333,3.0,1.0,4.0,1.0,3.0,3.0,,,,2.25,1.25,9.0,4.5,2.25,5.95,4.0,1.0,3.0,1.0,2.0,4.0,,,,True,True,UNKNOWN,False,False,2024-10-18 09:00:00+00:00,,UNKNOWN,Open-Meteo Historical Forecast,FAIL_CLOSED_NO_ISSUANCE_TIMESTAMP,21.4,99.0,0.0,2.9,NPB,2024-10-18 18:00:00,1,,,0,
2021020985,2024-10-18 18:00:00,読売ジャイアンツ,横浜DeNAベイスターズ,1.0,2.0,UNKNOWN,東京ドーム,regular,high,True,True,2105707.0,1961407.0,[],[],,,,,0,light,2024-10-18 18:00:00+00:00,,UNKNOWN,,,,UNKNOWN,UNKNOWN,,UNKNOWN,,3.0,2.333333333333333,9.0,9.0,3.0,8.533333333333333,3.0,1.0,4.0,1.0,3.0,3.0,,,,2.25,1.25,9.0,4.5,2.25,5.95,4.0,1.0,3.0,1.0,2.0,4.0,,,,True,True,UNKNOWN,False,False,2024-10-18 09:00:00+00:00,,UNKNOWN,Open-Meteo Historical Forecast,FAIL_CLOSED_NO_ISSUANCE_TIMESTAMP,21.4,99.0,0.0,2.9,NPB,2024-10-18 18:00:00,1,,,0,
2021020986,2024-10-19 18:00:00,読売ジャイアンツ,横浜DeNAベイスターズ,4.0,1.0,UNKNOWN,東京ドーム,climax,high,False,True,2103904.0,1900019.0,[],[],,,,,0,light,2024-10-19 18:00:00+00:00,,UNKNOWN,,,,UNKNOWN,UNKNOWN,,UNKNOWN,,4.2631578947368425,1.105263157894737,4.2631578947368425,1.4210526315789471,0.0,2.726315789473684,6.333333333333333,3.0,6.0,0.0,1.0,3.0,,,,1.5,0.1666666666666666,9.0,0.0,1.5,3.3666666666666667,6.0,1.0,1.0,1.0,0.0,6.0,,,,True,True,UNKNOWN,False,False,2024-10-19 09:00:00+00:00,,UNKNOWN,Open-Meteo Historical Forecast,FAIL_CLOSED_NO_ISSUANCE_TIMESTAMP,24.5,85.0,0.7,7.1,NPB,2024-10-19 18:00:00,1,,,0,
2021020986,2024-10-19 18:00:00,読売ジャイアンツ,横浜DeNAベイスターズ,4.0,1.0,UNKNOWN,東京ドーム,climax,high,False,True,2103904.0,1900019.0,[],[],,,,,0,light,2024-10-19 18:00:00+00:00,,UNKNOWN,,,,UNKNOWN,UNKNOWN,,UNKNOWN,,4.2631578947368425,1.105263157894737,4.2631578947368425,1.4210526315789471,0.0,2.726315789473684,6.333333333333333,3.0,6.0,0.0,1.0,3.0,,,,1.5,0.1666666666666666,9.0,0.0,1.5,3.3666666666666667,6.0,1.0,1.0,1.0,0.0,6.0,,,,True,True,UNKNOWN,False,False,2024-10-19 09:00:00+00:00,,UNKNOWN,Open-Meteo Historical Forecast,FAIL_CLOSED_NO_ISSUANCE_TIMESTAMP,24.5,85.0,0.7,7.1,NPB,2024-10-19 18:00:00,1,,,0,
2021020987,2024-10-20 18:00:00,読売ジャイアンツ,横浜DeNAベイスターズ,1.0,0.0,UNKNOWN,東京ドーム,japan_series,high,False,True,1600081.0,2000006.0,[],[],,,,,0,light,2024-10-20 18:00:00+00:00,,UNKNOWN,,,,UNKNOWN,UNKNOWN,,UNKNOWN,,0.0,0.75,11.25,4.5,0.0,2.2,4.0,0.0,1.0,0.0,2.0,5.0,,,,0.0,0.9473684210526316,7.105263157894737,0.0,0.0,1.6210526315789475,6.333333333333333,0.0,6.0,0.0,0.0,5.0,,,,True,True,UNKNOWN,False,False,2024-10-20 09:00:00+00:00,,UNKNOWN,Open-Meteo Historical Forecast,FAIL_CLOSED_NO_ISSUANCE_TIMESTAMP,15.1,61.0,0.0,8.5,NPB,2024-10-20 18:00:00,1,,,0,
2021020987,2024-10-20 18:00:00,読売ジャイアンツ,横浜DeNAベイスターズ,1.0,0.0,UNKNOWN,東京ドーム,japan_series,high,False,True,1600081.0,2000006.0,[],[],,,,,0,light,2024-10-20 18:00:00+00:00,,UNKNOWN,,,,UNKNOWN,UNKNOWN,,UNKNOWN,,0.0,0.75,11.25,4.5,0.0,2.2,4.0,0.0,1.0,0.0,2.0,5.0,,,,0.0,0.9473684210526316,7.105263157894737,0.0,0.0,1.6210526315789475,6.333333333333333,0.0,6.0,0.0,0.0,5.0,,,,True,True,UNKNOWN,False,False,2024-10-20 09:00:00+00:00,,UNKNOWN,Open-Meteo Historical Forecast,FAIL_CLOSED_NO_ISSUANCE_TIMESTAMP,15.1,61.0,0.0,8.5,NPB,2024-10-20 18:00:00,1,,,0,
2021020988,2024-10-21 18:00:00,読売ジャイアンツ,横浜DeNAベイスターズ,2.0,3.0,UNKNOWN,東京ドーム,japan_series,high,False,True,1961374.0,1800028.0,[],[],,,,,0,light,2024-10-21 18:00:00+00:00,,UNKNOWN,,,,UNKNOWN,UNKNOWN,,UNKNOWN,,2.7,1.7999999999999998,8.1,10.8,0.0,5.0,3.333333333333333,1.0,2.0,0.0,4.0,3.0,,,,3.8571428571428568,1.2857142857142856,7.7142857142857135,0.0,0.0,1.485714285714286,4.666666666666667,2.0,6.0,0.0,0.0,4.0,,,,True,True,UNKNOWN,False,False,2024-10-21 09:00:00+00:00,,UNKNOWN,Open-Meteo Historical Forecast,FAIL_CLOSED_NO_ISSUANCE_TIMESTAMP,17.7,66.0,0.0,4.3,NPB,2024-10-21 18:00:00,1,,,0,
2021020988,2024-10-21 18:00:00,読売ジャイアンツ,横浜DeNAベイスターズ,2.0,3.0,UNKNOWN,東京ドーム,japan_series,high,False,True,1961374.0,1800028.0,[],[],,,,,0,light,2024-10-21 18:00:00+00:00,,UNKNOWN,,,,UNKNOWN,UNKNOWN,,UNKNOWN,,2.7,1.7999999999999998,8.1,10.8,0.0,5.0,3.333333333333333,1.0,2.0,0.0,4.0,3.0,,,,3.8571428571428568,1.2857142857142856,7.7142857142857135,0.0,0.0,1.485714285714286,4.666666666666667,2.0,6.0,0.0,0.0,4.0,,,,True,True,UNKNOWN,False,False,2024-10-21 09:00:00+00:00,,UNKNOWN,Open-Meteo Historical Forecast,FAIL_CLOSED_NO_ISSUANCE_TIMESTAMP,17.7,66.0,0.0,4.3,NPB,2024-10-21 18:00:00,1,,,0,
2021020973,2024-10-26 18:30:00,横浜DeNAベイスターズ,福岡ソフトバンクホークス,3.0,5.0,UNKNOWN,横浜スタジアム,japan_series,high,False,True,1400117.0,2103904.0,[],[],,,,,0,light,2024-10-26 18:30:00+00:00,,UNKNOWN,,,,UNKNOWN,UNKNOWN,,UNKNOWN,,0.0,0.8571428571428571,5.142857142857143,2.571428571428572,0.0,2.9142857142857146,7.0,0.0,4.0,0.0,2.0,4.0,,,,3.8571428571428568,1.7142857142857142,17.357142857142858,9.642857142857142,0.0,2.5571428571428574,4.666666666666667,2.0,3.0,0.0,5.0,9.0,,,,True,True,UNKNOWN,False,False,,,,,,,,,,NPB,2024-10-26 18:30:00,1,,,0,
2021020974,2024-10-27 18:00:00,横浜DeNAベイスターズ,福岡ソフトバンクホークス,3.0,6.0,UNKNOWN,横浜スタジアム,regular,high,True,True,1700011.0,1800045.0,[],[],,,,,0,light,2024-10-27 18:00:00+00:00,,UNKNOWN,,,,UNKNOWN,UNKNOWN,,UNKNOWN,,4.05,1.35,8.1,1.35,0.0,1.8500000000000003,6.666666666666667,3.0,8.0,0.0,1.0,6.0,,,,15.428571428571429,3.8571428571428568,15.428571428571429,7.7142857142857135,3.8571428571428568,7.914285714285715,2.333333333333333,4.0,7.0,1.0,2.0,4.0,,,,True,True,UNKNOWN,False,False,,,,,,,,,,NPB,2024-10-27 18:00:00,1,,,0,
2021020975,2024-10-29 18:30:00,福岡ソフトバンクホークス,横浜DeNAベイスターズ,1.0,4.0,UNKNOWN,みずほPayPayドーム福岡,interleague,high,True,True,1700058.0,1900010.0,[],[],,,,,0,light,2024-10-29 18:30:00+00:00,,UNKNOWN,,,,UNKNOWN,UNKNOWN,,UNKNOWN,,1.2857142857142858,1.4285714285714286,5.142857142857143,0.0,0.0,2.0571428571428574,7.0,1.0,10.0,0.0,0.0,4.0,,,,2.25,1.5,9.0,6.75,0.0,3.45,4.0,1.0,3.0,0.0,3.0,4.0,,,,True,True,UNKNOWN,False,False,,,,,,,,,,NPB,2024-10-29 18:30:00,1,,,0,
2021020976,2024-10-30 18:30:00,福岡ソフトバンクホークス,横浜DeNAベイスターズ,0.0,5.0,UNKNOWN,みずほPayPayドーム福岡,japan_series,high,False,True,1961374.0,1300080.0,[],[],,,,,0,light,2024-10-30 18:30:00+00:00,,UNKNOWN,,,,UNKNOWN,UNKNOWN,,UNKNOWN,,0.0,0.7142857142857143,9.0,1.2857142857142858,0.0,1.6285714285714288,7.0,0.0,4.0,0.0,1.0,7.0,,,,1.588235294117647,0.7058823529411764,6.352941176470588,0.0,1.588235294117647,4.08235294117647,5.666666666666667,1.0,4.0,1.0,0.0,4.0,,,,True,True,UNKNOWN,False,False,,,,,,,,,,NPB,2024-10-30 18:30:00,1,,,0,
2021020977,2024-10-31 18:00:00,福岡ソフトバンクホークス,横浜DeNAベイスターズ,0.0,7.0,UNKNOWN,みずほPayPayドーム福岡,excluded,high,False,False,2103904.0,1900106.0,[],[],,,,,0,light,2024-10-31 18:00:00+00:00,,UNKNOWN,,,,UNKNOWN,UNKNOWN,,UNKNOWN,,0.0,0.7142857142857143,10.285714285714286,2.571428571428572,0.0,1.7714285714285716,7.0,0.0,3.0,0.0,2.0,8.0,,,,3.375,2.625,6.75,10.125,0.0,5.075,2.6666666666666665,1.0,4.0,0.0,3.0,2.0,,,,True,True,UNKNOWN,False,False,,,,,,,,,,NPB,2024-10-31 18:00:00,1,,,0,
2021020979,2024-11-03 18:00:00,横浜DeNAベイスターズ,福岡ソフトバンクホークス,11.0,2.0,UNKNOWN,横浜スタジアム,unknown,low,False,False,1400117.0,1800045.0,[],[],,,,,0,light,2024-11-03 18:00:00+00:00,,UNKNOWN,,,,UNKNOWN,UNKNOWN,,UNKNOWN,,12.0,2.6666666666666665,12.0,6.0,3.0,6.866666666666667,3.0,4.0,6.0,1.0,2.0,4.0,,,,4.5,1.25,6.75,0.0,2.25,4.95,4.0,2.0,5.0,1.0,0.0,3.0,,,,True,True,UNKNOWN,False,False,,,,,,,,,,NPB,2024-11-03 18:00:00,1,,,0,
