game_id,datetime,home,away,home_score,away_score,game_type,venue,npb_game_category,npb_type_confidence,npb_training_default,npb_evaluation_default,home_starter,away_starter,home_lineup_json,away_lineup_json,home_pregame_starter,away_pregame_starter,home_pregame_lineup_json,away_pregame_lineup_json,player_rows_count,enrichment_mode,prediction_time_utc,starter_available_at,starter_state,starter_source,home_lineup_available_at,away_lineup_available_at,home_lineup_state,away_lineup_state,lineup_available_at,lineup_state,lineup_source,home_starter_era,home_starter_whip,home_starter_k9,home_starter_bb9,home_starter_hr9,home_starter_fip,home_starter_ip,home_starter_er,home_starter_h,home_starter_hr,home_starter_bb,home_starter_so,home_starter_pitches,home_starter_k_rate,home_starter_bb_rate,away_starter_era,away_starter_whip,away_starter_k9,away_starter_bb9,away_starter_hr9,away_starter_fip,away_starter_ip,away_starter_er,away_starter_h,away_starter_hr,away_starter_bb,away_starter_so,away_starter_pitches,away_starter_k_rate,away_starter_bb_rate,home_starter_line_ok,away_starter_line_ok,pregame_context_quality,pregame_starter_verified,pregame_lineup_verified,league,date,inning,half,event,addedRuns,pitcher
2021040030,2026-03-01 12:30:00,福岡ソフトバンクホークス,埼玉西武ライオンズ,6.0,10.0,UNKNOWN,宮崎市生目の杜運動公園アイビースタジアム,excluded,high,False,False,2110118,1200106,[],[],,,,,0,light,2026-03-01T03:30:00+00:00,,UNKNOWN,,,,UNKNOWN,UNKNOWN,,UNKNOWN,,9.0,3.0,13.5,4.5,4.5,8.2,2.0,2.0,5.0,1.0,1.0,3.0,,,,21.0,3.3333333333333335,0.0,3.0,3.0,8.533333333333333,3.0,7.0,9.0,1.0,1.0,0.0,,,,True,True,UNKNOWN,False,False,NPB,2026-03-01 12:30:00,1,,,0,
2021040028,2026-03-01 13:00:00,東北楽天ゴールデンイーグルス,広島東洋カープ,1.0,0.0,UNKNOWN,マスカットスタジアム,excluded,high,False,False,2108238,1900117,[],[],,,,,0,light,2026-03-01T04:00:00+00:00,,UNKNOWN,,,,UNKNOWN,UNKNOWN,,UNKNOWN,,2.25,1.0,9.0,0.0,0.0,1.2000000000000002,4.0,1.0,4.0,0.0,0.0,4.0,,,,0.0,0.5454545454545455,9.818181818181818,2.4545454545454546,0.0,1.8363636363636364,3.6666666666666665,0.0,1.0,0.0,1.0,4.0,,,,True,True,UNKNOWN,False,False,NPB,2026-03-01 13:00:00,1,,,0,
2021040029,2026-03-01 14:00:00,中日ドラゴンズ,横浜DeNAベイスターズ,9.0,2.0,UNKNOWN,バンテリンドーム ナゴヤ,excluded,high,False,False,1700058,500014,[],[],,,,,0,light,2026-03-01T05:00:00+00:00,,UNKNOWN,,,,UNKNOWN,UNKNOWN,,UNKNOWN,,9.0,2.5,4.5,4.5,4.5,10.2,2.0,2.0,4.0,1.0,1.0,1.0,,,,0.0,1.0,0.0,0.0,0.0,3.2,3.0,0.0,3.0,0.0,0.0,0.0,,,,True,True,UNKNOWN,False,False,NPB,2026-03-01 14:00:00,1,,,0,
2021040032,2026-03-03 18:00:00,福岡ソフトバンクホークス,東京ヤクルトスワローズ,4.0,3.0,UNKNOWN,みずほPayPayドーム福岡,unknown,low,False,False,2108291,1800043,[],[],,,,,0,light,2026-03-03T09:00:00+00:00,,UNKNOWN,,,,UNKNOWN,UNKNOWN,,UNKNOWN,,0.0,2.0,6.0,6.0,0.0,3.8666666666666667,3.0,0.0,4.0,0.0,2.0,2.0,,,,2.25,1.5,6.75,2.25,0.0,2.45,4.0,1.0,5.0,0.0,1.0,3.0,,,,True,True,UNKNOWN,False,False,NPB,2026-03-03 18:00:00,1,,,0,
2021040034,2026-03-04 13:00:00,東北楽天ゴールデンイーグルス,千葉ロッテマリーンズ,4.0,3.0,UNKNOWN,静岡県草薙総合運動場硬式野球場,excluded,high,False,False,2103904,2110493,[],[],,,,,0,light,2026-03-04T04:00:00+00:00,,UNKNOWN,,,,UNKNOWN,UNKNOWN,,UNKNOWN,,0.0,0.75,6.75,6.75,0.0,3.95,4.0,0.0,0.0,0.0,3.0,3.0,,,,0.0,1.0,13.5,0.0,0.0,0.20000000000000018,2.0,0.0,2.0,0.0,0.0,3.0,,,,True,True,UNKNOWN,False,False,NPB,2026-03-04 13:00:00,1,,,0,
2021040035,2026-03-04 13:00:00,横浜DeNAベイスターズ,中日ドラゴンズ,3.0,1.0,UNKNOWN,横浜スタジアム,unknown,low,False,False,1951008,1960901,[],[],,,,,0,light,2026-03-04T04:00:00+00:00,,UNKNOWN,,,,UNKNOWN,UNKNOWN,,UNKNOWN,,6.75,1.75,4.5,2.25,0.0,2.95,4.0,3.0,6.0,0.0,1.0,2.0,,,,3.8571428571428568,1.7142857142857142,11.571428571428571,3.8571428571428568,0.0,1.9142857142857146,2.3333333333333335,1.0,3.0,0.0,1.0,3.0,,,,True,True,UNKNOWN,False,False,NPB,2026-03-04 13:00:00,1,,,0,
2021040033,2026-03-04 18:00:00,北海道日本ハムファイターズ,埼玉西武ライオンズ,2.0,0.0,UNKNOWN,エスコンフィールドHOKKAIDO,excluded,high,False,False,1800081,2050307,[],[],,,,,0,light,2026-03-04T09:00:00+00:00,,UNKNOWN,,,,UNKNOWN,UNKNOWN,,UNKNOWN,,0.0,0.6666666666666666,12.0,3.0,0.0,1.5333333333333334,3.0,0.0,1.0,0.0,1.0,4.0,,,,0.0,1.2,0.0,1.8,0.0,3.8000000000000003,5.0,0.0,5.0,0.0,1.0,0.0,,,,True,True,UNKNOWN,False,False,NPB,2026-03-04 18:00:00,1,,,0,
2021040036,2026-03-04 18:00:00,オリックス・バファローズ,広島東洋カープ,2.0,0.0,UNKNOWN,京セラドーム大阪,unknown,low,False,False,1600123,2000096,[],[],,,,,0,light,2026-03-04T09:00:00+00:00,,UNKNOWN,,,,UNKNOWN,UNKNOWN,,UNKNOWN,,0.0,1.0,4.5,9.0,0.0,5.2,2.0,0.0,0.0,0.0,2.0,1.0,,,,0.0,0.6,3.6,0.0,0.0,2.4000000000000004,5.0,0.0,3.0,0.0,0.0,2.0,,,,True,True,UNKNOWN,False,False,NPB,2026-03-04 18:00:00,1,,,0,
2021040037,2026-03-04 18:00:00,福岡ソフトバンクホークス,東京ヤクルトスワローズ,1.0,3.0,UNKNOWN,みずほPayPayドーム福岡,excluded,high,False,False,2107908,1900106,[],[],,,,,0,light,2026-03-04T09:00:00+00:00,,UNKNOWN,,,,UNKNOWN,UNKNOWN,,UNKNOWN,,3.0,1.0,9.0,6.0,3.0,7.533333333333333,3.0,1.0,1.0,1.0,2.0,3.0,,,,2.25,0.75,11.25,0.0,0.0,0.7000000000000002,4.0,1.0,3.0,0.0,0.0,5.0,,,,True,True,UNKNOWN,False,False,NPB,2026-03-04 18:00:00,1,,,0,
2021040039,2026-03-05 13:00:00,東北楽天ゴールデンイーグルス,千葉ロッテマリーンズ,0.0,1.0,UNKNOWN,静岡県草薙総合運動場硬式野球場,excluded,high,False,False,2100442,2106793,[],[],,,,,0,light,2026-03-05T04:00:00+00:00,,UNKNOWN,,,,UNKNOWN,UNKNOWN,,UNKNOWN,,0.0,0.6666666666666666,12.0,3.0,0.0,1.5333333333333334,3.0,0.0,1.0,0.0,1.0,4.0,,,,1.8,1.4,7.2,1.8,0.0,2.2,5.0,1.0,6.0,0.0,1.0,4.0,,,,True,True,UNKNOWN,False,False,NPB,2026-03-05 13:00:00,1,,,0,
2021040040,2026-03-05 13:00:00,横浜DeNAベイスターズ,中日ドラゴンズ,9.0,7.0,UNKNOWN,横浜スタジアム,excluded,high,False,False,1600106,1650915,[],[],,,,,0,light,2026-03-05T04:00:00+00:00,,UNKNOWN,,,,UNKNOWN,UNKNOWN,,UNKNOWN,,7.2,1.4,0.0,3.6,0.0,4.4,5.0,4.0,5.0,0.0,2.0,0.0,,,,9.0,2.3333333333333335,3.0,3.0,0.0,3.5333333333333337,3.0,3.0,6.0,0.0,1.0,1.0,,,,True,True,UNKNOWN,False,False,NPB,2026-03-05 13:00:00,1,,,0,
2021040041,2026-03-05 13:00:00,福岡ソフトバンクホークス,東京ヤクルトスワローズ,5.0,1.0,UNKNOWN,みずほPayPayドーム福岡,excluded,high,False,False,2103794,1100099,[],[],,,,,0,light,2026-03-05T04:00:00+00:00,,UNKNOWN,,,,UNKNOWN,UNKNOWN,,UNKNOWN,,6.75,2.5,9.0,6.75,2.25,6.7,4.0,3.0,7.0,1.0,3.0,4.0,,,,0.0,0.25,9.0,0.0,0.0,1.2000000000000002,4.0,0.0,1.0,0.0,0.0,4.0,,,,True,True,UNKNOWN,False,False,NPB,2026-03-05 13:00:00,1,,,0,
2021040038,2026-03-05 18:00:00,北海道日本ハムファイターズ,埼玉西武ライオンズ,3.0,4.0,UNKNOWN,エスコンフィールドHOKKAIDO,excluded,high,False,False,2105080,1400195,[],[],,,,,0,light,2026-03-05T09:00:00+00:00,,UNKNOWN,,,,UNKNOWN,UNKNOWN,,UNKNOWN,,0.0,0.3333333333333333,6.0,0.0,0.0,1.866666666666667,3.0,0.0,1.0,0.0,0.0,2.0,,,,4.5,1.75,4.5,6.75,0.0,4.45,4.0,2.0,4.0,0.0,3.0,2.0,,,,True,True,UNKNOWN,False,False,NPB,2026-03-05 18:00:00,1,,,0,
2021040043,2026-03-06 14:00:00,阪神タイガース,福岡ソフトバンクホークス,5.0,0.0,UNKNOWN,阪神甲子園球場,excluded,high,False,False,2107909,2000055,[],[],,,,,0,light,2026-03-06T05:00:00+00:00,,UNKNOWN,,,,UNKNOWN,UNKNOWN,,UNKNOWN,,1.8,1.0,5.4,1.8,0.0,2.6,5.0,1.0,4.0,0.0,1.0,3.0,,,,0.0,0.6666666666666666,12.0,0.0,0.0,0.5333333333333337,3.0,0.0,2.0,0.0,0.0,4.0,,,,True,True,UNKNOWN,False,False,NPB,2026-03-06 14:00:00,1,,,0,
2021040042,2026-03-06 18:00:00,オリックス・バファローズ,読売ジャイアンツ,2.0,3.0,UNKNOWN,京セラドーム大阪,excluded,high,False,False,2000006,1600150,[],[],,,,,0,light,2026-03-06T09:00:00+00:00,,UNKNOWN,,,,UNKNOWN,UNKNOWN,,UNKNOWN,,0.0,0.5,6.75,0.0,0.0,1.7000000000000002,4.0,0.0,2.0,0.0,0.0,3.0,,,,2.25,1.75,2.25,0.0,0.0,2.7,4.0,1.0,7.0,0.0,0.0,1.0,,,,True,True,UNKNOWN,False,False,NPB,2026-03-06 18:00:00,1,,,0,
2021040045,2026-03-07 13:00:00,東北楽天ゴールデンイーグルス,横浜DeNAベイスターズ,2.0,9.0,UNKNOWN,静岡県草薙総合運動場硬式野球場,unknown,low,False,False,1700058,700049,[],[],,,,,0,light,2026-03-07T04:00:00+00:00,,UNKNOWN,,,,UNKNOWN,UNKNOWN,,UNKNOWN,,6.0,2.3333333333333335,12.0,3.0,0.0,1.5333333333333334,3.0,2.0,6.0,0.0,1.0,4.0,,,,5.3999999999999995,1.5,5.3999999999999995,0.0,0.0,2.0,3.3333333333333335,2.0,5.0,0.0,0.0,2.0,,,,True,True,UNKNOWN,False,False,NPB,2026-03-07 13:00:00,1,,,0,
2021040046,2026-03-07 13:00:00,埼玉西武ライオンズ,東京ヤクルトスワローズ,7.0,0.0,UNKNOWN,高知県立春野運動公園野球場,excluded,high,False,False,2000025,1700124,[],[],,,,,0,light,2026-03-07T04:00:00+00:00,,UNKNOWN,,,,UNKNOWN,UNKNOWN,,UNKNOWN,,2.25,1.5,4.5,2.25,0.0,2.95,4.0,1.0,5.0,0.0,1.0,2.0,,,,0.0,1.0,6.0,6.0,0.0,3.8666666666666667,3.0,0.0,1.0,0.0,2.0,2.0,,,,True,True,UNKNOWN,False,False,NPB,2026-03-07 13:00:00,1,,,0,
2021040048,2026-03-07 13:00:00,阪神タイガース,福岡ソフトバンクホークス,1.0,0.0,UNKNOWN,阪神甲子園球場,excluded,high,False,False,1700134,1700137,[],[],,,,,0,light,2026-03-07T04:00:00+00:00,,UNKNOWN,,,,UNKNOWN,UNKNOWN,,UNKNOWN,,2.25,1.25,13.5,4.5,0.0,1.7000000000000002,4.0,1.0,3.0,0.0,2.0,6.0,,,,0.0,0.6666666666666666,3.0,0.0,0.0,2.5333333333333337,3.0,0.0,2.0,0.0,0.0,1.0,,,,True,True,UNKNOWN,False,False,NPB,2026-03-07 13:00:00,1,,,0,
2021040049,2026-03-07 13:00:00,広島東洋カープ,中日ドラゴンズ,2.0,3.0,UNKNOWN,MAZDA Zoom-Zoom スタジアム広島,excluded,high,False,False,2000050,2103788,[],[],,,,,0,light,2026-03-07T04:00:00+00:00,,UNKNOWN,,,,UNKNOWN,UNKNOWN,,UNKNOWN,,1.8,0.8,3.6,0.0,1.8,5.0,5.0,1.0,4.0,1.0,0.0,2.0,,,,9.0,3.0,12.0,12.0,0.0,4.533333333333333,3.0,3.0,5.0,0.0,4.0,4.0,,,,True,True,UNKNOWN,False,False,NPB,2026-03-07 13:00:00,1,,,0,
2021040044,2026-03-07 14:00:00,北海道日本ハムファイターズ,千葉ロッテマリーンズ,5.0,3.0,UNKNOWN,エスコンフィールドHOKKAIDO,excluded,high,False,False,2102758,2108574,[],[],,,,,0,light,2026-03-07T05:00:00+00:00,,UNKNOWN,,,,UNKNOWN,UNKNOWN,,UNKNOWN,,9.0,1.6666666666666667,9.0,6.0,0.0,3.2,3.0,3.0,3.0,0.0,2.0,3.0,,,,0.0,0.6666666666666666,9.0,0.0,0.0,1.2000000000000002,3.0,0.0,2.0,0.0,0.0,3.0,,,,True,True,UNKNOWN,False,False,NPB,2026-03-07 14:00:00,1,,,0,
2021040047,2026-03-07 14:00:00,オリックス・バファローズ,読売ジャイアンツ,8.0,0.0,UNKNOWN,京セラドーム大阪,unknown,low,False,False,2122496,1300058,[],[],,,,,0,light,2026-03-07T05:00:00+00:00,,UNKNOWN,,,,UNKNOWN,UNKNOWN,,UNKNOWN,,12.0,3.0,9.0,6.0,0.0,3.2,3.0,4.0,7.0,0.0,2.0,3.0,,,,0.0,1.3333333333333333,9.0,3.0,0.0,2.2,3.0,0.0,3.0,0.0,1.0,3.0,,,,True,True,UNKNOWN,False,False,NPB,2026-03-07 14:00:00,1,,,0,
2021040052,2026-03-08 12:00:00,埼玉西武ライオンズ,東京ヤクルトスワローズ,2.0,4.0,UNKNOWN,高知県立春野運動公園野球場,excluded,high,False,False,1300045,2103657,[],[],,,,,0,light,2026-03-08T03:00:00+00:00,,UNKNOWN,,,,UNKNOWN,UNKNOWN,,UNKNOWN,,0.0,1.0,9.0,4.5,0.0,2.7,4.0,0.0,2.0,0.0,2.0,4.0,,,,0.0,0.25,6.75,2.25,0.0,2.45,4.0,0.0,0.0,0.0,1.0,3.0,,,,True,True,UNKNOWN,False,False,NPB,2026-03-08 12:00:00,1,,,0,
2021040050,2026-03-08 13:00:00,北海道日本ハムファイターズ,千葉ロッテマリーンズ,5.0,4.0,UNKNOWN,エスコンフィールドHOKKAIDO,excluded,high,False,False,900081,1400117,[],[],,,,,0,light,2026-03-08T04:00:00+00:00,,UNKNOWN,,,,UNKNOWN,UNKNOWN,,UNKNOWN,,9.0,2.5,6.75,2.25,0.0,2.45,4.0,4.0,9.0,0.0,1.0,3.0,,,,6.75,3.375,3.375,16.875,0.0,8.075,2.6666666666666665,2.0,4.0,0.0,5.0,1.0,,,,True,True,UNKNOWN,False,False,NPB,2026-03-08 13:00:00,1,,,0,
2021040051,2026-03-08 13:00:00,東北楽天ゴールデンイーグルス,横浜DeNAベイスターズ,0.0,0.0,UNKNOWN,静岡県草薙総合運動場硬式野球場,excluded,high,False,False,2112182,1560256,[],[],,,,,0,light,2026-03-08T04:00:00+00:00,,UNKNOWN,,,,UNKNOWN,UNKNOWN,,UNKNOWN,,0.0,0.75,20.25,2.25,0.0,-0.5499999999999998,4.0,0.0,2.0,0.0,1.0,9.0,,,,0.0,0.6,5.4,0.0,0.0,2.0,5.0,0.0,3.0,0.0,0.0,3.0,,,,True,True,UNKNOWN,False,False,NPB,2026-03-08 13:00:00,1,,,0,
2021040053,2026-03-08 13:00:00,オリックス・バファローズ,福岡ソフトバンクホークス,0.0,1.0,UNKNOWN,京セラドーム大阪,excluded,high,False,False,1900010,1700109,[],[],,,,,0,light,2026-03-08T04:00:00+00:00,,UNKNOWN,,,,UNKNOWN,UNKNOWN,,UNKNOWN,,0.0,0.4,5.4,0.0,0.0,2.0,5.0,0.0,2.0,0.0,0.0,3.0,,,,0.0,1.6666666666666667,6.0,3.0,0.0,2.8666666666666667,3.0,0.0,4.0,0.0,1.0,2.0,,,,True,True,UNKNOWN,False,False,NPB,2026-03-08 13:00:00,1,,,0,
2021040054,2026-03-08 13:00:00,阪神タイガース,読売ジャイアンツ,2.0,3.0,UNKNOWN,阪神甲子園球場,excluded,high,False,False,700069,1850363,[],[],,,,,0,light,2026-03-08T04:00:00+00:00,,UNKNOWN,,,,UNKNOWN,UNKNOWN,,UNKNOWN,,0.0,0.6666666666666666,0.0,3.0,0.0,4.2,3.0,0.0,1.0,0.0,1.0,0.0,,,,0.0,1.0,6.75,0.0,0.0,1.7000000000000002,4.0,0.0,4.0,0.0,0.0,3.0,,,,True,True,UNKNOWN,False,False,NPB,2026-03-08 13:00:00,1,,,0,
2021040055,2026-03-08 13:00:00,広島東洋カープ,中日ドラゴンズ,1.0,8.0,UNKNOWN,MAZDA Zoom-Zoom スタジアム広島,unknown,low,False,False,1000138,2114641,[],[],,,,,0,light,2026-03-08T04:00:00+00:00,,UNKNOWN,,,,UNKNOWN,UNKNOWN,,UNKNOWN,,0.0,1.25,6.75,0.0,0.0,1.7000000000000002,4.0,0.0,5.0,0.0,0.0,3.0,,,,0.0,0.5,4.5,4.5,0.0,3.7,2.0,0.0,0.0,0.0,1.0,1.0,,,,True,True,UNKNOWN,False,False,NPB,2026-03-08 13:00:00,1,,,0,
2021040056,2026-03-10 13:00:00,千葉ロッテマリーンズ,オリックス・バファローズ,1.0,4.0,UNKNOWN,ZOZOマリンスタジアム,excluded,high,False,False,2108148,2111821,[],[],,,,,0,light,2026-03-10T04:00:00+00:00,,UNKNOWN,,,,UNKNOWN,UNKNOWN,,UNKNOWN,,0.0,1.3333333333333333,3.0,3.0,0.0,3.5333333333333337,3.0,0.0,3.0,0.0,1.0,1.0,,,,3.0,0.8333333333333334,9.0,0.0,1.5,3.3666666666666667,6.0,2.0,5.0,1.0,0.0,6.0,,,,True,True,UNKNOWN,False,False,NPB,2026-03-10 13:00:00,1,,,0,
2021040057,2026-03-10 13:00:00,横浜DeNAベイスターズ,広島東洋カープ,6.0,1.0,UNKNOWN,横浜スタジアム,excluded,high,False,False,1900052,1960901,[],[],,,,,0,light,2026-03-10T04:00:00+00:00,,UNKNOWN,,,,UNKNOWN,UNKNOWN,,UNKNOWN,,6.75,2.0,4.5,0.0,2.25,5.45,4.0,3.0,8.0,1.0,0.0,2.0,,,,2.25,1.25,9.0,2.25,0.0,1.9500000000000002,4.0,1.0,4.0,0.0,1.0,4.0,,,,True,True,UNKNOWN,False,False,NPB,2026-03-10 13:00:00,1,,,0,
2021040059,2026-03-10 13:00:00,阪神タイガース,埼玉西武ライオンズ,2.0,1.0,UNKNOWN,阪神甲子園球場,excluded,high,False,False,1400182,2117268,[],[],,,,,0,light,2026-03-10T04:00:00+00:00,,UNKNOWN,,,,UNKNOWN,UNKNOWN,,UNKNOWN,,2.25,0.75,9.0,2.25,2.25,5.2,4.0,1.0,2.0,1.0,1.0,4.0,,,,0.0,1.0,6.0,3.0,0.0,2.8666666666666667,3.0,0.0,2.0,0.0,1.0,2.0,,,,True,True,UNKNOWN,False,False,NPB,2026-03-10 13:00:00,1,,,0,
2021040060,2026-03-10 13:00:00,福岡ソフトバンクホークス,読売ジャイアンツ,2.0,2.0,UNKNOWN,ユーピーアールスタジアム,excluded,high,False,False,2118993,1200106,[],[],,,,,0,light,2026-03-10T04:00:00+00:00,,UNKNOWN,,,,UNKNOWN,UNKNOWN,,UNKNOWN,,0.0,1.0,12.6,0.0,0.0,0.40000000000000036,5.0,0.0,5.0,0.0,0.0,7.0,,,,1.8,1.0,7.2,0.0,0.0,1.6,5.0,1.0,5.0,0.0,0.0,4.0,,,,True,True,UNKNOWN,False,False,NPB,2026-03-10 13:00:00,1,,,0,
2021040058,2026-03-10 18:00:00,中日ドラゴンズ,東京ヤクルトスワローズ,7.0,12.0,UNKNOWN,バンテリンドーム ナゴヤ,excluded,high,False,False,1750696,1650489,[],[],,,,,0,light,2026-03-10T09:00:00+00:00,,UNKNOWN,,,,UNKNOWN,UNKNOWN,,UNKNOWN,,6.75,1.75,9.0,2.25,2.25,5.2,4.0,3.0,6.0,1.0,1.0,4.0,,,,24.0,3.3333333333333335,3.0,6.0,3.0,8.866666666666667,3.0,8.0,8.0,1.0,2.0,1.0,,,,True,True,UNKNOWN,False,False,NPB,2026-03-10 18:00:00,1,,,0,
2021040061,2026-03-11 13:00:00,東北楽天ゴールデンイーグルス,北海道日本ハムファイターズ,1.0,3.0,UNKNOWN,静岡県草薙総合運動場硬式野球場,excluded,high,False,False,1500110,2110493,[],[],,,,,0,light,2026-03-11T04:00:00+00:00,,UNKNOWN,,,,UNKNOWN,UNKNOWN,,UNKNOWN,,0.0,0.8,7.2,0.0,0.0,1.6,5.0,0.0,4.0,0.0,0.0,4.0,,,,0.0,1.0,7.2,5.4,0.0,3.4000000000000004,5.0,0.0,2.0,0.0,3.0,4.0,,,,True,True,UNKNOWN,False,False,NPB,2026-03-11 13:00:00,1,,,0,
2021040062,2026-03-11 13:00:00,千葉ロッテマリーンズ,オリックス・バファローズ,3.0,4.0,UNKNOWN,ZOZOマリンスタジアム,excluded,high,False,False,2000096,1300080,[],[],,,,,0,light,2026-03-11T04:00:00+00:00,,UNKNOWN,,,,UNKNOWN,UNKNOWN,,UNKNOWN,,4.764705882352941,1.2352941176470587,9.529411764705882,4.764705882352941,0.0,2.670588235294118,5.666666666666667,3.0,4.0,0.0,3.0,6.0,,,,0.0,1.2,9.0,0.0,0.0,1.2000000000000002,5.0,0.0,6.0,0.0,0.0,5.0,,,,True,True,UNKNOWN,False,False,NPB,2026-03-11 13:00:00,1,,,0,
2021040063,2026-03-11 13:00:00,横浜DeNAベイスターズ,広島東洋カープ,4.0,6.0,UNKNOWN,横浜スタジアム,excluded,high,False,False,1600123,1200062,[],[],,,,,0,light,2026-03-11T04:00:00+00:00,,UNKNOWN,,,,UNKNOWN,UNKNOWN,,UNKNOWN,,1.8,1.4,7.2,0.0,0.0,1.6,5.0,1.0,7.0,0.0,0.0,4.0,,,,4.909090909090909,1.9090909090909092,7.363636363636364,4.909090909090909,0.0,3.2,3.6666666666666665,2.0,5.0,0.0,2.0,3.0,,,,True,True,UNKNOWN,False,False,NPB,2026-03-11 13:00:00,1,,,0,
2021040065,2026-03-11 13:00:00,阪神タイガース,埼玉西武ライオンズ,4.0,1.0,UNKNOWN,阪神甲子園球場,excluded,high,False,False,1700125,2117460,[],[],,,,,0,light,2026-03-11T04:00:00+00:00,,UNKNOWN,,,,UNKNOWN,UNKNOWN,,UNKNOWN,,4.5,1.5,9.0,2.25,0.0,1.9500000000000002,4.0,2.0,5.0,0.0,1.0,4.0,,,,2.25,1.0,13.5,2.25,0.0,0.9500000000000002,4.0,1.0,3.0,0.0,1.0,6.0,,,,True,True,UNKNOWN,False,False,NPB,2026-03-11 13:00:00,1,,,0,
2021040064,2026-03-11 18:00:00,中日ドラゴンズ,東京ヤクルトスワローズ,3.0,1.0,UNKNOWN,バンテリンドーム ナゴヤ,unknown,low,False,False,1900024,2100410,[],[],,,,,0,light,2026-03-11T09:00:00+00:00,,UNKNOWN,,,,UNKNOWN,UNKNOWN,,UNKNOWN,,0.0,1.0,11.25,9.0,0.0,3.7,4.0,0.0,0.0,0.0,4.0,5.0,,,,0.0,1.2,3.6,3.6,0.0,3.6,5.0,0.0,4.0,0.0,2.0,2.0,,,,True,True,UNKNOWN,False,False,NPB,2026-03-11 18:00:00,1,,,0,
2021040066,2026-03-11 18:00:00,福岡ソフトバンクホークス,読売ジャイアンツ,15.0,2.0,UNKNOWN,みずほPayPayドーム福岡,excluded,high,False,False,2117509,1550517,[],[],,,,,0,light,2026-03-11T09:00:00+00:00,,UNKNOWN,,,,UNKNOWN,UNKNOWN,,UNKNOWN,,45.0,3.0,9.0,9.0,9.0,17.2,1.0,5.0,2.0,1.0,1.0,1.0,,,,4.153846153846154,1.153846153846154,6.230769230769231,2.076923076923077,0.0,2.5076923076923077,4.333333333333333,2.0,4.0,0.0,1.0,3.0,,,,True,True,UNKNOWN,False,False,NPB,2026-03-11 18:00:00,1,,,0,
2021040067,2026-03-12 13:00:00,東北楽天ゴールデンイーグルス,北海道日本ハムファイターズ,1.0,2.0,UNKNOWN,静岡県草薙総合運動場硬式野球場,excluded,high,False,False,2117491,1600101,[],[],,,,,0,light,2026-03-12T04:00:00+00:00,,UNKNOWN,,,,UNKNOWN,UNKNOWN,,UNKNOWN,,2.25,1.0,4.5,2.25,0.0,2.95,4.0,1.0,3.0,0.0,1.0,2.0,,,,3.6,1.0,3.6,1.8,0.0,3.0,5.0,2.0,4.0,0.0,1.0,2.0,,,,True,True,UNKNOWN,False,False,NPB,2026-03-12 13:00:00,1,,,0,
2021040068,2026-03-12 13:00:00,横浜DeNAベイスターズ,広島東洋カープ,0.0,4.0,UNKNOWN,横浜スタジアム,excluded,high,False,False,2000060,1650915,[],[],,,,,0,light,2026-03-12T04:00:00+00:00,,UNKNOWN,,,,UNKNOWN,UNKNOWN,,UNKNOWN,,0.0,1.0,9.0,0.0,0.0,1.2000000000000002,5.0,0.0,5.0,0.0,0.0,5.0,,,,4.5,1.0,4.5,0.0,2.25,5.45,4.0,2.0,4.0,1.0,0.0,2.0,,,,True,True,UNKNOWN,False,False,NPB,2026-03-12 13:00:00,1,,,0,
2021040069,2026-03-12 18:00:00,福岡ソフトバンクホークス,読売ジャイアンツ,0.0,1.0,UNKNOWN,みずほPayPayドーム福岡,excluded,high,False,False,2119000,1100099,[],[],,,,,0,light,2026-03-12T09:00:00+00:00,,UNKNOWN,,,,UNKNOWN,UNKNOWN,,UNKNOWN,,0.0,0.8,7.2,1.8,0.0,2.2,5.0,0.0,3.0,0.0,1.0,4.0,,,,1.3499999999999999,1.05,9.45,1.3499999999999999,0.0,1.5500000000000003,6.666666666666667,1.0,6.0,0.0,1.0,7.0,,,,True,True,UNKNOWN,False,False,NPB,2026-03-12 18:00:00,1,,,0,
2021040070,2026-03-13 13:00:00,千葉ロッテマリーンズ,埼玉西武ライオンズ,3.0,2.0,UNKNOWN,ZOZOマリンスタジアム,excluded,high,False,False,2105080,2100442,[],[],,,,,0,light,2026-03-13T04:00:00+00:00,,UNKNOWN,,,,UNKNOWN,UNKNOWN,,UNKNOWN,,0.0,0.75,4.5,0.0,0.0,2.2,4.0,0.0,3.0,0.0,0.0,2.0,,,,4.5,1.0,4.5,2.25,2.25,6.2,4.0,2.0,3.0,1.0,1.0,2.0,,,,True,True,UNKNOWN,False,False,NPB,2026-03-13 13:00:00,1,,,0,
2021040071,2026-03-13 15:00:00,東京ヤクルトスワローズ,オリックス・バファローズ,11.0,0.0,UNKNOWN,明治神宮野球場,unknown,low,False,False,1600150,2103794,[],[],,,,,0,light,2026-03-13T06:00:00+00:00,,UNKNOWN,,,,UNKNOWN,UNKNOWN,,UNKNOWN,,1.8,1.4,7.2,3.6,0.0,2.8000000000000003,5.0,1.0,5.0,0.0,2.0,4.0,,,,0.0,1.4,7.2,1.8,0.0,2.2,5.0,0.0,6.0,0.0,1.0,4.0,,,,True,True,UNKNOWN,False,False,NPB,2026-03-13 15:00:00,1,,,0,
2021040072,2026-03-13 18:00:00,中日ドラゴンズ,東北楽天ゴールデンイーグルス,4.0,10.0,UNKNOWN,バンテリンドーム ナゴヤ,excluded,high,False,False,2106793,1600106,[],[],,,,,0,light,2026-03-13T09:00:00+00:00,,UNKNOWN,,,,UNKNOWN,UNKNOWN,,UNKNOWN,,3.857142857142857,0.8571428571428571,11.571428571428571,1.2857142857142858,1.2857142857142858,2.9142857142857146,7.0,3.0,5.0,1.0,1.0,9.0,,,,14.4,2.2,3.6,3.6,5.4,11.399999999999999,5.0,8.0,9.0,3.0,2.0,2.0,,,,True,True,UNKNOWN,False,False,NPB,2026-03-13 18:00:00,1,,,0,
2021040073,2026-03-14 13:00:00,千葉ロッテマリーンズ,埼玉西武ライオンズ,1.0,0.0,UNKNOWN,ZOZOマリンスタジアム,excluded,high,False,False,1700124,2102758,[],[],,,,,0,light,2026-03-14T04:00:00+00:00,,UNKNOWN,,,,UNKNOWN,UNKNOWN,,UNKNOWN,,0.0,0.5,6.75,0.0,0.0,1.7000000000000002,4.0,0.0,2.0,0.0,0.0,3.0,,,,0.0,0.8,9.0,1.8,0.0,1.8000000000000003,5.0,0.0,3.0,0.0,1.0,5.0,,,,True,True,UNKNOWN,False,False,NPB,2026-03-14 13:00:00,1,,,0,
2021040076,2026-03-14 13:00:00,横浜DeNAベイスターズ,福岡ソフトバンクホークス,5.0,2.0,UNKNOWN,横浜スタジアム,excluded,high,False,False,2107909,1700058,[],[],,,,,0,light,2026-03-14T04:00:00+00:00,,UNKNOWN,,,,UNKNOWN,UNKNOWN,,UNKNOWN,,1.588235294117647,1.4117647058823528,6.352941176470588,1.588235294117647,0.0,2.3176470588235296,5.666666666666667,1.0,7.0,0.0,1.0,4.0,,,,2.25,1.0,2.25,2.25,0.0,3.45,4.0,1.0,3.0,0.0,1.0,1.0,,,,True,True,UNKNOWN,False,False,NPB,2026-03-14 13:00:00,1,,,0,
2021040078,2026-03-14 13:00:00,広島東洋カープ,阪神タイガース,1.0,7.0,UNKNOWN,MAZDA Zoom-Zoom スタジアム広島,excluded,high,False,False,1700078,1950429,[],[],,,,,0,light,2026-03-14T04:00:00+00:00,,UNKNOWN,,,,UNKNOWN,UNKNOWN,,UNKNOWN,,0.0,1.0,10.8,1.8,0.0,1.4000000000000001,5.0,0.0,4.0,0.0,1.0,6.0,,,,5.4,1.0,3.6,1.8,3.6,8.2,5.0,3.0,4.0,2.0,1.0,2.0,,,,True,True,UNKNOWN,False,False,NPB,2026-03-14 13:00:00,1,,,0,
2021040077,2026-03-14 14:00:00,中日ドラゴンズ,東北楽天ゴールデンイーグルス,4.0,4.0,UNKNOWN,バンテリンドーム ナゴヤ,excluded,high,False,False,1900117,1200098,[],[],,,,,0,light,2026-03-14T05:00:00+00:00,,UNKNOWN,,,,UNKNOWN,UNKNOWN,,UNKNOWN,,5.4,0.8,5.4,1.8,3.6,7.8,5.0,3.0,3.0,2.0,1.0,3.0,,,,8.307692307692308,3.230769230769231,8.307692307692308,8.307692307692308,2.076923076923077,7.1230769230769235,4.333333333333333,4.0,10.0,1.0,4.0,4.0,,,,True,True,UNKNOWN,False,False,NPB,2026-03-14 14:00:00,1,,,0,
2021040075,2026-03-14 15:00:00,東京ヤクルトスワローズ,オリックス・バファローズ,0.0,4.0,UNKNOWN,明治神宮野球場,excluded,high,False,False,1300058,2000025,[],[],,,,,0,light,2026-03-14T06:00:00+00:00,,UNKNOWN,,,,UNKNOWN,UNKNOWN,,UNKNOWN,,0.0,0.6666666666666666,7.5,1.5,0.0,2.033333333333333,6.0,0.0,3.0,0.0,1.0,5.0,,,,5.4,2.0,3.6,3.6,0.0,3.6,5.0,3.0,8.0,0.0,2.0,2.0,,,,True,True,UNKNOWN,False,False,NPB,2026-03-14 15:00:00,1,,,0,
2021040074,2026-03-14 18:00:00,読売ジャイアンツ,北海道日本ハムファイターズ,1.0,8.0,UNKNOWN,東京ドーム,excluded,high,False,False,2111822,1961886,[],[],,,,,0,light,2026-03-14T09:00:00+00:00,,UNKNOWN,,,,UNKNOWN,UNKNOWN,,UNKNOWN,,1.588235294117647,1.2352941176470587,11.117647058823529,3.176470588235294,0.0,1.7882352941176474,5.666666666666667,1.0,5.0,0.0,2.0,7.0,,,,3.0,1.0,9.0,0.0,3.0,5.533333333333333,3.0,1.0,3.0,1.0,0.0,3.0,,,,True,True,UNKNOWN,False,False,NPB,2026-03-14 18:00:00,1,,,0,
2021040079,2026-03-15 13:00:00,千葉ロッテマリーンズ,埼玉西武ライオンズ,4.0,5.0,UNKNOWN,ZOZOマリンスタジアム,unknown,low,False,False,1800080,1800052,[],[],,,,,0,light,2026-03-15T04:00:00+00:00,,UNKNOWN,,,,UNKNOWN,UNKNOWN,,UNKNOWN,,4.5,0.75,6.75,0.0,2.25,4.95,4.0,2.0,3.0,1.0,0.0,3.0,,,,7.7142857142857135,1.7142857142857142,9.642857142857142,1.9285714285714284,1.9285714285714284,4.485714285714286,4.666666666666667,4.0,7.0,1.0,1.0,5.0,,,,True,True,UNKNOWN,False,False,NPB,2026-03-15 13:00:00,1,,,0,
2021040081,2026-03-15 13:00:00,東京ヤクルトスワローズ,オリックス・バファローズ,3.0,3.0,UNKNOWN,明治神宮野球場,excluded,high,False,False,1700109,1300045,[],[],,,,,0,light,2026-03-15T04:00:00+00:00,,UNKNOWN,,,,UNKNOWN,UNKNOWN,,UNKNOWN,,6.75,1.75,4.5,6.75,0.0,4.45,4.0,3.0,4.0,0.0,3.0,2.0,,,,1.9285714285714284,1.0714285714285714,11.571428571428571,3.8571428571428568,0.0,1.9142857142857146,4.666666666666667,1.0,3.0,0.0,2.0,6.0,,,,True,True,UNKNOWN,False,False,NPB,2026-03-15 13:00:00,1,,,0,
2021040082,2026-03-15 13:00:00,横浜DeNAベイスターズ,福岡ソフトバンクホークス,5.0,0.0,UNKNOWN,横浜スタジアム,excluded,high,False,False,1900010,2100109,[],[],,,,,0,light,2026-03-15T04:00:00+00:00,,UNKNOWN,,,,UNKNOWN,UNKNOWN,,UNKNOWN,,0.0,0.6666666666666666,4.5,0.0,0.0,2.2,6.0,0.0,4.0,0.0,0.0,3.0,,,,0.0,0.6666666666666666,6.0,3.0,0.0,2.8666666666666667,3.0,0.0,1.0,0.0,1.0,2.0,,,,True,True,UNKNOWN,False,False,NPB,2026-03-15 13:00:00,1,,,0,
2021040084,2026-03-15 13:00:00,広島東洋カープ,阪神タイガース,1.0,0.0,UNKNOWN,MAZDA Zoom-Zoom スタジアム広島,unknown,low,False,False,900062,2103788,[],[],,,,,0,light,2026-03-15T04:00:00+00:00,,UNKNOWN,,,,UNKNOWN,UNKNOWN,,UNKNOWN,,0.0,1.0,6.75,2.25,0.0,2.45,4.0,0.0,3.0,0.0,1.0,3.0,,,,0.0,1.2,5.4,3.6,0.0,3.2,5.0,0.0,4.0,0.0,2.0,3.0,,,,True,True,UNKNOWN,False,False,NPB,2026-03-15 13:00:00,1,,,0,
2021040083,2026-03-15 13:30:00,中日ドラゴンズ,東北楽天ゴールデンイーグルス,4.0,0.0,UNKNOWN,バンテリンドーム ナゴヤ,excluded,high,False,False,2110316,500014,[],[],,,,,0,light,2026-03-15T04:30:00+00:00,,UNKNOWN,,,,UNKNOWN,UNKNOWN,,UNKNOWN,,4.5,1.0,7.5,3.0,1.5,4.7,6.0,3.0,4.0,1.0,2.0,5.0,,,,0.0,1.0,7.2,5.4,0.0,3.4000000000000004,5.0,0.0,2.0,0.0,3.0,4.0,,,,True,True,UNKNOWN,False,False,NPB,2026-03-15 13:30:00,1,,,0,
2021040080,2026-03-15 14:00:00,読売ジャイアンツ,北海道日本ハムファイターズ,8.0,1.0,UNKNOWN,東京ドーム,excluded,high,False,False,1400117,1200117,[],[],,,,,0,light,2026-03-15T05:00:00+00:00,,UNKNOWN,,,,UNKNOWN,UNKNOWN,,UNKNOWN,,8.4375,1.6875,11.8125,5.0625,3.375,7.1375,5.333333333333333,5.0,6.0,2.0,3.0,7.0,,,,0.0,1.6,10.8,1.8,0.0,1.4000000000000001,5.0,0.0,7.0,0.0,1.0,6.0,,,,True,True,UNKNOWN,False,False,NPB,2026-03-15 14:00:00,1,,,0,
2021040087,2026-03-17 13:00:00,千葉ロッテマリーンズ,阪神タイガース,4.0,2.0,UNKNOWN,ZOZOマリンスタジアム,unknown,low,False,False,1600115,900081,[],[],,,,,0,light,2026-03-17T04:00:00+00:00,,UNKNOWN,,,,UNKNOWN,UNKNOWN,,UNKNOWN,,1.8,0.6,10.8,1.8,1.8,4.0,5.0,1.0,2.0,1.0,1.0,6.0,,,,1.8,0.8,5.4,3.6,1.8,5.800000000000001,5.0,1.0,2.0,1.0,2.0,3.0,,,,True,True,UNKNOWN,False,False,NPB,2026-03-17 13:00:00,1,,,0,
2021040085,2026-03-17 18:00:00,北海道日本ハムファイターズ,横浜DeNAベイスターズ,5.0,5.0,UNKNOWN,エスコンフィールドHOKKAIDO,excluded,high,False,False,1960901,2107859,[],[],,,,,0,light,2026-03-17T09:00:00+00:00,,UNKNOWN,,,,UNKNOWN,UNKNOWN,,UNKNOWN,,6.75,1.25,9.0,4.5,2.25,5.95,4.0,3.0,3.0,1.0,2.0,4.0,,,,5.4,1.4,3.6,0.0,1.8,5.0,5.0,3.0,7.0,1.0,0.0,2.0,,,,True,True,UNKNOWN,False,False,NPB,2026-03-17 18:00:00,1,,,0,
2021040086,2026-03-17 18:00:00,埼玉西武ライオンズ,東北楽天ゴールデンイーグルス,0.0,0.0,UNKNOWN,ベルーナドーム,excluded,high,False,False,700049,1400182,[],[],,,,,0,light,2026-03-17T09:00:00+00:00,,UNKNOWN,,,,UNKNOWN,UNKNOWN,,UNKNOWN,,0.0,0.16666666666666666,9.0,0.0,0.0,1.2000000000000002,6.0,0.0,1.0,0.0,0.0,6.0,,,,0.0,1.0,4.5,4.5,0.0,3.7,4.0,0.0,2.0,0.0,2.0,2.0,,,,True,True,UNKNOWN,False,False,NPB,2026-03-17 18:00:00,1,,,0,
2021040088,2026-03-17 18:00:00,読売ジャイアンツ,東京ヤクルトスワローズ,3.0,2.0,UNKNOWN,東京ドーム,excluded,high,False,False,1750696,1800028,[],[],,,,,0,light,2026-03-17T09:00:00+00:00,,UNKNOWN,,,,UNKNOWN,UNKNOWN,,UNKNOWN,,2.076923076923077,2.076923076923077,2.076923076923077,6.230769230769231,2.076923076923077,7.815384615384616,4.333333333333333,1.0,6.0,1.0,3.0,1.0,,,,3.6,1.2,5.4,1.8,1.8,5.2,5.0,2.0,5.0,1.0,1.0,3.0,,,,True,True,UNKNOWN,False,False,NPB,2026-03-17 18:00:00,1,,,0,
2021040089,2026-03-17 18:00:00,オリックス・バファローズ,広島東洋カープ,2.0,1.0,UNKNOWN,京セラドーム大阪,excluded,high,False,False,1900052,2108148,[],[],,,,,0,light,2026-03-17T09:00:00+00:00,,UNKNOWN,,,,UNKNOWN,UNKNOWN,,UNKNOWN,,3.6,1.6,9.0,3.6,0.0,2.4000000000000004,5.0,2.0,6.0,0.0,2.0,5.0,,,,0.0,1.0,3.6,3.6,0.0,3.6,5.0,0.0,3.0,0.0,2.0,2.0,,,,True,True,UNKNOWN,False,False,NPB,2026-03-17 18:00:00,1,,,0,
2021040090,2026-03-17 18:00:00,福岡ソフトバンクホークス,中日ドラゴンズ,5.0,1.0,UNKNOWN,みずほPayPayドーム福岡,excluded,high,False,False,1000138,1900106,[],[],,,,,0,light,2026-03-17T09:00:00+00:00,,UNKNOWN,,,,UNKNOWN,UNKNOWN,,UNKNOWN,,4.05,0.75,6.75,0.0,1.3499999999999999,3.6500000000000004,6.666666666666667,3.0,5.0,1.0,0.0,5.0,,,,1.4210526315789473,0.6315789473684211,7.105263157894737,0.0,0.0,1.6210526315789475,6.333333333333333,1.0,4.0,0.0,0.0,5.0,,,,True,True,UNKNOWN,False,False,NPB,2026-03-17 18:00:00,1,,,0,
2021040093,2026-03-18 13:00:00,千葉ロッテマリーンズ,阪神タイガース,2.0,6.0,UNKNOWN,ZOZOマリンスタジアム,unknown,low,False,False,2117268,2111821,[],[],,,,,0,light,2026-03-18T04:00:00+00:00,,UNKNOWN,,,,UNKNOWN,UNKNOWN,,UNKNOWN,,3.6,1.6,5.4,3.6,0.0,3.2,5.0,2.0,6.0,0.0,2.0,3.0,,,,5.4,1.0,5.4,0.0,1.8,4.6,5.0,3.0,5.0,1.0,0.0,3.0,,,,True,True,UNKNOWN,False,False,NPB,2026-03-18 13:00:00,1,,,0,
2021040091,2026-03-18 18:00:00,北海道日本ハムファイターズ,横浜DeNAベイスターズ,3.0,2.0,UNKNOWN,エスコンフィールドHOKKAIDO,excluded,high,False,False,2117281,1500110,[],[],,,,,0,light,2026-03-18T09:00:00+00:00,,UNKNOWN,,,,UNKNOWN,UNKNOWN,,UNKNOWN,,6.230769230769231,1.3846153846153848,12.461538461538462,2.076923076923077,4.153846153846154,7.1230769230769235,4.333333333333333,3.0,5.0,2.0,1.0,6.0,,,,2.5714285714285716,0.7142857142857143,0.0,0.0,0.0,3.2,7.0,2.0,5.0,0.0,0.0,0.0,,,,True,True,UNKNOWN,False,False,NPB,2026-03-18 18:00:00,1,,,0,
2021040092,2026-03-18 18:00:00,埼玉西武ライオンズ,東北楽天ゴールデンイーグルス,7.0,5.0,UNKNOWN,ベルーナドーム,excluded,high,False,False,1560256,1800081,[],[],,,,,0,light,2026-03-18T09:00:00+00:00,,UNKNOWN,,,,UNKNOWN,UNKNOWN,,UNKNOWN,,15.75,2.0,6.75,2.25,0.0,2.45,4.0,7.0,7.0,0.0,1.0,3.0,,,,3.0,0.8333333333333334,7.5,0.0,1.5,3.7,6.0,2.0,5.0,1.0,0.0,5.0,,,,True,True,UNKNOWN,False,False,NPB,2026-03-18 18:00:00,1,,,0,
2021040094,2026-03-18 18:00:00,読売ジャイアンツ,東京ヤクルトスワローズ,8.0,0.0,UNKNOWN,東京ドーム,excluded,high,False,False,1900024,700069,[],[],,,,,0,light,2026-03-18T09:00:00+00:00,,UNKNOWN,,,,UNKNOWN,UNKNOWN,,UNKNOWN,,1.8,1.2,9.0,0.0,0.0,1.2000000000000002,5.0,1.0,6.0,0.0,0.0,5.0,,,,0.0,0.4,5.4,1.8,0.0,2.6,5.0,0.0,1.0,0.0,1.0,3.0,,,,True,True,UNKNOWN,False,False,NPB,2026-03-18 18:00:00,1,,,0,
2021040095,2026-03-18 18:00:00,オリックス・バファローズ,広島東洋カープ,3.0,2.0,UNKNOWN,京セラドーム大阪,excluded,high,False,False,2114807,2108177,[],[],,,,,0,light,2026-03-18T09:00:00+00:00,,UNKNOWN,,,,UNKNOWN,UNKNOWN,,UNKNOWN,,5.4,1.0,3.6,1.8,1.8,5.6,5.0,3.0,4.0,1.0,1.0,2.0,,,,1.8,0.6,7.2,1.8,0.0,2.2,5.0,1.0,2.0,0.0,1.0,4.0,,,,True,True,UNKNOWN,False,False,NPB,2026-03-18 18:00:00,1,,,0,
2021040096,2026-03-18 18:00:00,福岡ソフトバンクホークス,中日ドラゴンズ,3.0,5.0,UNKNOWN,みずほPayPayドーム福岡,unknown,low,False,False,1951008,2100596,[],[],,,,,0,light,2026-03-18T09:00:00+00:00,,UNKNOWN,,,,UNKNOWN,UNKNOWN,,UNKNOWN,,1.588235294117647,1.0588235294117647,7.941176470588235,3.176470588235294,0.0,2.4941176470588236,5.666666666666667,1.0,4.0,0.0,2.0,5.0,,,,1.588235294117647,0.8823529411764706,11.117647058823529,3.176470588235294,1.588235294117647,4.08235294117647,5.666666666666667,1.0,3.0,1.0,2.0,7.0,,,,True,True,UNKNOWN,False,False,NPB,2026-03-18 18:00:00,1,,,0,
2021040098,2026-03-20 13:00:00,埼玉西武ライオンズ,横浜DeNAベイスターズ,4.0,1.0,UNKNOWN,ベルーナドーム,excluded,high,False,False,1700058,2105080,[],[],,,,,0,light,2026-03-20T04:00:00+00:00,,UNKNOWN,,,,UNKNOWN,UNKNOWN,,UNKNOWN,,1.4210526315789473,0.6315789473684211,5.684210526315789,2.8421052631578947,0.0,2.8842105263157896,6.333333333333333,1.0,2.0,0.0,2.0,4.0,,,,1.5,1.0,13.5,3.0,0.0,1.2000000000000002,6.0,1.0,4.0,0.0,2.0,9.0,,,,True,True,UNKNOWN,False,False,NPB,2026-03-20 13:00:00,1,,,0,
2021040097,2026-03-20 14:00:00,北海道日本ハムファイターズ,東京ヤクルトスワローズ,1.0,1.0,UNKNOWN,エスコンフィールドHOKKAIDO,excluded,high,False,False,2103794,2050307,[],[],,,,,0,light,2026-03-20T05:00:00+00:00,,UNKNOWN,,,,UNKNOWN,UNKNOWN,,UNKNOWN,,0.0,1.2631578947368423,4.2631578947368425,1.4210526315789473,0.0,2.7263157894736842,6.333333333333333,0.0,7.0,0.0,1.0,3.0,,,,0.0,0.25,6.75,0.0,0.0,1.7000000000000002,4.0,0.0,1.0,0.0,0.0,3.0,,,,True,True,UNKNOWN,False,False,NPB,2026-03-20 14:00:00,1,,,0,
2021040100,2026-03-20 14:00:00,中日ドラゴンズ,千葉ロッテマリーンズ,4.0,3.0,UNKNOWN,バンテリンドーム ナゴヤ,unknown,low,False,False,2100442,1600106,[],[],,,,,0,light,2026-03-20T05:00:00+00:00,,UNKNOWN,,,,UNKNOWN,UNKNOWN,,UNKNOWN,,8.307692307692308,2.5384615384615388,4.153846153846154,8.307692307692308,2.076923076923077,8.046153846153846,4.333333333333333,4.0,7.0,1.0,4.0,2.0,,,,6.0,2.0,15.0,6.0,3.0,6.2,3.0,2.0,4.0,1.0,2.0,5.0,,,,True,True,UNKNOWN,False,False,NPB,2026-03-20 14:00:00,1,,,0,
2021040102,2026-03-20 14:00:00,福岡ソフトバンクホークス,広島東洋カープ,4.0,3.0,UNKNOWN,みずほPayPayドーム福岡,excluded,high,False,False,1600123,1100099,[],[],,,,,0,light,2026-03-20T05:00:00+00:00,,UNKNOWN,,,,UNKNOWN,UNKNOWN,,UNKNOWN,,6.0,1.3333333333333333,9.0,3.0,0.0,2.2,3.0,2.0,3.0,0.0,1.0,3.0,,,,6.75,1.5,16.875,3.375,0.0,0.5750000000000002,2.6666666666666665,2.0,3.0,0.0,1.0,5.0,,,,True,True,UNKNOWN,False,False,NPB,2026-03-20 14:00:00,1,,,0,
2021040099,2026-03-20 18:00:00,読売ジャイアンツ,東北楽天ゴールデンイーグルス,2.0,1.0,UNKNOWN,東京ドーム,excluded,high,False,False,2106793,2118993,[],[],,,,,0,light,2026-03-20T09:00:00+00:00,,UNKNOWN,,,,UNKNOWN,UNKNOWN,,UNKNOWN,,0.0,1.0,11.25,4.5,0.0,2.2,4.0,0.0,2.0,0.0,2.0,5.0,,,,1.8,1.0,10.8,3.6,1.8,4.6,5.0,1.0,3.0,1.0,2.0,6.0,,,,True,True,UNKNOWN,False,False,NPB,2026-03-20 18:00:00,1,,,0,
2021040101,2026-03-20 18:00:00,オリックス・バファローズ,阪神タイガース,2.0,6.0,UNKNOWN,京セラドーム大阪,excluded,high,False,False,2000055,2102649,[],[],,,,,0,light,2026-03-20T09:00:00+00:00,,UNKNOWN,,,,UNKNOWN,UNKNOWN,,UNKNOWN,,1.5,0.5,9.0,0.0,0.0,1.2000000000000002,6.0,1.0,3.0,0.0,0.0,6.0,,,,27.0,4.5,6.75,6.75,0.0,3.95,1.3333333333333333,4.0,5.0,0.0,1.0,1.0,,,,True,True,UNKNOWN,False,False,NPB,2026-03-20 18:00:00,1,,,0,
2021040104,2026-03-21 13:00:00,埼玉西武ライオンズ,横浜DeNAベイスターズ,1.0,7.0,UNKNOWN,ベルーナドーム,excluded,high,False,False,1300031,1700124,[],[],,,,,0,light,2026-03-21T04:00:00+00:00,,UNKNOWN,,,,UNKNOWN,UNKNOWN,,UNKNOWN,,0.0,1.0,0.0,2.25,0.0,3.95,4.0,0.0,3.0,0.0,1.0,0.0,,,,3.6,1.8,3.6,9.0,0.0,5.4,5.0,2.0,4.0,0.0,5.0,2.0,,,,True,True,UNKNOWN,False,False,NPB,2026-03-21 13:00:00,1,,,0,
2021040108,2026-03-21 13:00:00,福岡ソフトバンクホークス,広島東洋カープ,5.0,7.0,UNKNOWN,みずほPayPayドーム福岡,excluded,high,False,False,2108238,2107909,[],[],,,,,0,light,2026-03-21T04:00:00+00:00,,UNKNOWN,,,,UNKNOWN,UNKNOWN,,UNKNOWN,,5.4,1.6,9.0,0.0,0.0,1.2000000000000002,5.0,3.0,8.0,0.0,0.0,5.0,,,,0.0,0.6666666666666666,6.0,0.0,0.0,1.866666666666667,3.0,0.0,2.0,0.0,0.0,2.0,,,,True,True,UNKNOWN,False,False,NPB,2026-03-21 13:00:00,1,,,0,
2021040103,2026-03-21 14:00:00,北海道日本ハムファイターズ,東京ヤクルトスワローズ,3.0,4.0,UNKNOWN,エスコンフィールドHOKKAIDO,excluded,high,False,False,2000025,2000079,[],[],,,,,0,light,2026-03-21T05:00:00+00:00,,UNKNOWN,,,,UNKNOWN,UNKNOWN,,UNKNOWN,,3.0,1.5,4.5,3.0,0.0,3.2,6.0,2.0,7.0,0.0,2.0,3.0,,,,3.6,0.8,14.4,1.8,1.8,3.2,5.0,2.0,3.0,1.0,1.0,8.0,,,,True,True,UNKNOWN,False,False,NPB,2026-03-21 14:00:00,1,,,0,
2021040105,2026-03-21 14:00:00,読売ジャイアンツ,東北楽天ゴールデンイーグルス,3.0,0.0,UNKNOWN,東京ドーム,excluded,high,False,False,1900117,1961886,[],[],,,,,0,light,2026-03-21T05:00:00+00:00,,UNKNOWN,,,,UNKNOWN,UNKNOWN,,UNKNOWN,,2.25,1.75,6.75,6.75,2.25,7.2,4.0,1.0,4.0,1.0,3.0,3.0,,,,0.0,0.8,7.2,1.8,0.0,2.2,5.0,0.0,3.0,0.0,1.0,4.0,,,,True,True,UNKNOWN,False,False,NPB,2026-03-21 14:00:00,1,,,0,
2021040106,2026-03-21 14:00:00,中日ドラゴンズ,千葉ロッテマリーンズ,2.0,2.0,UNKNOWN,バンテリンドーム ナゴヤ,excluded,high,False,False,2102758,2100410,[],[],,,,,0,light,2026-03-21T05:00:00+00:00,,UNKNOWN,,,,UNKNOWN,UNKNOWN,,UNKNOWN,,3.6,1.6,7.2,0.0,1.8,4.2,5.0,2.0,8.0,1.0,0.0,4.0,,,,0.0,0.8,10.8,1.8,0.0,1.4000000000000001,5.0,0.0,3.0,0.0,1.0,6.0,,,,True,True,UNKNOWN,False,False,NPB,2026-03-21 14:00:00,1,,,0,
2021040107,2026-03-21 14:00:00,阪神タイガース,オリックス・バファローズ,1.0,0.0,UNKNOWN,京セラドーム大阪,excluded,high,False,False,1300058,1700078,[],[],,,,,0,light,2026-03-21T05:00:00+00:00,,UNKNOWN,,,,UNKNOWN,UNKNOWN,,UNKNOWN,,2.25,1.0,2.25,4.5,0.0,4.2,4.0,1.0,2.0,0.0,2.0,1.0,,,,0.0,0.6,10.8,1.8,0.0,1.4000000000000001,5.0,0.0,2.0,0.0,1.0,6.0,,,,True,True,UNKNOWN,False,False,NPB,2026-03-21 14:00:00,1,,,0,
2021040109,2026-03-22 13:00:00,北海道日本ハムファイターズ,東京ヤクルトスワローズ,1.0,1.0,UNKNOWN,エスコンフィールドHOKKAIDO,excluded,high,False,False,1200076,1400117,[],[],,,,,0,light,2026-03-22T04:00:00+00:00,,UNKNOWN,,,,UNKNOWN,UNKNOWN,,UNKNOWN,,1.8,1.6,5.4,3.6,0.0,3.2,5.0,1.0,6.0,0.0,2.0,3.0,,,,0.0,0.25,11.25,0.0,0.0,0.7000000000000002,4.0,0.0,1.0,0.0,0.0,5.0,,,,True,True,UNKNOWN,False,False,NPB,2026-03-22 13:00:00,1,,,0,
2021040110,2026-03-22 13:00:00,埼玉西武ライオンズ,横浜DeNAベイスターズ,2.0,4.0,UNKNOWN,ベルーナドーム,excluded,high,False,False,2112182,1751148,[],[],,,,,0,light,2026-03-22T04:00:00+00:00,,UNKNOWN,,,,UNKNOWN,UNKNOWN,,UNKNOWN,,0.0,0.4,1.8,0.0,0.0,2.8000000000000003,5.0,0.0,2.0,0.0,0.0,1.0,,,,0.0,0.5,4.5,2.25,0.0,2.95,4.0,0.0,1.0,0.0,1.0,2.0,,,,True,True,UNKNOWN,False,False,NPB,2026-03-22 13:00:00,1,,,0,
2021040113,2026-03-22 13:00:00,オリックス・バファローズ,阪神タイガース,1.0,0.0,UNKNOWN,京セラドーム大阪,excluded,high,False,False,1850363,1750543,[],[],,,,,0,light,2026-03-22T04:00:00+00:00,,UNKNOWN,,,,UNKNOWN,UNKNOWN,,UNKNOWN,,0.0,0.8,1.8,1.8,0.0,3.4000000000000004,5.0,0.0,3.0,0.0,1.0,1.0,,,,0.0,0.8,10.8,1.8,0.0,1.4000000000000001,5.0,0.0,3.0,0.0,1.0,6.0,,,,True,True,UNKNOWN,False,False,NPB,2026-03-22 13:00:00,1,,,0,
2021040112,2026-03-22 13:30:00,中日ドラゴンズ,千葉ロッテマリーンズ,6.0,2.0,UNKNOWN,バンテリンドーム ナゴヤ,excluded,high,False,False,1800052,2100961,[],[],,,,,0,light,2026-03-22T04:30:00+00:00,,UNKNOWN,,,,UNKNOWN,UNKNOWN,,UNKNOWN,,13.5,2.75,2.25,6.75,2.25,8.2,4.0,6.0,8.0,1.0,3.0,1.0,,,,1.8,1.2,9.0,1.8,0.0,1.8000000000000003,5.0,1.0,5.0,0.0,1.0,5.0,,,,True,True,UNKNOWN,False,False,NPB,2026-03-22 13:30:00,1,,,0,
2021040111,2026-03-22 14:00:00,読売ジャイアンツ,東北楽天ゴールデンイーグルス,2.0,6.0,UNKNOWN,東京ドーム,excluded,high,False,False,2110493,1200117,[],[],,,,,0,light,2026-03-22T05:00:00+00:00,,UNKNOWN,,,,UNKNOWN,UNKNOWN,,UNKNOWN,,1.9285714285714284,1.0714285714285714,5.785714285714286,3.8571428571428568,0.0,3.2,4.666666666666667,1.0,3.0,0.0,2.0,3.0,,,,4.5,1.75,11.25,2.25,2.25,4.7,4.0,2.0,6.0,1.0,1.0,5.0,,,,True,True,UNKNOWN,False,False,NPB,2026-03-22 14:00:00,1,,,0,
2021040114,2026-03-22 14:00:00,広島東洋カープ,福岡ソフトバンクホークス,5.0,5.0,UNKNOWN,MAZDA Zoom-Zoom スタジアム広島,unknown,low,False,False,1900010,2000060,[],[],,,,,0,light,2026-03-22T05:00:00+00:00,,UNKNOWN,,,,UNKNOWN,UNKNOWN,,UNKNOWN,,11.571428571428571,1.2857142857142856,15.428571428571427,3.8571428571428568,3.8571428571428568,6.628571428571428,2.3333333333333335,3.0,2.0,1.0,1.0,4.0,,,,9.0,1.3333333333333333,12.0,0.0,0.0,0.5333333333333337,3.0,3.0,4.0,0.0,0.0,4.0,,,,True,True,UNKNOWN,False,False,NPB,2026-03-22 14:00:00,1,,,0,
2021038624,2026-03-27 18:00:00,広島東洋カープ,中日ドラゴンズ,6.0,5.0,UNKNOWN,MAZDA Zoom-Zoom スタジアム広島,excluded,high,False,False,1600106,1600123,[],[],,,,,0,light,2026-03-27T09:00:00+00:00,,UNKNOWN,,,,UNKNOWN,UNKNOWN,,UNKNOWN,,1.5,1.1666666666666667,7.5,1.5,0.0,2.033333333333333,6.0,1.0,6.0,0.0,1.0,5.0,,,,3.6,1.8,9.0,0.0,0.0,1.2000000000000002,5.0,2.0,9.0,0.0,0.0,5.0,,,,True,True,UNKNOWN,False,False,NPB,2026-03-27 18:00:00,1,,,0,
2021038622,2026-03-27 18:15:00,読売ジャイアンツ,阪神タイガース,3.0,1.0,UNKNOWN,東京ドーム,excluded,high,False,False,2000055,2118993,[],[],,,,,0,light,2026-03-27T09:15:00+00:00,,UNKNOWN,,,,UNKNOWN,UNKNOWN,,UNKNOWN,,4.5,1.1666666666666667,10.5,3.0,3.0,6.2,6.0,3.0,5.0,2.0,2.0,7.0,,,,1.5,0.8333333333333334,7.5,3.0,0.0,2.5333333333333337,6.0,1.0,3.0,0.0,2.0,5.0,,,,True,True,UNKNOWN,False,False,NPB,2026-03-27 18:15:00,1,,,0,
2021038623,2026-03-27 18:30:00,横浜DeNAベイスターズ,東京ヤクルトスワローズ,2.0,3.0,UNKNOWN,横浜スタジアム,excluded,high,False,False,2103794,1700058,[],[],,,,,0,light,2026-03-27T09:30:00+00:00,,UNKNOWN,,,,UNKNOWN,UNKNOWN,,UNKNOWN,,3.375,0.9375,11.8125,0.0,1.6875,3.0125,5.333333333333333,2.0,5.0,1.0,0.0,7.0,,,,4.5,1.3333333333333333,10.5,6.0,3.0,7.2,6.0,3.0,4.0,2.0,4.0,7.0,,,,True,True,UNKNOWN,False,False,NPB,2026-03-27 18:30:00,1,,,0,
2021038625,2026-03-27 18:30:00,千葉ロッテマリーンズ,埼玉西武ライオンズ,3.0,1.0,UNKNOWN,ZOZOマリンスタジアム,excluded,high,False,False,1800081,2100442,[],[],,,,,0,light,2026-03-27T09:30:00+00:00,,UNKNOWN,,,,UNKNOWN,UNKNOWN,,UNKNOWN,,2.5714285714285716,1.1428571428571428,7.714285714285714,2.5714285714285716,0.0,2.342857142857143,7.0,2.0,6.0,0.0,2.0,6.0,,,,0.0,1.0,3.6,1.8,0.0,3.0,5.0,0.0,4.0,0.0,1.0,2.0,,,,True,True,UNKNOWN,False,False,NPB,2026-03-27 18:30:00,1,,,0,
2021038626,2026-03-27 18:30:00,オリックス・バファローズ,東北楽天ゴールデンイーグルス,0.0,10.0,UNKNOWN,京セラドーム大阪,unknown,low,False,False,2106793,1900087,[],[],,,,,0,light,2026-03-27T09:30:00+00:00,,UNKNOWN,,,,UNKNOWN,UNKNOWN,,UNKNOWN,,0.0,0.5,10.125,0.0,0.0,0.9500000000000002,8.0,0.0,4.0,0.0,0.0,9.0,,,,10.8,5.4,10.8,5.4,0.0,2.6,1.6666666666666665,2.0,8.0,0.0,1.0,2.0,,,,True,True,UNKNOWN,False,False,NPB,2026-03-27 18:30:00,1,,,0,
2021038627,2026-03-27 18:30:00,福岡ソフトバンクホークス,北海道日本ハムファイターズ,6.0,5.0,UNKNOWN,みずほPayPayドーム福岡,excluded,high,False,False,2000079,1100099,[],[],,,,,0,light,2026-03-27T09:30:00+00:00,,UNKNOWN,,,,UNKNOWN,UNKNOWN,,UNKNOWN,,7.941176470588235,1.588235294117647,6.352941176470588,0.0,4.764705882352941,8.670588235294119,5.666666666666667,5.0,9.0,3.0,0.0,4.0,,,,3.6,1.2,9.0,0.0,3.6,6.4,5.0,2.0,6.0,2.0,0.0,5.0,,,,True,True,UNKNOWN,False,False,NPB,2026-03-27 18:30:00,1,,,0,
2021038633,2026-03-28 13:30:00,福岡ソフトバンクホークス,北海道日本ハムファイターズ,6.0,4.0,UNKNOWN,みずほPayPayドーム福岡,excluded,high,False,False,2050307,2107909,[],[],,,,,0,light,2026-03-28T04:30:00+00:00,,UNKNOWN,,,,UNKNOWN,UNKNOWN,,UNKNOWN,,9.642857142857142,1.7142857142857142,7.7142857142857135,3.8571428571428568,0.0,2.771428571428572,4.666666666666667,5.0,6.0,0.0,2.0,4.0,,,,3.0,1.1666666666666667,12.0,1.5,3.0,5.366666666666667,6.0,2.0,6.0,2.0,1.0,8.0,,,,True,True,UNKNOWN,False,False,NPB,2026-03-28 13:30:00,1,,,0,
2021038628,2026-03-28 14:00:00,読売ジャイアンツ,阪神タイガース,0.0,2.0,UNKNOWN,東京ドーム,excluded,high,False,False,1700078,1961886,[],[],,,,,0,light,2026-03-28T05:00:00+00:00,,UNKNOWN,,,,UNKNOWN,UNKNOWN,,UNKNOWN,,0.0,0.5555555555555556,6.0,2.0,0.0,2.5333333333333337,9.0,0.0,3.0,0.0,2.0,6.0,,,,0.0,1.3333333333333333,10.5,6.0,0.0,2.8666666666666667,6.0,0.0,4.0,0.0,4.0,7.0,,,,True,True,UNKNOWN,False,False,NPB,2026-03-28 14:00:00,1,,,0,
2021038629,2026-03-28 14:00:00,横浜DeNAベイスターズ,東京ヤクルトスワローズ,2.0,5.0,UNKNOWN,横浜スタジアム,excluded,high,False,False,2000025,2000034,[],[],,,,,0,light,2026-03-28T05:00:00+00:00,,UNKNOWN,,,,UNKNOWN,UNKNOWN,,UNKNOWN,,2.5714285714285716,1.2857142857142858,5.142857142857143,1.2857142857142858,0.0,2.4857142857142858,7.0,2.0,8.0,0.0,1.0,4.0,,,,9.0,2.0,13.5,6.75,0.0,2.45,4.0,4.0,5.0,0.0,3.0,6.0,,,,True,True,UNKNOWN,False,False,NPB,2026-03-28 14:00:00,1,,,0,
2021038630,2026-03-28 14:00:00,広島東洋カープ,中日ドラゴンズ,2.0,1.0,UNKNOWN,MAZDA Zoom-Zoom スタジアム広島,excluded,high,False,False,2100410,2108238,[],[],,,,,0,light,2026-03-28T05:00:00+00:00,,UNKNOWN,,,,UNKNOWN,UNKNOWN,,UNKNOWN,,0.0,0.7142857142857143,11.571428571428571,2.5714285714285716,0.0,1.485714285714286,7.0,0.0,3.0,0.0,2.0,9.0,,,,0.0,0.7142857142857143,9.0,0.0,0.0,1.2000000000000002,7.0,0.0,5.0,0.0,0.0,7.0,,,,True,True,UNKNOWN,False,False,NPB,2026-03-28 14:00:00,1,,,0,
2021038631,2026-03-28 14:00:00,千葉ロッテマリーンズ,埼玉西武ライオンズ,11.0,0.0,UNKNOWN,ZOZOマリンスタジアム,excluded,high,False,False,2105080,2102758,[],[],,,,,0,light,2026-03-28T05:00:00+00:00,,UNKNOWN,,,,UNKNOWN,UNKNOWN,,UNKNOWN,,7.2,1.4,3.6,0.0,0.0,2.4000000000000004,5.0,4.0,7.0,0.0,0.0,2.0,,,,0.0,0.8333333333333334,7.5,0.0,0.0,1.5333333333333334,6.0,0.0,5.0,0.0,0.0,5.0,,,,True,True,UNKNOWN,False,False,NPB,2026-03-28 14:00:00,1,,,0,
2021038632,2026-03-28 14:00:00,オリックス・バファローズ,東北楽天ゴールデンイーグルス,6.0,0.0,UNKNOWN,京セラドーム大阪,excluded,high,False,False,1900117,1300058,[],[],,,,,0,light,2026-03-28T05:00:00+00:00,,UNKNOWN,,,,UNKNOWN,UNKNOWN,,UNKNOWN,,4.909090909090909,2.181818181818182,9.818181818181818,9.818181818181818,2.4545454545454546,7.836363636363637,3.6666666666666665,2.0,4.0,1.0,4.0,4.0,,,,0.0,0.4444444444444444,12.0,0.0,0.0,0.5333333333333337,9.0,0.0,4.0,0.0,0.0,12.0,,,,True,True,UNKNOWN,False,False,NPB,2026-03-28 14:00:00,1,,,0,
2021038638,2026-03-29 13:00:00,オリックス・バファローズ,東北楽天ゴールデンイーグルス,5.0,4.0,UNKNOWN,京セラドーム大阪,excluded,high,False,False,2110493,1700109,[],[],,,,,0,light,2026-03-29T04:00:00+00:00,,UNKNOWN,,,,UNKNOWN,UNKNOWN,,UNKNOWN,,9.0,3.0,3.0,3.0,0.0,3.5333333333333337,3.0,3.0,8.0,0.0,1.0,1.0,,,,18.0,3.0,0.0,0.0,0.0,3.2,1.0,2.0,3.0,0.0,0.0,0.0,,,,True,True,UNKNOWN,False,False,NPB,2026-03-29 13:00:00,1,,,0,
2021038639,2026-03-29 13:00:00,福岡ソフトバンクホークス,北海道日本ハムファイターズ,8.0,4.0,UNKNOWN,みずほPayPayドーム福岡,excluded,high,False,False,1400117,1900010,[],[],,,,,0,light,2026-03-29T04:00:00+00:00,,UNKNOWN,,,,UNKNOWN,UNKNOWN,,UNKNOWN,,7.5,2.0,7.5,3.0,0.0,2.5333333333333337,6.0,5.0,10.0,0.0,2.0,5.0,,,,5.4,1.4,10.8,3.6,3.6,7.2,5.0,3.0,5.0,2.0,2.0,6.0,,,,True,True,UNKNOWN,False,False,NPB,2026-03-29 13:00:00,1,,,0,
2021038636,2026-03-29 13:30:00,広島東洋カープ,中日ドラゴンズ,1.0,0.0,UNKNOWN,MAZDA Zoom-Zoom スタジアム広島,excluded,high,False,False,2000042,2000060,[],[],,,,,0,light,2026-03-29T04:30:00+00:00,,UNKNOWN,,,,UNKNOWN,UNKNOWN,,UNKNOWN,,0.0,0.875,10.125,1.125,0.0,1.3250000000000002,8.0,0.0,6.0,0.0,1.0,9.0,,,,0.0,0.1111111111111111,9.0,0.0,0.0,1.2000000000000002,9.0,0.0,1.0,0.0,0.0,9.0,,,,True,True,UNKNOWN,False,False,NPB,2026-03-29 13:30:00,1,,,0,
2021038634,2026-03-29 14:00:00,読売ジャイアンツ,阪神タイガース,6.0,12.0,UNKNOWN,東京ドーム,unknown,low,False,False,2000052,2119000,[],[],,,,,0,light,2026-03-29T05:00:00+00:00,,UNKNOWN,,,,UNKNOWN,UNKNOWN,,UNKNOWN,,11.571428571428571,3.0,3.8571428571428568,3.8571428571428568,0.0,3.6285714285714286,2.3333333333333335,3.0,6.0,0.0,1.0,1.0,,,,22.5,3.0,4.5,13.5,0.0,6.7,2.0,5.0,3.0,0.0,3.0,1.0,,,,True,True,UNKNOWN,False,False,NPB,2026-03-29 14:00:00,1,,,0,
2021038635,2026-03-29 14:00:00,横浜DeNAベイスターズ,東京ヤクルトスワローズ,3.0,5.0,UNKNOWN,横浜スタジアム,unknown,low,False,False,1300045,2112182,[],[],,,,,0,light,2026-03-29T05:00:00+00:00,,UNKNOWN,,,,UNKNOWN,UNKNOWN,,UNKNOWN,,1.5,1.1666666666666667,9.0,3.0,1.5,4.366666666666667,6.0,1.0,5.0,1.0,2.0,6.0,,,,5.142857142857143,1.1428571428571428,11.571428571428571,1.2857142857142858,0.0,1.0571428571428574,7.0,4.0,7.0,0.0,1.0,9.0,,,,True,True,UNKNOWN,False,False,NPB,2026-03-29 14:00:00,1,,,0,
2021038637,2026-03-29 14:00:00,千葉ロッテマリーンズ,埼玉西武ライオンズ,0.0,4.0,UNKNOWN,ZOZOマリンスタジアム,excluded,high,False,False,1700124,1800052,[],[],,,,,0,light,2026-03-29T05:00:00+00:00,,UNKNOWN,,,,UNKNOWN,UNKNOWN,,UNKNOWN,,0.0,0.7777777777777778,5.0,2.0,0.0,2.7555555555555555,9.0,0.0,5.0,0.0,2.0,5.0,,,,2.25,1.5,6.75,6.75,0.0,3.95,4.0,1.0,3.0,0.0,3.0,3.0,,,,True,True,UNKNOWN,False,False,NPB,2026-03-29 14:00:00,1,,,0,
2021038644,2026-03-31 16:00:00,東北楽天ゴールデンイーグルス,福岡ソフトバンクホークス,2.0,4.0,UNKNOWN,楽天モバイル 最強パーク宮城,unknown,low,False,False,1900106,700049,[],[],,,,,0,light,2026-03-31T07:00:00+00:00,,UNKNOWN,,,,UNKNOWN,UNKNOWN,,UNKNOWN,,1.5,1.5,6.0,4.5,0.0,3.3666666666666667,6.0,1.0,6.0,0.0,3.0,4.0,,,,4.5,2.5,9.0,11.25,0.0,4.95,4.0,2.0,5.0,0.0,5.0,4.0,,,,True,True,UNKNOWN,False,False,NPB,2026-03-31 16:00:00,1,,,0,
2021038640,2026-03-31 18:00:00,東京ヤクルトスワローズ,広島東洋カープ,8.0,3.0,UNKNOWN,明治神宮野球場,unknown,low,False,False,1900052,1200076,[],[],,,,,0,light,2026-03-31T09:00:00+00:00,,UNKNOWN,,,,UNKNOWN,UNKNOWN,,UNKNOWN,,4.5,1.0,11.25,2.25,2.25,4.7,4.0,2.0,3.0,1.0,1.0,5.0,,,,4.764705882352941,1.0588235294117647,3.176470588235294,4.764705882352941,0.0,4.08235294117647,5.666666666666667,3.0,3.0,0.0,3.0,2.0,,,,True,True,UNKNOWN,False,False,NPB,2026-03-31 18:00:00,1,,,0,
2021038642,2026-03-31 18:00:00,阪神タイガース,横浜DeNAベイスターズ,4.0,1.0,UNKNOWN,京セラドーム大阪,excluded,high,False,False,1960901,1600115,[],[],,,,,0,light,2026-03-31T09:00:00+00:00,,UNKNOWN,,,,UNKNOWN,UNKNOWN,,UNKNOWN,,3.6,1.2,7.2,7.2,0.0,4.0,5.0,2.0,2.0,0.0,4.0,4.0,,,,1.5,1.1666666666666667,7.5,4.5,1.5,5.2,6.0,1.0,4.0,1.0,3.0,5.0,,,,True,True,UNKNOWN,False,False,NPB,2026-03-31 18:00:00,1,,,0,
2021038645,2026-03-31 18:00:00,埼玉西武ライオンズ,オリックス・バファローズ,5.0,3.0,UNKNOWN,ベルーナドーム,excluded,high,False,False,1750543,1751148,[],[],,,,,0,light,2026-03-31T09:00:00+00:00,,UNKNOWN,,,,UNKNOWN,UNKNOWN,,UNKNOWN,,6.75,1.5,4.5,2.25,2.25,6.2,4.0,3.0,5.0,1.0,1.0,2.0,,,,5.4,1.8,7.2,1.8,0.0,2.2,5.0,3.0,8.0,0.0,1.0,4.0,,,,True,True,UNKNOWN,False,False,NPB,2026-03-31 18:00:00,1,,,0,
2021038641,2026-03-31 18:15:00,中日ドラゴンズ,読売ジャイアンツ,2.0,5.0,UNKNOWN,バンテリンドーム ナゴヤ,excluded,high,False,False,2117509,2108462,[],[],,,,,0,light,2026-03-31T09:15:00+00:00,,UNKNOWN,,,,UNKNOWN,UNKNOWN,,UNKNOWN,,3.6,1.2,7.2,0.0,1.8,4.2,5.0,2.0,6.0,1.0,0.0,4.0,,,,3.0,1.1666666666666667,10.5,3.0,0.0,1.866666666666667,6.0,2.0,5.0,0.0,2.0,7.0,,,,True,True,UNKNOWN,False,False,NPB,2026-03-31 18:15:00,1,,,0,
2021038643,2026-03-31 18:30:00,北海道日本ハムファイターズ,千葉ロッテマリーンズ,9.0,0.0,UNKNOWN,エスコンフィールドHOKKAIDO,unknown,low,False,False,2111821,2111822,[],[],,,,,0,light,2026-03-31T09:30:00+00:00,,UNKNOWN,,,,UNKNOWN,UNKNOWN,,UNKNOWN,,9.0,1.3333333333333333,6.0,3.0,3.0,7.2,6.0,6.0,6.0,2.0,2.0,4.0,,,,0.0,0.1111111111111111,12.0,1.0,0.0,0.8666666666666667,9.0,0.0,0.0,0.0,1.0,12.0,,,,True,True,UNKNOWN,False,False,NPB,2026-03-31 18:30:00,1,,,0,
2021038650,2026-04-01 13:00:00,東北楽天ゴールデンイーグルス,福岡ソフトバンクホークス,1.0,6.0,UNKNOWN,楽天モバイル 最強パーク宮城,excluded,high,False,False,2100596,2110316,[],[],,,,,0,light,2026-04-01T04:00:00+00:00,,UNKNOWN,,,,UNKNOWN,UNKNOWN,,UNKNOWN,,0.0,0.8333333333333334,9.0,3.0,0.0,2.2,6.0,0.0,3.0,0.0,2.0,6.0,,,,8.4375,2.0625,6.75,1.6875,1.6875,4.7,5.333333333333333,5.0,10.0,1.0,1.0,4.0,,,,True,True,UNKNOWN,False,False,NPB,2026-04-01 13:00:00,1,,,0,
2021038647,2026-04-01 18:00:00,中日ドラゴンズ,読売ジャイアンツ,5.0,6.0,UNKNOWN,バンテリンドーム ナゴヤ,excluded,high,False,False,700069,1951008,[],[],,,,,0,light,2026-04-01T09:00:00+00:00,,UNKNOWN,,,,UNKNOWN,UNKNOWN,,UNKNOWN,,3.176470588235294,1.2352941176470587,6.352941176470588,1.588235294117647,0.0,2.3176470588235296,5.666666666666667,2.0,6.0,0.0,1.0,4.0,,,,6.75,1.3125,10.125,1.6875,1.6875,3.95,5.333333333333333,4.0,6.0,1.0,1.0,6.0,,,,True,True,UNKNOWN,False,False,NPB,2026-04-01 18:00:00,1,,,0,
2021038648,2026-04-01 18:00:00,阪神タイガース,横浜DeNAベイスターズ,1.0,4.0,UNKNOWN,京セラドーム大阪,unknown,low,False,False,2117281,2117268,[],[],,,,,0,light,2026-04-01T09:00:00+00:00,,UNKNOWN,,,,UNKNOWN,UNKNOWN,,UNKNOWN,,1.5,1.0,10.5,1.5,1.5,3.5333333333333337,6.0,1.0,5.0,1.0,1.0,7.0,,,,7.7142857142857135,1.9285714285714284,11.571428571428571,3.8571428571428568,1.9285714285714284,4.7,4.666666666666667,4.0,7.0,1.0,2.0,6.0,,,,True,True,UNKNOWN,False,False,NPB,2026-04-01 18:00:00,1,,,0,
2021038651,2026-04-01 18:00:00,埼玉西武ライオンズ,オリックス・バファローズ,0.0,4.0,UNKNOWN,ベルーナドーム,unknown,low,False,False,2108177,1400182,[],[],,,,,0,light,2026-04-01T09:00:00+00:00,,UNKNOWN,,,,UNKNOWN,UNKNOWN,,UNKNOWN,,0.0,0.6666666666666666,7.0,1.0,0.0,1.9777777777777779,9.0,0.0,5.0,0.0,1.0,7.0,,,,0.0,1.1666666666666667,6.0,3.0,0.0,2.8666666666666667,6.0,0.0,5.0,0.0,2.0,4.0,,,,True,True,UNKNOWN,False,False,NPB,2026-04-01 18:00:00,1,,,0,
2021038649,2026-04-01 18:30:00,北海道日本ハムファイターズ,千葉ロッテマリーンズ,2.0,4.0,UNKNOWN,エスコンフィールドHOKKAIDO,excluded,high,False,False,2103904,1750903,[],[],,,,,0,light,2026-04-01T09:30:00+00:00,,UNKNOWN,,,,UNKNOWN,UNKNOWN,,UNKNOWN,,0.0,0.8,9.0,5.4,0.0,3.0,5.0,0.0,1.0,0.0,3.0,5.0,,,,6.352941176470588,0.7058823529411764,9.529411764705882,1.588235294117647,1.588235294117647,3.905882352941177,5.666666666666667,4.0,3.0,1.0,1.0,6.0,,,,True,True,UNKNOWN,False,False,NPB,2026-04-01 18:30:00,1,,,0,
2021038656,2026-04-02 13:00:00,東北楽天ゴールデンイーグルス,福岡ソフトバンクホークス,5.0,4.0,UNKNOWN,楽天モバイル 最強パーク宮城,excluded,high,False,False,1550517,1560256,[],[],,,,,0,light,2026-04-02T04:00:00+00:00,,UNKNOWN,,,,UNKNOWN,UNKNOWN,,UNKNOWN,,3.857142857142857,1.2857142857142858,1.2857142857142858,0.0,2.5714285714285716,6.628571428571428,7.0,3.0,9.0,2.0,0.0,1.0,,,,3.6,1.8,9.0,5.4,0.0,3.0,5.0,2.0,6.0,0.0,3.0,5.0,,,,True,True,UNKNOWN,False,False,NPB,2026-04-02 13:00:00,1,,,0,
2021038657,2026-04-02 13:00:00,埼玉西武ライオンズ,オリックス・バファローズ,3.0,7.0,UNKNOWN,ベルーナドーム,unknown,low,False,False,1900087,2103657,[],[],,,,,0,light,2026-04-02T04:00:00+00:00,,UNKNOWN,,,,UNKNOWN,UNKNOWN,,UNKNOWN,,4.5,1.0,12.0,0.0,1.5,2.7,6.0,3.0,6.0,1.0,0.0,8.0,,,,8.4375,1.5,1.6875,5.0625,0.0,4.5125,5.333333333333333,5.0,5.0,0.0,3.0,1.0,,,,True,True,UNKNOWN,False,False,NPB,2026-04-02 13:00:00,1,,,0,
2021038652,2026-04-02 18:00:00,東京ヤクルトスワローズ,広島東洋カープ,2.0,1.0,UNKNOWN,明治神宮野球場,unknown,low,False,False,2114807,1900024,[],[],,,,,0,light,2026-04-02T09:00:00+00:00,,UNKNOWN,,,,UNKNOWN,UNKNOWN,,UNKNOWN,,0.0,0.7142857142857143,5.142857142857143,2.5714285714285716,0.0,2.9142857142857146,7.0,0.0,3.0,0.0,2.0,4.0,,,,1.2857142857142858,0.42857142857142855,6.428571428571429,0.0,0.0,1.7714285714285716,7.0,1.0,3.0,0.0,0.0,5.0,,,,True,True,UNKNOWN,False,False,NPB,2026-04-02 18:00:00,1,,,0,
2021038653,2026-04-02 18:00:00,中日ドラゴンズ,読売ジャイアンツ,2.0,1.0,UNKNOWN,バンテリンドーム ナゴヤ,excluded,high,False,False,1200117,1000138,[],[],,,,,0,light,2026-04-02T09:00:00+00:00,,UNKNOWN,,,,UNKNOWN,UNKNOWN,,UNKNOWN,,2.5714285714285716,0.7142857142857143,6.428571428571429,0.0,1.2857142857142858,3.6285714285714286,7.0,2.0,5.0,1.0,0.0,5.0,,,,0.0,0.4444444444444444,6.0,0.0,0.0,1.866666666666667,9.0,0.0,4.0,0.0,0.0,6.0,,,,True,True,UNKNOWN,False,False,NPB,2026-04-02 18:00:00,1,,,0,
2021038654,2026-04-02 18:00:00,阪神タイガース,横浜DeNAベイスターズ,4.0,3.0,UNKNOWN,京セラドーム大阪,excluded,high,False,False,1650915,1850363,[],[],,,,,0,light,2026-04-02T09:00:00+00:00,,UNKNOWN,,,,UNKNOWN,UNKNOWN,,UNKNOWN,,6.75,1.75,6.75,2.25,0.0,2.45,4.0,3.0,6.0,0.0,1.0,3.0,,,,1.8,0.6,5.4,3.6,0.0,3.2,5.0,1.0,1.0,0.0,2.0,3.0,,,,True,True,UNKNOWN,False,False,NPB,2026-04-02 18:00:00,1,,,0,
2021038655,2026-04-02 18:00:00,北海道日本ハムファイターズ,千葉ロッテマリーンズ,7.0,1.0,UNKNOWN,エスコンフィールドHOKKAIDO,unknown,low,False,False,900081,1500110,[],[],,,,,0,light,2026-04-02T09:00:00+00:00,,UNKNOWN,,,,UNKNOWN,UNKNOWN,,UNKNOWN,,9.0,1.5,9.0,3.0,4.5,8.7,6.0,6.0,7.0,3.0,2.0,6.0,,,,0.0,0.6666666666666666,7.5,0.0,0.0,1.5333333333333334,6.0,0.0,4.0,0.0,0.0,5.0,,,,True,True,UNKNOWN,False,False,NPB,2026-04-02 18:00:00,1,,,0,
2021038658,2026-04-03 18:00:00,読売ジャイアンツ,横浜DeNAベイスターズ,1.0,3.0,UNKNOWN,東京ドーム,unknown,low,False,False,1700058,2118993,[],[],,,,,0,light,2026-04-03T09:00:00+00:00,,UNKNOWN,,,,UNKNOWN,UNKNOWN,,UNKNOWN,,1.2857142857142858,0.7142857142857143,11.571428571428571,0.0,0.0,0.6285714285714286,7.0,1.0,5.0,0.0,0.0,9.0,,,,1.8,1.8,10.8,7.2,0.0,3.2,5.0,1.0,5.0,0.0,4.0,6.0,,,,True,True,UNKNOWN,False,False,NPB,2026-04-03 18:00:00,1,,,0,
2021038659,2026-04-03 18:00:00,東京ヤクルトスワローズ,中日ドラゴンズ,0.0,1.0,UNKNOWN,明治神宮野球場,unknown,low,False,False,1600106,2103794,[],[],,,,,0,light,2026-04-03T09:00:00+00:00,,UNKNOWN,,,,UNKNOWN,UNKNOWN,,UNKNOWN,,0.0,0.4444444444444444,6.0,1.0,0.0,2.2,9.0,0.0,3.0,0.0,1.0,6.0,,,,1.8,1.6,10.8,3.6,0.0,2.0,5.0,1.0,6.0,0.0,2.0,6.0,,,,True,True,UNKNOWN,False,False,NPB,2026-04-03 18:00:00,1,,,0,
2021038660,2026-04-03 18:00:00,広島東洋カープ,阪神タイガース,2.0,4.0,UNKNOWN,MAZDA Zoom-Zoom スタジアム広島,unknown,low,False,False,2000055,1600123,[],[],,,,,0,light,2026-04-03T09:00:00+00:00,,UNKNOWN,,,,UNKNOWN,UNKNOWN,,UNKNOWN,,1.2857142857142858,0.7142857142857143,7.714285714285714,2.5714285714285716,0.0,2.342857142857143,7.0,1.0,3.0,0.0,2.0,6.0,,,,3.0,1.3333333333333333,13.5,3.0,0.0,1.2000000000000002,6.0,2.0,6.0,0.0,2.0,9.0,,,,True,True,UNKNOWN,False,False,NPB,2026-04-03 18:00:00,1,,,0,
2021038661,2026-04-03 18:00:00,北海道日本ハムファイターズ,オリックス・バファローズ,12.0,3.0,UNKNOWN,エスコンフィールドHOKKAIDO,unknown,low,False,False,1851026,2000079,[],[],,,,,0,light,2026-04-03T09:00:00+00:00,,UNKNOWN,,,,UNKNOWN,UNKNOWN,,UNKNOWN,,16.2,2.6999999999999997,5.3999999999999995,5.3999999999999995,0.0,3.8000000000000003,3.3333333333333335,6.0,7.0,0.0,2.0,2.0,,,,0.0,0.8333333333333334,7.5,1.5,0.0,2.033333333333333,6.0,0.0,4.0,0.0,1.0,5.0,,,,True,True,UNKNOWN,False,False,NPB,2026-04-03 18:00:00,1,,,0,
2021038662,2026-04-03 18:00:00,埼玉西武ライオンズ,東北楽天ゴールデンイーグルス,3.0,6.0,UNKNOWN,ベルーナドーム,unknown,low,False,False,2106793,1800081,[],[],,,,,0,light,2026-04-03T09:00:00+00:00,,UNKNOWN,,,,UNKNOWN,UNKNOWN,,UNKNOWN,,3.857142857142857,1.2857142857142858,7.714285714285714,2.5714285714285716,0.0,2.342857142857143,7.0,3.0,7.0,0.0,2.0,6.0,,,,9.0,1.5,4.5,3.0,1.5,5.366666666666667,6.0,6.0,7.0,1.0,2.0,3.0,,,,True,True,UNKNOWN,False,False,NPB,2026-04-03 18:00:00,1,,,0,
2021038663,2026-04-03 18:00:00,千葉ロッテマリーンズ,福岡ソフトバンクホークス,3.0,2.0,UNKNOWN,ZOZOマリンスタジアム,unknown,low,False,False,1100099,2100442,[],[],,,,,0,light,2026-04-03T09:00:00+00:00,,UNKNOWN,,,,UNKNOWN,UNKNOWN,,UNKNOWN,,0.0,0.875,10.125,2.25,0.0,1.7000000000000002,8.0,0.0,5.0,0.0,2.0,9.0,,,,2.5714285714285716,0.8571428571428571,6.428571428571429,1.2857142857142858,1.2857142857142858,4.057142857142857,7.0,2.0,5.0,1.0,1.0,5.0,,,,True,True,UNKNOWN,False,False,NPB,2026-04-03 18:00:00,1,,,0,
2021038664,2026-04-04 14:00:00,読売ジャイアンツ,横浜DeNAベイスターズ,8.0,4.0,UNKNOWN,東京ドーム,unknown,low,False,False,2000034,1961886,[],[],,,,,0,light,2026-04-04T05:00:00+00:00,,UNKNOWN,,,,UNKNOWN,UNKNOWN,,UNKNOWN,,9.0,2.25,4.5,4.5,4.5,10.2,4.0,4.0,7.0,2.0,2.0,2.0,,,,10.799999999999999,2.4,18.9,8.1,0.0,1.7000000000000002,3.3333333333333335,4.0,5.0,0.0,3.0,7.0,,,,True,True,UNKNOWN,False,False,NPB,2026-04-04 14:00:00,1,,,0,
2021038665,2026-04-04 14:00:00,東京ヤクルトスワローズ,中日ドラゴンズ,11.0,6.0,UNKNOWN,明治神宮野球場,excluded,high,False,False,2100410,2000025,[],[],,,,,0,light,2026-04-04T05:00:00+00:00,,UNKNOWN,,,,UNKNOWN,UNKNOWN,,UNKNOWN,,27.0,4.5,4.5,4.5,13.5,23.2,2.0,6.0,8.0,3.0,1.0,1.0,,,,6.0,1.1666666666666667,10.5,1.5,1.5,3.5333333333333337,6.0,4.0,6.0,1.0,1.0,7.0,,,,True,True,UNKNOWN,False,False,NPB,2026-04-04 14:00:00,1,,,0,
2021038666,2026-04-04 14:00:00,広島東洋カープ,阪神タイガース,5.0,7.0,UNKNOWN,MAZDA Zoom-Zoom スタジアム広島,unknown,low,False,False,1700137,2108238,[],[],,,,,0,light,2026-04-04T05:00:00+00:00,,UNKNOWN,,,,UNKNOWN,UNKNOWN,,UNKNOWN,,5.4,1.4,3.6,0.0,0.0,2.4000000000000004,5.0,3.0,7.0,0.0,0.0,2.0,,,,3.6,1.4,5.4,1.8,0.0,2.6,5.0,2.0,6.0,0.0,1.0,3.0,,,,True,True,UNKNOWN,False,False,NPB,2026-04-04 14:00:00,1,,,0,
2021038667,2026-04-04 14:00:00,北海道日本ハムファイターズ,オリックス・バファローズ,6.0,3.0,UNKNOWN,エスコンフィールドHOKKAIDO,unknown,low,False,False,1300058,2050307,[],[],,,,,0,light,2026-04-04T05:00:00+00:00,,UNKNOWN,,,,UNKNOWN,UNKNOWN,,UNKNOWN,,4.5,1.0,9.0,1.5,1.5,3.8666666666666667,6.0,3.0,5.0,1.0,1.0,6.0,,,,3.176470588235294,1.9411764705882353,12.705882352941176,3.176470588235294,1.588235294117647,3.7294117647058824,5.666666666666667,2.0,9.0,1.0,2.0,8.0,,,,True,True,UNKNOWN,False,False,NPB,2026-04-04 14:00:00,1,,,0,
2021038668,2026-04-04 14:00:00,埼玉西武ライオンズ,東北楽天ゴールデンイーグルス,1.0,2.0,UNKNOWN,ベルーナドーム,unknown,low,False,False,1900117,2105080,[],[],,,,,0,light,2026-04-04T05:00:00+00:00,,UNKNOWN,,,,UNKNOWN,UNKNOWN,,UNKNOWN,,0.0,0.6666666666666666,7.5,3.0,0.0,2.5333333333333337,6.0,0.0,2.0,0.0,2.0,5.0,,,,0.0,0.2857142857142857,12.857142857142858,0.0,0.0,0.34285714285714297,7.0,0.0,2.0,0.0,0.0,10.0,,,,True,True,UNKNOWN,False,False,NPB,2026-04-04 14:00:00,1,,,0,
2021038669,2026-04-04 14:00:00,千葉ロッテマリーンズ,福岡ソフトバンクホークス,2.0,5.0,UNKNOWN,ZOZOマリンスタジアム,unknown,low,False,False,2107909,2102758,[],[],,,,,0,light,2026-04-04T05:00:00+00:00,,UNKNOWN,,,,UNKNOWN,UNKNOWN,,UNKNOWN,,1.2857142857142858,1.1428571428571428,7.714285714285714,3.857142857142857,0.0,2.771428571428572,7.0,1.0,5.0,0.0,3.0,6.0,,,,0.0,0.8333333333333334,12.0,3.0,0.0,1.5333333333333334,6.0,0.0,3.0,0.0,2.0,8.0,,,,True,True,UNKNOWN,False,False,NPB,2026-04-04 14:00:00,1,,,0,
2021038673,2026-04-05 13:00:00,北海道日本ハムファイターズ,オリックス・バファローズ,8.0,2.0,UNKNOWN,エスコンフィールドHOKKAIDO,unknown,low,False,False,2108148,1400117,[],[],,,,,0,light,2026-04-05T04:00:00+00:00,,UNKNOWN,,,,UNKNOWN,UNKNOWN,,UNKNOWN,,3.0,1.3333333333333333,7.5,3.0,0.0,2.5333333333333337,6.0,2.0,6.0,0.0,2.0,5.0,,,,2.5714285714285716,0.8571428571428571,2.5714285714285716,2.5714285714285716,1.2857142857142858,5.342857142857143,7.0,2.0,4.0,1.0,2.0,2.0,,,,True,True,UNKNOWN,False,False,NPB,2026-04-05 13:00:00,1,,,0,
2021038675,2026-04-05 13:00:00,千葉ロッテマリーンズ,福岡ソフトバンクホークス,3.0,4.0,UNKNOWN,ZOZOマリンスタジアム,unknown,low,False,False,1900010,1800052,[],[],,,,,0,light,2026-04-05T04:00:00+00:00,,UNKNOWN,,,,UNKNOWN,UNKNOWN,,UNKNOWN,,3.0,0.8333333333333334,7.5,1.5,0.0,2.033333333333333,6.0,2.0,4.0,0.0,1.0,5.0,,,,8.307692307692308,1.6153846153846154,4.153846153846154,2.076923076923077,0.0,2.9692307692307693,4.333333333333333,4.0,6.0,0.0,1.0,2.0,,,,True,True,UNKNOWN,False,False,NPB,2026-04-05 13:00:00,1,,,0,
2021038671,2026-04-05 13:30:00,東京ヤクルトスワローズ,中日ドラゴンズ,7.0,5.0,UNKNOWN,明治神宮野球場,unknown,low,False,False,2000042,1300045,[],[],,,,,0,light,2026-04-05T04:30:00+00:00,,UNKNOWN,,,,UNKNOWN,UNKNOWN,,UNKNOWN,,4.5,1.8333333333333333,12.0,4.5,0.0,2.033333333333333,6.0,3.0,8.0,0.0,3.0,8.0,,,,3.375,1.6875,8.4375,3.375,0.0,2.45,5.333333333333333,2.0,7.0,0.0,2.0,5.0,,,,True,True,UNKNOWN,False,False,NPB,2026-04-05 13:30:00,1,,,0,
2021038670,2026-04-05 14:00:00,読売ジャイアンツ,横浜DeNAベイスターズ,3.0,2.0,UNKNOWN,東京ドーム,excluded,high,False,False,2112182,1900019,[],[],,,,,0,light,2026-04-05T05:00:00+00:00,,UNKNOWN,,,,UNKNOWN,UNKNOWN,,UNKNOWN,,2.6999999999999997,0.8999999999999999,6.75,1.3499999999999999,0.0,2.1500000000000004,6.666666666666667,2.0,5.0,0.0,1.0,5.0,,,,1.2857142857142858,0.5714285714285714,10.285714285714286,1.2857142857142858,1.2857142857142858,3.2,7.0,1.0,3.0,1.0,1.0,8.0,,,,True,True,UNKNOWN,False,False,NPB,2026-04-05 14:00:00,1,,,0,
2021038672,2026-04-05 14:00:00,広島東洋カープ,阪神タイガース,2.0,1.0,UNKNOWN,MAZDA Zoom-Zoom スタジアム広島,unknown,low,False,False,1700078,2000060,[],[],,,,,0,light,2026-04-05T05:00:00+00:00,,UNKNOWN,,,,UNKNOWN,UNKNOWN,,UNKNOWN,,1.5,1.0,6.0,1.5,0.0,2.3666666666666667,6.0,1.0,5.0,0.0,1.0,4.0,,,,1.125,0.625,10.125,0.0,0.0,0.9500000000000002,8.0,1.0,5.0,0.0,0.0,9.0,,,,True,True,UNKNOWN,False,False,NPB,2026-04-05 14:00:00,1,,,0,
2021038674,2026-04-05 14:00:00,埼玉西武ライオンズ,東北楽天ゴールデンイーグルス,1.0,1.0,UNKNOWN,ベルーナドーム,unknown,low,False,False,2110493,1700124,[],[],,,,,0,light,2026-04-05T05:00:00+00:00,,UNKNOWN,,,,UNKNOWN,UNKNOWN,,UNKNOWN,,1.8,1.4,7.2,5.4,1.8,6.0,5.0,1.0,4.0,1.0,3.0,4.0,,,,0.0,0.625,13.5,3.375,0.0,1.3250000000000002,8.0,0.0,2.0,0.0,3.0,12.0,,,,True,True,UNKNOWN,False,False,NPB,2026-04-05 14:00:00,1,,,0,
2021038681,2026-04-07 14:00:00,福岡ソフトバンクホークス,埼玉西武ライオンズ,6.0,8.0,UNKNOWN,みずほPayPayドーム福岡,unknown,low,False,False,1751148,1900106,[],[],,,,,0,light,2026-04-07T05:00:00+00:00,,UNKNOWN,,,,UNKNOWN,UNKNOWN,,UNKNOWN,,3.857142857142857,1.1428571428571428,6.428571428571429,1.2857142857142858,2.5714285714285716,5.914285714285715,7.0,3.0,7.0,2.0,1.0,5.0,,,,10.384615384615385,2.076923076923077,4.153846153846154,0.0,4.153846153846154,8.276923076923078,4.333333333333333,5.0,9.0,2.0,0.0,2.0,,,,True,True,UNKNOWN,False,False,NPB,2026-04-07 14:00:00,1,,,0,
2021038676,2026-04-07 18:00:00,横浜DeNAベイスターズ,中日ドラゴンズ,5.0,3.0,UNKNOWN,横浜スタジアム,excluded,high,False,False,2108462,2100109,[],[],,,,,0,light,2026-04-07T09:00:00+00:00,,UNKNOWN,,,,UNKNOWN,UNKNOWN,,UNKNOWN,,7.2,2.0,1.8,1.8,0.0,3.4000000000000004,5.0,4.0,9.0,0.0,1.0,1.0,,,,2.25,2.25,11.25,6.75,0.0,2.95,4.0,1.0,6.0,0.0,3.0,5.0,,,,True,True,UNKNOWN,False,False,NPB,2026-04-07 18:00:00,1,,,0,
2021038677,2026-04-07 18:00:00,阪神タイガース,東京ヤクルトスワローズ,9.0,3.0,UNKNOWN,阪神甲子園球場,unknown,low,False,False,1200076,1600115,[],[],,,,,0,light,2026-04-07T09:00:00+00:00,,UNKNOWN,,,,UNKNOWN,UNKNOWN,,UNKNOWN,,0.0,1.5,5.785714285714286,0.0,1.9285714285714284,4.7,4.666666666666667,0.0,7.0,1.0,0.0,3.0,,,,2.25,0.625,18.0,0.0,1.125,0.8250000000000002,8.0,2.0,5.0,1.0,0.0,16.0,,,,True,True,UNKNOWN,False,False,NPB,2026-04-07 18:00:00,1,,,0,
2021038678,2026-04-07 18:00:00,広島東洋カープ,読売ジャイアンツ,5.0,2.0,UNKNOWN,MAZDA Zoom-Zoom スタジアム広島,unknown,low,False,False,2117509,1900052,[],[],,,,,0,light,2026-04-07T09:00:00+00:00,,UNKNOWN,,,,UNKNOWN,UNKNOWN,,UNKNOWN,,6.0,0.8333333333333334,3.0,3.0,3.0,7.866666666666667,6.0,4.0,3.0,2.0,2.0,2.0,,,,2.8421052631578947,1.4210526315789473,5.684210526315789,4.2631578947368425,0.0,3.3578947368421055,6.333333333333333,2.0,6.0,0.0,3.0,4.0,,,,True,True,UNKNOWN,False,False,NPB,2026-04-07 18:00:00,1,,,0,
2021038679,2026-04-07 18:00:00,東北楽天ゴールデンイーグルス,北海道日本ハムファイターズ,3.0,0.0,UNKNOWN,楽天モバイル 最強パーク宮城,unknown,low,False,False,2111822,700049,[],[],,,,,0,light,2026-04-07T09:00:00+00:00,,UNKNOWN,,,,UNKNOWN,UNKNOWN,,UNKNOWN,,3.6,1.8,9.0,3.6,0.0,2.4000000000000004,5.0,2.0,7.0,0.0,2.0,5.0,,,,0.0,1.2,10.799999999999999,2.6999999999999997,0.0,1.7000000000000002,3.3333333333333335,0.0,3.0,0.0,1.0,4.0,,,,True,True,UNKNOWN,False,False,NPB,2026-04-07 18:00:00,1,,,0,
2021038680,2026-04-07 18:00:00,オリックス・バファローズ,千葉ロッテマリーンズ,3.0,1.0,UNKNOWN,京セラドーム大阪,unknown,low,False,False,2111821,1750543,[],[],,,,,0,light,2026-04-07T09:00:00+00:00,,UNKNOWN,,,,UNKNOWN,UNKNOWN,,UNKNOWN,,1.5,1.1666666666666667,4.5,4.5,0.0,3.7,6.0,1.0,4.0,0.0,3.0,3.0,,,,1.6875,1.125,10.125,1.6875,0.0,1.5125000000000002,5.333333333333333,1.0,5.0,0.0,1.0,6.0,,,,True,True,UNKNOWN,False,False,NPB,2026-04-07 18:00:00,1,,,0,
2021038682,2026-04-08 18:00:00,横浜DeNAベイスターズ,中日ドラゴンズ,4.0,6.0,UNKNOWN,横浜スタジアム,unknown,low,False,False,1951008,2117281,[],[],,,,,0,light,2026-04-08T09:00:00+00:00,,UNKNOWN,,,,UNKNOWN,UNKNOWN,,UNKNOWN,,3.6,1.6,12.6,5.4,1.8,4.800000000000001,5.0,2.0,5.0,1.0,3.0,7.0,,,,6.0,2.0,0.0,3.0,3.0,8.533333333333333,3.0,2.0,5.0,1.0,1.0,0.0,,,,True,True,UNKNOWN,False,False,NPB,2026-04-08 18:00:00,1,,,0,
2021038683,2026-04-08 18:00:00,阪神タイガース,東京ヤクルトスワローズ,2.0,3.0,UNKNOWN,阪神甲子園球場,unknown,low,False,False,1750696,2117268,[],[],,,,,0,light,2026-04-08T09:00:00+00:00,,UNKNOWN,,,,UNKNOWN,UNKNOWN,,UNKNOWN,,4.5,2.25,11.25,9.0,0.0,3.7,4.0,2.0,5.0,0.0,4.0,5.0,,,,1.8,1.0,10.8,0.0,0.0,0.8000000000000003,5.0,1.0,5.0,0.0,0.0,6.0,,,,True,True,UNKNOWN,False,False,NPB,2026-04-08 18:00:00,1,,,0,
2021038684,2026-04-08 18:00:00,広島東洋カープ,読売ジャイアンツ,1.0,2.0,UNKNOWN,MAZDA Zoom-Zoom スタジアム広島,unknown,low,False,False,700069,2103788,[],[],,,,,0,light,2026-04-08T09:00:00+00:00,,UNKNOWN,,,,UNKNOWN,UNKNOWN,,UNKNOWN,,0.0,0.5714285714285714,6.428571428571429,1.2857142857142858,0.0,2.2,7.0,0.0,3.0,0.0,1.0,5.0,,,,0.0,0.8571428571428571,3.857142857142857,0.0,0.0,2.342857142857143,7.0,0.0,6.0,0.0,0.0,3.0,,,,True,True,UNKNOWN,False,False,NPB,2026-04-08 18:00:00,1,,,0,
2021038685,2026-04-08 18:00:00,東北楽天ゴールデンイーグルス,北海道日本ハムファイターズ,0.0,1.0,UNKNOWN,楽天モバイル 最強パーク宮城,unknown,low,False,False,1750903,2110316,[],[],,,,,0,light,2026-04-08T09:00:00+00:00,,UNKNOWN,,,,UNKNOWN,UNKNOWN,,UNKNOWN,,0.0,0.5,11.25,1.125,0.0,1.0750000000000002,8.0,0.0,3.0,0.0,1.0,10.0,,,,1.0,0.2222222222222222,6.0,1.0,1.0,3.644444444444445,9.0,1.0,1.0,1.0,1.0,6.0,,,,True,True,UNKNOWN,False,False,NPB,2026-04-08 18:00:00,1,,,0,
2021038686,2026-04-08 18:00:00,オリックス・バファローズ,千葉ロッテマリーンズ,9.0,1.0,UNKNOWN,京セラドーム大阪,interleague,high,True,True,2103904,2108177,[],[],,,,,0,light,2026-04-08T09:00:00+00:00,,UNKNOWN,,,,UNKNOWN,UNKNOWN,,UNKNOWN,,7.5,1.6666666666666667,6.0,3.0,0.0,2.8666666666666667,6.0,5.0,8.0,0.0,2.0,4.0,,,,1.2857142857142858,1.1428571428571428,5.142857142857143,2.5714285714285716,0.0,2.9142857142857146,7.0,1.0,6.0,0.0,2.0,4.0,,,,True,True,UNKNOWN,False,False,NPB,2026-04-08 18:00:00,1,,,0,
2021038687,2026-04-08 18:00:00,福岡ソフトバンクホークス,埼玉西武ライオンズ,1.0,2.0,UNKNOWN,みずほPayPayドーム福岡,unknown,low,False,False,1400182,2100596,[],[],,,,,0,light,2026-04-08T09:00:00+00:00,,UNKNOWN,,,,UNKNOWN,UNKNOWN,,UNKNOWN,,0.0,0.375,12.375,1.125,0.0,0.8250000000000002,8.0,0.0,2.0,0.0,1.0,11.0,,,,1.2857142857142858,1.1428571428571428,6.428571428571429,2.5714285714285716,1.2857142857142858,4.485714285714286,7.0,1.0,6.0,1.0,2.0,5.0,,,,True,True,UNKNOWN,False,False,NPB,2026-04-08 18:00:00,1,,,0,
2021038688,2026-04-09 18:00:00,阪神タイガース,東京ヤクルトスワローズ,2.0,0.0,UNKNOWN,阪神甲子園球場,excluded,high,False,False,1900024,2107862,[],[],,,,,0,light,2026-04-09T09:00:00+00:00,,UNKNOWN,,,,UNKNOWN,UNKNOWN,,UNKNOWN,,3.6,1.2,10.8,1.8,1.8,4.0,5.0,2.0,5.0,1.0,1.0,6.0,,,,0.0,1.3333333333333333,7.5,4.5,0.0,3.0333333333333337,6.0,0.0,5.0,0.0,3.0,5.0,,,,True,True,UNKNOWN,False,False,NPB,2026-04-09 18:00:00,1,,,0,
2021038690,2026-04-09 18:00:00,東北楽天ゴールデンイーグルス,北海道日本ハムファイターズ,2.0,4.0,UNKNOWN,楽天モバイル 最強パーク宮城,unknown,low,False,False,1500110,1560256,[],[],,,,,0,light,2026-04-09T09:00:00+00:00,,UNKNOWN,,,,UNKNOWN,UNKNOWN,,UNKNOWN,,1.8,1.6,7.2,1.8,0.0,2.2,5.0,1.0,7.0,0.0,1.0,4.0,,,,0.0,0.4,9.0,0.0,0.0,1.2000000000000002,5.0,0.0,2.0,0.0,0.0,5.0,,,,True,True,UNKNOWN,False,False,NPB,2026-04-09 18:00:00,1,,,0,
2021038691,2026-04-09 18:00:00,オリックス・バファローズ,千葉ロッテマリーンズ,2.0,1.0,UNKNOWN,京セラドーム大阪,unknown,low,False,False,900081,1900087,[],[],,,,,0,light,2026-04-09T09:00:00+00:00,,UNKNOWN,,,,UNKNOWN,UNKNOWN,,UNKNOWN,,1.8,1.6,3.6,3.6,0.0,3.6,5.0,1.0,6.0,0.0,2.0,2.0,,,,1.588235294117647,1.4117647058823528,11.117647058823529,3.176470588235294,0.0,1.7882352941176474,5.666666666666667,1.0,6.0,0.0,2.0,7.0,,,,True,True,UNKNOWN,False,False,NPB,2026-04-09 18:00:00,1,,,0,
2021038692,2026-04-09 18:00:00,福岡ソフトバンクホークス,埼玉西武ライオンズ,2.0,0.0,UNKNOWN,みずほPayPayドーム福岡,unknown,low,False,False,2103657,1550517,[],[],,,,,0,light,2026-04-09T09:00:00+00:00,,UNKNOWN,,,,UNKNOWN,UNKNOWN,,UNKNOWN,,0.0,0.8333333333333334,7.5,4.5,0.0,3.0333333333333337,6.0,0.0,2.0,0.0,3.0,5.0,,,,0.0,0.2857142857142857,5.142857142857143,1.2857142857142858,0.0,2.4857142857142858,7.0,0.0,1.0,0.0,1.0,4.0,,,,True,True,UNKNOWN,False,False,NPB,2026-04-09 18:00:00,1,,,0,
2021038693,2026-04-10 18:00:00,読売ジャイアンツ,東京ヤクルトスワローズ,3.0,2.0,UNKNOWN,東京ドーム,unknown,low,False,False,2103794,2118993,[],[],,,,,0,light,2026-04-10T09:00:00+00:00,,UNKNOWN,,,,UNKNOWN,UNKNOWN,,UNKNOWN,,2.5714285714285716,0.7142857142857143,7.714285714285714,0.0,1.2857142857142858,3.342857142857143,7.0,2.0,5.0,1.0,0.0,6.0,,,,1.588235294117647,1.588235294117647,3.176470588235294,1.588235294117647,0.0,3.0235294117647062,5.666666666666667,1.0,8.0,0.0,1.0,2.0,,,,True,True,UNKNOWN,False,False,NPB,2026-04-10 18:00:00,1,,,0,
2021038695,2026-04-10 18:00:00,中日ドラゴンズ,阪神タイガース,3.0,5.0,UNKNOWN,バンテリンドーム ナゴヤ,unknown,low,False,False,2000055,1600106,[],[],,,,,0,light,2026-04-10T09:00:00+00:00,,UNKNOWN,,,,UNKNOWN,UNKNOWN,,UNKNOWN,,1.2857142857142858,1.1428571428571428,5.142857142857143,2.5714285714285716,0.0,2.9142857142857146,7.0,1.0,6.0,0.0,2.0,4.0,,,,1.5,0.8333333333333334,9.0,0.0,1.5,3.3666666666666667,6.0,1.0,5.0,1.0,0.0,6.0,,,,True,True,UNKNOWN,False,False,NPB,2026-04-10 18:00:00,1,,,0,
2021038697,2026-04-10 18:00:00,埼玉西武ライオンズ,千葉ロッテマリーンズ,3.0,6.0,UNKNOWN,埼玉県営大宮公園野球場,excluded,high,False,False,2000090,1800081,[],[],,,,,0,light,2026-04-10T09:00:00+00:00,,UNKNOWN,,,,UNKNOWN,UNKNOWN,,UNKNOWN,,1.5,0.6666666666666666,7.5,0.0,0.0,1.5333333333333334,6.0,1.0,4.0,0.0,0.0,5.0,,,,2.6999999999999997,1.2,1.3499999999999999,2.6999999999999997,0.0,3.8000000000000003,6.666666666666667,2.0,6.0,0.0,2.0,1.0,,,,True,True,UNKNOWN,False,False,NPB,2026-04-10 18:00:00,1,,,0,
2021038699,2026-04-11 14:00:00,横浜DeNAベイスターズ,広島東洋カープ,4.0,3.0,UNKNOWN,横浜スタジアム,unknown,low,False,False,2108238,1700058,[],[],,,,,0,light,2026-04-11T05:00:00+00:00,,UNKNOWN,,,,UNKNOWN,UNKNOWN,,UNKNOWN,,9.0,2.5,13.5,2.25,0.0,0.9500000000000002,4.0,4.0,9.0,0.0,1.0,6.0,,,,1.2857142857142858,0.8571428571428571,2.5714285714285716,2.5714285714285716,1.2857142857142858,5.342857142857143,7.0,1.0,4.0,1.0,2.0,2.0,,,,True,True,UNKNOWN,False,False,NPB,2026-04-11 14:00:00,1,,,0,
2021038700,2026-04-11 14:00:00,中日ドラゴンズ,阪神タイガース,3.0,9.0,UNKNOWN,バンテリンドーム ナゴヤ,unknown,low,False,False,1850363,1000138,[],[],,,,,0,light,2026-04-11T05:00:00+00:00,,UNKNOWN,,,,UNKNOWN,UNKNOWN,,UNKNOWN,,1.5,1.1666666666666667,9.0,1.5,1.5,3.8666666666666667,6.0,1.0,6.0,1.0,1.0,6.0,,,,9.0,1.75,2.25,4.5,4.5,10.7,4.0,4.0,5.0,2.0,2.0,1.0,,,,True,True,UNKNOWN,False,False,NPB,2026-04-11 14:00:00,1,,,0,
2021038701,2026-04-11 14:00:00,北海道日本ハムファイターズ,福岡ソフトバンクホークス,3.0,6.0,UNKNOWN,エスコンフィールドHOKKAIDO,unknown,low,False,False,1100099,2000079,[],[],,,,,0,light,2026-04-11T05:00:00+00:00,,UNKNOWN,,,,UNKNOWN,UNKNOWN,,UNKNOWN,,2.5714285714285716,1.2857142857142858,7.714285714285714,2.5714285714285716,1.2857142857142858,4.2,7.0,2.0,7.0,1.0,2.0,6.0,,,,9.529411764705882,1.7647058823529411,7.941176470588235,4.764705882352941,3.176470588235294,7.6117647058823525,5.666666666666667,6.0,7.0,2.0,3.0,5.0,,,,True,True,UNKNOWN,False,False,NPB,2026-04-11 14:00:00,1,,,0,
2021038702,2026-04-11 14:00:00,東北楽天ゴールデンイーグルス,オリックス・バファローズ,11.0,4.0,UNKNOWN,楽天モバイル 最強パーク宮城,excluded,high,False,False,1300058,2000121,[],[],,,,,0,light,2026-04-11T05:00:00+00:00,,UNKNOWN,,,,UNKNOWN,UNKNOWN,,UNKNOWN,,12.272727272727273,2.7272727272727275,2.4545454545454546,2.4545454545454546,0.0,3.472727272727273,3.6666666666666665,5.0,9.0,0.0,1.0,1.0,,,,1.2857142857142858,0.7142857142857143,6.428571428571429,2.5714285714285716,0.0,2.628571428571429,7.0,1.0,3.0,0.0,2.0,5.0,,,,True,True,UNKNOWN,False,False,NPB,2026-04-11 14:00:00,1,,,0,
2021038703,2026-04-11 17:00:00,埼玉西武ライオンズ,千葉ロッテマリーンズ,5.0,2.0,UNKNOWN,ベルーナドーム,unknown,low,False,False,2102758,2105080,[],[],,,,,0,light,2026-04-11T08:00:00+00:00,,UNKNOWN,,,,UNKNOWN,UNKNOWN,,UNKNOWN,,7.5,1.8333333333333333,4.5,4.5,0.0,3.7,6.0,5.0,8.0,0.0,3.0,3.0,,,,1.2857142857142858,0.8571428571428571,2.5714285714285716,2.5714285714285716,0.0,3.4857142857142858,7.0,1.0,4.0,0.0,2.0,2.0,,,,True,True,UNKNOWN,False,False,NPB,2026-04-11 17:00:00,1,,,0,
2021038698,2026-04-11 18:00:00,読売ジャイアンツ,東京ヤクルトスワローズ,2.0,3.0,UNKNOWN,東京ドーム,excluded,high,False,False,2000025,2122496,[],[],,,,,0,light,2026-04-11T09:00:00+00:00,,UNKNOWN,,,,UNKNOWN,UNKNOWN,,UNKNOWN,,2.5714285714285716,0.7142857142857143,9.0,0.0,2.5714285714285716,4.914285714285715,7.0,2.0,5.0,2.0,0.0,7.0,,,,3.6,1.6,10.8,3.6,0.0,2.0,5.0,2.0,6.0,0.0,2.0,6.0,,,,True,True,UNKNOWN,False,False,NPB,2026-04-11 18:00:00,1,,,0,
2021038707,2026-04-12 13:00:00,北海道日本ハムファイターズ,福岡ソフトバンクホークス,7.0,11.0,UNKNOWN,エスコンフィールドHOKKAIDO,unknown,low,False,False,2107909,1400117,[],[],,,,,0,light,2026-04-12T04:00:00+00:00,,UNKNOWN,,,,UNKNOWN,UNKNOWN,,UNKNOWN,,16.875,3.375,10.125,3.375,0.0,2.075,2.6666666666666665,5.0,8.0,0.0,1.0,3.0,,,,9.0,2.4,9.0,5.4,0.0,3.0,5.0,5.0,9.0,0.0,3.0,5.0,,,,True,True,UNKNOWN,False,False,NPB,2026-04-12 13:00:00,1,,,0,
2021038708,2026-04-12 13:00:00,東北楽天ゴールデンイーグルス,オリックス・バファローズ,4.0,0.0,UNKNOWN,楽天モバイル 最強パーク宮城,unknown,low,False,False,2108148,1900117,[],[],,,,,0,light,2026-04-12T04:00:00+00:00,,UNKNOWN,,,,UNKNOWN,UNKNOWN,,UNKNOWN,,1.5,1.1666666666666667,4.5,4.5,0.0,3.7,6.0,1.0,4.0,0.0,3.0,3.0,,,,0.0,0.4736842105263158,4.2631578947368425,1.4210526315789473,0.0,2.7263157894736842,6.333333333333333,0.0,2.0,0.0,1.0,3.0,,,,True,True,UNKNOWN,False,False,NPB,2026-04-12 13:00:00,1,,,0,
2021038709,2026-04-12 13:00:00,埼玉西武ライオンズ,千葉ロッテマリーンズ,2.0,1.0,UNKNOWN,ベルーナドーム,unknown,low,False,False,2114737,1700124,[],[],,,,,0,light,2026-04-12T04:00:00+00:00,,UNKNOWN,,,,UNKNOWN,UNKNOWN,,UNKNOWN,,0.0,0.14285714285714285,10.285714285714286,0.0,0.0,0.9142857142857146,7.0,0.0,1.0,0.0,0.0,8.0,,,,0.0,1.0,7.714285714285714,2.5714285714285716,0.0,2.342857142857143,7.0,0.0,5.0,0.0,2.0,6.0,,,,True,True,UNKNOWN,False,False,NPB,2026-04-12 13:00:00,1,,,0,
2021038706,2026-04-12 13:30:00,中日ドラゴンズ,阪神タイガース,0.0,3.0,UNKNOWN,バンテリンドーム ナゴヤ,unknown,low,False,False,1700078,2000042,[],[],,,,,0,light,2026-04-12T04:30:00+00:00,,UNKNOWN,,,,UNKNOWN,UNKNOWN,,UNKNOWN,,0.0,0.7777777777777778,10.0,2.0,0.0,1.6444444444444446,9.0,0.0,5.0,0.0,2.0,10.0,,,,5.4,2.2,5.4,9.0,0.0,5.0,5.0,3.0,6.0,0.0,5.0,3.0,,,,True,True,UNKNOWN,False,False,NPB,2026-04-12 13:30:00,1,,,0,
2021038704,2026-04-12 14:00:00,読売ジャイアンツ,東京ヤクルトスワローズ,0.0,2.0,UNKNOWN,東京ドーム,unknown,low,False,False,1300045,1900019,[],[],,,,,0,light,2026-04-12T05:00:00+00:00,,UNKNOWN,,,,UNKNOWN,UNKNOWN,,UNKNOWN,,0.0,0.14285714285714285,6.428571428571429,0.0,0.0,1.7714285714285716,7.0,0.0,1.0,0.0,0.0,5.0,,,,3.0,1.5,10.5,1.5,0.0,1.366666666666667,6.0,2.0,8.0,0.0,1.0,7.0,,,,True,True,UNKNOWN,False,False,NPB,2026-04-12 14:00:00,1,,,0,
2021038705,2026-04-12 14:00:00,横浜DeNAベイスターズ,広島東洋カープ,6.0,5.0,UNKNOWN,横浜スタジアム,unknown,low,False,False,1600123,2112182,[],[],,,,,0,light,2026-04-12T05:00:00+00:00,,UNKNOWN,,,,UNKNOWN,UNKNOWN,,UNKNOWN,,5.3999999999999995,1.05,2.6999999999999997,0.0,2.6999999999999997,6.5,6.666666666666667,4.0,7.0,2.0,0.0,2.0,,,,3.6,1.2,5.4,1.8,0.0,2.6,5.0,2.0,5.0,0.0,1.0,3.0,,,,True,True,UNKNOWN,False,False,NPB,2026-04-12 14:00:00,1,,,0,
2021038710,2026-04-14 18:00:00,東京ヤクルトスワローズ,横浜DeNAベイスターズ,5.0,3.0,UNKNOWN,坊っちゃんスタジアム,unknown,low,False,False,1650915,1200076,[],[],,,,,0,light,2026-04-14T09:00:00+00:00,,UNKNOWN,,,,UNKNOWN,UNKNOWN,,UNKNOWN,,8.307692307692308,1.6153846153846154,4.153846153846154,2.076923076923077,0.0,2.9692307692307693,4.333333333333333,4.0,6.0,0.0,1.0,2.0,,,,6.230769230769231,2.076923076923077,8.307692307692308,10.384615384615385,0.0,4.815384615384616,4.333333333333333,3.0,4.0,0.0,5.0,4.0,,,,True,True,UNKNOWN,False,False,NPB,2026-04-14 18:00:00,1,,,0,
2021038711,2026-04-14 18:00:00,中日ドラゴンズ,広島東洋カープ,6.0,2.0,UNKNOWN,豊橋市民球場,unknown,low,False,False,1900052,2108462,[],[],,,,,0,light,2026-04-14T09:00:00+00:00,,UNKNOWN,,,,UNKNOWN,UNKNOWN,,UNKNOWN,,9.0,2.0,6.75,2.25,0.0,2.45,4.0,4.0,7.0,0.0,1.0,3.0,,,,2.4545454545454546,0.9545454545454546,9.818181818181818,0.0,0.0,1.018181818181818,7.333333333333333,2.0,7.0,0.0,0.0,8.0,,,,True,True,UNKNOWN,False,False,NPB,2026-04-14 18:00:00,1,,,0,
2021038712,2026-04-14 18:00:00,阪神タイガース,読売ジャイアンツ,3.0,4.0,UNKNOWN,阪神甲子園球場,unknown,low,False,False,1200117,1600115,[],[],,,,,0,light,2026-04-14T09:00:00+00:00,,UNKNOWN,,,,UNKNOWN,UNKNOWN,,UNKNOWN,,0.0,0.5,4.5,1.5,0.0,2.7,6.0,0.0,2.0,0.0,1.0,3.0,,,,1.5,1.1666666666666667,12.0,0.0,0.0,0.5333333333333337,6.0,1.0,7.0,0.0,0.0,8.0,,,,True,True,UNKNOWN,False,False,NPB,2026-04-14 18:00:00,1,,,0,
2021038713,2026-04-14 18:00:00,千葉ロッテマリーンズ,北海道日本ハムファイターズ,1.0,5.0,UNKNOWN,ZOZOマリンスタジアム,unknown,low,False,False,2050307,2103904,[],[],,,,,0,light,2026-04-14T09:00:00+00:00,,UNKNOWN,,,,UNKNOWN,UNKNOWN,,UNKNOWN,,1.125,0.875,7.875,2.25,1.125,3.825,8.0,1.0,5.0,1.0,2.0,7.0,,,,5.142857142857143,1.5714285714285714,10.285714285714286,6.428571428571429,1.2857142857142858,4.914285714285715,7.0,4.0,6.0,1.0,5.0,8.0,,,,True,True,UNKNOWN,False,False,NPB,2026-04-14 18:00:00,1,,,0,
2021038714,2026-04-14 18:00:00,オリックス・バファローズ,埼玉西武ライオンズ,5.0,1.0,UNKNOWN,京セラドーム大阪,unknown,low,False,False,1751148,1750595,[],[],,,,,0,light,2026-04-14T09:00:00+00:00,,UNKNOWN,,,,UNKNOWN,UNKNOWN,,UNKNOWN,,1.8,0.8,7.2,0.0,0.0,1.6,5.0,1.0,4.0,0.0,0.0,4.0,,,,1.8,1.4,7.2,3.6,0.0,2.8000000000000003,5.0,1.0,5.0,0.0,2.0,4.0,,,,True,True,UNKNOWN,False,False,NPB,2026-04-14 18:00:00,1,,,0,
2021038715,2026-04-14 18:00:00,福岡ソフトバンクホークス,東北楽天ゴールデンイーグルス,2.0,3.0,UNKNOWN,みずほPayPayドーム福岡,unknown,low,False,False,2106793,1900010,[],[],,,,,0,light,2026-04-14T09:00:00+00:00,,UNKNOWN,,,,UNKNOWN,UNKNOWN,,UNKNOWN,,3.6,1.0,10.8,1.8,0.0,1.4000000000000001,5.0,2.0,4.0,0.0,1.0,6.0,,,,3.8571428571428568,2.357142857142857,7.7142857142857135,11.571428571428571,0.0,5.342857142857143,4.666666666666667,2.0,5.0,0.0,6.0,4.0,,,,True,True,UNKNOWN,False,False,NPB,2026-04-14 18:00:00,1,,,0,
2021038716,2026-04-15 18:00:00,中日ドラゴンズ,広島東洋カープ,2.0,5.0,UNKNOWN,バンテリンドーム ナゴヤ,excluded,high,False,False,2000060,2100961,[],[],,,,,0,light,2026-04-15T09:00:00+00:00,,UNKNOWN,,,,UNKNOWN,UNKNOWN,,UNKNOWN,,2.8421052631578947,1.105263157894737,8.526315789473685,2.8421052631578947,0.0,2.2526315789473683,6.333333333333333,2.0,5.0,0.0,2.0,6.0,,,,3.375,1.125,8.4375,1.6875,0.0,1.8875000000000002,5.333333333333333,2.0,5.0,0.0,1.0,5.0,,,,True,True,UNKNOWN,False,False,NPB,2026-04-15 18:00:00,1,,,0,
2021038718,2026-04-15 18:00:00,千葉ロッテマリーンズ,北海道日本ハムファイターズ,9.0,7.0,UNKNOWN,ZOZOマリンスタジアム,unknown,low,False,False,1500110,2100442,[],[],,,,,0,light,2026-04-15T09:00:00+00:00,,UNKNOWN,,,,UNKNOWN,UNKNOWN,,UNKNOWN,,14.727272727272728,2.181818181818182,2.4545454545454546,2.4545454545454546,2.4545454545454546,7.0181818181818185,3.6666666666666665,6.0,7.0,1.0,1.0,1.0,,,,15.0,2.6666666666666665,12.0,15.0,3.0,9.866666666666667,3.0,5.0,3.0,1.0,5.0,4.0,,,,True,True,UNKNOWN,False,False,NPB,2026-04-15 18:00:00,1,,,0,
2021038719,2026-04-15 18:00:00,オリックス・バファローズ,埼玉西武ライオンズ,3.0,1.0,UNKNOWN,京セラドーム大阪,unknown,low,False,False,1400182,2108177,[],[],,,,,0,light,2026-04-15T09:00:00+00:00,,UNKNOWN,,,,UNKNOWN,UNKNOWN,,UNKNOWN,,3.857142857142857,1.1428571428571428,6.428571428571429,0.0,0.0,1.7714285714285716,7.0,3.0,8.0,0.0,0.0,5.0,,,,0.0,1.0,12.0,3.0,0.0,1.5333333333333334,6.0,0.0,4.0,0.0,2.0,8.0,,,,True,True,UNKNOWN,False,False,NPB,2026-04-15 18:00:00,1,,,0,
2021038720,2026-04-15 18:00:00,福岡ソフトバンクホークス,東北楽天ゴールデンイーグルス,2.0,3.0,UNKNOWN,みずほPayPayドーム福岡,unknown,low,False,False,2110316,1900106,[],[],,,,,0,light,2026-04-15T09:00:00+00:00,,UNKNOWN,,,,UNKNOWN,UNKNOWN,,UNKNOWN,,2.8421052631578947,1.105263157894737,8.526315789473685,4.2631578947368425,0.0,2.7263157894736842,6.333333333333333,2.0,4.0,0.0,3.0,6.0,,,,2.6999999999999997,1.3499999999999999,5.3999999999999995,4.05,0.0,3.35,6.666666666666667,2.0,6.0,0.0,3.0,4.0,,,,True,True,UNKNOWN,False,False,NPB,2026-04-15 18:00:00,1,,,0,
2021038721,2026-04-16 18:00:00,東京ヤクルトスワローズ,横浜DeNAベイスターズ,2.0,0.0,UNKNOWN,明治神宮野球場,unknown,low,False,False,1960901,1750696,[],[],,,,,0,light,2026-04-16T09:00:00+00:00,,UNKNOWN,,,,UNKNOWN,UNKNOWN,,UNKNOWN,,2.25,1.75,4.5,2.25,0.0,2.95,4.0,1.0,6.0,0.0,1.0,2.0,,,,0.0,0.8333333333333334,3.0,3.0,0.0,3.5333333333333337,6.0,0.0,3.0,0.0,2.0,2.0,,,,True,True,UNKNOWN,False,False,NPB,2026-04-16 18:00:00,1,,,0,
2021038722,2026-04-16 18:00:00,阪神タイガース,読売ジャイアンツ,3.0,4.0,UNKNOWN,阪神甲子園球場,unknown,low,False,False,700069,2117268,[],[],,,,,0,light,2026-04-16T09:00:00+00:00,,UNKNOWN,,,,UNKNOWN,UNKNOWN,,UNKNOWN,,4.5,1.1666666666666667,6.0,0.0,1.5,4.033333333333333,6.0,3.0,7.0,1.0,0.0,4.0,,,,7.2,1.8,5.4,3.6,1.8,5.800000000000001,5.0,4.0,7.0,1.0,2.0,3.0,,,,True,True,UNKNOWN,False,False,NPB,2026-04-16 18:00:00,1,,,0,
2021038723,2026-04-16 18:00:00,千葉ロッテマリーンズ,北海道日本ハムファイターズ,5.0,3.0,UNKNOWN,ZOZOマリンスタジアム,unknown,low,False,False,2111822,2111821,[],[],,,,,0,light,2026-04-16T09:00:00+00:00,,UNKNOWN,,,,UNKNOWN,UNKNOWN,,UNKNOWN,,5.4,1.8,10.8,7.2,0.0,3.2,5.0,3.0,5.0,0.0,4.0,6.0,,,,6.75,1.5,9.0,4.5,2.25,5.95,4.0,3.0,4.0,1.0,2.0,4.0,,,,True,True,UNKNOWN,False,False,NPB,2026-04-16 18:00:00,1,,,0,
2021038724,2026-04-16 18:00:00,オリックス・バファローズ,埼玉西武ライオンズ,7.0,1.0,UNKNOWN,京セラドーム大阪,unknown,low,False,False,2103657,1851026,[],[],,,,,0,light,2026-04-16T09:00:00+00:00,,UNKNOWN,,,,UNKNOWN,UNKNOWN,,UNKNOWN,,6.75,1.75,0.0,2.25,0.0,3.95,4.0,3.0,6.0,0.0,1.0,0.0,,,,1.5,0.8333333333333334,6.0,0.0,0.0,1.866666666666667,6.0,1.0,5.0,0.0,0.0,4.0,,,,True,True,UNKNOWN,False,False,NPB,2026-04-16 18:00:00,1,,,0,
2021038725,2026-04-16 18:00:00,福岡ソフトバンクホークス,東北楽天ゴールデンイーグルス,6.0,0.0,UNKNOWN,北九州市民球場,unknown,low,False,False,2110493,1550517,[],[],,,,,0,light,2026-04-16T09:00:00+00:00,,UNKNOWN,,,,UNKNOWN,UNKNOWN,,UNKNOWN,,11.25,2.0,11.25,6.75,4.5,9.45,4.0,5.0,5.0,2.0,3.0,5.0,,,,0.0,0.5714285714285714,14.142857142857142,0.0,0.0,0.057142857142857384,7.0,0.0,4.0,0.0,0.0,11.0,,,,True,True,UNKNOWN,False,False,NPB,2026-04-16 18:00:00,1,,,0,
2021038726,2026-04-17 18:00:00,東京ヤクルトスワローズ,読売ジャイアンツ,2.0,8.0,UNKNOWN,明治神宮野球場,excluded,high,False,False,2117509,2108291,[],[],,,,,0,light,2026-04-17T09:00:00+00:00,,UNKNOWN,,,,UNKNOWN,UNKNOWN,,UNKNOWN,,0.0,0.7142857142857143,11.571428571428571,3.857142857142857,0.0,1.9142857142857144,7.0,0.0,2.0,0.0,3.0,9.0,,,,23.625,4.125,13.5,10.125,0.0,3.575,2.6666666666666665,7.0,8.0,0.0,3.0,4.0,,,,True,True,UNKNOWN,False,False,NPB,2026-04-17 18:00:00,1,,,0,
2021038727,2026-04-17 18:00:00,阪神タイガース,中日ドラゴンズ,2.0,1.0,UNKNOWN,阪神甲子園球場,unknown,low,False,False,1600106,2000055,[],[],,,,,0,light,2026-04-17T09:00:00+00:00,,UNKNOWN,,,,UNKNOWN,UNKNOWN,,UNKNOWN,,1.5,1.8333333333333333,7.5,4.5,0.0,3.0333333333333337,6.0,1.0,8.0,0.0,3.0,5.0,,,,1.5,0.8333333333333334,6.0,1.5,0.0,2.3666666666666667,6.0,1.0,4.0,0.0,1.0,4.0,,,,True,True,UNKNOWN,False,False,NPB,2026-04-17 18:00:00,1,,,0,
2021038728,2026-04-17 18:00:00,広島東洋カープ,横浜DeNAベイスターズ,1.0,5.0,UNKNOWN,MAZDA Zoom-Zoom スタジアム広島,excluded,high,False,False,1300031,2114807,[],[],,,,,0,light,2026-04-17T09:00:00+00:00,,UNKNOWN,,,,UNKNOWN,UNKNOWN,,UNKNOWN,,1.5,0.6666666666666666,9.0,1.5,0.0,1.7000000000000002,6.0,1.0,3.0,0.0,1.0,6.0,,,,1.8,1.8,10.8,7.2,0.0,3.2,5.0,1.0,5.0,0.0,4.0,6.0,,,,True,True,UNKNOWN,False,False,NPB,2026-04-17 18:00:00,1,,,0,
2021038729,2026-04-17 18:00:00,北海道日本ハムファイターズ,埼玉西武ライオンズ,3.0,5.0,UNKNOWN,エスコンフィールドHOKKAIDO,unknown,low,False,False,1800081,1750903,[],[],,,,,0,light,2026-04-17T09:00:00+00:00,,UNKNOWN,,,,UNKNOWN,UNKNOWN,,UNKNOWN,,3.857142857142857,0.7142857142857143,7.714285714285714,1.2857142857142858,1.2857142857142858,3.7714285714285714,7.0,3.0,4.0,1.0,1.0,6.0,,,,3.0,1.3333333333333333,3.0,1.5,0.0,3.0333333333333337,6.0,2.0,7.0,0.0,1.0,2.0,,,,True,True,UNKNOWN,False,False,NPB,2026-04-17 18:00:00,1,,,0,
2021038730,2026-04-17 18:00:00,東北楽天ゴールデンイーグルス,千葉ロッテマリーンズ,1.0,0.0,UNKNOWN,楽天モバイル 最強パーク宮城,excluded,high,False,False,1600146,2000123,[],[],,,,,0,light,2026-04-17T09:00:00+00:00,,UNKNOWN,,,,UNKNOWN,UNKNOWN,,UNKNOWN,,0.0,0.7142857142857143,7.714285714285714,0.0,0.0,1.485714285714286,7.0,0.0,5.0,0.0,0.0,6.0,,,,0.0,0.5,7.5,1.5,0.0,2.033333333333333,6.0,0.0,2.0,0.0,1.0,5.0,,,,True,True,UNKNOWN,False,False,NPB,2026-04-17 18:00:00,1,,,0,
2021038731,2026-04-17 18:00:00,福岡ソフトバンクホークス,オリックス・バファローズ,4.0,13.0,UNKNOWN,みずほPayPayドーム福岡,unknown,low,False,False,1750543,2100596,[],[],,,,,0,light,2026-04-17T09:00:00+00:00,,UNKNOWN,,,,UNKNOWN,UNKNOWN,,UNKNOWN,,3.0,1.0,6.0,0.0,0.0,1.866666666666667,6.0,2.0,6.0,0.0,0.0,4.0,,,,37.800000000000004,6.000000000000001,5.4,21.6,10.8,24.8,1.6666666666666665,7.0,6.0,2.0,4.0,1.0,,,,True,True,UNKNOWN,False,False,NPB,2026-04-17 18:00:00,1,,,0,
2021038733,2026-04-18 14:00:00,阪神タイガース,中日ドラゴンズ,4.0,3.0,UNKNOWN,阪神甲子園球場,unknown,low,False,False,1000138,1700137,[],[],,,,,0,light,2026-04-18T05:00:00+00:00,,UNKNOWN,,,,UNKNOWN,UNKNOWN,,UNKNOWN,,3.0,1.3333333333333333,16.5,4.5,0.0,1.0333333333333337,6.0,2.0,5.0,0.0,3.0,11.0,,,,4.5,2.0,6.0,4.5,1.5,5.533333333333333,6.0,3.0,9.0,1.0,3.0,4.0,,,,True,True,UNKNOWN,False,False,NPB,2026-04-18 14:00:00,1,,,0,
2021038734,2026-04-18 14:00:00,広島東洋カープ,横浜DeNAベイスターズ,2.0,7.0,UNKNOWN,MAZDA Zoom-Zoom スタジアム広島,unknown,low,False,False,1700058,2108238,[],[],,,,,0,light,2026-04-18T05:00:00+00:00,,UNKNOWN,,,,UNKNOWN,UNKNOWN,,UNKNOWN,,0.0,0.8333333333333334,13.5,1.5,0.0,0.7000000000000002,6.0,0.0,4.0,0.0,1.0,9.0,,,,7.5,1.3333333333333333,9.0,4.5,0.0,2.7,6.0,5.0,5.0,0.0,3.0,6.0,,,,True,True,UNKNOWN,False,False,NPB,2026-04-18 14:00:00,1,,,0,
2021038735,2026-04-18 14:00:00,北海道日本ハムファイターズ,埼玉西武ライオンズ,5.0,3.0,UNKNOWN,エスコンフィールドHOKKAIDO,unknown,low,False,False,2105080,2000079,[],[],,,,,0,light,2026-04-18T05:00:00+00:00,,UNKNOWN,,,,UNKNOWN,UNKNOWN,,UNKNOWN,,0.0,1.6,7.2,3.6,0.0,2.8000000000000003,5.0,0.0,6.0,0.0,2.0,4.0,,,,3.0,1.3333333333333333,6.0,0.0,0.0,1.866666666666667,6.0,2.0,8.0,0.0,0.0,4.0,,,,True,True,UNKNOWN,False,False,NPB,2026-04-18 14:00:00,1,,,0,
2021038736,2026-04-18 14:00:00,東北楽天ゴールデンイーグルス,千葉ロッテマリーンズ,9.0,1.0,UNKNOWN,楽天モバイル 最強パーク宮城,unknown,low,False,False,2102758,1560256,[],[],,,,,0,light,2026-04-18T05:00:00+00:00,,UNKNOWN,,,,UNKNOWN,UNKNOWN,,UNKNOWN,,12.6,2.2,7.2,5.4,1.8,6.0,5.0,7.0,8.0,1.0,3.0,4.0,,,,1.5,1.5,6.0,4.5,0.0,3.3666666666666667,6.0,1.0,6.0,0.0,3.0,4.0,,,,True,True,UNKNOWN,False,False,NPB,2026-04-18 14:00:00,1,,,0,
2021038732,2026-04-18 18:00:00,東京ヤクルトスワローズ,読売ジャイアンツ,4.0,3.0,UNKNOWN,明治神宮野球場,unknown,low,False,False,2122496,1900024,[],[],,,,,0,light,2026-04-18T09:00:00+00:00,,UNKNOWN,,,,UNKNOWN,UNKNOWN,,UNKNOWN,,1.5,1.0,9.0,3.0,0.0,2.2,6.0,1.0,4.0,0.0,2.0,6.0,,,,3.857142857142857,1.1428571428571428,7.714285714285714,2.5714285714285716,2.5714285714285716,6.057142857142857,7.0,3.0,6.0,2.0,2.0,6.0,,,,True,True,UNKNOWN,False,False,NPB,2026-04-18 18:00:00,1,,,0,
2021038737,2026-04-18 18:00:00,福岡ソフトバンクホークス,オリックス・バファローズ,7.0,0.0,UNKNOWN,みずほPayPayドーム福岡,unknown,low,False,False,1300058,1100099,[],[],,,,,0,light,2026-04-18T09:00:00+00:00,,UNKNOWN,,,,UNKNOWN,UNKNOWN,,UNKNOWN,,3.0,1.1666666666666667,7.5,3.0,0.0,2.5333333333333337,6.0,2.0,5.0,0.0,2.0,5.0,,,,0.0,0.36,9.719999999999999,2.1599999999999997,0.0,1.7600000000000002,8.333333333333334,0.0,1.0,0.0,2.0,9.0,,,,True,True,UNKNOWN,False,False,NPB,2026-04-18 18:00:00,1,,,0,
2021038741,2026-04-19 13:00:00,北海道日本ハムファイターズ,埼玉西武ライオンズ,3.0,15.0,UNKNOWN,エスコンフィールドHOKKAIDO,unknown,low,False,False,1700124,1400117,[],[],,,,,0,light,2026-04-19T04:00:00+00:00,,UNKNOWN,,,,UNKNOWN,UNKNOWN,,UNKNOWN,,3.0,0.8333333333333334,4.5,1.5,1.5,4.866666666666667,6.0,2.0,4.0,1.0,1.0,3.0,,,,7.5,1.5,0.0,3.0,1.5,6.366666666666667,6.0,5.0,7.0,1.0,2.0,0.0,,,,True,True,UNKNOWN,False,False,NPB,2026-04-19 13:00:00,1,,,0,
2021038743,2026-04-19 13:00:00,福岡ソフトバンクホークス,オリックス・バファローズ,1.0,2.0,UNKNOWN,みずほPayPayドーム福岡,unknown,low,False,False,2108148,2107909,[],[],,,,,0,light,2026-04-19T04:00:00+00:00,,UNKNOWN,,,,UNKNOWN,UNKNOWN,,UNKNOWN,,1.5,0.8333333333333334,7.5,1.5,0.0,2.033333333333333,6.0,1.0,4.0,0.0,1.0,5.0,,,,2.1599999999999997,0.84,7.56,0.0,1.0799999999999998,3.08,8.333333333333334,2.0,7.0,1.0,0.0,7.0,,,,True,True,UNKNOWN,False,False,NPB,2026-04-19 13:00:00,1,,,0,
2021038740,2026-04-19 13:30:00,広島東洋カープ,横浜DeNAベイスターズ,0.0,2.0,UNKNOWN,MAZDA Zoom-Zoom スタジアム広島,unknown,low,False,False,2112182,1600123,[],[],,,,,0,light,2026-04-19T04:30:00+00:00,,UNKNOWN,,,,UNKNOWN,UNKNOWN,,UNKNOWN,,0.0,1.0,6.0,1.5,0.0,2.3666666666666667,6.0,0.0,5.0,0.0,1.0,4.0,,,,2.25,0.875,2.25,1.125,0.0,3.075,8.0,2.0,6.0,0.0,1.0,2.0,,,,True,True,UNKNOWN,False,False,NPB,2026-04-19 13:30:00,1,,,0,
2021038739,2026-04-19 14:00:00,阪神タイガース,中日ドラゴンズ,7.0,5.0,UNKNOWN,阪神甲子園球場,unknown,low,False,False,2000042,1850363,[],[],,,,,0,light,2026-04-19T05:00:00+00:00,,UNKNOWN,,,,UNKNOWN,UNKNOWN,,UNKNOWN,,10.125,1.875,5.0625,6.75,0.0,4.325,5.333333333333333,6.0,6.0,0.0,4.0,3.0,,,,27.0,6.0,13.5,20.25,6.75,16.7,1.3333333333333333,4.0,5.0,1.0,3.0,2.0,,,,True,True,UNKNOWN,False,False,NPB,2026-04-19 14:00:00,1,,,0,
2021038742,2026-04-19 16:00:00,東北楽天ゴールデンイーグルス,千葉ロッテマリーンズ,5.0,8.0,UNKNOWN,楽天モバイル 最強パーク宮城,unknown,low,False,False,2114737,2000121,[],[],,,,,0,light,2026-04-19T07:00:00+00:00,,UNKNOWN,,,,UNKNOWN,UNKNOWN,,UNKNOWN,,6.352941176470588,1.588235294117647,1.588235294117647,6.352941176470588,0.0,4.964705882352941,5.666666666666667,4.0,5.0,0.0,4.0,1.0,,,,2.5714285714285716,0.5714285714285714,9.0,1.2857142857142858,0.0,1.6285714285714288,7.0,2.0,3.0,0.0,1.0,7.0,,,,True,True,UNKNOWN,False,False,NPB,2026-04-19 16:00:00,1,,,0,
2021038738,2026-04-19 18:00:00,東京ヤクルトスワローズ,読売ジャイアンツ,3.0,1.0,UNKNOWN,明治神宮野球場,excluded,high,False,False,1900019,1750894,[],[],,,,,0,light,2026-04-19T09:00:00+00:00,,UNKNOWN,,,,UNKNOWN,UNKNOWN,,UNKNOWN,,3.8571428571428568,1.5,13.5,5.785714285714286,1.9285714285714284,4.914285714285715,4.666666666666667,2.0,4.0,1.0,3.0,7.0,,,,1.8,0.6,7.2,1.8,0.0,2.2,5.0,1.0,2.0,0.0,1.0,4.0,,,,True,True,UNKNOWN,False,False,NPB,2026-04-19 18:00:00,1,,,0,
2021038745,2026-04-21 17:45:00,横浜DeNAベイスターズ,阪神タイガース,16.0,9.0,UNKNOWN,横浜スタジアム,unknown,low,False,False,1600115,2100109,[],[],,,,,0,light,2026-04-21T08:45:00+00:00,,UNKNOWN,,,,UNKNOWN,UNKNOWN,,UNKNOWN,,10.8,1.8,7.2,3.6,1.8,5.4,5.0,6.0,7.0,1.0,2.0,4.0,,,,10.384615384615385,2.076923076923077,4.153846153846154,2.076923076923077,0.0,2.9692307692307693,4.333333333333333,5.0,8.0,0.0,1.0,2.0,,,,True,True,UNKNOWN,False,False,NPB,2026-04-21 17:45:00,1,,,0,
2021038744,2026-04-21 18:00:00,読売ジャイアンツ,中日ドラゴンズ,2.0,1.0,UNKNOWN,長野オリンピックスタジアム,unknown,low,False,False,2108462,1200117,[],[],,,,,0,light,2026-04-21T09:00:00+00:00,,UNKNOWN,,,,UNKNOWN,UNKNOWN,,UNKNOWN,,0.0,0.8571428571428571,7.714285714285714,0.0,0.0,1.485714285714286,7.0,0.0,6.0,0.0,0.0,6.0,,,,1.8,2.2,7.2,1.8,0.0,2.2,5.0,1.0,10.0,0.0,1.0,4.0,,,,True,True,UNKNOWN,False,False,NPB,2026-04-21 18:00:00,1,,,0,
2021038746,2026-04-21 18:00:00,広島東洋カープ,東京ヤクルトスワローズ,2.0,1.0,UNKNOWN,MAZDA Zoom-Zoom スタジアム広島,unknown,low,False,False,2103794,1900052,[],[],,,,,0,light,2026-04-21T09:00:00+00:00,,UNKNOWN,,,,UNKNOWN,UNKNOWN,,UNKNOWN,,3.0,0.6666666666666666,7.5,1.5,0.0,2.033333333333333,6.0,2.0,3.0,0.0,1.0,5.0,,,,1.2857142857142858,0.8571428571428571,3.857142857142857,2.5714285714285716,0.0,3.2,7.0,1.0,4.0,0.0,2.0,3.0,,,,True,True,UNKNOWN,False,False,NPB,2026-04-21 18:00:00,1,,,0,
2021038747,2026-04-21 18:00:00,北海道日本ハムファイターズ,東北楽天ゴールデンイーグルス,3.0,1.0,UNKNOWN,エスコンフィールドHOKKAIDO,unknown,low,False,False,2106793,2050307,[],[],,,,,0,light,2026-04-21T09:00:00+00:00,,UNKNOWN,,,,UNKNOWN,UNKNOWN,,UNKNOWN,,3.857142857142857,1.1428571428571428,12.857142857142858,0.0,0.0,0.34285714285714297,7.0,3.0,8.0,0.0,0.0,10.0,,,,1.2857142857142858,0.5714285714285714,9.0,2.5714285714285716,1.2857142857142858,3.9142857142857146,7.0,1.0,2.0,1.0,2.0,7.0,,,,True,True,UNKNOWN,False,False,NPB,2026-04-21 18:00:00,1,,,0,
2021038748,2026-04-21 18:00:00,埼玉西武ライオンズ,福岡ソフトバンクホークス,6.0,4.0,UNKNOWN,ベルーナドーム,unknown,low,False,False,1900010,1751148,[],[],,,,,0,light,2026-04-21T09:00:00+00:00,,UNKNOWN,,,,UNKNOWN,UNKNOWN,,UNKNOWN,,54.0,8.0,0.0,18.0,0.0,9.2,1.0,6.0,6.0,0.0,2.0,0.0,,,,5.142857142857143,1.0,11.571428571428571,2.5714285714285716,1.2857142857142858,3.342857142857143,7.0,4.0,5.0,1.0,2.0,9.0,,,,True,True,UNKNOWN,False,False,NPB,2026-04-21 18:00:00,1,,,0,
2021038749,2026-04-21 18:00:00,千葉ロッテマリーンズ,オリックス・バファローズ,7.0,4.0,UNKNOWN,ZOZOマリンスタジアム,unknown,low,False,False,1700109,2103904,[],[],,,,,0,light,2026-04-21T09:00:00+00:00,,UNKNOWN,,,,UNKNOWN,UNKNOWN,,UNKNOWN,,7.2,1.2,5.4,0.0,1.8,4.6,5.0,4.0,6.0,1.0,0.0,3.0,,,,7.2,1.4,7.2,3.6,1.8,5.4,5.0,4.0,5.0,1.0,2.0,4.0,,,,True,True,UNKNOWN,False,False,NPB,2026-04-21 18:00:00,1,,,0,
2021038751,2026-04-22 17:45:00,横浜DeNAベイスターズ,阪神タイガース,7.0,6.0,UNKNOWN,横浜スタジアム,unknown,low,False,False,2107862,1650915,[],[],,,,,0,light,2026-04-22T08:45:00+00:00,,UNKNOWN,,,,UNKNOWN,UNKNOWN,,UNKNOWN,,9.642857142857142,2.571428571428571,5.785714285714286,5.785714285714286,1.9285714285714284,6.628571428571428,4.666666666666667,5.0,9.0,1.0,3.0,3.0,,,,2.25,1.25,4.5,4.5,4.5,10.2,4.0,1.0,3.0,2.0,2.0,2.0,,,,True,True,UNKNOWN,False,False,NPB,2026-04-22 17:45:00,1,,,0,
2021038750,2026-04-22 18:00:00,読売ジャイアンツ,中日ドラゴンズ,5.0,1.0,UNKNOWN,上毛新聞敷島球場,unknown,low,False,False,2100410,2118993,[],[],,,,,0,light,2026-04-22T09:00:00+00:00,,UNKNOWN,,,,UNKNOWN,UNKNOWN,,UNKNOWN,,12.0,3.0,12.0,6.0,0.0,2.5333333333333337,3.0,4.0,7.0,0.0,2.0,4.0,,,,1.8,1.4,18.0,1.8,0.0,-0.19999999999999973,5.0,1.0,6.0,0.0,1.0,10.0,,,,True,True,UNKNOWN,False,False,NPB,2026-04-22 18:00:00,1,,,0,
2021038752,2026-04-22 18:00:00,広島東洋カープ,東京ヤクルトスワローズ,0.0,2.0,UNKNOWN,MAZDA Zoom-Zoom スタジアム広島,excluded,high,False,False,2000025,1300057,[],[],,,,,0,light,2026-04-22T09:00:00+00:00,,UNKNOWN,,,,UNKNOWN,UNKNOWN,,UNKNOWN,,0.0,1.0,3.0,1.5,0.0,3.0333333333333337,6.0,0.0,5.0,0.0,1.0,2.0,,,,3.6,1.4,7.2,1.8,0.0,2.2,5.0,2.0,6.0,0.0,1.0,4.0,,,,True,True,UNKNOWN,False,False,NPB,2026-04-22 18:00:00,1,,,0,
2021038753,2026-04-22 18:00:00,北海道日本ハムファイターズ,東北楽天ゴールデンイーグルス,5.0,4.0,UNKNOWN,エスコンフィールドHOKKAIDO,unknown,low,False,False,2110316,1500110,[],[],,,,,0,light,2026-04-22T09:00:00+00:00,,UNKNOWN,,,,UNKNOWN,UNKNOWN,,UNKNOWN,,4.5,1.8333333333333333,7.5,4.5,1.5,5.2,6.0,3.0,8.0,1.0,3.0,5.0,,,,1.8,0.8,9.0,0.0,0.0,1.2000000000000002,5.0,1.0,4.0,0.0,0.0,5.0,,,,True,True,UNKNOWN,False,False,NPB,2026-04-22 18:00:00,1,,,0,
2021038754,2026-04-22 18:00:00,埼玉西武ライオンズ,福岡ソフトバンクホークス,3.0,1.0,UNKNOWN,ベルーナドーム,unknown,low,False,False,1900106,1400182,[],[],,,,,0,light,2026-04-22T09:00:00+00:00,,UNKNOWN,,,,UNKNOWN,UNKNOWN,,UNKNOWN,,3.857142857142857,1.1428571428571428,5.142857142857143,1.2857142857142858,0.0,2.4857142857142858,7.0,3.0,7.0,0.0,1.0,4.0,,,,1.0,0.4444444444444444,8.0,1.0,1.0,3.2,9.0,1.0,3.0,1.0,1.0,8.0,,,,True,True,UNKNOWN,False,False,NPB,2026-04-22 18:00:00,1,,,0,
2021038755,2026-04-22 18:00:00,千葉ロッテマリーンズ,オリックス・バファローズ,1.0,4.0,UNKNOWN,ZOZOマリンスタジアム,unknown,low,False,False,1750595,2100442,[],[],,,,,0,light,2026-04-22T09:00:00+00:00,,UNKNOWN,,,,UNKNOWN,UNKNOWN,,UNKNOWN,,1.2857142857142858,0.2857142857142857,11.571428571428571,0.0,0.0,0.6285714285714286,7.0,1.0,2.0,0.0,0.0,9.0,,,,5.785714285714286,1.2857142857142856,5.785714285714286,3.8571428571428568,1.9285714285714284,5.985714285714286,4.666666666666667,3.0,4.0,1.0,2.0,3.0,,,,True,True,UNKNOWN,False,False,NPB,2026-04-22 18:00:00,1,,,0,
2021038757,2026-04-23 18:00:00,広島東洋カープ,東京ヤクルトスワローズ,0.0,2.0,UNKNOWN,MAZDA Zoom-Zoom スタジアム広島,unknown,low,False,False,1300045,2114807,[],[],,,,,0,light,2026-04-23T09:00:00+00:00,,UNKNOWN,,,,UNKNOWN,UNKNOWN,,UNKNOWN,,0.0,1.3125,8.4375,1.6875,0.0,1.8875000000000002,5.333333333333333,0.0,6.0,0.0,1.0,5.0,,,,3.6,1.2,5.4,1.8,1.8,5.2,5.0,2.0,5.0,1.0,1.0,3.0,,,,True,True,UNKNOWN,False,False,NPB,2026-04-23 18:00:00,1,,,0,
2021038758,2026-04-23 18:00:00,北海道日本ハムファイターズ,東北楽天ゴールデンイーグルス,2.0,3.0,UNKNOWN,エスコンフィールドHOKKAIDO,excluded,high,False,False,1900117,2100027,[],[],,,,,0,light,2026-04-23T09:00:00+00:00,,UNKNOWN,,,,UNKNOWN,UNKNOWN,,UNKNOWN,,3.375,1.3125,1.6875,1.6875,0.0,3.3875,5.333333333333333,2.0,6.0,0.0,1.0,1.0,,,,5.0625,2.0625,5.0625,5.0625,0.0,3.7625,5.333333333333333,3.0,8.0,0.0,3.0,3.0,,,,True,True,UNKNOWN,False,False,NPB,2026-04-23 18:00:00,1,,,0,
2021038759,2026-04-23 18:00:00,埼玉西武ライオンズ,福岡ソフトバンクホークス,3.0,4.0,UNKNOWN,ベルーナドーム,unknown,low,False,False,1550517,2103657,[],[],,,,,0,light,2026-04-23T09:00:00+00:00,,UNKNOWN,,,,UNKNOWN,UNKNOWN,,UNKNOWN,,1.2857142857142858,0.7142857142857143,11.571428571428571,0.0,0.0,0.6285714285714286,7.0,1.0,5.0,0.0,0.0,9.0,,,,1.8,1.6,9.0,3.6,0.0,2.4000000000000004,5.0,1.0,6.0,0.0,2.0,5.0,,,,True,True,UNKNOWN,False,False,NPB,2026-04-23 18:00:00,1,,,0,
2021038761,2026-04-24 18:00:00,横浜DeNAベイスターズ,読売ジャイアンツ,2.0,1.0,UNKNOWN,横浜スタジアム,unknown,low,False,False,700069,1300031,[],[],,,,,0,light,2026-04-24T09:00:00+00:00,,UNKNOWN,,,,UNKNOWN,UNKNOWN,,UNKNOWN,,0.0,1.3499999999999999,4.05,1.3499999999999999,0.0,2.75,6.666666666666667,0.0,8.0,0.0,1.0,3.0,,,,1.3499999999999999,0.8999999999999999,5.3999999999999995,2.6999999999999997,1.3499999999999999,4.85,6.666666666666667,1.0,4.0,1.0,2.0,4.0,,,,True,True,UNKNOWN,False,False,NPB,2026-04-24 18:00:00,1,,,0,
2021038762,2026-04-24 18:00:00,中日ドラゴンズ,東京ヤクルトスワローズ,6.0,4.0,UNKNOWN,バンテリンドーム ナゴヤ,unknown,low,False,False,1750696,1600106,[],[],,,,,0,light,2026-04-24T09:00:00+00:00,,UNKNOWN,,,,UNKNOWN,UNKNOWN,,UNKNOWN,,4.5,1.1666666666666667,12.0,1.5,1.5,3.2,6.0,3.0,6.0,1.0,1.0,8.0,,,,3.857142857142857,1.1428571428571428,6.428571428571429,1.2857142857142858,1.2857142857142858,4.057142857142857,7.0,3.0,7.0,1.0,1.0,5.0,,,,True,True,UNKNOWN,False,False,NPB,2026-04-24 18:00:00,1,,,0,
2021038763,2026-04-24 18:00:00,オリックス・バファローズ,北海道日本ハムファイターズ,3.0,2.0,UNKNOWN,京セラドーム大阪,unknown,low,False,False,2000079,2108177,[],[],,,,,0,light,2026-04-24T09:00:00+00:00,,UNKNOWN,,,,UNKNOWN,UNKNOWN,,UNKNOWN,,3.375,0.875,7.875,0.0,1.125,3.075,8.0,3.0,7.0,1.0,0.0,7.0,,,,1.2857142857142858,0.5714285714285714,9.0,1.2857142857142858,0.0,1.6285714285714288,7.0,1.0,3.0,0.0,1.0,7.0,,,,True,True,UNKNOWN,False,False,NPB,2026-04-24 18:00:00,1,,,0,
2021038769,2026-04-25 13:00:00,福岡ソフトバンクホークス,千葉ロッテマリーンズ,0.0,5.0,UNKNOWN,リブワーク藤崎台球場,unknown,low,False,False,1600146,1100099,[],[],,,,,0,light,2026-04-25T04:00:00+00:00,,UNKNOWN,,,,UNKNOWN,UNKNOWN,,UNKNOWN,,0.0,1.5,13.5,0.0,0.0,0.20000000000000018,0.6666666666666666,0.0,1.0,0.0,0.0,1.0,,,,7.5,1.0,3.0,0.0,3.0,6.866666666666667,6.0,5.0,6.0,2.0,0.0,2.0,,,,True,True,UNKNOWN,False,False,NPB,2026-04-25 13:00:00,1,,,0,
2021038764,2026-04-25 14:00:00,横浜DeNAベイスターズ,読売ジャイアンツ,2.0,7.0,UNKNOWN,横浜スタジアム,excluded,high,False,False,2122496,2105232,[],[],,,,,0,light,2026-04-25T05:00:00+00:00,,UNKNOWN,,,,UNKNOWN,UNKNOWN,,UNKNOWN,,6.75,2.25,10.125,13.5,0.0,5.45,2.6666666666666665,2.0,2.0,0.0,4.0,3.0,,,,23.625,4.125,6.75,6.75,3.375,8.825,2.6666666666666665,7.0,9.0,1.0,2.0,2.0,,,,True,True,UNKNOWN,False,False,NPB,2026-04-25 14:00:00,1,,,0,
2021038765,2026-04-25 14:00:00,中日ドラゴンズ,東京ヤクルトスワローズ,5.0,2.0,UNKNOWN,バンテリンドーム ナゴヤ,unknown,low,False,False,1200076,1000138,[],[],,,,,0,light,2026-04-25T05:00:00+00:00,,UNKNOWN,,,,UNKNOWN,UNKNOWN,,UNKNOWN,,7.5,1.0,3.0,3.0,3.0,7.866666666666667,6.0,5.0,4.0,2.0,2.0,2.0,,,,0.0,0.42857142857142855,7.714285714285714,0.0,0.0,1.485714285714286,7.0,0.0,3.0,0.0,0.0,6.0,,,,True,True,UNKNOWN,False,False,NPB,2026-04-25 14:00:00,1,,,0,
2021038766,2026-04-25 14:00:00,阪神タイガース,広島東洋カープ,2.0,2.0,UNKNOWN,阪神甲子園球場,unknown,low,False,False,2108238,2000055,[],[],,,,,0,light,2026-04-25T05:00:00+00:00,,UNKNOWN,,,,UNKNOWN,UNKNOWN,,UNKNOWN,,1.5,1.0,9.0,4.5,0.0,2.7,6.0,1.0,3.0,0.0,3.0,6.0,,,,1.2857142857142858,1.0,2.5714285714285716,0.0,0.0,2.628571428571429,7.0,1.0,7.0,0.0,0.0,2.0,,,,True,True,UNKNOWN,False,False,NPB,2026-04-25 14:00:00,1,,,0,
2021038767,2026-04-25 14:00:00,東北楽天ゴールデンイーグルス,埼玉西武ライオンズ,7.0,9.0,UNKNOWN,楽天モバイル 最強パーク宮城,unknown,low,False,False,2105080,1560256,[],[],,,,,0,light,2026-04-25T05:00:00+00:00,,UNKNOWN,,,,UNKNOWN,UNKNOWN,,UNKNOWN,,11.25,2.5,9.0,6.75,2.25,6.7,4.0,5.0,7.0,1.0,3.0,4.0,,,,6.75,2.25,2.25,4.5,0.0,4.2,4.0,3.0,7.0,0.0,2.0,1.0,,,,True,True,UNKNOWN,False,False,NPB,2026-04-25 14:00:00,1,,,0,
2021038768,2026-04-25 14:00:00,オリックス・バファローズ,北海道日本ハムファイターズ,4.0,2.0,UNKNOWN,京セラドーム大阪,unknown,low,False,False,1750903,1750543,[],[],,,,,0,light,2026-04-25T05:00:00+00:00,,UNKNOWN,,,,UNKNOWN,UNKNOWN,,UNKNOWN,,5.4,1.6,12.6,1.8,0.0,1.0,5.0,3.0,7.0,0.0,1.0,7.0,,,,1.8,0.8,10.8,1.8,0.0,1.4000000000000001,5.0,1.0,3.0,0.0,1.0,6.0,,,,True,True,UNKNOWN,False,False,NPB,2026-04-25 14:00:00,1,,,0,
2021038773,2026-04-26 13:00:00,東北楽天ゴールデンイーグルス,埼玉西武ライオンズ,0.0,3.0,UNKNOWN,楽天モバイル 最強パーク宮城,unknown,low,False,False,1700124,2000121,[],[],,,,,0,light,2026-04-26T04:00:00+00:00,,UNKNOWN,,,,UNKNOWN,UNKNOWN,,UNKNOWN,,0.0,0.5714285714285714,12.857142857142858,2.5714285714285716,0.0,1.2000000000000002,7.0,0.0,2.0,0.0,2.0,10.0,,,,0.0,0.625,10.125,0.0,0.0,0.9500000000000002,8.0,0.0,5.0,0.0,0.0,9.0,,,,True,True,UNKNOWN,False,False,NPB,2026-04-26 13:00:00,1,,,0,
2021038774,2026-04-26 13:00:00,オリックス・バファローズ,北海道日本ハムファイターズ,9.0,4.0,UNKNOWN,京セラドーム大阪,unknown,low,False,False,1400117,1300058,[],[],,,,,0,light,2026-04-26T04:00:00+00:00,,UNKNOWN,,,,UNKNOWN,UNKNOWN,,UNKNOWN,,21.599999999999998,2.6999999999999997,10.799999999999999,5.3999999999999995,2.6999999999999997,6.5,3.3333333333333335,8.0,7.0,1.0,2.0,4.0,,,,4.5,0.875,6.75,3.375,0.0,2.825,8.0,4.0,4.0,0.0,3.0,6.0,,,,True,True,UNKNOWN,False,False,NPB,2026-04-26 13:00:00,1,,,0,
2021038771,2026-04-26 13:30:00,中日ドラゴンズ,東京ヤクルトスワローズ,3.0,0.0,UNKNOWN,バンテリンドーム ナゴヤ,unknown,low,False,False,1900024,2000042,[],[],,,,,0,light,2026-04-26T04:30:00+00:00,,UNKNOWN,,,,UNKNOWN,UNKNOWN,,UNKNOWN,,1.5,1.3333333333333333,3.0,4.5,0.0,4.033333333333333,6.0,1.0,5.0,0.0,3.0,2.0,,,,0.0,1.1428571428571428,9.0,3.857142857142857,0.0,2.4857142857142858,7.0,0.0,5.0,0.0,3.0,7.0,,,,True,True,UNKNOWN,False,False,NPB,2026-04-26 13:30:00,1,,,0,
2021038770,2026-04-26 14:00:00,横浜DeNAベイスターズ,読売ジャイアンツ,1.0,4.0,UNKNOWN,横浜スタジアム,unknown,low,False,False,1900019,2112182,[],[],,,,,0,light,2026-04-26T05:00:00+00:00,,UNKNOWN,,,,UNKNOWN,UNKNOWN,,UNKNOWN,,0.0,0.5,4.5,0.0,0.0,2.2,6.0,0.0,3.0,0.0,0.0,3.0,,,,3.0,1.1666666666666667,9.0,0.0,0.0,1.2000000000000002,6.0,2.0,7.0,0.0,0.0,6.0,,,,True,True,UNKNOWN,False,False,NPB,2026-04-26 14:00:00,1,,,0,
2021038772,2026-04-26 14:00:00,阪神タイガース,広島東洋カープ,1.0,0.0,UNKNOWN,阪神甲子園球場,unknown,low,False,False,2000060,1700137,[],[],,,,,0,light,2026-04-26T05:00:00+00:00,,UNKNOWN,,,,UNKNOWN,UNKNOWN,,UNKNOWN,,1.2857142857142858,0.5714285714285714,5.142857142857143,2.5714285714285716,1.2857142857142858,4.771428571428571,7.0,1.0,2.0,1.0,2.0,4.0,,,,0.0,0.5714285714285714,7.714285714285714,0.0,0.0,1.485714285714286,7.0,0.0,4.0,0.0,0.0,6.0,,,,True,True,UNKNOWN,False,False,NPB,2026-04-26 14:00:00,1,,,0,
2021038775,2026-04-26 14:00:00,福岡ソフトバンクホークス,千葉ロッテマリーンズ,0.0,1.0,UNKNOWN,平和リース球場,excluded,high,False,False,2102758,2104078,[],[],,,,,0,light,2026-04-26T05:00:00+00:00,,UNKNOWN,,,,UNKNOWN,UNKNOWN,,UNKNOWN,,0.0,0.0,18.0,0.0,0.0,-0.7999999999999998,1.0,0.0,0.0,0.0,0.0,2.0,,,,4.5,0.5,9.0,0.0,4.5,7.7,2.0,1.0,1.0,1.0,0.0,2.0,,,,True,True,UNKNOWN,False,False,NPB,2026-04-26 14:00:00,1,,,0,
2021038779,2026-04-28 13:00:00,埼玉西武ライオンズ,北海道日本ハムファイターズ,1.0,2.0,UNKNOWN,ベルーナドーム,unknown,low,False,False,2111822,1800081,[],[],,,,,0,light,2026-04-28T04:00:00+00:00,,UNKNOWN,,,,UNKNOWN,UNKNOWN,,UNKNOWN,,1.1739130434782608,0.5217391304347826,7.0434782608695645,3.5217391304347823,1.1739130434782608,4.504347826086956,7.666666666666667,1.0,1.0,1.0,3.0,6.0,,,,1.125,0.625,6.75,1.125,0.0,2.075,8.0,1.0,4.0,0.0,1.0,6.0,,,,True,True,UNKNOWN,False,False,NPB,2026-04-28 13:00:00,1,,,0,
2021038776,2026-04-28 18:00:00,読売ジャイアンツ,広島東洋カープ,1.0,11.0,UNKNOWN,東京ドーム,unknown,low,False,False,1600123,1200117,[],[],,,,,0,light,2026-04-28T09:00:00+00:00,,UNKNOWN,,,,UNKNOWN,UNKNOWN,,UNKNOWN,,1.125,0.625,5.625,2.25,1.125,4.325,8.0,1.0,3.0,1.0,2.0,5.0,,,,10.8,2.6,5.4,1.8,1.8,5.2,5.0,6.0,12.0,1.0,1.0,3.0,,,,True,True,UNKNOWN,False,False,NPB,2026-04-28 18:00:00,1,,,0,
2021038777,2026-04-28 18:00:00,東京ヤクルトスワローズ,阪神タイガース,10.0,5.0,UNKNOWN,明治神宮野球場,unknown,low,False,False,1600115,2103794,[],[],,,,,0,light,2026-04-28T09:00:00+00:00,,UNKNOWN,,,,UNKNOWN,UNKNOWN,,UNKNOWN,,22.5,4.0,13.5,9.0,0.0,3.2,2.0,5.0,6.0,0.0,2.0,3.0,,,,7.2,1.2,3.6,3.6,1.8,6.2,5.0,4.0,4.0,1.0,2.0,2.0,,,,True,True,UNKNOWN,False,False,NPB,2026-04-28 18:00:00,1,,,0,
2021038778,2026-04-28 18:00:00,中日ドラゴンズ,横浜DeNAベイスターズ,3.0,0.0,UNKNOWN,バンテリンドーム ナゴヤ,unknown,low,False,False,1700058,2108462,[],[],,,,,0,light,2026-04-28T09:00:00+00:00,,UNKNOWN,,,,UNKNOWN,UNKNOWN,,UNKNOWN,,4.5,1.3333333333333333,4.5,3.0,1.5,5.366666666666667,6.0,3.0,6.0,1.0,2.0,3.0,,,,0.0,0.42857142857142855,5.142857142857143,0.0,0.0,2.0571428571428574,7.0,0.0,3.0,0.0,0.0,4.0,,,,True,True,UNKNOWN,False,False,NPB,2026-04-28 18:00:00,1,,,0,
2021038780,2026-04-28 18:00:00,千葉ロッテマリーンズ,東北楽天ゴールデンイーグルス,3.0,1.0,UNKNOWN,ZOZOマリンスタジアム,unknown,low,False,False,2106793,2103904,[],[],,,,,0,light,2026-04-28T09:00:00+00:00,,UNKNOWN,,,,UNKNOWN,UNKNOWN,,UNKNOWN,,4.5,1.3333333333333333,13.5,1.5,1.5,2.8666666666666667,6.0,3.0,7.0,1.0,1.0,9.0,,,,0.0,0.7142857142857143,15.428571428571429,5.142857142857143,0.0,1.485714285714286,7.0,0.0,1.0,0.0,4.0,12.0,,,,True,True,UNKNOWN,False,False,NPB,2026-04-28 18:00:00,1,,,0,
2021038781,2026-04-28 18:00:00,オリックス・バファローズ,福岡ソフトバンクホークス,1.0,7.0,UNKNOWN,京セラドーム大阪,unknown,low,False,False,2107909,2108148,[],[],,,,,0,light,2026-04-28T09:00:00+00:00,,UNKNOWN,,,,UNKNOWN,UNKNOWN,,UNKNOWN,,1.5,0.8333333333333334,12.0,4.5,0.0,2.033333333333333,6.0,1.0,2.0,0.0,3.0,8.0,,,,0.0,0.6666666666666666,7.5,1.5,0.0,2.033333333333333,6.0,0.0,3.0,0.0,1.0,5.0,,,,True,True,UNKNOWN,False,False,NPB,2026-04-28 18:00:00,1,,,0,
2021038783,2026-04-29 14:00:00,東京ヤクルトスワローズ,阪神タイガース,0.0,2.0,UNKNOWN,明治神宮野球場,unknown,low,False,False,1700078,2000025,[],[],,,,,0,light,2026-04-29T05:00:00+00:00,,UNKNOWN,,,,UNKNOWN,UNKNOWN,,UNKNOWN,,0.0,0.3333333333333333,7.0,0.0,0.0,1.6444444444444446,9.0,0.0,3.0,0.0,0.0,7.0,,,,1.588235294117647,1.0588235294117647,17.470588235294116,1.588235294117647,0.0,-0.1529411764705877,5.666666666666667,1.0,5.0,0.0,1.0,11.0,,,,True,True,UNKNOWN,False,False,NPB,2026-04-29 14:00:00,1,,,0,
2021038784,2026-04-29 14:00:00,中日ドラゴンズ,横浜DeNAベイスターズ,2.0,4.0,UNKNOWN,バンテリンドーム ナゴヤ,unknown,low,False,False,2101494,2100410,[],[],,,,,0,light,2026-04-29T05:00:00+00:00,,UNKNOWN,,,,UNKNOWN,UNKNOWN,,UNKNOWN,,3.6,1.0,1.8,3.6,0.0,4.0,5.0,2.0,3.0,0.0,2.0,1.0,,,,5.3999999999999995,1.05,12.149999999999999,1.3499999999999999,0.0,0.9500000000000002,6.666666666666667,4.0,6.0,0.0,1.0,9.0,,,,True,True,UNKNOWN,False,False,NPB,2026-04-29 14:00:00,1,,,0,
2021038785,2026-04-29 14:00:00,埼玉西武ライオンズ,北海道日本ハムファイターズ,3.0,0.0,UNKNOWN,ベルーナドーム,unknown,low,False,False,2050307,1400182,[],[],,,,,0,light,2026-04-29T05:00:00+00:00,,UNKNOWN,,,,UNKNOWN,UNKNOWN,,UNKNOWN,,2.5714285714285716,0.8571428571428571,7.714285714285714,1.2857142857142858,0.0,1.9142857142857144,7.0,2.0,5.0,0.0,1.0,6.0,,,,0.0,0.7142857142857143,5.142857142857143,1.2857142857142858,0.0,2.4857142857142858,7.0,0.0,4.0,0.0,1.0,4.0,,,,True,True,UNKNOWN,False,False,NPB,2026-04-29 14:00:00,1,,,0,
2021038786,2026-04-29 14:00:00,千葉ロッテマリーンズ,東北楽天ゴールデンイーグルス,5.0,3.0,UNKNOWN,ZOZOマリンスタジアム,excluded,high,False,False,700049,900081,[],[],,,,,0,light,2026-04-29T05:00:00+00:00,,UNKNOWN,,,,UNKNOWN,UNKNOWN,,UNKNOWN,,11.25,2.25,6.75,4.5,4.5,9.7,4.0,5.0,7.0,2.0,2.0,3.0,,,,4.153846153846154,1.8461538461538463,6.230769230769231,2.076923076923077,0.0,2.5076923076923077,4.333333333333333,2.0,7.0,0.0,1.0,3.0,,,,True,True,UNKNOWN,False,False,NPB,2026-04-29 14:00:00,1,,,0,
2021038787,2026-04-29 14:00:00,オリックス・バファローズ,福岡ソフトバンクホークス,5.0,4.0,UNKNOWN,京セラドーム大阪,unknown,low,False,False,1900106,1700109,[],[],,,,,0,light,2026-04-29T05:00:00+00:00,,UNKNOWN,,,,UNKNOWN,UNKNOWN,,UNKNOWN,,4.5,2.25,6.75,6.75,2.25,7.2,4.0,2.0,6.0,1.0,3.0,3.0,,,,4.764705882352941,1.0588235294117647,9.529411764705882,1.588235294117647,0.0,1.6117647058823532,5.666666666666667,3.0,5.0,0.0,1.0,6.0,,,,True,True,UNKNOWN,False,False,NPB,2026-04-29 14:00:00,1,,,0,
2021038782,2026-04-29 18:00:00,読売ジャイアンツ,広島東洋カープ,4.0,2.0,UNKNOWN,東京ドーム,unknown,low,False,False,1900052,2118993,[],[],,,,,0,light,2026-04-29T09:00:00+00:00,,UNKNOWN,,,,UNKNOWN,UNKNOWN,,UNKNOWN,,9.0,1.5,6.75,0.0,0.0,1.7000000000000002,4.0,4.0,6.0,0.0,0.0,3.0,,,,3.0,1.3333333333333333,4.5,3.0,0.0,3.2,6.0,2.0,6.0,0.0,2.0,3.0,,,,True,True,UNKNOWN,False,False,NPB,2026-04-29 18:00:00,1,,,0,
2021038788,2026-04-30 18:00:00,読売ジャイアンツ,広島東洋カープ,2.0,3.0,UNKNOWN,東京ドーム,excluded,high,False,False,1900057,2117509,[],[],,,,,0,light,2026-04-30T09:00:00+00:00,,UNKNOWN,,,,UNKNOWN,UNKNOWN,,UNKNOWN,,1.8,1.2,9.0,0.0,0.0,1.2000000000000002,5.0,1.0,6.0,0.0,0.0,5.0,,,,0.0,0.8333333333333334,15.0,7.5,0.0,2.3666666666666667,6.0,0.0,0.0,0.0,5.0,10.0,,,,True,True,UNKNOWN,False,False,NPB,2026-04-30 18:00:00,1,,,0,
2021038789,2026-04-30 18:00:00,東京ヤクルトスワローズ,阪神タイガース,2.0,10.0,UNKNOWN,明治神宮野球場,excluded,high,False,False,900062,1300045,[],[],,,,,0,light,2026-04-30T09:00:00+00:00,,UNKNOWN,,,,UNKNOWN,UNKNOWN,,UNKNOWN,,3.6,0.8,5.4,0.0,3.6,7.2,5.0,2.0,4.0,2.0,0.0,3.0,,,,11.368421052631579,2.368421052631579,5.684210526315789,2.8421052631578947,1.4210526315789473,4.936842105263159,6.333333333333333,8.0,13.0,1.0,2.0,4.0,,,,True,True,UNKNOWN,False,False,NPB,2026-04-30 18:00:00,1,,,0,
2021038790,2026-04-30 18:00:00,中日ドラゴンズ,横浜DeNAベイスターズ,2.0,6.0,UNKNOWN,バンテリンドーム ナゴヤ,excluded,high,False,False,1850838,2100961,[],[],,,,,0,light,2026-04-30T09:00:00+00:00,,UNKNOWN,,,,UNKNOWN,UNKNOWN,,UNKNOWN,,3.0,0.8333333333333334,9.0,3.0,1.5,4.366666666666667,6.0,2.0,3.0,1.0,2.0,6.0,,,,5.684210526315789,0.9473684210526316,7.105263157894737,2.8421052631578947,2.8421052631578947,6.673684210526316,6.333333333333333,4.0,4.0,2.0,2.0,5.0,,,,True,True,UNKNOWN,False,False,NPB,2026-04-30 18:00:00,1,,,0,
2021038791,2026-04-30 18:00:00,埼玉西武ライオンズ,北海道日本ハムファイターズ,2.0,3.0,UNKNOWN,ベルーナドーム,unknown,low,False,False,2000079,1751148,[],[],,,,,0,light,2026-04-30T09:00:00+00:00,,UNKNOWN,,,,UNKNOWN,UNKNOWN,,UNKNOWN,,1.2857142857142858,1.0,9.0,0.0,1.2857142857142858,3.0571428571428574,7.0,1.0,7.0,1.0,0.0,7.0,,,,1.2272727272727273,1.090909090909091,11.045454545454547,2.4545454545454546,0.0,1.5636363636363637,7.333333333333333,1.0,6.0,0.0,2.0,9.0,,,,True,True,UNKNOWN,False,False,NPB,2026-04-30 18:00:00,1,,,0,
2021038792,2026-05-01 18:00:00,東京ヤクルトスワローズ,横浜DeNAベイスターズ,16.0,5.0,UNKNOWN,明治神宮野球場,unknown,low,False,False,1300031,1750696,[],[],,,,,0,light,2026-05-01T09:00:00+00:00,,UNKNOWN,,,,UNKNOWN,UNKNOWN,,UNKNOWN,,27.0,3.5,13.5,4.5,4.5,8.2,2.0,6.0,6.0,1.0,1.0,3.0,,,,4.5,1.1666666666666667,10.5,0.0,3.0,5.2,6.0,3.0,7.0,2.0,0.0,7.0,,,,True,True,UNKNOWN,False,False,NPB,2026-05-01 18:00:00,1,,,0,
2021038793,2026-05-01 18:00:00,阪神タイガース,読売ジャイアンツ,3.0,5.0,UNKNOWN,阪神甲子園球場,unknown,low,False,False,700069,2000055,[],[],,,,,0,light,2026-05-01T09:00:00+00:00,,UNKNOWN,,,,UNKNOWN,UNKNOWN,,UNKNOWN,,5.0625,2.25,13.5,6.75,0.0,2.45,5.333333333333333,3.0,8.0,0.0,4.0,8.0,,,,9.0,1.6,9.0,5.4,1.8,5.6,5.0,5.0,5.0,1.0,3.0,5.0,,,,True,True,UNKNOWN,False,False,NPB,2026-05-01 18:00:00,1,,,0,
2021038794,2026-05-01 18:00:00,広島東洋カープ,中日ドラゴンズ,7.0,3.0,UNKNOWN,MAZDA Zoom-Zoom スタジアム広島,unknown,low,False,False,1600106,2114807,[],[],,,,,0,light,2026-05-01T09:00:00+00:00,,UNKNOWN,,,,UNKNOWN,UNKNOWN,,UNKNOWN,,3.6,1.8,7.2,7.2,0.0,4.0,5.0,2.0,5.0,0.0,4.0,4.0,,,,1.6875,2.0625,6.75,8.4375,0.0,4.5125,5.333333333333333,1.0,6.0,0.0,5.0,4.0,,,,True,True,UNKNOWN,False,False,NPB,2026-05-01 18:00:00,1,,,0,
2021038795,2026-05-01 18:00:00,北海道日本ハムファイターズ,オリックス・バファローズ,5.0,1.0,UNKNOWN,エスコンフィールドHOKKAIDO,unknown,low,False,False,1750595,1500110,[],[],,,,,0,light,2026-05-01T09:00:00+00:00,,UNKNOWN,,,,UNKNOWN,UNKNOWN,,UNKNOWN,,3.0,1.1666666666666667,9.0,1.5,3.0,6.033333333333333,6.0,2.0,6.0,2.0,1.0,6.0,,,,1.588235294117647,1.4117647058823528,1.588235294117647,1.588235294117647,0.0,3.376470588235294,5.666666666666667,1.0,7.0,0.0,1.0,1.0,,,,True,True,UNKNOWN,False,False,NPB,2026-05-01 18:00:00,1,,,0,
2021038796,2026-05-01 18:00:00,千葉ロッテマリーンズ,埼玉西武ライオンズ,0.0,10.0,UNKNOWN,ZOZOマリンスタジアム,excluded,high,False,False,2110118,2114737,[],[],,,,,0,light,2026-05-01T09:00:00+00:00,,UNKNOWN,,,,UNKNOWN,UNKNOWN,,UNKNOWN,,0.0,0.42857142857142855,11.571428571428571,1.2857142857142858,0.0,1.0571428571428574,7.0,0.0,2.0,0.0,1.0,9.0,,,,9.0,2.25,11.25,0.0,2.25,3.95,4.0,4.0,9.0,1.0,0.0,5.0,,,,True,True,UNKNOWN,False,False,NPB,2026-05-01 18:00:00,1,,,0,
2021038797,2026-05-01 18:00:00,福岡ソフトバンクホークス,東北楽天ゴールデンイーグルス,4.0,1.0,UNKNOWN,みずほPayPayドーム福岡,unknown,low,False,False,2110316,1100099,[],[],,,,,0,light,2026-05-01T09:00:00+00:00,,UNKNOWN,,,,UNKNOWN,UNKNOWN,,UNKNOWN,,1.6875,1.5,5.0625,5.0625,1.6875,6.2,5.333333333333333,1.0,5.0,1.0,3.0,3.0,,,,0.0,1.1428571428571428,9.0,3.857142857142857,0.0,2.4857142857142858,7.0,0.0,5.0,0.0,3.0,7.0,,,,True,True,UNKNOWN,False,False,NPB,2026-05-01 18:00:00,1,,,0,
2021038799,2026-05-02 14:00:00,阪神タイガース,読売ジャイアンツ,7.0,5.0,UNKNOWN,阪神甲子園球場,unknown,low,False,False,2108022,1700137,[],[],,,,,0,light,2026-05-02T05:00:00+00:00,,UNKNOWN,,,,UNKNOWN,UNKNOWN,,UNKNOWN,,3.6,2.4,5.4,5.4,0.0,3.8000000000000003,5.0,2.0,9.0,0.0,3.0,3.0,,,,1.2857142857142858,0.7142857142857143,6.428571428571429,1.2857142857142858,0.0,2.2,7.0,1.0,4.0,0.0,1.0,5.0,,,,True,True,UNKNOWN,False,False,NPB,2026-05-02 14:00:00,1,,,0,
2021038800,2026-05-02 14:00:00,広島東洋カープ,中日ドラゴンズ,0.0,4.0,UNKNOWN,MAZDA Zoom-Zoom スタジアム広島,unknown,low,False,False,1000138,2108238,[],[],,,,,0,light,2026-05-02T05:00:00+00:00,,UNKNOWN,,,,UNKNOWN,UNKNOWN,,UNKNOWN,,0.0,0.8333333333333334,6.0,1.5,0.0,2.3666666666666667,6.0,0.0,4.0,0.0,1.0,4.0,,,,0.0,1.2,9.0,3.6,0.0,2.4000000000000004,5.0,0.0,4.0,0.0,2.0,5.0,,,,True,True,UNKNOWN,False,False,NPB,2026-05-02 14:00:00,1,,,0,
2021038801,2026-05-02 14:00:00,北海道日本ハムファイターズ,オリックス・バファローズ,9.0,10.0,UNKNOWN,エスコンフィールドHOKKAIDO,unknown,low,False,False,2108177,2100554,[],[],,,,,0,light,2026-05-02T05:00:00+00:00,,UNKNOWN,,,,UNKNOWN,UNKNOWN,,UNKNOWN,,20.25,3.0,10.125,3.375,3.375,6.95,2.6666666666666665,6.0,7.0,1.0,1.0,3.0,,,,4.5,2.0,13.5,6.75,2.25,5.7,4.0,2.0,5.0,1.0,3.0,6.0,,,,True,True,UNKNOWN,False,False,NPB,2026-05-02 14:00:00,1,,,0,
2021038802,2026-05-02 14:00:00,千葉ロッテマリーンズ,埼玉西武ライオンズ,4.0,5.0,UNKNOWN,ZOZOマリンスタジアム,unknown,low,False,False,2105080,2102758,[],[],,,,,0,light,2026-05-02T05:00:00+00:00,,UNKNOWN,,,,UNKNOWN,UNKNOWN,,UNKNOWN,,5.3999999999999995,1.3499999999999999,8.1,1.3499999999999999,0.0,1.8500000000000003,6.666666666666667,4.0,8.0,0.0,1.0,6.0,,,,4.5,1.5,6.0,3.0,3.0,7.2,6.0,3.0,7.0,2.0,2.0,4.0,,,,True,True,UNKNOWN,False,False,NPB,2026-05-02 14:00:00,1,,,0,
2021038803,2026-05-02 14:00:00,福岡ソフトバンクホークス,東北楽天ゴールデンイーグルス,5.0,0.0,UNKNOWN,みずほPayPayドーム福岡,unknown,low,False,False,1560256,1550517,[],[],,,,,0,light,2026-05-02T05:00:00+00:00,,UNKNOWN,,,,UNKNOWN,UNKNOWN,,UNKNOWN,,9.0,2.0,9.0,7.2,3.6,8.8,5.0,5.0,6.0,2.0,4.0,5.0,,,,0.0,1.2857142857142858,9.0,1.2857142857142858,0.0,1.6285714285714288,7.0,0.0,8.0,0.0,1.0,7.0,,,,True,True,UNKNOWN,False,False,NPB,2026-05-02 14:00:00,1,,,0,
2021038798,2026-05-02 18:00:00,東京ヤクルトスワローズ,横浜DeNAベイスターズ,6.0,5.0,UNKNOWN,明治神宮野球場,unknown,low,False,False,2000034,1200076,[],[],,,,,0,light,2026-05-02T09:00:00+00:00,,UNKNOWN,,,,UNKNOWN,UNKNOWN,,UNKNOWN,,3.8571428571428568,1.9285714285714284,13.5,3.8571428571428568,0.0,1.485714285714286,4.666666666666667,2.0,7.0,0.0,2.0,7.0,,,,6.75,1.125,6.75,3.375,0.0,2.825,5.333333333333333,4.0,4.0,0.0,2.0,4.0,,,,True,True,UNKNOWN,False,False,NPB,2026-05-02 18:00:00,1,,,0,
2021038807,2026-05-03 13:00:00,北海道日本ハムファイターズ,オリックス・バファローズ,3.0,0.0,UNKNOWN,エスコンフィールドHOKKAIDO,unknown,low,False,False,1300058,1750903,[],[],,,,,0,light,2026-05-03T04:00:00+00:00,,UNKNOWN,,,,UNKNOWN,UNKNOWN,,UNKNOWN,,1.5,1.3333333333333333,15.0,4.5,1.5,3.5333333333333337,6.0,1.0,5.0,1.0,3.0,10.0,,,,0.0,0.3333333333333333,7.0,0.0,0.0,1.6444444444444446,9.0,0.0,3.0,0.0,0.0,7.0,,,,True,True,UNKNOWN,False,False,NPB,2026-05-03 13:00:00,1,,,0,
2021038809,2026-05-03 13:00:00,福岡ソフトバンクホークス,東北楽天ゴールデンイーグルス,0.0,7.0,UNKNOWN,みずほPayPayドーム福岡,unknown,low,False,False,2000121,2104078,[],[],,,,,0,light,2026-05-03T04:00:00+00:00,,UNKNOWN,,,,UNKNOWN,UNKNOWN,,UNKNOWN,,0.0,0.8571428571428571,11.571428571428571,3.857142857142857,0.0,1.9142857142857144,7.0,0.0,3.0,0.0,3.0,9.0,,,,0.0,0.8,1.8,0.0,0.0,2.8000000000000003,5.0,0.0,4.0,0.0,0.0,1.0,,,,True,True,UNKNOWN,False,False,NPB,2026-05-03 13:00:00,1,,,0,
2021038805,2026-05-03 14:00:00,阪神タイガース,読売ジャイアンツ,3.0,0.0,UNKNOWN,阪神甲子園球場,unknown,low,False,False,1900019,1600115,[],[],,,,,0,light,2026-05-03T05:00:00+00:00,,UNKNOWN,,,,UNKNOWN,UNKNOWN,,UNKNOWN,,3.0,1.1666666666666667,12.0,3.0,0.0,1.5333333333333334,6.0,2.0,5.0,0.0,2.0,8.0,,,,0.0,0.8571428571428571,14.142857142857142,2.5714285714285716,0.0,0.9142857142857146,7.0,0.0,4.0,0.0,2.0,11.0,,,,True,True,UNKNOWN,False,False,NPB,2026-05-03 14:00:00,1,,,0,
2021038808,2026-05-03 14:00:00,千葉ロッテマリーンズ,埼玉西武ライオンズ,10.0,0.0,UNKNOWN,ZOZOマリンスタジアム,unknown,low,False,False,1700124,2100442,[],[],,,,,0,light,2026-05-03T05:00:00+00:00,,UNKNOWN,,,,UNKNOWN,UNKNOWN,,UNKNOWN,,18.0,4.0,9.0,18.0,0.0,7.2,1.0,2.0,2.0,0.0,2.0,1.0,,,,0.0,1.0,3.857142857142857,1.2857142857142858,0.0,2.771428571428572,7.0,0.0,6.0,0.0,1.0,3.0,,,,True,True,UNKNOWN,False,False,NPB,2026-05-03 14:00:00,1,,,0,
2021038804,2026-05-03 18:00:00,東京ヤクルトスワローズ,横浜DeNAベイスターズ,2.0,12.0,UNKNOWN,明治神宮野球場,unknown,low,False,False,2112182,2108291,[],[],,,,,0,light,2026-05-03T09:00:00+00:00,,UNKNOWN,,,,UNKNOWN,UNKNOWN,,UNKNOWN,,0.0,1.3333333333333333,7.5,3.0,0.0,2.5333333333333337,6.0,0.0,6.0,0.0,2.0,5.0,,,,4.764705882352941,1.9411764705882353,4.764705882352941,3.176470588235294,1.588235294117647,5.4941176470588236,5.666666666666667,3.0,9.0,1.0,2.0,3.0,,,,True,True,UNKNOWN,False,False,NPB,2026-05-03 18:00:00,1,,,0,
2021038812,2026-05-04 14:30:00,中日ドラゴンズ,阪神タイガース,7.0,3.0,UNKNOWN,バンテリンドーム ナゴヤ,excluded,high,False,False,2104016,1951008,[],[],,,,,0,light,2026-05-04T05:30:00+00:00,,UNKNOWN,,,,UNKNOWN,UNKNOWN,,UNKNOWN,,9.0,2.2,5.4,7.2,3.6,9.600000000000001,5.0,5.0,7.0,2.0,4.0,3.0,,,,3.857142857142857,1.0,11.571428571428571,5.142857142857143,0.0,2.342857142857143,7.0,3.0,3.0,0.0,4.0,9.0,,,,True,True,UNKNOWN,False,False,NPB,2026-05-04 14:30:00,1,,,0,
2021038811,2026-05-04 15:00:00,横浜DeNAベイスターズ,広島東洋カープ,11.0,8.0,UNKNOWN,横浜スタジアム,unknown,low,False,False,1300057,1650915,[],[],,,,,0,light,2026-05-04T06:00:00+00:00,,UNKNOWN,,,,UNKNOWN,UNKNOWN,,UNKNOWN,,23.142857142857142,3.8571428571428568,0.0,3.8571428571428568,0.0,4.485714285714286,2.3333333333333335,6.0,8.0,0.0,1.0,0.0,,,,7.5,1.1666666666666667,6.0,3.0,3.0,7.2,6.0,5.0,5.0,2.0,2.0,4.0,,,,True,True,UNKNOWN,False,False,NPB,2026-05-04 15:00:00,1,,,0,
2021038810,2026-05-04 18:00:00,読売ジャイアンツ,東京ヤクルトスワローズ,1.0,5.0,UNKNOWN,東京ドーム,excluded,high,False,False,1900024,1800028,[],[],,,,,0,light,2026-05-04T09:00:00+00:00,,UNKNOWN,,,,UNKNOWN,UNKNOWN,,UNKNOWN,,1.5,1.1666666666666667,7.5,0.0,0.0,1.5333333333333334,6.0,1.0,7.0,0.0,0.0,5.0,,,,9.0,1.4,9.0,1.8,1.8,4.4,5.0,5.0,6.0,1.0,1.0,5.0,,,,True,True,UNKNOWN,False,False,NPB,2026-05-04 18:00:00,1,,,0,
2021038813,2026-05-04 18:00:00,東北楽天ゴールデンイーグルス,北海道日本ハムファイターズ,3.0,1.0,UNKNOWN,楽天モバイル 最強パーク宮城,unknown,low,False,False,2100027,1900117,[],[],,,,,0,light,2026-05-04T09:00:00+00:00,,UNKNOWN,,,,UNKNOWN,UNKNOWN,,UNKNOWN,,2.4545454545454546,0.9545454545454546,8.590909090909092,1.2272727272727273,2.4545454545454546,5.245454545454546,7.333333333333333,2.0,6.0,2.0,1.0,7.0,,,,0.0,1.7647058823529411,4.764705882352941,4.764705882352941,0.0,3.7294117647058824,5.666666666666667,0.0,7.0,0.0,3.0,3.0,,,,True,True,UNKNOWN,False,False,NPB,2026-05-04 18:00:00,1,,,0,
2021038814,2026-05-04 18:00:00,埼玉西武ライオンズ,福岡ソフトバンクホークス,10.0,2.0,UNKNOWN,ベルーナドーム,unknown,low,False,False,2100596,2103657,[],[],,,,,0,light,2026-05-04T09:00:00+00:00,,UNKNOWN,,,,UNKNOWN,UNKNOWN,,UNKNOWN,,15.75,3.75,11.25,2.25,4.5,7.95,4.0,7.0,14.0,2.0,1.0,5.0,,,,3.0,1.1666666666666667,6.0,4.5,1.5,5.533333333333333,6.0,2.0,4.0,1.0,3.0,4.0,,,,True,True,UNKNOWN,False,False,NPB,2026-05-04 18:00:00,1,,,0,
2021038815,2026-05-04 18:00:00,オリックス・バファローズ,千葉ロッテマリーンズ,3.0,0.0,UNKNOWN,京セラドーム大阪,excluded,high,False,False,1800052,1750543,[],[],,,,,0,light,2026-05-04T09:00:00+00:00,,UNKNOWN,,,,UNKNOWN,UNKNOWN,,UNKNOWN,,1.2857142857142858,0.8571428571428571,1.2857142857142858,0.0,0.0,2.9142857142857146,7.0,1.0,6.0,0.0,0.0,1.0,,,,0.0,1.0,1.2857142857142858,2.5714285714285716,0.0,3.7714285714285714,7.0,0.0,5.0,0.0,2.0,1.0,,,,True,True,UNKNOWN,False,False,NPB,2026-05-04 18:00:00,1,,,0,
2021038816,2026-05-05 14:00:00,読売ジャイアンツ,東京ヤクルトスワローズ,3.0,2.0,UNKNOWN,東京ドーム,unknown,low,False,False,2103794,2103689,[],[],,,,,0,light,2026-05-05T05:00:00+00:00,,UNKNOWN,,,,UNKNOWN,UNKNOWN,,UNKNOWN,,3.375,0.75,4.5,4.5,1.125,5.325,8.0,3.0,2.0,1.0,4.0,4.0,,,,0.0,0.8,5.4,1.8,0.0,2.6,5.0,0.0,3.0,0.0,1.0,3.0,,,,True,True,UNKNOWN,False,False,NPB,2026-05-05 14:00:00,1,,,0,
2021038817,2026-05-05 14:00:00,横浜DeNAベイスターズ,広島東洋カープ,5.0,5.0,UNKNOWN,横浜スタジアム,unknown,low,False,False,1600123,1700058,[],[],,,,,0,light,2026-05-05T05:00:00+00:00,,UNKNOWN,,,,UNKNOWN,UNKNOWN,,UNKNOWN,,3.0,1.3333333333333333,7.5,3.0,1.5,4.7,6.0,2.0,6.0,1.0,2.0,5.0,,,,0.0,0.8333333333333334,6.0,1.5,0.0,2.3666666666666667,6.0,0.0,4.0,0.0,1.0,4.0,,,,True,True,UNKNOWN,False,False,NPB,2026-05-05 14:00:00,1,,,0,
2021038818,2026-05-05 14:00:00,中日ドラゴンズ,阪神タイガース,7.0,3.0,UNKNOWN,バンテリンドーム ナゴヤ,unknown,low,False,False,2112127,2108462,[],[],,,,,0,light,2026-05-05T05:00:00+00:00,,UNKNOWN,,,,UNKNOWN,UNKNOWN,,UNKNOWN,,15.0,2.3333333333333335,18.0,9.0,6.0,10.866666666666667,3.0,5.0,4.0,2.0,3.0,6.0,,,,2.5714285714285716,0.7142857142857143,7.714285714285714,1.2857142857142858,2.5714285714285716,5.628571428571428,7.0,2.0,4.0,2.0,1.0,6.0,,,,True,True,UNKNOWN,False,False,NPB,2026-05-05 14:00:00,1,,,0,
2021038819,2026-05-05 14:00:00,東北楽天ゴールデンイーグルス,北海道日本ハムファイターズ,3.0,2.0,UNKNOWN,楽天モバイル 最強パーク宮城,unknown,low,False,False,2111822,2106793,[],[],,,,,0,light,2026-05-05T05:00:00+00:00,,UNKNOWN,,,,UNKNOWN,UNKNOWN,,UNKNOWN,,3.375,0.5,12.375,0.0,2.25,3.7,8.0,3.0,4.0,2.0,0.0,11.0,,,,2.5714285714285716,1.0,5.142857142857143,2.5714285714285716,2.5714285714285716,6.628571428571428,7.0,2.0,5.0,2.0,2.0,4.0,,,,True,True,UNKNOWN,False,False,NPB,2026-05-05 14:00:00,1,,,0,
2021038820,2026-05-05 14:00:00,埼玉西武ライオンズ,福岡ソフトバンクホークス,4.0,6.0,UNKNOWN,ベルーナドーム,unknown,low,False,False,2107909,1800081,[],[],,,,,0,light,2026-05-05T05:00:00+00:00,,UNKNOWN,,,,UNKNOWN,UNKNOWN,,UNKNOWN,,6.230769230769231,1.6153846153846154,8.307692307692308,6.230769230769231,2.076923076923077,6.430769230769231,4.333333333333333,3.0,4.0,1.0,3.0,4.0,,,,10.8,2.2,10.8,7.2,1.8,5.800000000000001,5.0,6.0,7.0,1.0,4.0,6.0,,,,True,True,UNKNOWN,False,False,NPB,2026-05-05 14:00:00,1,,,0,
2021038821,2026-05-05 14:00:00,オリックス・バファローズ,千葉ロッテマリーンズ,6.0,1.0,UNKNOWN,京セラドーム大阪,unknown,low,False,False,2103904,2108148,[],[],,,,,0,light,2026-05-05T05:00:00+00:00,,UNKNOWN,,,,UNKNOWN,UNKNOWN,,UNKNOWN,,7.5,1.6666666666666667,6.0,3.0,0.0,2.8666666666666667,6.0,5.0,8.0,0.0,2.0,4.0,,,,0.0,0.5714285714285714,6.428571428571429,0.0,0.0,1.7714285714285716,7.0,0.0,4.0,0.0,0.0,5.0,,,,True,True,UNKNOWN,False,False,NPB,2026-05-05 14:00:00,1,,,0,
2021038826,2026-05-06 13:00:00,埼玉西武ライオンズ,福岡ソフトバンクホークス,10.0,2.0,UNKNOWN,ベルーナドーム,unknown,low,False,False,1900106,1400182,[],[],,,,,0,light,2026-05-06T04:00:00+00:00,,UNKNOWN,,,,UNKNOWN,UNKNOWN,,UNKNOWN,,14.4,2.6,5.4,1.8,1.8,5.2,5.0,8.0,12.0,1.0,1.0,3.0,,,,0.0,0.5,7.5,1.5,0.0,2.033333333333333,6.0,0.0,2.0,0.0,1.0,5.0,,,,True,True,UNKNOWN,False,False,NPB,2026-05-06 13:00:00,1,,,0,
2021038827,2026-05-06 13:00:00,オリックス・バファローズ,千葉ロッテマリーンズ,3.0,0.0,UNKNOWN,京セラドーム大阪,unknown,low,False,False,900081,1700109,[],[],,,,,0,light,2026-05-06T04:00:00+00:00,,UNKNOWN,,,,UNKNOWN,UNKNOWN,,UNKNOWN,,3.0,0.8333333333333334,4.5,3.0,0.0,3.2,6.0,2.0,3.0,0.0,2.0,3.0,,,,0.0,0.8333333333333334,1.5,1.5,0.0,3.3666666666666667,6.0,0.0,4.0,0.0,1.0,1.0,,,,True,True,UNKNOWN,False,False,NPB,2026-05-06 13:00:00,1,,,0,
2021038822,2026-05-06 14:00:00,読売ジャイアンツ,東京ヤクルトスワローズ,0.0,5.0,UNKNOWN,東京ドーム,unknown,low,False,False,2000025,2118993,[],[],,,,,0,light,2026-05-06T05:00:00+00:00,,UNKNOWN,,,,UNKNOWN,UNKNOWN,,UNKNOWN,,0.0,1.0,7.5,1.5,0.0,2.033333333333333,6.0,0.0,5.0,0.0,1.0,5.0,,,,6.75,1.5,8.1,4.05,2.6999999999999997,6.65,6.666666666666667,5.0,7.0,2.0,3.0,6.0,,,,True,True,UNKNOWN,False,False,NPB,2026-05-06 14:00:00,1,,,0,
2021038823,2026-05-06 14:00:00,横浜DeNAベイスターズ,広島東洋カープ,0.0,10.0,UNKNOWN,横浜スタジアム,unknown,low,False,False,2000060,2100109,[],[],,,,,0,light,2026-05-06T05:00:00+00:00,,UNKNOWN,,,,UNKNOWN,UNKNOWN,,UNKNOWN,,0.0,0.42857142857142855,7.714285714285714,0.0,0.0,1.485714285714286,7.0,0.0,3.0,0.0,0.0,6.0,,,,5.785714285714286,1.9285714285714284,3.8571428571428568,1.9285714285714284,1.9285714285714284,5.771428571428571,4.666666666666667,3.0,8.0,1.0,1.0,2.0,,,,True,True,UNKNOWN,False,False,NPB,2026-05-06 14:00:00,1,,,0,
2021038824,2026-05-06 14:00:00,中日ドラゴンズ,阪神タイガース,0.0,2.0,UNKNOWN,バンテリンドーム ナゴヤ,unknown,low,False,False,1700078,2000042,[],[],,,,,0,light,2026-05-06T05:00:00+00:00,,UNKNOWN,,,,UNKNOWN,UNKNOWN,,UNKNOWN,,0.0,0.2222222222222222,10.0,0.0,0.0,0.9777777777777779,9.0,0.0,2.0,0.0,0.0,10.0,,,,2.25,1.125,16.875,2.25,1.125,1.8250000000000002,8.0,2.0,7.0,1.0,2.0,15.0,,,,True,True,UNKNOWN,False,False,NPB,2026-05-06 14:00:00,1,,,0,
2021038825,2026-05-06 14:00:00,東北楽天ゴールデンイーグルス,北海道日本ハムファイターズ,2.0,12.0,UNKNOWN,楽天モバイル 最強パーク宮城,unknown,low,False,False,2000079,700049,[],[],,,,,0,light,2026-05-06T05:00:00+00:00,,UNKNOWN,,,,UNKNOWN,UNKNOWN,,UNKNOWN,,1.2857142857142858,0.8571428571428571,3.857142857142857,2.5714285714285716,1.2857142857142858,5.057142857142857,7.0,1.0,4.0,1.0,2.0,3.0,,,,1.8,1.0,3.6,3.6,0.0,3.6,5.0,1.0,3.0,0.0,2.0,2.0,,,,True,True,UNKNOWN,False,False,NPB,2026-05-06 14:00:00,1,,,0,
2021038828,2026-05-08 18:00:00,中日ドラゴンズ,読売ジャイアンツ,9.0,2.0,UNKNOWN,バンテリンドーム ナゴヤ,unknown,low,False,False,2117509,1600106,[],[],,,,,0,light,2026-05-08T09:00:00+00:00,,UNKNOWN,,,,UNKNOWN,UNKNOWN,,UNKNOWN,,6.230769230769231,1.6153846153846154,12.461538461538462,6.230769230769231,2.076923076923077,5.507692307692308,4.333333333333333,3.0,4.0,1.0,3.0,6.0,,,,2.8421052631578947,1.2631578947368423,14.210526315789474,1.4210526315789473,0.0,0.5157894736842108,6.333333333333333,2.0,7.0,0.0,1.0,10.0,,,,True,True,UNKNOWN,False,False,NPB,2026-05-08 18:00:00,1,,,0,
2021038829,2026-05-08 18:00:00,阪神タイガース,横浜DeNAベイスターズ,1.0,10.0,UNKNOWN,阪神甲子園球場,unknown,low,False,False,1300031,2000055,[],[],,,,,0,light,2026-05-08T09:00:00+00:00,,UNKNOWN,,,,UNKNOWN,UNKNOWN,,UNKNOWN,,1.6875,1.3125,15.1875,3.375,1.6875,3.3875,5.333333333333333,1.0,5.0,1.0,2.0,9.0,,,,0.0,0.8571428571428571,7.714285714285714,1.2857142857142858,0.0,1.9142857142857144,7.0,0.0,5.0,0.0,1.0,6.0,,,,True,True,UNKNOWN,False,False,NPB,2026-05-08 18:00:00,1,,,0,
2021038830,2026-05-08 18:00:00,広島東洋カープ,東京ヤクルトスワローズ,1.0,4.0,UNKNOWN,MAZDA Zoom-Zoom スタジアム広島,unknown,low,False,False,1300045,1900052,[],[],,,,,0,light,2026-05-08T09:00:00+00:00,,UNKNOWN,,,,UNKNOWN,UNKNOWN,,UNKNOWN,,1.5,0.8333333333333334,6.0,0.0,1.5,4.033333333333333,6.0,1.0,5.0,1.0,0.0,4.0,,,,3.6,1.8,9.0,1.8,0.0,1.8000000000000003,5.0,2.0,8.0,0.0,1.0,5.0,,,,True,True,UNKNOWN,False,False,NPB,2026-05-08 18:00:00,1,,,0,
2021038831,2026-05-08 18:00:00,埼玉西武ライオンズ,東北楽天ゴールデンイーグルス,4.0,2.0,UNKNOWN,ベルーナドーム,unknown,low,False,False,1560256,1751148,[],[],,,,,0,light,2026-05-08T09:00:00+00:00,,UNKNOWN,,,,UNKNOWN,UNKNOWN,,UNKNOWN,,4.5,1.3333333333333333,3.0,1.5,0.0,3.0333333333333337,6.0,3.0,7.0,0.0,1.0,2.0,,,,2.25,0.875,3.375,0.0,0.0,2.45,8.0,2.0,7.0,0.0,0.0,3.0,,,,True,True,UNKNOWN,False,False,NPB,2026-05-08 18:00:00,1,,,0,
2021038832,2026-05-08 18:00:00,オリックス・バファローズ,北海道日本ハムファイターズ,4.0,3.0,UNKNOWN,京セラドーム大阪,excluded,high,False,False,2050307,2108361,[],[],,,,,0,light,2026-05-08T09:00:00+00:00,,UNKNOWN,,,,UNKNOWN,UNKNOWN,,UNKNOWN,,4.5,1.3333333333333333,7.5,4.5,1.5,5.2,6.0,3.0,5.0,1.0,3.0,5.0,,,,6.0,1.6666666666666667,9.0,0.0,0.0,1.2000000000000002,3.0,2.0,5.0,0.0,0.0,3.0,,,,True,True,UNKNOWN,False,False,NPB,2026-05-08 18:00:00,1,,,0,
2021038833,2026-05-08 18:00:00,福岡ソフトバンクホークス,千葉ロッテマリーンズ,6.0,5.0,UNKNOWN,みずほPayPayドーム福岡,unknown,low,False,False,2114737,1100099,[],[],,,,,0,light,2026-05-08T09:00:00+00:00,,UNKNOWN,,,,UNKNOWN,UNKNOWN,,UNKNOWN,,4.5,0.8333333333333334,6.0,1.5,1.5,4.533333333333333,6.0,3.0,4.0,1.0,1.0,4.0,,,,9.0,2.4,3.6,1.8,0.0,3.0,5.0,5.0,11.0,0.0,1.0,2.0,,,,True,True,UNKNOWN,False,False,NPB,2026-05-08 18:00:00,1,,,0,
2021038834,2026-05-09 14:00:00,中日ドラゴンズ,読売ジャイアンツ,4.0,2.0,UNKNOWN,バンテリンドーム ナゴヤ,unknown,low,False,False,700069,1000138,[],[],,,,,0,light,2026-05-09T05:00:00+00:00,,UNKNOWN,,,,UNKNOWN,UNKNOWN,,UNKNOWN,,1.8,1.6,5.4,5.4,0.0,3.8000000000000003,5.0,1.0,5.0,0.0,3.0,3.0,,,,0.0,0.7142857142857143,6.428571428571429,1.2857142857142858,0.0,2.2,7.0,0.0,4.0,0.0,1.0,5.0,,,,True,True,UNKNOWN,False,False,NPB,2026-05-09 14:00:00,1,,,0,
2021038835,2026-05-09 14:00:00,阪神タイガース,横浜DeNAベイスターズ,1.0,3.0,UNKNOWN,阪神甲子園球場,unknown,low,False,False,1850838,1700137,[],[],,,,,0,light,2026-05-09T05:00:00+00:00,,UNKNOWN,,,,UNKNOWN,UNKNOWN,,UNKNOWN,,1.5,1.3333333333333333,9.0,6.0,0.0,3.2,6.0,1.0,4.0,0.0,4.0,6.0,,,,3.375,1.375,3.375,1.125,0.0,2.825,8.0,3.0,10.0,0.0,1.0,3.0,,,,True,True,UNKNOWN,False,False,NPB,2026-05-09 14:00:00,1,,,0,
2021038836,2026-05-09 14:00:00,広島東洋カープ,東京ヤクルトスワローズ,0.0,4.0,UNKNOWN,MAZDA Zoom-Zoom スタジアム広島,unknown,low,False,False,1750696,2114807,[],[],,,,,0,light,2026-05-09T05:00:00+00:00,,UNKNOWN,,,,UNKNOWN,UNKNOWN,,UNKNOWN,,0.0,0.375,7.875,2.25,0.0,2.2,8.0,0.0,1.0,0.0,2.0,7.0,,,,6.0,1.3333333333333333,9.0,4.5,1.5,4.866666666666667,6.0,4.0,5.0,1.0,3.0,6.0,,,,True,True,UNKNOWN,False,False,NPB,2026-05-09 14:00:00,1,,,0,
2021038837,2026-05-09 14:00:00,埼玉西武ライオンズ,東北楽天ゴールデンイーグルス,6.0,2.0,UNKNOWN,ベルーナドーム,unknown,low,False,False,2110316,2110118,[],[],,,,,0,light,2026-05-09T05:00:00+00:00,,UNKNOWN,,,,UNKNOWN,UNKNOWN,,UNKNOWN,,7.714285714285714,1.4285714285714286,6.428571428571429,1.2857142857142858,2.5714285714285716,5.914285714285715,7.0,6.0,9.0,2.0,1.0,5.0,,,,3.6,1.2,1.8,3.6,1.8,6.6,5.0,2.0,4.0,1.0,2.0,1.0,,,,True,True,UNKNOWN,False,False,NPB,2026-05-09 14:00:00,1,,,0,
2021038838,2026-05-09 14:00:00,オリックス・バファローズ,北海道日本ハムファイターズ,0.0,3.0,UNKNOWN,京セラドーム大阪,unknown,low,False,False,1500110,1750595,[],[],,,,,0,light,2026-05-09T05:00:00+00:00,,UNKNOWN,,,,UNKNOWN,UNKNOWN,,UNKNOWN,,0.0,0.375,3.375,0.0,0.0,2.45,8.0,0.0,3.0,0.0,0.0,3.0,,,,5.785714285714286,2.357142857142857,5.785714285714286,1.9285714285714284,1.9285714285714284,5.342857142857143,4.666666666666667,3.0,10.0,1.0,1.0,3.0,,,,True,True,UNKNOWN,False,False,NPB,2026-05-09 14:00:00,1,,,0,
2021038839,2026-05-09 14:00:00,福岡ソフトバンクホークス,千葉ロッテマリーンズ,4.0,5.0,UNKNOWN,みずほPayPayドーム福岡,unknown,low,False,False,2102758,1550517,[],[],,,,,0,light,2026-05-09T05:00:00+00:00,,UNKNOWN,,,,UNKNOWN,UNKNOWN,,UNKNOWN,,9.0,1.5,11.25,6.75,4.5,9.45,4.0,4.0,3.0,2.0,3.0,5.0,,,,4.2631578947368425,1.5789473684210527,9.947368421052632,4.2631578947368425,2.8421052631578947,6.515789473684211,6.333333333333333,3.0,7.0,2.0,3.0,7.0,,,,True,True,UNKNOWN,False,False,NPB,2026-05-09 14:00:00,1,,,0,
2021038844,2026-05-10 13:00:00,オリックス・バファローズ,北海道日本ハムファイターズ,0.0,2.0,UNKNOWN,京セラドーム大阪,unknown,low,False,False,1750903,2108177,[],[],,,,,0,light,2026-05-10T04:00:00+00:00,,UNKNOWN,,,,UNKNOWN,UNKNOWN,,UNKNOWN,,0.0,1.0,7.875,1.125,0.0,1.8250000000000002,8.0,0.0,7.0,0.0,1.0,7.0,,,,3.0,1.5,7.5,4.5,1.5,5.2,6.0,2.0,6.0,1.0,3.0,5.0,,,,True,True,UNKNOWN,False,False,NPB,2026-05-10 13:00:00,1,,,0,
2021038840,2026-05-10 13:30:00,中日ドラゴンズ,読売ジャイアンツ,4.0,9.0,UNKNOWN,バンテリンドーム ナゴヤ,excluded,high,False,False,1450977,2100410,[],[],,,,,0,light,2026-05-10T04:30:00+00:00,,UNKNOWN,,,,UNKNOWN,UNKNOWN,,UNKNOWN,,8.307692307692308,1.8461538461538463,6.230769230769231,2.076923076923077,4.153846153846154,8.50769230769231,4.333333333333333,4.0,7.0,2.0,1.0,3.0,,,,5.4,1.2,10.8,3.6,1.8,4.6,5.0,3.0,4.0,1.0,2.0,6.0,,,,True,True,UNKNOWN,False,False,NPB,2026-05-10 13:30:00,1,,,0,
2021038842,2026-05-10 13:30:00,広島東洋カープ,東京ヤクルトスワローズ,4.0,0.0,UNKNOWN,MAZDA Zoom-Zoom スタジアム広島,excluded,high,False,False,1851155,2114641,[],[],,,,,0,light,2026-05-10T04:30:00+00:00,,UNKNOWN,,,,UNKNOWN,UNKNOWN,,UNKNOWN,,3.0,1.6666666666666667,3.0,9.0,0.0,5.533333333333333,3.0,1.0,2.0,0.0,3.0,1.0,,,,0.0,0.5,4.5,0.0,0.0,2.2,2.0,0.0,1.0,0.0,0.0,1.0,,,,True,True,UNKNOWN,False,False,NPB,2026-05-10 13:30:00,1,,,0,
2021038841,2026-05-10 14:00:00,阪神タイガース,横浜DeNAベイスターズ,3.0,0.0,UNKNOWN,阪神甲子園球場,unknown,low,False,False,2112182,1600115,[],[],,,,,0,light,2026-05-10T05:00:00+00:00,,UNKNOWN,,,,UNKNOWN,UNKNOWN,,UNKNOWN,,3.0,0.6666666666666666,13.5,1.5,1.5,2.8666666666666667,6.0,2.0,3.0,1.0,1.0,9.0,,,,0.0,0.5714285714285714,12.857142857142858,1.2857142857142858,0.0,0.7714285714285718,7.0,0.0,3.0,0.0,1.0,10.0,,,,True,True,UNKNOWN,False,False,NPB,2026-05-10 14:00:00,1,,,0,
2021038843,2026-05-10 14:00:00,埼玉西武ライオンズ,東北楽天ゴールデンイーグルス,6.0,1.0,UNKNOWN,ベルーナドーム,unknown,low,False,False,1900117,2103657,[],[],,,,,0,light,2026-05-10T05:00:00+00:00,,UNKNOWN,,,,UNKNOWN,UNKNOWN,,UNKNOWN,,10.8,2.4000000000000004,5.4,5.4,0.0,3.8000000000000003,1.6666666666666665,2.0,3.0,0.0,1.0,1.0,,,,1.8,0.8,3.6,1.8,0.0,3.0,5.0,1.0,3.0,0.0,1.0,2.0,,,,True,True,UNKNOWN,False,False,NPB,2026-05-10 14:00:00,1,,,0,
2021038845,2026-05-10 14:00:00,福岡ソフトバンクホークス,千葉ロッテマリーンズ,8.0,3.0,UNKNOWN,みずほPayPayドーム福岡,unknown,low,False,False,2100442,2104078,[],[],,,,,0,light,2026-05-10T05:00:00+00:00,,UNKNOWN,,,,UNKNOWN,UNKNOWN,,UNKNOWN,,10.384615384615385,1.3846153846153848,10.384615384615385,2.076923076923077,2.076923076923077,4.584615384615385,4.333333333333333,5.0,5.0,1.0,1.0,5.0,,,,3.6,1.4,9.0,3.6,1.8,5.0,5.0,2.0,5.0,1.0,2.0,5.0,,,,True,True,UNKNOWN,False,False,NPB,2026-05-10 14:00:00,1,,,0,
2021038846,2026-05-12 18:00:00,読売ジャイアンツ,広島東洋カープ,5.0,3.0,UNKNOWN,ぎふしん長良川球場,unknown,low,False,False,1600123,1800028,[],[],,,,,0,light,2026-05-12T09:00:00+00:00,,UNKNOWN,,,,UNKNOWN,UNKNOWN,,UNKNOWN,,4.05,1.2,4.05,0.0,1.3499999999999999,4.25,6.666666666666667,3.0,8.0,1.0,0.0,3.0,,,,5.4,1.6,10.8,3.6,1.8,4.6,5.0,3.0,6.0,1.0,2.0,6.0,,,,True,True,UNKNOWN,False,False,NPB,2026-05-12 18:00:00,1,,,0,
2021038847,2026-05-12 18:00:00,東京ヤクルトスワローズ,阪神タイガース,0.0,10.0,UNKNOWN,明治神宮野球場,regular,high,True,True,900062,2103794,[],[],,,,,0,light,2026-05-12T09:00:00+00:00,,UNKNOWN,,,,UNKNOWN,UNKNOWN,,UNKNOWN,,0.0,0.5,7.5,1.5,0.0,2.033333333333333,6.0,0.0,2.0,0.0,1.0,5.0,,,,54.0,6.0,0.0,0.0,27.0,42.2,0.3333333333333333,2.0,2.0,1.0,0.0,0.0,,,,True,True,UNKNOWN,False,False,NPB,2026-05-12 18:00:00,1,,,0,
2021038848,2026-05-12 18:00:00,横浜DeNAベイスターズ,中日ドラゴンズ,3.0,1.0,UNKNOWN,横浜スタジアム,unknown,low,False,False,2108462,1700058,[],[],,,,,0,light,2026-05-12T09:00:00+00:00,,UNKNOWN,,,,UNKNOWN,UNKNOWN,,UNKNOWN,,3.6,2.0,5.4,7.2,0.0,4.4,5.0,2.0,6.0,0.0,4.0,3.0,,,,0.0,0.5,7.5,1.5,0.0,2.033333333333333,6.0,0.0,2.0,0.0,1.0,5.0,,,,True,True,UNKNOWN,False,False,NPB,2026-05-12 18:00:00,1,,,0,
2021038849,2026-05-12 18:00:00,東北楽天ゴールデンイーグルス,オリックス・バファローズ,0.0,2.0,UNKNOWN,はるか夢球場,unknown,low,False,False,1300058,2106793,[],[],,,,,0,light,2026-05-12T09:00:00+00:00,,UNKNOWN,,,,UNKNOWN,UNKNOWN,,UNKNOWN,,0.0,1.65,9.45,6.75,0.0,3.35,6.666666666666667,0.0,6.0,0.0,5.0,7.0,,,,3.0,0.6666666666666666,13.5,1.5,0.0,0.7000000000000002,6.0,2.0,3.0,0.0,1.0,9.0,,,,True,True,UNKNOWN,False,False,NPB,2026-05-12 18:00:00,1,,,0,
2021038850,2026-05-12 18:00:00,千葉ロッテマリーンズ,北海道日本ハムファイターズ,2.0,3.0,UNKNOWN,ZOZOマリンスタジアム,unknown,low,False,False,2000079,2103904,[],[],,,,,0,light,2026-05-12T09:00:00+00:00,,UNKNOWN,,,,UNKNOWN,UNKNOWN,,UNKNOWN,,1.2857142857142858,1.1428571428571428,7.714285714285714,2.5714285714285716,1.2857142857142858,4.2,7.0,1.0,6.0,1.0,2.0,6.0,,,,3.5217391304347823,0.5217391304347826,9.391304347826086,0.0,1.1739130434782608,2.8086956521739133,7.666666666666667,3.0,4.0,1.0,0.0,8.0,,,,True,True,UNKNOWN,False,False,NPB,2026-05-12 18:00:00,1,,,0,
2021038851,2026-05-12 18:00:00,福岡ソフトバンクホークス,埼玉西武ライオンズ,0.0,3.0,UNKNOWN,みずほPayPayドーム福岡,unknown,low,False,False,1800081,2107909,[],[],,,,,0,light,2026-05-12T09:00:00+00:00,,UNKNOWN,,,,UNKNOWN,UNKNOWN,,UNKNOWN,,0.0,1.05,5.3999999999999995,2.6999999999999997,0.0,2.9000000000000004,6.666666666666667,0.0,5.0,0.0,2.0,4.0,,,,3.0,1.1666666666666667,10.5,3.0,1.5,4.033333333333333,6.0,2.0,5.0,1.0,2.0,7.0,,,,True,True,UNKNOWN,False,False,NPB,2026-05-12 18:00:00,1,,,0,
2021038852,2026-05-13 18:00:00,読売ジャイアンツ,広島東洋カープ,4.0,2.0,UNKNOWN,セーレン・ドリームスタジアム,unknown,low,False,False,1900057,1200117,[],[],,,,,0,light,2026-05-13T09:00:00+00:00,,UNKNOWN,,,,UNKNOWN,UNKNOWN,,UNKNOWN,,1.5,1.0,6.0,1.5,1.5,4.533333333333333,6.0,1.0,5.0,1.0,1.0,4.0,,,,0.0,0.7142857142857143,9.0,0.0,0.0,1.2000000000000002,7.0,0.0,5.0,0.0,0.0,7.0,,,,True,True,UNKNOWN,False,False,NPB,2026-05-13 18:00:00,1,,,0,
2021038853,2026-05-13 18:00:00,東京ヤクルトスワローズ,阪神タイガース,4.0,2.0,UNKNOWN,明治神宮野球場,unknown,low,False,False,1700078,2000025,[],[],,,,,0,light,2026-05-13T09:00:00+00:00,,UNKNOWN,,,,UNKNOWN,UNKNOWN,,UNKNOWN,,1.5,0.5,16.5,0.0,0.0,-0.46666666666666634,6.0,1.0,3.0,0.0,0.0,11.0,,,,3.0,1.0,6.0,3.0,0.0,2.8666666666666667,6.0,2.0,4.0,0.0,2.0,4.0,,,,True,True,UNKNOWN,False,False,NPB,2026-05-13 18:00:00,1,,,0,
2021038854,2026-05-13 18:00:00,横浜DeNAベイスターズ,中日ドラゴンズ,5.0,0.0,UNKNOWN,横浜スタジアム,unknown,low,False,False,1951008,2101494,[],[],,,,,0,light,2026-05-13T09:00:00+00:00,,UNKNOWN,,,,UNKNOWN,UNKNOWN,,UNKNOWN,,9.0,1.4,10.8,1.8,0.0,1.4000000000000001,5.0,5.0,6.0,0.0,1.0,6.0,,,,0.0,0.8333333333333334,13.5,0.0,0.0,0.20000000000000018,6.0,0.0,5.0,0.0,0.0,9.0,,,,True,True,UNKNOWN,False,False,NPB,2026-05-13 18:00:00,1,,,0,
2021038855,2026-05-13 18:00:00,千葉ロッテマリーンズ,北海道日本ハムファイターズ,2.0,6.0,UNKNOWN,ZOZOマリンスタジアム,excluded,high,False,False,2100027,1800052,[],[],,,,,0,light,2026-05-13T09:00:00+00:00,,UNKNOWN,,,,UNKNOWN,UNKNOWN,,UNKNOWN,,2.6999999999999997,1.05,4.05,1.3499999999999999,1.3499999999999999,4.7,6.666666666666667,2.0,6.0,1.0,1.0,3.0,,,,3.857142857142857,1.1428571428571428,6.428571428571429,3.857142857142857,1.2857142857142858,4.914285714285715,7.0,3.0,5.0,1.0,3.0,5.0,,,,True,True,UNKNOWN,False,False,NPB,2026-05-13 18:00:00,1,,,0,
2021038856,2026-05-13 18:00:00,福岡ソフトバンクホークス,埼玉西武ライオンズ,1.0,2.0,UNKNOWN,みずほPayPayドーム福岡,excluded,high,False,False,1400182,2112130,[],[],,,,,0,light,2026-05-13T09:00:00+00:00,,UNKNOWN,,,,UNKNOWN,UNKNOWN,,UNKNOWN,,1.0,0.7777777777777778,4.0,4.0,1.0,5.088888888888889,9.0,1.0,3.0,1.0,4.0,4.0,,,,4.5,1.25,4.5,6.75,0.0,4.45,4.0,2.0,2.0,0.0,3.0,2.0,,,,True,True,UNKNOWN,False,False,NPB,2026-05-13 18:00:00,1,,,0,
2021038858,2026-05-14 13:00:00,東北楽天ゴールデンイーグルス,オリックス・バファローズ,3.0,0.0,UNKNOWN,楽天モバイル 最強パーク宮城,unknown,low,False,False,2108148,1560256,[],[],,,,,0,light,2026-05-14T04:00:00+00:00,,UNKNOWN,,,,UNKNOWN,UNKNOWN,,UNKNOWN,,9.0,2.6666666666666665,3.0,0.0,0.0,2.5333333333333337,3.0,3.0,8.0,0.0,0.0,1.0,,,,0.0,1.2,8.1,5.3999999999999995,0.0,3.2,6.666666666666667,0.0,4.0,0.0,4.0,6.0,,,,True,True,UNKNOWN,False,False,NPB,2026-05-14 13:00:00,1,,,0,
2021038857,2026-05-14 18:00:00,横浜DeNAベイスターズ,中日ドラゴンズ,0.0,0.0,UNKNOWN,横浜スタジアム,unknown,low,False,False,2100961,2000034,[],[],,,,,0,light,2026-05-14T09:00:00+00:00,,UNKNOWN,,,,UNKNOWN,UNKNOWN,,UNKNOWN,,0.0,0.5714285714285714,5.142857142857143,0.0,0.0,2.0571428571428574,7.0,0.0,4.0,0.0,0.0,4.0,,,,0.0,0.5,13.5,1.5,0.0,0.7000000000000002,6.0,0.0,2.0,0.0,1.0,9.0,,,,True,True,UNKNOWN,False,False,NPB,2026-05-14 18:00:00,1,,,0,
2021038859,2026-05-14 18:00:00,千葉ロッテマリーンズ,北海道日本ハムファイターズ,5.0,3.0,UNKNOWN,ZOZOマリンスタジアム,unknown,low,False,False,2111822,900081,[],[],,,,,0,light,2026-05-14T09:00:00+00:00,,UNKNOWN,,,,UNKNOWN,UNKNOWN,,UNKNOWN,,6.352941176470588,1.2352941176470587,11.117647058823529,0.0,3.176470588235294,5.31764705882353,5.666666666666667,4.0,7.0,2.0,0.0,7.0,,,,1.125,0.625,3.375,0.0,1.125,4.075,8.0,1.0,5.0,1.0,0.0,3.0,,,,True,True,UNKNOWN,False,False,NPB,2026-05-14 18:00:00,1,,,0,
2021038864,2026-05-15 13:00:00,東北楽天ゴールデンイーグルス,福岡ソフトバンクホークス,6.0,3.0,UNKNOWN,楽天モバイル 最強パーク宮城,unknown,low,False,False,1100099,2000121,[],[],,,,,0,light,2026-05-15T04:00:00+00:00,,UNKNOWN,,,,UNKNOWN,UNKNOWN,,UNKNOWN,,0.0,2.6666666666666665,3.0,12.0,3.0,10.866666666666667,3.0,0.0,4.0,1.0,4.0,1.0,,,,2.25,0.75,6.75,2.25,2.25,5.7,8.0,2.0,4.0,2.0,2.0,6.0,,,,True,True,UNKNOWN,False,False,NPB,2026-05-15 13:00:00,1,,,0,
2021038860,2026-05-15 18:00:00,読売ジャイアンツ,横浜DeNAベイスターズ,2.0,0.0,UNKNOWN,東京ドーム,unknown,low,False,False,1300031,1900019,[],[],,,,,0,light,2026-05-15T09:00:00+00:00,,UNKNOWN,,,,UNKNOWN,UNKNOWN,,UNKNOWN,,3.6,0.6,7.2,0.0,1.8,4.2,5.0,2.0,3.0,1.0,0.0,4.0,,,,0.0,0.625,10.125,2.25,0.0,1.7000000000000002,8.0,0.0,3.0,0.0,2.0,9.0,,,,True,True,UNKNOWN,False,False,NPB,2026-05-15 18:00:00,1,,,0,
2021038861,2026-05-15 18:00:00,中日ドラゴンズ,東京ヤクルトスワローズ,5.0,8.0,UNKNOWN,バンテリンドーム ナゴヤ,unknown,low,False,False,1300045,1600106,[],[],,,,,0,light,2026-05-15T09:00:00+00:00,,UNKNOWN,,,,UNKNOWN,UNKNOWN,,UNKNOWN,,1.5,1.3333333333333333,10.5,3.0,1.5,4.033333333333333,6.0,1.0,6.0,1.0,2.0,7.0,,,,3.0,1.3333333333333333,6.0,3.0,1.5,5.033333333333333,6.0,2.0,6.0,1.0,2.0,4.0,,,,True,True,UNKNOWN,False,False,NPB,2026-05-15 18:00:00,1,,,0,
2021038862,2026-05-15 18:00:00,阪神タイガース,広島東洋カープ,0.0,2.0,UNKNOWN,阪神甲子園球場,unknown,low,False,False,2000060,1700137,[],[],,,,,0,light,2026-05-15T09:00:00+00:00,,UNKNOWN,,,,UNKNOWN,UNKNOWN,,UNKNOWN,,0.0,0.2222222222222222,9.0,1.0,0.0,1.5333333333333334,9.0,0.0,1.0,0.0,1.0,9.0,,,,1.5,0.8333333333333334,4.5,0.0,1.5,4.366666666666667,6.0,1.0,5.0,1.0,0.0,3.0,,,,True,True,UNKNOWN,False,False,NPB,2026-05-15 18:00:00,1,,,0,
2021038863,2026-05-15 18:00:00,北海道日本ハムファイターズ,埼玉西武ライオンズ,0.0,3.0,UNKNOWN,エスコンフィールドHOKKAIDO,unknown,low,False,False,1700124,2050307,[],[],,,,,0,light,2026-05-15T09:00:00+00:00,,UNKNOWN,,,,UNKNOWN,UNKNOWN,,UNKNOWN,,0.0,1.0,7.714285714285714,6.428571428571429,0.0,3.6285714285714286,7.0,0.0,2.0,0.0,5.0,6.0,,,,3.857142857142857,1.0,7.714285714285714,1.2857142857142858,0.0,1.9142857142857144,7.0,3.0,6.0,0.0,1.0,6.0,,,,True,True,UNKNOWN,False,False,NPB,2026-05-15 18:00:00,1,,,0,
2021038865,2026-05-15 18:00:00,千葉ロッテマリーンズ,オリックス・バファローズ,6.0,3.0,UNKNOWN,ZOZOマリンスタジアム,excluded,high,False,False,1750543,2101204,[],[],,,,,0,light,2026-05-15T09:00:00+00:00,,UNKNOWN,,,,UNKNOWN,UNKNOWN,,UNKNOWN,,5.4,1.4,9.0,3.6,1.8,5.0,5.0,3.0,5.0,1.0,2.0,5.0,,,,3.6,1.0,3.6,5.4,0.0,4.2,5.0,2.0,2.0,0.0,3.0,2.0,,,,True,True,UNKNOWN,False,False,NPB,2026-05-15 18:00:00,1,,,0,
2021038870,2026-05-16 13:00:00,東北楽天ゴールデンイーグルス,福岡ソフトバンクホークス,4.0,3.0,UNKNOWN,楽天モバイル 最強パーク宮城,unknown,low,False,False,1900010,2110316,[],[],,,,,0,light,2026-05-16T04:00:00+00:00,,UNKNOWN,,,,UNKNOWN,UNKNOWN,,UNKNOWN,,6.230769230769231,2.076923076923077,2.076923076923077,6.230769230769231,2.076923076923077,7.815384615384616,4.333333333333333,3.0,6.0,1.0,3.0,1.0,,,,3.0,1.3333333333333333,9.0,1.5,0.0,1.7000000000000002,6.0,2.0,7.0,0.0,1.0,6.0,,,,True,True,UNKNOWN,False,False,NPB,2026-05-16 13:00:00,1,,,0,
2021038866,2026-05-16 14:00:00,読売ジャイアンツ,横浜DeNAベイスターズ,4.0,3.0,UNKNOWN,東京ドーム,unknown,low,False,False,1850838,2117509,[],[],,,,,0,light,2026-05-16T05:00:00+00:00,,UNKNOWN,,,,UNKNOWN,UNKNOWN,,UNKNOWN,,5.4,1.4,12.6,0.0,0.0,0.40000000000000036,5.0,3.0,7.0,0.0,0.0,7.0,,,,5.4,1.6,9.0,1.8,1.8,4.4,5.0,3.0,7.0,1.0,1.0,5.0,,,,True,True,UNKNOWN,False,False,NPB,2026-05-16 14:00:00,1,,,0,
2021038867,2026-05-16 14:00:00,中日ドラゴンズ,東京ヤクルトスワローズ,8.0,0.0,UNKNOWN,バンテリンドーム ナゴヤ,unknown,low,False,False,1900024,1000138,[],[],,,,,0,light,2026-05-16T05:00:00+00:00,,UNKNOWN,,,,UNKNOWN,UNKNOWN,,UNKNOWN,,9.947368421052632,1.8947368421052633,4.2631578947368425,2.8421052631578947,2.8421052631578947,7.305263157894737,6.333333333333333,7.0,10.0,2.0,2.0,3.0,,,,0.0,0.5714285714285714,5.142857142857143,2.5714285714285716,0.0,2.9142857142857146,7.0,0.0,2.0,0.0,2.0,4.0,,,,True,True,UNKNOWN,False,False,NPB,2026-05-16 14:00:00,1,,,0,
2021038868,2026-05-16 14:00:00,阪神タイガース,広島東洋カープ,3.0,1.0,UNKNOWN,阪神甲子園球場,unknown,low,False,False,1900052,2000055,[],[],,,,,0,light,2026-05-16T05:00:00+00:00,,UNKNOWN,,,,UNKNOWN,UNKNOWN,,UNKNOWN,,5.4,1.4,7.2,3.6,1.8,5.4,5.0,3.0,5.0,1.0,2.0,4.0,,,,1.0384615384615385,0.576923076923077,9.346153846153847,0.0,0.0,1.123076923076923,8.666666666666666,1.0,5.0,0.0,0.0,9.0,,,,True,True,UNKNOWN,False,False,NPB,2026-05-16 14:00:00,1,,,0,
2021038869,2026-05-16 14:00:00,北海道日本ハムファイターズ,埼玉西武ライオンズ,5.0,4.0,UNKNOWN,エスコンフィールドHOKKAIDO,unknown,low,False,False,2110118,1500110,[],[],,,,,0,light,2026-05-16T05:00:00+00:00,,UNKNOWN,,,,UNKNOWN,UNKNOWN,,UNKNOWN,,7.7142857142857135,1.5,5.785714285714286,3.8571428571428568,1.9285714285714284,5.985714285714286,4.666666666666667,4.0,5.0,1.0,2.0,3.0,,,,7.2,0.8,3.6,0.0,7.2,12.8,5.0,4.0,4.0,4.0,0.0,2.0,,,,True,True,UNKNOWN,False,False,NPB,2026-05-16 14:00:00,1,,,0,
2021038871,2026-05-16 14:00:00,千葉ロッテマリーンズ,オリックス・バファローズ,2.0,0.0,UNKNOWN,ZOZOマリンスタジアム,unknown,low,False,False,1700109,2102758,[],[],,,,,0,light,2026-05-16T05:00:00+00:00,,UNKNOWN,,,,UNKNOWN,UNKNOWN,,UNKNOWN,,3.375,1.5,6.75,1.6875,0.0,2.2625,5.333333333333333,2.0,7.0,0.0,1.0,4.0,,,,0.0,1.4,12.6,3.6,0.0,1.6,5.0,0.0,5.0,0.0,2.0,7.0,,,,True,True,UNKNOWN,False,False,NPB,2026-05-16 14:00:00,1,,,0,
2021038875,2026-05-17 13:00:00,北海道日本ハムファイターズ,埼玉西武ライオンズ,3.0,6.0,UNKNOWN,エスコンフィールドHOKKAIDO,excluded,high,False,False,2117319,1750903,[],[],,,,,0,light,2026-05-17T04:00:00+00:00,,UNKNOWN,,,,UNKNOWN,UNKNOWN,,UNKNOWN,,3.0,1.3333333333333333,9.0,4.5,0.0,2.7,6.0,2.0,5.0,0.0,3.0,6.0,,,,1.8,1.6,7.2,5.4,0.0,3.4000000000000004,5.0,1.0,5.0,0.0,3.0,4.0,,,,True,True,UNKNOWN,False,False,NPB,2026-05-17 13:00:00,1,,,0,
2021038876,2026-05-17 13:00:00,東北楽天ゴールデンイーグルス,福岡ソフトバンクホークス,1.0,5.0,UNKNOWN,楽天モバイル 最強パーク宮城,unknown,low,False,False,2104078,2000123,[],[],,,,,0,light,2026-05-17T04:00:00+00:00,,UNKNOWN,,,,UNKNOWN,UNKNOWN,,UNKNOWN,,1.8,1.4,1.8,1.8,1.8,6.0,5.0,1.0,6.0,1.0,1.0,1.0,,,,3.0,1.0,7.5,1.5,1.5,4.2,6.0,2.0,5.0,1.0,1.0,5.0,,,,True,True,UNKNOWN,False,False,NPB,2026-05-17 13:00:00,1,,,0,
2021038873,2026-05-17 13:30:00,中日ドラゴンズ,東京ヤクルトスワローズ,1.0,5.0,UNKNOWN,バンテリンドーム ナゴヤ,unknown,low,False,False,1750696,2000042,[],[],,,,,0,light,2026-05-17T04:30:00+00:00,,UNKNOWN,,,,UNKNOWN,UNKNOWN,,UNKNOWN,,1.2857142857142858,0.7142857142857143,2.5714285714285716,1.2857142857142858,1.2857142857142858,4.914285714285715,7.0,1.0,4.0,1.0,1.0,2.0,,,,9.0,1.4,9.0,3.6,0.0,2.4000000000000004,5.0,5.0,5.0,0.0,2.0,5.0,,,,True,True,UNKNOWN,False,False,NPB,2026-05-17 13:30:00,1,,,0,
2021038872,2026-05-17 14:00:00,読売ジャイアンツ,横浜DeNAベイスターズ,1.0,0.0,UNKNOWN,東京ドーム,unknown,low,False,False,2112182,2118993,[],[],,,,,0,light,2026-05-17T05:00:00+00:00,,UNKNOWN,,,,UNKNOWN,UNKNOWN,,UNKNOWN,,1.5,1.3333333333333333,12.0,1.5,0.0,1.0333333333333337,6.0,1.0,7.0,0.0,1.0,8.0,,,,0.0,1.1666666666666667,6.0,3.0,0.0,2.8666666666666667,6.0,0.0,5.0,0.0,2.0,4.0,,,,True,True,UNKNOWN,False,False,NPB,2026-05-17 14:00:00,1,,,0,
2021038874,2026-05-17 14:00:00,阪神タイガース,広島東洋カープ,0.0,1.0,UNKNOWN,阪神甲子園球場,unknown,low,False,False,2114807,1600115,[],[],,,,,0,light,2026-05-17T05:00:00+00:00,,UNKNOWN,,,,UNKNOWN,UNKNOWN,,UNKNOWN,,0.0,1.105263157894737,5.684210526315789,4.2631578947368425,0.0,3.3578947368421055,6.333333333333333,0.0,4.0,0.0,3.0,4.0,,,,1.2857142857142858,0.7142857142857143,11.571428571428571,1.2857142857142858,0.0,1.0571428571428574,7.0,1.0,4.0,0.0,1.0,9.0,,,,True,True,UNKNOWN,False,False,NPB,2026-05-17 14:00:00,1,,,0,
2021038877,2026-05-17 14:00:00,千葉ロッテマリーンズ,オリックス・バファローズ,3.0,2.0,UNKNOWN,ZOZOマリンスタジアム,unknown,low,False,False,1750595,2114737,[],[],,,,,0,light,2026-05-17T05:00:00+00:00,,UNKNOWN,,,,UNKNOWN,UNKNOWN,,UNKNOWN,,4.5,1.1666666666666667,3.0,1.5,1.5,5.2,6.0,3.0,6.0,1.0,1.0,2.0,,,,1.2857142857142858,1.1428571428571428,6.428571428571429,1.2857142857142858,1.2857142857142858,4.057142857142857,7.0,1.0,7.0,1.0,1.0,5.0,,,,True,True,UNKNOWN,False,False,NPB,2026-05-17 14:00:00,1,,,0,
2021038878,2026-05-19 18:00:00,東京ヤクルトスワローズ,読売ジャイアンツ,0.0,2.0,UNKNOWN,ヨークいわきスタジアム,regular,high,True,True,1800028,1500042,[],[],,,,,0,light,2026-05-19T09:00:00+00:00,,UNKNOWN,,,,UNKNOWN,UNKNOWN,,UNKNOWN,,0.0,0.8571428571428571,6.428571428571429,1.2857142857142858,0.0,2.2,7.0,0.0,5.0,0.0,1.0,5.0,,,,3.6,1.6,10.8,3.6,1.8,4.6,5.0,2.0,6.0,1.0,2.0,6.0,,,,True,True,UNKNOWN,False,False,NPB,2026-05-19 18:00:00,1,,,0,
2021038879,2026-05-19 18:00:00,阪神タイガース,中日ドラゴンズ,4.0,2.0,UNKNOWN,マスカットスタジアム,unknown,low,False,False,2108462,900062,[],[],,,,,0,light,2026-05-19T09:00:00+00:00,,UNKNOWN,,,,UNKNOWN,UNKNOWN,,UNKNOWN,,7.2,2.2,5.4,1.8,1.8,5.2,5.0,4.0,10.0,1.0,1.0,3.0,,,,3.6,1.6,5.4,5.4,0.0,3.8000000000000003,5.0,2.0,5.0,0.0,3.0,3.0,,,,True,True,UNKNOWN,False,False,NPB,2026-05-19 18:00:00,1,,,0,
2021038880,2026-05-19 18:00:00,広島東洋カープ,横浜DeNAベイスターズ,3.0,1.0,UNKNOWN,MAZDA Zoom-Zoom スタジアム広島,unknown,low,False,False,1650915,1600123,[],[],,,,,0,light,2026-05-19T09:00:00+00:00,,UNKNOWN,,,,UNKNOWN,UNKNOWN,,UNKNOWN,,4.5,1.0,9.0,2.25,0.0,1.9500000000000002,4.0,2.0,3.0,0.0,1.0,4.0,,,,0.0,0.8333333333333334,4.5,3.0,0.0,3.2,6.0,0.0,3.0,0.0,2.0,3.0,,,,True,True,UNKNOWN,False,False,NPB,2026-05-19 18:00:00,1,,,0,
2021038881,2026-05-19 18:00:00,北海道日本ハムファイターズ,東北楽天ゴールデンイーグルス,6.0,2.0,UNKNOWN,エスコンフィールドHOKKAIDO,unknown,low,False,False,2106793,2000079,[],[],,,,,0,light,2026-05-19T09:00:00+00:00,,UNKNOWN,,,,UNKNOWN,UNKNOWN,,UNKNOWN,,18.0,3.3333333333333335,9.0,15.0,6.0,14.866666666666667,3.0,6.0,5.0,2.0,5.0,3.0,,,,3.0,2.1666666666666665,13.5,3.0,1.5,3.3666666666666667,6.0,2.0,11.0,1.0,2.0,9.0,,,,True,True,UNKNOWN,False,False,NPB,2026-05-19 18:00:00,1,,,0,
2021038882,2026-05-19 18:00:00,埼玉西武ライオンズ,千葉ロッテマリーンズ,3.0,2.0,UNKNOWN,上毛新聞敷島球場,unknown,low,False,False,2103904,2105080,[],[],,,,,0,light,2026-05-19T09:00:00+00:00,,UNKNOWN,,,,UNKNOWN,UNKNOWN,,UNKNOWN,,4.5,1.3333333333333333,9.0,6.0,3.0,7.533333333333333,6.0,3.0,4.0,2.0,4.0,6.0,,,,1.2857142857142858,1.0,9.0,0.0,0.0,1.2000000000000002,7.0,1.0,7.0,0.0,0.0,7.0,,,,True,True,UNKNOWN,False,False,NPB,2026-05-19 18:00:00,1,,,0,
2021038883,2026-05-19 18:00:00,オリックス・バファローズ,福岡ソフトバンクホークス,2.0,1.0,UNKNOWN,京セラドーム大阪,unknown,low,False,False,1550517,1300058,[],[],,,,,0,light,2026-05-19T09:00:00+00:00,,UNKNOWN,,,,UNKNOWN,UNKNOWN,,UNKNOWN,,1.5,1.5,3.0,1.5,0.0,3.0333333333333337,6.0,1.0,8.0,0.0,1.0,2.0,,,,1.8,1.0,5.4,1.8,0.0,2.6,5.0,1.0,4.0,0.0,1.0,3.0,,,,True,True,UNKNOWN,False,False,NPB,2026-05-19 18:00:00,1,,,0,
2021038884,2026-05-20 18:00:00,阪神タイガース,中日ドラゴンズ,8.0,7.0,UNKNOWN,阪神甲子園球場,unknown,low,False,False,2100961,2107862,[],[],,,,,0,light,2026-05-20T09:00:00+00:00,,UNKNOWN,,,,UNKNOWN,UNKNOWN,,UNKNOWN,,5.3999999999999995,0.8999999999999999,12.149999999999999,1.3499999999999999,0.0,0.9500000000000002,6.666666666666667,4.0,5.0,0.0,1.0,9.0,,,,18.0,3.0,9.0,9.0,4.5,10.7,2.0,4.0,4.0,1.0,2.0,2.0,,,,True,True,UNKNOWN,False,False,NPB,2026-05-20 18:00:00,1,,,0,
2021038885,2026-05-20 18:00:00,広島東洋カープ,横浜DeNAベイスターズ,3.0,4.0,UNKNOWN,MAZDA Zoom-Zoom スタジアム広島,excluded,high,False,False,2101494,2103788,[],[],,,,,0,light,2026-05-20T09:00:00+00:00,,UNKNOWN,,,,UNKNOWN,UNKNOWN,,UNKNOWN,,3.8571428571428568,1.5,9.642857142857142,3.8571428571428568,0.0,2.342857142857143,4.666666666666667,2.0,5.0,0.0,2.0,5.0,,,,4.5,2.0,9.0,6.75,0.0,3.45,4.0,2.0,5.0,0.0,3.0,4.0,,,,True,True,UNKNOWN,False,False,NPB,2026-05-20 18:00:00,1,,,0,
2021038886,2026-05-20 18:00:00,北海道日本ハムファイターズ,東北楽天ゴールデンイーグルス,5.0,3.0,UNKNOWN,エスコンフィールドHOKKAIDO,excluded,high,False,False,700049,2100027,[],[],,,,,0,light,2026-05-20T09:00:00+00:00,,UNKNOWN,,,,UNKNOWN,UNKNOWN,,UNKNOWN,,7.7142857142857135,3.0,3.8571428571428568,11.571428571428571,0.0,6.2,2.3333333333333335,2.0,4.0,0.0,3.0,1.0,,,,3.375,1.6875,10.125,6.75,0.0,3.2,5.333333333333333,2.0,5.0,0.0,4.0,6.0,,,,True,True,UNKNOWN,False,False,NPB,2026-05-20 18:00:00,1,,,0,
2021038887,2026-05-20 18:00:00,埼玉西武ライオンズ,千葉ロッテマリーンズ,1.0,3.0,UNKNOWN,埼玉県営大宮公園野球場,unknown,low,False,False,2100442,2103657,[],[],,,,,0,light,2026-05-20T09:00:00+00:00,,UNKNOWN,,,,UNKNOWN,UNKNOWN,,UNKNOWN,,1.5,0.8333333333333334,4.5,1.5,0.0,2.7,6.0,1.0,4.0,0.0,1.0,3.0,,,,1.2857142857142858,1.1428571428571428,3.857142857142857,2.5714285714285716,1.2857142857142858,5.057142857142857,7.0,1.0,6.0,1.0,2.0,3.0,,,,True,True,UNKNOWN,False,False,NPB,2026-05-20 18:00:00,1,,,0,
2021038888,2026-05-20 18:00:00,オリックス・バファローズ,福岡ソフトバンクホークス,8.0,3.0,UNKNOWN,京セラドーム大阪,unknown,low,False,False,2112130,2108177,[],[],,,,,0,light,2026-05-20T09:00:00+00:00,,UNKNOWN,,,,UNKNOWN,UNKNOWN,,UNKNOWN,,16.875,3.375,10.125,10.125,0.0,4.325,2.6666666666666665,5.0,6.0,0.0,3.0,3.0,,,,3.0,1.0,7.5,3.0,0.0,2.5333333333333337,6.0,2.0,4.0,0.0,2.0,5.0,,,,True,True,UNKNOWN,False,False,NPB,2026-05-20 18:00:00,1,,,0,
2021038889,2026-05-21 18:00:00,東京ヤクルトスワローズ,読売ジャイアンツ,3.0,1.0,UNKNOWN,明治神宮野球場,unknown,low,False,False,700069,2000025,[],[],,,,,0,light,2026-05-21T09:00:00+00:00,,UNKNOWN,,,,UNKNOWN,UNKNOWN,,UNKNOWN,,6.75,1.25,4.5,2.25,0.0,2.95,4.0,3.0,4.0,0.0,1.0,2.0,,,,1.2857142857142858,1.0,5.142857142857143,0.0,0.0,2.0571428571428574,7.0,1.0,7.0,0.0,0.0,4.0,,,,True,True,UNKNOWN,False,False,NPB,2026-05-21 18:00:00,1,,,0,
2021038891,2026-05-21 18:00:00,広島東洋カープ,横浜DeNAベイスターズ,3.0,1.0,UNKNOWN,MAZDA Zoom-Zoom スタジアム広島,unknown,low,False,False,1700058,1900057,[],[],,,,,0,light,2026-05-21T09:00:00+00:00,,UNKNOWN,,,,UNKNOWN,UNKNOWN,,UNKNOWN,,2.25,1.25,4.5,0.0,0.0,2.2,8.0,2.0,10.0,0.0,0.0,4.0,,,,1.5,1.1666666666666667,6.0,1.5,0.0,2.3666666666666667,6.0,1.0,6.0,0.0,1.0,4.0,,,,True,True,UNKNOWN,False,False,NPB,2026-05-21 18:00:00,1,,,0,
2021038892,2026-05-22 18:00:00,読売ジャイアンツ,阪神タイガース,4.0,7.0,UNKNOWN,東京ドーム,unknown,low,False,False,1700078,1900019,[],[],,,,,0,light,2026-05-22T09:00:00+00:00,,UNKNOWN,,,,UNKNOWN,UNKNOWN,,UNKNOWN,,5.3999999999999995,1.3499999999999999,5.3999999999999995,1.3499999999999999,1.3499999999999999,4.4,6.666666666666667,4.0,8.0,1.0,1.0,4.0,,,,15.75,2.5,4.5,0.0,2.25,5.45,4.0,7.0,10.0,1.0,0.0,2.0,,,,True,True,UNKNOWN,False,False,NPB,2026-05-22 18:00:00,1,,,0,
2021038893,2026-05-22 18:00:00,中日ドラゴンズ,広島東洋カープ,6.0,2.0,UNKNOWN,バンテリンドーム ナゴヤ,unknown,low,False,False,2000060,1600106,[],[],,,,,0,light,2026-05-22T09:00:00+00:00,,UNKNOWN,,,,UNKNOWN,UNKNOWN,,UNKNOWN,,27.0,6.0,0.0,13.5,0.0,7.7,0.6666666666666666,2.0,3.0,0.0,1.0,0.0,,,,2.6999999999999997,0.8999999999999999,12.149999999999999,2.6999999999999997,0.0,1.4000000000000004,6.666666666666667,2.0,4.0,0.0,2.0,9.0,,,,True,True,UNKNOWN,False,False,NPB,2026-05-22 18:00:00,1,,,0,
2021038894,2026-05-22 18:00:00,東北楽天ゴールデンイーグルス,千葉ロッテマリーンズ,1.0,2.0,UNKNOWN,楽天モバイル 最強パーク宮城,unknown,low,False,False,1800052,1560256,[],[],,,,,0,light,2026-05-22T09:00:00+00:00,,UNKNOWN,,,,UNKNOWN,UNKNOWN,,UNKNOWN,,1.2857142857142858,1.0,7.714285714285714,3.857142857142857,1.2857142857142858,4.628571428571429,7.0,1.0,4.0,1.0,3.0,6.0,,,,9.0,1.0,9.0,0.0,9.0,14.2,1.0,1.0,1.0,1.0,0.0,1.0,,,,True,True,UNKNOWN,False,False,NPB,2026-05-22 18:00:00,1,,,0,
2021038895,2026-05-22 18:00:00,埼玉西武ライオンズ,オリックス・バファローズ,1.0,5.0,UNKNOWN,ベルーナドーム,unknown,low,False,False,2108148,1751148,[],[],,,,,0,light,2026-05-22T09:00:00+00:00,,UNKNOWN,,,,UNKNOWN,UNKNOWN,,UNKNOWN,,0.0,1.0,3.0,1.5,0.0,3.0333333333333337,6.0,0.0,5.0,0.0,1.0,2.0,,,,1.2857142857142858,1.1428571428571428,6.428571428571429,1.2857142857142858,0.0,2.2,7.0,1.0,7.0,0.0,1.0,5.0,,,,True,True,UNKNOWN,False,False,NPB,2026-05-22 18:00:00,1,,,0,
2021038896,2026-05-22 18:00:00,福岡ソフトバンクホークス,北海道日本ハムファイターズ,10.0,0.0,UNKNOWN,みずほPayPayドーム福岡,excluded,high,False,False,2050307,2107792,[],[],,,,,0,light,2026-05-22T09:00:00+00:00,,UNKNOWN,,,,UNKNOWN,UNKNOWN,,UNKNOWN,,6.75,1.05,8.1,1.3499999999999999,1.3499999999999999,3.8000000000000003,6.666666666666667,5.0,6.0,1.0,1.0,6.0,,,,0.0,0.4,10.8,0.0,0.0,0.8000000000000003,5.0,0.0,2.0,0.0,0.0,6.0,,,,True,True,UNKNOWN,False,False,NPB,2026-05-22 18:00:00,1,,,0,
2021038898,2026-05-23 14:00:00,横浜DeNAベイスターズ,東京ヤクルトスワローズ,0.0,6.0,UNKNOWN,横浜スタジアム,unknown,low,False,False,1300045,2000034,[],[],,,,,0,light,2026-05-23T05:00:00+00:00,,UNKNOWN,,,,UNKNOWN,UNKNOWN,,UNKNOWN,,0.0,0.5714285714285714,6.428571428571429,1.2857142857142858,0.0,2.2,7.0,0.0,3.0,0.0,1.0,5.0,,,,54.0,7.0,9.0,9.0,0.0,4.2,1.0,6.0,6.0,0.0,1.0,1.0,,,,True,True,UNKNOWN,False,False,NPB,2026-05-23 14:00:00,1,,,0,
2021038899,2026-05-23 14:00:00,中日ドラゴンズ,広島東洋カープ,3.0,5.0,UNKNOWN,バンテリンドーム ナゴヤ,unknown,low,False,False,1900052,1000138,[],[],,,,,0,light,2026-05-23T05:00:00+00:00,,UNKNOWN,,,,UNKNOWN,UNKNOWN,,UNKNOWN,,4.5,1.3333333333333333,10.5,1.5,1.5,3.5333333333333337,6.0,3.0,7.0,1.0,1.0,7.0,,,,4.5,1.8333333333333333,7.5,3.0,1.5,4.7,6.0,3.0,9.0,1.0,2.0,5.0,,,,True,True,UNKNOWN,False,False,NPB,2026-05-23 14:00:00,1,,,0,
2021038900,2026-05-23 14:00:00,東北楽天ゴールデンイーグルス,千葉ロッテマリーンズ,6.0,7.0,UNKNOWN,楽天モバイル 最強パーク宮城,unknown,low,False,False,900081,2000121,[],[],,,,,0,light,2026-05-23T05:00:00+00:00,,UNKNOWN,,,,UNKNOWN,UNKNOWN,,UNKNOWN,,8.4375,1.6875,1.6875,0.0,1.6875,5.2625,5.333333333333333,5.0,9.0,1.0,0.0,1.0,,,,2.5714285714285716,0.8571428571428571,9.0,1.2857142857142858,2.5714285714285716,5.342857142857143,7.0,2.0,5.0,2.0,1.0,7.0,,,,True,True,UNKNOWN,False,False,NPB,2026-05-23 14:00:00,1,,,0,
2021038901,2026-05-23 14:00:00,埼玉西武ライオンズ,オリックス・バファローズ,4.0,1.0,UNKNOWN,ベルーナドーム,unknown,low,False,False,1750543,2110118,[],[],,,,,0,light,2026-05-23T05:00:00+00:00,,UNKNOWN,,,,UNKNOWN,UNKNOWN,,UNKNOWN,,2.4545454545454546,2.7272727272727275,9.818181818181818,2.4545454545454546,0.0,1.8363636363636364,3.6666666666666665,1.0,9.0,0.0,1.0,4.0,,,,2.076923076923077,1.3846153846153848,6.230769230769231,0.0,0.0,1.8153846153846154,4.333333333333333,1.0,6.0,0.0,0.0,3.0,,,,True,True,UNKNOWN,False,False,NPB,2026-05-23 14:00:00,1,,,0,
2021038902,2026-05-23 14:00:00,福岡ソフトバンクホークス,北海道日本ハムファイターズ,11.0,1.0,UNKNOWN,みずほPayPayドーム福岡,unknown,low,False,False,2111822,2107909,[],[],,,,,0,light,2026-05-23T05:00:00+00:00,,UNKNOWN,,,,UNKNOWN,UNKNOWN,,UNKNOWN,,12.0,2.0,6.0,6.0,0.0,3.8666666666666667,3.0,4.0,4.0,0.0,2.0,2.0,,,,1.8,1.6,10.8,1.8,0.0,1.4000000000000001,5.0,1.0,7.0,0.0,1.0,6.0,,,,True,True,UNKNOWN,False,False,NPB,2026-05-23 14:00:00,1,,,0,
2021038897,2026-05-23 18:00:00,読売ジャイアンツ,阪神タイガース,0.0,3.0,UNKNOWN,東京ドーム,unknown,low,False,False,2000055,2117509,[],[],,,,,0,light,2026-05-23T09:00:00+00:00,,UNKNOWN,,,,UNKNOWN,UNKNOWN,,UNKNOWN,,0.0,0.3333333333333333,8.0,0.0,0.0,1.4222222222222225,9.0,0.0,3.0,0.0,0.0,8.0,,,,5.0625,1.125,13.5,1.6875,0.0,0.7625000000000002,5.333333333333333,3.0,5.0,0.0,1.0,8.0,,,,True,True,UNKNOWN,False,False,NPB,2026-05-23 18:00:00,1,,,0,
2021038906,2026-05-24 13:00:00,東北楽天ゴールデンイーグルス,千葉ロッテマリーンズ,8.0,5.0,UNKNOWN,楽天モバイル 最強パーク宮城,unknown,low,False,False,2101204,2000123,[],[],,,,,0,light,2026-05-24T04:00:00+00:00,,UNKNOWN,,,,UNKNOWN,UNKNOWN,,UNKNOWN,,72.0,8.0,0.0,0.0,9.0,16.2,1.0,8.0,8.0,1.0,0.0,0.0,,,,2.8421052631578947,1.736842105263158,8.526315789473685,0.0,0.0,1.305263157894737,6.333333333333333,2.0,11.0,0.0,0.0,6.0,,,,True,True,UNKNOWN,False,False,NPB,2026-05-24 13:00:00,1,,,0,
2021038907,2026-05-24 13:00:00,埼玉西武ライオンズ,オリックス・バファローズ,4.0,3.0,UNKNOWN,ベルーナドーム,excluded,high,False,False,1600150,2117319,[],[],,,,,0,light,2026-05-24T04:00:00+00:00,,UNKNOWN,,,,UNKNOWN,UNKNOWN,,UNKNOWN,,27.0,6.0,0.0,13.5,13.5,27.2,0.6666666666666666,2.0,3.0,1.0,1.0,0.0,,,,1.8,0.8,5.4,3.6,1.8,5.800000000000001,5.0,1.0,2.0,1.0,2.0,3.0,,,,True,True,UNKNOWN,False,False,NPB,2026-05-24 13:00:00,1,,,0,
2021038905,2026-05-24 13:30:00,中日ドラゴンズ,広島東洋カープ,3.0,5.0,UNKNOWN,バンテリンドーム ナゴヤ,unknown,low,False,False,2114807,2000042,[],[],,,,,0,light,2026-05-24T04:30:00+00:00,,UNKNOWN,,,,UNKNOWN,UNKNOWN,,UNKNOWN,,5.4,1.8,7.2,5.4,0.0,3.4000000000000004,5.0,3.0,6.0,0.0,3.0,4.0,,,,7.941176470588235,1.588235294117647,9.529411764705882,4.764705882352941,1.588235294117647,4.964705882352941,5.666666666666667,5.0,6.0,1.0,3.0,6.0,,,,True,True,UNKNOWN,False,False,NPB,2026-05-24 13:30:00,1,,,0,
2021038903,2026-05-24 14:00:00,読売ジャイアンツ,阪神タイガース,3.0,6.0,UNKNOWN,東京ドーム,unknown,low,False,False,1600115,2118993,[],[],,,,,0,light,2026-05-24T05:00:00+00:00,,UNKNOWN,,,,UNKNOWN,UNKNOWN,,UNKNOWN,,4.2631578947368425,1.105263157894737,8.526315789473685,1.4210526315789473,1.4210526315789473,3.8315789473684214,6.333333333333333,3.0,6.0,1.0,1.0,6.0,,,,6.0,1.3333333333333333,7.5,0.0,3.0,5.866666666666667,6.0,4.0,8.0,2.0,0.0,5.0,,,,True,True,UNKNOWN,False,False,NPB,2026-05-24 14:00:00,1,,,0,
2021038904,2026-05-24 14:00:00,横浜DeNAベイスターズ,東京ヤクルトスワローズ,1.0,0.0,UNKNOWN,横浜スタジアム,unknown,low,False,False,1900024,2112182,[],[],,,,,0,light,2026-05-24T05:00:00+00:00,,UNKNOWN,,,,UNKNOWN,UNKNOWN,,UNKNOWN,,1.125,0.75,6.75,1.125,0.0,2.075,8.0,1.0,5.0,0.0,1.0,6.0,,,,0.0,0.8333333333333334,9.0,1.5,0.0,1.7000000000000002,6.0,0.0,4.0,0.0,1.0,6.0,,,,True,True,UNKNOWN,False,False,NPB,2026-05-24 14:00:00,1,,,0,
2021038908,2026-05-24 14:00:00,福岡ソフトバンクホークス,北海道日本ハムファイターズ,7.0,6.0,UNKNOWN,みずほPayPayドーム福岡,unknown,low,False,False,1750903,2104078,[],[],,,,,0,light,2026-05-24T05:00:00+00:00,,UNKNOWN,,,,UNKNOWN,UNKNOWN,,UNKNOWN,,13.5,2.5,11.25,4.5,2.25,5.45,4.0,6.0,8.0,1.0,2.0,5.0,,,,12.0,2.6666666666666665,12.0,12.0,3.0,8.866666666666667,3.0,4.0,4.0,1.0,4.0,4.0,,,,True,True,UNKNOWN,False,False,NPB,2026-05-24 14:00:00,1,,,0,
2021038911,2026-05-26 17:45:00,横浜DeNAベイスターズ,オリックス・バファローズ,1.0,7.0,UNKNOWN,横浜スタジアム,unknown,low,False,False,1300058,1300031,[],[],,,,,0,light,2026-05-26T08:45:00+00:00,,UNKNOWN,,,,UNKNOWN,UNKNOWN,,UNKNOWN,,1.125,0.625,7.875,2.25,0.0,2.2,8.0,1.0,3.0,0.0,2.0,7.0,,,,7.2,1.6,7.2,5.4,0.0,3.4000000000000004,5.0,4.0,5.0,0.0,3.0,4.0,,,,True,True,UNKNOWN,False,False,NPB,2026-05-26 17:45:00,1,,,0,
2021038909,2026-05-26 18:00:00,読売ジャイアンツ,福岡ソフトバンクホークス,3.0,8.0,UNKNOWN,東京ドーム,unknown,low,False,False,1550517,1200117,[],[],,,,,0,light,2026-05-26T09:00:00+00:00,,UNKNOWN,,,,UNKNOWN,UNKNOWN,,UNKNOWN,,0.0,1.2857142857142858,7.714285714285714,1.2857142857142858,0.0,1.9142857142857144,7.0,0.0,8.0,0.0,1.0,6.0,,,,15.75,2.5,6.75,9.0,6.75,14.45,4.0,7.0,6.0,3.0,4.0,3.0,,,,True,True,UNKNOWN,False,False,NPB,2026-05-26 18:00:00,1,,,0,
2021038910,2026-05-26 18:00:00,東京ヤクルトスワローズ,埼玉西武ライオンズ,1.0,2.0,UNKNOWN,明治神宮野球場,unknown,low,False,False,1700124,1750696,[],[],,,,,0,light,2026-05-26T09:00:00+00:00,,UNKNOWN,,,,UNKNOWN,UNKNOWN,,UNKNOWN,,0.0,0.5,10.125,2.25,0.0,1.7000000000000002,8.0,0.0,2.0,0.0,2.0,9.0,,,,0.0,0.7142857142857143,10.285714285714286,1.2857142857142858,0.0,1.342857142857143,7.0,0.0,4.0,0.0,1.0,8.0,,,,True,True,UNKNOWN,False,False,NPB,2026-05-26 18:00:00,1,,,0,
2021038912,2026-05-26 18:00:00,中日ドラゴンズ,東北楽天ゴールデンイーグルス,1.0,0.0,UNKNOWN,バンテリンドーム ナゴヤ,excluded,high,False,False,2106793,2100961,[],[],,,,,0,light,2026-05-26T09:00:00+00:00,,UNKNOWN,,,,UNKNOWN,UNKNOWN,,UNKNOWN,,1.2857142857142858,1.1428571428571428,6.428571428571429,2.5714285714285716,1.2857142857142858,4.485714285714286,7.0,1.0,6.0,1.0,2.0,5.0,,,,0.0,0.75,3.375,1.125,0.0,2.825,8.0,0.0,5.0,0.0,1.0,3.0,,,,True,True,UNKNOWN,False,False,NPB,2026-05-26 18:00:00,1,,,0,
2021038913,2026-05-26 18:00:00,阪神タイガース,北海道日本ハムファイターズ,0.0,4.0,UNKNOWN,阪神甲子園球場,unknown,low,False,False,2000079,900062,[],[],,,,,0,light,2026-05-26T09:00:00+00:00,,UNKNOWN,,,,UNKNOWN,UNKNOWN,,UNKNOWN,,0.0,0.7777777777777778,13.0,0.0,0.0,0.31111111111111134,9.0,0.0,7.0,0.0,0.0,13.0,,,,1.5,1.1666666666666667,3.0,3.0,1.5,5.7,6.0,1.0,5.0,1.0,2.0,2.0,,,,True,True,UNKNOWN,False,False,NPB,2026-05-26 18:00:00,1,,,0,
2021038914,2026-05-26 18:00:00,広島東洋カープ,千葉ロッテマリーンズ,1.0,3.0,UNKNOWN,MAZDA Zoom-Zoom スタジアム広島,unknown,low,False,False,2103904,1600123,[],[],,,,,0,light,2026-05-26T09:00:00+00:00,,UNKNOWN,,,,UNKNOWN,UNKNOWN,,UNKNOWN,,1.5,0.6666666666666666,9.0,0.0,1.5,3.3666666666666667,6.0,1.0,4.0,1.0,0.0,6.0,,,,0.0,1.0,10.285714285714286,0.0,0.0,0.9142857142857146,7.0,0.0,7.0,0.0,0.0,8.0,,,,True,True,UNKNOWN,False,False,NPB,2026-05-26 18:00:00,1,,,0,
2021038917,2026-05-27 17:45:00,横浜DeNAベイスターズ,オリックス・バファローズ,2.0,5.0,UNKNOWN,横浜スタジアム,unknown,low,False,False,1750595,1850838,[],[],,,,,0,light,2026-05-27T08:45:00+00:00,,UNKNOWN,,,,UNKNOWN,UNKNOWN,,UNKNOWN,,3.6,1.8,12.6,0.0,0.0,0.40000000000000036,5.0,2.0,9.0,0.0,0.0,7.0,,,,9.0,2.4,5.4,5.4,0.0,3.8000000000000003,5.0,5.0,9.0,0.0,3.0,3.0,,,,True,True,UNKNOWN,False,False,NPB,2026-05-27 17:45:00,1,,,0,
2021038915,2026-05-27 18:00:00,読売ジャイアンツ,福岡ソフトバンクホークス,5.0,1.0,UNKNOWN,東京ドーム,excluded,high,False,False,2105885,1800028,[],[],,,,,0,light,2026-05-27T09:00:00+00:00,,UNKNOWN,,,,UNKNOWN,UNKNOWN,,UNKNOWN,,19.285714285714285,3.0,7.7142857142857135,11.571428571428571,0.0,5.342857142857143,2.3333333333333335,5.0,4.0,0.0,3.0,2.0,,,,1.2857142857142858,1.4285714285714286,7.714285714285714,3.857142857142857,0.0,2.771428571428572,7.0,1.0,7.0,0.0,3.0,6.0,,,,True,True,UNKNOWN,False,False,NPB,2026-05-27 18:00:00,1,,,0,
2021038916,2026-05-27 18:00:00,東京ヤクルトスワローズ,埼玉西武ライオンズ,2.0,2.0,UNKNOWN,明治神宮野球場,interleague,high,True,True,1800081,1500042,[],[],,,,,0,light,2026-05-27T09:00:00+00:00,,UNKNOWN,,,,UNKNOWN,UNKNOWN,,UNKNOWN,,0.0,0.8571428571428571,9.0,2.5714285714285716,0.0,2.0571428571428574,7.0,0.0,4.0,0.0,2.0,7.0,,,,3.0,1.3333333333333333,6.0,1.5,1.5,4.533333333333333,6.0,2.0,7.0,1.0,1.0,4.0,,,,True,True,UNKNOWN,False,False,NPB,2026-05-27 18:00:00,1,,,0,
2021038918,2026-05-27 18:00:00,中日ドラゴンズ,東北楽天ゴールデンイーグルス,7.0,2.0,UNKNOWN,バンテリンドーム ナゴヤ,interleague,high,True,True,2110316,2100410,[],[],,,,,0,light,2026-05-27T09:00:00+00:00,,UNKNOWN,,,,UNKNOWN,UNKNOWN,,UNKNOWN,,9.0,1.5,11.25,0.0,4.5,7.2,4.0,4.0,6.0,2.0,0.0,5.0,,,,3.0,1.3333333333333333,12.0,3.0,1.5,3.7,6.0,2.0,6.0,1.0,2.0,8.0,,,,True,True,UNKNOWN,False,False,NPB,2026-05-27 18:00:00,1,,,0,
2021038919,2026-05-27 18:00:00,阪神タイガース,北海道日本ハムファイターズ,2.0,5.0,UNKNOWN,阪神甲子園球場,interleague,high,True,True,1500110,1700137,[],[],,,,,0,light,2026-05-27T09:00:00+00:00,,UNKNOWN,,,,UNKNOWN,UNKNOWN,,UNKNOWN,,3.6,1.6,1.8,1.8,1.8,6.0,5.0,2.0,7.0,1.0,1.0,1.0,,,,1.8,1.0,7.2,1.8,0.0,2.2,5.0,1.0,4.0,0.0,1.0,4.0,,,,True,True,UNKNOWN,False,False,NPB,2026-05-27 18:00:00,1,,,0,
2021038920,2026-05-27 18:00:00,広島東洋カープ,千葉ロッテマリーンズ,4.0,5.0,UNKNOWN,MAZDA Zoom-Zoom スタジアム広島,unknown,low,False,False,2100442,2103788,[],[],,,,,0,light,2026-05-27T09:00:00+00:00,,UNKNOWN,,,,UNKNOWN,UNKNOWN,,UNKNOWN,,6.0,1.3333333333333333,3.0,0.0,3.0,6.866666666666667,3.0,2.0,4.0,1.0,0.0,1.0,,,,1.5,1.0,6.0,1.5,1.5,4.533333333333333,6.0,1.0,5.0,1.0,1.0,4.0,,,,True,True,UNKNOWN,False,False,NPB,2026-05-27 18:00:00,1,,,0,
2021038923,2026-05-28 17:45:00,横浜DeNAベイスターズ,オリックス・バファローズ,3.0,1.0,UNKNOWN,横浜スタジアム,interleague,high,True,True,2108177,1700058,[],[],,,,,0,light,2026-05-28T08:45:00+00:00,,UNKNOWN,,,,UNKNOWN,UNKNOWN,,UNKNOWN,,0.0,0.8333333333333334,10.5,1.5,0.0,1.366666666666667,6.0,0.0,4.0,0.0,1.0,7.0,,,,1.2857142857142858,0.8571428571428571,5.142857142857143,0.0,0.0,2.0571428571428574,7.0,1.0,6.0,0.0,0.0,4.0,,,,True,True,UNKNOWN,False,False,NPB,2026-05-28 17:45:00,1,,,0,
2021038921,2026-05-28 18:00:00,読売ジャイアンツ,福岡ソフトバンクホークス,4.0,8.0,UNKNOWN,東京ドーム,unknown,low,False,False,1900010,700069,[],[],,,,,0,light,2026-05-28T09:00:00+00:00,,UNKNOWN,,,,UNKNOWN,UNKNOWN,,UNKNOWN,,7.2,1.6,5.4,1.8,0.0,2.6,5.0,4.0,7.0,0.0,1.0,3.0,,,,5.4,1.4,9.0,3.6,1.8,5.0,5.0,3.0,5.0,1.0,2.0,5.0,,,,True,True,UNKNOWN,False,False,NPB,2026-05-28 18:00:00,1,,,0,
2021038922,2026-05-28 18:00:00,東京ヤクルトスワローズ,埼玉西武ライオンズ,0.0,8.0,UNKNOWN,明治神宮野球場,unknown,low,False,False,2105080,1200076,[],[],,,,,0,light,2026-05-28T09:00:00+00:00,,UNKNOWN,,,,UNKNOWN,UNKNOWN,,UNKNOWN,,0.0,1.0,9.0,3.0,0.0,2.2,6.0,0.0,4.0,0.0,2.0,6.0,,,,3.857142857142857,1.2857142857142858,7.714285714285714,3.857142857142857,2.5714285714285716,6.485714285714286,7.0,3.0,6.0,2.0,3.0,6.0,,,,True,True,UNKNOWN,False,False,NPB,2026-05-28 18:00:00,1,,,0,
2021038924,2026-05-28 18:00:00,中日ドラゴンズ,東北楽天ゴールデンイーグルス,2.0,1.0,UNKNOWN,バンテリンドーム ナゴヤ,excluded,high,False,False,1900117,2108462,[],[],,,,,0,light,2026-05-28T09:00:00+00:00,,UNKNOWN,,,,UNKNOWN,UNKNOWN,,UNKNOWN,,0.0,0.6666666666666666,12.0,0.0,0.0,0.5333333333333337,6.0,0.0,4.0,0.0,0.0,8.0,,,,1.125,0.875,7.875,1.125,0.0,1.8250000000000002,8.0,1.0,6.0,0.0,1.0,7.0,,,,True,True,UNKNOWN,False,False,NPB,2026-05-28 18:00:00,1,,,0,
2021038925,2026-05-28 18:00:00,阪神タイガース,北海道日本ハムファイターズ,2.0,4.0,UNKNOWN,阪神甲子園球場,excluded,high,False,False,2100027,2112444,[],[],,,,,0,light,2026-05-28T09:00:00+00:00,,UNKNOWN,,,,UNKNOWN,UNKNOWN,,UNKNOWN,,1.2857142857142858,0.8571428571428571,9.0,1.2857142857142858,0.0,1.6285714285714288,7.0,1.0,5.0,0.0,1.0,7.0,,,,6.75,1.75,4.5,4.5,0.0,3.7,4.0,3.0,5.0,0.0,2.0,2.0,,,,True,True,UNKNOWN,False,False,NPB,2026-05-28 18:00:00,1,,,0,
2021038926,2026-05-28 18:00:00,広島東洋カープ,千葉ロッテマリーンズ,3.0,6.0,UNKNOWN,MAZDA Zoom-Zoom スタジアム広島,unknown,low,False,False,2114737,1900073,[],[],,,,,0,light,2026-05-28T09:00:00+00:00,,UNKNOWN,,,,UNKNOWN,UNKNOWN,,UNKNOWN,,1.5,1.0,9.0,0.0,0.0,1.2000000000000002,6.0,1.0,6.0,0.0,0.0,6.0,,,,6.75,0.5,2.25,0.0,0.0,2.7,4.0,3.0,2.0,0.0,0.0,1.0,,,,True,True,UNKNOWN,False,False,NPB,2026-05-28 18:00:00,1,,,0,
2021038927,2026-05-29 18:00:00,北海道日本ハムファイターズ,読売ジャイアンツ,2.0,4.0,UNKNOWN,エスコンフィールドHOKKAIDO,unknown,low,False,False,1900019,2050307,[],[],,,,,0,light,2026-05-29T09:00:00+00:00,,UNKNOWN,,,,UNKNOWN,UNKNOWN,,UNKNOWN,,3.6,1.0,5.4,3.6,0.0,3.2,5.0,2.0,3.0,0.0,2.0,3.0,,,,6.352941176470588,1.588235294117647,4.764705882352941,1.588235294117647,0.0,2.670588235294118,5.666666666666667,4.0,8.0,0.0,1.0,3.0,,,,True,True,UNKNOWN,False,False,NPB,2026-05-29 18:00:00,1,,,0,
2021038928,2026-05-29 18:00:00,東北楽天ゴールデンイーグルス,東京ヤクルトスワローズ,2.0,7.0,UNKNOWN,楽天モバイル 最強パーク宮城,excluded,high,False,False,2000025,700065,[],[],,,,,0,light,2026-05-29T09:00:00+00:00,,UNKNOWN,,,,UNKNOWN,UNKNOWN,,UNKNOWN,,1.5,1.5,9.0,3.0,0.0,2.2,6.0,1.0,7.0,0.0,2.0,6.0,,,,5.4,1.8,12.6,1.8,1.8,3.6,5.0,3.0,8.0,1.0,1.0,7.0,,,,True,True,UNKNOWN,False,False,NPB,2026-05-29 18:00:00,1,,,0,
2021038929,2026-05-29 18:00:00,埼玉西武ライオンズ,横浜DeNAベイスターズ,13.0,4.0,UNKNOWN,ベルーナドーム,unknown,low,False,False,2101494,1400182,[],[],,,,,0,light,2026-05-29T09:00:00+00:00,,UNKNOWN,,,,UNKNOWN,UNKNOWN,,UNKNOWN,,15.75,2.75,2.25,4.5,2.25,7.45,4.0,7.0,9.0,1.0,2.0,1.0,,,,3.5217391304347823,1.3043478260869565,7.0434782608695645,2.3478260869565215,1.1739130434782608,4.113043478260869,7.666666666666667,3.0,8.0,1.0,2.0,6.0,,,,True,True,UNKNOWN,False,False,NPB,2026-05-29 18:00:00,1,,,0,
2021038930,2026-05-29 18:00:00,千葉ロッテマリーンズ,阪神タイガース,0.0,1.0,UNKNOWN,ZOZOマリンスタジアム,unknown,low,False,False,1700078,2102758,[],[],,,,,0,light,2026-05-29T09:00:00+00:00,,UNKNOWN,,,,UNKNOWN,UNKNOWN,,UNKNOWN,,0.0,0.5,6.75,2.25,0.0,2.45,8.0,0.0,2.0,0.0,2.0,6.0,,,,1.5,0.8333333333333334,4.5,3.0,0.0,3.2,6.0,1.0,3.0,0.0,2.0,3.0,,,,True,True,UNKNOWN,False,False,NPB,2026-05-29 18:00:00,1,,,0,
2021038931,2026-05-29 18:00:00,オリックス・バファローズ,中日ドラゴンズ,1.0,5.0,UNKNOWN,京セラドーム大阪,unknown,low,False,False,1600106,2108148,[],[],,,,,0,light,2026-05-29T09:00:00+00:00,,UNKNOWN,,,,UNKNOWN,UNKNOWN,,UNKNOWN,,1.5,1.3333333333333333,6.0,3.0,0.0,2.8666666666666667,6.0,1.0,6.0,0.0,2.0,4.0,,,,1.588235294117647,1.0588235294117647,14.294117647058822,0.0,1.588235294117647,2.3176470588235296,5.666666666666667,1.0,6.0,1.0,0.0,9.0,,,,True,True,UNKNOWN,False,False,NPB,2026-05-29 18:00:00,1,,,0,
2021038932,2026-05-29 18:00:00,福岡ソフトバンクホークス,広島東洋カープ,2.0,0.0,UNKNOWN,みずほPayPayドーム福岡,excluded,high,False,False,1900057,1900106,[],[],,,,,0,light,2026-05-29T09:00:00+00:00,,UNKNOWN,,,,UNKNOWN,UNKNOWN,,UNKNOWN,,2.5714285714285716,1.1428571428571428,5.142857142857143,2.5714285714285716,1.2857142857142858,4.771428571428571,7.0,2.0,6.0,1.0,2.0,4.0,,,,0.0,0.3333333333333333,5.0,2.0,0.0,2.7555555555555555,9.0,0.0,1.0,0.0,2.0,5.0,,,,True,True,UNKNOWN,False,False,NPB,2026-05-29 18:00:00,1,,,0,
2021038933,2026-05-30 14:00:00,北海道日本ハムファイターズ,読売ジャイアンツ,3.0,5.0,UNKNOWN,エスコンフィールドHOKKAIDO,excluded,high,False,False,1850035,1400117,[],[],,,,,0,light,2026-05-30T05:00:00+00:00,,UNKNOWN,,,,UNKNOWN,UNKNOWN,,UNKNOWN,,0.0,1.1666666666666667,12.0,4.5,0.0,2.033333333333333,6.0,0.0,4.0,0.0,3.0,8.0,,,,3.857142857142857,1.1428571428571428,9.0,2.5714285714285716,2.5714285714285716,5.771428571428572,7.0,3.0,6.0,2.0,2.0,7.0,,,,True,True,UNKNOWN,False,False,NPB,2026-05-30 14:00:00,1,,,0,
2021038934,2026-05-30 14:00:00,東北楽天ゴールデンイーグルス,東京ヤクルトスワローズ,7.0,8.0,UNKNOWN,楽天モバイル 最強パーク宮城,unknown,low,False,False,1300045,2000121,[],[],,,,,0,light,2026-05-30T05:00:00+00:00,,UNKNOWN,,,,UNKNOWN,UNKNOWN,,UNKNOWN,,5.142857142857143,0.8571428571428571,9.0,2.5714285714285716,3.857142857142857,7.628571428571429,7.0,4.0,4.0,3.0,2.0,7.0,,,,9.0,1.8,7.2,1.8,0.0,2.2,5.0,5.0,8.0,0.0,1.0,4.0,,,,True,True,UNKNOWN,False,False,NPB,2026-05-30 14:00:00,1,,,0,
2021038935,2026-05-30 14:00:00,埼玉西武ライオンズ,横浜DeNAベイスターズ,6.0,0.0,UNKNOWN,ベルーナドーム,excluded,high,False,False,2104341,1751148,[],[],,,,,0,light,2026-05-30T05:00:00+00:00,,UNKNOWN,,,,UNKNOWN,UNKNOWN,,UNKNOWN,,4.5,3.0,4.5,18.0,0.0,8.2,2.0,1.0,2.0,0.0,4.0,1.0,,,,0.0,1.0,9.0,1.0,0.0,1.5333333333333334,9.0,0.0,8.0,0.0,1.0,9.0,,,,True,True,UNKNOWN,False,False,NPB,2026-05-30 14:00:00,1,,,0,
2021038936,2026-05-30 14:00:00,千葉ロッテマリーンズ,阪神タイガース,3.0,4.0,UNKNOWN,ZOZOマリンスタジアム,excluded,high,False,False,2000055,800060,[],[],,,,,0,light,2026-05-30T05:00:00+00:00,,UNKNOWN,,,,UNKNOWN,UNKNOWN,,UNKNOWN,,2.4545454545454546,1.090909090909091,7.363636363636364,1.2272727272727273,2.4545454545454546,5.5181818181818185,7.333333333333333,2.0,7.0,2.0,1.0,6.0,,,,7.2,1.2,7.2,1.8,5.4,10.0,5.0,4.0,5.0,3.0,1.0,4.0,,,,True,True,UNKNOWN,False,False,NPB,2026-05-30 14:00:00,1,,,0,
2021038937,2026-05-30 14:00:00,オリックス・バファローズ,中日ドラゴンズ,3.0,1.0,UNKNOWN,京セラドーム大阪,excluded,high,False,False,1000138,1700109,[],[],,,,,0,light,2026-05-30T05:00:00+00:00,,UNKNOWN,,,,UNKNOWN,UNKNOWN,,UNKNOWN,,3.375,1.375,3.375,1.125,1.125,4.45,8.0,3.0,10.0,1.0,1.0,3.0,,,,1.5,0.8333333333333334,6.0,0.0,1.5,4.033333333333333,6.0,1.0,5.0,1.0,0.0,4.0,,,,True,True,UNKNOWN,False,False,NPB,2026-05-30 14:00:00,1,,,0,
2021038938,2026-05-30 14:00:00,福岡ソフトバンクホークス,広島東洋カープ,4.0,2.0,UNKNOWN,みずほPayPayドーム福岡,unknown,low,False,False,1900052,2107792,[],[],,,,,0,light,2026-05-30T05:00:00+00:00,,UNKNOWN,,,,UNKNOWN,UNKNOWN,,UNKNOWN,,3.6,2.0,14.4,9.0,1.8,5.6,5.0,2.0,5.0,1.0,5.0,8.0,,,,3.6,1.4,7.2,3.6,0.0,2.8000000000000003,5.0,2.0,5.0,0.0,2.0,4.0,,,,True,True,UNKNOWN,False,False,NPB,2026-05-30 14:00:00,1,,,0,
2021038939,2026-05-31 13:00:00,北海道日本ハムファイターズ,読売ジャイアンツ,3.0,0.0,UNKNOWN,エスコンフィールドHOKKAIDO,unknown,low,False,False,2118993,1750903,[],[],,,,,0,light,2026-05-31T04:00:00+00:00,,UNKNOWN,,,,UNKNOWN,UNKNOWN,,UNKNOWN,,3.375,0.625,11.25,1.125,1.125,2.7,8.0,3.0,4.0,1.0,1.0,10.0,,,,0.0,1.1666666666666667,6.0,6.0,0.0,3.8666666666666667,6.0,0.0,3.0,0.0,4.0,4.0,,,,True,True,UNKNOWN,False,False,NPB,2026-05-31 13:00:00,1,,,0,
2021038940,2026-05-31 13:00:00,東北楽天ゴールデンイーグルス,東京ヤクルトスワローズ,1.0,2.0,UNKNOWN,楽天モバイル 最強パーク宮城,excluded,high,False,False,1900024,2000123,[],[],,,,,0,light,2026-05-31T04:00:00+00:00,,UNKNOWN,,,,UNKNOWN,UNKNOWN,,UNKNOWN,,1.2857142857142858,0.7142857142857143,7.714285714285714,0.0,0.0,1.485714285714286,7.0,1.0,5.0,0.0,0.0,6.0,,,,4.153846153846154,1.3846153846153848,6.230769230769231,2.076923076923077,0.0,2.5076923076923077,4.333333333333333,2.0,5.0,0.0,1.0,3.0,,,,True,True,UNKNOWN,False,False,NPB,2026-05-31 13:00:00,1,,,0,
2021038942,2026-05-31 13:00:00,千葉ロッテマリーンズ,阪神タイガース,4.0,2.0,UNKNOWN,ZOZOマリンスタジアム,unknown,low,False,False,1600115,2101204,[],[],,,,,0,light,2026-05-31T04:00:00+00:00,,UNKNOWN,,,,UNKNOWN,UNKNOWN,,UNKNOWN,,3.0,1.0,9.0,3.0,0.0,2.2,6.0,2.0,4.0,0.0,2.0,6.0,,,,0.0,1.0,6.75,2.25,0.0,2.45,4.0,0.0,3.0,0.0,1.0,3.0,,,,True,True,UNKNOWN,False,False,NPB,2026-05-31 13:00:00,1,,,0,
2021038943,2026-05-31 13:00:00,オリックス・バファローズ,中日ドラゴンズ,7.0,5.0,UNKNOWN,京セラドーム大阪,unknown,low,False,False,2000042,1750543,[],[],,,,,0,light,2026-05-31T04:00:00+00:00,,UNKNOWN,,,,UNKNOWN,UNKNOWN,,UNKNOWN,,12.272727272727273,2.4545454545454546,4.909090909090909,4.909090909090909,0.0,3.7454545454545456,3.6666666666666665,5.0,7.0,0.0,2.0,2.0,,,,27.0,4.5,6.75,6.75,0.0,3.95,1.3333333333333333,4.0,5.0,0.0,1.0,1.0,,,,True,True,UNKNOWN,False,False,NPB,2026-05-31 13:00:00,1,,,0,
2021038944,2026-05-31 13:00:00,福岡ソフトバンクホークス,広島東洋カープ,3.0,1.0,UNKNOWN,みずほPayPayドーム福岡,excluded,high,False,False,2114807,2100596,[],[],,,,,0,light,2026-05-31T04:00:00+00:00,,UNKNOWN,,,,UNKNOWN,UNKNOWN,,UNKNOWN,,4.5,1.0,9.0,0.0,1.5,3.3666666666666667,6.0,3.0,6.0,1.0,0.0,6.0,,,,0.0,0.5,10.5,0.0,0.0,0.8666666666666667,6.0,0.0,3.0,0.0,0.0,7.0,,,,True,True,UNKNOWN,False,False,NPB,2026-05-31 13:00:00,1,,,0,
2021038941,2026-05-31 14:00:00,埼玉西武ライオンズ,横浜DeNAベイスターズ,0.0,6.0,UNKNOWN,ベルーナドーム,excluded,high,False,False,1700134,2117319,[],[],,,,,0,light,2026-05-31T05:00:00+00:00,,UNKNOWN,,,,UNKNOWN,UNKNOWN,,UNKNOWN,,0.0,0.6,12.6,1.8,0.0,1.0,5.0,0.0,2.0,0.0,1.0,7.0,,,,7.2,1.8,1.8,3.6,1.8,6.6,5.0,4.0,7.0,1.0,2.0,1.0,,,,True,True,UNKNOWN,False,False,NPB,2026-05-31 14:00:00,1,,,0,
2021038945,2026-06-02 18:00:00,読売ジャイアンツ,オリックス・バファローズ,3.0,2.0,UNKNOWN,東京ドーム,unknown,low,False,False,1300058,1200117,[],[],,,,,0,light,2026-06-02T09:00:00+00:00,,UNKNOWN,,,,UNKNOWN,UNKNOWN,,UNKNOWN,,4.764705882352941,1.4117647058823528,15.88235294117647,3.176470588235294,1.588235294117647,3.0235294117647062,5.666666666666667,3.0,6.0,1.0,2.0,10.0,,,,3.176470588235294,1.0588235294117647,3.176470588235294,1.588235294117647,1.588235294117647,5.31764705882353,5.666666666666667,2.0,5.0,1.0,1.0,2.0,,,,True,True,UNKNOWN,False,False,NPB,2026-06-02 18:00:00,1,,,0,
2021038946,2026-06-02 18:00:00,東京ヤクルトスワローズ,千葉ロッテマリーンズ,0.0,5.0,UNKNOWN,明治神宮野球場,unknown,low,False,False,2103904,1750696,[],[],,,,,0,light,2026-06-02T09:00:00+00:00,,UNKNOWN,,,,UNKNOWN,UNKNOWN,,UNKNOWN,,0.0,1.2857142857142858,9.0,3.857142857142857,0.0,2.4857142857142858,7.0,0.0,6.0,0.0,3.0,7.0,,,,5.785714285714286,2.142857142857143,7.7142857142857135,1.9285714285714284,0.0,2.128571428571429,4.666666666666667,3.0,9.0,0.0,1.0,4.0,,,,True,True,UNKNOWN,False,False,NPB,2026-06-02 18:00:00,1,,,0,
2021038947,2026-06-02 18:00:00,横浜DeNAベイスターズ,東北楽天ゴールデンイーグルス,3.0,7.0,UNKNOWN,横浜スタジアム,interleague,high,True,True,2106793,1300031,[],[],,,,,0,light,2026-06-02T09:00:00+00:00,,UNKNOWN,,,,UNKNOWN,UNKNOWN,,UNKNOWN,,3.0,1.5,10.5,3.0,1.5,4.033333333333333,6.0,2.0,7.0,1.0,2.0,7.0,,,,3.6,1.0,14.4,1.8,0.0,0.6000000000000001,5.0,2.0,4.0,0.0,1.0,8.0,,,,True,True,UNKNOWN,False,False,NPB,2026-06-02 18:00:00,1,,,0,
2021038948,2026-06-02 18:00:00,中日ドラゴンズ,福岡ソフトバンクホークス,0.0,3.0,UNKNOWN,バンテリンドーム ナゴヤ,unknown,low,False,False,1550517,2100961,[],[],,,,,0,light,2026-06-02T09:00:00+00:00,,UNKNOWN,,,,UNKNOWN,UNKNOWN,,UNKNOWN,,0.0,0.2222222222222222,11.0,1.0,0.0,1.088888888888889,9.0,0.0,1.0,0.0,1.0,11.0,,,,4.5,1.8333333333333333,10.5,3.0,0.0,1.866666666666667,6.0,3.0,9.0,0.0,2.0,7.0,,,,True,True,UNKNOWN,False,False,NPB,2026-06-02 18:00:00,1,,,0,
2021038951,2026-06-03 18:00:00,読売ジャイアンツ,オリックス・バファローズ,5.0,4.0,UNKNOWN,東京ドーム,unknown,low,False,False,1750595,1800028,[],[],,,,,0,light,2026-06-03T09:00:00+00:00,,UNKNOWN,,,,UNKNOWN,UNKNOWN,,UNKNOWN,,1.2857142857142858,0.42857142857142855,12.857142857142858,1.2857142857142858,1.2857142857142858,2.628571428571429,7.0,1.0,2.0,1.0,1.0,10.0,,,,0.0,0.0,9.0,0.0,0.0,1.2000000000000002,1.0,0.0,0.0,0.0,0.0,1.0,,,,True,True,UNKNOWN,False,False,NPB,2026-06-03 18:00:00,1,,,0,
2021038952,2026-06-03 18:00:00,東京ヤクルトスワローズ,千葉ロッテマリーンズ,1.0,0.0,UNKNOWN,明治神宮野球場,interleague,high,True,True,2100442,1500042,[],[],,,,,0,light,2026-06-03T09:00:00+00:00,,UNKNOWN,,,,UNKNOWN,UNKNOWN,,UNKNOWN,,0.0,1.4,7.2,3.6,0.0,2.8000000000000003,5.0,0.0,5.0,0.0,2.0,4.0,,,,0.0,0.2857142857142857,7.714285714285714,0.0,0.0,1.485714285714286,7.0,0.0,2.0,0.0,0.0,6.0,,,,True,True,UNKNOWN,False,False,NPB,2026-06-03 18:00:00,1,,,0,
2021038953,2026-06-03 18:00:00,横浜DeNAベイスターズ,東北楽天ゴールデンイーグルス,0.0,2.0,UNKNOWN,横浜スタジアム,unknown,low,False,False,2110316,2112182,[],[],,,,,0,light,2026-06-03T09:00:00+00:00,,UNKNOWN,,,,UNKNOWN,UNKNOWN,,UNKNOWN,,0.0,0.5,7.5,1.5,0.0,2.033333333333333,6.0,0.0,2.0,0.0,1.0,5.0,,,,0.0,1.1666666666666667,10.5,3.0,0.0,1.866666666666667,6.0,0.0,5.0,0.0,2.0,7.0,,,,True,True,UNKNOWN,False,False,NPB,2026-06-03 18:00:00,1,,,0,
2021038954,2026-06-03 18:00:00,中日ドラゴンズ,福岡ソフトバンクホークス,5.0,8.0,UNKNOWN,バンテリンドーム ナゴヤ,interleague,high,True,True,2107909,2100410,[],[],,,,,0,light,2026-06-03T09:00:00+00:00,,UNKNOWN,,,,UNKNOWN,UNKNOWN,,UNKNOWN,,7.2,1.8,9.0,3.6,1.8,5.0,5.0,4.0,7.0,1.0,2.0,5.0,,,,5.4,1.6,9.0,3.6,0.0,2.4000000000000004,5.0,3.0,6.0,0.0,2.0,5.0,,,,True,True,UNKNOWN,False,False,NPB,2026-06-03 18:00:00,1,,,0,
2021038955,2026-06-03 18:00:00,阪神タイガース,埼玉西武ライオンズ,2.0,3.0,UNKNOWN,阪神甲子園球場,unknown,low,False,False,1800081,1700137,[],[],,,,,0,light,2026-06-03T09:00:00+00:00,,UNKNOWN,,,,UNKNOWN,UNKNOWN,,UNKNOWN,,0.0,0.42857142857142855,7.714285714285714,1.2857142857142858,0.0,1.9142857142857144,7.0,0.0,2.0,0.0,1.0,6.0,,,,1.2857142857142858,0.8571428571428571,6.428571428571429,0.0,1.2857142857142858,3.6285714285714286,7.0,1.0,6.0,1.0,0.0,5.0,,,,True,True,UNKNOWN,False,False,NPB,2026-06-03 18:00:00,1,,,0,
2021038956,2026-06-03 18:00:00,広島東洋カープ,北海道日本ハムファイターズ,3.0,1.0,UNKNOWN,MAZDA Zoom-Zoom スタジアム広島,unknown,low,False,False,2000079,1600123,[],[],,,,,0,light,2026-06-03T09:00:00+00:00,,UNKNOWN,,,,UNKNOWN,UNKNOWN,,UNKNOWN,,5.4,1.6,7.2,3.6,0.0,2.8000000000000003,5.0,3.0,6.0,0.0,2.0,4.0,,,,1.5,1.5,6.0,3.0,0.0,2.8666666666666667,6.0,1.0,7.0,0.0,2.0,4.0,,,,True,True,UNKNOWN,False,False,NPB,2026-06-03 18:00:00,1,,,0,
2021038957,2026-06-04 18:00:00,読売ジャイアンツ,オリックス・バファローズ,2.0,1.0,UNKNOWN,東京ドーム,unknown,low,False,False,2108177,700069,[],[],,,,,0,light,2026-06-04T09:00:00+00:00,,UNKNOWN,,,,UNKNOWN,UNKNOWN,,UNKNOWN,,2.4545454545454546,0.9545454545454546,11.045454545454547,2.4545454545454546,1.2272727272727273,3.3363636363636364,7.333333333333333,2.0,5.0,1.0,2.0,9.0,,,,1.2857142857142858,1.1428571428571428,7.714285714285714,1.2857142857142858,0.0,1.9142857142857144,7.0,1.0,7.0,0.0,1.0,6.0,,,,True,True,UNKNOWN,False,False,NPB,2026-06-04 18:00:00,1,,,0,
2021038958,2026-06-04 18:00:00,東京ヤクルトスワローズ,千葉ロッテマリーンズ,2.0,5.0,UNKNOWN,明治神宮野球場,interleague,high,True,True,1800052,1200076,[],[],,,,,0,light,2026-06-04T09:00:00+00:00,,UNKNOWN,,,,UNKNOWN,UNKNOWN,,UNKNOWN,,1.2857142857142858,0.7142857142857143,10.285714285714286,2.5714285714285716,0.0,1.7714285714285716,7.0,1.0,3.0,0.0,2.0,8.0,,,,9.0,2.0,10.8,1.8,0.0,1.4000000000000001,5.0,5.0,9.0,0.0,1.0,6.0,,,,True,True,UNKNOWN,False,False,NPB,2026-06-04 18:00:00,1,,,0,
2021038959,2026-06-04 18:00:00,横浜DeNAベイスターズ,東北楽天ゴールデンイーグルス,8.0,7.0,UNKNOWN,横浜スタジアム,interleague,high,True,True,1900117,1700058,[],[],,,,,0,light,2026-06-04T09:00:00+00:00,,UNKNOWN,,,,UNKNOWN,UNKNOWN,,UNKNOWN,,0.0,1.0,7.5,0.0,0.0,1.5333333333333334,6.0,0.0,6.0,0.0,0.0,5.0,,,,7.2,1.2,3.6,3.6,1.8,6.2,5.0,4.0,4.0,1.0,2.0,2.0,,,,True,True,UNKNOWN,False,False,NPB,2026-06-04 18:00:00,1,,,0,
2021038960,2026-06-04 18:00:00,中日ドラゴンズ,福岡ソフトバンクホークス,1.0,2.0,UNKNOWN,バンテリンドーム ナゴヤ,unknown,low,False,False,1900010,2108462,[],[],,,,,0,light,2026-06-04T09:00:00+00:00,,UNKNOWN,,,,UNKNOWN,UNKNOWN,,UNKNOWN,,1.6875,1.125,10.125,3.375,0.0,2.075,5.333333333333333,1.0,4.0,0.0,2.0,6.0,,,,0.0,1.0,6.428571428571429,1.2857142857142858,1.2857142857142858,4.057142857142857,7.0,0.0,6.0,1.0,1.0,5.0,,,,True,True,UNKNOWN,False,False,NPB,2026-06-04 18:00:00,1,,,0,
2021038961,2026-06-04 18:00:00,阪神タイガース,埼玉西武ライオンズ,2.0,4.0,UNKNOWN,阪神甲子園球場,interleague,high,True,True,1700124,900062,[],[],,,,,0,light,2026-06-04T09:00:00+00:00,,UNKNOWN,,,,UNKNOWN,UNKNOWN,,UNKNOWN,,1.2857142857142858,0.7142857142857143,5.142857142857143,1.2857142857142858,0.0,2.4857142857142858,7.0,1.0,4.0,0.0,1.0,4.0,,,,4.5,1.5,6.75,2.25,0.0,2.45,4.0,2.0,5.0,0.0,1.0,3.0,,,,True,True,UNKNOWN,False,False,NPB,2026-06-04 18:00:00,1,,,0,
2021038962,2026-06-04 18:00:00,広島東洋カープ,北海道日本ハムファイターズ,2.0,5.0,UNKNOWN,MAZDA Zoom-Zoom スタジアム広島,excluded,high,False,False,2117696,2103788,[],[],,,,,0,light,2026-06-04T09:00:00+00:00,,UNKNOWN,,,,UNKNOWN,UNKNOWN,,UNKNOWN,,2.25,1.75,9.0,4.5,2.25,5.95,4.0,1.0,5.0,1.0,2.0,4.0,,,,1.5,1.5,7.5,3.0,1.5,4.7,6.0,1.0,7.0,1.0,2.0,5.0,,,,True,True,UNKNOWN,False,False,NPB,2026-06-04 18:00:00,1,,,0,
2021038963,2026-06-05 18:00:00,読売ジャイアンツ,千葉ロッテマリーンズ,8.0,2.0,UNKNOWN,東京ドーム,unknown,low,False,False,2114737,1900019,[],[],,,,,0,light,2026-06-05T09:00:00+00:00,,UNKNOWN,,,,UNKNOWN,UNKNOWN,,UNKNOWN,,7.2,1.2,5.4,3.6,0.0,3.2,5.0,4.0,4.0,0.0,2.0,3.0,,,,2.0,0.7777777777777778,7.0,0.0,1.0,3.088888888888889,9.0,2.0,7.0,1.0,0.0,7.0,,,,True,True,UNKNOWN,False,False,NPB,2026-06-05 18:00:00,1,,,0,
2021038964,2026-06-05 18:00:00,東京ヤクルトスワローズ,北海道日本ハムファイターズ,1.0,3.0,UNKNOWN,明治神宮野球場,unknown,low,False,False,2100027,2000025,[],[],,,,,0,light,2026-06-05T09:00:00+00:00,,UNKNOWN,,,,UNKNOWN,UNKNOWN,,UNKNOWN,,1.2857142857142858,1.2857142857142858,12.857142857142858,5.142857142857143,0.0,2.0571428571428574,7.0,1.0,5.0,0.0,4.0,10.0,,,,1.0,0.4444444444444444,7.0,1.0,1.0,3.4222222222222225,9.0,1.0,3.0,1.0,1.0,7.0,,,,True,True,UNKNOWN,False,False,NPB,2026-06-05 18:00:00,1,,,0,
2021038965,2026-06-05 18:00:00,横浜DeNAベイスターズ,福岡ソフトバンクホークス,8.0,3.0,UNKNOWN,横浜スタジアム,unknown,low,False,False,1900106,1850838,[],[],,,,,0,light,2026-06-05T09:00:00+00:00,,UNKNOWN,,,,UNKNOWN,UNKNOWN,,UNKNOWN,,14.4,2.6,5.4,5.4,7.2,14.2,5.0,8.0,10.0,4.0,3.0,3.0,,,,1.2857142857142858,0.8571428571428571,7.714285714285714,1.2857142857142858,0.0,1.9142857142857144,7.0,1.0,5.0,0.0,1.0,6.0,,,,True,True,UNKNOWN,False,False,NPB,2026-06-05 18:00:00,1,,,0,
2021038966,2026-06-05 18:00:00,中日ドラゴンズ,埼玉西武ライオンズ,1.0,0.0,UNKNOWN,バンテリンドーム ナゴヤ,interleague,high,True,True,1400182,1600106,[],[],,,,,0,light,2026-06-05T09:00:00+00:00,,UNKNOWN,,,,UNKNOWN,UNKNOWN,,UNKNOWN,,1.0384615384615385,1.0384615384615385,4.153846153846154,3.1153846153846154,0.0,3.3153846153846156,8.666666666666666,1.0,6.0,0.0,3.0,4.0,,,,0.0,1.0,6.428571428571429,2.5714285714285716,0.0,2.628571428571429,7.0,0.0,5.0,0.0,2.0,5.0,,,,True,True,UNKNOWN,False,False,NPB,2026-06-05 18:00:00,1,,,0,
2021038967,2026-06-05 18:00:00,阪神タイガース,東北楽天ゴールデンイーグルス,8.0,1.0,UNKNOWN,阪神甲子園球場,unknown,low,False,False,700065,1700078,[],[],,,,,0,light,2026-06-05T09:00:00+00:00,,UNKNOWN,,,,UNKNOWN,UNKNOWN,,UNKNOWN,,3.6,1.4,5.4,7.2,0.0,4.4,5.0,2.0,3.0,0.0,4.0,3.0,,,,1.2857142857142858,0.8571428571428571,12.857142857142858,0.0,0.0,0.34285714285714297,7.0,1.0,6.0,0.0,0.0,10.0,,,,True,True,UNKNOWN,False,False,NPB,2026-06-05 18:00:00,1,,,0,
2021038968,2026-06-05 18:00:00,広島東洋カープ,オリックス・バファローズ,2.0,2.0,UNKNOWN,MAZDA Zoom-Zoom スタジアム広島,unknown,low,False,False,2108148,1900057,[],[],,,,,0,light,2026-06-05T09:00:00+00:00,,UNKNOWN,,,,UNKNOWN,UNKNOWN,,UNKNOWN,,0.0,1.2,5.4,1.8,0.0,2.6,5.0,0.0,5.0,0.0,1.0,3.0,,,,1.2857142857142858,0.2857142857142857,6.428571428571429,0.0,1.2857142857142858,3.6285714285714286,7.0,1.0,2.0,1.0,0.0,5.0,,,,True,True,UNKNOWN,False,False,NPB,2026-06-05 18:00:00,1,,,0,
2021038970,2026-06-06 14:00:00,東京ヤクルトスワローズ,北海道日本ハムファイターズ,0.0,2.0,UNKNOWN,明治神宮野球場,excluded,high,False,False,1400195,1300045,[],[],,,,,0,light,2026-06-06T05:00:00+00:00,,UNKNOWN,,,,UNKNOWN,UNKNOWN,,UNKNOWN,,0.0,0.8823529411764706,3.176470588235294,1.588235294117647,0.0,3.0235294117647062,5.666666666666667,0.0,4.0,0.0,1.0,2.0,,,,2.6999999999999997,0.8999999999999999,10.799999999999999,2.6999999999999997,0.0,1.7000000000000002,3.3333333333333335,1.0,2.0,0.0,1.0,4.0,,,,True,True,UNKNOWN,False,False,NPB,2026-06-06 14:00:00,1,,,0,
2021038971,2026-06-06 14:00:00,横浜DeNAベイスターズ,福岡ソフトバンクホークス,3.0,6.0,UNKNOWN,横浜スタジアム,excluded,high,False,False,2104078,2112149,[],[],,,,,0,light,2026-06-06T05:00:00+00:00,,UNKNOWN,,,,UNKNOWN,UNKNOWN,,UNKNOWN,,1.8,0.8,12.6,5.4,0.0,2.2,5.0,1.0,1.0,0.0,3.0,7.0,,,,7.2,1.2,5.4,1.8,1.8,5.2,5.0,4.0,5.0,1.0,1.0,3.0,,,,True,True,UNKNOWN,False,False,NPB,2026-06-06 14:00:00,1,,,0,
2021038972,2026-06-06 14:00:00,中日ドラゴンズ,埼玉西武ライオンズ,2.0,5.0,UNKNOWN,バンテリンドーム ナゴヤ,unknown,low,False,False,1751148,1000138,[],[],,,,,0,light,2026-06-06T05:00:00+00:00,,UNKNOWN,,,,UNKNOWN,UNKNOWN,,UNKNOWN,,2.25,0.625,7.875,2.25,1.125,3.825,8.0,2.0,3.0,1.0,2.0,7.0,,,,6.0,0.6666666666666666,3.0,1.5,1.5,5.2,6.0,4.0,3.0,1.0,1.0,2.0,,,,True,True,UNKNOWN,False,False,NPB,2026-06-06 14:00:00,1,,,0,
2021038973,2026-06-06 14:00:00,阪神タイガース,東北楽天ゴールデンイーグルス,1.0,0.0,UNKNOWN,阪神甲子園球場,unknown,low,False,False,2000121,2000055,[],[],,,,,0,light,2026-06-06T05:00:00+00:00,,UNKNOWN,,,,UNKNOWN,UNKNOWN,,UNKNOWN,,1.5,1.1666666666666667,12.0,3.0,0.0,1.5333333333333334,6.0,1.0,5.0,0.0,2.0,8.0,,,,0.0,1.0,10.5,1.5,0.0,1.366666666666667,6.0,0.0,5.0,0.0,1.0,7.0,,,,True,True,UNKNOWN,False,False,NPB,2026-06-06 14:00:00,1,,,0,
2021038974,2026-06-06 14:00:00,広島東洋カープ,オリックス・バファローズ,7.0,4.0,UNKNOWN,MAZDA Zoom-Zoom スタジアム広島,unknown,low,False,False,1700109,1900052,[],[],,,,,0,light,2026-06-06T05:00:00+00:00,,UNKNOWN,,,,UNKNOWN,UNKNOWN,,UNKNOWN,,11.25,1.75,2.25,2.25,4.5,9.95,4.0,5.0,6.0,2.0,1.0,1.0,,,,4.909090909090909,1.5,6.136363636363637,3.681818181818182,1.2272727272727273,4.836363636363637,7.333333333333333,4.0,8.0,1.0,3.0,5.0,,,,True,True,UNKNOWN,False,False,NPB,2026-06-06 14:00:00,1,,,0,
2021038969,2026-06-06 18:00:00,読売ジャイアンツ,千葉ロッテマリーンズ,1.0,1.0,UNKNOWN,東京ドーム,unknown,low,False,False,2102758,2117509,[],[],,,,,0,light,2026-06-06T09:00:00+00:00,,UNKNOWN,,,,UNKNOWN,UNKNOWN,,UNKNOWN,,0.0,1.2,3.6,1.8,0.0,3.0,5.0,0.0,5.0,0.0,1.0,2.0,,,,1.4210526315789473,1.2631578947368423,9.947368421052632,7.105263157894737,0.0,3.3578947368421055,6.333333333333333,1.0,3.0,0.0,5.0,7.0,,,,True,True,UNKNOWN,False,False,NPB,2026-06-06 18:00:00,1,,,0,
2021038978,2026-06-07 13:30:00,中日ドラゴンズ,埼玉西武ライオンズ,1.0,4.0,UNKNOWN,バンテリンドーム ナゴヤ,interleague,high,True,True,2117319,500014,[],[],,,,,0,light,2026-06-07T04:30:00+00:00,,UNKNOWN,,,,UNKNOWN,UNKNOWN,,UNKNOWN,,0.0,0.5714285714285714,10.285714285714286,3.857142857142857,0.0,2.2,7.0,0.0,1.0,0.0,3.0,8.0,,,,1.8,1.0,5.4,1.8,0.0,2.6,5.0,1.0,4.0,0.0,1.0,3.0,,,,True,True,UNKNOWN,False,False,NPB,2026-06-07 13:30:00,1,,,0,
2021038980,2026-06-07 13:30:00,広島東洋カープ,オリックス・バファローズ,5.0,2.0,UNKNOWN,MAZDA Zoom-Zoom スタジアム広島,excluded,high,False,False,2108361,2114807,[],[],,,,,0,light,2026-06-07T04:30:00+00:00,,UNKNOWN,,,,UNKNOWN,UNKNOWN,,UNKNOWN,,21.6,3.6000000000000005,0.0,16.200000000000003,0.0,8.600000000000001,1.6666666666666665,4.0,3.0,0.0,3.0,0.0,,,,2.5714285714285716,0.8571428571428571,5.142857142857143,2.5714285714285716,0.0,2.9142857142857146,7.0,2.0,4.0,0.0,2.0,4.0,,,,True,True,UNKNOWN,False,False,NPB,2026-06-07 13:30:00,1,,,0,
2021038975,2026-06-07 14:00:00,読売ジャイアンツ,千葉ロッテマリーンズ,2.0,2.0,UNKNOWN,東京ドーム,interleague,high,True,True,2101204,1850035,[],[],,,,,0,light,2026-06-07T05:00:00+00:00,,UNKNOWN,,,,UNKNOWN,UNKNOWN,,UNKNOWN,,1.8,1.4,14.4,7.2,0.0,2.4000000000000004,5.0,1.0,3.0,0.0,4.0,8.0,,,,1.2857142857142858,1.1428571428571428,9.0,2.5714285714285716,0.0,2.0571428571428574,7.0,1.0,6.0,0.0,2.0,7.0,,,,True,True,UNKNOWN,False,False,NPB,2026-06-07 14:00:00,1,,,0,
2021038976,2026-06-07 14:00:00,東京ヤクルトスワローズ,北海道日本ハムファイターズ,1.0,7.0,UNKNOWN,明治神宮野球場,interleague,high,True,True,1750903,1900024,[],[],,,,,0,light,2026-06-07T05:00:00+00:00,,UNKNOWN,,,,UNKNOWN,UNKNOWN,,UNKNOWN,,1.0,0.5555555555555556,6.0,1.0,0.0,2.2,9.0,1.0,4.0,0.0,1.0,6.0,,,,5.4,1.6,7.2,1.8,3.6,7.4,5.0,3.0,7.0,2.0,1.0,4.0,,,,True,True,UNKNOWN,False,False,NPB,2026-06-07 14:00:00,1,,,0,
2021038977,2026-06-07 14:00:00,横浜DeNAベイスターズ,福岡ソフトバンクホークス,2.0,4.0,UNKNOWN,横浜スタジアム,unknown,low,False,False,2100596,1700134,[],[],,,,,0,light,2026-06-07T05:00:00+00:00,,UNKNOWN,,,,UNKNOWN,UNKNOWN,,UNKNOWN,,3.0,1.3333333333333333,6.0,3.0,0.0,2.8666666666666667,6.0,2.0,6.0,0.0,2.0,4.0,,,,1.8,0.8,12.6,3.6,0.0,1.6,5.0,1.0,2.0,0.0,2.0,7.0,,,,True,True,UNKNOWN,False,False,NPB,2026-06-07 14:00:00,1,,,0,
2021038981,2026-06-09 18:00:00,北海道日本ハムファイターズ,横浜DeNAベイスターズ,4.0,1.0,UNKNOWN,エスコンフィールドHOKKAIDO,unknown,low,False,False,1300031,2000079,[],[],,,,,0,light,2026-06-09T09:00:00+00:00,,UNKNOWN,,,,UNKNOWN,UNKNOWN,,UNKNOWN,,7.2,1.8,7.2,0.0,1.8,4.2,5.0,4.0,9.0,1.0,0.0,4.0,,,,1.0,0.7777777777777778,7.0,2.0,1.0,3.7555555555555555,9.0,1.0,5.0,1.0,2.0,7.0,,,,True,True,UNKNOWN,False,False,NPB,2026-06-09 18:00:00,1,,,0,
2021038982,2026-06-09 18:00:00,東北楽天ゴールデンイーグルス,読売ジャイアンツ,2.0,8.0,UNKNOWN,楽天モバイル 最強パーク宮城,unknown,low,False,False,1200117,2106793,[],[],,,,,0,light,2026-06-09T09:00:00+00:00,,UNKNOWN,,,,UNKNOWN,UNKNOWN,,UNKNOWN,,2.8421052631578947,1.5789473684210527,7.105263157894737,4.2631578947368425,0.0,3.042105263157895,6.333333333333333,2.0,7.0,0.0,3.0,5.0,,,,7.714285714285714,2.0,7.714285714285714,2.5714285714285716,3.857142857142857,7.914285714285715,7.0,6.0,12.0,3.0,2.0,6.0,,,,True,True,UNKNOWN,False,False,NPB,2026-06-09 18:00:00,1,,,0,
2021038983,2026-06-09 18:00:00,埼玉西武ライオンズ,広島東洋カープ,4.0,3.0,UNKNOWN,ベルーナドーム,interleague,high,True,True,1600123,2105080,[],[],,,,,0,light,2026-06-09T09:00:00+00:00,,UNKNOWN,,,,UNKNOWN,UNKNOWN,,UNKNOWN,,5.4,2.0,3.6,5.4,0.0,4.2,5.0,3.0,7.0,0.0,3.0,2.0,,,,3.857142857142857,0.7142857142857143,5.142857142857143,1.2857142857142858,3.857142857142857,8.057142857142857,7.0,3.0,4.0,3.0,1.0,4.0,,,,True,True,UNKNOWN,False,False,NPB,2026-06-09 18:00:00,1,,,0,
2021038984,2026-06-09 18:00:00,千葉ロッテマリーンズ,中日ドラゴンズ,3.0,1.0,UNKNOWN,ZOZOマリンスタジアム,unknown,low,False,False,2100961,2103904,[],[],,,,,0,light,2026-06-09T09:00:00+00:00,,UNKNOWN,,,,UNKNOWN,UNKNOWN,,UNKNOWN,,4.764705882352941,1.0588235294117647,4.764705882352941,0.0,0.0,2.1411764705882357,5.666666666666667,3.0,6.0,0.0,0.0,3.0,,,,1.5,1.1666666666666667,7.5,3.0,0.0,2.5333333333333337,6.0,1.0,5.0,0.0,2.0,5.0,,,,True,True,UNKNOWN,False,False,NPB,2026-06-09 18:00:00,1,,,0,
2021038985,2026-06-09 18:00:00,オリックス・バファローズ,東京ヤクルトスワローズ,4.0,3.0,UNKNOWN,京セラドーム大阪,unknown,low,False,False,1750696,1300058,[],[],,,,,0,light,2026-06-09T09:00:00+00:00,,UNKNOWN,,,,UNKNOWN,UNKNOWN,,UNKNOWN,,1.6875,1.875,8.4375,5.0625,0.0,3.0125,5.333333333333333,1.0,7.0,0.0,3.0,5.0,,,,1.5,0.8333333333333334,12.0,1.5,0.0,1.0333333333333337,6.0,1.0,4.0,0.0,1.0,8.0,,,,True,True,UNKNOWN,False,False,NPB,2026-06-09 18:00:00,1,,,0,
2021038986,2026-06-09 18:00:00,福岡ソフトバンクホークス,阪神タイガース,10.0,4.0,UNKNOWN,みずほPayPayドーム福岡,japan_series,high,False,True,1600115,1550517,[],[],,,,,0,light,2026-06-09T09:00:00+00:00,,UNKNOWN,,,,UNKNOWN,UNKNOWN,,UNKNOWN,,15.0,1.6666666666666667,12.0,0.0,9.0,13.533333333333335,3.0,5.0,5.0,3.0,0.0,4.0,,,,4.5,1.0,10.5,1.5,3.0,5.7,6.0,3.0,5.0,2.0,1.0,7.0,,,,True,True,UNKNOWN,False,False,NPB,2026-06-09 18:00:00,1,,,0,
2021038987,2026-06-10 18:00:00,北海道日本ハムファイターズ,横浜DeNAベイスターズ,4.0,2.0,UNKNOWN,エスコンフィールドHOKKAIDO,unknown,low,False,False,2112182,1500110,[],[],,,,,0,light,2026-06-10T09:00:00+00:00,,UNKNOWN,,,,UNKNOWN,UNKNOWN,,UNKNOWN,,5.684210526315789,1.2631578947368423,5.684210526315789,1.4210526315789473,2.8421052631578947,6.515789473684211,6.333333333333333,4.0,7.0,2.0,1.0,4.0,,,,2.5714285714285716,0.42857142857142855,5.142857142857143,1.2857142857142858,0.0,2.4857142857142858,7.0,2.0,2.0,0.0,1.0,4.0,,,,True,True,UNKNOWN,False,False,NPB,2026-06-10 18:00:00,1,,,0,
2021038988,2026-06-10 18:00:00,東北楽天ゴールデンイーグルス,読売ジャイアンツ,0.0,7.0,UNKNOWN,楽天モバイル 最強パーク宮城,unknown,low,False,False,1800028,2110316,[],[],,,,,0,light,2026-06-10T09:00:00+00:00,,UNKNOWN,,,,UNKNOWN,UNKNOWN,,UNKNOWN,,0.0,0.6666666666666666,14.0,1.0,0.0,0.4222222222222225,9.0,0.0,5.0,0.0,1.0,14.0,,,,9.0,0.0,9.0,0.0,0.0,1.2000000000000002,1.0,1.0,0.0,0.0,0.0,1.0,,,,True,True,UNKNOWN,False,False,NPB,2026-06-10 18:00:00,1,,,0,
2021038989,2026-06-10 18:00:00,埼玉西武ライオンズ,広島東洋カープ,5.0,4.0,UNKNOWN,ベルーナドーム,interleague,high,True,True,2103788,1800081,[],[],,,,,0,light,2026-06-10T09:00:00+00:00,,UNKNOWN,,,,UNKNOWN,UNKNOWN,,UNKNOWN,,6.230769230769231,1.3846153846153848,6.230769230769231,0.0,0.0,1.8153846153846154,4.333333333333333,3.0,6.0,0.0,0.0,3.0,,,,2.5714285714285716,1.1428571428571428,5.142857142857143,2.5714285714285716,1.2857142857142858,4.771428571428571,7.0,2.0,6.0,1.0,2.0,4.0,,,,True,True,UNKNOWN,False,False,NPB,2026-06-10 18:00:00,1,,,0,
2021038990,2026-06-10 18:00:00,千葉ロッテマリーンズ,中日ドラゴンズ,4.0,11.0,UNKNOWN,ZOZOマリンスタジアム,interleague,high,True,True,2100410,2100442,[],[],,,,,0,light,2026-06-10T09:00:00+00:00,,UNKNOWN,,,,UNKNOWN,UNKNOWN,,UNKNOWN,,3.375,1.125,6.75,0.0,1.125,3.325,8.0,3.0,9.0,1.0,0.0,6.0,,,,30.0,4.333333333333333,3.0,12.0,6.0,15.2,3.0,10.0,9.0,2.0,4.0,1.0,,,,True,True,UNKNOWN,False,False,NPB,2026-06-10 18:00:00,1,,,0,
2021038991,2026-06-10 18:00:00,オリックス・バファローズ,東京ヤクルトスワローズ,8.0,4.0,UNKNOWN,京セラドーム大阪,japan_series,high,False,True,1500042,1750595,[],[],,,,,0,light,2026-06-10T09:00:00+00:00,,UNKNOWN,,,,UNKNOWN,UNKNOWN,,UNKNOWN,,7.7142857142857135,2.571428571428571,7.7142857142857135,7.7142857142857135,0.0,4.057142857142857,4.666666666666667,4.0,8.0,0.0,4.0,4.0,,,,4.0,0.6666666666666666,4.0,1.0,1.0,4.088888888888889,9.0,4.0,5.0,1.0,1.0,4.0,,,,True,True,UNKNOWN,False,False,NPB,2026-06-10 18:00:00,1,,,0,
2021038992,2026-06-10 18:00:00,福岡ソフトバンクホークス,阪神タイガース,6.0,2.0,UNKNOWN,みずほPayPayドーム福岡,interleague,high,True,True,1700137,2107909,[],[],,,,,0,light,2026-06-10T09:00:00+00:00,,UNKNOWN,,,,UNKNOWN,UNKNOWN,,UNKNOWN,,3.6,1.6,3.6,5.4,3.6,9.4,5.0,2.0,5.0,2.0,3.0,2.0,,,,3.6,1.2,12.6,3.6,0.0,1.6,5.0,2.0,4.0,0.0,2.0,7.0,,,,True,True,UNKNOWN,False,False,NPB,2026-06-10 18:00:00,1,,,0,
2021038993,2026-06-11 18:00:00,北海道日本ハムファイターズ,横浜DeNAベイスターズ,3.0,0.0,UNKNOWN,エスコンフィールドHOKKAIDO,excluded,high,False,False,1700058,2106890,[],[],,,,,0,light,2026-06-11T09:00:00+00:00,,UNKNOWN,,,,UNKNOWN,UNKNOWN,,UNKNOWN,,3.681818181818182,1.090909090909091,6.136363636363637,1.2272727272727273,0.0,2.2454545454545456,7.333333333333333,3.0,7.0,0.0,1.0,5.0,,,,0.0,0.5,12.0,1.5,0.0,1.0333333333333337,6.0,0.0,2.0,0.0,1.0,8.0,,,,True,True,UNKNOWN,False,False,NPB,2026-06-11 18:00:00,1,,,0,
2021038994,2026-06-11 18:00:00,東北楽天ゴールデンイーグルス,読売ジャイアンツ,8.0,2.0,UNKNOWN,楽天モバイル 最強パーク宮城,interleague,high,True,True,700069,1900117,[],[],,,,,0,light,2026-06-11T09:00:00+00:00,,UNKNOWN,,,,UNKNOWN,UNKNOWN,,UNKNOWN,,22.5,4.0,0.0,9.0,0.0,6.2,2.0,5.0,6.0,0.0,2.0,0.0,,,,2.25,0.875,6.75,3.375,0.0,2.825,8.0,2.0,4.0,0.0,3.0,6.0,,,,True,True,UNKNOWN,False,False,NPB,2026-06-11 18:00:00,1,,,0,
2021038995,2026-06-11 18:00:00,埼玉西武ライオンズ,広島東洋カープ,4.0,1.0,UNKNOWN,ベルーナドーム,interleague,high,True,True,2108238,1700124,[],[],,,,,0,light,2026-06-11T09:00:00+00:00,,UNKNOWN,,,,UNKNOWN,UNKNOWN,,UNKNOWN,,5.785714285714286,1.7142857142857142,9.642857142857142,1.9285714285714284,0.0,1.7000000000000002,4.666666666666667,3.0,7.0,0.0,1.0,5.0,,,,1.5,0.6666666666666666,9.0,4.5,0.0,2.7,6.0,1.0,1.0,0.0,3.0,6.0,,,,True,True,UNKNOWN,False,False,NPB,2026-06-11 18:00:00,1,,,0,
2021038996,2026-06-11 18:00:00,千葉ロッテマリーンズ,中日ドラゴンズ,3.0,2.0,UNKNOWN,ZOZOマリンスタジアム,unknown,low,False,False,2108462,1800052,[],[],,,,,0,light,2026-06-11T09:00:00+00:00,,UNKNOWN,,,,UNKNOWN,UNKNOWN,,UNKNOWN,,3.0,1.8333333333333333,7.5,3.0,0.0,2.5333333333333337,6.0,2.0,9.0,0.0,2.0,5.0,,,,1.588235294117647,1.2352941176470587,11.117647058823529,0.0,1.588235294117647,3.0235294117647062,5.666666666666667,1.0,7.0,1.0,0.0,7.0,,,,True,True,UNKNOWN,False,False,NPB,2026-06-11 18:00:00,1,,,0,
2021038997,2026-06-11 18:00:00,オリックス・バファローズ,東京ヤクルトスワローズ,4.0,2.0,UNKNOWN,京セラドーム大阪,excluded,high,False,False,2107908,2108177,[],[],,,,,0,light,2026-06-11T09:00:00+00:00,,UNKNOWN,,,,UNKNOWN,UNKNOWN,,UNKNOWN,,6.230769230769231,1.6153846153846154,4.153846153846154,2.076923076923077,0.0,2.9692307692307693,4.333333333333333,3.0,6.0,0.0,1.0,2.0,,,,0.0,0.7142857142857143,6.428571428571429,1.2857142857142858,0.0,2.2,7.0,0.0,4.0,0.0,1.0,5.0,,,,True,True,UNKNOWN,False,False,NPB,2026-06-11 18:00:00,1,,,0,
2021038998,2026-06-11 18:00:00,福岡ソフトバンクホークス,阪神タイガース,3.0,2.0,UNKNOWN,みずほPayPayドーム福岡,excluded,high,False,False,2000052,1900010,[],[],,,,,0,light,2026-06-11T09:00:00+00:00,,UNKNOWN,,,,UNKNOWN,UNKNOWN,,UNKNOWN,,3.6,0.6,12.6,0.0,1.8,3.0,5.0,2.0,3.0,1.0,0.0,7.0,,,,3.176470588235294,1.588235294117647,12.705882352941176,3.176470588235294,1.588235294117647,3.7294117647058824,5.666666666666667,2.0,7.0,1.0,2.0,8.0,,,,True,True,UNKNOWN,False,False,NPB,2026-06-11 18:00:00,1,,,0,
2021038999,2026-06-12 18:00:00,北海道日本ハムファイターズ,中日ドラゴンズ,3.0,1.0,UNKNOWN,エスコンフィールドHOKKAIDO,excluded,high,False,False,1600106,2111822,[],[],,,,,0,light,2026-06-12T09:00:00+00:00,,UNKNOWN,,,,UNKNOWN,UNKNOWN,,UNKNOWN,,5.4,2.2,9.0,5.4,0.0,3.0,5.0,3.0,8.0,0.0,3.0,5.0,,,,0.0,0.8999999999999999,14.85,0.0,0.0,-0.09999999999999964,6.666666666666667,0.0,6.0,0.0,0.0,11.0,,,,True,True,UNKNOWN,False,False,NPB,2026-06-12 18:00:00,1,,,0,
2021039000,2026-06-12 18:00:00,東北楽天ゴールデンイーグルス,広島東洋カープ,2.0,1.0,UNKNOWN,楽天モバイル 最強パーク宮城,unknown,low,False,False,1900057,700065,[],[],,,,,0,light,2026-06-12T09:00:00+00:00,,UNKNOWN,,,,UNKNOWN,UNKNOWN,,UNKNOWN,,2.5714285714285716,0.8571428571428571,3.857142857142857,3.857142857142857,0.0,3.6285714285714286,7.0,2.0,3.0,0.0,3.0,3.0,,,,1.2857142857142858,1.2857142857142858,6.428571428571429,5.142857142857143,0.0,3.4857142857142858,7.0,1.0,5.0,0.0,4.0,5.0,,,,True,True,UNKNOWN,False,False,NPB,2026-06-12 18:00:00,1,,,0,
2021039001,2026-06-12 18:00:00,埼玉西武ライオンズ,読売ジャイアンツ,3.0,0.0,UNKNOWN,ベルーナドーム,unknown,low,False,False,2118993,1400182,[],[],,,,,0,light,2026-06-12T09:00:00+00:00,,UNKNOWN,,,,UNKNOWN,UNKNOWN,,UNKNOWN,,1.1739130434782608,0.6521739130434783,14.086956521739129,1.1739130434782608,0.0,0.46086956521739175,7.666666666666667,1.0,4.0,0.0,1.0,12.0,,,,0.0,0.42857142857142855,12.857142857142858,2.5714285714285716,0.0,1.2000000000000002,7.0,0.0,1.0,0.0,2.0,10.0,,,,True,True,UNKNOWN,False,False,NPB,2026-06-12 18:00:00,1,,,0,
2021039002,2026-06-12 18:00:00,千葉ロッテマリーンズ,横浜DeNAベイスターズ,3.0,2.0,UNKNOWN,ZOZOマリンスタジアム,unknown,low,False,False,2000034,2114737,[],[],,,,,0,light,2026-06-12T09:00:00+00:00,,UNKNOWN,,,,UNKNOWN,UNKNOWN,,UNKNOWN,,3.6,0.8,5.4,1.8,3.6,7.8,5.0,2.0,3.0,2.0,1.0,3.0,,,,2.25,0.875,5.625,1.125,0.0,2.325,8.0,2.0,6.0,0.0,1.0,5.0,,,,True,True,UNKNOWN,False,False,NPB,2026-06-12 18:00:00,1,,,0,
2021039003,2026-06-12 18:00:00,オリックス・バファローズ,阪神タイガース,2.0,1.0,UNKNOWN,京セラドーム大阪,excluded,high,False,False,2000055,1660014,[],[],,,,,0,light,2026-06-12T09:00:00+00:00,,UNKNOWN,,,,UNKNOWN,UNKNOWN,,UNKNOWN,,2.5714285714285716,1.1428571428571428,6.428571428571429,3.857142857142857,2.5714285714285716,6.771428571428572,7.0,2.0,5.0,2.0,3.0,5.0,,,,0.0,1.3333333333333333,6.0,3.0,0.0,2.8666666666666667,3.0,0.0,3.0,0.0,1.0,2.0,,,,True,True,UNKNOWN,False,False,NPB,2026-06-12 18:00:00,1,,,0,
2021039004,2026-06-12 18:00:00,福岡ソフトバンクホークス,東京ヤクルトスワローズ,2.0,4.0,UNKNOWN,みずほPayPayドーム福岡,unknown,low,False,False,2103794,2107792,[],[],,,,,0,light,2026-06-12T09:00:00+00:00,,UNKNOWN,,,,UNKNOWN,UNKNOWN,,UNKNOWN,,3.176470588235294,1.0588235294117647,3.176470588235294,0.0,1.588235294117647,4.788235294117647,5.666666666666667,2.0,6.0,1.0,0.0,2.0,,,,6.75,0.75,10.125,1.6875,0.0,1.5125000000000002,5.333333333333333,4.0,3.0,0.0,1.0,6.0,,,,True,True,UNKNOWN,False,False,NPB,2026-06-12 18:00:00,1,,,0,
2021039005,2026-06-13 14:00:00,北海道日本ハムファイターズ,中日ドラゴンズ,4.0,3.0,UNKNOWN,エスコンフィールドHOKKAIDO,interleague,high,True,True,1200098,2100027,[],[],,,,,0,light,2026-06-13T05:00:00+00:00,,UNKNOWN,,,,UNKNOWN,UNKNOWN,,UNKNOWN,,3.6,1.4,1.8,0.0,0.0,2.8000000000000003,5.0,2.0,7.0,0.0,0.0,1.0,,,,1.2857142857142858,0.7142857142857143,10.285714285714286,2.5714285714285716,0.0,1.7714285714285716,7.0,1.0,3.0,0.0,2.0,8.0,,,,True,True,UNKNOWN,False,False,NPB,2026-06-13 14:00:00,1,,,0,
2021039006,2026-06-13 14:00:00,東北楽天ゴールデンイーグルス,広島東洋カープ,0.0,2.0,UNKNOWN,楽天モバイル 最強パーク宮城,interleague,high,True,True,1900052,2000121,[],[],,,,,0,light,2026-06-13T05:00:00+00:00,,UNKNOWN,,,,UNKNOWN,UNKNOWN,,UNKNOWN,,0.0,0.3333333333333333,7.0,1.0,0.0,1.9777777777777779,9.0,0.0,2.0,0.0,1.0,7.0,,,,3.6,1.8,9.0,3.6,0.0,2.4000000000000004,5.0,2.0,7.0,0.0,2.0,5.0,,,,True,True,UNKNOWN,False,False,NPB,2026-06-13 14:00:00,1,,,0,
2021039008,2026-06-13 14:00:00,千葉ロッテマリーンズ,横浜DeNAベイスターズ,6.0,16.0,UNKNOWN,ZOZOマリンスタジアム,unknown,low,False,False,1850838,2102758,[],[],,,,,0,light,2026-06-13T05:00:00+00:00,,UNKNOWN,,,,UNKNOWN,UNKNOWN,,UNKNOWN,,9.0,1.8,5.4,1.8,1.8,5.2,5.0,5.0,8.0,1.0,1.0,3.0,,,,47.25,6.0,0.0,13.5,6.75,17.45,1.3333333333333333,7.0,6.0,1.0,2.0,0.0,,,,True,True,UNKNOWN,False,False,NPB,2026-06-13 14:00:00,1,,,0,
2021039010,2026-06-13 14:00:00,福岡ソフトバンクホークス,東京ヤクルトスワローズ,8.0,1.0,UNKNOWN,みずほPayPayドーム福岡,unknown,low,False,False,2000025,2104078,[],[],,,,,0,light,2026-06-13T05:00:00+00:00,,UNKNOWN,,,,UNKNOWN,UNKNOWN,,UNKNOWN,,7.941176470588235,1.2352941176470587,11.117647058823529,3.176470588235294,3.176470588235294,6.376470588235295,5.666666666666667,5.0,5.0,2.0,2.0,7.0,,,,1.2857142857142858,0.7142857142857143,9.0,2.5714285714285716,1.2857142857142858,3.9142857142857146,7.0,1.0,3.0,1.0,2.0,7.0,,,,True,True,UNKNOWN,False,False,NPB,2026-06-13 14:00:00,1,,,0,
2021039009,2026-06-13 15:00:00,オリックス・バファローズ,阪神タイガース,3.0,6.0,UNKNOWN,京セラドーム大阪,excluded,high,False,False,1700078,2108148,[],[],,,,,0,light,2026-06-13T06:00:00+00:00,,UNKNOWN,,,,UNKNOWN,UNKNOWN,,UNKNOWN,,3.0,1.3333333333333333,7.5,1.5,0.0,2.033333333333333,6.0,2.0,7.0,0.0,1.0,5.0,,,,3.0,1.5,9.0,3.0,0.0,2.2,6.0,2.0,7.0,0.0,2.0,6.0,,,,True,True,UNKNOWN,False,False,NPB,2026-06-13 15:00:00,1,,,0,
2021039007,2026-06-13 18:00:00,埼玉西武ライオンズ,読売ジャイアンツ,1.0,2.0,UNKNOWN,ベルーナドーム,unknown,low,False,False,2117509,1751148,[],[],,,,,0,light,2026-06-13T09:00:00+00:00,,UNKNOWN,,,,UNKNOWN,UNKNOWN,,UNKNOWN,,1.5,0.5,6.0,0.0,0.0,1.866666666666667,6.0,1.0,3.0,0.0,0.0,4.0,,,,2.0,0.6666666666666666,13.0,0.0,1.0,1.7555555555555558,9.0,2.0,6.0,1.0,0.0,13.0,,,,True,True,UNKNOWN,False,False,NPB,2026-06-13 18:00:00,1,,,0,
2021039011,2026-06-14 13:00:00,北海道日本ハムファイターズ,中日ドラゴンズ,5.0,9.0,UNKNOWN,エスコンフィールドHOKKAIDO,excluded,high,False,False,500014,2100554,[],[],,,,,0,light,2026-06-14T04:00:00+00:00,,UNKNOWN,,,,UNKNOWN,UNKNOWN,,UNKNOWN,,9.0,2.0,9.0,0.0,5.4,9.0,5.0,5.0,10.0,3.0,0.0,5.0,,,,12.272727272727273,2.4545454545454546,4.909090909090909,7.363636363636364,0.0,4.563636363636364,3.6666666666666665,5.0,6.0,0.0,3.0,2.0,,,,True,True,UNKNOWN,False,False,NPB,2026-06-14 13:00:00,1,,,0,
2021039012,2026-06-14 13:00:00,東北楽天ゴールデンイーグルス,広島東洋カープ,0.0,3.0,UNKNOWN,楽天モバイル 最強パーク宮城,interleague,high,True,True,2114807,2000123,[],[],,,,,0,light,2026-06-14T04:00:00+00:00,,UNKNOWN,,,,UNKNOWN,UNKNOWN,,UNKNOWN,,0.0,0.42857142857142855,10.285714285714286,1.2857142857142858,0.0,1.342857142857143,7.0,0.0,2.0,0.0,1.0,8.0,,,,3.681818181818182,1.090909090909091,2.4545454545454546,1.2272727272727273,1.2272727272727273,4.836363636363637,7.333333333333333,3.0,7.0,1.0,1.0,2.0,,,,True,True,UNKNOWN,False,False,NPB,2026-06-14 13:00:00,1,,,0,
2021039013,2026-06-14 13:00:00,埼玉西武ライオンズ,読売ジャイアンツ,1.0,0.0,UNKNOWN,ベルーナドーム,unknown,low,False,False,1900019,2117319,[],[],,,,,0,light,2026-06-14T04:00:00+00:00,,UNKNOWN,,,,UNKNOWN,UNKNOWN,,UNKNOWN,,1.588235294117647,1.4117647058823528,12.705882352941176,3.176470588235294,1.588235294117647,3.7294117647058824,5.666666666666667,1.0,6.0,1.0,2.0,8.0,,,,0.0,0.75,9.45,1.3499999999999999,0.0,1.5500000000000003,6.666666666666667,0.0,4.0,0.0,1.0,7.0,,,,True,True,UNKNOWN,False,False,NPB,2026-06-14 13:00:00,1,,,0,
2021039015,2026-06-14 13:00:00,オリックス・バファローズ,阪神タイガース,3.0,2.0,UNKNOWN,京セラドーム大阪,unknown,low,False,False,900062,1300058,[],[],,,,,0,light,2026-06-14T04:00:00+00:00,,UNKNOWN,,,,UNKNOWN,UNKNOWN,,UNKNOWN,,2.25,1.5,2.25,2.25,0.0,3.45,4.0,1.0,5.0,0.0,1.0,1.0,,,,3.6,1.4,9.0,3.6,0.0,2.4000000000000004,5.0,2.0,5.0,0.0,2.0,5.0,,,,True,True,UNKNOWN,False,False,NPB,2026-06-14 13:00:00,1,,,0,
2021039016,2026-06-14 13:00:00,福岡ソフトバンクホークス,東京ヤクルトスワローズ,0.0,4.0,UNKNOWN,みずほPayPayドーム福岡,interleague,high,True,True,1900024,2105885,[],[],,,,,0,light,2026-06-14T04:00:00+00:00,,UNKNOWN,,,,UNKNOWN,UNKNOWN,,UNKNOWN,,0.0,0.5555555555555556,9.0,0.0,0.0,1.2000000000000002,9.0,0.0,5.0,0.0,0.0,9.0,,,,7.7142857142857135,1.7142857142857142,11.571428571428571,7.7142857142857135,0.0,3.2,2.3333333333333335,2.0,2.0,0.0,2.0,3.0,,,,True,True,UNKNOWN,False,False,NPB,2026-06-14 13:00:00,1,,,0,
2021039014,2026-06-14 14:00:00,千葉ロッテマリーンズ,横浜DeNAベイスターズ,6.0,4.0,UNKNOWN,ZOZOマリンスタジアム,interleague,high,True,True,1700134,2101204,[],[],,,,,0,light,2026-06-14T05:00:00+00:00,,UNKNOWN,,,,UNKNOWN,UNKNOWN,,UNKNOWN,,7.7142857142857135,1.7142857142857142,9.642857142857142,9.642857142857142,3.8571428571428568,9.842857142857142,4.666666666666667,4.0,3.0,2.0,5.0,5.0,,,,2.25,1.75,2.25,2.25,0.0,3.45,4.0,1.0,6.0,0.0,1.0,1.0,,,,True,True,UNKNOWN,False,False,NPB,2026-06-14 14:00:00,1,,,0,
2021044685,2026-06-16 18:00:00,阪神タイガース,埼玉西武ライオンズ,0.0,1.0,UNKNOWN,阪神甲子園球場,interleague,high,True,True,2105080,1600115,[],[],,,,,0,light,2026-06-16T09:00:00+00:00,,UNKNOWN,,,,UNKNOWN,UNKNOWN,,UNKNOWN,,0.0,0.5,15.0,0.0,0.0,-0.1333333333333333,6.0,0.0,3.0,0.0,0.0,10.0,,,,1.5,1.0,9.0,0.0,0.0,1.2000000000000002,6.0,1.0,6.0,0.0,0.0,6.0,,,,True,True,UNKNOWN,False,False,NPB,2026-06-16 18:00:00,1,,,0,
2021044686,2026-06-16 18:00:00,広島東洋カープ,北海道日本ハムファイターズ,0.0,2.0,UNKNOWN,MAZDA Zoom-Zoom スタジアム広島,excluded,high,False,False,1750903,2107847,[],[],,,,,0,light,2026-06-16T09:00:00+00:00,,UNKNOWN,,,,UNKNOWN,UNKNOWN,,UNKNOWN,,0.0,1.2352941176470587,14.294117647058822,4.764705882352941,0.0,1.6117647058823532,5.666666666666667,0.0,4.0,0.0,3.0,9.0,,,,1.8,0.8,9.0,1.8,0.0,1.8000000000000003,5.0,1.0,3.0,0.0,1.0,5.0,,,,True,True,UNKNOWN,False,False,NPB,2026-06-16 18:00:00,1,,,0,
2021044743,2026-06-17 18:00:00,阪神タイガース,東北楽天ゴールデンイーグルス,10.0,3.0,UNKNOWN,阪神甲子園球場,interleague,high,True,True,700049,1700137,[],[],,,,,0,light,2026-06-17T09:00:00+00:00,,UNKNOWN,,,,UNKNOWN,UNKNOWN,,UNKNOWN,,3.6,0.8,10.8,0.0,1.8,3.4000000000000004,5.0,2.0,4.0,1.0,0.0,6.0,,,,0.0,0.5,7.5,0.0,0.0,1.5333333333333334,6.0,0.0,3.0,0.0,0.0,5.0,,,,True,True,UNKNOWN,False,False,NPB,2026-06-17 18:00:00,1,,,0,
2021039017,2026-06-19 18:00:00,読売ジャイアンツ,中日ドラゴンズ,2.0,3.0,UNKNOWN,東京ドーム,interleague,high,True,True,2108462,2118993,[],[],,,,,0,light,2026-06-19T09:00:00+00:00,,UNKNOWN,,,,UNKNOWN,UNKNOWN,,UNKNOWN,,3.0,1.6666666666666667,10.5,0.0,1.5,3.0333333333333337,6.0,2.0,10.0,1.0,0.0,7.0,,,,5.4,1.8,7.2,7.2,1.8,6.6,5.0,3.0,5.0,1.0,4.0,4.0,,,,True,True,UNKNOWN,False,False,NPB,2026-06-19 18:00:00,1,,,0,
2021039018,2026-06-19 18:00:00,東京ヤクルトスワローズ,広島東洋カープ,9.0,2.0,UNKNOWN,明治神宮野球場,unknown,low,False,False,2108238,2103794,[],[],,,,,0,light,2026-06-19T09:00:00+00:00,,UNKNOWN,,,,UNKNOWN,UNKNOWN,,UNKNOWN,,9.0,2.25,2.25,6.75,0.0,4.95,4.0,4.0,6.0,0.0,3.0,1.0,,,,2.5714285714285716,0.5714285714285714,3.857142857142857,0.0,1.2857142857142858,4.2,7.0,2.0,4.0,1.0,0.0,3.0,,,,True,True,UNKNOWN,False,False,NPB,2026-06-19 18:00:00,1,,,0,
2021039020,2026-06-19 18:00:00,北海道日本ハムファイターズ,福岡ソフトバンクホークス,4.0,3.0,UNKNOWN,エスコンフィールドHOKKAIDO,interleague,high,True,True,1550517,2000079,[],[],,,,,0,light,2026-06-19T09:00:00+00:00,,UNKNOWN,,,,UNKNOWN,UNKNOWN,,UNKNOWN,,5.142857142857143,1.0,6.428571428571429,0.0,2.5714285714285716,5.485714285714286,7.0,4.0,7.0,2.0,0.0,5.0,,,,3.0,1.1666666666666667,15.0,4.5,0.0,1.366666666666667,6.0,2.0,4.0,0.0,3.0,10.0,,,,True,True,UNKNOWN,False,False,NPB,2026-06-19 18:00:00,1,,,0,
2021039021,2026-06-19 18:00:00,千葉ロッテマリーンズ,東北楽天ゴールデンイーグルス,8.0,5.0,UNKNOWN,ZOZOマリンスタジアム,unknown,low,False,False,2106793,2103904,[],[],,,,,0,light,2026-06-19T09:00:00+00:00,,UNKNOWN,,,,UNKNOWN,UNKNOWN,,UNKNOWN,,7.2,1.2,9.0,1.8,3.6,7.0,5.0,4.0,5.0,2.0,1.0,5.0,,,,4.5,2.0,6.75,4.5,2.25,6.45,4.0,2.0,6.0,1.0,2.0,3.0,,,,True,True,UNKNOWN,False,False,NPB,2026-06-19 18:00:00,1,,,0,
2021039022,2026-06-19 18:00:00,オリックス・バファローズ,埼玉西武ライオンズ,6.0,5.0,UNKNOWN,京セラドーム大阪,unknown,low,False,False,1400182,2108177,[],[],,,,,0,light,2026-06-19T09:00:00+00:00,,UNKNOWN,,,,UNKNOWN,UNKNOWN,,UNKNOWN,,3.6,1.8,5.4,5.4,0.0,3.8000000000000003,5.0,2.0,6.0,0.0,3.0,3.0,,,,7.5,1.3333333333333333,4.5,1.5,1.5,4.866666666666667,6.0,5.0,7.0,1.0,1.0,3.0,,,,True,True,UNKNOWN,False,False,NPB,2026-06-19 18:00:00,1,,,0,
2021039019,2026-06-19 18:15:00,横浜DeNAベイスターズ,阪神タイガース,3.0,11.0,UNKNOWN,横浜スタジアム,unknown,low,False,False,2000055,2112182,[],[],,,,,0,light,2026-06-19T09:15:00+00:00,,UNKNOWN,,,,UNKNOWN,UNKNOWN,,UNKNOWN,,3.857142857142857,0.8571428571428571,10.285714285714286,1.2857142857142858,1.2857142857142858,3.2,7.0,3.0,5.0,1.0,1.0,8.0,,,,12.6,1.6,12.6,1.8,1.8,3.6,5.0,7.0,7.0,1.0,1.0,7.0,,,,True,True,UNKNOWN,False,False,NPB,2026-06-19 18:15:00,1,,,0,
2021039023,2026-06-20 14:00:00,読売ジャイアンツ,中日ドラゴンズ,1.0,0.0,UNKNOWN,東京ドーム,unknown,low,False,False,1000138,2117509,[],[],,,,,0,light,2026-06-20T05:00:00+00:00,,UNKNOWN,,,,UNKNOWN,UNKNOWN,,UNKNOWN,,1.2857142857142858,0.8571428571428571,7.714285714285714,1.2857142857142858,1.2857142857142858,3.7714285714285714,7.0,1.0,5.0,1.0,1.0,6.0,,,,0.0,0.5217391304347826,11.739130434782608,3.5217391304347823,0.0,1.765217391304348,7.666666666666667,0.0,1.0,0.0,3.0,10.0,,,,True,True,UNKNOWN,False,False,NPB,2026-06-20 14:00:00,1,,,0,
2021039024,2026-06-20 14:00:00,東京ヤクルトスワローズ,広島東洋カープ,6.0,8.0,UNKNOWN,明治神宮野球場,unknown,low,False,False,1900052,1750696,[],[],,,,,0,light,2026-06-20T05:00:00+00:00,,UNKNOWN,,,,UNKNOWN,UNKNOWN,,UNKNOWN,,9.0,1.5,6.75,4.5,4.5,9.7,4.0,4.0,4.0,2.0,2.0,3.0,,,,7.7142857142857135,1.7142857142857142,5.785714285714286,3.8571428571428568,1.9285714285714284,5.985714285714286,4.666666666666667,4.0,6.0,1.0,2.0,3.0,,,,True,True,UNKNOWN,False,False,NPB,2026-06-20 14:00:00,1,,,0,
2021039026,2026-06-20 14:00:00,北海道日本ハムファイターズ,福岡ソフトバンクホークス,7.0,10.0,UNKNOWN,エスコンフィールドHOKKAIDO,unknown,low,False,False,1900010,2106890,[],[],,,,,0,light,2026-06-20T05:00:00+00:00,,UNKNOWN,,,,UNKNOWN,UNKNOWN,,UNKNOWN,,6.230769230769231,1.6153846153846154,14.53846153846154,4.153846153846154,2.076923076923077,4.353846153846154,4.333333333333333,3.0,5.0,1.0,2.0,7.0,,,,9.0,2.0,9.0,4.5,2.25,5.95,4.0,4.0,6.0,1.0,2.0,4.0,,,,True,True,UNKNOWN,False,False,NPB,2026-06-20 14:00:00,1,,,0,
2021039028,2026-06-20 14:00:00,オリックス・バファローズ,埼玉西武ライオンズ,0.0,4.0,UNKNOWN,京セラドーム大阪,interleague,high,True,True,1751148,1660014,[],[],,,,,0,light,2026-06-20T05:00:00+00:00,,UNKNOWN,,,,UNKNOWN,UNKNOWN,,UNKNOWN,,0.0,0.5555555555555556,8.0,2.0,0.0,2.088888888888889,9.0,0.0,3.0,0.0,2.0,8.0,,,,7.7142857142857135,2.357142857142857,7.7142857142857135,7.7142857142857135,0.0,4.057142857142857,4.666666666666667,4.0,7.0,0.0,4.0,4.0,,,,True,True,UNKNOWN,False,False,NPB,2026-06-20 14:00:00,1,,,0,
2021039032,2026-06-21 13:00:00,北海道日本ハムファイターズ,福岡ソフトバンクホークス,0.0,8.0,UNKNOWN,エスコンフィールドHOKKAIDO,unknown,low,False,False,2104078,2117696,[],[],,,,,0,light,2026-06-21T04:00:00+00:00,,UNKNOWN,,,,UNKNOWN,UNKNOWN,,UNKNOWN,,0.0,0.7142857142857143,7.714285714285714,0.0,0.0,1.485714285714286,7.0,0.0,5.0,0.0,0.0,6.0,,,,3.8571428571428568,0.8571428571428571,15.428571428571427,0.0,0.0,-0.2285714285714282,2.3333333333333335,1.0,2.0,0.0,0.0,4.0,,,,True,True,UNKNOWN,False,False,NPB,2026-06-21 13:00:00,1,,,0,
2021039034,2026-06-21 13:00:00,オリックス・バファローズ,埼玉西武ライオンズ,3.0,5.0,UNKNOWN,京セラドーム大阪,interleague,high,True,True,1800081,1300058,[],[],,,,,0,light,2026-06-21T04:00:00+00:00,,UNKNOWN,,,,UNKNOWN,UNKNOWN,,UNKNOWN,,4.5,1.5,1.5,4.5,1.5,6.533333333333333,6.0,3.0,6.0,1.0,3.0,1.0,,,,7.5,1.3333333333333333,7.5,0.0,1.5,3.7,6.0,5.0,8.0,1.0,0.0,5.0,,,,True,True,UNKNOWN,False,False,NPB,2026-06-21 13:00:00,1,,,0,
2021039030,2026-06-21 13:30:00,東京ヤクルトスワローズ,広島東洋カープ,1.0,2.0,UNKNOWN,明治神宮野球場,unknown,low,False,False,2114807,1500042,[],[],,,,,0,light,2026-06-21T04:30:00+00:00,,UNKNOWN,,,,UNKNOWN,UNKNOWN,,UNKNOWN,,1.5,0.8333333333333334,9.0,3.0,0.0,2.2,6.0,1.0,3.0,0.0,2.0,6.0,,,,3.6,1.4,14.4,1.8,0.0,0.6000000000000001,5.0,2.0,6.0,0.0,1.0,8.0,,,,True,True,UNKNOWN,False,False,NPB,2026-06-21 13:30:00,1,,,0,
2021039029,2026-06-21 14:00:00,読売ジャイアンツ,中日ドラゴンズ,3.0,5.0,UNKNOWN,東京ドーム,unknown,low,False,False,1600106,1900019,[],[],,,,,0,light,2026-06-21T05:00:00+00:00,,UNKNOWN,,,,UNKNOWN,UNKNOWN,,UNKNOWN,,4.764705882352941,1.4117647058823528,12.705882352941176,0.0,1.588235294117647,2.670588235294118,5.666666666666667,3.0,8.0,1.0,0.0,8.0,,,,0.0,1.0588235294117647,11.117647058823529,4.764705882352941,0.0,2.3176470588235296,5.666666666666667,0.0,3.0,0.0,3.0,7.0,,,,True,True,UNKNOWN,False,False,NPB,2026-06-21 14:00:00,1,,,0,
2021039033,2026-06-21 17:00:00,千葉ロッテマリーンズ,東北楽天ゴールデンイーグルス,7.0,4.0,UNKNOWN,ZOZOマリンスタジアム,unknown,low,False,False,2000123,1800052,[],[],,,,,0,light,2026-06-21T08:00:00+00:00,,UNKNOWN,,,,UNKNOWN,UNKNOWN,,UNKNOWN,,27.0,5.0,0.0,18.0,0.0,9.2,1.0,3.0,3.0,0.0,2.0,0.0,,,,2.5714285714285716,0.8571428571428571,9.0,1.2857142857142858,0.0,1.6285714285714288,7.0,2.0,5.0,0.0,1.0,7.0,,,,True,True,UNKNOWN,False,False,NPB,2026-06-21 17:00:00,1,,,0,
2021039031,2026-06-21 18:15:00,横浜DeNAベイスターズ,阪神タイガース,1.0,2.0,UNKNOWN,横浜スタジアム,interleague,high,True,True,1700078,1700134,[],[],,,,,0,light,2026-06-21T09:15:00+00:00,,UNKNOWN,,,,UNKNOWN,UNKNOWN,,UNKNOWN,,1.0,0.6666666666666666,6.0,1.0,0.0,2.2,9.0,1.0,5.0,0.0,1.0,6.0,,,,3.6,1.8,9.0,7.2,0.0,3.6,5.0,2.0,5.0,0.0,4.0,5.0,,,,True,True,UNKNOWN,False,False,NPB,2026-06-21 18:15:00,1,,,0,
2021039035,2026-06-22 18:00:00,東北楽天ゴールデンイーグルス,埼玉西武ライオンズ,8.0,7.0,UNKNOWN,東京ドーム,unknown,low,False,False,1700124,2000121,[],[],,,,,0,light,2026-06-22T09:00:00+00:00,,UNKNOWN,,,,UNKNOWN,UNKNOWN,,UNKNOWN,,1.8,1.4,7.2,7.2,0.0,4.0,5.0,1.0,3.0,0.0,4.0,4.0,,,,2.5714285714285716,0.8571428571428571,12.857142857142858,2.5714285714285716,2.5714285714285716,4.914285714285715,7.0,2.0,4.0,2.0,2.0,10.0,,,,True,True,UNKNOWN,False,False,NPB,2026-06-22 18:00:00,1,,,0,
2021039039,2026-06-23 13:00:00,北海道日本ハムファイターズ,千葉ロッテマリーンズ,4.0,0.0,UNKNOWN,エスコンフィールドHOKKAIDO,unknown,low,False,False,2114737,1750903,[],[],,,,,0,light,2026-06-23T04:00:00+00:00,,UNKNOWN,,,,UNKNOWN,UNKNOWN,,UNKNOWN,,4.5,1.3333333333333333,3.0,0.0,3.0,6.866666666666667,6.0,3.0,8.0,2.0,0.0,2.0,,,,0.0,0.3333333333333333,9.0,0.0,0.0,1.2000000000000002,9.0,0.0,3.0,0.0,0.0,9.0,,,,True,True,UNKNOWN,False,False,NPB,2026-06-23 13:00:00,1,,,0,
2021039036,2026-06-23 18:00:00,中日ドラゴンズ,横浜DeNAベイスターズ,5.0,2.0,UNKNOWN,ぎふしん長良川球場,unknown,low,False,False,2000034,2100961,[],[],,,,,0,light,2026-06-23T09:00:00+00:00,,UNKNOWN,,,,UNKNOWN,UNKNOWN,,UNKNOWN,,8.4375,2.25,5.0625,8.4375,3.375,9.7625,5.333333333333333,5.0,7.0,2.0,5.0,3.0,,,,1.5,0.8333333333333334,6.0,0.0,1.5,4.033333333333333,6.0,1.0,5.0,1.0,0.0,4.0,,,,True,True,UNKNOWN,False,False,NPB,2026-06-23 18:00:00,1,,,0,
2021039037,2026-06-23 18:00:00,阪神タイガース,東京ヤクルトスワローズ,3.0,4.0,UNKNOWN,阪神甲子園球場,unknown,low,False,False,2000025,1600115,[],[],,,,,0,light,2026-06-23T09:00:00+00:00,,UNKNOWN,,,,UNKNOWN,UNKNOWN,,UNKNOWN,,0.0,1.0,3.0,3.0,0.0,3.5333333333333337,6.0,0.0,4.0,0.0,2.0,2.0,,,,0.0,0.6666666666666666,12.0,1.5,0.0,1.0333333333333337,6.0,0.0,3.0,0.0,1.0,8.0,,,,True,True,UNKNOWN,False,False,NPB,2026-06-23 18:00:00,1,,,0,
2021039038,2026-06-23 18:00:00,広島東洋カープ,読売ジャイアンツ,3.0,7.0,UNKNOWN,MAZDA Zoom-Zoom スタジアム広島,unknown,low,False,False,1800028,1900057,[],[],,,,,0,light,2026-06-23T09:00:00+00:00,,UNKNOWN,,,,UNKNOWN,UNKNOWN,,UNKNOWN,,4.2631578947368425,1.4210526315789473,8.526315789473685,5.684210526315789,0.0,3.2,6.333333333333333,3.0,5.0,0.0,4.0,6.0,,,,1.8,1.0,3.6,3.6,0.0,3.6,5.0,1.0,3.0,0.0,2.0,2.0,,,,True,True,UNKNOWN,False,False,NPB,2026-06-23 18:00:00,1,,,0,
2021039040,2026-06-23 18:00:00,東北楽天ゴールデンイーグルス,埼玉西武ライオンズ,8.0,4.0,UNKNOWN,きらやかスタジアム,unknown,low,False,False,2117319,1900117,[],[],,,,,0,light,2026-06-23T09:00:00+00:00,,UNKNOWN,,,,UNKNOWN,UNKNOWN,,UNKNOWN,,9.0,2.2,10.8,3.6,1.8,4.6,5.0,5.0,9.0,1.0,2.0,6.0,,,,3.0,1.6666666666666667,6.0,0.0,0.0,1.866666666666667,6.0,2.0,10.0,0.0,0.0,4.0,,,,True,True,UNKNOWN,False,False,NPB,2026-06-23 18:00:00,1,,,0,
2021039041,2026-06-23 18:00:00,福岡ソフトバンクホークス,オリックス・バファローズ,0.0,5.0,UNKNOWN,みずほPayPayドーム福岡,excluded,high,False,False,2108148,1100099,[],[],,,,,0,light,2026-06-23T09:00:00+00:00,,UNKNOWN,,,,UNKNOWN,UNKNOWN,,UNKNOWN,,0.0,0.6666666666666666,12.0,3.0,0.0,1.5333333333333334,6.0,0.0,2.0,0.0,2.0,8.0,,,,5.4,1.2,3.6,3.6,1.8,6.2,5.0,3.0,4.0,1.0,2.0,2.0,,,,True,True,UNKNOWN,False,False,NPB,2026-06-23 18:00:00,1,,,0,
2021039045,2026-06-24 13:00:00,北海道日本ハムファイターズ,千葉ロッテマリーンズ,7.0,4.0,UNKNOWN,エスコンフィールドHOKKAIDO,excluded,high,False,False,2000090,1500110,[],[],,,,,0,light,2026-06-24T04:00:00+00:00,,UNKNOWN,,,,UNKNOWN,UNKNOWN,,UNKNOWN,,10.8,2.0,7.2,1.8,5.4,10.0,5.0,6.0,9.0,3.0,1.0,4.0,,,,2.5714285714285716,0.5714285714285714,2.5714285714285716,0.0,1.2857142857142858,4.485714285714286,7.0,2.0,4.0,1.0,0.0,2.0,,,,True,True,UNKNOWN,False,False,NPB,2026-06-24 13:00:00,1,,,0,
2021039042,2026-06-24 18:00:00,中日ドラゴンズ,横浜DeNAベイスターズ,4.0,6.0,UNKNOWN,バンテリンドーム ナゴヤ,unknown,low,False,False,1700058,2100410,[],[],,,,,0,light,2026-06-24T09:00:00+00:00,,UNKNOWN,,,,UNKNOWN,UNKNOWN,,UNKNOWN,,1.5,0.8333333333333334,7.5,1.5,0.0,2.033333333333333,6.0,1.0,4.0,0.0,1.0,5.0,,,,10.384615384615385,2.307692307692308,8.307692307692308,6.230769230769231,2.076923076923077,6.430769230769231,4.333333333333333,5.0,7.0,1.0,3.0,4.0,,,,True,True,UNKNOWN,False,False,NPB,2026-06-24 18:00:00,1,,,0,
2021039046,2026-06-24 18:00:00,福岡ソフトバンクホークス,オリックス・バファローズ,8.0,5.0,UNKNOWN,みずほPayPayドーム福岡,excluded,high,False,False,1700109,1800054,[],[],,,,,0,light,2026-06-24T09:00:00+00:00,,UNKNOWN,,,,UNKNOWN,UNKNOWN,,UNKNOWN,,32.400000000000006,4.800000000000001,16.200000000000003,21.6,5.4,14.600000000000001,1.6666666666666665,6.0,4.0,1.0,4.0,3.0,,,,9.0,1.6666666666666667,9.0,0.0,3.0,5.533333333333333,3.0,3.0,5.0,1.0,0.0,3.0,,,,True,True,UNKNOWN,False,False,NPB,2026-06-24 18:00:00,1,,,0,
2021039047,2026-06-25 18:00:00,中日ドラゴンズ,横浜DeNAベイスターズ,3.0,1.0,UNKNOWN,バンテリンドーム ナゴヤ,excluded,high,False,False,1300031,1951008,[],[],,,,,0,light,2026-06-25T09:00:00+00:00,,UNKNOWN,,,,UNKNOWN,UNKNOWN,,UNKNOWN,,2.25,1.0,11.25,0.0,0.0,0.7000000000000002,4.0,1.0,4.0,0.0,0.0,5.0,,,,2.076923076923077,1.8461538461538463,4.153846153846154,8.307692307692308,0.0,5.046153846153846,4.333333333333333,1.0,4.0,0.0,4.0,2.0,,,,True,True,UNKNOWN,False,False,NPB,2026-06-25 18:00:00,1,,,0,
2021039049,2026-06-25 18:00:00,東北楽天ゴールデンイーグルス,埼玉西武ライオンズ,2.0,0.0,UNKNOWN,楽天モバイル 最強パーク宮城,interleague,high,True,True,2105080,700049,[],[],,,,,0,light,2026-06-25T09:00:00+00:00,,UNKNOWN,,,,UNKNOWN,UNKNOWN,,UNKNOWN,,2.25,0.875,5.625,0.0,0.0,1.9500000000000002,8.0,2.0,7.0,0.0,0.0,5.0,,,,0.0,0.42857142857142855,7.714285714285714,0.0,0.0,1.485714285714286,7.0,0.0,3.0,0.0,0.0,6.0,,,,True,True,UNKNOWN,False,False,NPB,2026-06-25 18:00:00,1,,,0,
2021039050,2026-06-25 18:00:00,福岡ソフトバンクホークス,オリックス・バファローズ,5.0,2.0,UNKNOWN,みずほPayPayドーム福岡,unknown,low,False,False,1750543,2107792,[],[],,,,,0,light,2026-06-25T09:00:00+00:00,,UNKNOWN,,,,UNKNOWN,UNKNOWN,,UNKNOWN,,3.8571428571428568,1.5,9.642857142857142,1.9285714285714284,1.9285714285714284,4.485714285714286,4.666666666666667,2.0,6.0,1.0,1.0,5.0,,,,3.375,2.25,6.75,1.6875,0.0,2.2625,5.333333333333333,2.0,11.0,0.0,1.0,4.0,,,,True,True,UNKNOWN,False,False,NPB,2026-06-25 18:00:00,1,,,0,
2021039054,2026-06-26 18:00:00,埼玉西武ライオンズ,北海道日本ハムファイターズ,4.0,3.0,UNKNOWN,ベルーナドーム,unknown,low,False,False,2000079,1400182,[],[],,,,,0,light,2026-06-26T09:00:00+00:00,,UNKNOWN,,,,UNKNOWN,UNKNOWN,,UNKNOWN,,3.857142857142857,1.8571428571428572,5.142857142857143,5.142857142857143,0.0,3.7714285714285714,7.0,3.0,9.0,0.0,4.0,4.0,,,,3.0,1.1666666666666667,7.5,1.5,3.0,6.366666666666667,6.0,2.0,6.0,2.0,1.0,5.0,,,,True,True,UNKNOWN,False,False,NPB,2026-06-26 18:00:00,1,,,0,
2021039058,2026-06-27 14:00:00,広島東洋カープ,阪神タイガース,3.0,2.0,UNKNOWN,MAZDA Zoom-Zoom スタジアム広島,unknown,low,False,False,2000055,1600123,[],[],,,,,0,light,2026-06-27T05:00:00+00:00,,UNKNOWN,,,,UNKNOWN,UNKNOWN,,UNKNOWN,,3.681818181818182,1.3636363636363638,4.909090909090909,0.0,1.2272727272727273,3.881818181818182,7.333333333333333,3.0,10.0,1.0,0.0,4.0,,,,2.25,2.25,4.5,4.5,0.0,3.7,4.0,1.0,7.0,0.0,2.0,2.0,,,,True,True,UNKNOWN,False,False,NPB,2026-06-27 14:00:00,1,,,0,
2021039059,2026-06-27 18:00:00,埼玉西武ライオンズ,北海道日本ハムファイターズ,2.0,4.0,UNKNOWN,ベルーナドーム,unknown,low,False,False,1400195,1751148,[],[],,,,,0,light,2026-06-27T09:00:00+00:00,,UNKNOWN,,,,UNKNOWN,UNKNOWN,,UNKNOWN,,1.5,1.0,3.0,0.0,0.0,2.5333333333333337,6.0,1.0,6.0,0.0,0.0,2.0,,,,4.153846153846154,1.153846153846154,11.423076923076923,1.0384615384615385,1.0384615384615385,2.5076923076923077,8.666666666666666,4.0,9.0,1.0,1.0,11.0,,,,True,True,UNKNOWN,False,False,NPB,2026-06-27 18:00:00,1,,,0,
2021039061,2026-06-27 18:00:00,オリックス・バファローズ,東北楽天ゴールデンイーグルス,1.0,5.0,UNKNOWN,ほっともっとフィールド神戸,unknown,low,False,False,700065,2108177,[],[],,,,,0,light,2026-06-27T09:00:00+00:00,,UNKNOWN,,,,UNKNOWN,UNKNOWN,,UNKNOWN,,1.2857142857142858,0.42857142857142855,3.857142857142857,0.0,1.2857142857142858,4.2,7.0,1.0,3.0,1.0,0.0,3.0,,,,3.0,1.5,12.0,3.0,0.0,1.5333333333333334,6.0,2.0,7.0,0.0,2.0,8.0,,,,True,True,UNKNOWN,False,False,NPB,2026-06-27 18:00:00,1,,,0,
2021039064,2026-06-28 14:00:00,広島東洋カープ,阪神タイガース,3.0,12.0,UNKNOWN,MAZDA Zoom-Zoom スタジアム広島,unknown,low,False,False,1700078,2114807,[],[],,,,,0,light,2026-06-28T05:00:00+00:00,,UNKNOWN,,,,UNKNOWN,UNKNOWN,,UNKNOWN,,4.5,1.3333333333333333,9.0,0.0,1.5,3.3666666666666667,6.0,3.0,8.0,1.0,0.0,6.0,,,,7.105263157894737,1.4210526315789473,8.526315789473685,2.8421052631578947,2.8421052631578947,6.3578947368421055,6.333333333333333,5.0,7.0,2.0,2.0,6.0,,,,True,True,UNKNOWN,False,False,NPB,2026-06-28 14:00:00,1,,,0,
2021039067,2026-06-28 16:00:00,オリックス・バファローズ,東北楽天ゴールデンイーグルス,5.0,2.0,UNKNOWN,ほっともっとフィールド神戸,unknown,low,False,False,2000123,1300058,[],[],,,,,0,light,2026-06-28T07:00:00+00:00,,UNKNOWN,,,,UNKNOWN,UNKNOWN,,UNKNOWN,,1.8,1.0,5.4,0.0,0.0,2.0,5.0,1.0,5.0,0.0,0.0,3.0,,,,2.5714285714285716,1.0,3.857142857142857,2.5714285714285716,0.0,3.2,7.0,2.0,5.0,0.0,2.0,3.0,,,,True,True,UNKNOWN,False,False,NPB,2026-06-28 16:00:00,1,,,0,
2021039062,2026-06-28 17:00:00,東京ヤクルトスワローズ,中日ドラゴンズ,4.0,3.0,UNKNOWN,明治神宮野球場,unknown,low,False,False,2108462,2103794,[],[],,,,,0,light,2026-06-28T08:00:00+00:00,,UNKNOWN,,,,UNKNOWN,UNKNOWN,,UNKNOWN,,4.5,1.5,9.0,1.5,3.0,6.033333333333333,6.0,3.0,8.0,2.0,1.0,6.0,,,,4.5,1.6666666666666667,4.5,4.5,0.0,3.7,6.0,3.0,7.0,0.0,3.0,3.0,,,,True,True,UNKNOWN,False,False,NPB,2026-06-28 17:00:00,1,,,0,
2021039066,2026-06-28 17:00:00,千葉ロッテマリーンズ,福岡ソフトバンクホークス,3.0,3.0,UNKNOWN,ZOZOマリンスタジアム,unknown,low,False,False,2107909,1800052,[],[],,,,,0,light,2026-06-28T08:00:00+00:00,,UNKNOWN,,,,UNKNOWN,UNKNOWN,,UNKNOWN,,5.4,1.8,12.6,7.2,1.8,5.4,5.0,3.0,5.0,1.0,4.0,7.0,,,,13.5,4.0,4.5,13.5,4.5,13.2,2.0,3.0,5.0,1.0,3.0,1.0,,,,True,True,UNKNOWN,False,False,NPB,2026-06-28 17:00:00,1,,,0,
2021039065,2026-06-28 18:00:00,埼玉西武ライオンズ,北海道日本ハムファイターズ,1.0,5.0,UNKNOWN,ベルーナドーム,unknown,low,False,False,2100027,1800081,[],[],,,,,0,light,2026-06-28T09:00:00+00:00,,UNKNOWN,,,,UNKNOWN,UNKNOWN,,UNKNOWN,,1.5,0.8333333333333334,9.0,1.5,0.0,1.7000000000000002,6.0,1.0,4.0,0.0,1.0,6.0,,,,4.5,1.3333333333333333,4.5,3.0,0.0,3.2,6.0,3.0,6.0,0.0,2.0,3.0,,,,True,True,UNKNOWN,False,False,NPB,2026-06-28 18:00:00,1,,,0,
2021039063,2026-06-28 18:15:00,横浜DeNAベイスターズ,読売ジャイアンツ,1.0,2.0,UNKNOWN,横浜スタジアム,unknown,low,False,False,1900019,2112182,[],[],,,,,0,light,2026-06-28T09:15:00+00:00,,UNKNOWN,,,,UNKNOWN,UNKNOWN,,UNKNOWN,,0.0,0.2857142857142857,7.714285714285714,0.0,0.0,1.485714285714286,7.0,0.0,2.0,0.0,0.0,6.0,,,,3.0,1.3333333333333333,6.0,1.5,0.0,2.3666666666666667,6.0,2.0,7.0,0.0,1.0,4.0,,,,True,True,UNKNOWN,False,False,NPB,2026-06-28 18:15:00,1,,,0,
2021039068,2026-06-30 18:00:00,読売ジャイアンツ,東京ヤクルトスワローズ,3.0,4.0,UNKNOWN,はるか夢球場,unknown,low,False,False,2000025,1800028,[],[],,,,,0,light,2026-06-30T09:00:00+00:00,,UNKNOWN,,,,UNKNOWN,UNKNOWN,,UNKNOWN,,0.0,1.0,12.6,3.6,0.0,1.6,5.0,0.0,3.0,0.0,2.0,7.0,,,,1.2857142857142858,0.7142857142857143,9.0,1.2857142857142858,0.0,1.6285714285714288,7.0,1.0,4.0,0.0,1.0,7.0,,,,True,True,UNKNOWN,False,False,NPB,2026-06-30 18:00:00,1,,,0,
2021039069,2026-06-30 18:00:00,横浜DeNAベイスターズ,広島東洋カープ,4.0,7.0,UNKNOWN,HARD OFF ECOスタジアム新潟,unknown,low,False,False,1900057,1700058,[],[],,,,,0,light,2026-06-30T09:00:00+00:00,,UNKNOWN,,,,UNKNOWN,UNKNOWN,,UNKNOWN,,6.75,1.5,9.0,0.0,0.0,1.2000000000000002,4.0,3.0,6.0,0.0,0.0,4.0,,,,3.0,1.0,7.5,0.0,0.0,1.5333333333333334,6.0,2.0,6.0,0.0,0.0,5.0,,,,True,True,UNKNOWN,False,False,NPB,2026-06-30 18:00:00,1,,,0,
2021039070,2026-06-30 18:00:00,阪神タイガース,中日ドラゴンズ,3.0,2.0,UNKNOWN,阪神甲子園球場,unknown,low,False,False,2100961,1600115,[],[],,,,,0,light,2026-06-30T09:00:00+00:00,,UNKNOWN,,,,UNKNOWN,UNKNOWN,,UNKNOWN,,1.5,1.0,7.5,1.5,1.5,4.2,6.0,1.0,5.0,1.0,1.0,5.0,,,,1.2857142857142858,0.8571428571428571,11.571428571428571,1.2857142857142858,0.0,1.0571428571428574,7.0,1.0,5.0,0.0,1.0,9.0,,,,True,True,UNKNOWN,False,False,NPB,2026-06-30 18:00:00,1,,,0,
2021039071,2026-06-30 18:00:00,北海道日本ハムファイターズ,オリックス・バファローズ,9.0,2.0,UNKNOWN,エスコンフィールドHOKKAIDO,unknown,low,False,False,2108148,1750903,[],[],,,,,0,light,2026-06-30T09:00:00+00:00,,UNKNOWN,,,,UNKNOWN,UNKNOWN,,UNKNOWN,,19.285714285714285,4.285714285714286,7.7142857142857135,3.8571428571428568,3.8571428571428568,8.342857142857142,2.3333333333333335,5.0,9.0,1.0,1.0,2.0,,,,3.0,1.1666666666666667,7.5,6.0,1.5,5.7,6.0,2.0,3.0,1.0,4.0,5.0,,,,True,True,UNKNOWN,False,False,NPB,2026-06-30 18:00:00,1,,,0,
2021039072,2026-06-30 18:00:00,東北楽天ゴールデンイーグルス,千葉ロッテマリーンズ,2.0,5.0,UNKNOWN,楽天モバイル 最強パーク宮城,unknown,low,False,False,2103904,2106793,[],[],,,,,0,light,2026-06-30T09:00:00+00:00,,UNKNOWN,,,,UNKNOWN,UNKNOWN,,UNKNOWN,,1.2857142857142858,0.7142857142857143,5.142857142857143,2.5714285714285716,1.2857142857142858,4.771428571428571,7.0,1.0,3.0,1.0,2.0,4.0,,,,5.4,0.8,10.8,1.8,1.8,4.0,5.0,3.0,3.0,1.0,1.0,6.0,,,,True,True,UNKNOWN,False,False,NPB,2026-06-30 18:00:00,1,,,0,
2021039073,2026-06-30 18:00:00,福岡ソフトバンクホークス,埼玉西武ライオンズ,6.0,0.0,UNKNOWN,東京ドーム,unknown,low,False,False,1700124,1100099,[],[],,,,,0,light,2026-06-30T09:00:00+00:00,,UNKNOWN,,,,UNKNOWN,UNKNOWN,,UNKNOWN,,3.0,1.5,7.5,3.0,0.0,2.5333333333333337,6.0,2.0,7.0,0.0,2.0,5.0,,,,0.0,0.6666666666666666,12.0,0.0,0.0,0.5333333333333337,6.0,0.0,4.0,0.0,0.0,8.0,,,,True,True,UNKNOWN,False,False,NPB,2026-06-30 18:00:00,1,,,0,
2021039074,2026-07-01 18:00:00,読売ジャイアンツ,東京ヤクルトスワローズ,2.0,1.0,UNKNOWN,きたぎんボールパーク,unknown,low,False,False,1900024,1850035,[],[],,,,,0,light,2026-07-01T09:00:00+00:00,,UNKNOWN,,,,UNKNOWN,UNKNOWN,,UNKNOWN,,2.5714285714285716,1.4285714285714286,9.0,2.5714285714285716,0.0,2.0571428571428574,7.0,2.0,8.0,0.0,2.0,7.0,,,,0.0,2.0,0.0,9.0,0.0,6.2,1.0,0.0,1.0,0.0,1.0,0.0,,,,True,True,UNKNOWN,False,False,NPB,2026-07-01 18:00:00,1,,,0,
2021039076,2026-07-01 18:00:00,北海道日本ハムファイターズ,オリックス・バファローズ,6.0,0.0,UNKNOWN,エスコンフィールドHOKKAIDO,unknown,low,False,False,1700109,1500110,[],[],,,,,0,light,2026-07-01T09:00:00+00:00,,UNKNOWN,,,,UNKNOWN,UNKNOWN,,UNKNOWN,,5.142857142857143,1.4285714285714286,7.714285714285714,1.2857142857142858,2.5714285714285716,5.628571428571428,7.0,4.0,9.0,2.0,1.0,6.0,,,,0.0,0.3333333333333333,3.0,0.0,0.0,2.5333333333333337,9.0,0.0,3.0,0.0,0.0,3.0,,,,True,True,UNKNOWN,False,False,NPB,2026-07-01 18:00:00,1,,,0,
2021039077,2026-07-01 18:00:00,東北楽天ゴールデンイーグルス,千葉ロッテマリーンズ,0.0,5.0,UNKNOWN,ヨーク開成山スタジアム,unknown,low,False,False,2000090,1900117,[],[],,,,,0,light,2026-07-01T09:00:00+00:00,,UNKNOWN,,,,UNKNOWN,UNKNOWN,,UNKNOWN,,0.0,1.0,3.857142857142857,1.2857142857142858,0.0,2.771428571428572,7.0,0.0,6.0,0.0,1.0,3.0,,,,6.75,2.0625,1.6875,5.0625,1.6875,6.95,5.333333333333333,4.0,8.0,1.0,3.0,1.0,,,,True,True,UNKNOWN,False,False,NPB,2026-07-01 18:00:00,1,,,0,
2021039473,2026-07-01 18:00:00,福岡ソフトバンクホークス,埼玉西武ライオンズ,11.0,0.0,UNKNOWN,みずほPayPayドーム福岡,unknown,low,False,False,2117319,2104078,[],[],,,,,0,light,2026-07-01T09:00:00+00:00,,UNKNOWN,,,,UNKNOWN,UNKNOWN,,UNKNOWN,,13.5,2.75,9.0,11.25,4.5,11.45,4.0,6.0,6.0,2.0,5.0,4.0,,,,0.0,0.8571428571428571,6.428571428571429,3.857142857142857,0.0,3.0571428571428574,7.0,0.0,3.0,0.0,3.0,5.0,,,,True,True,UNKNOWN,False,False,NPB,2026-07-01 18:00:00,1,,,0,
2021039079,2026-07-02 18:00:00,阪神タイガース,中日ドラゴンズ,2.0,3.0,UNKNOWN,阪神甲子園球場,excluded,high,False,False,1600106,2110265,[],[],,,,,0,light,2026-07-02T09:00:00+00:00,,UNKNOWN,,,,UNKNOWN,UNKNOWN,,UNKNOWN,,2.5714285714285716,1.1428571428571428,5.142857142857143,1.2857142857142858,1.2857142857142858,4.342857142857143,7.0,2.0,7.0,1.0,1.0,4.0,,,,3.6,1.4,3.6,1.8,0.0,3.0,5.0,2.0,6.0,0.0,1.0,2.0,,,,True,True,UNKNOWN,False,False,NPB,2026-07-02 18:00:00,1,,,0,
2021039080,2026-07-02 18:00:00,北海道日本ハムファイターズ,オリックス・バファローズ,9.0,1.0,UNKNOWN,エスコンフィールドHOKKAIDO,unknown,low,False,False,1900092,1400117,[],[],,,,,0,light,2026-07-02T09:00:00+00:00,,UNKNOWN,,,,UNKNOWN,UNKNOWN,,UNKNOWN,,,,,,,,,,,,,,,,,1.5,1.0,4.5,0.0,1.5,4.366666666666667,6.0,1.0,6.0,1.0,0.0,3.0,,,,False,True,UNKNOWN,False,False,NPB,2026-07-02 18:00:00,1,,,0,
2021039081,2026-07-02 18:00:00,福岡ソフトバンクホークス,埼玉西武ライオンズ,3.0,1.0,UNKNOWN,みずほPayPayドーム福岡,unknown,low,False,False,2105080,1550517,[],[],,,,,0,light,2026-07-02T09:00:00+00:00,,UNKNOWN,,,,UNKNOWN,UNKNOWN,,UNKNOWN,,4.5,1.3333333333333333,10.5,4.5,1.5,4.533333333333333,6.0,3.0,5.0,1.0,3.0,7.0,,,,1.2857142857142858,0.7142857142857143,5.142857142857143,2.5714285714285716,1.2857142857142858,4.771428571428571,7.0,1.0,3.0,1.0,2.0,4.0,,,,True,True,UNKNOWN,False,False,NPB,2026-07-02 18:00:00,1,,,0,
2021039078,2026-07-02 18:15:00,横浜DeNAベイスターズ,広島東洋カープ,3.0,3.0,UNKNOWN,横浜スタジアム,unknown,low,False,False,1900052,1300031,[],[],,,,,0,light,2026-07-02T09:15:00+00:00,,UNKNOWN,,,,UNKNOWN,UNKNOWN,,UNKNOWN,,4.5,1.8333333333333333,6.0,6.0,3.0,8.2,6.0,3.0,7.0,2.0,4.0,4.0,,,,1.8,1.4,7.2,0.0,0.0,1.6,5.0,1.0,7.0,0.0,0.0,4.0,,,,True,True,UNKNOWN,False,False,NPB,2026-07-02 18:15:00,1,,,0,
2021039082,2026-07-03 18:00:00,東京ヤクルトスワローズ,横浜DeNAベイスターズ,2.0,7.0,UNKNOWN,明治神宮野球場,unknown,low,False,False,1700134,1500042,[],[],,,,,0,light,2026-07-03T09:00:00+00:00,,UNKNOWN,,,,UNKNOWN,UNKNOWN,,UNKNOWN,,1.5,0.8333333333333334,7.5,3.0,0.0,2.5333333333333337,6.0,1.0,3.0,0.0,2.0,5.0,,,,2.6999999999999997,1.05,5.3999999999999995,1.3499999999999999,2.6999999999999997,6.35,6.666666666666667,2.0,6.0,2.0,1.0,4.0,,,,True,True,UNKNOWN,False,False,NPB,2026-07-03 18:00:00,1,,,0,
2021039083,2026-07-03 18:00:00,中日ドラゴンズ,読売ジャイアンツ,1.0,0.0,UNKNOWN,バンテリンドーム ナゴヤ,unknown,low,False,False,2117509,1000138,[],[],,,,,0,light,2026-07-03T09:00:00+00:00,,UNKNOWN,,,,UNKNOWN,UNKNOWN,,UNKNOWN,,1.5,1.0,13.5,4.5,0.0,1.7000000000000002,6.0,1.0,3.0,0.0,3.0,9.0,,,,0.0,0.5,7.875,2.25,0.0,2.2,8.0,0.0,2.0,0.0,2.0,7.0,,,,True,True,UNKNOWN,False,False,NPB,2026-07-03 18:00:00,1,,,0,
2021039084,2026-07-03 18:00:00,阪神タイガース,広島東洋カープ,1.0,5.0,UNKNOWN,阪神甲子園球場,unknown,low,False,False,2103788,1700137,[],[],,,,,0,light,2026-07-03T09:00:00+00:00,,UNKNOWN,,,,UNKNOWN,UNKNOWN,,UNKNOWN,,1.2857142857142858,0.5714285714285714,9.0,2.5714285714285716,1.2857142857142858,3.9142857142857146,7.0,1.0,2.0,1.0,2.0,7.0,,,,15.0,3.0,6.0,3.0,0.0,2.8666666666666667,3.0,5.0,8.0,0.0,1.0,2.0,,,,True,True,UNKNOWN,False,False,NPB,2026-07-03 18:00:00,1,,,0,
2021039085,2026-07-03 18:00:00,東北楽天ゴールデンイーグルス,北海道日本ハムファイターズ,8.0,0.0,UNKNOWN,楽天モバイル 最強パーク宮城,unknown,low,False,False,2000079,2000121,[],[],,,,,0,light,2026-07-03T09:00:00+00:00,,UNKNOWN,,,,UNKNOWN,UNKNOWN,,UNKNOWN,,7.714285714285714,1.5714285714285714,7.714285714285714,0.0,1.2857142857142858,3.342857142857143,7.0,6.0,11.0,1.0,0.0,6.0,,,,0.0,0.5,13.5,2.25,0.0,0.9500000000000002,8.0,0.0,2.0,0.0,2.0,12.0,,,,True,True,UNKNOWN,False,False,NPB,2026-07-03 18:00:00,1,,,0,
2021039086,2026-07-03 18:00:00,オリックス・バファローズ,埼玉西武ライオンズ,4.0,4.0,UNKNOWN,ほっともっとフィールド神戸,unknown,low,False,False,1400182,1750543,[],[],,,,,0,light,2026-07-03T09:00:00+00:00,,UNKNOWN,,,,UNKNOWN,UNKNOWN,,UNKNOWN,,12.0,3.0,15.0,12.0,3.0,8.2,3.0,4.0,5.0,1.0,4.0,5.0,,,,5.785714285714286,1.9285714285714284,3.8571428571428568,3.8571428571428568,0.0,3.6285714285714286,4.666666666666667,3.0,7.0,0.0,2.0,2.0,,,,True,True,UNKNOWN,False,False,NPB,2026-07-03 18:00:00,1,,,0,
2021039087,2026-07-03 18:00:00,福岡ソフトバンクホークス,千葉ロッテマリーンズ,3.0,2.0,UNKNOWN,みずほPayPayドーム福岡,unknown,low,False,False,2114737,1900010,[],[],,,,,0,light,2026-07-03T09:00:00+00:00,,UNKNOWN,,,,UNKNOWN,UNKNOWN,,UNKNOWN,,2.5714285714285716,1.1428571428571428,7.714285714285714,2.5714285714285716,0.0,2.342857142857143,7.0,2.0,6.0,0.0,2.0,6.0,,,,1.588235294117647,1.2352941176470587,3.176470588235294,4.764705882352941,0.0,4.08235294117647,5.666666666666667,1.0,4.0,0.0,3.0,2.0,,,,True,True,UNKNOWN,False,False,NPB,2026-07-03 18:00:00,1,,,0,
2021039089,2026-07-04 14:00:00,中日ドラゴンズ,読売ジャイアンツ,2.0,1.0,UNKNOWN,バンテリンドーム ナゴヤ,unknown,low,False,False,2118993,500014,[],[],,,,,0,light,2026-07-04T05:00:00+00:00,,UNKNOWN,,,,UNKNOWN,UNKNOWN,,UNKNOWN,,0.0,1.1666666666666667,13.5,3.0,0.0,1.2000000000000002,6.0,0.0,5.0,0.0,2.0,9.0,,,,1.2857142857142858,0.7142857142857143,5.142857142857143,1.2857142857142858,0.0,2.4857142857142858,7.0,1.0,4.0,0.0,1.0,4.0,,,,True,True,UNKNOWN,False,False,NPB,2026-07-04 14:00:00,1,,,0,
2021039093,2026-07-04 14:00:00,福岡ソフトバンクホークス,千葉ロッテマリーンズ,1.0,8.0,UNKNOWN,みずほPayPayドーム福岡,excluded,high,False,False,2101204,2121648,[],[],,,,,0,light,2026-07-04T05:00:00+00:00,,UNKNOWN,,,,UNKNOWN,UNKNOWN,,UNKNOWN,,0.0,1.2857142857142858,7.714285714285714,3.857142857142857,0.0,2.771428571428572,7.0,0.0,6.0,0.0,3.0,6.0,,,,36.0,4.0,4.5,13.5,4.5,13.2,2.0,8.0,5.0,1.0,3.0,1.0,,,,True,True,UNKNOWN,False,False,NPB,2026-07-04 14:00:00,1,,,0,
2021039088,2026-07-04 18:00:00,東京ヤクルトスワローズ,横浜DeNAベイスターズ,1.0,12.0,UNKNOWN,明治神宮野球場,unknown,low,False,False,1850838,1750696,[],[],,,,,0,light,2026-07-04T09:00:00+00:00,,UNKNOWN,,,,UNKNOWN,UNKNOWN,,UNKNOWN,,1.0,0.8888888888888888,6.0,1.0,1.0,3.644444444444445,9.0,1.0,7.0,1.0,1.0,6.0,,,,9.0,1.8,5.4,1.8,1.8,5.2,5.0,5.0,8.0,1.0,1.0,3.0,,,,True,True,UNKNOWN,False,False,NPB,2026-07-04 18:00:00,1,,,0,
2021039091,2026-07-04 18:00:00,東北楽天ゴールデンイーグルス,北海道日本ハムファイターズ,4.0,1.0,UNKNOWN,楽天モバイル 最強パーク宮城,unknown,low,False,False,2111822,700049,[],[],,,,,0,light,2026-07-04T09:00:00+00:00,,UNKNOWN,,,,UNKNOWN,UNKNOWN,,UNKNOWN,,4.2631578947368425,1.2631578947368423,11.368421052631579,5.684210526315789,0.0,2.568421052631579,6.333333333333333,3.0,4.0,0.0,4.0,8.0,,,,1.0384615384615385,0.576923076923077,5.1923076923076925,0.0,0.0,2.046153846153846,8.666666666666666,1.0,5.0,0.0,0.0,5.0,,,,True,True,UNKNOWN,False,False,NPB,2026-07-04 18:00:00,1,,,0,
2021039095,2026-07-05 13:30:00,中日ドラゴンズ,読売ジャイアンツ,0.0,1.0,UNKNOWN,バンテリンドーム ナゴヤ,interleague,high,True,True,1900019,2108462,[],[],,,,,0,light,2026-07-05T04:30:00+00:00,,UNKNOWN,,,,UNKNOWN,UNKNOWN,,UNKNOWN,,0.0,0.7142857142857143,10.285714285714286,2.5714285714285716,0.0,1.7714285714285716,7.0,0.0,3.0,0.0,2.0,8.0,,,,1.2857142857142858,0.7142857142857143,11.571428571428571,0.0,1.2857142857142858,2.4857142857142858,7.0,1.0,5.0,1.0,0.0,9.0,,,,True,True,UNKNOWN,False,False,NPB,2026-07-05 13:30:00,1,,,0,
2021039099,2026-07-05 13:30:00,福岡ソフトバンクホークス,千葉ロッテマリーンズ,7.0,2.0,UNKNOWN,みずほPayPayドーム福岡,unknown,low,False,False,1800052,2107909,[],[],,,,,0,light,2026-07-05T04:30:00+00:00,,UNKNOWN,,,,UNKNOWN,UNKNOWN,,UNKNOWN,,9.0,1.3333333333333333,12.0,6.0,3.0,6.866666666666667,3.0,3.0,2.0,1.0,2.0,4.0,,,,3.6,1.2,9.0,3.6,0.0,2.4000000000000004,5.0,2.0,4.0,0.0,2.0,5.0,,,,True,True,UNKNOWN,False,False,NPB,2026-07-05 13:30:00,1,,,0,
2021039098,2026-07-05 14:00:00,オリックス・バファローズ,埼玉西武ライオンズ,3.0,1.0,UNKNOWN,京セラドーム大阪,unknown,low,False,False,1751148,2108177,[],[],,,,,0,light,2026-07-05T05:00:00+00:00,,UNKNOWN,,,,UNKNOWN,UNKNOWN,,UNKNOWN,,4.5,0.8333333333333334,6.0,0.0,1.5,4.033333333333333,6.0,3.0,5.0,1.0,0.0,4.0,,,,1.2857142857142858,0.7142857142857143,2.5714285714285716,0.0,0.0,2.628571428571429,7.0,1.0,5.0,0.0,0.0,2.0,,,,True,True,UNKNOWN,False,False,NPB,2026-07-05 14:00:00,1,,,0,
2021039097,2026-07-05 17:00:00,東北楽天ゴールデンイーグルス,北海道日本ハムファイターズ,3.0,6.0,UNKNOWN,楽天モバイル 最強パーク宮城,excluded,high,False,False,2100027,2108107,[],[],,,,,0,light,2026-07-05T08:00:00+00:00,,UNKNOWN,,,,UNKNOWN,UNKNOWN,,UNKNOWN,,13.5,3.0,13.5,9.0,0.0,3.2,2.0,3.0,4.0,0.0,2.0,3.0,,,,9.0,1.75,2.25,2.25,4.5,9.95,4.0,4.0,6.0,2.0,1.0,1.0,,,,True,True,UNKNOWN,False,False,NPB,2026-07-05 17:00:00,1,,,0,
2021039094,2026-07-05 18:00:00,東京ヤクルトスワローズ,横浜DeNAベイスターズ,4.0,6.0,UNKNOWN,明治神宮野球場,excluded,high,False,False,2100109,2103794,[],[],,,,,0,light,2026-07-05T09:00:00+00:00,,UNKNOWN,,,,UNKNOWN,UNKNOWN,,UNKNOWN,,0.0,0.6,3.6,1.8,0.0,3.0,5.0,0.0,2.0,0.0,1.0,2.0,,,,7.5,1.5,7.5,4.5,1.5,5.2,6.0,5.0,6.0,1.0,3.0,5.0,,,,True,True,UNKNOWN,False,False,NPB,2026-07-05 18:00:00,1,,,0,
2021039096,2026-07-05 18:00:00,阪神タイガース,広島東洋カープ,6.0,4.0,UNKNOWN,阪神甲子園球場,unknown,low,False,False,1600123,2000055,[],[],,,,,0,light,2026-07-05T09:00:00+00:00,,UNKNOWN,,,,UNKNOWN,UNKNOWN,,UNKNOWN,,3.6,2.0,10.8,3.6,1.8,4.6,5.0,2.0,8.0,1.0,2.0,6.0,,,,1.5,1.0,6.0,1.5,0.0,2.3666666666666667,6.0,1.0,5.0,0.0,1.0,4.0,,,,True,True,UNKNOWN,False,False,NPB,2026-07-05 18:00:00,1,,,0,
2021039100,2026-07-07 18:00:00,読売ジャイアンツ,阪神タイガース,4.0,3.0,UNKNOWN,東京ドーム,unknown,low,False,False,1700078,1800028,[],[],,,,,0,light,2026-07-07T09:00:00+00:00,,UNKNOWN,,,,UNKNOWN,UNKNOWN,,UNKNOWN,,5.3999999999999995,1.2,9.45,1.3499999999999999,1.3499999999999999,3.5,6.666666666666667,4.0,7.0,1.0,1.0,7.0,,,,0.0,0.4,5.4,3.6,0.0,3.2,5.0,0.0,0.0,0.0,2.0,3.0,,,,True,True,UNKNOWN,False,False,NPB,2026-07-07 18:00:00,1,,,0,
2021039102,2026-07-07 18:00:00,広島東洋カープ,東京ヤクルトスワローズ,4.0,3.0,UNKNOWN,MAZDA Zoom-Zoom スタジアム広島,unknown,low,False,False,2000025,2114807,[],[],,,,,0,light,2026-07-07T09:00:00+00:00,,UNKNOWN,,,,UNKNOWN,UNKNOWN,,UNKNOWN,,0.0,0.5714285714285714,6.428571428571429,0.0,0.0,1.7714285714285716,7.0,0.0,4.0,0.0,0.0,5.0,,,,5.4,1.0,10.8,1.8,0.0,1.4000000000000001,5.0,3.0,4.0,0.0,1.0,6.0,,,,True,True,UNKNOWN,False,False,NPB,2026-07-07 18:00:00,1,,,0,
2021039104,2026-07-07 18:00:00,千葉ロッテマリーンズ,北海道日本ハムファイターズ,10.0,2.0,UNKNOWN,ZOZOマリンスタジアム,unknown,low,False,False,1750903,2103904,[],[],,,,,0,light,2026-07-07T09:00:00+00:00,,UNKNOWN,,,,UNKNOWN,UNKNOWN,,UNKNOWN,,9.0,1.3333333333333333,9.0,3.0,6.0,10.866666666666667,3.0,3.0,3.0,2.0,1.0,3.0,,,,2.5714285714285716,1.0,5.142857142857143,1.2857142857142858,0.0,2.4857142857142858,7.0,2.0,6.0,0.0,1.0,4.0,,,,True,True,UNKNOWN,False,False,NPB,2026-07-07 18:00:00,1,,,0,
2021039105,2026-07-07 18:00:00,オリックス・バファローズ,福岡ソフトバンクホークス,3.0,6.0,UNKNOWN,京セラドーム大阪,unknown,low,False,False,1100099,2108148,[],[],,,,,0,light,2026-07-07T09:00:00+00:00,,UNKNOWN,,,,UNKNOWN,UNKNOWN,,UNKNOWN,,3.0,0.8333333333333334,13.5,0.0,0.0,0.20000000000000018,6.0,2.0,5.0,0.0,0.0,9.0,,,,13.5,3.5,0.0,13.5,0.0,7.7,2.0,3.0,4.0,0.0,3.0,0.0,,,,True,True,UNKNOWN,False,False,NPB,2026-07-07 18:00:00,1,,,0,
2021039101,2026-07-07 18:15:00,横浜DeNAベイスターズ,中日ドラゴンズ,4.0,0.0,UNKNOWN,横浜スタジアム,unknown,low,False,False,2100961,2112182,[],[],,,,,0,light,2026-07-07T09:15:00+00:00,,UNKNOWN,,,,UNKNOWN,UNKNOWN,,UNKNOWN,,3.0,1.5,6.0,4.5,1.5,5.533333333333333,6.0,2.0,6.0,1.0,3.0,4.0,,,,0.0,0.4444444444444444,7.0,3.0,0.0,2.644444444444445,9.0,0.0,1.0,0.0,3.0,7.0,,,,True,True,UNKNOWN,False,False,NPB,2026-07-07 18:15:00,1,,,0,
2021039103,2026-07-07 18:30:00,埼玉西武ライオンズ,東北楽天ゴールデンイーグルス,6.0,1.0,UNKNOWN,沖縄セルラースタジアム那覇,unknown,low,False,False,2106793,1700124,[],[],,,,,0,light,2026-07-07T09:30:00+00:00,,UNKNOWN,,,,UNKNOWN,UNKNOWN,,UNKNOWN,,7.2,2.0,12.6,7.2,1.8,5.4,5.0,4.0,6.0,1.0,4.0,7.0,,,,0.0,1.4,12.6,5.4,0.0,2.2,5.0,0.0,4.0,0.0,3.0,7.0,,,,True,True,UNKNOWN,False,False,NPB,2026-07-07 18:30:00,1,,,0,
2021039106,2026-07-08 18:00:00,読売ジャイアンツ,阪神タイガース,1.0,4.0,UNKNOWN,東京ドーム,unknown,low,False,False,1600115,1850035,[],[],,,,,0,light,2026-07-08T09:00:00+00:00,,UNKNOWN,,,,UNKNOWN,UNKNOWN,,UNKNOWN,,0.0,1.1428571428571428,10.285714285714286,3.857142857142857,0.0,2.2,7.0,0.0,5.0,0.0,3.0,8.0,,,,6.75,1.125,10.125,3.375,1.6875,4.5125,5.333333333333333,4.0,4.0,1.0,2.0,6.0,,,,True,True,UNKNOWN,False,False,NPB,2026-07-08 18:00:00,1,,,0,
2021039108,2026-07-08 18:00:00,広島東洋カープ,東京ヤクルトスワローズ,4.0,3.0,UNKNOWN,MAZDA Zoom-Zoom スタジアム広島,unknown,low,False,False,1900024,1900057,[],[],,,,,0,light,2026-07-08T09:00:00+00:00,,UNKNOWN,,,,UNKNOWN,UNKNOWN,,UNKNOWN,,3.375,0.75,5.625,0.0,1.125,3.575,8.0,3.0,6.0,1.0,0.0,5.0,,,,5.4,0.6000000000000001,0.0,0.0,5.4,11.0,1.6666666666666665,1.0,1.0,1.0,0.0,0.0,,,,True,True,UNKNOWN,False,False,NPB,2026-07-08 18:00:00,1,,,0,
2021039110,2026-07-08 18:00:00,千葉ロッテマリーンズ,北海道日本ハムファイターズ,2.0,7.0,UNKNOWN,ZOZOマリンスタジアム,unknown,low,False,False,1500110,2000090,[],[],,,,,0,light,2026-07-08T09:00:00+00:00,,UNKNOWN,,,,UNKNOWN,UNKNOWN,,UNKNOWN,,3.375,1.6875,1.6875,0.0,0.0,2.825,5.333333333333333,2.0,9.0,0.0,0.0,1.0,,,,1.8,1.6,0.0,3.6,1.8,7.0,5.0,1.0,6.0,1.0,2.0,0.0,,,,True,True,UNKNOWN,False,False,NPB,2026-07-08 18:00:00,1,,,0,
2021039111,2026-07-08 18:00:00,オリックス・バファローズ,福岡ソフトバンクホークス,3.0,2.0,UNKNOWN,京セラドーム大阪,unknown,low,False,False,2104078,1300058,[],[],,,,,0,light,2026-07-08T09:00:00+00:00,,UNKNOWN,,,,UNKNOWN,UNKNOWN,,UNKNOWN,,1.2857142857142858,1.2857142857142858,5.142857142857143,1.2857142857142858,1.2857142857142858,4.342857142857143,7.0,1.0,8.0,1.0,1.0,4.0,,,,2.5714285714285716,1.5714285714285714,7.714285714285714,5.142857142857143,0.0,3.2,7.0,2.0,7.0,0.0,4.0,6.0,,,,True,True,UNKNOWN,False,False,NPB,2026-07-08 18:00:00,1,,,0,
2021039107,2026-07-08 18:15:00,横浜DeNAベイスターズ,中日ドラゴンズ,4.0,3.0,UNKNOWN,横浜スタジアム,unknown,low,False,False,1200098,1700058,[],[],,,,,0,light,2026-07-08T09:15:00+00:00,,UNKNOWN,,,,UNKNOWN,UNKNOWN,,UNKNOWN,,6.0,1.3333333333333333,4.5,4.5,3.0,8.033333333333333,6.0,4.0,5.0,2.0,3.0,3.0,,,,2.5714285714285716,0.7142857142857143,10.285714285714286,1.2857142857142858,2.5714285714285716,5.057142857142857,7.0,2.0,4.0,2.0,1.0,8.0,,,,True,True,UNKNOWN,False,False,NPB,2026-07-08 18:15:00,1,,,0,
2021039109,2026-07-08 18:30:00,埼玉西武ライオンズ,東北楽天ゴールデンイーグルス,2.0,5.0,UNKNOWN,沖縄セルラースタジアム那覇,unknown,low,False,False,700065,1800081,[],[],,,,,0,light,2026-07-08T09:30:00+00:00,,UNKNOWN,,,,UNKNOWN,UNKNOWN,,UNKNOWN,,0.0,0.8333333333333334,10.5,1.5,0.0,1.366666666666667,6.0,0.0,4.0,0.0,1.0,7.0,,,,2.5714285714285716,1.2857142857142858,10.285714285714286,2.5714285714285716,0.0,1.7714285714285716,7.0,2.0,7.0,0.0,2.0,8.0,,,,True,True,UNKNOWN,False,False,NPB,2026-07-08 18:30:00,1,,,0,
2021039112,2026-07-09 18:00:00,読売ジャイアンツ,阪神タイガース,2.0,10.0,UNKNOWN,東京ドーム,excluded,high,False,False,1850363,1200117,[],[],,,,,0,light,2026-07-09T09:00:00+00:00,,UNKNOWN,,,,UNKNOWN,UNKNOWN,,UNKNOWN,,1.6875,1.3125,10.125,5.0625,0.0,2.6375,5.333333333333333,1.0,4.0,0.0,3.0,6.0,,,,14.4,2.4,5.4,3.6,1.8,5.800000000000001,5.0,8.0,10.0,1.0,2.0,3.0,,,,True,True,UNKNOWN,False,False,NPB,2026-07-09 18:00:00,1,,,0,
2021039114,2026-07-09 18:00:00,広島東洋カープ,東京ヤクルトスワローズ,0.0,1.0,UNKNOWN,MAZDA Zoom-Zoom スタジアム広島,excluded,high,False,False,2108291,2000060,[],[],,,,,0,light,2026-07-09T09:00:00+00:00,,UNKNOWN,,,,UNKNOWN,UNKNOWN,,UNKNOWN,,0.0,0.14285714285714285,9.0,1.2857142857142858,0.0,1.6285714285714288,7.0,0.0,0.0,0.0,1.0,7.0,,,,1.5,0.8333333333333334,3.0,0.0,0.0,2.5333333333333337,6.0,1.0,5.0,0.0,0.0,2.0,,,,True,True,UNKNOWN,False,False,NPB,2026-07-09 18:00:00,1,,,0,
2021039113,2026-07-09 18:15:00,横浜DeNAベイスターズ,中日ドラゴンズ,3.0,4.0,UNKNOWN,横浜スタジアム,unknown,low,False,False,1600106,1300031,[],[],,,,,0,light,2026-07-09T09:15:00+00:00,,UNKNOWN,,,,UNKNOWN,UNKNOWN,,UNKNOWN,,5.0625,1.125,6.75,1.6875,1.6875,4.7,5.333333333333333,3.0,5.0,1.0,1.0,4.0,,,,3.176470588235294,1.0588235294117647,9.529411764705882,0.0,0.0,1.0823529411764707,5.666666666666667,2.0,6.0,0.0,0.0,6.0,,,,True,True,UNKNOWN,False,False,NPB,2026-07-09 18:15:00,1,,,0,
2021039116,2026-07-10 18:00:00,中日ドラゴンズ,広島東洋カープ,10.0,1.0,UNKNOWN,バンテリンドーム ナゴヤ,unknown,low,False,False,1900052,1000138,[],[],,,,,0,light,2026-07-10T09:00:00+00:00,,UNKNOWN,,,,UNKNOWN,UNKNOWN,,UNKNOWN,,9.0,2.2,10.8,9.0,3.6,9.0,5.0,5.0,6.0,2.0,5.0,6.0,,,,1.2857142857142858,0.7142857142857143,5.142857142857143,2.5714285714285716,1.2857142857142858,4.771428571428571,7.0,1.0,3.0,1.0,2.0,4.0,,,,True,True,UNKNOWN,False,False,NPB,2026-07-10 18:00:00,1,,,0,
2021039117,2026-07-10 18:00:00,阪神タイガース,東京ヤクルトスワローズ,1.0,2.0,UNKNOWN,阪神甲子園球場,unknown,low,False,False,1500042,2110265,[],[],,,,,0,light,2026-07-10T09:00:00+00:00,,UNKNOWN,,,,UNKNOWN,UNKNOWN,,UNKNOWN,,1.2857142857142858,0.5714285714285714,12.857142857142858,0.0,0.0,0.34285714285714297,7.0,1.0,4.0,0.0,0.0,10.0,,,,1.5,1.0,6.0,0.0,1.5,4.033333333333333,6.0,1.0,6.0,1.0,0.0,4.0,,,,True,True,UNKNOWN,False,False,NPB,2026-07-10 18:00:00,1,,,0,
2021039118,2026-07-10 18:00:00,北海道日本ハムファイターズ,埼玉西武ライオンズ,1.0,2.0,UNKNOWN,エスコンフィールドHOKKAIDO,unknown,low,False,False,2105080,2000079,[],[],,,,,0,light,2026-07-10T09:00:00+00:00,,UNKNOWN,,,,UNKNOWN,UNKNOWN,,UNKNOWN,,1.2857142857142858,0.7142857142857143,10.285714285714286,1.2857142857142858,0.0,1.342857142857143,7.0,1.0,4.0,0.0,1.0,8.0,,,,1.2857142857142858,1.1428571428571428,9.0,3.857142857142857,1.2857142857142858,4.342857142857143,7.0,1.0,5.0,1.0,3.0,7.0,,,,True,True,UNKNOWN,False,False,NPB,2026-07-10 18:00:00,1,,,0,
2021039119,2026-07-10 18:00:00,千葉ロッテマリーンズ,オリックス・バファローズ,8.0,6.0,UNKNOWN,ZOZOマリンスタジアム,unknown,low,False,False,1700109,2114737,[],[],,,,,0,light,2026-07-10T09:00:00+00:00,,UNKNOWN,,,,UNKNOWN,UNKNOWN,,UNKNOWN,,20.25,4.5,6.75,6.75,0.0,3.95,1.3333333333333333,3.0,5.0,0.0,1.0,1.0,,,,10.799999999999999,2.6999999999999997,10.799999999999999,5.3999999999999995,2.6999999999999997,6.5,3.3333333333333335,4.0,7.0,1.0,2.0,4.0,,,,True,True,UNKNOWN,False,False,NPB,2026-07-10 18:00:00,1,,,0,
2021039120,2026-07-10 18:00:00,福岡ソフトバンクホークス,東北楽天ゴールデンイーグルス,3.0,5.0,UNKNOWN,みずほPayPayドーム福岡,unknown,low,False,False,2000121,1550517,[],[],,,,,0,light,2026-07-10T09:00:00+00:00,,UNKNOWN,,,,UNKNOWN,UNKNOWN,,UNKNOWN,,4.5,1.5,6.0,4.5,0.0,3.3666666666666667,6.0,3.0,6.0,0.0,3.0,4.0,,,,3.857142857142857,1.1428571428571428,2.5714285714285716,0.0,3.857142857142857,8.2,7.0,3.0,8.0,3.0,0.0,2.0,,,,True,True,UNKNOWN,False,False,NPB,2026-07-10 18:00:00,1,,,0,
2021039115,2026-07-10 18:15:00,横浜DeNAベイスターズ,読売ジャイアンツ,11.0,6.0,UNKNOWN,横浜スタジアム,unknown,low,False,False,2117509,1700134,[],[],,,,,0,light,2026-07-10T09:15:00+00:00,,UNKNOWN,,,,UNKNOWN,UNKNOWN,,UNKNOWN,,3.6,1.4,10.8,3.6,0.0,2.0,5.0,2.0,5.0,0.0,2.0,6.0,,,,12.0,3.0,6.0,12.0,3.0,10.2,3.0,4.0,5.0,1.0,4.0,2.0,,,,True,True,UNKNOWN,False,False,NPB,2026-07-10 18:15:00,1,,,0,
2021039122,2026-07-11 14:00:00,中日ドラゴンズ,広島東洋カープ,8.0,1.0,UNKNOWN,バンテリンドーム ナゴヤ,unknown,low,False,False,2103788,500014,[],[],,,,,0,light,2026-07-11T05:00:00+00:00,,UNKNOWN,,,,UNKNOWN,UNKNOWN,,UNKNOWN,,9.0,1.75,6.75,6.75,4.5,10.45,4.0,4.0,4.0,2.0,3.0,3.0,,,,1.5,1.0,3.0,0.0,0.0,2.5333333333333337,6.0,1.0,6.0,0.0,0.0,2.0,,,,True,True,UNKNOWN,False,False,NPB,2026-07-11 14:00:00,1,,,0,
2021039124,2026-07-11 14:00:00,北海道日本ハムファイターズ,埼玉西武ライオンズ,8.0,2.0,UNKNOWN,エスコンフィールドHOKKAIDO,unknown,low,False,False,1400182,1400195,[],[],,,,,0,light,2026-07-11T05:00:00+00:00,,UNKNOWN,,,,UNKNOWN,UNKNOWN,,UNKNOWN,,14.53846153846154,2.5384615384615388,6.230769230769231,6.230769230769231,4.153846153846154,9.892307692307693,4.333333333333333,7.0,8.0,2.0,3.0,3.0,,,,3.6,1.6,5.4,1.8,1.8,5.2,5.0,2.0,7.0,1.0,1.0,3.0,,,,True,True,UNKNOWN,False,False,NPB,2026-07-11 14:00:00,1,,,0,
2021039121,2026-07-11 18:00:00,横浜DeNAベイスターズ,読売ジャイアンツ,4.0,5.0,UNKNOWN,横浜スタジアム,excluded,high,False,False,2118993,1200062,[],[],,,,,0,light,2026-07-11T09:00:00+00:00,,UNKNOWN,,,,UNKNOWN,UNKNOWN,,UNKNOWN,,6.0,1.5,7.5,6.0,1.5,5.7,6.0,4.0,5.0,1.0,4.0,5.0,,,,9.0,3.0,12.0,18.0,0.0,6.533333333333333,3.0,3.0,3.0,0.0,6.0,4.0,,,,True,True,UNKNOWN,False,False,NPB,2026-07-11 18:00:00,1,,,0,
2021039123,2026-07-11 18:00:00,阪神タイガース,東京ヤクルトスワローズ,2.0,1.0,UNKNOWN,阪神甲子園球場,unknown,low,False,False,1750696,2000052,[],[],,,,,0,light,2026-07-11T09:00:00+00:00,,UNKNOWN,,,,UNKNOWN,UNKNOWN,,UNKNOWN,,1.2857142857142858,0.42857142857142855,6.428571428571429,0.0,1.2857142857142858,3.6285714285714286,7.0,1.0,3.0,1.0,0.0,5.0,,,,0.0,0.7142857142857143,7.714285714285714,2.5714285714285716,0.0,2.342857142857143,7.0,0.0,3.0,0.0,2.0,6.0,,,,True,True,UNKNOWN,False,False,NPB,2026-07-11 18:00:00,1,,,0,
2021039125,2026-07-11 18:00:00,千葉ロッテマリーンズ,オリックス・バファローズ,3.0,8.0,UNKNOWN,ZOZOマリンスタジアム,unknown,low,False,False,1750543,2101204,[],[],,,,,0,light,2026-07-11T09:00:00+00:00,,UNKNOWN,,,,UNKNOWN,UNKNOWN,,UNKNOWN,,2.4545454545454546,1.3636363636363638,7.363636363636364,1.2272727272727273,1.2272727272727273,3.7454545454545456,7.333333333333333,2.0,9.0,1.0,1.0,6.0,,,,10.8,1.6,10.8,1.8,5.4,9.2,5.0,6.0,7.0,3.0,1.0,6.0,,,,True,True,UNKNOWN,False,False,NPB,2026-07-11 18:00:00,1,,,0,
2021039126,2026-07-11 18:00:00,福岡ソフトバンクホークス,東北楽天ゴールデンイーグルス,9.0,2.0,UNKNOWN,みずほPayPayドーム福岡,unknown,low,False,False,1560256,1900106,[],[],,,,,0,light,2026-07-11T09:00:00+00:00,,UNKNOWN,,,,UNKNOWN,UNKNOWN,,UNKNOWN,,15.75,3.75,4.5,13.5,2.25,9.95,4.0,7.0,9.0,1.0,6.0,2.0,,,,3.6,1.6,7.2,1.8,1.8,4.800000000000001,5.0,2.0,7.0,1.0,1.0,4.0,,,,True,True,UNKNOWN,False,False,NPB,2026-07-11 18:00:00,1,,,0,
2021039130,2026-07-12 13:00:00,北海道日本ハムファイターズ,埼玉西武ライオンズ,1.0,12.0,UNKNOWN,エスコンフィールドHOKKAIDO,unknown,low,False,False,1751148,2100027,[],[],,,,,0,light,2026-07-12T04:00:00+00:00,,UNKNOWN,,,,UNKNOWN,UNKNOWN,,UNKNOWN,,0.0,0.5714285714285714,6.428571428571429,0.0,0.0,1.7714285714285716,7.0,0.0,4.0,0.0,0.0,5.0,,,,13.5,1.75,9.0,0.0,4.5,7.7,4.0,6.0,7.0,2.0,0.0,4.0,,,,True,True,UNKNOWN,False,False,NPB,2026-07-12 13:00:00,1,,,0,
2021039128,2026-07-12 13:30:00,中日ドラゴンズ,広島東洋カープ,1.0,5.0,UNKNOWN,バンテリンドーム ナゴヤ,unknown,low,False,False,1600123,2108462,[],[],,,,,0,light,2026-07-12T04:30:00+00:00,,UNKNOWN,,,,UNKNOWN,UNKNOWN,,UNKNOWN,,1.5,0.6666666666666666,6.0,3.0,1.5,5.033333333333333,6.0,1.0,2.0,1.0,2.0,4.0,,,,4.764705882352941,1.0588235294117647,11.117647058823529,3.176470588235294,1.588235294117647,4.08235294117647,5.666666666666667,3.0,4.0,1.0,2.0,7.0,,,,True,True,UNKNOWN,False,False,NPB,2026-07-12 13:30:00,1,,,0,
2021039132,2026-07-12 14:00:00,福岡ソフトバンクホークス,東北楽天ゴールデンイーグルス,3.0,0.0,UNKNOWN,みずほPayPayドーム福岡,unknown,low,False,False,2110316,2107909,[],[],,,,,0,light,2026-07-12T05:00:00+00:00,,UNKNOWN,,,,UNKNOWN,UNKNOWN,,UNKNOWN,,4.5,1.1666666666666667,9.0,1.5,1.5,3.8666666666666667,6.0,3.0,6.0,1.0,1.0,6.0,,,,0.0,0.8333333333333334,13.5,1.5,0.0,0.7000000000000002,6.0,0.0,4.0,0.0,1.0,9.0,,,,True,True,UNKNOWN,False,False,NPB,2026-07-12 14:00:00,1,,,0,
2021039131,2026-07-12 17:00:00,千葉ロッテマリーンズ,オリックス・バファローズ,2.0,7.0,UNKNOWN,ZOZOマリンスタジアム,unknown,low,False,False,2108177,1800052,[],[],,,,,0,light,2026-07-12T08:00:00+00:00,,UNKNOWN,,,,UNKNOWN,UNKNOWN,,UNKNOWN,,2.5714285714285716,0.8571428571428571,5.142857142857143,2.5714285714285716,0.0,2.9142857142857146,7.0,2.0,4.0,0.0,2.0,4.0,,,,5.4,1.0,3.6,0.0,0.0,2.4000000000000004,5.0,3.0,5.0,0.0,0.0,2.0,,,,True,True,UNKNOWN,False,False,NPB,2026-07-12 17:00:00,1,,,0,
2021039127,2026-07-12 18:00:00,横浜DeNAベイスターズ,読売ジャイアンツ,3.0,4.0,UNKNOWN,横浜スタジアム,unknown,low,False,False,1900019,1850838,[],[],,,,,0,light,2026-07-12T09:00:00+00:00,,UNKNOWN,,,,UNKNOWN,UNKNOWN,,UNKNOWN,,3.0,1.1666666666666667,6.0,3.0,0.0,2.8666666666666667,6.0,2.0,5.0,0.0,2.0,4.0,,,,7.2,1.4,9.0,7.2,1.8,6.2,5.0,4.0,3.0,1.0,4.0,5.0,,,,True,True,UNKNOWN,False,False,NPB,2026-07-12 18:00:00,1,,,0,
2021039129,2026-07-12 18:00:00,阪神タイガース,東京ヤクルトスワローズ,3.0,0.0,UNKNOWN,阪神甲子園球場,unknown,low,False,False,2103794,2000055,[],[],,,,,0,light,2026-07-12T09:00:00+00:00,,UNKNOWN,,,,UNKNOWN,UNKNOWN,,UNKNOWN,,3.857142857142857,0.8571428571428571,5.142857142857143,1.2857142857142858,2.5714285714285716,6.2,7.0,3.0,5.0,2.0,1.0,4.0,,,,0.0,1.5,10.5,3.0,0.0,1.866666666666667,6.0,0.0,7.0,0.0,2.0,7.0,,,,True,True,UNKNOWN,False,False,NPB,2026-07-12 18:00:00,1,,,0,
2021039136,2026-07-14 13:00:00,北海道日本ハムファイターズ,福岡ソフトバンクホークス,2.0,4.0,UNKNOWN,エスコンフィールドHOKKAIDO,unknown,low,False,False,1100099,1750903,[],[],,,,,0,light,2026-07-14T04:00:00+00:00,,UNKNOWN,,,,UNKNOWN,UNKNOWN,,UNKNOWN,,0.0,1.3333333333333333,10.5,3.0,0.0,1.866666666666667,6.0,0.0,6.0,0.0,2.0,7.0,,,,1.2857142857142858,0.7142857142857143,10.285714285714286,1.2857142857142858,1.2857142857142858,3.2,7.0,1.0,4.0,1.0,1.0,8.0,,,,True,True,UNKNOWN,False,False,NPB,2026-07-14 13:00:00,1,,,0,
2021039133,2026-07-14 18:00:00,東京ヤクルトスワローズ,読売ジャイアンツ,5.0,4.0,UNKNOWN,明治神宮野球場,unknown,low,False,False,2000006,2000025,[],[],,,,,0,light,2026-07-14T09:00:00+00:00,,UNKNOWN,,,,UNKNOWN,UNKNOWN,,UNKNOWN,,4.764705882352941,1.2352941176470587,7.941176470588235,3.176470588235294,0.0,2.4941176470588236,5.666666666666667,3.0,5.0,0.0,2.0,5.0,,,,3.857142857142857,1.1428571428571428,11.571428571428571,3.857142857142857,1.2857142857142858,3.7714285714285714,7.0,3.0,5.0,1.0,3.0,9.0,,,,True,True,UNKNOWN,False,False,NPB,2026-07-14 18:00:00,1,,,0,
2021039134,2026-07-14 18:00:00,中日ドラゴンズ,阪神タイガース,2.0,5.0,UNKNOWN,バンテリンドーム ナゴヤ,unknown,low,False,False,1700078,2100961,[],[],,,,,0,light,2026-07-14T09:00:00+00:00,,UNKNOWN,,,,UNKNOWN,UNKNOWN,,UNKNOWN,,2.25,0.875,10.125,0.0,1.125,2.575,8.0,2.0,7.0,1.0,0.0,9.0,,,,6.136363636363637,1.2272727272727273,8.590909090909092,2.4545454545454546,3.681818181818182,7.427272727272728,7.333333333333333,5.0,7.0,3.0,2.0,7.0,,,,True,True,UNKNOWN,False,False,NPB,2026-07-14 18:00:00,1,,,0,
2021039135,2026-07-14 18:00:00,広島東洋カープ,横浜DeNAベイスターズ,4.0,5.0,UNKNOWN,MAZDA Zoom-Zoom スタジアム広島,unknown,low,False,False,2112182,2114807,[],[],,,,,0,light,2026-07-14T09:00:00+00:00,,UNKNOWN,,,,UNKNOWN,UNKNOWN,,UNKNOWN,,9.0,2.5,9.0,4.5,2.25,5.95,4.0,4.0,8.0,1.0,2.0,4.0,,,,10.384615384615385,1.8461538461538463,0.0,4.153846153846154,0.0,4.584615384615385,4.333333333333333,5.0,6.0,0.0,2.0,0.0,,,,True,True,UNKNOWN,False,False,NPB,2026-07-14 18:00:00,1,,,0,
2021039137,2026-07-14 18:00:00,東北楽天ゴールデンイーグルス,オリックス・バファローズ,3.0,1.0,UNKNOWN,楽天モバイル 最強パーク宮城,unknown,low,False,False,1300058,1900117,[],[],,,,,0,light,2026-07-14T09:00:00+00:00,,UNKNOWN,,,,UNKNOWN,UNKNOWN,,UNKNOWN,,3.0,1.0,7.5,4.5,3.0,7.366666666666667,6.0,2.0,3.0,2.0,3.0,5.0,,,,1.3499999999999999,1.05,8.1,1.3499999999999999,1.3499999999999999,3.8000000000000003,6.666666666666667,1.0,6.0,1.0,1.0,6.0,,,,True,True,UNKNOWN,False,False,NPB,2026-07-14 18:00:00,1,,,0,
2021039138,2026-07-14 18:00:00,埼玉西武ライオンズ,千葉ロッテマリーンズ,2.0,1.0,UNKNOWN,ベルーナドーム,unknown,low,False,False,2103904,1700124,[],[],,,,,0,light,2026-07-14T09:00:00+00:00,,UNKNOWN,,,,UNKNOWN,UNKNOWN,,UNKNOWN,,3.375,1.125,8.4375,3.375,1.6875,4.8875,5.333333333333333,2.0,4.0,1.0,2.0,5.0,,,,0.0,1.3333333333333333,6.0,1.5,0.0,2.3666666666666667,6.0,0.0,7.0,0.0,1.0,4.0,,,,True,True,UNKNOWN,False,False,NPB,2026-07-14 18:00:00,1,,,0,
2021039142,2026-07-15 13:00:00,北海道日本ハムファイターズ,福岡ソフトバンクホークス,7.0,6.0,UNKNOWN,エスコンフィールドHOKKAIDO,unknown,low,False,False,1900010,1500110,[],[],,,,,0,light,2026-07-15T04:00:00+00:00,,UNKNOWN,,,,UNKNOWN,UNKNOWN,,UNKNOWN,,15.428571428571427,3.8571428571428568,0.0,11.571428571428571,0.0,7.057142857142857,2.3333333333333335,4.0,6.0,0.0,3.0,0.0,,,,3.6,1.6,12.6,0.0,1.8,3.0,5.0,2.0,8.0,1.0,0.0,7.0,,,,True,True,UNKNOWN,False,False,NPB,2026-07-15 13:00:00,1,,,0,
2021039139,2026-07-15 18:00:00,東京ヤクルトスワローズ,読売ジャイアンツ,2.0,8.0,UNKNOWN,明治神宮野球場,unknown,low,False,False,1850035,1900024,[],[],,,,,0,light,2026-07-15T09:00:00+00:00,,UNKNOWN,,,,UNKNOWN,UNKNOWN,,UNKNOWN,,1.2857142857142858,0.7142857142857143,6.428571428571429,1.2857142857142858,1.2857142857142858,4.057142857142857,7.0,1.0,4.0,1.0,1.0,5.0,,,,10.5,1.5,6.0,1.5,3.0,6.7,6.0,7.0,8.0,2.0,1.0,4.0,,,,True,True,UNKNOWN,False,False,NPB,2026-07-15 18:00:00,1,,,0,
2021039140,2026-07-15 18:00:00,中日ドラゴンズ,阪神タイガース,6.0,5.0,UNKNOWN,バンテリンドーム ナゴヤ,excluded,high,False,False,2109682,1951008,[],[],,,,,0,light,2026-07-15T09:00:00+00:00,,UNKNOWN,,,,UNKNOWN,UNKNOWN,,UNKNOWN,,9.0,1.75,2.25,2.25,2.25,6.7,4.0,4.0,6.0,1.0,1.0,1.0,,,,3.0,1.0,6.0,3.0,0.0,2.8666666666666667,6.0,2.0,4.0,0.0,2.0,4.0,,,,True,True,UNKNOWN,False,False,NPB,2026-07-15 18:00:00,1,,,0,
2021039141,2026-07-15 18:00:00,広島東洋カープ,横浜DeNAベイスターズ,6.0,4.0,UNKNOWN,MAZDA Zoom-Zoom スタジアム広島,excluded,high,False,False,1700058,2107847,[],[],,,,,0,light,2026-07-15T09:00:00+00:00,,UNKNOWN,,,,UNKNOWN,UNKNOWN,,UNKNOWN,,9.529411764705882,1.7647058823529411,6.352941176470588,0.0,0.0,1.7882352941176474,5.666666666666667,6.0,10.0,0.0,0.0,4.0,,,,3.8571428571428568,2.142857142857143,7.7142857142857135,7.7142857142857135,0.0,4.057142857142857,4.666666666666667,2.0,6.0,0.0,4.0,4.0,,,,True,True,UNKNOWN,False,False,NPB,2026-07-15 18:00:00,1,,,0,
2021039143,2026-07-15 18:00:00,東北楽天ゴールデンイーグルス,オリックス・バファローズ,3.0,2.0,UNKNOWN,楽天モバイル 最強パーク宮城,excluded,high,False,False,2050019,700049,[],[],,,,,0,light,2026-07-15T09:00:00+00:00,,UNKNOWN,,,,UNKNOWN,UNKNOWN,,UNKNOWN,,4.153846153846154,1.3846153846153848,2.076923076923077,4.153846153846154,2.076923076923077,7.1230769230769235,4.333333333333333,2.0,4.0,1.0,2.0,1.0,,,,2.5714285714285716,0.7142857142857143,3.857142857142857,1.2857142857142858,0.0,2.771428571428572,7.0,2.0,4.0,0.0,1.0,3.0,,,,True,True,UNKNOWN,False,False,NPB,2026-07-15 18:00:00,1,,,0,
2021039144,2026-07-15 18:00:00,埼玉西武ライオンズ,千葉ロッテマリーンズ,7.0,3.0,UNKNOWN,ベルーナドーム,excluded,high,False,False,2000090,2110118,[],[],,,,,0,light,2026-07-15T09:00:00+00:00,,UNKNOWN,,,,UNKNOWN,UNKNOWN,,UNKNOWN,,3.6,1.8,0.0,5.4,0.0,5.0,5.0,2.0,6.0,0.0,3.0,0.0,,,,1.8,1.0,5.4,3.6,0.0,3.2,5.0,1.0,3.0,0.0,2.0,3.0,,,,True,True,UNKNOWN,False,False,NPB,2026-07-15 18:00:00,1,,,0,
2021039147,2026-07-16 13:00:00,北海道日本ハムファイターズ,福岡ソフトバンクホークス,2.0,6.0,UNKNOWN,エスコンフィールドHOKKAIDO,unknown,low,False,False,1800043,2000079,[],[],,,,,0,light,2026-07-16T04:00:00+00:00,,UNKNOWN,,,,UNKNOWN,UNKNOWN,,UNKNOWN,,3.0,1.3333333333333333,13.5,4.5,1.5,3.8666666666666667,6.0,2.0,5.0,1.0,3.0,9.0,,,,6.0,1.6666666666666667,6.0,1.5,1.5,4.533333333333333,6.0,4.0,9.0,1.0,1.0,4.0,,,,True,True,UNKNOWN,False,False,NPB,2026-07-16 13:00:00,1,,,0,
2021039145,2026-07-16 18:00:00,東京ヤクルトスワローズ,読売ジャイアンツ,1.0,3.0,UNKNOWN,明治神宮野球場,excluded,high,False,False,2122496,1750894,[],[],,,,,0,light,2026-07-16T09:00:00+00:00,,UNKNOWN,,,,UNKNOWN,UNKNOWN,,UNKNOWN,,1.588235294117647,1.0588235294117647,7.941176470588235,7.941176470588235,0.0,4.08235294117647,5.666666666666667,1.0,1.0,0.0,5.0,5.0,,,,0.0,1.0,3.6,5.4,0.0,4.2,5.0,0.0,2.0,0.0,3.0,2.0,,,,True,True,UNKNOWN,False,False,NPB,2026-07-16 18:00:00,1,,,0,
2021039146,2026-07-16 18:00:00,中日ドラゴンズ,阪神タイガース,1.0,3.0,UNKNOWN,バンテリンドーム ナゴヤ,unknown,low,False,False,1850363,1600106,[],[],,,,,0,light,2026-07-16T09:00:00+00:00,,UNKNOWN,,,,UNKNOWN,UNKNOWN,,UNKNOWN,,1.8,1.0,7.2,5.4,0.0,3.4000000000000004,5.0,1.0,2.0,0.0,3.0,4.0,,,,2.5714285714285716,0.42857142857142855,5.142857142857143,1.2857142857142858,1.2857142857142858,4.342857142857143,7.0,2.0,2.0,1.0,1.0,4.0,,,,True,True,UNKNOWN,False,False,NPB,2026-07-16 18:00:00,1,,,0,
2021039148,2026-07-16 18:00:00,東北楽天ゴールデンイーグルス,オリックス・バファローズ,12.0,8.0,UNKNOWN,楽天モバイル 最強パーク宮城,unknown,low,False,False,1700101,2108107,[],[],,,,,0,light,2026-07-16T09:00:00+00:00,,UNKNOWN,,,,UNKNOWN,UNKNOWN,,UNKNOWN,,6.230769230769231,1.6153846153846154,4.153846153846154,6.230769230769231,0.0,4.353846153846154,4.333333333333333,3.0,4.0,0.0,3.0,2.0,,,,1.8,1.8,1.8,9.0,0.0,5.800000000000001,5.0,1.0,4.0,0.0,5.0,1.0,,,,True,True,UNKNOWN,False,False,NPB,2026-07-16 18:00:00,1,,,0,
2021039149,2026-07-16 18:00:00,埼玉西武ライオンズ,千葉ロッテマリーンズ,3.0,4.0,UNKNOWN,ベルーナドーム,unknown,low,False,False,2100442,1800081,[],[],,,,,0,light,2026-07-16T09:00:00+00:00,,UNKNOWN,,,,UNKNOWN,UNKNOWN,,UNKNOWN,,3.375,1.125,1.6875,0.0,0.0,2.825,5.333333333333333,2.0,6.0,0.0,0.0,1.0,,,,5.142857142857143,1.4285714285714286,10.285714285714286,2.5714285714285716,0.0,1.7714285714285716,7.0,4.0,8.0,0.0,2.0,8.0,,,,True,True,UNKNOWN,False,False,NPB,2026-07-16 18:00:00,1,,,0,
2021039150,2026-07-17 18:00:00,読売ジャイアンツ,中日ドラゴンズ,4.0,1.0,UNKNOWN,東京ドーム,unknown,low,False,False,1000138,2117509,[],[],,,,,0,light,2026-07-17T09:00:00+00:00,,UNKNOWN,,,,UNKNOWN,UNKNOWN,,UNKNOWN,,1.5,0.6666666666666666,4.5,0.0,0.0,2.2,6.0,1.0,4.0,0.0,0.0,3.0,,,,1.5,0.8333333333333334,16.5,6.0,0.0,1.5333333333333334,6.0,1.0,1.0,0.0,4.0,11.0,,,,True,True,UNKNOWN,False,False,NPB,2026-07-17 18:00:00,1,,,0,
2021039151,2026-07-17 18:00:00,横浜DeNAベイスターズ,東京ヤクルトスワローズ,12.0,4.0,UNKNOWN,横浜スタジアム,unknown,low,False,False,1500042,1700134,[],[],,,,,0,light,2026-07-17T09:00:00+00:00,,UNKNOWN,,,,UNKNOWN,UNKNOWN,,UNKNOWN,,7.2,2.0,1.8,5.4,1.8,7.2,5.0,4.0,7.0,1.0,3.0,1.0,,,,3.0,0.6666666666666666,10.5,1.5,0.0,1.366666666666667,6.0,2.0,3.0,0.0,1.0,7.0,,,,True,True,UNKNOWN,False,False,NPB,2026-07-17 18:00:00,1,,,0,
2021039152,2026-07-17 18:00:00,広島東洋カープ,阪神タイガース,2.0,4.0,UNKNOWN,MAZDA Zoom-Zoom スタジアム広島,excluded,high,False,False,1600115,1600125,[],[],,,,,0,light,2026-07-17T09:00:00+00:00,,UNKNOWN,,,,UNKNOWN,UNKNOWN,,UNKNOWN,,2.25,0.75,7.875,2.25,1.125,3.825,8.0,2.0,4.0,1.0,2.0,7.0,,,,5.4,1.0,9.0,3.6,1.8,5.0,5.0,3.0,3.0,1.0,2.0,5.0,,,,True,True,UNKNOWN,False,False,NPB,2026-07-17 18:00:00,1,,,0,
2021039153,2026-07-18 14:00:00,読売ジャイアンツ,中日ドラゴンズ,1.0,5.0,UNKNOWN,東京ドーム,unknown,low,False,False,500014,2118993,[],[],,,,,0,light,2026-07-18T05:00:00+00:00,,UNKNOWN,,,,UNKNOWN,UNKNOWN,,UNKNOWN,,1.3499999999999999,1.7999999999999998,8.1,0.0,0.0,1.4000000000000004,6.666666666666667,1.0,12.0,0.0,0.0,6.0,,,,4.5,1.0,15.0,0.0,3.0,4.2,6.0,3.0,6.0,2.0,0.0,10.0,,,,True,True,UNKNOWN,False,False,NPB,2026-07-18 14:00:00,1,,,0,
2021039158,2026-07-18 14:00:00,オリックス・バファローズ,北海道日本ハムファイターズ,0.0,7.0,UNKNOWN,京セラドーム大阪,unknown,low,False,False,2111822,2108148,[],[],,,,,0,light,2026-07-18T05:00:00+00:00,,UNKNOWN,,,,UNKNOWN,UNKNOWN,,UNKNOWN,,0.0,0.8571428571428571,5.142857142857143,2.5714285714285716,0.0,2.9142857142857146,7.0,0.0,4.0,0.0,2.0,4.0,,,,5.4,1.6,7.2,1.8,0.0,2.2,5.0,3.0,7.0,0.0,1.0,4.0,,,,True,True,UNKNOWN,False,False,NPB,2026-07-18 14:00:00,1,,,0,
2021039154,2026-07-18 18:00:00,横浜DeNAベイスターズ,東京ヤクルトスワローズ,8.0,0.0,UNKNOWN,横浜スタジアム,unknown,low,False,False,1750696,2100109,[],[],,,,,0,light,2026-07-18T09:00:00+00:00,,UNKNOWN,,,,UNKNOWN,UNKNOWN,,UNKNOWN,,12.461538461538462,1.8461538461538463,8.307692307692308,0.0,0.0,1.353846153846154,4.333333333333333,6.0,8.0,0.0,0.0,4.0,,,,0.0,0.4444444444444444,5.0,0.0,0.0,2.088888888888889,9.0,0.0,4.0,0.0,0.0,5.0,,,,True,True,UNKNOWN,False,False,NPB,2026-07-18 18:00:00,1,,,0,
2021039155,2026-07-18 18:00:00,広島東洋カープ,阪神タイガース,2.0,1.0,UNKNOWN,MAZDA Zoom-Zoom スタジアム広島,unknown,low,False,False,2000052,2000060,[],[],,,,,0,light,2026-07-18T09:00:00+00:00,,UNKNOWN,,,,UNKNOWN,UNKNOWN,,UNKNOWN,,3.375,1.3125,3.375,1.6875,1.6875,5.45,5.333333333333333,2.0,6.0,1.0,1.0,2.0,,,,1.2857142857142858,1.1428571428571428,7.714285714285714,0.0,0.0,1.485714285714286,7.0,1.0,8.0,0.0,0.0,6.0,,,,True,True,UNKNOWN,False,False,NPB,2026-07-18 18:00:00,1,,,0,
2021039156,2026-07-18 18:00:00,東北楽天ゴールデンイーグルス,埼玉西武ライオンズ,3.0,2.0,UNKNOWN,楽天モバイル 最強パーク宮城,unknown,low,False,False,2105080,2106793,[],[],,,,,0,light,2026-07-18T09:00:00+00:00,,UNKNOWN,,,,UNKNOWN,UNKNOWN,,UNKNOWN,,3.375,0.875,0.0,1.125,2.25,6.825,8.0,3.0,6.0,2.0,1.0,0.0,,,,2.5714285714285716,1.1428571428571428,10.285714285714286,2.5714285714285716,0.0,1.7714285714285716,7.0,2.0,6.0,0.0,2.0,8.0,,,,True,True,UNKNOWN,False,False,NPB,2026-07-18 18:00:00,1,,,0,
2021039157,2026-07-18 18:00:00,千葉ロッテマリーンズ,福岡ソフトバンクホークス,4.0,5.0,UNKNOWN,ZOZOマリンスタジアム,unknown,low,False,False,1550517,2114737,[],[],,,,,0,light,2026-07-18T09:00:00+00:00,,UNKNOWN,,,,UNKNOWN,UNKNOWN,,UNKNOWN,,5.4,2.0,7.2,5.4,0.0,3.4000000000000004,5.0,3.0,7.0,0.0,3.0,4.0,,,,11.25,2.75,2.25,9.0,0.0,5.7,4.0,5.0,7.0,0.0,4.0,1.0,,,,True,True,UNKNOWN,False,False,NPB,2026-07-18 18:00:00,1,,,0,
2021039164,2026-07-19 13:00:00,オリックス・バファローズ,北海道日本ハムファイターズ,1.0,5.0,UNKNOWN,京セラドーム大阪,unknown,low,False,False,1400195,1750543,[],[],,,,,0,light,2026-07-19T04:00:00+00:00,,UNKNOWN,,,,UNKNOWN,UNKNOWN,,UNKNOWN,,1.8,0.8,0.0,1.8,1.8,6.4,5.0,1.0,3.0,1.0,1.0,0.0,,,,8.1,3.3,13.5,2.6999999999999997,2.6999999999999997,5.0,3.3333333333333335,3.0,10.0,1.0,1.0,5.0,,,,True,True,UNKNOWN,False,False,NPB,2026-07-19 13:00:00,1,,,0,
2021039159,2026-07-19 14:00:00,読売ジャイアンツ,中日ドラゴンズ,6.0,1.0,UNKNOWN,東京ドーム,excluded,high,False,False,2108462,1500074,[],[],,,,,0,light,2026-07-19T05:00:00+00:00,,UNKNOWN,,,,UNKNOWN,UNKNOWN,,UNKNOWN,,4.2631578947368425,1.4210526315789473,9.947368421052632,1.4210526315789473,0.0,1.4631578947368422,6.333333333333333,3.0,8.0,0.0,1.0,7.0,,,,0.0,0.5,9.0,0.0,0.0,1.2000000000000002,6.0,0.0,3.0,0.0,0.0,6.0,,,,True,True,UNKNOWN,False,False,NPB,2026-07-19 14:00:00,1,,,0,
2021039160,2026-07-19 18:00:00,横浜DeNAベイスターズ,東京ヤクルトスワローズ,5.0,1.0,UNKNOWN,横浜スタジアム,excluded,high,False,False,2103794,2105232,[],[],,,,,0,light,2026-07-19T09:00:00+00:00,,UNKNOWN,,,,UNKNOWN,UNKNOWN,,UNKNOWN,,9.0,1.8,12.6,5.4,5.4,10.0,5.0,5.0,6.0,3.0,3.0,7.0,,,,1.8,1.2,10.8,5.4,0.0,2.6,5.0,1.0,3.0,0.0,3.0,6.0,,,,True,True,UNKNOWN,False,False,NPB,2026-07-19 18:00:00,1,,,0,
2021039161,2026-07-19 18:00:00,広島東洋カープ,阪神タイガース,2.0,4.0,UNKNOWN,MAZDA Zoom-Zoom スタジアム広島,unknown,low,False,False,2000055,2103788,[],[],,,,,0,light,2026-07-19T09:00:00+00:00,,UNKNOWN,,,,UNKNOWN,UNKNOWN,,UNKNOWN,,3.0,1.1666666666666667,9.0,3.0,3.0,6.533333333333333,6.0,2.0,5.0,2.0,2.0,6.0,,,,1.5,0.8333333333333334,9.0,3.0,0.0,2.2,6.0,1.0,3.0,0.0,2.0,6.0,,,,True,True,UNKNOWN,False,False,NPB,2026-07-19 18:00:00,1,,,0,
2021039162,2026-07-19 18:00:00,東北楽天ゴールデンイーグルス,埼玉西武ライオンズ,3.0,6.0,UNKNOWN,楽天モバイル 最強パーク宮城,unknown,low,False,False,1400182,1560256,[],[],,,,,0,light,2026-07-19T09:00:00+00:00,,UNKNOWN,,,,UNKNOWN,UNKNOWN,,UNKNOWN,,4.5,1.3333333333333333,7.5,3.0,1.5,4.7,6.0,3.0,6.0,1.0,2.0,5.0,,,,6.0,1.1666666666666667,1.5,0.0,1.5,5.033333333333333,6.0,4.0,7.0,1.0,0.0,1.0,,,,True,True,UNKNOWN,False,False,NPB,2026-07-19 18:00:00,1,,,0,
2021039163,2026-07-19 18:00:00,千葉ロッテマリーンズ,福岡ソフトバンクホークス,0.0,3.0,UNKNOWN,ZOZOマリンスタジアム,unknown,low,False,False,2104078,2101204,[],[],,,,,0,light,2026-07-19T09:00:00+00:00,,UNKNOWN,,,,UNKNOWN,UNKNOWN,,UNKNOWN,,0.0,0.5714285714285714,10.285714285714286,0.0,0.0,0.9142857142857146,7.0,0.0,4.0,0.0,0.0,8.0,,,,4.5,1.3333333333333333,3.0,3.0,0.0,3.5333333333333337,6.0,3.0,6.0,0.0,2.0,2.0,,,,True,True,UNKNOWN,False,False,NPB,2026-07-19 18:00:00,1,,,0,
2021039170,2026-07-20 13:00:00,オリックス・バファローズ,北海道日本ハムファイターズ,3.0,0.0,UNKNOWN,京セラドーム大阪,unknown,low,False,False,1400117,1300058,[],[],,,,,0,light,2026-07-20T04:00:00+00:00,,UNKNOWN,,,,UNKNOWN,UNKNOWN,,UNKNOWN,,1.5,1.6666666666666667,6.0,4.5,0.0,3.3666666666666667,6.0,1.0,7.0,0.0,3.0,4.0,,,,0.0,1.0,6.428571428571429,5.142857142857143,0.0,3.4857142857142858,7.0,0.0,3.0,0.0,4.0,5.0,,,,True,True,UNKNOWN,False,False,NPB,2026-07-20 13:00:00,1,,,0,
2021039168,2026-07-20 16:00:00,東北楽天ゴールデンイーグルス,埼玉西武ライオンズ,4.0,5.0,UNKNOWN,楽天モバイル 最強パーク宮城,unknown,low,False,False,1961294,700065,[],[],,,,,0,light,2026-07-20T07:00:00+00:00,,UNKNOWN,,,,UNKNOWN,UNKNOWN,,UNKNOWN,,0.0,0.0,9.0,0.0,0.0,1.2000000000000002,2.0,0.0,0.0,0.0,0.0,2.0,,,,7.5,1.5,3.0,1.5,3.0,7.366666666666667,6.0,5.0,8.0,2.0,1.0,2.0,,,,True,True,UNKNOWN,False,False,NPB,2026-07-20 16:00:00,1,,,0,
2021039169,2026-07-20 17:00:00,千葉ロッテマリーンズ,福岡ソフトバンクホークス,4.0,5.0,UNKNOWN,ZOZOマリンスタジアム,unknown,low,False,False,1900106,2103904,[],[],,,,,0,light,2026-07-20T08:00:00+00:00,,UNKNOWN,,,,UNKNOWN,UNKNOWN,,UNKNOWN,,5.0625,1.5,6.75,5.0625,3.375,8.2625,5.333333333333333,3.0,5.0,2.0,3.0,4.0,,,,7.2,1.8,9.0,3.6,0.0,2.4000000000000004,5.0,4.0,7.0,0.0,2.0,5.0,,,,True,True,UNKNOWN,False,False,NPB,2026-07-20 17:00:00,1,,,0,
2021039165,2026-07-20 18:00:00,読売ジャイアンツ,広島東洋カープ,3.0,1.0,UNKNOWN,東京ドーム,unknown,low,False,False,1600123,1900019,[],[],,,,,0,light,2026-07-20T09:00:00+00:00,,UNKNOWN,,,,UNKNOWN,UNKNOWN,,UNKNOWN,,4.5,1.6666666666666667,6.0,3.0,0.0,2.8666666666666667,6.0,3.0,8.0,0.0,2.0,4.0,,,,1.2857142857142858,1.0,10.285714285714286,1.2857142857142858,1.2857142857142858,3.2,7.0,1.0,6.0,1.0,1.0,8.0,,,,True,True,UNKNOWN,False,False,NPB,2026-07-20 18:00:00,1,,,0,
2021039166,2026-07-20 18:00:00,東京ヤクルトスワローズ,中日ドラゴンズ,2.0,4.0,UNKNOWN,明治神宮野球場,excluded,high,False,False,2000042,2108291,[],[],,,,,0,light,2026-07-20T09:00:00+00:00,,UNKNOWN,,,,UNKNOWN,UNKNOWN,,UNKNOWN,,1.125,0.5,9.0,1.125,0.0,1.5750000000000002,8.0,1.0,3.0,0.0,1.0,8.0,,,,7.2,1.6,9.0,5.4,1.8,5.6,5.0,4.0,5.0,1.0,3.0,5.0,,,,True,True,UNKNOWN,False,False,NPB,2026-07-20 18:00:00,1,,,0,
2021039167,2026-07-20 18:00:00,阪神タイガース,横浜DeNAベイスターズ,0.0,7.0,UNKNOWN,阪神甲子園球場,unknown,low,False,False,1300031,1700137,[],[],,,,,0,light,2026-07-20T09:00:00+00:00,,UNKNOWN,,,,UNKNOWN,UNKNOWN,,UNKNOWN,,0.0,0.8333333333333334,10.5,3.0,0.0,1.866666666666667,6.0,0.0,3.0,0.0,2.0,7.0,,,,1.588235294117647,1.0588235294117647,4.764705882352941,1.588235294117647,1.588235294117647,4.964705882352941,5.666666666666667,1.0,5.0,1.0,1.0,3.0,,,,True,True,UNKNOWN,False,False,NPB,2026-07-20 18:00:00,1,,,0,
2021039171,2026-07-21 18:00:00,読売ジャイアンツ,広島東洋カープ,11.0,5.0,UNKNOWN,東京ドーム,unknown,low,False,False,2114807,2000006,[],[],,,,,0,light,2026-07-21T09:00:00+00:00,,UNKNOWN,,,,UNKNOWN,UNKNOWN,,UNKNOWN,,15.75,3.25,4.5,2.25,0.0,2.95,4.0,7.0,12.0,0.0,1.0,2.0,,,,3.176470588235294,1.2352941176470587,4.764705882352941,1.588235294117647,1.588235294117647,4.964705882352941,5.666666666666667,2.0,6.0,1.0,1.0,3.0,,,,True,True,UNKNOWN,False,False,NPB,2026-07-21 18:00:00,1,,,0,
2021039172,2026-07-21 18:00:00,東京ヤクルトスワローズ,中日ドラゴンズ,4.0,11.0,UNKNOWN,明治神宮野球場,unknown,low,False,False,1200098,2000025,[],[],,,,,0,light,2026-07-21T09:00:00+00:00,,UNKNOWN,,,,UNKNOWN,UNKNOWN,,UNKNOWN,,7.2,1.4,9.0,3.6,0.0,2.4000000000000004,5.0,4.0,5.0,0.0,2.0,5.0,,,,6.0,1.1666666666666667,9.0,3.0,3.0,6.533333333333333,6.0,4.0,5.0,2.0,2.0,6.0,,,,True,True,UNKNOWN,False,False,NPB,2026-07-21 18:00:00,1,,,0,
2021039173,2026-07-21 18:00:00,阪神タイガース,横浜DeNAベイスターズ,2.0,1.0,UNKNOWN,阪神甲子園球場,unknown,low,False,False,1850838,2110265,[],[],,,,,0,light,2026-07-21T09:00:00+00:00,,UNKNOWN,,,,UNKNOWN,UNKNOWN,,UNKNOWN,,1.9285714285714284,1.2857142857142856,9.642857142857142,1.9285714285714284,0.0,1.7000000000000002,4.666666666666667,1.0,5.0,0.0,1.0,5.0,,,,1.5,0.6666666666666666,10.5,0.0,1.5,3.0333333333333337,6.0,1.0,4.0,1.0,0.0,7.0,,,,True,True,UNKNOWN,False,False,NPB,2026-07-21 18:00:00,1,,,0,
2021039174,2026-07-21 18:00:00,福岡ソフトバンクホークス,オリックス・バファローズ,1.0,2.0,UNKNOWN,みずほPayPayドーム福岡,unknown,low,False,False,2108177,1100099,[],[],,,,,0,light,2026-07-21T09:00:00+00:00,,UNKNOWN,,,,UNKNOWN,UNKNOWN,,UNKNOWN,,1.2857142857142858,0.8571428571428571,10.285714285714286,2.5714285714285716,1.2857142857142858,3.6285714285714286,7.0,1.0,4.0,1.0,2.0,8.0,,,,3.0,1.1666666666666667,12.0,0.0,1.5,2.7,6.0,2.0,7.0,1.0,0.0,8.0,,,,True,True,UNKNOWN,False,False,NPB,2026-07-21 18:00:00,1,,,0,
2021039175,2026-07-22 18:00:00,読売ジャイアンツ,広島東洋カープ,1.0,6.0,UNKNOWN,東京ドーム,unknown,low,False,False,2107847,1850035,[],[],,,,,0,light,2026-07-22T09:00:00+00:00,,UNKNOWN,,,,UNKNOWN,UNKNOWN,,UNKNOWN,,1.8,1.4,9.0,7.2,0.0,3.6,5.0,1.0,3.0,0.0,4.0,5.0,,,,3.6,1.4,7.2,5.4,3.6,8.600000000000001,5.0,2.0,4.0,2.0,3.0,4.0,,,,True,True,UNKNOWN,False,False,NPB,2026-07-22 18:00:00,1,,,0,
2021039176,2026-07-22 18:00:00,東京ヤクルトスワローズ,中日ドラゴンズ,8.0,5.0,UNKNOWN,明治神宮野球場,excluded,high,False,False,1951008,1900024,[],[],,,,,0,light,2026-07-22T09:00:00+00:00,,UNKNOWN,,,,UNKNOWN,UNKNOWN,,UNKNOWN,,22.5,3.5,13.5,9.0,9.0,16.2,2.0,5.0,5.0,2.0,2.0,3.0,,,,6.0,1.3333333333333333,6.0,3.0,3.0,7.2,6.0,4.0,6.0,2.0,2.0,4.0,,,,True,True,UNKNOWN,False,False,NPB,2026-07-22 18:00:00,1,,,0,
2021039177,2026-07-22 18:00:00,阪神タイガース,横浜DeNAベイスターズ,5.0,4.0,UNKNOWN,阪神甲子園球場,unknown,low,False,False,1200062,1700078,[],[],,,,,0,light,2026-07-22T09:00:00+00:00,,UNKNOWN,,,,UNKNOWN,UNKNOWN,,UNKNOWN,,1.9285714285714284,1.9285714285714284,9.642857142857142,7.7142857142857135,0.0,3.6285714285714286,4.666666666666667,1.0,5.0,0.0,4.0,5.0,,,,3.0,1.3333333333333333,9.0,0.0,1.5,3.3666666666666667,6.0,2.0,8.0,1.0,0.0,6.0,,,,True,True,UNKNOWN,False,False,NPB,2026-07-22 18:00:00,1,,,0,
2021039178,2026-07-22 18:00:00,埼玉西武ライオンズ,北海道日本ハムファイターズ,4.0,3.0,UNKNOWN,ベルーナドーム,unknown,low,False,False,2000079,1700124,[],[],,,,,0,light,2026-07-22T09:00:00+00:00,,UNKNOWN,,,,UNKNOWN,UNKNOWN,,UNKNOWN,,4.5,1.3333333333333333,12.0,0.0,0.0,0.5333333333333337,6.0,3.0,8.0,0.0,0.0,8.0,,,,5.4,1.4,10.8,3.6,0.0,2.0,5.0,3.0,5.0,0.0,2.0,6.0,,,,True,True,UNKNOWN,False,False,NPB,2026-07-22 18:00:00,1,,,0,
2021039179,2026-07-22 18:00:00,千葉ロッテマリーンズ,東北楽天ゴールデンイーグルス,10.0,2.0,UNKNOWN,ZOZOマリンスタジアム,unknown,low,False,False,2000121,1800052,[],[],,,,,0,light,2026-07-22T09:00:00+00:00,,UNKNOWN,,,,UNKNOWN,UNKNOWN,,UNKNOWN,,14.4,2.4,10.8,3.6,3.6,7.2,5.0,8.0,10.0,2.0,2.0,6.0,,,,2.0,1.0,6.0,0.0,0.0,1.866666666666667,9.0,2.0,9.0,0.0,0.0,6.0,,,,True,True,UNKNOWN,False,False,NPB,2026-07-22 18:00:00,1,,,0,
2021039180,2026-07-22 18:00:00,福岡ソフトバンクホークス,オリックス・バファローズ,22.0,2.0,UNKNOWN,みずほPayPayドーム福岡,unknown,low,False,False,2050019,1900010,[],[],,,,,0,light,2026-07-22T09:00:00+00:00,,UNKNOWN,,,,UNKNOWN,UNKNOWN,,UNKNOWN,,,,,,,,,,,,,,,,,2.5714285714285716,1.1428571428571428,7.714285714285714,1.2857142857142858,0.0,1.9142857142857144,7.0,2.0,7.0,0.0,1.0,6.0,,,,False,True,UNKNOWN,False,False,NPB,2026-07-22 18:00:00,1,,,0,
2021039181,2026-07-23 18:00:00,埼玉西武ライオンズ,北海道日本ハムファイターズ,2.0,11.0,UNKNOWN,ベルーナドーム,unknown,low,False,False,1750903,1751148,[],[],,,,,0,light,2026-07-23T09:00:00+00:00,,UNKNOWN,,,,UNKNOWN,UNKNOWN,,UNKNOWN,,1.5,1.3333333333333333,4.5,1.5,0.0,2.7,6.0,1.0,7.0,0.0,1.0,3.0,,,,9.0,3.0,6.75,6.75,4.5,10.45,4.0,4.0,9.0,2.0,3.0,3.0,,,,True,True,UNKNOWN,False,False,NPB,2026-07-23 18:00:00,1,,,0,
2021039182,2026-07-23 18:00:00,千葉ロッテマリーンズ,東北楽天ゴールデンイーグルス,3.0,4.0,UNKNOWN,ZOZOマリンスタジアム,unknown,low,False,False,2110316,2100442,[],[],,,,,0,light,2026-07-23T09:00:00+00:00,,UNKNOWN,,,,UNKNOWN,UNKNOWN,,UNKNOWN,,4.5,1.3333333333333333,10.5,1.5,0.0,1.366666666666667,6.0,3.0,7.0,0.0,1.0,7.0,,,,2.25,2.0,4.5,2.25,0.0,2.95,4.0,1.0,7.0,0.0,1.0,2.0,,,,True,True,UNKNOWN,False,False,NPB,2026-07-23 18:00:00,1,,,0,
2021039183,2026-07-23 18:00:00,福岡ソフトバンクホークス,オリックス・バファローズ,6.0,5.0,UNKNOWN,みずほPayPayドーム福岡,excluded,high,False,False,2117673,2107909,[],[],,,,,0,light,2026-07-23T09:00:00+00:00,,UNKNOWN,,,,UNKNOWN,UNKNOWN,,UNKNOWN,,6.75,2.0,11.25,6.75,2.25,6.2,4.0,3.0,5.0,1.0,3.0,5.0,,,,3.6,1.0,7.2,3.6,0.0,2.8000000000000003,5.0,2.0,3.0,0.0,2.0,4.0,,,,True,True,UNKNOWN,False,False,NPB,2026-07-23 18:00:00,1,,,0,
2021039184,2026-07-24 18:00:00,東京ヤクルトスワローズ,広島東洋カープ,5.0,3.0,UNKNOWN,明治神宮野球場,unknown,low,False,False,1600125,1500042,[],[],,,,,0,light,2026-07-24T09:00:00+00:00,,UNKNOWN,,,,UNKNOWN,UNKNOWN,,UNKNOWN,,1.8,1.8,10.8,3.6,1.8,4.6,5.0,1.0,7.0,1.0,2.0,6.0,,,,4.5,1.6666666666666667,6.0,3.0,0.0,2.8666666666666667,6.0,3.0,8.0,0.0,2.0,4.0,,,,True,True,UNKNOWN,False,False,NPB,2026-07-24 18:00:00,1,,,0,
2021039185,2026-07-24 18:00:00,中日ドラゴンズ,横浜DeNAベイスターズ,3.0,2.0,UNKNOWN,バンテリンドーム ナゴヤ,unknown,low,False,False,1700058,1600106,[],[],,,,,0,light,2026-07-24T09:00:00+00:00,,UNKNOWN,,,,UNKNOWN,UNKNOWN,,UNKNOWN,,1.5,1.0,3.0,3.0,1.5,5.7,6.0,1.0,4.0,1.0,2.0,2.0,,,,3.6,1.2,3.6,0.0,1.8,5.0,5.0,2.0,6.0,1.0,0.0,2.0,,,,True,True,UNKNOWN,False,False,NPB,2026-07-24 18:00:00,1,,,0,
2021039186,2026-07-24 18:00:00,阪神タイガース,読売ジャイアンツ,2.0,4.0,UNKNOWN,阪神甲子園球場,unknown,low,False,False,2117509,1600115,[],[],,,,,0,light,2026-07-24T09:00:00+00:00,,UNKNOWN,,,,UNKNOWN,UNKNOWN,,UNKNOWN,,0.0,1.5,9.0,6.0,0.0,3.2,6.0,0.0,5.0,0.0,4.0,6.0,,,,2.0,0.5555555555555556,13.0,1.0,1.0,2.088888888888889,9.0,2.0,4.0,1.0,1.0,13.0,,,,True,True,UNKNOWN,False,False,NPB,2026-07-24 18:00:00,1,,,0,
2021039187,2026-07-24 18:00:00,埼玉西武ライオンズ,福岡ソフトバンクホークス,3.0,7.0,UNKNOWN,ベルーナドーム,unknown,low,False,False,1800043,1800081,[],[],,,,,0,light,2026-07-24T09:00:00+00:00,,UNKNOWN,,,,UNKNOWN,UNKNOWN,,UNKNOWN,,4.5,0.5,7.5,0.0,3.0,5.866666666666667,6.0,3.0,3.0,2.0,0.0,5.0,,,,6.0,1.5,10.5,3.0,1.5,4.033333333333333,6.0,4.0,7.0,1.0,2.0,7.0,,,,True,True,UNKNOWN,False,False,NPB,2026-07-24 18:00:00,1,,,0,
2021039188,2026-07-24 18:00:00,オリックス・バファローズ,千葉ロッテマリーンズ,3.0,2.0,UNKNOWN,京セラドーム大阪,excluded,high,False,False,2000090,1851026,[],[],,,,,0,light,2026-07-24T09:00:00+00:00,,UNKNOWN,,,,UNKNOWN,UNKNOWN,,UNKNOWN,,2.1599999999999997,0.6,3.2399999999999998,1.0799999999999998,0.0,2.8400000000000003,8.333333333333334,2.0,4.0,0.0,1.0,3.0,,,,4.5,1.25,13.5,4.5,4.5,8.2,4.0,2.0,3.0,2.0,2.0,6.0,,,,True,True,UNKNOWN,False,False,NPB,2026-07-24 18:00:00,1,,,0,
2021039190,2026-07-25 14:00:00,中日ドラゴンズ,横浜DeNAベイスターズ,0.0,5.0,UNKNOWN,バンテリンドーム ナゴヤ,excluded,high,False,False,2101360,500014,[],[],,,,,0,light,2026-07-25T05:00:00+00:00,,UNKNOWN,,,,UNKNOWN,UNKNOWN,,UNKNOWN,,0.0,1.8,9.0,7.2,0.0,3.6,5.0,0.0,5.0,0.0,4.0,5.0,,,,5.4,1.6,12.6,1.8,3.6,6.2,5.0,3.0,7.0,2.0,1.0,7.0,,,,True,True,UNKNOWN,False,False,NPB,2026-07-25 14:00:00,1,,,0,
2021039192,2026-07-25 14:00:00,北海道日本ハムファイターズ,東北楽天ゴールデンイーグルス,4.0,3.0,UNKNOWN,エスコンフィールドHOKKAIDO,unknown,low,False,False,2106793,1500110,[],[],,,,,0,light,2026-07-25T05:00:00+00:00,,UNKNOWN,,,,UNKNOWN,UNKNOWN,,UNKNOWN,,2.5714285714285716,1.1428571428571428,6.428571428571429,2.5714285714285716,1.2857142857142858,4.485714285714286,7.0,2.0,6.0,1.0,2.0,5.0,,,,3.0,0.6666666666666666,6.0,0.0,1.5,4.033333333333333,6.0,2.0,4.0,1.0,0.0,4.0,,,,True,True,UNKNOWN,False,False,NPB,2026-07-25 14:00:00,1,,,0,
2021039194,2026-07-25 14:00:00,オリックス・バファローズ,千葉ロッテマリーンズ,5.0,3.0,UNKNOWN,京セラドーム大阪,unknown,low,False,False,2114737,2108148,[],[],,,,,0,light,2026-07-25T05:00:00+00:00,,UNKNOWN,,,,UNKNOWN,UNKNOWN,,UNKNOWN,,5.4,1.4,5.4,1.8,1.8,5.2,5.0,3.0,6.0,1.0,1.0,3.0,,,,5.4,1.4,10.8,1.8,1.8,4.0,5.0,3.0,6.0,1.0,1.0,6.0,,,,True,True,UNKNOWN,False,False,NPB,2026-07-25 14:00:00,1,,,0,
2021039189,2026-07-25 18:00:00,東京ヤクルトスワローズ,広島東洋カープ,2.0,1.0,UNKNOWN,明治神宮野球場,unknown,low,False,False,2000060,1950494,[],[],,,,,0,light,2026-07-25T09:00:00+00:00,,UNKNOWN,,,,UNKNOWN,UNKNOWN,,UNKNOWN,,0.0,0.42857142857142855,3.857142857142857,0.0,0.0,2.342857142857143,7.0,0.0,3.0,0.0,0.0,3.0,,,,0.0,1.4,5.4,9.0,0.0,5.0,5.0,0.0,2.0,0.0,5.0,3.0,,,,True,True,UNKNOWN,False,False,NPB,2026-07-25 18:00:00,1,,,0,
2021039191,2026-07-25 18:00:00,阪神タイガース,読売ジャイアンツ,1.0,5.0,UNKNOWN,阪神甲子園球場,unknown,low,False,False,2118993,1850363,[],[],,,,,0,light,2026-07-25T09:00:00+00:00,,UNKNOWN,,,,UNKNOWN,UNKNOWN,,UNKNOWN,,1.5,1.0,7.5,3.0,0.0,2.5333333333333337,6.0,1.0,4.0,0.0,2.0,5.0,,,,6.75,1.75,13.5,2.25,2.25,4.2,4.0,3.0,6.0,1.0,1.0,6.0,,,,True,True,UNKNOWN,False,False,NPB,2026-07-25 18:00:00,1,,,0,
2021039193,2026-07-25 18:00:00,埼玉西武ライオンズ,福岡ソフトバンクホークス,8.0,6.0,UNKNOWN,ベルーナドーム,unknown,low,False,False,1550517,2105080,[],[],,,,,0,light,2026-07-25T09:00:00+00:00,,UNKNOWN,,,,UNKNOWN,UNKNOWN,,UNKNOWN,,10.8,2.2,0.0,9.0,0.0,6.2,5.0,6.0,6.0,0.0,5.0,0.0,,,,9.0,1.5,3.0,1.5,1.5,5.2,6.0,6.0,8.0,1.0,1.0,2.0,,,,True,True,UNKNOWN,False,False,NPB,2026-07-25 18:00:00,1,,,0,
2021039198,2026-07-26 13:00:00,北海道日本ハムファイターズ,東北楽天ゴールデンイーグルス,6.0,2.0,UNKNOWN,エスコンフィールドHOKKAIDO,unknown,low,False,False,1900117,1400195,[],[],,,,,0,light,2026-07-26T04:00:00+00:00,,UNKNOWN,,,,UNKNOWN,UNKNOWN,,UNKNOWN,,9.0,2.2,1.8,9.0,1.8,8.4,5.0,5.0,6.0,1.0,5.0,1.0,,,,1.8,1.0,5.4,3.6,1.8,5.800000000000001,5.0,1.0,3.0,1.0,2.0,3.0,,,,True,True,UNKNOWN,False,False,NPB,2026-07-26 13:00:00,1,,,0,
2021039200,2026-07-26 13:00:00,オリックス・バファローズ,千葉ロッテマリーンズ,2.0,3.0,UNKNOWN,京セラドーム大阪,unknown,low,False,False,2103904,1300058,[],[],,,,,0,light,2026-07-26T04:00:00+00:00,,UNKNOWN,,,,UNKNOWN,UNKNOWN,,UNKNOWN,,2.4545454545454546,1.2272727272727273,8.590909090909092,3.681818181818182,1.2272727272727273,4.290909090909091,7.333333333333333,2.0,6.0,1.0,3.0,7.0,,,,4.5,2.1666666666666665,15.0,6.0,3.0,6.2,6.0,3.0,9.0,2.0,4.0,10.0,,,,True,True,UNKNOWN,False,False,NPB,2026-07-26 13:00:00,1,,,0,
2021039196,2026-07-26 13:30:00,中日ドラゴンズ,横浜DeNAベイスターズ,5.0,1.0,UNKNOWN,バンテリンドーム ナゴヤ,unknown,low,False,False,1700134,2108462,[],[],,,,,0,light,2026-07-26T04:30:00+00:00,,UNKNOWN,,,,UNKNOWN,UNKNOWN,,UNKNOWN,,1.5,0.8333333333333334,13.5,4.5,1.5,3.8666666666666667,6.0,1.0,2.0,1.0,3.0,9.0,,,,1.2857142857142858,0.7142857142857143,9.0,1.2857142857142858,1.2857142857142858,3.4857142857142858,7.0,1.0,4.0,1.0,1.0,7.0,,,,True,True,UNKNOWN,False,False,NPB,2026-07-26 13:30:00,1,,,0,
2021039199,2026-07-26 17:00:00,埼玉西武ライオンズ,福岡ソフトバンクホークス,0.0,3.0,UNKNOWN,ベルーナドーム,unknown,low,False,False,2104078,1400182,[],[],,,,,0,light,2026-07-26T08:00:00+00:00,,UNKNOWN,,,,UNKNOWN,UNKNOWN,,UNKNOWN,,0.0,0.8333333333333334,7.5,3.0,0.0,2.5333333333333337,6.0,0.0,3.0,0.0,2.0,5.0,,,,3.375,1.0,3.375,4.5,0.0,3.95,8.0,3.0,4.0,0.0,4.0,3.0,,,,True,True,UNKNOWN,False,False,NPB,2026-07-26 17:00:00,1,,,0,
2021039195,2026-07-26 18:00:00,東京ヤクルトスワローズ,広島東洋カープ,3.0,4.0,UNKNOWN,明治神宮野球場,unknown,low,False,False,2103788,2103794,[],[],,,,,0,light,2026-07-26T09:00:00+00:00,,UNKNOWN,,,,UNKNOWN,UNKNOWN,,UNKNOWN,,4.5,0.6666666666666666,7.5,1.5,0.0,2.033333333333333,6.0,3.0,3.0,0.0,1.0,5.0,,,,3.857142857142857,1.0,6.428571428571429,1.2857142857142858,1.2857142857142858,4.057142857142857,7.0,3.0,6.0,1.0,1.0,5.0,,,,True,True,UNKNOWN,False,False,NPB,2026-07-26 18:00:00,1,,,0,
2021039197,2026-07-26 18:00:00,阪神タイガース,読売ジャイアンツ,1.0,0.0,UNKNOWN,阪神甲子園球場,unknown,low,False,False,1500074,2000055,[],[],,,,,0,light,2026-07-26T09:00:00+00:00,,UNKNOWN,,,,UNKNOWN,UNKNOWN,,UNKNOWN,,1.2857142857142858,1.2857142857142858,10.285714285714286,1.2857142857142858,1.2857142857142858,3.2,7.0,1.0,8.0,1.0,1.0,8.0,,,,0.0,0.7777777777777778,6.0,1.0,0.0,2.2,9.0,0.0,6.0,0.0,1.0,6.0,,,,True,True,UNKNOWN,False,False,NPB,2026-07-26 18:00:00,1,,,0,
2021039499,2026-07-28 18:30:00,全セ,全パ,5.0,7.0,UNKNOWN,東京ドーム,allstar,high,False,True,2000079,2000025,[],[],,,,,0,light,2026-07-28T09:30:00+00:00,,UNKNOWN,,,,UNKNOWN,UNKNOWN,,UNKNOWN,,9.0,2.0,0.0,0.0,9.0,16.2,2.0,2.0,4.0,2.0,0.0,0.0,,,,0.0,1.5,4.5,0.0,0.0,2.2,2.0,0.0,3.0,0.0,0.0,1.0,,,,True,True,UNKNOWN,False,False,NPB,2026-07-28 18:30:00,1,,,0,
2021039500,2026-07-29 18:30:00,全パ,全セ,7.0,8.0,UNKNOWN,富山市民球場アルペンスタジアム,allstar,high,False,True,1700078,2108177,[],[],,,,,0,light,2026-07-29T09:30:00+00:00,,UNKNOWN,,,,UNKNOWN,UNKNOWN,,UNKNOWN,,0.0,1.5,4.5,0.0,0.0,2.2,2.0,0.0,3.0,0.0,0.0,1.0,,,,0.0,0.5,4.5,0.0,0.0,2.2,2.0,0.0,1.0,0.0,0.0,1.0,,,,True,True,UNKNOWN,False,False,NPB,2026-07-29 18:30:00,1,,,0,
2021039201,2026-07-31 18:00:00,読売ジャイアンツ,横浜DeNAベイスターズ,6.0,0.0,UNKNOWN,東京ドーム,excluded,high,False,False,1300031,1961886,[],[],,,,,0,light,2026-07-31T09:00:00+00:00,,UNKNOWN,,,,UNKNOWN,UNKNOWN,,UNKNOWN,,3.6,1.0,9.0,0.0,3.6,6.4,5.0,2.0,5.0,2.0,0.0,5.0,,,,0.0,0.42857142857142855,7.714285714285714,0.0,0.0,1.485714285714286,7.0,0.0,3.0,0.0,0.0,6.0,,,,True,True,UNKNOWN,False,False,NPB,2026-07-31 18:00:00,1,,,0,
2021039202,2026-07-31 18:00:00,東京ヤクルトスワローズ,阪神タイガース,3.0,4.0,UNKNOWN,明治神宮野球場,unknown,low,False,False,1600115,1900024,[],[],,,,,0,light,2026-07-31T09:00:00+00:00,,UNKNOWN,,,,UNKNOWN,UNKNOWN,,UNKNOWN,,4.764705882352941,1.7647058823529411,9.529411764705882,1.588235294117647,1.588235294117647,3.905882352941177,5.666666666666667,3.0,9.0,1.0,1.0,6.0,,,,0.0,1.1666666666666667,9.0,4.5,0.0,2.7,6.0,0.0,4.0,0.0,3.0,6.0,,,,True,True,UNKNOWN,False,False,NPB,2026-07-31 18:00:00,1,,,0,
2021039203,2026-07-31 18:00:00,広島東洋カープ,中日ドラゴンズ,3.0,1.0,UNKNOWN,MAZDA Zoom-Zoom スタジアム広島,unknown,low,False,False,2000042,1600123,[],[],,,,,0,light,2026-07-31T09:00:00+00:00,,UNKNOWN,,,,UNKNOWN,UNKNOWN,,UNKNOWN,,0.0,0.7142857142857143,9.0,1.2857142857142858,0.0,1.6285714285714288,7.0,0.0,4.0,0.0,1.0,7.0,,,,1.2857142857142858,1.1428571428571428,2.5714285714285716,2.5714285714285716,0.0,3.4857142857142858,7.0,1.0,6.0,0.0,2.0,2.0,,,,True,True,UNKNOWN,False,False,NPB,2026-07-31 18:00:00,1,,,0,
2021039204,2026-07-31 18:00:00,北海道日本ハムファイターズ,千葉ロッテマリーンズ,6.0,1.0,UNKNOWN,エスコンフィールドHOKKAIDO,allstar,high,False,True,2000090,2050307,[],[],,,,,0,light,2026-07-31T09:00:00+00:00,,UNKNOWN,,,,UNKNOWN,UNKNOWN,,UNKNOWN,,11.25,2.5,4.5,6.75,2.25,7.7,4.0,5.0,7.0,1.0,3.0,2.0,,,,0.0,0.8333333333333334,13.5,3.0,0.0,1.2000000000000002,6.0,0.0,3.0,0.0,2.0,9.0,,,,True,True,UNKNOWN,False,False,NPB,2026-07-31 18:00:00,1,,,0,
2021039206,2026-07-31 18:00:00,埼玉西武ライオンズ,オリックス・バファローズ,4.0,5.0,UNKNOWN,ベルーナドーム,unknown,low,False,False,1851026,1751148,[],[],,,,,0,light,2026-07-31T09:00:00+00:00,,UNKNOWN,,,,UNKNOWN,UNKNOWN,,UNKNOWN,,1.8,1.8,1.8,1.8,0.0,3.4000000000000004,5.0,1.0,8.0,0.0,1.0,1.0,,,,4.5,1.3333333333333333,3.0,0.0,0.0,2.5333333333333337,6.0,3.0,8.0,0.0,0.0,2.0,,,,True,True,UNKNOWN,False,False,NPB,2026-07-31 18:00:00,1,,,0,
2021039210,2026-08-01 14:00:00,北海道日本ハムファイターズ,千葉ロッテマリーンズ,3.0,5.0,UNKNOWN,エスコンフィールドHOKKAIDO,excluded,high,False,False,2101204,1500110,[],[],,,,,0,light,2026-08-01T05:00:00+00:00,,UNKNOWN,,,,UNKNOWN,UNKNOWN,,UNKNOWN,,3.6,1.6,3.6,7.2,1.8,7.4,5.0,2.0,4.0,1.0,4.0,2.0,,,,3.375,1.5,5.0625,5.0625,0.0,3.7625,5.333333333333333,2.0,5.0,0.0,3.0,3.0,,,,True,True,UNKNOWN,False,False,NPB,2026-08-01 14:00:00,1,,,0,
2021039212,2026-08-01 17:00:00,埼玉西武ライオンズ,オリックス・バファローズ,4.0,1.0,UNKNOWN,ベルーナドーム,unknown,low,False,False,2108148,1800081,[],[],,,,,0,light,2026-08-01T08:00:00+00:00,,UNKNOWN,,,,UNKNOWN,UNKNOWN,,UNKNOWN,,0.0,1.0,4.5,4.5,0.0,3.7,6.0,0.0,3.0,0.0,3.0,3.0,,,,1.5,1.3333333333333333,4.5,3.0,0.0,3.2,6.0,1.0,6.0,0.0,2.0,3.0,,,,True,True,UNKNOWN,False,False,NPB,2026-08-01 17:00:00,1,,,0,
2021039207,2026-08-01 18:00:00,読売ジャイアンツ,横浜DeNAベイスターズ,7.0,8.0,UNKNOWN,東京ドーム,unknown,low,False,False,1850838,2118993,[],[],,,,,0,light,2026-08-01T09:00:00+00:00,,UNKNOWN,,,,UNKNOWN,UNKNOWN,,UNKNOWN,,10.8,1.6,1.8,1.8,0.0,3.4000000000000004,5.0,6.0,7.0,0.0,1.0,1.0,,,,21.0,3.3333333333333335,15.0,3.0,6.0,9.533333333333333,3.0,7.0,9.0,2.0,1.0,5.0,,,,True,True,UNKNOWN,False,False,NPB,2026-08-01 18:00:00,1,,,0,
2021039208,2026-08-01 18:00:00,東京ヤクルトスワローズ,阪神タイガース,3.0,7.0,UNKNOWN,明治神宮野球場,unknown,low,False,False,2000052,1500042,[],[],,,,,0,light,2026-08-01T09:00:00+00:00,,UNKNOWN,,,,UNKNOWN,UNKNOWN,,UNKNOWN,,5.4,1.2,7.2,3.6,0.0,2.8000000000000003,5.0,3.0,4.0,0.0,2.0,4.0,,,,10.5,1.8333333333333333,7.5,3.0,3.0,6.866666666666667,6.0,7.0,9.0,2.0,2.0,5.0,,,,True,True,UNKNOWN,False,False,NPB,2026-08-01 18:00:00,1,,,0,
2021039209,2026-08-01 18:00:00,広島東洋カープ,中日ドラゴンズ,1.0,7.0,UNKNOWN,MAZDA Zoom-Zoom スタジアム広島,allstar,high,False,True,2100961,2107847,[],[],,,,,0,light,2026-08-01T09:00:00+00:00,,UNKNOWN,,,,UNKNOWN,UNKNOWN,,UNKNOWN,,0.0,1.6,7.2,3.6,0.0,2.8000000000000003,5.0,0.0,6.0,0.0,2.0,4.0,,,,11.25,1.25,4.5,0.0,4.5,8.7,4.0,5.0,5.0,2.0,0.0,2.0,,,,True,True,UNKNOWN,False,False,NPB,2026-08-01 18:00:00,1,,,0,
2021039211,2026-08-01 18:00:00,東北楽天ゴールデンイーグルス,福岡ソフトバンクホークス,0.0,5.0,UNKNOWN,楽天モバイル 最強パーク宮城,allstar,high,False,True,1800043,2000121,[],[],,,,,0,light,2026-08-01T09:00:00+00:00,,UNKNOWN,,,,UNKNOWN,UNKNOWN,,UNKNOWN,,0.0,0.5714285714285714,9.0,1.2857142857142858,0.0,1.6285714285714288,7.0,0.0,3.0,0.0,1.0,7.0,,,,4.5,1.3333333333333333,6.0,1.5,1.5,4.533333333333333,6.0,3.0,7.0,1.0,1.0,4.0,,,,True,True,UNKNOWN,False,False,NPB,2026-08-01 18:00:00,1,,,0,
2021039216,2026-08-02 13:00:00,北海道日本ハムファイターズ,千葉ロッテマリーンズ,3.0,0.0,UNKNOWN,エスコンフィールドHOKKAIDO,unknown,low,False,False,2103904,1400117,[],[],,,,,0,light,2026-08-02T04:00:00+00:00,,UNKNOWN,,,,UNKNOWN,UNKNOWN,,UNKNOWN,,4.5,0.8333333333333334,7.5,1.5,1.5,4.2,6.0,3.0,4.0,1.0,1.0,5.0,,,,0.0,0.3333333333333333,9.0,0.0,0.0,1.2000000000000002,9.0,0.0,3.0,0.0,0.0,9.0,,,,True,True,UNKNOWN,False,False,NPB,2026-08-02 13:00:00,1,,,0,
2021039213,2026-08-02 14:00:00,読売ジャイアンツ,横浜DeNAベイスターズ,1.0,2.0,UNKNOWN,東京ドーム,unknown,low,False,False,2100109,1500074,[],[],,,,,0,light,2026-08-02T05:00:00+00:00,,UNKNOWN,,,,UNKNOWN,UNKNOWN,,UNKNOWN,,1.6875,1.3125,6.75,3.375,0.0,2.825,5.333333333333333,1.0,5.0,0.0,2.0,4.0,,,,2.5714285714285716,0.8571428571428571,6.428571428571429,0.0,0.0,1.7714285714285716,7.0,2.0,6.0,0.0,0.0,5.0,,,,True,True,UNKNOWN,False,False,NPB,2026-08-02 14:00:00,1,,,0,
2021039217,2026-08-02 16:00:00,東北楽天ゴールデンイーグルス,福岡ソフトバンクホークス,6.0,10.0,UNKNOWN,楽天モバイル 最強パーク宮城,unknown,low,False,False,2104078,2110316,[],[],,,,,0,light,2026-08-02T07:00:00+00:00,,UNKNOWN,,,,UNKNOWN,UNKNOWN,,UNKNOWN,,7.5,1.5,0.0,3.0,3.0,8.533333333333333,6.0,5.0,7.0,2.0,2.0,0.0,,,,3.6,2.0,10.8,7.2,0.0,3.2,5.0,2.0,6.0,0.0,4.0,6.0,,,,True,True,UNKNOWN,False,False,NPB,2026-08-02 16:00:00,1,,,0,
2021039218,2026-08-02 17:00:00,埼玉西武ライオンズ,オリックス・バファローズ,5.0,1.0,UNKNOWN,ベルーナドーム,unknown,low,False,False,1750543,2105080,[],[],,,,,0,light,2026-08-02T08:00:00+00:00,,UNKNOWN,,,,UNKNOWN,UNKNOWN,,UNKNOWN,,4.5,1.5,6.0,1.5,0.0,2.3666666666666667,6.0,3.0,8.0,0.0,1.0,4.0,,,,1.2857142857142858,0.8571428571428571,3.857142857142857,1.2857142857142858,0.0,2.771428571428572,7.0,1.0,5.0,0.0,1.0,3.0,,,,True,True,UNKNOWN,False,False,NPB,2026-08-02 17:00:00,1,,,0,
2021039214,2026-08-02 18:00:00,東京ヤクルトスワローズ,阪神タイガース,3.0,4.0,UNKNOWN,明治神宮野球場,unknown,low,False,False,2110265,2108291,[],[],,,,,0,light,2026-08-02T09:00:00+00:00,,UNKNOWN,,,,UNKNOWN,UNKNOWN,,UNKNOWN,,1.8,1.6,12.6,1.8,0.0,1.0,5.0,1.0,7.0,0.0,1.0,7.0,,,,6.75,1.75,13.5,4.5,2.25,4.95,4.0,3.0,5.0,1.0,2.0,6.0,,,,True,True,UNKNOWN,False,False,NPB,2026-08-02 18:00:00,1,,,0,
2021039215,2026-08-02 18:00:00,広島東洋カープ,中日ドラゴンズ,4.0,3.0,UNKNOWN,MAZDA Zoom-Zoom スタジアム広島,unknown,low,False,False,1600106,1600125,[],[],,,,,0,light,2026-08-02T09:00:00+00:00,,UNKNOWN,,,,UNKNOWN,UNKNOWN,,UNKNOWN,,3.0,1.0,3.0,0.0,1.5,4.7,6.0,2.0,6.0,1.0,0.0,2.0,,,,6.0,1.6666666666666667,6.0,0.0,0.0,1.866666666666667,3.0,2.0,5.0,0.0,0.0,2.0,,,,True,True,UNKNOWN,False,False,NPB,2026-08-02 18:00:00,1,,,0,
2021039219,2026-08-03 18:00:00,オリックス・バファローズ,東北楽天ゴールデンイーグルス,9.0,6.0,UNKNOWN,東京ドーム,unknown,low,False,False,2106793,1300058,[],[],,,,,0,light,2026-08-03T09:00:00+00:00,,UNKNOWN,,,,UNKNOWN,UNKNOWN,,UNKNOWN,,6.0,1.1666666666666667,7.5,1.5,3.0,6.366666666666667,6.0,4.0,6.0,2.0,1.0,5.0,,,,3.0,1.6666666666666667,7.5,4.5,4.5,9.533333333333333,6.0,2.0,7.0,3.0,3.0,5.0,,,,True,True,UNKNOWN,False,False,NPB,2026-08-03 18:00:00,1,,,0,
2021039220,2026-08-04 17:45:00,横浜DeNAベイスターズ,阪神タイガース,1.0,0.0,UNKNOWN,横浜スタジアム,unknown,low,False,False,2000055,1700134,[],[],,,,,0,light,2026-08-04T08:45:00+00:00,,UNKNOWN,,,,UNKNOWN,UNKNOWN,,UNKNOWN,,1.5,0.6666666666666666,12.0,0.0,0.0,0.5333333333333337,6.0,1.0,4.0,0.0,0.0,8.0,,,,0.0,1.0,9.0,2.5714285714285716,0.0,2.0571428571428574,7.0,0.0,5.0,0.0,2.0,7.0,,,,True,True,UNKNOWN,False,False,NPB,2026-08-04 17:45:00,1,,,0,
2021039221,2026-08-04 18:00:00,中日ドラゴンズ,東京ヤクルトスワローズ,4.0,3.0,UNKNOWN,バンテリンドーム ナゴヤ,unknown,low,False,False,2103794,1000138,[],[],,,,,0,light,2026-08-04T09:00:00+00:00,,UNKNOWN,,,,UNKNOWN,UNKNOWN,,UNKNOWN,,3.0,1.1666666666666667,7.5,0.0,1.5,3.7,6.0,2.0,7.0,1.0,0.0,5.0,,,,3.857142857142857,1.0,9.0,1.2857142857142858,2.5714285714285716,5.342857142857143,7.0,3.0,6.0,2.0,1.0,7.0,,,,True,True,UNKNOWN,False,False,NPB,2026-08-04 18:00:00,1,,,0,
2021039222,2026-08-04 18:00:00,広島東洋カープ,読売ジャイアンツ,4.0,3.0,UNKNOWN,MAZDA Zoom-Zoom スタジアム広島,unknown,low,False,False,2000006,2000060,[],[],,,,,0,light,2026-08-04T09:00:00+00:00,,UNKNOWN,,,,UNKNOWN,UNKNOWN,,UNKNOWN,,2.6999999999999997,1.65,2.6999999999999997,5.3999999999999995,0.0,4.4,6.666666666666667,2.0,7.0,0.0,4.0,2.0,,,,5.4,1.2,12.6,3.6,1.8,4.2,5.0,3.0,4.0,1.0,2.0,7.0,,,,True,True,UNKNOWN,False,False,NPB,2026-08-04 18:00:00,1,,,0,
2021039223,2026-08-04 18:00:00,千葉ロッテマリーンズ,埼玉西武ライオンズ,5.0,3.0,UNKNOWN,ZOZOマリンスタジアム,unknown,low,False,False,1700124,1800052,[],[],,,,,0,light,2026-08-04T09:00:00+00:00,,UNKNOWN,,,,UNKNOWN,UNKNOWN,,UNKNOWN,,15.0,3.6666666666666665,9.0,6.0,3.0,7.533333333333333,3.0,5.0,9.0,1.0,2.0,3.0,,,,4.5,1.1666666666666667,4.5,6.0,3.0,8.533333333333333,6.0,3.0,3.0,2.0,4.0,3.0,,,,True,True,UNKNOWN,False,False,NPB,2026-08-04 18:00:00,1,,,0,
2021039224,2026-08-04 18:00:00,福岡ソフトバンクホークス,北海道日本ハムファイターズ,1.0,0.0,UNKNOWN,京セラドーム大阪,unknown,low,False,False,2000079,1100099,[],[],,,,,0,light,2026-08-04T09:00:00+00:00,,UNKNOWN,,,,UNKNOWN,UNKNOWN,,UNKNOWN,,1.2857142857142858,1.1428571428571428,10.285714285714286,0.0,0.0,0.9142857142857146,7.0,1.0,8.0,0.0,0.0,8.0,,,,0.0,0.8571428571428571,5.142857142857143,1.2857142857142858,0.0,2.4857142857142858,7.0,0.0,5.0,0.0,1.0,4.0,,,,True,True,UNKNOWN,False,False,NPB,2026-08-04 18:00:00,1,,,0,
2021039225,2026-08-05 17:45:00,横浜DeNAベイスターズ,阪神タイガース,11.0,7.0,UNKNOWN,横浜スタジアム,allstar,high,False,True,1700078,1700058,[],[],,,,,0,light,2026-08-05T08:45:00+00:00,,UNKNOWN,,,,UNKNOWN,UNKNOWN,,UNKNOWN,,9.0,1.25,4.5,0.0,4.5,8.7,4.0,4.0,5.0,2.0,0.0,2.0,,,,3.857142857142857,1.0,7.714285714285714,0.0,1.2857142857142858,3.342857142857143,7.0,3.0,7.0,1.0,0.0,6.0,,,,True,True,UNKNOWN,False,False,NPB,2026-08-05 17:45:00,1,,,0,
2021039226,2026-08-05 18:00:00,中日ドラゴンズ,東京ヤクルトスワローズ,4.0,1.0,UNKNOWN,バンテリンドーム ナゴヤ,unknown,low,False,False,2000025,500014,[],[],,,,,0,light,2026-08-05T09:00:00+00:00,,UNKNOWN,,,,UNKNOWN,UNKNOWN,,UNKNOWN,,5.4,1.6,10.8,3.6,0.0,2.0,5.0,3.0,6.0,0.0,2.0,6.0,,,,1.5,0.3333333333333333,4.5,0.0,0.0,2.2,6.0,1.0,2.0,0.0,0.0,3.0,,,,True,True,UNKNOWN,False,False,NPB,2026-08-05 18:00:00,1,,,0,
2021039227,2026-08-05 18:00:00,広島東洋カープ,読売ジャイアンツ,0.0,4.0,UNKNOWN,MAZDA Zoom-Zoom スタジアム広島,unknown,low,False,False,1900019,2103788,[],[],,,,,0,light,2026-08-05T09:00:00+00:00,,UNKNOWN,,,,UNKNOWN,UNKNOWN,,UNKNOWN,,0.0,1.0,5.142857142857143,0.0,0.0,2.0571428571428574,7.0,0.0,7.0,0.0,0.0,4.0,,,,3.857142857142857,1.0,10.285714285714286,1.2857142857142858,0.0,1.342857142857143,7.0,3.0,6.0,0.0,1.0,8.0,,,,True,True,UNKNOWN,False,False,NPB,2026-08-05 18:00:00,1,,,0,
2021039228,2026-08-05 18:00:00,千葉ロッテマリーンズ,埼玉西武ライオンズ,8.0,0.0,UNKNOWN,ZOZOマリンスタジアム,unknown,low,False,False,2110118,2100442,[],[],,,,,0,light,2026-08-05T09:00:00+00:00,,UNKNOWN,,,,UNKNOWN,UNKNOWN,,UNKNOWN,,9.947368421052632,1.5789473684210527,4.2631578947368425,2.8421052631578947,2.8421052631578947,7.305263157894737,6.333333333333333,7.0,8.0,2.0,2.0,3.0,,,,0.0,0.8333333333333334,7.5,3.0,0.0,2.5333333333333337,6.0,0.0,3.0,0.0,2.0,5.0,,,,True,True,UNKNOWN,False,False,NPB,2026-08-05 18:00:00,1,,,0,
2021039229,2026-08-05 18:00:00,オリックス・バファローズ,東北楽天ゴールデンイーグルス,3.0,1.0,UNKNOWN,京セラドーム大阪,unknown,low,False,False,1900117,2108177,[],[],,,,,0,light,2026-08-05T09:00:00+00:00,,UNKNOWN,,,,UNKNOWN,UNKNOWN,,UNKNOWN,,3.857142857142857,0.7142857142857143,0.0,0.0,1.2857142857142858,5.057142857142857,7.0,3.0,5.0,1.0,0.0,0.0,,,,1.2857142857142858,1.5714285714285714,5.142857142857143,2.5714285714285716,0.0,2.9142857142857146,7.0,1.0,9.0,0.0,2.0,4.0,,,,True,True,UNKNOWN,False,False,NPB,2026-08-05 18:00:00,1,,,0,
2021039230,2026-08-05 18:00:00,福岡ソフトバンクホークス,北海道日本ハムファイターズ,7.0,5.0,UNKNOWN,みずほPayPayドーム福岡,unknown,low,False,False,1750903,1550517,[],[],,,,,0,light,2026-08-05T09:00:00+00:00,,UNKNOWN,,,,UNKNOWN,UNKNOWN,,UNKNOWN,,13.5,3.5,9.0,4.5,0.0,2.7,2.0,3.0,6.0,0.0,1.0,2.0,,,,3.6,0.8,9.0,0.0,1.8,3.8000000000000003,5.0,2.0,4.0,1.0,0.0,5.0,,,,True,True,UNKNOWN,False,False,NPB,2026-08-05 18:00:00,1,,,0,
2021039231,2026-08-06 17:45:00,横浜DeNAベイスターズ,阪神タイガース,5.0,10.0,UNKNOWN,横浜スタジアム,unknown,low,False,False,1700137,2101360,[],[],,,,,0,light,2026-08-06T08:45:00+00:00,,UNKNOWN,,,,UNKNOWN,UNKNOWN,,UNKNOWN,,4.5,0.8333333333333334,1.5,1.5,1.5,5.533333333333333,6.0,3.0,4.0,1.0,1.0,1.0,,,,36.0,5.5,9.0,22.5,4.5,15.2,2.0,8.0,6.0,1.0,5.0,2.0,,,,True,True,UNKNOWN,False,False,NPB,2026-08-06 17:45:00,1,,,0,
2021039232,2026-08-06 18:00:00,中日ドラゴンズ,東京ヤクルトスワローズ,5.0,0.0,UNKNOWN,バンテリンドーム ナゴヤ,unknown,low,False,False,1750894,2108462,[],[],,,,,0,light,2026-08-06T09:00:00+00:00,,UNKNOWN,,,,UNKNOWN,UNKNOWN,,UNKNOWN,,0.0,0.8333333333333334,3.0,4.5,0.0,4.033333333333333,6.0,0.0,2.0,0.0,3.0,2.0,,,,0.0,1.1428571428571428,6.428571428571429,2.5714285714285716,0.0,2.628571428571429,7.0,0.0,6.0,0.0,2.0,5.0,,,,True,True,UNKNOWN,False,False,NPB,2026-08-06 18:00:00,1,,,0,
2021039233,2026-08-06 18:00:00,広島東洋カープ,読売ジャイアンツ,7.0,11.0,UNKNOWN,MAZDA Zoom-Zoom スタジアム広島,excluded,high,False,False,2108022,2114807,[],[],,,,,0,light,2026-08-06T09:00:00+00:00,,UNKNOWN,,,,UNKNOWN,UNKNOWN,,UNKNOWN,,9.818181818181818,2.181818181818182,4.909090909090909,0.0,0.0,2.1090909090909093,3.6666666666666665,4.0,8.0,0.0,0.0,2.0,,,,9.0,2.0,6.75,0.0,0.0,1.7000000000000002,4.0,4.0,8.0,0.0,0.0,3.0,,,,True,True,UNKNOWN,False,False,NPB,2026-08-06 18:00:00,1,,,0,
2021039234,2026-08-06 18:00:00,オリックス・バファローズ,東北楽天ゴールデンイーグルス,1.0,3.0,UNKNOWN,京セラドーム大阪,unknown,low,False,False,700065,1700109,[],[],,,,,0,light,2026-08-06T09:00:00+00:00,,UNKNOWN,,,,UNKNOWN,UNKNOWN,,UNKNOWN,,1.2857142857142858,0.42857142857142855,3.857142857142857,1.2857142857142858,0.0,2.771428571428572,7.0,1.0,2.0,0.0,1.0,3.0,,,,5.4,0.8,5.4,1.8,1.8,5.2,5.0,3.0,3.0,1.0,1.0,3.0,,,,True,True,UNKNOWN,False,False,NPB,2026-08-06 18:00:00,1,,,0,
2021039235,2026-08-06 18:00:00,福岡ソフトバンクホークス,北海道日本ハムファイターズ,2.0,6.0,UNKNOWN,みずほPayPayドーム福岡,unknown,low,False,False,2111822,1900010,[],[],,,,,0,light,2026-08-06T09:00:00+00:00,,UNKNOWN,,,,UNKNOWN,UNKNOWN,,UNKNOWN,,3.0,1.3333333333333333,10.5,3.0,0.0,1.866666666666667,6.0,2.0,6.0,0.0,2.0,7.0,,,,3.0,1.0,10.5,1.5,1.5,3.5333333333333337,6.0,2.0,5.0,1.0,1.0,7.0,,,,True,True,UNKNOWN,False,False,NPB,2026-08-06 18:00:00,1,,,0,
2021039236,2026-08-07 18:00:00,読売ジャイアンツ,東京ヤクルトスワローズ,0.0,1.0,UNKNOWN,東京ドーム,unknown,low,False,False,1900024,1961886,[],[],,,,,0,light,2026-08-07T09:00:00+00:00,,UNKNOWN,,,,UNKNOWN,UNKNOWN,,UNKNOWN,,0.0,0.4444444444444444,7.0,2.0,0.0,2.3111111111111113,9.0,0.0,2.0,0.0,2.0,7.0,,,,1.2857142857142858,1.4285714285714286,10.285714285714286,1.2857142857142858,1.2857142857142858,3.2,7.0,1.0,9.0,1.0,1.0,8.0,,,,True,True,UNKNOWN,False,False,NPB,2026-08-07 18:00:00,1,,,0,
2021039237,2026-08-07 18:00:00,横浜DeNAベイスターズ,広島東洋カープ,2.0,1.0,UNKNOWN,横浜スタジアム,excluded,high,False,False,1900052,1300031,[],[],,,,,0,light,2026-08-07T09:00:00+00:00,,UNKNOWN,,,,UNKNOWN,UNKNOWN,,UNKNOWN,,2.5714285714285716,0.8571428571428571,9.0,1.2857142857142858,1.2857142857142858,3.4857142857142858,7.0,2.0,5.0,1.0,1.0,7.0,,,,1.2857142857142858,1.0,3.857142857142857,2.5714285714285716,0.0,3.2,7.0,1.0,5.0,0.0,2.0,3.0,,,,True,True,UNKNOWN,False,False,NPB,2026-08-07 18:00:00,1,,,0,
2021039238,2026-08-07 18:00:00,阪神タイガース,中日ドラゴンズ,2.0,3.0,UNKNOWN,京セラドーム大阪,unknown,low,False,False,2000042,1600115,[],[],,,,,0,light,2026-08-07T09:00:00+00:00,,UNKNOWN,,,,UNKNOWN,UNKNOWN,,UNKNOWN,,3.6,0.6,16.2,0.0,1.8,2.2,5.0,2.0,3.0,1.0,0.0,9.0,,,,0.0,0.375,9.0,1.125,0.0,1.5750000000000002,8.0,0.0,2.0,0.0,1.0,8.0,,,,True,True,UNKNOWN,False,False,NPB,2026-08-07 18:00:00,1,,,0,
2021039239,2026-08-07 18:00:00,北海道日本ハムファイターズ,東北楽天ゴールデンイーグルス,3.0,2.0,UNKNOWN,エスコンフィールドHOKKAIDO,unknown,low,False,False,1560256,2050307,[],[],,,,,0,light,2026-08-07T09:00:00+00:00,,UNKNOWN,,,,UNKNOWN,UNKNOWN,,UNKNOWN,,0.0,1.0,9.0,0.0,0.0,1.2000000000000002,5.0,0.0,5.0,0.0,0.0,5.0,,,,2.5714285714285716,1.0,9.0,1.2857142857142858,1.2857142857142858,3.4857142857142858,7.0,2.0,6.0,1.0,1.0,7.0,,,,True,True,UNKNOWN,False,False,NPB,2026-08-07 18:00:00,1,,,0,
2021039240,2026-08-07 18:00:00,埼玉西武ライオンズ,福岡ソフトバンクホークス,2.0,5.0,UNKNOWN,ベルーナドーム,unknown,low,False,False,2107909,1400182,[],[],,,,,0,light,2026-08-07T09:00:00+00:00,,UNKNOWN,,,,UNKNOWN,UNKNOWN,,UNKNOWN,,1.2857142857142858,0.7142857142857143,12.857142857142858,2.5714285714285716,1.2857142857142858,3.0571428571428574,7.0,1.0,3.0,1.0,2.0,10.0,,,,1.5,1.0,9.0,3.0,0.0,2.2,6.0,1.0,4.0,0.0,2.0,6.0,,,,True,True,UNKNOWN,False,False,NPB,2026-08-07 18:00:00,1,,,0,
2021039241,2026-08-07 18:00:00,千葉ロッテマリーンズ,オリックス・バファローズ,2.0,6.0,UNKNOWN,ZOZOマリンスタジアム,unknown,low,False,False,1851026,2114737,[],[],,,,,0,light,2026-08-07T09:00:00+00:00,,UNKNOWN,,,,UNKNOWN,UNKNOWN,,UNKNOWN,,3.0,1.1666666666666667,9.0,1.5,1.5,3.8666666666666667,6.0,2.0,6.0,1.0,1.0,6.0,,,,7.5,1.6666666666666667,1.5,3.0,4.5,10.366666666666667,6.0,5.0,8.0,3.0,2.0,1.0,,,,True,True,UNKNOWN,False,False,NPB,2026-08-07 18:00:00,1,,,0,
2021039242,2026-08-08 15:00:00,読売ジャイアンツ,東京ヤクルトスワローズ,8.0,2.0,UNKNOWN,東京ドーム,unknown,low,False,False,1500042,2118993,[],[],,,,,0,light,2026-08-08T06:00:00+00:00,,UNKNOWN,,,,UNKNOWN,UNKNOWN,,UNKNOWN,,27.0,5.0,9.0,13.5,0.0,5.7,2.0,6.0,7.0,0.0,3.0,2.0,,,,0.0,1.0,9.0,1.5,0.0,1.7000000000000002,6.0,0.0,5.0,0.0,1.0,6.0,,,,True,True,UNKNOWN,False,False,NPB,2026-08-08 15:00:00,1,,,0,
2021039245,2026-08-08 15:00:00,北海道日本ハムファイターズ,東北楽天ゴールデンイーグルス,0.0,6.0,UNKNOWN,エスコンフィールドHOKKAIDO,unknown,low,False,False,2000121,1500110,[],[],,,,,0,light,2026-08-08T06:00:00+00:00,,UNKNOWN,,,,UNKNOWN,UNKNOWN,,UNKNOWN,,0.0,0.75,7.875,0.0,0.0,1.4500000000000002,8.0,0.0,6.0,0.0,0.0,7.0,,,,2.8421052631578947,1.4210526315789473,5.684210526315789,1.4210526315789473,0.0,2.4105263157894736,6.333333333333333,2.0,8.0,0.0,1.0,4.0,,,,True,True,UNKNOWN,False,False,NPB,2026-08-08 15:00:00,1,,,0,
2021039243,2026-08-08 18:00:00,横浜DeNAベイスターズ,広島東洋カープ,4.0,3.0,UNKNOWN,横浜スタジアム,unknown,low,False,False,2107847,1850838,[],[],,,,,0,light,2026-08-08T09:00:00+00:00,,UNKNOWN,,,,UNKNOWN,UNKNOWN,,UNKNOWN,,3.6,1.4,7.2,3.6,0.0,2.8000000000000003,5.0,2.0,5.0,0.0,2.0,4.0,,,,3.6,1.4,3.6,5.4,0.0,4.2,5.0,2.0,4.0,0.0,3.0,2.0,,,,True,True,UNKNOWN,False,False,NPB,2026-08-08 18:00:00,1,,,0,
2021039244,2026-08-08 18:00:00,阪神タイガース,中日ドラゴンズ,1.0,7.0,UNKNOWN,京セラドーム大阪,unknown,low,False,False,2100961,1850363,[],[],,,,,0,light,2026-08-08T09:00:00+00:00,,UNKNOWN,,,,UNKNOWN,UNKNOWN,,UNKNOWN,,0.0,1.1428571428571428,7.714285714285714,1.2857142857142858,0.0,1.9142857142857144,7.0,0.0,7.0,0.0,1.0,6.0,,,,2.076923076923077,1.8461538461538463,6.230769230769231,2.076923076923077,0.0,2.5076923076923077,4.333333333333333,1.0,7.0,0.0,1.0,3.0,,,,True,True,UNKNOWN,False,False,NPB,2026-08-08 18:00:00,1,,,0,
2021039246,2026-08-08 18:00:00,埼玉西武ライオンズ,福岡ソフトバンクホークス,2.0,1.0,UNKNOWN,ベルーナドーム,unknown,low,False,False,1800043,1751148,[],[],,,,,0,light,2026-08-08T09:00:00+00:00,,UNKNOWN,,,,UNKNOWN,UNKNOWN,,UNKNOWN,,0.0,0.7142857142857143,9.0,0.0,0.0,1.2000000000000002,7.0,0.0,5.0,0.0,0.0,7.0,,,,1.2857142857142858,1.1428571428571428,6.428571428571429,2.5714285714285716,0.0,2.628571428571429,7.0,1.0,6.0,0.0,2.0,5.0,,,,True,True,UNKNOWN,False,False,NPB,2026-08-08 18:00:00,1,,,0,
2021039247,2026-08-08 18:00:00,千葉ロッテマリーンズ,オリックス・バファローズ,4.0,1.0,UNKNOWN,ZOZOマリンスタジアム,unknown,low,False,False,1750595,2103904,[],[],,,,,0,light,2026-08-08T09:00:00+00:00,,UNKNOWN,,,,UNKNOWN,UNKNOWN,,UNKNOWN,,7.2,1.0,12.6,0.0,1.8,3.0,5.0,4.0,5.0,1.0,0.0,7.0,,,,0.0,0.8571428571428571,3.857142857142857,2.5714285714285716,0.0,3.2,7.0,0.0,4.0,0.0,2.0,3.0,,,,True,True,UNKNOWN,False,False,NPB,2026-08-08 18:00:00,1,,,0,
2021039248,2026-08-09 14:00:00,読売ジャイアンツ,東京ヤクルトスワローズ,7.0,3.0,UNKNOWN,東京ドーム,unknown,low,False,False,1750696,1500074,[],[],,,,,0,light,2026-08-09T05:00:00+00:00,,UNKNOWN,,,,UNKNOWN,UNKNOWN,,UNKNOWN,,8.4375,1.6875,1.6875,3.375,0.0,3.95,5.333333333333333,5.0,7.0,0.0,2.0,1.0,,,,4.5,1.1666666666666667,6.0,1.5,1.5,4.533333333333333,6.0,3.0,6.0,1.0,1.0,4.0,,,,True,True,UNKNOWN,False,False,NPB,2026-08-09 14:00:00,1,,,0,
2021039251,2026-08-09 14:00:00,北海道日本ハムファイターズ,東北楽天ゴールデンイーグルス,1.0,0.0,UNKNOWN,エスコンフィールドHOKKAIDO,unknown,low,False,False,2110316,1400117,[],[],,,,,0,light,2026-08-09T05:00:00+00:00,,UNKNOWN,,,,UNKNOWN,UNKNOWN,,UNKNOWN,,1.125,0.25,6.75,0.0,0.0,1.7000000000000002,8.0,1.0,2.0,0.0,0.0,6.0,,,,0.0,0.6666666666666666,11.0,0.0,0.0,0.7555555555555555,9.0,0.0,6.0,0.0,0.0,11.0,,,,True,True,UNKNOWN,False,False,NPB,2026-08-09 14:00:00,1,,,0,
2021039252,2026-08-09 17:00:00,埼玉西武ライオンズ,福岡ソフトバンクホークス,0.0,5.0,UNKNOWN,ベルーナドーム,unknown,low,False,False,2104078,2105080,[],[],,,,,0,light,2026-08-09T08:00:00+00:00,,UNKNOWN,,,,UNKNOWN,UNKNOWN,,UNKNOWN,,0.0,0.5714285714285714,7.714285714285714,0.0,0.0,1.485714285714286,7.0,0.0,4.0,0.0,0.0,6.0,,,,4.2631578947368425,1.736842105263158,7.105263157894737,0.0,1.4210526315789473,3.673684210526316,6.333333333333333,3.0,11.0,1.0,0.0,5.0,,,,True,True,UNKNOWN,False,False,NPB,2026-08-09 17:00:00,1,,,0,
2021039253,2026-08-09 17:00:00,千葉ロッテマリーンズ,オリックス・バファローズ,7.0,2.0,UNKNOWN,ZOZOマリンスタジアム,excluded,high,False,False,2108148,1860063,[],[],,,,,0,light,2026-08-09T08:00:00+00:00,,UNKNOWN,,,,UNKNOWN,UNKNOWN,,UNKNOWN,,4.5,1.1666666666666667,10.5,1.5,1.5,3.5333333333333337,6.0,3.0,6.0,1.0,1.0,7.0,,,,4.5,1.0,9.0,4.5,0.0,2.7,4.0,2.0,2.0,0.0,2.0,4.0,,,,True,True,UNKNOWN,False,False,NPB,2026-08-09 17:00:00,1,,,0,
2021039249,2026-08-09 18:00:00,横浜DeNAベイスターズ,広島東洋カープ,3.0,0.0,UNKNOWN,横浜スタジアム,unknown,low,False,False,1900073,2105232,[],[],,,,,0,light,2026-08-09T09:00:00+00:00,,UNKNOWN,,,,UNKNOWN,UNKNOWN,,UNKNOWN,,1.5,0.6666666666666666,4.5,3.0,1.5,5.366666666666667,6.0,1.0,2.0,1.0,2.0,3.0,,,,0.0,0.8333333333333334,7.5,3.0,0.0,2.5333333333333337,6.0,0.0,3.0,0.0,2.0,5.0,,,,True,True,UNKNOWN,False,False,NPB,2026-08-09 18:00:00,1,,,0,
2021039250,2026-08-09 18:00:00,阪神タイガース,中日ドラゴンズ,1.0,0.0,UNKNOWN,京セラドーム大阪,unknown,low,False,False,1600106,2000052,[],[],,,,,0,light,2026-08-09T09:00:00+00:00,,UNKNOWN,,,,UNKNOWN,UNKNOWN,,UNKNOWN,,1.5,0.5,6.0,1.5,1.5,4.533333333333333,6.0,1.0,2.0,1.0,1.0,4.0,,,,0.0,1.6,5.4,3.6,0.0,3.2,5.0,0.0,6.0,0.0,2.0,3.0,,,,True,True,UNKNOWN,False,False,NPB,2026-08-09 18:00:00,1,,,0,
2021039254,2026-08-11 14:00:00,読売ジャイアンツ,阪神タイガース,1.0,9.0,UNKNOWN,東京ドーム,unknown,low,False,False,2000055,2000006,[],[],,,,,0,light,2026-08-11T05:00:00+00:00,,UNKNOWN,,,,UNKNOWN,UNKNOWN,,UNKNOWN,,1.125,0.875,7.875,4.5,1.125,4.575,8.0,1.0,3.0,1.0,4.0,7.0,,,,10.125,1.875,13.5,3.375,3.375,6.2,5.333333333333333,6.0,8.0,2.0,2.0,8.0,,,,True,True,UNKNOWN,False,False,NPB,2026-08-11 14:00:00,1,,,0,
2021039256,2026-08-11 14:00:00,中日ドラゴンズ,横浜DeNAベイスターズ,5.0,2.0,UNKNOWN,バンテリンドーム ナゴヤ,unknown,low,False,False,1700134,1000138,[],[],,,,,0,light,2026-08-11T05:00:00+00:00,,UNKNOWN,,,,UNKNOWN,UNKNOWN,,UNKNOWN,,15.428571428571427,3.8571428571428568,7.7142857142857135,11.571428571428571,0.0,5.342857142857143,2.3333333333333335,4.0,6.0,0.0,3.0,2.0,,,,3.0,1.5,1.5,4.5,1.5,6.533333333333333,6.0,2.0,6.0,1.0,3.0,1.0,,,,True,True,UNKNOWN,False,False,NPB,2026-08-11 14:00:00,1,,,0,
2021039257,2026-08-11 14:00:00,北海道日本ハムファイターズ,埼玉西武ライオンズ,0.0,1.0,UNKNOWN,エスコンフィールドHOKKAIDO,unknown,low,False,False,1700124,2000079,[],[],,,,,0,light,2026-08-11T05:00:00+00:00,,UNKNOWN,,,,UNKNOWN,UNKNOWN,,UNKNOWN,,0.0,0.5714285714285714,6.428571428571429,2.5714285714285716,0.0,2.628571428571429,7.0,0.0,2.0,0.0,2.0,5.0,,,,0.0,0.9545454545454546,12.272727272727273,4.909090909090909,0.0,2.1090909090909093,7.333333333333333,0.0,3.0,0.0,4.0,10.0,,,,True,True,UNKNOWN,False,False,NPB,2026-08-11 14:00:00,1,,,0,
2021039259,2026-08-11 14:00:00,福岡ソフトバンクホークス,千葉ロッテマリーンズ,16.0,2.0,UNKNOWN,みずほPayPayドーム福岡,excluded,high,False,False,2000090,1700011,[],[],,,,,0,light,2026-08-11T05:00:00+00:00,,UNKNOWN,,,,UNKNOWN,UNKNOWN,,UNKNOWN,,15.75,2.0,2.25,0.0,6.75,12.45,4.0,7.0,8.0,3.0,0.0,1.0,,,,0.0,0.6666666666666666,7.5,0.0,0.0,1.5333333333333334,6.0,0.0,4.0,0.0,0.0,5.0,,,,True,True,UNKNOWN,False,False,NPB,2026-08-11 14:00:00,1,,,0,
2021039258,2026-08-11 18:00:00,東北楽天ゴールデンイーグルス,オリックス・バファローズ,1.0,9.0,UNKNOWN,楽天モバイル 最強パーク宮城,unknown,low,False,False,1300058,2106793,[],[],,,,,0,light,2026-08-11T09:00:00+00:00,,UNKNOWN,,,,UNKNOWN,UNKNOWN,,UNKNOWN,,1.2857142857142858,0.8571428571428571,6.428571428571429,1.2857142857142858,1.2857142857142858,4.057142857142857,7.0,1.0,5.0,1.0,1.0,5.0,,,,2.5714285714285716,1.1428571428571428,6.428571428571429,2.5714285714285716,1.2857142857142858,4.485714285714286,7.0,2.0,6.0,1.0,2.0,5.0,,,,True,True,UNKNOWN,False,False,NPB,2026-08-11 18:00:00,1,,,0,
2021039260,2026-08-12 18:00:00,読売ジャイアンツ,阪神タイガース,1.0,5.0,UNKNOWN,東京ドーム,unknown,low,False,False,1700078,1900019,[],[],,,,,0,light,2026-08-12T09:00:00+00:00,,UNKNOWN,,,,UNKNOWN,UNKNOWN,,UNKNOWN,,1.5,1.0,9.0,1.5,1.5,3.8666666666666667,6.0,1.0,5.0,1.0,1.0,6.0,,,,7.2,2.2,7.2,5.4,3.6,8.600000000000001,5.0,4.0,8.0,2.0,3.0,4.0,,,,True,True,UNKNOWN,False,False,NPB,2026-08-12 18:00:00,1,,,0,
2021039261,2026-08-12 18:00:00,東京ヤクルトスワローズ,広島東洋カープ,12.0,0.0,UNKNOWN,明治神宮野球場,unknown,low,False,False,2000060,2000025,[],[],,,,,0,light,2026-08-12T09:00:00+00:00,,UNKNOWN,,,,UNKNOWN,UNKNOWN,,UNKNOWN,,15.75,3.25,6.75,4.5,0.0,3.2,4.0,7.0,11.0,0.0,2.0,3.0,,,,0.0,1.1666666666666667,6.0,1.5,0.0,2.3666666666666667,6.0,0.0,6.0,0.0,1.0,4.0,,,,True,True,UNKNOWN,False,False,NPB,2026-08-12 18:00:00,1,,,0,
2021039262,2026-08-12 18:00:00,中日ドラゴンズ,横浜DeNAベイスターズ,3.0,6.0,UNKNOWN,バンテリンドーム ナゴヤ,unknown,low,False,False,1700058,500014,[],[],,,,,0,light,2026-08-12T09:00:00+00:00,,UNKNOWN,,,,UNKNOWN,UNKNOWN,,UNKNOWN,,1.125,0.375,4.5,0.0,1.125,3.825,8.0,1.0,3.0,1.0,0.0,4.0,,,,5.4,1.2,3.6,0.0,3.6,7.6000000000000005,5.0,3.0,6.0,2.0,0.0,2.0,,,,True,True,UNKNOWN,False,False,NPB,2026-08-12 18:00:00,1,,,0,
2021039263,2026-08-12 18:00:00,北海道日本ハムファイターズ,埼玉西武ライオンズ,2.0,5.0,UNKNOWN,エスコンフィールドHOKKAIDO,unknown,low,False,False,1800081,1750903,[],[],,,,,0,light,2026-08-12T09:00:00+00:00,,UNKNOWN,,,,UNKNOWN,UNKNOWN,,UNKNOWN,,2.5714285714285716,0.7142857142857143,5.142857142857143,1.2857142857142858,2.5714285714285716,6.2,7.0,2.0,4.0,2.0,1.0,4.0,,,,0.0,1.1666666666666667,10.5,1.5,0.0,1.366666666666667,6.0,0.0,6.0,0.0,1.0,7.0,,,,True,True,UNKNOWN,False,False,NPB,2026-08-12 18:00:00,1,,,0,
2021039264,2026-08-12 18:00:00,東北楽天ゴールデンイーグルス,オリックス・バファローズ,7.0,2.0,UNKNOWN,楽天モバイル 最強パーク宮城,unknown,low,False,False,2108177,700049,[],[],,,,,0,light,2026-08-12T09:00:00+00:00,,UNKNOWN,,,,UNKNOWN,UNKNOWN,,UNKNOWN,,9.0,1.6,10.8,1.8,3.6,6.6,5.0,5.0,7.0,2.0,1.0,6.0,,,,2.5714285714285716,1.1428571428571428,5.142857142857143,1.2857142857142858,1.2857142857142858,4.342857142857143,7.0,2.0,7.0,1.0,1.0,4.0,,,,True,True,UNKNOWN,False,False,NPB,2026-08-12 18:00:00,1,,,0,
2021039265,2026-08-12 18:00:00,福岡ソフトバンクホークス,千葉ロッテマリーンズ,10.0,4.0,UNKNOWN,みずほPayPayドーム福岡,unknown,low,False,False,2101204,1100099,[],[],,,,,0,light,2026-08-12T09:00:00+00:00,,UNKNOWN,,,,UNKNOWN,UNKNOWN,,UNKNOWN,,12.0,3.3333333333333335,9.0,15.0,3.0,10.533333333333333,3.0,4.0,5.0,1.0,5.0,3.0,,,,7.2,1.4,5.4,1.8,1.8,5.2,5.0,4.0,6.0,1.0,1.0,3.0,,,,True,True,UNKNOWN,False,False,NPB,2026-08-12 18:00:00,1,,,0,
2021039266,2026-08-13 18:00:00,読売ジャイアンツ,阪神タイガース,2.0,3.0,UNKNOWN,東京ドーム,unknown,low,False,False,2110265,1850035,[],[],,,,,0,light,2026-08-13T09:00:00+00:00,,UNKNOWN,,,,UNKNOWN,UNKNOWN,,UNKNOWN,,3.6,1.0,10.8,1.8,1.8,4.0,5.0,2.0,4.0,1.0,1.0,6.0,,,,5.0625,1.5,13.5,6.75,3.375,7.325,5.333333333333333,3.0,4.0,2.0,4.0,8.0,,,,True,True,UNKNOWN,False,False,NPB,2026-08-13 18:00:00,1,,,0,
2021039268,2026-08-13 18:00:00,中日ドラゴンズ,横浜DeNAベイスターズ,1.0,5.0,UNKNOWN,バンテリンドーム ナゴヤ,unknown,low,False,False,2100109,2108462,[],[],,,,,0,light,2026-08-13T09:00:00+00:00,,UNKNOWN,,,,UNKNOWN,UNKNOWN,,UNKNOWN,,1.5,0.8333333333333334,10.5,3.0,1.5,4.033333333333333,6.0,1.0,3.0,1.0,2.0,7.0,,,,6.0,1.0,7.5,1.5,4.5,8.533333333333333,6.0,4.0,5.0,3.0,1.0,5.0,,,,True,True,UNKNOWN,False,False,NPB,2026-08-13 18:00:00,1,,,0,
2021039269,2026-08-13 18:00:00,北海道日本ハムファイターズ,埼玉西武ライオンズ,8.0,2.0,UNKNOWN,エスコンフィールドHOKKAIDO,unknown,low,False,False,2117319,1400195,[],[],,,,,0,light,2026-08-13T09:00:00+00:00,,UNKNOWN,,,,UNKNOWN,UNKNOWN,,UNKNOWN,,13.5,1.5,11.571428571428571,1.9285714285714284,1.9285714285714284,4.057142857142857,4.666666666666667,7.0,6.0,1.0,1.0,6.0,,,,3.6,1.6,0.0,3.6,0.0,4.4,5.0,2.0,6.0,0.0,2.0,0.0,,,,True,True,UNKNOWN,False,False,NPB,2026-08-13 18:00:00,1,,,0,
2021039270,2026-08-13 18:00:00,東北楽天ゴールデンイーグルス,オリックス・バファローズ,2.0,8.0,UNKNOWN,楽天モバイル 最強パーク宮城,unknown,low,False,False,1700109,1900117,[],[],,,,,0,light,2026-08-13T09:00:00+00:00,,UNKNOWN,,,,UNKNOWN,UNKNOWN,,UNKNOWN,,6.0,2.0,15.0,9.0,3.0,7.2,3.0,2.0,3.0,1.0,3.0,5.0,,,,9.0,2.0,7.2,3.6,1.8,5.4,5.0,5.0,8.0,1.0,2.0,4.0,,,,True,True,UNKNOWN,False,False,NPB,2026-08-13 18:00:00,1,,,0,
2021039271,2026-08-13 18:00:00,福岡ソフトバンクホークス,千葉ロッテマリーンズ,3.0,4.0,UNKNOWN,みずほPayPayドーム福岡,unknown,low,False,False,2102758,1900010,[],[],,,,,0,light,2026-08-13T09:00:00+00:00,,UNKNOWN,,,,UNKNOWN,UNKNOWN,,UNKNOWN,,3.0,1.3333333333333333,12.0,6.0,0.0,2.5333333333333337,6.0,2.0,4.0,0.0,4.0,8.0,,,,13.5,5.25,13.5,13.5,6.75,14.45,1.3333333333333333,2.0,5.0,1.0,2.0,2.0,,,,True,True,UNKNOWN,False,False,NPB,2026-08-13 18:00:00,1,,,0,
2021039272,2026-08-14 18:00:00,東京ヤクルトスワローズ,横浜DeNAベイスターズ,7.0,2.0,UNKNOWN,明治神宮野球場,unknown,low,False,False,1300031,1900024,[],[],,,,,0,light,2026-08-14T09:00:00+00:00,,UNKNOWN,,,,UNKNOWN,UNKNOWN,,UNKNOWN,,6.75,1.5,8.4375,1.6875,0.0,1.8875000000000002,5.333333333333333,4.0,7.0,0.0,1.0,5.0,,,,2.6999999999999997,0.75,12.149999999999999,1.3499999999999999,0.0,0.9500000000000002,6.666666666666667,2.0,4.0,0.0,1.0,9.0,,,,True,True,UNKNOWN,False,False,NPB,2026-08-14 18:00:00,1,,,0,
2021039273,2026-08-14 18:00:00,中日ドラゴンズ,読売ジャイアンツ,0.0,1.0,UNKNOWN,バンテリンドーム ナゴヤ,unknown,low,False,False,1961886,2000042,[],[],,,,,0,light,2026-08-14T09:00:00+00:00,,UNKNOWN,,,,UNKNOWN,UNKNOWN,,UNKNOWN,,0.0,0.5,12.0,1.5,0.0,1.0333333333333337,6.0,0.0,2.0,0.0,1.0,8.0,,,,1.2857142857142858,0.8571428571428571,10.285714285714286,2.5714285714285716,0.0,1.7714285714285716,7.0,1.0,4.0,0.0,2.0,8.0,,,,True,True,UNKNOWN,False,False,NPB,2026-08-14 18:00:00,1,,,0,
2021039274,2026-08-14 18:00:00,広島東洋カープ,阪神タイガース,6.0,1.0,UNKNOWN,MAZDA Zoom-Zoom スタジアム広島,unknown,low,False,False,1600115,1900052,[],[],,,,,0,light,2026-08-14T09:00:00+00:00,,UNKNOWN,,,,UNKNOWN,UNKNOWN,,UNKNOWN,,6.75,1.5,6.75,0.0,4.5,8.2,4.0,3.0,6.0,2.0,0.0,3.0,,,,1.125,0.875,5.625,2.25,0.0,2.7,8.0,1.0,5.0,0.0,2.0,5.0,,,,True,True,UNKNOWN,False,False,NPB,2026-08-14 18:00:00,1,,,0,
2021039275,2026-08-14 18:00:00,埼玉西武ライオンズ,千葉ロッテマリーンズ,7.0,0.0,UNKNOWN,ベルーナドーム,unknown,low,False,False,1800052,2000077,[],[],,,,,0,light,2026-08-14T09:00:00+00:00,,UNKNOWN,,,,UNKNOWN,UNKNOWN,,UNKNOWN,,3.0,1.5,3.0,3.0,3.0,7.866666666666667,6.0,2.0,7.0,2.0,2.0,2.0,,,,0.0,0.6666666666666666,15.0,0.0,0.0,-0.1333333333333333,3.0,0.0,2.0,0.0,0.0,5.0,,,,True,True,UNKNOWN,False,False,NPB,2026-08-14 18:00:00,1,,,0,
2021039276,2026-08-14 18:00:00,オリックス・バファローズ,北海道日本ハムファイターズ,6.0,2.0,UNKNOWN,京セラドーム大阪,unknown,low,False,False,2050307,1750543,[],[],,,,,0,light,2026-08-14T09:00:00+00:00,,UNKNOWN,,,,UNKNOWN,UNKNOWN,,UNKNOWN,,2.5714285714285716,0.5714285714285714,10.285714285714286,0.0,1.2857142857142858,2.771428571428572,7.0,2.0,4.0,1.0,0.0,8.0,,,,2.8421052631578947,1.105263157894737,5.684210526315789,1.4210526315789473,0.0,2.4105263157894736,6.333333333333333,2.0,6.0,0.0,1.0,4.0,,,,True,True,UNKNOWN,False,False,NPB,2026-08-14 18:00:00,1,,,0,
2021039277,2026-08-14 18:00:00,福岡ソフトバンクホークス,東北楽天ゴールデンイーグルス,2.0,5.0,UNKNOWN,みずほPayPayドーム福岡,unknown,low,False,False,2000123,1550517,[],[],,,,,0,light,2026-08-14T09:00:00+00:00,,UNKNOWN,,,,UNKNOWN,UNKNOWN,,UNKNOWN,,1.588235294117647,1.0588235294117647,3.176470588235294,1.588235294117647,0.0,3.0235294117647062,5.666666666666667,1.0,5.0,0.0,1.0,2.0,,,,5.142857142857143,1.1428571428571428,9.0,2.5714285714285716,1.2857142857142858,3.9142857142857146,7.0,4.0,6.0,1.0,2.0,7.0,,,,True,True,UNKNOWN,False,False,NPB,2026-08-14 18:00:00,1,,,0,
2021039279,2026-08-15 14:00:00,中日ドラゴンズ,読売ジャイアンツ,11.0,2.0,UNKNOWN,バンテリンドーム ナゴヤ,unknown,low,False,False,2118993,2100961,[],[],,,,,0,light,2026-08-15T05:00:00+00:00,,UNKNOWN,,,,UNKNOWN,UNKNOWN,,UNKNOWN,,24.0,3.3333333333333335,9.0,3.0,6.0,10.866666666666667,3.0,8.0,9.0,2.0,1.0,3.0,,,,0.0,0.7142857142857143,6.428571428571429,2.5714285714285716,0.0,2.628571428571429,7.0,0.0,3.0,0.0,2.0,5.0,,,,True,True,UNKNOWN,False,False,NPB,2026-08-15 14:00:00,1,,,0,
2021039282,2026-08-15 14:00:00,オリックス・バファローズ,北海道日本ハムファイターズ,4.0,12.0,UNKNOWN,京セラドーム大阪,unknown,low,False,False,1500110,1851026,[],[],,,,,0,light,2026-08-15T05:00:00+00:00,,UNKNOWN,,,,UNKNOWN,UNKNOWN,,UNKNOWN,,3.176470588235294,1.2352941176470587,1.588235294117647,0.0,0.0,2.847058823529412,5.666666666666667,2.0,7.0,0.0,0.0,1.0,,,,3.6,1.4,5.4,5.4,0.0,3.8000000000000003,5.0,2.0,4.0,0.0,3.0,3.0,,,,True,True,UNKNOWN,False,False,NPB,2026-08-15 14:00:00,1,,,0,
2021039283,2026-08-15 14:00:00,福岡ソフトバンクホークス,東北楽天ゴールデンイーグルス,4.0,6.0,UNKNOWN,みずほPayPayドーム福岡,unknown,low,False,False,2000121,1800043,[],[],,,,,0,light,2026-08-15T05:00:00+00:00,,UNKNOWN,,,,UNKNOWN,UNKNOWN,,UNKNOWN,,2.5714285714285716,1.1428571428571428,6.428571428571429,2.5714285714285716,2.5714285714285716,6.342857142857143,7.0,2.0,6.0,2.0,2.0,5.0,,,,7.714285714285714,1.1428571428571428,3.857142857142857,1.2857142857142858,3.857142857142857,8.342857142857143,7.0,6.0,7.0,3.0,1.0,3.0,,,,True,True,UNKNOWN,False,False,NPB,2026-08-15 14:00:00,1,,,0,
2021039281,2026-08-15 17:00:00,埼玉西武ライオンズ,千葉ロッテマリーンズ,1.0,5.0,UNKNOWN,ベルーナドーム,unknown,low,False,False,2103904,1751148,[],[],,,,,0,light,2026-08-15T08:00:00+00:00,,UNKNOWN,,,,UNKNOWN,UNKNOWN,,UNKNOWN,,1.3499999999999999,1.3499999999999999,10.799999999999999,5.3999999999999995,0.0,2.6,6.666666666666667,1.0,5.0,0.0,4.0,8.0,,,,1.2857142857142858,0.8571428571428571,7.714285714285714,1.2857142857142858,0.0,1.9142857142857144,7.0,1.0,5.0,0.0,1.0,6.0,,,,True,True,UNKNOWN,False,False,NPB,2026-08-15 17:00:00,1,,,0,
2021039278,2026-08-15 18:00:00,東京ヤクルトスワローズ,横浜DeNAベイスターズ,4.0,3.0,UNKNOWN,明治神宮野球場,unknown,low,False,False,1850838,1750894,[],[],,,,,0,light,2026-08-15T09:00:00+00:00,,UNKNOWN,,,,UNKNOWN,UNKNOWN,,UNKNOWN,,6.230769230769231,1.8461538461538463,2.076923076923077,4.153846153846154,0.0,4.1230769230769235,4.333333333333333,3.0,6.0,0.0,2.0,1.0,,,,4.5,0.6666666666666666,4.5,1.5,1.5,4.866666666666667,6.0,3.0,3.0,1.0,1.0,3.0,,,,True,True,UNKNOWN,False,False,NPB,2026-08-15 18:00:00,1,,,0,
2021039280,2026-08-15 18:00:00,広島東洋カープ,阪神タイガース,5.0,2.0,UNKNOWN,MAZDA Zoom-Zoom スタジアム広島,unknown,low,False,False,1700137,2107847,[],[],,,,,0,light,2026-08-15T09:00:00+00:00,,UNKNOWN,,,,UNKNOWN,UNKNOWN,,UNKNOWN,,6.75,1.75,0.0,4.5,0.0,4.7,4.0,3.0,5.0,0.0,2.0,0.0,,,,3.6,0.6,7.2,0.0,1.8,4.2,5.0,2.0,3.0,1.0,0.0,4.0,,,,True,True,UNKNOWN,False,False,NPB,2026-08-15 18:00:00,1,,,0,
2021039288,2026-08-16 13:00:00,オリックス・バファローズ,北海道日本ハムファイターズ,7.0,13.0,UNKNOWN,京セラドーム大阪,unknown,low,False,False,1400117,1750595,[],[],,,,,0,light,2026-08-16T04:00:00+00:00,,UNKNOWN,,,,UNKNOWN,UNKNOWN,,UNKNOWN,,3.0,0.8333333333333334,1.5,1.5,1.5,5.533333333333333,6.0,2.0,4.0,1.0,1.0,1.0,,,,12.272727272727273,2.181818181818182,12.272727272727273,4.909090909090909,2.4545454545454546,5.654545454545454,3.6666666666666665,5.0,6.0,1.0,2.0,5.0,,,,True,True,UNKNOWN,False,False,NPB,2026-08-16 13:00:00,1,,,0,
2021039289,2026-08-16 13:00:00,福岡ソフトバンクホークス,東北楽天ゴールデンイーグルス,6.0,1.0,UNKNOWN,みずほPayPayドーム福岡,unknown,low,False,False,2110316,2107909,[],[],,,,,0,light,2026-08-16T04:00:00+00:00,,UNKNOWN,,,,UNKNOWN,UNKNOWN,,UNKNOWN,,0.0,1.4,9.0,1.8,0.0,1.8000000000000003,5.0,0.0,6.0,0.0,1.0,5.0,,,,0.0,0.8,3.6,3.6,0.0,3.6,5.0,0.0,2.0,0.0,2.0,2.0,,,,True,True,UNKNOWN,False,False,NPB,2026-08-16 13:00:00,1,,,0,
2021039285,2026-08-16 13:30:00,中日ドラゴンズ,読売ジャイアンツ,0.0,11.0,UNKNOWN,バンテリンドーム ナゴヤ,unknown,low,False,False,1500074,1600106,[],[],,,,,0,light,2026-08-16T04:30:00+00:00,,UNKNOWN,,,,UNKNOWN,UNKNOWN,,UNKNOWN,,0.0,0.8571428571428571,10.285714285714286,3.857142857142857,0.0,2.2,7.0,0.0,3.0,0.0,3.0,8.0,,,,1.2857142857142858,0.8571428571428571,7.714285714285714,2.5714285714285716,0.0,2.342857142857143,7.0,1.0,4.0,0.0,2.0,6.0,,,,True,True,UNKNOWN,False,False,NPB,2026-08-16 13:30:00,1,,,0,
2021039287,2026-08-16 17:00:00,埼玉西武ライオンズ,千葉ロッテマリーンズ,7.0,1.0,UNKNOWN,ベルーナドーム,unknown,low,False,False,2100442,2105080,[],[],,,,,0,light,2026-08-16T08:00:00+00:00,,UNKNOWN,,,,UNKNOWN,UNKNOWN,,UNKNOWN,,18.0,2.5,4.5,4.5,4.5,10.2,2.0,4.0,4.0,1.0,1.0,1.0,,,,0.0,0.75,6.75,2.6999999999999997,0.0,2.6,6.666666666666667,0.0,3.0,0.0,2.0,5.0,,,,True,True,UNKNOWN,False,False,NPB,2026-08-16 17:00:00,1,,,0,
2021039284,2026-08-16 18:00:00,東京ヤクルトスワローズ,横浜DeNAベイスターズ,2.0,1.0,UNKNOWN,明治神宮野球場,unknown,low,False,False,2105232,1750696,[],[],,,,,0,light,2026-08-16T09:00:00+00:00,,UNKNOWN,,,,UNKNOWN,UNKNOWN,,UNKNOWN,,1.6875,1.3125,6.75,3.375,1.6875,5.2625,5.333333333333333,1.0,5.0,1.0,2.0,4.0,,,,1.8,1.6,7.2,0.0,0.0,1.6,5.0,1.0,8.0,0.0,0.0,4.0,,,,True,True,UNKNOWN,False,False,NPB,2026-08-16 18:00:00,1,,,0,
2021039286,2026-08-16 18:00:00,広島東洋カープ,阪神タイガース,1.0,8.0,UNKNOWN,MAZDA Zoom-Zoom スタジアム広島,unknown,low,False,False,1850363,2103788,[],[],,,,,0,light,2026-08-16T09:00:00+00:00,,UNKNOWN,,,,UNKNOWN,UNKNOWN,,UNKNOWN,,1.8,0.6,7.2,1.8,1.8,4.800000000000001,5.0,1.0,2.0,1.0,1.0,4.0,,,,6.0,1.5,6.0,3.0,1.5,5.033333333333333,6.0,4.0,7.0,1.0,2.0,4.0,,,,True,True,UNKNOWN,False,False,NPB,2026-08-16 18:00:00,1,,,0,
2021039293,2026-08-18 14:00:00,北海道日本ハムファイターズ,福岡ソフトバンクホークス,1.0,7.0,UNKNOWN,エスコンフィールドHOKKAIDO,unknown,low,False,False,1700011,2000079,[],[],,,,,0,light,2026-08-18T05:00:00+00:00,,UNKNOWN,,,,UNKNOWN,UNKNOWN,,UNKNOWN,,1.5,0.5,10.5,1.5,1.5,3.5333333333333337,6.0,1.0,2.0,1.0,1.0,7.0,,,,12.0,2.6666666666666665,9.0,3.0,0.0,2.2,3.0,4.0,7.0,0.0,1.0,3.0,,,,True,True,UNKNOWN,False,False,NPB,2026-08-18 14:00:00,1,,,0,
2021039290,2026-08-18 17:45:00,横浜DeNAベイスターズ,読売ジャイアンツ,4.0,3.0,UNKNOWN,横浜スタジアム,unknown,low,False,False,2000006,1700134,[],[],,,,,0,light,2026-08-18T08:45:00+00:00,,UNKNOWN,,,,UNKNOWN,UNKNOWN,,UNKNOWN,,4.5,1.5,6.0,6.0,0.0,3.8666666666666667,6.0,3.0,5.0,0.0,4.0,4.0,,,,1.2857142857142858,0.7142857142857143,9.0,1.2857142857142858,0.0,1.6285714285714288,7.0,1.0,4.0,0.0,1.0,7.0,,,,True,True,UNKNOWN,False,False,NPB,2026-08-18 17:45:00,1,,,0,
2021039291,2026-08-18 18:00:00,阪神タイガース,東京ヤクルトスワローズ,3.0,2.0,UNKNOWN,京セラドーム大阪,unknown,low,False,False,2103794,2000055,[],[],,,,,0,light,2026-08-18T09:00:00+00:00,,UNKNOWN,,,,UNKNOWN,UNKNOWN,,UNKNOWN,,1.2857142857142858,0.8571428571428571,9.0,1.2857142857142858,0.0,1.6285714285714288,7.0,1.0,5.0,0.0,1.0,7.0,,,,3.0,1.5,4.5,3.0,0.0,3.2,6.0,2.0,7.0,0.0,2.0,3.0,,,,True,True,UNKNOWN,False,False,NPB,2026-08-18 18:00:00,1,,,0,
2021039292,2026-08-18 18:00:00,広島東洋カープ,中日ドラゴンズ,11.0,4.0,UNKNOWN,MAZDA Zoom-Zoom スタジアム広島,unknown,low,False,False,1000138,1600123,[],[],,,,,0,light,2026-08-18T09:00:00+00:00,,UNKNOWN,,,,UNKNOWN,UNKNOWN,,UNKNOWN,,3.6,2.2,3.6,7.2,1.8,7.4,5.0,2.0,7.0,1.0,4.0,2.0,,,,5.4,1.6,3.6,1.8,3.6,8.2,5.0,3.0,7.0,2.0,1.0,2.0,,,,True,True,UNKNOWN,False,False,NPB,2026-08-18 18:00:00,1,,,0,
2021039294,2026-08-18 18:00:00,東北楽天ゴールデンイーグルス,千葉ロッテマリーンズ,6.0,2.0,UNKNOWN,楽天モバイル 最強パーク宮城,unknown,low,False,False,2107880,2106793,[],[],,,,,0,light,2026-08-18T09:00:00+00:00,,UNKNOWN,,,,UNKNOWN,UNKNOWN,,UNKNOWN,,5.4,1.6,9.0,3.6,1.8,5.0,5.0,3.0,6.0,1.0,2.0,5.0,,,,3.0,0.5,9.0,0.0,1.5,3.3666666666666667,6.0,2.0,3.0,1.0,0.0,6.0,,,,True,True,UNKNOWN,False,False,NPB,2026-08-18 18:00:00,1,,,0,
2021039295,2026-08-18 18:00:00,埼玉西武ライオンズ,オリックス・バファローズ,7.0,4.0,UNKNOWN,東京ドーム,unknown,low,False,False,1300058,1700124,[],[],,,,,0,light,2026-08-18T09:00:00+00:00,,UNKNOWN,,,,UNKNOWN,UNKNOWN,,UNKNOWN,,8.1,2.1,5.3999999999999995,8.1,0.0,4.7,3.3333333333333335,3.0,4.0,0.0,3.0,2.0,,,,2.5714285714285716,1.2857142857142858,5.142857142857143,2.5714285714285716,1.2857142857142858,4.771428571428571,7.0,2.0,7.0,1.0,2.0,4.0,,,,True,True,UNKNOWN,False,False,NPB,2026-08-18 18:00:00,1,,,0,
2021039299,2026-08-19 14:00:00,北海道日本ハムファイターズ,福岡ソフトバンクホークス,8.0,7.0,UNKNOWN,エスコンフィールドHOKKAIDO,unknown,low,False,False,1100099,2111822,[],[],,,,,0,light,2026-08-19T05:00:00+00:00,,UNKNOWN,,,,UNKNOWN,UNKNOWN,,UNKNOWN,,4.5,1.1666666666666667,7.5,1.5,1.5,4.2,6.0,3.0,6.0,1.0,1.0,5.0,,,,12.461538461538462,2.5384615384615388,4.153846153846154,4.153846153846154,2.076923076923077,6.661538461538462,4.333333333333333,6.0,9.0,1.0,2.0,2.0,,,,True,True,UNKNOWN,False,False,NPB,2026-08-19 14:00:00,1,,,0,
2021039296,2026-08-19 17:45:00,横浜DeNAベイスターズ,読売ジャイアンツ,1.0,0.0,UNKNOWN,横浜スタジアム,unknown,low,False,False,1900019,1700058,[],[],,,,,0,light,2026-08-19T08:45:00+00:00,,UNKNOWN,,,,UNKNOWN,UNKNOWN,,UNKNOWN,,1.2857142857142858,0.8571428571428571,10.285714285714286,1.2857142857142858,0.0,1.342857142857143,7.0,1.0,5.0,0.0,1.0,8.0,,,,0.0,0.7142857142857143,6.428571428571429,0.0,0.0,1.7714285714285716,7.0,0.0,5.0,0.0,0.0,5.0,,,,True,True,UNKNOWN,False,False,NPB,2026-08-19 17:45:00,1,,,0,
2021039297,2026-08-19 18:00:00,阪神タイガース,東京ヤクルトスワローズ,2.0,1.0,UNKNOWN,京セラドーム大阪,unknown,low,False,False,2000025,2000052,[],[],,,,,0,light,2026-08-19T09:00:00+00:00,,UNKNOWN,,,,UNKNOWN,UNKNOWN,,UNKNOWN,,0.0,0.75,12.375,1.125,0.0,0.8250000000000002,8.0,0.0,5.0,0.0,1.0,11.0,,,,0.0,1.0,10.5,3.0,0.0,1.866666666666667,6.0,0.0,4.0,0.0,2.0,7.0,,,,True,True,UNKNOWN,False,False,NPB,2026-08-19 18:00:00,1,,,0,
2021039298,2026-08-19 18:00:00,広島東洋カープ,中日ドラゴンズ,4.0,1.0,UNKNOWN,MAZDA Zoom-Zoom スタジアム広島,excluded,high,False,False,2100410,1900073,[],[],,,,,0,light,2026-08-19T09:00:00+00:00,,UNKNOWN,,,,UNKNOWN,UNKNOWN,,UNKNOWN,,7.2,2.0,3.6,7.2,3.6,10.0,5.0,4.0,6.0,2.0,4.0,2.0,,,,1.8,1.2,5.4,1.8,0.0,2.6,5.0,1.0,5.0,0.0,1.0,3.0,,,,True,True,UNKNOWN,False,False,NPB,2026-08-19 18:00:00,1,,,0,
2021039300,2026-08-19 18:00:00,東北楽天ゴールデンイーグルス,千葉ロッテマリーンズ,5.0,2.0,UNKNOWN,楽天モバイル 最強パーク宮城,unknown,low,False,False,2101204,700065,[],[],,,,,0,light,2026-08-19T09:00:00+00:00,,UNKNOWN,,,,UNKNOWN,UNKNOWN,,UNKNOWN,,9.0,3.0,9.0,3.0,3.0,6.533333333333333,3.0,3.0,8.0,1.0,1.0,3.0,,,,0.0,1.3333333333333333,7.5,1.5,0.0,2.033333333333333,6.0,0.0,7.0,0.0,1.0,5.0,,,,True,True,UNKNOWN,False,False,NPB,2026-08-19 18:00:00,1,,,0,
2021039301,2026-08-19 18:00:00,埼玉西武ライオンズ,オリックス・バファローズ,3.0,2.0,UNKNOWN,ベルーナドーム,unknown,low,False,False,2108148,1800081,[],[],,,,,0,light,2026-08-19T09:00:00+00:00,,UNKNOWN,,,,UNKNOWN,UNKNOWN,,UNKNOWN,,1.2857142857142858,0.8571428571428571,3.857142857142857,1.2857142857142858,0.0,2.771428571428572,7.0,1.0,5.0,0.0,1.0,3.0,,,,0.0,0.8,9.0,3.6,0.0,2.4000000000000004,5.0,0.0,2.0,0.0,2.0,5.0,,,,True,True,UNKNOWN,False,False,NPB,2026-08-19 18:00:00,1,,,0,
2021039305,2026-08-20 14:00:00,北海道日本ハムファイターズ,福岡ソフトバンクホークス,5.0,5.0,UNKNOWN,エスコンフィールドHOKKAIDO,unknown,low,False,False,2104078,1400195,[],[],,,,,0,light,2026-08-20T05:00:00+00:00,,UNKNOWN,,,,UNKNOWN,UNKNOWN,,UNKNOWN,,5.4,1.6,9.0,1.8,0.0,1.8000000000000003,5.0,3.0,7.0,0.0,1.0,5.0,,,,1.5,0.8333333333333334,7.5,3.0,1.5,4.7,6.0,1.0,3.0,1.0,2.0,5.0,,,,True,True,UNKNOWN,False,False,NPB,2026-08-20 14:00:00,1,,,0,
2021039302,2026-08-20 17:45:00,横浜DeNAベイスターズ,読売ジャイアンツ,3.0,6.0,UNKNOWN,横浜スタジアム,excluded,high,False,False,2122496,1200062,[],[],,,,,0,light,2026-08-20T08:45:00+00:00,,UNKNOWN,,,,UNKNOWN,UNKNOWN,,UNKNOWN,,5.4,1.4,12.6,3.6,0.0,1.6,5.0,3.0,5.0,0.0,2.0,7.0,,,,11.571428571428571,3.4285714285714284,11.571428571428571,15.428571428571427,0.0,5.771428571428571,2.3333333333333335,3.0,4.0,0.0,4.0,3.0,,,,True,True,UNKNOWN,False,False,NPB,2026-08-20 17:45:00,1,,,0,
2021039303,2026-08-20 18:00:00,阪神タイガース,東京ヤクルトスワローズ,1.0,4.0,UNKNOWN,京セラドーム大阪,unknown,low,False,False,1500042,2110265,[],[],,,,,0,light,2026-08-20T09:00:00+00:00,,UNKNOWN,,,,UNKNOWN,UNKNOWN,,UNKNOWN,,1.5,1.5,7.5,1.5,1.5,4.2,6.0,1.0,8.0,1.0,1.0,5.0,,,,6.352941176470588,1.2352941176470587,7.941176470588235,1.588235294117647,1.588235294117647,4.258823529411765,5.666666666666667,4.0,6.0,1.0,1.0,5.0,,,,True,True,UNKNOWN,False,False,NPB,2026-08-20 18:00:00,1,,,0,
2021039304,2026-08-20 18:00:00,広島東洋カープ,中日ドラゴンズ,2.0,1.0,UNKNOWN,MAZDA Zoom-Zoom スタジアム広島,unknown,low,False,False,2108462,2000060,[],[],,,,,0,light,2026-08-20T09:00:00+00:00,,UNKNOWN,,,,UNKNOWN,UNKNOWN,,UNKNOWN,,1.2857142857142858,0.7142857142857143,9.0,1.2857142857142858,1.2857142857142858,3.4857142857142858,7.0,1.0,4.0,1.0,1.0,7.0,,,,1.125,0.75,6.75,1.125,1.125,3.7,8.0,1.0,5.0,1.0,1.0,6.0,,,,True,True,UNKNOWN,False,False,NPB,2026-08-20 18:00:00,1,,,0,
2021039306,2026-08-20 18:00:00,東北楽天ゴールデンイーグルス,千葉ロッテマリーンズ,3.0,4.0,UNKNOWN,楽天モバイル 最強パーク宮城,unknown,low,False,False,1800052,700049,[],[],,,,,0,light,2026-08-20T09:00:00+00:00,,UNKNOWN,,,,UNKNOWN,UNKNOWN,,UNKNOWN,,1.5,1.5,9.0,4.5,0.0,2.7,6.0,1.0,6.0,0.0,3.0,6.0,,,,1.5,1.5,7.5,3.0,0.0,2.5333333333333337,6.0,1.0,7.0,0.0,2.0,5.0,,,,True,True,UNKNOWN,False,False,NPB,2026-08-20 18:00:00,1,,,0,
2021039307,2026-08-20 18:00:00,埼玉西武ライオンズ,オリックス・バファローズ,1.0,3.0,UNKNOWN,ベルーナドーム,excluded,high,False,False,2108177,2112121,[],[],,,,,0,light,2026-08-20T09:00:00+00:00,,UNKNOWN,,,,UNKNOWN,UNKNOWN,,UNKNOWN,,1.125,0.5,10.125,0.0,0.0,0.9500000000000002,8.0,1.0,4.0,0.0,0.0,9.0,,,,1.8,1.2,7.2,1.8,0.0,2.2,5.0,1.0,5.0,0.0,1.0,4.0,,,,True,True,UNKNOWN,False,False,NPB,2026-08-20 18:00:00,1,,,0,
2021039308,2026-08-21 18:00:00,読売ジャイアンツ,広島東洋カープ,2.0,0.0,UNKNOWN,東京ドーム,unknown,low,False,False,1900052,1961886,[],[],,,,,0,light,2026-08-21T09:00:00+00:00,,UNKNOWN,,,,UNKNOWN,UNKNOWN,,UNKNOWN,,1.125,1.0,6.75,2.25,0.0,2.45,8.0,1.0,6.0,0.0,2.0,6.0,,,,0.0,0.8,7.2,1.8,0.0,2.2,5.0,0.0,3.0,0.0,1.0,4.0,,,,True,True,UNKNOWN,False,False,NPB,2026-08-21 18:00:00,1,,,0,
2021039309,2026-08-21 18:00:00,横浜DeNAベイスターズ,阪神タイガース,1.0,4.0,UNKNOWN,横浜スタジアム,excluded,high,False,False,2117268,1300031,[],[],,,,,0,light,2026-08-21T09:00:00+00:00,,UNKNOWN,,,,UNKNOWN,UNKNOWN,,UNKNOWN,,1.8,1.4,3.6,3.6,1.8,6.2,5.0,1.0,5.0,1.0,2.0,2.0,,,,3.0,0.6666666666666666,15.0,0.0,1.5,2.033333333333333,6.0,2.0,4.0,1.0,0.0,10.0,,,,True,True,UNKNOWN,False,False,NPB,2026-08-21 18:00:00,1,,,0,
2021039310,2026-08-21 18:00:00,中日ドラゴンズ,東京ヤクルトスワローズ,3.0,0.0,UNKNOWN,バンテリンドーム ナゴヤ,unknown,low,False,False,1900024,2000042,[],[],,,,,0,light,2026-08-21T09:00:00+00:00,,UNKNOWN,,,,UNKNOWN,UNKNOWN,,UNKNOWN,,4.5,1.1666666666666667,4.5,4.5,1.5,5.866666666666667,6.0,3.0,4.0,1.0,3.0,3.0,,,,0.0,0.8571428571428571,9.0,2.5714285714285716,0.0,2.0571428571428574,7.0,0.0,4.0,0.0,2.0,7.0,,,,True,True,UNKNOWN,False,False,NPB,2026-08-21 18:00:00,1,,,0,
2021039311,2026-08-21 18:00:00,東北楽天ゴールデンイーグルス,埼玉西武ライオンズ,4.0,6.0,UNKNOWN,楽天モバイル 最強パーク宮城,unknown,low,False,False,1400182,1900117,[],[],,,,,0,light,2026-08-21T09:00:00+00:00,,UNKNOWN,,,,UNKNOWN,UNKNOWN,,UNKNOWN,,0.0,1.6,5.4,3.6,0.0,3.2,5.0,0.0,6.0,0.0,2.0,3.0,,,,2.5714285714285716,1.4285714285714286,2.5714285714285716,2.5714285714285716,0.0,3.4857142857142858,7.0,2.0,8.0,0.0,2.0,2.0,,,,True,True,UNKNOWN,False,False,NPB,2026-08-21 18:00:00,1,,,0,
2021039312,2026-08-21 18:00:00,千葉ロッテマリーンズ,北海道日本ハムファイターズ,4.0,3.0,UNKNOWN,ZOZOマリンスタジアム,unknown,low,False,False,1750903,2102758,[],[],,,,,0,light,2026-08-21T09:00:00+00:00,,UNKNOWN,,,,UNKNOWN,UNKNOWN,,UNKNOWN,,2.5714285714285716,0.42857142857142855,6.428571428571429,1.2857142857142858,2.5714285714285716,5.914285714285715,7.0,2.0,2.0,2.0,1.0,5.0,,,,3.857142857142857,1.1428571428571428,6.428571428571429,2.5714285714285716,0.0,2.628571428571429,7.0,3.0,6.0,0.0,2.0,5.0,,,,True,True,UNKNOWN,False,False,NPB,2026-08-21 18:00:00,1,,,0,
2021039313,2026-08-22 14:00:00,読売ジャイアンツ,広島東洋カープ,5.0,0.0,UNKNOWN,東京ドーム,excluded,high,False,False,1900057,2050423,[],[],,,,,0,light,2026-08-22T05:00:00+00:00,,UNKNOWN,,,,UNKNOWN,UNKNOWN,,UNKNOWN,,5.0625,1.125,5.0625,3.375,1.6875,5.6375,5.333333333333333,3.0,4.0,1.0,2.0,3.0,,,,0.0,1.2,7.2,3.6,0.0,2.8000000000000003,5.0,0.0,4.0,0.0,2.0,4.0,,,,True,True,UNKNOWN,False,False,NPB,2026-08-22 14:00:00,1,,,0,
2021039315,2026-08-22 14:00:00,中日ドラゴンズ,東京ヤクルトスワローズ,5.0,4.0,UNKNOWN,バンテリンドーム ナゴヤ,unknown,low,False,False,1750894,2100961,[],[],,,,,0,light,2026-08-22T05:00:00+00:00,,UNKNOWN,,,,UNKNOWN,UNKNOWN,,UNKNOWN,,3.857142857142857,0.8571428571428571,6.428571428571429,3.857142857142857,2.5714285714285716,6.771428571428572,7.0,3.0,3.0,2.0,3.0,5.0,,,,2.5714285714285716,1.1428571428571428,6.428571428571429,1.2857142857142858,0.0,2.2,7.0,2.0,7.0,0.0,1.0,5.0,,,,True,True,UNKNOWN,False,False,NPB,2026-08-22 14:00:00,1,,,0,
2021039318,2026-08-22 14:00:00,福岡ソフトバンクホークス,オリックス・バファローズ,7.0,1.0,UNKNOWN,みずほPayPayドーム福岡,unknown,low,False,False,1750543,1550517,[],[],,,,,0,light,2026-08-22T05:00:00+00:00,,UNKNOWN,,,,UNKNOWN,UNKNOWN,,UNKNOWN,,12.461538461538462,3.230769230769231,4.153846153846154,8.307692307692308,6.230769230769231,14.046153846153846,4.333333333333333,6.0,10.0,3.0,4.0,2.0,,,,1.125,0.875,6.75,2.25,0.0,2.45,8.0,1.0,5.0,0.0,2.0,6.0,,,,True,True,UNKNOWN,False,False,NPB,2026-08-22 14:00:00,1,,,0,
2021039316,2026-08-22 18:00:00,東北楽天ゴールデンイーグルス,埼玉西武ライオンズ,0.0,2.0,UNKNOWN,楽天モバイル 最強パーク宮城,unknown,low,False,False,1751148,2000121,[],[],,,,,0,light,2026-08-22T09:00:00+00:00,,UNKNOWN,,,,UNKNOWN,UNKNOWN,,UNKNOWN,,0.0,0.375,10.125,0.0,0.0,0.9500000000000002,8.0,0.0,3.0,0.0,0.0,9.0,,,,0.0,1.1428571428571428,5.142857142857143,3.857142857142857,0.0,3.342857142857143,7.0,0.0,5.0,0.0,3.0,4.0,,,,True,True,UNKNOWN,False,False,NPB,2026-08-22 18:00:00,1,,,0,
2021039324,2026-08-23 13:00:00,福岡ソフトバンクホークス,オリックス・バファローズ,0.0,3.0,UNKNOWN,みずほPayPayドーム福岡,unknown,low,False,False,1750595,2107909,[],[],,,,,0,light,2026-08-23T04:00:00+00:00,,UNKNOWN,,,,UNKNOWN,UNKNOWN,,UNKNOWN,,0.0,0.5714285714285714,10.285714285714286,2.5714285714285716,0.0,1.7714285714285716,7.0,0.0,2.0,0.0,2.0,8.0,,,,1.2857142857142858,1.0,5.142857142857143,2.5714285714285716,0.0,2.9142857142857146,7.0,1.0,5.0,0.0,2.0,4.0,,,,True,True,UNKNOWN,False,False,NPB,2026-08-23 13:00:00,1,,,0,
2021039321,2026-08-23 13:30:00,中日ドラゴンズ,東京ヤクルトスワローズ,3.0,2.0,UNKNOWN,バンテリンドーム ナゴヤ,unknown,low,False,False,1750696,1600106,[],[],,,,,0,light,2026-08-23T04:30:00+00:00,,UNKNOWN,,,,UNKNOWN,UNKNOWN,,UNKNOWN,,6.75,1.25,4.5,0.0,2.25,5.45,4.0,3.0,5.0,1.0,0.0,2.0,,,,3.0,1.5,6.0,1.5,0.0,2.3666666666666667,6.0,2.0,8.0,0.0,1.0,4.0,,,,True,True,UNKNOWN,False,False,NPB,2026-08-23 13:30:00,1,,,0,
2021039319,2026-08-23 14:00:00,読売ジャイアンツ,広島東洋カープ,2.0,3.0,UNKNOWN,東京ドーム,unknown,low,False,False,2103788,1500074,[],[],,,,,0,light,2026-08-23T05:00:00+00:00,,UNKNOWN,,,,UNKNOWN,UNKNOWN,,UNKNOWN,,1.8,1.8,3.6,9.0,1.8,8.0,5.0,1.0,4.0,1.0,5.0,2.0,,,,3.0,1.3333333333333333,3.0,1.5,0.0,3.0333333333333337,6.0,2.0,7.0,0.0,1.0,2.0,,,,True,True,UNKNOWN,False,False,NPB,2026-08-23 14:00:00,1,,,0,
2021039322,2026-08-23 16:00:00,東北楽天ゴールデンイーグルス,埼玉西武ライオンズ,1.0,3.0,UNKNOWN,楽天モバイル 最強パーク宮城,unknown,low,False,False,2110118,2110316,[],[],,,,,0,light,2026-08-23T07:00:00+00:00,,UNKNOWN,,,,UNKNOWN,UNKNOWN,,UNKNOWN,,1.588235294117647,0.8823529411764706,3.176470588235294,1.588235294117647,1.588235294117647,5.31764705882353,5.666666666666667,1.0,4.0,1.0,1.0,2.0,,,,1.8,1.8,5.4,7.2,0.0,4.4,5.0,1.0,5.0,0.0,4.0,3.0,,,,True,True,UNKNOWN,False,False,NPB,2026-08-23 16:00:00,1,,,0,
2021039323,2026-08-23 17:00:00,千葉ロッテマリーンズ,北海道日本ハムファイターズ,3.0,2.0,UNKNOWN,ZOZOマリンスタジアム,unknown,low,False,False,1400117,2103904,[],[],,,,,0,light,2026-08-23T08:00:00+00:00,,UNKNOWN,,,,UNKNOWN,UNKNOWN,,UNKNOWN,,4.5,1.5,4.5,1.5,1.5,4.866666666666667,6.0,3.0,8.0,1.0,1.0,3.0,,,,3.0,1.0,7.5,4.5,1.5,5.2,6.0,2.0,3.0,1.0,3.0,5.0,,,,True,True,UNKNOWN,False,False,NPB,2026-08-23 17:00:00,1,,,0,
2021039320,2026-08-23 18:00:00,横浜DeNAベイスターズ,阪神タイガース,3.0,5.0,UNKNOWN,横浜スタジアム,excluded,high,False,False,1700078,2112182,[],[],,,,,0,light,2026-08-23T09:00:00+00:00,,UNKNOWN,,,,UNKNOWN,UNKNOWN,,UNKNOWN,,0.0,1.4,5.4,1.8,0.0,2.6,5.0,0.0,6.0,0.0,1.0,3.0,,,,4.764705882352941,1.2352941176470587,7.941176470588235,1.588235294117647,1.588235294117647,4.258823529411765,5.666666666666667,3.0,6.0,1.0,1.0,5.0,,,,True,True,UNKNOWN,False,False,NPB,2026-08-23 18:00:00,1,,,0,
2021039325,2026-08-25 18:00:00,東京ヤクルトスワローズ,読売ジャイアンツ,6.0,8.0,UNKNOWN,明治神宮野球場,unknown,low,False,False,1200117,2103794,[],[],,,,,0,light,2026-08-25T09:00:00+00:00,,UNKNOWN,,,,UNKNOWN,UNKNOWN,,UNKNOWN,,13.5,3.375,3.375,10.125,6.75,15.575,2.6666666666666665,4.0,6.0,2.0,3.0,1.0,,,,10.8,1.8,9.0,1.8,1.8,4.4,5.0,6.0,8.0,1.0,1.0,5.0,,,,True,True,UNKNOWN,False,False,NPB,2026-08-25 18:00:00,1,,,0,
2021039326,2026-08-25 18:00:00,中日ドラゴンズ,阪神タイガース,4.0,2.0,UNKNOWN,バンテリンドーム ナゴヤ,excluded,high,False,False,900062,1000138,[],[],,,,,0,light,2026-08-25T09:00:00+00:00,,UNKNOWN,,,,UNKNOWN,UNKNOWN,,UNKNOWN,,3.6,1.2,3.6,1.8,1.8,5.6,5.0,2.0,5.0,1.0,1.0,2.0,,,,1.2857142857142858,1.1428571428571428,6.428571428571429,3.857142857142857,1.2857142857142858,4.914285714285715,7.0,1.0,5.0,1.0,3.0,5.0,,,,True,True,UNKNOWN,False,False,NPB,2026-08-25 18:00:00,1,,,0,
2021039327,2026-08-25 18:00:00,広島東洋カープ,横浜DeNAベイスターズ,8.0,7.0,UNKNOWN,MAZDA Zoom-Zoom スタジアム広島,unknown,low,False,False,2100109,1600123,[],[],,,,,0,light,2026-08-25T09:00:00+00:00,,UNKNOWN,,,,UNKNOWN,UNKNOWN,,UNKNOWN,,10.384615384615385,1.8461538461538463,6.230769230769231,2.076923076923077,2.076923076923077,5.507692307692308,4.333333333333333,5.0,7.0,1.0,1.0,3.0,,,,9.0,2.4,5.4,7.2,1.8,7.0,5.0,5.0,8.0,1.0,4.0,3.0,,,,True,True,UNKNOWN,False,False,NPB,2026-08-25 18:00:00,1,,,0,
2021039328,2026-08-25 18:00:00,埼玉西武ライオンズ,北海道日本ハムファイターズ,3.0,1.0,UNKNOWN,ベルーナドーム,unknown,low,False,False,2000079,1700124,[],[],,,,,0,light,2026-08-25T09:00:00+00:00,,UNKNOWN,,,,UNKNOWN,UNKNOWN,,UNKNOWN,,3.0,1.6666666666666667,7.5,4.5,0.0,3.0333333333333337,6.0,2.0,7.0,0.0,3.0,5.0,,,,0.0,1.0,11.571428571428571,1.2857142857142858,0.0,1.0571428571428574,7.0,0.0,6.0,0.0,1.0,9.0,,,,True,True,UNKNOWN,False,False,NPB,2026-08-25 18:00:00,1,,,0,
2021039329,2026-08-25 18:00:00,千葉ロッテマリーンズ,福岡ソフトバンクホークス,0.0,9.0,UNKNOWN,ZOZOマリンスタジアム,unknown,low,False,False,1700011,2107880,[],[],,,,,0,light,2026-08-25T09:00:00+00:00,,UNKNOWN,,,,UNKNOWN,UNKNOWN,,UNKNOWN,,0.0,0.5555555555555556,9.0,2.0,0.0,1.866666666666667,9.0,0.0,3.0,0.0,2.0,9.0,,,,15.75,2.75,4.5,13.5,0.0,6.7,4.0,7.0,5.0,0.0,6.0,2.0,,,,True,True,UNKNOWN,False,False,NPB,2026-08-25 18:00:00,1,,,0,
2021039330,2026-08-25 18:00:00,オリックス・バファローズ,東北楽天ゴールデンイーグルス,1.0,5.0,UNKNOWN,京セラドーム大阪,excluded,high,False,False,1950716,1300058,[],[],,,,,0,light,2026-08-25T09:00:00+00:00,,UNKNOWN,,,,UNKNOWN,UNKNOWN,,UNKNOWN,,1.8,1.6,3.6,7.2,0.0,4.800000000000001,5.0,1.0,4.0,0.0,4.0,2.0,,,,6.75,1.6875,10.125,8.4375,0.0,3.7625,5.333333333333333,4.0,4.0,0.0,5.0,6.0,,,,True,True,UNKNOWN,False,False,NPB,2026-08-25 18:00:00,1,,,0,
2021039331,2026-08-26 18:00:00,東京ヤクルトスワローズ,読売ジャイアンツ,3.0,5.0,UNKNOWN,明治神宮野球場,unknown,low,False,False,1900019,2000025,[],[],,,,,0,light,2026-08-26T09:00:00+00:00,,UNKNOWN,,,,UNKNOWN,UNKNOWN,,UNKNOWN,,3.0,1.1666666666666667,4.5,4.5,1.5,5.866666666666667,6.0,2.0,4.0,1.0,3.0,3.0,,,,1.2857142857142858,0.42857142857142855,10.285714285714286,0.0,1.2857142857142858,2.771428571428572,7.0,1.0,3.0,1.0,0.0,8.0,,,,True,True,UNKNOWN,False,False,NPB,2026-08-26 18:00:00,1,,,0,
2021039332,2026-08-26 18:00:00,中日ドラゴンズ,阪神タイガース,4.0,0.0,UNKNOWN,バンテリンドーム ナゴヤ,unknown,low,False,False,2000052,500014,[],[],,,,,0,light,2026-08-26T09:00:00+00:00,,UNKNOWN,,,,UNKNOWN,UNKNOWN,,UNKNOWN,,3.375,1.125,6.75,1.6875,3.375,7.1375,5.333333333333333,2.0,5.0,2.0,1.0,4.0,,,,0.0,1.0,4.5,1.5,0.0,2.7,6.0,0.0,5.0,0.0,1.0,3.0,,,,True,True,UNKNOWN,False,False,NPB,2026-08-26 18:00:00,1,,,0,
2021039333,2026-08-26 18:00:00,広島東洋カープ,横浜DeNAベイスターズ,3.0,2.0,UNKNOWN,MAZDA Zoom-Zoom スタジアム広島,unknown,low,False,False,1700058,1900073,[],[],,,,,0,light,2026-08-26T09:00:00+00:00,,UNKNOWN,,,,UNKNOWN,UNKNOWN,,UNKNOWN,,0.0,0.8333333333333334,4.5,0.0,0.0,2.2,6.0,0.0,5.0,0.0,0.0,3.0,,,,1.8,0.8,1.8,0.0,0.0,2.8000000000000003,5.0,1.0,4.0,0.0,0.0,1.0,,,,True,True,UNKNOWN,False,False,NPB,2026-08-26 18:00:00,1,,,0,
2021039334,2026-08-26 18:00:00,埼玉西武ライオンズ,北海道日本ハムファイターズ,1.0,9.0,UNKNOWN,ベルーナドーム,unknown,low,False,False,2050307,1800081,[],[],,,,,0,light,2026-08-26T09:00:00+00:00,,UNKNOWN,,,,UNKNOWN,UNKNOWN,,UNKNOWN,,1.0,0.7777777777777778,10.0,1.0,1.0,2.7555555555555555,9.0,1.0,6.0,1.0,1.0,10.0,,,,12.0,1.8333333333333333,12.0,1.5,3.0,5.366666666666667,6.0,8.0,10.0,2.0,1.0,8.0,,,,True,True,UNKNOWN,False,False,NPB,2026-08-26 18:00:00,1,,,0,
2021039335,2026-08-26 18:00:00,千葉ロッテマリーンズ,福岡ソフトバンクホークス,6.0,5.0,UNKNOWN,ZOZOマリンスタジアム,unknown,low,False,False,1100099,2101204,[],[],,,,,0,light,2026-08-26T09:00:00+00:00,,UNKNOWN,,,,UNKNOWN,UNKNOWN,,UNKNOWN,,3.0,1.1666666666666667,7.5,1.5,0.0,2.033333333333333,6.0,2.0,6.0,0.0,1.0,5.0,,,,11.25,2.25,2.25,4.5,0.0,4.2,4.0,5.0,7.0,0.0,2.0,1.0,,,,True,True,UNKNOWN,False,False,NPB,2026-08-26 18:00:00,1,,,0,
2021039336,2026-08-26 18:00:00,オリックス・バファローズ,東北楽天ゴールデンイーグルス,7.0,5.0,UNKNOWN,京セラドーム大阪,excluded,high,False,False,2106793,2107849,[],[],,,,,0,light,2026-08-26T09:00:00+00:00,,UNKNOWN,,,,UNKNOWN,UNKNOWN,,UNKNOWN,,6.0,1.8333333333333333,13.5,4.5,0.0,1.7000000000000002,6.0,4.0,8.0,0.0,3.0,9.0,,,,13.5,3.5,4.5,9.0,0.0,5.2,2.0,3.0,5.0,0.0,2.0,1.0,,,,True,True,UNKNOWN,False,False,NPB,2026-08-26 18:00:00,1,,,0,
2021039337,2026-08-27 18:00:00,東京ヤクルトスワローズ,読売ジャイアンツ,2.0,9.0,UNKNOWN,明治神宮野球場,unknown,low,False,False,2122496,12113,[],[],,,,,0,light,2026-08-27T09:00:00+00:00,,UNKNOWN,,,,UNKNOWN,UNKNOWN,,UNKNOWN,,1.3499999999999999,1.2,8.1,6.75,0.0,3.6500000000000004,6.666666666666667,1.0,3.0,0.0,5.0,6.0,,,,162.0,15.0,0.0,0.0,27.0,42.2,0.3333333333333333,6.0,5.0,1.0,0.0,0.0,,,,True,True,UNKNOWN,False,False,NPB,2026-08-27 18:00:00,1,,,0,
2021039338,2026-08-27 18:00:00,中日ドラゴンズ,阪神タイガース,3.0,4.0,UNKNOWN,バンテリンドーム ナゴヤ,unknown,low,False,False,2110265,2108462,[],[],,,,,0,light,2026-08-27T09:00:00+00:00,,UNKNOWN,,,,UNKNOWN,UNKNOWN,,UNKNOWN,,13.5,3.5,9.0,0.0,4.5,7.7,2.0,3.0,7.0,1.0,0.0,2.0,,,,2.5714285714285716,1.4285714285714286,10.285714285714286,2.5714285714285716,0.0,1.7714285714285716,7.0,2.0,8.0,0.0,2.0,8.0,,,,True,True,UNKNOWN,False,False,NPB,2026-08-27 18:00:00,1,,,0,
2021039339,2026-08-27 18:00:00,広島東洋カープ,横浜DeNAベイスターズ,1.0,6.0,UNKNOWN,MAZDA Zoom-Zoom スタジアム広島,unknown,low,False,False,2105232,2000060,[],[],,,,,0,light,2026-08-27T09:00:00+00:00,,UNKNOWN,,,,UNKNOWN,UNKNOWN,,UNKNOWN,,1.5,1.0,10.5,6.0,0.0,2.8666666666666667,6.0,1.0,2.0,0.0,4.0,7.0,,,,8.1,1.2,8.1,0.0,1.3499999999999999,3.35,6.666666666666667,6.0,8.0,1.0,0.0,6.0,,,,True,True,UNKNOWN,False,False,NPB,2026-08-27 18:00:00,1,,,0,
2021039340,2026-08-27 18:00:00,千葉ロッテマリーンズ,福岡ソフトバンクホークス,2.0,4.0,UNKNOWN,ZOZOマリンスタジアム,unknown,low,False,False,1800043,2100442,[],[],,,,,0,light,2026-08-27T09:00:00+00:00,,UNKNOWN,,,,UNKNOWN,UNKNOWN,,UNKNOWN,,3.0,1.1666666666666667,13.5,0.0,1.5,2.3666666666666667,6.0,2.0,7.0,1.0,0.0,9.0,,,,7.2,2.2,7.2,5.4,0.0,3.4000000000000004,5.0,4.0,8.0,0.0,3.0,4.0,,,,True,True,UNKNOWN,False,False,NPB,2026-08-27 18:00:00,1,,,0,
2021039341,2026-08-27 18:00:00,オリックス・バファローズ,東北楽天ゴールデンイーグルス,4.0,12.0,UNKNOWN,京セラドーム大阪,unknown,low,False,False,700049,2108148,[],[],,,,,0,light,2026-08-27T09:00:00+00:00,,UNKNOWN,,,,UNKNOWN,UNKNOWN,,UNKNOWN,,0.0,0.6666666666666666,10.5,1.5,0.0,1.366666666666667,6.0,0.0,3.0,0.0,1.0,7.0,,,,27.0,4.125,6.75,10.125,0.0,5.075,2.6666666666666665,8.0,8.0,0.0,3.0,2.0,,,,True,True,UNKNOWN,False,False,NPB,2026-08-27 18:00:00,1,,,0,
2021039342,2026-08-28 18:00:00,横浜DeNAベイスターズ,中日ドラゴンズ,4.0,2.0,UNKNOWN,横浜スタジアム,unknown,low,False,False,2000042,1700134,[],[],,,,,0,light,2026-08-28T09:00:00+00:00,,UNKNOWN,,,,UNKNOWN,UNKNOWN,,UNKNOWN,,1.2857142857142858,0.2857142857142857,10.285714285714286,1.2857142857142858,0.0,1.342857142857143,7.0,1.0,1.0,0.0,1.0,8.0,,,,3.375,1.3125,10.125,3.375,1.6875,4.5125,5.333333333333333,2.0,5.0,1.0,2.0,6.0,,,,True,True,UNKNOWN,False,False,NPB,2026-08-28 18:00:00,1,,,0,
2021039343,2026-08-28 18:00:00,阪神タイガース,読売ジャイアンツ,4.0,1.0,UNKNOWN,阪神甲子園球場,unknown,low,False,False,1961886,2000055,[],[],,,,,0,light,2026-08-28T09:00:00+00:00,,UNKNOWN,,,,UNKNOWN,UNKNOWN,,UNKNOWN,,9.0,2.3333333333333335,6.0,9.0,3.0,9.2,3.0,3.0,4.0,1.0,3.0,2.0,,,,1.2857142857142858,0.5714285714285714,6.428571428571429,0.0,0.0,1.7714285714285716,7.0,1.0,4.0,0.0,0.0,5.0,,,,True,True,UNKNOWN,False,False,NPB,2026-08-28 18:00:00,1,,,0,
2021039344,2026-08-28 18:00:00,広島東洋カープ,東京ヤクルトスワローズ,1.0,3.0,UNKNOWN,MAZDA Zoom-Zoom スタジアム広島,unknown,low,False,False,1900024,1900052,[],[],,,,,0,light,2026-08-28T09:00:00+00:00,,UNKNOWN,,,,UNKNOWN,UNKNOWN,,UNKNOWN,,1.125,0.625,5.625,0.0,0.0,1.9500000000000002,8.0,1.0,5.0,0.0,0.0,5.0,,,,4.5,1.5,4.5,6.0,0.0,4.2,6.0,3.0,5.0,0.0,4.0,3.0,,,,True,True,UNKNOWN,False,False,NPB,2026-08-28 18:00:00,1,,,0,
2021039345,2026-08-28 18:00:00,北海道日本ハムファイターズ,千葉ロッテマリーンズ,6.0,4.0,UNKNOWN,エスコンフィールドHOKKAIDO,unknown,low,False,False,1800052,1750903,[],[],,,,,0,light,2026-08-28T09:00:00+00:00,,UNKNOWN,,,,UNKNOWN,UNKNOWN,,UNKNOWN,,10.8,1.4,10.8,1.8,3.6,6.6,5.0,6.0,6.0,2.0,1.0,6.0,,,,5.3999999999999995,1.05,12.149999999999999,1.3499999999999999,2.6999999999999997,4.85,6.666666666666667,4.0,6.0,2.0,1.0,9.0,,,,True,True,UNKNOWN,False,False,NPB,2026-08-28 18:00:00,1,,,0,
2021039346,2026-08-28 18:00:00,埼玉西武ライオンズ,東北楽天ゴールデンイーグルス,8.0,4.0,UNKNOWN,ベルーナドーム,unknown,low,False,False,1900117,1400182,[],[],,,,,0,light,2026-08-28T09:00:00+00:00,,UNKNOWN,,,,UNKNOWN,UNKNOWN,,UNKNOWN,,9.0,1.3333333333333333,3.0,1.5,1.5,5.2,6.0,6.0,7.0,1.0,1.0,2.0,,,,5.3999999999999995,1.2,13.5,5.3999999999999995,1.3499999999999999,3.95,6.666666666666667,4.0,4.0,1.0,4.0,10.0,,,,True,True,UNKNOWN,False,False,NPB,2026-08-28 18:00:00,1,,,0,
2021039347,2026-08-28 18:00:00,オリックス・バファローズ,福岡ソフトバンクホークス,0.0,2.0,UNKNOWN,京セラドーム大阪,unknown,low,False,False,2104078,2108177,[],[],,,,,0,light,2026-08-28T09:00:00+00:00,,UNKNOWN,,,,UNKNOWN,UNKNOWN,,UNKNOWN,,0.0,0.7142857142857143,7.714285714285714,1.2857142857142858,0.0,1.9142857142857144,7.0,0.0,4.0,0.0,1.0,6.0,,,,3.0,0.6666666666666666,9.0,1.5,0.0,1.7000000000000002,6.0,2.0,3.0,0.0,1.0,6.0,,,,True,True,UNKNOWN,False,False,NPB,2026-08-28 18:00:00,1,,,0,
2021039351,2026-08-29 14:00:00,北海道日本ハムファイターズ,千葉ロッテマリーンズ,9.0,7.0,UNKNOWN,エスコンフィールドHOKKAIDO,excluded,high,False,False,2103904,2100085,[],[],,,,,0,light,2026-08-29T05:00:00+00:00,,UNKNOWN,,,,UNKNOWN,UNKNOWN,,UNKNOWN,,13.5,2.0,11.25,6.75,2.25,6.2,4.0,6.0,5.0,1.0,3.0,5.0,,,,9.0,2.0,4.5,9.0,4.5,11.7,4.0,4.0,4.0,2.0,4.0,2.0,,,,True,True,UNKNOWN,False,False,NPB,2026-08-29 14:00:00,1,,,0,
2021039352,2026-08-29 17:00:00,埼玉西武ライオンズ,東北楽天ゴールデンイーグルス,1.0,0.0,UNKNOWN,ベルーナドーム,unknown,low,False,False,2000121,1751148,[],[],,,,,0,light,2026-08-29T08:00:00+00:00,,UNKNOWN,,,,UNKNOWN,UNKNOWN,,UNKNOWN,,1.125,0.375,3.375,0.0,1.125,4.075,8.0,1.0,3.0,1.0,0.0,3.0,,,,0.0,0.4444444444444444,7.0,1.0,0.0,1.9777777777777779,9.0,0.0,3.0,0.0,1.0,7.0,,,,True,True,UNKNOWN,False,False,NPB,2026-08-29 17:00:00,1,,,0,
2021039348,2026-08-29 18:00:00,横浜DeNAベイスターズ,中日ドラゴンズ,1.0,0.0,UNKNOWN,横浜スタジアム,unknown,low,False,False,2100961,1300031,[],[],,,,,0,light,2026-08-29T09:00:00+00:00,,UNKNOWN,,,,UNKNOWN,UNKNOWN,,UNKNOWN,,1.5,1.1666666666666667,7.5,3.0,1.5,4.7,6.0,1.0,5.0,1.0,2.0,5.0,,,,0.0,1.3125,15.1875,3.375,0.0,0.9500000000000002,5.333333333333333,0.0,5.0,0.0,2.0,9.0,,,,True,True,UNKNOWN,False,False,NPB,2026-08-29 18:00:00,1,,,0,
2021039349,2026-08-29 18:00:00,阪神タイガース,読売ジャイアンツ,4.0,1.0,UNKNOWN,阪神甲子園球場,unknown,low,False,False,700069,1700137,[],[],,,,,0,light,2026-08-29T09:00:00+00:00,,UNKNOWN,,,,UNKNOWN,UNKNOWN,,UNKNOWN,,5.785714285714286,2.142857142857143,9.642857142857142,5.785714285714286,0.0,2.9857142857142858,4.666666666666667,3.0,7.0,0.0,3.0,5.0,,,,0.0,0.5,3.0,0.0,0.0,2.5333333333333337,6.0,0.0,3.0,0.0,0.0,2.0,,,,True,True,UNKNOWN,False,False,NPB,2026-08-29 18:00:00,1,,,0,
2021039350,2026-08-29 18:00:00,広島東洋カープ,東京ヤクルトスワローズ,1.0,9.0,UNKNOWN,MAZDA Zoom-Zoom スタジアム広島,unknown,low,False,False,1500042,1900057,[],[],,,,,0,light,2026-08-29T09:00:00+00:00,,UNKNOWN,,,,UNKNOWN,UNKNOWN,,UNKNOWN,,0.0,1.2,16.2,9.0,0.0,2.6,5.0,0.0,1.0,0.0,5.0,9.0,,,,6.75,2.0,15.75,2.25,0.0,0.4500000000000002,4.0,3.0,7.0,0.0,1.0,7.0,,,,True,True,UNKNOWN,False,False,NPB,2026-08-29 18:00:00,1,,,0,
2021039353,2026-08-29 18:00:00,オリックス・バファローズ,福岡ソフトバンクホークス,4.0,3.0,UNKNOWN,京セラドーム大阪,unknown,low,False,False,1550517,1750543,[],[],,,,,0,light,2026-08-29T09:00:00+00:00,,UNKNOWN,,,,UNKNOWN,UNKNOWN,,UNKNOWN,,0.0,1.5,4.5,1.5,0.0,2.7,6.0,0.0,8.0,0.0,1.0,3.0,,,,1.8,1.4,1.8,5.4,0.0,4.6,5.0,1.0,4.0,0.0,3.0,1.0,,,,True,True,UNKNOWN,False,False,NPB,2026-08-29 18:00:00,1,,,0,
2021039357,2026-08-30 13:00:00,北海道日本ハムファイターズ,千葉ロッテマリーンズ,5.0,4.0,UNKNOWN,エスコンフィールドHOKKAIDO,unknown,low,False,False,2102758,1400117,[],[],,,,,0,light,2026-08-30T04:00:00+00:00,,UNKNOWN,,,,UNKNOWN,UNKNOWN,,UNKNOWN,,4.5,1.0,9.0,1.5,3.0,6.033333333333333,6.0,3.0,5.0,2.0,1.0,6.0,,,,3.6,1.8,5.4,3.6,1.8,5.800000000000001,5.0,2.0,7.0,1.0,2.0,3.0,,,,True,True,UNKNOWN,False,False,NPB,2026-08-30 13:00:00,1,,,0,
2021039359,2026-08-30 14:00:00,オリックス・バファローズ,福岡ソフトバンクホークス,3.0,6.0,UNKNOWN,京セラドーム大阪,unknown,low,False,False,2107909,1750595,[],[],,,,,0,light,2026-08-30T05:00:00+00:00,,UNKNOWN,,,,UNKNOWN,UNKNOWN,,UNKNOWN,,3.0,1.1666666666666667,9.0,0.0,1.5,3.3666666666666667,6.0,2.0,7.0,1.0,0.0,6.0,,,,12.0,3.3333333333333335,6.0,0.0,0.0,1.866666666666667,3.0,4.0,10.0,0.0,0.0,2.0,,,,True,True,UNKNOWN,False,False,NPB,2026-08-30 14:00:00,1,,,0,
2021039358,2026-08-30 17:00:00,埼玉西武ライオンズ,東北楽天ゴールデンイーグルス,4.0,1.0,UNKNOWN,ベルーナドーム,unknown,low,False,False,700065,2105080,[],[],,,,,0,light,2026-08-30T08:00:00+00:00,,UNKNOWN,,,,UNKNOWN,UNKNOWN,,UNKNOWN,,5.4,1.4,7.2,1.8,1.8,4.800000000000001,5.0,3.0,6.0,1.0,1.0,4.0,,,,1.125,0.375,7.875,0.0,0.0,1.4500000000000002,8.0,1.0,3.0,0.0,0.0,7.0,,,,True,True,UNKNOWN,False,False,NPB,2026-08-30 17:00:00,1,,,0,
2021039354,2026-08-30 18:00:00,横浜DeNAベイスターズ,中日ドラゴンズ,4.0,3.0,UNKNOWN,横浜スタジアム,unknown,low,False,False,1600106,1850838,[],[],,,,,0,light,2026-08-30T09:00:00+00:00,,UNKNOWN,,,,UNKNOWN,UNKNOWN,,UNKNOWN,,3.0,1.3333333333333333,10.5,1.5,1.5,3.5333333333333337,6.0,2.0,7.0,1.0,1.0,7.0,,,,5.785714285714286,1.7142857142857142,11.571428571428571,1.9285714285714284,0.0,1.2714285714285718,4.666666666666667,3.0,7.0,0.0,1.0,6.0,,,,True,True,UNKNOWN,False,False,NPB,2026-08-30 18:00:00,1,,,0,
2021039355,2026-08-30 18:00:00,阪神タイガース,読売ジャイアンツ,3.0,1.0,UNKNOWN,阪神甲子園球場,unknown,low,False,False,1500074,1600115,[],[],,,,,0,light,2026-08-30T09:00:00+00:00,,UNKNOWN,,,,UNKNOWN,UNKNOWN,,UNKNOWN,,6.75,1.25,4.5,2.25,0.0,2.95,4.0,3.0,4.0,0.0,1.0,2.0,,,,0.0,1.1666666666666667,7.5,3.0,0.0,2.5333333333333337,6.0,0.0,5.0,0.0,2.0,5.0,,,,True,True,UNKNOWN,False,False,NPB,2026-08-30 18:00:00,1,,,0,
2021039356,2026-08-30 18:00:00,広島東洋カープ,東京ヤクルトスワローズ,5.0,1.0,UNKNOWN,MAZDA Zoom-Zoom スタジアム広島,excluded,high,False,False,1200076,2103788,[],[],,,,,0,light,2026-08-30T09:00:00+00:00,,UNKNOWN,,,,UNKNOWN,UNKNOWN,,UNKNOWN,,6.0,2.0,0.0,3.0,3.0,8.533333333333333,3.0,2.0,5.0,1.0,1.0,0.0,,,,1.4210526315789473,0.6315789473684211,4.2631578947368425,0.0,1.4210526315789473,4.305263157894737,6.333333333333333,1.0,4.0,1.0,0.0,3.0,,,,True,True,UNKNOWN,False,False,NPB,2026-08-30 18:00:00,1,,,0,
2021039360,2026-09-01 18:00:00,読売ジャイアンツ,横浜DeNAベイスターズ,4.0,3.0,UNKNOWN,京セラドーム大阪,excluded,high,False,False,2112182,1800028,[],[],,,,,0,light,2026-09-01T09:00:00+00:00,,UNKNOWN,,,,UNKNOWN,UNKNOWN,,UNKNOWN,,4.5,1.0,9.0,0.0,0.0,1.2000000000000002,6.0,3.0,6.0,0.0,0.0,6.0,,,,3.6,1.6,9.0,5.4,1.8,5.6,5.0,2.0,5.0,1.0,3.0,5.0,,,,True,True,UNKNOWN,False,False,NPB,2026-09-01 18:00:00,1,,,0,
2021039361,2026-09-01 18:00:00,東京ヤクルトスワローズ,阪神タイガース,2.0,6.0,UNKNOWN,明治神宮野球場,unknown,low,False,False,1700078,2103794,[],[],,,,,0,light,2026-09-01T09:00:00+00:00,,UNKNOWN,,,,UNKNOWN,UNKNOWN,,UNKNOWN,,2.8421052631578947,1.4210526315789473,7.105263157894737,4.2631578947368425,0.0,3.042105263157895,6.333333333333333,2.0,6.0,0.0,3.0,5.0,,,,7.714285714285714,1.7142857142857142,3.857142857142857,2.5714285714285716,2.5714285714285716,6.914285714285715,7.0,6.0,10.0,2.0,2.0,3.0,,,,True,True,UNKNOWN,False,False,NPB,2026-09-01 18:00:00,1,,,0,
2021039362,2026-09-01 18:00:00,中日ドラゴンズ,広島東洋カープ,1.0,5.0,UNKNOWN,バンテリンドーム ナゴヤ,unknown,low,False,False,1600123,1000138,[],[],,,,,0,light,2026-09-01T09:00:00+00:00,,UNKNOWN,,,,UNKNOWN,UNKNOWN,,UNKNOWN,,1.125,0.75,2.25,2.25,1.125,5.075,8.0,1.0,4.0,1.0,2.0,2.0,,,,2.6999999999999997,1.5,2.6999999999999997,6.75,0.0,4.85,6.666666666666667,2.0,5.0,0.0,5.0,2.0,,,,True,True,UNKNOWN,False,False,NPB,2026-09-01 18:00:00,1,,,0,
2021039363,2026-09-01 18:00:00,北海道日本ハムファイターズ,福岡ソフトバンクホークス,2.0,1.0,UNKNOWN,エスコンフィールドHOKKAIDO,unknown,low,False,False,1700011,1400195,[],[],,,,,0,light,2026-09-01T09:00:00+00:00,,UNKNOWN,,,,UNKNOWN,UNKNOWN,,UNKNOWN,,1.125,0.5,1.125,1.125,1.125,4.95,8.0,1.0,3.0,1.0,1.0,1.0,,,,1.2857142857142858,0.8571428571428571,0.0,3.857142857142857,0.0,4.485714285714286,7.0,1.0,3.0,0.0,3.0,0.0,,,,True,True,UNKNOWN,False,False,NPB,2026-09-01 18:00:00,1,,,0,
2021039364,2026-09-01 18:00:00,東北楽天ゴールデンイーグルス,オリックス・バファローズ,5.0,1.0,UNKNOWN,こまちスタジアム,unknown,low,False,False,1300058,1950716,[],[],,,,,0,light,2026-09-01T09:00:00+00:00,,UNKNOWN,,,,UNKNOWN,UNKNOWN,,UNKNOWN,,5.4,2.0,0.0,9.0,1.8,8.8,5.0,3.0,5.0,1.0,5.0,0.0,,,,0.0,1.1666666666666667,12.0,4.5,0.0,2.033333333333333,6.0,0.0,4.0,0.0,3.0,8.0,,,,True,True,UNKNOWN,False,False,NPB,2026-09-01 18:00:00,1,,,0,
2021039365,2026-09-01 18:00:00,千葉ロッテマリーンズ,埼玉西武ライオンズ,1.0,0.0,UNKNOWN,ZOZOマリンスタジアム,unknown,low,False,False,1700124,2105534,[],[],,,,,0,light,2026-09-01T09:00:00+00:00,,UNKNOWN,,,,UNKNOWN,UNKNOWN,,UNKNOWN,,1.2857142857142858,0.8571428571428571,10.285714285714286,0.0,0.0,0.9142857142857146,7.0,1.0,6.0,0.0,0.0,8.0,,,,0.0,0.5714285714285714,10.285714285714286,2.5714285714285716,0.0,1.7714285714285716,7.0,0.0,2.0,0.0,2.0,8.0,,,,True,True,UNKNOWN,False,False,NPB,2026-09-01 18:00:00,1,,,0,
2021039366,2026-09-02 18:00:00,読売ジャイアンツ,横浜DeNAベイスターズ,1.0,2.0,UNKNOWN,京セラドーム大阪,unknown,low,False,False,1700058,1850035,[],[],,,,,0,light,2026-09-02T09:00:00+00:00,,UNKNOWN,,,,UNKNOWN,UNKNOWN,,UNKNOWN,,1.2857142857142858,0.5714285714285714,9.0,0.0,0.0,1.2000000000000002,7.0,1.0,4.0,0.0,0.0,7.0,,,,0.0,1.1666666666666667,15.0,6.0,0.0,1.866666666666667,6.0,0.0,3.0,0.0,4.0,10.0,,,,True,True,UNKNOWN,False,False,NPB,2026-09-02 18:00:00,1,,,0,
2021039367,2026-09-02 18:00:00,東京ヤクルトスワローズ,阪神タイガース,5.0,3.0,UNKNOWN,明治神宮野球場,unknown,low,False,False,900062,2000025,[],[],,,,,0,light,2026-09-02T09:00:00+00:00,,UNKNOWN,,,,UNKNOWN,UNKNOWN,,UNKNOWN,,10.799999999999999,3.0,8.1,8.1,0.0,4.1,3.3333333333333335,4.0,7.0,0.0,3.0,3.0,,,,2.5714285714285716,0.42857142857142855,11.571428571428571,1.2857142857142858,0.0,1.0571428571428574,7.0,2.0,2.0,0.0,1.0,9.0,,,,True,True,UNKNOWN,False,False,NPB,2026-09-02 18:00:00,1,,,0,
2021039368,2026-09-02 18:00:00,中日ドラゴンズ,広島東洋カープ,5.0,4.0,UNKNOWN,バンテリンドーム ナゴヤ,allstar,high,False,True,1900073,500014,[],[],,,,,0,light,2026-09-02T09:00:00+00:00,,UNKNOWN,,,,UNKNOWN,UNKNOWN,,UNKNOWN,,3.6,1.6,5.4,1.8,1.8,5.2,5.0,2.0,7.0,1.0,1.0,3.0,,,,7.2,1.2,5.4,0.0,1.8,4.6,5.0,4.0,6.0,1.0,0.0,3.0,,,,True,True,UNKNOWN,False,False,NPB,2026-09-02 18:00:00,1,,,0,
2021039369,2026-09-02 18:00:00,北海道日本ハムファイターズ,福岡ソフトバンクホークス,1.0,1.0,UNKNOWN,エスコンフィールドHOKKAIDO,unknown,low,False,False,1100099,2050307,[],[],,,,,0,light,2026-09-02T09:00:00+00:00,,UNKNOWN,,,,UNKNOWN,UNKNOWN,,UNKNOWN,,1.125,1.25,11.25,3.375,1.125,3.45,8.0,1.0,7.0,1.0,3.0,10.0,,,,1.125,0.5,11.25,2.25,0.0,1.4500000000000002,8.0,1.0,2.0,0.0,2.0,10.0,,,,True,True,UNKNOWN,False,False,NPB,2026-09-02 18:00:00,1,,,0,
2021039370,2026-09-02 18:00:00,東北楽天ゴールデンイーグルス,オリックス・バファローズ,4.0,0.0,UNKNOWN,きたぎんボールパーク,excluded,high,False,False,800080,2106793,[],[],,,,,0,light,2026-09-02T09:00:00+00:00,,UNKNOWN,,,,UNKNOWN,UNKNOWN,,UNKNOWN,,0.0,0.5,9.0,0.0,0.0,1.2000000000000002,2.0,0.0,1.0,0.0,0.0,2.0,,,,0.0,0.875,12.375,0.0,0.0,0.4500000000000002,8.0,0.0,7.0,0.0,0.0,11.0,,,,True,True,UNKNOWN,False,False,NPB,2026-09-02 18:00:00,1,,,0,
2021039371,2026-09-03 18:00:00,東京ヤクルトスワローズ,阪神タイガース,4.0,7.0,UNKNOWN,明治神宮野球場,unknown,low,False,False,2000052,1750894,[],[],,,,,0,light,2026-09-03T09:00:00+00:00,,UNKNOWN,,,,UNKNOWN,UNKNOWN,,UNKNOWN,,1.8,0.8,1.8,0.0,1.8,5.4,5.0,1.0,4.0,1.0,0.0,1.0,,,,12.0,2.0,6.0,3.0,3.0,7.2,3.0,4.0,5.0,1.0,1.0,2.0,,,,True,True,UNKNOWN,False,False,NPB,2026-09-03 18:00:00,1,,,0,
2021039372,2026-09-03 18:00:00,中日ドラゴンズ,広島東洋カープ,2.0,5.0,UNKNOWN,バンテリンドーム ナゴヤ,unknown,low,False,False,2000060,2108462,[],[],,,,,0,light,2026-09-03T09:00:00+00:00,,UNKNOWN,,,,UNKNOWN,UNKNOWN,,UNKNOWN,,2.5714285714285716,1.1428571428571428,12.857142857142858,2.5714285714285716,1.2857142857142858,3.0571428571428574,7.0,2.0,6.0,1.0,2.0,10.0,,,,4.5,1.6666666666666667,9.0,7.5,0.0,3.7,6.0,3.0,5.0,0.0,5.0,6.0,,,,True,True,UNKNOWN,False,False,NPB,2026-09-03 18:00:00,1,,,0,
2021039373,2026-09-04 18:00:00,東京ヤクルトスワローズ,中日ドラゴンズ,1.0,1.0,UNKNOWN,明治神宮野球場,unknown,low,False,False,2000042,1300045,[],[],,,,,0,light,2026-09-04T09:00:00+00:00,,UNKNOWN,,,,UNKNOWN,UNKNOWN,,UNKNOWN,,1.5,1.5,6.0,4.5,1.5,5.533333333333333,6.0,1.0,6.0,1.0,3.0,4.0,,,,1.8,1.2,7.2,1.8,1.8,4.800000000000001,5.0,1.0,5.0,1.0,1.0,4.0,,,,True,True,UNKNOWN,False,False,NPB,2026-09-04 18:00:00,1,,,0,
2021039374,2026-09-04 18:00:00,広島東洋カープ,読売ジャイアンツ,1.0,3.0,UNKNOWN,MAZDA Zoom-Zoom スタジアム広島,excluded,high,False,False,2118993,1900052,[],[],,,,,0,light,2026-09-04T09:00:00+00:00,,UNKNOWN,,,,UNKNOWN,UNKNOWN,,UNKNOWN,,0.0,0.6666666666666666,15.0,3.0,0.0,0.8666666666666667,6.0,0.0,2.0,0.0,2.0,10.0,,,,3.0,1.1666666666666667,3.0,4.5,0.0,4.033333333333333,6.0,2.0,4.0,0.0,3.0,2.0,,,,True,True,UNKNOWN,False,False,NPB,2026-09-04 18:00:00,1,,,0,
2021039375,2026-09-04 18:00:00,東北楽天ゴールデンイーグルス,北海道日本ハムファイターズ,2.0,5.0,UNKNOWN,楽天モバイル 最強パーク宮城,unknown,low,False,False,1750903,2110316,[],[],,,,,0,light,2026-09-04T09:00:00+00:00,,UNKNOWN,,,,UNKNOWN,UNKNOWN,,UNKNOWN,,2.25,0.5,9.0,1.125,2.25,4.825,8.0,2.0,3.0,2.0,1.0,8.0,,,,7.2,2.2,9.0,5.4,1.8,5.6,5.0,4.0,8.0,1.0,3.0,5.0,,,,True,True,UNKNOWN,False,False,NPB,2026-09-04 18:00:00,1,,,0,
2021039376,2026-09-04 18:00:00,オリックス・バファローズ,千葉ロッテマリーンズ,3.0,1.0,UNKNOWN,京セラドーム大阪,unknown,low,False,False,2103904,1750543,[],[],,,,,0,light,2026-09-04T09:00:00+00:00,,UNKNOWN,,,,UNKNOWN,UNKNOWN,,UNKNOWN,,3.6,2.0,5.4,3.6,0.0,3.2,5.0,2.0,8.0,0.0,2.0,3.0,,,,1.8,1.4,5.4,5.4,0.0,3.8000000000000003,5.0,1.0,4.0,0.0,3.0,3.0,,,,True,True,UNKNOWN,False,False,NPB,2026-09-04 18:00:00,1,,,0,
2021039377,2026-09-04 18:00:00,福岡ソフトバンクホークス,埼玉西武ライオンズ,8.0,2.0,UNKNOWN,みずほPayPayドーム福岡,unknown,low,False,False,1400182,2104078,[],[],,,,,0,light,2026-09-04T09:00:00+00:00,,UNKNOWN,,,,UNKNOWN,UNKNOWN,,UNKNOWN,,13.5,3.5,0.0,13.5,4.5,14.2,2.0,3.0,4.0,1.0,3.0,0.0,,,,5.3999999999999995,2.6999999999999997,5.3999999999999995,5.3999999999999995,0.0,3.8000000000000003,3.3333333333333335,2.0,7.0,0.0,2.0,2.0,,,,True,True,UNKNOWN,False,False,NPB,2026-09-04 18:00:00,1,,,0,
2021039382,2026-09-05 14:00:00,オリックス・バファローズ,千葉ロッテマリーンズ,7.0,6.0,UNKNOWN,京セラドーム大阪,unknown,low,False,False,1800052,2108177,[],[],,,,,0,light,2026-09-05T05:00:00+00:00,,UNKNOWN,,,,UNKNOWN,UNKNOWN,,UNKNOWN,,3.375,1.875,11.8125,3.375,0.0,1.7000000000000002,5.333333333333333,2.0,8.0,0.0,2.0,7.0,,,,6.0,1.0,15.0,0.0,1.5,2.033333333333333,6.0,4.0,6.0,1.0,0.0,10.0,,,,True,True,UNKNOWN,False,False,NPB,2026-09-05 14:00:00,1,,,0,
2021039383,2026-09-05 14:00:00,福岡ソフトバンクホークス,埼玉西武ライオンズ,2.0,0.0,UNKNOWN,みずほPayPayドーム福岡,unknown,low,False,False,1751148,1550517,[],[],,,,,0,light,2026-09-05T05:00:00+00:00,,UNKNOWN,,,,UNKNOWN,UNKNOWN,,UNKNOWN,,2.5714285714285716,1.0,9.0,1.2857142857142858,0.0,1.6285714285714288,7.0,2.0,6.0,0.0,1.0,7.0,,,,0.0,0.7142857142857143,7.714285714285714,1.2857142857142858,0.0,1.9142857142857144,7.0,0.0,4.0,0.0,1.0,6.0,,,,True,True,UNKNOWN,False,False,NPB,2026-09-05 14:00:00,1,,,0,
2021039378,2026-09-05 18:00:00,東京ヤクルトスワローズ,中日ドラゴンズ,4.0,8.0,UNKNOWN,明治神宮野球場,unknown,low,False,False,2100961,1500042,[],[],,,,,0,light,2026-09-05T09:00:00+00:00,,UNKNOWN,,,,UNKNOWN,UNKNOWN,,UNKNOWN,,6.0,1.0,7.5,3.0,1.5,4.7,6.0,4.0,4.0,1.0,2.0,5.0,,,,6.0,1.1666666666666667,6.0,0.0,4.5,8.366666666666667,6.0,4.0,7.0,3.0,0.0,4.0,,,,True,True,UNKNOWN,False,False,NPB,2026-09-05 18:00:00,1,,,0,
2021039379,2026-09-05 18:00:00,阪神タイガース,横浜DeNAベイスターズ,2.0,3.0,UNKNOWN,阪神甲子園球場,unknown,low,False,False,1700134,2000055,[],[],,,,,0,light,2026-09-05T09:00:00+00:00,,UNKNOWN,,,,UNKNOWN,UNKNOWN,,UNKNOWN,,3.176470588235294,1.2352941176470587,7.941176470588235,3.176470588235294,1.588235294117647,4.788235294117647,5.666666666666667,2.0,5.0,1.0,2.0,5.0,,,,3.857142857142857,0.8571428571428571,5.142857142857143,0.0,1.2857142857142858,3.9142857142857146,7.0,3.0,6.0,1.0,0.0,4.0,,,,True,True,UNKNOWN,False,False,NPB,2026-09-05 18:00:00,1,,,0,
2021039380,2026-09-05 18:00:00,広島東洋カープ,読売ジャイアンツ,5.0,10.0,UNKNOWN,MAZDA Zoom-Zoom スタジアム広島,unknown,low,False,False,700069,1900057,[],[],,,,,0,light,2026-09-05T09:00:00+00:00,,UNKNOWN,,,,UNKNOWN,UNKNOWN,,UNKNOWN,,3.0,2.0,3.0,6.0,3.0,8.866666666666667,3.0,1.0,4.0,1.0,2.0,1.0,,,,2.25,1.5,13.5,4.5,2.25,4.95,4.0,1.0,4.0,1.0,2.0,6.0,,,,True,True,UNKNOWN,False,False,NPB,2026-09-05 18:00:00,1,,,0,
2021039381,2026-09-05 18:00:00,東北楽天ゴールデンイーグルス,北海道日本ハムファイターズ,2.0,5.0,UNKNOWN,楽天モバイル 最強パーク宮城,unknown,low,False,False,2000079,2000121,[],[],,,,,0,light,2026-09-05T09:00:00+00:00,,UNKNOWN,,,,UNKNOWN,UNKNOWN,,UNKNOWN,,1.2857142857142858,1.1428571428571428,5.142857142857143,0.0,0.0,2.0571428571428574,7.0,1.0,8.0,0.0,0.0,4.0,,,,7.5,1.0,6.0,3.0,3.0,7.2,6.0,5.0,4.0,2.0,2.0,4.0,,,,True,True,UNKNOWN,False,False,NPB,2026-09-05 18:00:00,1,,,0,
2021039388,2026-09-06 13:00:00,オリックス・バファローズ,千葉ロッテマリーンズ,0.0,3.0,UNKNOWN,京セラドーム大阪,excluded,high,False,False,1860063,1750595,[],[],,,,,0,light,2026-09-06T04:00:00+00:00,,UNKNOWN,,,,UNKNOWN,UNKNOWN,,UNKNOWN,,0.0,0.7142857142857143,5.142857142857143,5.142857142857143,0.0,3.7714285714285714,7.0,0.0,1.0,0.0,4.0,4.0,,,,5.4,1.6,5.4,3.6,1.8,5.800000000000001,5.0,3.0,6.0,1.0,2.0,3.0,,,,True,True,UNKNOWN,False,False,NPB,2026-09-06 13:00:00,1,,,0,
2021039389,2026-09-06 13:00:00,福岡ソフトバンクホークス,埼玉西武ライオンズ,2.0,5.0,UNKNOWN,みずほPayPayドーム福岡,unknown,low,False,False,2105080,1800043,[],[],,,,,0,light,2026-09-06T04:00:00+00:00,,UNKNOWN,,,,UNKNOWN,UNKNOWN,,UNKNOWN,,1.5,1.5,4.5,4.5,0.0,3.7,6.0,1.0,6.0,0.0,3.0,3.0,,,,7.5,1.5,6.0,3.0,3.0,7.2,6.0,5.0,7.0,2.0,2.0,4.0,,,,True,True,UNKNOWN,False,False,NPB,2026-09-06 13:00:00,1,,,0,
2021039387,2026-09-06 16:00:00,東北楽天ゴールデンイーグルス,北海道日本ハムファイターズ,3.0,6.0,UNKNOWN,楽天モバイル 最強パーク宮城,unknown,low,False,False,1400117,1900117,[],[],,,,,0,light,2026-09-06T07:00:00+00:00,,UNKNOWN,,,,UNKNOWN,UNKNOWN,,UNKNOWN,,3.0,1.1666666666666667,6.0,3.0,0.0,2.8666666666666667,6.0,2.0,5.0,0.0,2.0,4.0,,,,10.125,1.875,0.0,1.6875,3.375,8.6375,5.333333333333333,6.0,9.0,2.0,1.0,0.0,,,,True,True,UNKNOWN,False,False,NPB,2026-09-06 16:00:00,1,,,0,
2021039385,2026-09-06 18:00:00,阪神タイガース,横浜DeNAベイスターズ,1.0,4.0,UNKNOWN,阪神甲子園球場,excluded,high,False,False,1650915,1700137,[],[],,,,,0,light,2026-09-06T09:00:00+00:00,,UNKNOWN,,,,UNKNOWN,UNKNOWN,,UNKNOWN,,1.6875,0.9375,5.0625,1.6875,1.6875,5.075,5.333333333333333,1.0,4.0,1.0,1.0,3.0,,,,13.5,4.0,13.5,9.0,0.0,3.2,2.0,3.0,6.0,0.0,2.0,3.0,,,,True,True,UNKNOWN,False,False,NPB,2026-09-06 18:00:00,1,,,0,
2021039386,2026-09-06 18:00:00,広島東洋カープ,読売ジャイアンツ,0.0,4.0,UNKNOWN,MAZDA Zoom-Zoom スタジアム広島,unknown,low,False,False,1500074,2103788,[],[],,,,,0,light,2026-09-06T09:00:00+00:00,,UNKNOWN,,,,UNKNOWN,UNKNOWN,,UNKNOWN,,0.0,0.7777777777777778,4.0,3.0,0.0,3.3111111111111113,9.0,0.0,4.0,0.0,3.0,4.0,,,,5.684210526315789,1.736842105263158,9.947368421052632,5.684210526315789,1.4210526315789473,4.936842105263159,6.333333333333333,4.0,7.0,1.0,4.0,7.0,,,,True,True,UNKNOWN,False,False,NPB,2026-09-06 18:00:00,1,,,0,
2021039390,2026-09-08 18:00:00,読売ジャイアンツ,中日ドラゴンズ,0.0,3.0,UNKNOWN,東京ドーム,unknown,low,False,False,1600106,1800028,[],[],,,,,0,light,2026-09-08T09:00:00+00:00,,UNKNOWN,,,,UNKNOWN,UNKNOWN,,UNKNOWN,,0.0,1.5714285714285714,5.142857142857143,6.428571428571429,0.0,4.2,7.0,0.0,6.0,0.0,5.0,4.0,,,,0.0,0.7142857142857143,7.714285714285714,1.2857142857142858,1.2857142857142858,3.7714285714285714,7.0,0.0,4.0,1.0,1.0,6.0,,,,True,True,UNKNOWN,False,False,NPB,2026-09-08 18:00:00,1,,,0,
2021039391,2026-09-08 18:00:00,横浜DeNAベイスターズ,東京ヤクルトスワローズ,1.0,3.0,UNKNOWN,横浜スタジアム,unknown,low,False,False,1900024,1700058,[],[],,,,,0,light,2026-09-08T09:00:00+00:00,,UNKNOWN,,,,UNKNOWN,UNKNOWN,,UNKNOWN,,0.0,1.0,5.625,3.375,0.0,3.075,8.0,0.0,5.0,0.0,3.0,5.0,,,,0.0,1.0,7.714285714285714,2.5714285714285716,0.0,2.342857142857143,7.0,0.0,5.0,0.0,2.0,6.0,,,,True,True,UNKNOWN,False,False,NPB,2026-09-08 18:00:00,1,,,0,
2021039393,2026-09-08 18:00:00,千葉ロッテマリーンズ,東北楽天ゴールデンイーグルス,3.0,2.0,UNKNOWN,ZOZOマリンスタジアム,unknown,low,False,False,700049,2102758,[],[],,,,,0,light,2026-09-08T09:00:00+00:00,,UNKNOWN,,,,UNKNOWN,UNKNOWN,,UNKNOWN,,3.0,1.3333333333333333,7.5,0.0,1.5,3.7,6.0,2.0,8.0,1.0,0.0,5.0,,,,0.0,0.7142857142857143,10.285714285714286,0.0,0.0,0.9142857142857146,7.0,0.0,5.0,0.0,0.0,8.0,,,,True,True,UNKNOWN,False,False,NPB,2026-09-08 18:00:00,1,,,0,
2021039394,2026-09-08 18:00:00,オリックス・バファローズ,埼玉西武ライオンズ,0.0,2.0,UNKNOWN,京セラドーム大阪,unknown,low,False,False,1700124,2108148,[],[],,,,,0,light,2026-09-08T09:00:00+00:00,,UNKNOWN,,,,UNKNOWN,UNKNOWN,,UNKNOWN,,0.0,0.625,7.875,2.25,0.0,2.2,8.0,0.0,3.0,0.0,2.0,7.0,,,,2.25,1.0,4.5,0.0,0.0,2.2,8.0,2.0,8.0,0.0,0.0,4.0,,,,True,True,UNKNOWN,False,False,NPB,2026-09-08 18:00:00,1,,,0,
2021039395,2026-09-08 18:00:00,福岡ソフトバンクホークス,北海道日本ハムファイターズ,14.0,1.0,UNKNOWN,みずほPayPayドーム福岡,unknown,low,False,False,1400195,1700011,[],[],,,,,0,light,2026-09-08T09:00:00+00:00,,UNKNOWN,,,,UNKNOWN,UNKNOWN,,UNKNOWN,,7.7142857142857135,1.5,11.571428571428571,0.0,3.8571428571428568,6.2,4.666666666666667,4.0,7.0,2.0,0.0,6.0,,,,1.4210526315789473,1.2631578947368423,8.526315789473685,2.8421052631578947,0.0,2.2526315789473683,6.333333333333333,1.0,6.0,0.0,2.0,6.0,,,,True,True,UNKNOWN,False,False,NPB,2026-09-08 18:00:00,1,,,0,
2021039396,2026-09-09 18:00:00,読売ジャイアンツ,中日ドラゴンズ,5.0,1.0,UNKNOWN,東京ドーム,unknown,low,False,False,1000138,2122496,[],[],,,,,0,light,2026-09-09T09:00:00+00:00,,UNKNOWN,,,,UNKNOWN,UNKNOWN,,UNKNOWN,,3.6,1.8,9.0,3.6,1.8,5.0,5.0,2.0,7.0,1.0,2.0,5.0,,,,0.0,0.6666666666666666,15.0,3.0,0.0,0.8666666666666667,3.0,0.0,1.0,0.0,1.0,5.0,,,,True,True,UNKNOWN,False,False,NPB,2026-09-09 18:00:00,1,,,0,
2021039397,2026-09-09 18:00:00,横浜DeNAベイスターズ,東京ヤクルトスワローズ,9.0,2.0,UNKNOWN,横浜スタジアム,unknown,low,False,False,2000025,2112182,[],[],,,,,0,light,2026-09-09T09:00:00+00:00,,UNKNOWN,,,,UNKNOWN,UNKNOWN,,UNKNOWN,,10.125,1.875,5.0625,1.6875,3.375,7.5125,5.333333333333333,6.0,9.0,2.0,1.0,3.0,,,,3.6,2.2,1.8,5.4,0.0,4.6,5.0,2.0,8.0,0.0,3.0,1.0,,,,True,True,UNKNOWN,False,False,NPB,2026-09-09 18:00:00,1,,,0,
2021039398,2026-09-09 18:00:00,阪神タイガース,広島東洋カープ,1.0,3.0,UNKNOWN,阪神甲子園球場,unknown,low,False,False,1600123,1700078,[],[],,,,,0,light,2026-09-09T09:00:00+00:00,,UNKNOWN,,,,UNKNOWN,UNKNOWN,,UNKNOWN,,0.0,0.625,3.375,1.125,0.0,2.825,8.0,0.0,4.0,0.0,1.0,3.0,,,,2.8421052631578947,1.2631578947368423,7.105263157894737,0.0,0.0,1.6210526315789475,6.333333333333333,2.0,8.0,0.0,0.0,5.0,,,,True,True,UNKNOWN,False,False,NPB,2026-09-09 18:00:00,1,,,0,
2021039399,2026-09-09 18:00:00,千葉ロッテマリーンズ,東北楽天ゴールデンイーグルス,10.0,4.0,UNKNOWN,ZOZOマリンスタジアム,unknown,low,False,False,2106793,2100442,[],[],,,,,0,light,2026-09-09T09:00:00+00:00,,UNKNOWN,,,,UNKNOWN,UNKNOWN,,UNKNOWN,,6.0,1.5,10.5,3.0,1.5,4.033333333333333,6.0,4.0,7.0,1.0,2.0,7.0,,,,9.0,2.25,2.25,2.25,0.0,3.45,4.0,4.0,8.0,0.0,1.0,1.0,,,,True,True,UNKNOWN,False,False,NPB,2026-09-09 18:00:00,1,,,0,
2021039400,2026-09-09 18:00:00,オリックス・バファローズ,埼玉西武ライオンズ,0.0,8.0,UNKNOWN,ほっともっとフィールド神戸,excluded,high,False,False,2103657,1300058,[],[],,,,,0,light,2026-09-09T09:00:00+00:00,,UNKNOWN,,,,UNKNOWN,UNKNOWN,,UNKNOWN,,0.0,1.3636363636363638,9.818181818181818,2.4545454545454546,0.0,1.8363636363636364,3.6666666666666665,0.0,4.0,0.0,1.0,4.0,,,,13.5,2.25,2.25,4.5,0.0,4.2,4.0,6.0,7.0,0.0,2.0,1.0,,,,True,True,UNKNOWN,False,False,NPB,2026-09-09 18:00:00,1,,,0,
2021039401,2026-09-09 18:00:00,福岡ソフトバンクホークス,北海道日本ハムファイターズ,5.0,4.0,UNKNOWN,みずほPayPayドーム福岡,unknown,low,False,False,2050307,1100099,[],[],,,,,0,light,2026-09-09T09:00:00+00:00,,UNKNOWN,,,,UNKNOWN,UNKNOWN,,UNKNOWN,,9.818181818181818,1.9090909090909092,12.272727272727273,0.0,4.909090909090909,7.563636363636364,3.6666666666666665,4.0,7.0,2.0,0.0,5.0,,,,4.5,0.8333333333333334,12.0,0.0,1.5,2.7,6.0,3.0,5.0,1.0,0.0,8.0,,,,True,True,UNKNOWN,False,False,NPB,2026-09-09 18:00:00,1,,,0,
2021039402,2026-09-10 18:00:00,読売ジャイアンツ,中日ドラゴンズ,5.0,3.0,UNKNOWN,東京ドーム,unknown,low,False,False,2108462,1900019,[],[],,,,,0,light,2026-09-10T09:00:00+00:00,,UNKNOWN,,,,UNKNOWN,UNKNOWN,,UNKNOWN,,4.5,1.3333333333333333,4.5,3.0,1.5,5.366666666666667,6.0,3.0,6.0,1.0,2.0,3.0,,,,4.2631578947368425,1.105263157894737,12.789473684210527,0.0,0.0,0.3578947368421055,6.333333333333333,3.0,7.0,0.0,0.0,9.0,,,,True,True,UNKNOWN,False,False,NPB,2026-09-10 18:00:00,1,,,0,
2021039403,2026-09-10 18:00:00,横浜DeNAベイスターズ,東京ヤクルトスワローズ,8.0,1.0,UNKNOWN,横浜スタジアム,unknown,low,False,False,2103794,2100109,[],[],,,,,0,light,2026-09-10T09:00:00+00:00,,UNKNOWN,,,,UNKNOWN,UNKNOWN,,UNKNOWN,,12.0,2.3333333333333335,18.0,9.0,6.0,10.866666666666667,3.0,4.0,4.0,2.0,3.0,6.0,,,,0.0,1.1428571428571428,6.428571428571429,3.857142857142857,0.0,3.0571428571428574,7.0,0.0,5.0,0.0,3.0,5.0,,,,True,True,UNKNOWN,False,False,NPB,2026-09-10 18:00:00,1,,,0,
2021039405,2026-09-10 18:00:00,千葉ロッテマリーンズ,東北楽天ゴールデンイーグルス,6.0,1.0,UNKNOWN,ZOZOマリンスタジアム,unknown,low,False,False,700065,2105534,[],[],,,,,0,light,2026-09-10T09:00:00+00:00,,UNKNOWN,,,,UNKNOWN,UNKNOWN,,UNKNOWN,,3.857142857142857,1.4285714285714286,7.714285714285714,1.2857142857142858,1.2857142857142858,3.7714285714285714,7.0,3.0,9.0,1.0,1.0,6.0,,,,1.2857142857142858,0.8571428571428571,7.714285714285714,0.0,1.2857142857142858,3.342857142857143,7.0,1.0,6.0,1.0,0.0,6.0,,,,True,True,UNKNOWN,False,False,NPB,2026-09-10 18:00:00,1,,,0,
2021039406,2026-09-10 18:00:00,オリックス・バファローズ,埼玉西武ライオンズ,4.0,8.0,UNKNOWN,ほっともっとフィールド神戸,unknown,low,False,False,2110118,1750543,[],[],,,,,0,light,2026-09-10T09:00:00+00:00,,UNKNOWN,,,,UNKNOWN,UNKNOWN,,UNKNOWN,,1.8,1.8,3.6,3.6,0.0,3.6,5.0,1.0,7.0,0.0,2.0,2.0,,,,13.5,2.0,6.75,2.25,0.0,2.45,4.0,6.0,7.0,0.0,1.0,3.0,,,,True,True,UNKNOWN,False,False,NPB,2026-09-10 18:00:00,1,,,0,
2021039407,2026-09-10 18:00:00,福岡ソフトバンクホークス,北海道日本ハムファイターズ,3.0,2.0,UNKNOWN,みずほPayPayドーム福岡,unknown,low,False,False,1500110,2107909,[],[],,,,,0,light,2026-09-10T09:00:00+00:00,,UNKNOWN,,,,UNKNOWN,UNKNOWN,,UNKNOWN,,3.857142857142857,1.2857142857142858,3.857142857142857,2.5714285714285716,3.857142857142857,8.771428571428572,7.0,3.0,7.0,3.0,2.0,3.0,,,,1.8,1.2,7.2,7.2,1.8,6.6,5.0,1.0,2.0,1.0,4.0,4.0,,,,True,True,UNKNOWN,False,False,NPB,2026-09-10 18:00:00,1,,,0,
2021039408,2026-09-11 18:00:00,広島東洋カープ,横浜DeNAベイスターズ,1.0,6.0,UNKNOWN,MAZDA Zoom-Zoom スタジアム広島,unknown,low,False,False,2105232,1900052,[],[],,,,,0,light,2026-09-11T09:00:00+00:00,,UNKNOWN,,,,UNKNOWN,UNKNOWN,,UNKNOWN,,1.6875,1.3125,13.5,6.75,0.0,2.45,5.333333333333333,1.0,3.0,0.0,4.0,8.0,,,,0.0,0.7142857142857143,7.714285714285714,1.2857142857142858,0.0,1.9142857142857144,7.0,0.0,4.0,0.0,1.0,6.0,,,,True,True,UNKNOWN,False,False,NPB,2026-09-11 18:00:00,1,,,0,
2021044625,2026-09-11 18:00:00,福岡ソフトバンクホークス,千葉ロッテマリーンズ,11.0,1.0,UNKNOWN,みずほPayPayドーム福岡,unknown,low,False,False,1300080,2104078,[],[],,,,,0,light,2026-09-11T09:00:00+00:00,,UNKNOWN,,,,UNKNOWN,UNKNOWN,,UNKNOWN,,21.599999999999998,3.3,8.1,2.6999999999999997,5.3999999999999995,10.1,3.3333333333333335,8.0,10.0,2.0,1.0,3.0,,,,1.2857142857142858,0.8571428571428571,11.571428571428571,1.2857142857142858,0.0,1.0571428571428574,7.0,1.0,5.0,0.0,1.0,9.0,,,,True,True,UNKNOWN,False,False,NPB,2026-09-11 18:00:00,1,,,0,
2021048140,2026-09-11 18:00:00,オリックス・バファローズ,埼玉西武ライオンズ,5.0,4.0,UNKNOWN,京セラドーム大阪,unknown,low,False,False,1800081,2117673,[],[],,,,,0,light,2026-09-11T09:00:00+00:00,,UNKNOWN,,,,UNKNOWN,UNKNOWN,,UNKNOWN,,4.909090909090909,2.4545454545454546,7.363636363636364,9.818181818181818,0.0,4.836363636363637,3.6666666666666665,2.0,5.0,0.0,4.0,3.0,,,,7.7142857142857135,2.357142857142857,3.8571428571428568,9.642857142857142,3.8571428571428568,11.128571428571428,4.666666666666667,4.0,6.0,2.0,5.0,2.0,,,,True,True,UNKNOWN,False,False,NPB,2026-09-11 18:00:00,1,,,0,
2021039409,2026-09-12 14:00:00,読売ジャイアンツ,阪神タイガース,1.0,0.0,UNKNOWN,東京ドーム,unknown,low,False,False,2000055,2118993,[],[],,,,,0,light,2026-09-12T05:00:00+00:00,,UNKNOWN,,,,UNKNOWN,UNKNOWN,,UNKNOWN,,1.8,1.4,12.6,3.6,0.0,1.6,5.0,1.0,5.0,0.0,2.0,7.0,,,,0.0,0.7142857142857143,12.857142857142858,1.2857142857142858,0.0,0.7714285714285718,7.0,0.0,4.0,0.0,1.0,10.0,,,,True,True,UNKNOWN,False,False,NPB,2026-09-12 14:00:00,1,,,0,
2021039410,2026-09-12 14:00:00,中日ドラゴンズ,東京ヤクルトスワローズ,5.0,6.0,UNKNOWN,バンテリンドーム ナゴヤ,unknown,low,False,False,1300045,500014,[],[],,,,,0,light,2026-09-12T05:00:00+00:00,,UNKNOWN,,,,UNKNOWN,UNKNOWN,,UNKNOWN,,1.8,1.6,5.4,5.4,0.0,3.8000000000000003,5.0,1.0,5.0,0.0,3.0,3.0,,,,12.272727272727273,2.181818181818182,4.909090909090909,2.4545454545454546,2.4545454545454546,6.472727272727273,3.6666666666666665,5.0,7.0,1.0,1.0,2.0,,,,True,True,UNKNOWN,False,False,NPB,2026-09-12 14:00:00,1,,,0,
2021039411,2026-09-12 14:00:00,広島東洋カープ,横浜DeNAベイスターズ,2.0,7.0,UNKNOWN,MAZDA Zoom-Zoom スタジアム広島,unknown,low,False,False,1700134,2000060,[],[],,,,,0,light,2026-09-12T05:00:00+00:00,,UNKNOWN,,,,UNKNOWN,UNKNOWN,,UNKNOWN,,2.3478260869565215,0.6521739130434783,5.869565217391304,1.1739130434782608,1.1739130434782608,3.982608695652174,7.666666666666667,2.0,4.0,1.0,1.0,5.0,,,,7.2,1.8,9.0,1.8,1.8,4.4,5.0,4.0,8.0,1.0,1.0,5.0,,,,True,True,UNKNOWN,False,False,NPB,2026-09-12 14:00:00,1,,,0,
2021039413,2026-09-12 14:00:00,オリックス・バファローズ,東北楽天ゴールデンイーグルス,5.0,3.0,UNKNOWN,京セラドーム大阪,unknown,low,False,False,2000121,2108177,[],[],,,,,0,light,2026-09-12T05:00:00+00:00,,UNKNOWN,,,,UNKNOWN,UNKNOWN,,UNKNOWN,,5.4,2.0,3.6,1.8,0.0,3.0,5.0,3.0,9.0,0.0,1.0,2.0,,,,3.375,1.5,6.75,8.4375,0.0,4.5125,5.333333333333333,2.0,3.0,0.0,5.0,4.0,,,,True,True,UNKNOWN,False,False,NPB,2026-09-12 14:00:00,1,,,0,
2021039414,2026-09-12 14:00:00,福岡ソフトバンクホークス,千葉ロッテマリーンズ,5.0,4.0,UNKNOWN,みずほPayPayドーム福岡,excluded,high,False,False,1800052,2117128,[],[],,,,,0,light,2026-09-12T05:00:00+00:00,,UNKNOWN,,,,UNKNOWN,UNKNOWN,,UNKNOWN,,6.428571428571429,2.142857142857143,7.714285714285714,6.428571428571429,1.2857142857142858,5.485714285714286,7.0,5.0,10.0,1.0,5.0,6.0,,,,1.8,1.0,7.2,0.0,1.8,4.2,5.0,1.0,5.0,1.0,0.0,4.0,,,,True,True,UNKNOWN,False,False,NPB,2026-09-12 14:00:00,1,,,0,
2021039412,2026-09-12 18:00:00,埼玉西武ライオンズ,北海道日本ハムファイターズ,3.0,3.0,UNKNOWN,ベルーナドーム,unknown,low,False,False,2000079,1751148,[],[],,,,,0,light,2026-09-12T09:00:00+00:00,,UNKNOWN,,,,UNKNOWN,UNKNOWN,,UNKNOWN,,3.375,1.25,1.125,0.0,0.0,2.95,8.0,3.0,10.0,0.0,0.0,1.0,,,,2.25,0.75,9.0,0.0,1.125,2.825,8.0,2.0,6.0,1.0,0.0,8.0,,,,True,True,UNKNOWN,False,False,NPB,2026-09-12 18:00:00,1,,,0,
2021039419,2026-09-13 13:30:00,福岡ソフトバンクホークス,千葉ロッテマリーンズ,7.0,4.0,UNKNOWN,みずほPayPayドーム福岡,unknown,low,False,False,1860063,1800043,[],[],,,,,0,light,2026-09-13T04:30:00+00:00,,UNKNOWN,,,,UNKNOWN,UNKNOWN,,UNKNOWN,,11.25,2.5,9.0,9.0,2.25,7.45,4.0,5.0,6.0,1.0,4.0,4.0,,,,9.0,2.5,6.75,9.0,2.25,7.95,4.0,4.0,6.0,1.0,4.0,3.0,,,,True,True,UNKNOWN,False,False,NPB,2026-09-13 13:30:00,1,,,0,
2021039418,2026-09-13 17:00:00,埼玉西武ライオンズ,北海道日本ハムファイターズ,1.0,7.0,UNKNOWN,ベルーナドーム,unknown,low,False,False,1400117,2105080,[],[],,,,,0,light,2026-09-13T08:00:00+00:00,,UNKNOWN,,,,UNKNOWN,UNKNOWN,,UNKNOWN,,1.5,1.1666666666666667,6.0,0.0,1.5,4.033333333333333,6.0,1.0,7.0,1.0,0.0,4.0,,,,11.8125,2.0625,3.375,3.375,3.375,8.45,5.333333333333333,7.0,9.0,2.0,2.0,2.0,,,,True,True,UNKNOWN,False,False,NPB,2026-09-13 17:00:00,1,,,0,
2021039415,2026-09-13 18:00:00,東京ヤクルトスワローズ,広島東洋カープ,3.0,1.0,UNKNOWN,明治神宮野球場,unknown,low,False,False,2103788,1500042,[],[],,,,,0,light,2026-09-13T09:00:00+00:00,,UNKNOWN,,,,UNKNOWN,UNKNOWN,,UNKNOWN,,4.5,1.25,9.0,0.0,2.25,4.45,4.0,2.0,5.0,1.0,0.0,4.0,,,,0.0,1.0,12.0,3.0,0.0,1.5333333333333334,6.0,0.0,4.0,0.0,2.0,8.0,,,,True,True,UNKNOWN,False,False,NPB,2026-09-13 18:00:00,1,,,0,
2021039416,2026-09-13 18:00:00,横浜DeNAベイスターズ,読売ジャイアンツ,5.0,0.0,UNKNOWN,横浜スタジアム,unknown,low,False,False,1500074,1650915,[],[],,,,,0,light,2026-09-13T09:00:00+00:00,,UNKNOWN,,,,UNKNOWN,UNKNOWN,,UNKNOWN,,9.0,1.25,6.75,2.25,2.25,5.7,4.0,4.0,4.0,1.0,1.0,3.0,,,,0.0,1.2,8.1,4.05,0.0,2.75,6.666666666666667,0.0,5.0,0.0,3.0,6.0,,,,True,True,UNKNOWN,False,False,NPB,2026-09-13 18:00:00,1,,,0,
2021039417,2026-09-13 18:00:00,阪神タイガース,中日ドラゴンズ,0.0,1.0,UNKNOWN,阪神甲子園球場,unknown,low,False,False,2000042,1600115,[],[],,,,,0,light,2026-09-13T09:00:00+00:00,,UNKNOWN,,,,UNKNOWN,UNKNOWN,,UNKNOWN,,0.0,0.6666666666666666,12.0,2.0,0.0,1.2000000000000002,9.0,0.0,4.0,0.0,2.0,12.0,,,,0.0,0.3333333333333333,9.0,0.0,0.0,1.2000000000000002,9.0,0.0,3.0,0.0,0.0,9.0,,,,True,True,UNKNOWN,False,False,NPB,2026-09-13 18:00:00,1,,,0,
2021042970,2026-09-14 18:00:00,東京ヤクルトスワローズ,広島東洋カープ,0.0,3.0,UNKNOWN,明治神宮野球場,unknown,low,False,False,1900057,1750894,[],[],,,,,0,light,2026-09-14T09:00:00+00:00,,UNKNOWN,,,,UNKNOWN,UNKNOWN,,UNKNOWN,,0.0,1.125,5.0625,1.6875,0.0,2.6375,5.333333333333333,0.0,5.0,0.0,1.0,3.0,,,,4.5,1.25,2.25,0.0,0.0,2.7,4.0,2.0,5.0,0.0,0.0,1.0,,,,True,True,UNKNOWN,False,False,NPB,2026-09-14 18:00:00,1,,,0,
2021044568,2026-09-14 18:00:00,阪神タイガース,中日ドラゴンズ,0.0,6.0,UNKNOWN,阪神甲子園球場,unknown,low,False,False,2100961,2000052,[],[],,,,,0,light,2026-09-14T09:00:00+00:00,,UNKNOWN,,,,UNKNOWN,UNKNOWN,,UNKNOWN,,0.0,0.5555555555555556,7.0,1.0,0.0,1.9777777777777779,9.0,0.0,4.0,0.0,1.0,7.0,,,,7.2,0.8,9.0,0.0,3.6,6.4,5.0,4.0,4.0,2.0,0.0,5.0,,,,True,True,UNKNOWN,False,False,NPB,2026-09-14 18:00:00,1,,,0,
2021047474,2026-09-14 18:00:00,横浜DeNAベイスターズ,読売ジャイアンツ,4.0,3.0,UNKNOWN,横浜スタジアム,unknown,low,False,False,1850035,1300031,[],[],,,,,0,light,2026-09-14T09:00:00+00:00,,UNKNOWN,,,,UNKNOWN,UNKNOWN,,UNKNOWN,,6.0,2.0,6.0,0.0,6.0,10.533333333333333,3.0,2.0,6.0,2.0,0.0,2.0,,,,3.6,2.2,5.4,5.4,1.8,6.4,5.0,2.0,8.0,1.0,3.0,3.0,,,,True,True,UNKNOWN,False,False,NPB,2026-09-14 18:00:00,1,,,0,
2021039420,2026-09-15 18:00:00,北海道日本ハムファイターズ,千葉ロッテマリーンズ,6.0,7.0,UNKNOWN,エスコンフィールドHOKKAIDO,unknown,low,False,False,2102758,1750903,[],[],,,,,0,light,2026-09-15T09:00:00+00:00,,UNKNOWN,,,,UNKNOWN,UNKNOWN,,UNKNOWN,,4.764705882352941,1.588235294117647,12.705882352941176,1.588235294117647,0.0,0.9058823529411768,5.666666666666667,3.0,8.0,0.0,1.0,8.0,,,,7.7142857142857135,1.9285714285714284,5.785714285714286,7.7142857142857135,0.0,4.485714285714286,4.666666666666667,4.0,5.0,0.0,4.0,3.0,,,,True,True,UNKNOWN,False,False,NPB,2026-09-15 18:00:00,1,,,0,
2021039421,2026-09-15 18:00:00,東北楽天ゴールデンイーグルス,埼玉西武ライオンズ,1.0,0.0,UNKNOWN,楽天モバイル 最強パーク宮城,unknown,low,False,False,1800085,1950716,[],[],,,,,0,light,2026-09-15T09:00:00+00:00,,UNKNOWN,,,,UNKNOWN,UNKNOWN,,UNKNOWN,,0.0,0.0,9.0,0.0,0.0,1.2000000000000002,1.0,0.0,0.0,0.0,0.0,1.0,,,,0.0,1.3333333333333333,4.5,3.0,0.0,3.2,6.0,0.0,6.0,0.0,2.0,3.0,,,,True,True,UNKNOWN,False,False,NPB,2026-09-15 18:00:00,1,,,0,
2021039422,2026-09-15 18:00:00,オリックス・バファローズ,福岡ソフトバンクホークス,3.0,5.0,UNKNOWN,京セラドーム大阪,unknown,low,False,False,1700011,2108148,[],[],,,,,0,light,2026-09-15T09:00:00+00:00,,UNKNOWN,,,,UNKNOWN,UNKNOWN,,UNKNOWN,,1.5,0.6666666666666666,6.0,1.5,1.5,4.533333333333333,6.0,1.0,3.0,1.0,1.0,4.0,,,,6.75,1.6875,11.8125,3.375,1.6875,4.1375,5.333333333333333,4.0,7.0,1.0,2.0,7.0,,,,True,True,UNKNOWN,False,False,NPB,2026-09-15 18:00:00,1,,,0,
2021048552,2026-09-15 18:00:00,横浜DeNAベイスターズ,読売ジャイアンツ,13.0,2.0,UNKNOWN,横浜スタジアム,unknown,low,False,False,1800028,1700058,[],[],,,,,0,light,2026-09-15T09:00:00+00:00,,UNKNOWN,,,,UNKNOWN,UNKNOWN,,UNKNOWN,,22.5,4.5,13.5,9.0,18.0,29.2,2.0,5.0,7.0,4.0,2.0,3.0,,,,3.0,1.5,10.5,1.5,1.5,3.5333333333333337,6.0,2.0,8.0,1.0,1.0,7.0,,,,True,True,UNKNOWN,False,False,NPB,2026-09-15 18:00:00,1,,,0,
2021048553,2026-09-15 18:00:00,阪神タイガース,中日ドラゴンズ,1.0,4.0,UNKNOWN,阪神甲子園球場,unknown,low,False,False,1600106,2117268,[],[],,,,,0,light,2026-09-15T09:00:00+00:00,,UNKNOWN,,,,UNKNOWN,UNKNOWN,,UNKNOWN,,1.5,1.6666666666666667,7.5,4.5,0.0,3.0333333333333337,6.0,1.0,7.0,0.0,3.0,5.0,,,,2.6999999999999997,0.8999999999999999,8.1,5.3999999999999995,0.0,3.2,3.3333333333333335,1.0,1.0,0.0,2.0,3.0,,,,True,True,UNKNOWN,False,False,NPB,2026-09-15 18:00:00,1,,,0,
2021048616,2026-09-15 18:00:00,東京ヤクルトスワローズ,広島東洋カープ,4.0,9.0,UNKNOWN,明治神宮野球場,unknown,low,False,False,1900073,2103794,[],[],,,,,0,light,2026-09-15T09:00:00+00:00,,UNKNOWN,,,,UNKNOWN,UNKNOWN,,UNKNOWN,,7.2,1.4,3.6,1.8,3.6,8.2,5.0,4.0,6.0,2.0,1.0,2.0,,,,13.5,3.0,9.0,4.5,4.5,9.2,2.0,3.0,5.0,1.0,1.0,2.0,,,,True,True,UNKNOWN,False,False,NPB,2026-09-15 18:00:00,1,,,0,
2021039423,2026-09-16 18:00:00,千葉ロッテマリーンズ,東北楽天ゴールデンイーグルス,0.0,4.0,UNKNOWN,ZOZOマリンスタジアム,unknown,low,False,False,2106793,2100442,[],[],,,,,0,light,2026-09-16T09:00:00+00:00,,UNKNOWN,,,,UNKNOWN,UNKNOWN,,UNKNOWN,,0.0,0.6666666666666666,7.0,0.0,0.0,1.6444444444444446,9.0,0.0,6.0,0.0,0.0,7.0,,,,6.0,1.6666666666666667,3.0,4.5,0.0,4.033333333333333,6.0,4.0,7.0,0.0,3.0,2.0,,,,True,True,UNKNOWN,False,False,NPB,2026-09-16 18:00:00,1,,,0,
2021039424,2026-09-16 18:00:00,オリックス・バファローズ,福岡ソフトバンクホークス,0.0,4.0,UNKNOWN,京セラドーム大阪,unknown,low,False,False,1100099,1300058,[],[],,,,,0,light,2026-09-16T09:00:00+00:00,,UNKNOWN,,,,UNKNOWN,UNKNOWN,,UNKNOWN,,0.0,1.6666666666666667,4.5,4.5,0.0,3.7,6.0,0.0,7.0,0.0,3.0,3.0,,,,0.0,1.0,9.0,1.5,0.0,1.7000000000000002,6.0,0.0,5.0,0.0,1.0,6.0,,,,True,True,UNKNOWN,False,False,NPB,2026-09-16 18:00:00,1,,,0,
2021039425,2026-09-17 18:00:00,北海道日本ハムファイターズ,埼玉西武ライオンズ,4.0,2.0,UNKNOWN,エスコンフィールドHOKKAIDO,unknown,low,False,False,2103657,2050307,[],[],,,,,0,light,2026-09-17T09:00:00+00:00,,UNKNOWN,,,,UNKNOWN,UNKNOWN,,UNKNOWN,,5.4,1.2,9.0,0.0,1.8,3.8000000000000003,5.0,3.0,6.0,1.0,0.0,5.0,,,,2.5714285714285716,0.5714285714285714,9.0,2.5714285714285716,1.2857142857142858,3.9142857142857146,7.0,2.0,2.0,1.0,2.0,7.0,,,,True,True,UNKNOWN,False,False,NPB,2026-09-17 18:00:00,1,,,0,
2021039426,2026-09-17 18:00:00,千葉ロッテマリーンズ,東北楽天ゴールデンイーグルス,1.0,5.0,UNKNOWN,ZOZOマリンスタジアム,excluded,high,False,False,2110316,2113369,[],[],,,,,0,light,2026-09-17T09:00:00+00:00,,UNKNOWN,,,,UNKNOWN,UNKNOWN,,UNKNOWN,,1.0384615384615385,1.0384615384615385,9.346153846153847,1.0384615384615385,1.0384615384615385,2.9692307692307693,8.666666666666666,1.0,8.0,1.0,1.0,9.0,,,,0.0,1.0,9.0,9.0,0.0,4.2,1.0,0.0,0.0,0.0,1.0,1.0,,,,True,True,UNKNOWN,False,False,NPB,2026-09-17 18:00:00,1,,,0,
2021039427,2026-09-17 18:00:00,オリックス・バファローズ,福岡ソフトバンクホークス,1.0,7.0,UNKNOWN,京セラドーム大阪,unknown,low,False,False,2107909,1750595,[],[],,,,,0,light,2026-09-17T09:00:00+00:00,,UNKNOWN,,,,UNKNOWN,UNKNOWN,,UNKNOWN,,1.8,1.4,3.6,1.8,1.8,5.6,5.0,1.0,6.0,1.0,1.0,2.0,,,,5.4,1.4,5.4,3.6,0.0,3.2,5.0,3.0,5.0,0.0,2.0,3.0,,,,True,True,UNKNOWN,False,False,NPB,2026-09-17 18:00:00,1,,,0,
2021048554,2026-09-17 18:00:00,東京ヤクルトスワローズ,横浜DeNAベイスターズ,1.0,2.0,UNKNOWN,明治神宮野球場,unknown,low,False,False,2112182,1900024,[],[],,,,,0,light,2026-09-17T09:00:00+00:00,,UNKNOWN,,,,UNKNOWN,UNKNOWN,,UNKNOWN,,0.0,0.6666666666666666,10.5,3.0,0.0,1.866666666666667,6.0,0.0,2.0,0.0,2.0,7.0,,,,2.5714285714285716,1.2857142857142858,6.428571428571429,2.5714285714285716,2.5714285714285716,6.342857142857143,7.0,2.0,7.0,2.0,2.0,5.0,,,,True,True,UNKNOWN,False,False,NPB,2026-09-17 18:00:00,1,,,0,
2021048555,2026-09-17 18:00:00,阪神タイガース,広島東洋カープ,7.0,2.0,UNKNOWN,阪神甲子園球場,unknown,low,False,False,1600123,1700078,[],[],,,,,0,light,2026-09-17T09:00:00+00:00,,UNKNOWN,,,,UNKNOWN,UNKNOWN,,UNKNOWN,,13.5,2.75,4.5,4.5,4.5,10.2,4.0,6.0,9.0,2.0,2.0,2.0,,,,3.0,0.8333333333333334,15.0,0.0,1.5,2.033333333333333,6.0,2.0,5.0,1.0,0.0,10.0,,,,True,True,UNKNOWN,False,False,NPB,2026-09-17 18:00:00,1,,,0,
2021039428,2026-09-18 18:00:00,読売ジャイアンツ,中日ドラゴンズ,2.0,0.0,UNKNOWN,東京ドーム,unknown,low,False,False,2108462,1900019,[],[],,,,,0,light,2026-09-18T09:00:00+00:00,,UNKNOWN,,,,UNKNOWN,UNKNOWN,,UNKNOWN,,2.1599999999999997,0.84,9.719999999999999,2.1599999999999997,1.0799999999999998,3.3200000000000003,8.333333333333334,2.0,5.0,1.0,2.0,9.0,,,,0.0,0.625,7.875,1.125,0.0,1.8250000000000002,8.0,0.0,4.0,0.0,1.0,7.0,,,,True,True,UNKNOWN,False,False,NPB,2026-09-18 18:00:00,1,,,0,
2021039429,2026-09-18 18:00:00,横浜DeNAベイスターズ,東京ヤクルトスワローズ,1.0,3.0,UNKNOWN,横浜スタジアム,unknown,low,False,False,2000025,2105232,[],[],,,,,0,light,2026-09-18T09:00:00+00:00,,UNKNOWN,,,,UNKNOWN,UNKNOWN,,UNKNOWN,,1.1739130434782608,0.6521739130434783,8.217391304347826,1.1739130434782608,0.0,1.765217391304348,7.666666666666667,1.0,4.0,0.0,1.0,7.0,,,,0.0,0.7142857142857143,5.142857142857143,3.857142857142857,0.0,3.342857142857143,7.0,0.0,2.0,0.0,3.0,4.0,,,,True,True,UNKNOWN,False,False,NPB,2026-09-18 18:00:00,1,,,0,
2021039430,2026-09-18 18:00:00,阪神タイガース,広島東洋カープ,2.0,1.0,UNKNOWN,阪神甲子園球場,unknown,low,False,False,1900052,1700137,[],[],,,,,0,light,2026-09-18T09:00:00+00:00,,UNKNOWN,,,,UNKNOWN,UNKNOWN,,UNKNOWN,,2.5714285714285716,1.1428571428571428,10.285714285714286,5.142857142857143,0.0,2.628571428571429,7.0,2.0,4.0,0.0,4.0,8.0,,,,0.0,0.2857142857142857,6.428571428571429,0.0,0.0,1.7714285714285716,7.0,0.0,2.0,0.0,0.0,5.0,,,,True,True,UNKNOWN,False,False,NPB,2026-09-18 18:00:00,1,,,0,
2021039431,2026-09-19 14:00:00,読売ジャイアンツ,中日ドラゴンズ,14.0,1.0,UNKNOWN,東京ドーム,unknown,low,False,False,1951008,700069,[],[],,,,,0,light,2026-09-19T05:00:00+00:00,,UNKNOWN,,,,UNKNOWN,UNKNOWN,,UNKNOWN,,13.5,2.6999999999999997,8.1,8.1,0.0,4.1,3.3333333333333335,5.0,6.0,0.0,3.0,3.0,,,,1.2857142857142858,0.8571428571428571,3.857142857142857,2.5714285714285716,0.0,3.2,7.0,1.0,4.0,0.0,2.0,3.0,,,,True,True,UNKNOWN,False,False,NPB,2026-09-19 14:00:00,1,,,0,
2021039434,2026-09-19 14:00:00,北海道日本ハムファイターズ,オリックス・バファローズ,4.0,7.0,UNKNOWN,エスコンフィールドHOKKAIDO,unknown,low,False,False,2108177,2000079,[],[],,,,,0,light,2026-09-19T05:00:00+00:00,,UNKNOWN,,,,UNKNOWN,UNKNOWN,,UNKNOWN,,5.142857142857143,1.0,6.428571428571429,1.2857142857142858,3.857142857142857,7.771428571428571,7.0,4.0,6.0,3.0,1.0,5.0,,,,9.0,1.8333333333333333,13.5,1.5,3.0,5.033333333333333,6.0,6.0,10.0,2.0,1.0,9.0,,,,True,True,UNKNOWN,False,False,NPB,2026-09-19 14:00:00,1,,,0,
2021039435,2026-09-19 14:00:00,東北楽天ゴールデンイーグルス,福岡ソフトバンクホークス,5.0,2.0,UNKNOWN,楽天モバイル 最強パーク宮城,unknown,low,False,False,2104078,2000121,[],[],,,,,0,light,2026-09-19T05:00:00+00:00,,UNKNOWN,,,,UNKNOWN,UNKNOWN,,UNKNOWN,,3.8571428571428568,1.7142857142857142,9.642857142857142,3.8571428571428568,0.0,2.342857142857143,4.666666666666667,2.0,6.0,0.0,2.0,5.0,,,,2.5714285714285716,1.0,6.428571428571429,2.5714285714285716,1.2857142857142858,4.485714285714286,7.0,2.0,5.0,1.0,2.0,5.0,,,,True,True,UNKNOWN,False,False,NPB,2026-09-19 14:00:00,1,,,0,
2021039432,2026-09-19 18:00:00,横浜DeNAベイスターズ,東京ヤクルトスワローズ,5.0,3.0,UNKNOWN,横浜スタジアム,unknown,low,False,False,1300045,1700134,[],[],,,,,0,light,2026-09-19T09:00:00+00:00,,UNKNOWN,,,,UNKNOWN,UNKNOWN,,UNKNOWN,,1.8,1.6,10.8,5.4,0.0,2.6,5.0,1.0,5.0,0.0,3.0,6.0,,,,3.6,1.4,1.8,5.4,0.0,4.6,5.0,2.0,4.0,0.0,3.0,1.0,,,,True,True,UNKNOWN,False,False,NPB,2026-09-19 18:00:00,1,,,0,
2021039433,2026-09-19 18:00:00,阪神タイガース,広島東洋カープ,1.0,5.0,UNKNOWN,阪神甲子園球場,unknown,low,False,False,2000060,2000055,[],[],,,,,0,light,2026-09-19T09:00:00+00:00,,UNKNOWN,,,,UNKNOWN,UNKNOWN,,UNKNOWN,,1.1739130434782608,1.0434782608695652,7.0434782608695645,1.1739130434782608,0.0,2.0260869565217394,7.666666666666667,1.0,7.0,0.0,1.0,6.0,,,,1.8,0.8,9.0,0.0,1.8,3.8000000000000003,5.0,1.0,4.0,1.0,0.0,5.0,,,,True,True,UNKNOWN,False,False,NPB,2026-09-19 18:00:00,1,,,0,
2021039436,2026-09-19 18:00:00,千葉ロッテマリーンズ,埼玉西武ライオンズ,2.0,4.0,UNKNOWN,ZOZOマリンスタジアム,unknown,low,False,False,1751148,2105534,[],[],,,,,0,light,2026-09-19T09:00:00+00:00,,UNKNOWN,,,,UNKNOWN,UNKNOWN,,UNKNOWN,,2.5714285714285716,1.0,6.428571428571429,0.0,1.2857142857142858,3.6285714285714286,7.0,2.0,7.0,1.0,0.0,5.0,,,,3.857142857142857,1.1428571428571428,9.0,1.2857142857142858,3.857142857142857,7.2,7.0,3.0,7.0,3.0,1.0,7.0,,,,True,True,UNKNOWN,False,False,NPB,2026-09-19 18:00:00,1,,,0,
2021039437,2026-09-20 14:00:00,読売ジャイアンツ,東京ヤクルトスワローズ,3.0,2.0,UNKNOWN,東京ドーム,unknown,low,False,False,1500042,1500074,[],[],,,,,0,light,2026-09-20T05:00:00+00:00,,UNKNOWN,,,,UNKNOWN,UNKNOWN,,UNKNOWN,,1.588235294117647,1.2352941176470587,7.941176470588235,4.764705882352941,0.0,3.0235294117647062,5.666666666666667,1.0,4.0,0.0,3.0,5.0,,,,3.375,0.75,11.8125,0.0,1.6875,3.0125,5.333333333333333,2.0,4.0,1.0,0.0,7.0,,,,True,True,UNKNOWN,False,False,NPB,2026-09-20 14:00:00,1,,,0,
2021039440,2026-09-20 14:00:00,北海道日本ハムファイターズ,オリックス・バファローズ,6.0,9.0,UNKNOWN,エスコンフィールドHOKKAIDO,unknown,low,False,False,1750543,1400117,[],[],,,,,0,light,2026-09-20T05:00:00+00:00,,UNKNOWN,,,,UNKNOWN,UNKNOWN,,UNKNOWN,,6.0,1.3333333333333333,6.0,1.5,4.5,8.866666666666667,6.0,4.0,7.0,3.0,1.0,4.0,,,,15.75,2.75,2.25,2.25,2.25,6.7,4.0,7.0,10.0,1.0,1.0,1.0,,,,True,True,UNKNOWN,False,False,NPB,2026-09-20 14:00:00,1,,,0,
2021039441,2026-09-20 14:00:00,東北楽天ゴールデンイーグルス,福岡ソフトバンクホークス,5.0,3.0,UNKNOWN,楽天モバイル 最強パーク宮城,unknown,low,False,False,1550517,1900117,[],[],,,,,0,light,2026-09-20T05:00:00+00:00,,UNKNOWN,,,,UNKNOWN,UNKNOWN,,UNKNOWN,,7.5,1.5,4.5,3.0,4.5,9.7,6.0,5.0,7.0,3.0,2.0,3.0,,,,5.4,1.2,0.0,1.8,0.0,3.8000000000000003,5.0,3.0,5.0,0.0,1.0,0.0,,,,True,True,UNKNOWN,False,False,NPB,2026-09-20 14:00:00,1,,,0,
2021039438,2026-09-20 18:00:00,中日ドラゴンズ,広島東洋カープ,8.0,5.0,UNKNOWN,バンテリンドーム ナゴヤ,unknown,low,False,False,2103788,1000138,[],[],,,,,0,light,2026-09-20T09:00:00+00:00,,UNKNOWN,,,,UNKNOWN,UNKNOWN,,UNKNOWN,,11.25,1.75,9.0,0.0,6.75,10.95,4.0,5.0,7.0,3.0,0.0,4.0,,,,5.684210526315789,1.2631578947368423,4.2631578947368425,2.8421052631578947,4.2631578947368425,9.357894736842105,6.333333333333333,4.0,6.0,3.0,2.0,3.0,,,,True,True,UNKNOWN,False,False,NPB,2026-09-20 18:00:00,1,,,0,
2021039439,2026-09-20 18:00:00,阪神タイガース,横浜DeNAベイスターズ,8.0,1.0,UNKNOWN,阪神甲子園球場,unknown,low,False,False,1650915,1600115,[],[],,,,,0,light,2026-09-20T09:00:00+00:00,,UNKNOWN,,,,UNKNOWN,UNKNOWN,,UNKNOWN,,10.125,2.625,6.75,10.125,0.0,5.075,2.6666666666666665,3.0,4.0,0.0,3.0,2.0,,,,0.0,0.8571428571428571,7.714285714285714,0.0,0.0,1.485714285714286,7.0,0.0,6.0,0.0,0.0,6.0,,,,True,True,UNKNOWN,False,False,NPB,2026-09-20 18:00:00,1,,,0,
2021039443,2026-09-21 14:00:00,中日ドラゴンズ,広島東洋カープ,10.0,0.0,UNKNOWN,バンテリンドーム ナゴヤ,unknown,low,False,False,2107847,2000042,[],[],,,,,0,light,2026-09-21T05:00:00+00:00,,UNKNOWN,,,,UNKNOWN,UNKNOWN,,UNKNOWN,,7.2,2.2,3.6,3.6,1.8,6.2,5.0,4.0,9.0,1.0,2.0,2.0,,,,0.0,0.5714285714285714,10.285714285714286,0.0,0.0,0.9142857142857146,7.0,0.0,4.0,0.0,0.0,8.0,,,,True,True,UNKNOWN,False,False,NPB,2026-09-21 14:00:00,1,,,0,
2021039444,2026-09-21 14:00:00,阪神タイガース,横浜DeNAベイスターズ,3.0,2.0,UNKNOWN,阪神甲子園球場,unknown,low,False,False,1300031,2117268,[],[],,,,,0,light,2026-09-21T05:00:00+00:00,,UNKNOWN,,,,UNKNOWN,UNKNOWN,,UNKNOWN,,3.6,1.2,7.2,0.0,0.0,1.6,5.0,2.0,6.0,0.0,0.0,4.0,,,,3.375,1.125,16.875,3.375,0.0,0.5750000000000002,2.6666666666666665,1.0,2.0,0.0,1.0,5.0,,,,True,True,UNKNOWN,False,False,NPB,2026-09-21 14:00:00,1,,,0,
2021039445,2026-09-21 14:00:00,北海道日本ハムファイターズ,オリックス・バファローズ,5.0,3.0,UNKNOWN,エスコンフィールドHOKKAIDO,unknown,low,False,False,2117673,1500110,[],[],,,,,0,light,2026-09-21T05:00:00+00:00,,UNKNOWN,,,,UNKNOWN,UNKNOWN,,UNKNOWN,,6.0,3.0,3.0,15.0,3.0,11.866666666666667,3.0,2.0,4.0,1.0,5.0,1.0,,,,4.5,0.8333333333333334,7.5,3.0,1.5,4.7,6.0,3.0,3.0,1.0,2.0,5.0,,,,True,True,UNKNOWN,False,False,NPB,2026-09-21 14:00:00,1,,,0,
2021039450,2026-09-22 15:00:00,広島東洋カープ,読売ジャイアンツ,2.0,1.0,UNKNOWN,MAZDA Zoom-Zoom スタジアム広島,unknown,low,False,False,1800028,1900057,[],[],,,,,0,light,2026-09-22T06:00:00+00:00,,UNKNOWN,,,,UNKNOWN,UNKNOWN,,UNKNOWN,,1.8,0.8,12.6,3.6,0.0,1.6,5.0,1.0,2.0,0.0,2.0,7.0,,,,1.5,0.8333333333333334,7.5,0.0,0.0,1.5333333333333334,6.0,1.0,5.0,0.0,0.0,5.0,,,,True,True,UNKNOWN,False,False,NPB,2026-09-22 15:00:00,1,,,0,
2021039448,2026-09-22 18:00:00,東京ヤクルトスワローズ,阪神タイガース,7.0,9.0,UNKNOWN,明治神宮野球場,unknown,low,False,False,2000052,1750696,[],[],,,,,0,light,2026-09-22T09:00:00+00:00,,UNKNOWN,,,,UNKNOWN,UNKNOWN,,UNKNOWN,,9.0,2.0,4.5,4.5,4.5,10.2,2.0,2.0,3.0,1.0,1.0,1.0,,,,40.5,6.0,6.75,13.5,6.75,15.95,1.3333333333333333,6.0,6.0,1.0,2.0,1.0,,,,True,True,UNKNOWN,False,False,NPB,2026-09-22 18:00:00,1,,,0,
2021039449,2026-09-22 18:00:00,横浜DeNAベイスターズ,中日ドラゴンズ,7.0,3.0,UNKNOWN,横浜スタジアム,unknown,low,False,False,2100961,1700058,[],[],,,,,0,light,2026-09-22T09:00:00+00:00,,UNKNOWN,,,,UNKNOWN,UNKNOWN,,UNKNOWN,,12.0,2.6666666666666665,9.0,6.0,3.0,7.533333333333333,3.0,4.0,6.0,1.0,2.0,3.0,,,,5.4,2.2,1.8,7.2,1.8,7.8,5.0,3.0,7.0,1.0,4.0,1.0,,,,True,True,UNKNOWN,False,False,NPB,2026-09-22 18:00:00,1,,,0,
2021039451,2026-09-22 18:00:00,北海道日本ハムファイターズ,東北楽天ゴールデンイーグルス,6.0,5.0,UNKNOWN,エスコンフィールドHOKKAIDO,unknown,low,False,False,1950716,1750903,[],[],,,,,0,light,2026-09-22T09:00:00+00:00,,UNKNOWN,,,,UNKNOWN,UNKNOWN,,UNKNOWN,,7.2,1.6,9.0,1.8,1.8,4.4,5.0,4.0,7.0,1.0,1.0,5.0,,,,4.5,1.3333333333333333,7.5,0.0,3.0,5.866666666666667,6.0,3.0,8.0,2.0,0.0,5.0,,,,True,True,UNKNOWN,False,False,NPB,2026-09-22 18:00:00,1,,,0,
2021039452,2026-09-22 18:00:00,福岡ソフトバンクホークス,埼玉西武ライオンズ,6.0,5.0,UNKNOWN,みずほPayPayドーム福岡,unknown,low,False,False,2110118,1800043,[],[],,,,,0,light,2026-09-22T09:00:00+00:00,,UNKNOWN,,,,UNKNOWN,UNKNOWN,,UNKNOWN,,4.5,1.5,15.75,4.5,2.25,4.45,4.0,2.0,4.0,1.0,2.0,7.0,,,,1.8,0.8,10.8,1.8,0.0,1.4000000000000001,5.0,1.0,3.0,0.0,1.0,6.0,,,,True,True,UNKNOWN,False,False,NPB,2026-09-22 18:00:00,1,,,0,
2021043588,2026-09-22 18:00:00,千葉ロッテマリーンズ,オリックス・バファローズ,4.0,6.0,UNKNOWN,ZOZOマリンスタジアム,unknown,low,False,False,2111998,2103904,[],[],,,,,0,light,2026-09-22T09:00:00+00:00,,UNKNOWN,,,,UNKNOWN,UNKNOWN,,UNKNOWN,,5.4,1.6,10.8,7.2,0.0,3.2,5.0,3.0,4.0,0.0,4.0,6.0,,,,3.6,0.8,12.6,1.8,3.6,6.2,5.0,2.0,3.0,2.0,1.0,7.0,,,,True,True,UNKNOWN,False,False,NPB,2026-09-22 18:00:00,1,,,0,
2021039453,2026-09-23 14:00:00,東京ヤクルトスワローズ,阪神タイガース,4.0,8.0,UNKNOWN,明治神宮野球場,unknown,low,False,False,1700078,1900024,[],[],,,,,0,light,2026-09-23T05:00:00+00:00,,UNKNOWN,,,,UNKNOWN,UNKNOWN,,UNKNOWN,,1.5,1.0,9.0,1.5,0.0,1.7000000000000002,6.0,1.0,5.0,0.0,1.0,6.0,,,,6.0,1.3333333333333333,7.5,4.5,0.0,3.0333333333333337,6.0,4.0,5.0,0.0,3.0,5.0,,,,True,True,UNKNOWN,False,False,NPB,2026-09-23 14:00:00,1,,,0,
2021039458,2026-09-23 14:00:00,福岡ソフトバンクホークス,埼玉西武ライオンズ,10.0,3.0,UNKNOWN,みずほPayPayドーム福岡,unknown,low,False,False,2105080,1100099,[],[],,,,,0,light,2026-09-23T05:00:00+00:00,,UNKNOWN,,,,UNKNOWN,UNKNOWN,,UNKNOWN,,13.5,2.5,4.5,2.25,2.25,6.2,4.0,6.0,9.0,1.0,1.0,2.0,,,,1.5,0.6666666666666666,12.0,3.0,0.0,1.5333333333333334,6.0,1.0,2.0,0.0,2.0,8.0,,,,True,True,UNKNOWN,False,False,NPB,2026-09-23 14:00:00,1,,,0,
2021039455,2026-09-23 15:00:00,広島東洋カープ,読売ジャイアンツ,1.0,2.0,UNKNOWN,MAZDA Zoom-Zoom スタジアム広島,unknown,low,False,False,2118993,1600123,[],[],,,,,0,light,2026-09-23T06:00:00+00:00,,UNKNOWN,,,,UNKNOWN,UNKNOWN,,UNKNOWN,,1.588235294117647,1.0588235294117647,12.705882352941176,3.176470588235294,1.588235294117647,3.7294117647058824,5.666666666666667,1.0,4.0,1.0,2.0,8.0,,,,0.0,1.0,1.5,3.0,0.0,3.8666666666666667,6.0,0.0,4.0,0.0,2.0,1.0,,,,True,True,UNKNOWN,False,False,NPB,2026-09-23 15:00:00,1,,,0,
2021039457,2026-09-23 17:00:00,千葉ロッテマリーンズ,オリックス・バファローズ,0.0,1.0,UNKNOWN,ZOZOマリンスタジアム,unknown,low,False,False,1300058,1860063,[],[],,,,,0,light,2026-09-23T08:00:00+00:00,,UNKNOWN,,,,UNKNOWN,UNKNOWN,,UNKNOWN,,0.0,0.5714285714285714,5.142857142857143,2.5714285714285716,0.0,2.9142857142857146,7.0,0.0,2.0,0.0,2.0,4.0,,,,0.0,0.42857142857142855,9.0,0.0,0.0,1.2000000000000002,7.0,0.0,3.0,0.0,0.0,7.0,,,,True,True,UNKNOWN,False,False,NPB,2026-09-23 17:00:00,1,,,0,
2021039454,2026-09-23 18:00:00,横浜DeNAベイスターズ,中日ドラゴンズ,4.0,3.0,UNKNOWN,横浜スタジアム,excluded,high,False,False,2107860,2100109,[],[],,,,,0,light,2026-09-23T09:00:00+00:00,,UNKNOWN,,,,UNKNOWN,UNKNOWN,,UNKNOWN,,6.75,1.5,6.75,4.5,0.0,3.2,4.0,3.0,4.0,0.0,2.0,3.0,,,,,,,,,,,,,,,,,,,True,False,UNKNOWN,False,False,NPB,2026-09-23 18:00:00,1,,,0,
2021039456,2026-09-23 18:00:00,北海道日本ハムファイターズ,東北楽天ゴールデンイーグルス,3.0,5.0,UNKNOWN,エスコンフィールドHOKKAIDO,unknown,low,False,False,2106793,1400195,[],[],,,,,0,light,2026-09-23T09:00:00+00:00,,UNKNOWN,,,,UNKNOWN,UNKNOWN,,UNKNOWN,,0.0,1.2,14.4,1.8,0.0,0.6000000000000001,5.0,0.0,5.0,0.0,1.0,8.0,,,,1.8,1.2,7.2,5.4,0.0,3.4000000000000004,5.0,1.0,3.0,0.0,3.0,4.0,,,,True,True,UNKNOWN,False,False,NPB,2026-09-23 18:00:00,1,,,0,
2021039459,2026-09-24 18:00:00,北海道日本ハムファイターズ,東北楽天ゴールデンイーグルス,0.0,6.0,UNKNOWN,エスコンフィールドHOKKAIDO,unknown,low,False,False,700049,2050307,[],[],,,,,0,light,2026-09-24T09:00:00+00:00,,UNKNOWN,,,,UNKNOWN,UNKNOWN,,UNKNOWN,,0.0,0.2222222222222222,9.0,0.0,0.0,1.2000000000000002,9.0,0.0,2.0,0.0,0.0,9.0,,,,2.4545454545454546,1.2272727272727273,7.363636363636364,3.681818181818182,0.0,2.790909090909091,7.333333333333333,2.0,6.0,0.0,3.0,6.0,,,,True,True,UNKNOWN,False,False,NPB,2026-09-24 18:00:00,1,,,0,
2021047475,2026-09-24 18:00:00,広島東洋カープ,読売ジャイアンツ,3.0,1.0,UNKNOWN,MAZDA Zoom-Zoom スタジアム広島,unknown,low,False,False,1850035,1900052,[],[],,,,,0,light,2026-09-24T09:00:00+00:00,,UNKNOWN,,,,UNKNOWN,UNKNOWN,,UNKNOWN,,5.0625,1.125,16.875,3.375,1.6875,3.0125,5.333333333333333,3.0,4.0,1.0,2.0,10.0,,,,,,,,,,,,,,,,,,,True,False,UNKNOWN,False,False,NPB,2026-09-24 18:00:00,1,,,0,
2021039460,2026-09-25 18:00:00,埼玉西武ライオンズ,千葉ロッテマリーンズ,2.0,6.0,UNKNOWN,ベルーナドーム,unknown,low,False,False,2102758,1400182,[],[],,,,,0,light,2026-09-25T09:00:00+00:00,,UNKNOWN,,,,UNKNOWN,UNKNOWN,,UNKNOWN,,2.8421052631578947,0.4736842105263158,11.368421052631579,1.4210526315789473,0.0,1.1473684210526316,6.333333333333333,2.0,2.0,0.0,1.0,8.0,,,,,,,,,,,,,,,,,,,True,False,UNKNOWN,False,False,NPB,2026-09-25 18:00:00,1,,,0,
2021039461,2026-09-25 18:00:00,オリックス・バファローズ,福岡ソフトバンクホークス,0.0,9.0,UNKNOWN,京セラドーム大阪,unknown,low,False,False,2107909,2116949,[],[],,,,,0,light,2026-09-25T09:00:00+00:00,,UNKNOWN,,,,UNKNOWN,UNKNOWN,,UNKNOWN,,,,,,,,,,,,,,,,,,,,,,,,,,,,,,,,False,False,UNKNOWN,False,False,NPB,2026-09-25 18:00:00,1,,,0,
2021048556,2026-09-25 18:00:00,東京ヤクルトスワローズ,中日ドラゴンズ,5.0,4.0,UNKNOWN,明治神宮野球場,unknown,low,False,False,2108462,2000025,[],[],,,,,0,light,2026-09-25T09:00:00+00:00,,UNKNOWN,,,,UNKNOWN,UNKNOWN,,UNKNOWN,,,,,,,,,,,,,,,,,,,,,,,,,,,,,,,,False,False,UNKNOWN,False,False,NPB,2026-09-25 18:00:00,1,,,0,
2021048557,2026-09-25 18:00:00,横浜DeNAベイスターズ,阪神タイガース,2.0,1.0,UNKNOWN,横浜スタジアム,unknown,low,False,False,2000055,2112182,[],[],,,,,0,light,2026-09-25T09:00:00+00:00,,UNKNOWN,,,,UNKNOWN,UNKNOWN,,UNKNOWN,,,,,,,,,,,,,,,,,,,,,,,,,,,,,,,,False,False,UNKNOWN,False,False,NPB,2026-09-25 18:00:00,1,,,0,
2021048558,2026-09-25 18:00:00,広島東洋カープ,読売ジャイアンツ,3.0,2.0,UNKNOWN,MAZDA Zoom-Zoom スタジアム広島,unknown,low,False,False,1900019,2114641,[],[],,,,,0,light,2026-09-25T09:00:00+00:00,,UNKNOWN,,,,UNKNOWN,UNKNOWN,,UNKNOWN,,,,,,,,,,,,,,,,,,,,,,,,,,,,,,,,False,False,UNKNOWN,False,False,NPB,2026-09-25 18:00:00,1,,,0,
