game_id,datetime,home,away,home_score,away_score,game_type,venue,npb_game_category,npb_type_confidence,npb_training_default,npb_evaluation_default,home_starter,away_starter,home_lineup_json,away_lineup_json,home_pregame_starter,away_pregame_starter,home_pregame_lineup_json,away_pregame_lineup_json,player_rows_count,enrichment_mode,prediction_time_utc,starter_available_at,starter_state,starter_source,home_lineup_available_at,away_lineup_available_at,home_lineup_state,away_lineup_state,lineup_available_at,lineup_state,lineup_source,home_starter_era,home_starter_whip,home_starter_k9,home_starter_bb9,home_starter_hr9,home_starter_fip,home_starter_ip,home_starter_er,home_starter_h,home_starter_hr,home_starter_bb,home_starter_so,home_starter_pitches,home_starter_k_rate,home_starter_bb_rate,away_starter_era,away_starter_whip,away_starter_k9,away_starter_bb9,away_starter_hr9,away_starter_fip,away_starter_ip,away_starter_er,away_starter_h,away_starter_hr,away_starter_bb,away_starter_so,away_starter_pitches,away_starter_k_rate,away_starter_bb_rate,home_starter_line_ok,away_starter_line_ok,pregame_context_quality,pregame_starter_verified,pregame_lineup_verified
2018030304,2018-03-03 13:00:00,オリックス・バファローズ,横浜DeNAベイスターズ,3.0,3.0,UNKNOWN,京セラドーム大阪,excluded,high,False,False,,,[],[],,,,,0,light,2018-03-03T04:00:00+00:00,,UNKNOWN,,,,UNKNOWN,UNKNOWN,,UNKNOWN,,,,,,,,,,,,,,,,,,,,,,,,,,,,,,,,False,False,UNKNOWN,False,False
2018030303,2018-03-03 12:30:00,中日ドラゴンズ,東北楽天ゴールデンイーグルス,2.0,9.0,UNKNOWN,ナゴヤドーム,excluded,high,False,False,,,[],[],,,,,0,light,2018-03-03T03:30:00+00:00,,UNKNOWN,,,,UNKNOWN,UNKNOWN,,UNKNOWN,,,,,,,,,,,,,,,,,,,,,,,,,,,,,,,,False,False,UNKNOWN,False,False
2018030306,2018-03-03 13:00:00,埼玉西武ライオンズ,広島東洋カープ,0.0,10.0,UNKNOWN,佐賀県立森林公園野球場,excluded,high,False,False,,,[],[],,,,,0,light,2018-03-03T04:00:00+00:00,,UNKNOWN,,,,UNKNOWN,UNKNOWN,,UNKNOWN,,,,,,,,,,,,,,,,,,,,,,,,,,,,,,,,False,False,UNKNOWN,False,False
2018030302,2018-03-03 14:00:00,読売ジャイアンツ,東京ヤクルトスワローズ,6.0,5.0,UNKNOWN,東京ドーム,excluded,high,False,False,,,[],[],,,,,0,light,2018-03-03T05:00:00+00:00,,UNKNOWN,,,,UNKNOWN,UNKNOWN,,UNKNOWN,,,,,,,,,,,,,,,,,,,,,,,,,,,,,,,,False,False,UNKNOWN,False,False
2018030301,2018-03-03 14:00:00,北海道日本ハムファイターズ,千葉ロッテマリーンズ,6.0,8.0,UNKNOWN,札幌ドーム,unknown,low,False,False,,,[],[],,,,,0,light,2018-03-03T05:00:00+00:00,,UNKNOWN,,,,UNKNOWN,UNKNOWN,,UNKNOWN,,,,,,,,,,,,,,,,,,,,,,,,,,,,,,,,False,False,UNKNOWN,False,False
2018030406,2018-03-04 12:30:00,埼玉西武ライオンズ,広島東洋カープ,4.0,3.0,UNKNOWN,長崎県営野球場,excluded,high,False,False,,,[],[],,,,,0,light,2018-03-04T03:30:00+00:00,,UNKNOWN,,,,UNKNOWN,UNKNOWN,,UNKNOWN,,,,,,,,,,,,,,,,,,,,,,,,,,,,,,,,False,False,UNKNOWN,False,False
2018030305,2018-03-03 13:00:00,福岡ソフトバンクホークス,阪神タイガース,4.0,1.0,UNKNOWN,福岡 ヤフオク!ドーム,excluded,high,False,False,,,[],[],,,,,0,light,2018-03-03T04:00:00+00:00,,UNKNOWN,,,,UNKNOWN,UNKNOWN,,UNKNOWN,,,,,,,,,,,,,,,,,,,,,,,,,,,,,,,,False,False,UNKNOWN,False,False
2018030401,2018-03-04 13:00:00,北海道日本ハムファイターズ,千葉ロッテマリーンズ,5.0,8.0,UNKNOWN,札幌ドーム,excluded,high,False,False,,,[],[],,,,,0,light,2018-03-04T04:00:00+00:00,,UNKNOWN,,,,UNKNOWN,UNKNOWN,,UNKNOWN,,,,,,,,,,,,,,,,,,,,,,,,,,,,,,,,False,False,UNKNOWN,False,False
2018030403,2018-03-04 14:00:00,中日ドラゴンズ,東北楽天ゴールデンイーグルス,7.0,11.0,UNKNOWN,ナゴヤドーム,unknown,low,False,False,,,[],[],,,,,0,light,2018-03-04T05:00:00+00:00,,UNKNOWN,,,,UNKNOWN,UNKNOWN,,UNKNOWN,,,,,,,,,,,,,,,,,,,,,,,,,,,,,,,,False,False,UNKNOWN,False,False
2018030402,2018-03-04 14:00:00,読売ジャイアンツ,東京ヤクルトスワローズ,8.0,1.0,UNKNOWN,東京ドーム,excluded,high,False,False,,,[],[],,,,,0,light,2018-03-04T05:00:00+00:00,,UNKNOWN,,,,UNKNOWN,UNKNOWN,,UNKNOWN,,,,,,,,,,,,,,,,,,,,,,,,,,,,,,,,False,False,UNKNOWN,False,False
2018030404,2018-03-04 13:00:00,オリックス・バファローズ,横浜DeNAベイスターズ,3.0,4.0,UNKNOWN,ほっともっとフィールド神戸,unknown,low,False,False,,,[],[],,,,,0,light,2018-03-04T04:00:00+00:00,,UNKNOWN,,,,UNKNOWN,UNKNOWN,,UNKNOWN,,,,,,,,,,,,,,,,,,,,,,,,,,,,,,,,False,False,UNKNOWN,False,False
2018030405,2018-03-04 13:00:00,福岡ソフトバンクホークス,阪神タイガース,6.0,4.0,UNKNOWN,福岡 ヤフオク!ドーム,unknown,low,False,False,,,[],[],,,,,0,light,2018-03-04T04:00:00+00:00,,UNKNOWN,,,,UNKNOWN,UNKNOWN,,UNKNOWN,,,,,,,,,,,,,,,,,,,,,,,,,,,,,,,,False,False,UNKNOWN,False,False
2018030601,2018-03-06 13:00:00,千葉ロッテマリーンズ,読売ジャイアンツ,6.0,5.0,UNKNOWN,ＺＯＺＯマリンスタジアム,excluded,high,False,False,,,[],[],,,,,0,light,2018-03-06T04:00:00+00:00,,UNKNOWN,,,,UNKNOWN,UNKNOWN,,UNKNOWN,,,,,,,,,,,,,,,,,,,,,,,,,,,,,,,,False,False,UNKNOWN,False,False
2018030602,2018-03-06 13:00:00,阪神タイガース,横浜DeNAベイスターズ,3.0,5.0,UNKNOWN,阪神甲子園球場,excluded,high,False,False,,,[],[],,,,,0,light,2018-03-06T04:00:00+00:00,,UNKNOWN,,,,UNKNOWN,UNKNOWN,,UNKNOWN,,,,,,,,,,,,,,,,,,,,,,,,,,,,,,,,False,False,UNKNOWN,False,False
2018030604,2018-03-06 13:00:00,東京ヤクルトスワローズ,中日ドラゴンズ,4.0,7.0,UNKNOWN,宮崎市生目の杜運動公園アイビースタジアム,excluded,high,False,False,,,[],[],,,,,0,light,2018-03-06T04:00:00+00:00,,UNKNOWN,,,,UNKNOWN,UNKNOWN,,UNKNOWN,,,,,,,,,,,,,,,,,,,,,,,,,,,,,,,,False,False,UNKNOWN,False,False
2018030603,2018-03-06 18:00:00,福岡ソフトバンクホークス,埼玉西武ライオンズ,1.0,3.0,UNKNOWN,福岡 ヤフオク!ドーム,excluded,high,False,False,,,[],[],,,,,0,light,2018-03-06T09:00:00+00:00,,UNKNOWN,,,,UNKNOWN,UNKNOWN,,UNKNOWN,,,,,,,,,,,,,,,,,,,,,,,,,,,,,,,,False,False,UNKNOWN,False,False
2018030701,2018-03-07 13:00:00,千葉ロッテマリーンズ,読売ジャイアンツ,4.0,10.0,UNKNOWN,ＺＯＺＯマリンスタジアム,excluded,high,False,False,,,[],[],,,,,0,light,2018-03-07T04:00:00+00:00,,UNKNOWN,,,,UNKNOWN,UNKNOWN,,UNKNOWN,,,,,,,,,,,,,,,,,,,,,,,,,,,,,,,,False,False,UNKNOWN,False,False
2018030703,2018-03-07 13:00:00,オリックス・バファローズ,北海道日本ハムファイターズ,5.0,4.0,UNKNOWN,ほっともっとフィールド神戸,excluded,high,False,False,,,[],[],,,,,0,light,2018-03-07T04:00:00+00:00,,UNKNOWN,,,,UNKNOWN,UNKNOWN,,UNKNOWN,,,,,,,,,,,,,,,,,,,,,,,,,,,,,,,,False,False,UNKNOWN,False,False
2018030702,2018-03-07 13:00:00,阪神タイガース,横浜DeNAベイスターズ,1.0,3.0,UNKNOWN,阪神甲子園球場,excluded,high,False,False,,,[],[],,,,,0,light,2018-03-07T04:00:00+00:00,,UNKNOWN,,,,UNKNOWN,UNKNOWN,,UNKNOWN,,,,,,,,,,,,,,,,,,,,,,,,,,,,,,,,False,False,UNKNOWN,False,False
2018030705,2018-03-07 13:00:00,東京ヤクルトスワローズ,中日ドラゴンズ,8.0,3.0,UNKNOWN,宮崎市生目の杜運動公園アイビースタジアム,excluded,high,False,False,,,[],[],,,,,0,light,2018-03-07T04:00:00+00:00,,UNKNOWN,,,,UNKNOWN,UNKNOWN,,UNKNOWN,,,,,,,,,,,,,,,,,,,,,,,,,,,,,,,,False,False,UNKNOWN,False,False
2018030704,2018-03-07 18:00:00,福岡ソフトバンクホークス,埼玉西武ライオンズ,2.0,3.0,UNKNOWN,福岡 ヤフオク!ドーム,excluded,high,False,False,,,[],[],,,,,0,light,2018-03-07T09:00:00+00:00,,UNKNOWN,,,,UNKNOWN,UNKNOWN,,UNKNOWN,,,,,,,,,,,,,,,,,,,,,,,,,,,,,,,,False,False,UNKNOWN,False,False
2018030902,2018-03-09 13:00:00,オリックス・バファローズ,読売ジャイアンツ,2.0,5.0,UNKNOWN,ほっともっとフィールド神戸,excluded,high,False,False,,,[],[],,,,,0,light,2018-03-09T04:00:00+00:00,,UNKNOWN,,,,UNKNOWN,UNKNOWN,,UNKNOWN,,,,,,,,,,,,,,,,,,,,,,,,,,,,,,,,False,False,UNKNOWN,False,False
2018030901,2018-03-09 13:00:00,阪神タイガース,中日ドラゴンズ,2.0,5.0,UNKNOWN,阪神甲子園球場,excluded,high,False,False,,,[],[],,,,,0,light,2018-03-09T04:00:00+00:00,,UNKNOWN,,,,UNKNOWN,UNKNOWN,,UNKNOWN,,,,,,,,,,,,,,,,,,,,,,,,,,,,,,,,False,False,UNKNOWN,False,False
2018030903,2018-03-09 13:00:00,東北楽天ゴールデンイーグルス,埼玉西武ライオンズ,3.0,6.0,UNKNOWN,岡山県倉敷スポーツ公園野球場,excluded,high,False,False,,,[],[],,,,,0,light,2018-03-09T04:00:00+00:00,,UNKNOWN,,,,UNKNOWN,UNKNOWN,,UNKNOWN,,,,,,,,,,,,,,,,,,,,,,,,,,,,,,,,False,False,UNKNOWN,False,False
2018031001,2018-03-10 13:00:00,北海道日本ハムファイターズ,横浜DeNAベイスターズ,10.0,7.0,UNKNOWN,ファイターズスタジアム鎌ケ谷,excluded,high,False,False,,,[],[],,,,,0,light,2018-03-10T04:00:00+00:00,,UNKNOWN,,,,UNKNOWN,UNKNOWN,,UNKNOWN,,,,,,,,,,,,,,,,,,,,,,,,,,,,,,,,False,False,UNKNOWN,False,False
2018031002,2018-03-10 13:00:00,阪神タイガース,中日ドラゴンズ,2.0,2.0,UNKNOWN,阪神甲子園球場,unknown,low,False,False,,,[],[],,,,,0,light,2018-03-10T04:00:00+00:00,,UNKNOWN,,,,UNKNOWN,UNKNOWN,,UNKNOWN,,,,,,,,,,,,,,,,,,,,,,,,,,,,,,,,False,False,UNKNOWN,False,False
2018031003,2018-03-10 13:00:00,オリックス・バファローズ,読売ジャイアンツ,2.0,7.0,UNKNOWN,ほっともっとフィールド神戸,excluded,high,False,False,,,[],[],,,,,0,light,2018-03-10T04:00:00+00:00,,UNKNOWN,,,,UNKNOWN,UNKNOWN,,UNKNOWN,,,,,,,,,,,,,,,,,,,,,,,,,,,,,,,,False,False,UNKNOWN,False,False
2018031004,2018-03-10 13:00:00,東北楽天ゴールデンイーグルス,埼玉西武ライオンズ,4.0,2.0,UNKNOWN,岡山県倉敷スポーツ公園野球場,excluded,high,False,False,,,[],[],,,,,0,light,2018-03-10T04:00:00+00:00,,UNKNOWN,,,,UNKNOWN,UNKNOWN,,UNKNOWN,,,,,,,,,,,,,,,,,,,,,,,,,,,,,,,,False,False,UNKNOWN,False,False
2018031005,2018-03-10 13:00:00,広島東洋カープ,東京ヤクルトスワローズ,6.0,6.0,UNKNOWN,ＭＡＺＤＡ　Ｚｏｏｍ－Ｚｏｏｍ　スタジアム広島,excluded,high,False,False,,,[],[],,,,,0,light,2018-03-10T04:00:00+00:00,,UNKNOWN,,,,UNKNOWN,UNKNOWN,,UNKNOWN,,,,,,,,,,,,,,,,,,,,,,,,,,,,,,,,False,False,UNKNOWN,False,False
2018031006,2018-03-10 13:30:00,福岡ソフトバンクホークス,千葉ロッテマリーンズ,3.0,3.0,UNKNOWN,タマホーム スタジアム筑後,excluded,high,False,False,,,[],[],,,,,0,light,2018-03-10T04:30:00+00:00,,UNKNOWN,,,,UNKNOWN,UNKNOWN,,UNKNOWN,,,,,,,,,,,,,,,,,,,,,,,,,,,,,,,,False,False,UNKNOWN,False,False
2018031101,2018-03-11 13:00:00,北海道日本ハムファイターズ,横浜DeNAベイスターズ,1.0,1.0,UNKNOWN,ファイターズスタジアム鎌ケ谷,excluded,high,False,False,,,[],[],,,,,0,light,2018-03-11T04:00:00+00:00,,UNKNOWN,,,,UNKNOWN,UNKNOWN,,UNKNOWN,,,,,,,,,,,,,,,,,,,,,,,,,,,,,,,,False,False,UNKNOWN,False,False
2018031102,2018-03-11 13:00:00,阪神タイガース,読売ジャイアンツ,6.0,3.0,UNKNOWN,阪神甲子園球場,excluded,high,False,False,,,[],[],,,,,0,light,2018-03-11T04:00:00+00:00,,UNKNOWN,,,,UNKNOWN,UNKNOWN,,UNKNOWN,,,,,,,,,,,,,,,,,,,,,,,,,,,,,,,,False,False,UNKNOWN,False,False
2018031104,2018-03-11 13:00:00,東北楽天ゴールデンイーグルス,中日ドラゴンズ,3.0,0.0,UNKNOWN,岡山県倉敷スポーツ公園野球場,excluded,high,False,False,,,[],[],,,,,0,light,2018-03-11T04:00:00+00:00,,UNKNOWN,,,,UNKNOWN,UNKNOWN,,UNKNOWN,,,,,,,,,,,,,,,,,,,,,,,,,,,,,,,,False,False,UNKNOWN,False,False
2018031105,2018-03-11 13:00:00,広島東洋カープ,東京ヤクルトスワローズ,3.0,3.0,UNKNOWN,竹ケ端運動公園野球場,excluded,high,False,False,,,[],[],,,,,0,light,2018-03-11T04:00:00+00:00,,UNKNOWN,,,,UNKNOWN,UNKNOWN,,UNKNOWN,,,,,,,,,,,,,,,,,,,,,,,,,,,,,,,,False,False,UNKNOWN,False,False
2018031106,2018-03-11 13:00:00,福岡ソフトバンクホークス,千葉ロッテマリーンズ,1.0,2.0,UNKNOWN,北九州市民球場,excluded,high,False,False,,,[],[],,,,,0,light,2018-03-11T04:00:00+00:00,,UNKNOWN,,,,UNKNOWN,UNKNOWN,,UNKNOWN,,,,,,,,,,,,,,,,,,,,,,,,,,,,,,,,False,False,UNKNOWN,False,False
2018031103,2018-03-11 13:00:00,オリックス・バファローズ,埼玉西武ライオンズ,6.0,2.0,UNKNOWN,ほっともっとフィールド神戸,excluded,high,False,False,,,[],[],,,,,0,light,2018-03-11T04:00:00+00:00,,UNKNOWN,,,,UNKNOWN,UNKNOWN,,UNKNOWN,,,,,,,,,,,,,,,,,,,,,,,,,,,,,,,,False,False,UNKNOWN,False,False
2018031301,2018-03-13 13:00:00,千葉ロッテマリーンズ,オリックス・バファローズ,4.0,2.0,UNKNOWN,ＺＯＺＯマリンスタジアム,excluded,high,False,False,,,[],[],,,,,0,light,2018-03-13T04:00:00+00:00,,UNKNOWN,,,,UNKNOWN,UNKNOWN,,UNKNOWN,,,,,,,,,,,,,,,,,,,,,,,,,,,,,,,,False,False,UNKNOWN,False,False
2018031302,2018-03-13 13:00:00,東北楽天ゴールデンイーグルス,横浜DeNAベイスターズ,1.0,7.0,UNKNOWN,草薙総合運動場野球場,excluded,high,False,False,,,[],[],,,,,0,light,2018-03-13T04:00:00+00:00,,UNKNOWN,,,,UNKNOWN,UNKNOWN,,UNKNOWN,,,,,,,,,,,,,,,,,,,,,,,,,,,,,,,,False,False,UNKNOWN,False,False
2018031303,2018-03-13 13:00:00,中日ドラゴンズ,埼玉西武ライオンズ,2.0,0.0,UNKNOWN,小牧市総合運動場野球場,excluded,high,False,False,,,[],[],,,,,0,light,2018-03-13T04:00:00+00:00,,UNKNOWN,,,,UNKNOWN,UNKNOWN,,UNKNOWN,,,,,,,,,,,,,,,,,,,,,,,,,,,,,,,,False,False,UNKNOWN,False,False
2018031304,2018-03-13 13:00:00,阪神タイガース,東京ヤクルトスワローズ,5.0,10.0,UNKNOWN,阪神甲子園球場,unknown,low,False,False,,,[],[],,,,,0,light,2018-03-13T04:00:00+00:00,,UNKNOWN,,,,UNKNOWN,UNKNOWN,,UNKNOWN,,,,,,,,,,,,,,,,,,,,,,,,,,,,,,,,False,False,UNKNOWN,False,False
2018031305,2018-03-13 13:00:00,広島東洋カープ,北海道日本ハムファイターズ,0.0,5.0,UNKNOWN,ＭＡＺＤＡ　Ｚｏｏｍ－Ｚｏｏｍ　スタジアム広島,unknown,low,False,False,,,[],[],,,,,0,light,2018-03-13T04:00:00+00:00,,UNKNOWN,,,,UNKNOWN,UNKNOWN,,UNKNOWN,,,,,,,,,,,,,,,,,,,,,,,,,,,,,,,,False,False,UNKNOWN,False,False
2018031306,2018-03-13 13:00:00,福岡ソフトバンクホークス,読売ジャイアンツ,7.0,8.0,UNKNOWN,別大興産スタジアム,excluded,high,False,False,,,[],[],,,,,0,light,2018-03-13T04:00:00+00:00,,UNKNOWN,,,,UNKNOWN,UNKNOWN,,UNKNOWN,,,,,,,,,,,,,,,,,,,,,,,,,,,,,,,,False,False,UNKNOWN,False,False
2018031401,2018-03-14 13:00:00,千葉ロッテマリーンズ,オリックス・バファローズ,4.0,5.0,UNKNOWN,ＺＯＺＯマリンスタジアム,excluded,high,False,False,,,[],[],,,,,0,light,2018-03-14T04:00:00+00:00,,UNKNOWN,,,,UNKNOWN,UNKNOWN,,UNKNOWN,,,,,,,,,,,,,,,,,,,,,,,,,,,,,,,,False,False,UNKNOWN,False,False
2018031402,2018-03-14 13:00:00,東北楽天ゴールデンイーグルス,横浜DeNAベイスターズ,4.0,6.0,UNKNOWN,草薙総合運動場野球場,excluded,high,False,False,,,[],[],,,,,0,light,2018-03-14T04:00:00+00:00,,UNKNOWN,,,,UNKNOWN,UNKNOWN,,UNKNOWN,,,,,,,,,,,,,,,,,,,,,,,,,,,,,,,,False,False,UNKNOWN,False,False
2018031404,2018-03-14 13:00:00,阪神タイガース,東京ヤクルトスワローズ,2.0,3.0,UNKNOWN,阪神甲子園球場,excluded,high,False,False,,,[],[],,,,,0,light,2018-03-14T04:00:00+00:00,,UNKNOWN,,,,UNKNOWN,UNKNOWN,,UNKNOWN,,,,,,,,,,,,,,,,,,,,,,,,,,,,,,,,False,False,UNKNOWN,False,False
2018031406,2018-03-14 18:00:00,福岡ソフトバンクホークス,読売ジャイアンツ,5.0,6.0,UNKNOWN,福岡 ヤフオク!ドーム,excluded,high,False,False,,,[],[],,,,,0,light,2018-03-14T09:00:00+00:00,,UNKNOWN,,,,UNKNOWN,UNKNOWN,,UNKNOWN,,,,,,,,,,,,,,,,,,,,,,,,,,,,,,,,False,False,UNKNOWN,False,False
2018031403,2018-03-14 14:00:00,中日ドラゴンズ,埼玉西武ライオンズ,3.0,5.0,UNKNOWN,ナゴヤドーム,excluded,high,False,False,,,[],[],,,,,0,light,2018-03-14T05:00:00+00:00,,UNKNOWN,,,,UNKNOWN,UNKNOWN,,UNKNOWN,,,,,,,,,,,,,,,,,,,,,,,,,,,,,,,,False,False,UNKNOWN,False,False
2018031405,2018-03-14 13:00:00,広島東洋カープ,北海道日本ハムファイターズ,1.0,4.0,UNKNOWN,ＭＡＺＤＡ　Ｚｏｏｍ－Ｚｏｏｍ　スタジアム広島,excluded,high,False,False,,,[],[],,,,,0,light,2018-03-14T04:00:00+00:00,,UNKNOWN,,,,UNKNOWN,UNKNOWN,,UNKNOWN,,,,,,,,,,,,,,,,,,,,,,,,,,,,,,,,False,False,UNKNOWN,False,False
2018031501,2018-03-15 18:00:00,福岡ソフトバンクホークス,読売ジャイアンツ,2.0,4.0,UNKNOWN,福岡 ヤフオク!ドーム,excluded,high,False,False,,,[],[],,,,,0,light,2018-03-15T09:00:00+00:00,,UNKNOWN,,,,UNKNOWN,UNKNOWN,,UNKNOWN,,,,,,,,,,,,,,,,,,,,,,,,,,,,,,,,False,False,UNKNOWN,False,False
2018031602,2018-03-16 13:00:00,東京ヤクルトスワローズ,広島東洋カープ,2.0,5.0,UNKNOWN,明治神宮野球場,unknown,low,False,False,,,[],[],,,,,0,light,2018-03-16T04:00:00+00:00,,UNKNOWN,,,,UNKNOWN,UNKNOWN,,UNKNOWN,,,,,,,,,,,,,,,,,,,,,,,,,,,,,,,,False,False,UNKNOWN,False,False
2018031603,2018-03-16 13:00:00,東北楽天ゴールデンイーグルス,阪神タイガース,4.0,12.0,UNKNOWN,草薙総合運動場野球場,excluded,high,False,False,,,[],[],,,,,0,light,2018-03-16T04:00:00+00:00,,UNKNOWN,,,,UNKNOWN,UNKNOWN,,UNKNOWN,,,,,,,,,,,,,,,,,,,,,,,,,,,,,,,,False,False,UNKNOWN,False,False
2018031701,2018-03-17 13:00:00,埼玉西武ライオンズ,読売ジャイアンツ,1.0,2.0,UNKNOWN,メットライフドーム,excluded,high,False,False,,,[],[],,,,,0,light,2018-03-17T04:00:00+00:00,,UNKNOWN,,,,UNKNOWN,UNKNOWN,,UNKNOWN,,,,,,,,,,,,,,,,,,,,,,,,,,,,,,,,False,False,UNKNOWN,False,False
2018031702,2018-03-17 13:00:00,千葉ロッテマリーンズ,福岡ソフトバンクホークス,4.0,3.0,UNKNOWN,ＺＯＺＯマリンスタジアム,excluded,high,False,False,,,[],[],,,,,0,light,2018-03-17T04:00:00+00:00,,UNKNOWN,,,,UNKNOWN,UNKNOWN,,UNKNOWN,,,,,,,,,,,,,,,,,,,,,,,,,,,,,,,,False,False,UNKNOWN,False,False
2018031703,2018-03-17 13:00:00,東京ヤクルトスワローズ,北海道日本ハムファイターズ,7.0,6.0,UNKNOWN,明治神宮野球場,excluded,high,False,False,,,[],[],,,,,0,light,2018-03-17T04:00:00+00:00,,UNKNOWN,,,,UNKNOWN,UNKNOWN,,UNKNOWN,,,,,,,,,,,,,,,,,,,,,,,,,,,,,,,,False,False,UNKNOWN,False,False
2018031704,2018-03-17 13:00:00,東北楽天ゴールデンイーグルス,広島東洋カープ,5.0,3.0,UNKNOWN,草薙総合運動場野球場,excluded,high,False,False,,,[],[],,,,,0,light,2018-03-17T04:00:00+00:00,,UNKNOWN,,,,UNKNOWN,UNKNOWN,,UNKNOWN,,,,,,,,,,,,,,,,,,,,,,,,,,,,,,,,False,False,UNKNOWN,False,False
2018031706,2018-03-17 13:00:00,オリックス・バファローズ,横浜DeNAベイスターズ,3.0,1.0,UNKNOWN,京セラドーム大阪,excluded,high,False,False,,,[],[],,,,,0,light,2018-03-17T04:00:00+00:00,,UNKNOWN,,,,UNKNOWN,UNKNOWN,,UNKNOWN,,,,,,,,,,,,,,,,,,,,,,,,,,,,,,,,False,False,UNKNOWN,False,False
2018031705,2018-03-17 14:00:00,中日ドラゴンズ,阪神タイガース,12.0,2.0,UNKNOWN,ナゴヤドーム,excluded,high,False,False,,,[],[],,,,,0,light,2018-03-17T05:00:00+00:00,,UNKNOWN,,,,UNKNOWN,UNKNOWN,,UNKNOWN,,,,,,,,,,,,,,,,,,,,,,,,,,,,,,,,False,False,UNKNOWN,False,False
2018031802,2018-03-18 13:00:00,千葉ロッテマリーンズ,読売ジャイアンツ,3.0,5.0,UNKNOWN,ＺＯＺＯマリンスタジアム,excluded,high,False,False,,,[],[],,,,,0,light,2018-03-18T04:00:00+00:00,,UNKNOWN,,,,UNKNOWN,UNKNOWN,,UNKNOWN,,,,,,,,,,,,,,,,,,,,,,,,,,,,,,,,False,False,UNKNOWN,False,False
2018031801,2018-03-18 13:00:00,埼玉西武ライオンズ,北海道日本ハムファイターズ,4.0,1.0,UNKNOWN,メットライフドーム,excluded,high,False,False,,,[],[],,,,,0,light,2018-03-18T04:00:00+00:00,,UNKNOWN,,,,UNKNOWN,UNKNOWN,,UNKNOWN,,,,,,,,,,,,,,,,,,,,,,,,,,,,,,,,False,False,UNKNOWN,False,False
2018031803,2018-03-18 13:00:00,東京ヤクルトスワローズ,福岡ソフトバンクホークス,7.0,6.0,UNKNOWN,明治神宮野球場,excluded,high,False,False,,,[],[],,,,,0,light,2018-03-18T04:00:00+00:00,,UNKNOWN,,,,UNKNOWN,UNKNOWN,,UNKNOWN,,,,,,,,,,,,,,,,,,,,,,,,,,,,,,,,False,False,UNKNOWN,False,False
2018031804,2018-03-18 13:00:00,東北楽天ゴールデンイーグルス,広島東洋カープ,5.0,4.0,UNKNOWN,草薙総合運動場野球場,excluded,high,False,False,,,[],[],,,,,0,light,2018-03-18T04:00:00+00:00,,UNKNOWN,,,,UNKNOWN,UNKNOWN,,UNKNOWN,,,,,,,,,,,,,,,,,,,,,,,,,,,,,,,,False,False,UNKNOWN,False,False
2018031806,2018-03-18 13:00:00,オリックス・バファローズ,横浜DeNAベイスターズ,1.0,3.0,UNKNOWN,京セラドーム大阪,excluded,high,False,False,,,[],[],,,,,0,light,2018-03-18T04:00:00+00:00,,UNKNOWN,,,,UNKNOWN,UNKNOWN,,UNKNOWN,,,,,,,,,,,,,,,,,,,,,,,,,,,,,,,,False,False,UNKNOWN,False,False
2018031805,2018-03-18 14:00:00,中日ドラゴンズ,阪神タイガース,8.0,0.0,UNKNOWN,ナゴヤドーム,excluded,high,False,False,,,[],[],,,,,0,light,2018-03-18T05:00:00+00:00,,UNKNOWN,,,,UNKNOWN,UNKNOWN,,UNKNOWN,,,,,,,,,,,,,,,,,,,,,,,,,,,,,,,,False,False,UNKNOWN,False,False
2018032001,2018-03-20 13:00:00,埼玉西武ライオンズ,千葉ロッテマリーンズ,0.0,0.0,UNKNOWN,メットライフドーム,excluded,high,False,False,,,[],[],,,,,0,light,2018-03-20T04:00:00+00:00,,UNKNOWN,,,,UNKNOWN,UNKNOWN,,UNKNOWN,,,,,,,,,,,,,,,,,,,,,,,,,,,,,,,,False,False,UNKNOWN,False,False
2018032005,2018-03-20 13:00:00,オリックス・バファローズ,広島東洋カープ,12.0,2.0,UNKNOWN,ほっともっとフィールド神戸,excluded,high,False,False,,,[],[],,,,,0,light,2018-03-20T04:00:00+00:00,,UNKNOWN,,,,UNKNOWN,UNKNOWN,,UNKNOWN,,,,,,,,,,,,,,,,,,,,,,,,,,,,,,,,False,False,UNKNOWN,False,False
2018032002,2018-03-20 18:00:00,読売ジャイアンツ,北海道日本ハムファイターズ,1.0,3.0,UNKNOWN,東京ドーム,excluded,high,False,False,,,[],[],,,,,0,light,2018-03-20T09:00:00+00:00,,UNKNOWN,,,,UNKNOWN,UNKNOWN,,UNKNOWN,,,,,,,,,,,,,,,,,,,,,,,,,,,,,,,,False,False,UNKNOWN,False,False
2018032006,2018-03-20 18:00:00,福岡ソフトバンクホークス,中日ドラゴンズ,8.0,5.0,UNKNOWN,福岡 ヤフオク!ドーム,excluded,high,False,False,,,[],[],,,,,0,light,2018-03-20T09:00:00+00:00,,UNKNOWN,,,,UNKNOWN,UNKNOWN,,UNKNOWN,,,,,,,,,,,,,,,,,,,,,,,,,,,,,,,,False,False,UNKNOWN,False,False
2018032101,2018-03-21 13:00:00,埼玉西武ライオンズ,東北楽天ゴールデンイーグルス,3.0,3.0,UNKNOWN,メットライフドーム,excluded,high,False,False,,,[],[],,,,,0,light,2018-03-21T04:00:00+00:00,,UNKNOWN,,,,UNKNOWN,UNKNOWN,,UNKNOWN,,,,,,,,,,,,,,,,,,,,,,,,,,,,,,,,False,False,UNKNOWN,False,False
2018032106,2018-03-21 13:00:00,福岡ソフトバンクホークス,中日ドラゴンズ,3.0,4.0,UNKNOWN,福岡 ヤフオク!ドーム,excluded,high,False,False,,,[],[],,,,,0,light,2018-03-21T04:00:00+00:00,,UNKNOWN,,,,UNKNOWN,UNKNOWN,,UNKNOWN,,,,,,,,,,,,,,,,,,,,,,,,,,,,,,,,False,False,UNKNOWN,False,False
2018032302,2018-03-23 13:00:00,埼玉西武ライオンズ,横浜DeNAベイスターズ,4.0,0.0,UNKNOWN,メットライフドーム,unknown,low,False,False,,,[],[],,,,,0,light,2018-03-23T04:00:00+00:00,,UNKNOWN,,,,UNKNOWN,UNKNOWN,,UNKNOWN,,,,,,,,,,,,,,,,,,,,,,,,,,,,,,,,False,False,UNKNOWN,False,False
2018032301,2018-03-23 18:00:00,北海道日本ハムファイターズ,東京ヤクルトスワローズ,7.0,7.0,UNKNOWN,札幌ドーム,excluded,high,False,False,,,[],[],,,,,0,light,2018-03-23T09:00:00+00:00,,UNKNOWN,,,,UNKNOWN,UNKNOWN,,UNKNOWN,,,,,,,,,,,,,,,,,,,,,,,,,,,,,,,,False,False,UNKNOWN,False,False
2018032303,2018-03-23 18:00:00,読売ジャイアンツ,東北楽天ゴールデンイーグルス,1.0,5.0,UNKNOWN,東京ドーム,excluded,high,False,False,,,[],[],,,,,0,light,2018-03-23T09:00:00+00:00,,UNKNOWN,,,,UNKNOWN,UNKNOWN,,UNKNOWN,,,,,,,,,,,,,,,,,,,,,,,,,,,,,,,,False,False,UNKNOWN,False,False
2018032304,2018-03-23 18:00:00,中日ドラゴンズ,千葉ロッテマリーンズ,1.0,6.0,UNKNOWN,ナゴヤドーム,excluded,high,False,False,,,[],[],,,,,0,light,2018-03-23T09:00:00+00:00,,UNKNOWN,,,,UNKNOWN,UNKNOWN,,UNKNOWN,,,,,,,,,,,,,,,,,,,,,,,,,,,,,,,,False,False,UNKNOWN,False,False
2018032305,2018-03-23 18:00:00,オリックス・バファローズ,阪神タイガース,3.0,1.0,UNKNOWN,京セラドーム大阪,excluded,high,False,False,,,[],[],,,,,0,light,2018-03-23T09:00:00+00:00,,UNKNOWN,,,,UNKNOWN,UNKNOWN,,UNKNOWN,,,,,,,,,,,,,,,,,,,,,,,,,,,,,,,,False,False,UNKNOWN,False,False
2018032306,2018-03-23 18:00:00,福岡ソフトバンクホークス,広島東洋カープ,5.0,3.0,UNKNOWN,福岡 ヤフオク!ドーム,excluded,high,False,False,,,[],[],,,,,0,light,2018-03-23T09:00:00+00:00,,UNKNOWN,,,,UNKNOWN,UNKNOWN,,UNKNOWN,,,,,,,,,,,,,,,,,,,,,,,,,,,,,,,,False,False,UNKNOWN,False,False
2018032402,2018-03-24 13:00:00,埼玉西武ライオンズ,横浜DeNAベイスターズ,4.0,8.0,UNKNOWN,メットライフドーム,excluded,high,False,False,,,[],[],,,,,0,light,2018-03-24T04:00:00+00:00,,UNKNOWN,,,,UNKNOWN,UNKNOWN,,UNKNOWN,,,,,,,,,,,,,,,,,,,,,,,,,,,,,,,,False,False,UNKNOWN,False,False
2018032401,2018-03-24 14:00:00,北海道日本ハムファイターズ,東京ヤクルトスワローズ,2.0,1.0,UNKNOWN,札幌ドーム,excluded,high,False,False,,,[],[],,,,,0,light,2018-03-24T05:00:00+00:00,,UNKNOWN,,,,UNKNOWN,UNKNOWN,,UNKNOWN,,,,,,,,,,,,,,,,,,,,,,,,,,,,,,,,False,False,UNKNOWN,False,False
2018032406,2018-03-24 13:00:00,福岡ソフトバンクホークス,広島東洋カープ,6.0,5.0,UNKNOWN,福岡 ヤフオク!ドーム,excluded,high,False,False,,,[],[],,,,,0,light,2018-03-24T04:00:00+00:00,,UNKNOWN,,,,UNKNOWN,UNKNOWN,,UNKNOWN,,,,,,,,,,,,,,,,,,,,,,,,,,,,,,,,False,False,UNKNOWN,False,False
2018032403,2018-03-24 14:00:00,読売ジャイアンツ,東北楽天ゴールデンイーグルス,2.0,2.0,UNKNOWN,東京ドーム,excluded,high,False,False,,,[],[],,,,,0,light,2018-03-24T05:00:00+00:00,,UNKNOWN,,,,UNKNOWN,UNKNOWN,,UNKNOWN,,,,,,,,,,,,,,,,,,,,,,,,,,,,,,,,False,False,UNKNOWN,False,False
2018032404,2018-03-24 14:00:00,中日ドラゴンズ,千葉ロッテマリーンズ,9.0,3.0,UNKNOWN,ナゴヤドーム,unknown,low,False,False,,,[],[],,,,,0,light,2018-03-24T05:00:00+00:00,,UNKNOWN,,,,UNKNOWN,UNKNOWN,,UNKNOWN,,,,,,,,,,,,,,,,,,,,,,,,,,,,,,,,False,False,UNKNOWN,False,False
2018032405,2018-03-24 14:00:00,阪神タイガース,オリックス・バファローズ,2.0,6.0,UNKNOWN,京セラドーム大阪,excluded,high,False,False,,,[],[],,,,,0,light,2018-03-24T05:00:00+00:00,,UNKNOWN,,,,UNKNOWN,UNKNOWN,,UNKNOWN,,,,,,,,,,,,,,,,,,,,,,,,,,,,,,,,False,False,UNKNOWN,False,False
2018032501,2018-03-25 13:00:00,北海道日本ハムファイターズ,東京ヤクルトスワローズ,3.0,1.0,UNKNOWN,札幌ドーム,excluded,high,False,False,,,[],[],,,,,0,light,2018-03-25T04:00:00+00:00,,UNKNOWN,,,,UNKNOWN,UNKNOWN,,UNKNOWN,,,,,,,,,,,,,,,,,,,,,,,,,,,,,,,,False,False,UNKNOWN,False,False
2018032502,2018-03-25 13:00:00,横浜DeNAベイスターズ,埼玉西武ライオンズ,4.0,6.0,UNKNOWN,横浜スタジアム,excluded,high,False,False,,,[],[],,,,,0,light,2018-03-25T04:00:00+00:00,,UNKNOWN,,,,UNKNOWN,UNKNOWN,,UNKNOWN,,,,,,,,,,,,,,,,,,,,,,,,,,,,,,,,False,False,UNKNOWN,False,False
2018032503,2018-03-25 14:00:00,読売ジャイアンツ,東北楽天ゴールデンイーグルス,4.0,3.0,UNKNOWN,東京ドーム,excluded,high,False,False,,,[],[],,,,,0,light,2018-03-25T05:00:00+00:00,,UNKNOWN,,,,UNKNOWN,UNKNOWN,,UNKNOWN,,,,,,,,,,,,,,,,,,,,,,,,,,,,,,,,False,False,UNKNOWN,False,False
2018032504,2018-03-25 14:00:00,中日ドラゴンズ,千葉ロッテマリーンズ,2.0,7.0,UNKNOWN,ナゴヤドーム,excluded,high,False,False,,,[],[],,,,,0,light,2018-03-25T05:00:00+00:00,,UNKNOWN,,,,UNKNOWN,UNKNOWN,,UNKNOWN,,,,,,,,,,,,,,,,,,,,,,,,,,,,,,,,False,False,UNKNOWN,False,False
2018032505,2018-03-25 14:00:00,オリックス・バファローズ,阪神タイガース,1.0,1.0,UNKNOWN,京セラドーム大阪,excluded,high,False,False,,,[],[],,,,,0,light,2018-03-25T05:00:00+00:00,,UNKNOWN,,,,UNKNOWN,UNKNOWN,,UNKNOWN,,,,,,,,,,,,,,,,,,,,,,,,,,,,,,,,False,False,UNKNOWN,False,False
2018032506,2018-03-25 14:00:00,広島東洋カープ,福岡ソフトバンクホークス,4.0,2.0,UNKNOWN,ＭＡＺＤＡ　Ｚｏｏｍ－Ｚｏｏｍ　スタジアム広島,excluded,high,False,False,,,[],[],,,,,0,light,2018-03-25T05:00:00+00:00,,UNKNOWN,,,,UNKNOWN,UNKNOWN,,UNKNOWN,,,,,,,,,,,,,,,,,,,,,,,,,,,,,,,,False,False,UNKNOWN,False,False
2018033001,2018-03-30 18:00:00,読売ジャイアンツ,阪神タイガース,1.0,5.0,UNKNOWN,東京ドーム,excluded,high,False,False,,,[],[],,,,,0,light,2018-03-30T09:00:00+00:00,,UNKNOWN,,,,UNKNOWN,UNKNOWN,,UNKNOWN,,,,,,,,,,,,,,,,,,,,,,,,,,,,,,,,False,False,UNKNOWN,False,False
2018033003,2018-03-30 18:00:00,広島東洋カープ,中日ドラゴンズ,6.0,3.0,UNKNOWN,ＭＡＺＤＡ　Ｚｏｏｍ－Ｚｏｏｍ　スタジアム広島,excluded,high,False,False,,,[],[],,,,,0,light,2018-03-30T09:00:00+00:00,,UNKNOWN,,,,UNKNOWN,UNKNOWN,,UNKNOWN,,,,,,,,,,,,,,,,,,,,,,,,,,,,,,,,False,False,UNKNOWN,False,False
2018033002,2018-03-30 18:30:00,横浜DeNAベイスターズ,東京ヤクルトスワローズ,3.0,7.0,UNKNOWN,横浜スタジアム,excluded,high,False,False,,,[],[],,,,,0,light,2018-03-30T09:30:00+00:00,,UNKNOWN,,,,UNKNOWN,UNKNOWN,,UNKNOWN,,,,,,,,,,,,,,,,,,,,,,,,,,,,,,,,False,False,UNKNOWN,False,False
2018033004,2018-03-30 18:30:00,北海道日本ハムファイターズ,埼玉西武ライオンズ,2.0,11.0,UNKNOWN,札幌ドーム,excluded,high,False,False,,,[],[],,,,,0,light,2018-03-30T09:30:00+00:00,,UNKNOWN,,,,UNKNOWN,UNKNOWN,,UNKNOWN,,,,,,,,,,,,,,,,,,,,,,,,,,,,,,,,False,False,UNKNOWN,False,False
2018033005,2018-03-30 18:30:00,千葉ロッテマリーンズ,東北楽天ゴールデンイーグルス,2.0,3.0,UNKNOWN,ＺＯＺＯマリンスタジアム,excluded,high,False,False,,,[],[],,,,,0,light,2018-03-30T09:30:00+00:00,,UNKNOWN,,,,UNKNOWN,UNKNOWN,,UNKNOWN,,,,,,,,,,,,,,,,,,,,,,,,,,,,,,,,False,False,UNKNOWN,False,False
2018033006,2018-03-30 18:30:00,福岡ソフトバンクホークス,オリックス・バファローズ,2.0,0.0,UNKNOWN,福岡 ヤフオク!ドーム,excluded,high,False,False,,,[],[],,,,,0,light,2018-03-30T09:30:00+00:00,,UNKNOWN,,,,UNKNOWN,UNKNOWN,,UNKNOWN,,,,,,,,,,,,,,,,,,,,,,,,,,,,,,,,False,False,UNKNOWN,False,False
2018033101,2018-03-31 14:00:00,読売ジャイアンツ,阪神タイガース,8.0,4.0,UNKNOWN,東京ドーム,unknown,low,False,False,,,[],[],,,,,0,light,2018-03-31T05:00:00+00:00,,UNKNOWN,,,,UNKNOWN,UNKNOWN,,UNKNOWN,,,,,,,,,,,,,,,,,,,,,,,,,,,,,,,,False,False,UNKNOWN,False,False
2018033102,2018-03-31 14:00:00,横浜DeNAベイスターズ,東京ヤクルトスワローズ,3.0,5.0,UNKNOWN,横浜スタジアム,excluded,high,False,False,,,[],[],,,,,0,light,2018-03-31T05:00:00+00:00,,UNKNOWN,,,,UNKNOWN,UNKNOWN,,UNKNOWN,,,,,,,,,,,,,,,,,,,,,,,,,,,,,,,,False,False,UNKNOWN,False,False
2018033106,2018-03-31 13:00:00,福岡ソフトバンクホークス,オリックス・バファローズ,4.0,8.0,UNKNOWN,福岡 ヤフオク!ドーム,excluded,high,False,False,,,[],[],,,,,0,light,2018-03-31T04:00:00+00:00,,UNKNOWN,,,,UNKNOWN,UNKNOWN,,UNKNOWN,,,,,,,,,,,,,,,,,,,,,,,,,,,,,,,,False,False,UNKNOWN,False,False
2018033103,2018-03-31 14:00:00,広島東洋カープ,中日ドラゴンズ,6.0,2.0,UNKNOWN,ＭＡＺＤＡ　Ｚｏｏｍ－Ｚｏｏｍ　スタジアム広島,unknown,low,False,False,,,[],[],,,,,0,light,2018-03-31T05:00:00+00:00,,UNKNOWN,,,,UNKNOWN,UNKNOWN,,UNKNOWN,,,,,,,,,,,,,,,,,,,,,,,,,,,,,,,,False,False,UNKNOWN,False,False
2018033105,2018-03-31 14:00:00,千葉ロッテマリーンズ,東北楽天ゴールデンイーグルス,6.0,2.0,UNKNOWN,ＺＯＺＯマリンスタジアム,unknown,low,False,False,,,[],[],,,,,0,light,2018-03-31T05:00:00+00:00,,UNKNOWN,,,,UNKNOWN,UNKNOWN,,UNKNOWN,,,,,,,,,,,,,,,,,,,,,,,,,,,,,,,,False,False,UNKNOWN,False,False
2018033104,2018-03-31 14:30:00,北海道日本ハムファイターズ,埼玉西武ライオンズ,2.0,7.0,UNKNOWN,札幌ドーム,unknown,low,False,False,,,[],[],,,,,0,light,2018-03-31T05:30:00+00:00,,UNKNOWN,,,,UNKNOWN,UNKNOWN,,UNKNOWN,,,,,,,,,,,,,,,,,,,,,,,,,,,,,,,,False,False,UNKNOWN,False,False
2018040102,2018-04-01 13:00:00,横浜DeNAベイスターズ,東京ヤクルトスワローズ,3.0,1.0,UNKNOWN,横浜スタジアム,excluded,high,False,False,,,[],[],,,,,0,light,2018-04-01T04:00:00+00:00,,UNKNOWN,,,,UNKNOWN,UNKNOWN,,UNKNOWN,,,,,,,,,,,,,,,,,,,,,,,,,,,,,,,,False,False,UNKNOWN,False,False
2018040103,2018-04-01 13:30:00,広島東洋カープ,中日ドラゴンズ,8.0,3.0,UNKNOWN,ＭＡＺＤＡ　Ｚｏｏｍ－Ｚｏｏｍ　スタジアム広島,unknown,low,False,False,,,[],[],,,,,0,light,2018-04-01T04:30:00+00:00,,UNKNOWN,,,,UNKNOWN,UNKNOWN,,UNKNOWN,,,,,,,,,,,,,,,,,,,,,,,,,,,,,,,,False,False,UNKNOWN,False,False
2018040106,2018-04-01 13:00:00,福岡ソフトバンクホークス,オリックス・バファローズ,12.0,3.0,UNKNOWN,福岡 ヤフオク!ドーム,unknown,low,False,False,,,[],[],,,,,0,light,2018-04-01T04:00:00+00:00,,UNKNOWN,,,,UNKNOWN,UNKNOWN,,UNKNOWN,,,,,,,,,,,,,,,,,,,,,,,,,,,,,,,,False,False,UNKNOWN,False,False
2018040101,2018-04-01 14:00:00,読売ジャイアンツ,阪神タイガース,3.0,2.0,UNKNOWN,東京ドーム,unknown,low,False,False,,,[],[],,,,,0,light,2018-04-01T05:00:00+00:00,,UNKNOWN,,,,UNKNOWN,UNKNOWN,,UNKNOWN,,,,,,,,,,,,,,,,,,,,,,,,,,,,,,,,False,False,UNKNOWN,False,False
2018040104,2018-04-01 14:00:00,北海道日本ハムファイターズ,埼玉西武ライオンズ,1.0,4.0,UNKNOWN,札幌ドーム,unknown,low,False,False,,,[],[],,,,,0,light,2018-04-01T05:00:00+00:00,,UNKNOWN,,,,UNKNOWN,UNKNOWN,,UNKNOWN,,,,,,,,,,,,,,,,,,,,,,,,,,,,,,,,False,False,UNKNOWN,False,False
2018040105,2018-04-01 14:00:00,千葉ロッテマリーンズ,東北楽天ゴールデンイーグルス,5.0,4.0,UNKNOWN,ＺＯＺＯマリンスタジアム,excluded,high,False,False,,,[],[],,,,,0,light,2018-04-01T05:00:00+00:00,,UNKNOWN,,,,UNKNOWN,UNKNOWN,,UNKNOWN,,,,,,,,,,,,,,,,,,,,,,,,,,,,,,,,False,False,UNKNOWN,False,False
2018040301,2018-04-03 18:00:00,東京ヤクルトスワローズ,広島東洋カープ,3.0,6.0,UNKNOWN,明治神宮野球場,excluded,high,False,False,,,[],[],,,,,0,light,2018-04-03T09:00:00+00:00,,UNKNOWN,,,,UNKNOWN,UNKNOWN,,UNKNOWN,,,,,,,,,,,,,,,,,,,,,,,,,,,,,,,,False,False,UNKNOWN,False,False
2018040303,2018-04-03 16:00:00,東北楽天ゴールデンイーグルス,北海道日本ハムファイターズ,0.0,2.0,UNKNOWN,楽天生命パーク宮城,unknown,low,False,False,,,[],[],,,,,0,light,2018-04-03T07:00:00+00:00,,UNKNOWN,,,,UNKNOWN,UNKNOWN,,UNKNOWN,,,,,,,,,,,,,,,,,,,,,,,,,,,,,,,,False,False,UNKNOWN,False,False
2018040304,2018-04-03 18:00:00,埼玉西武ライオンズ,福岡ソフトバンクホークス,7.0,4.0,UNKNOWN,メットライフドーム,excluded,high,False,False,,,[],[],,,,,0,light,2018-04-03T09:00:00+00:00,,UNKNOWN,,,,UNKNOWN,UNKNOWN,,UNKNOWN,,,,,,,,,,,,,,,,,,,,,,,,,,,,,,,,False,False,UNKNOWN,False,False
2018040305,2018-04-03 18:00:00,オリックス・バファローズ,千葉ロッテマリーンズ,1.0,4.0,UNKNOWN,京セラドーム大阪,unknown,low,False,False,,,[],[],,,,,0,light,2018-04-03T09:00:00+00:00,,UNKNOWN,,,,UNKNOWN,UNKNOWN,,UNKNOWN,,,,,,,,,,,,,,,,,,,,,,,,,,,,,,,,False,False,UNKNOWN,False,False
2018040302,2018-04-03 18:15:00,中日ドラゴンズ,読売ジャイアンツ,3.0,10.0,UNKNOWN,ナゴヤドーム,excluded,high,False,False,,,[],[],,,,,0,light,2018-04-03T09:15:00+00:00,,UNKNOWN,,,,UNKNOWN,UNKNOWN,,UNKNOWN,,,,,,,,,,,,,,,,,,,,,,,,,,,,,,,,False,False,UNKNOWN,False,False
2018040404,2018-04-04 13:00:00,東北楽天ゴールデンイーグルス,北海道日本ハムファイターズ,2.0,5.0,UNKNOWN,楽天生命パーク宮城,excluded,high,False,False,,,[],[],,,,,0,light,2018-04-04T04:00:00+00:00,,UNKNOWN,,,,UNKNOWN,UNKNOWN,,UNKNOWN,,,,,,,,,,,,,,,,,,,,,,,,,,,,,,,,False,False,UNKNOWN,False,False
2018040405,2018-04-04 14:00:00,埼玉西武ライオンズ,福岡ソフトバンクホークス,2.0,1.0,UNKNOWN,メットライフドーム,unknown,low,False,False,,,[],[],,,,,0,light,2018-04-04T05:00:00+00:00,,UNKNOWN,,,,UNKNOWN,UNKNOWN,,UNKNOWN,,,,,,,,,,,,,,,,,,,,,,,,,,,,,,,,False,False,UNKNOWN,False,False
2018040401,2018-04-04 18:00:00,東京ヤクルトスワローズ,広島東洋カープ,8.0,5.0,UNKNOWN,明治神宮野球場,excluded,high,False,False,,,[],[],,,,,0,light,2018-04-04T09:00:00+00:00,,UNKNOWN,,,,UNKNOWN,UNKNOWN,,UNKNOWN,,,,,,,,,,,,,,,,,,,,,,,,,,,,,,,,False,False,UNKNOWN,False,False
2018040402,2018-04-04 18:00:00,横浜DeNAベイスターズ,阪神タイガース,1.0,2.0,UNKNOWN,横浜スタジアム,unknown,low,False,False,,,[],[],,,,,0,light,2018-04-04T09:00:00+00:00,,UNKNOWN,,,,UNKNOWN,UNKNOWN,,UNKNOWN,,,,,,,,,,,,,,,,,,,,,,,,,,,,,,,,False,False,UNKNOWN,False,False
2018040403,2018-04-04 18:00:00,中日ドラゴンズ,読売ジャイアンツ,4.0,1.0,UNKNOWN,ナゴヤドーム,unknown,low,False,False,,,[],[],,,,,0,light,2018-04-04T09:00:00+00:00,,UNKNOWN,,,,UNKNOWN,UNKNOWN,,UNKNOWN,,,,,,,,,,,,,,,,,,,,,,,,,,,,,,,,False,False,UNKNOWN,False,False
2018040406,2018-04-04 18:00:00,オリックス・バファローズ,千葉ロッテマリーンズ,7.0,1.0,UNKNOWN,京セラドーム大阪,excluded,high,False,False,,,[],[],,,,,0,light,2018-04-04T09:00:00+00:00,,UNKNOWN,,,,UNKNOWN,UNKNOWN,,UNKNOWN,,,,,,,,,,,,,,,,,,,,,,,,,,,,,,,,False,False,UNKNOWN,False,False
2018040504,2018-04-05 13:00:00,東北楽天ゴールデンイーグルス,北海道日本ハムファイターズ,1.0,3.0,UNKNOWN,楽天生命パーク宮城,excluded,high,False,False,,,[],[],,,,,0,light,2018-04-05T04:00:00+00:00,,UNKNOWN,,,,UNKNOWN,UNKNOWN,,UNKNOWN,,,,,,,,,,,,,,,,,,,,,,,,,,,,,,,,False,False,UNKNOWN,False,False
2018040501,2018-04-05 18:00:00,東京ヤクルトスワローズ,広島東洋カープ,4.0,5.0,UNKNOWN,明治神宮野球場,unknown,low,False,False,,,[],[],,,,,0,light,2018-04-05T09:00:00+00:00,,UNKNOWN,,,,UNKNOWN,UNKNOWN,,UNKNOWN,,,,,,,,,,,,,,,,,,,,,,,,,,,,,,,,False,False,UNKNOWN,False,False
2018040502,2018-04-05 18:00:00,横浜DeNAベイスターズ,阪神タイガース,0.0,2.0,UNKNOWN,横浜スタジアム,excluded,high,False,False,,,[],[],,,,,0,light,2018-04-05T09:00:00+00:00,,UNKNOWN,,,,UNKNOWN,UNKNOWN,,UNKNOWN,,,,,,,,,,,,,,,,,,,,,,,,,,,,,,,,False,False,UNKNOWN,False,False
2018040503,2018-04-05 18:00:00,中日ドラゴンズ,読売ジャイアンツ,2.0,3.0,UNKNOWN,ナゴヤドーム,excluded,high,False,False,,,[],[],,,,,0,light,2018-04-05T09:00:00+00:00,,UNKNOWN,,,,UNKNOWN,UNKNOWN,,UNKNOWN,,,,,,,,,,,,,,,,,,,,,,,,,,,,,,,,False,False,UNKNOWN,False,False
2018040601,2018-04-06 18:00:00,東京ヤクルトスワローズ,読売ジャイアンツ,6.0,0.0,UNKNOWN,明治神宮野球場,unknown,low,False,False,,,[],[],,,,,0,light,2018-04-06T09:00:00+00:00,,UNKNOWN,,,,UNKNOWN,UNKNOWN,,UNKNOWN,,,,,,,,,,,,,,,,,,,,,,,,,,,,,,,,False,False,UNKNOWN,False,False
2018040505,2018-04-05 18:00:00,オリックス・バファローズ,千葉ロッテマリーンズ,5.0,9.0,UNKNOWN,京セラドーム大阪,unknown,low,False,False,,,[],[],,,,,0,light,2018-04-05T09:00:00+00:00,,UNKNOWN,,,,UNKNOWN,UNKNOWN,,UNKNOWN,,,,,,,,,,,,,,,,,,,,,,,,,,,,,,,,False,False,UNKNOWN,False,False
2018040602,2018-04-06 18:00:00,阪神タイガース,中日ドラゴンズ,2.0,3.0,UNKNOWN,京セラドーム大阪,unknown,low,False,False,,,[],[],,,,,0,light,2018-04-06T09:00:00+00:00,,UNKNOWN,,,,UNKNOWN,UNKNOWN,,UNKNOWN,,,,,,,,,,,,,,,,,,,,,,,,,,,,,,,,False,False,UNKNOWN,False,False
2018040603,2018-04-06 18:00:00,広島東洋カープ,横浜DeNAベイスターズ,7.0,3.0,UNKNOWN,ＭＡＺＤＡ　Ｚｏｏｍ－Ｚｏｏｍ　スタジアム広島,unknown,low,False,False,,,[],[],,,,,0,light,2018-04-06T09:00:00+00:00,,UNKNOWN,,,,UNKNOWN,UNKNOWN,,UNKNOWN,,,,,,,,,,,,,,,,,,,,,,,,,,,,,,,,False,False,UNKNOWN,False,False
2018040604,2018-04-06 18:00:00,北海道日本ハムファイターズ,千葉ロッテマリーンズ,3.0,2.0,UNKNOWN,東京ドーム,unknown,low,False,False,,,[],[],,,,,0,light,2018-04-06T09:00:00+00:00,,UNKNOWN,,,,UNKNOWN,UNKNOWN,,UNKNOWN,,,,,,,,,,,,,,,,,,,,,,,,,,,,,,,,False,False,UNKNOWN,False,False
2018040605,2018-04-06 18:00:00,東北楽天ゴールデンイーグルス,福岡ソフトバンクホークス,7.0,2.0,UNKNOWN,楽天生命パーク宮城,unknown,low,False,False,,,[],[],,,,,0,light,2018-04-06T09:00:00+00:00,,UNKNOWN,,,,UNKNOWN,UNKNOWN,,UNKNOWN,,,,,,,,,,,,,,,,,,,,,,,,,,,,,,,,False,False,UNKNOWN,False,False
2018040606,2018-04-06 18:00:00,埼玉西武ライオンズ,オリックス・バファローズ,5.0,1.0,UNKNOWN,メットライフドーム,unknown,low,False,False,,,[],[],,,,,0,light,2018-04-06T09:00:00+00:00,,UNKNOWN,,,,UNKNOWN,UNKNOWN,,UNKNOWN,,,,,,,,,,,,,,,,,,,,,,,,,,,,,,,,False,False,UNKNOWN,False,False
2018040701,2018-04-07 14:00:00,東京ヤクルトスワローズ,読売ジャイアンツ,15.0,8.0,UNKNOWN,明治神宮野球場,unknown,low,False,False,,,[],[],,,,,0,light,2018-04-07T05:00:00+00:00,,UNKNOWN,,,,UNKNOWN,UNKNOWN,,UNKNOWN,,,,,,,,,,,,,,,,,,,,,,,,,,,,,,,,False,False,UNKNOWN,False,False
2018040702,2018-04-07 14:00:00,阪神タイガース,中日ドラゴンズ,3.0,1.0,UNKNOWN,京セラドーム大阪,unknown,low,False,False,,,[],[],,,,,0,light,2018-04-07T05:00:00+00:00,,UNKNOWN,,,,UNKNOWN,UNKNOWN,,UNKNOWN,,,,,,,,,,,,,,,,,,,,,,,,,,,,,,,,False,False,UNKNOWN,False,False
2018040704,2018-04-07 14:00:00,北海道日本ハムファイターズ,千葉ロッテマリーンズ,9.0,6.0,UNKNOWN,東京ドーム,unknown,low,False,False,,,[],[],,,,,0,light,2018-04-07T05:00:00+00:00,,UNKNOWN,,,,UNKNOWN,UNKNOWN,,UNKNOWN,,,,,,,,,,,,,,,,,,,,,,,,,,,,,,,,False,False,UNKNOWN,False,False
2018040703,2018-04-07 14:00:00,広島東洋カープ,横浜DeNAベイスターズ,2.0,4.0,UNKNOWN,ＭＡＺＤＡ　Ｚｏｏｍ－Ｚｏｏｍ　スタジアム広島,unknown,low,False,False,,,[],[],,,,,0,light,2018-04-07T05:00:00+00:00,,UNKNOWN,,,,UNKNOWN,UNKNOWN,,UNKNOWN,,,,,,,,,,,,,,,,,,,,,,,,,,,,,,,,False,False,UNKNOWN,False,False
2018040705,2018-04-07 14:00:00,東北楽天ゴールデンイーグルス,福岡ソフトバンクホークス,3.0,4.0,UNKNOWN,楽天生命パーク宮城,unknown,low,False,False,,,[],[],,,,,0,light,2018-04-07T05:00:00+00:00,,UNKNOWN,,,,UNKNOWN,UNKNOWN,,UNKNOWN,,,,,,,,,,,,,,,,,,,,,,,,,,,,,,,,False,False,UNKNOWN,False,False
2018040801,2018-04-08 13:00:00,東京ヤクルトスワローズ,読売ジャイアンツ,7.0,4.0,UNKNOWN,明治神宮野球場,unknown,low,False,False,,,[],[],,,,,0,light,2018-04-08T04:00:00+00:00,,UNKNOWN,,,,UNKNOWN,UNKNOWN,,UNKNOWN,,,,,,,,,,,,,,,,,,,,,,,,,,,,,,,,False,False,UNKNOWN,False,False
2018040706,2018-04-07 14:00:00,埼玉西武ライオンズ,オリックス・バファローズ,6.0,3.0,UNKNOWN,メットライフドーム,unknown,low,False,False,,,[],[],,,,,0,light,2018-04-07T05:00:00+00:00,,UNKNOWN,,,,UNKNOWN,UNKNOWN,,UNKNOWN,,,,,,,,,,,,,,,,,,,,,,,,,,,,,,,,False,False,UNKNOWN,False,False
2018040805,2018-04-08 13:00:00,東北楽天ゴールデンイーグルス,福岡ソフトバンクホークス,4.0,5.0,UNKNOWN,楽天生命パーク宮城,unknown,low,False,False,,,[],[],,,,,0,light,2018-04-08T04:00:00+00:00,,UNKNOWN,,,,UNKNOWN,UNKNOWN,,UNKNOWN,,,,,,,,,,,,,,,,,,,,,,,,,,,,,,,,False,False,UNKNOWN,False,False
2018040806,2018-04-08 13:00:00,埼玉西武ライオンズ,オリックス・バファローズ,7.0,4.0,UNKNOWN,メットライフドーム,unknown,low,False,False,,,[],[],,,,,0,light,2018-04-08T04:00:00+00:00,,UNKNOWN,,,,UNKNOWN,UNKNOWN,,UNKNOWN,,,,,,,,,,,,,,,,,,,,,,,,,,,,,,,,False,False,UNKNOWN,False,False
2018040803,2018-04-08 13:30:00,広島東洋カープ,横浜DeNAベイスターズ,3.0,5.0,UNKNOWN,ＭＡＺＤＡ　Ｚｏｏｍ－Ｚｏｏｍ　スタジアム広島,unknown,low,False,False,,,[],[],,,,,0,light,2018-04-08T04:30:00+00:00,,UNKNOWN,,,,UNKNOWN,UNKNOWN,,UNKNOWN,,,,,,,,,,,,,,,,,,,,,,,,,,,,,,,,False,False,UNKNOWN,False,False
2018040802,2018-04-08 14:00:00,阪神タイガース,中日ドラゴンズ,7.0,9.0,UNKNOWN,京セラドーム大阪,unknown,low,False,False,,,[],[],,,,,0,light,2018-04-08T05:00:00+00:00,,UNKNOWN,,,,UNKNOWN,UNKNOWN,,UNKNOWN,,,,,,,,,,,,,,,,,,,,,,,,,,,,,,,,False,False,UNKNOWN,False,False
2018040804,2018-04-08 14:00:00,北海道日本ハムファイターズ,千葉ロッテマリーンズ,2.0,5.0,UNKNOWN,東京ドーム,unknown,low,False,False,,,[],[],,,,,0,light,2018-04-08T05:00:00+00:00,,UNKNOWN,,,,UNKNOWN,UNKNOWN,,UNKNOWN,,,,,,,,,,,,,,,,,,,,,,,,,,,,,,,,False,False,UNKNOWN,False,False
2018041002,2018-04-10 18:00:00,中日ドラゴンズ,東京ヤクルトスワローズ,3.0,0.0,UNKNOWN,ナゴヤドーム,unknown,low,False,False,,,[],[],,,,,0,light,2018-04-10T09:00:00+00:00,,UNKNOWN,,,,UNKNOWN,UNKNOWN,,UNKNOWN,,,,,,,,,,,,,,,,,,,,,,,,,,,,,,,,False,False,UNKNOWN,False,False
2018041001,2018-04-10 18:00:00,読売ジャイアンツ,横浜DeNAベイスターズ,3.0,4.0,UNKNOWN,東京ドーム,excluded,high,False,False,,,[],[],,,,,0,light,2018-04-10T09:00:00+00:00,,UNKNOWN,,,,UNKNOWN,UNKNOWN,,UNKNOWN,,,,,,,,,,,,,,,,,,,,,,,,,,,,,,,,False,False,UNKNOWN,False,False
2018041003,2018-04-10 18:00:00,阪神タイガース,広島東洋カープ,4.0,3.0,UNKNOWN,阪神甲子園球場,unknown,low,False,False,,,[],[],,,,,0,light,2018-04-10T09:00:00+00:00,,UNKNOWN,,,,UNKNOWN,UNKNOWN,,UNKNOWN,,,,,,,,,,,,,,,,,,,,,,,,,,,,,,,,False,False,UNKNOWN,False,False
2018041006,2018-04-10 18:00:00,福岡ソフトバンクホークス,北海道日本ハムファイターズ,1.0,4.0,UNKNOWN,福岡 ヤフオク!ドーム,unknown,low,False,False,,,[],[],,,,,0,light,2018-04-10T09:00:00+00:00,,UNKNOWN,,,,UNKNOWN,UNKNOWN,,UNKNOWN,,,,,,,,,,,,,,,,,,,,,,,,,,,,,,,,False,False,UNKNOWN,False,False
2018041005,2018-04-10 18:00:00,オリックス・バファローズ,東北楽天ゴールデンイーグルス,2.0,4.0,UNKNOWN,京セラドーム大阪,unknown,low,False,False,,,[],[],,,,,0,light,2018-04-10T09:00:00+00:00,,UNKNOWN,,,,UNKNOWN,UNKNOWN,,UNKNOWN,,,,,,,,,,,,,,,,,,,,,,,,,,,,,,,,False,False,UNKNOWN,False,False
2018041004,2018-04-10 18:15:00,千葉ロッテマリーンズ,埼玉西武ライオンズ,5.0,2.0,UNKNOWN,ＺＯＺＯマリンスタジアム,unknown,low,False,False,,,[],[],,,,,0,light,2018-04-10T09:15:00+00:00,,UNKNOWN,,,,UNKNOWN,UNKNOWN,,UNKNOWN,,,,,,,,,,,,,,,,,,,,,,,,,,,,,,,,False,False,UNKNOWN,False,False
2018041101,2018-04-11 18:00:00,読売ジャイアンツ,横浜DeNAベイスターズ,3.0,6.0,UNKNOWN,東京ドーム,unknown,low,False,False,,,[],[],,,,,0,light,2018-04-11T09:00:00+00:00,,UNKNOWN,,,,UNKNOWN,UNKNOWN,,UNKNOWN,,,,,,,,,,,,,,,,,,,,,,,,,,,,,,,,False,False,UNKNOWN,False,False
2018041102,2018-04-11 18:00:00,中日ドラゴンズ,東京ヤクルトスワローズ,8.0,3.0,UNKNOWN,ナゴヤドーム,unknown,low,False,False,,,[],[],,,,,0,light,2018-04-11T09:00:00+00:00,,UNKNOWN,,,,UNKNOWN,UNKNOWN,,UNKNOWN,,,,,,,,,,,,,,,,,,,,,,,,,,,,,,,,False,False,UNKNOWN,False,False
2018041103,2018-04-11 18:00:00,阪神タイガース,広島東洋カープ,4.0,1.0,UNKNOWN,阪神甲子園球場,excluded,high,False,False,,,[],[],,,,,0,light,2018-04-11T09:00:00+00:00,,UNKNOWN,,,,UNKNOWN,UNKNOWN,,UNKNOWN,,,,,,,,,,,,,,,,,,,,,,,,,,,,,,,,False,False,UNKNOWN,False,False
2018041106,2018-04-11 18:00:00,福岡ソフトバンクホークス,北海道日本ハムファイターズ,8.0,5.0,UNKNOWN,福岡 ヤフオク!ドーム,excluded,high,False,False,,,[],[],,,,,0,light,2018-04-11T09:00:00+00:00,,UNKNOWN,,,,UNKNOWN,UNKNOWN,,UNKNOWN,,,,,,,,,,,,,,,,,,,,,,,,,,,,,,,,False,False,UNKNOWN,False,False
2018041105,2018-04-11 18:00:00,オリックス・バファローズ,東北楽天ゴールデンイーグルス,2.0,2.0,UNKNOWN,京セラドーム大阪,unknown,low,False,False,,,[],[],,,,,0,light,2018-04-11T09:00:00+00:00,,UNKNOWN,,,,UNKNOWN,UNKNOWN,,UNKNOWN,,,,,,,,,,,,,,,,,,,,,,,,,,,,,,,,False,False,UNKNOWN,False,False
2018041202,2018-04-12 18:00:00,中日ドラゴンズ,東京ヤクルトスワローズ,9.0,4.0,UNKNOWN,ナゴヤドーム,unknown,low,False,False,,,[],[],,,,,0,light,2018-04-12T09:00:00+00:00,,UNKNOWN,,,,UNKNOWN,UNKNOWN,,UNKNOWN,,,,,,,,,,,,,,,,,,,,,,,,,,,,,,,,False,False,UNKNOWN,False,False
2018041201,2018-04-12 18:00:00,読売ジャイアンツ,横浜DeNAベイスターズ,4.0,6.0,UNKNOWN,東京ドーム,unknown,low,False,False,,,[],[],,,,,0,light,2018-04-12T09:00:00+00:00,,UNKNOWN,,,,UNKNOWN,UNKNOWN,,UNKNOWN,,,,,,,,,,,,,,,,,,,,,,,,,,,,,,,,False,False,UNKNOWN,False,False
2018041104,2018-04-11 18:15:00,千葉ロッテマリーンズ,埼玉西武ライオンズ,6.0,3.0,UNKNOWN,ＺＯＺＯマリンスタジアム,unknown,low,False,False,,,[],[],,,,,0,light,2018-04-11T09:15:00+00:00,,UNKNOWN,,,,UNKNOWN,UNKNOWN,,UNKNOWN,,,,,,,,,,,,,,,,,,,,,,,,,,,,,,,,False,False,UNKNOWN,False,False
2018041203,2018-04-12 18:00:00,阪神タイガース,広島東洋カープ,1.0,5.0,UNKNOWN,阪神甲子園球場,unknown,low,False,False,,,[],[],,,,,0,light,2018-04-12T09:00:00+00:00,,UNKNOWN,,,,UNKNOWN,UNKNOWN,,UNKNOWN,,,,,,,,,,,,,,,,,,,,,,,,,,,,,,,,False,False,UNKNOWN,False,False
2018041205,2018-04-12 18:00:00,オリックス・バファローズ,東北楽天ゴールデンイーグルス,3.0,2.0,UNKNOWN,京セラドーム大阪,unknown,low,False,False,,,[],[],,,,,0,light,2018-04-12T09:00:00+00:00,,UNKNOWN,,,,UNKNOWN,UNKNOWN,,UNKNOWN,,,,,,,,,,,,,,,,,,,,,,,,,,,,,,,,False,False,UNKNOWN,False,False
2018041206,2018-04-12 18:00:00,福岡ソフトバンクホークス,北海道日本ハムファイターズ,3.0,0.0,UNKNOWN,福岡 ヤフオク!ドーム,unknown,low,False,False,,,[],[],,,,,0,light,2018-04-12T09:00:00+00:00,,UNKNOWN,,,,UNKNOWN,UNKNOWN,,UNKNOWN,,,,,,,,,,,,,,,,,,,,,,,,,,,,,,,,False,False,UNKNOWN,False,False
2018041204,2018-04-12 18:15:00,千葉ロッテマリーンズ,埼玉西武ライオンズ,3.0,6.0,UNKNOWN,ＺＯＺＯマリンスタジアム,unknown,low,False,False,,,[],[],,,,,0,light,2018-04-12T09:15:00+00:00,,UNKNOWN,,,,UNKNOWN,UNKNOWN,,UNKNOWN,,,,,,,,,,,,,,,,,,,,,,,,,,,,,,,,False,False,UNKNOWN,False,False
2018041301,2018-04-13 18:00:00,読売ジャイアンツ,広島東洋カープ,10.0,2.0,UNKNOWN,東京ドーム,unknown,low,False,False,,,[],[],,,,,0,light,2018-04-13T09:00:00+00:00,,UNKNOWN,,,,UNKNOWN,UNKNOWN,,UNKNOWN,,,,,,,,,,,,,,,,,,,,,,,,,,,,,,,,False,False,UNKNOWN,False,False
2018041302,2018-04-13 18:00:00,横浜DeNAベイスターズ,中日ドラゴンズ,6.0,5.0,UNKNOWN,横浜スタジアム,unknown,low,False,False,,,[],[],,,,,0,light,2018-04-13T09:00:00+00:00,,UNKNOWN,,,,UNKNOWN,UNKNOWN,,UNKNOWN,,,,,,,,,,,,,,,,,,,,,,,,,,,,,,,,False,False,UNKNOWN,False,False
2018041303,2018-04-13 18:00:00,阪神タイガース,東京ヤクルトスワローズ,2.0,3.0,UNKNOWN,阪神甲子園球場,unknown,low,False,False,,,[],[],,,,,0,light,2018-04-13T09:00:00+00:00,,UNKNOWN,,,,UNKNOWN,UNKNOWN,,UNKNOWN,,,,,,,,,,,,,,,,,,,,,,,,,,,,,,,,False,False,UNKNOWN,False,False
2018041405,2018-04-14 13:00:00,オリックス・バファローズ,北海道日本ハムファイターズ,1.0,2.0,UNKNOWN,ほっともっとフィールド神戸,excluded,high,False,False,,,[],[],,,,,0,light,2018-04-14T04:00:00+00:00,,UNKNOWN,,,,UNKNOWN,UNKNOWN,,UNKNOWN,,,,,,,,,,,,,,,,,,,,,,,,,,,,,,,,False,False,UNKNOWN,False,False
2018041304,2018-04-13 18:00:00,東北楽天ゴールデンイーグルス,埼玉西武ライオンズ,5.0,7.0,UNKNOWN,楽天生命パーク宮城,climax,high,False,True,,,[],[],,,,,0,light,2018-04-13T09:00:00+00:00,,UNKNOWN,,,,UNKNOWN,UNKNOWN,,UNKNOWN,,,,,,,,,,,,,,,,,,,,,,,,,,,,,,,,False,False,UNKNOWN,False,False
2018041403,2018-04-14 14:00:00,阪神タイガース,東京ヤクルトスワローズ,0.0,6.0,UNKNOWN,阪神甲子園球場,unknown,low,False,False,,,[],[],,,,,0,light,2018-04-14T05:00:00+00:00,,UNKNOWN,,,,UNKNOWN,UNKNOWN,,UNKNOWN,,,,,,,,,,,,,,,,,,,,,,,,,,,,,,,,False,False,UNKNOWN,False,False
2018041404,2018-04-14 14:00:00,東北楽天ゴールデンイーグルス,埼玉西武ライオンズ,1.0,5.0,UNKNOWN,楽天生命パーク宮城,unknown,low,False,False,,,[],[],,,,,0,light,2018-04-14T05:00:00+00:00,,UNKNOWN,,,,UNKNOWN,UNKNOWN,,UNKNOWN,,,,,,,,,,,,,,,,,,,,,,,,,,,,,,,,False,False,UNKNOWN,False,False
2018041402,2018-04-14 14:00:00,横浜DeNAベイスターズ,中日ドラゴンズ,2.0,0.0,UNKNOWN,横浜スタジアム,unknown,low,False,False,,,[],[],,,,,0,light,2018-04-14T05:00:00+00:00,,UNKNOWN,,,,UNKNOWN,UNKNOWN,,UNKNOWN,,,,,,,,,,,,,,,,,,,,,,,,,,,,,,,,False,False,UNKNOWN,False,False
2018041401,2018-04-14 18:00:00,読売ジャイアンツ,広島東洋カープ,2.0,3.0,UNKNOWN,東京ドーム,unknown,low,False,False,,,[],[],,,,,0,light,2018-04-14T09:00:00+00:00,,UNKNOWN,,,,UNKNOWN,UNKNOWN,,UNKNOWN,,,,,,,,,,,,,,,,,,,,,,,,,,,,,,,,False,False,UNKNOWN,False,False
2018041502,2018-04-15 13:00:00,横浜DeNAベイスターズ,中日ドラゴンズ,6.0,1.0,UNKNOWN,横浜スタジアム,unknown,low,False,False,,,[],[],,,,,0,light,2018-04-15T04:00:00+00:00,,UNKNOWN,,,,UNKNOWN,UNKNOWN,,UNKNOWN,,,,,,,,,,,,,,,,,,,,,,,,,,,,,,,,False,False,UNKNOWN,False,False
2018041504,2018-04-15 13:00:00,東北楽天ゴールデンイーグルス,埼玉西武ライオンズ,12.0,6.0,UNKNOWN,楽天生命パーク宮城,unknown,low,False,False,,,[],[],,,,,0,light,2018-04-15T04:00:00+00:00,,UNKNOWN,,,,UNKNOWN,UNKNOWN,,UNKNOWN,,,,,,,,,,,,,,,,,,,,,,,,,,,,,,,,False,False,UNKNOWN,False,False
2018041505,2018-04-15 13:00:00,オリックス・バファローズ,北海道日本ハムファイターズ,7.0,0.0,UNKNOWN,ほっともっとフィールド神戸,unknown,low,False,False,,,[],[],,,,,0,light,2018-04-15T04:00:00+00:00,,UNKNOWN,,,,UNKNOWN,UNKNOWN,,UNKNOWN,,,,,,,,,,,,,,,,,,,,,,,,,,,,,,,,False,False,UNKNOWN,False,False
2018041503,2018-04-15 14:00:00,阪神タイガース,東京ヤクルトスワローズ,8.0,3.0,UNKNOWN,阪神甲子園球場,unknown,low,False,False,,,[],[],,,,,0,light,2018-04-15T05:00:00+00:00,,UNKNOWN,,,,UNKNOWN,UNKNOWN,,UNKNOWN,,,,,,,,,,,,,,,,,,,,,,,,,,,,,,,,False,False,UNKNOWN,False,False
2018041501,2018-04-15 14:00:00,読売ジャイアンツ,広島東洋カープ,4.0,5.0,UNKNOWN,東京ドーム,unknown,low,False,False,,,[],[],,,,,0,light,2018-04-15T05:00:00+00:00,,UNKNOWN,,,,UNKNOWN,UNKNOWN,,UNKNOWN,,,,,,,,,,,,,,,,,,,,,,,,,,,,,,,,False,False,UNKNOWN,False,False
2018041506,2018-04-15 14:00:00,福岡ソフトバンクホークス,千葉ロッテマリーンズ,7.0,6.0,UNKNOWN,鹿児島県立鴨池野球場,unknown,low,False,False,,,[],[],,,,,0,light,2018-04-15T05:00:00+00:00,,UNKNOWN,,,,UNKNOWN,UNKNOWN,,UNKNOWN,,,,,,,,,,,,,,,,,,,,,,,,,,,,,,,,False,False,UNKNOWN,False,False
2018041703,2018-04-17 18:00:00,広島東洋カープ,東京ヤクルトスワローズ,7.0,4.0,UNKNOWN,呉市二河野球場,unknown,low,False,False,,,[],[],,,,,0,light,2018-04-17T09:00:00+00:00,,UNKNOWN,,,,UNKNOWN,UNKNOWN,,UNKNOWN,,,,,,,,,,,,,,,,,,,,,,,,,,,,,,,,False,False,UNKNOWN,False,False
2018041704,2018-04-17 18:00:00,埼玉西武ライオンズ,北海道日本ハムファイターズ,2.0,7.0,UNKNOWN,東京ドーム,unknown,low,False,False,,,[],[],,,,,0,light,2018-04-17T09:00:00+00:00,,UNKNOWN,,,,UNKNOWN,UNKNOWN,,UNKNOWN,,,,,,,,,,,,,,,,,,,,,,,,,,,,,,,,False,False,UNKNOWN,False,False
2018041705,2018-04-17 18:15:00,千葉ロッテマリーンズ,オリックス・バファローズ,5.0,3.0,UNKNOWN,ＺＯＺＯマリンスタジアム,unknown,low,False,False,,,[],[],,,,,0,light,2018-04-17T09:15:00+00:00,,UNKNOWN,,,,UNKNOWN,UNKNOWN,,UNKNOWN,,,,,,,,,,,,,,,,,,,,,,,,,,,,,,,,False,False,UNKNOWN,False,False
2018041706,2018-04-17 18:00:00,福岡ソフトバンクホークス,東北楽天ゴールデンイーグルス,5.0,3.0,UNKNOWN,福岡 ヤフオク!ドーム,unknown,low,False,False,,,[],[],,,,,0,light,2018-04-17T09:00:00+00:00,,UNKNOWN,,,,UNKNOWN,UNKNOWN,,UNKNOWN,,,,,,,,,,,,,,,,,,,,,,,,,,,,,,,,False,False,UNKNOWN,False,False
2018041701,2018-04-17 18:00:00,横浜DeNAベイスターズ,読売ジャイアンツ,2.0,3.0,UNKNOWN,ＨＡＲＤ ＯＦＦ ＥＣＯスタジアム新潟,unknown,low,False,False,,,[],[],,,,,0,light,2018-04-17T09:00:00+00:00,,UNKNOWN,,,,UNKNOWN,UNKNOWN,,UNKNOWN,,,,,,,,,,,,,,,,,,,,,,,,,,,,,,,,False,False,UNKNOWN,False,False
2018041801,2018-04-18 18:00:00,中日ドラゴンズ,阪神タイガース,3.0,4.0,UNKNOWN,ナゴヤドーム,unknown,low,False,False,,,[],[],,,,,0,light,2018-04-18T09:00:00+00:00,,UNKNOWN,,,,UNKNOWN,UNKNOWN,,UNKNOWN,,,,,,,,,,,,,,,,,,,,,,,,,,,,,,,,False,False,UNKNOWN,False,False
2018041802,2018-04-18 18:00:00,広島東洋カープ,東京ヤクルトスワローズ,3.0,2.0,UNKNOWN,ＭＡＺＤＡ　Ｚｏｏｍ－Ｚｏｏｍ　スタジアム広島,unknown,low,False,False,,,[],[],,,,,0,light,2018-04-18T09:00:00+00:00,,UNKNOWN,,,,UNKNOWN,UNKNOWN,,UNKNOWN,,,,,,,,,,,,,,,,,,,,,,,,,,,,,,,,False,False,UNKNOWN,False,False
2018041803,2018-04-18 18:00:00,埼玉西武ライオンズ,北海道日本ハムファイターズ,9.0,8.0,UNKNOWN,メットライフドーム,unknown,low,False,False,,,[],[],,,,,0,light,2018-04-18T09:00:00+00:00,,UNKNOWN,,,,UNKNOWN,UNKNOWN,,UNKNOWN,,,,,,,,,,,,,,,,,,,,,,,,,,,,,,,,False,False,UNKNOWN,False,False
2018041901,2018-04-19 18:00:00,横浜DeNAベイスターズ,読売ジャイアンツ,5.0,0.0,UNKNOWN,横浜スタジアム,unknown,low,False,False,,,[],[],,,,,0,light,2018-04-19T09:00:00+00:00,,UNKNOWN,,,,UNKNOWN,UNKNOWN,,UNKNOWN,,,,,,,,,,,,,,,,,,,,,,,,,,,,,,,,False,False,UNKNOWN,False,False
2018041805,2018-04-18 18:00:00,福岡ソフトバンクホークス,東北楽天ゴールデンイーグルス,5.0,2.0,UNKNOWN,福岡 ヤフオク!ドーム,unknown,low,False,False,,,[],[],,,,,0,light,2018-04-18T09:00:00+00:00,,UNKNOWN,,,,UNKNOWN,UNKNOWN,,UNKNOWN,,,,,,,,,,,,,,,,,,,,,,,,,,,,,,,,False,False,UNKNOWN,False,False
2018041804,2018-04-18 18:15:00,千葉ロッテマリーンズ,オリックス・バファローズ,3.0,4.0,UNKNOWN,ＺＯＺＯマリンスタジアム,excluded,high,False,False,,,[],[],,,,,0,light,2018-04-18T09:15:00+00:00,,UNKNOWN,,,,UNKNOWN,UNKNOWN,,UNKNOWN,,,,,,,,,,,,,,,,,,,,,,,,,,,,,,,,False,False,UNKNOWN,False,False
2018041902,2018-04-19 18:00:00,中日ドラゴンズ,阪神タイガース,1.0,2.0,UNKNOWN,ナゴヤドーム,interleague,high,True,True,,,[],[],,,,,0,light,2018-04-19T09:00:00+00:00,,UNKNOWN,,,,UNKNOWN,UNKNOWN,,UNKNOWN,,,,,,,,,,,,,,,,,,,,,,,,,,,,,,,,False,False,UNKNOWN,False,False
2018041903,2018-04-19 18:00:00,広島東洋カープ,東京ヤクルトスワローズ,5.0,4.0,UNKNOWN,ＭＡＺＤＡ　Ｚｏｏｍ－Ｚｏｏｍ　スタジアム広島,unknown,low,False,False,,,[],[],,,,,0,light,2018-04-19T09:00:00+00:00,,UNKNOWN,,,,UNKNOWN,UNKNOWN,,UNKNOWN,,,,,,,,,,,,,,,,,,,,,,,,,,,,,,,,False,False,UNKNOWN,False,False
2018041905,2018-04-19 18:00:00,福岡ソフトバンクホークス,東北楽天ゴールデンイーグルス,1.0,3.0,UNKNOWN,福岡 ヤフオク!ドーム,regular,high,True,True,,,[],[],,,,,0,light,2018-04-19T09:00:00+00:00,,UNKNOWN,,,,UNKNOWN,UNKNOWN,,UNKNOWN,,,,,,,,,,,,,,,,,,,,,,,,,,,,,,,,False,False,UNKNOWN,False,False
2018042001,2018-04-20 18:00:00,中日ドラゴンズ,広島東洋カープ,11.0,7.0,UNKNOWN,ナゴヤドーム,unknown,low,False,False,,,[],[],,,,,0,light,2018-04-20T09:00:00+00:00,,UNKNOWN,,,,UNKNOWN,UNKNOWN,,UNKNOWN,,,,,,,,,,,,,,,,,,,,,,,,,,,,,,,,False,False,UNKNOWN,False,False
2018041904,2018-04-19 18:15:00,千葉ロッテマリーンズ,オリックス・バファローズ,0.0,3.0,UNKNOWN,ＺＯＺＯマリンスタジアム,unknown,low,False,False,,,[],[],,,,,0,light,2018-04-19T09:15:00+00:00,,UNKNOWN,,,,UNKNOWN,UNKNOWN,,UNKNOWN,,,,,,,,,,,,,,,,,,,,,,,,,,,,,,,,False,False,UNKNOWN,False,False
2018042003,2018-04-20 18:00:00,北海道日本ハムファイターズ,福岡ソフトバンクホークス,2.0,1.0,UNKNOWN,札幌ドーム,unknown,low,False,False,,,[],[],,,,,0,light,2018-04-20T09:00:00+00:00,,UNKNOWN,,,,UNKNOWN,UNKNOWN,,UNKNOWN,,,,,,,,,,,,,,,,,,,,,,,,,,,,,,,,False,False,UNKNOWN,False,False
2018042002,2018-04-20 18:00:00,阪神タイガース,読売ジャイアンツ,2.0,8.0,UNKNOWN,阪神甲子園球場,unknown,low,False,False,,,[],[],,,,,0,light,2018-04-20T09:00:00+00:00,,UNKNOWN,,,,UNKNOWN,UNKNOWN,,UNKNOWN,,,,,,,,,,,,,,,,,,,,,,,,,,,,,,,,False,False,UNKNOWN,False,False
2018042004,2018-04-20 18:00:00,東北楽天ゴールデンイーグルス,オリックス・バファローズ,5.0,2.0,UNKNOWN,楽天生命パーク宮城,unknown,low,False,False,,,[],[],,,,,0,light,2018-04-20T09:00:00+00:00,,UNKNOWN,,,,UNKNOWN,UNKNOWN,,UNKNOWN,,,,,,,,,,,,,,,,,,,,,,,,,,,,,,,,False,False,UNKNOWN,False,False
2018042005,2018-04-20 18:00:00,埼玉西武ライオンズ,千葉ロッテマリーンズ,9.0,8.0,UNKNOWN,メットライフドーム,unknown,low,False,False,,,[],[],,,,,0,light,2018-04-20T09:00:00+00:00,,UNKNOWN,,,,UNKNOWN,UNKNOWN,,UNKNOWN,,,,,,,,,,,,,,,,,,,,,,,,,,,,,,,,False,False,UNKNOWN,False,False
2018042102,2018-04-21 14:00:00,中日ドラゴンズ,広島東洋カープ,4.0,3.0,UNKNOWN,ナゴヤドーム,unknown,low,False,False,,,[],[],,,,,0,light,2018-04-21T05:00:00+00:00,,UNKNOWN,,,,UNKNOWN,UNKNOWN,,UNKNOWN,,,,,,,,,,,,,,,,,,,,,,,,,,,,,,,,False,False,UNKNOWN,False,False
2018042103,2018-04-21 14:00:00,阪神タイガース,読売ジャイアンツ,0.0,3.0,UNKNOWN,阪神甲子園球場,unknown,low,False,False,,,[],[],,,,,0,light,2018-04-21T05:00:00+00:00,,UNKNOWN,,,,UNKNOWN,UNKNOWN,,UNKNOWN,,,,,,,,,,,,,,,,,,,,,,,,,,,,,,,,False,False,UNKNOWN,False,False
2018042104,2018-04-21 14:00:00,北海道日本ハムファイターズ,福岡ソフトバンクホークス,0.0,10.0,UNKNOWN,札幌ドーム,unknown,low,False,False,,,[],[],,,,,0,light,2018-04-21T05:00:00+00:00,,UNKNOWN,,,,UNKNOWN,UNKNOWN,,UNKNOWN,,,,,,,,,,,,,,,,,,,,,,,,,,,,,,,,False,False,UNKNOWN,False,False
2018042105,2018-04-21 14:00:00,東北楽天ゴールデンイーグルス,オリックス・バファローズ,1.0,3.0,UNKNOWN,楽天生命パーク宮城,unknown,low,False,False,,,[],[],,,,,0,light,2018-04-21T05:00:00+00:00,,UNKNOWN,,,,UNKNOWN,UNKNOWN,,UNKNOWN,,,,,,,,,,,,,,,,,,,,,,,,,,,,,,,,False,False,UNKNOWN,False,False
2018042106,2018-04-21 14:00:00,埼玉西武ライオンズ,千葉ロッテマリーンズ,9.0,3.0,UNKNOWN,メットライフドーム,unknown,low,False,False,,,[],[],,,,,0,light,2018-04-21T05:00:00+00:00,,UNKNOWN,,,,UNKNOWN,UNKNOWN,,UNKNOWN,,,,,,,,,,,,,,,,,,,,,,,,,,,,,,,,False,False,UNKNOWN,False,False
2018042101,2018-04-21 18:00:00,東京ヤクルトスワローズ,横浜DeNAベイスターズ,5.0,6.0,UNKNOWN,明治神宮野球場,unknown,low,False,False,,,[],[],,,,,0,light,2018-04-21T09:00:00+00:00,,UNKNOWN,,,,UNKNOWN,UNKNOWN,,UNKNOWN,,,,,,,,,,,,,,,,,,,,,,,,,,,,,,,,False,False,UNKNOWN,False,False
2018042205,2018-04-22 13:00:00,東北楽天ゴールデンイーグルス,オリックス・バファローズ,0.0,8.0,UNKNOWN,楽天生命パーク宮城,unknown,low,False,False,,,[],[],,,,,0,light,2018-04-22T04:00:00+00:00,,UNKNOWN,,,,UNKNOWN,UNKNOWN,,UNKNOWN,,,,,,,,,,,,,,,,,,,,,,,,,,,,,,,,False,False,UNKNOWN,False,False
2018042206,2018-04-22 13:00:00,埼玉西武ライオンズ,千葉ロッテマリーンズ,11.0,5.0,UNKNOWN,メットライフドーム,unknown,low,False,False,,,[],[],,,,,0,light,2018-04-22T04:00:00+00:00,,UNKNOWN,,,,UNKNOWN,UNKNOWN,,UNKNOWN,,,,,,,,,,,,,,,,,,,,,,,,,,,,,,,,False,False,UNKNOWN,False,False
2018042202,2018-04-22 14:00:00,中日ドラゴンズ,広島東洋カープ,3.0,2.0,UNKNOWN,ナゴヤドーム,unknown,low,False,False,,,[],[],,,,,0,light,2018-04-22T05:00:00+00:00,,UNKNOWN,,,,UNKNOWN,UNKNOWN,,UNKNOWN,,,,,,,,,,,,,,,,,,,,,,,,,,,,,,,,False,False,UNKNOWN,False,False
2018042203,2018-04-22 14:00:00,阪神タイガース,読売ジャイアンツ,1.0,10.0,UNKNOWN,阪神甲子園球場,unknown,low,False,False,,,[],[],,,,,0,light,2018-04-22T05:00:00+00:00,,UNKNOWN,,,,UNKNOWN,UNKNOWN,,UNKNOWN,,,,,,,,,,,,,,,,,,,,,,,,,,,,,,,,False,False,UNKNOWN,False,False
2018042204,2018-04-22 14:00:00,北海道日本ハムファイターズ,福岡ソフトバンクホークス,11.0,2.0,UNKNOWN,札幌ドーム,unknown,low,False,False,,,[],[],,,,,0,light,2018-04-22T05:00:00+00:00,,UNKNOWN,,,,UNKNOWN,UNKNOWN,,UNKNOWN,,,,,,,,,,,,,,,,,,,,,,,,,,,,,,,,False,False,UNKNOWN,False,False
2018042201,2018-04-22 18:00:00,東京ヤクルトスワローズ,横浜DeNAベイスターズ,6.0,2.0,UNKNOWN,明治神宮野球場,unknown,low,False,False,,,[],[],,,,,0,light,2018-04-22T09:00:00+00:00,,UNKNOWN,,,,UNKNOWN,UNKNOWN,,UNKNOWN,,,,,,,,,,,,,,,,,,,,,,,,,,,,,,,,False,False,UNKNOWN,False,False
2018042401,2018-04-24 18:00:00,読売ジャイアンツ,中日ドラゴンズ,3.0,1.0,UNKNOWN,南長野運動公園野球場,unknown,low,False,False,,,[],[],,,,,0,light,2018-04-24T09:00:00+00:00,,UNKNOWN,,,,UNKNOWN,UNKNOWN,,UNKNOWN,,,,,,,,,,,,,,,,,,,,,,,,,,,,,,,,False,False,UNKNOWN,False,False
2018042403,2018-04-24 18:00:00,横浜DeNAベイスターズ,広島東洋カープ,2.0,7.0,UNKNOWN,横浜スタジアム,unknown,low,False,False,,,[],[],,,,,0,light,2018-04-24T09:00:00+00:00,,UNKNOWN,,,,UNKNOWN,UNKNOWN,,UNKNOWN,,,,,,,,,,,,,,,,,,,,,,,,,,,,,,,,False,False,UNKNOWN,False,False
2018042404,2018-04-24 18:00:00,北海道日本ハムファイターズ,オリックス・バファローズ,5.0,3.0,UNKNOWN,札幌ドーム,unknown,low,False,False,,,[],[],,,,,0,light,2018-04-24T09:00:00+00:00,,UNKNOWN,,,,UNKNOWN,UNKNOWN,,UNKNOWN,,,,,,,,,,,,,,,,,,,,,,,,,,,,,,,,False,False,UNKNOWN,False,False
2018042503,2018-04-25 18:00:00,横浜DeNAベイスターズ,広島東洋カープ,5.0,11.0,UNKNOWN,横浜スタジアム,unknown,low,False,False,,,[],[],,,,,0,light,2018-04-25T09:00:00+00:00,,UNKNOWN,,,,UNKNOWN,UNKNOWN,,UNKNOWN,,,,,,,,,,,,,,,,,,,,,,,,,,,,,,,,False,False,UNKNOWN,False,False
2018042501,2018-04-25 18:00:00,読売ジャイアンツ,中日ドラゴンズ,20.0,4.0,UNKNOWN,上毛新聞敷島球場,excluded,high,False,False,,,[],[],,,,,0,light,2018-04-25T09:00:00+00:00,,UNKNOWN,,,,UNKNOWN,UNKNOWN,,UNKNOWN,,,,,,,,,,,,,,,,,,,,,,,,,,,,,,,,False,False,UNKNOWN,False,False
2018042504,2018-04-25 18:00:00,北海道日本ハムファイターズ,オリックス・バファローズ,4.0,1.0,UNKNOWN,札幌ドーム,unknown,low,False,False,,,[],[],,,,,0,light,2018-04-25T09:00:00+00:00,,UNKNOWN,,,,UNKNOWN,UNKNOWN,,UNKNOWN,,,,,,,,,,,,,,,,,,,,,,,,,,,,,,,,False,False,UNKNOWN,False,False
2018042505,2018-04-25 18:00:00,東北楽天ゴールデンイーグルス,千葉ロッテマリーンズ,3.0,7.0,UNKNOWN,楽天生命パーク宮城,unknown,low,False,False,,,[],[],,,,,0,light,2018-04-25T09:00:00+00:00,,UNKNOWN,,,,UNKNOWN,UNKNOWN,,UNKNOWN,,,,,,,,,,,,,,,,,,,,,,,,,,,,,,,,False,False,UNKNOWN,False,False
2018042506,2018-04-25 18:00:00,福岡ソフトバンクホークス,埼玉西武ライオンズ,6.0,12.0,UNKNOWN,福岡 ヤフオク!ドーム,unknown,low,False,False,,,[],[],,,,,0,light,2018-04-25T09:00:00+00:00,,UNKNOWN,,,,UNKNOWN,UNKNOWN,,UNKNOWN,,,,,,,,,,,,,,,,,,,,,,,,,,,,,,,,False,False,UNKNOWN,False,False
2018042502,2018-04-25 18:20:00,東京ヤクルトスワローズ,阪神タイガース,2.0,4.0,UNKNOWN,松山中央公園野球場,unknown,low,False,False,,,[],[],,,,,0,light,2018-04-25T09:20:00+00:00,,UNKNOWN,,,,UNKNOWN,UNKNOWN,,UNKNOWN,,,,,,,,,,,,,,,,,,,,,,,,,,,,,,,,False,False,UNKNOWN,False,False
2018042601,2018-04-26 18:00:00,横浜DeNAベイスターズ,広島東洋カープ,3.0,4.0,UNKNOWN,横浜スタジアム,unknown,low,False,False,,,[],[],,,,,0,light,2018-04-26T09:00:00+00:00,,UNKNOWN,,,,UNKNOWN,UNKNOWN,,UNKNOWN,,,,,,,,,,,,,,,,,,,,,,,,,,,,,,,,False,False,UNKNOWN,False,False
2018042603,2018-04-26 18:00:00,東北楽天ゴールデンイーグルス,千葉ロッテマリーンズ,0.0,1.0,UNKNOWN,楽天生命パーク宮城,unknown,low,False,False,,,[],[],,,,,0,light,2018-04-26T09:00:00+00:00,,UNKNOWN,,,,UNKNOWN,UNKNOWN,,UNKNOWN,,,,,,,,,,,,,,,,,,,,,,,,,,,,,,,,False,False,UNKNOWN,False,False
2018042602,2018-04-26 18:00:00,北海道日本ハムファイターズ,オリックス・バファローズ,3.0,2.0,UNKNOWN,札幌ドーム,unknown,low,False,False,,,[],[],,,,,0,light,2018-04-26T09:00:00+00:00,,UNKNOWN,,,,UNKNOWN,UNKNOWN,,UNKNOWN,,,,,,,,,,,,,,,,,,,,,,,,,,,,,,,,False,False,UNKNOWN,False,False
2018042604,2018-04-26 18:00:00,福岡ソフトバンクホークス,埼玉西武ライオンズ,4.0,1.0,UNKNOWN,福岡 ヤフオク!ドーム,unknown,low,False,False,,,[],[],,,,,0,light,2018-04-26T09:00:00+00:00,,UNKNOWN,,,,UNKNOWN,UNKNOWN,,UNKNOWN,,,,,,,,,,,,,,,,,,,,,,,,,,,,,,,,False,False,UNKNOWN,False,False
2018042803,2018-04-28 13:30:00,広島東洋カープ,阪神タイガース,7.0,5.0,UNKNOWN,ＭＡＺＤＡ　Ｚｏｏｍ－Ｚｏｏｍ　スタジアム広島,unknown,low,False,False,,,[],[],,,,,0,light,2018-04-28T04:30:00+00:00,,UNKNOWN,,,,UNKNOWN,UNKNOWN,,UNKNOWN,,,,,,,,,,,,,,,,,,,,,,,,,,,,,,,,False,False,UNKNOWN,False,False
2018042801,2018-04-28 14:00:00,読売ジャイアンツ,東京ヤクルトスワローズ,3.0,0.0,UNKNOWN,東京ドーム,unknown,low,False,False,,,[],[],,,,,0,light,2018-04-28T05:00:00+00:00,,UNKNOWN,,,,UNKNOWN,UNKNOWN,,UNKNOWN,,,,,,,,,,,,,,,,,,,,,,,,,,,,,,,,False,False,UNKNOWN,False,False
2018042804,2018-04-28 14:00:00,埼玉西武ライオンズ,東北楽天ゴールデンイーグルス,7.0,3.0,UNKNOWN,メットライフドーム,unknown,low,False,False,,,[],[],,,,,0,light,2018-04-28T05:00:00+00:00,,UNKNOWN,,,,UNKNOWN,UNKNOWN,,UNKNOWN,,,,,,,,,,,,,,,,,,,,,,,,,,,,,,,,False,False,UNKNOWN,False,False
2018042802,2018-04-28 14:00:00,中日ドラゴンズ,横浜DeNAベイスターズ,1.0,6.0,UNKNOWN,ナゴヤドーム,unknown,low,False,False,,,[],[],,,,,0,light,2018-04-28T05:00:00+00:00,,UNKNOWN,,,,UNKNOWN,UNKNOWN,,UNKNOWN,,,,,,,,,,,,,,,,,,,,,,,,,,,,,,,,False,False,UNKNOWN,False,False
2018042805,2018-04-28 14:00:00,千葉ロッテマリーンズ,北海道日本ハムファイターズ,2.0,5.0,UNKNOWN,ＺＯＺＯマリンスタジアム,unknown,low,False,False,,,[],[],,,,,0,light,2018-04-28T05:00:00+00:00,,UNKNOWN,,,,UNKNOWN,UNKNOWN,,UNKNOWN,,,,,,,,,,,,,,,,,,,,,,,,,,,,,,,,False,False,UNKNOWN,False,False
2018042806,2018-04-28 18:00:00,オリックス・バファローズ,福岡ソフトバンクホークス,3.0,1.0,UNKNOWN,京セラドーム大阪,unknown,low,False,False,,,[],[],,,,,0,light,2018-04-28T09:00:00+00:00,,UNKNOWN,,,,UNKNOWN,UNKNOWN,,UNKNOWN,,,,,,,,,,,,,,,,,,,,,,,,,,,,,,,,False,False,UNKNOWN,False,False
2018042904,2018-04-29 13:00:00,埼玉西武ライオンズ,東北楽天ゴールデンイーグルス,16.0,4.0,UNKNOWN,メットライフドーム,unknown,low,False,False,,,[],[],,,,,0,light,2018-04-29T04:00:00+00:00,,UNKNOWN,,,,UNKNOWN,UNKNOWN,,UNKNOWN,,,,,,,,,,,,,,,,,,,,,,,,,,,,,,,,False,False,UNKNOWN,False,False
2018042906,2018-04-29 13:00:00,オリックス・バファローズ,福岡ソフトバンクホークス,4.0,7.0,UNKNOWN,京セラドーム大阪,unknown,low,False,False,,,[],[],,,,,0,light,2018-04-29T04:00:00+00:00,,UNKNOWN,,,,UNKNOWN,UNKNOWN,,UNKNOWN,,,,,,,,,,,,,,,,,,,,,,,,,,,,,,,,False,False,UNKNOWN,False,False
2018042903,2018-04-29 13:30:00,広島東洋カープ,阪神タイガース,5.0,2.0,UNKNOWN,ＭＡＺＤＡ　Ｚｏｏｍ－Ｚｏｏｍ　スタジアム広島,unknown,low,False,False,,,[],[],,,,,0,light,2018-04-29T04:30:00+00:00,,UNKNOWN,,,,UNKNOWN,UNKNOWN,,UNKNOWN,,,,,,,,,,,,,,,,,,,,,,,,,,,,,,,,False,False,UNKNOWN,False,False
2018042901,2018-04-29 14:00:00,読売ジャイアンツ,東京ヤクルトスワローズ,11.0,8.0,UNKNOWN,東京ドーム,unknown,low,False,False,,,[],[],,,,,0,light,2018-04-29T05:00:00+00:00,,UNKNOWN,,,,UNKNOWN,UNKNOWN,,UNKNOWN,,,,,,,,,,,,,,,,,,,,,,,,,,,,,,,,False,False,UNKNOWN,False,False
2018042902,2018-04-29 14:00:00,中日ドラゴンズ,横浜DeNAベイスターズ,2.0,4.0,UNKNOWN,ナゴヤドーム,unknown,low,False,False,,,[],[],,,,,0,light,2018-04-29T05:00:00+00:00,,UNKNOWN,,,,UNKNOWN,UNKNOWN,,UNKNOWN,,,,,,,,,,,,,,,,,,,,,,,,,,,,,,,,False,False,UNKNOWN,False,False
2018042905,2018-04-29 14:00:00,千葉ロッテマリーンズ,北海道日本ハムファイターズ,6.0,5.0,UNKNOWN,ＺＯＺＯマリンスタジアム,unknown,low,False,False,,,[],[],,,,,0,light,2018-04-29T05:00:00+00:00,,UNKNOWN,,,,UNKNOWN,UNKNOWN,,UNKNOWN,,,,,,,,,,,,,,,,,,,,,,,,,,,,,,,,False,False,UNKNOWN,False,False
2018043004,2018-04-30 13:00:00,埼玉西武ライオンズ,東北楽天ゴールデンイーグルス,5.0,2.0,UNKNOWN,メットライフドーム,unknown,low,False,False,,,[],[],,,,,0,light,2018-04-30T04:00:00+00:00,,UNKNOWN,,,,UNKNOWN,UNKNOWN,,UNKNOWN,,,,,,,,,,,,,,,,,,,,,,,,,,,,,,,,False,False,UNKNOWN,False,False
2018043006,2018-04-30 13:00:00,オリックス・バファローズ,福岡ソフトバンクホークス,6.0,5.0,UNKNOWN,京セラドーム大阪,unknown,low,False,False,,,[],[],,,,,0,light,2018-04-30T04:00:00+00:00,,UNKNOWN,,,,UNKNOWN,UNKNOWN,,UNKNOWN,,,,,,,,,,,,,,,,,,,,,,,,,,,,,,,,False,False,UNKNOWN,False,False
2018043001,2018-04-30 14:00:00,読売ジャイアンツ,東京ヤクルトスワローズ,11.0,1.0,UNKNOWN,東京ドーム,unknown,low,False,False,,,[],[],,,,,0,light,2018-04-30T05:00:00+00:00,,UNKNOWN,,,,UNKNOWN,UNKNOWN,,UNKNOWN,,,,,,,,,,,,,,,,,,,,,,,,,,,,,,,,False,False,UNKNOWN,False,False
2018043003,2018-04-30 13:30:00,広島東洋カープ,阪神タイガース,2.0,4.0,UNKNOWN,ＭＡＺＤＡ　Ｚｏｏｍ－Ｚｏｏｍ　スタジアム広島,unknown,low,False,False,,,[],[],,,,,0,light,2018-04-30T04:30:00+00:00,,UNKNOWN,,,,UNKNOWN,UNKNOWN,,UNKNOWN,,,,,,,,,,,,,,,,,,,,,,,,,,,,,,,,False,False,UNKNOWN,False,False
2018043002,2018-04-30 14:00:00,中日ドラゴンズ,横浜DeNAベイスターズ,3.0,1.0,UNKNOWN,ナゴヤドーム,unknown,low,False,False,,,[],[],,,,,0,light,2018-04-30T05:00:00+00:00,,UNKNOWN,,,,UNKNOWN,UNKNOWN,,UNKNOWN,,,,,,,,,,,,,,,,,,,,,,,,,,,,,,,,False,False,UNKNOWN,False,False
2018043005,2018-04-30 14:00:00,千葉ロッテマリーンズ,北海道日本ハムファイターズ,4.0,2.0,UNKNOWN,ＺＯＺＯマリンスタジアム,excluded,high,False,False,,,[],[],,,,,0,light,2018-04-30T05:00:00+00:00,,UNKNOWN,,,,UNKNOWN,UNKNOWN,,UNKNOWN,,,,,,,,,,,,,,,,,,,,,,,,,,,,,,,,False,False,UNKNOWN,False,False
2018050101,2018-05-01 18:00:00,東京ヤクルトスワローズ,中日ドラゴンズ,5.0,6.0,UNKNOWN,明治神宮野球場,unknown,low,False,False,,,[],[],,,,,0,light,2018-05-01T09:00:00+00:00,,UNKNOWN,,,,UNKNOWN,UNKNOWN,,UNKNOWN,,,,,,,,,,,,,,,,,,,,,,,,,,,,,,,,False,False,UNKNOWN,False,False
2018050102,2018-05-01 18:00:00,阪神タイガース,横浜DeNAベイスターズ,7.0,1.0,UNKNOWN,阪神甲子園球場,unknown,low,False,False,,,[],[],,,,,0,light,2018-05-01T09:00:00+00:00,,UNKNOWN,,,,UNKNOWN,UNKNOWN,,UNKNOWN,,,,,,,,,,,,,,,,,,,,,,,,,,,,,,,,False,False,UNKNOWN,False,False
2018050103,2018-05-01 18:00:00,広島東洋カープ,読売ジャイアンツ,6.0,4.0,UNKNOWN,ＭＡＺＤＡ　Ｚｏｏｍ－Ｚｏｏｍ　スタジアム広島,unknown,low,False,False,,,[],[],,,,,0,light,2018-05-01T09:00:00+00:00,,UNKNOWN,,,,UNKNOWN,UNKNOWN,,UNKNOWN,,,,,,,,,,,,,,,,,,,,,,,,,,,,,,,,False,False,UNKNOWN,False,False
2018050105,2018-05-01 18:00:00,オリックス・バファローズ,埼玉西武ライオンズ,4.0,2.0,UNKNOWN,京セラドーム大阪,unknown,low,False,False,,,[],[],,,,,0,light,2018-05-01T09:00:00+00:00,,UNKNOWN,,,,UNKNOWN,UNKNOWN,,UNKNOWN,,,,,,,,,,,,,,,,,,,,,,,,,,,,,,,,False,False,UNKNOWN,False,False
2018050104,2018-05-01 18:15:00,千葉ロッテマリーンズ,福岡ソフトバンクホークス,1.0,3.0,UNKNOWN,ＺＯＺＯマリンスタジアム,unknown,low,False,False,,,[],[],,,,,0,light,2018-05-01T09:15:00+00:00,,UNKNOWN,,,,UNKNOWN,UNKNOWN,,UNKNOWN,,,,,,,,,,,,,,,,,,,,,,,,,,,,,,,,False,False,UNKNOWN,False,False
2018050201,2018-05-02 18:00:00,東京ヤクルトスワローズ,中日ドラゴンズ,3.0,6.0,UNKNOWN,明治神宮野球場,unknown,low,False,False,,,[],[],,,,,0,light,2018-05-02T09:00:00+00:00,,UNKNOWN,,,,UNKNOWN,UNKNOWN,,UNKNOWN,,,,,,,,,,,,,,,,,,,,,,,,,,,,,,,,False,False,UNKNOWN,False,False
2018050204,2018-05-02 18:00:00,北海道日本ハムファイターズ,東北楽天ゴールデンイーグルス,0.0,1.0,UNKNOWN,札幌ドーム,unknown,low,False,False,,,[],[],,,,,0,light,2018-05-02T09:00:00+00:00,,UNKNOWN,,,,UNKNOWN,UNKNOWN,,UNKNOWN,,,,,,,,,,,,,,,,,,,,,,,,,,,,,,,,False,False,UNKNOWN,False,False
2018050206,2018-05-02 18:00:00,オリックス・バファローズ,埼玉西武ライオンズ,6.0,5.0,UNKNOWN,京セラドーム大阪,unknown,low,False,False,,,[],[],,,,,0,light,2018-05-02T09:00:00+00:00,,UNKNOWN,,,,UNKNOWN,UNKNOWN,,UNKNOWN,,,,,,,,,,,,,,,,,,,,,,,,,,,,,,,,False,False,UNKNOWN,False,False
2018050306,2018-05-03 13:00:00,オリックス・バファローズ,埼玉西武ライオンズ,0.0,8.0,UNKNOWN,京セラドーム大阪,unknown,low,False,False,,,[],[],,,,,0,light,2018-05-03T04:00:00+00:00,,UNKNOWN,,,,UNKNOWN,UNKNOWN,,UNKNOWN,,,,,,,,,,,,,,,,,,,,,,,,,,,,,,,,False,False,UNKNOWN,False,False
2018050205,2018-05-02 18:15:00,千葉ロッテマリーンズ,福岡ソフトバンクホークス,3.0,8.0,UNKNOWN,ＺＯＺＯマリンスタジアム,unknown,low,False,False,,,[],[],,,,,0,light,2018-05-02T09:15:00+00:00,,UNKNOWN,,,,UNKNOWN,UNKNOWN,,UNKNOWN,,,,,,,,,,,,,,,,,,,,,,,,,,,,,,,,False,False,UNKNOWN,False,False
2018050303,2018-05-03 13:30:00,広島東洋カープ,読売ジャイアンツ,3.0,2.0,UNKNOWN,ＭＡＺＤＡ　Ｚｏｏｍ－Ｚｏｏｍ　スタジアム広島,unknown,low,False,False,,,[],[],,,,,0,light,2018-05-03T04:30:00+00:00,,UNKNOWN,,,,UNKNOWN,UNKNOWN,,UNKNOWN,,,,,,,,,,,,,,,,,,,,,,,,,,,,,,,,False,False,UNKNOWN,False,False
2018050301,2018-05-03 14:00:00,東京ヤクルトスワローズ,中日ドラゴンズ,7.0,6.0,UNKNOWN,明治神宮野球場,unknown,low,False,False,,,[],[],,,,,0,light,2018-05-03T05:00:00+00:00,,UNKNOWN,,,,UNKNOWN,UNKNOWN,,UNKNOWN,,,,,,,,,,,,,,,,,,,,,,,,,,,,,,,,False,False,UNKNOWN,False,False
2018050302,2018-05-03 14:00:00,阪神タイガース,横浜DeNAベイスターズ,4.0,2.0,UNKNOWN,阪神甲子園球場,unknown,low,False,False,,,[],[],,,,,0,light,2018-05-03T05:00:00+00:00,,UNKNOWN,,,,UNKNOWN,UNKNOWN,,UNKNOWN,,,,,,,,,,,,,,,,,,,,,,,,,,,,,,,,False,False,UNKNOWN,False,False
2018050304,2018-05-03 14:00:00,北海道日本ハムファイターズ,東北楽天ゴールデンイーグルス,4.0,1.0,UNKNOWN,札幌ドーム,unknown,low,False,False,,,[],[],,,,,0,light,2018-05-03T05:00:00+00:00,,UNKNOWN,,,,UNKNOWN,UNKNOWN,,UNKNOWN,,,,,,,,,,,,,,,,,,,,,,,,,,,,,,,,False,False,UNKNOWN,False,False
2018050305,2018-05-03 14:00:00,千葉ロッテマリーンズ,福岡ソフトバンクホークス,3.0,5.0,UNKNOWN,ＺＯＺＯマリンスタジアム,unknown,low,False,False,,,[],[],,,,,0,light,2018-05-03T05:00:00+00:00,,UNKNOWN,,,,UNKNOWN,UNKNOWN,,UNKNOWN,,,,,,,,,,,,,,,,,,,,,,,,,,,,,,,,False,False,UNKNOWN,False,False
2018050403,2018-05-04 14:00:00,阪神タイガース,中日ドラゴンズ,1.0,5.0,UNKNOWN,阪神甲子園球場,unknown,low,False,False,,,[],[],,,,,0,light,2018-05-04T05:00:00+00:00,,UNKNOWN,,,,UNKNOWN,UNKNOWN,,UNKNOWN,,,,,,,,,,,,,,,,,,,,,,,,,,,,,,,,False,False,UNKNOWN,False,False
2018050402,2018-05-04 17:00:00,横浜DeNAベイスターズ,読売ジャイアンツ,0.0,0.0,UNKNOWN,横浜スタジアム,unknown,low,False,False,,,[],[],,,,,0,light,2018-05-04T08:00:00+00:00,,UNKNOWN,,,,UNKNOWN,UNKNOWN,,UNKNOWN,,,,,,,,,,,,,,,,,,,,,,,,,,,,,,,,False,False,UNKNOWN,False,False
2018050401,2018-05-04 18:00:00,東京ヤクルトスワローズ,広島東洋カープ,8.0,0.0,UNKNOWN,明治神宮野球場,unknown,low,False,False,,,[],[],,,,,0,light,2018-05-04T09:00:00+00:00,,UNKNOWN,,,,UNKNOWN,UNKNOWN,,UNKNOWN,,,,,,,,,,,,,,,,,,,,,,,,,,,,,,,,False,False,UNKNOWN,False,False
2018050404,2018-05-04 18:00:00,北海道日本ハムファイターズ,千葉ロッテマリーンズ,3.0,6.0,UNKNOWN,札幌ドーム,unknown,low,False,False,,,[],[],,,,,0,light,2018-05-04T09:00:00+00:00,,UNKNOWN,,,,UNKNOWN,UNKNOWN,,UNKNOWN,,,,,,,,,,,,,,,,,,,,,,,,,,,,,,,,False,False,UNKNOWN,False,False
2018050405,2018-05-04 18:00:00,東北楽天ゴールデンイーグルス,埼玉西武ライオンズ,5.0,6.0,UNKNOWN,楽天生命パーク宮城,excluded,high,False,False,,,[],[],,,,,0,light,2018-05-04T09:00:00+00:00,,UNKNOWN,,,,UNKNOWN,UNKNOWN,,UNKNOWN,,,,,,,,,,,,,,,,,,,,,,,,,,,,,,,,False,False,UNKNOWN,False,False
2018050406,2018-05-04 18:00:00,福岡ソフトバンクホークス,オリックス・バファローズ,4.0,5.0,UNKNOWN,福岡 ヤフオク!ドーム,unknown,low,False,False,,,[],[],,,,,0,light,2018-05-04T09:00:00+00:00,,UNKNOWN,,,,UNKNOWN,UNKNOWN,,UNKNOWN,,,,,,,,,,,,,,,,,,,,,,,,,,,,,,,,False,False,UNKNOWN,False,False
2018050502,2018-05-05 14:00:00,横浜DeNAベイスターズ,読売ジャイアンツ,3.0,8.0,UNKNOWN,横浜スタジアム,unknown,low,False,False,,,[],[],,,,,0,light,2018-05-05T05:00:00+00:00,,UNKNOWN,,,,UNKNOWN,UNKNOWN,,UNKNOWN,,,,,,,,,,,,,,,,,,,,,,,,,,,,,,,,False,False,UNKNOWN,False,False
2018050504,2018-05-05 14:00:00,北海道日本ハムファイターズ,千葉ロッテマリーンズ,6.0,4.0,UNKNOWN,札幌ドーム,unknown,low,False,False,,,[],[],,,,,0,light,2018-05-05T05:00:00+00:00,,UNKNOWN,,,,UNKNOWN,UNKNOWN,,UNKNOWN,,,,,,,,,,,,,,,,,,,,,,,,,,,,,,,,False,False,UNKNOWN,False,False
2018050503,2018-05-05 14:00:00,阪神タイガース,中日ドラゴンズ,7.0,2.0,UNKNOWN,阪神甲子園球場,unknown,low,False,False,,,[],[],,,,,0,light,2018-05-05T05:00:00+00:00,,UNKNOWN,,,,UNKNOWN,UNKNOWN,,UNKNOWN,,,,,,,,,,,,,,,,,,,,,,,,,,,,,,,,False,False,UNKNOWN,False,False
2018050506,2018-05-05 14:00:00,福岡ソフトバンクホークス,オリックス・バファローズ,3.0,0.0,UNKNOWN,福岡 ヤフオク!ドーム,unknown,low,False,False,,,[],[],,,,,0,light,2018-05-05T05:00:00+00:00,,UNKNOWN,,,,UNKNOWN,UNKNOWN,,UNKNOWN,,,,,,,,,,,,,,,,,,,,,,,,,,,,,,,,False,False,UNKNOWN,False,False
2018050505,2018-05-05 14:00:00,東北楽天ゴールデンイーグルス,埼玉西武ライオンズ,4.0,10.0,UNKNOWN,楽天生命パーク宮城,unknown,low,False,False,,,[],[],,,,,0,light,2018-05-05T05:00:00+00:00,,UNKNOWN,,,,UNKNOWN,UNKNOWN,,UNKNOWN,,,,,,,,,,,,,,,,,,,,,,,,,,,,,,,,False,False,UNKNOWN,False,False
2018050501,2018-05-05 18:00:00,東京ヤクルトスワローズ,広島東洋カープ,1.0,10.0,UNKNOWN,明治神宮野球場,unknown,low,False,False,,,[],[],,,,,0,light,2018-05-05T09:00:00+00:00,,UNKNOWN,,,,UNKNOWN,UNKNOWN,,UNKNOWN,,,,,,,,,,,,,,,,,,,,,,,,,,,,,,,,False,False,UNKNOWN,False,False
2018050602,2018-05-06 13:00:00,横浜DeNAベイスターズ,読売ジャイアンツ,12.0,8.0,UNKNOWN,横浜スタジアム,unknown,low,False,False,,,[],[],,,,,0,light,2018-05-06T04:00:00+00:00,,UNKNOWN,,,,UNKNOWN,UNKNOWN,,UNKNOWN,,,,,,,,,,,,,,,,,,,,,,,,,,,,,,,,False,False,UNKNOWN,False,False
2018050605,2018-05-06 13:00:00,東北楽天ゴールデンイーグルス,埼玉西武ライオンズ,0.0,11.0,UNKNOWN,楽天生命パーク宮城,unknown,low,False,False,,,[],[],,,,,0,light,2018-05-06T04:00:00+00:00,,UNKNOWN,,,,UNKNOWN,UNKNOWN,,UNKNOWN,,,,,,,,,,,,,,,,,,,,,,,,,,,,,,,,False,False,UNKNOWN,False,False
2018050606,2018-05-06 13:00:00,福岡ソフトバンクホークス,オリックス・バファローズ,2.0,5.0,UNKNOWN,福岡 ヤフオク!ドーム,unknown,low,False,False,,,[],[],,,,,0,light,2018-05-06T04:00:00+00:00,,UNKNOWN,,,,UNKNOWN,UNKNOWN,,UNKNOWN,,,,,,,,,,,,,,,,,,,,,,,,,,,,,,,,False,False,UNKNOWN,False,False
2018050603,2018-05-06 14:00:00,阪神タイガース,中日ドラゴンズ,7.0,5.0,UNKNOWN,阪神甲子園球場,excluded,high,False,False,,,[],[],,,,,0,light,2018-05-06T05:00:00+00:00,,UNKNOWN,,,,UNKNOWN,UNKNOWN,,UNKNOWN,,,,,,,,,,,,,,,,,,,,,,,,,,,,,,,,False,False,UNKNOWN,False,False
2018050604,2018-05-06 14:00:00,北海道日本ハムファイターズ,千葉ロッテマリーンズ,6.0,1.0,UNKNOWN,札幌ドーム,unknown,low,False,False,,,[],[],,,,,0,light,2018-05-06T05:00:00+00:00,,UNKNOWN,,,,UNKNOWN,UNKNOWN,,UNKNOWN,,,,,,,,,,,,,,,,,,,,,,,,,,,,,,,,False,False,UNKNOWN,False,False
2018050801,2018-05-08 18:00:00,読売ジャイアンツ,阪神タイガース,0.0,9.0,UNKNOWN,東京ドーム,unknown,low,False,False,,,[],[],,,,,0,light,2018-05-08T09:00:00+00:00,,UNKNOWN,,,,UNKNOWN,UNKNOWN,,UNKNOWN,,,,,,,,,,,,,,,,,,,,,,,,,,,,,,,,False,False,UNKNOWN,False,False
2018050601,2018-05-06 18:00:00,東京ヤクルトスワローズ,広島東洋カープ,4.0,3.0,UNKNOWN,明治神宮野球場,unknown,low,False,False,,,[],[],,,,,0,light,2018-05-06T09:00:00+00:00,,UNKNOWN,,,,UNKNOWN,UNKNOWN,,UNKNOWN,,,,,,,,,,,,,,,,,,,,,,,,,,,,,,,,False,False,UNKNOWN,False,False
2018050802,2018-05-08 18:00:00,中日ドラゴンズ,東京ヤクルトスワローズ,6.0,6.0,UNKNOWN,福井県営野球場,unknown,low,False,False,,,[],[],,,,,0,light,2018-05-08T09:00:00+00:00,,UNKNOWN,,,,UNKNOWN,UNKNOWN,,UNKNOWN,,,,,,,,,,,,,,,,,,,,,,,,,,,,,,,,False,False,UNKNOWN,False,False
2018050804,2018-05-08 18:00:00,東北楽天ゴールデンイーグルス,千葉ロッテマリーンズ,5.0,0.0,UNKNOWN,楽天生命パーク宮城,unknown,low,False,False,,,[],[],,,,,0,light,2018-05-08T09:00:00+00:00,,UNKNOWN,,,,UNKNOWN,UNKNOWN,,UNKNOWN,,,,,,,,,,,,,,,,,,,,,,,,,,,,,,,,False,False,UNKNOWN,False,False
2018050805,2018-05-08 18:00:00,埼玉西武ライオンズ,福岡ソフトバンクホークス,0.0,5.0,UNKNOWN,埼玉県営大宮公園野球場,unknown,low,False,False,,,[],[],,,,,0,light,2018-05-08T09:00:00+00:00,,UNKNOWN,,,,UNKNOWN,UNKNOWN,,UNKNOWN,,,,,,,,,,,,,,,,,,,,,,,,,,,,,,,,False,False,UNKNOWN,False,False
2018050806,2018-05-08 18:00:00,オリックス・バファローズ,北海道日本ハムファイターズ,8.0,4.0,UNKNOWN,京セラドーム大阪,unknown,low,False,False,,,[],[],,,,,0,light,2018-05-08T09:00:00+00:00,,UNKNOWN,,,,UNKNOWN,UNKNOWN,,UNKNOWN,,,,,,,,,,,,,,,,,,,,,,,,,,,,,,,,False,False,UNKNOWN,False,False
2018050901,2018-05-09 18:00:00,読売ジャイアンツ,阪神タイガース,3.0,1.0,UNKNOWN,東京ドーム,unknown,low,False,False,,,[],[],,,,,0,light,2018-05-09T09:00:00+00:00,,UNKNOWN,,,,UNKNOWN,UNKNOWN,,UNKNOWN,,,,,,,,,,,,,,,,,,,,,,,,,,,,,,,,False,False,UNKNOWN,False,False
2018050903,2018-05-09 18:00:00,広島東洋カープ,横浜DeNAベイスターズ,1.0,1.0,UNKNOWN,ＭＡＺＤＡ　Ｚｏｏｍ－Ｚｏｏｍ　スタジアム広島,unknown,low,False,False,,,[],[],,,,,0,light,2018-05-09T09:00:00+00:00,,UNKNOWN,,,,UNKNOWN,UNKNOWN,,UNKNOWN,,,,,,,,,,,,,,,,,,,,,,,,,,,,,,,,False,False,UNKNOWN,False,False
2018050902,2018-05-09 18:00:00,中日ドラゴンズ,東京ヤクルトスワローズ,3.0,2.0,UNKNOWN,石川県立野球場,unknown,low,False,False,,,[],[],,,,,0,light,2018-05-09T09:00:00+00:00,,UNKNOWN,,,,UNKNOWN,UNKNOWN,,UNKNOWN,,,,,,,,,,,,,,,,,,,,,,,,,,,,,,,,False,False,UNKNOWN,False,False
2018050905,2018-05-09 18:00:00,埼玉西武ライオンズ,福岡ソフトバンクホークス,0.0,3.0,UNKNOWN,メットライフドーム,unknown,low,False,False,,,[],[],,,,,0,light,2018-05-09T09:00:00+00:00,,UNKNOWN,,,,UNKNOWN,UNKNOWN,,UNKNOWN,,,,,,,,,,,,,,,,,,,,,,,,,,,,,,,,False,False,UNKNOWN,False,False
2018050906,2018-05-09 18:00:00,オリックス・バファローズ,北海道日本ハムファイターズ,2.0,8.0,UNKNOWN,京セラドーム大阪,unknown,low,False,False,,,[],[],,,,,0,light,2018-05-09T09:00:00+00:00,,UNKNOWN,,,,UNKNOWN,UNKNOWN,,UNKNOWN,,,,,,,,,,,,,,,,,,,,,,,,,,,,,,,,False,False,UNKNOWN,False,False
2018051001,2018-05-10 18:00:00,読売ジャイアンツ,阪神タイガース,4.0,2.0,UNKNOWN,東京ドーム,excluded,high,False,False,,,[],[],,,,,0,light,2018-05-10T09:00:00+00:00,,UNKNOWN,,,,UNKNOWN,UNKNOWN,,UNKNOWN,,,,,,,,,,,,,,,,,,,,,,,,,,,,,,,,False,False,UNKNOWN,False,False
2018051002,2018-05-10 18:00:00,オリックス・バファローズ,北海道日本ハムファイターズ,2.0,1.0,UNKNOWN,京セラドーム大阪,unknown,low,False,False,,,[],[],,,,,0,light,2018-05-10T09:00:00+00:00,,UNKNOWN,,,,UNKNOWN,UNKNOWN,,UNKNOWN,,,,,,,,,,,,,,,,,,,,,,,,,,,,,,,,False,False,UNKNOWN,False,False
2018051101,2018-05-11 18:00:00,読売ジャイアンツ,中日ドラゴンズ,6.0,0.0,UNKNOWN,東京ドーム,unknown,low,False,False,,,[],[],,,,,0,light,2018-05-11T09:00:00+00:00,,UNKNOWN,,,,UNKNOWN,UNKNOWN,,UNKNOWN,,,,,,,,,,,,,,,,,,,,,,,,,,,,,,,,False,False,UNKNOWN,False,False
2018051102,2018-05-11 18:00:00,横浜DeNAベイスターズ,東京ヤクルトスワローズ,3.0,7.0,UNKNOWN,横浜スタジアム,unknown,low,False,False,,,[],[],,,,,0,light,2018-05-11T09:00:00+00:00,,UNKNOWN,,,,UNKNOWN,UNKNOWN,,UNKNOWN,,,,,,,,,,,,,,,,,,,,,,,,,,,,,,,,False,False,UNKNOWN,False,False
2018051103,2018-05-11 18:00:00,広島東洋カープ,阪神タイガース,14.0,1.0,UNKNOWN,ＭＡＺＤＡ　Ｚｏｏｍ－Ｚｏｏｍ　スタジアム広島,unknown,low,False,False,,,[],[],,,,,0,light,2018-05-11T09:00:00+00:00,,UNKNOWN,,,,UNKNOWN,UNKNOWN,,UNKNOWN,,,,,,,,,,,,,,,,,,,,,,,,,,,,,,,,False,False,UNKNOWN,False,False
2018051104,2018-05-11 18:00:00,埼玉西武ライオンズ,千葉ロッテマリーンズ,3.0,12.0,UNKNOWN,メットライフドーム,excluded,high,False,False,,,[],[],,,,,0,light,2018-05-11T09:00:00+00:00,,UNKNOWN,,,,UNKNOWN,UNKNOWN,,UNKNOWN,,,,,,,,,,,,,,,,,,,,,,,,,,,,,,,,False,False,UNKNOWN,False,False
2018051105,2018-05-11 18:00:00,オリックス・バファローズ,東北楽天ゴールデンイーグルス,2.0,5.0,UNKNOWN,京セラドーム大阪,unknown,low,False,False,,,[],[],,,,,0,light,2018-05-11T09:00:00+00:00,,UNKNOWN,,,,UNKNOWN,UNKNOWN,,UNKNOWN,,,,,,,,,,,,,,,,,,,,,,,,,,,,,,,,False,False,UNKNOWN,False,False
2018051106,2018-05-11 18:00:00,福岡ソフトバンクホークス,北海道日本ハムファイターズ,4.0,5.0,UNKNOWN,福岡 ヤフオク!ドーム,unknown,low,False,False,,,[],[],,,,,0,light,2018-05-11T09:00:00+00:00,,UNKNOWN,,,,UNKNOWN,UNKNOWN,,UNKNOWN,,,,,,,,,,,,,,,,,,,,,,,,,,,,,,,,False,False,UNKNOWN,False,False
2018051205,2018-05-12 13:00:00,オリックス・バファローズ,東北楽天ゴールデンイーグルス,0.0,2.0,UNKNOWN,京セラドーム大阪,unknown,low,False,False,,,[],[],,,,,0,light,2018-05-12T04:00:00+00:00,,UNKNOWN,,,,UNKNOWN,UNKNOWN,,UNKNOWN,,,,,,,,,,,,,,,,,,,,,,,,,,,,,,,,False,False,UNKNOWN,False,False
2018051202,2018-05-12 14:00:00,横浜DeNAベイスターズ,東京ヤクルトスワローズ,5.0,6.0,UNKNOWN,横浜スタジアム,unknown,low,False,False,,,[],[],,,,,0,light,2018-05-12T05:00:00+00:00,,UNKNOWN,,,,UNKNOWN,UNKNOWN,,UNKNOWN,,,,,,,,,,,,,,,,,,,,,,,,,,,,,,,,False,False,UNKNOWN,False,False
2018051203,2018-05-12 14:00:00,広島東洋カープ,阪神タイガース,6.0,1.0,UNKNOWN,ＭＡＺＤＡ　Ｚｏｏｍ－Ｚｏｏｍ　スタジアム広島,unknown,low,False,False,,,[],[],,,,,0,light,2018-05-12T05:00:00+00:00,,UNKNOWN,,,,UNKNOWN,UNKNOWN,,UNKNOWN,,,,,,,,,,,,,,,,,,,,,,,,,,,,,,,,False,False,UNKNOWN,False,False
2018051204,2018-05-12 14:00:00,埼玉西武ライオンズ,千葉ロッテマリーンズ,2.0,11.0,UNKNOWN,メットライフドーム,unknown,low,False,False,,,[],[],,,,,0,light,2018-05-12T05:00:00+00:00,,UNKNOWN,,,,UNKNOWN,UNKNOWN,,UNKNOWN,,,,,,,,,,,,,,,,,,,,,,,,,,,,,,,,False,False,UNKNOWN,False,False
2018051206,2018-05-12 14:00:00,福岡ソフトバンクホークス,北海道日本ハムファイターズ,3.0,5.0,UNKNOWN,福岡 ヤフオク!ドーム,unknown,low,False,False,,,[],[],,,,,0,light,2018-05-12T05:00:00+00:00,,UNKNOWN,,,,UNKNOWN,UNKNOWN,,UNKNOWN,,,,,,,,,,,,,,,,,,,,,,,,,,,,,,,,False,False,UNKNOWN,False,False
2018051201,2018-05-12 18:00:00,読売ジャイアンツ,中日ドラゴンズ,0.0,6.0,UNKNOWN,東京ドーム,unknown,low,False,False,,,[],[],,,,,0,light,2018-05-12T09:00:00+00:00,,UNKNOWN,,,,UNKNOWN,UNKNOWN,,UNKNOWN,,,,,,,,,,,,,,,,,,,,,,,,,,,,,,,,False,False,UNKNOWN,False,False
2018051302,2018-05-13 13:00:00,横浜DeNAベイスターズ,東京ヤクルトスワローズ,10.0,3.0,UNKNOWN,横浜スタジアム,unknown,low,False,False,,,[],[],,,,,0,light,2018-05-13T04:00:00+00:00,,UNKNOWN,,,,UNKNOWN,UNKNOWN,,UNKNOWN,,,,,,,,,,,,,,,,,,,,,,,,,,,,,,,,False,False,UNKNOWN,False,False
2018051304,2018-05-13 13:00:00,埼玉西武ライオンズ,千葉ロッテマリーンズ,6.0,0.0,UNKNOWN,メットライフドーム,unknown,low,False,False,,,[],[],,,,,0,light,2018-05-13T04:00:00+00:00,,UNKNOWN,,,,UNKNOWN,UNKNOWN,,UNKNOWN,,,,,,,,,,,,,,,,,,,,,,,,,,,,,,,,False,False,UNKNOWN,False,False
2018051305,2018-05-13 13:00:00,オリックス・バファローズ,東北楽天ゴールデンイーグルス,1.0,9.0,UNKNOWN,京セラドーム大阪,unknown,low,False,False,,,[],[],,,,,0,light,2018-05-13T04:00:00+00:00,,UNKNOWN,,,,UNKNOWN,UNKNOWN,,UNKNOWN,,,,,,,,,,,,,,,,,,,,,,,,,,,,,,,,False,False,UNKNOWN,False,False
2018051306,2018-05-13 13:00:00,福岡ソフトバンクホークス,北海道日本ハムファイターズ,8.0,0.0,UNKNOWN,福岡 ヤフオク!ドーム,unknown,low,False,False,,,[],[],,,,,0,light,2018-05-13T04:00:00+00:00,,UNKNOWN,,,,UNKNOWN,UNKNOWN,,UNKNOWN,,,,,,,,,,,,,,,,,,,,,,,,,,,,,,,,False,False,UNKNOWN,False,False
2018051301,2018-05-13 18:00:00,読売ジャイアンツ,中日ドラゴンズ,9.0,5.0,UNKNOWN,東京ドーム,unknown,low,False,False,,,[],[],,,,,0,light,2018-05-13T09:00:00+00:00,,UNKNOWN,,,,UNKNOWN,UNKNOWN,,UNKNOWN,,,,,,,,,,,,,,,,,,,,,,,,,,,,,,,,False,False,UNKNOWN,False,False
2018051502,2018-05-15 18:00:00,中日ドラゴンズ,広島東洋カープ,10.0,4.0,UNKNOWN,ナゴヤドーム,unknown,low,False,False,,,[],[],,,,,0,light,2018-05-15T09:00:00+00:00,,UNKNOWN,,,,UNKNOWN,UNKNOWN,,UNKNOWN,,,,,,,,,,,,,,,,,,,,,,,,,,,,,,,,False,False,UNKNOWN,False,False
2018051503,2018-05-15 18:00:00,阪神タイガース,横浜DeNAベイスターズ,2.0,1.0,UNKNOWN,阪神甲子園球場,unknown,low,False,False,,,[],[],,,,,0,light,2018-05-15T09:00:00+00:00,,UNKNOWN,,,,UNKNOWN,UNKNOWN,,UNKNOWN,,,,,,,,,,,,,,,,,,,,,,,,,,,,,,,,False,False,UNKNOWN,False,False
2018051504,2018-05-15 18:00:00,北海道日本ハムファイターズ,埼玉西武ライオンズ,2.0,0.0,UNKNOWN,東京ドーム,unknown,low,False,False,,,[],[],,,,,0,light,2018-05-15T09:00:00+00:00,,UNKNOWN,,,,UNKNOWN,UNKNOWN,,UNKNOWN,,,,,,,,,,,,,,,,,,,,,,,,,,,,,,,,False,False,UNKNOWN,False,False
2018051506,2018-05-15 18:00:00,千葉ロッテマリーンズ,オリックス・バファローズ,2.0,7.0,UNKNOWN,富山市民球場アルペンスタジアム,unknown,low,False,False,,,[],[],,,,,0,light,2018-05-15T09:00:00+00:00,,UNKNOWN,,,,UNKNOWN,UNKNOWN,,UNKNOWN,,,,,,,,,,,,,,,,,,,,,,,,,,,,,,,,False,False,UNKNOWN,False,False
2018051505,2018-05-15 18:00:00,東北楽天ゴールデンイーグルス,福岡ソフトバンクホークス,1.0,6.0,UNKNOWN,楽天生命パーク宮城,unknown,low,False,False,,,[],[],,,,,0,light,2018-05-15T09:00:00+00:00,,UNKNOWN,,,,UNKNOWN,UNKNOWN,,UNKNOWN,,,,,,,,,,,,,,,,,,,,,,,,,,,,,,,,False,False,UNKNOWN,False,False
2018051501,2018-05-15 18:30:00,東京ヤクルトスワローズ,読売ジャイアンツ,2.0,1.0,UNKNOWN,鹿児島県立鴨池野球場,unknown,low,False,False,,,[],[],,,,,0,light,2018-05-15T09:30:00+00:00,,UNKNOWN,,,,UNKNOWN,UNKNOWN,,UNKNOWN,,,,,,,,,,,,,,,,,,,,,,,,,,,,,,,,False,False,UNKNOWN,False,False
2018051602,2018-05-16 18:00:00,中日ドラゴンズ,広島東洋カープ,5.0,2.0,UNKNOWN,ナゴヤドーム,unknown,low,False,False,,,[],[],,,,,0,light,2018-05-16T09:00:00+00:00,,UNKNOWN,,,,UNKNOWN,UNKNOWN,,UNKNOWN,,,,,,,,,,,,,,,,,,,,,,,,,,,,,,,,False,False,UNKNOWN,False,False
2018051603,2018-05-16 18:00:00,阪神タイガース,横浜DeNAベイスターズ,0.0,5.0,UNKNOWN,阪神甲子園球場,unknown,low,False,False,,,[],[],,,,,0,light,2018-05-16T09:00:00+00:00,,UNKNOWN,,,,UNKNOWN,UNKNOWN,,UNKNOWN,,,,,,,,,,,,,,,,,,,,,,,,,,,,,,,,False,False,UNKNOWN,False,False
2018051604,2018-05-16 18:00:00,北海道日本ハムファイターズ,埼玉西武ライオンズ,1.0,0.0,UNKNOWN,東京ドーム,unknown,low,False,False,,,[],[],,,,,0,light,2018-05-16T09:00:00+00:00,,UNKNOWN,,,,UNKNOWN,UNKNOWN,,UNKNOWN,,,,,,,,,,,,,,,,,,,,,,,,,,,,,,,,False,False,UNKNOWN,False,False
2018051605,2018-05-16 18:00:00,東北楽天ゴールデンイーグルス,福岡ソフトバンクホークス,4.0,12.0,UNKNOWN,楽天生命パーク宮城,unknown,low,False,False,,,[],[],,,,,0,light,2018-05-16T09:00:00+00:00,,UNKNOWN,,,,UNKNOWN,UNKNOWN,,UNKNOWN,,,,,,,,,,,,,,,,,,,,,,,,,,,,,,,,False,False,UNKNOWN,False,False
2018051601,2018-05-16 18:30:00,東京ヤクルトスワローズ,読売ジャイアンツ,4.0,12.0,UNKNOWN,鹿児島県立鴨池野球場,unknown,low,False,False,,,[],[],,,,,0,light,2018-05-16T09:30:00+00:00,,UNKNOWN,,,,UNKNOWN,UNKNOWN,,UNKNOWN,,,,,,,,,,,,,,,,,,,,,,,,,,,,,,,,False,False,UNKNOWN,False,False
2018051702,2018-05-17 18:00:00,阪神タイガース,横浜DeNAベイスターズ,3.0,6.0,UNKNOWN,阪神甲子園球場,unknown,low,False,False,,,[],[],,,,,0,light,2018-05-17T09:00:00+00:00,,UNKNOWN,,,,UNKNOWN,UNKNOWN,,UNKNOWN,,,,,,,,,,,,,,,,,,,,,,,,,,,,,,,,False,False,UNKNOWN,False,False
2018051703,2018-05-17 13:00:00,東北楽天ゴールデンイーグルス,福岡ソフトバンクホークス,4.0,3.0,UNKNOWN,楽天生命パーク宮城,unknown,low,False,False,,,[],[],,,,,0,light,2018-05-17T04:00:00+00:00,,UNKNOWN,,,,UNKNOWN,UNKNOWN,,UNKNOWN,,,,,,,,,,,,,,,,,,,,,,,,,,,,,,,,False,False,UNKNOWN,False,False
2018051701,2018-05-17 18:00:00,中日ドラゴンズ,広島東洋カープ,2.0,3.0,UNKNOWN,ナゴヤドーム,unknown,low,False,False,,,[],[],,,,,0,light,2018-05-17T09:00:00+00:00,,UNKNOWN,,,,UNKNOWN,UNKNOWN,,UNKNOWN,,,,,,,,,,,,,,,,,,,,,,,,,,,,,,,,False,False,UNKNOWN,False,False
2018051704,2018-05-17 18:15:00,千葉ロッテマリーンズ,オリックス・バファローズ,3.0,6.0,UNKNOWN,ＺＯＺＯマリンスタジアム,excluded,high,False,False,,,[],[],,,,,0,light,2018-05-17T09:15:00+00:00,,UNKNOWN,,,,UNKNOWN,UNKNOWN,,UNKNOWN,,,,,,,,,,,,,,,,,,,,,,,,,,,,,,,,False,False,UNKNOWN,False,False
2018051801,2018-05-18 18:00:00,読売ジャイアンツ,横浜DeNAベイスターズ,6.0,3.0,UNKNOWN,東京ドーム,unknown,low,False,False,,,[],[],,,,,0,light,2018-05-18T09:00:00+00:00,,UNKNOWN,,,,UNKNOWN,UNKNOWN,,UNKNOWN,,,,,,,,,,,,,,,,,,,,,,,,,,,,,,,,False,False,UNKNOWN,False,False
2018051804,2018-05-18 18:00:00,北海道日本ハムファイターズ,東北楽天ゴールデンイーグルス,0.0,3.0,UNKNOWN,札幌ドーム,unknown,low,False,False,,,[],[],,,,,0,light,2018-05-18T09:00:00+00:00,,UNKNOWN,,,,UNKNOWN,UNKNOWN,,UNKNOWN,,,,,,,,,,,,,,,,,,,,,,,,,,,,,,,,False,False,UNKNOWN,False,False
2018051802,2018-05-18 18:00:00,中日ドラゴンズ,阪神タイガース,1.0,2.0,UNKNOWN,ナゴヤドーム,unknown,low,False,False,,,[],[],,,,,0,light,2018-05-18T09:00:00+00:00,,UNKNOWN,,,,UNKNOWN,UNKNOWN,,UNKNOWN,,,,,,,,,,,,,,,,,,,,,,,,,,,,,,,,False,False,UNKNOWN,False,False
2018051805,2018-05-18 18:15:00,千葉ロッテマリーンズ,福岡ソフトバンクホークス,3.0,2.0,UNKNOWN,ＺＯＺＯマリンスタジアム,unknown,low,False,False,,,[],[],,,,,0,light,2018-05-18T09:15:00+00:00,,UNKNOWN,,,,UNKNOWN,UNKNOWN,,UNKNOWN,,,,,,,,,,,,,,,,,,,,,,,,,,,,,,,,False,False,UNKNOWN,False,False
2018051906,2018-05-19 13:00:00,オリックス・バファローズ,埼玉西武ライオンズ,0.0,7.0,UNKNOWN,ほっともっとフィールド神戸,unknown,low,False,False,,,[],[],,,,,0,light,2018-05-19T04:00:00+00:00,,UNKNOWN,,,,UNKNOWN,UNKNOWN,,UNKNOWN,,,,,,,,,,,,,,,,,,,,,,,,,,,,,,,,False,False,UNKNOWN,False,False
2018051901,2018-05-19 14:00:00,読売ジャイアンツ,横浜DeNAベイスターズ,1.0,5.0,UNKNOWN,東京ドーム,unknown,low,False,False,,,[],[],,,,,0,light,2018-05-19T05:00:00+00:00,,UNKNOWN,,,,UNKNOWN,UNKNOWN,,UNKNOWN,,,,,,,,,,,,,,,,,,,,,,,,,,,,,,,,False,False,UNKNOWN,False,False
2018051902,2018-05-19 14:00:00,中日ドラゴンズ,阪神タイガース,3.0,2.0,UNKNOWN,ナゴヤドーム,unknown,low,False,False,,,[],[],,,,,0,light,2018-05-19T05:00:00+00:00,,UNKNOWN,,,,UNKNOWN,UNKNOWN,,UNKNOWN,,,,,,,,,,,,,,,,,,,,,,,,,,,,,,,,False,False,UNKNOWN,False,False
2018051903,2018-05-19 14:00:00,広島東洋カープ,東京ヤクルトスワローズ,5.0,2.0,UNKNOWN,ＭＡＺＤＡ　Ｚｏｏｍ－Ｚｏｏｍ　スタジアム広島,unknown,low,False,False,,,[],[],,,,,0,light,2018-05-19T05:00:00+00:00,,UNKNOWN,,,,UNKNOWN,UNKNOWN,,UNKNOWN,,,,,,,,,,,,,,,,,,,,,,,,,,,,,,,,False,False,UNKNOWN,False,False
2018051904,2018-05-19 14:00:00,北海道日本ハムファイターズ,東北楽天ゴールデンイーグルス,0.0,5.0,UNKNOWN,札幌ドーム,unknown,low,False,False,,,[],[],,,,,0,light,2018-05-19T05:00:00+00:00,,UNKNOWN,,,,UNKNOWN,UNKNOWN,,UNKNOWN,,,,,,,,,,,,,,,,,,,,,,,,,,,,,,,,False,False,UNKNOWN,False,False
2018051905,2018-05-19 14:00:00,千葉ロッテマリーンズ,福岡ソフトバンクホークス,8.0,1.0,UNKNOWN,ＺＯＺＯマリンスタジアム,unknown,low,False,False,,,[],[],,,,,0,light,2018-05-19T05:00:00+00:00,,UNKNOWN,,,,UNKNOWN,UNKNOWN,,UNKNOWN,,,,,,,,,,,,,,,,,,,,,,,,,,,,,,,,False,False,UNKNOWN,False,False
2018052006,2018-05-20 13:00:00,オリックス・バファローズ,埼玉西武ライオンズ,3.0,0.0,UNKNOWN,ほっともっとフィールド神戸,unknown,low,False,False,,,[],[],,,,,0,light,2018-05-20T04:00:00+00:00,,UNKNOWN,,,,UNKNOWN,UNKNOWN,,UNKNOWN,,,,,,,,,,,,,,,,,,,,,,,,,,,,,,,,False,False,UNKNOWN,False,False
2018052003,2018-05-20 13:30:00,広島東洋カープ,東京ヤクルトスワローズ,1.0,0.0,UNKNOWN,ＭＡＺＤＡ　Ｚｏｏｍ－Ｚｏｏｍ　スタジアム広島,unknown,low,False,False,,,[],[],,,,,0,light,2018-05-20T04:30:00+00:00,,UNKNOWN,,,,UNKNOWN,UNKNOWN,,UNKNOWN,,,,,,,,,,,,,,,,,,,,,,,,,,,,,,,,False,False,UNKNOWN,False,False
2018052001,2018-05-20 14:00:00,読売ジャイアンツ,横浜DeNAベイスターズ,2.0,10.0,UNKNOWN,東京ドーム,excluded,high,False,False,,,[],[],,,,,0,light,2018-05-20T05:00:00+00:00,,UNKNOWN,,,,UNKNOWN,UNKNOWN,,UNKNOWN,,,,,,,,,,,,,,,,,,,,,,,,,,,,,,,,False,False,UNKNOWN,False,False
2018052004,2018-05-20 14:00:00,北海道日本ハムファイターズ,東北楽天ゴールデンイーグルス,7.0,1.0,UNKNOWN,札幌ドーム,unknown,low,False,False,,,[],[],,,,,0,light,2018-05-20T05:00:00+00:00,,UNKNOWN,,,,UNKNOWN,UNKNOWN,,UNKNOWN,,,,,,,,,,,,,,,,,,,,,,,,,,,,,,,,False,False,UNKNOWN,False,False
2018052002,2018-05-20 14:00:00,中日ドラゴンズ,阪神タイガース,6.0,1.0,UNKNOWN,ナゴヤドーム,excluded,high,False,False,,,[],[],,,,,0,light,2018-05-20T05:00:00+00:00,,UNKNOWN,,,,UNKNOWN,UNKNOWN,,UNKNOWN,,,,,,,,,,,,,,,,,,,,,,,,,,,,,,,,False,False,UNKNOWN,False,False
2018052202,2018-05-22 17:45:00,横浜DeNAベイスターズ,中日ドラゴンズ,0.0,8.0,UNKNOWN,横浜スタジアム,unknown,low,False,False,,,[],[],,,,,0,light,2018-05-22T08:45:00+00:00,,UNKNOWN,,,,UNKNOWN,UNKNOWN,,UNKNOWN,,,,,,,,,,,,,,,,,,,,,,,,,,,,,,,,False,False,UNKNOWN,False,False
2018052005,2018-05-20 14:00:00,千葉ロッテマリーンズ,福岡ソフトバンクホークス,8.0,4.0,UNKNOWN,ＺＯＺＯマリンスタジアム,unknown,low,False,False,,,[],[],,,,,0,light,2018-05-20T05:00:00+00:00,,UNKNOWN,,,,UNKNOWN,UNKNOWN,,UNKNOWN,,,,,,,,,,,,,,,,,,,,,,,,,,,,,,,,False,False,UNKNOWN,False,False
2018052201,2018-05-22 18:00:00,読売ジャイアンツ,広島東洋カープ,8.0,0.0,UNKNOWN,宇都宮市清原球場,unknown,low,False,False,,,[],[],,,,,0,light,2018-05-22T09:00:00+00:00,,UNKNOWN,,,,UNKNOWN,UNKNOWN,,UNKNOWN,,,,,,,,,,,,,,,,,,,,,,,,,,,,,,,,False,False,UNKNOWN,False,False
2018052203,2018-05-22 18:00:00,阪神タイガース,東京ヤクルトスワローズ,8.0,3.0,UNKNOWN,岡山県倉敷スポーツ公園野球場,unknown,low,False,False,,,[],[],,,,,0,light,2018-05-22T09:00:00+00:00,,UNKNOWN,,,,UNKNOWN,UNKNOWN,,UNKNOWN,,,,,,,,,,,,,,,,,,,,,,,,,,,,,,,,False,False,UNKNOWN,False,False
2018052204,2018-05-22 18:00:00,東北楽天ゴールデンイーグルス,オリックス・バファローズ,0.0,10.0,UNKNOWN,楽天生命パーク宮城,unknown,low,False,False,,,[],[],,,,,0,light,2018-05-22T09:00:00+00:00,,UNKNOWN,,,,UNKNOWN,UNKNOWN,,UNKNOWN,,,,,,,,,,,,,,,,,,,,,,,,,,,,,,,,False,False,UNKNOWN,False,False
2018052206,2018-05-22 18:00:00,福岡ソフトバンクホークス,埼玉西武ライオンズ,5.0,3.0,UNKNOWN,福岡 ヤフオク!ドーム,excluded,high,False,False,,,[],[],,,,,0,light,2018-05-22T09:00:00+00:00,,UNKNOWN,,,,UNKNOWN,UNKNOWN,,UNKNOWN,,,,,,,,,,,,,,,,,,,,,,,,,,,,,,,,False,False,UNKNOWN,False,False
2018052205,2018-05-22 18:15:00,千葉ロッテマリーンズ,北海道日本ハムファイターズ,2.0,0.0,UNKNOWN,ＺＯＺＯマリンスタジアム,unknown,low,False,False,,,[],[],,,,,0,light,2018-05-22T09:15:00+00:00,,UNKNOWN,,,,UNKNOWN,UNKNOWN,,UNKNOWN,,,,,,,,,,,,,,,,,,,,,,,,,,,,,,,,False,False,UNKNOWN,False,False
2018052304,2018-05-23 14:00:00,東北楽天ゴールデンイーグルス,オリックス・バファローズ,2.0,5.0,UNKNOWN,楽天生命パーク宮城,unknown,low,False,False,,,[],[],,,,,0,light,2018-05-23T05:00:00+00:00,,UNKNOWN,,,,UNKNOWN,UNKNOWN,,UNKNOWN,,,,,,,,,,,,,,,,,,,,,,,,,,,,,,,,False,False,UNKNOWN,False,False
2018052301,2018-05-23 18:00:00,読売ジャイアンツ,広島東洋カープ,3.0,9.0,UNKNOWN,ひたちなか市民球場,unknown,low,False,False,,,[],[],,,,,0,light,2018-05-23T09:00:00+00:00,,UNKNOWN,,,,UNKNOWN,UNKNOWN,,UNKNOWN,,,,,,,,,,,,,,,,,,,,,,,,,,,,,,,,False,False,UNKNOWN,False,False
2018052305,2018-05-23 18:15:00,千葉ロッテマリーンズ,北海道日本ハムファイターズ,0.0,2.0,UNKNOWN,ＺＯＺＯマリンスタジアム,unknown,low,False,False,,,[],[],,,,,0,light,2018-05-23T09:15:00+00:00,,UNKNOWN,,,,UNKNOWN,UNKNOWN,,UNKNOWN,,,,,,,,,,,,,,,,,,,,,,,,,,,,,,,,False,False,UNKNOWN,False,False
2018052306,2018-05-23 18:00:00,福岡ソフトバンクホークス,埼玉西武ライオンズ,1.0,2.0,UNKNOWN,福岡 ヤフオク!ドーム,unknown,low,False,False,,,[],[],,,,,0,light,2018-05-23T09:00:00+00:00,,UNKNOWN,,,,UNKNOWN,UNKNOWN,,UNKNOWN,,,,,,,,,,,,,,,,,,,,,,,,,,,,,,,,False,False,UNKNOWN,False,False
2018052401,2018-05-24 17:45:00,横浜DeNAベイスターズ,中日ドラゴンズ,3.0,2.0,UNKNOWN,横浜スタジアム,unknown,low,False,False,,,[],[],,,,,0,light,2018-05-24T08:45:00+00:00,,UNKNOWN,,,,UNKNOWN,UNKNOWN,,UNKNOWN,,,,,,,,,,,,,,,,,,,,,,,,,,,,,,,,False,False,UNKNOWN,False,False
2018052402,2018-05-24 18:00:00,阪神タイガース,東京ヤクルトスワローズ,2.0,0.0,UNKNOWN,阪神甲子園球場,unknown,low,False,False,,,[],[],,,,,0,light,2018-05-24T09:00:00+00:00,,UNKNOWN,,,,UNKNOWN,UNKNOWN,,UNKNOWN,,,,,,,,,,,,,,,,,,,,,,,,,,,,,,,,False,False,UNKNOWN,False,False
2018052405,2018-05-24 18:00:00,福岡ソフトバンクホークス,埼玉西武ライオンズ,5.0,12.0,UNKNOWN,福岡 ヤフオク!ドーム,excluded,high,False,False,,,[],[],,,,,0,light,2018-05-24T09:00:00+00:00,,UNKNOWN,,,,UNKNOWN,UNKNOWN,,UNKNOWN,,,,,,,,,,,,,,,,,,,,,,,,,,,,,,,,False,False,UNKNOWN,False,False
2018052404,2018-05-24 18:15:00,千葉ロッテマリーンズ,北海道日本ハムファイターズ,7.0,6.0,UNKNOWN,ＺＯＺＯマリンスタジアム,unknown,low,False,False,,,[],[],,,,,0,light,2018-05-24T09:15:00+00:00,,UNKNOWN,,,,UNKNOWN,UNKNOWN,,UNKNOWN,,,,,,,,,,,,,,,,,,,,,,,,,,,,,,,,False,False,UNKNOWN,False,False
2018052403,2018-05-24 18:00:00,東北楽天ゴールデンイーグルス,オリックス・バファローズ,4.0,1.0,UNKNOWN,東京ドーム,unknown,low,False,False,,,[],[],,,,,0,light,2018-05-24T09:00:00+00:00,,UNKNOWN,,,,UNKNOWN,UNKNOWN,,UNKNOWN,,,,,,,,,,,,,,,,,,,,,,,,,,,,,,,,False,False,UNKNOWN,False,False
2018052501,2018-05-25 18:00:00,東京ヤクルトスワローズ,横浜DeNAベイスターズ,5.0,14.0,UNKNOWN,明治神宮野球場,unknown,low,False,False,,,[],[],,,,,0,light,2018-05-25T09:00:00+00:00,,UNKNOWN,,,,UNKNOWN,UNKNOWN,,UNKNOWN,,,,,,,,,,,,,,,,,,,,,,,,,,,,,,,,False,False,UNKNOWN,False,False
2018052502,2018-05-25 18:00:00,阪神タイガース,読売ジャイアンツ,1.0,0.0,UNKNOWN,阪神甲子園球場,unknown,low,False,False,,,[],[],,,,,0,light,2018-05-25T09:00:00+00:00,,UNKNOWN,,,,UNKNOWN,UNKNOWN,,UNKNOWN,,,,,,,,,,,,,,,,,,,,,,,,,,,,,,,,False,False,UNKNOWN,False,False
2018052503,2018-05-25 18:00:00,広島東洋カープ,中日ドラゴンズ,6.0,3.0,UNKNOWN,ＭＡＺＤＡ　Ｚｏｏｍ－Ｚｏｏｍ　スタジアム広島,unknown,low,False,False,,,[],[],,,,,0,light,2018-05-25T09:00:00+00:00,,UNKNOWN,,,,UNKNOWN,UNKNOWN,,UNKNOWN,,,,,,,,,,,,,,,,,,,,,,,,,,,,,,,,False,False,UNKNOWN,False,False
2018052504,2018-05-25 18:00:00,埼玉西武ライオンズ,北海道日本ハムファイターズ,5.0,8.0,UNKNOWN,メットライフドーム,excluded,high,False,False,,,[],[],,,,,0,light,2018-05-25T09:00:00+00:00,,UNKNOWN,,,,UNKNOWN,UNKNOWN,,UNKNOWN,,,,,,,,,,,,,,,,,,,,,,,,,,,,,,,,False,False,UNKNOWN,False,False
2018052505,2018-05-25 18:00:00,オリックス・バファローズ,千葉ロッテマリーンズ,9.0,5.0,UNKNOWN,ほっともっとフィールド神戸,unknown,low,False,False,,,[],[],,,,,0,light,2018-05-25T09:00:00+00:00,,UNKNOWN,,,,UNKNOWN,UNKNOWN,,UNKNOWN,,,,,,,,,,,,,,,,,,,,,,,,,,,,,,,,False,False,UNKNOWN,False,False
2018052506,2018-05-25 18:00:00,福岡ソフトバンクホークス,東北楽天ゴールデンイーグルス,4.0,6.0,UNKNOWN,福岡 ヤフオク!ドーム,unknown,low,False,False,,,[],[],,,,,0,light,2018-05-25T09:00:00+00:00,,UNKNOWN,,,,UNKNOWN,UNKNOWN,,UNKNOWN,,,,,,,,,,,,,,,,,,,,,,,,,,,,,,,,False,False,UNKNOWN,False,False
2018052602,2018-05-26 14:00:00,阪神タイガース,読売ジャイアンツ,5.0,4.0,UNKNOWN,阪神甲子園球場,unknown,low,False,False,,,[],[],,,,,0,light,2018-05-26T05:00:00+00:00,,UNKNOWN,,,,UNKNOWN,UNKNOWN,,UNKNOWN,,,,,,,,,,,,,,,,,,,,,,,,,,,,,,,,False,False,UNKNOWN,False,False
2018052603,2018-05-26 14:00:00,広島東洋カープ,中日ドラゴンズ,6.0,7.0,UNKNOWN,ＭＡＺＤＡ　Ｚｏｏｍ－Ｚｏｏｍ　スタジアム広島,excluded,high,False,False,,,[],[],,,,,0,light,2018-05-26T05:00:00+00:00,,UNKNOWN,,,,UNKNOWN,UNKNOWN,,UNKNOWN,,,,,,,,,,,,,,,,,,,,,,,,,,,,,,,,False,False,UNKNOWN,False,False
2018052604,2018-05-26 14:00:00,埼玉西武ライオンズ,北海道日本ハムファイターズ,5.0,6.0,UNKNOWN,メットライフドーム,excluded,high,False,False,,,[],[],,,,,0,light,2018-05-26T05:00:00+00:00,,UNKNOWN,,,,UNKNOWN,UNKNOWN,,UNKNOWN,,,,,,,,,,,,,,,,,,,,,,,,,,,,,,,,False,False,UNKNOWN,False,False
2018052605,2018-05-26 14:00:00,オリックス・バファローズ,千葉ロッテマリーンズ,3.0,6.0,UNKNOWN,ほっともっとフィールド神戸,unknown,low,False,False,,,[],[],,,,,0,light,2018-05-26T05:00:00+00:00,,UNKNOWN,,,,UNKNOWN,UNKNOWN,,UNKNOWN,,,,,,,,,,,,,,,,,,,,,,,,,,,,,,,,False,False,UNKNOWN,False,False
2018052704,2018-05-27 13:00:00,埼玉西武ライオンズ,北海道日本ハムファイターズ,8.0,10.0,UNKNOWN,メットライフドーム,unknown,low,False,False,,,[],[],,,,,0,light,2018-05-27T04:00:00+00:00,,UNKNOWN,,,,UNKNOWN,UNKNOWN,,UNKNOWN,,,,,,,,,,,,,,,,,,,,,,,,,,,,,,,,False,False,UNKNOWN,False,False
2018052601,2018-05-26 18:00:00,東京ヤクルトスワローズ,横浜DeNAベイスターズ,5.0,1.0,UNKNOWN,明治神宮野球場,unknown,low,False,False,,,[],[],,,,,0,light,2018-05-26T09:00:00+00:00,,UNKNOWN,,,,UNKNOWN,UNKNOWN,,UNKNOWN,,,,,,,,,,,,,,,,,,,,,,,,,,,,,,,,False,False,UNKNOWN,False,False
2018052606,2018-05-26 14:00:00,福岡ソフトバンクホークス,東北楽天ゴールデンイーグルス,4.0,3.0,UNKNOWN,福岡 ヤフオク!ドーム,unknown,low,False,False,,,[],[],,,,,0,light,2018-05-26T05:00:00+00:00,,UNKNOWN,,,,UNKNOWN,UNKNOWN,,UNKNOWN,,,,,,,,,,,,,,,,,,,,,,,,,,,,,,,,False,False,UNKNOWN,False,False
2018052706,2018-05-27 13:00:00,福岡ソフトバンクホークス,東北楽天ゴールデンイーグルス,4.0,8.0,UNKNOWN,福岡 ヤフオク!ドーム,unknown,low,False,False,,,[],[],,,,,0,light,2018-05-27T04:00:00+00:00,,UNKNOWN,,,,UNKNOWN,UNKNOWN,,UNKNOWN,,,,,,,,,,,,,,,,,,,,,,,,,,,,,,,,False,False,UNKNOWN,False,False
2018052703,2018-05-27 13:30:00,広島東洋カープ,中日ドラゴンズ,7.0,8.0,UNKNOWN,ＭＡＺＤＡ　Ｚｏｏｍ－Ｚｏｏｍ　スタジアム広島,excluded,high,False,False,,,[],[],,,,,0,light,2018-05-27T04:30:00+00:00,,UNKNOWN,,,,UNKNOWN,UNKNOWN,,UNKNOWN,,,,,,,,,,,,,,,,,,,,,,,,,,,,,,,,False,False,UNKNOWN,False,False
2018052702,2018-05-27 14:00:00,阪神タイガース,読売ジャイアンツ,9.0,1.0,UNKNOWN,阪神甲子園球場,unknown,low,False,False,,,[],[],,,,,0,light,2018-05-27T05:00:00+00:00,,UNKNOWN,,,,UNKNOWN,UNKNOWN,,UNKNOWN,,,,,,,,,,,,,,,,,,,,,,,,,,,,,,,,False,False,UNKNOWN,False,False
2018052705,2018-05-27 14:00:00,オリックス・バファローズ,千葉ロッテマリーンズ,3.0,2.0,UNKNOWN,わかさスタジアム京都,unknown,low,False,False,,,[],[],,,,,0,light,2018-05-27T05:00:00+00:00,,UNKNOWN,,,,UNKNOWN,UNKNOWN,,UNKNOWN,,,,,,,,,,,,,,,,,,,,,,,,,,,,,,,,False,False,UNKNOWN,False,False
2018052901,2018-05-29 18:00:00,読売ジャイアンツ,北海道日本ハムファイターズ,3.0,5.0,UNKNOWN,東京ドーム,interleague,high,True,True,,,[],[],,,,,0,light,2018-05-29T09:00:00+00:00,,UNKNOWN,,,,UNKNOWN,UNKNOWN,,UNKNOWN,,,,,,,,,,,,,,,,,,,,,,,,,,,,,,,,False,False,UNKNOWN,False,False
2018052701,2018-05-27 18:00:00,東京ヤクルトスワローズ,横浜DeNAベイスターズ,5.0,3.0,UNKNOWN,明治神宮野球場,unknown,low,False,False,,,[],[],,,,,0,light,2018-05-27T09:00:00+00:00,,UNKNOWN,,,,UNKNOWN,UNKNOWN,,UNKNOWN,,,,,,,,,,,,,,,,,,,,,,,,,,,,,,,,False,False,UNKNOWN,False,False
2018052903,2018-05-29 18:00:00,横浜DeNAベイスターズ,東北楽天ゴールデンイーグルス,9.0,2.0,UNKNOWN,横浜スタジアム,excluded,high,False,False,,,[],[],,,,,0,light,2018-05-29T09:00:00+00:00,,UNKNOWN,,,,UNKNOWN,UNKNOWN,,UNKNOWN,,,,,,,,,,,,,,,,,,,,,,,,,,,,,,,,False,False,UNKNOWN,False,False
2018052904,2018-05-29 18:00:00,中日ドラゴンズ,オリックス・バファローズ,5.0,8.0,UNKNOWN,ナゴヤドーム,unknown,low,False,False,,,[],[],,,,,0,light,2018-05-29T09:00:00+00:00,,UNKNOWN,,,,UNKNOWN,UNKNOWN,,UNKNOWN,,,,,,,,,,,,,,,,,,,,,,,,,,,,,,,,False,False,UNKNOWN,False,False
2018052902,2018-05-29 18:00:00,東京ヤクルトスワローズ,千葉ロッテマリーンズ,1.0,5.0,UNKNOWN,明治神宮野球場,unknown,low,False,False,,,[],[],,,,,0,light,2018-05-29T09:00:00+00:00,,UNKNOWN,,,,UNKNOWN,UNKNOWN,,UNKNOWN,,,,,,,,,,,,,,,,,,,,,,,,,,,,,,,,False,False,UNKNOWN,False,False
2018052906,2018-05-29 18:00:00,広島東洋カープ,埼玉西武ライオンズ,3.0,7.0,UNKNOWN,みよし運動公園野球場,unknown,low,False,False,,,[],[],,,,,0,light,2018-05-29T09:00:00+00:00,,UNKNOWN,,,,UNKNOWN,UNKNOWN,,UNKNOWN,,,,,,,,,,,,,,,,,,,,,,,,,,,,,,,,False,False,UNKNOWN,False,False
2018052905,2018-05-29 18:00:00,阪神タイガース,福岡ソフトバンクホークス,0.0,1.0,UNKNOWN,阪神甲子園球場,unknown,low,False,False,,,[],[],,,,,0,light,2018-05-29T09:00:00+00:00,,UNKNOWN,,,,UNKNOWN,UNKNOWN,,UNKNOWN,,,,,,,,,,,,,,,,,,,,,,,,,,,,,,,,False,False,UNKNOWN,False,False
2018053002,2018-05-30 18:00:00,東京ヤクルトスワローズ,千葉ロッテマリーンズ,4.0,1.0,UNKNOWN,明治神宮野球場,unknown,low,False,False,,,[],[],,,,,0,light,2018-05-30T09:00:00+00:00,,UNKNOWN,,,,UNKNOWN,UNKNOWN,,UNKNOWN,,,,,,,,,,,,,,,,,,,,,,,,,,,,,,,,False,False,UNKNOWN,False,False
2018053001,2018-05-30 18:00:00,読売ジャイアンツ,北海道日本ハムファイターズ,9.0,8.0,UNKNOWN,東京ドーム,unknown,low,False,False,,,[],[],,,,,0,light,2018-05-30T09:00:00+00:00,,UNKNOWN,,,,UNKNOWN,UNKNOWN,,UNKNOWN,,,,,,,,,,,,,,,,,,,,,,,,,,,,,,,,False,False,UNKNOWN,False,False
2018053004,2018-05-30 18:00:00,中日ドラゴンズ,オリックス・バファローズ,1.0,5.0,UNKNOWN,ナゴヤドーム,unknown,low,False,False,,,[],[],,,,,0,light,2018-05-30T09:00:00+00:00,,UNKNOWN,,,,UNKNOWN,UNKNOWN,,UNKNOWN,,,,,,,,,,,,,,,,,,,,,,,,,,,,,,,,False,False,UNKNOWN,False,False
2018053005,2018-05-30 18:00:00,阪神タイガース,福岡ソフトバンクホークス,3.0,6.0,UNKNOWN,阪神甲子園球場,interleague,high,True,True,,,[],[],,,,,0,light,2018-05-30T09:00:00+00:00,,UNKNOWN,,,,UNKNOWN,UNKNOWN,,UNKNOWN,,,,,,,,,,,,,,,,,,,,,,,,,,,,,,,,False,False,UNKNOWN,False,False
2018053006,2018-05-30 18:00:00,広島東洋カープ,埼玉西武ライオンズ,8.0,7.0,UNKNOWN,ＭＡＺＤＡ　Ｚｏｏｍ－Ｚｏｏｍ　スタジアム広島,unknown,low,False,False,,,[],[],,,,,0,light,2018-05-30T09:00:00+00:00,,UNKNOWN,,,,UNKNOWN,UNKNOWN,,UNKNOWN,,,,,,,,,,,,,,,,,,,,,,,,,,,,,,,,False,False,UNKNOWN,False,False
2018053102,2018-05-31 18:00:00,東京ヤクルトスワローズ,千葉ロッテマリーンズ,3.0,1.0,UNKNOWN,明治神宮野球場,excluded,high,False,False,,,[],[],,,,,0,light,2018-05-31T09:00:00+00:00,,UNKNOWN,,,,UNKNOWN,UNKNOWN,,UNKNOWN,,,,,,,,,,,,,,,,,,,,,,,,,,,,,,,,False,False,UNKNOWN,False,False
2018053103,2018-05-31 18:00:00,横浜DeNAベイスターズ,東北楽天ゴールデンイーグルス,4.0,3.0,UNKNOWN,横浜スタジアム,unknown,low,False,False,,,[],[],,,,,0,light,2018-05-31T09:00:00+00:00,,UNKNOWN,,,,UNKNOWN,UNKNOWN,,UNKNOWN,,,,,,,,,,,,,,,,,,,,,,,,,,,,,,,,False,False,UNKNOWN,False,False
2018053101,2018-05-31 18:00:00,読売ジャイアンツ,北海道日本ハムファイターズ,2.0,4.0,UNKNOWN,東京ドーム,excluded,high,False,False,,,[],[],,,,,0,light,2018-05-31T09:00:00+00:00,,UNKNOWN,,,,UNKNOWN,UNKNOWN,,UNKNOWN,,,,,,,,,,,,,,,,,,,,,,,,,,,,,,,,False,False,UNKNOWN,False,False
2018053104,2018-05-31 18:00:00,中日ドラゴンズ,オリックス・バファローズ,9.0,2.0,UNKNOWN,ナゴヤドーム,unknown,low,False,False,,,[],[],,,,,0,light,2018-05-31T09:00:00+00:00,,UNKNOWN,,,,UNKNOWN,UNKNOWN,,UNKNOWN,,,,,,,,,,,,,,,,,,,,,,,,,,,,,,,,False,False,UNKNOWN,False,False
2018053105,2018-05-31 18:00:00,阪神タイガース,福岡ソフトバンクホークス,2.0,5.0,UNKNOWN,阪神甲子園球場,unknown,low,False,False,,,[],[],,,,,0,light,2018-05-31T09:00:00+00:00,,UNKNOWN,,,,UNKNOWN,UNKNOWN,,UNKNOWN,,,,,,,,,,,,,,,,,,,,,,,,,,,,,,,,False,False,UNKNOWN,False,False
2018060101,2018-06-01 18:00:00,北海道日本ハムファイターズ,中日ドラゴンズ,13.0,2.0,UNKNOWN,札幌ドーム,interleague,high,True,True,,,[],[],,,,,0,light,2018-06-01T09:00:00+00:00,,UNKNOWN,,,,UNKNOWN,UNKNOWN,,UNKNOWN,,,,,,,,,,,,,,,,,,,,,,,,,,,,,,,,False,False,UNKNOWN,False,False
2018060105,2018-06-01 18:00:00,オリックス・バファローズ,読売ジャイアンツ,1.0,3.0,UNKNOWN,京セラドーム大阪,interleague,high,True,True,,,[],[],,,,,0,light,2018-06-01T09:00:00+00:00,,UNKNOWN,,,,UNKNOWN,UNKNOWN,,UNKNOWN,,,,,,,,,,,,,,,,,,,,,,,,,,,,,,,,False,False,UNKNOWN,False,False
2018060102,2018-06-01 18:00:00,東北楽天ゴールデンイーグルス,東京ヤクルトスワローズ,2.0,5.0,UNKNOWN,楽天生命パーク宮城,interleague,high,True,True,,,[],[],,,,,0,light,2018-06-01T09:00:00+00:00,,UNKNOWN,,,,UNKNOWN,UNKNOWN,,UNKNOWN,,,,,,,,,,,,,,,,,,,,,,,,,,,,,,,,False,False,UNKNOWN,False,False
2018060103,2018-06-01 18:00:00,埼玉西武ライオンズ,阪神タイガース,2.0,0.0,UNKNOWN,メットライフドーム,unknown,low,False,False,,,[],[],,,,,0,light,2018-06-01T09:00:00+00:00,,UNKNOWN,,,,UNKNOWN,UNKNOWN,,UNKNOWN,,,,,,,,,,,,,,,,,,,,,,,,,,,,,,,,False,False,UNKNOWN,False,False
2018053106,2018-05-31 18:00:00,広島東洋カープ,埼玉西武ライオンズ,7.0,12.0,UNKNOWN,ＭＡＺＤＡ　Ｚｏｏｍ－Ｚｏｏｍ　スタジアム広島,unknown,low,False,False,,,[],[],,,,,0,light,2018-05-31T09:00:00+00:00,,UNKNOWN,,,,UNKNOWN,UNKNOWN,,UNKNOWN,,,,,,,,,,,,,,,,,,,,,,,,,,,,,,,,False,False,UNKNOWN,False,False
2018060106,2018-06-01 18:00:00,福岡ソフトバンクホークス,横浜DeNAベイスターズ,6.0,2.0,UNKNOWN,福岡 ヤフオク!ドーム,unknown,low,False,False,,,[],[],,,,,0,light,2018-06-01T09:00:00+00:00,,UNKNOWN,,,,UNKNOWN,UNKNOWN,,UNKNOWN,,,,,,,,,,,,,,,,,,,,,,,,,,,,,,,,False,False,UNKNOWN,False,False
2018060104,2018-06-01 18:15:00,千葉ロッテマリーンズ,広島東洋カープ,4.0,6.0,UNKNOWN,ＺＯＺＯマリンスタジアム,interleague,high,True,True,,,[],[],,,,,0,light,2018-06-01T09:15:00+00:00,,UNKNOWN,,,,UNKNOWN,UNKNOWN,,UNKNOWN,,,,,,,,,,,,,,,,,,,,,,,,,,,,,,,,False,False,UNKNOWN,False,False
2018060202,2018-06-02 14:00:00,東北楽天ゴールデンイーグルス,東京ヤクルトスワローズ,2.0,3.0,UNKNOWN,楽天生命パーク宮城,unknown,low,False,False,,,[],[],,,,,0,light,2018-06-02T05:00:00+00:00,,UNKNOWN,,,,UNKNOWN,UNKNOWN,,UNKNOWN,,,,,,,,,,,,,,,,,,,,,,,,,,,,,,,,False,False,UNKNOWN,False,False
2018060203,2018-06-02 14:00:00,埼玉西武ライオンズ,阪神タイガース,5.0,10.0,UNKNOWN,メットライフドーム,interleague,high,True,True,,,[],[],,,,,0,light,2018-06-02T05:00:00+00:00,,UNKNOWN,,,,UNKNOWN,UNKNOWN,,UNKNOWN,,,,,,,,,,,,,,,,,,,,,,,,,,,,,,,,False,False,UNKNOWN,False,False
2018060206,2018-06-02 14:00:00,福岡ソフトバンクホークス,横浜DeNAベイスターズ,5.0,4.0,UNKNOWN,福岡 ヤフオク!ドーム,japan_series,high,False,True,,,[],[],,,,,0,light,2018-06-02T05:00:00+00:00,,UNKNOWN,,,,UNKNOWN,UNKNOWN,,UNKNOWN,,,,,,,,,,,,,,,,,,,,,,,,,,,,,,,,False,False,UNKNOWN,False,False
2018060204,2018-06-02 14:00:00,千葉ロッテマリーンズ,広島東洋カープ,7.0,3.0,UNKNOWN,ＺＯＺＯマリンスタジアム,unknown,low,False,False,,,[],[],,,,,0,light,2018-06-02T05:00:00+00:00,,UNKNOWN,,,,UNKNOWN,UNKNOWN,,UNKNOWN,,,,,,,,,,,,,,,,,,,,,,,,,,,,,,,,False,False,UNKNOWN,False,False
2018060201,2018-06-02 18:00:00,北海道日本ハムファイターズ,中日ドラゴンズ,9.0,3.0,UNKNOWN,札幌ドーム,unknown,low,False,False,,,[],[],,,,,0,light,2018-06-02T09:00:00+00:00,,UNKNOWN,,,,UNKNOWN,UNKNOWN,,UNKNOWN,,,,,,,,,,,,,,,,,,,,,,,,,,,,,,,,False,False,UNKNOWN,False,False
2018060205,2018-06-02 18:00:00,オリックス・バファローズ,読売ジャイアンツ,3.0,2.0,UNKNOWN,京セラドーム大阪,unknown,low,False,False,,,[],[],,,,,0,light,2018-06-02T09:00:00+00:00,,UNKNOWN,,,,UNKNOWN,UNKNOWN,,UNKNOWN,,,,,,,,,,,,,,,,,,,,,,,,,,,,,,,,False,False,UNKNOWN,False,False
2018060302,2018-06-03 13:00:00,東北楽天ゴールデンイーグルス,東京ヤクルトスワローズ,2.0,3.0,UNKNOWN,楽天生命パーク宮城,unknown,low,False,False,,,[],[],,,,,0,light,2018-06-03T04:00:00+00:00,,UNKNOWN,,,,UNKNOWN,UNKNOWN,,UNKNOWN,,,,,,,,,,,,,,,,,,,,,,,,,,,,,,,,False,False,UNKNOWN,False,False
2018060305,2018-06-03 13:00:00,オリックス・バファローズ,読売ジャイアンツ,3.0,2.0,UNKNOWN,京セラドーム大阪,interleague,high,True,True,,,[],[],,,,,0,light,2018-06-03T04:00:00+00:00,,UNKNOWN,,,,UNKNOWN,UNKNOWN,,UNKNOWN,,,,,,,,,,,,,,,,,,,,,,,,,,,,,,,,False,False,UNKNOWN,False,False
2018060304,2018-06-03 14:00:00,千葉ロッテマリーンズ,広島東洋カープ,7.0,5.0,UNKNOWN,ＺＯＺＯマリンスタジアム,interleague,high,True,True,,,[],[],,,,,0,light,2018-06-03T05:00:00+00:00,,UNKNOWN,,,,UNKNOWN,UNKNOWN,,UNKNOWN,,,,,,,,,,,,,,,,,,,,,,,,,,,,,,,,False,False,UNKNOWN,False,False
2018060303,2018-06-03 13:00:00,埼玉西武ライオンズ,阪神タイガース,10.0,5.0,UNKNOWN,メットライフドーム,interleague,high,True,True,,,[],[],,,,,0,light,2018-06-03T04:00:00+00:00,,UNKNOWN,,,,UNKNOWN,UNKNOWN,,UNKNOWN,,,,,,,,,,,,,,,,,,,,,,,,,,,,,,,,False,False,UNKNOWN,False,False
2018060301,2018-06-03 14:00:00,北海道日本ハムファイターズ,中日ドラゴンズ,2.0,5.0,UNKNOWN,札幌ドーム,unknown,low,False,False,,,[],[],,,,,0,light,2018-06-03T05:00:00+00:00,,UNKNOWN,,,,UNKNOWN,UNKNOWN,,UNKNOWN,,,,,,,,,,,,,,,,,,,,,,,,,,,,,,,,False,False,UNKNOWN,False,False
2018060306,2018-06-03 13:00:00,福岡ソフトバンクホークス,横浜DeNAベイスターズ,7.0,5.0,UNKNOWN,福岡 ヤフオク!ドーム,unknown,low,False,False,,,[],[],,,,,0,light,2018-06-03T04:00:00+00:00,,UNKNOWN,,,,UNKNOWN,UNKNOWN,,UNKNOWN,,,,,,,,,,,,,,,,,,,,,,,,,,,,,,,,False,False,UNKNOWN,False,False
2018060501,2018-06-05 18:00:00,読売ジャイアンツ,東北楽天ゴールデンイーグルス,1.0,4.0,UNKNOWN,東京ドーム,unknown,low,False,False,,,[],[],,,,,0,light,2018-06-05T09:00:00+00:00,,UNKNOWN,,,,UNKNOWN,UNKNOWN,,UNKNOWN,,,,,,,,,,,,,,,,,,,,,,,,,,,,,,,,False,False,UNKNOWN,False,False
2018060502,2018-06-05 18:00:00,東京ヤクルトスワローズ,福岡ソフトバンクホークス,12.0,6.0,UNKNOWN,明治神宮野球場,unknown,low,False,False,,,[],[],,,,,0,light,2018-06-05T09:00:00+00:00,,UNKNOWN,,,,UNKNOWN,UNKNOWN,,UNKNOWN,,,,,,,,,,,,,,,,,,,,,,,,,,,,,,,,False,False,UNKNOWN,False,False
2018060503,2018-06-05 18:00:00,横浜DeNAベイスターズ,埼玉西武ライオンズ,1.0,8.0,UNKNOWN,横浜スタジアム,interleague,high,True,True,,,[],[],,,,,0,light,2018-06-05T09:00:00+00:00,,UNKNOWN,,,,UNKNOWN,UNKNOWN,,UNKNOWN,,,,,,,,,,,,,,,,,,,,,,,,,,,,,,,,False,False,UNKNOWN,False,False
2018060504,2018-06-05 18:00:00,中日ドラゴンズ,千葉ロッテマリーンズ,1.0,4.0,UNKNOWN,ナゴヤドーム,unknown,low,False,False,,,[],[],,,,,0,light,2018-06-05T09:00:00+00:00,,UNKNOWN,,,,UNKNOWN,UNKNOWN,,UNKNOWN,,,,,,,,,,,,,,,,,,,,,,,,,,,,,,,,False,False,UNKNOWN,False,False
2018060601,2018-06-06 18:00:00,読売ジャイアンツ,東北楽天ゴールデンイーグルス,3.0,1.0,UNKNOWN,東京ドーム,excluded,high,False,False,,,[],[],,,,,0,light,2018-06-06T09:00:00+00:00,,UNKNOWN,,,,UNKNOWN,UNKNOWN,,UNKNOWN,,,,,,,,,,,,,,,,,,,,,,,,,,,,,,,,False,False,UNKNOWN,False,False
2018060505,2018-06-05 18:00:00,阪神タイガース,オリックス・バファローズ,2.0,3.0,UNKNOWN,阪神甲子園球場,unknown,low,False,False,,,[],[],,,,,0,light,2018-06-05T09:00:00+00:00,,UNKNOWN,,,,UNKNOWN,UNKNOWN,,UNKNOWN,,,,,,,,,,,,,,,,,,,,,,,,,,,,,,,,False,False,UNKNOWN,False,False
2018060606,2018-06-06 18:00:00,広島東洋カープ,北海道日本ハムファイターズ,4.0,3.0,UNKNOWN,ＭＡＺＤＡ　Ｚｏｏｍ－Ｚｏｏｍ　スタジアム広島,unknown,low,False,False,,,[],[],,,,,0,light,2018-06-06T09:00:00+00:00,,UNKNOWN,,,,UNKNOWN,UNKNOWN,,UNKNOWN,,,,,,,,,,,,,,,,,,,,,,,,,,,,,,,,False,False,UNKNOWN,False,False
2018060604,2018-06-06 18:00:00,中日ドラゴンズ,千葉ロッテマリーンズ,0.0,1.0,UNKNOWN,ナゴヤドーム,unknown,low,False,False,,,[],[],,,,,0,light,2018-06-06T09:00:00+00:00,,UNKNOWN,,,,UNKNOWN,UNKNOWN,,UNKNOWN,,,,,,,,,,,,,,,,,,,,,,,,,,,,,,,,False,False,UNKNOWN,False,False
2018060701,2018-06-07 18:00:00,読売ジャイアンツ,東北楽天ゴールデンイーグルス,4.0,5.0,UNKNOWN,東京ドーム,unknown,low,False,False,,,[],[],,,,,0,light,2018-06-07T09:00:00+00:00,,UNKNOWN,,,,UNKNOWN,UNKNOWN,,UNKNOWN,,,,,,,,,,,,,,,,,,,,,,,,,,,,,,,,False,False,UNKNOWN,False,False
2018060702,2018-06-07 18:00:00,東京ヤクルトスワローズ,福岡ソフトバンクホークス,4.0,3.0,UNKNOWN,明治神宮野球場,unknown,low,False,False,,,[],[],,,,,0,light,2018-06-07T09:00:00+00:00,,UNKNOWN,,,,UNKNOWN,UNKNOWN,,UNKNOWN,,,,,,,,,,,,,,,,,,,,,,,,,,,,,,,,False,False,UNKNOWN,False,False
2018060704,2018-06-07 18:00:00,中日ドラゴンズ,千葉ロッテマリーンズ,9.0,8.0,UNKNOWN,ナゴヤドーム,unknown,low,False,False,,,[],[],,,,,0,light,2018-06-07T09:00:00+00:00,,UNKNOWN,,,,UNKNOWN,UNKNOWN,,UNKNOWN,,,,,,,,,,,,,,,,,,,,,,,,,,,,,,,,False,False,UNKNOWN,False,False
2018060703,2018-06-07 18:00:00,横浜DeNAベイスターズ,埼玉西武ライオンズ,7.0,9.0,UNKNOWN,横浜スタジアム,unknown,low,False,False,,,[],[],,,,,0,light,2018-06-07T09:00:00+00:00,,UNKNOWN,,,,UNKNOWN,UNKNOWN,,UNKNOWN,,,,,,,,,,,,,,,,,,,,,,,,,,,,,,,,False,False,UNKNOWN,False,False
2018060705,2018-06-07 18:00:00,阪神タイガース,オリックス・バファローズ,2.0,1.0,UNKNOWN,阪神甲子園球場,interleague,high,True,True,,,[],[],,,,,0,light,2018-06-07T09:00:00+00:00,,UNKNOWN,,,,UNKNOWN,UNKNOWN,,UNKNOWN,,,,,,,,,,,,,,,,,,,,,,,,,,,,,,,,False,False,UNKNOWN,False,False
2018060706,2018-06-07 18:00:00,広島東洋カープ,北海道日本ハムファイターズ,4.0,8.0,UNKNOWN,ＭＡＺＤＡ　Ｚｏｏｍ－Ｚｏｏｍ　スタジアム広島,unknown,low,False,False,,,[],[],,,,,0,light,2018-06-07T09:00:00+00:00,,UNKNOWN,,,,UNKNOWN,UNKNOWN,,UNKNOWN,,,,,,,,,,,,,,,,,,,,,,,,,,,,,,,,False,False,UNKNOWN,False,False
2018060802,2018-06-08 18:00:00,東京ヤクルトスワローズ,オリックス・バファローズ,0.0,3.0,UNKNOWN,明治神宮野球場,unknown,low,False,False,,,[],[],,,,,0,light,2018-06-08T09:00:00+00:00,,UNKNOWN,,,,UNKNOWN,UNKNOWN,,UNKNOWN,,,,,,,,,,,,,,,,,,,,,,,,,,,,,,,,False,False,UNKNOWN,False,False
2018060803,2018-06-08 18:00:00,横浜DeNAベイスターズ,北海道日本ハムファイターズ,5.0,2.0,UNKNOWN,横浜スタジアム,interleague,high,True,True,,,[],[],,,,,0,light,2018-06-08T09:00:00+00:00,,UNKNOWN,,,,UNKNOWN,UNKNOWN,,UNKNOWN,,,,,,,,,,,,,,,,,,,,,,,,,,,,,,,,False,False,UNKNOWN,False,False
2018060801,2018-06-08 18:00:00,読売ジャイアンツ,埼玉西武ライオンズ,4.0,5.0,UNKNOWN,東京ドーム,unknown,low,False,False,,,[],[],,,,,0,light,2018-06-08T09:00:00+00:00,,UNKNOWN,,,,UNKNOWN,UNKNOWN,,UNKNOWN,,,,,,,,,,,,,,,,,,,,,,,,,,,,,,,,False,False,UNKNOWN,False,False
2018060804,2018-06-08 18:00:00,中日ドラゴンズ,福岡ソフトバンクホークス,5.0,4.0,UNKNOWN,ナゴヤドーム,unknown,low,False,False,,,[],[],,,,,0,light,2018-06-08T09:00:00+00:00,,UNKNOWN,,,,UNKNOWN,UNKNOWN,,UNKNOWN,,,,,,,,,,,,,,,,,,,,,,,,,,,,,,,,False,False,UNKNOWN,False,False
2018060806,2018-06-08 18:00:00,広島東洋カープ,東北楽天ゴールデンイーグルス,7.0,0.0,UNKNOWN,ＭＡＺＤＡ　Ｚｏｏｍ－Ｚｏｏｍ　スタジアム広島,unknown,low,False,False,,,[],[],,,,,0,light,2018-06-08T09:00:00+00:00,,UNKNOWN,,,,UNKNOWN,UNKNOWN,,UNKNOWN,,,,,,,,,,,,,,,,,,,,,,,,,,,,,,,,False,False,UNKNOWN,False,False
2018060902,2018-06-09 14:00:00,東京ヤクルトスワローズ,オリックス・バファローズ,7.0,3.0,UNKNOWN,明治神宮野球場,unknown,low,False,False,,,[],[],,,,,0,light,2018-06-09T05:00:00+00:00,,UNKNOWN,,,,UNKNOWN,UNKNOWN,,UNKNOWN,,,,,,,,,,,,,,,,,,,,,,,,,,,,,,,,False,False,UNKNOWN,False,False
2018060904,2018-06-09 14:00:00,中日ドラゴンズ,福岡ソフトバンクホークス,3.0,0.0,UNKNOWN,ナゴヤドーム,unknown,low,False,False,,,[],[],,,,,0,light,2018-06-09T05:00:00+00:00,,UNKNOWN,,,,UNKNOWN,UNKNOWN,,UNKNOWN,,,,,,,,,,,,,,,,,,,,,,,,,,,,,,,,False,False,UNKNOWN,False,False
2018060903,2018-06-09 14:00:00,横浜DeNAベイスターズ,北海道日本ハムファイターズ,4.0,3.0,UNKNOWN,横浜スタジアム,interleague,high,True,True,,,[],[],,,,,0,light,2018-06-09T05:00:00+00:00,,UNKNOWN,,,,UNKNOWN,UNKNOWN,,UNKNOWN,,,,,,,,,,,,,,,,,,,,,,,,,,,,,,,,False,False,UNKNOWN,False,False
2018060906,2018-06-09 14:00:00,広島東洋カープ,東北楽天ゴールデンイーグルス,2.0,1.0,UNKNOWN,ＭＡＺＤＡ　Ｚｏｏｍ－Ｚｏｏｍ　スタジアム広島,unknown,low,False,False,,,[],[],,,,,0,light,2018-06-09T05:00:00+00:00,,UNKNOWN,,,,UNKNOWN,UNKNOWN,,UNKNOWN,,,,,,,,,,,,,,,,,,,,,,,,,,,,,,,,False,False,UNKNOWN,False,False
2018060905,2018-06-09 14:00:00,阪神タイガース,千葉ロッテマリーンズ,3.0,2.0,UNKNOWN,阪神甲子園球場,unknown,low,False,False,,,[],[],,,,,0,light,2018-06-09T05:00:00+00:00,,UNKNOWN,,,,UNKNOWN,UNKNOWN,,UNKNOWN,,,,,,,,,,,,,,,,,,,,,,,,,,,,,,,,False,False,UNKNOWN,False,False
2018060901,2018-06-09 18:00:00,読売ジャイアンツ,埼玉西武ライオンズ,8.0,5.0,UNKNOWN,東京ドーム,unknown,low,False,False,,,[],[],,,,,0,light,2018-06-09T09:00:00+00:00,,UNKNOWN,,,,UNKNOWN,UNKNOWN,,UNKNOWN,,,,,,,,,,,,,,,,,,,,,,,,,,,,,,,,False,False,UNKNOWN,False,False
2018061002,2018-06-10 13:00:00,東京ヤクルトスワローズ,オリックス・バファローズ,9.0,5.0,UNKNOWN,明治神宮野球場,unknown,low,False,False,,,[],[],,,,,0,light,2018-06-10T04:00:00+00:00,,UNKNOWN,,,,UNKNOWN,UNKNOWN,,UNKNOWN,,,,,,,,,,,,,,,,,,,,,,,,,,,,,,,,False,False,UNKNOWN,False,False
2018061003,2018-06-10 13:00:00,横浜DeNAベイスターズ,北海道日本ハムファイターズ,6.0,3.0,UNKNOWN,横浜スタジアム,unknown,low,False,False,,,[],[],,,,,0,light,2018-06-10T04:00:00+00:00,,UNKNOWN,,,,UNKNOWN,UNKNOWN,,UNKNOWN,,,,,,,,,,,,,,,,,,,,,,,,,,,,,,,,False,False,UNKNOWN,False,False
2018061006,2018-06-10 13:30:00,広島東洋カープ,東北楽天ゴールデンイーグルス,3.0,0.0,UNKNOWN,ＭＡＺＤＡ　Ｚｏｏｍ－Ｚｏｏｍ　スタジアム広島,interleague,high,True,True,,,[],[],,,,,0,light,2018-06-10T04:30:00+00:00,,UNKNOWN,,,,UNKNOWN,UNKNOWN,,UNKNOWN,,,,,,,,,,,,,,,,,,,,,,,,,,,,,,,,False,False,UNKNOWN,False,False
2018061001,2018-06-10 14:00:00,読売ジャイアンツ,埼玉西武ライオンズ,3.0,2.0,UNKNOWN,東京ドーム,unknown,low,False,False,,,[],[],,,,,0,light,2018-06-10T05:00:00+00:00,,UNKNOWN,,,,UNKNOWN,UNKNOWN,,UNKNOWN,,,,,,,,,,,,,,,,,,,,,,,,,,,,,,,,False,False,UNKNOWN,False,False
2018061005,2018-06-10 14:00:00,阪神タイガース,千葉ロッテマリーンズ,2.0,3.0,UNKNOWN,阪神甲子園球場,unknown,low,False,False,,,[],[],,,,,0,light,2018-06-10T05:00:00+00:00,,UNKNOWN,,,,UNKNOWN,UNKNOWN,,UNKNOWN,,,,,,,,,,,,,,,,,,,,,,,,,,,,,,,,False,False,UNKNOWN,False,False
2018061004,2018-06-10 14:00:00,中日ドラゴンズ,福岡ソフトバンクホークス,2.0,5.0,UNKNOWN,ナゴヤドーム,unknown,low,False,False,,,[],[],,,,,0,light,2018-06-10T05:00:00+00:00,,UNKNOWN,,,,UNKNOWN,UNKNOWN,,UNKNOWN,,,,,,,,,,,,,,,,,,,,,,,,,,,,,,,,False,False,UNKNOWN,False,False
2018061201,2018-06-12 18:00:00,北海道日本ハムファイターズ,阪神タイガース,5.0,10.0,UNKNOWN,札幌ドーム,unknown,low,False,False,,,[],[],,,,,0,light,2018-06-12T09:00:00+00:00,,UNKNOWN,,,,UNKNOWN,UNKNOWN,,UNKNOWN,,,,,,,,,,,,,,,,,,,,,,,,,,,,,,,,False,False,UNKNOWN,False,False
2018061202,2018-06-12 18:00:00,東北楽天ゴールデンイーグルス,中日ドラゴンズ,5.0,1.0,UNKNOWN,楽天生命パーク宮城,unknown,low,False,False,,,[],[],,,,,0,light,2018-06-12T09:00:00+00:00,,UNKNOWN,,,,UNKNOWN,UNKNOWN,,UNKNOWN,,,,,,,,,,,,,,,,,,,,,,,,,,,,,,,,False,False,UNKNOWN,False,False
2018061203,2018-06-12 18:00:00,埼玉西武ライオンズ,東京ヤクルトスワローズ,1.0,3.0,UNKNOWN,埼玉県営大宮公園野球場,interleague,high,True,True,,,[],[],,,,,0,light,2018-06-12T09:00:00+00:00,,UNKNOWN,,,,UNKNOWN,UNKNOWN,,UNKNOWN,,,,,,,,,,,,,,,,,,,,,,,,,,,,,,,,False,False,UNKNOWN,False,False
2018061206,2018-06-12 18:00:00,福岡ソフトバンクホークス,読売ジャイアンツ,2.0,8.0,UNKNOWN,福岡 ヤフオク!ドーム,unknown,low,False,False,,,[],[],,,,,0,light,2018-06-12T09:00:00+00:00,,UNKNOWN,,,,UNKNOWN,UNKNOWN,,UNKNOWN,,,,,,,,,,,,,,,,,,,,,,,,,,,,,,,,False,False,UNKNOWN,False,False
2018061205,2018-06-12 18:00:00,オリックス・バファローズ,広島東洋カープ,4.0,1.0,UNKNOWN,京セラドーム大阪,unknown,low,False,False,,,[],[],,,,,0,light,2018-06-12T09:00:00+00:00,,UNKNOWN,,,,UNKNOWN,UNKNOWN,,UNKNOWN,,,,,,,,,,,,,,,,,,,,,,,,,,,,,,,,False,False,UNKNOWN,False,False
2018061204,2018-06-12 18:15:00,千葉ロッテマリーンズ,横浜DeNAベイスターズ,3.0,0.0,UNKNOWN,ＺＯＺＯマリンスタジアム,unknown,low,False,False,,,[],[],,,,,0,light,2018-06-12T09:15:00+00:00,,UNKNOWN,,,,UNKNOWN,UNKNOWN,,UNKNOWN,,,,,,,,,,,,,,,,,,,,,,,,,,,,,,,,False,False,UNKNOWN,False,False
2018061301,2018-06-13 18:00:00,北海道日本ハムファイターズ,阪神タイガース,8.0,7.0,UNKNOWN,札幌ドーム,interleague,high,True,True,,,[],[],,,,,0,light,2018-06-13T09:00:00+00:00,,UNKNOWN,,,,UNKNOWN,UNKNOWN,,UNKNOWN,,,,,,,,,,,,,,,,,,,,,,,,,,,,,,,,False,False,UNKNOWN,False,False
2018061303,2018-06-13 18:00:00,埼玉西武ライオンズ,東京ヤクルトスワローズ,7.0,4.0,UNKNOWN,メットライフドーム,excluded,high,False,False,,,[],[],,,,,0,light,2018-06-13T09:00:00+00:00,,UNKNOWN,,,,UNKNOWN,UNKNOWN,,UNKNOWN,,,,,,,,,,,,,,,,,,,,,,,,,,,,,,,,False,False,UNKNOWN,False,False
2018061302,2018-06-13 18:00:00,東北楽天ゴールデンイーグルス,中日ドラゴンズ,3.0,6.0,UNKNOWN,楽天生命パーク宮城,unknown,low,False,False,,,[],[],,,,,0,light,2018-06-13T09:00:00+00:00,,UNKNOWN,,,,UNKNOWN,UNKNOWN,,UNKNOWN,,,,,,,,,,,,,,,,,,,,,,,,,,,,,,,,False,False,UNKNOWN,False,False
2018061305,2018-06-13 18:00:00,オリックス・バファローズ,広島東洋カープ,12.0,5.0,UNKNOWN,京セラドーム大阪,interleague,high,True,True,,,[],[],,,,,0,light,2018-06-13T09:00:00+00:00,,UNKNOWN,,,,UNKNOWN,UNKNOWN,,UNKNOWN,,,,,,,,,,,,,,,,,,,,,,,,,,,,,,,,False,False,UNKNOWN,False,False
2018061304,2018-06-13 18:15:00,千葉ロッテマリーンズ,横浜DeNAベイスターズ,6.0,1.0,UNKNOWN,ＺＯＺＯマリンスタジアム,excluded,high,False,False,,,[],[],,,,,0,light,2018-06-13T09:15:00+00:00,,UNKNOWN,,,,UNKNOWN,UNKNOWN,,UNKNOWN,,,,,,,,,,,,,,,,,,,,,,,,,,,,,,,,False,False,UNKNOWN,False,False
2018061306,2018-06-13 18:00:00,福岡ソフトバンクホークス,読売ジャイアンツ,4.0,2.0,UNKNOWN,福岡 ヤフオク!ドーム,interleague,high,True,True,,,[],[],,,,,0,light,2018-06-13T09:00:00+00:00,,UNKNOWN,,,,UNKNOWN,UNKNOWN,,UNKNOWN,,,,,,,,,,,,,,,,,,,,,,,,,,,,,,,,False,False,UNKNOWN,False,False
2018061401,2018-06-14 18:00:00,北海道日本ハムファイターズ,阪神タイガース,11.0,3.0,UNKNOWN,札幌ドーム,interleague,high,True,True,,,[],[],,,,,0,light,2018-06-14T09:00:00+00:00,,UNKNOWN,,,,UNKNOWN,UNKNOWN,,UNKNOWN,,,,,,,,,,,,,,,,,,,,,,,,,,,,,,,,False,False,UNKNOWN,False,False
2018061402,2018-06-14 18:00:00,東北楽天ゴールデンイーグルス,中日ドラゴンズ,4.0,0.0,UNKNOWN,楽天生命パーク宮城,unknown,low,False,False,,,[],[],,,,,0,light,2018-06-14T09:00:00+00:00,,UNKNOWN,,,,UNKNOWN,UNKNOWN,,UNKNOWN,,,,,,,,,,,,,,,,,,,,,,,,,,,,,,,,False,False,UNKNOWN,False,False
2018061403,2018-06-14 18:00:00,埼玉西武ライオンズ,東京ヤクルトスワローズ,4.0,6.0,UNKNOWN,メットライフドーム,unknown,low,False,False,,,[],[],,,,,0,light,2018-06-14T09:00:00+00:00,,UNKNOWN,,,,UNKNOWN,UNKNOWN,,UNKNOWN,,,,,,,,,,,,,,,,,,,,,,,,,,,,,,,,False,False,UNKNOWN,False,False
2018061405,2018-06-14 18:00:00,オリックス・バファローズ,広島東洋カープ,8.0,2.0,UNKNOWN,京セラドーム大阪,unknown,low,False,False,,,[],[],,,,,0,light,2018-06-14T09:00:00+00:00,,UNKNOWN,,,,UNKNOWN,UNKNOWN,,UNKNOWN,,,,,,,,,,,,,,,,,,,,,,,,,,,,,,,,False,False,UNKNOWN,False,False
2018061406,2018-06-14 18:00:00,福岡ソフトバンクホークス,読売ジャイアンツ,4.0,6.0,UNKNOWN,福岡 ヤフオク!ドーム,unknown,low,False,False,,,[],[],,,,,0,light,2018-06-14T09:00:00+00:00,,UNKNOWN,,,,UNKNOWN,UNKNOWN,,UNKNOWN,,,,,,,,,,,,,,,,,,,,,,,,,,,,,,,,False,False,UNKNOWN,False,False
2018061404,2018-06-14 18:15:00,千葉ロッテマリーンズ,横浜DeNAベイスターズ,1.0,4.0,UNKNOWN,ＺＯＺＯマリンスタジアム,unknown,low,False,False,,,[],[],,,,,0,light,2018-06-14T09:15:00+00:00,,UNKNOWN,,,,UNKNOWN,UNKNOWN,,UNKNOWN,,,,,,,,,,,,,,,,,,,,,,,,,,,,,,,,False,False,UNKNOWN,False,False
2018061501,2018-06-15 18:00:00,北海道日本ハムファイターズ,東京ヤクルトスワローズ,11.0,4.0,UNKNOWN,札幌ドーム,interleague,high,True,True,,,[],[],,,,,0,light,2018-06-15T09:00:00+00:00,,UNKNOWN,,,,UNKNOWN,UNKNOWN,,UNKNOWN,,,,,,,,,,,,,,,,,,,,,,,,,,,,,,,,False,False,UNKNOWN,False,False
2018061502,2018-06-15 18:00:00,東北楽天ゴールデンイーグルス,阪神タイガース,0.0,4.0,UNKNOWN,楽天生命パーク宮城,unknown,low,False,False,,,[],[],,,,,0,light,2018-06-15T09:00:00+00:00,,UNKNOWN,,,,UNKNOWN,UNKNOWN,,UNKNOWN,,,,,,,,,,,,,,,,,,,,,,,,,,,,,,,,False,False,UNKNOWN,False,False
2018061506,2018-06-15 18:00:00,福岡ソフトバンクホークス,広島東洋カープ,8.0,0.0,UNKNOWN,福岡 ヤフオク!ドーム,unknown,low,False,False,,,[],[],,,,,0,light,2018-06-15T09:00:00+00:00,,UNKNOWN,,,,UNKNOWN,UNKNOWN,,UNKNOWN,,,,,,,,,,,,,,,,,,,,,,,,,,,,,,,,False,False,UNKNOWN,False,False
2018061505,2018-06-15 18:00:00,オリックス・バファローズ,横浜DeNAベイスターズ,7.0,3.0,UNKNOWN,京セラドーム大阪,interleague,high,True,True,,,[],[],,,,,0,light,2018-06-15T09:00:00+00:00,,UNKNOWN,,,,UNKNOWN,UNKNOWN,,UNKNOWN,,,,,,,,,,,,,,,,,,,,,,,,,,,,,,,,False,False,UNKNOWN,False,False
2018061504,2018-06-15 18:15:00,千葉ロッテマリーンズ,読売ジャイアンツ,0.0,5.0,UNKNOWN,ＺＯＺＯマリンスタジアム,interleague,high,True,True,,,[],[],,,,,0,light,2018-06-15T09:15:00+00:00,,UNKNOWN,,,,UNKNOWN,UNKNOWN,,UNKNOWN,,,,,,,,,,,,,,,,,,,,,,,,,,,,,,,,False,False,UNKNOWN,False,False
2018061601,2018-06-16 14:00:00,北海道日本ハムファイターズ,東京ヤクルトスワローズ,2.0,1.0,UNKNOWN,札幌ドーム,unknown,low,False,False,,,[],[],,,,,0,light,2018-06-16T05:00:00+00:00,,UNKNOWN,,,,UNKNOWN,UNKNOWN,,UNKNOWN,,,,,,,,,,,,,,,,,,,,,,,,,,,,,,,,False,False,UNKNOWN,False,False
2018061602,2018-06-16 14:00:00,東北楽天ゴールデンイーグルス,阪神タイガース,1.0,2.0,UNKNOWN,楽天生命パーク宮城,unknown,low,False,False,,,[],[],,,,,0,light,2018-06-16T05:00:00+00:00,,UNKNOWN,,,,UNKNOWN,UNKNOWN,,UNKNOWN,,,,,,,,,,,,,,,,,,,,,,,,,,,,,,,,False,False,UNKNOWN,False,False
2018061603,2018-06-16 14:00:00,埼玉西武ライオンズ,中日ドラゴンズ,9.0,2.0,UNKNOWN,メットライフドーム,unknown,low,False,False,,,[],[],,,,,0,light,2018-06-16T05:00:00+00:00,,UNKNOWN,,,,UNKNOWN,UNKNOWN,,UNKNOWN,,,,,,,,,,,,,,,,,,,,,,,,,,,,,,,,False,False,UNKNOWN,False,False
2018061604,2018-06-16 14:00:00,千葉ロッテマリーンズ,読売ジャイアンツ,1.0,0.0,UNKNOWN,ＺＯＺＯマリンスタジアム,unknown,low,False,False,,,[],[],,,,,0,light,2018-06-16T05:00:00+00:00,,UNKNOWN,,,,UNKNOWN,UNKNOWN,,UNKNOWN,,,,,,,,,,,,,,,,,,,,,,,,,,,,,,,,False,False,UNKNOWN,False,False
2018061503,2018-06-15 18:00:00,埼玉西武ライオンズ,中日ドラゴンズ,3.0,2.0,UNKNOWN,メットライフドーム,unknown,low,False,False,,,[],[],,,,,0,light,2018-06-15T09:00:00+00:00,,UNKNOWN,,,,UNKNOWN,UNKNOWN,,UNKNOWN,,,,,,,,,,,,,,,,,,,,,,,,,,,,,,,,False,False,UNKNOWN,False,False
2018061605,2018-06-16 14:00:00,オリックス・バファローズ,横浜DeNAベイスターズ,0.0,1.0,UNKNOWN,京セラドーム大阪,interleague,high,True,True,,,[],[],,,,,0,light,2018-06-16T05:00:00+00:00,,UNKNOWN,,,,UNKNOWN,UNKNOWN,,UNKNOWN,,,,,,,,,,,,,,,,,,,,,,,,,,,,,,,,False,False,UNKNOWN,False,False
2018061606,2018-06-16 14:00:00,福岡ソフトバンクホークス,広島東洋カープ,6.0,2.0,UNKNOWN,福岡 ヤフオク!ドーム,unknown,low,False,False,,,[],[],,,,,0,light,2018-06-16T05:00:00+00:00,,UNKNOWN,,,,UNKNOWN,UNKNOWN,,UNKNOWN,,,,,,,,,,,,,,,,,,,,,,,,,,,,,,,,False,False,UNKNOWN,False,False
2018061702,2018-06-17 13:00:00,東北楽天ゴールデンイーグルス,阪神タイガース,8.0,0.0,UNKNOWN,楽天生命パーク宮城,interleague,high,True,True,,,[],[],,,,,0,light,2018-06-17T04:00:00+00:00,,UNKNOWN,,,,UNKNOWN,UNKNOWN,,UNKNOWN,,,,,,,,,,,,,,,,,,,,,,,,,,,,,,,,False,False,UNKNOWN,False,False
2018061703,2018-06-17 13:00:00,埼玉西武ライオンズ,中日ドラゴンズ,3.0,11.0,UNKNOWN,メットライフドーム,unknown,low,False,False,,,[],[],,,,,0,light,2018-06-17T04:00:00+00:00,,UNKNOWN,,,,UNKNOWN,UNKNOWN,,UNKNOWN,,,,,,,,,,,,,,,,,,,,,,,,,,,,,,,,False,False,UNKNOWN,False,False
2018061705,2018-06-17 13:00:00,オリックス・バファローズ,横浜DeNAベイスターズ,7.0,1.0,UNKNOWN,京セラドーム大阪,unknown,low,False,False,,,[],[],,,,,0,light,2018-06-17T04:00:00+00:00,,UNKNOWN,,,,UNKNOWN,UNKNOWN,,UNKNOWN,,,,,,,,,,,,,,,,,,,,,,,,,,,,,,,,False,False,UNKNOWN,False,False
2018061801,2018-06-18 18:00:00,広島東洋カープ,北海道日本ハムファイターズ,2.0,6.0,UNKNOWN,ＭＡＺＤＡ　Ｚｏｏｍ－Ｚｏｏｍ　スタジアム広島,unknown,low,False,False,,,[],[],,,,,0,light,2018-06-18T09:00:00+00:00,,UNKNOWN,,,,UNKNOWN,UNKNOWN,,UNKNOWN,,,,,,,,,,,,,,,,,,,,,,,,,,,,,,,,False,False,UNKNOWN,False,False
2018061802,2018-06-18 18:00:00,横浜DeNAベイスターズ,埼玉西武ライオンズ,4.0,2.0,UNKNOWN,横浜スタジアム,interleague,high,True,True,,,[],[],,,,,0,light,2018-06-18T09:00:00+00:00,,UNKNOWN,,,,UNKNOWN,UNKNOWN,,UNKNOWN,,,,,,,,,,,,,,,,,,,,,,,,,,,,,,,,False,False,UNKNOWN,False,False
2018061706,2018-06-17 13:00:00,福岡ソフトバンクホークス,広島東洋カープ,4.0,13.0,UNKNOWN,福岡 ヤフオク!ドーム,interleague,high,True,True,,,[],[],,,,,0,light,2018-06-17T04:00:00+00:00,,UNKNOWN,,,,UNKNOWN,UNKNOWN,,UNKNOWN,,,,,,,,,,,,,,,,,,,,,,,,,,,,,,,,False,False,UNKNOWN,False,False
2018061701,2018-06-17 14:00:00,北海道日本ハムファイターズ,東京ヤクルトスワローズ,1.0,5.0,UNKNOWN,札幌ドーム,unknown,low,False,False,,,[],[],,,,,0,light,2018-06-17T05:00:00+00:00,,UNKNOWN,,,,UNKNOWN,UNKNOWN,,UNKNOWN,,,,,,,,,,,,,,,,,,,,,,,,,,,,,,,,False,False,UNKNOWN,False,False
2018061704,2018-06-17 14:00:00,千葉ロッテマリーンズ,読売ジャイアンツ,2.0,1.0,UNKNOWN,ＺＯＺＯマリンスタジアム,excluded,high,False,False,,,[],[],,,,,0,light,2018-06-17T05:00:00+00:00,,UNKNOWN,,,,UNKNOWN,UNKNOWN,,UNKNOWN,,,,,,,,,,,,,,,,,,,,,,,,,,,,,,,,False,False,UNKNOWN,False,False
2018061901,2018-06-19 18:00:00,東京ヤクルトスワローズ,福岡ソフトバンクホークス,4.0,5.0,UNKNOWN,明治神宮野球場,unknown,low,False,False,,,[],[],,,,,0,light,2018-06-19T09:00:00+00:00,,UNKNOWN,,,,UNKNOWN,UNKNOWN,,UNKNOWN,,,,,,,,,,,,,,,,,,,,,,,,,,,,,,,,False,False,UNKNOWN,False,False
2018061902,2018-06-19 18:00:00,横浜DeNAベイスターズ,東北楽天ゴールデンイーグルス,1.0,7.0,UNKNOWN,横浜スタジアム,unknown,low,False,False,,,[],[],,,,,0,light,2018-06-19T09:00:00+00:00,,UNKNOWN,,,,UNKNOWN,UNKNOWN,,UNKNOWN,,,,,,,,,,,,,,,,,,,,,,,,,,,,,,,,False,False,UNKNOWN,False,False
2018061903,2018-06-19 18:00:00,阪神タイガース,千葉ロッテマリーンズ,1.0,3.0,UNKNOWN,阪神甲子園球場,interleague,high,True,True,,,[],[],,,,,0,light,2018-06-19T09:00:00+00:00,,UNKNOWN,,,,UNKNOWN,UNKNOWN,,UNKNOWN,,,,,,,,,,,,,,,,,,,,,,,,,,,,,,,,False,False,UNKNOWN,False,False
2018062201,2018-06-22 18:00:00,読売ジャイアンツ,東京ヤクルトスワローズ,8.0,5.0,UNKNOWN,東京ドーム,excluded,high,False,False,,,[],[],,,,,0,light,2018-06-22T09:00:00+00:00,,UNKNOWN,,,,UNKNOWN,UNKNOWN,,UNKNOWN,,,,,,,,,,,,,,,,,,,,,,,,,,,,,,,,False,False,UNKNOWN,False,False
2018062101,2018-06-21 18:00:00,阪神タイガース,オリックス・バファローズ,3.0,3.0,UNKNOWN,阪神甲子園球場,interleague,high,True,True,,,[],[],,,,,0,light,2018-06-21T09:00:00+00:00,,UNKNOWN,,,,UNKNOWN,UNKNOWN,,UNKNOWN,,,,,,,,,,,,,,,,,,,,,,,,,,,,,,,,False,False,UNKNOWN,False,False
2018062202,2018-06-22 18:00:00,中日ドラゴンズ,横浜DeNAベイスターズ,4.0,3.0,UNKNOWN,ナゴヤドーム,interleague,high,True,True,,,[],[],,,,,0,light,2018-06-22T09:00:00+00:00,,UNKNOWN,,,,UNKNOWN,UNKNOWN,,UNKNOWN,,,,,,,,,,,,,,,,,,,,,,,,,,,,,,,,False,False,UNKNOWN,False,False
2018062203,2018-06-22 18:00:00,阪神タイガース,広島東洋カープ,3.0,5.0,UNKNOWN,阪神甲子園球場,unknown,low,False,False,,,[],[],,,,,0,light,2018-06-22T09:00:00+00:00,,UNKNOWN,,,,UNKNOWN,UNKNOWN,,UNKNOWN,,,,,,,,,,,,,,,,,,,,,,,,,,,,,,,,False,False,UNKNOWN,False,False
2018062204,2018-06-22 18:00:00,東北楽天ゴールデンイーグルス,北海道日本ハムファイターズ,7.0,8.0,UNKNOWN,楽天生命パーク宮城,unknown,low,False,False,,,[],[],,,,,0,light,2018-06-22T09:00:00+00:00,,UNKNOWN,,,,UNKNOWN,UNKNOWN,,UNKNOWN,,,,,,,,,,,,,,,,,,,,,,,,,,,,,,,,False,False,UNKNOWN,False,False
2018062301,2018-06-23 14:00:00,読売ジャイアンツ,東京ヤクルトスワローズ,7.0,1.0,UNKNOWN,東京ドーム,unknown,low,False,False,,,[],[],,,,,0,light,2018-06-23T05:00:00+00:00,,UNKNOWN,,,,UNKNOWN,UNKNOWN,,UNKNOWN,,,,,,,,,,,,,,,,,,,,,,,,,,,,,,,,False,False,UNKNOWN,False,False
2018062206,2018-06-22 18:00:00,オリックス・バファローズ,福岡ソフトバンクホークス,3.0,5.0,UNKNOWN,ほっともっとフィールド神戸,unknown,low,False,False,,,[],[],,,,,0,light,2018-06-22T09:00:00+00:00,,UNKNOWN,,,,UNKNOWN,UNKNOWN,,UNKNOWN,,,,,,,,,,,,,,,,,,,,,,,,,,,,,,,,False,False,UNKNOWN,False,False
2018062303,2018-06-23 14:00:00,阪神タイガース,広島東洋カープ,3.0,11.0,UNKNOWN,阪神甲子園球場,interleague,high,True,True,,,[],[],,,,,0,light,2018-06-23T05:00:00+00:00,,UNKNOWN,,,,UNKNOWN,UNKNOWN,,UNKNOWN,,,,,,,,,,,,,,,,,,,,,,,,,,,,,,,,False,False,UNKNOWN,False,False
2018062304,2018-06-23 14:00:00,東北楽天ゴールデンイーグルス,北海道日本ハムファイターズ,3.0,2.0,UNKNOWN,楽天生命パーク宮城,unknown,low,False,False,,,[],[],,,,,0,light,2018-06-23T05:00:00+00:00,,UNKNOWN,,,,UNKNOWN,UNKNOWN,,UNKNOWN,,,,,,,,,,,,,,,,,,,,,,,,,,,,,,,,False,False,UNKNOWN,False,False
2018062305,2018-06-23 14:00:00,千葉ロッテマリーンズ,埼玉西武ライオンズ,4.0,3.0,UNKNOWN,ＺＯＺＯマリンスタジアム,unknown,low,False,False,,,[],[],,,,,0,light,2018-06-23T05:00:00+00:00,,UNKNOWN,,,,UNKNOWN,UNKNOWN,,UNKNOWN,,,,,,,,,,,,,,,,,,,,,,,,,,,,,,,,False,False,UNKNOWN,False,False
2018062302,2018-06-23 14:00:00,中日ドラゴンズ,横浜DeNAベイスターズ,5.0,3.0,UNKNOWN,ナゴヤドーム,unknown,low,False,False,,,[],[],,,,,0,light,2018-06-23T05:00:00+00:00,,UNKNOWN,,,,UNKNOWN,UNKNOWN,,UNKNOWN,,,,,,,,,,,,,,,,,,,,,,,,,,,,,,,,False,False,UNKNOWN,False,False
2018062205,2018-06-22 18:15:00,千葉ロッテマリーンズ,埼玉西武ライオンズ,1.0,5.0,UNKNOWN,ＺＯＺＯマリンスタジアム,interleague,high,True,True,,,[],[],,,,,0,light,2018-06-22T09:15:00+00:00,,UNKNOWN,,,,UNKNOWN,UNKNOWN,,UNKNOWN,,,,,,,,,,,,,,,,,,,,,,,,,,,,,,,,False,False,UNKNOWN,False,False
2018062404,2018-06-24 13:00:00,東北楽天ゴールデンイーグルス,北海道日本ハムファイターズ,6.0,5.0,UNKNOWN,楽天生命パーク宮城,unknown,low,False,False,,,[],[],,,,,0,light,2018-06-24T04:00:00+00:00,,UNKNOWN,,,,UNKNOWN,UNKNOWN,,UNKNOWN,,,,,,,,,,,,,,,,,,,,,,,,,,,,,,,,False,False,UNKNOWN,False,False
2018062406,2018-06-24 13:00:00,オリックス・バファローズ,福岡ソフトバンクホークス,4.0,5.0,UNKNOWN,京セラドーム大阪,unknown,low,False,False,,,[],[],,,,,0,light,2018-06-24T04:00:00+00:00,,UNKNOWN,,,,UNKNOWN,UNKNOWN,,UNKNOWN,,,,,,,,,,,,,,,,,,,,,,,,,,,,,,,,False,False,UNKNOWN,False,False
2018062401,2018-06-24 14:00:00,読売ジャイアンツ,東京ヤクルトスワローズ,2.0,3.0,UNKNOWN,東京ドーム,unknown,low,False,False,,,[],[],,,,,0,light,2018-06-24T05:00:00+00:00,,UNKNOWN,,,,UNKNOWN,UNKNOWN,,UNKNOWN,,,,,,,,,,,,,,,,,,,,,,,,,,,,,,,,False,False,UNKNOWN,False,False
2018062402,2018-06-24 14:00:00,中日ドラゴンズ,横浜DeNAベイスターズ,1.0,6.0,UNKNOWN,ナゴヤドーム,unknown,low,False,False,,,[],[],,,,,0,light,2018-06-24T05:00:00+00:00,,UNKNOWN,,,,UNKNOWN,UNKNOWN,,UNKNOWN,,,,,,,,,,,,,,,,,,,,,,,,,,,,,,,,False,False,UNKNOWN,False,False
2018062403,2018-06-24 14:00:00,阪神タイガース,広島東洋カープ,6.0,11.0,UNKNOWN,阪神甲子園球場,unknown,low,False,False,,,[],[],,,,,0,light,2018-06-24T05:00:00+00:00,,UNKNOWN,,,,UNKNOWN,UNKNOWN,,UNKNOWN,,,,,,,,,,,,,,,,,,,,,,,,,,,,,,,,False,False,UNKNOWN,False,False
2018062405,2018-06-24 14:00:00,千葉ロッテマリーンズ,埼玉西武ライオンズ,6.0,8.0,UNKNOWN,ＺＯＺＯマリンスタジアム,unknown,low,False,False,,,[],[],,,,,0,light,2018-06-24T05:00:00+00:00,,UNKNOWN,,,,UNKNOWN,UNKNOWN,,UNKNOWN,,,,,,,,,,,,,,,,,,,,,,,,,,,,,,,,False,False,UNKNOWN,False,False
2018062601,2018-06-26 18:00:00,東京ヤクルトスワローズ,中日ドラゴンズ,9.0,1.0,UNKNOWN,明治神宮野球場,unknown,low,False,False,,,[],[],,,,,0,light,2018-06-26T09:00:00+00:00,,UNKNOWN,,,,UNKNOWN,UNKNOWN,,UNKNOWN,,,,,,,,,,,,,,,,,,,,,,,,,,,,,,,,False,False,UNKNOWN,False,False
2018062602,2018-06-26 18:00:00,横浜DeNAベイスターズ,阪神タイガース,0.0,4.0,UNKNOWN,横浜スタジアム,unknown,low,False,False,,,[],[],,,,,0,light,2018-06-26T09:00:00+00:00,,UNKNOWN,,,,UNKNOWN,UNKNOWN,,UNKNOWN,,,,,,,,,,,,,,,,,,,,,,,,,,,,,,,,False,False,UNKNOWN,False,False
2018062603,2018-06-26 18:00:00,広島東洋カープ,読売ジャイアンツ,14.0,5.0,UNKNOWN,ＭＡＺＤＡ　Ｚｏｏｍ－Ｚｏｏｍ　スタジアム広島,unknown,low,False,False,,,[],[],,,,,0,light,2018-06-26T09:00:00+00:00,,UNKNOWN,,,,UNKNOWN,UNKNOWN,,UNKNOWN,,,,,,,,,,,,,,,,,,,,,,,,,,,,,,,,False,False,UNKNOWN,False,False
2018062605,2018-06-26 18:00:00,埼玉西武ライオンズ,オリックス・バファローズ,2.0,4.0,UNKNOWN,メットライフドーム,unknown,low,False,False,,,[],[],,,,,0,light,2018-06-26T09:00:00+00:00,,UNKNOWN,,,,UNKNOWN,UNKNOWN,,UNKNOWN,,,,,,,,,,,,,,,,,,,,,,,,,,,,,,,,False,False,UNKNOWN,False,False
2018062606,2018-06-26 18:15:00,千葉ロッテマリーンズ,東北楽天ゴールデンイーグルス,4.0,1.0,UNKNOWN,ＺＯＺＯマリンスタジアム,unknown,low,False,False,,,[],[],,,,,0,light,2018-06-26T09:15:00+00:00,,UNKNOWN,,,,UNKNOWN,UNKNOWN,,UNKNOWN,,,,,,,,,,,,,,,,,,,,,,,,,,,,,,,,False,False,UNKNOWN,False,False
2018062604,2018-06-26 18:30:00,北海道日本ハムファイターズ,福岡ソフトバンクホークス,5.0,0.0,UNKNOWN,沖縄セルラースタジアム那覇,unknown,low,False,False,,,[],[],,,,,0,light,2018-06-26T09:30:00+00:00,,UNKNOWN,,,,UNKNOWN,UNKNOWN,,UNKNOWN,,,,,,,,,,,,,,,,,,,,,,,,,,,,,,,,False,False,UNKNOWN,False,False
2018062701,2018-06-27 18:00:00,東京ヤクルトスワローズ,中日ドラゴンズ,7.0,2.0,UNKNOWN,明治神宮野球場,interleague,high,True,True,,,[],[],,,,,0,light,2018-06-27T09:00:00+00:00,,UNKNOWN,,,,UNKNOWN,UNKNOWN,,UNKNOWN,,,,,,,,,,,,,,,,,,,,,,,,,,,,,,,,False,False,UNKNOWN,False,False
2018062702,2018-06-27 18:00:00,横浜DeNAベイスターズ,阪神タイガース,6.0,16.0,UNKNOWN,横浜スタジアム,unknown,low,False,False,,,[],[],,,,,0,light,2018-06-27T09:00:00+00:00,,UNKNOWN,,,,UNKNOWN,UNKNOWN,,UNKNOWN,,,,,,,,,,,,,,,,,,,,,,,,,,,,,,,,False,False,UNKNOWN,False,False
2018062703,2018-06-27 18:00:00,広島東洋カープ,読売ジャイアンツ,8.0,6.0,UNKNOWN,ＭＡＺＤＡ　Ｚｏｏｍ－Ｚｏｏｍ　スタジアム広島,interleague,high,True,True,,,[],[],,,,,0,light,2018-06-27T09:00:00+00:00,,UNKNOWN,,,,UNKNOWN,UNKNOWN,,UNKNOWN,,,,,,,,,,,,,,,,,,,,,,,,,,,,,,,,False,False,UNKNOWN,False,False
2018062705,2018-06-27 18:00:00,埼玉西武ライオンズ,オリックス・バファローズ,3.0,3.0,UNKNOWN,メットライフドーム,unknown,low,False,False,,,[],[],,,,,0,light,2018-06-27T09:00:00+00:00,,UNKNOWN,,,,UNKNOWN,UNKNOWN,,UNKNOWN,,,,,,,,,,,,,,,,,,,,,,,,,,,,,,,,False,False,UNKNOWN,False,False
2018062706,2018-06-27 18:15:00,千葉ロッテマリーンズ,東北楽天ゴールデンイーグルス,4.0,3.0,UNKNOWN,ＺＯＺＯマリンスタジアム,unknown,low,False,False,,,[],[],,,,,0,light,2018-06-27T09:15:00+00:00,,UNKNOWN,,,,UNKNOWN,UNKNOWN,,UNKNOWN,,,,,,,,,,,,,,,,,,,,,,,,,,,,,,,,False,False,UNKNOWN,False,False
2018062704,2018-06-27 18:30:00,北海道日本ハムファイターズ,福岡ソフトバンクホークス,3.0,2.0,UNKNOWN,沖縄セルラースタジアム那覇,unknown,low,False,False,,,[],[],,,,,0,light,2018-06-27T09:30:00+00:00,,UNKNOWN,,,,UNKNOWN,UNKNOWN,,UNKNOWN,,,,,,,,,,,,,,,,,,,,,,,,,,,,,,,,False,False,UNKNOWN,False,False
2018062801,2018-06-28 18:00:00,東京ヤクルトスワローズ,中日ドラゴンズ,9.0,6.0,UNKNOWN,明治神宮野球場,unknown,low,False,False,,,[],[],,,,,0,light,2018-06-28T09:00:00+00:00,,UNKNOWN,,,,UNKNOWN,UNKNOWN,,UNKNOWN,,,,,,,,,,,,,,,,,,,,,,,,,,,,,,,,False,False,UNKNOWN,False,False
2018062802,2018-06-28 18:00:00,横浜DeNAベイスターズ,阪神タイガース,2.0,3.0,UNKNOWN,横浜スタジアム,excluded,high,False,False,,,[],[],,,,,0,light,2018-06-28T09:00:00+00:00,,UNKNOWN,,,,UNKNOWN,UNKNOWN,,UNKNOWN,,,,,,,,,,,,,,,,,,,,,,,,,,,,,,,,False,False,UNKNOWN,False,False
2018062804,2018-06-28 18:00:00,埼玉西武ライオンズ,オリックス・バファローズ,14.0,11.0,UNKNOWN,メットライフドーム,unknown,low,False,False,,,[],[],,,,,0,light,2018-06-28T09:00:00+00:00,,UNKNOWN,,,,UNKNOWN,UNKNOWN,,UNKNOWN,,,,,,,,,,,,,,,,,,,,,,,,,,,,,,,,False,False,UNKNOWN,False,False
2018062803,2018-06-28 18:00:00,広島東洋カープ,読売ジャイアンツ,4.0,2.0,UNKNOWN,ＭＡＺＤＡ　Ｚｏｏｍ－Ｚｏｏｍ　スタジアム広島,unknown,low,False,False,,,[],[],,,,,0,light,2018-06-28T09:00:00+00:00,,UNKNOWN,,,,UNKNOWN,UNKNOWN,,UNKNOWN,,,,,,,,,,,,,,,,,,,,,,,,,,,,,,,,False,False,UNKNOWN,False,False
2018062901,2018-06-29 18:00:00,東京ヤクルトスワローズ,阪神タイガース,10.0,9.0,UNKNOWN,明治神宮野球場,excluded,high,False,False,,,[],[],,,,,0,light,2018-06-29T09:00:00+00:00,,UNKNOWN,,,,UNKNOWN,UNKNOWN,,UNKNOWN,,,,,,,,,,,,,,,,,,,,,,,,,,,,,,,,False,False,UNKNOWN,False,False
2018062902,2018-06-29 18:00:00,横浜DeNAベイスターズ,広島東洋カープ,5.0,4.0,UNKNOWN,横浜スタジアム,unknown,low,False,False,,,[],[],,,,,0,light,2018-06-29T09:00:00+00:00,,UNKNOWN,,,,UNKNOWN,UNKNOWN,,UNKNOWN,,,,,,,,,,,,,,,,,,,,,,,,,,,,,,,,False,False,UNKNOWN,False,False
2018062903,2018-06-29 18:00:00,中日ドラゴンズ,読売ジャイアンツ,4.0,3.0,UNKNOWN,ナゴヤドーム,unknown,low,False,False,,,[],[],,,,,0,light,2018-06-29T09:00:00+00:00,,UNKNOWN,,,,UNKNOWN,UNKNOWN,,UNKNOWN,,,,,,,,,,,,,,,,,,,,,,,,,,,,,,,,False,False,UNKNOWN,False,False
2018062904,2018-06-29 18:00:00,北海道日本ハムファイターズ,オリックス・バファローズ,1.0,2.0,UNKNOWN,札幌ドーム,unknown,low,False,False,,,[],[],,,,,0,light,2018-06-29T09:00:00+00:00,,UNKNOWN,,,,UNKNOWN,UNKNOWN,,UNKNOWN,,,,,,,,,,,,,,,,,,,,,,,,,,,,,,,,False,False,UNKNOWN,False,False
2018062905,2018-06-29 18:00:00,埼玉西武ライオンズ,東北楽天ゴールデンイーグルス,1.0,15.0,UNKNOWN,メットライフドーム,unknown,low,False,False,,,[],[],,,,,0,light,2018-06-29T09:00:00+00:00,,UNKNOWN,,,,UNKNOWN,UNKNOWN,,UNKNOWN,,,,,,,,,,,,,,,,,,,,,,,,,,,,,,,,False,False,UNKNOWN,False,False
2018062906,2018-06-29 18:00:00,福岡ソフトバンクホークス,千葉ロッテマリーンズ,6.0,5.0,UNKNOWN,福岡 ヤフオク!ドーム,unknown,low,False,False,,,[],[],,,,,0,light,2018-06-29T09:00:00+00:00,,UNKNOWN,,,,UNKNOWN,UNKNOWN,,UNKNOWN,,,,,,,,,,,,,,,,,,,,,,,,,,,,,,,,False,False,UNKNOWN,False,False
2018063002,2018-06-30 14:00:00,横浜DeNAベイスターズ,広島東洋カープ,2.0,1.0,UNKNOWN,横浜スタジアム,unknown,low,False,False,,,[],[],,,,,0,light,2018-06-30T05:00:00+00:00,,UNKNOWN,,,,UNKNOWN,UNKNOWN,,UNKNOWN,,,,,,,,,,,,,,,,,,,,,,,,,,,,,,,,False,False,UNKNOWN,False,False
2018063003,2018-06-30 14:00:00,中日ドラゴンズ,読売ジャイアンツ,2.0,5.0,UNKNOWN,ナゴヤドーム,unknown,low,False,False,,,[],[],,,,,0,light,2018-06-30T05:00:00+00:00,,UNKNOWN,,,,UNKNOWN,UNKNOWN,,UNKNOWN,,,,,,,,,,,,,,,,,,,,,,,,,,,,,,,,False,False,UNKNOWN,False,False
2018063004,2018-06-30 14:00:00,北海道日本ハムファイターズ,オリックス・バファローズ,5.0,2.0,UNKNOWN,札幌ドーム,unknown,low,False,False,,,[],[],,,,,0,light,2018-06-30T05:00:00+00:00,,UNKNOWN,,,,UNKNOWN,UNKNOWN,,UNKNOWN,,,,,,,,,,,,,,,,,,,,,,,,,,,,,,,,False,False,UNKNOWN,False,False
2018063006,2018-06-30 14:00:00,福岡ソフトバンクホークス,千葉ロッテマリーンズ,2.0,5.0,UNKNOWN,福岡 ヤフオク!ドーム,unknown,low,False,False,,,[],[],,,,,0,light,2018-06-30T05:00:00+00:00,,UNKNOWN,,,,UNKNOWN,UNKNOWN,,UNKNOWN,,,,,,,,,,,,,,,,,,,,,,,,,,,,,,,,False,False,UNKNOWN,False,False
2018063001,2018-06-30 17:00:00,東京ヤクルトスワローズ,阪神タイガース,7.0,15.0,UNKNOWN,明治神宮野球場,unknown,low,False,False,,,[],[],,,,,0,light,2018-06-30T08:00:00+00:00,,UNKNOWN,,,,UNKNOWN,UNKNOWN,,UNKNOWN,,,,,,,,,,,,,,,,,,,,,,,,,,,,,,,,False,False,UNKNOWN,False,False
2018063005,2018-06-30 14:00:00,埼玉西武ライオンズ,東北楽天ゴールデンイーグルス,1.0,9.0,UNKNOWN,メットライフドーム,climax,high,False,True,,,[],[],,,,,0,light,2018-06-30T05:00:00+00:00,,UNKNOWN,,,,UNKNOWN,UNKNOWN,,UNKNOWN,,,,,,,,,,,,,,,,,,,,,,,,,,,,,,,,False,False,UNKNOWN,False,False
2018070102,2018-07-01 13:00:00,横浜DeNAベイスターズ,広島東洋カープ,1.0,15.0,UNKNOWN,横浜スタジアム,unknown,low,False,False,,,[],[],,,,,0,light,2018-07-01T04:00:00+00:00,,UNKNOWN,,,,UNKNOWN,UNKNOWN,,UNKNOWN,,,,,,,,,,,,,,,,,,,,,,,,,,,,,,,,False,False,UNKNOWN,False,False
2018070105,2018-07-01 13:00:00,埼玉西武ライオンズ,東北楽天ゴールデンイーグルス,8.0,7.0,UNKNOWN,メットライフドーム,unknown,low,False,False,,,[],[],,,,,0,light,2018-07-01T04:00:00+00:00,,UNKNOWN,,,,UNKNOWN,UNKNOWN,,UNKNOWN,,,,,,,,,,,,,,,,,,,,,,,,,,,,,,,,False,False,UNKNOWN,False,False
2018070106,2018-07-01 13:00:00,福岡ソフトバンクホークス,千葉ロッテマリーンズ,1.0,4.0,UNKNOWN,福岡 ヤフオク!ドーム,unknown,low,False,False,,,[],[],,,,,0,light,2018-07-01T04:00:00+00:00,,UNKNOWN,,,,UNKNOWN,UNKNOWN,,UNKNOWN,,,,,,,,,,,,,,,,,,,,,,,,,,,,,,,,False,False,UNKNOWN,False,False
2018070103,2018-07-01 14:00:00,中日ドラゴンズ,読売ジャイアンツ,0.0,3.0,UNKNOWN,ナゴヤドーム,excluded,high,False,False,,,[],[],,,,,0,light,2018-07-01T05:00:00+00:00,,UNKNOWN,,,,UNKNOWN,UNKNOWN,,UNKNOWN,,,,,,,,,,,,,,,,,,,,,,,,,,,,,,,,False,False,UNKNOWN,False,False
2018070101,2018-07-01 17:00:00,東京ヤクルトスワローズ,阪神タイガース,5.0,6.0,UNKNOWN,明治神宮野球場,excluded,high,False,False,,,[],[],,,,,0,light,2018-07-01T08:00:00+00:00,,UNKNOWN,,,,UNKNOWN,UNKNOWN,,UNKNOWN,,,,,,,,,,,,,,,,,,,,,,,,,,,,,,,,False,False,UNKNOWN,False,False
2018070301,2018-07-03 18:00:00,読売ジャイアンツ,横浜DeNAベイスターズ,6.0,5.0,UNKNOWN,東京ドーム,unknown,low,False,False,,,[],[],,,,,0,light,2018-07-03T09:00:00+00:00,,UNKNOWN,,,,UNKNOWN,UNKNOWN,,UNKNOWN,,,,,,,,,,,,,,,,,,,,,,,,,,,,,,,,False,False,UNKNOWN,False,False
2018070104,2018-07-01 14:00:00,北海道日本ハムファイターズ,オリックス・バファローズ,3.0,6.0,UNKNOWN,札幌ドーム,unknown,low,False,False,,,[],[],,,,,0,light,2018-07-01T05:00:00+00:00,,UNKNOWN,,,,UNKNOWN,UNKNOWN,,UNKNOWN,,,,,,,,,,,,,,,,,,,,,,,,,,,,,,,,False,False,UNKNOWN,False,False
2018070302,2018-07-03 18:00:00,阪神タイガース,中日ドラゴンズ,5.0,10.0,UNKNOWN,阪神甲子園球場,unknown,low,False,False,,,[],[],,,,,0,light,2018-07-03T09:00:00+00:00,,UNKNOWN,,,,UNKNOWN,UNKNOWN,,UNKNOWN,,,,,,,,,,,,,,,,,,,,,,,,,,,,,,,,False,False,UNKNOWN,False,False
2018070304,2018-07-03 18:00:00,北海道日本ハムファイターズ,埼玉西武ライオンズ,2.0,5.0,UNKNOWN,札幌ドーム,unknown,low,False,False,,,[],[],,,,,0,light,2018-07-03T09:00:00+00:00,,UNKNOWN,,,,UNKNOWN,UNKNOWN,,UNKNOWN,,,,,,,,,,,,,,,,,,,,,,,,,,,,,,,,False,False,UNKNOWN,False,False
2018070305,2018-07-03 18:00:00,東北楽天ゴールデンイーグルス,福岡ソフトバンクホークス,2.0,5.0,UNKNOWN,弘前市運動公園野球場,unknown,low,False,False,,,[],[],,,,,0,light,2018-07-03T09:00:00+00:00,,UNKNOWN,,,,UNKNOWN,UNKNOWN,,UNKNOWN,,,,,,,,,,,,,,,,,,,,,,,,,,,,,,,,False,False,UNKNOWN,False,False
2018070306,2018-07-03 18:00:00,オリックス・バファローズ,千葉ロッテマリーンズ,2.0,2.0,UNKNOWN,京セラドーム大阪,unknown,low,False,False,,,[],[],,,,,0,light,2018-07-03T09:00:00+00:00,,UNKNOWN,,,,UNKNOWN,UNKNOWN,,UNKNOWN,,,,,,,,,,,,,,,,,,,,,,,,,,,,,,,,False,False,UNKNOWN,False,False
2018070401,2018-07-04 18:00:00,読売ジャイアンツ,横浜DeNAベイスターズ,4.0,8.0,UNKNOWN,東京ドーム,unknown,low,False,False,,,[],[],,,,,0,light,2018-07-04T09:00:00+00:00,,UNKNOWN,,,,UNKNOWN,UNKNOWN,,UNKNOWN,,,,,,,,,,,,,,,,,,,,,,,,,,,,,,,,False,False,UNKNOWN,False,False
2018070402,2018-07-04 18:00:00,阪神タイガース,中日ドラゴンズ,6.0,5.0,UNKNOWN,阪神甲子園球場,unknown,low,False,False,,,[],[],,,,,0,light,2018-07-04T09:00:00+00:00,,UNKNOWN,,,,UNKNOWN,UNKNOWN,,UNKNOWN,,,,,,,,,,,,,,,,,,,,,,,,,,,,,,,,False,False,UNKNOWN,False,False
2018070403,2018-07-04 18:00:00,広島東洋カープ,東京ヤクルトスワローズ,4.0,2.0,UNKNOWN,ＭＡＺＤＡ　Ｚｏｏｍ－Ｚｏｏｍ　スタジアム広島,unknown,low,False,False,,,[],[],,,,,0,light,2018-07-04T09:00:00+00:00,,UNKNOWN,,,,UNKNOWN,UNKNOWN,,UNKNOWN,,,,,,,,,,,,,,,,,,,,,,,,,,,,,,,,False,False,UNKNOWN,False,False
2018070404,2018-07-04 18:00:00,オリックス・バファローズ,千葉ロッテマリーンズ,4.0,2.0,UNKNOWN,京セラドーム大阪,allstar,high,False,True,,,[],[],,,,,0,light,2018-07-04T09:00:00+00:00,,UNKNOWN,,,,UNKNOWN,UNKNOWN,,UNKNOWN,,,,,,,,,,,,,,,,,,,,,,,,,,,,,,,,False,False,UNKNOWN,False,False
2018070501,2018-07-05 18:00:00,読売ジャイアンツ,横浜DeNAベイスターズ,4.0,6.0,UNKNOWN,東京ドーム,unknown,low,False,False,,,[],[],,,,,0,light,2018-07-05T09:00:00+00:00,,UNKNOWN,,,,UNKNOWN,UNKNOWN,,UNKNOWN,,,,,,,,,,,,,,,,,,,,,,,,,,,,,,,,False,False,UNKNOWN,False,False
2018070506,2018-07-05 18:00:00,オリックス・バファローズ,千葉ロッテマリーンズ,2.0,5.0,UNKNOWN,京セラドーム大阪,unknown,low,False,False,,,[],[],,,,,0,light,2018-07-05T09:00:00+00:00,,UNKNOWN,,,,UNKNOWN,UNKNOWN,,UNKNOWN,,,,,,,,,,,,,,,,,,,,,,,,,,,,,,,,False,False,UNKNOWN,False,False
2018070505,2018-07-05 18:00:00,東北楽天ゴールデンイーグルス,福岡ソフトバンクホークス,6.0,5.0,UNKNOWN,楽天生命パーク宮城,unknown,low,False,False,,,[],[],,,,,0,light,2018-07-05T09:00:00+00:00,,UNKNOWN,,,,UNKNOWN,UNKNOWN,,UNKNOWN,,,,,,,,,,,,,,,,,,,,,,,,,,,,,,,,False,False,UNKNOWN,False,False
2018070601,2018-07-06 18:00:00,読売ジャイアンツ,広島東洋カープ,4.0,0.0,UNKNOWN,東京ドーム,unknown,low,False,False,,,[],[],,,,,0,light,2018-07-06T09:00:00+00:00,,UNKNOWN,,,,UNKNOWN,UNKNOWN,,UNKNOWN,,,,,,,,,,,,,,,,,,,,,,,,,,,,,,,,False,False,UNKNOWN,False,False
2018070605,2018-07-06 18:15:00,千葉ロッテマリーンズ,北海道日本ハムファイターズ,1.0,1.0,UNKNOWN,ＺＯＺＯマリンスタジアム,unknown,low,False,False,,,[],[],,,,,0,light,2018-07-06T09:15:00+00:00,,UNKNOWN,,,,UNKNOWN,UNKNOWN,,UNKNOWN,,,,,,,,,,,,,,,,,,,,,,,,,,,,,,,,False,False,UNKNOWN,False,False
2018070702,2018-07-07 14:00:00,中日ドラゴンズ,東京ヤクルトスワローズ,3.0,0.0,UNKNOWN,ナゴヤドーム,unknown,low,False,False,,,[],[],,,,,0,light,2018-07-07T05:00:00+00:00,,UNKNOWN,,,,UNKNOWN,UNKNOWN,,UNKNOWN,,,,,,,,,,,,,,,,,,,,,,,,,,,,,,,,False,False,UNKNOWN,False,False
2018070705,2018-07-07 14:00:00,千葉ロッテマリーンズ,北海道日本ハムファイターズ,9.0,1.0,UNKNOWN,ＺＯＺＯマリンスタジアム,unknown,low,False,False,,,[],[],,,,,0,light,2018-07-07T05:00:00+00:00,,UNKNOWN,,,,UNKNOWN,UNKNOWN,,UNKNOWN,,,,,,,,,,,,,,,,,,,,,,,,,,,,,,,,False,False,UNKNOWN,False,False
2018070704,2018-07-07 16:00:00,東北楽天ゴールデンイーグルス,埼玉西武ライオンズ,2.0,3.0,UNKNOWN,楽天生命パーク宮城,unknown,low,False,False,,,[],[],,,,,0,light,2018-07-07T07:00:00+00:00,,UNKNOWN,,,,UNKNOWN,UNKNOWN,,UNKNOWN,,,,,,,,,,,,,,,,,,,,,,,,,,,,,,,,False,False,UNKNOWN,False,False
2018070804,2018-07-08 13:00:00,東北楽天ゴールデンイーグルス,埼玉西武ライオンズ,3.0,4.0,UNKNOWN,楽天生命パーク宮城,unknown,low,False,False,,,[],[],,,,,0,light,2018-07-08T04:00:00+00:00,,UNKNOWN,,,,UNKNOWN,UNKNOWN,,UNKNOWN,,,,,,,,,,,,,,,,,,,,,,,,,,,,,,,,False,False,UNKNOWN,False,False
2018070701,2018-07-07 18:00:00,読売ジャイアンツ,広島東洋カープ,2.0,5.0,UNKNOWN,東京ドーム,unknown,low,False,False,,,[],[],,,,,0,light,2018-07-07T09:00:00+00:00,,UNKNOWN,,,,UNKNOWN,UNKNOWN,,UNKNOWN,,,,,,,,,,,,,,,,,,,,,,,,,,,,,,,,False,False,UNKNOWN,False,False
2018070806,2018-07-08 13:00:00,オリックス・バファローズ,福岡ソフトバンクホークス,0.0,8.0,UNKNOWN,京セラドーム大阪,unknown,low,False,False,,,[],[],,,,,0,light,2018-07-08T04:00:00+00:00,,UNKNOWN,,,,UNKNOWN,UNKNOWN,,UNKNOWN,,,,,,,,,,,,,,,,,,,,,,,,,,,,,,,,False,False,UNKNOWN,False,False
2018070801,2018-07-08 14:00:00,読売ジャイアンツ,広島東洋カープ,6.0,4.0,UNKNOWN,東京ドーム,unknown,low,False,False,,,[],[],,,,,0,light,2018-07-08T05:00:00+00:00,,UNKNOWN,,,,UNKNOWN,UNKNOWN,,UNKNOWN,,,,,,,,,,,,,,,,,,,,,,,,,,,,,,,,False,False,UNKNOWN,False,False
2018070802,2018-07-08 14:00:00,中日ドラゴンズ,東京ヤクルトスワローズ,5.0,4.0,UNKNOWN,ナゴヤドーム,unknown,low,False,False,,,[],[],,,,,0,light,2018-07-08T05:00:00+00:00,,UNKNOWN,,,,UNKNOWN,UNKNOWN,,UNKNOWN,,,,,,,,,,,,,,,,,,,,,,,,,,,,,,,,False,False,UNKNOWN,False,False
2018070805,2018-07-08 14:00:00,千葉ロッテマリーンズ,北海道日本ハムファイターズ,3.0,6.0,UNKNOWN,ＺＯＺＯマリンスタジアム,unknown,low,False,False,,,[],[],,,,,0,light,2018-07-08T05:00:00+00:00,,UNKNOWN,,,,UNKNOWN,UNKNOWN,,UNKNOWN,,,,,,,,,,,,,,,,,,,,,,,,,,,,,,,,False,False,UNKNOWN,False,False
2018070803,2018-07-08 18:00:00,阪神タイガース,横浜DeNAベイスターズ,0.0,1.0,UNKNOWN,阪神甲子園球場,excluded,high,False,False,,,[],[],,,,,0,light,2018-07-08T09:00:00+00:00,,UNKNOWN,,,,UNKNOWN,UNKNOWN,,UNKNOWN,,,,,,,,,,,,,,,,,,,,,,,,,,,,,,,,False,False,UNKNOWN,False,False
2018070901,2018-07-09 18:00:00,東京ヤクルトスワローズ,読売ジャイアンツ,5.0,8.0,UNKNOWN,草薙総合運動場野球場,unknown,low,False,False,,,[],[],,,,,0,light,2018-07-09T09:00:00+00:00,,UNKNOWN,,,,UNKNOWN,UNKNOWN,,UNKNOWN,,,,,,,,,,,,,,,,,,,,,,,,,,,,,,,,False,False,UNKNOWN,False,False
2018070902,2018-07-09 18:00:00,横浜DeNAベイスターズ,中日ドラゴンズ,5.0,4.0,UNKNOWN,横浜スタジアム,unknown,low,False,False,,,[],[],,,,,0,light,2018-07-09T09:00:00+00:00,,UNKNOWN,,,,UNKNOWN,UNKNOWN,,UNKNOWN,,,,,,,,,,,,,,,,,,,,,,,,,,,,,,,,False,False,UNKNOWN,False,False
2018070904,2018-07-09 18:00:00,埼玉西武ライオンズ,千葉ロッテマリーンズ,11.0,5.0,UNKNOWN,メットライフドーム,unknown,low,False,False,,,[],[],,,,,0,light,2018-07-09T09:00:00+00:00,,UNKNOWN,,,,UNKNOWN,UNKNOWN,,UNKNOWN,,,,,,,,,,,,,,,,,,,,,,,,,,,,,,,,False,False,UNKNOWN,False,False
2018070905,2018-07-09 18:00:00,福岡ソフトバンクホークス,北海道日本ハムファイターズ,1.0,10.0,UNKNOWN,東京ドーム,unknown,low,False,False,,,[],[],,,,,0,light,2018-07-09T09:00:00+00:00,,UNKNOWN,,,,UNKNOWN,UNKNOWN,,UNKNOWN,,,,,,,,,,,,,,,,,,,,,,,,,,,,,,,,False,False,UNKNOWN,False,False
2018071001,2018-07-10 18:00:00,東京ヤクルトスワローズ,読売ジャイアンツ,3.0,6.0,UNKNOWN,明治神宮野球場,excluded,high,False,False,,,[],[],,,,,0,light,2018-07-10T09:00:00+00:00,,UNKNOWN,,,,UNKNOWN,UNKNOWN,,UNKNOWN,,,,,,,,,,,,,,,,,,,,,,,,,,,,,,,,False,False,UNKNOWN,False,False
2018071201,2018-07-12 18:00:00,全ウ,全イ,3.0,1.0,UNKNOWN,弘前市運動公園野球場,excluded,high,False,False,,,[],[],,,,,0,light,2018-07-12T09:00:00+00:00,,UNKNOWN,,,,UNKNOWN,UNKNOWN,,UNKNOWN,,,,,,,,,,,,,,,,,,,,,,,,,,,,,,,,False,False,UNKNOWN,False,False
2018071004,2018-07-10 18:00:00,東北楽天ゴールデンイーグルス,オリックス・バファローズ,3.0,2.0,UNKNOWN,きらやかスタジアム,regular,high,True,True,,,[],[],,,,,0,light,2018-07-10T09:00:00+00:00,,UNKNOWN,,,,UNKNOWN,UNKNOWN,,UNKNOWN,,,,,,,,,,,,,,,,,,,,,,,,,,,,,,,,False,False,UNKNOWN,False,False
2018071002,2018-07-10 18:00:00,横浜DeNAベイスターズ,中日ドラゴンズ,8.0,13.0,UNKNOWN,横浜スタジアム,unknown,low,False,False,,,[],[],,,,,0,light,2018-07-10T09:00:00+00:00,,UNKNOWN,,,,UNKNOWN,UNKNOWN,,UNKNOWN,,,,,,,,,,,,,,,,,,,,,,,,,,,,,,,,False,False,UNKNOWN,False,False
2018071301,2018-07-13 19:00:00,全パ,全セ,7.0,6.0,UNKNOWN,京セラドーム大阪,allstar,high,False,True,,,[],[],,,,,0,light,2018-07-13T10:00:00+00:00,,UNKNOWN,,,,UNKNOWN,UNKNOWN,,UNKNOWN,,,,,,,,,,,,,,,,,,,,,,,,,,,,,,,,False,False,UNKNOWN,False,False
2018071401,2018-07-14 18:30:00,全セ,全パ,1.0,5.0,UNKNOWN,リブワーク藤崎台球場,allstar,high,False,True,,,[],[],,,,,0,light,2018-07-14T09:30:00+00:00,,UNKNOWN,,,,UNKNOWN,UNKNOWN,,UNKNOWN,,,,,,,,,,,,,,,,,,,,,,,,,,,,,,,,False,False,UNKNOWN,False,False
2018071005,2018-07-10 18:00:00,埼玉西武ライオンズ,千葉ロッテマリーンズ,5.0,7.0,UNKNOWN,メットライフドーム,unknown,low,False,False,,,[],[],,,,,0,light,2018-07-10T09:00:00+00:00,,UNKNOWN,,,,UNKNOWN,UNKNOWN,,UNKNOWN,,,,,,,,,,,,,,,,,,,,,,,,,,,,,,,,False,False,UNKNOWN,False,False
2018071006,2018-07-10 18:00:00,福岡ソフトバンクホークス,北海道日本ハムファイターズ,0.0,12.0,UNKNOWN,東京ドーム,unknown,low,False,False,,,[],[],,,,,0,light,2018-07-10T09:00:00+00:00,,UNKNOWN,,,,UNKNOWN,UNKNOWN,,UNKNOWN,,,,,,,,,,,,,,,,,,,,,,,,,,,,,,,,False,False,UNKNOWN,False,False
2018071101,2018-07-11 18:00:00,東京ヤクルトスワローズ,読売ジャイアンツ,3.0,7.0,UNKNOWN,明治神宮野球場,unknown,low,False,False,,,[],[],,,,,0,light,2018-07-11T09:00:00+00:00,,UNKNOWN,,,,UNKNOWN,UNKNOWN,,UNKNOWN,,,,,,,,,,,,,,,,,,,,,,,,,,,,,,,,False,False,UNKNOWN,False,False
2018071102,2018-07-11 18:00:00,横浜DeNAベイスターズ,中日ドラゴンズ,1.0,2.0,UNKNOWN,横浜スタジアム,unknown,low,False,False,,,[],[],,,,,0,light,2018-07-11T09:00:00+00:00,,UNKNOWN,,,,UNKNOWN,UNKNOWN,,UNKNOWN,,,,,,,,,,,,,,,,,,,,,,,,,,,,,,,,False,False,UNKNOWN,False,False
2018071104,2018-07-11 18:00:00,東北楽天ゴールデンイーグルス,オリックス・バファローズ,3.0,8.0,UNKNOWN,楽天生命パーク宮城,unknown,low,False,False,,,[],[],,,,,0,light,2018-07-11T09:00:00+00:00,,UNKNOWN,,,,UNKNOWN,UNKNOWN,,UNKNOWN,,,,,,,,,,,,,,,,,,,,,,,,,,,,,,,,False,False,UNKNOWN,False,False
2018071105,2018-07-11 18:00:00,埼玉西武ライオンズ,千葉ロッテマリーンズ,8.0,4.0,UNKNOWN,メットライフドーム,allstar,high,False,True,,,[],[],,,,,0,light,2018-07-11T09:00:00+00:00,,UNKNOWN,,,,UNKNOWN,UNKNOWN,,UNKNOWN,,,,,,,,,,,,,,,,,,,,,,,,,,,,,,,,False,False,UNKNOWN,False,False
2018071604,2018-07-16 17:00:00,千葉ロッテマリーンズ,東北楽天ゴールデンイーグルス,2.0,3.0,UNKNOWN,ＺＯＺＯマリンスタジアム,unknown,low,False,False,,,[],[],,,,,0,light,2018-07-16T08:00:00+00:00,,UNKNOWN,,,,UNKNOWN,UNKNOWN,,UNKNOWN,,,,,,,,,,,,,,,,,,,,,,,,,,,,,,,,False,False,UNKNOWN,False,False
2018071601,2018-07-16 18:00:00,横浜DeNAベイスターズ,東京ヤクルトスワローズ,2.0,5.0,UNKNOWN,横浜スタジアム,allstar,high,False,True,,,[],[],,,,,0,light,2018-07-16T09:00:00+00:00,,UNKNOWN,,,,UNKNOWN,UNKNOWN,,UNKNOWN,,,,,,,,,,,,,,,,,,,,,,,,,,,,,,,,False,False,UNKNOWN,False,False
2018071603,2018-07-16 18:00:00,阪神タイガース,読売ジャイアンツ,3.0,4.0,UNKNOWN,阪神甲子園球場,allstar,high,False,True,,,[],[],,,,,0,light,2018-07-16T09:00:00+00:00,,UNKNOWN,,,,UNKNOWN,UNKNOWN,,UNKNOWN,,,,,,,,,,,,,,,,,,,,,,,,,,,,,,,,False,False,UNKNOWN,False,False
2018071602,2018-07-16 18:00:00,中日ドラゴンズ,広島東洋カープ,1.0,5.0,UNKNOWN,ナゴヤドーム,unknown,low,False,False,,,[],[],,,,,0,light,2018-07-16T09:00:00+00:00,,UNKNOWN,,,,UNKNOWN,UNKNOWN,,UNKNOWN,,,,,,,,,,,,,,,,,,,,,,,,,,,,,,,,False,False,UNKNOWN,False,False
2018071605,2018-07-16 17:00:00,オリックス・バファローズ,北海道日本ハムファイターズ,1.0,4.0,UNKNOWN,京セラドーム大阪,unknown,low,False,False,,,[],[],,,,,0,light,2018-07-16T08:00:00+00:00,,UNKNOWN,,,,UNKNOWN,UNKNOWN,,UNKNOWN,,,,,,,,,,,,,,,,,,,,,,,,,,,,,,,,False,False,UNKNOWN,False,False
2018071606,2018-07-16 18:00:00,福岡ソフトバンクホークス,埼玉西武ライオンズ,16.0,4.0,UNKNOWN,福岡 ヤフオク!ドーム,allstar,high,False,True,,,[],[],,,,,0,light,2018-07-16T09:00:00+00:00,,UNKNOWN,,,,UNKNOWN,UNKNOWN,,UNKNOWN,,,,,,,,,,,,,,,,,,,,,,,,,,,,,,,,False,False,UNKNOWN,False,False
2018071701,2018-07-17 18:00:00,横浜DeNAベイスターズ,東京ヤクルトスワローズ,0.0,6.0,UNKNOWN,横浜スタジアム,unknown,low,False,False,,,[],[],,,,,0,light,2018-07-17T09:00:00+00:00,,UNKNOWN,,,,UNKNOWN,UNKNOWN,,UNKNOWN,,,,,,,,,,,,,,,,,,,,,,,,,,,,,,,,False,False,UNKNOWN,False,False
2018071703,2018-07-17 18:00:00,阪神タイガース,読売ジャイアンツ,2.0,4.0,UNKNOWN,阪神甲子園球場,unknown,low,False,False,,,[],[],,,,,0,light,2018-07-17T09:00:00+00:00,,UNKNOWN,,,,UNKNOWN,UNKNOWN,,UNKNOWN,,,,,,,,,,,,,,,,,,,,,,,,,,,,,,,,False,False,UNKNOWN,False,False
2018071705,2018-07-17 18:00:00,オリックス・バファローズ,北海道日本ハムファイターズ,11.0,0.0,UNKNOWN,京セラドーム大阪,unknown,low,False,False,,,[],[],,,,,0,light,2018-07-17T09:00:00+00:00,,UNKNOWN,,,,UNKNOWN,UNKNOWN,,UNKNOWN,,,,,,,,,,,,,,,,,,,,,,,,,,,,,,,,False,False,UNKNOWN,False,False
2018071706,2018-07-17 18:00:00,福岡ソフトバンクホークス,埼玉西武ライオンズ,6.0,1.0,UNKNOWN,福岡 ヤフオク!ドーム,unknown,low,False,False,,,[],[],,,,,0,light,2018-07-17T09:00:00+00:00,,UNKNOWN,,,,UNKNOWN,UNKNOWN,,UNKNOWN,,,,,,,,,,,,,,,,,,,,,,,,,,,,,,,,False,False,UNKNOWN,False,False
2018071704,2018-07-17 18:15:00,千葉ロッテマリーンズ,東北楽天ゴールデンイーグルス,1.0,6.0,UNKNOWN,ＺＯＺＯマリンスタジアム,unknown,low,False,False,,,[],[],,,,,0,light,2018-07-17T09:15:00+00:00,,UNKNOWN,,,,UNKNOWN,UNKNOWN,,UNKNOWN,,,,,,,,,,,,,,,,,,,,,,,,,,,,,,,,False,False,UNKNOWN,False,False
2018071702,2018-07-17 18:00:00,中日ドラゴンズ,広島東洋カープ,1.0,5.0,UNKNOWN,ナゴヤドーム,unknown,low,False,False,,,[],[],,,,,0,light,2018-07-17T09:00:00+00:00,,UNKNOWN,,,,UNKNOWN,UNKNOWN,,UNKNOWN,,,,,,,,,,,,,,,,,,,,,,,,,,,,,,,,False,False,UNKNOWN,False,False
2018071801,2018-07-18 17:45:00,横浜DeNAベイスターズ,東京ヤクルトスワローズ,7.0,2.0,UNKNOWN,横浜スタジアム,unknown,low,False,False,,,[],[],,,,,0,light,2018-07-18T08:45:00+00:00,,UNKNOWN,,,,UNKNOWN,UNKNOWN,,UNKNOWN,,,,,,,,,,,,,,,,,,,,,,,,,,,,,,,,False,False,UNKNOWN,False,False
2018071802,2018-07-18 18:00:00,中日ドラゴンズ,広島東洋カープ,5.0,0.0,UNKNOWN,ナゴヤドーム,unknown,low,False,False,,,[],[],,,,,0,light,2018-07-18T09:00:00+00:00,,UNKNOWN,,,,UNKNOWN,UNKNOWN,,UNKNOWN,,,,,,,,,,,,,,,,,,,,,,,,,,,,,,,,False,False,UNKNOWN,False,False
2018071803,2018-07-18 18:00:00,阪神タイガース,読売ジャイアンツ,3.0,5.0,UNKNOWN,阪神甲子園球場,unknown,low,False,False,,,[],[],,,,,0,light,2018-07-18T09:00:00+00:00,,UNKNOWN,,,,UNKNOWN,UNKNOWN,,UNKNOWN,,,,,,,,,,,,,,,,,,,,,,,,,,,,,,,,False,False,UNKNOWN,False,False
2018071805,2018-07-18 18:00:00,オリックス・バファローズ,北海道日本ハムファイターズ,3.0,2.0,UNKNOWN,京セラドーム大阪,unknown,low,False,False,,,[],[],,,,,0,light,2018-07-18T09:00:00+00:00,,UNKNOWN,,,,UNKNOWN,UNKNOWN,,UNKNOWN,,,,,,,,,,,,,,,,,,,,,,,,,,,,,,,,False,False,UNKNOWN,False,False
2018071806,2018-07-18 18:00:00,福岡ソフトバンクホークス,埼玉西武ライオンズ,5.0,12.0,UNKNOWN,北九州市民球場,unknown,low,False,False,,,[],[],,,,,0,light,2018-07-18T09:00:00+00:00,,UNKNOWN,,,,UNKNOWN,UNKNOWN,,UNKNOWN,,,,,,,,,,,,,,,,,,,,,,,,,,,,,,,,False,False,UNKNOWN,False,False
2018071804,2018-07-18 18:15:00,千葉ロッテマリーンズ,東北楽天ゴールデンイーグルス,2.0,6.0,UNKNOWN,ＺＯＺＯマリンスタジアム,unknown,low,False,False,,,[],[],,,,,0,light,2018-07-18T09:15:00+00:00,,UNKNOWN,,,,UNKNOWN,UNKNOWN,,UNKNOWN,,,,,,,,,,,,,,,,,,,,,,,,,,,,,,,,False,False,UNKNOWN,False,False
2018072001,2018-07-20 18:00:00,東京ヤクルトスワローズ,中日ドラゴンズ,9.0,4.0,UNKNOWN,明治神宮野球場,unknown,low,False,False,,,[],[],,,,,0,light,2018-07-20T09:00:00+00:00,,UNKNOWN,,,,UNKNOWN,UNKNOWN,,UNKNOWN,,,,,,,,,,,,,,,,,,,,,,,,,,,,,,,,False,False,UNKNOWN,False,False
2018072002,2018-07-20 18:00:00,横浜DeNAベイスターズ,阪神タイガース,10.0,3.0,UNKNOWN,横浜スタジアム,excluded,high,False,False,,,[],[],,,,,0,light,2018-07-20T09:00:00+00:00,,UNKNOWN,,,,UNKNOWN,UNKNOWN,,UNKNOWN,,,,,,,,,,,,,,,,,,,,,,,,,,,,,,,,False,False,UNKNOWN,False,False
2018072003,2018-07-20 18:00:00,広島東洋カープ,読売ジャイアンツ,10.0,9.0,UNKNOWN,ＭＡＺＤＡ　Ｚｏｏｍ－Ｚｏｏｍ　スタジアム広島,unknown,low,False,False,,,[],[],,,,,0,light,2018-07-20T09:00:00+00:00,,UNKNOWN,,,,UNKNOWN,UNKNOWN,,UNKNOWN,,,,,,,,,,,,,,,,,,,,,,,,,,,,,,,,False,False,UNKNOWN,False,False
2018072005,2018-07-20 18:00:00,埼玉西武ライオンズ,東北楽天ゴールデンイーグルス,2.0,7.0,UNKNOWN,メットライフドーム,unknown,low,False,False,,,[],[],,,,,0,light,2018-07-20T09:00:00+00:00,,UNKNOWN,,,,UNKNOWN,UNKNOWN,,UNKNOWN,,,,,,,,,,,,,,,,,,,,,,,,,,,,,,,,False,False,UNKNOWN,False,False
2018072006,2018-07-20 18:15:00,千葉ロッテマリーンズ,オリックス・バファローズ,8.0,7.0,UNKNOWN,ＺＯＺＯマリンスタジアム,unknown,low,False,False,,,[],[],,,,,0,light,2018-07-20T09:15:00+00:00,,UNKNOWN,,,,UNKNOWN,UNKNOWN,,UNKNOWN,,,,,,,,,,,,,,,,,,,,,,,,,,,,,,,,False,False,UNKNOWN,False,False
2018072004,2018-07-20 18:00:00,北海道日本ハムファイターズ,福岡ソフトバンクホークス,6.0,5.0,UNKNOWN,札幌ドーム,unknown,low,False,False,,,[],[],,,,,0,light,2018-07-20T09:00:00+00:00,,UNKNOWN,,,,UNKNOWN,UNKNOWN,,UNKNOWN,,,,,,,,,,,,,,,,,,,,,,,,,,,,,,,,False,False,UNKNOWN,False,False
2018072104,2018-07-21 14:00:00,北海道日本ハムファイターズ,福岡ソフトバンクホークス,3.0,2.0,UNKNOWN,札幌ドーム,excluded,high,False,False,,,[],[],,,,,0,light,2018-07-21T05:00:00+00:00,,UNKNOWN,,,,UNKNOWN,UNKNOWN,,UNKNOWN,,,,,,,,,,,,,,,,,,,,,,,,,,,,,,,,False,False,UNKNOWN,False,False
2018072106,2018-07-21 17:00:00,千葉ロッテマリーンズ,オリックス・バファローズ,2.0,1.0,UNKNOWN,ＺＯＺＯマリンスタジアム,unknown,low,False,False,,,[],[],,,,,0,light,2018-07-21T08:00:00+00:00,,UNKNOWN,,,,UNKNOWN,UNKNOWN,,UNKNOWN,,,,,,,,,,,,,,,,,,,,,,,,,,,,,,,,False,False,UNKNOWN,False,False
2018072102,2018-07-21 17:30:00,横浜DeNAベイスターズ,阪神タイガース,5.0,7.0,UNKNOWN,横浜スタジアム,unknown,low,False,False,,,[],[],,,,,0,light,2018-07-21T08:30:00+00:00,,UNKNOWN,,,,UNKNOWN,UNKNOWN,,UNKNOWN,,,,,,,,,,,,,,,,,,,,,,,,,,,,,,,,False,False,UNKNOWN,False,False
2018072101,2018-07-21 18:00:00,東京ヤクルトスワローズ,中日ドラゴンズ,7.0,5.0,UNKNOWN,明治神宮野球場,unknown,low,False,False,,,[],[],,,,,0,light,2018-07-21T09:00:00+00:00,,UNKNOWN,,,,UNKNOWN,UNKNOWN,,UNKNOWN,,,,,,,,,,,,,,,,,,,,,,,,,,,,,,,,False,False,UNKNOWN,False,False
2018072204,2018-07-22 14:00:00,北海道日本ハムファイターズ,福岡ソフトバンクホークス,7.0,5.0,UNKNOWN,札幌ドーム,unknown,low,False,False,,,[],[],,,,,0,light,2018-07-22T05:00:00+00:00,,UNKNOWN,,,,UNKNOWN,UNKNOWN,,UNKNOWN,,,,,,,,,,,,,,,,,,,,,,,,,,,,,,,,False,False,UNKNOWN,False,False
2018072103,2018-07-21 18:00:00,広島東洋カープ,読売ジャイアンツ,7.0,5.0,UNKNOWN,ＭＡＺＤＡ　Ｚｏｏｍ－Ｚｏｏｍ　スタジアム広島,unknown,low,False,False,,,[],[],,,,,0,light,2018-07-21T09:00:00+00:00,,UNKNOWN,,,,UNKNOWN,UNKNOWN,,UNKNOWN,,,,,,,,,,,,,,,,,,,,,,,,,,,,,,,,False,False,UNKNOWN,False,False
2018072105,2018-07-21 18:00:00,埼玉西武ライオンズ,東北楽天ゴールデンイーグルス,7.0,9.0,UNKNOWN,メットライフドーム,unknown,low,False,False,,,[],[],,,,,0,light,2018-07-21T09:00:00+00:00,,UNKNOWN,,,,UNKNOWN,UNKNOWN,,UNKNOWN,,,,,,,,,,,,,,,,,,,,,,,,,,,,,,,,False,False,UNKNOWN,False,False
2018072206,2018-07-22 17:00:00,千葉ロッテマリーンズ,オリックス・バファローズ,7.0,3.0,UNKNOWN,ＺＯＺＯマリンスタジアム,climax,high,False,True,,,[],[],,,,,0,light,2018-07-22T08:00:00+00:00,,UNKNOWN,,,,UNKNOWN,UNKNOWN,,UNKNOWN,,,,,,,,,,,,,,,,,,,,,,,,,,,,,,,,False,False,UNKNOWN,False,False
2018072202,2018-07-22 17:30:00,横浜DeNAベイスターズ,阪神タイガース,7.0,11.0,UNKNOWN,横浜スタジアム,unknown,low,False,False,,,[],[],,,,,0,light,2018-07-22T08:30:00+00:00,,UNKNOWN,,,,UNKNOWN,UNKNOWN,,UNKNOWN,,,,,,,,,,,,,,,,,,,,,,,,,,,,,,,,False,False,UNKNOWN,False,False
2018072201,2018-07-22 18:00:00,東京ヤクルトスワローズ,中日ドラゴンズ,5.0,4.0,UNKNOWN,明治神宮野球場,unknown,low,False,False,,,[],[],,,,,0,light,2018-07-22T09:00:00+00:00,,UNKNOWN,,,,UNKNOWN,UNKNOWN,,UNKNOWN,,,,,,,,,,,,,,,,,,,,,,,,,,,,,,,,False,False,UNKNOWN,False,False
2018072203,2018-07-22 18:00:00,広島東洋カープ,読売ジャイアンツ,8.0,6.0,UNKNOWN,ＭＡＺＤＡ　Ｚｏｏｍ－Ｚｏｏｍ　スタジアム広島,allstar,high,False,True,,,[],[],,,,,0,light,2018-07-22T09:00:00+00:00,,UNKNOWN,,,,UNKNOWN,UNKNOWN,,UNKNOWN,,,,,,,,,,,,,,,,,,,,,,,,,,,,,,,,False,False,UNKNOWN,False,False
2018072205,2018-07-22 18:00:00,埼玉西武ライオンズ,東北楽天ゴールデンイーグルス,6.0,3.0,UNKNOWN,メットライフドーム,unknown,low,False,False,,,[],[],,,,,0,light,2018-07-22T09:00:00+00:00,,UNKNOWN,,,,UNKNOWN,UNKNOWN,,UNKNOWN,,,,,,,,,,,,,,,,,,,,,,,,,,,,,,,,False,False,UNKNOWN,False,False
2018072401,2018-07-24 18:00:00,読売ジャイアンツ,東京ヤクルトスワローズ,2.0,5.0,UNKNOWN,岡山県倉敷スポーツ公園野球場,unknown,low,False,False,,,[],[],,,,,0,light,2018-07-24T09:00:00+00:00,,UNKNOWN,,,,UNKNOWN,UNKNOWN,,UNKNOWN,,,,,,,,,,,,,,,,,,,,,,,,,,,,,,,,False,False,UNKNOWN,False,False
2018072402,2018-07-24 18:00:00,中日ドラゴンズ,横浜DeNAベイスターズ,11.0,4.0,UNKNOWN,浜松球場,unknown,low,False,False,,,[],[],,,,,0,light,2018-07-24T09:00:00+00:00,,UNKNOWN,,,,UNKNOWN,UNKNOWN,,UNKNOWN,,,,,,,,,,,,,,,,,,,,,,,,,,,,,,,,False,False,UNKNOWN,False,False
2018072403,2018-07-24 18:00:00,阪神タイガース,広島東洋カープ,1.0,3.0,UNKNOWN,阪神甲子園球場,unknown,low,False,False,,,[],[],,,,,0,light,2018-07-24T09:00:00+00:00,,UNKNOWN,,,,UNKNOWN,UNKNOWN,,UNKNOWN,,,,,,,,,,,,,,,,,,,,,,,,,,,,,,,,False,False,UNKNOWN,False,False
2018072404,2018-07-24 18:00:00,東北楽天ゴールデンイーグルス,北海道日本ハムファイターズ,10.0,8.0,UNKNOWN,楽天生命パーク宮城,unknown,low,False,False,,,[],[],,,,,0,light,2018-07-24T09:00:00+00:00,,UNKNOWN,,,,UNKNOWN,UNKNOWN,,UNKNOWN,,,,,,,,,,,,,,,,,,,,,,,,,,,,,,,,False,False,UNKNOWN,False,False
2018072406,2018-07-24 18:00:00,福岡ソフトバンクホークス,千葉ロッテマリーンズ,10.0,10.0,UNKNOWN,京セラドーム大阪,unknown,low,False,False,,,[],[],,,,,0,light,2018-07-24T09:00:00+00:00,,UNKNOWN,,,,UNKNOWN,UNKNOWN,,UNKNOWN,,,,,,,,,,,,,,,,,,,,,,,,,,,,,,,,False,False,UNKNOWN,False,False
2018072501,2018-07-25 18:00:00,読売ジャイアンツ,東京ヤクルトスワローズ,5.0,6.0,UNKNOWN,京セラドーム大阪,unknown,low,False,False,,,[],[],,,,,0,light,2018-07-25T09:00:00+00:00,,UNKNOWN,,,,UNKNOWN,UNKNOWN,,UNKNOWN,,,,,,,,,,,,,,,,,,,,,,,,,,,,,,,,False,False,UNKNOWN,False,False
2018072405,2018-07-24 18:00:00,埼玉西武ライオンズ,オリックス・バファローズ,7.0,1.0,UNKNOWN,メットライフドーム,unknown,low,False,False,,,[],[],,,,,0,light,2018-07-24T09:00:00+00:00,,UNKNOWN,,,,UNKNOWN,UNKNOWN,,UNKNOWN,,,,,,,,,,,,,,,,,,,,,,,,,,,,,,,,False,False,UNKNOWN,False,False
2018072502,2018-07-25 18:00:00,中日ドラゴンズ,横浜DeNAベイスターズ,3.0,4.0,UNKNOWN,ナゴヤドーム,unknown,low,False,False,,,[],[],,,,,0,light,2018-07-25T09:00:00+00:00,,UNKNOWN,,,,UNKNOWN,UNKNOWN,,UNKNOWN,,,,,,,,,,,,,,,,,,,,,,,,,,,,,,,,False,False,UNKNOWN,False,False
2018072503,2018-07-25 18:00:00,阪神タイガース,広島東洋カープ,6.0,3.0,UNKNOWN,阪神甲子園球場,unknown,low,False,False,,,[],[],,,,,0,light,2018-07-25T09:00:00+00:00,,UNKNOWN,,,,UNKNOWN,UNKNOWN,,UNKNOWN,,,,,,,,,,,,,,,,,,,,,,,,,,,,,,,,False,False,UNKNOWN,False,False
2018072504,2018-07-25 18:00:00,東北楽天ゴールデンイーグルス,北海道日本ハムファイターズ,8.0,1.0,UNKNOWN,楽天生命パーク宮城,unknown,low,False,False,,,[],[],,,,,0,light,2018-07-25T09:00:00+00:00,,UNKNOWN,,,,UNKNOWN,UNKNOWN,,UNKNOWN,,,,,,,,,,,,,,,,,,,,,,,,,,,,,,,,False,False,UNKNOWN,False,False
2018072505,2018-07-25 18:00:00,埼玉西武ライオンズ,オリックス・バファローズ,6.0,5.0,UNKNOWN,メットライフドーム,unknown,low,False,False,,,[],[],,,,,0,light,2018-07-25T09:00:00+00:00,,UNKNOWN,,,,UNKNOWN,UNKNOWN,,UNKNOWN,,,,,,,,,,,,,,,,,,,,,,,,,,,,,,,,False,False,UNKNOWN,False,False
2018072601,2018-07-26 18:00:00,読売ジャイアンツ,東京ヤクルトスワローズ,1.0,2.0,UNKNOWN,京セラドーム大阪,unknown,low,False,False,,,[],[],,,,,0,light,2018-07-26T09:00:00+00:00,,UNKNOWN,,,,UNKNOWN,UNKNOWN,,UNKNOWN,,,,,,,,,,,,,,,,,,,,,,,,,,,,,,,,False,False,UNKNOWN,False,False
2018072602,2018-07-26 18:00:00,中日ドラゴンズ,横浜DeNAベイスターズ,4.0,5.0,UNKNOWN,ナゴヤドーム,unknown,low,False,False,,,[],[],,,,,0,light,2018-07-26T09:00:00+00:00,,UNKNOWN,,,,UNKNOWN,UNKNOWN,,UNKNOWN,,,,,,,,,,,,,,,,,,,,,,,,,,,,,,,,False,False,UNKNOWN,False,False
2018072603,2018-07-26 18:00:00,阪神タイガース,広島東洋カープ,3.0,9.0,UNKNOWN,阪神甲子園球場,unknown,low,False,False,,,[],[],,,,,0,light,2018-07-26T09:00:00+00:00,,UNKNOWN,,,,UNKNOWN,UNKNOWN,,UNKNOWN,,,,,,,,,,,,,,,,,,,,,,,,,,,,,,,,False,False,UNKNOWN,False,False
2018072604,2018-07-26 18:00:00,埼玉西武ライオンズ,オリックス・バファローズ,2.0,1.0,UNKNOWN,メットライフドーム,unknown,low,False,False,,,[],[],,,,,0,light,2018-07-26T09:00:00+00:00,,UNKNOWN,,,,UNKNOWN,UNKNOWN,,UNKNOWN,,,,,,,,,,,,,,,,,,,,,,,,,,,,,,,,False,False,UNKNOWN,False,False
2018072605,2018-07-26 18:00:00,福岡ソフトバンクホークス,千葉ロッテマリーンズ,6.0,5.0,UNKNOWN,福岡 ヤフオク!ドーム,unknown,low,False,False,,,[],[],,,,,0,light,2018-07-26T09:00:00+00:00,,UNKNOWN,,,,UNKNOWN,UNKNOWN,,UNKNOWN,,,,,,,,,,,,,,,,,,,,,,,,,,,,,,,,False,False,UNKNOWN,False,False
2018072702,2018-07-27 18:00:00,東京ヤクルトスワローズ,阪神タイガース,8.0,2.0,UNKNOWN,明治神宮野球場,unknown,low,False,False,,,[],[],,,,,0,light,2018-07-27T09:00:00+00:00,,UNKNOWN,,,,UNKNOWN,UNKNOWN,,UNKNOWN,,,,,,,,,,,,,,,,,,,,,,,,,,,,,,,,False,False,UNKNOWN,False,False
2018072701,2018-07-27 18:00:00,読売ジャイアンツ,中日ドラゴンズ,5.0,0.0,UNKNOWN,東京ドーム,unknown,low,False,False,,,[],[],,,,,0,light,2018-07-27T09:00:00+00:00,,UNKNOWN,,,,UNKNOWN,UNKNOWN,,UNKNOWN,,,,,,,,,,,,,,,,,,,,,,,,,,,,,,,,False,False,UNKNOWN,False,False
2018072703,2018-07-27 18:00:00,広島東洋カープ,横浜DeNAベイスターズ,10.0,1.0,UNKNOWN,ＭＡＺＤＡ　Ｚｏｏｍ－Ｚｏｏｍ　スタジアム広島,climax,high,False,True,,,[],[],,,,,0,light,2018-07-27T09:00:00+00:00,,UNKNOWN,,,,UNKNOWN,UNKNOWN,,UNKNOWN,,,,,,,,,,,,,,,,,,,,,,,,,,,,,,,,False,False,UNKNOWN,False,False
2018072704,2018-07-27 18:00:00,北海道日本ハムファイターズ,オリックス・バファローズ,13.0,2.0,UNKNOWN,札幌ドーム,unknown,low,False,False,,,[],[],,,,,0,light,2018-07-27T09:00:00+00:00,,UNKNOWN,,,,UNKNOWN,UNKNOWN,,UNKNOWN,,,,,,,,,,,,,,,,,,,,,,,,,,,,,,,,False,False,UNKNOWN,False,False
2018072705,2018-07-27 18:00:00,福岡ソフトバンクホークス,東北楽天ゴールデンイーグルス,5.0,6.0,UNKNOWN,福岡 ヤフオク!ドーム,unknown,low,False,False,,,[],[],,,,,0,light,2018-07-27T09:00:00+00:00,,UNKNOWN,,,,UNKNOWN,UNKNOWN,,UNKNOWN,,,,,,,,,,,,,,,,,,,,,,,,,,,,,,,,False,False,UNKNOWN,False,False
2018072801,2018-07-28 14:00:00,読売ジャイアンツ,中日ドラゴンズ,0.0,4.0,UNKNOWN,東京ドーム,unknown,low,False,False,,,[],[],,,,,0,light,2018-07-28T05:00:00+00:00,,UNKNOWN,,,,UNKNOWN,UNKNOWN,,UNKNOWN,,,,,,,,,,,,,,,,,,,,,,,,,,,,,,,,False,False,UNKNOWN,False,False
2018072804,2018-07-28 14:00:00,北海道日本ハムファイターズ,オリックス・バファローズ,3.0,0.0,UNKNOWN,札幌ドーム,excluded,high,False,False,,,[],[],,,,,0,light,2018-07-28T05:00:00+00:00,,UNKNOWN,,,,UNKNOWN,UNKNOWN,,UNKNOWN,,,,,,,,,,,,,,,,,,,,,,,,,,,,,,,,False,False,UNKNOWN,False,False
2018072803,2018-07-28 18:00:00,広島東洋カープ,横浜DeNAベイスターズ,1.0,9.0,UNKNOWN,ＭＡＺＤＡ　Ｚｏｏｍ－Ｚｏｏｍ　スタジアム広島,unknown,low,False,False,,,[],[],,,,,0,light,2018-07-28T09:00:00+00:00,,UNKNOWN,,,,UNKNOWN,UNKNOWN,,UNKNOWN,,,,,,,,,,,,,,,,,,,,,,,,,,,,,,,,False,False,UNKNOWN,False,False
2018072806,2018-07-28 14:00:00,福岡ソフトバンクホークス,東北楽天ゴールデンイーグルス,1.0,7.0,UNKNOWN,福岡 ヤフオク!ドーム,unknown,low,False,False,,,[],[],,,,,0,light,2018-07-28T05:00:00+00:00,,UNKNOWN,,,,UNKNOWN,UNKNOWN,,UNKNOWN,,,,,,,,,,,,,,,,,,,,,,,,,,,,,,,,False,False,UNKNOWN,False,False
2018072906,2018-07-29 13:00:00,福岡ソフトバンクホークス,東北楽天ゴールデンイーグルス,4.0,0.0,UNKNOWN,福岡 ヤフオク!ドーム,unknown,low,False,False,,,[],[],,,,,0,light,2018-07-29T04:00:00+00:00,,UNKNOWN,,,,UNKNOWN,UNKNOWN,,UNKNOWN,,,,,,,,,,,,,,,,,,,,,,,,,,,,,,,,False,False,UNKNOWN,False,False
2018072904,2018-07-29 14:00:00,北海道日本ハムファイターズ,オリックス・バファローズ,2.0,8.0,UNKNOWN,札幌ドーム,unknown,low,False,False,,,[],[],,,,,0,light,2018-07-29T05:00:00+00:00,,UNKNOWN,,,,UNKNOWN,UNKNOWN,,UNKNOWN,,,,,,,,,,,,,,,,,,,,,,,,,,,,,,,,False,False,UNKNOWN,False,False
2018072901,2018-07-29 14:00:00,読売ジャイアンツ,中日ドラゴンズ,2.0,9.0,UNKNOWN,東京ドーム,excluded,high,False,False,,,[],[],,,,,0,light,2018-07-29T05:00:00+00:00,,UNKNOWN,,,,UNKNOWN,UNKNOWN,,UNKNOWN,,,,,,,,,,,,,,,,,,,,,,,,,,,,,,,,False,False,UNKNOWN,False,False
2018072902,2018-07-29 18:00:00,東京ヤクルトスワローズ,阪神タイガース,4.0,10.0,UNKNOWN,明治神宮野球場,unknown,low,False,False,,,[],[],,,,,0,light,2018-07-29T09:00:00+00:00,,UNKNOWN,,,,UNKNOWN,UNKNOWN,,UNKNOWN,,,,,,,,,,,,,,,,,,,,,,,,,,,,,,,,False,False,UNKNOWN,False,False
2018073104,2018-07-31 13:00:00,北海道日本ハムファイターズ,千葉ロッテマリーンズ,14.0,1.0,UNKNOWN,釧路市民球場,unknown,low,False,False,,,[],[],,,,,0,light,2018-07-31T04:00:00+00:00,,UNKNOWN,,,,UNKNOWN,UNKNOWN,,UNKNOWN,,,,,,,,,,,,,,,,,,,,,,,,,,,,,,,,False,False,UNKNOWN,False,False
2018072905,2018-07-29 18:00:00,千葉ロッテマリーンズ,埼玉西武ライオンズ,3.0,9.0,UNKNOWN,ＺＯＺＯマリンスタジアム,unknown,low,False,False,,,[],[],,,,,0,light,2018-07-29T09:00:00+00:00,,UNKNOWN,,,,UNKNOWN,UNKNOWN,,UNKNOWN,,,,,,,,,,,,,,,,,,,,,,,,,,,,,,,,False,False,UNKNOWN,False,False
2018073102,2018-07-31 17:45:00,横浜DeNAベイスターズ,読売ジャイアンツ,0.0,6.0,UNKNOWN,横浜スタジアム,unknown,low,False,False,,,[],[],,,,,0,light,2018-07-31T08:45:00+00:00,,UNKNOWN,,,,UNKNOWN,UNKNOWN,,UNKNOWN,,,,,,,,,,,,,,,,,,,,,,,,,,,,,,,,False,False,UNKNOWN,False,False
2018073103,2018-07-31 18:00:00,中日ドラゴンズ,阪神タイガース,7.0,2.0,UNKNOWN,ナゴヤドーム,unknown,low,False,False,,,[],[],,,,,0,light,2018-07-31T09:00:00+00:00,,UNKNOWN,,,,UNKNOWN,UNKNOWN,,UNKNOWN,,,,,,,,,,,,,,,,,,,,,,,,,,,,,,,,False,False,UNKNOWN,False,False
2018073101,2018-07-31 18:00:00,東京ヤクルトスワローズ,広島東洋カープ,3.0,6.0,UNKNOWN,明治神宮野球場,unknown,low,False,False,,,[],[],,,,,0,light,2018-07-31T09:00:00+00:00,,UNKNOWN,,,,UNKNOWN,UNKNOWN,,UNKNOWN,,,,,,,,,,,,,,,,,,,,,,,,,,,,,,,,False,False,UNKNOWN,False,False
2018073105,2018-07-31 18:00:00,埼玉西武ライオンズ,福岡ソフトバンクホークス,7.0,4.0,UNKNOWN,メットライフドーム,unknown,low,False,False,,,[],[],,,,,0,light,2018-07-31T09:00:00+00:00,,UNKNOWN,,,,UNKNOWN,UNKNOWN,,UNKNOWN,,,,,,,,,,,,,,,,,,,,,,,,,,,,,,,,False,False,UNKNOWN,False,False
2018073106,2018-07-31 18:00:00,オリックス・バファローズ,東北楽天ゴールデンイーグルス,4.0,6.0,UNKNOWN,京セラドーム大阪,unknown,low,False,False,,,[],[],,,,,0,light,2018-07-31T09:00:00+00:00,,UNKNOWN,,,,UNKNOWN,UNKNOWN,,UNKNOWN,,,,,,,,,,,,,,,,,,,,,,,,,,,,,,,,False,False,UNKNOWN,False,False
2018080104,2018-08-01 13:00:00,北海道日本ハムファイターズ,千葉ロッテマリーンズ,8.0,7.0,UNKNOWN,帯広の森野球場,excluded,high,False,False,,,[],[],,,,,0,light,2018-08-01T04:00:00+00:00,,UNKNOWN,,,,UNKNOWN,UNKNOWN,,UNKNOWN,,,,,,,,,,,,,,,,,,,,,,,,,,,,,,,,False,False,UNKNOWN,False,False
2018080102,2018-08-01 17:45:00,横浜DeNAベイスターズ,読売ジャイアンツ,1.0,7.0,UNKNOWN,横浜スタジアム,unknown,low,False,False,,,[],[],,,,,0,light,2018-08-01T08:45:00+00:00,,UNKNOWN,,,,UNKNOWN,UNKNOWN,,UNKNOWN,,,,,,,,,,,,,,,,,,,,,,,,,,,,,,,,False,False,UNKNOWN,False,False
2018080101,2018-08-01 18:00:00,東京ヤクルトスワローズ,広島東洋カープ,7.0,13.0,UNKNOWN,明治神宮野球場,unknown,low,False,False,,,[],[],,,,,0,light,2018-08-01T09:00:00+00:00,,UNKNOWN,,,,UNKNOWN,UNKNOWN,,UNKNOWN,,,,,,,,,,,,,,,,,,,,,,,,,,,,,,,,False,False,UNKNOWN,False,False
2018080103,2018-08-01 18:00:00,中日ドラゴンズ,阪神タイガース,8.0,5.0,UNKNOWN,ナゴヤドーム,allstar,high,False,True,,,[],[],,,,,0,light,2018-08-01T09:00:00+00:00,,UNKNOWN,,,,UNKNOWN,UNKNOWN,,UNKNOWN,,,,,,,,,,,,,,,,,,,,,,,,,,,,,,,,False,False,UNKNOWN,False,False
2018080105,2018-08-01 18:00:00,埼玉西武ライオンズ,福岡ソフトバンクホークス,6.0,14.0,UNKNOWN,メットライフドーム,unknown,low,False,False,,,[],[],,,,,0,light,2018-08-01T09:00:00+00:00,,UNKNOWN,,,,UNKNOWN,UNKNOWN,,UNKNOWN,,,,,,,,,,,,,,,,,,,,,,,,,,,,,,,,False,False,UNKNOWN,False,False
2018080106,2018-08-01 18:00:00,オリックス・バファローズ,東北楽天ゴールデンイーグルス,2.0,4.0,UNKNOWN,京セラドーム大阪,unknown,low,False,False,,,[],[],,,,,0,light,2018-08-01T09:00:00+00:00,,UNKNOWN,,,,UNKNOWN,UNKNOWN,,UNKNOWN,,,,,,,,,,,,,,,,,,,,,,,,,,,,,,,,False,False,UNKNOWN,False,False
2018080202,2018-08-02 17:45:00,横浜DeNAベイスターズ,読売ジャイアンツ,2.0,3.0,UNKNOWN,横浜スタジアム,unknown,low,False,False,,,[],[],,,,,0,light,2018-08-02T08:45:00+00:00,,UNKNOWN,,,,UNKNOWN,UNKNOWN,,UNKNOWN,,,,,,,,,,,,,,,,,,,,,,,,,,,,,,,,False,False,UNKNOWN,False,False
2018080201,2018-08-02 18:00:00,東京ヤクルトスワローズ,広島東洋カープ,10.0,4.0,UNKNOWN,明治神宮野球場,unknown,low,False,False,,,[],[],,,,,0,light,2018-08-02T09:00:00+00:00,,UNKNOWN,,,,UNKNOWN,UNKNOWN,,UNKNOWN,,,,,,,,,,,,,,,,,,,,,,,,,,,,,,,,False,False,UNKNOWN,False,False
2018080203,2018-08-02 18:00:00,埼玉西武ライオンズ,福岡ソフトバンクホークス,10.0,2.0,UNKNOWN,メットライフドーム,unknown,low,False,False,,,[],[],,,,,0,light,2018-08-02T09:00:00+00:00,,UNKNOWN,,,,UNKNOWN,UNKNOWN,,UNKNOWN,,,,,,,,,,,,,,,,,,,,,,,,,,,,,,,,False,False,UNKNOWN,False,False
2018080204,2018-08-02 18:00:00,オリックス・バファローズ,東北楽天ゴールデンイーグルス,2.0,3.0,UNKNOWN,京セラドーム大阪,unknown,low,False,False,,,[],[],,,,,0,light,2018-08-02T09:00:00+00:00,,UNKNOWN,,,,UNKNOWN,UNKNOWN,,UNKNOWN,,,,,,,,,,,,,,,,,,,,,,,,,,,,,,,,False,False,UNKNOWN,False,False
2018080301,2018-08-03 18:00:00,横浜DeNAベイスターズ,広島東洋カープ,7.0,6.0,UNKNOWN,横浜スタジアム,unknown,low,False,False,,,[],[],,,,,0,light,2018-08-03T09:00:00+00:00,,UNKNOWN,,,,UNKNOWN,UNKNOWN,,UNKNOWN,,,,,,,,,,,,,,,,,,,,,,,,,,,,,,,,False,False,UNKNOWN,False,False
2018080303,2018-08-03 18:00:00,東北楽天ゴールデンイーグルス,千葉ロッテマリーンズ,1.0,2.0,UNKNOWN,楽天生命パーク宮城,unknown,low,False,False,,,[],[],,,,,0,light,2018-08-03T09:00:00+00:00,,UNKNOWN,,,,UNKNOWN,UNKNOWN,,UNKNOWN,,,,,,,,,,,,,,,,,,,,,,,,,,,,,,,,False,False,UNKNOWN,False,False
2018080302,2018-08-03 18:00:00,中日ドラゴンズ,読売ジャイアンツ,4.0,3.0,UNKNOWN,ナゴヤドーム,excluded,high,False,False,,,[],[],,,,,0,light,2018-08-03T09:00:00+00:00,,UNKNOWN,,,,UNKNOWN,UNKNOWN,,UNKNOWN,,,,,,,,,,,,,,,,,,,,,,,,,,,,,,,,False,False,UNKNOWN,False,False
2018080304,2018-08-03 18:00:00,埼玉西武ライオンズ,北海道日本ハムファイターズ,4.0,3.0,UNKNOWN,メットライフドーム,unknown,low,False,False,,,[],[],,,,,0,light,2018-08-03T09:00:00+00:00,,UNKNOWN,,,,UNKNOWN,UNKNOWN,,UNKNOWN,,,,,,,,,,,,,,,,,,,,,,,,,,,,,,,,False,False,UNKNOWN,False,False
2018080305,2018-08-03 18:00:00,福岡ソフトバンクホークス,オリックス・バファローズ,5.0,3.0,UNKNOWN,福岡 ヤフオク!ドーム,unknown,low,False,False,,,[],[],,,,,0,light,2018-08-03T09:00:00+00:00,,UNKNOWN,,,,UNKNOWN,UNKNOWN,,UNKNOWN,,,,,,,,,,,,,,,,,,,,,,,,,,,,,,,,False,False,UNKNOWN,False,False
2018080402,2018-08-04 14:00:00,中日ドラゴンズ,読売ジャイアンツ,4.0,6.0,UNKNOWN,ナゴヤドーム,unknown,low,False,False,,,[],[],,,,,0,light,2018-08-04T05:00:00+00:00,,UNKNOWN,,,,UNKNOWN,UNKNOWN,,UNKNOWN,,,,,,,,,,,,,,,,,,,,,,,,,,,,,,,,False,False,UNKNOWN,False,False
2018080406,2018-08-04 14:00:00,福岡ソフトバンクホークス,オリックス・バファローズ,2.0,3.0,UNKNOWN,福岡 ヤフオク!ドーム,excluded,high,False,False,,,[],[],,,,,0,light,2018-08-04T05:00:00+00:00,,UNKNOWN,,,,UNKNOWN,UNKNOWN,,UNKNOWN,,,,,,,,,,,,,,,,,,,,,,,,,,,,,,,,False,False,UNKNOWN,False,False
2018080403,2018-08-04 18:00:00,阪神タイガース,東京ヤクルトスワローズ,10.0,9.0,UNKNOWN,京セラドーム大阪,unknown,low,False,False,,,[],[],,,,,0,light,2018-08-04T09:00:00+00:00,,UNKNOWN,,,,UNKNOWN,UNKNOWN,,UNKNOWN,,,,,,,,,,,,,,,,,,,,,,,,,,,,,,,,False,False,UNKNOWN,False,False
2018080404,2018-08-04 18:00:00,東北楽天ゴールデンイーグルス,千葉ロッテマリーンズ,0.0,3.0,UNKNOWN,楽天生命パーク宮城,unknown,low,False,False,,,[],[],,,,,0,light,2018-08-04T09:00:00+00:00,,UNKNOWN,,,,UNKNOWN,UNKNOWN,,UNKNOWN,,,,,,,,,,,,,,,,,,,,,,,,,,,,,,,,False,False,UNKNOWN,False,False
2018080401,2018-08-04 18:00:00,横浜DeNAベイスターズ,広島東洋カープ,2.0,4.0,UNKNOWN,横浜スタジアム,unknown,low,False,False,,,[],[],,,,,0,light,2018-08-04T09:00:00+00:00,,UNKNOWN,,,,UNKNOWN,UNKNOWN,,UNKNOWN,,,,,,,,,,,,,,,,,,,,,,,,,,,,,,,,False,False,UNKNOWN,False,False
2018080405,2018-08-04 18:00:00,埼玉西武ライオンズ,北海道日本ハムファイターズ,3.0,6.0,UNKNOWN,メットライフドーム,unknown,low,False,False,,,[],[],,,,,0,light,2018-08-04T09:00:00+00:00,,UNKNOWN,,,,UNKNOWN,UNKNOWN,,UNKNOWN,,,,,,,,,,,,,,,,,,,,,,,,,,,,,,,,False,False,UNKNOWN,False,False
2018080506,2018-08-05 13:00:00,福岡ソフトバンクホークス,オリックス・バファローズ,4.0,6.0,UNKNOWN,福岡 ヤフオク!ドーム,unknown,low,False,False,,,[],[],,,,,0,light,2018-08-05T04:00:00+00:00,,UNKNOWN,,,,UNKNOWN,UNKNOWN,,UNKNOWN,,,,,,,,,,,,,,,,,,,,,,,,,,,,,,,,False,False,UNKNOWN,False,False
2018080502,2018-08-05 14:00:00,中日ドラゴンズ,読売ジャイアンツ,0.0,2.0,UNKNOWN,ナゴヤドーム,unknown,low,False,False,,,[],[],,,,,0,light,2018-08-05T05:00:00+00:00,,UNKNOWN,,,,UNKNOWN,UNKNOWN,,UNKNOWN,,,,,,,,,,,,,,,,,,,,,,,,,,,,,,,,False,False,UNKNOWN,False,False
2018080504,2018-08-05 17:00:00,東北楽天ゴールデンイーグルス,千葉ロッテマリーンズ,4.0,2.0,UNKNOWN,楽天生命パーク宮城,unknown,low,False,False,,,[],[],,,,,0,light,2018-08-05T08:00:00+00:00,,UNKNOWN,,,,UNKNOWN,UNKNOWN,,UNKNOWN,,,,,,,,,,,,,,,,,,,,,,,,,,,,,,,,False,False,UNKNOWN,False,False
2018080501,2018-08-05 18:00:00,横浜DeNAベイスターズ,広島東洋カープ,5.0,6.0,UNKNOWN,横浜スタジアム,unknown,low,False,False,,,[],[],,,,,0,light,2018-08-05T09:00:00+00:00,,UNKNOWN,,,,UNKNOWN,UNKNOWN,,UNKNOWN,,,,,,,,,,,,,,,,,,,,,,,,,,,,,,,,False,False,UNKNOWN,False,False
2018080503,2018-08-05 18:00:00,阪神タイガース,東京ヤクルトスワローズ,3.0,1.0,UNKNOWN,京セラドーム大阪,unknown,low,False,False,,,[],[],,,,,0,light,2018-08-05T09:00:00+00:00,,UNKNOWN,,,,UNKNOWN,UNKNOWN,,UNKNOWN,,,,,,,,,,,,,,,,,,,,,,,,,,,,,,,,False,False,UNKNOWN,False,False
2018080701,2018-08-07 18:00:00,読売ジャイアンツ,阪神タイガース,4.0,7.0,UNKNOWN,東京ドーム,unknown,low,False,False,,,[],[],,,,,0,light,2018-08-07T09:00:00+00:00,,UNKNOWN,,,,UNKNOWN,UNKNOWN,,UNKNOWN,,,,,,,,,,,,,,,,,,,,,,,,,,,,,,,,False,False,UNKNOWN,False,False
2018080505,2018-08-05 18:00:00,埼玉西武ライオンズ,北海道日本ハムファイターズ,7.0,4.0,UNKNOWN,メットライフドーム,unknown,low,False,False,,,[],[],,,,,0,light,2018-08-05T09:00:00+00:00,,UNKNOWN,,,,UNKNOWN,UNKNOWN,,UNKNOWN,,,,,,,,,,,,,,,,,,,,,,,,,,,,,,,,False,False,UNKNOWN,False,False
2018080702,2018-08-07 18:00:00,東京ヤクルトスワローズ,横浜DeNAベイスターズ,1.0,4.0,UNKNOWN,明治神宮野球場,unknown,low,False,False,,,[],[],,,,,0,light,2018-08-07T09:00:00+00:00,,UNKNOWN,,,,UNKNOWN,UNKNOWN,,UNKNOWN,,,,,,,,,,,,,,,,,,,,,,,,,,,,,,,,False,False,UNKNOWN,False,False
2018080703,2018-08-07 18:00:00,広島東洋カープ,中日ドラゴンズ,6.0,2.0,UNKNOWN,ＭＡＺＤＡ　Ｚｏｏｍ－Ｚｏｏｍ　スタジアム広島,unknown,low,False,False,,,[],[],,,,,0,light,2018-08-07T09:00:00+00:00,,UNKNOWN,,,,UNKNOWN,UNKNOWN,,UNKNOWN,,,,,,,,,,,,,,,,,,,,,,,,,,,,,,,,False,False,UNKNOWN,False,False
2018080704,2018-08-07 18:00:00,北海道日本ハムファイターズ,東北楽天ゴールデンイーグルス,2.0,2.0,UNKNOWN,札幌ドーム,unknown,low,False,False,,,[],[],,,,,0,light,2018-08-07T09:00:00+00:00,,UNKNOWN,,,,UNKNOWN,UNKNOWN,,UNKNOWN,,,,,,,,,,,,,,,,,,,,,,,,,,,,,,,,False,False,UNKNOWN,False,False
2018080706,2018-08-07 18:00:00,オリックス・バファローズ,埼玉西武ライオンズ,0.0,6.0,UNKNOWN,京セラドーム大阪,unknown,low,False,False,,,[],[],,,,,0,light,2018-08-07T09:00:00+00:00,,UNKNOWN,,,,UNKNOWN,UNKNOWN,,UNKNOWN,,,,,,,,,,,,,,,,,,,,,,,,,,,,,,,,False,False,UNKNOWN,False,False
2018080705,2018-08-07 18:15:00,千葉ロッテマリーンズ,福岡ソフトバンクホークス,2.0,3.0,UNKNOWN,ＺＯＺＯマリンスタジアム,unknown,low,False,False,,,[],[],,,,,0,light,2018-08-07T09:15:00+00:00,,UNKNOWN,,,,UNKNOWN,UNKNOWN,,UNKNOWN,,,,,,,,,,,,,,,,,,,,,,,,,,,,,,,,False,False,UNKNOWN,False,False
2018080801,2018-08-08 18:00:00,読売ジャイアンツ,阪神タイガース,3.0,1.0,UNKNOWN,東京ドーム,unknown,low,False,False,,,[],[],,,,,0,light,2018-08-08T09:00:00+00:00,,UNKNOWN,,,,UNKNOWN,UNKNOWN,,UNKNOWN,,,,,,,,,,,,,,,,,,,,,,,,,,,,,,,,False,False,UNKNOWN,False,False
2018080803,2018-08-08 18:00:00,広島東洋カープ,中日ドラゴンズ,7.0,5.0,UNKNOWN,ＭＡＺＤＡ　Ｚｏｏｍ－Ｚｏｏｍ　スタジアム広島,unknown,low,False,False,,,[],[],,,,,0,light,2018-08-08T09:00:00+00:00,,UNKNOWN,,,,UNKNOWN,UNKNOWN,,UNKNOWN,,,,,,,,,,,,,,,,,,,,,,,,,,,,,,,,False,False,UNKNOWN,False,False
2018080804,2018-08-08 18:00:00,北海道日本ハムファイターズ,東北楽天ゴールデンイーグルス,2.0,1.0,UNKNOWN,札幌ドーム,unknown,low,False,False,,,[],[],,,,,0,light,2018-08-08T09:00:00+00:00,,UNKNOWN,,,,UNKNOWN,UNKNOWN,,UNKNOWN,,,,,,,,,,,,,,,,,,,,,,,,,,,,,,,,False,False,UNKNOWN,False,False
2018080806,2018-08-08 18:00:00,オリックス・バファローズ,埼玉西武ライオンズ,6.0,7.0,UNKNOWN,京セラドーム大阪,excluded,high,False,False,,,[],[],,,,,0,light,2018-08-08T09:00:00+00:00,,UNKNOWN,,,,UNKNOWN,UNKNOWN,,UNKNOWN,,,,,,,,,,,,,,,,,,,,,,,,,,,,,,,,False,False,UNKNOWN,False,False
2018080901,2018-08-09 18:00:00,読売ジャイアンツ,阪神タイガース,2.0,3.0,UNKNOWN,東京ドーム,unknown,low,False,False,,,[],[],,,,,0,light,2018-08-09T09:00:00+00:00,,UNKNOWN,,,,UNKNOWN,UNKNOWN,,UNKNOWN,,,,,,,,,,,,,,,,,,,,,,,,,,,,,,,,False,False,UNKNOWN,False,False
2018080903,2018-08-09 18:00:00,広島東洋カープ,中日ドラゴンズ,3.0,2.0,UNKNOWN,ＭＡＺＤＡ　Ｚｏｏｍ－Ｚｏｏｍ　スタジアム広島,unknown,low,False,False,,,[],[],,,,,0,light,2018-08-09T09:00:00+00:00,,UNKNOWN,,,,UNKNOWN,UNKNOWN,,UNKNOWN,,,,,,,,,,,,,,,,,,,,,,,,,,,,,,,,False,False,UNKNOWN,False,False
2018080902,2018-08-09 18:00:00,東京ヤクルトスワローズ,横浜DeNAベイスターズ,11.0,3.0,UNKNOWN,明治神宮野球場,unknown,low,False,False,,,[],[],,,,,0,light,2018-08-09T09:00:00+00:00,,UNKNOWN,,,,UNKNOWN,UNKNOWN,,UNKNOWN,,,,,,,,,,,,,,,,,,,,,,,,,,,,,,,,False,False,UNKNOWN,False,False
2018080904,2018-08-09 18:00:00,北海道日本ハムファイターズ,東北楽天ゴールデンイーグルス,0.0,10.0,UNKNOWN,札幌ドーム,unknown,low,False,False,,,[],[],,,,,0,light,2018-08-09T09:00:00+00:00,,UNKNOWN,,,,UNKNOWN,UNKNOWN,,UNKNOWN,,,,,,,,,,,,,,,,,,,,,,,,,,,,,,,,False,False,UNKNOWN,False,False
2018080905,2018-08-09 18:00:00,オリックス・バファローズ,埼玉西武ライオンズ,7.0,6.0,UNKNOWN,京セラドーム大阪,unknown,low,False,False,,,[],[],,,,,0,light,2018-08-09T09:00:00+00:00,,UNKNOWN,,,,UNKNOWN,UNKNOWN,,UNKNOWN,,,,,,,,,,,,,,,,,,,,,,,,,,,,,,,,False,False,UNKNOWN,False,False
2018081001,2018-08-10 18:00:00,横浜DeNAベイスターズ,阪神タイガース,1.0,3.0,UNKNOWN,横浜スタジアム,unknown,low,False,False,,,[],[],,,,,0,light,2018-08-10T09:00:00+00:00,,UNKNOWN,,,,UNKNOWN,UNKNOWN,,UNKNOWN,,,,,,,,,,,,,,,,,,,,,,,,,,,,,,,,False,False,UNKNOWN,False,False
2018081002,2018-08-10 18:00:00,中日ドラゴンズ,東京ヤクルトスワローズ,3.0,0.0,UNKNOWN,ナゴヤドーム,unknown,low,False,False,,,[],[],,,,,0,light,2018-08-10T09:00:00+00:00,,UNKNOWN,,,,UNKNOWN,UNKNOWN,,UNKNOWN,,,,,,,,,,,,,,,,,,,,,,,,,,,,,,,,False,False,UNKNOWN,False,False
2018081003,2018-08-10 18:00:00,広島東洋カープ,読売ジャイアンツ,9.0,3.0,UNKNOWN,ＭＡＺＤＡ　Ｚｏｏｍ－Ｚｏｏｍ　スタジアム広島,unknown,low,False,False,,,[],[],,,,,0,light,2018-08-10T09:00:00+00:00,,UNKNOWN,,,,UNKNOWN,UNKNOWN,,UNKNOWN,,,,,,,,,,,,,,,,,,,,,,,,,,,,,,,,False,False,UNKNOWN,False,False
2018081004,2018-08-10 18:00:00,東北楽天ゴールデンイーグルス,埼玉西武ライオンズ,3.0,7.0,UNKNOWN,楽天生命パーク宮城,unknown,low,False,False,,,[],[],,,,,0,light,2018-08-10T09:00:00+00:00,,UNKNOWN,,,,UNKNOWN,UNKNOWN,,UNKNOWN,,,,,,,,,,,,,,,,,,,,,,,,,,,,,,,,False,False,UNKNOWN,False,False
2018081005,2018-08-10 18:00:00,オリックス・バファローズ,千葉ロッテマリーンズ,2.0,1.0,UNKNOWN,京セラドーム大阪,unknown,low,False,False,,,[],[],,,,,0,light,2018-08-10T09:00:00+00:00,,UNKNOWN,,,,UNKNOWN,UNKNOWN,,UNKNOWN,,,,,,,,,,,,,,,,,,,,,,,,,,,,,,,,False,False,UNKNOWN,False,False
2018081006,2018-08-10 18:00:00,福岡ソフトバンクホークス,北海道日本ハムファイターズ,5.0,0.0,UNKNOWN,福岡 ヤフオク!ドーム,unknown,low,False,False,,,[],[],,,,,0,light,2018-08-10T09:00:00+00:00,,UNKNOWN,,,,UNKNOWN,UNKNOWN,,UNKNOWN,,,,,,,,,,,,,,,,,,,,,,,,,,,,,,,,False,False,UNKNOWN,False,False
2018081102,2018-08-11 14:00:00,中日ドラゴンズ,東京ヤクルトスワローズ,7.0,8.0,UNKNOWN,ナゴヤドーム,unknown,low,False,False,,,[],[],,,,,0,light,2018-08-11T05:00:00+00:00,,UNKNOWN,,,,UNKNOWN,UNKNOWN,,UNKNOWN,,,,,,,,,,,,,,,,,,,,,,,,,,,,,,,,False,False,UNKNOWN,False,False
2018081105,2018-08-11 14:00:00,オリックス・バファローズ,千葉ロッテマリーンズ,6.0,3.0,UNKNOWN,京セラドーム大阪,unknown,low,False,False,,,[],[],,,,,0,light,2018-08-11T05:00:00+00:00,,UNKNOWN,,,,UNKNOWN,UNKNOWN,,UNKNOWN,,,,,,,,,,,,,,,,,,,,,,,,,,,,,,,,False,False,UNKNOWN,False,False
2018081101,2018-08-11 18:00:00,横浜DeNAベイスターズ,阪神タイガース,3.0,8.0,UNKNOWN,横浜スタジアム,unknown,low,False,False,,,[],[],,,,,0,light,2018-08-11T09:00:00+00:00,,UNKNOWN,,,,UNKNOWN,UNKNOWN,,UNKNOWN,,,,,,,,,,,,,,,,,,,,,,,,,,,,,,,,False,False,UNKNOWN,False,False
2018081106,2018-08-11 14:00:00,福岡ソフトバンクホークス,北海道日本ハムファイターズ,1.0,3.0,UNKNOWN,福岡 ヤフオク!ドーム,unknown,low,False,False,,,[],[],,,,,0,light,2018-08-11T05:00:00+00:00,,UNKNOWN,,,,UNKNOWN,UNKNOWN,,UNKNOWN,,,,,,,,,,,,,,,,,,,,,,,,,,,,,,,,False,False,UNKNOWN,False,False
2018081103,2018-08-11 18:00:00,広島東洋カープ,読売ジャイアンツ,2.0,2.0,UNKNOWN,ＭＡＺＤＡ　Ｚｏｏｍ－Ｚｏｏｍ　スタジアム広島,unknown,low,False,False,,,[],[],,,,,0,light,2018-08-11T09:00:00+00:00,,UNKNOWN,,,,UNKNOWN,UNKNOWN,,UNKNOWN,,,,,,,,,,,,,,,,,,,,,,,,,,,,,,,,False,False,UNKNOWN,False,False
2018081104,2018-08-11 18:00:00,東北楽天ゴールデンイーグルス,埼玉西武ライオンズ,0.0,10.0,UNKNOWN,楽天生命パーク宮城,unknown,low,False,False,,,[],[],,,,,0,light,2018-08-11T09:00:00+00:00,,UNKNOWN,,,,UNKNOWN,UNKNOWN,,UNKNOWN,,,,,,,,,,,,,,,,,,,,,,,,,,,,,,,,False,False,UNKNOWN,False,False
2018081205,2018-08-12 13:00:00,オリックス・バファローズ,千葉ロッテマリーンズ,3.0,2.0,UNKNOWN,京セラドーム大阪,excluded,high,False,False,,,[],[],,,,,0,light,2018-08-12T04:00:00+00:00,,UNKNOWN,,,,UNKNOWN,UNKNOWN,,UNKNOWN,,,,,,,,,,,,,,,,,,,,,,,,,,,,,,,,False,False,UNKNOWN,False,False
2018081206,2018-08-12 13:00:00,福岡ソフトバンクホークス,北海道日本ハムファイターズ,11.0,5.0,UNKNOWN,福岡 ヤフオク!ドーム,unknown,low,False,False,,,[],[],,,,,0,light,2018-08-12T04:00:00+00:00,,UNKNOWN,,,,UNKNOWN,UNKNOWN,,UNKNOWN,,,,,,,,,,,,,,,,,,,,,,,,,,,,,,,,False,False,UNKNOWN,False,False
2018081202,2018-08-12 14:00:00,中日ドラゴンズ,東京ヤクルトスワローズ,1.0,3.0,UNKNOWN,ナゴヤドーム,excluded,high,False,False,,,[],[],,,,,0,light,2018-08-12T05:00:00+00:00,,UNKNOWN,,,,UNKNOWN,UNKNOWN,,UNKNOWN,,,,,,,,,,,,,,,,,,,,,,,,,,,,,,,,False,False,UNKNOWN,False,False
2018081204,2018-08-12 17:00:00,東北楽天ゴールデンイーグルス,埼玉西武ライオンズ,3.0,1.0,UNKNOWN,楽天生命パーク宮城,unknown,low,False,False,,,[],[],,,,,0,light,2018-08-12T08:00:00+00:00,,UNKNOWN,,,,UNKNOWN,UNKNOWN,,UNKNOWN,,,,,,,,,,,,,,,,,,,,,,,,,,,,,,,,False,False,UNKNOWN,False,False
2018081201,2018-08-12 18:00:00,横浜DeNAベイスターズ,阪神タイガース,12.0,5.0,UNKNOWN,横浜スタジアム,excluded,high,False,False,,,[],[],,,,,0,light,2018-08-12T09:00:00+00:00,,UNKNOWN,,,,UNKNOWN,UNKNOWN,,UNKNOWN,,,,,,,,,,,,,,,,,,,,,,,,,,,,,,,,False,False,UNKNOWN,False,False
2018081203,2018-08-12 18:00:00,広島東洋カープ,読売ジャイアンツ,4.0,8.0,UNKNOWN,ＭＡＺＤＡ　Ｚｏｏｍ－Ｚｏｏｍ　スタジアム広島,unknown,low,False,False,,,[],[],,,,,0,light,2018-08-12T09:00:00+00:00,,UNKNOWN,,,,UNKNOWN,UNKNOWN,,UNKNOWN,,,,,,,,,,,,,,,,,,,,,,,,,,,,,,,,False,False,UNKNOWN,False,False
2018081401,2018-08-14 18:00:00,東京ヤクルトスワローズ,読売ジャイアンツ,6.0,5.0,UNKNOWN,明治神宮野球場,unknown,low,False,False,,,[],[],,,,,0,light,2018-08-14T09:00:00+00:00,,UNKNOWN,,,,UNKNOWN,UNKNOWN,,UNKNOWN,,,,,,,,,,,,,,,,,,,,,,,,,,,,,,,,False,False,UNKNOWN,False,False
2018081402,2018-08-14 18:00:00,中日ドラゴンズ,横浜DeNAベイスターズ,5.0,6.0,UNKNOWN,ナゴヤドーム,unknown,low,False,False,,,[],[],,,,,0,light,2018-08-14T09:00:00+00:00,,UNKNOWN,,,,UNKNOWN,UNKNOWN,,UNKNOWN,,,,,,,,,,,,,,,,,,,,,,,,,,,,,,,,False,False,UNKNOWN,False,False
2018081403,2018-08-14 18:00:00,阪神タイガース,広島東洋カープ,7.0,4.0,UNKNOWN,京セラドーム大阪,unknown,low,False,False,,,[],[],,,,,0,light,2018-08-14T09:00:00+00:00,,UNKNOWN,,,,UNKNOWN,UNKNOWN,,UNKNOWN,,,,,,,,,,,,,,,,,,,,,,,,,,,,,,,,False,False,UNKNOWN,False,False
2018081404,2018-08-14 18:00:00,北海道日本ハムファイターズ,千葉ロッテマリーンズ,1.0,3.0,UNKNOWN,札幌ドーム,unknown,low,False,False,,,[],[],,,,,0,light,2018-08-14T09:00:00+00:00,,UNKNOWN,,,,UNKNOWN,UNKNOWN,,UNKNOWN,,,,,,,,,,,,,,,,,,,,,,,,,,,,,,,,False,False,UNKNOWN,False,False
2018081406,2018-08-14 18:00:00,福岡ソフトバンクホークス,東北楽天ゴールデンイーグルス,2.0,1.0,UNKNOWN,福岡 ヤフオク!ドーム,unknown,low,False,False,,,[],[],,,,,0,light,2018-08-14T09:00:00+00:00,,UNKNOWN,,,,UNKNOWN,UNKNOWN,,UNKNOWN,,,,,,,,,,,,,,,,,,,,,,,,,,,,,,,,False,False,UNKNOWN,False,False
2018081405,2018-08-14 18:00:00,埼玉西武ライオンズ,オリックス・バファローズ,7.0,6.0,UNKNOWN,メットライフドーム,unknown,low,False,False,,,[],[],,,,,0,light,2018-08-14T09:00:00+00:00,,UNKNOWN,,,,UNKNOWN,UNKNOWN,,UNKNOWN,,,,,,,,,,,,,,,,,,,,,,,,,,,,,,,,False,False,UNKNOWN,False,False
2018081501,2018-08-15 18:00:00,東京ヤクルトスワローズ,読売ジャイアンツ,5.0,11.0,UNKNOWN,明治神宮野球場,excluded,high,False,False,,,[],[],,,,,0,light,2018-08-15T09:00:00+00:00,,UNKNOWN,,,,UNKNOWN,UNKNOWN,,UNKNOWN,,,,,,,,,,,,,,,,,,,,,,,,,,,,,,,,False,False,UNKNOWN,False,False
2018081502,2018-08-15 18:00:00,中日ドラゴンズ,横浜DeNAベイスターズ,5.0,1.0,UNKNOWN,ナゴヤドーム,unknown,low,False,False,,,[],[],,,,,0,light,2018-08-15T09:00:00+00:00,,UNKNOWN,,,,UNKNOWN,UNKNOWN,,UNKNOWN,,,,,,,,,,,,,,,,,,,,,,,,,,,,,,,,False,False,UNKNOWN,False,False
2018081503,2018-08-15 18:00:00,阪神タイガース,広島東洋カープ,4.0,6.0,UNKNOWN,京セラドーム大阪,unknown,low,False,False,,,[],[],,,,,0,light,2018-08-15T09:00:00+00:00,,UNKNOWN,,,,UNKNOWN,UNKNOWN,,UNKNOWN,,,,,,,,,,,,,,,,,,,,,,,,,,,,,,,,False,False,UNKNOWN,False,False
2018081504,2018-08-15 18:00:00,北海道日本ハムファイターズ,千葉ロッテマリーンズ,4.0,1.0,UNKNOWN,札幌ドーム,unknown,low,False,False,,,[],[],,,,,0,light,2018-08-15T09:00:00+00:00,,UNKNOWN,,,,UNKNOWN,UNKNOWN,,UNKNOWN,,,,,,,,,,,,,,,,,,,,,,,,,,,,,,,,False,False,UNKNOWN,False,False
2018081505,2018-08-15 18:00:00,埼玉西武ライオンズ,オリックス・バファローズ,3.0,4.0,UNKNOWN,メットライフドーム,unknown,low,False,False,,,[],[],,,,,0,light,2018-08-15T09:00:00+00:00,,UNKNOWN,,,,UNKNOWN,UNKNOWN,,UNKNOWN,,,,,,,,,,,,,,,,,,,,,,,,,,,,,,,,False,False,UNKNOWN,False,False
2018081506,2018-08-15 18:00:00,福岡ソフトバンクホークス,東北楽天ゴールデンイーグルス,6.0,3.0,UNKNOWN,福岡 ヤフオク!ドーム,unknown,low,False,False,,,[],[],,,,,0,light,2018-08-15T09:00:00+00:00,,UNKNOWN,,,,UNKNOWN,UNKNOWN,,UNKNOWN,,,,,,,,,,,,,,,,,,,,,,,,,,,,,,,,False,False,UNKNOWN,False,False
2018081602,2018-08-16 18:00:00,中日ドラゴンズ,横浜DeNAベイスターズ,11.0,5.0,UNKNOWN,ナゴヤドーム,unknown,low,False,False,,,[],[],,,,,0,light,2018-08-16T09:00:00+00:00,,UNKNOWN,,,,UNKNOWN,UNKNOWN,,UNKNOWN,,,,,,,,,,,,,,,,,,,,,,,,,,,,,,,,False,False,UNKNOWN,False,False
2018081601,2018-08-16 18:00:00,東京ヤクルトスワローズ,読売ジャイアンツ,7.0,0.0,UNKNOWN,明治神宮野球場,unknown,low,False,False,,,[],[],,,,,0,light,2018-08-16T09:00:00+00:00,,UNKNOWN,,,,UNKNOWN,UNKNOWN,,UNKNOWN,,,,,,,,,,,,,,,,,,,,,,,,,,,,,,,,False,False,UNKNOWN,False,False
2018081603,2018-08-16 18:00:00,阪神タイガース,広島東洋カープ,3.0,2.0,UNKNOWN,京セラドーム大阪,unknown,low,False,False,,,[],[],,,,,0,light,2018-08-16T09:00:00+00:00,,UNKNOWN,,,,UNKNOWN,UNKNOWN,,UNKNOWN,,,,,,,,,,,,,,,,,,,,,,,,,,,,,,,,False,False,UNKNOWN,False,False
2018081604,2018-08-16 18:00:00,北海道日本ハムファイターズ,千葉ロッテマリーンズ,2.0,6.0,UNKNOWN,札幌ドーム,unknown,low,False,False,,,[],[],,,,,0,light,2018-08-16T09:00:00+00:00,,UNKNOWN,,,,UNKNOWN,UNKNOWN,,UNKNOWN,,,,,,,,,,,,,,,,,,,,,,,,,,,,,,,,False,False,UNKNOWN,False,False
2018081605,2018-08-16 18:00:00,埼玉西武ライオンズ,オリックス・バファローズ,1.0,1.0,UNKNOWN,メットライフドーム,unknown,low,False,False,,,[],[],,,,,0,light,2018-08-16T09:00:00+00:00,,UNKNOWN,,,,UNKNOWN,UNKNOWN,,UNKNOWN,,,,,,,,,,,,,,,,,,,,,,,,,,,,,,,,False,False,UNKNOWN,False,False
2018081606,2018-08-16 18:00:00,福岡ソフトバンクホークス,東北楽天ゴールデンイーグルス,2.0,3.0,UNKNOWN,福岡 ヤフオク!ドーム,unknown,low,False,False,,,[],[],,,,,0,light,2018-08-16T09:00:00+00:00,,UNKNOWN,,,,UNKNOWN,UNKNOWN,,UNKNOWN,,,,,,,,,,,,,,,,,,,,,,,,,,,,,,,,False,False,UNKNOWN,False,False
2018081701,2018-08-17 18:00:00,読売ジャイアンツ,中日ドラゴンズ,1.0,6.0,UNKNOWN,東京ドーム,unknown,low,False,False,,,[],[],,,,,0,light,2018-08-17T09:00:00+00:00,,UNKNOWN,,,,UNKNOWN,UNKNOWN,,UNKNOWN,,,,,,,,,,,,,,,,,,,,,,,,,,,,,,,,False,False,UNKNOWN,False,False
2018081702,2018-08-17 18:00:00,東京ヤクルトスワローズ,阪神タイガース,3.0,2.0,UNKNOWN,明治神宮野球場,unknown,low,False,False,,,[],[],,,,,0,light,2018-08-17T09:00:00+00:00,,UNKNOWN,,,,UNKNOWN,UNKNOWN,,UNKNOWN,,,,,,,,,,,,,,,,,,,,,,,,,,,,,,,,False,False,UNKNOWN,False,False
2018081703,2018-08-17 18:00:00,横浜DeNAベイスターズ,広島東洋カープ,7.0,5.0,UNKNOWN,横浜スタジアム,unknown,low,False,False,,,[],[],,,,,0,light,2018-08-17T09:00:00+00:00,,UNKNOWN,,,,UNKNOWN,UNKNOWN,,UNKNOWN,,,,,,,,,,,,,,,,,,,,,,,,,,,,,,,,False,False,UNKNOWN,False,False
2018081705,2018-08-17 18:00:00,埼玉西武ライオンズ,北海道日本ハムファイターズ,3.0,5.0,UNKNOWN,メットライフドーム,unknown,low,False,False,,,[],[],,,,,0,light,2018-08-17T09:00:00+00:00,,UNKNOWN,,,,UNKNOWN,UNKNOWN,,UNKNOWN,,,,,,,,,,,,,,,,,,,,,,,,,,,,,,,,False,False,UNKNOWN,False,False
2018081704,2018-08-17 18:00:00,東北楽天ゴールデンイーグルス,千葉ロッテマリーンズ,0.0,1.0,UNKNOWN,楽天生命パーク宮城,unknown,low,False,False,,,[],[],,,,,0,light,2018-08-17T09:00:00+00:00,,UNKNOWN,,,,UNKNOWN,UNKNOWN,,UNKNOWN,,,,,,,,,,,,,,,,,,,,,,,,,,,,,,,,False,False,UNKNOWN,False,False
2018081706,2018-08-17 18:00:00,オリックス・バファローズ,福岡ソフトバンクホークス,0.0,9.0,UNKNOWN,京セラドーム大阪,unknown,low,False,False,,,[],[],,,,,0,light,2018-08-17T09:00:00+00:00,,UNKNOWN,,,,UNKNOWN,UNKNOWN,,UNKNOWN,,,,,,,,,,,,,,,,,,,,,,,,,,,,,,,,False,False,UNKNOWN,False,False
2018081802,2018-08-18 18:00:00,東京ヤクルトスワローズ,阪神タイガース,3.0,4.0,UNKNOWN,明治神宮野球場,unknown,low,False,False,,,[],[],,,,,0,light,2018-08-18T09:00:00+00:00,,UNKNOWN,,,,UNKNOWN,UNKNOWN,,UNKNOWN,,,,,,,,,,,,,,,,,,,,,,,,,,,,,,,,False,False,UNKNOWN,False,False
2018081801,2018-08-18 14:00:00,読売ジャイアンツ,中日ドラゴンズ,10.0,0.0,UNKNOWN,東京ドーム,unknown,low,False,False,,,[],[],,,,,0,light,2018-08-18T05:00:00+00:00,,UNKNOWN,,,,UNKNOWN,UNKNOWN,,UNKNOWN,,,,,,,,,,,,,,,,,,,,,,,,,,,,,,,,False,False,UNKNOWN,False,False
2018081803,2018-08-18 18:00:00,横浜DeNAベイスターズ,広島東洋カープ,1.0,4.0,UNKNOWN,横浜スタジアム,unknown,low,False,False,,,[],[],,,,,0,light,2018-08-18T09:00:00+00:00,,UNKNOWN,,,,UNKNOWN,UNKNOWN,,UNKNOWN,,,,,,,,,,,,,,,,,,,,,,,,,,,,,,,,False,False,UNKNOWN,False,False
2018081804,2018-08-18 18:00:00,東北楽天ゴールデンイーグルス,千葉ロッテマリーンズ,3.0,2.0,UNKNOWN,楽天生命パーク宮城,excluded,high,False,False,,,[],[],,,,,0,light,2018-08-18T09:00:00+00:00,,UNKNOWN,,,,UNKNOWN,UNKNOWN,,UNKNOWN,,,,,,,,,,,,,,,,,,,,,,,,,,,,,,,,False,False,UNKNOWN,False,False
2018081805,2018-08-18 18:00:00,埼玉西武ライオンズ,北海道日本ハムファイターズ,7.0,6.0,UNKNOWN,メットライフドーム,unknown,low,False,False,,,[],[],,,,,0,light,2018-08-18T09:00:00+00:00,,UNKNOWN,,,,UNKNOWN,UNKNOWN,,UNKNOWN,,,,,,,,,,,,,,,,,,,,,,,,,,,,,,,,False,False,UNKNOWN,False,False
2018081806,2018-08-18 18:00:00,オリックス・バファローズ,福岡ソフトバンクホークス,2.0,7.0,UNKNOWN,京セラドーム大阪,excluded,high,False,False,,,[],[],,,,,0,light,2018-08-18T09:00:00+00:00,,UNKNOWN,,,,UNKNOWN,UNKNOWN,,UNKNOWN,,,,,,,,,,,,,,,,,,,,,,,,,,,,,,,,False,False,UNKNOWN,False,False
2018081906,2018-08-19 13:00:00,オリックス・バファローズ,福岡ソフトバンクホークス,4.0,8.0,UNKNOWN,京セラドーム大阪,unknown,low,False,False,,,[],[],,,,,0,light,2018-08-19T04:00:00+00:00,,UNKNOWN,,,,UNKNOWN,UNKNOWN,,UNKNOWN,,,,,,,,,,,,,,,,,,,,,,,,,,,,,,,,False,False,UNKNOWN,False,False
2018081901,2018-08-19 14:00:00,読売ジャイアンツ,中日ドラゴンズ,6.0,5.0,UNKNOWN,東京ドーム,unknown,low,False,False,,,[],[],,,,,0,light,2018-08-19T05:00:00+00:00,,UNKNOWN,,,,UNKNOWN,UNKNOWN,,UNKNOWN,,,,,,,,,,,,,,,,,,,,,,,,,,,,,,,,False,False,UNKNOWN,False,False
2018081904,2018-08-19 17:00:00,東北楽天ゴールデンイーグルス,千葉ロッテマリーンズ,7.0,8.0,UNKNOWN,楽天生命パーク宮城,unknown,low,False,False,,,[],[],,,,,0,light,2018-08-19T08:00:00+00:00,,UNKNOWN,,,,UNKNOWN,UNKNOWN,,UNKNOWN,,,,,,,,,,,,,,,,,,,,,,,,,,,,,,,,False,False,UNKNOWN,False,False
2018081902,2018-08-19 18:00:00,東京ヤクルトスワローズ,阪神タイガース,8.0,5.0,UNKNOWN,明治神宮野球場,unknown,low,False,False,,,[],[],,,,,0,light,2018-08-19T09:00:00+00:00,,UNKNOWN,,,,UNKNOWN,UNKNOWN,,UNKNOWN,,,,,,,,,,,,,,,,,,,,,,,,,,,,,,,,False,False,UNKNOWN,False,False
2018081903,2018-08-19 18:00:00,横浜DeNAベイスターズ,広島東洋カープ,7.0,9.0,UNKNOWN,横浜スタジアム,excluded,high,False,False,,,[],[],,,,,0,light,2018-08-19T09:00:00+00:00,,UNKNOWN,,,,UNKNOWN,UNKNOWN,,UNKNOWN,,,,,,,,,,,,,,,,,,,,,,,,,,,,,,,,False,False,UNKNOWN,False,False
2018081905,2018-08-19 18:00:00,埼玉西武ライオンズ,北海道日本ハムファイターズ,7.0,4.0,UNKNOWN,メットライフドーム,unknown,low,False,False,,,[],[],,,,,0,light,2018-08-19T09:00:00+00:00,,UNKNOWN,,,,UNKNOWN,UNKNOWN,,UNKNOWN,,,,,,,,,,,,,,,,,,,,,,,,,,,,,,,,False,False,UNKNOWN,False,False
2018082102,2018-08-21 18:00:00,中日ドラゴンズ,阪神タイガース,4.0,1.0,UNKNOWN,ナゴヤドーム,unknown,low,False,False,,,[],[],,,,,0,light,2018-08-21T09:00:00+00:00,,UNKNOWN,,,,UNKNOWN,UNKNOWN,,UNKNOWN,,,,,,,,,,,,,,,,,,,,,,,,,,,,,,,,False,False,UNKNOWN,False,False
2018082101,2018-08-21 18:00:00,横浜DeNAベイスターズ,読売ジャイアンツ,1.0,4.0,UNKNOWN,横浜スタジアム,unknown,low,False,False,,,[],[],,,,,0,light,2018-08-21T09:00:00+00:00,,UNKNOWN,,,,UNKNOWN,UNKNOWN,,UNKNOWN,,,,,,,,,,,,,,,,,,,,,,,,,,,,,,,,False,False,UNKNOWN,False,False
2018082104,2018-08-21 18:00:00,北海道日本ハムファイターズ,福岡ソフトバンクホークス,5.0,10.0,UNKNOWN,草薙総合運動場野球場,unknown,low,False,False,,,[],[],,,,,0,light,2018-08-21T09:00:00+00:00,,UNKNOWN,,,,UNKNOWN,UNKNOWN,,UNKNOWN,,,,,,,,,,,,,,,,,,,,,,,,,,,,,,,,False,False,UNKNOWN,False,False
2018082103,2018-08-21 18:00:00,広島東洋カープ,東京ヤクルトスワローズ,5.0,10.0,UNKNOWN,ＭＡＺＤＡ　Ｚｏｏｍ－Ｚｏｏｍ　スタジアム広島,unknown,low,False,False,,,[],[],,,,,0,light,2018-08-21T09:00:00+00:00,,UNKNOWN,,,,UNKNOWN,UNKNOWN,,UNKNOWN,,,,,,,,,,,,,,,,,,,,,,,,,,,,,,,,False,False,UNKNOWN,False,False
2018082105,2018-08-21 18:00:00,東北楽天ゴールデンイーグルス,オリックス・バファローズ,6.0,5.0,UNKNOWN,楽天生命パーク宮城,excluded,high,False,False,,,[],[],,,,,0,light,2018-08-21T09:00:00+00:00,,UNKNOWN,,,,UNKNOWN,UNKNOWN,,UNKNOWN,,,,,,,,,,,,,,,,,,,,,,,,,,,,,,,,False,False,UNKNOWN,False,False
2018082106,2018-08-21 18:30:00,千葉ロッテマリーンズ,埼玉西武ライオンズ,6.0,4.0,UNKNOWN,東京ドーム,special,high,False,True,,,[],[],,,,,0,light,2018-08-21T09:30:00+00:00,,UNKNOWN,,,,UNKNOWN,UNKNOWN,,UNKNOWN,,,,,,,,,,,,,,,,,,,,,,,,,,,,,,,,False,False,UNKNOWN,False,False
2018082201,2018-08-22 18:00:00,横浜DeNAベイスターズ,読売ジャイアンツ,2.0,0.0,UNKNOWN,横浜スタジアム,unknown,low,False,False,,,[],[],,,,,0,light,2018-08-22T09:00:00+00:00,,UNKNOWN,,,,UNKNOWN,UNKNOWN,,UNKNOWN,,,,,,,,,,,,,,,,,,,,,,,,,,,,,,,,False,False,UNKNOWN,False,False
2018082202,2018-08-22 18:00:00,中日ドラゴンズ,阪神タイガース,2.0,5.0,UNKNOWN,ナゴヤドーム,unknown,low,False,False,,,[],[],,,,,0,light,2018-08-22T09:00:00+00:00,,UNKNOWN,,,,UNKNOWN,UNKNOWN,,UNKNOWN,,,,,,,,,,,,,,,,,,,,,,,,,,,,,,,,False,False,UNKNOWN,False,False
2018082203,2018-08-22 18:00:00,広島東洋カープ,東京ヤクルトスワローズ,7.0,4.0,UNKNOWN,ＭＡＺＤＡ　Ｚｏｏｍ－Ｚｏｏｍ　スタジアム広島,unknown,low,False,False,,,[],[],,,,,0,light,2018-08-22T09:00:00+00:00,,UNKNOWN,,,,UNKNOWN,UNKNOWN,,UNKNOWN,,,,,,,,,,,,,,,,,,,,,,,,,,,,,,,,False,False,UNKNOWN,False,False
2018082204,2018-08-22 18:00:00,北海道日本ハムファイターズ,福岡ソフトバンクホークス,6.0,9.0,UNKNOWN,東京ドーム,unknown,low,False,False,,,[],[],,,,,0,light,2018-08-22T09:00:00+00:00,,UNKNOWN,,,,UNKNOWN,UNKNOWN,,UNKNOWN,,,,,,,,,,,,,,,,,,,,,,,,,,,,,,,,False,False,UNKNOWN,False,False
2018082205,2018-08-22 18:00:00,東北楽天ゴールデンイーグルス,オリックス・バファローズ,1.0,3.0,UNKNOWN,楽天生命パーク宮城,unknown,low,False,False,,,[],[],,,,,0,light,2018-08-22T09:00:00+00:00,,UNKNOWN,,,,UNKNOWN,UNKNOWN,,UNKNOWN,,,,,,,,,,,,,,,,,,,,,,,,,,,,,,,,False,False,UNKNOWN,False,False
2018082206,2018-08-22 18:15:00,千葉ロッテマリーンズ,埼玉西武ライオンズ,3.0,8.0,UNKNOWN,ＺＯＺＯマリンスタジアム,unknown,low,False,False,,,[],[],,,,,0,light,2018-08-22T09:15:00+00:00,,UNKNOWN,,,,UNKNOWN,UNKNOWN,,UNKNOWN,,,,,,,,,,,,,,,,,,,,,,,,,,,,,,,,False,False,UNKNOWN,False,False
2018082302,2018-08-23 18:00:00,中日ドラゴンズ,阪神タイガース,4.0,3.0,UNKNOWN,ナゴヤドーム,unknown,low,False,False,,,[],[],,,,,0,light,2018-08-23T09:00:00+00:00,,UNKNOWN,,,,UNKNOWN,UNKNOWN,,UNKNOWN,,,,,,,,,,,,,,,,,,,,,,,,,,,,,,,,False,False,UNKNOWN,False,False
2018082301,2018-08-23 18:00:00,横浜DeNAベイスターズ,読売ジャイアンツ,6.0,0.0,UNKNOWN,横浜スタジアム,unknown,low,False,False,,,[],[],,,,,0,light,2018-08-23T09:00:00+00:00,,UNKNOWN,,,,UNKNOWN,UNKNOWN,,UNKNOWN,,,,,,,,,,,,,,,,,,,,,,,,,,,,,,,,False,False,UNKNOWN,False,False
2018082304,2018-08-23 18:00:00,北海道日本ハムファイターズ,福岡ソフトバンクホークス,2.0,6.0,UNKNOWN,東京ドーム,excluded,high,False,False,,,[],[],,,,,0,light,2018-08-23T09:00:00+00:00,,UNKNOWN,,,,UNKNOWN,UNKNOWN,,UNKNOWN,,,,,,,,,,,,,,,,,,,,,,,,,,,,,,,,False,False,UNKNOWN,False,False
2018082303,2018-08-23 18:00:00,広島東洋カープ,東京ヤクルトスワローズ,9.0,8.0,UNKNOWN,ＭＡＺＤＡ　Ｚｏｏｍ－Ｚｏｏｍ　スタジアム広島,unknown,low,False,False,,,[],[],,,,,0,light,2018-08-23T09:00:00+00:00,,UNKNOWN,,,,UNKNOWN,UNKNOWN,,UNKNOWN,,,,,,,,,,,,,,,,,,,,,,,,,,,,,,,,False,False,UNKNOWN,False,False
2018082305,2018-08-23 18:15:00,千葉ロッテマリーンズ,埼玉西武ライオンズ,2.0,4.0,UNKNOWN,ＺＯＺＯマリンスタジアム,excluded,high,False,False,,,[],[],,,,,0,light,2018-08-23T09:15:00+00:00,,UNKNOWN,,,,UNKNOWN,UNKNOWN,,UNKNOWN,,,,,,,,,,,,,,,,,,,,,,,,,,,,,,,,False,False,UNKNOWN,False,False
2018082401,2018-08-24 18:00:00,読売ジャイアンツ,阪神タイガース,2.0,0.0,UNKNOWN,東京ドーム,unknown,low,False,False,,,[],[],,,,,0,light,2018-08-24T09:00:00+00:00,,UNKNOWN,,,,UNKNOWN,UNKNOWN,,UNKNOWN,,,,,,,,,,,,,,,,,,,,,,,,,,,,,,,,False,False,UNKNOWN,False,False
2018082402,2018-08-24 18:00:00,東京ヤクルトスワローズ,横浜DeNAベイスターズ,3.0,6.0,UNKNOWN,明治神宮野球場,unknown,low,False,False,,,[],[],,,,,0,light,2018-08-24T09:00:00+00:00,,UNKNOWN,,,,UNKNOWN,UNKNOWN,,UNKNOWN,,,,,,,,,,,,,,,,,,,,,,,,,,,,,,,,False,False,UNKNOWN,False,False
2018082403,2018-08-24 18:00:00,広島東洋カープ,中日ドラゴンズ,3.0,5.0,UNKNOWN,ＭＡＺＤＡ　Ｚｏｏｍ－Ｚｏｏｍ　スタジアム広島,unknown,low,False,False,,,[],[],,,,,0,light,2018-08-24T09:00:00+00:00,,UNKNOWN,,,,UNKNOWN,UNKNOWN,,UNKNOWN,,,,,,,,,,,,,,,,,,,,,,,,,,,,,,,,False,False,UNKNOWN,False,False
2018082404,2018-08-24 18:00:00,北海道日本ハムファイターズ,東北楽天ゴールデンイーグルス,7.0,1.0,UNKNOWN,札幌ドーム,allstar,high,False,True,,,[],[],,,,,0,light,2018-08-24T09:00:00+00:00,,UNKNOWN,,,,UNKNOWN,UNKNOWN,,UNKNOWN,,,,,,,,,,,,,,,,,,,,,,,,,,,,,,,,False,False,UNKNOWN,False,False
2018082406,2018-08-24 18:00:00,福岡ソフトバンクホークス,埼玉西武ライオンズ,3.0,2.0,UNKNOWN,福岡 ヤフオク!ドーム,unknown,low,False,False,,,[],[],,,,,0,light,2018-08-24T09:00:00+00:00,,UNKNOWN,,,,UNKNOWN,UNKNOWN,,UNKNOWN,,,,,,,,,,,,,,,,,,,,,,,,,,,,,,,,False,False,UNKNOWN,False,False
2018082405,2018-08-24 18:15:00,千葉ロッテマリーンズ,オリックス・バファローズ,1.0,3.0,UNKNOWN,ＺＯＺＯマリンスタジアム,unknown,low,False,False,,,[],[],,,,,0,light,2018-08-24T09:15:00+00:00,,UNKNOWN,,,,UNKNOWN,UNKNOWN,,UNKNOWN,,,,,,,,,,,,,,,,,,,,,,,,,,,,,,,,False,False,UNKNOWN,False,False
2018082504,2018-08-25 15:00:00,北海道日本ハムファイターズ,東北楽天ゴールデンイーグルス,3.0,3.0,UNKNOWN,札幌ドーム,unknown,low,False,False,,,[],[],,,,,0,light,2018-08-25T06:00:00+00:00,,UNKNOWN,,,,UNKNOWN,UNKNOWN,,UNKNOWN,,,,,,,,,,,,,,,,,,,,,,,,,,,,,,,,False,False,UNKNOWN,False,False
2018082501,2018-08-25 18:00:00,読売ジャイアンツ,阪神タイガース,6.0,0.0,UNKNOWN,東京ドーム,unknown,low,False,False,,,[],[],,,,,0,light,2018-08-25T09:00:00+00:00,,UNKNOWN,,,,UNKNOWN,UNKNOWN,,UNKNOWN,,,,,,,,,,,,,,,,,,,,,,,,,,,,,,,,False,False,UNKNOWN,False,False
2018082502,2018-08-25 18:00:00,東京ヤクルトスワローズ,横浜DeNAベイスターズ,9.0,7.0,UNKNOWN,明治神宮野球場,unknown,low,False,False,,,[],[],,,,,0,light,2018-08-25T09:00:00+00:00,,UNKNOWN,,,,UNKNOWN,UNKNOWN,,UNKNOWN,,,,,,,,,,,,,,,,,,,,,,,,,,,,,,,,False,False,UNKNOWN,False,False
2018082503,2018-08-25 18:00:00,広島東洋カープ,中日ドラゴンズ,6.0,2.0,UNKNOWN,ＭＡＺＤＡ　Ｚｏｏｍ－Ｚｏｏｍ　スタジアム広島,excluded,high,False,False,,,[],[],,,,,0,light,2018-08-25T09:00:00+00:00,,UNKNOWN,,,,UNKNOWN,UNKNOWN,,UNKNOWN,,,,,,,,,,,,,,,,,,,,,,,,,,,,,,,,False,False,UNKNOWN,False,False
2018082505,2018-08-25 18:00:00,千葉ロッテマリーンズ,オリックス・バファローズ,6.0,5.0,UNKNOWN,ＺＯＺＯマリンスタジアム,unknown,low,False,False,,,[],[],,,,,0,light,2018-08-25T09:00:00+00:00,,UNKNOWN,,,,UNKNOWN,UNKNOWN,,UNKNOWN,,,,,,,,,,,,,,,,,,,,,,,,,,,,,,,,False,False,UNKNOWN,False,False
2018082506,2018-08-25 18:00:00,福岡ソフトバンクホークス,埼玉西武ライオンズ,5.0,1.0,UNKNOWN,福岡 ヤフオク!ドーム,unknown,low,False,False,,,[],[],,,,,0,light,2018-08-25T09:00:00+00:00,,UNKNOWN,,,,UNKNOWN,UNKNOWN,,UNKNOWN,,,,,,,,,,,,,,,,,,,,,,,,,,,,,,,,False,False,UNKNOWN,False,False
2018082606,2018-08-26 13:00:00,福岡ソフトバンクホークス,埼玉西武ライオンズ,12.0,8.0,UNKNOWN,福岡 ヤフオク!ドーム,excluded,high,False,False,,,[],[],,,,,0,light,2018-08-26T04:00:00+00:00,,UNKNOWN,,,,UNKNOWN,UNKNOWN,,UNKNOWN,,,,,,,,,,,,,,,,,,,,,,,,,,,,,,,,False,False,UNKNOWN,False,False
2018082601,2018-08-26 14:00:00,読売ジャイアンツ,阪神タイガース,8.0,9.0,UNKNOWN,東京ドーム,excluded,high,False,False,,,[],[],,,,,0,light,2018-08-26T05:00:00+00:00,,UNKNOWN,,,,UNKNOWN,UNKNOWN,,UNKNOWN,,,,,,,,,,,,,,,,,,,,,,,,,,,,,,,,False,False,UNKNOWN,False,False
2018082604,2018-08-26 14:00:00,北海道日本ハムファイターズ,東北楽天ゴールデンイーグルス,4.0,2.0,UNKNOWN,札幌ドーム,unknown,low,False,False,,,[],[],,,,,0,light,2018-08-26T05:00:00+00:00,,UNKNOWN,,,,UNKNOWN,UNKNOWN,,UNKNOWN,,,,,,,,,,,,,,,,,,,,,,,,,,,,,,,,False,False,UNKNOWN,False,False
2018082602,2018-08-26 18:00:00,東京ヤクルトスワローズ,横浜DeNAベイスターズ,7.0,3.0,UNKNOWN,明治神宮野球場,unknown,low,False,False,,,[],[],,,,,0,light,2018-08-26T09:00:00+00:00,,UNKNOWN,,,,UNKNOWN,UNKNOWN,,UNKNOWN,,,,,,,,,,,,,,,,,,,,,,,,,,,,,,,,False,False,UNKNOWN,False,False
2018082603,2018-08-26 18:00:00,広島東洋カープ,中日ドラゴンズ,1.0,11.0,UNKNOWN,ＭＡＺＤＡ　Ｚｏｏｍ－Ｚｏｏｍ　スタジアム広島,unknown,low,False,False,,,[],[],,,,,0,light,2018-08-26T09:00:00+00:00,,UNKNOWN,,,,UNKNOWN,UNKNOWN,,UNKNOWN,,,,,,,,,,,,,,,,,,,,,,,,,,,,,,,,False,False,UNKNOWN,False,False
2018082605,2018-08-26 18:00:00,千葉ロッテマリーンズ,オリックス・バファローズ,1.0,8.0,UNKNOWN,ＺＯＺＯマリンスタジアム,unknown,low,False,False,,,[],[],,,,,0,light,2018-08-26T09:00:00+00:00,,UNKNOWN,,,,UNKNOWN,UNKNOWN,,UNKNOWN,,,,,,,,,,,,,,,,,,,,,,,,,,,,,,,,False,False,UNKNOWN,False,False
2018082801,2018-08-28 18:00:00,読売ジャイアンツ,広島東洋カープ,5.0,10.0,UNKNOWN,東京ドーム,unknown,low,False,False,,,[],[],,,,,0,light,2018-08-28T09:00:00+00:00,,UNKNOWN,,,,UNKNOWN,UNKNOWN,,UNKNOWN,,,,,,,,,,,,,,,,,,,,,,,,,,,,,,,,False,False,UNKNOWN,False,False
2018082802,2018-08-28 18:00:00,横浜DeNAベイスターズ,中日ドラゴンズ,5.0,3.0,UNKNOWN,横浜スタジアム,unknown,low,False,False,,,[],[],,,,,0,light,2018-08-28T09:00:00+00:00,,UNKNOWN,,,,UNKNOWN,UNKNOWN,,UNKNOWN,,,,,,,,,,,,,,,,,,,,,,,,,,,,,,,,False,False,UNKNOWN,False,False
2018082803,2018-08-28 18:00:00,阪神タイガース,東京ヤクルトスワローズ,0.0,1.0,UNKNOWN,阪神甲子園球場,unknown,low,False,False,,,[],[],,,,,0,light,2018-08-28T09:00:00+00:00,,UNKNOWN,,,,UNKNOWN,UNKNOWN,,UNKNOWN,,,,,,,,,,,,,,,,,,,,,,,,,,,,,,,,False,False,UNKNOWN,False,False
2018082804,2018-08-28 18:00:00,埼玉西武ライオンズ,東北楽天ゴールデンイーグルス,6.0,5.0,UNKNOWN,上毛新聞敷島球場,unknown,low,False,False,,,[],[],,,,,0,light,2018-08-28T09:00:00+00:00,,UNKNOWN,,,,UNKNOWN,UNKNOWN,,UNKNOWN,,,,,,,,,,,,,,,,,,,,,,,,,,,,,,,,False,False,UNKNOWN,False,False
2018082806,2018-08-28 18:00:00,福岡ソフトバンクホークス,千葉ロッテマリーンズ,1.0,2.0,UNKNOWN,福岡 ヤフオク!ドーム,unknown,low,False,False,,,[],[],,,,,0,light,2018-08-28T09:00:00+00:00,,UNKNOWN,,,,UNKNOWN,UNKNOWN,,UNKNOWN,,,,,,,,,,,,,,,,,,,,,,,,,,,,,,,,False,False,UNKNOWN,False,False
2018082805,2018-08-28 18:30:00,オリックス・バファローズ,北海道日本ハムファイターズ,0.0,4.0,UNKNOWN,KIRISHIMAサンマリンスタジアム宮崎,excluded,high,False,False,,,[],[],,,,,0,light,2018-08-28T09:30:00+00:00,,UNKNOWN,,,,UNKNOWN,UNKNOWN,,UNKNOWN,,,,,,,,,,,,,,,,,,,,,,,,,,,,,,,,False,False,UNKNOWN,False,False
2018082901,2018-08-29 18:00:00,読売ジャイアンツ,広島東洋カープ,4.0,5.0,UNKNOWN,東京ドーム,unknown,low,False,False,,,[],[],,,,,0,light,2018-08-29T09:00:00+00:00,,UNKNOWN,,,,UNKNOWN,UNKNOWN,,UNKNOWN,,,,,,,,,,,,,,,,,,,,,,,,,,,,,,,,False,False,UNKNOWN,False,False
2018082902,2018-08-29 18:00:00,横浜DeNAベイスターズ,中日ドラゴンズ,3.0,7.0,UNKNOWN,横浜スタジアム,unknown,low,False,False,,,[],[],,,,,0,light,2018-08-29T09:00:00+00:00,,UNKNOWN,,,,UNKNOWN,UNKNOWN,,UNKNOWN,,,,,,,,,,,,,,,,,,,,,,,,,,,,,,,,False,False,UNKNOWN,False,False
2018082903,2018-08-29 18:00:00,阪神タイガース,東京ヤクルトスワローズ,2.0,4.0,UNKNOWN,阪神甲子園球場,unknown,low,False,False,,,[],[],,,,,0,light,2018-08-29T09:00:00+00:00,,UNKNOWN,,,,UNKNOWN,UNKNOWN,,UNKNOWN,,,,,,,,,,,,,,,,,,,,,,,,,,,,,,,,False,False,UNKNOWN,False,False
2018082904,2018-08-29 18:00:00,埼玉西武ライオンズ,東北楽天ゴールデンイーグルス,5.0,4.0,UNKNOWN,埼玉県営大宮公園野球場,unknown,low,False,False,,,[],[],,,,,0,light,2018-08-29T09:00:00+00:00,,UNKNOWN,,,,UNKNOWN,UNKNOWN,,UNKNOWN,,,,,,,,,,,,,,,,,,,,,,,,,,,,,,,,False,False,UNKNOWN,False,False
2018082905,2018-08-29 18:00:00,福岡ソフトバンクホークス,千葉ロッテマリーンズ,7.0,0.0,UNKNOWN,福岡 ヤフオク!ドーム,unknown,low,False,False,,,[],[],,,,,0,light,2018-08-29T09:00:00+00:00,,UNKNOWN,,,,UNKNOWN,UNKNOWN,,UNKNOWN,,,,,,,,,,,,,,,,,,,,,,,,,,,,,,,,False,False,UNKNOWN,False,False
2018083001,2018-08-30 18:00:00,読売ジャイアンツ,広島東洋カープ,2.0,6.0,UNKNOWN,東京ドーム,excluded,high,False,False,,,[],[],,,,,0,light,2018-08-30T09:00:00+00:00,,UNKNOWN,,,,UNKNOWN,UNKNOWN,,UNKNOWN,,,,,,,,,,,,,,,,,,,,,,,,,,,,,,,,False,False,UNKNOWN,False,False
2018083002,2018-08-30 18:00:00,横浜DeNAベイスターズ,中日ドラゴンズ,4.0,1.0,UNKNOWN,横浜スタジアム,unknown,low,False,False,,,[],[],,,,,0,light,2018-08-30T09:00:00+00:00,,UNKNOWN,,,,UNKNOWN,UNKNOWN,,UNKNOWN,,,,,,,,,,,,,,,,,,,,,,,,,,,,,,,,False,False,UNKNOWN,False,False
2018083003,2018-08-30 18:00:00,阪神タイガース,東京ヤクルトスワローズ,1.0,3.0,UNKNOWN,阪神甲子園球場,unknown,low,False,False,,,[],[],,,,,0,light,2018-08-30T09:00:00+00:00,,UNKNOWN,,,,UNKNOWN,UNKNOWN,,UNKNOWN,,,,,,,,,,,,,,,,,,,,,,,,,,,,,,,,False,False,UNKNOWN,False,False
2018083101,2018-08-31 18:00:00,東京ヤクルトスワローズ,広島東洋カープ,5.0,6.0,UNKNOWN,明治神宮野球場,unknown,low,False,False,,,[],[],,,,,0,light,2018-08-31T09:00:00+00:00,,UNKNOWN,,,,UNKNOWN,UNKNOWN,,UNKNOWN,,,,,,,,,,,,,,,,,,,,,,,,,,,,,,,,False,False,UNKNOWN,False,False
2018083004,2018-08-30 18:00:00,オリックス・バファローズ,北海道日本ハムファイターズ,6.0,1.0,UNKNOWN,京セラドーム大阪,unknown,low,False,False,,,[],[],,,,,0,light,2018-08-30T09:00:00+00:00,,UNKNOWN,,,,UNKNOWN,UNKNOWN,,UNKNOWN,,,,,,,,,,,,,,,,,,,,,,,,,,,,,,,,False,False,UNKNOWN,False,False
2018083103,2018-08-31 18:00:00,阪神タイガース,横浜DeNAベイスターズ,1.0,4.0,UNKNOWN,阪神甲子園球場,unknown,low,False,False,,,[],[],,,,,0,light,2018-08-31T09:00:00+00:00,,UNKNOWN,,,,UNKNOWN,UNKNOWN,,UNKNOWN,,,,,,,,,,,,,,,,,,,,,,,,,,,,,,,,False,False,UNKNOWN,False,False
2018083102,2018-08-31 18:00:00,中日ドラゴンズ,読売ジャイアンツ,3.0,5.0,UNKNOWN,ナゴヤドーム,unknown,low,False,False,,,[],[],,,,,0,light,2018-08-31T09:00:00+00:00,,UNKNOWN,,,,UNKNOWN,UNKNOWN,,UNKNOWN,,,,,,,,,,,,,,,,,,,,,,,,,,,,,,,,False,False,UNKNOWN,False,False
2018083104,2018-08-31 18:00:00,東北楽天ゴールデンイーグルス,福岡ソフトバンクホークス,1.0,7.0,UNKNOWN,楽天生命パーク宮城,unknown,low,False,False,,,[],[],,,,,0,light,2018-08-31T09:00:00+00:00,,UNKNOWN,,,,UNKNOWN,UNKNOWN,,UNKNOWN,,,,,,,,,,,,,,,,,,,,,,,,,,,,,,,,False,False,UNKNOWN,False,False
2018083106,2018-08-31 18:00:00,オリックス・バファローズ,埼玉西武ライオンズ,0.0,1.0,UNKNOWN,京セラドーム大阪,unknown,low,False,False,,,[],[],,,,,0,light,2018-08-31T09:00:00+00:00,,UNKNOWN,,,,UNKNOWN,UNKNOWN,,UNKNOWN,,,,,,,,,,,,,,,,,,,,,,,,,,,,,,,,False,False,UNKNOWN,False,False
2018090102,2018-09-01 14:00:00,中日ドラゴンズ,読売ジャイアンツ,5.0,5.0,UNKNOWN,ナゴヤドーム,unknown,low,False,False,,,[],[],,,,,0,light,2018-09-01T05:00:00+00:00,,UNKNOWN,,,,UNKNOWN,UNKNOWN,,UNKNOWN,,,,,,,,,,,,,,,,,,,,,,,,,,,,,,,,False,False,UNKNOWN,False,False
2018083105,2018-08-31 18:30:00,千葉ロッテマリーンズ,北海道日本ハムファイターズ,2.0,7.0,UNKNOWN,ＺＯＺＯマリンスタジアム,unknown,low,False,False,,,[],[],,,,,0,light,2018-08-31T09:30:00+00:00,,UNKNOWN,,,,UNKNOWN,UNKNOWN,,UNKNOWN,,,,,,,,,,,,,,,,,,,,,,,,,,,,,,,,False,False,UNKNOWN,False,False
2018090106,2018-09-01 14:00:00,オリックス・バファローズ,埼玉西武ライオンズ,10.0,8.0,UNKNOWN,京セラドーム大阪,unknown,low,False,False,,,[],[],,,,,0,light,2018-09-01T05:00:00+00:00,,UNKNOWN,,,,UNKNOWN,UNKNOWN,,UNKNOWN,,,,,,,,,,,,,,,,,,,,,,,,,,,,,,,,False,False,UNKNOWN,False,False
2018090105,2018-09-01 17:00:00,千葉ロッテマリーンズ,北海道日本ハムファイターズ,3.0,4.0,UNKNOWN,ＺＯＺＯマリンスタジアム,unknown,low,False,False,,,[],[],,,,,0,light,2018-09-01T08:00:00+00:00,,UNKNOWN,,,,UNKNOWN,UNKNOWN,,UNKNOWN,,,,,,,,,,,,,,,,,,,,,,,,,,,,,,,,False,False,UNKNOWN,False,False
2018090101,2018-09-01 18:00:00,東京ヤクルトスワローズ,広島東洋カープ,3.0,8.0,UNKNOWN,明治神宮野球場,unknown,low,False,False,,,[],[],,,,,0,light,2018-09-01T09:00:00+00:00,,UNKNOWN,,,,UNKNOWN,UNKNOWN,,UNKNOWN,,,,,,,,,,,,,,,,,,,,,,,,,,,,,,,,False,False,UNKNOWN,False,False
2018090103,2018-09-01 18:00:00,阪神タイガース,横浜DeNAベイスターズ,8.0,3.0,UNKNOWN,阪神甲子園球場,excluded,high,False,False,,,[],[],,,,,0,light,2018-09-01T09:00:00+00:00,,UNKNOWN,,,,UNKNOWN,UNKNOWN,,UNKNOWN,,,,,,,,,,,,,,,,,,,,,,,,,,,,,,,,False,False,UNKNOWN,False,False
2018090104,2018-09-01 18:00:00,東北楽天ゴールデンイーグルス,福岡ソフトバンクホークス,3.0,4.0,UNKNOWN,楽天生命パーク宮城,unknown,low,False,False,,,[],[],,,,,0,light,2018-09-01T09:00:00+00:00,,UNKNOWN,,,,UNKNOWN,UNKNOWN,,UNKNOWN,,,,,,,,,,,,,,,,,,,,,,,,,,,,,,,,False,False,UNKNOWN,False,False
2018090206,2018-09-02 13:00:00,オリックス・バファローズ,埼玉西武ライオンズ,5.0,1.0,UNKNOWN,京セラドーム大阪,unknown,low,False,False,,,[],[],,,,,0,light,2018-09-02T04:00:00+00:00,,UNKNOWN,,,,UNKNOWN,UNKNOWN,,UNKNOWN,,,,,,,,,,,,,,,,,,,,,,,,,,,,,,,,False,False,UNKNOWN,False,False
2018090204,2018-09-02 14:00:00,東北楽天ゴールデンイーグルス,福岡ソフトバンクホークス,0.0,12.0,UNKNOWN,楽天生命パーク宮城,unknown,low,False,False,,,[],[],,,,,0,light,2018-09-02T05:00:00+00:00,,UNKNOWN,,,,UNKNOWN,UNKNOWN,,UNKNOWN,,,,,,,,,,,,,,,,,,,,,,,,,,,,,,,,False,False,UNKNOWN,False,False
2018090202,2018-09-02 14:00:00,中日ドラゴンズ,読売ジャイアンツ,9.0,13.0,UNKNOWN,ナゴヤドーム,unknown,low,False,False,,,[],[],,,,,0,light,2018-09-02T05:00:00+00:00,,UNKNOWN,,,,UNKNOWN,UNKNOWN,,UNKNOWN,,,,,,,,,,,,,,,,,,,,,,,,,,,,,,,,False,False,UNKNOWN,False,False
2018090201,2018-09-02 17:00:00,東京ヤクルトスワローズ,広島東洋カープ,3.0,7.0,UNKNOWN,明治神宮野球場,unknown,low,False,False,,,[],[],,,,,0,light,2018-09-02T08:00:00+00:00,,UNKNOWN,,,,UNKNOWN,UNKNOWN,,UNKNOWN,,,,,,,,,,,,,,,,,,,,,,,,,,,,,,,,False,False,UNKNOWN,False,False
2018090205,2018-09-02 17:00:00,千葉ロッテマリーンズ,北海道日本ハムファイターズ,2.0,3.0,UNKNOWN,ＺＯＺＯマリンスタジアム,unknown,low,False,False,,,[],[],,,,,0,light,2018-09-02T08:00:00+00:00,,UNKNOWN,,,,UNKNOWN,UNKNOWN,,UNKNOWN,,,,,,,,,,,,,,,,,,,,,,,,,,,,,,,,False,False,UNKNOWN,False,False
2018090203,2018-09-02 18:00:00,阪神タイガース,横浜DeNAベイスターズ,12.0,3.0,UNKNOWN,阪神甲子園球場,excluded,high,False,False,,,[],[],,,,,0,light,2018-09-02T09:00:00+00:00,,UNKNOWN,,,,UNKNOWN,UNKNOWN,,UNKNOWN,,,,,,,,,,,,,,,,,,,,,,,,,,,,,,,,False,False,UNKNOWN,False,False
2018090402,2018-09-04 18:00:00,東京ヤクルトスワローズ,中日ドラゴンズ,12.0,9.0,UNKNOWN,明治神宮野球場,unknown,low,False,False,,,[],[],,,,,0,light,2018-09-04T09:00:00+00:00,,UNKNOWN,,,,UNKNOWN,UNKNOWN,,UNKNOWN,,,,,,,,,,,,,,,,,,,,,,,,,,,,,,,,False,False,UNKNOWN,False,False
2018090403,2018-09-04 18:00:00,広島東洋カープ,阪神タイガース,5.0,4.0,UNKNOWN,ＭＡＺＤＡ　Ｚｏｏｍ－Ｚｏｏｍ　スタジアム広島,unknown,low,False,False,,,[],[],,,,,0,light,2018-09-04T09:00:00+00:00,,UNKNOWN,,,,UNKNOWN,UNKNOWN,,UNKNOWN,,,,,,,,,,,,,,,,,,,,,,,,,,,,,,,,False,False,UNKNOWN,False,False
2018090404,2018-09-04 18:00:00,北海道日本ハムファイターズ,埼玉西武ライオンズ,3.0,7.0,UNKNOWN,旭川市花咲スポーツ公園硬式野球場,unknown,low,False,False,,,[],[],,,,,0,light,2018-09-04T09:00:00+00:00,,UNKNOWN,,,,UNKNOWN,UNKNOWN,,UNKNOWN,,,,,,,,,,,,,,,,,,,,,,,,,,,,,,,,False,False,UNKNOWN,False,False
2018090501,2018-09-05 18:00:00,読売ジャイアンツ,横浜DeNAベイスターズ,3.0,6.0,UNKNOWN,富山市民球場アルペンスタジアム,unknown,low,False,False,,,[],[],,,,,0,light,2018-09-05T09:00:00+00:00,,UNKNOWN,,,,UNKNOWN,UNKNOWN,,UNKNOWN,,,,,,,,,,,,,,,,,,,,,,,,,,,,,,,,False,False,UNKNOWN,False,False
2018090502,2018-09-05 18:00:00,東京ヤクルトスワローズ,中日ドラゴンズ,6.0,5.0,UNKNOWN,明治神宮野球場,excluded,high,False,False,,,[],[],,,,,0,light,2018-09-05T09:00:00+00:00,,UNKNOWN,,,,UNKNOWN,UNKNOWN,,UNKNOWN,,,,,,,,,,,,,,,,,,,,,,,,,,,,,,,,False,False,UNKNOWN,False,False
2018090503,2018-09-05 18:00:00,広島東洋カープ,阪神タイガース,3.0,11.0,UNKNOWN,ＭＡＺＤＡ　Ｚｏｏｍ－Ｚｏｏｍ　スタジアム広島,unknown,low,False,False,,,[],[],,,,,0,light,2018-09-05T09:00:00+00:00,,UNKNOWN,,,,UNKNOWN,UNKNOWN,,UNKNOWN,,,,,,,,,,,,,,,,,,,,,,,,,,,,,,,,False,False,UNKNOWN,False,False
2018090504,2018-09-05 18:00:00,北海道日本ハムファイターズ,埼玉西武ライオンズ,4.0,0.0,UNKNOWN,旭川市花咲スポーツ公園硬式野球場,unknown,low,False,False,,,[],[],,,,,0,light,2018-09-05T09:00:00+00:00,,UNKNOWN,,,,UNKNOWN,UNKNOWN,,UNKNOWN,,,,,,,,,,,,,,,,,,,,,,,,,,,,,,,,False,False,UNKNOWN,False,False
2018090506,2018-09-05 18:00:00,オリックス・バファローズ,東北楽天ゴールデンイーグルス,8.0,9.0,UNKNOWN,ほっともっとフィールド神戸,unknown,low,False,False,,,[],[],,,,,0,light,2018-09-05T09:00:00+00:00,,UNKNOWN,,,,UNKNOWN,UNKNOWN,,UNKNOWN,,,,,,,,,,,,,,,,,,,,,,,,,,,,,,,,False,False,UNKNOWN,False,False
2018090505,2018-09-05 18:15:00,千葉ロッテマリーンズ,福岡ソフトバンクホークス,11.0,3.0,UNKNOWN,ＺＯＺＯマリンスタジアム,unknown,low,False,False,,,[],[],,,,,0,light,2018-09-05T09:15:00+00:00,,UNKNOWN,,,,UNKNOWN,UNKNOWN,,UNKNOWN,,,,,,,,,,,,,,,,,,,,,,,,,,,,,,,,False,False,UNKNOWN,False,False
2018090602,2018-09-06 18:00:00,広島東洋カープ,阪神タイガース,3.0,13.0,UNKNOWN,ＭＡＺＤＡ　Ｚｏｏｍ－Ｚｏｏｍ　スタジアム広島,unknown,low,False,False,,,[],[],,,,,0,light,2018-09-06T09:00:00+00:00,,UNKNOWN,,,,UNKNOWN,UNKNOWN,,UNKNOWN,,,,,,,,,,,,,,,,,,,,,,,,,,,,,,,,False,False,UNKNOWN,False,False
2018090601,2018-09-06 18:00:00,東京ヤクルトスワローズ,中日ドラゴンズ,3.0,9.0,UNKNOWN,明治神宮野球場,unknown,low,False,False,,,[],[],,,,,0,light,2018-09-06T09:00:00+00:00,,UNKNOWN,,,,UNKNOWN,UNKNOWN,,UNKNOWN,,,,,,,,,,,,,,,,,,,,,,,,,,,,,,,,False,False,UNKNOWN,False,False
2018090604,2018-09-06 18:00:00,オリックス・バファローズ,東北楽天ゴールデンイーグルス,0.0,4.0,UNKNOWN,ほっともっとフィールド神戸,unknown,low,False,False,,,[],[],,,,,0,light,2018-09-06T09:00:00+00:00,,UNKNOWN,,,,UNKNOWN,UNKNOWN,,UNKNOWN,,,,,,,,,,,,,,,,,,,,,,,,,,,,,,,,False,False,UNKNOWN,False,False
2018090603,2018-09-06 18:15:00,千葉ロッテマリーンズ,福岡ソフトバンクホークス,1.0,2.0,UNKNOWN,ＺＯＺＯマリンスタジアム,excluded,high,False,False,,,[],[],,,,,0,light,2018-09-06T09:15:00+00:00,,UNKNOWN,,,,UNKNOWN,UNKNOWN,,UNKNOWN,,,,,,,,,,,,,,,,,,,,,,,,,,,,,,,,False,False,UNKNOWN,False,False
2018090701,2018-09-07 18:00:00,横浜DeNAベイスターズ,東京ヤクルトスワローズ,4.0,1.0,UNKNOWN,横浜スタジアム,unknown,low,False,False,,,[],[],,,,,0,light,2018-09-07T09:00:00+00:00,,UNKNOWN,,,,UNKNOWN,UNKNOWN,,UNKNOWN,,,,,,,,,,,,,,,,,,,,,,,,,,,,,,,,False,False,UNKNOWN,False,False
2018090702,2018-09-07 18:00:00,中日ドラゴンズ,広島東洋カープ,3.0,0.0,UNKNOWN,ナゴヤドーム,unknown,low,False,False,,,[],[],,,,,0,light,2018-09-07T09:00:00+00:00,,UNKNOWN,,,,UNKNOWN,UNKNOWN,,UNKNOWN,,,,,,,,,,,,,,,,,,,,,,,,,,,,,,,,False,False,UNKNOWN,False,False
2018090704,2018-09-07 18:00:00,埼玉西武ライオンズ,千葉ロッテマリーンズ,10.0,4.0,UNKNOWN,メットライフドーム,unknown,low,False,False,,,[],[],,,,,0,light,2018-09-07T09:00:00+00:00,,UNKNOWN,,,,UNKNOWN,UNKNOWN,,UNKNOWN,,,,,,,,,,,,,,,,,,,,,,,,,,,,,,,,False,False,UNKNOWN,False,False
2018090705,2018-09-07 18:00:00,福岡ソフトバンクホークス,オリックス・バファローズ,1.0,3.0,UNKNOWN,福岡 ヤフオク!ドーム,unknown,low,False,False,,,[],[],,,,,0,light,2018-09-07T09:00:00+00:00,,UNKNOWN,,,,UNKNOWN,UNKNOWN,,UNKNOWN,,,,,,,,,,,,,,,,,,,,,,,,,,,,,,,,False,False,UNKNOWN,False,False
2018090802,2018-09-08 14:00:00,中日ドラゴンズ,広島東洋カープ,6.0,5.0,UNKNOWN,ナゴヤドーム,unknown,low,False,False,,,[],[],,,,,0,light,2018-09-08T05:00:00+00:00,,UNKNOWN,,,,UNKNOWN,UNKNOWN,,UNKNOWN,,,,,,,,,,,,,,,,,,,,,,,,,,,,,,,,False,False,UNKNOWN,False,False
2018090803,2018-09-08 14:00:00,阪神タイガース,読売ジャイアンツ,2.0,7.0,UNKNOWN,阪神甲子園球場,unknown,low,False,False,,,[],[],,,,,0,light,2018-09-08T05:00:00+00:00,,UNKNOWN,,,,UNKNOWN,UNKNOWN,,UNKNOWN,,,,,,,,,,,,,,,,,,,,,,,,,,,,,,,,False,False,UNKNOWN,False,False
2018090804,2018-09-08 14:00:00,東北楽天ゴールデンイーグルス,北海道日本ハムファイターズ,9.0,4.0,UNKNOWN,楽天生命パーク宮城,unknown,low,False,False,,,[],[],,,,,0,light,2018-09-08T05:00:00+00:00,,UNKNOWN,,,,UNKNOWN,UNKNOWN,,UNKNOWN,,,,,,,,,,,,,,,,,,,,,,,,,,,,,,,,False,False,UNKNOWN,False,False
2018090805,2018-09-08 14:00:00,埼玉西武ライオンズ,千葉ロッテマリーンズ,9.0,13.0,UNKNOWN,メットライフドーム,unknown,low,False,False,,,[],[],,,,,0,light,2018-09-08T05:00:00+00:00,,UNKNOWN,,,,UNKNOWN,UNKNOWN,,UNKNOWN,,,,,,,,,,,,,,,,,,,,,,,,,,,,,,,,False,False,UNKNOWN,False,False
2018090801,2018-09-08 18:00:00,横浜DeNAベイスターズ,東京ヤクルトスワローズ,6.0,7.0,UNKNOWN,横浜スタジアム,unknown,low,False,False,,,[],[],,,,,0,light,2018-09-08T09:00:00+00:00,,UNKNOWN,,,,UNKNOWN,UNKNOWN,,UNKNOWN,,,,,,,,,,,,,,,,,,,,,,,,,,,,,,,,False,False,UNKNOWN,False,False
2018090806,2018-09-08 14:00:00,福岡ソフトバンクホークス,オリックス・バファローズ,12.0,0.0,UNKNOWN,福岡 ヤフオク!ドーム,unknown,low,False,False,,,[],[],,,,,0,light,2018-09-08T05:00:00+00:00,,UNKNOWN,,,,UNKNOWN,UNKNOWN,,UNKNOWN,,,,,,,,,,,,,,,,,,,,,,,,,,,,,,,,False,False,UNKNOWN,False,False
2018090905,2018-09-09 13:00:00,埼玉西武ライオンズ,千葉ロッテマリーンズ,6.0,2.0,UNKNOWN,メットライフドーム,unknown,low,False,False,,,[],[],,,,,0,light,2018-09-09T04:00:00+00:00,,UNKNOWN,,,,UNKNOWN,UNKNOWN,,UNKNOWN,,,,,,,,,,,,,,,,,,,,,,,,,,,,,,,,False,False,UNKNOWN,False,False
2018090904,2018-09-09 13:00:00,東北楽天ゴールデンイーグルス,北海道日本ハムファイターズ,1.0,3.0,UNKNOWN,楽天生命パーク宮城,unknown,low,False,False,,,[],[],,,,,0,light,2018-09-09T04:00:00+00:00,,UNKNOWN,,,,UNKNOWN,UNKNOWN,,UNKNOWN,,,,,,,,,,,,,,,,,,,,,,,,,,,,,,,,False,False,UNKNOWN,False,False
2018090906,2018-09-09 13:00:00,福岡ソフトバンクホークス,オリックス・バファローズ,1.0,0.0,UNKNOWN,福岡 ヤフオク!ドーム,unknown,low,False,False,,,[],[],,,,,0,light,2018-09-09T04:00:00+00:00,,UNKNOWN,,,,UNKNOWN,UNKNOWN,,UNKNOWN,,,,,,,,,,,,,,,,,,,,,,,,,,,,,,,,False,False,UNKNOWN,False,False
2018090902,2018-09-09 14:00:00,中日ドラゴンズ,広島東洋カープ,4.0,3.0,UNKNOWN,ナゴヤドーム,excluded,high,False,False,,,[],[],,,,,0,light,2018-09-09T05:00:00+00:00,,UNKNOWN,,,,UNKNOWN,UNKNOWN,,UNKNOWN,,,,,,,,,,,,,,,,,,,,,,,,,,,,,,,,False,False,UNKNOWN,False,False
2018090903,2018-09-09 14:00:00,阪神タイガース,読売ジャイアンツ,0.0,2.0,UNKNOWN,阪神甲子園球場,unknown,low,False,False,,,[],[],,,,,0,light,2018-09-09T05:00:00+00:00,,UNKNOWN,,,,UNKNOWN,UNKNOWN,,UNKNOWN,,,,,,,,,,,,,,,,,,,,,,,,,,,,,,,,False,False,UNKNOWN,False,False
2018090901,2018-09-09 18:00:00,横浜DeNAベイスターズ,東京ヤクルトスワローズ,7.0,3.0,UNKNOWN,横浜スタジアム,unknown,low,False,False,,,[],[],,,,,0,light,2018-09-09T09:00:00+00:00,,UNKNOWN,,,,UNKNOWN,UNKNOWN,,UNKNOWN,,,,,,,,,,,,,,,,,,,,,,,,,,,,,,,,False,False,UNKNOWN,False,False
2018091101,2018-09-11 18:00:00,読売ジャイアンツ,東京ヤクルトスワローズ,1.0,4.0,UNKNOWN,東京ドーム,unknown,low,False,False,,,[],[],,,,,0,light,2018-09-11T09:00:00+00:00,,UNKNOWN,,,,UNKNOWN,UNKNOWN,,UNKNOWN,,,,,,,,,,,,,,,,,,,,,,,,,,,,,,,,False,False,UNKNOWN,False,False
2018091102,2018-09-11 18:00:00,阪神タイガース,中日ドラゴンズ,6.0,7.0,UNKNOWN,阪神甲子園球場,unknown,low,False,False,,,[],[],,,,,0,light,2018-09-11T09:00:00+00:00,,UNKNOWN,,,,UNKNOWN,UNKNOWN,,UNKNOWN,,,,,,,,,,,,,,,,,,,,,,,,,,,,,,,,False,False,UNKNOWN,False,False
2018091105,2018-09-11 18:00:00,東北楽天ゴールデンイーグルス,福岡ソフトバンクホークス,1.0,6.0,UNKNOWN,楽天生命パーク宮城,excluded,high,False,False,,,[],[],,,,,0,light,2018-09-11T09:00:00+00:00,,UNKNOWN,,,,UNKNOWN,UNKNOWN,,UNKNOWN,,,,,,,,,,,,,,,,,,,,,,,,,,,,,,,,False,False,UNKNOWN,False,False
2018091103,2018-09-11 18:00:00,広島東洋カープ,横浜DeNAベイスターズ,4.0,5.0,UNKNOWN,ＭＡＺＤＡ　Ｚｏｏｍ－Ｚｏｏｍ　スタジアム広島,allstar,high,False,True,,,[],[],,,,,0,light,2018-09-11T09:00:00+00:00,,UNKNOWN,,,,UNKNOWN,UNKNOWN,,UNKNOWN,,,,,,,,,,,,,,,,,,,,,,,,,,,,,,,,False,False,UNKNOWN,False,False
2018091106,2018-09-11 18:00:00,オリックス・バファローズ,埼玉西武ライオンズ,0.0,7.0,UNKNOWN,ほっともっとフィールド神戸,unknown,low,False,False,,,[],[],,,,,0,light,2018-09-11T09:00:00+00:00,,UNKNOWN,,,,UNKNOWN,UNKNOWN,,UNKNOWN,,,,,,,,,,,,,,,,,,,,,,,,,,,,,,,,False,False,UNKNOWN,False,False
2018091201,2018-09-12 18:00:00,読売ジャイアンツ,東京ヤクルトスワローズ,1.0,1.0,UNKNOWN,東京ドーム,unknown,low,False,False,,,[],[],,,,,0,light,2018-09-12T09:00:00+00:00,,UNKNOWN,,,,UNKNOWN,UNKNOWN,,UNKNOWN,,,,,,,,,,,,,,,,,,,,,,,,,,,,,,,,False,False,UNKNOWN,False,False
2018091202,2018-09-12 18:00:00,阪神タイガース,中日ドラゴンズ,8.0,5.0,UNKNOWN,阪神甲子園球場,unknown,low,False,False,,,[],[],,,,,0,light,2018-09-12T09:00:00+00:00,,UNKNOWN,,,,UNKNOWN,UNKNOWN,,UNKNOWN,,,,,,,,,,,,,,,,,,,,,,,,,,,,,,,,False,False,UNKNOWN,False,False
2018091203,2018-09-12 18:00:00,広島東洋カープ,横浜DeNAベイスターズ,7.0,2.0,UNKNOWN,ＭＡＺＤＡ　Ｚｏｏｍ－Ｚｏｏｍ　スタジアム広島,unknown,low,False,False,,,[],[],,,,,0,light,2018-09-12T09:00:00+00:00,,UNKNOWN,,,,UNKNOWN,UNKNOWN,,UNKNOWN,,,,,,,,,,,,,,,,,,,,,,,,,,,,,,,,False,False,UNKNOWN,False,False
2018091205,2018-09-12 18:00:00,東北楽天ゴールデンイーグルス,福岡ソフトバンクホークス,2.0,13.0,UNKNOWN,楽天生命パーク宮城,unknown,low,False,False,,,[],[],,,,,0,light,2018-09-12T09:00:00+00:00,,UNKNOWN,,,,UNKNOWN,UNKNOWN,,UNKNOWN,,,,,,,,,,,,,,,,,,,,,,,,,,,,,,,,False,False,UNKNOWN,False,False
2018091206,2018-09-12 18:00:00,オリックス・バファローズ,埼玉西武ライオンズ,7.0,0.0,UNKNOWN,ほっともっとフィールド神戸,unknown,low,False,False,,,[],[],,,,,0,light,2018-09-12T09:00:00+00:00,,UNKNOWN,,,,UNKNOWN,UNKNOWN,,UNKNOWN,,,,,,,,,,,,,,,,,,,,,,,,,,,,,,,,False,False,UNKNOWN,False,False
2018091301,2018-09-13 18:00:00,読売ジャイアンツ,東京ヤクルトスワローズ,2.0,4.0,UNKNOWN,東京ドーム,excluded,high,False,False,,,[],[],,,,,0,light,2018-09-13T09:00:00+00:00,,UNKNOWN,,,,UNKNOWN,UNKNOWN,,UNKNOWN,,,,,,,,,,,,,,,,,,,,,,,,,,,,,,,,False,False,UNKNOWN,False,False
2018091302,2018-09-13 18:00:00,阪神タイガース,中日ドラゴンズ,2.0,6.0,UNKNOWN,阪神甲子園球場,unknown,low,False,False,,,[],[],,,,,0,light,2018-09-13T09:00:00+00:00,,UNKNOWN,,,,UNKNOWN,UNKNOWN,,UNKNOWN,,,,,,,,,,,,,,,,,,,,,,,,,,,,,,,,False,False,UNKNOWN,False,False
2018091401,2018-09-14 18:00:00,横浜DeNAベイスターズ,読売ジャイアンツ,4.0,2.0,UNKNOWN,横浜スタジアム,unknown,low,False,False,,,[],[],,,,,0,light,2018-09-14T09:00:00+00:00,,UNKNOWN,,,,UNKNOWN,UNKNOWN,,UNKNOWN,,,,,,,,,,,,,,,,,,,,,,,,,,,,,,,,False,False,UNKNOWN,False,False
2018091303,2018-09-13 18:00:00,広島東洋カープ,横浜DeNAベイスターズ,4.0,0.0,UNKNOWN,ＭＡＺＤＡ　Ｚｏｏｍ－Ｚｏｏｍ　スタジアム広島,excluded,high,False,False,,,[],[],,,,,0,light,2018-09-13T09:00:00+00:00,,UNKNOWN,,,,UNKNOWN,UNKNOWN,,UNKNOWN,,,,,,,,,,,,,,,,,,,,,,,,,,,,,,,,False,False,UNKNOWN,False,False
2018091402,2018-09-14 18:00:00,阪神タイガース,東京ヤクルトスワローズ,0.0,4.0,UNKNOWN,阪神甲子園球場,unknown,low,False,False,,,[],[],,,,,0,light,2018-09-14T09:00:00+00:00,,UNKNOWN,,,,UNKNOWN,UNKNOWN,,UNKNOWN,,,,,,,,,,,,,,,,,,,,,,,,,,,,,,,,False,False,UNKNOWN,False,False
2018091403,2018-09-14 18:00:00,北海道日本ハムファイターズ,オリックス・バファローズ,4.0,3.0,UNKNOWN,札幌ドーム,excluded,high,False,False,,,[],[],,,,,0,light,2018-09-14T09:00:00+00:00,,UNKNOWN,,,,UNKNOWN,UNKNOWN,,UNKNOWN,,,,,,,,,,,,,,,,,,,,,,,,,,,,,,,,False,False,UNKNOWN,False,False
2018091404,2018-09-14 18:00:00,埼玉西武ライオンズ,東北楽天ゴールデンイーグルス,10.0,5.0,UNKNOWN,メットライフドーム,unknown,low,False,False,,,[],[],,,,,0,light,2018-09-14T09:00:00+00:00,,UNKNOWN,,,,UNKNOWN,UNKNOWN,,UNKNOWN,,,,,,,,,,,,,,,,,,,,,,,,,,,,,,,,False,False,UNKNOWN,False,False
2018091503,2018-09-15 13:30:00,広島東洋カープ,中日ドラゴンズ,5.0,7.0,UNKNOWN,ＭＡＺＤＡ　Ｚｏｏｍ－Ｚｏｏｍ　スタジアム広島,unknown,low,False,False,,,[],[],,,,,0,light,2018-09-15T04:30:00+00:00,,UNKNOWN,,,,UNKNOWN,UNKNOWN,,UNKNOWN,,,,,,,,,,,,,,,,,,,,,,,,,,,,,,,,False,False,UNKNOWN,False,False
2018091501,2018-09-15 14:00:00,横浜DeNAベイスターズ,読売ジャイアンツ,3.0,1.0,UNKNOWN,横浜スタジアム,unknown,low,False,False,,,[],[],,,,,0,light,2018-09-15T05:00:00+00:00,,UNKNOWN,,,,UNKNOWN,UNKNOWN,,UNKNOWN,,,,,,,,,,,,,,,,,,,,,,,,,,,,,,,,False,False,UNKNOWN,False,False
2018091502,2018-09-15 14:00:00,阪神タイガース,東京ヤクルトスワローズ,4.0,6.0,UNKNOWN,阪神甲子園球場,unknown,low,False,False,,,[],[],,,,,0,light,2018-09-15T05:00:00+00:00,,UNKNOWN,,,,UNKNOWN,UNKNOWN,,UNKNOWN,,,,,,,,,,,,,,,,,,,,,,,,,,,,,,,,False,False,UNKNOWN,False,False
2018091504,2018-09-15 14:00:00,北海道日本ハムファイターズ,オリックス・バファローズ,0.0,10.0,UNKNOWN,札幌ドーム,unknown,low,False,False,,,[],[],,,,,0,light,2018-09-15T05:00:00+00:00,,UNKNOWN,,,,UNKNOWN,UNKNOWN,,UNKNOWN,,,,,,,,,,,,,,,,,,,,,,,,,,,,,,,,False,False,UNKNOWN,False,False
2018091505,2018-09-15 14:00:00,埼玉西武ライオンズ,福岡ソフトバンクホークス,11.0,5.0,UNKNOWN,メットライフドーム,unknown,low,False,False,,,[],[],,,,,0,light,2018-09-15T05:00:00+00:00,,UNKNOWN,,,,UNKNOWN,UNKNOWN,,UNKNOWN,,,,,,,,,,,,,,,,,,,,,,,,,,,,,,,,False,False,UNKNOWN,False,False
2018091506,2018-09-15 14:00:00,千葉ロッテマリーンズ,東北楽天ゴールデンイーグルス,3.0,10.0,UNKNOWN,ＺＯＺＯマリンスタジアム,unknown,low,False,False,,,[],[],,,,,0,light,2018-09-15T05:00:00+00:00,,UNKNOWN,,,,UNKNOWN,UNKNOWN,,UNKNOWN,,,,,,,,,,,,,,,,,,,,,,,,,,,,,,,,False,False,UNKNOWN,False,False
2018091605,2018-09-16 13:00:00,埼玉西武ライオンズ,福岡ソフトバンクホークス,8.0,5.0,UNKNOWN,メットライフドーム,unknown,low,False,False,,,[],[],,,,,0,light,2018-09-16T04:00:00+00:00,,UNKNOWN,,,,UNKNOWN,UNKNOWN,,UNKNOWN,,,,,,,,,,,,,,,,,,,,,,,,,,,,,,,,False,False,UNKNOWN,False,False
2018091604,2018-09-16 14:00:00,北海道日本ハムファイターズ,オリックス・バファローズ,4.0,8.0,UNKNOWN,札幌ドーム,unknown,low,False,False,,,[],[],,,,,0,light,2018-09-16T05:00:00+00:00,,UNKNOWN,,,,UNKNOWN,UNKNOWN,,UNKNOWN,,,,,,,,,,,,,,,,,,,,,,,,,,,,,,,,False,False,UNKNOWN,False,False
2018091603,2018-09-16 14:00:00,横浜DeNAベイスターズ,阪神タイガース,4.0,20.0,UNKNOWN,横浜スタジアム,unknown,low,False,False,,,[],[],,,,,0,light,2018-09-16T05:00:00+00:00,,UNKNOWN,,,,UNKNOWN,UNKNOWN,,UNKNOWN,,,,,,,,,,,,,,,,,,,,,,,,,,,,,,,,False,False,UNKNOWN,False,False
2018091606,2018-09-16 14:00:00,千葉ロッテマリーンズ,東北楽天ゴールデンイーグルス,1.0,3.0,UNKNOWN,ＺＯＺＯマリンスタジアム,unknown,low,False,False,,,[],[],,,,,0,light,2018-09-16T05:00:00+00:00,,UNKNOWN,,,,UNKNOWN,UNKNOWN,,UNKNOWN,,,,,,,,,,,,,,,,,,,,,,,,,,,,,,,,False,False,UNKNOWN,False,False
2018091601,2018-09-16 18:00:00,読売ジャイアンツ,中日ドラゴンズ,11.0,3.0,UNKNOWN,東京ドーム,unknown,low,False,False,,,[],[],,,,,0,light,2018-09-16T09:00:00+00:00,,UNKNOWN,,,,UNKNOWN,UNKNOWN,,UNKNOWN,,,,,,,,,,,,,,,,,,,,,,,,,,,,,,,,False,False,UNKNOWN,False,False
2018091602,2018-09-16 18:00:00,東京ヤクルトスワローズ,広島東洋カープ,2.0,4.0,UNKNOWN,明治神宮野球場,unknown,low,False,False,,,[],[],,,,,0,light,2018-09-16T09:00:00+00:00,,UNKNOWN,,,,UNKNOWN,UNKNOWN,,UNKNOWN,,,,,,,,,,,,,,,,,,,,,,,,,,,,,,,,False,False,UNKNOWN,False,False
2018091702,2018-09-17 13:00:00,横浜DeNAベイスターズ,阪神タイガース,6.0,4.0,UNKNOWN,横浜スタジアム,unknown,low,False,False,,,[],[],,,,,0,light,2018-09-17T04:00:00+00:00,,UNKNOWN,,,,UNKNOWN,UNKNOWN,,UNKNOWN,,,,,,,,,,,,,,,,,,,,,,,,,,,,,,,,False,False,UNKNOWN,False,False
2018091704,2018-09-17 13:00:00,埼玉西武ライオンズ,福岡ソフトバンクホークス,8.0,1.0,UNKNOWN,メットライフドーム,unknown,low,False,False,,,[],[],,,,,0,light,2018-09-17T04:00:00+00:00,,UNKNOWN,,,,UNKNOWN,UNKNOWN,,UNKNOWN,,,,,,,,,,,,,,,,,,,,,,,,,,,,,,,,False,False,UNKNOWN,False,False
2018091703,2018-09-17 13:00:00,北海道日本ハムファイターズ,オリックス・バファローズ,4.0,2.0,UNKNOWN,札幌ドーム,unknown,low,False,False,,,[],[],,,,,0,light,2018-09-17T04:00:00+00:00,,UNKNOWN,,,,UNKNOWN,UNKNOWN,,UNKNOWN,,,,,,,,,,,,,,,,,,,,,,,,,,,,,,,,False,False,UNKNOWN,False,False
2018091701,2018-09-17 14:00:00,読売ジャイアンツ,中日ドラゴンズ,2.0,4.0,UNKNOWN,東京ドーム,unknown,low,False,False,,,[],[],,,,,0,light,2018-09-17T05:00:00+00:00,,UNKNOWN,,,,UNKNOWN,UNKNOWN,,UNKNOWN,,,,,,,,,,,,,,,,,,,,,,,,,,,,,,,,False,False,UNKNOWN,False,False
2018091705,2018-09-17 14:00:00,千葉ロッテマリーンズ,東北楽天ゴールデンイーグルス,2.0,7.0,UNKNOWN,ＺＯＺＯマリンスタジアム,unknown,low,False,False,,,[],[],,,,,0,light,2018-09-17T05:00:00+00:00,,UNKNOWN,,,,UNKNOWN,UNKNOWN,,UNKNOWN,,,,,,,,,,,,,,,,,,,,,,,,,,,,,,,,False,False,UNKNOWN,False,False
2018091801,2018-09-18 18:00:00,埼玉西武ライオンズ,北海道日本ハムファイターズ,7.0,4.0,UNKNOWN,メットライフドーム,unknown,low,False,False,,,[],[],,,,,0,light,2018-09-18T09:00:00+00:00,,UNKNOWN,,,,UNKNOWN,UNKNOWN,,UNKNOWN,,,,,,,,,,,,,,,,,,,,,,,,,,,,,,,,False,False,UNKNOWN,False,False
2018091803,2018-09-18 18:00:00,オリックス・バファローズ,東北楽天ゴールデンイーグルス,5.0,3.0,UNKNOWN,京セラドーム大阪,unknown,low,False,False,,,[],[],,,,,0,light,2018-09-18T09:00:00+00:00,,UNKNOWN,,,,UNKNOWN,UNKNOWN,,UNKNOWN,,,,,,,,,,,,,,,,,,,,,,,,,,,,,,,,False,False,UNKNOWN,False,False
2018091802,2018-09-18 18:15:00,千葉ロッテマリーンズ,福岡ソフトバンクホークス,2.0,4.0,UNKNOWN,ＺＯＺＯマリンスタジアム,unknown,low,False,False,,,[],[],,,,,0,light,2018-09-18T09:15:00+00:00,,UNKNOWN,,,,UNKNOWN,UNKNOWN,,UNKNOWN,,,,,,,,,,,,,,,,,,,,,,,,,,,,,,,,False,False,UNKNOWN,False,False
2018091901,2018-09-19 18:00:00,読売ジャイアンツ,横浜DeNAベイスターズ,1.0,6.0,UNKNOWN,東京ドーム,unknown,low,False,False,,,[],[],,,,,0,light,2018-09-19T09:00:00+00:00,,UNKNOWN,,,,UNKNOWN,UNKNOWN,,UNKNOWN,,,,,,,,,,,,,,,,,,,,,,,,,,,,,,,,False,False,UNKNOWN,False,False
2018091902,2018-09-19 18:00:00,東京ヤクルトスワローズ,阪神タイガース,9.0,4.0,UNKNOWN,明治神宮野球場,unknown,low,False,False,,,[],[],,,,,0,light,2018-09-19T09:00:00+00:00,,UNKNOWN,,,,UNKNOWN,UNKNOWN,,UNKNOWN,,,,,,,,,,,,,,,,,,,,,,,,,,,,,,,,False,False,UNKNOWN,False,False
2018091905,2018-09-19 18:00:00,オリックス・バファローズ,東北楽天ゴールデンイーグルス,3.0,6.0,UNKNOWN,京セラドーム大阪,unknown,low,False,False,,,[],[],,,,,0,light,2018-09-19T09:00:00+00:00,,UNKNOWN,,,,UNKNOWN,UNKNOWN,,UNKNOWN,,,,,,,,,,,,,,,,,,,,,,,,,,,,,,,,False,False,UNKNOWN,False,False
2018091903,2018-09-19 18:00:00,埼玉西武ライオンズ,北海道日本ハムファイターズ,12.0,4.0,UNKNOWN,メットライフドーム,unknown,low,False,False,,,[],[],,,,,0,light,2018-09-19T09:00:00+00:00,,UNKNOWN,,,,UNKNOWN,UNKNOWN,,UNKNOWN,,,,,,,,,,,,,,,,,,,,,,,,,,,,,,,,False,False,UNKNOWN,False,False
2018091904,2018-09-19 18:15:00,千葉ロッテマリーンズ,福岡ソフトバンクホークス,0.0,3.0,UNKNOWN,ＺＯＺＯマリンスタジアム,unknown,low,False,False,,,[],[],,,,,0,light,2018-09-19T09:15:00+00:00,,UNKNOWN,,,,UNKNOWN,UNKNOWN,,UNKNOWN,,,,,,,,,,,,,,,,,,,,,,,,,,,,,,,,False,False,UNKNOWN,False,False
2018092002,2018-09-20 18:00:00,北海道日本ハムファイターズ,福岡ソフトバンクホークス,7.0,9.0,UNKNOWN,札幌ドーム,unknown,low,False,False,,,[],[],,,,,0,light,2018-09-20T09:00:00+00:00,,UNKNOWN,,,,UNKNOWN,UNKNOWN,,UNKNOWN,,,,,,,,,,,,,,,,,,,,,,,,,,,,,,,,False,False,UNKNOWN,False,False
2018092003,2018-09-20 18:00:00,広島東洋カープ,阪神タイガース,4.0,5.0,UNKNOWN,ＭＡＺＤＡ　Ｚｏｏｍ－Ｚｏｏｍ　スタジアム広島,unknown,low,False,False,,,[],[],,,,,0,light,2018-09-20T09:00:00+00:00,,UNKNOWN,,,,UNKNOWN,UNKNOWN,,UNKNOWN,,,,,,,,,,,,,,,,,,,,,,,,,,,,,,,,False,False,UNKNOWN,False,False
2018092103,2018-09-21 17:45:00,横浜DeNAベイスターズ,中日ドラゴンズ,9.0,1.0,UNKNOWN,横浜スタジアム,unknown,low,False,False,,,[],[],,,,,0,light,2018-09-21T08:45:00+00:00,,UNKNOWN,,,,UNKNOWN,UNKNOWN,,UNKNOWN,,,,,,,,,,,,,,,,,,,,,,,,,,,,,,,,False,False,UNKNOWN,False,False
2018092102,2018-09-21 18:00:00,広島東洋カープ,阪神タイガース,7.0,3.0,UNKNOWN,ＭＡＺＤＡ　Ｚｏｏｍ－Ｚｏｏｍ　スタジアム広島,unknown,low,False,False,,,[],[],,,,,0,light,2018-09-21T09:00:00+00:00,,UNKNOWN,,,,UNKNOWN,UNKNOWN,,UNKNOWN,,,,,,,,,,,,,,,,,,,,,,,,,,,,,,,,False,False,UNKNOWN,False,False
2018092101,2018-09-21 18:15:00,千葉ロッテマリーンズ,埼玉西武ライオンズ,4.0,7.0,UNKNOWN,ＺＯＺＯマリンスタジアム,excluded,high,False,False,,,[],[],,,,,0,light,2018-09-21T09:15:00+00:00,,UNKNOWN,,,,UNKNOWN,UNKNOWN,,UNKNOWN,,,,,,,,,,,,,,,,,,,,,,,,,,,,,,,,False,False,UNKNOWN,False,False
2018092204,2018-09-22 13:00:00,北海道日本ハムファイターズ,東北楽天ゴールデンイーグルス,5.0,1.0,UNKNOWN,札幌ドーム,unknown,low,False,False,,,[],[],,,,,0,light,2018-09-22T04:00:00+00:00,,UNKNOWN,,,,UNKNOWN,UNKNOWN,,UNKNOWN,,,,,,,,,,,,,,,,,,,,,,,,,,,,,,,,False,False,UNKNOWN,False,False
2018092203,2018-09-22 13:30:00,広島東洋カープ,阪神タイガース,4.0,13.0,UNKNOWN,ＭＡＺＤＡ　Ｚｏｏｍ－Ｚｏｏｍ　スタジアム広島,unknown,low,False,False,,,[],[],,,,,0,light,2018-09-22T04:30:00+00:00,,UNKNOWN,,,,UNKNOWN,UNKNOWN,,UNKNOWN,,,,,,,,,,,,,,,,,,,,,,,,,,,,,,,,False,False,UNKNOWN,False,False
2018092201,2018-09-22 14:00:00,読売ジャイアンツ,東京ヤクルトスワローズ,5.0,0.0,UNKNOWN,東京ドーム,unknown,low,False,False,,,[],[],,,,,0,light,2018-09-22T05:00:00+00:00,,UNKNOWN,,,,UNKNOWN,UNKNOWN,,UNKNOWN,,,,,,,,,,,,,,,,,,,,,,,,,,,,,,,,False,False,UNKNOWN,False,False
2018092202,2018-09-22 14:00:00,横浜DeNAベイスターズ,中日ドラゴンズ,4.0,2.0,UNKNOWN,横浜スタジアム,unknown,low,False,False,,,[],[],,,,,0,light,2018-09-22T05:00:00+00:00,,UNKNOWN,,,,UNKNOWN,UNKNOWN,,UNKNOWN,,,,,,,,,,,,,,,,,,,,,,,,,,,,,,,,False,False,UNKNOWN,False,False
2018092205,2018-09-22 14:00:00,千葉ロッテマリーンズ,埼玉西武ライオンズ,3.0,5.0,UNKNOWN,ＺＯＺＯマリンスタジアム,unknown,low,False,False,,,[],[],,,,,0,light,2018-09-22T05:00:00+00:00,,UNKNOWN,,,,UNKNOWN,UNKNOWN,,UNKNOWN,,,,,,,,,,,,,,,,,,,,,,,,,,,,,,,,False,False,UNKNOWN,False,False
2018092206,2018-09-22 18:00:00,福岡ソフトバンクホークス,オリックス・バファローズ,6.0,4.0,UNKNOWN,福岡 ヤフオク!ドーム,unknown,low,False,False,,,[],[],,,,,0,light,2018-09-22T09:00:00+00:00,,UNKNOWN,,,,UNKNOWN,UNKNOWN,,UNKNOWN,,,,,,,,,,,,,,,,,,,,,,,,,,,,,,,,False,False,UNKNOWN,False,False
2018092301,2018-09-23 14:00:00,中日ドラゴンズ,東京ヤクルトスワローズ,0.0,2.0,UNKNOWN,ナゴヤドーム,unknown,low,False,False,,,[],[],,,,,0,light,2018-09-23T05:00:00+00:00,,UNKNOWN,,,,UNKNOWN,UNKNOWN,,UNKNOWN,,,,,,,,,,,,,,,,,,,,,,,,,,,,,,,,False,False,UNKNOWN,False,False
2018092302,2018-09-23 14:00:00,阪神タイガース,読売ジャイアンツ,1.0,2.0,UNKNOWN,阪神甲子園球場,unknown,low,False,False,,,[],[],,,,,0,light,2018-09-23T05:00:00+00:00,,UNKNOWN,,,,UNKNOWN,UNKNOWN,,UNKNOWN,,,,,,,,,,,,,,,,,,,,,,,,,,,,,,,,False,False,UNKNOWN,False,False
2018092303,2018-09-23 18:00:00,広島東洋カープ,横浜DeNAベイスターズ,2.0,1.0,UNKNOWN,ＭＡＺＤＡ　Ｚｏｏｍ－Ｚｏｏｍ　スタジアム広島,unknown,low,False,False,,,[],[],,,,,0,light,2018-09-23T09:00:00+00:00,,UNKNOWN,,,,UNKNOWN,UNKNOWN,,UNKNOWN,,,,,,,,,,,,,,,,,,,,,,,,,,,,,,,,False,False,UNKNOWN,False,False
2018092304,2018-09-23 18:00:00,東北楽天ゴールデンイーグルス,千葉ロッテマリーンズ,3.0,8.0,UNKNOWN,楽天生命パーク宮城,unknown,low,False,False,,,[],[],,,,,0,light,2018-09-23T09:00:00+00:00,,UNKNOWN,,,,UNKNOWN,UNKNOWN,,UNKNOWN,,,,,,,,,,,,,,,,,,,,,,,,,,,,,,,,False,False,UNKNOWN,False,False
2018092305,2018-09-23 18:00:00,福岡ソフトバンクホークス,北海道日本ハムファイターズ,2.0,0.0,UNKNOWN,福岡 ヤフオク!ドーム,unknown,low,False,False,,,[],[],,,,,0,light,2018-09-23T09:00:00+00:00,,UNKNOWN,,,,UNKNOWN,UNKNOWN,,UNKNOWN,,,,,,,,,,,,,,,,,,,,,,,,,,,,,,,,False,False,UNKNOWN,False,False
2018092403,2018-09-24 13:30:00,広島東洋カープ,横浜DeNAベイスターズ,5.0,7.0,UNKNOWN,ＭＡＺＤＡ　Ｚｏｏｍ－Ｚｏｏｍ　スタジアム広島,unknown,low,False,False,,,[],[],,,,,0,light,2018-09-24T04:30:00+00:00,,UNKNOWN,,,,UNKNOWN,UNKNOWN,,UNKNOWN,,,,,,,,,,,,,,,,,,,,,,,,,,,,,,,,False,False,UNKNOWN,False,False
2018092401,2018-09-24 14:00:00,中日ドラゴンズ,東京ヤクルトスワローズ,1.0,6.0,UNKNOWN,ナゴヤドーム,unknown,low,False,False,,,[],[],,,,,0,light,2018-09-24T05:00:00+00:00,,UNKNOWN,,,,UNKNOWN,UNKNOWN,,UNKNOWN,,,,,,,,,,,,,,,,,,,,,,,,,,,,,,,,False,False,UNKNOWN,False,False
2018092404,2018-09-24 14:00:00,東北楽天ゴールデンイーグルス,埼玉西武ライオンズ,3.0,4.0,UNKNOWN,楽天生命パーク宮城,unknown,low,False,False,,,[],[],,,,,0,light,2018-09-24T05:00:00+00:00,,UNKNOWN,,,,UNKNOWN,UNKNOWN,,UNKNOWN,,,,,,,,,,,,,,,,,,,,,,,,,,,,,,,,False,False,UNKNOWN,False,False
2018092402,2018-09-24 14:00:00,阪神タイガース,読売ジャイアンツ,0.0,0.0,UNKNOWN,阪神甲子園球場,unknown,low,False,False,,,[],[],,,,,0,light,2018-09-24T05:00:00+00:00,,UNKNOWN,,,,UNKNOWN,UNKNOWN,,UNKNOWN,,,,,,,,,,,,,,,,,,,,,,,,,,,,,,,,False,False,UNKNOWN,False,False
2018092406,2018-09-24 14:00:00,福岡ソフトバンクホークス,北海道日本ハムファイターズ,2.0,1.0,UNKNOWN,福岡 ヤフオク!ドーム,unknown,low,False,False,,,[],[],,,,,0,light,2018-09-24T05:00:00+00:00,,UNKNOWN,,,,UNKNOWN,UNKNOWN,,UNKNOWN,,,,,,,,,,,,,,,,,,,,,,,,,,,,,,,,False,False,UNKNOWN,False,False
2018092501,2018-09-25 18:00:00,オリックス・バファローズ,福岡ソフトバンクホークス,5.0,8.0,UNKNOWN,京セラドーム大阪,unknown,low,False,False,,,[],[],,,,,0,light,2018-09-25T09:00:00+00:00,,UNKNOWN,,,,UNKNOWN,UNKNOWN,,UNKNOWN,,,,,,,,,,,,,,,,,,,,,,,,,,,,,,,,False,False,UNKNOWN,False,False
2018092405,2018-09-24 18:00:00,オリックス・バファローズ,千葉ロッテマリーンズ,2.0,8.0,UNKNOWN,京セラドーム大阪,excluded,high,False,False,,,[],[],,,,,0,light,2018-09-24T09:00:00+00:00,,UNKNOWN,,,,UNKNOWN,UNKNOWN,,UNKNOWN,,,,,,,,,,,,,,,,,,,,,,,,,,,,,,,,False,False,UNKNOWN,False,False
2018092502,2018-09-25 18:00:00,東北楽天ゴールデンイーグルス,埼玉西武ライオンズ,3.0,4.0,UNKNOWN,楽天生命パーク宮城,unknown,low,False,False,,,[],[],,,,,0,light,2018-09-25T09:00:00+00:00,,UNKNOWN,,,,UNKNOWN,UNKNOWN,,UNKNOWN,,,,,,,,,,,,,,,,,,,,,,,,,,,,,,,,False,False,UNKNOWN,False,False
2018092503,2018-09-25 18:00:00,中日ドラゴンズ,東京ヤクルトスワローズ,4.0,7.0,UNKNOWN,ナゴヤドーム,unknown,low,False,False,,,[],[],,,,,0,light,2018-09-25T09:00:00+00:00,,UNKNOWN,,,,UNKNOWN,UNKNOWN,,UNKNOWN,,,,,,,,,,,,,,,,,,,,,,,,,,,,,,,,False,False,UNKNOWN,False,False
2018092602,2018-09-26 18:00:00,オリックス・バファローズ,北海道日本ハムファイターズ,3.0,2.0,UNKNOWN,京セラドーム大阪,unknown,low,False,False,,,[],[],,,,,0,light,2018-09-26T09:00:00+00:00,,UNKNOWN,,,,UNKNOWN,UNKNOWN,,UNKNOWN,,,,,,,,,,,,,,,,,,,,,,,,,,,,,,,,False,False,UNKNOWN,False,False
2018092504,2018-09-25 18:00:00,広島東洋カープ,横浜DeNAベイスターズ,3.0,5.0,UNKNOWN,ＭＡＺＤＡ　Ｚｏｏｍ－Ｚｏｏｍ　スタジアム広島,unknown,low,False,False,,,[],[],,,,,0,light,2018-09-25T09:00:00+00:00,,UNKNOWN,,,,UNKNOWN,UNKNOWN,,UNKNOWN,,,,,,,,,,,,,,,,,,,,,,,,,,,,,,,,False,False,UNKNOWN,False,False
2018092603,2018-09-26 18:00:00,広島東洋カープ,東京ヤクルトスワローズ,10.0,0.0,UNKNOWN,ＭＡＺＤＡ　Ｚｏｏｍ－Ｚｏｏｍ　スタジアム広島,unknown,low,False,False,,,[],[],,,,,0,light,2018-09-26T09:00:00+00:00,,UNKNOWN,,,,UNKNOWN,UNKNOWN,,UNKNOWN,,,,,,,,,,,,,,,,,,,,,,,,,,,,,,,,False,False,UNKNOWN,False,False
2018092701,2018-09-27 18:00:00,埼玉西武ライオンズ,福岡ソフトバンクホークス,7.0,5.0,UNKNOWN,メットライフドーム,unknown,low,False,False,,,[],[],,,,,0,light,2018-09-27T09:00:00+00:00,,UNKNOWN,,,,UNKNOWN,UNKNOWN,,UNKNOWN,,,,,,,,,,,,,,,,,,,,,,,,,,,,,,,,False,False,UNKNOWN,False,False
2018092703,2018-09-27 18:00:00,オリックス・バファローズ,北海道日本ハムファイターズ,1.0,2.0,UNKNOWN,京セラドーム大阪,unknown,low,False,False,,,[],[],,,,,0,light,2018-09-27T09:00:00+00:00,,UNKNOWN,,,,UNKNOWN,UNKNOWN,,UNKNOWN,,,,,,,,,,,,,,,,,,,,,,,,,,,,,,,,False,False,UNKNOWN,False,False
2018092704,2018-09-27 18:00:00,広島東洋カープ,東京ヤクルトスワローズ,3.0,9.0,UNKNOWN,ＭＡＺＤＡ　Ｚｏｏｍ－Ｚｏｏｍ　スタジアム広島,unknown,low,False,False,,,[],[],,,,,0,light,2018-09-27T09:00:00+00:00,,UNKNOWN,,,,UNKNOWN,UNKNOWN,,UNKNOWN,,,,,,,,,,,,,,,,,,,,,,,,,,,,,,,,False,False,UNKNOWN,False,False
2018092705,2018-09-27 18:00:00,阪神タイガース,横浜DeNAベイスターズ,3.0,4.0,UNKNOWN,阪神甲子園球場,excluded,high,False,False,,,[],[],,,,,0,light,2018-09-27T09:00:00+00:00,,UNKNOWN,,,,UNKNOWN,UNKNOWN,,UNKNOWN,,,,,,,,,,,,,,,,,,,,,,,,,,,,,,,,False,False,UNKNOWN,False,False
2018092702,2018-09-27 18:15:00,千葉ロッテマリーンズ,東北楽天ゴールデンイーグルス,0.0,9.0,UNKNOWN,ＺＯＺＯマリンスタジアム,unknown,low,False,False,,,[],[],,,,,0,light,2018-09-27T09:15:00+00:00,,UNKNOWN,,,,UNKNOWN,UNKNOWN,,UNKNOWN,,,,,,,,,,,,,,,,,,,,,,,,,,,,,,,,False,False,UNKNOWN,False,False
2018092801,2018-09-28 18:00:00,東北楽天ゴールデンイーグルス,北海道日本ハムファイターズ,3.0,5.0,UNKNOWN,楽天生命パーク宮城,unknown,low,False,False,,,[],[],,,,,0,light,2018-09-28T09:00:00+00:00,,UNKNOWN,,,,UNKNOWN,UNKNOWN,,UNKNOWN,,,,,,,,,,,,,,,,,,,,,,,,,,,,,,,,False,False,UNKNOWN,False,False
2018092802,2018-09-28 18:00:00,埼玉西武ライオンズ,福岡ソフトバンクホークス,5.0,3.0,UNKNOWN,メットライフドーム,unknown,low,False,False,,,[],[],,,,,0,light,2018-09-28T09:00:00+00:00,,UNKNOWN,,,,UNKNOWN,UNKNOWN,,UNKNOWN,,,,,,,,,,,,,,,,,,,,,,,,,,,,,,,,False,False,UNKNOWN,False,False
2018092803,2018-09-28 18:00:00,広島東洋カープ,東京ヤクルトスワローズ,7.0,4.0,UNKNOWN,ＭＡＺＤＡ　Ｚｏｏｍ－Ｚｏｏｍ　スタジアム広島,unknown,low,False,False,,,[],[],,,,,0,light,2018-09-28T09:00:00+00:00,,UNKNOWN,,,,UNKNOWN,UNKNOWN,,UNKNOWN,,,,,,,,,,,,,,,,,,,,,,,,,,,,,,,,False,False,UNKNOWN,False,False
2018092804,2018-09-28 18:00:00,中日ドラゴンズ,阪神タイガース,4.0,3.0,UNKNOWN,ナゴヤドーム,unknown,low,False,False,,,[],[],,,,,0,light,2018-09-28T09:00:00+00:00,,UNKNOWN,,,,UNKNOWN,UNKNOWN,,UNKNOWN,,,,,,,,,,,,,,,,,,,,,,,,,,,,,,,,False,False,UNKNOWN,False,False
2018092805,2018-09-28 18:00:00,読売ジャイアンツ,横浜DeNAベイスターズ,1.0,0.0,UNKNOWN,東京ドーム,unknown,low,False,False,,,[],[],,,,,0,light,2018-09-28T09:00:00+00:00,,UNKNOWN,,,,UNKNOWN,UNKNOWN,,UNKNOWN,,,,,,,,,,,,,,,,,,,,,,,,,,,,,,,,False,False,UNKNOWN,False,False
2018092903,2018-09-29 14:00:00,中日ドラゴンズ,阪神タイガース,0.0,4.0,UNKNOWN,ナゴヤドーム,unknown,low,False,False,,,[],[],,,,,0,light,2018-09-29T05:00:00+00:00,,UNKNOWN,,,,UNKNOWN,UNKNOWN,,UNKNOWN,,,,,,,,,,,,,,,,,,,,,,,,,,,,,,,,False,False,UNKNOWN,False,False
2018092905,2018-09-29 13:00:00,埼玉西武ライオンズ,福岡ソフトバンクホークス,1.0,3.0,UNKNOWN,メットライフドーム,regular,high,True,True,,,[],[],,,,,0,light,2018-09-29T04:00:00+00:00,,UNKNOWN,,,,UNKNOWN,UNKNOWN,,UNKNOWN,,,,,,,,,,,,,,,,,,,,,,,,,,,,,,,,False,False,UNKNOWN,False,False
2018092904,2018-09-29 14:00:00,東北楽天ゴールデンイーグルス,北海道日本ハムファイターズ,2.0,1.0,UNKNOWN,楽天生命パーク宮城,unknown,low,False,False,,,[],[],,,,,0,light,2018-09-29T05:00:00+00:00,,UNKNOWN,,,,UNKNOWN,UNKNOWN,,UNKNOWN,,,,,,,,,,,,,,,,,,,,,,,,,,,,,,,,False,False,UNKNOWN,False,False
2018092906,2018-09-29 14:00:00,千葉ロッテマリーンズ,オリックス・バファローズ,1.0,7.0,UNKNOWN,ＺＯＺＯマリンスタジアム,unknown,low,False,False,,,[],[],,,,,0,light,2018-09-29T05:00:00+00:00,,UNKNOWN,,,,UNKNOWN,UNKNOWN,,UNKNOWN,,,,,,,,,,,,,,,,,,,,,,,,,,,,,,,,False,False,UNKNOWN,False,False
2018092901,2018-09-29 18:00:00,読売ジャイアンツ,広島東洋カープ,7.0,8.0,UNKNOWN,東京ドーム,unknown,low,False,False,,,[],[],,,,,0,light,2018-09-29T09:00:00+00:00,,UNKNOWN,,,,UNKNOWN,UNKNOWN,,UNKNOWN,,,,,,,,,,,,,,,,,,,,,,,,,,,,,,,,False,False,UNKNOWN,False,False
2018093001,2018-09-30 14:00:00,読売ジャイアンツ,広島東洋カープ,5.0,4.0,UNKNOWN,東京ドーム,unknown,low,False,False,,,[],[],,,,,0,light,2018-09-30T05:00:00+00:00,,UNKNOWN,,,,UNKNOWN,UNKNOWN,,UNKNOWN,,,,,,,,,,,,,,,,,,,,,,,,,,,,,,,,False,False,UNKNOWN,False,False
2018093004,2018-09-30 18:00:00,北海道日本ハムファイターズ,埼玉西武ライオンズ,4.0,1.0,UNKNOWN,札幌ドーム,excluded,high,False,False,,,[],[],,,,,0,light,2018-09-30T09:00:00+00:00,,UNKNOWN,,,,UNKNOWN,UNKNOWN,,UNKNOWN,,,,,,,,,,,,,,,,,,,,,,,,,,,,,,,,False,False,UNKNOWN,False,False
2018093006,2018-09-30 18:00:00,福岡ソフトバンクホークス,千葉ロッテマリーンズ,1.0,9.0,UNKNOWN,福岡 ヤフオク!ドーム,unknown,low,False,False,,,[],[],,,,,0,light,2018-09-30T09:00:00+00:00,,UNKNOWN,,,,UNKNOWN,UNKNOWN,,UNKNOWN,,,,,,,,,,,,,,,,,,,,,,,,,,,,,,,,False,False,UNKNOWN,False,False
2018093005,2018-09-30 18:00:00,東北楽天ゴールデンイーグルス,オリックス・バファローズ,2.0,5.0,UNKNOWN,楽天生命パーク宮城,excluded,high,False,False,,,[],[],,,,,0,light,2018-09-30T09:00:00+00:00,,UNKNOWN,,,,UNKNOWN,UNKNOWN,,UNKNOWN,,,,,,,,,,,,,,,,,,,,,,,,,,,,,,,,False,False,UNKNOWN,False,False
2018100101,2018-10-01 18:00:00,北海道日本ハムファイターズ,埼玉西武ライオンズ,1.0,2.0,UNKNOWN,札幌ドーム,unknown,low,False,False,,,[],[],,,,,0,light,2018-10-01T09:00:00+00:00,,UNKNOWN,,,,UNKNOWN,UNKNOWN,,UNKNOWN,,,,,,,,,,,,,,,,,,,,,,,,,,,,,,,,False,False,UNKNOWN,False,False
2018100102,2018-10-01 18:00:00,東北楽天ゴールデンイーグルス,オリックス・バファローズ,2.0,5.0,UNKNOWN,楽天生命パーク宮城,unknown,low,False,False,,,[],[],,,,,0,light,2018-10-01T09:00:00+00:00,,UNKNOWN,,,,UNKNOWN,UNKNOWN,,UNKNOWN,,,,,,,,,,,,,,,,,,,,,,,,,,,,,,,,False,False,UNKNOWN,False,False
2018100103,2018-10-01 18:00:00,福岡ソフトバンクホークス,千葉ロッテマリーンズ,1.0,6.0,UNKNOWN,福岡 ヤフオク!ドーム,unknown,low,False,False,,,[],[],,,,,0,light,2018-10-01T09:00:00+00:00,,UNKNOWN,,,,UNKNOWN,UNKNOWN,,UNKNOWN,,,,,,,,,,,,,,,,,,,,,,,,,,,,,,,,False,False,UNKNOWN,False,False
2018100104,2018-10-01 18:00:00,阪神タイガース,横浜DeNAベイスターズ,0.0,10.0,UNKNOWN,阪神甲子園球場,unknown,low,False,False,,,[],[],,,,,0,light,2018-10-01T09:00:00+00:00,,UNKNOWN,,,,UNKNOWN,UNKNOWN,,UNKNOWN,,,,,,,,,,,,,,,,,,,,,,,,,,,,,,,,False,False,UNKNOWN,False,False
2018100105,2018-10-01 18:00:00,東京ヤクルトスワローズ,読売ジャイアンツ,8.0,5.0,UNKNOWN,明治神宮野球場,climax,high,False,True,,,[],[],,,,,0,light,2018-10-01T09:00:00+00:00,,UNKNOWN,,,,UNKNOWN,UNKNOWN,,UNKNOWN,,,,,,,,,,,,,,,,,,,,,,,,,,,,,,,,False,False,UNKNOWN,False,False
2018100201,2018-10-02 18:00:00,北海道日本ハムファイターズ,埼玉西武ライオンズ,2.0,3.0,UNKNOWN,札幌ドーム,unknown,low,False,False,,,[],[],,,,,0,light,2018-10-02T09:00:00+00:00,,UNKNOWN,,,,UNKNOWN,UNKNOWN,,UNKNOWN,,,,,,,,,,,,,,,,,,,,,,,,,,,,,,,,False,False,UNKNOWN,False,False
2018100202,2018-10-02 18:00:00,福岡ソフトバンクホークス,千葉ロッテマリーンズ,4.0,2.0,UNKNOWN,福岡 ヤフオク!ドーム,unknown,low,False,False,,,[],[],,,,,0,light,2018-10-02T09:00:00+00:00,,UNKNOWN,,,,UNKNOWN,UNKNOWN,,UNKNOWN,,,,,,,,,,,,,,,,,,,,,,,,,,,,,,,,False,False,UNKNOWN,False,False
2018100203,2018-10-02 18:00:00,広島東洋カープ,阪神タイガース,1.0,0.0,UNKNOWN,ＭＡＺＤＡ　Ｚｏｏｍ－Ｚｏｏｍ　スタジアム広島,excluded,high,False,False,,,[],[],,,,,0,light,2018-10-02T09:00:00+00:00,,UNKNOWN,,,,UNKNOWN,UNKNOWN,,UNKNOWN,,,,,,,,,,,,,,,,,,,,,,,,,,,,,,,,False,False,UNKNOWN,False,False
2018100204,2018-10-02 18:00:00,東京ヤクルトスワローズ,横浜DeNAベイスターズ,3.0,2.0,UNKNOWN,明治神宮野球場,climax,high,False,True,,,[],[],,,,,0,light,2018-10-02T09:00:00+00:00,,UNKNOWN,,,,UNKNOWN,UNKNOWN,,UNKNOWN,,,,,,,,,,,,,,,,,,,,,,,,,,,,,,,,False,False,UNKNOWN,False,False
2018100301,2018-10-03 18:00:00,福岡ソフトバンクホークス,千葉ロッテマリーンズ,10.0,2.0,UNKNOWN,福岡 ヤフオク!ドーム,unknown,low,False,False,,,[],[],,,,,0,light,2018-10-03T09:00:00+00:00,,UNKNOWN,,,,UNKNOWN,UNKNOWN,,UNKNOWN,,,,,,,,,,,,,,,,,,,,,,,,,,,,,,,,False,False,UNKNOWN,False,False
2018100302,2018-10-03 18:00:00,広島東洋カープ,阪神タイガース,4.0,3.0,UNKNOWN,ＭＡＺＤＡ　Ｚｏｏｍ－Ｚｏｏｍ　スタジアム広島,allstar,high,False,True,,,[],[],,,,,0,light,2018-10-03T09:00:00+00:00,,UNKNOWN,,,,UNKNOWN,UNKNOWN,,UNKNOWN,,,,,,,,,,,,,,,,,,,,,,,,,,,,,,,,False,False,UNKNOWN,False,False
2018100303,2018-10-03 18:00:00,北海道日本ハムファイターズ,埼玉西武ライオンズ,3.0,7.0,UNKNOWN,札幌ドーム,unknown,low,False,False,,,[],[],,,,,0,light,2018-10-03T09:00:00+00:00,,UNKNOWN,,,,UNKNOWN,UNKNOWN,,UNKNOWN,,,,,,,,,,,,,,,,,,,,,,,,,,,,,,,,False,False,UNKNOWN,False,False
2018100304,2018-10-03 18:00:00,東京ヤクルトスワローズ,横浜DeNAベイスターズ,2.0,1.0,UNKNOWN,明治神宮野球場,unknown,low,False,False,,,[],[],,,,,0,light,2018-10-03T09:00:00+00:00,,UNKNOWN,,,,UNKNOWN,UNKNOWN,,UNKNOWN,,,,,,,,,,,,,,,,,,,,,,,,,,,,,,,,False,False,UNKNOWN,False,False
2018100402,2018-10-04 18:00:00,広島東洋カープ,読売ジャイアンツ,0.0,4.0,UNKNOWN,ＭＡＺＤＡ　Ｚｏｏｍ－Ｚｏｏｍ　スタジアム広島,unknown,low,False,False,,,[],[],,,,,0,light,2018-10-04T09:00:00+00:00,,UNKNOWN,,,,UNKNOWN,UNKNOWN,,UNKNOWN,,,,,,,,,,,,,,,,,,,,,,,,,,,,,,,,False,False,UNKNOWN,False,False
2018100401,2018-10-04 18:00:00,阪神タイガース,東京ヤクルトスワローズ,1.0,2.0,UNKNOWN,阪神甲子園球場,unknown,low,False,False,,,[],[],,,,,0,light,2018-10-04T09:00:00+00:00,,UNKNOWN,,,,UNKNOWN,UNKNOWN,,UNKNOWN,,,,,,,,,,,,,,,,,,,,,,,,,,,,,,,,False,False,UNKNOWN,False,False
2018100403,2018-10-04 18:00:00,オリックス・バファローズ,福岡ソフトバンクホークス,2.0,1.0,UNKNOWN,京セラドーム大阪,unknown,low,False,False,,,[],[],,,,,0,light,2018-10-04T09:00:00+00:00,,UNKNOWN,,,,UNKNOWN,UNKNOWN,,UNKNOWN,,,,,,,,,,,,,,,,,,,,,,,,,,,,,,,,False,False,UNKNOWN,False,False
2018100405,2018-10-04 18:15:00,千葉ロッテマリーンズ,埼玉西武ライオンズ,3.0,6.0,UNKNOWN,ＺＯＺＯマリンスタジアム,unknown,low,False,False,,,[],[],,,,,0,light,2018-10-04T09:15:00+00:00,,UNKNOWN,,,,UNKNOWN,UNKNOWN,,UNKNOWN,,,,,,,,,,,,,,,,,,,,,,,,,,,,,,,,False,False,UNKNOWN,False,False
2018100404,2018-10-04 18:00:00,東北楽天ゴールデンイーグルス,北海道日本ハムファイターズ,3.0,4.0,UNKNOWN,楽天生命パーク宮城,unknown,low,False,False,,,[],[],,,,,0,light,2018-10-04T09:00:00+00:00,,UNKNOWN,,,,UNKNOWN,UNKNOWN,,UNKNOWN,,,,,,,,,,,,,,,,,,,,,,,,,,,,,,,,False,False,UNKNOWN,False,False
2018100501,2018-10-05 18:00:00,東北楽天ゴールデンイーグルス,千葉ロッテマリーンズ,1.0,2.0,UNKNOWN,楽天生命パーク宮城,unknown,low,False,False,,,[],[],,,,,0,light,2018-10-05T09:00:00+00:00,,UNKNOWN,,,,UNKNOWN,UNKNOWN,,UNKNOWN,,,,,,,,,,,,,,,,,,,,,,,,,,,,,,,,False,False,UNKNOWN,False,False
2018100502,2018-10-05 18:00:00,阪神タイガース,中日ドラゴンズ,1.0,6.0,UNKNOWN,阪神甲子園球場,unknown,low,False,False,,,[],[],,,,,0,light,2018-10-05T09:00:00+00:00,,UNKNOWN,,,,UNKNOWN,UNKNOWN,,UNKNOWN,,,,,,,,,,,,,,,,,,,,,,,,,,,,,,,,False,False,UNKNOWN,False,False
2018100503,2018-10-05 18:00:00,オリックス・バファローズ,福岡ソフトバンクホークス,4.0,6.0,UNKNOWN,京セラドーム大阪,unknown,low,False,False,,,[],[],,,,,0,light,2018-10-05T09:00:00+00:00,,UNKNOWN,,,,UNKNOWN,UNKNOWN,,UNKNOWN,,,,,,,,,,,,,,,,,,,,,,,,,,,,,,,,False,False,UNKNOWN,False,False
2018100601,2018-10-06 13:00:00,阪神タイガース,読売ジャイアンツ,8.0,4.0,UNKNOWN,KIRISHIMAサンマリンスタジアム宮崎,excluded,high,False,False,,,[],[],,,,,0,light,2018-10-06T04:00:00+00:00,,UNKNOWN,,,,UNKNOWN,UNKNOWN,,UNKNOWN,,,,,,,,,,,,,,,,,,,,,,,,,,,,,,,,False,False,UNKNOWN,False,False
2018100604,2018-10-06 14:00:00,阪神タイガース,横浜DeNAベイスターズ,4.0,3.0,UNKNOWN,阪神甲子園球場,climax,high,False,True,,,[],[],,,,,0,light,2018-10-06T05:00:00+00:00,,UNKNOWN,,,,UNKNOWN,UNKNOWN,,UNKNOWN,,,,,,,,,,,,,,,,,,,,,,,,,,,,,,,,False,False,UNKNOWN,False,False
2018100602,2018-10-06 14:00:00,東北楽天ゴールデンイーグルス,千葉ロッテマリーンズ,8.0,1.0,UNKNOWN,楽天生命パーク宮城,unknown,low,False,False,,,[],[],,,,,0,light,2018-10-06T05:00:00+00:00,,UNKNOWN,,,,UNKNOWN,UNKNOWN,,UNKNOWN,,,,,,,,,,,,,,,,,,,,,,,,,,,,,,,,False,False,UNKNOWN,False,False
2018100603,2018-10-06 18:00:00,福岡ソフトバンクホークス,埼玉西武ライオンズ,8.0,3.0,UNKNOWN,福岡 ヤフオク!ドーム,regular,high,True,True,,,[],[],,,,,0,light,2018-10-06T09:00:00+00:00,,UNKNOWN,,,,UNKNOWN,UNKNOWN,,UNKNOWN,,,,,,,,,,,,,,,,,,,,,,,,,,,,,,,,False,False,UNKNOWN,False,False
2018100702,2018-10-07 14:00:00,広島東洋カープ,横浜DeNAベイスターズ,3.0,4.0,UNKNOWN,ＭＡＺＤＡ　Ｚｏｏｍ－Ｚｏｏｍ　スタジアム広島,regular,high,True,True,,,[],[],,,,,0,light,2018-10-07T05:00:00+00:00,,UNKNOWN,,,,UNKNOWN,UNKNOWN,,UNKNOWN,,,,,,,,,,,,,,,,,,,,,,,,,,,,,,,,False,False,UNKNOWN,False,False
2018100701,2018-10-07 18:00:00,東京ヤクルトスワローズ,阪神タイガース,6.0,0.0,UNKNOWN,明治神宮野球場,unknown,low,False,False,,,[],[],,,,,0,light,2018-10-07T09:00:00+00:00,,UNKNOWN,,,,UNKNOWN,UNKNOWN,,UNKNOWN,,,,,,,,,,,,,,,,,,,,,,,,,,,,,,,,False,False,UNKNOWN,False,False
2018100703,2018-10-07 18:00:00,千葉ロッテマリーンズ,福岡ソフトバンクホークス,3.0,8.0,UNKNOWN,ＺＯＺＯマリンスタジアム,unknown,low,False,False,,,[],[],,,,,0,light,2018-10-07T09:00:00+00:00,,UNKNOWN,,,,UNKNOWN,UNKNOWN,,UNKNOWN,,,,,,,,,,,,,,,,,,,,,,,,,,,,,,,,False,False,UNKNOWN,False,False
2018100801,2018-10-08 14:00:00,千葉ロッテマリーンズ,福岡ソフトバンクホークス,1.0,6.0,UNKNOWN,ＺＯＺＯマリンスタジアム,regular,high,True,True,,,[],[],,,,,0,light,2018-10-08T05:00:00+00:00,,UNKNOWN,,,,UNKNOWN,UNKNOWN,,UNKNOWN,,,,,,,,,,,,,,,,,,,,,,,,,,,,,,,,False,False,UNKNOWN,False,False
2018100802,2018-10-08 18:00:00,東京ヤクルトスワローズ,阪神タイガース,6.0,5.0,UNKNOWN,明治神宮野球場,unknown,low,False,False,,,[],[],,,,,0,light,2018-10-08T09:00:00+00:00,,UNKNOWN,,,,UNKNOWN,UNKNOWN,,UNKNOWN,,,,,,,,,,,,,,,,,,,,,,,,,,,,,,,,False,False,UNKNOWN,False,False
2018100902,2018-10-09 18:00:00,東京ヤクルトスワローズ,横浜DeNAベイスターズ,1.0,4.0,UNKNOWN,明治神宮野球場,excluded,high,False,False,,,[],[],,,,,0,light,2018-10-09T09:00:00+00:00,,UNKNOWN,,,,UNKNOWN,UNKNOWN,,UNKNOWN,,,,,,,,,,,,,,,,,,,,,,,,,,,,,,,,False,False,UNKNOWN,False,False
2018100901,2018-10-09 18:00:00,阪神タイガース,読売ジャイアンツ,4.0,9.0,UNKNOWN,阪神甲子園球場,climax,high,False,True,,,[],[],,,,,0,light,2018-10-09T09:00:00+00:00,,UNKNOWN,,,,UNKNOWN,UNKNOWN,,UNKNOWN,,,,,,,,,,,,,,,,,,,,,,,,,,,,,,,,False,False,UNKNOWN,False,False
2018101001,2018-10-10 18:00:00,北海道日本ハムファイターズ,千葉ロッテマリーンズ,5.0,4.0,UNKNOWN,札幌ドーム,unknown,low,False,False,,,[],[],,,,,0,light,2018-10-10T09:00:00+00:00,,UNKNOWN,,,,UNKNOWN,UNKNOWN,,UNKNOWN,,,,,,,,,,,,,,,,,,,,,,,,,,,,,,,,False,False,UNKNOWN,False,False
2018101002,2018-10-10 18:00:00,阪神タイガース,横浜DeNAベイスターズ,2.0,1.0,UNKNOWN,阪神甲子園球場,unknown,low,False,False,,,[],[],,,,,0,light,2018-10-10T09:00:00+00:00,,UNKNOWN,,,,UNKNOWN,UNKNOWN,,UNKNOWN,,,,,,,,,,,,,,,,,,,,,,,,,,,,,,,,False,False,UNKNOWN,False,False
2018101101,2018-10-11 18:00:00,北海道日本ハムファイターズ,千葉ロッテマリーンズ,5.0,4.0,UNKNOWN,札幌ドーム,climax,high,False,True,,,[],[],,,,,0,light,2018-10-11T09:00:00+00:00,,UNKNOWN,,,,UNKNOWN,UNKNOWN,,UNKNOWN,,,,,,,,,,,,,,,,,,,,,,,,,,,,,,,,False,False,UNKNOWN,False,False
2018101302,2018-10-13 13:00:00,福岡ソフトバンクホークス,北海道日本ハムファイターズ,8.0,3.0,UNKNOWN,福岡 ヤフオク!ドーム,climax,high,False,True,,,[],[],,,,,0,light,2018-10-13T04:00:00+00:00,,UNKNOWN,,,,UNKNOWN,UNKNOWN,,UNKNOWN,,,,,,,,,,,,,,,,,,,,,,,,,,,,,,,,False,False,UNKNOWN,False,False
2018101303,2018-10-13 14:00:00,千葉ロッテマリーンズ,東北楽天ゴールデンイーグルス,1.0,4.0,UNKNOWN,ＺＯＺＯマリンスタジアム,unknown,low,False,False,,,[],[],,,,,0,light,2018-10-13T05:00:00+00:00,,UNKNOWN,,,,UNKNOWN,UNKNOWN,,UNKNOWN,,,,,,,,,,,,,,,,,,,,,,,,,,,,,,,,False,False,UNKNOWN,False,False
2018101301,2018-10-13 18:00:00,東京ヤクルトスワローズ,読売ジャイアンツ,1.0,4.0,UNKNOWN,明治神宮野球場,climax,high,False,True,,,[],[],,,,,0,light,2018-10-13T09:00:00+00:00,,UNKNOWN,,,,UNKNOWN,UNKNOWN,,UNKNOWN,,,,,,,,,,,,,,,,,,,,,,,,,,,,,,,,False,False,UNKNOWN,False,False
2018101304,2018-10-13 14:00:00,中日ドラゴンズ,阪神タイガース,2.0,3.0,UNKNOWN,ナゴヤドーム,unknown,low,False,False,,,[],[],,,,,0,light,2018-10-13T05:00:00+00:00,,UNKNOWN,,,,UNKNOWN,UNKNOWN,,UNKNOWN,,,,,,,,,,,,,,,,,,,,,,,,,,,,,,,,False,False,UNKNOWN,False,False
2018101402,2018-10-14 13:00:00,福岡ソフトバンクホークス,北海道日本ハムファイターズ,2.0,4.0,UNKNOWN,福岡 ヤフオク!ドーム,unknown,low,False,False,,,[],[],,,,,0,light,2018-10-14T04:00:00+00:00,,UNKNOWN,,,,UNKNOWN,UNKNOWN,,UNKNOWN,,,,,,,,,,,,,,,,,,,,,,,,,,,,,,,,False,False,UNKNOWN,False,False
2018101401,2018-10-14 18:00:00,東京ヤクルトスワローズ,読売ジャイアンツ,0.0,4.0,UNKNOWN,明治神宮野球場,unknown,low,False,False,,,[],[],,,,,0,light,2018-10-14T09:00:00+00:00,,UNKNOWN,,,,UNKNOWN,UNKNOWN,,UNKNOWN,,,,,,,,,,,,,,,,,,,,,,,,,,,,,,,,False,False,UNKNOWN,False,False
2018101502,2018-10-15 18:00:00,福岡ソフトバンクホークス,北海道日本ハムファイターズ,5.0,2.0,UNKNOWN,福岡 ヤフオク!ドーム,unknown,low,False,False,,,[],[],,,,,0,light,2018-10-15T09:00:00+00:00,,UNKNOWN,,,,UNKNOWN,UNKNOWN,,UNKNOWN,,,,,,,,,,,,,,,,,,,,,,,,,,,,,,,,False,False,UNKNOWN,False,False
2018101701,2018-10-17 18:00:00,広島東洋カープ,読売ジャイアンツ,6.0,1.0,UNKNOWN,ＭＡＺＤＡ　Ｚｏｏｍ－Ｚｏｏｍ　スタジアム広島,unknown,low,False,False,,,[],[],,,,,0,light,2018-10-17T09:00:00+00:00,,UNKNOWN,,,,UNKNOWN,UNKNOWN,,UNKNOWN,,,,,,,,,,,,,,,,,,,,,,,,,,,,,,,,False,False,UNKNOWN,False,False
2018101702,2018-10-17 18:00:00,埼玉西武ライオンズ,福岡ソフトバンクホークス,4.0,10.0,UNKNOWN,メットライフドーム,unknown,low,False,False,,,[],[],,,,,0,light,2018-10-17T09:00:00+00:00,,UNKNOWN,,,,UNKNOWN,UNKNOWN,,UNKNOWN,,,,,,,,,,,,,,,,,,,,,,,,,,,,,,,,False,False,UNKNOWN,False,False
2018101801,2018-10-18 18:00:00,広島東洋カープ,読売ジャイアンツ,4.0,1.0,UNKNOWN,ＭＡＺＤＡ　Ｚｏｏｍ－Ｚｏｏｍ　スタジアム広島,climax,high,False,True,,,[],[],,,,,0,light,2018-10-18T09:00:00+00:00,,UNKNOWN,,,,UNKNOWN,UNKNOWN,,UNKNOWN,,,,,,,,,,,,,,,,,,,,,,,,,,,,,,,,False,False,UNKNOWN,False,False
2018101802,2018-10-18 18:00:00,埼玉西武ライオンズ,福岡ソフトバンクホークス,13.0,5.0,UNKNOWN,メットライフドーム,regular,high,True,True,,,[],[],,,,,0,light,2018-10-18T09:00:00+00:00,,UNKNOWN,,,,UNKNOWN,UNKNOWN,,UNKNOWN,,,,,,,,,,,,,,,,,,,,,,,,,,,,,,,,False,False,UNKNOWN,False,False
2018101901,2018-10-19 18:00:00,広島東洋カープ,読売ジャイアンツ,5.0,1.0,UNKNOWN,ＭＡＺＤＡ　Ｚｏｏｍ－Ｚｏｏｍ　スタジアム広島,japan_series,high,False,True,,,[],[],,,,,0,light,2018-10-19T09:00:00+00:00,,UNKNOWN,,,,UNKNOWN,UNKNOWN,,UNKNOWN,,,,,,,,,,,,,,,,,,,,,,,,,,,,,,,,False,False,UNKNOWN,False,False
2018101902,2018-10-19 18:00:00,埼玉西武ライオンズ,福岡ソフトバンクホークス,4.0,15.0,UNKNOWN,メットライフドーム,unknown,low,False,False,,,[],[],,,,,0,light,2018-10-19T09:00:00+00:00,,UNKNOWN,,,,UNKNOWN,UNKNOWN,,UNKNOWN,,,,,,,,,,,,,,,,,,,,,,,,,,,,,,,,False,False,UNKNOWN,False,False
2018102002,2018-10-20 14:00:00,埼玉西武ライオンズ,福岡ソフトバンクホークス,2.0,8.0,UNKNOWN,メットライフドーム,japan_series,high,False,True,,,[],[],,,,,0,light,2018-10-20T05:00:00+00:00,,UNKNOWN,,,,UNKNOWN,UNKNOWN,,UNKNOWN,,,,,,,,,,,,,,,,,,,,,,,,,,,,,,,,False,False,UNKNOWN,False,False
2018102102,2018-10-21 13:00:00,埼玉西武ライオンズ,福岡ソフトバンクホークス,5.0,6.0,UNKNOWN,メットライフドーム,japan_series,high,False,True,,,[],[],,,,,0,light,2018-10-21T04:00:00+00:00,,UNKNOWN,,,,UNKNOWN,UNKNOWN,,UNKNOWN,,,,,,,,,,,,,,,,,,,,,,,,,,,,,,,,False,False,UNKNOWN,False,False
2018102701,2018-10-27 18:30:00,広島東洋カープ,福岡ソフトバンクホークス,2.0,2.0,UNKNOWN,ＭＡＺＤＡ　Ｚｏｏｍ－Ｚｏｏｍ　スタジアム広島,climax,high,False,True,,,[],[],,,,,0,light,2018-10-27T09:30:00+00:00,,UNKNOWN,,,,UNKNOWN,UNKNOWN,,UNKNOWN,,,,,,,,,,,,,,,,,,,,,,,,,,,,,,,,False,False,UNKNOWN,False,False
2018102801,2018-10-28 18:30:00,広島東洋カープ,福岡ソフトバンクホークス,5.0,1.0,UNKNOWN,ＭＡＺＤＡ　Ｚｏｏｍ－Ｚｏｏｍ　スタジアム広島,climax,high,False,True,,,[],[],,,,,0,light,2018-10-28T09:30:00+00:00,,UNKNOWN,,,,UNKNOWN,UNKNOWN,,UNKNOWN,,,,,,,,,,,,,,,,,,,,,,,,,,,,,,,,False,False,UNKNOWN,False,False
2018103101,2018-10-31 18:30:00,福岡ソフトバンクホークス,広島東洋カープ,4.0,1.0,UNKNOWN,福岡 ヤフオク!ドーム,japan_series,high,False,True,,,[],[],,,,,0,light,2018-10-31T09:30:00+00:00,,UNKNOWN,,,,UNKNOWN,UNKNOWN,,UNKNOWN,,,,,,,,,,,,,,,,,,,,,,,,,,,,,,,,False,False,UNKNOWN,False,False
2018103001,2018-10-30 18:30:00,福岡ソフトバンクホークス,広島東洋カープ,9.0,8.0,UNKNOWN,福岡 ヤフオク!ドーム,japan_series,high,False,True,,,[],[],,,,,0,light,2018-10-30T09:30:00+00:00,,UNKNOWN,,,,UNKNOWN,UNKNOWN,,UNKNOWN,,,,,,,,,,,,,,,,,,,,,,,,,,,,,,,,False,False,UNKNOWN,False,False
2018110101,2018-11-01 18:30:00,福岡ソフトバンクホークス,広島東洋カープ,5.0,4.0,UNKNOWN,福岡 ヤフオク!ドーム,japan_series,high,False,True,,,[],[],,,,,0,light,2018-11-01T09:30:00+00:00,,UNKNOWN,,,,UNKNOWN,UNKNOWN,,UNKNOWN,,,,,,,,,,,,,,,,,,,,,,,,,,,,,,,,False,False,UNKNOWN,False,False
2018110301,2018-11-03 18:30:00,広島東洋カープ,福岡ソフトバンクホークス,0.0,2.0,UNKNOWN,ＭＡＺＤＡ　Ｚｏｏｍ－Ｚｏｏｍ　スタジアム広島,japan_series,high,False,True,,,[],[],,,,,0,light,2018-11-03T09:30:00+00:00,,UNKNOWN,,,,UNKNOWN,UNKNOWN,,UNKNOWN,,,,,,,,,,,,,,,,,,,,,,,,,,,,,,,,False,False,UNKNOWN,False,False
