game_id,datetime,home,away,home_score,away_score,game_type,venue,npb_game_category,npb_type_confidence,npb_training_default,npb_evaluation_default,home_starter,away_starter,home_lineup_json,away_lineup_json,home_pregame_starter,away_pregame_starter,home_pregame_lineup_json,away_pregame_lineup_json,player_rows_count,enrichment_mode,prediction_time_utc,starter_available_at,starter_state,starter_source,home_lineup_available_at,away_lineup_available_at,home_lineup_state,away_lineup_state,lineup_available_at,lineup_state,lineup_source,home_starter_era,home_starter_whip,home_starter_k9,home_starter_bb9,home_starter_hr9,home_starter_fip,home_starter_ip,home_starter_er,home_starter_h,home_starter_hr,home_starter_bb,home_starter_so,home_starter_pitches,home_starter_k_rate,home_starter_bb_rate,away_starter_era,away_starter_whip,away_starter_k9,away_starter_bb9,away_starter_hr9,away_starter_fip,away_starter_ip,away_starter_er,away_starter_h,away_starter_hr,away_starter_bb,away_starter_so,away_starter_pitches,away_starter_k_rate,away_starter_bb_rate,home_starter_line_ok,away_starter_line_ok,pregame_context_quality,pregame_starter_verified,pregame_lineup_verified
2021000011,2021-03-02 14:00:00,オリックス・バファローズ,千葉ロッテマリーンズ,6.0,6.0,UNKNOWN,京セラドーム大阪,excluded,high,False,False,1800054,1700109,[],[],,,,,0,light,2021-03-02T05:00:00+00:00,,UNKNOWN,,,,UNKNOWN,UNKNOWN,,UNKNOWN,,6.75,1.0,11.25,0.0,2.25,3.95,4.0,3.0,4.0,1.0,0.0,5.0,,,,2.25,1.0,6.75,2.25,0.0,2.45,4.0,1.0,3.0,0.0,1.0,3.0,,,,True,True,UNKNOWN,False,False
2021000016,2021-03-03 16:00:00,福岡ソフトバンクホークス,中日ドラゴンズ,4.0,1.0,UNKNOWN,福岡PayPayドーム,excluded,high,False,False,1800061,1100115,[],[],,,,,0,light,2021-03-03T07:00:00+00:00,,UNKNOWN,,,,UNKNOWN,UNKNOWN,,UNKNOWN,,6.75,0.75,6.75,0.0,4.5,8.2,4.0,3.0,3.0,2.0,0.0,3.0,,,,0.0,0.25,9.0,0.0,0.0,1.2000000000000002,4.0,0.0,1.0,0.0,0.0,4.0,,,,True,True,UNKNOWN,False,False
2021000020,2021-03-05 16:00:00,福岡ソフトバンクホークス,阪神タイガース,0.0,4.0,UNKNOWN,福岡PayPayドーム,excluded,high,False,False,900062,1300080,[],[],,,,,0,light,2021-03-05T07:00:00+00:00,,UNKNOWN,,,,UNKNOWN,UNKNOWN,,UNKNOWN,,0.0,2.0,4.5,13.5,0.0,6.7,2.0,0.0,1.0,0.0,3.0,1.0,,,,3.8571428571428568,1.2857142857142856,11.571428571428571,3.8571428571428568,3.8571428571428568,7.485714285714286,4.666666666666667,2.0,4.0,2.0,2.0,6.0,,,,True,True,UNKNOWN,False,False
2021000022,2021-03-06 13:00:00,千葉ロッテマリーンズ,埼玉西武ライオンズ,4.0,0.0,UNKNOWN,ZOZOマリンスタジアム,unknown,low,False,False,1900062,1300055,[],[],,,,,0,light,2021-03-06T04:00:00+00:00,,UNKNOWN,,,,UNKNOWN,UNKNOWN,,UNKNOWN,,7.2,1.6,9.0,3.6,1.8,5.0,5.0,4.0,6.0,1.0,2.0,5.0,,,,0.0,1.3333333333333333,6.0,0.0,0.0,1.866666666666667,3.0,0.0,4.0,0.0,0.0,2.0,,,,True,True,UNKNOWN,False,False
2021000015,2021-03-03 14:00:00,オリックス・バファローズ,千葉ロッテマリーンズ,0.0,2.0,UNKNOWN,京セラドーム大阪,excluded,high,False,False,1800052,1400195,[],[],,,,,0,light,2021-03-03T05:00:00+00:00,,UNKNOWN,,,,UNKNOWN,UNKNOWN,,UNKNOWN,,0.0,1.0,6.0,0.0,0.0,1.866666666666667,3.0,0.0,3.0,0.0,0.0,2.0,,,,4.5,1.5,9.0,4.5,0.0,2.7,4.0,2.0,4.0,0.0,2.0,4.0,,,,True,True,UNKNOWN,False,False
2021000018,2021-03-04 15:00:00,読売ジャイアンツ,東京ヤクルトスワローズ,3.0,2.0,UNKNOWN,東京ドーム,excluded,high,False,False,1200076,1200041,[],[],,,,,0,light,2021-03-04T06:00:00+00:00,,UNKNOWN,,,,UNKNOWN,UNKNOWN,,UNKNOWN,,2.4545454545454546,2.7272727272727275,7.363636363636364,7.363636363636364,0.0,4.0181818181818185,3.6666666666666665,1.0,7.0,0.0,3.0,3.0,,,,0.0,0.6666666666666666,6.0,0.0,0.0,1.866666666666667,3.0,0.0,2.0,0.0,0.0,2.0,,,,True,True,UNKNOWN,False,False
2021000023,2021-03-06 13:00:00,横浜DeNAベイスターズ,オリックス・バファローズ,0.0,5.0,UNKNOWN,横浜スタジアム,excluded,high,False,False,1900087,1300031,[],[],,,,,0,light,2021-03-06T04:00:00+00:00,,UNKNOWN,,,,UNKNOWN,UNKNOWN,,UNKNOWN,,0.0,0.4,5.4,0.0,0.0,2.0,5.0,0.0,2.0,0.0,0.0,3.0,,,,4.5,2.0,2.25,2.25,0.0,3.45,4.0,2.0,7.0,0.0,1.0,1.0,,,,True,True,UNKNOWN,False,False
2021000013,2021-03-03 18:00:00,北海道日本ハムファイターズ,埼玉西武ライオンズ,7.0,0.0,UNKNOWN,札幌ドーム,excluded,high,False,False,1800080,1100099,[],[],,,,,0,light,2021-03-03T09:00:00+00:00,,UNKNOWN,,,,UNKNOWN,UNKNOWN,,UNKNOWN,,7.363636363636364,1.9090909090909092,4.909090909090909,12.272727272727273,0.0,6.2,3.6666666666666665,3.0,2.0,0.0,5.0,2.0,,,,0.0,1.2,7.2,3.6,0.0,2.8000000000000003,5.0,0.0,4.0,0.0,2.0,4.0,,,,True,True,UNKNOWN,False,False
2021000014,2021-03-03 15:00:00,読売ジャイアンツ,東京ヤクルトスワローズ,1.0,6.0,UNKNOWN,東京ドーム,excluded,high,False,False,1800143,1900143,[],[],,,,,0,light,2021-03-03T06:00:00+00:00,,UNKNOWN,,,,UNKNOWN,UNKNOWN,,UNKNOWN,,0.0,1.0,9.0,4.5,0.0,2.7,2.0,0.0,1.0,0.0,1.0,2.0,,,,0.0,0.5,9.0,4.5,0.0,2.7,2.0,0.0,0.0,0.0,1.0,2.0,,,,True,True,UNKNOWN,False,False
2021000012,2021-03-02 16:00:00,福岡ソフトバンクホークス,中日ドラゴンズ,14.0,2.0,UNKNOWN,福岡PayPayドーム,excluded,high,False,False,1600109,1400129,[],[],,,,,0,light,2021-03-02T07:00:00+00:00,,UNKNOWN,,,,UNKNOWN,UNKNOWN,,UNKNOWN,,40.5,6.0,6.75,27.0,0.0,10.7,1.3333333333333333,6.0,4.0,0.0,4.0,1.0,,,,0.0,0.25,9.0,2.25,0.0,1.9500000000000002,4.0,0.0,0.0,0.0,1.0,4.0,,,,True,True,UNKNOWN,False,False
2021000017,2021-03-04 18:00:00,北海道日本ハムファイターズ,埼玉西武ライオンズ,1.0,6.0,UNKNOWN,札幌ドーム,excluded,high,False,False,1400182,500027,[],[],,,,,0,light,2021-03-04T09:00:00+00:00,,UNKNOWN,,,,UNKNOWN,UNKNOWN,,UNKNOWN,,0.0,1.4,5.4,3.6,0.0,3.2,5.0,0.0,5.0,0.0,2.0,3.0,,,,12.0,2.3333333333333335,3.0,3.0,3.0,7.866666666666667,3.0,4.0,6.0,1.0,1.0,1.0,,,,True,True,UNKNOWN,False,False
2021000019,2021-03-05 13:00:00,横浜DeNAベイスターズ,オリックス・バファローズ,5.0,1.0,UNKNOWN,横浜スタジアム,excluded,high,False,False,1600153,1600084,[],[],,,,,0,light,2021-03-05T04:00:00+00:00,,UNKNOWN,,,,UNKNOWN,UNKNOWN,,UNKNOWN,,3.6,1.2,5.4,1.8,1.8,5.2,5.0,2.0,5.0,1.0,1.0,3.0,,,,0.0,1.25,4.5,4.5,0.0,3.7,4.0,0.0,3.0,0.0,2.0,2.0,,,,True,True,UNKNOWN,False,False
2021000025,2021-03-06 13:00:00,広島東洋カープ,東京ヤクルトスワローズ,1.0,0.0,UNKNOWN,MAZDA Zoom-Zoom スタジアム広島,excluded,high,False,False,1300029,1300057,[],[],,,,,0,light,2021-03-06T04:00:00+00:00,,UNKNOWN,,,,UNKNOWN,UNKNOWN,,UNKNOWN,,0.0,1.0,4.5,4.5,0.0,3.7,2.0,0.0,1.0,0.0,1.0,1.0,,,,0.0,0.5,9.0,0.0,0.0,1.2000000000000002,4.0,0.0,2.0,0.0,0.0,4.0,,,,True,True,UNKNOWN,False,False
2021000028,2021-03-07 13:00:00,千葉ロッテマリーンズ,埼玉西武ライオンズ,2.0,4.0,UNKNOWN,ZOZOマリンスタジアム,excluded,high,False,False,1600131,2000087,[],[],,,,,0,light,2021-03-07T04:00:00+00:00,,UNKNOWN,,,,UNKNOWN,UNKNOWN,,UNKNOWN,,0.0,0.5,6.75,0.0,0.0,1.7000000000000002,4.0,0.0,2.0,0.0,0.0,3.0,,,,4.5,1.5,4.5,2.25,0.0,2.95,4.0,2.0,5.0,0.0,1.0,2.0,,,,True,True,UNKNOWN,False,False
2021000021,2021-03-06 18:00:00,北海道日本ハムファイターズ,読売ジャイアンツ,2.0,7.0,UNKNOWN,札幌ドーム,excluded,high,False,False,1800028,1800090,[],[],,,,,0,light,2021-03-06T09:00:00+00:00,,UNKNOWN,,,,UNKNOWN,UNKNOWN,,UNKNOWN,,0.0,0.8,9.0,1.8,0.0,1.8000000000000003,5.0,0.0,3.0,0.0,1.0,5.0,,,,2.25,1.75,11.25,2.25,0.0,1.4500000000000002,4.0,1.0,6.0,0.0,1.0,5.0,,,,True,True,UNKNOWN,False,False
2021000024,2021-03-06 14:00:00,中日ドラゴンズ,東北楽天ゴールデンイーグルス,2.0,1.0,UNKNOWN,バンテリンドーム ナゴヤ,excluded,high,False,False,500014,1600106,[],[],,,,,0,light,2021-03-06T05:00:00+00:00,,UNKNOWN,,,,UNKNOWN,UNKNOWN,,UNKNOWN,,0.0,1.6666666666666667,6.0,9.0,0.0,4.866666666666667,3.0,0.0,2.0,0.0,3.0,2.0,,,,1.8,1.0,10.8,1.8,0.0,1.4000000000000001,5.0,1.0,4.0,0.0,1.0,6.0,,,,True,True,UNKNOWN,False,False
2021000029,2021-03-07 13:00:00,横浜DeNAベイスターズ,オリックス・バファローズ,0.0,5.0,UNKNOWN,横浜スタジアム,excluded,high,False,False,1600150,1800043,[],[],,,,,0,light,2021-03-07T04:00:00+00:00,,UNKNOWN,,,,UNKNOWN,UNKNOWN,,UNKNOWN,,0.0,1.0714285714285714,9.642857142857142,3.8571428571428568,0.0,2.342857142857143,4.666666666666667,0.0,3.0,0.0,2.0,5.0,,,,6.75,2.0,6.75,6.75,4.5,10.45,4.0,3.0,5.0,2.0,3.0,3.0,,,,True,True,UNKNOWN,False,False
2021000027,2021-03-07 13:00:00,北海道日本ハムファイターズ,読売ジャイアンツ,1.0,4.0,UNKNOWN,札幌ドーム,excluded,high,False,False,1800023,2000079,[],[],,,,,0,light,2021-03-07T04:00:00+00:00,,UNKNOWN,,,,UNKNOWN,UNKNOWN,,UNKNOWN,,0.0,1.2857142857142856,5.785714285714286,7.7142857142857135,0.0,4.485714285714286,4.666666666666667,0.0,2.0,0.0,4.0,3.0,,,,6.75,1.75,4.5,6.75,0.0,4.45,4.0,3.0,4.0,0.0,3.0,2.0,,,,True,True,UNKNOWN,False,False
2021000026,2021-03-06 14:00:00,福岡ソフトバンクホークス,阪神タイガース,1.0,3.0,UNKNOWN,福岡PayPayドーム,excluded,high,False,False,1500090,1700130,[],[],,,,,0,light,2021-03-06T05:00:00+00:00,,UNKNOWN,,,,UNKNOWN,UNKNOWN,,UNKNOWN,,0.0,1.25,2.25,4.5,0.0,4.2,4.0,0.0,3.0,0.0,2.0,1.0,,,,3.6,1.2,3.6,0.0,3.6,7.6000000000000005,5.0,2.0,6.0,2.0,0.0,2.0,,,,True,True,UNKNOWN,False,False
2021000030,2021-03-07 14:00:00,中日ドラゴンズ,東北楽天ゴールデンイーグルス,3.0,2.0,UNKNOWN,バンテリンドーム ナゴヤ,excluded,high,False,False,2000121,1000138,[],[],,,,,0,light,2021-03-07T05:00:00+00:00,,UNKNOWN,,,,UNKNOWN,UNKNOWN,,UNKNOWN,,6.75,2.0,9.0,0.0,0.0,1.2000000000000002,4.0,3.0,8.0,0.0,0.0,4.0,,,,0.0,0.6666666666666666,15.0,0.0,0.0,-0.1333333333333333,3.0,0.0,2.0,0.0,0.0,5.0,,,,True,True,UNKNOWN,False,False
2021000033,2021-03-09 13:00:00,横浜DeNAベイスターズ,北海道日本ハムファイターズ,9.0,5.0,UNKNOWN,横浜スタジアム,excluded,high,False,False,1900070,1700060,[],[],,,,,0,light,2021-03-09T04:00:00+00:00,,UNKNOWN,,,,UNKNOWN,UNKNOWN,,UNKNOWN,,40.5,6.0,0.0,22.5,4.5,17.2,2.0,9.0,7.0,1.0,5.0,0.0,,,,9.0,1.4,5.4,5.4,3.6,9.0,5.0,5.0,4.0,2.0,3.0,3.0,,,,True,True,UNKNOWN,False,False
2021000034,2021-03-09 13:00:00,東北楽天ゴールデンイーグルス,千葉ロッテマリーンズ,3.0,2.0,UNKNOWN,草薙総合運動場野球場,excluded,high,False,False,1800052,700065,[],[],,,,,0,light,2021-03-09T04:00:00+00:00,,UNKNOWN,,,,UNKNOWN,UNKNOWN,,UNKNOWN,,2.25,0.75,0.0,4.5,0.0,4.7,4.0,1.0,1.0,0.0,2.0,0.0,,,,1.8,1.0,5.4,5.4,0.0,3.8000000000000003,5.0,1.0,2.0,0.0,3.0,3.0,,,,True,True,UNKNOWN,False,False
2021000031,2021-03-07 13:00:00,広島東洋カープ,東京ヤクルトスワローズ,2.0,0.0,UNKNOWN,MAZDA Zoom-Zoom スタジアム広島,excluded,high,False,False,1900024,1900052,[],[],,,,,0,light,2021-03-07T04:00:00+00:00,,UNKNOWN,,,,UNKNOWN,UNKNOWN,,UNKNOWN,,0.0,1.0,0.0,0.0,0.0,3.2,2.0,0.0,2.0,0.0,0.0,0.0,,,,0.0,0.0,6.75,0.0,0.0,1.7000000000000002,4.0,0.0,0.0,0.0,0.0,3.0,,,,True,True,UNKNOWN,False,False
2021000032,2021-03-07 13:00:00,福岡ソフトバンクホークス,阪神タイガース,4.0,3.0,UNKNOWN,福岡PayPayドーム,unknown,low,False,False,400098,20204,[],[],,,,,0,light,2021-03-07T04:00:00+00:00,,UNKNOWN,,,,UNKNOWN,UNKNOWN,,UNKNOWN,,12.0,3.0,9.0,3.0,3.0,6.533333333333333,3.0,4.0,8.0,1.0,1.0,3.0,,,,1.8,1.2,10.8,1.8,1.8,4.0,5.0,1.0,5.0,1.0,1.0,6.0,,,,True,True,UNKNOWN,False,False
2021000037,2021-03-09 13:00:00,阪神タイガース,広島東洋カープ,6.0,4.0,UNKNOWN,阪神甲子園球場,excluded,high,False,False,1600121,1900044,[],[],,,,,0,light,2021-03-09T04:00:00+00:00,,UNKNOWN,,,,UNKNOWN,UNKNOWN,,UNKNOWN,,11.25,2.5,2.25,4.5,0.0,4.2,4.0,5.0,8.0,0.0,2.0,1.0,,,,7.2,1.8,9.0,5.4,1.8,5.6,5.0,4.0,6.0,1.0,3.0,5.0,,,,True,True,UNKNOWN,False,False
2021000035,2021-03-09 13:00:00,中日ドラゴンズ,埼玉西武ライオンズ,2.0,7.0,UNKNOWN,ナゴヤ球場,excluded,high,False,False,1800080,1800061,[],[],,,,,0,light,2021-03-09T04:00:00+00:00,,UNKNOWN,,,,UNKNOWN,UNKNOWN,,UNKNOWN,,3.6,1.6,5.4,0.0,1.8,4.6,5.0,2.0,8.0,1.0,0.0,3.0,,,,15.75,2.75,2.25,2.25,2.25,6.7,4.0,7.0,10.0,1.0,1.0,1.0,,,,True,True,UNKNOWN,False,False
2021000039,2021-03-10 13:00:00,横浜DeNAベイスターズ,北海道日本ハムファイターズ,3.0,8.0,UNKNOWN,横浜スタジアム,excluded,high,False,False,1100099,2000034,[],[],,,,,0,light,2021-03-10T04:00:00+00:00,,UNKNOWN,,,,UNKNOWN,UNKNOWN,,UNKNOWN,,0.0,1.3333333333333333,7.5,3.0,0.0,2.5333333333333337,6.0,0.0,6.0,0.0,2.0,5.0,,,,6.75,1.75,6.75,4.5,2.25,6.45,4.0,3.0,5.0,1.0,2.0,3.0,,,,True,True,UNKNOWN,False,False
2021000041,2021-03-10 13:00:00,中日ドラゴンズ,埼玉西武ライオンズ,2.0,14.0,UNKNOWN,ナゴヤ球場,excluded,high,False,False,1600127,1200055,[],[],,,,,0,light,2021-03-10T04:00:00+00:00,,UNKNOWN,,,,UNKNOWN,UNKNOWN,,UNKNOWN,,0.0,0.6,5.4,1.8,0.0,2.6,5.0,0.0,2.0,0.0,1.0,3.0,,,,27.0,4.666666666666667,3.0,6.0,3.0,8.866666666666667,3.0,9.0,12.0,1.0,2.0,1.0,,,,True,True,UNKNOWN,False,False
2021000036,2021-03-09 18:00:00,オリックス・バファローズ,東京ヤクルトスワローズ,4.0,1.0,UNKNOWN,京セラドーム大阪,excluded,high,False,False,1800143,1700109,[],[],,,,,0,light,2021-03-09T09:00:00+00:00,,UNKNOWN,,,,UNKNOWN,UNKNOWN,,UNKNOWN,,3.0,1.6666666666666667,15.0,6.0,0.0,1.866666666666667,3.0,1.0,3.0,0.0,2.0,5.0,,,,1.5,0.6666666666666666,9.0,1.5,1.5,3.8666666666666667,6.0,1.0,3.0,1.0,1.0,6.0,,,,True,True,UNKNOWN,False,False
2021000038,2021-03-09 18:00:00,福岡ソフトバンクホークス,読売ジャイアンツ,5.0,3.0,UNKNOWN,福岡PayPayドーム,excluded,high,False,False,1900143,1800107,[],[],,,,,0,light,2021-03-09T09:00:00+00:00,,UNKNOWN,,,,UNKNOWN,UNKNOWN,,UNKNOWN,,4.5,1.75,4.5,6.75,0.0,4.45,4.0,2.0,4.0,0.0,3.0,2.0,,,,6.75,2.0,2.25,6.75,0.0,4.95,4.0,3.0,5.0,0.0,3.0,1.0,,,,True,True,UNKNOWN,False,False
2021000040,2021-03-10 13:00:00,東北楽天ゴールデンイーグルス,千葉ロッテマリーンズ,4.0,8.0,UNKNOWN,草薙総合運動場野球場,excluded,high,False,False,1400190,1200117,[],[],,,,,0,light,2021-03-10T04:00:00+00:00,,UNKNOWN,,,,UNKNOWN,UNKNOWN,,UNKNOWN,,0.0,1.0,0.0,4.5,0.0,4.7,4.0,0.0,2.0,0.0,2.0,0.0,,,,6.230769230769231,0.9230769230769231,8.307692307692308,0.0,0.0,1.353846153846154,4.333333333333333,3.0,4.0,0.0,0.0,4.0,,,,True,True,UNKNOWN,False,False
2021000043,2021-03-10 13:00:00,阪神タイガース,広島東洋カープ,9.0,3.0,UNKNOWN,阪神甲子園球場,unknown,low,False,False,1300061,1800068,[],[],,,,,0,light,2021-03-10T04:00:00+00:00,,UNKNOWN,,,,UNKNOWN,UNKNOWN,,UNKNOWN,,6.75,1.5,6.75,4.5,0.0,3.2,4.0,3.0,4.0,0.0,2.0,3.0,,,,3.6,1.2,9.0,3.6,0.0,2.4000000000000004,5.0,2.0,4.0,0.0,2.0,5.0,,,,True,True,UNKNOWN,False,False
2021000042,2021-03-10 18:00:00,オリックス・バファローズ,東京ヤクルトスワローズ,7.0,6.0,UNKNOWN,京セラドーム大阪,unknown,low,False,False,12113,1400195,[],[],,,,,0,light,2021-03-10T09:00:00+00:00,,UNKNOWN,,,,UNKNOWN,UNKNOWN,,UNKNOWN,,37.800000000000004,5.4,16.200000000000003,0.0,5.4,7.4,1.6666666666666665,7.0,9.0,1.0,0.0,3.0,,,,1.8,1.2,0.0,1.8,0.0,3.8000000000000003,5.0,1.0,5.0,0.0,1.0,0.0,,,,True,True,UNKNOWN,False,False
2021000046,2021-03-12 13:00:00,東京ヤクルトスワローズ,福岡ソフトバンクホークス,8.0,8.0,UNKNOWN,明治神宮野球場,excluded,high,False,False,1300080,1200076,[],[],,,,,0,light,2021-03-12T04:00:00+00:00,,UNKNOWN,,,,UNKNOWN,UNKNOWN,,UNKNOWN,,7.941176470588235,2.2941176470588234,11.117647058823529,6.352941176470588,3.176470588235294,7.435294117647059,5.666666666666667,5.0,9.0,2.0,4.0,7.0,,,,0.0,0.4,5.4,0.0,0.0,2.0,5.0,0.0,2.0,0.0,0.0,3.0,,,,True,True,UNKNOWN,False,False
2021000044,2021-03-10 18:00:00,福岡ソフトバンクホークス,読売ジャイアンツ,1.0,1.0,UNKNOWN,福岡PayPayドーム,excluded,high,False,False,1100038,1100115,[],[],,,,,0,light,2021-03-10T09:00:00+00:00,,UNKNOWN,,,,UNKNOWN,UNKNOWN,,UNKNOWN,,0.0,1.0,3.6,3.6,0.0,3.6,5.0,0.0,3.0,0.0,2.0,2.0,,,,0.0,0.8,9.0,3.6,0.0,2.4000000000000004,5.0,0.0,2.0,0.0,2.0,5.0,,,,True,True,UNKNOWN,False,False
2021000049,2021-03-12 18:00:00,オリックス・バファローズ,読売ジャイアンツ,2.0,3.0,UNKNOWN,京セラドーム大阪,excluded,high,False,False,1200041,1600153,[],[],,,,,0,light,2021-03-12T09:00:00+00:00,,UNKNOWN,,,,UNKNOWN,UNKNOWN,,UNKNOWN,,0.0,0.8,5.4,1.8,0.0,2.6,5.0,0.0,3.0,0.0,1.0,3.0,,,,1.125,0.5,9.0,1.125,1.125,3.2,8.0,1.0,3.0,1.0,1.0,8.0,,,,True,True,UNKNOWN,False,False
2021000047,2021-03-12 13:00:00,千葉ロッテマリーンズ,中日ドラゴンズ,3.0,2.0,UNKNOWN,ZOZOマリンスタジアム,excluded,high,False,False,1500074,1300055,[],[],,,,,0,light,2021-03-12T04:00:00+00:00,,UNKNOWN,,,,UNKNOWN,UNKNOWN,,UNKNOWN,,3.6,1.8,1.8,5.4,0.0,4.6,5.0,2.0,6.0,0.0,3.0,1.0,,,,0.0,0.8,7.2,0.0,0.0,1.6,5.0,0.0,4.0,0.0,0.0,4.0,,,,True,True,UNKNOWN,False,False
2021000050,2021-03-12 13:00:00,阪神タイガース,埼玉西武ライオンズ,3.0,3.0,UNKNOWN,阪神甲子園球場,unknown,low,False,False,1400182,1200062,[],[],,,,,0,light,2021-03-12T04:00:00+00:00,,UNKNOWN,,,,UNKNOWN,UNKNOWN,,UNKNOWN,,5.4,2.0,5.4,5.4,3.6,9.0,5.0,3.0,7.0,2.0,3.0,3.0,,,,5.4,1.2,5.4,5.4,0.0,3.8000000000000003,5.0,3.0,3.0,0.0,3.0,3.0,,,,True,True,UNKNOWN,False,False
2021000045,2021-03-11 13:00:00,東北楽天ゴールデンイーグルス,千葉ロッテマリーンズ,8.0,5.0,UNKNOWN,草薙総合運動場野球場,excluded,high,False,False,1900085,1900117,[],[],,,,,0,light,2021-03-11T04:00:00+00:00,,UNKNOWN,,,,UNKNOWN,UNKNOWN,,UNKNOWN,,0.0,0.6666666666666666,6.0,3.0,0.0,2.8666666666666667,3.0,0.0,1.0,0.0,1.0,2.0,,,,5.4,1.0,1.8,3.6,1.8,6.6,5.0,3.0,3.0,1.0,2.0,1.0,,,,True,True,UNKNOWN,False,False
2021000056,2021-03-13 13:00:00,阪神タイガース,埼玉西武ライオンズ,2.0,6.0,UNKNOWN,阪神甲子園球場,excluded,high,False,False,1900062,1500090,[],[],,,,,0,light,2021-03-13T04:00:00+00:00,,UNKNOWN,,,,UNKNOWN,UNKNOWN,,UNKNOWN,,3.6,1.4,7.2,7.2,3.6,9.2,5.0,2.0,3.0,2.0,4.0,4.0,,,,6.0,1.3333333333333333,10.5,3.0,1.5,4.033333333333333,6.0,4.0,6.0,1.0,2.0,7.0,,,,True,True,UNKNOWN,False,False
2021000057,2021-03-13 13:00:00,広島東洋カープ,北海道日本ハムファイターズ,3.0,1.0,UNKNOWN,MAZDA Zoom-Zoom スタジアム広島,unknown,low,False,False,1600093,1300057,[],[],,,,,0,light,2021-03-13T04:00:00+00:00,,UNKNOWN,,,,UNKNOWN,UNKNOWN,,UNKNOWN,,0.0,0.6666666666666666,6.0,0.0,0.0,1.866666666666667,3.0,0.0,2.0,0.0,0.0,2.0,,,,0.0,0.4,16.2,1.8,0.0,0.20000000000000018,5.0,0.0,1.0,0.0,1.0,9.0,,,,True,True,UNKNOWN,False,False
2021000055,2021-03-13 18:00:00,オリックス・バファローズ,読売ジャイアンツ,3.0,1.0,UNKNOWN,京セラドーム大阪,excluded,high,False,False,1800028,1900087,[],[],,,,,0,light,2021-03-13T09:00:00+00:00,,UNKNOWN,,,,UNKNOWN,UNKNOWN,,UNKNOWN,,3.0,1.1666666666666667,12.0,0.0,1.5,2.7,6.0,2.0,7.0,1.0,0.0,8.0,,,,1.8,1.0,7.2,5.4,1.8,6.0,5.0,1.0,2.0,1.0,3.0,4.0,,,,True,True,UNKNOWN,False,False
2021000058,2021-03-14 13:00:00,東京ヤクルトスワローズ,中日ドラゴンズ,5.0,4.0,UNKNOWN,明治神宮野球場,unknown,low,False,False,1600106,1900024,[],[],,,,,0,light,2021-03-14T04:00:00+00:00,,UNKNOWN,,,,UNKNOWN,UNKNOWN,,UNKNOWN,,7.5,1.5,3.0,1.5,0.0,3.0333333333333337,6.0,5.0,8.0,0.0,1.0,2.0,,,,10.125,2.25,13.5,3.375,3.375,6.2,2.6666666666666665,3.0,5.0,1.0,1.0,4.0,,,,True,True,UNKNOWN,False,False
2021000059,2021-03-14 13:00:00,千葉ロッテマリーンズ,福岡ソフトバンクホークス,0.0,2.0,UNKNOWN,ZOZOマリンスタジアム,excluded,high,False,False,1700130,2000087,[],[],,,,,0,light,2021-03-14T04:00:00+00:00,,UNKNOWN,,,,UNKNOWN,UNKNOWN,,UNKNOWN,,0.0,0.7894736842105263,1.4210526315789473,1.4210526315789473,0.0,3.3578947368421055,6.333333333333333,0.0,4.0,0.0,1.0,1.0,,,,0.0,0.6,9.0,3.6,0.0,2.4000000000000004,5.0,0.0,1.0,0.0,2.0,5.0,,,,True,True,UNKNOWN,False,False
2021000060,2021-03-14 13:00:00,東北楽天ゴールデンイーグルス,横浜DeNAベイスターズ,3.0,1.0,UNKNOWN,草薙総合運動場野球場,unknown,low,False,False,1300031,700069,[],[],,,,,0,light,2021-03-14T04:00:00+00:00,,UNKNOWN,,,,UNKNOWN,UNKNOWN,,UNKNOWN,,6.0,2.3333333333333335,9.0,3.0,0.0,2.2,3.0,2.0,6.0,0.0,1.0,3.0,,,,1.8,0.8,5.4,0.0,0.0,2.0,5.0,1.0,4.0,0.0,0.0,3.0,,,,True,True,UNKNOWN,False,False
2021000062,2021-03-14 13:00:00,阪神タイガース,読売ジャイアンツ,1.0,0.0,UNKNOWN,阪神甲子園球場,excluded,high,False,False,1800023,1900046,[],[],,,,,0,light,2021-03-14T04:00:00+00:00,,UNKNOWN,,,,UNKNOWN,UNKNOWN,,UNKNOWN,,1.8,1.0,3.6,3.6,1.8,6.2,5.0,1.0,3.0,1.0,2.0,2.0,,,,0.0,0.75,0.0,4.5,0.0,4.7,4.0,0.0,1.0,0.0,2.0,0.0,,,,True,True,UNKNOWN,False,False
2021000063,2021-03-14 13:00:00,広島東洋カープ,北海道日本ハムファイターズ,0.0,2.0,UNKNOWN,MAZDA Zoom-Zoom スタジアム広島,excluded,high,False,False,2000079,1300058,[],[],,,,,0,light,2021-03-14T04:00:00+00:00,,UNKNOWN,,,,UNKNOWN,UNKNOWN,,UNKNOWN,,0.0,0.8571428571428571,9.0,2.5714285714285716,0.0,2.0571428571428574,7.0,0.0,4.0,0.0,2.0,7.0,,,,1.8,0.8,5.4,0.0,1.8,4.6,5.0,1.0,4.0,1.0,0.0,3.0,,,,True,True,UNKNOWN,False,False
2021000061,2021-03-14 14:00:00,オリックス・バファローズ,埼玉西武ライオンズ,5.0,0.0,UNKNOWN,京セラドーム大阪,unknown,low,False,False,1600131,1900145,[],[],,,,,0,light,2021-03-14T05:00:00+00:00,,UNKNOWN,,,,UNKNOWN,UNKNOWN,,UNKNOWN,,0.0,0.3333333333333333,9.0,3.0,0.0,2.2,3.0,0.0,0.0,0.0,1.0,3.0,,,,0.0,0.0,0.0,0.0,0.0,3.2,1.0,0.0,0.0,0.0,0.0,0.0,,,,True,True,UNKNOWN,False,False
2021000065,2021-03-16 13:00:00,東京ヤクルトスワローズ,阪神タイガース,6.0,9.0,UNKNOWN,明治神宮野球場,excluded,high,False,False,900062,1800143,[],[],,,,,0,light,2021-03-16T04:00:00+00:00,,UNKNOWN,,,,UNKNOWN,UNKNOWN,,UNKNOWN,,3.6,1.6,3.6,3.6,0.0,3.6,5.0,2.0,6.0,0.0,2.0,2.0,,,,18.0,3.3333333333333335,12.0,6.0,0.0,2.5333333333333337,3.0,6.0,8.0,0.0,2.0,4.0,,,,True,True,UNKNOWN,False,False
2021000067,2021-03-16 13:00:00,東北楽天ゴールデンイーグルス,オリックス・バファローズ,3.0,5.0,UNKNOWN,草薙総合運動場野球場,excluded,high,False,False,1700109,700065,[],[],,,,,0,light,2021-03-16T04:00:00+00:00,,UNKNOWN,,,,UNKNOWN,UNKNOWN,,UNKNOWN,,4.5,1.1666666666666667,9.0,1.5,1.5,3.8666666666666667,6.0,3.0,6.0,1.0,1.0,6.0,,,,1.9285714285714284,2.142857142857143,1.9285714285714284,3.8571428571428568,0.0,4.057142857142857,4.666666666666667,1.0,8.0,0.0,2.0,1.0,,,,True,True,UNKNOWN,False,False
2021000066,2021-03-16 13:00:00,埼玉西武ライオンズ,広島東洋カープ,1.0,0.0,UNKNOWN,メットライフドーム,excluded,high,False,False,1900052,1800080,[],[],,,,,0,light,2021-03-16T04:00:00+00:00,,UNKNOWN,,,,UNKNOWN,UNKNOWN,,UNKNOWN,,0.0,1.9285714285714284,9.642857142857142,5.785714285714286,0.0,2.9857142857142858,4.666666666666667,0.0,6.0,0.0,3.0,5.0,,,,0.0,0.8999999999999999,6.75,2.6999999999999997,0.0,2.6,6.666666666666667,0.0,4.0,0.0,2.0,5.0,,,,True,True,UNKNOWN,False,False
2021000068,2021-03-16 17:00:00,中日ドラゴンズ,読売ジャイアンツ,6.0,1.0,UNKNOWN,バンテリンドーム ナゴヤ,excluded,high,False,False,1900143,1000138,[],[],,,,,0,light,2021-03-16T08:00:00+00:00,,UNKNOWN,,,,UNKNOWN,UNKNOWN,,UNKNOWN,,5.0625,1.125,5.0625,3.375,1.6875,5.6375,5.333333333333333,3.0,4.0,1.0,2.0,3.0,,,,1.8,1.0,7.2,1.8,0.0,2.2,5.0,1.0,4.0,0.0,1.0,4.0,,,,True,True,UNKNOWN,False,False
2021000069,2021-03-16 18:00:00,福岡ソフトバンクホークス,横浜DeNAベイスターズ,1.0,0.0,UNKNOWN,福岡PayPayドーム,excluded,high,False,False,1800043,1400129,[],[],,,,,0,light,2021-03-16T09:00:00+00:00,,UNKNOWN,,,,UNKNOWN,UNKNOWN,,UNKNOWN,,2.25,1.5,4.5,2.25,0.0,2.95,4.0,1.0,5.0,0.0,1.0,2.0,,,,0.0,1.2,7.2,3.6,0.0,2.8000000000000003,5.0,0.0,4.0,0.0,2.0,4.0,,,,True,True,UNKNOWN,False,False
2021000064,2021-03-16 18:00:00,北海道日本ハムファイターズ,千葉ロッテマリーンズ,3.0,2.0,UNKNOWN,札幌ドーム,excluded,high,False,False,1800052,1900070,[],[],,,,,0,light,2021-03-16T09:00:00+00:00,,UNKNOWN,,,,UNKNOWN,UNKNOWN,,UNKNOWN,,5.4,2.0,7.2,5.4,1.8,6.0,5.0,3.0,7.0,1.0,3.0,4.0,,,,1.5,0.6666666666666666,6.0,3.0,0.0,2.8666666666666667,6.0,1.0,2.0,0.0,2.0,4.0,,,,True,True,UNKNOWN,False,False
2021000071,2021-03-17 13:00:00,東京ヤクルトスワローズ,広島東洋カープ,0.0,11.0,UNKNOWN,明治神宮野球場,excluded,high,False,False,1600123,12113,[],[],,,,,0,light,2021-03-17T04:00:00+00:00,,UNKNOWN,,,,UNKNOWN,UNKNOWN,,UNKNOWN,,0.0,0.75,2.25,4.5,0.0,4.2,4.0,0.0,1.0,0.0,2.0,1.0,,,,27.0,3.3333333333333335,9.0,6.0,3.0,7.533333333333333,3.0,9.0,8.0,1.0,2.0,3.0,,,,True,True,UNKNOWN,False,False
2021000072,2021-03-17 13:00:00,埼玉西武ライオンズ,阪神タイガース,3.0,5.0,UNKNOWN,メットライフドーム,unknown,low,False,False,900425,1600127,[],[],,,,,0,light,2021-03-17T04:00:00+00:00,,UNKNOWN,,,,UNKNOWN,UNKNOWN,,UNKNOWN,,0.0,1.0,5.4,1.8,0.0,2.6,5.0,0.0,4.0,0.0,1.0,3.0,,,,5.4,1.2,5.4,5.4,3.6,9.0,5.0,3.0,3.0,2.0,3.0,3.0,,,,True,True,UNKNOWN,False,False
2021000074,2021-03-17 17:00:00,中日ドラゴンズ,読売ジャイアンツ,4.0,9.0,UNKNOWN,バンテリンドーム ナゴヤ,excluded,high,False,False,2000005,1800061,[],[],,,,,0,light,2021-03-17T08:00:00+00:00,,UNKNOWN,,,,UNKNOWN,UNKNOWN,,UNKNOWN,,4.5,1.5,9.0,0.0,0.0,1.2000000000000002,4.0,2.0,6.0,0.0,0.0,4.0,,,,9.818181818181818,2.7272727272727275,9.818181818181818,4.909090909090909,0.0,2.6545454545454548,3.6666666666666665,4.0,8.0,0.0,2.0,4.0,,,,True,True,UNKNOWN,False,False
2021000073,2021-03-17 13:00:00,東北楽天ゴールデンイーグルス,オリックス・バファローズ,13.0,1.0,UNKNOWN,草薙総合運動場野球場,excluded,high,False,False,1500088,1200117,[],[],,,,,0,light,2021-03-17T04:00:00+00:00,,UNKNOWN,,,,UNKNOWN,UNKNOWN,,UNKNOWN,,5.3999999999999995,2.6999999999999997,5.3999999999999995,2.6999999999999997,0.0,2.9000000000000004,3.3333333333333335,2.0,8.0,0.0,1.0,2.0,,,,0.0,0.8571428571428571,9.0,0.0,0.0,1.2000000000000002,7.0,0.0,6.0,0.0,0.0,7.0,,,,True,True,UNKNOWN,False,False
2021000075,2021-03-17 18:00:00,福岡ソフトバンクホークス,横浜DeNAベイスターズ,2.0,1.0,UNKNOWN,福岡PayPayドーム,unknown,low,False,False,2000034,1100115,[],[],,,,,0,light,2021-03-17T09:00:00+00:00,,UNKNOWN,,,,UNKNOWN,UNKNOWN,,UNKNOWN,,1.8,1.0,7.2,5.4,1.8,6.0,5.0,1.0,2.0,1.0,3.0,4.0,,,,1.5,1.3333333333333333,7.5,7.5,0.0,4.033333333333333,6.0,1.0,3.0,0.0,5.0,5.0,,,,True,True,UNKNOWN,False,False
2021000070,2021-03-17 18:00:00,北海道日本ハムファイターズ,千葉ロッテマリーンズ,3.0,4.0,UNKNOWN,札幌ドーム,excluded,high,False,False,1900085,1100099,[],[],,,,,0,light,2021-03-17T09:00:00+00:00,,UNKNOWN,,,,UNKNOWN,UNKNOWN,,UNKNOWN,,0.0,0.9230769230769231,2.076923076923077,0.0,0.0,2.7384615384615385,4.333333333333333,0.0,4.0,0.0,0.0,1.0,,,,6.75,2.0,6.75,2.25,0.0,2.45,4.0,3.0,7.0,0.0,1.0,3.0,,,,True,True,UNKNOWN,False,False
2021000078,2021-03-19 13:00:00,東京ヤクルトスワローズ,東北楽天ゴールデンイーグルス,8.0,4.0,UNKNOWN,明治神宮野球場,unknown,low,False,False,500014,1200076,[],[],,,,,0,light,2021-03-19T04:00:00+00:00,,UNKNOWN,,,,UNKNOWN,UNKNOWN,,UNKNOWN,,19.636363636363637,3.0,9.818181818181818,9.818181818181818,4.909090909090909,11.381818181818183,3.6666666666666665,8.0,7.0,2.0,4.0,4.0,,,,5.0625,1.3125,5.0625,0.0,1.6875,4.5125,5.333333333333333,3.0,7.0,1.0,0.0,3.0,,,,True,True,UNKNOWN,False,False
2021000076,2021-03-18 13:00:00,東北楽天ゴールデンイーグルス,オリックス・バファローズ,7.0,2.0,UNKNOWN,草薙総合運動場野球場,excluded,high,False,False,1000027,1900117,[],[],,,,,0,light,2021-03-18T04:00:00+00:00,,UNKNOWN,,,,UNKNOWN,UNKNOWN,,UNKNOWN,,0.0,1.0,4.5,4.5,0.0,3.7,2.0,0.0,1.0,0.0,1.0,1.0,,,,3.0,1.5,6.0,3.0,0.0,2.8666666666666667,6.0,2.0,7.0,0.0,2.0,4.0,,,,True,True,UNKNOWN,False,False
2021000079,2021-03-19 13:00:00,埼玉西武ライオンズ,横浜DeNAベイスターズ,1.0,5.0,UNKNOWN,メットライフドーム,excluded,high,False,False,1600081,1400182,[],[],,,,,0,light,2021-03-19T04:00:00+00:00,,UNKNOWN,,,,UNKNOWN,UNKNOWN,,UNKNOWN,,2.25,1.0,9.0,0.0,2.25,4.45,4.0,1.0,4.0,1.0,0.0,4.0,,,,1.8,0.8,12.6,1.8,1.8,3.6,5.0,1.0,3.0,1.0,1.0,7.0,,,,True,True,UNKNOWN,False,False
2021000077,2021-03-19 15:00:00,読売ジャイアンツ,千葉ロッテマリーンズ,2.0,3.0,UNKNOWN,東京ドーム,excluded,high,False,False,1300055,1200041,[],[],,,,,0,light,2021-03-19T06:00:00+00:00,,UNKNOWN,,,,UNKNOWN,UNKNOWN,,UNKNOWN,,0.0,0.8,5.4,0.0,0.0,2.0,5.0,0.0,4.0,0.0,0.0,3.0,,,,0.0,0.3333333333333333,9.0,0.0,0.0,1.2000000000000002,3.0,0.0,1.0,0.0,0.0,3.0,,,,True,True,UNKNOWN,False,False
2021000080,2021-03-19 17:00:00,中日ドラゴンズ,北海道日本ハムファイターズ,2.0,1.0,UNKNOWN,バンテリンドーム ナゴヤ,excluded,high,False,False,1600093,1200055,[],[],,,,,0,light,2021-03-19T08:00:00+00:00,,UNKNOWN,,,,UNKNOWN,UNKNOWN,,UNKNOWN,,0.0,0.6,3.6,1.8,0.0,3.0,5.0,0.0,2.0,0.0,1.0,2.0,,,,0.0,0.5,6.0,3.0,0.0,2.8666666666666667,6.0,0.0,1.0,0.0,2.0,4.0,,,,True,True,UNKNOWN,False,False
2021000081,2021-03-19 18:00:00,オリックス・バファローズ,阪神タイガース,1.0,3.0,UNKNOWN,京セラドーム大阪,excluded,high,False,False,1200062,1600153,[],[],,,,,0,light,2021-03-19T09:00:00+00:00,,UNKNOWN,,,,UNKNOWN,UNKNOWN,,UNKNOWN,,2.25,2.0,6.75,6.75,0.0,3.95,4.0,1.0,5.0,0.0,3.0,3.0,,,,1.8,1.4,7.2,5.4,0.0,3.4000000000000004,5.0,1.0,4.0,0.0,3.0,4.0,,,,True,True,UNKNOWN,False,False
2021000082,2021-03-19 18:00:00,福岡ソフトバンクホークス,広島東洋カープ,2.0,1.0,UNKNOWN,福岡PayPayドーム,unknown,low,False,False,1300057,1300080,[],[],,,,,0,light,2021-03-19T09:00:00+00:00,,UNKNOWN,,,,UNKNOWN,UNKNOWN,,UNKNOWN,,0.0,0.6666666666666666,9.0,3.0,0.0,2.2,6.0,0.0,2.0,0.0,2.0,6.0,,,,0.0,0.75,13.5,0.0,0.0,0.20000000000000018,4.0,0.0,3.0,0.0,0.0,6.0,,,,True,True,UNKNOWN,False,False
2021000085,2021-03-20 13:00:00,埼玉西武ライオンズ,東京ヤクルトスワローズ,2.0,1.0,UNKNOWN,メットライフドーム,excluded,high,False,False,1300029,1900062,[],[],,,,,0,light,2021-03-20T04:00:00+00:00,,UNKNOWN,,,,UNKNOWN,UNKNOWN,,UNKNOWN,,3.0,1.1666666666666667,6.0,1.5,0.0,2.3666666666666667,6.0,2.0,6.0,0.0,1.0,4.0,,,,0.0,0.6666666666666666,4.5,4.5,0.0,3.7,6.0,0.0,1.0,0.0,3.0,3.0,,,,True,True,UNKNOWN,False,False
2021000088,2021-03-20 13:00:00,福岡ソフトバンクホークス,広島東洋カープ,2.0,1.0,UNKNOWN,福岡PayPayドーム,excluded,high,False,False,1300058,1700130,[],[],,,,,0,light,2021-03-20T04:00:00+00:00,,UNKNOWN,,,,UNKNOWN,UNKNOWN,,UNKNOWN,,3.0,0.8333333333333334,12.0,0.0,0.0,0.5333333333333337,6.0,2.0,5.0,0.0,0.0,8.0,,,,2.25,1.25,4.5,2.25,0.0,2.95,4.0,1.0,4.0,0.0,1.0,2.0,,,,True,True,UNKNOWN,False,False
2021000083,2021-03-20 14:00:00,読売ジャイアンツ,東北楽天ゴールデンイーグルス,3.0,6.0,UNKNOWN,東京ドーム,unknown,low,False,False,700069,1800028,[],[],,,,,0,light,2021-03-20T05:00:00+00:00,,UNKNOWN,,,,UNKNOWN,UNKNOWN,,UNKNOWN,,1.2857142857142858,0.7142857142857143,5.142857142857143,2.5714285714285716,1.2857142857142858,4.771428571428571,7.0,1.0,3.0,1.0,2.0,4.0,,,,0.0,0.6666666666666666,9.0,0.0,0.0,1.2000000000000002,3.0,0.0,2.0,0.0,0.0,3.0,,,,True,True,UNKNOWN,False,False
2021000086,2021-03-20 14:00:00,中日ドラゴンズ,北海道日本ハムファイターズ,0.0,11.0,UNKNOWN,バンテリンドーム ナゴヤ,excluded,high,False,False,1500110,1600106,[],[],,,,,0,light,2021-03-20T05:00:00+00:00,,UNKNOWN,,,,UNKNOWN,UNKNOWN,,UNKNOWN,,0.0,0.27272727272727276,2.4545454545454546,0.0,0.0,2.6545454545454548,7.333333333333333,0.0,2.0,0.0,0.0,2.0,,,,14.4,2.6,9.0,3.6,3.6,7.6000000000000005,5.0,8.0,11.0,2.0,2.0,5.0,,,,True,True,UNKNOWN,False,False
2021000084,2021-03-20 14:00:00,横浜DeNAベイスターズ,千葉ロッテマリーンズ,1.0,3.0,UNKNOWN,横浜スタジアム,excluded,high,False,False,1600141,1300031,[],[],,,,,0,light,2021-03-20T05:00:00+00:00,,UNKNOWN,,,,UNKNOWN,UNKNOWN,,UNKNOWN,,3.0,0.3333333333333333,6.0,0.0,3.0,6.2,3.0,1.0,1.0,1.0,0.0,2.0,,,,5.4,1.6,3.6,0.0,3.6,7.6000000000000005,5.0,3.0,8.0,2.0,0.0,2.0,,,,True,True,UNKNOWN,False,False
2021000087,2021-03-20 14:00:00,阪神タイガース,オリックス・バファローズ,2.0,1.0,UNKNOWN,京セラドーム大阪,excluded,high,False,False,1900087,1500090,[],[],,,,,0,light,2021-03-20T05:00:00+00:00,,UNKNOWN,,,,UNKNOWN,UNKNOWN,,UNKNOWN,,1.5,0.5,16.5,0.0,0.0,-0.46666666666666634,6.0,1.0,3.0,0.0,0.0,11.0,,,,0.0,0.3333333333333333,15.0,0.0,0.0,-0.1333333333333333,6.0,0.0,2.0,0.0,0.0,10.0,,,,True,True,UNKNOWN,False,False
2021000091,2021-03-21 13:00:00,埼玉西武ライオンズ,東京ヤクルトスワローズ,8.0,6.0,UNKNOWN,メットライフドーム,excluded,high,False,False,1900024,1600131,[],[],,,,,0,light,2021-03-21T04:00:00+00:00,,UNKNOWN,,,,UNKNOWN,UNKNOWN,,UNKNOWN,,6.230769230769231,1.3846153846153848,8.307692307692308,0.0,0.0,1.353846153846154,4.333333333333333,3.0,6.0,0.0,0.0,4.0,,,,7.941176470588235,1.588235294117647,6.352941176470588,1.588235294117647,1.588235294117647,4.6117647058823525,5.666666666666667,5.0,8.0,1.0,1.0,4.0,,,,True,True,UNKNOWN,False,False
2021000092,2021-03-21 13:00:00,中日ドラゴンズ,北海道日本ハムファイターズ,9.0,2.0,UNKNOWN,バンテリンドーム ナゴヤ,unknown,low,False,False,1700029,1500074,[],[],,,,,0,light,2021-03-21T04:00:00+00:00,,UNKNOWN,,,,UNKNOWN,UNKNOWN,,UNKNOWN,,4.5,2.75,6.75,0.0,0.0,1.7000000000000002,4.0,2.0,11.0,0.0,0.0,3.0,,,,1.5,0.5,7.5,3.0,0.0,2.5333333333333337,6.0,1.0,1.0,0.0,2.0,5.0,,,,True,True,UNKNOWN,False,False
2021000093,2021-03-21 13:00:00,オリックス・バファローズ,阪神タイガース,1.0,1.0,UNKNOWN,京セラドーム大阪,excluded,high,False,False,1900147,1600150,[],[],,,,,0,light,2021-03-21T04:00:00+00:00,,UNKNOWN,,,,UNKNOWN,UNKNOWN,,UNKNOWN,,0.0,0.4,10.8,1.8,0.0,1.4000000000000001,5.0,0.0,1.0,0.0,1.0,6.0,,,,1.5,1.0,15.0,1.5,0.0,0.3666666666666667,6.0,1.0,5.0,0.0,1.0,10.0,,,,True,True,UNKNOWN,False,False
2021000089,2021-03-21 14:00:00,読売ジャイアンツ,東北楽天ゴールデンイーグルス,8.0,4.0,UNKNOWN,東京ドーム,excluded,high,False,False,2000121,1100038,[],[],,,,,0,light,2021-03-21T05:00:00+00:00,,UNKNOWN,,,,UNKNOWN,UNKNOWN,,UNKNOWN,,9.642857142857142,1.9285714285714284,7.7142857142857135,3.8571428571428568,3.8571428571428568,8.342857142857142,4.666666666666667,5.0,7.0,2.0,2.0,4.0,,,,7.2,1.6,5.4,7.2,1.8,7.0,5.0,4.0,4.0,1.0,4.0,3.0,,,,True,True,UNKNOWN,False,False
2021000094,2021-03-21 14:00:00,広島東洋カープ,福岡ソフトバンクホークス,2.0,1.0,UNKNOWN,MAZDA Zoom-Zoom スタジアム広島,excluded,high,False,False,20204,1100081,[],[],,,,,0,light,2021-03-21T05:00:00+00:00,,UNKNOWN,,,,UNKNOWN,UNKNOWN,,UNKNOWN,,0.0,0.75,9.0,2.25,0.0,1.9500000000000002,4.0,0.0,2.0,0.0,1.0,4.0,,,,0.0,0.4,5.4,0.0,0.0,2.0,5.0,0.0,2.0,0.0,0.0,3.0,,,,True,True,UNKNOWN,False,False
2021000096,2021-03-26 17:30:00,東京ヤクルトスワローズ,阪神タイガース,3.0,4.0,UNKNOWN,明治神宮野球場,excluded,high,False,False,1200062,1200076,[],[],,,,,0,light,2021-03-26T08:30:00+00:00,,UNKNOWN,,,,UNKNOWN,UNKNOWN,,UNKNOWN,,3.6,2.0,3.6,9.0,0.0,5.4,5.0,2.0,5.0,0.0,5.0,2.0,,,,4.764705882352941,1.0588235294117647,9.529411764705882,1.588235294117647,1.588235294117647,3.905882352941177,5.666666666666667,3.0,5.0,1.0,1.0,6.0,,,,True,True,UNKNOWN,False,False
2021000095,2021-03-26 17:45:00,読売ジャイアンツ,横浜DeNAベイスターズ,8.0,7.0,UNKNOWN,東京ドーム,excluded,high,False,False,1600081,1200041,[],[],,,,,0,light,2021-03-26T08:45:00+00:00,,UNKNOWN,,,,UNKNOWN,UNKNOWN,,UNKNOWN,,15.0,3.0,18.0,15.0,3.0,8.533333333333333,3.0,5.0,4.0,1.0,5.0,6.0,,,,4.5,1.8333333333333333,6.0,4.5,0.0,3.3666666666666667,6.0,3.0,8.0,0.0,3.0,4.0,,,,True,True,UNKNOWN,False,False
2021000098,2021-03-26 16:00:00,東北楽天ゴールデンイーグルス,北海道日本ハムファイターズ,8.0,2.0,UNKNOWN,楽天生命パーク宮城,unknown,low,False,False,1100099,500014,[],[],,,,,0,light,2021-03-26T07:00:00+00:00,,UNKNOWN,,,,UNKNOWN,UNKNOWN,,UNKNOWN,,11.571428571428571,2.7857142857142856,7.7142857142857135,7.7142857142857135,1.9285714285714284,6.842857142857143,4.666666666666667,6.0,9.0,1.0,4.0,4.0,,,,0.0,1.0,6.428571428571429,3.857142857142857,0.0,3.0571428571428574,7.0,0.0,4.0,0.0,3.0,5.0,,,,True,True,UNKNOWN,False,False
2021000099,2021-03-26 17:45:00,埼玉西武ライオンズ,オリックス・バファローズ,4.0,3.0,UNKNOWN,メットライフドーム,excluded,high,False,False,1600153,1400182,[],[],,,,,0,light,2021-03-26T08:45:00+00:00,,UNKNOWN,,,,UNKNOWN,UNKNOWN,,UNKNOWN,,1.2857142857142858,0.8571428571428571,5.142857142857143,0.0,1.2857142857142858,3.9142857142857146,7.0,1.0,6.0,1.0,0.0,4.0,,,,3.681818181818182,0.9545454545454546,3.681818181818182,0.0,2.4545454545454546,5.927272727272728,7.333333333333333,3.0,7.0,2.0,0.0,3.0,,,,True,True,UNKNOWN,False,False
2021000100,2021-03-26 18:30:00,福岡ソフトバンクホークス,千葉ロッテマリーンズ,8.0,2.0,UNKNOWN,福岡PayPayドーム,excluded,high,False,False,1300055,1300080,[],[],,,,,0,light,2021-03-26T09:30:00+00:00,,UNKNOWN,,,,UNKNOWN,UNKNOWN,,UNKNOWN,,9.0,1.4,7.2,1.8,5.4,10.0,5.0,5.0,6.0,3.0,1.0,4.0,,,,1.2857142857142858,1.1428571428571428,7.714285714285714,3.857142857142857,1.2857142857142858,4.628571428571429,7.0,1.0,5.0,1.0,3.0,6.0,,,,True,True,UNKNOWN,False,False
2021000097,2021-03-26 18:00:00,広島東洋カープ,中日ドラゴンズ,6.0,7.0,UNKNOWN,MAZDA Zoom-Zoom スタジアム広島,excluded,high,False,False,1200055,1300057,[],[],,,,,0,light,2021-03-26T09:00:00+00:00,,UNKNOWN,,,,UNKNOWN,UNKNOWN,,UNKNOWN,,7.2,1.8,3.6,5.4,1.8,6.800000000000001,5.0,4.0,6.0,1.0,3.0,2.0,,,,2.4545454545454546,0.9545454545454546,2.4545454545454546,1.2272727272727273,0.0,3.063636363636364,7.333333333333333,2.0,6.0,0.0,1.0,2.0,,,,True,True,UNKNOWN,False,False
2021000106,2021-03-27 13:00:00,福岡ソフトバンクホークス,千葉ロッテマリーンズ,3.0,2.0,UNKNOWN,福岡PayPayドーム,excluded,high,False,False,1000155,1700130,[],[],,,,,0,light,2021-03-27T04:00:00+00:00,,UNKNOWN,,,,UNKNOWN,UNKNOWN,,UNKNOWN,,1.5,1.1666666666666667,3.0,3.0,0.0,3.5333333333333337,6.0,1.0,5.0,0.0,2.0,2.0,,,,2.8421052631578947,1.4210526315789473,2.8421052631578947,9.947368421052632,0.0,5.88421052631579,6.333333333333333,2.0,2.0,0.0,7.0,2.0,,,,True,True,UNKNOWN,False,False
2021000101,2021-03-27 14:00:00,読売ジャイアンツ,横浜DeNAベイスターズ,10.0,5.0,UNKNOWN,東京ドーム,unknown,low,False,False,1600084,1800028,[],[],,,,,0,light,2021-03-27T05:00:00+00:00,,UNKNOWN,,,,UNKNOWN,UNKNOWN,,UNKNOWN,,6.75,3.0,9.0,15.75,0.0,6.45,4.0,3.0,5.0,0.0,7.0,4.0,,,,1.2857142857142858,0.5714285714285714,7.714285714285714,0.0,1.2857142857142858,3.342857142857143,7.0,1.0,4.0,1.0,0.0,6.0,,,,True,True,UNKNOWN,False,False
2021000102,2021-03-27 14:00:00,東京ヤクルトスワローズ,阪神タイガース,5.0,9.0,UNKNOWN,明治神宮野球場,unknown,low,False,False,1500090,1300029,[],[],,,,,0,light,2021-03-27T05:00:00+00:00,,UNKNOWN,,,,UNKNOWN,UNKNOWN,,UNKNOWN,,4.764705882352941,1.4117647058823528,7.941176470588235,1.588235294117647,1.588235294117647,4.258823529411765,5.666666666666667,3.0,7.0,1.0,1.0,5.0,,,,19.285714285714285,3.8571428571428568,3.8571428571428568,11.571428571428571,3.8571428571428568,11.771428571428572,2.3333333333333335,5.0,6.0,1.0,3.0,1.0,,,,True,True,UNKNOWN,False,False
2021000103,2021-03-27 14:00:00,広島東洋カープ,中日ドラゴンズ,4.0,1.0,UNKNOWN,MAZDA Zoom-Zoom スタジアム広島,excluded,high,False,False,1600106,1300058,[],[],,,,,0,light,2021-03-27T05:00:00+00:00,,UNKNOWN,,,,UNKNOWN,UNKNOWN,,UNKNOWN,,6.75,1.25,13.5,2.25,2.25,4.2,4.0,3.0,4.0,1.0,1.0,6.0,,,,1.5,0.6666666666666666,9.0,1.5,0.0,1.7000000000000002,6.0,1.0,3.0,0.0,1.0,6.0,,,,True,True,UNKNOWN,False,False
2021000104,2021-03-27 14:00:00,東北楽天ゴールデンイーグルス,北海道日本ハムファイターズ,4.0,9.0,UNKNOWN,楽天生命パーク宮城,unknown,low,False,False,1500110,1600063,[],[],,,,,0,light,2021-03-27T05:00:00+00:00,,UNKNOWN,,,,UNKNOWN,UNKNOWN,,UNKNOWN,,3.6,1.8,9.0,3.6,1.8,5.0,5.0,2.0,7.0,1.0,2.0,5.0,,,,13.5,3.75,6.75,13.5,0.0,6.2,2.6666666666666665,4.0,6.0,0.0,4.0,2.0,,,,True,True,UNKNOWN,False,False
2021000105,2021-03-27 14:00:00,埼玉西武ライオンズ,オリックス・バファローズ,2.0,3.0,UNKNOWN,メットライフドーム,excluded,high,False,False,1900087,1900062,[],[],,,,,0,light,2021-03-27T05:00:00+00:00,,UNKNOWN,,,,UNKNOWN,UNKNOWN,,UNKNOWN,,1.2857142857142858,0.8571428571428571,10.285714285714286,1.2857142857142858,0.0,1.342857142857143,7.0,1.0,5.0,0.0,1.0,8.0,,,,5.785714285714286,1.5,5.785714285714286,5.785714285714286,0.0,3.842857142857143,4.666666666666667,3.0,4.0,0.0,3.0,3.0,,,,True,True,UNKNOWN,False,False
2021000110,2021-03-28 13:00:00,東北楽天ゴールデンイーグルス,北海道日本ハムファイターズ,5.0,0.0,UNKNOWN,楽天生命パーク宮城,excluded,high,False,False,1600093,2000121,[],[],,,,,0,light,2021-03-28T04:00:00+00:00,,UNKNOWN,,,,UNKNOWN,UNKNOWN,,UNKNOWN,,5.4,2.0,5.4,3.6,0.0,3.2,5.0,3.0,8.0,0.0,2.0,3.0,,,,0.0,1.0,12.0,3.0,0.0,1.5333333333333334,6.0,0.0,4.0,0.0,2.0,8.0,,,,True,True,UNKNOWN,False,False
2021000108,2021-03-28 13:00:00,東京ヤクルトスワローズ,阪神タイガース,2.0,8.0,UNKNOWN,明治神宮野球場,unknown,low,False,False,1900147,1900024,[],[],,,,,0,light,2021-03-28T04:00:00+00:00,,UNKNOWN,,,,UNKNOWN,UNKNOWN,,UNKNOWN,,0.0,0.8333333333333334,7.5,3.0,0.0,2.5333333333333337,6.0,0.0,3.0,0.0,2.0,5.0,,,,5.4,1.2,9.0,1.8,1.8,4.4,5.0,3.0,5.0,1.0,1.0,5.0,,,,True,True,UNKNOWN,False,False
2021000111,2021-03-28 13:00:00,埼玉西武ライオンズ,オリックス・バファローズ,5.0,1.0,UNKNOWN,メットライフドーム,unknown,low,False,False,1600150,1600131,[],[],,,,,0,light,2021-03-28T04:00:00+00:00,,UNKNOWN,,,,UNKNOWN,UNKNOWN,,UNKNOWN,,6.0,1.0,10.5,1.5,1.5,3.5333333333333337,6.0,4.0,5.0,1.0,1.0,7.0,,,,0.0,1.3333333333333333,7.5,3.0,0.0,2.5333333333333337,6.0,0.0,6.0,0.0,2.0,5.0,,,,True,True,UNKNOWN,False,False
2021000112,2021-03-28 13:00:00,福岡ソフトバンクホークス,千葉ロッテマリーンズ,6.0,5.0,UNKNOWN,福岡PayPayドーム,excluded,high,False,False,2000087,20204,[],[],,,,,0,light,2021-03-28T04:00:00+00:00,,UNKNOWN,,,,UNKNOWN,UNKNOWN,,UNKNOWN,,3.6,1.4,10.8,10.8,1.8,7.0,5.0,2.0,1.0,1.0,6.0,6.0,,,,2.6999999999999997,0.8999999999999999,9.45,1.3499999999999999,1.3499999999999999,3.5,6.666666666666667,2.0,5.0,1.0,1.0,7.0,,,,True,True,UNKNOWN,False,False
2021000107,2021-03-28 14:00:00,読売ジャイアンツ,横浜DeNAベイスターズ,1.0,1.0,UNKNOWN,東京ドーム,unknown,low,False,False,1300031,1100038,[],[],,,,,0,light,2021-03-28T05:00:00+00:00,,UNKNOWN,,,,UNKNOWN,UNKNOWN,,UNKNOWN,,0.0,0.2,5.4,0.0,0.0,2.0,5.0,0.0,1.0,0.0,0.0,3.0,,,,1.2857142857142858,1.0,7.714285714285714,1.2857142857142858,0.0,1.9142857142857144,7.0,1.0,6.0,0.0,1.0,6.0,,,,True,True,UNKNOWN,False,False
2021000113,2021-03-30 17:45:00,横浜DeNAベイスターズ,東京ヤクルトスワローズ,4.0,5.0,UNKNOWN,横浜スタジアム,unknown,low,False,False,1800143,1800045,[],[],,,,,0,light,2021-03-30T08:45:00+00:00,,UNKNOWN,,,,UNKNOWN,UNKNOWN,,UNKNOWN,,6.75,2.0,9.0,4.5,0.0,2.7,4.0,3.0,6.0,0.0,2.0,4.0,,,,1.2857142857142858,1.0,7.714285714285714,2.5714285714285716,1.2857142857142858,4.2,7.0,1.0,5.0,1.0,2.0,6.0,,,,True,True,UNKNOWN,False,False
2021000117,2021-03-30 17:45:00,千葉ロッテマリーンズ,東北楽天ゴールデンイーグルス,0.0,5.0,UNKNOWN,ZOZOマリンスタジアム,unknown,low,False,False,700065,1800052,[],[],,,,,0,light,2021-03-30T08:45:00+00:00,,UNKNOWN,,,,UNKNOWN,UNKNOWN,,UNKNOWN,,0.0,0.8888888888888888,7.0,0.0,0.0,1.6444444444444446,9.0,0.0,8.0,0.0,0.0,7.0,,,,7.5,1.3333333333333333,7.5,3.0,3.0,6.866666666666667,6.0,5.0,6.0,2.0,2.0,5.0,,,,True,True,UNKNOWN,False,False
2021000109,2021-03-28 14:30:00,広島東洋カープ,中日ドラゴンズ,0.0,0.0,UNKNOWN,MAZDA Zoom-Zoom スタジアム広島,excluded,high,False,False,1500074,1100081,[],[],,,,,0,light,2021-03-28T05:30:00+00:00,,UNKNOWN,,,,UNKNOWN,UNKNOWN,,UNKNOWN,,0.0,1.3333333333333333,6.0,4.5,0.0,3.3666666666666667,6.0,0.0,5.0,0.0,3.0,4.0,,,,0.0,0.8333333333333334,7.5,3.0,0.0,2.5333333333333337,6.0,0.0,3.0,0.0,2.0,5.0,,,,True,True,UNKNOWN,False,False
2021000118,2021-03-30 18:00:00,オリックス・バファローズ,福岡ソフトバンクホークス,1.0,3.0,UNKNOWN,京セラドーム大阪,unknown,low,False,False,1400129,1700109,[],[],,,,,0,light,2021-03-30T09:00:00+00:00,,UNKNOWN,,,,UNKNOWN,UNKNOWN,,UNKNOWN,,1.5,1.0,10.5,3.0,1.5,4.033333333333333,6.0,1.0,4.0,1.0,2.0,7.0,,,,3.0,1.3333333333333333,9.0,3.0,0.0,2.2,6.0,2.0,6.0,0.0,2.0,6.0,,,,True,True,UNKNOWN,False,False
2021000115,2021-03-30 18:00:00,広島東洋カープ,阪神タイガース,1.0,0.0,UNKNOWN,MAZDA Zoom-Zoom スタジアム広島,excluded,high,False,False,900062,1900052,[],[],,,,,0,light,2021-03-30T09:00:00+00:00,,UNKNOWN,,,,UNKNOWN,UNKNOWN,,UNKNOWN,,1.2857142857142858,0.8571428571428571,5.142857142857143,1.2857142857142858,0.0,2.4857142857142858,7.0,1.0,5.0,0.0,1.0,4.0,,,,0.0,0.6666666666666666,10.5,4.5,0.0,2.3666666666666667,6.0,0.0,1.0,0.0,3.0,7.0,,,,True,True,UNKNOWN,False,False
2021000114,2021-03-30 18:15:00,中日ドラゴンズ,読売ジャイアンツ,3.0,3.0,UNKNOWN,バンテリンドーム ナゴヤ,unknown,low,False,False,1900143,1000138,[],[],,,,,0,light,2021-03-30T09:15:00+00:00,,UNKNOWN,,,,UNKNOWN,UNKNOWN,,UNKNOWN,,0.0,0.7142857142857143,5.142857142857143,1.2857142857142858,0.0,2.4857142857142858,7.0,0.0,4.0,0.0,1.0,4.0,,,,2.5714285714285716,1.0,6.428571428571429,2.5714285714285716,1.2857142857142858,4.485714285714286,7.0,2.0,5.0,1.0,2.0,5.0,,,,True,True,UNKNOWN,False,False
2021000116,2021-03-30 18:30:00,北海道日本ハムファイターズ,埼玉西武ライオンズ,4.0,11.0,UNKNOWN,札幌ドーム,excluded,high,False,False,1800080,1900070,[],[],,,,,0,light,2021-03-30T09:30:00+00:00,,UNKNOWN,,,,UNKNOWN,UNKNOWN,,UNKNOWN,,5.4,2.0,3.6,5.4,0.0,4.2,5.0,3.0,7.0,0.0,3.0,2.0,,,,12.0,2.3333333333333335,6.0,3.0,6.0,11.533333333333335,3.0,4.0,6.0,2.0,1.0,2.0,,,,True,True,UNKNOWN,False,False
2021000119,2021-03-31 17:45:00,横浜DeNAベイスターズ,東京ヤクルトスワローズ,3.0,5.0,UNKNOWN,横浜スタジアム,excluded,high,False,False,1300045,2000034,[],[],,,,,0,light,2021-03-31T08:45:00+00:00,,UNKNOWN,,,,UNKNOWN,UNKNOWN,,UNKNOWN,,5.4,1.2,5.4,0.0,1.8,4.6,5.0,3.0,6.0,1.0,0.0,3.0,,,,9.0,1.8,5.4,1.8,1.8,5.2,5.0,5.0,8.0,1.0,1.0,3.0,,,,True,True,UNKNOWN,False,False
2021000121,2021-03-31 18:00:00,広島東洋カープ,阪神タイガース,4.0,2.0,UNKNOWN,MAZDA Zoom-Zoom スタジアム広島,unknown,low,False,False,2000052,1600123,[],[],,,,,0,light,2021-03-31T09:00:00+00:00,,UNKNOWN,,,,UNKNOWN,UNKNOWN,,UNKNOWN,,3.6,1.8,3.6,1.8,0.0,3.0,5.0,2.0,8.0,0.0,1.0,2.0,,,,3.0,1.1666666666666667,9.0,1.5,0.0,1.7000000000000002,6.0,2.0,6.0,0.0,1.0,6.0,,,,True,True,UNKNOWN,False,False
2021000120,2021-03-31 18:00:00,中日ドラゴンズ,読売ジャイアンツ,5.0,3.0,UNKNOWN,バンテリンドーム ナゴヤ,excluded,high,False,False,1200050,1800061,[],[],,,,,0,light,2021-03-31T09:00:00+00:00,,UNKNOWN,,,,UNKNOWN,UNKNOWN,,UNKNOWN,,36.0,5.0,0.0,0.0,0.0,3.2,1.0,4.0,5.0,0.0,0.0,0.0,,,,8.1,2.6999999999999997,10.799999999999999,10.799999999999999,2.6999999999999997,8.3,3.3333333333333335,3.0,5.0,1.0,4.0,4.0,,,,True,True,UNKNOWN,False,False
2021000122,2021-03-31 18:00:00,北海道日本ハムファイターズ,埼玉西武ライオンズ,1.0,1.0,UNKNOWN,札幌ドーム,excluded,high,False,False,1600127,2000079,[],[],,,,,0,light,2021-03-31T09:00:00+00:00,,UNKNOWN,,,,UNKNOWN,UNKNOWN,,UNKNOWN,,0.0,1.6,14.4,10.8,0.0,3.6,5.0,0.0,2.0,0.0,6.0,8.0,,,,1.5,1.0,12.0,3.0,1.5,3.7,6.0,1.0,4.0,1.0,2.0,8.0,,,,True,True,UNKNOWN,False,False
2021000123,2021-03-31 14:00:00,千葉ロッテマリーンズ,東北楽天ゴールデンイーグルス,1.0,2.0,UNKNOWN,ZOZOマリンスタジアム,excluded,high,False,False,1200117,1400190,[],[],,,,,0,light,2021-03-31T05:00:00+00:00,,UNKNOWN,,,,UNKNOWN,UNKNOWN,,UNKNOWN,,1.4210526315789473,1.105263157894737,4.2631578947368425,4.2631578947368425,0.0,3.673684210526316,6.333333333333333,1.0,4.0,0.0,3.0,3.0,,,,3.176470588235294,1.2352941176470587,6.352941176470588,7.941176470588235,0.0,4.435294117647059,5.666666666666667,2.0,2.0,0.0,5.0,4.0,,,,True,True,UNKNOWN,False,False
2021000124,2021-03-31 18:00:00,オリックス・バファローズ,福岡ソフトバンクホークス,7.0,2.0,UNKNOWN,京セラドーム大阪,unknown,low,False,False,1700137,1000027,[],[],,,,,0,light,2021-03-31T09:00:00+00:00,,UNKNOWN,,,,UNKNOWN,UNKNOWN,,UNKNOWN,,21.0,3.3333333333333335,3.0,9.0,0.0,5.533333333333333,3.0,7.0,7.0,0.0,3.0,1.0,,,,0.0,1.0,7.2,5.4,0.0,3.4000000000000004,5.0,0.0,2.0,0.0,3.0,4.0,,,,True,True,UNKNOWN,False,False
2021000128,2021-04-01 14:00:00,千葉ロッテマリーンズ,東北楽天ゴールデンイーグルス,16.0,5.0,UNKNOWN,ZOZOマリンスタジアム,excluded,high,False,False,1900117,1900085,[],[],,,,,0,light,2021-04-01T05:00:00+00:00,,UNKNOWN,,,,UNKNOWN,UNKNOWN,,UNKNOWN,,54.00000000000001,6.000000000000001,5.4,16.200000000000003,10.8,23.0,1.6666666666666665,10.0,7.0,2.0,3.0,1.0,,,,7.2,1.6,3.6,5.4,5.4,12.0,5.0,4.0,5.0,3.0,3.0,2.0,,,,True,True,UNKNOWN,False,False
2021000125,2021-04-01 17:45:00,横浜DeNAベイスターズ,東京ヤクルトスワローズ,11.0,11.0,UNKNOWN,横浜スタジアム,unknown,low,False,False,2000025,1800043,[],[],,,,,0,light,2021-04-01T08:45:00+00:00,,UNKNOWN,,,,UNKNOWN,UNKNOWN,,UNKNOWN,,47.25,5.25,20.25,13.5,0.0,3.2,1.3333333333333333,7.0,5.0,0.0,2.0,3.0,,,,22.5,4.0,0.0,13.5,4.5,14.2,2.0,5.0,5.0,1.0,3.0,0.0,,,,True,True,UNKNOWN,False,False
2021000127,2021-04-01 18:00:00,広島東洋カープ,阪神タイガース,3.0,6.0,UNKNOWN,MAZDA Zoom-Zoom スタジアム広島,unknown,low,False,False,900425,1300061,[],[],,,,,0,light,2021-04-01T09:00:00+00:00,,UNKNOWN,,,,UNKNOWN,UNKNOWN,,UNKNOWN,,2.5714285714285716,0.7142857142857143,5.142857142857143,0.0,0.0,2.0571428571428574,7.0,2.0,5.0,0.0,0.0,4.0,,,,7.5,1.1666666666666667,3.0,1.5,3.0,7.366666666666667,6.0,5.0,6.0,2.0,1.0,2.0,,,,True,True,UNKNOWN,False,False
2021000126,2021-04-01 18:00:00,中日ドラゴンズ,読売ジャイアンツ,1.0,3.0,UNKNOWN,バンテリンドーム ナゴヤ,unknown,low,False,False,1800023,1200098,[],[],,,,,0,light,2021-04-01T09:00:00+00:00,,UNKNOWN,,,,UNKNOWN,UNKNOWN,,UNKNOWN,,0.0,1.0,3.857142857142857,3.857142857142857,0.0,3.6285714285714286,7.0,0.0,4.0,0.0,3.0,3.0,,,,3.6,1.6,10.8,3.6,0.0,2.0,5.0,2.0,6.0,0.0,2.0,6.0,,,,True,True,UNKNOWN,False,False
2021000130,2021-04-02 17:45:00,読売ジャイアンツ,東京ヤクルトスワローズ,0.0,2.0,UNKNOWN,東京ドーム,excluded,high,False,False,1200076,900055,[],[],,,,,0,light,2021-04-02T08:45:00+00:00,,UNKNOWN,,,,UNKNOWN,UNKNOWN,,UNKNOWN,,0.0,0.6521739130434783,3.5217391304347823,1.1739130434782608,0.0,2.8086956521739133,7.666666666666667,0.0,4.0,0.0,1.0,3.0,,,,3.0,0.8333333333333334,10.5,1.5,1.5,3.5333333333333337,6.0,2.0,4.0,1.0,1.0,7.0,,,,True,True,UNKNOWN,False,False
2021000129,2021-04-01 18:00:00,オリックス・バファローズ,福岡ソフトバンクホークス,2.0,0.0,UNKNOWN,京セラドーム大阪,excluded,high,False,False,1100115,1600153,[],[],,,,,0,light,2021-04-01T09:00:00+00:00,,UNKNOWN,,,,UNKNOWN,UNKNOWN,,UNKNOWN,,1.4210526315789473,1.4210526315789473,9.947368421052632,7.105263157894737,0.0,3.3578947368421055,6.333333333333333,1.0,4.0,0.0,5.0,7.0,,,,0.0,0.3333333333333333,13.0,1.0,0.0,0.6444444444444448,9.0,0.0,2.0,0.0,1.0,13.0,,,,True,True,UNKNOWN,False,False
2021000132,2021-04-02 18:00:00,阪神タイガース,中日ドラゴンズ,3.0,6.0,UNKNOWN,京セラドーム大阪,unknown,low,False,False,1200055,1200062,[],[],,,,,0,light,2021-04-02T09:00:00+00:00,,UNKNOWN,,,,UNKNOWN,UNKNOWN,,UNKNOWN,,0.0,1.0,3.6,0.0,0.0,2.4000000000000004,5.0,0.0,5.0,0.0,0.0,2.0,,,,1.5,1.5,9.0,3.0,0.0,2.2,6.0,1.0,7.0,0.0,2.0,6.0,,,,True,True,UNKNOWN,False,False
2021000131,2021-04-02 17:45:00,横浜DeNAベイスターズ,広島東洋カープ,0.0,4.0,UNKNOWN,横浜スタジアム,unknown,low,False,False,1300057,1600081,[],[],,,,,0,light,2021-04-02T08:45:00+00:00,,UNKNOWN,,,,UNKNOWN,UNKNOWN,,UNKNOWN,,0.0,0.42857142857142855,9.0,0.0,0.0,1.2000000000000002,7.0,0.0,3.0,0.0,0.0,7.0,,,,3.0,1.5,6.0,3.0,1.5,5.033333333333333,6.0,2.0,7.0,1.0,2.0,4.0,,,,True,True,UNKNOWN,False,False
2021000133,2021-04-02 18:00:00,北海道日本ハムファイターズ,千葉ロッテマリーンズ,4.0,16.0,UNKNOWN,札幌ドーム,unknown,low,False,False,1300055,1800090,[],[],,,,,0,light,2021-04-02T09:00:00+00:00,,UNKNOWN,,,,UNKNOWN,UNKNOWN,,UNKNOWN,,0.0,0.8571428571428571,5.142857142857143,5.142857142857143,0.0,3.7714285714285714,7.0,0.0,2.0,0.0,4.0,4.0,,,,9.0,3.5,9.0,13.5,4.5,12.2,2.0,2.0,4.0,1.0,3.0,2.0,,,,True,True,UNKNOWN,False,False
2021000134,2021-04-02 18:00:00,東北楽天ゴールデンイーグルス,オリックス・バファローズ,4.0,2.0,UNKNOWN,楽天生命パーク宮城,unknown,low,False,False,1400195,500014,[],[],,,,,0,light,2021-04-02T09:00:00+00:00,,UNKNOWN,,,,UNKNOWN,UNKNOWN,,UNKNOWN,,3.6,1.6,12.6,3.6,0.0,1.6,5.0,2.0,6.0,0.0,2.0,7.0,,,,2.5714285714285716,0.7142857142857143,11.571428571428571,0.0,0.0,0.6285714285714286,7.0,2.0,5.0,0.0,0.0,9.0,,,,True,True,UNKNOWN,False,False
2021000135,2021-04-02 18:00:00,福岡ソフトバンクホークス,埼玉西武ライオンズ,2.0,6.0,UNKNOWN,福岡PayPayドーム,unknown,low,False,False,1400182,1300080,[],[],,,,,0,light,2021-04-02T09:00:00+00:00,,UNKNOWN,,,,UNKNOWN,UNKNOWN,,UNKNOWN,,2.25,0.75,9.0,2.25,0.0,1.9500000000000002,8.0,2.0,4.0,0.0,2.0,8.0,,,,9.0,1.8333333333333333,7.5,3.0,1.5,4.7,6.0,6.0,9.0,1.0,2.0,5.0,,,,True,True,UNKNOWN,False,False
2021000139,2021-04-03 14:00:00,北海道日本ハムファイターズ,千葉ロッテマリーンズ,5.0,6.0,UNKNOWN,札幌ドーム,unknown,low,False,False,1000155,1100099,[],[],,,,,0,light,2021-04-03T05:00:00+00:00,,UNKNOWN,,,,UNKNOWN,UNKNOWN,,UNKNOWN,,3.176470588235294,1.7647058823529411,14.294117647058822,3.176470588235294,0.0,1.0823529411764707,5.666666666666667,2.0,8.0,0.0,2.0,9.0,,,,6.75,1.3499999999999999,5.3999999999999995,6.75,0.0,4.25,6.666666666666667,5.0,4.0,0.0,5.0,4.0,,,,True,True,UNKNOWN,False,False
2021000140,2021-04-03 14:00:00,東北楽天ゴールデンイーグルス,オリックス・バファローズ,3.0,2.0,UNKNOWN,楽天生命パーク宮城,unknown,low,False,False,1600150,1800120,[],[],,,,,0,light,2021-04-03T05:00:00+00:00,,UNKNOWN,,,,UNKNOWN,UNKNOWN,,UNKNOWN,,6.75,2.0,4.5,13.5,0.0,6.7,4.0,3.0,2.0,0.0,6.0,2.0,,,,2.4545454545454546,1.6363636363636365,0.0,4.909090909090909,0.0,4.836363636363637,3.6666666666666665,1.0,4.0,0.0,2.0,0.0,,,,True,True,UNKNOWN,False,False
2021000137,2021-04-03 14:00:00,横浜DeNAベイスターズ,広島東洋カープ,3.0,7.0,UNKNOWN,横浜スタジアム,unknown,low,False,False,1300058,1600084,[],[],,,,,0,light,2021-04-03T05:00:00+00:00,,UNKNOWN,,,,UNKNOWN,UNKNOWN,,UNKNOWN,,4.5,1.0,4.5,0.0,0.0,2.2,6.0,3.0,6.0,0.0,0.0,3.0,,,,10.8,2.2,5.4,9.0,5.4,12.8,5.0,6.0,6.0,3.0,5.0,3.0,,,,True,True,UNKNOWN,False,False
2021000138,2021-04-03 14:00:00,阪神タイガース,中日ドラゴンズ,1.0,0.0,UNKNOWN,京セラドーム大阪,unknown,low,False,False,1600106,1500090,[],[],,,,,0,light,2021-04-03T05:00:00+00:00,,UNKNOWN,,,,UNKNOWN,UNKNOWN,,UNKNOWN,,0.0,0.25,9.0,0.0,0.0,1.2000000000000002,8.0,0.0,2.0,0.0,0.0,8.0,,,,0.0,1.5,4.909090909090909,4.909090909090909,0.0,3.7454545454545456,7.333333333333333,0.0,7.0,0.0,4.0,4.0,,,,True,True,UNKNOWN,False,False
2021000136,2021-04-03 14:00:00,読売ジャイアンツ,東京ヤクルトスワローズ,2.0,2.0,UNKNOWN,東京ドーム,unknown,low,False,False,1300029,1800028,[],[],,,,,0,light,2021-04-03T05:00:00+00:00,,UNKNOWN,,,,UNKNOWN,UNKNOWN,,UNKNOWN,,0.0,0.8571428571428571,7.714285714285714,1.2857142857142858,0.0,1.9142857142857144,7.0,0.0,5.0,0.0,1.0,6.0,,,,2.25,1.0,7.875,3.375,1.125,4.2,8.0,2.0,5.0,1.0,3.0,7.0,,,,True,True,UNKNOWN,False,False
2021000141,2021-04-03 14:00:00,福岡ソフトバンクホークス,埼玉西武ライオンズ,4.0,7.0,UNKNOWN,福岡PayPayドーム,unknown,low,False,False,1900062,1700130,[],[],,,,,0,light,2021-04-03T05:00:00+00:00,,UNKNOWN,,,,UNKNOWN,UNKNOWN,,UNKNOWN,,1.8,1.2,10.8,5.4,1.8,5.2,5.0,1.0,3.0,1.0,3.0,6.0,,,,7.5,1.6666666666666667,3.0,9.0,0.0,5.533333333333333,6.0,5.0,4.0,0.0,6.0,2.0,,,,True,True,UNKNOWN,False,False
2021000146,2021-04-04 13:00:00,東北楽天ゴールデンイーグルス,オリックス・バファローズ,0.0,4.0,UNKNOWN,楽天生命パーク宮城,unknown,low,False,False,1900087,2000121,[],[],,,,,0,light,2021-04-04T04:00:00+00:00,,UNKNOWN,,,,UNKNOWN,UNKNOWN,,UNKNOWN,,0.0,0.5,5.625,2.25,0.0,2.7,8.0,0.0,2.0,0.0,2.0,5.0,,,,6.0,1.3333333333333333,4.5,0.0,1.5,4.366666666666667,6.0,4.0,8.0,1.0,0.0,3.0,,,,True,True,UNKNOWN,False,False
2021000147,2021-04-04 13:00:00,福岡ソフトバンクホークス,埼玉西武ライオンズ,2.0,4.0,UNKNOWN,福岡PayPayドーム,unknown,low,False,False,1600131,20204,[],[],,,,,0,light,2021-04-04T04:00:00+00:00,,UNKNOWN,,,,UNKNOWN,UNKNOWN,,UNKNOWN,,3.176470588235294,1.588235294117647,12.705882352941176,3.176470588235294,1.588235294117647,3.7294117647058824,5.666666666666667,2.0,7.0,1.0,2.0,8.0,,,,6.0,1.6666666666666667,7.5,6.0,3.0,7.866666666666667,6.0,4.0,6.0,2.0,4.0,5.0,,,,True,True,UNKNOWN,False,False
2021000142,2021-04-04 14:00:00,読売ジャイアンツ,東京ヤクルトスワローズ,2.0,1.0,UNKNOWN,東京ドーム,unknown,low,False,False,1700088,1100038,[],[],,,,,0,light,2021-04-04T05:00:00+00:00,,UNKNOWN,,,,UNKNOWN,UNKNOWN,,UNKNOWN,,0.0,0.8,1.8,3.6,0.0,4.0,5.0,0.0,2.0,0.0,2.0,1.0,,,,1.2857142857142858,1.0,10.285714285714286,1.2857142857142858,0.0,1.342857142857143,7.0,1.0,6.0,0.0,1.0,8.0,,,,True,True,UNKNOWN,False,False
2021000148,2021-04-06 17:30:00,東京ヤクルトスワローズ,広島東洋カープ,0.0,2.0,UNKNOWN,明治神宮野球場,unknown,low,False,False,1900052,1800143,[],[],,,,,0,light,2021-04-06T08:30:00+00:00,,UNKNOWN,,,,UNKNOWN,UNKNOWN,,UNKNOWN,,0.0,0.8888888888888888,5.0,2.0,0.0,2.7555555555555555,9.0,0.0,6.0,0.0,2.0,5.0,,,,1.5,1.0,4.5,4.5,1.5,5.866666666666667,6.0,1.0,3.0,1.0,3.0,3.0,,,,True,True,UNKNOWN,False,False
2021000144,2021-04-04 14:00:00,阪神タイガース,中日ドラゴンズ,3.0,1.0,UNKNOWN,京セラドーム大阪,unknown,low,False,False,1500074,1900147,[],[],,,,,0,light,2021-04-04T05:00:00+00:00,,UNKNOWN,,,,UNKNOWN,UNKNOWN,,UNKNOWN,,3.176470588235294,1.4117647058823528,11.117647058823529,4.764705882352941,1.588235294117647,4.6117647058823525,5.666666666666667,2.0,5.0,1.0,3.0,7.0,,,,1.4210526315789473,0.6315789473684211,7.105263157894737,1.4210526315789473,0.0,2.094736842105263,6.333333333333333,1.0,3.0,0.0,1.0,5.0,,,,True,True,UNKNOWN,False,False
2021000145,2021-04-04 14:00:00,北海道日本ハムファイターズ,千葉ロッテマリーンズ,1.0,1.0,UNKNOWN,札幌ドーム,unknown,low,False,False,2000087,1500110,[],[],,,,,0,light,2021-04-04T05:00:00+00:00,,UNKNOWN,,,,UNKNOWN,UNKNOWN,,UNKNOWN,,0.0,0.5714285714285714,14.142857142857142,2.5714285714285716,0.0,0.9142857142857146,7.0,0.0,2.0,0.0,2.0,11.0,,,,1.125,0.375,6.75,2.25,0.0,2.45,8.0,1.0,1.0,0.0,2.0,6.0,,,,True,True,UNKNOWN,False,False
2021000153,2021-04-06 17:45:00,千葉ロッテマリーンズ,オリックス・バファローズ,3.0,3.0,UNKNOWN,ZOZOマリンスタジアム,unknown,low,False,False,1700109,1800052,[],[],,,,,0,light,2021-04-06T08:45:00+00:00,,UNKNOWN,,,,UNKNOWN,UNKNOWN,,UNKNOWN,,3.857142857142857,0.5714285714285714,9.0,1.2857142857142858,1.2857142857142858,3.4857142857142858,7.0,3.0,3.0,1.0,1.0,7.0,,,,3.0,1.5,1.5,4.5,1.5,6.533333333333333,6.0,2.0,6.0,1.0,3.0,1.0,,,,True,True,UNKNOWN,False,False
2021000152,2021-04-06 17:45:00,埼玉西武ライオンズ,東北楽天ゴールデンイーグルス,2.0,13.0,UNKNOWN,メットライフドーム,unknown,low,False,False,700065,1800080,[],[],,,,,0,light,2021-04-06T08:45:00+00:00,,UNKNOWN,,,,UNKNOWN,UNKNOWN,,UNKNOWN,,3.0,0.8333333333333334,3.0,3.0,1.5,5.7,6.0,2.0,3.0,1.0,2.0,2.0,,,,4.5,1.75,4.5,11.25,2.25,9.2,4.0,2.0,2.0,1.0,5.0,2.0,,,,True,True,UNKNOWN,False,False
2021000149,2021-04-06 18:00:00,中日ドラゴンズ,横浜DeNAベイスターズ,3.0,7.0,UNKNOWN,バンテリンドーム ナゴヤ,unknown,low,False,False,1800045,1000138,[],[],,,,,0,light,2021-04-06T09:00:00+00:00,,UNKNOWN,,,,UNKNOWN,UNKNOWN,,UNKNOWN,,4.764705882352941,1.0588235294117647,9.529411764705882,0.0,0.0,1.0823529411764707,5.666666666666667,3.0,6.0,0.0,0.0,6.0,,,,7.5,1.3333333333333333,10.5,0.0,1.5,3.0333333333333337,6.0,5.0,8.0,1.0,0.0,7.0,,,,True,True,UNKNOWN,False,False
2021000150,2021-04-06 18:00:00,阪神タイガース,読売ジャイアンツ,6.0,2.0,UNKNOWN,阪神甲子園球場,unknown,low,False,False,1900143,900062,[],[],,,,,0,light,2021-04-06T09:00:00+00:00,,UNKNOWN,,,,UNKNOWN,UNKNOWN,,UNKNOWN,,27.0,3.5,9.0,4.5,0.0,2.7,2.0,6.0,6.0,0.0,1.0,2.0,,,,2.5714285714285716,0.8571428571428571,3.857142857142857,2.5714285714285716,1.2857142857142858,5.057142857142857,7.0,2.0,4.0,1.0,2.0,3.0,,,,True,True,UNKNOWN,False,False
2021000151,2021-04-06 18:00:00,北海道日本ハムファイターズ,福岡ソフトバンクホークス,0.0,7.0,UNKNOWN,札幌ドーム,unknown,low,False,False,1000174,1600093,[],[],,,,,0,light,2021-04-06T09:00:00+00:00,,UNKNOWN,,,,UNKNOWN,UNKNOWN,,UNKNOWN,,0.0,0.7058823529411764,6.352941176470588,1.588235294117647,0.0,2.3176470588235296,5.666666666666667,0.0,3.0,0.0,1.0,4.0,,,,6.352941176470588,1.7647058823529411,6.352941176470588,3.176470588235294,1.588235294117647,5.141176470588236,5.666666666666667,4.0,8.0,1.0,2.0,4.0,,,,True,True,UNKNOWN,False,False
2021000143,2021-04-04 14:00:00,横浜DeNAベイスターズ,広島東洋カープ,3.0,1.0,UNKNOWN,横浜スタジアム,excluded,high,False,False,1100081,1700060,[],[],,,,,0,light,2021-04-04T05:00:00+00:00,,UNKNOWN,,,,UNKNOWN,UNKNOWN,,UNKNOWN,,4.5,1.5,6.75,0.0,4.5,8.2,4.0,2.0,6.0,2.0,0.0,3.0,,,,0.0,1.2,5.4,5.4,0.0,3.8000000000000003,5.0,0.0,3.0,0.0,3.0,3.0,,,,True,True,UNKNOWN,False,False
2021000154,2021-04-07 17:30:00,東京ヤクルトスワローズ,広島東洋カープ,3.0,2.0,UNKNOWN,明治神宮野球場,unknown,low,False,False,1600123,1300045,[],[],,,,,0,light,2021-04-07T08:30:00+00:00,,UNKNOWN,,,,UNKNOWN,UNKNOWN,,UNKNOWN,,3.176470588235294,1.0588235294117647,7.941176470588235,0.0,0.0,1.435294117647059,5.666666666666667,2.0,6.0,0.0,0.0,5.0,,,,3.176470588235294,0.8823529411764706,6.352941176470588,3.176470588235294,3.176470588235294,7.435294117647059,5.666666666666667,2.0,3.0,2.0,2.0,4.0,,,,True,True,UNKNOWN,False,False
2021000159,2021-04-07 17:45:00,千葉ロッテマリーンズ,オリックス・バファローズ,9.0,2.0,UNKNOWN,ZOZOマリンスタジアム,unknown,low,False,False,1000027,1400190,[],[],,,,,0,light,2021-04-07T08:45:00+00:00,,UNKNOWN,,,,UNKNOWN,UNKNOWN,,UNKNOWN,,3.6,1.4,7.2,5.4,0.0,3.4000000000000004,5.0,2.0,4.0,0.0,3.0,4.0,,,,2.8421052631578947,0.6315789473684211,9.947368421052632,2.8421052631578947,1.4210526315789473,3.9894736842105267,6.333333333333333,2.0,2.0,1.0,2.0,7.0,,,,True,True,UNKNOWN,False,False
2021000158,2021-04-07 17:45:00,埼玉西武ライオンズ,東北楽天ゴールデンイーグルス,3.0,6.0,UNKNOWN,メットライフドーム,unknown,low,False,False,1200117,1600127,[],[],,,,,0,light,2021-04-07T08:45:00+00:00,,UNKNOWN,,,,UNKNOWN,UNKNOWN,,UNKNOWN,,2.5714285714285716,1.0,5.142857142857143,0.0,1.2857142857142858,3.9142857142857146,7.0,2.0,7.0,1.0,0.0,4.0,,,,5.4,2.0,3.6,9.0,1.8,8.0,5.0,3.0,5.0,1.0,5.0,2.0,,,,True,True,UNKNOWN,False,False
2021000155,2021-04-07 18:00:00,中日ドラゴンズ,横浜DeNAベイスターズ,3.0,1.0,UNKNOWN,バンテリンドーム ナゴヤ,unknown,low,False,False,2000034,1800061,[],[],,,,,0,light,2021-04-07T09:00:00+00:00,,UNKNOWN,,,,UNKNOWN,UNKNOWN,,UNKNOWN,,1.8,0.8,5.4,1.8,0.0,2.6,5.0,1.0,3.0,0.0,1.0,3.0,,,,0.0,2.0,3.6,7.2,0.0,4.800000000000001,5.0,0.0,6.0,0.0,4.0,2.0,,,,True,True,UNKNOWN,False,False
2021000156,2021-04-07 18:00:00,阪神タイガース,読売ジャイアンツ,7.0,1.0,UNKNOWN,阪神甲子園球場,excluded,high,False,False,1600060,2000052,[],[],,,,,0,light,2021-04-07T09:00:00+00:00,,UNKNOWN,,,,UNKNOWN,UNKNOWN,,UNKNOWN,,7.363636363636364,1.6363636363636365,9.818181818181818,2.4545454545454546,0.0,1.8363636363636364,3.6666666666666665,3.0,5.0,0.0,1.0,4.0,,,,1.2857142857142858,1.2857142857142858,7.714285714285714,3.857142857142857,0.0,2.771428571428572,7.0,1.0,6.0,0.0,3.0,6.0,,,,True,True,UNKNOWN,False,False
2021000157,2021-04-07 18:00:00,北海道日本ハムファイターズ,福岡ソフトバンクホークス,2.0,6.0,UNKNOWN,札幌ドーム,unknown,low,False,False,1400129,2000079,[],[],,,,,0,light,2021-04-07T09:00:00+00:00,,UNKNOWN,,,,UNKNOWN,UNKNOWN,,UNKNOWN,,4.153846153846154,1.8461538461538463,4.153846153846154,12.461538461538462,2.076923076923077,9.430769230769231,4.333333333333333,2.0,2.0,1.0,6.0,2.0,,,,2.5714285714285716,0.8571428571428571,14.142857142857142,2.5714285714285716,1.2857142857142858,2.771428571428572,7.0,2.0,4.0,1.0,2.0,11.0,,,,True,True,UNKNOWN,False,False
2021000164,2021-04-08 17:45:00,埼玉西武ライオンズ,東北楽天ゴールデンイーグルス,0.0,4.0,UNKNOWN,メットライフドーム,excluded,high,False,False,1900117,1900067,[],[],,,,,0,light,2021-04-08T08:45:00+00:00,,UNKNOWN,,,,UNKNOWN,UNKNOWN,,UNKNOWN,,0.0,0.14285714285714285,6.428571428571429,0.0,0.0,1.7714285714285716,7.0,0.0,1.0,0.0,0.0,5.0,,,,6.75,1.3125,8.4375,3.375,3.375,7.325,5.333333333333333,4.0,5.0,2.0,2.0,5.0,,,,True,True,UNKNOWN,False,False
2021000160,2021-04-08 17:30:00,東京ヤクルトスワローズ,広島東洋カープ,11.0,7.0,UNKNOWN,明治神宮野球場,unknown,low,False,False,1300061,1900024,[],[],,,,,0,light,2021-04-08T08:30:00+00:00,,UNKNOWN,,,,UNKNOWN,UNKNOWN,,UNKNOWN,,18.0,3.0,6.0,6.0,0.0,3.8666666666666667,3.0,6.0,7.0,0.0,2.0,2.0,,,,9.0,2.0,7.2,0.0,1.8,4.2,5.0,5.0,10.0,1.0,0.0,4.0,,,,True,True,UNKNOWN,False,False
2021000165,2021-04-08 17:45:00,千葉ロッテマリーンズ,オリックス・バファローズ,1.0,5.0,UNKNOWN,ZOZOマリンスタジアム,unknown,low,False,False,1600153,1900085,[],[],,,,,0,light,2021-04-08T08:45:00+00:00,,UNKNOWN,,,,UNKNOWN,UNKNOWN,,UNKNOWN,,1.2857142857142858,1.0,10.285714285714286,1.2857142857142858,1.2857142857142858,3.2,7.0,1.0,6.0,1.0,1.0,8.0,,,,9.0,2.2,5.4,5.4,1.8,6.4,5.0,5.0,8.0,1.0,3.0,3.0,,,,True,True,UNKNOWN,False,False
2021000162,2021-04-08 18:00:00,阪神タイガース,読売ジャイアンツ,0.0,3.0,UNKNOWN,阪神甲子園球場,unknown,low,False,False,1800023,900425,[],[],,,,,0,light,2021-04-08T09:00:00+00:00,,UNKNOWN,,,,UNKNOWN,UNKNOWN,,UNKNOWN,,0.0,0.7142857142857143,6.428571428571429,3.857142857142857,0.0,3.0571428571428574,7.0,0.0,2.0,0.0,3.0,5.0,,,,3.0,1.3333333333333333,15.0,3.0,1.5,3.0333333333333337,6.0,2.0,6.0,1.0,2.0,10.0,,,,True,True,UNKNOWN,False,False
2021000161,2021-04-08 18:00:00,中日ドラゴンズ,横浜DeNAベイスターズ,2.0,5.0,UNKNOWN,バンテリンドーム ナゴヤ,unknown,low,False,False,1300031,1200098,[],[],,,,,0,light,2021-04-08T09:00:00+00:00,,UNKNOWN,,,,UNKNOWN,UNKNOWN,,UNKNOWN,,1.8,1.6,5.4,5.4,0.0,3.8000000000000003,5.0,1.0,5.0,0.0,3.0,3.0,,,,3.0,0.8333333333333334,6.0,1.5,1.5,4.533333333333333,6.0,2.0,4.0,1.0,1.0,4.0,,,,True,True,UNKNOWN,False,False
2021000163,2021-04-08 18:00:00,北海道日本ハムファイターズ,福岡ソフトバンクホークス,2.0,4.0,UNKNOWN,札幌ドーム,unknown,low,False,False,1100115,1900070,[],[],,,,,0,light,2021-04-08T09:00:00+00:00,,UNKNOWN,,,,UNKNOWN,UNKNOWN,,UNKNOWN,,3.375,2.25,6.75,5.0625,0.0,3.3875,5.333333333333333,2.0,9.0,0.0,3.0,4.0,,,,1.8,1.8,7.2,3.6,0.0,2.8000000000000003,5.0,1.0,7.0,0.0,2.0,4.0,,,,True,True,UNKNOWN,False,False
2021000167,2021-04-09 18:00:00,広島東洋カープ,読売ジャイアンツ,2.0,0.0,UNKNOWN,MAZDA Zoom-Zoom スタジアム広島,unknown,low,False,False,1200041,1300057,[],[],,,,,0,light,2021-04-09T09:00:00+00:00,,UNKNOWN,,,,UNKNOWN,UNKNOWN,,UNKNOWN,,2.5714285714285716,0.8571428571428571,9.0,2.5714285714285716,2.5714285714285716,5.771428571428572,7.0,2.0,4.0,2.0,2.0,7.0,,,,0.0,1.1666666666666667,9.0,1.5,0.0,1.7000000000000002,6.0,0.0,6.0,0.0,1.0,6.0,,,,True,True,UNKNOWN,False,False
2021000169,2021-04-09 17:45:00,千葉ロッテマリーンズ,埼玉西武ライオンズ,4.0,7.0,UNKNOWN,ZOZOマリンスタジアム,unknown,low,False,False,1400182,1300055,[],[],,,,,0,light,2021-04-09T08:45:00+00:00,,UNKNOWN,,,,UNKNOWN,UNKNOWN,,UNKNOWN,,6.0,1.6666666666666667,6.0,7.5,1.5,6.533333333333333,6.0,4.0,5.0,1.0,5.0,4.0,,,,1.2857142857142858,0.7142857142857143,5.142857142857143,1.2857142857142858,1.2857142857142858,4.342857142857143,7.0,1.0,4.0,1.0,1.0,4.0,,,,True,True,UNKNOWN,False,False
2021000166,2021-04-09 17:45:00,横浜DeNAベイスターズ,阪神タイガース,2.0,9.0,UNKNOWN,横浜スタジアム,unknown,low,False,False,1200062,1600081,[],[],,,,,0,light,2021-04-09T08:45:00+00:00,,UNKNOWN,,,,UNKNOWN,UNKNOWN,,UNKNOWN,,2.5714285714285716,1.2857142857142858,9.0,6.428571428571429,1.2857142857142858,5.2,7.0,2.0,4.0,1.0,5.0,7.0,,,,5.4,1.8,5.4,7.2,0.0,4.4,5.0,3.0,5.0,0.0,4.0,3.0,,,,True,True,UNKNOWN,False,False
2021000168,2021-04-09 18:00:00,東北楽天ゴールデンイーグルス,福岡ソフトバンクホークス,1.0,1.0,UNKNOWN,楽天生命パーク宮城,unknown,low,False,False,1300080,500014,[],[],,,,,0,light,2021-04-09T09:00:00+00:00,,UNKNOWN,,,,UNKNOWN,UNKNOWN,,UNKNOWN,,1.2857142857142858,1.1428571428571428,6.428571428571429,1.2857142857142858,0.0,2.2,7.0,1.0,7.0,0.0,1.0,5.0,,,,1.125,1.0,1.125,1.125,0.0,3.325,8.0,1.0,7.0,0.0,1.0,1.0,,,,True,True,UNKNOWN,False,False
2021000171,2021-04-10 14:00:00,横浜DeNAベイスターズ,阪神タイガース,0.0,4.0,UNKNOWN,横浜スタジアム,unknown,low,False,False,1500090,1800043,[],[],,,,,0,light,2021-04-10T05:00:00+00:00,,UNKNOWN,,,,UNKNOWN,UNKNOWN,,UNKNOWN,,0.0,0.7142857142857143,6.428571428571429,2.5714285714285716,0.0,2.628571428571429,7.0,0.0,3.0,0.0,2.0,5.0,,,,1.2857142857142858,0.7142857142857143,6.428571428571429,0.0,0.0,1.7714285714285716,7.0,1.0,5.0,0.0,0.0,5.0,,,,True,True,UNKNOWN,False,False
2021000170,2021-04-09 18:00:00,オリックス・バファローズ,北海道日本ハムファイターズ,1.0,2.0,UNKNOWN,京セラドーム大阪,unknown,low,False,False,500027,1600150,[],[],,,,,0,light,2021-04-09T09:00:00+00:00,,UNKNOWN,,,,UNKNOWN,UNKNOWN,,UNKNOWN,,1.4210526315789473,0.7894736842105263,4.2631578947368425,2.8421052631578947,0.0,3.2,6.333333333333333,1.0,3.0,0.0,2.0,3.0,,,,0.0,1.0,7.5,3.0,0.0,2.5333333333333337,6.0,0.0,4.0,0.0,2.0,5.0,,,,True,True,UNKNOWN,False,False
2021000172,2021-04-10 14:00:00,中日ドラゴンズ,東京ヤクルトスワローズ,2.0,2.0,UNKNOWN,バンテリンドーム ナゴヤ,unknown,low,False,False,1200076,1600106,[],[],,,,,0,light,2021-04-10T05:00:00+00:00,,UNKNOWN,,,,UNKNOWN,UNKNOWN,,UNKNOWN,,1.6875,1.5,11.8125,1.6875,0.0,1.1375000000000002,5.333333333333333,1.0,7.0,0.0,1.0,7.0,,,,3.0,1.1666666666666667,7.5,1.5,1.5,4.2,6.0,2.0,6.0,1.0,1.0,5.0,,,,True,True,UNKNOWN,False,False
2021000175,2021-04-10 14:00:00,千葉ロッテマリーンズ,埼玉西武ライオンズ,6.0,2.0,UNKNOWN,ZOZOマリンスタジアム,unknown,low,False,False,1900062,1000155,[],[],,,,,0,light,2021-04-10T05:00:00+00:00,,UNKNOWN,,,,UNKNOWN,UNKNOWN,,UNKNOWN,,12.0,3.3333333333333335,9.0,9.0,6.0,12.866666666666667,3.0,4.0,7.0,2.0,3.0,3.0,,,,2.5714285714285716,0.8571428571428571,5.142857142857143,3.857142857142857,1.2857142857142858,5.2,7.0,2.0,3.0,1.0,3.0,4.0,,,,True,True,UNKNOWN,False,False
2021000176,2021-04-10 14:00:00,オリックス・バファローズ,北海道日本ハムファイターズ,2.0,5.0,UNKNOWN,京セラドーム大阪,unknown,low,False,False,1100099,1400195,[],[],,,,,0,light,2021-04-10T05:00:00+00:00,,UNKNOWN,,,,UNKNOWN,UNKNOWN,,UNKNOWN,,1.5,1.1666666666666667,10.5,1.5,0.0,1.366666666666667,6.0,1.0,6.0,0.0,1.0,7.0,,,,3.0,0.6666666666666666,7.5,0.0,0.0,1.5333333333333334,6.0,2.0,4.0,0.0,0.0,5.0,,,,True,True,UNKNOWN,False,False
2021000180,2021-04-11 13:00:00,東北楽天ゴールデンイーグルス,福岡ソフトバンクホークス,0.0,2.0,UNKNOWN,楽天生命パーク宮城,excluded,high,False,False,1400126,2000121,[],[],,,,,0,light,2021-04-11T04:00:00+00:00,,UNKNOWN,,,,UNKNOWN,UNKNOWN,,UNKNOWN,,0.0,0.75,2.25,2.25,0.0,3.45,4.0,0.0,2.0,0.0,1.0,1.0,,,,1.588235294117647,1.2352941176470587,11.117647058823529,1.588235294117647,0.0,1.258823529411765,5.666666666666667,1.0,6.0,0.0,1.0,7.0,,,,True,True,UNKNOWN,False,False
2021000173,2021-04-10 14:00:00,広島東洋カープ,読売ジャイアンツ,4.0,2.0,UNKNOWN,MAZDA Zoom-Zoom スタジアム広島,unknown,low,False,False,1800028,1300058,[],[],,,,,0,light,2021-04-10T05:00:00+00:00,,UNKNOWN,,,,UNKNOWN,UNKNOWN,,UNKNOWN,,9.818181818181818,3.0,7.363636363636364,4.909090909090909,0.0,3.2,3.6666666666666665,4.0,9.0,0.0,2.0,3.0,,,,1.2857142857142858,0.7142857142857143,6.428571428571429,2.5714285714285716,1.2857142857142858,4.485714285714286,7.0,1.0,3.0,1.0,2.0,5.0,,,,True,True,UNKNOWN,False,False
2021000174,2021-04-10 14:00:00,東北楽天ゴールデンイーグルス,福岡ソフトバンクホークス,8.0,8.0,UNKNOWN,楽天生命パーク宮城,unknown,low,False,False,1700130,1800120,[],[],,,,,0,light,2021-04-10T05:00:00+00:00,,UNKNOWN,,,,UNKNOWN,UNKNOWN,,UNKNOWN,,8.307692307692308,2.076923076923077,0.0,2.076923076923077,4.153846153846154,9.892307692307693,4.333333333333333,4.0,8.0,2.0,1.0,0.0,,,,21.0,3.3333333333333335,6.0,6.0,0.0,3.8666666666666667,3.0,7.0,8.0,0.0,2.0,2.0,,,,True,True,UNKNOWN,False,False
2021000182,2021-04-11 13:00:00,オリックス・バファローズ,北海道日本ハムファイターズ,4.0,4.0,UNKNOWN,京セラドーム大阪,unknown,low,False,False,1500110,1900087,[],[],,,,,0,light,2021-04-11T04:00:00+00:00,,UNKNOWN,,,,UNKNOWN,UNKNOWN,,UNKNOWN,,1.125,0.75,7.875,0.0,1.125,3.075,8.0,1.0,6.0,1.0,0.0,7.0,,,,2.5714285714285716,1.0,10.285714285714286,3.857142857142857,0.0,2.2,7.0,2.0,4.0,0.0,3.0,8.0,,,,True,True,UNKNOWN,False,False
2021000179,2021-04-11 13:30:00,広島東洋カープ,読売ジャイアンツ,0.0,9.0,UNKNOWN,MAZDA Zoom-Zoom スタジアム広島,unknown,low,False,False,1100038,1100081,[],[],,,,,0,light,2021-04-11T04:30:00+00:00,,UNKNOWN,,,,UNKNOWN,UNKNOWN,,UNKNOWN,,0.0,0.8888888888888888,7.0,1.0,0.0,1.9777777777777779,9.0,0.0,7.0,0.0,1.0,7.0,,,,13.5,3.0,8.1,5.3999999999999995,2.6999999999999997,7.1,3.3333333333333335,5.0,8.0,1.0,2.0,3.0,,,,True,True,UNKNOWN,False,False
2021000178,2021-04-11 14:00:00,中日ドラゴンズ,東京ヤクルトスワローズ,2.0,1.0,UNKNOWN,バンテリンドーム ナゴヤ,unknown,low,False,False,1300029,1500074,[],[],,,,,0,light,2021-04-11T05:00:00+00:00,,UNKNOWN,,,,UNKNOWN,UNKNOWN,,UNKNOWN,,3.0,1.1666666666666667,6.0,1.5,1.5,4.533333333333333,6.0,2.0,6.0,1.0,1.0,4.0,,,,1.2857142857142858,0.7142857142857143,7.714285714285714,1.2857142857142858,0.0,1.9142857142857144,7.0,1.0,4.0,0.0,1.0,6.0,,,,True,True,UNKNOWN,False,False
2021000181,2021-04-11 14:00:00,千葉ロッテマリーンズ,埼玉西武ライオンズ,1.0,2.0,UNKNOWN,ZOZOマリンスタジアム,unknown,low,False,False,1600131,2000087,[],[],,,,,0,light,2021-04-11T05:00:00+00:00,,UNKNOWN,,,,UNKNOWN,UNKNOWN,,UNKNOWN,,1.2857142857142858,0.8571428571428571,10.285714285714286,1.2857142857142858,0.0,1.342857142857143,7.0,1.0,5.0,0.0,1.0,8.0,,,,3.6,1.0,12.6,3.6,0.0,1.6,5.0,2.0,3.0,0.0,2.0,7.0,,,,True,True,UNKNOWN,False,False
2021000177,2021-04-11 14:00:00,横浜DeNAベイスターズ,阪神タイガース,2.0,3.0,UNKNOWN,横浜スタジアム,unknown,low,False,False,1900147,1700060,[],[],,,,,0,light,2021-04-11T05:00:00+00:00,,UNKNOWN,,,,UNKNOWN,UNKNOWN,,UNKNOWN,,1.4210526315789473,0.6315789473684211,5.684210526315789,1.4210526315789473,1.4210526315789473,4.463157894736843,6.333333333333333,1.0,3.0,1.0,1.0,4.0,,,,3.6,1.4,1.8,0.0,0.0,2.8000000000000003,5.0,2.0,7.0,0.0,0.0,1.0,,,,True,True,UNKNOWN,False,False
2021000184,2021-04-13 17:30:00,東京ヤクルトスワローズ,横浜DeNAベイスターズ,5.0,1.0,UNKNOWN,明治神宮野球場,unknown,low,False,False,1800045,1800143,[],[],,,,,0,light,2021-04-13T08:30:00+00:00,,UNKNOWN,,,,UNKNOWN,UNKNOWN,,UNKNOWN,,9.0,2.0,12.6,5.4,1.8,4.800000000000001,5.0,5.0,7.0,1.0,3.0,7.0,,,,0.0,0.5,13.5,1.5,0.0,0.7000000000000002,6.0,0.0,2.0,0.0,1.0,9.0,,,,True,True,UNKNOWN,False,False
2021000183,2021-04-13 17:45:00,読売ジャイアンツ,中日ドラゴンズ,2.0,1.0,UNKNOWN,東京ドーム,unknown,low,False,False,1000138,1900143,[],[],,,,,0,light,2021-04-13T08:45:00+00:00,,UNKNOWN,,,,UNKNOWN,UNKNOWN,,UNKNOWN,,2.5714285714285716,0.8571428571428571,5.142857142857143,1.2857142857142858,1.2857142857142858,4.342857142857143,7.0,2.0,5.0,1.0,1.0,4.0,,,,1.2272727272727273,0.5454545454545455,9.818181818181818,4.909090909090909,0.0,2.6545454545454548,7.333333333333333,1.0,0.0,0.0,4.0,8.0,,,,True,True,UNKNOWN,False,False
2021000186,2021-04-13 18:00:00,東北楽天ゴールデンイーグルス,千葉ロッテマリーンズ,2.0,6.0,UNKNOWN,楽天生命パーク宮城,excluded,high,False,False,1300050,700065,[],[],,,,,0,light,2021-04-13T09:00:00+00:00,,UNKNOWN,,,,UNKNOWN,UNKNOWN,,UNKNOWN,,1.2857142857142858,1.0,6.428571428571429,0.0,0.0,1.7714285714285716,7.0,1.0,7.0,0.0,0.0,5.0,,,,1.5,1.0,10.5,3.0,1.5,4.033333333333333,6.0,1.0,4.0,1.0,2.0,7.0,,,,True,True,UNKNOWN,False,False
2021000188,2021-04-13 18:00:00,福岡ソフトバンクホークス,オリックス・バファローズ,4.0,7.0,UNKNOWN,福岡PayPayドーム,unknown,low,False,False,1700109,1400129,[],[],,,,,0,light,2021-04-13T09:00:00+00:00,,UNKNOWN,,,,UNKNOWN,UNKNOWN,,UNKNOWN,,1.4210526315789473,0.9473684210526316,4.2631578947368425,7.105263157894737,0.0,4.621052631578948,6.333333333333333,1.0,1.0,0.0,5.0,3.0,,,,3.375,1.3125,5.0625,3.375,0.0,3.2,5.333333333333333,2.0,5.0,0.0,2.0,3.0,,,,True,True,UNKNOWN,False,False
2021000187,2021-04-13 17:45:00,埼玉西武ライオンズ,北海道日本ハムファイターズ,2.0,3.0,UNKNOWN,メットライフドーム,excluded,high,False,False,1600093,1800080,[],[],,,,,0,light,2021-04-13T08:45:00+00:00,,UNKNOWN,,,,UNKNOWN,UNKNOWN,,UNKNOWN,,1.5,0.8333333333333334,4.5,3.0,0.0,3.2,6.0,1.0,3.0,0.0,2.0,3.0,,,,5.4,1.2,9.0,9.0,0.0,4.2,5.0,3.0,1.0,0.0,5.0,5.0,,,,True,True,UNKNOWN,False,False
2021000190,2021-04-14 17:30:00,東京ヤクルトスワローズ,横浜DeNAベイスターズ,7.0,3.0,UNKNOWN,明治神宮野球場,unknown,low,False,False,2000034,1700088,[],[],,,,,0,light,2021-04-14T08:30:00+00:00,,UNKNOWN,,,,UNKNOWN,UNKNOWN,,UNKNOWN,,10.384615384615385,1.8461538461538463,10.384615384615385,4.153846153846154,4.153846153846154,8.276923076923078,4.333333333333333,5.0,6.0,2.0,2.0,5.0,,,,4.764705882352941,1.2352941176470587,11.117647058823529,6.352941176470588,1.588235294117647,5.141176470588236,5.666666666666667,3.0,3.0,1.0,4.0,7.0,,,,True,True,UNKNOWN,False,False
2021000189,2021-04-14 17:45:00,読売ジャイアンツ,中日ドラゴンズ,5.0,1.0,UNKNOWN,東京ドーム,unknown,low,False,False,1800061,1600060,[],[],,,,,0,light,2021-04-14T08:45:00+00:00,,UNKNOWN,,,,UNKNOWN,UNKNOWN,,UNKNOWN,,11.25,2.0,11.25,4.5,2.25,5.45,4.0,5.0,6.0,1.0,2.0,5.0,,,,1.0799999999999998,0.96,9.719999999999999,1.0799999999999998,1.0799999999999998,2.96,8.333333333333334,1.0,7.0,1.0,1.0,9.0,,,,True,True,UNKNOWN,False,False
2021000193,2021-04-14 17:45:00,埼玉西武ライオンズ,北海道日本ハムファイターズ,2.0,1.0,UNKNOWN,メットライフドーム,unknown,low,False,False,2000079,1600127,[],[],,,,,0,light,2021-04-14T08:45:00+00:00,,UNKNOWN,,,,UNKNOWN,UNKNOWN,,UNKNOWN,,3.0,1.5,13.5,3.0,0.0,1.2000000000000002,6.0,2.0,7.0,0.0,2.0,9.0,,,,0.0,1.1666666666666667,10.5,6.0,0.0,2.8666666666666667,6.0,0.0,3.0,0.0,4.0,7.0,,,,True,True,UNKNOWN,False,False
2021000191,2021-04-14 18:00:00,阪神タイガース,広島東洋カープ,6.0,0.0,UNKNOWN,阪神甲子園球場,unknown,low,False,False,1900052,900062,[],[],,,,,0,light,2021-04-14T09:00:00+00:00,,UNKNOWN,,,,UNKNOWN,UNKNOWN,,UNKNOWN,,7.2,1.6,1.8,3.6,3.6,9.2,5.0,4.0,6.0,2.0,2.0,1.0,,,,0.0,0.625,7.875,1.125,0.0,1.8250000000000002,8.0,0.0,4.0,0.0,1.0,7.0,,,,True,True,UNKNOWN,False,False
2021000192,2021-04-14 18:00:00,東北楽天ゴールデンイーグルス,千葉ロッテマリーンズ,2.0,2.0,UNKNOWN,楽天生命パーク宮城,unknown,low,False,False,1800052,1200117,[],[],,,,,0,light,2021-04-14T09:00:00+00:00,,UNKNOWN,,,,UNKNOWN,UNKNOWN,,UNKNOWN,,0.0,0.8333333333333334,9.0,4.5,0.0,2.7,6.0,0.0,2.0,0.0,3.0,6.0,,,,1.5,1.1666666666666667,13.5,1.5,0.0,0.7000000000000002,6.0,1.0,6.0,0.0,1.0,9.0,,,,True,True,UNKNOWN,False,False
2021000194,2021-04-14 18:00:00,福岡ソフトバンクホークス,オリックス・バファローズ,4.0,1.0,UNKNOWN,福岡PayPayドーム,unknown,low,False,False,1600153,20204,[],[],,,,,0,light,2021-04-14T09:00:00+00:00,,UNKNOWN,,,,UNKNOWN,UNKNOWN,,UNKNOWN,,5.0625,2.0625,8.4375,5.0625,0.0,3.0125,5.333333333333333,3.0,8.0,0.0,3.0,5.0,,,,0.0,0.75,6.75,1.3499999999999999,0.0,2.1500000000000004,6.666666666666667,0.0,4.0,0.0,1.0,5.0,,,,True,True,UNKNOWN,False,False
2021000196,2021-04-15 17:30:00,東京ヤクルトスワローズ,横浜DeNAベイスターズ,2.0,1.0,UNKNOWN,明治神宮野球場,unknown,low,False,False,1600081,1300045,[],[],,,,,0,light,2021-04-15T08:30:00+00:00,,UNKNOWN,,,,UNKNOWN,UNKNOWN,,UNKNOWN,,3.0,0.8333333333333334,15.0,1.5,3.0,4.7,6.0,2.0,4.0,2.0,1.0,10.0,,,,1.6875,1.3125,10.125,3.375,0.0,2.075,5.333333333333333,1.0,5.0,0.0,2.0,6.0,,,,True,True,UNKNOWN,False,False
2021000197,2021-04-15 18:00:00,阪神タイガース,広島東洋カープ,4.0,0.0,UNKNOWN,阪神甲子園球場,unknown,low,False,False,1600123,900425,[],[],,,,,0,light,2021-04-15T09:00:00+00:00,,UNKNOWN,,,,UNKNOWN,UNKNOWN,,UNKNOWN,,9.0,1.75,6.75,0.0,4.5,8.2,4.0,4.0,7.0,2.0,0.0,3.0,,,,0.0,0.8571428571428571,5.142857142857143,3.857142857142857,0.0,3.342857142857143,7.0,0.0,3.0,0.0,3.0,4.0,,,,True,True,UNKNOWN,False,False
2021000195,2021-04-15 17:45:00,読売ジャイアンツ,中日ドラゴンズ,5.0,1.0,UNKNOWN,東京ドーム,unknown,low,False,False,1200055,1800023,[],[],,,,,0,light,2021-04-15T08:45:00+00:00,,UNKNOWN,,,,UNKNOWN,UNKNOWN,,UNKNOWN,,11.25,2.0,6.75,2.25,2.25,5.7,4.0,5.0,7.0,1.0,1.0,3.0,,,,1.125,0.875,4.5,1.125,0.0,2.575,8.0,1.0,6.0,0.0,1.0,4.0,,,,True,True,UNKNOWN,False,False
2021000198,2021-04-15 18:00:00,東北楽天ゴールデンイーグルス,千葉ロッテマリーンズ,3.0,7.0,UNKNOWN,楽天生命パーク宮城,unknown,low,False,False,1400190,1900117,[],[],,,,,0,light,2021-04-15T09:00:00+00:00,,UNKNOWN,,,,UNKNOWN,UNKNOWN,,UNKNOWN,,0.0,1.2,9.0,7.2,0.0,3.6,5.0,0.0,2.0,0.0,4.0,5.0,,,,3.6,1.2,7.2,5.4,0.0,3.4000000000000004,5.0,2.0,3.0,0.0,3.0,4.0,,,,True,True,UNKNOWN,False,False
2021000200,2021-04-16 17:45:00,横浜DeNAベイスターズ,読売ジャイアンツ,0.0,7.0,UNKNOWN,横浜スタジアム,unknown,low,False,False,1200041,1900031,[],[],,,,,0,light,2021-04-16T08:45:00+00:00,,UNKNOWN,,,,UNKNOWN,UNKNOWN,,UNKNOWN,,0.0,0.7777777777777778,4.0,1.0,0.0,2.644444444444445,9.0,0.0,6.0,0.0,1.0,4.0,,,,5.4,2.2,0.0,1.8,1.8,6.4,5.0,3.0,10.0,1.0,1.0,0.0,,,,True,True,UNKNOWN,False,False
2021000199,2021-04-15 18:00:00,福岡ソフトバンクホークス,オリックス・バファローズ,4.0,3.0,UNKNOWN,福岡PayPayドーム,unknown,low,False,False,1000027,1100115,[],[],,,,,0,light,2021-04-15T09:00:00+00:00,,UNKNOWN,,,,UNKNOWN,UNKNOWN,,UNKNOWN,,2.8421052631578947,1.736842105263158,4.2631578947368425,5.684210526315789,0.0,4.147368421052632,6.333333333333333,2.0,7.0,0.0,4.0,3.0,,,,5.4,1.6,10.8,3.6,0.0,2.0,5.0,3.0,6.0,0.0,2.0,6.0,,,,True,True,UNKNOWN,False,False
2021000204,2021-04-16 17:45:00,埼玉西武ライオンズ,福岡ソフトバンクホークス,2.0,1.0,UNKNOWN,メットライフドーム,unknown,low,False,False,1300080,1400182,[],[],,,,,0,light,2021-04-16T08:45:00+00:00,,UNKNOWN,,,,UNKNOWN,UNKNOWN,,UNKNOWN,,2.3478260869565215,0.7826086956521738,7.0434782608695645,2.3478260869565215,1.1739130434782608,4.113043478260869,7.666666666666667,2.0,4.0,1.0,2.0,6.0,,,,1.2857142857142858,0.8571428571428571,3.857142857142857,3.857142857142857,1.2857142857142858,5.485714285714286,7.0,1.0,3.0,1.0,3.0,3.0,,,,True,True,UNKNOWN,False,False
2021000201,2021-04-16 18:00:00,中日ドラゴンズ,広島東洋カープ,3.0,7.0,UNKNOWN,バンテリンドーム ナゴヤ,unknown,low,False,False,1700072,1200098,[],[],,,,,0,light,2021-04-16T09:00:00+00:00,,UNKNOWN,,,,UNKNOWN,UNKNOWN,,UNKNOWN,,4.909090909090909,2.181818181818182,14.727272727272728,2.4545454545454546,0.0,0.7454545454545456,3.6666666666666665,2.0,7.0,0.0,1.0,6.0,,,,9.0,1.75,2.25,4.5,4.5,10.7,4.0,4.0,5.0,2.0,2.0,1.0,,,,True,True,UNKNOWN,False,False
2021000202,2021-04-16 18:00:00,阪神タイガース,東京ヤクルトスワローズ,2.0,0.0,UNKNOWN,阪神甲子園球場,unknown,low,False,False,12113,1200062,[],[],,,,,0,light,2021-04-16T09:00:00+00:00,,UNKNOWN,,,,UNKNOWN,UNKNOWN,,UNKNOWN,,3.6,1.2,10.8,1.8,1.8,4.0,5.0,2.0,5.0,1.0,1.0,6.0,,,,0.0,1.0588235294117647,9.529411764705882,4.764705882352941,0.0,2.670588235294118,5.666666666666667,0.0,3.0,0.0,3.0,6.0,,,,True,True,UNKNOWN,False,False
2021000203,2021-04-16 17:45:00,北海道日本ハムファイターズ,東北楽天ゴールデンイーグルス,1.0,4.0,UNKNOWN,東京ドーム,unknown,low,False,False,500014,1900129,[],[],,,,,0,light,2021-04-16T08:45:00+00:00,,UNKNOWN,,,,UNKNOWN,UNKNOWN,,UNKNOWN,,1.2857142857142858,0.8571428571428571,12.857142857142858,1.2857142857142858,0.0,0.7714285714285718,7.0,1.0,5.0,0.0,1.0,10.0,,,,3.0,1.3333333333333333,3.0,0.0,0.0,2.5333333333333337,3.0,1.0,4.0,0.0,0.0,1.0,,,,True,True,UNKNOWN,False,False
2021000205,2021-04-16 18:00:00,オリックス・バファローズ,千葉ロッテマリーンズ,3.0,3.0,UNKNOWN,京セラドーム大阪,unknown,low,False,False,1300055,1600150,[],[],,,,,0,light,2021-04-16T09:00:00+00:00,,UNKNOWN,,,,UNKNOWN,UNKNOWN,,UNKNOWN,,1.2857142857142858,1.2857142857142858,5.142857142857143,2.5714285714285716,1.2857142857142858,4.771428571428571,7.0,1.0,7.0,1.0,2.0,4.0,,,,0.0,0.8571428571428571,11.571428571428571,1.2857142857142858,0.0,1.0571428571428574,7.0,0.0,5.0,0.0,1.0,9.0,,,,True,True,UNKNOWN,False,False
2021000207,2021-04-17 14:00:00,中日ドラゴンズ,広島東洋カープ,5.0,0.0,UNKNOWN,バンテリンドーム ナゴヤ,unknown,low,False,False,1300058,1600106,[],[],,,,,0,light,2021-04-17T05:00:00+00:00,,UNKNOWN,,,,UNKNOWN,UNKNOWN,,UNKNOWN,,3.857142857142857,1.1428571428571428,3.857142857142857,2.5714285714285716,0.0,3.2,7.0,3.0,6.0,0.0,2.0,3.0,,,,0.0,0.875,15.75,1.125,0.0,0.07500000000000018,8.0,0.0,6.0,0.0,1.0,14.0,,,,True,True,UNKNOWN,False,False
2021000206,2021-04-17 14:00:00,横浜DeNAベイスターズ,読売ジャイアンツ,2.0,7.0,UNKNOWN,横浜スタジアム,unknown,low,False,False,1800028,1800043,[],[],,,,,0,light,2021-04-17T05:00:00+00:00,,UNKNOWN,,,,UNKNOWN,UNKNOWN,,UNKNOWN,,1.5,1.1666666666666667,12.0,6.0,1.5,4.7,6.0,1.0,3.0,1.0,4.0,8.0,,,,10.5,1.6666666666666667,10.5,4.5,3.0,6.7,6.0,7.0,7.0,2.0,3.0,7.0,,,,True,True,UNKNOWN,False,False
2021000211,2021-04-17 14:00:00,オリックス・バファローズ,千葉ロッテマリーンズ,2.0,7.0,UNKNOWN,京セラドーム大阪,unknown,low,False,False,1000155,1400195,[],[],,,,,0,light,2021-04-17T05:00:00+00:00,,UNKNOWN,,,,UNKNOWN,UNKNOWN,,UNKNOWN,,2.6999999999999997,1.2,5.3999999999999995,1.3499999999999999,1.3499999999999999,4.4,6.666666666666667,2.0,7.0,1.0,1.0,4.0,,,,4.2631578947368425,1.5789473684210527,2.8421052631578947,2.8421052631578947,0.0,3.515789473684211,6.333333333333333,3.0,8.0,0.0,2.0,2.0,,,,True,True,UNKNOWN,False,False
2021000209,2021-04-17 14:00:00,北海道日本ハムファイターズ,東北楽天ゴールデンイーグルス,4.0,1.0,UNKNOWN,東京ドーム,excluded,high,False,False,700069,1100099,[],[],,,,,0,light,2021-04-17T05:00:00+00:00,,UNKNOWN,,,,UNKNOWN,UNKNOWN,,UNKNOWN,,5.4,1.0,9.0,1.8,3.6,7.0,5.0,3.0,4.0,2.0,1.0,5.0,,,,1.2857142857142858,0.7142857142857143,9.0,2.5714285714285716,0.0,2.0571428571428574,7.0,1.0,3.0,0.0,2.0,7.0,,,,True,True,UNKNOWN,False,False
2021000216,2021-04-18 13:00:00,埼玉西武ライオンズ,福岡ソフトバンクホークス,4.0,4.0,UNKNOWN,メットライフドーム,unknown,low,False,False,1400126,1600131,[],[],,,,,0,light,2021-04-18T04:00:00+00:00,,UNKNOWN,,,,UNKNOWN,UNKNOWN,,UNKNOWN,,3.6,1.4,3.6,3.6,0.0,3.6,5.0,2.0,5.0,0.0,2.0,2.0,,,,3.0,1.0,7.5,1.5,0.0,2.033333333333333,6.0,2.0,5.0,0.0,1.0,5.0,,,,True,True,UNKNOWN,False,False
2021000210,2021-04-17 17:45:00,埼玉西武ライオンズ,福岡ソフトバンクホークス,1.0,7.0,UNKNOWN,メットライフドーム,unknown,low,False,False,1700130,1900062,[],[],,,,,0,light,2021-04-17T08:45:00+00:00,,UNKNOWN,,,,UNKNOWN,UNKNOWN,,UNKNOWN,,0.0,0.8333333333333334,3.0,4.5,0.0,4.033333333333333,6.0,0.0,2.0,0.0,3.0,2.0,,,,11.25,2.0,6.75,2.25,4.5,8.95,4.0,5.0,7.0,2.0,1.0,3.0,,,,True,True,UNKNOWN,False,False
2021000213,2021-04-18 14:00:00,中日ドラゴンズ,広島東洋カープ,2.0,4.0,UNKNOWN,バンテリンドーム ナゴヤ,unknown,low,False,False,1600122,1500074,[],[],,,,,0,light,2021-04-18T05:00:00+00:00,,UNKNOWN,,,,UNKNOWN,UNKNOWN,,UNKNOWN,,0.0,0.6,9.0,3.6,0.0,2.4000000000000004,5.0,0.0,1.0,0.0,2.0,5.0,,,,1.3499999999999999,1.2,4.05,2.6999999999999997,0.0,3.2,6.666666666666667,1.0,6.0,0.0,2.0,3.0,,,,True,True,UNKNOWN,False,False
2021000217,2021-04-18 13:00:00,オリックス・バファローズ,千葉ロッテマリーンズ,2.0,3.0,UNKNOWN,京セラドーム大阪,unknown,low,False,False,2000087,1900087,[],[],,,,,0,light,2021-04-18T04:00:00+00:00,,UNKNOWN,,,,UNKNOWN,UNKNOWN,,UNKNOWN,,3.0,1.0,4.5,1.5,0.0,2.7,6.0,2.0,5.0,0.0,1.0,3.0,,,,1.3499999999999999,0.8999999999999999,10.799999999999999,2.6999999999999997,0.0,1.7000000000000002,6.666666666666667,1.0,4.0,0.0,2.0,8.0,,,,True,True,UNKNOWN,False,False
2021000212,2021-04-18 14:00:00,横浜DeNAベイスターズ,読売ジャイアンツ,2.0,2.0,UNKNOWN,横浜スタジアム,unknown,low,False,False,1100038,1700060,[],[],,,,,0,light,2021-04-18T05:00:00+00:00,,UNKNOWN,,,,UNKNOWN,UNKNOWN,,UNKNOWN,,1.4210526315789473,0.7894736842105263,9.947368421052632,1.4210526315789473,1.4210526315789473,3.515789473684211,6.333333333333333,1.0,4.0,1.0,1.0,7.0,,,,1.8,1.2,3.6,5.4,0.0,4.2,5.0,1.0,3.0,0.0,3.0,2.0,,,,True,True,UNKNOWN,False,False
2021000214,2021-04-18 14:00:00,阪神タイガース,東京ヤクルトスワローズ,10.0,7.0,UNKNOWN,阪神甲子園球場,unknown,low,False,False,1200076,1900147,[],[],,,,,0,light,2021-04-18T05:00:00+00:00,,UNKNOWN,,,,UNKNOWN,UNKNOWN,,UNKNOWN,,27.0,4.5,9.0,4.5,0.0,2.7,2.0,6.0,8.0,0.0,1.0,2.0,,,,1.5,1.0,9.0,1.5,0.0,1.7000000000000002,6.0,1.0,5.0,0.0,1.0,6.0,,,,True,True,UNKNOWN,False,False
2021000218,2021-04-20 17:45:00,読売ジャイアンツ,阪神タイガース,5.0,10.0,UNKNOWN,東京ドーム,unknown,low,False,False,900062,1900143,[],[],,,,,0,light,2021-04-20T08:45:00+00:00,,UNKNOWN,,,,UNKNOWN,UNKNOWN,,UNKNOWN,,7.2,1.4,1.8,1.8,1.8,6.0,5.0,4.0,6.0,1.0,1.0,1.0,,,,22.5,4.0,9.0,13.5,13.5,25.2,2.0,5.0,5.0,3.0,3.0,2.0,,,,True,True,UNKNOWN,False,False
2021000215,2021-04-18 14:00:00,北海道日本ハムファイターズ,東北楽天ゴールデンイーグルス,1.0,4.0,UNKNOWN,東京ドーム,unknown,low,False,False,2000121,2000136,[],[],,,,,0,light,2021-04-18T05:00:00+00:00,,UNKNOWN,,,,UNKNOWN,UNKNOWN,,UNKNOWN,,1.125,0.75,7.875,0.0,1.125,3.075,8.0,1.0,6.0,1.0,0.0,7.0,,,,4.5,2.0,9.0,4.5,0.0,2.7,2.0,1.0,3.0,0.0,1.0,2.0,,,,True,True,UNKNOWN,False,False
2021000219,2021-04-20 17:45:00,横浜DeNAベイスターズ,中日ドラゴンズ,0.0,0.0,UNKNOWN,横浜スタジアム,unknown,low,False,False,1000138,1800045,[],[],,,,,0,light,2021-04-20T08:45:00+00:00,,UNKNOWN,,,,UNKNOWN,UNKNOWN,,UNKNOWN,,0.0,0.375,7.875,0.0,0.0,1.4500000000000002,8.0,0.0,3.0,0.0,0.0,7.0,,,,0.0,1.0,2.5714285714285716,1.2857142857142858,0.0,3.0571428571428574,7.0,0.0,6.0,0.0,1.0,2.0,,,,True,True,UNKNOWN,False,False
2021000220,2021-04-20 18:00:00,広島東洋カープ,東京ヤクルトスワローズ,1.0,2.0,UNKNOWN,MAZDA Zoom-Zoom スタジアム広島,unknown,low,False,False,1300029,1900052,[],[],,,,,0,light,2021-04-20T09:00:00+00:00,,UNKNOWN,,,,UNKNOWN,UNKNOWN,,UNKNOWN,,1.5,1.0,7.5,3.0,0.0,2.5333333333333337,6.0,1.0,4.0,0.0,2.0,5.0,,,,2.5714285714285716,1.2857142857142858,7.714285714285714,5.142857142857143,0.0,3.2,7.0,2.0,5.0,0.0,4.0,6.0,,,,True,True,UNKNOWN,False,False
2021000221,2021-04-20 17:45:00,千葉ロッテマリーンズ,北海道日本ハムファイターズ,8.0,4.0,UNKNOWN,ZOZOマリンスタジアム,unknown,low,False,False,1500110,1300050,[],[],,,,,0,light,2021-04-20T08:45:00+00:00,,UNKNOWN,,,,UNKNOWN,UNKNOWN,,UNKNOWN,,7.2,1.8,3.6,5.4,0.0,4.2,5.0,4.0,6.0,0.0,3.0,2.0,,,,6.0,1.6666666666666667,1.5,1.5,3.0,7.7,6.0,4.0,9.0,2.0,1.0,1.0,,,,True,True,UNKNOWN,False,False
2021000222,2021-04-20 18:00:00,オリックス・バファローズ,埼玉西武ライオンズ,11.0,3.0,UNKNOWN,京セラドーム大阪,unknown,low,False,False,1900067,1700109,[],[],,,,,0,light,2021-04-20T09:00:00+00:00,,UNKNOWN,,,,UNKNOWN,UNKNOWN,,UNKNOWN,,6.75,2.0,4.5,0.0,0.0,2.2,4.0,3.0,8.0,0.0,0.0,2.0,,,,6.75,2.5,2.25,4.5,0.0,4.2,4.0,3.0,8.0,0.0,2.0,1.0,,,,True,True,UNKNOWN,False,False
2021000224,2021-04-21 17:45:00,読売ジャイアンツ,阪神タイガース,3.0,2.0,UNKNOWN,東京ドーム,unknown,low,False,False,1500090,1600060,[],[],,,,,0,light,2021-04-21T08:45:00+00:00,,UNKNOWN,,,,UNKNOWN,UNKNOWN,,UNKNOWN,,4.5,1.6666666666666667,4.5,1.5,3.0,7.033333333333333,6.0,3.0,9.0,2.0,1.0,3.0,,,,3.0,1.0,10.5,1.5,3.0,5.7,6.0,2.0,5.0,2.0,1.0,7.0,,,,True,True,UNKNOWN,False,False
2021000225,2021-04-21 17:45:00,横浜DeNAベイスターズ,中日ドラゴンズ,1.0,7.0,UNKNOWN,横浜スタジアム,unknown,low,False,False,1800061,2000034,[],[],,,,,0,light,2021-04-21T08:45:00+00:00,,UNKNOWN,,,,UNKNOWN,UNKNOWN,,UNKNOWN,,1.2857142857142858,0.5714285714285714,2.5714285714285716,2.5714285714285716,1.2857142857142858,5.342857142857143,7.0,1.0,2.0,1.0,2.0,2.0,,,,11.25,1.5,6.75,2.25,2.25,5.7,4.0,5.0,5.0,1.0,1.0,3.0,,,,True,True,UNKNOWN,False,False
2021000223,2021-04-20 18:00:00,福岡ソフトバンクホークス,東北楽天ゴールデンイーグルス,6.0,4.0,UNKNOWN,北九州市民球場,unknown,low,False,False,700065,1400129,[],[],,,,,0,light,2021-04-20T09:00:00+00:00,,UNKNOWN,,,,UNKNOWN,UNKNOWN,,UNKNOWN,,10.125,1.875,10.125,1.6875,1.6875,3.95,5.333333333333333,6.0,9.0,1.0,1.0,6.0,,,,6.230769230769231,1.8461538461538463,2.076923076923077,4.153846153846154,2.076923076923077,7.1230769230769235,4.333333333333333,3.0,6.0,1.0,2.0,1.0,,,,True,True,UNKNOWN,False,False
2021000227,2021-04-21 17:45:00,千葉ロッテマリーンズ,北海道日本ハムファイターズ,6.0,5.0,UNKNOWN,ZOZOマリンスタジアム,unknown,low,False,False,2000079,1800052,[],[],,,,,0,light,2021-04-21T08:45:00+00:00,,UNKNOWN,,,,UNKNOWN,UNKNOWN,,UNKNOWN,,3.857142857142857,1.0,12.857142857142858,2.5714285714285716,1.2857142857142858,3.0571428571428574,7.0,3.0,5.0,1.0,2.0,10.0,,,,7.2,1.8,1.8,3.6,1.8,6.6,5.0,4.0,7.0,1.0,2.0,1.0,,,,True,True,UNKNOWN,False,False
2021000228,2021-04-21 18:00:00,オリックス・バファローズ,埼玉西武ライオンズ,4.0,2.0,UNKNOWN,京セラドーム大阪,unknown,low,False,False,1600127,1600153,[],[],,,,,0,light,2021-04-21T09:00:00+00:00,,UNKNOWN,,,,UNKNOWN,UNKNOWN,,UNKNOWN,,5.142857142857143,1.2857142857142858,5.142857142857143,2.5714285714285716,2.5714285714285716,6.628571428571428,7.0,4.0,7.0,2.0,2.0,4.0,,,,2.25,1.0,4.5,0.0,0.0,2.2,8.0,2.0,8.0,0.0,0.0,4.0,,,,True,True,UNKNOWN,False,False
2021000226,2021-04-21 18:00:00,広島東洋カープ,東京ヤクルトスワローズ,1.0,1.0,UNKNOWN,MAZDA Zoom-Zoom スタジアム広島,unknown,low,False,False,1800143,1600123,[],[],,,,,0,light,2021-04-21T09:00:00+00:00,,UNKNOWN,,,,UNKNOWN,UNKNOWN,,UNKNOWN,,1.5,1.3333333333333333,9.0,1.5,0.0,1.7000000000000002,6.0,1.0,7.0,0.0,1.0,6.0,,,,1.5,1.0,12.0,3.0,0.0,1.5333333333333334,6.0,1.0,4.0,0.0,2.0,8.0,,,,True,True,UNKNOWN,False,False
2021000229,2021-04-21 18:00:00,福岡ソフトバンクホークス,東北楽天ゴールデンイーグルス,4.0,1.0,UNKNOWN,福岡PayPayドーム,unknown,low,False,False,1200117,20204,[],[],,,,,0,light,2021-04-21T09:00:00+00:00,,UNKNOWN,,,,UNKNOWN,UNKNOWN,,UNKNOWN,,5.684210526315789,1.5789473684210527,11.368421052631579,2.8421052631578947,0.0,1.6210526315789475,6.333333333333333,4.0,8.0,0.0,2.0,8.0,,,,1.6875,0.75,5.0625,0.0,1.6875,4.5125,5.333333333333333,1.0,4.0,1.0,0.0,3.0,,,,True,True,UNKNOWN,False,False
2021000230,2021-04-22 17:45:00,読売ジャイアンツ,阪神タイガース,8.0,3.0,UNKNOWN,東京ドーム,unknown,low,False,False,900425,1800023,[],[],,,,,0,light,2021-04-22T08:45:00+00:00,,UNKNOWN,,,,UNKNOWN,UNKNOWN,,UNKNOWN,,18.0,3.3333333333333335,6.0,0.0,6.0,10.533333333333333,3.0,6.0,10.0,2.0,0.0,2.0,,,,4.5,1.6666666666666667,4.5,6.0,1.5,6.366666666666667,6.0,3.0,6.0,1.0,4.0,3.0,,,,True,True,UNKNOWN,False,False
2021000231,2021-04-22 17:45:00,横浜DeNAベイスターズ,中日ドラゴンズ,0.0,1.0,UNKNOWN,横浜スタジアム,unknown,low,False,False,1200055,1600081,[],[],,,,,0,light,2021-04-22T08:45:00+00:00,,UNKNOWN,,,,UNKNOWN,UNKNOWN,,UNKNOWN,,0.0,0.625,6.75,1.125,0.0,2.075,8.0,0.0,4.0,0.0,1.0,6.0,,,,0.0,1.5,10.5,9.0,0.0,3.8666666666666667,6.0,0.0,3.0,0.0,6.0,7.0,,,,True,True,UNKNOWN,False,False
2021000232,2021-04-22 18:00:00,広島東洋カープ,東京ヤクルトスワローズ,4.0,7.0,UNKNOWN,MAZDA Zoom-Zoom スタジアム広島,unknown,low,False,False,1700088,1700072,[],[],,,,,0,light,2021-04-22T09:00:00+00:00,,UNKNOWN,,,,UNKNOWN,UNKNOWN,,UNKNOWN,,3.8571428571428568,1.9285714285714284,5.785714285714286,3.8571428571428568,0.0,3.2,4.666666666666667,2.0,7.0,0.0,2.0,3.0,,,,9.0,2.3333333333333335,15.0,15.0,6.0,13.533333333333335,3.0,3.0,2.0,2.0,5.0,5.0,,,,True,True,UNKNOWN,False,False
2021000233,2021-04-22 17:45:00,千葉ロッテマリーンズ,北海道日本ハムファイターズ,1.0,3.0,UNKNOWN,ZOZOマリンスタジアム,unknown,low,False,False,1600093,1400190,[],[],,,,,0,light,2021-04-22T08:45:00+00:00,,UNKNOWN,,,,UNKNOWN,UNKNOWN,,UNKNOWN,,1.2857142857142858,1.0,9.0,1.2857142857142858,0.0,1.6285714285714288,7.0,1.0,6.0,0.0,1.0,7.0,,,,3.6,1.6,9.0,7.2,1.8,6.2,5.0,2.0,4.0,1.0,4.0,5.0,,,,True,True,UNKNOWN,False,False
2021000236,2021-04-23 17:30:00,東京ヤクルトスワローズ,中日ドラゴンズ,6.0,4.0,UNKNOWN,明治神宮野球場,unknown,low,False,False,1200098,1900024,[],[],,,,,0,light,2021-04-23T08:30:00+00:00,,UNKNOWN,,,,UNKNOWN,UNKNOWN,,UNKNOWN,,7.7142857142857135,1.7142857142857142,0.0,0.0,1.9285714285714284,5.985714285714286,4.666666666666667,4.0,8.0,1.0,0.0,0.0,,,,7.2,2.0,3.6,0.0,0.0,2.4000000000000004,5.0,4.0,10.0,0.0,0.0,2.0,,,,True,True,UNKNOWN,False,False
2021000234,2021-04-22 18:00:00,オリックス・バファローズ,埼玉西武ライオンズ,7.0,6.0,UNKNOWN,京セラドーム大阪,unknown,low,False,False,1700123,1000027,[],[],,,,,0,light,2021-04-22T09:00:00+00:00,,UNKNOWN,,,,UNKNOWN,UNKNOWN,,UNKNOWN,,0.0,1.9090909090909092,2.4545454545454546,4.909090909090909,0.0,4.290909090909091,3.6666666666666665,0.0,5.0,0.0,2.0,1.0,,,,4.5,1.3333333333333333,6.0,1.5,0.0,2.3666666666666667,6.0,3.0,7.0,0.0,1.0,4.0,,,,True,True,UNKNOWN,False,False
2021000237,2021-04-23 18:00:00,阪神タイガース,横浜DeNAベイスターズ,1.0,7.0,UNKNOWN,阪神甲子園球場,unknown,low,False,False,1900031,1200062,[],[],,,,,0,light,2021-04-23T09:00:00+00:00,,UNKNOWN,,,,UNKNOWN,UNKNOWN,,UNKNOWN,,1.5,0.6666666666666666,6.0,1.5,1.5,4.533333333333333,6.0,1.0,3.0,1.0,1.0,4.0,,,,6.75,2.0,6.75,13.5,0.0,6.2,4.0,3.0,2.0,0.0,6.0,3.0,,,,True,True,UNKNOWN,False,False
2021000240,2021-04-23 17:45:00,千葉ロッテマリーンズ,福岡ソフトバンクホークス,2.0,3.0,UNKNOWN,ZOZOマリンスタジアム,excluded,high,False,False,1300080,1800054,[],[],,,,,0,light,2021-04-23T08:45:00+00:00,,UNKNOWN,,,,UNKNOWN,UNKNOWN,,UNKNOWN,,2.6999999999999997,1.05,9.45,1.3499999999999999,0.0,1.5500000000000003,6.666666666666667,2.0,6.0,0.0,1.0,7.0,,,,1.8,1.0,7.2,3.6,1.8,5.4,5.0,1.0,3.0,1.0,2.0,4.0,,,,True,True,UNKNOWN,False,False
2021000235,2021-04-23 17:45:00,読売ジャイアンツ,広島東洋カープ,2.0,1.0,UNKNOWN,東京ドーム,unknown,low,False,False,1300058,1200041,[],[],,,,,0,light,2021-04-23T08:45:00+00:00,,UNKNOWN,,,,UNKNOWN,UNKNOWN,,UNKNOWN,,2.25,1.25,2.25,4.5,1.125,5.825,8.0,2.0,6.0,1.0,4.0,2.0,,,,1.0,0.8888888888888888,7.0,3.0,1.0,4.088888888888889,9.0,1.0,5.0,1.0,3.0,7.0,,,,True,True,UNKNOWN,False,False
2021000238,2021-04-23 18:00:00,北海道日本ハムファイターズ,オリックス・バファローズ,1.0,6.0,UNKNOWN,札幌ドーム,unknown,low,False,False,1600150,1900129,[],[],,,,,0,light,2021-04-23T09:00:00+00:00,,UNKNOWN,,,,UNKNOWN,UNKNOWN,,UNKNOWN,,1.125,1.0,11.25,1.125,0.0,1.0750000000000002,8.0,1.0,7.0,0.0,1.0,10.0,,,,5.3999999999999995,1.2,5.3999999999999995,0.0,2.6999999999999997,5.9,3.3333333333333335,2.0,4.0,1.0,0.0,2.0,,,,True,True,UNKNOWN,False,False
2021000239,2021-04-23 18:00:00,東北楽天ゴールデンイーグルス,埼玉西武ライオンズ,2.0,2.0,UNKNOWN,楽天生命パーク宮城,unknown,low,False,False,1400182,500014,[],[],,,,,0,light,2021-04-23T09:00:00+00:00,,UNKNOWN,,,,UNKNOWN,UNKNOWN,,UNKNOWN,,2.5714285714285716,1.0,9.0,2.5714285714285716,2.5714285714285716,5.771428571428572,7.0,2.0,5.0,2.0,2.0,7.0,,,,2.3478260869565215,1.434782608695652,7.0434782608695645,3.5217391304347823,0.0,2.8086956521739133,7.666666666666667,2.0,8.0,0.0,3.0,6.0,,,,True,True,UNKNOWN,False,False
2021000241,2021-04-24 14:00:00,読売ジャイアンツ,広島東洋カープ,3.0,6.0,UNKNOWN,東京ドーム,unknown,low,False,False,1600122,1800028,[],[],,,,,0,light,2021-04-24T05:00:00+00:00,,UNKNOWN,,,,UNKNOWN,UNKNOWN,,UNKNOWN,,3.375,1.125,3.375,0.0,1.6875,4.8875,5.333333333333333,2.0,6.0,1.0,0.0,2.0,,,,9.0,2.25,11.25,9.0,2.25,6.95,4.0,4.0,5.0,1.0,4.0,5.0,,,,True,True,UNKNOWN,False,False
2021000243,2021-04-24 14:00:00,阪神タイガース,横浜DeNAベイスターズ,13.0,1.0,UNKNOWN,阪神甲子園球場,unknown,low,False,False,1800043,2000052,[],[],,,,,0,light,2021-04-24T05:00:00+00:00,,UNKNOWN,,,,UNKNOWN,UNKNOWN,,UNKNOWN,,54.0,7.0,0.0,0.0,0.0,3.2,1.0,6.0,7.0,0.0,0.0,0.0,,,,1.0,0.8888888888888888,5.0,1.0,0.0,2.4222222222222225,9.0,1.0,7.0,0.0,1.0,5.0,,,,True,True,UNKNOWN,False,False
2021000244,2021-04-24 14:00:00,北海道日本ハムファイターズ,オリックス・バファローズ,5.0,3.0,UNKNOWN,札幌ドーム,unknown,low,False,False,1400195,1100099,[],[],,,,,0,light,2021-04-24T05:00:00+00:00,,UNKNOWN,,,,UNKNOWN,UNKNOWN,,UNKNOWN,,7.105263157894737,1.5789473684210527,1.4210526315789473,2.8421052631578947,1.4210526315789473,5.88421052631579,6.333333333333333,5.0,8.0,1.0,2.0,1.0,,,,2.5714285714285716,1.1428571428571428,3.857142857142857,1.2857142857142858,1.2857142857142858,4.628571428571429,7.0,2.0,7.0,1.0,1.0,3.0,,,,True,True,UNKNOWN,False,False
2021000245,2021-04-24 14:00:00,東北楽天ゴールデンイーグルス,埼玉西武ライオンズ,2.0,1.0,UNKNOWN,楽天生命パーク宮城,japan_series,high,False,True,1500104,700069,[],[],,,,,0,light,2021-04-24T05:00:00+00:00,,UNKNOWN,,,,UNKNOWN,UNKNOWN,,UNKNOWN,,4.909090909090909,2.181818181818182,2.4545454545454546,7.363636363636364,0.0,5.109090909090909,3.6666666666666665,2.0,5.0,0.0,3.0,1.0,,,,1.5,0.5,6.0,0.0,0.0,1.866666666666667,6.0,1.0,3.0,0.0,0.0,4.0,,,,True,True,UNKNOWN,False,False
2021000246,2021-04-24 14:00:00,千葉ロッテマリーンズ,福岡ソフトバンクホークス,11.0,9.0,UNKNOWN,ZOZOマリンスタジアム,unknown,low,False,False,1700130,1000155,[],[],,,,,0,light,2021-04-24T05:00:00+00:00,,UNKNOWN,,,,UNKNOWN,UNKNOWN,,UNKNOWN,,10.799999999999999,2.6999999999999997,2.6999999999999997,13.5,2.6999999999999997,11.0,3.3333333333333335,4.0,4.0,1.0,5.0,1.0,,,,12.461538461538462,3.0,4.153846153846154,6.230769230769231,0.0,4.353846153846154,4.333333333333333,6.0,10.0,0.0,3.0,2.0,,,,True,True,UNKNOWN,False,False
2021000242,2021-04-24 17:30:00,東京ヤクルトスワローズ,中日ドラゴンズ,4.0,3.0,UNKNOWN,明治神宮野球場,unknown,low,False,False,1600106,1300045,[],[],,,,,0,light,2021-04-24T08:30:00+00:00,,UNKNOWN,,,,UNKNOWN,UNKNOWN,,UNKNOWN,,3.0,0.8333333333333334,7.5,0.0,1.5,3.7,6.0,2.0,5.0,1.0,0.0,5.0,,,,3.6,1.4,9.0,1.8,1.8,4.4,5.0,2.0,6.0,1.0,1.0,5.0,,,,True,True,UNKNOWN,False,False
2021000251,2021-04-25 13:00:00,東北楽天ゴールデンイーグルス,埼玉西武ライオンズ,8.0,4.0,UNKNOWN,楽天生命パーク宮城,unknown,low,False,False,1600131,2000121,[],[],,,,,0,light,2021-04-25T04:00:00+00:00,,UNKNOWN,,,,UNKNOWN,UNKNOWN,,UNKNOWN,,11.8125,2.4375,5.0625,5.0625,0.0,3.7625,5.333333333333333,7.0,10.0,0.0,3.0,3.0,,,,4.5,1.1666666666666667,10.5,1.5,0.0,1.366666666666667,6.0,3.0,6.0,0.0,1.0,7.0,,,,True,True,UNKNOWN,False,False
2021000252,2021-04-25 13:00:00,千葉ロッテマリーンズ,福岡ソフトバンクホークス,8.0,5.0,UNKNOWN,ZOZOマリンスタジアム,unknown,low,False,False,1400126,2000087,[],[],,,,,0,light,2021-04-25T04:00:00+00:00,,UNKNOWN,,,,UNKNOWN,UNKNOWN,,UNKNOWN,,12.6,2.0,5.4,1.8,3.6,7.8,5.0,7.0,9.0,2.0,1.0,3.0,,,,2.8421052631578947,1.8947368421052633,5.684210526315789,4.2631578947368425,0.0,3.3578947368421055,6.333333333333333,2.0,9.0,0.0,3.0,4.0,,,,True,True,UNKNOWN,False,False
2021000247,2021-04-25 14:00:00,読売ジャイアンツ,広島東洋カープ,8.0,9.0,UNKNOWN,東京ドーム,unknown,low,False,False,1100081,1100038,[],[],,,,,0,light,2021-04-25T05:00:00+00:00,,UNKNOWN,,,,UNKNOWN,UNKNOWN,,UNKNOWN,,3.6,1.0,9.0,0.0,1.8,3.8000000000000003,5.0,2.0,5.0,1.0,0.0,5.0,,,,6.75,2.25,2.25,4.5,2.25,7.45,4.0,3.0,7.0,1.0,2.0,1.0,,,,True,True,UNKNOWN,False,False
2021000248,2021-04-25 17:30:00,東京ヤクルトスワローズ,中日ドラゴンズ,4.0,3.0,UNKNOWN,明治神宮野球場,unknown,low,False,False,1500074,1200076,[],[],,,,,0,light,2021-04-25T08:30:00+00:00,,UNKNOWN,,,,UNKNOWN,UNKNOWN,,UNKNOWN,,9.0,2.0,9.0,4.5,9.0,15.7,4.0,4.0,6.0,4.0,2.0,4.0,,,,3.857142857142857,1.1428571428571428,6.428571428571429,0.0,2.5714285714285716,5.485714285714286,7.0,3.0,8.0,2.0,0.0,5.0,,,,True,True,UNKNOWN,False,False
2021000249,2021-04-25 14:00:00,阪神タイガース,横浜DeNAベイスターズ,7.0,5.0,UNKNOWN,阪神甲子園球場,unknown,low,False,False,1700060,1900147,[],[],,,,,0,light,2021-04-25T05:00:00+00:00,,UNKNOWN,,,,UNKNOWN,UNKNOWN,,UNKNOWN,,6.230769230769231,1.8461538461538463,8.307692307692308,4.153846153846154,2.076923076923077,5.738461538461539,4.333333333333333,3.0,6.0,1.0,2.0,4.0,,,,4.764705882352941,1.4117647058823528,6.352941176470588,3.176470588235294,0.0,2.847058823529412,5.666666666666667,3.0,6.0,0.0,2.0,4.0,,,,True,True,UNKNOWN,False,False
2021000250,2021-04-25 14:00:00,北海道日本ハムファイターズ,オリックス・バファローズ,4.0,4.0,UNKNOWN,札幌ドーム,unknown,low,False,False,1500088,500027,[],[],,,,,0,light,2021-04-25T05:00:00+00:00,,UNKNOWN,,,,UNKNOWN,UNKNOWN,,UNKNOWN,,3.6,1.0,3.6,1.8,0.0,3.0,5.0,2.0,4.0,0.0,1.0,2.0,,,,1.8,1.6,7.2,1.8,0.0,2.2,5.0,1.0,7.0,0.0,1.0,4.0,,,,True,True,UNKNOWN,False,False
2021000253,2021-04-27 17:30:00,東京ヤクルトスワローズ,読売ジャイアンツ,11.0,14.0,UNKNOWN,明治神宮野球場,unknown,low,False,False,1600060,1300029,[],[],,,,,0,light,2021-04-27T08:30:00+00:00,,UNKNOWN,,,,UNKNOWN,UNKNOWN,,UNKNOWN,,22.5,3.0,4.5,9.0,4.5,11.7,2.0,5.0,4.0,1.0,2.0,1.0,,,,9.0,2.5,13.5,0.0,2.25,3.45,4.0,4.0,10.0,1.0,0.0,6.0,,,,True,True,UNKNOWN,False,False
2021000254,2021-04-27 17:45:00,中日ドラゴンズ,阪神タイガース,2.0,1.0,UNKNOWN,バンテリンドーム ナゴヤ,unknown,low,False,False,900062,1000138,[],[],,,,,0,light,2021-04-27T08:45:00+00:00,,UNKNOWN,,,,UNKNOWN,UNKNOWN,,UNKNOWN,,2.5714285714285716,1.0,6.428571428571429,0.0,0.0,1.7714285714285716,7.0,2.0,7.0,0.0,0.0,5.0,,,,1.125,0.5,6.75,2.25,1.125,4.075,8.0,1.0,2.0,1.0,2.0,6.0,,,,True,True,UNKNOWN,False,False
2021000256,2021-04-27 17:45:00,埼玉西武ライオンズ,千葉ロッテマリーンズ,3.0,1.0,UNKNOWN,メットライフドーム,unknown,low,False,False,1300050,1900067,[],[],,,,,0,light,2021-04-27T08:45:00+00:00,,UNKNOWN,,,,UNKNOWN,UNKNOWN,,UNKNOWN,,3.375,0.75,4.5,1.125,0.0,2.575,8.0,3.0,5.0,0.0,1.0,4.0,,,,1.8,1.0,5.4,0.0,0.0,2.0,5.0,1.0,5.0,0.0,0.0,3.0,,,,True,True,UNKNOWN,False,False
2021000255,2021-04-27 18:00:00,広島東洋カープ,横浜DeNAベイスターズ,10.0,1.0,UNKNOWN,MAZDA Zoom-Zoom スタジアム広島,unknown,low,False,False,1800045,1900052,[],[],,,,,0,light,2021-04-27T09:00:00+00:00,,UNKNOWN,,,,UNKNOWN,UNKNOWN,,UNKNOWN,,23.625,4.5,6.75,3.375,0.0,2.825,2.6666666666666665,7.0,11.0,0.0,1.0,2.0,,,,1.125,0.375,7.875,0.0,1.125,3.075,8.0,1.0,3.0,1.0,0.0,7.0,,,,True,True,UNKNOWN,False,False
2021000257,2021-04-27 18:00:00,オリックス・バファローズ,東北楽天ゴールデンイーグルス,5.0,5.0,UNKNOWN,京セラドーム大阪,unknown,low,False,False,700065,1700109,[],[],,,,,0,light,2021-04-27T09:00:00+00:00,,UNKNOWN,,,,UNKNOWN,UNKNOWN,,UNKNOWN,,4.5,1.3333333333333333,6.0,3.0,1.5,5.033333333333333,6.0,3.0,6.0,1.0,2.0,4.0,,,,1.2857142857142858,1.0,9.0,1.2857142857142858,0.0,1.6285714285714288,7.0,1.0,6.0,0.0,1.0,7.0,,,,True,True,UNKNOWN,False,False
2021000258,2021-04-27 18:00:00,福岡ソフトバンクホークス,北海道日本ハムファイターズ,2.0,7.0,UNKNOWN,福岡PayPayドーム,unknown,low,False,False,1500110,1400129,[],[],,,,,0,light,2021-04-27T09:00:00+00:00,,UNKNOWN,,,,UNKNOWN,UNKNOWN,,UNKNOWN,,2.5714285714285716,0.7142857142857143,5.142857142857143,1.2857142857142858,0.0,2.4857142857142858,7.0,2.0,4.0,0.0,1.0,4.0,,,,9.0,2.3333333333333335,18.0,9.0,0.0,2.2,3.0,3.0,4.0,0.0,3.0,6.0,,,,True,True,UNKNOWN,False,False
2021000259,2021-04-28 17:30:00,東京ヤクルトスワローズ,読売ジャイアンツ,3.0,7.0,UNKNOWN,明治神宮野球場,unknown,low,False,False,1800023,1800143,[],[],,,,,0,light,2021-04-28T08:30:00+00:00,,UNKNOWN,,,,UNKNOWN,UNKNOWN,,UNKNOWN,,3.857142857142857,1.4285714285714286,5.142857142857143,6.428571428571429,1.2857142857142858,6.057142857142857,7.0,3.0,5.0,1.0,5.0,4.0,,,,13.5,3.25,11.25,2.25,4.5,7.95,4.0,6.0,12.0,2.0,1.0,5.0,,,,True,True,UNKNOWN,False,False
2021000260,2021-04-28 17:45:00,中日ドラゴンズ,阪神タイガース,6.0,1.0,UNKNOWN,バンテリンドーム ナゴヤ,unknown,low,False,False,1500090,1800061,[],[],,,,,0,light,2021-04-28T08:45:00+00:00,,UNKNOWN,,,,UNKNOWN,UNKNOWN,,UNKNOWN,,3.0,0.6666666666666666,10.5,1.5,0.0,1.366666666666667,6.0,2.0,3.0,0.0,1.0,7.0,,,,0.0,0.8999999999999999,9.45,1.3499999999999999,0.0,1.5500000000000003,6.666666666666667,0.0,5.0,0.0,1.0,7.0,,,,True,True,UNKNOWN,False,False
2021000264,2021-04-28 18:00:00,福岡ソフトバンクホークス,北海道日本ハムファイターズ,3.0,4.0,UNKNOWN,福岡PayPayドーム,unknown,low,False,False,2000079,20204,[],[],,,,,0,light,2021-04-28T09:00:00+00:00,,UNKNOWN,,,,UNKNOWN,UNKNOWN,,UNKNOWN,,0.0,1.5,4.5,7.5,0.0,4.7,6.0,0.0,4.0,0.0,5.0,3.0,,,,7.2,1.6,10.8,0.0,1.8,3.4000000000000004,5.0,4.0,8.0,1.0,0.0,6.0,,,,True,True,UNKNOWN,False,False
2021000261,2021-04-28 18:00:00,広島東洋カープ,横浜DeNAベイスターズ,2.0,13.0,UNKNOWN,MAZDA Zoom-Zoom スタジアム広島,unknown,low,False,False,1600084,1600123,[],[],,,,,0,light,2021-04-28T09:00:00+00:00,,UNKNOWN,,,,UNKNOWN,UNKNOWN,,UNKNOWN,,4.153846153846154,2.076923076923077,10.384615384615385,6.230769230769231,0.0,2.9692307692307693,4.333333333333333,2.0,6.0,0.0,3.0,5.0,,,,9.0,1.75,9.0,0.0,2.25,4.45,4.0,4.0,7.0,1.0,0.0,4.0,,,,True,True,UNKNOWN,False,False
2021000263,2021-04-28 18:00:00,オリックス・バファローズ,東北楽天ゴールデンイーグルス,0.0,0.0,UNKNOWN,京セラドーム大阪,unknown,low,False,False,1200117,1600153,[],[],,,,,0,light,2021-04-28T09:00:00+00:00,,UNKNOWN,,,,UNKNOWN,UNKNOWN,,UNKNOWN,,0.0,0.375,6.75,1.125,0.0,2.075,8.0,0.0,2.0,0.0,1.0,6.0,,,,0.0,0.4444444444444444,5.0,1.0,0.0,2.4222222222222225,9.0,0.0,3.0,0.0,1.0,5.0,,,,True,True,UNKNOWN,False,False
2021000270,2021-04-29 13:00:00,福岡ソフトバンクホークス,北海道日本ハムファイターズ,2.0,1.0,UNKNOWN,福岡PayPayドーム,unknown,low,False,False,1600093,1100115,[],[],,,,,0,light,2021-04-29T04:00:00+00:00,,UNKNOWN,,,,UNKNOWN,UNKNOWN,,UNKNOWN,,2.5714285714285716,0.8571428571428571,1.2857142857142858,1.2857142857142858,2.5714285714285716,7.057142857142857,7.0,2.0,5.0,2.0,1.0,1.0,,,,0.0,0.5714285714285714,9.0,0.0,0.0,1.2000000000000002,7.0,0.0,4.0,0.0,0.0,7.0,,,,True,True,UNKNOWN,False,False
2021000262,2021-04-28 17:45:00,埼玉西武ライオンズ,千葉ロッテマリーンズ,3.0,2.0,UNKNOWN,メットライフドーム,unknown,low,False,False,1800052,1600127,[],[],,,,,0,light,2021-04-28T08:45:00+00:00,,UNKNOWN,,,,UNKNOWN,UNKNOWN,,UNKNOWN,,3.0,1.5,10.5,3.0,1.5,4.033333333333333,6.0,2.0,7.0,1.0,2.0,7.0,,,,1.2857142857142858,1.1428571428571428,7.714285714285714,7.714285714285714,1.2857142857142858,5.914285714285715,7.0,1.0,2.0,1.0,6.0,6.0,,,,True,True,UNKNOWN,False,False
2021000266,2021-04-29 14:00:00,中日ドラゴンズ,阪神タイガース,2.0,6.0,UNKNOWN,バンテリンドーム ナゴヤ,excluded,high,False,False,400098,1200055,[],[],,,,,0,light,2021-04-29T05:00:00+00:00,,UNKNOWN,,,,UNKNOWN,UNKNOWN,,UNKNOWN,,1.5,0.8333333333333334,6.0,0.0,0.0,1.866666666666667,6.0,1.0,5.0,0.0,0.0,4.0,,,,6.0,1.1666666666666667,3.0,1.5,1.5,5.2,6.0,4.0,6.0,1.0,1.0,2.0,,,,True,True,UNKNOWN,False,False
2021000268,2021-04-29 14:00:00,埼玉西武ライオンズ,千葉ロッテマリーンズ,2.0,5.0,UNKNOWN,メットライフドーム,unknown,low,False,False,1400190,1700123,[],[],,,,,0,light,2021-04-29T05:00:00+00:00,,UNKNOWN,,,,UNKNOWN,UNKNOWN,,UNKNOWN,,3.0,1.0,10.5,3.0,0.0,1.866666666666667,6.0,2.0,4.0,0.0,2.0,7.0,,,,108.0,15.0,0.0,81.0,27.0,69.2,0.3333333333333333,4.0,2.0,1.0,3.0,0.0,,,,True,True,UNKNOWN,False,False
2021000267,2021-04-29 15:00:00,広島東洋カープ,横浜DeNAベイスターズ,3.0,5.0,UNKNOWN,MAZDA Zoom-Zoom スタジアム広島,excluded,high,False,False,1600081,1900057,[],[],,,,,0,light,2021-04-29T06:00:00+00:00,,UNKNOWN,,,,UNKNOWN,UNKNOWN,,UNKNOWN,,4.5,1.1666666666666667,7.5,0.0,0.0,1.5333333333333334,6.0,3.0,7.0,0.0,0.0,5.0,,,,7.2,1.4,5.4,3.6,3.6,8.4,5.0,4.0,5.0,2.0,2.0,3.0,,,,True,True,UNKNOWN,False,False
2021000274,2021-04-30 18:00:00,北海道日本ハムファイターズ,埼玉西武ライオンズ,1.0,5.0,UNKNOWN,札幌ドーム,unknown,low,False,False,1400182,1900129,[],[],,,,,0,light,2021-04-30T09:00:00+00:00,,UNKNOWN,,,,UNKNOWN,UNKNOWN,,UNKNOWN,,1.5,1.0,6.0,3.0,0.0,2.8666666666666667,6.0,1.0,4.0,0.0,2.0,4.0,,,,3.375,1.5,0.0,1.6875,0.0,3.7625,5.333333333333333,2.0,7.0,0.0,1.0,0.0,,,,True,True,UNKNOWN,False,False
2021000272,2021-04-30 17:45:00,横浜DeNAベイスターズ,東京ヤクルトスワローズ,0.0,4.0,UNKNOWN,横浜スタジアム,unknown,low,False,False,1700088,1900031,[],[],,,,,0,light,2021-04-30T08:45:00+00:00,,UNKNOWN,,,,UNKNOWN,UNKNOWN,,UNKNOWN,,0.0,1.0,9.0,1.5,0.0,1.7000000000000002,6.0,0.0,5.0,0.0,1.0,6.0,,,,0.0,1.0,0.0,0.0,0.0,3.2,1.0,0.0,1.0,0.0,0.0,0.0,,,,True,True,UNKNOWN,False,False
2021000273,2021-04-30 18:00:00,阪神タイガース,広島東洋カープ,4.0,2.0,UNKNOWN,阪神甲子園球場,unknown,low,False,False,1300058,900425,[],[],,,,,0,light,2021-04-30T09:00:00+00:00,,UNKNOWN,,,,UNKNOWN,UNKNOWN,,UNKNOWN,,7.2,2.8,3.6,10.8,0.0,6.0,5.0,4.0,8.0,0.0,6.0,2.0,,,,2.4545454545454546,0.8181818181818182,3.681818181818182,0.0,1.2272727272727273,4.154545454545454,7.333333333333333,2.0,6.0,1.0,0.0,3.0,,,,True,True,UNKNOWN,False,False
2021000271,2021-04-30 18:00:00,読売ジャイアンツ,中日ドラゴンズ,2.0,3.0,UNKNOWN,東京ドーム,unknown,low,False,False,1600106,1200041,[],[],,,,,0,light,2021-04-30T09:00:00+00:00,,UNKNOWN,,,,UNKNOWN,UNKNOWN,,UNKNOWN,,2.5714285714285716,1.0,11.571428571428571,3.857142857142857,0.0,1.9142857142857144,7.0,2.0,4.0,0.0,3.0,9.0,,,,3.857142857142857,1.1428571428571428,7.714285714285714,0.0,1.2857142857142858,3.342857142857143,7.0,3.0,8.0,1.0,0.0,6.0,,,,True,True,UNKNOWN,False,False
2021000275,2021-04-30 18:00:00,東北楽天ゴールデンイーグルス,千葉ロッテマリーンズ,8.0,1.0,UNKNOWN,楽天生命パーク宮城,unknown,low,False,False,1800054,500014,[],[],,,,,0,light,2021-04-30T09:00:00+00:00,,UNKNOWN,,,,UNKNOWN,UNKNOWN,,UNKNOWN,,5.4,1.8,5.4,3.6,0.0,3.2,5.0,3.0,7.0,0.0,2.0,3.0,,,,1.8,1.4,3.6,7.2,0.0,4.800000000000001,5.0,1.0,3.0,0.0,4.0,2.0,,,,True,True,UNKNOWN,False,False
2021000278,2021-05-01 14:00:00,横浜DeNAベイスターズ,東京ヤクルトスワローズ,10.0,2.0,UNKNOWN,横浜スタジアム,unknown,low,False,False,1300045,1700067,[],[],,,,,0,light,2021-05-01T05:00:00+00:00,,UNKNOWN,,,,UNKNOWN,UNKNOWN,,UNKNOWN,,1.8,1.0,3.6,1.8,1.8,5.6,5.0,1.0,4.0,1.0,1.0,2.0,,,,3.375,2.625,3.375,13.5,0.0,6.95,2.6666666666666665,1.0,3.0,0.0,4.0,1.0,,,,True,True,UNKNOWN,False,False
2021000277,2021-05-01 14:00:00,読売ジャイアンツ,中日ドラゴンズ,6.0,9.0,UNKNOWN,東京ドーム,unknown,low,False,False,1500074,1100038,[],[],,,,,0,light,2021-05-01T05:00:00+00:00,,UNKNOWN,,,,UNKNOWN,UNKNOWN,,UNKNOWN,,5.4,1.8,12.6,3.6,0.0,1.6,5.0,3.0,7.0,0.0,2.0,7.0,,,,7.7142857142857135,1.9285714285714284,11.571428571428571,3.8571428571428568,1.9285714285714284,4.7,4.666666666666667,4.0,7.0,1.0,2.0,6.0,,,,True,True,UNKNOWN,False,False
2021000276,2021-04-30 18:00:00,オリックス・バファローズ,福岡ソフトバンクホークス,5.0,4.0,UNKNOWN,京セラドーム大阪,unknown,low,False,False,1300080,1600150,[],[],,,,,0,light,2021-04-30T09:00:00+00:00,,UNKNOWN,,,,UNKNOWN,UNKNOWN,,UNKNOWN,,1.2857142857142858,0.7142857142857143,2.5714285714285716,0.0,0.0,2.628571428571429,7.0,1.0,5.0,0.0,0.0,2.0,,,,5.142857142857143,1.4285714285714286,7.714285714285714,2.5714285714285716,0.0,2.342857142857143,7.0,4.0,8.0,0.0,2.0,6.0,,,,True,True,UNKNOWN,False,False
2021000279,2021-05-01 14:00:00,阪神タイガース,広島東洋カープ,0.0,0.0,UNKNOWN,阪神甲子園球場,unknown,low,False,False,1600122,2000052,[],[],,,,,0,light,2021-05-01T05:00:00+00:00,,UNKNOWN,,,,UNKNOWN,UNKNOWN,,UNKNOWN,,0.0,0.0,9.0,0.0,0.0,1.2000000000000002,2.0,0.0,0.0,0.0,0.0,2.0,,,,0.0,0.6666666666666666,6.0,0.0,0.0,1.866666666666667,3.0,0.0,2.0,0.0,0.0,2.0,,,,True,True,UNKNOWN,False,False
2021000281,2021-05-01 14:00:00,東北楽天ゴールデンイーグルス,千葉ロッテマリーンズ,3.0,0.0,UNKNOWN,楽天生命パーク宮城,unknown,low,False,False,1300055,700069,[],[],,,,,0,light,2021-05-01T05:00:00+00:00,,UNKNOWN,,,,UNKNOWN,UNKNOWN,,UNKNOWN,,5.4,1.8,7.2,5.4,1.8,6.0,5.0,3.0,6.0,1.0,3.0,4.0,,,,0.0,1.0,9.0,1.5,0.0,1.7000000000000002,6.0,0.0,5.0,0.0,1.0,6.0,,,,True,True,UNKNOWN,False,False
2021000280,2021-05-01 14:00:00,北海道日本ハムファイターズ,埼玉西武ライオンズ,5.0,4.0,UNKNOWN,札幌ドーム,unknown,low,False,False,1500104,1100099,[],[],,,,,0,light,2021-05-01T05:00:00+00:00,,UNKNOWN,,,,UNKNOWN,UNKNOWN,,UNKNOWN,,1.8,1.0,1.8,5.4,0.0,4.6,5.0,1.0,2.0,0.0,3.0,1.0,,,,2.5714285714285716,0.8571428571428571,7.714285714285714,3.857142857142857,0.0,2.771428571428572,7.0,2.0,3.0,0.0,3.0,6.0,,,,True,True,UNKNOWN,False,False
2021000282,2021-05-01 14:00:00,オリックス・バファローズ,福岡ソフトバンクホークス,0.0,13.0,UNKNOWN,京セラドーム大阪,unknown,low,False,False,1800002,1000027,[],[],,,,,0,light,2021-05-01T05:00:00+00:00,,UNKNOWN,,,,UNKNOWN,UNKNOWN,,UNKNOWN,,0.0,1.0,6.0,1.5,0.0,2.3666666666666667,6.0,0.0,5.0,0.0,1.0,4.0,,,,10.8,2.2,3.6,1.8,3.6,8.2,5.0,6.0,10.0,2.0,1.0,2.0,,,,True,True,UNKNOWN,False,False
2021000287,2021-05-02 13:00:00,東北楽天ゴールデンイーグルス,千葉ロッテマリーンズ,5.0,6.0,UNKNOWN,楽天生命パーク宮城,unknown,low,False,False,2000087,2000121,[],[],,,,,0,light,2021-05-02T04:00:00+00:00,,UNKNOWN,,,,UNKNOWN,UNKNOWN,,UNKNOWN,,7.7142857142857135,1.7142857142857142,5.785714285714286,1.9285714285714284,1.9285714285714284,5.342857142857143,4.666666666666667,4.0,7.0,1.0,1.0,3.0,,,,8.4375,1.875,10.125,3.375,1.6875,4.5125,5.333333333333333,5.0,8.0,1.0,2.0,6.0,,,,True,True,UNKNOWN,False,False
2021000288,2021-05-02 13:00:00,オリックス・バファローズ,福岡ソフトバンクホークス,5.0,4.0,UNKNOWN,京セラドーム大阪,unknown,low,False,False,1400126,1400195,[],[],,,,,0,light,2021-05-02T04:00:00+00:00,,UNKNOWN,,,,UNKNOWN,UNKNOWN,,UNKNOWN,,7.5,1.6666666666666667,9.0,0.0,4.5,7.7,6.0,5.0,10.0,3.0,0.0,6.0,,,,3.0,1.3333333333333333,7.5,3.0,0.0,2.5333333333333337,6.0,2.0,6.0,0.0,2.0,5.0,,,,True,True,UNKNOWN,False,False
2021000285,2021-05-02 14:00:00,阪神タイガース,広島東洋カープ,7.0,3.0,UNKNOWN,阪神甲子園球場,unknown,low,False,False,1100081,1900147,[],[],,,,,0,light,2021-05-02T05:00:00+00:00,,UNKNOWN,,,,UNKNOWN,UNKNOWN,,UNKNOWN,,11.25,2.25,13.5,9.0,2.25,6.45,4.0,5.0,5.0,1.0,4.0,6.0,,,,5.4,2.2,9.0,7.2,0.0,3.6,5.0,3.0,7.0,0.0,4.0,5.0,,,,True,True,UNKNOWN,False,False
2021000284,2021-05-02 14:00:00,横浜DeNAベイスターズ,東京ヤクルトスワローズ,8.0,7.0,UNKNOWN,横浜スタジアム,unknown,low,False,False,1200076,1700060,[],[],,,,,0,light,2021-05-02T05:00:00+00:00,,UNKNOWN,,,,UNKNOWN,UNKNOWN,,UNKNOWN,,22.5,4.5,4.5,9.0,4.5,11.7,2.0,5.0,7.0,1.0,2.0,1.0,,,,21.6,4.2,10.8,16.200000000000003,0.0,6.200000000000001,1.6666666666666665,4.0,4.0,0.0,3.0,2.0,,,,True,True,UNKNOWN,False,False
2021000290,2021-05-03 14:00:00,中日ドラゴンズ,横浜DeNAベイスターズ,1.0,2.0,UNKNOWN,バンテリンドーム ナゴヤ,excluded,high,False,False,1900125,1800060,[],[],,,,,0,light,2021-05-03T05:00:00+00:00,,UNKNOWN,,,,UNKNOWN,UNKNOWN,,UNKNOWN,,0.0,0.6666666666666666,7.5,0.0,0.0,1.5333333333333334,6.0,0.0,4.0,0.0,0.0,5.0,,,,0.0,0.8,7.2,3.6,0.0,2.8000000000000003,5.0,0.0,2.0,0.0,2.0,4.0,,,,True,True,UNKNOWN,False,False
2021000292,2021-05-03 17:45:00,埼玉西武ライオンズ,オリックス・バファローズ,3.0,6.0,UNKNOWN,メットライフドーム,unknown,low,False,False,1900087,2100008,[],[],,,,,0,light,2021-05-03T08:45:00+00:00,,UNKNOWN,,,,UNKNOWN,UNKNOWN,,UNKNOWN,,2.6999999999999997,0.8999999999999999,6.75,2.6999999999999997,0.0,2.6,6.666666666666667,2.0,4.0,0.0,2.0,5.0,,,,0.0,1.6,5.4,5.4,0.0,3.8000000000000003,5.0,0.0,5.0,0.0,3.0,3.0,,,,True,True,UNKNOWN,False,False
2021000291,2021-05-03 18:00:00,広島東洋カープ,読売ジャイアンツ,2.0,3.0,UNKNOWN,MAZDA Zoom-Zoom スタジアム広島,unknown,low,False,False,1600060,1900052,[],[],,,,,0,light,2021-05-03T09:00:00+00:00,,UNKNOWN,,,,UNKNOWN,UNKNOWN,,UNKNOWN,,0.0,1.4117647058823528,11.117647058823529,1.588235294117647,1.588235294117647,3.5529411764705885,5.666666666666667,0.0,7.0,1.0,1.0,7.0,,,,3.857142857142857,1.0,15.428571428571429,0.0,3.857142857142857,5.342857142857143,7.0,3.0,7.0,3.0,0.0,12.0,,,,True,True,UNKNOWN,False,False
2021000294,2021-05-03 18:00:00,福岡ソフトバンクホークス,東北楽天ゴールデンイーグルス,4.0,7.0,UNKNOWN,福岡PayPayドーム,excluded,high,False,False,1900117,900100,[],[],,,,,0,light,2021-05-03T09:00:00+00:00,,UNKNOWN,,,,UNKNOWN,UNKNOWN,,UNKNOWN,,1.8,1.0,7.2,3.6,0.0,2.8000000000000003,5.0,1.0,3.0,0.0,2.0,4.0,,,,5.684210526315789,1.2631578947368423,8.526315789473685,2.8421052631578947,0.0,2.2526315789473683,6.333333333333333,4.0,6.0,0.0,2.0,6.0,,,,True,True,UNKNOWN,False,False
2021000295,2021-05-04 14:00:00,東京ヤクルトスワローズ,阪神タイガース,5.0,11.0,UNKNOWN,明治神宮野球場,unknown,low,False,False,900062,1300029,[],[],,,,,0,light,2021-05-04T05:00:00+00:00,,UNKNOWN,,,,UNKNOWN,UNKNOWN,,UNKNOWN,,3.6,1.6,9.0,3.6,1.8,5.0,5.0,2.0,6.0,1.0,2.0,5.0,,,,3.0,1.8333333333333333,4.5,4.5,0.0,3.7,6.0,2.0,8.0,0.0,3.0,3.0,,,,True,True,UNKNOWN,False,False
2021000296,2021-05-04 14:00:00,中日ドラゴンズ,横浜DeNAベイスターズ,8.0,4.0,UNKNOWN,バンテリンドーム ナゴヤ,unknown,low,False,False,1800045,1000138,[],[],,,,,0,light,2021-05-04T05:00:00+00:00,,UNKNOWN,,,,UNKNOWN,UNKNOWN,,UNKNOWN,,24.0,3.3333333333333335,9.0,6.0,3.0,7.533333333333333,3.0,8.0,8.0,1.0,2.0,3.0,,,,5.142857142857143,1.1428571428571428,6.428571428571429,1.2857142857142858,2.5714285714285716,5.914285714285715,7.0,4.0,7.0,2.0,1.0,5.0,,,,True,True,UNKNOWN,False,False
2021000297,2021-05-04 14:00:00,広島東洋カープ,読売ジャイアンツ,1.0,1.0,UNKNOWN,MAZDA Zoom-Zoom スタジアム広島,unknown,low,False,False,1800023,1600123,[],[],,,,,0,light,2021-05-04T05:00:00+00:00,,UNKNOWN,,,,UNKNOWN,UNKNOWN,,UNKNOWN,,1.2857142857142858,1.0,6.428571428571429,2.5714285714285716,0.0,2.628571428571429,7.0,1.0,5.0,0.0,2.0,5.0,,,,1.2857142857142858,1.5714285714285714,5.142857142857143,3.857142857142857,0.0,3.342857142857143,7.0,1.0,8.0,0.0,3.0,4.0,,,,True,True,UNKNOWN,False,False
2021000298,2021-05-04 14:00:00,埼玉西武ライオンズ,オリックス・バファローズ,6.0,6.0,UNKNOWN,メットライフドーム,unknown,low,False,False,1500088,1900067,[],[],,,,,0,light,2021-05-04T05:00:00+00:00,,UNKNOWN,,,,UNKNOWN,UNKNOWN,,UNKNOWN,,10.384615384615385,2.7692307692307696,4.153846153846154,6.230769230769231,0.0,4.353846153846154,4.333333333333333,5.0,9.0,0.0,3.0,2.0,,,,6.75,1.75,0.0,6.75,2.25,8.7,4.0,3.0,4.0,1.0,3.0,0.0,,,,True,True,UNKNOWN,False,False
2021000300,2021-05-04 14:00:00,福岡ソフトバンクホークス,東北楽天ゴールデンイーグルス,6.0,4.0,UNKNOWN,福岡PayPayドーム,unknown,low,False,False,700065,1400129,[],[],,,,,0,light,2021-05-04T05:00:00+00:00,,UNKNOWN,,,,UNKNOWN,UNKNOWN,,UNKNOWN,,12.0,2.6666666666666665,0.0,3.0,3.0,8.533333333333333,3.0,4.0,7.0,1.0,1.0,0.0,,,,9.0,2.0,13.5,9.0,4.5,9.7,4.0,4.0,4.0,2.0,4.0,6.0,,,,True,True,UNKNOWN,False,False
2021000303,2021-05-05 13:30:00,広島東洋カープ,読売ジャイアンツ,0.0,4.0,UNKNOWN,MAZDA Zoom-Zoom スタジアム広島,unknown,low,False,False,1900143,1600122,[],[],,,,,0,light,2021-05-05T04:30:00+00:00,,UNKNOWN,,,,UNKNOWN,UNKNOWN,,UNKNOWN,,0.0,0.8571428571428571,2.5714285714285716,0.0,0.0,2.628571428571429,7.0,0.0,6.0,0.0,0.0,2.0,,,,1.5,0.8333333333333334,9.0,1.5,0.0,1.7000000000000002,6.0,1.0,4.0,0.0,1.0,6.0,,,,True,True,UNKNOWN,False,False
2021000304,2021-05-05 13:00:00,埼玉西武ライオンズ,オリックス・バファローズ,6.0,2.0,UNKNOWN,メットライフドーム,unknown,low,False,False,1600153,1600127,[],[],,,,,0,light,2021-05-05T04:00:00+00:00,,UNKNOWN,,,,UNKNOWN,UNKNOWN,,UNKNOWN,,5.684210526315789,1.8947368421052633,8.526315789473685,2.8421052631578947,0.0,2.2526315789473683,6.333333333333333,4.0,10.0,0.0,2.0,6.0,,,,2.3478260869565215,1.3043478260869565,5.869565217391304,4.695652173913043,0.0,3.4608695652173913,7.666666666666667,2.0,6.0,0.0,4.0,5.0,,,,True,True,UNKNOWN,False,False
2021000301,2021-05-05 14:00:00,東京ヤクルトスワローズ,阪神タイガース,2.0,2.0,UNKNOWN,明治神宮野球場,unknown,low,False,False,1500090,1900024,[],[],,,,,0,light,2021-05-05T05:00:00+00:00,,UNKNOWN,,,,UNKNOWN,UNKNOWN,,UNKNOWN,,1.5,1.1666666666666667,6.0,1.5,0.0,2.3666666666666667,6.0,1.0,6.0,0.0,1.0,4.0,,,,3.0,1.0,7.5,4.5,0.0,3.0333333333333337,6.0,2.0,3.0,0.0,3.0,5.0,,,,True,True,UNKNOWN,False,False
2021000306,2021-05-05 13:00:00,福岡ソフトバンクホークス,東北楽天ゴールデンイーグルス,5.0,5.0,UNKNOWN,福岡PayPayドーム,unknown,low,False,False,1200117,20204,[],[],,,,,0,light,2021-05-05T04:00:00+00:00,,UNKNOWN,,,,UNKNOWN,UNKNOWN,,UNKNOWN,,6.0,1.3333333333333333,6.0,0.0,3.0,6.2,6.0,4.0,8.0,2.0,0.0,4.0,,,,9.0,1.8,3.6,3.6,0.0,3.6,5.0,5.0,7.0,0.0,2.0,2.0,,,,True,True,UNKNOWN,False,False
2021000308,2021-05-07 17:45:00,横浜DeNAベイスターズ,阪神タイガース,12.0,6.0,UNKNOWN,横浜スタジアム,unknown,low,False,False,400098,1700067,[],[],,,,,0,light,2021-05-07T08:45:00+00:00,,UNKNOWN,,,,UNKNOWN,UNKNOWN,,UNKNOWN,,8.1,2.4,8.1,8.1,0.0,4.1,3.3333333333333335,3.0,5.0,0.0,3.0,3.0,,,,4.5,2.0,9.0,4.5,2.25,5.95,4.0,2.0,6.0,1.0,2.0,4.0,,,,True,True,UNKNOWN,False,False
2021000302,2021-05-05 14:00:00,中日ドラゴンズ,横浜DeNAベイスターズ,0.0,4.0,UNKNOWN,バンテリンドーム ナゴヤ,unknown,low,False,False,1600081,1800061,[],[],,,,,0,light,2021-05-05T05:00:00+00:00,,UNKNOWN,,,,UNKNOWN,UNKNOWN,,UNKNOWN,,0.0,0.6666666666666666,12.0,1.5,0.0,1.0333333333333337,6.0,0.0,3.0,0.0,1.0,8.0,,,,5.3999999999999995,1.2,10.799999999999999,1.3499999999999999,0.0,1.2500000000000002,6.666666666666667,4.0,7.0,0.0,1.0,8.0,,,,True,True,UNKNOWN,False,False
2021000310,2021-05-07 17:45:00,千葉ロッテマリーンズ,オリックス・バファローズ,7.0,5.0,UNKNOWN,ZOZOマリンスタジアム,unknown,low,False,False,1600150,1300050,[],[],,,,,0,light,2021-05-07T08:45:00+00:00,,UNKNOWN,,,,UNKNOWN,UNKNOWN,,UNKNOWN,,9.0,1.8,9.0,1.8,1.8,4.4,5.0,5.0,8.0,1.0,1.0,5.0,,,,5.142857142857143,0.8571428571428571,2.5714285714285716,1.2857142857142858,2.5714285714285716,6.771428571428572,7.0,4.0,5.0,2.0,1.0,2.0,,,,True,True,UNKNOWN,False,False
2021000307,2021-05-07 18:00:00,読売ジャイアンツ,東京ヤクルトスワローズ,4.0,6.0,UNKNOWN,東京ドーム,unknown,low,False,False,1800143,1200041,[],[],,,,,0,light,2021-05-07T09:00:00+00:00,,UNKNOWN,,,,UNKNOWN,UNKNOWN,,UNKNOWN,,10.125,2.625,6.75,13.5,6.75,15.95,2.6666666666666665,3.0,3.0,2.0,4.0,2.0,,,,0.0,0.5,6.75,0.0,0.0,1.7000000000000002,4.0,0.0,2.0,0.0,0.0,3.0,,,,True,True,UNKNOWN,False,False
2021000309,2021-05-07 18:00:00,北海道日本ハムファイターズ,東北楽天ゴールデンイーグルス,6.0,1.0,UNKNOWN,札幌ドーム,unknown,low,False,False,500014,1900129,[],[],,,,,0,light,2021-05-07T09:00:00+00:00,,UNKNOWN,,,,UNKNOWN,UNKNOWN,,UNKNOWN,,9.0,1.5,9.0,1.5,1.5,3.8666666666666667,6.0,6.0,8.0,1.0,1.0,6.0,,,,1.8,1.0,16.2,1.8,1.8,2.8000000000000003,5.0,1.0,4.0,1.0,1.0,9.0,,,,True,True,UNKNOWN,False,False
2021000311,2021-05-07 18:00:00,福岡ソフトバンクホークス,埼玉西武ライオンズ,2.0,2.0,UNKNOWN,福岡PayPayドーム,unknown,low,False,False,1400182,1300080,[],[],,,,,0,light,2021-05-07T09:00:00+00:00,,UNKNOWN,,,,UNKNOWN,UNKNOWN,,UNKNOWN,,1.2857142857142858,1.4285714285714286,6.428571428571429,5.142857142857143,1.2857142857142858,5.342857142857143,7.0,1.0,6.0,1.0,4.0,5.0,,,,2.25,0.625,9.0,1.125,2.25,4.825,8.0,2.0,4.0,2.0,1.0,8.0,,,,True,True,UNKNOWN,False,False
2021000317,2021-05-08 13:00:00,福岡ソフトバンクホークス,埼玉西武ライオンズ,0.0,2.0,UNKNOWN,福岡PayPayドーム,unknown,low,False,False,1800080,1800002,[],[],,,,,0,light,2021-05-08T04:00:00+00:00,,UNKNOWN,,,,UNKNOWN,UNKNOWN,,UNKNOWN,,0.0,1.0,7.5,1.5,0.0,2.033333333333333,6.0,0.0,5.0,0.0,1.0,5.0,,,,2.5714285714285716,0.8571428571428571,5.142857142857143,1.2857142857142858,0.0,2.4857142857142858,7.0,2.0,5.0,0.0,1.0,4.0,,,,True,True,UNKNOWN,False,False
2021000313,2021-05-08 14:00:00,横浜DeNAベイスターズ,阪神タイガース,1.0,4.0,UNKNOWN,横浜スタジアム,unknown,low,False,False,2000052,2000145,[],[],,,,,0,light,2021-05-08T05:00:00+00:00,,UNKNOWN,,,,UNKNOWN,UNKNOWN,,UNKNOWN,,1.125,0.75,5.625,0.0,1.125,3.575,8.0,1.0,6.0,1.0,0.0,5.0,,,,7.2,1.8,3.6,5.4,0.0,4.2,5.0,4.0,6.0,0.0,3.0,2.0,,,,True,True,UNKNOWN,False,False
2021000315,2021-05-08 14:00:00,北海道日本ハムファイターズ,東北楽天ゴールデンイーグルス,4.0,1.0,UNKNOWN,札幌ドーム,unknown,low,False,False,700069,1100099,[],[],,,,,0,light,2021-05-08T05:00:00+00:00,,UNKNOWN,,,,UNKNOWN,UNKNOWN,,UNKNOWN,,5.142857142857143,1.2857142857142858,6.428571428571429,1.2857142857142858,1.2857142857142858,4.057142857142857,7.0,4.0,8.0,1.0,1.0,5.0,,,,1.2857142857142858,0.8571428571428571,5.142857142857143,2.5714285714285716,1.2857142857142858,4.771428571428571,7.0,1.0,4.0,1.0,2.0,4.0,,,,True,True,UNKNOWN,False,False
2021000314,2021-05-08 14:00:00,中日ドラゴンズ,広島東洋カープ,3.0,4.0,UNKNOWN,バンテリンドーム ナゴヤ,unknown,low,False,False,1300058,1200055,[],[],,,,,0,light,2021-05-08T05:00:00+00:00,,UNKNOWN,,,,UNKNOWN,UNKNOWN,,UNKNOWN,,3.0,1.1666666666666667,7.5,1.5,0.0,2.033333333333333,6.0,2.0,6.0,0.0,1.0,5.0,,,,5.684210526315789,1.5789473684210527,4.2631578947368425,1.4210526315789473,1.4210526315789473,4.778947368421052,6.333333333333333,4.0,9.0,1.0,1.0,3.0,,,,True,True,UNKNOWN,False,False
2021000316,2021-05-08 14:00:00,千葉ロッテマリーンズ,オリックス・バファローズ,2.0,5.0,UNKNOWN,ZOZOマリンスタジアム,regular,high,True,True,1700109,1000155,[],[],,,,,0,light,2021-05-08T05:00:00+00:00,,UNKNOWN,,,,UNKNOWN,UNKNOWN,,UNKNOWN,,1.5,0.6666666666666666,9.0,0.0,0.0,1.2000000000000002,6.0,1.0,4.0,0.0,0.0,6.0,,,,3.857142857142857,0.7142857142857143,11.571428571428571,0.0,2.5714285714285716,4.342857142857143,7.0,3.0,5.0,2.0,0.0,9.0,,,,True,True,UNKNOWN,False,False
2021000323,2021-05-09 13:00:00,福岡ソフトバンクホークス,埼玉西武ライオンズ,3.0,1.0,UNKNOWN,福岡PayPayドーム,unknown,low,False,False,1600131,1400126,[],[],,,,,0,light,2021-05-09T04:00:00+00:00,,UNKNOWN,,,,UNKNOWN,UNKNOWN,,UNKNOWN,,1.5,1.3333333333333333,13.5,3.0,0.0,1.2000000000000002,6.0,1.0,6.0,0.0,2.0,9.0,,,,1.6875,1.125,10.125,3.375,0.0,2.075,5.333333333333333,1.0,4.0,0.0,2.0,6.0,,,,True,True,UNKNOWN,False,False
2021000318,2021-05-09 14:00:00,読売ジャイアンツ,東京ヤクルトスワローズ,7.0,5.0,UNKNOWN,東京ドーム,excluded,high,False,False,2000139,1100038,[],[],,,,,0,light,2021-05-09T05:00:00+00:00,,UNKNOWN,,,,UNKNOWN,UNKNOWN,,UNKNOWN,,6.75,2.25,6.75,9.0,2.25,7.95,4.0,3.0,5.0,1.0,4.0,3.0,,,,1.588235294117647,1.7647058823529411,6.352941176470588,6.352941176470588,0.0,3.905882352941177,5.666666666666667,1.0,6.0,0.0,4.0,4.0,,,,True,True,UNKNOWN,False,False
2021000319,2021-05-09 14:00:00,横浜DeNAベイスターズ,阪神タイガース,2.0,3.0,UNKNOWN,横浜スタジアム,unknown,low,False,False,1900147,1900125,[],[],,,,,0,light,2021-05-09T05:00:00+00:00,,UNKNOWN,,,,UNKNOWN,UNKNOWN,,UNKNOWN,,3.0,1.6666666666666667,9.0,3.0,0.0,2.2,3.0,1.0,4.0,0.0,1.0,3.0,,,,6.75,1.0,13.5,2.25,2.25,4.2,4.0,3.0,3.0,1.0,1.0,6.0,,,,True,True,UNKNOWN,False,False
2021000320,2021-05-09 14:00:00,中日ドラゴンズ,広島東洋カープ,2.0,0.0,UNKNOWN,バンテリンドーム ナゴヤ,unknown,low,False,False,1900057,1600106,[],[],,,,,0,light,2021-05-09T05:00:00+00:00,,UNKNOWN,,,,UNKNOWN,UNKNOWN,,UNKNOWN,,3.6,1.2,5.4,5.4,1.8,6.4,5.0,2.0,3.0,1.0,3.0,3.0,,,,0.0,0.375,12.375,1.125,0.0,0.8250000000000002,8.0,0.0,2.0,0.0,1.0,11.0,,,,True,True,UNKNOWN,False,False
2021000321,2021-05-09 14:00:00,北海道日本ハムファイターズ,東北楽天ゴールデンイーグルス,3.0,6.0,UNKNOWN,札幌ドーム,unknown,low,False,False,2000121,1600093,[],[],,,,,0,light,2021-05-09T05:00:00+00:00,,UNKNOWN,,,,UNKNOWN,UNKNOWN,,UNKNOWN,,3.6,1.2,9.0,0.0,0.0,1.2000000000000002,5.0,2.0,6.0,0.0,0.0,5.0,,,,3.8571428571428568,1.7142857142857142,1.9285714285714284,7.7142857142857135,1.9285714285714284,8.128571428571428,4.666666666666667,2.0,4.0,1.0,4.0,1.0,,,,True,True,UNKNOWN,False,False
2021000322,2021-05-09 14:00:00,千葉ロッテマリーンズ,オリックス・バファローズ,7.0,4.0,UNKNOWN,ZOZOマリンスタジアム,unknown,low,False,False,1000027,1800052,[],[],,,,,0,light,2021-05-09T05:00:00+00:00,,UNKNOWN,,,,UNKNOWN,UNKNOWN,,UNKNOWN,,9.818181818181818,3.0,4.909090909090909,7.363636363636364,2.4545454545454546,8.10909090909091,3.6666666666666665,4.0,8.0,1.0,3.0,2.0,,,,5.4,1.4,10.8,3.6,1.8,4.6,5.0,3.0,5.0,1.0,2.0,6.0,,,,True,True,UNKNOWN,False,False
2021000325,2021-05-11 17:45:00,横浜DeNAベイスターズ,読売ジャイアンツ,2.0,4.0,UNKNOWN,横浜スタジアム,unknown,low,False,False,1800028,1800045,[],[],,,,,0,light,2021-05-11T08:45:00+00:00,,UNKNOWN,,,,UNKNOWN,UNKNOWN,,UNKNOWN,,3.0,1.6666666666666667,3.0,7.5,1.5,7.2,6.0,2.0,5.0,1.0,5.0,2.0,,,,3.0,1.1666666666666667,10.5,3.0,1.5,4.033333333333333,6.0,2.0,5.0,1.0,2.0,7.0,,,,True,True,UNKNOWN,False,False
2021000327,2021-05-11 17:45:00,北海道日本ハムファイターズ,オリックス・バファローズ,1.0,9.0,UNKNOWN,東京ドーム,unknown,low,False,False,1900087,500027,[],[],,,,,0,light,2021-05-11T08:45:00+00:00,,UNKNOWN,,,,UNKNOWN,UNKNOWN,,UNKNOWN,,1.125,0.5,10.125,0.0,1.125,2.575,8.0,1.0,4.0,1.0,0.0,9.0,,,,16.2,2.4,5.3999999999999995,0.0,5.3999999999999995,9.8,3.3333333333333335,6.0,8.0,2.0,0.0,2.0,,,,True,True,UNKNOWN,False,False
2021000326,2021-05-11 18:00:00,阪神タイガース,中日ドラゴンズ,4.0,4.0,UNKNOWN,阪神甲子園球場,unknown,low,False,False,1500074,900062,[],[],,,,,0,light,2021-05-11T09:00:00+00:00,,UNKNOWN,,,,UNKNOWN,UNKNOWN,,UNKNOWN,,4.5,1.1666666666666667,3.0,3.0,0.0,3.5333333333333337,6.0,3.0,5.0,0.0,2.0,2.0,,,,5.142857142857143,1.2857142857142858,5.142857142857143,3.857142857142857,2.5714285714285716,7.057142857142857,7.0,4.0,6.0,2.0,3.0,4.0,,,,True,True,UNKNOWN,False,False
2021000328,2021-05-11 18:00:00,東北楽天ゴールデンイーグルス,埼玉西武ライオンズ,3.0,3.0,UNKNOWN,楽天生命パーク宮城,unknown,low,False,False,2100008,700065,[],[],,,,,0,light,2021-05-11T09:00:00+00:00,,UNKNOWN,,,,UNKNOWN,UNKNOWN,,UNKNOWN,,5.4,1.8,10.8,1.8,0.0,1.4000000000000001,5.0,3.0,8.0,0.0,1.0,6.0,,,,5.4,1.4,9.0,1.8,1.8,4.4,5.0,3.0,6.0,1.0,1.0,5.0,,,,True,True,UNKNOWN,False,False
2021000329,2021-05-11 18:00:00,福岡ソフトバンクホークス,千葉ロッテマリーンズ,1.0,4.0,UNKNOWN,福岡PayPayドーム,unknown,low,False,False,1300055,1100115,[],[],,,,,0,light,2021-05-11T09:00:00+00:00,,UNKNOWN,,,,UNKNOWN,UNKNOWN,,UNKNOWN,,1.5,0.6666666666666666,7.5,3.0,0.0,2.5333333333333337,6.0,1.0,2.0,0.0,2.0,5.0,,,,5.142857142857143,1.1428571428571428,7.714285714285714,1.2857142857142858,2.5714285714285716,5.628571428571428,7.0,4.0,7.0,2.0,1.0,6.0,,,,True,True,UNKNOWN,False,False
2021000334,2021-05-12 14:00:00,東北楽天ゴールデンイーグルス,埼玉西武ライオンズ,4.0,3.0,UNKNOWN,楽天生命パーク宮城,excluded,high,False,False,1800022,1200117,[],[],,,,,0,light,2021-05-12T05:00:00+00:00,,UNKNOWN,,,,UNKNOWN,UNKNOWN,,UNKNOWN,,6.0,1.0,6.0,1.5,0.0,2.3666666666666667,6.0,4.0,5.0,0.0,1.0,4.0,,,,3.857142857142857,1.2857142857142858,12.857142857142858,3.857142857142857,1.2857142857142858,3.4857142857142858,7.0,3.0,6.0,1.0,3.0,10.0,,,,True,True,UNKNOWN,False,False
2021000330,2021-05-12 17:30:00,東京ヤクルトスワローズ,広島東洋カープ,0.0,0.0,UNKNOWN,明治神宮野球場,unknown,low,False,False,1900052,1300029,[],[],,,,,0,light,2021-05-12T08:30:00+00:00,,UNKNOWN,,,,UNKNOWN,UNKNOWN,,UNKNOWN,,0.0,1.2857142857142858,6.428571428571429,7.714285714285714,0.0,4.342857142857143,7.0,0.0,3.0,0.0,6.0,5.0,,,,0.0,1.0,6.428571428571429,2.5714285714285716,0.0,2.628571428571429,7.0,0.0,5.0,0.0,2.0,5.0,,,,True,True,UNKNOWN,False,False
2021000331,2021-05-12 17:45:00,横浜DeNAベイスターズ,読売ジャイアンツ,5.0,5.0,UNKNOWN,横浜スタジアム,unknown,low,False,False,1800023,1600081,[],[],,,,,0,light,2021-05-12T08:45:00+00:00,,UNKNOWN,,,,UNKNOWN,UNKNOWN,,UNKNOWN,,3.176470588235294,1.2352941176470587,4.764705882352941,4.764705882352941,1.588235294117647,6.023529411764706,5.666666666666667,2.0,4.0,1.0,3.0,3.0,,,,3.857142857142857,1.5714285714285714,6.428571428571429,6.428571428571429,0.0,3.9142857142857146,7.0,3.0,6.0,0.0,5.0,5.0,,,,True,True,UNKNOWN,False,False
2021000333,2021-05-12 17:45:00,北海道日本ハムファイターズ,オリックス・バファローズ,2.0,1.0,UNKNOWN,東京ドーム,unknown,low,False,False,1600153,1500110,[],[],,,,,0,light,2021-05-12T08:45:00+00:00,,UNKNOWN,,,,UNKNOWN,UNKNOWN,,UNKNOWN,,2.5714285714285716,0.7142857142857143,11.571428571428571,1.2857142857142858,1.2857142857142858,2.9142857142857146,7.0,2.0,4.0,1.0,1.0,9.0,,,,0.0,0.5714285714285714,6.428571428571429,0.0,0.0,1.7714285714285716,7.0,0.0,4.0,0.0,0.0,5.0,,,,True,True,UNKNOWN,False,False
2021000335,2021-05-12 18:00:00,福岡ソフトバンクホークス,千葉ロッテマリーンズ,8.0,8.0,UNKNOWN,福岡PayPayドーム,unknown,low,False,False,1400190,20204,[],[],,,,,0,light,2021-05-12T09:00:00+00:00,,UNKNOWN,,,,UNKNOWN,UNKNOWN,,UNKNOWN,,5.4,1.4,9.0,3.6,1.8,5.0,5.0,3.0,5.0,1.0,2.0,5.0,,,,11.571428571428571,1.5,11.571428571428571,0.0,1.9285714285714284,3.4142857142857146,4.666666666666667,6.0,7.0,1.0,0.0,6.0,,,,True,True,UNKNOWN,False,False
2021000338,2021-05-14 17:45:00,読売ジャイアンツ,阪神タイガース,1.0,2.0,UNKNOWN,東京ドーム,unknown,low,False,False,1500090,1600060,[],[],,,,,0,light,2021-05-14T08:45:00+00:00,,UNKNOWN,,,,UNKNOWN,UNKNOWN,,UNKNOWN,,1.2857142857142858,1.0,6.428571428571429,2.5714285714285716,0.0,2.628571428571429,7.0,1.0,5.0,0.0,2.0,5.0,,,,2.5714285714285716,1.0,6.428571428571429,1.2857142857142858,1.2857142857142858,4.057142857142857,7.0,2.0,6.0,1.0,1.0,5.0,,,,True,True,UNKNOWN,False,False
2021000342,2021-05-14 17:45:00,千葉ロッテマリーンズ,埼玉西武ライオンズ,4.0,4.0,UNKNOWN,ZOZOマリンスタジアム,unknown,low,False,False,1400182,1300050,[],[],,,,,0,light,2021-05-14T08:45:00+00:00,,UNKNOWN,,,,UNKNOWN,UNKNOWN,,UNKNOWN,,2.5714285714285716,1.2857142857142858,7.714285714285714,2.5714285714285716,1.2857142857142858,4.2,7.0,2.0,7.0,1.0,2.0,6.0,,,,6.0,1.5,10.5,0.0,1.5,3.0333333333333337,6.0,4.0,9.0,1.0,0.0,7.0,,,,True,True,UNKNOWN,False,False
2021000337,2021-05-13 18:00:00,阪神タイガース,中日ドラゴンズ,2.0,1.0,UNKNOWN,阪神甲子園球場,unknown,low,False,False,2000003,900425,[],[],,,,,0,light,2021-05-13T09:00:00+00:00,,UNKNOWN,,,,UNKNOWN,UNKNOWN,,UNKNOWN,,1.3499999999999999,1.5,4.05,4.05,0.0,3.6500000000000004,6.666666666666667,1.0,7.0,0.0,3.0,3.0,,,,1.2857142857142858,0.8571428571428571,6.428571428571429,0.0,1.2857142857142858,3.6285714285714286,7.0,1.0,6.0,1.0,0.0,5.0,,,,True,True,UNKNOWN,False,False
2021000339,2021-05-14 17:45:00,中日ドラゴンズ,東京ヤクルトスワローズ,1.0,4.0,UNKNOWN,バンテリンドーム ナゴヤ,unknown,low,False,False,1700088,1800061,[],[],,,,,0,light,2021-05-14T08:45:00+00:00,,UNKNOWN,,,,UNKNOWN,UNKNOWN,,UNKNOWN,,0.0,1.7142857142857142,7.7142857142857135,3.8571428571428568,0.0,2.771428571428572,2.3333333333333335,0.0,3.0,0.0,1.0,2.0,,,,4.5,1.25,4.5,0.0,0.0,2.2,4.0,2.0,5.0,0.0,0.0,2.0,,,,True,True,UNKNOWN,False,False
2021000340,2021-05-14 18:00:00,広島東洋カープ,横浜DeNAベイスターズ,9.0,2.0,UNKNOWN,MAZDA Zoom-Zoom スタジアム広島,unknown,low,False,False,2000145,1600122,[],[],,,,,0,light,2021-05-14T09:00:00+00:00,,UNKNOWN,,,,UNKNOWN,UNKNOWN,,UNKNOWN,,4.909090909090909,2.7272727272727275,4.909090909090909,9.818181818181818,0.0,5.381818181818183,3.6666666666666665,2.0,6.0,0.0,4.0,2.0,,,,3.0,1.0,6.0,3.0,0.0,2.8666666666666667,6.0,2.0,4.0,0.0,2.0,4.0,,,,True,True,UNKNOWN,False,False
2021000341,2021-05-14 18:00:00,北海道日本ハムファイターズ,福岡ソフトバンクホークス,2.0,5.0,UNKNOWN,札幌ドーム,unknown,low,False,False,1300080,2000079,[],[],,,,,0,light,2021-05-14T09:00:00+00:00,,UNKNOWN,,,,UNKNOWN,UNKNOWN,,UNKNOWN,,2.6999999999999997,1.2,8.1,2.6999999999999997,1.3499999999999999,4.25,6.666666666666667,2.0,6.0,1.0,2.0,6.0,,,,6.75,1.3125,10.125,1.6875,0.0,1.5125000000000002,5.333333333333333,4.0,6.0,0.0,1.0,6.0,,,,True,True,UNKNOWN,False,False
2021000343,2021-05-14 18:00:00,オリックス・バファローズ,東北楽天ゴールデンイーグルス,9.0,4.0,UNKNOWN,ほっともっとフィールド神戸,unknown,low,False,False,500014,1600150,[],[],,,,,0,light,2021-05-14T09:00:00+00:00,,UNKNOWN,,,,UNKNOWN,UNKNOWN,,UNKNOWN,,12.0,2.0,3.0,0.0,0.0,2.5333333333333337,3.0,4.0,6.0,0.0,0.0,1.0,,,,3.375,0.75,5.625,1.125,1.125,3.95,8.0,3.0,5.0,1.0,1.0,5.0,,,,True,True,UNKNOWN,False,False
2021000347,2021-05-15 14:00:00,北海道日本ハムファイターズ,福岡ソフトバンクホークス,3.0,7.0,UNKNOWN,札幌ドーム,unknown,low,False,False,1800002,1900129,[],[],,,,,0,light,2021-05-15T05:00:00+00:00,,UNKNOWN,,,,UNKNOWN,UNKNOWN,,UNKNOWN,,3.6,1.0,12.6,1.8,1.8,3.6,5.0,2.0,4.0,1.0,1.0,7.0,,,,20.25,3.75,3.375,13.5,0.0,6.95,2.6666666666666665,6.0,6.0,0.0,4.0,1.0,,,,True,True,UNKNOWN,False,False
2021000345,2021-05-15 14:00:00,中日ドラゴンズ,東京ヤクルトスワローズ,0.0,5.0,UNKNOWN,バンテリンドーム ナゴヤ,unknown,low,False,False,1200076,1200055,[],[],,,,,0,light,2021-05-15T05:00:00+00:00,,UNKNOWN,,,,UNKNOWN,UNKNOWN,,UNKNOWN,,0.0,0.3333333333333333,6.0,0.0,0.0,1.866666666666667,9.0,0.0,3.0,0.0,0.0,6.0,,,,3.375,1.875,6.75,5.0625,0.0,3.3875,5.333333333333333,2.0,7.0,0.0,3.0,4.0,,,,True,True,UNKNOWN,False,False
2021000348,2021-05-15 14:00:00,千葉ロッテマリーンズ,埼玉西武ライオンズ,0.0,3.0,UNKNOWN,ZOZOマリンスタジアム,unknown,low,False,False,1800080,1000155,[],[],,,,,0,light,2021-05-15T05:00:00+00:00,,UNKNOWN,,,,UNKNOWN,UNKNOWN,,UNKNOWN,,0.0,0.75,5.625,4.5,0.0,3.45,8.0,0.0,2.0,0.0,4.0,5.0,,,,3.5217391304347823,1.3043478260869565,5.869565217391304,1.1739130434782608,0.0,2.2869565217391306,7.666666666666667,3.0,9.0,0.0,1.0,5.0,,,,True,True,UNKNOWN,False,False
2021000349,2021-05-15 15:30:00,オリックス・バファローズ,東北楽天ゴールデンイーグルス,4.0,3.0,UNKNOWN,ほっともっとフィールド神戸,unknown,low,False,False,700069,1700109,[],[],,,,,0,light,2021-05-15T06:30:00+00:00,,UNKNOWN,,,,UNKNOWN,UNKNOWN,,UNKNOWN,,3.857142857142857,0.8571428571428571,10.285714285714286,0.0,1.2857142857142858,2.771428571428572,7.0,3.0,6.0,1.0,0.0,8.0,,,,1.8,2.2,9.0,7.2,0.0,3.6,5.0,1.0,7.0,0.0,4.0,5.0,,,,True,True,UNKNOWN,False,False
2021000344,2021-05-15 17:45:00,読売ジャイアンツ,阪神タイガース,5.0,3.0,UNKNOWN,東京ドーム,unknown,low,False,False,2000052,1900143,[],[],,,,,0,light,2021-05-15T08:45:00+00:00,,UNKNOWN,,,,UNKNOWN,UNKNOWN,,UNKNOWN,,7.5,1.6666666666666667,6.0,1.5,1.5,4.533333333333333,6.0,5.0,9.0,1.0,1.0,4.0,,,,4.2631578947368425,1.4210526315789473,7.105263157894737,2.8421052631578947,0.0,2.568421052631579,6.333333333333333,3.0,7.0,0.0,2.0,5.0,,,,True,True,UNKNOWN,False,False
2021000350,2021-05-16 14:00:00,読売ジャイアンツ,阪神タイガース,5.0,6.0,UNKNOWN,東京ドーム,excluded,high,False,False,2000144,1100038,[],[],,,,,0,light,2021-05-16T05:00:00+00:00,,UNKNOWN,,,,UNKNOWN,UNKNOWN,,UNKNOWN,,7.5,1.1666666666666667,7.5,0.0,1.5,3.7,6.0,5.0,7.0,1.0,0.0,5.0,,,,3.0,1.6666666666666667,6.0,0.0,0.0,1.866666666666667,3.0,1.0,5.0,0.0,0.0,2.0,,,,True,True,UNKNOWN,False,False
2021000352,2021-05-16 13:30:00,広島東洋カープ,横浜DeNAベイスターズ,3.0,3.0,UNKNOWN,MAZDA Zoom-Zoom スタジアム広島,unknown,low,False,False,1900125,1600123,[],[],,,,,0,light,2021-05-16T04:30:00+00:00,,UNKNOWN,,,,UNKNOWN,UNKNOWN,,UNKNOWN,,3.6,1.2,7.2,3.6,0.0,2.8000000000000003,5.0,2.0,4.0,0.0,2.0,4.0,,,,0.0,2.4,3.6,3.6,0.0,3.6,5.0,0.0,10.0,0.0,2.0,2.0,,,,True,True,UNKNOWN,False,False
2021000351,2021-05-16 14:00:00,中日ドラゴンズ,東京ヤクルトスワローズ,2.0,2.0,UNKNOWN,バンテリンドーム ナゴヤ,unknown,low,False,False,1900024,1600106,[],[],,,,,0,light,2021-05-16T05:00:00+00:00,,UNKNOWN,,,,UNKNOWN,UNKNOWN,,UNKNOWN,,1.5,1.1666666666666667,10.5,0.0,0.0,0.8666666666666667,6.0,1.0,7.0,0.0,0.0,7.0,,,,2.5714285714285716,0.8571428571428571,11.571428571428571,2.5714285714285716,1.2857142857142858,3.342857142857143,7.0,2.0,4.0,1.0,2.0,9.0,,,,True,True,UNKNOWN,False,False
2021000353,2021-05-16 14:00:00,北海道日本ハムファイターズ,福岡ソフトバンクホークス,2.0,2.0,UNKNOWN,札幌ドーム,unknown,low,False,False,900100,1100099,[],[],,,,,0,light,2021-05-16T05:00:00+00:00,,UNKNOWN,,,,UNKNOWN,UNKNOWN,,UNKNOWN,,3.6,1.8,3.6,5.4,0.0,4.2,5.0,2.0,6.0,0.0,3.0,2.0,,,,2.5714285714285716,0.8571428571428571,9.0,3.857142857142857,0.0,2.4857142857142858,7.0,2.0,3.0,0.0,3.0,7.0,,,,True,True,UNKNOWN,False,False
2021000354,2021-05-16 14:00:00,千葉ロッテマリーンズ,埼玉西武ライオンズ,6.0,6.0,UNKNOWN,ZOZOマリンスタジアム,excluded,high,False,False,1600131,1900080,[],[],,,,,0,light,2021-05-16T05:00:00+00:00,,UNKNOWN,,,,UNKNOWN,UNKNOWN,,UNKNOWN,,9.0,1.25,2.25,0.0,4.5,9.2,4.0,4.0,5.0,2.0,0.0,1.0,,,,3.6,1.6,9.0,3.6,0.0,2.4000000000000004,5.0,2.0,6.0,0.0,2.0,5.0,,,,True,True,UNKNOWN,False,False
2021000355,2021-05-16 14:00:00,オリックス・バファローズ,東北楽天ゴールデンイーグルス,0.0,1.0,UNKNOWN,京セラドーム大阪,unknown,low,False,False,2000121,1400195,[],[],,,,,0,light,2021-05-16T05:00:00+00:00,,UNKNOWN,,,,UNKNOWN,UNKNOWN,,UNKNOWN,,0.0,0.5555555555555556,8.0,2.0,0.0,2.088888888888889,9.0,0.0,3.0,0.0,2.0,8.0,,,,1.3499999999999999,0.8999999999999999,5.3999999999999995,1.3499999999999999,1.3499999999999999,4.4,6.666666666666667,1.0,5.0,1.0,1.0,4.0,,,,True,True,UNKNOWN,False,False
2021000356,2021-05-18 17:45:00,読売ジャイアンツ,広島東洋カープ,7.0,2.0,UNKNOWN,東京ドーム,excluded,high,False,False,1300057,1800028,[],[],,,,,0,light,2021-05-18T08:45:00+00:00,,UNKNOWN,,,,UNKNOWN,UNKNOWN,,UNKNOWN,,4.5,1.5,3.0,1.5,0.0,3.0333333333333337,6.0,3.0,8.0,0.0,1.0,2.0,,,,3.0,1.0,9.0,3.0,0.0,2.2,6.0,2.0,4.0,0.0,2.0,6.0,,,,True,True,UNKNOWN,False,False
2021000357,2021-05-18 17:45:00,横浜DeNAベイスターズ,中日ドラゴンズ,1.0,5.0,UNKNOWN,横浜スタジアム,unknown,low,False,False,1500074,1800045,[],[],,,,,0,light,2021-05-18T08:45:00+00:00,,UNKNOWN,,,,UNKNOWN,UNKNOWN,,UNKNOWN,,0.0,1.0,6.0,3.0,0.0,2.8666666666666667,6.0,0.0,4.0,0.0,2.0,4.0,,,,9.818181818181818,3.0,12.272727272727273,2.4545454545454546,0.0,1.290909090909091,3.6666666666666665,4.0,10.0,0.0,1.0,5.0,,,,True,True,UNKNOWN,False,False
2021000359,2021-05-18 18:00:00,東北楽天ゴールデンイーグルス,北海道日本ハムファイターズ,3.0,2.0,UNKNOWN,楽天生命パーク宮城,unknown,low,False,False,500027,700065,[],[],,,,,0,light,2021-05-18T09:00:00+00:00,,UNKNOWN,,,,UNKNOWN,UNKNOWN,,UNKNOWN,,4.153846153846154,1.3846153846153848,8.307692307692308,6.230769230769231,0.0,3.430769230769231,4.333333333333333,2.0,3.0,0.0,3.0,4.0,,,,3.0,1.0,9.0,1.5,0.0,1.7000000000000002,6.0,2.0,5.0,0.0,1.0,6.0,,,,True,True,UNKNOWN,False,False
2021000361,2021-05-18 18:00:00,オリックス・バファローズ,千葉ロッテマリーンズ,6.0,5.0,UNKNOWN,京セラドーム大阪,unknown,low,False,False,1300055,1900087,[],[],,,,,0,light,2021-05-18T09:00:00+00:00,,UNKNOWN,,,,UNKNOWN,UNKNOWN,,UNKNOWN,,9.0,1.5,2.25,2.25,4.5,9.95,4.0,4.0,5.0,2.0,1.0,1.0,,,,7.2,1.8,9.0,5.4,1.8,5.6,5.0,4.0,6.0,1.0,3.0,5.0,,,,True,True,UNKNOWN,False,False
2021000360,2021-05-18 17:45:00,埼玉西武ライオンズ,福岡ソフトバンクホークス,2.0,8.0,UNKNOWN,メットライフドーム,unknown,low,False,False,1100115,2100008,[],[],,,,,0,light,2021-05-18T08:45:00+00:00,,UNKNOWN,,,,UNKNOWN,UNKNOWN,,UNKNOWN,,2.0,0.8888888888888888,7.0,3.0,1.0,4.088888888888889,9.0,2.0,5.0,1.0,3.0,7.0,,,,6.0,1.0,1.5,3.0,1.5,6.033333333333333,6.0,4.0,4.0,1.0,2.0,1.0,,,,True,True,UNKNOWN,False,False
2021000358,2021-05-18 18:00:00,阪神タイガース,東京ヤクルトスワローズ,3.0,14.0,UNKNOWN,阪神甲子園球場,unknown,low,False,False,2000139,900062,[],[],,,,,0,light,2021-05-18T09:00:00+00:00,,UNKNOWN,,,,UNKNOWN,UNKNOWN,,UNKNOWN,,5.0625,1.125,11.8125,1.6875,1.6875,3.575,5.333333333333333,3.0,5.0,1.0,1.0,7.0,,,,9.0,2.6,3.6,9.0,0.0,5.4,5.0,5.0,8.0,0.0,5.0,2.0,,,,True,True,UNKNOWN,False,False
2021000362,2021-05-19 17:45:00,読売ジャイアンツ,広島東洋カープ,2.0,10.0,UNKNOWN,東京ドーム,unknown,low,False,False,1300058,1800023,[],[],,,,,0,light,2021-05-19T08:45:00+00:00,,UNKNOWN,,,,UNKNOWN,UNKNOWN,,UNKNOWN,,2.0,0.6666666666666666,4.0,0.0,1.0,3.7555555555555555,9.0,2.0,6.0,1.0,0.0,4.0,,,,8.4375,1.875,8.4375,8.4375,0.0,4.1375,5.333333333333333,5.0,5.0,0.0,5.0,5.0,,,,True,True,UNKNOWN,False,False
2021000366,2021-05-19 17:45:00,埼玉西武ライオンズ,福岡ソフトバンクホークス,5.0,6.0,UNKNOWN,メットライフドーム,unknown,low,False,False,1400126,1600127,[],[],,,,,0,light,2021-05-19T08:45:00+00:00,,UNKNOWN,,,,UNKNOWN,UNKNOWN,,UNKNOWN,,1.8,1.4,10.8,3.6,1.8,4.6,5.0,1.0,5.0,1.0,2.0,6.0,,,,3.857142857142857,1.1428571428571428,10.285714285714286,3.857142857142857,0.0,2.2,7.0,3.0,5.0,0.0,3.0,8.0,,,,True,True,UNKNOWN,False,False
2021000364,2021-05-19 18:00:00,阪神タイガース,東京ヤクルトスワローズ,3.0,1.0,UNKNOWN,阪神甲子園球場,unknown,low,False,False,1300029,1900044,[],[],,,,,0,light,2021-05-19T09:00:00+00:00,,UNKNOWN,,,,UNKNOWN,UNKNOWN,,UNKNOWN,,1.4210526315789473,1.2631578947368423,11.368421052631579,1.4210526315789473,1.4210526315789473,3.2,6.333333333333333,1.0,7.0,1.0,1.0,8.0,,,,0.0,0.8,1.8,7.2,0.0,5.2,5.0,0.0,0.0,0.0,4.0,1.0,,,,True,True,UNKNOWN,False,False
2021000365,2021-05-19 18:00:00,東北楽天ゴールデンイーグルス,北海道日本ハムファイターズ,3.0,2.0,UNKNOWN,楽天生命パーク宮城,unknown,low,False,False,1500110,1200117,[],[],,,,,0,light,2021-05-19T09:00:00+00:00,,UNKNOWN,,,,UNKNOWN,UNKNOWN,,UNKNOWN,,3.0,1.3333333333333333,9.0,1.5,1.5,3.8666666666666667,6.0,2.0,7.0,1.0,1.0,6.0,,,,0.0,0.6666666666666666,13.5,3.0,0.0,1.2000000000000002,6.0,0.0,2.0,0.0,2.0,9.0,,,,True,True,UNKNOWN,False,False
2021000367,2021-05-19 18:00:00,オリックス・バファローズ,千葉ロッテマリーンズ,4.0,6.0,UNKNOWN,京セラドーム大阪,unknown,low,False,False,1400190,1600153,[],[],,,,,0,light,2021-05-19T09:00:00+00:00,,UNKNOWN,,,,UNKNOWN,UNKNOWN,,UNKNOWN,,4.5,1.0,1.5,1.5,1.5,5.533333333333333,6.0,3.0,5.0,1.0,1.0,1.0,,,,6.0,1.8333333333333333,9.0,4.5,1.5,4.866666666666667,6.0,4.0,8.0,1.0,3.0,6.0,,,,True,True,UNKNOWN,False,False
2021000371,2021-05-20 17:45:00,埼玉西武ライオンズ,福岡ソフトバンクホークス,7.0,2.0,UNKNOWN,メットライフドーム,unknown,low,False,False,1300080,1800022,[],[],,,,,0,light,2021-05-20T08:45:00+00:00,,UNKNOWN,,,,UNKNOWN,UNKNOWN,,UNKNOWN,,4.5,1.5,4.5,4.5,3.0,8.033333333333333,6.0,3.0,6.0,2.0,3.0,3.0,,,,1.5,1.1666666666666667,6.0,1.5,0.0,2.3666666666666667,6.0,1.0,6.0,0.0,1.0,4.0,,,,True,True,UNKNOWN,False,False
2021000370,2021-05-20 18:00:00,東北楽天ゴールデンイーグルス,北海道日本ハムファイターズ,1.0,4.0,UNKNOWN,楽天生命パーク宮城,unknown,low,False,False,1600093,1900117,[],[],,,,,0,light,2021-05-20T09:00:00+00:00,,UNKNOWN,,,,UNKNOWN,UNKNOWN,,UNKNOWN,,1.5,1.1666666666666667,7.5,3.0,0.0,2.5333333333333337,6.0,1.0,5.0,0.0,2.0,5.0,,,,1.588235294117647,1.0588235294117647,9.529411764705882,1.588235294117647,1.588235294117647,3.905882352941177,5.666666666666667,1.0,5.0,1.0,1.0,6.0,,,,True,True,UNKNOWN,False,False
2021000372,2021-05-21 17:30:00,東京ヤクルトスワローズ,横浜DeNAベイスターズ,3.0,5.0,UNKNOWN,明治神宮野球場,unknown,low,False,False,2000145,900121,[],[],,,,,0,light,2021-05-21T08:30:00+00:00,,UNKNOWN,,,,UNKNOWN,UNKNOWN,,UNKNOWN,,2.6999999999999997,2.6999999999999997,13.5,8.1,0.0,2.9000000000000004,3.3333333333333335,1.0,6.0,0.0,3.0,5.0,,,,6.75,1.5,9.0,0.0,2.25,4.45,4.0,3.0,6.0,1.0,0.0,4.0,,,,True,True,UNKNOWN,False,False
2021000373,2021-05-21 17:45:00,中日ドラゴンズ,読売ジャイアンツ,1.0,1.0,UNKNOWN,バンテリンドーム ナゴヤ,unknown,low,False,False,1600060,1000138,[],[],,,,,0,light,2021-05-21T08:45:00+00:00,,UNKNOWN,,,,UNKNOWN,UNKNOWN,,UNKNOWN,,1.4210526315789473,1.5789473684210527,9.947368421052632,4.2631578947368425,0.0,2.4105263157894736,6.333333333333333,1.0,7.0,0.0,3.0,7.0,,,,1.2857142857142858,0.7142857142857143,7.714285714285714,2.5714285714285716,1.2857142857142858,4.2,7.0,1.0,3.0,1.0,2.0,6.0,,,,True,True,UNKNOWN,False,False
2021000382,2021-05-22 13:00:00,福岡ソフトバンクホークス,オリックス・バファローズ,7.0,2.0,UNKNOWN,福岡PayPayドーム,unknown,low,False,False,1700109,1800002,[],[],,,,,0,light,2021-05-22T04:00:00+00:00,,UNKNOWN,,,,UNKNOWN,UNKNOWN,,UNKNOWN,,12.6,2.2,12.6,1.8,1.8,3.6,5.0,7.0,10.0,1.0,1.0,7.0,,,,0.0,0.42857142857142855,11.571428571428571,1.2857142857142858,0.0,1.0571428571428574,7.0,0.0,2.0,0.0,1.0,9.0,,,,True,True,UNKNOWN,False,False
2021000376,2021-05-21 17:45:00,千葉ロッテマリーンズ,東北楽天ゴールデンイーグルス,6.0,13.0,UNKNOWN,ZOZOマリンスタジアム,unknown,low,False,False,500014,1300050,[],[],,,,,0,light,2021-05-21T08:45:00+00:00,,UNKNOWN,,,,UNKNOWN,UNKNOWN,,UNKNOWN,,6.0,1.5,6.0,1.5,1.5,4.533333333333333,6.0,4.0,8.0,1.0,1.0,4.0,,,,10.8,2.0,16.2,1.8,1.8,2.8000000000000003,5.0,6.0,9.0,1.0,1.0,9.0,,,,True,True,UNKNOWN,False,False
2021000375,2021-05-21 17:45:00,埼玉西武ライオンズ,北海道日本ハムファイターズ,7.0,1.0,UNKNOWN,メットライフドーム,unknown,low,False,False,2000079,1400182,[],[],,,,,0,light,2021-05-21T08:45:00+00:00,,UNKNOWN,,,,UNKNOWN,UNKNOWN,,UNKNOWN,,10.384615384615385,2.307692307692308,10.384615384615385,8.307692307692308,2.076923076923077,6.661538461538462,4.333333333333333,5.0,6.0,1.0,4.0,5.0,,,,1.2857142857142858,1.2857142857142858,7.714285714285714,3.857142857142857,0.0,2.771428571428572,7.0,1.0,6.0,0.0,3.0,6.0,,,,True,True,UNKNOWN,False,False
2021000378,2021-05-22 14:00:00,中日ドラゴンズ,読売ジャイアンツ,4.0,5.0,UNKNOWN,バンテリンドーム ナゴヤ,unknown,low,False,False,1900143,2000003,[],[],,,,,0,light,2021-05-22T05:00:00+00:00,,UNKNOWN,,,,UNKNOWN,UNKNOWN,,UNKNOWN,,2.5714285714285716,1.2857142857142858,6.428571428571429,1.2857142857142858,0.0,2.2,7.0,2.0,8.0,0.0,1.0,5.0,,,,7.2,2.0,12.6,5.4,3.6,7.4,5.0,4.0,7.0,2.0,3.0,7.0,,,,True,True,UNKNOWN,False,False
2021000381,2021-05-22 14:00:00,千葉ロッテマリーンズ,東北楽天ゴールデンイーグルス,3.0,1.0,UNKNOWN,ZOZOマリンスタジアム,unknown,low,False,False,700069,1000155,[],[],,,,,0,light,2021-05-22T05:00:00+00:00,,UNKNOWN,,,,UNKNOWN,UNKNOWN,,UNKNOWN,,1.2857142857142858,1.1428571428571428,3.857142857142857,2.5714285714285716,0.0,3.2,7.0,1.0,6.0,0.0,2.0,3.0,,,,1.2857142857142858,1.0,7.714285714285714,2.5714285714285716,0.0,2.342857142857143,7.0,1.0,5.0,0.0,2.0,6.0,,,,True,True,UNKNOWN,False,False
2021000380,2021-05-22 14:00:00,埼玉西武ライオンズ,北海道日本ハムファイターズ,8.0,1.0,UNKNOWN,メットライフドーム,unknown,low,False,False,1900129,1800080,[],[],,,,,0,light,2021-05-22T05:00:00+00:00,,UNKNOWN,,,,UNKNOWN,UNKNOWN,,UNKNOWN,,9.642857142857142,1.7142857142857142,11.571428571428571,7.7142857142857135,1.9285714285714284,5.985714285714286,4.666666666666667,5.0,4.0,1.0,4.0,6.0,,,,1.2857142857142858,1.2857142857142858,11.571428571428571,1.2857142857142858,1.2857142857142858,2.9142857142857146,7.0,1.0,8.0,1.0,1.0,9.0,,,,True,True,UNKNOWN,False,False
2021000377,2021-05-22 17:30:00,東京ヤクルトスワローズ,横浜DeNAベイスターズ,1.0,0.0,UNKNOWN,明治神宮野球場,unknown,low,False,False,1600081,1200076,[],[],,,,,0,light,2021-05-22T08:30:00+00:00,,UNKNOWN,,,,UNKNOWN,UNKNOWN,,UNKNOWN,,1.2857142857142858,0.7142857142857143,3.857142857142857,2.5714285714285716,1.2857142857142858,5.057142857142857,7.0,1.0,3.0,1.0,2.0,3.0,,,,0.0,0.5,5.625,1.125,0.0,2.325,8.0,0.0,3.0,0.0,1.0,5.0,,,,True,True,UNKNOWN,False,False
2021000384,2021-05-23 14:00:00,中日ドラゴンズ,読売ジャイアンツ,4.0,1.0,UNKNOWN,バンテリンドーム ナゴヤ,unknown,low,False,False,1100038,1200055,[],[],,,,,0,light,2021-05-23T05:00:00+00:00,,UNKNOWN,,,,UNKNOWN,UNKNOWN,,UNKNOWN,,27.0,4.0,0.0,9.0,9.0,19.2,1.0,3.0,3.0,1.0,1.0,0.0,,,,1.5,1.0,12.0,4.5,0.0,2.033333333333333,6.0,1.0,3.0,0.0,3.0,8.0,,,,True,True,UNKNOWN,False,False
2021000387,2021-05-23 14:00:00,千葉ロッテマリーンズ,東北楽天ゴールデンイーグルス,5.0,6.0,UNKNOWN,ZOZOマリンスタジアム,unknown,low,False,False,2000121,1800052,[],[],,,,,0,light,2021-05-23T05:00:00+00:00,,UNKNOWN,,,,UNKNOWN,UNKNOWN,,UNKNOWN,,6.75,1.3499999999999999,6.75,1.3499999999999999,1.3499999999999999,4.1,6.666666666666667,5.0,8.0,1.0,1.0,5.0,,,,8.4375,1.6875,5.0625,3.375,0.0,3.2,5.333333333333333,5.0,7.0,0.0,2.0,3.0,,,,True,True,UNKNOWN,False,False
2021000386,2021-05-23 14:00:00,埼玉西武ライオンズ,北海道日本ハムファイターズ,3.0,10.0,UNKNOWN,メットライフドーム,unknown,low,False,False,2000136,1600131,[],[],,,,,0,light,2021-05-23T05:00:00+00:00,,UNKNOWN,,,,UNKNOWN,UNKNOWN,,UNKNOWN,,0.0,1.2,10.8,1.8,0.0,1.4000000000000001,5.0,0.0,5.0,0.0,1.0,6.0,,,,8.4375,1.125,5.0625,0.0,0.0,2.075,5.333333333333333,5.0,6.0,0.0,0.0,3.0,,,,True,True,UNKNOWN,False,False
2021000388,2021-05-23 14:00:00,福岡ソフトバンクホークス,オリックス・バファローズ,7.0,2.0,UNKNOWN,福岡PayPayドーム,unknown,low,False,False,1400195,20204,[],[],,,,,0,light,2021-05-23T05:00:00+00:00,,UNKNOWN,,,,UNKNOWN,UNKNOWN,,UNKNOWN,,6.75,1.75,15.75,4.5,2.25,4.45,4.0,3.0,5.0,1.0,2.0,7.0,,,,1.4210526315789473,0.7894736842105263,5.684210526315789,1.4210526315789473,0.0,2.4105263157894736,6.333333333333333,1.0,4.0,0.0,1.0,4.0,,,,True,True,UNKNOWN,False,False
2021000390,2021-05-25 17:30:00,東京ヤクルトスワローズ,北海道日本ハムファイターズ,2.0,4.0,UNKNOWN,明治神宮野球場,interleague,high,True,True,1100099,1700088,[],[],,,,,0,light,2021-05-25T08:30:00+00:00,,UNKNOWN,,,,UNKNOWN,UNKNOWN,,UNKNOWN,,1.5,0.8333333333333334,6.0,3.0,1.5,5.033333333333333,6.0,1.0,3.0,1.0,2.0,4.0,,,,3.6,1.2,10.8,3.6,0.0,2.0,5.0,2.0,4.0,0.0,2.0,6.0,,,,True,True,UNKNOWN,False,False
2021000383,2021-05-23 17:30:00,東京ヤクルトスワローズ,横浜DeNAベイスターズ,10.0,5.0,UNKNOWN,明治神宮野球場,excluded,high,False,False,1500061,1800143,[],[],,,,,0,light,2021-05-23T08:30:00+00:00,,UNKNOWN,,,,UNKNOWN,UNKNOWN,,UNKNOWN,,12.461538461538462,2.307692307692308,12.461538461538462,6.230769230769231,4.153846153846154,8.50769230769231,4.333333333333333,6.0,7.0,2.0,3.0,6.0,,,,1.5,1.5,3.0,4.5,0.0,4.033333333333333,6.0,1.0,6.0,0.0,3.0,2.0,,,,True,True,UNKNOWN,False,False
2021000389,2021-05-25 17:45:00,読売ジャイアンツ,東北楽天ゴールデンイーグルス,9.0,4.0,UNKNOWN,東京ドーム,interleague,high,True,True,700065,1800028,[],[],,,,,0,light,2021-05-25T08:45:00+00:00,,UNKNOWN,,,,UNKNOWN,UNKNOWN,,UNKNOWN,,9.0,3.0,9.0,0.0,4.5,7.7,4.0,4.0,12.0,2.0,0.0,4.0,,,,7.2,1.8,7.2,5.4,1.8,6.0,5.0,4.0,6.0,1.0,3.0,4.0,,,,True,True,UNKNOWN,False,False
2021000391,2021-05-25 17:45:00,横浜DeNAベイスターズ,オリックス・バファローズ,10.0,3.0,UNKNOWN,横浜スタジアム,interleague,high,True,True,1600150,1900125,[],[],,,,,0,light,2021-05-25T08:45:00+00:00,,UNKNOWN,,,,UNKNOWN,UNKNOWN,,UNKNOWN,,11.25,1.75,9.0,0.0,6.75,10.95,4.0,5.0,7.0,3.0,0.0,4.0,,,,1.2857142857142858,1.0,6.428571428571429,1.2857142857142858,0.0,2.2,7.0,1.0,6.0,0.0,1.0,5.0,,,,True,True,UNKNOWN,False,False
2021000392,2021-05-25 17:45:00,中日ドラゴンズ,福岡ソフトバンクホークス,2.0,0.0,UNKNOWN,バンテリンドーム ナゴヤ,interleague,high,True,True,1100115,1600106,[],[],,,,,0,light,2021-05-25T08:45:00+00:00,,UNKNOWN,,,,UNKNOWN,UNKNOWN,,UNKNOWN,,3.0,1.5,4.5,1.5,0.0,2.7,6.0,2.0,8.0,0.0,1.0,3.0,,,,0.0,1.1428571428571428,7.714285714285714,2.5714285714285716,0.0,2.342857142857143,7.0,0.0,6.0,0.0,2.0,6.0,,,,True,True,UNKNOWN,False,False
2021000393,2021-05-25 18:00:00,阪神タイガース,千葉ロッテマリーンズ,3.0,5.0,UNKNOWN,阪神甲子園球場,interleague,high,True,True,1300055,900062,[],[],,,,,0,light,2021-05-25T09:00:00+00:00,,UNKNOWN,,,,UNKNOWN,UNKNOWN,,UNKNOWN,,6.75,1.5,2.25,2.25,4.5,9.95,4.0,3.0,5.0,2.0,1.0,1.0,,,,1.2857142857142858,1.0,10.285714285714286,0.0,0.0,0.9142857142857146,7.0,1.0,7.0,0.0,0.0,8.0,,,,True,True,UNKNOWN,False,False
2021000396,2021-05-26 17:30:00,東京ヤクルトスワローズ,北海道日本ハムファイターズ,4.0,3.0,UNKNOWN,明治神宮野球場,unknown,low,False,False,1500110,1300029,[],[],,,,,0,light,2021-05-26T08:30:00+00:00,,UNKNOWN,,,,UNKNOWN,UNKNOWN,,UNKNOWN,,12.0,2.6666666666666665,12.0,0.0,3.0,4.866666666666667,3.0,4.0,8.0,1.0,0.0,4.0,,,,3.6,1.4,7.2,3.6,0.0,2.8000000000000003,5.0,2.0,5.0,0.0,2.0,4.0,,,,True,True,UNKNOWN,False,False
2021000395,2021-05-26 17:45:00,読売ジャイアンツ,東北楽天ゴールデンイーグルス,5.0,2.0,UNKNOWN,東京ドーム,japan_series,high,False,True,1200117,1800023,[],[],,,,,0,light,2021-05-26T08:45:00+00:00,,UNKNOWN,,,,UNKNOWN,UNKNOWN,,UNKNOWN,,11.25,1.5,15.75,2.25,6.75,10.2,4.0,5.0,5.0,3.0,1.0,7.0,,,,1.2272727272727273,1.2272727272727273,6.136363636363637,2.4545454545454546,1.2272727272727273,4.427272727272728,7.333333333333333,1.0,7.0,1.0,2.0,5.0,,,,True,True,UNKNOWN,False,False
2021000398,2021-05-26 17:45:00,中日ドラゴンズ,福岡ソフトバンクホークス,4.0,3.0,UNKNOWN,バンテリンドーム ナゴヤ,excluded,high,False,False,1200106,1500074,[],[],,,,,0,light,2021-05-26T08:45:00+00:00,,UNKNOWN,,,,UNKNOWN,UNKNOWN,,UNKNOWN,,4.764705882352941,1.4117647058823528,9.529411764705882,1.588235294117647,0.0,1.6117647058823532,5.666666666666667,3.0,7.0,0.0,1.0,6.0,,,,1.3499999999999999,1.2,6.75,4.05,0.0,3.0500000000000003,6.666666666666667,1.0,5.0,0.0,3.0,5.0,,,,True,True,UNKNOWN,False,False
2021000397,2021-05-26 17:45:00,横浜DeNAベイスターズ,オリックス・バファローズ,5.0,14.0,UNKNOWN,横浜スタジアム,interleague,high,True,True,1900087,1800045,[],[],,,,,0,light,2021-05-26T08:45:00+00:00,,UNKNOWN,,,,UNKNOWN,UNKNOWN,,UNKNOWN,,4.5,0.8333333333333334,10.5,1.5,1.5,3.5333333333333337,6.0,3.0,4.0,1.0,1.0,7.0,,,,27.0,6.0,6.75,13.5,0.0,6.2,1.3333333333333333,4.0,6.0,0.0,2.0,1.0,,,,True,True,UNKNOWN,False,False
2021000399,2021-05-26 18:00:00,阪神タイガース,千葉ロッテマリーンズ,3.0,2.0,UNKNOWN,阪神甲子園球場,unknown,low,False,False,1400190,900425,[],[],,,,,0,light,2021-05-26T09:00:00+00:00,,UNKNOWN,,,,UNKNOWN,UNKNOWN,,UNKNOWN,,5.4,1.0,7.2,1.8,0.0,2.2,5.0,3.0,4.0,0.0,1.0,4.0,,,,1.125,0.375,6.75,0.0,0.0,1.7000000000000002,8.0,1.0,3.0,0.0,0.0,6.0,,,,True,True,UNKNOWN,False,False
2021000402,2021-05-27 17:30:00,東京ヤクルトスワローズ,北海道日本ハムファイターズ,5.0,2.0,UNKNOWN,明治神宮野球場,interleague,high,True,True,1600093,1900024,[],[],,,,,0,light,2021-05-27T08:30:00+00:00,,UNKNOWN,,,,UNKNOWN,UNKNOWN,,UNKNOWN,,1.5,1.3333333333333333,4.5,4.5,1.5,5.866666666666667,6.0,1.0,5.0,1.0,3.0,3.0,,,,3.0,1.1666666666666667,13.5,1.5,0.0,0.7000000000000002,6.0,2.0,6.0,0.0,1.0,9.0,,,,True,True,UNKNOWN,False,False
2021000401,2021-05-27 17:45:00,読売ジャイアンツ,東北楽天ゴールデンイーグルス,0.0,2.0,UNKNOWN,東京ドーム,excluded,high,False,False,1900117,1800026,[],[],,,,,0,light,2021-05-27T08:45:00+00:00,,UNKNOWN,,,,UNKNOWN,UNKNOWN,,UNKNOWN,,0.0,0.6666666666666666,12.0,1.5,0.0,1.0333333333333337,6.0,0.0,3.0,0.0,1.0,8.0,,,,1.8,1.0,10.8,1.8,1.8,4.0,5.0,1.0,4.0,1.0,1.0,6.0,,,,True,True,UNKNOWN,False,False
2021000403,2021-05-27 17:45:00,横浜DeNAベイスターズ,オリックス・バファローズ,11.0,8.0,UNKNOWN,横浜スタジアム,unknown,low,False,False,1600159,2000145,[],[],,,,,0,light,2021-05-27T08:45:00+00:00,,UNKNOWN,,,,UNKNOWN,UNKNOWN,,UNKNOWN,,27.0,4.714285714285714,3.8571428571428568,7.7142857142857135,7.7142857142857135,16.057142857142857,2.3333333333333335,7.0,9.0,2.0,2.0,1.0,,,,18.0,3.0,3.0,6.0,3.0,8.866666666666667,3.0,6.0,7.0,1.0,2.0,1.0,,,,True,True,UNKNOWN,False,False
2021000404,2021-05-27 17:45:00,中日ドラゴンズ,福岡ソフトバンクホークス,3.0,3.0,UNKNOWN,バンテリンドーム ナゴヤ,unknown,low,False,False,1400129,1800061,[],[],,,,,0,light,2021-05-27T08:45:00+00:00,,UNKNOWN,,,,UNKNOWN,UNKNOWN,,UNKNOWN,,9.0,2.3333333333333335,9.0,15.0,3.0,10.533333333333333,3.0,3.0,2.0,1.0,5.0,3.0,,,,4.764705882352941,1.4117647058823528,11.117647058823529,3.176470588235294,0.0,1.7882352941176474,5.666666666666667,3.0,6.0,0.0,2.0,7.0,,,,True,True,UNKNOWN,False,False
2021000405,2021-05-27 18:00:00,阪神タイガース,千葉ロッテマリーンズ,4.0,6.0,UNKNOWN,阪神甲子園球場,unknown,low,False,False,1900080,2000144,[],[],,,,,0,light,2021-05-27T09:00:00+00:00,,UNKNOWN,,,,UNKNOWN,UNKNOWN,,UNKNOWN,,5.4,2.0,9.0,5.4,0.0,3.0,5.0,3.0,7.0,0.0,3.0,5.0,,,,6.352941176470588,1.0588235294117647,12.705882352941176,1.588235294117647,1.588235294117647,3.2,5.666666666666667,4.0,5.0,1.0,1.0,8.0,,,,True,True,UNKNOWN,False,False
2021000409,2021-05-28 17:45:00,埼玉西武ライオンズ,阪神タイガース,7.0,10.0,UNKNOWN,メットライフドーム,excluded,high,False,False,1500090,1400182,[],[],,,,,0,light,2021-05-28T08:45:00+00:00,,UNKNOWN,,,,UNKNOWN,UNKNOWN,,UNKNOWN,,6.75,1.3125,5.0625,0.0,1.6875,4.5125,5.333333333333333,4.0,7.0,1.0,0.0,3.0,,,,6.0,1.3333333333333333,6.0,4.5,4.5,9.866666666666667,6.0,4.0,5.0,3.0,3.0,4.0,,,,True,True,UNKNOWN,False,False
2021000407,2021-05-28 18:00:00,北海道日本ハムファイターズ,中日ドラゴンズ,10.0,1.0,UNKNOWN,札幌ドーム,unknown,low,False,False,1000138,2000079,[],[],,,,,0,light,2021-05-28T09:00:00+00:00,,UNKNOWN,,,,UNKNOWN,UNKNOWN,,UNKNOWN,,13.5,3.0,4.5,2.25,0.0,2.95,4.0,6.0,11.0,0.0,1.0,2.0,,,,1.2857142857142858,0.7142857142857143,6.428571428571429,1.2857142857142858,0.0,2.2,7.0,1.0,4.0,0.0,1.0,5.0,,,,True,True,UNKNOWN,False,False
2021000406,2021-05-27 18:00:00,広島東洋カープ,埼玉西武ライオンズ,4.0,4.0,UNKNOWN,MAZDA Zoom-Zoom スタジアム広島,interleague,high,True,True,2100008,1600123,[],[],,,,,0,light,2021-05-27T09:00:00+00:00,,UNKNOWN,,,,UNKNOWN,UNKNOWN,,UNKNOWN,,1.8,1.6,9.0,0.0,0.0,1.2000000000000002,5.0,1.0,8.0,0.0,0.0,5.0,,,,12.0,3.3333333333333335,9.0,9.0,3.0,8.533333333333333,3.0,4.0,7.0,1.0,3.0,3.0,,,,True,True,UNKNOWN,False,False
2021000410,2021-05-28 17:45:00,千葉ロッテマリーンズ,広島東洋カープ,8.0,10.0,UNKNOWN,ZOZOマリンスタジアム,excluded,high,False,False,1600121,2000087,[],[],,,,,0,light,2021-05-28T08:45:00+00:00,,UNKNOWN,,,,UNKNOWN,UNKNOWN,,UNKNOWN,,9.642857142857142,1.7142857142857142,5.785714285714286,9.642857142857142,1.9285714285714284,7.914285714285715,4.666666666666667,5.0,3.0,1.0,5.0,3.0,,,,6.75,2.5,6.75,2.25,0.0,2.45,4.0,3.0,9.0,0.0,1.0,3.0,,,,True,True,UNKNOWN,False,False
2021000408,2021-05-28 18:00:00,東北楽天ゴールデンイーグルス,横浜DeNAベイスターズ,6.0,7.0,UNKNOWN,楽天生命パーク宮城,interleague,high,True,True,1900031,500014,[],[],,,,,0,light,2021-05-28T09:00:00+00:00,,UNKNOWN,,,,UNKNOWN,UNKNOWN,,UNKNOWN,,9.818181818181818,1.9090909090909092,4.909090909090909,2.4545454545454546,0.0,2.9272727272727272,3.6666666666666665,4.0,6.0,0.0,1.0,2.0,,,,7.941176470588235,1.588235294117647,6.352941176470588,1.588235294117647,1.588235294117647,4.6117647058823525,5.666666666666667,5.0,8.0,1.0,1.0,4.0,,,,True,True,UNKNOWN,False,False
2021000411,2021-05-28 18:00:00,オリックス・バファローズ,東京ヤクルトスワローズ,9.0,2.0,UNKNOWN,京セラドーム大阪,interleague,high,True,True,900121,1600153,[],[],,,,,0,light,2021-05-28T09:00:00+00:00,,UNKNOWN,,,,UNKNOWN,UNKNOWN,,UNKNOWN,,67.5,10.5,0.0,27.0,13.5,31.7,0.6666666666666666,5.0,5.0,1.0,2.0,0.0,,,,2.5714285714285716,1.1428571428571428,11.571428571428571,3.857142857142857,0.0,1.9142857142857144,7.0,2.0,5.0,0.0,3.0,9.0,,,,True,True,UNKNOWN,False,False
2021000412,2021-05-28 18:00:00,福岡ソフトバンクホークス,読売ジャイアンツ,9.0,3.0,UNKNOWN,福岡PayPayドーム,japan_series,high,False,True,1600060,1300080,[],[],,,,,0,light,2021-05-28T09:00:00+00:00,,UNKNOWN,,,,UNKNOWN,UNKNOWN,,UNKNOWN,,15.0,1.6666666666666667,6.0,0.0,9.0,14.866666666666667,3.0,5.0,5.0,3.0,0.0,2.0,,,,1.2857142857142858,1.2857142857142858,10.285714285714286,5.142857142857143,1.2857142857142858,4.485714285714286,7.0,1.0,5.0,1.0,4.0,8.0,,,,True,True,UNKNOWN,False,False
2021000413,2021-05-29 14:00:00,北海道日本ハムファイターズ,中日ドラゴンズ,4.0,7.0,UNKNOWN,札幌ドーム,interleague,high,True,True,1800060,1900129,[],[],,,,,0,light,2021-05-29T05:00:00+00:00,,UNKNOWN,,,,UNKNOWN,UNKNOWN,,UNKNOWN,,4.153846153846154,1.8461538461538463,6.230769230769231,8.307692307692308,0.0,4.584615384615385,4.333333333333333,2.0,4.0,0.0,4.0,3.0,,,,6.0,1.5,7.5,1.5,1.5,4.2,6.0,4.0,8.0,1.0,1.0,5.0,,,,True,True,UNKNOWN,False,False
2021000414,2021-05-29 14:00:00,東北楽天ゴールデンイーグルス,横浜DeNAベイスターズ,1.0,1.0,UNKNOWN,楽天生命パーク宮城,unknown,low,False,False,1600081,700069,[],[],,,,,0,light,2021-05-29T05:00:00+00:00,,UNKNOWN,,,,UNKNOWN,UNKNOWN,,UNKNOWN,,0.0,0.8333333333333334,9.0,4.5,0.0,2.7,6.0,0.0,2.0,0.0,3.0,6.0,,,,1.125,0.625,6.75,0.0,1.125,3.325,8.0,1.0,5.0,1.0,0.0,6.0,,,,True,True,UNKNOWN,False,False
2021000416,2021-05-29 14:00:00,千葉ロッテマリーンズ,広島東洋カープ,7.0,3.0,UNKNOWN,ZOZOマリンスタジアム,unknown,low,False,False,1900057,1000155,[],[],,,,,0,light,2021-05-29T05:00:00+00:00,,UNKNOWN,,,,UNKNOWN,UNKNOWN,,UNKNOWN,,5.4,2.2,10.8,7.2,0.0,3.2,5.0,3.0,7.0,0.0,4.0,6.0,,,,3.0,1.1666666666666667,12.0,1.5,3.0,5.366666666666667,6.0,2.0,6.0,2.0,1.0,8.0,,,,True,True,UNKNOWN,False,False
2021000417,2021-05-29 14:00:00,オリックス・バファローズ,東京ヤクルトスワローズ,4.0,7.0,UNKNOWN,京セラドーム大阪,unknown,low,False,False,1200076,1700109,[],[],,,,,0,light,2021-05-29T05:00:00+00:00,,UNKNOWN,,,,UNKNOWN,UNKNOWN,,UNKNOWN,,3.857142857142857,1.2857142857142858,5.142857142857143,0.0,1.2857142857142858,3.9142857142857146,7.0,3.0,9.0,1.0,0.0,4.0,,,,10.8,2.2,3.6,3.6,1.8,6.2,5.0,6.0,9.0,1.0,2.0,2.0,,,,True,True,UNKNOWN,False,False
2021000418,2021-05-29 14:00:00,福岡ソフトバンクホークス,読売ジャイアンツ,8.0,3.0,UNKNOWN,福岡PayPayドーム,interleague,high,True,True,1900143,1800002,[],[],,,,,0,light,2021-05-29T05:00:00+00:00,,UNKNOWN,,,,UNKNOWN,UNKNOWN,,UNKNOWN,,13.5,1.9285714285714284,5.785714285714286,3.8571428571428568,7.7142857142857135,14.342857142857142,4.666666666666667,7.0,7.0,4.0,2.0,3.0,,,,3.857142857142857,1.1428571428571428,12.857142857142858,1.2857142857142858,1.2857142857142858,2.628571428571429,7.0,3.0,7.0,1.0,1.0,10.0,,,,True,True,UNKNOWN,False,False
2021000415,2021-05-29 17:45:00,埼玉西武ライオンズ,阪神タイガース,1.0,0.0,UNKNOWN,メットライフドーム,interleague,high,True,True,2000052,1600127,[],[],,,,,0,light,2021-05-29T08:45:00+00:00,,UNKNOWN,,,,UNKNOWN,UNKNOWN,,UNKNOWN,,1.588235294117647,1.7647058823529411,4.764705882352941,7.941176470588235,1.588235294117647,7.08235294117647,5.666666666666667,1.0,5.0,1.0,5.0,3.0,,,,0.0,0.5625,10.125,0.0,0.0,0.9500000000000002,5.333333333333333,0.0,3.0,0.0,0.0,6.0,,,,True,True,UNKNOWN,False,False
2021000421,2021-05-30 13:00:00,埼玉西武ライオンズ,阪神タイガース,8.0,9.0,UNKNOWN,メットライフドーム,unknown,low,False,False,2000055,1600131,[],[],,,,,0,light,2021-05-30T04:00:00+00:00,,UNKNOWN,,,,UNKNOWN,UNKNOWN,,UNKNOWN,,19.285714285714285,2.571428571428571,0.0,11.571428571428571,3.8571428571428568,12.62857142857143,2.3333333333333335,5.0,3.0,1.0,3.0,0.0,,,,12.0,2.6666666666666665,0.0,3.0,3.0,8.533333333333333,3.0,4.0,7.0,1.0,1.0,0.0,,,,True,True,UNKNOWN,False,False
2021000423,2021-05-30 13:00:00,オリックス・バファローズ,東京ヤクルトスワローズ,8.0,7.0,UNKNOWN,京セラドーム大阪,interleague,high,True,True,1800143,1000027,[],[],,,,,0,light,2021-05-30T04:00:00+00:00,,UNKNOWN,,,,UNKNOWN,UNKNOWN,,UNKNOWN,,12.272727272727273,2.7272727272727275,7.363636363636364,7.363636363636364,2.4545454545454546,7.563636363636364,3.6666666666666665,5.0,7.0,1.0,3.0,3.0,,,,3.6,0.6,10.8,0.0,0.0,0.8000000000000003,5.0,2.0,3.0,0.0,0.0,6.0,,,,True,True,UNKNOWN,False,False
2021000424,2021-05-30 14:00:00,福岡ソフトバンクホークス,読売ジャイアンツ,3.0,4.0,UNKNOWN,福岡PayPayドーム,japan_series,high,False,True,1800028,20204,[],[],,,,,0,light,2021-05-30T05:00:00+00:00,,UNKNOWN,,,,UNKNOWN,UNKNOWN,,UNKNOWN,,3.6,1.8,9.0,3.6,0.0,2.4000000000000004,5.0,2.0,7.0,0.0,2.0,5.0,,,,5.4,1.8,14.4,7.2,1.8,5.0,5.0,3.0,5.0,1.0,4.0,8.0,,,,True,True,UNKNOWN,False,False
2021000419,2021-05-30 14:00:00,北海道日本ハムファイターズ,中日ドラゴンズ,1.0,4.0,UNKNOWN,札幌ドーム,interleague,high,True,True,1200055,2000136,[],[],,,,,0,light,2021-05-30T05:00:00+00:00,,UNKNOWN,,,,UNKNOWN,UNKNOWN,,UNKNOWN,,1.5,1.0,10.5,1.5,0.0,1.366666666666667,6.0,1.0,5.0,0.0,1.0,7.0,,,,6.230769230769231,1.6153846153846154,4.153846153846154,2.076923076923077,2.076923076923077,5.969230769230769,4.333333333333333,3.0,6.0,1.0,1.0,2.0,,,,True,True,UNKNOWN,False,False
2021000422,2021-05-30 14:00:00,千葉ロッテマリーンズ,広島東洋カープ,7.0,1.0,UNKNOWN,ZOZOマリンスタジアム,excluded,high,False,False,2000129,1800052,[],[],,,,,0,light,2021-05-30T05:00:00+00:00,,UNKNOWN,,,,UNKNOWN,UNKNOWN,,UNKNOWN,,10.125,3.0,6.75,16.875,0.0,7.325,2.6666666666666665,3.0,3.0,0.0,5.0,2.0,,,,1.5,0.6666666666666666,4.5,0.0,1.5,4.366666666666667,6.0,1.0,4.0,1.0,0.0,3.0,,,,True,True,UNKNOWN,False,False
2021000420,2021-05-30 13:00:00,東北楽天ゴールデンイーグルス,横浜DeNAベイスターズ,5.0,1.0,UNKNOWN,楽天生命パーク宮城,unknown,low,False,False,1500061,2000121,[],[],,,,,0,light,2021-05-30T04:00:00+00:00,,UNKNOWN,,,,UNKNOWN,UNKNOWN,,UNKNOWN,,1.5,1.6666666666666667,7.5,4.5,0.0,3.0333333333333337,6.0,1.0,7.0,0.0,3.0,5.0,,,,1.6875,1.125,8.4375,1.6875,0.0,1.8875000000000002,5.333333333333333,1.0,5.0,0.0,1.0,5.0,,,,True,True,UNKNOWN,False,False
2021000425,2021-06-01 17:45:00,読売ジャイアンツ,埼玉西武ライオンズ,4.0,4.0,UNKNOWN,東京ドーム,unknown,low,False,False,1800080,1800023,[],[],,,,,0,light,2021-06-01T08:45:00+00:00,,UNKNOWN,,,,UNKNOWN,UNKNOWN,,UNKNOWN,,6.0,1.3333333333333333,12.0,4.5,1.5,4.2,6.0,4.0,5.0,1.0,3.0,8.0,,,,0.0,1.7999999999999998,8.1,8.1,0.0,4.1,3.3333333333333335,0.0,3.0,0.0,3.0,3.0,,,,True,True,UNKNOWN,False,False
2021000426,2021-06-01 17:30:00,東京ヤクルトスワローズ,東北楽天ゴールデンイーグルス,7.0,4.0,UNKNOWN,明治神宮野球場,unknown,low,False,False,1000154,1700088,[],[],,,,,0,light,2021-06-01T08:30:00+00:00,,UNKNOWN,,,,UNKNOWN,UNKNOWN,,UNKNOWN,,3.6,1.2,7.2,1.8,0.0,2.2,5.0,2.0,5.0,0.0,1.0,4.0,,,,9.0,2.5,6.75,6.75,4.5,10.45,4.0,4.0,7.0,2.0,3.0,3.0,,,,True,True,UNKNOWN,False,False
2021000428,2021-06-01 17:45:00,中日ドラゴンズ,千葉ロッテマリーンズ,1.0,0.0,UNKNOWN,バンテリンドーム ナゴヤ,unknown,low,False,False,1300055,1600106,[],[],,,,,0,light,2021-06-01T08:45:00+00:00,,UNKNOWN,,,,UNKNOWN,UNKNOWN,,UNKNOWN,,1.8,1.0,7.2,0.0,0.0,1.6,5.0,1.0,5.0,0.0,0.0,4.0,,,,0.0,0.2222222222222222,8.0,1.0,0.0,1.7555555555555558,9.0,0.0,1.0,0.0,1.0,8.0,,,,True,True,UNKNOWN,False,False
2021000427,2021-06-01 17:45:00,横浜DeNAベイスターズ,福岡ソフトバンクホークス,4.0,3.0,UNKNOWN,横浜スタジアム,interleague,high,True,True,1100115,1900125,[],[],,,,,0,light,2021-06-01T08:45:00+00:00,,UNKNOWN,,,,UNKNOWN,UNKNOWN,,UNKNOWN,,1.3499999999999999,1.3499999999999999,13.5,2.6999999999999997,0.0,1.1,6.666666666666667,1.0,7.0,0.0,2.0,10.0,,,,6.75,2.5,6.75,9.0,2.25,7.95,4.0,3.0,6.0,1.0,4.0,3.0,,,,True,True,UNKNOWN,False,False
2021000429,2021-06-01 18:00:00,阪神タイガース,オリックス・バファローズ,2.0,5.0,UNKNOWN,阪神甲子園球場,unknown,low,False,False,1600150,900062,[],[],,,,,0,light,2021-06-01T09:00:00+00:00,,UNKNOWN,,,,UNKNOWN,UNKNOWN,,UNKNOWN,,2.5714285714285716,0.8571428571428571,11.571428571428571,1.2857142857142858,0.0,1.0571428571428574,7.0,2.0,5.0,0.0,1.0,9.0,,,,2.5714285714285716,1.0,7.714285714285714,2.5714285714285716,0.0,2.342857142857143,7.0,2.0,5.0,0.0,2.0,6.0,,,,True,True,UNKNOWN,False,False
2021000430,2021-06-01 18:00:00,広島東洋カープ,北海道日本ハムファイターズ,3.0,7.0,UNKNOWN,MAZDA Zoom-Zoom スタジアム広島,interleague,high,True,True,1100099,1300057,[],[],,,,,0,light,2021-06-01T09:00:00+00:00,,UNKNOWN,,,,UNKNOWN,UNKNOWN,,UNKNOWN,,2.6999999999999997,1.3499999999999999,9.45,0.0,0.0,1.1,6.666666666666667,2.0,9.0,0.0,0.0,7.0,,,,13.5,1.75,4.5,2.25,4.5,9.45,4.0,6.0,6.0,2.0,1.0,2.0,,,,True,True,UNKNOWN,False,False
2021000432,2021-06-02 17:30:00,東京ヤクルトスワローズ,東北楽天ゴールデンイーグルス,1.0,3.0,UNKNOWN,明治神宮野球場,unknown,low,False,False,1200117,1300029,[],[],,,,,0,light,2021-06-02T08:30:00+00:00,,UNKNOWN,,,,UNKNOWN,UNKNOWN,,UNKNOWN,,1.5,0.6666666666666666,15.0,1.5,0.0,0.3666666666666667,6.0,1.0,3.0,0.0,1.0,10.0,,,,4.153846153846154,2.076923076923077,4.153846153846154,4.153846153846154,0.0,3.661538461538462,4.333333333333333,2.0,7.0,0.0,2.0,2.0,,,,True,True,UNKNOWN,False,False
2021000431,2021-06-02 17:45:00,読売ジャイアンツ,埼玉西武ライオンズ,4.0,3.0,UNKNOWN,東京ドーム,unknown,low,False,False,2100008,1800026,[],[],,,,,0,light,2021-06-02T08:45:00+00:00,,UNKNOWN,,,,UNKNOWN,UNKNOWN,,UNKNOWN,,7.7142857142857135,1.9285714285714284,5.785714285714286,1.9285714285714284,0.0,2.5571428571428574,4.666666666666667,4.0,8.0,0.0,1.0,3.0,,,,6.0,2.0,9.0,3.0,3.0,6.533333333333333,3.0,2.0,5.0,1.0,1.0,3.0,,,,True,True,UNKNOWN,False,False
2021000434,2021-06-02 17:45:00,中日ドラゴンズ,千葉ロッテマリーンズ,2.0,2.0,UNKNOWN,バンテリンドーム ナゴヤ,unknown,low,False,False,1400190,1500074,[],[],,,,,0,light,2021-06-02T08:45:00+00:00,,UNKNOWN,,,,UNKNOWN,UNKNOWN,,UNKNOWN,,3.0,1.6666666666666667,6.0,3.0,0.0,2.8666666666666667,6.0,2.0,8.0,0.0,2.0,4.0,,,,0.0,0.6666666666666666,10.5,3.0,0.0,1.866666666666667,6.0,0.0,2.0,0.0,2.0,7.0,,,,True,True,UNKNOWN,False,False
2021000433,2021-06-02 17:45:00,横浜DeNAベイスターズ,福岡ソフトバンクホークス,1.0,1.0,UNKNOWN,横浜スタジアム,interleague,high,True,True,1200106,1700067,[],[],,,,,0,light,2021-06-02T08:45:00+00:00,,UNKNOWN,,,,UNKNOWN,UNKNOWN,,UNKNOWN,,1.5,1.5,4.5,4.5,0.0,3.7,6.0,1.0,6.0,0.0,3.0,3.0,,,,1.5,1.1666666666666667,4.5,4.5,0.0,3.7,6.0,1.0,4.0,0.0,3.0,3.0,,,,True,True,UNKNOWN,False,False
2021000436,2021-06-02 18:00:00,広島東洋カープ,北海道日本ハムファイターズ,3.0,0.0,UNKNOWN,MAZDA Zoom-Zoom スタジアム広島,japan_series,high,False,True,1500110,1100081,[],[],,,,,0,light,2021-06-02T09:00:00+00:00,,UNKNOWN,,,,UNKNOWN,UNKNOWN,,UNKNOWN,,3.0,1.3333333333333333,7.5,1.5,0.0,2.033333333333333,6.0,2.0,7.0,0.0,1.0,5.0,,,,0.0,1.6875,5.0625,3.375,0.0,3.2,5.333333333333333,0.0,7.0,0.0,2.0,3.0,,,,True,True,UNKNOWN,False,False
2021000437,2021-06-03 17:45:00,読売ジャイアンツ,埼玉西武ライオンズ,4.0,4.0,UNKNOWN,東京ドーム,excluded,high,False,False,400010,1900143,[],[],,,,,0,light,2021-06-03T08:45:00+00:00,,UNKNOWN,,,,UNKNOWN,UNKNOWN,,UNKNOWN,,13.5,4.5,0.0,18.0,4.5,15.7,2.0,3.0,5.0,1.0,4.0,0.0,,,,1.588235294117647,1.4117647058823528,11.117647058823529,1.588235294117647,1.588235294117647,3.5529411764705885,5.666666666666667,1.0,7.0,1.0,1.0,7.0,,,,True,True,UNKNOWN,False,False
2021000438,2021-06-03 17:30:00,東京ヤクルトスワローズ,東北楽天ゴールデンイーグルス,2.0,4.0,UNKNOWN,明治神宮野球場,unknown,low,False,False,1900117,2000139,[],[],,,,,0,light,2021-06-03T08:30:00+00:00,,UNKNOWN,,,,UNKNOWN,UNKNOWN,,UNKNOWN,,3.6,1.6,9.0,3.6,3.6,7.6000000000000005,5.0,2.0,6.0,2.0,2.0,5.0,,,,5.4,1.6,9.0,3.6,0.0,2.4000000000000004,5.0,3.0,6.0,0.0,2.0,5.0,,,,True,True,UNKNOWN,False,False
2021000435,2021-06-02 18:00:00,阪神タイガース,オリックス・バファローズ,2.0,1.0,UNKNOWN,阪神甲子園球場,unknown,low,False,False,1900087,900425,[],[],,,,,0,light,2021-06-02T09:00:00+00:00,,UNKNOWN,,,,UNKNOWN,UNKNOWN,,UNKNOWN,,3.6,1.4,9.0,5.4,0.0,3.0,5.0,2.0,4.0,0.0,3.0,5.0,,,,1.588235294117647,1.7647058823529411,9.529411764705882,3.176470588235294,0.0,2.1411764705882357,5.666666666666667,1.0,8.0,0.0,2.0,6.0,,,,True,True,UNKNOWN,False,False
2021000440,2021-06-03 17:45:00,中日ドラゴンズ,千葉ロッテマリーンズ,4.0,3.0,UNKNOWN,バンテリンドーム ナゴヤ,interleague,high,True,True,1900085,1800061,[],[],,,,,0,light,2021-06-03T08:45:00+00:00,,UNKNOWN,,,,UNKNOWN,UNKNOWN,,UNKNOWN,,4.5,0.5,4.5,0.0,4.5,8.7,4.0,2.0,2.0,2.0,0.0,2.0,,,,1.5,0.3333333333333333,6.0,0.0,0.0,1.866666666666667,6.0,1.0,2.0,0.0,0.0,4.0,,,,True,True,UNKNOWN,False,False
2021000439,2021-06-03 17:45:00,横浜DeNAベイスターズ,福岡ソフトバンクホークス,4.0,3.0,UNKNOWN,横浜スタジアム,interleague,high,True,True,2100005,1900031,[],[],,,,,0,light,2021-06-03T08:45:00+00:00,,UNKNOWN,,,,UNKNOWN,UNKNOWN,,UNKNOWN,,4.5,0.8333333333333334,7.5,1.5,1.5,4.2,6.0,3.0,4.0,1.0,1.0,5.0,,,,0.0,1.0,7.5,1.5,0.0,2.033333333333333,6.0,0.0,5.0,0.0,1.0,5.0,,,,True,True,UNKNOWN,False,False
2021000441,2021-06-03 18:00:00,阪神タイガース,オリックス・バファローズ,3.0,7.0,UNKNOWN,阪神甲子園球場,unknown,low,False,False,1400195,2000144,[],[],,,,,0,light,2021-06-03T09:00:00+00:00,,UNKNOWN,,,,UNKNOWN,UNKNOWN,,UNKNOWN,,5.4,1.2,10.8,1.8,3.6,6.6,5.0,3.0,5.0,2.0,1.0,6.0,,,,3.857142857142857,1.2857142857142858,2.5714285714285716,1.2857142857142858,0.0,3.0571428571428574,7.0,3.0,8.0,0.0,1.0,2.0,,,,True,True,UNKNOWN,False,False
2021000444,2021-06-04 17:30:00,東京ヤクルトスワローズ,埼玉西武ライオンズ,10.0,1.0,UNKNOWN,明治神宮野球場,excluded,high,False,False,1400182,12113,[],[],,,,,0,light,2021-06-04T08:30:00+00:00,,UNKNOWN,,,,UNKNOWN,UNKNOWN,,UNKNOWN,,27.0,5.0,3.0,12.0,9.0,19.53333333333333,3.0,9.0,11.0,3.0,4.0,1.0,,,,1.8,0.6,3.6,0.0,1.8,5.0,5.0,1.0,3.0,1.0,0.0,2.0,,,,True,True,UNKNOWN,False,False
2021000442,2021-06-03 18:00:00,広島東洋カープ,北海道日本ハムファイターズ,2.0,5.0,UNKNOWN,MAZDA Zoom-Zoom スタジアム広島,interleague,high,True,True,500027,1600123,[],[],,,,,0,light,2021-06-03T09:00:00+00:00,,UNKNOWN,,,,UNKNOWN,UNKNOWN,,UNKNOWN,,6.0,1.6666666666666667,0.0,0.0,0.0,3.2,3.0,2.0,5.0,0.0,0.0,0.0,,,,12.0,3.6666666666666665,9.0,9.0,0.0,4.2,3.0,4.0,8.0,0.0,3.0,3.0,,,,True,True,UNKNOWN,False,False
2021000446,2021-06-04 17:45:00,中日ドラゴンズ,オリックス・バファローズ,1.0,2.0,UNKNOWN,バンテリンドーム ナゴヤ,unknown,low,False,False,1600153,1000138,[],[],,,,,0,light,2021-06-04T08:45:00+00:00,,UNKNOWN,,,,UNKNOWN,UNKNOWN,,UNKNOWN,,1.2857142857142858,0.7142857142857143,11.571428571428571,1.2857142857142858,1.2857142857142858,2.9142857142857146,7.0,1.0,4.0,1.0,1.0,9.0,,,,3.0,1.5,6.0,4.5,0.0,3.3666666666666667,6.0,2.0,6.0,0.0,3.0,4.0,,,,True,True,UNKNOWN,False,False
2021000443,2021-06-04 17:45:00,読売ジャイアンツ,北海道日本ハムファイターズ,6.0,0.0,UNKNOWN,東京ドーム,interleague,high,True,True,1600093,1700002,[],[],,,,,0,light,2021-06-04T08:45:00+00:00,,UNKNOWN,,,,UNKNOWN,UNKNOWN,,UNKNOWN,,3.6,1.4,10.8,5.4,0.0,2.6,5.0,2.0,4.0,0.0,3.0,6.0,,,,0.0,0.3529411764705882,7.941176470588235,0.0,0.0,1.435294117647059,5.666666666666667,0.0,2.0,0.0,0.0,5.0,,,,True,True,UNKNOWN,False,False
2021000445,2021-06-04 17:45:00,横浜DeNAベイスターズ,千葉ロッテマリーンズ,7.0,11.0,UNKNOWN,横浜スタジアム,unknown,low,False,False,2000087,1600084,[],[],,,,,0,light,2021-06-04T08:45:00+00:00,,UNKNOWN,,,,UNKNOWN,UNKNOWN,,UNKNOWN,,15.0,3.0,6.0,9.0,3.0,9.2,3.0,5.0,6.0,1.0,3.0,2.0,,,,12.0,2.3333333333333335,9.0,3.0,9.0,15.2,3.0,4.0,6.0,3.0,1.0,3.0,,,,True,True,UNKNOWN,False,False
2021000447,2021-06-04 18:00:00,阪神タイガース,福岡ソフトバンクホークス,6.0,1.0,UNKNOWN,阪神甲子園球場,unknown,low,False,False,1300080,1500090,[],[],,,,,0,light,2021-06-04T09:00:00+00:00,,UNKNOWN,,,,UNKNOWN,UNKNOWN,,UNKNOWN,,7.5,1.5,7.5,1.5,0.0,2.033333333333333,6.0,5.0,8.0,0.0,1.0,5.0,,,,1.125,1.25,7.875,4.5,1.125,4.575,8.0,1.0,6.0,1.0,4.0,7.0,,,,True,True,UNKNOWN,False,False
2021000450,2021-06-05 14:00:00,東京ヤクルトスワローズ,埼玉西武ライオンズ,3.0,6.0,UNKNOWN,明治神宮野球場,interleague,high,True,True,1600127,1200076,[],[],,,,,0,light,2021-06-05T05:00:00+00:00,,UNKNOWN,,,,UNKNOWN,UNKNOWN,,UNKNOWN,,3.857142857142857,1.7142857142857142,9.0,3.857142857142857,1.2857142857142858,4.342857142857143,7.0,3.0,9.0,1.0,3.0,7.0,,,,2.5714285714285716,0.7142857142857143,6.428571428571429,0.0,1.2857142857142858,3.6285714285714286,7.0,2.0,5.0,1.0,0.0,5.0,,,,True,True,UNKNOWN,False,False
2021000452,2021-06-05 14:00:00,中日ドラゴンズ,オリックス・バファローズ,6.0,3.0,UNKNOWN,バンテリンドーム ナゴヤ,unknown,low,False,False,1700109,1800060,[],[],,,,,0,light,2021-06-05T05:00:00+00:00,,UNKNOWN,,,,UNKNOWN,UNKNOWN,,UNKNOWN,,9.0,2.25,6.75,6.75,2.25,7.2,4.0,4.0,6.0,1.0,3.0,3.0,,,,0.0,2.0,0.0,18.0,0.0,9.2,2.0,0.0,0.0,0.0,4.0,0.0,,,,True,True,UNKNOWN,False,False
2021000448,2021-06-04 18:00:00,広島東洋カープ,東北楽天ゴールデンイーグルス,5.0,12.0,UNKNOWN,MAZDA Zoom-Zoom スタジアム広島,unknown,low,False,False,500014,1300061,[],[],,,,,0,light,2021-06-04T09:00:00+00:00,,UNKNOWN,,,,UNKNOWN,UNKNOWN,,UNKNOWN,,7.5,1.6666666666666667,10.5,0.0,1.5,3.0333333333333337,6.0,5.0,10.0,1.0,0.0,7.0,,,,11.25,2.5,4.5,4.5,2.25,6.95,4.0,5.0,8.0,1.0,2.0,2.0,,,,True,True,UNKNOWN,False,False
2021000451,2021-06-05 14:00:00,横浜DeNAベイスターズ,千葉ロッテマリーンズ,11.0,9.0,UNKNOWN,横浜スタジアム,unknown,low,False,False,1000155,1600081,[],[],,,,,0,light,2021-06-05T05:00:00+00:00,,UNKNOWN,,,,UNKNOWN,UNKNOWN,,UNKNOWN,,19.8,3.0,3.6,3.6,5.4,11.399999999999999,5.0,11.0,13.0,3.0,2.0,2.0,,,,3.6,1.4,10.8,7.2,0.0,3.2,5.0,2.0,3.0,0.0,4.0,6.0,,,,True,True,UNKNOWN,False,False
2021000449,2021-06-05 17:45:00,読売ジャイアンツ,北海道日本ハムファイターズ,4.0,6.0,UNKNOWN,東京ドーム,excluded,high,False,False,1900071,1800028,[],[],,,,,0,light,2021-06-05T08:45:00+00:00,,UNKNOWN,,,,UNKNOWN,UNKNOWN,,UNKNOWN,,1.8,1.2,9.0,5.4,0.0,3.0,5.0,1.0,3.0,0.0,3.0,5.0,,,,8.526315789473685,1.4210526315789473,11.368421052631579,4.2631578947368425,2.8421052631578947,6.2,6.333333333333333,6.0,6.0,2.0,3.0,8.0,,,,True,True,UNKNOWN,False,False
2021000453,2021-06-05 14:00:00,阪神タイガース,福岡ソフトバンクホークス,2.0,10.0,UNKNOWN,阪神甲子園球場,interleague,high,True,True,1800002,2000052,[],[],,,,,0,light,2021-06-05T05:00:00+00:00,,UNKNOWN,,,,UNKNOWN,UNKNOWN,,UNKNOWN,,3.0,1.6666666666666667,6.0,1.5,1.5,4.533333333333333,6.0,2.0,9.0,1.0,1.0,4.0,,,,4.5,1.3333333333333333,3.0,4.5,1.5,6.2,6.0,3.0,5.0,1.0,3.0,2.0,,,,True,True,UNKNOWN,False,False
2021000454,2021-06-05 14:00:00,広島東洋カープ,東北楽天ゴールデンイーグルス,3.0,7.0,UNKNOWN,MAZDA Zoom-Zoom スタジアム広島,unknown,low,False,False,700069,1900052,[],[],,,,,0,light,2021-06-05T05:00:00+00:00,,UNKNOWN,,,,UNKNOWN,UNKNOWN,,UNKNOWN,,4.5,1.6666666666666667,7.5,3.0,3.0,6.866666666666667,6.0,3.0,8.0,2.0,2.0,5.0,,,,4.2631578947368425,1.2631578947368423,7.105263157894737,5.684210526315789,0.0,3.515789473684211,6.333333333333333,3.0,4.0,0.0,4.0,5.0,,,,True,True,UNKNOWN,False,False
2021000456,2021-06-06 13:00:00,東京ヤクルトスワローズ,埼玉西武ライオンズ,9.0,6.0,UNKNOWN,明治神宮野球場,interleague,high,True,True,1900067,1300045,[],[],,,,,0,light,2021-06-06T04:00:00+00:00,,UNKNOWN,,,,UNKNOWN,UNKNOWN,,UNKNOWN,,12.0,2.6666666666666665,0.0,12.0,0.0,7.2,3.0,4.0,4.0,0.0,4.0,0.0,,,,11.571428571428571,3.4285714285714284,15.428571428571427,11.571428571428571,3.8571428571428568,9.2,2.3333333333333335,3.0,5.0,1.0,3.0,4.0,,,,True,True,UNKNOWN,False,False
2021000460,2021-06-06 13:30:00,広島東洋カープ,東北楽天ゴールデンイーグルス,4.0,6.0,UNKNOWN,MAZDA Zoom-Zoom スタジアム広島,unknown,low,False,False,2000121,1600122,[],[],,,,,0,light,2021-06-06T04:30:00+00:00,,UNKNOWN,,,,UNKNOWN,UNKNOWN,,UNKNOWN,,3.176470588235294,1.2352941176470587,9.529411764705882,0.0,0.0,1.0823529411764707,5.666666666666667,2.0,7.0,0.0,0.0,6.0,,,,6.75,2.0,2.25,4.5,0.0,4.2,4.0,3.0,6.0,0.0,2.0,1.0,,,,True,True,UNKNOWN,False,False
2021000455,2021-06-06 14:00:00,読売ジャイアンツ,北海道日本ハムファイターズ,2.0,4.0,UNKNOWN,東京ドーム,unknown,low,False,False,2000079,1200041,[],[],,,,,0,light,2021-06-06T05:00:00+00:00,,UNKNOWN,,,,UNKNOWN,UNKNOWN,,UNKNOWN,,1.2857142857142858,0.8571428571428571,9.0,5.142857142857143,0.0,2.9142857142857146,7.0,1.0,2.0,0.0,4.0,7.0,,,,3.6,0.6,10.8,0.0,1.8,3.4000000000000004,5.0,2.0,3.0,1.0,0.0,6.0,,,,True,True,UNKNOWN,False,False
2021000457,2021-06-06 14:00:00,横浜DeNAベイスターズ,千葉ロッテマリーンズ,4.0,3.0,UNKNOWN,横浜スタジアム,unknown,low,False,False,1800052,1500061,[],[],,,,,0,light,2021-06-06T05:00:00+00:00,,UNKNOWN,,,,UNKNOWN,UNKNOWN,,UNKNOWN,,4.764705882352941,1.4117647058823528,7.941176470588235,4.764705882352941,3.176470588235294,7.6117647058823525,5.666666666666667,3.0,5.0,2.0,3.0,5.0,,,,1.5,1.0,7.5,3.0,0.0,2.5333333333333337,6.0,1.0,4.0,0.0,2.0,5.0,,,,True,True,UNKNOWN,False,False
2021000458,2021-06-06 14:00:00,中日ドラゴンズ,オリックス・バファローズ,0.0,4.0,UNKNOWN,バンテリンドーム ナゴヤ,interleague,high,True,True,1000027,1200055,[],[],,,,,0,light,2021-06-06T05:00:00+00:00,,UNKNOWN,,,,UNKNOWN,UNKNOWN,,UNKNOWN,,0.0,0.8333333333333334,3.0,1.5,0.0,3.0333333333333337,6.0,0.0,4.0,0.0,1.0,2.0,,,,6.0,1.5,10.5,1.5,0.0,1.366666666666667,6.0,4.0,8.0,0.0,1.0,7.0,,,,True,True,UNKNOWN,False,False
2021000459,2021-06-06 14:00:00,阪神タイガース,福岡ソフトバンクホークス,3.0,8.0,UNKNOWN,阪神甲子園球場,excluded,high,False,False,20204,1900044,[],[],,,,,0,light,2021-06-06T05:00:00+00:00,,UNKNOWN,,,,UNKNOWN,UNKNOWN,,UNKNOWN,,0.0,0.5714285714285714,10.285714285714286,0.0,0.0,0.9142857142857146,7.0,0.0,4.0,0.0,0.0,8.0,,,,9.0,2.3333333333333335,3.0,9.0,0.0,5.533333333333333,3.0,3.0,4.0,0.0,3.0,1.0,,,,True,True,UNKNOWN,False,False
2021000463,2021-06-08 17:45:00,埼玉西武ライオンズ,横浜DeNAベイスターズ,8.0,3.0,UNKNOWN,メットライフドーム,interleague,high,True,True,1900125,1800080,[],[],,,,,0,light,2021-06-08T08:45:00+00:00,,UNKNOWN,,,,UNKNOWN,UNKNOWN,,UNKNOWN,,18.0,2.3333333333333335,3.0,6.0,6.0,13.2,3.0,6.0,5.0,2.0,2.0,1.0,,,,3.176470588235294,2.2941176470588234,1.588235294117647,3.176470588235294,0.0,3.905882352941177,5.666666666666667,2.0,11.0,0.0,2.0,1.0,,,,True,True,UNKNOWN,False,False
2021000464,2021-06-08 17:45:00,千葉ロッテマリーンズ,東京ヤクルトスワローズ,7.0,4.0,UNKNOWN,ZOZOマリンスタジアム,unknown,low,False,False,1900024,1300055,[],[],,,,,0,light,2021-06-08T08:45:00+00:00,,UNKNOWN,,,,UNKNOWN,UNKNOWN,,UNKNOWN,,10.8,2.6,5.4,1.8,3.6,7.8,5.0,6.0,12.0,2.0,1.0,3.0,,,,4.5,1.3333333333333333,7.5,3.0,3.0,6.866666666666667,6.0,3.0,6.0,2.0,2.0,5.0,,,,True,True,UNKNOWN,False,False
2021000466,2021-06-08 18:00:00,福岡ソフトバンクホークス,広島東洋カープ,1.0,1.0,UNKNOWN,福岡PayPayドーム,japan_series,high,False,True,1300057,1100115,[],[],,,,,0,light,2021-06-08T09:00:00+00:00,,UNKNOWN,,,,UNKNOWN,UNKNOWN,,UNKNOWN,,1.2857142857142858,0.7142857142857143,10.285714285714286,1.2857142857142858,1.2857142857142858,3.2,7.0,1.0,4.0,1.0,1.0,8.0,,,,1.2857142857142858,0.42857142857142855,12.857142857142858,0.0,1.2857142857142858,2.2,7.0,1.0,3.0,1.0,0.0,10.0,,,,True,True,UNKNOWN,False,False
2021000462,2021-06-08 18:00:00,東北楽天ゴールデンイーグルス,中日ドラゴンズ,5.0,2.0,UNKNOWN,楽天生命パーク宮城,interleague,high,True,True,1600106,700065,[],[],,,,,0,light,2021-06-08T09:00:00+00:00,,UNKNOWN,,,,UNKNOWN,UNKNOWN,,UNKNOWN,,7.105263157894737,1.736842105263158,7.105263157894737,4.2631578947368425,1.4210526315789473,5.094736842105263,6.333333333333333,5.0,8.0,1.0,3.0,5.0,,,,3.0,1.5,12.0,3.0,1.5,3.7,6.0,2.0,7.0,1.0,2.0,8.0,,,,True,True,UNKNOWN,False,False
2021000461,2021-06-08 18:00:00,北海道日本ハムファイターズ,阪神タイガース,2.0,3.0,UNKNOWN,札幌ドーム,unknown,low,False,False,900062,1100099,[],[],,,,,0,light,2021-06-08T09:00:00+00:00,,UNKNOWN,,,,UNKNOWN,UNKNOWN,,UNKNOWN,,3.176470588235294,1.588235294117647,6.352941176470588,3.176470588235294,0.0,2.847058823529412,5.666666666666667,2.0,7.0,0.0,2.0,4.0,,,,1.2857142857142858,0.7142857142857143,7.714285714285714,3.857142857142857,0.0,2.771428571428572,7.0,1.0,2.0,0.0,3.0,6.0,,,,True,True,UNKNOWN,False,False
2021000465,2021-06-08 18:00:00,オリックス・バファローズ,読売ジャイアンツ,3.0,3.0,UNKNOWN,京セラドーム大阪,interleague,high,True,True,1100038,1600150,[],[],,,,,0,light,2021-06-08T09:00:00+00:00,,UNKNOWN,,,,UNKNOWN,UNKNOWN,,UNKNOWN,,0.0,1.4,5.4,7.2,0.0,4.4,5.0,0.0,3.0,0.0,4.0,3.0,,,,2.5714285714285716,1.1428571428571428,15.428571428571429,1.2857142857142858,1.2857142857142858,2.0571428571428574,7.0,2.0,7.0,1.0,1.0,12.0,,,,True,True,UNKNOWN,False,False
2021000469,2021-06-09 17:45:00,埼玉西武ライオンズ,横浜DeNAベイスターズ,8.0,8.0,UNKNOWN,メットライフドーム,unknown,low,False,False,1700067,2100008,[],[],,,,,0,light,2021-06-09T08:45:00+00:00,,UNKNOWN,,,,UNKNOWN,UNKNOWN,,UNKNOWN,,9.0,2.0,11.25,6.75,0.0,2.95,4.0,4.0,5.0,0.0,3.0,5.0,,,,15.0,3.0,3.0,12.0,3.0,10.866666666666667,3.0,5.0,5.0,1.0,4.0,1.0,,,,True,True,UNKNOWN,False,False
2021000470,2021-06-09 17:45:00,千葉ロッテマリーンズ,東京ヤクルトスワローズ,3.0,5.0,UNKNOWN,ZOZOマリンスタジアム,unknown,low,False,False,1300029,1400190,[],[],,,,,0,light,2021-06-09T08:45:00+00:00,,UNKNOWN,,,,UNKNOWN,UNKNOWN,,UNKNOWN,,2.6999999999999997,1.65,4.05,1.3499999999999999,0.0,2.75,6.666666666666667,2.0,10.0,0.0,1.0,3.0,,,,6.352941176470588,2.1176470588235294,3.176470588235294,4.764705882352941,1.588235294117647,6.376470588235295,5.666666666666667,4.0,9.0,1.0,3.0,2.0,,,,True,True,UNKNOWN,False,False
2021000467,2021-06-09 18:00:00,北海道日本ハムファイターズ,阪神タイガース,3.0,10.0,UNKNOWN,札幌ドーム,interleague,high,True,True,900425,1500110,[],[],,,,,0,light,2021-06-09T09:00:00+00:00,,UNKNOWN,,,,UNKNOWN,UNKNOWN,,UNKNOWN,,4.764705882352941,1.7647058823529411,9.529411764705882,4.764705882352941,0.0,2.670588235294118,5.666666666666667,3.0,7.0,0.0,3.0,6.0,,,,12.461538461538462,1.8461538461538463,4.153846153846154,0.0,0.0,2.276923076923077,4.333333333333333,6.0,8.0,0.0,0.0,2.0,,,,True,True,UNKNOWN,False,False
2021000468,2021-06-09 18:00:00,東北楽天ゴールデンイーグルス,中日ドラゴンズ,3.0,7.0,UNKNOWN,楽天生命パーク宮城,unknown,low,False,False,1500074,1200117,[],[],,,,,0,light,2021-06-09T09:00:00+00:00,,UNKNOWN,,,,UNKNOWN,UNKNOWN,,UNKNOWN,,1.5,1.6666666666666667,7.5,7.5,0.0,4.033333333333333,6.0,1.0,5.0,0.0,5.0,5.0,,,,6.0,1.6666666666666667,6.0,1.5,1.5,4.533333333333333,6.0,4.0,9.0,1.0,1.0,4.0,,,,True,True,UNKNOWN,False,False
2021000471,2021-06-09 18:00:00,オリックス・バファローズ,読売ジャイアンツ,3.0,1.0,UNKNOWN,京セラドーム大阪,unknown,low,False,False,1900143,1900087,[],[],,,,,0,light,2021-06-09T09:00:00+00:00,,UNKNOWN,,,,UNKNOWN,UNKNOWN,,UNKNOWN,,4.05,1.7999999999999998,4.05,4.05,1.3499999999999999,5.6,6.666666666666667,3.0,9.0,1.0,3.0,3.0,,,,1.2857142857142858,0.2857142857142857,16.714285714285715,1.2857142857142858,1.2857142857142858,1.7714285714285716,7.0,1.0,1.0,1.0,1.0,13.0,,,,True,True,UNKNOWN,False,False
2021000475,2021-06-10 17:45:00,埼玉西武ライオンズ,横浜DeNAベイスターズ,5.0,3.0,UNKNOWN,メットライフドーム,unknown,low,False,False,1900031,400010,[],[],,,,,0,light,2021-06-10T08:45:00+00:00,,UNKNOWN,,,,UNKNOWN,UNKNOWN,,UNKNOWN,,13.5,3.75,6.75,13.5,3.375,11.075,2.6666666666666665,4.0,6.0,1.0,4.0,2.0,,,,5.4,1.4,5.4,1.8,1.8,5.2,5.0,3.0,6.0,1.0,1.0,3.0,,,,True,True,UNKNOWN,False,False
2021000472,2021-06-09 18:00:00,福岡ソフトバンクホークス,広島東洋カープ,8.0,4.0,UNKNOWN,福岡PayPayドーム,japan_series,high,False,True,1100081,1200106,[],[],,,,,0,light,2021-06-09T09:00:00+00:00,,UNKNOWN,,,,UNKNOWN,UNKNOWN,,UNKNOWN,,15.428571428571427,2.357142857142857,3.8571428571428568,7.7142857142857135,1.9285714285714284,7.7,4.666666666666667,8.0,7.0,1.0,4.0,2.0,,,,5.142857142857143,1.0,6.428571428571429,1.2857142857142858,1.2857142857142858,4.057142857142857,7.0,4.0,6.0,1.0,1.0,5.0,,,,True,True,UNKNOWN,False,False
2021000476,2021-06-10 17:45:00,千葉ロッテマリーンズ,東京ヤクルトスワローズ,2.0,1.0,UNKNOWN,ZOZOマリンスタジアム,unknown,low,False,False,2000139,1900080,[],[],,,,,0,light,2021-06-10T08:45:00+00:00,,UNKNOWN,,,,UNKNOWN,UNKNOWN,,UNKNOWN,,0.0,1.4,7.2,9.0,0.0,4.6,5.0,0.0,2.0,0.0,5.0,4.0,,,,1.5,1.0,7.5,3.0,1.5,4.7,6.0,1.0,4.0,1.0,2.0,5.0,,,,True,True,UNKNOWN,False,False
2021000473,2021-06-10 18:00:00,北海道日本ハムファイターズ,阪神タイガース,2.0,4.0,UNKNOWN,札幌ドーム,unknown,low,False,False,2000144,2000136,[],[],,,,,0,light,2021-06-10T09:00:00+00:00,,UNKNOWN,,,,UNKNOWN,UNKNOWN,,UNKNOWN,,0.0,0.6666666666666666,4.5,1.5,0.0,2.7,6.0,0.0,3.0,0.0,1.0,3.0,,,,1.9285714285714284,1.5,9.642857142857142,1.9285714285714284,0.0,1.7000000000000002,4.666666666666667,1.0,6.0,0.0,1.0,5.0,,,,True,True,UNKNOWN,False,False
2021000481,2021-06-11 17:45:00,埼玉西武ライオンズ,中日ドラゴンズ,5.0,6.0,UNKNOWN,メットライフドーム,unknown,low,False,False,1000138,1400182,[],[],,,,,0,light,2021-06-11T08:45:00+00:00,,UNKNOWN,,,,UNKNOWN,UNKNOWN,,UNKNOWN,,3.857142857142857,0.8571428571428571,6.428571428571429,1.2857142857142858,1.2857142857142858,4.057142857142857,7.0,3.0,5.0,1.0,1.0,5.0,,,,6.0,3.3333333333333335,0.0,6.0,0.0,5.2,3.0,2.0,8.0,0.0,2.0,0.0,,,,True,True,UNKNOWN,False,False
2021000477,2021-06-10 18:00:00,オリックス・バファローズ,読売ジャイアンツ,6.0,0.0,UNKNOWN,京セラドーム大阪,interleague,high,True,True,1800023,1400195,[],[],,,,,0,light,2021-06-10T09:00:00+00:00,,UNKNOWN,,,,UNKNOWN,UNKNOWN,,UNKNOWN,,7.714285714285714,1.5714285714285714,0.0,2.5714285714285716,1.2857142857142858,5.914285714285715,7.0,6.0,9.0,1.0,2.0,0.0,,,,0.0,0.8333333333333334,6.0,1.5,0.0,2.3666666666666667,6.0,0.0,4.0,0.0,1.0,4.0,,,,True,True,UNKNOWN,False,False
2021000474,2021-06-10 18:00:00,東北楽天ゴールデンイーグルス,中日ドラゴンズ,6.0,2.0,UNKNOWN,楽天生命パーク宮城,unknown,low,False,False,1800061,1900117,[],[],,,,,0,light,2021-06-10T09:00:00+00:00,,UNKNOWN,,,,UNKNOWN,UNKNOWN,,UNKNOWN,,9.0,2.25,4.5,2.25,2.25,6.2,4.0,4.0,8.0,1.0,1.0,2.0,,,,3.6,1.6,1.8,1.8,0.0,3.4000000000000004,5.0,2.0,7.0,0.0,1.0,1.0,,,,True,True,UNKNOWN,False,False
2021000478,2021-06-10 18:00:00,福岡ソフトバンクホークス,広島東洋カープ,1.0,1.0,UNKNOWN,福岡PayPayドーム,unknown,low,False,False,1900057,2100005,[],[],,,,,0,light,2021-06-10T09:00:00+00:00,,UNKNOWN,,,,UNKNOWN,UNKNOWN,,UNKNOWN,,0.0,0.6666666666666666,9.0,1.5,0.0,1.7000000000000002,6.0,0.0,3.0,0.0,1.0,6.0,,,,1.125,0.5,7.875,0.0,1.125,3.075,8.0,1.0,4.0,1.0,0.0,7.0,,,,True,True,UNKNOWN,False,False
2021000482,2021-06-11 17:45:00,千葉ロッテマリーンズ,読売ジャイアンツ,1.0,5.0,UNKNOWN,ZOZOマリンスタジアム,unknown,low,False,False,1700002,1900085,[],[],,,,,0,light,2021-06-11T08:45:00+00:00,,UNKNOWN,,,,UNKNOWN,UNKNOWN,,UNKNOWN,,1.2857142857142858,1.1428571428571428,7.714285714285714,1.2857142857142858,0.0,1.9142857142857144,7.0,1.0,7.0,0.0,1.0,6.0,,,,1.5,1.0,1.5,3.0,0.0,3.8666666666666667,6.0,1.0,4.0,0.0,2.0,1.0,,,,True,True,UNKNOWN,False,False
2021000479,2021-06-11 18:00:00,北海道日本ハムファイターズ,横浜DeNAベイスターズ,0.0,4.0,UNKNOWN,札幌ドーム,interleague,high,True,True,1600081,500027,[],[],,,,,0,light,2021-06-11T09:00:00+00:00,,UNKNOWN,,,,UNKNOWN,UNKNOWN,,UNKNOWN,,0.0,0.6666666666666666,7.0,2.0,0.0,2.3111111111111113,9.0,0.0,4.0,0.0,2.0,7.0,,,,7.7142857142857135,2.142857142857143,0.0,3.8571428571428568,1.9285714285714284,7.271428571428571,4.666666666666667,4.0,8.0,1.0,2.0,0.0,,,,True,True,UNKNOWN,False,False
2021000485,2021-06-12 14:00:00,北海道日本ハムファイターズ,横浜DeNAベイスターズ,4.0,3.0,UNKNOWN,札幌ドーム,unknown,low,False,False,1600084,1600093,[],[],,,,,0,light,2021-06-12T05:00:00+00:00,,UNKNOWN,,,,UNKNOWN,UNKNOWN,,UNKNOWN,,6.75,2.25,6.75,2.25,0.0,2.45,4.0,3.0,8.0,0.0,1.0,3.0,,,,1.588235294117647,1.4117647058823528,4.764705882352941,4.764705882352941,0.0,3.7294117647058824,5.666666666666667,1.0,5.0,0.0,3.0,3.0,,,,True,True,UNKNOWN,False,False
2021000483,2021-06-11 18:00:00,オリックス・バファローズ,広島東洋カープ,4.0,0.0,UNKNOWN,京セラドーム大阪,interleague,high,True,True,2000062,1600153,[],[],,,,,0,light,2021-06-11T09:00:00+00:00,,UNKNOWN,,,,UNKNOWN,UNKNOWN,,UNKNOWN,,0.0,0.4,9.0,3.6,0.0,2.4000000000000004,5.0,0.0,0.0,0.0,2.0,5.0,,,,0.0,0.25,16.875,0.0,0.0,-0.5499999999999998,8.0,0.0,2.0,0.0,0.0,15.0,,,,True,True,UNKNOWN,False,False
2021000487,2021-06-12 14:00:00,埼玉西武ライオンズ,中日ドラゴンズ,7.0,3.0,UNKNOWN,メットライフドーム,excluded,high,False,False,1900039,1600127,[],[],,,,,0,light,2021-06-12T05:00:00+00:00,,UNKNOWN,,,,UNKNOWN,UNKNOWN,,UNKNOWN,,9.0,1.75,4.5,0.0,0.0,2.2,4.0,4.0,7.0,0.0,0.0,2.0,,,,2.5714285714285716,1.7142857142857142,5.142857142857143,6.428571428571429,0.0,4.2,7.0,2.0,7.0,0.0,5.0,4.0,,,,True,True,UNKNOWN,False,False
2021000486,2021-06-12 14:00:00,東北楽天ゴールデンイーグルス,阪神タイガース,1.0,9.0,UNKNOWN,楽天生命パーク宮城,unknown,low,False,False,2000052,700069,[],[],,,,,0,light,2021-06-12T05:00:00+00:00,,UNKNOWN,,,,UNKNOWN,UNKNOWN,,UNKNOWN,,1.2857142857142858,0.7142857142857143,6.428571428571429,1.2857142857142858,1.2857142857142858,4.057142857142857,7.0,1.0,4.0,1.0,1.0,5.0,,,,3.857142857142857,1.0,6.428571428571429,2.5714285714285716,2.5714285714285716,6.342857142857143,7.0,3.0,5.0,2.0,2.0,5.0,,,,True,True,UNKNOWN,False,False
2021000484,2021-06-11 18:00:00,福岡ソフトバンクホークス,東京ヤクルトスワローズ,0.0,1.0,UNKNOWN,福岡PayPayドーム,unknown,low,False,False,12113,1300080,[],[],,,,,0,light,2021-06-11T09:00:00+00:00,,UNKNOWN,,,,UNKNOWN,UNKNOWN,,UNKNOWN,,0.0,1.0,9.0,0.0,0.0,1.2000000000000002,6.0,0.0,6.0,0.0,0.0,6.0,,,,1.125,0.875,5.625,1.125,1.125,3.95,8.0,1.0,6.0,1.0,1.0,5.0,,,,True,True,UNKNOWN,False,False
2021000480,2021-06-11 18:00:00,東北楽天ゴールデンイーグルス,阪神タイガース,2.0,3.0,UNKNOWN,楽天生命パーク宮城,interleague,high,True,True,1500090,500014,[],[],,,,,0,light,2021-06-11T09:00:00+00:00,,UNKNOWN,,,,UNKNOWN,UNKNOWN,,UNKNOWN,,1.125,0.75,5.625,1.125,1.125,3.95,8.0,1.0,5.0,1.0,1.0,5.0,,,,2.5714285714285716,1.1428571428571428,11.571428571428571,2.5714285714285716,1.2857142857142858,3.342857142857143,7.0,2.0,6.0,1.0,2.0,9.0,,,,True,True,UNKNOWN,False,False
2021000489,2021-06-12 14:00:00,オリックス・バファローズ,広島東洋カープ,3.0,2.0,UNKNOWN,京セラドーム大阪,unknown,low,False,False,1900052,1700109,[],[],,,,,0,light,2021-06-12T05:00:00+00:00,,UNKNOWN,,,,UNKNOWN,UNKNOWN,,UNKNOWN,,4.5,1.3333333333333333,4.5,3.0,0.0,3.2,6.0,3.0,6.0,0.0,2.0,3.0,,,,0.0,0.8,10.8,0.0,0.0,0.8000000000000003,5.0,0.0,4.0,0.0,0.0,6.0,,,,True,True,UNKNOWN,False,False
2021000493,2021-06-13 13:00:00,埼玉西武ライオンズ,中日ドラゴンズ,4.0,3.0,UNKNOWN,メットライフドーム,interleague,high,True,True,1200055,1800022,[],[],,,,,0,light,2021-06-13T04:00:00+00:00,,UNKNOWN,,,,UNKNOWN,UNKNOWN,,UNKNOWN,,4.695652173913043,0.7826086956521738,7.0434782608695645,1.1739130434782608,1.1739130434782608,3.721739130434783,7.666666666666667,4.0,5.0,1.0,1.0,6.0,,,,1.5,0.8333333333333334,1.5,0.0,0.0,2.8666666666666667,6.0,1.0,5.0,0.0,0.0,1.0,,,,True,True,UNKNOWN,False,False
2021000488,2021-06-12 14:00:00,千葉ロッテマリーンズ,読売ジャイアンツ,4.0,11.0,UNKNOWN,ZOZOマリンスタジアム,unknown,low,False,False,1800028,1000155,[],[],,,,,0,light,2021-06-12T05:00:00+00:00,,UNKNOWN,,,,UNKNOWN,UNKNOWN,,UNKNOWN,,2.5714285714285716,0.8571428571428571,6.428571428571429,1.2857142857142858,0.0,2.2,7.0,2.0,5.0,0.0,1.0,5.0,,,,45.0,5.0,4.5,0.0,13.5,21.7,2.0,10.0,10.0,3.0,0.0,1.0,,,,True,True,UNKNOWN,False,False
2021000492,2021-06-13 13:00:00,東北楽天ゴールデンイーグルス,阪神タイガース,5.0,6.0,UNKNOWN,楽天生命パーク宮城,unknown,low,False,False,1900147,2000121,[],[],,,,,0,light,2021-06-13T04:00:00+00:00,,UNKNOWN,,,,UNKNOWN,UNKNOWN,,UNKNOWN,,3.0,0.5,9.0,0.0,0.0,1.2000000000000002,6.0,2.0,3.0,0.0,0.0,6.0,,,,5.4,1.2,10.8,5.4,1.8,5.2,5.0,3.0,3.0,1.0,3.0,6.0,,,,True,True,UNKNOWN,False,False
2021000490,2021-06-12 14:00:00,福岡ソフトバンクホークス,東京ヤクルトスワローズ,2.0,4.0,UNKNOWN,福岡PayPayドーム,unknown,low,False,False,1200076,1800002,[],[],,,,,0,light,2021-06-12T05:00:00+00:00,,UNKNOWN,,,,UNKNOWN,UNKNOWN,,UNKNOWN,,2.5714285714285716,1.0,10.285714285714286,2.5714285714285716,1.2857142857142858,3.6285714285714286,7.0,2.0,5.0,1.0,2.0,8.0,,,,2.5714285714285716,1.1428571428571428,7.714285714285714,0.0,1.2857142857142858,3.342857142857143,7.0,2.0,8.0,1.0,0.0,6.0,,,,True,True,UNKNOWN,False,False
2021000495,2021-06-13 13:00:00,オリックス・バファローズ,広島東洋カープ,9.0,8.0,UNKNOWN,京セラドーム大阪,interleague,high,True,True,1600122,1000027,[],[],,,,,0,light,2021-06-13T04:00:00+00:00,,UNKNOWN,,,,UNKNOWN,UNKNOWN,,UNKNOWN,,30.857142857142854,3.0,15.428571428571427,3.8571428571428568,3.8571428571428568,6.628571428571428,2.3333333333333335,8.0,6.0,1.0,1.0,4.0,,,,3.0,1.1666666666666667,9.0,1.5,1.5,3.8666666666666667,6.0,2.0,6.0,1.0,1.0,6.0,,,,True,True,UNKNOWN,False,False
2021000491,2021-06-13 14:00:00,北海道日本ハムファイターズ,横浜DeNAベイスターズ,1.0,4.0,UNKNOWN,札幌ドーム,interleague,high,True,True,1500061,1900129,[],[],,,,,0,light,2021-06-13T05:00:00+00:00,,UNKNOWN,,,,UNKNOWN,UNKNOWN,,UNKNOWN,,1.2857142857142858,0.7142857142857143,7.714285714285714,1.2857142857142858,1.2857142857142858,3.7714285714285714,7.0,1.0,4.0,1.0,1.0,6.0,,,,5.4,1.8,9.0,0.0,0.0,1.2000000000000002,5.0,3.0,9.0,0.0,0.0,5.0,,,,True,True,UNKNOWN,False,False
2021000496,2021-06-13 13:00:00,福岡ソフトバンクホークス,東京ヤクルトスワローズ,4.0,6.0,UNKNOWN,福岡PayPayドーム,excluded,high,False,False,1500042,20204,[],[],,,,,0,light,2021-06-13T04:00:00+00:00,,UNKNOWN,,,,UNKNOWN,UNKNOWN,,UNKNOWN,,2.8421052631578947,0.7894736842105263,7.105263157894737,5.684210526315789,1.4210526315789473,5.56842105263158,6.333333333333333,2.0,1.0,1.0,4.0,5.0,,,,12.461538461538462,2.076923076923077,14.53846153846154,4.153846153846154,4.153846153846154,7.353846153846154,4.333333333333333,6.0,7.0,2.0,2.0,7.0,,,,True,True,UNKNOWN,False,False
2021000494,2021-06-13 14:00:00,千葉ロッテマリーンズ,読売ジャイアンツ,5.0,4.0,UNKNOWN,ZOZOマリンスタジアム,interleague,high,True,True,1200041,1800052,[],[],,,,,0,light,2021-06-13T05:00:00+00:00,,UNKNOWN,,,,UNKNOWN,UNKNOWN,,UNKNOWN,,13.5,2.25,3.375,6.75,3.375,9.575,2.6666666666666665,4.0,4.0,1.0,2.0,1.0,,,,5.3999999999999995,1.3499999999999999,8.1,6.75,0.0,3.6500000000000004,6.666666666666667,4.0,4.0,0.0,5.0,6.0,,,,True,True,UNKNOWN,False,False
2021000497,2021-06-18 17:30:00,東京ヤクルトスワローズ,中日ドラゴンズ,5.0,2.0,UNKNOWN,明治神宮野球場,unknown,low,False,False,1600106,12113,[],[],,,,,0,light,2021-06-18T08:30:00+00:00,,UNKNOWN,,,,UNKNOWN,UNKNOWN,,UNKNOWN,,8.4375,1.5,5.0625,1.6875,3.375,7.5125,5.333333333333333,5.0,7.0,2.0,1.0,3.0,,,,3.0,0.8333333333333334,6.0,0.0,3.0,6.2,6.0,2.0,5.0,2.0,0.0,4.0,,,,True,True,UNKNOWN,False,False
2021004655,2021-06-16 18:00:00,広島東洋カープ,北海道日本ハムファイターズ,1.0,8.0,UNKNOWN,MAZDA Zoom-Zoom スタジアム広島,interleague,high,True,True,2000079,1300058,[],[],,,,,0,light,2021-06-16T09:00:00+00:00,,UNKNOWN,,,,UNKNOWN,UNKNOWN,,UNKNOWN,,0.0,1.0,12.0,3.0,0.0,1.5333333333333334,6.0,0.0,4.0,0.0,2.0,8.0,,,,3.6,1.2,5.4,1.8,0.0,2.6,5.0,2.0,5.0,0.0,1.0,3.0,,,,True,True,UNKNOWN,False,False
2021004653,2021-06-14 18:00:00,広島東洋カープ,埼玉西武ライオンズ,2.0,3.0,UNKNOWN,MAZDA Zoom-Zoom スタジアム広島,excluded,high,False,False,1700125,1400174,[],[],,,,,0,light,2021-06-14T09:00:00+00:00,,UNKNOWN,,,,UNKNOWN,UNKNOWN,,UNKNOWN,,0.0,0.3333333333333333,3.0,3.0,0.0,3.5333333333333337,3.0,0.0,0.0,0.0,1.0,1.0,,,,3.8571428571428568,1.7142857142857142,3.8571428571428568,9.642857142857142,0.0,5.557142857142857,4.666666666666667,2.0,3.0,0.0,5.0,2.0,,,,True,True,UNKNOWN,False,False
2021004654,2021-06-15 18:00:00,広島東洋カープ,埼玉西武ライオンズ,5.0,3.0,UNKNOWN,MAZDA Zoom-Zoom スタジアム広島,unknown,low,False,False,1800080,1300057,[],[],,,,,0,light,2021-06-15T09:00:00+00:00,,UNKNOWN,,,,UNKNOWN,UNKNOWN,,UNKNOWN,,4.5,1.75,2.25,4.5,0.0,4.2,4.0,2.0,5.0,0.0,2.0,1.0,,,,3.857142857142857,1.1428571428571428,9.0,1.2857142857142858,2.5714285714285716,5.342857142857143,7.0,3.0,7.0,2.0,1.0,7.0,,,,True,True,UNKNOWN,False,False
2021000501,2021-06-18 17:45:00,埼玉西武ライオンズ,千葉ロッテマリーンズ,0.0,5.0,UNKNOWN,メットライフドーム,unknown,low,False,False,1400190,1400182,[],[],,,,,0,light,2021-06-18T08:45:00+00:00,,UNKNOWN,,,,UNKNOWN,UNKNOWN,,UNKNOWN,,0.0,0.6666666666666666,10.5,1.5,0.0,1.366666666666667,6.0,0.0,3.0,0.0,1.0,7.0,,,,3.0,1.0,7.5,6.0,0.0,3.5333333333333337,6.0,2.0,2.0,0.0,4.0,5.0,,,,True,True,UNKNOWN,False,False
2021000498,2021-06-18 17:45:00,横浜DeNAベイスターズ,広島東洋カープ,4.0,7.0,UNKNOWN,東京ドーム,interleague,high,True,True,1900057,1600081,[],[],,,,,0,light,2021-06-18T08:45:00+00:00,,UNKNOWN,,,,UNKNOWN,UNKNOWN,,UNKNOWN,,2.5714285714285716,1.1428571428571428,12.857142857142858,2.5714285714285716,1.2857142857142858,3.0571428571428574,7.0,2.0,6.0,1.0,2.0,10.0,,,,27.0,4.714285714285714,7.7142857142857135,19.285714285714285,0.0,7.914285714285715,2.3333333333333335,7.0,6.0,0.0,5.0,2.0,,,,True,True,UNKNOWN,False,False
2021000499,2021-06-18 18:00:00,阪神タイガース,読売ジャイアンツ,7.0,1.0,UNKNOWN,阪神甲子園球場,unknown,low,False,False,1700002,900062,[],[],,,,,0,light,2021-06-18T09:00:00+00:00,,UNKNOWN,,,,UNKNOWN,UNKNOWN,,UNKNOWN,,27.0,4.0,4.5,9.0,0.0,5.2,2.0,6.0,6.0,0.0,2.0,1.0,,,,1.2857142857142858,1.2857142857142858,6.428571428571429,5.142857142857143,0.0,3.4857142857142858,7.0,1.0,5.0,0.0,4.0,5.0,,,,True,True,UNKNOWN,False,False
2021000502,2021-06-18 18:00:00,福岡ソフトバンクホークス,北海道日本ハムファイターズ,1.0,2.0,UNKNOWN,福岡PayPayドーム,unknown,low,False,False,1100099,1300080,[],[],,,,,0,light,2021-06-18T09:00:00+00:00,,UNKNOWN,,,,UNKNOWN,UNKNOWN,,UNKNOWN,,1.0,0.7777777777777778,5.0,4.0,0.0,3.4222222222222225,9.0,1.0,3.0,0.0,4.0,5.0,,,,3.0,1.6666666666666667,3.0,6.0,3.0,8.866666666666667,6.0,2.0,6.0,2.0,4.0,2.0,,,,True,True,UNKNOWN,False,False
2021000500,2021-06-18 18:00:00,東北楽天ゴールデンイーグルス,オリックス・バファローズ,2.0,5.0,UNKNOWN,楽天生命パーク宮城,interleague,high,True,True,1600153,500014,[],[],,,,,0,light,2021-06-18T09:00:00+00:00,,UNKNOWN,,,,UNKNOWN,UNKNOWN,,UNKNOWN,,1.5,1.0,9.0,4.5,0.0,2.7,6.0,1.0,3.0,0.0,3.0,6.0,,,,11.25,2.0,2.25,4.5,4.5,10.7,4.0,5.0,6.0,2.0,2.0,1.0,,,,True,True,UNKNOWN,False,False
2021000503,2021-06-19 14:00:00,東京ヤクルトスワローズ,中日ドラゴンズ,3.0,7.0,UNKNOWN,明治神宮野球場,interleague,high,True,True,1500074,1200076,[],[],,,,,0,light,2021-06-19T05:00:00+00:00,,UNKNOWN,,,,UNKNOWN,UNKNOWN,,UNKNOWN,,5.4,2.0,7.2,3.6,1.8,5.4,5.0,3.0,8.0,1.0,2.0,4.0,,,,9.0,2.0,2.25,2.25,0.0,3.45,4.0,4.0,7.0,0.0,1.0,1.0,,,,True,True,UNKNOWN,False,False
2021000505,2021-06-19 14:00:00,阪神タイガース,読売ジャイアンツ,2.0,6.0,UNKNOWN,阪神甲子園球場,unknown,low,False,False,1800028,2000052,[],[],,,,,0,light,2021-06-19T05:00:00+00:00,,UNKNOWN,,,,UNKNOWN,UNKNOWN,,UNKNOWN,,2.5714285714285716,1.0,11.571428571428571,1.2857142857142858,1.2857142857142858,2.9142857142857146,7.0,2.0,6.0,1.0,1.0,9.0,,,,3.857142857142857,1.0,2.5714285714285716,1.2857142857142858,2.5714285714285716,6.771428571428572,7.0,3.0,6.0,2.0,1.0,2.0,,,,True,True,UNKNOWN,False,False
2021000509,2021-06-20 13:00:00,東京ヤクルトスワローズ,中日ドラゴンズ,2.0,1.0,UNKNOWN,明治神宮野球場,unknown,low,False,False,1800061,1900024,[],[],,,,,0,light,2021-06-20T04:00:00+00:00,,UNKNOWN,,,,UNKNOWN,UNKNOWN,,UNKNOWN,,2.5714285714285716,0.8571428571428571,2.5714285714285716,5.142857142857143,1.2857142857142858,6.2,7.0,2.0,2.0,1.0,4.0,2.0,,,,0.0,0.8571428571428571,5.142857142857143,2.5714285714285716,0.0,2.9142857142857146,7.0,0.0,4.0,0.0,2.0,4.0,,,,True,True,UNKNOWN,False,False
2021000512,2021-06-20 13:00:00,東北楽天ゴールデンイーグルス,オリックス・バファローズ,0.0,3.0,UNKNOWN,楽天生命パーク宮城,unknown,low,False,False,1900087,2000121,[],[],,,,,0,light,2021-06-20T04:00:00+00:00,,UNKNOWN,,,,UNKNOWN,UNKNOWN,,UNKNOWN,,0.0,0.75,4.5,1.125,0.0,2.575,8.0,0.0,5.0,0.0,1.0,4.0,,,,4.5,1.6666666666666667,3.0,3.0,0.0,3.5333333333333337,6.0,3.0,8.0,0.0,2.0,2.0,,,,True,True,UNKNOWN,False,False
2021000507,2021-06-19 14:00:00,埼玉西武ライオンズ,千葉ロッテマリーンズ,7.0,2.0,UNKNOWN,メットライフドーム,unknown,low,False,False,1800054,1600127,[],[],,,,,0,light,2021-06-19T05:00:00+00:00,,UNKNOWN,,,,UNKNOWN,UNKNOWN,,UNKNOWN,,4.5,2.0,6.75,2.25,2.25,5.7,4.0,2.0,7.0,1.0,1.0,3.0,,,,2.5714285714285716,1.1428571428571428,2.5714285714285716,5.142857142857143,0.0,4.342857142857143,7.0,2.0,4.0,0.0,4.0,2.0,,,,True,True,UNKNOWN,False,False
2021000513,2021-06-20 13:00:00,埼玉西武ライオンズ,千葉ロッテマリーンズ,3.0,3.0,UNKNOWN,メットライフドーム,unknown,low,False,False,1800052,1800022,[],[],,,,,0,light,2021-06-20T04:00:00+00:00,,UNKNOWN,,,,UNKNOWN,UNKNOWN,,UNKNOWN,,3.0,1.1666666666666667,1.5,3.0,1.5,6.033333333333333,6.0,2.0,5.0,1.0,2.0,1.0,,,,3.176470588235294,1.0588235294117647,3.176470588235294,3.176470588235294,0.0,3.5529411764705885,5.666666666666667,2.0,4.0,0.0,2.0,2.0,,,,True,True,UNKNOWN,False,False
2021000504,2021-06-19 14:00:00,横浜DeNAベイスターズ,広島東洋カープ,11.0,12.0,UNKNOWN,東京ドーム,unknown,low,False,False,1900052,1900125,[],[],,,,,0,light,2021-06-19T05:00:00+00:00,,UNKNOWN,,,,UNKNOWN,UNKNOWN,,UNKNOWN,,3.857142857142857,1.0,10.285714285714286,0.0,2.5714285714285716,4.628571428571429,7.0,3.0,7.0,2.0,0.0,8.0,,,,22.5,4.0,4.5,4.5,0.0,3.7,2.0,5.0,7.0,0.0,1.0,1.0,,,,True,True,UNKNOWN,False,False
2021000508,2021-06-19 14:00:00,福岡ソフトバンクホークス,北海道日本ハムファイターズ,5.0,5.0,UNKNOWN,福岡PayPayドーム,unknown,low,False,False,1900071,1800002,[],[],,,,,0,light,2021-06-19T05:00:00+00:00,,UNKNOWN,,,,UNKNOWN,UNKNOWN,,UNKNOWN,,7.7142857142857135,1.7142857142857142,11.571428571428571,7.7142857142857135,1.9285714285714284,5.985714285714286,4.666666666666667,4.0,4.0,1.0,4.0,6.0,,,,0.0,1.5,9.0,7.5,0.0,3.7,6.0,0.0,4.0,0.0,5.0,6.0,,,,True,True,UNKNOWN,False,False
2021000514,2021-06-20 13:00:00,福岡ソフトバンクホークス,北海道日本ハムファイターズ,1.0,1.0,UNKNOWN,福岡PayPayドーム,unknown,low,False,False,1500110,20204,[],[],,,,,0,light,2021-06-20T04:00:00+00:00,,UNKNOWN,,,,UNKNOWN,UNKNOWN,,UNKNOWN,,1.125,0.375,5.625,1.125,1.125,3.95,8.0,1.0,2.0,1.0,1.0,5.0,,,,1.6875,1.6875,5.0625,5.0625,1.6875,6.2,5.333333333333333,1.0,6.0,1.0,3.0,3.0,,,,True,True,UNKNOWN,False,False
2021000511,2021-06-20 14:00:00,阪神タイガース,読売ジャイアンツ,1.0,2.0,UNKNOWN,阪神甲子園球場,unknown,low,False,False,1800023,900425,[],[],,,,,0,light,2021-06-20T05:00:00+00:00,,UNKNOWN,,,,UNKNOWN,UNKNOWN,,UNKNOWN,,0.0,1.2,1.8,3.6,0.0,4.0,5.0,0.0,4.0,0.0,2.0,1.0,,,,3.0,0.8333333333333334,9.0,1.5,1.5,3.8666666666666667,6.0,2.0,4.0,1.0,1.0,6.0,,,,True,True,UNKNOWN,False,False
2021000510,2021-06-20 14:00:00,横浜DeNAベイスターズ,広島東洋カープ,10.0,8.0,UNKNOWN,東京ドーム,unknown,low,False,False,2000062,1900031,[],[],,,,,0,light,2021-06-20T05:00:00+00:00,,UNKNOWN,,,,UNKNOWN,UNKNOWN,,UNKNOWN,,19.636363636363637,2.4545454545454546,2.4545454545454546,7.363636363636364,2.4545454545454546,8.654545454545456,3.6666666666666665,8.0,6.0,1.0,3.0,1.0,,,,7.7142857142857135,2.142857142857143,5.785714285714286,5.785714285714286,1.9285714285714284,6.628571428571428,4.666666666666667,4.0,7.0,1.0,3.0,3.0,,,,True,True,UNKNOWN,False,False
2021004844,2021-06-21 18:00:00,東北楽天ゴールデンイーグルス,オリックス・バファローズ,3.0,4.0,UNKNOWN,楽天生命パーク宮城,unknown,low,False,False,1500088,1900117,[],[],,,,,0,light,2021-06-21T09:00:00+00:00,,UNKNOWN,,,,UNKNOWN,UNKNOWN,,UNKNOWN,,3.0,1.6666666666666667,3.0,3.0,0.0,3.5333333333333337,3.0,1.0,4.0,0.0,1.0,1.0,,,,6.0,2.6666666666666665,3.0,3.0,3.0,7.866666666666667,3.0,2.0,7.0,1.0,1.0,1.0,,,,True,True,UNKNOWN,False,False
2021000516,2021-06-22 17:45:00,中日ドラゴンズ,阪神タイガース,1.0,2.0,UNKNOWN,バンテリンドーム ナゴヤ,unknown,low,False,False,1500090,1000138,[],[],,,,,0,light,2021-06-22T08:45:00+00:00,,UNKNOWN,,,,UNKNOWN,UNKNOWN,,UNKNOWN,,0.0,0.7142857142857143,3.857142857142857,1.2857142857142858,0.0,2.771428571428572,7.0,0.0,4.0,0.0,1.0,3.0,,,,2.25,0.875,5.625,2.25,0.0,2.7,8.0,2.0,5.0,0.0,2.0,5.0,,,,True,True,UNKNOWN,False,False
2021000518,2021-06-22 17:45:00,埼玉西武ライオンズ,東北楽天ゴールデンイーグルス,2.0,0.0,UNKNOWN,メットライフドーム,unknown,low,False,False,700065,1800080,[],[],,,,,0,light,2021-06-22T08:45:00+00:00,,UNKNOWN,,,,UNKNOWN,UNKNOWN,,UNKNOWN,,3.0,1.3333333333333333,9.0,3.0,1.5,4.366666666666667,6.0,2.0,6.0,1.0,2.0,6.0,,,,0.0,0.875,10.125,4.5,0.0,2.45,8.0,0.0,3.0,0.0,4.0,9.0,,,,True,True,UNKNOWN,False,False
2021000515,2021-06-22 18:00:00,読売ジャイアンツ,横浜DeNAベイスターズ,6.0,1.0,UNKNOWN,石川県立野球場,unknown,low,False,False,1700067,1900143,[],[],,,,,0,light,2021-06-22T09:00:00+00:00,,UNKNOWN,,,,UNKNOWN,UNKNOWN,,UNKNOWN,,13.5,1.75,9.0,4.5,4.5,9.2,4.0,6.0,5.0,2.0,2.0,4.0,,,,1.5,1.0,9.0,0.0,0.0,1.2000000000000002,6.0,1.0,6.0,0.0,0.0,6.0,,,,True,True,UNKNOWN,False,False
2021000517,2021-06-22 18:00:00,広島東洋カープ,東京ヤクルトスワローズ,1.0,6.0,UNKNOWN,MAZDA Zoom-Zoom スタジアム広島,unknown,low,False,False,1300029,1300057,[],[],,,,,0,light,2021-06-22T09:00:00+00:00,,UNKNOWN,,,,UNKNOWN,UNKNOWN,,UNKNOWN,,1.2857142857142858,1.2857142857142858,5.142857142857143,0.0,0.0,2.0571428571428574,7.0,1.0,9.0,0.0,0.0,4.0,,,,4.5,1.8333333333333333,1.5,7.5,0.0,5.366666666666667,6.0,3.0,6.0,0.0,5.0,1.0,,,,True,True,UNKNOWN,False,False
2021000519,2021-06-22 17:45:00,千葉ロッテマリーンズ,福岡ソフトバンクホークス,4.0,6.0,UNKNOWN,ZOZOマリンスタジアム,unknown,low,False,False,2100005,1300055,[],[],,,,,0,light,2021-06-22T08:45:00+00:00,,UNKNOWN,,,,UNKNOWN,UNKNOWN,,UNKNOWN,,1.5,1.1666666666666667,9.0,7.5,0.0,3.7,6.0,1.0,2.0,0.0,5.0,6.0,,,,6.428571428571429,1.5714285714285714,10.285714285714286,0.0,1.2857142857142858,2.771428571428572,7.0,5.0,11.0,1.0,0.0,8.0,,,,True,True,UNKNOWN,False,False
2021000522,2021-06-23 17:45:00,中日ドラゴンズ,阪神タイガース,6.0,2.0,UNKNOWN,バンテリンドーム ナゴヤ,unknown,low,False,False,2000144,1200055,[],[],,,,,0,light,2021-06-23T08:45:00+00:00,,UNKNOWN,,,,UNKNOWN,UNKNOWN,,UNKNOWN,,1.5,1.1666666666666667,9.0,1.5,1.5,3.8666666666666667,6.0,1.0,6.0,1.0,1.0,6.0,,,,2.5714285714285716,1.7142857142857142,5.142857142857143,0.0,1.2857142857142858,3.9142857142857146,7.0,2.0,12.0,1.0,0.0,4.0,,,,True,True,UNKNOWN,False,False
2021000524,2021-06-23 17:45:00,埼玉西武ライオンズ,東北楽天ゴールデンイーグルス,4.0,6.0,UNKNOWN,メットライフドーム,unknown,low,False,False,700069,2000068,[],[],,,,,0,light,2021-06-23T08:45:00+00:00,,UNKNOWN,,,,UNKNOWN,UNKNOWN,,UNKNOWN,,6.0,1.5,10.5,1.5,0.0,1.366666666666667,6.0,4.0,8.0,0.0,1.0,7.0,,,,6.75,2.5,4.5,4.5,0.0,3.7,4.0,3.0,8.0,0.0,2.0,2.0,,,,True,True,UNKNOWN,False,False
2021000525,2021-06-23 17:45:00,千葉ロッテマリーンズ,福岡ソフトバンクホークス,1.0,1.0,UNKNOWN,ZOZOマリンスタジアム,interleague,high,True,True,1200106,2000087,[],[],,,,,0,light,2021-06-23T08:45:00+00:00,,UNKNOWN,,,,UNKNOWN,UNKNOWN,,UNKNOWN,,1.5,1.1666666666666667,4.5,3.0,0.0,3.2,6.0,1.0,5.0,0.0,2.0,3.0,,,,1.5,0.6666666666666666,9.0,1.5,1.5,3.8666666666666667,6.0,1.0,3.0,1.0,1.0,6.0,,,,True,True,UNKNOWN,False,False
2021000520,2021-06-22 18:00:00,オリックス・バファローズ,北海道日本ハムファイターズ,5.0,2.0,UNKNOWN,京セラドーム大阪,unknown,low,False,False,1900129,1600150,[],[],,,,,0,light,2021-06-22T09:00:00+00:00,,UNKNOWN,,,,UNKNOWN,UNKNOWN,,UNKNOWN,,3.375,1.125,6.75,5.0625,1.6875,5.825,5.333333333333333,2.0,3.0,1.0,3.0,4.0,,,,27.0,12.0,0.0,81.0,0.0,30.2,0.3333333333333333,1.0,1.0,0.0,3.0,0.0,,,,True,True,UNKNOWN,False,False
2021000523,2021-06-23 18:00:00,広島東洋カープ,東京ヤクルトスワローズ,5.0,8.0,UNKNOWN,MAZDA Zoom-Zoom スタジアム広島,unknown,low,False,False,2000139,1300058,[],[],,,,,0,light,2021-06-23T09:00:00+00:00,,UNKNOWN,,,,UNKNOWN,UNKNOWN,,UNKNOWN,,9.818181818181818,2.4545454545454546,7.363636363636364,4.909090909090909,0.0,3.2,3.6666666666666665,4.0,7.0,0.0,2.0,3.0,,,,11.25,2.75,13.5,2.25,2.25,4.2,4.0,5.0,10.0,1.0,1.0,6.0,,,,True,True,UNKNOWN,False,False
2021000526,2021-06-23 18:00:00,オリックス・バファローズ,北海道日本ハムファイターズ,3.0,1.0,UNKNOWN,京セラドーム大阪,unknown,low,False,False,1600093,1700109,[],[],,,,,0,light,2021-06-23T09:00:00+00:00,,UNKNOWN,,,,UNKNOWN,UNKNOWN,,UNKNOWN,,5.0625,1.3125,5.0625,3.375,5.0625,10.5125,5.333333333333333,3.0,5.0,3.0,2.0,3.0,,,,1.588235294117647,1.2352941176470587,12.705882352941176,1.588235294117647,0.0,0.9058823529411768,5.666666666666667,1.0,6.0,0.0,1.0,8.0,,,,True,True,UNKNOWN,False,False
2021000529,2021-06-24 17:45:00,千葉ロッテマリーンズ,福岡ソフトバンクホークス,2.0,7.0,UNKNOWN,ZOZOマリンスタジアム,unknown,low,False,False,1100115,1900080,[],[],,,,,0,light,2021-06-24T08:45:00+00:00,,UNKNOWN,,,,UNKNOWN,UNKNOWN,,UNKNOWN,,2.6999999999999997,1.2,8.1,4.05,0.0,2.75,6.666666666666667,2.0,5.0,0.0,3.0,6.0,,,,5.0625,1.125,10.125,1.6875,1.6875,3.95,5.333333333333333,3.0,5.0,1.0,1.0,6.0,,,,True,True,UNKNOWN,False,False
2021000521,2021-06-23 18:00:00,読売ジャイアンツ,横浜DeNAベイスターズ,4.0,2.0,UNKNOWN,富山市民球場アルペンスタジアム,unknown,low,False,False,1500061,600008,[],[],,,,,0,light,2021-06-23T09:00:00+00:00,,UNKNOWN,,,,UNKNOWN,UNKNOWN,,UNKNOWN,,6.0,1.3333333333333333,9.0,4.5,3.0,7.033333333333333,6.0,4.0,5.0,2.0,3.0,6.0,,,,1.588235294117647,1.2352941176470587,7.941176470588235,3.176470588235294,1.588235294117647,4.788235294117647,5.666666666666667,1.0,5.0,1.0,2.0,5.0,,,,True,True,UNKNOWN,False,False
2021000527,2021-06-24 17:45:00,中日ドラゴンズ,阪神タイガース,0.0,6.0,UNKNOWN,バンテリンドーム ナゴヤ,unknown,low,False,False,1900147,1900039,[],[],,,,,0,light,2021-06-24T08:45:00+00:00,,UNKNOWN,,,,UNKNOWN,UNKNOWN,,UNKNOWN,,0.0,0.8571428571428571,6.428571428571429,0.0,0.0,1.7714285714285716,7.0,0.0,6.0,0.0,0.0,5.0,,,,9.0,2.0,2.25,4.5,0.0,4.2,4.0,4.0,6.0,0.0,2.0,1.0,,,,True,True,UNKNOWN,False,False
2021000528,2021-06-24 18:00:00,広島東洋カープ,東京ヤクルトスワローズ,1.0,4.0,UNKNOWN,MAZDA Zoom-Zoom スタジアム広島,unknown,low,False,False,1500042,1600122,[],[],,,,,0,light,2021-06-24T09:00:00+00:00,,UNKNOWN,,,,UNKNOWN,UNKNOWN,,UNKNOWN,,1.3499999999999999,0.8999999999999999,2.6999999999999997,2.6999999999999997,0.0,3.5,6.666666666666667,1.0,4.0,0.0,2.0,2.0,,,,4.5,1.6666666666666667,3.0,1.5,1.5,5.2,6.0,3.0,9.0,1.0,1.0,2.0,,,,True,True,UNKNOWN,False,False
2021000531,2021-06-25 17:30:00,東京ヤクルトスワローズ,読売ジャイアンツ,1.0,7.0,UNKNOWN,明治神宮野球場,unknown,low,False,False,1700002,12113,[],[],,,,,0,light,2021-06-25T08:30:00+00:00,,UNKNOWN,,,,UNKNOWN,UNKNOWN,,UNKNOWN,,1.2857142857142858,0.8571428571428571,7.714285714285714,0.0,0.0,1.485714285714286,7.0,1.0,6.0,0.0,0.0,6.0,,,,9.642857142857142,1.5,7.7142857142857135,3.8571428571428568,3.8571428571428568,8.342857142857142,4.666666666666667,5.0,5.0,2.0,2.0,4.0,,,,True,True,UNKNOWN,False,False
2021000532,2021-06-25 18:00:00,阪神タイガース,横浜DeNAベイスターズ,0.0,3.0,UNKNOWN,阪神甲子園球場,unknown,low,False,False,1600081,900062,[],[],,,,,0,light,2021-06-25T09:00:00+00:00,,UNKNOWN,,,,UNKNOWN,UNKNOWN,,UNKNOWN,,0.0,0.6,3.6,1.8,0.0,3.0,5.0,0.0,2.0,0.0,1.0,2.0,,,,1.125,1.125,4.5,2.25,1.125,4.575,8.0,1.0,7.0,1.0,2.0,4.0,,,,True,True,UNKNOWN,False,False
2021000530,2021-06-24 18:00:00,オリックス・バファローズ,北海道日本ハムファイターズ,2.0,5.0,UNKNOWN,京セラドーム大阪,interleague,high,True,True,2000079,1000027,[],[],,,,,0,light,2021-06-24T09:00:00+00:00,,UNKNOWN,,,,UNKNOWN,UNKNOWN,,UNKNOWN,,3.0,1.5,4.5,4.5,0.0,3.7,6.0,2.0,6.0,0.0,3.0,3.0,,,,9.0,2.0,5.4,3.6,1.8,5.800000000000001,5.0,5.0,8.0,1.0,2.0,3.0,,,,True,True,UNKNOWN,False,False
2021000533,2021-06-25 18:00:00,広島東洋カープ,中日ドラゴンズ,3.0,6.0,UNKNOWN,MAZDA Zoom-Zoom スタジアム広島,unknown,low,False,False,1600106,1900057,[],[],,,,,0,light,2021-06-25T09:00:00+00:00,,UNKNOWN,,,,UNKNOWN,UNKNOWN,,UNKNOWN,,2.5714285714285716,1.2857142857142858,6.428571428571429,3.857142857142857,1.2857142857142858,4.914285714285715,7.0,2.0,6.0,1.0,3.0,5.0,,,,5.4,1.4,3.6,3.6,0.0,3.6,5.0,3.0,5.0,0.0,2.0,2.0,,,,True,True,UNKNOWN,False,False
2021000535,2021-06-25 18:00:00,オリックス・バファローズ,埼玉西武ライオンズ,1.0,3.0,UNKNOWN,京セラドーム大阪,unknown,low,False,False,1400182,1600153,[],[],,,,,0,light,2021-06-25T09:00:00+00:00,,UNKNOWN,,,,UNKNOWN,UNKNOWN,,UNKNOWN,,1.125,0.875,6.75,3.375,1.125,4.45,8.0,1.0,4.0,1.0,3.0,6.0,,,,0.0,0.8571428571428571,11.571428571428571,2.5714285714285716,0.0,1.485714285714286,7.0,0.0,4.0,0.0,2.0,9.0,,,,True,True,UNKNOWN,False,False
2021000534,2021-06-25 18:00:00,東北楽天ゴールデンイーグルス,福岡ソフトバンクホークス,5.0,1.0,UNKNOWN,楽天生命パーク宮城,unknown,low,False,False,1300080,1200117,[],[],,,,,0,light,2021-06-25T09:00:00+00:00,,UNKNOWN,,,,UNKNOWN,UNKNOWN,,UNKNOWN,,7.2,2.4,10.8,7.2,1.8,5.800000000000001,5.0,4.0,8.0,1.0,4.0,6.0,,,,1.0,0.5555555555555556,10.0,0.0,1.0,2.4222222222222225,9.0,1.0,5.0,1.0,0.0,10.0,,,,True,True,UNKNOWN,False,False
2021000537,2021-06-26 14:00:00,阪神タイガース,横浜DeNAベイスターズ,1.0,3.0,UNKNOWN,阪神甲子園球場,excluded,high,False,False,1700060,2000052,[],[],,,,,0,light,2021-06-26T05:00:00+00:00,,UNKNOWN,,,,UNKNOWN,UNKNOWN,,UNKNOWN,,1.5,0.8333333333333334,6.0,1.5,0.0,2.3666666666666667,6.0,1.0,4.0,0.0,1.0,4.0,,,,0.0,1.8,7.2,5.4,0.0,3.4000000000000004,5.0,0.0,6.0,0.0,3.0,4.0,,,,True,True,UNKNOWN,False,False
2021000536,2021-06-26 14:00:00,東京ヤクルトスワローズ,読売ジャイアンツ,3.0,10.0,UNKNOWN,明治神宮野球場,unknown,low,False,False,1800028,1200076,[],[],,,,,0,light,2021-06-26T05:00:00+00:00,,UNKNOWN,,,,UNKNOWN,UNKNOWN,,UNKNOWN,,2.6999999999999997,1.2,5.3999999999999995,1.3499999999999999,0.0,2.45,6.666666666666667,2.0,7.0,0.0,1.0,4.0,,,,23.142857142857142,3.8571428571428568,11.571428571428571,7.7142857142857135,3.8571428571428568,8.771428571428572,2.3333333333333335,6.0,7.0,1.0,2.0,3.0,,,,True,True,UNKNOWN,False,False
2021000538,2021-06-26 14:00:00,広島東洋カープ,中日ドラゴンズ,11.0,5.0,UNKNOWN,MAZDA Zoom-Zoom スタジアム広島,unknown,low,False,False,1500074,2000062,[],[],,,,,0,light,2021-06-26T05:00:00+00:00,,UNKNOWN,,,,UNKNOWN,UNKNOWN,,UNKNOWN,,11.25,2.25,6.75,0.0,0.0,1.7000000000000002,4.0,5.0,9.0,0.0,0.0,3.0,,,,7.941176470588235,1.7647058823529411,3.176470588235294,3.176470588235294,0.0,3.5529411764705885,5.666666666666667,5.0,8.0,0.0,2.0,2.0,,,,True,True,UNKNOWN,False,False
2021000540,2021-06-26 14:00:00,東北楽天ゴールデンイーグルス,福岡ソフトバンクホークス,3.0,2.0,UNKNOWN,楽天生命パーク宮城,excluded,high,False,False,1800002,2000122,[],[],,,,,0,light,2021-06-26T05:00:00+00:00,,UNKNOWN,,,,UNKNOWN,UNKNOWN,,UNKNOWN,,4.5,1.3333333333333333,9.0,4.5,0.0,2.7,6.0,3.0,5.0,0.0,3.0,6.0,,,,0.0,3.0,0.0,13.5,0.0,7.7,0.6666666666666666,0.0,1.0,0.0,1.0,0.0,,,,True,True,UNKNOWN,False,False
2021000541,2021-06-26 14:00:00,オリックス・バファローズ,埼玉西武ライオンズ,3.0,3.0,UNKNOWN,京セラドーム大阪,unknown,low,False,False,1600127,1400195,[],[],,,,,0,light,2021-06-26T05:00:00+00:00,,UNKNOWN,,,,UNKNOWN,UNKNOWN,,UNKNOWN,,1.5,1.5,9.0,7.5,0.0,3.7,6.0,1.0,4.0,0.0,5.0,6.0,,,,5.0625,1.5,3.375,1.6875,1.6875,5.45,5.333333333333333,3.0,7.0,1.0,1.0,2.0,,,,True,True,UNKNOWN,False,False
2021000539,2021-06-26 18:00:00,北海道日本ハムファイターズ,千葉ロッテマリーンズ,1.0,3.0,UNKNOWN,草薙総合運動場野球場,unknown,low,False,False,1400190,1100099,[],[],,,,,0,light,2021-06-26T09:00:00+00:00,,UNKNOWN,,,,UNKNOWN,UNKNOWN,,UNKNOWN,,1.5,1.0,7.5,3.0,0.0,2.5333333333333337,6.0,1.0,4.0,0.0,2.0,5.0,,,,4.5,1.6666666666666667,6.0,1.5,0.0,2.3666666666666667,6.0,3.0,9.0,0.0,1.0,4.0,,,,True,True,UNKNOWN,False,False
2021000544,2021-06-27 13:30:00,広島東洋カープ,中日ドラゴンズ,1.0,1.0,UNKNOWN,MAZDA Zoom-Zoom スタジアム広島,unknown,low,False,False,1800061,1900052,[],[],,,,,0,light,2021-06-27T04:30:00+00:00,,UNKNOWN,,,,UNKNOWN,UNKNOWN,,UNKNOWN,,1.5,1.3333333333333333,6.0,3.0,0.0,2.8666666666666667,6.0,1.0,6.0,0.0,2.0,4.0,,,,1.125,1.125,4.5,1.125,0.0,2.575,8.0,1.0,8.0,0.0,1.0,4.0,,,,True,True,UNKNOWN,False,False
2021000546,2021-06-27 13:00:00,東北楽天ゴールデンイーグルス,福岡ソフトバンクホークス,3.0,2.0,UNKNOWN,楽天生命パーク宮城,unknown,low,False,False,20204,1900117,[],[],,,,,0,light,2021-06-27T04:00:00+00:00,,UNKNOWN,,,,UNKNOWN,UNKNOWN,,UNKNOWN,,5.4,2.0,3.6,1.8,1.8,5.6,5.0,3.0,9.0,1.0,1.0,2.0,,,,3.176470588235294,0.8823529411764706,4.764705882352941,1.588235294117647,0.0,2.670588235294118,5.666666666666667,2.0,4.0,0.0,1.0,3.0,,,,True,True,UNKNOWN,False,False
2021000542,2021-06-27 13:00:00,東京ヤクルトスワローズ,読売ジャイアンツ,2.0,5.0,UNKNOWN,明治神宮野球場,excluded,high,False,False,1800023,1800143,[],[],,,,,0,light,2021-06-27T04:00:00+00:00,,UNKNOWN,,,,UNKNOWN,UNKNOWN,,UNKNOWN,,3.0,1.1666666666666667,4.5,1.5,3.0,7.033333333333333,6.0,2.0,6.0,2.0,1.0,3.0,,,,6.352941176470588,1.2352941176470587,9.529411764705882,1.588235294117647,3.176470588235294,6.2,5.666666666666667,4.0,6.0,2.0,1.0,6.0,,,,True,True,UNKNOWN,False,False
2021000547,2021-06-27 13:00:00,オリックス・バファローズ,埼玉西武ライオンズ,10.0,0.0,UNKNOWN,京セラドーム大阪,unknown,low,False,False,1800022,1900087,[],[],,,,,0,light,2021-06-27T04:00:00+00:00,,UNKNOWN,,,,UNKNOWN,UNKNOWN,,UNKNOWN,,9.0,2.2,5.4,1.8,1.8,5.2,5.0,5.0,10.0,1.0,1.0,3.0,,,,0.0,1.0,10.8,3.6,0.0,2.0,5.0,0.0,3.0,0.0,2.0,6.0,,,,True,True,UNKNOWN,False,False
2021000543,2021-06-27 14:00:00,阪神タイガース,横浜DeNAベイスターズ,3.0,8.0,UNKNOWN,阪神甲子園球場,excluded,high,False,False,1800045,900425,[],[],,,,,0,light,2021-06-27T05:00:00+00:00,,UNKNOWN,,,,UNKNOWN,UNKNOWN,,UNKNOWN,,3.6,1.4,9.0,1.8,0.0,1.8000000000000003,5.0,2.0,6.0,0.0,1.0,5.0,,,,10.8,1.8,9.0,1.8,5.4,9.600000000000001,5.0,6.0,8.0,3.0,1.0,5.0,,,,True,True,UNKNOWN,False,False
2021000545,2021-06-27 14:00:00,北海道日本ハムファイターズ,千葉ロッテマリーンズ,3.0,8.0,UNKNOWN,草薙総合運動場野球場,unknown,low,False,False,1800052,1500110,[],[],,,,,0,light,2021-06-27T05:00:00+00:00,,UNKNOWN,,,,UNKNOWN,UNKNOWN,,UNKNOWN,,2.5714285714285716,0.7142857142857143,5.142857142857143,0.0,0.0,2.0571428571428574,7.0,2.0,5.0,0.0,0.0,4.0,,,,9.0,1.4,3.6,0.0,1.8,5.0,5.0,5.0,7.0,1.0,0.0,2.0,,,,True,True,UNKNOWN,False,False
2021000549,2021-06-29 17:45:00,読売ジャイアンツ,広島東洋カープ,11.0,8.0,UNKNOWN,東京ドーム,unknown,low,False,False,1300057,1900143,[],[],,,,,0,light,2021-06-29T08:45:00+00:00,,UNKNOWN,,,,UNKNOWN,UNKNOWN,,UNKNOWN,,18.0,2.3333333333333335,6.0,3.0,3.0,7.2,3.0,6.0,6.0,1.0,1.0,2.0,,,,15.428571428571427,3.4285714285714284,3.8571428571428568,7.7142857142857135,3.8571428571428568,10.485714285714286,2.3333333333333335,4.0,6.0,1.0,2.0,1.0,,,,True,True,UNKNOWN,False,False
2021000548,2021-06-28 18:00:00,福岡ソフトバンクホークス,埼玉西武ライオンズ,2.0,5.0,UNKNOWN,京セラドーム大阪,unknown,low,False,False,1800080,2100005,[],[],,,,,0,light,2021-06-28T09:00:00+00:00,,UNKNOWN,,,,UNKNOWN,UNKNOWN,,UNKNOWN,,1.5,1.3333333333333333,3.0,4.5,0.0,4.033333333333333,6.0,1.0,5.0,0.0,3.0,2.0,,,,6.0,1.3333333333333333,7.5,1.5,1.5,4.2,6.0,4.0,7.0,1.0,1.0,5.0,,,,True,True,UNKNOWN,False,False
2021000550,2021-06-29 17:45:00,横浜DeNAベイスターズ,中日ドラゴンズ,3.0,2.0,UNKNOWN,明治神宮野球場,unknown,low,False,False,1000138,1900031,[],[],,,,,0,light,2021-06-29T08:45:00+00:00,,UNKNOWN,,,,UNKNOWN,UNKNOWN,,UNKNOWN,,5.0625,1.3125,6.75,0.0,0.0,1.7000000000000002,5.333333333333333,3.0,7.0,0.0,0.0,4.0,,,,3.6,1.2,5.4,0.0,0.0,2.0,5.0,2.0,6.0,0.0,0.0,3.0,,,,True,True,UNKNOWN,False,False
2021000552,2021-06-29 18:00:00,東北楽天ゴールデンイーグルス,北海道日本ハムファイターズ,5.0,5.0,UNKNOWN,楽天生命パーク宮城,excluded,high,False,False,1900129,1100128,[],[],,,,,0,light,2021-06-29T09:00:00+00:00,,UNKNOWN,,,,UNKNOWN,UNKNOWN,,UNKNOWN,,9.642857142857142,1.9285714285714284,11.571428571428571,3.8571428571428568,0.0,1.9142857142857146,4.666666666666667,5.0,7.0,0.0,2.0,6.0,,,,11.25,2.25,4.5,2.25,2.25,6.2,4.0,5.0,8.0,1.0,1.0,2.0,,,,True,True,UNKNOWN,False,False
2021000553,2021-06-29 18:00:00,オリックス・バファローズ,千葉ロッテマリーンズ,5.0,5.0,UNKNOWN,京セラドーム大阪,allstar,high,False,True,1300055,1600160,[],[],,,,,0,light,2021-06-29T09:00:00+00:00,,UNKNOWN,,,,UNKNOWN,UNKNOWN,,UNKNOWN,,4.5,0.8333333333333334,4.5,1.5,3.0,7.033333333333333,6.0,3.0,4.0,2.0,1.0,3.0,,,,15.428571428571427,3.8571428571428568,7.7142857142857135,19.285714285714285,0.0,7.914285714285715,2.3333333333333335,4.0,4.0,0.0,5.0,2.0,,,,True,True,UNKNOWN,False,False
2021000554,2021-06-30 17:45:00,読売ジャイアンツ,広島東洋カープ,0.0,1.0,UNKNOWN,東京ドーム,unknown,low,False,False,1300058,600008,[],[],,,,,0,light,2021-06-30T08:45:00+00:00,,UNKNOWN,,,,UNKNOWN,UNKNOWN,,UNKNOWN,,0.0,1.1739130434782608,1.1739130434782608,3.5217391304347823,0.0,4.113043478260869,7.666666666666667,0.0,6.0,0.0,3.0,1.0,,,,1.125,0.25,11.25,1.125,1.125,2.7,8.0,1.0,1.0,1.0,1.0,10.0,,,,True,True,UNKNOWN,False,False
2021000556,2021-06-30 18:00:00,阪神タイガース,東京ヤクルトスワローズ,2.0,2.0,UNKNOWN,阪神甲子園球場,unknown,low,False,False,1300045,2000144,[],[],,,,,0,light,2021-06-30T09:00:00+00:00,,UNKNOWN,,,,UNKNOWN,UNKNOWN,,UNKNOWN,,1.5,1.1666666666666667,10.5,3.0,0.0,1.866666666666667,6.0,1.0,5.0,0.0,2.0,7.0,,,,1.4210526315789473,1.5789473684210527,9.947368421052632,4.2631578947368425,1.4210526315789473,4.463157894736843,6.333333333333333,1.0,7.0,1.0,3.0,7.0,,,,True,True,UNKNOWN,False,False
2021000551,2021-06-29 18:00:00,阪神タイガース,東京ヤクルトスワローズ,5.0,3.0,UNKNOWN,阪神甲子園球場,unknown,low,False,False,1300029,1500090,[],[],,,,,0,light,2021-06-29T09:00:00+00:00,,UNKNOWN,,,,UNKNOWN,UNKNOWN,,UNKNOWN,,11.25,2.75,4.5,2.25,0.0,2.95,4.0,5.0,10.0,0.0,1.0,2.0,,,,2.5714285714285716,0.8571428571428571,11.571428571428571,1.2857142857142858,1.2857142857142858,2.9142857142857146,7.0,2.0,5.0,1.0,1.0,9.0,,,,True,True,UNKNOWN,False,False
2021000555,2021-06-30 17:45:00,横浜DeNAベイスターズ,中日ドラゴンズ,9.0,4.0,UNKNOWN,明治神宮野球場,unknown,low,False,False,1200055,1500061,[],[],,,,,0,light,2021-06-30T08:45:00+00:00,,UNKNOWN,,,,UNKNOWN,UNKNOWN,,UNKNOWN,,31.5,4.0,4.5,0.0,4.5,8.7,2.0,7.0,8.0,1.0,0.0,1.0,,,,5.4,1.2,7.2,3.6,1.8,5.4,5.0,3.0,4.0,1.0,2.0,4.0,,,,True,True,UNKNOWN,False,False
2021000557,2021-06-30 18:00:00,東北楽天ゴールデンイーグルス,北海道日本ハムファイターズ,0.0,3.0,UNKNOWN,楽天生命パーク宮城,unknown,low,False,False,1900071,700069,[],[],,,,,0,light,2021-06-30T09:00:00+00:00,,UNKNOWN,,,,UNKNOWN,UNKNOWN,,UNKNOWN,,0.0,1.4,5.4,7.2,0.0,4.4,5.0,0.0,3.0,0.0,4.0,3.0,,,,1.2857142857142858,0.8571428571428571,10.285714285714286,3.857142857142857,0.0,2.2,7.0,1.0,3.0,0.0,3.0,8.0,,,,True,True,UNKNOWN,False,False
2021000558,2021-06-30 18:00:00,オリックス・バファローズ,千葉ロッテマリーンズ,5.0,0.0,UNKNOWN,京セラドーム大阪,unknown,low,False,False,2000087,1700109,[],[],,,,,0,light,2021-06-30T09:00:00+00:00,,UNKNOWN,,,,UNKNOWN,UNKNOWN,,UNKNOWN,,9.0,1.75,4.5,0.0,2.25,5.45,4.0,4.0,7.0,1.0,0.0,2.0,,,,0.0,0.7142857142857143,9.0,2.5714285714285716,0.0,2.0571428571428574,7.0,0.0,3.0,0.0,2.0,7.0,,,,True,True,UNKNOWN,False,False
2021000559,2021-06-30 18:00:00,福岡ソフトバンクホークス,埼玉西武ライオンズ,9.0,1.0,UNKNOWN,北九州市民球場,unknown,low,False,False,1600131,1200106,[],[],,,,,0,light,2021-06-30T09:00:00+00:00,,UNKNOWN,,,,UNKNOWN,UNKNOWN,,UNKNOWN,,6.75,2.5,4.5,2.25,4.5,9.45,4.0,3.0,9.0,2.0,1.0,2.0,,,,1.2857142857142858,1.2857142857142858,6.428571428571429,1.2857142857142858,0.0,2.2,7.0,1.0,8.0,0.0,1.0,5.0,,,,True,True,UNKNOWN,False,False
2021000560,2021-07-01 17:45:00,読売ジャイアンツ,広島東洋カープ,10.0,4.0,UNKNOWN,東京ドーム,unknown,low,False,False,1600122,1200041,[],[],,,,,0,light,2021-07-01T08:45:00+00:00,,UNKNOWN,,,,UNKNOWN,UNKNOWN,,UNKNOWN,,16.2,2.1,5.3999999999999995,5.3999999999999995,2.6999999999999997,7.7,3.3333333333333335,6.0,5.0,1.0,2.0,2.0,,,,15.428571428571427,2.571428571428571,3.8571428571428568,0.0,7.7142857142857135,13.485714285714284,2.3333333333333335,4.0,6.0,2.0,0.0,1.0,,,,True,True,UNKNOWN,False,False
2021000561,2021-07-01 18:00:00,阪神タイガース,東京ヤクルトスワローズ,1.0,6.0,UNKNOWN,阪神甲子園球場,unknown,low,False,False,1900024,1900147,[],[],,,,,0,light,2021-07-01T09:00:00+00:00,,UNKNOWN,,,,UNKNOWN,UNKNOWN,,UNKNOWN,,1.2857142857142858,0.5714285714285714,7.714285714285714,0.0,1.2857142857142858,3.342857142857143,7.0,1.0,4.0,1.0,0.0,6.0,,,,1.2857142857142858,0.5714285714285714,12.857142857142858,0.0,1.2857142857142858,2.2,7.0,1.0,4.0,1.0,0.0,10.0,,,,True,True,UNKNOWN,False,False
2021000562,2021-07-01 18:00:00,東北楽天ゴールデンイーグルス,北海道日本ハムファイターズ,1.0,2.0,UNKNOWN,楽天生命パーク宮城,unknown,low,False,False,2000079,700065,[],[],,,,,0,light,2021-07-01T09:00:00+00:00,,UNKNOWN,,,,UNKNOWN,UNKNOWN,,UNKNOWN,,1.2857142857142858,0.8571428571428571,6.428571428571429,2.5714285714285716,0.0,2.628571428571429,7.0,1.0,4.0,0.0,2.0,5.0,,,,1.2857142857142858,1.0,11.571428571428571,0.0,0.0,0.6285714285714286,7.0,1.0,7.0,0.0,0.0,9.0,,,,True,True,UNKNOWN,False,False
2021000563,2021-07-01 18:00:00,福岡ソフトバンクホークス,埼玉西武ライオンズ,0.0,1.0,UNKNOWN,福岡PayPayドーム,unknown,low,False,False,1400182,1100115,[],[],,,,,0,light,2021-07-01T09:00:00+00:00,,UNKNOWN,,,,UNKNOWN,UNKNOWN,,UNKNOWN,,0.0,0.375,7.875,2.25,0.0,2.2,8.0,0.0,1.0,0.0,2.0,7.0,,,,1.2857142857142858,0.7142857142857143,6.428571428571429,1.2857142857142858,1.2857142857142858,4.057142857142857,7.0,1.0,4.0,1.0,1.0,5.0,,,,True,True,UNKNOWN,False,False
2021000565,2021-07-02 17:45:00,中日ドラゴンズ,東京ヤクルトスワローズ,3.0,9.0,UNKNOWN,バンテリンドーム ナゴヤ,unknown,low,False,False,1500042,1600106,[],[],,,,,0,light,2021-07-02T08:45:00+00:00,,UNKNOWN,,,,UNKNOWN,UNKNOWN,,UNKNOWN,,7.363636363636364,2.4545454545454546,9.818181818181818,7.363636363636364,2.4545454545454546,7.0181818181818185,3.6666666666666665,3.0,6.0,1.0,3.0,4.0,,,,11.25,2.0,2.25,0.0,0.0,2.7,4.0,5.0,8.0,0.0,0.0,1.0,,,,True,True,UNKNOWN,False,False
2021000567,2021-07-02 17:45:00,埼玉西武ライオンズ,オリックス・バファローズ,3.0,5.0,UNKNOWN,メットライフドーム,unknown,low,False,False,1600153,2000068,[],[],,,,,0,light,2021-07-02T08:45:00+00:00,,UNKNOWN,,,,UNKNOWN,UNKNOWN,,UNKNOWN,,2.5714285714285716,1.0,9.0,2.5714285714285716,0.0,2.0571428571428574,7.0,2.0,5.0,0.0,2.0,7.0,,,,,,,,,,,,,,,,,,,True,False,UNKNOWN,False,False
2021000566,2021-07-02 18:00:00,広島東洋カープ,阪神タイガース,7.0,1.0,UNKNOWN,MAZDA Zoom-Zoom スタジアム広島,unknown,low,False,False,900062,1900057,[],[],,,,,0,light,2021-07-02T09:00:00+00:00,,UNKNOWN,,,,UNKNOWN,UNKNOWN,,UNKNOWN,,15.75,2.0,9.0,2.25,2.25,5.2,4.0,7.0,7.0,1.0,1.0,4.0,,,,1.2857142857142858,1.2857142857142858,2.5714285714285716,2.5714285714285716,0.0,3.4857142857142858,7.0,1.0,7.0,0.0,2.0,2.0,,,,True,True,UNKNOWN,False,False
2021000570,2021-07-03 14:00:00,中日ドラゴンズ,東京ヤクルトスワローズ,1.0,5.0,UNKNOWN,バンテリンドーム ナゴヤ,unknown,low,False,False,1200076,1500074,[],[],,,,,0,light,2021-07-03T05:00:00+00:00,,UNKNOWN,,,,UNKNOWN,UNKNOWN,,UNKNOWN,,1.0,0.5555555555555556,6.0,0.0,0.0,1.866666666666667,9.0,1.0,5.0,0.0,0.0,6.0,,,,5.4,2.0,12.6,7.2,0.0,2.8000000000000003,5.0,3.0,6.0,0.0,4.0,7.0,,,,True,True,UNKNOWN,False,False
2021000574,2021-07-03 14:00:00,千葉ロッテマリーンズ,東北楽天ゴールデンイーグルス,5.0,3.0,UNKNOWN,ZOZOマリンスタジアム,unknown,low,False,False,500014,1900085,[],[],,,,,0,light,2021-07-03T05:00:00+00:00,,UNKNOWN,,,,UNKNOWN,UNKNOWN,,UNKNOWN,,3.0,1.3333333333333333,6.0,1.5,0.0,2.3666666666666667,6.0,2.0,7.0,0.0,1.0,4.0,,,,6.230769230769231,2.076923076923077,0.0,2.076923076923077,0.0,3.8923076923076927,4.333333333333333,3.0,8.0,0.0,1.0,0.0,,,,True,True,UNKNOWN,False,False
2021000569,2021-07-03 17:45:00,横浜DeNAベイスターズ,読売ジャイアンツ,1.0,3.0,UNKNOWN,明治神宮野球場,unknown,low,False,False,1700002,1700060,[],[],,,,,0,light,2021-07-03T08:45:00+00:00,,UNKNOWN,,,,UNKNOWN,UNKNOWN,,UNKNOWN,,0.0,1.4117647058823528,9.529411764705882,3.176470588235294,0.0,2.1411764705882357,5.666666666666667,0.0,6.0,0.0,2.0,6.0,,,,6.75,2.25,2.25,9.0,6.75,15.45,4.0,3.0,5.0,3.0,4.0,1.0,,,,True,True,UNKNOWN,False,False
2021000571,2021-07-03 14:00:00,広島東洋カープ,阪神タイガース,0.0,5.0,UNKNOWN,MAZDA Zoom-Zoom スタジアム広島,unknown,low,False,False,2000052,2000062,[],[],,,,,0,light,2021-07-03T05:00:00+00:00,,UNKNOWN,,,,UNKNOWN,UNKNOWN,,UNKNOWN,,0.0,0.8571428571428571,2.5714285714285716,2.5714285714285716,0.0,3.4857142857142858,7.0,0.0,4.0,0.0,2.0,2.0,,,,1.8,1.6,9.0,3.6,0.0,2.4000000000000004,5.0,1.0,6.0,0.0,2.0,5.0,,,,True,True,UNKNOWN,False,False
2021000572,2021-07-03 17:45:00,北海道日本ハムファイターズ,福岡ソフトバンクホークス,1.0,7.0,UNKNOWN,沖縄セルラースタジアム那覇,unknown,low,False,False,1800002,1100099,[],[],,,,,0,light,2021-07-03T08:45:00+00:00,,UNKNOWN,,,,UNKNOWN,UNKNOWN,,UNKNOWN,,1.125,0.75,7.875,0.0,1.125,3.075,8.0,1.0,6.0,1.0,0.0,7.0,,,,13.5,2.25,2.25,13.5,0.0,7.2,4.0,6.0,3.0,0.0,6.0,1.0,,,,True,True,UNKNOWN,False,False
2021000573,2021-07-03 17:45:00,埼玉西武ライオンズ,オリックス・バファローズ,0.0,8.0,UNKNOWN,メットライフドーム,unknown,low,False,False,1400195,1600127,[],[],,,,,0,light,2021-07-03T08:45:00+00:00,,UNKNOWN,,,,UNKNOWN,UNKNOWN,,UNKNOWN,,0.0,0.5714285714285714,1.2857142857142858,0.0,0.0,2.9142857142857146,7.0,0.0,4.0,0.0,0.0,1.0,,,,6.0,1.6666666666666667,7.5,6.0,1.5,5.7,6.0,4.0,6.0,1.0,4.0,5.0,,,,True,True,UNKNOWN,False,False
2021000579,2021-07-04 13:00:00,埼玉西武ライオンズ,オリックス・バファローズ,2.0,3.0,UNKNOWN,メットライフドーム,unknown,low,False,False,1900087,1800022,[],[],,,,,0,light,2021-07-04T04:00:00+00:00,,UNKNOWN,,,,UNKNOWN,UNKNOWN,,UNKNOWN,,2.25,0.75,6.75,1.125,2.25,5.325,8.0,2.0,5.0,2.0,1.0,6.0,,,,3.857142857142857,1.1428571428571428,1.2857142857142858,0.0,0.0,2.9142857142857146,7.0,3.0,8.0,0.0,0.0,1.0,,,,True,True,UNKNOWN,False,False
2021000577,2021-07-04 13:30:00,広島東洋カープ,阪神タイガース,4.0,3.0,UNKNOWN,MAZDA Zoom-Zoom スタジアム広島,unknown,low,False,False,900425,1900052,[],[],,,,,0,light,2021-07-04T04:30:00+00:00,,UNKNOWN,,,,UNKNOWN,UNKNOWN,,UNKNOWN,,6.0,1.3333333333333333,0.0,0.0,0.0,3.2,3.0,2.0,4.0,0.0,0.0,0.0,,,,4.5,1.5,6.0,1.5,1.5,4.533333333333333,6.0,3.0,8.0,1.0,1.0,4.0,,,,True,True,UNKNOWN,False,False
2021000576,2021-07-04 14:00:00,中日ドラゴンズ,東京ヤクルトスワローズ,3.0,3.0,UNKNOWN,バンテリンドーム ナゴヤ,unknown,low,False,False,12113,1800061,[],[],,,,,0,light,2021-07-04T05:00:00+00:00,,UNKNOWN,,,,UNKNOWN,UNKNOWN,,UNKNOWN,,0.0,0.8,1.8,1.8,0.0,3.4000000000000004,5.0,0.0,3.0,0.0,1.0,1.0,,,,3.6,2.0,3.6,1.8,0.0,3.0,5.0,2.0,9.0,0.0,1.0,2.0,,,,True,True,UNKNOWN,False,False
2021000580,2021-07-04 14:00:00,千葉ロッテマリーンズ,東北楽天ゴールデンイーグルス,8.0,6.0,UNKNOWN,ZOZOマリンスタジアム,unknown,low,False,False,1900117,1800052,[],[],,,,,0,light,2021-07-04T05:00:00+00:00,,UNKNOWN,,,,UNKNOWN,UNKNOWN,,UNKNOWN,,23.142857142857142,3.8571428571428568,11.571428571428571,7.7142857142857135,3.8571428571428568,8.771428571428572,2.3333333333333335,6.0,7.0,1.0,2.0,3.0,,,,7.2,2.2,5.4,10.8,1.8,8.2,5.0,4.0,5.0,1.0,6.0,3.0,,,,True,True,UNKNOWN,False,False
2021000578,2021-07-04 17:45:00,北海道日本ハムファイターズ,福岡ソフトバンクホークス,0.0,5.0,UNKNOWN,沖縄セルラースタジアム那覇,unknown,low,False,False,2100005,1600093,[],[],,,,,0,light,2021-07-04T08:45:00+00:00,,UNKNOWN,,,,UNKNOWN,UNKNOWN,,UNKNOWN,,0.0,1.2,12.6,5.4,0.0,2.2,5.0,0.0,3.0,0.0,3.0,7.0,,,,6.230769230769231,2.5384615384615388,4.153846153846154,6.230769230769231,0.0,4.353846153846154,4.333333333333333,3.0,8.0,0.0,3.0,2.0,,,,True,True,UNKNOWN,False,False
2021000575,2021-07-04 17:45:00,横浜DeNAベイスターズ,読売ジャイアンツ,3.0,2.0,UNKNOWN,明治神宮野球場,unknown,low,False,False,1800023,1800045,[],[],,,,,0,light,2021-07-04T08:45:00+00:00,,UNKNOWN,,,,UNKNOWN,UNKNOWN,,UNKNOWN,,3.8571428571428568,1.7142857142857142,7.7142857142857135,3.8571428571428568,1.9285714285714284,5.557142857142857,4.666666666666667,2.0,6.0,1.0,2.0,4.0,,,,1.588235294117647,1.588235294117647,7.941176470588235,0.0,0.0,1.435294117647059,5.666666666666667,1.0,9.0,0.0,0.0,5.0,,,,True,True,UNKNOWN,False,False
2021004873,2021-07-05 17:45:00,千葉ロッテマリーンズ,東北楽天ゴールデンイーグルス,8.0,1.0,UNKNOWN,ZOZOマリンスタジアム,unknown,low,False,False,1600101,1400190,[],[],,,,,0,light,2021-07-05T08:45:00+00:00,,UNKNOWN,,,,UNKNOWN,UNKNOWN,,UNKNOWN,,14.727272727272728,2.181818181818182,2.4545454545454546,4.909090909090909,7.363636363636364,14.92727272727273,3.6666666666666665,6.0,6.0,3.0,2.0,1.0,,,,1.2857142857142858,0.8571428571428571,6.428571428571429,1.2857142857142858,1.2857142857142858,4.057142857142857,7.0,1.0,5.0,1.0,1.0,5.0,,,,True,True,UNKNOWN,False,False
2021000582,2021-07-06 17:30:00,東京ヤクルトスワローズ,阪神タイガース,1.0,5.0,UNKNOWN,明治神宮野球場,unknown,low,False,False,1500090,1300029,[],[],,,,,0,light,2021-07-06T08:30:00+00:00,,UNKNOWN,,,,UNKNOWN,UNKNOWN,,UNKNOWN,,0.0,0.875,4.5,2.25,0.0,2.95,8.0,0.0,5.0,0.0,2.0,4.0,,,,7.2,1.6,5.4,5.4,1.8,6.4,5.0,4.0,5.0,1.0,3.0,3.0,,,,True,True,UNKNOWN,False,False
2021000585,2021-07-06 17:45:00,千葉ロッテマリーンズ,福岡ソフトバンクホークス,11.0,3.0,UNKNOWN,ZOZOマリンスタジアム,unknown,low,False,False,1000174,1300055,[],[],,,,,0,light,2021-07-06T08:45:00+00:00,,UNKNOWN,,,,UNKNOWN,UNKNOWN,,UNKNOWN,,33.75,4.5,0.0,10.125,0.0,6.575,2.6666666666666665,10.0,9.0,0.0,3.0,0.0,,,,2.5714285714285716,0.8571428571428571,3.857142857142857,0.0,0.0,2.342857142857143,7.0,2.0,6.0,0.0,0.0,3.0,,,,True,True,UNKNOWN,False,False
2021000583,2021-07-06 18:00:00,広島東洋カープ,横浜DeNAベイスターズ,2.0,4.0,UNKNOWN,MAZDA Zoom-Zoom スタジアム広島,unknown,low,False,False,1900031,1300057,[],[],,,,,0,light,2021-07-06T09:00:00+00:00,,UNKNOWN,,,,UNKNOWN,UNKNOWN,,UNKNOWN,,4.5,2.0,11.25,4.5,0.0,2.2,4.0,2.0,6.0,0.0,2.0,5.0,,,,2.5714285714285716,0.7142857142857143,3.857142857142857,2.5714285714285716,1.2857142857142858,5.057142857142857,7.0,2.0,3.0,1.0,2.0,3.0,,,,True,True,UNKNOWN,False,False
2021000581,2021-07-06 18:00:00,読売ジャイアンツ,中日ドラゴンズ,2.0,3.0,UNKNOWN,上毛新聞敷島球場,unknown,low,False,False,1000138,1900143,[],[],,,,,0,light,2021-07-06T09:00:00+00:00,,UNKNOWN,,,,UNKNOWN,UNKNOWN,,UNKNOWN,,1.5,1.0,12.0,0.0,0.0,0.5333333333333337,6.0,1.0,6.0,0.0,0.0,8.0,,,,1.2857142857142858,1.1428571428571428,7.714285714285714,2.5714285714285716,0.0,2.342857142857143,7.0,1.0,6.0,0.0,2.0,6.0,,,,True,True,UNKNOWN,False,False
2021000584,2021-07-06 18:00:00,北海道日本ハムファイターズ,埼玉西武ライオンズ,4.0,3.0,UNKNOWN,旭川市花咲スポーツ公園硬式野球場,regular,high,True,True,1800080,1500110,[],[],,,,,0,light,2021-07-06T09:00:00+00:00,,UNKNOWN,,,,UNKNOWN,UNKNOWN,,UNKNOWN,,5.4,1.6,7.2,0.0,3.6,6.800000000000001,5.0,3.0,8.0,2.0,0.0,4.0,,,,3.6,1.8,5.4,0.0,0.0,2.0,5.0,2.0,9.0,0.0,0.0,3.0,,,,True,True,UNKNOWN,False,False
2021000587,2021-07-07 17:45:00,読売ジャイアンツ,中日ドラゴンズ,3.0,1.0,UNKNOWN,東京ドーム,unknown,low,False,False,1200055,600008,[],[],,,,,0,light,2021-07-07T08:45:00+00:00,,UNKNOWN,,,,UNKNOWN,UNKNOWN,,UNKNOWN,,4.5,0.5,3.0,0.0,3.0,6.866666666666667,6.0,3.0,3.0,2.0,0.0,2.0,,,,1.3499999999999999,1.3499999999999999,9.45,4.05,1.3499999999999999,4.4,6.666666666666667,1.0,6.0,1.0,3.0,7.0,,,,True,True,UNKNOWN,False,False
2021000588,2021-07-07 17:30:00,東京ヤクルトスワローズ,阪神タイガース,6.0,4.0,UNKNOWN,明治神宮野球場,excluded,high,False,False,900100,1300045,[],[],,,,,0,light,2021-07-07T08:30:00+00:00,,UNKNOWN,,,,UNKNOWN,UNKNOWN,,UNKNOWN,,7.2,1.2,7.2,3.6,1.8,5.4,5.0,4.0,4.0,1.0,2.0,4.0,,,,8.307692307692308,1.6153846153846154,6.230769230769231,2.076923076923077,4.153846153846154,8.50769230769231,4.333333333333333,4.0,6.0,2.0,1.0,3.0,,,,True,True,UNKNOWN,False,False
2021000586,2021-07-06 18:00:00,オリックス・バファローズ,東北楽天ゴールデンイーグルス,2.0,7.0,UNKNOWN,京セラドーム大阪,excluded,high,False,False,1200117,1700112,[],[],,,,,0,light,2021-07-06T09:00:00+00:00,,UNKNOWN,,,,UNKNOWN,UNKNOWN,,UNKNOWN,,2.25,0.5,4.5,1.125,0.0,2.575,8.0,2.0,3.0,0.0,1.0,4.0,,,,3.6,1.6,5.4,5.4,1.8,6.4,5.0,2.0,5.0,1.0,3.0,3.0,,,,True,True,UNKNOWN,False,False
2021000589,2021-07-07 18:00:00,広島東洋カープ,横浜DeNAベイスターズ,3.0,3.0,UNKNOWN,MAZDA Zoom-Zoom スタジアム広島,unknown,low,False,False,1500061,1300058,[],[],,,,,0,light,2021-07-07T09:00:00+00:00,,UNKNOWN,,,,UNKNOWN,UNKNOWN,,UNKNOWN,,3.0,1.0,1.5,1.5,3.0,7.7,6.0,2.0,5.0,2.0,1.0,1.0,,,,4.5,1.1666666666666667,7.5,3.0,3.0,6.866666666666667,6.0,3.0,5.0,2.0,2.0,5.0,,,,True,True,UNKNOWN,False,False
2021000590,2021-07-07 18:00:00,北海道日本ハムファイターズ,埼玉西武ライオンズ,2.0,1.0,UNKNOWN,旭川市花咲スポーツ公園硬式野球場,unknown,low,False,False,1400182,2000136,[],[],,,,,0,light,2021-07-07T09:00:00+00:00,,UNKNOWN,,,,UNKNOWN,UNKNOWN,,UNKNOWN,,2.5714285714285716,1.1428571428571428,6.428571428571429,2.5714285714285716,0.0,2.628571428571429,7.0,2.0,6.0,0.0,2.0,5.0,,,,0.0,0.6666666666666666,12.0,0.0,0.0,0.5333333333333337,3.0,0.0,2.0,0.0,0.0,4.0,,,,True,True,UNKNOWN,False,False
2021000591,2021-07-07 17:45:00,千葉ロッテマリーンズ,福岡ソフトバンクホークス,4.0,1.0,UNKNOWN,ZOZOマリンスタジアム,excluded,high,False,False,1200106,2000090,[],[],,,,,0,light,2021-07-07T08:45:00+00:00,,UNKNOWN,,,,UNKNOWN,UNKNOWN,,UNKNOWN,,7.2,2.0,5.4,3.6,1.8,5.800000000000001,5.0,4.0,8.0,1.0,2.0,3.0,,,,1.8,0.8,3.6,3.6,0.0,3.6,5.0,1.0,2.0,0.0,2.0,2.0,,,,True,True,UNKNOWN,False,False
2021000592,2021-07-07 18:00:00,オリックス・バファローズ,東北楽天ゴールデンイーグルス,5.0,6.0,UNKNOWN,京セラドーム大阪,unknown,low,False,False,700069,1700109,[],[],,,,,0,light,2021-07-07T09:00:00+00:00,,UNKNOWN,,,,UNKNOWN,UNKNOWN,,UNKNOWN,,3.0,1.0,9.0,1.5,0.0,1.7000000000000002,6.0,2.0,5.0,0.0,1.0,6.0,,,,0.0,1.0,11.571428571428571,2.5714285714285716,0.0,1.485714285714286,7.0,0.0,5.0,0.0,2.0,9.0,,,,True,True,UNKNOWN,False,False
2021004331,2021-07-08 17:45:00,読売ジャイアンツ,中日ドラゴンズ,0.0,1.0,UNKNOWN,東京ドーム,unknown,low,False,False,1600106,1800025,[],[],,,,,0,light,2021-07-08T08:45:00+00:00,,UNKNOWN,,,,UNKNOWN,UNKNOWN,,UNKNOWN,,0.0,0.625,9.0,1.125,0.0,1.5750000000000002,8.0,0.0,4.0,0.0,1.0,8.0,,,,3.375,1.5,0.0,3.375,0.0,4.325,2.6666666666666665,1.0,3.0,0.0,1.0,0.0,,,,True,True,UNKNOWN,False,False
2021000595,2021-07-08 18:00:00,オリックス・バファローズ,東北楽天ゴールデンイーグルス,1.0,1.0,UNKNOWN,京セラドーム大阪,excluded,high,False,False,700065,1600155,[],[],,,,,0,light,2021-07-08T09:00:00+00:00,,UNKNOWN,,,,UNKNOWN,UNKNOWN,,UNKNOWN,,1.5,1.0,4.5,1.5,1.5,4.866666666666667,6.0,1.0,5.0,1.0,1.0,3.0,,,,0.0,1.0,3.6,3.6,0.0,3.6,5.0,0.0,3.0,0.0,2.0,2.0,,,,True,True,UNKNOWN,False,False
2021000593,2021-07-08 17:30:00,東京ヤクルトスワローズ,阪神タイガース,5.0,6.0,UNKNOWN,明治神宮野球場,unknown,low,False,False,1900147,1800143,[],[],,,,,0,light,2021-07-08T08:30:00+00:00,,UNKNOWN,,,,UNKNOWN,UNKNOWN,,UNKNOWN,,4.5,1.1666666666666667,4.5,1.5,0.0,2.7,6.0,3.0,6.0,0.0,1.0,3.0,,,,3.0,1.0,10.5,3.0,1.5,4.033333333333333,6.0,2.0,4.0,1.0,2.0,7.0,,,,True,True,UNKNOWN,False,False
2021000596,2021-07-09 17:30:00,東京ヤクルトスワローズ,広島東洋カープ,4.0,3.0,UNKNOWN,明治神宮野球場,unknown,low,False,False,1900057,1500042,[],[],,,,,0,light,2021-07-09T08:30:00+00:00,,UNKNOWN,,,,UNKNOWN,UNKNOWN,,UNKNOWN,,2.5714285714285716,1.4285714285714286,7.714285714285714,6.428571428571429,1.2857142857142858,5.485714285714286,7.0,2.0,5.0,1.0,5.0,6.0,,,,1.2857142857142858,1.0,11.571428571428571,0.0,1.2857142857142858,2.4857142857142858,7.0,1.0,7.0,1.0,0.0,9.0,,,,True,True,UNKNOWN,False,False
2021000599,2021-07-09 17:45:00,千葉ロッテマリーンズ,北海道日本ハムファイターズ,1.0,6.0,UNKNOWN,ZOZOマリンスタジアム,unknown,low,False,False,2000079,1900080,[],[],,,,,0,light,2021-07-09T08:45:00+00:00,,UNKNOWN,,,,UNKNOWN,UNKNOWN,,UNKNOWN,,0.0,0.5714285714285714,9.0,3.857142857142857,0.0,2.4857142857142858,7.0,0.0,1.0,0.0,3.0,7.0,,,,3.6,2.2,5.4,5.4,0.0,3.8000000000000003,5.0,2.0,8.0,0.0,3.0,3.0,,,,True,True,UNKNOWN,False,False
2021000594,2021-07-08 18:00:00,広島東洋カープ,横浜DeNAベイスターズ,5.0,3.0,UNKNOWN,MAZDA Zoom-Zoom スタジアム広島,unknown,low,False,False,1800043,1600122,[],[],,,,,0,light,2021-07-08T09:00:00+00:00,,UNKNOWN,,,,UNKNOWN,UNKNOWN,,UNKNOWN,,5.4,1.8,5.4,7.2,1.8,7.0,5.0,3.0,5.0,1.0,4.0,3.0,,,,6.75,2.25,9.0,2.25,2.25,5.2,4.0,3.0,8.0,1.0,1.0,4.0,,,,True,True,UNKNOWN,False,False
2021000597,2021-07-09 17:45:00,中日ドラゴンズ,横浜DeNAベイスターズ,3.0,1.0,UNKNOWN,バンテリンドーム ナゴヤ,unknown,low,False,False,1600145,1500074,[],[],,,,,0,light,2021-07-09T08:45:00+00:00,,UNKNOWN,,,,UNKNOWN,UNKNOWN,,UNKNOWN,,2.6999999999999997,1.2,4.05,0.0,1.3499999999999999,4.25,6.666666666666667,2.0,8.0,1.0,0.0,3.0,,,,1.2857142857142858,0.5714285714285714,9.0,0.0,0.0,1.2000000000000002,7.0,1.0,4.0,0.0,0.0,7.0,,,,True,True,UNKNOWN,False,False
2021000598,2021-07-09 18:00:00,阪神タイガース,読売ジャイアンツ,4.0,1.0,UNKNOWN,阪神甲子園球場,unknown,low,False,False,1800028,900425,[],[],,,,,0,light,2021-07-09T09:00:00+00:00,,UNKNOWN,,,,UNKNOWN,UNKNOWN,,UNKNOWN,,3.0,1.0,9.0,1.5,1.5,3.8666666666666667,6.0,2.0,5.0,1.0,1.0,6.0,,,,1.5,1.0,7.5,0.0,1.5,3.7,6.0,1.0,6.0,1.0,0.0,5.0,,,,True,True,UNKNOWN,False,False
2021000602,2021-07-10 14:00:00,中日ドラゴンズ,横浜DeNAベイスターズ,6.0,2.0,UNKNOWN,バンテリンドーム ナゴヤ,unknown,low,False,False,1700060,1200098,[],[],,,,,0,light,2021-07-10T05:00:00+00:00,,UNKNOWN,,,,UNKNOWN,UNKNOWN,,UNKNOWN,,4.5,2.0,2.25,6.75,0.0,4.95,4.0,2.0,5.0,0.0,3.0,1.0,,,,3.0,1.3333333333333333,6.0,0.0,1.5,4.033333333333333,6.0,2.0,8.0,1.0,0.0,4.0,,,,True,True,UNKNOWN,False,False
2021000604,2021-07-10 16:00:00,東北楽天ゴールデンイーグルス,埼玉西武ライオンズ,2.0,6.0,UNKNOWN,楽天生命パーク宮城,unknown,low,False,False,1600127,500014,[],[],,,,,0,light,2021-07-10T07:00:00+00:00,,UNKNOWN,,,,UNKNOWN,UNKNOWN,,UNKNOWN,,1.2857142857142858,1.5714285714285714,6.428571428571429,9.0,0.0,4.771428571428571,7.0,1.0,4.0,0.0,7.0,5.0,,,,18.0,3.3333333333333335,9.0,9.0,0.0,4.2,3.0,6.0,7.0,0.0,3.0,3.0,,,,True,True,UNKNOWN,False,False
2021000600,2021-07-09 18:00:00,福岡ソフトバンクホークス,オリックス・バファローズ,0.0,8.0,UNKNOWN,福岡PayPayドーム,unknown,low,False,False,1600153,1100115,[],[],,,,,0,light,2021-07-09T09:00:00+00:00,,UNKNOWN,,,,UNKNOWN,UNKNOWN,,UNKNOWN,,0.0,1.0,7.714285714285714,1.2857142857142858,0.0,1.9142857142857144,7.0,0.0,6.0,0.0,1.0,6.0,,,,8.307692307692308,1.6153846153846154,4.153846153846154,6.230769230769231,4.153846153846154,10.353846153846154,4.333333333333333,4.0,4.0,2.0,3.0,2.0,,,,True,True,UNKNOWN,False,False
2021000601,2021-07-10 17:30:00,東京ヤクルトスワローズ,広島東洋カープ,0.0,5.0,UNKNOWN,明治神宮野球場,excluded,high,False,False,2000062,1500040,[],[],,,,,0,light,2021-07-10T08:30:00+00:00,,UNKNOWN,,,,UNKNOWN,UNKNOWN,,UNKNOWN,,0.0,0.42857142857142855,3.857142857142857,1.2857142857142858,0.0,2.771428571428572,7.0,0.0,2.0,0.0,1.0,3.0,,,,4.909090909090909,1.090909090909091,4.909090909090909,0.0,0.0,2.1090909090909093,3.6666666666666665,2.0,4.0,0.0,0.0,2.0,,,,True,True,UNKNOWN,False,False
2021000610,2021-07-11 13:00:00,東北楽天ゴールデンイーグルス,埼玉西武ライオンズ,9.0,3.0,UNKNOWN,楽天生命パーク宮城,unknown,low,False,False,1800022,1900117,[],[],,,,,0,light,2021-07-11T04:00:00+00:00,,UNKNOWN,,,,UNKNOWN,UNKNOWN,,UNKNOWN,,4.5,1.3333333333333333,3.0,3.0,0.0,3.5333333333333337,6.0,3.0,6.0,0.0,2.0,2.0,,,,5.4,1.0,1.8,1.8,1.8,6.0,5.0,3.0,4.0,1.0,1.0,1.0,,,,True,True,UNKNOWN,False,False
2021000605,2021-07-10 17:00:00,千葉ロッテマリーンズ,北海道日本ハムファイターズ,4.0,4.0,UNKNOWN,ZOZOマリンスタジアム,unknown,low,False,False,1100099,1900085,[],[],,,,,0,light,2021-07-10T08:00:00+00:00,,UNKNOWN,,,,UNKNOWN,UNKNOWN,,UNKNOWN,,4.5,1.3333333333333333,6.0,3.0,3.0,7.2,6.0,3.0,6.0,2.0,2.0,4.0,,,,1.8,1.4,7.2,3.6,0.0,2.8000000000000003,5.0,1.0,5.0,0.0,2.0,4.0,,,,True,True,UNKNOWN,False,False
2021000603,2021-07-10 18:00:00,阪神タイガース,読売ジャイアンツ,1.0,8.0,UNKNOWN,阪神甲子園球場,unknown,low,False,False,1700002,2000052,[],[],,,,,0,light,2021-07-10T09:00:00+00:00,,UNKNOWN,,,,UNKNOWN,UNKNOWN,,UNKNOWN,,1.1739130434782608,1.1739130434782608,7.0434782608695645,2.3478260869565215,1.1739130434782608,4.113043478260869,7.666666666666667,1.0,7.0,1.0,2.0,6.0,,,,11.25,2.0,6.75,6.75,4.5,10.45,4.0,5.0,5.0,2.0,3.0,3.0,,,,True,True,UNKNOWN,False,False
2021000606,2021-07-10 18:00:00,福岡ソフトバンクホークス,オリックス・バファローズ,3.0,1.0,UNKNOWN,福岡PayPayドーム,unknown,low,False,False,1400195,1800002,[],[],,,,,0,light,2021-07-10T09:00:00+00:00,,UNKNOWN,,,,UNKNOWN,UNKNOWN,,UNKNOWN,,3.0,1.0,3.0,3.0,1.5,5.7,6.0,2.0,4.0,1.0,2.0,2.0,,,,1.5,1.0,13.5,3.0,0.0,1.2000000000000002,6.0,1.0,4.0,0.0,2.0,9.0,,,,True,True,UNKNOWN,False,False
2021000609,2021-07-11 18:00:00,阪神タイガース,読売ジャイアンツ,0.0,1.0,UNKNOWN,阪神甲子園球場,unknown,low,False,False,1800023,900062,[],[],,,,,0,light,2021-07-11T09:00:00+00:00,,UNKNOWN,,,,UNKNOWN,UNKNOWN,,UNKNOWN,,0.0,0.2857142857142857,2.5714285714285716,1.2857142857142858,0.0,3.0571428571428574,7.0,0.0,1.0,0.0,1.0,2.0,,,,1.0,0.4444444444444444,5.0,0.0,0.0,2.088888888888889,9.0,1.0,4.0,0.0,0.0,5.0,,,,True,True,UNKNOWN,False,False
2021000612,2021-07-11 14:00:00,福岡ソフトバンクホークス,オリックス・バファローズ,7.0,4.0,UNKNOWN,福岡PayPayドーム,unknown,low,False,False,1900087,20204,[],[],,,,,0,light,2021-07-11T05:00:00+00:00,,UNKNOWN,,,,UNKNOWN,UNKNOWN,,UNKNOWN,,3.857142857142857,1.4285714285714286,6.428571428571429,2.5714285714285716,1.2857142857142858,4.485714285714286,7.0,3.0,8.0,1.0,2.0,5.0,,,,5.3999999999999995,1.5,2.6999999999999997,5.3999999999999995,0.0,4.4,3.3333333333333335,2.0,3.0,0.0,2.0,1.0,,,,True,True,UNKNOWN,False,False
2021000608,2021-07-11 14:00:00,中日ドラゴンズ,横浜DeNAベイスターズ,5.0,5.0,UNKNOWN,バンテリンドーム ナゴヤ,unknown,low,False,False,2000145,1800061,[],[],,,,,0,light,2021-07-11T05:00:00+00:00,,UNKNOWN,,,,UNKNOWN,UNKNOWN,,UNKNOWN,,0.0,0.9375,5.0625,5.0625,0.0,3.7625,5.333333333333333,0.0,2.0,0.0,3.0,3.0,,,,1.5,1.5,3.0,4.5,0.0,4.033333333333333,6.0,1.0,6.0,0.0,3.0,2.0,,,,True,True,UNKNOWN,False,False
2021000613,2021-07-12 18:00:00,阪神タイガース,横浜DeNAベイスターズ,4.0,3.0,UNKNOWN,阪神甲子園球場,unknown,low,False,False,1800045,1500090,[],[],,,,,0,light,2021-07-12T09:00:00+00:00,,UNKNOWN,,,,UNKNOWN,UNKNOWN,,UNKNOWN,,0.0,1.0,9.0,1.5,0.0,1.7000000000000002,6.0,0.0,5.0,0.0,1.0,6.0,,,,1.2857142857142858,1.1428571428571428,2.5714285714285716,5.142857142857143,0.0,4.342857142857143,7.0,1.0,4.0,0.0,4.0,2.0,,,,True,True,UNKNOWN,False,False
2021000615,2021-07-12 18:00:00,福岡ソフトバンクホークス,東北楽天ゴールデンイーグルス,8.0,0.0,UNKNOWN,福岡PayPayドーム,unknown,low,False,False,1200117,2100005,[],[],,,,,0,light,2021-07-12T09:00:00+00:00,,UNKNOWN,,,,UNKNOWN,UNKNOWN,,UNKNOWN,,18.0,3.0,12.0,6.0,0.0,2.5333333333333337,3.0,6.0,7.0,0.0,2.0,4.0,,,,0.0,0.5555555555555556,8.0,3.0,0.0,2.4222222222222225,9.0,0.0,2.0,0.0,3.0,8.0,,,,True,True,UNKNOWN,False,False
2021000620,2021-07-13 17:45:00,埼玉西武ライオンズ,千葉ロッテマリーンズ,6.0,7.0,UNKNOWN,メットライフドーム,unknown,low,False,False,1400190,1800080,[],[],,,,,0,light,2021-07-13T08:45:00+00:00,,UNKNOWN,,,,UNKNOWN,UNKNOWN,,UNKNOWN,,9.0,2.0,0.0,5.4,1.8,7.6000000000000005,5.0,5.0,7.0,1.0,3.0,0.0,,,,15.75,2.25,2.25,9.0,4.5,12.2,4.0,7.0,5.0,2.0,4.0,1.0,,,,True,True,UNKNOWN,False,False
2021000619,2021-07-13 13:00:00,北海道日本ハムファイターズ,オリックス・バファローズ,0.0,5.0,UNKNOWN,釧路市民球場,unknown,low,False,False,1000027,1600093,[],[],,,,,0,light,2021-07-13T04:00:00+00:00,,UNKNOWN,,,,UNKNOWN,UNKNOWN,,UNKNOWN,,0.0,1.0,0.0,4.5,0.0,4.7,6.0,0.0,3.0,0.0,3.0,0.0,,,,36.0,5.0,0.0,0.0,9.0,16.2,1.0,4.0,5.0,1.0,0.0,0.0,,,,True,True,UNKNOWN,False,False
2021000614,2021-07-12 18:00:00,広島東洋カープ,中日ドラゴンズ,6.0,2.0,UNKNOWN,MAZDA Zoom-Zoom スタジアム広島,unknown,low,False,False,1000138,1300057,[],[],,,,,0,light,2021-07-12T09:00:00+00:00,,UNKNOWN,,,,UNKNOWN,UNKNOWN,,UNKNOWN,,9.0,1.5,11.25,0.0,0.0,0.7000000000000002,4.0,4.0,6.0,0.0,0.0,5.0,,,,2.5714285714285716,1.1428571428571428,2.5714285714285716,1.2857142857142858,0.0,3.0571428571428574,7.0,2.0,7.0,0.0,1.0,2.0,,,,True,True,UNKNOWN,False,False
2021000616,2021-07-13 17:45:00,読売ジャイアンツ,東京ヤクルトスワローズ,6.0,14.0,UNKNOWN,東京ドーム,unknown,low,False,False,1900024,1900143,[],[],,,,,0,light,2021-07-13T08:45:00+00:00,,UNKNOWN,,,,UNKNOWN,UNKNOWN,,UNKNOWN,,4.5,1.0,10.5,0.0,0.0,0.8666666666666667,6.0,3.0,6.0,0.0,0.0,7.0,,,,18.0,3.0,0.0,4.5,13.5,24.2,2.0,4.0,5.0,3.0,1.0,0.0,,,,True,True,UNKNOWN,False,False
2021000618,2021-07-13 18:00:00,広島東洋カープ,中日ドラゴンズ,8.0,3.0,UNKNOWN,MAZDA Zoom-Zoom スタジアム広島,unknown,low,False,False,1200055,1300058,[],[],,,,,0,light,2021-07-13T09:00:00+00:00,,UNKNOWN,,,,UNKNOWN,UNKNOWN,,UNKNOWN,,9.0,1.75,4.5,0.0,2.25,5.45,4.0,4.0,7.0,1.0,0.0,2.0,,,,3.857142857142857,0.8571428571428571,6.428571428571429,0.0,2.5714285714285716,5.485714285714286,7.0,3.0,6.0,2.0,0.0,5.0,,,,True,True,UNKNOWN,False,False
2021000617,2021-07-13 18:00:00,阪神タイガース,横浜DeNAベイスターズ,2.0,8.0,UNKNOWN,阪神甲子園球場,unknown,low,False,False,1900031,2000144,[],[],,,,,0,light,2021-07-13T09:00:00+00:00,,UNKNOWN,,,,UNKNOWN,UNKNOWN,,UNKNOWN,,1.2857142857142858,0.8571428571428571,5.142857142857143,1.2857142857142858,0.0,2.4857142857142858,7.0,1.0,5.0,0.0,1.0,4.0,,,,12.0,2.3333333333333335,6.0,0.0,3.0,6.2,3.0,4.0,7.0,1.0,0.0,2.0,,,,True,True,UNKNOWN,False,False
2021000625,2021-07-14 13:00:00,北海道日本ハムファイターズ,オリックス・バファローズ,6.0,2.0,UNKNOWN,帯広の森野球場,unknown,low,False,False,1700109,1500110,[],[],,,,,0,light,2021-07-14T04:00:00+00:00,,UNKNOWN,,,,UNKNOWN,UNKNOWN,,UNKNOWN,,4.5,1.3333333333333333,10.5,4.5,0.0,2.3666666666666667,6.0,3.0,5.0,0.0,3.0,7.0,,,,3.6,0.8,7.2,0.0,0.0,1.6,5.0,2.0,4.0,0.0,0.0,4.0,,,,True,True,UNKNOWN,False,False
2021000621,2021-07-13 18:00:00,福岡ソフトバンクホークス,東北楽天ゴールデンイーグルス,2.0,6.0,UNKNOWN,福岡PayPayドーム,unknown,low,False,False,700069,1300080,[],[],,,,,0,light,2021-07-13T09:00:00+00:00,,UNKNOWN,,,,UNKNOWN,UNKNOWN,,UNKNOWN,,1.2857142857142858,0.7142857142857143,10.285714285714286,1.2857142857142858,1.2857142857142858,3.2,7.0,1.0,4.0,1.0,1.0,8.0,,,,12.0,2.3333333333333335,3.0,9.0,6.0,14.2,3.0,4.0,4.0,2.0,3.0,1.0,,,,True,True,UNKNOWN,False,False
2021000623,2021-07-14 18:00:00,阪神タイガース,横浜DeNAベイスターズ,3.0,4.0,UNKNOWN,阪神甲子園球場,unknown,low,False,False,1500061,1900147,[],[],,,,,0,light,2021-07-14T09:00:00+00:00,,UNKNOWN,,,,UNKNOWN,UNKNOWN,,UNKNOWN,,1.2857142857142858,0.7142857142857143,12.857142857142858,1.2857142857142858,1.2857142857142858,2.628571428571429,7.0,1.0,4.0,1.0,1.0,10.0,,,,5.4,1.8,7.2,3.6,0.0,2.8000000000000003,5.0,3.0,7.0,0.0,2.0,4.0,,,,True,True,UNKNOWN,False,False
2021000622,2021-07-14 17:45:00,読売ジャイアンツ,東京ヤクルトスワローズ,7.0,11.0,UNKNOWN,東京ドーム,unknown,low,False,False,1300029,600008,[],[],,,,,0,light,2021-07-14T08:45:00+00:00,,UNKNOWN,,,,UNKNOWN,UNKNOWN,,UNKNOWN,,12.0,2.3333333333333335,9.0,3.0,3.0,6.533333333333333,3.0,4.0,6.0,1.0,1.0,3.0,,,,16.200000000000003,4.2,10.8,16.200000000000003,0.0,6.200000000000001,1.6666666666666665,3.0,4.0,0.0,3.0,2.0,,,,True,True,UNKNOWN,False,False
2021000626,2021-07-14 17:45:00,埼玉西武ライオンズ,千葉ロッテマリーンズ,8.0,3.0,UNKNOWN,メットライフドーム,allstar,high,False,True,1800052,1400182,[],[],,,,,0,light,2021-07-14T08:45:00+00:00,,UNKNOWN,,,,UNKNOWN,UNKNOWN,,UNKNOWN,,12.0,2.0,6.0,6.0,3.0,8.2,3.0,4.0,4.0,1.0,2.0,2.0,,,,2.5714285714285716,0.5714285714285714,3.857142857142857,0.0,0.0,2.342857142857143,7.0,2.0,4.0,0.0,0.0,3.0,,,,True,True,UNKNOWN,False,False
2021000624,2021-07-14 18:00:00,広島東洋カープ,中日ドラゴンズ,2.0,0.0,UNKNOWN,MAZDA Zoom-Zoom スタジアム広島,unknown,low,False,False,1600106,1900052,[],[],,,,,0,light,2021-07-14T09:00:00+00:00,,UNKNOWN,,,,UNKNOWN,UNKNOWN,,UNKNOWN,,1.2857142857142858,0.8571428571428571,11.571428571428571,2.5714285714285716,1.2857142857142858,3.342857142857143,7.0,1.0,4.0,1.0,2.0,9.0,,,,0.0,0.75,5.625,1.125,0.0,2.325,8.0,0.0,5.0,0.0,1.0,5.0,,,,True,True,UNKNOWN,False,False
2021000627,2021-07-14 18:00:00,福岡ソフトバンクホークス,東北楽天ゴールデンイーグルス,2.0,4.0,UNKNOWN,福岡PayPayドーム,unknown,low,False,False,700065,1200106,[],[],,,,,0,light,2021-07-14T09:00:00+00:00,,UNKNOWN,,,,UNKNOWN,UNKNOWN,,UNKNOWN,,3.0,1.1666666666666667,10.5,3.0,1.5,4.033333333333333,6.0,2.0,5.0,1.0,2.0,7.0,,,,6.75,1.75,9.0,6.75,2.25,6.7,4.0,3.0,4.0,1.0,3.0,4.0,,,,True,True,UNKNOWN,False,False
2021000954,2021-07-16 18:00:00,全パ,全セ,4.0,5.0,UNKNOWN,メットライフドーム,allstar,high,False,True,1800023,1600153,[],[],,,,,0,light,2021-07-16T09:00:00+00:00,,UNKNOWN,,,,UNKNOWN,UNKNOWN,,UNKNOWN,,9.0,1.5,4.5,4.5,0.0,3.7,2.0,2.0,2.0,0.0,1.0,1.0,,,,0.0,0.0,4.5,0.0,0.0,2.2,2.0,0.0,0.0,0.0,0.0,1.0,,,,True,True,UNKNOWN,False,False
2021000628,2021-08-13 17:45:00,読売ジャイアンツ,中日ドラゴンズ,4.0,2.0,UNKNOWN,東京ドーム,unknown,low,False,False,1600106,600008,[],[],,,,,0,light,2021-08-13T08:45:00+00:00,,UNKNOWN,,,,UNKNOWN,UNKNOWN,,UNKNOWN,,1.5,1.1666666666666667,6.0,0.0,0.0,1.866666666666667,6.0,1.0,7.0,0.0,0.0,4.0,,,,2.6999999999999997,0.75,12.149999999999999,1.3499999999999999,1.3499999999999999,2.9000000000000004,6.666666666666667,2.0,4.0,1.0,1.0,9.0,,,,True,True,UNKNOWN,False,False
2021000955,2021-07-17 18:00:00,全パ,全セ,4.0,3.0,UNKNOWN,楽天生命パーク宮城,allstar,high,False,True,1600106,1900087,[],[],,,,,0,light,2021-07-17T09:00:00+00:00,,UNKNOWN,,,,UNKNOWN,UNKNOWN,,UNKNOWN,,4.5,1.0,4.5,0.0,4.5,8.7,2.0,1.0,2.0,1.0,0.0,1.0,,,,4.5,1.0,4.5,0.0,4.5,8.7,2.0,1.0,2.0,1.0,0.0,1.0,,,,True,True,UNKNOWN,False,False
2021000630,2021-08-13 17:45:00,埼玉西武ライオンズ,東北楽天ゴールデンイーグルス,0.0,5.0,UNKNOWN,メットライフドーム,unknown,low,False,False,700065,1800080,[],[],,,,,0,light,2021-08-13T08:45:00+00:00,,UNKNOWN,,,,UNKNOWN,UNKNOWN,,UNKNOWN,,0.0,0.5454545454545455,12.272727272727273,3.681818181818182,0.0,1.7000000000000002,7.333333333333333,0.0,1.0,0.0,3.0,10.0,,,,5.785714285714286,2.142857142857143,3.8571428571428568,7.7142857142857135,0.0,4.914285714285715,4.666666666666667,3.0,6.0,0.0,4.0,2.0,,,,True,True,UNKNOWN,False,False
2021000632,2021-08-13 18:00:00,福岡ソフトバンクホークス,北海道日本ハムファイターズ,3.0,0.0,UNKNOWN,福岡PayPayドーム,unknown,low,False,False,1500110,1300080,[],[],,,,,0,light,2021-08-13T09:00:00+00:00,,UNKNOWN,,,,UNKNOWN,UNKNOWN,,UNKNOWN,,4.5,1.1666666666666667,6.0,1.5,3.0,6.7,6.0,3.0,6.0,2.0,1.0,4.0,,,,0.0,0.4090909090909091,13.5,2.4545454545454546,0.0,1.018181818181818,7.333333333333333,0.0,1.0,0.0,2.0,11.0,,,,True,True,UNKNOWN,False,False
2021000629,2021-08-13 18:00:00,阪神タイガース,広島東洋カープ,3.0,9.0,UNKNOWN,京セラドーム大阪,unknown,low,False,False,1300057,900062,[],[],,,,,0,light,2021-08-13T09:00:00+00:00,,UNKNOWN,,,,UNKNOWN,UNKNOWN,,UNKNOWN,,1.2857142857142858,0.7142857142857143,6.428571428571429,0.0,1.2857142857142858,3.6285714285714286,7.0,1.0,5.0,1.0,0.0,5.0,,,,7.5,1.1666666666666667,4.5,3.0,1.5,5.366666666666667,6.0,5.0,5.0,1.0,2.0,3.0,,,,True,True,UNKNOWN,False,False
2021000631,2021-08-13 17:45:00,千葉ロッテマリーンズ,オリックス・バファローズ,3.0,6.0,UNKNOWN,ZOZOマリンスタジアム,unknown,low,False,False,1900087,1300055,[],[],,,,,0,light,2021-08-13T08:45:00+00:00,,UNKNOWN,,,,UNKNOWN,UNKNOWN,,UNKNOWN,,3.0,1.1666666666666667,3.0,1.5,0.0,3.0333333333333337,6.0,2.0,6.0,0.0,1.0,2.0,,,,10.8,2.2,10.8,5.4,3.6,7.8,5.0,6.0,8.0,2.0,3.0,6.0,,,,True,True,UNKNOWN,False,False
2021000638,2021-08-14 14:00:00,福岡ソフトバンクホークス,北海道日本ハムファイターズ,2.0,0.0,UNKNOWN,福岡PayPayドーム,unknown,low,False,False,1100099,1200106,[],[],,,,,0,light,2021-08-14T05:00:00+00:00,,UNKNOWN,,,,UNKNOWN,UNKNOWN,,UNKNOWN,,2.6999999999999997,0.8999999999999999,13.5,1.3499999999999999,0.0,0.6500000000000004,6.666666666666667,2.0,5.0,0.0,1.0,10.0,,,,0.0,0.25,12.375,0.0,0.0,0.4500000000000002,8.0,0.0,2.0,0.0,0.0,11.0,,,,True,True,UNKNOWN,False,False
2021000633,2021-08-14 14:00:00,読売ジャイアンツ,中日ドラゴンズ,6.0,1.0,UNKNOWN,東京ドーム,unknown,low,False,False,2000003,1700002,[],[],,,,,0,light,2021-08-14T05:00:00+00:00,,UNKNOWN,,,,UNKNOWN,UNKNOWN,,UNKNOWN,,7.2,1.6,9.0,5.4,3.6,8.2,5.0,4.0,5.0,2.0,3.0,5.0,,,,1.8,1.6,9.0,3.6,0.0,2.4000000000000004,5.0,1.0,6.0,0.0,2.0,5.0,,,,True,True,UNKNOWN,False,False
2021000636,2021-08-14 17:00:00,埼玉西武ライオンズ,東北楽天ゴールデンイーグルス,6.0,7.0,UNKNOWN,メットライフドーム,unknown,low,False,False,1900117,1600127,[],[],,,,,0,light,2021-08-14T08:00:00+00:00,,UNKNOWN,,,,UNKNOWN,UNKNOWN,,UNKNOWN,,4.5,2.0,9.0,2.25,0.0,1.9500000000000002,4.0,2.0,7.0,0.0,1.0,4.0,,,,7.2,1.8,5.4,5.4,5.4,11.600000000000001,5.0,4.0,6.0,3.0,3.0,3.0,,,,True,True,UNKNOWN,False,False
2021000637,2021-08-14 17:00:00,千葉ロッテマリーンズ,オリックス・バファローズ,4.0,2.0,UNKNOWN,ZOZOマリンスタジアム,unknown,low,False,False,1700109,1000155,[],[],,,,,0,light,2021-08-14T08:00:00+00:00,,UNKNOWN,,,,UNKNOWN,UNKNOWN,,UNKNOWN,,6.75,1.6875,8.4375,1.6875,1.6875,4.325,5.333333333333333,4.0,8.0,1.0,1.0,5.0,,,,3.6,1.8,7.2,9.0,0.0,4.6,5.0,2.0,4.0,0.0,5.0,4.0,,,,True,True,UNKNOWN,False,False
2021000639,2021-08-15 14:00:00,読売ジャイアンツ,中日ドラゴンズ,4.0,2.0,UNKNOWN,東京ドーム,unknown,low,False,False,1500074,1800028,[],[],,,,,0,light,2021-08-15T05:00:00+00:00,,UNKNOWN,,,,UNKNOWN,UNKNOWN,,UNKNOWN,,9.0,2.0,13.5,9.0,4.5,9.7,4.0,4.0,4.0,2.0,4.0,6.0,,,,4.153846153846154,0.9230769230769231,8.307692307692308,4.153846153846154,0.0,2.7384615384615385,4.333333333333333,2.0,2.0,0.0,2.0,4.0,,,,True,True,UNKNOWN,False,False
2021000644,2021-08-15 13:00:00,福岡ソフトバンクホークス,北海道日本ハムファイターズ,0.0,0.0,UNKNOWN,福岡PayPayドーム,unknown,low,False,False,1900129,1900010,[],[],,,,,0,light,2021-08-15T04:00:00+00:00,,UNKNOWN,,,,UNKNOWN,UNKNOWN,,UNKNOWN,,0.0,0.3333333333333333,9.0,0.0,0.0,1.2000000000000002,3.0,0.0,1.0,0.0,0.0,3.0,,,,0.0,0.0,16.2,0.0,0.0,-0.3999999999999999,5.0,0.0,0.0,0.0,0.0,9.0,,,,True,True,UNKNOWN,False,False
2021000642,2021-08-15 17:00:00,埼玉西武ライオンズ,東北楽天ゴールデンイーグルス,10.0,2.0,UNKNOWN,メットライフドーム,excluded,high,False,False,500014,1800081,[],[],,,,,0,light,2021-08-15T08:00:00+00:00,,UNKNOWN,,,,UNKNOWN,UNKNOWN,,UNKNOWN,,27.0,3.5,4.5,4.5,0.0,3.7,2.0,6.0,6.0,0.0,1.0,1.0,,,,1.8,1.0,5.4,1.8,0.0,2.6,5.0,1.0,4.0,0.0,1.0,3.0,,,,True,True,UNKNOWN,False,False
2021000635,2021-08-14 18:00:00,阪神タイガース,広島東洋カープ,9.0,3.0,UNKNOWN,京セラドーム大阪,special,high,False,True,1300058,900100,[],[],,,,,0,light,2021-08-14T09:00:00+00:00,,UNKNOWN,,,,UNKNOWN,UNKNOWN,,UNKNOWN,,11.25,2.75,4.5,2.25,6.75,12.7,4.0,5.0,10.0,3.0,1.0,2.0,,,,5.0625,1.6875,6.75,5.0625,3.375,8.2625,5.333333333333333,3.0,6.0,2.0,3.0,4.0,,,,True,True,UNKNOWN,False,False
2021000643,2021-08-15 17:00:00,千葉ロッテマリーンズ,オリックス・バファローズ,3.0,5.0,UNKNOWN,ZOZOマリンスタジアム,special,high,False,True,1400195,1900080,[],[],,,,,0,light,2021-08-15T08:00:00+00:00,,UNKNOWN,,,,UNKNOWN,UNKNOWN,,UNKNOWN,,5.4,1.4,9.0,1.8,3.6,7.0,5.0,3.0,6.0,2.0,1.0,5.0,,,,3.6,0.6,5.4,0.0,1.8,4.6,5.0,2.0,3.0,1.0,0.0,3.0,,,,True,True,UNKNOWN,False,False
2021000641,2021-08-15 18:00:00,阪神タイガース,広島東洋カープ,3.0,0.0,UNKNOWN,京セラドーム大阪,special,high,False,True,2000062,900425,[],[],,,,,0,light,2021-08-15T09:00:00+00:00,,UNKNOWN,,,,UNKNOWN,UNKNOWN,,UNKNOWN,,6.0,2.3333333333333335,0.0,12.0,3.0,11.533333333333335,3.0,2.0,3.0,1.0,4.0,0.0,,,,0.0,1.6,12.6,3.6,0.0,1.6,5.0,0.0,6.0,0.0,2.0,7.0,,,,True,True,UNKNOWN,False,False
2021000640,2021-08-15 18:00:00,横浜DeNAベイスターズ,東京ヤクルトスワローズ,1.0,4.0,UNKNOWN,HARD OFF ECOスタジアム新潟,unknown,low,False,False,1900024,1500061,[],[],,,,,0,light,2021-08-15T09:00:00+00:00,,UNKNOWN,,,,UNKNOWN,UNKNOWN,,UNKNOWN,,1.2857142857142858,0.5714285714285714,11.571428571428571,0.0,1.2857142857142858,2.4857142857142858,7.0,1.0,4.0,1.0,0.0,9.0,,,,2.6999999999999997,1.2,12.149999999999999,2.6999999999999997,0.0,1.4000000000000004,6.666666666666667,2.0,6.0,0.0,2.0,9.0,,,,True,True,UNKNOWN,False,False
2021000646,2021-08-17 17:45:00,横浜DeNAベイスターズ,阪神タイガース,2.0,6.0,UNKNOWN,東京ドーム,unknown,low,False,False,1500090,1600081,[],[],,,,,0,light,2021-08-17T08:45:00+00:00,,UNKNOWN,,,,UNKNOWN,UNKNOWN,,UNKNOWN,,3.0,1.5,10.5,4.5,0.0,2.3666666666666667,6.0,2.0,6.0,0.0,3.0,7.0,,,,4.764705882352941,1.9411764705882353,4.764705882352941,9.529411764705882,3.176470588235294,9.905882352941177,5.666666666666667,3.0,5.0,2.0,6.0,3.0,,,,True,True,UNKNOWN,False,False
2021000647,2021-08-17 17:45:00,中日ドラゴンズ,広島東洋カープ,3.0,0.0,UNKNOWN,バンテリンドーム ナゴヤ,unknown,low,False,False,1900052,1200055,[],[],,,,,0,light,2021-08-17T08:45:00+00:00,,UNKNOWN,,,,UNKNOWN,UNKNOWN,,UNKNOWN,,2.5714285714285716,1.1428571428571428,5.142857142857143,2.5714285714285716,0.0,2.9142857142857146,7.0,2.0,6.0,0.0,2.0,4.0,,,,0.0,0.5714285714285714,6.428571428571429,0.0,0.0,1.7714285714285716,7.0,0.0,4.0,0.0,0.0,5.0,,,,True,True,UNKNOWN,False,False
2021000649,2021-08-17 17:45:00,千葉ロッテマリーンズ,埼玉西武ライオンズ,2.0,8.0,UNKNOWN,ZOZOマリンスタジアム,unknown,low,False,False,1400182,1400190,[],[],,,,,0,light,2021-08-17T08:45:00+00:00,,UNKNOWN,,,,UNKNOWN,UNKNOWN,,UNKNOWN,,2.5714285714285716,1.4285714285714286,6.428571428571429,1.2857142857142858,1.2857142857142858,4.057142857142857,7.0,2.0,9.0,1.0,1.0,5.0,,,,15.75,2.75,4.5,4.5,2.25,6.95,4.0,7.0,9.0,1.0,2.0,2.0,,,,True,True,UNKNOWN,False,False
2021000645,2021-08-17 18:30:00,東京ヤクルトスワローズ,読売ジャイアンツ,13.0,3.0,UNKNOWN,松山中央公園野球場,unknown,low,False,False,1800023,1500042,[],[],,,,,0,light,2021-08-17T09:30:00+00:00,,UNKNOWN,,,,UNKNOWN,UNKNOWN,,UNKNOWN,,6.0,2.0,3.0,3.0,3.0,7.866666666666667,3.0,2.0,5.0,1.0,1.0,1.0,,,,3.6,1.4,5.4,5.4,1.8,6.4,5.0,2.0,4.0,1.0,3.0,3.0,,,,True,True,UNKNOWN,False,False
2021000652,2021-08-18 17:45:00,横浜DeNAベイスターズ,阪神タイガース,2.0,5.0,UNKNOWN,東京ドーム,unknown,low,False,False,2000052,1800045,[],[],,,,,0,light,2021-08-18T08:45:00+00:00,,UNKNOWN,,,,UNKNOWN,UNKNOWN,,UNKNOWN,,2.25,0.5,6.75,0.0,1.125,3.325,8.0,2.0,4.0,1.0,0.0,6.0,,,,1.3499999999999999,1.2,6.75,4.05,1.3499999999999999,5.0,6.666666666666667,1.0,5.0,1.0,3.0,5.0,,,,True,True,UNKNOWN,False,False
2021000655,2021-08-18 17:45:00,千葉ロッテマリーンズ,埼玉西武ライオンズ,5.0,3.0,UNKNOWN,ZOZOマリンスタジアム,unknown,low,False,False,1800022,1800052,[],[],,,,,0,light,2021-08-18T08:45:00+00:00,,UNKNOWN,,,,UNKNOWN,UNKNOWN,,UNKNOWN,,6.352941176470588,1.4117647058823528,6.352941176470588,1.588235294117647,0.0,2.3176470588235296,5.666666666666667,4.0,7.0,0.0,1.0,4.0,,,,3.0,1.3333333333333333,6.0,4.5,0.0,3.3666666666666667,6.0,2.0,5.0,0.0,3.0,4.0,,,,True,True,UNKNOWN,False,False
2021000653,2021-08-18 17:45:00,中日ドラゴンズ,広島東洋カープ,3.0,0.0,UNKNOWN,バンテリンドーム ナゴヤ,excluded,high,False,False,1900057,1200098,[],[],,,,,0,light,2021-08-18T08:45:00+00:00,,UNKNOWN,,,,UNKNOWN,UNKNOWN,,UNKNOWN,,4.5,0.8333333333333334,4.5,1.5,1.5,4.866666666666667,6.0,3.0,4.0,1.0,1.0,3.0,,,,0.0,0.5294117647058824,3.176470588235294,3.176470588235294,0.0,3.5529411764705885,5.666666666666667,0.0,1.0,0.0,2.0,2.0,,,,True,True,UNKNOWN,False,False
2021000654,2021-08-18 18:00:00,東北楽天ゴールデンイーグルス,福岡ソフトバンクホークス,0.0,3.0,UNKNOWN,楽天生命パーク宮城,excluded,high,False,False,1000174,2000121,[],[],,,,,0,light,2021-08-18T09:00:00+00:00,,UNKNOWN,,,,UNKNOWN,UNKNOWN,,UNKNOWN,,0.0,0.5,9.0,1.5,0.0,1.7000000000000002,6.0,0.0,2.0,0.0,1.0,6.0,,,,4.5,2.0,6.0,3.0,0.0,2.8666666666666667,6.0,3.0,10.0,0.0,2.0,4.0,,,,True,True,UNKNOWN,False,False
2021000651,2021-08-18 18:30:00,東京ヤクルトスワローズ,読売ジャイアンツ,2.0,3.0,UNKNOWN,松山中央公園野球場,special,high,False,True,1800025,12113,[],[],,,,,0,light,2021-08-18T09:30:00+00:00,,UNKNOWN,,,,UNKNOWN,UNKNOWN,,UNKNOWN,,4.5,2.0,6.75,4.5,2.25,6.45,4.0,2.0,6.0,1.0,2.0,3.0,,,,1.5,0.6666666666666666,6.0,1.5,0.0,2.3666666666666667,6.0,1.0,3.0,0.0,1.0,4.0,,,,True,True,UNKNOWN,False,False
2021000657,2021-08-19 17:45:00,横浜DeNAベイスターズ,阪神タイガース,5.0,4.0,UNKNOWN,東京ドーム,special,high,False,True,1200062,1900031,[],[],,,,,0,light,2021-08-19T08:45:00+00:00,,UNKNOWN,,,,UNKNOWN,UNKNOWN,,UNKNOWN,,7.7142857142857135,2.357142857142857,9.642857142857142,5.785714285714286,0.0,2.9857142857142858,4.666666666666667,4.0,8.0,0.0,3.0,5.0,,,,3.0,0.6666666666666666,7.5,0.0,0.0,1.5333333333333334,6.0,2.0,4.0,0.0,0.0,5.0,,,,True,True,UNKNOWN,False,False
2021000656,2021-08-18 18:00:00,オリックス・バファローズ,北海道日本ハムファイターズ,5.0,2.0,UNKNOWN,ほっともっとフィールド神戸,special,high,False,True,1900070,1860208,[],[],,,,,0,light,2021-08-18T09:00:00+00:00,,UNKNOWN,,,,UNKNOWN,UNKNOWN,,UNKNOWN,,5.785714285714286,1.9285714285714284,5.785714285714286,3.8571428571428568,0.0,3.2,4.666666666666667,3.0,7.0,0.0,2.0,3.0,,,,4.5,1.5,6.75,6.75,0.0,3.95,4.0,2.0,3.0,0.0,3.0,3.0,,,,True,True,UNKNOWN,False,False
2021000658,2021-08-19 17:45:00,中日ドラゴンズ,広島東洋カープ,1.0,3.0,UNKNOWN,バンテリンドーム ナゴヤ,unknown,low,False,False,1300057,1000138,[],[],,,,,0,light,2021-08-19T08:45:00+00:00,,UNKNOWN,,,,UNKNOWN,UNKNOWN,,UNKNOWN,,0.0,0.8571428571428571,5.142857142857143,1.2857142857142858,0.0,2.4857142857142858,7.0,0.0,5.0,0.0,1.0,4.0,,,,1.5,1.0,6.0,1.5,0.0,2.3666666666666667,6.0,1.0,5.0,0.0,1.0,4.0,,,,True,True,UNKNOWN,False,False
2021000659,2021-08-19 17:45:00,千葉ロッテマリーンズ,埼玉西武ライオンズ,3.0,3.0,UNKNOWN,ZOZOマリンスタジアム,unknown,low,False,False,1500104,2000087,[],[],,,,,0,light,2021-08-19T08:45:00+00:00,,UNKNOWN,,,,UNKNOWN,UNKNOWN,,UNKNOWN,,0.0,1.4,0.0,3.6,0.0,4.4,5.0,0.0,5.0,0.0,2.0,0.0,,,,4.5,0.6666666666666666,9.0,1.5,1.5,3.8666666666666667,6.0,3.0,3.0,1.0,1.0,6.0,,,,True,True,UNKNOWN,False,False
2021000660,2021-08-20 17:45:00,読売ジャイアンツ,横浜DeNAベイスターズ,1.0,6.0,UNKNOWN,東京ドーム,excluded,high,False,False,1600084,600008,[],[],,,,,0,light,2021-08-20T08:45:00+00:00,,UNKNOWN,,,,UNKNOWN,UNKNOWN,,UNKNOWN,,0.0,1.6,7.2,5.4,0.0,3.4000000000000004,5.0,0.0,5.0,0.0,3.0,4.0,,,,5.4,1.8,7.2,7.2,0.0,4.0,5.0,3.0,5.0,0.0,4.0,4.0,,,,True,True,UNKNOWN,False,False
2021000661,2021-08-20 17:45:00,中日ドラゴンズ,阪神タイガース,6.0,0.0,UNKNOWN,バンテリンドーム ナゴヤ,unknown,low,False,False,900062,1600106,[],[],,,,,0,light,2021-08-20T08:45:00+00:00,,UNKNOWN,,,,UNKNOWN,UNKNOWN,,UNKNOWN,,3.6,2.0,3.6,3.6,0.0,3.6,5.0,2.0,8.0,0.0,2.0,2.0,,,,0.0,0.5555555555555556,7.0,1.0,0.0,1.9777777777777779,9.0,0.0,4.0,0.0,1.0,7.0,,,,True,True,UNKNOWN,False,False
2021000662,2021-08-20 18:00:00,広島東洋カープ,東京ヤクルトスワローズ,5.0,4.0,UNKNOWN,MAZDA Zoom-Zoom スタジアム広島,unknown,low,False,False,1300029,1300058,[],[],,,,,0,light,2021-08-20T09:00:00+00:00,,UNKNOWN,,,,UNKNOWN,UNKNOWN,,UNKNOWN,,1.8,1.2,5.4,0.0,1.8,4.6,5.0,1.0,6.0,1.0,0.0,3.0,,,,7.2,1.6,7.2,1.8,5.4,10.0,5.0,4.0,7.0,3.0,1.0,4.0,,,,True,True,UNKNOWN,False,False
2021000663,2021-08-20 18:00:00,北海道日本ハムファイターズ,東北楽天ゴールデンイーグルス,3.0,3.0,UNKNOWN,札幌ドーム,unknown,low,False,False,700069,1500110,[],[],,,,,0,light,2021-08-20T09:00:00+00:00,,UNKNOWN,,,,UNKNOWN,UNKNOWN,,UNKNOWN,,2.5714285714285716,1.0,6.428571428571429,2.5714285714285716,1.2857142857142858,4.485714285714286,7.0,2.0,5.0,1.0,2.0,5.0,,,,3.0,1.1666666666666667,6.0,1.5,0.0,2.3666666666666667,6.0,2.0,6.0,0.0,1.0,4.0,,,,True,True,UNKNOWN,False,False
2021000664,2021-08-20 18:00:00,オリックス・バファローズ,埼玉西武ライオンズ,2.0,1.0,UNKNOWN,京セラドーム大阪,unknown,low,False,False,1800080,1600153,[],[],,,,,0,light,2021-08-20T09:00:00+00:00,,UNKNOWN,,,,UNKNOWN,UNKNOWN,,UNKNOWN,,1.2857142857142858,1.1428571428571428,7.714285714285714,3.857142857142857,0.0,2.771428571428572,7.0,1.0,5.0,0.0,3.0,6.0,,,,1.0,0.4444444444444444,10.0,1.0,1.0,2.7555555555555555,9.0,1.0,3.0,1.0,1.0,10.0,,,,True,True,UNKNOWN,False,False
2021000667,2021-08-21 14:00:00,中日ドラゴンズ,阪神タイガース,6.0,2.0,UNKNOWN,バンテリンドーム ナゴヤ,unknown,low,False,False,900100,2000003,[],[],,,,,0,light,2021-08-21T05:00:00+00:00,,UNKNOWN,,,,UNKNOWN,UNKNOWN,,UNKNOWN,,6.0,2.0,0.0,3.0,0.0,4.2,3.0,2.0,5.0,0.0,1.0,0.0,,,,4.5,1.5,18.0,2.25,0.0,-0.04999999999999982,4.0,2.0,5.0,0.0,1.0,8.0,,,,True,True,UNKNOWN,False,False
2021000665,2021-08-20 18:00:00,福岡ソフトバンクホークス,千葉ロッテマリーンズ,3.0,5.0,UNKNOWN,福岡PayPayドーム,unknown,low,False,False,1300055,1800002,[],[],,,,,0,light,2021-08-20T09:00:00+00:00,,UNKNOWN,,,,UNKNOWN,UNKNOWN,,UNKNOWN,,3.176470588235294,1.2352941176470587,4.764705882352941,0.0,0.0,2.1411764705882357,5.666666666666667,2.0,7.0,0.0,0.0,3.0,,,,2.25,0.625,12.375,0.0,0.0,0.4500000000000002,8.0,2.0,5.0,0.0,0.0,11.0,,,,True,True,UNKNOWN,False,False
2021000666,2021-08-21 14:00:00,読売ジャイアンツ,横浜DeNAベイスターズ,2.0,7.0,UNKNOWN,東京ドーム,unknown,low,False,False,2000145,1800028,[],[],,,,,0,light,2021-08-21T05:00:00+00:00,,UNKNOWN,,,,UNKNOWN,UNKNOWN,,UNKNOWN,,1.6875,1.5,5.0625,3.375,0.0,3.2,5.333333333333333,1.0,6.0,0.0,2.0,3.0,,,,4.2631578947368425,0.7894736842105263,7.105263157894737,1.4210526315789473,1.4210526315789473,4.147368421052632,6.333333333333333,3.0,4.0,1.0,1.0,5.0,,,,True,True,UNKNOWN,False,False
2021000670,2021-08-21 14:00:00,オリックス・バファローズ,埼玉西武ライオンズ,2.0,0.0,UNKNOWN,京セラドーム大阪,unknown,low,False,False,1600127,1900087,[],[],,,,,0,light,2021-08-21T05:00:00+00:00,,UNKNOWN,,,,UNKNOWN,UNKNOWN,,UNKNOWN,,2.25,1.25,7.875,4.5,0.0,2.95,8.0,2.0,6.0,0.0,4.0,7.0,,,,0.0,0.8571428571428571,2.5714285714285716,1.2857142857142858,0.0,3.0571428571428574,7.0,0.0,5.0,0.0,1.0,2.0,,,,True,True,UNKNOWN,False,False
2021000669,2021-08-21 15:00:00,北海道日本ハムファイターズ,東北楽天ゴールデンイーグルス,4.0,8.0,UNKNOWN,札幌ドーム,unknown,low,False,False,700065,2000079,[],[],,,,,0,light,2021-08-21T06:00:00+00:00,,UNKNOWN,,,,UNKNOWN,UNKNOWN,,UNKNOWN,,0.0,0.5,13.5,0.0,0.0,0.20000000000000018,6.0,0.0,3.0,0.0,0.0,9.0,,,,9.0,2.2,5.4,1.8,1.8,5.2,5.0,5.0,10.0,1.0,1.0,3.0,,,,True,True,UNKNOWN,False,False
2021000668,2021-08-21 18:00:00,広島東洋カープ,東京ヤクルトスワローズ,3.0,8.0,UNKNOWN,MAZDA Zoom-Zoom スタジアム広島,unknown,low,False,False,2000139,2000062,[],[],,,,,0,light,2021-08-21T09:00:00+00:00,,UNKNOWN,,,,UNKNOWN,UNKNOWN,,UNKNOWN,,1.8,1.0,7.2,1.8,0.0,2.2,5.0,1.0,4.0,0.0,1.0,4.0,,,,11.25,2.75,2.25,4.5,2.25,7.45,4.0,5.0,9.0,1.0,2.0,1.0,,,,True,True,UNKNOWN,False,False
2021000677,2021-08-22 13:00:00,福岡ソフトバンクホークス,千葉ロッテマリーンズ,4.0,2.0,UNKNOWN,福岡PayPayドーム,excluded,high,False,False,1800130,1900010,[],[],,,,,0,light,2021-08-22T04:00:00+00:00,,UNKNOWN,,,,UNKNOWN,UNKNOWN,,UNKNOWN,,4.153846153846154,2.307692307692308,2.076923076923077,10.384615384615385,2.076923076923077,9.2,4.333333333333333,2.0,5.0,1.0,5.0,1.0,,,,2.25,1.5,13.5,6.75,0.0,2.45,4.0,1.0,3.0,0.0,3.0,6.0,,,,True,True,UNKNOWN,False,False
2021000676,2021-08-22 13:00:00,オリックス・バファローズ,埼玉西武ライオンズ,3.0,10.0,UNKNOWN,京セラドーム大阪,unknown,low,False,False,1700125,1400195,[],[],,,,,0,light,2021-08-22T04:00:00+00:00,,UNKNOWN,,,,UNKNOWN,UNKNOWN,,UNKNOWN,,3.6,0.8,3.6,3.6,0.0,3.6,5.0,2.0,2.0,0.0,2.0,2.0,,,,18.0,3.0,4.5,0.0,4.5,8.7,2.0,4.0,6.0,1.0,0.0,1.0,,,,True,True,UNKNOWN,False,False
2021000671,2021-08-21 18:00:00,福岡ソフトバンクホークス,千葉ロッテマリーンズ,6.0,8.0,UNKNOWN,福岡PayPayドーム,unknown,low,False,False,1000155,1300080,[],[],,,,,0,light,2021-08-21T09:00:00+00:00,,UNKNOWN,,,,UNKNOWN,UNKNOWN,,UNKNOWN,,7.941176470588235,1.2352941176470587,7.941176470588235,1.588235294117647,1.588235294117647,4.258823529411765,5.666666666666667,5.0,6.0,1.0,1.0,5.0,,,,4.2631578947368425,1.105263157894737,15.631578947368421,5.684210526315789,0.0,1.6210526315789475,6.333333333333333,3.0,3.0,0.0,4.0,11.0,,,,True,True,UNKNOWN,False,False
2021000673,2021-08-22 14:00:00,中日ドラゴンズ,阪神タイガース,0.0,2.0,UNKNOWN,バンテリンドーム ナゴヤ,unknown,low,False,False,900425,1500074,[],[],,,,,0,light,2021-08-22T05:00:00+00:00,,UNKNOWN,,,,UNKNOWN,UNKNOWN,,UNKNOWN,,0.0,0.7142857142857143,6.428571428571429,1.2857142857142858,0.0,2.2,7.0,0.0,4.0,0.0,1.0,5.0,,,,2.25,0.75,3.375,1.125,1.125,4.45,8.0,2.0,5.0,1.0,1.0,3.0,,,,True,True,UNKNOWN,False,False
2021000675,2021-08-22 14:00:00,北海道日本ハムファイターズ,東北楽天ゴールデンイーグルス,2.0,1.0,UNKNOWN,札幌ドーム,unknown,low,False,False,500014,1100099,[],[],,,,,0,light,2021-08-22T05:00:00+00:00,,UNKNOWN,,,,UNKNOWN,UNKNOWN,,UNKNOWN,,4.5,2.5,0.0,9.0,0.0,6.2,2.0,1.0,3.0,0.0,2.0,0.0,,,,1.2857142857142858,1.0,2.5714285714285716,2.5714285714285716,0.0,3.4857142857142858,7.0,1.0,5.0,0.0,2.0,2.0,,,,True,True,UNKNOWN,False,False
2021000672,2021-08-22 14:00:00,読売ジャイアンツ,横浜DeNAベイスターズ,4.0,4.0,UNKNOWN,東京ドーム,unknown,low,False,False,1500061,1800023,[],[],,,,,0,light,2021-08-22T05:00:00+00:00,,UNKNOWN,,,,UNKNOWN,UNKNOWN,,UNKNOWN,,5.142857142857143,0.7142857142857143,11.571428571428571,0.0,3.857142857142857,6.2,7.0,4.0,5.0,3.0,0.0,9.0,,,,7.2,1.8,5.4,7.2,1.8,7.0,5.0,4.0,5.0,1.0,4.0,3.0,,,,True,True,UNKNOWN,False,False
2021000678,2021-08-24 17:45:00,読売ジャイアンツ,広島東洋カープ,3.0,1.0,UNKNOWN,東京ドーム,unknown,low,False,False,1900052,1700002,[],[],,,,,0,light,2021-08-24T08:45:00+00:00,,UNKNOWN,,,,UNKNOWN,UNKNOWN,,UNKNOWN,,3.857142857142857,0.8571428571428571,10.285714285714286,0.0,3.857142857142857,6.485714285714286,7.0,3.0,6.0,3.0,0.0,8.0,,,,1.2857142857142858,0.8571428571428571,9.0,3.857142857142857,0.0,2.4857142857142858,7.0,1.0,3.0,0.0,3.0,7.0,,,,True,True,UNKNOWN,False,False
2021000680,2021-08-24 18:00:00,阪神タイガース,横浜DeNAベイスターズ,8.0,2.0,UNKNOWN,京セラドーム大阪,unknown,low,False,False,1600081,1500090,[],[],,,,,0,light,2021-08-24T09:00:00+00:00,,UNKNOWN,,,,UNKNOWN,UNKNOWN,,UNKNOWN,,13.5,2.25,11.25,4.5,2.25,5.45,4.0,6.0,7.0,1.0,2.0,5.0,,,,2.5714285714285716,1.5714285714285714,3.857142857142857,5.142857142857143,0.0,4.057142857142857,7.0,2.0,7.0,0.0,4.0,3.0,,,,True,True,UNKNOWN,False,False
2021000679,2021-08-24 18:00:00,東京ヤクルトスワローズ,中日ドラゴンズ,2.0,1.0,UNKNOWN,草薙総合運動場野球場,unknown,low,False,False,1200055,1500042,[],[],,,,,0,light,2021-08-24T09:00:00+00:00,,UNKNOWN,,,,UNKNOWN,UNKNOWN,,UNKNOWN,,2.25,0.875,6.75,0.0,0.0,1.7000000000000002,8.0,2.0,7.0,0.0,0.0,6.0,,,,1.3499999999999999,1.3499999999999999,8.1,4.05,0.0,2.75,6.666666666666667,1.0,6.0,0.0,3.0,6.0,,,,True,True,UNKNOWN,False,False
2021000683,2021-08-24 17:45:00,埼玉西武ライオンズ,福岡ソフトバンクホークス,4.0,4.0,UNKNOWN,メットライフドーム,unknown,low,False,False,1200106,1400182,[],[],,,,,0,light,2021-08-24T08:45:00+00:00,,UNKNOWN,,,,UNKNOWN,UNKNOWN,,UNKNOWN,,1.5,1.1666666666666667,7.5,1.5,0.0,2.033333333333333,6.0,1.0,6.0,0.0,1.0,5.0,,,,1.5,1.3333333333333333,10.5,4.5,0.0,2.3666666666666667,6.0,1.0,5.0,0.0,3.0,7.0,,,,True,True,UNKNOWN,False,False
2021000681,2021-08-24 18:30:00,北海道日本ハムファイターズ,千葉ロッテマリーンズ,3.0,3.0,UNKNOWN,札幌ドーム,unknown,low,False,False,1400190,1900129,[],[],,,,,0,light,2021-08-24T09:30:00+00:00,,UNKNOWN,,,,UNKNOWN,UNKNOWN,,UNKNOWN,,4.5,1.5,7.5,4.5,1.5,5.2,6.0,3.0,6.0,1.0,3.0,5.0,,,,0.0,0.5,13.5,0.0,0.0,0.20000000000000018,4.0,0.0,2.0,0.0,0.0,6.0,,,,True,True,UNKNOWN,False,False
2021000689,2021-08-25 17:45:00,埼玉西武ライオンズ,福岡ソフトバンクホークス,1.0,6.0,UNKNOWN,メットライフドーム,unknown,low,False,False,1000174,1800022,[],[],,,,,0,light,2021-08-25T08:45:00+00:00,,UNKNOWN,,,,UNKNOWN,UNKNOWN,,UNKNOWN,,0.0,1.1428571428571428,11.571428571428571,7.714285714285714,0.0,3.2,7.0,0.0,2.0,0.0,6.0,9.0,,,,6.428571428571429,1.7142857142857142,3.857142857142857,3.857142857142857,0.0,3.6285714285714286,7.0,5.0,9.0,0.0,3.0,3.0,,,,True,True,UNKNOWN,False,False
2021000684,2021-08-25 17:45:00,読売ジャイアンツ,広島東洋カープ,5.0,3.0,UNKNOWN,東京ドーム,unknown,low,False,False,1900057,1800025,[],[],,,,,0,light,2021-08-25T08:45:00+00:00,,UNKNOWN,,,,UNKNOWN,UNKNOWN,,UNKNOWN,,4.5,1.3333333333333333,7.5,4.5,0.0,3.0333333333333337,6.0,3.0,5.0,0.0,3.0,5.0,,,,20.25,5.25,0.0,6.75,0.0,5.45,1.3333333333333333,3.0,6.0,0.0,1.0,0.0,,,,True,True,UNKNOWN,False,False
2021000685,2021-08-25 18:00:00,東京ヤクルトスワローズ,中日ドラゴンズ,3.0,3.0,UNKNOWN,草薙総合運動場野球場,unknown,low,False,False,1200098,12113,[],[],,,,,0,light,2021-08-25T09:00:00+00:00,,UNKNOWN,,,,UNKNOWN,UNKNOWN,,UNKNOWN,,3.8571428571428568,1.2857142857142856,3.8571428571428568,3.8571428571428568,0.0,3.6285714285714286,4.666666666666667,2.0,4.0,0.0,2.0,2.0,,,,1.8,1.4,3.6,5.4,0.0,4.2,5.0,1.0,4.0,0.0,3.0,2.0,,,,True,True,UNKNOWN,False,False
2021000686,2021-08-25 18:00:00,阪神タイガース,横浜DeNAベイスターズ,2.0,10.0,UNKNOWN,京セラドーム大阪,unknown,low,False,False,1800045,2000052,[],[],,,,,0,light,2021-08-25T09:00:00+00:00,,UNKNOWN,,,,UNKNOWN,UNKNOWN,,UNKNOWN,,1.5,0.8333333333333334,13.5,3.0,0.0,1.2000000000000002,6.0,1.0,3.0,0.0,2.0,9.0,,,,15.0,3.0,9.0,6.0,3.0,7.533333333333333,3.0,5.0,7.0,1.0,2.0,3.0,,,,True,True,UNKNOWN,False,False
2021000688,2021-08-25 18:00:00,東北楽天ゴールデンイーグルス,オリックス・バファローズ,2.0,2.0,UNKNOWN,楽天生命パーク宮城,unknown,low,False,False,1700109,2000121,[],[],,,,,0,light,2021-08-25T09:00:00+00:00,,UNKNOWN,,,,UNKNOWN,UNKNOWN,,UNKNOWN,,1.5,1.3333333333333333,7.5,6.0,1.5,5.7,6.0,1.0,4.0,1.0,4.0,5.0,,,,3.375,1.125,6.75,0.0,1.6875,4.1375,5.333333333333333,2.0,6.0,1.0,0.0,4.0,,,,True,True,UNKNOWN,False,False
2021000687,2021-08-25 18:00:00,北海道日本ハムファイターズ,千葉ロッテマリーンズ,4.0,7.0,UNKNOWN,札幌ドーム,unknown,low,False,False,1800052,1900070,[],[],,,,,0,light,2021-08-25T09:00:00+00:00,,UNKNOWN,,,,UNKNOWN,UNKNOWN,,UNKNOWN,,6.230769230769231,2.076923076923077,12.461538461538462,2.076923076923077,0.0,1.123076923076923,4.333333333333333,3.0,8.0,0.0,1.0,6.0,,,,6.0,1.1666666666666667,6.0,0.0,3.0,6.2,6.0,4.0,7.0,2.0,0.0,4.0,,,,True,True,UNKNOWN,False,False
2021000693,2021-08-26 17:45:00,埼玉西武ライオンズ,福岡ソフトバンクホークス,3.0,0.0,UNKNOWN,メットライフドーム,unknown,low,False,False,1400129,1800081,[],[],,,,,0,light,2021-08-26T08:45:00+00:00,,UNKNOWN,,,,UNKNOWN,UNKNOWN,,UNKNOWN,,8.1,2.4,16.2,8.1,2.6999999999999997,6.2,3.3333333333333335,3.0,5.0,1.0,3.0,6.0,,,,0.0,1.0,9.0,5.4,0.0,3.0,5.0,0.0,2.0,0.0,3.0,5.0,,,,True,True,UNKNOWN,False,False
2021000694,2021-08-27 17:30:00,東京ヤクルトスワローズ,横浜DeNAベイスターズ,0.0,4.0,UNKNOWN,東京ドーム,unknown,low,False,False,1600084,1900024,[],[],,,,,0,light,2021-08-27T08:30:00+00:00,,UNKNOWN,,,,UNKNOWN,UNKNOWN,,UNKNOWN,,0.0,0.2857142857142857,9.0,0.0,0.0,1.2000000000000002,7.0,0.0,2.0,0.0,0.0,7.0,,,,4.05,0.75,4.05,0.0,4.05,8.15,6.666666666666667,3.0,5.0,3.0,0.0,3.0,,,,True,True,UNKNOWN,False,False
2021000690,2021-08-26 17:45:00,読売ジャイアンツ,広島東洋カープ,2.0,11.0,UNKNOWN,東京ドーム,excluded,high,False,False,1300058,1200041,[],[],,,,,0,light,2021-08-26T08:45:00+00:00,,UNKNOWN,,,,UNKNOWN,UNKNOWN,,UNKNOWN,,1.5,1.5,3.0,7.5,0.0,5.033333333333333,6.0,1.0,4.0,0.0,5.0,2.0,,,,7.5,1.1666666666666667,9.0,1.5,4.5,8.2,6.0,5.0,6.0,3.0,1.0,6.0,,,,True,True,UNKNOWN,False,False
2021000692,2021-08-26 18:00:00,東北楽天ゴールデンイーグルス,オリックス・バファローズ,7.0,6.0,UNKNOWN,楽天生命パーク宮城,excluded,high,False,False,1600155,1200117,[],[],,,,,0,light,2021-08-26T09:00:00+00:00,,UNKNOWN,,,,UNKNOWN,UNKNOWN,,UNKNOWN,,22.5,4.0,9.0,13.5,0.0,5.7,2.0,5.0,5.0,0.0,3.0,2.0,,,,6.352941176470588,1.588235294117647,7.941176470588235,0.0,4.764705882352941,8.317647058823528,5.666666666666667,4.0,9.0,3.0,0.0,5.0,,,,True,True,UNKNOWN,False,False
2021000691,2021-08-26 18:00:00,阪神タイガース,横浜DeNAベイスターズ,9.0,3.0,UNKNOWN,京セラドーム大阪,regular,high,True,True,1900031,1900147,[],[],,,,,0,light,2021-08-26T09:00:00+00:00,,UNKNOWN,,,,UNKNOWN,UNKNOWN,,UNKNOWN,,11.25,1.75,9.0,4.5,4.5,9.2,4.0,5.0,5.0,2.0,2.0,4.0,,,,1.4210526315789473,1.2631578947368423,4.2631578947368425,2.8421052631578947,1.4210526315789473,5.252631578947369,6.333333333333333,1.0,6.0,1.0,2.0,3.0,,,,True,True,UNKNOWN,False,False
2021000698,2021-08-27 17:45:00,埼玉西武ライオンズ,北海道日本ハムファイターズ,2.0,7.0,UNKNOWN,メットライフドーム,unknown,low,False,False,1600093,1800080,[],[],,,,,0,light,2021-08-27T08:45:00+00:00,,UNKNOWN,,,,UNKNOWN,UNKNOWN,,UNKNOWN,,2.25,1.5,9.0,4.5,2.25,5.95,4.0,1.0,4.0,1.0,2.0,4.0,,,,6.230769230769231,1.8461538461538463,10.384615384615385,8.307692307692308,0.0,3.661538461538462,4.333333333333333,3.0,4.0,0.0,4.0,5.0,,,,True,True,UNKNOWN,False,False
2021000696,2021-08-27 18:00:00,広島東洋カープ,阪神タイガース,6.0,4.0,UNKNOWN,MAZDA Zoom-Zoom スタジアム広島,unknown,low,False,False,900062,1300057,[],[],,,,,0,light,2021-08-27T09:00:00+00:00,,UNKNOWN,,,,UNKNOWN,UNKNOWN,,UNKNOWN,,4.5,1.5,6.0,3.0,0.0,2.8666666666666667,6.0,3.0,7.0,0.0,2.0,4.0,,,,1.5,1.3333333333333333,7.5,3.0,1.5,4.7,6.0,1.0,6.0,1.0,2.0,5.0,,,,True,True,UNKNOWN,False,False
2021000695,2021-08-27 17:45:00,中日ドラゴンズ,読売ジャイアンツ,4.0,1.0,UNKNOWN,バンテリンドーム ナゴヤ,unknown,low,False,False,600008,1000138,[],[],,,,,0,light,2021-08-27T08:45:00+00:00,,UNKNOWN,,,,UNKNOWN,UNKNOWN,,UNKNOWN,,13.5,4.0,13.5,13.5,0.0,4.7,2.0,3.0,5.0,0.0,3.0,3.0,,,,1.2857142857142858,0.7142857142857143,9.0,2.5714285714285716,1.2857142857142858,3.9142857142857146,7.0,1.0,3.0,1.0,2.0,7.0,,,,True,True,UNKNOWN,False,False
2021000697,2021-08-27 18:00:00,東北楽天ゴールデンイーグルス,千葉ロッテマリーンズ,1.0,3.0,UNKNOWN,楽天生命パーク宮城,unknown,low,False,False,1300055,700069,[],[],,,,,0,light,2021-08-27T09:00:00+00:00,,UNKNOWN,,,,UNKNOWN,UNKNOWN,,UNKNOWN,,1.5,1.5,4.5,3.0,0.0,3.2,6.0,1.0,7.0,0.0,2.0,3.0,,,,1.2857142857142858,1.1428571428571428,5.142857142857143,3.857142857142857,1.2857142857142858,5.2,7.0,1.0,5.0,1.0,3.0,4.0,,,,True,True,UNKNOWN,False,False
2021000701,2021-08-28 14:00:00,中日ドラゴンズ,読売ジャイアンツ,1.0,1.0,UNKNOWN,バンテリンドーム ナゴヤ,unknown,low,False,False,1800028,1600106,[],[],,,,,0,light,2021-08-28T05:00:00+00:00,,UNKNOWN,,,,UNKNOWN,UNKNOWN,,UNKNOWN,,1.125,0.5,10.125,2.25,1.125,3.325,8.0,1.0,2.0,1.0,2.0,9.0,,,,0.0,1.1666666666666667,13.5,4.5,0.0,1.7000000000000002,6.0,0.0,4.0,0.0,3.0,9.0,,,,True,True,UNKNOWN,False,False
2021000699,2021-08-27 18:00:00,オリックス・バファローズ,福岡ソフトバンクホークス,2.0,0.0,UNKNOWN,京セラドーム大阪,unknown,low,False,False,1800002,1600153,[],[],,,,,0,light,2021-08-27T09:00:00+00:00,,UNKNOWN,,,,UNKNOWN,UNKNOWN,,UNKNOWN,,2.5714285714285716,1.4285714285714286,2.5714285714285716,3.857142857142857,0.0,3.9142857142857146,7.0,2.0,7.0,0.0,3.0,2.0,,,,0.0,0.4444444444444444,9.0,0.0,0.0,1.2000000000000002,9.0,0.0,4.0,0.0,0.0,9.0,,,,True,True,UNKNOWN,False,False
2021000704,2021-08-28 17:00:00,埼玉西武ライオンズ,北海道日本ハムファイターズ,8.0,8.0,UNKNOWN,メットライフドーム,unknown,low,False,False,1500110,1600127,[],[],,,,,0,light,2021-08-28T08:00:00+00:00,,UNKNOWN,,,,UNKNOWN,UNKNOWN,,UNKNOWN,,5.4,2.2,1.8,1.8,1.8,6.0,5.0,3.0,10.0,1.0,1.0,1.0,,,,12.6,2.2,7.2,7.2,3.6,9.2,5.0,7.0,7.0,2.0,4.0,4.0,,,,True,True,UNKNOWN,False,False
2021000700,2021-08-28 14:00:00,東京ヤクルトスワローズ,横浜DeNAベイスターズ,2.0,2.0,UNKNOWN,東京ドーム,unknown,low,False,False,2000145,2000139,[],[],,,,,0,light,2021-08-28T05:00:00+00:00,,UNKNOWN,,,,UNKNOWN,UNKNOWN,,UNKNOWN,,3.0,1.3333333333333333,6.0,1.5,1.5,4.533333333333333,6.0,2.0,7.0,1.0,1.0,4.0,,,,3.0,0.6666666666666666,13.5,1.5,3.0,5.033333333333333,6.0,2.0,3.0,2.0,1.0,9.0,,,,True,True,UNKNOWN,False,False
2021000705,2021-08-28 18:00:00,オリックス・バファローズ,福岡ソフトバンクホークス,2.0,2.0,UNKNOWN,京セラドーム大阪,unknown,low,False,False,1300080,1900087,[],[],,,,,0,light,2021-08-28T09:00:00+00:00,,UNKNOWN,,,,UNKNOWN,UNKNOWN,,UNKNOWN,,1.2857142857142858,0.8571428571428571,3.857142857142857,1.2857142857142858,0.0,2.771428571428572,7.0,1.0,5.0,0.0,1.0,3.0,,,,1.5,1.3333333333333333,7.5,1.5,0.0,2.033333333333333,6.0,1.0,7.0,0.0,1.0,5.0,,,,True,True,UNKNOWN,False,False
2021000703,2021-08-28 18:00:00,東北楽天ゴールデンイーグルス,千葉ロッテマリーンズ,1.0,5.0,UNKNOWN,楽天生命パーク宮城,unknown,low,False,False,1900080,700065,[],[],,,,,0,light,2021-08-28T09:00:00+00:00,,UNKNOWN,,,,UNKNOWN,UNKNOWN,,UNKNOWN,,0.0,1.0,9.0,3.6,0.0,2.4000000000000004,5.0,0.0,3.0,0.0,2.0,5.0,,,,9.0,2.2,3.6,1.8,5.4,10.8,5.0,5.0,10.0,3.0,1.0,2.0,,,,True,True,UNKNOWN,False,False
2021000702,2021-08-28 18:00:00,広島東洋カープ,阪神タイガース,7.0,6.0,UNKNOWN,MAZDA Zoom-Zoom スタジアム広島,excluded,high,False,False,2000055,1100081,[],[],,,,,0,light,2021-08-28T09:00:00+00:00,,UNKNOWN,,,,UNKNOWN,UNKNOWN,,UNKNOWN,,15.0,2.6666666666666665,0.0,6.0,6.0,13.866666666666667,3.0,5.0,6.0,2.0,2.0,0.0,,,,8.1,3.0,5.3999999999999995,8.1,0.0,4.7,3.3333333333333335,3.0,7.0,0.0,3.0,2.0,,,,True,True,UNKNOWN,False,False
2021000711,2021-08-29 13:00:00,オリックス・バファローズ,福岡ソフトバンクホークス,6.0,3.0,UNKNOWN,京セラドーム大阪,unknown,low,False,False,20204,1860208,[],[],,,,,0,light,2021-08-29T04:00:00+00:00,,UNKNOWN,,,,UNKNOWN,UNKNOWN,,UNKNOWN,,1.9285714285714284,1.0714285714285714,7.7142857142857135,0.0,0.0,1.485714285714286,4.666666666666667,1.0,5.0,0.0,0.0,4.0,,,,3.6,1.4,7.2,3.6,1.8,5.4,5.0,2.0,5.0,1.0,2.0,4.0,,,,True,True,UNKNOWN,False,False
2021000706,2021-08-29 14:00:00,東京ヤクルトスワローズ,横浜DeNAベイスターズ,5.0,2.0,UNKNOWN,東京ドーム,unknown,low,False,False,1500061,1500040,[],[],,,,,0,light,2021-08-29T05:00:00+00:00,,UNKNOWN,,,,UNKNOWN,UNKNOWN,,UNKNOWN,,1.5,0.6666666666666666,3.0,3.0,0.0,3.5333333333333337,6.0,1.0,2.0,0.0,2.0,2.0,,,,0.0,1.1428571428571428,5.142857142857143,3.857142857142857,0.0,3.342857142857143,7.0,0.0,5.0,0.0,3.0,4.0,,,,True,True,UNKNOWN,False,False
2021000710,2021-08-29 17:00:00,埼玉西武ライオンズ,北海道日本ハムファイターズ,0.0,6.0,UNKNOWN,メットライフドーム,unknown,low,False,False,2000079,1500104,[],[],,,,,0,light,2021-08-29T08:00:00+00:00,,UNKNOWN,,,,UNKNOWN,UNKNOWN,,UNKNOWN,,0.0,0.7777777777777778,9.0,3.0,0.0,2.2,9.0,0.0,4.0,0.0,3.0,9.0,,,,9.0,1.5,6.75,4.5,0.0,3.2,4.0,4.0,4.0,0.0,2.0,3.0,,,,True,True,UNKNOWN,False,False
2021000709,2021-08-29 17:00:00,東北楽天ゴールデンイーグルス,千葉ロッテマリーンズ,0.0,1.0,UNKNOWN,楽天生命パーク宮城,unknown,low,False,False,1800130,1600005,[],[],,,,,0,light,2021-08-29T08:00:00+00:00,,UNKNOWN,,,,UNKNOWN,UNKNOWN,,UNKNOWN,,0.0,0.5,7.5,1.5,0.0,2.033333333333333,6.0,0.0,2.0,0.0,1.0,5.0,,,,0.0,0.5,4.5,1.5,0.0,2.7,6.0,0.0,2.0,0.0,1.0,3.0,,,,True,True,UNKNOWN,False,False
2021000707,2021-08-29 14:00:00,中日ドラゴンズ,読売ジャイアンツ,1.0,5.0,UNKNOWN,バンテリンドーム ナゴヤ,unknown,low,False,False,1800023,1500074,[],[],,,,,0,light,2021-08-29T05:00:00+00:00,,UNKNOWN,,,,UNKNOWN,UNKNOWN,,UNKNOWN,,0.0,1.0,10.8,5.4,0.0,2.6,5.0,0.0,2.0,0.0,3.0,6.0,,,,5.4,1.4,7.2,1.8,0.0,2.2,5.0,3.0,6.0,0.0,1.0,4.0,,,,True,True,UNKNOWN,False,False
2021000713,2021-08-31 17:45:00,横浜DeNAベイスターズ,広島東洋カープ,7.0,6.0,UNKNOWN,横浜スタジアム,unknown,low,False,False,1900052,1600081,[],[],,,,,0,light,2021-08-31T08:45:00+00:00,,UNKNOWN,,,,UNKNOWN,UNKNOWN,,UNKNOWN,,7.2,2.4,9.0,10.8,3.6,10.0,5.0,4.0,6.0,2.0,6.0,5.0,,,,11.571428571428571,2.142857142857143,7.7142857142857135,11.571428571428571,0.0,5.342857142857143,2.3333333333333335,3.0,2.0,0.0,3.0,2.0,,,,True,True,UNKNOWN,False,False
2021000712,2021-08-31 17:45:00,読売ジャイアンツ,東京ヤクルトスワローズ,10.0,8.0,UNKNOWN,長良川球場,unknown,low,False,False,1200076,1700002,[],[],,,,,0,light,2021-08-31T08:45:00+00:00,,UNKNOWN,,,,UNKNOWN,UNKNOWN,,UNKNOWN,,9.818181818181818,2.181818181818182,9.818181818181818,2.4545454545454546,4.909090909090909,8.927272727272728,3.6666666666666665,4.0,7.0,2.0,1.0,4.0,,,,7.7142857142857135,2.142857142857143,15.428571428571427,3.8571428571428568,3.8571428571428568,6.628571428571428,4.666666666666667,4.0,8.0,2.0,2.0,8.0,,,,True,True,UNKNOWN,False,False
2021000715,2021-08-31 13:00:00,北海道日本ハムファイターズ,オリックス・バファローズ,3.0,1.0,UNKNOWN,札幌ドーム,unknown,low,False,False,1400195,1100099,[],[],,,,,0,light,2021-08-31T04:00:00+00:00,,UNKNOWN,,,,UNKNOWN,UNKNOWN,,UNKNOWN,,3.8571428571428568,1.7142857142857142,7.7142857142857135,1.9285714285714284,0.0,2.128571428571429,4.666666666666667,2.0,7.0,0.0,1.0,4.0,,,,1.2857142857142858,1.0,12.857142857142858,0.0,0.0,0.34285714285714297,7.0,1.0,7.0,0.0,0.0,10.0,,,,True,True,UNKNOWN,False,False
2021000716,2021-08-31 17:45:00,千葉ロッテマリーンズ,埼玉西武ライオンズ,5.0,1.0,UNKNOWN,ZOZOマリンスタジアム,unknown,low,False,False,1400182,1000155,[],[],,,,,0,light,2021-08-31T08:45:00+00:00,,UNKNOWN,,,,UNKNOWN,UNKNOWN,,UNKNOWN,,6.0,1.3333333333333333,7.5,3.0,1.5,4.7,6.0,4.0,6.0,1.0,2.0,5.0,,,,1.2857142857142858,0.5714285714285714,6.428571428571429,0.0,0.0,1.7714285714285716,7.0,1.0,4.0,0.0,0.0,5.0,,,,True,True,UNKNOWN,False,False
2021000708,2021-08-29 18:00:00,広島東洋カープ,阪神タイガース,5.0,0.0,UNKNOWN,MAZDA Zoom-Zoom スタジアム広島,unknown,low,False,False,900425,1600123,[],[],,,,,0,light,2021-08-29T09:00:00+00:00,,UNKNOWN,,,,UNKNOWN,UNKNOWN,,UNKNOWN,,0.0,1.3333333333333333,6.0,1.5,3.0,6.7,6.0,0.0,7.0,2.0,1.0,4.0,,,,0.0,1.0,15.0,1.5,0.0,0.3666666666666667,6.0,0.0,5.0,0.0,1.0,10.0,,,,True,True,UNKNOWN,False,False
2021000714,2021-08-31 18:00:00,阪神タイガース,中日ドラゴンズ,5.0,8.0,UNKNOWN,阪神甲子園球場,unknown,low,False,False,1200055,1500090,[],[],,,,,0,light,2021-08-31T09:00:00+00:00,,UNKNOWN,,,,UNKNOWN,UNKNOWN,,UNKNOWN,,11.25,1.75,6.75,2.25,0.0,2.45,4.0,5.0,6.0,0.0,1.0,3.0,,,,9.0,2.0,7.2,1.8,0.0,2.2,5.0,5.0,9.0,0.0,1.0,4.0,,,,True,True,UNKNOWN,False,False
2021000717,2021-08-31 18:00:00,福岡ソフトバンクホークス,東北楽天ゴールデンイーグルス,3.0,6.0,UNKNOWN,ひなたサンマリンスタジアム宮崎,unknown,low,False,False,2000121,1200106,[],[],,,,,0,light,2021-08-31T09:00:00+00:00,,UNKNOWN,,,,UNKNOWN,UNKNOWN,,UNKNOWN,,9.0,2.0,9.0,3.0,0.0,2.2,3.0,3.0,5.0,0.0,1.0,3.0,,,,13.5,2.5,6.75,2.25,6.75,12.2,4.0,6.0,9.0,3.0,1.0,3.0,,,,True,True,UNKNOWN,False,False
2021000719,2021-09-01 17:45:00,横浜DeNAベイスターズ,広島東洋カープ,7.0,2.0,UNKNOWN,横浜スタジアム,unknown,low,False,False,1900057,1800045,[],[],,,,,0,light,2021-09-01T08:45:00+00:00,,UNKNOWN,,,,UNKNOWN,UNKNOWN,,UNKNOWN,,7.941176470588235,1.7647058823529411,9.529411764705882,1.588235294117647,0.0,1.6117647058823532,5.666666666666667,5.0,9.0,0.0,1.0,6.0,,,,1.5,1.5,3.0,1.5,0.0,3.0333333333333337,6.0,1.0,8.0,0.0,1.0,2.0,,,,True,True,UNKNOWN,False,False
2021000718,2021-09-01 18:00:00,読売ジャイアンツ,東京ヤクルトスワローズ,2.0,0.0,UNKNOWN,京セラドーム大阪,unknown,low,False,False,1500042,1200041,[],[],,,,,0,light,2021-09-01T09:00:00+00:00,,UNKNOWN,,,,UNKNOWN,UNKNOWN,,UNKNOWN,,2.5714285714285716,0.7142857142857143,7.714285714285714,1.2857142857142858,1.2857142857142858,3.7714285714285714,7.0,2.0,4.0,1.0,1.0,6.0,,,,0.0,0.25,9.0,1.125,0.0,1.5750000000000002,8.0,0.0,1.0,0.0,1.0,8.0,,,,True,True,UNKNOWN,False,False
2021000720,2021-09-01 18:00:00,阪神タイガース,中日ドラゴンズ,2.0,1.0,UNKNOWN,阪神甲子園球場,unknown,low,False,False,1200098,2000052,[],[],,,,,0,light,2021-09-01T09:00:00+00:00,,UNKNOWN,,,,UNKNOWN,UNKNOWN,,UNKNOWN,,1.6875,1.125,6.75,3.375,0.0,2.825,5.333333333333333,1.0,4.0,0.0,2.0,4.0,,,,0.0,0.5714285714285714,7.714285714285714,0.0,0.0,1.485714285714286,7.0,0.0,4.0,0.0,0.0,6.0,,,,True,True,UNKNOWN,False,False
2021000722,2021-09-01 17:45:00,千葉ロッテマリーンズ,埼玉西武ライオンズ,7.0,14.0,UNKNOWN,ZOZOマリンスタジアム,unknown,low,False,False,1800022,1400190,[],[],,,,,0,light,2021-09-01T08:45:00+00:00,,UNKNOWN,,,,UNKNOWN,UNKNOWN,,UNKNOWN,,6.0,2.3333333333333335,6.0,6.0,3.0,8.2,3.0,2.0,5.0,1.0,2.0,2.0,,,,27.0,3.0,4.5,4.5,4.5,10.2,2.0,6.0,5.0,1.0,1.0,1.0,,,,True,True,UNKNOWN,False,False
2021000724,2021-09-02 17:45:00,横浜DeNAベイスターズ,広島東洋カープ,3.0,11.0,UNKNOWN,横浜スタジアム,unknown,low,False,False,1300058,1900031,[],[],,,,,0,light,2021-09-02T08:45:00+00:00,,UNKNOWN,,,,UNKNOWN,UNKNOWN,,UNKNOWN,,4.5,1.3333333333333333,7.5,4.5,3.0,7.366666666666667,6.0,3.0,5.0,2.0,3.0,5.0,,,,6.75,1.6875,8.4375,5.0625,1.6875,5.45,5.333333333333333,4.0,6.0,1.0,3.0,5.0,,,,True,True,UNKNOWN,False,False
2021000721,2021-09-01 18:00:00,北海道日本ハムファイターズ,オリックス・バファローズ,12.0,1.0,UNKNOWN,札幌ドーム,unknown,low,False,False,1700109,1900129,[],[],,,,,0,light,2021-09-01T09:00:00+00:00,,UNKNOWN,,,,UNKNOWN,UNKNOWN,,UNKNOWN,,19.636363636363637,3.0,9.818181818181818,7.363636363636364,0.0,3.472727272727273,3.6666666666666665,8.0,8.0,0.0,3.0,4.0,,,,0.0,0.3333333333333333,10.5,1.5,0.0,1.366666666666667,6.0,0.0,1.0,0.0,1.0,7.0,,,,True,True,UNKNOWN,False,False
2021000723,2021-09-02 18:00:00,読売ジャイアンツ,東京ヤクルトスワローズ,2.0,2.0,UNKNOWN,京セラドーム大阪,unknown,low,False,False,12113,600008,[],[],,,,,0,light,2021-09-02T09:00:00+00:00,,UNKNOWN,,,,UNKNOWN,UNKNOWN,,UNKNOWN,,1.5,0.5,7.5,0.0,1.5,3.7,6.0,1.0,3.0,1.0,0.0,5.0,,,,0.0,0.7142857142857143,9.0,3.857142857142857,0.0,2.4857142857142858,7.0,0.0,2.0,0.0,3.0,7.0,,,,True,True,UNKNOWN,False,False
2021000726,2021-09-02 18:00:00,北海道日本ハムファイターズ,オリックス・バファローズ,6.0,6.0,UNKNOWN,札幌ドーム,unknown,low,False,False,1500088,1900070,[],[],,,,,0,light,2021-09-02T09:00:00+00:00,,UNKNOWN,,,,UNKNOWN,UNKNOWN,,UNKNOWN,,4.909090909090909,1.3636363636363638,7.363636363636364,2.4545454545454546,2.4545454545454546,5.927272727272728,3.6666666666666665,2.0,4.0,1.0,1.0,3.0,,,,3.0,1.5,0.0,4.5,0.0,4.7,6.0,2.0,6.0,0.0,3.0,0.0,,,,True,True,UNKNOWN,False,False
2021000727,2021-09-02 18:00:00,福岡ソフトバンクホークス,東北楽天ゴールデンイーグルス,5.0,2.0,UNKNOWN,福岡PayPayドーム,unknown,low,False,False,1200117,1000174,[],[],,,,,0,light,2021-09-02T09:00:00+00:00,,UNKNOWN,,,,UNKNOWN,UNKNOWN,,UNKNOWN,,7.2,1.4,9.0,3.6,3.6,7.6000000000000005,5.0,4.0,5.0,2.0,2.0,5.0,,,,2.5714285714285716,1.1428571428571428,10.285714285714286,2.5714285714285716,0.0,1.7714285714285716,7.0,2.0,6.0,0.0,2.0,8.0,,,,True,True,UNKNOWN,False,False
2021000728,2021-09-03 17:30:00,東京ヤクルトスワローズ,広島東洋カープ,3.0,1.0,UNKNOWN,東京ドーム,unknown,low,False,False,1300057,1800143,[],[],,,,,0,light,2021-09-03T08:30:00+00:00,,UNKNOWN,,,,UNKNOWN,UNKNOWN,,UNKNOWN,,4.5,1.5,4.5,4.5,1.5,5.866666666666667,6.0,3.0,6.0,1.0,3.0,3.0,,,,0.0,1.5,13.5,3.375,0.0,1.3250000000000002,5.333333333333333,0.0,6.0,0.0,2.0,8.0,,,,True,True,UNKNOWN,False,False
2021000729,2021-09-03 17:45:00,中日ドラゴンズ,横浜DeNAベイスターズ,1.0,0.0,UNKNOWN,バンテリンドーム ナゴヤ,unknown,low,False,False,1600084,1000138,[],[],,,,,0,light,2021-09-03T08:45:00+00:00,,UNKNOWN,,,,UNKNOWN,UNKNOWN,,UNKNOWN,,0.0,1.0,9.0,3.0,0.0,2.2,6.0,0.0,4.0,0.0,2.0,6.0,,,,0.0,1.0,6.428571428571429,1.2857142857142858,0.0,2.2,7.0,0.0,6.0,0.0,1.0,5.0,,,,True,True,UNKNOWN,False,False
2021000730,2021-09-03 18:00:00,阪神タイガース,読売ジャイアンツ,7.0,3.0,UNKNOWN,阪神甲子園球場,unknown,low,False,False,1800028,900062,[],[],,,,,0,light,2021-09-03T09:00:00+00:00,,UNKNOWN,,,,UNKNOWN,UNKNOWN,,UNKNOWN,,7.105263157894737,0.9473684210526316,8.526315789473685,1.4210526315789473,0.0,1.7789473684210528,6.333333333333333,5.0,5.0,0.0,1.0,6.0,,,,4.5,1.1666666666666667,7.5,1.5,0.0,2.033333333333333,6.0,3.0,6.0,0.0,1.0,5.0,,,,True,True,UNKNOWN,False,False
2021000733,2021-09-03 18:00:00,福岡ソフトバンクホークス,オリックス・バファローズ,1.0,2.0,UNKNOWN,福岡PayPayドーム,unknown,low,False,False,1600153,1800002,[],[],,,,,0,light,2021-09-03T09:00:00+00:00,,UNKNOWN,,,,UNKNOWN,UNKNOWN,,UNKNOWN,,1.125,0.875,5.625,4.5,0.0,3.45,8.0,1.0,3.0,0.0,4.0,5.0,,,,1.2857142857142858,0.5714285714285714,11.571428571428571,2.5714285714285716,1.2857142857142858,3.342857142857143,7.0,1.0,2.0,1.0,2.0,9.0,,,,True,True,UNKNOWN,False,False
2021000731,2021-09-03 18:00:00,東北楽天ゴールデンイーグルス,埼玉西武ライオンズ,4.0,8.0,UNKNOWN,楽天生命パーク宮城,unknown,low,False,False,1800080,700069,[],[],,,,,0,light,2021-09-03T09:00:00+00:00,,UNKNOWN,,,,UNKNOWN,UNKNOWN,,UNKNOWN,,3.0,1.0,9.0,4.5,0.0,2.7,6.0,2.0,3.0,0.0,3.0,6.0,,,,4.5,0.875,5.625,0.0,1.125,3.575,8.0,4.0,7.0,1.0,0.0,5.0,,,,True,True,UNKNOWN,False,False
2021000734,2021-09-04 14:00:00,東京ヤクルトスワローズ,広島東洋カープ,2.0,4.0,UNKNOWN,東京ドーム,unknown,low,False,False,1600122,2000139,[],[],,,,,0,light,2021-09-04T05:00:00+00:00,,UNKNOWN,,,,UNKNOWN,UNKNOWN,,UNKNOWN,,0.0,1.0,7.5,1.5,0.0,2.033333333333333,6.0,0.0,5.0,0.0,1.0,5.0,,,,6.0,1.1666666666666667,4.5,1.5,4.5,9.2,6.0,4.0,6.0,3.0,1.0,3.0,,,,True,True,UNKNOWN,False,False
2021000735,2021-09-04 14:00:00,中日ドラゴンズ,横浜DeNAベイスターズ,1.0,3.0,UNKNOWN,バンテリンドーム ナゴヤ,unknown,low,False,False,2000145,1600106,[],[],,,,,0,light,2021-09-04T05:00:00+00:00,,UNKNOWN,,,,UNKNOWN,UNKNOWN,,UNKNOWN,,1.5,1.5,1.5,3.0,0.0,3.8666666666666667,6.0,1.0,7.0,0.0,2.0,1.0,,,,1.5,1.3333333333333333,12.0,6.0,0.0,2.5333333333333337,6.0,1.0,4.0,0.0,4.0,8.0,,,,True,True,UNKNOWN,False,False
2021000732,2021-09-03 17:45:00,千葉ロッテマリーンズ,北海道日本ハムファイターズ,7.0,5.0,UNKNOWN,ZOZOマリンスタジアム,unknown,low,False,False,1600093,1800052,[],[],,,,,0,light,2021-09-03T08:45:00+00:00,,UNKNOWN,,,,UNKNOWN,UNKNOWN,,UNKNOWN,,9.818181818181818,1.9090909090909092,4.909090909090909,4.909090909090909,2.4545454545454546,7.290909090909091,3.6666666666666665,4.0,5.0,1.0,2.0,2.0,,,,10.384615384615385,2.7692307692307696,6.230769230769231,8.307692307692308,0.0,4.584615384615385,4.333333333333333,5.0,8.0,0.0,4.0,3.0,,,,True,True,UNKNOWN,False,False
2021000739,2021-09-04 14:00:00,福岡ソフトバンクホークス,オリックス・バファローズ,11.0,4.0,UNKNOWN,福岡PayPayドーム,unknown,low,False,False,1860208,1300080,[],[],,,,,0,light,2021-09-04T05:00:00+00:00,,UNKNOWN,,,,UNKNOWN,UNKNOWN,,UNKNOWN,,13.5,1.75,6.75,6.75,2.25,7.2,4.0,6.0,4.0,1.0,3.0,3.0,,,,6.0,1.0,12.0,1.5,3.0,5.366666666666667,6.0,4.0,5.0,2.0,1.0,8.0,,,,True,True,UNKNOWN,False,False
2021000738,2021-09-04 17:00:00,千葉ロッテマリーンズ,北海道日本ハムファイターズ,3.0,3.0,UNKNOWN,ZOZOマリンスタジアム,unknown,low,False,False,1500110,2000087,[],[],,,,,0,light,2021-09-04T08:00:00+00:00,,UNKNOWN,,,,UNKNOWN,UNKNOWN,,UNKNOWN,,5.4,1.2,9.0,0.0,0.0,1.2000000000000002,5.0,3.0,6.0,0.0,0.0,5.0,,,,6.75,2.75,11.25,4.5,2.25,5.45,4.0,3.0,9.0,1.0,2.0,5.0,,,,True,True,UNKNOWN,False,False
2021000737,2021-09-04 14:00:00,東北楽天ゴールデンイーグルス,埼玉西武ライオンズ,8.0,5.0,UNKNOWN,楽天生命パーク宮城,unknown,low,False,False,1600127,700065,[],[],,,,,0,light,2021-09-04T05:00:00+00:00,,UNKNOWN,,,,UNKNOWN,UNKNOWN,,UNKNOWN,,18.9,3.3,5.3999999999999995,10.799999999999999,0.0,5.6,3.3333333333333335,7.0,7.0,0.0,4.0,2.0,,,,4.5,1.1666666666666667,7.5,3.0,0.0,2.5333333333333337,6.0,3.0,5.0,0.0,2.0,5.0,,,,True,True,UNKNOWN,False,False
2021000736,2021-09-04 18:00:00,阪神タイガース,読売ジャイアンツ,4.0,3.0,UNKNOWN,阪神甲子園球場,unknown,low,False,False,1800023,1900147,[],[],,,,,0,light,2021-09-04T09:00:00+00:00,,UNKNOWN,,,,UNKNOWN,UNKNOWN,,UNKNOWN,,3.0,0.6666666666666666,6.0,1.5,1.5,4.533333333333333,6.0,2.0,3.0,1.0,1.0,4.0,,,,4.2631578947368425,1.105263157894737,7.105263157894737,1.4210526315789473,1.4210526315789473,4.147368421052632,6.333333333333333,3.0,6.0,1.0,1.0,5.0,,,,True,True,UNKNOWN,False,False
2021000745,2021-09-05 13:00:00,福岡ソフトバンクホークス,オリックス・バファローズ,12.0,4.0,UNKNOWN,福岡PayPayドーム,unknown,low,False,False,1000027,20204,[],[],,,,,0,light,2021-09-05T04:00:00+00:00,,UNKNOWN,,,,UNKNOWN,UNKNOWN,,UNKNOWN,,18.9,2.1,5.3999999999999995,5.3999999999999995,2.6999999999999997,7.7,3.3333333333333335,7.0,5.0,1.0,2.0,2.0,,,,3.6,0.8,9.0,1.8,1.8,4.4,5.0,2.0,3.0,1.0,1.0,5.0,,,,True,True,UNKNOWN,False,False
2021000743,2021-09-05 15:00:00,東北楽天ゴールデンイーグルス,埼玉西武ライオンズ,8.0,2.0,UNKNOWN,楽天生命パーク宮城,unknown,low,False,False,1800081,1600005,[],[],,,,,0,light,2021-09-05T06:00:00+00:00,,UNKNOWN,,,,UNKNOWN,UNKNOWN,,UNKNOWN,,16.2,2.6999999999999997,2.6999999999999997,5.3999999999999995,0.0,4.4,3.3333333333333335,6.0,7.0,0.0,2.0,1.0,,,,4.5,2.0,0.0,6.75,0.0,5.45,4.0,2.0,5.0,0.0,3.0,0.0,,,,True,True,UNKNOWN,False,False
2021000740,2021-09-05 14:00:00,東京ヤクルトスワローズ,広島東洋カープ,1.0,6.0,UNKNOWN,東京ドーム,unknown,low,False,False,1600123,1300029,[],[],,,,,0,light,2021-09-05T05:00:00+00:00,,UNKNOWN,,,,UNKNOWN,UNKNOWN,,UNKNOWN,,1.2857142857142858,0.5714285714285714,9.0,0.0,0.0,1.2000000000000002,7.0,1.0,4.0,0.0,0.0,7.0,,,,12.0,1.6666666666666667,9.0,0.0,3.0,5.533333333333333,3.0,4.0,5.0,1.0,0.0,3.0,,,,True,True,UNKNOWN,False,False
2021000741,2021-09-05 14:00:00,中日ドラゴンズ,横浜DeNAベイスターズ,2.0,0.0,UNKNOWN,バンテリンドーム ナゴヤ,unknown,low,False,False,1500061,2000003,[],[],,,,,0,light,2021-09-05T05:00:00+00:00,,UNKNOWN,,,,UNKNOWN,UNKNOWN,,UNKNOWN,,0.0,0.5714285714285714,5.142857142857143,1.2857142857142858,0.0,2.4857142857142858,7.0,0.0,3.0,0.0,1.0,4.0,,,,0.0,1.4,14.4,9.0,0.0,3.0,5.0,0.0,2.0,0.0,5.0,8.0,,,,True,True,UNKNOWN,False,False
2021000746,2021-09-07 17:45:00,横浜DeNAベイスターズ,読売ジャイアンツ,8.0,2.0,UNKNOWN,横浜スタジアム,excluded,high,False,False,1200041,1000084,[],[],,,,,0,light,2021-09-07T08:45:00+00:00,,UNKNOWN,,,,UNKNOWN,UNKNOWN,,UNKNOWN,,14.53846153846154,2.307692307692308,14.53846153846154,6.230769230769231,0.0,2.046153846153846,4.333333333333333,7.0,7.0,0.0,3.0,7.0,,,,3.6,1.6,3.6,1.8,0.0,3.0,5.0,2.0,7.0,0.0,1.0,2.0,,,,True,True,UNKNOWN,False,False
2021000744,2021-09-05 17:00:00,千葉ロッテマリーンズ,北海道日本ハムファイターズ,2.0,1.0,UNKNOWN,ZOZOマリンスタジアム,unknown,low,False,False,1900071,1800130,[],[],,,,,0,light,2021-09-05T08:00:00+00:00,,UNKNOWN,,,,UNKNOWN,UNKNOWN,,UNKNOWN,,4.5,1.75,4.5,6.75,0.0,4.45,4.0,2.0,4.0,0.0,3.0,2.0,,,,1.2857142857142858,1.1428571428571428,11.571428571428571,1.2857142857142858,0.0,1.0571428571428574,7.0,1.0,7.0,0.0,1.0,9.0,,,,True,True,UNKNOWN,False,False
2021000747,2021-09-07 18:00:00,阪神タイガース,東京ヤクルトスワローズ,0.0,12.0,UNKNOWN,阪神甲子園球場,unknown,low,False,False,1900024,1500090,[],[],,,,,0,light,2021-09-07T09:00:00+00:00,,UNKNOWN,,,,UNKNOWN,UNKNOWN,,UNKNOWN,,0.0,0.2857142857142857,10.285714285714286,0.0,0.0,0.9142857142857146,7.0,0.0,2.0,0.0,0.0,8.0,,,,9.0,2.4,5.4,7.2,3.6,9.600000000000001,5.0,5.0,8.0,2.0,4.0,3.0,,,,True,True,UNKNOWN,False,False
2021000750,2021-09-07 17:45:00,埼玉西武ライオンズ,福岡ソフトバンクホークス,6.0,5.0,UNKNOWN,メットライフドーム,unknown,low,False,False,1200106,1400182,[],[],,,,,0,light,2021-09-07T08:45:00+00:00,,UNKNOWN,,,,UNKNOWN,UNKNOWN,,UNKNOWN,,8.1,2.6999999999999997,2.6999999999999997,5.3999999999999995,0.0,4.4,3.3333333333333335,3.0,7.0,0.0,2.0,1.0,,,,6.428571428571429,1.2857142857142858,6.428571428571429,2.5714285714285716,1.2857142857142858,4.485714285714286,7.0,5.0,7.0,1.0,2.0,5.0,,,,True,True,UNKNOWN,False,False
2021000742,2021-09-05 18:00:00,阪神タイガース,読売ジャイアンツ,6.0,6.0,UNKNOWN,阪神甲子園球場,unknown,low,False,False,1700002,900425,[],[],,,,,0,light,2021-09-05T09:00:00+00:00,,UNKNOWN,,,,UNKNOWN,UNKNOWN,,UNKNOWN,,0.0,1.2,3.6,1.8,0.0,3.0,5.0,0.0,5.0,0.0,1.0,2.0,,,,13.5,2.0,4.5,4.5,4.5,10.2,2.0,3.0,3.0,1.0,1.0,1.0,,,,True,True,UNKNOWN,False,False
2021000749,2021-09-07 18:00:00,北海道日本ハムファイターズ,東北楽天ゴールデンイーグルス,4.0,2.0,UNKNOWN,札幌ドーム,unknown,low,False,False,2000121,2000079,[],[],,,,,0,light,2021-09-07T09:00:00+00:00,,UNKNOWN,,,,UNKNOWN,UNKNOWN,,UNKNOWN,,7.2,1.6,9.0,5.4,0.0,3.0,5.0,4.0,5.0,0.0,3.0,5.0,,,,2.5714285714285716,1.4285714285714286,6.428571428571429,3.857142857142857,0.0,3.0571428571428574,7.0,2.0,7.0,0.0,3.0,5.0,,,,True,True,UNKNOWN,False,False
2021000748,2021-09-07 18:00:00,広島東洋カープ,中日ドラゴンズ,8.0,7.0,UNKNOWN,MAZDA Zoom-Zoom スタジアム広島,unknown,low,False,False,1500074,1900052,[],[],,,,,0,light,2021-09-07T09:00:00+00:00,,UNKNOWN,,,,UNKNOWN,UNKNOWN,,UNKNOWN,,4.5,1.0,6.0,0.0,3.0,6.2,6.0,3.0,6.0,2.0,0.0,4.0,,,,6.352941176470588,2.2941176470588234,7.941176470588235,6.352941176470588,0.0,3.5529411764705885,5.666666666666667,4.0,9.0,0.0,4.0,5.0,,,,True,True,UNKNOWN,False,False
2021000751,2021-09-07 18:00:00,オリックス・バファローズ,千葉ロッテマリーンズ,4.0,3.0,UNKNOWN,ほっともっとフィールド神戸,unknown,low,False,False,1000155,1900087,[],[],,,,,0,light,2021-09-07T09:00:00+00:00,,UNKNOWN,,,,UNKNOWN,UNKNOWN,,UNKNOWN,,1.5,1.5,6.0,4.5,0.0,3.3666666666666667,6.0,1.0,6.0,0.0,3.0,4.0,,,,5.4,2.4,10.8,7.2,0.0,3.2,5.0,3.0,8.0,0.0,4.0,6.0,,,,True,True,UNKNOWN,False,False
2021000752,2021-09-08 17:45:00,横浜DeNAベイスターズ,読売ジャイアンツ,4.0,1.0,UNKNOWN,横浜スタジアム,unknown,low,False,False,600008,1800045,[],[],,,,,0,light,2021-09-08T08:45:00+00:00,,UNKNOWN,,,,UNKNOWN,UNKNOWN,,UNKNOWN,,7.2,1.8,9.0,3.6,0.0,2.4000000000000004,5.0,4.0,7.0,0.0,2.0,5.0,,,,1.5,1.3333333333333333,10.5,1.5,0.0,1.366666666666667,6.0,1.0,7.0,0.0,1.0,7.0,,,,True,True,UNKNOWN,False,False
2021000753,2021-09-08 18:00:00,阪神タイガース,東京ヤクルトスワローズ,5.0,3.0,UNKNOWN,阪神甲子園球場,unknown,low,False,False,1200076,2000052,[],[],,,,,0,light,2021-09-08T09:00:00+00:00,,UNKNOWN,,,,UNKNOWN,UNKNOWN,,UNKNOWN,,6.352941176470588,1.2352941176470587,3.176470588235294,3.176470588235294,1.588235294117647,5.847058823529412,5.666666666666667,4.0,5.0,1.0,2.0,2.0,,,,5.4,1.6,3.6,1.8,1.8,5.6,5.0,3.0,7.0,1.0,1.0,2.0,,,,True,True,UNKNOWN,False,False
2021000754,2021-09-08 18:00:00,広島東洋カープ,中日ドラゴンズ,1.0,4.0,UNKNOWN,MAZDA Zoom-Zoom スタジアム広島,unknown,low,False,False,1200098,1900057,[],[],,,,,0,light,2021-09-08T09:00:00+00:00,,UNKNOWN,,,,UNKNOWN,UNKNOWN,,UNKNOWN,,1.5,1.0,3.0,0.0,1.5,4.7,6.0,1.0,6.0,1.0,0.0,2.0,,,,3.857142857142857,1.5714285714285714,3.857142857142857,3.857142857142857,1.2857142857142858,5.485714285714286,7.0,3.0,8.0,1.0,3.0,3.0,,,,True,True,UNKNOWN,False,False
2021000756,2021-09-08 17:45:00,埼玉西武ライオンズ,福岡ソフトバンクホークス,0.0,9.0,UNKNOWN,メットライフドーム,unknown,low,False,False,1000174,1800022,[],[],,,,,0,light,2021-09-08T08:45:00+00:00,,UNKNOWN,,,,UNKNOWN,UNKNOWN,,UNKNOWN,,0.0,0.5714285714285714,7.714285714285714,0.0,0.0,1.485714285714286,7.0,0.0,4.0,0.0,0.0,6.0,,,,30.375,4.875,0.0,6.75,3.375,10.325,2.6666666666666665,9.0,11.0,1.0,2.0,0.0,,,,True,True,UNKNOWN,False,False
2021000755,2021-09-08 18:00:00,北海道日本ハムファイターズ,東北楽天ゴールデンイーグルス,0.0,8.0,UNKNOWN,札幌ドーム,unknown,low,False,False,1900117,1100099,[],[],,,,,0,light,2021-09-08T09:00:00+00:00,,UNKNOWN,,,,UNKNOWN,UNKNOWN,,UNKNOWN,,0.0,0.5,9.0,1.5,0.0,1.7000000000000002,6.0,0.0,2.0,0.0,1.0,6.0,,,,4.5,1.6666666666666667,3.0,3.0,1.5,5.7,6.0,3.0,8.0,1.0,2.0,2.0,,,,True,True,UNKNOWN,False,False
2021000757,2021-09-08 18:00:00,オリックス・バファローズ,千葉ロッテマリーンズ,1.0,4.0,UNKNOWN,ほっともっとフィールド神戸,unknown,low,False,False,1300055,1600155,[],[],,,,,0,light,2021-09-08T09:00:00+00:00,,UNKNOWN,,,,UNKNOWN,UNKNOWN,,UNKNOWN,,1.2857142857142858,0.42857142857142855,6.428571428571429,0.0,1.2857142857142858,3.6285714285714286,7.0,1.0,3.0,1.0,0.0,5.0,,,,1.5,1.0,9.0,4.5,0.0,2.7,6.0,1.0,3.0,0.0,3.0,6.0,,,,True,True,UNKNOWN,False,False
2021000758,2021-09-09 17:45:00,横浜DeNAベイスターズ,読売ジャイアンツ,5.0,5.0,UNKNOWN,横浜スタジアム,unknown,low,False,False,1800028,1900031,[],[],,,,,0,light,2021-09-09T08:45:00+00:00,,UNKNOWN,,,,UNKNOWN,UNKNOWN,,UNKNOWN,,5.4,1.4,12.6,1.8,3.6,6.2,5.0,3.0,6.0,2.0,1.0,7.0,,,,0.0,1.6,5.4,3.6,0.0,3.2,5.0,0.0,6.0,0.0,2.0,3.0,,,,True,True,UNKNOWN,False,False
2021000759,2021-09-09 18:00:00,阪神タイガース,東京ヤクルトスワローズ,3.0,13.0,UNKNOWN,阪神甲子園球場,excluded,high,False,False,1500042,1700078,[],[],,,,,0,light,2021-09-09T09:00:00+00:00,,UNKNOWN,,,,UNKNOWN,UNKNOWN,,UNKNOWN,,4.5,1.0,15.0,0.0,0.0,-0.1333333333333333,6.0,3.0,6.0,0.0,0.0,10.0,,,,11.25,2.5,6.75,2.25,0.0,2.45,4.0,5.0,9.0,0.0,1.0,3.0,,,,True,True,UNKNOWN,False,False
2021000761,2021-09-09 18:00:00,北海道日本ハムファイターズ,東北楽天ゴールデンイーグルス,0.0,4.0,UNKNOWN,札幌ドーム,unknown,low,False,False,1200117,1900129,[],[],,,,,0,light,2021-09-09T09:00:00+00:00,,UNKNOWN,,,,UNKNOWN,UNKNOWN,,UNKNOWN,,0.0,0.4444444444444444,11.0,1.0,0.0,1.088888888888889,9.0,0.0,3.0,0.0,1.0,11.0,,,,6.0,1.6666666666666667,7.5,4.5,1.5,5.2,6.0,4.0,7.0,1.0,3.0,5.0,,,,True,True,UNKNOWN,False,False
2021000760,2021-09-09 18:00:00,広島東洋カープ,中日ドラゴンズ,12.0,5.0,UNKNOWN,MAZDA Zoom-Zoom スタジアム広島,unknown,low,False,False,1800061,1300058,[],[],,,,,0,light,2021-09-09T09:00:00+00:00,,UNKNOWN,,,,UNKNOWN,UNKNOWN,,UNKNOWN,,12.0,3.0,3.0,12.0,6.0,15.2,3.0,4.0,5.0,2.0,4.0,1.0,,,,8.307692307692308,2.307692307692308,8.307692307692308,6.230769230769231,0.0,3.430769230769231,4.333333333333333,4.0,7.0,0.0,3.0,4.0,,,,True,True,UNKNOWN,False,False
2021000763,2021-09-10 17:45:00,読売ジャイアンツ,中日ドラゴンズ,1.0,10.0,UNKNOWN,東京ドーム,unknown,low,False,False,1000138,1800023,[],[],,,,,0,light,2021-09-10T08:45:00+00:00,,UNKNOWN,,,,UNKNOWN,UNKNOWN,,UNKNOWN,,1.2857142857142858,1.0,5.142857142857143,2.5714285714285716,1.2857142857142858,4.771428571428571,7.0,1.0,5.0,1.0,2.0,4.0,,,,10.384615384615385,1.8461538461538463,4.153846153846154,2.076923076923077,6.230769230769231,11.96923076923077,4.333333333333333,5.0,7.0,3.0,1.0,2.0,,,,True,True,UNKNOWN,False,False
2021000762,2021-09-09 18:00:00,オリックス・バファローズ,千葉ロッテマリーンズ,2.0,2.0,UNKNOWN,ほっともっとフィールド神戸,unknown,low,False,False,1300050,1700109,[],[],,,,,0,light,2021-09-09T09:00:00+00:00,,UNKNOWN,,,,UNKNOWN,UNKNOWN,,UNKNOWN,,3.0,1.3333333333333333,1.5,1.5,1.5,5.533333333333333,6.0,2.0,7.0,1.0,1.0,1.0,,,,1.125,0.625,11.25,2.25,1.125,3.075,8.0,1.0,3.0,1.0,2.0,10.0,,,,True,True,UNKNOWN,False,False
2021000764,2021-09-10 18:00:00,北海道日本ハムファイターズ,福岡ソフトバンクホークス,4.0,4.0,UNKNOWN,札幌ドーム,unknown,low,False,False,1800002,1900070,[],[],,,,,0,light,2021-09-10T09:00:00+00:00,,UNKNOWN,,,,UNKNOWN,UNKNOWN,,UNKNOWN,,0.0,1.1666666666666667,10.5,4.5,0.0,2.3666666666666667,6.0,0.0,4.0,0.0,3.0,7.0,,,,4.5,1.1666666666666667,7.5,3.0,0.0,2.5333333333333337,6.0,3.0,5.0,0.0,2.0,5.0,,,,True,True,UNKNOWN,False,False
2021000766,2021-09-10 17:45:00,千葉ロッテマリーンズ,東北楽天ゴールデンイーグルス,3.0,2.0,UNKNOWN,ZOZOマリンスタジアム,unknown,low,False,False,700069,1900080,[],[],,,,,0,light,2021-09-10T08:45:00+00:00,,UNKNOWN,,,,UNKNOWN,UNKNOWN,,UNKNOWN,,2.25,0.625,7.875,1.125,1.125,3.45,8.0,2.0,4.0,1.0,1.0,7.0,,,,2.25,0.25,10.125,0.0,1.125,2.575,8.0,2.0,2.0,1.0,0.0,9.0,,,,True,True,UNKNOWN,False,False
2021004878,2021-09-10 18:00:00,広島東洋カープ,阪神タイガース,1.0,4.0,UNKNOWN,MAZDA Zoom-Zoom スタジアム広島,unknown,low,False,False,900062,1300057,[],[],,,,,0,light,2021-09-10T09:00:00+00:00,,UNKNOWN,,,,UNKNOWN,UNKNOWN,,UNKNOWN,,1.8,1.6,3.6,5.4,0.0,4.2,5.0,1.0,5.0,0.0,3.0,2.0,,,,4.5,1.8333333333333333,0.0,1.5,0.0,3.7,6.0,3.0,10.0,0.0,1.0,0.0,,,,True,True,UNKNOWN,False,False
2021000765,2021-09-10 17:45:00,埼玉西武ライオンズ,オリックス・バファローズ,1.0,7.0,UNKNOWN,メットライフドーム,unknown,low,False,False,1600153,1800080,[],[],,,,,0,light,2021-09-10T08:45:00+00:00,,UNKNOWN,,,,UNKNOWN,UNKNOWN,,UNKNOWN,,0.0,0.6666666666666666,13.5,3.0,0.0,1.2000000000000002,6.0,0.0,2.0,0.0,2.0,9.0,,,,10.8,2.4,10.8,5.4,3.6,7.8,5.0,6.0,9.0,2.0,3.0,6.0,,,,True,True,UNKNOWN,False,False
2021000769,2021-09-11 13:30:00,広島東洋カープ,阪神タイガース,1.0,4.0,UNKNOWN,MAZDA Zoom-Zoom スタジアム広島,unknown,low,False,False,900425,1600122,[],[],,,,,0,light,2021-09-11T04:30:00+00:00,,UNKNOWN,,,,UNKNOWN,UNKNOWN,,UNKNOWN,,1.2857142857142858,0.14285714285714285,3.857142857142857,0.0,1.2857142857142858,4.2,7.0,1.0,1.0,1.0,0.0,3.0,,,,5.4,1.8,5.4,3.6,1.8,5.800000000000001,5.0,3.0,7.0,1.0,2.0,3.0,,,,True,True,UNKNOWN,False,False
2021000771,2021-09-11 14:00:00,埼玉西武ライオンズ,オリックス・バファローズ,7.0,0.0,UNKNOWN,メットライフドーム,unknown,low,False,False,1660036,1600127,[],[],,,,,0,light,2021-09-11T05:00:00+00:00,,UNKNOWN,,,,UNKNOWN,UNKNOWN,,UNKNOWN,,12.461538461538462,2.076923076923077,10.384615384615385,6.230769230769231,2.076923076923077,5.969230769230769,4.333333333333333,6.0,6.0,1.0,3.0,5.0,,,,0.0,0.7777777777777778,13.0,4.0,0.0,1.6444444444444446,9.0,0.0,3.0,0.0,4.0,13.0,,,,True,True,UNKNOWN,False,False
2021000770,2021-09-11 14:00:00,北海道日本ハムファイターズ,福岡ソフトバンクホークス,17.0,5.0,UNKNOWN,札幌ドーム,unknown,low,False,False,1300080,1500110,[],[],,,,,0,light,2021-09-11T05:00:00+00:00,,UNKNOWN,,,,UNKNOWN,UNKNOWN,,UNKNOWN,,40.5,10.5,0.0,27.0,0.0,12.2,0.6666666666666666,3.0,5.0,0.0,2.0,0.0,,,,6.428571428571429,1.4285714285714286,3.857142857142857,2.5714285714285716,2.5714285714285716,6.914285714285715,7.0,5.0,8.0,2.0,2.0,3.0,,,,True,True,UNKNOWN,False,False
2021000772,2021-09-11 17:00:00,千葉ロッテマリーンズ,東北楽天ゴールデンイーグルス,4.0,1.0,UNKNOWN,ZOZOマリンスタジアム,unknown,low,False,False,700065,1800052,[],[],,,,,0,light,2021-09-11T08:00:00+00:00,,UNKNOWN,,,,UNKNOWN,UNKNOWN,,UNKNOWN,,5.684210526315789,0.7894736842105263,9.947368421052632,0.0,0.0,0.9894736842105263,6.333333333333333,4.0,5.0,0.0,0.0,7.0,,,,1.0,0.4444444444444444,8.0,0.0,1.0,2.8666666666666667,9.0,1.0,4.0,1.0,0.0,8.0,,,,True,True,UNKNOWN,False,False
2021000767,2021-09-11 14:00:00,読売ジャイアンツ,中日ドラゴンズ,4.0,5.0,UNKNOWN,東京ドーム,unknown,low,False,False,1600106,1700002,[],[],,,,,0,light,2021-09-11T05:00:00+00:00,,UNKNOWN,,,,UNKNOWN,UNKNOWN,,UNKNOWN,,3.375,1.6875,5.0625,5.0625,1.6875,6.2,5.333333333333333,2.0,6.0,1.0,3.0,3.0,,,,15.0,2.0,12.0,0.0,3.0,4.866666666666667,3.0,5.0,6.0,1.0,0.0,4.0,,,,True,True,UNKNOWN,False,False
2021000768,2021-09-11 17:30:00,東京ヤクルトスワローズ,横浜DeNAベイスターズ,9.0,2.0,UNKNOWN,明治神宮野球場,unknown,low,False,False,1600084,2000139,[],[],,,,,0,light,2021-09-11T08:30:00+00:00,,UNKNOWN,,,,UNKNOWN,UNKNOWN,,UNKNOWN,,15.0,2.6666666666666665,9.0,6.0,3.0,7.533333333333333,3.0,5.0,6.0,1.0,2.0,3.0,,,,3.176470588235294,0.8823529411764706,9.529411764705882,0.0,0.0,1.0823529411764707,5.666666666666667,2.0,5.0,0.0,0.0,6.0,,,,True,True,UNKNOWN,False,False
2021000777,2021-09-12 13:00:00,埼玉西武ライオンズ,オリックス・バファローズ,3.0,1.0,UNKNOWN,メットライフドーム,unknown,low,False,False,1400195,1800081,[],[],,,,,0,light,2021-09-12T04:00:00+00:00,,UNKNOWN,,,,UNKNOWN,UNKNOWN,,UNKNOWN,,3.5217391304347823,0.6521739130434783,2.3478260869565215,0.0,1.1739130434782608,4.373913043478261,7.666666666666667,3.0,5.0,1.0,0.0,2.0,,,,1.8,1.0,9.0,3.6,1.8,5.0,5.0,1.0,3.0,1.0,2.0,5.0,,,,True,True,UNKNOWN,False,False
2021000776,2021-09-12 14:00:00,北海道日本ハムファイターズ,福岡ソフトバンクホークス,3.0,0.0,UNKNOWN,札幌ドーム,unknown,low,False,False,20204,1900071,[],[],,,,,0,light,2021-09-12T05:00:00+00:00,,UNKNOWN,,,,UNKNOWN,UNKNOWN,,UNKNOWN,,5.4,1.2,12.6,3.6,3.6,6.800000000000001,5.0,3.0,4.0,2.0,2.0,7.0,,,,0.0,0.7894736842105263,8.526315789473685,4.2631578947368425,0.0,2.7263157894736842,6.333333333333333,0.0,2.0,0.0,3.0,6.0,,,,True,True,UNKNOWN,False,False
2021000778,2021-09-12 16:00:00,千葉ロッテマリーンズ,東北楽天ゴールデンイーグルス,9.0,2.0,UNKNOWN,ZOZOマリンスタジアム,unknown,low,False,False,1600005,2000090,[],[],,,,,0,light,2021-09-12T07:00:00+00:00,,UNKNOWN,,,,UNKNOWN,UNKNOWN,,UNKNOWN,,9.0,2.3333333333333335,3.0,6.0,6.0,13.2,3.0,3.0,5.0,2.0,2.0,1.0,,,,1.8,1.0,5.4,0.0,0.0,2.0,5.0,1.0,5.0,0.0,0.0,3.0,,,,True,True,UNKNOWN,False,False
2021000773,2021-09-12 17:00:00,横浜DeNAベイスターズ,阪神タイガース,8.0,1.0,UNKNOWN,横浜スタジアム,unknown,low,False,False,1900147,1500061,[],[],,,,,0,light,2021-09-12T08:00:00+00:00,,UNKNOWN,,,,UNKNOWN,UNKNOWN,,UNKNOWN,,7.5,1.6666666666666667,1.5,3.0,3.0,8.2,6.0,5.0,8.0,2.0,2.0,1.0,,,,1.125,0.75,12.375,0.0,0.0,0.4500000000000002,8.0,1.0,6.0,0.0,0.0,11.0,,,,True,True,UNKNOWN,False,False
2021000774,2021-09-12 17:45:00,中日ドラゴンズ,東京ヤクルトスワローズ,9.0,5.0,UNKNOWN,バンテリンドーム ナゴヤ,unknown,low,False,False,1500040,2000003,[],[],,,,,0,light,2021-09-12T08:45:00+00:00,,UNKNOWN,,,,UNKNOWN,UNKNOWN,,UNKNOWN,,7.7142857142857135,2.571428571428571,3.8571428571428568,11.571428571428571,0.0,6.2,2.3333333333333335,2.0,3.0,0.0,3.0,1.0,,,,6.75,2.5,13.5,11.25,2.25,7.2,4.0,3.0,5.0,1.0,5.0,6.0,,,,True,True,UNKNOWN,False,False
2021000775,2021-09-12 18:00:00,広島東洋カープ,読売ジャイアンツ,1.0,2.0,UNKNOWN,MAZDA Zoom-Zoom スタジアム広島,unknown,low,False,False,1200041,1600123,[],[],,,,,0,light,2021-09-12T09:00:00+00:00,,UNKNOWN,,,,UNKNOWN,UNKNOWN,,UNKNOWN,,1.2857142857142858,0.8571428571428571,7.714285714285714,1.2857142857142858,1.2857142857142858,3.7714285714285714,7.0,1.0,5.0,1.0,1.0,6.0,,,,2.5714285714285716,0.8571428571428571,3.857142857142857,3.857142857142857,1.2857142857142858,5.485714285714286,7.0,2.0,3.0,1.0,3.0,3.0,,,,True,True,UNKNOWN,False,False
2021000779,2021-09-13 17:45:00,中日ドラゴンズ,東京ヤクルトスワローズ,1.0,0.0,UNKNOWN,バンテリンドーム ナゴヤ,unknown,low,False,False,12113,1500074,[],[],,,,,0,light,2021-09-13T08:45:00+00:00,,UNKNOWN,,,,UNKNOWN,UNKNOWN,,UNKNOWN,,1.5,1.3333333333333333,7.5,1.5,0.0,2.033333333333333,6.0,1.0,7.0,0.0,1.0,5.0,,,,0.0,0.8571428571428571,6.428571428571429,2.5714285714285716,0.0,2.628571428571429,7.0,0.0,4.0,0.0,2.0,5.0,,,,True,True,UNKNOWN,False,False
2021000781,2021-09-14 17:30:00,東京ヤクルトスワローズ,阪神タイガース,4.0,4.0,UNKNOWN,明治神宮野球場,unknown,low,False,False,1500090,1800143,[],[],,,,,0,light,2021-09-14T08:30:00+00:00,,UNKNOWN,,,,UNKNOWN,UNKNOWN,,UNKNOWN,,3.6,1.6,5.4,3.6,0.0,3.2,5.0,2.0,6.0,0.0,2.0,3.0,,,,0.0,1.75,9.0,4.5,0.0,2.7,4.0,0.0,5.0,0.0,2.0,4.0,,,,True,True,UNKNOWN,False,False
2021000780,2021-09-14 17:45:00,読売ジャイアンツ,横浜DeNAベイスターズ,2.0,3.0,UNKNOWN,東京ドーム,unknown,low,False,False,2000145,600008,[],[],,,,,0,light,2021-09-14T08:45:00+00:00,,UNKNOWN,,,,UNKNOWN,UNKNOWN,,UNKNOWN,,2.4545454545454546,1.090909090909091,3.681818181818182,3.681818181818182,0.0,3.6090909090909093,7.333333333333333,2.0,5.0,0.0,3.0,3.0,,,,2.8421052631578947,0.6315789473684211,9.947368421052632,1.4210526315789473,1.4210526315789473,3.515789473684211,6.333333333333333,2.0,3.0,1.0,1.0,7.0,,,,True,True,UNKNOWN,False,False
2021000782,2021-09-14 17:45:00,中日ドラゴンズ,広島東洋カープ,10.0,1.0,UNKNOWN,バンテリンドーム ナゴヤ,unknown,low,False,False,1900052,1200098,[],[],,,,,0,light,2021-09-14T08:45:00+00:00,,UNKNOWN,,,,UNKNOWN,UNKNOWN,,UNKNOWN,,9.0,1.8333333333333333,9.0,4.5,0.0,2.7,6.0,6.0,8.0,0.0,3.0,6.0,,,,1.5,0.8333333333333334,4.5,1.5,0.0,2.7,6.0,1.0,4.0,0.0,1.0,3.0,,,,True,True,UNKNOWN,False,False
2021000784,2021-09-14 17:45:00,埼玉西武ライオンズ,北海道日本ハムファイターズ,3.0,1.0,UNKNOWN,メットライフドーム,unknown,low,False,False,1600093,1400182,[],[],,,,,0,light,2021-09-14T08:45:00+00:00,,UNKNOWN,,,,UNKNOWN,UNKNOWN,,UNKNOWN,,13.5,4.5,4.5,13.5,0.0,6.7,2.0,3.0,6.0,0.0,3.0,1.0,,,,0.0,0.8333333333333334,10.5,3.0,0.0,1.866666666666667,6.0,0.0,3.0,0.0,2.0,7.0,,,,True,True,UNKNOWN,False,False
2021000785,2021-09-14 18:00:00,福岡ソフトバンクホークス,千葉ロッテマリーンズ,1.0,3.0,UNKNOWN,福岡PayPayドーム,unknown,low,False,False,1800130,1000174,[],[],,,,,0,light,2021-09-14T09:00:00+00:00,,UNKNOWN,,,,UNKNOWN,UNKNOWN,,UNKNOWN,,1.5,1.1666666666666667,7.5,3.0,1.5,4.7,6.0,1.0,5.0,1.0,2.0,5.0,,,,3.375,1.0,15.75,2.25,0.0,0.4500000000000002,8.0,3.0,6.0,0.0,2.0,14.0,,,,True,True,UNKNOWN,False,False
2021000783,2021-09-14 18:00:00,東北楽天ゴールデンイーグルス,オリックス・バファローズ,4.0,1.0,UNKNOWN,楽天生命パーク宮城,excluded,high,False,False,1900087,2000121,[],[],,,,,0,light,2021-09-14T09:00:00+00:00,,UNKNOWN,,,,UNKNOWN,UNKNOWN,,UNKNOWN,,5.4,1.8,9.0,5.4,1.8,5.6,5.0,3.0,6.0,1.0,3.0,5.0,,,,1.1739130434782608,0.6521739130434783,7.0434782608695645,0.0,0.0,1.6347826086956525,7.666666666666667,1.0,5.0,0.0,0.0,6.0,,,,True,True,UNKNOWN,False,False
2021000786,2021-09-15 17:45:00,読売ジャイアンツ,横浜DeNAベイスターズ,7.0,6.0,UNKNOWN,東京ドーム,unknown,low,False,False,1800045,1800028,[],[],,,,,0,light,2021-09-15T08:45:00+00:00,,UNKNOWN,,,,UNKNOWN,UNKNOWN,,UNKNOWN,,5.0625,1.3125,6.75,1.6875,3.375,7.1375,5.333333333333333,3.0,6.0,2.0,1.0,4.0,,,,5.142857142857143,1.4285714285714286,5.142857142857143,6.428571428571429,1.2857142857142858,6.057142857142857,7.0,4.0,5.0,1.0,5.0,4.0,,,,True,True,UNKNOWN,False,False
2021004882,2021-09-15 17:30:00,東京ヤクルトスワローズ,阪神タイガース,1.0,0.0,UNKNOWN,明治神宮野球場,unknown,low,False,False,2000052,1200076,[],[],,,,,0,light,2021-09-15T08:30:00+00:00,,UNKNOWN,,,,UNKNOWN,UNKNOWN,,UNKNOWN,,1.5,1.0,1.5,1.5,0.0,3.3666666666666667,6.0,1.0,5.0,0.0,1.0,1.0,,,,0.0,1.434782608695652,8.217391304347826,5.869565217391304,0.0,3.330434782608696,7.666666666666667,0.0,6.0,0.0,5.0,7.0,,,,True,True,UNKNOWN,False,False
2021000787,2021-09-15 17:45:00,中日ドラゴンズ,広島東洋カープ,3.0,5.0,UNKNOWN,バンテリンドーム ナゴヤ,excluded,high,False,False,1900057,1600109,[],[],,,,,0,light,2021-09-15T08:45:00+00:00,,UNKNOWN,,,,UNKNOWN,UNKNOWN,,UNKNOWN,,6.75,1.5,4.5,4.5,2.25,6.95,4.0,3.0,4.0,1.0,2.0,2.0,,,,1.8,2.0,3.6,10.8,0.0,6.0,5.0,1.0,4.0,0.0,6.0,2.0,,,,True,True,UNKNOWN,False,False
2021000789,2021-09-15 17:45:00,埼玉西武ライオンズ,北海道日本ハムファイターズ,3.0,3.0,UNKNOWN,メットライフドーム,unknown,low,False,False,2000079,1500104,[],[],,,,,0,light,2021-09-15T08:45:00+00:00,,UNKNOWN,,,,UNKNOWN,UNKNOWN,,UNKNOWN,,3.6,2.0,5.4,5.4,0.0,3.8000000000000003,5.0,2.0,7.0,0.0,3.0,3.0,,,,9.0,2.0,6.0,9.0,3.0,9.2,3.0,3.0,3.0,1.0,3.0,2.0,,,,True,True,UNKNOWN,False,False
2021000788,2021-09-15 18:00:00,東北楽天ゴールデンイーグルス,オリックス・バファローズ,7.0,0.0,UNKNOWN,楽天生命パーク宮城,unknown,low,False,False,1600155,1900117,[],[],,,,,0,light,2021-09-15T09:00:00+00:00,,UNKNOWN,,,,UNKNOWN,UNKNOWN,,UNKNOWN,,9.642857142857142,1.7142857142857142,5.785714285714286,3.8571428571428568,0.0,3.2,4.666666666666667,5.0,6.0,0.0,2.0,3.0,,,,0.0,0.7142857142857143,6.428571428571429,1.2857142857142858,0.0,2.2,7.0,0.0,4.0,0.0,1.0,5.0,,,,True,True,UNKNOWN,False,False
2021000790,2021-09-15 18:00:00,福岡ソフトバンクホークス,千葉ロッテマリーンズ,4.0,5.0,UNKNOWN,福岡PayPayドーム,unknown,low,False,False,1000155,1900010,[],[],,,,,0,light,2021-09-15T09:00:00+00:00,,UNKNOWN,,,,UNKNOWN,UNKNOWN,,UNKNOWN,,10.799999999999999,2.4,8.1,5.3999999999999995,5.3999999999999995,11.0,3.3333333333333335,4.0,6.0,2.0,2.0,3.0,,,,6.0,2.3333333333333335,12.0,9.0,0.0,3.5333333333333337,3.0,2.0,4.0,0.0,3.0,4.0,,,,True,True,UNKNOWN,False,False
2021000792,2021-09-16 17:45:00,埼玉西武ライオンズ,北海道日本ハムファイターズ,1.0,3.0,UNKNOWN,メットライフドーム,unknown,low,False,False,1100099,1800080,[],[],,,,,0,light,2021-09-16T08:45:00+00:00,,UNKNOWN,,,,UNKNOWN,UNKNOWN,,UNKNOWN,,1.125,0.75,9.0,1.125,0.0,1.5750000000000002,8.0,1.0,5.0,0.0,1.0,8.0,,,,4.05,1.05,13.5,0.0,1.3499999999999999,2.1500000000000004,6.666666666666667,3.0,7.0,1.0,0.0,10.0,,,,True,True,UNKNOWN,False,False
2021000793,2021-09-16 18:00:00,福岡ソフトバンクホークス,千葉ロッテマリーンズ,1.0,1.0,UNKNOWN,福岡PayPayドーム,unknown,low,False,False,1300055,1800002,[],[],,,,,0,light,2021-09-16T09:00:00+00:00,,UNKNOWN,,,,UNKNOWN,UNKNOWN,,UNKNOWN,,1.588235294117647,1.2352941176470587,3.176470588235294,1.588235294117647,0.0,3.0235294117647062,5.666666666666667,1.0,6.0,0.0,1.0,2.0,,,,1.2857142857142858,1.0,9.0,3.857142857142857,0.0,2.4857142857142858,7.0,1.0,4.0,0.0,3.0,7.0,,,,True,True,UNKNOWN,False,False
2021000791,2021-09-16 18:00:00,東北楽天ゴールデンイーグルス,オリックス・バファローズ,1.0,3.0,UNKNOWN,楽天生命パーク宮城,unknown,low,False,False,1700109,1200117,[],[],,,,,0,light,2021-09-16T09:00:00+00:00,,UNKNOWN,,,,UNKNOWN,UNKNOWN,,UNKNOWN,,1.125,0.625,6.75,1.125,0.0,2.075,8.0,1.0,4.0,0.0,1.0,6.0,,,,0.0,1.3333333333333333,7.5,4.5,0.0,3.0333333333333337,6.0,0.0,5.0,0.0,3.0,5.0,,,,True,True,UNKNOWN,False,False
2021000794,2021-09-17 17:45:00,読売ジャイアンツ,東京ヤクルトスワローズ,2.0,8.0,UNKNOWN,東京ドーム,unknown,low,False,False,1900024,1800023,[],[],,,,,0,light,2021-09-17T08:45:00+00:00,,UNKNOWN,,,,UNKNOWN,UNKNOWN,,UNKNOWN,,1.2857142857142858,0.7142857142857143,6.428571428571429,0.0,0.0,1.7714285714285716,7.0,1.0,5.0,0.0,0.0,5.0,,,,6.75,2.0,9.0,6.75,2.25,6.7,4.0,3.0,5.0,1.0,3.0,4.0,,,,True,True,UNKNOWN,False,False
2021000797,2021-09-18 13:30:00,広島東洋カープ,横浜DeNAベイスターズ,2.0,4.0,UNKNOWN,MAZDA Zoom-Zoom スタジアム広島,unknown,low,False,False,1600084,1300057,[],[],,,,,0,light,2021-09-18T04:30:00+00:00,,UNKNOWN,,,,UNKNOWN,UNKNOWN,,UNKNOWN,,1.3499999999999999,1.3499999999999999,10.799999999999999,4.05,0.0,2.1500000000000004,6.666666666666667,1.0,6.0,0.0,3.0,8.0,,,,1.2857142857142858,0.7142857142857143,7.714285714285714,1.2857142857142858,0.0,1.9142857142857144,7.0,1.0,4.0,0.0,1.0,6.0,,,,True,True,UNKNOWN,False,False
2021000796,2021-09-18 14:00:00,阪神タイガース,中日ドラゴンズ,1.0,0.0,UNKNOWN,阪神甲子園球場,unknown,low,False,False,1000138,1700078,[],[],,,,,0,light,2021-09-18T05:00:00+00:00,,UNKNOWN,,,,UNKNOWN,UNKNOWN,,UNKNOWN,,1.2857142857142858,0.8571428571428571,9.0,0.0,0.0,1.2000000000000002,7.0,1.0,6.0,0.0,0.0,7.0,,,,0.0,0.2857142857142857,12.857142857142858,0.0,0.0,0.34285714285714297,7.0,0.0,2.0,0.0,0.0,10.0,,,,True,True,UNKNOWN,False,False
2021000800,2021-09-18 14:00:00,オリックス・バファローズ,埼玉西武ライオンズ,4.0,0.0,UNKNOWN,京セラドーム大阪,unknown,low,False,False,1600127,1600153,[],[],,,,,0,light,2021-09-18T05:00:00+00:00,,UNKNOWN,,,,UNKNOWN,UNKNOWN,,UNKNOWN,,6.0,1.3333333333333333,13.5,3.0,1.5,3.3666666666666667,6.0,4.0,6.0,1.0,2.0,9.0,,,,0.0,0.75,12.375,1.125,0.0,0.8250000000000002,8.0,0.0,5.0,0.0,1.0,11.0,,,,True,True,UNKNOWN,False,False
2021000795,2021-09-18 17:45:00,読売ジャイアンツ,東京ヤクルトスワローズ,6.0,6.0,UNKNOWN,東京ドーム,unknown,low,False,False,1500042,1700002,[],[],,,,,0,light,2021-09-18T08:45:00+00:00,,UNKNOWN,,,,UNKNOWN,UNKNOWN,,UNKNOWN,,7.2,1.6,10.8,5.4,5.4,10.4,5.0,4.0,5.0,3.0,3.0,6.0,,,,11.25,2.25,9.0,4.5,2.25,5.95,4.0,5.0,7.0,1.0,2.0,4.0,,,,True,True,UNKNOWN,False,False
2021000806,2021-09-19 13:00:00,オリックス・バファローズ,埼玉西武ライオンズ,4.0,1.0,UNKNOWN,京セラドーム大阪,unknown,low,False,False,1800081,1400195,[],[],,,,,0,light,2021-09-19T04:00:00+00:00,,UNKNOWN,,,,UNKNOWN,UNKNOWN,,UNKNOWN,,2.25,1.25,2.25,2.25,2.25,6.7,4.0,1.0,4.0,1.0,1.0,1.0,,,,1.5,0.5,4.5,0.0,1.5,4.366666666666667,6.0,1.0,3.0,1.0,0.0,3.0,,,,True,True,UNKNOWN,False,False
2021000798,2021-09-18 14:00:00,北海道日本ハムファイターズ,千葉ロッテマリーンズ,1.0,0.0,UNKNOWN,札幌ドーム,unknown,low,False,False,1400190,1900129,[],[],,,,,0,light,2021-09-18T05:00:00+00:00,,UNKNOWN,,,,UNKNOWN,UNKNOWN,,UNKNOWN,,1.5,0.6666666666666666,6.0,0.0,0.0,1.866666666666667,6.0,1.0,4.0,0.0,0.0,4.0,,,,0.0,0.3333333333333333,16.5,1.5,0.0,0.03333333333333366,6.0,0.0,1.0,0.0,1.0,11.0,,,,True,True,UNKNOWN,False,False
2021000805,2021-09-19 13:00:00,東北楽天ゴールデンイーグルス,福岡ソフトバンクホークス,4.0,2.0,UNKNOWN,楽天生命パーク宮城,unknown,low,False,False,1300080,700065,[],[],,,,,0,light,2021-09-19T04:00:00+00:00,,UNKNOWN,,,,UNKNOWN,UNKNOWN,,UNKNOWN,,3.6,1.0,5.4,3.6,1.8,5.800000000000001,5.0,2.0,3.0,1.0,2.0,3.0,,,,3.176470588235294,1.588235294117647,6.352941176470588,1.588235294117647,0.0,2.3176470588235296,5.666666666666667,2.0,8.0,0.0,1.0,4.0,,,,True,True,UNKNOWN,False,False
2021000804,2021-09-19 14:00:00,北海道日本ハムファイターズ,千葉ロッテマリーンズ,0.0,4.0,UNKNOWN,札幌ドーム,unknown,low,False,False,1800052,1500110,[],[],,,,,0,light,2021-09-19T05:00:00+00:00,,UNKNOWN,,,,UNKNOWN,UNKNOWN,,UNKNOWN,,0.0,0.5555555555555556,6.0,1.0,0.0,2.2,9.0,0.0,4.0,0.0,1.0,6.0,,,,4.5,1.0,6.0,1.5,1.5,4.533333333333333,6.0,3.0,5.0,1.0,1.0,4.0,,,,True,True,UNKNOWN,False,False
2021000802,2021-09-19 17:00:00,横浜DeNAベイスターズ,中日ドラゴンズ,9.0,1.0,UNKNOWN,横浜スタジアム,unknown,low,False,False,2000003,1500061,[],[],,,,,0,light,2021-09-19T08:00:00+00:00,,UNKNOWN,,,,UNKNOWN,UNKNOWN,,UNKNOWN,,7.2,1.2,12.6,1.8,1.8,3.6,5.0,4.0,5.0,1.0,1.0,7.0,,,,1.0,0.4444444444444444,6.0,0.0,0.0,1.866666666666667,9.0,1.0,4.0,0.0,0.0,6.0,,,,True,True,UNKNOWN,False,False
2021000801,2021-09-19 17:30:00,東京ヤクルトスワローズ,広島東洋カープ,5.0,1.0,UNKNOWN,明治神宮野球場,unknown,low,False,False,1600122,1500040,[],[],,,,,0,light,2021-09-19T08:30:00+00:00,,UNKNOWN,,,,UNKNOWN,UNKNOWN,,UNKNOWN,,9.0,2.25,0.0,4.5,4.5,11.2,4.0,4.0,7.0,2.0,2.0,0.0,,,,1.5,1.5,3.0,1.5,0.0,3.0333333333333337,6.0,1.0,8.0,0.0,1.0,2.0,,,,True,True,UNKNOWN,False,False
2021000810,2021-09-20 13:00:00,東北楽天ゴールデンイーグルス,福岡ソフトバンクホークス,4.0,5.0,UNKNOWN,楽天生命パーク宮城,unknown,low,False,False,20204,700069,[],[],,,,,0,light,2021-09-20T04:00:00+00:00,,UNKNOWN,,,,UNKNOWN,UNKNOWN,,UNKNOWN,,6.75,1.75,0.0,6.75,0.0,5.45,4.0,3.0,4.0,0.0,3.0,0.0,,,,9.0,2.0,3.6,3.6,3.6,8.8,5.0,5.0,8.0,2.0,2.0,2.0,,,,True,True,UNKNOWN,False,False
2021000803,2021-09-19 18:00:00,阪神タイガース,読売ジャイアンツ,1.0,8.0,UNKNOWN,阪神甲子園球場,unknown,low,False,False,1200041,1900147,[],[],,,,,0,light,2021-09-19T09:00:00+00:00,,UNKNOWN,,,,UNKNOWN,UNKNOWN,,UNKNOWN,,1.2857142857142858,0.8571428571428571,7.714285714285714,1.2857142857142858,0.0,1.9142857142857144,7.0,1.0,5.0,0.0,1.0,6.0,,,,27.0,4.5,9.0,4.5,9.0,15.7,2.0,6.0,8.0,2.0,1.0,2.0,,,,True,True,UNKNOWN,False,False
2021000811,2021-09-20 13:00:00,オリックス・バファローズ,埼玉西武ライオンズ,4.0,6.0,UNKNOWN,京セラドーム大阪,unknown,low,False,False,1400182,1700112,[],[],,,,,0,light,2021-09-20T04:00:00+00:00,,UNKNOWN,,,,UNKNOWN,UNKNOWN,,UNKNOWN,,4.5,1.0,5.625,1.125,2.25,5.575,8.0,4.0,7.0,2.0,1.0,5.0,,,,11.571428571428571,2.142857142857143,1.9285714285714284,3.8571428571428568,1.9285714285714284,6.842857142857143,4.666666666666667,6.0,8.0,1.0,2.0,1.0,,,,True,True,UNKNOWN,False,False
2021000808,2021-09-20 14:00:00,横浜DeNAベイスターズ,中日ドラゴンズ,6.0,0.0,UNKNOWN,横浜スタジアム,unknown,low,False,False,1500074,2000145,[],[],,,,,0,light,2021-09-20T05:00:00+00:00,,UNKNOWN,,,,UNKNOWN,UNKNOWN,,UNKNOWN,,10.8,2.0,1.8,1.8,3.6,8.600000000000001,5.0,6.0,9.0,2.0,1.0,1.0,,,,0.0,1.0,3.0,3.0,0.0,3.5333333333333337,9.0,0.0,6.0,0.0,3.0,3.0,,,,True,True,UNKNOWN,False,False
2021000809,2021-09-20 14:00:00,北海道日本ハムファイターズ,千葉ロッテマリーンズ,0.0,1.0,UNKNOWN,札幌ドーム,unknown,low,False,False,1300050,1900070,[],[],,,,,0,light,2021-09-20T05:00:00+00:00,,UNKNOWN,,,,UNKNOWN,UNKNOWN,,UNKNOWN,,0.0,0.5,4.5,0.0,0.0,2.2,6.0,0.0,3.0,0.0,0.0,3.0,,,,1.4210526315789473,0.7894736842105263,4.2631578947368425,2.8421052631578947,0.0,3.2,6.333333333333333,1.0,3.0,0.0,2.0,3.0,,,,True,True,UNKNOWN,False,False
2021000807,2021-09-20 17:30:00,東京ヤクルトスワローズ,広島東洋カープ,2.0,2.0,UNKNOWN,明治神宮野球場,unknown,low,False,False,1900052,12113,[],[],,,,,0,light,2021-09-20T08:30:00+00:00,,UNKNOWN,,,,UNKNOWN,UNKNOWN,,UNKNOWN,,2.25,0.875,7.875,0.0,0.0,1.4500000000000002,8.0,2.0,7.0,0.0,0.0,7.0,,,,3.0,1.0,3.0,3.0,3.0,7.866666666666667,6.0,2.0,4.0,2.0,2.0,2.0,,,,True,True,UNKNOWN,False,False
2021000812,2021-09-21 17:45:00,横浜DeNAベイスターズ,東京ヤクルトスワローズ,2.0,5.0,UNKNOWN,横浜スタジアム,unknown,low,False,False,1800143,1900031,[],[],,,,,0,light,2021-09-21T08:45:00+00:00,,UNKNOWN,,,,UNKNOWN,UNKNOWN,,UNKNOWN,,3.6,1.4,5.4,3.6,0.0,3.2,5.0,2.0,5.0,0.0,2.0,3.0,,,,18.0,3.5,0.0,0.0,4.5,9.7,2.0,4.0,7.0,1.0,0.0,0.0,,,,True,True,UNKNOWN,False,False
2021000813,2021-09-21 17:45:00,中日ドラゴンズ,阪神タイガース,2.0,3.0,UNKNOWN,バンテリンドーム ナゴヤ,unknown,low,False,False,900425,1600106,[],[],,,,,0,light,2021-09-21T08:45:00+00:00,,UNKNOWN,,,,UNKNOWN,UNKNOWN,,UNKNOWN,,0.0,1.6,3.6,5.4,0.0,4.2,5.0,0.0,5.0,0.0,3.0,2.0,,,,3.0,1.0,3.0,3.0,0.0,3.5333333333333337,6.0,2.0,4.0,0.0,2.0,2.0,,,,True,True,UNKNOWN,False,False
2021000814,2021-09-21 18:00:00,広島東洋カープ,読売ジャイアンツ,2.0,0.0,UNKNOWN,MAZDA Zoom-Zoom スタジアム広島,unknown,low,False,False,600008,1600123,[],[],,,,,0,light,2021-09-21T09:00:00+00:00,,UNKNOWN,,,,UNKNOWN,UNKNOWN,,UNKNOWN,,3.375,1.875,3.375,8.4375,0.0,5.2625,5.333333333333333,2.0,5.0,0.0,5.0,2.0,,,,0.0,0.7777777777777778,9.0,1.0,0.0,1.5333333333333334,9.0,0.0,6.0,0.0,1.0,9.0,,,,True,True,UNKNOWN,False,False
2021000815,2021-09-22 17:45:00,横浜DeNAベイスターズ,東京ヤクルトスワローズ,1.0,2.0,UNKNOWN,横浜スタジアム,unknown,low,False,False,1200076,1800045,[],[],,,,,0,light,2021-09-22T08:45:00+00:00,,UNKNOWN,,,,UNKNOWN,UNKNOWN,,UNKNOWN,,1.2857142857142858,1.2857142857142858,3.857142857142857,7.714285714285714,0.0,4.914285714285715,7.0,1.0,3.0,0.0,6.0,3.0,,,,1.2857142857142858,0.7142857142857143,7.714285714285714,0.0,0.0,1.485714285714286,7.0,1.0,5.0,0.0,0.0,6.0,,,,True,True,UNKNOWN,False,False
2021000818,2021-09-22 17:45:00,埼玉西武ライオンズ,東北楽天ゴールデンイーグルス,2.0,4.0,UNKNOWN,メットライフドーム,excluded,high,False,False,2000121,1900062,[],[],,,,,0,light,2021-09-22T08:45:00+00:00,,UNKNOWN,,,,UNKNOWN,UNKNOWN,,UNKNOWN,,3.176470588235294,1.2352941176470587,6.352941176470588,3.176470588235294,3.176470588235294,7.435294117647059,5.666666666666667,2.0,5.0,2.0,2.0,4.0,,,,3.8571428571428568,1.9285714285714284,7.7142857142857135,11.571428571428571,1.9285714285714284,8.128571428571428,4.666666666666667,2.0,3.0,1.0,6.0,4.0,,,,True,True,UNKNOWN,False,False
2021000819,2021-09-22 17:45:00,千葉ロッテマリーンズ,福岡ソフトバンクホークス,1.0,4.0,UNKNOWN,ZOZOマリンスタジアム,unknown,low,False,False,1000174,1000155,[],[],,,,,0,light,2021-09-22T08:45:00+00:00,,UNKNOWN,,,,UNKNOWN,UNKNOWN,,UNKNOWN,,1.1739130434782608,0.6521739130434783,10.565217391304348,2.3478260869565215,0.0,1.6347826086956525,7.666666666666667,1.0,3.0,0.0,2.0,9.0,,,,3.6,1.6,0.0,1.8,0.0,3.8000000000000003,5.0,2.0,7.0,0.0,1.0,0.0,,,,True,True,UNKNOWN,False,False
2021000816,2021-09-22 17:45:00,中日ドラゴンズ,阪神タイガース,2.0,1.0,UNKNOWN,バンテリンドーム ナゴヤ,unknown,low,False,False,1500090,1200098,[],[],,,,,0,light,2021-09-22T08:45:00+00:00,,UNKNOWN,,,,UNKNOWN,UNKNOWN,,UNKNOWN,,3.0,1.6666666666666667,7.5,3.0,0.0,2.5333333333333337,6.0,2.0,8.0,0.0,2.0,5.0,,,,0.0,1.1666666666666667,3.0,1.5,0.0,3.0333333333333337,6.0,0.0,6.0,0.0,1.0,2.0,,,,True,True,UNKNOWN,False,False
2021000817,2021-09-22 18:00:00,広島東洋カープ,読売ジャイアンツ,0.0,13.0,UNKNOWN,MAZDA Zoom-Zoom スタジアム広島,unknown,low,False,False,1800028,1300058,[],[],,,,,0,light,2021-09-22T09:00:00+00:00,,UNKNOWN,,,,UNKNOWN,UNKNOWN,,UNKNOWN,,0.0,1.0,6.428571428571429,2.5714285714285716,0.0,2.628571428571429,7.0,0.0,5.0,0.0,2.0,5.0,,,,16.875,3.75,0.0,13.5,0.0,7.7,2.6666666666666665,5.0,6.0,0.0,4.0,0.0,,,,True,True,UNKNOWN,False,False
2021000820,2021-09-22 18:00:00,オリックス・バファローズ,北海道日本ハムファイターズ,5.0,3.0,UNKNOWN,京セラドーム大阪,unknown,low,False,False,2000079,1600155,[],[],,,,,0,light,2021-09-22T09:00:00+00:00,,UNKNOWN,,,,UNKNOWN,UNKNOWN,,UNKNOWN,,5.684210526315789,1.2631578947368423,9.947368421052632,0.0,0.0,0.9894736842105263,6.333333333333333,4.0,8.0,0.0,0.0,7.0,,,,3.6,1.2,7.2,3.6,0.0,2.8000000000000003,5.0,2.0,4.0,0.0,2.0,4.0,,,,True,True,UNKNOWN,False,False
2021000823,2021-09-23 13:30:00,広島東洋カープ,読売ジャイアンツ,0.0,5.0,UNKNOWN,MAZDA Zoom-Zoom スタジアム広島,unknown,low,False,False,1800023,1900057,[],[],,,,,0,light,2021-09-23T04:30:00+00:00,,UNKNOWN,,,,UNKNOWN,UNKNOWN,,UNKNOWN,,0.0,0.8333333333333334,3.0,3.0,0.0,3.5333333333333337,6.0,0.0,3.0,0.0,2.0,2.0,,,,4.5,1.1666666666666667,4.5,3.0,4.5,9.7,6.0,3.0,5.0,3.0,2.0,3.0,,,,True,True,UNKNOWN,False,False
2021000822,2021-09-23 14:00:00,中日ドラゴンズ,阪神タイガース,3.0,3.0,UNKNOWN,バンテリンドーム ナゴヤ,unknown,low,False,False,2000052,1600109,[],[],,,,,0,light,2021-09-23T05:00:00+00:00,,UNKNOWN,,,,UNKNOWN,UNKNOWN,,UNKNOWN,,1.2857142857142858,0.2857142857142857,3.857142857142857,0.0,0.0,2.342857142857143,7.0,1.0,2.0,0.0,0.0,3.0,,,,1.5,1.1666666666666667,4.5,6.0,0.0,4.2,6.0,1.0,3.0,0.0,4.0,3.0,,,,True,True,UNKNOWN,False,False
2021000825,2021-09-23 14:00:00,千葉ロッテマリーンズ,福岡ソフトバンクホークス,0.0,5.0,UNKNOWN,ZOZOマリンスタジアム,unknown,low,False,False,1800002,1600144,[],[],,,,,0,light,2021-09-23T05:00:00+00:00,,UNKNOWN,,,,UNKNOWN,UNKNOWN,,UNKNOWN,,0.0,1.1428571428571428,3.857142857142857,3.857142857142857,0.0,3.6285714285714286,7.0,0.0,5.0,0.0,3.0,3.0,,,,13.5,3.0,0.0,0.0,4.5,9.7,2.0,3.0,6.0,1.0,0.0,0.0,,,,True,True,UNKNOWN,False,False
2021000821,2021-09-23 17:45:00,横浜DeNAベイスターズ,東京ヤクルトスワローズ,2.0,4.0,UNKNOWN,横浜スタジアム,excluded,high,False,False,2000139,1400110,[],[],,,,,0,light,2021-09-23T08:45:00+00:00,,UNKNOWN,,,,UNKNOWN,UNKNOWN,,UNKNOWN,,1.2857142857142858,0.8571428571428571,9.0,2.5714285714285716,0.0,2.0571428571428574,7.0,1.0,4.0,0.0,2.0,7.0,,,,6.75,2.0,11.25,6.75,2.25,6.2,4.0,3.0,5.0,1.0,3.0,5.0,,,,True,True,UNKNOWN,False,False
2021000824,2021-09-23 14:00:00,埼玉西武ライオンズ,東北楽天ゴールデンイーグルス,4.0,3.0,UNKNOWN,メットライフドーム,unknown,low,False,False,1900117,1800080,[],[],,,,,0,light,2021-09-23T05:00:00+00:00,,UNKNOWN,,,,UNKNOWN,UNKNOWN,,UNKNOWN,,3.6,1.6,3.6,3.6,1.8,6.2,5.0,2.0,6.0,1.0,2.0,2.0,,,,4.05,0.8999999999999999,9.45,0.0,0.0,1.1,6.666666666666667,3.0,6.0,0.0,0.0,7.0,,,,True,True,UNKNOWN,False,False
2021000828,2021-09-24 17:30:00,東京ヤクルトスワローズ,中日ドラゴンズ,3.0,0.0,UNKNOWN,明治神宮野球場,unknown,low,False,False,1000138,1300045,[],[],,,,,0,light,2021-09-24T08:30:00+00:00,,UNKNOWN,,,,UNKNOWN,UNKNOWN,,UNKNOWN,,4.5,1.3333333333333333,6.0,4.5,1.5,5.533333333333333,6.0,3.0,5.0,1.0,3.0,4.0,,,,0.0,0.7142857142857143,9.0,0.0,0.0,1.2000000000000002,7.0,0.0,5.0,0.0,0.0,7.0,,,,True,True,UNKNOWN,False,False
2021000826,2021-09-23 14:00:00,オリックス・バファローズ,北海道日本ハムファイターズ,2.0,4.0,UNKNOWN,京セラドーム大阪,unknown,low,False,False,1900071,1700109,[],[],,,,,0,light,2021-09-23T05:00:00+00:00,,UNKNOWN,,,,UNKNOWN,UNKNOWN,,UNKNOWN,,3.6,1.4,7.2,0.0,0.0,1.6,5.0,2.0,7.0,0.0,0.0,4.0,,,,5.0625,2.0625,6.75,3.375,0.0,2.825,5.333333333333333,3.0,9.0,0.0,2.0,4.0,,,,True,True,UNKNOWN,False,False
2021000829,2021-09-24 17:45:00,横浜DeNAベイスターズ,広島東洋カープ,2.0,9.0,UNKNOWN,横浜スタジアム,unknown,low,False,False,1300057,1000084,[],[],,,,,0,light,2021-09-24T08:45:00+00:00,,UNKNOWN,,,,UNKNOWN,UNKNOWN,,UNKNOWN,,2.3478260869565215,0.9130434782608695,3.5217391304347823,1.1739130434782608,1.1739130434782608,4.504347826086956,7.666666666666667,2.0,6.0,1.0,1.0,3.0,,,,9.0,1.8,7.2,3.6,1.8,5.4,5.0,5.0,7.0,1.0,2.0,4.0,,,,True,True,UNKNOWN,False,False
2021000827,2021-09-24 17:45:00,読売ジャイアンツ,阪神タイガース,6.0,6.0,UNKNOWN,東京ドーム,unknown,low,False,False,900062,1700002,[],[],,,,,0,light,2021-09-24T08:45:00+00:00,,UNKNOWN,,,,UNKNOWN,UNKNOWN,,UNKNOWN,,15.0,3.3333333333333335,6.0,6.0,6.0,12.533333333333335,3.0,5.0,8.0,2.0,2.0,2.0,,,,9.0,1.6666666666666667,0.0,3.0,0.0,4.2,3.0,3.0,4.0,0.0,1.0,0.0,,,,True,True,UNKNOWN,False,False
2021000830,2021-09-24 17:45:00,埼玉西武ライオンズ,千葉ロッテマリーンズ,5.0,4.0,UNKNOWN,メットライフドーム,unknown,low,False,False,1300055,1600127,[],[],,,,,0,light,2021-09-24T08:45:00+00:00,,UNKNOWN,,,,UNKNOWN,UNKNOWN,,UNKNOWN,,6.75,1.75,6.75,0.0,4.5,8.2,4.0,3.0,7.0,2.0,0.0,3.0,,,,9.0,3.6666666666666665,9.0,21.0,0.0,8.2,3.0,3.0,4.0,0.0,7.0,3.0,,,,True,True,UNKNOWN,False,False
2021000831,2021-09-24 18:00:00,オリックス・バファローズ,東北楽天ゴールデンイーグルス,3.0,4.0,UNKNOWN,京セラドーム大阪,unknown,low,False,False,1200117,1900087,[],[],,,,,0,light,2021-09-24T09:00:00+00:00,,UNKNOWN,,,,UNKNOWN,UNKNOWN,,UNKNOWN,,3.681818181818182,1.3636363636363638,6.136363636363637,3.681818181818182,2.4545454545454546,6.609090909090909,7.333333333333333,3.0,7.0,2.0,3.0,5.0,,,,6.0,1.5,3.0,3.0,0.0,3.5333333333333337,6.0,4.0,7.0,0.0,2.0,2.0,,,,True,True,UNKNOWN,False,False
2021000832,2021-09-24 18:00:00,福岡ソフトバンクホークス,北海道日本ハムファイターズ,1.0,4.0,UNKNOWN,福岡PayPayドーム,excluded,high,False,False,1100099,1800107,[],[],,,,,0,light,2021-09-24T09:00:00+00:00,,UNKNOWN,,,,UNKNOWN,UNKNOWN,,UNKNOWN,,1.125,0.625,12.375,2.25,1.125,2.825,8.0,1.0,3.0,1.0,2.0,11.0,,,,1.8,1.0,10.8,7.2,1.8,5.800000000000001,5.0,1.0,1.0,1.0,4.0,6.0,,,,True,True,UNKNOWN,False,False
2021000835,2021-09-25 14:00:00,横浜DeNAベイスターズ,広島東洋カープ,2.0,3.0,UNKNOWN,横浜スタジアム,unknown,low,False,False,1600122,1600084,[],[],,,,,0,light,2021-09-25T05:00:00+00:00,,UNKNOWN,,,,UNKNOWN,UNKNOWN,,UNKNOWN,,3.0,1.5,6.0,4.5,0.0,3.3666666666666667,6.0,2.0,6.0,0.0,3.0,4.0,,,,3.8571428571428568,2.357142857142857,7.7142857142857135,7.7142857142857135,0.0,4.057142857142857,4.666666666666667,2.0,7.0,0.0,4.0,4.0,,,,True,True,UNKNOWN,False,False
2021000833,2021-09-25 14:00:00,読売ジャイアンツ,阪神タイガース,0.0,3.0,UNKNOWN,東京ドーム,unknown,low,False,False,1700078,1200041,[],[],,,,,0,light,2021-09-25T05:00:00+00:00,,UNKNOWN,,,,UNKNOWN,UNKNOWN,,UNKNOWN,,0.0,0.6666666666666666,13.0,1.0,0.0,0.6444444444444448,9.0,0.0,5.0,0.0,1.0,13.0,,,,3.681818181818182,0.9545454545454546,7.363636363636364,1.2272727272727273,1.2272727272727273,3.7454545454545456,7.333333333333333,3.0,6.0,1.0,1.0,6.0,,,,True,True,UNKNOWN,False,False
2021000836,2021-09-25 14:00:00,埼玉西武ライオンズ,千葉ロッテマリーンズ,1.0,3.0,UNKNOWN,メットライフドーム,unknown,low,False,False,2000090,1600131,[],[],,,,,0,light,2021-09-25T05:00:00+00:00,,UNKNOWN,,,,UNKNOWN,UNKNOWN,,UNKNOWN,,1.588235294117647,1.588235294117647,6.352941176470588,4.764705882352941,0.0,3.376470588235294,5.666666666666667,1.0,6.0,0.0,3.0,4.0,,,,5.0625,1.3125,1.6875,5.0625,1.6875,6.95,5.333333333333333,3.0,4.0,1.0,3.0,1.0,,,,True,True,UNKNOWN,False,False
2021000837,2021-09-25 14:00:00,オリックス・バファローズ,東北楽天ゴールデンイーグルス,3.0,2.0,UNKNOWN,京セラドーム大阪,unknown,low,False,False,700065,1600153,[],[],,,,,0,light,2021-09-25T05:00:00+00:00,,UNKNOWN,,,,UNKNOWN,UNKNOWN,,UNKNOWN,,5.0625,1.5,6.75,1.6875,1.6875,4.7,5.333333333333333,3.0,7.0,1.0,1.0,4.0,,,,2.25,1.25,10.125,3.375,0.0,2.075,8.0,2.0,7.0,0.0,3.0,9.0,,,,True,True,UNKNOWN,False,False
2021000834,2021-09-25 17:30:00,東京ヤクルトスワローズ,中日ドラゴンズ,0.0,0.0,UNKNOWN,明治神宮野球場,unknown,low,False,False,2000003,1500042,[],[],,,,,0,light,2021-09-25T08:30:00+00:00,,UNKNOWN,,,,UNKNOWN,UNKNOWN,,UNKNOWN,,0.0,0.9130434782608695,8.217391304347826,7.0434782608695645,0.0,3.721739130434783,7.666666666666667,0.0,1.0,0.0,6.0,7.0,,,,0.0,0.5714285714285714,10.285714285714286,1.2857142857142858,0.0,1.342857142857143,7.0,0.0,3.0,0.0,1.0,8.0,,,,True,True,UNKNOWN,False,False
2021000843,2021-09-26 13:00:00,オリックス・バファローズ,東北楽天ゴールデンイーグルス,1.0,1.0,UNKNOWN,京セラドーム大阪,unknown,low,False,False,700069,1500088,[],[],,,,,0,light,2021-09-26T04:00:00+00:00,,UNKNOWN,,,,UNKNOWN,UNKNOWN,,UNKNOWN,,1.2857142857142858,0.7142857142857143,9.0,1.2857142857142858,0.0,1.6285714285714288,7.0,1.0,4.0,0.0,1.0,7.0,,,,0.0,1.2857142857142856,1.9285714285714284,1.9285714285714284,0.0,3.4142857142857146,4.666666666666667,0.0,5.0,0.0,1.0,1.0,,,,True,True,UNKNOWN,False,False
2021000838,2021-09-25 14:00:00,福岡ソフトバンクホークス,北海道日本ハムファイターズ,4.0,2.0,UNKNOWN,福岡PayPayドーム,unknown,low,False,False,1900129,1300080,[],[],,,,,0,light,2021-09-25T05:00:00+00:00,,UNKNOWN,,,,UNKNOWN,UNKNOWN,,UNKNOWN,,7.2,1.6,10.8,5.4,1.8,5.2,5.0,4.0,5.0,1.0,3.0,6.0,,,,3.176470588235294,0.8823529411764706,15.88235294117647,3.176470588235294,0.0,0.7294117647058829,5.666666666666667,2.0,3.0,0.0,2.0,10.0,,,,True,True,UNKNOWN,False,False
2021000842,2021-09-26 13:00:00,埼玉西武ライオンズ,千葉ロッテマリーンズ,4.0,8.0,UNKNOWN,メットライフドーム,unknown,low,False,False,1800052,1800081,[],[],,,,,0,light,2021-09-26T04:00:00+00:00,,UNKNOWN,,,,UNKNOWN,UNKNOWN,,UNKNOWN,,3.0,1.0,6.0,4.5,1.5,5.533333333333333,6.0,2.0,3.0,1.0,3.0,4.0,,,,7.7142857142857135,1.9285714285714284,0.0,5.785714285714286,0.0,5.128571428571428,4.666666666666667,4.0,6.0,0.0,3.0,0.0,,,,True,True,UNKNOWN,False,False
2021000839,2021-09-26 14:00:00,読売ジャイアンツ,阪神タイガース,3.0,4.0,UNKNOWN,東京ドーム,unknown,low,False,False,1900147,600008,[],[],,,,,0,light,2021-09-26T05:00:00+00:00,,UNKNOWN,,,,UNKNOWN,UNKNOWN,,UNKNOWN,,1.5,0.6666666666666666,4.5,0.0,1.5,4.366666666666667,6.0,1.0,4.0,1.0,0.0,3.0,,,,3.375,2.25,10.125,13.5,3.375,10.325,2.6666666666666665,1.0,2.0,1.0,4.0,3.0,,,,True,True,UNKNOWN,False,False
2021000844,2021-09-26 13:00:00,福岡ソフトバンクホークス,北海道日本ハムファイターズ,4.0,1.0,UNKNOWN,福岡PayPayドーム,climax,high,False,True,1500110,1400129,[],[],,,,,0,light,2021-09-26T04:00:00+00:00,,UNKNOWN,,,,UNKNOWN,UNKNOWN,,UNKNOWN,,1.588235294117647,1.0588235294117647,6.352941176470588,3.176470588235294,0.0,2.847058823529412,5.666666666666667,1.0,4.0,0.0,2.0,4.0,,,,1.8,1.0,14.4,1.8,1.8,3.2,5.0,1.0,4.0,1.0,1.0,8.0,,,,True,True,UNKNOWN,False,False
2021000840,2021-09-26 17:30:00,東京ヤクルトスワローズ,中日ドラゴンズ,16.0,0.0,UNKNOWN,明治神宮野球場,unknown,low,False,False,1500074,12113,[],[],,,,,0,light,2021-09-26T08:30:00+00:00,,UNKNOWN,,,,UNKNOWN,UNKNOWN,,UNKNOWN,,27.0,3.3,10.799999999999999,5.3999999999999995,5.3999999999999995,10.399999999999999,3.3333333333333335,10.0,9.0,2.0,2.0,4.0,,,,0.0,0.8333333333333334,3.0,0.0,0.0,2.5333333333333337,6.0,0.0,5.0,0.0,0.0,2.0,,,,True,True,UNKNOWN,False,False
2021000841,2021-09-26 14:00:00,横浜DeNAベイスターズ,広島東洋カープ,8.0,10.0,UNKNOWN,横浜スタジアム,unknown,low,False,False,1900052,1500061,[],[],,,,,0,light,2021-09-26T05:00:00+00:00,,UNKNOWN,,,,UNKNOWN,UNKNOWN,,UNKNOWN,,4.5,1.6666666666666667,1.5,6.0,1.5,7.033333333333333,6.0,3.0,6.0,1.0,4.0,1.0,,,,4.5,1.1666666666666667,6.0,0.0,1.5,4.033333333333333,6.0,3.0,7.0,1.0,0.0,4.0,,,,True,True,UNKNOWN,False,False
2021000845,2021-09-28 17:30:00,東京ヤクルトスワローズ,横浜DeNAベイスターズ,4.0,0.0,UNKNOWN,明治神宮野球場,excluded,high,False,False,1700058,1900024,[],[],,,,,0,light,2021-09-28T08:30:00+00:00,,UNKNOWN,,,,UNKNOWN,UNKNOWN,,UNKNOWN,,7.7142857142857135,1.2857142857142856,11.571428571428571,3.8571428571428568,1.9285714285714284,4.7,4.666666666666667,4.0,4.0,1.0,2.0,6.0,,,,0.0,0.5,6.0,0.0,0.0,1.866666666666667,6.0,0.0,3.0,0.0,0.0,4.0,,,,True,True,UNKNOWN,False,False
2021000846,2021-09-28 17:45:00,中日ドラゴンズ,読売ジャイアンツ,5.0,2.0,UNKNOWN,バンテリンドーム ナゴヤ,unknown,low,False,False,1800028,1600106,[],[],,,,,0,light,2021-09-28T08:45:00+00:00,,UNKNOWN,,,,UNKNOWN,UNKNOWN,,UNKNOWN,,1.2857142857142858,1.1428571428571428,6.428571428571429,3.857142857142857,0.0,3.0571428571428574,7.0,1.0,5.0,0.0,3.0,5.0,,,,1.125,0.75,11.25,1.125,0.0,1.0750000000000002,8.0,1.0,5.0,0.0,1.0,10.0,,,,True,True,UNKNOWN,False,False
2021000847,2021-09-28 18:00:00,阪神タイガース,広島東洋カープ,0.0,2.0,UNKNOWN,阪神甲子園球場,unknown,low,False,False,1600123,900425,[],[],,,,,0,light,2021-09-28T09:00:00+00:00,,UNKNOWN,,,,UNKNOWN,UNKNOWN,,UNKNOWN,,0.0,0.8333333333333334,6.0,4.5,0.0,3.3666666666666667,6.0,0.0,2.0,0.0,3.0,4.0,,,,2.5714285714285716,0.8571428571428571,11.571428571428571,0.0,1.2857142857142858,2.4857142857142858,7.0,2.0,6.0,1.0,0.0,9.0,,,,True,True,UNKNOWN,False,False
2021000849,2021-09-28 17:45:00,千葉ロッテマリーンズ,オリックス・バファローズ,2.0,5.0,UNKNOWN,ZOZOマリンスタジアム,unknown,low,False,False,1400195,1300050,[],[],,,,,0,light,2021-09-28T08:45:00+00:00,,UNKNOWN,,,,UNKNOWN,UNKNOWN,,UNKNOWN,,1.8,1.0,5.4,7.2,1.8,7.0,5.0,1.0,1.0,1.0,4.0,3.0,,,,6.0,1.5,3.0,1.5,3.0,7.366666666666667,6.0,4.0,8.0,2.0,1.0,2.0,,,,True,True,UNKNOWN,False,False
2021000848,2021-09-28 18:00:00,東北楽天ゴールデンイーグルス,北海道日本ハムファイターズ,1.0,3.0,UNKNOWN,楽天生命パーク宮城,unknown,low,False,False,1900070,2000121,[],[],,,,,0,light,2021-09-28T09:00:00+00:00,,UNKNOWN,,,,UNKNOWN,UNKNOWN,,UNKNOWN,,0.0,1.0,7.5,4.5,0.0,3.0333333333333337,6.0,0.0,3.0,0.0,3.0,5.0,,,,4.5,0.8333333333333334,12.0,1.5,1.5,3.2,6.0,3.0,4.0,1.0,1.0,8.0,,,,True,True,UNKNOWN,False,False
2021000850,2021-09-28 18:00:00,福岡ソフトバンクホークス,埼玉西武ライオンズ,5.0,2.0,UNKNOWN,福岡PayPayドーム,unknown,low,False,False,1400182,1000174,[],[],,,,,0,light,2021-09-28T09:00:00+00:00,,UNKNOWN,,,,UNKNOWN,UNKNOWN,,UNKNOWN,,7.5,1.6666666666666667,1.5,3.0,3.0,8.2,6.0,5.0,8.0,2.0,2.0,1.0,,,,2.6999999999999997,1.3499999999999999,6.75,2.6999999999999997,0.0,2.6,6.666666666666667,2.0,7.0,0.0,2.0,5.0,,,,True,True,UNKNOWN,False,False
2021000852,2021-09-29 17:45:00,中日ドラゴンズ,読売ジャイアンツ,5.0,0.0,UNKNOWN,バンテリンドーム ナゴヤ,unknown,low,False,False,1800023,1200098,[],[],,,,,0,light,2021-09-29T08:45:00+00:00,,UNKNOWN,,,,UNKNOWN,UNKNOWN,,UNKNOWN,,1.8,1.0,1.8,1.8,0.0,3.4000000000000004,5.0,1.0,4.0,0.0,1.0,1.0,,,,0.0,1.0,5.4,1.8,0.0,2.6,5.0,0.0,4.0,0.0,1.0,3.0,,,,True,True,UNKNOWN,False,False
2021000851,2021-09-29 17:30:00,東京ヤクルトスワローズ,横浜DeNAベイスターズ,5.0,7.0,UNKNOWN,明治神宮野球場,unknown,low,False,False,1800045,1200076,[],[],,,,,0,light,2021-09-29T08:30:00+00:00,,UNKNOWN,,,,UNKNOWN,UNKNOWN,,UNKNOWN,,7.7142857142857135,1.0714285714285714,9.642857142857142,0.0,0.0,1.0571428571428574,4.666666666666667,4.0,5.0,0.0,0.0,5.0,,,,15.0,2.6666666666666665,6.0,0.0,6.0,10.533333333333333,3.0,5.0,8.0,2.0,0.0,2.0,,,,True,True,UNKNOWN,False,False
2021000855,2021-09-29 17:45:00,千葉ロッテマリーンズ,オリックス・バファローズ,2.0,15.0,UNKNOWN,ZOZOマリンスタジアム,unknown,low,False,False,1600155,1000155,[],[],,,,,0,light,2021-09-29T08:45:00+00:00,,UNKNOWN,,,,UNKNOWN,UNKNOWN,,UNKNOWN,,3.176470588235294,1.2352941176470587,7.941176470588235,4.764705882352941,1.588235294117647,5.31764705882353,5.666666666666667,2.0,4.0,1.0,3.0,5.0,,,,6.230769230769231,2.5384615384615388,8.307692307692308,4.153846153846154,0.0,2.7384615384615385,4.333333333333333,3.0,9.0,0.0,2.0,4.0,,,,True,True,UNKNOWN,False,False
2021000853,2021-09-29 18:00:00,阪神タイガース,広島東洋カープ,2.0,8.0,UNKNOWN,阪神甲子園球場,unknown,low,False,False,1300058,1500090,[],[],,,,,0,light,2021-09-29T09:00:00+00:00,,UNKNOWN,,,,UNKNOWN,UNKNOWN,,UNKNOWN,,3.0,1.5,7.5,1.5,0.0,2.033333333333333,6.0,2.0,8.0,0.0,1.0,5.0,,,,5.4,1.2,5.4,3.6,3.6,8.4,5.0,3.0,4.0,2.0,2.0,3.0,,,,True,True,UNKNOWN,False,False
2021000854,2021-09-29 18:00:00,東北楽天ゴールデンイーグルス,北海道日本ハムファイターズ,5.0,0.0,UNKNOWN,楽天生命パーク宮城,unknown,low,False,False,2000079,1900117,[],[],,,,,0,light,2021-09-29T09:00:00+00:00,,UNKNOWN,,,,UNKNOWN,UNKNOWN,,UNKNOWN,,7.2,2.6,7.2,3.6,0.0,2.8000000000000003,5.0,4.0,11.0,0.0,2.0,4.0,,,,0.0,1.105263157894737,4.2631578947368425,2.8421052631578947,0.0,3.2,6.333333333333333,0.0,5.0,0.0,2.0,3.0,,,,True,True,UNKNOWN,False,False
2021000861,2021-09-30 17:45:00,千葉ロッテマリーンズ,オリックス・バファローズ,3.0,4.0,UNKNOWN,ZOZOマリンスタジアム,unknown,low,False,False,1700109,1400190,[],[],,,,,0,light,2021-09-30T08:45:00+00:00,,UNKNOWN,,,,UNKNOWN,UNKNOWN,,UNKNOWN,,2.25,1.0,6.75,4.5,0.0,3.2,8.0,2.0,4.0,0.0,4.0,6.0,,,,0.0,0.3333333333333333,7.5,0.0,0.0,1.5333333333333334,6.0,0.0,2.0,0.0,0.0,5.0,,,,True,True,UNKNOWN,False,False
2021000856,2021-09-29 18:00:00,福岡ソフトバンクホークス,埼玉西武ライオンズ,9.0,0.0,UNKNOWN,福岡PayPayドーム,unknown,low,False,False,1900062,1800002,[],[],,,,,0,light,2021-09-29T09:00:00+00:00,,UNKNOWN,,,,UNKNOWN,UNKNOWN,,UNKNOWN,,12.0,1.8333333333333333,3.0,7.5,1.5,7.2,6.0,8.0,6.0,1.0,5.0,2.0,,,,0.0,1.0,4.5,3.0,0.0,3.2,6.0,0.0,4.0,0.0,2.0,3.0,,,,True,True,UNKNOWN,False,False
2021000858,2021-09-30 17:45:00,中日ドラゴンズ,読売ジャイアンツ,1.0,0.0,UNKNOWN,バンテリンドーム ナゴヤ,unknown,low,False,False,1700002,1000138,[],[],,,,,0,light,2021-09-30T08:45:00+00:00,,UNKNOWN,,,,UNKNOWN,UNKNOWN,,UNKNOWN,,1.5,1.1666666666666667,7.5,1.5,0.0,2.033333333333333,6.0,1.0,6.0,0.0,1.0,5.0,,,,0.0,0.5714285714285714,10.285714285714286,1.2857142857142858,0.0,1.342857142857143,7.0,0.0,3.0,0.0,1.0,8.0,,,,True,True,UNKNOWN,False,False
2021000857,2021-09-30 17:30:00,東京ヤクルトスワローズ,横浜DeNAベイスターズ,6.0,7.0,UNKNOWN,明治神宮野球場,unknown,low,False,False,1000084,2000139,[],[],,,,,0,light,2021-09-30T08:30:00+00:00,,UNKNOWN,,,,UNKNOWN,UNKNOWN,,UNKNOWN,,6.0,1.0,12.0,3.0,3.0,5.866666666666667,6.0,4.0,4.0,2.0,2.0,8.0,,,,3.0,1.1666666666666667,9.0,1.5,3.0,6.033333333333333,6.0,2.0,6.0,2.0,1.0,6.0,,,,True,True,UNKNOWN,False,False
2021000859,2021-09-30 18:00:00,阪神タイガース,広島東洋カープ,4.0,5.0,UNKNOWN,阪神甲子園球場,unknown,low,False,False,1900057,900062,[],[],,,,,0,light,2021-09-30T09:00:00+00:00,,UNKNOWN,,,,UNKNOWN,UNKNOWN,,UNKNOWN,,3.0,1.3333333333333333,6.0,4.5,1.5,5.533333333333333,6.0,2.0,5.0,1.0,3.0,4.0,,,,5.684210526315789,1.105263157894737,9.947368421052632,0.0,2.8421052631578947,5.094736842105263,6.333333333333333,4.0,7.0,2.0,0.0,7.0,,,,True,True,UNKNOWN,False,False
2021000860,2021-09-30 18:00:00,東北楽天ゴールデンイーグルス,北海道日本ハムファイターズ,8.0,5.0,UNKNOWN,楽天生命パーク宮城,excluded,high,False,False,500027,1800120,[],[],,,,,0,light,2021-09-30T09:00:00+00:00,,UNKNOWN,,,,UNKNOWN,UNKNOWN,,UNKNOWN,,14.727272727272728,2.4545454545454546,9.818181818181818,9.818181818181818,2.4545454545454546,7.836363636363637,3.6666666666666665,6.0,5.0,1.0,4.0,4.0,,,,1.8,1.0,5.4,1.8,0.0,2.6,5.0,1.0,4.0,0.0,1.0,3.0,,,,True,True,UNKNOWN,False,False
2021000862,2021-09-30 18:00:00,福岡ソフトバンクホークス,埼玉西武ライオンズ,7.0,8.0,UNKNOWN,福岡PayPayドーム,unknown,low,False,False,1800080,1800107,[],[],,,,,0,light,2021-09-30T09:00:00+00:00,,UNKNOWN,,,,UNKNOWN,UNKNOWN,,UNKNOWN,,10.8,2.0,7.2,1.8,3.6,7.4,5.0,6.0,9.0,2.0,1.0,4.0,,,,8.1,2.1,13.5,8.1,0.0,2.9000000000000004,3.3333333333333335,3.0,4.0,0.0,3.0,5.0,,,,True,True,UNKNOWN,False,False
2021000863,2021-10-01 18:00:00,読売ジャイアンツ,横浜DeNAベイスターズ,3.0,2.0,UNKNOWN,東京ドーム,unknown,low,False,False,2000145,1200041,[],[],,,,,0,light,2021-10-01T09:00:00+00:00,,UNKNOWN,,,,UNKNOWN,UNKNOWN,,UNKNOWN,,3.0,1.6666666666666667,6.0,1.5,0.0,2.3666666666666667,6.0,2.0,9.0,0.0,1.0,4.0,,,,3.0,1.3333333333333333,10.5,6.0,1.5,5.033333333333333,6.0,2.0,4.0,1.0,4.0,7.0,,,,True,True,UNKNOWN,False,False
2021000864,2021-10-01 18:00:00,阪神タイガース,中日ドラゴンズ,5.0,2.0,UNKNOWN,阪神甲子園球場,unknown,low,False,False,1600109,2000052,[],[],,,,,0,light,2021-10-01T09:00:00+00:00,,UNKNOWN,,,,UNKNOWN,UNKNOWN,,UNKNOWN,,9.0,1.4,5.4,5.4,3.6,9.0,5.0,5.0,4.0,2.0,3.0,3.0,,,,2.5714285714285716,0.8571428571428571,2.5714285714285716,0.0,2.5714285714285716,6.342857142857143,7.0,2.0,6.0,2.0,0.0,2.0,,,,True,True,UNKNOWN,False,False
2021000865,2021-10-01 18:00:00,広島東洋カープ,東京ヤクルトスワローズ,4.0,5.0,UNKNOWN,MAZDA Zoom-Zoom スタジアム広島,unknown,low,False,False,1500040,1300057,[],[],,,,,0,light,2021-10-01T09:00:00+00:00,,UNKNOWN,,,,UNKNOWN,UNKNOWN,,UNKNOWN,,4.05,0.8999999999999999,4.05,0.0,0.0,2.3000000000000003,6.666666666666667,3.0,6.0,0.0,0.0,3.0,,,,2.5714285714285716,0.8571428571428571,12.857142857142858,0.0,0.0,0.34285714285714297,7.0,2.0,6.0,0.0,0.0,10.0,,,,True,True,UNKNOWN,False,False
2021000866,2021-10-01 18:00:00,北海道日本ハムファイターズ,埼玉西武ライオンズ,2.0,4.0,UNKNOWN,札幌ドーム,excluded,high,False,False,1700125,1900071,[],[],,,,,0,light,2021-10-01T09:00:00+00:00,,UNKNOWN,,,,UNKNOWN,UNKNOWN,,UNKNOWN,,0.0,0.8,7.2,1.8,0.0,2.2,5.0,0.0,3.0,0.0,1.0,4.0,,,,0.0,0.6666666666666666,6.0,1.5,0.0,2.3666666666666667,6.0,0.0,3.0,0.0,1.0,4.0,,,,True,True,UNKNOWN,False,False
2021000868,2021-10-01 18:00:00,オリックス・バファローズ,福岡ソフトバンクホークス,2.0,1.0,UNKNOWN,京セラドーム大阪,unknown,low,False,False,1300080,1900087,[],[],,,,,0,light,2021-10-01T09:00:00+00:00,,UNKNOWN,,,,UNKNOWN,UNKNOWN,,UNKNOWN,,1.5,0.5,4.5,0.0,0.0,2.2,6.0,1.0,3.0,0.0,0.0,3.0,,,,0.0,1.0,7.714285714285714,0.0,0.0,1.485714285714286,7.0,0.0,7.0,0.0,0.0,6.0,,,,True,True,UNKNOWN,False,False
2021000869,2021-10-02 14:00:00,読売ジャイアンツ,横浜DeNAベイスターズ,5.0,4.0,UNKNOWN,東京ドーム,unknown,low,False,False,1600084,1600060,[],[],,,,,0,light,2021-10-02T05:00:00+00:00,,UNKNOWN,,,,UNKNOWN,UNKNOWN,,UNKNOWN,,15.428571428571427,2.571428571428571,0.0,3.8571428571428568,3.8571428571428568,10.057142857142857,2.3333333333333335,4.0,5.0,1.0,1.0,0.0,,,,6.0,1.3333333333333333,9.0,3.0,0.0,2.2,3.0,2.0,3.0,0.0,1.0,3.0,,,,True,True,UNKNOWN,False,False
2021000870,2021-10-02 14:00:00,阪神タイガース,中日ドラゴンズ,3.0,0.0,UNKNOWN,阪神甲子園球場,unknown,low,False,False,2000003,1700078,[],[],,,,,0,light,2021-10-02T05:00:00+00:00,,UNKNOWN,,,,UNKNOWN,UNKNOWN,,UNKNOWN,,4.2631578947368425,1.105263157894737,4.2631578947368425,2.8421052631578947,1.4210526315789473,5.252631578947369,6.333333333333333,3.0,5.0,1.0,2.0,3.0,,,,0.0,0.5555555555555556,7.0,0.0,0.0,1.6444444444444446,9.0,0.0,5.0,0.0,0.0,7.0,,,,True,True,UNKNOWN,False,False
2021000871,2021-10-02 14:00:00,広島東洋カープ,東京ヤクルトスワローズ,5.0,9.0,UNKNOWN,MAZDA Zoom-Zoom スタジアム広島,unknown,low,False,False,1300045,1600122,[],[],,,,,0,light,2021-10-02T05:00:00+00:00,,UNKNOWN,,,,UNKNOWN,UNKNOWN,,UNKNOWN,,4.909090909090909,1.090909090909091,8.590909090909092,0.0,1.2272727272727273,3.063636363636364,7.333333333333333,4.0,8.0,1.0,0.0,7.0,,,,10.125,1.5,11.8125,1.6875,1.6875,3.575,5.333333333333333,6.0,7.0,1.0,1.0,7.0,,,,True,True,UNKNOWN,False,False
2021000874,2021-10-02 14:00:00,オリックス・バファローズ,福岡ソフトバンクホークス,6.0,0.0,UNKNOWN,京セラドーム大阪,unknown,low,False,False,1900010,1600153,[],[],,,,,0,light,2021-10-02T05:00:00+00:00,,UNKNOWN,,,,UNKNOWN,UNKNOWN,,UNKNOWN,,40.5,9.0,13.5,54.0,0.0,18.2,0.6666666666666666,3.0,2.0,0.0,4.0,1.0,,,,0.0,0.3333333333333333,8.0,1.0,0.0,1.7555555555555558,9.0,0.0,2.0,0.0,1.0,8.0,,,,True,True,UNKNOWN,False,False
2021000872,2021-10-02 18:00:00,北海道日本ハムファイターズ,埼玉西武ライオンズ,2.0,1.0,UNKNOWN,札幌ドーム,unknown,low,False,False,1600127,1900129,[],[],,,,,0,light,2021-10-02T09:00:00+00:00,,UNKNOWN,,,,UNKNOWN,UNKNOWN,,UNKNOWN,,2.5714285714285716,1.1428571428571428,3.857142857142857,3.857142857142857,0.0,3.6285714285714286,7.0,2.0,5.0,0.0,3.0,3.0,,,,1.5,1.5,9.0,4.5,0.0,2.7,6.0,1.0,6.0,0.0,3.0,6.0,,,,True,True,UNKNOWN,False,False
2021000873,2021-10-02 14:00:00,東北楽天ゴールデンイーグルス,千葉ロッテマリーンズ,6.0,1.0,UNKNOWN,楽天生命パーク宮城,unknown,low,False,False,1300055,700065,[],[],,,,,0,light,2021-10-02T05:00:00+00:00,,UNKNOWN,,,,UNKNOWN,UNKNOWN,,UNKNOWN,,7.2,1.2,3.6,0.0,3.6,7.6000000000000005,5.0,4.0,6.0,2.0,0.0,2.0,,,,1.5,1.0,4.5,3.0,0.0,3.2,6.0,1.0,4.0,0.0,2.0,3.0,,,,True,True,UNKNOWN,False,False
2021000879,2021-10-03 13:00:00,東北楽天ゴールデンイーグルス,千葉ロッテマリーンズ,0.0,2.0,UNKNOWN,楽天生命パーク宮城,unknown,low,False,False,1800052,700069,[],[],,,,,0,light,2021-10-03T04:00:00+00:00,,UNKNOWN,,,,UNKNOWN,UNKNOWN,,UNKNOWN,,0.0,0.3333333333333333,5.0,0.0,0.0,2.088888888888889,9.0,0.0,3.0,0.0,0.0,5.0,,,,2.0,1.1111111111111112,6.0,1.0,0.0,2.2,9.0,2.0,9.0,0.0,1.0,6.0,,,,True,True,UNKNOWN,False,False
2021000880,2021-10-03 13:00:00,オリックス・バファローズ,福岡ソフトバンクホークス,3.0,0.0,UNKNOWN,京セラドーム大阪,unknown,low,False,False,1000174,1500088,[],[],,,,,0,light,2021-10-03T04:00:00+00:00,,UNKNOWN,,,,UNKNOWN,UNKNOWN,,UNKNOWN,,4.5,1.1666666666666667,7.5,1.5,1.5,4.2,6.0,3.0,6.0,1.0,1.0,5.0,,,,0.0,0.3333333333333333,6.0,1.5,0.0,2.3666666666666667,6.0,0.0,1.0,0.0,1.0,4.0,,,,True,True,UNKNOWN,False,False
2021000875,2021-10-03 14:00:00,読売ジャイアンツ,横浜DeNAベイスターズ,3.0,3.0,UNKNOWN,東京ドーム,unknown,low,False,False,1500061,1800028,[],[],,,,,0,light,2021-10-03T05:00:00+00:00,,UNKNOWN,,,,UNKNOWN,UNKNOWN,,UNKNOWN,,2.5714285714285716,0.7142857142857143,16.714285714285715,2.5714285714285716,2.5714285714285716,4.057142857142857,7.0,2.0,3.0,2.0,2.0,13.0,,,,5.4,1.2,12.6,3.6,1.8,4.2,5.0,3.0,4.0,1.0,2.0,7.0,,,,True,True,UNKNOWN,False,False
2021000877,2021-10-03 13:30:00,広島東洋カープ,東京ヤクルトスワローズ,1.0,4.0,UNKNOWN,MAZDA Zoom-Zoom スタジアム広島,unknown,low,False,False,12113,1900052,[],[],,,,,0,light,2021-10-03T04:30:00+00:00,,UNKNOWN,,,,UNKNOWN,UNKNOWN,,UNKNOWN,,1.8,1.6,5.4,1.8,0.0,2.6,5.0,1.0,7.0,0.0,1.0,3.0,,,,1.2857142857142858,1.4285714285714286,6.428571428571429,5.142857142857143,0.0,3.4857142857142858,7.0,1.0,6.0,0.0,4.0,5.0,,,,True,True,UNKNOWN,False,False
2021000876,2021-10-03 14:00:00,阪神タイガース,中日ドラゴンズ,1.0,0.0,UNKNOWN,阪神甲子園球場,unknown,low,False,False,1500074,1900147,[],[],,,,,0,light,2021-10-03T05:00:00+00:00,,UNKNOWN,,,,UNKNOWN,UNKNOWN,,UNKNOWN,,1.2857142857142858,1.5714285714285714,7.714285714285714,5.142857142857143,1.2857142857142858,5.057142857142857,7.0,1.0,7.0,1.0,4.0,6.0,,,,0.0,0.7894736842105263,4.2631578947368425,1.4210526315789473,0.0,2.7263157894736842,6.333333333333333,0.0,4.0,0.0,1.0,3.0,,,,True,True,UNKNOWN,False,False
2021000878,2021-10-03 14:00:00,北海道日本ハムファイターズ,埼玉西武ライオンズ,3.0,2.0,UNKNOWN,札幌ドーム,unknown,low,False,False,1800081,1500110,[],[],,,,,0,light,2021-10-03T05:00:00+00:00,,UNKNOWN,,,,UNKNOWN,UNKNOWN,,UNKNOWN,,1.3499999999999999,0.44999999999999996,6.75,0.0,0.0,1.7000000000000002,6.666666666666667,1.0,3.0,0.0,0.0,5.0,,,,2.5714285714285716,0.5714285714285714,5.142857142857143,1.2857142857142858,0.0,2.4857142857142858,7.0,2.0,3.0,0.0,1.0,4.0,,,,True,True,UNKNOWN,False,False
2021000882,2021-10-05 17:45:00,横浜DeNAベイスターズ,阪神タイガース,2.0,5.0,UNKNOWN,横浜スタジアム,unknown,low,False,False,1500090,1900031,[],[],,,,,0,light,2021-10-05T08:45:00+00:00,,UNKNOWN,,,,UNKNOWN,UNKNOWN,,UNKNOWN,,3.0,1.1666666666666667,6.0,1.5,0.0,2.3666666666666667,6.0,2.0,6.0,0.0,1.0,4.0,,,,15.0,2.3333333333333335,3.0,3.0,3.0,7.866666666666667,3.0,5.0,6.0,1.0,1.0,1.0,,,,True,True,UNKNOWN,False,False
2021000884,2021-10-05 17:45:00,千葉ロッテマリーンズ,埼玉西武ライオンズ,2.0,0.0,UNKNOWN,ZOZOマリンスタジアム,unknown,low,False,False,1400182,1300050,[],[],,,,,0,light,2021-10-05T08:45:00+00:00,,UNKNOWN,,,,UNKNOWN,UNKNOWN,,UNKNOWN,,2.5714285714285716,1.0,6.428571428571429,1.2857142857142858,0.0,2.2,7.0,2.0,6.0,0.0,1.0,5.0,,,,0.0,0.6666666666666666,1.5,4.5,0.0,4.366666666666667,6.0,0.0,1.0,0.0,3.0,1.0,,,,True,True,UNKNOWN,False,False
2021000881,2021-10-05 18:00:00,東京ヤクルトスワローズ,読売ジャイアンツ,3.0,2.0,UNKNOWN,明治神宮野球場,unknown,low,False,False,1800023,1200076,[],[],,,,,0,light,2021-10-05T09:00:00+00:00,,UNKNOWN,,,,UNKNOWN,UNKNOWN,,UNKNOWN,,9.0,2.6666666666666665,6.0,6.0,6.0,12.533333333333335,3.0,3.0,6.0,2.0,2.0,2.0,,,,3.0,1.0,7.5,0.0,0.0,1.5333333333333334,6.0,2.0,6.0,0.0,0.0,5.0,,,,True,True,UNKNOWN,False,False
2021000885,2021-10-05 18:00:00,オリックス・バファローズ,北海道日本ハムファイターズ,9.0,0.0,UNKNOWN,京セラドーム大阪,unknown,low,False,False,1900070,1400195,[],[],,,,,0,light,2021-10-05T09:00:00+00:00,,UNKNOWN,,,,UNKNOWN,UNKNOWN,,UNKNOWN,,10.8,2.0,12.6,3.6,5.4,9.4,5.0,6.0,8.0,3.0,2.0,7.0,,,,0.0,0.7142857142857143,7.714285714285714,0.0,0.0,1.485714285714286,7.0,0.0,5.0,0.0,0.0,6.0,,,,True,True,UNKNOWN,False,False
2021000883,2021-10-05 18:00:00,中日ドラゴンズ,広島東洋カープ,4.0,3.0,UNKNOWN,バンテリンドーム ナゴヤ,unknown,low,False,False,1600123,1600106,[],[],,,,,0,light,2021-10-05T09:00:00+00:00,,UNKNOWN,,,,UNKNOWN,UNKNOWN,,UNKNOWN,,4.5,1.6666666666666667,7.5,3.0,0.0,2.5333333333333337,6.0,3.0,8.0,0.0,2.0,5.0,,,,3.375,1.625,6.75,2.25,0.0,2.45,8.0,3.0,11.0,0.0,2.0,6.0,,,,True,True,UNKNOWN,False,False
2021000886,2021-10-05 18:00:00,福岡ソフトバンクホークス,東北楽天ゴールデンイーグルス,7.0,7.0,UNKNOWN,福岡PayPayドーム,unknown,low,False,False,2000121,1200106,[],[],,,,,0,light,2021-10-05T09:00:00+00:00,,UNKNOWN,,,,UNKNOWN,UNKNOWN,,UNKNOWN,,9.642857142857142,1.7142857142857142,11.571428571428571,3.8571428571428568,1.9285714285714284,4.7,4.666666666666667,5.0,6.0,1.0,2.0,6.0,,,,6.75,2.25,9.0,2.25,2.25,5.2,4.0,3.0,8.0,1.0,1.0,4.0,,,,True,True,UNKNOWN,False,False
2021000888,2021-10-06 17:45:00,横浜DeNAベイスターズ,阪神タイガース,0.0,2.0,UNKNOWN,横浜スタジアム,unknown,low,False,False,900062,1800045,[],[],,,,,0,light,2021-10-06T08:45:00+00:00,,UNKNOWN,,,,UNKNOWN,UNKNOWN,,UNKNOWN,,0.0,1.1666666666666667,4.5,0.0,0.0,2.2,6.0,0.0,7.0,0.0,0.0,3.0,,,,2.8421052631578947,1.5789473684210527,8.526315789473685,5.684210526315789,1.4210526315789473,5.252631578947369,6.333333333333333,2.0,6.0,1.0,4.0,6.0,,,,True,True,UNKNOWN,False,False
2021000890,2021-10-06 17:45:00,千葉ロッテマリーンズ,埼玉西武ライオンズ,4.0,2.0,UNKNOWN,ZOZOマリンスタジアム,unknown,low,False,False,1500104,2000090,[],[],,,,,0,light,2021-10-06T08:45:00+00:00,,UNKNOWN,,,,UNKNOWN,UNKNOWN,,UNKNOWN,,3.6,1.0,3.6,1.8,3.6,8.2,5.0,2.0,4.0,2.0,1.0,2.0,,,,3.0,1.1666666666666667,3.0,4.5,1.5,6.2,6.0,2.0,4.0,1.0,3.0,2.0,,,,True,True,UNKNOWN,False,False
2021000887,2021-10-06 18:00:00,東京ヤクルトスワローズ,読売ジャイアンツ,3.0,0.0,UNKNOWN,明治神宮野球場,unknown,low,False,False,1700002,2000139,[],[],,,,,0,light,2021-10-06T09:00:00+00:00,,UNKNOWN,,,,UNKNOWN,UNKNOWN,,UNKNOWN,,3.375,0.9375,5.0625,3.375,0.0,3.2,5.333333333333333,2.0,3.0,0.0,2.0,3.0,,,,0.0,1.4,12.6,3.6,0.0,1.6,5.0,0.0,5.0,0.0,2.0,7.0,,,,True,True,UNKNOWN,False,False
2021000889,2021-10-06 18:00:00,中日ドラゴンズ,広島東洋カープ,3.0,7.0,UNKNOWN,バンテリンドーム ナゴヤ,unknown,low,False,False,1300058,1200098,[],[],,,,,0,light,2021-10-06T09:00:00+00:00,,UNKNOWN,,,,UNKNOWN,UNKNOWN,,UNKNOWN,,4.5,1.3333333333333333,4.5,0.0,1.5,4.366666666666667,6.0,3.0,8.0,1.0,0.0,3.0,,,,7.5,1.1666666666666667,9.0,0.0,0.0,1.2000000000000002,6.0,5.0,7.0,0.0,0.0,6.0,,,,True,True,UNKNOWN,False,False
2021000891,2021-10-06 18:00:00,オリックス・バファローズ,北海道日本ハムファイターズ,2.0,3.0,UNKNOWN,京セラドーム大阪,unknown,low,False,False,1100099,1600155,[],[],,,,,0,light,2021-10-06T09:00:00+00:00,,UNKNOWN,,,,UNKNOWN,UNKNOWN,,UNKNOWN,,1.2857142857142858,0.42857142857142855,6.428571428571429,0.0,0.0,1.7714285714285716,7.0,1.0,3.0,0.0,0.0,5.0,,,,2.4545454545454546,1.9090909090909092,4.909090909090909,7.363636363636364,0.0,4.563636363636364,3.6666666666666665,1.0,4.0,0.0,3.0,2.0,,,,True,True,UNKNOWN,False,False
2021000892,2021-10-06 18:00:00,福岡ソフトバンクホークス,東北楽天ゴールデンイーグルス,0.0,5.0,UNKNOWN,福岡PayPayドーム,unknown,low,False,False,1900117,1800002,[],[],,,,,0,light,2021-10-06T09:00:00+00:00,,UNKNOWN,,,,UNKNOWN,UNKNOWN,,UNKNOWN,,0.0,1.1666666666666667,6.0,1.5,0.0,2.3666666666666667,6.0,0.0,6.0,0.0,1.0,4.0,,,,4.05,1.5,14.85,1.3499999999999999,0.0,0.3500000000000001,6.666666666666667,3.0,9.0,0.0,1.0,11.0,,,,True,True,UNKNOWN,False,False
2021000896,2021-10-07 17:45:00,千葉ロッテマリーンズ,東北楽天ゴールデンイーグルス,2.0,3.0,UNKNOWN,ZOZOマリンスタジアム,unknown,low,False,False,1200117,1900080,[],[],,,,,0,light,2021-10-07T08:45:00+00:00,,UNKNOWN,,,,UNKNOWN,UNKNOWN,,UNKNOWN,,1.2857142857142858,1.0,14.142857142857142,2.5714285714285716,1.2857142857142858,2.771428571428572,7.0,1.0,5.0,1.0,2.0,11.0,,,,1.2857142857142858,0.7142857142857143,10.285714285714286,1.2857142857142858,1.2857142857142858,3.2,7.0,1.0,4.0,1.0,1.0,8.0,,,,True,True,UNKNOWN,False,False
2021000894,2021-10-07 17:45:00,横浜DeNAベイスターズ,阪神タイガース,4.0,3.0,UNKNOWN,横浜スタジアム,unknown,low,False,False,2000052,2000145,[],[],,,,,0,light,2021-10-07T08:45:00+00:00,,UNKNOWN,,,,UNKNOWN,UNKNOWN,,UNKNOWN,,0.0,1.4,5.4,5.4,0.0,3.8000000000000003,5.0,0.0,4.0,0.0,3.0,3.0,,,,3.375,0.875,6.75,1.125,1.125,3.7,8.0,3.0,6.0,1.0,1.0,6.0,,,,True,True,UNKNOWN,False,False
2021000897,2021-10-07 17:45:00,埼玉西武ライオンズ,福岡ソフトバンクホークス,7.0,0.0,UNKNOWN,メットライフドーム,unknown,low,False,False,1800107,1800080,[],[],,,,,0,light,2021-10-07T08:45:00+00:00,,UNKNOWN,,,,UNKNOWN,UNKNOWN,,UNKNOWN,,6.75,3.375,13.5,20.25,0.0,6.95,2.6666666666666665,2.0,3.0,0.0,6.0,4.0,,,,0.0,0.6666666666666666,10.0,4.0,0.0,2.3111111111111113,9.0,0.0,2.0,0.0,4.0,10.0,,,,True,True,UNKNOWN,False,False
2021000893,2021-10-07 18:00:00,東京ヤクルトスワローズ,読売ジャイアンツ,1.0,0.0,UNKNOWN,明治神宮野球場,unknown,low,False,False,1200041,1500040,[],[],,,,,0,light,2021-10-07T09:00:00+00:00,,UNKNOWN,,,,UNKNOWN,UNKNOWN,,UNKNOWN,,0.0,0.16666666666666666,7.5,1.5,0.0,2.033333333333333,6.0,0.0,0.0,0.0,1.0,5.0,,,,0.0,0.8333333333333334,7.5,1.5,0.0,2.033333333333333,6.0,0.0,4.0,0.0,1.0,5.0,,,,True,True,UNKNOWN,False,False
2021000895,2021-10-07 18:00:00,中日ドラゴンズ,広島東洋カープ,2.0,5.0,UNKNOWN,バンテリンドーム ナゴヤ,unknown,low,False,False,1900057,1000138,[],[],,,,,0,light,2021-10-07T09:00:00+00:00,,UNKNOWN,,,,UNKNOWN,UNKNOWN,,UNKNOWN,,2.5714285714285716,1.2857142857142858,1.2857142857142858,3.857142857142857,0.0,4.2,7.0,2.0,6.0,0.0,3.0,1.0,,,,6.0,1.6666666666666667,9.0,1.5,1.5,3.8666666666666667,6.0,4.0,9.0,1.0,1.0,6.0,,,,True,True,UNKNOWN,False,False
2021005113,2021-10-07 18:00:00,オリックス・バファローズ,北海道日本ハムファイターズ,4.0,3.0,UNKNOWN,京セラドーム大阪,unknown,low,False,False,2000079,1000027,[],[],,,,,0,light,2021-10-07T09:00:00+00:00,,UNKNOWN,,,,UNKNOWN,UNKNOWN,,UNKNOWN,,4.5,1.3333333333333333,6.0,3.0,1.5,5.033333333333333,6.0,3.0,6.0,1.0,2.0,4.0,,,,4.909090909090909,1.6363636363636365,4.909090909090909,4.909090909090909,2.4545454545454546,7.290909090909091,3.6666666666666665,2.0,4.0,1.0,2.0,2.0,,,,True,True,UNKNOWN,False,False
2021000899,2021-10-08 17:45:00,横浜DeNAベイスターズ,中日ドラゴンズ,9.0,3.0,UNKNOWN,横浜スタジアム,excluded,high,False,False,1600109,1800043,[],[],,,,,0,light,2021-10-08T08:45:00+00:00,,UNKNOWN,,,,UNKNOWN,UNKNOWN,,UNKNOWN,,15.75,3.25,11.25,9.0,4.5,10.2,4.0,7.0,9.0,2.0,4.0,5.0,,,,3.857142857142857,0.7142857142857143,6.428571428571429,1.2857142857142858,0.0,2.2,7.0,3.0,4.0,0.0,1.0,5.0,,,,True,True,UNKNOWN,False,False
2021000902,2021-10-08 17:45:00,埼玉西武ライオンズ,福岡ソフトバンクホークス,6.0,2.0,UNKNOWN,メットライフドーム,unknown,low,False,False,1300080,1600127,[],[],,,,,0,light,2021-10-08T08:45:00+00:00,,UNKNOWN,,,,UNKNOWN,UNKNOWN,,UNKNOWN,,1.5,1.6666666666666667,6.0,6.0,0.0,3.8666666666666667,6.0,1.0,6.0,0.0,4.0,4.0,,,,1.2857142857142858,0.8571428571428571,11.571428571428571,1.2857142857142858,1.2857142857142858,2.9142857142857146,7.0,1.0,5.0,1.0,1.0,9.0,,,,True,True,UNKNOWN,False,False
2021000898,2021-10-08 18:00:00,東京ヤクルトスワローズ,阪神タイガース,4.0,1.0,UNKNOWN,明治神宮野球場,unknown,low,False,False,1700078,1900024,[],[],,,,,0,light,2021-10-08T09:00:00+00:00,,UNKNOWN,,,,UNKNOWN,UNKNOWN,,UNKNOWN,,7.2,1.4,3.6,0.0,1.8,5.0,5.0,4.0,7.0,1.0,0.0,2.0,,,,1.3499999999999999,0.75,2.6999999999999997,1.3499999999999999,1.3499999999999999,5.0,6.666666666666667,1.0,4.0,1.0,1.0,2.0,,,,True,True,UNKNOWN,False,False
2021000901,2021-10-08 18:00:00,北海道日本ハムファイターズ,千葉ロッテマリーンズ,9.0,0.0,UNKNOWN,札幌ドーム,unknown,low,False,False,1400190,1900071,[],[],,,,,0,light,2021-10-08T09:00:00+00:00,,UNKNOWN,,,,UNKNOWN,UNKNOWN,,UNKNOWN,,9.0,1.8333333333333333,7.5,1.5,1.5,4.2,6.0,6.0,10.0,1.0,1.0,5.0,,,,0.0,0.6666666666666666,10.5,1.5,0.0,1.366666666666667,6.0,0.0,3.0,0.0,1.0,7.0,,,,True,True,UNKNOWN,False,False
2021000900,2021-10-08 18:00:00,広島東洋カープ,読売ジャイアンツ,6.0,2.0,UNKNOWN,MAZDA Zoom-Zoom スタジアム広島,unknown,low,False,False,600008,1300057,[],[],,,,,0,light,2021-10-08T09:00:00+00:00,,UNKNOWN,,,,UNKNOWN,UNKNOWN,,UNKNOWN,,12.461538461538462,2.307692307692308,14.53846153846154,8.307692307692308,0.0,2.7384615384615385,4.333333333333333,6.0,6.0,0.0,4.0,7.0,,,,2.5714285714285716,1.1428571428571428,9.0,1.2857142857142858,1.2857142857142858,3.4857142857142858,7.0,2.0,7.0,1.0,1.0,7.0,,,,True,True,UNKNOWN,False,False
2021000904,2021-10-09 14:00:00,横浜DeNAベイスターズ,中日ドラゴンズ,2.0,4.0,UNKNOWN,横浜スタジアム,unknown,low,False,False,2000003,1600084,[],[],,,,,0,light,2021-10-09T05:00:00+00:00,,UNKNOWN,,,,UNKNOWN,UNKNOWN,,UNKNOWN,,0.0,1.1666666666666667,4.5,6.0,0.0,4.2,6.0,0.0,3.0,0.0,4.0,3.0,,,,0.0,0.8571428571428571,7.714285714285714,1.2857142857142858,0.0,1.9142857142857144,7.0,0.0,5.0,0.0,1.0,6.0,,,,True,True,UNKNOWN,False,False
2021000906,2021-10-09 14:00:00,北海道日本ハムファイターズ,千葉ロッテマリーンズ,4.0,2.0,UNKNOWN,札幌ドーム,excluded,high,False,False,1900085,1900129,[],[],,,,,0,light,2021-10-09T05:00:00+00:00,,UNKNOWN,,,,UNKNOWN,UNKNOWN,,UNKNOWN,,8.1,2.1,2.6999999999999997,5.3999999999999995,0.0,4.4,3.3333333333333335,3.0,5.0,0.0,2.0,1.0,,,,0.0,1.1666666666666667,13.5,3.0,0.0,1.2000000000000002,6.0,0.0,5.0,0.0,2.0,9.0,,,,True,True,UNKNOWN,False,False
2021000956,2021-10-09 12:30:00,千葉ロッテマリーンズ,阪神タイガース,2.0,3.0,UNKNOWN,ひなたサンマリンスタジアム宮崎,excluded,high,False,False,2000055,1700099,[],[],,,,,0,light,2021-10-09T03:30:00+00:00,,UNKNOWN,,,,UNKNOWN,UNKNOWN,,UNKNOWN,,1.5,0.5,10.5,0.0,0.0,0.8666666666666667,6.0,1.0,3.0,0.0,0.0,7.0,,,,0.0,0.8571428571428571,5.142857142857143,2.5714285714285716,0.0,2.9142857142857146,7.0,0.0,4.0,0.0,2.0,4.0,,,,True,True,UNKNOWN,False,False
2021000905,2021-10-09 14:00:00,広島東洋カープ,読売ジャイアンツ,7.0,1.0,UNKNOWN,MAZDA Zoom-Zoom スタジアム広島,unknown,low,False,False,1800028,1600122,[],[],,,,,0,light,2021-10-09T05:00:00+00:00,,UNKNOWN,,,,UNKNOWN,UNKNOWN,,UNKNOWN,,12.0,2.0,15.0,3.0,0.0,0.8666666666666667,3.0,4.0,5.0,0.0,1.0,5.0,,,,0.0,1.4,9.0,5.4,0.0,3.0,5.0,0.0,4.0,0.0,3.0,5.0,,,,True,True,UNKNOWN,False,False
2021000907,2021-10-09 14:00:00,埼玉西武ライオンズ,東北楽天ゴールデンイーグルス,1.0,2.0,UNKNOWN,メットライフドーム,unknown,low,False,False,700065,1900062,[],[],,,,,0,light,2021-10-09T05:00:00+00:00,,UNKNOWN,,,,UNKNOWN,UNKNOWN,,UNKNOWN,,1.2857142857142858,1.1428571428571428,6.428571428571429,3.857142857142857,0.0,3.0571428571428574,7.0,1.0,5.0,0.0,3.0,5.0,,,,1.8,1.4,1.8,3.6,0.0,4.0,5.0,1.0,5.0,0.0,2.0,1.0,,,,True,True,UNKNOWN,False,False
2021000903,2021-10-09 18:00:00,東京ヤクルトスワローズ,阪神タイガース,1.0,2.0,UNKNOWN,明治神宮野球場,unknown,low,False,False,900425,1500042,[],[],,,,,0,light,2021-10-09T09:00:00+00:00,,UNKNOWN,,,,UNKNOWN,UNKNOWN,,UNKNOWN,,1.8,1.6,5.4,5.4,0.0,3.8000000000000003,5.0,1.0,5.0,0.0,3.0,3.0,,,,1.8,1.2,14.4,5.4,0.0,1.8000000000000003,5.0,1.0,3.0,0.0,3.0,8.0,,,,True,True,UNKNOWN,False,False
2021000908,2021-10-09 18:00:00,福岡ソフトバンクホークス,オリックス・バファローズ,2.0,6.0,UNKNOWN,福岡PayPayドーム,unknown,low,False,False,1600153,1400129,[],[],,,,,0,light,2021-10-09T09:00:00+00:00,,UNKNOWN,,,,UNKNOWN,UNKNOWN,,UNKNOWN,,2.25,0.875,12.375,1.125,1.125,2.45,8.0,2.0,6.0,1.0,1.0,11.0,,,,4.5,1.75,6.75,2.25,2.25,5.7,4.0,2.0,6.0,1.0,1.0,3.0,,,,True,True,UNKNOWN,False,False
2021000911,2021-10-10 13:30:00,広島東洋カープ,読売ジャイアンツ,3.0,1.0,UNKNOWN,MAZDA Zoom-Zoom スタジアム広島,unknown,low,False,False,1800023,1900052,[],[],,,,,0,light,2021-10-10T04:30:00+00:00,,UNKNOWN,,,,UNKNOWN,UNKNOWN,,UNKNOWN,,6.230769230769231,2.076923076923077,0.0,6.230769230769231,0.0,5.276923076923078,4.333333333333333,3.0,6.0,0.0,3.0,0.0,,,,0.0,1.1428571428571428,7.714285714285714,1.2857142857142858,0.0,1.9142857142857144,7.0,0.0,7.0,0.0,1.0,6.0,,,,True,True,UNKNOWN,False,False
2021000910,2021-10-10 14:00:00,横浜DeNAベイスターズ,中日ドラゴンズ,2.0,1.0,UNKNOWN,横浜スタジアム,unknown,low,False,False,1500074,1500061,[],[],,,,,0,light,2021-10-10T05:00:00+00:00,,UNKNOWN,,,,UNKNOWN,UNKNOWN,,UNKNOWN,,1.5,1.3333333333333333,4.5,3.0,0.0,3.2,6.0,1.0,6.0,0.0,2.0,3.0,,,,1.2857142857142858,1.0,5.142857142857143,0.0,0.0,2.0571428571428574,7.0,1.0,7.0,0.0,0.0,4.0,,,,True,True,UNKNOWN,False,False
2021000912,2021-10-10 14:00:00,北海道日本ハムファイターズ,千葉ロッテマリーンズ,4.0,4.0,UNKNOWN,札幌ドーム,unknown,low,False,False,1000155,1500110,[],[],,,,,0,light,2021-10-10T05:00:00+00:00,,UNKNOWN,,,,UNKNOWN,UNKNOWN,,UNKNOWN,,1.5,1.1666666666666667,7.5,1.5,0.0,2.033333333333333,6.0,1.0,6.0,0.0,1.0,5.0,,,,1.5,0.6666666666666666,1.5,0.0,1.5,5.033333333333333,6.0,1.0,4.0,1.0,0.0,1.0,,,,True,True,UNKNOWN,False,False
2021000914,2021-10-10 14:00:00,福岡ソフトバンクホークス,オリックス・バファローズ,3.0,1.0,UNKNOWN,福岡PayPayドーム,unknown,low,False,False,1500088,1000174,[],[],,,,,0,light,2021-10-10T05:00:00+00:00,,UNKNOWN,,,,UNKNOWN,UNKNOWN,,UNKNOWN,,6.75,1.25,4.5,0.0,4.5,8.7,4.0,3.0,5.0,2.0,0.0,2.0,,,,1.125,0.875,12.375,2.25,0.0,1.2000000000000002,8.0,1.0,5.0,0.0,2.0,11.0,,,,True,True,UNKNOWN,False,False
2021000913,2021-10-10 14:00:00,埼玉西武ライオンズ,東北楽天ゴールデンイーグルス,3.0,2.0,UNKNOWN,メットライフドーム,unknown,low,False,False,700069,1800081,[],[],,,,,0,light,2021-10-10T05:00:00+00:00,,UNKNOWN,,,,UNKNOWN,UNKNOWN,,UNKNOWN,,2.5714285714285716,1.1428571428571428,1.2857142857142858,1.2857142857142858,0.0,3.342857142857143,7.0,2.0,7.0,0.0,1.0,1.0,,,,3.8571428571428568,3.4285714285714284,0.0,23.142857142857142,0.0,10.914285714285715,2.3333333333333335,1.0,2.0,0.0,6.0,0.0,,,,True,True,UNKNOWN,False,False
2021000909,2021-10-10 18:00:00,東京ヤクルトスワローズ,阪神タイガース,6.0,4.0,UNKNOWN,明治神宮野球場,unknown,low,False,False,1900147,12113,[],[],,,,,0,light,2021-10-10T09:00:00+00:00,,UNKNOWN,,,,UNKNOWN,UNKNOWN,,UNKNOWN,,6.0,1.3333333333333333,3.0,6.0,3.0,8.866666666666667,3.0,2.0,2.0,1.0,2.0,1.0,,,,5.3999999999999995,3.0,16.2,5.3999999999999995,0.0,1.4000000000000004,3.3333333333333335,2.0,8.0,0.0,2.0,6.0,,,,True,True,UNKNOWN,False,False
2021000916,2021-10-12 18:00:00,中日ドラゴンズ,東京ヤクルトスワローズ,3.0,2.0,UNKNOWN,バンテリンドーム ナゴヤ,unknown,low,False,False,1200076,1600106,[],[],,,,,0,light,2021-10-12T09:00:00+00:00,,UNKNOWN,,,,UNKNOWN,UNKNOWN,,UNKNOWN,,3.375,1.3125,11.8125,3.375,0.0,1.7000000000000002,5.333333333333333,2.0,5.0,0.0,2.0,7.0,,,,1.125,1.125,6.75,2.25,1.125,4.075,8.0,1.0,7.0,1.0,2.0,6.0,,,,True,True,UNKNOWN,False,False
2021000915,2021-10-12 18:00:00,読売ジャイアンツ,阪神タイガース,1.0,2.0,UNKNOWN,東京ドーム,unknown,low,False,False,1500090,1700002,[],[],,,,,0,light,2021-10-12T09:00:00+00:00,,UNKNOWN,,,,UNKNOWN,UNKNOWN,,UNKNOWN,,1.2857142857142858,0.8571428571428571,2.5714285714285716,0.0,0.0,2.628571428571429,7.0,1.0,6.0,0.0,0.0,2.0,,,,4.5,1.75,6.75,0.0,0.0,1.7000000000000002,4.0,2.0,7.0,0.0,0.0,3.0,,,,True,True,UNKNOWN,False,False
2021000917,2021-10-12 18:00:00,広島東洋カープ,横浜DeNAベイスターズ,3.0,0.0,UNKNOWN,MAZDA Zoom-Zoom スタジアム広島,unknown,low,False,False,1700058,1300058,[],[],,,,,0,light,2021-10-12T09:00:00+00:00,,UNKNOWN,,,,UNKNOWN,UNKNOWN,,UNKNOWN,,1.2857142857142858,0.8571428571428571,10.285714285714286,1.2857142857142858,0.0,1.342857142857143,7.0,1.0,5.0,0.0,1.0,8.0,,,,0.0,0.42857142857142855,6.428571428571429,2.5714285714285716,0.0,2.628571428571429,7.0,0.0,1.0,0.0,2.0,5.0,,,,True,True,UNKNOWN,False,False
2021000919,2021-10-12 18:00:00,オリックス・バファローズ,千葉ロッテマリーンズ,2.0,2.0,UNKNOWN,京セラドーム大阪,unknown,low,False,False,1800052,1700109,[],[],,,,,0,light,2021-10-12T09:00:00+00:00,,UNKNOWN,,,,UNKNOWN,UNKNOWN,,UNKNOWN,,2.25,0.875,1.125,1.125,1.125,4.95,8.0,2.0,6.0,1.0,1.0,1.0,,,,2.25,1.0,7.875,0.0,1.125,3.075,8.0,2.0,8.0,1.0,0.0,7.0,,,,True,True,UNKNOWN,False,False
2021000918,2021-10-12 18:00:00,北海道日本ハムファイターズ,福岡ソフトバンクホークス,0.0,5.0,UNKNOWN,札幌ドーム,unknown,low,False,False,1200106,1900070,[],[],,,,,0,light,2021-10-12T09:00:00+00:00,,UNKNOWN,,,,UNKNOWN,UNKNOWN,,UNKNOWN,,0.0,1.0,9.0,2.5714285714285716,0.0,2.0571428571428574,7.0,0.0,5.0,0.0,2.0,7.0,,,,3.0,1.3333333333333333,6.0,4.5,0.0,3.3666666666666667,6.0,2.0,5.0,0.0,3.0,4.0,,,,True,True,UNKNOWN,False,False
2021000920,2021-10-13 18:00:00,読売ジャイアンツ,阪神タイガース,2.0,2.0,UNKNOWN,東京ドーム,unknown,low,False,False,900062,1200041,[],[],,,,,0,light,2021-10-13T09:00:00+00:00,,UNKNOWN,,,,UNKNOWN,UNKNOWN,,UNKNOWN,,10.8,2.4000000000000004,0.0,10.8,0.0,6.800000000000001,1.6666666666666665,2.0,2.0,0.0,2.0,0.0,,,,2.5714285714285716,1.1428571428571428,7.714285714285714,0.0,1.2857142857142858,3.342857142857143,7.0,2.0,8.0,1.0,0.0,6.0,,,,True,True,UNKNOWN,False,False
2021000921,2021-10-13 18:00:00,中日ドラゴンズ,東京ヤクルトスワローズ,1.0,3.0,UNKNOWN,バンテリンドーム ナゴヤ,unknown,low,False,False,2000139,12191,[],[],,,,,0,light,2021-10-13T09:00:00+00:00,,UNKNOWN,,,,UNKNOWN,UNKNOWN,,UNKNOWN,,1.8,0.6,9.0,1.8,0.0,1.8000000000000003,5.0,1.0,2.0,0.0,1.0,5.0,,,,0.0,0.0,27.0,0.0,0.0,-2.8,0.3333333333333333,0.0,0.0,0.0,0.0,1.0,,,,True,True,UNKNOWN,False,False
2021000922,2021-10-13 18:00:00,広島東洋カープ,横浜DeNAベイスターズ,3.0,9.0,UNKNOWN,MAZDA Zoom-Zoom スタジアム広島,unknown,low,False,False,1800045,1600123,[],[],,,,,0,light,2021-10-13T09:00:00+00:00,,UNKNOWN,,,,UNKNOWN,UNKNOWN,,UNKNOWN,,4.5,1.5,13.5,0.0,0.0,0.20000000000000018,4.0,2.0,6.0,0.0,0.0,6.0,,,,13.5,2.357142857142857,9.642857142857142,5.785714285714286,0.0,2.9857142857142858,4.666666666666667,7.0,8.0,0.0,3.0,5.0,,,,True,True,UNKNOWN,False,False
2021000924,2021-10-13 18:00:00,東北楽天ゴールデンイーグルス,福岡ソフトバンクホークス,2.0,1.0,UNKNOWN,楽天生命パーク宮城,unknown,low,False,False,1800002,2000121,[],[],,,,,0,light,2021-10-13T09:00:00+00:00,,UNKNOWN,,,,UNKNOWN,UNKNOWN,,UNKNOWN,,0.0,1.0,10.285714285714286,3.857142857142857,0.0,2.2,7.0,0.0,4.0,0.0,3.0,8.0,,,,1.2857142857142858,0.8571428571428571,5.142857142857143,2.5714285714285716,0.0,2.9142857142857146,7.0,1.0,4.0,0.0,2.0,4.0,,,,True,True,UNKNOWN,False,False
2021000923,2021-10-13 18:00:00,北海道日本ハムファイターズ,埼玉西武ライオンズ,10.0,2.0,UNKNOWN,札幌ドーム,unknown,low,False,False,1400182,2000136,[],[],,,,,0,light,2021-10-13T09:00:00+00:00,,UNKNOWN,,,,UNKNOWN,UNKNOWN,,UNKNOWN,,9.947368421052632,2.0526315789473686,5.684210526315789,4.2631578947368425,0.0,3.3578947368421055,6.333333333333333,7.0,10.0,0.0,3.0,4.0,,,,0.0,1.0,3.6,3.6,0.0,3.6,5.0,0.0,3.0,0.0,2.0,2.0,,,,True,True,UNKNOWN,False,False
2021000925,2021-10-13 18:00:00,オリックス・バファローズ,千葉ロッテマリーンズ,2.0,8.0,UNKNOWN,京セラドーム大阪,unknown,low,False,False,1300050,1400195,[],[],,,,,0,light,2021-10-13T09:00:00+00:00,,UNKNOWN,,,,UNKNOWN,UNKNOWN,,UNKNOWN,,2.0,0.6666666666666666,1.0,0.0,1.0,4.4222222222222225,9.0,2.0,6.0,1.0,0.0,1.0,,,,16.875,3.375,3.375,3.375,0.0,3.575,2.6666666666666665,5.0,8.0,0.0,1.0,1.0,,,,True,True,UNKNOWN,False,False
2021000927,2021-10-14 17:45:00,中日ドラゴンズ,東京ヤクルトスワローズ,1.0,1.0,UNKNOWN,バンテリンドーム ナゴヤ,unknown,low,False,False,1500040,1800061,[],[],,,,,0,light,2021-10-14T08:45:00+00:00,,UNKNOWN,,,,UNKNOWN,UNKNOWN,,UNKNOWN,,1.2857142857142858,0.8571428571428571,6.428571428571429,0.0,0.0,1.7714285714285716,7.0,1.0,6.0,0.0,0.0,5.0,,,,1.5,0.8333333333333334,10.5,0.0,1.5,3.0333333333333337,6.0,1.0,5.0,1.0,0.0,7.0,,,,True,True,UNKNOWN,False,False
2021000928,2021-10-14 18:00:00,広島東洋カープ,横浜DeNAベイスターズ,5.0,3.0,UNKNOWN,MAZDA Zoom-Zoom スタジアム広島,unknown,low,False,False,2000145,1300057,[],[],,,,,0,light,2021-10-14T09:00:00+00:00,,UNKNOWN,,,,UNKNOWN,UNKNOWN,,UNKNOWN,,3.176470588235294,1.588235294117647,6.352941176470588,3.176470588235294,1.588235294117647,5.141176470588236,5.666666666666667,2.0,7.0,1.0,2.0,4.0,,,,1.5,1.1666666666666667,10.5,1.5,0.0,1.366666666666667,6.0,1.0,6.0,0.0,1.0,7.0,,,,True,True,UNKNOWN,False,False
2021000926,2021-10-14 18:00:00,読売ジャイアンツ,阪神タイガース,0.0,3.0,UNKNOWN,東京ドーム,unknown,low,False,False,1700078,600008,[],[],,,,,0,light,2021-10-14T09:00:00+00:00,,UNKNOWN,,,,UNKNOWN,UNKNOWN,,UNKNOWN,,0.0,0.5714285714285714,14.142857142857142,3.857142857142857,0.0,1.342857142857143,7.0,0.0,1.0,0.0,3.0,11.0,,,,0.0,0.7142857142857143,10.285714285714286,0.0,0.0,0.9142857142857146,7.0,0.0,5.0,0.0,0.0,8.0,,,,True,True,UNKNOWN,False,False
2021000929,2021-10-14 18:00:00,北海道日本ハムファイターズ,埼玉西武ライオンズ,0.0,3.0,UNKNOWN,札幌ドーム,unknown,low,False,False,1800080,2000079,[],[],,,,,0,light,2021-10-14T09:00:00+00:00,,UNKNOWN,,,,UNKNOWN,UNKNOWN,,UNKNOWN,,0.0,0.8571428571428571,5.142857142857143,3.857142857142857,0.0,3.342857142857143,7.0,0.0,3.0,0.0,3.0,4.0,,,,2.5714285714285716,1.1428571428571428,2.5714285714285716,2.5714285714285716,1.2857142857142858,5.342857142857143,7.0,2.0,6.0,1.0,2.0,2.0,,,,True,True,UNKNOWN,False,False
2021000930,2021-10-14 18:00:00,東北楽天ゴールデンイーグルス,福岡ソフトバンクホークス,5.0,6.0,UNKNOWN,楽天生命パーク宮城,unknown,low,False,False,1400126,1200117,[],[],,,,,0,light,2021-10-14T09:00:00+00:00,,UNKNOWN,,,,UNKNOWN,UNKNOWN,,UNKNOWN,,4.5,1.5,9.0,2.25,0.0,1.9500000000000002,4.0,2.0,5.0,0.0,1.0,4.0,,,,3.6,2.2,10.8,10.8,0.0,4.4,5.0,2.0,5.0,0.0,6.0,6.0,,,,True,True,UNKNOWN,False,False
2021000931,2021-10-14 18:00:00,オリックス・バファローズ,千葉ロッテマリーンズ,1.0,6.0,UNKNOWN,京セラドーム大阪,regular,high,True,True,1900080,1900087,[],[],,,,,0,light,2021-10-14T09:00:00+00:00,,UNKNOWN,,,,UNKNOWN,UNKNOWN,,UNKNOWN,,0.0,1.0,12.0,1.5,0.0,1.0333333333333337,6.0,0.0,5.0,0.0,1.0,8.0,,,,9.0,2.0,9.0,3.6,0.0,2.4000000000000004,5.0,5.0,8.0,0.0,2.0,5.0,,,,True,True,UNKNOWN,False,False
2021000935,2021-10-15 17:45:00,千葉ロッテマリーンズ,福岡ソフトバンクホークス,3.0,1.0,UNKNOWN,ZOZOマリンスタジアム,unknown,low,False,False,1400129,1400190,[],[],,,,,0,light,2021-10-15T08:45:00+00:00,,UNKNOWN,,,,UNKNOWN,UNKNOWN,,UNKNOWN,,1.6875,0.75,6.75,3.375,1.6875,5.2625,5.333333333333333,1.0,2.0,1.0,2.0,4.0,,,,1.8,1.4,1.8,7.2,0.0,5.2,5.0,1.0,3.0,0.0,4.0,1.0,,,,True,True,UNKNOWN,False,False
2021000932,2021-10-15 18:00:00,東京ヤクルトスワローズ,読売ジャイアンツ,8.0,7.0,UNKNOWN,明治神宮野球場,unknown,low,False,False,1800028,1300045,[],[],,,,,0,light,2021-10-15T09:00:00+00:00,,UNKNOWN,,,,UNKNOWN,UNKNOWN,,UNKNOWN,,7.2,2.0,1.8,7.2,5.4,13.0,5.0,4.0,6.0,3.0,4.0,1.0,,,,5.4,1.4,7.2,5.4,3.6,8.600000000000001,5.0,3.0,4.0,2.0,3.0,4.0,,,,True,True,UNKNOWN,False,False
2021000933,2021-10-15 18:00:00,北海道日本ハムファイターズ,オリックス・バファローズ,0.0,3.0,UNKNOWN,札幌ドーム,unknown,low,False,False,1600155,1900071,[],[],,,,,0,light,2021-10-15T09:00:00+00:00,,UNKNOWN,,,,UNKNOWN,UNKNOWN,,UNKNOWN,,0.0,0.5,7.5,1.5,0.0,2.033333333333333,6.0,0.0,2.0,0.0,1.0,5.0,,,,4.5,0.6666666666666666,6.0,3.0,1.5,5.033333333333333,6.0,3.0,2.0,1.0,2.0,4.0,,,,True,True,UNKNOWN,False,False
2021000934,2021-10-15 18:00:00,東北楽天ゴールデンイーグルス,埼玉西武ライオンズ,1.0,5.0,UNKNOWN,楽天生命パーク宮城,unknown,low,False,False,1600127,1900117,[],[],,,,,0,light,2021-10-15T09:00:00+00:00,,UNKNOWN,,,,UNKNOWN,UNKNOWN,,UNKNOWN,,1.0,0.8888888888888888,6.0,4.0,1.0,4.644444444444445,9.0,1.0,4.0,1.0,4.0,6.0,,,,1.2857142857142858,0.7142857142857143,3.857142857142857,0.0,0.0,2.342857142857143,7.0,1.0,5.0,0.0,0.0,3.0,,,,True,True,UNKNOWN,False,False
2021000936,2021-10-16 14:00:00,読売ジャイアンツ,広島東洋カープ,7.0,8.0,UNKNOWN,東京ドーム,unknown,low,False,False,1900052,1800023,[],[],,,,,0,light,2021-10-16T05:00:00+00:00,,UNKNOWN,,,,UNKNOWN,UNKNOWN,,UNKNOWN,,7.105263157894737,1.5789473684210527,7.105263157894737,1.4210526315789473,1.4210526315789473,4.147368421052632,6.333333333333333,5.0,9.0,1.0,1.0,5.0,,,,54.0,9.0,13.5,0.0,13.5,19.7,0.6666666666666666,4.0,6.0,1.0,0.0,1.0,,,,True,True,UNKNOWN,False,False
2021000938,2021-10-16 14:00:00,北海道日本ハムファイターズ,オリックス・バファローズ,1.0,1.0,UNKNOWN,札幌ドーム,unknown,low,False,False,1600153,1900129,[],[],,,,,0,light,2021-10-16T05:00:00+00:00,,UNKNOWN,,,,UNKNOWN,UNKNOWN,,UNKNOWN,,1.5,1.0,9.0,3.0,0.0,2.2,6.0,1.0,4.0,0.0,2.0,6.0,,,,0.0,0.7142857142857143,5.142857142857143,3.857142857142857,0.0,3.342857142857143,7.0,0.0,2.0,0.0,3.0,4.0,,,,True,True,UNKNOWN,False,False
2021000939,2021-10-16 14:00:00,東北楽天ゴールデンイーグルス,埼玉西武ライオンズ,3.0,0.0,UNKNOWN,楽天生命パーク宮城,unknown,low,False,False,1900062,700065,[],[],,,,,0,light,2021-10-16T05:00:00+00:00,,UNKNOWN,,,,UNKNOWN,UNKNOWN,,UNKNOWN,,6.230769230769231,1.6153846153846154,8.307692307692308,6.230769230769231,2.076923076923077,6.430769230769231,4.333333333333333,3.0,4.0,1.0,3.0,4.0,,,,0.0,0.8571428571428571,2.5714285714285716,3.857142857142857,0.0,3.9142857142857146,7.0,0.0,3.0,0.0,3.0,2.0,,,,True,True,UNKNOWN,False,False
2021000937,2021-10-16 18:00:00,東京ヤクルトスワローズ,中日ドラゴンズ,3.0,5.0,UNKNOWN,明治神宮野球場,unknown,low,False,False,2000003,12113,[],[],,,,,0,light,2021-10-16T09:00:00+00:00,,UNKNOWN,,,,UNKNOWN,UNKNOWN,,UNKNOWN,,5.4,2.2,5.4,7.2,1.8,7.0,5.0,3.0,7.0,1.0,4.0,3.0,,,,7.7142857142857135,1.7142857142857142,1.9285714285714284,1.9285714285714284,0.0,3.4142857142857146,4.666666666666667,4.0,7.0,0.0,1.0,1.0,,,,True,True,UNKNOWN,False,False
2021000940,2021-10-16 14:00:00,千葉ロッテマリーンズ,福岡ソフトバンクホークス,4.0,10.0,UNKNOWN,ZOZOマリンスタジアム,unknown,low,False,False,1300080,1300055,[],[],,,,,0,light,2021-10-16T05:00:00+00:00,,UNKNOWN,,,,UNKNOWN,UNKNOWN,,UNKNOWN,,9.0,2.0,4.5,2.25,6.75,12.7,4.0,4.0,7.0,3.0,1.0,2.0,,,,27.000000000000004,4.800000000000001,10.8,16.200000000000003,5.4,14.0,1.6666666666666665,5.0,5.0,1.0,3.0,2.0,,,,True,True,UNKNOWN,False,False
2021000943,2021-10-17 13:00:00,東北楽天ゴールデンイーグルス,埼玉西武ライオンズ,5.0,6.0,UNKNOWN,楽天生命パーク宮城,unknown,low,False,False,1800081,700069,[],[],,,,,0,light,2021-10-17T04:00:00+00:00,,UNKNOWN,,,,UNKNOWN,UNKNOWN,,UNKNOWN,,0.0,1.3333333333333333,7.5,6.0,0.0,3.5333333333333337,6.0,0.0,4.0,0.0,4.0,5.0,,,,9.642857142857142,2.142857142857143,9.642857142857142,3.8571428571428568,1.9285714285714284,5.128571428571428,4.666666666666667,5.0,8.0,1.0,2.0,5.0,,,,True,True,UNKNOWN,False,False
2021000941,2021-10-17 14:00:00,横浜DeNAベイスターズ,東京ヤクルトスワローズ,3.0,7.0,UNKNOWN,横浜スタジアム,excluded,high,False,False,1700088,1600084,[],[],,,,,0,light,2021-10-17T05:00:00+00:00,,UNKNOWN,,,,UNKNOWN,UNKNOWN,,UNKNOWN,,3.6,1.2,5.4,0.0,0.0,2.0,5.0,2.0,6.0,0.0,0.0,3.0,,,,4.5,1.6666666666666667,6.0,4.5,0.0,3.3666666666666667,6.0,3.0,7.0,0.0,3.0,4.0,,,,True,True,UNKNOWN,False,False
2021000942,2021-10-17 14:00:00,北海道日本ハムファイターズ,オリックス・バファローズ,4.0,3.0,UNKNOWN,札幌ドーム,unknown,low,False,False,1500088,1100099,[],[],,,,,0,light,2021-10-17T05:00:00+00:00,,UNKNOWN,,,,UNKNOWN,UNKNOWN,,UNKNOWN,,10.799999999999999,2.4,8.1,8.1,2.6999999999999997,8.0,3.3333333333333335,4.0,5.0,1.0,3.0,3.0,,,,4.5,1.3333333333333333,10.5,1.5,0.0,1.366666666666667,6.0,3.0,7.0,0.0,1.0,7.0,,,,True,True,UNKNOWN,False,False
2021005066,2021-10-17 18:00:00,阪神タイガース,広島東洋カープ,2.0,4.0,UNKNOWN,阪神甲子園球場,climax,high,False,True,1900057,900425,[],[],,,,,0,light,2021-10-17T09:00:00+00:00,,UNKNOWN,,,,UNKNOWN,UNKNOWN,,UNKNOWN,,2.8421052631578947,1.4210526315789473,2.8421052631578947,1.4210526315789473,1.4210526315789473,5.094736842105263,6.333333333333333,2.0,8.0,1.0,1.0,2.0,,,,5.4,0.8,10.8,0.0,5.4,8.600000000000001,5.0,3.0,4.0,3.0,0.0,6.0,,,,True,True,UNKNOWN,False,False
2021000945,2021-10-18 17:45:00,埼玉西武ライオンズ,千葉ロッテマリーンズ,1.0,2.0,UNKNOWN,メットライフドーム,unknown,low,False,False,1000155,1700125,[],[],,,,,0,light,2021-10-18T08:45:00+00:00,,UNKNOWN,,,,UNKNOWN,UNKNOWN,,UNKNOWN,,1.2857142857142858,0.5714285714285714,11.571428571428571,0.0,0.0,0.6285714285714286,7.0,1.0,4.0,0.0,0.0,9.0,,,,1.6875,1.125,10.125,1.6875,0.0,1.5125000000000002,5.333333333333333,1.0,5.0,0.0,1.0,6.0,,,,True,True,UNKNOWN,False,False
2021000946,2021-10-18 18:00:00,東北楽天ゴールデンイーグルス,北海道日本ハムファイターズ,0.0,5.0,UNKNOWN,楽天生命パーク宮城,unknown,low,False,False,1500110,1800120,[],[],,,,,0,light,2021-10-18T09:00:00+00:00,,UNKNOWN,,,,UNKNOWN,UNKNOWN,,UNKNOWN,,0.0,0.3333333333333333,8.0,0.0,0.0,1.4222222222222225,9.0,0.0,3.0,0.0,0.0,8.0,,,,18.0,4.0,9.0,9.0,0.0,4.2,1.0,2.0,3.0,0.0,1.0,1.0,,,,True,True,UNKNOWN,False,False
2021000947,2021-10-19 17:45:00,埼玉西武ライオンズ,北海道日本ハムファイターズ,2.0,6.0,UNKNOWN,メットライフドーム,unknown,low,False,False,1800092,11715,[],[],,,,,0,light,2021-10-19T08:45:00+00:00,,UNKNOWN,,,,UNKNOWN,UNKNOWN,,UNKNOWN,,1.5,0.6666666666666666,7.5,4.5,0.0,3.0333333333333337,6.0,1.0,1.0,0.0,3.0,5.0,,,,,,,,,,,,,,,,,,,True,False,UNKNOWN,False,False
2021005067,2021-10-18 18:00:00,阪神タイガース,広島東洋カープ,2.0,1.0,UNKNOWN,阪神甲子園球場,unknown,low,False,False,1300058,2000052,[],[],,,,,0,light,2021-10-18T09:00:00+00:00,,UNKNOWN,,,,UNKNOWN,UNKNOWN,,UNKNOWN,,1.3499999999999999,1.05,14.85,1.3499999999999999,0.0,0.3500000000000001,6.666666666666667,1.0,6.0,0.0,1.0,11.0,,,,0.0,0.5714285714285714,6.428571428571429,0.0,0.0,1.7714285714285716,7.0,0.0,4.0,0.0,0.0,5.0,,,,True,True,UNKNOWN,False,False
2021000949,2021-10-19 18:00:00,福岡ソフトバンクホークス,千葉ロッテマリーンズ,6.0,0.0,UNKNOWN,福岡PayPayドーム,unknown,low,False,False,1800052,1000174,[],[],,,,,0,light,2021-10-19T09:00:00+00:00,,UNKNOWN,,,,UNKNOWN,UNKNOWN,,UNKNOWN,,6.352941176470588,1.2352941176470587,3.176470588235294,3.176470588235294,1.588235294117647,5.847058823529412,5.666666666666667,4.0,5.0,1.0,2.0,2.0,,,,0.0,0.7142857142857143,9.0,5.142857142857143,0.0,2.9142857142857146,7.0,0.0,1.0,0.0,4.0,7.0,,,,True,True,UNKNOWN,False,False
2021000948,2021-10-19 18:00:00,オリックス・バファローズ,東北楽天ゴールデンイーグルス,6.0,3.0,UNKNOWN,京セラドーム大阪,unknown,low,False,False,2000121,1700109,[],[],,,,,0,light,2021-10-19T09:00:00+00:00,,UNKNOWN,,,,UNKNOWN,UNKNOWN,,UNKNOWN,,9.642857142857142,1.2857142857142856,7.7142857142857135,3.8571428571428568,1.9285714285714284,5.557142857142857,4.666666666666667,5.0,4.0,1.0,2.0,4.0,,,,3.6,1.6,7.2,3.6,3.6,8.0,5.0,2.0,6.0,2.0,2.0,4.0,,,,True,True,UNKNOWN,False,False
2021005069,2021-10-19 18:00:00,阪神タイガース,東京ヤクルトスワローズ,11.0,0.0,UNKNOWN,阪神甲子園球場,unknown,low,False,False,1900024,1500090,[],[],,,,,0,light,2021-10-19T09:00:00+00:00,,UNKNOWN,,,,UNKNOWN,UNKNOWN,,UNKNOWN,,12.272727272727273,2.181818181818182,12.272727272727273,2.4545454545454546,2.4545454545454546,4.836363636363637,3.6666666666666665,5.0,7.0,1.0,1.0,5.0,,,,0.0,1.0,3.857142857142857,5.142857142857143,0.0,4.057142857142857,7.0,0.0,3.0,0.0,4.0,3.0,,,,True,True,UNKNOWN,False,False
2021000950,2021-10-20 17:45:00,埼玉西武ライオンズ,北海道日本ハムファイターズ,7.0,5.0,UNKNOWN,メットライフドーム,unknown,low,False,False,2000136,1800080,[],[],,,,,0,light,2021-10-20T08:45:00+00:00,,UNKNOWN,,,,UNKNOWN,UNKNOWN,,UNKNOWN,,13.5,2.25,9.0,4.5,2.25,5.95,4.0,6.0,7.0,1.0,2.0,4.0,,,,9.0,1.6,10.8,1.8,3.6,6.6,5.0,5.0,7.0,2.0,1.0,6.0,,,,True,True,UNKNOWN,False,False
2021005068,2021-10-19 17:45:00,横浜DeNAベイスターズ,読売ジャイアンツ,4.0,4.0,UNKNOWN,横浜スタジアム,unknown,low,False,False,1700002,1500061,[],[],,,,,0,light,2021-10-19T08:45:00+00:00,,UNKNOWN,,,,UNKNOWN,UNKNOWN,,UNKNOWN,,6.75,2.0,6.75,2.25,0.0,2.45,4.0,3.0,7.0,0.0,1.0,3.0,,,,3.0,1.1666666666666667,6.0,1.5,1.5,4.533333333333333,6.0,2.0,6.0,1.0,1.0,4.0,,,,True,True,UNKNOWN,False,False
2021005071,2021-10-20 18:00:00,阪神タイガース,東京ヤクルトスワローズ,0.0,0.0,UNKNOWN,阪神甲子園球場,regular,high,True,True,1500042,1900147,[],[],,,,,0,light,2021-10-20T09:00:00+00:00,,UNKNOWN,,,,UNKNOWN,UNKNOWN,,UNKNOWN,,0.0,0.5714285714285714,10.285714285714286,0.0,0.0,0.9142857142857146,7.0,0.0,4.0,0.0,0.0,8.0,,,,0.0,0.5217391304347826,10.565217391304348,0.0,0.0,0.8521739130434787,7.666666666666667,0.0,4.0,0.0,0.0,9.0,,,,True,True,UNKNOWN,False,False
2021005065,2021-10-20 18:00:00,オリックス・バファローズ,東北楽天ゴールデンイーグルス,2.0,5.0,UNKNOWN,京セラドーム大阪,unknown,low,False,False,1200117,1400195,[],[],,,,,0,light,2021-10-20T09:00:00+00:00,,UNKNOWN,,,,UNKNOWN,UNKNOWN,,UNKNOWN,,2.25,0.75,7.875,0.0,1.125,3.075,8.0,2.0,6.0,1.0,0.0,7.0,,,,1.588235294117647,0.7058823529411764,4.764705882352941,1.588235294117647,0.0,2.670588235294118,5.666666666666667,1.0,3.0,0.0,1.0,3.0,,,,True,True,UNKNOWN,False,False
2021005070,2021-10-20 17:45:00,横浜DeNAベイスターズ,読売ジャイアンツ,2.0,3.0,UNKNOWN,横浜スタジアム,unknown,low,False,False,600008,1800043,[],[],,,,,0,light,2021-10-20T08:45:00+00:00,,UNKNOWN,,,,UNKNOWN,UNKNOWN,,UNKNOWN,,3.6,1.4,7.2,1.8,0.0,2.2,5.0,2.0,6.0,0.0,1.0,4.0,,,,3.6,1.6,7.2,9.0,1.8,7.2,5.0,2.0,3.0,1.0,5.0,4.0,,,,True,True,UNKNOWN,False,False
2021005072,2021-10-21 18:00:00,東京ヤクルトスワローズ,広島東洋カープ,7.0,11.0,UNKNOWN,明治神宮野球場,climax,high,False,True,1300057,1200076,[],[],,,,,0,light,2021-10-21T09:00:00+00:00,,UNKNOWN,,,,UNKNOWN,UNKNOWN,,UNKNOWN,,14.727272727272728,2.7272727272727275,12.272727272727273,7.363636363636364,0.0,2.9272727272727272,3.6666666666666665,6.0,7.0,0.0,3.0,5.0,,,,6.75,1.25,6.75,2.25,2.25,5.7,4.0,3.0,4.0,1.0,1.0,3.0,,,,True,True,UNKNOWN,False,False
2021000952,2021-10-21 18:00:00,福岡ソフトバンクホークス,北海道日本ハムファイターズ,2.0,2.0,UNKNOWN,福岡PayPayドーム,unknown,low,False,False,2000079,1800002,[],[],,,,,0,light,2021-10-21T09:00:00+00:00,,UNKNOWN,,,,UNKNOWN,UNKNOWN,,UNKNOWN,,2.5714285714285716,0.8571428571428571,10.285714285714286,2.5714285714285716,1.2857142857142858,3.6285714285714286,7.0,2.0,4.0,1.0,2.0,8.0,,,,0.0,0.875,5.625,2.25,0.0,2.7,8.0,0.0,5.0,0.0,2.0,5.0,,,,True,True,UNKNOWN,False,False
2021000951,2021-10-21 18:00:00,オリックス・バファローズ,埼玉西武ライオンズ,3.0,2.0,UNKNOWN,京セラドーム大阪,unknown,low,False,False,1600127,1900087,[],[],,,,,0,light,2021-10-21T09:00:00+00:00,,UNKNOWN,,,,UNKNOWN,UNKNOWN,,UNKNOWN,,1.5,1.3333333333333333,4.5,7.5,1.5,6.866666666666667,6.0,1.0,3.0,1.0,5.0,3.0,,,,1.588235294117647,1.0588235294117647,6.352941176470588,1.588235294117647,1.588235294117647,4.6117647058823525,5.666666666666667,1.0,5.0,1.0,1.0,4.0,,,,True,True,UNKNOWN,False,False
2021005075,2021-10-23 14:00:00,読売ジャイアンツ,東京ヤクルトスワローズ,11.0,1.0,UNKNOWN,東京ドーム,unknown,low,False,False,12113,1200041,[],[],,,,,0,light,2021-10-23T05:00:00+00:00,,UNKNOWN,,,,UNKNOWN,UNKNOWN,,UNKNOWN,,108.0,15.0,0.0,27.0,27.0,51.2,0.3333333333333333,4.0,4.0,1.0,1.0,0.0,,,,1.8,0.6,10.8,1.8,0.0,1.4000000000000001,5.0,1.0,2.0,0.0,1.0,6.0,,,,True,True,UNKNOWN,False,False
2021005074,2021-10-22 17:45:00,横浜DeNAベイスターズ,中日ドラゴンズ,4.0,2.0,UNKNOWN,横浜スタジアム,unknown,low,False,False,1800061,2000145,[],[],,,,,0,light,2021-10-22T08:45:00+00:00,,UNKNOWN,,,,UNKNOWN,UNKNOWN,,UNKNOWN,,6.0,1.1666666666666667,9.0,0.0,1.5,3.3666666666666667,6.0,4.0,7.0,1.0,0.0,6.0,,,,1.2857142857142858,1.2857142857142858,3.857142857142857,0.0,0.0,2.342857142857143,7.0,1.0,9.0,0.0,0.0,3.0,,,,True,True,UNKNOWN,False,False
2021005076,2021-10-23 14:00:00,横浜DeNAベイスターズ,中日ドラゴンズ,5.0,0.0,UNKNOWN,横浜スタジアム,excluded,high,False,False,1700104,1700058,[],[],,,,,0,light,2021-10-23T05:00:00+00:00,,UNKNOWN,,,,UNKNOWN,UNKNOWN,,UNKNOWN,,2.25,2.25,2.25,9.0,0.0,5.7,4.0,1.0,5.0,0.0,4.0,1.0,,,,0.0,0.25,6.75,1.125,0.0,2.075,8.0,0.0,1.0,0.0,1.0,6.0,,,,True,True,UNKNOWN,False,False
2021005114,2021-10-21 18:00:00,阪神タイガース,中日ドラゴンズ,6.0,1.0,UNKNOWN,阪神甲子園球場,unknown,low,False,False,1600106,1700078,[],[],,,,,0,light,2021-10-21T09:00:00+00:00,,UNKNOWN,,,,UNKNOWN,UNKNOWN,,UNKNOWN,,9.0,2.5,4.5,4.5,0.0,3.7,2.0,2.0,4.0,0.0,1.0,1.0,,,,0.0,0.125,10.125,0.0,0.0,0.9500000000000002,8.0,0.0,1.0,0.0,0.0,9.0,,,,True,True,UNKNOWN,False,False
2021005115,2021-10-23 14:00:00,千葉ロッテマリーンズ,北海道日本ハムファイターズ,4.0,3.0,UNKNOWN,ZOZOマリンスタジアム,unknown,low,False,False,1900070,1900080,[],[],,,,,0,light,2021-10-23T05:00:00+00:00,,UNKNOWN,,,,UNKNOWN,UNKNOWN,,UNKNOWN,,5.4,1.2,1.8,3.6,0.0,4.0,5.0,3.0,4.0,0.0,2.0,1.0,,,,0.0,0.8333333333333334,16.5,1.5,0.0,0.03333333333333366,6.0,0.0,4.0,0.0,1.0,11.0,,,,True,True,UNKNOWN,False,False
2021005118,2021-10-23 14:00:00,東北楽天ゴールデンイーグルス,福岡ソフトバンクホークス,8.0,1.0,UNKNOWN,楽天生命パーク宮城,climax,high,False,True,1200106,1900117,[],[],,,,,0,light,2021-10-23T05:00:00+00:00,,UNKNOWN,,,,UNKNOWN,UNKNOWN,,UNKNOWN,,3.8571428571428568,2.571428571428571,3.8571428571428568,7.7142857142857135,0.0,4.914285714285715,2.3333333333333335,1.0,4.0,0.0,2.0,1.0,,,,1.5,1.0,9.0,1.5,1.5,3.8666666666666667,6.0,1.0,5.0,1.0,1.0,6.0,,,,True,True,UNKNOWN,False,False
2021005077,2021-10-23 18:00:00,広島東洋カープ,阪神タイガース,1.0,1.0,UNKNOWN,MAZDA Zoom-Zoom スタジアム広島,climax,high,False,True,900425,1900052,[],[],,,,,0,light,2021-10-23T09:00:00+00:00,,UNKNOWN,,,,UNKNOWN,UNKNOWN,,UNKNOWN,,1.8,1.0,5.4,3.6,0.0,3.2,5.0,1.0,3.0,0.0,2.0,3.0,,,,1.125,0.75,9.0,1.125,0.0,1.5750000000000002,8.0,1.0,5.0,0.0,1.0,8.0,,,,True,True,UNKNOWN,False,False
2021005079,2021-10-24 14:00:00,広島東洋カープ,阪神タイガース,2.0,7.0,UNKNOWN,MAZDA Zoom-Zoom スタジアム広島,unknown,low,False,False,2000052,1300058,[],[],,,,,0,light,2021-10-24T05:00:00+00:00,,UNKNOWN,,,,UNKNOWN,UNKNOWN,,UNKNOWN,,1.588235294117647,1.0588235294117647,4.764705882352941,3.176470588235294,1.588235294117647,5.4941176470588236,5.666666666666667,1.0,4.0,1.0,2.0,3.0,,,,4.05,1.5,6.75,4.05,1.3499999999999999,5.0,6.666666666666667,3.0,7.0,1.0,3.0,5.0,,,,True,True,UNKNOWN,False,False
2021005116,2021-10-24 14:00:00,千葉ロッテマリーンズ,北海道日本ハムファイターズ,3.0,2.0,UNKNOWN,ZOZOマリンスタジアム,unknown,low,False,False,1900071,1300050,[],[],,,,,0,light,2021-10-24T05:00:00+00:00,,UNKNOWN,,,,UNKNOWN,UNKNOWN,,UNKNOWN,,1.5,1.1666666666666667,9.0,3.0,0.0,2.2,6.0,1.0,5.0,0.0,2.0,6.0,,,,0.0,0.5,6.75,0.0,0.0,1.7000000000000002,8.0,0.0,4.0,0.0,0.0,6.0,,,,True,True,UNKNOWN,False,False
2021005119,2021-10-24 14:00:00,東北楽天ゴールデンイーグルス,福岡ソフトバンクホークス,2.0,6.0,UNKNOWN,楽天生命パーク宮城,unknown,low,False,False,1400129,700065,[],[],,,,,0,light,2021-10-24T05:00:00+00:00,,UNKNOWN,,,,UNKNOWN,UNKNOWN,,UNKNOWN,,1.5,1.1666666666666667,7.5,3.0,1.5,4.7,6.0,1.0,5.0,1.0,2.0,5.0,,,,7.5,1.5,9.0,1.5,1.5,3.8666666666666667,6.0,5.0,8.0,1.0,1.0,6.0,,,,True,True,UNKNOWN,False,False
2021005078,2021-10-24 18:00:00,東京ヤクルトスワローズ,読売ジャイアンツ,6.0,4.0,UNKNOWN,明治神宮野球場,unknown,low,False,False,1800028,1500040,[],[],,,,,0,light,2021-10-24T09:00:00+00:00,,UNKNOWN,,,,UNKNOWN,UNKNOWN,,UNKNOWN,,13.5,1.5,4.5,4.5,0.0,3.7,4.0,6.0,4.0,0.0,2.0,2.0,,,,3.375,1.5,5.0625,5.0625,0.0,3.7625,5.333333333333333,2.0,5.0,0.0,3.0,3.0,,,,True,True,UNKNOWN,False,False
2021005120,2021-10-25 18:00:00,東北楽天ゴールデンイーグルス,オリックス・バファローズ,0.0,4.0,UNKNOWN,楽天生命パーク宮城,regular,high,True,True,1600153,700069,[],[],,,,,0,light,2021-10-25T09:00:00+00:00,,UNKNOWN,,,,UNKNOWN,UNKNOWN,,UNKNOWN,,0.0,0.5555555555555556,7.0,1.0,0.0,1.9777777777777779,9.0,0.0,4.0,0.0,1.0,7.0,,,,1.125,0.625,9.0,1.125,0.0,1.5750000000000002,8.0,1.0,4.0,0.0,1.0,8.0,,,,True,True,UNKNOWN,False,False
2021005117,2021-10-26 18:00:00,北海道日本ハムファイターズ,埼玉西武ライオンズ,1.0,0.0,UNKNOWN,札幌ドーム,unknown,low,False,False,1700125,1100099,[],[],,,,,0,light,2021-10-26T09:00:00+00:00,,UNKNOWN,,,,UNKNOWN,UNKNOWN,,UNKNOWN,,0.0,1.0,6.0,1.5,0.0,2.3666666666666667,6.0,0.0,5.0,0.0,1.0,4.0,,,,0.0,0.2608695652173913,8.217391304347826,0.0,0.0,1.3739130434782612,7.666666666666667,0.0,2.0,0.0,0.0,7.0,,,,True,True,UNKNOWN,False,False
2021005258,2021-10-25 17:45:00,千葉ロッテマリーンズ,福岡ソフトバンクホークス,7.0,15.0,UNKNOWN,ZOZOマリンスタジアム,unknown,low,False,False,1000174,1000155,[],[],,,,,0,light,2021-10-25T08:45:00+00:00,,UNKNOWN,,,,UNKNOWN,UNKNOWN,,UNKNOWN,,4.5,1.1666666666666667,9.0,1.5,1.5,3.8666666666666667,6.0,3.0,6.0,1.0,1.0,6.0,,,,0.0,3.6000000000000005,5.4,0.0,0.0,2.0,1.6666666666666665,0.0,6.0,0.0,0.0,1.0,,,,True,True,UNKNOWN,False,False
2021005165,2021-10-26 17:45:00,横浜DeNAベイスターズ,東京ヤクルトスワローズ,1.0,5.0,UNKNOWN,横浜スタジアム,unknown,low,False,False,1300045,1500061,[],[],,,,,0,light,2021-10-26T08:45:00+00:00,,UNKNOWN,,,,UNKNOWN,UNKNOWN,,UNKNOWN,,2.25,1.25,9.0,0.0,0.0,1.2000000000000002,4.0,1.0,5.0,0.0,0.0,4.0,,,,15.0,3.3333333333333335,3.0,6.0,0.0,4.533333333333333,3.0,5.0,8.0,0.0,2.0,1.0,,,,True,True,UNKNOWN,False,False
2021005166,2021-10-26 18:00:00,阪神タイガース,中日ドラゴンズ,0.0,4.0,UNKNOWN,阪神甲子園球場,unknown,low,False,False,1500074,1500090,[],[],,,,,0,light,2021-10-26T09:00:00+00:00,,UNKNOWN,,,,UNKNOWN,UNKNOWN,,UNKNOWN,,0.0,0.8333333333333334,6.0,1.5,0.0,2.3666666666666667,6.0,0.0,4.0,0.0,1.0,4.0,,,,0.0,2.0,4.5,0.0,0.0,2.2,2.0,0.0,4.0,0.0,0.0,1.0,,,,True,True,UNKNOWN,False,False
2021005241,2021-10-27 18:00:00,東北楽天ゴールデンイーグルス,千葉ロッテマリーンズ,2.0,1.0,UNKNOWN,楽天生命パーク宮城,climax,high,False,True,1800052,1200117,[],[],,,,,0,light,2021-10-27T09:00:00+00:00,,UNKNOWN,,,,UNKNOWN,UNKNOWN,,UNKNOWN,,1.5,1.1666666666666667,0.0,3.0,0.0,4.2,6.0,1.0,5.0,0.0,2.0,0.0,,,,3.0,1.0,15.0,0.0,0.0,-0.1333333333333333,3.0,1.0,3.0,0.0,0.0,5.0,,,,True,True,UNKNOWN,False,False
2021005242,2021-10-29 17:45:00,千葉ロッテマリーンズ,北海道日本ハムファイターズ,0.0,5.0,UNKNOWN,ZOZOマリンスタジアム,unknown,low,False,False,1500110,2000090,[],[],,,,,0,light,2021-10-29T08:45:00+00:00,,UNKNOWN,,,,UNKNOWN,UNKNOWN,,UNKNOWN,,0.0,0.4,7.2,1.8,0.0,2.2,5.0,0.0,1.0,0.0,1.0,4.0,,,,1.8,1.0,7.2,0.0,1.8,4.2,5.0,1.0,5.0,1.0,0.0,4.0,,,,True,True,UNKNOWN,False,False
2021005167,2021-10-28 18:00:00,広島東洋カープ,横浜DeNAベイスターズ,7.0,0.0,UNKNOWN,MAZDA Zoom-Zoom スタジアム広島,regular,high,True,True,1600084,1300057,[],[],,,,,0,light,2021-10-28T09:00:00+00:00,,UNKNOWN,,,,UNKNOWN,UNKNOWN,,UNKNOWN,,12.6,2.6,5.4,7.2,0.0,4.4,5.0,7.0,9.0,0.0,4.0,3.0,,,,0.0,0.8888888888888888,5.0,2.0,0.0,2.7555555555555555,9.0,0.0,6.0,0.0,2.0,5.0,,,,True,True,UNKNOWN,False,False
2021005168,2021-10-29 18:00:00,広島東洋カープ,東京ヤクルトスワローズ,4.0,1.0,UNKNOWN,MAZDA Zoom-Zoom スタジアム広島,climax,high,False,True,1900024,1300058,[],[],,,,,0,light,2021-10-29T09:00:00+00:00,,UNKNOWN,,,,UNKNOWN,UNKNOWN,,UNKNOWN,,0.0,0.6666666666666666,9.0,0.0,0.0,1.2000000000000002,3.0,0.0,2.0,0.0,0.0,3.0,,,,1.8,1.8,10.8,7.2,0.0,3.2,5.0,1.0,5.0,0.0,4.0,6.0,,,,True,True,UNKNOWN,False,False
2021005243,2021-10-30 14:00:00,千葉ロッテマリーンズ,北海道日本ハムファイターズ,3.0,5.0,UNKNOWN,ZOZOマリンスタジアム,unknown,low,False,False,2000079,1900085,[],[],,,,,0,light,2021-10-30T05:00:00+00:00,,UNKNOWN,,,,UNKNOWN,UNKNOWN,,UNKNOWN,,1.2857142857142858,1.0,11.571428571428571,2.5714285714285716,0.0,1.485714285714286,7.0,1.0,5.0,0.0,2.0,9.0,,,,1.8,1.2,7.2,3.6,1.8,5.4,5.0,1.0,4.0,1.0,2.0,4.0,,,,True,True,UNKNOWN,False,False
2021005264,2021-11-01 18:00:00,東京ヤクルトスワローズ,広島東洋カープ,7.0,9.0,UNKNOWN,明治神宮野球場,excluded,high,False,False,2000063,1500042,[],[],,,,,0,light,2021-11-01T09:00:00+00:00,,UNKNOWN,,,,UNKNOWN,UNKNOWN,,UNKNOWN,,9.818181818181818,2.181818181818182,14.727272727272728,4.909090909090909,0.0,1.5636363636363637,3.6666666666666665,4.0,6.0,0.0,2.0,6.0,,,,11.25,1.5,6.75,2.25,2.25,5.7,4.0,5.0,5.0,1.0,1.0,3.0,,,,True,True,UNKNOWN,False,False
2021000957,2021-11-06 14:00:00,阪神タイガース,読売ジャイアンツ,0.0,4.0,UNKNOWN,阪神甲子園球場,climax,high,False,True,1200041,1700078,[],[],,,,,0,light,2021-11-06T05:00:00+00:00,,UNKNOWN,,,,UNKNOWN,UNKNOWN,,UNKNOWN,,0.0,0.42857142857142855,5.142857142857143,1.2857142857142858,0.0,2.4857142857142858,7.0,0.0,2.0,0.0,1.0,4.0,,,,4.5,1.1666666666666667,7.5,1.5,0.0,2.033333333333333,6.0,3.0,6.0,0.0,1.0,5.0,,,,True,True,UNKNOWN,False,False
2021000960,2021-11-06 14:00:00,千葉ロッテマリーンズ,東北楽天ゴールデンイーグルス,5.0,4.0,UNKNOWN,ZOZOマリンスタジアム,climax,high,False,True,1200117,1900080,[],[],,,,,0,light,2021-11-06T05:00:00+00:00,,UNKNOWN,,,,UNKNOWN,UNKNOWN,,UNKNOWN,,6.75,2.0,6.75,4.5,0.0,3.2,4.0,3.0,6.0,0.0,2.0,3.0,,,,0.0,1.0,15.0,3.0,0.0,0.8666666666666667,6.0,0.0,4.0,0.0,2.0,10.0,,,,True,True,UNKNOWN,False,False
2021000961,2021-11-07 14:00:00,千葉ロッテマリーンズ,東北楽天ゴールデンイーグルス,4.0,4.0,UNKNOWN,ZOZOマリンスタジアム,unknown,low,False,False,700065,1800052,[],[],,,,,0,light,2021-11-07T05:00:00+00:00,,UNKNOWN,,,,UNKNOWN,UNKNOWN,,UNKNOWN,,3.6,1.6,9.0,3.6,0.0,2.4000000000000004,5.0,2.0,6.0,0.0,2.0,5.0,,,,5.684210526315789,1.8947368421052633,8.526315789473685,2.8421052631578947,1.4210526315789473,4.305263157894737,6.333333333333333,4.0,10.0,1.0,2.0,6.0,,,,True,True,UNKNOWN,False,False
2021000958,2021-11-07 14:00:00,阪神タイガース,読売ジャイアンツ,2.0,4.0,UNKNOWN,阪神甲子園球場,unknown,low,False,False,1800023,1500090,[],[],,,,,0,light,2021-11-07T05:00:00+00:00,,UNKNOWN,,,,UNKNOWN,UNKNOWN,,UNKNOWN,,10.8,3.0000000000000004,16.200000000000003,0.0,0.0,-0.40000000000000036,1.6666666666666665,2.0,5.0,0.0,0.0,3.0,,,,0.0,1.875,3.375,0.0,0.0,2.45,2.6666666666666665,0.0,5.0,0.0,0.0,1.0,,,,True,True,UNKNOWN,False,False
2021000963,2021-11-10 18:00:00,東京ヤクルトスワローズ,読売ジャイアンツ,4.0,0.0,UNKNOWN,明治神宮野球場,climax,high,False,True,600008,1900024,[],[],,,,,0,light,2021-11-10T09:00:00+00:00,,UNKNOWN,,,,UNKNOWN,UNKNOWN,,UNKNOWN,,6.75,1.75,9.0,9.0,2.25,7.45,4.0,3.0,3.0,1.0,4.0,4.0,,,,0.0,0.6666666666666666,9.0,0.0,0.0,1.2000000000000002,9.0,0.0,6.0,0.0,0.0,9.0,,,,True,True,UNKNOWN,False,False
2021000970,2021-11-11 18:00:00,オリックス・バファローズ,千葉ロッテマリーンズ,2.0,0.0,UNKNOWN,京セラドーム大阪,regular,high,True,True,1000155,1700109,[],[],,,,,0,light,2021-11-11T09:00:00+00:00,,UNKNOWN,,,,UNKNOWN,UNKNOWN,,UNKNOWN,,1.588235294117647,0.8823529411764706,4.764705882352941,1.588235294117647,0.0,2.670588235294118,5.666666666666667,1.0,4.0,0.0,1.0,3.0,,,,0.0,0.6666666666666666,7.5,1.5,0.0,2.033333333333333,6.0,0.0,3.0,0.0,1.0,5.0,,,,True,True,UNKNOWN,False,False
2021000969,2021-11-10 18:00:00,オリックス・バファローズ,千葉ロッテマリーンズ,1.0,0.0,UNKNOWN,京セラドーム大阪,climax,high,False,True,1300050,1600153,[],[],,,,,0,light,2021-11-10T09:00:00+00:00,,UNKNOWN,,,,UNKNOWN,UNKNOWN,,UNKNOWN,,1.2857142857142858,1.1428571428571428,2.5714285714285716,3.857142857142857,0.0,3.9142857142857146,7.0,1.0,5.0,0.0,3.0,2.0,,,,0.0,0.4444444444444444,10.0,0.0,0.0,0.9777777777777779,9.0,0.0,4.0,0.0,0.0,10.0,,,,True,True,UNKNOWN,False,False
2021000964,2021-11-11 18:00:00,東京ヤクルトスワローズ,読売ジャイアンツ,5.0,0.0,UNKNOWN,明治神宮野球場,climax,high,False,True,1200041,1500042,[],[],,,,,0,light,2021-11-11T09:00:00+00:00,,UNKNOWN,,,,UNKNOWN,UNKNOWN,,UNKNOWN,,1.588235294117647,1.7647058823529411,9.529411764705882,7.941176470588235,0.0,3.7294117647058824,5.666666666666667,1.0,5.0,0.0,5.0,6.0,,,,0.0,0.8333333333333334,12.0,4.5,0.0,2.033333333333333,6.0,0.0,2.0,0.0,3.0,8.0,,,,True,True,UNKNOWN,False,False
2021000965,2021-11-12 18:00:00,東京ヤクルトスワローズ,読売ジャイアンツ,2.0,2.0,UNKNOWN,明治神宮野球場,climax,high,False,True,1700002,1500040,[],[],,,,,0,light,2021-11-12T09:00:00+00:00,,UNKNOWN,,,,UNKNOWN,UNKNOWN,,UNKNOWN,,0.0,0.6666666666666666,6.0,4.5,0.0,3.3666666666666667,6.0,0.0,1.0,0.0,3.0,4.0,,,,0.0,0.75,6.75,0.0,0.0,1.7000000000000002,1.3333333333333333,0.0,1.0,0.0,0.0,1.0,,,,True,True,UNKNOWN,False,False
2021000971,2021-11-12 18:00:00,オリックス・バファローズ,千葉ロッテマリーンズ,3.0,3.0,UNKNOWN,京セラドーム大阪,japan_series,high,False,True,1400190,1600155,[],[],,,,,0,light,2021-11-12T09:00:00+00:00,,UNKNOWN,,,,UNKNOWN,UNKNOWN,,UNKNOWN,,3.0,0.6666666666666666,13.5,1.5,1.5,2.8666666666666667,6.0,2.0,3.0,1.0,1.0,9.0,,,,3.375,1.875,3.375,3.375,0.0,3.575,2.6666666666666665,1.0,4.0,0.0,1.0,1.0,,,,True,True,UNKNOWN,False,False
2021000975,2021-11-20 18:00:00,オリックス・バファローズ,東京ヤクルトスワローズ,4.0,3.0,UNKNOWN,京セラドーム大阪,climax,high,False,True,1900024,1600153,[],[],,,,,0,light,2021-11-20T09:00:00+00:00,,UNKNOWN,,,,UNKNOWN,UNKNOWN,,UNKNOWN,,1.2857142857142858,1.1428571428571428,3.857142857142857,2.5714285714285716,1.2857142857142858,5.057142857142857,7.0,1.0,6.0,1.0,2.0,3.0,,,,1.5,1.1666666666666667,13.5,3.0,0.0,1.2000000000000002,6.0,1.0,5.0,0.0,2.0,9.0,,,,True,True,UNKNOWN,False,False
2021000976,2021-11-21 18:00:00,オリックス・バファローズ,東京ヤクルトスワローズ,0.0,2.0,UNKNOWN,京セラドーム大阪,japan_series,high,False,True,1500042,1900087,[],[],,,,,0,light,2021-11-21T09:00:00+00:00,,UNKNOWN,,,,UNKNOWN,UNKNOWN,,UNKNOWN,,0.0,0.7777777777777778,5.0,2.0,0.0,2.7555555555555555,9.0,0.0,5.0,0.0,2.0,5.0,,,,1.1739130434782608,0.7826086956521738,8.217391304347826,1.1739130434782608,0.0,1.765217391304348,7.666666666666667,1.0,5.0,0.0,1.0,7.0,,,,True,True,UNKNOWN,False,False
2021000977,2021-11-23 18:00:00,東京ヤクルトスワローズ,オリックス・バファローズ,5.0,4.0,UNKNOWN,東京ドーム,japan_series,high,False,True,1700109,1200076,[],[],,,,,0,light,2021-11-23T09:00:00+00:00,,UNKNOWN,,,,UNKNOWN,UNKNOWN,,UNKNOWN,,2.076923076923077,1.153846153846154,6.230769230769231,6.230769230769231,0.0,3.8923076923076927,4.333333333333333,1.0,2.0,0.0,3.0,3.0,,,,3.0,1.0,10.5,1.5,1.5,3.5333333333333337,6.0,2.0,5.0,1.0,1.0,7.0,,,,True,True,UNKNOWN,False,False
2021000978,2021-11-24 18:00:00,東京ヤクルトスワローズ,オリックス・バファローズ,2.0,1.0,UNKNOWN,東京ドーム,japan_series,high,False,True,1600155,12113,[],[],,,,,0,light,2021-11-24T09:00:00+00:00,,UNKNOWN,,,,UNKNOWN,UNKNOWN,,UNKNOWN,,1.8,1.2,9.0,3.6,1.8,5.0,5.0,1.0,4.0,1.0,2.0,5.0,,,,0.0,0.6666666666666666,7.5,1.5,0.0,2.033333333333333,6.0,0.0,3.0,0.0,1.0,5.0,,,,True,True,UNKNOWN,False,False
2021000979,2021-11-25 18:00:00,東京ヤクルトスワローズ,オリックス・バファローズ,5.0,6.0,UNKNOWN,東京ドーム,regular,high,True,True,1400195,1500040,[],[],,,,,0,light,2021-11-25T09:00:00+00:00,,UNKNOWN,,,,UNKNOWN,UNKNOWN,,UNKNOWN,,3.176470588235294,1.2352941176470587,7.941176470588235,3.176470588235294,1.588235294117647,4.788235294117647,5.666666666666667,2.0,5.0,1.0,2.0,5.0,,,,1.588235294117647,1.0588235294117647,1.588235294117647,0.0,0.0,2.847058823529412,5.666666666666667,1.0,6.0,0.0,0.0,1.0,,,,True,True,UNKNOWN,False,False
2021000980,2021-11-27 18:00:00,オリックス・バファローズ,東京ヤクルトスワローズ,1.0,2.0,UNKNOWN,ほっともっとフィールド神戸,japan_series,high,False,True,1300045,1600153,[],[],,,,,0,light,2021-11-27T09:00:00+00:00,,UNKNOWN,,,,UNKNOWN,UNKNOWN,,UNKNOWN,,1.9285714285714284,1.0714285714285714,13.5,1.9285714285714284,0.0,0.842857142857143,4.666666666666667,1.0,4.0,0.0,1.0,7.0,,,,1.0,0.7777777777777778,11.0,1.0,0.0,1.088888888888889,9.0,1.0,6.0,0.0,1.0,11.0,,,,True,True,UNKNOWN,False,False
2021000953,2021-07-15 18:00:00,全ウ,全イ,1.0,3.0,UNKNOWN,松山中央公園野球場,excluded,high,False,False,1800057,1900044,[],[],,,,,0,light,2021-07-15T09:00:00+00:00,,UNKNOWN,,,,UNKNOWN,UNKNOWN,,UNKNOWN,,,,,,,,,,,,,,,,,,,,,,,,,,,,,,,,False,False,UNKNOWN,False,False
