game_id,datetime,home,away,home_score,away_score,game_type,venue,npb_game_category,npb_type_confidence,npb_training_default,npb_evaluation_default,home_starter,away_starter,home_lineup_json,away_lineup_json,home_pregame_starter,away_pregame_starter,home_pregame_lineup_json,away_pregame_lineup_json,player_rows_count,enrichment_mode,prediction_time_utc,starter_available_at,starter_state,starter_source,home_lineup_available_at,away_lineup_available_at,home_lineup_state,away_lineup_state,lineup_available_at,lineup_state,lineup_source,home_starter_era,home_starter_whip,home_starter_k9,home_starter_bb9,home_starter_hr9,home_starter_fip,home_starter_ip,home_starter_er,home_starter_h,home_starter_hr,home_starter_bb,home_starter_so,home_starter_pitches,home_starter_k_rate,home_starter_bb_rate,away_starter_era,away_starter_whip,away_starter_k9,away_starter_bb9,away_starter_hr9,away_starter_fip,away_starter_ip,away_starter_er,away_starter_h,away_starter_hr,away_starter_bb,away_starter_so,away_starter_pitches,away_starter_k_rate,away_starter_bb_rate,home_starter_line_ok,away_starter_line_ok,pregame_context_quality,pregame_starter_verified,pregame_lineup_verified
2021005334,2022-03-01 14:00:00,オリックス・バファローズ,千葉ロッテマリーンズ,2.0,0.0,UNKNOWN,京セラドーム大阪,excluded,high,False,False,1300050,1700109,[],[],,,,,0,light,2022-03-01T05:00:00+00:00,,UNKNOWN,,,,UNKNOWN,UNKNOWN,,UNKNOWN,,6.0,2.6666666666666665,3.0,0.0,0.0,2.5333333333333337,3.0,2.0,8.0,0.0,0.0,1.0,,,,0.0,0.5,9.0,0.0,0.0,1.2000000000000002,4.0,0.0,2.0,0.0,0.0,4.0,,,,True,True,UNKNOWN,False,False
2021005338,2022-03-02 14:00:00,オリックス・バファローズ,千葉ロッテマリーンズ,1.0,4.0,UNKNOWN,京セラドーム大阪,excluded,high,False,False,1000155,1400195,[],[],,,,,0,light,2022-03-02T05:00:00+00:00,,UNKNOWN,,,,UNKNOWN,UNKNOWN,,UNKNOWN,,3.0,1.0,6.0,3.0,0.0,2.8666666666666667,3.0,1.0,2.0,0.0,1.0,2.0,,,,0.0,1.3333333333333333,3.0,3.0,0.0,3.5333333333333337,3.0,0.0,3.0,0.0,1.0,1.0,,,,True,True,UNKNOWN,False,False
2021005341,2022-03-03 18:00:00,読売ジャイアンツ,埼玉西武ライオンズ,5.0,0.0,UNKNOWN,東京ドーム,excluded,high,False,False,1400182,2000006,[],[],,,,,0,light,2022-03-03T09:00:00+00:00,,UNKNOWN,,,,UNKNOWN,UNKNOWN,,UNKNOWN,,4.5,1.25,2.25,4.5,4.5,10.7,4.0,2.0,3.0,2.0,2.0,1.0,,,,0.0,1.3333333333333333,12.0,6.0,0.0,2.5333333333333337,3.0,0.0,2.0,0.0,2.0,4.0,,,,True,True,UNKNOWN,False,False
2021005337,2022-03-02 13:00:00,横浜DeNAベイスターズ,広島東洋カープ,9.0,1.0,UNKNOWN,横浜スタジアム,unknown,low,False,False,2103788,1900031,[],[],,,,,0,light,2022-03-02T04:00:00+00:00,,UNKNOWN,,,,UNKNOWN,UNKNOWN,,UNKNOWN,,10.799999999999999,3.5999999999999996,2.6999999999999997,16.2,0.0,8.0,3.3333333333333335,4.0,6.0,0.0,6.0,1.0,,,,0.0,0.8,9.0,3.6,0.0,2.4000000000000004,5.0,0.0,2.0,0.0,2.0,5.0,,,,True,True,UNKNOWN,False,False
2021005343,2022-03-03 18:00:00,福岡ソフトバンクホークス,中日ドラゴンズ,3.0,5.0,UNKNOWN,福岡PayPayドーム,excluded,high,False,False,2000042,1600164,[],[],,,,,0,light,2022-03-03T09:00:00+00:00,,UNKNOWN,,,,UNKNOWN,UNKNOWN,,UNKNOWN,,4.5,2.0,6.75,6.75,0.0,3.95,4.0,2.0,5.0,0.0,3.0,3.0,,,,0.0,0.6666666666666666,12.0,0.0,0.0,0.5333333333333337,3.0,0.0,2.0,0.0,0.0,4.0,,,,True,True,UNKNOWN,False,False
2021005335,2022-03-02 18:00:00,北海道日本ハムファイターズ,東京ヤクルトスワローズ,1.0,0.0,UNKNOWN,札幌ドーム,excluded,high,False,False,1200076,1500110,[],[],,,,,0,light,2022-03-02T09:00:00+00:00,,UNKNOWN,,,,UNKNOWN,UNKNOWN,,UNKNOWN,,0.0,0.0,6.0,0.0,0.0,1.866666666666667,3.0,0.0,0.0,0.0,0.0,2.0,,,,0.0,1.5,4.5,0.0,0.0,2.2,4.0,0.0,6.0,0.0,0.0,2.0,,,,True,True,UNKNOWN,False,False
2021005345,2022-03-04 18:00:00,福岡ソフトバンクホークス,千葉ロッテマリーンズ,5.0,2.0,UNKNOWN,福岡PayPayドーム,excluded,high,False,False,1900085,1900106,[],[],,,,,0,light,2022-03-04T09:00:00+00:00,,UNKNOWN,,,,UNKNOWN,UNKNOWN,,UNKNOWN,,3.0,1.3333333333333333,0.0,3.0,3.0,8.533333333333333,3.0,1.0,3.0,1.0,1.0,0.0,,,,0.0,0.6666666666666666,6.0,0.0,0.0,1.866666666666667,3.0,0.0,2.0,0.0,0.0,2.0,,,,True,True,UNKNOWN,False,False
2021005339,2022-03-02 18:00:00,福岡ソフトバンクホークス,中日ドラゴンズ,3.0,1.0,UNKNOWN,福岡PayPayドーム,unknown,low,False,False,1500074,1300080,[],[],,,,,0,light,2022-03-02T09:00:00+00:00,,UNKNOWN,,,,UNKNOWN,UNKNOWN,,UNKNOWN,,3.6,1.4,5.4,3.6,1.8,5.800000000000001,5.0,2.0,5.0,1.0,2.0,3.0,,,,0.0,0.6666666666666666,12.0,3.0,0.0,1.5333333333333334,3.0,0.0,1.0,0.0,1.0,4.0,,,,True,True,UNKNOWN,False,False
2021005336,2022-03-02 18:00:00,読売ジャイアンツ,埼玉西武ライオンズ,3.0,2.0,UNKNOWN,東京ドーム,excluded,high,False,False,1600127,1900016,[],[],,,,,0,light,2022-03-02T09:00:00+00:00,,UNKNOWN,,,,UNKNOWN,UNKNOWN,,UNKNOWN,,4.5,1.0,11.25,4.5,2.25,5.45,4.0,2.0,2.0,1.0,2.0,5.0,,,,0.0,0.3333333333333333,9.0,0.0,0.0,1.2000000000000002,3.0,0.0,1.0,0.0,0.0,3.0,,,,True,True,UNKNOWN,False,False
2021005344,2022-03-04 13:00:00,阪神タイガース,東北楽天ゴールデンイーグルス,1.0,2.0,UNKNOWN,阪神甲子園球場,excluded,high,False,False,1200117,1500090,[],[],,,,,0,light,2022-03-04T04:00:00+00:00,,UNKNOWN,,,,UNKNOWN,UNKNOWN,,UNKNOWN,,2.25,0.5,6.75,0.0,0.0,1.7000000000000002,4.0,1.0,2.0,0.0,0.0,3.0,,,,0.0,1.0,6.75,4.5,0.0,3.2,4.0,0.0,2.0,0.0,2.0,3.0,,,,True,True,UNKNOWN,False,False
2021005340,2022-03-03 18:00:00,北海道日本ハムファイターズ,東京ヤクルトスワローズ,1.0,1.0,UNKNOWN,札幌ドーム,unknown,low,False,False,12113,2000083,[],[],,,,,0,light,2022-03-03T09:00:00+00:00,,UNKNOWN,,,,UNKNOWN,UNKNOWN,,UNKNOWN,,3.0,1.0,6.0,0.0,3.0,6.2,3.0,1.0,3.0,1.0,0.0,2.0,,,,2.25,1.25,4.5,6.75,0.0,4.45,4.0,1.0,2.0,0.0,3.0,2.0,,,,True,True,UNKNOWN,False,False
2021005342,2022-03-03 13:00:00,横浜DeNAベイスターズ,広島東洋カープ,7.0,2.0,UNKNOWN,横浜スタジアム,excluded,high,False,False,2000063,1600081,[],[],,,,,0,light,2022-03-03T04:00:00+00:00,,UNKNOWN,,,,UNKNOWN,UNKNOWN,,UNKNOWN,,12.0,2.3333333333333335,12.0,3.0,0.0,1.5333333333333334,3.0,4.0,6.0,0.0,1.0,4.0,,,,0.0,1.25,9.0,9.0,0.0,4.2,4.0,0.0,1.0,0.0,4.0,4.0,,,,True,True,UNKNOWN,False,False
2021005347,2022-03-05 13:00:00,横浜DeNAベイスターズ,オリックス・バファローズ,1.0,12.0,UNKNOWN,横浜スタジアム,excluded,high,False,False,1600153,1750471,[],[],,,,,0,light,2022-03-05T04:00:00+00:00,,UNKNOWN,,,,UNKNOWN,UNKNOWN,,UNKNOWN,,4.5,2.0,4.5,0.0,0.0,2.2,2.0,1.0,4.0,0.0,0.0,1.0,,,,33.75,5.25,13.5,20.25,0.0,6.95,1.3333333333333333,5.0,4.0,0.0,3.0,2.0,,,,True,True,UNKNOWN,False,False
2021005348,2022-03-05 14:00:00,中日ドラゴンズ,東京ヤクルトスワローズ,5.0,1.0,UNKNOWN,バンテリンドーム ナゴヤ,excluded,high,False,False,1500042,1000138,[],[],,,,,0,light,2022-03-05T05:00:00+00:00,,UNKNOWN,,,,UNKNOWN,UNKNOWN,,UNKNOWN,,0.0,1.0,12.0,6.0,0.0,2.5333333333333337,3.0,0.0,1.0,0.0,2.0,4.0,,,,3.0,1.3333333333333333,6.0,3.0,0.0,2.8666666666666667,3.0,1.0,3.0,0.0,1.0,2.0,,,,True,True,UNKNOWN,False,False
2021005349,2022-03-05 13:00:00,阪神タイガース,東北楽天ゴールデンイーグルス,2.0,8.0,UNKNOWN,阪神甲子園球場,unknown,low,False,False,700065,1200062,[],[],,,,,0,light,2022-03-05T04:00:00+00:00,,UNKNOWN,,,,UNKNOWN,UNKNOWN,,UNKNOWN,,0.0,0.5,4.5,2.25,0.0,2.95,4.0,0.0,1.0,0.0,1.0,2.0,,,,9.0,2.25,11.25,4.5,0.0,2.2,4.0,4.0,7.0,0.0,2.0,5.0,,,,True,True,UNKNOWN,False,False
2021005350,2022-03-05 13:00:00,広島東洋カープ,埼玉西武ライオンズ,1.0,2.0,UNKNOWN,MAZDA Zoom-Zoom スタジアム広島,excluded,high,False,False,1751148,1300057,[],[],,,,,0,light,2022-03-05T04:00:00+00:00,,UNKNOWN,,,,UNKNOWN,UNKNOWN,,UNKNOWN,,0.0,0.4,10.8,0.0,0.0,0.8000000000000003,5.0,0.0,2.0,0.0,0.0,6.0,,,,2.25,0.75,13.5,2.25,0.0,0.9500000000000002,4.0,1.0,2.0,0.0,1.0,6.0,,,,True,True,UNKNOWN,False,False
2021005346,2022-03-05 14:00:00,北海道日本ハムファイターズ,読売ジャイアンツ,3.0,0.0,UNKNOWN,札幌ドーム,unknown,low,False,False,1200041,1900070,[],[],,,,,0,light,2022-03-05T05:00:00+00:00,,UNKNOWN,,,,UNKNOWN,UNKNOWN,,UNKNOWN,,0.0,1.0,18.0,0.0,0.0,-0.7999999999999998,2.0,0.0,2.0,0.0,0.0,4.0,,,,0.0,0.6,3.6,1.8,0.0,3.0,5.0,0.0,2.0,0.0,1.0,2.0,,,,True,True,UNKNOWN,False,False
2021005351,2022-03-05 14:00:00,福岡ソフトバンクホークス,千葉ロッテマリーンズ,1.0,0.0,UNKNOWN,福岡PayPayドーム,excluded,high,False,False,1900080,1200106,[],[],,,,,0,light,2022-03-05T05:00:00+00:00,,UNKNOWN,,,,UNKNOWN,UNKNOWN,,UNKNOWN,,0.0,0.6,16.2,1.8,0.0,0.20000000000000018,5.0,0.0,2.0,0.0,1.0,9.0,,,,0.0,0.2,10.8,0.0,0.0,0.8000000000000003,5.0,0.0,1.0,0.0,0.0,6.0,,,,True,True,UNKNOWN,False,False
2021005352,2022-03-06 13:00:00,北海道日本ハムファイターズ,読売ジャイアンツ,4.0,1.0,UNKNOWN,札幌ドーム,unknown,low,False,False,1100038,800052,[],[],,,,,0,light,2022-03-06T04:00:00+00:00,,UNKNOWN,,,,UNKNOWN,UNKNOWN,,UNKNOWN,,6.0,1.0,9.0,0.0,0.0,1.2000000000000002,3.0,2.0,3.0,0.0,0.0,3.0,,,,0.0,1.0,9.0,9.0,0.0,4.2,1.0,0.0,0.0,0.0,1.0,1.0,,,,True,True,UNKNOWN,False,False
2021005353,2022-03-06 13:00:00,横浜DeNAベイスターズ,オリックス・バファローズ,4.0,0.0,UNKNOWN,横浜スタジアム,excluded,high,False,False,1900087,1800045,[],[],,,,,0,light,2022-03-06T04:00:00+00:00,,UNKNOWN,,,,UNKNOWN,UNKNOWN,,UNKNOWN,,4.5,0.5,9.0,0.0,0.0,1.2000000000000002,2.0,1.0,1.0,0.0,0.0,2.0,,,,0.0,0.4,5.4,0.0,0.0,2.0,5.0,0.0,2.0,0.0,0.0,3.0,,,,True,True,UNKNOWN,False,False
2021005357,2022-03-06 13:00:00,福岡ソフトバンクホークス,千葉ロッテマリーンズ,0.0,0.0,UNKNOWN,福岡PayPayドーム,excluded,high,False,False,1800052,20204,[],[],,,,,0,light,2022-03-06T04:00:00+00:00,,UNKNOWN,,,,UNKNOWN,UNKNOWN,,UNKNOWN,,0.0,0.6,1.8,0.0,0.0,2.8000000000000003,5.0,0.0,3.0,0.0,0.0,1.0,,,,0.0,1.0,10.8,3.6,0.0,2.0,5.0,0.0,3.0,0.0,2.0,6.0,,,,True,True,UNKNOWN,False,False
2021005356,2022-03-06 13:00:00,広島東洋カープ,埼玉西武ライオンズ,3.0,2.0,UNKNOWN,MAZDA Zoom-Zoom スタジアム広島,excluded,high,False,False,1800081,1900052,[],[],,,,,0,light,2022-03-06T04:00:00+00:00,,UNKNOWN,,,,UNKNOWN,UNKNOWN,,UNKNOWN,,1.8,1.2,3.6,5.4,0.0,4.2,5.0,1.0,3.0,0.0,3.0,2.0,,,,1.8,0.6,7.2,0.0,0.0,1.6,5.0,1.0,3.0,0.0,0.0,4.0,,,,True,True,UNKNOWN,False,False
2021005355,2022-03-06 13:00:00,阪神タイガース,東北楽天ゴールデンイーグルス,3.0,1.0,UNKNOWN,阪神甲子園球場,excluded,high,False,False,1900117,2103707,[],[],,,,,0,light,2022-03-06T04:00:00+00:00,,UNKNOWN,,,,UNKNOWN,UNKNOWN,,UNKNOWN,,6.75,1.5,4.5,4.5,2.25,6.95,4.0,3.0,4.0,1.0,2.0,2.0,,,,0.0,0.5,6.75,2.25,0.0,2.45,4.0,0.0,1.0,0.0,1.0,3.0,,,,True,True,UNKNOWN,False,False
2021005354,2022-03-06 14:00:00,中日ドラゴンズ,東京ヤクルトスワローズ,2.0,0.0,UNKNOWN,バンテリンドーム ナゴヤ,excluded,high,False,False,1900024,1600106,[],[],,,,,0,light,2022-03-06T05:00:00+00:00,,UNKNOWN,,,,UNKNOWN,UNKNOWN,,UNKNOWN,,2.25,1.25,4.5,2.25,0.0,2.95,4.0,1.0,4.0,0.0,1.0,2.0,,,,0.0,0.6,14.4,3.6,0.0,1.2000000000000002,5.0,0.0,1.0,0.0,2.0,8.0,,,,True,True,UNKNOWN,False,False
2021005358,2022-03-08 13:00:00,北海道日本ハムファイターズ,千葉ロッテマリーンズ,5.0,5.0,UNKNOWN,ファイターズ鎌ケ谷スタジアム,excluded,high,False,False,1300050,1800092,[],[],,,,,0,light,2022-03-08T04:00:00+00:00,,UNKNOWN,,,,UNKNOWN,UNKNOWN,,UNKNOWN,,0.0,1.25,9.0,2.25,0.0,1.9500000000000002,4.0,0.0,4.0,0.0,1.0,4.0,,,,7.2,1.6,7.2,3.6,0.0,2.8000000000000003,5.0,4.0,6.0,0.0,2.0,4.0,,,,True,True,UNKNOWN,False,False
2021005361,2022-03-08 13:00:00,中日ドラゴンズ,オリックス・バファローズ,1.0,4.0,UNKNOWN,刈谷球場,excluded,high,False,False,1700109,1700101,[],[],,,,,0,light,2022-03-08T04:00:00+00:00,,UNKNOWN,,,,UNKNOWN,UNKNOWN,,UNKNOWN,,2.25,0.5,9.0,0.0,0.0,1.2000000000000002,4.0,1.0,2.0,0.0,0.0,4.0,,,,0.0,1.2,9.0,0.0,0.0,1.2000000000000002,5.0,0.0,6.0,0.0,0.0,5.0,,,,True,True,UNKNOWN,False,False
2021005362,2022-03-08 13:00:00,阪神タイガース,広島東洋カープ,10.0,3.0,UNKNOWN,阪神甲子園球場,unknown,low,False,False,1600123,900062,[],[],,,,,0,light,2022-03-08T04:00:00+00:00,,UNKNOWN,,,,UNKNOWN,UNKNOWN,,UNKNOWN,,2.25,1.25,4.5,2.25,0.0,2.95,4.0,1.0,4.0,0.0,1.0,2.0,,,,0.0,1.3333333333333333,9.0,3.0,0.0,2.2,3.0,0.0,3.0,0.0,1.0,3.0,,,,True,True,UNKNOWN,False,False
2021005360,2022-03-08 13:00:00,東北楽天ゴールデンイーグルス,東京ヤクルトスワローズ,5.0,0.0,UNKNOWN,草薙総合運動場野球場,excluded,high,False,False,1300045,700069,[],[],,,,,0,light,2022-03-08T04:00:00+00:00,,UNKNOWN,,,,UNKNOWN,UNKNOWN,,UNKNOWN,,8.307692307692308,2.076923076923077,6.230769230769231,6.230769230769231,2.076923076923077,6.892307692307693,4.333333333333333,4.0,6.0,1.0,3.0,3.0,,,,0.0,0.25,9.0,2.25,0.0,1.9500000000000002,4.0,0.0,0.0,0.0,1.0,4.0,,,,True,True,UNKNOWN,False,False
2021005359,2022-03-08 13:00:00,横浜DeNAベイスターズ,埼玉西武ライオンズ,4.0,2.0,UNKNOWN,横浜スタジアム,excluded,high,False,False,1600127,2000145,[],[],,,,,0,light,2022-03-08T04:00:00+00:00,,UNKNOWN,,,,UNKNOWN,UNKNOWN,,UNKNOWN,,6.0,1.6666666666666667,1.5,6.0,1.5,7.033333333333333,6.0,4.0,6.0,1.0,4.0,1.0,,,,2.25,1.25,13.5,6.75,2.25,5.7,4.0,1.0,2.0,1.0,3.0,6.0,,,,True,True,UNKNOWN,False,False
2021005365,2022-03-09 13:00:00,横浜DeNAベイスターズ,埼玉西武ライオンズ,2.0,1.0,UNKNOWN,横浜スタジアム,excluded,high,False,False,1800080,1400110,[],[],,,,,0,light,2022-03-09T04:00:00+00:00,,UNKNOWN,,,,UNKNOWN,UNKNOWN,,UNKNOWN,,3.6,1.6,5.4,3.6,0.0,3.2,5.0,2.0,6.0,0.0,2.0,3.0,,,,1.8,1.4,5.4,5.4,1.8,6.4,5.0,1.0,4.0,1.0,3.0,3.0,,,,True,True,UNKNOWN,False,False
2021005364,2022-03-09 13:00:00,北海道日本ハムファイターズ,千葉ロッテマリーンズ,6.0,1.0,UNKNOWN,ファイターズ鎌ケ谷スタジアム,excluded,high,False,False,1000155,1500110,[],[],,,,,0,light,2022-03-09T04:00:00+00:00,,UNKNOWN,,,,UNKNOWN,UNKNOWN,,UNKNOWN,,9.0,1.2,9.0,1.8,3.6,7.0,5.0,5.0,5.0,2.0,1.0,5.0,,,,0.0,0.6,9.0,0.0,0.0,1.2000000000000002,5.0,0.0,3.0,0.0,0.0,5.0,,,,True,True,UNKNOWN,False,False
2021005363,2022-03-08 13:00:00,福岡ソフトバンクホークス,読売ジャイアンツ,6.0,2.0,UNKNOWN,ユーピーアールスタジアム,excluded,high,False,False,600008,1300080,[],[],,,,,0,light,2022-03-08T04:00:00+00:00,,UNKNOWN,,,,UNKNOWN,UNKNOWN,,UNKNOWN,,6.0,1.3333333333333333,9.0,0.0,3.0,5.533333333333333,3.0,2.0,4.0,1.0,0.0,3.0,,,,0.0,1.5,9.0,9.0,0.0,4.2,4.0,0.0,2.0,0.0,4.0,4.0,,,,True,True,UNKNOWN,False,False
2021005366,2022-03-09 13:00:00,東北楽天ゴールデンイーグルス,東京ヤクルトスワローズ,3.0,1.0,UNKNOWN,草薙総合運動場野球場,unknown,low,False,False,1200076,2000121,[],[],,,,,0,light,2022-03-09T04:00:00+00:00,,UNKNOWN,,,,UNKNOWN,UNKNOWN,,UNKNOWN,,2.25,1.75,2.25,2.25,0.0,3.45,4.0,1.0,6.0,0.0,1.0,1.0,,,,0.0,0.75,13.5,0.0,0.0,0.20000000000000018,4.0,0.0,3.0,0.0,0.0,6.0,,,,True,True,UNKNOWN,False,False
2021005367,2022-03-09 13:00:00,中日ドラゴンズ,オリックス・バファローズ,0.0,2.0,UNKNOWN,ナゴヤ球場,excluded,high,False,False,1700118,1900039,[],[],,,,,0,light,2022-03-09T04:00:00+00:00,,UNKNOWN,,,,UNKNOWN,UNKNOWN,,UNKNOWN,,0.0,1.0,4.5,0.0,0.0,2.2,4.0,0.0,4.0,0.0,0.0,2.0,,,,0.0,1.0,7.2,1.8,0.0,2.2,5.0,0.0,4.0,0.0,1.0,4.0,,,,True,True,UNKNOWN,False,False
2021005368,2022-03-09 13:00:00,阪神タイガース,広島東洋カープ,2.0,2.0,UNKNOWN,阪神甲子園球場,unknown,low,False,False,1900057,900425,[],[],,,,,0,light,2022-03-09T04:00:00+00:00,,UNKNOWN,,,,UNKNOWN,UNKNOWN,,UNKNOWN,,0.0,0.5,4.5,0.0,0.0,2.2,4.0,0.0,2.0,0.0,0.0,2.0,,,,0.0,0.5,4.5,0.0,0.0,2.2,4.0,0.0,2.0,0.0,0.0,2.0,,,,True,True,UNKNOWN,False,False
2021005369,2022-03-09 18:00:00,福岡ソフトバンクホークス,読売ジャイアンツ,6.0,1.0,UNKNOWN,福岡PayPayドーム,excluded,high,False,False,1700002,1400126,[],[],,,,,0,light,2022-03-09T09:00:00+00:00,,UNKNOWN,,,,UNKNOWN,UNKNOWN,,UNKNOWN,,9.818181818181818,2.7272727272727275,4.909090909090909,7.363636363636364,0.0,4.563636363636364,3.6666666666666665,4.0,7.0,0.0,3.0,2.0,,,,0.0,0.8,3.6,3.6,0.0,3.6,5.0,0.0,2.0,0.0,2.0,2.0,,,,True,True,UNKNOWN,False,False
2021005370,2022-03-11 13:00:00,東京ヤクルトスワローズ,福岡ソフトバンクホークス,4.0,3.0,UNKNOWN,明治神宮野球場,unknown,low,False,False,1000174,1500040,[],[],,,,,0,light,2022-03-11T04:00:00+00:00,,UNKNOWN,,,,UNKNOWN,UNKNOWN,,UNKNOWN,,2.25,1.0,9.0,4.5,2.25,5.95,4.0,1.0,2.0,1.0,2.0,4.0,,,,4.5,1.25,0.0,0.0,4.5,9.7,4.0,2.0,5.0,2.0,0.0,0.0,,,,True,True,UNKNOWN,False,False
2021005371,2022-03-11 13:00:00,千葉ロッテマリーンズ,埼玉西武ライオンズ,1.0,3.0,UNKNOWN,ZOZOマリンスタジアム,excluded,high,False,False,1400182,1300055,[],[],,,,,0,light,2022-03-11T04:00:00+00:00,,UNKNOWN,,,,UNKNOWN,UNKNOWN,,UNKNOWN,,0.0,0.6,7.2,1.8,0.0,2.2,5.0,0.0,2.0,0.0,1.0,4.0,,,,1.6875,1.5,6.75,3.375,1.6875,5.2625,5.333333333333333,1.0,6.0,1.0,2.0,4.0,,,,True,True,UNKNOWN,False,False
2021005374,2022-03-11 13:00:00,阪神タイガース,中日ドラゴンズ,6.0,1.0,UNKNOWN,阪神甲子園球場,excluded,high,False,False,1000138,1500090,[],[],,,,,0,light,2022-03-11T04:00:00+00:00,,UNKNOWN,,,,UNKNOWN,UNKNOWN,,UNKNOWN,,3.0,1.1666666666666667,3.0,3.0,0.0,3.5333333333333337,6.0,2.0,5.0,0.0,2.0,2.0,,,,1.2857142857142858,1.0,7.714285714285714,3.857142857142857,0.0,2.771428571428572,7.0,1.0,4.0,0.0,3.0,6.0,,,,True,True,UNKNOWN,False,False
2021005375,2022-03-11 13:00:00,広島東洋カープ,北海道日本ハムファイターズ,6.0,5.0,UNKNOWN,MAZDA Zoom-Zoom スタジアム広島,excluded,high,False,False,1600093,1300057,[],[],,,,,0,light,2022-03-11T04:00:00+00:00,,UNKNOWN,,,,UNKNOWN,UNKNOWN,,UNKNOWN,,1.8,1.2,3.6,0.0,0.0,2.4000000000000004,5.0,1.0,6.0,0.0,0.0,2.0,,,,1.8,1.0,7.2,1.8,1.8,4.800000000000001,5.0,1.0,4.0,1.0,1.0,4.0,,,,True,True,UNKNOWN,False,False
2021005372,2022-03-11 13:00:00,東北楽天ゴールデンイーグルス,横浜DeNAベイスターズ,2.0,2.0,UNKNOWN,草薙総合運動場野球場,excluded,high,False,False,1700058,1200117,[],[],,,,,0,light,2022-03-11T04:00:00+00:00,,UNKNOWN,,,,UNKNOWN,UNKNOWN,,UNKNOWN,,0.0,0.6428571428571428,5.785714285714286,0.0,0.0,1.9142857142857146,4.666666666666667,0.0,3.0,0.0,0.0,3.0,,,,0.0,0.8,3.6,5.4,0.0,4.2,5.0,0.0,1.0,0.0,3.0,2.0,,,,True,True,UNKNOWN,False,False
2021005376,2022-03-12 13:00:00,東京ヤクルトスワローズ,福岡ソフトバンクホークス,11.0,5.0,UNKNOWN,明治神宮野球場,excluded,high,False,False,1200106,12113,[],[],,,,,0,light,2022-03-12T04:00:00+00:00,,UNKNOWN,,,,UNKNOWN,UNKNOWN,,UNKNOWN,,27.0,4.666666666666667,3.0,9.0,0.0,5.533333333333333,3.0,9.0,11.0,0.0,3.0,1.0,,,,4.153846153846154,0.9230769230769231,8.307692307692308,4.153846153846154,0.0,2.7384615384615385,4.333333333333333,2.0,2.0,0.0,2.0,4.0,,,,True,True,UNKNOWN,False,False
2021005378,2022-03-12 13:00:00,東北楽天ゴールデンイーグルス,横浜DeNAベイスターズ,5.0,3.0,UNKNOWN,草薙総合運動場野球場,excluded,high,False,False,1800045,700065,[],[],,,,,0,light,2022-03-12T04:00:00+00:00,,UNKNOWN,,,,UNKNOWN,UNKNOWN,,UNKNOWN,,5.4,1.0,9.0,0.0,1.8,3.8000000000000003,5.0,3.0,5.0,1.0,0.0,5.0,,,,3.0,1.1666666666666667,3.0,1.5,1.5,5.2,6.0,2.0,6.0,1.0,1.0,2.0,,,,True,True,UNKNOWN,False,False
2021005373,2022-03-11 14:00:00,オリックス・バファローズ,読売ジャイアンツ,6.0,1.0,UNKNOWN,京セラドーム大阪,excluded,high,False,False,1200041,1600153,[],[],,,,,0,light,2022-03-11T05:00:00+00:00,,UNKNOWN,,,,UNKNOWN,UNKNOWN,,UNKNOWN,,11.25,2.25,4.5,4.5,0.0,3.7,4.0,5.0,7.0,0.0,2.0,2.0,,,,0.0,1.4,10.8,1.8,0.0,1.4000000000000001,5.0,0.0,6.0,0.0,1.0,6.0,,,,True,True,UNKNOWN,False,False
2021005381,2022-03-12 13:00:00,広島東洋カープ,北海道日本ハムファイターズ,1.0,4.0,UNKNOWN,MAZDA Zoom-Zoom スタジアム広島,excluded,high,False,False,1100099,1900052,[],[],,,,,0,light,2022-03-12T04:00:00+00:00,,UNKNOWN,,,,UNKNOWN,UNKNOWN,,UNKNOWN,,1.8,2.2,5.4,1.8,0.0,2.6,5.0,1.0,10.0,0.0,1.0,3.0,,,,3.0,0.8333333333333334,7.5,0.0,0.0,1.5333333333333334,6.0,2.0,5.0,0.0,0.0,5.0,,,,True,True,UNKNOWN,False,False
2021005379,2022-03-12 14:00:00,オリックス・バファローズ,読売ジャイアンツ,10.0,2.0,UNKNOWN,京セラドーム大阪,excluded,high,False,False,2000006,1900087,[],[],,,,,0,light,2022-03-12T05:00:00+00:00,,UNKNOWN,,,,UNKNOWN,UNKNOWN,,UNKNOWN,,4.5,1.25,6.75,2.25,0.0,2.45,4.0,2.0,4.0,0.0,1.0,3.0,,,,1.9285714285714284,1.9285714285714284,3.8571428571428568,3.8571428571428568,1.9285714285714284,6.414285714285715,4.666666666666667,1.0,7.0,1.0,2.0,2.0,,,,True,True,UNKNOWN,False,False
2021005382,2022-03-13 13:00:00,東京ヤクルトスワローズ,福岡ソフトバンクホークス,5.0,7.0,UNKNOWN,明治神宮野球場,excluded,high,False,False,1800107,1500042,[],[],,,,,0,light,2022-03-13T04:00:00+00:00,,UNKNOWN,,,,UNKNOWN,UNKNOWN,,UNKNOWN,,3.6,1.0,9.0,3.6,0.0,2.4000000000000004,5.0,2.0,3.0,0.0,2.0,5.0,,,,4.909090909090909,1.9090909090909092,19.636363636363637,2.4545454545454546,0.0,-0.34545454545454524,3.6666666666666665,2.0,6.0,0.0,1.0,8.0,,,,True,True,UNKNOWN,False,False
2021005377,2022-03-12 13:00:00,千葉ロッテマリーンズ,埼玉西武ライオンズ,4.0,3.0,UNKNOWN,ZOZOマリンスタジアム,unknown,low,False,False,1751148,1800052,[],[],,,,,0,light,2022-03-12T04:00:00+00:00,,UNKNOWN,,,,UNKNOWN,UNKNOWN,,UNKNOWN,,4.5,1.6666666666666667,6.0,3.0,1.5,5.033333333333333,6.0,3.0,8.0,1.0,2.0,4.0,,,,5.4,1.2,7.2,1.8,1.8,4.800000000000001,5.0,3.0,5.0,1.0,1.0,4.0,,,,True,True,UNKNOWN,False,False
2021005380,2022-03-12 13:00:00,阪神タイガース,中日ドラゴンズ,3.0,0.0,UNKNOWN,阪神甲子園球場,excluded,high,False,False,900406,1200062,[],[],,,,,0,light,2022-03-12T04:00:00+00:00,,UNKNOWN,,,,UNKNOWN,UNKNOWN,,UNKNOWN,,5.4,1.8,1.8,9.0,0.0,5.800000000000001,5.0,3.0,4.0,0.0,5.0,1.0,,,,0.0,0.4,10.8,3.6,0.0,2.0,5.0,0.0,0.0,0.0,2.0,6.0,,,,True,True,UNKNOWN,False,False
2021005383,2022-03-13 13:00:00,千葉ロッテマリーンズ,埼玉西武ライオンズ,3.0,5.0,UNKNOWN,ZOZOマリンスタジアム,excluded,high,False,False,1800081,1800130,[],[],,,,,0,light,2022-03-13T04:00:00+00:00,,UNKNOWN,,,,UNKNOWN,UNKNOWN,,UNKNOWN,,3.0,1.0,4.5,1.5,0.0,2.7,6.0,2.0,5.0,0.0,1.0,3.0,,,,12.0,2.0,9.0,3.0,6.0,10.866666666666667,3.0,4.0,5.0,2.0,1.0,3.0,,,,True,True,UNKNOWN,False,False
2021005384,2022-03-13 13:00:00,東北楽天ゴールデンイーグルス,横浜DeNAベイスターズ,6.0,0.0,UNKNOWN,草薙総合運動場野球場,unknown,low,False,False,1800043,1900117,[],[],,,,,0,light,2022-03-13T04:00:00+00:00,,UNKNOWN,,,,UNKNOWN,UNKNOWN,,UNKNOWN,,4.909090909090909,3.0,4.909090909090909,2.4545454545454546,0.0,2.9272727272727272,3.6666666666666665,2.0,10.0,0.0,1.0,2.0,,,,0.0,1.2,5.4,1.8,0.0,2.6,5.0,0.0,5.0,0.0,1.0,3.0,,,,True,True,UNKNOWN,False,False
2021005386,2022-03-13 13:00:00,阪神タイガース,読売ジャイアンツ,2.0,2.0,UNKNOWN,阪神甲子園球場,excluded,high,False,False,2103689,1900049,[],[],,,,,0,light,2022-03-13T04:00:00+00:00,,UNKNOWN,,,,UNKNOWN,UNKNOWN,,UNKNOWN,,0.0,0.8,5.4,0.0,0.0,2.0,5.0,0.0,4.0,0.0,0.0,3.0,,,,0.0,0.5,6.75,0.0,0.0,1.7000000000000002,4.0,0.0,2.0,0.0,0.0,3.0,,,,True,True,UNKNOWN,False,False
2021005387,2022-03-13 13:00:00,広島東洋カープ,北海道日本ハムファイターズ,3.0,0.0,UNKNOWN,MAZDA Zoom-Zoom スタジアム広島,excluded,high,False,False,1900071,1700072,[],[],,,,,0,light,2022-03-13T04:00:00+00:00,,UNKNOWN,,,,UNKNOWN,UNKNOWN,,UNKNOWN,,0.0,1.2,7.2,0.0,0.0,1.6,5.0,0.0,6.0,0.0,0.0,4.0,,,,0.0,0.75,6.75,0.0,0.0,1.7000000000000002,4.0,0.0,3.0,0.0,0.0,3.0,,,,True,True,UNKNOWN,False,False
2021005385,2022-03-13 14:00:00,オリックス・バファローズ,中日ドラゴンズ,1.0,4.0,UNKNOWN,京セラドーム大阪,excluded,high,False,False,1600106,1600155,[],[],,,,,0,light,2022-03-13T05:00:00+00:00,,UNKNOWN,,,,UNKNOWN,UNKNOWN,,UNKNOWN,,1.5,1.1666666666666667,6.0,1.5,1.5,4.533333333333333,6.0,1.0,6.0,1.0,1.0,4.0,,,,1.5,1.3333333333333333,4.5,6.0,0.0,4.2,6.0,1.0,4.0,0.0,4.0,3.0,,,,True,True,UNKNOWN,False,False
2021005388,2022-03-15 13:00:00,東京ヤクルトスワローズ,横浜DeNAベイスターズ,2.0,4.0,UNKNOWN,明治神宮野球場,excluded,high,False,False,2000145,2000139,[],[],,,,,0,light,2022-03-15T04:00:00+00:00,,UNKNOWN,,,,UNKNOWN,UNKNOWN,,UNKNOWN,,4.5,1.75,11.25,6.75,0.0,2.95,4.0,2.0,4.0,0.0,3.0,5.0,,,,0.0,1.0,4.5,0.0,0.0,2.2,2.0,0.0,2.0,0.0,0.0,1.0,,,,True,True,UNKNOWN,False,False
2021005390,2022-03-15 13:00:00,千葉ロッテマリーンズ,広島東洋カープ,10.0,6.0,UNKNOWN,ZOZOマリンスタジアム,excluded,high,False,False,1300058,1700099,[],[],,,,,0,light,2022-03-15T04:00:00+00:00,,UNKNOWN,,,,UNKNOWN,UNKNOWN,,UNKNOWN,,14.4,2.2,3.6,3.6,5.4,11.399999999999999,5.0,8.0,9.0,3.0,2.0,2.0,,,,7.941176470588235,1.4117647058823528,4.764705882352941,3.176470588235294,0.0,3.2,5.666666666666667,5.0,6.0,0.0,2.0,3.0,,,,True,True,UNKNOWN,False,False
2021005391,2022-03-15 13:00:00,東北楽天ゴールデンイーグルス,オリックス・バファローズ,14.0,3.0,UNKNOWN,草薙総合運動場野球場,excluded,high,False,False,1600150,700069,[],[],,,,,0,light,2022-03-15T04:00:00+00:00,,UNKNOWN,,,,UNKNOWN,UNKNOWN,,UNKNOWN,,18.9,3.5999999999999996,10.799999999999999,5.3999999999999995,0.0,2.6,3.3333333333333335,7.0,10.0,0.0,2.0,4.0,,,,4.5,1.75,6.75,9.0,0.0,4.7,4.0,2.0,3.0,0.0,4.0,3.0,,,,True,True,UNKNOWN,False,False
2021005389,2022-03-15 18:00:00,埼玉西武ライオンズ,北海道日本ハムファイターズ,4.0,1.0,UNKNOWN,ベルーナドーム,excluded,high,False,False,2000083,1600127,[],[],,,,,0,light,2022-03-15T09:00:00+00:00,,UNKNOWN,,,,UNKNOWN,UNKNOWN,,UNKNOWN,,9.0,2.0,2.25,13.5,0.0,7.2,4.0,4.0,2.0,0.0,6.0,1.0,,,,0.0,1.25,2.25,6.75,0.0,4.95,4.0,0.0,2.0,0.0,3.0,1.0,,,,True,True,UNKNOWN,False,False
2021005392,2022-03-15 18:00:00,中日ドラゴンズ,読売ジャイアンツ,6.0,2.0,UNKNOWN,バンテリンドーム ナゴヤ,excluded,high,False,False,600008,1500074,[],[],,,,,0,light,2022-03-15T09:00:00+00:00,,UNKNOWN,,,,UNKNOWN,UNKNOWN,,UNKNOWN,,18.0,2.5,4.5,4.5,4.5,10.2,2.0,4.0,4.0,1.0,1.0,1.0,,,,0.0,1.1428571428571428,10.285714285714286,1.2857142857142858,0.0,1.342857142857143,7.0,0.0,7.0,0.0,1.0,8.0,,,,True,True,UNKNOWN,False,False
2021005394,2022-03-16 13:00:00,東京ヤクルトスワローズ,横浜DeNAベイスターズ,0.0,8.0,UNKNOWN,明治神宮野球場,unknown,low,False,False,1600081,1200076,[],[],,,,,0,light,2022-03-16T04:00:00+00:00,,UNKNOWN,,,,UNKNOWN,UNKNOWN,,UNKNOWN,,0.0,1.75,6.75,9.0,0.0,4.7,4.0,0.0,3.0,0.0,4.0,3.0,,,,11.117647058823529,1.588235294117647,3.176470588235294,3.176470588235294,0.0,3.5529411764705885,5.666666666666667,7.0,7.0,0.0,2.0,2.0,,,,True,True,UNKNOWN,False,False
2021005395,2022-03-16 13:00:00,埼玉西武ライオンズ,北海道日本ハムファイターズ,7.0,5.0,UNKNOWN,ベルーナドーム,excluded,high,False,False,1500116,1800080,[],[],,,,,0,light,2022-03-16T04:00:00+00:00,,UNKNOWN,,,,UNKNOWN,UNKNOWN,,UNKNOWN,,45.0,5.0,9.0,18.0,9.0,20.2,1.0,5.0,3.0,1.0,2.0,1.0,,,,0.0,0.75,13.5,2.25,0.0,0.9500000000000002,4.0,0.0,2.0,0.0,1.0,6.0,,,,True,True,UNKNOWN,False,False
2021005393,2022-03-15 18:00:00,福岡ソフトバンクホークス,阪神タイガース,3.0,3.0,UNKNOWN,福岡PayPayドーム,excluded,high,False,False,900062,1300080,[],[],,,,,0,light,2022-03-15T09:00:00+00:00,,UNKNOWN,,,,UNKNOWN,UNKNOWN,,UNKNOWN,,5.4,1.4,9.0,0.0,1.8,3.8000000000000003,5.0,3.0,7.0,1.0,0.0,5.0,,,,1.5,1.5,12.0,1.5,1.5,3.2,6.0,1.0,8.0,1.0,1.0,8.0,,,,True,True,UNKNOWN,False,False
2021005396,2022-03-16 13:00:00,千葉ロッテマリーンズ,広島東洋カープ,1.0,2.0,UNKNOWN,ZOZOマリンスタジアム,excluded,high,False,False,1600123,1300050,[],[],,,,,0,light,2022-03-16T04:00:00+00:00,,UNKNOWN,,,,UNKNOWN,UNKNOWN,,UNKNOWN,,0.0,0.6666666666666666,4.5,3.0,0.0,3.2,6.0,0.0,2.0,0.0,2.0,3.0,,,,2.6999999999999997,0.8999999999999999,10.799999999999999,1.3499999999999999,0.0,1.2500000000000002,6.666666666666667,2.0,5.0,0.0,1.0,8.0,,,,True,True,UNKNOWN,False,False
2021005397,2022-03-16 13:00:00,東北楽天ゴールデンイーグルス,オリックス・バファローズ,3.0,0.0,UNKNOWN,草薙総合運動場野球場,unknown,low,False,False,1000024,2000121,[],[],,,,,0,light,2022-03-16T04:00:00+00:00,,UNKNOWN,,,,UNKNOWN,UNKNOWN,,UNKNOWN,,6.75,1.5,2.25,4.5,0.0,4.2,4.0,3.0,4.0,0.0,2.0,1.0,,,,0.0,1.6,3.6,3.6,0.0,3.6,5.0,0.0,6.0,0.0,2.0,2.0,,,,True,True,UNKNOWN,False,False
2021005398,2022-03-16 18:00:00,中日ドラゴンズ,読売ジャイアンツ,0.0,4.0,UNKNOWN,バンテリンドーム ナゴヤ,excluded,high,False,False,1900016,1200098,[],[],,,,,0,light,2022-03-16T09:00:00+00:00,,UNKNOWN,,,,UNKNOWN,UNKNOWN,,UNKNOWN,,0.0,0.6,7.2,0.0,0.0,1.6,5.0,0.0,3.0,0.0,0.0,4.0,,,,1.8,0.6,5.4,0.0,0.0,2.0,5.0,1.0,3.0,0.0,0.0,3.0,,,,True,True,UNKNOWN,False,False
2021005400,2022-03-18 18:00:00,北海道日本ハムファイターズ,横浜DeNAベイスターズ,1.0,6.0,UNKNOWN,札幌ドーム,excluded,high,False,False,1700058,2000079,[],[],,,,,0,light,2022-03-18T09:00:00+00:00,,UNKNOWN,,,,UNKNOWN,UNKNOWN,,UNKNOWN,,1.2857142857142858,0.8571428571428571,9.0,1.2857142857142858,0.0,1.6285714285714288,7.0,1.0,5.0,0.0,1.0,7.0,,,,3.0,1.8333333333333333,7.5,1.5,0.0,2.033333333333333,6.0,2.0,10.0,0.0,1.0,5.0,,,,True,True,UNKNOWN,False,False
2021005402,2022-03-18 13:00:00,埼玉西武ライオンズ,東京ヤクルトスワローズ,1.0,1.0,UNKNOWN,ベルーナドーム,excluded,high,False,False,1900024,1400182,[],[],,,,,0,light,2022-03-18T04:00:00+00:00,,UNKNOWN,,,,UNKNOWN,UNKNOWN,,UNKNOWN,,0.0,0.8,10.8,0.0,0.0,0.8000000000000003,5.0,0.0,4.0,0.0,0.0,6.0,,,,1.5,1.1666666666666667,4.5,3.0,0.0,3.2,6.0,1.0,5.0,0.0,2.0,3.0,,,,True,True,UNKNOWN,False,False
2021005399,2022-03-16 18:00:00,福岡ソフトバンクホークス,阪神タイガース,6.0,9.0,UNKNOWN,福岡PayPayドーム,excluded,high,False,False,2000052,1400126,[],[],,,,,0,light,2022-03-16T09:00:00+00:00,,UNKNOWN,,,,UNKNOWN,UNKNOWN,,UNKNOWN,,9.0,1.6666666666666667,6.0,1.5,3.0,6.7,6.0,6.0,9.0,2.0,1.0,4.0,,,,24.0,3.6666666666666665,12.0,15.0,3.0,9.866666666666667,3.0,8.0,6.0,1.0,5.0,4.0,,,,True,True,UNKNOWN,False,False
2021005401,2022-03-18 18:00:00,読売ジャイアンツ,千葉ロッテマリーンズ,7.0,5.0,UNKNOWN,東京ドーム,excluded,high,False,False,1900080,1200041,[],[],,,,,0,light,2022-03-18T09:00:00+00:00,,UNKNOWN,,,,UNKNOWN,UNKNOWN,,UNKNOWN,,7.7142857142857135,1.7142857142857142,15.428571428571427,5.785714285714286,1.9285714285714284,4.485714285714286,4.666666666666667,4.0,5.0,1.0,3.0,8.0,,,,7.2,1.2,10.8,1.8,5.4,9.2,5.0,4.0,5.0,3.0,1.0,6.0,,,,True,True,UNKNOWN,False,False
2021005403,2022-03-18 18:00:00,中日ドラゴンズ,東北楽天ゴールデンイーグルス,1.0,1.0,UNKNOWN,バンテリンドーム ナゴヤ,excluded,high,False,False,1200117,1000138,[],[],,,,,0,light,2022-03-18T09:00:00+00:00,,UNKNOWN,,,,UNKNOWN,UNKNOWN,,UNKNOWN,,1.3499999999999999,0.8999999999999999,2.6999999999999997,1.3499999999999999,0.0,3.0500000000000003,6.666666666666667,1.0,5.0,0.0,1.0,2.0,,,,0.0,1.6666666666666667,6.0,6.0,0.0,3.8666666666666667,3.0,0.0,3.0,0.0,2.0,2.0,,,,True,True,UNKNOWN,False,False
2021005404,2022-03-18 18:00:00,オリックス・バファローズ,阪神タイガース,2.0,3.0,UNKNOWN,京セラドーム大阪,excluded,high,False,False,1200062,1600153,[],[],,,,,0,light,2022-03-18T09:00:00+00:00,,UNKNOWN,,,,UNKNOWN,UNKNOWN,,UNKNOWN,,1.8,1.2,10.8,3.6,0.0,2.0,5.0,1.0,4.0,0.0,2.0,6.0,,,,1.588235294117647,0.8823529411764706,9.529411764705882,0.0,0.0,1.0823529411764707,5.666666666666667,1.0,5.0,0.0,0.0,6.0,,,,True,True,UNKNOWN,False,False
2021005405,2022-03-18 18:00:00,福岡ソフトバンクホークス,広島東洋カープ,5.0,1.0,UNKNOWN,福岡PayPayドーム,excluded,high,False,False,1300057,1000174,[],[],,,,,0,light,2022-03-18T09:00:00+00:00,,UNKNOWN,,,,UNKNOWN,UNKNOWN,,UNKNOWN,,6.0,1.3333333333333333,10.5,1.5,1.5,3.5333333333333337,6.0,4.0,7.0,1.0,1.0,7.0,,,,1.2857142857142858,0.8571428571428571,10.285714285714286,0.0,0.0,0.9142857142857146,7.0,1.0,6.0,0.0,0.0,8.0,,,,True,True,UNKNOWN,False,False
2021005411,2022-03-19 13:00:00,福岡ソフトバンクホークス,広島東洋カープ,4.0,4.0,UNKNOWN,福岡PayPayドーム,excluded,high,False,False,1900052,1200106,[],[],,,,,0,light,2022-03-19T04:00:00+00:00,,UNKNOWN,,,,UNKNOWN,UNKNOWN,,UNKNOWN,,6.0,1.1666666666666667,9.0,1.5,1.5,3.8666666666666667,6.0,4.0,6.0,1.0,1.0,6.0,,,,5.785714285714286,1.7142857142857142,3.8571428571428568,1.9285714285714284,1.9285714285714284,5.771428571428571,4.666666666666667,3.0,7.0,1.0,1.0,2.0,,,,True,True,UNKNOWN,False,False
2021005408,2022-03-19 13:00:00,埼玉西武ライオンズ,東京ヤクルトスワローズ,6.0,5.0,UNKNOWN,ベルーナドーム,unknown,low,False,False,1500042,1751148,[],[],,,,,0,light,2022-03-19T04:00:00+00:00,,UNKNOWN,,,,UNKNOWN,UNKNOWN,,UNKNOWN,,9.0,2.6,7.2,3.6,0.0,2.8000000000000003,5.0,5.0,11.0,0.0,2.0,4.0,,,,0.0,1.75,6.75,6.75,0.0,3.95,4.0,0.0,4.0,0.0,3.0,3.0,,,,True,True,UNKNOWN,False,False
2021005406,2022-03-19 14:00:00,北海道日本ハムファイターズ,横浜DeNAベイスターズ,6.0,4.0,UNKNOWN,札幌ドーム,unknown,low,False,False,1800045,1900070,[],[],,,,,0,light,2022-03-19T05:00:00+00:00,,UNKNOWN,,,,UNKNOWN,UNKNOWN,,UNKNOWN,,0.0,0.8571428571428571,7.714285714285714,1.2857142857142858,0.0,1.9142857142857144,7.0,0.0,5.0,0.0,1.0,6.0,,,,5.4,1.2,7.2,3.6,0.0,2.8000000000000003,5.0,3.0,4.0,0.0,2.0,4.0,,,,True,True,UNKNOWN,False,False
2021005407,2022-03-19 14:00:00,読売ジャイアンツ,千葉ロッテマリーンズ,2.0,7.0,UNKNOWN,東京ドーム,excluded,high,False,False,1800052,2000006,[],[],,,,,0,light,2022-03-19T05:00:00+00:00,,UNKNOWN,,,,UNKNOWN,UNKNOWN,,UNKNOWN,,0.0,0.5,6.0,0.0,0.0,1.866666666666667,6.0,0.0,3.0,0.0,0.0,4.0,,,,16.2,2.6999999999999997,2.6999999999999997,5.3999999999999995,5.3999999999999995,12.2,3.3333333333333335,6.0,7.0,2.0,2.0,1.0,,,,True,True,UNKNOWN,False,False
2021005409,2022-03-19 14:00:00,中日ドラゴンズ,東北楽天ゴールデンイーグルス,2.0,2.0,UNKNOWN,バンテリンドーム ナゴヤ,excluded,high,False,False,700065,1800061,[],[],,,,,0,light,2022-03-19T05:00:00+00:00,,UNKNOWN,,,,UNKNOWN,UNKNOWN,,UNKNOWN,,1.8,1.4,9.0,1.8,0.0,1.8000000000000003,5.0,1.0,6.0,0.0,1.0,5.0,,,,0.0,0.4,1.8,1.8,0.0,3.4000000000000004,5.0,0.0,1.0,0.0,1.0,1.0,,,,True,True,UNKNOWN,False,False
2021005410,2022-03-19 14:00:00,阪神タイガース,オリックス・バファローズ,4.0,2.0,UNKNOWN,京セラドーム大阪,excluded,high,False,False,1900087,1900049,[],[],,,,,0,light,2022-03-19T05:00:00+00:00,,UNKNOWN,,,,UNKNOWN,UNKNOWN,,UNKNOWN,,6.352941176470588,1.588235294117647,14.294117647058822,4.764705882352941,0.0,1.6117647058823532,5.666666666666667,4.0,6.0,0.0,3.0,9.0,,,,3.0,1.5,7.5,3.0,1.5,4.7,6.0,2.0,7.0,1.0,2.0,5.0,,,,True,True,UNKNOWN,False,False
2021005412,2022-03-20 13:00:00,北海道日本ハムファイターズ,横浜DeNAベイスターズ,4.0,1.0,UNKNOWN,札幌ドーム,excluded,high,False,False,1800043,500027,[],[],,,,,0,light,2022-03-20T04:00:00+00:00,,UNKNOWN,,,,UNKNOWN,UNKNOWN,,UNKNOWN,,4.5,1.0,2.25,2.25,0.0,3.45,4.0,2.0,3.0,0.0,1.0,1.0,,,,3.0,1.0,0.0,0.0,0.0,3.2,3.0,1.0,3.0,0.0,0.0,0.0,,,,True,True,UNKNOWN,False,False
2021005414,2022-03-20 13:00:00,埼玉西武ライオンズ,東京ヤクルトスワローズ,1.0,2.0,UNKNOWN,ベルーナドーム,excluded,high,False,False,1300045,1800081,[],[],,,,,0,light,2022-03-20T04:00:00+00:00,,UNKNOWN,,,,UNKNOWN,UNKNOWN,,UNKNOWN,,1.5,0.6666666666666666,9.0,1.5,1.5,3.8666666666666667,6.0,1.0,3.0,1.0,1.0,6.0,,,,0.0,0.6,5.4,5.4,0.0,3.8000000000000003,5.0,0.0,0.0,0.0,3.0,3.0,,,,True,True,UNKNOWN,False,False
2021005413,2022-03-20 14:00:00,読売ジャイアンツ,東北楽天ゴールデンイーグルス,1.0,2.0,UNKNOWN,東京ドーム,unknown,low,False,False,1900117,2103689,[],[],,,,,0,light,2022-03-20T05:00:00+00:00,,UNKNOWN,,,,UNKNOWN,UNKNOWN,,UNKNOWN,,0.0,0.9473684210526316,2.8421052631578947,2.8421052631578947,0.0,3.515789473684211,6.333333333333333,0.0,4.0,0.0,2.0,2.0,,,,1.5,1.1666666666666667,9.0,3.0,0.0,2.2,6.0,1.0,5.0,0.0,2.0,6.0,,,,True,True,UNKNOWN,False,False
2021005415,2022-03-20 14:00:00,中日ドラゴンズ,千葉ロッテマリーンズ,4.0,2.0,UNKNOWN,バンテリンドーム ナゴヤ,excluded,high,False,False,1800130,1600106,[],[],,,,,0,light,2022-03-20T05:00:00+00:00,,UNKNOWN,,,,UNKNOWN,UNKNOWN,,UNKNOWN,,6.75,1.5,2.25,4.5,2.25,7.45,4.0,3.0,4.0,1.0,2.0,1.0,,,,2.25,0.75,9.0,0.0,0.0,1.2000000000000002,4.0,1.0,3.0,0.0,0.0,4.0,,,,True,True,UNKNOWN,False,False
2021005416,2022-03-20 14:00:00,オリックス・バファローズ,阪神タイガース,2.0,1.0,UNKNOWN,京セラドーム大阪,excluded,high,False,False,2103707,1600155,[],[],,,,,0,light,2022-03-20T05:00:00+00:00,,UNKNOWN,,,,UNKNOWN,UNKNOWN,,UNKNOWN,,0.0,0.8,9.0,1.8,0.0,1.8000000000000003,5.0,0.0,3.0,0.0,1.0,5.0,,,,0.0,0.6666666666666666,4.5,3.0,0.0,3.2,6.0,0.0,2.0,0.0,2.0,3.0,,,,True,True,UNKNOWN,False,False
2021005417,2022-03-20 14:00:00,広島東洋カープ,福岡ソフトバンクホークス,3.0,8.0,UNKNOWN,MAZDA Zoom-Zoom スタジアム広島,excluded,high,False,False,1600164,1700072,[],[],,,,,0,light,2022-03-20T05:00:00+00:00,,UNKNOWN,,,,UNKNOWN,UNKNOWN,,UNKNOWN,,3.0,1.3333333333333333,6.0,3.0,0.0,2.8666666666666667,3.0,1.0,3.0,0.0,1.0,2.0,,,,8.307692307692308,2.307692307692308,4.153846153846154,2.076923076923077,0.0,2.9692307692307693,4.333333333333333,4.0,9.0,0.0,1.0,2.0,,,,True,True,UNKNOWN,False,False
2021005419,2022-03-21 13:00:00,埼玉西武ライオンズ,東京ヤクルトスワローズ,4.0,1.0,UNKNOWN,ベルーナドーム,excluded,high,False,False,12113,2103714,[],[],,,,,0,light,2022-03-21T04:00:00+00:00,,UNKNOWN,,,,UNKNOWN,UNKNOWN,,UNKNOWN,,0.0,0.6666666666666666,6.0,3.0,0.0,2.8666666666666667,3.0,0.0,1.0,0.0,1.0,2.0,,,,0.0,0.6,5.4,3.6,0.0,3.2,5.0,0.0,1.0,0.0,2.0,3.0,,,,True,True,UNKNOWN,False,False
2021005418,2022-03-21 14:00:00,読売ジャイアンツ,東北楽天ゴールデンイーグルス,3.0,4.0,UNKNOWN,東京ドーム,excluded,high,False,False,700069,1800028,[],[],,,,,0,light,2022-03-21T05:00:00+00:00,,UNKNOWN,,,,UNKNOWN,UNKNOWN,,UNKNOWN,,3.0,1.0,1.5,1.5,3.0,7.7,6.0,2.0,5.0,2.0,1.0,1.0,,,,2.25,0.75,11.25,4.5,2.25,5.45,4.0,1.0,1.0,1.0,2.0,5.0,,,,True,True,UNKNOWN,False,False
2021005420,2022-03-21 14:00:00,中日ドラゴンズ,千葉ロッテマリーンズ,2.0,10.0,UNKNOWN,バンテリンドーム ナゴヤ,excluded,high,False,False,1000155,2000042,[],[],,,,,0,light,2022-03-21T05:00:00+00:00,,UNKNOWN,,,,UNKNOWN,UNKNOWN,,UNKNOWN,,0.0,0.8,3.6,1.8,0.0,3.0,5.0,0.0,3.0,0.0,1.0,2.0,,,,1.6875,0.5625,18.5625,1.6875,0.0,-0.3624999999999998,5.333333333333333,1.0,2.0,0.0,1.0,11.0,,,,True,True,UNKNOWN,False,False
2021005424,2022-03-25 16:00:00,東北楽天ゴールデンイーグルス,千葉ロッテマリーンズ,0.0,4.0,UNKNOWN,楽天生命パーク宮城,excluded,high,False,False,1300050,1200117,[],[],,,,,0,light,2022-03-25T07:00:00+00:00,,UNKNOWN,,,,UNKNOWN,UNKNOWN,,UNKNOWN,,0.0,0.42857142857142855,5.142857142857143,0.0,0.0,2.0571428571428574,7.0,0.0,3.0,0.0,0.0,4.0,,,,5.0625,0.9375,3.375,3.375,0.0,3.575,5.333333333333333,3.0,3.0,0.0,2.0,2.0,,,,True,True,UNKNOWN,False,False
2021005423,2022-03-25 18:00:00,阪神タイガース,東京ヤクルトスワローズ,8.0,10.0,UNKNOWN,京セラドーム大阪,excluded,high,False,False,1200076,1200062,[],[],,,,,0,light,2022-03-25T09:00:00+00:00,,UNKNOWN,,,,UNKNOWN,UNKNOWN,,UNKNOWN,,12.0,3.6666666666666665,6.0,0.0,0.0,1.866666666666667,3.0,4.0,11.0,0.0,0.0,2.0,,,,3.857142857142857,1.1428571428571428,9.0,2.5714285714285716,1.2857142857142858,3.9142857142857146,7.0,3.0,6.0,1.0,2.0,7.0,,,,True,True,UNKNOWN,False,False
2021005421,2022-03-25 18:15:00,読売ジャイアンツ,中日ドラゴンズ,4.0,2.0,UNKNOWN,東京ドーム,excluded,high,False,False,1000138,1200041,[],[],,,,,0,light,2022-03-25T09:15:00+00:00,,UNKNOWN,,,,UNKNOWN,UNKNOWN,,UNKNOWN,,4.5,1.6666666666666667,4.5,3.0,1.5,5.366666666666667,6.0,3.0,8.0,1.0,2.0,3.0,,,,3.0,1.3333333333333333,7.5,1.5,1.5,4.2,6.0,2.0,7.0,1.0,1.0,5.0,,,,True,True,UNKNOWN,False,False
2021005425,2022-03-25 18:00:00,埼玉西武ライオンズ,オリックス・バファローズ,0.0,6.0,UNKNOWN,ベルーナドーム,unknown,low,False,False,1600153,1400182,[],[],,,,,0,light,2022-03-25T09:00:00+00:00,,UNKNOWN,,,,UNKNOWN,UNKNOWN,,UNKNOWN,,0.0,0.625,10.125,2.25,0.0,1.7000000000000002,8.0,0.0,3.0,0.0,2.0,9.0,,,,2.5714285714285716,0.7142857142857143,2.5714285714285716,0.0,0.0,2.628571428571429,7.0,2.0,5.0,0.0,0.0,2.0,,,,True,True,UNKNOWN,False,False
2021005422,2022-03-25 18:30:00,横浜DeNAベイスターズ,広島東洋カープ,3.0,11.0,UNKNOWN,横浜スタジアム,excluded,high,False,False,1300057,1700058,[],[],,,,,0,light,2022-03-25T09:30:00+00:00,,UNKNOWN,,,,UNKNOWN,UNKNOWN,,UNKNOWN,,2.6999999999999997,1.2,8.1,2.6999999999999997,0.0,2.3000000000000003,6.666666666666667,2.0,6.0,0.0,2.0,6.0,,,,3.6,2.0,3.6,3.6,0.0,3.6,5.0,2.0,8.0,0.0,2.0,2.0,,,,True,True,UNKNOWN,False,False
2021005426,2022-03-25 18:30:00,福岡ソフトバンクホークス,北海道日本ハムファイターズ,4.0,1.0,UNKNOWN,福岡PayPayドーム,excluded,high,False,False,1750903,1000174,[],[],,,,,0,light,2022-03-25T09:30:00+00:00,,UNKNOWN,,,,UNKNOWN,UNKNOWN,,UNKNOWN,,0.0,2.5,4.5,13.5,0.0,6.7,2.0,0.0,2.0,0.0,3.0,1.0,,,,1.2857142857142858,1.0,10.285714285714286,3.857142857142857,1.2857142857142858,4.057142857142857,7.0,1.0,4.0,1.0,3.0,8.0,,,,True,True,UNKNOWN,False,False
2021005427,2022-03-26 14:00:00,読売ジャイアンツ,中日ドラゴンズ,7.0,5.0,UNKNOWN,東京ドーム,excluded,high,False,False,1800061,2000006,[],[],,,,,0,light,2022-03-26T05:00:00+00:00,,UNKNOWN,,,,UNKNOWN,UNKNOWN,,UNKNOWN,,3.0,1.5,7.5,3.0,0.0,2.5333333333333337,6.0,2.0,7.0,0.0,2.0,5.0,,,,3.0,0.8333333333333334,3.0,1.5,1.5,5.2,6.0,2.0,4.0,1.0,1.0,2.0,,,,True,True,UNKNOWN,False,False
2021005428,2022-03-26 14:00:00,横浜DeNAベイスターズ,広島東洋カープ,5.0,10.0,UNKNOWN,横浜スタジアム,unknown,low,False,False,1900052,1800045,[],[],,,,,0,light,2022-03-26T05:00:00+00:00,,UNKNOWN,,,,UNKNOWN,UNKNOWN,,UNKNOWN,,2.25,1.0,4.5,0.0,0.0,2.2,8.0,2.0,8.0,0.0,0.0,4.0,,,,13.5,2.25,2.25,4.5,2.25,7.45,4.0,6.0,7.0,1.0,2.0,1.0,,,,True,True,UNKNOWN,False,False
2021005429,2022-03-26 14:00:00,阪神タイガース,東京ヤクルトスワローズ,0.0,6.0,UNKNOWN,京セラドーム大阪,excluded,high,False,False,1500042,1900049,[],[],,,,,0,light,2022-03-26T05:00:00+00:00,,UNKNOWN,,,,UNKNOWN,UNKNOWN,,UNKNOWN,,0.0,0.42857142857142855,10.285714285714286,1.2857142857142858,0.0,1.342857142857143,7.0,0.0,2.0,0.0,1.0,8.0,,,,6.352941176470588,1.0588235294117647,9.529411764705882,3.176470588235294,0.0,2.1411764705882357,5.666666666666667,4.0,4.0,0.0,2.0,6.0,,,,True,True,UNKNOWN,False,False
2021005432,2022-03-26 14:00:00,福岡ソフトバンクホークス,北海道日本ハムファイターズ,6.0,3.0,UNKNOWN,福岡PayPayドーム,unknown,low,False,False,1600133,1200106,[],[],,,,,0,light,2022-03-26T05:00:00+00:00,,UNKNOWN,,,,UNKNOWN,UNKNOWN,,UNKNOWN,,0.0,1.0,18.0,0.0,0.0,-0.7999999999999998,1.0,0.0,1.0,0.0,0.0,2.0,,,,2.5714285714285716,0.7142857142857143,9.0,1.2857142857142858,2.5714285714285716,5.342857142857143,7.0,2.0,4.0,2.0,1.0,7.0,,,,True,True,UNKNOWN,False,False
2021005431,2022-03-26 14:00:00,埼玉西武ライオンズ,オリックス・バファローズ,5.0,0.0,UNKNOWN,ベルーナドーム,excluded,high,False,False,1900087,1751148,[],[],,,,,0,light,2022-03-26T05:00:00+00:00,,UNKNOWN,,,,UNKNOWN,UNKNOWN,,UNKNOWN,,7.2,1.6,7.2,3.6,1.8,5.4,5.0,4.0,6.0,1.0,2.0,4.0,,,,0.0,0.5714285714285714,6.428571428571429,3.857142857142857,0.0,3.0571428571428574,7.0,0.0,1.0,0.0,3.0,5.0,,,,True,True,UNKNOWN,False,False
2021005436,2022-03-27 13:00:00,東北楽天ゴールデンイーグルス,千葉ロッテマリーンズ,6.0,5.0,UNKNOWN,楽天生命パーク宮城,excluded,high,False,False,1900080,700065,[],[],,,,,0,light,2022-03-27T04:00:00+00:00,,UNKNOWN,,,,UNKNOWN,UNKNOWN,,UNKNOWN,,4.5,1.0,15.0,3.0,0.0,0.8666666666666667,6.0,3.0,4.0,0.0,2.0,10.0,,,,1.5,1.1666666666666667,10.5,4.5,0.0,2.3666666666666667,6.0,1.0,4.0,0.0,3.0,7.0,,,,True,True,UNKNOWN,False,False
2021005433,2022-03-27 14:00:00,読売ジャイアンツ,中日ドラゴンズ,5.0,7.0,UNKNOWN,東京ドーム,excluded,high,False,False,1600106,2103689,[],[],,,,,0,light,2022-03-27T05:00:00+00:00,,UNKNOWN,,,,UNKNOWN,UNKNOWN,,UNKNOWN,,6.428571428571429,1.7142857142857142,5.142857142857143,2.5714285714285716,2.5714285714285716,6.628571428571428,7.0,5.0,10.0,2.0,2.0,4.0,,,,1.5,0.8333333333333334,7.5,0.0,1.5,3.7,6.0,1.0,5.0,1.0,0.0,5.0,,,,True,True,UNKNOWN,False,False
2021005438,2022-03-27 13:00:00,福岡ソフトバンクホークス,北海道日本ハムファイターズ,6.0,4.0,UNKNOWN,福岡PayPayドーム,unknown,low,False,False,1800090,1800107,[],[],,,,,0,light,2022-03-27T04:00:00+00:00,,UNKNOWN,,,,UNKNOWN,UNKNOWN,,UNKNOWN,,6.75,1.5,2.25,4.5,2.25,7.45,4.0,3.0,4.0,1.0,2.0,1.0,,,,8.307692307692308,1.3846153846153848,6.230769230769231,6.230769230769231,2.076923076923077,6.892307692307693,4.333333333333333,4.0,3.0,1.0,3.0,3.0,,,,True,True,UNKNOWN,False,False
2021005435,2022-03-27 14:00:00,阪神タイガース,東京ヤクルトスワローズ,0.0,4.0,UNKNOWN,京セラドーム大阪,excluded,high,False,False,1300045,2103707,[],[],,,,,0,light,2022-03-27T05:00:00+00:00,,UNKNOWN,,,,UNKNOWN,UNKNOWN,,UNKNOWN,,0.0,1.1666666666666667,7.5,3.0,0.0,2.5333333333333337,6.0,0.0,5.0,0.0,2.0,5.0,,,,5.4,1.8,9.0,1.8,1.8,4.4,5.0,3.0,8.0,1.0,1.0,5.0,,,,True,True,UNKNOWN,False,False
2021005437,2022-03-27 14:00:00,埼玉西武ライオンズ,オリックス・バファローズ,7.0,6.0,UNKNOWN,ベルーナドーム,unknown,low,False,False,1600155,1800081,[],[],,,,,0,light,2022-03-27T05:00:00+00:00,,UNKNOWN,,,,UNKNOWN,UNKNOWN,,UNKNOWN,,6.75,1.125,3.375,1.6875,0.0,3.0125,5.333333333333333,4.0,5.0,0.0,1.0,2.0,,,,12.0,2.3333333333333335,6.0,3.0,3.0,7.2,3.0,4.0,6.0,1.0,1.0,2.0,,,,True,True,UNKNOWN,False,False
2021005439,2022-03-29 18:00:00,東京ヤクルトスワローズ,読売ジャイアンツ,3.0,5.0,UNKNOWN,明治神宮野球場,excluded,high,False,False,1800028,1900024,[],[],,,,,0,light,2022-03-29T09:00:00+00:00,,UNKNOWN,,,,UNKNOWN,UNKNOWN,,UNKNOWN,,2.5714285714285716,1.1428571428571428,12.857142857142858,2.5714285714285716,0.0,1.2000000000000002,7.0,2.0,6.0,0.0,2.0,10.0,,,,2.25,0.75,6.75,2.25,2.25,5.7,4.0,1.0,2.0,1.0,1.0,3.0,,,,True,True,UNKNOWN,False,False
2021005444,2022-03-29 18:00:00,オリックス・バファローズ,東北楽天ゴールデンイーグルス,1.0,2.0,UNKNOWN,京セラドーム大阪,unknown,low,False,False,700069,1700109,[],[],,,,,0,light,2022-03-29T09:00:00+00:00,,UNKNOWN,,,,UNKNOWN,UNKNOWN,,UNKNOWN,,1.2857142857142858,0.5714285714285714,7.714285714285714,0.0,0.0,1.485714285714286,7.0,1.0,4.0,0.0,0.0,6.0,,,,1.5,1.0,7.5,3.0,1.5,4.7,6.0,1.0,4.0,1.0,2.0,5.0,,,,True,True,UNKNOWN,False,False
2021005441,2022-03-29 18:00:00,広島東洋カープ,阪神タイガース,3.0,2.0,UNKNOWN,MAZDA Zoom-Zoom スタジアム広島,excluded,high,False,False,900062,1300058,[],[],,,,,0,light,2022-03-29T09:00:00+00:00,,UNKNOWN,,,,UNKNOWN,UNKNOWN,,UNKNOWN,,1.3499999999999999,1.2,1.3499999999999999,5.3999999999999995,0.0,4.7,6.666666666666667,1.0,4.0,0.0,4.0,1.0,,,,2.6999999999999997,1.3499999999999999,6.75,1.3499999999999999,0.0,2.1500000000000004,6.666666666666667,2.0,8.0,0.0,1.0,5.0,,,,True,True,UNKNOWN,False,False
2021005440,2022-03-29 18:15:00,中日ドラゴンズ,横浜DeNAベイスターズ,0.0,4.0,UNKNOWN,バンテリンドーム ナゴヤ,unknown,low,False,False,2000145,1500074,[],[],,,,,0,light,2022-03-29T09:15:00+00:00,,UNKNOWN,,,,UNKNOWN,UNKNOWN,,UNKNOWN,,0.0,0.5,5.625,1.125,0.0,2.325,8.0,0.0,3.0,0.0,1.0,5.0,,,,3.857142857142857,1.2857142857142858,11.571428571428571,3.857142857142857,1.2857142857142858,3.7714285714285714,7.0,3.0,6.0,1.0,3.0,9.0,,,,True,True,UNKNOWN,False,False
2021005434,2022-03-27 14:00:00,横浜DeNAベイスターズ,広島東洋カープ,6.0,7.0,UNKNOWN,横浜スタジアム,excluded,high,False,False,1700072,1900031,[],[],,,,,0,light,2022-03-27T05:00:00+00:00,,UNKNOWN,,,,UNKNOWN,UNKNOWN,,UNKNOWN,,4.5,1.25,9.0,2.25,0.0,1.9500000000000002,4.0,2.0,4.0,0.0,1.0,4.0,,,,5.142857142857143,0.8571428571428571,2.5714285714285716,0.0,0.0,2.628571428571429,7.0,4.0,6.0,0.0,0.0,2.0,,,,True,True,UNKNOWN,False,False
2021005442,2022-03-29 18:30:00,北海道日本ハムファイターズ,埼玉西武ライオンズ,0.0,4.0,UNKNOWN,札幌ドーム,excluded,high,False,False,2103714,1100099,[],[],,,,,0,light,2022-03-29T09:30:00+00:00,,UNKNOWN,,,,UNKNOWN,UNKNOWN,,UNKNOWN,,0.0,1.0,3.6,1.8,0.0,3.0,5.0,0.0,4.0,0.0,1.0,2.0,,,,4.5,1.0,7.875,2.25,2.25,5.45,8.0,4.0,6.0,2.0,2.0,7.0,,,,True,True,UNKNOWN,False,False
2021005443,2022-03-29 18:30:00,千葉ロッテマリーンズ,福岡ソフトバンクホークス,1.0,2.0,UNKNOWN,ZOZOマリンスタジアム,excluded,high,False,False,1300080,1800130,[],[],,,,,0,light,2022-03-29T09:30:00+00:00,,UNKNOWN,,,,UNKNOWN,UNKNOWN,,UNKNOWN,,0.0,0.42857142857142855,9.0,2.5714285714285716,0.0,2.0571428571428574,7.0,0.0,1.0,0.0,2.0,7.0,,,,1.2857142857142858,0.42857142857142855,9.0,1.2857142857142858,0.0,1.6285714285714288,7.0,1.0,2.0,0.0,1.0,7.0,,,,True,True,UNKNOWN,False,False
2021005449,2022-03-30 14:00:00,千葉ロッテマリーンズ,福岡ソフトバンクホークス,3.0,4.0,UNKNOWN,ZOZOマリンスタジアム,excluded,high,False,False,20204,1800052,[],[],,,,,0,light,2022-03-30T05:00:00+00:00,,UNKNOWN,,,,UNKNOWN,UNKNOWN,,UNKNOWN,,3.6,1.4,7.2,3.6,0.0,2.8000000000000003,5.0,2.0,5.0,0.0,2.0,4.0,,,,1.5,1.5,4.5,3.0,0.0,3.2,6.0,1.0,7.0,0.0,2.0,3.0,,,,True,True,UNKNOWN,False,False
2021005446,2022-03-30 18:00:00,中日ドラゴンズ,横浜DeNAベイスターズ,6.0,7.0,UNKNOWN,バンテリンドーム ナゴヤ,excluded,high,False,False,1400110,2000042,[],[],,,,,0,light,2022-03-30T09:00:00+00:00,,UNKNOWN,,,,UNKNOWN,UNKNOWN,,UNKNOWN,,2.5714285714285716,0.5714285714285714,2.5714285714285716,0.0,1.2857142857142858,4.485714285714286,7.0,2.0,4.0,1.0,0.0,2.0,,,,7.2,1.6,3.6,5.4,0.0,4.2,5.0,4.0,5.0,0.0,3.0,2.0,,,,True,True,UNKNOWN,False,False
2021005445,2022-03-30 18:00:00,東京ヤクルトスワローズ,読売ジャイアンツ,1.0,3.0,UNKNOWN,明治神宮野球場,excluded,high,False,False,1700002,12113,[],[],,,,,0,light,2022-03-30T09:00:00+00:00,,UNKNOWN,,,,UNKNOWN,UNKNOWN,,UNKNOWN,,0.0,1.125,5.0625,6.75,0.0,4.325,5.333333333333333,0.0,2.0,0.0,4.0,3.0,,,,4.05,1.65,1.3499999999999999,6.75,2.6999999999999997,9.05,6.666666666666667,3.0,6.0,2.0,5.0,1.0,,,,True,True,UNKNOWN,False,False
2021005447,2022-03-30 18:00:00,広島東洋カープ,阪神タイガース,8.0,3.0,UNKNOWN,MAZDA Zoom-Zoom スタジアム広島,unknown,low,False,False,2000052,1600123,[],[],,,,,0,light,2022-03-30T09:00:00+00:00,,UNKNOWN,,,,UNKNOWN,UNKNOWN,,UNKNOWN,,7.105263157894737,1.5789473684210527,5.684210526315789,1.4210526315789473,0.0,2.4105263157894736,6.333333333333333,5.0,9.0,0.0,1.0,4.0,,,,1.2857142857142858,0.5714285714285714,5.142857142857143,0.0,1.2857142857142858,3.9142857142857146,7.0,1.0,4.0,1.0,0.0,4.0,,,,True,True,UNKNOWN,False,False
2021005448,2022-03-30 18:00:00,北海道日本ハムファイターズ,埼玉西武ライオンズ,3.0,5.0,UNKNOWN,札幌ドーム,unknown,low,False,False,1800080,1500110,[],[],,,,,0,light,2022-03-30T09:00:00+00:00,,UNKNOWN,,,,UNKNOWN,UNKNOWN,,UNKNOWN,,4.764705882352941,1.2352941176470587,6.352941176470588,3.176470588235294,0.0,2.847058823529412,5.666666666666667,3.0,5.0,0.0,2.0,4.0,,,,7.941176470588235,1.4117647058823528,9.529411764705882,0.0,0.0,1.0823529411764707,5.666666666666667,5.0,8.0,0.0,0.0,6.0,,,,True,True,UNKNOWN,False,False
2021005450,2022-03-30 18:00:00,オリックス・バファローズ,東北楽天ゴールデンイーグルス,1.0,6.0,UNKNOWN,京セラドーム大阪,excluded,high,False,False,2000121,1660036,[],[],,,,,0,light,2022-03-30T09:00:00+00:00,,UNKNOWN,,,,UNKNOWN,UNKNOWN,,UNKNOWN,,1.2857142857142858,0.7142857142857143,6.428571428571429,1.2857142857142858,0.0,2.2,7.0,1.0,4.0,0.0,1.0,5.0,,,,5.4,2.0,10.8,5.4,0.0,2.6,5.0,3.0,7.0,0.0,3.0,6.0,,,,True,True,UNKNOWN,False,False
2021005455,2022-03-31 14:00:00,千葉ロッテマリーンズ,福岡ソフトバンクホークス,1.0,3.0,UNKNOWN,ZOZOマリンスタジアム,unknown,low,False,False,1900106,1000155,[],[],,,,,0,light,2022-03-31T05:00:00+00:00,,UNKNOWN,,,,UNKNOWN,UNKNOWN,,UNKNOWN,,1.4210526315789473,0.9473684210526316,7.105263157894737,0.0,1.4210526315789473,3.673684210526316,6.333333333333333,1.0,6.0,1.0,0.0,5.0,,,,3.6,1.2,9.0,3.6,0.0,2.4000000000000004,5.0,2.0,4.0,0.0,2.0,5.0,,,,True,True,UNKNOWN,False,False
2021005451,2022-03-31 18:00:00,東京ヤクルトスワローズ,読売ジャイアンツ,3.0,6.0,UNKNOWN,明治神宮野球場,excluded,high,False,False,1900016,1500040,[],[],,,,,0,light,2022-03-31T09:00:00+00:00,,UNKNOWN,,,,UNKNOWN,UNKNOWN,,UNKNOWN,,0.0,1.1666666666666667,3.0,3.0,0.0,3.5333333333333337,6.0,0.0,5.0,0.0,2.0,2.0,,,,4.5,1.1666666666666667,6.0,4.5,0.0,3.3666666666666667,6.0,3.0,4.0,0.0,3.0,4.0,,,,True,True,UNKNOWN,False,False
2021005453,2022-03-31 18:00:00,広島東洋カープ,阪神タイガース,3.0,2.0,UNKNOWN,MAZDA Zoom-Zoom スタジアム広島,unknown,low,False,False,900425,1900057,[],[],,,,,0,light,2022-03-31T09:00:00+00:00,,UNKNOWN,,,,UNKNOWN,UNKNOWN,,UNKNOWN,,4.764705882352941,1.2352941176470587,4.764705882352941,1.588235294117647,0.0,2.670588235294118,5.666666666666667,3.0,6.0,0.0,1.0,3.0,,,,3.6,1.8,0.0,1.8,0.0,3.8000000000000003,5.0,2.0,8.0,0.0,1.0,0.0,,,,True,True,UNKNOWN,False,False
2021005452,2022-03-31 18:00:00,中日ドラゴンズ,横浜DeNAベイスターズ,0.0,1.0,UNKNOWN,バンテリンドーム ナゴヤ,excluded,high,False,False,1600081,1200098,[],[],,,,,0,light,2022-03-31T09:00:00+00:00,,UNKNOWN,,,,UNKNOWN,UNKNOWN,,UNKNOWN,,0.0,0.875,7.875,1.125,0.0,1.8250000000000002,8.0,0.0,6.0,0.0,1.0,7.0,,,,0.0,0.9375,5.0625,0.0,0.0,2.075,5.333333333333333,0.0,5.0,0.0,0.0,3.0,,,,True,True,UNKNOWN,False,False
2021005454,2022-03-31 18:00:00,北海道日本ハムファイターズ,埼玉西武ライオンズ,6.0,2.0,UNKNOWN,札幌ドーム,excluded,high,False,False,1700125,1900071,[],[],,,,,0,light,2022-03-31T09:00:00+00:00,,UNKNOWN,,,,UNKNOWN,UNKNOWN,,UNKNOWN,,6.75,1.75,2.25,2.25,2.25,6.7,4.0,3.0,6.0,1.0,1.0,1.0,,,,3.6,1.2,7.2,3.6,0.0,2.8000000000000003,5.0,2.0,4.0,0.0,2.0,4.0,,,,True,True,UNKNOWN,False,False
2021005456,2022-03-31 18:00:00,オリックス・バファローズ,東北楽天ゴールデンイーグルス,0.0,1.0,UNKNOWN,京セラドーム大阪,excluded,high,False,False,1900117,1400195,[],[],,,,,0,light,2022-03-31T09:00:00+00:00,,UNKNOWN,,,,UNKNOWN,UNKNOWN,,UNKNOWN,,0.0,1.1666666666666667,1.5,3.0,0.0,3.8666666666666667,6.0,0.0,5.0,0.0,2.0,1.0,,,,0.0,0.5714285714285714,5.142857142857143,3.857142857142857,0.0,3.342857142857143,7.0,0.0,1.0,0.0,3.0,4.0,,,,True,True,UNKNOWN,False,False
2021005458,2022-04-01 18:00:00,東京ヤクルトスワローズ,横浜DeNAベイスターズ,1.0,6.0,UNKNOWN,明治神宮野球場,unknown,low,False,False,1800043,1200076,[],[],,,,,0,light,2022-04-01T09:00:00+00:00,,UNKNOWN,,,,UNKNOWN,UNKNOWN,,UNKNOWN,,1.2857142857142858,0.42857142857142855,6.428571428571429,1.2857142857142858,1.2857142857142858,4.057142857142857,7.0,1.0,2.0,1.0,1.0,5.0,,,,4.5,1.0,10.5,3.0,3.0,6.2,6.0,3.0,4.0,2.0,2.0,7.0,,,,True,True,UNKNOWN,False,False
2021005457,2022-04-01 18:00:00,読売ジャイアンツ,阪神タイガース,6.0,5.0,UNKNOWN,東京ドーム,unknown,low,False,False,1200062,1200041,[],[],,,,,0,light,2022-04-01T09:00:00+00:00,,UNKNOWN,,,,UNKNOWN,UNKNOWN,,UNKNOWN,,9.0,2.75,4.5,9.0,6.75,14.95,4.0,4.0,7.0,3.0,4.0,2.0,,,,3.857142857142857,1.0,11.571428571428571,0.0,0.0,0.6285714285714286,7.0,3.0,7.0,0.0,0.0,9.0,,,,True,True,UNKNOWN,False,False
2021005459,2022-04-01 18:00:00,中日ドラゴンズ,広島東洋カープ,3.0,2.0,UNKNOWN,バンテリンドーム ナゴヤ,unknown,low,False,False,1300057,1000138,[],[],,,,,0,light,2022-04-01T09:00:00+00:00,,UNKNOWN,,,,UNKNOWN,UNKNOWN,,UNKNOWN,,3.375,1.0,5.625,0.0,1.125,3.575,8.0,3.0,8.0,1.0,0.0,5.0,,,,1.125,0.875,5.625,2.25,0.0,2.7,8.0,1.0,5.0,0.0,2.0,5.0,,,,True,True,UNKNOWN,False,False
2021005460,2022-04-01 18:00:00,東北楽天ゴールデンイーグルス,福岡ソフトバンクホークス,0.0,1.0,UNKNOWN,楽天生命パーク宮城,unknown,low,False,False,1000174,500014,[],[],,,,,0,light,2022-04-01T09:00:00+00:00,,UNKNOWN,,,,UNKNOWN,UNKNOWN,,UNKNOWN,,0.0,1.0,10.125,3.375,0.0,2.075,8.0,0.0,5.0,0.0,3.0,9.0,,,,1.5,0.6666666666666666,10.5,4.5,1.5,4.533333333333333,6.0,1.0,1.0,1.0,3.0,7.0,,,,True,True,UNKNOWN,False,False
2021005462,2022-04-01 18:00:00,オリックス・バファローズ,北海道日本ハムファイターズ,2.0,0.0,UNKNOWN,京セラドーム大阪,unknown,low,False,False,2000083,1600150,[],[],,,,,0,light,2022-04-01T09:00:00+00:00,,UNKNOWN,,,,UNKNOWN,UNKNOWN,,UNKNOWN,,2.4545454545454546,2.181818181818182,4.909090909090909,9.818181818181818,0.0,5.381818181818183,3.6666666666666665,1.0,4.0,0.0,4.0,2.0,,,,0.0,0.8823529411764706,11.117647058823529,1.588235294117647,0.0,1.258823529411765,5.666666666666667,0.0,4.0,0.0,1.0,7.0,,,,True,True,UNKNOWN,False,False
2021005461,2022-04-01 18:00:00,千葉ロッテマリーンズ,埼玉西武ライオンズ,2.0,1.0,UNKNOWN,ZOZOマリンスタジアム,unknown,low,False,False,1400182,1300050,[],[],,,,,0,light,2022-04-01T09:00:00+00:00,,UNKNOWN,,,,UNKNOWN,UNKNOWN,,UNKNOWN,,1.5,1.0,3.0,4.5,0.0,4.033333333333333,6.0,1.0,3.0,0.0,3.0,2.0,,,,0.0,0.5,1.125,0.0,0.0,2.95,8.0,0.0,4.0,0.0,0.0,1.0,,,,True,True,UNKNOWN,False,False
2021005464,2022-04-02 14:00:00,東京ヤクルトスワローズ,横浜DeNAベイスターズ,3.0,2.0,UNKNOWN,明治神宮野球場,unknown,low,False,False,1800045,1500042,[],[],,,,,0,light,2022-04-02T05:00:00+00:00,,UNKNOWN,,,,UNKNOWN,UNKNOWN,,UNKNOWN,,3.0,1.1666666666666667,7.5,1.5,1.5,4.2,6.0,2.0,6.0,1.0,1.0,5.0,,,,1.6875,1.6875,8.4375,6.75,0.0,3.575,5.333333333333333,1.0,5.0,0.0,4.0,5.0,,,,True,True,UNKNOWN,False,False
2021005463,2022-04-02 14:00:00,読売ジャイアンツ,阪神タイガース,5.0,4.0,UNKNOWN,東京ドーム,unknown,low,False,False,1900049,2000006,[],[],,,,,0,light,2022-04-02T05:00:00+00:00,,UNKNOWN,,,,UNKNOWN,UNKNOWN,,UNKNOWN,,10.384615384615385,1.6153846153846154,6.230769230769231,4.153846153846154,6.230769230769231,12.2,4.333333333333333,5.0,5.0,3.0,2.0,3.0,,,,7.363636363636364,2.4545454545454546,2.4545454545454546,4.909090909090909,0.0,4.290909090909091,3.6666666666666665,3.0,7.0,0.0,2.0,1.0,,,,True,True,UNKNOWN,False,False
2021005465,2022-04-02 14:00:00,中日ドラゴンズ,広島東洋カープ,4.0,3.0,UNKNOWN,バンテリンドーム ナゴヤ,excluded,high,False,False,1900052,1600109,[],[],,,,,0,light,2022-04-02T05:00:00+00:00,,UNKNOWN,,,,UNKNOWN,UNKNOWN,,UNKNOWN,,2.5714285714285716,0.7142857142857143,3.857142857142857,1.2857142857142858,1.2857142857142858,4.628571428571429,7.0,2.0,4.0,1.0,1.0,3.0,,,,3.0,0.6666666666666666,4.5,1.5,1.5,4.866666666666667,6.0,2.0,3.0,1.0,1.0,3.0,,,,True,True,UNKNOWN,False,False
2021005467,2022-04-02 14:00:00,千葉ロッテマリーンズ,埼玉西武ライオンズ,8.0,1.0,UNKNOWN,ZOZOマリンスタジアム,excluded,high,False,False,1751148,1300055,[],[],,,,,0,light,2022-04-02T05:00:00+00:00,,UNKNOWN,,,,UNKNOWN,UNKNOWN,,UNKNOWN,,3.6,1.4,9.0,0.0,1.8,3.8000000000000003,5.0,2.0,7.0,1.0,0.0,5.0,,,,0.0,0.8571428571428571,5.142857142857143,1.2857142857142858,0.0,2.4857142857142858,7.0,0.0,5.0,0.0,1.0,4.0,,,,True,True,UNKNOWN,False,False
2021005469,2022-04-03 13:00:00,読売ジャイアンツ,阪神タイガース,9.0,5.0,UNKNOWN,東京ドーム,excluded,high,False,False,1900147,2103689,[],[],,,,,0,light,2022-04-03T04:00:00+00:00,,UNKNOWN,,,,UNKNOWN,UNKNOWN,,UNKNOWN,,9.0,2.25,4.5,9.0,2.25,8.45,4.0,4.0,5.0,1.0,4.0,2.0,,,,2.5714285714285716,0.8571428571428571,5.142857142857143,2.5714285714285716,1.2857142857142858,4.771428571428571,7.0,2.0,4.0,1.0,2.0,4.0,,,,True,True,UNKNOWN,False,False
2021005468,2022-04-02 14:00:00,オリックス・バファローズ,北海道日本ハムファイターズ,7.0,0.0,UNKNOWN,京セラドーム大阪,unknown,low,False,False,2000079,1600153,[],[],,,,,0,light,2022-04-02T05:00:00+00:00,,UNKNOWN,,,,UNKNOWN,UNKNOWN,,UNKNOWN,,3.0,1.0,4.5,0.0,0.0,2.2,6.0,2.0,6.0,0.0,0.0,3.0,,,,0.0,0.8571428571428571,10.285714285714286,1.2857142857142858,0.0,1.342857142857143,7.0,0.0,5.0,0.0,1.0,8.0,,,,True,True,UNKNOWN,False,False
2021005474,2022-04-03 13:00:00,オリックス・バファローズ,北海道日本ハムファイターズ,4.0,2.0,UNKNOWN,京セラドーム大阪,unknown,low,False,False,1900070,1900087,[],[],,,,,0,light,2022-04-03T04:00:00+00:00,,UNKNOWN,,,,UNKNOWN,UNKNOWN,,UNKNOWN,,3.0,0.8333333333333334,4.5,3.0,1.5,5.366666666666667,6.0,2.0,3.0,1.0,2.0,3.0,,,,3.0,1.1666666666666667,12.0,1.5,1.5,3.2,6.0,2.0,6.0,1.0,1.0,8.0,,,,True,True,UNKNOWN,False,False
2021005473,2022-04-03 14:00:00,千葉ロッテマリーンズ,埼玉西武ライオンズ,4.0,2.0,UNKNOWN,ZOZOマリンスタジアム,unknown,low,False,False,1800081,1900080,[],[],,,,,0,light,2022-04-03T05:00:00+00:00,,UNKNOWN,,,,UNKNOWN,UNKNOWN,,UNKNOWN,,5.0625,2.0625,1.6875,11.8125,0.0,6.7625,5.333333333333333,3.0,4.0,0.0,7.0,1.0,,,,1.125,0.375,14.625,0.0,0.0,-0.04999999999999982,8.0,1.0,3.0,0.0,0.0,13.0,,,,True,True,UNKNOWN,False,False
2021005471,2022-04-03 14:00:00,中日ドラゴンズ,広島東洋カープ,1.0,0.0,UNKNOWN,バンテリンドーム ナゴヤ,unknown,low,False,False,1700072,1600106,[],[],,,,,0,light,2022-04-03T05:00:00+00:00,,UNKNOWN,,,,UNKNOWN,UNKNOWN,,UNKNOWN,,1.5,0.8333333333333334,4.5,0.0,0.0,2.2,6.0,1.0,5.0,0.0,0.0,3.0,,,,0.0,0.5555555555555556,8.0,2.0,0.0,2.088888888888889,9.0,0.0,3.0,0.0,2.0,8.0,,,,True,True,UNKNOWN,False,False
2021005479,2022-04-05 14:00:00,東北楽天ゴールデンイーグルス,埼玉西武ライオンズ,7.0,3.0,UNKNOWN,楽天生命パーク宮城,unknown,low,False,False,2103714,700069,[],[],,,,,0,light,2022-04-05T05:00:00+00:00,,UNKNOWN,,,,UNKNOWN,UNKNOWN,,UNKNOWN,,15.0,2.6666666666666665,6.0,6.0,0.0,3.8666666666666667,3.0,5.0,6.0,0.0,2.0,2.0,,,,2.5714285714285716,1.2857142857142858,5.142857142857143,1.2857142857142858,1.2857142857142858,4.342857142857143,7.0,2.0,8.0,1.0,1.0,4.0,,,,True,True,UNKNOWN,False,False
2021005475,2022-04-05 18:00:00,東京ヤクルトスワローズ,中日ドラゴンズ,6.0,7.0,UNKNOWN,明治神宮野球場,unknown,low,False,False,1800061,2000139,[],[],,,,,0,light,2022-04-05T09:00:00+00:00,,UNKNOWN,,,,UNKNOWN,UNKNOWN,,UNKNOWN,,6.0,1.6666666666666667,10.5,3.0,3.0,6.2,6.0,4.0,8.0,2.0,2.0,7.0,,,,15.0,2.3333333333333335,9.0,3.0,3.0,6.533333333333333,3.0,5.0,6.0,1.0,1.0,3.0,,,,True,True,UNKNOWN,False,False
2021005476,2022-04-05 18:00:00,阪神タイガース,横浜DeNAベイスターズ,4.0,0.0,UNKNOWN,阪神甲子園球場,unknown,low,False,False,2000145,900062,[],[],,,,,0,light,2022-04-05T09:00:00+00:00,,UNKNOWN,,,,UNKNOWN,UNKNOWN,,UNKNOWN,,9.0,1.5,6.75,2.25,2.25,5.7,4.0,4.0,5.0,1.0,1.0,3.0,,,,0.0,0.7777777777777778,4.0,0.0,0.0,2.3111111111111113,9.0,0.0,7.0,0.0,0.0,4.0,,,,True,True,UNKNOWN,False,False
2021005478,2022-04-05 18:00:00,北海道日本ハムファイターズ,千葉ロッテマリーンズ,0.0,2.0,UNKNOWN,札幌ドーム,unknown,low,False,False,1800130,1100099,[],[],,,,,0,light,2022-04-05T09:00:00+00:00,,UNKNOWN,,,,UNKNOWN,UNKNOWN,,UNKNOWN,,0.0,0.8333333333333334,6.0,3.0,0.0,2.8666666666666667,6.0,0.0,3.0,0.0,2.0,4.0,,,,3.6,1.6,10.8,0.0,0.0,0.8000000000000003,5.0,2.0,8.0,0.0,0.0,6.0,,,,True,True,UNKNOWN,False,False
2021005477,2022-04-05 18:00:00,広島東洋カープ,読売ジャイアンツ,3.0,1.0,UNKNOWN,MAZDA Zoom-Zoom スタジアム広島,unknown,low,False,False,1800028,1300058,[],[],,,,,0,light,2022-04-05T09:00:00+00:00,,UNKNOWN,,,,UNKNOWN,UNKNOWN,,UNKNOWN,,4.5,1.3333333333333333,6.0,3.0,0.0,2.8666666666666667,6.0,3.0,6.0,0.0,2.0,4.0,,,,1.2857142857142858,1.5714285714285714,9.0,6.428571428571429,0.0,3.342857142857143,7.0,1.0,6.0,0.0,5.0,7.0,,,,True,True,UNKNOWN,False,False
2021005480,2022-04-05 18:00:00,福岡ソフトバンクホークス,オリックス・バファローズ,6.0,3.0,UNKNOWN,福岡PayPayドーム,unknown,low,False,False,1600155,1300080,[],[],,,,,0,light,2022-04-05T09:00:00+00:00,,UNKNOWN,,,,UNKNOWN,UNKNOWN,,UNKNOWN,,13.5,2.6999999999999997,5.3999999999999995,10.799999999999999,2.6999999999999997,9.5,3.3333333333333335,5.0,5.0,1.0,4.0,2.0,,,,18.0,5.0,0.0,27.0,0.0,12.2,1.0,2.0,2.0,0.0,3.0,0.0,,,,True,True,UNKNOWN,False,False
2021005485,2022-04-06 14:00:00,東北楽天ゴールデンイーグルス,埼玉西武ライオンズ,7.0,2.0,UNKNOWN,楽天生命パーク宮城,unknown,low,False,False,1800080,700065,[],[],,,,,0,light,2022-04-06T05:00:00+00:00,,UNKNOWN,,,,UNKNOWN,UNKNOWN,,UNKNOWN,,7.2,1.4,5.4,5.4,1.8,6.4,5.0,4.0,4.0,1.0,3.0,3.0,,,,2.5714285714285716,0.8571428571428571,5.142857142857143,2.5714285714285716,2.5714285714285716,6.628571428571428,7.0,2.0,4.0,2.0,2.0,4.0,,,,True,True,UNKNOWN,False,False
2021005482,2022-04-06 18:00:00,阪神タイガース,横浜DeNAベイスターズ,1.0,6.0,UNKNOWN,阪神甲子園球場,unknown,low,False,False,1400110,2000052,[],[],,,,,0,light,2022-04-06T09:00:00+00:00,,UNKNOWN,,,,UNKNOWN,UNKNOWN,,UNKNOWN,,1.5,1.1666666666666667,9.0,4.5,0.0,2.7,6.0,1.0,4.0,0.0,3.0,6.0,,,,1.0,0.6666666666666666,4.0,2.0,0.0,2.977777777777778,9.0,1.0,4.0,0.0,2.0,4.0,,,,True,True,UNKNOWN,False,False
2021005481,2022-04-06 18:00:00,東京ヤクルトスワローズ,中日ドラゴンズ,2.0,1.0,UNKNOWN,明治神宮野球場,excluded,high,False,False,1200055,1300045,[],[],,,,,0,light,2022-04-06T09:00:00+00:00,,UNKNOWN,,,,UNKNOWN,UNKNOWN,,UNKNOWN,,3.0,1.3333333333333333,7.5,3.0,1.5,4.7,6.0,2.0,6.0,1.0,2.0,5.0,,,,1.5,0.8333333333333334,9.0,1.5,0.0,1.7000000000000002,6.0,1.0,4.0,0.0,1.0,6.0,,,,True,True,UNKNOWN,False,False
2021005483,2022-04-06 18:00:00,広島東洋カープ,読売ジャイアンツ,1.0,2.0,UNKNOWN,MAZDA Zoom-Zoom スタジアム広島,unknown,low,False,False,1700002,1600123,[],[],,,,,0,light,2022-04-06T09:00:00+00:00,,UNKNOWN,,,,UNKNOWN,UNKNOWN,,UNKNOWN,,1.2857142857142858,1.0,5.142857142857143,1.2857142857142858,0.0,2.4857142857142858,7.0,1.0,6.0,0.0,1.0,4.0,,,,0.0,0.8571428571428571,6.428571428571429,3.857142857142857,0.0,3.0571428571428574,7.0,0.0,3.0,0.0,3.0,5.0,,,,True,True,UNKNOWN,False,False
2021005486,2022-04-06 18:00:00,福岡ソフトバンクホークス,オリックス・バファローズ,1.0,3.0,UNKNOWN,福岡PayPayドーム,unknown,low,False,False,1700109,20204,[],[],,,,,0,light,2022-04-06T09:00:00+00:00,,UNKNOWN,,,,UNKNOWN,UNKNOWN,,UNKNOWN,,0.0,1.05,4.05,6.75,0.0,4.55,6.666666666666667,0.0,2.0,0.0,5.0,3.0,,,,0.0,1.0588235294117647,3.176470588235294,3.176470588235294,0.0,3.5529411764705885,5.666666666666667,0.0,4.0,0.0,2.0,2.0,,,,True,True,UNKNOWN,False,False
2021005484,2022-04-06 18:00:00,北海道日本ハムファイターズ,千葉ロッテマリーンズ,3.0,2.0,UNKNOWN,札幌ドーム,unknown,low,False,False,1900085,1500110,[],[],,,,,0,light,2022-04-06T09:00:00+00:00,,UNKNOWN,,,,UNKNOWN,UNKNOWN,,UNKNOWN,,3.6,1.4,10.8,1.8,3.6,6.6,5.0,2.0,6.0,2.0,1.0,6.0,,,,2.6999999999999997,0.6,8.1,1.3499999999999999,0.0,1.8500000000000003,6.666666666666667,2.0,3.0,0.0,1.0,6.0,,,,True,True,UNKNOWN,False,False
2021005489,2022-04-07 18:00:00,広島東洋カープ,読売ジャイアンツ,9.0,2.0,UNKNOWN,MAZDA Zoom-Zoom スタジアム広島,unknown,low,False,False,1900016,1900057,[],[],,,,,0,light,2022-04-07T09:00:00+00:00,,UNKNOWN,,,,UNKNOWN,UNKNOWN,,UNKNOWN,,9.0,2.0,9.0,6.75,2.25,6.7,4.0,4.0,5.0,1.0,3.0,4.0,,,,2.5714285714285716,1.1428571428571428,5.142857142857143,1.2857142857142858,0.0,2.4857142857142858,7.0,2.0,7.0,0.0,1.0,4.0,,,,True,True,UNKNOWN,False,False
2021005487,2022-04-07 18:00:00,東京ヤクルトスワローズ,中日ドラゴンズ,3.0,11.0,UNKNOWN,明治神宮野球場,unknown,low,False,False,2000042,12113,[],[],,,,,0,light,2022-04-07T09:00:00+00:00,,UNKNOWN,,,,UNKNOWN,UNKNOWN,,UNKNOWN,,4.5,1.1666666666666667,7.5,1.5,1.5,4.2,6.0,3.0,6.0,1.0,1.0,5.0,,,,7.2,1.8,1.8,3.6,1.8,6.6,5.0,4.0,7.0,1.0,2.0,1.0,,,,True,True,UNKNOWN,False,False
2021005490,2022-04-07 18:00:00,福岡ソフトバンクホークス,オリックス・バファローズ,7.0,3.0,UNKNOWN,福岡PayPayドーム,excluded,high,False,False,1400195,2100005,[],[],,,,,0,light,2022-04-07T09:00:00+00:00,,UNKNOWN,,,,UNKNOWN,UNKNOWN,,UNKNOWN,,5.0625,1.3125,5.0625,1.6875,1.6875,5.075,5.333333333333333,3.0,6.0,1.0,1.0,3.0,,,,4.05,0.8999999999999999,5.3999999999999995,1.3499999999999999,1.3499999999999999,4.4,6.666666666666667,3.0,5.0,1.0,1.0,4.0,,,,True,True,UNKNOWN,False,False
2021005491,2022-04-08 18:00:00,読売ジャイアンツ,東京ヤクルトスワローズ,2.0,7.0,UNKNOWN,東京ドーム,unknown,low,False,False,1500040,1200041,[],[],,,,,0,light,2022-04-08T09:00:00+00:00,,UNKNOWN,,,,UNKNOWN,UNKNOWN,,UNKNOWN,,2.8421052631578947,1.2631578947368423,1.4210526315789473,2.8421052631578947,1.4210526315789473,5.88421052631579,6.333333333333333,2.0,6.0,1.0,2.0,1.0,,,,9.0,1.75,4.5,2.25,0.0,2.95,4.0,4.0,6.0,0.0,1.0,2.0,,,,True,True,UNKNOWN,False,False
2021005493,2022-04-08 18:00:00,阪神タイガース,広島東洋カープ,3.0,3.0,UNKNOWN,阪神甲子園球場,unknown,low,False,False,1300057,1200062,[],[],,,,,0,light,2022-04-08T09:00:00+00:00,,UNKNOWN,,,,UNKNOWN,UNKNOWN,,UNKNOWN,,4.5,1.5,7.5,1.5,1.5,4.2,6.0,3.0,8.0,1.0,1.0,5.0,,,,6.75,2.25,4.5,9.0,0.0,5.2,4.0,3.0,5.0,0.0,4.0,2.0,,,,True,True,UNKNOWN,False,False
2021005494,2022-04-08 18:00:00,北海道日本ハムファイターズ,東北楽天ゴールデンイーグルス,0.0,3.0,UNKNOWN,札幌ドーム,unknown,low,False,False,2000121,2000079,[],[],,,,,0,light,2022-04-08T09:00:00+00:00,,UNKNOWN,,,,UNKNOWN,UNKNOWN,,UNKNOWN,,0.0,0.42857142857142855,5.142857142857143,1.2857142857142858,0.0,2.4857142857142858,7.0,0.0,2.0,0.0,1.0,4.0,,,,4.5,1.5,7.5,7.5,0.0,4.033333333333333,6.0,3.0,4.0,0.0,5.0,5.0,,,,True,True,UNKNOWN,False,False
2021005495,2022-04-08 18:00:00,埼玉西武ライオンズ,福岡ソフトバンクホークス,1.0,8.0,UNKNOWN,ベルーナドーム,unknown,low,False,False,1000174,1400182,[],[],,,,,0,light,2022-04-08T09:00:00+00:00,,UNKNOWN,,,,UNKNOWN,UNKNOWN,,UNKNOWN,,1.2857142857142858,0.8571428571428571,9.0,3.857142857142857,0.0,2.4857142857142858,7.0,1.0,3.0,0.0,3.0,7.0,,,,6.0,1.6666666666666667,6.0,0.0,0.0,1.866666666666667,6.0,4.0,10.0,0.0,0.0,4.0,,,,True,True,UNKNOWN,False,False
2021005496,2022-04-08 18:00:00,千葉ロッテマリーンズ,オリックス・バファローズ,5.0,0.0,UNKNOWN,ZOZOマリンスタジアム,unknown,low,False,False,1600150,1300050,[],[],,,,,0,light,2022-04-08T09:00:00+00:00,,UNKNOWN,,,,UNKNOWN,UNKNOWN,,UNKNOWN,,2.5714285714285716,0.7142857142857143,3.857142857142857,1.2857142857142858,1.2857142857142858,4.628571428571429,7.0,2.0,4.0,1.0,1.0,3.0,,,,0.0,0.625,3.375,1.125,0.0,2.825,8.0,0.0,4.0,0.0,1.0,3.0,,,,True,True,UNKNOWN,False,False
2021005497,2022-04-09 14:00:00,読売ジャイアンツ,東京ヤクルトスワローズ,3.0,2.0,UNKNOWN,東京ドーム,excluded,high,False,False,1200076,1460009,[],[],,,,,0,light,2022-04-09T05:00:00+00:00,,UNKNOWN,,,,UNKNOWN,UNKNOWN,,UNKNOWN,,3.0,1.1666666666666667,4.5,1.5,1.5,4.866666666666667,6.0,2.0,6.0,1.0,1.0,3.0,,,,1.3499999999999999,1.2,6.75,4.05,1.3499999999999999,5.0,6.666666666666667,1.0,5.0,1.0,3.0,5.0,,,,True,True,UNKNOWN,False,False
2021005499,2022-04-09 14:00:00,阪神タイガース,広島東洋カープ,1.0,9.0,UNKNOWN,阪神甲子園球場,unknown,low,False,False,1900052,900425,[],[],,,,,0,light,2022-04-09T05:00:00+00:00,,UNKNOWN,,,,UNKNOWN,UNKNOWN,,UNKNOWN,,1.0,1.0,8.0,2.0,1.0,3.5333333333333337,9.0,1.0,7.0,1.0,2.0,8.0,,,,18.0,3.0,3.0,6.0,0.0,4.533333333333333,3.0,6.0,7.0,0.0,2.0,1.0,,,,True,True,UNKNOWN,False,False
2021005502,2022-04-09 14:00:00,千葉ロッテマリーンズ,オリックス・バファローズ,2.0,4.0,UNKNOWN,ZOZOマリンスタジアム,unknown,low,False,False,1600153,1800052,[],[],,,,,0,light,2022-04-09T05:00:00+00:00,,UNKNOWN,,,,UNKNOWN,UNKNOWN,,UNKNOWN,,2.5714285714285716,2.0,11.571428571428571,6.428571428571429,1.2857142857142858,4.628571428571429,7.0,2.0,9.0,1.0,5.0,9.0,,,,2.5714285714285716,0.8571428571428571,3.857142857142857,2.5714285714285716,1.2857142857142858,5.057142857142857,7.0,2.0,4.0,1.0,2.0,3.0,,,,True,True,UNKNOWN,False,False
2021005501,2022-04-09 18:00:00,埼玉西武ライオンズ,福岡ソフトバンクホークス,0.0,0.0,UNKNOWN,ベルーナドーム,unknown,low,False,False,1200106,1751148,[],[],,,,,0,light,2022-04-09T09:00:00+00:00,,UNKNOWN,,,,UNKNOWN,UNKNOWN,,UNKNOWN,,0.0,0.44999999999999996,6.75,1.3499999999999999,0.0,2.1500000000000004,6.666666666666667,0.0,2.0,0.0,1.0,5.0,,,,0.0,0.75,8.1,1.3499999999999999,0.0,1.8500000000000003,6.666666666666667,0.0,4.0,0.0,1.0,6.0,,,,True,True,UNKNOWN,False,False
2021005500,2022-04-09 14:00:00,北海道日本ハムファイターズ,東北楽天ゴールデンイーグルス,5.0,8.0,UNKNOWN,札幌ドーム,unknown,low,False,False,500014,1900070,[],[],,,,,0,light,2022-04-09T05:00:00+00:00,,UNKNOWN,,,,UNKNOWN,UNKNOWN,,UNKNOWN,,5.4,1.6,3.6,0.0,1.8,5.0,5.0,3.0,8.0,1.0,0.0,2.0,,,,15.0,2.6666666666666665,6.0,3.0,3.0,7.2,3.0,5.0,7.0,1.0,1.0,2.0,,,,True,True,UNKNOWN,False,False
2021005507,2022-04-10 13:00:00,埼玉西武ライオンズ,福岡ソフトバンクホークス,6.0,0.0,UNKNOWN,ベルーナドーム,excluded,high,False,False,1900106,1961288,[],[],,,,,0,light,2022-04-10T04:00:00+00:00,,UNKNOWN,,,,UNKNOWN,UNKNOWN,,UNKNOWN,,7.7142857142857135,1.7142857142857142,5.785714285714286,1.9285714285714284,1.9285714285714284,5.342857142857143,4.666666666666667,4.0,7.0,1.0,1.0,3.0,,,,0.0,1.0,1.8,7.2,0.0,5.2,5.0,0.0,1.0,0.0,4.0,1.0,,,,True,True,UNKNOWN,False,False
2021005503,2022-04-10 14:00:00,読売ジャイアンツ,東京ヤクルトスワローズ,1.0,2.0,UNKNOWN,東京ドーム,unknown,low,False,False,1500042,2103689,[],[],,,,,0,light,2022-04-10T05:00:00+00:00,,UNKNOWN,,,,UNKNOWN,UNKNOWN,,UNKNOWN,,1.0,0.5555555555555556,7.0,1.0,1.0,3.4222222222222225,9.0,1.0,4.0,1.0,1.0,7.0,,,,1.2857142857142858,1.1428571428571428,5.142857142857143,3.857142857142857,1.2857142857142858,5.2,7.0,1.0,5.0,1.0,3.0,4.0,,,,True,True,UNKNOWN,False,False
2021005505,2022-04-10 14:00:00,阪神タイガース,広島東洋カープ,0.0,1.0,UNKNOWN,阪神甲子園球場,unknown,low,False,False,1700072,1900147,[],[],,,,,0,light,2022-04-10T05:00:00+00:00,,UNKNOWN,,,,UNKNOWN,UNKNOWN,,UNKNOWN,,0.0,0.6521739130434783,7.0434782608695645,0.0,0.0,1.6347826086956525,7.666666666666667,0.0,5.0,0.0,0.0,6.0,,,,1.2857142857142858,0.42857142857142855,3.857142857142857,0.0,1.2857142857142858,4.2,7.0,1.0,3.0,1.0,0.0,3.0,,,,True,True,UNKNOWN,False,False
2021005506,2022-04-10 14:00:00,北海道日本ハムファイターズ,東北楽天ゴールデンイーグルス,3.0,2.0,UNKNOWN,札幌ドーム,unknown,low,False,False,1900117,1100099,[],[],,,,,0,light,2022-04-10T05:00:00+00:00,,UNKNOWN,,,,UNKNOWN,UNKNOWN,,UNKNOWN,,3.0,1.3333333333333333,7.5,3.0,0.0,2.5333333333333337,6.0,2.0,6.0,0.0,2.0,5.0,,,,0.0,1.0,10.8,5.4,0.0,2.6,5.0,0.0,2.0,0.0,3.0,6.0,,,,True,True,UNKNOWN,False,False
2021005508,2022-04-10 14:00:00,千葉ロッテマリーンズ,オリックス・バファローズ,6.0,0.0,UNKNOWN,ZOZOマリンスタジアム,unknown,low,False,False,1900087,1900080,[],[],,,,,0,light,2022-04-10T05:00:00+00:00,,UNKNOWN,,,,UNKNOWN,UNKNOWN,,UNKNOWN,,9.529411764705882,1.588235294117647,9.529411764705882,1.588235294117647,0.0,1.6117647058823532,5.666666666666667,6.0,8.0,0.0,1.0,6.0,,,,0.0,0.0,19.0,0.0,0.0,-1.0222222222222221,9.0,0.0,0.0,0.0,0.0,19.0,,,,True,True,UNKNOWN,False,False
2021005509,2022-04-12 18:00:00,読売ジャイアンツ,横浜DeNAベイスターズ,10.0,4.0,UNKNOWN,沖縄セルラースタジアム那覇,excluded,high,False,False,2000145,1800028,[],[],,,,,0,light,2022-04-12T09:00:00+00:00,,UNKNOWN,,,,UNKNOWN,UNKNOWN,,UNKNOWN,,12.0,2.6666666666666665,3.0,0.0,3.0,6.866666666666667,3.0,4.0,8.0,1.0,0.0,1.0,,,,3.857142857142857,1.4285714285714286,12.857142857142858,1.2857142857142858,1.2857142857142858,2.628571428571429,7.0,3.0,9.0,1.0,1.0,10.0,,,,True,True,UNKNOWN,False,False
2021005510,2022-04-12 18:00:00,東京ヤクルトスワローズ,広島東洋カープ,3.0,1.0,UNKNOWN,坊っちゃんスタジアム,unknown,low,False,False,1300058,2000139,[],[],,,,,0,light,2022-04-12T09:00:00+00:00,,UNKNOWN,,,,UNKNOWN,UNKNOWN,,UNKNOWN,,1.2857142857142858,0.7142857142857143,7.714285714285714,3.857142857142857,0.0,2.771428571428572,7.0,1.0,2.0,0.0,3.0,6.0,,,,1.5,0.6666666666666666,9.0,0.0,0.0,1.2000000000000002,6.0,1.0,4.0,0.0,0.0,6.0,,,,True,True,UNKNOWN,False,False
2021005511,2022-04-12 18:00:00,中日ドラゴンズ,阪神タイガース,2.0,1.0,UNKNOWN,バンテリンドーム ナゴヤ,unknown,low,False,False,900062,1000138,[],[],,,,,0,light,2022-04-12T09:00:00+00:00,,UNKNOWN,,,,UNKNOWN,UNKNOWN,,UNKNOWN,,0.0,1.1428571428571428,5.142857142857143,1.2857142857142858,0.0,2.4857142857142858,7.0,0.0,7.0,0.0,1.0,4.0,,,,1.2857142857142858,0.8571428571428571,6.428571428571429,1.2857142857142858,1.2857142857142858,4.057142857142857,7.0,1.0,5.0,1.0,1.0,5.0,,,,True,True,UNKNOWN,False,False
2021005513,2022-04-12 18:00:00,埼玉西武ライオンズ,北海道日本ハムファイターズ,0.0,3.0,UNKNOWN,ベルーナドーム,unknown,low,False,False,1500110,2103714,[],[],,,,,0,light,2022-04-12T09:00:00+00:00,,UNKNOWN,,,,UNKNOWN,UNKNOWN,,UNKNOWN,,0.0,0.6,5.3999999999999995,0.0,0.0,2.0,6.666666666666667,0.0,4.0,0.0,0.0,4.0,,,,1.8,1.2,5.4,1.8,0.0,2.6,5.0,1.0,5.0,0.0,1.0,3.0,,,,True,True,UNKNOWN,False,False
2021005514,2022-04-12 18:00:00,福岡ソフトバンクホークス,千葉ロッテマリーンズ,0.0,3.0,UNKNOWN,長崎ビッグNスタジアム,excluded,high,False,False,1800130,2000112,[],[],,,,,0,light,2022-04-12T09:00:00+00:00,,UNKNOWN,,,,UNKNOWN,UNKNOWN,,UNKNOWN,,0.0,0.5714285714285714,0.0,1.2857142857142858,0.0,3.6285714285714286,7.0,0.0,3.0,0.0,1.0,0.0,,,,0.0,0.5294117647058824,3.176470588235294,1.588235294117647,0.0,3.0235294117647062,5.666666666666667,0.0,2.0,0.0,1.0,2.0,,,,True,True,UNKNOWN,False,False
2021005515,2022-04-13 18:00:00,読売ジャイアンツ,横浜DeNAベイスターズ,4.0,3.0,UNKNOWN,沖縄セルラースタジアム那覇,unknown,low,False,False,1700058,1700002,[],[],,,,,0,light,2022-04-13T09:00:00+00:00,,UNKNOWN,,,,UNKNOWN,UNKNOWN,,UNKNOWN,,7.2,1.8,9.0,0.0,1.8,3.8000000000000003,5.0,4.0,9.0,1.0,0.0,5.0,,,,5.4,1.6,9.0,3.6,0.0,2.4000000000000004,5.0,3.0,6.0,0.0,2.0,5.0,,,,True,True,UNKNOWN,False,False
2021005517,2022-04-13 18:00:00,中日ドラゴンズ,阪神タイガース,1.0,0.0,UNKNOWN,バンテリンドーム ナゴヤ,unknown,low,False,False,1900049,1800061,[],[],,,,,0,light,2022-04-13T09:00:00+00:00,,UNKNOWN,,,,UNKNOWN,UNKNOWN,,UNKNOWN,,0.0,0.6428571428571428,7.7142857142857135,1.9285714285714284,0.0,2.128571428571429,4.666666666666667,0.0,2.0,0.0,1.0,4.0,,,,0.0,0.42857142857142855,10.285714285714286,1.2857142857142858,0.0,1.342857142857143,7.0,0.0,2.0,0.0,1.0,8.0,,,,True,True,UNKNOWN,False,False
2021005516,2022-04-13 18:00:00,東京ヤクルトスワローズ,広島東洋カープ,1.0,5.0,UNKNOWN,坊っちゃんスタジアム,unknown,low,False,False,1600123,1300045,[],[],,,,,0,light,2022-04-13T09:00:00+00:00,,UNKNOWN,,,,UNKNOWN,UNKNOWN,,UNKNOWN,,1.5,1.3333333333333333,4.5,1.5,1.5,4.866666666666667,6.0,1.0,7.0,1.0,1.0,3.0,,,,3.6,1.4,7.2,1.8,0.0,2.2,5.0,2.0,6.0,0.0,1.0,4.0,,,,True,True,UNKNOWN,False,False
2021005519,2022-04-13 18:00:00,埼玉西武ライオンズ,北海道日本ハムファイターズ,4.0,3.0,UNKNOWN,ベルーナドーム,unknown,low,False,False,1900071,1800080,[],[],,,,,0,light,2022-04-13T09:00:00+00:00,,UNKNOWN,,,,UNKNOWN,UNKNOWN,,UNKNOWN,,12.0,2.3333333333333335,0.0,0.0,0.0,3.2,3.0,4.0,7.0,0.0,0.0,0.0,,,,3.857142857142857,1.0,5.142857142857143,2.5714285714285716,1.2857142857142858,4.771428571428571,7.0,3.0,5.0,1.0,2.0,4.0,,,,True,True,UNKNOWN,False,False
2021005520,2022-04-14 18:00:00,中日ドラゴンズ,阪神タイガース,4.0,1.0,UNKNOWN,バンテリンドーム ナゴヤ,unknown,low,False,False,2103707,1600106,[],[],,,,,0,light,2022-04-14T09:00:00+00:00,,UNKNOWN,,,,UNKNOWN,UNKNOWN,,UNKNOWN,,9.0,2.5,4.5,4.5,0.0,3.7,2.0,2.0,4.0,0.0,1.0,1.0,,,,1.0,0.7777777777777778,6.0,0.0,0.0,1.866666666666667,9.0,1.0,7.0,0.0,0.0,6.0,,,,True,True,UNKNOWN,False,False
2021005522,2022-04-14 18:00:00,福岡ソフトバンクホークス,千葉ロッテマリーンズ,4.0,0.0,UNKNOWN,福岡PayPayドーム,unknown,low,False,False,1300055,1000174,[],[],,,,,0,light,2022-04-14T09:00:00+00:00,,UNKNOWN,,,,UNKNOWN,UNKNOWN,,UNKNOWN,,1.5,1.1666666666666667,9.0,4.5,0.0,2.7,6.0,1.0,4.0,0.0,3.0,6.0,,,,0.0,0.7142857142857143,9.0,2.5714285714285716,0.0,2.0571428571428574,7.0,0.0,3.0,0.0,2.0,7.0,,,,True,True,UNKNOWN,False,False
2021005523,2022-04-15 18:00:00,横浜DeNAベイスターズ,東京ヤクルトスワローズ,2.0,3.0,UNKNOWN,横浜スタジアム,unknown,low,False,False,1700088,1900031,[],[],,,,,0,light,2022-04-15T09:00:00+00:00,,UNKNOWN,,,,UNKNOWN,UNKNOWN,,UNKNOWN,,3.0,1.0,3.0,0.0,1.5,4.7,6.0,2.0,6.0,1.0,0.0,2.0,,,,5.4,1.4,5.4,3.6,1.8,5.800000000000001,5.0,3.0,5.0,1.0,2.0,3.0,,,,True,True,UNKNOWN,False,False
2021005524,2022-04-15 18:00:00,阪神タイガース,読売ジャイアンツ,4.0,1.0,UNKNOWN,阪神甲子園球場,unknown,low,False,False,1200041,1500090,[],[],,,,,0,light,2022-04-15T09:00:00+00:00,,UNKNOWN,,,,UNKNOWN,UNKNOWN,,UNKNOWN,,2.8421052631578947,1.105263157894737,8.526315789473685,1.4210526315789473,1.4210526315789473,3.8315789473684214,6.333333333333333,2.0,6.0,1.0,1.0,6.0,,,,1.125,0.875,6.75,0.0,0.0,1.7000000000000002,8.0,1.0,7.0,0.0,0.0,6.0,,,,True,True,UNKNOWN,False,False
2021005526,2022-04-15 18:00:00,オリックス・バファローズ,埼玉西武ライオンズ,1.0,6.0,UNKNOWN,京セラドーム大阪,unknown,low,False,False,1400182,1400195,[],[],,,,,0,light,2022-04-15T09:00:00+00:00,,UNKNOWN,,,,UNKNOWN,UNKNOWN,,UNKNOWN,,1.5,1.1666666666666667,7.5,3.0,0.0,2.5333333333333337,6.0,1.0,5.0,0.0,2.0,5.0,,,,4.909090909090909,1.090909090909091,6.136363636363637,2.4545454545454546,0.0,2.6545454545454548,7.333333333333333,4.0,6.0,0.0,2.0,5.0,,,,True,True,UNKNOWN,False,False
2021005527,2022-04-16 14:00:00,横浜DeNAベイスターズ,東京ヤクルトスワローズ,6.0,0.0,UNKNOWN,横浜スタジアム,unknown,low,False,False,1500040,1800043,[],[],,,,,0,light,2022-04-16T05:00:00+00:00,,UNKNOWN,,,,UNKNOWN,UNKNOWN,,UNKNOWN,,12.0,3.0,6.0,0.0,6.0,10.533333333333333,3.0,4.0,9.0,2.0,0.0,2.0,,,,0.0,0.5555555555555556,4.0,0.0,0.0,2.3111111111111113,9.0,0.0,5.0,0.0,0.0,4.0,,,,True,True,UNKNOWN,False,False
2021005532,2022-04-16 13:00:00,福岡ソフトバンクホークス,東北楽天ゴールデンイーグルス,5.0,6.0,UNKNOWN,北九州市民球場,unknown,low,False,False,500014,2100005,[],[],,,,,0,light,2022-04-16T04:00:00+00:00,,UNKNOWN,,,,UNKNOWN,UNKNOWN,,UNKNOWN,,7.2,1.6,1.8,1.8,0.0,3.4000000000000004,5.0,4.0,7.0,0.0,1.0,1.0,,,,5.4,1.4,10.8,5.4,1.8,5.2,5.0,3.0,4.0,1.0,3.0,6.0,,,,True,True,UNKNOWN,False,False
2021005528,2022-04-16 14:00:00,阪神タイガース,読売ジャイアンツ,2.0,1.0,UNKNOWN,阪神甲子園球場,excluded,high,False,False,1460009,1561881,[],[],,,,,0,light,2022-04-16T05:00:00+00:00,,UNKNOWN,,,,UNKNOWN,UNKNOWN,,UNKNOWN,,1.5,1.3333333333333333,4.5,4.5,0.0,3.7,6.0,1.0,5.0,0.0,3.0,3.0,,,,1.5,1.0,7.5,4.5,0.0,3.0333333333333337,6.0,1.0,3.0,0.0,3.0,5.0,,,,True,True,UNKNOWN,False,False
2021005530,2022-04-16 14:00:00,千葉ロッテマリーンズ,北海道日本ハムファイターズ,4.0,11.0,UNKNOWN,ZOZOマリンスタジアム,unknown,low,False,False,2000079,1300050,[],[],,,,,0,light,2022-04-16T05:00:00+00:00,,UNKNOWN,,,,UNKNOWN,UNKNOWN,,UNKNOWN,,3.6,1.2,5.4,1.8,0.0,2.6,5.0,2.0,5.0,0.0,1.0,3.0,,,,6.230769230769231,2.5384615384615388,4.153846153846154,0.0,0.0,2.276923076923077,4.333333333333333,3.0,11.0,0.0,0.0,2.0,,,,True,True,UNKNOWN,False,False
2021005529,2022-04-16 14:00:00,広島東洋カープ,中日ドラゴンズ,3.0,2.0,UNKNOWN,MAZDA Zoom-Zoom スタジアム広島,excluded,high,False,False,1900039,1300057,[],[],,,,,0,light,2022-04-16T05:00:00+00:00,,UNKNOWN,,,,UNKNOWN,UNKNOWN,,UNKNOWN,,11.571428571428571,3.0,7.7142857142857135,7.7142857142857135,0.0,4.057142857142857,2.3333333333333335,3.0,5.0,0.0,2.0,2.0,,,,3.0,1.1666666666666667,7.5,4.5,0.0,3.0333333333333337,6.0,2.0,4.0,0.0,3.0,5.0,,,,True,True,UNKNOWN,False,False
2021005531,2022-04-16 14:00:00,オリックス・バファローズ,埼玉西武ライオンズ,3.0,0.0,UNKNOWN,京セラドーム大阪,unknown,low,False,False,1751148,1600150,[],[],,,,,0,light,2022-04-16T05:00:00+00:00,,UNKNOWN,,,,UNKNOWN,UNKNOWN,,UNKNOWN,,4.5,1.0,7.5,3.0,0.0,2.5333333333333337,6.0,3.0,4.0,0.0,2.0,5.0,,,,0.0,1.3333333333333333,7.5,3.0,0.0,2.5333333333333337,6.0,0.0,6.0,0.0,2.0,5.0,,,,True,True,UNKNOWN,False,False
2021005537,2022-04-17 13:00:00,オリックス・バファローズ,埼玉西武ライオンズ,4.0,3.0,UNKNOWN,京セラドーム大阪,unknown,low,False,False,1961288,1600155,[],[],,,,,0,light,2022-04-17T04:00:00+00:00,,UNKNOWN,,,,UNKNOWN,UNKNOWN,,UNKNOWN,,5.785714285714286,1.5,7.7142857142857135,5.785714285714286,1.9285714285714284,6.2,4.666666666666667,3.0,4.0,1.0,3.0,4.0,,,,4.153846153846154,1.153846153846154,6.230769230769231,2.076923076923077,2.076923076923077,5.507692307692308,4.333333333333333,2.0,4.0,1.0,1.0,3.0,,,,True,True,UNKNOWN,False,False
2021005534,2022-04-17 14:00:00,阪神タイガース,読売ジャイアンツ,1.0,3.0,UNKNOWN,阪神甲子園球場,unknown,low,False,False,2103689,1900147,[],[],,,,,0,light,2022-04-17T05:00:00+00:00,,UNKNOWN,,,,UNKNOWN,UNKNOWN,,UNKNOWN,,1.3499999999999999,0.8999999999999999,6.75,2.6999999999999997,1.3499999999999999,4.55,6.666666666666667,1.0,4.0,1.0,2.0,5.0,,,,5.4,1.4,5.4,5.4,1.8,6.4,5.0,3.0,4.0,1.0,3.0,3.0,,,,True,True,UNKNOWN,False,False
2021005533,2022-04-17 14:00:00,横浜DeNAベイスターズ,東京ヤクルトスワローズ,4.0,5.0,UNKNOWN,横浜スタジアム,regular,high,True,True,1500042,1800045,[],[],,,,,0,light,2022-04-17T05:00:00+00:00,,UNKNOWN,,,,UNKNOWN,UNKNOWN,,UNKNOWN,,9.0,2.0,6.75,4.5,2.25,6.45,4.0,4.0,6.0,1.0,2.0,3.0,,,,3.0,1.0,9.0,0.0,0.0,1.2000000000000002,6.0,2.0,6.0,0.0,0.0,6.0,,,,True,True,UNKNOWN,False,False
2021005535,2022-04-17 13:30:00,広島東洋カープ,中日ドラゴンズ,4.0,10.0,UNKNOWN,MAZDA Zoom-Zoom スタジアム広島,unknown,low,False,False,1200055,1900052,[],[],,,,,0,light,2022-04-17T04:30:00+00:00,,UNKNOWN,,,,UNKNOWN,UNKNOWN,,UNKNOWN,,5.4,1.8,1.8,1.8,0.0,3.4000000000000004,5.0,3.0,8.0,0.0,1.0,1.0,,,,36.0,6.0,0.0,9.0,4.5,12.7,2.0,8.0,10.0,1.0,2.0,0.0,,,,True,True,UNKNOWN,False,False
2021005536,2022-04-17 14:00:00,千葉ロッテマリーンズ,北海道日本ハムファイターズ,0.0,1.0,UNKNOWN,ZOZOマリンスタジアム,unknown,low,False,False,1100099,1900080,[],[],,,,,0,light,2022-04-17T05:00:00+00:00,,UNKNOWN,,,,UNKNOWN,UNKNOWN,,UNKNOWN,,0.0,0.7142857142857143,10.285714285714286,1.2857142857142858,0.0,1.342857142857143,7.0,0.0,4.0,0.0,1.0,8.0,,,,0.0,0.0,15.75,0.0,0.0,-0.2999999999999998,8.0,0.0,0.0,0.0,0.0,14.0,,,,True,True,UNKNOWN,False,False
2021005538,2022-04-17 14:00:00,福岡ソフトバンクホークス,東北楽天ゴールデンイーグルス,4.0,14.0,UNKNOWN,平和リース球場,unknown,low,False,False,1900117,1200106,[],[],,,,,0,light,2022-04-17T05:00:00+00:00,,UNKNOWN,,,,UNKNOWN,UNKNOWN,,UNKNOWN,,2.5714285714285716,1.8571428571428572,3.857142857142857,6.428571428571429,0.0,4.485714285714286,7.0,2.0,8.0,0.0,5.0,3.0,,,,14.727272727272728,2.4545454545454546,0.0,9.818181818181818,2.4545454545454546,10.01818181818182,3.6666666666666665,6.0,5.0,1.0,4.0,0.0,,,,True,True,UNKNOWN,False,False
2021005539,2022-04-19 18:00:00,読売ジャイアンツ,広島東洋カープ,3.0,1.0,UNKNOWN,東京ドーム,unknown,low,False,False,1300058,1800028,[],[],,,,,0,light,2022-04-19T09:00:00+00:00,,UNKNOWN,,,,UNKNOWN,UNKNOWN,,UNKNOWN,,3.6,2.0,3.6,5.4,1.8,6.800000000000001,5.0,2.0,7.0,1.0,3.0,2.0,,,,1.125,1.25,5.625,3.375,0.0,3.075,8.0,1.0,7.0,0.0,3.0,5.0,,,,True,True,UNKNOWN,False,False
2021005540,2022-04-19 18:00:00,横浜DeNAベイスターズ,阪神タイガース,5.0,4.0,UNKNOWN,横浜スタジアム,unknown,low,False,False,900062,2000145,[],[],,,,,0,light,2022-04-19T09:00:00+00:00,,UNKNOWN,,,,UNKNOWN,UNKNOWN,,UNKNOWN,,10.384615384615385,2.076923076923077,0.0,2.076923076923077,0.0,3.8923076923076927,4.333333333333333,5.0,8.0,0.0,1.0,0.0,,,,18.0,2.5,4.5,4.5,4.5,10.2,2.0,4.0,4.0,1.0,1.0,1.0,,,,True,True,UNKNOWN,False,False
2021005541,2022-04-19 18:00:00,中日ドラゴンズ,東京ヤクルトスワローズ,4.0,12.0,UNKNOWN,バンテリンドーム ナゴヤ,unknown,low,False,False,2000139,1000138,[],[],,,,,0,light,2022-04-19T09:00:00+00:00,,UNKNOWN,,,,UNKNOWN,UNKNOWN,,UNKNOWN,,5.684210526315789,1.105263157894737,7.105263157894737,2.8421052631578947,1.4210526315789473,4.621052631578948,6.333333333333333,4.0,5.0,1.0,2.0,5.0,,,,11.25,2.5,4.5,4.5,0.0,3.7,4.0,5.0,8.0,0.0,2.0,2.0,,,,True,True,UNKNOWN,False,False
2021005542,2022-04-19 18:00:00,東北楽天ゴールデンイーグルス,北海道日本ハムファイターズ,0.0,2.0,UNKNOWN,楽天生命パーク宮城,unknown,low,False,False,1500110,700069,[],[],,,,,0,light,2022-04-19T09:00:00+00:00,,UNKNOWN,,,,UNKNOWN,UNKNOWN,,UNKNOWN,,0.0,0.4444444444444444,6.0,1.0,0.0,2.2,9.0,0.0,3.0,0.0,1.0,6.0,,,,2.25,0.875,7.875,1.125,1.125,3.45,8.0,2.0,6.0,1.0,1.0,7.0,,,,True,True,UNKNOWN,False,False
2021005544,2022-04-19 18:00:00,オリックス・バファローズ,福岡ソフトバンクホークス,0.0,3.0,UNKNOWN,京セラドーム大阪,unknown,low,False,False,1300080,1600153,[],[],,,,,0,light,2022-04-19T09:00:00+00:00,,UNKNOWN,,,,UNKNOWN,UNKNOWN,,UNKNOWN,,0.0,0.8571428571428571,12.857142857142858,5.142857142857143,0.0,2.0571428571428574,7.0,0.0,2.0,0.0,4.0,10.0,,,,1.125,0.75,7.875,0.0,0.0,1.4500000000000002,8.0,1.0,6.0,0.0,0.0,7.0,,,,True,True,UNKNOWN,False,False
2021005543,2022-04-19 18:00:00,埼玉西武ライオンズ,千葉ロッテマリーンズ,4.0,0.0,UNKNOWN,ベルーナドーム,unknown,low,False,False,1800052,1860059,[],[],,,,,0,light,2022-04-19T09:00:00+00:00,,UNKNOWN,,,,UNKNOWN,UNKNOWN,,UNKNOWN,,6.0,1.1666666666666667,4.5,1.5,1.5,4.866666666666667,6.0,4.0,6.0,1.0,1.0,3.0,,,,0.0,0.14285714285714285,6.428571428571429,1.2857142857142858,0.0,2.2,7.0,0.0,0.0,0.0,1.0,5.0,,,,True,True,UNKNOWN,False,False
2021005545,2022-04-20 18:00:00,読売ジャイアンツ,広島東洋カープ,5.0,3.0,UNKNOWN,東京ドーム,unknown,low,False,False,1600123,1700002,[],[],,,,,0,light,2022-04-20T09:00:00+00:00,,UNKNOWN,,,,UNKNOWN,UNKNOWN,,UNKNOWN,,3.681818181818182,0.9545454545454546,4.909090909090909,1.2272727272727273,0.0,2.5181818181818185,7.333333333333333,3.0,6.0,0.0,1.0,4.0,,,,4.764705882352941,1.2352941176470587,4.764705882352941,1.588235294117647,1.588235294117647,4.964705882352941,5.666666666666667,3.0,6.0,1.0,1.0,3.0,,,,True,True,UNKNOWN,False,False
2021005548,2022-04-20 18:00:00,東北楽天ゴールデンイーグルス,北海道日本ハムファイターズ,4.0,2.0,UNKNOWN,楽天生命パーク宮城,excluded,high,False,False,1961850,700065,[],[],,,,,0,light,2022-04-20T09:00:00+00:00,,UNKNOWN,,,,UNKNOWN,UNKNOWN,,UNKNOWN,,7.2,2.0,7.2,3.6,1.8,5.4,5.0,4.0,8.0,1.0,2.0,4.0,,,,0.0,0.5714285714285714,7.714285714285714,1.2857142857142858,0.0,1.9142857142857144,7.0,0.0,3.0,0.0,1.0,6.0,,,,True,True,UNKNOWN,False,False
2021005546,2022-04-20 18:00:00,横浜DeNAベイスターズ,阪神タイガース,1.0,0.0,UNKNOWN,横浜スタジアム,unknown,low,False,False,1900049,1700058,[],[],,,,,0,light,2022-04-20T09:00:00+00:00,,UNKNOWN,,,,UNKNOWN,UNKNOWN,,UNKNOWN,,0.0,0.5714285714285714,7.714285714285714,2.5714285714285716,0.0,2.342857142857143,7.0,0.0,2.0,0.0,2.0,6.0,,,,0.0,0.7142857142857143,10.285714285714286,0.0,0.0,0.9142857142857146,7.0,0.0,5.0,0.0,0.0,8.0,,,,True,True,UNKNOWN,False,False
2021005549,2022-04-20 18:00:00,埼玉西武ライオンズ,千葉ロッテマリーンズ,3.0,0.0,UNKNOWN,ベルーナドーム,unknown,low,False,False,1000155,1800080,[],[],,,,,0,light,2022-04-20T09:00:00+00:00,,UNKNOWN,,,,UNKNOWN,UNKNOWN,,UNKNOWN,,1.3499999999999999,0.6,8.1,2.6999999999999997,0.0,2.3000000000000003,6.666666666666667,1.0,2.0,0.0,2.0,6.0,,,,0.0,0.75,5.3999999999999995,5.3999999999999995,0.0,3.8000000000000003,6.666666666666667,0.0,1.0,0.0,4.0,4.0,,,,True,True,UNKNOWN,False,False
2021005550,2022-04-20 18:00:00,オリックス・バファローズ,福岡ソフトバンクホークス,3.0,2.0,UNKNOWN,京セラドーム大阪,unknown,low,False,False,20204,1900087,[],[],,,,,0,light,2022-04-20T09:00:00+00:00,,UNKNOWN,,,,UNKNOWN,UNKNOWN,,UNKNOWN,,3.8571428571428568,2.142857142857143,3.8571428571428568,7.7142857142857135,0.0,4.914285714285715,4.666666666666667,2.0,6.0,0.0,4.0,2.0,,,,1.2857142857142858,0.7142857142857143,7.714285714285714,1.2857142857142858,1.2857142857142858,3.7714285714285714,7.0,1.0,4.0,1.0,1.0,6.0,,,,True,True,UNKNOWN,False,False
2021005551,2022-04-21 18:00:00,読売ジャイアンツ,広島東洋カープ,8.0,4.0,UNKNOWN,東京ドーム,unknown,low,False,False,1700072,1900016,[],[],,,,,0,light,2022-04-21T09:00:00+00:00,,UNKNOWN,,,,UNKNOWN,UNKNOWN,,UNKNOWN,,9.0,1.75,6.75,0.0,6.75,11.45,4.0,4.0,7.0,3.0,0.0,3.0,,,,9.0,2.0,9.0,4.5,2.25,5.95,4.0,4.0,6.0,1.0,2.0,4.0,,,,True,True,UNKNOWN,False,False
2021005553,2022-04-21 18:00:00,東北楽天ゴールデンイーグルス,北海道日本ハムファイターズ,8.0,5.0,UNKNOWN,楽天生命パーク宮城,excluded,high,False,False,1900071,2000122,[],[],,,,,0,light,2022-04-21T09:00:00+00:00,,UNKNOWN,,,,UNKNOWN,UNKNOWN,,UNKNOWN,,20.25,2.625,0.0,6.75,3.375,10.325,2.6666666666666665,6.0,5.0,1.0,2.0,0.0,,,,10.799999999999999,1.5,13.5,2.6999999999999997,5.3999999999999995,8.9,3.3333333333333335,4.0,4.0,2.0,1.0,5.0,,,,True,True,UNKNOWN,False,False
2021005552,2022-04-21 18:00:00,横浜DeNAベイスターズ,阪神タイガース,7.0,5.0,UNKNOWN,横浜スタジアム,unknown,low,False,False,1800068,1900031,[],[],,,,,0,light,2022-04-21T09:00:00+00:00,,UNKNOWN,,,,UNKNOWN,UNKNOWN,,UNKNOWN,,9.0,2.6666666666666665,12.0,6.0,3.0,6.866666666666667,3.0,3.0,6.0,1.0,2.0,4.0,,,,11.25,2.0,6.75,4.5,2.25,6.45,4.0,5.0,6.0,1.0,2.0,3.0,,,,True,True,UNKNOWN,False,False
2021005554,2022-04-21 18:00:00,オリックス・バファローズ,福岡ソフトバンクホークス,3.0,2.0,UNKNOWN,京セラドーム大阪,unknown,low,False,False,1000174,1700109,[],[],,,,,0,light,2022-04-21T09:00:00+00:00,,UNKNOWN,,,,UNKNOWN,UNKNOWN,,UNKNOWN,,2.0,0.8888888888888888,8.0,3.0,0.0,2.4222222222222225,9.0,2.0,5.0,0.0,3.0,8.0,,,,3.0,1.6666666666666667,9.0,3.0,1.5,4.366666666666667,6.0,2.0,8.0,1.0,2.0,6.0,,,,True,True,UNKNOWN,False,False
2021005547,2022-04-20 18:00:00,中日ドラゴンズ,東京ヤクルトスワローズ,4.0,1.0,UNKNOWN,バンテリンドーム ナゴヤ,unknown,low,False,False,1200076,2000042,[],[],,,,,0,light,2022-04-20T09:00:00+00:00,,UNKNOWN,,,,UNKNOWN,UNKNOWN,,UNKNOWN,,6.75,2.25,4.5,4.5,0.0,3.7,4.0,3.0,7.0,0.0,2.0,2.0,,,,1.5,0.8333333333333334,12.0,1.5,1.5,3.2,6.0,1.0,4.0,1.0,1.0,8.0,,,,True,True,UNKNOWN,False,False
2021005555,2022-04-22 18:00:00,東京ヤクルトスワローズ,阪神タイガース,0.0,6.0,UNKNOWN,明治神宮野球場,unknown,low,False,False,1500090,1300045,[],[],,,,,0,light,2022-04-22T09:00:00+00:00,,UNKNOWN,,,,UNKNOWN,UNKNOWN,,UNKNOWN,,0.0,0.5555555555555556,7.0,2.0,0.0,2.3111111111111113,9.0,0.0,3.0,0.0,2.0,7.0,,,,3.0,1.5,6.0,4.5,1.5,5.533333333333333,6.0,2.0,6.0,1.0,3.0,4.0,,,,True,True,UNKNOWN,False,False
2021005556,2022-04-22 18:00:00,中日ドラゴンズ,読売ジャイアンツ,2.0,7.0,UNKNOWN,バンテリンドーム ナゴヤ,unknown,low,False,False,1200041,1600106,[],[],,,,,0,light,2022-04-22T09:00:00+00:00,,UNKNOWN,,,,UNKNOWN,UNKNOWN,,UNKNOWN,,1.2857142857142858,1.1428571428571428,3.857142857142857,1.2857142857142858,1.2857142857142858,4.628571428571429,7.0,1.0,7.0,1.0,1.0,3.0,,,,9.529411764705882,2.1176470588235294,7.941176470588235,0.0,0.0,1.435294117647059,5.666666666666667,6.0,12.0,0.0,0.0,5.0,,,,True,True,UNKNOWN,False,False
2021005557,2022-04-22 18:00:00,広島東洋カープ,横浜DeNAベイスターズ,6.0,1.0,UNKNOWN,MAZDA Zoom-Zoom スタジアム広島,unknown,low,False,False,1900125,1300057,[],[],,,,,0,light,2022-04-22T09:00:00+00:00,,UNKNOWN,,,,UNKNOWN,UNKNOWN,,UNKNOWN,,36.0,6.0,18.0,9.0,0.0,2.2,1.0,4.0,5.0,0.0,1.0,2.0,,,,1.0799999999999998,0.96,9.719999999999999,0.0,0.0,1.0400000000000005,8.333333333333334,1.0,8.0,0.0,0.0,9.0,,,,True,True,UNKNOWN,False,False
2021005558,2022-04-22 18:00:00,北海道日本ハムファイターズ,福岡ソフトバンクホークス,12.0,5.0,UNKNOWN,札幌ドーム,unknown,low,False,False,2100005,2000079,[],[],,,,,0,light,2022-04-22T09:00:00+00:00,,UNKNOWN,,,,UNKNOWN,UNKNOWN,,UNKNOWN,,31.5,4.0,4.5,9.0,4.5,11.7,2.0,7.0,6.0,1.0,2.0,1.0,,,,4.5,1.8333333333333333,6.0,1.5,0.0,2.3666666666666667,6.0,3.0,10.0,0.0,1.0,4.0,,,,True,True,UNKNOWN,False,False
2021005560,2022-04-22 18:00:00,オリックス・バファローズ,千葉ロッテマリーンズ,0.0,4.0,UNKNOWN,京セラドーム大阪,unknown,low,False,False,1800130,1400195,[],[],,,,,0,light,2022-04-22T09:00:00+00:00,,UNKNOWN,,,,UNKNOWN,UNKNOWN,,UNKNOWN,,0.0,0.9473684210526316,0.0,1.4210526315789473,0.0,3.673684210526316,6.333333333333333,0.0,5.0,0.0,1.0,0.0,,,,4.695652173913043,1.1739130434782608,7.0434782608695645,0.0,2.3478260869565215,5.026086956521739,7.666666666666667,4.0,9.0,2.0,0.0,6.0,,,,True,True,UNKNOWN,False,False
2021005559,2022-04-22 18:00:00,埼玉西武ライオンズ,東北楽天ゴールデンイーグルス,3.0,0.0,UNKNOWN,ベルーナドーム,unknown,low,False,False,2000121,1400182,[],[],,,,,0,light,2022-04-22T09:00:00+00:00,,UNKNOWN,,,,UNKNOWN,UNKNOWN,,UNKNOWN,,1.2857142857142858,0.7142857142857143,9.0,1.2857142857142858,1.2857142857142858,3.4857142857142858,7.0,1.0,4.0,1.0,1.0,7.0,,,,0.0,0.875,3.375,3.375,0.0,3.575,8.0,0.0,4.0,0.0,3.0,3.0,,,,True,True,UNKNOWN,False,False
2021005562,2022-04-23 14:00:00,中日ドラゴンズ,読売ジャイアンツ,0.0,3.0,UNKNOWN,バンテリンドーム ナゴヤ,unknown,low,False,False,1460009,1200098,[],[],,,,,0,light,2022-04-23T05:00:00+00:00,,UNKNOWN,,,,UNKNOWN,UNKNOWN,,UNKNOWN,,0.0,0.2222222222222222,8.0,0.0,0.0,1.4222222222222225,9.0,0.0,2.0,0.0,0.0,8.0,,,,1.8,0.8,9.0,0.0,0.0,1.2000000000000002,5.0,1.0,4.0,0.0,0.0,5.0,,,,True,True,UNKNOWN,False,False
2021005563,2022-04-23 14:00:00,広島東洋カープ,横浜DeNAベイスターズ,6.0,0.0,UNKNOWN,MAZDA Zoom-Zoom スタジアム広島,unknown,low,False,False,1800043,1900052,[],[],,,,,0,light,2022-04-23T05:00:00+00:00,,UNKNOWN,,,,UNKNOWN,UNKNOWN,,UNKNOWN,,5.0625,1.125,6.75,0.0,1.6875,4.1375,5.333333333333333,3.0,6.0,1.0,0.0,4.0,,,,0.0,1.2857142857142858,3.857142857142857,1.2857142857142858,0.0,2.771428571428572,7.0,0.0,8.0,0.0,1.0,3.0,,,,True,True,UNKNOWN,False,False
2021005564,2022-04-23 14:00:00,北海道日本ハムファイターズ,福岡ソフトバンクホークス,3.0,9.0,UNKNOWN,札幌ドーム,unknown,low,False,False,2000112,1100099,[],[],,,,,0,light,2022-04-23T05:00:00+00:00,,UNKNOWN,,,,UNKNOWN,UNKNOWN,,UNKNOWN,,10.8,4.2,0.0,27.000000000000004,0.0,12.2,1.6666666666666665,2.0,2.0,0.0,5.0,0.0,,,,21.0,3.3333333333333335,9.0,9.0,6.0,12.866666666666667,3.0,7.0,7.0,2.0,3.0,3.0,,,,True,True,UNKNOWN,False,False
2021005566,2022-04-23 14:00:00,オリックス・バファローズ,千葉ロッテマリーンズ,3.0,2.0,UNKNOWN,京セラドーム大阪,unknown,low,False,False,1300050,1600150,[],[],,,,,0,light,2022-04-23T05:00:00+00:00,,UNKNOWN,,,,UNKNOWN,UNKNOWN,,UNKNOWN,,1.2857142857142858,1.1428571428571428,5.142857142857143,1.2857142857142858,0.0,2.4857142857142858,7.0,1.0,7.0,0.0,1.0,4.0,,,,0.0,0.8333333333333334,6.0,1.5,0.0,2.3666666666666667,6.0,0.0,4.0,0.0,1.0,4.0,,,,True,True,UNKNOWN,False,False
2021005565,2022-04-23 14:00:00,埼玉西武ライオンズ,東北楽天ゴールデンイーグルス,3.0,7.0,UNKNOWN,ベルーナドーム,unknown,low,False,False,500014,1751148,[],[],,,,,0,light,2022-04-23T05:00:00+00:00,,UNKNOWN,,,,UNKNOWN,UNKNOWN,,UNKNOWN,,3.0,0.6666666666666666,4.5,0.0,0.0,2.2,6.0,2.0,4.0,0.0,0.0,3.0,,,,10.799999999999999,2.6999999999999997,5.3999999999999995,8.1,0.0,4.7,3.3333333333333335,4.0,6.0,0.0,3.0,2.0,,,,True,True,UNKNOWN,False,False
2021005561,2022-04-23 18:00:00,東京ヤクルトスワローズ,阪神タイガース,1.0,0.0,UNKNOWN,明治神宮野球場,unknown,low,False,False,1561881,12113,[],[],,,,,0,light,2022-04-23T09:00:00+00:00,,UNKNOWN,,,,UNKNOWN,UNKNOWN,,UNKNOWN,,1.4210526315789473,0.4736842105263158,9.947368421052632,0.0,1.4210526315789473,3.042105263157895,6.333333333333333,1.0,3.0,1.0,0.0,7.0,,,,0.0,0.6666666666666666,9.0,1.5,0.0,1.7000000000000002,6.0,0.0,3.0,0.0,1.0,6.0,,,,True,True,UNKNOWN,False,False
2021005569,2022-04-24 13:30:00,広島東洋カープ,横浜DeNAベイスターズ,5.0,4.0,UNKNOWN,MAZDA Zoom-Zoom スタジアム広島,unknown,low,False,False,1800045,1900057,[],[],,,,,0,light,2022-04-24T04:30:00+00:00,,UNKNOWN,,,,UNKNOWN,UNKNOWN,,UNKNOWN,,1.5,1.1666666666666667,12.0,3.0,1.5,3.7,6.0,1.0,5.0,1.0,2.0,8.0,,,,3.6,0.8,5.4,1.8,1.8,5.2,5.0,2.0,3.0,1.0,1.0,3.0,,,,True,True,UNKNOWN,False,False
2021005572,2022-04-24 13:00:00,オリックス・バファローズ,千葉ロッテマリーンズ,3.0,6.0,UNKNOWN,京セラドーム大阪,excluded,high,False,False,1900080,1600155,[],[],,,,,0,light,2022-04-24T04:00:00+00:00,,UNKNOWN,,,,UNKNOWN,UNKNOWN,,UNKNOWN,,3.6,1.8,7.2,5.4,0.0,3.4000000000000004,5.0,2.0,6.0,0.0,3.0,4.0,,,,0.0,1.4,3.6,3.6,0.0,3.6,5.0,0.0,5.0,0.0,2.0,2.0,,,,True,True,UNKNOWN,False,False
2021005568,2022-04-24 14:00:00,中日ドラゴンズ,読売ジャイアンツ,7.0,6.0,UNKNOWN,バンテリンドーム ナゴヤ,unknown,low,False,False,2103689,1200055,[],[],,,,,0,light,2022-04-24T05:00:00+00:00,,UNKNOWN,,,,UNKNOWN,UNKNOWN,,UNKNOWN,,23.142857142857142,4.714285714285714,0.0,15.428571428571427,0.0,8.342857142857142,2.3333333333333335,6.0,7.0,0.0,4.0,0.0,,,,18.0,2.6666666666666665,6.0,0.0,3.0,6.2,3.0,6.0,8.0,1.0,0.0,2.0,,,,True,True,UNKNOWN,False,False
2021005571,2022-04-24 14:00:00,埼玉西武ライオンズ,東北楽天ゴールデンイーグルス,6.0,3.0,UNKNOWN,ベルーナドーム,unknown,low,False,False,1900117,1961288,[],[],,,,,0,light,2022-04-24T05:00:00+00:00,,UNKNOWN,,,,UNKNOWN,UNKNOWN,,UNKNOWN,,7.2,1.6,5.4,1.8,1.8,5.2,5.0,4.0,7.0,1.0,1.0,3.0,,,,4.153846153846154,2.076923076923077,6.230769230769231,8.307692307692308,2.076923076923077,7.584615384615385,4.333333333333333,2.0,5.0,1.0,4.0,3.0,,,,True,True,UNKNOWN,False,False
2021005570,2022-04-24 14:00:00,北海道日本ハムファイターズ,福岡ソフトバンクホークス,4.0,11.0,UNKNOWN,札幌ドーム,unknown,low,False,False,1200106,1300094,[],[],,,,,0,light,2022-04-24T05:00:00+00:00,,UNKNOWN,,,,UNKNOWN,UNKNOWN,,UNKNOWN,,2.5714285714285716,1.1428571428571428,3.857142857142857,0.0,1.2857142857142858,4.2,7.0,2.0,8.0,1.0,0.0,3.0,,,,6.0,0.6666666666666666,9.0,0.0,3.0,5.533333333333333,3.0,2.0,2.0,1.0,0.0,3.0,,,,True,True,UNKNOWN,False,False
2021005567,2022-04-24 18:00:00,東京ヤクルトスワローズ,阪神タイガース,3.0,11.0,UNKNOWN,明治神宮野球場,unknown,low,False,False,1900147,1700088,[],[],,,,,0,light,2022-04-24T09:00:00+00:00,,UNKNOWN,,,,UNKNOWN,UNKNOWN,,UNKNOWN,,3.6,1.0,5.4,3.6,0.0,3.2,5.0,2.0,3.0,0.0,2.0,3.0,,,,23.142857142857142,3.8571428571428568,7.7142857142857135,7.7142857142857135,7.7142857142857135,15.2,2.3333333333333335,6.0,7.0,2.0,2.0,2.0,,,,True,True,UNKNOWN,False,False
2021005573,2022-04-26 18:00:00,横浜DeNAベイスターズ,読売ジャイアンツ,6.0,4.0,UNKNOWN,横浜スタジアム,unknown,low,False,False,1800028,2000145,[],[],,,,,0,light,2022-04-26T09:00:00+00:00,,UNKNOWN,,,,UNKNOWN,UNKNOWN,,UNKNOWN,,9.642857142857142,1.7142857142857142,1.9285714285714284,5.785714285714286,1.9285714285714284,7.485714285714286,4.666666666666667,5.0,5.0,1.0,3.0,1.0,,,,6.352941176470588,1.2352941176470587,9.529411764705882,3.176470588235294,1.588235294117647,4.435294117647059,5.666666666666667,4.0,5.0,1.0,2.0,6.0,,,,True,True,UNKNOWN,False,False
2021005576,2022-04-26 18:00:00,北海道日本ハムファイターズ,オリックス・バファローズ,2.0,3.0,UNKNOWN,東京ドーム,unknown,low,False,False,1600153,1500110,[],[],,,,,0,light,2022-04-26T09:00:00+00:00,,UNKNOWN,,,,UNKNOWN,UNKNOWN,,UNKNOWN,,2.5714285714285716,1.0,12.857142857142858,1.2857142857142858,0.0,0.7714285714285718,7.0,2.0,6.0,0.0,1.0,10.0,,,,2.25,1.0,5.625,0.0,1.125,3.575,8.0,2.0,8.0,1.0,0.0,5.0,,,,True,True,UNKNOWN,False,False
2021005578,2022-04-26 18:00:00,福岡ソフトバンクホークス,埼玉西武ライオンズ,3.0,0.0,UNKNOWN,福岡PayPayドーム,unknown,low,False,False,2103714,1300080,[],[],,,,,0,light,2022-04-26T09:00:00+00:00,,UNKNOWN,,,,UNKNOWN,UNKNOWN,,UNKNOWN,,3.0,1.0,9.0,1.5,0.0,1.7000000000000002,6.0,2.0,5.0,0.0,1.0,6.0,,,,0.0,1.4117647058823528,6.352941176470588,6.352941176470588,0.0,3.905882352941177,5.666666666666667,0.0,4.0,0.0,4.0,4.0,,,,True,True,UNKNOWN,False,False
2021005579,2022-04-27 18:00:00,横浜DeNAベイスターズ,読売ジャイアンツ,2.0,8.0,UNKNOWN,横浜スタジアム,unknown,low,False,False,1700002,1900031,[],[],,,,,0,light,2022-04-27T09:00:00+00:00,,UNKNOWN,,,,UNKNOWN,UNKNOWN,,UNKNOWN,,0.0,0.7142857142857143,7.714285714285714,3.857142857142857,0.0,2.771428571428572,7.0,0.0,2.0,0.0,3.0,6.0,,,,9.0,2.0,6.75,6.75,2.25,7.2,4.0,4.0,5.0,1.0,3.0,3.0,,,,True,True,UNKNOWN,False,False
2021005577,2022-04-26 18:00:00,千葉ロッテマリーンズ,東北楽天ゴールデンイーグルス,2.0,3.0,UNKNOWN,ZOZOマリンスタジアム,unknown,low,False,False,700069,1800052,[],[],,,,,0,light,2022-04-26T09:00:00+00:00,,UNKNOWN,,,,UNKNOWN,UNKNOWN,,UNKNOWN,,1.2857142857142858,0.7142857142857143,11.571428571428571,2.5714285714285716,0.0,1.485714285714286,7.0,1.0,3.0,0.0,2.0,9.0,,,,1.2857142857142858,1.4285714285714286,9.0,5.142857142857143,0.0,2.9142857142857146,7.0,1.0,6.0,0.0,4.0,7.0,,,,True,True,UNKNOWN,False,False
2021005580,2022-04-27 18:00:00,阪神タイガース,中日ドラゴンズ,3.0,1.0,UNKNOWN,阪神甲子園球場,unknown,low,False,False,1800061,900062,[],[],,,,,0,light,2022-04-27T09:00:00+00:00,,UNKNOWN,,,,UNKNOWN,UNKNOWN,,UNKNOWN,,1.9285714285714284,1.5,0.0,0.0,0.0,3.2,4.666666666666667,1.0,7.0,0.0,0.0,0.0,,,,1.5,1.0,15.0,1.5,0.0,0.3666666666666667,6.0,1.0,5.0,0.0,1.0,10.0,,,,True,True,UNKNOWN,False,False
2021005581,2022-04-27 18:00:00,広島東洋カープ,東京ヤクルトスワローズ,2.0,8.0,UNKNOWN,MAZDA Zoom-Zoom スタジアム広島,unknown,low,False,False,1500040,1600123,[],[],,,,,0,light,2022-04-27T09:00:00+00:00,,UNKNOWN,,,,UNKNOWN,UNKNOWN,,UNKNOWN,,2.25,1.0,2.25,1.125,0.0,3.075,8.0,2.0,7.0,0.0,1.0,2.0,,,,12.0,3.0,6.0,6.0,3.0,8.2,3.0,4.0,7.0,1.0,2.0,2.0,,,,True,True,UNKNOWN,False,False
2021005582,2022-04-27 18:00:00,北海道日本ハムファイターズ,オリックス・バファローズ,2.0,4.0,UNKNOWN,東京ドーム,unknown,low,False,False,1900087,1961850,[],[],,,,,0,light,2022-04-27T09:00:00+00:00,,UNKNOWN,,,,UNKNOWN,UNKNOWN,,UNKNOWN,,3.0,1.1666666666666667,10.5,0.0,1.5,3.0333333333333337,6.0,2.0,7.0,1.0,0.0,7.0,,,,3.6,1.4,1.8,3.6,1.8,6.6,5.0,2.0,5.0,1.0,2.0,1.0,,,,True,True,UNKNOWN,False,False
2021005583,2022-04-27 18:00:00,千葉ロッテマリーンズ,東北楽天ゴールデンイーグルス,3.0,3.0,UNKNOWN,ZOZOマリンスタジアム,unknown,low,False,False,700065,1900085,[],[],,,,,0,light,2022-04-27T09:00:00+00:00,,UNKNOWN,,,,UNKNOWN,UNKNOWN,,UNKNOWN,,3.857142857142857,0.7142857142857143,6.428571428571429,0.0,1.2857142857142858,3.6285714285714286,7.0,3.0,5.0,1.0,0.0,5.0,,,,1.5,0.6666666666666666,4.5,1.5,1.5,4.866666666666667,6.0,1.0,3.0,1.0,1.0,3.0,,,,True,True,UNKNOWN,False,False
2021005585,2022-04-28 18:00:00,横浜DeNAベイスターズ,読売ジャイアンツ,0.0,7.0,UNKNOWN,横浜スタジアム,unknown,low,False,False,2000006,1700058,[],[],,,,,0,light,2022-04-28T09:00:00+00:00,,UNKNOWN,,,,UNKNOWN,UNKNOWN,,UNKNOWN,,0.0,0.6666666666666666,4.5,1.5,0.0,2.7,6.0,0.0,3.0,0.0,1.0,3.0,,,,7.2,1.6,1.8,3.6,3.6,9.2,5.0,4.0,6.0,2.0,2.0,1.0,,,,True,True,UNKNOWN,False,False
2021005586,2022-04-28 18:00:00,阪神タイガース,中日ドラゴンズ,3.0,2.0,UNKNOWN,阪神甲子園球場,unknown,low,False,False,1000138,900425,[],[],,,,,0,light,2022-04-28T09:00:00+00:00,,UNKNOWN,,,,UNKNOWN,UNKNOWN,,UNKNOWN,,3.375,1.0,4.5,0.0,0.0,2.2,8.0,3.0,8.0,0.0,0.0,4.0,,,,3.6,1.0,5.4,0.0,1.8,4.6,5.0,2.0,5.0,1.0,0.0,3.0,,,,True,True,UNKNOWN,False,False
2021005584,2022-04-27 18:00:00,福岡ソフトバンクホークス,埼玉西武ライオンズ,2.0,8.0,UNKNOWN,福岡PayPayドーム,unknown,low,False,False,1800080,1800107,[],[],,,,,0,light,2022-04-27T09:00:00+00:00,,UNKNOWN,,,,UNKNOWN,UNKNOWN,,UNKNOWN,,1.2857142857142858,1.4285714285714286,6.428571428571429,2.5714285714285716,0.0,2.628571428571429,7.0,1.0,8.0,0.0,2.0,5.0,,,,10.8,2.0,5.4,3.6,3.6,8.4,5.0,6.0,8.0,2.0,2.0,3.0,,,,True,True,UNKNOWN,False,False
2021005588,2022-04-28 18:00:00,北海道日本ハムファイターズ,オリックス・バファローズ,6.0,2.0,UNKNOWN,東京ドーム,unknown,low,False,False,1700109,2000079,[],[],,,,,0,light,2022-04-28T09:00:00+00:00,,UNKNOWN,,,,UNKNOWN,UNKNOWN,,UNKNOWN,,10.8,1.6,1.8,0.0,5.4,10.600000000000001,5.0,6.0,8.0,3.0,0.0,1.0,,,,0.0,0.8571428571428571,6.428571428571429,1.2857142857142858,0.0,2.2,7.0,0.0,5.0,0.0,1.0,5.0,,,,True,True,UNKNOWN,False,False
2021005587,2022-04-28 18:00:00,広島東洋カープ,東京ヤクルトスワローズ,5.0,9.0,UNKNOWN,MAZDA Zoom-Zoom スタジアム広島,unknown,low,False,False,1500042,1300058,[],[],,,,,0,light,2022-04-28T09:00:00+00:00,,UNKNOWN,,,,UNKNOWN,UNKNOWN,,UNKNOWN,,3.6,1.2,12.6,5.4,1.8,4.800000000000001,5.0,2.0,3.0,1.0,3.0,7.0,,,,0.0,0.7142857142857143,5.142857142857143,2.5714285714285716,0.0,2.9142857142857146,7.0,0.0,3.0,0.0,2.0,4.0,,,,True,True,UNKNOWN,False,False
2021005589,2022-04-28 18:00:00,千葉ロッテマリーンズ,東北楽天ゴールデンイーグルス,1.0,2.0,UNKNOWN,ZOZOマリンスタジアム,excluded,high,False,False,2000123,1000155,[],[],,,,,0,light,2022-04-28T09:00:00+00:00,,UNKNOWN,,,,UNKNOWN,UNKNOWN,,UNKNOWN,,0.0,0.6666666666666666,6.0,0.0,0.0,1.866666666666667,6.0,0.0,4.0,0.0,0.0,4.0,,,,2.6999999999999997,1.5,10.799999999999999,1.3499999999999999,1.3499999999999999,3.2,6.666666666666667,2.0,9.0,1.0,1.0,8.0,,,,True,True,UNKNOWN,False,False
2021005590,2022-04-28 18:00:00,福岡ソフトバンクホークス,埼玉西武ライオンズ,2.0,4.0,UNKNOWN,福岡PayPayドーム,unknown,low,False,False,1860059,2100005,[],[],,,,,0,light,2022-04-28T09:00:00+00:00,,UNKNOWN,,,,UNKNOWN,UNKNOWN,,UNKNOWN,,6.75,3.75,13.5,13.5,0.0,4.7,1.3333333333333333,1.0,3.0,0.0,2.0,2.0,,,,7.7142857142857135,1.7142857142857142,11.571428571428571,5.785714285714286,1.9285714285714284,5.342857142857143,4.666666666666667,4.0,5.0,1.0,3.0,6.0,,,,True,True,UNKNOWN,False,False
2021005591,2022-04-29 18:00:00,読売ジャイアンツ,阪神タイガース,2.0,3.0,UNKNOWN,東京ドーム,unknown,low,False,False,1500090,1200041,[],[],,,,,0,light,2022-04-29T09:00:00+00:00,,UNKNOWN,,,,UNKNOWN,UNKNOWN,,UNKNOWN,,1.0,0.7777777777777778,7.0,1.0,1.0,3.4222222222222225,9.0,1.0,6.0,1.0,1.0,7.0,,,,6.0,1.6666666666666667,6.0,6.0,3.0,8.2,3.0,2.0,3.0,1.0,2.0,2.0,,,,True,True,UNKNOWN,False,False
2021005596,2022-04-29 18:00:00,オリックス・バファローズ,埼玉西武ライオンズ,1.0,0.0,UNKNOWN,京セラドーム大阪,excluded,high,False,False,1400182,1961077,[],[],,,,,0,light,2022-04-29T09:00:00+00:00,,UNKNOWN,,,,UNKNOWN,UNKNOWN,,UNKNOWN,,0.0,0.875,5.625,4.5,0.0,3.45,8.0,0.0,3.0,0.0,4.0,5.0,,,,0.0,1.0,10.8,3.6,0.0,2.0,5.0,0.0,3.0,0.0,2.0,6.0,,,,True,True,UNKNOWN,False,False
2021005593,2022-04-29 18:00:00,中日ドラゴンズ,広島東洋カープ,0.0,1.0,UNKNOWN,バンテリンドーム ナゴヤ,unknown,low,False,False,1300057,2000042,[],[],,,,,0,light,2022-04-29T09:00:00+00:00,,UNKNOWN,,,,UNKNOWN,UNKNOWN,,UNKNOWN,,0.0,0.2222222222222222,4.0,0.0,0.0,2.3111111111111113,9.0,0.0,2.0,0.0,0.0,4.0,,,,1.8,1.4,14.4,5.4,1.8,4.4,5.0,1.0,4.0,1.0,3.0,8.0,,,,True,True,UNKNOWN,False,False
2021005599,2022-04-30 14:00:00,中日ドラゴンズ,広島東洋カープ,4.0,2.0,UNKNOWN,バンテリンドーム ナゴヤ,unknown,low,False,False,1900052,1200098,[],[],,,,,0,light,2022-04-30T05:00:00+00:00,,UNKNOWN,,,,UNKNOWN,UNKNOWN,,UNKNOWN,,2.5714285714285716,1.5714285714285714,5.142857142857143,3.857142857142857,0.0,3.342857142857143,7.0,2.0,8.0,0.0,3.0,4.0,,,,0.0,1.2,3.6,3.6,0.0,3.6,5.0,0.0,4.0,0.0,2.0,2.0,,,,True,True,UNKNOWN,False,False
2021005600,2022-04-30 14:00:00,東北楽天ゴールデンイーグルス,福岡ソフトバンクホークス,7.0,6.0,UNKNOWN,楽天生命パーク宮城,unknown,low,False,False,1000174,2000121,[],[],,,,,0,light,2022-04-30T05:00:00+00:00,,UNKNOWN,,,,UNKNOWN,UNKNOWN,,UNKNOWN,,0.0,1.0,5.142857142857143,3.857142857142857,0.0,3.342857142857143,7.0,0.0,4.0,0.0,3.0,4.0,,,,5.4,1.8,7.2,3.6,1.8,5.4,5.0,3.0,7.0,1.0,2.0,4.0,,,,True,True,UNKNOWN,False,False
2021005602,2022-04-30 14:00:00,オリックス・バファローズ,埼玉西武ライオンズ,3.0,2.0,UNKNOWN,京セラドーム大阪,unknown,low,False,False,1751148,1400195,[],[],,,,,0,light,2022-04-30T05:00:00+00:00,,UNKNOWN,,,,UNKNOWN,UNKNOWN,,UNKNOWN,,1.5,1.3333333333333333,9.0,3.0,1.5,4.366666666666667,6.0,1.0,6.0,1.0,2.0,6.0,,,,1.5,1.3333333333333333,6.0,3.0,0.0,2.8666666666666667,6.0,1.0,6.0,0.0,2.0,4.0,,,,True,True,UNKNOWN,False,False
2021005606,2022-05-01 13:00:00,東北楽天ゴールデンイーグルス,福岡ソフトバンクホークス,2.0,1.0,UNKNOWN,楽天生命パーク宮城,unknown,low,False,False,1900106,1200117,[],[],,,,,0,light,2022-05-01T04:00:00+00:00,,UNKNOWN,,,,UNKNOWN,UNKNOWN,,UNKNOWN,,3.6,1.6,7.2,5.4,0.0,3.4000000000000004,5.0,2.0,5.0,0.0,3.0,4.0,,,,1.8,2.6,5.4,7.2,0.0,4.4,5.0,1.0,9.0,0.0,4.0,3.0,,,,True,True,UNKNOWN,False,False
2021005598,2022-04-30 18:00:00,東京ヤクルトスワローズ,横浜DeNAベイスターズ,2.0,0.0,UNKNOWN,明治神宮野球場,unknown,low,False,False,1800043,2000139,[],[],,,,,0,light,2022-04-30T09:00:00+00:00,,UNKNOWN,,,,UNKNOWN,UNKNOWN,,UNKNOWN,,3.0,1.5,6.0,6.0,0.0,3.8666666666666667,6.0,2.0,5.0,0.0,4.0,4.0,,,,0.0,1.0,3.0,3.0,0.0,3.5333333333333337,6.0,0.0,4.0,0.0,2.0,2.0,,,,True,True,UNKNOWN,False,False
2021005601,2022-04-30 14:00:00,千葉ロッテマリーンズ,北海道日本ハムファイターズ,7.0,3.0,UNKNOWN,ZOZOマリンスタジアム,unknown,low,False,False,1100099,1300050,[],[],,,,,0,light,2022-04-30T05:00:00+00:00,,UNKNOWN,,,,UNKNOWN,UNKNOWN,,UNKNOWN,,9.0,2.2,3.6,3.6,1.8,6.2,5.0,5.0,9.0,1.0,2.0,2.0,,,,0.0,0.8571428571428571,7.714285714285714,0.0,0.0,1.485714285714286,7.0,0.0,6.0,0.0,0.0,6.0,,,,True,True,UNKNOWN,False,False
2021005597,2022-04-30 14:00:00,読売ジャイアンツ,阪神タイガース,3.0,10.0,UNKNOWN,東京ドーム,unknown,low,False,False,1561881,1460009,[],[],,,,,0,light,2022-04-30T05:00:00+00:00,,UNKNOWN,,,,UNKNOWN,UNKNOWN,,UNKNOWN,,3.6,1.6,10.8,5.4,0.0,2.6,5.0,2.0,5.0,0.0,3.0,6.0,,,,1.5,0.8333333333333334,13.5,1.5,0.0,0.7000000000000002,6.0,1.0,4.0,0.0,1.0,9.0,,,,True,True,UNKNOWN,False,False
2021005608,2022-05-01 13:00:00,オリックス・バファローズ,埼玉西武ライオンズ,1.0,2.0,UNKNOWN,京セラドーム大阪,unknown,low,False,False,1961288,1600150,[],[],,,,,0,light,2022-05-01T04:00:00+00:00,,UNKNOWN,,,,UNKNOWN,UNKNOWN,,UNKNOWN,,1.2857142857142858,1.4285714285714286,3.857142857142857,3.857142857142857,0.0,3.6285714285714286,7.0,1.0,7.0,0.0,3.0,3.0,,,,1.2857142857142858,1.0,14.142857142857142,0.0,0.0,0.057142857142857384,7.0,1.0,7.0,0.0,0.0,11.0,,,,True,True,UNKNOWN,False,False
2021005605,2022-05-01 14:00:00,中日ドラゴンズ,広島東洋カープ,4.0,0.0,UNKNOWN,バンテリンドーム ナゴヤ,unknown,low,False,False,1900057,1600106,[],[],,,,,0,light,2022-05-01T05:00:00+00:00,,UNKNOWN,,,,UNKNOWN,UNKNOWN,,UNKNOWN,,6.0,2.3333333333333335,6.0,3.0,0.0,2.8666666666666667,3.0,2.0,6.0,0.0,1.0,2.0,,,,0.0,1.1428571428571428,10.285714285714286,3.857142857142857,0.0,2.2,7.0,0.0,5.0,0.0,3.0,8.0,,,,True,True,UNKNOWN,False,False
2021005607,2022-05-01 14:00:00,千葉ロッテマリーンズ,北海道日本ハムファイターズ,3.0,9.0,UNKNOWN,ZOZOマリンスタジアム,unknown,low,False,False,1300094,1800130,[],[],,,,,0,light,2022-05-01T05:00:00+00:00,,UNKNOWN,,,,UNKNOWN,UNKNOWN,,UNKNOWN,,0.0,0.6,10.8,0.0,0.0,0.8000000000000003,5.0,0.0,3.0,0.0,0.0,6.0,,,,2.4545454545454546,1.6363636363636365,9.818181818181818,2.4545454545454546,2.4545454545454546,5.381818181818183,3.6666666666666665,1.0,5.0,1.0,1.0,4.0,,,,True,True,UNKNOWN,False,False
2021005613,2022-05-03 13:00:00,埼玉西武ライオンズ,千葉ロッテマリーンズ,4.0,2.0,UNKNOWN,ベルーナドーム,unknown,low,False,False,1800052,2103714,[],[],,,,,0,light,2022-05-03T04:00:00+00:00,,UNKNOWN,,,,UNKNOWN,UNKNOWN,,UNKNOWN,,3.0,1.3333333333333333,7.5,1.5,1.5,4.2,6.0,2.0,7.0,1.0,1.0,5.0,,,,1.5,1.3333333333333333,6.0,3.0,0.0,2.8666666666666667,6.0,1.0,6.0,0.0,2.0,4.0,,,,True,True,UNKNOWN,False,False
2021005603,2022-05-01 14:00:00,読売ジャイアンツ,阪神タイガース,1.0,8.0,UNKNOWN,東京ドーム,excluded,high,False,False,1900044,1800023,[],[],,,,,0,light,2022-05-01T05:00:00+00:00,,UNKNOWN,,,,UNKNOWN,UNKNOWN,,UNKNOWN,,1.2857142857142858,0.5714285714285714,10.285714285714286,1.2857142857142858,1.2857142857142858,3.2,7.0,1.0,3.0,1.0,1.0,8.0,,,,3.375,1.5,11.8125,1.6875,0.0,1.1375000000000002,5.333333333333333,2.0,7.0,0.0,1.0,7.0,,,,True,True,UNKNOWN,False,False
2021005610,2022-05-03 14:00:00,阪神タイガース,東京ヤクルトスワローズ,0.0,3.0,UNKNOWN,阪神甲子園球場,unknown,low,False,False,1200076,900062,[],[],,,,,0,light,2022-05-03T05:00:00+00:00,,UNKNOWN,,,,UNKNOWN,UNKNOWN,,UNKNOWN,,0.0,0.6666666666666666,5.0,0.0,0.0,2.088888888888889,9.0,0.0,6.0,0.0,0.0,5.0,,,,2.25,0.375,3.375,0.0,1.125,4.075,8.0,2.0,3.0,1.0,0.0,3.0,,,,True,True,UNKNOWN,False,False
2021005609,2022-05-03 14:00:00,横浜DeNAベイスターズ,中日ドラゴンズ,3.0,7.0,UNKNOWN,横浜スタジアム,unknown,low,False,False,1500074,2000145,[],[],,,,,0,light,2022-05-03T05:00:00+00:00,,UNKNOWN,,,,UNKNOWN,UNKNOWN,,UNKNOWN,,4.764705882352941,1.588235294117647,3.176470588235294,6.352941176470588,0.0,4.6117647058823525,5.666666666666667,3.0,5.0,0.0,4.0,2.0,,,,1.9285714285714284,1.9285714285714284,5.785714285714286,3.8571428571428568,0.0,3.2,4.666666666666667,1.0,7.0,0.0,2.0,3.0,,,,True,True,UNKNOWN,False,False
2021005611,2022-05-03 14:00:00,広島東洋カープ,読売ジャイアンツ,12.0,3.0,UNKNOWN,MAZDA Zoom-Zoom スタジアム広島,unknown,low,False,False,2103689,1600123,[],[],,,,,0,light,2022-05-03T05:00:00+00:00,,UNKNOWN,,,,UNKNOWN,UNKNOWN,,UNKNOWN,,8.1,3.5999999999999996,8.1,2.6999999999999997,0.0,2.3000000000000003,3.3333333333333335,3.0,11.0,0.0,1.0,3.0,,,,3.5217391304347823,1.3043478260869565,3.5217391304347823,2.3478260869565215,2.3478260869565215,6.591304347826087,7.666666666666667,3.0,8.0,2.0,2.0,3.0,,,,True,True,UNKNOWN,False,False
2021005612,2022-05-03 14:00:00,北海道日本ハムファイターズ,東北楽天ゴールデンイーグルス,1.0,2.0,UNKNOWN,札幌ドーム,unknown,low,False,False,700069,1500110,[],[],,,,,0,light,2022-05-03T05:00:00+00:00,,UNKNOWN,,,,UNKNOWN,UNKNOWN,,UNKNOWN,,0.0,0.75,6.75,2.25,0.0,2.45,8.0,0.0,4.0,0.0,2.0,6.0,,,,2.5714285714285716,0.7142857142857143,9.0,0.0,1.2857142857142858,3.0571428571428574,7.0,2.0,5.0,1.0,0.0,7.0,,,,True,True,UNKNOWN,False,False
2021005615,2022-05-04 14:00:00,横浜DeNAベイスターズ,中日ドラゴンズ,7.0,1.0,UNKNOWN,横浜スタジアム,excluded,high,False,False,900406,1800045,[],[],,,,,0,light,2022-05-04T05:00:00+00:00,,UNKNOWN,,,,UNKNOWN,UNKNOWN,,UNKNOWN,,5.4,1.8,7.2,3.6,1.8,5.4,5.0,3.0,7.0,1.0,2.0,4.0,,,,0.0,0.5,12.0,1.5,0.0,1.0333333333333337,6.0,0.0,2.0,0.0,1.0,8.0,,,,True,True,UNKNOWN,False,False
2021005614,2022-05-03 14:00:00,福岡ソフトバンクホークス,オリックス・バファローズ,7.0,3.0,UNKNOWN,福岡PayPayドーム,unknown,low,False,False,1600153,1300080,[],[],,,,,0,light,2022-05-03T05:00:00+00:00,,UNKNOWN,,,,UNKNOWN,UNKNOWN,,UNKNOWN,,10.125,2.4375,5.0625,5.0625,1.6875,6.2,5.333333333333333,6.0,10.0,1.0,3.0,3.0,,,,0.0,1.7142857142857142,3.8571428571428568,3.8571428571428568,0.0,3.6285714285714286,4.666666666666667,0.0,6.0,0.0,2.0,2.0,,,,True,True,UNKNOWN,False,False
2021005616,2022-05-04 14:00:00,阪神タイガース,東京ヤクルトスワローズ,0.0,3.0,UNKNOWN,阪神甲子園球場,unknown,low,False,False,12113,900425,[],[],,,,,0,light,2022-05-04T05:00:00+00:00,,UNKNOWN,,,,UNKNOWN,UNKNOWN,,UNKNOWN,,0.0,0.8,3.6,0.0,0.0,2.4000000000000004,5.0,0.0,4.0,0.0,0.0,2.0,,,,3.375,0.9375,6.75,0.0,0.0,1.7000000000000002,5.333333333333333,2.0,5.0,0.0,0.0,4.0,,,,True,True,UNKNOWN,False,False
2021005619,2022-05-04 13:00:00,埼玉西武ライオンズ,千葉ロッテマリーンズ,5.0,7.0,UNKNOWN,ベルーナドーム,excluded,high,False,False,2000090,1800080,[],[],,,,,0,light,2022-05-04T04:00:00+00:00,,UNKNOWN,,,,UNKNOWN,UNKNOWN,,UNKNOWN,,7.2,1.8,3.6,5.4,0.0,4.2,5.0,4.0,6.0,0.0,3.0,2.0,,,,18.0,3.3333333333333335,9.0,3.0,0.0,2.2,3.0,6.0,9.0,0.0,1.0,3.0,,,,True,True,UNKNOWN,False,False
2021005617,2022-05-04 14:00:00,広島東洋カープ,読売ジャイアンツ,3.0,6.0,UNKNOWN,MAZDA Zoom-Zoom スタジアム広島,unknown,low,False,False,1800028,1300058,[],[],,,,,0,light,2022-05-04T05:00:00+00:00,,UNKNOWN,,,,UNKNOWN,UNKNOWN,,UNKNOWN,,4.5,1.5,7.5,3.0,0.0,2.5333333333333337,6.0,3.0,7.0,0.0,2.0,5.0,,,,5.0625,2.0625,5.0625,8.4375,1.6875,7.325,5.333333333333333,3.0,6.0,1.0,5.0,3.0,,,,True,True,UNKNOWN,False,False
2021005620,2022-05-04 13:00:00,福岡ソフトバンクホークス,オリックス・バファローズ,2.0,1.0,UNKNOWN,福岡PayPayドーム,unknown,low,False,False,1900087,1200106,[],[],,,,,0,light,2022-05-04T04:00:00+00:00,,UNKNOWN,,,,UNKNOWN,UNKNOWN,,UNKNOWN,,1.8,1.8,12.6,1.8,0.0,1.0,5.0,1.0,8.0,0.0,1.0,7.0,,,,1.2857142857142858,0.7142857142857143,3.857142857142857,1.2857142857142858,0.0,2.771428571428572,7.0,1.0,4.0,0.0,1.0,3.0,,,,True,True,UNKNOWN,False,False
2021005618,2022-05-04 14:00:00,北海道日本ハムファイターズ,東北楽天ゴールデンイーグルス,1.0,5.0,UNKNOWN,札幌ドーム,excluded,high,False,False,500014,500027,[],[],,,,,0,light,2022-05-04T05:00:00+00:00,,UNKNOWN,,,,UNKNOWN,UNKNOWN,,UNKNOWN,,1.0,0.5555555555555556,6.0,0.0,1.0,3.3111111111111113,9.0,1.0,5.0,1.0,0.0,6.0,,,,7.2,1.2,9.0,0.0,0.0,1.2000000000000002,5.0,4.0,6.0,0.0,0.0,5.0,,,,True,True,UNKNOWN,False,False
2021005625,2022-05-05 13:00:00,埼玉西武ライオンズ,千葉ロッテマリーンズ,7.0,0.0,UNKNOWN,ベルーナドーム,unknown,low,False,False,1000155,1700125,[],[],,,,,0,light,2022-05-05T04:00:00+00:00,,UNKNOWN,,,,UNKNOWN,UNKNOWN,,UNKNOWN,,6.0,1.0,9.0,1.5,1.5,3.8666666666666667,6.0,4.0,5.0,1.0,1.0,6.0,,,,0.0,0.6666666666666666,4.5,0.0,0.0,2.2,6.0,0.0,4.0,0.0,0.0,3.0,,,,True,True,UNKNOWN,False,False
2021005626,2022-05-05 13:00:00,福岡ソフトバンクホークス,オリックス・バファローズ,9.0,3.0,UNKNOWN,福岡PayPayドーム,unknown,low,False,False,1961077,20204,[],[],,,,,0,light,2022-05-05T04:00:00+00:00,,UNKNOWN,,,,UNKNOWN,UNKNOWN,,UNKNOWN,,3.176470588235294,1.0588235294117647,7.941176470588235,4.764705882352941,0.0,3.0235294117647062,5.666666666666667,2.0,3.0,0.0,3.0,5.0,,,,1.8,0.6,12.6,0.0,0.0,0.40000000000000036,5.0,1.0,3.0,0.0,0.0,7.0,,,,True,True,UNKNOWN,False,False
2021005624,2022-05-05 13:00:00,北海道日本ハムファイターズ,東北楽天ゴールデンイーグルス,4.0,8.0,UNKNOWN,札幌ドーム,unknown,low,False,False,700065,2000079,[],[],,,,,0,light,2022-05-05T04:00:00+00:00,,UNKNOWN,,,,UNKNOWN,UNKNOWN,,UNKNOWN,,7.2,1.6,9.0,1.8,5.4,9.600000000000001,5.0,4.0,7.0,3.0,1.0,5.0,,,,6.75,2.0625,5.0625,6.75,0.0,4.325,5.333333333333333,4.0,7.0,0.0,4.0,3.0,,,,True,True,UNKNOWN,False,False
2021005621,2022-05-05 14:00:00,横浜DeNAベイスターズ,中日ドラゴンズ,10.0,2.0,UNKNOWN,横浜スタジアム,unknown,low,False,False,1200055,1900031,[],[],,,,,0,light,2022-05-05T05:00:00+00:00,,UNKNOWN,,,,UNKNOWN,UNKNOWN,,UNKNOWN,,10.8,2.0,5.4,1.8,1.8,5.2,5.0,6.0,9.0,1.0,1.0,3.0,,,,2.25,2.0,9.0,9.0,0.0,4.2,4.0,1.0,4.0,0.0,4.0,4.0,,,,True,True,UNKNOWN,False,False
2021005622,2022-05-05 14:00:00,阪神タイガース,東京ヤクルトスワローズ,3.0,2.0,UNKNOWN,阪神甲子園球場,unknown,low,False,False,1300045,1900147,[],[],,,,,0,light,2022-05-05T05:00:00+00:00,,UNKNOWN,,,,UNKNOWN,UNKNOWN,,UNKNOWN,,4.153846153846154,1.8461538461538463,6.230769230769231,4.153846153846154,0.0,3.2,4.333333333333333,2.0,6.0,0.0,2.0,3.0,,,,1.8,0.8,3.6,0.0,0.0,2.4000000000000004,5.0,1.0,4.0,0.0,0.0,2.0,,,,True,True,UNKNOWN,False,False
2021005623,2022-05-05 14:00:00,広島東洋カープ,読売ジャイアンツ,3.0,0.0,UNKNOWN,MAZDA Zoom-Zoom スタジアム広島,excluded,high,False,False,1700002,1860147,[],[],,,,,0,light,2022-05-05T05:00:00+00:00,,UNKNOWN,,,,UNKNOWN,UNKNOWN,,UNKNOWN,,1.5,0.8333333333333334,3.0,0.0,0.0,2.5333333333333337,6.0,1.0,5.0,0.0,0.0,2.0,,,,0.0,0.14285714285714285,9.0,0.0,0.0,1.2000000000000002,7.0,0.0,1.0,0.0,0.0,7.0,,,,True,True,UNKNOWN,False,False
2021005627,2022-05-06 18:00:00,読売ジャイアンツ,東京ヤクルトスワローズ,2.0,13.0,UNKNOWN,東京ドーム,unknown,low,False,False,1500040,1900016,[],[],,,,,0,light,2022-05-06T09:00:00+00:00,,UNKNOWN,,,,UNKNOWN,UNKNOWN,,UNKNOWN,,2.5714285714285716,1.0,3.857142857142857,0.0,1.2857142857142858,4.2,7.0,2.0,7.0,1.0,0.0,3.0,,,,16.875,3.0,6.75,6.75,3.375,8.825,2.6666666666666665,5.0,6.0,1.0,2.0,2.0,,,,True,True,UNKNOWN,False,False
2021005629,2022-05-06 18:00:00,広島東洋カープ,横浜DeNAベイスターズ,3.0,4.0,UNKNOWN,MAZDA Zoom-Zoom スタジアム広島,excluded,high,False,False,1500061,1300057,[],[],,,,,0,light,2022-05-06T09:00:00+00:00,,UNKNOWN,,,,UNKNOWN,UNKNOWN,,UNKNOWN,,4.5,1.5,4.5,0.0,0.0,2.2,6.0,3.0,9.0,0.0,0.0,3.0,,,,3.857142857142857,1.5714285714285714,6.428571428571429,3.857142857142857,2.5714285714285716,6.771428571428572,7.0,3.0,8.0,2.0,3.0,5.0,,,,True,True,UNKNOWN,False,False
2021005630,2022-05-06 18:00:00,埼玉西武ライオンズ,北海道日本ハムファイターズ,5.0,0.0,UNKNOWN,ベルーナドーム,unknown,low,False,False,1800092,1400182,[],[],,,,,0,light,2022-05-06T09:00:00+00:00,,UNKNOWN,,,,UNKNOWN,UNKNOWN,,UNKNOWN,,3.375,0.9375,5.0625,3.375,0.0,3.2,5.333333333333333,2.0,3.0,0.0,2.0,3.0,,,,0.0,0.5714285714285714,10.285714285714286,1.2857142857142858,0.0,1.342857142857143,7.0,0.0,3.0,0.0,1.0,8.0,,,,True,True,UNKNOWN,False,False
2021005628,2022-05-06 18:00:00,中日ドラゴンズ,阪神タイガース,1.0,0.0,UNKNOWN,バンテリンドーム ナゴヤ,unknown,low,False,False,1500090,1000138,[],[],,,,,0,light,2022-05-06T09:00:00+00:00,,UNKNOWN,,,,UNKNOWN,UNKNOWN,,UNKNOWN,,0.9642857142857142,0.75,5.785714285714286,1.9285714285714284,0.0,2.5571428571428574,9.333333333333334,1.0,5.0,0.0,2.0,6.0,,,,0.0,0.1,4.5,0.0,0.0,2.2,10.0,0.0,1.0,0.0,0.0,5.0,,,,True,True,UNKNOWN,False,False
2021005631,2022-05-06 18:00:00,千葉ロッテマリーンズ,福岡ソフトバンクホークス,3.0,5.0,UNKNOWN,ZOZOマリンスタジアム,special,high,False,True,1000174,1900080,[],[],,,,,0,light,2022-05-06T09:00:00+00:00,,UNKNOWN,,,,UNKNOWN,UNKNOWN,,UNKNOWN,,5.4,2.0,9.0,3.6,0.0,2.4000000000000004,5.0,3.0,8.0,0.0,2.0,5.0,,,,1.5,1.1666666666666667,16.5,1.5,0.0,0.03333333333333366,6.0,1.0,6.0,0.0,1.0,11.0,,,,True,True,UNKNOWN,False,False
2021005632,2022-05-06 18:00:00,オリックス・バファローズ,東北楽天ゴールデンイーグルス,2.0,3.0,UNKNOWN,京セラドーム大阪,unknown,low,False,False,1900117,1700109,[],[],,,,,0,light,2022-05-06T09:00:00+00:00,,UNKNOWN,,,,UNKNOWN,UNKNOWN,,UNKNOWN,,3.0,1.1666666666666667,1.5,0.0,0.0,2.8666666666666667,6.0,2.0,7.0,0.0,0.0,1.0,,,,1.2857142857142858,0.5714285714285714,11.571428571428571,1.2857142857142858,1.2857142857142858,2.9142857142857146,7.0,1.0,3.0,1.0,1.0,9.0,,,,True,True,UNKNOWN,False,False
2021005633,2022-05-07 14:00:00,読売ジャイアンツ,東京ヤクルトスワローズ,2.0,6.0,UNKNOWN,東京ドーム,unknown,low,False,False,1500042,1460009,[],[],,,,,0,light,2022-05-07T05:00:00+00:00,,UNKNOWN,,,,UNKNOWN,UNKNOWN,,UNKNOWN,,3.0,0.8333333333333334,12.0,0.0,0.0,0.5333333333333337,6.0,2.0,5.0,0.0,0.0,8.0,,,,18.0,2.0,3.0,9.0,6.0,14.2,3.0,6.0,3.0,2.0,3.0,1.0,,,,True,True,UNKNOWN,False,False
2021005635,2022-05-07 14:00:00,広島東洋カープ,横浜DeNAベイスターズ,2.0,1.0,UNKNOWN,MAZDA Zoom-Zoom スタジアム広島,unknown,low,False,False,1800043,1900052,[],[],,,,,0,light,2022-05-07T05:00:00+00:00,,UNKNOWN,,,,UNKNOWN,UNKNOWN,,UNKNOWN,,0.0,0.8333333333333334,12.0,1.5,0.0,1.0333333333333337,6.0,0.0,4.0,0.0,1.0,8.0,,,,1.0,0.7777777777777778,6.0,3.0,0.0,2.8666666666666667,9.0,1.0,4.0,0.0,3.0,6.0,,,,True,True,UNKNOWN,False,False
2021005634,2022-05-07 14:00:00,中日ドラゴンズ,阪神タイガース,2.0,1.0,UNKNOWN,バンテリンドーム ナゴヤ,unknown,low,False,False,1561881,1200098,[],[],,,,,0,light,2022-05-07T05:00:00+00:00,,UNKNOWN,,,,UNKNOWN,UNKNOWN,,UNKNOWN,,3.6,1.0,10.8,0.0,0.0,0.8000000000000003,5.0,2.0,5.0,0.0,0.0,6.0,,,,1.8,1.0,3.6,1.8,0.0,3.0,5.0,1.0,4.0,0.0,1.0,2.0,,,,True,True,UNKNOWN,False,False
2021005636,2022-05-07 14:00:00,埼玉西武ライオンズ,北海道日本ハムファイターズ,2.0,3.0,UNKNOWN,ベルーナドーム,excluded,high,False,False,1100099,400010,[],[],,,,,0,light,2022-05-07T05:00:00+00:00,,UNKNOWN,,,,UNKNOWN,UNKNOWN,,UNKNOWN,,2.5714285714285716,1.0,10.285714285714286,3.857142857142857,1.2857142857142858,4.057142857142857,7.0,2.0,4.0,1.0,3.0,8.0,,,,1.8,0.8,5.4,1.8,1.8,5.2,5.0,1.0,3.0,1.0,1.0,3.0,,,,True,True,UNKNOWN,False,False
2021005637,2022-05-07 14:00:00,千葉ロッテマリーンズ,福岡ソフトバンクホークス,0.0,16.0,UNKNOWN,ZOZOマリンスタジアム,unknown,low,False,False,1900106,1300050,[],[],,,,,0,light,2022-05-07T05:00:00+00:00,,UNKNOWN,,,,UNKNOWN,UNKNOWN,,UNKNOWN,,0.0,0.4444444444444444,6.0,1.0,0.0,2.2,9.0,0.0,3.0,0.0,1.0,6.0,,,,15.0,3.0,3.0,6.0,3.0,8.866666666666667,3.0,5.0,7.0,1.0,2.0,1.0,,,,True,True,UNKNOWN,False,False
2021005641,2022-05-08 13:30:00,広島東洋カープ,横浜DeNAベイスターズ,17.0,3.0,UNKNOWN,MAZDA Zoom-Zoom スタジアム広島,unknown,low,False,False,1700058,1700072,[],[],,,,,0,light,2022-05-08T04:30:00+00:00,,UNKNOWN,,,,UNKNOWN,UNKNOWN,,UNKNOWN,,21.0,3.6666666666666665,9.0,3.0,3.0,6.533333333333333,3.0,7.0,10.0,1.0,1.0,3.0,,,,1.125,1.0,4.5,1.125,0.0,2.575,8.0,1.0,7.0,0.0,1.0,4.0,,,,True,True,UNKNOWN,False,False
2021005638,2022-05-07 14:00:00,オリックス・バファローズ,東北楽天ゴールデンイーグルス,1.0,7.0,UNKNOWN,京セラドーム大阪,unknown,low,False,False,2000121,1400195,[],[],,,,,0,light,2022-05-07T05:00:00+00:00,,UNKNOWN,,,,UNKNOWN,UNKNOWN,,UNKNOWN,,1.5,1.0,7.5,0.0,0.0,1.5333333333333334,6.0,1.0,6.0,0.0,0.0,5.0,,,,4.5,2.0,4.5,6.0,0.0,4.2,6.0,3.0,8.0,0.0,4.0,3.0,,,,True,True,UNKNOWN,False,False
2021005642,2022-05-08 13:00:00,埼玉西武ライオンズ,北海道日本ハムファイターズ,5.0,1.0,UNKNOWN,ベルーナドーム,unknown,low,False,False,1300094,1961288,[],[],,,,,0,light,2022-05-08T04:00:00+00:00,,UNKNOWN,,,,UNKNOWN,UNKNOWN,,UNKNOWN,,19.285714285714285,2.571428571428571,7.7142857142857135,11.571428571428571,7.7142857142857135,16.485714285714284,2.3333333333333335,5.0,3.0,2.0,3.0,2.0,,,,1.5,0.5,6.0,0.0,0.0,1.866666666666667,6.0,1.0,3.0,0.0,0.0,4.0,,,,True,True,UNKNOWN,False,False
2021005640,2022-05-08 14:00:00,中日ドラゴンズ,阪神タイガース,3.0,4.0,UNKNOWN,バンテリンドーム ナゴヤ,unknown,low,False,False,1900044,1600106,[],[],,,,,0,light,2022-05-08T05:00:00+00:00,,UNKNOWN,,,,UNKNOWN,UNKNOWN,,UNKNOWN,,4.5,1.1666666666666667,7.5,1.5,3.0,6.366666666666667,6.0,3.0,6.0,2.0,1.0,5.0,,,,2.5714285714285716,0.8571428571428571,12.857142857142858,0.0,1.2857142857142858,2.2,7.0,2.0,6.0,1.0,0.0,10.0,,,,True,True,UNKNOWN,False,False
2021005639,2022-05-08 14:00:00,読売ジャイアンツ,東京ヤクルトスワローズ,3.0,4.0,UNKNOWN,東京ドーム,unknown,low,False,False,2000139,1800023,[],[],,,,,0,light,2022-05-08T05:00:00+00:00,,UNKNOWN,,,,UNKNOWN,UNKNOWN,,UNKNOWN,,5.4,1.4,9.0,1.8,1.8,4.4,5.0,3.0,6.0,1.0,1.0,5.0,,,,1.9285714285714284,1.5,3.8571428571428568,5.785714285714286,0.0,4.271428571428571,4.666666666666667,1.0,4.0,0.0,3.0,2.0,,,,True,True,UNKNOWN,False,False
2021005645,2022-05-10 18:00:00,東京ヤクルトスワローズ,中日ドラゴンズ,0.0,1.0,UNKNOWN,明治神宮野球場,unknown,low,False,False,1500074,1200076,[],[],,,,,0,light,2022-05-10T09:00:00+00:00,,UNKNOWN,,,,UNKNOWN,UNKNOWN,,UNKNOWN,,0.0,1.0,4.5,3.0,0.0,3.2,6.0,0.0,4.0,0.0,2.0,3.0,,,,1.2857142857142858,0.8571428571428571,5.142857142857143,1.2857142857142858,1.2857142857142858,4.342857142857143,7.0,1.0,5.0,1.0,1.0,4.0,,,,True,True,UNKNOWN,False,False
2021005643,2022-05-08 13:00:00,千葉ロッテマリーンズ,福岡ソフトバンクホークス,4.0,8.0,UNKNOWN,ZOZOマリンスタジアム,unknown,low,False,False,1800107,1800130,[],[],,,,,0,light,2022-05-08T04:00:00+00:00,,UNKNOWN,,,,UNKNOWN,UNKNOWN,,UNKNOWN,,7.2,1.2,14.4,3.6,1.8,3.8000000000000003,5.0,4.0,4.0,1.0,2.0,8.0,,,,13.5,2.5,6.75,6.75,0.0,3.95,4.0,6.0,7.0,0.0,3.0,3.0,,,,True,True,UNKNOWN,False,False
2021005644,2022-05-08 14:00:00,オリックス・バファローズ,東北楽天ゴールデンイーグルス,1.0,2.0,UNKNOWN,京セラドーム大阪,unknown,low,False,False,1200117,1500088,[],[],,,,,0,light,2022-05-08T05:00:00+00:00,,UNKNOWN,,,,UNKNOWN,UNKNOWN,,UNKNOWN,,1.2857142857142858,0.5714285714285714,2.5714285714285716,1.2857142857142858,1.2857142857142858,4.914285714285715,7.0,1.0,3.0,1.0,1.0,2.0,,,,0.0,1.5,2.25,4.5,0.0,4.2,4.0,0.0,4.0,0.0,2.0,1.0,,,,True,True,UNKNOWN,False,False
2021005646,2022-05-10 18:00:00,横浜DeNAベイスターズ,読売ジャイアンツ,3.0,1.0,UNKNOWN,HARD OFF ECOスタジアム新潟,unknown,low,False,False,2000006,2000145,[],[],,,,,0,light,2022-05-10T09:00:00+00:00,,UNKNOWN,,,,UNKNOWN,UNKNOWN,,UNKNOWN,,4.5,1.3333333333333333,7.5,3.0,0.0,2.5333333333333337,6.0,3.0,6.0,0.0,2.0,5.0,,,,1.2857142857142858,1.0,2.5714285714285716,3.857142857142857,0.0,3.9142857142857146,7.0,1.0,4.0,0.0,3.0,2.0,,,,True,True,UNKNOWN,False,False
2021005647,2022-05-10 18:00:00,阪神タイガース,広島東洋カープ,0.0,3.0,UNKNOWN,阪神甲子園球場,unknown,low,False,False,1600123,900062,[],[],,,,,0,light,2022-05-10T09:00:00+00:00,,UNKNOWN,,,,UNKNOWN,UNKNOWN,,UNKNOWN,,0.0,0.6666666666666666,7.0,1.0,0.0,1.9777777777777779,9.0,0.0,5.0,0.0,1.0,7.0,,,,3.0,1.3333333333333333,4.5,1.5,1.5,4.866666666666667,6.0,2.0,7.0,1.0,1.0,3.0,,,,True,True,UNKNOWN,False,False
2021005648,2022-05-10 18:00:00,北海道日本ハムファイターズ,オリックス・バファローズ,2.0,4.0,UNKNOWN,札幌ドーム,unknown,low,False,False,1600150,1500110,[],[],,,,,0,light,2022-05-10T09:00:00+00:00,,UNKNOWN,,,,UNKNOWN,UNKNOWN,,UNKNOWN,,1.125,0.875,10.125,0.0,1.125,2.575,8.0,1.0,7.0,1.0,0.0,9.0,,,,5.4,1.2,9.0,0.0,1.8,3.8000000000000003,5.0,3.0,6.0,1.0,0.0,5.0,,,,True,True,UNKNOWN,False,False
2021005649,2022-05-10 18:00:00,東北楽天ゴールデンイーグルス,千葉ロッテマリーンズ,7.0,0.0,UNKNOWN,楽天生命パーク宮城,unknown,low,False,False,1800052,700069,[],[],,,,,0,light,2022-05-10T09:00:00+00:00,,UNKNOWN,,,,UNKNOWN,UNKNOWN,,UNKNOWN,,4.909090909090909,1.3636363636363638,2.4545454545454546,3.681818181818182,0.0,3.881818181818182,7.333333333333333,4.0,7.0,0.0,3.0,2.0,,,,0.0,0.5555555555555556,7.0,1.0,0.0,1.9777777777777779,9.0,0.0,4.0,0.0,1.0,7.0,,,,True,True,UNKNOWN,False,False
2021005654,2022-05-11 14:00:00,東北楽天ゴールデンイーグルス,千葉ロッテマリーンズ,1.0,3.0,UNKNOWN,楽天生命パーク宮城,unknown,low,False,False,2000090,2000123,[],[],,,,,0,light,2022-05-11T05:00:00+00:00,,UNKNOWN,,,,UNKNOWN,UNKNOWN,,UNKNOWN,,0.0,1.2,5.4,5.4,0.0,3.8000000000000003,5.0,0.0,3.0,0.0,3.0,3.0,,,,5.785714285714286,1.7142857142857142,3.8571428571428568,5.785714285714286,0.0,4.271428571428571,4.666666666666667,3.0,5.0,0.0,3.0,2.0,,,,True,True,UNKNOWN,False,False
2021005652,2022-05-11 18:00:00,阪神タイガース,広島東洋カープ,2.0,3.0,UNKNOWN,阪神甲子園球場,unknown,low,False,False,1300058,900425,[],[],,,,,0,light,2022-05-11T09:00:00+00:00,,UNKNOWN,,,,UNKNOWN,UNKNOWN,,UNKNOWN,,2.6999999999999997,1.5,6.75,2.6999999999999997,0.0,2.6,6.666666666666667,2.0,8.0,0.0,2.0,5.0,,,,2.25,1.5,9.0,0.0,0.0,1.2000000000000002,4.0,1.0,6.0,0.0,0.0,4.0,,,,True,True,UNKNOWN,False,False
2021005655,2022-05-11 18:00:00,福岡ソフトバンクホークス,埼玉西武ライオンズ,2.0,0.0,UNKNOWN,福岡PayPayドーム,unknown,low,False,False,1751148,1200106,[],[],,,,,0,light,2022-05-11T09:00:00+00:00,,UNKNOWN,,,,UNKNOWN,UNKNOWN,,UNKNOWN,,3.0,1.3333333333333333,7.5,3.0,0.0,2.5333333333333337,6.0,2.0,6.0,0.0,2.0,5.0,,,,0.0,0.2222222222222222,6.0,2.0,0.0,2.5333333333333337,9.0,0.0,0.0,0.0,2.0,6.0,,,,True,True,UNKNOWN,False,False
2021005653,2022-05-11 18:00:00,北海道日本ハムファイターズ,オリックス・バファローズ,5.0,2.0,UNKNOWN,札幌ドーム,unknown,low,False,False,1961077,500027,[],[],,,,,0,light,2022-05-11T09:00:00+00:00,,UNKNOWN,,,,UNKNOWN,UNKNOWN,,UNKNOWN,,7.2,2.2,12.6,3.6,0.0,1.6,5.0,4.0,9.0,0.0,2.0,7.0,,,,1.8,1.0,5.4,1.8,0.0,2.6,5.0,1.0,4.0,0.0,1.0,3.0,,,,True,True,UNKNOWN,False,False
2021005651,2022-05-11 18:00:00,東京ヤクルトスワローズ,中日ドラゴンズ,0.0,2.0,UNKNOWN,明治神宮野球場,unknown,low,False,False,1900039,1900025,[],[],,,,,0,light,2022-05-11T09:00:00+00:00,,UNKNOWN,,,,UNKNOWN,UNKNOWN,,UNKNOWN,,0.0,0.4,7.2,3.6,0.0,2.8000000000000003,5.0,0.0,0.0,0.0,2.0,4.0,,,,1.9285714285714284,1.9285714285714284,7.7142857142857135,5.785714285714286,1.9285714285714284,6.2,4.666666666666667,1.0,6.0,1.0,3.0,4.0,,,,True,True,UNKNOWN,False,False
2021005659,2022-05-12 14:00:00,東北楽天ゴールデンイーグルス,千葉ロッテマリーンズ,2.0,5.0,UNKNOWN,楽天生命パーク宮城,unknown,low,False,False,1000155,700065,[],[],,,,,0,light,2022-05-12T05:00:00+00:00,,UNKNOWN,,,,UNKNOWN,UNKNOWN,,UNKNOWN,,3.0,1.3333333333333333,6.0,1.5,0.0,2.3666666666666667,6.0,2.0,7.0,0.0,1.0,4.0,,,,5.684210526315789,1.4210526315789473,4.2631578947368425,1.4210526315789473,1.4210526315789473,4.778947368421052,6.333333333333333,4.0,8.0,1.0,1.0,3.0,,,,True,True,UNKNOWN,False,False
2021005656,2022-05-12 18:00:00,東京ヤクルトスワローズ,中日ドラゴンズ,3.0,1.0,UNKNOWN,明治神宮野球場,excluded,high,False,False,2000049,1300045,[],[],,,,,0,light,2022-05-12T09:00:00+00:00,,UNKNOWN,,,,UNKNOWN,UNKNOWN,,UNKNOWN,,5.4,1.2,7.2,3.6,0.0,2.8000000000000003,5.0,3.0,4.0,0.0,2.0,4.0,,,,1.5,1.3333333333333333,6.0,1.5,0.0,2.3666666666666667,6.0,1.0,7.0,0.0,1.0,4.0,,,,True,True,UNKNOWN,False,False
2021005657,2022-05-12 18:00:00,横浜DeNAベイスターズ,読売ジャイアンツ,1.0,4.0,UNKNOWN,横浜スタジアム,excluded,high,False,False,1200041,1800045,[],[],,,,,0,light,2022-05-12T09:00:00+00:00,,UNKNOWN,,,,UNKNOWN,UNKNOWN,,UNKNOWN,,1.5,1.1666666666666667,12.0,3.0,0.0,1.5333333333333334,6.0,1.0,5.0,0.0,2.0,8.0,,,,2.5714285714285716,0.8571428571428571,6.428571428571429,0.0,2.5714285714285716,5.485714285714286,7.0,2.0,6.0,2.0,0.0,5.0,,,,True,True,UNKNOWN,False,False
2021005663,2022-05-13 18:00:00,北海道日本ハムファイターズ,福岡ソフトバンクホークス,1.0,0.0,UNKNOWN,札幌ドーム,unknown,low,False,False,1000174,2000079,[],[],,,,,0,light,2022-05-13T09:00:00+00:00,,UNKNOWN,,,,UNKNOWN,UNKNOWN,,UNKNOWN,,1.125,0.625,15.75,1.125,0.0,0.07500000000000018,8.0,1.0,4.0,0.0,1.0,14.0,,,,0.0,0.5555555555555556,6.0,2.0,0.0,2.5333333333333337,9.0,0.0,3.0,0.0,2.0,6.0,,,,True,True,UNKNOWN,False,False
2021005660,2022-05-13 18:00:00,読売ジャイアンツ,中日ドラゴンズ,5.0,2.0,UNKNOWN,東京ドーム,unknown,low,False,False,1000138,1800028,[],[],,,,,0,light,2022-05-13T09:00:00+00:00,,UNKNOWN,,,,UNKNOWN,UNKNOWN,,UNKNOWN,,3.0,1.5,6.0,4.5,1.5,5.533333333333333,6.0,2.0,6.0,1.0,3.0,4.0,,,,2.5714285714285716,1.1428571428571428,2.5714285714285716,3.857142857142857,1.2857142857142858,5.771428571428572,7.0,2.0,5.0,1.0,3.0,2.0,,,,True,True,UNKNOWN,False,False
2021005664,2022-05-13 18:00:00,埼玉西武ライオンズ,東北楽天ゴールデンイーグルス,4.0,2.0,UNKNOWN,ベルーナドーム,unknown,low,False,False,1900117,1400182,[],[],,,,,0,light,2022-05-13T09:00:00+00:00,,UNKNOWN,,,,UNKNOWN,UNKNOWN,,UNKNOWN,,3.176470588235294,1.588235294117647,9.529411764705882,3.176470588235294,1.588235294117647,4.435294117647059,5.666666666666667,2.0,7.0,1.0,2.0,6.0,,,,3.0,1.5,6.0,4.5,1.5,5.533333333333333,6.0,2.0,6.0,1.0,3.0,4.0,,,,True,True,UNKNOWN,False,False
2021005665,2022-05-13 18:00:00,オリックス・バファローズ,千葉ロッテマリーンズ,1.0,4.0,UNKNOWN,京セラドーム大阪,unknown,low,False,False,1900080,1700109,[],[],,,,,0,light,2022-05-13T09:00:00+00:00,,UNKNOWN,,,,UNKNOWN,UNKNOWN,,UNKNOWN,,1.2857142857142858,0.8571428571428571,9.0,0.0,0.0,1.2000000000000002,7.0,1.0,6.0,0.0,0.0,7.0,,,,2.5714285714285716,1.1428571428571428,6.428571428571429,5.142857142857143,0.0,3.4857142857142858,7.0,2.0,4.0,0.0,4.0,5.0,,,,True,True,UNKNOWN,False,False
2021005666,2022-05-14 14:00:00,読売ジャイアンツ,中日ドラゴンズ,7.0,6.0,UNKNOWN,東京ドーム,unknown,low,False,False,2000042,1460009,[],[],,,,,0,light,2022-05-14T05:00:00+00:00,,UNKNOWN,,,,UNKNOWN,UNKNOWN,,UNKNOWN,,3.176470588235294,1.588235294117647,11.117647058823529,6.352941176470588,0.0,2.847058823529412,5.666666666666667,2.0,5.0,0.0,4.0,7.0,,,,5.4,1.0,3.6,0.0,1.8,5.0,5.0,3.0,5.0,1.0,0.0,2.0,,,,True,True,UNKNOWN,False,False
2021005667,2022-05-14 14:00:00,横浜DeNAベイスターズ,阪神タイガース,2.0,9.0,UNKNOWN,横浜スタジアム,unknown,low,False,False,1500090,1800043,[],[],,,,,0,light,2022-05-14T05:00:00+00:00,,UNKNOWN,,,,UNKNOWN,UNKNOWN,,UNKNOWN,,3.0,1.3333333333333333,9.0,0.0,0.0,1.2000000000000002,6.0,2.0,8.0,0.0,0.0,6.0,,,,13.5,1.9285714285714284,5.785714285714286,1.9285714285714284,1.9285714285714284,5.342857142857143,4.666666666666667,7.0,8.0,1.0,1.0,3.0,,,,True,True,UNKNOWN,False,False
2021005669,2022-05-14 14:00:00,北海道日本ハムファイターズ,福岡ソフトバンクホークス,2.0,0.0,UNKNOWN,札幌ドーム,unknown,low,False,False,1900106,1100099,[],[],,,,,0,light,2022-05-14T05:00:00+00:00,,UNKNOWN,,,,UNKNOWN,UNKNOWN,,UNKNOWN,,3.176470588235294,1.2352941176470587,6.352941176470588,0.0,0.0,1.7882352941176474,5.666666666666667,2.0,7.0,0.0,0.0,4.0,,,,0.0,0.875,3.375,2.25,0.0,3.2,8.0,0.0,5.0,0.0,2.0,3.0,,,,True,True,UNKNOWN,False,False
2021005668,2022-05-14 14:00:00,広島東洋カープ,東京ヤクルトスワローズ,3.0,5.0,UNKNOWN,MAZDA Zoom-Zoom スタジアム広島,unknown,low,False,False,1500040,1900052,[],[],,,,,0,light,2022-05-14T05:00:00+00:00,,UNKNOWN,,,,UNKNOWN,UNKNOWN,,UNKNOWN,,3.6,1.4,3.6,1.8,0.0,3.0,5.0,2.0,6.0,0.0,1.0,2.0,,,,1.2857142857142858,1.5714285714285714,9.0,1.2857142857142858,1.2857142857142858,3.4857142857142858,7.0,1.0,10.0,1.0,1.0,7.0,,,,True,True,UNKNOWN,False,False
2021005670,2022-05-14 14:00:00,埼玉西武ライオンズ,東北楽天ゴールデンイーグルス,5.0,4.0,UNKNOWN,ベルーナドーム,unknown,low,False,False,2000121,2103714,[],[],,,,,0,light,2022-05-14T05:00:00+00:00,,UNKNOWN,,,,UNKNOWN,UNKNOWN,,UNKNOWN,,1.5,1.1666666666666667,13.5,1.5,1.5,2.8666666666666667,6.0,1.0,6.0,1.0,1.0,9.0,,,,7.2,2.0,7.2,9.0,0.0,4.6,5.0,4.0,5.0,0.0,5.0,4.0,,,,True,True,UNKNOWN,False,False
2021005671,2022-05-14 14:00:00,オリックス・バファローズ,千葉ロッテマリーンズ,1.0,0.0,UNKNOWN,京セラドーム大阪,excluded,high,False,False,2000095,1600153,[],[],,,,,0,light,2022-05-14T05:00:00+00:00,,UNKNOWN,,,,UNKNOWN,UNKNOWN,,UNKNOWN,,0.0,0.5,3.0,1.5,0.0,3.0333333333333337,6.0,0.0,2.0,0.0,1.0,2.0,,,,0.0,1.0,10.125,3.375,0.0,2.075,8.0,0.0,5.0,0.0,3.0,9.0,,,,True,True,UNKNOWN,False,False
2021005677,2022-05-15 13:00:00,オリックス・バファローズ,千葉ロッテマリーンズ,8.0,5.0,UNKNOWN,京セラドーム大阪,unknown,low,False,False,1800130,1900087,[],[],,,,,0,light,2022-05-15T04:00:00+00:00,,UNKNOWN,,,,UNKNOWN,UNKNOWN,,UNKNOWN,,7.2,2.6,10.8,9.0,0.0,3.8000000000000003,5.0,4.0,8.0,0.0,5.0,6.0,,,,7.105263157894737,1.2631578947368423,9.947368421052632,1.4210526315789473,0.0,1.4631578947368422,6.333333333333333,5.0,7.0,0.0,1.0,7.0,,,,True,True,UNKNOWN,False,False
2021005674,2022-05-15 13:30:00,広島東洋カープ,東京ヤクルトスワローズ,5.0,5.0,UNKNOWN,MAZDA Zoom-Zoom スタジアム広島,unknown,low,False,False,12113,1860147,[],[],,,,,0,light,2022-05-15T04:30:00+00:00,,UNKNOWN,,,,UNKNOWN,UNKNOWN,,UNKNOWN,,5.4,1.2,3.6,1.8,1.8,5.6,5.0,3.0,5.0,1.0,1.0,2.0,,,,7.941176470588235,1.588235294117647,1.588235294117647,3.176470588235294,1.588235294117647,6.2,5.666666666666667,5.0,7.0,1.0,2.0,1.0,,,,True,True,UNKNOWN,False,False
2021005676,2022-05-15 13:00:00,埼玉西武ライオンズ,東北楽天ゴールデンイーグルス,1.0,3.0,UNKNOWN,ベルーナドーム,unknown,low,False,False,1200117,1961288,[],[],,,,,0,light,2022-05-15T04:00:00+00:00,,UNKNOWN,,,,UNKNOWN,UNKNOWN,,UNKNOWN,,0.0,1.1428571428571428,6.428571428571429,3.857142857142857,0.0,3.0571428571428574,7.0,0.0,5.0,0.0,3.0,5.0,,,,4.153846153846154,2.076923076923077,12.461538461538462,8.307692307692308,2.076923076923077,6.2,4.333333333333333,2.0,5.0,1.0,4.0,6.0,,,,True,True,UNKNOWN,False,False
2021005672,2022-05-15 14:00:00,読売ジャイアンツ,中日ドラゴンズ,3.0,9.0,UNKNOWN,東京ドーム,unknown,low,False,False,1600106,1800023,[],[],,,,,0,light,2022-05-15T05:00:00+00:00,,UNKNOWN,,,,UNKNOWN,UNKNOWN,,UNKNOWN,,2.5714285714285716,1.1428571428571428,10.285714285714286,2.5714285714285716,2.5714285714285716,5.485714285714286,7.0,2.0,6.0,2.0,2.0,8.0,,,,16.200000000000003,3.6000000000000005,10.8,0.0,0.0,0.7999999999999998,1.6666666666666665,3.0,6.0,0.0,0.0,2.0,,,,True,True,UNKNOWN,False,False
2021005673,2022-05-15 14:00:00,横浜DeNAベイスターズ,阪神タイガース,1.0,8.0,UNKNOWN,横浜スタジアム,unknown,low,False,False,1561881,1700058,[],[],,,,,0,light,2022-05-15T05:00:00+00:00,,UNKNOWN,,,,UNKNOWN,UNKNOWN,,UNKNOWN,,1.5,1.0,4.5,1.5,0.0,2.7,6.0,1.0,5.0,0.0,1.0,3.0,,,,12.0,2.6666666666666665,12.0,6.0,3.0,6.866666666666667,3.0,4.0,6.0,1.0,2.0,4.0,,,,True,True,UNKNOWN,False,False
2021005675,2022-05-15 14:00:00,北海道日本ハムファイターズ,福岡ソフトバンクホークス,10.0,2.0,UNKNOWN,札幌ドーム,unknown,low,False,False,1300080,1300094,[],[],,,,,0,light,2022-05-15T05:00:00+00:00,,UNKNOWN,,,,UNKNOWN,UNKNOWN,,UNKNOWN,,18.9,3.0,0.0,10.799999999999999,0.0,6.8,3.3333333333333335,7.0,6.0,0.0,4.0,0.0,,,,3.6,1.4,10.8,0.0,1.8,3.4000000000000004,5.0,2.0,7.0,1.0,0.0,6.0,,,,True,True,UNKNOWN,False,False
2021005679,2022-05-17 18:00:00,東京ヤクルトスワローズ,阪神タイガース,2.0,1.0,UNKNOWN,明治神宮野球場,unknown,low,False,False,900062,2000139,[],[],,,,,0,light,2022-05-17T09:00:00+00:00,,UNKNOWN,,,,UNKNOWN,UNKNOWN,,UNKNOWN,,0.0,0.8333333333333334,7.5,1.5,0.0,2.033333333333333,6.0,0.0,4.0,0.0,1.0,5.0,,,,1.2857142857142858,0.7142857142857143,5.142857142857143,1.2857142857142858,1.2857142857142858,4.342857142857143,7.0,1.0,4.0,1.0,1.0,4.0,,,,True,True,UNKNOWN,False,False
2021005680,2022-05-17 18:00:00,中日ドラゴンズ,横浜DeNAベイスターズ,0.0,4.0,UNKNOWN,バンテリンドーム ナゴヤ,unknown,low,False,False,1500061,1500074,[],[],,,,,0,light,2022-05-17T09:00:00+00:00,,UNKNOWN,,,,UNKNOWN,UNKNOWN,,UNKNOWN,,0.0,0.5555555555555556,13.0,1.0,0.0,0.6444444444444448,9.0,0.0,4.0,0.0,1.0,13.0,,,,4.5,1.25,4.5,2.25,1.125,4.575,8.0,4.0,8.0,1.0,2.0,4.0,,,,True,True,UNKNOWN,False,False
2021005678,2022-05-17 18:00:00,読売ジャイアンツ,広島東洋カープ,3.0,2.0,UNKNOWN,宇都宮清原球場,excluded,high,False,False,1700072,1700002,[],[],,,,,0,light,2022-05-17T09:00:00+00:00,,UNKNOWN,,,,UNKNOWN,UNKNOWN,,UNKNOWN,,3.375,1.0,7.875,3.375,0.0,2.575,8.0,3.0,5.0,0.0,3.0,7.0,,,,2.25,0.875,5.625,2.25,0.0,2.7,8.0,2.0,5.0,0.0,2.0,5.0,,,,True,True,UNKNOWN,False,False
2021005682,2022-05-17 18:00:00,千葉ロッテマリーンズ,東北楽天ゴールデンイーグルス,6.0,3.0,UNKNOWN,ZOZOマリンスタジアム,unknown,low,False,False,700069,1300050,[],[],,,,,0,light,2022-05-17T09:00:00+00:00,,UNKNOWN,,,,UNKNOWN,UNKNOWN,,UNKNOWN,,7.105263157894737,1.736842105263158,9.947368421052632,0.0,1.4210526315789473,3.042105263157895,6.333333333333333,5.0,11.0,1.0,0.0,7.0,,,,3.0,1.8333333333333333,4.5,3.0,0.0,3.2,6.0,2.0,9.0,0.0,2.0,3.0,,,,True,True,UNKNOWN,False,False
2021005681,2022-05-17 18:30:00,埼玉西武ライオンズ,福岡ソフトバンクホークス,1.0,5.0,UNKNOWN,沖縄セルラースタジアム那覇,unknown,low,False,False,1200106,1700125,[],[],,,,,0,light,2022-05-17T09:30:00+00:00,,UNKNOWN,,,,UNKNOWN,UNKNOWN,,UNKNOWN,,0.0,0.5714285714285714,7.714285714285714,2.5714285714285716,0.0,2.342857142857143,7.0,0.0,2.0,0.0,2.0,6.0,,,,0.0,0.5,9.0,0.0,0.0,1.2000000000000002,8.0,0.0,4.0,0.0,0.0,8.0,,,,True,True,UNKNOWN,False,False
2021005683,2022-05-17 18:00:00,オリックス・バファローズ,北海道日本ハムファイターズ,3.0,0.0,UNKNOWN,ほっともっとフィールド神戸,unknown,low,False,False,1500110,1600150,[],[],,,,,0,light,2022-05-17T09:00:00+00:00,,UNKNOWN,,,,UNKNOWN,UNKNOWN,,UNKNOWN,,2.6999999999999997,1.05,4.05,0.0,0.0,2.3000000000000003,6.666666666666667,2.0,7.0,0.0,0.0,3.0,,,,0.0,0.3,5.3999999999999995,0.0,0.0,2.0,3.3333333333333335,0.0,1.0,0.0,0.0,2.0,,,,True,True,UNKNOWN,False,False
2021005684,2022-05-18 18:00:00,読売ジャイアンツ,広島東洋カープ,4.0,2.0,UNKNOWN,東京ドーム,unknown,low,False,False,1600123,2000006,[],[],,,,,0,light,2022-05-18T09:00:00+00:00,,UNKNOWN,,,,UNKNOWN,UNKNOWN,,UNKNOWN,,7.2,1.8,5.4,5.4,3.6,9.0,5.0,4.0,6.0,2.0,3.0,3.0,,,,1.588235294117647,1.588235294117647,7.941176470588235,3.176470588235294,0.0,2.4941176470588236,5.666666666666667,1.0,7.0,0.0,2.0,5.0,,,,True,True,UNKNOWN,False,False
2021005686,2022-05-18 18:00:00,中日ドラゴンズ,横浜DeNAベイスターズ,6.0,7.0,UNKNOWN,バンテリンドーム ナゴヤ,unknown,low,False,False,2000145,1200098,[],[],,,,,0,light,2022-05-18T09:00:00+00:00,,UNKNOWN,,,,UNKNOWN,UNKNOWN,,UNKNOWN,,9.0,2.0,3.6,3.6,0.0,3.6,5.0,5.0,8.0,0.0,2.0,2.0,,,,11.25,2.5,4.5,4.5,2.25,6.95,4.0,5.0,8.0,1.0,2.0,2.0,,,,True,True,UNKNOWN,False,False
2021005685,2022-05-18 18:00:00,東京ヤクルトスワローズ,阪神タイガース,1.0,8.0,UNKNOWN,明治神宮野球場,unknown,low,False,False,1900044,1500042,[],[],,,,,0,light,2022-05-18T09:00:00+00:00,,UNKNOWN,,,,UNKNOWN,UNKNOWN,,UNKNOWN,,1.0,0.6666666666666666,7.0,0.0,1.0,3.088888888888889,9.0,1.0,6.0,1.0,0.0,7.0,,,,12.0,1.6666666666666667,18.0,3.0,9.0,13.2,3.0,4.0,4.0,3.0,1.0,6.0,,,,True,True,UNKNOWN,False,False
2021005688,2022-05-18 18:00:00,千葉ロッテマリーンズ,東北楽天ゴールデンイーグルス,1.0,0.0,UNKNOWN,ZOZOマリンスタジアム,unknown,low,False,False,500014,1800052,[],[],,,,,0,light,2022-05-18T09:00:00+00:00,,UNKNOWN,,,,UNKNOWN,UNKNOWN,,UNKNOWN,,0.0,0.3,2.6999999999999997,0.0,0.0,2.6,3.3333333333333335,0.0,1.0,0.0,0.0,1.0,,,,0.0,0.8571428571428571,6.428571428571429,2.5714285714285716,0.0,2.628571428571429,7.0,0.0,4.0,0.0,2.0,5.0,,,,True,True,UNKNOWN,False,False
2021005689,2022-05-18 18:00:00,オリックス・バファローズ,北海道日本ハムファイターズ,4.0,11.0,UNKNOWN,ほっともっとフィールド神戸,unknown,low,False,False,1800092,1961077,[],[],,,,,0,light,2022-05-18T09:00:00+00:00,,UNKNOWN,,,,UNKNOWN,UNKNOWN,,UNKNOWN,,3.8571428571428568,1.2857142857142856,7.7142857142857135,3.8571428571428568,0.0,2.771428571428572,4.666666666666667,2.0,4.0,0.0,2.0,4.0,,,,9.0,1.4,1.8,1.8,1.8,6.0,5.0,5.0,6.0,1.0,1.0,1.0,,,,True,True,UNKNOWN,False,False
2021005687,2022-05-18 18:30:00,埼玉西武ライオンズ,福岡ソフトバンクホークス,2.0,3.0,UNKNOWN,沖縄セルラースタジアム那覇,unknown,low,False,False,1800107,1751148,[],[],,,,,0,light,2022-05-18T09:30:00+00:00,,UNKNOWN,,,,UNKNOWN,UNKNOWN,,UNKNOWN,,3.375,0.75,5.0625,3.375,0.0,3.2,5.333333333333333,2.0,2.0,0.0,2.0,3.0,,,,3.0,1.5,13.5,4.5,0.0,1.7000000000000002,6.0,2.0,6.0,0.0,3.0,9.0,,,,True,True,UNKNOWN,False,False
2021005690,2022-05-19 18:00:00,読売ジャイアンツ,広島東洋カープ,2.0,1.0,UNKNOWN,東京ドーム,unknown,low,False,False,1300058,1200041,[],[],,,,,0,light,2022-05-19T09:00:00+00:00,,UNKNOWN,,,,UNKNOWN,UNKNOWN,,UNKNOWN,,2.5714285714285716,1.2857142857142858,12.857142857142858,2.5714285714285716,0.0,1.2000000000000002,7.0,2.0,7.0,0.0,2.0,10.0,,,,1.0799999999999998,0.72,5.3999999999999995,1.0799999999999998,0.0,2.3600000000000003,8.333333333333334,1.0,5.0,0.0,1.0,5.0,,,,True,True,UNKNOWN,False,False
2021005692,2022-05-19 18:00:00,千葉ロッテマリーンズ,東北楽天ゴールデンイーグルス,2.0,7.0,UNKNOWN,ZOZOマリンスタジアム,unknown,low,False,False,700065,2000090,[],[],,,,,0,light,2022-05-19T09:00:00+00:00,,UNKNOWN,,,,UNKNOWN,UNKNOWN,,UNKNOWN,,3.0,1.1666666666666667,9.0,1.5,3.0,6.033333333333333,6.0,2.0,6.0,2.0,1.0,6.0,,,,1.5,1.0,6.0,4.5,1.5,5.533333333333333,6.0,1.0,3.0,1.0,3.0,4.0,,,,True,True,UNKNOWN,False,False
2021005691,2022-05-19 18:00:00,東京ヤクルトスワローズ,阪神タイガース,3.0,0.0,UNKNOWN,明治神宮野球場,unknown,low,False,False,1900147,1200076,[],[],,,,,0,light,2022-05-19T09:00:00+00:00,,UNKNOWN,,,,UNKNOWN,UNKNOWN,,UNKNOWN,,1.5,1.0,4.5,3.0,0.0,3.2,6.0,1.0,4.0,0.0,2.0,3.0,,,,0.0,0.7142857142857143,5.142857142857143,3.857142857142857,0.0,3.342857142857143,7.0,0.0,2.0,0.0,3.0,4.0,,,,True,True,UNKNOWN,False,False
2021005694,2022-05-20 18:00:00,阪神タイガース,読売ジャイアンツ,2.0,6.0,UNKNOWN,阪神甲子園球場,unknown,low,False,False,1800028,1500090,[],[],,,,,0,light,2022-05-20T09:00:00+00:00,,UNKNOWN,,,,UNKNOWN,UNKNOWN,,UNKNOWN,,0.0,0.875,6.75,3.375,0.0,2.825,8.0,0.0,4.0,0.0,3.0,6.0,,,,3.0,1.1666666666666667,12.0,0.0,0.0,0.5333333333333337,6.0,2.0,7.0,0.0,0.0,8.0,,,,True,True,UNKNOWN,False,False
2021005696,2022-05-20 18:00:00,北海道日本ハムファイターズ,埼玉西武ライオンズ,5.0,3.0,UNKNOWN,札幌ドーム,unknown,low,False,False,1400182,2000079,[],[],,,,,0,light,2022-05-20T09:00:00+00:00,,UNKNOWN,,,,UNKNOWN,UNKNOWN,,UNKNOWN,,7.105263157894737,1.4210526315789473,5.684210526315789,2.8421052631578947,0.0,2.8842105263157896,6.333333333333333,5.0,7.0,0.0,2.0,4.0,,,,2.5714285714285716,1.0,5.142857142857143,0.0,0.0,2.0571428571428574,7.0,2.0,7.0,0.0,0.0,4.0,,,,True,True,UNKNOWN,False,False
2021005693,2022-05-20 18:00:00,横浜DeNAベイスターズ,東京ヤクルトスワローズ,3.0,1.0,UNKNOWN,横浜スタジアム,unknown,low,False,False,1300045,1800045,[],[],,,,,0,light,2022-05-20T09:00:00+00:00,,UNKNOWN,,,,UNKNOWN,UNKNOWN,,UNKNOWN,,3.857142857142857,1.1428571428571428,2.5714285714285716,1.2857142857142858,0.0,3.0571428571428574,7.0,3.0,7.0,0.0,1.0,2.0,,,,1.8,1.0,10.8,1.8,0.0,1.4000000000000001,5.0,1.0,4.0,0.0,1.0,6.0,,,,True,True,UNKNOWN,False,False
2021005695,2022-05-20 18:00:00,広島東洋カープ,中日ドラゴンズ,11.0,5.0,UNKNOWN,MAZDA Zoom-Zoom スタジアム広島,unknown,low,False,False,1000138,1300057,[],[],,,,,0,light,2022-05-20T09:00:00+00:00,,UNKNOWN,,,,UNKNOWN,UNKNOWN,,UNKNOWN,,11.25,1.5,11.25,2.25,2.25,4.7,4.0,5.0,5.0,1.0,1.0,5.0,,,,5.625,1.0,7.875,1.125,2.25,5.075,8.0,5.0,7.0,2.0,1.0,7.0,,,,True,True,UNKNOWN,False,False
2021005697,2022-05-20 18:00:00,東北楽天ゴールデンイーグルス,オリックス・バファローズ,0.0,1.0,UNKNOWN,楽天生命パーク宮城,unknown,low,False,False,1700109,1900117,[],[],,,,,0,light,2022-05-20T09:00:00+00:00,,UNKNOWN,,,,UNKNOWN,UNKNOWN,,UNKNOWN,,0.0,1.1428571428571428,9.0,2.5714285714285716,0.0,2.0571428571428574,7.0,0.0,6.0,0.0,2.0,7.0,,,,1.5,1.0,4.5,0.0,1.5,4.366666666666667,6.0,1.0,6.0,1.0,0.0,3.0,,,,True,True,UNKNOWN,False,False
2021005699,2022-05-21 14:00:00,横浜DeNAベイスターズ,東京ヤクルトスワローズ,2.0,9.0,UNKNOWN,横浜スタジアム,unknown,low,False,False,1500040,1800043,[],[],,,,,0,light,2022-05-21T05:00:00+00:00,,UNKNOWN,,,,UNKNOWN,UNKNOWN,,UNKNOWN,,3.6,1.4,3.6,0.0,0.0,2.4000000000000004,5.0,2.0,7.0,0.0,0.0,2.0,,,,6.0,1.1666666666666667,9.0,1.5,3.0,6.033333333333333,6.0,4.0,6.0,2.0,1.0,6.0,,,,True,True,UNKNOWN,False,False
2021005698,2022-05-20 18:00:00,福岡ソフトバンクホークス,千葉ロッテマリーンズ,1.0,8.0,UNKNOWN,福岡PayPayドーム,unknown,low,False,False,1900080,1000174,[],[],,,,,0,light,2022-05-20T09:00:00+00:00,,UNKNOWN,,,,UNKNOWN,UNKNOWN,,UNKNOWN,,1.5,1.0,13.5,3.0,0.0,1.2000000000000002,6.0,1.0,4.0,0.0,2.0,9.0,,,,9.0,2.25,4.5,6.75,0.0,4.45,4.0,4.0,6.0,0.0,3.0,2.0,,,,True,True,UNKNOWN,False,False
2021005700,2022-05-21 14:00:00,阪神タイガース,読売ジャイアンツ,2.0,1.0,UNKNOWN,阪神甲子園球場,unknown,low,False,False,1460009,1561881,[],[],,,,,0,light,2022-05-21T05:00:00+00:00,,UNKNOWN,,,,UNKNOWN,UNKNOWN,,UNKNOWN,,3.6,1.2,5.4,1.8,0.0,2.6,5.0,2.0,5.0,0.0,1.0,3.0,,,,0.0,0.5714285714285714,6.428571428571429,1.2857142857142858,0.0,2.2,7.0,0.0,3.0,0.0,1.0,5.0,,,,True,True,UNKNOWN,False,False
2021005701,2022-05-21 14:00:00,広島東洋カープ,中日ドラゴンズ,10.0,1.0,UNKNOWN,MAZDA Zoom-Zoom スタジアム広島,unknown,low,False,False,1900039,1900052,[],[],,,,,0,light,2022-05-21T05:00:00+00:00,,UNKNOWN,,,,UNKNOWN,UNKNOWN,,UNKNOWN,,40.5,5.5,0.0,9.0,9.0,19.2,2.0,9.0,9.0,2.0,2.0,0.0,,,,0.0,1.0,3.857142857142857,1.2857142857142858,0.0,2.771428571428572,7.0,0.0,6.0,0.0,1.0,3.0,,,,True,True,UNKNOWN,False,False
2021005702,2022-05-21 14:00:00,北海道日本ハムファイターズ,埼玉西武ライオンズ,4.0,0.0,UNKNOWN,札幌ドーム,unknown,low,False,False,400010,1100099,[],[],,,,,0,light,2022-05-21T05:00:00+00:00,,UNKNOWN,,,,UNKNOWN,UNKNOWN,,UNKNOWN,,5.785714285714286,1.5,5.785714285714286,1.9285714285714284,1.9285714285714284,5.342857142857143,4.666666666666667,3.0,6.0,1.0,1.0,3.0,,,,0.0,0.2857142857142857,5.142857142857143,1.2857142857142858,0.0,2.4857142857142858,7.0,0.0,1.0,0.0,1.0,4.0,,,,True,True,UNKNOWN,False,False
2021005703,2022-05-21 14:00:00,東北楽天ゴールデンイーグルス,オリックス・バファローズ,0.0,6.0,UNKNOWN,楽天生命パーク宮城,unknown,low,False,False,1600153,2000121,[],[],,,,,0,light,2022-05-21T05:00:00+00:00,,UNKNOWN,,,,UNKNOWN,UNKNOWN,,UNKNOWN,,0.0,1.0,7.2,5.4,0.0,3.4000000000000004,5.0,0.0,2.0,0.0,3.0,4.0,,,,7.2,1.4,10.8,0.0,1.8,3.4000000000000004,5.0,4.0,7.0,1.0,0.0,6.0,,,,True,True,UNKNOWN,False,False
2021005709,2022-05-22 13:00:00,東北楽天ゴールデンイーグルス,オリックス・バファローズ,1.0,6.0,UNKNOWN,楽天生命パーク宮城,unknown,low,False,False,1900087,1200117,[],[],,,,,0,light,2022-05-22T04:00:00+00:00,,UNKNOWN,,,,UNKNOWN,UNKNOWN,,UNKNOWN,,1.5,1.0,6.0,1.5,0.0,2.3666666666666667,6.0,1.0,5.0,0.0,1.0,4.0,,,,9.0,1.6666666666666667,6.0,3.0,1.5,5.033333333333333,6.0,6.0,8.0,1.0,2.0,4.0,,,,True,True,UNKNOWN,False,False
2021005704,2022-05-21 14:00:00,福岡ソフトバンクホークス,千葉ロッテマリーンズ,2.0,4.0,UNKNOWN,福岡PayPayドーム,unknown,low,False,False,1000155,1900106,[],[],,,,,0,light,2022-05-21T05:00:00+00:00,,UNKNOWN,,,,UNKNOWN,UNKNOWN,,UNKNOWN,,3.0,1.5,10.5,1.5,0.0,1.366666666666667,6.0,2.0,8.0,0.0,1.0,7.0,,,,3.6,1.2,9.0,1.8,0.0,1.8000000000000003,5.0,2.0,5.0,0.0,1.0,5.0,,,,True,True,UNKNOWN,False,False
2021005707,2022-05-22 13:30:00,広島東洋カープ,中日ドラゴンズ,1.0,0.0,UNKNOWN,MAZDA Zoom-Zoom スタジアム広島,unknown,low,False,False,1600106,1860147,[],[],,,,,0,light,2022-05-22T04:30:00+00:00,,UNKNOWN,,,,UNKNOWN,UNKNOWN,,UNKNOWN,,1.2272727272727273,0.5454545454545455,4.909090909090909,1.2272727272727273,1.2272727272727273,4.290909090909091,7.333333333333333,1.0,3.0,1.0,1.0,4.0,,,,0.0,0.8333333333333334,7.5,0.0,0.0,1.5333333333333334,6.0,0.0,5.0,0.0,0.0,5.0,,,,True,True,UNKNOWN,False,False
2021005710,2022-05-22 13:00:00,福岡ソフトバンクホークス,千葉ロッテマリーンズ,3.0,2.0,UNKNOWN,福岡PayPayドーム,unknown,low,False,False,1800130,20204,[],[],,,,,0,light,2022-05-22T04:00:00+00:00,,UNKNOWN,,,,UNKNOWN,UNKNOWN,,UNKNOWN,,4.5,1.1666666666666667,4.5,0.0,1.5,4.366666666666667,6.0,3.0,7.0,1.0,0.0,3.0,,,,1.588235294117647,0.5294117647058824,7.941176470588235,1.588235294117647,0.0,1.9647058823529415,5.666666666666667,1.0,2.0,0.0,1.0,5.0,,,,True,True,UNKNOWN,False,False
2021005706,2022-05-22 14:00:00,阪神タイガース,読売ジャイアンツ,4.0,0.0,UNKNOWN,阪神甲子園球場,unknown,low,False,False,1800023,2000052,[],[],,,,,0,light,2022-05-22T05:00:00+00:00,,UNKNOWN,,,,UNKNOWN,UNKNOWN,,UNKNOWN,,16.200000000000003,3.6000000000000005,10.8,16.200000000000003,0.0,6.200000000000001,1.6666666666666665,3.0,3.0,0.0,3.0,2.0,,,,0.0,0.8888888888888888,2.0,0.0,0.0,2.7555555555555555,9.0,0.0,8.0,0.0,0.0,2.0,,,,True,True,UNKNOWN,False,False
2021005711,2022-05-24 18:00:00,読売ジャイアンツ,オリックス・バファローズ,4.0,2.0,UNKNOWN,東京ドーム,interleague,high,True,True,1600150,1700002,[],[],,,,,0,light,2022-05-24T09:00:00+00:00,,UNKNOWN,,,,UNKNOWN,UNKNOWN,,UNKNOWN,,3.0,0.6666666666666666,10.5,1.5,1.5,3.5333333333333337,6.0,2.0,3.0,1.0,1.0,7.0,,,,2.5714285714285716,0.8571428571428571,9.0,0.0,0.0,1.2000000000000002,7.0,2.0,6.0,0.0,0.0,7.0,,,,True,True,UNKNOWN,False,False
2021005708,2022-05-22 14:00:00,北海道日本ハムファイターズ,埼玉西武ライオンズ,0.0,3.0,UNKNOWN,札幌ドーム,unknown,low,False,False,1961288,500027,[],[],,,,,0,light,2022-05-22T05:00:00+00:00,,UNKNOWN,,,,UNKNOWN,UNKNOWN,,UNKNOWN,,0.0,0.42857142857142855,2.5714285714285716,0.0,0.0,2.628571428571429,7.0,0.0,3.0,0.0,0.0,2.0,,,,6.0,1.6666666666666667,9.0,0.0,0.0,1.2000000000000002,3.0,2.0,5.0,0.0,0.0,3.0,,,,True,True,UNKNOWN,False,False
2021005705,2022-05-22 14:00:00,横浜DeNAベイスターズ,東京ヤクルトスワローズ,3.0,5.0,UNKNOWN,横浜スタジアム,excluded,high,False,False,1900025,1600145,[],[],,,,,0,light,2022-05-22T05:00:00+00:00,,UNKNOWN,,,,UNKNOWN,UNKNOWN,,UNKNOWN,,4.153846153846154,2.307692307692308,6.230769230769231,4.153846153846154,0.0,3.2,4.333333333333333,2.0,8.0,0.0,2.0,3.0,,,,6.75,1.25,2.25,2.25,0.0,3.45,4.0,3.0,4.0,0.0,1.0,1.0,,,,True,True,UNKNOWN,False,False
2021005712,2022-05-24 18:00:00,東京ヤクルトスワローズ,北海道日本ハムファイターズ,3.0,1.0,UNKNOWN,明治神宮野球場,unknown,low,False,False,1500110,2000139,[],[],,,,,0,light,2022-05-24T09:00:00+00:00,,UNKNOWN,,,,UNKNOWN,UNKNOWN,,UNKNOWN,,0.0,0.8571428571428571,6.428571428571429,1.2857142857142858,0.0,2.2,7.0,0.0,5.0,0.0,1.0,5.0,,,,1.8,1.0,10.8,1.8,0.0,1.4000000000000001,5.0,1.0,4.0,0.0,1.0,6.0,,,,True,True,UNKNOWN,False,False
2021005713,2022-05-24 18:00:00,横浜DeNAベイスターズ,福岡ソフトバンクホークス,4.0,3.0,UNKNOWN,横浜スタジアム,unknown,low,False,False,1300080,1500061,[],[],,,,,0,light,2022-05-24T09:00:00+00:00,,UNKNOWN,,,,UNKNOWN,UNKNOWN,,UNKNOWN,,4.764705882352941,1.7647058823529411,4.764705882352941,0.0,1.588235294117647,4.435294117647059,5.666666666666667,3.0,10.0,1.0,0.0,3.0,,,,3.0,1.1666666666666667,7.5,4.5,0.0,3.0333333333333337,6.0,2.0,4.0,0.0,3.0,5.0,,,,True,True,UNKNOWN,False,False
2021005714,2022-05-24 18:00:00,中日ドラゴンズ,埼玉西武ライオンズ,5.0,8.0,UNKNOWN,バンテリンドーム ナゴヤ,interleague,high,True,True,2103714,1500074,[],[],,,,,0,light,2022-05-24T09:00:00+00:00,,UNKNOWN,,,,UNKNOWN,UNKNOWN,,UNKNOWN,,9.0,2.0,9.0,9.0,3.0,8.533333333333333,3.0,3.0,3.0,1.0,3.0,3.0,,,,13.5,3.0,8.1,5.3999999999999995,0.0,3.2,3.3333333333333335,5.0,8.0,0.0,2.0,3.0,,,,True,True,UNKNOWN,False,False
2021005715,2022-05-24 18:00:00,阪神タイガース,東北楽天ゴールデンイーグルス,1.0,0.0,UNKNOWN,阪神甲子園球場,interleague,high,True,True,700069,900062,[],[],,,,,0,light,2022-05-24T09:00:00+00:00,,UNKNOWN,,,,UNKNOWN,UNKNOWN,,UNKNOWN,,1.5,1.1666666666666667,7.5,1.5,0.0,2.033333333333333,6.0,1.0,6.0,0.0,1.0,5.0,,,,0.0,1.5,9.0,1.5,0.0,1.7000000000000002,6.0,0.0,8.0,0.0,1.0,6.0,,,,True,True,UNKNOWN,False,False
2021005716,2022-05-24 18:00:00,広島東洋カープ,千葉ロッテマリーンズ,0.0,7.0,UNKNOWN,MAZDA Zoom-Zoom スタジアム広島,interleague,high,True,True,1300050,1600123,[],[],,,,,0,light,2022-05-24T09:00:00+00:00,,UNKNOWN,,,,UNKNOWN,UNKNOWN,,UNKNOWN,,0.0,0.5714285714285714,7.714285714285714,1.2857142857142858,0.0,1.9142857142857144,7.0,0.0,3.0,0.0,1.0,6.0,,,,3.857142857142857,0.8571428571428571,5.142857142857143,2.5714285714285716,0.0,2.9142857142857146,7.0,3.0,4.0,0.0,2.0,4.0,,,,True,True,UNKNOWN,False,False
2021005717,2022-05-25 18:00:00,読売ジャイアンツ,オリックス・バファローズ,5.0,3.0,UNKNOWN,東京ドーム,unknown,low,False,False,1961077,2000006,[],[],,,,,0,light,2022-05-25T09:00:00+00:00,,UNKNOWN,,,,UNKNOWN,UNKNOWN,,UNKNOWN,,5.4,1.2,9.0,1.8,1.8,4.4,5.0,3.0,5.0,1.0,1.0,5.0,,,,3.6,1.2,3.6,1.8,0.0,3.0,5.0,2.0,5.0,0.0,1.0,2.0,,,,True,True,UNKNOWN,False,False
2021005718,2022-05-25 18:00:00,東京ヤクルトスワローズ,北海道日本ハムファイターズ,7.0,6.0,UNKNOWN,明治神宮野球場,excluded,high,False,False,1500109,1860106,[],[],,,,,0,light,2022-05-25T09:00:00+00:00,,UNKNOWN,,,,UNKNOWN,UNKNOWN,,UNKNOWN,,0.0,1.153846153846154,4.153846153846154,4.153846153846154,0.0,3.661538461538462,4.333333333333333,0.0,3.0,0.0,2.0,2.0,,,,5.4,1.2,7.2,1.8,1.8,4.800000000000001,5.0,3.0,5.0,1.0,1.0,4.0,,,,True,True,UNKNOWN,False,False
2021005719,2022-05-25 18:00:00,横浜DeNAベイスターズ,福岡ソフトバンクホークス,2.0,8.0,UNKNOWN,横浜スタジアム,unknown,low,False,False,1200106,2000145,[],[],,,,,0,light,2022-05-25T09:00:00+00:00,,UNKNOWN,,,,UNKNOWN,UNKNOWN,,UNKNOWN,,3.0,1.3333333333333333,3.0,3.0,0.0,3.5333333333333337,3.0,1.0,3.0,0.0,1.0,1.0,,,,8.307692307692308,1.6153846153846154,10.384615384615385,2.076923076923077,0.0,1.5846153846153848,4.333333333333333,4.0,6.0,0.0,1.0,5.0,,,,True,True,UNKNOWN,False,False
2021005720,2022-05-25 18:00:00,中日ドラゴンズ,埼玉西武ライオンズ,1.0,2.0,UNKNOWN,バンテリンドーム ナゴヤ,interleague,high,True,True,1700125,2000042,[],[],,,,,0,light,2022-05-25T09:00:00+00:00,,UNKNOWN,,,,UNKNOWN,UNKNOWN,,UNKNOWN,,1.5,0.8333333333333334,4.5,3.0,0.0,3.2,6.0,1.0,3.0,0.0,2.0,3.0,,,,3.0,1.0,12.0,3.0,1.5,3.7,6.0,2.0,4.0,1.0,2.0,8.0,,,,True,True,UNKNOWN,False,False
2021005721,2022-05-25 18:00:00,阪神タイガース,東北楽天ゴールデンイーグルス,1.0,6.0,UNKNOWN,阪神甲子園球場,excluded,high,False,False,900090,1900044,[],[],,,,,0,light,2022-05-25T09:00:00+00:00,,UNKNOWN,,,,UNKNOWN,UNKNOWN,,UNKNOWN,,1.8,0.8,3.6,1.8,1.8,5.6,5.0,1.0,3.0,1.0,1.0,2.0,,,,7.2,1.8,5.4,1.8,3.6,7.8,5.0,4.0,8.0,2.0,1.0,3.0,,,,True,True,UNKNOWN,False,False
2021005722,2022-05-25 18:00:00,広島東洋カープ,千葉ロッテマリーンズ,5.0,2.0,UNKNOWN,MAZDA Zoom-Zoom スタジアム広島,unknown,low,False,False,1800052,1700072,[],[],,,,,0,light,2022-05-25T09:00:00+00:00,,UNKNOWN,,,,UNKNOWN,UNKNOWN,,UNKNOWN,,3.6,1.6,5.4,1.8,0.0,2.6,5.0,2.0,7.0,0.0,1.0,3.0,,,,2.8421052631578947,0.9473684210526316,2.8421052631578947,2.8421052631578947,2.8421052631578947,7.621052631578948,6.333333333333333,2.0,4.0,2.0,2.0,2.0,,,,True,True,UNKNOWN,False,False
2021005723,2022-05-26 18:00:00,読売ジャイアンツ,オリックス・バファローズ,2.0,3.0,UNKNOWN,東京ドーム,unknown,low,False,False,1400195,1200041,[],[],,,,,0,light,2022-05-26T09:00:00+00:00,,UNKNOWN,,,,UNKNOWN,UNKNOWN,,UNKNOWN,,1.2857142857142858,0.5714285714285714,6.428571428571429,0.0,1.2857142857142858,3.6285714285714286,7.0,1.0,4.0,1.0,0.0,5.0,,,,4.5,1.3333333333333333,3.0,1.5,0.0,3.0333333333333337,6.0,3.0,7.0,0.0,1.0,2.0,,,,True,True,UNKNOWN,False,False
2021005724,2022-05-26 18:00:00,東京ヤクルトスワローズ,北海道日本ハムファイターズ,6.0,9.0,UNKNOWN,明治神宮野球場,interleague,high,True,True,2000079,1200076,[],[],,,,,0,light,2022-05-26T09:00:00+00:00,,UNKNOWN,,,,UNKNOWN,UNKNOWN,,UNKNOWN,,6.0,1.6666666666666667,9.0,4.5,0.0,2.7,6.0,4.0,7.0,0.0,3.0,6.0,,,,2.3478260869565215,0.9130434782608695,3.5217391304347823,0.0,1.1739130434782608,4.113043478260869,7.666666666666667,2.0,7.0,1.0,0.0,3.0,,,,True,True,UNKNOWN,False,False
2021005725,2022-05-26 18:00:00,横浜DeNAベイスターズ,福岡ソフトバンクホークス,5.0,1.0,UNKNOWN,横浜スタジアム,interleague,high,True,True,1800107,1600081,[],[],,,,,0,light,2022-05-26T09:00:00+00:00,,UNKNOWN,,,,UNKNOWN,UNKNOWN,,UNKNOWN,,5.4,1.6,5.4,3.6,3.6,8.4,5.0,3.0,6.0,2.0,2.0,3.0,,,,1.8,2.0,9.0,12.6,1.8,8.0,5.0,1.0,3.0,1.0,7.0,5.0,,,,True,True,UNKNOWN,False,False
2021005727,2022-05-26 18:00:00,阪神タイガース,東北楽天ゴールデンイーグルス,0.0,1.0,UNKNOWN,阪神甲子園球場,unknown,low,False,False,700065,1900147,[],[],,,,,0,light,2022-05-26T09:00:00+00:00,,UNKNOWN,,,,UNKNOWN,UNKNOWN,,UNKNOWN,,0.0,0.42857142857142855,7.714285714285714,0.0,0.0,1.485714285714286,7.0,0.0,3.0,0.0,0.0,6.0,,,,0.0,0.8571428571428571,6.428571428571429,3.857142857142857,0.0,3.0571428571428574,7.0,0.0,3.0,0.0,3.0,5.0,,,,True,True,UNKNOWN,False,False
2021005726,2022-05-26 18:00:00,中日ドラゴンズ,埼玉西武ライオンズ,6.0,3.0,UNKNOWN,バンテリンドーム ナゴヤ,unknown,low,False,False,1751148,1200098,[],[],,,,,0,light,2022-05-26T09:00:00+00:00,,UNKNOWN,,,,UNKNOWN,UNKNOWN,,UNKNOWN,,6.75,1.5,9.0,2.25,0.0,1.9500000000000002,4.0,3.0,5.0,0.0,1.0,4.0,,,,1.8,1.0,5.4,0.0,0.0,2.0,5.0,1.0,5.0,0.0,0.0,3.0,,,,True,True,UNKNOWN,False,False
2021005728,2022-05-26 18:00:00,広島東洋カープ,千葉ロッテマリーンズ,3.0,6.0,UNKNOWN,MAZDA Zoom-Zoom スタジアム広島,interleague,high,True,True,2000090,1300058,[],[],,,,,0,light,2022-05-26T09:00:00+00:00,,UNKNOWN,,,,UNKNOWN,UNKNOWN,,UNKNOWN,,6.0,2.3333333333333335,0.0,3.0,0.0,4.2,3.0,2.0,6.0,0.0,1.0,0.0,,,,10.384615384615385,2.307692307692308,12.461538461538462,4.153846153846154,2.076923076923077,4.815384615384616,4.333333333333333,5.0,8.0,1.0,2.0,6.0,,,,True,True,UNKNOWN,False,False
2021005733,2022-05-27 18:00:00,オリックス・バファローズ,中日ドラゴンズ,1.0,4.0,UNKNOWN,京セラドーム大阪,interleague,high,True,True,1000138,1700109,[],[],,,,,0,light,2022-05-27T09:00:00+00:00,,UNKNOWN,,,,UNKNOWN,UNKNOWN,,UNKNOWN,,1.0,0.8888888888888888,5.0,1.0,0.0,2.4222222222222225,9.0,1.0,7.0,0.0,1.0,5.0,,,,6.75,1.6875,6.75,3.375,1.6875,5.2625,5.333333333333333,4.0,7.0,1.0,2.0,4.0,,,,True,True,UNKNOWN,False,False
2021005732,2022-05-27 18:00:00,千葉ロッテマリーンズ,阪神タイガース,0.0,1.0,UNKNOWN,ZOZOマリンスタジアム,unknown,low,False,False,1561881,1900080,[],[],,,,,0,light,2022-05-27T09:00:00+00:00,,UNKNOWN,,,,UNKNOWN,UNKNOWN,,UNKNOWN,,0.0,0.875,4.5,2.25,0.0,2.95,8.0,0.0,5.0,0.0,2.0,4.0,,,,0.0,0.6666666666666666,10.5,0.0,0.0,0.8666666666666667,6.0,0.0,4.0,0.0,0.0,7.0,,,,True,True,UNKNOWN,False,False
2021005730,2022-05-27 18:00:00,東北楽天ゴールデンイーグルス,東京ヤクルトスワローズ,1.0,8.0,UNKNOWN,楽天生命パーク宮城,interleague,high,True,True,1500042,1900117,[],[],,,,,0,light,2022-05-27T09:00:00+00:00,,UNKNOWN,,,,UNKNOWN,UNKNOWN,,UNKNOWN,,1.125,0.5,11.25,0.0,0.0,0.7000000000000002,8.0,1.0,4.0,0.0,0.0,10.0,,,,10.8,2.2,0.0,5.4,7.2,15.399999999999999,5.0,6.0,8.0,4.0,3.0,0.0,,,,True,True,UNKNOWN,False,False
2021005735,2022-05-28 14:00:00,北海道日本ハムファイターズ,読売ジャイアンツ,4.0,8.0,UNKNOWN,札幌ドーム,unknown,low,False,False,1460009,1300094,[],[],,,,,0,light,2022-05-28T05:00:00+00:00,,UNKNOWN,,,,UNKNOWN,UNKNOWN,,UNKNOWN,,4.5,0.6666666666666666,4.5,0.0,3.0,6.533333333333333,6.0,3.0,4.0,2.0,0.0,3.0,,,,7.7142857142857135,1.2857142857142856,15.428571428571427,0.0,0.0,-0.2285714285714282,4.666666666666667,4.0,6.0,0.0,0.0,8.0,,,,True,True,UNKNOWN,False,False
2021005729,2022-05-27 18:00:00,北海道日本ハムファイターズ,読売ジャイアンツ,3.0,2.0,UNKNOWN,札幌ドーム,unknown,low,False,False,1800028,1100099,[],[],,,,,0,light,2022-05-27T09:00:00+00:00,,UNKNOWN,,,,UNKNOWN,UNKNOWN,,UNKNOWN,,3.375,0.875,9.0,0.0,1.125,2.825,8.0,3.0,7.0,1.0,0.0,8.0,,,,0.0,0.5555555555555556,8.0,2.0,0.0,2.088888888888889,9.0,0.0,3.0,0.0,2.0,8.0,,,,True,True,UNKNOWN,False,False
2021005734,2022-05-27 18:00:00,福岡ソフトバンクホークス,広島東洋カープ,7.0,0.0,UNKNOWN,福岡PayPayドーム,interleague,high,True,True,1300057,2100005,[],[],,,,,0,light,2022-05-27T09:00:00+00:00,,UNKNOWN,,,,UNKNOWN,UNKNOWN,,UNKNOWN,,9.0,2.2,7.2,5.4,1.8,6.0,5.0,5.0,8.0,1.0,3.0,4.0,,,,0.0,0.5714285714285714,3.857142857142857,1.2857142857142858,0.0,2.771428571428572,7.0,0.0,3.0,0.0,1.0,3.0,,,,True,True,UNKNOWN,False,False
2021005736,2022-05-28 14:00:00,東北楽天ゴールデンイーグルス,東京ヤクルトスワローズ,4.0,11.0,UNKNOWN,楽天生命パーク宮城,interleague,high,True,True,1300045,2000121,[],[],,,,,0,light,2022-05-28T05:00:00+00:00,,UNKNOWN,,,,UNKNOWN,UNKNOWN,,UNKNOWN,,9.0,2.6666666666666665,9.0,6.0,0.0,3.2,3.0,3.0,6.0,0.0,2.0,3.0,,,,9.642857142857142,1.5,5.785714285714286,3.8571428571428568,1.9285714285714284,5.985714285714286,4.666666666666667,5.0,5.0,1.0,2.0,3.0,,,,True,True,UNKNOWN,False,False
2021005731,2022-05-27 18:00:00,埼玉西武ライオンズ,横浜DeNAベイスターズ,0.0,1.0,UNKNOWN,ベルーナドーム,unknown,low,False,False,1800045,1400182,[],[],,,,,0,light,2022-05-27T09:00:00+00:00,,UNKNOWN,,,,UNKNOWN,UNKNOWN,,UNKNOWN,,0.0,0.8181818181818182,8.590909090909092,3.681818181818182,0.0,2.5181818181818185,7.333333333333333,0.0,3.0,0.0,3.0,7.0,,,,1.2857142857142858,0.7142857142857143,10.285714285714286,1.2857142857142858,0.0,1.342857142857143,7.0,1.0,4.0,0.0,1.0,8.0,,,,True,True,UNKNOWN,False,False
2021005737,2022-05-28 14:00:00,埼玉西武ライオンズ,横浜DeNAベイスターズ,10.0,5.0,UNKNOWN,ベルーナドーム,interleague,high,True,True,1800043,1600131,[],[],,,,,0,light,2022-05-28T05:00:00+00:00,,UNKNOWN,,,,UNKNOWN,UNKNOWN,,UNKNOWN,,27.0,4.5,6.75,10.125,6.75,14.825,2.6666666666666665,8.0,9.0,2.0,3.0,2.0,,,,3.6,1.8,1.8,5.4,1.8,7.2,5.0,2.0,6.0,1.0,3.0,1.0,,,,True,True,UNKNOWN,False,False
2021005739,2022-05-28 14:00:00,オリックス・バファローズ,中日ドラゴンズ,1.0,4.0,UNKNOWN,京セラドーム大阪,interleague,high,True,True,1700101,1600153,[],[],,,,,0,light,2022-05-28T05:00:00+00:00,,UNKNOWN,,,,UNKNOWN,UNKNOWN,,UNKNOWN,,0.0,1.0,5.4,1.8,0.0,2.6,5.0,0.0,4.0,0.0,1.0,3.0,,,,2.25,0.625,3.375,1.125,0.0,2.825,8.0,2.0,4.0,0.0,1.0,3.0,,,,True,True,UNKNOWN,False,False
2021005738,2022-05-28 14:00:00,千葉ロッテマリーンズ,阪神タイガース,2.0,6.0,UNKNOWN,ZOZOマリンスタジアム,unknown,low,False,False,1500090,2000095,[],[],,,,,0,light,2022-05-28T05:00:00+00:00,,UNKNOWN,,,,UNKNOWN,UNKNOWN,,UNKNOWN,,0.0,1.153846153846154,7.26923076923077,2.076923076923077,0.0,2.276923076923077,8.666666666666666,0.0,8.0,0.0,2.0,7.0,,,,6.0,1.3333333333333333,4.5,3.0,0.0,3.2,6.0,4.0,6.0,0.0,2.0,3.0,,,,True,True,UNKNOWN,False,False
2021005740,2022-05-28 14:00:00,福岡ソフトバンクホークス,広島東洋カープ,11.0,1.0,UNKNOWN,福岡PayPayドーム,regular,high,True,True,1900052,1900106,[],[],,,,,0,light,2022-05-28T05:00:00+00:00,,UNKNOWN,,,,UNKNOWN,UNKNOWN,,UNKNOWN,,12.705882352941176,1.7647058823529411,7.941176470588235,3.176470588235294,4.764705882352941,9.376470588235293,5.666666666666667,8.0,8.0,3.0,2.0,5.0,,,,1.2857142857142858,0.8571428571428571,2.5714285714285716,1.2857142857142858,0.0,3.0571428571428574,7.0,1.0,5.0,0.0,1.0,2.0,,,,True,True,UNKNOWN,False,False
2021005742,2022-05-29 13:00:00,東北楽天ゴールデンイーグルス,東京ヤクルトスワローズ,3.0,1.0,UNKNOWN,楽天生命パーク宮城,unknown,low,False,False,12113,1200117,[],[],,,,,0,light,2022-05-29T04:00:00+00:00,,UNKNOWN,,,,UNKNOWN,UNKNOWN,,UNKNOWN,,0.0,1.2,3.6,5.4,0.0,4.2,5.0,0.0,3.0,0.0,3.0,2.0,,,,0.0,0.75,6.75,1.125,0.0,2.075,8.0,0.0,5.0,0.0,1.0,6.0,,,,True,True,UNKNOWN,False,False
2021005745,2022-05-29 13:00:00,オリックス・バファローズ,中日ドラゴンズ,8.0,0.0,UNKNOWN,京セラドーム大阪,unknown,low,False,False,1600106,1900087,[],[],,,,,0,light,2022-05-29T04:00:00+00:00,,UNKNOWN,,,,UNKNOWN,UNKNOWN,,UNKNOWN,,19.285714285714285,3.4285714285714284,11.571428571428571,11.571428571428571,0.0,4.485714285714286,2.3333333333333335,5.0,5.0,0.0,3.0,3.0,,,,0.0,0.7142857142857143,6.428571428571429,0.0,0.0,1.7714285714285716,7.0,0.0,5.0,0.0,0.0,5.0,,,,True,True,UNKNOWN,False,False
2021005746,2022-05-29 13:00:00,福岡ソフトバンクホークス,広島東洋カープ,8.0,0.0,UNKNOWN,福岡PayPayドーム,unknown,low,False,False,1860147,20204,[],[],,,,,0,light,2022-05-29T04:00:00+00:00,,UNKNOWN,,,,UNKNOWN,UNKNOWN,,UNKNOWN,,13.5,2.5,9.0,4.5,4.5,9.2,4.0,6.0,8.0,2.0,2.0,4.0,,,,0.0,0.5454545454545455,7.363636363636364,0.0,0.0,1.5636363636363637,3.6666666666666665,0.0,2.0,0.0,0.0,3.0,,,,True,True,UNKNOWN,False,False
2021005743,2022-05-29 13:00:00,埼玉西武ライオンズ,横浜DeNAベイスターズ,3.0,2.0,UNKNOWN,ベルーナドーム,excluded,high,False,False,1600084,1961288,[],[],,,,,0,light,2022-05-29T04:00:00+00:00,,UNKNOWN,,,,UNKNOWN,UNKNOWN,,UNKNOWN,,2.25,1.75,4.5,9.0,2.25,8.45,4.0,1.0,3.0,1.0,4.0,2.0,,,,3.0,0.5,6.0,0.0,3.0,6.2,6.0,2.0,3.0,2.0,0.0,4.0,,,,True,True,UNKNOWN,False,False
2021005744,2022-05-29 14:00:00,千葉ロッテマリーンズ,阪神タイガース,3.0,2.0,UNKNOWN,ZOZOマリンスタジアム,unknown,low,False,False,2000052,1800130,[],[],,,,,0,light,2022-05-29T05:00:00+00:00,,UNKNOWN,,,,UNKNOWN,UNKNOWN,,UNKNOWN,,4.5,1.8333333333333333,1.5,3.0,0.0,3.8666666666666667,6.0,3.0,9.0,0.0,2.0,1.0,,,,0.0,1.3333333333333333,10.5,3.0,0.0,1.866666666666667,6.0,0.0,6.0,0.0,2.0,7.0,,,,True,True,UNKNOWN,False,False
2021005741,2022-05-29 14:00:00,北海道日本ハムファイターズ,読売ジャイアンツ,7.0,2.0,UNKNOWN,札幌ドーム,excluded,high,False,False,1800026,2000083,[],[],,,,,0,light,2022-05-29T05:00:00+00:00,,UNKNOWN,,,,UNKNOWN,UNKNOWN,,UNKNOWN,,15.0,2.6666666666666665,0.0,3.0,0.0,4.2,3.0,5.0,7.0,0.0,1.0,0.0,,,,3.6,1.4,5.4,3.6,1.8,5.800000000000001,5.0,2.0,5.0,1.0,2.0,3.0,,,,True,True,UNKNOWN,False,False
2021005747,2022-05-31 18:00:00,読売ジャイアンツ,福岡ソフトバンクホークス,1.0,3.0,UNKNOWN,東京ドーム,excluded,high,False,False,1300080,1560186,[],[],,,,,0,light,2022-05-31T09:00:00+00:00,,UNKNOWN,,,,UNKNOWN,UNKNOWN,,UNKNOWN,,1.588235294117647,1.0588235294117647,6.352941176470588,4.764705882352941,1.588235294117647,5.670588235294117,5.666666666666667,1.0,3.0,1.0,3.0,4.0,,,,0.0,1.1666666666666667,10.5,1.5,0.0,1.366666666666667,6.0,0.0,6.0,0.0,1.0,7.0,,,,True,True,UNKNOWN,False,False
2021005748,2022-05-31 18:00:00,東京ヤクルトスワローズ,千葉ロッテマリーンズ,1.0,0.0,UNKNOWN,明治神宮野球場,unknown,low,False,False,1300050,2000139,[],[],,,,,0,light,2022-05-31T09:00:00+00:00,,UNKNOWN,,,,UNKNOWN,UNKNOWN,,UNKNOWN,,1.5,1.1666666666666667,0.0,3.0,1.5,6.366666666666667,6.0,1.0,5.0,1.0,2.0,0.0,,,,0.0,1.1428571428571428,9.0,2.5714285714285716,0.0,2.0571428571428574,7.0,0.0,6.0,0.0,2.0,7.0,,,,True,True,UNKNOWN,False,False
2021005749,2022-05-31 18:00:00,横浜DeNAベイスターズ,オリックス・バファローズ,4.0,1.0,UNKNOWN,横浜スタジアム,unknown,low,False,False,1600150,1500061,[],[],,,,,0,light,2022-05-31T09:00:00+00:00,,UNKNOWN,,,,UNKNOWN,UNKNOWN,,UNKNOWN,,3.0,1.0,4.5,0.0,0.0,2.2,6.0,2.0,6.0,0.0,0.0,3.0,,,,0.0,1.3333333333333333,12.0,0.0,0.0,0.5333333333333337,6.0,0.0,8.0,0.0,0.0,8.0,,,,True,True,UNKNOWN,False,False
2021005750,2022-05-31 18:00:00,中日ドラゴンズ,東北楽天ゴールデンイーグルス,2.0,0.0,UNKNOWN,バンテリンドーム ナゴヤ,unknown,low,False,False,700069,1500074,[],[],,,,,0,light,2022-05-31T09:00:00+00:00,,UNKNOWN,,,,UNKNOWN,UNKNOWN,,UNKNOWN,,3.0,1.1666666666666667,6.0,1.5,3.0,6.7,6.0,2.0,6.0,2.0,1.0,4.0,,,,0.0,0.7142857142857143,5.142857142857143,1.2857142857142858,0.0,2.4857142857142858,7.0,0.0,4.0,0.0,1.0,4.0,,,,True,True,UNKNOWN,False,False
2021005751,2022-05-31 18:00:00,阪神タイガース,埼玉西武ライオンズ,0.0,2.0,UNKNOWN,阪神甲子園球場,unknown,low,False,False,2103714,900062,[],[],,,,,0,light,2022-05-31T09:00:00+00:00,,UNKNOWN,,,,UNKNOWN,UNKNOWN,,UNKNOWN,,0.0,0.8823529411764706,6.352941176470588,3.176470588235294,0.0,2.847058823529412,5.666666666666667,0.0,3.0,0.0,2.0,4.0,,,,1.2857142857142858,1.0,7.714285714285714,1.2857142857142858,1.2857142857142858,3.7714285714285714,7.0,1.0,6.0,1.0,1.0,6.0,,,,True,True,UNKNOWN,False,False
2021005752,2022-05-31 18:00:00,広島東洋カープ,北海道日本ハムファイターズ,1.0,0.0,UNKNOWN,MAZDA Zoom-Zoom スタジアム広島,unknown,low,False,False,1500110,1600123,[],[],,,,,0,light,2022-05-31T09:00:00+00:00,,UNKNOWN,,,,UNKNOWN,UNKNOWN,,UNKNOWN,,0.0,0.8333333333333334,4.5,1.5,0.0,2.7,6.0,0.0,4.0,0.0,1.0,3.0,,,,0.0,0.375,13.5,1.125,0.0,0.5750000000000002,8.0,0.0,2.0,0.0,1.0,12.0,,,,True,True,UNKNOWN,False,False
2021005753,2022-06-01 18:00:00,読売ジャイアンツ,福岡ソフトバンクホークス,3.0,6.0,UNKNOWN,東京ドーム,excluded,high,False,False,1200106,2103689,[],[],,,,,0,light,2022-06-01T09:00:00+00:00,,UNKNOWN,,,,UNKNOWN,UNKNOWN,,UNKNOWN,,3.857142857142857,0.8571428571428571,3.857142857142857,0.0,3.857142857142857,7.914285714285715,7.0,3.0,6.0,3.0,0.0,3.0,,,,12.461538461538462,1.8461538461538463,2.076923076923077,4.153846153846154,0.0,4.1230769230769235,4.333333333333333,6.0,6.0,0.0,2.0,1.0,,,,True,True,UNKNOWN,False,False
2021005754,2022-06-01 18:00:00,東京ヤクルトスワローズ,千葉ロッテマリーンズ,3.0,4.0,UNKNOWN,明治神宮野球場,unknown,low,False,False,1000155,1500040,[],[],,,,,0,light,2022-06-01T09:00:00+00:00,,UNKNOWN,,,,UNKNOWN,UNKNOWN,,UNKNOWN,,5.4,1.8,5.4,5.4,5.4,11.600000000000001,5.0,3.0,6.0,3.0,3.0,3.0,,,,6.0,1.0,7.5,1.5,4.5,8.533333333333333,6.0,4.0,5.0,3.0,1.0,5.0,,,,True,True,UNKNOWN,False,False
2021005755,2022-06-01 18:00:00,横浜DeNAベイスターズ,オリックス・バファローズ,1.0,5.0,UNKNOWN,横浜スタジアム,unknown,low,False,False,1961077,2000145,[],[],,,,,0,light,2022-06-01T09:00:00+00:00,,UNKNOWN,,,,UNKNOWN,UNKNOWN,,UNKNOWN,,1.8,0.8,12.6,1.8,0.0,1.0,5.0,1.0,3.0,0.0,1.0,7.0,,,,9.818181818181818,2.181818181818182,7.363636363636364,4.909090909090909,2.4545454545454546,6.745454545454546,3.6666666666666665,4.0,6.0,1.0,2.0,3.0,,,,True,True,UNKNOWN,False,False
2021005757,2022-06-01 18:00:00,阪神タイガース,埼玉西武ライオンズ,5.0,4.0,UNKNOWN,阪神甲子園球場,unknown,low,False,False,1700125,1900044,[],[],,,,,0,light,2022-06-01T09:00:00+00:00,,UNKNOWN,,,,UNKNOWN,UNKNOWN,,UNKNOWN,,11.25,2.0,9.0,0.0,2.25,4.45,4.0,5.0,8.0,1.0,0.0,4.0,,,,5.0625,1.5,11.8125,3.375,0.0,1.7000000000000002,5.333333333333333,3.0,6.0,0.0,2.0,7.0,,,,True,True,UNKNOWN,False,False
2021005756,2022-06-01 18:00:00,中日ドラゴンズ,東北楽天ゴールデンイーグルス,0.0,2.0,UNKNOWN,バンテリンドーム ナゴヤ,unknown,low,False,False,900090,2000049,[],[],,,,,0,light,2022-06-01T09:00:00+00:00,,UNKNOWN,,,,UNKNOWN,UNKNOWN,,UNKNOWN,,0.0,0.8823529411764706,4.764705882352941,0.0,0.0,2.1411764705882357,5.666666666666667,0.0,5.0,0.0,0.0,3.0,,,,6.0,2.0,3.0,6.0,0.0,4.533333333333333,3.0,2.0,4.0,0.0,2.0,1.0,,,,True,True,UNKNOWN,False,False
2021005758,2022-06-01 18:00:00,広島東洋カープ,北海道日本ハムファイターズ,1.0,5.0,UNKNOWN,MAZDA Zoom-Zoom スタジアム広島,unknown,low,False,False,1500109,1700072,[],[],,,,,0,light,2022-06-01T09:00:00+00:00,,UNKNOWN,,,,UNKNOWN,UNKNOWN,,UNKNOWN,,0.0,0.8333333333333334,9.0,1.5,0.0,1.7000000000000002,6.0,0.0,4.0,0.0,1.0,6.0,,,,5.4,1.8,9.0,1.8,1.8,4.4,5.0,3.0,8.0,1.0,1.0,5.0,,,,True,True,UNKNOWN,False,False
2021005760,2022-06-02 18:00:00,東京ヤクルトスワローズ,千葉ロッテマリーンズ,7.0,3.0,UNKNOWN,明治神宮野球場,unknown,low,False,False,1800052,1860106,[],[],,,,,0,light,2022-06-02T09:00:00+00:00,,UNKNOWN,,,,UNKNOWN,UNKNOWN,,UNKNOWN,,1.5,1.1666666666666667,6.0,3.0,1.5,5.033333333333333,6.0,1.0,5.0,1.0,2.0,4.0,,,,3.6,1.0,5.4,1.8,1.8,5.2,5.0,2.0,4.0,1.0,1.0,3.0,,,,True,True,UNKNOWN,False,False
2021005761,2022-06-02 18:00:00,横浜DeNAベイスターズ,オリックス・バファローズ,1.0,3.0,UNKNOWN,横浜スタジアム,interleague,high,True,True,1400195,1600081,[],[],,,,,0,light,2022-06-02T09:00:00+00:00,,UNKNOWN,,,,UNKNOWN,UNKNOWN,,UNKNOWN,,1.2857142857142858,0.5714285714285714,11.571428571428571,0.0,1.2857142857142858,2.4857142857142858,7.0,1.0,4.0,1.0,0.0,9.0,,,,3.6,1.8,10.8,7.2,0.0,3.2,5.0,2.0,5.0,0.0,4.0,6.0,,,,True,True,UNKNOWN,False,False
2021005759,2022-06-02 18:00:00,読売ジャイアンツ,福岡ソフトバンクホークス,3.0,0.0,UNKNOWN,東京ドーム,interleague,high,True,True,2100005,1200041,[],[],,,,,0,light,2022-06-02T09:00:00+00:00,,UNKNOWN,,,,UNKNOWN,UNKNOWN,,UNKNOWN,,4.5,1.5,4.5,0.0,4.5,8.7,4.0,2.0,6.0,2.0,0.0,2.0,,,,0.0,1.0,4.5,3.375,0.0,3.325,8.0,0.0,5.0,0.0,3.0,4.0,,,,True,True,UNKNOWN,False,False
2021005763,2022-06-02 18:00:00,阪神タイガース,埼玉西武ライオンズ,6.0,1.0,UNKNOWN,阪神甲子園球場,unknown,low,False,False,1751148,1900147,[],[],,,,,0,light,2022-06-02T09:00:00+00:00,,UNKNOWN,,,,UNKNOWN,UNKNOWN,,UNKNOWN,,1.8,2.4,5.4,0.0,0.0,2.0,5.0,1.0,12.0,0.0,0.0,3.0,,,,1.4210526315789473,0.9473684210526316,5.684210526315789,1.4210526315789473,0.0,2.4105263157894736,6.333333333333333,1.0,5.0,0.0,1.0,4.0,,,,True,True,UNKNOWN,False,False
2021005766,2022-06-03 18:00:00,東京ヤクルトスワローズ,埼玉西武ライオンズ,1.0,0.0,UNKNOWN,明治神宮野球場,unknown,low,False,False,1400182,1200076,[],[],,,,,0,light,2022-06-03T09:00:00+00:00,,UNKNOWN,,,,UNKNOWN,UNKNOWN,,UNKNOWN,,1.2857142857142858,1.2857142857142858,3.857142857142857,3.857142857142857,1.2857142857142858,5.485714285714286,7.0,1.0,6.0,1.0,3.0,3.0,,,,0.0,0.5,6.75,1.125,0.0,2.075,8.0,0.0,3.0,0.0,1.0,6.0,,,,True,True,UNKNOWN,False,False
2021005764,2022-06-02 18:00:00,広島東洋カープ,北海道日本ハムファイターズ,6.0,3.0,UNKNOWN,MAZDA Zoom-Zoom スタジアム広島,unknown,low,False,False,2000079,1300058,[],[],,,,,0,light,2022-06-02T09:00:00+00:00,,UNKNOWN,,,,UNKNOWN,UNKNOWN,,UNKNOWN,,4.5,1.75,6.75,6.75,0.0,3.95,4.0,2.0,4.0,0.0,3.0,3.0,,,,4.764705882352941,1.588235294117647,11.117647058823529,1.588235294117647,0.0,1.258823529411765,5.666666666666667,3.0,8.0,0.0,1.0,7.0,,,,True,True,UNKNOWN,False,False
2021005765,2022-06-03 18:00:00,読売ジャイアンツ,千葉ロッテマリーンズ,10.0,3.0,UNKNOWN,東京ドーム,regular,high,True,True,1900080,1800028,[],[],,,,,0,light,2022-06-03T09:00:00+00:00,,UNKNOWN,,,,UNKNOWN,UNKNOWN,,UNKNOWN,,7.2,1.8,10.8,1.8,1.8,4.0,5.0,4.0,8.0,1.0,1.0,6.0,,,,0.0,0.8571428571428571,6.428571428571429,2.5714285714285716,0.0,2.628571428571429,7.0,0.0,4.0,0.0,2.0,5.0,,,,True,True,UNKNOWN,False,False
2021005762,2022-06-02 18:00:00,中日ドラゴンズ,東北楽天ゴールデンイーグルス,3.0,2.0,UNKNOWN,バンテリンドーム ナゴヤ,unknown,low,False,False,700065,1200098,[],[],,,,,0,light,2022-06-02T09:00:00+00:00,,UNKNOWN,,,,UNKNOWN,UNKNOWN,,UNKNOWN,,6.75,2.0,9.0,2.25,0.0,1.9500000000000002,4.0,3.0,7.0,0.0,1.0,4.0,,,,0.0,1.0,5.4,3.6,0.0,3.2,5.0,0.0,3.0,0.0,2.0,3.0,,,,True,True,UNKNOWN,False,False
2021005767,2022-06-03 18:00:00,横浜DeNAベイスターズ,東北楽天ゴールデンイーグルス,7.0,0.0,UNKNOWN,横浜スタジアム,unknown,low,False,False,1900117,1800045,[],[],,,,,0,light,2022-06-03T09:00:00+00:00,,UNKNOWN,,,,UNKNOWN,UNKNOWN,,UNKNOWN,,15.0,2.0,3.0,9.0,6.0,14.2,3.0,5.0,3.0,2.0,3.0,1.0,,,,0.0,1.4,9.0,3.6,0.0,2.4000000000000004,5.0,0.0,5.0,0.0,2.0,5.0,,,,True,True,UNKNOWN,False,False
2021005770,2022-06-03 18:00:00,広島東洋カープ,オリックス・バファローズ,1.0,4.0,UNKNOWN,MAZDA Zoom-Zoom スタジアム広島,unknown,low,False,False,1700109,1300057,[],[],,,,,0,light,2022-06-03T09:00:00+00:00,,UNKNOWN,,,,UNKNOWN,UNKNOWN,,UNKNOWN,,1.8,1.8,7.2,0.0,0.0,1.6,5.0,1.0,9.0,0.0,0.0,4.0,,,,7.2,1.8,7.2,3.6,1.8,5.4,5.0,4.0,7.0,1.0,2.0,4.0,,,,True,True,UNKNOWN,False,False
2021005768,2022-06-03 18:00:00,中日ドラゴンズ,福岡ソフトバンクホークス,0.0,6.0,UNKNOWN,バンテリンドーム ナゴヤ,interleague,high,True,True,1000174,1000138,[],[],,,,,0,light,2022-06-03T09:00:00+00:00,,UNKNOWN,,,,UNKNOWN,UNKNOWN,,UNKNOWN,,0.0,0.5625,3.375,1.6875,0.0,3.0125,5.333333333333333,0.0,2.0,0.0,1.0,2.0,,,,1.2857142857142858,1.4285714285714286,3.857142857142857,3.857142857142857,0.0,3.6285714285714286,7.0,1.0,7.0,0.0,3.0,3.0,,,,True,True,UNKNOWN,False,False
2021005769,2022-06-03 18:00:00,阪神タイガース,北海道日本ハムファイターズ,9.0,7.0,UNKNOWN,阪神甲子園球場,unknown,low,False,False,1100099,1561881,[],[],,,,,0,light,2022-06-03T09:00:00+00:00,,UNKNOWN,,,,UNKNOWN,UNKNOWN,,UNKNOWN,,7.5,1.6666666666666667,6.0,3.0,3.0,7.2,6.0,5.0,8.0,2.0,2.0,4.0,,,,21.0,3.3333333333333335,3.0,6.0,3.0,8.866666666666667,3.0,7.0,8.0,1.0,2.0,1.0,,,,True,True,UNKNOWN,False,False
2021005772,2022-06-04 14:00:00,東京ヤクルトスワローズ,埼玉西武ライオンズ,3.0,2.0,UNKNOWN,明治神宮野球場,unknown,low,False,False,1600131,1500042,[],[],,,,,0,light,2022-06-04T05:00:00+00:00,,UNKNOWN,,,,UNKNOWN,UNKNOWN,,UNKNOWN,,0.0,0.8,3.6,3.6,0.0,3.6,5.0,0.0,2.0,0.0,2.0,2.0,,,,3.6,2.0,10.8,14.4,1.8,8.2,5.0,2.0,2.0,1.0,8.0,6.0,,,,True,True,UNKNOWN,False,False
2021005773,2022-06-04 14:00:00,横浜DeNAベイスターズ,東北楽天ゴールデンイーグルス,6.0,1.0,UNKNOWN,横浜スタジアム,unknown,low,False,False,2000121,1600084,[],[],,,,,0,light,2022-06-04T05:00:00+00:00,,UNKNOWN,,,,UNKNOWN,UNKNOWN,,UNKNOWN,,1.6875,1.5,8.4375,3.375,0.0,2.45,5.333333333333333,1.0,6.0,0.0,2.0,5.0,,,,1.8,1.4,9.0,5.4,0.0,3.0,5.0,1.0,4.0,0.0,3.0,5.0,,,,True,True,UNKNOWN,False,False
2021005774,2022-06-04 14:00:00,中日ドラゴンズ,福岡ソフトバンクホークス,4.0,2.0,UNKNOWN,バンテリンドーム ナゴヤ,unknown,low,False,False,1900106,2000042,[],[],,,,,0,light,2022-06-04T05:00:00+00:00,,UNKNOWN,,,,UNKNOWN,UNKNOWN,,UNKNOWN,,1.5,0.6666666666666666,9.0,1.5,1.5,3.8666666666666667,6.0,1.0,3.0,1.0,1.0,6.0,,,,3.0,1.0,15.0,1.5,0.0,0.3666666666666667,6.0,2.0,5.0,0.0,1.0,10.0,,,,True,True,UNKNOWN,False,False
2021005775,2022-06-04 14:00:00,阪神タイガース,北海道日本ハムファイターズ,3.0,0.0,UNKNOWN,阪神甲子園球場,unknown,low,False,False,1300094,1500090,[],[],,,,,0,light,2022-06-04T05:00:00+00:00,,UNKNOWN,,,,UNKNOWN,UNKNOWN,,UNKNOWN,,5.4,1.4,10.8,0.0,0.0,0.8000000000000003,5.0,3.0,7.0,0.0,0.0,6.0,,,,0.0,0.625,9.0,1.125,0.0,1.5750000000000002,8.0,0.0,4.0,0.0,1.0,8.0,,,,True,True,UNKNOWN,False,False
2021005776,2022-06-04 14:00:00,広島東洋カープ,オリックス・バファローズ,2.0,3.0,UNKNOWN,MAZDA Zoom-Zoom スタジアム広島,unknown,low,False,False,1600153,1900052,[],[],,,,,0,light,2022-06-04T05:00:00+00:00,,UNKNOWN,,,,UNKNOWN,UNKNOWN,,UNKNOWN,,1.2857142857142858,0.5714285714285714,9.0,1.2857142857142858,0.0,1.6285714285714288,7.0,1.0,3.0,0.0,1.0,7.0,,,,3.5217391304347823,1.3043478260869565,8.217391304347826,1.1739130434782608,1.1739130434782608,3.4608695652173913,7.666666666666667,3.0,9.0,1.0,1.0,7.0,,,,True,True,UNKNOWN,False,False
2021005771,2022-06-04 18:00:00,読売ジャイアンツ,千葉ロッテマリーンズ,2.0,1.0,UNKNOWN,東京ドーム,unknown,low,False,False,2000095,1700002,[],[],,,,,0,light,2022-06-04T09:00:00+00:00,,UNKNOWN,,,,UNKNOWN,UNKNOWN,,UNKNOWN,,2.5714285714285716,0.8571428571428571,2.5714285714285716,2.5714285714285716,0.0,3.4857142857142858,7.0,2.0,4.0,0.0,2.0,2.0,,,,1.2272727272727273,0.9545454545454546,7.363636363636364,0.0,0.0,1.5636363636363637,7.333333333333333,1.0,7.0,0.0,0.0,6.0,,,,True,True,UNKNOWN,False,False
2021005778,2022-06-05 13:00:00,東京ヤクルトスワローズ,埼玉西武ライオンズ,5.0,3.0,UNKNOWN,明治神宮野球場,unknown,low,False,False,1961288,1300045,[],[],,,,,0,light,2022-06-05T04:00:00+00:00,,UNKNOWN,,,,UNKNOWN,UNKNOWN,,UNKNOWN,,6.75,1.875,8.4375,6.75,0.0,3.575,5.333333333333333,4.0,6.0,0.0,4.0,5.0,,,,4.5,1.0,7.5,3.0,3.0,6.866666666666667,6.0,3.0,4.0,2.0,2.0,5.0,,,,True,True,UNKNOWN,False,False
2021005777,2022-06-05 14:00:00,読売ジャイアンツ,千葉ロッテマリーンズ,4.0,10.0,UNKNOWN,東京ドーム,interleague,high,True,True,1900085,2000006,[],[],,,,,0,light,2022-06-05T05:00:00+00:00,,UNKNOWN,,,,UNKNOWN,UNKNOWN,,UNKNOWN,,7.2,1.4,10.8,0.0,5.4,8.600000000000001,5.0,4.0,7.0,3.0,0.0,6.0,,,,11.571428571428571,1.7142857142857142,3.8571428571428568,3.8571428571428568,3.8571428571428568,9.2,2.3333333333333335,3.0,3.0,1.0,1.0,1.0,,,,True,True,UNKNOWN,False,False
2021005782,2022-06-05 13:30:00,広島東洋カープ,オリックス・バファローズ,2.0,5.0,UNKNOWN,MAZDA Zoom-Zoom スタジアム広島,unknown,low,False,False,1900087,1860147,[],[],,,,,0,light,2022-06-05T04:30:00+00:00,,UNKNOWN,,,,UNKNOWN,UNKNOWN,,UNKNOWN,,3.0,1.5,6.0,3.0,0.0,2.8666666666666667,6.0,2.0,7.0,0.0,2.0,4.0,,,,1.5,0.5,4.5,0.0,0.0,2.2,6.0,1.0,3.0,0.0,0.0,3.0,,,,True,True,UNKNOWN,False,False
2021005779,2022-06-05 14:00:00,横浜DeNAベイスターズ,東北楽天ゴールデンイーグルス,5.0,6.0,UNKNOWN,横浜スタジアム,excluded,high,False,False,1200117,1400110,[],[],,,,,0,light,2022-06-05T05:00:00+00:00,,UNKNOWN,,,,UNKNOWN,UNKNOWN,,UNKNOWN,,5.4,2.4,5.4,3.6,0.0,3.2,5.0,3.0,10.0,0.0,2.0,3.0,,,,3.6,2.0,5.4,7.2,1.8,7.0,5.0,2.0,6.0,1.0,4.0,3.0,,,,True,True,UNKNOWN,False,False
2021005781,2022-06-05 14:00:00,阪神タイガース,北海道日本ハムファイターズ,8.0,3.0,UNKNOWN,阪神甲子園球場,regular,high,True,True,1800090,2000052,[],[],,,,,0,light,2022-06-05T05:00:00+00:00,,UNKNOWN,,,,UNKNOWN,UNKNOWN,,UNKNOWN,,12.0,2.3333333333333335,9.0,0.0,3.0,5.533333333333333,3.0,4.0,7.0,1.0,0.0,3.0,,,,4.5,1.0,3.0,1.5,0.0,3.0333333333333337,6.0,3.0,5.0,0.0,1.0,2.0,,,,True,True,UNKNOWN,False,False
2021005780,2022-06-05 14:00:00,中日ドラゴンズ,福岡ソフトバンクホークス,7.0,3.0,UNKNOWN,バンテリンドーム ナゴヤ,unknown,low,False,False,1800107,1600106,[],[],,,,,0,light,2022-06-05T05:00:00+00:00,,UNKNOWN,,,,UNKNOWN,UNKNOWN,,UNKNOWN,,7.5,1.6666666666666667,13.5,3.0,0.0,1.2000000000000002,6.0,5.0,8.0,0.0,2.0,9.0,,,,4.5,1.1666666666666667,6.0,0.0,0.0,1.866666666666667,6.0,3.0,7.0,0.0,0.0,4.0,,,,True,True,UNKNOWN,False,False
2021005784,2022-06-07 18:00:00,東北楽天ゴールデンイーグルス,広島東洋カープ,1.0,3.0,UNKNOWN,楽天生命パーク宮城,unknown,low,False,False,1600123,700069,[],[],,,,,0,light,2022-06-07T09:00:00+00:00,,UNKNOWN,,,,UNKNOWN,UNKNOWN,,UNKNOWN,,1.2857142857142858,0.7142857142857143,7.714285714285714,3.857142857142857,0.0,2.771428571428572,7.0,1.0,2.0,0.0,3.0,6.0,,,,2.25,0.875,7.875,0.0,0.0,1.4500000000000002,8.0,2.0,7.0,0.0,0.0,7.0,,,,True,True,UNKNOWN,False,False
2021005783,2022-06-07 18:00:00,北海道日本ハムファイターズ,横浜DeNAベイスターズ,0.0,2.0,UNKNOWN,札幌ドーム,unknown,low,False,False,1500061,1500110,[],[],,,,,0,light,2022-06-07T09:00:00+00:00,,UNKNOWN,,,,UNKNOWN,UNKNOWN,,UNKNOWN,,0.0,0.1111111111111111,9.0,1.0,0.0,1.5333333333333334,9.0,0.0,0.0,0.0,1.0,9.0,,,,0.0,0.6666666666666666,6.0,0.0,0.0,1.866666666666667,6.0,0.0,4.0,0.0,0.0,4.0,,,,True,True,UNKNOWN,False,False
2021005785,2022-06-07 18:00:00,埼玉西武ライオンズ,読売ジャイアンツ,9.0,4.0,UNKNOWN,ベルーナドーム,unknown,low,False,False,1560186,2103714,[],[],,,,,0,light,2022-06-07T09:00:00+00:00,,UNKNOWN,,,,UNKNOWN,UNKNOWN,,UNKNOWN,,3.375,1.5,10.125,1.6875,1.6875,3.95,5.333333333333333,2.0,7.0,1.0,1.0,6.0,,,,9.0,2.0,4.5,4.5,0.0,3.7,4.0,4.0,6.0,0.0,2.0,2.0,,,,True,True,UNKNOWN,False,False
2021005786,2022-06-07 18:00:00,千葉ロッテマリーンズ,中日ドラゴンズ,6.0,2.0,UNKNOWN,ZOZOマリンスタジアム,unknown,low,False,False,1500074,1300050,[],[],,,,,0,light,2022-06-07T09:00:00+00:00,,UNKNOWN,,,,UNKNOWN,UNKNOWN,,UNKNOWN,,4.909090909090909,1.2272727272727273,7.363636363636364,1.2272727272727273,1.2272727272727273,3.7454545454545456,7.333333333333333,4.0,8.0,1.0,1.0,6.0,,,,2.8421052631578947,1.8947368421052633,0.0,1.4210526315789473,0.0,3.673684210526316,6.333333333333333,2.0,11.0,0.0,1.0,0.0,,,,True,True,UNKNOWN,False,False
2021005787,2022-06-07 18:00:00,オリックス・バファローズ,東京ヤクルトスワローズ,6.0,1.0,UNKNOWN,京セラドーム大阪,interleague,high,True,True,2000139,1600150,[],[],,,,,0,light,2022-06-07T09:00:00+00:00,,UNKNOWN,,,,UNKNOWN,UNKNOWN,,UNKNOWN,,11.571428571428571,2.357142857142857,7.7142857142857135,0.0,1.9285714285714284,4.271428571428571,4.666666666666667,6.0,11.0,1.0,0.0,4.0,,,,1.2857142857142858,1.2857142857142858,10.285714285714286,3.857142857142857,0.0,2.2,7.0,1.0,6.0,0.0,3.0,8.0,,,,True,True,UNKNOWN,False,False
2021005788,2022-06-07 18:00:00,福岡ソフトバンクホークス,阪神タイガース,0.0,2.0,UNKNOWN,福岡PayPayドーム,unknown,low,False,False,900062,1300080,[],[],,,,,0,light,2022-06-07T09:00:00+00:00,,UNKNOWN,,,,UNKNOWN,UNKNOWN,,UNKNOWN,,0.0,1.1666666666666667,10.5,1.5,0.0,1.366666666666667,6.0,0.0,6.0,0.0,1.0,7.0,,,,2.5714285714285716,1.4285714285714286,6.428571428571429,3.857142857142857,0.0,3.0571428571428574,7.0,2.0,7.0,0.0,3.0,5.0,,,,True,True,UNKNOWN,False,False
2021005791,2022-06-08 18:00:00,埼玉西武ライオンズ,読売ジャイアンツ,3.0,0.0,UNKNOWN,ベルーナドーム,interleague,high,True,True,1460009,1700125,[],[],,,,,0,light,2022-06-08T09:00:00+00:00,,UNKNOWN,,,,UNKNOWN,UNKNOWN,,UNKNOWN,,4.5,1.1666666666666667,13.5,4.5,0.0,1.7000000000000002,6.0,3.0,4.0,0.0,3.0,9.0,,,,0.0,0.14285714285714285,6.428571428571429,0.0,0.0,1.7714285714285716,7.0,0.0,1.0,0.0,0.0,5.0,,,,True,True,UNKNOWN,False,False
2021005789,2022-06-08 18:00:00,北海道日本ハムファイターズ,横浜DeNAベイスターズ,5.0,3.0,UNKNOWN,札幌ドーム,unknown,low,False,False,1800043,1500109,[],[],,,,,0,light,2022-06-08T09:00:00+00:00,,UNKNOWN,,,,UNKNOWN,UNKNOWN,,UNKNOWN,,9.0,1.5,4.5,4.5,0.0,3.7,2.0,2.0,2.0,0.0,1.0,1.0,,,,3.0,1.1666666666666667,7.5,0.0,0.0,1.5333333333333334,6.0,2.0,7.0,0.0,0.0,5.0,,,,True,True,UNKNOWN,False,False
2021005790,2022-06-08 18:00:00,東北楽天ゴールデンイーグルス,広島東洋カープ,1.0,0.0,UNKNOWN,楽天生命パーク宮城,interleague,high,True,True,1700072,900090,[],[],,,,,0,light,2022-06-08T09:00:00+00:00,,UNKNOWN,,,,UNKNOWN,UNKNOWN,,UNKNOWN,,0.0,1.1428571428571428,9.0,2.5714285714285716,0.0,2.0571428571428574,7.0,0.0,6.0,0.0,2.0,7.0,,,,0.0,0.5,6.0,1.5,0.0,2.3666666666666667,6.0,0.0,2.0,0.0,1.0,4.0,,,,True,True,UNKNOWN,False,False
2021005794,2022-06-08 18:00:00,福岡ソフトバンクホークス,阪神タイガース,1.0,0.0,UNKNOWN,福岡PayPayドーム,unknown,low,False,False,1900044,1200106,[],[],,,,,0,light,2022-06-08T09:00:00+00:00,,UNKNOWN,,,,UNKNOWN,UNKNOWN,,UNKNOWN,,1.2857142857142858,0.8571428571428571,5.142857142857143,1.2857142857142858,0.0,2.4857142857142858,7.0,1.0,5.0,0.0,1.0,4.0,,,,0.0,0.8333333333333334,6.0,3.0,0.0,2.8666666666666667,6.0,0.0,3.0,0.0,2.0,4.0,,,,True,True,UNKNOWN,False,False
2021005792,2022-06-08 18:00:00,千葉ロッテマリーンズ,中日ドラゴンズ,9.0,6.0,UNKNOWN,ZOZOマリンスタジアム,unknown,low,False,False,1700101,1000155,[],[],,,,,0,light,2022-06-08T09:00:00+00:00,,UNKNOWN,,,,UNKNOWN,UNKNOWN,,UNKNOWN,,16.2,3.0,0.0,10.799999999999999,0.0,6.8,3.3333333333333335,6.0,6.0,0.0,4.0,0.0,,,,6.75,1.3125,5.0625,1.6875,3.375,7.5125,5.333333333333333,4.0,6.0,2.0,1.0,3.0,,,,True,True,UNKNOWN,False,False
2021005793,2022-06-08 18:00:00,オリックス・バファローズ,東京ヤクルトスワローズ,3.0,6.0,UNKNOWN,京セラドーム大阪,unknown,low,False,False,1500040,1961077,[],[],,,,,0,light,2022-06-08T09:00:00+00:00,,UNKNOWN,,,,UNKNOWN,UNKNOWN,,UNKNOWN,,5.4,2.0,3.6,3.6,0.0,3.6,5.0,3.0,8.0,0.0,2.0,2.0,,,,5.4,1.4,12.6,1.8,0.0,1.0,5.0,3.0,6.0,0.0,1.0,7.0,,,,True,True,UNKNOWN,False,False
2021005795,2022-06-09 18:00:00,北海道日本ハムファイターズ,横浜DeNAベイスターズ,2.0,4.0,UNKNOWN,札幌ドーム,interleague,high,True,True,1600081,2000083,[],[],,,,,0,light,2022-06-09T09:00:00+00:00,,UNKNOWN,,,,UNKNOWN,UNKNOWN,,UNKNOWN,,2.6999999999999997,1.2,9.45,1.3499999999999999,0.0,1.5500000000000003,6.666666666666667,2.0,7.0,0.0,1.0,7.0,,,,3.6,1.2,9.0,0.0,1.8,3.8000000000000003,5.0,2.0,6.0,1.0,0.0,5.0,,,,True,True,UNKNOWN,False,False
2021005796,2022-06-09 18:00:00,東北楽天ゴールデンイーグルス,広島東洋カープ,4.0,1.0,UNKNOWN,楽天生命パーク宮城,unknown,low,False,False,1300058,700065,[],[],,,,,0,light,2022-06-09T09:00:00+00:00,,UNKNOWN,,,,UNKNOWN,UNKNOWN,,UNKNOWN,,3.0,1.5,6.0,1.5,0.0,2.3666666666666667,6.0,2.0,8.0,0.0,1.0,4.0,,,,0.0,1.0,5.142857142857143,1.2857142857142858,0.0,2.4857142857142858,7.0,0.0,6.0,0.0,1.0,4.0,,,,True,True,UNKNOWN,False,False
2021005797,2022-06-09 18:00:00,埼玉西武ライオンズ,読売ジャイアンツ,3.0,4.0,UNKNOWN,ベルーナドーム,unknown,low,False,False,2103689,1751148,[],[],,,,,0,light,2022-06-09T09:00:00+00:00,,UNKNOWN,,,,UNKNOWN,UNKNOWN,,UNKNOWN,,0.0,1.4,0.0,9.0,0.0,6.2,5.0,0.0,2.0,0.0,5.0,0.0,,,,6.230769230769231,2.7692307692307696,6.230769230769231,6.230769230769231,0.0,3.8923076923076927,4.333333333333333,3.0,9.0,0.0,3.0,3.0,,,,True,True,UNKNOWN,False,False
2021005798,2022-06-09 18:00:00,千葉ロッテマリーンズ,中日ドラゴンズ,2.0,0.0,UNKNOWN,ZOZOマリンスタジアム,unknown,low,False,False,1200098,1800130,[],[],,,,,0,light,2022-06-09T09:00:00+00:00,,UNKNOWN,,,,UNKNOWN,UNKNOWN,,UNKNOWN,,2.8421052631578947,0.6315789473684211,4.2631578947368425,0.0,1.4210526315789473,4.305263157894737,6.333333333333333,2.0,4.0,1.0,0.0,3.0,,,,0.0,0.75,5.625,1.125,0.0,2.325,8.0,0.0,5.0,0.0,1.0,5.0,,,,True,True,UNKNOWN,False,False
2021005799,2022-06-09 18:00:00,オリックス・バファローズ,東京ヤクルトスワローズ,1.0,2.0,UNKNOWN,京セラドーム大阪,unknown,low,False,False,12113,1000027,[],[],,,,,0,light,2022-06-09T09:00:00+00:00,,UNKNOWN,,,,UNKNOWN,UNKNOWN,,UNKNOWN,,1.8,1.0,7.2,0.0,0.0,1.6,5.0,1.0,5.0,0.0,0.0,4.0,,,,3.6,1.8,9.0,3.6,0.0,2.4000000000000004,5.0,2.0,7.0,0.0,2.0,5.0,,,,True,True,UNKNOWN,False,False
2021005801,2022-06-10 18:00:00,北海道日本ハムファイターズ,中日ドラゴンズ,2.0,1.0,UNKNOWN,札幌ドーム,excluded,high,False,False,1000138,1100099,[],[],,,,,0,light,2022-06-10T09:00:00+00:00,,UNKNOWN,,,,UNKNOWN,UNKNOWN,,UNKNOWN,,1.0,0.7777777777777778,7.0,2.0,0.0,2.3111111111111113,9.0,1.0,5.0,0.0,2.0,7.0,,,,1.0,0.6666666666666666,9.0,2.0,0.0,1.866666666666667,9.0,1.0,4.0,0.0,2.0,9.0,,,,True,True,UNKNOWN,False,False
2021005800,2022-06-09 18:00:00,福岡ソフトバンクホークス,阪神タイガース,4.0,0.0,UNKNOWN,福岡PayPayドーム,unknown,low,False,False,1561881,2100005,[],[],,,,,0,light,2022-06-09T09:00:00+00:00,,UNKNOWN,,,,UNKNOWN,UNKNOWN,,UNKNOWN,,7.363636363636364,2.7272727272727275,2.4545454545454546,9.818181818181818,0.0,5.927272727272728,3.6666666666666665,3.0,6.0,0.0,4.0,1.0,,,,0.0,0.6666666666666666,6.0,1.0,0.0,2.2,9.0,0.0,5.0,0.0,1.0,6.0,,,,True,True,UNKNOWN,False,False
2021005802,2022-06-10 18:00:00,東北楽天ゴールデンイーグルス,読売ジャイアンツ,1.0,4.0,UNKNOWN,楽天生命パーク宮城,excluded,high,False,False,1800028,2000123,[],[],,,,,0,light,2022-06-10T09:00:00+00:00,,UNKNOWN,,,,UNKNOWN,UNKNOWN,,UNKNOWN,,1.0,0.7777777777777778,9.0,3.0,1.0,3.644444444444445,9.0,1.0,4.0,1.0,3.0,9.0,,,,9.0,2.0,0.0,6.75,2.25,8.7,4.0,4.0,5.0,1.0,3.0,0.0,,,,True,True,UNKNOWN,False,False
2021005804,2022-06-10 18:00:00,千葉ロッテマリーンズ,横浜DeNAベイスターズ,2.0,1.0,UNKNOWN,ZOZOマリンスタジアム,interleague,high,True,True,1800045,1800052,[],[],,,,,0,light,2022-06-10T09:00:00+00:00,,UNKNOWN,,,,UNKNOWN,UNKNOWN,,UNKNOWN,,3.0,1.0,3.0,3.0,0.0,3.5333333333333337,6.0,2.0,4.0,0.0,2.0,2.0,,,,1.5,0.8333333333333334,7.5,0.0,1.5,3.7,6.0,1.0,5.0,1.0,0.0,5.0,,,,True,True,UNKNOWN,False,False
2021005806,2022-06-10 18:00:00,福岡ソフトバンクホークス,東京ヤクルトスワローズ,1.0,3.0,UNKNOWN,福岡PayPayドーム,japan_series,high,False,True,1200076,1000174,[],[],,,,,0,light,2022-06-10T09:00:00+00:00,,UNKNOWN,,,,UNKNOWN,UNKNOWN,,UNKNOWN,,1.2857142857142858,1.2857142857142858,3.857142857142857,0.0,0.0,2.342857142857143,7.0,1.0,9.0,0.0,0.0,3.0,,,,2.5714285714285716,1.1428571428571428,11.571428571428571,2.5714285714285716,1.2857142857142858,3.342857142857143,7.0,2.0,6.0,1.0,2.0,9.0,,,,True,True,UNKNOWN,False,False
2021005805,2022-06-10 18:00:00,オリックス・バファローズ,阪神タイガース,1.0,6.0,UNKNOWN,京セラドーム大阪,unknown,low,False,False,1500090,1400195,[],[],,,,,0,light,2022-06-10T09:00:00+00:00,,UNKNOWN,,,,UNKNOWN,UNKNOWN,,UNKNOWN,,0.0,0.42857142857142855,9.0,1.2857142857142858,0.0,1.6285714285714288,7.0,0.0,2.0,0.0,1.0,7.0,,,,1.8,1.4,7.2,1.8,1.8,4.800000000000001,5.0,1.0,6.0,1.0,1.0,4.0,,,,True,True,UNKNOWN,False,False
2021005803,2022-06-10 18:00:00,埼玉西武ライオンズ,広島東洋カープ,3.0,6.0,UNKNOWN,ベルーナドーム,unknown,low,False,False,1100081,1400182,[],[],,,,,0,light,2022-06-10T09:00:00+00:00,,UNKNOWN,,,,UNKNOWN,UNKNOWN,,UNKNOWN,,3.176470588235294,1.2352941176470587,4.764705882352941,4.764705882352941,1.588235294117647,6.023529411764706,5.666666666666667,2.0,4.0,1.0,3.0,3.0,,,,6.0,1.5,1.5,0.0,3.0,7.2,6.0,4.0,9.0,2.0,0.0,1.0,,,,True,True,UNKNOWN,False,False
2021005807,2022-06-11 14:00:00,北海道日本ハムファイターズ,中日ドラゴンズ,10.0,0.0,UNKNOWN,札幌ドーム,unknown,low,False,False,900406,1300094,[],[],,,,,0,light,2022-06-11T05:00:00+00:00,,UNKNOWN,,,,UNKNOWN,UNKNOWN,,UNKNOWN,,27.0,4.0,9.0,18.0,0.0,7.2,1.0,3.0,2.0,0.0,2.0,1.0,,,,0.0,0.8333333333333334,7.5,1.5,0.0,2.033333333333333,6.0,0.0,4.0,0.0,1.0,5.0,,,,True,True,UNKNOWN,False,False
2021005808,2022-06-11 14:00:00,東北楽天ゴールデンイーグルス,読売ジャイアンツ,8.0,1.0,UNKNOWN,楽天生命パーク宮城,unknown,low,False,False,1700002,2000121,[],[],,,,,0,light,2022-06-11T05:00:00+00:00,,UNKNOWN,,,,UNKNOWN,UNKNOWN,,UNKNOWN,,4.764705882352941,1.588235294117647,4.764705882352941,7.941176470588235,1.588235294117647,7.08235294117647,5.666666666666667,3.0,4.0,1.0,5.0,3.0,,,,1.5,1.0,7.5,1.5,0.0,2.033333333333333,6.0,1.0,5.0,0.0,1.0,5.0,,,,True,True,UNKNOWN,False,False
2021005809,2022-06-11 14:00:00,埼玉西武ライオンズ,広島東洋カープ,2.0,1.0,UNKNOWN,ベルーナドーム,excluded,high,False,False,1900052,1800080,[],[],,,,,0,light,2022-06-11T05:00:00+00:00,,UNKNOWN,,,,UNKNOWN,UNKNOWN,,UNKNOWN,,3.0,1.6666666666666667,10.5,1.5,1.5,3.5333333333333337,6.0,2.0,9.0,1.0,1.0,7.0,,,,2.25,1.5,2.25,2.25,0.0,3.45,4.0,1.0,5.0,0.0,1.0,1.0,,,,True,True,UNKNOWN,False,False
2021005810,2022-06-11 14:00:00,千葉ロッテマリーンズ,横浜DeNAベイスターズ,1.0,2.0,UNKNOWN,ZOZOマリンスタジアム,unknown,low,False,False,1600084,1900080,[],[],,,,,0,light,2022-06-11T05:00:00+00:00,,UNKNOWN,,,,UNKNOWN,UNKNOWN,,UNKNOWN,,0.0,0.8333333333333334,4.5,3.0,0.0,3.2,6.0,0.0,3.0,0.0,2.0,3.0,,,,1.125,0.375,5.625,0.0,1.125,3.575,8.0,1.0,3.0,1.0,0.0,5.0,,,,True,True,UNKNOWN,False,False
2021005812,2022-06-11 14:00:00,福岡ソフトバンクホークス,東京ヤクルトスワローズ,4.0,7.0,UNKNOWN,福岡PayPayドーム,unknown,low,False,False,1860106,1900106,[],[],,,,,0,light,2022-06-11T05:00:00+00:00,,UNKNOWN,,,,UNKNOWN,UNKNOWN,,UNKNOWN,,7.7142857142857135,1.5,7.7142857142857135,1.9285714285714284,1.9285714285714284,4.914285714285715,4.666666666666667,4.0,6.0,1.0,1.0,4.0,,,,5.4,2.4,1.8,7.2,1.8,7.8,5.0,3.0,8.0,1.0,4.0,1.0,,,,True,True,UNKNOWN,False,False
2021005814,2022-06-12 13:00:00,東北楽天ゴールデンイーグルス,読売ジャイアンツ,9.0,2.0,UNKNOWN,楽天生命パーク宮城,unknown,low,False,False,2000006,1200117,[],[],,,,,0,light,2022-06-12T04:00:00+00:00,,UNKNOWN,,,,UNKNOWN,UNKNOWN,,UNKNOWN,,27.000000000000004,3.6000000000000005,16.200000000000003,0.0,5.4,7.4,1.6666666666666665,5.0,6.0,1.0,0.0,3.0,,,,2.5714285714285716,0.8571428571428571,9.0,0.0,1.2857142857142858,3.0571428571428574,7.0,2.0,6.0,1.0,0.0,7.0,,,,True,True,UNKNOWN,False,False
2021005811,2022-06-11 18:00:00,オリックス・バファローズ,阪神タイガース,2.0,3.0,UNKNOWN,京セラドーム大阪,unknown,low,False,False,2000052,1600153,[],[],,,,,0,light,2022-06-11T09:00:00+00:00,,UNKNOWN,,,,UNKNOWN,UNKNOWN,,UNKNOWN,,1.6875,1.125,6.75,0.0,0.0,1.7000000000000002,5.333333333333333,1.0,6.0,0.0,0.0,4.0,,,,1.125,0.875,9.0,0.0,0.0,1.2000000000000002,8.0,1.0,7.0,0.0,0.0,8.0,,,,True,True,UNKNOWN,False,False
2021005815,2022-06-12 13:00:00,埼玉西武ライオンズ,広島東洋カープ,11.0,0.0,UNKNOWN,ベルーナドーム,unknown,low,False,False,1860147,1961288,[],[],,,,,0,light,2022-06-12T04:00:00+00:00,,UNKNOWN,,,,UNKNOWN,UNKNOWN,,UNKNOWN,,20.25,3.375,16.875,20.25,10.125,20.825,2.6666666666666665,6.0,3.0,3.0,6.0,5.0,,,,0.0,0.42857142857142855,6.428571428571429,0.0,0.0,1.7714285714285716,7.0,0.0,3.0,0.0,0.0,5.0,,,,True,True,UNKNOWN,False,False
2021005818,2022-06-12 13:00:00,福岡ソフトバンクホークス,東京ヤクルトスワローズ,0.0,3.0,UNKNOWN,福岡PayPayドーム,interleague,high,True,True,1500042,20204,[],[],,,,,0,light,2022-06-12T04:00:00+00:00,,UNKNOWN,,,,UNKNOWN,UNKNOWN,,UNKNOWN,,0.0,0.6666666666666666,10.0,0.0,0.0,0.9777777777777779,9.0,0.0,6.0,0.0,0.0,10.0,,,,0.0,0.5,12.0,3.0,0.0,1.5333333333333334,6.0,0.0,1.0,0.0,2.0,8.0,,,,True,True,UNKNOWN,False,False
2021005813,2022-06-12 14:00:00,北海道日本ハムファイターズ,中日ドラゴンズ,2.0,0.0,UNKNOWN,札幌ドーム,interleague,high,True,True,1600106,1500110,[],[],,,,,0,light,2022-06-12T05:00:00+00:00,,UNKNOWN,,,,UNKNOWN,UNKNOWN,,UNKNOWN,,2.25,1.0,5.625,0.0,0.0,1.9500000000000002,8.0,2.0,8.0,0.0,0.0,5.0,,,,0.0,1.0,6.428571428571429,1.2857142857142858,0.0,2.2,7.0,0.0,6.0,0.0,1.0,5.0,,,,True,True,UNKNOWN,False,False
2021005816,2022-06-12 14:00:00,千葉ロッテマリーンズ,横浜DeNAベイスターズ,5.0,4.0,UNKNOWN,ZOZOマリンスタジアム,unknown,low,False,False,1400110,2000095,[],[],,,,,0,light,2022-06-12T05:00:00+00:00,,UNKNOWN,,,,UNKNOWN,UNKNOWN,,UNKNOWN,,5.0625,1.5,5.0625,3.375,1.6875,5.6375,5.333333333333333,3.0,6.0,1.0,2.0,3.0,,,,3.0,0.8333333333333334,10.5,1.5,1.5,3.5333333333333337,6.0,2.0,4.0,1.0,1.0,7.0,,,,True,True,UNKNOWN,False,False
2021005817,2022-06-12 14:00:00,オリックス・バファローズ,阪神タイガース,1.0,9.0,UNKNOWN,京セラドーム大阪,unknown,low,False,False,1900147,1900087,[],[],,,,,0,light,2022-06-12T05:00:00+00:00,,UNKNOWN,,,,UNKNOWN,UNKNOWN,,UNKNOWN,,1.0,0.5555555555555556,7.0,0.0,0.0,1.6444444444444446,9.0,1.0,5.0,0.0,0.0,7.0,,,,6.0,1.3333333333333333,6.0,3.0,0.0,2.8666666666666667,6.0,4.0,6.0,0.0,2.0,4.0,,,,True,True,UNKNOWN,False,False
2021005819,2022-06-17 18:00:00,東京ヤクルトスワローズ,広島東洋カープ,7.0,2.0,UNKNOWN,明治神宮野球場,unknown,low,False,False,1300057,2000139,[],[],,,,,0,light,2022-06-17T09:00:00+00:00,,UNKNOWN,,,,UNKNOWN,UNKNOWN,,UNKNOWN,,9.0,2.0,11.25,0.0,0.0,0.7000000000000002,4.0,4.0,8.0,0.0,0.0,5.0,,,,0.0,1.0,2.25,2.25,0.0,3.45,8.0,0.0,6.0,0.0,2.0,2.0,,,,True,True,UNKNOWN,False,False
2021005821,2022-06-17 18:00:00,阪神タイガース,横浜DeNAベイスターズ,7.0,5.0,UNKNOWN,阪神甲子園球場,interleague,high,True,True,1500061,1500090,[],[],,,,,0,light,2022-06-17T09:00:00+00:00,,UNKNOWN,,,,UNKNOWN,UNKNOWN,,UNKNOWN,,9.0,1.3333333333333333,3.0,1.5,3.0,7.366666666666667,6.0,6.0,7.0,2.0,1.0,2.0,,,,4.5,0.8333333333333334,9.0,3.0,1.5,4.366666666666667,6.0,3.0,3.0,1.0,2.0,6.0,,,,True,True,UNKNOWN,False,False
2021005820,2022-06-17 18:00:00,中日ドラゴンズ,読売ジャイアンツ,2.0,0.0,UNKNOWN,バンテリンドーム ナゴヤ,excluded,high,False,False,1200041,1000138,[],[],,,,,0,light,2022-06-17T09:00:00+00:00,,UNKNOWN,,,,UNKNOWN,UNKNOWN,,UNKNOWN,,0.0,0.8571428571428571,5.142857142857143,0.0,0.0,2.0571428571428574,7.0,0.0,6.0,0.0,0.0,4.0,,,,0.0,0.5,11.25,1.125,0.0,1.0750000000000002,8.0,0.0,3.0,0.0,1.0,10.0,,,,True,True,UNKNOWN,False,False
2021005822,2022-06-17 18:00:00,北海道日本ハムファイターズ,千葉ロッテマリーンズ,4.0,7.0,UNKNOWN,札幌ドーム,unknown,low,False,False,1300055,1100099,[],[],,,,,0,light,2022-06-17T09:00:00+00:00,,UNKNOWN,,,,UNKNOWN,UNKNOWN,,UNKNOWN,,10.799999999999999,3.0,2.6999999999999997,8.1,2.6999999999999997,9.2,3.3333333333333335,4.0,7.0,1.0,3.0,1.0,,,,0.0,0.5714285714285714,9.0,2.5714285714285716,0.0,2.0571428571428574,7.0,0.0,2.0,0.0,2.0,7.0,,,,True,True,UNKNOWN,False,False
2021005823,2022-06-17 18:00:00,埼玉西武ライオンズ,オリックス・バファローズ,4.0,2.0,UNKNOWN,ベルーナドーム,unknown,low,False,False,1600150,1400182,[],[],,,,,0,light,2022-06-17T09:00:00+00:00,,UNKNOWN,,,,UNKNOWN,UNKNOWN,,UNKNOWN,,6.75,1.5,8.4375,1.6875,1.6875,4.325,5.333333333333333,4.0,7.0,1.0,1.0,5.0,,,,2.5714285714285716,0.7142857142857143,6.428571428571429,0.0,1.2857142857142858,3.6285714285714286,7.0,2.0,5.0,1.0,0.0,5.0,,,,True,True,UNKNOWN,False,False
2021005824,2022-06-17 18:00:00,福岡ソフトバンクホークス,東北楽天ゴールデンイーグルス,9.0,4.0,UNKNOWN,福岡PayPayドーム,unknown,low,False,False,700069,1000174,[],[],,,,,0,light,2022-06-17T09:00:00+00:00,,UNKNOWN,,,,UNKNOWN,UNKNOWN,,UNKNOWN,,12.6,2.8,3.6,3.6,7.2,14.0,5.0,7.0,12.0,4.0,2.0,2.0,,,,6.0,1.6666666666666667,10.5,3.0,1.5,4.033333333333333,6.0,4.0,8.0,1.0,2.0,7.0,,,,True,True,UNKNOWN,False,False
2021005825,2022-06-18 14:00:00,東京ヤクルトスワローズ,広島東洋カープ,10.0,6.0,UNKNOWN,明治神宮野球場,interleague,high,True,True,1900052,1860106,[],[],,,,,0,light,2022-06-18T05:00:00+00:00,,UNKNOWN,,,,UNKNOWN,UNKNOWN,,UNKNOWN,,6.352941176470588,1.9411764705882353,6.352941176470588,1.588235294117647,1.588235294117647,4.6117647058823525,5.666666666666667,4.0,10.0,1.0,1.0,4.0,,,,4.5,1.75,4.5,4.5,2.25,6.95,4.0,2.0,5.0,1.0,2.0,2.0,,,,True,True,UNKNOWN,False,False
2021005826,2022-06-18 14:00:00,中日ドラゴンズ,読売ジャイアンツ,4.0,3.0,UNKNOWN,バンテリンドーム ナゴヤ,unknown,low,False,False,1560186,2000042,[],[],,,,,0,light,2022-06-18T05:00:00+00:00,,UNKNOWN,,,,UNKNOWN,UNKNOWN,,UNKNOWN,,27.0,6.0,0.0,27.0,0.0,12.2,0.3333333333333333,1.0,1.0,0.0,1.0,0.0,,,,5.4,2.4,7.2,5.4,1.8,6.0,5.0,3.0,9.0,1.0,3.0,4.0,,,,True,True,UNKNOWN,False,False
2021005828,2022-06-18 14:00:00,北海道日本ハムファイターズ,千葉ロッテマリーンズ,1.0,3.0,UNKNOWN,札幌ドーム,unknown,low,False,False,1800130,2000079,[],[],,,,,0,light,2022-06-18T05:00:00+00:00,,UNKNOWN,,,,UNKNOWN,UNKNOWN,,UNKNOWN,,1.5,0.8333333333333334,3.0,1.5,1.5,5.2,6.0,1.0,4.0,1.0,1.0,2.0,,,,4.5,1.6666666666666667,6.0,4.5,0.0,3.3666666666666667,6.0,3.0,7.0,0.0,3.0,4.0,,,,True,True,UNKNOWN,False,False
2021005827,2022-06-18 14:00:00,阪神タイガース,横浜DeNAベイスターズ,4.0,1.0,UNKNOWN,阪神甲子園球場,unknown,low,False,False,1600081,2000052,[],[],,,,,0,light,2022-06-18T05:00:00+00:00,,UNKNOWN,,,,UNKNOWN,UNKNOWN,,UNKNOWN,,7.7142857142857135,2.142857142857143,1.9285714285714284,7.7142857142857135,1.9285714285714284,8.128571428571428,4.666666666666667,4.0,6.0,1.0,4.0,1.0,,,,1.0,0.4444444444444444,3.0,1.0,1.0,4.311111111111112,9.0,1.0,3.0,1.0,1.0,3.0,,,,True,True,UNKNOWN,False,False
2021005829,2022-06-18 14:00:00,埼玉西武ライオンズ,オリックス・バファローズ,0.0,2.0,UNKNOWN,ベルーナドーム,unknown,low,False,False,1600153,1600131,[],[],,,,,0,light,2022-06-18T05:00:00+00:00,,UNKNOWN,,,,UNKNOWN,UNKNOWN,,UNKNOWN,,0.0,0.1111111111111111,9.0,1.0,0.0,1.5333333333333334,9.0,0.0,0.0,0.0,1.0,9.0,,,,1.8,1.4,10.8,3.6,0.0,2.0,5.0,1.0,5.0,0.0,2.0,6.0,,,,True,True,UNKNOWN,False,False
2021005831,2022-06-19 13:00:00,東京ヤクルトスワローズ,広島東洋カープ,8.0,3.0,UNKNOWN,明治神宮野球場,unknown,low,False,False,1300058,12113,[],[],,,,,0,light,2022-06-19T04:00:00+00:00,,UNKNOWN,,,,UNKNOWN,UNKNOWN,,UNKNOWN,,9.0,1.6,14.4,3.6,7.2,11.600000000000001,5.0,5.0,6.0,4.0,2.0,8.0,,,,3.857142857142857,1.0,5.142857142857143,0.0,2.5714285714285716,5.771428571428572,7.0,3.0,7.0,2.0,0.0,4.0,,,,True,True,UNKNOWN,False,False
2021005830,2022-06-18 14:00:00,福岡ソフトバンクホークス,東北楽天ゴールデンイーグルス,3.0,1.0,UNKNOWN,福岡PayPayドーム,interleague,high,True,True,900090,1900106,[],[],,,,,0,light,2022-06-18T05:00:00+00:00,,UNKNOWN,,,,UNKNOWN,UNKNOWN,,UNKNOWN,,1.6875,1.125,3.375,3.375,1.6875,6.0125,5.333333333333333,1.0,4.0,1.0,2.0,2.0,,,,0.0,0.375,7.875,2.25,0.0,2.2,8.0,0.0,1.0,0.0,2.0,7.0,,,,True,True,UNKNOWN,False,False
2021005835,2022-06-19 13:00:00,埼玉西武ライオンズ,オリックス・バファローズ,3.0,2.0,UNKNOWN,ベルーナドーム,unknown,low,False,False,1400195,1700125,[],[],,,,,0,light,2022-06-19T04:00:00+00:00,,UNKNOWN,,,,UNKNOWN,UNKNOWN,,UNKNOWN,,6.75,1.25,11.25,4.5,0.0,2.2,4.0,3.0,3.0,0.0,2.0,5.0,,,,4.5,2.0,4.5,6.75,2.25,7.7,4.0,2.0,5.0,1.0,3.0,2.0,,,,True,True,UNKNOWN,False,False
2021005836,2022-06-19 13:00:00,福岡ソフトバンクホークス,東北楽天ゴールデンイーグルス,4.0,1.0,UNKNOWN,福岡PayPayドーム,unknown,low,False,False,2000121,20204,[],[],,,,,0,light,2022-06-19T04:00:00+00:00,,UNKNOWN,,,,UNKNOWN,UNKNOWN,,UNKNOWN,,4.764705882352941,1.588235294117647,1.588235294117647,4.764705882352941,3.176470588235294,9.023529411764706,5.666666666666667,3.0,6.0,2.0,3.0,1.0,,,,1.5,0.16666666666666666,12.0,0.0,1.5,2.7,6.0,1.0,1.0,1.0,0.0,8.0,,,,True,True,UNKNOWN,False,False
2021005832,2022-06-19 14:00:00,中日ドラゴンズ,読売ジャイアンツ,3.0,5.0,UNKNOWN,バンテリンドーム ナゴヤ,unknown,low,False,False,1460009,1600106,[],[],,,,,0,light,2022-06-19T05:00:00+00:00,,UNKNOWN,,,,UNKNOWN,UNKNOWN,,UNKNOWN,,1.2857142857142858,1.0,5.142857142857143,1.2857142857142858,1.2857142857142858,4.342857142857143,7.0,1.0,6.0,1.0,1.0,4.0,,,,5.142857142857143,1.5714285714285714,10.285714285714286,5.142857142857143,1.2857142857142858,4.485714285714286,7.0,4.0,7.0,1.0,4.0,8.0,,,,True,True,UNKNOWN,False,False
2021005833,2022-06-19 14:00:00,阪神タイガース,横浜DeNAベイスターズ,4.0,7.0,UNKNOWN,阪神甲子園球場,interleague,high,True,True,1600084,1900044,[],[],,,,,0,light,2022-06-19T05:00:00+00:00,,UNKNOWN,,,,UNKNOWN,UNKNOWN,,UNKNOWN,,3.6,1.4,3.6,5.4,0.0,4.2,5.0,2.0,4.0,0.0,3.0,2.0,,,,8.1,2.4,5.3999999999999995,10.799999999999999,0.0,5.6,3.3333333333333335,3.0,4.0,0.0,4.0,2.0,,,,True,True,UNKNOWN,False,False
2021005834,2022-06-19 14:00:00,北海道日本ハムファイターズ,千葉ロッテマリーンズ,2.0,4.0,UNKNOWN,札幌ドーム,unknown,low,False,False,1000155,1500109,[],[],,,,,0,light,2022-06-19T05:00:00+00:00,,UNKNOWN,,,,UNKNOWN,UNKNOWN,,UNKNOWN,,1.8,1.2,1.8,0.0,0.0,2.8000000000000003,5.0,1.0,6.0,0.0,0.0,1.0,,,,6.75,1.875,8.4375,1.6875,0.0,1.8875000000000002,5.333333333333333,4.0,9.0,0.0,1.0,5.0,,,,True,True,UNKNOWN,False,False
2021005837,2022-06-21 18:00:00,読売ジャイアンツ,横浜DeNAベイスターズ,1.0,3.0,UNKNOWN,東京ドーム,unknown,low,False,False,1800045,1800028,[],[],,,,,0,light,2022-06-21T09:00:00+00:00,,UNKNOWN,,,,UNKNOWN,UNKNOWN,,UNKNOWN,,1.6875,1.6875,3.375,1.6875,1.6875,5.45,5.333333333333333,1.0,8.0,1.0,1.0,2.0,,,,1.2857142857142858,0.8571428571428571,10.285714285714286,0.0,1.2857142857142858,2.771428571428572,7.0,1.0,6.0,1.0,0.0,8.0,,,,True,True,UNKNOWN,False,False
2021005838,2022-06-21 18:00:00,中日ドラゴンズ,東京ヤクルトスワローズ,2.0,1.0,UNKNOWN,バンテリンドーム ナゴヤ,unknown,low,False,False,1200076,1500074,[],[],,,,,0,light,2022-06-21T09:00:00+00:00,,UNKNOWN,,,,UNKNOWN,UNKNOWN,,UNKNOWN,,1.0,0.3333333333333333,6.0,1.0,0.0,2.2,9.0,1.0,2.0,0.0,1.0,6.0,,,,1.125,0.625,10.125,2.25,1.125,3.325,8.0,1.0,3.0,1.0,2.0,9.0,,,,True,True,UNKNOWN,False,False
2021005840,2022-06-21 18:00:00,東北楽天ゴールデンイーグルス,北海道日本ハムファイターズ,3.0,0.0,UNKNOWN,こまちスタジアム,unknown,low,False,False,1800090,1200117,[],[],,,,,0,light,2022-06-21T09:00:00+00:00,,UNKNOWN,,,,UNKNOWN,UNKNOWN,,UNKNOWN,,4.153846153846154,1.3846153846153848,6.230769230769231,4.153846153846154,0.0,3.2,4.333333333333333,2.0,4.0,0.0,2.0,3.0,,,,0.0,0.6,6.75,1.3499999999999999,0.0,2.1500000000000004,6.666666666666667,0.0,3.0,0.0,1.0,5.0,,,,True,True,UNKNOWN,False,False
2021005841,2022-06-21 18:00:00,千葉ロッテマリーンズ,埼玉西武ライオンズ,0.0,3.0,UNKNOWN,ZOZOマリンスタジアム,unknown,low,False,False,1800080,1800052,[],[],,,,,0,light,2022-06-21T09:00:00+00:00,,UNKNOWN,,,,UNKNOWN,UNKNOWN,,UNKNOWN,,0.0,0.5217391304347826,3.5217391304347823,3.5217391304347823,0.0,3.591304347826087,7.666666666666667,0.0,1.0,0.0,3.0,3.0,,,,0.0,0.7142857142857143,3.857142857142857,2.5714285714285716,0.0,3.2,7.0,0.0,3.0,0.0,2.0,3.0,,,,True,True,UNKNOWN,False,False
2021005839,2022-06-21 18:00:00,広島東洋カープ,阪神タイガース,5.0,3.0,UNKNOWN,MAZDA Zoom-Zoom スタジアム広島,unknown,low,False,False,900062,1600123,[],[],,,,,0,light,2022-06-21T09:00:00+00:00,,UNKNOWN,,,,UNKNOWN,UNKNOWN,,UNKNOWN,,9.0,1.4,7.2,0.0,0.0,1.6,5.0,5.0,7.0,0.0,0.0,4.0,,,,2.5714285714285716,0.5714285714285714,2.5714285714285716,0.0,1.2857142857142858,4.485714285714286,7.0,2.0,4.0,1.0,0.0,2.0,,,,True,True,UNKNOWN,False,False
2021005843,2022-06-22 18:00:00,読売ジャイアンツ,横浜DeNAベイスターズ,5.0,4.0,UNKNOWN,東京ドーム,unknown,low,False,False,1400110,1700002,[],[],,,,,0,light,2022-06-22T09:00:00+00:00,,UNKNOWN,,,,UNKNOWN,UNKNOWN,,UNKNOWN,,12.0,2.3333333333333335,6.0,3.0,6.0,11.533333333333335,3.0,4.0,6.0,2.0,1.0,2.0,,,,9.0,2.0,2.25,4.5,4.5,10.7,4.0,4.0,6.0,2.0,2.0,1.0,,,,True,True,UNKNOWN,False,False
2021005842,2022-06-21 18:00:00,オリックス・バファローズ,福岡ソフトバンクホークス,4.0,3.0,UNKNOWN,京セラドーム大阪,unknown,low,False,False,1300080,1900087,[],[],,,,,0,light,2022-06-21T09:00:00+00:00,,UNKNOWN,,,,UNKNOWN,UNKNOWN,,UNKNOWN,,6.0,1.6666666666666667,3.0,4.5,1.5,6.2,6.0,4.0,7.0,1.0,3.0,2.0,,,,2.4545454545454546,0.8181818181818182,9.818181818181818,1.2272727272727273,0.0,1.4272727272727275,7.333333333333333,2.0,5.0,0.0,1.0,8.0,,,,True,True,UNKNOWN,False,False
2021005844,2022-06-22 18:00:00,中日ドラゴンズ,東京ヤクルトスワローズ,3.0,7.0,UNKNOWN,バンテリンドーム ナゴヤ,unknown,low,False,False,1500040,1200098,[],[],,,,,0,light,2022-06-22T09:00:00+00:00,,UNKNOWN,,,,UNKNOWN,UNKNOWN,,UNKNOWN,,5.4,1.4,1.8,3.6,0.0,4.0,5.0,3.0,5.0,0.0,2.0,1.0,,,,5.0625,1.125,1.6875,0.0,0.0,2.825,5.333333333333333,3.0,6.0,0.0,0.0,1.0,,,,True,True,UNKNOWN,False,False
2021005845,2022-06-22 18:00:00,広島東洋カープ,阪神タイガース,5.0,4.0,UNKNOWN,MAZDA Zoom-Zoom スタジアム広島,interleague,high,True,True,1900147,1700072,[],[],,,,,0,light,2022-06-22T09:00:00+00:00,,UNKNOWN,,,,UNKNOWN,UNKNOWN,,UNKNOWN,,5.4,2.0,3.6,0.0,0.0,2.4000000000000004,5.0,3.0,10.0,0.0,0.0,2.0,,,,3.6,1.6,5.4,3.6,0.0,3.2,5.0,2.0,6.0,0.0,2.0,3.0,,,,True,True,UNKNOWN,False,False
2021005846,2022-06-22 18:00:00,東北楽天ゴールデンイーグルス,北海道日本ハムファイターズ,6.0,3.0,UNKNOWN,岩手県営野球場,interleague,high,True,True,1500110,700065,[],[],,,,,0,light,2022-06-22T09:00:00+00:00,,UNKNOWN,,,,UNKNOWN,UNKNOWN,,UNKNOWN,,4.05,1.2,4.05,0.0,1.3499999999999999,4.25,6.666666666666667,3.0,8.0,1.0,0.0,3.0,,,,2.5714285714285716,0.5714285714285714,11.571428571428571,1.2857142857142858,1.2857142857142858,2.9142857142857146,7.0,2.0,3.0,1.0,1.0,9.0,,,,True,True,UNKNOWN,False,False
2021005847,2022-06-22 18:00:00,千葉ロッテマリーンズ,埼玉西武ライオンズ,2.0,1.0,UNKNOWN,ZOZOマリンスタジアム,unknown,low,False,False,1961288,1900080,[],[],,,,,0,light,2022-06-22T09:00:00+00:00,,UNKNOWN,,,,UNKNOWN,UNKNOWN,,UNKNOWN,,1.5,0.8333333333333334,4.5,3.0,0.0,3.2,6.0,1.0,3.0,0.0,2.0,3.0,,,,0.0,0.8571428571428571,11.571428571428571,3.857142857142857,0.0,1.9142857142857144,7.0,0.0,3.0,0.0,3.0,9.0,,,,True,True,UNKNOWN,False,False
2021005848,2022-06-22 18:00:00,オリックス・バファローズ,福岡ソフトバンクホークス,5.0,0.0,UNKNOWN,京セラドーム大阪,unknown,low,False,False,1200106,1700109,[],[],,,,,0,light,2022-06-22T09:00:00+00:00,,UNKNOWN,,,,UNKNOWN,UNKNOWN,,UNKNOWN,,4.5,1.5,3.0,1.5,1.5,5.2,6.0,3.0,8.0,1.0,1.0,2.0,,,,0.0,0.4444444444444444,7.0,0.0,0.0,1.6444444444444446,9.0,0.0,4.0,0.0,0.0,7.0,,,,True,True,UNKNOWN,False,False
2021005849,2022-06-23 18:00:00,読売ジャイアンツ,横浜DeNAベイスターズ,5.0,7.0,UNKNOWN,東京ドーム,excluded,high,False,False,1700058,2103689,[],[],,,,,0,light,2022-06-23T09:00:00+00:00,,UNKNOWN,,,,UNKNOWN,UNKNOWN,,UNKNOWN,,4.764705882352941,1.7647058823529411,9.529411764705882,4.764705882352941,0.0,2.670588235294118,5.666666666666667,3.0,7.0,0.0,3.0,6.0,,,,11.25,2.0,4.5,2.25,2.25,6.2,4.0,5.0,7.0,1.0,1.0,2.0,,,,True,True,UNKNOWN,False,False
2021005850,2022-06-23 18:00:00,中日ドラゴンズ,東京ヤクルトスワローズ,0.0,10.0,UNKNOWN,バンテリンドーム ナゴヤ,unknown,low,False,False,1300045,1900039,[],[],,,,,0,light,2022-06-23T09:00:00+00:00,,UNKNOWN,,,,UNKNOWN,UNKNOWN,,UNKNOWN,,0.0,0.8888888888888888,9.0,2.0,0.0,1.866666666666667,9.0,0.0,6.0,0.0,2.0,9.0,,,,15.0,2.3333333333333335,3.0,3.0,3.0,7.866666666666667,3.0,5.0,6.0,1.0,1.0,1.0,,,,True,True,UNKNOWN,False,False
2021005851,2022-06-23 18:00:00,広島東洋カープ,阪神タイガース,3.0,3.0,UNKNOWN,MAZDA Zoom-Zoom スタジアム広島,unknown,low,False,False,1561881,1860147,[],[],,,,,0,light,2022-06-23T09:00:00+00:00,,UNKNOWN,,,,UNKNOWN,UNKNOWN,,UNKNOWN,,3.6,1.2,5.4,1.8,0.0,2.6,5.0,2.0,5.0,0.0,1.0,3.0,,,,0.0,1.4,9.0,3.6,0.0,2.4000000000000004,5.0,0.0,5.0,0.0,2.0,5.0,,,,True,True,UNKNOWN,False,False
2021005852,2022-06-24 18:00:00,東京ヤクルトスワローズ,読売ジャイアンツ,16.0,6.0,UNKNOWN,明治神宮野球場,regular,high,True,True,1200041,1500042,[],[],,,,,0,light,2022-06-24T09:00:00+00:00,,UNKNOWN,,,,UNKNOWN,UNKNOWN,,UNKNOWN,,12.6,2.0,5.4,1.8,3.6,7.8,5.0,7.0,9.0,2.0,1.0,3.0,,,,3.0,1.3333333333333333,6.0,6.0,0.0,3.8666666666666667,6.0,2.0,4.0,0.0,4.0,4.0,,,,True,True,UNKNOWN,False,False
2021005854,2022-06-24 18:00:00,阪神タイガース,中日ドラゴンズ,6.0,4.0,UNKNOWN,阪神甲子園球場,unknown,low,False,False,1000138,1500090,[],[],,,,,0,light,2022-06-24T09:00:00+00:00,,UNKNOWN,,,,UNKNOWN,UNKNOWN,,UNKNOWN,,6.0,1.5,3.0,3.0,0.0,3.5333333333333337,6.0,4.0,7.0,0.0,2.0,2.0,,,,4.909090909090909,1.3636363636363638,9.818181818181818,1.2272727272727273,0.0,1.4272727272727275,7.333333333333333,4.0,9.0,0.0,1.0,8.0,,,,True,True,UNKNOWN,False,False
2021005855,2022-06-24 18:00:00,東北楽天ゴールデンイーグルス,埼玉西武ライオンズ,3.0,4.0,UNKNOWN,楽天生命パーク宮城,unknown,low,False,False,1400182,700069,[],[],,,,,0,light,2022-06-24T09:00:00+00:00,,UNKNOWN,,,,UNKNOWN,UNKNOWN,,UNKNOWN,,3.6,2.2,7.2,10.8,0.0,5.2,5.0,2.0,5.0,0.0,6.0,4.0,,,,6.0,1.0,6.0,0.0,3.0,6.2,6.0,4.0,6.0,2.0,0.0,4.0,,,,True,True,UNKNOWN,False,False
2021005853,2022-06-24 18:00:00,横浜DeNAベイスターズ,広島東洋カープ,0.0,7.0,UNKNOWN,横浜スタジアム,unknown,low,False,False,1300057,1500061,[],[],,,,,0,light,2022-06-24T09:00:00+00:00,,UNKNOWN,,,,UNKNOWN,UNKNOWN,,UNKNOWN,,0.0,0.6666666666666666,8.0,0.0,0.0,1.4222222222222225,9.0,0.0,6.0,0.0,0.0,8.0,,,,9.0,1.8,9.0,1.8,3.6,7.0,5.0,5.0,8.0,2.0,1.0,5.0,,,,True,True,UNKNOWN,False,False
2021005856,2022-06-24 18:00:00,千葉ロッテマリーンズ,オリックス・バファローズ,0.0,5.0,UNKNOWN,ZOZOマリンスタジアム,unknown,low,False,False,1600150,1900085,[],[],,,,,0,light,2022-06-24T09:00:00+00:00,,UNKNOWN,,,,UNKNOWN,UNKNOWN,,UNKNOWN,,0.0,0.6666666666666666,5.0,2.0,0.0,2.7555555555555555,9.0,0.0,4.0,0.0,2.0,5.0,,,,1.6875,1.875,8.4375,8.4375,0.0,4.1375,5.333333333333333,1.0,5.0,0.0,5.0,5.0,,,,True,True,UNKNOWN,False,False
2021005857,2022-06-24 18:00:00,福岡ソフトバンクホークス,北海道日本ハムファイターズ,5.0,1.0,UNKNOWN,福岡PayPayドーム,unknown,low,False,False,1100099,1000174,[],[],,,,,0,light,2022-06-24T09:00:00+00:00,,UNKNOWN,,,,UNKNOWN,UNKNOWN,,UNKNOWN,,8.4375,2.25,3.375,5.0625,1.6875,6.575,5.333333333333333,5.0,9.0,1.0,3.0,2.0,,,,1.8,0.8,9.0,1.8,1.8,4.4,5.0,1.0,3.0,1.0,1.0,5.0,,,,True,True,UNKNOWN,False,False
2021005858,2022-06-25 14:00:00,東京ヤクルトスワローズ,読売ジャイアンツ,5.0,19.0,UNKNOWN,明治神宮野球場,unknown,low,False,False,1460009,2000139,[],[],,,,,0,light,2022-06-25T05:00:00+00:00,,UNKNOWN,,,,UNKNOWN,UNKNOWN,,UNKNOWN,,6.75,1.3125,5.0625,0.0,1.6875,4.5125,5.333333333333333,4.0,7.0,1.0,0.0,3.0,,,,9.0,2.2,10.8,3.6,5.4,9.8,5.0,5.0,9.0,3.0,2.0,6.0,,,,True,True,UNKNOWN,False,False
2021005859,2022-06-25 14:00:00,横浜DeNAベイスターズ,広島東洋カープ,4.0,5.0,UNKNOWN,横浜スタジアム,unknown,low,False,False,1900052,1600081,[],[],,,,,0,light,2022-06-25T05:00:00+00:00,,UNKNOWN,,,,UNKNOWN,UNKNOWN,,UNKNOWN,,5.142857142857143,1.5714285714285714,3.857142857142857,2.5714285714285716,0.0,3.2,7.0,4.0,9.0,0.0,2.0,3.0,,,,11.25,2.25,6.75,6.75,0.0,3.95,4.0,5.0,6.0,0.0,3.0,3.0,,,,True,True,UNKNOWN,False,False
2021005861,2022-06-25 14:00:00,東北楽天ゴールデンイーグルス,埼玉西武ライオンズ,0.0,2.0,UNKNOWN,楽天生命パーク宮城,unknown,low,False,False,1600131,900090,[],[],,,,,0,light,2022-06-25T05:00:00+00:00,,UNKNOWN,,,,UNKNOWN,UNKNOWN,,UNKNOWN,,0.0,0.6666666666666666,3.0,1.5,0.0,3.0333333333333337,6.0,0.0,3.0,0.0,1.0,2.0,,,,2.5714285714285716,0.8571428571428571,2.5714285714285716,2.5714285714285716,1.2857142857142858,5.342857142857143,7.0,2.0,4.0,1.0,2.0,2.0,,,,True,True,UNKNOWN,False,False
2021005860,2022-06-25 14:00:00,阪神タイガース,中日ドラゴンズ,10.0,0.0,UNKNOWN,阪神甲子園球場,unknown,low,False,False,1200055,2000052,[],[],,,,,0,light,2022-06-25T05:00:00+00:00,,UNKNOWN,,,,UNKNOWN,UNKNOWN,,UNKNOWN,,13.5,4.0,6.75,11.25,0.0,5.45,4.0,6.0,11.0,0.0,5.0,3.0,,,,0.0,1.125,5.625,0.0,0.0,1.9500000000000002,8.0,0.0,9.0,0.0,0.0,5.0,,,,True,True,UNKNOWN,False,False
2021005862,2022-06-25 14:00:00,千葉ロッテマリーンズ,オリックス・バファローズ,0.0,4.0,UNKNOWN,ZOZOマリンスタジアム,unknown,low,False,False,1600153,2000095,[],[],,,,,0,light,2022-06-25T05:00:00+00:00,,UNKNOWN,,,,UNKNOWN,UNKNOWN,,UNKNOWN,,0.0,0.75,10.125,2.25,0.0,1.7000000000000002,8.0,0.0,4.0,0.0,2.0,9.0,,,,4.5,2.0,4.5,1.5,0.0,2.7,6.0,3.0,11.0,0.0,1.0,3.0,,,,True,True,UNKNOWN,False,False
2021005863,2022-06-25 18:00:00,福岡ソフトバンクホークス,北海道日本ハムファイターズ,3.0,0.0,UNKNOWN,福岡PayPayドーム,unknown,low,False,False,2000079,1900106,[],[],,,,,0,light,2022-06-25T09:00:00+00:00,,UNKNOWN,,,,UNKNOWN,UNKNOWN,,UNKNOWN,,3.0,1.3333333333333333,4.5,3.0,0.0,3.2,6.0,2.0,6.0,0.0,2.0,3.0,,,,0.0,0.4444444444444444,6.0,0.0,0.0,1.866666666666667,9.0,0.0,4.0,0.0,0.0,6.0,,,,True,True,UNKNOWN,False,False
2021005864,2022-06-26 13:00:00,東京ヤクルトスワローズ,読売ジャイアンツ,11.0,10.0,UNKNOWN,明治神宮野球場,unknown,low,False,False,1800028,1860106,[],[],,,,,0,light,2022-06-26T04:00:00+00:00,,UNKNOWN,,,,UNKNOWN,UNKNOWN,,UNKNOWN,,16.875,3.375,0.0,10.125,0.0,6.575,2.6666666666666665,5.0,6.0,0.0,3.0,0.0,,,,18.0,4.5,9.0,9.0,0.0,4.2,2.0,4.0,7.0,0.0,2.0,2.0,,,,True,True,UNKNOWN,False,False
2021005867,2022-06-26 13:00:00,東北楽天ゴールデンイーグルス,埼玉西武ライオンズ,0.0,2.0,UNKNOWN,楽天生命パーク宮城,unknown,low,False,False,1700125,2000121,[],[],,,,,0,light,2022-06-26T04:00:00+00:00,,UNKNOWN,,,,UNKNOWN,UNKNOWN,,UNKNOWN,,0.0,0.7142857142857143,5.142857142857143,1.2857142857142858,0.0,2.4857142857142858,7.0,0.0,4.0,0.0,1.0,4.0,,,,3.176470588235294,1.2352941176470587,4.764705882352941,0.0,3.176470588235294,6.729411764705882,5.666666666666667,2.0,7.0,2.0,0.0,3.0,,,,True,True,UNKNOWN,False,False
2021005870,2022-06-27 18:00:00,福岡ソフトバンクホークス,千葉ロッテマリーンズ,1.0,8.0,UNKNOWN,東京ドーム,unknown,low,False,False,1800130,1700137,[],[],,,,,0,light,2022-06-27T09:00:00+00:00,,UNKNOWN,,,,UNKNOWN,UNKNOWN,,UNKNOWN,,0.0,0.5714285714285714,2.5714285714285716,0.0,0.0,2.628571428571429,7.0,0.0,4.0,0.0,0.0,2.0,,,,9.0,2.0,11.25,2.25,2.25,4.7,4.0,4.0,7.0,1.0,1.0,5.0,,,,True,True,UNKNOWN,False,False
2021005865,2022-06-26 14:00:00,横浜DeNAベイスターズ,広島東洋カープ,3.0,4.0,UNKNOWN,横浜スタジアム,unknown,low,False,False,1300058,1600084,[],[],,,,,0,light,2022-06-26T05:00:00+00:00,,UNKNOWN,,,,UNKNOWN,UNKNOWN,,UNKNOWN,,1.2857142857142858,0.8571428571428571,7.714285714285714,0.0,0.0,1.485714285714286,7.0,1.0,6.0,0.0,0.0,6.0,,,,3.0,1.5,3.0,1.5,0.0,3.0333333333333337,6.0,2.0,8.0,0.0,1.0,2.0,,,,True,True,UNKNOWN,False,False
2021005868,2022-06-26 14:00:00,千葉ロッテマリーンズ,オリックス・バファローズ,3.0,2.0,UNKNOWN,ZOZOマリンスタジアム,unknown,low,False,False,1400195,1000155,[],[],,,,,0,light,2022-06-26T05:00:00+00:00,,UNKNOWN,,,,UNKNOWN,UNKNOWN,,UNKNOWN,,0.0,1.8461538461538463,8.307692307692308,8.307692307692308,0.0,4.1230769230769235,4.333333333333333,0.0,4.0,0.0,4.0,4.0,,,,3.0,0.8333333333333334,1.5,4.5,0.0,4.366666666666667,6.0,2.0,2.0,0.0,3.0,1.0,,,,True,True,UNKNOWN,False,False
2021005871,2022-06-28 18:00:00,読売ジャイアンツ,中日ドラゴンズ,6.0,2.0,UNKNOWN,荘内銀行・日新製薬スタジアムやまがた,unknown,low,False,False,1500074,1800023,[],[],,,,,0,light,2022-06-28T09:00:00+00:00,,UNKNOWN,,,,UNKNOWN,UNKNOWN,,UNKNOWN,,4.5,1.8333333333333333,4.5,6.0,1.5,6.366666666666667,6.0,3.0,7.0,1.0,4.0,3.0,,,,1.9285714285714284,1.9285714285714284,3.8571428571428568,1.9285714285714284,1.9285714285714284,5.771428571428571,4.666666666666667,1.0,8.0,1.0,1.0,2.0,,,,True,True,UNKNOWN,False,False
2021005866,2022-06-26 14:00:00,阪神タイガース,中日ドラゴンズ,6.0,5.0,UNKNOWN,阪神甲子園球場,unknown,low,False,False,1600106,1900044,[],[],,,,,0,light,2022-06-26T05:00:00+00:00,,UNKNOWN,,,,UNKNOWN,UNKNOWN,,UNKNOWN,,3.857142857142857,1.5714285714285714,5.142857142857143,2.5714285714285716,0.0,2.9142857142857146,7.0,3.0,9.0,0.0,2.0,4.0,,,,6.230769230769231,2.307692307692308,6.230769230769231,2.076923076923077,0.0,2.5076923076923077,4.333333333333333,3.0,9.0,0.0,1.0,3.0,,,,True,True,UNKNOWN,False,False
2021005873,2022-06-28 18:00:00,広島東洋カープ,東京ヤクルトスワローズ,3.0,6.0,UNKNOWN,MAZDA Zoom-Zoom スタジアム広島,unknown,low,False,False,1200076,1600123,[],[],,,,,0,light,2022-06-28T09:00:00+00:00,,UNKNOWN,,,,UNKNOWN,UNKNOWN,,UNKNOWN,,5.4,1.8,1.8,1.8,0.0,3.4000000000000004,5.0,3.0,8.0,0.0,1.0,1.0,,,,6.0,1.1666666666666667,9.0,4.5,1.5,4.866666666666667,6.0,4.0,4.0,1.0,3.0,6.0,,,,True,True,UNKNOWN,False,False
2021005869,2022-06-26 14:00:00,福岡ソフトバンクホークス,北海道日本ハムファイターズ,2.0,3.0,UNKNOWN,福岡PayPayドーム,excluded,high,False,False,1961850,2100005,[],[],,,,,0,light,2022-06-26T05:00:00+00:00,,UNKNOWN,,,,UNKNOWN,UNKNOWN,,UNKNOWN,,1.6875,0.5625,6.75,0.0,0.0,1.7000000000000002,5.333333333333333,1.0,3.0,0.0,0.0,4.0,,,,1.5,0.8333333333333334,10.5,1.5,1.5,3.5333333333333337,6.0,1.0,4.0,1.0,1.0,7.0,,,,True,True,UNKNOWN,False,False
2021005872,2022-06-28 18:00:00,横浜DeNAベイスターズ,阪神タイガース,6.0,2.0,UNKNOWN,横浜スタジアム,unknown,low,False,False,900062,1800045,[],[],,,,,0,light,2022-06-28T09:00:00+00:00,,UNKNOWN,,,,UNKNOWN,UNKNOWN,,UNKNOWN,,9.529411764705882,1.4117647058823528,3.176470588235294,1.588235294117647,1.588235294117647,5.31764705882353,5.666666666666667,6.0,7.0,1.0,1.0,2.0,,,,1.2857142857142858,0.5714285714285714,7.714285714285714,0.0,0.0,1.485714285714286,7.0,1.0,4.0,0.0,0.0,6.0,,,,True,True,UNKNOWN,False,False
2021005874,2022-06-28 18:00:00,埼玉西武ライオンズ,北海道日本ハムファイターズ,5.0,2.0,UNKNOWN,ベルーナドーム,unknown,low,False,False,1500109,1800080,[],[],,,,,0,light,2022-06-28T09:00:00+00:00,,UNKNOWN,,,,UNKNOWN,UNKNOWN,,UNKNOWN,,6.75,2.0,4.5,4.5,0.0,3.7,4.0,3.0,6.0,0.0,2.0,2.0,,,,3.0,1.3333333333333333,6.0,3.0,0.0,2.8666666666666667,6.0,2.0,6.0,0.0,2.0,4.0,,,,True,True,UNKNOWN,False,False
2021005877,2022-06-29 18:00:00,横浜DeNAベイスターズ,阪神タイガース,4.0,2.0,UNKNOWN,横浜スタジアム,unknown,low,False,False,1900147,1400110,[],[],,,,,0,light,2022-06-29T09:00:00+00:00,,UNKNOWN,,,,UNKNOWN,UNKNOWN,,UNKNOWN,,9.0,1.25,4.5,0.0,2.25,5.45,4.0,4.0,5.0,1.0,0.0,2.0,,,,1.6875,1.6875,5.0625,1.6875,1.6875,5.075,5.333333333333333,1.0,8.0,1.0,1.0,3.0,,,,True,True,UNKNOWN,False,False
2021005875,2022-06-28 18:00:00,オリックス・バファローズ,東北楽天ゴールデンイーグルス,2.0,4.0,UNKNOWN,ほっともっとフィールド神戸,unknown,low,False,False,1200117,1900087,[],[],,,,,0,light,2022-06-28T09:00:00+00:00,,UNKNOWN,,,,UNKNOWN,UNKNOWN,,UNKNOWN,,1.2272727272727273,1.2272727272727273,12.272727272727273,0.0,0.0,0.47272727272727266,7.333333333333333,1.0,9.0,0.0,0.0,10.0,,,,2.6999999999999997,1.65,5.3999999999999995,5.3999999999999995,0.0,3.8000000000000003,6.666666666666667,2.0,7.0,0.0,4.0,4.0,,,,True,True,UNKNOWN,False,False
2021005876,2022-06-29 18:00:00,読売ジャイアンツ,中日ドラゴンズ,2.0,3.0,UNKNOWN,ヨーク開成山スタジアム,unknown,low,False,False,2000042,2000006,[],[],,,,,0,light,2022-06-29T09:00:00+00:00,,UNKNOWN,,,,UNKNOWN,UNKNOWN,,UNKNOWN,,3.0,1.1666666666666667,10.5,1.5,0.0,1.366666666666667,6.0,2.0,6.0,0.0,1.0,7.0,,,,3.6,2.0,10.8,3.6,0.0,2.0,5.0,2.0,8.0,0.0,2.0,6.0,,,,True,True,UNKNOWN,False,False
2021005880,2022-06-29 18:00:00,オリックス・バファローズ,東北楽天ゴールデンイーグルス,6.0,1.0,UNKNOWN,ほっともっとフィールド神戸,unknown,low,False,False,700065,1700109,[],[],,,,,0,light,2022-06-29T09:00:00+00:00,,UNKNOWN,,,,UNKNOWN,UNKNOWN,,UNKNOWN,,10.384615384615385,2.076923076923077,8.307692307692308,2.076923076923077,2.076923076923077,5.046153846153846,4.333333333333333,5.0,8.0,1.0,1.0,4.0,,,,1.2857142857142858,1.5714285714285714,5.142857142857143,2.5714285714285716,0.0,2.9142857142857146,7.0,1.0,9.0,0.0,2.0,4.0,,,,True,True,UNKNOWN,False,False
2021005878,2022-06-29 18:00:00,広島東洋カープ,東京ヤクルトスワローズ,2.0,9.0,UNKNOWN,MAZDA Zoom-Zoom スタジアム広島,unknown,low,False,False,1500040,1700072,[],[],,,,,0,light,2022-06-29T09:00:00+00:00,,UNKNOWN,,,,UNKNOWN,UNKNOWN,,UNKNOWN,,0.0,1.1666666666666667,3.0,0.0,0.0,2.5333333333333337,6.0,0.0,7.0,0.0,0.0,2.0,,,,3.0,0.8333333333333334,9.0,0.0,1.5,3.3666666666666667,6.0,2.0,5.0,1.0,0.0,6.0,,,,True,True,UNKNOWN,False,False
2021005884,2022-07-01 18:00:00,東京ヤクルトスワローズ,横浜DeNAベイスターズ,4.0,6.0,UNKNOWN,明治神宮野球場,unknown,low,False,False,1500061,1300045,[],[],,,,,0,light,2022-07-01T09:00:00+00:00,,UNKNOWN,,,,UNKNOWN,UNKNOWN,,UNKNOWN,,5.3999999999999995,1.2,8.1,0.0,1.3499999999999999,3.35,6.666666666666667,4.0,8.0,1.0,0.0,6.0,,,,9.0,1.8,5.4,0.0,3.6,7.2,5.0,5.0,9.0,2.0,0.0,3.0,,,,True,True,UNKNOWN,False,False
2021005879,2022-06-29 18:00:00,埼玉西武ライオンズ,北海道日本ハムファイターズ,6.0,2.0,UNKNOWN,ベルーナドーム,unknown,low,False,False,1800090,1961288,[],[],,,,,0,light,2022-06-29T09:00:00+00:00,,UNKNOWN,,,,UNKNOWN,UNKNOWN,,UNKNOWN,,9.0,2.0,3.0,6.0,0.0,4.533333333333333,3.0,3.0,4.0,0.0,2.0,1.0,,,,0.0,0.2,5.4,0.0,0.0,2.0,5.0,0.0,1.0,0.0,0.0,3.0,,,,True,True,UNKNOWN,False,False
2021005882,2022-06-30 18:00:00,横浜DeNAベイスターズ,阪神タイガース,6.0,5.0,UNKNOWN,横浜スタジアム,unknown,low,False,False,1561881,1700058,[],[],,,,,0,light,2022-06-30T09:00:00+00:00,,UNKNOWN,,,,UNKNOWN,UNKNOWN,,UNKNOWN,,9.0,2.25,6.75,4.5,0.0,3.2,4.0,4.0,7.0,0.0,2.0,3.0,,,,1.588235294117647,1.588235294117647,11.117647058823529,0.0,0.0,0.7294117647058829,5.666666666666667,1.0,9.0,0.0,0.0,7.0,,,,True,True,UNKNOWN,False,False
2021005885,2022-07-01 18:00:00,中日ドラゴンズ,阪神タイガース,3.0,1.0,UNKNOWN,バンテリンドーム ナゴヤ,unknown,low,False,False,1500090,1600110,[],[],,,,,0,light,2022-07-01T09:00:00+00:00,,UNKNOWN,,,,UNKNOWN,UNKNOWN,,UNKNOWN,,1.5,1.0,3.0,3.0,1.5,5.7,6.0,1.0,4.0,1.0,2.0,2.0,,,,0.0,0.3333333333333333,0.0,0.0,0.0,3.2,3.0,0.0,1.0,0.0,0.0,0.0,,,,True,True,UNKNOWN,False,False
2021005883,2022-06-30 18:00:00,広島東洋カープ,東京ヤクルトスワローズ,2.0,4.0,UNKNOWN,MAZDA Zoom-Zoom スタジアム広島,unknown,low,False,False,12113,1860147,[],[],,,,,0,light,2022-06-30T09:00:00+00:00,,UNKNOWN,,,,UNKNOWN,UNKNOWN,,UNKNOWN,,1.5,0.6666666666666666,6.0,0.0,1.5,4.033333333333333,6.0,1.0,4.0,1.0,0.0,4.0,,,,1.5,0.8333333333333334,12.0,1.5,1.5,3.2,6.0,1.0,4.0,1.0,1.0,8.0,,,,True,True,UNKNOWN,False,False
2021005887,2022-07-01 18:00:00,北海道日本ハムファイターズ,オリックス・バファローズ,2.0,1.0,UNKNOWN,札幌ドーム,unknown,low,False,False,1600150,1100099,[],[],,,,,0,light,2022-07-01T09:00:00+00:00,,UNKNOWN,,,,UNKNOWN,UNKNOWN,,UNKNOWN,,0.0,0.625,4.5,1.125,0.0,2.575,8.0,0.0,4.0,0.0,1.0,4.0,,,,1.3499999999999999,1.7999999999999998,8.1,5.3999999999999995,0.0,3.2,6.666666666666667,1.0,8.0,0.0,4.0,6.0,,,,True,True,UNKNOWN,False,False
2021005886,2022-07-01 18:00:00,広島東洋カープ,読売ジャイアンツ,5.0,3.0,UNKNOWN,MAZDA Zoom-Zoom スタジアム広島,unknown,low,False,False,1460009,1300057,[],[],,,,,0,light,2022-07-01T09:00:00+00:00,,UNKNOWN,,,,UNKNOWN,UNKNOWN,,UNKNOWN,,9.642857142857142,1.7142857142857142,5.785714285714286,1.9285714285714284,1.9285714285714284,5.342857142857143,4.666666666666667,5.0,7.0,1.0,1.0,3.0,,,,4.5,1.3333333333333333,6.0,3.0,0.0,2.8666666666666667,6.0,3.0,6.0,0.0,2.0,4.0,,,,True,True,UNKNOWN,False,False
2021005889,2022-07-01 18:00:00,千葉ロッテマリーンズ,東北楽天ゴールデンイーグルス,6.0,4.0,UNKNOWN,ZOZOマリンスタジアム,unknown,low,False,False,700069,1900080,[],[],,,,,0,light,2022-07-01T09:00:00+00:00,,UNKNOWN,,,,UNKNOWN,UNKNOWN,,UNKNOWN,,3.6,1.2,5.4,3.6,0.0,3.2,5.0,2.0,4.0,0.0,2.0,3.0,,,,0.0,1.0,22.5,4.5,0.0,-0.2999999999999998,4.0,0.0,2.0,0.0,2.0,10.0,,,,True,True,UNKNOWN,False,False
2021005892,2022-07-02 14:00:00,広島東洋カープ,読売ジャイアンツ,2.0,0.0,UNKNOWN,MAZDA Zoom-Zoom スタジアム広島,unknown,low,False,False,1200041,1900052,[],[],,,,,0,light,2022-07-02T05:00:00+00:00,,UNKNOWN,,,,UNKNOWN,UNKNOWN,,UNKNOWN,,0.0,0.8571428571428571,2.5714285714285716,1.2857142857142858,0.0,3.0571428571428574,7.0,0.0,5.0,0.0,1.0,2.0,,,,0.0,0.875,12.375,2.25,0.0,1.2000000000000002,8.0,0.0,5.0,0.0,2.0,11.0,,,,True,True,UNKNOWN,False,False
2021005891,2022-07-02 14:00:00,中日ドラゴンズ,阪神タイガース,2.0,5.0,UNKNOWN,バンテリンドーム ナゴヤ,unknown,low,False,False,2000052,1200098,[],[],,,,,0,light,2022-07-02T05:00:00+00:00,,UNKNOWN,,,,UNKNOWN,UNKNOWN,,UNKNOWN,,2.5714285714285716,1.1428571428571428,6.428571428571429,0.0,0.0,1.7714285714285716,7.0,2.0,8.0,0.0,0.0,5.0,,,,5.142857142857143,0.8571428571428571,2.5714285714285716,1.2857142857142858,0.0,3.0571428571428574,7.0,4.0,5.0,0.0,1.0,2.0,,,,True,True,UNKNOWN,False,False
2021005895,2022-07-02 14:00:00,千葉ロッテマリーンズ,東北楽天ゴールデンイーグルス,3.0,1.0,UNKNOWN,ZOZOマリンスタジアム,unknown,low,False,False,900090,1800052,[],[],,,,,0,light,2022-07-02T05:00:00+00:00,,UNKNOWN,,,,UNKNOWN,UNKNOWN,,UNKNOWN,,1.4210526315789473,0.7894736842105263,5.684210526315789,2.8421052631578947,0.0,2.8842105263157896,6.333333333333333,1.0,3.0,0.0,2.0,4.0,,,,1.5,1.1666666666666667,7.5,6.0,0.0,3.5333333333333337,6.0,1.0,3.0,0.0,4.0,5.0,,,,True,True,UNKNOWN,False,False
2021005893,2022-07-02 14:00:00,北海道日本ハムファイターズ,オリックス・バファローズ,5.0,0.0,UNKNOWN,札幌ドーム,unknown,low,False,False,1600153,2000079,[],[],,,,,0,light,2022-07-02T05:00:00+00:00,,UNKNOWN,,,,UNKNOWN,UNKNOWN,,UNKNOWN,,6.75,1.5,10.799999999999999,1.3499999999999999,1.3499999999999999,3.2,6.666666666666667,5.0,9.0,1.0,1.0,8.0,,,,0.0,1.0,4.0,4.0,0.0,3.644444444444445,9.0,0.0,5.0,0.0,4.0,4.0,,,,True,True,UNKNOWN,False,False
2021005894,2022-07-02 18:00:00,埼玉西武ライオンズ,福岡ソフトバンクホークス,2.0,3.0,UNKNOWN,ベルーナドーム,excluded,high,False,False,1200106,1860059,[],[],,,,,0,light,2022-07-02T09:00:00+00:00,,UNKNOWN,,,,UNKNOWN,UNKNOWN,,UNKNOWN,,1.8,1.2,12.6,3.6,0.0,1.6,5.0,1.0,4.0,0.0,2.0,7.0,,,,1.5,1.0,4.5,1.5,0.0,2.7,6.0,1.0,5.0,0.0,1.0,3.0,,,,True,True,UNKNOWN,False,False
2021005890,2022-07-02 18:00:00,東京ヤクルトスワローズ,横浜DeNAベイスターズ,2.0,1.0,UNKNOWN,明治神宮野球場,unknown,low,False,False,1600081,2000139,[],[],,,,,0,light,2022-07-02T09:00:00+00:00,,UNKNOWN,,,,UNKNOWN,UNKNOWN,,UNKNOWN,,1.1739130434782608,1.0434782608695652,8.217391304347826,1.1739130434782608,0.0,1.765217391304348,7.666666666666667,1.0,7.0,0.0,1.0,7.0,,,,1.2857142857142858,0.7142857142857143,3.857142857142857,0.0,1.2857142857142858,4.2,7.0,1.0,5.0,1.0,0.0,3.0,,,,True,True,UNKNOWN,False,False
2021005900,2022-07-03 13:00:00,埼玉西武ライオンズ,福岡ソフトバンクホークス,0.0,3.0,UNKNOWN,ベルーナドーム,unknown,low,False,False,1300080,1700125,[],[],,,,,0,light,2022-07-03T04:00:00+00:00,,UNKNOWN,,,,UNKNOWN,UNKNOWN,,UNKNOWN,,0.0,0.4444444444444444,8.0,3.0,0.0,2.4222222222222225,9.0,0.0,1.0,0.0,3.0,8.0,,,,4.5,0.8333333333333334,3.0,0.0,1.5,4.7,6.0,3.0,5.0,1.0,0.0,2.0,,,,True,True,UNKNOWN,False,False
2021005898,2022-07-03 13:30:00,広島東洋カープ,読売ジャイアンツ,5.0,7.0,UNKNOWN,MAZDA Zoom-Zoom スタジアム広島,unknown,low,False,False,1900016,1300058,[],[],,,,,0,light,2022-07-03T04:30:00+00:00,,UNKNOWN,,,,UNKNOWN,UNKNOWN,,UNKNOWN,,8.1,0.8999999999999999,2.6999999999999997,0.0,0.0,2.6,3.3333333333333335,3.0,3.0,0.0,0.0,1.0,,,,1.8,1.4,10.8,5.4,1.8,5.2,5.0,1.0,4.0,1.0,3.0,6.0,,,,True,True,UNKNOWN,False,False
2021005901,2022-07-03 14:00:00,千葉ロッテマリーンズ,東北楽天ゴールデンイーグルス,1.0,14.0,UNKNOWN,ZOZOマリンスタジアム,unknown,low,False,False,2000121,1000155,[],[],,,,,0,light,2022-07-03T05:00:00+00:00,,UNKNOWN,,,,UNKNOWN,UNKNOWN,,UNKNOWN,,1.2857142857142858,1.1428571428571428,3.857142857142857,2.5714285714285716,1.2857142857142858,5.057142857142857,7.0,1.0,6.0,1.0,2.0,3.0,,,,15.75,2.75,2.25,4.5,0.0,4.2,4.0,7.0,9.0,0.0,2.0,1.0,,,,True,True,UNKNOWN,False,False
2021005899,2022-07-03 14:00:00,北海道日本ハムファイターズ,オリックス・バファローズ,3.0,7.0,UNKNOWN,札幌ドーム,unknown,low,False,False,1400195,1300094,[],[],,,,,0,light,2022-07-03T05:00:00+00:00,,UNKNOWN,,,,UNKNOWN,UNKNOWN,,UNKNOWN,,4.909090909090909,1.6363636363636365,7.363636363636364,4.909090909090909,0.0,3.2,3.6666666666666665,2.0,4.0,0.0,2.0,3.0,,,,6.75,1.5,9.0,4.5,0.0,2.7,4.0,3.0,4.0,0.0,2.0,4.0,,,,True,True,UNKNOWN,False,False
2021005897,2022-07-03 14:00:00,中日ドラゴンズ,阪神タイガース,0.0,3.0,UNKNOWN,バンテリンドーム ナゴヤ,excluded,high,False,False,1600115,1600106,[],[],,,,,0,light,2022-07-03T05:00:00+00:00,,UNKNOWN,,,,UNKNOWN,UNKNOWN,,UNKNOWN,,0.0,1.0,9.0,0.0,0.0,1.2000000000000002,5.0,0.0,5.0,0.0,0.0,5.0,,,,3.857142857142857,0.5714285714285714,9.0,1.2857142857142858,2.5714285714285716,5.342857142857143,7.0,3.0,3.0,2.0,1.0,7.0,,,,True,True,UNKNOWN,False,False
2021005902,2022-07-05 18:00:00,読売ジャイアンツ,東京ヤクルトスワローズ,4.0,1.0,UNKNOWN,東京ドーム,regular,high,True,True,1500042,1800028,[],[],,,,,0,light,2022-07-05T09:00:00+00:00,,UNKNOWN,,,,UNKNOWN,UNKNOWN,,UNKNOWN,,6.75,2.25,10.125,6.75,1.6875,5.6375,5.333333333333333,4.0,8.0,1.0,4.0,6.0,,,,1.5,1.1666666666666667,7.5,4.5,0.0,3.0333333333333337,6.0,1.0,4.0,0.0,3.0,5.0,,,,True,True,UNKNOWN,False,False
2021005896,2022-07-03 18:00:00,東京ヤクルトスワローズ,横浜DeNAベイスターズ,11.0,4.0,UNKNOWN,明治神宮野球場,unknown,low,False,False,1600084,1500139,[],[],,,,,0,light,2022-07-03T09:00:00+00:00,,UNKNOWN,,,,UNKNOWN,UNKNOWN,,UNKNOWN,,32.400000000000006,5.4,10.8,16.200000000000003,5.4,14.0,1.6666666666666665,6.0,6.0,1.0,3.0,2.0,,,,5.4,1.8,3.6,1.8,0.0,3.0,5.0,3.0,8.0,0.0,1.0,2.0,,,,True,True,UNKNOWN,False,False
2021005905,2022-07-05 18:00:00,東北楽天ゴールデンイーグルス,福岡ソフトバンクホークス,2.0,6.0,UNKNOWN,はるか夢球場,unknown,low,False,False,1900106,1200117,[],[],,,,,0,light,2022-07-05T09:00:00+00:00,,UNKNOWN,,,,UNKNOWN,UNKNOWN,,UNKNOWN,,3.0,1.0,6.0,7.5,0.0,4.366666666666667,6.0,2.0,1.0,0.0,5.0,4.0,,,,10.8,2.2,10.8,7.2,1.8,5.800000000000001,5.0,6.0,7.0,1.0,4.0,6.0,,,,True,True,UNKNOWN,False,False
2021005906,2022-07-05 18:00:00,千葉ロッテマリーンズ,北海道日本ハムファイターズ,2.0,1.0,UNKNOWN,ZOZOマリンスタジアム,unknown,low,False,False,1961850,1900085,[],[],,,,,0,light,2022-07-05T09:00:00+00:00,,UNKNOWN,,,,UNKNOWN,UNKNOWN,,UNKNOWN,,1.2857142857142858,0.7142857142857143,9.0,1.2857142857142858,1.2857142857142858,3.4857142857142858,7.0,1.0,4.0,1.0,1.0,7.0,,,,1.5,0.8333333333333334,7.5,1.5,1.5,4.2,6.0,1.0,4.0,1.0,1.0,5.0,,,,True,True,UNKNOWN,False,False
2021005909,2022-07-06 17:45:00,横浜DeNAベイスターズ,中日ドラゴンズ,3.0,1.0,UNKNOWN,横浜スタジアム,unknown,low,False,False,1500074,1800045,[],[],,,,,0,light,2022-07-06T08:45:00+00:00,,UNKNOWN,,,,UNKNOWN,UNKNOWN,,UNKNOWN,,3.0,1.1666666666666667,4.5,1.5,0.0,2.7,6.0,2.0,6.0,0.0,1.0,3.0,,,,1.8,1.8,9.0,7.2,0.0,3.6,5.0,1.0,5.0,0.0,4.0,5.0,,,,True,True,UNKNOWN,False,False
2021005907,2022-07-05 18:00:00,オリックス・バファローズ,埼玉西武ライオンズ,4.0,5.0,UNKNOWN,京セラドーム大阪,unknown,low,False,False,1800080,1900087,[],[],,,,,0,light,2022-07-05T09:00:00+00:00,,UNKNOWN,,,,UNKNOWN,UNKNOWN,,UNKNOWN,,4.2631578947368425,0.9473684210526316,4.2631578947368425,0.0,1.4210526315789473,4.305263157894737,6.333333333333333,3.0,6.0,1.0,0.0,3.0,,,,4.2631578947368425,1.736842105263158,7.105263157894737,2.8421052631578947,1.4210526315789473,4.621052631578948,6.333333333333333,3.0,9.0,1.0,2.0,5.0,,,,True,True,UNKNOWN,False,False
2021005908,2022-07-06 18:00:00,読売ジャイアンツ,東京ヤクルトスワローズ,4.0,3.0,UNKNOWN,東京ドーム,unknown,low,False,False,1200076,1700002,[],[],,,,,0,light,2022-07-06T09:00:00+00:00,,UNKNOWN,,,,UNKNOWN,UNKNOWN,,UNKNOWN,,5.4,1.8,10.8,5.4,5.4,10.4,5.0,3.0,6.0,3.0,3.0,6.0,,,,1.5,1.5,3.0,4.5,0.0,4.033333333333333,6.0,1.0,6.0,0.0,3.0,2.0,,,,True,True,UNKNOWN,False,False
2021005910,2022-07-06 18:00:00,阪神タイガース,広島東洋カープ,3.0,2.0,UNKNOWN,阪神甲子園球場,unknown,low,False,False,1600123,900062,[],[],,,,,0,light,2022-07-06T09:00:00+00:00,,UNKNOWN,,,,UNKNOWN,UNKNOWN,,UNKNOWN,,3.857142857142857,1.1428571428571428,5.142857142857143,3.857142857142857,0.0,3.342857142857143,7.0,3.0,5.0,0.0,3.0,4.0,,,,1.4210526315789473,0.4736842105263158,2.8421052631578947,1.4210526315789473,1.4210526315789473,5.094736842105263,6.333333333333333,1.0,2.0,1.0,1.0,2.0,,,,True,True,UNKNOWN,False,False
2021005911,2022-07-06 18:00:00,千葉ロッテマリーンズ,北海道日本ハムファイターズ,5.0,4.0,UNKNOWN,ZOZOマリンスタジアム,unknown,low,False,False,1500109,1800130,[],[],,,,,0,light,2022-07-06T09:00:00+00:00,,UNKNOWN,,,,UNKNOWN,UNKNOWN,,UNKNOWN,,7.363636363636364,1.090909090909091,7.363636363636364,4.909090909090909,0.0,3.2,3.6666666666666665,3.0,2.0,0.0,2.0,3.0,,,,7.2,1.6,1.8,1.8,1.8,6.0,5.0,4.0,7.0,1.0,1.0,1.0,,,,True,True,UNKNOWN,False,False
2021005914,2022-07-07 17:45:00,横浜DeNAベイスターズ,中日ドラゴンズ,0.0,0.0,UNKNOWN,横浜スタジアム,unknown,low,False,False,2000042,1700058,[],[],,,,,0,light,2022-07-07T08:45:00+00:00,,UNKNOWN,,,,UNKNOWN,UNKNOWN,,UNKNOWN,,0.0,0.7142857142857143,11.571428571428571,2.5714285714285716,0.0,1.485714285714286,7.0,0.0,3.0,0.0,2.0,9.0,,,,0.0,0.375,4.5,0.0,0.0,2.2,8.0,0.0,3.0,0.0,0.0,4.0,,,,True,True,UNKNOWN,False,False
2021005912,2022-07-06 18:00:00,オリックス・バファローズ,埼玉西武ライオンズ,4.0,5.0,UNKNOWN,京セラドーム大阪,unknown,low,False,False,1600131,1961077,[],[],,,,,0,light,2022-07-06T09:00:00+00:00,,UNKNOWN,,,,UNKNOWN,UNKNOWN,,UNKNOWN,,1.8,1.2,1.8,1.8,1.8,6.0,5.0,1.0,5.0,1.0,1.0,1.0,,,,0.0,1.2,7.2,1.8,0.0,2.2,5.0,0.0,5.0,0.0,1.0,4.0,,,,True,True,UNKNOWN,False,False
2021005913,2022-07-07 18:00:00,読売ジャイアンツ,東京ヤクルトスワローズ,3.0,11.0,UNKNOWN,東京ドーム,unknown,low,False,False,12113,1460009,[],[],,,,,0,light,2022-07-07T09:00:00+00:00,,UNKNOWN,,,,UNKNOWN,UNKNOWN,,UNKNOWN,,5.4,1.6,9.0,1.8,3.6,7.0,5.0,3.0,7.0,2.0,1.0,5.0,,,,19.285714285714285,3.4285714285714284,0.0,3.8571428571428568,0.0,4.485714285714286,2.3333333333333335,5.0,7.0,0.0,1.0,0.0,,,,True,True,UNKNOWN,False,False
2021005915,2022-07-07 18:00:00,阪神タイガース,広島東洋カープ,0.0,3.0,UNKNOWN,阪神甲子園球場,unknown,low,False,False,1860147,2103707,[],[],,,,,0,light,2022-07-07T09:00:00+00:00,,UNKNOWN,,,,UNKNOWN,UNKNOWN,,UNKNOWN,,0.0,0.625,10.125,1.125,0.0,1.3250000000000002,8.0,0.0,4.0,0.0,1.0,9.0,,,,1.8,0.8,10.8,0.0,1.8,3.4000000000000004,5.0,1.0,4.0,1.0,0.0,6.0,,,,True,True,UNKNOWN,False,False
2021005916,2022-07-07 18:00:00,東北楽天ゴールデンイーグルス,福岡ソフトバンクホークス,5.0,2.0,UNKNOWN,楽天生命パーク宮城,unknown,low,False,False,1700137,700065,[],[],,,,,0,light,2022-07-07T09:00:00+00:00,,UNKNOWN,,,,UNKNOWN,UNKNOWN,,UNKNOWN,,3.0,1.3333333333333333,0.0,3.0,0.0,4.2,3.0,1.0,3.0,0.0,1.0,0.0,,,,0.0,0.42857142857142855,7.714285714285714,1.2857142857142858,0.0,1.9142857142857144,7.0,0.0,2.0,0.0,1.0,6.0,,,,True,True,UNKNOWN,False,False
2021005917,2022-07-07 18:00:00,オリックス・バファローズ,埼玉西武ライオンズ,6.0,2.0,UNKNOWN,京セラドーム大阪,excluded,high,False,False,1600127,1650221,[],[],,,,,0,light,2022-07-07T09:00:00+00:00,,UNKNOWN,,,,UNKNOWN,UNKNOWN,,UNKNOWN,,4.5,1.5,10.5,7.5,0.0,3.3666666666666667,6.0,3.0,4.0,0.0,5.0,7.0,,,,0.0,0.6666666666666666,10.5,3.0,0.0,1.866666666666667,6.0,0.0,2.0,0.0,2.0,7.0,,,,True,True,UNKNOWN,False,False
2021005918,2022-07-08 18:00:00,読売ジャイアンツ,横浜DeNAベイスターズ,3.0,3.0,UNKNOWN,東京ドーム,unknown,low,False,False,1500061,2000006,[],[],,,,,0,light,2022-07-08T09:00:00+00:00,,UNKNOWN,,,,UNKNOWN,UNKNOWN,,UNKNOWN,,0.0,0.125,7.875,0.0,0.0,1.4500000000000002,8.0,0.0,1.0,0.0,0.0,7.0,,,,1.2857142857142858,0.7142857142857143,5.142857142857143,1.2857142857142858,0.0,2.4857142857142858,7.0,1.0,4.0,0.0,1.0,4.0,,,,True,True,UNKNOWN,False,False
2021007259,2022-07-07 18:00:00,千葉ロッテマリーンズ,北海道日本ハムファイターズ,1.0,7.0,UNKNOWN,ZOZOマリンスタジアム,unknown,low,False,False,1700027,2000095,[],[],,,,,0,light,2022-07-07T09:00:00+00:00,,UNKNOWN,,,,UNKNOWN,UNKNOWN,,UNKNOWN,,1.5,1.0,6.0,3.0,1.5,5.033333333333333,6.0,1.0,4.0,1.0,2.0,4.0,,,,7.941176470588235,1.9411764705882353,3.176470588235294,4.764705882352941,1.588235294117647,6.376470588235295,5.666666666666667,5.0,8.0,1.0,3.0,2.0,,,,True,True,UNKNOWN,False,False
2021005919,2022-07-08 18:00:00,東京ヤクルトスワローズ,阪神タイガース,0.0,8.0,UNKNOWN,明治神宮野球場,unknown,low,False,False,1500090,1300045,[],[],,,,,0,light,2022-07-08T09:00:00+00:00,,UNKNOWN,,,,UNKNOWN,UNKNOWN,,UNKNOWN,,0.0,0.3333333333333333,8.0,0.0,0.0,1.4222222222222225,9.0,0.0,3.0,0.0,0.0,8.0,,,,4.5,1.0,6.0,0.0,1.5,4.033333333333333,6.0,3.0,6.0,1.0,0.0,4.0,,,,True,True,UNKNOWN,False,False
2021005921,2022-07-08 18:00:00,東北楽天ゴールデンイーグルス,埼玉西武ライオンズ,4.0,8.0,UNKNOWN,楽天生命パーク宮城,excluded,high,False,False,1400182,2103736,[],[],,,,,0,light,2022-07-08T09:00:00+00:00,,UNKNOWN,,,,UNKNOWN,UNKNOWN,,UNKNOWN,,6.352941176470588,1.7647058823529411,7.941176470588235,7.941176470588235,1.588235294117647,6.376470588235295,5.666666666666667,4.0,5.0,1.0,5.0,5.0,,,,9.0,2.0,6.75,4.5,2.25,6.45,4.0,4.0,6.0,1.0,2.0,3.0,,,,True,True,UNKNOWN,False,False
2021005922,2022-07-08 18:00:00,オリックス・バファローズ,千葉ロッテマリーンズ,1.0,6.0,UNKNOWN,京セラドーム大阪,unknown,low,False,False,1300055,1600150,[],[],,,,,0,light,2022-07-08T09:00:00+00:00,,UNKNOWN,,,,UNKNOWN,UNKNOWN,,UNKNOWN,,0.0,0.2857142857142857,3.857142857142857,0.0,0.0,2.342857142857143,7.0,0.0,2.0,0.0,0.0,3.0,,,,8.4375,1.5,3.375,3.375,0.0,3.575,5.333333333333333,5.0,6.0,0.0,2.0,2.0,,,,True,True,UNKNOWN,False,False
2021005920,2022-07-08 18:00:00,中日ドラゴンズ,広島東洋カープ,9.0,2.0,UNKNOWN,バンテリンドーム ナゴヤ,excluded,high,False,False,1300057,1200098,[],[],,,,,0,light,2022-07-08T09:00:00+00:00,,UNKNOWN,,,,UNKNOWN,UNKNOWN,,UNKNOWN,,18.0,3.6666666666666665,3.0,6.0,0.0,4.533333333333333,3.0,6.0,9.0,0.0,2.0,1.0,,,,3.0,1.1666666666666667,6.0,0.0,0.0,1.866666666666667,6.0,2.0,7.0,0.0,0.0,4.0,,,,True,True,UNKNOWN,False,False
2021005923,2022-07-08 18:00:00,福岡ソフトバンクホークス,北海道日本ハムファイターズ,2.0,4.0,UNKNOWN,福岡PayPayドーム,unknown,low,False,False,1100099,2100005,[],[],,,,,0,light,2022-07-08T09:00:00+00:00,,UNKNOWN,,,,UNKNOWN,UNKNOWN,,UNKNOWN,,2.4545454545454546,1.090909090909091,12.272727272727273,1.2272727272727273,0.0,0.8818181818181818,7.333333333333333,2.0,7.0,0.0,1.0,10.0,,,,3.0,1.1666666666666667,6.0,3.0,0.0,2.8666666666666667,6.0,2.0,5.0,0.0,2.0,4.0,,,,True,True,UNKNOWN,False,False
2021005926,2022-07-09 14:00:00,中日ドラゴンズ,広島東洋カープ,0.0,7.0,UNKNOWN,バンテリンドーム ナゴヤ,unknown,low,False,False,1900052,1000138,[],[],,,,,0,light,2022-07-09T05:00:00+00:00,,UNKNOWN,,,,UNKNOWN,UNKNOWN,,UNKNOWN,,0.0,1.0,6.428571428571429,1.2857142857142858,0.0,2.2,7.0,0.0,6.0,0.0,1.0,5.0,,,,7.5,1.3333333333333333,7.5,3.0,3.0,6.866666666666667,6.0,5.0,6.0,2.0,2.0,5.0,,,,True,True,UNKNOWN,False,False
2021005924,2022-07-09 14:00:00,読売ジャイアンツ,横浜DeNAベイスターズ,0.0,2.0,UNKNOWN,東京ドーム,unknown,low,False,False,1600081,1560186,[],[],,,,,0,light,2022-07-09T05:00:00+00:00,,UNKNOWN,,,,UNKNOWN,UNKNOWN,,UNKNOWN,,0.0,1.1739130434782608,4.695652173913043,4.695652173913043,0.0,3.721739130434783,7.666666666666667,0.0,5.0,0.0,4.0,4.0,,,,1.8,1.6,5.4,1.8,1.8,5.2,5.0,1.0,7.0,1.0,1.0,3.0,,,,True,True,UNKNOWN,False,False
2021005928,2022-07-09 18:00:00,オリックス・バファローズ,千葉ロッテマリーンズ,3.0,1.0,UNKNOWN,ほっともっとフィールド神戸,unknown,low,False,False,1800052,1600153,[],[],,,,,0,light,2022-07-09T09:00:00+00:00,,UNKNOWN,,,,UNKNOWN,UNKNOWN,,UNKNOWN,,3.6,1.6,1.8,0.0,0.0,2.8000000000000003,5.0,2.0,8.0,0.0,0.0,1.0,,,,1.125,0.875,12.375,1.125,0.0,0.8250000000000002,8.0,1.0,6.0,0.0,1.0,11.0,,,,True,True,UNKNOWN,False,False
2021005927,2022-07-09 14:00:00,東北楽天ゴールデンイーグルス,埼玉西武ライオンズ,3.0,6.0,UNKNOWN,楽天生命パーク宮城,unknown,low,False,False,1860059,900090,[],[],,,,,0,light,2022-07-09T05:00:00+00:00,,UNKNOWN,,,,UNKNOWN,UNKNOWN,,UNKNOWN,,6.75,1.25,0.0,6.75,0.0,5.45,4.0,3.0,2.0,0.0,3.0,0.0,,,,5.4,1.8,9.0,5.4,1.8,5.6,5.0,3.0,6.0,1.0,3.0,5.0,,,,True,True,UNKNOWN,False,False
2021005929,2022-07-09 18:00:00,福岡ソフトバンクホークス,北海道日本ハムファイターズ,2.0,7.0,UNKNOWN,福岡PayPayドーム,unknown,low,False,False,2000079,1200106,[],[],,,,,0,light,2022-07-09T09:00:00+00:00,,UNKNOWN,,,,UNKNOWN,UNKNOWN,,UNKNOWN,,1.125,0.875,9.0,2.25,0.0,1.9500000000000002,8.0,1.0,5.0,0.0,2.0,8.0,,,,4.764705882352941,1.7647058823529411,6.352941176470588,4.764705882352941,1.588235294117647,5.670588235294117,5.666666666666667,3.0,7.0,1.0,3.0,4.0,,,,True,True,UNKNOWN,False,False
2021005935,2022-07-10 13:00:00,福岡ソフトバンクホークス,北海道日本ハムファイターズ,0.0,2.0,UNKNOWN,福岡PayPayドーム,excluded,high,False,False,1600093,1300080,[],[],,,,,0,light,2022-07-10T04:00:00+00:00,,UNKNOWN,,,,UNKNOWN,UNKNOWN,,UNKNOWN,,0.0,0.5,4.5,0.0,0.0,2.2,6.0,0.0,3.0,0.0,0.0,3.0,,,,2.5714285714285716,1.1428571428571428,11.571428571428571,2.5714285714285716,0.0,1.485714285714286,7.0,2.0,6.0,0.0,2.0,9.0,,,,True,True,UNKNOWN,False,False
2021005932,2022-07-10 14:00:00,中日ドラゴンズ,広島東洋カープ,2.0,1.0,UNKNOWN,バンテリンドーム ナゴヤ,unknown,low,False,False,1100081,1600106,[],[],,,,,0,light,2022-07-10T05:00:00+00:00,,UNKNOWN,,,,UNKNOWN,UNKNOWN,,UNKNOWN,,1.5,1.0,1.5,1.5,0.0,3.3666666666666667,6.0,1.0,5.0,0.0,1.0,1.0,,,,1.2857142857142858,0.7142857142857143,5.142857142857143,2.5714285714285716,0.0,2.9142857142857146,7.0,1.0,3.0,0.0,2.0,4.0,,,,True,True,UNKNOWN,False,False
2021005933,2022-07-10 16:00:00,東北楽天ゴールデンイーグルス,埼玉西武ライオンズ,3.0,6.0,UNKNOWN,楽天生命パーク宮城,unknown,low,False,False,1700125,2000121,[],[],,,,,0,light,2022-07-10T07:00:00+00:00,,UNKNOWN,,,,UNKNOWN,UNKNOWN,,UNKNOWN,,3.176470588235294,1.4117647058823528,4.764705882352941,1.588235294117647,1.588235294117647,4.964705882352941,5.666666666666667,2.0,7.0,1.0,1.0,3.0,,,,13.5,2.5,2.25,6.75,4.5,11.45,4.0,6.0,7.0,2.0,3.0,1.0,,,,True,True,UNKNOWN,False,False
2021005930,2022-07-10 14:00:00,読売ジャイアンツ,横浜DeNAベイスターズ,4.0,8.0,UNKNOWN,東京ドーム,unknown,low,False,False,2000145,1200041,[],[],,,,,0,light,2022-07-10T05:00:00+00:00,,UNKNOWN,,,,UNKNOWN,UNKNOWN,,UNKNOWN,,5.4,1.8,3.6,9.0,1.8,8.0,5.0,3.0,4.0,1.0,5.0,2.0,,,,5.142857142857143,1.0,7.714285714285714,1.2857142857142858,0.0,1.9142857142857144,7.0,4.0,6.0,0.0,1.0,6.0,,,,True,True,UNKNOWN,False,False
2021005934,2022-07-10 16:00:00,オリックス・バファローズ,千葉ロッテマリーンズ,10.0,1.0,UNKNOWN,ほっともっとフィールド神戸,unknown,low,False,False,1000155,1700109,[],[],,,,,0,light,2022-07-10T07:00:00+00:00,,UNKNOWN,,,,UNKNOWN,UNKNOWN,,UNKNOWN,,5.4,2.0,9.0,3.6,0.0,2.4000000000000004,5.0,3.0,8.0,0.0,2.0,5.0,,,,1.1739130434782608,0.9130434782608695,7.0434782608695645,3.5217391304347823,0.0,2.8086956521739133,7.666666666666667,1.0,4.0,0.0,3.0,6.0,,,,True,True,UNKNOWN,False,False
2021005937,2022-07-12 18:00:00,阪神タイガース,読売ジャイアンツ,0.0,4.0,UNKNOWN,阪神甲子園球場,unknown,low,False,False,1800028,1561881,[],[],,,,,0,light,2022-07-12T09:00:00+00:00,,UNKNOWN,,,,UNKNOWN,UNKNOWN,,UNKNOWN,,0.0,1.1111111111111112,6.0,2.0,0.0,2.5333333333333337,9.0,0.0,8.0,0.0,2.0,6.0,,,,7.2,1.2,5.4,1.8,3.6,7.8,5.0,4.0,5.0,2.0,1.0,3.0,,,,True,True,UNKNOWN,False,False
2021005939,2022-07-12 18:00:00,埼玉西武ライオンズ,千葉ロッテマリーンズ,2.0,4.0,UNKNOWN,ベルーナドーム,unknown,low,False,False,1900085,1800080,[],[],,,,,0,light,2022-07-12T09:00:00+00:00,,UNKNOWN,,,,UNKNOWN,UNKNOWN,,UNKNOWN,,1.8,1.6,7.2,7.2,0.0,4.0,5.0,1.0,4.0,0.0,4.0,4.0,,,,1.9285714285714284,2.142857142857143,9.642857142857142,7.7142857142857135,1.9285714285714284,6.414285714285715,4.666666666666667,1.0,6.0,1.0,4.0,5.0,,,,True,True,UNKNOWN,False,False
2021005938,2022-07-12 18:00:00,広島東洋カープ,横浜DeNAベイスターズ,4.0,7.0,UNKNOWN,MAZDA Zoom-Zoom スタジアム広島,unknown,low,False,False,1400110,1300058,[],[],,,,,0,light,2022-07-12T09:00:00+00:00,,UNKNOWN,,,,UNKNOWN,UNKNOWN,,UNKNOWN,,3.176470588235294,0.7058823529411764,14.294117647058822,0.0,0.0,0.023529411764706243,5.666666666666667,2.0,4.0,0.0,0.0,9.0,,,,5.4,1.4,1.8,1.8,0.0,3.4000000000000004,5.0,3.0,6.0,0.0,1.0,1.0,,,,True,True,UNKNOWN,False,False
2021005940,2022-07-12 18:00:00,福岡ソフトバンクホークス,オリックス・バファローズ,2.0,4.0,UNKNOWN,福岡PayPayドーム,unknown,low,False,False,1961077,1900106,[],[],,,,,0,light,2022-07-12T09:00:00+00:00,,UNKNOWN,,,,UNKNOWN,UNKNOWN,,UNKNOWN,,1.5,0.8333333333333334,13.5,3.0,1.5,3.3666666666666667,6.0,1.0,3.0,1.0,2.0,9.0,,,,5.684210526315789,1.736842105263158,9.947368421052632,2.8421052631578947,1.4210526315789473,3.9894736842105267,6.333333333333333,4.0,9.0,1.0,2.0,7.0,,,,True,True,UNKNOWN,False,False
2021005942,2022-07-13 18:00:00,阪神タイガース,読売ジャイアンツ,13.0,0.0,UNKNOWN,阪神甲子園球場,unknown,low,False,False,1700002,900062,[],[],,,,,0,light,2022-07-13T09:00:00+00:00,,UNKNOWN,,,,UNKNOWN,UNKNOWN,,UNKNOWN,,20.25,5.25,6.75,0.0,0.0,1.7000000000000002,1.3333333333333333,3.0,7.0,0.0,0.0,1.0,,,,0.0,0.75,4.5,2.25,0.0,2.95,8.0,0.0,4.0,0.0,2.0,4.0,,,,True,True,UNKNOWN,False,False
2021005941,2022-07-13 18:00:00,中日ドラゴンズ,東京ヤクルトスワローズ,6.0,3.0,UNKNOWN,バンテリンドーム ナゴヤ,unknown,low,False,False,1500042,1500074,[],[],,,,,0,light,2022-07-13T09:00:00+00:00,,UNKNOWN,,,,UNKNOWN,UNKNOWN,,UNKNOWN,,1.5,0.6666666666666666,9.0,0.0,0.0,1.2000000000000002,6.0,1.0,4.0,0.0,0.0,6.0,,,,4.5,1.0,6.0,1.5,1.5,4.533333333333333,6.0,3.0,5.0,1.0,1.0,4.0,,,,True,True,UNKNOWN,False,False
2021005943,2022-07-13 18:00:00,広島東洋カープ,横浜DeNAベイスターズ,4.0,1.0,UNKNOWN,MAZDA Zoom-Zoom スタジアム広島,unknown,low,False,False,1800045,1600123,[],[],,,,,0,light,2022-07-13T09:00:00+00:00,,UNKNOWN,,,,UNKNOWN,UNKNOWN,,UNKNOWN,,3.375,1.3125,3.375,1.6875,0.0,3.0125,5.333333333333333,2.0,6.0,0.0,1.0,2.0,,,,1.125,0.875,4.5,0.0,1.125,3.825,8.0,1.0,7.0,1.0,0.0,4.0,,,,True,True,UNKNOWN,False,False
2021005945,2022-07-13 18:00:00,埼玉西武ライオンズ,千葉ロッテマリーンズ,3.0,0.0,UNKNOWN,ベルーナドーム,unknown,low,False,False,1300050,1961288,[],[],,,,,0,light,2022-07-13T09:00:00+00:00,,UNKNOWN,,,,UNKNOWN,UNKNOWN,,UNKNOWN,,2.5714285714285716,1.1428571428571428,5.142857142857143,3.857142857142857,1.2857142857142858,5.2,7.0,2.0,5.0,1.0,3.0,4.0,,,,0.0,1.6,10.8,5.4,0.0,2.6,5.0,0.0,5.0,0.0,3.0,6.0,,,,True,True,UNKNOWN,False,False
2021005944,2022-07-13 18:00:00,北海道日本ハムファイターズ,東北楽天ゴールデンイーグルス,3.0,2.0,UNKNOWN,草薙総合運動場野球場,excluded,high,False,False,1200117,1961850,[],[],,,,,0,light,2022-07-13T09:00:00+00:00,,UNKNOWN,,,,UNKNOWN,UNKNOWN,,UNKNOWN,,4.05,1.2,6.75,2.6999999999999997,1.3499999999999999,4.55,6.666666666666667,3.0,6.0,1.0,2.0,5.0,,,,1.2857142857142858,1.0,10.285714285714286,1.2857142857142858,0.0,1.342857142857143,7.0,1.0,6.0,0.0,1.0,8.0,,,,True,True,UNKNOWN,False,False
2021005946,2022-07-13 18:00:00,福岡ソフトバンクホークス,オリックス・バファローズ,4.0,2.0,UNKNOWN,福岡PayPayドーム,unknown,low,False,False,1900087,1000174,[],[],,,,,0,light,2022-07-13T09:00:00+00:00,,UNKNOWN,,,,UNKNOWN,UNKNOWN,,UNKNOWN,,2.25,0.75,11.25,0.0,2.25,3.95,8.0,2.0,6.0,2.0,0.0,10.0,,,,0.0,0.14285714285714285,12.857142857142858,0.0,0.0,0.34285714285714297,7.0,0.0,1.0,0.0,0.0,10.0,,,,True,True,UNKNOWN,False,False
2021005947,2022-07-14 18:00:00,中日ドラゴンズ,東京ヤクルトスワローズ,4.0,1.0,UNKNOWN,バンテリンドーム ナゴヤ,excluded,high,False,False,1200076,1600109,[],[],,,,,0,light,2022-07-14T09:00:00+00:00,,UNKNOWN,,,,UNKNOWN,UNKNOWN,,UNKNOWN,,3.0,1.5,4.5,0.0,0.0,2.2,6.0,2.0,9.0,0.0,0.0,3.0,,,,1.8,1.8,5.4,7.2,0.0,4.4,5.0,1.0,5.0,0.0,4.0,3.0,,,,True,True,UNKNOWN,False,False
2021005948,2022-07-14 18:00:00,阪神タイガース,読売ジャイアンツ,3.0,0.0,UNKNOWN,阪神甲子園球場,unknown,low,False,False,1460009,2000052,[],[],,,,,0,light,2022-07-14T09:00:00+00:00,,UNKNOWN,,,,UNKNOWN,UNKNOWN,,UNKNOWN,,4.5,1.5,3.0,4.5,3.0,8.366666666666667,6.0,3.0,6.0,2.0,3.0,2.0,,,,0.0,0.5555555555555556,9.0,1.0,0.0,1.5333333333333334,9.0,0.0,4.0,0.0,1.0,9.0,,,,True,True,UNKNOWN,False,False
2021005949,2022-07-14 18:00:00,広島東洋カープ,横浜DeNAベイスターズ,3.0,4.0,UNKNOWN,MAZDA Zoom-Zoom スタジアム広島,excluded,high,False,False,2000040,1860147,[],[],,,,,0,light,2022-07-14T09:00:00+00:00,,UNKNOWN,,,,UNKNOWN,UNKNOWN,,UNKNOWN,,7.7142857142857135,2.142857142857143,3.8571428571428568,7.7142857142857135,0.0,4.914285714285715,2.3333333333333335,2.0,3.0,0.0,2.0,1.0,,,,3.176470588235294,1.4117647058823528,3.176470588235294,4.764705882352941,1.588235294117647,6.376470588235295,5.666666666666667,2.0,5.0,1.0,3.0,2.0,,,,True,True,UNKNOWN,False,False
2021005951,2022-07-14 18:00:00,埼玉西武ライオンズ,千葉ロッテマリーンズ,2.0,1.0,UNKNOWN,ベルーナドーム,unknown,low,False,False,1300055,1600127,[],[],,,,,0,light,2022-07-14T09:00:00+00:00,,UNKNOWN,,,,UNKNOWN,UNKNOWN,,UNKNOWN,,3.8571428571428568,1.2857142857142856,9.642857142857142,1.9285714285714284,0.0,1.7000000000000002,4.666666666666667,2.0,5.0,0.0,1.0,5.0,,,,1.5,1.1666666666666667,9.0,1.5,1.5,3.8666666666666667,6.0,1.0,6.0,1.0,1.0,6.0,,,,True,True,UNKNOWN,False,False
2021005950,2022-07-14 18:00:00,北海道日本ハムファイターズ,東北楽天ゴールデンイーグルス,6.0,0.0,UNKNOWN,草薙総合運動場野球場,unknown,low,False,False,700065,1500110,[],[],,,,,0,light,2022-07-14T09:00:00+00:00,,UNKNOWN,,,,UNKNOWN,UNKNOWN,,UNKNOWN,,3.857142857142857,0.7142857142857143,10.285714285714286,0.0,1.2857142857142858,2.771428571428572,7.0,3.0,5.0,1.0,0.0,8.0,,,,0.0,0.8571428571428571,5.142857142857143,1.2857142857142858,0.0,2.4857142857142858,7.0,0.0,5.0,0.0,1.0,4.0,,,,True,True,UNKNOWN,False,False
2021005952,2022-07-14 18:00:00,福岡ソフトバンクホークス,オリックス・バファローズ,2.0,3.0,UNKNOWN,福岡PayPayドーム,unknown,low,False,False,1400195,2100005,[],[],,,,,0,light,2022-07-14T09:00:00+00:00,,UNKNOWN,,,,UNKNOWN,UNKNOWN,,UNKNOWN,,2.5714285714285716,0.5714285714285714,10.285714285714286,0.0,1.2857142857142858,2.771428571428572,7.0,2.0,4.0,1.0,0.0,8.0,,,,2.5714285714285716,1.0,5.142857142857143,2.5714285714285716,1.2857142857142858,4.771428571428571,7.0,2.0,5.0,1.0,2.0,4.0,,,,True,True,UNKNOWN,False,False
2021005953,2022-07-15 18:00:00,読売ジャイアンツ,広島東洋カープ,3.0,6.0,UNKNOWN,東京ドーム,unknown,low,False,False,1300057,2000006,[],[],,,,,0,light,2022-07-15T09:00:00+00:00,,UNKNOWN,,,,UNKNOWN,UNKNOWN,,UNKNOWN,,2.5714285714285716,1.1428571428571428,6.428571428571429,0.0,0.0,1.7714285714285716,7.0,2.0,8.0,0.0,0.0,5.0,,,,3.6,1.8,1.8,3.6,1.8,6.6,5.0,2.0,7.0,1.0,2.0,1.0,,,,True,True,UNKNOWN,False,False
2021005956,2022-07-16 14:00:00,読売ジャイアンツ,広島東洋カープ,4.0,11.0,UNKNOWN,東京ドーム,unknown,low,False,False,1900052,1560186,[],[],,,,,0,light,2022-07-16T05:00:00+00:00,,UNKNOWN,,,,UNKNOWN,UNKNOWN,,UNKNOWN,,5.3999999999999995,1.3499999999999999,4.05,1.3499999999999999,1.3499999999999999,4.7,6.666666666666667,4.0,8.0,1.0,1.0,3.0,,,,27.0,3.5,9.0,0.0,4.5,7.7,2.0,6.0,7.0,1.0,0.0,2.0,,,,True,True,UNKNOWN,False,False
2021005955,2022-07-15 18:00:00,阪神タイガース,中日ドラゴンズ,2.0,1.0,UNKNOWN,阪神甲子園球場,excluded,high,False,False,2000049,1500090,[],[],,,,,0,light,2022-07-15T09:00:00+00:00,,UNKNOWN,,,,UNKNOWN,UNKNOWN,,UNKNOWN,,3.0,0.5,10.5,1.5,1.5,3.5333333333333337,6.0,2.0,2.0,1.0,1.0,7.0,,,,1.5,1.0,6.0,0.0,0.0,1.866666666666667,6.0,1.0,6.0,0.0,0.0,4.0,,,,True,True,UNKNOWN,False,False
2021005957,2022-07-16 18:00:00,横浜DeNAベイスターズ,東京ヤクルトスワローズ,3.0,2.0,UNKNOWN,横浜スタジアム,unknown,low,False,False,1500040,1500061,[],[],,,,,0,light,2022-07-16T09:00:00+00:00,,UNKNOWN,,,,UNKNOWN,UNKNOWN,,UNKNOWN,,2.5714285714285716,1.4285714285714286,3.857142857142857,2.5714285714285716,1.2857142857142858,5.057142857142857,7.0,2.0,8.0,1.0,2.0,3.0,,,,2.5714285714285716,0.8571428571428571,6.428571428571429,3.857142857142857,1.2857142857142858,4.914285714285715,7.0,2.0,3.0,1.0,3.0,5.0,,,,True,True,UNKNOWN,False,False
2021005959,2022-07-16 14:00:00,北海道日本ハムファイターズ,埼玉西武ライオンズ,1.0,0.0,UNKNOWN,札幌ドーム,unknown,low,False,False,1400182,1100099,[],[],,,,,0,light,2022-07-16T05:00:00+00:00,,UNKNOWN,,,,UNKNOWN,UNKNOWN,,UNKNOWN,,1.2857142857142858,1.1428571428571428,6.428571428571429,0.0,0.0,1.7714285714285716,7.0,1.0,8.0,0.0,0.0,5.0,,,,0.0,1.090909090909091,4.909090909090909,3.681818181818182,0.0,3.3363636363636364,7.333333333333333,0.0,5.0,0.0,3.0,4.0,,,,True,True,UNKNOWN,False,False
2021005960,2022-07-16 14:00:00,東北楽天ゴールデンイーグルス,オリックス・バファローズ,7.0,3.0,UNKNOWN,楽天生命パーク宮城,unknown,low,False,False,1600153,700069,[],[],,,,,0,light,2022-07-16T05:00:00+00:00,,UNKNOWN,,,,UNKNOWN,UNKNOWN,,UNKNOWN,,6.0,1.3333333333333333,7.5,3.0,1.5,4.7,6.0,4.0,6.0,1.0,2.0,5.0,,,,0.0,0.8571428571428571,5.142857142857143,3.857142857142857,0.0,3.342857142857143,7.0,0.0,3.0,0.0,3.0,4.0,,,,True,True,UNKNOWN,False,False
2021005958,2022-07-16 18:00:00,阪神タイガース,中日ドラゴンズ,1.0,3.0,UNKNOWN,阪神甲子園球場,unknown,low,False,False,1000138,1600115,[],[],,,,,0,light,2022-07-16T09:00:00+00:00,,UNKNOWN,,,,UNKNOWN,UNKNOWN,,UNKNOWN,,0.0,0.8571428571428571,6.428571428571429,0.0,0.0,1.7714285714285716,7.0,0.0,6.0,0.0,0.0,5.0,,,,0.0,1.1666666666666667,10.5,4.5,0.0,2.3666666666666667,6.0,0.0,4.0,0.0,3.0,7.0,,,,True,True,UNKNOWN,False,False
2021005962,2022-07-17 14:00:00,読売ジャイアンツ,広島東洋カープ,5.0,10.0,UNKNOWN,東京ドーム,unknown,low,False,False,1100081,1800023,[],[],,,,,0,light,2022-07-17T05:00:00+00:00,,UNKNOWN,,,,UNKNOWN,UNKNOWN,,UNKNOWN,,12.0,2.3333333333333335,3.0,0.0,6.0,11.2,3.0,4.0,7.0,2.0,0.0,1.0,,,,13.5,2.1,5.3999999999999995,13.5,0.0,6.5,3.3333333333333335,5.0,2.0,0.0,5.0,2.0,,,,True,True,UNKNOWN,False,False
2021005965,2022-07-17 13:00:00,北海道日本ハムファイターズ,埼玉西武ライオンズ,3.0,4.0,UNKNOWN,札幌ドーム,unknown,low,False,False,1600131,2000079,[],[],,,,,0,light,2022-07-17T04:00:00+00:00,,UNKNOWN,,,,UNKNOWN,UNKNOWN,,UNKNOWN,,3.6,1.6,1.8,7.2,0.0,5.2,5.0,2.0,4.0,0.0,4.0,1.0,,,,7.2,1.6,12.6,3.6,0.0,1.6,5.0,4.0,6.0,0.0,2.0,7.0,,,,True,True,UNKNOWN,False,False
2021005966,2022-07-17 13:00:00,東北楽天ゴールデンイーグルス,オリックス・バファローズ,3.0,7.0,UNKNOWN,楽天生命パーク宮城,unknown,low,False,False,1700109,900090,[],[],,,,,0,light,2022-07-17T04:00:00+00:00,,UNKNOWN,,,,UNKNOWN,UNKNOWN,,UNKNOWN,,3.6,2.4,0.0,7.2,0.0,5.6,5.0,2.0,8.0,0.0,4.0,0.0,,,,9.0,2.25,2.25,4.5,0.0,4.2,4.0,4.0,7.0,0.0,2.0,1.0,,,,True,True,UNKNOWN,False,False
2021005963,2022-07-17 18:00:00,横浜DeNAベイスターズ,東京ヤクルトスワローズ,10.0,2.0,UNKNOWN,横浜スタジアム,unknown,low,False,False,2000139,1600081,[],[],,,,,0,light,2022-07-17T09:00:00+00:00,,UNKNOWN,,,,UNKNOWN,UNKNOWN,,UNKNOWN,,11.25,2.0,11.25,0.0,2.25,3.95,4.0,5.0,8.0,1.0,0.0,5.0,,,,3.0,1.1666666666666667,12.0,1.5,0.0,1.0333333333333337,6.0,2.0,6.0,0.0,1.0,8.0,,,,True,True,UNKNOWN,False,False
2021005964,2022-07-17 18:00:00,阪神タイガース,中日ドラゴンズ,3.0,1.0,UNKNOWN,阪神甲子園球場,unknown,low,False,False,1600106,1900147,[],[],,,,,0,light,2022-07-17T09:00:00+00:00,,UNKNOWN,,,,UNKNOWN,UNKNOWN,,UNKNOWN,,2.5714285714285716,1.1428571428571428,7.714285714285714,0.0,0.0,1.485714285714286,7.0,2.0,8.0,0.0,0.0,6.0,,,,0.0,0.5,4.5,1.125,0.0,2.575,8.0,0.0,3.0,0.0,1.0,4.0,,,,True,True,UNKNOWN,False,False
2021005971,2022-07-18 13:00:00,北海道日本ハムファイターズ,埼玉西武ライオンズ,1.0,5.0,UNKNOWN,札幌ドーム,unknown,low,False,False,1700125,1600093,[],[],,,,,0,light,2022-07-18T04:00:00+00:00,,UNKNOWN,,,,UNKNOWN,UNKNOWN,,UNKNOWN,,1.8,1.8,1.8,1.8,0.0,3.4000000000000004,5.0,1.0,8.0,0.0,1.0,1.0,,,,1.8,1.0,9.0,1.8,0.0,1.8000000000000003,5.0,1.0,4.0,0.0,1.0,5.0,,,,True,True,UNKNOWN,False,False
2021005967,2022-07-17 17:00:00,千葉ロッテマリーンズ,福岡ソフトバンクホークス,3.0,5.0,UNKNOWN,ZOZOマリンスタジアム,unknown,low,False,False,1300080,1800130,[],[],,,,,0,light,2022-07-17T08:00:00+00:00,,UNKNOWN,,,,UNKNOWN,UNKNOWN,,UNKNOWN,,4.5,1.1666666666666667,9.0,1.5,1.5,3.8666666666666667,6.0,3.0,6.0,1.0,1.0,6.0,,,,3.0,1.5,6.0,1.5,1.5,4.533333333333333,6.0,2.0,8.0,1.0,1.0,4.0,,,,True,True,UNKNOWN,False,False
2021005972,2022-07-18 14:00:00,東北楽天ゴールデンイーグルス,オリックス・バファローズ,8.0,3.0,UNKNOWN,楽天生命パーク宮城,excluded,high,False,False,1961077,1600092,[],[],,,,,0,light,2022-07-18T05:00:00+00:00,,UNKNOWN,,,,UNKNOWN,UNKNOWN,,UNKNOWN,,4.153846153846154,2.076923076923077,8.307692307692308,8.307692307692308,0.0,4.1230769230769235,4.333333333333333,2.0,5.0,0.0,4.0,4.0,,,,2.25,1.5,4.5,9.0,0.0,5.2,4.0,1.0,2.0,0.0,4.0,2.0,,,,True,True,UNKNOWN,False,False
2021005968,2022-07-18 18:00:00,東京ヤクルトスワローズ,読売ジャイアンツ,8.0,10.0,UNKNOWN,明治神宮野球場,unknown,low,False,False,1200041,12113,[],[],,,,,0,light,2022-07-18T09:00:00+00:00,,UNKNOWN,,,,UNKNOWN,UNKNOWN,,UNKNOWN,,10.5,2.0,7.5,3.0,6.0,11.2,6.0,7.0,10.0,4.0,2.0,5.0,,,,15.75,2.25,2.25,0.0,4.5,9.2,4.0,7.0,9.0,2.0,0.0,1.0,,,,True,True,UNKNOWN,False,False
2021005973,2022-07-18 17:00:00,千葉ロッテマリーンズ,福岡ソフトバンクホークス,2.0,1.0,UNKNOWN,ZOZOマリンスタジアム,unknown,low,False,False,1200106,1000155,[],[],,,,,0,light,2022-07-18T08:00:00+00:00,,UNKNOWN,,,,UNKNOWN,UNKNOWN,,UNKNOWN,,3.0,1.5,3.0,3.0,0.0,3.5333333333333337,6.0,2.0,7.0,0.0,2.0,2.0,,,,1.2857142857142858,0.5714285714285714,7.714285714285714,1.2857142857142858,0.0,1.9142857142857144,7.0,1.0,3.0,0.0,1.0,6.0,,,,True,True,UNKNOWN,False,False
2021005969,2022-07-18 18:00:00,中日ドラゴンズ,横浜DeNAベイスターズ,1.0,2.0,UNKNOWN,バンテリンドーム ナゴヤ,unknown,low,False,False,2000145,2000042,[],[],,,,,0,light,2022-07-18T09:00:00+00:00,,UNKNOWN,,,,UNKNOWN,UNKNOWN,,UNKNOWN,,1.588235294117647,1.2352941176470587,4.764705882352941,3.176470588235294,0.0,3.2,5.666666666666667,1.0,5.0,0.0,2.0,3.0,,,,2.5714285714285716,0.7142857142857143,15.428571428571429,2.5714285714285716,1.2857142857142858,2.4857142857142858,7.0,2.0,3.0,1.0,2.0,12.0,,,,True,True,UNKNOWN,False,False
2021005975,2022-07-19 18:00:00,中日ドラゴンズ,横浜DeNAベイスターズ,3.0,2.0,UNKNOWN,バンテリンドーム ナゴヤ,unknown,low,False,False,1400110,1500074,[],[],,,,,0,light,2022-07-19T09:00:00+00:00,,UNKNOWN,,,,UNKNOWN,UNKNOWN,,UNKNOWN,,5.4,1.4,5.4,5.4,1.8,6.4,5.0,3.0,4.0,1.0,3.0,3.0,,,,3.6,1.8,16.2,0.0,0.0,-0.3999999999999999,5.0,2.0,9.0,0.0,0.0,9.0,,,,True,True,UNKNOWN,False,False
2021005974,2022-07-19 18:00:00,東京ヤクルトスワローズ,読売ジャイアンツ,5.0,3.0,UNKNOWN,明治神宮野球場,unknown,low,False,False,1800028,1500139,[],[],,,,,0,light,2022-07-19T09:00:00+00:00,,UNKNOWN,,,,UNKNOWN,UNKNOWN,,UNKNOWN,,7.941176470588235,1.9411764705882353,7.941176470588235,6.352941176470588,0.0,3.5529411764705885,5.666666666666667,5.0,7.0,0.0,4.0,5.0,,,,0.0,1.3333333333333333,10.5,4.5,0.0,2.3666666666666667,6.0,0.0,5.0,0.0,3.0,7.0,,,,True,True,UNKNOWN,False,False
2021005976,2022-07-19 18:00:00,広島東洋カープ,阪神タイガース,0.0,3.0,UNKNOWN,MAZDA Zoom-Zoom スタジアム広島,unknown,low,False,False,1561881,1600123,[],[],,,,,0,light,2022-07-19T09:00:00+00:00,,UNKNOWN,,,,UNKNOWN,UNKNOWN,,UNKNOWN,,0.0,0.8823529411764706,11.117647058823529,0.0,0.0,0.7294117647058829,5.666666666666667,0.0,5.0,0.0,0.0,7.0,,,,3.375,1.125,5.625,2.25,0.0,2.7,8.0,3.0,7.0,0.0,2.0,5.0,,,,True,True,UNKNOWN,False,False
2021005977,2022-07-19 18:00:00,千葉ロッテマリーンズ,埼玉西武ライオンズ,5.0,3.0,UNKNOWN,ZOZOマリンスタジアム,unknown,low,False,False,1800080,1800052,[],[],,,,,0,light,2022-07-19T09:00:00+00:00,,UNKNOWN,,,,UNKNOWN,UNKNOWN,,UNKNOWN,,3.176470588235294,1.4117647058823528,6.352941176470588,4.764705882352941,0.0,3.376470588235294,5.666666666666667,2.0,5.0,0.0,3.0,4.0,,,,4.5,1.6666666666666667,6.0,6.0,0.0,3.8666666666666667,6.0,3.0,6.0,0.0,4.0,4.0,,,,True,True,UNKNOWN,False,False
2021005978,2022-07-19 18:00:00,オリックス・バファローズ,北海道日本ハムファイターズ,7.0,1.0,UNKNOWN,京セラドーム大阪,unknown,low,False,False,1700027,1600150,[],[],,,,,0,light,2022-07-19T09:00:00+00:00,,UNKNOWN,,,,UNKNOWN,UNKNOWN,,UNKNOWN,,7.2,1.8,3.6,1.8,1.8,5.6,5.0,4.0,8.0,1.0,1.0,2.0,,,,1.2857142857142858,1.2857142857142858,9.0,2.5714285714285716,0.0,2.0571428571428574,7.0,1.0,7.0,0.0,2.0,7.0,,,,True,True,UNKNOWN,False,False
2021005979,2022-07-20 18:00:00,東京ヤクルトスワローズ,読売ジャイアンツ,8.0,2.0,UNKNOWN,明治神宮野球場,unknown,low,False,False,1700002,1500042,[],[],,,,,0,light,2022-07-20T09:00:00+00:00,,UNKNOWN,,,,UNKNOWN,UNKNOWN,,UNKNOWN,,3.6,1.4,3.6,3.6,0.0,3.6,5.0,2.0,5.0,0.0,2.0,2.0,,,,3.6,1.6,12.6,3.6,0.0,1.6,5.0,2.0,6.0,0.0,2.0,7.0,,,,True,True,UNKNOWN,False,False
2021005982,2022-07-20 18:00:00,千葉ロッテマリーンズ,埼玉西武ライオンズ,8.0,4.0,UNKNOWN,ZOZOマリンスタジアム,unknown,low,False,False,1961288,1300050,[],[],,,,,0,light,2022-07-20T09:00:00+00:00,,UNKNOWN,,,,UNKNOWN,UNKNOWN,,UNKNOWN,,6.75,1.6875,8.4375,1.6875,0.0,1.8875000000000002,5.333333333333333,4.0,8.0,0.0,1.0,5.0,,,,4.5,0.8333333333333334,3.0,1.5,3.0,7.366666666666667,6.0,3.0,4.0,2.0,1.0,2.0,,,,True,True,UNKNOWN,False,False
2021005980,2022-07-20 18:00:00,中日ドラゴンズ,横浜DeNAベイスターズ,4.0,6.0,UNKNOWN,バンテリンドーム ナゴヤ,unknown,low,False,False,1800045,1600109,[],[],,,,,0,light,2022-07-20T09:00:00+00:00,,UNKNOWN,,,,UNKNOWN,UNKNOWN,,UNKNOWN,,2.6999999999999997,1.05,10.799999999999999,0.0,1.3499999999999999,2.75,6.666666666666667,2.0,7.0,1.0,0.0,8.0,,,,7.2,1.8,3.6,3.6,3.6,8.8,5.0,4.0,7.0,2.0,2.0,2.0,,,,True,True,UNKNOWN,False,False
2021005981,2022-07-20 18:00:00,広島東洋カープ,阪神タイガース,5.0,3.0,UNKNOWN,MAZDA Zoom-Zoom スタジアム広島,unknown,low,False,False,900062,1860147,[],[],,,,,0,light,2022-07-20T09:00:00+00:00,,UNKNOWN,,,,UNKNOWN,UNKNOWN,,UNKNOWN,,1.5,1.0,6.0,0.0,0.0,1.866666666666667,6.0,1.0,6.0,0.0,0.0,4.0,,,,5.4,1.6,9.0,3.6,0.0,2.4000000000000004,5.0,3.0,6.0,0.0,2.0,5.0,,,,True,True,UNKNOWN,False,False
2021005983,2022-07-20 18:00:00,オリックス・バファローズ,北海道日本ハムファイターズ,2.0,0.0,UNKNOWN,京セラドーム大阪,unknown,low,False,False,2000083,1650221,[],[],,,,,0,light,2022-07-20T09:00:00+00:00,,UNKNOWN,,,,UNKNOWN,UNKNOWN,,UNKNOWN,,3.6,1.2,7.2,5.4,1.8,6.0,5.0,2.0,3.0,1.0,3.0,4.0,,,,0.0,0.46153846153846156,11.423076923076923,3.1153846153846154,0.0,1.7000000000000002,8.666666666666666,0.0,1.0,0.0,3.0,11.0,,,,True,True,UNKNOWN,False,False
2021005985,2022-07-21 18:00:00,千葉ロッテマリーンズ,埼玉西武ライオンズ,5.0,4.0,UNKNOWN,ZOZOマリンスタジアム,unknown,low,False,False,1600127,1300055,[],[],,,,,0,light,2022-07-21T09:00:00+00:00,,UNKNOWN,,,,UNKNOWN,UNKNOWN,,UNKNOWN,,2.5714285714285716,0.8571428571428571,6.428571428571429,2.5714285714285716,0.0,2.628571428571429,7.0,2.0,4.0,0.0,2.0,5.0,,,,6.75,1.6875,13.5,5.0625,1.6875,4.325,5.333333333333333,4.0,6.0,1.0,3.0,8.0,,,,True,True,UNKNOWN,False,False
2021005984,2022-07-20 18:00:00,福岡ソフトバンクホークス,東北楽天ゴールデンイーグルス,3.0,17.0,UNKNOWN,北九州市民球場,unknown,low,False,False,1900117,1900106,[],[],,,,,0,light,2022-07-20T09:00:00+00:00,,UNKNOWN,,,,UNKNOWN,UNKNOWN,,UNKNOWN,,1.2857142857142858,0.7142857142857143,9.0,0.0,1.2857142857142858,3.0571428571428574,7.0,1.0,5.0,1.0,0.0,7.0,,,,22.5,5.0,0.0,9.0,13.5,25.7,2.0,5.0,8.0,3.0,2.0,0.0,,,,True,True,UNKNOWN,False,False
2021005987,2022-07-21 18:00:00,福岡ソフトバンクホークス,東北楽天ゴールデンイーグルス,7.0,0.0,UNKNOWN,福岡PayPayドーム,unknown,low,False,False,700065,1000174,[],[],,,,,0,light,2022-07-21T09:00:00+00:00,,UNKNOWN,,,,UNKNOWN,UNKNOWN,,UNKNOWN,,4.764705882352941,1.4117647058823528,9.529411764705882,1.588235294117647,0.0,1.6117647058823532,5.666666666666667,3.0,7.0,0.0,1.0,6.0,,,,0.0,0.75,9.0,2.25,0.0,1.9500000000000002,8.0,0.0,4.0,0.0,2.0,8.0,,,,True,True,UNKNOWN,False,False
2021005986,2022-07-21 18:00:00,オリックス・バファローズ,北海道日本ハムファイターズ,4.0,3.0,UNKNOWN,京セラドーム大阪,unknown,low,False,False,1961850,1500088,[],[],,,,,0,light,2022-07-21T09:00:00+00:00,,UNKNOWN,,,,UNKNOWN,UNKNOWN,,UNKNOWN,,5.0625,1.3125,6.75,0.0,1.6875,4.1375,5.333333333333333,3.0,7.0,1.0,0.0,4.0,,,,3.6,1.0,12.6,0.0,1.8,3.0,5.0,2.0,5.0,1.0,0.0,7.0,,,,True,True,UNKNOWN,False,False
2021005988,2022-07-22 18:00:00,東京ヤクルトスワローズ,広島東洋カープ,2.0,5.0,UNKNOWN,明治神宮野球場,unknown,low,False,False,1300057,1200076,[],[],,,,,0,light,2022-07-22T09:00:00+00:00,,UNKNOWN,,,,UNKNOWN,UNKNOWN,,UNKNOWN,,3.0,1.6666666666666667,7.5,1.5,0.0,2.033333333333333,6.0,2.0,9.0,0.0,1.0,5.0,,,,0.0,1.0,2.5714285714285716,0.0,0.0,2.628571428571429,7.0,0.0,7.0,0.0,0.0,2.0,,,,True,True,UNKNOWN,False,False
2021005991,2022-07-22 18:00:00,埼玉西武ライオンズ,東北楽天ゴールデンイーグルス,9.0,4.0,UNKNOWN,ベルーナドーム,excluded,high,False,False,1200117,1800081,[],[],,,,,0,light,2022-07-22T09:00:00+00:00,,UNKNOWN,,,,UNKNOWN,UNKNOWN,,UNKNOWN,,5.4,2.0,5.4,3.6,0.0,3.2,5.0,3.0,8.0,0.0,2.0,3.0,,,,3.6,1.6,5.4,5.4,0.0,3.8000000000000003,5.0,2.0,5.0,0.0,3.0,3.0,,,,True,True,UNKNOWN,False,False
2021005990,2022-07-22 18:00:00,阪神タイガース,横浜DeNAベイスターズ,6.0,3.0,UNKNOWN,阪神甲子園球場,unknown,low,False,False,1900031,1500090,[],[],,,,,0,light,2022-07-22T09:00:00+00:00,,UNKNOWN,,,,UNKNOWN,UNKNOWN,,UNKNOWN,,4.5,0.75,6.75,2.25,2.25,5.7,4.0,2.0,2.0,1.0,1.0,3.0,,,,1.5,1.1666666666666667,3.0,3.0,1.5,5.7,6.0,1.0,5.0,1.0,2.0,2.0,,,,True,True,UNKNOWN,False,False
2021005992,2022-07-22 18:00:00,オリックス・バファローズ,福岡ソフトバンクホークス,5.0,7.0,UNKNOWN,京セラドーム大阪,unknown,low,False,False,1800107,1900087,[],[],,,,,0,light,2022-07-22T09:00:00+00:00,,UNKNOWN,,,,UNKNOWN,UNKNOWN,,UNKNOWN,,18.0,3.5,9.0,9.0,4.5,10.7,2.0,4.0,5.0,1.0,2.0,2.0,,,,9.0,2.0,6.0,3.0,3.0,7.2,3.0,3.0,5.0,1.0,1.0,2.0,,,,True,True,UNKNOWN,False,False
2021005995,2022-07-23 18:00:00,阪神タイガース,横浜DeNAベイスターズ,3.0,1.0,UNKNOWN,阪神甲子園球場,unknown,low,False,False,1500061,2000052,[],[],,,,,0,light,2022-07-23T09:00:00+00:00,,UNKNOWN,,,,UNKNOWN,UNKNOWN,,UNKNOWN,,3.6,1.8,9.0,7.2,0.0,3.6,5.0,2.0,5.0,0.0,4.0,5.0,,,,1.2857142857142858,1.0,5.142857142857143,1.2857142857142858,1.2857142857142858,4.342857142857143,7.0,1.0,6.0,1.0,1.0,4.0,,,,True,True,UNKNOWN,False,False
2021005996,2022-07-23 15:00:00,北海道日本ハムファイターズ,千葉ロッテマリーンズ,6.0,7.0,UNKNOWN,札幌ドーム,allstar,high,False,True,1900085,1900070,[],[],,,,,0,light,2022-07-23T06:00:00+00:00,,UNKNOWN,,,,UNKNOWN,UNKNOWN,,UNKNOWN,,12.0,2.0,3.0,3.0,3.0,7.866666666666667,3.0,4.0,5.0,1.0,1.0,1.0,,,,3.0,1.3333333333333333,9.0,0.0,0.0,1.2000000000000002,3.0,1.0,4.0,0.0,0.0,3.0,,,,True,True,UNKNOWN,False,False
2021005993,2022-07-23 18:00:00,東京ヤクルトスワローズ,広島東洋カープ,3.0,15.0,UNKNOWN,明治神宮野球場,unknown,low,False,False,1900052,1500040,[],[],,,,,0,light,2022-07-23T09:00:00+00:00,,UNKNOWN,,,,UNKNOWN,UNKNOWN,,UNKNOWN,,4.5,1.5,7.5,3.0,1.5,4.7,6.0,3.0,7.0,1.0,2.0,5.0,,,,162.0,21.0,0.0,0.0,27.0,42.2,0.3333333333333333,6.0,7.0,1.0,0.0,0.0,,,,True,True,UNKNOWN,False,False
2021005997,2022-07-23 18:00:00,埼玉西武ライオンズ,東北楽天ゴールデンイーグルス,3.0,3.0,UNKNOWN,ベルーナドーム,unknown,low,False,False,700069,1400182,[],[],,,,,0,light,2022-07-23T09:00:00+00:00,,UNKNOWN,,,,UNKNOWN,UNKNOWN,,UNKNOWN,,3.857142857142857,0.8571428571428571,9.0,2.5714285714285716,0.0,2.0571428571428574,7.0,3.0,4.0,0.0,2.0,7.0,,,,1.2857142857142858,1.0,5.142857142857143,1.2857142857142858,1.2857142857142858,4.342857142857143,7.0,1.0,6.0,1.0,1.0,4.0,,,,True,True,UNKNOWN,False,False
2021005998,2022-07-23 18:00:00,オリックス・バファローズ,福岡ソフトバンクホークス,5.0,0.0,UNKNOWN,京セラドーム大阪,unknown,low,False,False,1300080,1600153,[],[],,,,,0,light,2022-07-23T09:00:00+00:00,,UNKNOWN,,,,UNKNOWN,UNKNOWN,,UNKNOWN,,9.0,2.2,9.0,5.4,0.0,3.0,5.0,5.0,8.0,0.0,3.0,5.0,,,,0.0,0.75,10.125,2.25,0.0,1.7000000000000002,8.0,0.0,4.0,0.0,2.0,9.0,,,,True,True,UNKNOWN,False,False
2021006002,2022-07-24 14:00:00,北海道日本ハムファイターズ,千葉ロッテマリーンズ,5.0,4.0,UNKNOWN,札幌ドーム,unknown,low,False,False,1800130,2000079,[],[],,,,,0,light,2022-07-24T05:00:00+00:00,,UNKNOWN,,,,UNKNOWN,UNKNOWN,,UNKNOWN,,6.75,1.2,9.45,4.05,1.3499999999999999,4.4,6.666666666666667,5.0,5.0,1.0,3.0,7.0,,,,5.142857142857143,1.8571428571428572,3.857142857142857,2.5714285714285716,1.2857142857142858,5.057142857142857,7.0,4.0,11.0,1.0,2.0,3.0,,,,True,True,UNKNOWN,False,False
2021006004,2022-07-24 13:00:00,オリックス・バファローズ,福岡ソフトバンクホークス,7.0,4.0,UNKNOWN,京セラドーム大阪,unknown,low,False,False,1200106,1700109,[],[],,,,,0,light,2022-07-24T04:00:00+00:00,,UNKNOWN,,,,UNKNOWN,UNKNOWN,,UNKNOWN,,8.307692307692308,2.5384615384615388,14.53846153846154,6.230769230769231,0.0,2.046153846153846,4.333333333333333,4.0,8.0,0.0,3.0,7.0,,,,7.2,1.6,10.8,5.4,3.6,7.8,5.0,4.0,5.0,2.0,3.0,6.0,,,,True,True,UNKNOWN,False,False
2021005999,2022-07-24 18:00:00,東京ヤクルトスワローズ,広島東洋カープ,4.0,2.0,UNKNOWN,明治神宮野球場,unknown,low,False,False,1300058,2000139,[],[],,,,,0,light,2022-07-24T09:00:00+00:00,,UNKNOWN,,,,UNKNOWN,UNKNOWN,,UNKNOWN,,4.764705882352941,1.2352941176470587,7.941176470588235,1.588235294117647,4.764705882352941,8.847058823529412,5.666666666666667,3.0,6.0,3.0,1.0,5.0,,,,1.5,0.8333333333333334,6.0,3.0,0.0,2.8666666666666667,6.0,1.0,3.0,0.0,2.0,4.0,,,,True,True,UNKNOWN,False,False
2021006001,2022-07-24 18:00:00,阪神タイガース,横浜DeNAベイスターズ,1.0,0.0,UNKNOWN,阪神甲子園球場,unknown,low,False,False,1600081,1900147,[],[],,,,,0,light,2022-07-24T09:00:00+00:00,,UNKNOWN,,,,UNKNOWN,UNKNOWN,,UNKNOWN,,1.5,1.0,7.5,0.0,0.0,1.5333333333333334,6.0,1.0,6.0,0.0,0.0,5.0,,,,0.0,1.0,6.0,0.0,0.0,1.866666666666667,6.0,0.0,6.0,0.0,0.0,4.0,,,,True,True,UNKNOWN,False,False
2021006304,2022-07-26 19:00:00,全パ,全セ,3.0,2.0,UNKNOWN,福岡PayPayドーム,allstar,high,False,True,1500090,1900106,[],[],,,,,0,light,2022-07-26T10:00:00+00:00,,UNKNOWN,,,,UNKNOWN,UNKNOWN,,UNKNOWN,,4.5,1.0,9.0,4.5,4.5,9.2,2.0,1.0,1.0,1.0,1.0,2.0,,,,9.0,2.0,0.0,0.0,0.0,3.2,1.0,1.0,2.0,0.0,0.0,0.0,,,,True,True,UNKNOWN,False,False
2021006003,2022-07-24 18:00:00,埼玉西武ライオンズ,東北楽天ゴールデンイーグルス,2.0,9.0,UNKNOWN,ベルーナドーム,unknown,low,False,False,900090,1600131,[],[],,,,,0,light,2022-07-24T09:00:00+00:00,,UNKNOWN,,,,UNKNOWN,UNKNOWN,,UNKNOWN,,3.6,1.4,1.8,1.8,1.8,6.0,5.0,2.0,6.0,1.0,1.0,1.0,,,,10.384615384615385,2.307692307692308,2.076923076923077,0.0,0.0,2.7384615384615385,4.333333333333333,5.0,10.0,0.0,0.0,1.0,,,,True,True,UNKNOWN,False,False
2021006305,2022-07-27 18:30:00,全セ,全パ,1.0,2.0,UNKNOWN,坊っちゃんスタジアム,allstar,high,False,True,1900080,1600123,[],[],,,,,0,light,2022-07-27T09:30:00+00:00,,UNKNOWN,,,,UNKNOWN,UNKNOWN,,UNKNOWN,,9.0,3.0,0.0,0.0,0.0,3.2,1.0,1.0,3.0,0.0,0.0,0.0,,,,4.5,2.5,4.5,0.0,0.0,2.2,2.0,1.0,5.0,0.0,0.0,1.0,,,,True,True,UNKNOWN,False,False
2021006006,2022-07-29 18:00:00,阪神タイガース,東京ヤクルトスワローズ,6.0,0.0,UNKNOWN,阪神甲子園球場,unknown,low,False,False,1200076,900062,[],[],,,,,0,light,2022-07-29T09:00:00+00:00,,UNKNOWN,,,,UNKNOWN,UNKNOWN,,UNKNOWN,,9.0,2.0,4.5,2.25,2.25,6.2,4.0,4.0,7.0,1.0,1.0,2.0,,,,0.0,0.7142857142857143,3.857142857142857,1.2857142857142858,0.0,2.771428571428572,7.0,0.0,4.0,0.0,1.0,3.0,,,,True,True,UNKNOWN,False,False
2021006008,2022-07-29 18:00:00,東北楽天ゴールデンイーグルス,北海道日本ハムファイターズ,1.0,2.0,UNKNOWN,楽天生命パーク宮城,unknown,low,False,False,1961850,1900117,[],[],,,,,0,light,2022-07-29T09:00:00+00:00,,UNKNOWN,,,,UNKNOWN,UNKNOWN,,UNKNOWN,,1.588235294117647,0.7058823529411764,7.941176470588235,3.176470588235294,0.0,2.4941176470588236,5.666666666666667,1.0,2.0,0.0,2.0,5.0,,,,0.0,0.8571428571428571,5.142857142857143,0.0,0.0,2.0571428571428574,7.0,0.0,6.0,0.0,0.0,4.0,,,,True,True,UNKNOWN,False,False
2021006007,2022-07-29 18:00:00,広島東洋カープ,中日ドラゴンズ,0.0,9.0,UNKNOWN,MAZDA Zoom-Zoom スタジアム広島,unknown,low,False,False,2000042,1300057,[],[],,,,,0,light,2022-07-29T09:00:00+00:00,,UNKNOWN,,,,UNKNOWN,UNKNOWN,,UNKNOWN,,0.0,0.27272727272727276,8.590909090909092,1.2272727272727273,0.0,1.7000000000000002,7.333333333333333,0.0,1.0,0.0,1.0,7.0,,,,12.0,2.3333333333333335,3.0,0.0,6.0,11.2,3.0,4.0,7.0,2.0,0.0,1.0,,,,True,True,UNKNOWN,False,False
2021006009,2022-07-29 18:00:00,千葉ロッテマリーンズ,オリックス・バファローズ,8.0,9.0,UNKNOWN,ZOZOマリンスタジアム,unknown,low,False,False,1400195,1300050,[],[],,,,,0,light,2022-07-29T09:00:00+00:00,,UNKNOWN,,,,UNKNOWN,UNKNOWN,,UNKNOWN,,5.4,0.8,5.4,0.0,5.4,9.8,5.0,3.0,4.0,3.0,0.0,3.0,,,,7.2,1.8,7.2,3.6,1.8,5.4,5.0,4.0,7.0,1.0,2.0,4.0,,,,True,True,UNKNOWN,False,False
2021006010,2022-07-29 18:00:00,福岡ソフトバンクホークス,埼玉西武ライオンズ,2.0,5.0,UNKNOWN,福岡PayPayドーム,allstar,high,False,True,1600127,1000174,[],[],,,,,0,light,2022-07-29T09:00:00+00:00,,UNKNOWN,,,,UNKNOWN,UNKNOWN,,UNKNOWN,,3.0,1.5,6.0,9.0,0.0,4.866666666666667,6.0,2.0,3.0,0.0,6.0,4.0,,,,9.0,2.0,18.0,3.6,3.6,5.6,5.0,5.0,8.0,2.0,2.0,10.0,,,,True,True,UNKNOWN,False,False
2021006016,2022-07-30 14:00:00,福岡ソフトバンクホークス,埼玉西武ライオンズ,0.0,6.0,UNKNOWN,福岡PayPayドーム,unknown,low,False,False,1700125,1900106,[],[],,,,,0,light,2022-07-30T05:00:00+00:00,,UNKNOWN,,,,UNKNOWN,UNKNOWN,,UNKNOWN,,0.0,0.7777777777777778,5.0,0.0,0.0,2.088888888888889,9.0,0.0,7.0,0.0,0.0,5.0,,,,15.428571428571427,3.8571428571428568,3.8571428571428568,11.571428571428571,0.0,6.2,2.3333333333333335,4.0,6.0,0.0,3.0,1.0,,,,True,True,UNKNOWN,False,False
2021006015,2022-07-30 17:00:00,千葉ロッテマリーンズ,オリックス・バファローズ,4.0,6.0,UNKNOWN,ZOZOマリンスタジアム,unknown,low,False,False,1700118,1800052,[],[],,,,,0,light,2022-07-30T08:00:00+00:00,,UNKNOWN,,,,UNKNOWN,UNKNOWN,,UNKNOWN,,5.785714285714286,1.9285714285714284,7.7142857142857135,3.8571428571428568,0.0,2.771428571428572,4.666666666666667,3.0,7.0,0.0,2.0,4.0,,,,6.75,1.6875,5.0625,1.6875,0.0,2.6375,5.333333333333333,4.0,8.0,0.0,1.0,3.0,,,,True,True,UNKNOWN,False,False
2021006012,2022-07-30 18:00:00,阪神タイガース,東京ヤクルトスワローズ,7.0,3.0,UNKNOWN,阪神甲子園球場,unknown,low,False,False,1500139,1600115,[],[],,,,,0,light,2022-07-30T09:00:00+00:00,,UNKNOWN,,,,UNKNOWN,UNKNOWN,,UNKNOWN,,12.272727272727273,2.181818181818182,14.727272727272728,7.363636363636364,0.0,2.381818181818182,3.6666666666666665,5.0,5.0,0.0,3.0,6.0,,,,3.0,0.8333333333333334,4.5,1.5,1.5,4.866666666666667,6.0,2.0,4.0,1.0,1.0,3.0,,,,True,True,UNKNOWN,False,False
2021006013,2022-07-30 18:00:00,広島東洋カープ,中日ドラゴンズ,0.0,3.0,UNKNOWN,MAZDA Zoom-Zoom スタジアム広島,unknown,low,False,False,1500074,1860147,[],[],,,,,0,light,2022-07-30T09:00:00+00:00,,UNKNOWN,,,,UNKNOWN,UNKNOWN,,UNKNOWN,,0.0,1.0,7.714285714285714,3.857142857142857,0.0,2.771428571428572,7.0,0.0,4.0,0.0,3.0,6.0,,,,1.5,1.0,4.5,4.5,1.5,5.866666666666667,6.0,1.0,3.0,1.0,3.0,3.0,,,,True,True,UNKNOWN,False,False
2021006014,2022-07-30 18:00:00,東北楽天ゴールデンイーグルス,北海道日本ハムファイターズ,7.0,0.0,UNKNOWN,楽天生命パーク宮城,unknown,low,False,False,1700027,700069,[],[],,,,,0,light,2022-07-30T09:00:00+00:00,,UNKNOWN,,,,UNKNOWN,UNKNOWN,,UNKNOWN,,5.4,1.8,3.6,5.4,0.0,4.2,5.0,3.0,6.0,0.0,3.0,2.0,,,,0.0,0.8571428571428571,9.0,1.2857142857142858,0.0,1.6285714285714288,7.0,0.0,5.0,0.0,1.0,7.0,,,,True,True,UNKNOWN,False,False
2021006022,2022-07-31 13:00:00,福岡ソフトバンクホークス,埼玉西武ライオンズ,4.0,2.0,UNKNOWN,福岡PayPayドーム,unknown,low,False,False,1961288,20204,[],[],,,,,0,light,2022-07-31T04:00:00+00:00,,UNKNOWN,,,,UNKNOWN,UNKNOWN,,UNKNOWN,,8.307692307692308,2.076923076923077,6.230769230769231,4.153846153846154,2.076923076923077,6.2,4.333333333333333,4.0,7.0,1.0,2.0,3.0,,,,1.8,1.8,10.8,3.6,0.0,2.0,5.0,1.0,7.0,0.0,2.0,6.0,,,,True,True,UNKNOWN,False,False
2021006020,2022-07-31 17:00:00,東北楽天ゴールデンイーグルス,北海道日本ハムファイターズ,10.0,5.0,UNKNOWN,楽天生命パーク宮城,unknown,low,False,False,2000083,1600092,[],[],,,,,0,light,2022-07-31T08:00:00+00:00,,UNKNOWN,,,,UNKNOWN,UNKNOWN,,UNKNOWN,,3.0,2.0,15.0,12.0,3.0,8.2,3.0,1.0,2.0,1.0,4.0,5.0,,,,5.4,1.0,3.6,3.6,0.0,3.6,5.0,3.0,3.0,0.0,2.0,2.0,,,,True,True,UNKNOWN,False,False
2021006021,2022-07-31 17:00:00,千葉ロッテマリーンズ,オリックス・バファローズ,2.0,5.0,UNKNOWN,ZOZOマリンスタジアム,unknown,low,False,False,1700109,1300055,[],[],,,,,0,light,2022-07-31T08:00:00+00:00,,UNKNOWN,,,,UNKNOWN,UNKNOWN,,UNKNOWN,,2.25,1.125,5.625,2.25,1.125,4.325,8.0,2.0,7.0,1.0,2.0,5.0,,,,5.4,2.4,9.0,5.4,0.0,3.0,5.0,3.0,9.0,0.0,3.0,5.0,,,,True,True,UNKNOWN,False,False
2021006018,2022-07-31 18:00:00,阪神タイガース,東京ヤクルトスワローズ,2.0,4.0,UNKNOWN,阪神甲子園球場,unknown,low,False,False,1500040,1900147,[],[],,,,,0,light,2022-07-31T09:00:00+00:00,,UNKNOWN,,,,UNKNOWN,UNKNOWN,,UNKNOWN,,4.5,1.5,6.75,2.25,0.0,2.45,4.0,2.0,5.0,0.0,1.0,3.0,,,,0.0,0.5,4.5,0.0,0.0,2.2,6.0,0.0,3.0,0.0,0.0,3.0,,,,True,True,UNKNOWN,False,False
2021006025,2022-08-02 17:45:00,横浜DeNAベイスターズ,広島東洋カープ,5.0,2.0,UNKNOWN,横浜スタジアム,excluded,high,False,False,1900052,1500061,[],[],,,,,0,light,2022-08-02T08:45:00+00:00,,UNKNOWN,,,,UNKNOWN,UNKNOWN,,UNKNOWN,,11.25,2.5,2.25,2.25,2.25,6.7,4.0,5.0,9.0,1.0,1.0,1.0,,,,3.0,1.6666666666666667,10.5,1.5,1.5,3.5333333333333337,6.0,2.0,9.0,1.0,1.0,7.0,,,,True,True,UNKNOWN,False,False
2021006019,2022-07-31 18:00:00,広島東洋カープ,中日ドラゴンズ,5.0,6.0,UNKNOWN,MAZDA Zoom-Zoom スタジアム広島,unknown,low,False,False,1200098,1100081,[],[],,,,,0,light,2022-07-31T09:00:00+00:00,,UNKNOWN,,,,UNKNOWN,UNKNOWN,,UNKNOWN,,1.8,0.8,5.4,0.0,0.0,2.0,5.0,1.0,4.0,0.0,0.0,3.0,,,,4.153846153846154,1.8461538461538463,6.230769230769231,6.230769230769231,0.0,3.8923076923076927,4.333333333333333,2.0,5.0,0.0,3.0,3.0,,,,True,True,UNKNOWN,False,False
2021006023,2022-08-02 18:00:00,読売ジャイアンツ,阪神タイガース,3.0,6.0,UNKNOWN,東京ドーム,unknown,low,False,False,1500090,1700002,[],[],,,,,0,light,2022-08-02T09:00:00+00:00,,UNKNOWN,,,,UNKNOWN,UNKNOWN,,UNKNOWN,,1.5,0.6666666666666666,6.0,0.0,0.0,1.866666666666667,6.0,1.0,4.0,0.0,0.0,4.0,,,,4.05,1.05,9.45,1.3499999999999999,1.3499999999999999,3.5,6.666666666666667,3.0,6.0,1.0,1.0,7.0,,,,True,True,UNKNOWN,False,False
2021006026,2022-08-02 18:00:00,北海道日本ハムファイターズ,福岡ソフトバンクホークス,6.0,5.0,UNKNOWN,スタルヒン球場,unknown,low,False,False,1300080,2000079,[],[],,,,,0,light,2022-08-02T09:00:00+00:00,,UNKNOWN,,,,UNKNOWN,UNKNOWN,,UNKNOWN,,9.0,1.5,9.0,3.0,4.5,8.7,6.0,6.0,7.0,3.0,2.0,6.0,,,,3.0,1.3333333333333333,12.0,3.0,3.0,5.866666666666667,6.0,2.0,6.0,2.0,2.0,8.0,,,,True,True,UNKNOWN,False,False
2021006024,2022-08-02 18:00:00,東京ヤクルトスワローズ,中日ドラゴンズ,5.0,0.0,UNKNOWN,明治神宮野球場,unknown,low,False,False,1600106,1500042,[],[],,,,,0,light,2022-08-02T09:00:00+00:00,,UNKNOWN,,,,UNKNOWN,UNKNOWN,,UNKNOWN,,7.5,1.3333333333333333,6.0,1.5,4.5,8.866666666666667,6.0,5.0,7.0,3.0,1.0,4.0,,,,0.0,0.8571428571428571,9.0,2.5714285714285716,0.0,2.0571428571428574,7.0,0.0,4.0,0.0,2.0,7.0,,,,True,True,UNKNOWN,False,False
2021006027,2022-08-02 18:00:00,東北楽天ゴールデンイーグルス,千葉ロッテマリーンズ,4.0,6.0,UNKNOWN,楽天生命パーク宮城,unknown,low,False,False,1800130,1200117,[],[],,,,,0,light,2022-08-02T09:00:00+00:00,,UNKNOWN,,,,UNKNOWN,UNKNOWN,,UNKNOWN,,4.5,1.8333333333333333,6.0,9.0,0.0,4.866666666666667,6.0,3.0,5.0,0.0,6.0,4.0,,,,9.0,3.0,11.25,11.25,2.25,7.7,4.0,4.0,7.0,1.0,5.0,5.0,,,,True,True,UNKNOWN,False,False
2021006028,2022-08-02 18:00:00,埼玉西武ライオンズ,オリックス・バファローズ,4.0,2.0,UNKNOWN,ベルーナドーム,unknown,low,False,False,1600153,1400182,[],[],,,,,0,light,2022-08-02T09:00:00+00:00,,UNKNOWN,,,,UNKNOWN,UNKNOWN,,UNKNOWN,,1.5,1.8333333333333333,10.5,6.0,0.0,2.8666666666666667,6.0,1.0,7.0,0.0,4.0,7.0,,,,2.3478260869565215,1.1739130434782608,8.217391304347826,2.3478260869565215,1.1739130434782608,3.8521739130434787,7.666666666666667,2.0,7.0,1.0,2.0,7.0,,,,True,True,UNKNOWN,False,False
2021006031,2022-08-03 17:45:00,横浜DeNAベイスターズ,広島東洋カープ,6.0,5.0,UNKNOWN,横浜スタジアム,unknown,low,False,False,1600123,1600081,[],[],,,,,0,light,2022-08-03T08:45:00+00:00,,UNKNOWN,,,,UNKNOWN,UNKNOWN,,UNKNOWN,,6.75,1.75,0.0,2.25,0.0,3.95,4.0,3.0,6.0,0.0,1.0,0.0,,,,3.0,1.0,3.0,1.5,1.5,5.2,6.0,2.0,5.0,1.0,1.0,2.0,,,,True,True,UNKNOWN,False,False
2021006029,2022-08-03 18:00:00,読売ジャイアンツ,阪神タイガース,1.0,2.0,UNKNOWN,東京ドーム,unknown,low,False,False,2000052,1800028,[],[],,,,,0,light,2022-08-03T09:00:00+00:00,,UNKNOWN,,,,UNKNOWN,UNKNOWN,,UNKNOWN,,1.5,0.8333333333333334,7.5,1.5,1.5,4.2,6.0,1.0,4.0,1.0,1.0,5.0,,,,2.25,0.75,6.75,2.25,1.125,4.075,8.0,2.0,4.0,1.0,2.0,6.0,,,,True,True,UNKNOWN,False,False
2021006030,2022-08-03 18:00:00,東京ヤクルトスワローズ,中日ドラゴンズ,9.0,7.0,UNKNOWN,明治神宮野球場,allstar,high,False,True,1600109,2000139,[],[],,,,,0,light,2022-08-03T09:00:00+00:00,,UNKNOWN,,,,UNKNOWN,UNKNOWN,,UNKNOWN,,27.0,5.0,0.0,18.0,9.0,22.2,1.0,3.0,3.0,1.0,2.0,0.0,,,,7.2,2.4,5.4,1.8,1.8,5.2,5.0,4.0,11.0,1.0,1.0,3.0,,,,True,True,UNKNOWN,False,False
2021006032,2022-08-03 18:00:00,北海道日本ハムファイターズ,福岡ソフトバンクホークス,5.0,1.0,UNKNOWN,札幌ドーム,unknown,low,False,False,1200106,1500109,[],[],,,,,0,light,2022-08-03T09:00:00+00:00,,UNKNOWN,,,,UNKNOWN,UNKNOWN,,UNKNOWN,,3.857142857142857,0.42857142857142855,6.428571428571429,0.0,2.5714285714285716,5.485714285714286,7.0,3.0,3.0,2.0,0.0,5.0,,,,0.0,0.5,5.625,1.125,0.0,2.325,8.0,0.0,3.0,0.0,1.0,5.0,,,,True,True,UNKNOWN,False,False
2021006034,2022-08-03 18:00:00,埼玉西武ライオンズ,オリックス・バファローズ,3.0,1.0,UNKNOWN,ベルーナドーム,unknown,low,False,False,1900087,1600131,[],[],,,,,0,light,2022-08-03T09:00:00+00:00,,UNKNOWN,,,,UNKNOWN,UNKNOWN,,UNKNOWN,,4.05,1.3499999999999999,4.05,4.05,2.6999999999999997,7.55,6.666666666666667,3.0,6.0,2.0,3.0,3.0,,,,1.5,0.8333333333333334,7.5,3.0,1.5,4.7,6.0,1.0,3.0,1.0,2.0,5.0,,,,True,True,UNKNOWN,False,False
2021006033,2022-08-03 18:00:00,東北楽天ゴールデンイーグルス,千葉ロッテマリーンズ,5.0,4.0,UNKNOWN,楽天生命パーク宮城,unknown,low,False,False,1900080,900090,[],[],,,,,0,light,2022-08-03T09:00:00+00:00,,UNKNOWN,,,,UNKNOWN,UNKNOWN,,UNKNOWN,,8.4375,1.5,8.4375,0.0,0.0,1.3250000000000002,5.333333333333333,5.0,8.0,0.0,0.0,5.0,,,,5.4,1.6,3.6,0.0,0.0,2.4000000000000004,5.0,3.0,8.0,0.0,0.0,2.0,,,,True,True,UNKNOWN,False,False
2021006035,2022-08-04 18:00:00,読売ジャイアンツ,阪神タイガース,7.0,0.0,UNKNOWN,東京ドーム,unknown,low,False,False,1561881,2000006,[],[],,,,,0,light,2022-08-04T09:00:00+00:00,,UNKNOWN,,,,UNKNOWN,UNKNOWN,,UNKNOWN,,45.0,6.0,0.0,9.0,0.0,6.2,1.0,5.0,5.0,0.0,1.0,0.0,,,,0.0,0.375,5.625,0.0,0.0,1.9500000000000002,8.0,0.0,3.0,0.0,0.0,5.0,,,,True,True,UNKNOWN,False,False
2021006037,2022-08-04 17:45:00,横浜DeNAベイスターズ,広島東洋カープ,0.0,0.0,UNKNOWN,横浜スタジアム,unknown,low,False,False,1300058,1400110,[],[],,,,,0,light,2022-08-04T08:45:00+00:00,,UNKNOWN,,,,UNKNOWN,UNKNOWN,,UNKNOWN,,0.0,0.0,5.3999999999999995,0.0,0.0,2.0,3.3333333333333335,0.0,0.0,0.0,0.0,2.0,,,,0.0,0.75,9.0,0.0,0.0,1.2000000000000002,4.0,0.0,3.0,0.0,0.0,4.0,,,,True,True,UNKNOWN,False,False
2021006039,2022-08-04 18:00:00,埼玉西武ライオンズ,オリックス・バファローズ,3.0,2.0,UNKNOWN,ベルーナドーム,unknown,low,False,False,1400195,1800080,[],[],,,,,0,light,2022-08-04T09:00:00+00:00,,UNKNOWN,,,,UNKNOWN,UNKNOWN,,UNKNOWN,,3.375,1.125,3.375,0.0,1.6875,4.8875,5.333333333333333,2.0,6.0,1.0,0.0,2.0,,,,2.5714285714285716,1.1428571428571428,9.0,1.2857142857142858,0.0,1.6285714285714288,7.0,2.0,7.0,0.0,1.0,7.0,,,,True,True,UNKNOWN,False,False
2021006038,2022-08-04 18:00:00,北海道日本ハムファイターズ,福岡ソフトバンクホークス,3.0,3.0,UNKNOWN,札幌ドーム,unknown,low,False,False,2100005,1300094,[],[],,,,,0,light,2022-08-04T09:00:00+00:00,,UNKNOWN,,,,UNKNOWN,UNKNOWN,,UNKNOWN,,5.4,1.4,7.2,7.2,1.8,6.6,5.0,3.0,3.0,1.0,4.0,4.0,,,,13.5,3.5,4.5,4.5,4.5,10.2,2.0,3.0,6.0,1.0,1.0,1.0,,,,True,True,UNKNOWN,False,False
2021007263,2022-08-04 18:00:00,東北楽天ゴールデンイーグルス,千葉ロッテマリーンズ,10.0,1.0,UNKNOWN,楽天生命パーク宮城,unknown,low,False,False,1900085,700065,[],[],,,,,0,light,2022-08-04T09:00:00+00:00,,UNKNOWN,,,,UNKNOWN,UNKNOWN,,UNKNOWN,,27.0,4.0,9.0,9.0,12.0,21.53333333333333,3.0,9.0,9.0,4.0,3.0,3.0,,,,1.2857142857142858,0.5714285714285714,5.142857142857143,1.2857142857142858,0.0,2.4857142857142858,7.0,1.0,3.0,0.0,1.0,4.0,,,,True,True,UNKNOWN,False,False
2021006040,2022-08-05 18:00:00,東京ヤクルトスワローズ,読売ジャイアンツ,5.0,9.0,UNKNOWN,明治神宮野球場,unknown,low,False,False,1900016,1200076,[],[],,,,,0,light,2022-08-05T09:00:00+00:00,,UNKNOWN,,,,UNKNOWN,UNKNOWN,,UNKNOWN,,1.2857142857142858,0.5714285714285714,7.714285714285714,2.5714285714285716,1.2857142857142858,4.2,7.0,1.0,2.0,1.0,2.0,6.0,,,,5.0625,1.875,6.75,6.75,3.375,8.825,5.333333333333333,3.0,6.0,2.0,4.0,4.0,,,,True,True,UNKNOWN,False,False
2021006042,2022-08-05 18:00:00,広島東洋カープ,阪神タイガース,2.0,3.0,UNKNOWN,MAZDA Zoom-Zoom スタジアム広島,unknown,low,False,False,900062,1300057,[],[],,,,,0,light,2022-08-05T09:00:00+00:00,,UNKNOWN,,,,UNKNOWN,UNKNOWN,,UNKNOWN,,3.375,1.125,1.6875,0.0,0.0,2.825,5.333333333333333,2.0,6.0,0.0,0.0,1.0,,,,5.4,1.2,1.8,3.6,1.8,6.6,5.0,3.0,4.0,1.0,2.0,1.0,,,,True,True,UNKNOWN,False,False
2021006043,2022-08-05 18:00:00,埼玉西武ライオンズ,千葉ロッテマリーンズ,4.0,3.0,UNKNOWN,ベルーナドーム,unknown,low,False,False,1300050,1600127,[],[],,,,,0,light,2022-08-05T09:00:00+00:00,,UNKNOWN,,,,UNKNOWN,UNKNOWN,,UNKNOWN,,2.5714285714285716,0.8571428571428571,3.857142857142857,0.0,1.2857142857142858,4.2,7.0,2.0,6.0,1.0,0.0,3.0,,,,5.4,2.2,9.0,10.8,1.8,7.4,5.0,3.0,5.0,1.0,6.0,5.0,,,,True,True,UNKNOWN,False,False
2021006041,2022-08-05 18:00:00,中日ドラゴンズ,横浜DeNAベイスターズ,2.0,4.0,UNKNOWN,バンテリンドーム ナゴヤ,unknown,low,False,False,1800045,1000138,[],[],,,,,0,light,2022-08-05T09:00:00+00:00,,UNKNOWN,,,,UNKNOWN,UNKNOWN,,UNKNOWN,,3.0,1.0,4.5,1.5,0.0,2.7,6.0,2.0,5.0,0.0,1.0,3.0,,,,6.0,1.3333333333333333,6.0,1.5,0.0,2.3666666666666667,6.0,4.0,7.0,0.0,1.0,4.0,,,,True,True,UNKNOWN,False,False
2021006044,2022-08-05 18:00:00,オリックス・バファローズ,北海道日本ハムファイターズ,5.0,2.0,UNKNOWN,京セラドーム大阪,unknown,low,False,False,1961850,1500088,[],[],,,,,0,light,2022-08-05T09:00:00+00:00,,UNKNOWN,,,,UNKNOWN,UNKNOWN,,UNKNOWN,,7.5,1.8333333333333333,9.0,1.5,3.0,6.033333333333333,6.0,5.0,10.0,2.0,1.0,6.0,,,,3.0,1.0,7.5,0.0,0.0,1.5333333333333334,6.0,2.0,6.0,0.0,0.0,5.0,,,,True,True,UNKNOWN,False,False
2021006045,2022-08-05 18:00:00,福岡ソフトバンクホークス,東北楽天ゴールデンイーグルス,7.0,3.0,UNKNOWN,福岡PayPayドーム,unknown,low,False,False,1900117,1800107,[],[],,,,,0,light,2022-08-05T09:00:00+00:00,,UNKNOWN,,,,UNKNOWN,UNKNOWN,,UNKNOWN,,11.25,3.0,4.5,6.75,4.5,10.95,4.0,5.0,9.0,2.0,3.0,2.0,,,,2.076923076923077,2.076923076923077,10.384615384615385,6.230769230769231,2.076923076923077,5.969230769230769,4.333333333333333,1.0,6.0,1.0,3.0,5.0,,,,True,True,UNKNOWN,False,False
2021006047,2022-08-06 14:00:00,中日ドラゴンズ,横浜DeNAベイスターズ,0.0,1.0,UNKNOWN,バンテリンドーム ナゴヤ,unknown,low,False,False,1900031,1500074,[],[],,,,,0,light,2022-08-06T05:00:00+00:00,,UNKNOWN,,,,UNKNOWN,UNKNOWN,,UNKNOWN,,0.0,1.0,9.0,3.6,0.0,2.4000000000000004,5.0,0.0,3.0,0.0,2.0,5.0,,,,0.0,0.5,7.875,0.0,0.0,1.4500000000000002,8.0,0.0,4.0,0.0,0.0,7.0,,,,True,True,UNKNOWN,False,False
2021006050,2022-08-06 14:00:00,オリックス・バファローズ,北海道日本ハムファイターズ,3.0,1.0,UNKNOWN,京セラドーム大阪,unknown,low,False,False,1700027,1700118,[],[],,,,,0,light,2022-08-06T05:00:00+00:00,,UNKNOWN,,,,UNKNOWN,UNKNOWN,,UNKNOWN,,6.75,1.875,0.0,3.375,3.375,9.2,2.6666666666666665,2.0,4.0,1.0,1.0,0.0,,,,1.6875,1.3125,3.375,3.375,0.0,3.575,5.333333333333333,1.0,5.0,0.0,2.0,2.0,,,,True,True,UNKNOWN,False,False
2021006051,2022-08-06 14:00:00,福岡ソフトバンクホークス,東北楽天ゴールデンイーグルス,9.0,1.0,UNKNOWN,福岡PayPayドーム,unknown,low,False,False,700069,1100115,[],[],,,,,0,light,2022-08-06T05:00:00+00:00,,UNKNOWN,,,,UNKNOWN,UNKNOWN,,UNKNOWN,,6.0,1.8333333333333333,12.0,3.0,0.0,1.5333333333333334,6.0,4.0,9.0,0.0,2.0,8.0,,,,1.5,0.8333333333333334,12.0,3.0,0.0,1.5333333333333334,6.0,1.0,3.0,0.0,2.0,8.0,,,,True,True,UNKNOWN,False,False
2021006049,2022-08-06 17:00:00,埼玉西武ライオンズ,千葉ロッテマリーンズ,1.0,2.0,UNKNOWN,ベルーナドーム,excluded,high,False,False,1800052,1700125,[],[],,,,,0,light,2022-08-06T08:00:00+00:00,,UNKNOWN,,,,UNKNOWN,UNKNOWN,,UNKNOWN,,1.125,0.75,7.875,0.0,1.125,3.075,8.0,1.0,6.0,1.0,0.0,7.0,,,,0.0,0.42857142857142855,5.142857142857143,1.2857142857142858,0.0,2.4857142857142858,7.0,0.0,2.0,0.0,1.0,4.0,,,,True,True,UNKNOWN,False,False
2021006048,2022-08-06 18:00:00,広島東洋カープ,阪神タイガース,6.0,5.0,UNKNOWN,MAZDA Zoom-Zoom スタジアム広島,excluded,high,False,False,1200062,1860147,[],[],,,,,0,light,2022-08-06T09:00:00+00:00,,UNKNOWN,,,,UNKNOWN,UNKNOWN,,UNKNOWN,,2.8421052631578947,0.9473684210526316,9.947368421052632,1.4210526315789473,0.0,1.4631578947368422,6.333333333333333,2.0,5.0,0.0,1.0,7.0,,,,9.0,2.6666666666666665,6.0,3.0,0.0,2.8666666666666667,3.0,3.0,7.0,0.0,1.0,2.0,,,,True,True,UNKNOWN,False,False
2021006056,2022-08-07 13:00:00,オリックス・バファローズ,北海道日本ハムファイターズ,3.0,5.0,UNKNOWN,京セラドーム大阪,excluded,high,False,False,2000083,1000024,[],[],,,,,0,light,2022-08-07T04:00:00+00:00,,UNKNOWN,,,,UNKNOWN,UNKNOWN,,UNKNOWN,,1.3499999999999999,1.2,8.1,4.05,1.3499999999999999,4.7,6.666666666666667,1.0,5.0,1.0,3.0,6.0,,,,5.4,1.6,7.2,0.0,0.0,1.6,5.0,3.0,8.0,0.0,0.0,4.0,,,,True,True,UNKNOWN,False,False
2021006046,2022-08-06 18:00:00,東京ヤクルトスワローズ,読売ジャイアンツ,2.0,3.0,UNKNOWN,明治神宮野球場,unknown,low,False,False,1800025,1500139,[],[],,,,,0,light,2022-08-06T09:00:00+00:00,,UNKNOWN,,,,UNKNOWN,UNKNOWN,,UNKNOWN,,4.5,0.5,11.25,2.25,0.0,1.4500000000000002,4.0,2.0,1.0,0.0,1.0,5.0,,,,3.0,1.5,9.0,3.0,1.5,4.366666666666667,6.0,2.0,7.0,1.0,2.0,6.0,,,,True,True,UNKNOWN,False,False
2021006057,2022-08-07 13:00:00,福岡ソフトバンクホークス,東北楽天ゴールデンイーグルス,2.0,7.0,UNKNOWN,福岡PayPayドーム,unknown,low,False,False,2000123,20204,[],[],,,,,0,light,2022-08-07T04:00:00+00:00,,UNKNOWN,,,,UNKNOWN,UNKNOWN,,UNKNOWN,,0.0,1.5,9.0,9.0,0.0,4.2,4.0,0.0,2.0,0.0,4.0,4.0,,,,5.4,1.6,9.0,1.8,0.0,1.8000000000000003,5.0,3.0,7.0,0.0,1.0,5.0,,,,True,True,UNKNOWN,False,False
2021006053,2022-08-07 14:00:00,中日ドラゴンズ,横浜DeNAベイスターズ,5.0,0.0,UNKNOWN,バンテリンドーム ナゴヤ,unknown,low,False,False,2000145,2000042,[],[],,,,,0,light,2022-08-07T05:00:00+00:00,,UNKNOWN,,,,UNKNOWN,UNKNOWN,,UNKNOWN,,1.5,0.6666666666666666,1.5,1.5,0.0,3.3666666666666667,6.0,1.0,3.0,0.0,1.0,1.0,,,,0.0,1.4210526315789473,9.947368421052632,5.684210526315789,0.0,2.8842105263157896,6.333333333333333,0.0,5.0,0.0,4.0,7.0,,,,True,True,UNKNOWN,False,False
2021006055,2022-08-07 17:00:00,埼玉西武ライオンズ,千葉ロッテマリーンズ,10.0,4.0,UNKNOWN,ベルーナドーム,excluded,high,False,False,1700099,1961288,[],[],,,,,0,light,2022-08-07T08:00:00+00:00,,UNKNOWN,,,,UNKNOWN,UNKNOWN,,UNKNOWN,,15.75,2.75,2.25,6.75,2.25,8.2,4.0,7.0,8.0,1.0,3.0,1.0,,,,3.6,1.4,9.0,1.8,1.8,4.4,5.0,2.0,6.0,1.0,1.0,5.0,,,,True,True,UNKNOWN,False,False
2021006052,2022-08-07 18:00:00,東京ヤクルトスワローズ,読売ジャイアンツ,4.0,7.0,UNKNOWN,明治神宮野球場,unknown,low,False,False,1460009,1500040,[],[],,,,,0,light,2022-08-07T09:00:00+00:00,,UNKNOWN,,,,UNKNOWN,UNKNOWN,,UNKNOWN,,9.818181818181818,1.6363636363636365,9.818181818181818,7.363636363636364,2.4545454545454546,7.0181818181818185,3.6666666666666665,4.0,3.0,1.0,3.0,4.0,,,,3.6,1.2,9.0,3.6,3.6,7.6000000000000005,5.0,2.0,4.0,2.0,2.0,5.0,,,,True,True,UNKNOWN,False,False
2021006058,2022-08-09 18:00:00,横浜DeNAベイスターズ,阪神タイガース,3.0,2.0,UNKNOWN,横浜スタジアム,unknown,low,False,False,1500090,1500061,[],[],,,,,0,light,2022-08-09T09:00:00+00:00,,UNKNOWN,,,,UNKNOWN,UNKNOWN,,UNKNOWN,,1.5,1.3333333333333333,3.0,4.5,0.0,4.033333333333333,6.0,1.0,5.0,0.0,3.0,2.0,,,,2.0,0.4444444444444444,5.0,0.0,0.0,2.088888888888889,9.0,2.0,4.0,0.0,0.0,5.0,,,,True,True,UNKNOWN,False,False
2021006054,2022-08-07 18:00:00,広島東洋カープ,阪神タイガース,5.0,7.0,UNKNOWN,MAZDA Zoom-Zoom スタジアム広島,excluded,high,False,False,1900147,1700072,[],[],,,,,0,light,2022-08-07T09:00:00+00:00,,UNKNOWN,,,,UNKNOWN,UNKNOWN,,UNKNOWN,,11.25,2.5,4.5,0.0,4.5,8.7,4.0,5.0,10.0,2.0,0.0,2.0,,,,9.642857142857142,2.571428571428571,1.9285714285714284,1.9285714285714284,3.8571428571428568,8.985714285714286,4.666666666666667,5.0,11.0,2.0,1.0,1.0,,,,True,True,UNKNOWN,False,False
2021006061,2022-08-09 18:00:00,北海道日本ハムファイターズ,埼玉西武ライオンズ,5.0,3.0,UNKNOWN,札幌ドーム,unknown,low,False,False,1400182,2000079,[],[],,,,,0,light,2022-08-09T09:00:00+00:00,,UNKNOWN,,,,UNKNOWN,UNKNOWN,,UNKNOWN,,1.125,0.875,4.5,1.125,0.0,2.575,8.0,1.0,6.0,0.0,1.0,4.0,,,,3.1153846153846154,0.8076923076923077,6.230769230769231,2.076923076923077,1.0384615384615385,4.007692307692308,8.666666666666666,3.0,5.0,1.0,2.0,6.0,,,,True,True,UNKNOWN,False,False
2021006060,2022-08-09 18:00:00,広島東洋カープ,東京ヤクルトスワローズ,2.0,0.0,UNKNOWN,MAZDA Zoom-Zoom スタジアム広島,unknown,low,False,False,1300045,1900052,[],[],,,,,0,light,2022-08-09T09:00:00+00:00,,UNKNOWN,,,,UNKNOWN,UNKNOWN,,UNKNOWN,,1.5,0.8333333333333334,6.0,1.5,0.0,2.3666666666666667,6.0,1.0,4.0,0.0,1.0,4.0,,,,0.0,0.5555555555555556,6.0,0.0,0.0,1.866666666666667,9.0,0.0,5.0,0.0,0.0,6.0,,,,True,True,UNKNOWN,False,False
2021006059,2022-08-09 18:00:00,中日ドラゴンズ,読売ジャイアンツ,3.0,2.0,UNKNOWN,バンテリンドーム ナゴヤ,unknown,low,False,False,1700002,1600106,[],[],,,,,0,light,2022-08-09T09:00:00+00:00,,UNKNOWN,,,,UNKNOWN,UNKNOWN,,UNKNOWN,,6.230769230769231,2.307692307692308,8.307692307692308,0.0,0.0,1.353846153846154,4.333333333333333,3.0,10.0,0.0,0.0,4.0,,,,3.0,1.3333333333333333,4.5,1.5,0.0,2.7,6.0,2.0,7.0,0.0,1.0,3.0,,,,True,True,UNKNOWN,False,False
2021006064,2022-08-10 18:00:00,横浜DeNAベイスターズ,阪神タイガース,3.0,0.0,UNKNOWN,横浜スタジアム,unknown,low,False,False,2000052,1600081,[],[],,,,,0,light,2022-08-10T09:00:00+00:00,,UNKNOWN,,,,UNKNOWN,UNKNOWN,,UNKNOWN,,0.0,1.125,3.375,1.125,0.0,2.825,8.0,0.0,8.0,0.0,1.0,3.0,,,,0.0,0.5,9.0,1.125,0.0,1.5750000000000002,8.0,0.0,3.0,0.0,1.0,8.0,,,,True,True,UNKNOWN,False,False
2021006062,2022-08-09 18:00:00,千葉ロッテマリーンズ,福岡ソフトバンクホークス,0.0,3.0,UNKNOWN,ZOZOマリンスタジアム,unknown,low,False,False,1300080,1800130,[],[],,,,,0,light,2022-08-09T09:00:00+00:00,,UNKNOWN,,,,UNKNOWN,UNKNOWN,,UNKNOWN,,0.0,0.375,10.125,0.0,0.0,0.9500000000000002,8.0,0.0,3.0,0.0,0.0,9.0,,,,4.5,1.5,15.0,1.5,0.0,0.3666666666666667,6.0,3.0,8.0,0.0,1.0,10.0,,,,True,True,UNKNOWN,False,False
2021006063,2022-08-09 18:00:00,オリックス・バファローズ,東北楽天ゴールデンイーグルス,5.0,1.0,UNKNOWN,京セラドーム大阪,unknown,low,False,False,1200117,1700109,[],[],,,,,0,light,2022-08-09T09:00:00+00:00,,UNKNOWN,,,,UNKNOWN,UNKNOWN,,UNKNOWN,,3.6,1.8,12.6,5.4,0.0,2.2,5.0,2.0,6.0,0.0,3.0,7.0,,,,1.2857142857142858,0.8571428571428571,7.714285714285714,1.2857142857142858,0.0,1.9142857142857144,7.0,1.0,5.0,0.0,1.0,6.0,,,,True,True,UNKNOWN,False,False
2021006065,2022-08-10 18:00:00,中日ドラゴンズ,読売ジャイアンツ,1.0,2.0,UNKNOWN,バンテリンドーム ナゴヤ,unknown,low,False,False,1800028,2000049,[],[],,,,,0,light,2022-08-10T09:00:00+00:00,,UNKNOWN,,,,UNKNOWN,UNKNOWN,,UNKNOWN,,1.125,0.875,13.5,2.25,0.0,0.9500000000000002,8.0,1.0,5.0,0.0,2.0,12.0,,,,1.2857142857142858,0.8571428571428571,5.142857142857143,1.2857142857142858,0.0,2.4857142857142858,7.0,1.0,5.0,0.0,1.0,4.0,,,,True,True,UNKNOWN,False,False
2021006066,2022-08-10 18:00:00,広島東洋カープ,東京ヤクルトスワローズ,4.0,1.0,UNKNOWN,MAZDA Zoom-Zoom スタジアム広島,unknown,low,False,False,1600075,1300058,[],[],,,,,0,light,2022-08-10T09:00:00+00:00,,UNKNOWN,,,,UNKNOWN,UNKNOWN,,UNKNOWN,,9.0,2.0,3.0,0.0,0.0,2.5333333333333337,3.0,3.0,6.0,0.0,0.0,1.0,,,,0.0,1.3333333333333333,12.0,4.5,0.0,2.033333333333333,6.0,0.0,5.0,0.0,3.0,8.0,,,,True,True,UNKNOWN,False,False
2021006067,2022-08-10 18:00:00,北海道日本ハムファイターズ,埼玉西武ライオンズ,2.0,2.0,UNKNOWN,札幌ドーム,unknown,low,False,False,1600131,1500109,[],[],,,,,0,light,2022-08-10T09:00:00+00:00,,UNKNOWN,,,,UNKNOWN,UNKNOWN,,UNKNOWN,,1.8,0.8,7.2,0.0,0.0,1.6,5.0,1.0,4.0,0.0,0.0,4.0,,,,2.5714285714285716,1.2857142857142858,6.428571428571429,3.857142857142857,1.2857142857142858,4.914285714285715,7.0,2.0,6.0,1.0,3.0,5.0,,,,True,True,UNKNOWN,False,False
2021006068,2022-08-10 18:00:00,千葉ロッテマリーンズ,福岡ソフトバンクホークス,3.0,4.0,UNKNOWN,ZOZOマリンスタジアム,allstar,high,False,True,1200106,1900080,[],[],,,,,0,light,2022-08-10T09:00:00+00:00,,UNKNOWN,,,,UNKNOWN,UNKNOWN,,UNKNOWN,,1.2857142857142858,0.8571428571428571,7.714285714285714,2.5714285714285716,0.0,2.342857142857143,7.0,1.0,4.0,0.0,2.0,6.0,,,,3.0,0.8333333333333334,15.0,0.0,1.5,2.033333333333333,6.0,2.0,5.0,1.0,0.0,10.0,,,,True,True,UNKNOWN,False,False
2021006069,2022-08-10 18:00:00,オリックス・バファローズ,東北楽天ゴールデンイーグルス,1.0,2.0,UNKNOWN,京セラドーム大阪,unknown,low,False,False,900090,1600153,[],[],,,,,0,light,2022-08-10T09:00:00+00:00,,UNKNOWN,,,,UNKNOWN,UNKNOWN,,UNKNOWN,,1.8,1.0,10.8,1.8,0.0,1.4000000000000001,5.0,1.0,4.0,0.0,1.0,6.0,,,,0.0,0.625,12.375,0.0,0.0,0.4500000000000002,8.0,0.0,5.0,0.0,0.0,11.0,,,,True,True,UNKNOWN,False,False
2021006071,2022-08-11 14:00:00,中日ドラゴンズ,読売ジャイアンツ,1.0,6.0,UNKNOWN,バンテリンドーム ナゴヤ,unknown,low,False,False,2000006,1200098,[],[],,,,,0,light,2022-08-11T05:00:00+00:00,,UNKNOWN,,,,UNKNOWN,UNKNOWN,,UNKNOWN,,1.5,1.0,3.0,3.0,0.0,3.5333333333333337,6.0,1.0,4.0,0.0,2.0,2.0,,,,7.941176470588235,1.9411764705882353,6.352941176470588,6.352941176470588,0.0,3.905882352941177,5.666666666666667,5.0,7.0,0.0,4.0,4.0,,,,True,True,UNKNOWN,False,False
2021006075,2022-08-11 14:00:00,オリックス・バファローズ,東北楽天ゴールデンイーグルス,6.0,1.0,UNKNOWN,京セラドーム大阪,excluded,high,False,False,1800120,1900087,[],[],,,,,0,light,2022-08-11T05:00:00+00:00,,UNKNOWN,,,,UNKNOWN,UNKNOWN,,UNKNOWN,,10.384615384615385,2.076923076923077,2.076923076923077,0.0,4.153846153846154,8.73846153846154,4.333333333333333,5.0,9.0,2.0,0.0,1.0,,,,1.125,0.25,6.75,0.0,1.125,3.325,8.0,1.0,2.0,1.0,0.0,6.0,,,,True,True,UNKNOWN,False,False
2021006073,2022-08-11 14:00:00,北海道日本ハムファイターズ,埼玉西武ライオンズ,3.0,2.0,UNKNOWN,札幌ドーム,unknown,low,False,False,1800080,1900073,[],[],,,,,0,light,2022-08-11T05:00:00+00:00,,UNKNOWN,,,,UNKNOWN,UNKNOWN,,UNKNOWN,,2.793103448275862,0.7241379310344828,6.517241379310345,1.8620689655172415,0.9310344827586208,3.717241379310345,9.666666666666666,3.0,5.0,1.0,2.0,7.0,,,,2.8421052631578947,1.4210526315789473,7.105263157894737,1.4210526315789473,0.0,2.094736842105263,6.333333333333333,2.0,8.0,0.0,1.0,5.0,,,,True,True,UNKNOWN,False,False
2021006074,2022-08-11 17:00:00,千葉ロッテマリーンズ,福岡ソフトバンクホークス,3.0,4.0,UNKNOWN,ZOZOマリンスタジアム,excluded,high,False,False,2100005,1600146,[],[],,,,,0,light,2022-08-11T08:00:00+00:00,,UNKNOWN,,,,UNKNOWN,UNKNOWN,,UNKNOWN,,6.230769230769231,1.8461538461538463,8.307692307692308,4.153846153846154,2.076923076923077,5.738461538461539,4.333333333333333,3.0,6.0,1.0,2.0,4.0,,,,9.0,3.0,6.0,12.0,3.0,10.2,3.0,3.0,5.0,1.0,4.0,2.0,,,,True,True,UNKNOWN,False,False
2021006072,2022-08-11 18:00:00,広島東洋カープ,東京ヤクルトスワローズ,6.0,3.0,UNKNOWN,MAZDA Zoom-Zoom スタジアム広島,unknown,low,False,False,2000139,1100081,[],[],,,,,0,light,2022-08-11T09:00:00+00:00,,UNKNOWN,,,,UNKNOWN,UNKNOWN,,UNKNOWN,,6.352941176470588,1.588235294117647,6.352941176470588,1.588235294117647,1.588235294117647,4.6117647058823525,5.666666666666667,4.0,8.0,1.0,1.0,4.0,,,,0.0,1.0,3.6,0.0,0.0,2.4000000000000004,5.0,0.0,5.0,0.0,0.0,2.0,,,,True,True,UNKNOWN,False,False
2021006070,2022-08-11 17:00:00,横浜DeNAベイスターズ,阪神タイガース,4.0,1.0,UNKNOWN,横浜スタジアム,unknown,low,False,False,1600115,1400110,[],[],,,,,0,light,2022-08-11T08:00:00+00:00,,UNKNOWN,,,,UNKNOWN,UNKNOWN,,UNKNOWN,,4.05,1.2,4.05,0.0,2.6999999999999997,6.2,6.666666666666667,3.0,8.0,2.0,0.0,3.0,,,,1.2857142857142858,0.7142857142857143,10.285714285714286,1.2857142857142858,0.0,1.342857142857143,7.0,1.0,4.0,0.0,1.0,8.0,,,,True,True,UNKNOWN,False,False
2021006076,2022-08-12 18:00:00,読売ジャイアンツ,広島東洋カープ,5.0,6.0,UNKNOWN,東京ドーム,unknown,low,False,False,1300057,1900016,[],[],,,,,0,light,2022-08-12T09:00:00+00:00,,UNKNOWN,,,,UNKNOWN,UNKNOWN,,UNKNOWN,,15.0,2.0,9.0,3.0,6.0,10.866666666666667,3.0,5.0,5.0,2.0,1.0,3.0,,,,8.307692307692308,2.307692307692308,0.0,8.307692307692308,0.0,5.969230769230769,4.333333333333333,4.0,6.0,0.0,4.0,0.0,,,,True,True,UNKNOWN,False,False
2021006077,2022-08-12 18:00:00,東京ヤクルトスワローズ,横浜DeNAベイスターズ,3.0,4.0,UNKNOWN,明治神宮野球場,unknown,low,False,False,1800045,1200076,[],[],,,,,0,light,2022-08-12T09:00:00+00:00,,UNKNOWN,,,,UNKNOWN,UNKNOWN,,UNKNOWN,,3.0,1.0,9.0,3.0,3.0,6.533333333333333,6.0,2.0,4.0,2.0,2.0,6.0,,,,6.0,1.5,6.0,1.5,1.5,4.533333333333333,6.0,4.0,8.0,1.0,1.0,4.0,,,,True,True,UNKNOWN,False,False
2021006078,2022-08-12 18:00:00,阪神タイガース,中日ドラゴンズ,0.0,4.0,UNKNOWN,京セラドーム大阪,unknown,low,False,False,1000138,900062,[],[],,,,,0,light,2022-08-12T09:00:00+00:00,,UNKNOWN,,,,UNKNOWN,UNKNOWN,,UNKNOWN,,0.0,0.6666666666666666,3.0,2.0,0.0,3.2,9.0,0.0,4.0,0.0,2.0,3.0,,,,3.375,1.25,6.75,3.375,1.125,4.45,8.0,3.0,7.0,1.0,3.0,6.0,,,,True,True,UNKNOWN,False,False
2021006079,2022-08-12 18:00:00,東北楽天ゴールデンイーグルス,埼玉西武ライオンズ,1.0,5.0,UNKNOWN,楽天生命パーク宮城,unknown,low,False,False,1600127,700065,[],[],,,,,0,light,2022-08-12T09:00:00+00:00,,UNKNOWN,,,,UNKNOWN,UNKNOWN,,UNKNOWN,,0.0,0.6,12.149999999999999,2.6999999999999997,0.0,1.4000000000000004,6.666666666666667,0.0,2.0,0.0,2.0,9.0,,,,7.105263157894737,1.5789473684210527,9.947368421052632,0.0,2.8421052631578947,5.094736842105263,6.333333333333333,5.0,10.0,2.0,0.0,7.0,,,,True,True,UNKNOWN,False,False
2021006081,2022-08-12 18:00:00,福岡ソフトバンクホークス,オリックス・バファローズ,3.0,6.0,UNKNOWN,福岡PayPayドーム,unknown,low,False,False,1500088,1800107,[],[],,,,,0,light,2022-08-12T09:00:00+00:00,,UNKNOWN,,,,UNKNOWN,UNKNOWN,,UNKNOWN,,5.4,1.2,9.0,1.8,0.0,1.8000000000000003,5.0,3.0,5.0,0.0,1.0,5.0,,,,6.230769230769231,2.076923076923077,2.076923076923077,12.461538461538462,4.153846153846154,12.892307692307693,4.333333333333333,3.0,3.0,2.0,6.0,1.0,,,,True,True,UNKNOWN,False,False
2021006082,2022-08-13 14:00:00,読売ジャイアンツ,広島東洋カープ,4.0,1.0,UNKNOWN,東京ドーム,unknown,low,False,False,1700072,1800025,[],[],,,,,0,light,2022-08-13T05:00:00+00:00,,UNKNOWN,,,,UNKNOWN,UNKNOWN,,UNKNOWN,,6.75,1.5,9.0,2.25,4.5,8.45,4.0,3.0,5.0,2.0,1.0,4.0,,,,0.0,0.6666666666666666,9.0,1.5,0.0,1.7000000000000002,6.0,0.0,3.0,0.0,1.0,6.0,,,,True,True,UNKNOWN,False,False
2021006087,2022-08-13 14:00:00,福岡ソフトバンクホークス,オリックス・バファローズ,5.0,4.0,UNKNOWN,福岡PayPayドーム,unknown,low,False,False,1400195,1100115,[],[],,,,,0,light,2022-08-13T05:00:00+00:00,,UNKNOWN,,,,UNKNOWN,UNKNOWN,,UNKNOWN,,1.8,1.6,5.4,0.0,0.0,2.0,5.0,1.0,8.0,0.0,0.0,3.0,,,,1.588235294117647,1.4117647058823528,7.941176470588235,7.941176470588235,0.0,4.08235294117647,5.666666666666667,1.0,3.0,0.0,5.0,5.0,,,,True,True,UNKNOWN,False,False
2021006084,2022-08-13 18:00:00,阪神タイガース,中日ドラゴンズ,0.0,2.0,UNKNOWN,京セラドーム大阪,unknown,low,False,False,1500074,1200062,[],[],,,,,0,light,2022-08-13T09:00:00+00:00,,UNKNOWN,,,,UNKNOWN,UNKNOWN,,UNKNOWN,,0.0,0.8571428571428571,14.142857142857142,2.5714285714285716,0.0,0.9142857142857146,7.0,0.0,4.0,0.0,2.0,11.0,,,,1.2857142857142858,0.5714285714285714,12.857142857142858,0.0,0.0,0.34285714285714297,7.0,1.0,4.0,0.0,0.0,10.0,,,,True,True,UNKNOWN,False,False
2021006080,2022-08-12 18:00:00,千葉ロッテマリーンズ,北海道日本ハムファイターズ,3.0,2.0,UNKNOWN,ZOZOマリンスタジアム,unknown,low,False,False,1961850,1300050,[],[],,,,,0,light,2022-08-12T09:00:00+00:00,,UNKNOWN,,,,UNKNOWN,UNKNOWN,,UNKNOWN,,4.5,1.75,9.0,6.75,2.25,6.7,4.0,2.0,4.0,1.0,3.0,4.0,,,,1.3499999999999999,0.8999999999999999,10.799999999999999,1.3499999999999999,1.3499999999999999,3.2,6.666666666666667,1.0,5.0,1.0,1.0,8.0,,,,True,True,UNKNOWN,False,False
2021006093,2022-08-14 13:00:00,福岡ソフトバンクホークス,オリックス・バファローズ,2.0,10.0,UNKNOWN,福岡PayPayドーム,unknown,low,False,False,1560732,20204,[],[],,,,,0,light,2022-08-14T04:00:00+00:00,,UNKNOWN,,,,UNKNOWN,UNKNOWN,,UNKNOWN,,0.0,0.8,9.0,3.6,0.0,2.4000000000000004,5.0,0.0,2.0,0.0,2.0,5.0,,,,16.2,2.6999999999999997,8.1,0.0,0.0,1.4000000000000004,3.3333333333333335,6.0,9.0,0.0,0.0,3.0,,,,True,True,UNKNOWN,False,False
2021006088,2022-08-14 14:00:00,読売ジャイアンツ,広島東洋カープ,3.0,2.0,UNKNOWN,東京ドーム,excluded,high,False,False,2000062,1460009,[],[],,,,,0,light,2022-08-14T05:00:00+00:00,,UNKNOWN,,,,UNKNOWN,UNKNOWN,,UNKNOWN,,4.5,1.25,11.25,2.25,2.25,4.7,4.0,2.0,4.0,1.0,1.0,5.0,,,,0.0,1.4,5.4,3.6,0.0,3.2,5.0,0.0,5.0,0.0,2.0,3.0,,,,True,True,UNKNOWN,False,False
2021006085,2022-08-13 18:00:00,東北楽天ゴールデンイーグルス,埼玉西武ライオンズ,4.0,6.0,UNKNOWN,楽天生命パーク宮城,unknown,low,False,False,1700125,700069,[],[],,,,,0,light,2022-08-13T09:00:00+00:00,,UNKNOWN,,,,UNKNOWN,UNKNOWN,,UNKNOWN,,4.5,0.8333333333333334,6.0,0.0,1.5,4.033333333333333,6.0,3.0,5.0,1.0,0.0,4.0,,,,7.5,2.0,9.0,1.5,1.5,3.8666666666666667,6.0,5.0,11.0,1.0,1.0,6.0,,,,True,True,UNKNOWN,False,False
2021006091,2022-08-14 17:00:00,東北楽天ゴールデンイーグルス,埼玉西武ライオンズ,4.0,3.0,UNKNOWN,楽天生命パーク宮城,unknown,low,False,False,1961288,1600092,[],[],,,,,0,light,2022-08-14T08:00:00+00:00,,UNKNOWN,,,,UNKNOWN,UNKNOWN,,UNKNOWN,,4.5,1.3333333333333333,4.5,1.5,3.0,7.033333333333333,6.0,3.0,7.0,2.0,1.0,3.0,,,,6.0,1.3333333333333333,6.0,3.0,0.0,2.8666666666666667,3.0,2.0,3.0,0.0,1.0,2.0,,,,True,True,UNKNOWN,False,False
2021006090,2022-08-14 18:00:00,阪神タイガース,中日ドラゴンズ,4.0,5.0,UNKNOWN,京セラドーム大阪,excluded,high,False,False,1900038,1900147,[],[],,,,,0,light,2022-08-14T09:00:00+00:00,,UNKNOWN,,,,UNKNOWN,UNKNOWN,,UNKNOWN,,7.2,1.6,5.4,1.8,1.8,5.2,5.0,4.0,7.0,1.0,1.0,3.0,,,,3.6,1.4,5.4,0.0,0.0,2.0,5.0,2.0,7.0,0.0,0.0,3.0,,,,True,True,UNKNOWN,False,False
2021006092,2022-08-14 17:00:00,千葉ロッテマリーンズ,北海道日本ハムファイターズ,3.0,8.0,UNKNOWN,ZOZOマリンスタジアム,unknown,low,False,False,1500110,1800052,[],[],,,,,0,light,2022-08-14T08:00:00+00:00,,UNKNOWN,,,,UNKNOWN,UNKNOWN,,UNKNOWN,,1.5,1.3333333333333333,7.5,0.0,1.5,3.7,6.0,1.0,8.0,1.0,0.0,5.0,,,,13.5,3.75,3.375,10.125,0.0,5.825,2.6666666666666665,4.0,7.0,0.0,3.0,1.0,,,,True,True,UNKNOWN,False,False
2021006089,2022-08-14 18:00:00,東京ヤクルトスワローズ,横浜DeNAベイスターズ,4.0,1.0,UNKNOWN,明治神宮野球場,unknown,low,False,False,1900031,1500139,[],[],,,,,0,light,2022-08-14T09:00:00+00:00,,UNKNOWN,,,,UNKNOWN,UNKNOWN,,UNKNOWN,,12.0,1.3333333333333333,3.0,6.0,6.0,13.2,3.0,4.0,2.0,2.0,2.0,1.0,,,,2.076923076923077,1.6153846153846154,8.307692307692308,6.230769230769231,0.0,3.430769230769231,4.333333333333333,1.0,4.0,0.0,3.0,4.0,,,,True,True,UNKNOWN,False,False
2021006094,2022-08-16 18:00:00,東京ヤクルトスワローズ,阪神タイガース,5.0,3.0,UNKNOWN,明治神宮野球場,unknown,low,False,False,1500090,1300045,[],[],,,,,0,light,2022-08-16T09:00:00+00:00,,UNKNOWN,,,,UNKNOWN,UNKNOWN,,UNKNOWN,,6.75,1.25,6.75,2.25,0.0,2.45,4.0,3.0,4.0,0.0,1.0,3.0,,,,1.5,0.8333333333333334,13.5,3.0,1.5,3.3666666666666667,6.0,1.0,3.0,1.0,2.0,9.0,,,,True,True,UNKNOWN,False,False
2021006097,2022-08-16 18:00:00,北海道日本ハムファイターズ,東北楽天ゴールデンイーグルス,1.0,2.0,UNKNOWN,札幌ドーム,unknown,low,False,False,1200117,2000083,[],[],,,,,0,light,2022-08-16T09:00:00+00:00,,UNKNOWN,,,,UNKNOWN,UNKNOWN,,UNKNOWN,,1.2857142857142858,0.8571428571428571,7.714285714285714,1.2857142857142858,1.2857142857142858,3.7714285714285714,7.0,1.0,5.0,1.0,1.0,6.0,,,,2.4545454545454546,0.8181818181818182,4.909090909090909,0.0,0.0,2.1090909090909093,7.333333333333333,2.0,6.0,0.0,0.0,4.0,,,,True,True,UNKNOWN,False,False
2021006098,2022-08-16 18:00:00,埼玉西武ライオンズ,福岡ソフトバンクホークス,2.0,0.0,UNKNOWN,ベルーナドーム,unknown,low,False,False,1300080,1400182,[],[],,,,,0,light,2022-08-16T09:00:00+00:00,,UNKNOWN,,,,UNKNOWN,UNKNOWN,,UNKNOWN,,2.3478260869565215,0.7826086956521738,4.695652173913043,1.1739130434782608,1.1739130434782608,4.243478260869566,7.666666666666667,2.0,5.0,1.0,1.0,4.0,,,,0.0,1.1666666666666667,9.0,3.0,0.0,2.2,6.0,0.0,5.0,0.0,2.0,6.0,,,,True,True,UNKNOWN,False,False
2021006095,2022-08-16 18:00:00,横浜DeNAベイスターズ,読売ジャイアンツ,3.0,1.0,UNKNOWN,横浜スタジアム,unknown,low,False,False,1200041,1500061,[],[],,,,,0,light,2022-08-16T09:00:00+00:00,,UNKNOWN,,,,UNKNOWN,UNKNOWN,,UNKNOWN,,4.5,1.0,1.5,0.0,1.5,5.033333333333333,6.0,3.0,6.0,1.0,0.0,1.0,,,,1.2857142857142858,1.1428571428571428,7.714285714285714,0.0,1.2857142857142858,3.342857142857143,7.0,1.0,8.0,1.0,0.0,6.0,,,,True,True,UNKNOWN,False,False
2021006096,2022-08-16 18:00:00,広島東洋カープ,中日ドラゴンズ,5.0,0.0,UNKNOWN,MAZDA Zoom-Zoom スタジアム広島,unknown,low,False,False,1600106,1900052,[],[],,,,,0,light,2022-08-16T09:00:00+00:00,,UNKNOWN,,,,UNKNOWN,UNKNOWN,,UNKNOWN,,7.5,1.5,7.5,0.0,4.5,8.033333333333333,6.0,5.0,9.0,3.0,0.0,5.0,,,,0.0,1.1111111111111112,9.0,1.0,0.0,1.5333333333333334,9.0,0.0,9.0,0.0,1.0,9.0,,,,True,True,UNKNOWN,False,False
2021006100,2022-08-17 18:00:00,東京ヤクルトスワローズ,阪神タイガース,4.0,2.0,UNKNOWN,明治神宮野球場,unknown,low,False,False,2000052,1500042,[],[],,,,,0,light,2022-08-17T09:00:00+00:00,,UNKNOWN,,,,UNKNOWN,UNKNOWN,,UNKNOWN,,4.5,0.75,13.5,1.125,2.25,3.825,8.0,4.0,5.0,2.0,1.0,12.0,,,,3.0,1.3333333333333333,7.5,4.5,1.5,5.2,6.0,2.0,5.0,1.0,3.0,5.0,,,,True,True,UNKNOWN,False,False
2021006099,2022-08-16 18:00:00,オリックス・バファローズ,千葉ロッテマリーンズ,0.0,4.0,UNKNOWN,ほっともっとフィールド神戸,unknown,low,False,False,1000155,1600150,[],[],,,,,0,light,2022-08-16T09:00:00+00:00,,UNKNOWN,,,,UNKNOWN,UNKNOWN,,UNKNOWN,,0.0,0.7894736842105263,4.2631578947368425,0.0,0.0,2.2526315789473683,6.333333333333333,0.0,5.0,0.0,0.0,3.0,,,,5.0625,1.6875,6.75,3.375,1.6875,5.2625,5.333333333333333,3.0,7.0,1.0,2.0,4.0,,,,True,True,UNKNOWN,False,False
2021006101,2022-08-17 18:00:00,横浜DeNAベイスターズ,読売ジャイアンツ,7.0,3.0,UNKNOWN,横浜スタジアム,unknown,low,False,False,1700002,1600081,[],[],,,,,0,light,2022-08-17T09:00:00+00:00,,UNKNOWN,,,,UNKNOWN,UNKNOWN,,UNKNOWN,,5.4,1.2,7.2,3.6,0.0,2.8000000000000003,5.0,3.0,4.0,0.0,2.0,4.0,,,,5.4,1.4,3.6,1.8,0.0,3.0,5.0,3.0,6.0,0.0,1.0,2.0,,,,True,True,UNKNOWN,False,False
2021006103,2022-08-17 18:00:00,北海道日本ハムファイターズ,東北楽天ゴールデンイーグルス,2.0,8.0,UNKNOWN,札幌ドーム,unknown,low,False,False,900090,1500109,[],[],,,,,0,light,2022-08-17T09:00:00+00:00,,UNKNOWN,,,,UNKNOWN,UNKNOWN,,UNKNOWN,,3.6,1.6,16.2,1.8,0.0,0.20000000000000018,5.0,2.0,7.0,0.0,1.0,9.0,,,,5.785714285714286,1.7142857142857142,5.785714285714286,1.9285714285714284,0.0,2.5571428571428574,4.666666666666667,3.0,7.0,0.0,1.0,3.0,,,,True,True,UNKNOWN,False,False
2021006104,2022-08-17 18:00:00,埼玉西武ライオンズ,福岡ソフトバンクホークス,3.0,5.0,UNKNOWN,ベルーナドーム,unknown,low,False,False,2100005,1600131,[],[],,,,,0,light,2022-08-17T09:00:00+00:00,,UNKNOWN,,,,UNKNOWN,UNKNOWN,,UNKNOWN,,5.4,1.6,3.6,5.4,0.0,4.2,5.0,3.0,5.0,0.0,3.0,2.0,,,,9.818181818181818,1.9090909090909092,0.0,4.909090909090909,0.0,4.836363636363637,3.6666666666666665,4.0,5.0,0.0,2.0,0.0,,,,True,True,UNKNOWN,False,False
2021006106,2022-08-18 18:00:00,東京ヤクルトスワローズ,阪神タイガース,2.0,10.0,UNKNOWN,明治神宮野球場,excluded,high,False,False,1900044,2000139,[],[],,,,,0,light,2022-08-18T09:00:00+00:00,,UNKNOWN,,,,UNKNOWN,UNKNOWN,,UNKNOWN,,3.6,1.2,7.2,0.0,0.0,1.6,5.0,2.0,6.0,0.0,0.0,4.0,,,,7.2,1.0,10.8,1.8,3.6,6.6,5.0,4.0,4.0,2.0,1.0,6.0,,,,True,True,UNKNOWN,False,False
2021006102,2022-08-17 18:00:00,広島東洋カープ,中日ドラゴンズ,1.0,0.0,UNKNOWN,MAZDA Zoom-Zoom スタジアム広島,unknown,low,False,False,2000042,1300058,[],[],,,,,0,light,2022-08-17T09:00:00+00:00,,UNKNOWN,,,,UNKNOWN,UNKNOWN,,UNKNOWN,,0.0,0.42857142857142855,12.857142857142858,1.2857142857142858,0.0,0.7714285714285718,7.0,0.0,2.0,0.0,1.0,10.0,,,,0.0,0.5555555555555556,5.0,1.0,0.0,2.4222222222222225,9.0,0.0,4.0,0.0,1.0,5.0,,,,True,True,UNKNOWN,False,False
2021006107,2022-08-18 18:00:00,横浜DeNAベイスターズ,読売ジャイアンツ,4.0,3.0,UNKNOWN,横浜スタジアム,unknown,low,False,False,1800028,2000145,[],[],,,,,0,light,2022-08-18T09:00:00+00:00,,UNKNOWN,,,,UNKNOWN,UNKNOWN,,UNKNOWN,,5.142857142857143,1.4285714285714286,6.428571428571429,2.5714285714285716,2.5714285714285716,6.342857142857143,7.0,4.0,8.0,2.0,2.0,5.0,,,,5.4,2.0,3.6,3.6,0.0,3.6,5.0,3.0,8.0,0.0,2.0,2.0,,,,True,True,UNKNOWN,False,False
2021006108,2022-08-18 18:00:00,広島東洋カープ,中日ドラゴンズ,1.0,6.0,UNKNOWN,MAZDA Zoom-Zoom スタジアム広島,unknown,low,False,False,1200098,1100081,[],[],,,,,0,light,2022-08-18T09:00:00+00:00,,UNKNOWN,,,,UNKNOWN,UNKNOWN,,UNKNOWN,,1.5,1.0,6.0,1.5,0.0,2.3666666666666667,6.0,1.0,5.0,0.0,1.0,4.0,,,,12.0,3.0,0.0,6.0,0.0,5.2,3.0,4.0,7.0,0.0,2.0,0.0,,,,True,True,UNKNOWN,False,False
2021006109,2022-08-18 18:00:00,北海道日本ハムファイターズ,東北楽天ゴールデンイーグルス,1.0,2.0,UNKNOWN,札幌ドーム,excluded,high,False,False,1100128,2000079,[],[],,,,,0,light,2022-08-18T09:00:00+00:00,,UNKNOWN,,,,UNKNOWN,UNKNOWN,,UNKNOWN,,0.0,1.4,3.6,3.6,0.0,3.6,5.0,0.0,5.0,0.0,2.0,2.0,,,,1.1739130434782608,1.0434782608695652,3.5217391304347823,4.695652173913043,0.0,3.982608695652174,7.666666666666667,1.0,4.0,0.0,4.0,3.0,,,,True,True,UNKNOWN,False,False
2021006110,2022-08-18 18:00:00,埼玉西武ライオンズ,福岡ソフトバンクホークス,8.0,5.0,UNKNOWN,ベルーナドーム,unknown,low,False,False,1200106,1800080,[],[],,,,,0,light,2022-08-18T09:00:00+00:00,,UNKNOWN,,,,UNKNOWN,UNKNOWN,,UNKNOWN,,10.5,2.0,1.5,4.5,1.5,6.533333333333333,6.0,7.0,9.0,1.0,3.0,1.0,,,,6.352941176470588,1.4117647058823528,7.941176470588235,4.764705882352941,0.0,3.0235294117647062,5.666666666666667,4.0,5.0,0.0,3.0,5.0,,,,True,True,UNKNOWN,False,False
2021006111,2022-08-19 18:00:00,読売ジャイアンツ,阪神タイガース,0.0,4.0,UNKNOWN,東京ドーム,unknown,low,False,False,900062,2000006,[],[],,,,,0,light,2022-08-19T09:00:00+00:00,,UNKNOWN,,,,UNKNOWN,UNKNOWN,,UNKNOWN,,0.0,0.6666666666666666,7.0,3.0,0.0,2.644444444444445,9.0,0.0,3.0,0.0,3.0,7.0,,,,1.5,0.5,3.0,0.0,0.0,2.5333333333333337,6.0,1.0,3.0,0.0,0.0,2.0,,,,True,True,UNKNOWN,False,False
2021006113,2022-08-19 18:00:00,中日ドラゴンズ,東京ヤクルトスワローズ,4.0,3.0,UNKNOWN,バンテリンドーム ナゴヤ,unknown,low,False,False,1200076,1000138,[],[],,,,,0,light,2022-08-19T09:00:00+00:00,,UNKNOWN,,,,UNKNOWN,UNKNOWN,,UNKNOWN,,3.375,1.3125,5.0625,3.375,0.0,3.2,5.333333333333333,2.0,5.0,0.0,2.0,3.0,,,,0.0,1.0,10.285714285714286,1.2857142857142858,0.0,1.342857142857143,7.0,0.0,6.0,0.0,1.0,8.0,,,,True,True,UNKNOWN,False,False
2021006112,2022-08-19 18:00:00,横浜DeNAベイスターズ,広島東洋カープ,8.0,3.0,UNKNOWN,横浜スタジアム,unknown,low,False,False,1900057,1800045,[],[],,,,,0,light,2022-08-19T09:00:00+00:00,,UNKNOWN,,,,UNKNOWN,UNKNOWN,,UNKNOWN,,9.0,1.5,4.5,4.5,2.25,6.95,4.0,4.0,4.0,1.0,2.0,2.0,,,,5.0625,1.6875,10.125,0.0,1.6875,3.3875,5.333333333333333,3.0,9.0,1.0,0.0,6.0,,,,True,True,UNKNOWN,False,False
2021006116,2022-08-19 18:00:00,福岡ソフトバンクホークス,北海道日本ハムファイターズ,7.0,2.0,UNKNOWN,福岡PayPayドーム,unknown,low,False,False,1961850,1800109,[],[],,,,,0,light,2022-08-19T09:00:00+00:00,,UNKNOWN,,,,UNKNOWN,UNKNOWN,,UNKNOWN,,4.5,1.0,7.5,1.5,0.0,2.033333333333333,6.0,3.0,5.0,0.0,1.0,5.0,,,,0.0,0.1764705882352941,9.529411764705882,0.0,0.0,1.0823529411764707,5.666666666666667,0.0,1.0,0.0,0.0,6.0,,,,True,True,UNKNOWN,False,False
2021006115,2022-08-19 18:00:00,埼玉西武ライオンズ,オリックス・バファローズ,3.0,4.0,UNKNOWN,ベルーナドーム,unknown,low,False,False,1600153,1600127,[],[],,,,,0,light,2022-08-19T09:00:00+00:00,,UNKNOWN,,,,UNKNOWN,UNKNOWN,,UNKNOWN,,2.0,1.1111111111111112,8.0,1.0,0.0,1.7555555555555558,9.0,2.0,9.0,0.0,1.0,8.0,,,,4.5,1.5,10.5,6.0,1.5,5.033333333333333,6.0,3.0,5.0,1.0,4.0,7.0,,,,True,True,UNKNOWN,False,False
2021006114,2022-08-19 18:00:00,東北楽天ゴールデンイーグルス,千葉ロッテマリーンズ,5.0,6.0,UNKNOWN,楽天生命パーク宮城,unknown,low,False,False,1900080,700065,[],[],,,,,0,light,2022-08-19T09:00:00+00:00,,UNKNOWN,,,,UNKNOWN,UNKNOWN,,UNKNOWN,,7.5,1.3333333333333333,9.0,4.5,4.5,9.2,6.0,5.0,5.0,3.0,3.0,6.0,,,,8.4375,1.6875,6.75,8.4375,1.6875,6.95,5.333333333333333,5.0,4.0,1.0,5.0,4.0,,,,True,True,UNKNOWN,False,False
2021006117,2022-08-20 14:00:00,読売ジャイアンツ,阪神タイガース,1.0,5.0,UNKNOWN,東京ドーム,unknown,low,False,False,1200062,1900016,[],[],,,,,0,light,2022-08-20T05:00:00+00:00,,UNKNOWN,,,,UNKNOWN,UNKNOWN,,UNKNOWN,,1.2857142857142858,0.8571428571428571,6.428571428571429,0.0,1.2857142857142858,3.6285714285714286,7.0,1.0,6.0,1.0,0.0,5.0,,,,9.0,2.0,15.0,3.0,3.0,5.2,3.0,3.0,5.0,1.0,1.0,5.0,,,,True,True,UNKNOWN,False,False
2021006119,2022-08-20 14:00:00,中日ドラゴンズ,東京ヤクルトスワローズ,2.0,7.0,UNKNOWN,バンテリンドーム ナゴヤ,unknown,low,False,False,1500040,1500074,[],[],,,,,0,light,2022-08-20T05:00:00+00:00,,UNKNOWN,,,,UNKNOWN,UNKNOWN,,UNKNOWN,,1.5,1.3333333333333333,4.5,4.5,1.5,5.866666666666667,6.0,1.0,5.0,1.0,3.0,3.0,,,,8.1,1.65,12.149999999999999,4.05,2.6999999999999997,5.75,6.666666666666667,6.0,8.0,2.0,3.0,9.0,,,,True,True,UNKNOWN,False,False
2021006121,2022-08-20 17:00:00,埼玉西武ライオンズ,オリックス・バファローズ,0.0,6.0,UNKNOWN,ベルーナドーム,unknown,low,False,False,1900087,1700125,[],[],,,,,0,light,2022-08-20T08:00:00+00:00,,UNKNOWN,,,,UNKNOWN,UNKNOWN,,UNKNOWN,,0.0,0.875,4.5,2.25,0.0,2.95,8.0,0.0,5.0,0.0,2.0,4.0,,,,2.5714285714285716,0.7142857142857143,0.0,1.2857142857142858,0.0,3.6285714285714286,7.0,2.0,4.0,0.0,1.0,0.0,,,,True,True,UNKNOWN,False,False
2021006118,2022-08-20 18:00:00,横浜DeNAベイスターズ,広島東洋カープ,6.0,5.0,UNKNOWN,横浜スタジアム,unknown,low,False,False,1700072,1400110,[],[],,,,,0,light,2022-08-20T09:00:00+00:00,,UNKNOWN,,,,UNKNOWN,UNKNOWN,,UNKNOWN,,9.0,1.8,3.6,3.6,3.6,8.8,5.0,5.0,7.0,2.0,2.0,2.0,,,,4.2631578947368425,0.7894736842105263,11.368421052631579,1.4210526315789473,0.0,1.1473684210526316,6.333333333333333,3.0,4.0,0.0,1.0,8.0,,,,True,True,UNKNOWN,False,False
2021006120,2022-08-20 18:00:00,東北楽天ゴールデンイーグルス,千葉ロッテマリーンズ,5.0,2.0,UNKNOWN,楽天生命パーク宮城,unknown,low,False,False,1800130,700069,[],[],,,,,0,light,2022-08-20T09:00:00+00:00,,UNKNOWN,,,,UNKNOWN,UNKNOWN,,UNKNOWN,,5.4,1.4,9.0,5.4,1.8,5.6,5.0,3.0,4.0,1.0,3.0,5.0,,,,0.0,1.0,5.142857142857143,1.2857142857142858,0.0,2.4857142857142858,7.0,0.0,6.0,0.0,1.0,4.0,,,,True,True,UNKNOWN,False,False
2021006122,2022-08-20 18:00:00,福岡ソフトバンクホークス,北海道日本ハムファイターズ,9.0,3.0,UNKNOWN,福岡PayPayドーム,excluded,high,False,False,1100099,1100115,[],[],,,,,0,light,2022-08-20T09:00:00+00:00,,UNKNOWN,,,,UNKNOWN,UNKNOWN,,UNKNOWN,,14.53846153846154,2.7692307692307696,14.53846153846154,6.230769230769231,2.076923076923077,5.046153846153846,4.333333333333333,7.0,9.0,1.0,3.0,7.0,,,,4.05,1.65,8.1,2.6999999999999997,0.0,2.3000000000000003,6.666666666666667,3.0,9.0,0.0,2.0,6.0,,,,True,True,UNKNOWN,False,False
2021006125,2022-08-21 14:00:00,中日ドラゴンズ,東京ヤクルトスワローズ,5.0,2.0,UNKNOWN,バンテリンドーム ナゴヤ,unknown,low,False,False,1500139,2000049,[],[],,,,,0,light,2022-08-21T05:00:00+00:00,,UNKNOWN,,,,UNKNOWN,UNKNOWN,,UNKNOWN,,3.6,1.4,7.2,1.8,0.0,2.2,5.0,2.0,6.0,0.0,1.0,4.0,,,,0.0,1.2,12.6,5.4,0.0,2.2,5.0,0.0,3.0,0.0,3.0,7.0,,,,True,True,UNKNOWN,False,False
2021006123,2022-08-21 14:00:00,読売ジャイアンツ,阪神タイガース,1.0,6.0,UNKNOWN,東京ドーム,unknown,low,False,False,1600115,1460009,[],[],,,,,0,light,2022-08-21T05:00:00+00:00,,UNKNOWN,,,,UNKNOWN,UNKNOWN,,UNKNOWN,,1.4210526315789473,0.9473684210526316,9.947368421052632,2.8421052631578947,1.4210526315789473,3.9894736842105267,6.333333333333333,1.0,4.0,1.0,2.0,7.0,,,,3.8571428571428568,2.571428571428571,3.8571428571428568,3.8571428571428568,0.0,3.6285714285714286,4.666666666666667,2.0,10.0,0.0,2.0,2.0,,,,True,True,UNKNOWN,False,False
2021006128,2022-08-21 14:00:00,福岡ソフトバンクホークス,北海道日本ハムファイターズ,5.0,1.0,UNKNOWN,福岡PayPayドーム,unknown,low,False,False,1500110,20204,[],[],,,,,0,light,2022-08-21T05:00:00+00:00,,UNKNOWN,,,,UNKNOWN,UNKNOWN,,UNKNOWN,,3.857142857142857,1.0,5.142857142857143,0.0,3.857142857142857,7.628571428571429,7.0,3.0,7.0,3.0,0.0,4.0,,,,1.8,1.0,3.6,3.6,0.0,3.6,5.0,1.0,3.0,0.0,2.0,2.0,,,,True,True,UNKNOWN,False,False
2021006126,2022-08-21 17:00:00,東北楽天ゴールデンイーグルス,千葉ロッテマリーンズ,1.0,0.0,UNKNOWN,楽天生命パーク宮城,unknown,low,False,False,1800052,1600092,[],[],,,,,0,light,2022-08-21T08:00:00+00:00,,UNKNOWN,,,,UNKNOWN,UNKNOWN,,UNKNOWN,,1.5,1.5,6.0,3.0,0.0,2.8666666666666667,6.0,1.0,7.0,0.0,2.0,4.0,,,,0.0,0.5625,11.8125,3.375,0.0,1.7000000000000002,5.333333333333333,0.0,1.0,0.0,2.0,7.0,,,,True,True,UNKNOWN,False,False
2021006127,2022-08-21 17:00:00,埼玉西武ライオンズ,オリックス・バファローズ,3.0,1.0,UNKNOWN,ベルーナドーム,unknown,low,False,False,1650221,1961288,[],[],,,,,0,light,2022-08-21T08:00:00+00:00,,UNKNOWN,,,,UNKNOWN,UNKNOWN,,UNKNOWN,,10.8,4.2,10.8,16.200000000000003,0.0,6.200000000000001,1.6666666666666665,2.0,4.0,0.0,3.0,2.0,,,,1.5,0.5,6.0,0.0,1.5,4.033333333333333,6.0,1.0,3.0,1.0,0.0,4.0,,,,True,True,UNKNOWN,False,False
2021006132,2022-08-23 13:00:00,北海道日本ハムファイターズ,オリックス・バファローズ,0.0,0.0,UNKNOWN,ウインドヒルひがし北海道スタジアム,unknown,low,False,False,1600150,1900073,[],[],,,,,0,light,2022-08-23T04:00:00+00:00,,UNKNOWN,,,,UNKNOWN,UNKNOWN,,UNKNOWN,,0.0,1.0,7.2,0.0,0.0,1.6,5.0,0.0,5.0,0.0,0.0,4.0,,,,0.0,1.9285714285714284,5.785714285714286,5.785714285714286,0.0,3.842857142857143,4.666666666666667,0.0,6.0,0.0,3.0,3.0,,,,True,True,UNKNOWN,False,False
2021006124,2022-08-21 18:00:00,横浜DeNAベイスターズ,広島東洋カープ,3.0,0.0,UNKNOWN,横浜スタジアム,unknown,low,False,False,2000062,1600084,[],[],,,,,0,light,2022-08-21T09:00:00+00:00,,UNKNOWN,,,,UNKNOWN,UNKNOWN,,UNKNOWN,,6.75,2.0,2.25,2.25,6.75,13.2,4.0,3.0,7.0,3.0,1.0,1.0,,,,0.0,0.9473684210526316,8.526315789473685,0.0,0.0,1.305263157894737,6.333333333333333,0.0,6.0,0.0,0.0,6.0,,,,True,True,UNKNOWN,False,False
2021006129,2022-08-23 18:00:00,読売ジャイアンツ,中日ドラゴンズ,6.0,0.0,UNKNOWN,東京ドーム,unknown,low,False,False,1800061,1200041,[],[],,,,,0,light,2022-08-23T09:00:00+00:00,,UNKNOWN,,,,UNKNOWN,UNKNOWN,,UNKNOWN,,7.2,1.6,3.6,1.8,0.0,3.0,5.0,4.0,7.0,0.0,1.0,2.0,,,,0.0,0.25,4.5,0.0,0.0,2.2,8.0,0.0,2.0,0.0,0.0,4.0,,,,True,True,UNKNOWN,False,False
2021006130,2022-08-23 18:00:00,東京ヤクルトスワローズ,広島東洋カープ,5.0,4.0,UNKNOWN,明治神宮野球場,unknown,low,False,False,1900052,12113,[],[],,,,,0,light,2022-08-23T09:00:00+00:00,,UNKNOWN,,,,UNKNOWN,UNKNOWN,,UNKNOWN,,3.6,2.4,9.0,9.0,0.0,4.2,5.0,2.0,7.0,0.0,5.0,5.0,,,,5.4,1.6,3.6,1.8,1.8,5.6,5.0,3.0,7.0,1.0,1.0,2.0,,,,True,True,UNKNOWN,False,False
2021006131,2022-08-23 18:00:00,阪神タイガース,横浜DeNAベイスターズ,0.0,4.0,UNKNOWN,京セラドーム大阪,unknown,low,False,False,1500061,1500090,[],[],,,,,0,light,2022-08-23T09:00:00+00:00,,UNKNOWN,,,,UNKNOWN,UNKNOWN,,UNKNOWN,,0.0,1.1666666666666667,12.0,4.5,0.0,2.033333333333333,6.0,0.0,4.0,0.0,3.0,8.0,,,,5.4,2.0,5.4,5.4,0.0,3.8000000000000003,5.0,3.0,7.0,0.0,3.0,3.0,,,,True,True,UNKNOWN,False,False
2021006133,2022-08-23 18:00:00,東北楽天ゴールデンイーグルス,福岡ソフトバンクホークス,6.0,15.0,UNKNOWN,楽天生命パーク宮城,unknown,low,False,False,1300080,1200117,[],[],,,,,0,light,2022-08-23T09:00:00+00:00,,UNKNOWN,,,,UNKNOWN,UNKNOWN,,UNKNOWN,,8.1,1.7999999999999998,4.05,0.0,0.0,2.3000000000000003,6.666666666666667,6.0,12.0,0.0,0.0,3.0,,,,18.0,3.3333333333333335,15.0,3.0,0.0,0.8666666666666667,3.0,6.0,9.0,0.0,1.0,5.0,,,,True,True,UNKNOWN,False,False
2021006134,2022-08-23 18:00:00,千葉ロッテマリーンズ,埼玉西武ライオンズ,4.0,5.0,UNKNOWN,ZOZOマリンスタジアム,unknown,low,False,False,1400182,1300050,[],[],,,,,0,light,2022-08-23T09:00:00+00:00,,UNKNOWN,,,,UNKNOWN,UNKNOWN,,UNKNOWN,,4.5,1.6666666666666667,9.0,6.0,0.0,3.2,6.0,3.0,6.0,0.0,4.0,6.0,,,,7.2,2.0,5.4,3.6,0.0,3.2,5.0,4.0,8.0,0.0,2.0,3.0,,,,True,True,UNKNOWN,False,False
2021006138,2022-08-24 13:00:00,北海道日本ハムファイターズ,オリックス・バファローズ,4.0,5.0,UNKNOWN,帯広の森野球場,unknown,low,False,False,1500088,1500109,[],[],,,,,0,light,2022-08-24T04:00:00+00:00,,UNKNOWN,,,,UNKNOWN,UNKNOWN,,UNKNOWN,,4.5,1.75,4.5,6.75,0.0,4.45,4.0,2.0,4.0,0.0,3.0,2.0,,,,5.785714285714286,1.7142857142857142,9.642857142857142,0.0,1.9285714285714284,3.842857142857143,4.666666666666667,3.0,8.0,1.0,0.0,5.0,,,,True,True,UNKNOWN,False,False
2021006137,2022-08-24 18:00:00,阪神タイガース,横浜DeNAベイスターズ,0.0,4.0,UNKNOWN,京セラドーム大阪,unknown,low,False,False,1600081,2000052,[],[],,,,,0,light,2022-08-24T09:00:00+00:00,,UNKNOWN,,,,UNKNOWN,UNKNOWN,,UNKNOWN,,0.0,0.5,4.5,0.0,0.0,2.2,6.0,0.0,3.0,0.0,0.0,3.0,,,,5.142857142857143,1.1428571428571428,6.428571428571429,3.857142857142857,1.2857142857142858,4.914285714285715,7.0,4.0,5.0,1.0,3.0,5.0,,,,True,True,UNKNOWN,False,False
2021006136,2022-08-24 18:00:00,東京ヤクルトスワローズ,広島東洋カープ,6.0,2.0,UNKNOWN,明治神宮野球場,unknown,low,False,False,1300058,1300045,[],[],,,,,0,light,2022-08-24T09:00:00+00:00,,UNKNOWN,,,,UNKNOWN,UNKNOWN,,UNKNOWN,,6.75,2.5,4.5,9.0,0.0,5.2,4.0,3.0,6.0,0.0,4.0,2.0,,,,3.0,1.1666666666666667,9.0,1.5,3.0,6.033333333333333,6.0,2.0,6.0,2.0,1.0,6.0,,,,True,True,UNKNOWN,False,False
2021006135,2022-08-24 18:00:00,読売ジャイアンツ,中日ドラゴンズ,1.0,4.0,UNKNOWN,東京ドーム,unknown,low,False,False,1200098,1900019,[],[],,,,,0,light,2022-08-24T09:00:00+00:00,,UNKNOWN,,,,UNKNOWN,UNKNOWN,,UNKNOWN,,0.0,0.3333333333333333,4.5,0.0,0.0,2.2,6.0,0.0,2.0,0.0,0.0,3.0,,,,2.076923076923077,2.076923076923077,14.53846153846154,2.076923076923077,0.0,0.6615384615384614,4.333333333333333,1.0,8.0,0.0,1.0,7.0,,,,True,True,UNKNOWN,False,False
2021006140,2022-08-24 18:00:00,千葉ロッテマリーンズ,埼玉西武ライオンズ,5.0,2.0,UNKNOWN,ZOZOマリンスタジアム,unknown,low,False,False,1600131,1000155,[],[],,,,,0,light,2022-08-24T09:00:00+00:00,,UNKNOWN,,,,UNKNOWN,UNKNOWN,,UNKNOWN,,2.25,2.0,11.25,4.5,0.0,2.2,4.0,1.0,6.0,0.0,2.0,5.0,,,,1.8,1.6,5.4,7.2,1.8,7.0,5.0,1.0,4.0,1.0,4.0,3.0,,,,True,True,UNKNOWN,False,False
2021006139,2022-08-24 18:00:00,東北楽天ゴールデンイーグルス,福岡ソフトバンクホークス,3.0,4.0,UNKNOWN,楽天生命パーク宮城,unknown,low,False,False,2100005,900090,[],[],,,,,0,light,2022-08-24T09:00:00+00:00,,UNKNOWN,,,,UNKNOWN,UNKNOWN,,UNKNOWN,,4.2631578947368425,1.2631578947368423,8.526315789473685,1.4210526315789473,0.0,1.7789473684210528,6.333333333333333,3.0,7.0,0.0,1.0,6.0,,,,4.5,1.1666666666666667,4.5,3.0,1.5,5.366666666666667,6.0,3.0,5.0,1.0,2.0,3.0,,,,True,True,UNKNOWN,False,False
2021006141,2022-08-25 18:00:00,読売ジャイアンツ,中日ドラゴンズ,2.0,1.0,UNKNOWN,東京ドーム,unknown,low,False,False,2000042,1800028,[],[],,,,,0,light,2022-08-25T09:00:00+00:00,,UNKNOWN,,,,UNKNOWN,UNKNOWN,,UNKNOWN,,2.5714285714285716,1.2857142857142858,5.142857142857143,6.428571428571429,0.0,4.2,7.0,2.0,4.0,0.0,5.0,4.0,,,,1.125,0.875,12.375,1.125,0.0,0.8250000000000002,8.0,1.0,6.0,0.0,1.0,11.0,,,,True,True,UNKNOWN,False,False
2021006142,2022-08-25 18:00:00,東京ヤクルトスワローズ,広島東洋カープ,2.0,3.0,UNKNOWN,明治神宮野球場,unknown,low,False,False,1100081,1500042,[],[],,,,,0,light,2022-08-25T09:00:00+00:00,,UNKNOWN,,,,UNKNOWN,UNKNOWN,,UNKNOWN,,1.5,1.3333333333333333,6.0,4.5,0.0,3.3666666666666667,6.0,1.0,5.0,0.0,3.0,4.0,,,,3.0,0.8333333333333334,12.0,3.0,0.0,1.5333333333333334,6.0,2.0,3.0,0.0,2.0,8.0,,,,True,True,UNKNOWN,False,False
2021006143,2022-08-25 18:00:00,阪神タイガース,横浜DeNAベイスターズ,5.0,0.0,UNKNOWN,京セラドーム大阪,unknown,low,False,False,2000145,1900044,[],[],,,,,0,light,2022-08-25T09:00:00+00:00,,UNKNOWN,,,,UNKNOWN,UNKNOWN,,UNKNOWN,,9.0,3.0,0.0,6.0,0.0,5.2,3.0,3.0,7.0,0.0,2.0,0.0,,,,0.0,1.0,6.0,3.0,0.0,2.8666666666666667,6.0,0.0,4.0,0.0,2.0,4.0,,,,True,True,UNKNOWN,False,False
2021006144,2022-08-25 18:00:00,千葉ロッテマリーンズ,埼玉西武ライオンズ,6.0,5.0,UNKNOWN,ZOZOマリンスタジアム,excluded,high,False,False,1800080,2000087,[],[],,,,,0,light,2022-08-25T09:00:00+00:00,,UNKNOWN,,,,UNKNOWN,UNKNOWN,,UNKNOWN,,4.05,1.05,9.45,1.3499999999999999,2.6999999999999997,5.45,6.666666666666667,3.0,6.0,2.0,1.0,7.0,,,,7.363636363636364,1.9090909090909092,4.909090909090909,7.363636363636364,2.4545454545454546,8.10909090909091,3.6666666666666665,3.0,4.0,1.0,3.0,2.0,,,,True,True,UNKNOWN,False,False
2021007264,2022-08-25 18:00:00,東北楽天ゴールデンイーグルス,福岡ソフトバンクホークス,7.0,5.0,UNKNOWN,楽天生命パーク宮城,unknown,low,False,False,1800109,1100128,[],[],,,,,0,light,2022-08-25T09:00:00+00:00,,UNKNOWN,,,,UNKNOWN,UNKNOWN,,UNKNOWN,,10.5,1.8333333333333333,4.5,7.5,0.0,4.7,6.0,7.0,6.0,0.0,5.0,3.0,,,,36.0,6.0,0.0,9.0,0.0,6.2,1.0,4.0,5.0,0.0,1.0,0.0,,,,True,True,UNKNOWN,False,False
2021006145,2022-08-26 18:00:00,横浜DeNAベイスターズ,東京ヤクルトスワローズ,3.0,6.0,UNKNOWN,横浜スタジアム,unknown,low,False,False,2000139,1800045,[],[],,,,,0,light,2022-08-26T09:00:00+00:00,,UNKNOWN,,,,UNKNOWN,UNKNOWN,,UNKNOWN,,4.5,1.1666666666666667,4.5,0.0,3.0,6.533333333333333,6.0,3.0,7.0,2.0,0.0,3.0,,,,6.75,1.875,8.4375,5.0625,1.6875,5.45,5.333333333333333,4.0,7.0,1.0,3.0,5.0,,,,True,True,UNKNOWN,False,False
2021006146,2022-08-26 18:00:00,中日ドラゴンズ,阪神タイガース,5.0,2.0,UNKNOWN,バンテリンドーム ナゴヤ,unknown,low,False,False,900062,1000138,[],[],,,,,0,light,2022-08-26T09:00:00+00:00,,UNKNOWN,,,,UNKNOWN,UNKNOWN,,UNKNOWN,,9.0,2.6666666666666665,6.0,3.0,0.0,2.8666666666666667,3.0,3.0,7.0,0.0,1.0,2.0,,,,3.176470588235294,1.588235294117647,3.176470588235294,3.176470588235294,0.0,3.5529411764705885,5.666666666666667,2.0,7.0,0.0,2.0,2.0,,,,True,True,UNKNOWN,False,False
2021006148,2022-08-26 18:00:00,北海道日本ハムファイターズ,福岡ソフトバンクホークス,0.0,10.0,UNKNOWN,札幌ドーム,unknown,low,False,False,1200106,2000079,[],[],,,,,0,light,2022-08-26T09:00:00+00:00,,UNKNOWN,,,,UNKNOWN,UNKNOWN,,UNKNOWN,,0.0,1.0,6.428571428571429,2.5714285714285716,0.0,2.628571428571429,7.0,0.0,5.0,0.0,2.0,5.0,,,,9.0,1.8,10.8,1.8,0.0,1.4000000000000001,5.0,5.0,8.0,0.0,1.0,6.0,,,,True,True,UNKNOWN,False,False
2021006147,2022-08-26 18:00:00,広島東洋カープ,読売ジャイアンツ,3.0,4.0,UNKNOWN,MAZDA Zoom-Zoom スタジアム広島,unknown,low,False,False,2000006,1900057,[],[],,,,,0,light,2022-08-26T09:00:00+00:00,,UNKNOWN,,,,UNKNOWN,UNKNOWN,,UNKNOWN,,3.6,1.8,9.0,0.0,1.8,3.8000000000000003,5.0,2.0,9.0,1.0,0.0,5.0,,,,4.5,1.3333333333333333,3.0,3.0,0.0,3.5333333333333337,6.0,3.0,6.0,0.0,2.0,2.0,,,,True,True,UNKNOWN,False,False
2021006149,2022-08-26 18:00:00,千葉ロッテマリーンズ,東北楽天ゴールデンイーグルス,2.0,0.0,UNKNOWN,ZOZOマリンスタジアム,unknown,low,False,False,700065,1900080,[],[],,,,,0,light,2022-08-26T09:00:00+00:00,,UNKNOWN,,,,UNKNOWN,UNKNOWN,,UNKNOWN,,1.5,1.3333333333333333,9.0,4.5,1.5,4.866666666666667,6.0,1.0,5.0,1.0,3.0,6.0,,,,0.0,0.7142857142857143,10.285714285714286,2.5714285714285716,0.0,1.7714285714285716,7.0,0.0,3.0,0.0,2.0,8.0,,,,True,True,UNKNOWN,False,False
2021006150,2022-08-26 18:00:00,オリックス・バファローズ,埼玉西武ライオンズ,2.0,3.0,UNKNOWN,京セラドーム大阪,unknown,low,False,False,1600127,1600153,[],[],,,,,0,light,2022-08-26T09:00:00+00:00,,UNKNOWN,,,,UNKNOWN,UNKNOWN,,UNKNOWN,,2.0,1.1111111111111112,10.0,6.0,0.0,2.977777777777778,9.0,2.0,4.0,0.0,6.0,10.0,,,,2.5714285714285716,0.7142857142857143,11.571428571428571,0.0,1.2857142857142858,2.4857142857142858,7.0,2.0,5.0,1.0,0.0,9.0,,,,True,True,UNKNOWN,False,False
2021006152,2022-08-27 14:00:00,中日ドラゴンズ,阪神タイガース,1.0,5.0,UNKNOWN,バンテリンドーム ナゴヤ,unknown,low,False,False,1200062,1500074,[],[],,,,,0,light,2022-08-27T05:00:00+00:00,,UNKNOWN,,,,UNKNOWN,UNKNOWN,,UNKNOWN,,1.2857142857142858,1.0,9.0,2.5714285714285716,0.0,2.0571428571428574,7.0,1.0,5.0,0.0,2.0,7.0,,,,3.857142857142857,1.2857142857142858,10.285714285714286,1.2857142857142858,0.0,1.342857142857143,7.0,3.0,8.0,0.0,1.0,8.0,,,,True,True,UNKNOWN,False,False
2021006156,2022-08-27 14:00:00,オリックス・バファローズ,埼玉西武ライオンズ,6.0,0.0,UNKNOWN,京セラドーム大阪,unknown,low,False,False,1700125,1900087,[],[],,,,,0,light,2022-08-27T05:00:00+00:00,,UNKNOWN,,,,UNKNOWN,UNKNOWN,,UNKNOWN,,9.0,1.6666666666666667,4.5,0.0,1.5,4.366666666666667,6.0,6.0,10.0,1.0,0.0,3.0,,,,0.0,0.4444444444444444,3.0,0.0,0.0,2.5333333333333337,9.0,0.0,4.0,0.0,0.0,3.0,,,,True,True,UNKNOWN,False,False
2021006154,2022-08-27 14:00:00,北海道日本ハムファイターズ,福岡ソフトバンクホークス,2.0,0.0,UNKNOWN,札幌ドーム,unknown,low,False,False,1100115,1961850,[],[],,,,,0,light,2022-08-27T05:00:00+00:00,,UNKNOWN,,,,UNKNOWN,UNKNOWN,,UNKNOWN,,6.0,1.6666666666666667,12.0,3.0,3.0,5.866666666666667,3.0,2.0,4.0,1.0,1.0,4.0,,,,0.0,0.1111111111111111,6.0,1.0,0.0,2.2,9.0,0.0,0.0,0.0,1.0,6.0,,,,True,True,UNKNOWN,False,False
2021006155,2022-08-27 17:00:00,千葉ロッテマリーンズ,東北楽天ゴールデンイーグルス,3.0,11.0,UNKNOWN,ZOZOマリンスタジアム,unknown,low,False,False,700069,1800130,[],[],,,,,0,light,2022-08-27T08:00:00+00:00,,UNKNOWN,,,,UNKNOWN,UNKNOWN,,UNKNOWN,,3.857142857142857,1.1428571428571428,6.428571428571429,0.0,1.2857142857142858,3.6285714285714286,7.0,3.0,8.0,1.0,0.0,5.0,,,,10.799999999999999,2.6999999999999997,2.6999999999999997,8.1,0.0,5.300000000000001,3.3333333333333335,4.0,6.0,0.0,3.0,1.0,,,,True,True,UNKNOWN,False,False
2021006151,2022-08-27 18:00:00,横浜DeNAベイスターズ,東京ヤクルトスワローズ,4.0,16.0,UNKNOWN,横浜スタジアム,unknown,low,False,False,1200076,1400110,[],[],,,,,0,light,2022-08-27T09:00:00+00:00,,UNKNOWN,,,,UNKNOWN,UNKNOWN,,UNKNOWN,,4.5,1.1666666666666667,4.5,4.5,3.0,8.033333333333333,6.0,3.0,4.0,2.0,3.0,3.0,,,,9.0,2.6666666666666665,3.0,9.0,3.0,9.866666666666667,3.0,3.0,5.0,1.0,3.0,1.0,,,,True,True,UNKNOWN,False,False
2021006153,2022-08-27 18:00:00,広島東洋カープ,読売ジャイアンツ,6.0,4.0,UNKNOWN,MAZDA Zoom-Zoom スタジアム広島,unknown,low,False,False,1800025,1700072,[],[],,,,,0,light,2022-08-27T09:00:00+00:00,,UNKNOWN,,,,UNKNOWN,UNKNOWN,,UNKNOWN,,9.0,2.0,6.0,3.0,6.0,11.533333333333335,3.0,3.0,5.0,2.0,1.0,2.0,,,,2.5714285714285716,0.7142857142857143,6.428571428571429,0.0,1.2857142857142858,3.6285714285714286,7.0,2.0,5.0,1.0,0.0,5.0,,,,True,True,UNKNOWN,False,False
2021006162,2022-08-28 13:00:00,オリックス・バファローズ,埼玉西武ライオンズ,4.0,10.0,UNKNOWN,京セラドーム大阪,unknown,low,False,False,1961288,1600155,[],[],,,,,0,light,2022-08-28T04:00:00+00:00,,UNKNOWN,,,,UNKNOWN,UNKNOWN,,UNKNOWN,,4.764705882352941,1.2352941176470587,11.117647058823529,3.176470588235294,1.588235294117647,4.08235294117647,5.666666666666667,3.0,5.0,1.0,2.0,7.0,,,,0.0,0.3333333333333333,15.0,0.0,0.0,-0.1333333333333333,3.0,0.0,1.0,0.0,0.0,5.0,,,,True,True,UNKNOWN,False,False
2021006158,2022-08-28 14:00:00,中日ドラゴンズ,阪神タイガース,4.0,1.0,UNKNOWN,バンテリンドーム ナゴヤ,excluded,high,False,False,2102929,1600106,[],[],,,,,0,light,2022-08-28T05:00:00+00:00,,UNKNOWN,,,,UNKNOWN,UNKNOWN,,UNKNOWN,,4.5,0.8333333333333334,6.0,1.5,0.0,2.3666666666666667,6.0,3.0,4.0,0.0,1.0,4.0,,,,0.0,1.1666666666666667,10.5,4.5,0.0,2.3666666666666667,6.0,0.0,4.0,0.0,3.0,7.0,,,,True,True,UNKNOWN,False,False
2021006161,2022-08-28 16:00:00,千葉ロッテマリーンズ,東北楽天ゴールデンイーグルス,9.0,2.0,UNKNOWN,ZOZOマリンスタジアム,excluded,high,False,False,2000121,1800052,[],[],,,,,0,light,2022-08-28T07:00:00+00:00,,UNKNOWN,,,,UNKNOWN,UNKNOWN,,UNKNOWN,,14.4,2.2,9.0,0.0,7.2,11.600000000000001,5.0,8.0,11.0,4.0,0.0,5.0,,,,1.2857142857142858,1.0,9.0,1.2857142857142858,0.0,1.6285714285714288,7.0,1.0,6.0,0.0,1.0,7.0,,,,True,True,UNKNOWN,False,False
2021006160,2022-08-28 14:00:00,北海道日本ハムファイターズ,福岡ソフトバンクホークス,0.0,6.0,UNKNOWN,札幌ドーム,unknown,low,False,False,1000174,1500110,[],[],,,,,0,light,2022-08-28T05:00:00+00:00,,UNKNOWN,,,,UNKNOWN,UNKNOWN,,UNKNOWN,,0.0,0.6666666666666666,13.5,0.0,0.0,0.20000000000000018,6.0,0.0,4.0,0.0,0.0,9.0,,,,7.105263157894737,1.2631578947368423,5.684210526315789,1.4210526315789473,1.4210526315789473,4.463157894736843,6.333333333333333,5.0,7.0,1.0,1.0,4.0,,,,True,True,UNKNOWN,False,False
2021006157,2022-08-28 18:00:00,横浜DeNAベイスターズ,東京ヤクルトスワローズ,4.0,5.0,UNKNOWN,横浜スタジアム,unknown,low,False,False,1500040,1600084,[],[],,,,,0,light,2022-08-28T09:00:00+00:00,,UNKNOWN,,,,UNKNOWN,UNKNOWN,,UNKNOWN,,7.2,2.0,1.8,9.0,0.0,5.800000000000001,5.0,4.0,5.0,0.0,5.0,1.0,,,,6.75,2.25,11.25,9.0,2.25,6.95,4.0,3.0,5.0,1.0,4.0,5.0,,,,True,True,UNKNOWN,False,False
2021006159,2022-08-28 18:00:00,広島東洋カープ,読売ジャイアンツ,6.0,4.0,UNKNOWN,MAZDA Zoom-Zoom スタジアム広島,unknown,low,False,False,2103689,2000062,[],[],,,,,0,light,2022-08-28T09:00:00+00:00,,UNKNOWN,,,,UNKNOWN,UNKNOWN,,UNKNOWN,,12.0,1.6666666666666667,9.0,6.0,3.0,7.533333333333333,3.0,4.0,3.0,1.0,2.0,3.0,,,,9.0,1.5,4.5,2.25,2.25,6.2,4.0,4.0,5.0,1.0,1.0,2.0,,,,True,True,UNKNOWN,False,False
2021006163,2022-08-29 18:00:00,福岡ソフトバンクホークス,千葉ロッテマリーンズ,2.0,3.0,UNKNOWN,京セラドーム大阪,excluded,high,False,False,1700099,1800112,[],[],,,,,0,light,2022-08-29T09:00:00+00:00,,UNKNOWN,,,,UNKNOWN,UNKNOWN,,UNKNOWN,,6.0,1.3333333333333333,6.0,3.0,0.0,2.8666666666666667,3.0,2.0,3.0,0.0,1.0,2.0,,,,1.8,1.0,9.0,1.8,1.8,4.4,5.0,1.0,4.0,1.0,1.0,5.0,,,,True,True,UNKNOWN,False,False
2021006165,2022-08-30 18:00:00,横浜DeNAベイスターズ,中日ドラゴンズ,6.0,0.0,UNKNOWN,横浜スタジアム,unknown,low,False,False,1200098,1500061,[],[],,,,,0,light,2022-08-30T09:00:00+00:00,,UNKNOWN,,,,UNKNOWN,UNKNOWN,,UNKNOWN,,6.75,2.5,0.0,4.5,0.0,4.7,4.0,3.0,8.0,0.0,2.0,0.0,,,,0.0,0.75,5.625,2.25,0.0,2.7,8.0,0.0,4.0,0.0,2.0,5.0,,,,True,True,UNKNOWN,False,False
2021006166,2022-08-30 18:00:00,阪神タイガース,広島東洋カープ,1.0,0.0,UNKNOWN,阪神甲子園球場,unknown,low,False,False,1900052,1500090,[],[],,,,,0,light,2022-08-30T09:00:00+00:00,,UNKNOWN,,,,UNKNOWN,UNKNOWN,,UNKNOWN,,0.0,1.1666666666666667,7.5,3.0,0.0,2.5333333333333337,6.0,0.0,5.0,0.0,2.0,5.0,,,,0.0,0.5714285714285714,5.142857142857143,0.0,0.0,2.0571428571428574,7.0,0.0,4.0,0.0,0.0,4.0,,,,True,True,UNKNOWN,False,False
2021006164,2022-08-30 18:00:00,読売ジャイアンツ,東京ヤクルトスワローズ,2.0,4.0,UNKNOWN,京セラドーム大阪,unknown,low,False,False,1500139,1200041,[],[],,,,,0,light,2022-08-30T09:00:00+00:00,,UNKNOWN,,,,UNKNOWN,UNKNOWN,,UNKNOWN,,1.5,0.8333333333333334,9.0,3.0,0.0,2.2,6.0,1.0,3.0,0.0,2.0,6.0,,,,2.5714285714285716,1.1428571428571428,10.285714285714286,3.857142857142857,1.2857142857142858,4.057142857142857,7.0,2.0,5.0,1.0,3.0,8.0,,,,True,True,UNKNOWN,False,False
2021006167,2022-08-30 18:00:00,東北楽天ゴールデンイーグルス,オリックス・バファローズ,3.0,4.0,UNKNOWN,楽天生命パーク宮城,unknown,low,False,False,1600150,1200117,[],[],,,,,0,light,2022-08-30T09:00:00+00:00,,UNKNOWN,,,,UNKNOWN,UNKNOWN,,UNKNOWN,,4.764705882352941,2.1176470588235294,3.176470588235294,7.941176470588235,0.0,5.141176470588236,5.666666666666667,3.0,7.0,0.0,5.0,2.0,,,,4.5,1.5,6.75,2.25,0.0,2.45,4.0,2.0,5.0,0.0,1.0,3.0,,,,True,True,UNKNOWN,False,False
2021006168,2022-08-30 18:00:00,埼玉西武ライオンズ,北海道日本ハムファイターズ,3.0,1.0,UNKNOWN,ベルーナドーム,unknown,low,False,False,1100099,1400182,[],[],,,,,0,light,2022-08-30T09:00:00+00:00,,UNKNOWN,,,,UNKNOWN,UNKNOWN,,UNKNOWN,,3.375,0.75,4.5,1.125,2.25,5.825,8.0,3.0,5.0,2.0,1.0,4.0,,,,1.2272727272727273,1.090909090909091,2.4545454545454546,1.2272727272727273,0.0,3.063636363636364,7.333333333333333,1.0,7.0,0.0,1.0,2.0,,,,True,True,UNKNOWN,False,False
2021006169,2022-08-31 18:00:00,読売ジャイアンツ,東京ヤクルトスワローズ,8.0,8.0,UNKNOWN,京セラドーム大阪,unknown,low,False,False,1300045,1900019,[],[],,,,,0,light,2022-08-31T09:00:00+00:00,,UNKNOWN,,,,UNKNOWN,UNKNOWN,,UNKNOWN,,21.6,4.2,10.8,10.8,5.4,12.2,1.6666666666666665,4.0,5.0,1.0,2.0,2.0,,,,9.0,1.25,11.25,2.25,4.5,7.95,4.0,4.0,4.0,2.0,1.0,5.0,,,,True,True,UNKNOWN,False,False
2021006170,2022-08-31 18:00:00,横浜DeNAベイスターズ,中日ドラゴンズ,3.0,2.0,UNKNOWN,横浜スタジアム,unknown,low,False,False,1800061,1600081,[],[],,,,,0,light,2022-08-31T09:00:00+00:00,,UNKNOWN,,,,UNKNOWN,UNKNOWN,,UNKNOWN,,4.5,1.1666666666666667,12.0,3.0,3.0,5.866666666666667,6.0,3.0,5.0,2.0,2.0,8.0,,,,2.5714285714285716,1.0,6.428571428571429,1.2857142857142858,1.2857142857142858,4.057142857142857,7.0,2.0,6.0,1.0,1.0,5.0,,,,True,True,UNKNOWN,False,False
2021006172,2022-08-31 18:00:00,東北楽天ゴールデンイーグルス,オリックス・バファローズ,3.0,8.0,UNKNOWN,楽天生命パーク宮城,unknown,low,False,False,1700109,900090,[],[],,,,,0,light,2022-08-31T09:00:00+00:00,,UNKNOWN,,,,UNKNOWN,UNKNOWN,,UNKNOWN,,3.857142857142857,1.1428571428571428,10.285714285714286,1.2857142857142858,1.2857142857142858,3.2,7.0,3.0,7.0,1.0,1.0,8.0,,,,16.2,2.6999999999999997,0.0,8.1,5.3999999999999995,13.7,3.3333333333333335,6.0,6.0,2.0,3.0,0.0,,,,True,True,UNKNOWN,False,False
2021006171,2022-08-31 18:00:00,阪神タイガース,広島東洋カープ,6.0,5.0,UNKNOWN,阪神甲子園球場,unknown,low,False,False,1300058,2000052,[],[],,,,,0,light,2022-08-31T09:00:00+00:00,,UNKNOWN,,,,UNKNOWN,UNKNOWN,,UNKNOWN,,10.799999999999999,2.4,5.3999999999999995,8.1,0.0,4.7,3.3333333333333335,4.0,5.0,0.0,3.0,2.0,,,,9.0,1.4,5.4,3.6,1.8,5.800000000000001,5.0,5.0,5.0,1.0,2.0,3.0,,,,True,True,UNKNOWN,False,False
2021006173,2022-08-31 18:00:00,埼玉西武ライオンズ,北海道日本ハムファイターズ,2.0,4.0,UNKNOWN,ベルーナドーム,excluded,high,False,False,2000083,1751148,[],[],,,,,0,light,2022-08-31T09:00:00+00:00,,UNKNOWN,,,,UNKNOWN,UNKNOWN,,UNKNOWN,,0.0,1.2,12.6,3.6,0.0,1.6,5.0,0.0,4.0,0.0,2.0,7.0,,,,3.6,1.6,9.0,5.4,0.0,3.0,5.0,2.0,5.0,0.0,3.0,5.0,,,,True,True,UNKNOWN,False,False
2021006175,2022-09-01 18:00:00,横浜DeNAベイスターズ,中日ドラゴンズ,7.0,0.0,UNKNOWN,横浜スタジアム,unknown,low,False,False,2000049,2000145,[],[],,,,,0,light,2022-09-01T09:00:00+00:00,,UNKNOWN,,,,UNKNOWN,UNKNOWN,,UNKNOWN,,4.5,1.6666666666666667,7.5,3.0,1.5,4.7,6.0,3.0,8.0,1.0,2.0,5.0,,,,0.0,0.8333333333333334,9.0,1.5,0.0,1.7000000000000002,6.0,0.0,4.0,0.0,1.0,6.0,,,,True,True,UNKNOWN,False,False
2021006174,2022-08-31 18:00:00,福岡ソフトバンクホークス,千葉ロッテマリーンズ,0.0,3.0,UNKNOWN,福岡PayPayドーム,unknown,low,False,False,1300050,1300080,[],[],,,,,0,light,2022-08-31T09:00:00+00:00,,UNKNOWN,,,,UNKNOWN,UNKNOWN,,UNKNOWN,,0.0,1.3333333333333333,4.5,0.0,0.0,2.2,6.0,0.0,8.0,0.0,0.0,3.0,,,,3.6,2.0,1.8,9.0,0.0,5.800000000000001,5.0,2.0,5.0,0.0,5.0,1.0,,,,True,True,UNKNOWN,False,False
2021006176,2022-09-01 18:00:00,阪神タイガース,広島東洋カープ,8.0,0.0,UNKNOWN,阪神甲子園球場,unknown,low,False,False,1100081,1600115,[],[],,,,,0,light,2022-09-01T09:00:00+00:00,,UNKNOWN,,,,UNKNOWN,UNKNOWN,,UNKNOWN,,5.4,2.0,5.4,1.8,1.8,5.2,5.0,3.0,9.0,1.0,1.0,3.0,,,,0.0,0.8333333333333334,13.5,3.0,0.0,1.2000000000000002,6.0,0.0,3.0,0.0,2.0,9.0,,,,True,True,UNKNOWN,False,False
2021006179,2022-09-01 18:00:00,福岡ソフトバンクホークス,千葉ロッテマリーンズ,0.0,7.0,UNKNOWN,福岡PayPayドーム,unknown,low,False,False,1000155,2100005,[],[],,,,,0,light,2022-09-01T09:00:00+00:00,,UNKNOWN,,,,UNKNOWN,UNKNOWN,,UNKNOWN,,0.0,0.8571428571428571,5.142857142857143,3.857142857142857,0.0,3.342857142857143,7.0,0.0,3.0,0.0,3.0,4.0,,,,5.142857142857143,1.1428571428571428,10.285714285714286,6.428571428571429,1.2857142857142858,4.914285714285715,7.0,4.0,3.0,1.0,5.0,8.0,,,,True,True,UNKNOWN,False,False
2021006180,2022-09-02 18:00:00,東京ヤクルトスワローズ,中日ドラゴンズ,5.0,0.0,UNKNOWN,明治神宮野球場,unknown,low,False,False,1000138,2000139,[],[],,,,,0,light,2022-09-02T09:00:00+00:00,,UNKNOWN,,,,UNKNOWN,UNKNOWN,,UNKNOWN,,7.2,1.8,9.0,7.2,1.8,6.2,5.0,4.0,5.0,1.0,4.0,5.0,,,,0.0,0.5714285714285714,6.428571428571429,1.2857142857142858,0.0,2.2,7.0,0.0,3.0,0.0,1.0,5.0,,,,True,True,UNKNOWN,False,False
2021006182,2022-09-02 18:00:00,広島東洋カープ,横浜DeNAベイスターズ,2.0,0.0,UNKNOWN,MAZDA Zoom-Zoom スタジアム広島,unknown,low,False,False,1800045,1300057,[],[],,,,,0,light,2022-09-02T09:00:00+00:00,,UNKNOWN,,,,UNKNOWN,UNKNOWN,,UNKNOWN,,1.5,1.1666666666666667,7.5,4.5,0.0,3.0333333333333337,6.0,1.0,4.0,0.0,3.0,5.0,,,,0.0,1.1428571428571428,3.857142857142857,2.5714285714285716,0.0,3.2,7.0,0.0,6.0,0.0,2.0,3.0,,,,True,True,UNKNOWN,False,False
2021006177,2022-09-01 18:00:00,東北楽天ゴールデンイーグルス,オリックス・バファローズ,11.0,8.0,UNKNOWN,楽天生命パーク宮城,unknown,low,False,False,1560732,1600092,[],[],,,,,0,light,2022-09-01T09:00:00+00:00,,UNKNOWN,,,,UNKNOWN,UNKNOWN,,UNKNOWN,,15.0,3.0,6.0,9.0,3.0,9.2,3.0,5.0,6.0,1.0,3.0,2.0,,,,11.571428571428571,2.142857142857143,3.8571428571428568,3.8571428571428568,0.0,3.6285714285714286,2.3333333333333335,3.0,4.0,0.0,1.0,1.0,,,,True,True,UNKNOWN,False,False
2021006183,2022-09-02 18:00:00,東北楽天ゴールデンイーグルス,北海道日本ハムファイターズ,1.0,3.0,UNKNOWN,楽天生命パーク宮城,unknown,low,False,False,2000079,700065,[],[],,,,,0,light,2022-09-02T09:00:00+00:00,,UNKNOWN,,,,UNKNOWN,UNKNOWN,,UNKNOWN,,1.5,1.6666666666666667,7.5,3.0,1.5,4.7,6.0,1.0,8.0,1.0,2.0,5.0,,,,3.857142857142857,1.1428571428571428,6.428571428571429,1.2857142857142858,1.2857142857142858,4.057142857142857,7.0,3.0,7.0,1.0,1.0,5.0,,,,True,True,UNKNOWN,False,False
2021006181,2022-09-02 18:00:00,阪神タイガース,読売ジャイアンツ,2.0,2.0,UNKNOWN,阪神甲子園球場,unknown,low,False,False,1800028,900062,[],[],,,,,0,light,2022-09-02T09:00:00+00:00,,UNKNOWN,,,,UNKNOWN,UNKNOWN,,UNKNOWN,,2.25,1.125,9.0,0.0,0.0,1.2000000000000002,8.0,2.0,9.0,0.0,0.0,8.0,,,,0.0,1.0,6.428571428571429,1.2857142857142858,0.0,2.2,7.0,0.0,6.0,0.0,1.0,5.0,,,,True,True,UNKNOWN,False,False
2021006184,2022-09-02 18:00:00,千葉ロッテマリーンズ,オリックス・バファローズ,0.0,1.0,UNKNOWN,ZOZOマリンスタジアム,unknown,low,False,False,1400195,1900080,[],[],,,,,0,light,2022-09-02T09:00:00+00:00,,UNKNOWN,,,,UNKNOWN,UNKNOWN,,UNKNOWN,,0.0,1.0,9.0,5.4,0.0,3.0,5.0,0.0,2.0,0.0,3.0,5.0,,,,1.0,0.5555555555555556,9.0,1.0,0.0,1.5333333333333334,9.0,1.0,4.0,0.0,1.0,9.0,,,,True,True,UNKNOWN,False,False
2021006185,2022-09-02 18:00:00,福岡ソフトバンクホークス,埼玉西武ライオンズ,4.0,0.0,UNKNOWN,福岡PayPayドーム,unknown,low,False,False,1800080,1200106,[],[],,,,,0,light,2022-09-02T09:00:00+00:00,,UNKNOWN,,,,UNKNOWN,UNKNOWN,,UNKNOWN,,4.2631578947368425,1.105263157894737,9.947368421052632,1.4210526315789473,1.4210526315789473,3.515789473684211,6.333333333333333,3.0,6.0,1.0,1.0,7.0,,,,0.0,1.0588235294117647,9.529411764705882,3.176470588235294,0.0,2.1411764705882357,5.666666666666667,0.0,4.0,0.0,2.0,6.0,,,,True,True,UNKNOWN,False,False
2021006188,2022-09-03 14:00:00,広島東洋カープ,横浜DeNAベイスターズ,4.0,0.0,UNKNOWN,MAZDA Zoom-Zoom スタジアム広島,unknown,low,False,False,1400110,1700072,[],[],,,,,0,light,2022-09-03T05:00:00+00:00,,UNKNOWN,,,,UNKNOWN,UNKNOWN,,UNKNOWN,,3.8571428571428568,1.0714285714285714,7.7142857142857135,0.0,0.0,1.485714285714286,4.666666666666667,2.0,5.0,0.0,0.0,4.0,,,,0.0,0.5714285714285714,6.428571428571429,0.0,0.0,1.7714285714285716,7.0,0.0,4.0,0.0,0.0,5.0,,,,True,True,UNKNOWN,False,False
2021006189,2022-09-03 14:00:00,東北楽天ゴールデンイーグルス,北海道日本ハムファイターズ,5.0,4.0,UNKNOWN,楽天生命パーク宮城,unknown,low,False,False,1961850,700069,[],[],,,,,0,light,2022-09-03T05:00:00+00:00,,UNKNOWN,,,,UNKNOWN,UNKNOWN,,UNKNOWN,,4.5,1.1666666666666667,6.0,3.0,3.0,7.2,6.0,3.0,5.0,2.0,2.0,4.0,,,,6.352941176470588,1.2352941176470587,9.529411764705882,1.588235294117647,1.588235294117647,3.905882352941177,5.666666666666667,4.0,6.0,1.0,1.0,6.0,,,,True,True,UNKNOWN,False,False
2021006191,2022-09-03 14:00:00,福岡ソフトバンクホークス,埼玉西武ライオンズ,5.0,2.0,UNKNOWN,福岡PayPayドーム,unknown,low,False,False,1700125,1800109,[],[],,,,,0,light,2022-09-03T05:00:00+00:00,,UNKNOWN,,,,UNKNOWN,UNKNOWN,,UNKNOWN,,8.307692307692308,2.076923076923077,8.307692307692308,4.153846153846154,4.153846153846154,8.73846153846154,4.333333333333333,4.0,7.0,2.0,2.0,4.0,,,,2.5714285714285716,1.0,9.0,3.857142857142857,2.5714285714285716,6.2,7.0,2.0,4.0,2.0,3.0,7.0,,,,True,True,UNKNOWN,False,False
2021006190,2022-09-03 17:00:00,千葉ロッテマリーンズ,オリックス・バファローズ,3.0,4.0,UNKNOWN,ZOZOマリンスタジアム,unknown,low,False,False,1600153,1800130,[],[],,,,,0,light,2022-09-03T08:00:00+00:00,,UNKNOWN,,,,UNKNOWN,UNKNOWN,,UNKNOWN,,3.0,0.5555555555555556,9.0,0.0,0.0,1.2000000000000002,9.0,3.0,5.0,0.0,0.0,9.0,,,,5.0625,1.3125,3.375,3.375,0.0,3.575,5.333333333333333,3.0,5.0,0.0,2.0,2.0,,,,True,True,UNKNOWN,False,False
2021006186,2022-09-03 18:00:00,東京ヤクルトスワローズ,中日ドラゴンズ,1.0,5.0,UNKNOWN,明治神宮野球場,unknown,low,False,False,1500074,1200076,[],[],,,,,0,light,2022-09-03T09:00:00+00:00,,UNKNOWN,,,,UNKNOWN,UNKNOWN,,UNKNOWN,,1.2272727272727273,1.2272727272727273,8.590909090909092,1.2272727272727273,0.0,1.7000000000000002,7.333333333333333,1.0,8.0,0.0,1.0,7.0,,,,6.75,1.3499999999999999,8.1,1.3499999999999999,1.3499999999999999,3.8000000000000003,6.666666666666667,5.0,8.0,1.0,1.0,6.0,,,,True,True,UNKNOWN,False,False
2021006195,2022-09-04 13:00:00,東北楽天ゴールデンイーグルス,北海道日本ハムファイターズ,2.0,8.0,UNKNOWN,楽天生命パーク宮城,unknown,low,False,False,1500110,2000121,[],[],,,,,0,light,2022-09-04T04:00:00+00:00,,UNKNOWN,,,,UNKNOWN,UNKNOWN,,UNKNOWN,,0.0,0.75,2.25,0.0,0.0,2.7,8.0,0.0,6.0,0.0,0.0,2.0,,,,3.6,1.2,10.8,0.0,0.0,0.8000000000000003,5.0,2.0,6.0,0.0,0.0,6.0,,,,True,True,UNKNOWN,False,False
2021006187,2022-09-03 18:00:00,阪神タイガース,読売ジャイアンツ,1.0,7.0,UNKNOWN,阪神甲子園球場,unknown,low,False,False,1700002,1200062,[],[],,,,,0,light,2022-09-03T09:00:00+00:00,,UNKNOWN,,,,UNKNOWN,UNKNOWN,,UNKNOWN,,2.4545454545454546,1.090909090909091,2.4545454545454546,0.0,2.4545454545454546,6.2,3.6666666666666665,1.0,4.0,1.0,0.0,1.0,,,,4.5,1.1666666666666667,7.5,3.0,0.0,2.5333333333333337,6.0,3.0,5.0,0.0,2.0,5.0,,,,True,True,UNKNOWN,False,False
2021006194,2022-09-04 13:30:00,広島東洋カープ,横浜DeNAベイスターズ,7.0,0.0,UNKNOWN,MAZDA Zoom-Zoom スタジアム広島,unknown,low,False,False,1600084,1900057,[],[],,,,,0,light,2022-09-04T04:30:00+00:00,,UNKNOWN,,,,UNKNOWN,UNKNOWN,,UNKNOWN,,4.5,2.0,6.75,4.5,0.0,3.2,4.0,2.0,6.0,0.0,2.0,3.0,,,,0.0,0.8333333333333334,6.0,1.5,0.0,2.3666666666666667,6.0,0.0,4.0,0.0,1.0,4.0,,,,True,True,UNKNOWN,False,False
2021006197,2022-09-04 13:00:00,福岡ソフトバンクホークス,埼玉西武ライオンズ,1.0,4.0,UNKNOWN,福岡PayPayドーム,unknown,low,False,False,1961288,1000174,[],[],,,,,0,light,2022-09-04T04:00:00+00:00,,UNKNOWN,,,,UNKNOWN,UNKNOWN,,UNKNOWN,,0.0,1.1666666666666667,9.0,3.0,0.0,2.2,6.0,0.0,5.0,0.0,2.0,6.0,,,,2.6999999999999997,1.5,8.1,5.3999999999999995,1.3499999999999999,5.15,6.666666666666667,2.0,6.0,1.0,4.0,6.0,,,,True,True,UNKNOWN,False,False
2021006196,2022-09-04 17:00:00,千葉ロッテマリーンズ,オリックス・バファローズ,2.0,5.0,UNKNOWN,ZOZOマリンスタジアム,unknown,low,False,False,1900087,1800052,[],[],,,,,0,light,2022-09-04T08:00:00+00:00,,UNKNOWN,,,,UNKNOWN,UNKNOWN,,UNKNOWN,,3.176470588235294,1.4117647058823528,9.529411764705882,4.764705882352941,0.0,2.670588235294118,5.666666666666667,2.0,5.0,0.0,3.0,6.0,,,,9.0,1.6,7.2,3.6,1.8,5.4,5.0,5.0,6.0,1.0,2.0,4.0,,,,True,True,UNKNOWN,False,False
2021006193,2022-09-04 18:00:00,阪神タイガース,読売ジャイアンツ,0.0,2.0,UNKNOWN,阪神甲子園球場,unknown,low,False,False,2103689,1900044,[],[],,,,,0,light,2022-09-04T09:00:00+00:00,,UNKNOWN,,,,UNKNOWN,UNKNOWN,,UNKNOWN,,0.0,1.1666666666666667,6.0,1.5,0.0,2.3666666666666667,6.0,0.0,6.0,0.0,1.0,4.0,,,,2.5714285714285716,0.7142857142857143,6.428571428571429,3.857142857142857,1.2857142857142858,4.914285714285715,7.0,2.0,2.0,1.0,3.0,5.0,,,,True,True,UNKNOWN,False,False
2021006199,2022-09-06 18:00:00,中日ドラゴンズ,広島東洋カープ,2.0,4.0,UNKNOWN,バンテリンドーム ナゴヤ,unknown,low,False,False,1300058,1600106,[],[],,,,,0,light,2022-09-06T09:00:00+00:00,,UNKNOWN,,,,UNKNOWN,UNKNOWN,,UNKNOWN,,2.6999999999999997,1.05,8.1,0.0,1.3499999999999999,3.35,6.666666666666667,2.0,7.0,1.0,0.0,6.0,,,,10.799999999999999,3.3,5.3999999999999995,10.799999999999999,2.6999999999999997,9.5,3.3333333333333335,4.0,7.0,1.0,4.0,2.0,,,,True,True,UNKNOWN,False,False
2021006198,2022-09-06 18:00:00,読売ジャイアンツ,横浜DeNAベイスターズ,1.0,2.0,UNKNOWN,東京ドーム,unknown,low,False,False,1500061,1200041,[],[],,,,,0,light,2022-09-06T09:00:00+00:00,,UNKNOWN,,,,UNKNOWN,UNKNOWN,,UNKNOWN,,1.2857142857142858,1.0,6.428571428571429,1.2857142857142858,1.2857142857142858,4.057142857142857,7.0,1.0,6.0,1.0,1.0,5.0,,,,1.0,0.7777777777777778,8.0,2.0,0.0,2.088888888888889,9.0,1.0,5.0,0.0,2.0,8.0,,,,True,True,UNKNOWN,False,False
2021006201,2022-09-06 18:00:00,北海道日本ハムファイターズ,オリックス・バファローズ,6.0,2.0,UNKNOWN,札幌ドーム,unknown,low,False,False,1600150,1100099,[],[],,,,,0,light,2022-09-06T09:00:00+00:00,,UNKNOWN,,,,UNKNOWN,UNKNOWN,,UNKNOWN,,9.642857142857142,2.142857142857143,3.8571428571428568,1.9285714285714284,0.0,2.9857142857142858,4.666666666666667,5.0,9.0,0.0,1.0,2.0,,,,2.5714285714285716,1.0,6.428571428571429,2.5714285714285716,0.0,2.628571428571429,7.0,2.0,5.0,0.0,2.0,5.0,,,,True,True,UNKNOWN,False,False
2021006202,2022-09-06 18:00:00,埼玉西武ライオンズ,千葉ロッテマリーンズ,3.0,2.0,UNKNOWN,ベルーナドーム,unknown,low,False,False,1300050,1400182,[],[],,,,,0,light,2022-09-06T09:00:00+00:00,,UNKNOWN,,,,UNKNOWN,UNKNOWN,,UNKNOWN,,4.5,0.8333333333333334,12.0,0.0,4.5,7.033333333333333,6.0,3.0,5.0,3.0,0.0,8.0,,,,1.1739130434782608,1.0434782608695652,10.565217391304348,0.0,0.0,0.8521739130434787,7.666666666666667,1.0,8.0,0.0,0.0,9.0,,,,True,True,UNKNOWN,False,False
2021006200,2022-09-06 18:00:00,阪神タイガース,東京ヤクルトスワローズ,6.0,8.0,UNKNOWN,阪神甲子園球場,unknown,low,False,False,12113,1500090,[],[],,,,,0,light,2022-09-06T09:00:00+00:00,,UNKNOWN,,,,UNKNOWN,UNKNOWN,,UNKNOWN,,3.176470588235294,1.0588235294117647,3.176470588235294,0.0,0.0,2.4941176470588236,5.666666666666667,2.0,6.0,0.0,0.0,2.0,,,,7.5,1.3333333333333333,10.5,1.5,1.5,3.5333333333333337,6.0,5.0,7.0,1.0,1.0,7.0,,,,True,True,UNKNOWN,False,False
2021006192,2022-09-04 18:00:00,東京ヤクルトスワローズ,中日ドラゴンズ,3.0,6.0,UNKNOWN,明治神宮野球場,unknown,low,False,False,2000042,1500040,[],[],,,,,0,light,2022-09-04T09:00:00+00:00,,UNKNOWN,,,,UNKNOWN,UNKNOWN,,UNKNOWN,,5.0625,1.125,16.875,3.375,1.6875,3.0125,5.333333333333333,3.0,4.0,1.0,2.0,10.0,,,,8.4375,1.6875,3.375,1.6875,0.0,3.0125,5.333333333333333,5.0,8.0,0.0,1.0,2.0,,,,True,True,UNKNOWN,False,False
2021006203,2022-09-06 18:00:00,福岡ソフトバンクホークス,東北楽天ゴールデンイーグルス,4.0,2.0,UNKNOWN,福岡PayPayドーム,excluded,high,False,False,1900117,20204,[],[],,,,,0,light,2022-09-06T09:00:00+00:00,,UNKNOWN,,,,UNKNOWN,UNKNOWN,,UNKNOWN,,9.0,2.5,2.25,4.5,0.0,4.2,4.0,4.0,8.0,0.0,2.0,1.0,,,,3.6,0.6,7.2,0.0,1.8,4.2,5.0,2.0,3.0,1.0,0.0,4.0,,,,True,True,UNKNOWN,False,False
2021006204,2022-09-07 18:00:00,読売ジャイアンツ,横浜DeNAベイスターズ,18.0,3.0,UNKNOWN,東京ドーム,unknown,low,False,False,1600081,2000006,[],[],,,,,0,light,2022-09-07T09:00:00+00:00,,UNKNOWN,,,,UNKNOWN,UNKNOWN,,UNKNOWN,,27.0,3.272727272727273,12.272727272727273,4.909090909090909,7.363636363636364,12.745454545454546,3.6666666666666665,11.0,10.0,3.0,2.0,5.0,,,,1.2857142857142858,0.5714285714285714,3.857142857142857,0.0,1.2857142857142858,4.2,7.0,1.0,4.0,1.0,0.0,3.0,,,,True,True,UNKNOWN,False,False
2021006205,2022-09-07 18:00:00,中日ドラゴンズ,広島東洋カープ,1.0,3.0,UNKNOWN,バンテリンドーム ナゴヤ,excluded,high,False,False,2103788,1200098,[],[],,,,,0,light,2022-09-07T09:00:00+00:00,,UNKNOWN,,,,UNKNOWN,UNKNOWN,,UNKNOWN,,1.8,1.4,7.2,7.2,0.0,4.0,5.0,1.0,3.0,0.0,4.0,4.0,,,,5.0625,1.125,8.4375,0.0,0.0,1.3250000000000002,5.333333333333333,3.0,6.0,0.0,0.0,5.0,,,,True,True,UNKNOWN,False,False
2021006206,2022-09-07 18:00:00,阪神タイガース,東京ヤクルトスワローズ,9.0,1.0,UNKNOWN,阪神甲子園球場,unknown,low,False,False,1300045,2000052,[],[],,,,,0,light,2022-09-07T09:00:00+00:00,,UNKNOWN,,,,UNKNOWN,UNKNOWN,,UNKNOWN,,16.2,2.4,13.5,13.5,0.0,4.7,3.3333333333333335,6.0,3.0,0.0,5.0,5.0,,,,1.0,0.5555555555555556,6.0,0.0,0.0,1.866666666666667,9.0,1.0,5.0,0.0,0.0,6.0,,,,True,True,UNKNOWN,False,False
2021006208,2022-09-07 18:00:00,埼玉西武ライオンズ,千葉ロッテマリーンズ,1.0,7.0,UNKNOWN,ベルーナドーム,unknown,low,False,False,2000095,1751148,[],[],,,,,0,light,2022-09-07T09:00:00+00:00,,UNKNOWN,,,,UNKNOWN,UNKNOWN,,UNKNOWN,,1.8,0.4,3.6,0.0,0.0,2.4000000000000004,5.0,1.0,2.0,0.0,0.0,2.0,,,,9.0,2.5,4.5,6.75,4.5,10.95,4.0,4.0,7.0,2.0,3.0,2.0,,,,True,True,UNKNOWN,False,False
2021006207,2022-09-07 18:00:00,北海道日本ハムファイターズ,オリックス・バファローズ,3.0,2.0,UNKNOWN,札幌ドーム,unknown,low,False,False,1500088,1500109,[],[],,,,,0,light,2022-09-07T09:00:00+00:00,,UNKNOWN,,,,UNKNOWN,UNKNOWN,,UNKNOWN,,9.0,3.5,0.0,18.0,0.0,9.2,2.0,2.0,3.0,0.0,4.0,0.0,,,,5.3999999999999995,1.5,5.3999999999999995,8.1,0.0,4.7,3.3333333333333335,2.0,2.0,0.0,3.0,2.0,,,,True,True,UNKNOWN,False,False
2021006209,2022-09-07 18:00:00,福岡ソフトバンクホークス,東北楽天ゴールデンイーグルス,3.0,4.0,UNKNOWN,福岡PayPayドーム,unknown,low,False,False,900090,1300080,[],[],,,,,0,light,2022-09-07T09:00:00+00:00,,UNKNOWN,,,,UNKNOWN,UNKNOWN,,UNKNOWN,,1.6875,1.5,6.75,1.6875,1.6875,4.7,5.333333333333333,1.0,7.0,1.0,1.0,4.0,,,,3.0,1.5,7.5,4.5,0.0,3.0333333333333337,6.0,2.0,6.0,0.0,3.0,5.0,,,,True,True,UNKNOWN,False,False
2021006210,2022-09-08 18:00:00,読売ジャイアンツ,横浜DeNAベイスターズ,6.0,5.0,UNKNOWN,東京ドーム,unknown,low,False,False,2000145,1900019,[],[],,,,,0,light,2022-09-08T09:00:00+00:00,,UNKNOWN,,,,UNKNOWN,UNKNOWN,,UNKNOWN,,6.75,1.5,2.25,4.5,2.25,7.45,4.0,3.0,4.0,1.0,2.0,1.0,,,,9.818181818181818,1.3636363636363638,9.818181818181818,4.909090909090909,0.0,2.6545454545454548,3.6666666666666665,4.0,3.0,0.0,2.0,4.0,,,,True,True,UNKNOWN,False,False
2021006213,2022-09-08 18:00:00,福岡ソフトバンクホークス,東北楽天ゴールデンイーグルス,3.0,7.0,UNKNOWN,福岡PayPayドーム,excluded,high,False,False,500014,2100005,[],[],,,,,0,light,2022-09-08T09:00:00+00:00,,UNKNOWN,,,,UNKNOWN,UNKNOWN,,UNKNOWN,,3.0,1.0,3.0,4.5,1.5,6.2,6.0,2.0,3.0,1.0,3.0,2.0,,,,9.0,1.25,11.25,0.0,4.5,7.2,4.0,4.0,5.0,2.0,0.0,5.0,,,,True,True,UNKNOWN,False,False
2021006212,2022-09-08 18:00:00,埼玉西武ライオンズ,オリックス・バファローズ,0.0,5.0,UNKNOWN,ベルーナドーム,unknown,low,False,False,1650221,1600131,[],[],,,,,0,light,2022-09-08T09:00:00+00:00,,UNKNOWN,,,,UNKNOWN,UNKNOWN,,UNKNOWN,,0.0,0.75,6.75,0.0,0.0,1.7000000000000002,1.3333333333333333,0.0,1.0,0.0,0.0,1.0,,,,1.4210526315789473,0.6315789473684211,5.684210526315789,4.2631578947368425,1.4210526315789473,5.410526315789474,6.333333333333333,1.0,1.0,1.0,3.0,4.0,,,,True,True,UNKNOWN,False,False
2021006211,2022-09-08 18:00:00,中日ドラゴンズ,広島東洋カープ,2.0,0.0,UNKNOWN,バンテリンドーム ナゴヤ,unknown,low,False,False,1900052,2000049,[],[],,,,,0,light,2022-09-08T09:00:00+00:00,,UNKNOWN,,,,UNKNOWN,UNKNOWN,,UNKNOWN,,1.2857142857142858,1.0,10.285714285714286,0.0,0.0,0.9142857142857146,7.0,1.0,7.0,0.0,0.0,8.0,,,,0.0,0.8333333333333334,6.0,4.5,0.0,3.3666666666666667,6.0,0.0,2.0,0.0,3.0,4.0,,,,True,True,UNKNOWN,False,False
2021006214,2022-09-09 18:00:00,読売ジャイアンツ,中日ドラゴンズ,1.0,3.0,UNKNOWN,東京ドーム,unknown,low,False,False,1000138,1800028,[],[],,,,,0,light,2022-09-09T09:00:00+00:00,,UNKNOWN,,,,UNKNOWN,UNKNOWN,,UNKNOWN,,0.0,0.8571428571428571,6.428571428571429,3.857142857142857,0.0,3.0571428571428574,7.0,0.0,3.0,0.0,3.0,5.0,,,,1.2857142857142858,1.0,6.428571428571429,2.5714285714285716,0.0,2.628571428571429,7.0,1.0,5.0,0.0,2.0,5.0,,,,True,True,UNKNOWN,False,False
2021011367,2022-09-08 18:00:00,千葉ロッテマリーンズ,北海道日本ハムファイターズ,10.0,2.0,UNKNOWN,ZOZOマリンスタジアム,unknown,low,False,False,1961437,1000155,[],[],,,,,0,light,2022-09-08T09:00:00+00:00,,UNKNOWN,,,,UNKNOWN,UNKNOWN,,UNKNOWN,,0.0,0.4,9.0,3.6,0.0,2.4000000000000004,5.0,0.0,0.0,0.0,2.0,5.0,,,,0.0,0.42857142857142855,10.285714285714286,0.0,0.0,0.9142857142857146,7.0,0.0,3.0,0.0,0.0,8.0,,,,True,True,UNKNOWN,False,False
2021006215,2022-09-09 18:00:00,東京ヤクルトスワローズ,広島東洋カープ,7.0,6.0,UNKNOWN,明治神宮野球場,unknown,low,False,False,1300057,1500139,[],[],,,,,0,light,2022-09-09T09:00:00+00:00,,UNKNOWN,,,,UNKNOWN,UNKNOWN,,UNKNOWN,,11.117647058823529,1.7647058823529411,4.764705882352941,1.588235294117647,4.764705882352941,9.552941176470588,5.666666666666667,7.0,9.0,3.0,1.0,3.0,,,,7.2,1.4,3.6,1.8,0.0,3.0,5.0,4.0,6.0,0.0,1.0,2.0,,,,True,True,UNKNOWN,False,False
2021007262,2022-09-09 18:00:00,横浜DeNAベイスターズ,阪神タイガース,9.0,2.0,UNKNOWN,横浜スタジアム,excluded,high,False,False,1200062,1800043,[],[],,,,,0,light,2022-09-09T09:00:00+00:00,,UNKNOWN,,,,UNKNOWN,UNKNOWN,,UNKNOWN,,14.53846153846154,1.8461538461538463,10.384615384615385,2.076923076923077,2.076923076923077,4.584615384615385,4.333333333333333,7.0,7.0,1.0,1.0,5.0,,,,3.6,1.4,3.6,5.4,0.0,4.2,5.0,2.0,4.0,0.0,3.0,2.0,,,,True,True,UNKNOWN,False,False
2021006218,2022-09-10 14:00:00,横浜DeNAベイスターズ,阪神タイガース,7.0,0.0,UNKNOWN,横浜スタジアム,unknown,low,False,False,2102929,1400110,[],[],,,,,0,light,2022-09-10T05:00:00+00:00,,UNKNOWN,,,,UNKNOWN,UNKNOWN,,UNKNOWN,,10.125,2.625,6.75,6.75,0.0,3.95,2.6666666666666665,3.0,5.0,0.0,2.0,2.0,,,,0.0,0.8333333333333334,9.0,4.5,0.0,2.7,6.0,0.0,2.0,0.0,3.0,6.0,,,,True,True,UNKNOWN,False,False
2021006216,2022-09-10 14:00:00,読売ジャイアンツ,中日ドラゴンズ,2.0,5.0,UNKNOWN,東京ドーム,unknown,low,False,False,1500074,1700002,[],[],,,,,0,light,2022-09-10T05:00:00+00:00,,UNKNOWN,,,,UNKNOWN,UNKNOWN,,UNKNOWN,,2.4545454545454546,0.6818181818181819,8.590909090909092,1.2272727272727273,0.0,1.7000000000000002,7.333333333333333,2.0,4.0,0.0,1.0,7.0,,,,3.375,1.3125,5.0625,1.6875,1.6875,5.075,5.333333333333333,2.0,6.0,1.0,1.0,3.0,,,,True,True,UNKNOWN,False,False
2021006220,2022-09-10 14:00:00,埼玉西武ライオンズ,北海道日本ハムファイターズ,1.0,2.0,UNKNOWN,ベルーナドーム,unknown,low,False,False,2000079,1800080,[],[],,,,,0,light,2022-09-10T05:00:00+00:00,,UNKNOWN,,,,UNKNOWN,UNKNOWN,,UNKNOWN,,0.0,0.5,5.625,1.125,0.0,2.325,8.0,0.0,3.0,0.0,1.0,5.0,,,,0.0,0.7142857142857143,10.285714285714286,3.857142857142857,0.0,2.2,7.0,0.0,2.0,0.0,3.0,8.0,,,,True,True,UNKNOWN,False,False
2021006217,2022-09-10 18:00:00,東京ヤクルトスワローズ,広島東洋カープ,7.0,15.0,UNKNOWN,明治神宮野球場,unknown,low,False,False,1100081,2000139,[],[],,,,,0,light,2022-09-10T09:00:00+00:00,,UNKNOWN,,,,UNKNOWN,UNKNOWN,,UNKNOWN,,18.9,2.6999999999999997,2.6999999999999997,2.6999999999999997,0.0,3.5,3.3333333333333335,7.0,8.0,0.0,1.0,1.0,,,,3.375,4.5,6.75,6.75,3.375,8.825,2.6666666666666665,1.0,10.0,1.0,2.0,2.0,,,,True,True,UNKNOWN,False,False
2021006219,2022-09-10 18:00:00,東北楽天ゴールデンイーグルス,千葉ロッテマリーンズ,4.0,6.0,UNKNOWN,楽天生命パーク宮城,unknown,low,False,False,1900085,700069,[],[],,,,,0,light,2022-09-10T09:00:00+00:00,,UNKNOWN,,,,UNKNOWN,UNKNOWN,,UNKNOWN,,6.230769230769231,2.076923076923077,2.076923076923077,6.230769230769231,2.076923076923077,7.815384615384616,4.333333333333333,3.0,6.0,1.0,3.0,1.0,,,,9.0,2.2,3.6,3.6,1.8,6.2,5.0,5.0,9.0,1.0,2.0,2.0,,,,True,True,UNKNOWN,False,False
2021006222,2022-09-11 14:00:00,横浜DeNAベイスターズ,東京ヤクルトスワローズ,0.0,1.0,UNKNOWN,横浜スタジアム,unknown,low,False,False,1200076,1800045,[],[],,,,,0,light,2022-09-11T05:00:00+00:00,,UNKNOWN,,,,UNKNOWN,UNKNOWN,,UNKNOWN,,0.0,0.7142857142857143,5.142857142857143,0.0,0.0,2.0571428571428574,7.0,0.0,5.0,0.0,0.0,4.0,,,,1.2857142857142858,0.8571428571428571,9.0,2.5714285714285716,0.0,2.0571428571428574,7.0,1.0,4.0,0.0,2.0,7.0,,,,True,True,UNKNOWN,False,False
2021006221,2022-09-10 18:00:00,オリックス・バファローズ,福岡ソフトバンクホークス,5.0,2.0,UNKNOWN,京セラドーム大阪,unknown,low,False,False,1800109,1600153,[],[],,,,,0,light,2022-09-10T09:00:00+00:00,,UNKNOWN,,,,UNKNOWN,UNKNOWN,,UNKNOWN,,10.384615384615385,2.7692307692307696,6.230769230769231,6.230769230769231,2.076923076923077,6.892307692307693,4.333333333333333,5.0,9.0,1.0,3.0,3.0,,,,1.2857142857142858,0.7142857142857143,11.571428571428571,1.2857142857142858,1.2857142857142858,2.9142857142857146,7.0,1.0,4.0,1.0,1.0,9.0,,,,True,True,UNKNOWN,False,False
2021006226,2022-09-11 14:00:00,埼玉西武ライオンズ,北海道日本ハムファイターズ,3.0,0.0,UNKNOWN,ベルーナドーム,unknown,low,False,False,1961850,1700125,[],[],,,,,0,light,2022-09-11T05:00:00+00:00,,UNKNOWN,,,,UNKNOWN,UNKNOWN,,UNKNOWN,,4.5,1.1666666666666667,7.5,3.0,1.5,4.7,6.0,3.0,5.0,1.0,2.0,5.0,,,,0.0,1.4,3.6,5.4,0.0,4.2,5.0,0.0,4.0,0.0,3.0,2.0,,,,True,True,UNKNOWN,False,False
2021006225,2022-09-11 14:00:00,東北楽天ゴールデンイーグルス,千葉ロッテマリーンズ,3.0,2.0,UNKNOWN,楽天生命パーク宮城,unknown,low,False,False,1800052,700065,[],[],,,,,0,light,2022-09-11T05:00:00+00:00,,UNKNOWN,,,,UNKNOWN,UNKNOWN,,UNKNOWN,,0.0,0.8571428571428571,1.2857142857142858,5.142857142857143,0.0,4.628571428571429,7.0,0.0,2.0,0.0,4.0,1.0,,,,2.25,0.625,5.625,1.125,0.0,2.325,8.0,2.0,4.0,0.0,1.0,5.0,,,,True,True,UNKNOWN,False,False
2021006227,2022-09-11 14:00:00,オリックス・バファローズ,福岡ソフトバンクホークス,3.0,4.0,UNKNOWN,京セラドーム大阪,unknown,low,False,False,1000174,1400195,[],[],,,,,0,light,2022-09-11T05:00:00+00:00,,UNKNOWN,,,,UNKNOWN,UNKNOWN,,UNKNOWN,,3.0,1.3333333333333333,10.5,4.5,0.0,2.3666666666666667,6.0,2.0,5.0,0.0,3.0,7.0,,,,12.0,2.6666666666666665,9.0,3.0,6.0,10.866666666666667,3.0,4.0,7.0,2.0,1.0,3.0,,,,True,True,UNKNOWN,False,False
2021006223,2022-09-11 18:00:00,阪神タイガース,中日ドラゴンズ,5.0,0.0,UNKNOWN,阪神甲子園球場,unknown,low,False,False,1800061,1900044,[],[],,,,,0,light,2022-09-11T09:00:00+00:00,,UNKNOWN,,,,UNKNOWN,UNKNOWN,,UNKNOWN,,7.5,1.3333333333333333,6.0,1.5,0.0,2.3666666666666667,6.0,5.0,7.0,0.0,1.0,4.0,,,,0.0,1.0588235294117647,6.352941176470588,1.588235294117647,0.0,2.3176470588235296,5.666666666666667,0.0,5.0,0.0,1.0,4.0,,,,True,True,UNKNOWN,False,False
2021006224,2022-09-11 18:00:00,広島東洋カープ,読売ジャイアンツ,0.0,7.0,UNKNOWN,MAZDA Zoom-Zoom スタジアム広島,unknown,low,False,False,2103689,1700072,[],[],,,,,0,light,2022-09-11T09:00:00+00:00,,UNKNOWN,,,,UNKNOWN,UNKNOWN,,UNKNOWN,,0.0,1.0,10.8,5.4,0.0,2.6,5.0,0.0,2.0,0.0,3.0,6.0,,,,16.875,2.625,6.75,3.375,10.125,17.45,2.6666666666666665,5.0,6.0,3.0,1.0,2.0,,,,True,True,UNKNOWN,False,False
2021006228,2022-09-12 18:00:00,千葉ロッテマリーンズ,北海道日本ハムファイターズ,3.0,0.0,UNKNOWN,ZOZOマリンスタジアム,unknown,low,False,False,1500110,2000087,[],[],,,,,0,light,2022-09-12T09:00:00+00:00,,UNKNOWN,,,,UNKNOWN,UNKNOWN,,UNKNOWN,,3.375,1.25,4.5,2.25,0.0,2.95,8.0,3.0,8.0,0.0,2.0,4.0,,,,0.0,1.0,3.0,0.0,0.0,2.5333333333333337,6.0,0.0,6.0,0.0,0.0,2.0,,,,True,True,UNKNOWN,False,False
2021006229,2022-09-12 18:00:00,福岡ソフトバンクホークス,埼玉西武ライオンズ,7.0,5.0,UNKNOWN,福岡PayPayドーム,unknown,low,False,False,1961288,1200106,[],[],,,,,0,light,2022-09-12T09:00:00+00:00,,UNKNOWN,,,,UNKNOWN,UNKNOWN,,UNKNOWN,,9.0,1.8,9.0,5.4,3.6,8.2,5.0,5.0,6.0,2.0,3.0,5.0,,,,4.764705882352941,1.588235294117647,9.529411764705882,3.176470588235294,1.588235294117647,4.435294117647059,5.666666666666667,3.0,7.0,1.0,2.0,6.0,,,,True,True,UNKNOWN,False,False
2021007260,2022-09-12 18:00:00,阪神タイガース,中日ドラゴンズ,6.0,2.0,UNKNOWN,阪神甲子園球場,unknown,low,False,False,1600106,1600115,[],[],,,,,0,light,2022-09-12T09:00:00+00:00,,UNKNOWN,,,,UNKNOWN,UNKNOWN,,UNKNOWN,,5.0625,2.0625,5.0625,5.0625,0.0,3.7625,5.333333333333333,3.0,8.0,0.0,3.0,3.0,,,,1.8,1.4,10.8,5.4,0.0,2.6,5.0,1.0,4.0,0.0,3.0,6.0,,,,True,True,UNKNOWN,False,False
2021010630,2022-09-12 18:00:00,横浜DeNAベイスターズ,東京ヤクルトスワローズ,7.0,1.0,UNKNOWN,横浜スタジアム,unknown,low,False,False,1500040,1500061,[],[],,,,,0,light,2022-09-12T09:00:00+00:00,,UNKNOWN,,,,UNKNOWN,UNKNOWN,,UNKNOWN,,11.25,2.5,6.75,6.75,0.0,3.95,4.0,5.0,7.0,0.0,3.0,3.0,,,,1.2857142857142858,0.8571428571428571,7.714285714285714,2.5714285714285716,1.2857142857142858,4.2,7.0,1.0,4.0,1.0,2.0,6.0,,,,True,True,UNKNOWN,False,False
2021006230,2022-09-13 18:00:00,東京ヤクルトスワローズ,読売ジャイアンツ,7.0,9.0,UNKNOWN,明治神宮野球場,unknown,low,False,False,1200041,12113,[],[],,,,,0,light,2022-09-13T09:00:00+00:00,,UNKNOWN,,,,UNKNOWN,UNKNOWN,,UNKNOWN,,3.857142857142857,1.0,7.714285714285714,1.2857142857142858,3.857142857142857,7.485714285714286,7.0,3.0,6.0,3.0,1.0,6.0,,,,12.461538461538462,2.076923076923077,0.0,0.0,6.230769230769231,12.2,4.333333333333333,6.0,9.0,3.0,0.0,0.0,,,,True,True,UNKNOWN,False,False
2021007265,2022-09-12 18:00:00,東北楽天ゴールデンイーグルス,オリックス・バファローズ,8.0,2.0,UNKNOWN,楽天生命パーク宮城,unknown,low,False,False,1900087,1200117,[],[],,,,,0,light,2022-09-12T09:00:00+00:00,,UNKNOWN,,,,UNKNOWN,UNKNOWN,,UNKNOWN,,3.0,1.3333333333333333,9.0,0.0,0.0,1.2000000000000002,6.0,2.0,8.0,0.0,0.0,6.0,,,,1.2857142857142858,0.7142857142857143,11.571428571428571,1.2857142857142858,1.2857142857142858,2.9142857142857146,7.0,1.0,4.0,1.0,1.0,9.0,,,,True,True,UNKNOWN,False,False
2021006231,2022-09-13 18:00:00,中日ドラゴンズ,横浜DeNAベイスターズ,0.0,1.0,UNKNOWN,バンテリンドーム ナゴヤ,unknown,low,False,False,1660377,2000042,[],[],,,,,0,light,2022-09-13T09:00:00+00:00,,UNKNOWN,,,,UNKNOWN,UNKNOWN,,UNKNOWN,,0.0,0.5714285714285714,5.142857142857143,1.2857142857142858,0.0,2.4857142857142858,7.0,0.0,3.0,0.0,1.0,4.0,,,,1.2857142857142858,0.42857142857142855,11.571428571428571,2.5714285714285716,0.0,1.485714285714286,7.0,1.0,1.0,0.0,2.0,9.0,,,,True,True,UNKNOWN,False,False
2021006232,2022-09-13 18:00:00,阪神タイガース,広島東洋カープ,3.0,6.0,UNKNOWN,阪神甲子園球場,unknown,low,False,False,1300058,1500090,[],[],,,,,0,light,2022-09-13T09:00:00+00:00,,UNKNOWN,,,,UNKNOWN,UNKNOWN,,UNKNOWN,,2.076923076923077,2.307692307692308,8.307692307692308,4.153846153846154,0.0,2.7384615384615385,4.333333333333333,1.0,8.0,0.0,2.0,4.0,,,,6.0,1.3333333333333333,9.0,4.5,0.0,2.7,6.0,4.0,5.0,0.0,3.0,6.0,,,,True,True,UNKNOWN,False,False
2021006235,2022-09-13 18:00:00,福岡ソフトバンクホークス,埼玉西武ライオンズ,9.0,0.0,UNKNOWN,福岡PayPayドーム,unknown,low,False,False,1400182,1800112,[],[],,,,,0,light,2022-09-13T09:00:00+00:00,,UNKNOWN,,,,UNKNOWN,UNKNOWN,,UNKNOWN,,3.0,1.8333333333333333,7.5,7.5,0.0,4.033333333333333,6.0,2.0,6.0,0.0,5.0,5.0,,,,0.0,0.3333333333333333,0.0,0.0,0.0,3.2,3.0,0.0,1.0,0.0,0.0,0.0,,,,True,True,UNKNOWN,False,False
2021006233,2022-09-13 18:00:00,千葉ロッテマリーンズ,北海道日本ハムファイターズ,3.0,11.0,UNKNOWN,ZOZOマリンスタジアム,unknown,low,False,False,1100099,1300050,[],[],,,,,0,light,2022-09-13T09:00:00+00:00,,UNKNOWN,,,,UNKNOWN,UNKNOWN,,UNKNOWN,,3.857142857142857,1.1428571428571428,5.142857142857143,2.5714285714285716,0.0,2.9142857142857146,7.0,3.0,6.0,0.0,2.0,4.0,,,,13.5,2.357142857142857,3.8571428571428568,1.9285714285714284,1.9285714285714284,5.771428571428571,4.666666666666667,7.0,10.0,1.0,1.0,2.0,,,,True,True,UNKNOWN,False,False
2021007266,2022-09-13 18:00:00,東北楽天ゴールデンイーグルス,オリックス・バファローズ,3.0,3.0,UNKNOWN,楽天生命パーク宮城,unknown,low,False,False,1700109,2000121,[],[],,,,,0,light,2022-09-13T09:00:00+00:00,,UNKNOWN,,,,UNKNOWN,UNKNOWN,,UNKNOWN,,4.2631578947368425,0.9473684210526316,2.8421052631578947,0.0,1.4210526315789473,4.621052631578948,6.333333333333333,3.0,6.0,1.0,0.0,2.0,,,,5.4,0.8,3.6,1.8,3.6,8.2,5.0,3.0,3.0,2.0,1.0,2.0,,,,True,True,UNKNOWN,False,False
2021006236,2022-09-14 18:00:00,中日ドラゴンズ,横浜DeNAベイスターズ,3.0,2.0,UNKNOWN,バンテリンドーム ナゴヤ,unknown,low,False,False,2000145,1200098,[],[],,,,,0,light,2022-09-14T09:00:00+00:00,,UNKNOWN,,,,UNKNOWN,UNKNOWN,,UNKNOWN,,5.0625,1.6875,3.375,3.375,1.6875,6.0125,5.333333333333333,3.0,7.0,1.0,2.0,2.0,,,,3.6,1.0,1.8,1.8,1.8,6.0,5.0,2.0,4.0,1.0,1.0,1.0,,,,True,True,UNKNOWN,False,False
2021007261,2022-09-14 18:00:00,阪神タイガース,広島東洋カープ,6.0,5.0,UNKNOWN,阪神甲子園球場,unknown,low,False,False,1900052,2000052,[],[],,,,,0,light,2022-09-14T09:00:00+00:00,,UNKNOWN,,,,UNKNOWN,UNKNOWN,,UNKNOWN,,10.125,1.5,8.4375,1.6875,0.0,1.8875000000000002,5.333333333333333,6.0,7.0,0.0,1.0,5.0,,,,5.4,1.6,10.8,1.8,1.8,4.0,5.0,3.0,7.0,1.0,1.0,6.0,,,,True,True,UNKNOWN,False,False
2021011368,2022-09-14 18:00:00,福岡ソフトバンクホークス,埼玉西武ライオンズ,6.0,1.0,UNKNOWN,福岡PayPayドーム,unknown,low,False,False,1751148,1300080,[],[],,,,,0,light,2022-09-14T09:00:00+00:00,,UNKNOWN,,,,UNKNOWN,UNKNOWN,,UNKNOWN,,6.428571428571429,1.2857142857142858,9.0,1.2857142857142858,0.0,1.6285714285714288,7.0,5.0,8.0,0.0,1.0,7.0,,,,1.3499999999999999,1.3499999999999999,9.45,1.3499999999999999,0.0,1.5500000000000003,6.666666666666667,1.0,8.0,0.0,1.0,7.0,,,,True,True,UNKNOWN,False,False
2021006240,2022-09-16 18:00:00,中日ドラゴンズ,東京ヤクルトスワローズ,8.0,0.0,UNKNOWN,バンテリンドーム ナゴヤ,unknown,low,False,False,1300045,1000138,[],[],,,,,0,light,2022-09-16T09:00:00+00:00,,UNKNOWN,,,,UNKNOWN,UNKNOWN,,UNKNOWN,,13.5,3.0,5.3999999999999995,16.2,0.0,7.4,3.3333333333333335,5.0,4.0,0.0,6.0,2.0,,,,0.0,0.42857142857142855,9.0,2.5714285714285716,0.0,2.0571428571428574,7.0,0.0,1.0,0.0,2.0,7.0,,,,True,True,UNKNOWN,False,False
2021006237,2022-09-15 18:00:00,東北楽天ゴールデンイーグルス,福岡ソフトバンクホークス,3.0,7.0,UNKNOWN,楽天生命パーク宮城,unknown,low,False,False,20204,900090,[],[],,,,,0,light,2022-09-15T09:00:00+00:00,,UNKNOWN,,,,UNKNOWN,UNKNOWN,,UNKNOWN,,0.0,1.0,7.2,1.8,0.0,2.2,5.0,0.0,4.0,0.0,1.0,4.0,,,,9.0,2.25,0.0,2.25,2.25,7.2,4.0,4.0,8.0,1.0,1.0,0.0,,,,True,True,UNKNOWN,False,False
2021006238,2022-09-15 18:00:00,千葉ロッテマリーンズ,埼玉西武ライオンズ,8.0,1.0,UNKNOWN,ZOZOマリンスタジアム,unknown,low,False,False,1600131,1000155,[],[],,,,,0,light,2022-09-15T09:00:00+00:00,,UNKNOWN,,,,UNKNOWN,UNKNOWN,,UNKNOWN,,12.0,2.0,3.0,0.0,3.0,6.866666666666667,3.0,4.0,6.0,1.0,0.0,1.0,,,,0.0,0.42857142857142855,9.0,0.0,0.0,1.2000000000000002,7.0,0.0,3.0,0.0,0.0,7.0,,,,True,True,UNKNOWN,False,False
2021011406,2022-09-14 18:00:00,千葉ロッテマリーンズ,北海道日本ハムファイターズ,8.0,1.0,UNKNOWN,ZOZOマリンスタジアム,unknown,low,False,False,1900073,1900080,[],[],,,,,0,light,2022-09-14T09:00:00+00:00,,UNKNOWN,,,,UNKNOWN,UNKNOWN,,UNKNOWN,,7.7142857142857135,1.7142857142857142,5.785714285714286,5.785714285714286,0.0,3.842857142857143,4.666666666666667,4.0,5.0,0.0,3.0,3.0,,,,1.8,0.8,10.8,0.0,1.8,3.4000000000000004,5.0,1.0,4.0,1.0,0.0,6.0,,,,True,True,UNKNOWN,False,False
2021006241,2022-09-16 18:00:00,東北楽天ゴールデンイーグルス,福岡ソフトバンクホークス,2.0,6.0,UNKNOWN,楽天生命パーク宮城,unknown,low,False,False,1300077,500014,[],[],,,,,0,light,2022-09-16T09:00:00+00:00,,UNKNOWN,,,,UNKNOWN,UNKNOWN,,UNKNOWN,,3.0,0.6666666666666666,9.0,0.0,3.0,5.533333333333333,3.0,1.0,2.0,1.0,0.0,3.0,,,,6.230769230769231,1.6153846153846154,6.230769230769231,2.076923076923077,2.076923076923077,5.507692307692308,4.333333333333333,3.0,6.0,1.0,1.0,3.0,,,,True,True,UNKNOWN,False,False
2021006244,2022-09-17 14:00:00,横浜DeNAベイスターズ,広島東洋カープ,3.0,10.0,UNKNOWN,横浜スタジアム,excluded,high,False,False,1900057,1700060,[],[],,,,,0,light,2022-09-17T05:00:00+00:00,,UNKNOWN,,,,UNKNOWN,UNKNOWN,,UNKNOWN,,5.785714285714286,1.5,1.9285714285714284,3.8571428571428568,0.0,4.057142857142857,4.666666666666667,3.0,5.0,0.0,2.0,1.0,,,,9.0,1.6666666666666667,6.0,3.0,3.0,7.2,3.0,3.0,4.0,1.0,1.0,2.0,,,,True,True,UNKNOWN,False,False
2021011383,2022-09-16 18:00:00,横浜DeNAベイスターズ,広島東洋カープ,3.0,5.0,UNKNOWN,横浜スタジアム,unknown,low,False,False,1300057,1600081,[],[],,,,,0,light,2022-09-16T09:00:00+00:00,,UNKNOWN,,,,UNKNOWN,UNKNOWN,,UNKNOWN,,4.764705882352941,1.588235294117647,3.176470588235294,1.588235294117647,1.588235294117647,5.31764705882353,5.666666666666667,3.0,8.0,1.0,1.0,2.0,,,,6.0,1.1666666666666667,1.5,1.5,0.0,3.3666666666666667,6.0,4.0,6.0,0.0,1.0,1.0,,,,True,True,UNKNOWN,False,False
2021006243,2022-09-17 18:00:00,読売ジャイアンツ,阪神タイガース,3.0,2.0,UNKNOWN,東京ドーム,climax,high,False,True,900062,1800028,[],[],,,,,0,light,2022-09-17T09:00:00+00:00,,UNKNOWN,,,,UNKNOWN,UNKNOWN,,UNKNOWN,,4.5,1.5,6.0,1.5,3.0,6.7,6.0,3.0,8.0,2.0,1.0,4.0,,,,2.6999999999999997,1.2,6.75,4.05,1.3499999999999999,5.0,6.666666666666667,2.0,5.0,1.0,3.0,5.0,,,,True,True,UNKNOWN,False,False
2021006245,2022-09-17 14:00:00,中日ドラゴンズ,東京ヤクルトスワローズ,3.0,3.0,UNKNOWN,バンテリンドーム ナゴヤ,unknown,low,False,False,2000139,1500074,[],[],,,,,0,light,2022-09-17T05:00:00+00:00,,UNKNOWN,,,,UNKNOWN,UNKNOWN,,UNKNOWN,,1.2857142857142858,1.0,7.714285714285714,2.5714285714285716,0.0,2.342857142857143,7.0,1.0,5.0,0.0,2.0,6.0,,,,1.2857142857142858,1.0,11.571428571428571,2.5714285714285716,0.0,1.485714285714286,7.0,1.0,5.0,0.0,2.0,9.0,,,,True,True,UNKNOWN,False,False
2021006242,2022-09-16 18:00:00,オリックス・バファローズ,北海道日本ハムファイターズ,3.0,6.0,UNKNOWN,京セラドーム大阪,unknown,low,False,False,1961437,1000027,[],[],,,,,0,light,2022-09-16T09:00:00+00:00,,UNKNOWN,,,,UNKNOWN,UNKNOWN,,UNKNOWN,,1.588235294117647,1.2352941176470587,9.529411764705882,3.176470588235294,0.0,2.1411764705882357,5.666666666666667,1.0,5.0,0.0,2.0,6.0,,,,4.153846153846154,1.8461538461538463,12.461538461538462,4.153846153846154,0.0,1.8153846153846154,4.333333333333333,2.0,6.0,0.0,2.0,6.0,,,,True,True,UNKNOWN,False,False
2021006239,2022-09-15 18:00:00,オリックス・バファローズ,北海道日本ハムファイターズ,3.0,2.0,UNKNOWN,京セラドーム大阪,unknown,low,False,False,2000083,1600150,[],[],,,,,0,light,2022-09-15T09:00:00+00:00,,UNKNOWN,,,,UNKNOWN,UNKNOWN,,UNKNOWN,,1.588235294117647,0.8823529411764706,7.941176470588235,1.588235294117647,0.0,1.9647058823529415,5.666666666666667,1.0,4.0,0.0,1.0,5.0,,,,1.5,1.0,6.0,0.0,0.0,1.866666666666667,6.0,1.0,6.0,0.0,0.0,4.0,,,,True,True,UNKNOWN,False,False
2021006246,2022-09-17 18:00:00,北海道日本ハムファイターズ,千葉ロッテマリーンズ,5.0,4.0,UNKNOWN,札幌ドーム,unknown,low,False,False,1300055,2000079,[],[],,,,,0,light,2022-09-17T09:00:00+00:00,,UNKNOWN,,,,UNKNOWN,UNKNOWN,,UNKNOWN,,3.375,0.75,10.125,3.375,3.375,6.95,5.333333333333333,2.0,2.0,2.0,2.0,6.0,,,,3.375,1.125,4.5,1.125,0.0,2.575,8.0,3.0,8.0,0.0,1.0,4.0,,,,True,True,UNKNOWN,False,False
2021006248,2022-09-17 18:00:00,オリックス・バファローズ,福岡ソフトバンクホークス,2.0,0.0,UNKNOWN,京セラドーム大阪,unknown,low,False,False,1800109,1600153,[],[],,,,,0,light,2022-09-17T09:00:00+00:00,,UNKNOWN,,,,UNKNOWN,UNKNOWN,,UNKNOWN,,2.25,0.875,5.625,3.375,1.125,4.7,8.0,2.0,4.0,1.0,3.0,5.0,,,,0.0,0.5555555555555556,7.0,1.0,0.0,1.9777777777777779,9.0,0.0,4.0,0.0,1.0,7.0,,,,True,True,UNKNOWN,False,False
2021006254,2022-09-18 14:00:00,オリックス・バファローズ,福岡ソフトバンクホークス,2.0,0.0,UNKNOWN,京セラドーム大阪,unknown,low,False,False,1000174,1900087,[],[],,,,,0,light,2022-09-18T05:00:00+00:00,,UNKNOWN,,,,UNKNOWN,UNKNOWN,,UNKNOWN,,2.5714285714285716,1.0,6.428571428571429,1.2857142857142858,0.0,2.2,7.0,2.0,6.0,0.0,1.0,5.0,,,,0.0,0.4,9.0,1.8,0.0,1.8000000000000003,5.0,0.0,1.0,0.0,1.0,5.0,,,,True,True,UNKNOWN,False,False
2021006253,2022-09-18 14:00:00,埼玉西武ライオンズ,東北楽天ゴールデンイーグルス,3.0,4.0,UNKNOWN,ベルーナドーム,unknown,low,False,False,1200117,1700125,[],[],,,,,0,light,2022-09-18T05:00:00+00:00,,UNKNOWN,,,,UNKNOWN,UNKNOWN,,UNKNOWN,,5.4,1.4,5.4,1.8,1.8,5.2,5.0,3.0,6.0,1.0,1.0,3.0,,,,7.2,1.0,1.8,0.0,1.8,5.4,5.0,4.0,5.0,1.0,0.0,1.0,,,,True,True,UNKNOWN,False,False
2021006249,2022-09-18 14:00:00,読売ジャイアンツ,横浜DeNAベイスターズ,1.0,3.0,UNKNOWN,東京ドーム,unknown,low,False,False,1800045,2000006,[],[],,,,,0,light,2022-09-18T05:00:00+00:00,,UNKNOWN,,,,UNKNOWN,UNKNOWN,,UNKNOWN,,1.5,1.3333333333333333,9.0,3.0,1.5,4.366666666666667,6.0,1.0,6.0,1.0,2.0,6.0,,,,3.6,1.8,7.2,5.4,0.0,3.4000000000000004,5.0,2.0,6.0,0.0,3.0,4.0,,,,True,True,UNKNOWN,False,False
2021006247,2022-09-17 18:00:00,埼玉西武ライオンズ,東北楽天ゴールデンイーグルス,0.0,3.0,UNKNOWN,ベルーナドーム,unknown,low,False,False,700069,1800080,[],[],,,,,0,light,2022-09-17T09:00:00+00:00,,UNKNOWN,,,,UNKNOWN,UNKNOWN,,UNKNOWN,,0.0,0.7142857142857143,5.142857142857143,1.2857142857142858,0.0,2.4857142857142858,7.0,0.0,4.0,0.0,1.0,4.0,,,,5.4,1.6,10.8,3.6,0.0,2.0,5.0,3.0,6.0,0.0,2.0,6.0,,,,True,True,UNKNOWN,False,False
2021006250,2022-09-18 18:00:00,阪神タイガース,東京ヤクルトスワローズ,0.0,1.0,UNKNOWN,阪神甲子園球場,unknown,low,False,False,1200076,1200062,[],[],,,,,0,light,2022-09-18T09:00:00+00:00,,UNKNOWN,,,,UNKNOWN,UNKNOWN,,UNKNOWN,,0.0,0.9545454545454546,4.909090909090909,2.4545454545454546,0.0,2.9272727272727272,7.333333333333333,0.0,5.0,0.0,2.0,4.0,,,,0.0,0.8333333333333334,13.5,4.5,0.0,1.7000000000000002,6.0,0.0,2.0,0.0,3.0,9.0,,,,True,True,UNKNOWN,False,False
2021006252,2022-09-18 14:00:00,北海道日本ハムファイターズ,千葉ロッテマリーンズ,4.0,7.0,UNKNOWN,札幌ドーム,unknown,low,False,False,1800052,1961850,[],[],,,,,0,light,2022-09-18T05:00:00+00:00,,UNKNOWN,,,,UNKNOWN,UNKNOWN,,UNKNOWN,,4.5,1.5,7.5,1.5,0.0,2.033333333333333,6.0,3.0,8.0,0.0,1.0,5.0,,,,3.0,1.6666666666666667,4.5,7.5,0.0,4.7,6.0,2.0,5.0,0.0,5.0,3.0,,,,True,True,UNKNOWN,False,False
2021006260,2022-09-19 13:00:00,オリックス・バファローズ,福岡ソフトバンクホークス,6.0,5.0,UNKNOWN,京セラドーム大阪,unknown,low,False,False,1200106,1700109,[],[],,,,,0,light,2022-09-19T04:00:00+00:00,,UNKNOWN,,,,UNKNOWN,UNKNOWN,,UNKNOWN,,18.0,3.5,4.5,0.0,4.5,8.7,2.0,4.0,7.0,1.0,0.0,1.0,,,,1.8,1.2,7.2,1.8,0.0,2.2,5.0,1.0,5.0,0.0,1.0,4.0,,,,True,True,UNKNOWN,False,False
2021006255,2022-09-19 14:00:00,読売ジャイアンツ,横浜DeNAベイスターズ,5.0,3.0,UNKNOWN,東京ドーム,unknown,low,False,False,1500061,1200041,[],[],,,,,0,light,2022-09-19T05:00:00+00:00,,UNKNOWN,,,,UNKNOWN,UNKNOWN,,UNKNOWN,,7.5,0.8333333333333334,7.5,0.0,6.0,10.2,6.0,5.0,5.0,4.0,0.0,5.0,,,,1.2857142857142858,0.7142857142857143,9.0,0.0,0.0,1.2000000000000002,7.0,1.0,5.0,0.0,0.0,7.0,,,,True,True,UNKNOWN,False,False
2021006259,2022-09-19 14:00:00,埼玉西武ライオンズ,東北楽天ゴールデンイーグルス,4.0,6.0,UNKNOWN,ベルーナドーム,unknown,low,False,False,2000121,400010,[],[],,,,,0,light,2022-09-19T05:00:00+00:00,,UNKNOWN,,,,UNKNOWN,UNKNOWN,,UNKNOWN,,1.5,0.8333333333333334,9.0,3.0,0.0,2.2,6.0,1.0,3.0,0.0,2.0,6.0,,,,0.0,0.0,0.0,0.0,0.0,3.2,0.3333333333333333,0.0,0.0,0.0,0.0,0.0,,,,True,True,UNKNOWN,False,False
2021006258,2022-09-19 14:00:00,北海道日本ハムファイターズ,千葉ロッテマリーンズ,4.0,0.0,UNKNOWN,札幌ドーム,unknown,low,False,False,2000087,1500110,[],[],,,,,0,light,2022-09-19T05:00:00+00:00,,UNKNOWN,,,,UNKNOWN,UNKNOWN,,UNKNOWN,,36.0,8.0,0.0,9.0,0.0,6.2,1.0,4.0,7.0,0.0,1.0,0.0,,,,0.0,0.6666666666666666,4.0,0.0,0.0,2.3111111111111113,9.0,0.0,6.0,0.0,0.0,4.0,,,,True,True,UNKNOWN,False,False
2021006261,2022-09-20 18:00:00,読売ジャイアンツ,東京ヤクルトスワローズ,5.0,4.0,UNKNOWN,東京ドーム,unknown,low,False,False,1500040,2103689,[],[],,,,,0,light,2022-09-20T09:00:00+00:00,,UNKNOWN,,,,UNKNOWN,UNKNOWN,,UNKNOWN,,6.0,1.6666666666666667,6.0,3.0,0.0,2.8666666666666667,3.0,2.0,4.0,0.0,1.0,2.0,,,,6.0,2.0,3.0,3.0,0.0,3.5333333333333337,3.0,2.0,5.0,0.0,1.0,1.0,,,,True,True,UNKNOWN,False,False
2021006262,2022-09-20 18:00:00,北海道日本ハムファイターズ,福岡ソフトバンクホークス,1.0,3.0,UNKNOWN,札幌ドーム,unknown,low,False,False,1300080,1100099,[],[],,,,,0,light,2022-09-20T09:00:00+00:00,,UNKNOWN,,,,UNKNOWN,UNKNOWN,,UNKNOWN,,1.6875,0.75,6.75,3.375,0.0,2.825,5.333333333333333,1.0,2.0,0.0,2.0,4.0,,,,2.0,1.2222222222222223,6.0,4.0,1.0,4.644444444444445,9.0,2.0,7.0,1.0,4.0,6.0,,,,True,True,UNKNOWN,False,False
2021006264,2022-09-20 18:00:00,千葉ロッテマリーンズ,オリックス・バファローズ,3.0,6.0,UNKNOWN,ZOZOマリンスタジアム,unknown,low,False,False,1400195,2000095,[],[],,,,,0,light,2022-09-20T09:00:00+00:00,,UNKNOWN,,,,UNKNOWN,UNKNOWN,,UNKNOWN,,3.0,0.8333333333333334,3.0,0.0,0.0,2.5333333333333337,6.0,2.0,5.0,0.0,0.0,2.0,,,,3.8571428571428568,1.2857142857142856,5.785714285714286,5.785714285714286,1.9285714285714284,6.628571428571428,4.666666666666667,2.0,3.0,1.0,3.0,3.0,,,,True,True,UNKNOWN,False,False
2021011384,2022-09-20 18:00:00,阪神タイガース,横浜DeNAベイスターズ,4.0,5.0,UNKNOWN,阪神甲子園球場,unknown,low,False,False,1800043,1500090,[],[],,,,,0,light,2022-09-20T09:00:00+00:00,,UNKNOWN,,,,UNKNOWN,UNKNOWN,,UNKNOWN,,1.8,1.0,7.2,3.6,0.0,2.8000000000000003,5.0,1.0,3.0,0.0,2.0,4.0,,,,3.6,1.4,12.6,5.4,1.8,4.800000000000001,5.0,2.0,4.0,1.0,3.0,7.0,,,,True,True,UNKNOWN,False,False
2021006263,2022-09-20 18:00:00,埼玉西武ライオンズ,東北楽天ゴールデンイーグルス,4.0,1.0,UNKNOWN,ベルーナドーム,unknown,low,False,False,1900117,1400182,[],[],,,,,0,light,2022-09-20T09:00:00+00:00,,UNKNOWN,,,,UNKNOWN,UNKNOWN,,UNKNOWN,,3.375,1.3125,8.4375,3.375,0.0,2.45,5.333333333333333,2.0,5.0,0.0,2.0,5.0,,,,1.125,1.0,10.125,0.0,0.0,0.9500000000000002,8.0,1.0,8.0,0.0,0.0,9.0,,,,True,True,UNKNOWN,False,False
2021011461,2022-09-20 18:00:00,広島東洋カープ,中日ドラゴンズ,3.0,5.0,UNKNOWN,MAZDA Zoom-Zoom スタジアム広島,unknown,low,False,False,1600106,1300058,[],[],,,,,0,light,2022-09-20T09:00:00+00:00,,UNKNOWN,,,,UNKNOWN,UNKNOWN,,UNKNOWN,,5.4,2.0,7.2,5.4,1.8,6.0,5.0,3.0,7.0,1.0,3.0,4.0,,,,1.9285714285714284,1.5,3.8571428571428568,5.785714285714286,0.0,4.271428571428571,4.666666666666667,1.0,4.0,0.0,3.0,2.0,,,,True,True,UNKNOWN,False,False
2021011385,2022-09-21 18:00:00,中日ドラゴンズ,東京ヤクルトスワローズ,2.0,6.0,UNKNOWN,バンテリンドーム ナゴヤ,unknown,low,False,False,12113,1200098,[],[],,,,,0,light,2022-09-21T09:00:00+00:00,,UNKNOWN,,,,UNKNOWN,UNKNOWN,,UNKNOWN,,3.375,0.75,3.375,0.0,0.0,2.45,5.333333333333333,2.0,4.0,0.0,0.0,2.0,,,,6.75,1.75,2.25,4.5,2.25,7.45,4.0,3.0,5.0,1.0,2.0,1.0,,,,True,True,UNKNOWN,False,False
2021006265,2022-09-21 18:00:00,横浜DeNAベイスターズ,読売ジャイアンツ,1.0,2.0,UNKNOWN,横浜スタジアム,unknown,low,False,False,1460009,1660377,[],[],,,,,0,light,2022-09-21T09:00:00+00:00,,UNKNOWN,,,,UNKNOWN,UNKNOWN,,UNKNOWN,,2.25,1.75,2.25,6.75,2.25,8.2,4.0,1.0,4.0,1.0,3.0,1.0,,,,3.375,1.5,1.6875,5.0625,0.0,4.5125,5.333333333333333,2.0,5.0,0.0,3.0,1.0,,,,True,True,UNKNOWN,False,False
2021011387,2022-09-22 18:00:00,横浜DeNAベイスターズ,読売ジャイアンツ,3.0,0.0,UNKNOWN,横浜スタジアム,unknown,low,False,False,1700002,1400110,[],[],,,,,0,light,2022-09-22T09:00:00+00:00,,UNKNOWN,,,,UNKNOWN,UNKNOWN,,UNKNOWN,,1.8,1.2,9.0,3.6,0.0,2.4000000000000004,5.0,1.0,4.0,0.0,2.0,5.0,,,,0.0,1.0,6.0,4.5,0.0,3.3666666666666667,6.0,0.0,3.0,0.0,3.0,4.0,,,,True,True,UNKNOWN,False,False
2021006266,2022-09-22 18:00:00,オリックス・バファローズ,千葉ロッテマリーンズ,5.0,13.0,UNKNOWN,京セラドーム大阪,unknown,low,False,False,1000155,1600150,[],[],,,,,0,light,2022-09-22T09:00:00+00:00,,UNKNOWN,,,,UNKNOWN,UNKNOWN,,UNKNOWN,,0.0,1.1666666666666667,0.0,1.5,0.0,3.7,6.0,0.0,6.0,0.0,1.0,0.0,,,,14.727272727272728,2.4545454545454546,2.4545454545454546,4.909090909090909,2.4545454545454546,7.836363636363637,3.6666666666666665,6.0,7.0,1.0,2.0,1.0,,,,True,True,UNKNOWN,False,False
2021011386,2022-09-21 18:00:00,阪神タイガース,広島東洋カープ,4.0,10.0,UNKNOWN,阪神甲子園球場,unknown,low,False,False,1900052,2000052,[],[],,,,,0,light,2022-09-21T09:00:00+00:00,,UNKNOWN,,,,UNKNOWN,UNKNOWN,,UNKNOWN,,3.6,1.6,5.4,7.2,0.0,4.4,5.0,2.0,4.0,0.0,4.0,3.0,,,,27.0,6.0,6.75,20.25,13.5,27.95,1.3333333333333333,4.0,5.0,2.0,3.0,1.0,,,,True,True,UNKNOWN,False,False
2021011388,2022-09-22 18:00:00,東京ヤクルトスワローズ,中日ドラゴンズ,0.0,3.0,UNKNOWN,明治神宮野球場,excluded,high,False,False,2000042,1651154,[],[],,,,,0,light,2022-09-22T09:00:00+00:00,,UNKNOWN,,,,UNKNOWN,UNKNOWN,,UNKNOWN,,0.0,0.42857142857142855,6.428571428571429,2.5714285714285716,0.0,2.628571428571429,7.0,0.0,1.0,0.0,2.0,5.0,,,,3.8571428571428568,2.571428571428571,0.0,5.785714285714286,0.0,5.128571428571428,4.666666666666667,2.0,9.0,0.0,3.0,0.0,,,,True,True,UNKNOWN,False,False
2021006267,2022-09-23 14:00:00,東北楽天ゴールデンイーグルス,北海道日本ハムファイターズ,3.0,6.0,UNKNOWN,楽天生命パーク宮城,unknown,low,False,False,2000083,500014,[],[],,,,,0,light,2022-09-23T05:00:00+00:00,,UNKNOWN,,,,UNKNOWN,UNKNOWN,,UNKNOWN,,2.8421052631578947,1.105263157894737,4.2631578947368425,1.4210526315789473,1.4210526315789473,4.778947368421052,6.333333333333333,2.0,6.0,1.0,1.0,3.0,,,,3.375,1.6875,6.75,1.6875,0.0,2.2625,5.333333333333333,2.0,8.0,0.0,1.0,4.0,,,,True,True,UNKNOWN,False,False
2021006268,2022-09-23 18:00:00,福岡ソフトバンクホークス,千葉ロッテマリーンズ,3.0,6.0,UNKNOWN,福岡PayPayドーム,unknown,low,False,False,1900085,20204,[],[],,,,,0,light,2022-09-23T09:00:00+00:00,,UNKNOWN,,,,UNKNOWN,UNKNOWN,,UNKNOWN,,2.076923076923077,1.8461538461538463,2.076923076923077,6.230769230769231,2.076923076923077,7.815384615384616,4.333333333333333,1.0,5.0,1.0,3.0,1.0,,,,3.6,0.8,9.0,1.8,1.8,4.4,5.0,2.0,3.0,1.0,1.0,5.0,,,,True,True,UNKNOWN,False,False
2021011389,2022-09-23 18:00:00,東京ヤクルトスワローズ,横浜DeNAベイスターズ,6.0,8.0,UNKNOWN,明治神宮野球場,unknown,low,False,False,1600081,1900027,[],[],,,,,0,light,2022-09-23T09:00:00+00:00,,UNKNOWN,,,,UNKNOWN,UNKNOWN,,UNKNOWN,,1.125,0.5,7.875,0.0,1.125,3.075,8.0,1.0,4.0,1.0,0.0,7.0,,,,23.142857142857142,3.0,7.7142857142857135,3.8571428571428568,11.571428571428571,19.485714285714284,2.3333333333333335,6.0,6.0,3.0,1.0,2.0,,,,True,True,UNKNOWN,False,False
2021006270,2022-09-24 14:00:00,東北楽天ゴールデンイーグルス,オリックス・バファローズ,1.0,9.0,UNKNOWN,楽天生命パーク宮城,unknown,low,False,False,1600153,700069,[],[],,,,,0,light,2022-09-24T05:00:00+00:00,,UNKNOWN,,,,UNKNOWN,UNKNOWN,,UNKNOWN,,0.0,0.7142857142857143,9.0,3.857142857142857,0.0,2.4857142857142858,7.0,0.0,2.0,0.0,3.0,7.0,,,,7.2,2.0,1.8,1.8,1.8,6.0,5.0,4.0,9.0,1.0,1.0,1.0,,,,True,True,UNKNOWN,False,False
2021011391,2022-09-23 18:00:00,広島東洋カープ,阪神タイガース,3.0,7.0,UNKNOWN,MAZDA Zoom-Zoom スタジアム広島,climax,high,False,True,1600115,1300057,[],[],,,,,0,light,2022-09-23T09:00:00+00:00,,UNKNOWN,,,,UNKNOWN,UNKNOWN,,UNKNOWN,,3.0,1.3333333333333333,3.0,0.0,0.0,2.5333333333333337,3.0,1.0,4.0,0.0,0.0,1.0,,,,18.0,2.5,9.0,0.0,4.5,7.7,2.0,4.0,5.0,1.0,0.0,2.0,,,,True,True,UNKNOWN,False,False
2021006271,2022-09-24 14:00:00,福岡ソフトバンクホークス,千葉ロッテマリーンズ,6.0,0.0,UNKNOWN,福岡PayPayドーム,unknown,low,False,False,1300055,1800109,[],[],,,,,0,light,2022-09-24T05:00:00+00:00,,UNKNOWN,,,,UNKNOWN,UNKNOWN,,UNKNOWN,,14.727272727272728,3.272727272727273,9.818181818181818,9.818181818181818,4.909090909090909,11.381818181818183,3.6666666666666665,6.0,8.0,2.0,4.0,4.0,,,,0.0,0.6666666666666666,5.0,1.0,0.0,2.4222222222222225,9.0,0.0,5.0,0.0,1.0,5.0,,,,True,True,UNKNOWN,False,False
2021011393,2022-09-24 14:00:00,中日ドラゴンズ,読売ジャイアンツ,2.0,1.0,UNKNOWN,バンテリンドーム ナゴヤ,unknown,low,False,False,1800028,1500074,[],[],,,,,0,light,2022-09-24T05:00:00+00:00,,UNKNOWN,,,,UNKNOWN,UNKNOWN,,UNKNOWN,,1.5,1.0,9.0,0.0,0.0,1.2000000000000002,6.0,1.0,6.0,0.0,0.0,6.0,,,,1.2857142857142858,0.7142857142857143,12.857142857142858,1.2857142857142858,1.2857142857142858,2.628571428571429,7.0,1.0,4.0,1.0,1.0,10.0,,,,True,True,UNKNOWN,False,False
2021011390,2022-09-23 18:00:00,中日ドラゴンズ,読売ジャイアンツ,3.0,9.0,UNKNOWN,バンテリンドーム ナゴヤ,unknown,low,False,False,1900019,2000049,[],[],,,,,0,light,2022-09-23T09:00:00+00:00,,UNKNOWN,,,,UNKNOWN,UNKNOWN,,UNKNOWN,,4.5,1.3333333333333333,9.0,1.5,1.5,3.8666666666666667,6.0,3.0,7.0,1.0,1.0,6.0,,,,5.3999999999999995,2.6999999999999997,2.6999999999999997,8.1,0.0,5.300000000000001,3.3333333333333335,2.0,6.0,0.0,3.0,1.0,,,,True,True,UNKNOWN,False,False
2021006269,2022-09-24 18:00:00,北海道日本ハムファイターズ,埼玉西武ライオンズ,2.0,6.0,UNKNOWN,札幌ドーム,unknown,low,False,False,1800080,1600093,[],[],,,,,0,light,2022-09-24T09:00:00+00:00,,UNKNOWN,,,,UNKNOWN,UNKNOWN,,UNKNOWN,,2.6999999999999997,0.8999999999999999,10.799999999999999,4.05,0.0,2.1500000000000004,6.666666666666667,2.0,3.0,0.0,3.0,8.0,,,,6.230769230769231,2.307692307692308,6.230769230769231,8.307692307692308,0.0,4.584615384615385,4.333333333333333,3.0,6.0,0.0,4.0,3.0,,,,True,True,UNKNOWN,False,False
2021011392,2022-09-24 18:00:00,東京ヤクルトスワローズ,横浜DeNAベイスターズ,8.0,1.0,UNKNOWN,明治神宮野球場,unknown,low,False,False,1800045,2000139,[],[],,,,,0,light,2022-09-24T09:00:00+00:00,,UNKNOWN,,,,UNKNOWN,UNKNOWN,,UNKNOWN,,15.428571428571427,2.571428571428571,11.571428571428571,3.8571428571428568,3.8571428571428568,7.485714285714286,2.3333333333333335,4.0,5.0,1.0,1.0,3.0,,,,1.2857142857142858,1.2857142857142858,3.857142857142857,2.5714285714285716,0.0,3.2,7.0,1.0,7.0,0.0,2.0,3.0,,,,True,True,UNKNOWN,False,False
2021011395,2022-09-25 14:00:00,中日ドラゴンズ,読売ジャイアンツ,7.0,1.0,UNKNOWN,バンテリンドーム ナゴヤ,unknown,low,False,False,1200041,1000138,[],[],,,,,0,light,2022-09-25T05:00:00+00:00,,UNKNOWN,,,,UNKNOWN,UNKNOWN,,UNKNOWN,,8.307692307692308,2.076923076923077,4.153846153846154,2.076923076923077,0.0,2.9692307692307693,4.333333333333333,4.0,8.0,0.0,1.0,2.0,,,,1.6875,1.125,6.75,0.0,0.0,1.7000000000000002,5.333333333333333,1.0,6.0,0.0,0.0,4.0,,,,True,True,UNKNOWN,False,False
2021006273,2022-09-25 13:00:00,福岡ソフトバンクホークス,千葉ロッテマリーンズ,10.0,0.0,UNKNOWN,福岡PayPayドーム,unknown,low,False,False,1800052,1000174,[],[],,,,,0,light,2022-09-25T04:00:00+00:00,,UNKNOWN,,,,UNKNOWN,UNKNOWN,,UNKNOWN,,11.25,1.75,2.25,2.25,2.25,6.7,4.0,5.0,6.0,1.0,1.0,1.0,,,,0.0,1.5,7.5,6.0,0.0,3.5333333333333337,6.0,0.0,5.0,0.0,4.0,5.0,,,,True,True,UNKNOWN,False,False
2021006272,2022-09-25 18:00:00,北海道日本ハムファイターズ,東北楽天ゴールデンイーグルス,0.0,6.0,UNKNOWN,札幌ドーム,unknown,low,False,False,900090,2050307,[],[],,,,,0,light,2022-09-25T09:00:00+00:00,,UNKNOWN,,,,UNKNOWN,UNKNOWN,,UNKNOWN,,0.0,0.2857142857142857,6.428571428571429,1.2857142857142858,0.0,2.2,7.0,0.0,1.0,0.0,1.0,5.0,,,,0.0,1.3333333333333333,0.0,9.0,0.0,6.2,3.0,0.0,1.0,0.0,3.0,0.0,,,,True,True,UNKNOWN,False,False
2021011394,2022-09-25 18:00:00,東京ヤクルトスワローズ,横浜DeNAベイスターズ,1.0,0.0,UNKNOWN,明治神宮野球場,unknown,low,False,False,1500061,1200076,[],[],,,,,0,light,2022-09-25T09:00:00+00:00,,UNKNOWN,,,,UNKNOWN,UNKNOWN,,UNKNOWN,,0.0,1.0,14.142857142857142,5.142857142857143,0.0,1.7714285714285716,7.0,0.0,3.0,0.0,4.0,11.0,,,,0.0,0.8333333333333334,3.0,4.5,0.0,4.033333333333333,6.0,0.0,2.0,0.0,3.0,2.0,,,,True,True,UNKNOWN,False,False
2021011369,2022-09-26 18:00:00,福岡ソフトバンクホークス,千葉ロッテマリーンズ,2.0,1.0,UNKNOWN,福岡PayPayドーム,unknown,low,False,False,1900080,1200106,[],[],,,,,0,light,2022-09-26T09:00:00+00:00,,UNKNOWN,,,,UNKNOWN,UNKNOWN,,UNKNOWN,,1.5,0.8333333333333334,7.5,4.5,0.0,3.0333333333333337,6.0,1.0,2.0,0.0,3.0,5.0,,,,1.6875,0.9375,6.75,1.6875,0.0,2.2625,5.333333333333333,1.0,4.0,0.0,1.0,4.0,,,,True,True,UNKNOWN,False,False
2021006274,2022-09-26 18:00:00,北海道日本ハムファイターズ,東北楽天ゴールデンイーグルス,3.0,2.0,UNKNOWN,札幌ドーム,unknown,low,False,False,2000121,1500110,[],[],,,,,0,light,2022-09-26T09:00:00+00:00,,UNKNOWN,,,,UNKNOWN,UNKNOWN,,UNKNOWN,,3.6,1.0,10.8,1.8,1.8,4.0,5.0,2.0,4.0,1.0,1.0,6.0,,,,2.25,0.875,9.0,2.25,0.0,1.9500000000000002,8.0,2.0,5.0,0.0,2.0,8.0,,,,True,True,UNKNOWN,False,False
2021006276,2022-09-27 18:00:00,埼玉西武ライオンズ,福岡ソフトバンクホークス,4.0,1.0,UNKNOWN,ベルーナドーム,unknown,low,False,False,1300080,1400182,[],[],,,,,0,light,2022-09-27T09:00:00+00:00,,UNKNOWN,,,,UNKNOWN,UNKNOWN,,UNKNOWN,,3.6,2.2,3.6,10.8,1.8,8.600000000000001,5.0,2.0,5.0,1.0,6.0,2.0,,,,1.2857142857142858,1.1428571428571428,10.285714285714286,2.5714285714285716,1.2857142857142858,3.6285714285714286,7.0,1.0,6.0,1.0,2.0,8.0,,,,True,True,UNKNOWN,False,False
2021006275,2022-09-27 18:00:00,北海道日本ハムファイターズ,千葉ロッテマリーンズ,14.0,0.0,UNKNOWN,札幌ドーム,unknown,low,False,False,2000095,1900073,[],[],,,,,0,light,2022-09-27T09:00:00+00:00,,UNKNOWN,,,,UNKNOWN,UNKNOWN,,UNKNOWN,,24.0,3.6666666666666665,9.0,9.0,3.0,8.533333333333333,3.0,8.0,8.0,1.0,3.0,3.0,,,,0.0,0.5,3.0,1.5,0.0,3.0333333333333337,6.0,0.0,2.0,0.0,1.0,2.0,,,,True,True,UNKNOWN,False,False
2021011397,2022-09-27 17:45:00,横浜DeNAベイスターズ,中日ドラゴンズ,8.0,3.0,UNKNOWN,横浜スタジアム,climax,high,False,True,1800061,1800043,[],[],,,,,0,light,2022-09-27T08:45:00+00:00,,UNKNOWN,,,,UNKNOWN,UNKNOWN,,UNKNOWN,,9.0,2.3333333333333335,6.0,12.0,6.0,14.533333333333335,3.0,3.0,3.0,2.0,4.0,2.0,,,,4.5,1.3333333333333333,6.0,0.0,1.5,4.033333333333333,6.0,3.0,8.0,1.0,0.0,4.0,,,,True,True,UNKNOWN,False,False
2021011396,2022-09-27 18:00:00,東京ヤクルトスワローズ,阪神タイガース,1.0,4.0,UNKNOWN,明治神宮野球場,climax,high,False,True,1500090,1300045,[],[],,,,,0,light,2022-09-27T09:00:00+00:00,,UNKNOWN,,,,UNKNOWN,UNKNOWN,,UNKNOWN,,1.5,1.3333333333333333,6.0,3.0,1.5,5.033333333333333,6.0,1.0,6.0,1.0,2.0,4.0,,,,7.2,1.8,5.4,7.2,1.8,7.0,5.0,4.0,5.0,1.0,4.0,3.0,,,,True,True,UNKNOWN,False,False
2021011407,2022-09-27 18:00:00,オリックス・バファローズ,東北楽天ゴールデンイーグルス,1.0,6.0,UNKNOWN,京セラドーム大阪,climax,high,False,True,1200117,1900087,[],[],,,,,0,light,2022-09-27T09:00:00+00:00,,UNKNOWN,,,,UNKNOWN,UNKNOWN,,UNKNOWN,,1.0,0.4444444444444444,5.0,1.0,0.0,2.4222222222222225,9.0,1.0,3.0,0.0,1.0,5.0,,,,13.5,2.25,10.125,3.375,0.0,2.075,2.6666666666666665,4.0,5.0,0.0,1.0,3.0,,,,True,True,UNKNOWN,False,False
2021006278,2022-09-28 18:00:00,東北楽天ゴールデンイーグルス,埼玉西武ライオンズ,0.0,1.0,UNKNOWN,楽天生命パーク宮城,climax,high,False,True,1600127,700065,[],[],,,,,0,light,2022-09-28T09:00:00+00:00,,UNKNOWN,,,,UNKNOWN,UNKNOWN,,UNKNOWN,,0.0,0.75,9.0,2.25,0.0,1.9500000000000002,8.0,0.0,4.0,0.0,2.0,8.0,,,,1.125,0.875,4.5,2.25,1.125,4.575,8.0,1.0,5.0,1.0,2.0,4.0,,,,True,True,UNKNOWN,False,False
2021011398,2022-09-28 18:00:00,東京ヤクルトスワローズ,阪神タイガース,1.0,2.0,UNKNOWN,明治神宮野球場,climax,high,False,True,2000052,1800035,[],[],,,,,0,light,2022-09-28T09:00:00+00:00,,UNKNOWN,,,,UNKNOWN,UNKNOWN,,UNKNOWN,,1.588235294117647,0.8823529411764706,12.705882352941176,1.588235294117647,0.0,0.9058823529411768,5.666666666666667,1.0,4.0,0.0,1.0,8.0,,,,1.8,1.2,3.6,3.6,1.8,6.2,5.0,1.0,4.0,1.0,2.0,2.0,,,,True,True,UNKNOWN,False,False
2021006277,2022-09-28 18:00:00,北海道日本ハムファイターズ,千葉ロッテマリーンズ,3.0,11.0,UNKNOWN,札幌ドーム,unknown,low,False,False,1000155,1100099,[],[],,,,,0,light,2022-09-28T09:00:00+00:00,,UNKNOWN,,,,UNKNOWN,UNKNOWN,,UNKNOWN,,4.764705882352941,1.588235294117647,7.941176470588235,1.588235294117647,1.588235294117647,4.258823529411765,5.666666666666667,3.0,8.0,1.0,1.0,5.0,,,,13.5,1.75,9.0,4.5,4.5,9.2,4.0,6.0,5.0,2.0,2.0,4.0,,,,True,True,UNKNOWN,False,False
2021011400,2022-09-29 18:00:00,横浜DeNAベイスターズ,中日ドラゴンズ,6.0,1.0,UNKNOWN,横浜スタジアム,climax,high,False,True,2000042,1400110,[],[],,,,,0,light,2022-09-29T09:00:00+00:00,,UNKNOWN,,,,UNKNOWN,UNKNOWN,,UNKNOWN,,7.2,1.8,3.6,3.6,1.8,6.2,5.0,4.0,7.0,1.0,2.0,2.0,,,,0.0,0.42857142857142855,7.714285714285714,1.2857142857142858,0.0,1.9142857142857144,7.0,0.0,2.0,0.0,1.0,6.0,,,,True,True,UNKNOWN,False,False
2021011399,2022-09-28 18:00:00,横浜DeNAベイスターズ,中日ドラゴンズ,0.0,1.0,UNKNOWN,横浜スタジアム,unknown,low,False,False,1600106,1660377,[],[],,,,,0,light,2022-09-28T09:00:00+00:00,,UNKNOWN,,,,UNKNOWN,UNKNOWN,,UNKNOWN,,0.0,0.75,0.0,0.0,0.0,3.2,1.3333333333333333,0.0,1.0,0.0,0.0,0.0,,,,0.0,0.7142857142857143,5.142857142857143,2.5714285714285716,0.0,2.9142857142857146,7.0,0.0,3.0,0.0,2.0,4.0,,,,True,True,UNKNOWN,False,False
2021011408,2022-09-29 18:00:00,東北楽天ゴールデンイーグルス,福岡ソフトバンクホークス,4.0,5.0,UNKNOWN,楽天生命パーク宮城,unknown,low,False,False,1300077,1900117,[],[],,,,,0,light,2022-09-29T09:00:00+00:00,,UNKNOWN,,,,UNKNOWN,UNKNOWN,,UNKNOWN,,16.200000000000003,3.0000000000000004,21.6,5.4,5.4,8.0,1.6666666666666665,3.0,4.0,1.0,1.0,4.0,,,,36.0,6.0,0.0,18.0,0.0,9.2,1.0,4.0,4.0,0.0,2.0,0.0,,,,True,True,UNKNOWN,False,False
2021011402,2022-09-30 18:00:00,横浜DeNAベイスターズ,中日ドラゴンズ,1.0,6.0,UNKNOWN,横浜スタジアム,unknown,low,False,False,1500074,1800045,[],[],,,,,0,light,2022-09-30T09:00:00+00:00,,UNKNOWN,,,,UNKNOWN,UNKNOWN,,UNKNOWN,,1.2857142857142858,1.0,11.571428571428571,2.5714285714285716,0.0,1.485714285714286,7.0,1.0,5.0,0.0,2.0,9.0,,,,1.8,1.2,1.8,3.6,0.0,4.0,5.0,1.0,4.0,0.0,2.0,1.0,,,,True,True,UNKNOWN,False,False
2021011403,2022-09-30 18:00:00,広島東洋カープ,東京ヤクルトスワローズ,1.0,5.0,UNKNOWN,MAZDA Zoom-Zoom スタジアム広島,climax,high,False,True,1651154,1300058,[],[],,,,,0,light,2022-09-30T09:00:00+00:00,,UNKNOWN,,,,UNKNOWN,UNKNOWN,,UNKNOWN,,0.0,0.9130434782608695,3.5217391304347823,2.3478260869565215,0.0,3.2,7.666666666666667,0.0,5.0,0.0,2.0,3.0,,,,9.0,2.0,9.0,3.0,3.0,6.533333333333333,3.0,3.0,5.0,1.0,1.0,3.0,,,,True,True,UNKNOWN,False,False
2021011420,2022-09-30 18:00:00,オリックス・バファローズ,千葉ロッテマリーンズ,4.0,3.0,UNKNOWN,京セラドーム大阪,unknown,low,False,False,1900085,1600153,[],[],,,,,0,light,2022-09-30T09:00:00+00:00,,UNKNOWN,,,,UNKNOWN,UNKNOWN,,UNKNOWN,,3.6,1.2,1.8,3.6,0.0,4.0,5.0,2.0,4.0,0.0,2.0,1.0,,,,2.5714285714285716,1.4285714285714286,12.857142857142858,3.857142857142857,0.0,1.6285714285714288,7.0,2.0,7.0,0.0,3.0,10.0,,,,True,True,UNKNOWN,False,False
2021011409,2022-09-30 18:00:00,東北楽天ゴールデンイーグルス,福岡ソフトバンクホークス,1.0,5.0,UNKNOWN,楽天生命パーク宮城,unknown,low,False,False,20204,500014,[],[],,,,,0,light,2022-09-30T09:00:00+00:00,,UNKNOWN,,,,UNKNOWN,UNKNOWN,,UNKNOWN,,1.8,0.8,7.2,3.6,0.0,2.8000000000000003,5.0,1.0,2.0,0.0,2.0,4.0,,,,6.0,1.3333333333333333,9.0,1.5,1.5,3.8666666666666667,6.0,4.0,7.0,1.0,1.0,6.0,,,,True,True,UNKNOWN,False,False
2021011404,2022-10-01 17:00:00,横浜DeNAベイスターズ,読売ジャイアンツ,1.0,0.0,UNKNOWN,横浜スタジアム,unknown,low,False,False,1800028,1500061,[],[],,,,,0,light,2022-10-01T08:00:00+00:00,,UNKNOWN,,,,UNKNOWN,UNKNOWN,,UNKNOWN,,1.8,1.2,12.6,5.4,1.8,4.800000000000001,5.0,1.0,3.0,1.0,3.0,7.0,,,,0.0,0.5714285714285714,7.714285714285714,2.5714285714285716,0.0,2.342857142857143,7.0,0.0,2.0,0.0,2.0,6.0,,,,True,True,UNKNOWN,False,False
2021011410,2022-10-01 18:00:00,埼玉西武ライオンズ,福岡ソフトバンクホークス,3.0,1.0,UNKNOWN,ベルーナドーム,climax,high,False,True,1000174,1800080,[],[],,,,,0,light,2022-10-01T09:00:00+00:00,,UNKNOWN,,,,UNKNOWN,UNKNOWN,,UNKNOWN,,1.2857142857142858,1.0,11.571428571428571,5.142857142857143,0.0,2.342857142857143,7.0,1.0,3.0,0.0,4.0,9.0,,,,0.0,0.8571428571428571,7.714285714285714,1.2857142857142858,0.0,1.9142857142857144,7.0,0.0,5.0,0.0,1.0,6.0,,,,True,True,UNKNOWN,False,False
2021011405,2022-10-02 14:00:00,横浜DeNAベイスターズ,読売ジャイアンツ,2.0,3.0,UNKNOWN,横浜スタジアム,unknown,low,False,False,1200041,1600081,[],[],,,,,0,light,2022-10-02T05:00:00+00:00,,UNKNOWN,,,,UNKNOWN,UNKNOWN,,UNKNOWN,,0.0,1.6,3.6,1.8,0.0,3.0,5.0,0.0,7.0,0.0,1.0,2.0,,,,4.5,2.0,9.0,0.0,0.0,1.2000000000000002,2.0,1.0,4.0,0.0,0.0,2.0,,,,True,True,UNKNOWN,False,False
2021011401,2022-09-29 18:00:00,広島東洋カープ,東京ヤクルトスワローズ,4.0,5.0,UNKNOWN,MAZDA Zoom-Zoom スタジアム広島,climax,high,False,True,12113,1900052,[],[],,,,,0,light,2022-09-29T09:00:00+00:00,,UNKNOWN,,,,UNKNOWN,UNKNOWN,,UNKNOWN,,9.0,2.0,2.25,2.25,2.25,6.7,4.0,4.0,7.0,1.0,1.0,1.0,,,,3.176470588235294,1.588235294117647,4.764705882352941,4.764705882352941,0.0,3.7294117647058824,5.666666666666667,2.0,6.0,0.0,3.0,3.0,,,,True,True,UNKNOWN,False,False
2021011463,2022-10-02 14:00:00,阪神タイガース,東京ヤクルトスワローズ,3.0,3.0,UNKNOWN,阪神甲子園球場,unknown,low,False,False,2000139,1900044,[],[],,,,,0,light,2022-10-02T05:00:00+00:00,,UNKNOWN,,,,UNKNOWN,UNKNOWN,,UNKNOWN,,1.2857142857142858,0.5714285714285714,2.5714285714285716,0.0,0.0,2.628571428571429,7.0,1.0,4.0,0.0,0.0,2.0,,,,0.0,0.3333333333333333,9.0,0.0,0.0,1.2000000000000002,3.0,0.0,1.0,0.0,0.0,3.0,,,,True,True,UNKNOWN,False,False
2021011464,2022-10-02 14:00:00,広島東洋カープ,中日ドラゴンズ,0.0,3.0,UNKNOWN,MAZDA Zoom-Zoom スタジアム広島,unknown,low,False,False,1800059,2103788,[],[],,,,,0,light,2022-10-02T05:00:00+00:00,,UNKNOWN,,,,UNKNOWN,UNKNOWN,,UNKNOWN,,0.0,0.6666666666666666,9.0,3.0,0.0,2.2,3.0,0.0,1.0,0.0,1.0,3.0,,,,0.0,1.2,5.4,0.0,0.0,2.0,5.0,0.0,6.0,0.0,0.0,3.0,,,,True,True,UNKNOWN,False,False
2021011411,2022-10-02 18:00:00,東北楽天ゴールデンイーグルス,オリックス・バファローズ,2.0,5.0,UNKNOWN,楽天生命パーク宮城,unknown,low,False,False,1700109,700069,[],[],,,,,0,light,2022-10-02T09:00:00+00:00,,UNKNOWN,,,,UNKNOWN,UNKNOWN,,UNKNOWN,,6.0,2.0,0.0,6.0,0.0,5.2,3.0,2.0,4.0,0.0,2.0,0.0,,,,5.4,1.4,1.8,3.6,0.0,4.0,5.0,3.0,5.0,0.0,2.0,1.0,,,,True,True,UNKNOWN,False,False
2021011451,2022-10-02 18:00:00,埼玉西武ライオンズ,北海道日本ハムファイターズ,2.0,4.0,UNKNOWN,ベルーナドーム,unknown,low,False,False,2000083,1961288,[],[],,,,,0,light,2022-10-02T09:00:00+00:00,,UNKNOWN,,,,UNKNOWN,UNKNOWN,,UNKNOWN,,3.6,1.2,9.0,3.6,1.8,5.0,5.0,2.0,4.0,1.0,2.0,5.0,,,,0.0,0.5,13.5,4.5,0.0,1.7000000000000002,2.0,0.0,0.0,0.0,1.0,3.0,,,,True,True,UNKNOWN,False,False
2021011412,2022-10-02 18:00:00,千葉ロッテマリーンズ,福岡ソフトバンクホークス,5.0,3.0,UNKNOWN,ZOZOマリンスタジアム,unknown,low,False,False,1800109,1800052,[],[],,,,,0,light,2022-10-02T09:00:00+00:00,,UNKNOWN,,,,UNKNOWN,UNKNOWN,,UNKNOWN,,0.0,1.2,9.0,3.6,0.0,2.4000000000000004,5.0,0.0,4.0,0.0,2.0,5.0,,,,3.6,1.2,5.4,0.0,3.6,7.2,5.0,2.0,6.0,2.0,0.0,3.0,,,,True,True,UNKNOWN,False,False
2021006279,2022-10-08 14:00:00,横浜DeNAベイスターズ,阪神タイガース,0.0,2.0,UNKNOWN,横浜スタジアム,climax,high,False,True,1500090,1500061,[],[],,,,,0,light,2022-10-08T05:00:00+00:00,,UNKNOWN,,,,UNKNOWN,UNKNOWN,,UNKNOWN,,0.0,0.8333333333333334,3.0,1.5,0.0,3.0333333333333337,6.0,0.0,4.0,0.0,1.0,2.0,,,,3.6,1.8,5.4,3.6,0.0,3.2,5.0,2.0,7.0,0.0,2.0,3.0,,,,True,True,UNKNOWN,False,False
2021011454,2022-10-03 18:00:00,東京ヤクルトスワローズ,横浜DeNAベイスターズ,8.0,2.0,UNKNOWN,明治神宮野球場,unknown,low,False,False,1900031,1200076,[],[],,,,,0,light,2022-10-03T09:00:00+00:00,,UNKNOWN,,,,UNKNOWN,UNKNOWN,,UNKNOWN,,15.0,2.6666666666666665,3.0,6.0,3.0,8.866666666666667,3.0,5.0,6.0,1.0,2.0,1.0,,,,6.0,1.0,6.0,0.0,3.0,6.2,3.0,2.0,3.0,1.0,0.0,2.0,,,,True,True,UNKNOWN,False,False
2021006280,2022-10-08 14:00:00,福岡ソフトバンクホークス,埼玉西武ライオンズ,5.0,3.0,UNKNOWN,福岡PayPayドーム,regular,high,True,True,1400182,1000174,[],[],,,,,0,light,2022-10-08T05:00:00+00:00,,UNKNOWN,,,,UNKNOWN,UNKNOWN,,UNKNOWN,,7.5,1.5,6.0,4.5,1.5,5.533333333333333,6.0,5.0,6.0,1.0,3.0,4.0,,,,2.25,1.0,12.375,4.5,1.125,3.575,8.0,2.0,4.0,1.0,4.0,11.0,,,,True,True,UNKNOWN,False,False
2021006282,2022-10-09 14:00:00,福岡ソフトバンクホークス,埼玉西武ライオンズ,8.0,2.0,UNKNOWN,福岡PayPayドーム,unknown,low,False,False,1600127,1200106,[],[],,,,,0,light,2022-10-09T05:00:00+00:00,,UNKNOWN,,,,UNKNOWN,UNKNOWN,,UNKNOWN,,11.25,1.5,6.75,4.5,2.25,6.45,4.0,5.0,4.0,1.0,2.0,3.0,,,,1.8,1.0,5.4,1.8,0.0,2.6,5.0,1.0,4.0,0.0,1.0,3.0,,,,True,True,UNKNOWN,False,False
2021006281,2022-10-09 14:00:00,横浜DeNAベイスターズ,阪神タイガース,1.0,0.0,UNKNOWN,横浜スタジアム,climax,high,False,True,2000052,1800045,[],[],,,,,0,light,2022-10-09T05:00:00+00:00,,UNKNOWN,,,,UNKNOWN,UNKNOWN,,UNKNOWN,,1.8,0.8,5.4,0.0,0.0,2.0,5.0,1.0,4.0,0.0,0.0,3.0,,,,0.0,0.31578947368421056,14.210526315789474,0.0,0.0,0.04210526315789487,6.333333333333333,0.0,2.0,0.0,0.0,10.0,,,,True,True,UNKNOWN,False,False
2021006283,2022-10-10 14:00:00,横浜DeNAベイスターズ,阪神タイガース,2.0,3.0,UNKNOWN,横浜スタジアム,climax,high,False,True,1600115,1600081,[],[],,,,,0,light,2022-10-10T05:00:00+00:00,,UNKNOWN,,,,UNKNOWN,UNKNOWN,,UNKNOWN,,7.7142857142857135,1.7142857142857142,7.7142857142857135,7.7142857142857135,3.8571428571428568,9.628571428571428,2.3333333333333335,2.0,2.0,1.0,2.0,2.0,,,,5.4,1.2,9.0,3.6,1.8,5.0,5.0,3.0,4.0,1.0,2.0,5.0,,,,True,True,UNKNOWN,False,False
2021006285,2022-10-12 18:00:00,東京ヤクルトスワローズ,阪神タイガース,7.0,1.0,UNKNOWN,明治神宮野球場,japan_series,high,False,True,900062,1200076,[],[],,,,,0,light,2022-10-12T09:00:00+00:00,,UNKNOWN,,,,UNKNOWN,UNKNOWN,,UNKNOWN,,11.25,2.0,9.0,6.75,2.25,6.7,4.0,5.0,5.0,1.0,3.0,4.0,,,,1.3499999999999999,1.05,8.1,1.3499999999999999,0.0,1.8500000000000003,6.666666666666667,1.0,6.0,0.0,1.0,6.0,,,,True,True,UNKNOWN,False,False
2021006286,2022-10-12 18:00:00,オリックス・バファローズ,福岡ソフトバンクホークス,5.0,0.0,UNKNOWN,京セラドーム大阪,regular,high,True,True,1300080,1600153,[],[],,,,,0,light,2022-10-12T09:00:00+00:00,,UNKNOWN,,,,UNKNOWN,UNKNOWN,,UNKNOWN,,4.153846153846154,1.8461538461538463,6.230769230769231,8.307692307692308,0.0,4.584615384615385,4.333333333333333,2.0,4.0,0.0,4.0,3.0,,,,0.0,0.625,11.25,0.0,0.0,0.7000000000000002,8.0,0.0,5.0,0.0,0.0,10.0,,,,True,True,UNKNOWN,False,False
2021006287,2022-10-13 18:00:00,東京ヤクルトスワローズ,阪神タイガース,5.0,3.0,UNKNOWN,明治神宮野球場,unknown,low,False,False,1200062,2000139,[],[],,,,,0,light,2022-10-13T09:00:00+00:00,,UNKNOWN,,,,UNKNOWN,UNKNOWN,,UNKNOWN,,6.0,1.6666666666666667,12.0,9.0,3.0,7.866666666666667,3.0,2.0,2.0,1.0,3.0,4.0,,,,1.588235294117647,1.588235294117647,4.764705882352941,3.176470588235294,0.0,3.2,5.666666666666667,1.0,7.0,0.0,2.0,3.0,,,,True,True,UNKNOWN,False,False
2021006288,2022-10-13 18:00:00,オリックス・バファローズ,福岡ソフトバンクホークス,4.0,3.0,UNKNOWN,京セラドーム大阪,climax,high,False,True,1800109,1900087,[],[],,,,,0,light,2022-10-13T09:00:00+00:00,,UNKNOWN,,,,UNKNOWN,UNKNOWN,,UNKNOWN,,7.7142857142857135,3.4285714285714284,3.8571428571428568,0.0,0.0,2.342857142857143,2.3333333333333335,2.0,8.0,0.0,0.0,1.0,,,,3.6,1.2,12.6,1.8,0.0,1.0,5.0,2.0,5.0,0.0,1.0,7.0,,,,True,True,UNKNOWN,False,False
2021006289,2022-10-14 18:00:00,東京ヤクルトスワローズ,阪神タイガース,6.0,3.0,UNKNOWN,明治神宮野球場,japan_series,high,False,True,1500090,1500042,[],[],,,,,0,light,2022-10-14T09:00:00+00:00,,UNKNOWN,,,,UNKNOWN,UNKNOWN,,UNKNOWN,,0.0,1.05,6.75,5.3999999999999995,0.0,3.5,6.666666666666667,0.0,3.0,0.0,4.0,5.0,,,,5.4,1.6,12.6,7.2,0.0,2.8000000000000003,5.0,3.0,4.0,0.0,4.0,7.0,,,,True,True,UNKNOWN,False,False
2021006290,2022-10-14 18:00:00,オリックス・バファローズ,福岡ソフトバンクホークス,0.0,3.0,UNKNOWN,京セラドーム大阪,japan_series,high,False,True,1000174,1700109,[],[],,,,,0,light,2022-10-14T09:00:00+00:00,,UNKNOWN,,,,UNKNOWN,UNKNOWN,,UNKNOWN,,0.0,0.6666666666666666,7.5,1.5,0.0,2.033333333333333,6.0,0.0,3.0,0.0,1.0,5.0,,,,1.4210526315789473,1.2631578947368423,2.8421052631578947,1.4210526315789473,1.4210526315789473,5.094736842105263,6.333333333333333,1.0,7.0,1.0,1.0,2.0,,,,True,True,UNKNOWN,False,False
2021006292,2022-10-15 18:00:00,オリックス・バファローズ,福岡ソフトバンクホークス,3.0,2.0,UNKNOWN,京セラドーム大阪,climax,high,False,True,20204,1600150,[],[],,,,,0,light,2022-10-15T09:00:00+00:00,,UNKNOWN,,,,UNKNOWN,UNKNOWN,,UNKNOWN,,4.153846153846154,0.9230769230769231,4.153846153846154,2.076923076923077,2.076923076923077,5.969230769230769,4.333333333333333,2.0,3.0,1.0,1.0,2.0,,,,0.0,0.5,9.0,0.0,0.0,1.2000000000000002,4.0,0.0,2.0,0.0,0.0,4.0,,,,True,True,UNKNOWN,False,False
2021006297,2022-10-22 18:30:00,東京ヤクルトスワローズ,オリックス・バファローズ,5.0,3.0,UNKNOWN,明治神宮野球場,japan_series,high,False,True,1600153,1200076,[],[],,,,,0,light,2022-10-22T09:30:00+00:00,,UNKNOWN,,,,UNKNOWN,UNKNOWN,,UNKNOWN,,9.0,1.25,9.0,2.25,4.5,8.45,4.0,4.0,4.0,2.0,1.0,4.0,,,,3.6,1.8,1.8,5.4,0.0,4.6,5.0,2.0,6.0,0.0,3.0,1.0,,,,True,True,UNKNOWN,False,False
2021006298,2022-10-23 18:00:00,東京ヤクルトスワローズ,オリックス・バファローズ,3.0,3.0,UNKNOWN,明治神宮野球場,interleague,high,True,True,1400195,2000139,[],[],,,,,0,light,2022-10-23T09:00:00+00:00,,UNKNOWN,,,,UNKNOWN,UNKNOWN,,UNKNOWN,,0.0,1.5,11.25,4.5,0.0,2.2,4.0,0.0,4.0,0.0,2.0,5.0,,,,2.25,1.75,9.0,2.25,0.0,1.9500000000000002,4.0,1.0,6.0,0.0,1.0,4.0,,,,True,True,UNKNOWN,False,False
2021006301,2022-10-27 18:30:00,オリックス・バファローズ,東京ヤクルトスワローズ,6.0,4.0,UNKNOWN,京セラドーム大阪,japan_series,high,False,True,1651154,1700109,[],[],,,,,0,light,2022-10-27T09:30:00+00:00,,UNKNOWN,,,,UNKNOWN,UNKNOWN,,UNKNOWN,,5.4,1.6,3.6,1.8,1.8,5.6,5.0,3.0,7.0,1.0,1.0,2.0,,,,4.153846153846154,2.307692307692308,10.384615384615385,6.230769230769231,2.076923076923077,5.969230769230769,4.333333333333333,2.0,7.0,1.0,3.0,5.0,,,,True,True,UNKNOWN,False,False
2021006300,2022-10-26 18:30:00,オリックス・バファローズ,東京ヤクルトスワローズ,1.0,0.0,UNKNOWN,京セラドーム大阪,japan_series,high,False,True,12113,1600150,[],[],,,,,0,light,2022-10-26T09:30:00+00:00,,UNKNOWN,,,,UNKNOWN,UNKNOWN,,UNKNOWN,,1.8,1.2,7.2,7.2,0.0,4.0,5.0,1.0,2.0,0.0,4.0,4.0,,,,0.0,1.6153846153846154,2.076923076923077,4.153846153846154,0.0,4.1230769230769235,4.333333333333333,0.0,5.0,0.0,2.0,1.0,,,,True,True,UNKNOWN,False,False
2021006299,2022-10-25 18:30:00,オリックス・バファローズ,東京ヤクルトスワローズ,1.0,7.0,UNKNOWN,京セラドーム大阪,japan_series,high,False,True,1500042,1900087,[],[],,,,,0,light,2022-10-25T09:30:00+00:00,,UNKNOWN,,,,UNKNOWN,UNKNOWN,,UNKNOWN,,0.0,0.8333333333333334,10.5,3.0,0.0,1.866666666666667,6.0,0.0,3.0,0.0,2.0,7.0,,,,5.0625,1.125,8.4375,0.0,1.6875,3.7625,5.333333333333333,3.0,6.0,1.0,0.0,5.0,,,,True,True,UNKNOWN,False,False
2021006303,2022-10-30 18:30:00,東京ヤクルトスワローズ,オリックス・バファローズ,4.0,5.0,UNKNOWN,明治神宮野球場,japan_series,high,False,True,1900087,2000139,[],[],,,,,0,light,2022-10-30T09:30:00+00:00,,UNKNOWN,,,,UNKNOWN,UNKNOWN,,UNKNOWN,,0.0,0.8,9.0,1.8,0.0,1.8000000000000003,5.0,0.0,3.0,0.0,1.0,5.0,,,,3.8571428571428568,1.5,9.642857142857142,1.9285714285714284,1.9285714285714284,4.485714285714286,4.666666666666667,2.0,6.0,1.0,1.0,5.0,,,,True,True,UNKNOWN,False,False
2021006302,2022-10-29 18:30:00,東京ヤクルトスワローズ,オリックス・バファローズ,0.0,3.0,UNKNOWN,明治神宮野球場,japan_series,high,False,True,1400195,1200076,[],[],,,,,0,light,2022-10-29T09:30:00+00:00,,UNKNOWN,,,,UNKNOWN,UNKNOWN,,UNKNOWN,,0.0,0.8,5.4,5.4,0.0,3.8000000000000003,5.0,0.0,1.0,0.0,3.0,3.0,,,,1.5,1.0,9.0,3.0,0.0,2.2,6.0,1.0,4.0,0.0,2.0,6.0,,,,True,True,UNKNOWN,False,False
