game_id,datetime,home,away,home_score,away_score,game_type,venue,npb_game_category,npb_type_confidence,npb_training_default,npb_evaluation_default,home_starter,away_starter,home_lineup_json,away_lineup_json,home_pregame_starter,away_pregame_starter,home_pregame_lineup_json,away_pregame_lineup_json,player_rows_count,enrichment_mode,prediction_time_utc,starter_available_at,starter_state,starter_source,home_lineup_available_at,away_lineup_available_at,home_lineup_state,away_lineup_state,lineup_available_at,lineup_state,lineup_source,home_starter_era,home_starter_whip,home_starter_k9,home_starter_bb9,home_starter_hr9,home_starter_fip,home_starter_ip,home_starter_er,home_starter_h,home_starter_hr,home_starter_bb,home_starter_so,home_starter_pitches,home_starter_k_rate,home_starter_bb_rate,away_starter_era,away_starter_whip,away_starter_k9,away_starter_bb9,away_starter_hr9,away_starter_fip,away_starter_ip,away_starter_er,away_starter_h,away_starter_hr,away_starter_bb,away_starter_so,away_starter_pitches,away_starter_k_rate,away_starter_bb_rate,home_starter_line_ok,away_starter_line_ok,pregame_context_quality,pregame_starter_verified,pregame_lineup_verified
2021012568,2023-03-04 14:00:00,北海道日本ハムファイターズ,東北楽天ゴールデンイーグルス,9.0,6.0,UNKNOWN,札幌ドーム,excluded,high,False,False,700069,1900073,[],[],,,,,0,light,2023-03-04T05:00:00+00:00,,UNKNOWN,,,,UNKNOWN,UNKNOWN,,UNKNOWN,,0.0,0.25,4.5,0.0,0.0,2.2,4.0,0.0,1.0,0.0,0.0,2.0,,,,4.5,1.75,6.75,4.5,2.25,6.45,4.0,2.0,5.0,1.0,2.0,3.0,,,,True,True,UNKNOWN,False,False
2021012573,2023-03-05 13:00:00,北海道日本ハムファイターズ,東北楽天ゴールデンイーグルス,4.0,5.0,UNKNOWN,札幌ドーム,excluded,high,False,False,1960382,2107859,[],[],,,,,0,light,2023-03-05T04:00:00+00:00,,UNKNOWN,,,,UNKNOWN,UNKNOWN,,UNKNOWN,,3.0,1.0,3.0,0.0,0.0,2.5333333333333337,3.0,1.0,3.0,0.0,0.0,1.0,,,,0.0,0.3333333333333333,12.0,0.0,0.0,0.5333333333333337,3.0,0.0,1.0,0.0,0.0,4.0,,,,True,True,UNKNOWN,False,False
2021012579,2023-03-07 13:00:00,千葉ロッテマリーンズ,北海道日本ハムファイターズ,4.0,2.0,UNKNOWN,ZOZOマリンスタジアム,excluded,high,False,False,1961850,1700099,[],[],,,,,0,light,2023-03-07T04:00:00+00:00,,UNKNOWN,,,,UNKNOWN,UNKNOWN,,UNKNOWN,,9.0,1.5,4.5,0.0,0.0,2.2,2.0,2.0,3.0,0.0,0.0,1.0,,,,0.0,0.5,6.75,4.5,0.0,3.2,4.0,0.0,0.0,0.0,2.0,3.0,,,,True,True,UNKNOWN,False,False
2021012572,2023-03-04 14:00:00,福岡ソフトバンクホークス,広島東洋カープ,0.0,2.0,UNKNOWN,福岡PayPayドーム,excluded,high,False,False,1300057,1900106,[],[],,,,,0,light,2023-03-04T05:00:00+00:00,,UNKNOWN,,,,UNKNOWN,UNKNOWN,,UNKNOWN,,0.0,0.0,15.0,0.0,0.0,-0.1333333333333333,3.0,0.0,0.0,0.0,0.0,5.0,,,,0.0,1.0,9.0,0.0,0.0,1.2000000000000002,3.0,0.0,3.0,0.0,0.0,3.0,,,,True,True,UNKNOWN,False,False
2021012578,2023-03-07 13:00:00,東北楽天ゴールデンイーグルス,横浜DeNAベイスターズ,0.0,1.0,UNKNOWN,草薙総合運動場野球場,excluded,high,False,False,1600109,1200117,[],[],,,,,0,light,2023-03-07T04:00:00+00:00,,UNKNOWN,,,,UNKNOWN,UNKNOWN,,UNKNOWN,,0.0,1.0,3.6,1.8,0.0,3.0,5.0,0.0,4.0,0.0,1.0,2.0,,,,0.0,0.25,4.5,0.0,0.0,2.2,4.0,0.0,1.0,0.0,0.0,2.0,,,,True,True,UNKNOWN,False,False
2021012570,2023-03-04 13:00:00,横浜DeNAベイスターズ,埼玉西武ライオンズ,1.0,4.0,UNKNOWN,横浜スタジアム,excluded,high,False,False,1900062,1400110,[],[],,,,,0,light,2023-03-04T04:00:00+00:00,,UNKNOWN,,,,UNKNOWN,UNKNOWN,,UNKNOWN,,6.75,3.0,6.75,6.75,0.0,3.95,1.3333333333333333,1.0,3.0,0.0,1.0,1.0,,,,4.5,1.25,11.25,0.0,0.0,0.7000000000000002,4.0,2.0,5.0,0.0,0.0,5.0,,,,True,True,UNKNOWN,False,False
2021012571,2023-03-04 13:00:00,阪神タイガース,オリックス・バファローズ,2.0,4.0,UNKNOWN,阪神甲子園球場,excluded,high,False,False,1600150,1500090,[],[],,,,,0,light,2023-03-04T04:00:00+00:00,,UNKNOWN,,,,UNKNOWN,UNKNOWN,,UNKNOWN,,6.75,3.0,6.75,13.5,0.0,6.2,2.6666666666666665,2.0,4.0,0.0,4.0,2.0,,,,6.0,1.0,6.0,0.0,0.0,1.866666666666667,3.0,2.0,3.0,0.0,0.0,2.0,,,,True,True,UNKNOWN,False,False
2021012577,2023-03-05 13:00:00,福岡ソフトバンクホークス,広島東洋カープ,3.0,0.0,UNKNOWN,福岡PayPayドーム,excluded,high,False,False,1300058,1200106,[],[],,,,,0,light,2023-03-05T04:00:00+00:00,,UNKNOWN,,,,UNKNOWN,UNKNOWN,,UNKNOWN,,3.0,1.3333333333333333,12.0,0.0,0.0,0.5333333333333337,3.0,1.0,4.0,0.0,0.0,4.0,,,,0.0,1.6666666666666667,9.0,3.0,0.0,2.2,3.0,0.0,4.0,0.0,1.0,3.0,,,,True,True,UNKNOWN,False,False
2021012569,2023-03-04 13:00:00,千葉ロッテマリーンズ,東京ヤクルトスワローズ,2.0,2.0,UNKNOWN,ZOZOマリンスタジアム,excluded,high,False,False,2101118,900081,[],[],,,,,0,light,2023-03-04T04:00:00+00:00,,UNKNOWN,,,,UNKNOWN,UNKNOWN,,UNKNOWN,,9.0,1.5,0.0,4.5,4.5,11.2,2.0,2.0,2.0,1.0,1.0,0.0,,,,1.8,0.8,5.4,0.0,0.0,2.0,5.0,1.0,4.0,0.0,0.0,3.0,,,,True,True,UNKNOWN,False,False
2021012574,2023-03-05 13:00:00,千葉ロッテマリーンズ,東京ヤクルトスワローズ,1.0,1.0,UNKNOWN,ZOZOマリンスタジアム,excluded,high,False,False,2103794,1000155,[],[],,,,,0,light,2023-03-05T04:00:00+00:00,,UNKNOWN,,,,UNKNOWN,UNKNOWN,,UNKNOWN,,0.0,1.3333333333333333,9.0,6.0,0.0,3.2,3.0,0.0,2.0,0.0,2.0,3.0,,,,3.0,1.3333333333333333,3.0,3.0,3.0,7.866666666666667,3.0,1.0,3.0,1.0,1.0,1.0,,,,True,True,UNKNOWN,False,False
2021012576,2023-03-05 13:00:00,阪神タイガース,オリックス・バファローズ,2.0,7.0,UNKNOWN,阪神甲子園球場,excluded,high,False,False,1700109,1700137,[],[],,,,,0,light,2023-03-05T04:00:00+00:00,,UNKNOWN,,,,UNKNOWN,UNKNOWN,,UNKNOWN,,0.0,1.3333333333333333,6.0,9.0,0.0,4.866666666666667,3.0,0.0,1.0,0.0,3.0,2.0,,,,12.0,3.0,6.0,9.0,0.0,4.866666666666667,3.0,4.0,6.0,0.0,3.0,2.0,,,,True,True,UNKNOWN,False,False
2021012575,2023-03-05 13:00:00,横浜DeNAベイスターズ,埼玉西武ライオンズ,3.0,1.0,UNKNOWN,横浜スタジアム,unknown,low,False,False,1800080,1700058,[],[],,,,,0,light,2023-03-05T04:00:00+00:00,,UNKNOWN,,,,UNKNOWN,UNKNOWN,,UNKNOWN,,6.75,2.25,6.75,6.75,0.0,3.95,4.0,3.0,6.0,0.0,3.0,3.0,,,,0.0,0.5,9.0,0.0,0.0,1.2000000000000002,4.0,0.0,2.0,0.0,0.0,4.0,,,,True,True,UNKNOWN,False,False
2021012580,2023-03-07 18:00:00,福岡ソフトバンクホークス,東京ヤクルトスワローズ,6.0,0.0,UNKNOWN,福岡PayPayドーム,unknown,low,False,False,2000139,1300080,[],[],,,,,0,light,2023-03-07T09:00:00+00:00,,UNKNOWN,,,,UNKNOWN,UNKNOWN,,UNKNOWN,,0.0,0.5,9.0,0.0,0.0,1.2000000000000002,2.0,0.0,1.0,0.0,0.0,2.0,,,,0.0,0.3333333333333333,12.0,0.0,0.0,0.5333333333333337,3.0,0.0,1.0,0.0,0.0,4.0,,,,True,True,UNKNOWN,False,False
2021012581,2023-03-08 13:00:00,東北楽天ゴールデンイーグルス,横浜DeNAベイスターズ,5.0,4.0,UNKNOWN,草薙総合運動場野球場,excluded,high,False,False,1800043,700065,[],[],,,,,0,light,2023-03-08T04:00:00+00:00,,UNKNOWN,,,,UNKNOWN,UNKNOWN,,UNKNOWN,,9.0,1.5,6.75,6.75,2.25,7.2,4.0,4.0,3.0,1.0,3.0,3.0,,,,2.25,0.75,0.0,0.0,0.0,3.2,4.0,1.0,3.0,0.0,0.0,0.0,,,,True,True,UNKNOWN,False,False
2021012583,2023-03-08 13:00:00,埼玉西武ライオンズ,中日ドラゴンズ,1.0,1.0,UNKNOWN,ベルーナドーム,excluded,high,False,False,500014,1600127,[],[],,,,,0,light,2023-03-08T04:00:00+00:00,,UNKNOWN,,,,UNKNOWN,UNKNOWN,,UNKNOWN,,0.0,0.0,9.0,0.0,0.0,1.2000000000000002,3.0,0.0,0.0,0.0,0.0,3.0,,,,2.25,0.75,9.0,2.25,0.0,1.95,4.0,1.0,2.0,0.0,1.0,4.0,,,,True,True,UNKNOWN,False,False
2021012584,2023-03-08 18:00:00,福岡ソフトバンクホークス,東京ヤクルトスワローズ,8.0,8.0,UNKNOWN,福岡PayPayドーム,excluded,high,False,False,12113,1800109,[],[],,,,,0,light,2023-03-08T09:00:00+00:00,,UNKNOWN,,,,UNKNOWN,UNKNOWN,,UNKNOWN,,6.0,1.3333333333333333,6.0,0.0,3.0,6.2,3.0,2.0,4.0,1.0,0.0,2.0,,,,21.6,2.4000000000000004,5.4,0.0,5.4,9.8,1.6666666666666663,4.0,4.0,1.0,0.0,1.0,,,,True,True,UNKNOWN,False,False
2021012585,2023-03-09 13:00:00,東北楽天ゴールデンイーグルス,横浜DeNAベイスターズ,3.0,2.0,UNKNOWN,草薙総合運動場野球場,excluded,high,False,False,1660377,2106793,[],[],,,,,0,light,2023-03-09T04:00:00+00:00,,UNKNOWN,,,,UNKNOWN,UNKNOWN,,UNKNOWN,,0.0,1.0,3.0,0.0,0.0,2.5333333333333337,3.0,0.0,3.0,0.0,0.0,1.0,,,,0.0,1.2857142857142856,3.8571428571428568,7.7142857142857135,0.0,4.914285714285715,4.666666666666667,0.0,2.0,0.0,4.0,2.0,,,,True,True,UNKNOWN,False,False
2021012586,2023-03-09 13:00:00,埼玉西武ライオンズ,中日ドラゴンズ,8.0,1.0,UNKNOWN,ベルーナドーム,excluded,high,False,False,1200098,1961288,[],[],,,,,0,light,2023-03-09T04:00:00+00:00,,UNKNOWN,,,,UNKNOWN,UNKNOWN,,UNKNOWN,,9.529411764705882,1.9411764705882355,3.176470588235294,4.764705882352941,1.588235294117647,6.376470588235295,5.666666666666667,6.0,8.0,1.0,3.0,2.0,,,,2.25,1.0,9.0,2.25,0.0,1.95,4.0,1.0,3.0,0.0,1.0,4.0,,,,True,True,UNKNOWN,False,False
2021012587,2023-03-09 14:00:00,オリックス・バファローズ,阪神タイガース,1.0,5.0,UNKNOWN,京セラドーム大阪,unknown,low,False,False,2106172,1900089,[],[],,,,,0,light,2023-03-09T05:00:00+00:00,,UNKNOWN,,,,UNKNOWN,UNKNOWN,,UNKNOWN,,4.5,2.0,9.0,0.0,0.0,1.2000000000000002,2.0,1.0,4.0,0.0,0.0,2.0,,,,5.4,1.2,5.4,5.4,0.0,3.8,5.0,3.0,3.0,0.0,3.0,3.0,,,,True,True,UNKNOWN,False,False
2021012582,2023-03-08 13:00:00,千葉ロッテマリーンズ,北海道日本ハムファイターズ,1.0,7.0,UNKNOWN,ZOZOマリンスタジアム,unknown,low,False,False,1500110,1700002,[],[],,,,,0,light,2023-03-08T04:00:00+00:00,,UNKNOWN,,,,UNKNOWN,UNKNOWN,,UNKNOWN,,0.0,0.75,2.25,0.0,0.0,2.7,4.0,0.0,3.0,0.0,0.0,1.0,,,,9.0,1.6666666666666667,12.0,0.0,3.0,4.866666666666667,3.0,3.0,5.0,1.0,0.0,4.0,,,,True,True,UNKNOWN,False,False
2021012589,2023-03-10 13:00:00,東北楽天ゴールデンイーグルス,千葉ロッテマリーンズ,2.0,3.0,UNKNOWN,草薙総合運動場野球場,unknown,low,False,False,1800052,700069,[],[],,,,,0,light,2023-03-10T04:00:00+00:00,,UNKNOWN,,,,UNKNOWN,UNKNOWN,,UNKNOWN,,0.0,1.5,2.25,2.25,0.0,3.45,4.0,0.0,5.0,0.0,1.0,1.0,,,,0.0,0.2,7.2,0.0,0.0,1.6,5.0,0.0,1.0,0.0,0.0,4.0,,,,True,True,UNKNOWN,False,False
2021012591,2023-03-10 13:00:00,阪神タイガース,北海道日本ハムファイターズ,6.0,0.0,UNKNOWN,阪神甲子園球場,unknown,low,False,False,1800092,1500090,[],[],,,,,0,light,2023-03-10T04:00:00+00:00,,UNKNOWN,,,,UNKNOWN,UNKNOWN,,UNKNOWN,,9.0,2.75,9.0,6.75,2.25,6.7,4.0,4.0,8.0,1.0,3.0,4.0,,,,0.0,1.0,9.0,2.25,0.0,1.95,4.0,0.0,3.0,0.0,1.0,4.0,,,,True,True,UNKNOWN,False,False
2021012590,2023-03-10 14:00:00,オリックス・バファローズ,読売ジャイアンツ,3.0,0.0,UNKNOWN,京セラドーム大阪,excluded,high,False,False,1961407,2000096,[],[],,,,,0,light,2023-03-10T05:00:00+00:00,,UNKNOWN,,,,UNKNOWN,UNKNOWN,,UNKNOWN,,4.5,1.25,6.75,0.0,0.0,1.7000000000000002,4.0,2.0,5.0,0.0,0.0,3.0,,,,0.0,0.2727272727272727,12.272727272727272,0.0,0.0,0.4727272727272726,3.6666666666666665,0.0,1.0,0.0,0.0,5.0,,,,True,True,UNKNOWN,False,False
2021012588,2023-03-09 18:00:00,福岡ソフトバンクホークス,東京ヤクルトスワローズ,4.0,10.0,UNKNOWN,福岡PayPayドーム,excluded,high,False,False,1200076,1400117,[],[],,,,,0,light,2023-03-09T09:00:00+00:00,,UNKNOWN,,,,UNKNOWN,UNKNOWN,,UNKNOWN,,0.0,0.6666666666666666,6.0,3.0,0.0,2.8666666666666667,3.0,0.0,1.0,0.0,1.0,2.0,,,,18.0,3.0,3.0,0.0,0.0,2.5333333333333337,3.0,6.0,9.0,0.0,0.0,1.0,,,,True,True,UNKNOWN,False,False
2021012592,2023-03-11 13:00:00,東北楽天ゴールデンイーグルス,千葉ロッテマリーンズ,6.0,5.0,UNKNOWN,草薙総合運動場野球場,excluded,high,False,False,1900085,900090,[],[],,,,,0,light,2023-03-11T04:00:00+00:00,,UNKNOWN,,,,UNKNOWN,UNKNOWN,,UNKNOWN,,12.0,2.0,3.0,6.0,3.0,8.866666666666667,3.0,4.0,4.0,1.0,2.0,1.0,,,,1.8,1.4,7.2,0.0,1.8,4.2,5.0,1.0,7.0,1.0,0.0,4.0,,,,True,True,UNKNOWN,False,False
2021012596,2023-03-11 13:00:00,阪神タイガース,北海道日本ハムファイターズ,4.0,5.0,UNKNOWN,阪神甲子園球場,excluded,high,False,False,1660052,2103707,[],[],,,,,0,light,2023-03-11T04:00:00+00:00,,UNKNOWN,,,,UNKNOWN,UNKNOWN,,UNKNOWN,,0.0,1.5,4.5,9.0,0.0,5.2,2.0,0.0,1.0,0.0,2.0,1.0,,,,9.0,1.6,1.8,0.0,1.8,5.4,5.0,5.0,8.0,1.0,0.0,1.0,,,,True,True,UNKNOWN,False,False
2021012594,2023-03-11 13:00:00,横浜DeNAベイスターズ,中日ドラゴンズ,5.0,9.0,UNKNOWN,横浜スタジアム,excluded,high,False,False,1600106,2100345,[],[],,,,,0,light,2023-03-11T04:00:00+00:00,,UNKNOWN,,,,UNKNOWN,UNKNOWN,,UNKNOWN,,1.8,1.6,7.2,5.4,0.0,3.4000000000000004,5.0,1.0,5.0,0.0,3.0,4.0,,,,9.0,2.6666666666666665,3.0,9.0,0.0,5.533333333333333,3.0,3.0,5.0,0.0,3.0,1.0,,,,True,True,UNKNOWN,False,False
2021012593,2023-03-11 14:00:00,埼玉西武ライオンズ,福岡ソフトバンクホークス,2.0,5.0,UNKNOWN,ベルーナドーム,excluded,high,False,False,1400176,1700125,[],[],,,,,0,light,2023-03-11T05:00:00+00:00,,UNKNOWN,,,,UNKNOWN,UNKNOWN,,UNKNOWN,,3.6,1.2,12.6,3.6,1.8,4.2,5.0,2.0,4.0,1.0,2.0,7.0,,,,6.75,1.5,2.25,0.0,4.5,9.2,4.0,3.0,6.0,2.0,0.0,1.0,,,,True,True,UNKNOWN,False,False
2021012597,2023-03-11 13:00:00,広島東洋カープ,東京ヤクルトスワローズ,4.0,0.0,UNKNOWN,MAZDA Zoom-Zoom スタジアム広島,excluded,high,False,False,1760587,2105565,[],[],,,,,0,light,2023-03-11T04:00:00+00:00,,UNKNOWN,,,,UNKNOWN,UNKNOWN,,UNKNOWN,,0.0,1.3333333333333333,3.0,0.0,0.0,2.5333333333333337,3.0,0.0,4.0,0.0,0.0,1.0,,,,0.0,0.0,0.0,0.0,0.0,3.2,3.0,0.0,0.0,0.0,0.0,0.0,,,,True,True,UNKNOWN,False,False
2021012595,2023-03-11 14:00:00,オリックス・バファローズ,読売ジャイアンツ,5.0,4.0,UNKNOWN,京セラドーム大阪,excluded,high,False,False,1200041,1700109,[],[],,,,,0,light,2023-03-11T05:00:00+00:00,,UNKNOWN,,,,UNKNOWN,UNKNOWN,,UNKNOWN,,0.0,0.25,4.5,0.0,0.0,2.2,4.0,0.0,1.0,0.0,0.0,2.0,,,,3.6,1.2,5.4,1.8,1.8,5.2,5.0,2.0,5.0,1.0,1.0,3.0,,,,True,True,UNKNOWN,False,False
2021012598,2023-03-12 13:00:00,東北楽天ゴールデンイーグルス,千葉ロッテマリーンズ,4.0,6.0,UNKNOWN,草薙総合運動場野球場,excluded,high,False,False,1000155,1960382,[],[],,,,,0,light,2023-03-12T04:00:00+00:00,,UNKNOWN,,,,UNKNOWN,UNKNOWN,,UNKNOWN,,9.0,2.5,4.5,6.75,0.0,4.45,4.0,4.0,7.0,0.0,3.0,2.0,,,,16.875,3.75,3.375,13.5,0.0,6.95,2.6666666666666665,5.0,6.0,0.0,4.0,1.0,,,,True,True,UNKNOWN,False,False
2021012599,2023-03-12 13:00:00,埼玉西武ライオンズ,福岡ソフトバンクホークス,3.0,0.0,UNKNOWN,ベルーナドーム,excluded,high,False,False,1200106,1700124,[],[],,,,,0,light,2023-03-12T04:00:00+00:00,,UNKNOWN,,,,UNKNOWN,UNKNOWN,,UNKNOWN,,6.230769230769231,1.6153846153846154,6.230769230769231,2.076923076923077,0.0,2.507692307692308,4.333333333333333,3.0,6.0,0.0,1.0,3.0,,,,0.0,0.3333333333333333,3.0,0.0,0.0,2.5333333333333337,6.0,0.0,2.0,0.0,0.0,2.0,,,,True,True,UNKNOWN,False,False
2021012602,2023-03-12 13:00:00,阪神タイガース,読売ジャイアンツ,5.0,3.0,UNKNOWN,阪神甲子園球場,excluded,high,False,False,2103689,1600115,[],[],,,,,0,light,2023-03-12T04:00:00+00:00,,UNKNOWN,,,,UNKNOWN,UNKNOWN,,UNKNOWN,,1.8,0.8,9.0,3.6,0.0,2.4000000000000004,5.0,1.0,2.0,0.0,2.0,5.0,,,,0.0,0.3333333333333333,9.0,0.0,0.0,1.2000000000000002,3.0,0.0,1.0,0.0,0.0,3.0,,,,True,True,UNKNOWN,False,False
2021012600,2023-03-12 13:00:00,横浜DeNAベイスターズ,中日ドラゴンズ,0.0,8.0,UNKNOWN,横浜スタジアム,unknown,low,False,False,1200055,1700058,[],[],,,,,0,light,2023-03-12T04:00:00+00:00,,UNKNOWN,,,,UNKNOWN,UNKNOWN,,UNKNOWN,,0.0,0.8,5.4,1.8,0.0,2.6,5.0,0.0,3.0,0.0,1.0,3.0,,,,10.8,2.6,3.6,7.2,1.8,7.4,5.0,6.0,9.0,1.0,4.0,2.0,,,,True,True,UNKNOWN,False,False
2021012601,2023-03-12 14:00:00,オリックス・バファローズ,北海道日本ハムファイターズ,2.0,4.0,UNKNOWN,京セラドーム大阪,excluded,high,False,False,1500109,1600151,[],[],,,,,0,light,2023-03-12T05:00:00+00:00,,UNKNOWN,,,,UNKNOWN,UNKNOWN,,UNKNOWN,,2.25,1.0,6.75,0.0,0.0,1.7000000000000002,4.0,1.0,4.0,0.0,0.0,3.0,,,,5.0625,0.75,6.75,1.6875,0.0,2.2625,5.333333333333333,3.0,3.0,0.0,1.0,4.0,,,,True,True,UNKNOWN,False,False
2021012603,2023-03-12 13:00:00,広島東洋カープ,東京ヤクルトスワローズ,2.0,5.0,UNKNOWN,MAZDA Zoom-Zoom スタジアム広島,excluded,high,False,False,2103794,2103788,[],[],,,,,0,light,2023-03-12T04:00:00+00:00,,UNKNOWN,,,,UNKNOWN,UNKNOWN,,UNKNOWN,,0.0,0.5,9.0,2.25,0.0,1.95,4.0,0.0,1.0,0.0,1.0,4.0,,,,3.0,2.333333333333333,3.0,12.0,0.0,6.533333333333333,3.0,1.0,3.0,0.0,4.0,1.0,,,,True,True,UNKNOWN,False,False
2021012605,2023-03-14 13:00:00,東北楽天ゴールデンイーグルス,オリックス・バファローズ,2.0,2.0,UNKNOWN,草薙総合運動場野球場,excluded,high,False,False,1700118,1200117,[],[],,,,,0,light,2023-03-14T04:00:00+00:00,,UNKNOWN,,,,UNKNOWN,UNKNOWN,,UNKNOWN,,0.0,1.5,2.25,2.25,0.0,3.45,4.0,0.0,5.0,0.0,1.0,1.0,,,,3.176470588235294,1.0588235294117647,4.764705882352941,0.0,0.0,2.141176470588236,5.666666666666667,2.0,6.0,0.0,0.0,3.0,,,,True,True,UNKNOWN,False,False
2021012607,2023-03-14 13:00:00,横浜DeNAベイスターズ,阪神タイガース,6.0,11.0,UNKNOWN,横浜スタジアム,excluded,high,False,False,900062,1600081,[],[],,,,,0,light,2023-03-14T04:00:00+00:00,,UNKNOWN,,,,UNKNOWN,UNKNOWN,,UNKNOWN,,7.2,1.8,1.8,0.0,0.0,2.8000000000000003,5.0,4.0,9.0,0.0,0.0,1.0,,,,7.2,1.4,5.4,7.2,0.0,4.4,5.0,4.0,3.0,0.0,4.0,3.0,,,,True,True,UNKNOWN,False,False
2021012609,2023-03-14 13:00:00,福岡ソフトバンクホークス,読売ジャイアンツ,0.0,3.0,UNKNOWN,リブワーク藤崎台球場,excluded,high,False,False,1800026,1300080,[],[],,,,,0,light,2023-03-14T04:00:00+00:00,,UNKNOWN,,,,UNKNOWN,UNKNOWN,,UNKNOWN,,0.0,1.0,7.2,1.8,0.0,2.2,5.0,0.0,4.0,0.0,1.0,4.0,,,,4.153846153846154,1.3846153846153848,6.230769230769231,2.076923076923077,2.076923076923077,5.507692307692308,4.333333333333333,2.0,5.0,1.0,1.0,3.0,,,,True,True,UNKNOWN,False,False
2021012606,2023-03-14 13:00:00,東京ヤクルトスワローズ,千葉ロッテマリーンズ,4.0,2.0,UNKNOWN,明治神宮野球場,unknown,low,False,False,1400190,2000139,[],[],,,,,0,light,2023-03-14T04:00:00+00:00,,UNKNOWN,,,,UNKNOWN,UNKNOWN,,UNKNOWN,,6.0,2.0,0.0,3.0,0.0,4.2,3.0,2.0,5.0,0.0,1.0,0.0,,,,6.0,1.3333333333333333,9.0,3.0,3.0,6.533333333333333,3.0,2.0,3.0,1.0,1.0,3.0,,,,True,True,UNKNOWN,False,False
2021012608,2023-03-14 14:00:00,中日ドラゴンズ,広島東洋カープ,2.0,2.0,UNKNOWN,バンテリンドーム ナゴヤ,excluded,high,False,False,1700072,1000138,[],[],,,,,0,light,2023-03-14T05:00:00+00:00,,UNKNOWN,,,,UNKNOWN,UNKNOWN,,UNKNOWN,,0.0,0.6,5.4,0.0,0.0,2.0,5.0,0.0,3.0,0.0,0.0,3.0,,,,0.0,0.0,5.4,0.0,0.0,2.0,5.0,0.0,0.0,0.0,0.0,3.0,,,,True,True,UNKNOWN,False,False
2021012604,2023-03-14 14:00:00,北海道日本ハムファイターズ,埼玉西武ライオンズ,1.0,3.0,UNKNOWN,ES CON FIELD HOKKAIDO,unknown,low,False,False,1800080,1961850,[],[],,,,,0,light,2023-03-14T05:00:00+00:00,,UNKNOWN,,,,UNKNOWN,UNKNOWN,,UNKNOWN,,0.0,1.2,7.2,5.4,0.0,3.4000000000000004,5.0,0.0,3.0,0.0,3.0,4.0,,,,3.8571428571428568,1.7142857142857142,3.8571428571428568,7.7142857142857135,0.0,4.914285714285715,2.333333333333333,1.0,2.0,0.0,2.0,1.0,,,,True,True,UNKNOWN,False,False
2021012613,2023-03-15 13:00:00,横浜DeNAベイスターズ,阪神タイガース,0.0,2.0,UNKNOWN,横浜スタジアム,excluded,high,False,False,1700137,1300031,[],[],,,,,0,light,2023-03-15T04:00:00+00:00,,UNKNOWN,,,,UNKNOWN,UNKNOWN,,UNKNOWN,,0.0,0.25,4.5,0.0,0.0,2.2,4.0,0.0,1.0,0.0,0.0,2.0,,,,0.0,1.8,7.2,7.2,0.0,4.0,5.0,0.0,5.0,0.0,4.0,4.0,,,,True,True,UNKNOWN,False,False
2021012612,2023-03-15 13:00:00,東京ヤクルトスワローズ,千葉ロッテマリーンズ,3.0,4.0,UNKNOWN,明治神宮野球場,excluded,high,False,False,1700002,1500139,[],[],,,,,0,light,2023-03-15T04:00:00+00:00,,UNKNOWN,,,,UNKNOWN,UNKNOWN,,UNKNOWN,,4.5,1.0,4.5,2.25,0.0,2.95,4.0,2.0,3.0,0.0,1.0,2.0,,,,6.75,1.5,13.5,6.75,2.25,5.7,4.0,3.0,3.0,1.0,3.0,6.0,,,,True,True,UNKNOWN,False,False
2021012611,2023-03-15 13:00:00,東北楽天ゴールデンイーグルス,オリックス・バファローズ,3.0,1.0,UNKNOWN,草薙総合運動場野球場,excluded,high,False,False,1600114,2000121,[],[],,,,,0,light,2023-03-15T04:00:00+00:00,,UNKNOWN,,,,UNKNOWN,UNKNOWN,,UNKNOWN,,2.25,1.75,4.5,9.0,0.0,5.2,4.0,1.0,3.0,0.0,4.0,2.0,,,,0.0,0.6,3.6,0.0,0.0,2.4000000000000004,5.0,0.0,3.0,0.0,0.0,2.0,,,,True,True,UNKNOWN,False,False
2021012614,2023-03-15 14:00:00,中日ドラゴンズ,広島東洋カープ,8.0,7.0,UNKNOWN,バンテリンドーム ナゴヤ,excluded,high,False,False,1300057,500014,[],[],,,,,0,light,2023-03-15T05:00:00+00:00,,UNKNOWN,,,,UNKNOWN,UNKNOWN,,UNKNOWN,,6.75,1.3125,6.75,1.6875,0.0,2.2625,5.333333333333333,4.0,6.0,0.0,1.0,4.0,,,,3.6,0.6,5.4,0.0,1.8,4.6,5.0,2.0,3.0,1.0,0.0,3.0,,,,True,True,UNKNOWN,False,False
2021012610,2023-03-15 15:00:00,北海道日本ハムファイターズ,埼玉西武ライオンズ,2.0,1.0,UNKNOWN,ES CON FIELD HOKKAIDO,unknown,low,False,False,1600127,1500110,[],[],,,,,0,light,2023-03-15T06:00:00+00:00,,UNKNOWN,,,,UNKNOWN,UNKNOWN,,UNKNOWN,,0.0,0.2,3.6,0.0,0.0,2.4000000000000004,5.0,0.0,1.0,0.0,0.0,2.0,,,,0.0,0.2,1.8,0.0,0.0,2.8000000000000003,5.0,0.0,1.0,0.0,0.0,1.0,,,,True,True,UNKNOWN,False,False
2021012615,2023-03-15 18:00:00,福岡ソフトバンクホークス,読売ジャイアンツ,1.0,2.0,UNKNOWN,福岡PayPayドーム,excluded,high,False,False,1660388,20204,[],[],,,,,0,light,2023-03-15T09:00:00+00:00,,UNKNOWN,,,,UNKNOWN,UNKNOWN,,UNKNOWN,,2.25,1.25,9.0,4.5,2.25,5.95,4.0,1.0,3.0,1.0,2.0,4.0,,,,2.25,0.5,15.75,0.0,2.25,2.95,4.0,1.0,2.0,1.0,0.0,7.0,,,,True,True,UNKNOWN,False,False
2021012616,2023-03-16 18:00:00,福岡ソフトバンクホークス,読売ジャイアンツ,1.0,5.0,UNKNOWN,福岡PayPayドーム,excluded,high,False,False,1960962,1900147,[],[],,,,,0,light,2023-03-16T09:00:00+00:00,,UNKNOWN,,,,UNKNOWN,UNKNOWN,,UNKNOWN,,0.0,0.4,5.4,1.8,0.0,2.6,5.0,0.0,1.0,0.0,1.0,3.0,,,,0.0,1.5,6.75,0.0,0.0,1.7000000000000002,4.0,0.0,6.0,0.0,0.0,3.0,,,,True,True,UNKNOWN,False,False
2021012617,2023-03-17 13:00:00,東京ヤクルトスワローズ,阪神タイガース,0.0,8.0,UNKNOWN,明治神宮野球場,excluded,high,False,False,1500090,1200076,[],[],,,,,0,light,2023-03-17T04:00:00+00:00,,UNKNOWN,,,,UNKNOWN,UNKNOWN,,UNKNOWN,,0.0,1.6,5.4,5.4,0.0,3.8,5.0,0.0,5.0,0.0,3.0,3.0,,,,11.25,1.75,2.25,2.25,2.25,6.7,4.0,5.0,6.0,1.0,1.0,1.0,,,,True,True,UNKNOWN,False,False
2021012618,2023-03-17 13:00:00,千葉ロッテマリーンズ,埼玉西武ライオンズ,3.0,4.0,UNKNOWN,ZOZOマリンスタジアム,excluded,high,False,False,1400182,1800052,[],[],,,,,0,light,2023-03-17T04:00:00+00:00,,UNKNOWN,,,,UNKNOWN,UNKNOWN,,UNKNOWN,,3.6,1.2,12.6,3.6,0.0,1.6,5.0,2.0,4.0,0.0,2.0,7.0,,,,1.8,1.2,5.4,1.8,1.8,5.2,5.0,1.0,5.0,1.0,1.0,3.0,,,,True,True,UNKNOWN,False,False
2021012620,2023-03-17 13:00:00,オリックス・バファローズ,広島東洋カープ,4.0,4.0,UNKNOWN,大阪シティ信用金庫スタジアム,excluded,high,False,False,1600123,2000096,[],[],,,,,0,light,2023-03-17T04:00:00+00:00,,UNKNOWN,,,,UNKNOWN,UNKNOWN,,UNKNOWN,,7.2,1.4,12.6,3.6,0.0,1.6,5.0,4.0,5.0,0.0,2.0,7.0,,,,3.8571428571428568,1.0714285714285714,19.285714285714285,1.9285714285714284,1.9285714285714284,2.342857142857143,4.666666666666667,2.0,4.0,1.0,1.0,10.0,,,,True,True,UNKNOWN,False,False
2021012619,2023-03-17 18:00:00,中日ドラゴンズ,東北楽天ゴールデンイーグルス,4.0,4.0,UNKNOWN,バンテリンドーム ナゴヤ,excluded,high,False,False,700069,1500074,[],[],,,,,0,light,2023-03-17T09:00:00+00:00,,UNKNOWN,,,,UNKNOWN,UNKNOWN,,UNKNOWN,,7.7142857142857135,1.2857142857142856,5.785714285714286,0.0,1.9285714285714284,4.7,4.666666666666667,4.0,6.0,1.0,0.0,3.0,,,,4.5,1.5,9.0,1.5,0.0,1.7000000000000002,6.0,3.0,8.0,0.0,1.0,6.0,,,,True,True,UNKNOWN,False,False
2021012621,2023-03-17 18:00:00,福岡ソフトバンクホークス,横浜DeNAベイスターズ,4.0,3.0,UNKNOWN,福岡PayPayドーム,excluded,high,False,False,1400110,1900106,[],[],,,,,0,light,2023-03-17T09:00:00+00:00,,UNKNOWN,,,,UNKNOWN,UNKNOWN,,UNKNOWN,,3.6,1.8,10.8,3.6,0.0,2.0,5.0,2.0,7.0,0.0,2.0,6.0,,,,3.0,1.5,9.0,3.0,3.0,6.533333333333333,6.0,2.0,7.0,2.0,2.0,6.0,,,,True,True,UNKNOWN,False,False
2021012627,2023-03-18 14:00:00,福岡ソフトバンクホークス,横浜DeNAベイスターズ,2.0,5.0,UNKNOWN,福岡PayPayドーム,unknown,low,False,False,1660377,1400176,[],[],,,,,0,light,2023-03-18T05:00:00+00:00,,UNKNOWN,,,,UNKNOWN,UNKNOWN,,UNKNOWN,,4.5,1.5,6.75,2.25,2.25,5.7,4.0,2.0,5.0,1.0,1.0,3.0,,,,4.5,1.0,13.5,1.5,1.5,2.8666666666666667,6.0,3.0,5.0,1.0,1.0,9.0,,,,True,True,UNKNOWN,False,False
2021012622,2023-03-18 18:00:00,読売ジャイアンツ,北海道日本ハムファイターズ,5.0,4.0,UNKNOWN,東京ドーム,excluded,high,False,False,1100099,1200041,[],[],,,,,0,light,2023-03-18T09:00:00+00:00,,UNKNOWN,,,,UNKNOWN,UNKNOWN,,UNKNOWN,,7.2,1.2,7.2,1.8,1.8,4.800000000000001,5.0,4.0,5.0,1.0,1.0,4.0,,,,0.0,2.0,18.0,0.0,0.0,-0.7999999999999998,1.0,0.0,2.0,0.0,0.0,2.0,,,,True,True,UNKNOWN,False,False
2021012625,2023-03-18 14:00:00,中日ドラゴンズ,東北楽天ゴールデンイーグルス,6.0,2.0,UNKNOWN,バンテリンドーム ナゴヤ,excluded,high,False,False,1600092,1600106,[],[],,,,,0,light,2023-03-18T05:00:00+00:00,,UNKNOWN,,,,UNKNOWN,UNKNOWN,,UNKNOWN,,0.0,0.5,2.25,2.25,0.0,3.45,4.0,0.0,1.0,0.0,1.0,1.0,,,,3.0,1.1666666666666667,7.5,1.5,3.0,6.366666666666667,6.0,2.0,6.0,2.0,1.0,5.0,,,,True,True,UNKNOWN,False,False
2021012626,2023-03-18 13:00:00,広島東洋カープ,オリックス・バファローズ,1.0,2.0,UNKNOWN,MAZDA Zoom-Zoom スタジアム広島,excluded,high,False,False,1600150,2103788,[],[],,,,,0,light,2023-03-18T04:00:00+00:00,,UNKNOWN,,,,UNKNOWN,UNKNOWN,,UNKNOWN,,0.0,1.2,7.2,1.8,0.0,2.2,5.0,0.0,5.0,0.0,1.0,4.0,,,,4.5,2.25,2.25,13.5,0.0,7.2,4.0,2.0,3.0,0.0,6.0,1.0,,,,True,True,UNKNOWN,False,False
2021012629,2023-03-19 13:00:00,東京ヤクルトスワローズ,阪神タイガース,3.0,0.0,UNKNOWN,明治神宮野球場,excluded,high,False,False,1600115,2103794,[],[],,,,,0,light,2023-03-19T04:00:00+00:00,,UNKNOWN,,,,UNKNOWN,UNKNOWN,,UNKNOWN,,5.4,1.0,9.0,0.0,1.8,3.8,5.0,3.0,5.0,1.0,0.0,5.0,,,,0.0,0.8,12.6,1.8,0.0,1.0,5.0,0.0,3.0,0.0,1.0,7.0,,,,True,True,UNKNOWN,False,False
2021012630,2023-03-19 13:00:00,千葉ロッテマリーンズ,埼玉西武ライオンズ,2.0,1.0,UNKNOWN,ZOZOマリンスタジアム,unknown,low,False,False,1961288,1000155,[],[],,,,,0,light,2023-03-19T04:00:00+00:00,,UNKNOWN,,,,UNKNOWN,UNKNOWN,,UNKNOWN,,2.25,1.0,11.25,2.25,2.25,4.7,4.0,1.0,3.0,1.0,1.0,5.0,,,,2.25,1.0,6.75,0.0,0.0,1.7000000000000002,4.0,1.0,4.0,0.0,0.0,3.0,,,,True,True,UNKNOWN,False,False
2021012632,2023-03-19 13:00:00,広島東洋カープ,オリックス・バファローズ,5.0,5.0,UNKNOWN,MAZDA Zoom-Zoom スタジアム広島,excluded,high,False,False,1860168,1300058,[],[],,,,,0,light,2023-03-19T04:00:00+00:00,,UNKNOWN,,,,UNKNOWN,UNKNOWN,,UNKNOWN,,0.0,0.3333333333333333,15.0,0.0,0.0,-0.1333333333333333,3.0,0.0,1.0,0.0,0.0,5.0,,,,1.2857142857142858,0.5714285714285714,5.142857142857143,1.2857142857142858,1.2857142857142858,4.342857142857143,7.0,1.0,3.0,1.0,1.0,4.0,,,,True,True,UNKNOWN,False,False
2021012633,2023-03-19 13:00:00,福岡ソフトバンクホークス,横浜DeNAベイスターズ,4.0,2.0,UNKNOWN,福岡PayPayドーム,excluded,high,False,False,1700058,1200106,[],[],,,,,0,light,2023-03-19T04:00:00+00:00,,UNKNOWN,,,,UNKNOWN,UNKNOWN,,UNKNOWN,,0.0,1.0,6.0,4.5,0.0,3.3666666666666667,6.0,0.0,3.0,0.0,3.0,4.0,,,,2.571428571428572,0.7142857142857143,6.428571428571429,1.2857142857142858,0.0,2.2,7.0,2.0,4.0,0.0,1.0,5.0,,,,True,True,UNKNOWN,False,False
2021012628,2023-03-19 14:00:00,読売ジャイアンツ,北海道日本ハムファイターズ,0.0,4.0,UNKNOWN,東京ドーム,excluded,high,False,False,1660052,1961407,[],[],,,,,0,light,2023-03-19T05:00:00+00:00,,UNKNOWN,,,,UNKNOWN,UNKNOWN,,UNKNOWN,,0.0,2.625,0.0,10.125,0.0,6.575,2.6666666666666665,0.0,4.0,0.0,3.0,0.0,,,,0.0,0.8,9.0,1.8,0.0,1.8000000000000005,5.0,0.0,3.0,0.0,1.0,5.0,,,,True,True,UNKNOWN,False,False
2021012637,2023-03-21 13:00:00,埼玉西武ライオンズ,阪神タイガース,2.0,1.0,UNKNOWN,ベルーナドーム,excluded,high,False,False,900062,1800080,[],[],,,,,0,light,2023-03-21T04:00:00+00:00,,UNKNOWN,,,,UNKNOWN,UNKNOWN,,UNKNOWN,,0.0,0.4,5.4,1.8,0.0,2.6,5.0,0.0,1.0,0.0,1.0,3.0,,,,0.0,1.2,9.0,5.4,0.0,3.0,5.0,0.0,3.0,0.0,3.0,5.0,,,,True,True,UNKNOWN,False,False
2021012636,2023-03-21 13:00:00,東京ヤクルトスワローズ,東北楽天ゴールデンイーグルス,3.0,2.0,UNKNOWN,明治神宮野球場,excluded,high,False,False,1200117,2000139,[],[],,,,,0,light,2023-03-21T04:00:00+00:00,,UNKNOWN,,,,UNKNOWN,UNKNOWN,,UNKNOWN,,3.0,0.8333333333333334,6.0,3.0,0.0,2.8666666666666667,6.0,2.0,3.0,0.0,2.0,4.0,,,,4.5,1.0,6.75,0.0,0.0,1.7000000000000002,4.0,2.0,4.0,0.0,0.0,3.0,,,,True,True,UNKNOWN,False,False
2021012638,2023-03-21 13:00:00,千葉ロッテマリーンズ,広島東洋カープ,2.0,1.0,UNKNOWN,ZOZOマリンスタジアム,excluded,high,False,False,1700072,900081,[],[],,,,,0,light,2023-03-21T04:00:00+00:00,,UNKNOWN,,,,UNKNOWN,UNKNOWN,,UNKNOWN,,2.571428571428572,0.7142857142857143,3.857142857142857,1.2857142857142858,0.0,2.771428571428572,7.0,2.0,4.0,0.0,1.0,3.0,,,,1.8,1.4,5.4,3.6,0.0,3.2,5.0,1.0,5.0,0.0,2.0,3.0,,,,True,True,UNKNOWN,False,False
2021012631,2023-03-19 14:00:00,中日ドラゴンズ,東北楽天ゴールデンイーグルス,2.0,4.0,UNKNOWN,バンテリンドーム ナゴヤ,excluded,high,False,False,1960382,2107860,[],[],,,,,0,light,2023-03-19T05:00:00+00:00,,UNKNOWN,,,,UNKNOWN,UNKNOWN,,UNKNOWN,,2.076923076923077,1.8461538461538465,2.076923076923077,8.307692307692308,0.0,5.507692307692308,4.333333333333333,1.0,4.0,0.0,4.0,1.0,,,,6.75,2.0,11.25,9.0,0.0,3.7,4.0,3.0,4.0,0.0,4.0,5.0,,,,True,True,UNKNOWN,False,False
2021012639,2023-03-21 14:00:00,オリックス・バファローズ,中日ドラゴンズ,4.0,2.0,UNKNOWN,京セラドーム大阪,excluded,high,False,False,1000138,1700109,[],[],,,,,0,light,2023-03-21T05:00:00+00:00,,UNKNOWN,,,,UNKNOWN,UNKNOWN,,UNKNOWN,,1.8,1.2,7.2,0.0,1.8,4.2,5.0,1.0,6.0,1.0,0.0,4.0,,,,3.0,1.1666666666666667,10.5,3.0,0.0,1.866666666666667,6.0,2.0,5.0,0.0,2.0,7.0,,,,True,True,UNKNOWN,False,False
2021012635,2023-03-21 14:00:00,読売ジャイアンツ,横浜DeNAベイスターズ,0.0,1.0,UNKNOWN,東京ドーム,excluded,high,False,False,2100345,1800026,[],[],,,,,0,light,2023-03-21T05:00:00+00:00,,UNKNOWN,,,,UNKNOWN,UNKNOWN,,UNKNOWN,,0.0,1.0,0.0,3.6,0.0,4.4,5.0,0.0,3.0,0.0,2.0,0.0,,,,1.5,0.5,7.5,1.5,0.0,2.033333333333333,6.0,1.0,2.0,0.0,1.0,5.0,,,,True,True,UNKNOWN,False,False
2021012642,2023-03-22 13:00:00,東京ヤクルトスワローズ,横浜DeNAベイスターズ,2.0,0.0,UNKNOWN,明治神宮野球場,excluded,high,False,False,1600081,1500139,[],[],,,,,0,light,2023-03-22T04:00:00+00:00,,UNKNOWN,,,,UNKNOWN,UNKNOWN,,UNKNOWN,,0.0,1.8,7.2,7.2,0.0,4.0,5.0,0.0,5.0,0.0,4.0,4.0,,,,0.0,0.6,7.2,3.6,0.0,2.8000000000000003,5.0,0.0,1.0,0.0,2.0,4.0,,,,True,True,UNKNOWN,False,False
2021012634,2023-03-21 14:00:00,北海道日本ハムファイターズ,福岡ソフトバンクホークス,5.0,0.0,UNKNOWN,ES CON FIELD HOKKAIDO,excluded,high,False,False,1300080,1961850,[],[],,,,,0,light,2023-03-21T05:00:00+00:00,,UNKNOWN,,,,UNKNOWN,UNKNOWN,,UNKNOWN,,7.2,1.4,7.2,3.6,0.0,2.8000000000000003,5.0,4.0,5.0,0.0,2.0,4.0,,,,0.0,0.75,4.5,2.25,0.0,2.95,4.0,0.0,2.0,0.0,1.0,2.0,,,,True,True,UNKNOWN,False,False
2021012644,2023-03-22 13:00:00,千葉ロッテマリーンズ,広島東洋カープ,5.0,0.0,UNKNOWN,ZOZOマリンスタジアム,excluded,high,False,False,1860147,1700002,[],[],,,,,0,light,2023-03-22T04:00:00+00:00,,UNKNOWN,,,,UNKNOWN,UNKNOWN,,UNKNOWN,,9.0,2.0,6.75,6.75,2.25,7.2,4.0,4.0,5.0,1.0,3.0,3.0,,,,0.0,1.5,7.7142857142857135,7.7142857142857135,0.0,4.057142857142857,4.666666666666667,0.0,3.0,0.0,4.0,4.0,,,,True,True,UNKNOWN,False,False
2021012643,2023-03-22 13:00:00,埼玉西武ライオンズ,東北楽天ゴールデンイーグルス,3.0,3.0,UNKNOWN,ベルーナドーム,excluded,high,False,False,2000121,1751148,[],[],,,,,0,light,2023-03-22T04:00:00+00:00,,UNKNOWN,,,,UNKNOWN,UNKNOWN,,UNKNOWN,,4.5,1.1666666666666667,3.0,1.5,1.5,5.2,6.0,3.0,6.0,1.0,1.0,2.0,,,,5.4,1.4,5.4,3.6,1.8,5.800000000000001,5.0,3.0,5.0,1.0,2.0,3.0,,,,True,True,UNKNOWN,False,False
2021012645,2023-03-22 14:00:00,オリックス・バファローズ,中日ドラゴンズ,6.0,0.0,UNKNOWN,京セラドーム大阪,excluded,high,False,False,500014,1600151,[],[],,,,,0,light,2023-03-22T05:00:00+00:00,,UNKNOWN,,,,UNKNOWN,UNKNOWN,,UNKNOWN,,9.0,2.25,4.5,2.25,0.0,2.95,4.0,4.0,8.0,0.0,1.0,2.0,,,,0.0,0.1666666666666666,12.0,0.0,0.0,0.5333333333333337,6.0,0.0,1.0,0.0,0.0,8.0,,,,True,True,UNKNOWN,False,False
2021012640,2023-03-22 18:00:00,北海道日本ハムファイターズ,福岡ソフトバンクホークス,4.0,2.0,UNKNOWN,ES CON FIELD HOKKAIDO,excluded,high,False,False,20204,1500110,[],[],,,,,0,light,2023-03-22T09:00:00+00:00,,UNKNOWN,,,,UNKNOWN,UNKNOWN,,UNKNOWN,,6.352941176470588,1.4117647058823528,4.764705882352941,0.0,4.764705882352941,9.023529411764706,5.666666666666667,4.0,8.0,3.0,0.0,3.0,,,,1.5,0.8333333333333334,4.5,1.5,1.5,4.866666666666667,6.0,1.0,4.0,1.0,1.0,3.0,,,,True,True,UNKNOWN,False,False
2021012646,2023-03-24 18:00:00,北海道日本ハムファイターズ,東京ヤクルトスワローズ,3.0,1.0,UNKNOWN,ES CON FIELD HOKKAIDO,unknown,low,False,False,1200076,2107859,[],[],,,,,0,light,2023-03-24T09:00:00+00:00,,UNKNOWN,,,,UNKNOWN,UNKNOWN,,UNKNOWN,,1.8,1.0,9.0,0.0,0.0,1.2000000000000002,5.0,1.0,5.0,0.0,0.0,5.0,,,,1.5,0.3333333333333333,10.5,1.5,1.5,3.5333333333333337,6.0,1.0,1.0,1.0,1.0,7.0,,,,True,True,UNKNOWN,False,False
2021012641,2023-03-22 18:00:00,読売ジャイアンツ,阪神タイガース,6.0,4.0,UNKNOWN,東京ドーム,unknown,low,False,False,1900044,1660388,[],[],,,,,0,light,2023-03-22T09:00:00+00:00,,UNKNOWN,,,,UNKNOWN,UNKNOWN,,UNKNOWN,,7.2,2.4,3.6,3.6,0.0,3.6,5.0,4.0,10.0,0.0,2.0,2.0,,,,1.6875,0.75,5.0625,0.0,1.6875,4.5125,5.333333333333333,1.0,4.0,1.0,0.0,3.0,,,,True,True,UNKNOWN,False,False
2021012648,2023-03-24 18:00:00,読売ジャイアンツ,東北楽天ゴールデンイーグルス,1.0,4.0,UNKNOWN,東京ドーム,excluded,high,False,False,700069,1960962,[],[],,,,,0,light,2023-03-24T09:00:00+00:00,,UNKNOWN,,,,UNKNOWN,UNKNOWN,,UNKNOWN,,0.0,1.3333333333333333,9.0,6.0,0.0,3.2,3.0,0.0,2.0,0.0,2.0,3.0,,,,8.1,2.7,2.7,10.8,5.4,14.0,3.333333333333333,3.0,5.0,2.0,4.0,1.0,,,,True,True,UNKNOWN,False,False
2021012650,2023-03-24 18:00:00,オリックス・バファローズ,阪神タイガース,5.0,2.0,UNKNOWN,京セラドーム大阪,excluded,high,False,False,1500090,2000096,[],[],,,,,0,light,2023-03-24T09:00:00+00:00,,UNKNOWN,,,,UNKNOWN,UNKNOWN,,UNKNOWN,,6.75,2.75,9.0,6.75,2.25,6.7,4.0,3.0,8.0,1.0,3.0,4.0,,,,3.0,0.5,10.5,0.0,1.5,3.0333333333333337,6.0,2.0,3.0,1.0,0.0,7.0,,,,True,True,UNKNOWN,False,False
2021012649,2023-03-24 18:00:00,中日ドラゴンズ,千葉ロッテマリーンズ,1.0,0.0,UNKNOWN,バンテリンドーム ナゴヤ,excluded,high,False,False,1800052,1500074,[],[],,,,,0,light,2023-03-24T09:00:00+00:00,,UNKNOWN,,,,UNKNOWN,UNKNOWN,,UNKNOWN,,1.6875,0.9375,8.4375,0.0,0.0,1.3250000000000002,5.333333333333333,1.0,5.0,0.0,0.0,5.0,,,,0.0,1.3333333333333333,6.0,1.5,0.0,2.3666666666666667,6.0,0.0,7.0,0.0,1.0,4.0,,,,True,True,UNKNOWN,False,False
2021012647,2023-03-24 18:00:00,埼玉西武ライオンズ,横浜DeNAベイスターズ,1.0,4.0,UNKNOWN,ベルーナドーム,unknown,low,False,False,1400110,1900061,[],[],,,,,0,light,2023-03-24T09:00:00+00:00,,UNKNOWN,,,,UNKNOWN,UNKNOWN,,UNKNOWN,,1.5,0.6666666666666666,9.0,0.0,0.0,1.2000000000000002,6.0,1.0,4.0,0.0,0.0,6.0,,,,9.0,3.0,4.5,0.0,0.0,2.2,2.0,2.0,6.0,0.0,0.0,1.0,,,,True,True,UNKNOWN,False,False
2021012651,2023-03-24 18:00:00,福岡ソフトバンクホークス,広島東洋カープ,6.0,1.0,UNKNOWN,福岡PayPayドーム,excluded,high,False,False,1300057,1900106,[],[],,,,,0,light,2023-03-24T09:00:00+00:00,,UNKNOWN,,,,UNKNOWN,UNKNOWN,,UNKNOWN,,0.0,0.6666666666666666,12.0,0.0,0.0,0.5333333333333337,3.0,0.0,2.0,0.0,0.0,4.0,,,,0.0,0.2,10.8,1.8,0.0,1.4,5.0,0.0,0.0,0.0,1.0,6.0,,,,True,True,UNKNOWN,False,False
2021012657,2023-03-25 13:00:00,福岡ソフトバンクホークス,広島東洋カープ,8.0,2.0,UNKNOWN,福岡PayPayドーム,excluded,high,False,False,1600123,1400176,[],[],,,,,0,light,2023-03-25T04:00:00+00:00,,UNKNOWN,,,,UNKNOWN,UNKNOWN,,UNKNOWN,,15.0,2.6666666666666665,0.0,0.0,3.0,7.533333333333333,3.0,5.0,8.0,1.0,0.0,0.0,,,,0.0,0.6,12.6,0.0,0.0,0.4000000000000003,5.0,0.0,3.0,0.0,0.0,7.0,,,,True,True,UNKNOWN,False,False
2021012652,2023-03-25 14:00:00,北海道日本ハムファイターズ,東京ヤクルトスワローズ,1.0,2.0,UNKNOWN,ES CON FIELD HOKKAIDO,excluded,high,False,False,1760587,1100099,[],[],,,,,0,light,2023-03-25T05:00:00+00:00,,UNKNOWN,,,,UNKNOWN,UNKNOWN,,UNKNOWN,,1.8,0.8,7.2,0.0,0.0,1.6,5.0,1.0,4.0,0.0,0.0,4.0,,,,3.0,1.1666666666666667,7.5,0.0,3.0,5.866666666666667,6.0,2.0,7.0,2.0,0.0,5.0,,,,True,True,UNKNOWN,False,False
2021012653,2023-03-25 14:00:00,埼玉西武ライオンズ,横浜DeNAベイスターズ,5.0,0.0,UNKNOWN,ベルーナドーム,excluded,high,False,False,1660377,1961288,[],[],,,,,0,light,2023-03-25T05:00:00+00:00,,UNKNOWN,,,,UNKNOWN,UNKNOWN,,UNKNOWN,,3.375,1.5,3.375,3.375,1.6875,6.0125,5.333333333333333,2.0,6.0,1.0,2.0,2.0,,,,0.0,1.0,9.0,3.6,0.0,2.4000000000000004,5.0,0.0,3.0,0.0,2.0,5.0,,,,True,True,UNKNOWN,False,False
2021012654,2023-03-25 14:00:00,読売ジャイアンツ,東北楽天ゴールデンイーグルス,5.0,2.0,UNKNOWN,東京ドーム,excluded,high,False,False,1900117,1961407,[],[],,,,,0,light,2023-03-25T05:00:00+00:00,,UNKNOWN,,,,UNKNOWN,UNKNOWN,,UNKNOWN,,3.6,0.6,3.6,1.8,0.0,3.0,5.0,2.0,2.0,0.0,1.0,2.0,,,,4.5,2.0,13.5,6.75,0.0,2.45,4.0,2.0,5.0,0.0,3.0,6.0,,,,True,True,UNKNOWN,False,False
2021012655,2023-03-25 14:00:00,中日ドラゴンズ,千葉ロッテマリーンズ,1.0,0.0,UNKNOWN,バンテリンドーム ナゴヤ,excluded,high,False,False,1600146,1600106,[],[],,,,,0,light,2023-03-25T05:00:00+00:00,,UNKNOWN,,,,UNKNOWN,UNKNOWN,,UNKNOWN,,1.8,1.2,14.4,0.0,0.0,0.0,5.0,1.0,6.0,0.0,0.0,8.0,,,,0.0,0.5,9.0,0.0,0.0,1.2000000000000002,6.0,0.0,3.0,0.0,0.0,6.0,,,,True,True,UNKNOWN,False,False
2021012656,2023-03-25 14:00:00,阪神タイガース,オリックス・バファローズ,7.0,0.0,UNKNOWN,京セラドーム大阪,excluded,high,False,False,1400195,900425,[],[],,,,,0,light,2023-03-25T05:00:00+00:00,,UNKNOWN,,,,UNKNOWN,UNKNOWN,,UNKNOWN,,7.7142857142857135,1.9285714285714284,5.785714285714286,3.8571428571428568,3.8571428571428568,8.771428571428572,4.666666666666667,4.0,7.0,2.0,2.0,3.0,,,,0.0,0.5,6.75,0.0,0.0,1.7000000000000002,4.0,0.0,2.0,0.0,0.0,3.0,,,,True,True,UNKNOWN,False,False
2021012658,2023-03-26 13:00:00,北海道日本ハムファイターズ,東京ヤクルトスワローズ,1.0,1.0,UNKNOWN,ES CON FIELD HOKKAIDO,excluded,high,False,False,2103794,1961850,[],[],,,,,0,light,2023-03-26T04:00:00+00:00,,UNKNOWN,,,,UNKNOWN,UNKNOWN,,UNKNOWN,,3.0,1.3333333333333333,18.0,0.0,0.0,-0.7999999999999998,3.0,1.0,4.0,0.0,0.0,6.0,,,,0.0,0.6,5.4,0.0,0.0,2.0,5.0,0.0,3.0,0.0,0.0,3.0,,,,True,True,UNKNOWN,False,False
2021012659,2023-03-26 13:00:00,埼玉西武ライオンズ,横浜DeNAベイスターズ,3.0,2.0,UNKNOWN,ベルーナドーム,excluded,high,False,False,1600109,1400182,[],[],,,,,0,light,2023-03-26T04:00:00+00:00,,UNKNOWN,,,,UNKNOWN,UNKNOWN,,UNKNOWN,,3.6,1.2,3.6,3.6,0.0,3.6,5.0,2.0,4.0,0.0,2.0,2.0,,,,18.0,3.0,27.0,0.0,0.0,-2.8,1.0,2.0,3.0,0.0,0.0,3.0,,,,True,True,UNKNOWN,False,False
2021012661,2023-03-26 14:00:00,中日ドラゴンズ,千葉ロッテマリーンズ,8.0,2.0,UNKNOWN,バンテリンドーム ナゴヤ,excluded,high,False,False,1000155,1200055,[],[],,,,,0,light,2023-03-26T05:00:00+00:00,,UNKNOWN,,,,UNKNOWN,UNKNOWN,,UNKNOWN,,23.625,2.25,6.75,0.0,3.375,6.575,2.6666666666666665,7.0,6.0,1.0,0.0,2.0,,,,1.5,0.8333333333333334,6.0,0.0,0.0,1.866666666666667,6.0,1.0,5.0,0.0,0.0,4.0,,,,True,True,UNKNOWN,False,False
2021012660,2023-03-26 14:00:00,読売ジャイアンツ,東北楽天ゴールデンイーグルス,3.0,1.0,UNKNOWN,東京ドーム,excluded,high,False,False,1960382,2103689,[],[],,,,,0,light,2023-03-26T05:00:00+00:00,,UNKNOWN,,,,UNKNOWN,UNKNOWN,,UNKNOWN,,6.75,1.75,9.0,4.5,0.0,2.7,4.0,3.0,5.0,0.0,2.0,4.0,,,,1.8,0.2,0.0,0.0,1.8,5.800000000000001,5.0,1.0,1.0,1.0,0.0,0.0,,,,True,True,UNKNOWN,False,False
2021012662,2023-03-26 14:00:00,オリックス・バファローズ,阪神タイガース,5.0,2.0,UNKNOWN,京セラドーム大阪,excluded,high,False,False,1600115,1600150,[],[],,,,,0,light,2023-03-26T05:00:00+00:00,,UNKNOWN,,,,UNKNOWN,UNKNOWN,,UNKNOWN,,7.2,1.6,7.2,3.6,3.6,8.0,5.0,4.0,6.0,2.0,2.0,4.0,,,,3.6,1.0,12.6,3.6,0.0,1.6,5.0,2.0,3.0,0.0,2.0,7.0,,,,True,True,UNKNOWN,False,False
2021012666,2023-03-31 18:00:00,東京ヤクルトスワローズ,広島東洋カープ,4.0,0.0,UNKNOWN,明治神宮野球場,unknown,low,False,False,1300057,1200076,[],[],,,,,0,light,2023-03-31T09:00:00+00:00,,UNKNOWN,,,,UNKNOWN,UNKNOWN,,UNKNOWN,,3.6,1.2,9.0,1.8,1.8,4.4,5.0,2.0,5.0,1.0,1.0,5.0,,,,0.0,0.5714285714285714,5.142857142857143,1.2857142857142858,0.0,2.4857142857142858,7.0,0.0,3.0,0.0,1.0,4.0,,,,True,True,UNKNOWN,False,False
2021012664,2023-03-30 18:30:00,北海道日本ハムファイターズ,東北楽天ゴールデンイーグルス,1.0,3.0,UNKNOWN,ES CON FIELD HOKKAIDO,unknown,low,False,False,700069,1500110,[],[],,,,,0,light,2023-03-30T09:30:00+00:00,,UNKNOWN,,,,UNKNOWN,UNKNOWN,,UNKNOWN,,1.588235294117647,0.7058823529411764,7.941176470588235,3.176470588235294,0.0,2.494117647058824,5.666666666666667,1.0,2.0,0.0,2.0,5.0,,,,3.857142857142857,1.1428571428571428,3.857142857142857,0.0,2.571428571428572,6.057142857142857,7.0,3.0,8.0,2.0,0.0,3.0,,,,True,True,UNKNOWN,False,False
2021012663,2023-03-26 14:00:00,広島東洋カープ,福岡ソフトバンクホークス,8.0,3.0,UNKNOWN,MAZDA Zoom-Zoom スタジアム広島,excluded,high,False,False,1200106,1900057,[],[],,,,,0,light,2023-03-26T05:00:00+00:00,,UNKNOWN,,,,UNKNOWN,UNKNOWN,,UNKNOWN,,0.0,1.6666666666666667,6.0,0.0,0.0,1.866666666666667,3.0,0.0,5.0,0.0,0.0,2.0,,,,0.0,0.4,5.4,1.8,0.0,2.6,5.0,0.0,1.0,0.0,1.0,3.0,,,,True,True,UNKNOWN,False,False
2021012667,2023-03-31 18:00:00,阪神タイガース,横浜DeNAベイスターズ,6.0,3.0,UNKNOWN,京セラドーム大阪,excluded,high,False,False,1400110,1500090,[],[],,,,,0,light,2023-03-31T09:00:00+00:00,,UNKNOWN,,,,UNKNOWN,UNKNOWN,,UNKNOWN,,6.75,1.75,6.75,4.5,0.0,3.2,4.0,3.0,5.0,0.0,2.0,3.0,,,,1.588235294117647,0.5294117647058824,11.117647058823527,1.588235294117647,0.0,1.258823529411765,5.666666666666667,1.0,2.0,0.0,1.0,7.0,,,,True,True,UNKNOWN,False,False
2021012669,2023-03-31 18:30:00,福岡ソフトバンクホークス,千葉ロッテマリーンズ,4.0,0.0,UNKNOWN,福岡PayPayドーム,excluded,high,False,False,1800052,1900106,[],[],,,,,0,light,2023-03-31T09:30:00+00:00,,UNKNOWN,,,,UNKNOWN,UNKNOWN,,UNKNOWN,,5.0625,1.3125,6.75,5.0625,1.6875,5.825,5.333333333333333,3.0,4.0,1.0,3.0,4.0,,,,0.0,0.5714285714285714,9.0,2.571428571428572,0.0,2.0571428571428574,7.0,0.0,2.0,0.0,2.0,7.0,,,,True,True,UNKNOWN,False,False
2021012668,2023-03-31 18:00:00,埼玉西武ライオンズ,オリックス・バファローズ,2.0,3.0,UNKNOWN,ベルーナドーム,excluded,high,False,False,2000096,1400182,[],[],,,,,0,light,2023-03-31T09:00:00+00:00,,UNKNOWN,,,,UNKNOWN,UNKNOWN,,UNKNOWN,,1.6875,0.9375,11.8125,1.6875,0.0,1.1375000000000002,5.333333333333333,1.0,4.0,0.0,1.0,7.0,,,,1.125,0.75,7.875,0.0,0.0,1.4500000000000002,8.0,1.0,6.0,0.0,0.0,7.0,,,,True,True,UNKNOWN,False,False
2021012665,2023-03-31 18:15:00,読売ジャイアンツ,中日ドラゴンズ,3.0,6.0,UNKNOWN,東京ドーム,excluded,high,False,False,1500074,1960962,[],[],,,,,0,light,2023-03-31T09:15:00+00:00,,UNKNOWN,,,,UNKNOWN,UNKNOWN,,UNKNOWN,,3.5217391304347823,1.1739130434782608,7.0434782608695645,4.695652173913043,1.1739130434782608,4.895652173913044,7.666666666666667,3.0,5.0,1.0,4.0,6.0,,,,3.0,1.6666666666666667,7.5,0.0,0.0,1.5333333333333334,6.0,2.0,10.0,0.0,0.0,5.0,,,,True,True,UNKNOWN,False,False
2021012673,2023-04-01 13:00:00,北海道日本ハムファイターズ,東北楽天ゴールデンイーグルス,4.0,3.0,UNKNOWN,ES CON FIELD HOKKAIDO,excluded,high,False,False,1900117,1100099,[],[],,,,,0,light,2023-04-01T04:00:00+00:00,,UNKNOWN,,,,UNKNOWN,UNKNOWN,,UNKNOWN,,1.6875,1.3125,5.0625,0.0,0.0,2.075,5.333333333333333,1.0,7.0,0.0,0.0,3.0,,,,1.8,1.8,7.2,12.6,0.0,5.800000000000001,5.0,1.0,2.0,0.0,7.0,4.0,,,,True,True,UNKNOWN,False,False
2021012670,2023-04-01 14:00:00,読売ジャイアンツ,中日ドラゴンズ,2.0,0.0,UNKNOWN,東京ドーム,regular,high,True,True,500014,1961407,[],[],,,,,0,light,2023-04-01T05:00:00+00:00,,UNKNOWN,,,,UNKNOWN,UNKNOWN,,UNKNOWN,,2.571428571428572,0.8571428571428571,9.0,2.571428571428572,1.2857142857142858,3.9142857142857146,7.0,2.0,4.0,1.0,2.0,7.0,,,,0.0,0.5714285714285714,9.0,1.2857142857142858,0.0,1.6285714285714288,7.0,0.0,3.0,0.0,1.0,7.0,,,,True,True,UNKNOWN,False,False
2021012671,2023-04-01 14:00:00,東京ヤクルトスワローズ,広島東洋カープ,1.0,0.0,UNKNOWN,明治神宮野球場,unknown,low,False,False,1600123,1760587,[],[],,,,,0,light,2023-04-01T05:00:00+00:00,,UNKNOWN,,,,UNKNOWN,UNKNOWN,,UNKNOWN,,0.0,0.6666666666666666,9.0,3.0,0.0,2.2,6.0,0.0,2.0,0.0,2.0,6.0,,,,0.0,0.3333333333333333,4.5,0.0,0.0,2.2,6.0,0.0,2.0,0.0,0.0,3.0,,,,True,True,UNKNOWN,False,False
2021012672,2023-04-01 14:00:00,阪神タイガース,横浜DeNAベイスターズ,6.0,5.0,UNKNOWN,京セラドーム大阪,excluded,high,False,False,1660377,900425,[],[],,,,,0,light,2023-04-01T05:00:00+00:00,,UNKNOWN,,,,UNKNOWN,UNKNOWN,,UNKNOWN,,12.0,2.6666666666666665,3.0,6.0,0.0,4.533333333333333,3.0,4.0,6.0,0.0,2.0,1.0,,,,9.0,1.6,5.4,1.8,1.8,5.2,5.0,5.0,7.0,1.0,1.0,3.0,,,,True,True,UNKNOWN,False,False
2021012674,2023-04-01 14:00:00,埼玉西武ライオンズ,オリックス・バファローズ,2.0,9.0,UNKNOWN,ベルーナドーム,unknown,low,False,False,1400195,1961288,[],[],,,,,0,light,2023-04-01T05:00:00+00:00,,UNKNOWN,,,,UNKNOWN,UNKNOWN,,UNKNOWN,,4.5,2.0,6.75,0.0,0.0,1.7000000000000002,4.0,2.0,8.0,0.0,0.0,3.0,,,,9.0,2.6666666666666665,6.0,9.0,3.0,9.2,3.0,3.0,5.0,1.0,3.0,2.0,,,,True,True,UNKNOWN,False,False
2021012675,2023-04-01 14:00:00,福岡ソフトバンクホークス,千葉ロッテマリーンズ,7.0,0.0,UNKNOWN,福岡PayPayドーム,excluded,high,False,False,1600146,1400176,[],[],,,,,0,light,2023-04-01T05:00:00+00:00,,UNKNOWN,,,,UNKNOWN,UNKNOWN,,UNKNOWN,,2.25,1.75,22.5,6.75,2.25,3.7,4.0,1.0,4.0,1.0,3.0,10.0,,,,0.0,0.5714285714285714,11.571428571428571,2.571428571428572,0.0,1.485714285714286,7.0,0.0,2.0,0.0,2.0,9.0,,,,True,True,UNKNOWN,False,False
2021012676,2023-04-02 13:00:00,読売ジャイアンツ,中日ドラゴンズ,3.0,2.0,UNKNOWN,東京ドーム,excluded,high,False,False,1200055,2103689,[],[],,,,,0,light,2023-04-02T04:00:00+00:00,,UNKNOWN,,,,UNKNOWN,UNKNOWN,,UNKNOWN,,1.5,0.8333333333333334,6.0,1.5,0.0,2.3666666666666667,6.0,1.0,4.0,0.0,1.0,4.0,,,,1.2857142857142858,1.0,6.428571428571429,2.571428571428572,0.0,2.628571428571429,7.0,1.0,5.0,0.0,2.0,5.0,,,,True,True,UNKNOWN,False,False
2021012677,2023-04-02 13:30:00,東京ヤクルトスワローズ,広島東洋カープ,3.0,2.0,UNKNOWN,明治神宮野球場,excluded,high,False,False,1900057,2103794,[],[],,,,,0,light,2023-04-02T04:30:00+00:00,,UNKNOWN,,,,UNKNOWN,UNKNOWN,,UNKNOWN,,3.6,1.2,12.6,5.4,1.8,4.800000000000001,5.0,2.0,3.0,1.0,3.0,7.0,,,,3.6,1.0,7.2,0.0,1.8,4.2,5.0,2.0,5.0,1.0,0.0,4.0,,,,True,True,UNKNOWN,False,False
2021012678,2023-04-02 14:00:00,阪神タイガース,横浜DeNAベイスターズ,6.0,2.0,UNKNOWN,京セラドーム大阪,excluded,high,False,False,1600109,1600115,[],[],,,,,0,light,2023-04-02T05:00:00+00:00,,UNKNOWN,,,,UNKNOWN,UNKNOWN,,UNKNOWN,,9.0,3.0,12.0,9.0,0.0,3.5333333333333337,3.0,3.0,6.0,0.0,3.0,4.0,,,,1.4210526315789471,0.7894736842105263,11.36842105263158,1.4210526315789471,0.0,1.1473684210526316,6.333333333333333,1.0,4.0,0.0,1.0,8.0,,,,True,True,UNKNOWN,False,False
2021012679,2023-04-02 13:00:00,北海道日本ハムファイターズ,東北楽天ゴールデンイーグルス,1.0,2.0,UNKNOWN,ES CON FIELD HOKKAIDO,excluded,high,False,False,1600092,2107859,[],[],,,,,0,light,2023-04-02T04:00:00+00:00,,UNKNOWN,,,,UNKNOWN,UNKNOWN,,UNKNOWN,,1.5,1.1666666666666667,4.5,6.0,0.0,4.2,6.0,1.0,3.0,0.0,4.0,3.0,,,,1.5,0.6666666666666666,9.0,3.0,0.0,2.2,6.0,1.0,2.0,0.0,2.0,6.0,,,,True,True,UNKNOWN,False,False
2021012685,2023-04-04 16:00:00,東北楽天ゴールデンイーグルス,埼玉西武ライオンズ,0.0,4.0,UNKNOWN,楽天モバイルパーク宮城,unknown,low,False,False,1600127,1200117,[],[],,,,,0,light,2023-04-04T07:00:00+00:00,,UNKNOWN,,,,UNKNOWN,UNKNOWN,,UNKNOWN,,0.0,1.0,10.285714285714286,5.142857142857143,0.0,2.628571428571429,7.0,0.0,3.0,0.0,4.0,8.0,,,,3.0,1.0,10.5,3.0,0.0,1.866666666666667,6.0,2.0,4.0,0.0,2.0,7.0,,,,True,True,UNKNOWN,False,False
2021012681,2023-04-02 14:00:00,福岡ソフトバンクホークス,千葉ロッテマリーンズ,5.0,3.0,UNKNOWN,福岡PayPayドーム,unknown,low,False,False,1000155,1200106,[],[],,,,,0,light,2023-04-02T05:00:00+00:00,,UNKNOWN,,,,UNKNOWN,UNKNOWN,,UNKNOWN,,9.0,1.75,6.75,2.25,0.0,2.45,4.0,4.0,6.0,0.0,1.0,3.0,,,,5.0625,1.5,8.4375,0.0,0.0,1.3250000000000002,5.333333333333333,3.0,8.0,0.0,0.0,5.0,,,,True,True,UNKNOWN,False,False
2021012684,2023-04-04 18:00:00,広島東洋カープ,阪神タイガース,4.0,5.0,UNKNOWN,MAZDA Zoom-Zoom スタジアム広島,excluded,high,False,False,900062,1300058,[],[],,,,,0,light,2023-04-04T09:00:00+00:00,,UNKNOWN,,,,UNKNOWN,UNKNOWN,,UNKNOWN,,3.0,0.8333333333333334,7.5,1.5,1.5,4.2,6.0,2.0,4.0,1.0,1.0,5.0,,,,4.153846153846154,2.307692307692308,4.153846153846154,12.461538461538462,0.0,6.430769230769231,4.333333333333333,2.0,4.0,0.0,6.0,2.0,,,,True,True,UNKNOWN,False,False
2021012687,2023-04-04 18:00:00,オリックス・バファローズ,福岡ソフトバンクホークス,1.0,6.0,UNKNOWN,京セラドーム大阪,unknown,low,False,False,1300080,1700109,[],[],,,,,0,light,2023-04-04T09:00:00+00:00,,UNKNOWN,,,,UNKNOWN,UNKNOWN,,UNKNOWN,,0.0,0.5714285714285714,9.0,0.0,0.0,1.2000000000000002,7.0,0.0,4.0,0.0,0.0,7.0,,,,6.0,1.0,12.0,1.5,3.0,5.366666666666667,6.0,4.0,5.0,2.0,1.0,8.0,,,,True,True,UNKNOWN,False,False
2021012680,2023-04-02 14:00:00,埼玉西武ライオンズ,オリックス・バファローズ,4.0,1.0,UNKNOWN,ベルーナドーム,excluded,high,False,False,1600150,1700124,[],[],,,,,0,light,2023-04-02T05:00:00+00:00,,UNKNOWN,,,,UNKNOWN,UNKNOWN,,UNKNOWN,,1.588235294117647,1.0588235294117647,7.941176470588235,4.764705882352941,1.588235294117647,5.31764705882353,5.666666666666667,1.0,3.0,1.0,3.0,5.0,,,,1.2857142857142858,1.1428571428571428,11.571428571428571,3.857142857142857,1.2857142857142858,3.7714285714285714,7.0,1.0,5.0,1.0,3.0,9.0,,,,True,True,UNKNOWN,False,False
2021012682,2023-04-04 18:30:00,横浜DeNAベイスターズ,読売ジャイアンツ,0.0,9.0,UNKNOWN,横浜スタジアム,unknown,low,False,False,1800028,1600081,[],[],,,,,0,light,2023-04-04T09:30:00+00:00,,UNKNOWN,,,,UNKNOWN,UNKNOWN,,UNKNOWN,,0.0,1.1666666666666667,7.5,3.0,0.0,2.5333333333333337,6.0,0.0,5.0,0.0,2.0,5.0,,,,7.2,1.8,7.2,3.6,1.8,5.4,5.0,4.0,7.0,1.0,2.0,4.0,,,,True,True,UNKNOWN,False,False
2021012686,2023-04-04 18:30:00,千葉ロッテマリーンズ,北海道日本ハムファイターズ,6.0,4.0,UNKNOWN,ZOZOマリンスタジアム,excluded,high,False,False,1961850,900081,[],[],,,,,0,light,2023-04-04T09:30:00+00:00,,UNKNOWN,,,,UNKNOWN,UNKNOWN,,UNKNOWN,,13.5,2.7,5.4,2.7,2.7,6.8,3.333333333333333,5.0,8.0,1.0,1.0,2.0,,,,7.2,1.2,10.8,1.8,1.8,4.0,5.0,4.0,5.0,1.0,1.0,6.0,,,,True,True,UNKNOWN,False,False
2021012683,2023-04-04 18:15:00,中日ドラゴンズ,東京ヤクルトスワローズ,0.0,1.0,UNKNOWN,バンテリンドーム ナゴヤ,unknown,low,False,False,2000139,1000138,[],[],,,,,0,light,2023-04-04T09:15:00+00:00,,UNKNOWN,,,,UNKNOWN,UNKNOWN,,UNKNOWN,,0.0,1.0,6.0,1.5,0.0,2.3666666666666667,6.0,0.0,5.0,0.0,1.0,4.0,,,,0.0,0.5714285714285714,3.857142857142857,1.2857142857142858,0.0,2.771428571428572,7.0,0.0,3.0,0.0,1.0,3.0,,,,True,True,UNKNOWN,False,False
2021012692,2023-04-05 14:00:00,千葉ロッテマリーンズ,北海道日本ハムファイターズ,2.0,1.0,UNKNOWN,ZOZOマリンスタジアム,unknown,low,False,False,2000079,1700002,[],[],,,,,0,light,2023-04-05T05:00:00+00:00,,UNKNOWN,,,,UNKNOWN,UNKNOWN,,UNKNOWN,,0.0,1.0,7.2,3.6,0.0,2.8000000000000003,5.0,0.0,3.0,0.0,2.0,4.0,,,,0.0,0.6666666666666666,3.0,1.5,0.0,3.0333333333333337,6.0,0.0,3.0,0.0,1.0,2.0,,,,True,True,UNKNOWN,False,False
2021012688,2023-04-05 18:00:00,横浜DeNAベイスターズ,読売ジャイアンツ,2.0,0.0,UNKNOWN,横浜スタジアム,excluded,high,False,False,1660388,1300031,[],[],,,,,0,light,2023-04-05T09:00:00+00:00,,UNKNOWN,,,,UNKNOWN,UNKNOWN,,UNKNOWN,,3.375,1.5,6.75,5.0625,1.6875,5.825,5.333333333333333,2.0,5.0,1.0,3.0,4.0,,,,0.0,0.8333333333333334,10.5,1.5,0.0,1.366666666666667,6.0,0.0,4.0,0.0,1.0,7.0,,,,True,True,UNKNOWN,False,False
2021012689,2023-04-05 18:00:00,中日ドラゴンズ,東京ヤクルトスワローズ,0.0,5.0,UNKNOWN,バンテリンドーム ナゴヤ,unknown,low,False,False,1500042,1600106,[],[],,,,,0,light,2023-04-05T09:00:00+00:00,,UNKNOWN,,,,UNKNOWN,UNKNOWN,,UNKNOWN,,0.0,1.2,7.2,3.6,0.0,2.8000000000000003,5.0,0.0,4.0,0.0,2.0,4.0,,,,5.4,1.8,5.4,9.0,0.0,5.0,5.0,3.0,4.0,0.0,5.0,3.0,,,,True,True,UNKNOWN,False,False
2021012691,2023-04-05 13:00:00,東北楽天ゴールデンイーグルス,埼玉西武ライオンズ,1.0,0.0,UNKNOWN,楽天モバイルパーク宮城,excluded,high,False,False,1751148,2000121,[],[],,,,,0,light,2023-04-05T04:00:00+00:00,,UNKNOWN,,,,UNKNOWN,UNKNOWN,,UNKNOWN,,1.5,1.3333333333333333,6.0,7.5,0.0,4.366666666666667,6.0,1.0,3.0,0.0,5.0,4.0,,,,0.0,0.8333333333333334,7.5,1.5,0.0,2.033333333333333,6.0,0.0,4.0,0.0,1.0,5.0,,,,True,True,UNKNOWN,False,False
2021012693,2023-04-05 18:00:00,オリックス・バファローズ,福岡ソフトバンクホークス,0.0,5.0,UNKNOWN,京セラドーム大阪,unknown,low,False,False,20204,1600151,[],[],,,,,0,light,2023-04-05T09:00:00+00:00,,UNKNOWN,,,,UNKNOWN,UNKNOWN,,UNKNOWN,,0.0,1.2,5.4,3.6,0.0,3.2,5.0,0.0,4.0,0.0,2.0,3.0,,,,9.818181818181818,2.4545454545454546,4.909090909090909,4.909090909090909,0.0,3.7454545454545456,3.6666666666666665,4.0,7.0,0.0,2.0,2.0,,,,True,True,UNKNOWN,False,False
2021012697,2023-04-06 13:00:00,東北楽天ゴールデンイーグルス,埼玉西武ライオンズ,1.0,2.0,UNKNOWN,楽天モバイルパーク宮城,unknown,low,False,False,1800080,700069,[],[],,,,,0,light,2023-04-06T04:00:00+00:00,,UNKNOWN,,,,UNKNOWN,UNKNOWN,,UNKNOWN,,0.0,0.8333333333333334,6.0,3.0,0.0,2.8666666666666667,6.0,0.0,3.0,0.0,2.0,4.0,,,,1.2857142857142858,1.2857142857142858,6.428571428571429,1.2857142857142858,1.2857142857142858,4.057142857142857,7.0,1.0,8.0,1.0,1.0,5.0,,,,True,True,UNKNOWN,False,False
2021012698,2023-04-06 14:00:00,千葉ロッテマリーンズ,北海道日本ハムファイターズ,6.0,1.0,UNKNOWN,ZOZOマリンスタジアム,unknown,low,False,False,1500110,1900080,[],[],,,,,0,light,2023-04-06T05:00:00+00:00,,UNKNOWN,,,,UNKNOWN,UNKNOWN,,UNKNOWN,,2.571428571428572,1.1428571428571428,3.857142857142857,1.2857142857142858,0.0,2.771428571428572,7.0,2.0,7.0,0.0,1.0,3.0,,,,0.0,0.1666666666666666,16.5,0.0,0.0,-0.4666666666666663,6.0,0.0,1.0,0.0,0.0,11.0,,,,True,True,UNKNOWN,False,False
2021012696,2023-04-06 18:00:00,広島東洋カープ,阪神タイガース,3.0,0.0,UNKNOWN,MAZDA Zoom-Zoom スタジアム広島,unknown,low,False,False,1900044,1700072,[],[],,,,,0,light,2023-04-06T09:00:00+00:00,,UNKNOWN,,,,UNKNOWN,UNKNOWN,,UNKNOWN,,5.4,1.2,1.8,0.0,1.8,5.4,5.0,3.0,6.0,1.0,0.0,1.0,,,,0.0,1.4,5.4,7.2,0.0,4.4,5.0,0.0,3.0,0.0,4.0,3.0,,,,True,True,UNKNOWN,False,False
2021012695,2023-04-06 18:00:00,中日ドラゴンズ,東京ヤクルトスワローズ,3.0,1.0,UNKNOWN,バンテリンドーム ナゴヤ,unknown,low,False,False,12113,2000042,[],[],,,,,0,light,2023-04-06T09:00:00+00:00,,UNKNOWN,,,,UNKNOWN,UNKNOWN,,UNKNOWN,,6.75,2.25,0.0,0.0,0.0,3.2,2.6666666666666665,2.0,6.0,0.0,0.0,0.0,,,,1.5,0.5,12.0,3.0,1.5,3.7,6.0,1.0,1.0,1.0,2.0,8.0,,,,True,True,UNKNOWN,False,False
2021012694,2023-04-06 18:00:00,横浜DeNAベイスターズ,読売ジャイアンツ,4.0,0.0,UNKNOWN,横浜スタジアム,excluded,high,False,False,1800026,1700058,[],[],,,,,0,light,2023-04-06T09:00:00+00:00,,UNKNOWN,,,,UNKNOWN,UNKNOWN,,UNKNOWN,,1.5,1.0,3.0,1.5,0.0,3.0333333333333337,6.0,1.0,5.0,0.0,1.0,2.0,,,,0.0,0.5714285714285714,10.285714285714286,0.0,0.0,0.9142857142857146,7.0,0.0,4.0,0.0,0.0,8.0,,,,True,True,UNKNOWN,False,False
2021012699,2023-04-06 18:00:00,オリックス・バファローズ,福岡ソフトバンクホークス,7.0,2.0,UNKNOWN,京セラドーム大阪,excluded,high,False,False,1700130,1600153,[],[],,,,,0,light,2023-04-06T09:00:00+00:00,,UNKNOWN,,,,UNKNOWN,UNKNOWN,,UNKNOWN,,11.571428571428571,3.0,3.8571428571428568,11.571428571428571,0.0,6.2,2.333333333333333,3.0,4.0,0.0,3.0,1.0,,,,0.0,0.6666666666666666,9.0,3.0,0.0,2.2,6.0,0.0,2.0,0.0,2.0,6.0,,,,True,True,UNKNOWN,False,False
2021012701,2023-04-07 18:00:00,阪神タイガース,東京ヤクルトスワローズ,1.0,3.0,UNKNOWN,阪神甲子園球場,unknown,low,False,False,1200076,1500090,[],[],,,,,0,light,2023-04-07T09:00:00+00:00,,UNKNOWN,,,,UNKNOWN,UNKNOWN,,UNKNOWN,,1.5,0.3333333333333333,9.0,1.5,0.0,1.7000000000000002,6.0,1.0,1.0,0.0,1.0,6.0,,,,1.2857142857142858,0.8571428571428571,6.428571428571429,2.571428571428572,1.2857142857142858,4.485714285714286,7.0,1.0,4.0,1.0,2.0,5.0,,,,True,True,UNKNOWN,False,False
2021012703,2023-04-07 18:00:00,オリックス・バファローズ,北海道日本ハムファイターズ,4.0,2.0,UNKNOWN,京セラドーム大阪,unknown,low,False,False,1500109,1900087,[],[],,,,,0,light,2023-04-07T09:00:00+00:00,,UNKNOWN,,,,UNKNOWN,UNKNOWN,,UNKNOWN,,3.6,1.4,3.6,0.0,0.0,2.4000000000000004,5.0,2.0,7.0,0.0,0.0,2.0,,,,0.0,0.3333333333333333,10.5,1.5,0.0,1.366666666666667,6.0,0.0,1.0,0.0,1.0,7.0,,,,True,True,UNKNOWN,False,False
2021012704,2023-04-08 14:00:00,横浜DeNAベイスターズ,中日ドラゴンズ,3.0,1.0,UNKNOWN,横浜スタジアム,unknown,low,False,False,500014,1660377,[],[],,,,,0,light,2023-04-08T05:00:00+00:00,,UNKNOWN,,,,UNKNOWN,UNKNOWN,,UNKNOWN,,3.0,1.3333333333333333,7.5,0.0,1.5,3.7,6.0,2.0,8.0,1.0,0.0,5.0,,,,1.4210526315789471,1.2631578947368425,4.2631578947368425,4.2631578947368425,1.4210526315789471,5.726315789473684,6.333333333333333,1.0,5.0,1.0,3.0,3.0,,,,True,True,UNKNOWN,False,False
2021012709,2023-04-08 13:00:00,福岡ソフトバンクホークス,埼玉西武ライオンズ,0.0,3.0,UNKNOWN,ひなたサンマリンスタジアム宮崎,unknown,low,False,False,1400182,1900106,[],[],,,,,0,light,2023-04-08T04:00:00+00:00,,UNKNOWN,,,,UNKNOWN,UNKNOWN,,UNKNOWN,,0.0,0.625,12.375,2.25,0.0,1.2000000000000002,8.0,0.0,3.0,0.0,2.0,11.0,,,,1.0799999999999998,0.6,5.4,0.0,1.0799999999999998,3.56,8.333333333333334,1.0,5.0,1.0,0.0,5.0,,,,True,True,UNKNOWN,False,False
2021012705,2023-04-08 14:00:00,阪神タイガース,東京ヤクルトスワローズ,1.0,0.0,UNKNOWN,阪神甲子園球場,unknown,low,False,False,1600086,1700137,[],[],,,,,0,light,2023-04-08T05:00:00+00:00,,UNKNOWN,,,,UNKNOWN,UNKNOWN,,UNKNOWN,,3.0,1.6666666666666667,3.0,9.0,0.0,5.533333333333333,3.0,1.0,2.0,0.0,3.0,1.0,,,,0.0,0.5,4.5,0.0,0.0,2.2,6.0,0.0,3.0,0.0,0.0,3.0,,,,True,True,UNKNOWN,False,False
2021012706,2023-04-08 14:00:00,広島東洋カープ,読売ジャイアンツ,6.0,3.0,UNKNOWN,MAZDA Zoom-Zoom スタジアム広島,unknown,low,False,False,1961407,1600123,[],[],,,,,0,light,2023-04-08T05:00:00+00:00,,UNKNOWN,,,,UNKNOWN,UNKNOWN,,UNKNOWN,,10.384615384615383,1.8461538461538465,10.384615384615383,2.076923076923077,2.076923076923077,4.584615384615385,4.333333333333333,5.0,7.0,1.0,1.0,5.0,,,,3.681818181818182,1.2272727272727273,3.681818181818182,0.0,1.2272727272727273,4.154545454545454,7.333333333333333,3.0,9.0,1.0,0.0,3.0,,,,True,True,UNKNOWN,False,False
2021012702,2023-04-07 18:00:00,広島東洋カープ,読売ジャイアンツ,4.0,2.0,UNKNOWN,MAZDA Zoom-Zoom スタジアム広島,unknown,low,False,False,1960962,1300057,[],[],,,,,0,light,2023-04-07T09:00:00+00:00,,UNKNOWN,,,,UNKNOWN,UNKNOWN,,UNKNOWN,,3.6,1.6,5.4,5.4,0.0,3.8,5.0,2.0,5.0,0.0,3.0,3.0,,,,3.0,1.6666666666666667,10.5,4.5,0.0,2.3666666666666667,6.0,2.0,7.0,0.0,3.0,7.0,,,,True,True,UNKNOWN,False,False
2021012707,2023-04-08 14:00:00,千葉ロッテマリーンズ,東北楽天ゴールデンイーグルス,5.0,4.0,UNKNOWN,ZOZOマリンスタジアム,unknown,low,False,False,1900117,1800052,[],[],,,,,0,light,2023-04-08T05:00:00+00:00,,UNKNOWN,,,,UNKNOWN,UNKNOWN,,UNKNOWN,,7.363636363636364,1.9090909090909087,0.0,2.4545454545454546,2.4545454545454546,7.563636363636364,3.6666666666666665,3.0,6.0,1.0,1.0,0.0,,,,1.5,1.0,3.0,6.0,1.5,6.7,6.0,1.0,2.0,1.0,4.0,2.0,,,,True,True,UNKNOWN,False,False
2021012712,2023-04-09 13:30:00,広島東洋カープ,読売ジャイアンツ,4.0,2.0,UNKNOWN,MAZDA Zoom-Zoom スタジアム広島,unknown,low,False,False,2103689,1900057,[],[],,,,,0,light,2023-04-09T04:30:00+00:00,,UNKNOWN,,,,UNKNOWN,UNKNOWN,,UNKNOWN,,9.0,1.75,6.75,2.25,4.5,8.95,4.0,4.0,6.0,2.0,1.0,3.0,,,,1.35,1.05,6.75,0.0,1.35,3.65,6.666666666666667,1.0,7.0,1.0,0.0,5.0,,,,True,True,UNKNOWN,False,False
2021012714,2023-04-09 13:00:00,オリックス・バファローズ,北海道日本ハムファイターズ,2.0,7.0,UNKNOWN,京セラドーム大阪,excluded,high,False,False,2107859,1860168,[],[],,,,,0,light,2023-04-09T04:00:00+00:00,,UNKNOWN,,,,UNKNOWN,UNKNOWN,,UNKNOWN,,2.8421052631578947,1.5789473684210529,8.526315789473685,1.4210526315789471,0.0,1.7789473684210528,6.333333333333333,2.0,9.0,0.0,1.0,6.0,,,,18.0,4.0,4.5,18.0,9.0,21.2,2.0,4.0,4.0,2.0,4.0,1.0,,,,True,True,UNKNOWN,False,False
2021012710,2023-04-09 14:00:00,横浜DeNAベイスターズ,中日ドラゴンズ,8.0,0.0,UNKNOWN,横浜スタジアム,unknown,low,False,False,1200055,1400110,[],[],,,,,0,light,2023-04-09T05:00:00+00:00,,UNKNOWN,,,,UNKNOWN,UNKNOWN,,UNKNOWN,,54.0,7.0,0.0,0.0,9.0,16.2,1.0,6.0,7.0,1.0,0.0,0.0,,,,0.0,0.6666666666666666,6.0,1.5,0.0,2.3666666666666667,6.0,0.0,3.0,0.0,1.0,4.0,,,,True,True,UNKNOWN,False,False
2021012708,2023-04-08 14:00:00,オリックス・バファローズ,北海道日本ハムファイターズ,2.0,6.0,UNKNOWN,京セラドーム大阪,excluded,high,False,False,1100099,1900089,[],[],,,,,0,light,2023-04-08T05:00:00+00:00,,UNKNOWN,,,,UNKNOWN,UNKNOWN,,UNKNOWN,,3.6,2.0,5.4,5.4,0.0,3.8,5.0,2.0,7.0,0.0,3.0,3.0,,,,10.8,0.8999999999999999,2.7,2.7,0.0,3.5,3.333333333333333,4.0,2.0,0.0,1.0,1.0,,,,True,True,UNKNOWN,False,False
2021012711,2023-04-09 14:00:00,阪神タイガース,東京ヤクルトスワローズ,1.0,1.0,UNKNOWN,阪神甲子園球場,unknown,low,False,False,2103794,1600115,[],[],,,,,0,light,2023-04-09T05:00:00+00:00,,UNKNOWN,,,,UNKNOWN,UNKNOWN,,UNKNOWN,,1.8,1.4,5.4,5.4,0.0,3.8,5.0,1.0,4.0,0.0,3.0,3.0,,,,1.2857142857142858,0.8571428571428571,14.142857142857142,1.2857142857142858,0.0,0.4857142857142857,7.0,1.0,5.0,0.0,1.0,11.0,,,,True,True,UNKNOWN,False,False
2021012713,2023-04-09 14:00:00,千葉ロッテマリーンズ,東北楽天ゴールデンイーグルス,10.0,1.0,UNKNOWN,ZOZOマリンスタジアム,unknown,low,False,False,700065,1600146,[],[],,,,,0,light,2023-04-09T05:00:00+00:00,,UNKNOWN,,,,UNKNOWN,UNKNOWN,,UNKNOWN,,27.0,5.0,13.5,13.5,0.0,4.7,2.0,6.0,7.0,0.0,3.0,3.0,,,,0.0,0.6666666666666666,10.5,4.5,0.0,2.3666666666666667,6.0,0.0,1.0,0.0,3.0,7.0,,,,True,True,UNKNOWN,False,False
2021012715,2023-04-09 14:00:00,福岡ソフトバンクホークス,埼玉西武ライオンズ,3.0,1.0,UNKNOWN,平和リース球場,unknown,low,False,False,1961288,1400176,[],[],,,,,0,light,2023-04-09T05:00:00+00:00,,UNKNOWN,,,,UNKNOWN,UNKNOWN,,UNKNOWN,,7.363636363636364,1.9090909090909087,2.4545454545454546,7.363636363636364,0.0,5.109090909090909,3.6666666666666665,3.0,4.0,0.0,3.0,1.0,,,,0.0,0.8823529411764706,12.705882352941176,4.764705882352941,0.0,1.9647058823529413,5.666666666666667,0.0,2.0,0.0,3.0,8.0,,,,True,True,UNKNOWN,False,False
2021012716,2023-04-11 18:00:00,読売ジャイアンツ,阪神タイガース,7.0,1.0,UNKNOWN,東京ドーム,unknown,low,False,False,900062,1800028,[],[],,,,,0,light,2023-04-11T09:00:00+00:00,,UNKNOWN,,,,UNKNOWN,UNKNOWN,,UNKNOWN,,2.7,1.2,5.4,2.7,0.0,2.9000000000000004,6.666666666666667,2.0,6.0,0.0,2.0,4.0,,,,0.0,0.4285714285714285,6.428571428571429,0.0,0.0,1.7714285714285716,7.0,0.0,3.0,0.0,0.0,5.0,,,,True,True,UNKNOWN,False,False
2021012717,2023-04-11 18:00:00,東京ヤクルトスワローズ,横浜DeNAベイスターズ,6.0,3.0,UNKNOWN,明治神宮野球場,unknown,low,False,False,1600081,2000139,[],[],,,,,0,light,2023-04-11T09:00:00+00:00,,UNKNOWN,,,,UNKNOWN,UNKNOWN,,UNKNOWN,,13.5,2.75,6.75,9.0,2.25,7.95,4.0,6.0,7.0,1.0,4.0,3.0,,,,3.176470588235294,1.2352941176470589,7.941176470588235,0.0,1.588235294117647,3.7294117647058815,5.666666666666667,2.0,7.0,1.0,0.0,5.0,,,,True,True,UNKNOWN,False,False
2021012718,2023-04-11 18:00:00,中日ドラゴンズ,広島東洋カープ,1.0,4.0,UNKNOWN,バンテリンドーム ナゴヤ,unknown,low,False,False,1300058,1600106,[],[],,,,,0,light,2023-04-11T09:00:00+00:00,,UNKNOWN,,,,UNKNOWN,UNKNOWN,,UNKNOWN,,0.0,0.625,7.875,1.125,0.0,1.825,8.0,0.0,4.0,0.0,1.0,7.0,,,,1.5,1.5,9.0,3.0,0.0,2.2,6.0,1.0,7.0,0.0,2.0,6.0,,,,True,True,UNKNOWN,False,False
2021012719,2023-04-11 18:00:00,東北楽天ゴールデンイーグルス,オリックス・バファローズ,0.0,6.0,UNKNOWN,楽天モバイルパーク宮城,unknown,low,False,False,2000096,1200117,[],[],,,,,0,light,2023-04-11T09:00:00+00:00,,UNKNOWN,,,,UNKNOWN,UNKNOWN,,UNKNOWN,,0.0,0.8,18.0,3.6,0.0,0.4000000000000003,5.0,0.0,2.0,0.0,2.0,10.0,,,,5.0625,1.3125,10.125,3.375,3.375,6.95,5.333333333333333,3.0,5.0,2.0,2.0,6.0,,,,True,True,UNKNOWN,False,False
2021012720,2023-04-11 18:00:00,埼玉西武ライオンズ,千葉ロッテマリーンズ,8.0,3.0,UNKNOWN,ベルーナドーム,unknown,low,False,False,1000155,1700124,[],[],,,,,0,light,2023-04-11T09:00:00+00:00,,UNKNOWN,,,,UNKNOWN,UNKNOWN,,UNKNOWN,,6.230769230769231,2.307692307692308,10.384615384615383,4.153846153846154,0.0,2.276923076923077,4.333333333333333,3.0,8.0,0.0,2.0,5.0,,,,3.0,0.8333333333333334,12.0,6.0,1.5,4.7,6.0,2.0,1.0,1.0,4.0,8.0,,,,True,True,UNKNOWN,False,False
2021012721,2023-04-11 18:00:00,福岡ソフトバンクホークス,北海道日本ハムファイターズ,4.0,3.0,UNKNOWN,福岡PayPayドーム,unknown,low,False,False,1600093,1300080,[],[],,,,,0,light,2023-04-11T09:00:00+00:00,,UNKNOWN,,,,UNKNOWN,UNKNOWN,,UNKNOWN,,6.75,1.5,6.75,6.75,0.0,3.95,2.6666666666666665,2.0,2.0,0.0,2.0,2.0,,,,3.6,0.8,3.6,3.6,1.8,6.2,5.0,2.0,2.0,1.0,2.0,2.0,,,,True,True,UNKNOWN,False,False
2021012722,2023-04-12 18:00:00,読売ジャイアンツ,阪神タイガース,1.0,2.0,UNKNOWN,東京ドーム,excluded,high,False,False,2000055,1660388,[],[],,,,,0,light,2023-04-12T09:00:00+00:00,,UNKNOWN,,,,UNKNOWN,UNKNOWN,,UNKNOWN,,0.0,0.0,6.428571428571429,0.0,0.0,1.7714285714285716,7.0,0.0,0.0,0.0,0.0,5.0,,,,1.5,0.6666666666666666,1.5,1.5,1.5,5.533333333333333,6.0,1.0,3.0,1.0,1.0,1.0,,,,True,True,UNKNOWN,False,False
2021012723,2023-04-12 18:00:00,東京ヤクルトスワローズ,横浜DeNAベイスターズ,1.0,6.0,UNKNOWN,明治神宮野球場,unknown,low,False,False,1700058,1500042,[],[],,,,,0,light,2023-04-12T09:00:00+00:00,,UNKNOWN,,,,UNKNOWN,UNKNOWN,,UNKNOWN,,1.5,0.8333333333333334,4.5,0.0,0.0,2.2,6.0,1.0,5.0,0.0,0.0,3.0,,,,3.6,2.0,3.6,5.4,1.8,6.800000000000001,5.0,2.0,7.0,1.0,3.0,2.0,,,,True,True,UNKNOWN,False,False
2021012726,2023-04-12 18:00:00,埼玉西武ライオンズ,千葉ロッテマリーンズ,3.0,5.0,UNKNOWN,ベルーナドーム,unknown,low,False,False,900081,1751148,[],[],,,,,0,light,2023-04-12T09:00:00+00:00,,UNKNOWN,,,,UNKNOWN,UNKNOWN,,UNKNOWN,,4.5,1.0,7.5,1.5,3.0,6.366666666666667,6.0,3.0,5.0,2.0,1.0,5.0,,,,7.941176470588235,1.588235294117647,4.764705882352941,6.352941176470588,0.0,4.258823529411765,5.666666666666667,5.0,5.0,0.0,4.0,3.0,,,,True,True,UNKNOWN,False,False
2021012724,2023-04-12 18:00:00,中日ドラゴンズ,広島東洋カープ,5.0,2.0,UNKNOWN,バンテリンドーム ナゴヤ,unknown,low,False,False,1700072,1200055,[],[],,,,,0,light,2023-04-12T09:00:00+00:00,,UNKNOWN,,,,UNKNOWN,UNKNOWN,,UNKNOWN,,5.0625,1.5,5.0625,1.6875,1.6875,5.075,5.333333333333333,3.0,7.0,1.0,1.0,3.0,,,,4.909090909090909,1.090909090909091,9.818181818181818,2.4545454545454546,0.0,1.8363636363636364,3.6666666666666665,2.0,3.0,0.0,1.0,4.0,,,,True,True,UNKNOWN,False,False
2021012725,2023-04-12 18:00:00,東北楽天ゴールデンイーグルス,オリックス・バファローズ,2.0,7.0,UNKNOWN,楽天モバイルパーク宮城,unknown,low,False,False,1700109,2000121,[],[],,,,,0,light,2023-04-12T09:00:00+00:00,,UNKNOWN,,,,UNKNOWN,UNKNOWN,,UNKNOWN,,1.4210526315789471,0.9473684210526316,5.684210526315789,1.4210526315789471,0.0,2.4105263157894736,6.333333333333333,1.0,5.0,0.0,1.0,4.0,,,,5.4,1.8,9.0,1.8,3.6,7.0,5.0,3.0,8.0,2.0,1.0,5.0,,,,True,True,UNKNOWN,False,False
2021012727,2023-04-12 18:00:00,福岡ソフトバンクホークス,北海道日本ハムファイターズ,5.0,2.0,UNKNOWN,福岡PayPayドーム,unknown,low,False,False,2000079,1200106,[],[],,,,,0,light,2023-04-12T09:00:00+00:00,,UNKNOWN,,,,UNKNOWN,UNKNOWN,,UNKNOWN,,6.75,1.5,6.75,2.7,1.35,4.55,6.666666666666667,5.0,8.0,1.0,2.0,5.0,,,,1.2857142857142858,1.2857142857142858,5.142857142857143,1.2857142857142858,0.0,2.4857142857142858,7.0,1.0,8.0,0.0,1.0,4.0,,,,True,True,UNKNOWN,False,False
2021012728,2023-04-13 18:00:00,読売ジャイアンツ,阪神タイガース,1.0,4.0,UNKNOWN,東京ドーム,unknown,low,False,False,1900044,1800026,[],[],,,,,0,light,2023-04-13T09:00:00+00:00,,UNKNOWN,,,,UNKNOWN,UNKNOWN,,UNKNOWN,,1.5,1.6666666666666667,7.5,1.5,0.0,2.033333333333333,6.0,1.0,9.0,0.0,1.0,5.0,,,,7.2,1.4,3.6,1.8,3.6,8.2,5.0,4.0,6.0,2.0,1.0,2.0,,,,True,True,UNKNOWN,False,False
2021012730,2023-04-14 18:00:00,横浜DeNAベイスターズ,阪神タイガース,8.0,3.0,UNKNOWN,横浜スタジアム,unknown,low,False,False,1500090,1660377,[],[],,,,,0,light,2023-04-14T09:00:00+00:00,,UNKNOWN,,,,UNKNOWN,UNKNOWN,,UNKNOWN,,9.642857142857142,2.357142857142857,0.0,5.785714285714286,0.0,5.128571428571428,4.666666666666667,5.0,8.0,0.0,3.0,0.0,,,,3.6,1.6,9.0,3.6,0.0,2.4000000000000004,5.0,2.0,6.0,0.0,2.0,5.0,,,,True,True,UNKNOWN,False,False
2021012731,2023-04-14 18:00:00,中日ドラゴンズ,読売ジャイアンツ,9.0,2.0,UNKNOWN,バンテリンドーム ナゴヤ,unknown,low,False,False,1960962,1500074,[],[],,,,,0,light,2023-04-14T09:00:00+00:00,,UNKNOWN,,,,UNKNOWN,UNKNOWN,,UNKNOWN,,7.2,1.8,9.0,1.8,0.0,1.8000000000000005,5.0,4.0,8.0,0.0,1.0,5.0,,,,3.0,1.0,6.0,3.0,0.0,2.8666666666666667,6.0,2.0,4.0,0.0,2.0,4.0,,,,True,True,UNKNOWN,False,False
2021012729,2023-04-13 18:00:00,埼玉西武ライオンズ,千葉ロッテマリーンズ,2.0,0.0,UNKNOWN,埼玉県営大宮公園野球場,regular,high,True,True,1700002,1600127,[],[],,,,,0,light,2023-04-13T09:00:00+00:00,,UNKNOWN,,,,UNKNOWN,UNKNOWN,,UNKNOWN,,1.588235294117647,1.4117647058823528,1.588235294117647,3.176470588235294,0.0,3.905882352941177,5.666666666666667,1.0,6.0,0.0,2.0,1.0,,,,0.0,0.5555555555555556,11.0,3.0,0.0,1.7555555555555558,9.0,0.0,2.0,0.0,3.0,11.0,,,,True,True,UNKNOWN,False,False
2021012733,2023-04-14 18:00:00,北海道日本ハムファイターズ,埼玉西武ライオンズ,5.0,2.0,UNKNOWN,ES CON FIELD HOKKAIDO,unknown,low,False,False,1800080,1500110,[],[],,,,,0,light,2023-04-14T09:00:00+00:00,,UNKNOWN,,,,UNKNOWN,UNKNOWN,,UNKNOWN,,6.0,1.3333333333333333,6.0,4.5,1.5,5.533333333333333,6.0,4.0,5.0,1.0,3.0,4.0,,,,2.0,0.6666666666666666,6.0,0.0,1.0,3.311111111111112,9.0,2.0,6.0,1.0,0.0,6.0,,,,True,True,UNKNOWN,False,False
2021012732,2023-04-14 18:00:00,広島東洋カープ,東京ヤクルトスワローズ,1.0,0.0,UNKNOWN,MAZDA Zoom-Zoom スタジアム広島,unknown,low,False,False,1200076,1300057,[],[],,,,,0,light,2023-04-14T09:00:00+00:00,,UNKNOWN,,,,UNKNOWN,UNKNOWN,,UNKNOWN,,0.0,0.5,4.5,0.0,0.0,2.2,6.0,0.0,3.0,0.0,0.0,3.0,,,,0.0,0.8333333333333334,12.0,1.5,0.0,1.0333333333333337,6.0,0.0,4.0,0.0,1.0,8.0,,,,True,True,UNKNOWN,False,False
2021012734,2023-04-14 18:00:00,東北楽天ゴールデンイーグルス,福岡ソフトバンクホークス,3.0,0.0,UNKNOWN,楽天モバイルパーク宮城,unknown,low,False,False,20204,700069,[],[],,,,,0,light,2023-04-14T09:00:00+00:00,,UNKNOWN,,,,UNKNOWN,UNKNOWN,,UNKNOWN,,6.75,1.75,4.5,4.5,2.25,6.95,4.0,3.0,5.0,1.0,2.0,2.0,,,,0.0,1.6,12.6,1.8,0.0,1.0,5.0,0.0,7.0,0.0,1.0,7.0,,,,True,True,UNKNOWN,False,False
2021012735,2023-04-14 18:00:00,千葉ロッテマリーンズ,オリックス・バファローズ,2.0,0.0,UNKNOWN,ZOZOマリンスタジアム,unknown,low,False,False,1600153,1900080,[],[],,,,,0,light,2023-04-14T09:00:00+00:00,,UNKNOWN,,,,UNKNOWN,UNKNOWN,,UNKNOWN,,1.5,1.0,13.5,1.5,0.0,0.7000000000000002,6.0,1.0,5.0,0.0,1.0,9.0,,,,0.0,0.4285714285714285,14.142857142857142,2.571428571428572,0.0,0.9142857142857146,7.0,0.0,1.0,0.0,2.0,11.0,,,,True,True,UNKNOWN,False,False
2021012738,2023-04-15 14:00:00,広島東洋カープ,東京ヤクルトスワローズ,5.0,4.0,UNKNOWN,MAZDA Zoom-Zoom スタジアム広島,unknown,low,False,False,1300045,1600123,[],[],,,,,0,light,2023-04-15T05:00:00+00:00,,UNKNOWN,,,,UNKNOWN,UNKNOWN,,UNKNOWN,,4.5,2.25,6.75,6.75,2.25,7.2,4.0,2.0,6.0,1.0,3.0,3.0,,,,3.176470588235294,1.4117647058823528,3.176470588235294,4.764705882352941,0.0,4.08235294117647,5.666666666666667,2.0,5.0,0.0,3.0,2.0,,,,True,True,UNKNOWN,False,False
2021012737,2023-04-15 14:00:00,中日ドラゴンズ,読売ジャイアンツ,2.0,6.0,UNKNOWN,バンテリンドーム ナゴヤ,unknown,low,False,False,1961407,2000042,[],[],,,,,0,light,2023-04-15T05:00:00+00:00,,UNKNOWN,,,,UNKNOWN,UNKNOWN,,UNKNOWN,,3.375,1.125,13.5,3.375,0.0,1.3250000000000002,5.333333333333333,2.0,4.0,0.0,2.0,8.0,,,,5.4,1.6,12.6,7.2,1.8,5.4,5.0,3.0,4.0,1.0,4.0,7.0,,,,True,True,UNKNOWN,False,False
2021012739,2023-04-15 14:00:00,北海道日本ハムファイターズ,埼玉西武ライオンズ,0.0,10.0,UNKNOWN,ES CON FIELD HOKKAIDO,unknown,low,False,False,1400182,1100099,[],[],,,,,0,light,2023-04-15T05:00:00+00:00,,UNKNOWN,,,,UNKNOWN,UNKNOWN,,UNKNOWN,,0.0,0.7142857142857143,6.428571428571429,5.142857142857143,0.0,3.4857142857142858,7.0,0.0,1.0,0.0,4.0,5.0,,,,13.5,1.875,5.0625,5.0625,0.0,3.7625,5.333333333333333,8.0,7.0,0.0,3.0,3.0,,,,True,True,UNKNOWN,False,False
2021012746,2023-04-16 13:00:00,東北楽天ゴールデンイーグルス,福岡ソフトバンクホークス,3.0,6.0,UNKNOWN,楽天モバイルパーク宮城,unknown,low,False,False,1900106,700065,[],[],,,,,0,light,2023-04-16T04:00:00+00:00,,UNKNOWN,,,,UNKNOWN,UNKNOWN,,UNKNOWN,,4.764705882352941,1.7647058823529411,3.176470588235294,9.529411764705882,0.0,5.670588235294117,5.666666666666667,3.0,4.0,0.0,6.0,2.0,,,,3.0,1.3333333333333333,4.5,4.5,0.0,3.7,6.0,2.0,5.0,0.0,3.0,3.0,,,,True,True,UNKNOWN,False,False
2021012745,2023-04-16 13:00:00,北海道日本ハムファイターズ,埼玉西武ライオンズ,2.0,6.0,UNKNOWN,ES CON FIELD HOKKAIDO,unknown,low,False,False,1961288,1500109,[],[],,,,,0,light,2023-04-16T04:00:00+00:00,,UNKNOWN,,,,UNKNOWN,UNKNOWN,,UNKNOWN,,0.0,0.1666666666666666,12.0,1.5,0.0,1.0333333333333337,6.0,0.0,0.0,0.0,1.0,8.0,,,,3.8571428571428568,1.5,5.785714285714286,3.8571428571428568,0.0,3.2,4.666666666666667,2.0,5.0,0.0,2.0,3.0,,,,True,True,UNKNOWN,False,False
2021012744,2023-04-16 13:30:00,広島東洋カープ,東京ヤクルトスワローズ,7.0,5.0,UNKNOWN,MAZDA Zoom-Zoom スタジアム広島,unknown,low,False,False,2103794,1900057,[],[],,,,,0,light,2023-04-16T04:30:00+00:00,,UNKNOWN,,,,UNKNOWN,UNKNOWN,,UNKNOWN,,6.352941176470588,1.588235294117647,4.764705882352941,1.588235294117647,0.0,2.670588235294118,5.666666666666667,4.0,8.0,0.0,1.0,3.0,,,,15.0,2.6666666666666665,9.0,9.0,0.0,4.2,3.0,5.0,5.0,0.0,3.0,3.0,,,,True,True,UNKNOWN,False,False
2021012742,2023-04-16 14:00:00,横浜DeNAベイスターズ,阪神タイガース,2.0,1.0,UNKNOWN,横浜スタジアム,unknown,low,False,False,1600115,1300031,[],[],,,,,0,light,2023-04-16T05:00:00+00:00,,UNKNOWN,,,,UNKNOWN,UNKNOWN,,UNKNOWN,,2.571428571428572,1.0,3.857142857142857,3.857142857142857,1.2857142857142858,5.485714285714286,7.0,2.0,4.0,1.0,3.0,3.0,,,,1.5,0.3333333333333333,15.0,0.0,1.5,2.033333333333333,6.0,1.0,2.0,1.0,0.0,10.0,,,,True,True,UNKNOWN,False,False
2021012743,2023-04-16 14:00:00,中日ドラゴンズ,読売ジャイアンツ,7.0,5.0,UNKNOWN,バンテリンドーム ナゴヤ,unknown,low,False,False,2103689,1700101,[],[],,,,,0,light,2023-04-16T05:00:00+00:00,,UNKNOWN,,,,UNKNOWN,UNKNOWN,,UNKNOWN,,22.5,4.0,4.5,4.5,0.0,3.7,2.0,5.0,7.0,0.0,1.0,1.0,,,,7.7142857142857135,1.5,0.0,1.9285714285714284,1.9285714285714284,6.628571428571428,4.666666666666667,4.0,6.0,1.0,1.0,0.0,,,,True,True,UNKNOWN,False,False
2021012748,2023-04-18 18:00:00,読売ジャイアンツ,横浜DeNAベイスターズ,0.0,2.0,UNKNOWN,長崎ビッグNスタジアム,unknown,low,False,False,1400110,1800028,[],[],,,,,0,light,2023-04-18T09:00:00+00:00,,UNKNOWN,,,,UNKNOWN,UNKNOWN,,UNKNOWN,,0.0,0.5,9.0,0.0,0.0,1.2000000000000002,8.0,0.0,4.0,0.0,0.0,8.0,,,,2.4545454545454546,1.090909090909091,1.2272727272727273,1.2272727272727273,0.0,3.3363636363636364,7.333333333333333,2.0,7.0,0.0,1.0,1.0,,,,True,True,UNKNOWN,False,False
2021012747,2023-04-16 14:00:00,千葉ロッテマリーンズ,オリックス・バファローズ,1.0,2.0,UNKNOWN,ZOZOマリンスタジアム,unknown,low,False,False,1900087,1600146,[],[],,,,,0,light,2023-04-16T05:00:00+00:00,,UNKNOWN,,,,UNKNOWN,UNKNOWN,,UNKNOWN,,1.1739130434782608,0.6521739130434783,3.5217391304347823,2.347826086956521,0.0,3.2,7.666666666666667,1.0,3.0,0.0,2.0,3.0,,,,3.8571428571428568,1.5,11.571428571428571,5.785714285714286,1.9285714285714284,5.342857142857143,4.666666666666667,2.0,4.0,1.0,3.0,6.0,,,,True,True,UNKNOWN,False,False
2021012749,2023-04-18 18:00:00,東京ヤクルトスワローズ,中日ドラゴンズ,2.0,0.0,UNKNOWN,坊っちゃんスタジアム,unknown,low,False,False,500014,2000139,[],[],,,,,0,light,2023-04-18T09:00:00+00:00,,UNKNOWN,,,,UNKNOWN,UNKNOWN,,UNKNOWN,,1.8,1.0,9.0,3.6,0.0,2.4000000000000004,5.0,1.0,3.0,0.0,2.0,5.0,,,,0.0,1.6666666666666667,12.0,4.5,0.0,2.033333333333333,6.0,0.0,7.0,0.0,3.0,8.0,,,,True,True,UNKNOWN,False,False
2021012750,2023-04-18 18:00:00,阪神タイガース,広島東洋カープ,2.0,1.0,UNKNOWN,阪神甲子園球場,unknown,low,False,False,1300058,900062,[],[],,,,,0,light,2023-04-18T09:00:00+00:00,,UNKNOWN,,,,UNKNOWN,UNKNOWN,,UNKNOWN,,0.0,1.1428571428571428,7.714285714285714,3.857142857142857,0.0,2.771428571428572,7.0,0.0,5.0,0.0,3.0,6.0,,,,1.0,0.5555555555555556,6.0,1.0,0.0,2.2,9.0,1.0,4.0,0.0,1.0,6.0,,,,True,True,UNKNOWN,False,False
2021012751,2023-04-18 18:00:00,北海道日本ハムファイターズ,千葉ロッテマリーンズ,2.0,4.0,UNKNOWN,ES CON FIELD HOKKAIDO,unknown,low,False,False,1800052,2107859,[],[],,,,,0,light,2023-04-18T09:00:00+00:00,,UNKNOWN,,,,UNKNOWN,UNKNOWN,,UNKNOWN,,1.4210526315789471,0.7894736842105263,8.526315789473685,4.2631578947368425,1.4210526315789471,4.778947368421052,6.333333333333333,1.0,2.0,1.0,3.0,6.0,,,,3.0,0.6666666666666666,12.0,0.0,0.0,0.5333333333333337,6.0,2.0,4.0,0.0,0.0,8.0,,,,True,True,UNKNOWN,False,False
2021012752,2023-04-18 18:00:00,埼玉西武ライオンズ,福岡ソフトバンクホークス,7.0,3.0,UNKNOWN,東京ドーム,unknown,low,False,False,1300080,1700124,[],[],,,,,0,light,2023-04-18T09:00:00+00:00,,UNKNOWN,,,,UNKNOWN,UNKNOWN,,UNKNOWN,,8.307692307692308,2.076923076923077,6.230769230769231,10.384615384615383,4.153846153846154,11.276923076923076,4.333333333333333,4.0,4.0,2.0,5.0,3.0,,,,1.5,1.0,6.0,6.0,0.0,3.8666666666666663,6.0,1.0,2.0,0.0,4.0,4.0,,,,True,True,UNKNOWN,False,False
2021012753,2023-04-18 18:00:00,オリックス・バファローズ,東北楽天ゴールデンイーグルス,1.0,5.0,UNKNOWN,京セラドーム大阪,unknown,low,False,False,1200117,1600150,[],[],,,,,0,light,2023-04-18T09:00:00+00:00,,UNKNOWN,,,,UNKNOWN,UNKNOWN,,UNKNOWN,,1.5,1.0,9.0,3.0,0.0,2.2,6.0,1.0,4.0,0.0,2.0,6.0,,,,0.0,0.9375,6.75,3.375,0.0,2.825,5.333333333333333,0.0,3.0,0.0,2.0,4.0,,,,True,True,UNKNOWN,False,False
2021012754,2023-04-19 18:00:00,読売ジャイアンツ,横浜DeNAベイスターズ,5.0,1.0,UNKNOWN,さがみどりの森球場,regular,high,True,True,1600081,2000006,[],[],,,,,0,light,2023-04-19T09:00:00+00:00,,UNKNOWN,,,,UNKNOWN,UNKNOWN,,UNKNOWN,,5.142857142857143,1.2857142857142858,7.714285714285714,1.2857142857142858,1.2857142857142858,3.7714285714285714,7.0,4.0,8.0,1.0,1.0,6.0,,,,1.2857142857142858,0.7142857142857143,6.428571428571429,1.2857142857142858,0.0,2.2,7.0,1.0,4.0,0.0,1.0,5.0,,,,True,True,UNKNOWN,False,False
2021012755,2023-04-19 18:00:00,阪神タイガース,広島東洋カープ,6.0,1.0,UNKNOWN,阪神甲子園球場,unknown,low,False,False,1700072,1700137,[],[],,,,,0,light,2023-04-19T09:00:00+00:00,,UNKNOWN,,,,UNKNOWN,UNKNOWN,,UNKNOWN,,5.0625,0.9375,8.4375,1.6875,0.0,1.8875,5.333333333333333,3.0,4.0,0.0,1.0,5.0,,,,1.35,0.8999999999999999,5.4,0.0,0.0,2.0,6.666666666666667,1.0,6.0,0.0,0.0,4.0,,,,True,True,UNKNOWN,False,False
2021012756,2023-04-19 18:00:00,北海道日本ハムファイターズ,千葉ロッテマリーンズ,3.0,4.0,UNKNOWN,ES CON FIELD HOKKAIDO,excluded,high,False,False,1700099,2000079,[],[],,,,,0,light,2023-04-19T09:00:00+00:00,,UNKNOWN,,,,UNKNOWN,UNKNOWN,,UNKNOWN,,3.375,1.125,3.375,1.6875,0.0,3.0125,5.333333333333333,2.0,5.0,0.0,1.0,2.0,,,,4.5,1.1666666666666667,6.0,3.0,1.5,5.033333333333333,6.0,3.0,5.0,1.0,2.0,4.0,,,,True,True,UNKNOWN,False,False
2021012757,2023-04-19 18:00:00,埼玉西武ライオンズ,福岡ソフトバンクホークス,3.0,2.0,UNKNOWN,ベルーナドーム,unknown,low,False,False,1200106,1751148,[],[],,,,,0,light,2023-04-19T09:00:00+00:00,,UNKNOWN,,,,UNKNOWN,UNKNOWN,,UNKNOWN,,5.785714285714286,1.5,5.785714285714286,3.8571428571428568,3.8571428571428568,8.771428571428572,4.666666666666667,3.0,5.0,2.0,2.0,3.0,,,,1.5,1.3333333333333333,6.0,4.5,0.0,3.3666666666666667,6.0,1.0,5.0,0.0,3.0,4.0,,,,True,True,UNKNOWN,False,False
2021012758,2023-04-19 18:00:00,オリックス・バファローズ,東北楽天ゴールデンイーグルス,2.0,1.0,UNKNOWN,京セラドーム大阪,unknown,low,False,False,2000121,1700109,[],[],,,,,0,light,2023-04-19T09:00:00+00:00,,UNKNOWN,,,,UNKNOWN,UNKNOWN,,UNKNOWN,,0.0,1.1666666666666667,7.5,3.0,0.0,2.5333333333333337,6.0,0.0,5.0,0.0,2.0,5.0,,,,1.125,0.875,4.5,3.375,0.0,3.325,8.0,1.0,4.0,0.0,3.0,4.0,,,,True,True,UNKNOWN,False,False
2021012760,2023-04-20 18:00:00,阪神タイガース,広島東洋カープ,5.0,7.0,UNKNOWN,阪神甲子園球場,excluded,high,False,False,1860147,1900044,[],[],,,,,0,light,2023-04-20T09:00:00+00:00,,UNKNOWN,,,,UNKNOWN,UNKNOWN,,UNKNOWN,,18.0,4.5,13.5,4.5,0.0,1.7000000000000002,2.0,4.0,8.0,0.0,1.0,3.0,,,,13.5,2.7,5.4,8.1,0.0,4.7,3.333333333333333,5.0,6.0,0.0,3.0,2.0,,,,True,True,UNKNOWN,False,False
2021012759,2023-04-20 18:00:00,東京ヤクルトスワローズ,中日ドラゴンズ,3.0,2.0,UNKNOWN,明治神宮野球場,unknown,low,False,False,1600106,12113,[],[],,,,,0,light,2023-04-20T09:00:00+00:00,,UNKNOWN,,,,UNKNOWN,UNKNOWN,,UNKNOWN,,1.5,1.5,3.0,7.5,0.0,5.033333333333333,6.0,1.0,4.0,0.0,5.0,2.0,,,,3.6,1.6,5.4,0.0,1.8,4.6,5.0,2.0,8.0,1.0,0.0,3.0,,,,True,True,UNKNOWN,False,False
2021012762,2023-04-20 18:00:00,オリックス・バファローズ,東北楽天ゴールデンイーグルス,3.0,1.0,UNKNOWN,京セラドーム大阪,unknown,low,False,False,1600092,1400195,[],[],,,,,0,light,2023-04-20T09:00:00+00:00,,UNKNOWN,,,,UNKNOWN,UNKNOWN,,UNKNOWN,,2.8421052631578947,1.105263157894737,7.105263157894737,4.2631578947368425,1.4210526315789471,5.094736842105263,6.333333333333333,2.0,4.0,1.0,3.0,5.0,,,,1.35,0.15,5.4,0.0,1.35,3.95,6.666666666666667,1.0,1.0,1.0,0.0,4.0,,,,True,True,UNKNOWN,False,False
2021012761,2023-04-20 18:00:00,北海道日本ハムファイターズ,千葉ロッテマリーンズ,2.0,0.0,UNKNOWN,ES CON FIELD HOKKAIDO,unknown,low,False,False,1700002,1900073,[],[],,,,,0,light,2023-04-20T09:00:00+00:00,,UNKNOWN,,,,UNKNOWN,UNKNOWN,,UNKNOWN,,3.0,1.1666666666666667,1.5,6.0,0.0,4.866666666666667,6.0,2.0,3.0,0.0,4.0,1.0,,,,0.0,0.3333333333333333,1.5,1.5,0.0,3.3666666666666667,6.0,0.0,1.0,0.0,1.0,1.0,,,,True,True,UNKNOWN,False,False
2021012763,2023-04-21 18:00:00,東京ヤクルトスワローズ,読売ジャイアンツ,3.0,0.0,UNKNOWN,明治神宮野球場,unknown,low,False,False,1960962,1500042,[],[],,,,,0,light,2023-04-21T09:00:00+00:00,,UNKNOWN,,,,UNKNOWN,UNKNOWN,,UNKNOWN,,3.6,1.2,10.8,5.4,0.0,2.6,5.0,2.0,3.0,0.0,3.0,6.0,,,,0.0,1.0,4.5,4.5,0.0,3.7,6.0,0.0,3.0,0.0,3.0,3.0,,,,True,True,UNKNOWN,False,False
2021012765,2023-04-21 18:00:00,広島東洋カープ,横浜DeNAベイスターズ,0.0,1.0,UNKNOWN,MAZDA Zoom-Zoom スタジアム広島,excluded,high,False,False,1500061,1900134,[],[],,,,,0,light,2023-04-21T09:00:00+00:00,,UNKNOWN,,,,UNKNOWN,UNKNOWN,,UNKNOWN,,0.0,0.625,6.75,0.0,0.0,1.7000000000000002,8.0,0.0,5.0,0.0,0.0,6.0,,,,1.1739130434782608,1.0434782608695652,4.695652173913043,4.695652173913043,0.0,3.721739130434783,7.666666666666667,1.0,4.0,0.0,4.0,4.0,,,,True,True,UNKNOWN,False,False
2021012764,2023-04-21 18:00:00,中日ドラゴンズ,阪神タイガース,4.0,1.0,UNKNOWN,バンテリンドーム ナゴヤ,unknown,low,False,False,1500090,1500074,[],[],,,,,0,light,2023-04-21T09:00:00+00:00,,UNKNOWN,,,,UNKNOWN,UNKNOWN,,UNKNOWN,,13.5,3.375,13.5,6.75,0.0,2.45,2.6666666666666665,4.0,7.0,0.0,2.0,4.0,,,,1.2857142857142858,1.0,11.571428571428571,2.571428571428572,0.0,1.485714285714286,7.0,1.0,5.0,0.0,2.0,9.0,,,,True,True,UNKNOWN,False,False
2021012767,2023-04-21 18:00:00,千葉ロッテマリーンズ,福岡ソフトバンクホークス,3.0,2.0,UNKNOWN,ZOZOマリンスタジアム,excluded,high,False,False,1100115,1900080,[],[],,,,,0,light,2023-04-21T09:00:00+00:00,,UNKNOWN,,,,UNKNOWN,UNKNOWN,,UNKNOWN,,6.230769230769231,1.8461538461538465,2.076923076923077,4.153846153846154,0.0,4.123076923076924,4.333333333333333,3.0,6.0,0.0,2.0,1.0,,,,0.0,0.5714285714285714,10.285714285714286,1.2857142857142858,0.0,1.342857142857143,7.0,0.0,3.0,0.0,1.0,8.0,,,,True,True,UNKNOWN,False,False
2021012766,2023-04-21 18:00:00,東北楽天ゴールデンイーグルス,北海道日本ハムファイターズ,8.0,7.0,UNKNOWN,楽天モバイルパーク宮城,unknown,low,False,False,1500110,700069,[],[],,,,,0,light,2023-04-21T09:00:00+00:00,,UNKNOWN,,,,UNKNOWN,UNKNOWN,,UNKNOWN,,6.75,1.6875,8.4375,1.6875,0.0,1.8875,5.333333333333333,4.0,8.0,0.0,1.0,5.0,,,,13.5,1.7142857142857142,5.785714285714286,3.8571428571428568,0.0,3.2,4.666666666666667,7.0,6.0,0.0,2.0,3.0,,,,True,True,UNKNOWN,False,False
2021012770,2023-04-22 14:00:00,中日ドラゴンズ,阪神タイガース,0.0,2.0,UNKNOWN,バンテリンドーム ナゴヤ,unknown,low,False,False,2000055,2000042,[],[],,,,,0,light,2023-04-22T05:00:00+00:00,,UNKNOWN,,,,UNKNOWN,UNKNOWN,,UNKNOWN,,0.0,0.2222222222222222,10.0,0.0,0.0,0.977777777777778,9.0,0.0,2.0,0.0,0.0,10.0,,,,3.0,0.8333333333333334,10.5,0.0,0.0,0.8666666666666667,6.0,2.0,5.0,0.0,0.0,7.0,,,,True,True,UNKNOWN,False,False
2021012768,2023-04-21 18:00:00,オリックス・バファローズ,埼玉西武ライオンズ,7.0,5.0,UNKNOWN,京セラドーム大阪,unknown,low,False,False,1600127,1860168,[],[],,,,,0,light,2023-04-21T09:00:00+00:00,,UNKNOWN,,,,UNKNOWN,UNKNOWN,,UNKNOWN,,7.2,2.4,7.2,3.6,1.8,5.4,5.0,4.0,10.0,1.0,2.0,4.0,,,,6.75,1.25,9.0,4.5,0.0,2.7,4.0,3.0,3.0,0.0,2.0,4.0,,,,True,True,UNKNOWN,False,False
2021012771,2023-04-22 14:00:00,広島東洋カープ,横浜DeNAベイスターズ,3.0,0.0,UNKNOWN,MAZDA Zoom-Zoom スタジアム広島,unknown,low,False,False,1800045,1600123,[],[],,,,,0,light,2023-04-22T05:00:00+00:00,,UNKNOWN,,,,UNKNOWN,UNKNOWN,,UNKNOWN,,3.6,0.8,9.0,0.0,1.8,3.8,5.0,2.0,4.0,1.0,0.0,5.0,,,,0.0,0.7142857142857143,6.428571428571429,0.0,0.0,1.7714285714285716,7.0,0.0,5.0,0.0,0.0,5.0,,,,True,True,UNKNOWN,False,False
2021012772,2023-04-22 14:00:00,東北楽天ゴールデンイーグルス,北海道日本ハムファイターズ,3.0,5.0,UNKNOWN,楽天モバイルパーク宮城,excluded,high,False,False,1100099,2106793,[],[],,,,,0,light,2023-04-22T05:00:00+00:00,,UNKNOWN,,,,UNKNOWN,UNKNOWN,,UNKNOWN,,3.5217391304347823,1.5652173913043477,2.347826086956521,4.695652173913043,2.347826086956521,7.634782608695652,7.666666666666667,3.0,8.0,2.0,4.0,2.0,,,,4.764705882352941,1.2352941176470589,9.529411764705882,4.764705882352941,0.0,2.670588235294118,5.666666666666667,3.0,4.0,0.0,3.0,6.0,,,,True,True,UNKNOWN,False,False
2021012774,2023-04-22 14:00:00,オリックス・バファローズ,埼玉西武ライオンズ,2.0,4.0,UNKNOWN,京セラドーム大阪,unknown,low,False,False,1400182,1600153,[],[],,,,,0,light,2023-04-22T05:00:00+00:00,,UNKNOWN,,,,UNKNOWN,UNKNOWN,,UNKNOWN,,2.0,0.5555555555555556,8.0,0.0,1.0,2.8666666666666667,9.0,2.0,5.0,1.0,0.0,8.0,,,,3.681818181818182,1.5,9.818181818181818,0.0,0.0,1.018181818181818,7.333333333333333,3.0,11.0,0.0,0.0,8.0,,,,True,True,UNKNOWN,False,False
2021012769,2023-04-22 18:00:00,東京ヤクルトスワローズ,読売ジャイアンツ,2.0,4.0,UNKNOWN,明治神宮野球場,unknown,low,False,False,1961407,1200076,[],[],,,,,0,light,2023-04-22T09:00:00+00:00,,UNKNOWN,,,,UNKNOWN,UNKNOWN,,UNKNOWN,,1.5,0.8333333333333334,4.5,1.5,0.0,2.7,6.0,1.0,4.0,0.0,1.0,3.0,,,,5.4,1.4,9.0,3.6,0.0,2.4000000000000004,5.0,3.0,5.0,0.0,2.0,5.0,,,,True,True,UNKNOWN,False,False
2021012773,2023-04-22 14:00:00,千葉ロッテマリーンズ,福岡ソフトバンクホークス,6.0,0.0,UNKNOWN,ZOZOマリンスタジアム,unknown,low,False,False,1400176,900081,[],[],,,,,0,light,2023-04-22T05:00:00+00:00,,UNKNOWN,,,,UNKNOWN,UNKNOWN,,UNKNOWN,,3.8571428571428568,1.2857142857142856,9.642857142857142,5.785714285714286,0.0,2.9857142857142858,4.666666666666667,2.0,3.0,0.0,3.0,5.0,,,,0.0,0.4285714285714285,7.714285714285714,1.2857142857142858,0.0,1.9142857142857144,7.0,0.0,2.0,0.0,1.0,6.0,,,,True,True,UNKNOWN,False,False
2021012778,2023-04-23 13:00:00,東北楽天ゴールデンイーグルス,北海道日本ハムファイターズ,4.0,3.0,UNKNOWN,楽天モバイルパーク宮城,unknown,low,False,False,1500109,700065,[],[],,,,,0,light,2023-04-23T04:00:00+00:00,,UNKNOWN,,,,UNKNOWN,UNKNOWN,,UNKNOWN,,13.5,3.5,0.0,9.0,0.0,6.2,2.0,3.0,5.0,0.0,2.0,0.0,,,,3.6,1.4,7.2,5.4,1.8,6.0,5.0,2.0,4.0,1.0,3.0,4.0,,,,True,True,UNKNOWN,False,False
2021012777,2023-04-23 13:30:00,広島東洋カープ,横浜DeNAベイスターズ,3.0,4.0,UNKNOWN,MAZDA Zoom-Zoom スタジアム広島,unknown,low,False,False,1700058,1900057,[],[],,,,,0,light,2023-04-23T04:30:00+00:00,,UNKNOWN,,,,UNKNOWN,UNKNOWN,,UNKNOWN,,1.5,0.5,3.0,0.0,1.5,4.7,6.0,1.0,3.0,1.0,0.0,2.0,,,,3.6,1.2,0.0,3.6,0.0,4.4,5.0,2.0,4.0,0.0,2.0,0.0,,,,True,True,UNKNOWN,False,False
2021012776,2023-04-23 14:00:00,中日ドラゴンズ,阪神タイガース,2.0,1.0,UNKNOWN,バンテリンドーム ナゴヤ,unknown,low,False,False,1600115,1200055,[],[],,,,,0,light,2023-04-23T05:00:00+00:00,,UNKNOWN,,,,UNKNOWN,UNKNOWN,,UNKNOWN,,3.6,1.6,5.4,1.8,0.0,2.6,5.0,2.0,7.0,0.0,1.0,3.0,,,,1.4210526315789471,0.7894736842105263,7.105263157894737,1.4210526315789471,1.4210526315789471,4.147368421052632,6.333333333333333,1.0,4.0,1.0,1.0,5.0,,,,True,True,UNKNOWN,False,False
2021012780,2023-04-23 14:00:00,オリックス・バファローズ,埼玉西武ライオンズ,4.0,1.0,UNKNOWN,京セラドーム大阪,unknown,low,False,False,1961288,2000096,[],[],,,,,0,light,2023-04-23T05:00:00+00:00,,UNKNOWN,,,,UNKNOWN,UNKNOWN,,UNKNOWN,,5.0625,1.3125,3.375,3.375,1.6875,6.0125,5.333333333333333,3.0,5.0,1.0,2.0,2.0,,,,0.0,0.8571428571428571,10.285714285714286,3.857142857142857,0.0,2.2,7.0,0.0,3.0,0.0,3.0,8.0,,,,True,True,UNKNOWN,False,False
2021012779,2023-04-23 14:00:00,千葉ロッテマリーンズ,福岡ソフトバンクホークス,6.0,2.0,UNKNOWN,ZOZOマリンスタジアム,unknown,low,False,False,1900106,1600146,[],[],,,,,0,light,2023-04-23T05:00:00+00:00,,UNKNOWN,,,,UNKNOWN,UNKNOWN,,UNKNOWN,,4.5,1.75,6.75,4.5,0.0,3.2,4.0,2.0,5.0,0.0,2.0,3.0,,,,0.0,1.4,12.6,5.4,0.0,2.2,5.0,0.0,4.0,0.0,3.0,7.0,,,,True,True,UNKNOWN,False,False
2021012775,2023-04-23 18:00:00,東京ヤクルトスワローズ,読売ジャイアンツ,3.0,7.0,UNKNOWN,明治神宮野球場,unknown,low,False,False,1800026,2103794,[],[],,,,,0,light,2023-04-23T09:00:00+00:00,,UNKNOWN,,,,UNKNOWN,UNKNOWN,,UNKNOWN,,3.6,1.0,3.6,0.0,1.8,5.0,5.0,2.0,5.0,1.0,0.0,2.0,,,,10.8,1.8,5.4,0.0,5.4,9.8,5.0,6.0,9.0,3.0,0.0,3.0,,,,True,True,UNKNOWN,False,False
2021012781,2023-04-25 17:45:00,横浜DeNAベイスターズ,東京ヤクルトスワローズ,5.0,3.0,UNKNOWN,横浜スタジアム,unknown,low,False,False,2000139,1660377,[],[],,,,,0,light,2023-04-25T08:45:00+00:00,,UNKNOWN,,,,UNKNOWN,UNKNOWN,,UNKNOWN,,5.785714285714286,2.142857142857143,3.8571428571428568,7.7142857142857135,0.0,4.914285714285715,4.666666666666667,3.0,6.0,0.0,4.0,2.0,,,,0.0,0.8333333333333334,7.5,3.0,0.0,2.5333333333333337,6.0,0.0,3.0,0.0,2.0,5.0,,,,True,True,UNKNOWN,False,False
2021012784,2023-04-25 18:00:00,北海道日本ハムファイターズ,オリックス・バファローズ,7.0,8.0,UNKNOWN,ES CON FIELD HOKKAIDO,unknown,low,False,False,1900087,2000079,[],[],,,,,0,light,2023-04-25T09:00:00+00:00,,UNKNOWN,,,,UNKNOWN,UNKNOWN,,UNKNOWN,,27.000000000000004,4.800000000000001,0.0,10.8,0.0,6.800000000000001,1.6666666666666663,5.0,6.0,0.0,2.0,0.0,,,,13.5,2.75,2.25,11.25,2.25,9.7,4.0,6.0,6.0,1.0,5.0,1.0,,,,True,True,UNKNOWN,False,False
2021012785,2023-04-25 18:00:00,千葉ロッテマリーンズ,埼玉西武ライオンズ,3.0,5.0,UNKNOWN,ZOZOマリンスタジアム,unknown,low,False,False,1800080,1000155,[],[],,,,,0,light,2023-04-25T09:00:00+00:00,,UNKNOWN,,,,UNKNOWN,UNKNOWN,,UNKNOWN,,1.2857142857142858,0.7142857142857143,6.428571428571429,2.571428571428572,1.2857142857142858,4.485714285714286,7.0,1.0,3.0,1.0,2.0,5.0,,,,6.75,1.75,6.75,6.75,2.25,7.2,4.0,3.0,4.0,1.0,3.0,3.0,,,,True,True,UNKNOWN,False,False
2021012787,2023-04-26 17:45:00,横浜DeNAベイスターズ,東京ヤクルトスワローズ,5.0,2.0,UNKNOWN,横浜スタジアム,unknown,low,False,False,1300045,1400110,[],[],,,,,0,light,2023-04-26T08:45:00+00:00,,UNKNOWN,,,,UNKNOWN,UNKNOWN,,UNKNOWN,,4.2631578947368425,0.9473684210526316,4.2631578947368425,1.4210526315789471,0.0,2.726315789473684,6.333333333333333,3.0,5.0,0.0,1.0,3.0,,,,0.0,1.0,9.0,1.5,0.0,1.7000000000000002,6.0,0.0,5.0,0.0,1.0,6.0,,,,True,True,UNKNOWN,False,False
2021012788,2023-04-26 18:00:00,阪神タイガース,読売ジャイアンツ,4.0,8.0,UNKNOWN,阪神甲子園球場,unknown,low,False,False,1800028,900062,[],[],,,,,0,light,2023-04-26T09:00:00+00:00,,UNKNOWN,,,,UNKNOWN,UNKNOWN,,UNKNOWN,,5.684210526315789,1.5789473684210529,9.947368421052632,5.684210526315789,1.4210526315789471,4.936842105263159,6.333333333333333,4.0,6.0,1.0,4.0,7.0,,,,15.0,3.6666666666666665,3.0,6.0,0.0,4.533333333333333,3.0,5.0,9.0,0.0,2.0,1.0,,,,True,True,UNKNOWN,False,False
2021012790,2023-04-26 18:00:00,北海道日本ハムファイターズ,オリックス・バファローズ,6.0,3.0,UNKNOWN,ES CON FIELD HOKKAIDO,unknown,low,False,False,1700109,1900073,[],[],,,,,0,light,2023-04-26T09:00:00+00:00,,UNKNOWN,,,,UNKNOWN,UNKNOWN,,UNKNOWN,,12.461538461538462,2.076923076923077,4.153846153846154,4.153846153846154,2.076923076923077,6.661538461538462,4.333333333333333,6.0,7.0,1.0,2.0,2.0,,,,0.0,1.0,3.6,1.8,0.0,3.0,5.0,0.0,4.0,0.0,1.0,2.0,,,,True,True,UNKNOWN,False,False
2021012789,2023-04-26 18:00:00,広島東洋カープ,中日ドラゴンズ,3.0,6.0,UNKNOWN,MAZDA Zoom-Zoom スタジアム広島,unknown,low,False,False,500014,1300057,[],[],,,,,0,light,2023-04-26T09:00:00+00:00,,UNKNOWN,,,,UNKNOWN,UNKNOWN,,UNKNOWN,,3.857142857142857,0.8571428571428571,9.0,1.2857142857142858,1.2857142857142858,3.4857142857142858,7.0,3.0,5.0,1.0,1.0,7.0,,,,4.5,1.75,9.0,2.25,0.0,1.95,4.0,2.0,6.0,0.0,1.0,4.0,,,,True,True,UNKNOWN,False,False
2021012791,2023-04-26 18:00:00,千葉ロッテマリーンズ,埼玉西武ライオンズ,2.0,1.0,UNKNOWN,ZOZOマリンスタジアム,unknown,low,False,False,1751148,1800052,[],[],,,,,0,light,2023-04-26T09:00:00+00:00,,UNKNOWN,,,,UNKNOWN,UNKNOWN,,UNKNOWN,,1.5,1.3333333333333333,13.5,3.0,0.0,1.2000000000000002,6.0,1.0,6.0,0.0,2.0,9.0,,,,1.2857142857142858,1.0,7.714285714285714,1.2857142857142858,0.0,1.9142857142857144,7.0,1.0,6.0,0.0,1.0,6.0,,,,True,True,UNKNOWN,False,False
2021012793,2023-04-27 17:45:00,横浜DeNAベイスターズ,東京ヤクルトスワローズ,7.0,6.0,UNKNOWN,横浜スタジアム,excluded,high,False,False,1760587,1300031,[],[],,,,,0,light,2023-04-27T08:45:00+00:00,,UNKNOWN,,,,UNKNOWN,UNKNOWN,,UNKNOWN,,6.75,1.125,3.375,0.0,0.0,2.45,5.333333333333333,4.0,6.0,0.0,0.0,2.0,,,,7.2,1.4,9.0,5.4,3.6,8.2,5.0,4.0,4.0,2.0,3.0,5.0,,,,True,True,UNKNOWN,False,False
2021012792,2023-04-26 18:00:00,福岡ソフトバンクホークス,東北楽天ゴールデンイーグルス,4.0,2.0,UNKNOWN,福岡PayPayドーム,unknown,low,False,False,2000121,20204,[],[],,,,,0,light,2023-04-26T09:00:00+00:00,,UNKNOWN,,,,UNKNOWN,UNKNOWN,,UNKNOWN,,1.4210526315789471,1.105263157894737,5.684210526315789,4.2631578947368425,0.0,3.357894736842105,6.333333333333333,1.0,4.0,0.0,3.0,4.0,,,,3.176470588235294,0.5294117647058824,7.941176470588235,0.0,3.176470588235294,6.023529411764706,5.666666666666667,2.0,3.0,2.0,0.0,5.0,,,,True,True,UNKNOWN,False,False
2021012794,2023-04-27 18:00:00,阪神タイガース,読売ジャイアンツ,15.0,0.0,UNKNOWN,阪神甲子園球場,unknown,low,False,False,2000006,2000052,[],[],,,,,0,light,2023-04-27T09:00:00+00:00,,UNKNOWN,,,,UNKNOWN,UNKNOWN,,UNKNOWN,,30.85714285714285,3.4285714285714284,3.8571428571428568,0.0,3.8571428571428568,7.914285714285715,2.333333333333333,8.0,8.0,1.0,0.0,1.0,,,,0.0,0.2222222222222222,8.0,0.0,0.0,1.4222222222222225,9.0,0.0,2.0,0.0,0.0,8.0,,,,True,True,UNKNOWN,False,False
2021012795,2023-04-27 18:00:00,広島東洋カープ,中日ドラゴンズ,3.0,2.0,UNKNOWN,MAZDA Zoom-Zoom スタジアム広島,unknown,low,False,False,1600106,1300058,[],[],,,,,0,light,2023-04-27T09:00:00+00:00,,UNKNOWN,,,,UNKNOWN,UNKNOWN,,UNKNOWN,,0.0,0.8571428571428571,2.571428571428572,1.2857142857142858,0.0,3.0571428571428574,7.0,0.0,5.0,0.0,1.0,2.0,,,,0.0,0.4285714285714285,7.714285714285714,1.2857142857142858,0.0,1.9142857142857144,7.0,0.0,2.0,0.0,1.0,6.0,,,,True,True,UNKNOWN,False,False
2021012796,2023-04-27 18:00:00,福岡ソフトバンクホークス,東北楽天ゴールデンイーグルス,5.0,3.0,UNKNOWN,福岡PayPayドーム,excluded,high,False,False,1900117,1300077,[],[],,,,,0,light,2023-04-27T09:00:00+00:00,,UNKNOWN,,,,UNKNOWN,UNKNOWN,,UNKNOWN,,3.375,0.9375,0.0,3.375,0.0,4.325,5.333333333333333,2.0,3.0,0.0,2.0,0.0,,,,0.0,0.8333333333333334,9.0,1.5,0.0,1.7000000000000002,6.0,0.0,4.0,0.0,1.0,6.0,,,,True,True,UNKNOWN,False,False
2021012798,2023-04-28 18:00:00,東京ヤクルトスワローズ,阪神タイガース,0.0,4.0,UNKNOWN,明治神宮野球場,unknown,low,False,False,1700137,1500042,[],[],,,,,0,light,2023-04-28T09:00:00+00:00,,UNKNOWN,,,,UNKNOWN,UNKNOWN,,UNKNOWN,,0.0,0.8,5.4,1.8,0.0,2.6,5.0,0.0,3.0,0.0,1.0,3.0,,,,5.4,2.4,7.2,9.0,0.0,4.6,5.0,3.0,7.0,0.0,5.0,4.0,,,,True,True,UNKNOWN,False,False
2021012797,2023-04-28 18:00:00,読売ジャイアンツ,広島東洋カープ,5.0,4.0,UNKNOWN,東京ドーム,excluded,high,False,False,1700072,1800023,[],[],,,,,0,light,2023-04-28T09:00:00+00:00,,UNKNOWN,,,,UNKNOWN,UNKNOWN,,UNKNOWN,,5.4,1.4,3.6,5.4,1.8,6.800000000000001,5.0,3.0,4.0,1.0,3.0,2.0,,,,6.0,2.333333333333333,0.0,6.0,3.0,9.533333333333331,3.0,2.0,5.0,1.0,2.0,0.0,,,,True,True,UNKNOWN,False,False
2021012799,2023-04-28 18:00:00,中日ドラゴンズ,横浜DeNAベイスターズ,0.0,1.0,UNKNOWN,バンテリンドーム ナゴヤ,unknown,low,False,False,1500061,1500074,[],[],,,,,0,light,2023-04-28T09:00:00+00:00,,UNKNOWN,,,,UNKNOWN,UNKNOWN,,UNKNOWN,,0.0,0.7142857142857143,15.428571428571429,1.2857142857142858,0.0,0.2000000000000001,7.0,0.0,4.0,0.0,1.0,12.0,,,,1.125,0.75,6.75,1.125,0.0,2.075,8.0,1.0,5.0,0.0,1.0,6.0,,,,True,True,UNKNOWN,False,False
2021012800,2023-04-28 18:00:00,北海道日本ハムファイターズ,福岡ソフトバンクホークス,3.0,6.0,UNKNOWN,ES CON FIELD HOKKAIDO,unknown,low,False,False,1300080,1500110,[],[],,,,,0,light,2023-04-28T09:00:00+00:00,,UNKNOWN,,,,UNKNOWN,UNKNOWN,,UNKNOWN,,3.857142857142857,1.0,5.142857142857143,2.571428571428572,1.2857142857142858,4.771428571428571,7.0,3.0,5.0,1.0,2.0,4.0,,,,3.857142857142857,1.1428571428571428,3.857142857142857,0.0,0.0,2.342857142857143,7.0,3.0,8.0,0.0,0.0,3.0,,,,True,True,UNKNOWN,False,False
2021012802,2023-04-28 18:00:00,オリックス・バファローズ,千葉ロッテマリーンズ,3.0,4.0,UNKNOWN,京セラドーム大阪,unknown,low,False,False,1900080,1400195,[],[],,,,,0,light,2023-04-28T09:00:00+00:00,,UNKNOWN,,,,UNKNOWN,UNKNOWN,,UNKNOWN,,3.857142857142857,1.2857142857142858,10.285714285714286,1.2857142857142858,0.0,1.342857142857143,7.0,3.0,8.0,0.0,1.0,8.0,,,,5.785714285714286,1.2857142857142856,5.785714285714286,1.9285714285714284,0.0,2.5571428571428574,4.666666666666667,3.0,5.0,0.0,1.0,3.0,,,,True,True,UNKNOWN,False,False
2021012801,2023-04-28 18:00:00,埼玉西武ライオンズ,東北楽天ゴールデンイーグルス,4.0,0.0,UNKNOWN,ベルーナドーム,unknown,low,False,False,700069,1600127,[],[],,,,,0,light,2023-04-28T09:00:00+00:00,,UNKNOWN,,,,UNKNOWN,UNKNOWN,,UNKNOWN,,2.571428571428572,1.2857142857142858,3.857142857142857,1.2857142857142858,1.2857142857142858,4.628571428571429,7.0,2.0,8.0,1.0,1.0,3.0,,,,0.0,1.1666666666666667,9.0,10.5,0.0,4.7,6.0,0.0,0.0,0.0,7.0,6.0,,,,True,True,UNKNOWN,False,False
2021012805,2023-04-29 14:00:00,中日ドラゴンズ,横浜DeNAベイスターズ,4.0,7.0,UNKNOWN,バンテリンドーム ナゴヤ,excluded,high,False,False,1800045,1200098,[],[],,,,,0,light,2023-04-29T05:00:00+00:00,,UNKNOWN,,,,UNKNOWN,UNKNOWN,,UNKNOWN,,6.230769230769231,1.6153846153846154,6.230769230769231,2.076923076923077,0.0,2.507692307692308,4.333333333333333,3.0,6.0,0.0,1.0,3.0,,,,3.6,1.6,3.6,3.6,0.0,3.6,5.0,2.0,6.0,0.0,2.0,2.0,,,,True,True,UNKNOWN,False,False
2021012806,2023-04-29 14:00:00,北海道日本ハムファイターズ,福岡ソフトバンクホークス,3.0,1.0,UNKNOWN,ES CON FIELD HOKKAIDO,unknown,low,False,False,1200106,1100099,[],[],,,,,0,light,2023-04-29T05:00:00+00:00,,UNKNOWN,,,,UNKNOWN,UNKNOWN,,UNKNOWN,,3.681818181818182,1.5,3.681818181818182,2.4545454545454546,1.2272727272727273,4.972727272727273,7.333333333333333,3.0,9.0,1.0,2.0,3.0,,,,1.2857142857142858,1.2857142857142858,12.857142857142858,1.2857142857142858,1.2857142857142858,2.628571428571429,7.0,1.0,8.0,1.0,1.0,10.0,,,,True,True,UNKNOWN,False,False
2021012807,2023-04-29 14:00:00,埼玉西武ライオンズ,東北楽天ゴールデンイーグルス,2.0,8.0,UNKNOWN,ベルーナドーム,unknown,low,False,False,1600092,1400182,[],[],,,,,0,light,2023-04-29T05:00:00+00:00,,UNKNOWN,,,,UNKNOWN,UNKNOWN,,UNKNOWN,,3.6,1.8,3.6,7.2,1.8,7.4,5.0,2.0,5.0,1.0,4.0,2.0,,,,6.75,1.75,4.5,4.5,2.25,6.95,4.0,3.0,5.0,1.0,2.0,2.0,,,,True,True,UNKNOWN,False,False
2021012808,2023-04-29 14:00:00,オリックス・バファローズ,千葉ロッテマリーンズ,3.0,2.0,UNKNOWN,京セラドーム大阪,unknown,low,False,False,1700002,1600153,[],[],,,,,0,light,2023-04-29T05:00:00+00:00,,UNKNOWN,,,,UNKNOWN,UNKNOWN,,UNKNOWN,,4.764705882352941,1.4117647058823528,1.588235294117647,0.0,0.0,2.847058823529412,5.666666666666667,3.0,8.0,0.0,0.0,1.0,,,,1.5,1.1666666666666667,9.0,4.5,0.0,2.7,6.0,1.0,4.0,0.0,3.0,6.0,,,,True,True,UNKNOWN,False,False
2021012803,2023-04-29 18:00:00,読売ジャイアンツ,広島東洋カープ,4.0,3.0,UNKNOWN,東京ドーム,unknown,low,False,False,1900134,1961407,[],[],,,,,0,light,2023-04-29T09:00:00+00:00,,UNKNOWN,,,,UNKNOWN,UNKNOWN,,UNKNOWN,,1.5,1.3333333333333333,7.5,3.0,0.0,2.5333333333333337,6.0,1.0,6.0,0.0,2.0,5.0,,,,4.153846153846154,2.076923076923077,4.153846153846154,2.076923076923077,0.0,2.9692307692307693,4.333333333333333,2.0,8.0,0.0,1.0,2.0,,,,True,True,UNKNOWN,False,False
2021012804,2023-04-29 18:00:00,東京ヤクルトスワローズ,阪神タイガース,0.0,7.0,UNKNOWN,明治神宮野球場,unknown,low,False,False,2000055,1200076,[],[],,,,,0,light,2023-04-29T09:00:00+00:00,,UNKNOWN,,,,UNKNOWN,UNKNOWN,,UNKNOWN,,0.0,0.375,7.875,1.125,0.0,1.825,8.0,0.0,2.0,0.0,1.0,7.0,,,,3.0,1.0,7.5,1.5,1.5,4.2,6.0,2.0,5.0,1.0,1.0,5.0,,,,True,True,UNKNOWN,False,False
2021012812,2023-04-30 13:00:00,北海道日本ハムファイターズ,福岡ソフトバンクホークス,5.0,1.0,UNKNOWN,ES CON FIELD HOKKAIDO,unknown,low,False,False,1400176,1961437,[],[],,,,,0,light,2023-04-30T04:00:00+00:00,,UNKNOWN,,,,UNKNOWN,UNKNOWN,,UNKNOWN,,8.307692307692308,1.8461538461538465,10.384615384615383,2.076923076923077,2.076923076923077,4.584615384615385,4.333333333333333,4.0,7.0,1.0,1.0,5.0,,,,2.076923076923077,1.3846153846153848,4.153846153846154,4.153846153846154,0.0,3.661538461538462,4.333333333333333,1.0,4.0,0.0,2.0,2.0,,,,True,True,UNKNOWN,False,False
2021012814,2023-04-30 13:00:00,オリックス・バファローズ,千葉ロッテマリーンズ,4.0,3.0,UNKNOWN,京セラドーム大阪,unknown,low,False,False,1600146,1600150,[],[],,,,,0,light,2023-04-30T04:00:00+00:00,,UNKNOWN,,,,UNKNOWN,UNKNOWN,,UNKNOWN,,1.5,1.1666666666666667,10.5,0.0,0.0,0.8666666666666667,6.0,1.0,7.0,0.0,0.0,7.0,,,,1.5,0.5,12.0,0.0,0.0,0.5333333333333337,6.0,1.0,3.0,0.0,0.0,8.0,,,,True,True,UNKNOWN,False,False
2021012809,2023-04-30 14:00:00,読売ジャイアンツ,広島東洋カープ,4.0,11.0,UNKNOWN,東京ドーム,unknown,low,False,False,1860147,1960962,[],[],,,,,0,light,2023-04-30T05:00:00+00:00,,UNKNOWN,,,,UNKNOWN,UNKNOWN,,UNKNOWN,,5.4,1.8,10.8,5.4,0.0,2.6,5.0,3.0,6.0,0.0,3.0,6.0,,,,12.272727272727272,2.4545454545454546,4.909090909090909,2.4545454545454546,4.909090909090909,10.01818181818182,3.6666666666666665,5.0,8.0,2.0,1.0,2.0,,,,True,True,UNKNOWN,False,False
2021012811,2023-04-30 14:00:00,中日ドラゴンズ,横浜DeNAベイスターズ,0.0,2.0,UNKNOWN,バンテリンドーム ナゴヤ,unknown,low,False,False,1700058,2000042,[],[],,,,,0,light,2023-04-30T05:00:00+00:00,,UNKNOWN,,,,UNKNOWN,UNKNOWN,,UNKNOWN,,0.0,0.4444444444444444,6.0,0.0,0.0,1.866666666666667,9.0,0.0,4.0,0.0,0.0,6.0,,,,3.6,2.0,3.6,7.2,0.0,4.800000000000001,5.0,2.0,6.0,0.0,4.0,2.0,,,,True,True,UNKNOWN,False,False
2021012813,2023-04-30 14:00:00,埼玉西武ライオンズ,東北楽天ゴールデンイーグルス,6.0,7.0,UNKNOWN,ベルーナドーム,excluded,high,False,False,2106793,1700125,[],[],,,,,0,light,2023-04-30T05:00:00+00:00,,UNKNOWN,,,,UNKNOWN,UNKNOWN,,UNKNOWN,,3.6,1.8,12.6,3.6,1.8,4.2,5.0,2.0,7.0,1.0,2.0,7.0,,,,22.5,3.5,4.5,4.5,9.0,16.7,2.0,5.0,6.0,2.0,1.0,1.0,,,,True,True,UNKNOWN,False,False
2021012810,2023-04-30 18:00:00,東京ヤクルトスワローズ,阪神タイガース,4.0,2.0,UNKNOWN,明治神宮野球場,unknown,low,False,False,1600115,2103794,[],[],,,,,0,light,2023-04-30T09:00:00+00:00,,UNKNOWN,,,,UNKNOWN,UNKNOWN,,UNKNOWN,,9.0,2.6666666666666665,6.0,9.0,3.0,9.2,3.0,3.0,5.0,1.0,3.0,2.0,,,,1.5,0.8333333333333334,12.0,4.5,1.5,4.2,6.0,1.0,2.0,1.0,3.0,8.0,,,,True,True,UNKNOWN,False,False
2021012816,2023-05-02 18:00:00,横浜DeNAベイスターズ,広島東洋カープ,1.0,6.0,UNKNOWN,横浜スタジアム,unknown,low,False,False,1600123,1660377,[],[],,,,,0,light,2023-05-02T09:00:00+00:00,,UNKNOWN,,,,UNKNOWN,UNKNOWN,,UNKNOWN,,1.4210526315789471,1.736842105263158,2.8421052631578947,5.684210526315789,0.0,4.463157894736843,6.333333333333333,1.0,7.0,0.0,4.0,2.0,,,,1.5,0.6666666666666666,3.0,3.0,0.0,3.5333333333333337,6.0,1.0,2.0,0.0,2.0,2.0,,,,True,True,UNKNOWN,False,False
2021012815,2023-05-02 18:00:00,読売ジャイアンツ,東京ヤクルトスワローズ,5.0,7.0,UNKNOWN,東京ドーム,unknown,low,False,False,2000139,1800028,[],[],,,,,0,light,2023-05-02T09:00:00+00:00,,UNKNOWN,,,,UNKNOWN,UNKNOWN,,UNKNOWN,,9.0,1.75,9.0,2.25,0.0,1.95,4.0,4.0,6.0,0.0,1.0,4.0,,,,6.352941176470588,1.7647058823529411,6.352941176470588,3.176470588235294,3.176470588235294,7.435294117647059,5.666666666666667,4.0,8.0,2.0,2.0,4.0,,,,True,True,UNKNOWN,False,False
2021012818,2023-05-02 18:00:00,東北楽天ゴールデンイーグルス,千葉ロッテマリーンズ,5.0,1.0,UNKNOWN,楽天モバイルパーク宮城,unknown,low,False,False,900081,700065,[],[],,,,,0,light,2023-05-02T09:00:00+00:00,,UNKNOWN,,,,UNKNOWN,UNKNOWN,,UNKNOWN,,5.4,2.0,7.2,5.4,0.0,3.4000000000000004,5.0,3.0,7.0,0.0,3.0,4.0,,,,1.125,0.875,4.5,1.125,1.125,4.2,8.0,1.0,6.0,1.0,1.0,4.0,,,,True,True,UNKNOWN,False,False
2021012819,2023-05-02 18:00:00,埼玉西武ライオンズ,北海道日本ハムファイターズ,1.0,7.0,UNKNOWN,ベルーナドーム,unknown,low,False,False,2000079,1961288,[],[],,,,,0,light,2023-05-02T09:00:00+00:00,,UNKNOWN,,,,UNKNOWN,UNKNOWN,,UNKNOWN,,1.2857142857142858,0.7142857142857143,7.714285714285714,1.2857142857142858,0.0,1.9142857142857144,7.0,1.0,4.0,0.0,1.0,6.0,,,,1.5,0.8333333333333334,4.5,1.5,0.0,2.7,6.0,1.0,4.0,0.0,1.0,3.0,,,,True,True,UNKNOWN,False,False
2021012817,2023-05-02 18:00:00,阪神タイガース,中日ドラゴンズ,1.0,3.0,UNKNOWN,阪神甲子園球場,unknown,low,False,False,1200055,1500090,[],[],,,,,0,light,2023-05-02T09:00:00+00:00,,UNKNOWN,,,,UNKNOWN,UNKNOWN,,UNKNOWN,,1.35,1.05,5.4,2.7,0.0,2.9000000000000004,6.666666666666667,1.0,5.0,0.0,2.0,4.0,,,,4.5,1.3333333333333333,6.0,3.0,0.0,2.8666666666666667,6.0,3.0,6.0,0.0,2.0,4.0,,,,True,True,UNKNOWN,False,False
2021012826,2023-05-03 13:00:00,福岡ソフトバンクホークス,オリックス・バファローズ,4.0,9.0,UNKNOWN,福岡PayPayドーム,unknown,low,False,False,1700109,1100115,[],[],,,,,0,light,2023-05-03T04:00:00+00:00,,UNKNOWN,,,,UNKNOWN,UNKNOWN,,UNKNOWN,,3.0,1.5,7.5,1.5,1.5,4.2,6.0,2.0,8.0,1.0,1.0,5.0,,,,27.0,5.5,13.5,0.0,4.5,6.7,2.0,6.0,11.0,1.0,0.0,3.0,,,,True,True,UNKNOWN,False,False
2021012820,2023-05-02 18:00:00,福岡ソフトバンクホークス,オリックス・バファローズ,0.0,1.0,UNKNOWN,福岡PayPayドーム,unknown,low,False,False,1900087,1900106,[],[],,,,,0,light,2023-05-02T09:00:00+00:00,,UNKNOWN,,,,UNKNOWN,UNKNOWN,,UNKNOWN,,0.0,0.75,9.0,1.125,0.0,1.5750000000000002,8.0,0.0,5.0,0.0,1.0,8.0,,,,1.2857142857142858,1.5714285714285714,5.142857142857143,2.571428571428572,0.0,2.9142857142857146,7.0,1.0,9.0,0.0,2.0,4.0,,,,True,True,UNKNOWN,False,False
2021012822,2023-05-03 14:00:00,横浜DeNAベイスターズ,広島東洋カープ,4.0,1.0,UNKNOWN,横浜スタジアム,excluded,high,False,False,1300058,1460045,[],[],,,,,0,light,2023-05-03T05:00:00+00:00,,UNKNOWN,,,,UNKNOWN,UNKNOWN,,UNKNOWN,,6.75,1.875,3.375,3.375,0.0,3.575,5.333333333333333,4.0,8.0,0.0,2.0,2.0,,,,1.2857142857142858,1.1428571428571428,11.571428571428571,1.2857142857142858,1.2857142857142858,2.9142857142857146,7.0,1.0,7.0,1.0,1.0,9.0,,,,True,True,UNKNOWN,False,False
2021012825,2023-05-03 14:00:00,埼玉西武ライオンズ,北海道日本ハムファイターズ,3.0,1.0,UNKNOWN,ベルーナドーム,unknown,low,False,False,1900073,1700124,[],[],,,,,0,light,2023-05-03T05:00:00+00:00,,UNKNOWN,,,,UNKNOWN,UNKNOWN,,UNKNOWN,,0.0,1.4,1.8,3.6,0.0,4.0,5.0,0.0,5.0,0.0,2.0,1.0,,,,1.2857142857142858,1.2857142857142858,7.714285714285714,1.2857142857142858,0.0,1.9142857142857144,7.0,1.0,8.0,0.0,1.0,6.0,,,,True,True,UNKNOWN,False,False
2021012823,2023-05-03 14:00:00,阪神タイガース,中日ドラゴンズ,8.0,7.0,UNKNOWN,阪神甲子園球場,unknown,low,False,False,500014,900062,[],[],,,,,0,light,2023-05-03T05:00:00+00:00,,UNKNOWN,,,,UNKNOWN,UNKNOWN,,UNKNOWN,,5.4,2.2,9.0,1.8,0.0,1.8000000000000005,5.0,3.0,10.0,0.0,1.0,5.0,,,,27.0,4.5,0.0,4.5,0.0,4.7,2.0,6.0,8.0,0.0,1.0,0.0,,,,True,True,UNKNOWN,False,False
2021012824,2023-05-03 14:00:00,東北楽天ゴールデンイーグルス,千葉ロッテマリーンズ,0.0,2.0,UNKNOWN,楽天モバイルパーク宮城,unknown,low,False,False,1800052,1200117,[],[],,,,,0,light,2023-05-03T05:00:00+00:00,,UNKNOWN,,,,UNKNOWN,UNKNOWN,,UNKNOWN,,0.0,1.1428571428571428,3.857142857142857,5.142857142857143,0.0,4.057142857142857,7.0,0.0,4.0,0.0,4.0,3.0,,,,0.0,0.75,2.25,1.125,0.0,3.075,8.0,0.0,5.0,0.0,1.0,2.0,,,,True,True,UNKNOWN,False,False
2021012821,2023-05-03 18:00:00,読売ジャイアンツ,東京ヤクルトスワローズ,8.0,7.0,UNKNOWN,東京ドーム,unknown,low,False,False,1300045,1800023,[],[],,,,,0,light,2023-05-03T09:00:00+00:00,,UNKNOWN,,,,UNKNOWN,UNKNOWN,,UNKNOWN,,11.25,1.75,2.25,0.0,4.5,9.2,4.0,5.0,7.0,2.0,0.0,1.0,,,,16.200000000000003,3.6000000000000005,5.4,5.4,0.0,3.8,1.6666666666666663,3.0,5.0,0.0,1.0,1.0,,,,True,True,UNKNOWN,False,False
2021012830,2023-05-04 13:00:00,東北楽天ゴールデンイーグルス,千葉ロッテマリーンズ,6.0,0.0,UNKNOWN,楽天モバイルパーク宮城,excluded,high,False,False,1700099,2103736,[],[],,,,,0,light,2023-05-04T04:00:00+00:00,,UNKNOWN,,,,UNKNOWN,UNKNOWN,,UNKNOWN,,5.785714285714286,1.5,9.642857142857142,3.8571428571428568,0.0,2.342857142857143,4.666666666666667,3.0,5.0,0.0,2.0,5.0,,,,0.0,1.0,3.6,3.6,0.0,3.6,5.0,0.0,3.0,0.0,2.0,2.0,,,,True,True,UNKNOWN,False,False
2021012831,2023-05-04 13:00:00,埼玉西武ライオンズ,北海道日本ハムファイターズ,0.0,1.0,UNKNOWN,ベルーナドーム,unknown,low,False,False,1750903,1800080,[],[],,,,,0,light,2023-05-04T04:00:00+00:00,,UNKNOWN,,,,UNKNOWN,UNKNOWN,,UNKNOWN,,0.0,0.3333333333333333,7.5,3.0,0.0,2.5333333333333337,6.0,0.0,0.0,0.0,2.0,5.0,,,,1.2857142857142858,0.8571428571428571,3.857142857142857,0.0,1.2857142857142858,4.2,7.0,1.0,6.0,1.0,0.0,3.0,,,,True,True,UNKNOWN,False,False
2021012827,2023-05-04 14:00:00,読売ジャイアンツ,東京ヤクルトスワローズ,8.0,7.0,UNKNOWN,東京ドーム,unknown,low,False,False,1760587,2000006,[],[],,,,,0,light,2023-05-04T05:00:00+00:00,,UNKNOWN,,,,UNKNOWN,UNKNOWN,,UNKNOWN,,0.0,1.2,5.4,1.8,3.6,7.8,5.0,0.0,5.0,2.0,1.0,3.0,,,,3.0,1.3333333333333333,4.5,1.5,1.5,4.866666666666667,6.0,2.0,7.0,1.0,1.0,3.0,,,,True,True,UNKNOWN,False,False
2021012828,2023-05-04 14:00:00,横浜DeNAベイスターズ,広島東洋カープ,3.0,2.0,UNKNOWN,横浜スタジアム,excluded,high,False,False,1900052,1400110,[],[],,,,,0,light,2023-05-04T05:00:00+00:00,,UNKNOWN,,,,UNKNOWN,UNKNOWN,,UNKNOWN,,3.0,1.0,4.5,1.5,1.5,4.866666666666667,6.0,2.0,5.0,1.0,1.0,3.0,,,,3.6,1.4,5.4,1.8,0.0,2.6,5.0,2.0,6.0,0.0,1.0,3.0,,,,True,True,UNKNOWN,False,False
2021012829,2023-05-04 14:00:00,阪神タイガース,中日ドラゴンズ,3.0,2.0,UNKNOWN,阪神甲子園球場,unknown,low,False,False,1600106,2000052,[],[],,,,,0,light,2023-05-04T05:00:00+00:00,,UNKNOWN,,,,UNKNOWN,UNKNOWN,,UNKNOWN,,2.347826086956521,1.1739130434782608,8.217391304347826,2.347826086956521,0.0,2.1565217391304348,7.666666666666667,2.0,7.0,0.0,2.0,7.0,,,,3.0,1.8333333333333333,1.5,0.0,0.0,2.8666666666666667,6.0,2.0,11.0,0.0,0.0,1.0,,,,True,True,UNKNOWN,False,False
2021012833,2023-05-05 14:00:00,東京ヤクルトスワローズ,横浜DeNAベイスターズ,10.0,9.0,UNKNOWN,明治神宮野球場,unknown,low,False,False,1500061,1500042,[],[],,,,,0,light,2023-05-05T05:00:00+00:00,,UNKNOWN,,,,UNKNOWN,UNKNOWN,,UNKNOWN,,7.2,1.6,9.0,0.0,5.4,9.0,5.0,4.0,8.0,3.0,0.0,5.0,,,,13.5,3.0,4.5,9.0,6.75,14.95,4.0,6.0,8.0,3.0,4.0,2.0,,,,True,True,UNKNOWN,False,False
2021012832,2023-05-04 14:00:00,福岡ソフトバンクホークス,オリックス・バファローズ,8.0,7.0,UNKNOWN,福岡PayPayドーム,excluded,high,False,False,1600114,20204,[],[],,,,,0,light,2023-05-04T05:00:00+00:00,,UNKNOWN,,,,UNKNOWN,UNKNOWN,,UNKNOWN,,9.0,3.0,0.0,18.0,0.0,9.2,2.0,2.0,2.0,0.0,4.0,0.0,,,,4.5,1.75,6.75,0.0,2.25,4.95,4.0,2.0,7.0,1.0,0.0,3.0,,,,True,True,UNKNOWN,False,False
2021012834,2023-05-05 14:00:00,中日ドラゴンズ,読売ジャイアンツ,8.0,3.0,UNKNOWN,バンテリンドーム ナゴヤ,unknown,low,False,False,1800026,1500074,[],[],,,,,0,light,2023-05-05T05:00:00+00:00,,UNKNOWN,,,,UNKNOWN,UNKNOWN,,UNKNOWN,,4.153846153846154,1.6153846153846154,0.0,2.076923076923077,0.0,3.8923076923076927,4.333333333333333,2.0,6.0,0.0,1.0,0.0,,,,6.230769230769231,2.076923076923077,12.461538461538462,4.153846153846154,2.076923076923077,4.815384615384616,4.333333333333333,3.0,7.0,1.0,2.0,6.0,,,,True,True,UNKNOWN,False,False
2021012836,2023-05-05 18:00:00,北海道日本ハムファイターズ,東北楽天ゴールデンイーグルス,5.0,2.0,UNKNOWN,ES CON FIELD HOKKAIDO,unknown,low,False,False,700069,1500110,[],[],,,,,0,light,2023-05-05T09:00:00+00:00,,UNKNOWN,,,,UNKNOWN,UNKNOWN,,UNKNOWN,,1.2857142857142858,1.1428571428571428,5.142857142857143,2.571428571428572,0.0,2.9142857142857146,7.0,1.0,6.0,0.0,2.0,4.0,,,,0.0,1.1428571428571428,6.428571428571429,0.0,0.0,1.7714285714285716,7.0,0.0,8.0,0.0,0.0,5.0,,,,True,True,UNKNOWN,False,False
2021012835,2023-05-05 18:00:00,広島東洋カープ,阪神タイガース,0.0,5.0,UNKNOWN,MAZDA Zoom-Zoom スタジアム広島,unknown,low,False,False,1700137,1700072,[],[],,,,,0,light,2023-05-05T09:00:00+00:00,,UNKNOWN,,,,UNKNOWN,UNKNOWN,,UNKNOWN,,0.0,0.7142857142857143,2.571428571428572,0.0,0.0,2.628571428571429,7.0,0.0,5.0,0.0,0.0,2.0,,,,12.0,1.6666666666666667,6.0,0.0,6.0,10.533333333333331,3.0,4.0,5.0,2.0,0.0,2.0,,,,True,True,UNKNOWN,False,False
2021012837,2023-05-05 18:00:00,千葉ロッテマリーンズ,福岡ソフトバンクホークス,0.0,0.0,UNKNOWN,ZOZOマリンスタジアム,unknown,low,False,False,1300080,1900080,[],[],,,,,0,light,2023-05-05T09:00:00+00:00,,UNKNOWN,,,,UNKNOWN,UNKNOWN,,UNKNOWN,,0.0,1.1428571428571428,10.285714285714286,5.142857142857143,0.0,2.628571428571429,7.0,0.0,4.0,0.0,4.0,8.0,,,,0.0,0.2,21.6,1.8,0.0,-1.0,5.0,0.0,0.0,0.0,1.0,12.0,,,,True,True,UNKNOWN,False,False
2021012840,2023-05-06 14:00:00,中日ドラゴンズ,読売ジャイアンツ,2.0,1.0,UNKNOWN,バンテリンドーム ナゴヤ,unknown,low,False,False,1961407,1200098,[],[],,,,,0,light,2023-05-06T05:00:00+00:00,,UNKNOWN,,,,UNKNOWN,UNKNOWN,,UNKNOWN,,1.2857142857142858,1.1428571428571428,7.714285714285714,2.571428571428572,0.0,2.342857142857143,7.0,1.0,6.0,0.0,2.0,6.0,,,,1.5,0.5,3.0,0.0,0.0,2.5333333333333337,6.0,1.0,3.0,0.0,0.0,2.0,,,,True,True,UNKNOWN,False,False
2021012842,2023-05-06 14:00:00,北海道日本ハムファイターズ,東北楽天ゴールデンイーグルス,0.0,5.0,UNKNOWN,ES CON FIELD HOKKAIDO,unknown,low,False,False,1900117,1100099,[],[],,,,,0,light,2023-05-06T05:00:00+00:00,,UNKNOWN,,,,UNKNOWN,UNKNOWN,,UNKNOWN,,0.0,0.8571428571428571,6.428571428571429,1.2857142857142858,0.0,2.2,7.0,0.0,5.0,0.0,1.0,5.0,,,,5.142857142857143,0.8571428571428571,5.142857142857143,1.2857142857142858,3.857142857142857,8.057142857142857,7.0,4.0,5.0,3.0,1.0,4.0,,,,True,True,UNKNOWN,False,False
2021012838,2023-05-05 18:00:00,オリックス・バファローズ,埼玉西武ライオンズ,6.0,0.0,UNKNOWN,京セラドーム大阪,unknown,low,False,False,1751148,2000096,[],[],,,,,0,light,2023-05-05T09:00:00+00:00,,UNKNOWN,,,,UNKNOWN,UNKNOWN,,UNKNOWN,,11.571428571428571,2.357142857142857,11.571428571428571,1.9285714285714284,0.0,1.2714285714285718,4.666666666666667,6.0,10.0,0.0,1.0,6.0,,,,0.0,1.0,10.285714285714286,1.2857142857142858,0.0,1.342857142857143,7.0,0.0,6.0,0.0,1.0,8.0,,,,True,True,UNKNOWN,False,False
2021012843,2023-05-06 14:00:00,千葉ロッテマリーンズ,福岡ソフトバンクホークス,3.0,6.0,UNKNOWN,ZOZOマリンスタジアム,unknown,low,False,False,1200106,1700002,[],[],,,,,0,light,2023-05-06T05:00:00+00:00,,UNKNOWN,,,,UNKNOWN,UNKNOWN,,UNKNOWN,,3.375,1.375,7.875,1.125,0.0,1.825,8.0,3.0,10.0,0.0,1.0,7.0,,,,1.588235294117647,1.2352941176470589,6.352941176470588,3.176470588235294,1.588235294117647,5.141176470588236,5.666666666666667,1.0,5.0,1.0,2.0,4.0,,,,True,True,UNKNOWN,False,False
2021012839,2023-05-06 18:00:00,東京ヤクルトスワローズ,横浜DeNAベイスターズ,7.0,17.0,UNKNOWN,明治神宮野球場,unknown,low,False,False,1600081,1200076,[],[],,,,,0,light,2023-05-06T09:00:00+00:00,,UNKNOWN,,,,UNKNOWN,UNKNOWN,,UNKNOWN,,13.5,3.0,13.5,10.125,0.0,3.575,2.6666666666666665,4.0,5.0,0.0,3.0,4.0,,,,18.0,2.5,6.75,4.5,9.0,16.2,4.0,8.0,8.0,4.0,2.0,3.0,,,,True,True,UNKNOWN,False,False
2021012844,2023-05-06 14:00:00,オリックス・バファローズ,埼玉西武ライオンズ,4.0,3.0,UNKNOWN,京セラドーム大阪,unknown,low,False,False,1400182,1600153,[],[],,,,,0,light,2023-05-06T05:00:00+00:00,,UNKNOWN,,,,UNKNOWN,UNKNOWN,,UNKNOWN,,1.5,1.3333333333333333,7.5,4.5,0.0,3.0333333333333337,6.0,1.0,5.0,0.0,3.0,5.0,,,,2.571428571428572,1.2857142857142858,7.714285714285714,2.571428571428572,1.2857142857142858,4.2,7.0,2.0,7.0,1.0,2.0,6.0,,,,True,True,UNKNOWN,False,False
2021012850,2023-05-07 13:00:00,オリックス・バファローズ,埼玉西武ライオンズ,4.0,5.0,UNKNOWN,京セラドーム大阪,unknown,low,False,False,1700125,1600150,[],[],,,,,0,light,2023-05-07T04:00:00+00:00,,UNKNOWN,,,,UNKNOWN,UNKNOWN,,UNKNOWN,,5.4,1.2,1.8,0.0,1.8,5.4,5.0,3.0,6.0,1.0,0.0,1.0,,,,4.5,1.3333333333333333,6.0,4.5,0.0,3.3666666666666667,6.0,3.0,5.0,0.0,3.0,4.0,,,,True,True,UNKNOWN,False,False
2021012848,2023-05-07 13:00:00,北海道日本ハムファイターズ,東北楽天ゴールデンイーグルス,3.0,2.0,UNKNOWN,ES CON FIELD HOKKAIDO,unknown,low,False,False,2106793,1961437,[],[],,,,,0,light,2023-05-07T04:00:00+00:00,,UNKNOWN,,,,UNKNOWN,UNKNOWN,,UNKNOWN,,1.5,0.8333333333333334,7.5,3.0,0.0,2.5333333333333337,6.0,1.0,3.0,0.0,2.0,5.0,,,,0.0,1.0,1.5,3.0,0.0,3.8666666666666663,6.0,0.0,4.0,0.0,2.0,1.0,,,,True,True,UNKNOWN,False,False
2021012846,2023-05-07 14:00:00,中日ドラゴンズ,読売ジャイアンツ,2.0,1.0,UNKNOWN,バンテリンドーム ナゴヤ,excluded,high,False,False,2103689,2000042,[],[],,,,,0,light,2023-05-07T05:00:00+00:00,,UNKNOWN,,,,UNKNOWN,UNKNOWN,,UNKNOWN,,1.35,1.05,6.75,0.0,0.0,1.7000000000000002,6.666666666666667,1.0,7.0,0.0,0.0,5.0,,,,1.2857142857142858,0.7142857142857143,10.285714285714286,2.571428571428572,1.2857142857142858,3.628571428571429,7.0,1.0,3.0,1.0,2.0,8.0,,,,True,True,UNKNOWN,False,False
2021012853,2023-05-09 18:00:00,阪神タイガース,東京ヤクルトスワローズ,0.0,1.0,UNKNOWN,阪神甲子園球場,unknown,low,False,False,2103794,2000055,[],[],,,,,0,light,2023-05-09T09:00:00+00:00,,UNKNOWN,,,,UNKNOWN,UNKNOWN,,UNKNOWN,,0.0,0.8333333333333334,9.0,6.0,0.0,3.2,6.0,0.0,1.0,0.0,4.0,6.0,,,,1.2857142857142858,0.8571428571428571,10.285714285714286,1.2857142857142858,1.2857142857142858,3.2,7.0,1.0,5.0,1.0,1.0,8.0,,,,True,True,UNKNOWN,False,False
2021012851,2023-05-09 18:00:00,横浜DeNAベイスターズ,読売ジャイアンツ,2.0,9.0,UNKNOWN,HARD OFF ECOスタジアム新潟,unknown,low,False,False,1800028,1460045,[],[],,,,,0,light,2023-05-09T09:00:00+00:00,,UNKNOWN,,,,UNKNOWN,UNKNOWN,,UNKNOWN,,1.0,0.8888888888888888,6.0,2.0,1.0,3.977777777777778,9.0,1.0,6.0,1.0,2.0,6.0,,,,9.0,1.8333333333333333,12.0,0.0,4.5,7.033333333333333,6.0,6.0,11.0,3.0,0.0,8.0,,,,True,True,UNKNOWN,False,False
2021012852,2023-05-09 18:00:00,中日ドラゴンズ,広島東洋カープ,0.0,1.0,UNKNOWN,長良川球場,unknown,low,False,False,1600123,1200055,[],[],,,,,0,light,2023-05-09T09:00:00+00:00,,UNKNOWN,,,,UNKNOWN,UNKNOWN,,UNKNOWN,,0.0,1.1428571428571428,3.857142857142857,1.2857142857142858,0.0,2.771428571428572,7.0,0.0,7.0,0.0,1.0,3.0,,,,0.0,1.5,10.5,0.0,0.0,0.8666666666666667,6.0,0.0,9.0,0.0,0.0,7.0,,,,True,True,UNKNOWN,False,False
2021012855,2023-05-09 18:00:00,埼玉西武ライオンズ,千葉ロッテマリーンズ,2.0,6.0,UNKNOWN,ベルーナドーム,unknown,low,False,False,1600146,1600127,[],[],,,,,0,light,2023-05-09T09:00:00+00:00,,UNKNOWN,,,,UNKNOWN,UNKNOWN,,UNKNOWN,,2.571428571428572,0.8571428571428571,7.714285714285714,0.0,2.571428571428572,5.2,7.0,2.0,6.0,2.0,0.0,6.0,,,,8.1,1.5,8.1,1.35,2.7,5.75,6.666666666666667,6.0,9.0,2.0,1.0,6.0,,,,True,True,UNKNOWN,False,False
2021012856,2023-05-09 18:00:00,福岡ソフトバンクホークス,北海道日本ハムファイターズ,1.0,0.0,UNKNOWN,リブワーク藤崎台球場,unknown,low,False,False,2000079,1900106,[],[],,,,,0,light,2023-05-09T09:00:00+00:00,,UNKNOWN,,,,UNKNOWN,UNKNOWN,,UNKNOWN,,0.0,1.1428571428571428,6.428571428571429,1.2857142857142858,0.0,2.2,7.0,0.0,7.0,0.0,1.0,5.0,,,,0.0,0.3333333333333333,13.0,2.0,0.0,0.977777777777778,9.0,0.0,1.0,0.0,2.0,13.0,,,,True,True,UNKNOWN,False,False
2021012854,2023-05-09 18:00:00,東北楽天ゴールデンイーグルス,オリックス・バファローズ,0.0,2.0,UNKNOWN,楽天モバイルパーク宮城,unknown,low,False,False,1900087,2000121,[],[],,,,,0,light,2023-05-09T09:00:00+00:00,,UNKNOWN,,,,UNKNOWN,UNKNOWN,,UNKNOWN,,0.0,0.5555555555555556,6.0,1.0,0.0,2.2,9.0,0.0,4.0,0.0,1.0,6.0,,,,2.25,0.625,7.875,0.0,2.25,4.7,8.0,2.0,5.0,2.0,0.0,7.0,,,,True,True,UNKNOWN,False,False
2021012859,2023-05-10 14:00:00,東北楽天ゴールデンイーグルス,オリックス・バファローズ,2.0,8.0,UNKNOWN,楽天モバイルパーク宮城,unknown,low,False,False,1700109,700065,[],[],,,,,0,light,2023-05-10T05:00:00+00:00,,UNKNOWN,,,,UNKNOWN,UNKNOWN,,UNKNOWN,,2.16,0.72,7.56,0.0,1.0799999999999998,3.08,8.333333333333334,2.0,6.0,1.0,0.0,7.0,,,,11.571428571428571,3.4285714285714284,7.7142857142857135,0.0,0.0,1.485714285714286,2.333333333333333,3.0,8.0,0.0,0.0,2.0,,,,True,True,UNKNOWN,False,False
2021012857,2023-05-10 18:00:00,中日ドラゴンズ,広島東洋カープ,0.0,4.0,UNKNOWN,バンテリンドーム ナゴヤ,unknown,low,False,False,1300058,500014,[],[],,,,,0,light,2023-05-10T09:00:00+00:00,,UNKNOWN,,,,UNKNOWN,UNKNOWN,,UNKNOWN,,0.0,0.6666666666666666,5.0,2.0,0.0,2.7555555555555555,9.0,0.0,4.0,0.0,2.0,5.0,,,,5.4,1.8,9.0,0.0,0.0,1.2000000000000002,5.0,3.0,9.0,0.0,0.0,5.0,,,,True,True,UNKNOWN,False,False
2021012858,2023-05-10 18:00:00,阪神タイガース,東京ヤクルトスワローズ,0.0,5.0,UNKNOWN,阪神甲子園球場,unknown,low,False,False,12113,900062,[],[],,,,,0,light,2023-05-10T09:00:00+00:00,,UNKNOWN,,,,UNKNOWN,UNKNOWN,,UNKNOWN,,0.0,0.75,3.375,0.0,0.0,2.45,5.333333333333333,0.0,4.0,0.0,0.0,2.0,,,,4.05,1.2,5.4,2.7,0.0,2.9000000000000004,6.666666666666667,3.0,6.0,0.0,2.0,4.0,,,,True,True,UNKNOWN,False,False
2021012860,2023-05-10 18:00:00,埼玉西武ライオンズ,千葉ロッテマリーンズ,2.0,3.0,UNKNOWN,ベルーナドーム,unknown,low,False,False,1800052,1961288,[],[],,,,,0,light,2023-05-10T09:00:00+00:00,,UNKNOWN,,,,UNKNOWN,UNKNOWN,,UNKNOWN,,2.571428571428572,0.5714285714285714,6.428571428571429,1.2857142857142858,1.2857142857142858,4.057142857142857,7.0,2.0,3.0,1.0,1.0,5.0,,,,3.6,1.6,5.4,7.2,0.0,4.4,5.0,2.0,4.0,0.0,4.0,3.0,,,,True,True,UNKNOWN,False,False
2021012865,2023-05-11 14:00:00,東北楽天ゴールデンイーグルス,オリックス・バファローズ,7.0,3.0,UNKNOWN,楽天モバイルパーク宮城,unknown,low,False,False,1600151,1200117,[],[],,,,,0,light,2023-05-11T05:00:00+00:00,,UNKNOWN,,,,UNKNOWN,UNKNOWN,,UNKNOWN,,3.0,2.333333333333333,9.0,9.0,3.0,8.533333333333333,3.0,1.0,4.0,1.0,3.0,3.0,,,,3.857142857142857,1.1428571428571428,2.571428571428572,1.2857142857142858,0.0,3.0571428571428574,7.0,3.0,7.0,0.0,1.0,2.0,,,,True,True,UNKNOWN,False,False
2021012861,2023-05-10 18:00:00,福岡ソフトバンクホークス,北海道日本ハムファイターズ,3.0,6.0,UNKNOWN,福岡PayPayドーム,unknown,low,False,False,1900073,1300077,[],[],,,,,0,light,2023-05-10T09:00:00+00:00,,UNKNOWN,,,,UNKNOWN,UNKNOWN,,UNKNOWN,,4.153846153846154,1.3846153846153848,12.461538461538462,6.230769230769231,0.0,2.507692307692308,4.333333333333333,2.0,3.0,0.0,3.0,6.0,,,,1.8,1.0,10.8,3.6,1.8,4.6,5.0,1.0,3.0,1.0,2.0,6.0,,,,True,True,UNKNOWN,False,False
2021012862,2023-05-11 18:00:00,横浜DeNAベイスターズ,読売ジャイアンツ,1.0,4.0,UNKNOWN,横浜スタジアム,unknown,low,False,False,2000006,1700058,[],[],,,,,0,light,2023-05-11T09:00:00+00:00,,UNKNOWN,,,,UNKNOWN,UNKNOWN,,UNKNOWN,,1.4210526315789471,1.105263157894737,9.947368421052632,2.8421052631578947,1.4210526315789471,3.989473684210527,6.333333333333333,1.0,5.0,1.0,2.0,7.0,,,,7.2,2.2,5.4,1.8,0.0,2.6,5.0,4.0,10.0,0.0,1.0,3.0,,,,True,True,UNKNOWN,False,False
2021012866,2023-05-11 18:00:00,埼玉西武ライオンズ,千葉ロッテマリーンズ,0.0,3.0,UNKNOWN,ベルーナドーム,unknown,low,False,False,900081,1700124,[],[],,,,,0,light,2023-05-11T09:00:00+00:00,,UNKNOWN,,,,UNKNOWN,UNKNOWN,,UNKNOWN,,0.0,1.3333333333333333,10.5,0.0,0.0,0.8666666666666667,6.0,0.0,8.0,0.0,0.0,7.0,,,,3.0,1.3333333333333333,9.0,0.0,0.0,1.2000000000000002,6.0,2.0,8.0,0.0,0.0,6.0,,,,True,True,UNKNOWN,False,False
2021012864,2023-05-11 18:00:00,阪神タイガース,東京ヤクルトスワローズ,2.0,1.0,UNKNOWN,阪神甲子園球場,unknown,low,False,False,2000139,2000052,[],[],,,,,0,light,2023-05-11T09:00:00+00:00,,UNKNOWN,,,,UNKNOWN,UNKNOWN,,UNKNOWN,,1.8,2.0,7.2,7.2,0.0,4.0,5.0,1.0,6.0,0.0,4.0,4.0,,,,1.2857142857142858,1.0,9.0,1.2857142857142858,0.0,1.6285714285714288,7.0,1.0,6.0,0.0,1.0,7.0,,,,True,True,UNKNOWN,False,False
2021012867,2023-05-11 18:00:00,福岡ソフトバンクホークス,北海道日本ハムファイターズ,6.0,3.0,UNKNOWN,福岡PayPayドーム,unknown,low,False,False,1750903,1400176,[],[],,,,,0,light,2023-05-11T09:00:00+00:00,,UNKNOWN,,,,UNKNOWN,UNKNOWN,,UNKNOWN,,5.785714285714286,1.2857142857142856,13.5,7.7142857142857135,1.9285714285714284,5.557142857142857,4.666666666666667,3.0,2.0,1.0,4.0,7.0,,,,1.5,1.1666666666666667,9.0,4.5,0.0,2.7,6.0,1.0,4.0,0.0,3.0,6.0,,,,True,True,UNKNOWN,False,False
2021012863,2023-05-11 18:00:00,中日ドラゴンズ,広島東洋カープ,2.0,3.0,UNKNOWN,バンテリンドーム ナゴヤ,unknown,low,False,False,1900134,1600106,[],[],,,,,0,light,2023-05-11T09:00:00+00:00,,UNKNOWN,,,,UNKNOWN,UNKNOWN,,UNKNOWN,,3.0,1.3333333333333333,3.0,1.5,0.0,3.0333333333333337,6.0,2.0,7.0,0.0,1.0,2.0,,,,3.6,2.0,3.6,5.4,0.0,4.2,5.0,2.0,7.0,0.0,3.0,2.0,,,,True,True,UNKNOWN,False,False
2021012868,2023-05-12 18:00:00,読売ジャイアンツ,広島東洋カープ,4.0,9.0,UNKNOWN,東京ドーム,unknown,low,False,False,1300057,1800026,[],[],,,,,0,light,2023-05-12T09:00:00+00:00,,UNKNOWN,,,,UNKNOWN,UNKNOWN,,UNKNOWN,,2.571428571428572,0.8571428571428571,9.0,1.2857142857142858,1.2857142857142858,3.4857142857142858,7.0,2.0,5.0,1.0,1.0,7.0,,,,1.5,1.3333333333333333,9.0,4.5,1.5,4.866666666666667,6.0,1.0,5.0,1.0,3.0,6.0,,,,True,True,UNKNOWN,False,False
2021012869,2023-05-12 18:00:00,東京ヤクルトスワローズ,中日ドラゴンズ,1.0,7.0,UNKNOWN,明治神宮野球場,unknown,low,False,False,1500074,1300045,[],[],,,,,0,light,2023-05-12T09:00:00+00:00,,UNKNOWN,,,,UNKNOWN,UNKNOWN,,UNKNOWN,,0.0,1.0,10.285714285714286,1.2857142857142858,0.0,1.342857142857143,7.0,0.0,6.0,0.0,1.0,8.0,,,,5.4,1.2,5.4,1.8,1.8,5.2,5.0,3.0,5.0,1.0,1.0,3.0,,,,True,True,UNKNOWN,False,False
2021012870,2023-05-12 18:00:00,阪神タイガース,横浜DeNAベイスターズ,6.0,3.0,UNKNOWN,阪神甲子園球場,unknown,low,False,False,1500061,1500090,[],[],,,,,0,light,2023-05-12T09:00:00+00:00,,UNKNOWN,,,,UNKNOWN,UNKNOWN,,UNKNOWN,,11.25,2.0,15.75,2.25,2.25,3.7,4.0,5.0,7.0,1.0,1.0,7.0,,,,3.681818181818182,1.2272727272727273,7.363636363636364,2.4545454545454546,0.0,2.381818181818182,7.333333333333333,3.0,7.0,0.0,2.0,6.0,,,,True,True,UNKNOWN,False,False
2021012871,2023-05-12 18:00:00,埼玉西武ライオンズ,東北楽天ゴールデンイーグルス,4.0,4.0,UNKNOWN,ベルーナドーム,unknown,low,False,False,700069,1800080,[],[],,,,,0,light,2023-05-12T09:00:00+00:00,,UNKNOWN,,,,UNKNOWN,UNKNOWN,,UNKNOWN,,7.2,1.0,1.8,0.0,3.6,8.0,5.0,4.0,5.0,2.0,0.0,1.0,,,,4.5,1.75,11.25,6.75,2.25,6.2,4.0,2.0,4.0,1.0,3.0,5.0,,,,True,True,UNKNOWN,False,False
2021012872,2023-05-12 18:00:00,オリックス・バファローズ,福岡ソフトバンクホークス,3.0,4.0,UNKNOWN,京セラドーム大阪,unknown,low,False,False,1300080,1400195,[],[],,,,,0,light,2023-05-12T09:00:00+00:00,,UNKNOWN,,,,UNKNOWN,UNKNOWN,,UNKNOWN,,3.6,1.6,12.6,5.4,0.0,2.2,5.0,2.0,5.0,0.0,3.0,7.0,,,,7.7142857142857135,1.2857142857142856,7.7142857142857135,3.8571428571428568,1.9285714285714284,5.557142857142857,4.666666666666667,4.0,4.0,1.0,2.0,4.0,,,,True,True,UNKNOWN,False,False
2021012875,2023-05-13 14:00:00,阪神タイガース,横浜DeNAベイスターズ,7.0,2.0,UNKNOWN,阪神甲子園球場,unknown,low,False,False,1660377,1700137,[],[],,,,,0,light,2023-05-13T05:00:00+00:00,,UNKNOWN,,,,UNKNOWN,UNKNOWN,,UNKNOWN,,9.818181818181818,1.9090909090909087,4.909090909090909,12.272727272727272,0.0,6.2,3.6666666666666665,4.0,2.0,0.0,5.0,2.0,,,,1.5,0.8333333333333334,6.0,1.5,0.0,2.3666666666666667,6.0,1.0,4.0,0.0,1.0,4.0,,,,True,True,UNKNOWN,False,False
2021012873,2023-05-13 14:00:00,読売ジャイアンツ,広島東洋カープ,5.0,4.0,UNKNOWN,東京ドーム,unknown,low,False,False,1900052,1961407,[],[],,,,,0,light,2023-05-13T05:00:00+00:00,,UNKNOWN,,,,UNKNOWN,UNKNOWN,,UNKNOWN,,3.0,1.3333333333333333,10.5,3.0,1.5,4.033333333333333,6.0,2.0,6.0,1.0,2.0,7.0,,,,1.2857142857142858,0.7142857142857143,11.571428571428571,1.2857142857142858,0.0,1.0571428571428574,7.0,1.0,4.0,0.0,1.0,9.0,,,,True,True,UNKNOWN,False,False
2021012876,2023-05-13 14:00:00,北海道日本ハムファイターズ,千葉ロッテマリーンズ,5.0,0.0,UNKNOWN,ES CON FIELD HOKKAIDO,unknown,low,False,False,1700099,1500110,[],[],,,,,0,light,2023-05-13T05:00:00+00:00,,UNKNOWN,,,,UNKNOWN,UNKNOWN,,UNKNOWN,,11.25,2.5,9.0,2.25,2.25,5.2,4.0,5.0,9.0,1.0,1.0,4.0,,,,0.0,0.4444444444444444,5.0,0.0,0.0,2.088888888888889,9.0,0.0,4.0,0.0,0.0,5.0,,,,True,True,UNKNOWN,False,False
2021012877,2023-05-13 14:00:00,埼玉西武ライオンズ,東北楽天ゴールデンイーグルス,7.0,4.0,UNKNOWN,ベルーナドーム,unknown,low,False,False,1600092,1400182,[],[],,,,,0,light,2023-05-13T05:00:00+00:00,,UNKNOWN,,,,UNKNOWN,UNKNOWN,,UNKNOWN,,5.785714285714286,1.9285714285714284,9.642857142857142,7.7142857142857135,0.0,3.628571428571429,4.666666666666667,3.0,5.0,0.0,4.0,5.0,,,,2.571428571428572,1.4285714285714286,7.714285714285714,5.142857142857143,0.0,3.2,7.0,2.0,6.0,0.0,4.0,6.0,,,,True,True,UNKNOWN,False,False
2021012878,2023-05-13 18:00:00,オリックス・バファローズ,福岡ソフトバンクホークス,8.0,3.0,UNKNOWN,京セラドーム大阪,unknown,low,False,False,1200106,1600153,[],[],,,,,0,light,2023-05-13T09:00:00+00:00,,UNKNOWN,,,,UNKNOWN,UNKNOWN,,UNKNOWN,,7.941176470588235,1.9411764705882355,3.176470588235294,3.176470588235294,0.0,3.5529411764705885,5.666666666666667,5.0,9.0,0.0,2.0,2.0,,,,4.5,1.1666666666666667,12.0,3.0,0.0,1.5333333333333334,6.0,3.0,5.0,0.0,2.0,8.0,,,,True,True,UNKNOWN,False,False
2021012874,2023-05-13 18:00:00,東京ヤクルトスワローズ,中日ドラゴンズ,4.0,1.0,UNKNOWN,明治神宮野球場,excluded,high,False,False,2107860,1760587,[],[],,,,,0,light,2023-05-13T09:00:00+00:00,,UNKNOWN,,,,UNKNOWN,UNKNOWN,,UNKNOWN,,18.0,2.0,18.0,0.0,9.0,12.2,1.0,2.0,2.0,1.0,0.0,2.0,,,,0.0,1.0,4.5,0.0,0.0,2.2,6.0,0.0,6.0,0.0,0.0,3.0,,,,True,True,UNKNOWN,False,False
2021012882,2023-05-14 13:00:00,北海道日本ハムファイターズ,千葉ロッテマリーンズ,2.0,5.0,UNKNOWN,ES CON FIELD HOKKAIDO,unknown,low,False,False,1700002,1961437,[],[],,,,,0,light,2023-05-14T04:00:00+00:00,,UNKNOWN,,,,UNKNOWN,UNKNOWN,,UNKNOWN,,0.0,0.8333333333333334,4.5,1.5,0.0,2.7,6.0,0.0,4.0,0.0,1.0,3.0,,,,7.363636363636364,1.6363636363636365,4.909090909090909,0.0,0.0,2.1090909090909093,3.6666666666666665,3.0,6.0,0.0,0.0,2.0,,,,True,True,UNKNOWN,False,False
2021012879,2023-05-14 14:00:00,読売ジャイアンツ,広島東洋カープ,2.0,7.0,UNKNOWN,東京ドーム,unknown,low,False,False,1860147,2103689,[],[],,,,,0,light,2023-05-14T05:00:00+00:00,,UNKNOWN,,,,UNKNOWN,UNKNOWN,,UNKNOWN,,0.0,0.5714285714285714,6.428571428571429,3.857142857142857,0.0,3.0571428571428574,7.0,0.0,1.0,0.0,3.0,5.0,,,,5.4,1.35,10.8,4.05,1.35,4.1,6.666666666666667,4.0,6.0,1.0,3.0,8.0,,,,True,True,UNKNOWN,False,False
2021012884,2023-05-14 13:00:00,オリックス・バファローズ,福岡ソフトバンクホークス,3.0,3.0,UNKNOWN,京セラドーム大阪,unknown,low,False,False,1900147,2000096,[],[],,,,,0,light,2023-05-14T04:00:00+00:00,,UNKNOWN,,,,UNKNOWN,UNKNOWN,,UNKNOWN,,2.8421052631578947,1.105263157894737,5.684210526315789,1.4210526315789471,1.4210526315789471,4.463157894736843,6.333333333333333,2.0,6.0,1.0,1.0,4.0,,,,5.0625,1.5,6.75,3.375,1.6875,5.2625,5.333333333333333,3.0,6.0,1.0,2.0,4.0,,,,True,True,UNKNOWN,False,False
2021012883,2023-05-14 14:00:00,埼玉西武ライオンズ,東北楽天ゴールデンイーグルス,0.0,5.0,UNKNOWN,ベルーナドーム,unknown,low,False,False,1900117,1751148,[],[],,,,,0,light,2023-05-14T05:00:00+00:00,,UNKNOWN,,,,UNKNOWN,UNKNOWN,,UNKNOWN,,0.0,0.48,9.72,3.24,0.0,2.12,8.333333333333334,0.0,1.0,0.0,3.0,9.0,,,,4.2631578947368425,0.9473684210526316,12.789473684210527,1.4210526315789471,1.4210526315789471,2.8842105263157896,6.333333333333333,3.0,5.0,1.0,1.0,9.0,,,,True,True,UNKNOWN,False,False
2021012881,2023-05-14 14:00:00,阪神タイガース,横浜DeNAベイスターズ,15.0,7.0,UNKNOWN,阪神甲子園球場,unknown,low,False,False,1300031,1900044,[],[],,,,,0,light,2023-05-14T05:00:00+00:00,,UNKNOWN,,,,UNKNOWN,UNKNOWN,,UNKNOWN,,16.2,2.7,5.4,2.7,2.7,6.8,3.333333333333333,6.0,8.0,1.0,1.0,2.0,,,,5.4,2.4,5.4,1.8,3.6,7.8,5.0,3.0,11.0,2.0,1.0,3.0,,,,True,True,UNKNOWN,False,False
2021012880,2023-05-14 18:00:00,東京ヤクルトスワローズ,中日ドラゴンズ,8.0,5.0,UNKNOWN,明治神宮野球場,unknown,low,False,False,2000042,1200076,[],[],,,,,0,light,2023-05-14T09:00:00+00:00,,UNKNOWN,,,,UNKNOWN,UNKNOWN,,UNKNOWN,,3.6,1.0,12.6,1.8,0.0,1.0,5.0,2.0,4.0,0.0,1.0,7.0,,,,6.428571428571429,0.8571428571428571,5.142857142857143,1.2857142857142858,1.2857142857142858,4.342857142857143,7.0,5.0,5.0,1.0,1.0,4.0,,,,True,True,UNKNOWN,False,False
2021012885,2023-05-16 18:00:00,東京ヤクルトスワローズ,読売ジャイアンツ,8.0,9.0,UNKNOWN,草薙総合運動場野球場,unknown,low,False,False,1800028,2103794,[],[],,,,,0,light,2023-05-16T09:00:00+00:00,,UNKNOWN,,,,UNKNOWN,UNKNOWN,,UNKNOWN,,7.941176470588235,1.4117647058823528,7.941176470588235,4.764705882352941,1.588235294117647,5.31764705882353,5.666666666666667,5.0,5.0,1.0,3.0,5.0,,,,12.0,3.0,9.0,0.0,3.0,5.533333333333333,3.0,4.0,9.0,1.0,0.0,3.0,,,,True,True,UNKNOWN,False,False
2021012886,2023-05-16 18:00:00,横浜DeNAベイスターズ,広島東洋カープ,5.0,7.0,UNKNOWN,横浜スタジアム,unknown,low,False,False,1600123,1460045,[],[],,,,,0,light,2023-05-16T09:00:00+00:00,,UNKNOWN,,,,UNKNOWN,UNKNOWN,,UNKNOWN,,3.857142857142857,1.1428571428571428,6.428571428571429,0.0,2.571428571428572,5.485714285714286,7.0,3.0,8.0,2.0,0.0,5.0,,,,31.5,4.5,4.5,4.5,4.5,10.2,2.0,7.0,8.0,1.0,1.0,1.0,,,,True,True,UNKNOWN,False,False
2021012887,2023-05-16 18:00:00,中日ドラゴンズ,阪神タイガース,4.0,9.0,UNKNOWN,豊橋市民球場,unknown,low,False,False,2000055,1200055,[],[],,,,,0,light,2023-05-16T09:00:00+00:00,,UNKNOWN,,,,UNKNOWN,UNKNOWN,,UNKNOWN,,7.2,1.6,12.6,1.8,1.8,3.6,5.0,4.0,7.0,1.0,1.0,7.0,,,,9.0,2.4,7.2,1.8,0.0,2.2,5.0,5.0,11.0,0.0,1.0,4.0,,,,True,True,UNKNOWN,False,False
2021012888,2023-05-16 18:00:00,北海道日本ハムファイターズ,埼玉西武ライオンズ,2.0,4.0,UNKNOWN,ES CON FIELD HOKKAIDO,unknown,low,False,False,1600127,1900073,[],[],,,,,0,light,2023-05-16T09:00:00+00:00,,UNKNOWN,,,,UNKNOWN,UNKNOWN,,UNKNOWN,,2.25,0.75,10.125,3.375,1.125,3.7,8.0,2.0,3.0,1.0,3.0,9.0,,,,0.0,1.5,3.8571428571428568,7.7142857142857135,0.0,4.914285714285715,4.666666666666667,0.0,3.0,0.0,4.0,2.0,,,,True,True,UNKNOWN,False,False
2021012890,2023-05-16 18:00:00,千葉ロッテマリーンズ,オリックス・バファローズ,1.0,1.0,UNKNOWN,ZOZOマリンスタジアム,unknown,low,False,False,1900087,1600146,[],[],,,,,0,light,2023-05-16T09:00:00+00:00,,UNKNOWN,,,,UNKNOWN,UNKNOWN,,UNKNOWN,,1.2857142857142858,0.8571428571428571,7.714285714285714,1.2857142857142858,0.0,1.9142857142857144,7.0,1.0,5.0,0.0,1.0,6.0,,,,1.0,0.5555555555555556,9.0,2.0,1.0,3.311111111111112,9.0,1.0,3.0,1.0,2.0,9.0,,,,True,True,UNKNOWN,False,False
2021012889,2023-05-16 18:00:00,東北楽天ゴールデンイーグルス,福岡ソフトバンクホークス,3.0,0.0,UNKNOWN,きたぎんボールパーク,unknown,low,False,False,1900106,2000121,[],[],,,,,0,light,2023-05-16T09:00:00+00:00,,UNKNOWN,,,,UNKNOWN,UNKNOWN,,UNKNOWN,,3.375,0.625,5.625,1.125,3.375,7.2,8.0,3.0,4.0,3.0,1.0,5.0,,,,0.0,1.1428571428571428,6.428571428571429,1.2857142857142858,0.0,2.2,7.0,0.0,7.0,0.0,1.0,5.0,,,,True,True,UNKNOWN,False,False
2021012892,2023-05-17 18:00:00,横浜DeNAベイスターズ,広島東洋カープ,7.0,4.0,UNKNOWN,横浜スタジアム,unknown,low,False,False,1300058,1400110,[],[],,,,,0,light,2023-05-17T09:00:00+00:00,,UNKNOWN,,,,UNKNOWN,UNKNOWN,,UNKNOWN,,7.363636363636364,1.2272727272727273,2.4545454545454546,1.2272727272727273,3.681818181818182,8.381818181818183,7.333333333333333,6.0,8.0,3.0,1.0,2.0,,,,7.2,1.6,9.0,1.8,0.0,1.8000000000000005,5.0,4.0,7.0,0.0,1.0,5.0,,,,True,True,UNKNOWN,False,False
2021012891,2023-05-17 18:00:00,東京ヤクルトスワローズ,読売ジャイアンツ,4.0,5.0,UNKNOWN,明治神宮野球場,unknown,low,False,False,2000006,1800035,[],[],,,,,0,light,2023-05-17T09:00:00+00:00,,UNKNOWN,,,,UNKNOWN,UNKNOWN,,UNKNOWN,,1.2857142857142858,0.8571428571428571,9.0,1.2857142857142858,0.0,1.6285714285714288,7.0,1.0,5.0,0.0,1.0,7.0,,,,7.7142857142857135,1.2857142857142856,3.8571428571428568,0.0,1.9285714285714284,5.128571428571428,4.666666666666667,4.0,6.0,1.0,0.0,2.0,,,,True,True,UNKNOWN,False,False
2021012893,2023-05-17 18:00:00,中日ドラゴンズ,阪神タイガース,1.0,3.0,UNKNOWN,バンテリンドーム ナゴヤ,unknown,low,False,False,900062,500014,[],[],,,,,0,light,2023-05-17T09:00:00+00:00,,UNKNOWN,,,,UNKNOWN,UNKNOWN,,UNKNOWN,,1.2857142857142858,0.8571428571428571,5.142857142857143,1.2857142857142858,1.2857142857142858,4.342857142857143,7.0,1.0,5.0,1.0,1.0,4.0,,,,4.5,1.5,6.0,6.0,0.0,3.8666666666666663,6.0,3.0,5.0,0.0,4.0,4.0,,,,True,True,UNKNOWN,False,False
2021012896,2023-05-17 18:00:00,千葉ロッテマリーンズ,オリックス・バファローズ,7.0,3.0,UNKNOWN,ZOZOマリンスタジアム,unknown,low,False,False,1700109,1800052,[],[],,,,,0,light,2023-05-17T09:00:00+00:00,,UNKNOWN,,,,UNKNOWN,UNKNOWN,,UNKNOWN,,9.642857142857142,1.9285714285714284,1.9285714285714284,3.8571428571428568,0.0,4.057142857142857,4.666666666666667,5.0,7.0,0.0,2.0,1.0,,,,2.25,0.875,4.5,1.125,1.125,4.2,8.0,2.0,6.0,1.0,1.0,4.0,,,,True,True,UNKNOWN,False,False
2021012895,2023-05-17 18:00:00,東北楽天ゴールデンイーグルス,福岡ソフトバンクホークス,1.0,10.0,UNKNOWN,きらやかスタジアム,regular,high,True,True,20204,2106793,[],[],,,,,0,light,2023-05-17T09:00:00+00:00,,UNKNOWN,,,,UNKNOWN,UNKNOWN,,UNKNOWN,,1.5,0.6666666666666666,6.0,1.5,0.0,2.3666666666666667,6.0,1.0,3.0,0.0,1.0,4.0,,,,4.05,1.05,6.75,2.7,0.0,2.6,6.666666666666667,3.0,5.0,0.0,2.0,5.0,,,,True,True,UNKNOWN,False,False
2021012894,2023-05-17 18:00:00,北海道日本ハムファイターズ,埼玉西武ライオンズ,3.0,0.0,UNKNOWN,ES CON FIELD HOKKAIDO,unknown,low,False,False,1961288,1100099,[],[],,,,,0,light,2023-05-17T09:00:00+00:00,,UNKNOWN,,,,UNKNOWN,UNKNOWN,,UNKNOWN,,6.230769230769231,1.8461538461538465,6.230769230769231,4.153846153846154,0.0,3.2,4.333333333333333,3.0,6.0,0.0,2.0,3.0,,,,0.0,0.6666666666666666,9.0,2.0,0.0,1.866666666666667,9.0,0.0,4.0,0.0,2.0,9.0,,,,True,True,UNKNOWN,False,False
2021012897,2023-05-18 18:00:00,東京ヤクルトスワローズ,読売ジャイアンツ,3.0,6.0,UNKNOWN,明治神宮野球場,unknown,low,False,False,1800026,2000139,[],[],,,,,0,light,2023-05-18T09:00:00+00:00,,UNKNOWN,,,,UNKNOWN,UNKNOWN,,UNKNOWN,,1.5,0.6666666666666666,7.5,3.0,1.5,4.7,6.0,1.0,2.0,1.0,2.0,5.0,,,,0.0,1.2,7.2,1.8,1.8,4.800000000000001,5.0,0.0,5.0,1.0,1.0,4.0,,,,True,True,UNKNOWN,False,False
2021012900,2023-05-18 13:00:00,北海道日本ハムファイターズ,埼玉西武ライオンズ,6.0,2.0,UNKNOWN,ES CON FIELD HOKKAIDO,unknown,low,False,False,1700124,2000079,[],[],,,,,0,light,2023-05-18T04:00:00+00:00,,UNKNOWN,,,,UNKNOWN,UNKNOWN,,UNKNOWN,,3.6,1.6,12.6,7.2,0.0,2.8000000000000003,5.0,2.0,4.0,0.0,4.0,7.0,,,,2.571428571428572,1.5714285714285714,7.714285714285714,3.857142857142857,0.0,2.771428571428572,7.0,2.0,8.0,0.0,3.0,6.0,,,,True,True,UNKNOWN,False,False
2021012899,2023-05-18 18:00:00,中日ドラゴンズ,阪神タイガース,1.0,4.0,UNKNOWN,バンテリンドーム ナゴヤ,unknown,low,False,False,2000052,1600106,[],[],,,,,0,light,2023-05-18T09:00:00+00:00,,UNKNOWN,,,,UNKNOWN,UNKNOWN,,UNKNOWN,,1.5,0.8333333333333334,4.5,0.0,0.0,2.2,6.0,1.0,5.0,0.0,0.0,3.0,,,,5.4,1.7999999999999998,6.75,5.4,0.0,3.5,6.666666666666667,4.0,8.0,0.0,4.0,5.0,,,,True,True,UNKNOWN,False,False
2021012898,2023-05-18 18:00:00,横浜DeNAベイスターズ,広島東洋カープ,13.0,3.0,UNKNOWN,横浜スタジアム,unknown,low,False,False,1900134,1700058,[],[],,,,,0,light,2023-05-18T09:00:00+00:00,,UNKNOWN,,,,UNKNOWN,UNKNOWN,,UNKNOWN,,11.25,2.75,4.5,9.0,2.25,8.45,4.0,5.0,7.0,1.0,4.0,2.0,,,,3.375,1.375,11.25,2.25,1.125,3.075,8.0,3.0,9.0,1.0,2.0,10.0,,,,True,True,UNKNOWN,False,False
2021012903,2023-05-19 18:00:00,阪神タイガース,広島東洋カープ,7.0,10.0,UNKNOWN,阪神甲子園球場,unknown,low,False,False,1900057,1500090,[],[],,,,,0,light,2023-05-19T09:00:00+00:00,,UNKNOWN,,,,UNKNOWN,UNKNOWN,,UNKNOWN,,13.5,2.25,11.25,2.25,4.5,7.95,4.0,6.0,8.0,2.0,1.0,5.0,,,,12.6,2.4,7.2,7.2,0.0,4.0,5.0,7.0,8.0,0.0,4.0,4.0,,,,True,True,UNKNOWN,False,False
2021012905,2023-05-19 18:00:00,オリックス・バファローズ,北海道日本ハムファイターズ,0.0,1.0,UNKNOWN,京セラドーム大阪,unknown,low,False,False,1500110,1600150,[],[],,,,,0,light,2023-05-19T09:00:00+00:00,,UNKNOWN,,,,UNKNOWN,UNKNOWN,,UNKNOWN,,0.0,0.625,4.5,1.125,0.0,2.575,8.0,0.0,4.0,0.0,1.0,4.0,,,,0.0,1.0,14.4,1.8,0.0,0.6000000000000001,5.0,0.0,4.0,0.0,1.0,8.0,,,,True,True,UNKNOWN,False,False
2021012901,2023-05-18 18:00:00,千葉ロッテマリーンズ,オリックス・バファローズ,5.0,1.0,UNKNOWN,ZOZOマリンスタジアム,unknown,low,False,False,1400195,2103779,[],[],,,,,0,light,2023-05-18T09:00:00+00:00,,UNKNOWN,,,,UNKNOWN,UNKNOWN,,UNKNOWN,,3.176470588235294,1.588235294117647,7.941176470588235,4.764705882352941,0.0,3.0235294117647062,5.666666666666667,2.0,6.0,0.0,3.0,5.0,,,,0.0,0.5,13.5,0.0,0.0,0.2000000000000001,2.0,0.0,1.0,0.0,0.0,3.0,,,,True,True,UNKNOWN,False,False
2021012906,2023-05-19 18:00:00,福岡ソフトバンクホークス,埼玉西武ライオンズ,5.0,4.0,UNKNOWN,福岡PayPayドーム,unknown,low,False,False,1800080,1300080,[],[],,,,,0,light,2023-05-19T09:00:00+00:00,,UNKNOWN,,,,UNKNOWN,UNKNOWN,,UNKNOWN,,27.000000000000004,4.800000000000001,10.8,10.8,5.4,12.2,1.6666666666666663,5.0,6.0,1.0,2.0,2.0,,,,5.142857142857143,1.0,12.857142857142858,0.0,2.571428571428572,4.057142857142857,7.0,4.0,7.0,2.0,0.0,10.0,,,,True,True,UNKNOWN,False,False
2021012908,2023-05-20 14:00:00,横浜DeNAベイスターズ,東京ヤクルトスワローズ,5.0,3.0,UNKNOWN,横浜スタジアム,unknown,low,False,False,1760587,1660377,[],[],,,,,0,light,2023-05-20T05:00:00+00:00,,UNKNOWN,,,,UNKNOWN,UNKNOWN,,UNKNOWN,,1.8,1.0,1.8,1.8,0.0,3.4000000000000004,5.0,1.0,4.0,0.0,1.0,1.0,,,,3.6,1.6,12.6,7.2,1.8,5.4,5.0,2.0,4.0,1.0,4.0,7.0,,,,True,True,UNKNOWN,False,False
2021012907,2023-05-20 14:00:00,読売ジャイアンツ,中日ドラゴンズ,6.0,2.0,UNKNOWN,東京ドーム,unknown,low,False,False,1500074,1961407,[],[],,,,,0,light,2023-05-20T05:00:00+00:00,,UNKNOWN,,,,UNKNOWN,UNKNOWN,,UNKNOWN,,10.8,1.6,10.8,1.8,1.8,4.0,5.0,6.0,7.0,1.0,1.0,6.0,,,,3.0,1.0,10.5,0.0,1.5,3.0333333333333337,6.0,2.0,6.0,1.0,0.0,7.0,,,,True,True,UNKNOWN,False,False
2021012909,2023-05-20 14:00:00,阪神タイガース,広島東洋カープ,1.0,0.0,UNKNOWN,阪神甲子園球場,unknown,low,False,False,1900052,1700137,[],[],,,,,0,light,2023-05-20T05:00:00+00:00,,UNKNOWN,,,,UNKNOWN,UNKNOWN,,UNKNOWN,,1.0384615384615383,0.9230769230769232,4.153846153846154,2.076923076923077,0.0,2.9692307692307693,8.666666666666666,1.0,6.0,0.0,2.0,4.0,,,,0.0,1.0,5.142857142857143,1.2857142857142858,0.0,2.4857142857142858,7.0,0.0,6.0,0.0,1.0,4.0,,,,True,True,UNKNOWN,False,False
2021012910,2023-05-20 14:00:00,東北楽天ゴールデンイーグルス,千葉ロッテマリーンズ,1.0,6.0,UNKNOWN,楽天モバイルパーク宮城,unknown,low,False,False,900081,1200117,[],[],,,,,0,light,2023-05-20T05:00:00+00:00,,UNKNOWN,,,,UNKNOWN,UNKNOWN,,UNKNOWN,,1.0,0.4444444444444444,1.0,1.0,0.0,3.311111111111112,9.0,1.0,3.0,0.0,1.0,1.0,,,,1.588235294117647,1.4117647058823528,1.588235294117647,4.764705882352941,0.0,4.435294117647059,5.666666666666667,1.0,5.0,0.0,3.0,1.0,,,,True,True,UNKNOWN,False,False
2021012911,2023-05-20 14:00:00,オリックス・バファローズ,北海道日本ハムファイターズ,3.0,5.0,UNKNOWN,京セラドーム大阪,unknown,low,False,False,1750903,1500088,[],[],,,,,0,light,2023-05-20T05:00:00+00:00,,UNKNOWN,,,,UNKNOWN,UNKNOWN,,UNKNOWN,,1.8,1.4,5.4,7.2,0.0,4.4,5.0,1.0,3.0,0.0,4.0,3.0,,,,9.0,4.0,0.0,27.0,0.0,12.2,1.0,1.0,1.0,0.0,3.0,0.0,,,,True,True,UNKNOWN,False,False
2021012912,2023-05-20 14:00:00,福岡ソフトバンクホークス,埼玉西武ライオンズ,0.0,1.0,UNKNOWN,福岡PayPayドーム,unknown,low,False,False,1400182,1200106,[],[],,,,,0,light,2023-05-20T05:00:00+00:00,,UNKNOWN,,,,UNKNOWN,UNKNOWN,,UNKNOWN,,0.0,0.8333333333333334,9.0,1.5,0.0,1.7000000000000002,6.0,0.0,4.0,0.0,1.0,6.0,,,,1.2272727272727273,0.6818181818181819,12.272727272727272,1.2272727272727273,0.0,0.8818181818181818,7.333333333333333,1.0,4.0,0.0,1.0,10.0,,,,True,True,UNKNOWN,False,False
2021012913,2023-05-21 14:00:00,読売ジャイアンツ,中日ドラゴンズ,5.0,2.0,UNKNOWN,東京ドーム,excluded,high,False,False,2000042,1850809,[],[],,,,,0,light,2023-05-21T05:00:00+00:00,,UNKNOWN,,,,UNKNOWN,UNKNOWN,,UNKNOWN,,6.75,2.25,4.5,6.75,2.25,7.7,4.0,3.0,6.0,1.0,3.0,2.0,,,,0.0,0.6,9.0,1.8,0.0,1.8000000000000005,5.0,0.0,2.0,0.0,1.0,5.0,,,,True,True,UNKNOWN,False,False
2021012916,2023-05-21 13:00:00,東北楽天ゴールデンイーグルス,千葉ロッテマリーンズ,4.0,6.0,UNKNOWN,楽天モバイルパーク宮城,unknown,low,False,False,1400190,1900117,[],[],,,,,0,light,2023-05-21T04:00:00+00:00,,UNKNOWN,,,,UNKNOWN,UNKNOWN,,UNKNOWN,,0.0,2.0,0.0,18.0,0.0,9.2,1.0,0.0,0.0,0.0,2.0,0.0,,,,5.0625,1.875,1.6875,5.0625,1.6875,6.95,5.333333333333333,3.0,7.0,1.0,3.0,1.0,,,,True,True,UNKNOWN,False,False
2021012914,2023-05-21 14:00:00,横浜DeNAベイスターズ,東京ヤクルトスワローズ,3.0,3.0,UNKNOWN,横浜スタジアム,unknown,low,False,False,1200076,1500061,[],[],,,,,0,light,2023-05-21T05:00:00+00:00,,UNKNOWN,,,,UNKNOWN,UNKNOWN,,UNKNOWN,,3.0,1.3333333333333333,0.0,1.5,0.0,3.7,6.0,2.0,7.0,0.0,1.0,0.0,,,,3.857142857142857,0.8571428571428571,6.428571428571429,0.0,2.571428571428572,5.485714285714286,7.0,3.0,6.0,2.0,0.0,5.0,,,,True,True,UNKNOWN,False,False
2021012917,2023-05-21 13:00:00,オリックス・バファローズ,北海道日本ハムファイターズ,10.0,4.0,UNKNOWN,京セラドーム大阪,unknown,low,False,False,1900073,1660390,[],[],,,,,0,light,2023-05-21T04:00:00+00:00,,UNKNOWN,,,,UNKNOWN,UNKNOWN,,UNKNOWN,,16.875,2.25,0.0,0.0,0.0,3.2,2.6666666666666665,5.0,6.0,0.0,0.0,0.0,,,,5.4,1.5,8.1,2.7,2.7,6.2,3.333333333333333,2.0,4.0,1.0,1.0,3.0,,,,True,True,UNKNOWN,False,False
2021012915,2023-05-21 14:00:00,阪神タイガース,広島東洋カープ,4.0,1.0,UNKNOWN,阪神甲子園球場,unknown,low,False,False,1860147,1600115,[],[],,,,,0,light,2023-05-21T05:00:00+00:00,,UNKNOWN,,,,UNKNOWN,UNKNOWN,,UNKNOWN,,2.076923076923077,1.3846153846153848,8.307692307692308,4.153846153846154,0.0,2.7384615384615385,4.333333333333333,1.0,4.0,0.0,2.0,4.0,,,,0.0,0.75,9.45,0.0,0.0,1.1,6.666666666666667,0.0,5.0,0.0,0.0,7.0,,,,True,True,UNKNOWN,False,False
2021012918,2023-05-21 14:00:00,福岡ソフトバンクホークス,埼玉西武ライオンズ,3.0,1.0,UNKNOWN,福岡PayPayドーム,unknown,low,False,False,1751148,1400176,[],[],,,,,0,light,2023-05-21T05:00:00+00:00,,UNKNOWN,,,,UNKNOWN,UNKNOWN,,UNKNOWN,,3.8571428571428568,1.5,1.9285714285714284,5.785714285714286,0.0,4.7,4.666666666666667,2.0,4.0,0.0,3.0,1.0,,,,1.8,1.0,9.0,3.6,0.0,2.4000000000000004,5.0,1.0,3.0,0.0,2.0,5.0,,,,True,True,UNKNOWN,False,False
2021012920,2023-05-23 18:00:00,東京ヤクルトスワローズ,阪神タイガース,3.0,6.0,UNKNOWN,明治神宮野球場,unknown,low,False,False,2000055,12113,[],[],,,,,0,light,2023-05-23T09:00:00+00:00,,UNKNOWN,,,,UNKNOWN,UNKNOWN,,UNKNOWN,,3.0,0.8333333333333334,10.5,1.5,1.5,3.5333333333333337,6.0,2.0,4.0,1.0,1.0,7.0,,,,6.75,2.0,9.0,2.25,0.0,1.95,4.0,3.0,7.0,0.0,1.0,4.0,,,,True,True,UNKNOWN,False,False
2021012921,2023-05-23 18:00:00,広島東洋カープ,中日ドラゴンズ,1.0,3.0,UNKNOWN,MAZDA Zoom-Zoom スタジアム広島,unknown,low,False,False,1200055,1300057,[],[],,,,,0,light,2023-05-23T09:00:00+00:00,,UNKNOWN,,,,UNKNOWN,UNKNOWN,,UNKNOWN,,1.5,0.8333333333333334,4.5,1.5,1.5,4.866666666666667,6.0,1.0,4.0,1.0,1.0,3.0,,,,4.05,1.35,5.4,2.7,0.0,2.9000000000000004,6.666666666666667,3.0,7.0,0.0,2.0,4.0,,,,True,True,UNKNOWN,False,False
2021012924,2023-05-23 18:00:00,オリックス・バファローズ,東北楽天ゴールデンイーグルス,8.0,0.0,UNKNOWN,ほっともっとフィールド神戸,unknown,low,False,False,700069,2000096,[],[],,,,,0,light,2023-05-23T09:00:00+00:00,,UNKNOWN,,,,UNKNOWN,UNKNOWN,,UNKNOWN,,13.5,2.75,4.5,2.25,0.0,2.95,4.0,6.0,10.0,0.0,1.0,2.0,,,,0.0,0.5714285714285714,6.428571428571429,2.571428571428572,0.0,2.628571428571429,7.0,0.0,2.0,0.0,2.0,5.0,,,,True,True,UNKNOWN,False,False
2021012922,2023-05-23 18:00:00,北海道日本ハムファイターズ,福岡ソフトバンクホークス,2.0,4.0,UNKNOWN,ES CON FIELD HOKKAIDO,unknown,low,False,False,1900106,1961437,[],[],,,,,0,light,2023-05-23T09:00:00+00:00,,UNKNOWN,,,,UNKNOWN,UNKNOWN,,UNKNOWN,,3.6,2.0,10.8,5.4,1.8,5.2,5.0,2.0,7.0,1.0,3.0,6.0,,,,3.0,2.333333333333333,9.0,15.0,0.0,6.2,3.0,1.0,2.0,0.0,5.0,3.0,,,,True,True,UNKNOWN,False,False
2021012919,2023-05-23 18:00:00,読売ジャイアンツ,横浜DeNAベイスターズ,3.0,6.0,UNKNOWN,東京ドーム,unknown,low,False,False,1300031,2103689,[],[],,,,,0,light,2023-05-23T09:00:00+00:00,,UNKNOWN,,,,UNKNOWN,UNKNOWN,,UNKNOWN,,0.0,0.7142857142857143,5.142857142857143,1.2857142857142858,0.0,2.4857142857142858,7.0,0.0,4.0,0.0,1.0,4.0,,,,15.0,2.333333333333333,3.0,6.0,0.0,4.533333333333333,3.0,5.0,5.0,0.0,2.0,1.0,,,,True,True,UNKNOWN,False,False
2021012925,2023-05-24 18:00:00,読売ジャイアンツ,横浜DeNAベイスターズ,1.0,0.0,UNKNOWN,東京ドーム,unknown,low,False,False,1400110,1800028,[],[],,,,,0,light,2023-05-24T09:00:00+00:00,,UNKNOWN,,,,UNKNOWN,UNKNOWN,,UNKNOWN,,1.2857142857142858,1.0,9.0,1.2857142857142858,1.2857142857142858,3.4857142857142858,7.0,1.0,6.0,1.0,1.0,7.0,,,,0.0,0.5555555555555556,6.0,0.0,0.0,1.866666666666667,9.0,0.0,5.0,0.0,0.0,6.0,,,,True,True,UNKNOWN,False,False
2021012928,2023-05-24 18:00:00,北海道日本ハムファイターズ,福岡ソフトバンクホークス,1.0,2.0,UNKNOWN,ES CON FIELD HOKKAIDO,unknown,low,False,False,20204,1100099,[],[],,,,,0,light,2023-05-24T09:00:00+00:00,,UNKNOWN,,,,UNKNOWN,UNKNOWN,,UNKNOWN,,1.8,0.8,7.2,1.8,1.8,4.800000000000001,5.0,1.0,3.0,1.0,1.0,4.0,,,,2.571428571428572,0.8571428571428571,6.428571428571429,1.2857142857142858,1.2857142857142858,4.057142857142857,7.0,2.0,5.0,1.0,1.0,5.0,,,,True,True,UNKNOWN,False,False
2021012931,2023-05-25 18:00:00,読売ジャイアンツ,横浜DeNAベイスターズ,5.0,4.0,UNKNOWN,東京ドーム,unknown,low,False,False,1700058,2000006,[],[],,,,,0,light,2023-05-25T09:00:00+00:00,,UNKNOWN,,,,UNKNOWN,UNKNOWN,,UNKNOWN,,7.941176470588235,1.9411764705882355,7.941176470588235,0.0,1.588235294117647,3.7294117647058815,5.666666666666667,5.0,11.0,1.0,0.0,5.0,,,,6.75,1.5,0.0,0.0,4.5,9.7,4.0,3.0,6.0,2.0,0.0,0.0,,,,True,True,UNKNOWN,False,False
2021012929,2023-05-24 18:00:00,千葉ロッテマリーンズ,埼玉西武ライオンズ,11.0,1.0,UNKNOWN,ZOZOマリンスタジアム,unknown,low,False,False,1600127,1800052,[],[],,,,,0,light,2023-05-24T09:00:00+00:00,,UNKNOWN,,,,UNKNOWN,UNKNOWN,,UNKNOWN,,36.0,3.5,22.5,9.0,13.5,20.7,2.0,8.0,5.0,3.0,2.0,5.0,,,,1.5,1.1666666666666667,6.0,3.0,0.0,2.8666666666666667,6.0,1.0,5.0,0.0,2.0,4.0,,,,True,True,UNKNOWN,False,False
2021012926,2023-05-24 18:00:00,東京ヤクルトスワローズ,阪神タイガース,5.0,6.0,UNKNOWN,明治神宮野球場,unknown,low,False,False,900062,2103794,[],[],,,,,0,light,2023-05-24T09:00:00+00:00,,UNKNOWN,,,,UNKNOWN,UNKNOWN,,UNKNOWN,,4.5,1.3333333333333333,6.0,1.5,0.0,2.3666666666666667,6.0,3.0,7.0,0.0,1.0,4.0,,,,4.5,1.5,2.25,0.0,0.0,2.7,4.0,2.0,6.0,0.0,0.0,1.0,,,,True,True,UNKNOWN,False,False
2021012927,2023-05-24 18:00:00,広島東洋カープ,中日ドラゴンズ,6.0,2.0,UNKNOWN,MAZDA Zoom-Zoom スタジアム広島,unknown,low,False,False,500014,1300058,[],[],,,,,0,light,2023-05-24T09:00:00+00:00,,UNKNOWN,,,,UNKNOWN,UNKNOWN,,UNKNOWN,,15.0,2.6666666666666665,6.0,3.0,6.0,11.533333333333337,3.0,5.0,7.0,2.0,1.0,2.0,,,,1.2857142857142858,1.0,2.571428571428572,0.0,0.0,2.628571428571429,7.0,1.0,7.0,0.0,0.0,2.0,,,,True,True,UNKNOWN,False,False
2021012930,2023-05-24 18:00:00,オリックス・バファローズ,東北楽天ゴールデンイーグルス,6.0,5.0,UNKNOWN,ほっともっとフィールド神戸,unknown,low,False,False,2000121,1700109,[],[],,,,,0,light,2023-05-24T09:00:00+00:00,,UNKNOWN,,,,UNKNOWN,UNKNOWN,,UNKNOWN,,2.571428571428572,1.1428571428571428,9.0,2.571428571428572,0.0,2.0571428571428574,7.0,2.0,6.0,0.0,2.0,7.0,,,,3.0,1.0,4.5,1.5,1.5,4.866666666666667,6.0,2.0,5.0,1.0,1.0,3.0,,,,True,True,UNKNOWN,False,False
2021012936,2023-05-26 18:00:00,阪神タイガース,読売ジャイアンツ,2.0,1.0,UNKNOWN,阪神甲子園球場,excluded,high,False,False,1800026,2103707,[],[],,,,,0,light,2023-05-26T09:00:00+00:00,,UNKNOWN,,,,UNKNOWN,UNKNOWN,,UNKNOWN,,0.0,0.5,9.0,0.0,0.0,1.2000000000000002,6.0,0.0,3.0,0.0,0.0,6.0,,,,1.2857142857142858,0.8571428571428571,12.857142857142858,1.2857142857142858,0.0,0.7714285714285718,7.0,1.0,5.0,0.0,1.0,10.0,,,,True,True,UNKNOWN,False,False
2021012933,2023-05-25 18:00:00,広島東洋カープ,中日ドラゴンズ,2.0,8.0,UNKNOWN,MAZDA Zoom-Zoom スタジアム広島,unknown,low,False,False,1600106,1900134,[],[],,,,,0,light,2023-05-25T09:00:00+00:00,,UNKNOWN,,,,UNKNOWN,UNKNOWN,,UNKNOWN,,1.588235294117647,1.4117647058823528,7.941176470588235,1.588235294117647,0.0,1.9647058823529413,5.666666666666667,1.0,7.0,0.0,1.0,5.0,,,,9.0,1.8,3.6,3.6,1.8,6.2,5.0,5.0,7.0,1.0,2.0,2.0,,,,True,True,UNKNOWN,False,False
2021012932,2023-05-25 18:00:00,東京ヤクルトスワローズ,阪神タイガース,4.0,7.0,UNKNOWN,明治神宮野球場,unknown,low,False,False,2000052,2000139,[],[],,,,,0,light,2023-05-25T09:00:00+00:00,,UNKNOWN,,,,UNKNOWN,UNKNOWN,,UNKNOWN,,3.5217391304347823,0.7826086956521738,5.869565217391304,1.1739130434782608,0.0,2.2869565217391306,7.666666666666667,3.0,5.0,0.0,1.0,5.0,,,,2.571428571428572,1.0,11.571428571428571,1.2857142857142858,2.571428571428572,4.771428571428571,7.0,2.0,6.0,2.0,1.0,9.0,,,,True,True,UNKNOWN,False,False
2021012934,2023-05-25 18:00:00,北海道日本ハムファイターズ,福岡ソフトバンクホークス,5.0,1.0,UNKNOWN,ES CON FIELD HOKKAIDO,unknown,low,False,False,1900147,1500110,[],[],,,,,0,light,2023-05-25T09:00:00+00:00,,UNKNOWN,,,,UNKNOWN,UNKNOWN,,UNKNOWN,,9.0,1.8,7.2,1.8,3.6,7.4,5.0,5.0,8.0,2.0,1.0,4.0,,,,1.5,1.0,4.5,1.5,0.0,2.7,6.0,1.0,5.0,0.0,1.0,3.0,,,,True,True,UNKNOWN,False,False
2021012940,2023-05-27 14:00:00,中日ドラゴンズ,横浜DeNAベイスターズ,3.0,2.0,UNKNOWN,バンテリンドーム ナゴヤ,unknown,low,False,False,1460045,1200098,[],[],,,,,0,light,2023-05-27T05:00:00+00:00,,UNKNOWN,,,,UNKNOWN,UNKNOWN,,UNKNOWN,,3.0,1.1666666666666667,10.5,0.0,3.0,5.2,6.0,2.0,7.0,2.0,0.0,7.0,,,,3.6,1.2,3.6,3.6,0.0,3.6,5.0,2.0,4.0,0.0,2.0,2.0,,,,True,True,UNKNOWN,False,False
2021012937,2023-05-26 18:00:00,広島東洋カープ,東京ヤクルトスワローズ,6.0,4.0,UNKNOWN,MAZDA Zoom-Zoom スタジアム広島,excluded,high,False,False,1300045,1750941,[],[],,,,,0,light,2023-05-26T09:00:00+00:00,,UNKNOWN,,,,UNKNOWN,UNKNOWN,,UNKNOWN,,18.0,3.0,12.0,6.0,3.0,6.866666666666667,3.0,6.0,7.0,1.0,2.0,4.0,,,,8.1,2.7,16.2,5.4,0.0,1.4000000000000004,3.333333333333333,3.0,7.0,0.0,2.0,6.0,,,,True,True,UNKNOWN,False,False
2021012935,2023-05-26 18:00:00,中日ドラゴンズ,横浜DeNAベイスターズ,1.0,0.0,UNKNOWN,バンテリンドーム ナゴヤ,unknown,low,False,False,1660377,1500074,[],[],,,,,0,light,2023-05-26T09:00:00+00:00,,UNKNOWN,,,,UNKNOWN,UNKNOWN,,UNKNOWN,,1.2857142857142858,0.8571428571428571,6.428571428571429,2.571428571428572,1.2857142857142858,4.485714285714286,7.0,1.0,4.0,1.0,2.0,5.0,,,,0.0,0.7142857142857143,11.571428571428571,2.571428571428572,0.0,1.485714285714286,7.0,0.0,3.0,0.0,2.0,9.0,,,,True,True,UNKNOWN,False,False
2021012938,2023-05-26 18:00:00,東北楽天ゴールデンイーグルス,北海道日本ハムファイターズ,4.0,3.0,UNKNOWN,楽天モバイルパーク宮城,unknown,low,False,False,2000079,1600092,[],[],,,,,0,light,2023-05-26T09:00:00+00:00,,UNKNOWN,,,,UNKNOWN,UNKNOWN,,UNKNOWN,,5.142857142857143,1.1428571428571428,9.0,2.571428571428572,1.2857142857142858,3.9142857142857146,7.0,4.0,6.0,1.0,2.0,7.0,,,,5.4,1.8,12.6,3.6,0.0,1.6,5.0,3.0,7.0,0.0,2.0,7.0,,,,True,True,UNKNOWN,False,False
2021012939,2023-05-26 18:00:00,埼玉西武ライオンズ,オリックス・バファローズ,1.0,4.0,UNKNOWN,ベルーナドーム,excluded,high,False,False,1600150,1800080,[],[],,,,,0,light,2023-05-26T09:00:00+00:00,,UNKNOWN,,,,UNKNOWN,UNKNOWN,,UNKNOWN,,1.5,0.5,6.0,0.0,0.0,1.866666666666667,6.0,1.0,3.0,0.0,0.0,4.0,,,,4.5,1.0,4.5,3.0,3.0,7.533333333333333,6.0,3.0,4.0,2.0,2.0,3.0,,,,True,True,UNKNOWN,False,False
2021012941,2023-05-27 14:00:00,阪神タイガース,読売ジャイアンツ,3.0,2.0,UNKNOWN,阪神甲子園球場,unknown,low,False,False,1961407,1700137,[],[],,,,,0,light,2023-05-27T05:00:00+00:00,,UNKNOWN,,,,UNKNOWN,UNKNOWN,,UNKNOWN,,2.7,1.05,8.1,5.4,0.0,3.2,6.666666666666667,2.0,3.0,0.0,4.0,6.0,,,,0.0,0.8571428571428571,9.0,0.0,0.0,1.2000000000000002,7.0,0.0,6.0,0.0,0.0,7.0,,,,True,True,UNKNOWN,False,False
2021012943,2023-05-27 14:00:00,東北楽天ゴールデンイーグルス,北海道日本ハムファイターズ,1.0,3.0,UNKNOWN,楽天モバイルパーク宮城,unknown,low,False,False,1900073,2103736,[],[],,,,,0,light,2023-05-27T05:00:00+00:00,,UNKNOWN,,,,UNKNOWN,UNKNOWN,,UNKNOWN,,0.0,1.4,0.0,7.2,0.0,5.6,5.0,0.0,3.0,0.0,4.0,0.0,,,,4.5,1.0,4.5,3.0,0.0,3.2,6.0,3.0,4.0,0.0,2.0,3.0,,,,True,True,UNKNOWN,False,False
2021012944,2023-05-27 14:00:00,埼玉西武ライオンズ,オリックス・バファローズ,0.0,3.0,UNKNOWN,ベルーナドーム,unknown,low,False,False,1400195,1400182,[],[],,,,,0,light,2023-05-27T05:00:00+00:00,,UNKNOWN,,,,UNKNOWN,UNKNOWN,,UNKNOWN,,0.0,0.875,2.25,0.0,0.0,2.7,8.0,0.0,7.0,0.0,0.0,2.0,,,,3.0,0.8888888888888888,7.0,1.0,1.0,3.4222222222222225,9.0,3.0,7.0,1.0,1.0,7.0,,,,True,True,UNKNOWN,False,False
2021012942,2023-05-27 14:00:00,広島東洋カープ,東京ヤクルトスワローズ,4.0,1.0,UNKNOWN,MAZDA Zoom-Zoom スタジアム広島,unknown,low,False,False,1760587,1900052,[],[],,,,,0,light,2023-05-27T05:00:00+00:00,,UNKNOWN,,,,UNKNOWN,UNKNOWN,,UNKNOWN,,1.2857142857142858,0.7142857142857143,6.428571428571429,1.2857142857142858,0.0,2.2,7.0,1.0,4.0,0.0,1.0,5.0,,,,0.0,0.5714285714285714,11.571428571428571,1.2857142857142858,0.0,1.0571428571428574,7.0,0.0,3.0,0.0,1.0,9.0,,,,True,True,UNKNOWN,False,False
2021012949,2023-05-28 13:00:00,東北楽天ゴールデンイーグルス,北海道日本ハムファイターズ,3.0,2.0,UNKNOWN,楽天モバイルパーク宮城,unknown,low,False,False,1750903,2106793,[],[],,,,,0,light,2023-05-28T04:00:00+00:00,,UNKNOWN,,,,UNKNOWN,UNKNOWN,,UNKNOWN,,1.2857142857142858,0.7142857142857143,7.714285714285714,2.571428571428572,1.2857142857142858,4.2,7.0,1.0,3.0,1.0,2.0,6.0,,,,2.0,0.4444444444444444,7.0,1.0,1.0,3.4222222222222225,9.0,2.0,3.0,1.0,1.0,7.0,,,,True,True,UNKNOWN,False,False
2021012945,2023-05-27 14:00:00,福岡ソフトバンクホークス,千葉ロッテマリーンズ,6.0,5.0,UNKNOWN,福岡PayPayドーム,unknown,low,False,False,1600146,1300080,[],[],,,,,0,light,2023-05-27T05:00:00+00:00,,UNKNOWN,,,,UNKNOWN,UNKNOWN,,UNKNOWN,,9.0,1.8,10.8,3.6,1.8,4.6,5.0,5.0,7.0,1.0,2.0,6.0,,,,6.75,2.75,4.5,15.75,0.0,7.45,4.0,3.0,4.0,0.0,7.0,2.0,,,,True,True,UNKNOWN,False,False
2021012950,2023-05-28 13:00:00,埼玉西武ライオンズ,オリックス・バファローズ,3.0,2.0,UNKNOWN,ベルーナドーム,unknown,low,False,False,1900087,1700124,[],[],,,,,0,light,2023-05-28T04:00:00+00:00,,UNKNOWN,,,,UNKNOWN,UNKNOWN,,UNKNOWN,,5.0625,1.875,6.75,0.0,0.0,1.7000000000000002,5.333333333333333,3.0,10.0,0.0,0.0,4.0,,,,3.0,1.1666666666666667,10.5,6.0,1.5,5.033333333333333,6.0,2.0,3.0,1.0,4.0,7.0,,,,True,True,UNKNOWN,False,False
2021012948,2023-05-28 13:30:00,広島東洋カープ,東京ヤクルトスワローズ,3.0,1.0,UNKNOWN,MAZDA Zoom-Zoom スタジアム広島,unknown,low,False,False,1200076,1860147,[],[],,,,,0,light,2023-05-28T04:30:00+00:00,,UNKNOWN,,,,UNKNOWN,UNKNOWN,,UNKNOWN,,5.4,1.4,1.8,0.0,1.8,5.4,5.0,3.0,7.0,1.0,0.0,1.0,,,,1.2857142857142858,0.5714285714285714,7.714285714285714,0.0,1.2857142857142858,3.342857142857143,7.0,1.0,4.0,1.0,0.0,6.0,,,,True,True,UNKNOWN,False,False
2021012946,2023-05-28 14:00:00,中日ドラゴンズ,横浜DeNAベイスターズ,1.0,3.0,UNKNOWN,バンテリンドーム ナゴヤ,unknown,low,False,False,1800045,2000042,[],[],,,,,0,light,2023-05-28T05:00:00+00:00,,UNKNOWN,,,,UNKNOWN,UNKNOWN,,UNKNOWN,,1.0384615384615383,0.4615384615384615,7.26923076923077,0.0,0.0,1.5846153846153848,8.666666666666666,1.0,4.0,0.0,0.0,7.0,,,,0.0,1.1666666666666667,10.5,1.5,0.0,1.366666666666667,6.0,0.0,6.0,0.0,1.0,7.0,,,,True,True,UNKNOWN,False,False
2021012947,2023-05-28 14:00:00,阪神タイガース,読売ジャイアンツ,4.0,1.0,UNKNOWN,阪神甲子園球場,unknown,low,False,False,1850809,1600115,[],[],,,,,0,light,2023-05-28T05:00:00+00:00,,UNKNOWN,,,,UNKNOWN,UNKNOWN,,UNKNOWN,,1.8,1.4,5.4,3.6,1.8,5.800000000000001,5.0,1.0,5.0,1.0,2.0,3.0,,,,1.1739130434782608,0.5217391304347826,11.739130434782608,1.1739130434782608,1.1739130434782608,2.678260869565217,7.666666666666667,1.0,3.0,1.0,1.0,10.0,,,,True,True,UNKNOWN,False,False
2021012951,2023-05-28 14:00:00,福岡ソフトバンクホークス,千葉ロッテマリーンズ,5.0,9.0,UNKNOWN,福岡PayPayドーム,unknown,low,False,False,1900080,1400176,[],[],,,,,0,light,2023-05-28T05:00:00+00:00,,UNKNOWN,,,,UNKNOWN,UNKNOWN,,UNKNOWN,,3.0,0.6666666666666666,13.5,1.5,0.0,0.7000000000000002,6.0,2.0,3.0,0.0,1.0,9.0,,,,5.4,1.6,10.8,5.4,1.8,5.2,5.0,3.0,5.0,1.0,3.0,6.0,,,,True,True,UNKNOWN,False,False
2021012953,2023-05-30 18:00:00,東北楽天ゴールデンイーグルス,横浜DeNAベイスターズ,2.0,3.0,UNKNOWN,楽天モバイルパーク宮城,unknown,low,False,False,1500061,1200117,[],[],,,,,0,light,2023-05-30T09:00:00+00:00,,UNKNOWN,,,,UNKNOWN,UNKNOWN,,UNKNOWN,,2.0,0.6666666666666666,9.0,1.0,2.0,4.422222222222223,9.0,2.0,5.0,2.0,1.0,9.0,,,,0.0,2.0,3.0,4.5,0.0,4.033333333333333,6.0,0.0,9.0,0.0,3.0,2.0,,,,True,True,UNKNOWN,False,False
2021012952,2023-05-30 18:00:00,北海道日本ハムファイターズ,東京ヤクルトスワローズ,2.0,1.0,UNKNOWN,ES CON FIELD HOKKAIDO,interleague,high,True,True,12113,1500109,[],[],,,,,0,light,2023-05-30T09:00:00+00:00,,UNKNOWN,,,,UNKNOWN,UNKNOWN,,UNKNOWN,,2.571428571428572,1.1428571428571428,3.857142857142857,0.0,2.571428571428572,6.057142857142857,7.0,2.0,8.0,2.0,0.0,3.0,,,,1.5,1.5,10.5,6.0,0.0,2.8666666666666667,6.0,1.0,5.0,0.0,4.0,7.0,,,,True,True,UNKNOWN,False,False
2021012954,2023-05-30 18:00:00,埼玉西武ライオンズ,阪神タイガース,1.0,3.0,UNKNOWN,ベルーナドーム,excluded,high,False,False,2000055,1700125,[],[],,,,,0,light,2023-05-30T09:00:00+00:00,,UNKNOWN,,,,UNKNOWN,UNKNOWN,,UNKNOWN,,1.125,0.5,10.125,0.0,0.0,0.9500000000000002,8.0,1.0,4.0,0.0,0.0,9.0,,,,4.5,1.0,3.0,1.5,0.0,3.0333333333333337,6.0,3.0,5.0,0.0,1.0,2.0,,,,True,True,UNKNOWN,False,False
2021012955,2023-05-30 18:00:00,千葉ロッテマリーンズ,読売ジャイアンツ,2.0,1.0,UNKNOWN,ZOZOマリンスタジアム,unknown,low,False,False,2000005,900081,[],[],,,,,0,light,2023-05-30T09:00:00+00:00,,UNKNOWN,,,,UNKNOWN,UNKNOWN,,UNKNOWN,,4.5,2.5,0.0,4.5,4.5,11.2,2.0,1.0,4.0,1.0,1.0,0.0,,,,1.2857142857142858,0.7142857142857143,6.428571428571429,0.0,0.0,1.7714285714285716,7.0,1.0,5.0,0.0,0.0,5.0,,,,True,True,UNKNOWN,False,False
2021012956,2023-05-30 18:00:00,オリックス・バファローズ,広島東洋カープ,4.0,0.0,UNKNOWN,京セラドーム大阪,interleague,high,True,True,1300057,1600153,[],[],,,,,0,light,2023-05-30T09:00:00+00:00,,UNKNOWN,,,,UNKNOWN,UNKNOWN,,UNKNOWN,,2.571428571428572,0.8571428571428571,5.142857142857143,1.2857142857142858,0.0,2.4857142857142858,7.0,2.0,5.0,0.0,1.0,4.0,,,,0.0,0.25,9.0,0.0,0.0,1.2000000000000002,8.0,0.0,2.0,0.0,0.0,8.0,,,,True,True,UNKNOWN,False,False
2021012958,2023-05-31 18:00:00,北海道日本ハムファイターズ,東京ヤクルトスワローズ,5.0,2.0,UNKNOWN,ES CON FIELD HOKKAIDO,interleague,high,True,True,1800035,1100099,[],[],,,,,0,light,2023-05-31T09:00:00+00:00,,UNKNOWN,,,,UNKNOWN,UNKNOWN,,UNKNOWN,,7.2,1.4,5.4,3.6,3.6,8.4,5.0,4.0,5.0,2.0,2.0,3.0,,,,2.25,1.25,6.75,4.5,0.0,3.2,8.0,2.0,6.0,0.0,4.0,6.0,,,,True,True,UNKNOWN,False,False
2021012957,2023-05-30 18:00:00,福岡ソフトバンクホークス,中日ドラゴンズ,13.0,5.0,UNKNOWN,福岡PayPayドーム,unknown,low,False,False,1200055,1900106,[],[],,,,,0,light,2023-05-30T09:00:00+00:00,,UNKNOWN,,,,UNKNOWN,UNKNOWN,,UNKNOWN,,8.1,2.7,0.0,2.7,0.0,4.1,3.333333333333333,3.0,8.0,0.0,1.0,0.0,,,,3.857142857142857,1.1428571428571428,3.857142857142857,1.2857142857142858,1.2857142857142858,4.628571428571429,7.0,3.0,7.0,1.0,1.0,3.0,,,,True,True,UNKNOWN,False,False
2021012960,2023-05-31 18:00:00,埼玉西武ライオンズ,阪神タイガース,4.0,0.0,UNKNOWN,ベルーナドーム,unknown,low,False,False,900062,1500104,[],[],,,,,0,light,2023-05-31T09:00:00+00:00,,UNKNOWN,,,,UNKNOWN,UNKNOWN,,UNKNOWN,,4.05,1.65,2.7,4.05,1.35,5.9,6.666666666666667,3.0,8.0,1.0,3.0,2.0,,,,0.0,1.0,9.0,4.5,0.0,2.7,4.0,0.0,2.0,0.0,2.0,4.0,,,,True,True,UNKNOWN,False,False
2021012961,2023-05-31 18:00:00,千葉ロッテマリーンズ,読売ジャイアンツ,4.0,7.0,UNKNOWN,ZOZOマリンスタジアム,unknown,low,False,False,1800028,1700002,[],[],,,,,0,light,2023-05-31T09:00:00+00:00,,UNKNOWN,,,,UNKNOWN,UNKNOWN,,UNKNOWN,,4.5,1.125,7.875,3.375,3.375,7.45,8.0,4.0,6.0,3.0,3.0,7.0,,,,7.2,1.6,9.0,5.4,3.6,8.2,5.0,4.0,5.0,2.0,3.0,5.0,,,,True,True,UNKNOWN,False,False
2021012959,2023-05-31 18:00:00,東北楽天ゴールデンイーグルス,横浜DeNAベイスターズ,3.0,1.0,UNKNOWN,楽天モバイルパーク宮城,unknown,low,False,False,1400110,700069,[],[],,,,,0,light,2023-05-31T09:00:00+00:00,,UNKNOWN,,,,UNKNOWN,UNKNOWN,,UNKNOWN,,1.8,1.8,7.2,9.0,0.0,4.6,5.0,1.0,4.0,0.0,5.0,4.0,,,,1.2857142857142858,0.7142857142857143,6.428571428571429,1.2857142857142858,1.2857142857142858,4.057142857142857,7.0,1.0,4.0,1.0,1.0,5.0,,,,True,True,UNKNOWN,False,False
2021012964,2023-06-01 18:00:00,北海道日本ハムファイターズ,東京ヤクルトスワローズ,0.0,5.0,UNKNOWN,ES CON FIELD HOKKAIDO,interleague,high,True,True,2000139,1500110,[],[],,,,,0,light,2023-06-01T09:00:00+00:00,,UNKNOWN,,,,UNKNOWN,UNKNOWN,,UNKNOWN,,0.0,0.5714285714285714,7.714285714285714,1.2857142857142858,0.0,1.9142857142857144,7.0,0.0,3.0,0.0,1.0,6.0,,,,4.05,1.65,2.7,1.35,1.35,5.0,6.666666666666667,3.0,10.0,1.0,1.0,2.0,,,,True,True,UNKNOWN,False,False
2021012962,2023-05-31 18:00:00,オリックス・バファローズ,広島東洋カープ,1.0,3.0,UNKNOWN,京セラドーム大阪,unknown,low,False,False,1300058,1700109,[],[],,,,,0,light,2023-05-31T09:00:00+00:00,,UNKNOWN,,,,UNKNOWN,UNKNOWN,,UNKNOWN,,1.2857142857142858,0.7142857142857143,7.714285714285714,2.571428571428572,0.0,2.342857142857143,7.0,1.0,3.0,0.0,2.0,6.0,,,,0.0,1.3333333333333333,7.5,4.5,0.0,3.0333333333333337,6.0,0.0,5.0,0.0,3.0,5.0,,,,True,True,UNKNOWN,False,False
2021012963,2023-05-31 18:00:00,福岡ソフトバンクホークス,中日ドラゴンズ,1.0,7.0,UNKNOWN,福岡PayPayドーム,interleague,high,True,True,500014,1200106,[],[],,,,,0,light,2023-05-31T09:00:00+00:00,,UNKNOWN,,,,UNKNOWN,UNKNOWN,,UNKNOWN,,1.2857142857142858,0.5714285714285714,11.571428571428571,1.2857142857142858,0.0,1.0571428571428574,7.0,1.0,3.0,0.0,1.0,9.0,,,,7.105263157894737,1.2631578947368425,9.947368421052632,1.4210526315789471,0.0,1.4631578947368422,6.333333333333333,5.0,7.0,0.0,1.0,7.0,,,,True,True,UNKNOWN,False,False
2021012965,2023-06-01 18:00:00,東北楽天ゴールデンイーグルス,横浜DeNAベイスターズ,3.0,11.0,UNKNOWN,楽天モバイルパーク宮城,unknown,low,False,False,1700058,1900117,[],[],,,,,0,light,2023-06-01T09:00:00+00:00,,UNKNOWN,,,,UNKNOWN,UNKNOWN,,UNKNOWN,,0.0,0.7142857142857143,9.0,0.0,0.0,1.2000000000000002,7.0,0.0,5.0,0.0,0.0,7.0,,,,15.428571428571429,3.0,0.0,0.0,0.0,3.2,2.333333333333333,4.0,7.0,0.0,0.0,0.0,,,,True,True,UNKNOWN,False,False
2021012966,2023-06-01 18:00:00,埼玉西武ライオンズ,阪神タイガース,4.0,2.0,UNKNOWN,ベルーナドーム,excluded,high,False,False,2000052,1900061,[],[],,,,,0,light,2023-06-01T09:00:00+00:00,,UNKNOWN,,,,UNKNOWN,UNKNOWN,,UNKNOWN,,7.2,1.4,7.2,3.6,1.8,5.4,5.0,4.0,5.0,1.0,2.0,4.0,,,,1.8,1.8,5.4,7.2,0.0,4.4,5.0,1.0,5.0,0.0,4.0,3.0,,,,True,True,UNKNOWN,False,False
2021012967,2023-06-01 18:00:00,千葉ロッテマリーンズ,読売ジャイアンツ,2.0,3.0,UNKNOWN,ZOZOマリンスタジアム,excluded,high,False,False,2000006,2101291,[],[],,,,,0,light,2023-06-01T09:00:00+00:00,,UNKNOWN,,,,UNKNOWN,UNKNOWN,,UNKNOWN,,1.2857142857142858,1.2857142857142858,7.714285714285714,5.142857142857143,0.0,3.2,7.0,1.0,5.0,0.0,4.0,6.0,,,,9.0,2.6666666666666665,3.0,0.0,3.0,6.866666666666667,3.0,3.0,8.0,1.0,0.0,1.0,,,,True,True,UNKNOWN,False,False
2021012968,2023-06-01 18:00:00,オリックス・バファローズ,広島東洋カープ,9.0,2.0,UNKNOWN,京セラドーム大阪,unknown,low,False,False,1900134,2000096,[],[],,,,,0,light,2023-06-01T09:00:00+00:00,,UNKNOWN,,,,UNKNOWN,UNKNOWN,,UNKNOWN,,7.7142857142857135,1.5,1.9285714285714284,1.9285714285714284,0.0,3.4142857142857146,4.666666666666667,4.0,6.0,0.0,1.0,1.0,,,,0.0,0.8333333333333334,9.0,1.5,0.0,1.7000000000000002,6.0,0.0,4.0,0.0,1.0,6.0,,,,True,True,UNKNOWN,False,False
2021012969,2023-06-01 18:00:00,福岡ソフトバンクホークス,中日ドラゴンズ,5.0,6.0,UNKNOWN,福岡PayPayドーム,unknown,low,False,False,1600106,1900147,[],[],,,,,0,light,2023-06-01T09:00:00+00:00,,UNKNOWN,,,,UNKNOWN,UNKNOWN,,UNKNOWN,,4.5,1.5,4.5,1.5,0.0,2.7,6.0,3.0,8.0,0.0,1.0,3.0,,,,8.307692307692308,1.6153846153846154,6.230769230769231,4.153846153846154,0.0,3.2,4.333333333333333,4.0,5.0,0.0,2.0,3.0,,,,True,True,UNKNOWN,False,False
2021012970,2023-06-02 18:00:00,読売ジャイアンツ,北海道日本ハムファイターズ,2.0,8.0,UNKNOWN,東京ドーム,unknown,low,False,False,1900073,1800026,[],[],,,,,0,light,2023-06-02T09:00:00+00:00,,UNKNOWN,,,,UNKNOWN,UNKNOWN,,UNKNOWN,,3.176470588235294,1.7647058823529411,4.764705882352941,1.588235294117647,1.588235294117647,4.964705882352941,5.666666666666667,2.0,9.0,1.0,1.0,3.0,,,,9.0,1.8,3.6,0.0,1.8,5.0,5.0,5.0,9.0,1.0,0.0,2.0,,,,True,True,UNKNOWN,False,False
2021012975,2023-06-02 18:00:00,広島東洋カープ,福岡ソフトバンクホークス,1.0,5.0,UNKNOWN,MAZDA Zoom-Zoom スタジアム広島,unknown,low,False,False,20204,1600123,[],[],,,,,0,light,2023-06-02T09:00:00+00:00,,UNKNOWN,,,,UNKNOWN,UNKNOWN,,UNKNOWN,,0.0,1.0,18.0,0.0,0.0,-0.7999999999999998,1.0,0.0,1.0,0.0,0.0,2.0,,,,4.5,1.3333333333333333,7.5,0.0,1.5,3.7,6.0,3.0,8.0,1.0,0.0,5.0,,,,True,True,UNKNOWN,False,False
2021012973,2023-06-02 18:00:00,中日ドラゴンズ,オリックス・バファローズ,2.0,1.0,UNKNOWN,バンテリンドーム ナゴヤ,interleague,high,True,True,1600150,1500074,[],[],,,,,0,light,2023-06-02T09:00:00+00:00,,UNKNOWN,,,,UNKNOWN,UNKNOWN,,UNKNOWN,,1.5,1.0,9.0,4.5,0.0,2.7,6.0,1.0,3.0,0.0,3.0,6.0,,,,1.2857142857142858,1.0,9.0,1.2857142857142858,0.0,1.6285714285714288,7.0,1.0,6.0,0.0,1.0,7.0,,,,True,True,UNKNOWN,False,False
2021012978,2023-06-03 14:00:00,横浜DeNAベイスターズ,埼玉西武ライオンズ,6.0,2.0,UNKNOWN,横浜スタジアム,unknown,low,False,False,1400182,1460045,[],[],,,,,0,light,2023-06-03T05:00:00+00:00,,UNKNOWN,,,,UNKNOWN,UNKNOWN,,UNKNOWN,,4.5,1.6666666666666667,6.0,3.0,0.0,2.8666666666666667,6.0,3.0,8.0,0.0,2.0,4.0,,,,2.25,0.75,11.25,3.375,2.25,5.075,8.0,2.0,3.0,2.0,3.0,10.0,,,,True,True,UNKNOWN,False,False
2021012976,2023-06-03 14:00:00,読売ジャイアンツ,北海道日本ハムファイターズ,3.0,2.0,UNKNOWN,東京ドーム,unknown,low,False,False,2000079,1961407,[],[],,,,,0,light,2023-06-03T05:00:00+00:00,,UNKNOWN,,,,UNKNOWN,UNKNOWN,,UNKNOWN,,1.2857142857142858,1.1428571428571428,6.428571428571429,1.2857142857142858,0.0,2.2,7.0,1.0,7.0,0.0,1.0,5.0,,,,1.2857142857142858,0.7142857142857143,7.714285714285714,1.2857142857142858,1.2857142857142858,3.7714285714285714,7.0,1.0,4.0,1.0,1.0,6.0,,,,True,True,UNKNOWN,False,False
2021012981,2023-06-03 14:00:00,広島東洋カープ,福岡ソフトバンクホークス,4.0,2.0,UNKNOWN,MAZDA Zoom-Zoom スタジアム広島,unknown,low,False,False,1300080,1900052,[],[],,,,,0,light,2023-06-03T05:00:00+00:00,,UNKNOWN,,,,UNKNOWN,UNKNOWN,,UNKNOWN,,3.0,1.5,9.0,3.0,0.0,2.2,6.0,2.0,7.0,0.0,2.0,6.0,,,,0.0,0.5714285714285714,9.0,2.571428571428572,0.0,2.0571428571428574,7.0,0.0,2.0,0.0,2.0,7.0,,,,True,True,UNKNOWN,False,False
2021012979,2023-06-03 14:00:00,中日ドラゴンズ,オリックス・バファローズ,1.0,5.0,UNKNOWN,バンテリンドーム ナゴヤ,unknown,low,False,False,1400195,1200098,[],[],,,,,0,light,2023-06-03T05:00:00+00:00,,UNKNOWN,,,,UNKNOWN,UNKNOWN,,UNKNOWN,,1.5,0.8333333333333334,9.0,1.5,0.0,1.7000000000000002,6.0,1.0,4.0,0.0,1.0,6.0,,,,0.0,0.2,5.4,0.0,0.0,2.0,5.0,0.0,1.0,0.0,0.0,3.0,,,,True,True,UNKNOWN,False,False
2021012977,2023-06-03 14:00:00,東京ヤクルトスワローズ,東北楽天ゴールデンイーグルス,9.0,5.0,UNKNOWN,明治神宮野球場,unknown,low,False,False,2000121,1760587,[],[],,,,,0,light,2023-06-03T05:00:00+00:00,,UNKNOWN,,,,UNKNOWN,UNKNOWN,,UNKNOWN,,27.0,3.0,4.5,0.0,9.0,15.2,2.0,6.0,6.0,2.0,0.0,1.0,,,,7.2,1.8,5.4,3.6,0.0,3.2,5.0,4.0,7.0,0.0,2.0,3.0,,,,True,True,UNKNOWN,False,False
2021012980,2023-06-03 18:00:00,阪神タイガース,千葉ロッテマリーンズ,6.0,5.0,UNKNOWN,阪神甲子園球場,unknown,low,False,False,1600146,1700137,[],[],,,,,0,light,2023-06-03T09:00:00+00:00,,UNKNOWN,,,,UNKNOWN,UNKNOWN,,UNKNOWN,,4.5,0.8333333333333334,10.5,4.5,1.5,4.533333333333333,6.0,3.0,2.0,1.0,3.0,7.0,,,,2.8421052631578947,1.2631578947368425,9.947368421052632,0.0,1.4210526315789471,3.042105263157895,6.333333333333333,2.0,8.0,1.0,0.0,7.0,,,,True,True,UNKNOWN,False,False
2021012983,2023-06-04 13:30:00,東京ヤクルトスワローズ,東北楽天ゴールデンイーグルス,5.0,2.0,UNKNOWN,明治神宮野球場,unknown,low,False,False,2106793,1500139,[],[],,,,,0,light,2023-06-04T04:30:00+00:00,,UNKNOWN,,,,UNKNOWN,UNKNOWN,,UNKNOWN,,13.5,3.5,4.5,18.0,0.0,8.2,2.0,3.0,3.0,0.0,4.0,1.0,,,,1.8,1.0,1.8,5.4,0.0,4.6,5.0,1.0,2.0,0.0,3.0,1.0,,,,True,True,UNKNOWN,False,False
2021012987,2023-06-04 13:30:00,広島東洋カープ,福岡ソフトバンクホークス,2.0,3.0,UNKNOWN,MAZDA Zoom-Zoom スタジアム広島,unknown,low,False,False,1400176,1860147,[],[],,,,,0,light,2023-06-04T04:30:00+00:00,,UNKNOWN,,,,UNKNOWN,UNKNOWN,,UNKNOWN,,1.6875,1.6875,6.75,6.75,0.0,3.95,5.333333333333333,1.0,5.0,0.0,4.0,4.0,,,,0.0,0.6,9.0,5.4,0.0,3.0,5.0,0.0,0.0,0.0,3.0,5.0,,,,True,True,UNKNOWN,False,False
2021012982,2023-06-04 14:00:00,読売ジャイアンツ,北海道日本ハムファイターズ,3.0,10.0,UNKNOWN,東京ドーム,unknown,low,False,False,1750903,1850809,[],[],,,,,0,light,2023-06-04T05:00:00+00:00,,UNKNOWN,,,,UNKNOWN,UNKNOWN,,UNKNOWN,,3.857142857142857,1.2857142857142858,7.714285714285714,1.2857142857142858,2.571428571428572,5.628571428571428,7.0,3.0,8.0,2.0,1.0,6.0,,,,15.0,2.6666666666666665,12.0,3.0,3.0,5.866666666666667,3.0,5.0,7.0,1.0,1.0,4.0,,,,True,True,UNKNOWN,False,False
2021012984,2023-06-04 14:00:00,横浜DeNAベイスターズ,埼玉西武ライオンズ,5.0,4.0,UNKNOWN,横浜スタジアム,interleague,high,True,True,1700124,1660377,[],[],,,,,0,light,2023-06-04T05:00:00+00:00,,UNKNOWN,,,,UNKNOWN,UNKNOWN,,UNKNOWN,,0.0,0.7142857142857143,2.571428571428572,2.571428571428572,0.0,3.4857142857142858,7.0,0.0,3.0,0.0,2.0,2.0,,,,6.75,2.0625,6.75,3.375,0.0,2.825,5.333333333333333,4.0,9.0,0.0,2.0,4.0,,,,True,True,UNKNOWN,False,False
2021012985,2023-06-04 14:00:00,中日ドラゴンズ,オリックス・バファローズ,0.0,5.0,UNKNOWN,バンテリンドーム ナゴヤ,unknown,low,False,False,1900087,2000042,[],[],,,,,0,light,2023-06-04T05:00:00+00:00,,UNKNOWN,,,,UNKNOWN,UNKNOWN,,UNKNOWN,,0.0,0.2222222222222222,10.0,0.0,0.0,0.977777777777778,9.0,0.0,2.0,0.0,0.0,10.0,,,,0.0,0.8571428571428571,16.714285714285715,1.2857142857142858,0.0,-0.0857142857142854,7.0,0.0,5.0,0.0,1.0,13.0,,,,True,True,UNKNOWN,False,False
2021012986,2023-06-04 14:00:00,阪神タイガース,千葉ロッテマリーンズ,2.0,0.0,UNKNOWN,阪神甲子園球場,unknown,low,False,False,1900080,1600115,[],[],,,,,0,light,2023-06-04T05:00:00+00:00,,UNKNOWN,,,,UNKNOWN,UNKNOWN,,UNKNOWN,,1.5,0.8333333333333334,15.0,6.0,0.0,1.866666666666667,6.0,1.0,1.0,0.0,4.0,10.0,,,,0.0,0.4444444444444444,12.0,1.0,0.0,0.8666666666666667,9.0,0.0,3.0,0.0,1.0,12.0,,,,True,True,UNKNOWN,False,False
2021012989,2023-06-06 18:00:00,東北楽天ゴールデンイーグルス,阪神タイガース,4.0,1.0,UNKNOWN,楽天モバイルパーク宮城,unknown,low,False,False,2000055,1200117,[],[],,,,,0,light,2023-06-06T09:00:00+00:00,,UNKNOWN,,,,UNKNOWN,UNKNOWN,,UNKNOWN,,4.5,1.125,6.75,2.25,1.125,4.075,8.0,4.0,7.0,1.0,2.0,6.0,,,,1.5,1.0,4.5,3.0,0.0,3.2,6.0,1.0,4.0,0.0,2.0,3.0,,,,True,True,UNKNOWN,False,False
2021015056,2023-06-05 18:00:00,阪神タイガース,千葉ロッテマリーンズ,7.0,7.0,UNKNOWN,阪神甲子園球場,unknown,low,False,False,1800052,2103707,[],[],,,,,0,light,2023-06-05T09:00:00+00:00,,UNKNOWN,,,,UNKNOWN,UNKNOWN,,UNKNOWN,,9.0,1.8,9.0,1.8,1.8,4.4,5.0,5.0,8.0,1.0,1.0,5.0,,,,7.7142857142857135,1.9285714285714284,5.785714285714286,7.7142857142857135,0.0,4.485714285714286,4.666666666666667,4.0,5.0,0.0,4.0,3.0,,,,True,True,UNKNOWN,False,False
2021012990,2023-06-06 18:00:00,埼玉西武ライオンズ,中日ドラゴンズ,1.0,2.0,UNKNOWN,埼玉県営大宮公園野球場,interleague,high,True,True,1700101,1700125,[],[],,,,,0,light,2023-06-06T09:00:00+00:00,,UNKNOWN,,,,UNKNOWN,UNKNOWN,,UNKNOWN,,0.0,1.0588235294117647,0.0,1.588235294117647,0.0,3.7294117647058815,5.666666666666667,0.0,5.0,0.0,1.0,0.0,,,,2.571428571428572,1.0,7.714285714285714,0.0,0.0,1.485714285714286,7.0,2.0,7.0,0.0,0.0,6.0,,,,True,True,UNKNOWN,False,False
2021012988,2023-06-06 18:00:00,北海道日本ハムファイターズ,広島東洋カープ,2.0,3.0,UNKNOWN,ES CON FIELD HOKKAIDO,unknown,low,False,False,1300057,1500109,[],[],,,,,0,light,2023-06-06T09:00:00+00:00,,UNKNOWN,,,,UNKNOWN,UNKNOWN,,UNKNOWN,,3.0,1.5,9.0,3.0,1.5,4.366666666666667,6.0,2.0,7.0,1.0,2.0,6.0,,,,1.5,1.1666666666666667,6.0,1.5,0.0,2.3666666666666667,6.0,1.0,6.0,0.0,1.0,4.0,,,,True,True,UNKNOWN,False,False
2021012992,2023-06-06 18:00:00,オリックス・バファローズ,読売ジャイアンツ,2.0,1.0,UNKNOWN,京セラドーム大阪,unknown,low,False,False,1800023,1600153,[],[],,,,,0,light,2023-06-06T09:00:00+00:00,,UNKNOWN,,,,UNKNOWN,UNKNOWN,,UNKNOWN,,7.7142857142857135,2.571428571428571,3.8571428571428568,7.7142857142857135,0.0,4.914285714285715,2.333333333333333,2.0,4.0,0.0,2.0,1.0,,,,1.125,0.5,6.75,0.0,0.0,1.7000000000000002,8.0,1.0,4.0,0.0,0.0,6.0,,,,True,True,UNKNOWN,False,False
2021015055,2023-06-05 18:00:00,横浜DeNAベイスターズ,埼玉西武ライオンズ,4.0,6.0,UNKNOWN,横浜スタジアム,unknown,low,False,False,1800080,1300031,[],[],,,,,0,light,2023-06-05T09:00:00+00:00,,UNKNOWN,,,,UNKNOWN,UNKNOWN,,UNKNOWN,,3.6,1.6,9.0,5.4,0.0,3.0,5.0,2.0,5.0,0.0,3.0,5.0,,,,12.0,3.0,9.0,3.0,0.0,2.2,3.0,4.0,8.0,0.0,1.0,3.0,,,,True,True,UNKNOWN,False,False
2021012991,2023-06-06 18:00:00,千葉ロッテマリーンズ,東京ヤクルトスワローズ,3.0,10.0,UNKNOWN,ZOZOマリンスタジアム,unknown,low,False,False,1200076,1000155,[],[],,,,,0,light,2023-06-06T09:00:00+00:00,,UNKNOWN,,,,UNKNOWN,UNKNOWN,,UNKNOWN,,4.5,1.1666666666666667,7.5,4.5,1.5,5.2,6.0,3.0,4.0,1.0,3.0,5.0,,,,5.684210526315789,1.2631578947368425,8.526315789473685,5.684210526315789,0.0,3.2,6.333333333333333,4.0,4.0,0.0,4.0,6.0,,,,True,True,UNKNOWN,False,False
2021012993,2023-06-06 18:00:00,福岡ソフトバンクホークス,横浜DeNAベイスターズ,2.0,1.0,UNKNOWN,福岡PayPayドーム,excluded,high,False,False,1500061,1400117,[],[],,,,,0,light,2023-06-06T09:00:00+00:00,,UNKNOWN,,,,UNKNOWN,UNKNOWN,,UNKNOWN,,1.125,0.375,9.0,2.25,1.125,3.575,8.0,1.0,1.0,1.0,2.0,8.0,,,,0.0,1.05,2.7,2.7,0.0,3.5,6.666666666666667,0.0,5.0,0.0,2.0,2.0,,,,True,True,UNKNOWN,False,False
2021012996,2023-06-07 18:00:00,埼玉西武ライオンズ,中日ドラゴンズ,2.0,1.0,UNKNOWN,ベルーナドーム,unknown,low,False,False,500014,1500104,[],[],,,,,0,light,2023-06-07T09:00:00+00:00,,UNKNOWN,,,,UNKNOWN,UNKNOWN,,UNKNOWN,,1.125,0.875,2.25,2.25,0.0,3.45,8.0,1.0,5.0,0.0,2.0,2.0,,,,0.0,1.5,9.0,4.5,0.0,2.7,4.0,0.0,4.0,0.0,2.0,4.0,,,,True,True,UNKNOWN,False,False
2021012994,2023-06-07 18:00:00,北海道日本ハムファイターズ,広島東洋カープ,0.0,1.0,UNKNOWN,ES CON FIELD HOKKAIDO,unknown,low,False,False,1300058,1500110,[],[],,,,,0,light,2023-06-07T09:00:00+00:00,,UNKNOWN,,,,UNKNOWN,UNKNOWN,,UNKNOWN,,0.0,0.5714285714285714,9.0,2.571428571428572,0.0,2.0571428571428574,7.0,0.0,2.0,0.0,2.0,7.0,,,,1.125,0.5,2.25,1.125,1.125,4.7,8.0,1.0,3.0,1.0,1.0,2.0,,,,True,True,UNKNOWN,False,False
2021012997,2023-06-07 18:00:00,千葉ロッテマリーンズ,東京ヤクルトスワローズ,6.0,0.0,UNKNOWN,ZOZOマリンスタジアム,interleague,high,True,True,1500042,1700002,[],[],,,,,0,light,2023-06-07T09:00:00+00:00,,UNKNOWN,,,,UNKNOWN,UNKNOWN,,UNKNOWN,,5.785714285714286,1.7142857142857142,9.642857142857142,5.785714285714286,0.0,2.9857142857142858,4.666666666666667,3.0,5.0,0.0,3.0,5.0,,,,0.0,0.5714285714285714,5.142857142857143,2.571428571428572,0.0,2.9142857142857146,7.0,0.0,2.0,0.0,2.0,4.0,,,,True,True,UNKNOWN,False,False
2021012995,2023-06-07 18:00:00,東北楽天ゴールデンイーグルス,阪神タイガース,3.0,11.0,UNKNOWN,楽天モバイルパーク宮城,unknown,low,False,False,900062,700069,[],[],,,,,0,light,2023-06-07T09:00:00+00:00,,UNKNOWN,,,,UNKNOWN,UNKNOWN,,UNKNOWN,,3.176470588235294,1.4117647058823528,1.588235294117647,0.0,3.176470588235294,7.435294117647059,5.666666666666667,2.0,8.0,2.0,0.0,1.0,,,,7.2,2.2,5.4,5.4,0.0,3.8,5.0,4.0,8.0,0.0,3.0,3.0,,,,True,True,UNKNOWN,False,False
2021012999,2023-06-07 18:00:00,福岡ソフトバンクホークス,横浜DeNAベイスターズ,4.0,0.0,UNKNOWN,福岡PayPayドーム,unknown,low,False,False,1400110,1200106,[],[],,,,,0,light,2023-06-07T09:00:00+00:00,,UNKNOWN,,,,UNKNOWN,UNKNOWN,,UNKNOWN,,1.6875,1.6875,6.75,1.6875,0.0,2.2625,5.333333333333333,1.0,8.0,0.0,1.0,4.0,,,,0.0,0.7142857142857143,9.0,3.857142857142857,0.0,2.4857142857142858,7.0,0.0,2.0,0.0,3.0,7.0,,,,True,True,UNKNOWN,False,False
2021012998,2023-06-07 18:00:00,オリックス・バファローズ,読売ジャイアンツ,0.0,10.0,UNKNOWN,京セラドーム大阪,excluded,high,False,False,1800028,1750595,[],[],,,,,0,light,2023-06-07T09:00:00+00:00,,UNKNOWN,,,,UNKNOWN,UNKNOWN,,UNKNOWN,,0.0,1.4285714285714286,6.428571428571429,5.142857142857143,0.0,3.4857142857142858,7.0,0.0,6.0,0.0,4.0,5.0,,,,1.9285714285714284,1.7142857142857142,5.785714285714286,1.9285714285714284,0.0,2.5571428571428574,4.666666666666667,1.0,7.0,0.0,1.0,3.0,,,,True,True,UNKNOWN,False,False
2021013000,2023-06-08 18:00:00,北海道日本ハムファイターズ,広島東洋カープ,2.0,7.0,UNKNOWN,ES CON FIELD HOKKAIDO,unknown,low,False,False,1900134,1100099,[],[],,,,,0,light,2023-06-08T09:00:00+00:00,,UNKNOWN,,,,UNKNOWN,UNKNOWN,,UNKNOWN,,2.571428571428572,0.7142857142857143,6.428571428571429,2.571428571428572,0.0,2.628571428571429,7.0,2.0,3.0,0.0,2.0,5.0,,,,1.125,0.75,10.125,1.125,0.0,1.3250000000000002,8.0,1.0,5.0,0.0,1.0,9.0,,,,True,True,UNKNOWN,False,False
2021013001,2023-06-08 18:00:00,東北楽天ゴールデンイーグルス,阪神タイガース,6.0,4.0,UNKNOWN,楽天モバイルパーク宮城,excluded,high,False,False,2000052,900090,[],[],,,,,0,light,2023-06-08T09:00:00+00:00,,UNKNOWN,,,,UNKNOWN,UNKNOWN,,UNKNOWN,,3.857142857142857,1.1428571428571428,3.857142857142857,1.2857142857142858,0.0,2.771428571428572,7.0,3.0,7.0,0.0,1.0,3.0,,,,0.0,0.75,9.45,2.7,0.0,2.0,6.666666666666667,0.0,3.0,0.0,2.0,7.0,,,,True,True,UNKNOWN,False,False
2021013002,2023-06-08 18:00:00,埼玉西武ライオンズ,中日ドラゴンズ,2.0,8.0,UNKNOWN,ベルーナドーム,unknown,low,False,False,1600106,1900061,[],[],,,,,0,light,2023-06-08T09:00:00+00:00,,UNKNOWN,,,,UNKNOWN,UNKNOWN,,UNKNOWN,,2.0,0.4444444444444444,7.0,0.0,1.0,3.088888888888889,9.0,2.0,4.0,1.0,0.0,7.0,,,,10.8,2.6,5.4,7.2,1.8,7.0,5.0,6.0,9.0,1.0,4.0,3.0,,,,True,True,UNKNOWN,False,False
2021013003,2023-06-08 18:00:00,千葉ロッテマリーンズ,東京ヤクルトスワローズ,3.0,2.0,UNKNOWN,ZOZOマリンスタジアム,interleague,high,True,True,2000139,2101291,[],[],,,,,0,light,2023-06-08T09:00:00+00:00,,UNKNOWN,,,,UNKNOWN,UNKNOWN,,UNKNOWN,,3.0,1.5,4.5,3.0,1.5,5.366666666666667,6.0,2.0,7.0,1.0,2.0,3.0,,,,0.0,0.8333333333333334,10.5,1.5,0.0,1.366666666666667,6.0,0.0,4.0,0.0,1.0,7.0,,,,True,True,UNKNOWN,False,False
2021013004,2023-06-08 18:00:00,オリックス・バファローズ,読売ジャイアンツ,0.0,6.0,UNKNOWN,京セラドーム大阪,interleague,high,True,True,2000006,1600150,[],[],,,,,0,light,2023-06-08T09:00:00+00:00,,UNKNOWN,,,,UNKNOWN,UNKNOWN,,UNKNOWN,,0.0,0.75,6.75,1.125,0.0,2.075,8.0,0.0,5.0,0.0,1.0,6.0,,,,0.0,0.7142857142857143,5.142857142857143,2.571428571428572,0.0,2.9142857142857146,7.0,0.0,3.0,0.0,2.0,4.0,,,,True,True,UNKNOWN,False,False
2021013005,2023-06-08 18:00:00,福岡ソフトバンクホークス,横浜DeNAベイスターズ,5.0,6.0,UNKNOWN,福岡PayPayドーム,interleague,high,True,True,1700058,1300077,[],[],,,,,0,light,2023-06-08T09:00:00+00:00,,UNKNOWN,,,,UNKNOWN,UNKNOWN,,UNKNOWN,,3.857142857142857,1.1428571428571428,5.142857142857143,2.571428571428572,1.2857142857142858,4.771428571428571,7.0,3.0,6.0,1.0,2.0,4.0,,,,16.875,2.625,6.75,3.375,0.0,2.825,2.6666666666666665,5.0,6.0,0.0,1.0,2.0,,,,True,True,UNKNOWN,False,False
2021013006,2023-06-09 18:00:00,北海道日本ハムファイターズ,阪神タイガース,4.0,0.0,UNKNOWN,ES CON FIELD HOKKAIDO,excluded,high,False,False,2106172,1900073,[],[],,,,,0,light,2023-06-09T09:00:00+00:00,,UNKNOWN,,,,UNKNOWN,UNKNOWN,,UNKNOWN,,6.0,2.333333333333333,6.0,6.0,0.0,3.8666666666666663,3.0,2.0,5.0,0.0,2.0,2.0,,,,0.0,0.8333333333333334,1.5,1.5,0.0,3.3666666666666667,6.0,0.0,4.0,0.0,1.0,1.0,,,,True,True,UNKNOWN,False,False
2021013007,2023-06-09 18:00:00,東北楽天ゴールデンイーグルス,中日ドラゴンズ,5.0,4.0,UNKNOWN,楽天モバイルパーク宮城,unknown,low,False,False,1500074,1600092,[],[],,,,,0,light,2023-06-09T09:00:00+00:00,,UNKNOWN,,,,UNKNOWN,UNKNOWN,,UNKNOWN,,5.4,1.7999999999999998,6.75,2.7,0.0,2.6,6.666666666666667,4.0,10.0,0.0,2.0,5.0,,,,5.4,1.4,10.8,1.8,0.0,1.4,5.0,3.0,6.0,0.0,1.0,6.0,,,,True,True,UNKNOWN,False,False
2021013008,2023-06-09 18:00:00,埼玉西武ライオンズ,東京ヤクルトスワローズ,2.0,1.0,UNKNOWN,ベルーナドーム,excluded,high,False,False,1760587,1751148,[],[],,,,,0,light,2023-06-09T09:00:00+00:00,,UNKNOWN,,,,UNKNOWN,UNKNOWN,,UNKNOWN,,2.8421052631578947,1.2631578947368425,1.4210526315789471,1.4210526315789471,1.4210526315789471,5.410526315789474,6.333333333333333,2.0,7.0,1.0,1.0,1.0,,,,1.8,1.4,12.6,3.6,0.0,1.6,5.0,1.0,5.0,0.0,2.0,7.0,,,,True,True,UNKNOWN,False,False
2021013009,2023-06-09 18:00:00,千葉ロッテマリーンズ,広島東洋カープ,2.0,3.0,UNKNOWN,ZOZOマリンスタジアム,unknown,low,False,False,1600123,900081,[],[],,,,,0,light,2023-06-09T09:00:00+00:00,,UNKNOWN,,,,UNKNOWN,UNKNOWN,,UNKNOWN,,1.125,0.625,4.5,1.125,0.0,2.575,8.0,1.0,4.0,0.0,1.0,4.0,,,,4.05,1.5,9.45,1.35,0.0,1.5500000000000005,6.666666666666667,3.0,9.0,0.0,1.0,7.0,,,,True,True,UNKNOWN,False,False
2021013011,2023-06-09 18:00:00,福岡ソフトバンクホークス,読売ジャイアンツ,5.0,1.0,UNKNOWN,福岡PayPayドーム,unknown,low,False,False,1800026,20204,[],[],,,,,0,light,2023-06-09T09:00:00+00:00,,UNKNOWN,,,,UNKNOWN,UNKNOWN,,UNKNOWN,,5.785714285714286,1.7142857142857142,1.9285714285714284,7.7142857142857135,1.9285714285714284,8.128571428571428,4.666666666666667,3.0,4.0,1.0,4.0,1.0,,,,1.588235294117647,0.8823529411764706,9.529411764705882,1.588235294117647,1.588235294117647,3.905882352941177,5.666666666666667,1.0,4.0,1.0,1.0,6.0,,,,True,True,UNKNOWN,False,False
2021013010,2023-06-09 18:00:00,オリックス・バファローズ,横浜DeNAベイスターズ,2.0,4.0,UNKNOWN,京セラドーム大阪,unknown,low,False,False,1460045,2000096,[],[],,,,,0,light,2023-06-09T09:00:00+00:00,,UNKNOWN,,,,UNKNOWN,UNKNOWN,,UNKNOWN,,1.2857142857142858,1.2857142857142858,11.571428571428571,5.142857142857143,1.2857142857142858,4.2,7.0,1.0,5.0,1.0,4.0,9.0,,,,3.0,1.0,10.5,3.0,0.0,1.866666666666667,6.0,2.0,4.0,0.0,2.0,7.0,,,,True,True,UNKNOWN,False,False
2021013012,2023-06-10 14:00:00,北海道日本ハムファイターズ,阪神タイガース,4.0,3.0,UNKNOWN,ES CON FIELD HOKKAIDO,unknown,low,False,False,1700137,2000079,[],[],,,,,0,light,2023-06-10T05:00:00+00:00,,UNKNOWN,,,,UNKNOWN,UNKNOWN,,UNKNOWN,,5.142857142857143,1.2857142857142858,6.428571428571429,2.571428571428572,2.571428571428572,6.342857142857143,7.0,4.0,7.0,2.0,2.0,5.0,,,,3.857142857142857,1.1428571428571428,9.0,0.0,0.0,1.2000000000000002,7.0,3.0,8.0,0.0,0.0,7.0,,,,True,True,UNKNOWN,False,False
2021013014,2023-06-10 14:00:00,埼玉西武ライオンズ,東京ヤクルトスワローズ,0.0,2.0,UNKNOWN,ベルーナドーム,unknown,low,False,False,12113,1400182,[],[],,,,,0,light,2023-06-10T05:00:00+00:00,,UNKNOWN,,,,UNKNOWN,UNKNOWN,,UNKNOWN,,0.0,0.7058823529411764,3.176470588235294,1.588235294117647,0.0,3.0235294117647062,5.666666666666667,0.0,3.0,0.0,1.0,2.0,,,,1.2857142857142858,1.2857142857142858,6.428571428571429,5.142857142857143,0.0,3.4857142857142858,7.0,1.0,5.0,0.0,4.0,5.0,,,,True,True,UNKNOWN,False,False
2021013016,2023-06-10 14:00:00,オリックス・バファローズ,横浜DeNAベイスターズ,7.0,3.0,UNKNOWN,京セラドーム大阪,unknown,low,False,False,1660377,1400195,[],[],,,,,0,light,2023-06-10T05:00:00+00:00,,UNKNOWN,,,,UNKNOWN,UNKNOWN,,UNKNOWN,,5.4,2.2,3.6,5.4,3.6,9.4,5.0,3.0,8.0,2.0,3.0,2.0,,,,5.0625,1.125,3.375,0.0,0.0,2.45,5.333333333333333,3.0,6.0,0.0,0.0,2.0,,,,True,True,UNKNOWN,False,False
2021013013,2023-06-10 14:00:00,東北楽天ゴールデンイーグルス,中日ドラゴンズ,1.0,0.0,UNKNOWN,楽天モバイルパーク宮城,interleague,high,True,True,1200098,2000121,[],[],,,,,0,light,2023-06-10T05:00:00+00:00,,UNKNOWN,,,,UNKNOWN,UNKNOWN,,UNKNOWN,,1.6875,1.5,0.0,3.375,0.0,4.325,5.333333333333333,1.0,6.0,0.0,2.0,0.0,,,,0.0,0.8571428571428571,5.142857142857143,2.571428571428572,0.0,2.9142857142857146,7.0,0.0,4.0,0.0,2.0,4.0,,,,True,True,UNKNOWN,False,False
2021013015,2023-06-10 14:00:00,千葉ロッテマリーンズ,広島東洋カープ,5.0,4.0,UNKNOWN,ZOZOマリンスタジアム,excluded,high,False,False,1900052,1900085,[],[],,,,,0,light,2023-06-10T05:00:00+00:00,,UNKNOWN,,,,UNKNOWN,UNKNOWN,,UNKNOWN,,3.857142857142857,1.1428571428571428,7.714285714285714,2.571428571428572,1.2857142857142858,4.2,7.0,3.0,6.0,1.0,2.0,6.0,,,,3.6,1.6,9.0,7.2,1.8,6.2,5.0,2.0,4.0,1.0,4.0,5.0,,,,True,True,UNKNOWN,False,False
2021013017,2023-06-10 14:00:00,福岡ソフトバンクホークス,読売ジャイアンツ,6.0,10.0,UNKNOWN,福岡PayPayドーム,interleague,high,True,True,1100038,1300080,[],[],,,,,0,light,2023-06-10T05:00:00+00:00,,UNKNOWN,,,,UNKNOWN,UNKNOWN,,UNKNOWN,,11.571428571428571,2.571428571428571,3.8571428571428568,3.8571428571428568,0.0,3.628571428571429,2.333333333333333,3.0,5.0,0.0,1.0,1.0,,,,14.727272727272728,2.181818181818182,9.818181818181818,2.4545454545454546,4.909090909090909,8.927272727272728,3.6666666666666665,6.0,7.0,2.0,1.0,4.0,,,,True,True,UNKNOWN,False,False
2021013018,2023-06-11 13:00:00,北海道日本ハムファイターズ,阪神タイガース,0.0,1.0,UNKNOWN,ES CON FIELD HOKKAIDO,unknown,low,False,False,1600115,1750903,[],[],,,,,0,light,2023-06-11T04:00:00+00:00,,UNKNOWN,,,,UNKNOWN,UNKNOWN,,UNKNOWN,,0.0,0.8571428571428571,6.428571428571429,2.571428571428572,0.0,2.628571428571429,7.0,0.0,4.0,0.0,2.0,5.0,,,,1.9285714285714284,1.9285714285714284,11.571428571428571,11.571428571428571,0.0,4.485714285714286,4.666666666666667,1.0,3.0,0.0,6.0,6.0,,,,True,True,UNKNOWN,False,False
2021013020,2023-06-11 13:00:00,埼玉西武ライオンズ,東京ヤクルトスワローズ,2.0,3.0,UNKNOWN,ベルーナドーム,unknown,low,False,False,1500139,1700124,[],[],,,,,0,light,2023-06-11T04:00:00+00:00,,UNKNOWN,,,,UNKNOWN,UNKNOWN,,UNKNOWN,,1.5,0.8333333333333334,6.0,1.5,0.0,2.3666666666666667,6.0,1.0,4.0,0.0,1.0,4.0,,,,2.571428571428572,1.0,15.428571428571429,0.0,0.0,-0.2285714285714282,7.0,2.0,7.0,0.0,0.0,12.0,,,,True,True,UNKNOWN,False,False
2021013024,2023-06-13 18:00:00,読売ジャイアンツ,埼玉西武ライオンズ,3.0,0.0,UNKNOWN,東京ドーム,unknown,low,False,False,1800080,1660388,[],[],,,,,0,light,2023-06-13T09:00:00+00:00,,UNKNOWN,,,,UNKNOWN,UNKNOWN,,UNKNOWN,,4.5,1.8333333333333333,9.0,6.0,1.5,5.366666666666667,6.0,3.0,7.0,1.0,4.0,6.0,,,,0.0,1.0,9.0,3.0,0.0,2.2,6.0,0.0,4.0,0.0,2.0,6.0,,,,True,True,UNKNOWN,False,False
2021013022,2023-06-11 13:00:00,オリックス・バファローズ,横浜DeNAベイスターズ,4.0,8.0,UNKNOWN,京セラドーム大阪,unknown,low,False,False,1800045,1900087,[],[],,,,,0,light,2023-06-11T04:00:00+00:00,,UNKNOWN,,,,UNKNOWN,UNKNOWN,,UNKNOWN,,4.5,1.1666666666666667,1.5,1.5,1.5,5.533333333333333,6.0,3.0,6.0,1.0,1.0,1.0,,,,14.4,1.8,0.0,3.6,5.4,12.2,5.0,8.0,7.0,3.0,2.0,0.0,,,,True,True,UNKNOWN,False,False
2021013021,2023-06-11 14:00:00,千葉ロッテマリーンズ,広島東洋カープ,6.0,5.0,UNKNOWN,ZOZOマリンスタジアム,unknown,low,False,False,1750941,1900080,[],[],,,,,0,light,2023-06-11T05:00:00+00:00,,UNKNOWN,,,,UNKNOWN,UNKNOWN,,UNKNOWN,,10.384615384615383,2.076923076923077,6.230769230769231,6.230769230769231,2.076923076923077,6.892307692307693,4.333333333333333,5.0,6.0,1.0,3.0,3.0,,,,2.571428571428572,0.8571428571428571,12.857142857142858,1.2857142857142858,0.0,0.7714285714285718,7.0,2.0,5.0,0.0,1.0,10.0,,,,True,True,UNKNOWN,False,False
2021013023,2023-06-11 13:00:00,福岡ソフトバンクホークス,読売ジャイアンツ,2.0,4.0,UNKNOWN,福岡PayPayドーム,excluded,high,False,False,1200041,1400176,[],[],,,,,0,light,2023-06-11T04:00:00+00:00,,UNKNOWN,,,,UNKNOWN,UNKNOWN,,UNKNOWN,,3.6,1.4,7.2,5.4,0.0,3.4000000000000004,5.0,2.0,4.0,0.0,3.0,4.0,,,,0.0,0.6666666666666666,12.0,3.0,0.0,1.5333333333333334,3.0,0.0,1.0,0.0,1.0,4.0,,,,True,True,UNKNOWN,False,False
2021013025,2023-06-13 18:00:00,東京ヤクルトスワローズ,福岡ソフトバンクホークス,1.0,5.0,UNKNOWN,明治神宮野球場,unknown,low,False,False,1400117,1200076,[],[],,,,,0,light,2023-06-13T09:00:00+00:00,,UNKNOWN,,,,UNKNOWN,UNKNOWN,,UNKNOWN,,1.5,1.0,3.0,1.5,1.5,5.2,6.0,1.0,5.0,1.0,1.0,2.0,,,,5.4,1.8,5.4,1.8,3.6,7.8,5.0,3.0,8.0,2.0,1.0,3.0,,,,True,True,UNKNOWN,False,False
2021013028,2023-06-13 18:00:00,阪神タイガース,オリックス・バファローズ,0.0,2.0,UNKNOWN,阪神甲子園球場,interleague,high,True,True,1600153,2000055,[],[],,,,,0,light,2023-06-13T09:00:00+00:00,,UNKNOWN,,,,UNKNOWN,UNKNOWN,,UNKNOWN,,0.0,0.375,12.375,1.125,0.0,0.8250000000000002,8.0,0.0,2.0,0.0,1.0,11.0,,,,1.125,0.5,10.125,0.0,1.125,2.575,8.0,1.0,4.0,1.0,0.0,9.0,,,,True,True,UNKNOWN,False,False
2021013026,2023-06-13 18:00:00,横浜DeNAベイスターズ,北海道日本ハムファイターズ,5.0,3.0,UNKNOWN,横浜スタジアム,interleague,high,True,True,1500109,1500061,[],[],,,,,0,light,2023-06-13T09:00:00+00:00,,UNKNOWN,,,,UNKNOWN,UNKNOWN,,UNKNOWN,,9.0,2.25,4.5,0.0,0.0,2.2,4.0,4.0,9.0,0.0,0.0,2.0,,,,2.571428571428572,1.5714285714285714,6.428571428571429,2.571428571428572,0.0,2.628571428571429,7.0,2.0,9.0,0.0,2.0,5.0,,,,True,True,UNKNOWN,False,False
2021013027,2023-06-13 18:00:00,中日ドラゴンズ,千葉ロッテマリーンズ,7.0,0.0,UNKNOWN,バンテリンドーム ナゴヤ,interleague,high,True,True,1800052,2000042,[],[],,,,,0,light,2023-06-13T09:00:00+00:00,,UNKNOWN,,,,UNKNOWN,UNKNOWN,,UNKNOWN,,7.714285714285714,1.5714285714285714,7.714285714285714,2.571428571428572,2.571428571428572,6.057142857142857,7.0,6.0,9.0,2.0,2.0,6.0,,,,0.0,0.7777777777777778,9.0,2.0,0.0,1.866666666666667,9.0,0.0,5.0,0.0,2.0,9.0,,,,True,True,UNKNOWN,False,False
2021013029,2023-06-13 18:00:00,広島東洋カープ,東北楽天ゴールデンイーグルス,3.0,6.0,UNKNOWN,MAZDA Zoom-Zoom スタジアム広島,unknown,low,False,False,1200117,1300057,[],[],,,,,0,light,2023-06-13T09:00:00+00:00,,UNKNOWN,,,,UNKNOWN,UNKNOWN,,UNKNOWN,,5.4,1.6,7.2,0.0,0.0,1.6,5.0,3.0,8.0,0.0,0.0,4.0,,,,9.0,2.0,7.2,1.8,1.8,4.800000000000001,5.0,5.0,9.0,1.0,1.0,4.0,,,,True,True,UNKNOWN,False,False
2021013031,2023-06-14 18:00:00,東京ヤクルトスワローズ,福岡ソフトバンクホークス,2.0,3.0,UNKNOWN,明治神宮野球場,unknown,low,False,False,1200106,1500042,[],[],,,,,0,light,2023-06-14T09:00:00+00:00,,UNKNOWN,,,,UNKNOWN,UNKNOWN,,UNKNOWN,,3.6,2.0,7.2,1.8,0.0,2.2,5.0,2.0,9.0,0.0,1.0,4.0,,,,4.5,1.1666666666666667,10.5,1.5,3.0,5.7,6.0,3.0,6.0,2.0,1.0,7.0,,,,True,True,UNKNOWN,False,False
2021013030,2023-06-14 18:00:00,読売ジャイアンツ,埼玉西武ライオンズ,7.0,1.0,UNKNOWN,東京ドーム,unknown,low,False,False,1961288,1800028,[],[],,,,,0,light,2023-06-14T09:00:00+00:00,,UNKNOWN,,,,UNKNOWN,UNKNOWN,,UNKNOWN,,13.5,3.375,3.375,6.75,3.375,9.575,2.6666666666666665,4.0,7.0,1.0,2.0,1.0,,,,1.5,1.3333333333333333,9.0,1.5,0.0,1.7000000000000002,6.0,1.0,7.0,0.0,1.0,6.0,,,,True,True,UNKNOWN,False,False
2021013033,2023-06-14 18:00:00,中日ドラゴンズ,千葉ロッテマリーンズ,1.0,2.0,UNKNOWN,バンテリンドーム ナゴヤ,interleague,high,True,True,1600146,500014,[],[],,,,,0,light,2023-06-14T09:00:00+00:00,,UNKNOWN,,,,UNKNOWN,UNKNOWN,,UNKNOWN,,1.588235294117647,1.0588235294117647,14.294117647058822,1.588235294117647,0.0,0.5529411764705885,5.666666666666667,1.0,5.0,0.0,1.0,9.0,,,,3.0,1.5,7.5,3.0,0.0,2.5333333333333337,6.0,2.0,7.0,0.0,2.0,5.0,,,,True,True,UNKNOWN,False,False
2021013032,2023-06-14 18:00:00,横浜DeNAベイスターズ,北海道日本ハムファイターズ,2.0,1.0,UNKNOWN,横浜スタジアム,interleague,high,True,True,1500110,1460045,[],[],,,,,0,light,2023-06-14T09:00:00+00:00,,UNKNOWN,,,,UNKNOWN,UNKNOWN,,UNKNOWN,,2.25,0.875,4.5,0.0,0.0,2.2,8.0,2.0,7.0,0.0,0.0,4.0,,,,1.0,0.4444444444444444,12.0,1.0,1.0,2.311111111111112,9.0,1.0,3.0,1.0,1.0,12.0,,,,True,True,UNKNOWN,False,False
2021013035,2023-06-14 18:00:00,広島東洋カープ,東北楽天ゴールデンイーグルス,4.0,3.0,UNKNOWN,MAZDA Zoom-Zoom スタジアム広島,unknown,low,False,False,700069,1300058,[],[],,,,,0,light,2023-06-14T09:00:00+00:00,,UNKNOWN,,,,UNKNOWN,UNKNOWN,,UNKNOWN,,3.0,1.6666666666666667,1.5,3.0,0.0,3.8666666666666663,6.0,2.0,8.0,0.0,2.0,1.0,,,,1.2857142857142858,0.4285714285714285,7.714285714285714,0.0,1.2857142857142858,3.342857142857143,7.0,1.0,3.0,1.0,0.0,6.0,,,,True,True,UNKNOWN,False,False
2021013036,2023-06-15 18:00:00,読売ジャイアンツ,埼玉西武ライオンズ,3.0,2.0,UNKNOWN,東京ドーム,interleague,high,True,True,1700125,2000006,[],[],,,,,0,light,2023-06-15T09:00:00+00:00,,UNKNOWN,,,,UNKNOWN,UNKNOWN,,UNKNOWN,,2.7,0.75,2.7,2.7,1.35,5.45,6.666666666666667,2.0,3.0,1.0,2.0,2.0,,,,2.25,0.875,4.5,1.125,0.0,2.575,8.0,2.0,6.0,0.0,1.0,4.0,,,,True,True,UNKNOWN,False,False
2021013034,2023-06-14 18:00:00,阪神タイガース,オリックス・バファローズ,8.0,3.0,UNKNOWN,阪神甲子園球場,unknown,low,False,False,1750595,900062,[],[],,,,,0,light,2023-06-14T09:00:00+00:00,,UNKNOWN,,,,UNKNOWN,UNKNOWN,,UNKNOWN,,14.727272727272728,1.9090909090909087,12.272727272727272,4.909090909090909,0.0,2.1090909090909093,3.6666666666666665,6.0,5.0,0.0,2.0,5.0,,,,3.0,1.1666666666666667,4.5,3.0,0.0,3.2,6.0,2.0,5.0,0.0,2.0,3.0,,,,True,True,UNKNOWN,False,False
2021013039,2023-06-15 18:00:00,中日ドラゴンズ,千葉ロッテマリーンズ,1.0,1.0,UNKNOWN,バンテリンドーム ナゴヤ,unknown,low,False,False,1000155,1600106,[],[],,,,,0,light,2023-06-15T09:00:00+00:00,,UNKNOWN,,,,UNKNOWN,UNKNOWN,,UNKNOWN,,1.2857142857142858,0.8571428571428571,5.142857142857143,2.571428571428572,0.0,2.9142857142857146,7.0,1.0,4.0,0.0,2.0,4.0,,,,1.0,0.7777777777777778,5.0,2.0,0.0,2.7555555555555555,9.0,1.0,5.0,0.0,2.0,5.0,,,,True,True,UNKNOWN,False,False
2021013037,2023-06-15 18:00:00,東京ヤクルトスワローズ,福岡ソフトバンクホークス,7.0,9.0,UNKNOWN,明治神宮野球場,unknown,low,False,False,1800109,2000139,[],[],,,,,0,light,2023-06-15T09:00:00+00:00,,UNKNOWN,,,,UNKNOWN,UNKNOWN,,UNKNOWN,,6.75,1.5,2.25,6.75,0.0,4.95,4.0,3.0,3.0,0.0,3.0,1.0,,,,12.6,2.0,5.4,3.6,0.0,3.2,5.0,7.0,8.0,0.0,2.0,3.0,,,,True,True,UNKNOWN,False,False
2021013038,2023-06-15 18:00:00,横浜DeNAベイスターズ,北海道日本ハムファイターズ,3.0,3.0,UNKNOWN,横浜スタジアム,unknown,low,False,False,1900073,1700058,[],[],,,,,0,light,2023-06-15T09:00:00+00:00,,UNKNOWN,,,,UNKNOWN,UNKNOWN,,UNKNOWN,,13.5,3.5,4.5,4.5,4.5,10.2,2.0,3.0,6.0,1.0,1.0,1.0,,,,13.5,3.0,13.5,4.5,0.0,1.7000000000000002,2.0,3.0,5.0,0.0,1.0,3.0,,,,True,True,UNKNOWN,False,False
2021013041,2023-06-15 18:00:00,広島東洋カープ,東北楽天ゴールデンイーグルス,7.0,11.0,UNKNOWN,MAZDA Zoom-Zoom スタジアム広島,unknown,low,False,False,2106793,1900134,[],[],,,,,0,light,2023-06-15T09:00:00+00:00,,UNKNOWN,,,,UNKNOWN,UNKNOWN,,UNKNOWN,,3.6,1.4,7.2,3.6,0.0,2.8000000000000003,5.0,2.0,5.0,0.0,2.0,4.0,,,,18.0,4.0,9.0,9.0,0.0,4.2,2.0,4.0,6.0,0.0,2.0,2.0,,,,True,True,UNKNOWN,False,False
2021013040,2023-06-15 18:00:00,阪神タイガース,オリックス・バファローズ,2.0,3.0,UNKNOWN,阪神甲子園球場,unknown,low,False,False,1600150,2000052,[],[],,,,,0,light,2023-06-15T09:00:00+00:00,,UNKNOWN,,,,UNKNOWN,UNKNOWN,,UNKNOWN,,2.076923076923077,2.076923076923077,12.461538461538462,2.076923076923077,0.0,1.123076923076923,4.333333333333333,1.0,8.0,0.0,1.0,6.0,,,,1.2857142857142858,1.0,6.428571428571429,3.857142857142857,0.0,3.0571428571428574,7.0,1.0,4.0,0.0,3.0,5.0,,,,True,True,UNKNOWN,False,False
2021013042,2023-06-16 18:00:00,読売ジャイアンツ,東北楽天ゴールデンイーグルス,6.0,5.0,UNKNOWN,東京ドーム,unknown,low,False,False,900090,1800026,[],[],,,,,0,light,2023-06-16T09:00:00+00:00,,UNKNOWN,,,,UNKNOWN,UNKNOWN,,UNKNOWN,,5.4,1.8,0.0,3.6,3.6,9.6,5.0,3.0,7.0,2.0,2.0,0.0,,,,4.5,0.8333333333333334,7.5,0.0,1.5,3.7,6.0,3.0,5.0,1.0,0.0,5.0,,,,True,True,UNKNOWN,False,False
2021013043,2023-06-16 18:00:00,東京ヤクルトスワローズ,オリックス・バファローズ,1.0,4.0,UNKNOWN,明治神宮野球場,japan_series,high,False,True,1400195,1760587,[],[],,,,,0,light,2023-06-16T09:00:00+00:00,,UNKNOWN,,,,UNKNOWN,UNKNOWN,,UNKNOWN,,1.2857142857142858,1.0,9.0,3.857142857142857,0.0,2.4857142857142858,7.0,1.0,4.0,0.0,3.0,7.0,,,,3.6,1.6,5.4,3.6,0.0,3.2,5.0,2.0,6.0,0.0,2.0,3.0,,,,True,True,UNKNOWN,False,False
2021013044,2023-06-16 18:00:00,横浜DeNAベイスターズ,千葉ロッテマリーンズ,2.0,5.0,UNKNOWN,横浜スタジアム,unknown,low,False,False,1700002,1600081,[],[],,,,,0,light,2023-06-16T09:00:00+00:00,,UNKNOWN,,,,UNKNOWN,UNKNOWN,,UNKNOWN,,2.571428571428572,1.2857142857142858,0.0,2.571428571428572,0.0,4.057142857142857,7.0,2.0,7.0,0.0,2.0,0.0,,,,5.785714285714286,1.7142857142857142,7.7142857142857135,11.571428571428571,0.0,5.342857142857143,4.666666666666667,3.0,2.0,0.0,6.0,4.0,,,,True,True,UNKNOWN,False,False
2021013045,2023-06-16 18:00:00,中日ドラゴンズ,北海道日本ハムファイターズ,1.0,2.0,UNKNOWN,バンテリンドーム ナゴヤ,unknown,low,False,False,1100099,1500074,[],[],,,,,0,light,2023-06-16T09:00:00+00:00,,UNKNOWN,,,,UNKNOWN,UNKNOWN,,UNKNOWN,,1.125,0.625,5.625,2.25,1.125,4.325,8.0,1.0,3.0,1.0,2.0,5.0,,,,2.571428571428572,0.7142857142857143,7.714285714285714,0.0,0.0,1.485714285714286,7.0,2.0,5.0,0.0,0.0,6.0,,,,True,True,UNKNOWN,False,False
2021013046,2023-06-16 18:00:00,阪神タイガース,福岡ソフトバンクホークス,4.0,1.0,UNKNOWN,阪神甲子園球場,excluded,high,False,False,20204,2100915,[],[],,,,,0,light,2023-06-16T09:00:00+00:00,,UNKNOWN,,,,UNKNOWN,UNKNOWN,,UNKNOWN,,6.0,1.1666666666666667,6.0,3.0,1.5,5.033333333333333,6.0,4.0,5.0,1.0,2.0,4.0,,,,2.25,1.5,13.5,4.5,0.0,1.7000000000000002,4.0,1.0,4.0,0.0,2.0,6.0,,,,True,True,UNKNOWN,False,False
2021013048,2023-06-17 14:00:00,読売ジャイアンツ,東北楽天ゴールデンイーグルス,1.0,2.0,UNKNOWN,東京ドーム,unknown,low,False,False,2000121,1961407,[],[],,,,,0,light,2023-06-17T05:00:00+00:00,,UNKNOWN,,,,UNKNOWN,UNKNOWN,,UNKNOWN,,1.5,1.3333333333333333,7.5,3.0,1.5,4.7,6.0,1.0,6.0,1.0,2.0,5.0,,,,2.571428571428572,1.5714285714285714,3.857142857142857,2.571428571428572,1.2857142857142858,5.057142857142857,7.0,2.0,9.0,1.0,2.0,3.0,,,,True,True,UNKNOWN,False,False
2021013047,2023-06-16 18:00:00,広島東洋カープ,埼玉西武ライオンズ,2.0,0.0,UNKNOWN,MAZDA Zoom-Zoom スタジアム広島,unknown,low,False,False,1751148,1600123,[],[],,,,,0,light,2023-06-16T09:00:00+00:00,,UNKNOWN,,,,UNKNOWN,UNKNOWN,,UNKNOWN,,3.0,1.1666666666666667,12.0,1.5,3.0,5.366666666666667,6.0,2.0,6.0,2.0,1.0,8.0,,,,0.0,0.5555555555555556,3.0,0.0,0.0,2.5333333333333337,9.0,0.0,5.0,0.0,0.0,3.0,,,,True,True,UNKNOWN,False,False
2021013050,2023-06-17 14:00:00,横浜DeNAベイスターズ,千葉ロッテマリーンズ,10.0,1.0,UNKNOWN,横浜スタジアム,unknown,low,False,False,2101291,1800045,[],[],,,,,0,light,2023-06-17T05:00:00+00:00,,UNKNOWN,,,,UNKNOWN,UNKNOWN,,UNKNOWN,,18.0,2.333333333333333,3.0,3.0,3.0,7.866666666666667,3.0,6.0,6.0,1.0,1.0,1.0,,,,1.5,1.0,6.0,0.0,0.0,1.866666666666667,6.0,1.0,6.0,0.0,0.0,4.0,,,,True,True,UNKNOWN,False,False
2021013049,2023-06-17 14:00:00,東京ヤクルトスワローズ,オリックス・バファローズ,5.0,8.0,UNKNOWN,明治神宮野球場,japan_series,high,False,True,2000096,12113,[],[],,,,,0,light,2023-06-17T05:00:00+00:00,,UNKNOWN,,,,UNKNOWN,UNKNOWN,,UNKNOWN,,5.4,1.6,10.8,0.0,1.8,3.4000000000000004,5.0,3.0,8.0,1.0,0.0,6.0,,,,18.0,2.333333333333333,0.0,0.0,9.0,16.2,3.0,6.0,7.0,3.0,0.0,0.0,,,,True,True,UNKNOWN,False,False
2021013051,2023-06-17 14:00:00,中日ドラゴンズ,北海道日本ハムファイターズ,3.0,6.0,UNKNOWN,バンテリンドーム ナゴヤ,unknown,low,False,False,2000079,1200098,[],[],,,,,0,light,2023-06-17T05:00:00+00:00,,UNKNOWN,,,,UNKNOWN,UNKNOWN,,UNKNOWN,,3.857142857142857,1.0,5.142857142857143,1.2857142857142858,0.0,2.4857142857142858,7.0,3.0,6.0,0.0,1.0,4.0,,,,5.0625,1.3125,0.0,3.375,0.0,4.325,5.333333333333333,3.0,5.0,0.0,2.0,0.0,,,,True,True,UNKNOWN,False,False
2021013053,2023-06-17 14:00:00,広島東洋カープ,埼玉西武ライオンズ,6.0,4.0,UNKNOWN,MAZDA Zoom-Zoom スタジアム広島,unknown,low,False,False,1400182,1900052,[],[],,,,,0,light,2023-06-17T05:00:00+00:00,,UNKNOWN,,,,UNKNOWN,UNKNOWN,,UNKNOWN,,6.75,2.0,6.75,2.25,0.0,2.45,4.0,3.0,7.0,0.0,1.0,3.0,,,,3.0,1.3333333333333333,9.0,1.5,0.0,1.7000000000000002,6.0,2.0,7.0,0.0,1.0,6.0,,,,True,True,UNKNOWN,False,False
2021013052,2023-06-17 14:00:00,阪神タイガース,福岡ソフトバンクホークス,4.0,6.0,UNKNOWN,阪神甲子園球場,unknown,low,False,False,1300080,1700137,[],[],,,,,0,light,2023-06-17T05:00:00+00:00,,UNKNOWN,,,,UNKNOWN,UNKNOWN,,UNKNOWN,,9.818181818181818,2.181818181818182,14.727272727272728,7.363636363636364,0.0,2.381818181818182,3.6666666666666665,4.0,5.0,0.0,3.0,6.0,,,,0.0,0.8333333333333334,10.5,1.5,0.0,1.366666666666667,6.0,0.0,4.0,0.0,1.0,7.0,,,,True,True,UNKNOWN,False,False
2021013055,2023-06-18 13:30:00,東京ヤクルトスワローズ,オリックス・バファローズ,0.0,6.0,UNKNOWN,明治神宮野球場,interleague,high,True,True,1900087,1500139,[],[],,,,,0,light,2023-06-18T04:30:00+00:00,,UNKNOWN,,,,UNKNOWN,UNKNOWN,,UNKNOWN,,0.0,1.5,7.5,3.0,0.0,2.5333333333333337,6.0,0.0,7.0,0.0,2.0,5.0,,,,0.0,0.5,7.5,0.0,0.0,1.5333333333333334,6.0,0.0,3.0,0.0,0.0,5.0,,,,True,True,UNKNOWN,False,False
2021013054,2023-06-18 13:00:00,読売ジャイアンツ,東北楽天ゴールデンイーグルス,1.0,2.0,UNKNOWN,東京ドーム,interleague,high,True,True,700065,1200041,[],[],,,,,0,light,2023-06-18T04:00:00+00:00,,UNKNOWN,,,,UNKNOWN,UNKNOWN,,UNKNOWN,,1.8,1.0,7.2,0.0,0.0,1.6,5.0,1.0,5.0,0.0,0.0,4.0,,,,1.5,0.5,6.0,0.0,1.5,4.033333333333333,6.0,1.0,3.0,1.0,0.0,4.0,,,,True,True,UNKNOWN,False,False
2021013056,2023-06-18 14:00:00,横浜DeNAベイスターズ,千葉ロッテマリーンズ,6.0,1.0,UNKNOWN,横浜スタジアム,unknown,low,False,False,1900080,1400110,[],[],,,,,0,light,2023-06-18T05:00:00+00:00,,UNKNOWN,,,,UNKNOWN,UNKNOWN,,UNKNOWN,,6.0,1.1666666666666667,10.5,1.5,1.5,3.5333333333333337,6.0,4.0,6.0,1.0,1.0,7.0,,,,1.8,0.8,12.6,5.4,1.8,4.800000000000001,5.0,1.0,1.0,1.0,3.0,7.0,,,,True,True,UNKNOWN,False,False
2021013059,2023-06-18 13:30:00,広島東洋カープ,埼玉西武ライオンズ,4.0,11.0,UNKNOWN,MAZDA Zoom-Zoom スタジアム広島,unknown,low,False,False,1700124,1851151,[],[],,,,,0,light,2023-06-18T04:30:00+00:00,,UNKNOWN,,,,UNKNOWN,UNKNOWN,,UNKNOWN,,2.571428571428572,1.1428571428571428,14.142857142857142,2.571428571428572,0.0,0.9142857142857146,7.0,2.0,6.0,0.0,2.0,11.0,,,,9.0,1.4,10.8,5.4,3.6,7.8,5.0,5.0,4.0,2.0,3.0,6.0,,,,True,True,UNKNOWN,False,False
2021013057,2023-06-18 14:00:00,中日ドラゴンズ,北海道日本ハムファイターズ,0.0,4.0,UNKNOWN,バンテリンドーム ナゴヤ,unknown,low,False,False,1750903,1200055,[],[],,,,,0,light,2023-06-18T05:00:00+00:00,,UNKNOWN,,,,UNKNOWN,UNKNOWN,,UNKNOWN,,0.0,0.4499999999999999,9.45,2.7,0.0,2.0,6.666666666666667,0.0,1.0,0.0,2.0,7.0,,,,3.0,1.1666666666666667,3.0,3.0,0.0,3.5333333333333337,6.0,2.0,5.0,0.0,2.0,2.0,,,,True,True,UNKNOWN,False,False
2021013058,2023-06-18 14:00:00,阪神タイガース,福岡ソフトバンクホークス,0.0,9.0,UNKNOWN,阪神甲子園球場,excluded,high,False,False,1900010,1600115,[],[],,,,,0,light,2023-06-18T05:00:00+00:00,,UNKNOWN,,,,UNKNOWN,UNKNOWN,,UNKNOWN,,0.0,1.5,13.5,3.375,0.0,1.3250000000000002,5.333333333333333,0.0,6.0,0.0,2.0,8.0,,,,0.0,1.2,12.6,7.2,0.0,2.8000000000000003,5.0,0.0,2.0,0.0,4.0,7.0,,,,True,True,UNKNOWN,False,False
2021015065,2023-06-19 18:00:00,横浜DeNAベイスターズ,北海道日本ハムファイターズ,3.0,4.0,UNKNOWN,横浜スタジアム,interleague,high,True,True,1500109,1800043,[],[],,,,,0,light,2023-06-19T09:00:00+00:00,,UNKNOWN,,,,UNKNOWN,UNKNOWN,,UNKNOWN,,1.6875,0.9375,6.75,1.6875,0.0,2.2625,5.333333333333333,1.0,4.0,0.0,1.0,4.0,,,,0.0,1.0,11.25,2.25,0.0,1.4500000000000002,4.0,0.0,3.0,0.0,1.0,5.0,,,,True,True,UNKNOWN,False,False
2021015064,2023-06-21 18:00:00,東北楽天ゴールデンイーグルス,中日ドラゴンズ,2.0,5.0,UNKNOWN,楽天モバイルパーク宮城,interleague,high,True,True,2000042,1900117,[],[],,,,,0,light,2023-06-21T09:00:00+00:00,,UNKNOWN,,,,UNKNOWN,UNKNOWN,,UNKNOWN,,0.0,1.35,6.75,5.4,0.0,3.5,6.666666666666667,0.0,5.0,0.0,4.0,5.0,,,,9.0,2.0,0.0,1.8,1.8,6.4,5.0,5.0,9.0,1.0,1.0,0.0,,,,True,True,UNKNOWN,False,False
2021013060,2023-06-23 18:00:00,横浜DeNAベイスターズ,阪神タイガース,3.0,1.0,UNKNOWN,横浜スタジアム,interleague,high,True,True,2100915,1500061,[],[],,,,,0,light,2023-06-23T09:00:00+00:00,,UNKNOWN,,,,UNKNOWN,UNKNOWN,,UNKNOWN,,6.0,2.6666666666666665,3.0,9.0,0.0,5.533333333333333,3.0,2.0,5.0,0.0,3.0,1.0,,,,1.0,0.7777777777777778,10.0,1.0,1.0,2.7555555555555555,9.0,1.0,6.0,1.0,1.0,10.0,,,,True,True,UNKNOWN,False,False
2021013061,2023-06-23 18:00:00,中日ドラゴンズ,東京ヤクルトスワローズ,0.0,4.0,UNKNOWN,バンテリンドーム ナゴヤ,unknown,low,False,False,2000139,1500074,[],[],,,,,0,light,2023-06-23T09:00:00+00:00,,UNKNOWN,,,,UNKNOWN,UNKNOWN,,UNKNOWN,,0.0,0.7777777777777778,5.0,1.0,0.0,2.4222222222222225,9.0,0.0,6.0,0.0,1.0,5.0,,,,4.909090909090909,0.9545454545454546,6.136363636363637,1.2272727272727273,0.0,2.2454545454545456,7.333333333333333,4.0,6.0,0.0,1.0,5.0,,,,True,True,UNKNOWN,False,False
2021013062,2023-06-23 18:00:00,広島東洋カープ,読売ジャイアンツ,3.0,5.0,UNKNOWN,MAZDA Zoom-Zoom スタジアム広島,excluded,high,False,False,1900019,1300058,[],[],,,,,0,light,2023-06-23T09:00:00+00:00,,UNKNOWN,,,,UNKNOWN,UNKNOWN,,UNKNOWN,,4.5,1.5,4.5,2.25,0.0,2.95,4.0,2.0,5.0,0.0,1.0,2.0,,,,3.857142857142857,0.8571428571428571,11.571428571428571,0.0,2.571428571428572,4.342857142857143,7.0,3.0,6.0,2.0,0.0,9.0,,,,True,True,UNKNOWN,False,False
2021013064,2023-06-23 18:00:00,千葉ロッテマリーンズ,北海道日本ハムファイターズ,3.0,5.0,UNKNOWN,ZOZOマリンスタジアム,excluded,high,False,False,1500110,1600146,[],[],,,,,0,light,2023-06-23T09:00:00+00:00,,UNKNOWN,,,,UNKNOWN,UNKNOWN,,UNKNOWN,,2.7,1.05,1.35,0.0,0.0,2.9000000000000004,6.666666666666667,2.0,7.0,0.0,0.0,1.0,,,,3.0,1.5,12.0,4.5,0.0,2.033333333333333,6.0,2.0,6.0,0.0,3.0,8.0,,,,True,True,UNKNOWN,False,False
2021013063,2023-06-23 18:00:00,東北楽天ゴールデンイーグルス,埼玉西武ライオンズ,4.0,5.0,UNKNOWN,楽天モバイルパーク宮城,excluded,high,False,False,1800080,1200117,[],[],,,,,0,light,2023-06-23T09:00:00+00:00,,UNKNOWN,,,,UNKNOWN,UNKNOWN,,UNKNOWN,,3.6,1.6,7.2,5.4,0.0,3.4000000000000004,5.0,2.0,5.0,0.0,3.0,4.0,,,,3.0,1.0,12.0,3.0,0.0,1.5333333333333334,6.0,2.0,4.0,0.0,2.0,8.0,,,,True,True,UNKNOWN,False,False
2021013066,2023-06-24 14:00:00,横浜DeNAベイスターズ,阪神タイガース,2.0,0.0,UNKNOWN,横浜スタジアム,unknown,low,False,False,2000052,1700058,[],[],,,,,0,light,2023-06-24T05:00:00+00:00,,UNKNOWN,,,,UNKNOWN,UNKNOWN,,UNKNOWN,,2.571428571428572,1.1428571428571428,3.857142857142857,2.571428571428572,0.0,3.2,7.0,2.0,6.0,0.0,2.0,3.0,,,,0.0,0.5555555555555556,9.0,0.0,0.0,1.2000000000000002,9.0,0.0,5.0,0.0,0.0,9.0,,,,True,True,UNKNOWN,False,False
2021013067,2023-06-24 14:00:00,中日ドラゴンズ,東京ヤクルトスワローズ,3.0,1.0,UNKNOWN,バンテリンドーム ナゴヤ,unknown,low,False,False,1200076,1660558,[],[],,,,,0,light,2023-06-24T05:00:00+00:00,,UNKNOWN,,,,UNKNOWN,UNKNOWN,,UNKNOWN,,3.857142857142857,1.0,0.0,2.571428571428572,1.2857142857142858,5.914285714285715,7.0,3.0,5.0,1.0,2.0,0.0,,,,2.25,1.5,0.0,11.25,0.0,6.95,4.0,1.0,1.0,0.0,5.0,0.0,,,,True,True,UNKNOWN,False,False
2021013068,2023-06-24 14:00:00,広島東洋カープ,読売ジャイアンツ,3.0,1.0,UNKNOWN,MAZDA Zoom-Zoom スタジアム広島,unknown,low,False,False,1660388,1300057,[],[],,,,,0,light,2023-06-24T05:00:00+00:00,,UNKNOWN,,,,UNKNOWN,UNKNOWN,,UNKNOWN,,8.1,1.5,8.1,2.7,2.7,6.2,3.333333333333333,3.0,4.0,1.0,1.0,3.0,,,,0.0,0.4285714285714285,11.571428571428571,0.0,0.0,0.6285714285714286,7.0,0.0,3.0,0.0,0.0,9.0,,,,True,True,UNKNOWN,False,False
2021013065,2023-06-23 18:00:00,福岡ソフトバンクホークス,オリックス・バファローズ,7.0,1.0,UNKNOWN,福岡PayPayドーム,unknown,low,False,False,1600153,1400117,[],[],,,,,0,light,2023-06-23T09:00:00+00:00,,UNKNOWN,,,,UNKNOWN,UNKNOWN,,UNKNOWN,,6.0,1.3333333333333333,9.0,0.0,0.0,1.2000000000000002,6.0,4.0,8.0,0.0,0.0,6.0,,,,1.125,0.375,6.75,0.0,1.125,3.325,8.0,1.0,3.0,1.0,0.0,6.0,,,,True,True,UNKNOWN,False,False
2021013070,2023-06-24 14:00:00,千葉ロッテマリーンズ,北海道日本ハムファイターズ,5.0,4.0,UNKNOWN,ZOZOマリンスタジアム,interleague,high,True,True,1100099,1700002,[],[],,,,,0,light,2023-06-24T05:00:00+00:00,,UNKNOWN,,,,UNKNOWN,UNKNOWN,,UNKNOWN,,3.857142857142857,0.8571428571428571,5.142857142857143,0.0,2.571428571428572,5.771428571428572,7.0,3.0,6.0,2.0,0.0,4.0,,,,9.0,2.0,9.0,0.0,0.0,1.2000000000000002,4.0,4.0,8.0,0.0,0.0,4.0,,,,True,True,UNKNOWN,False,False
2021013069,2023-06-24 14:00:00,東北楽天ゴールデンイーグルス,埼玉西武ライオンズ,0.0,1.0,UNKNOWN,楽天モバイルパーク宮城,unknown,low,False,False,1400182,900090,[],[],,,,,0,light,2023-06-24T05:00:00+00:00,,UNKNOWN,,,,UNKNOWN,UNKNOWN,,UNKNOWN,,0.0,0.75,3.375,2.25,0.0,3.2,8.0,0.0,4.0,0.0,2.0,3.0,,,,1.6875,1.3125,3.375,0.0,1.6875,4.8875,5.333333333333333,1.0,7.0,1.0,0.0,2.0,,,,True,True,UNKNOWN,False,False
2021013075,2023-06-25 13:00:00,東北楽天ゴールデンイーグルス,埼玉西武ライオンズ,2.0,5.0,UNKNOWN,楽天モバイルパーク宮城,interleague,high,True,True,1751148,2000121,[],[],,,,,0,light,2023-06-25T04:00:00+00:00,,UNKNOWN,,,,UNKNOWN,UNKNOWN,,UNKNOWN,,0.0,1.6,9.0,3.6,0.0,2.4000000000000004,5.0,0.0,6.0,0.0,2.0,5.0,,,,11.25,3.0,0.0,4.5,4.5,11.2,4.0,5.0,10.0,2.0,2.0,0.0,,,,True,True,UNKNOWN,False,False
2021013071,2023-06-24 14:00:00,福岡ソフトバンクホークス,オリックス・バファローズ,3.0,2.0,UNKNOWN,福岡PayPayドーム,interleague,high,True,True,1600150,1200106,[],[],,,,,0,light,2023-06-24T05:00:00+00:00,,UNKNOWN,,,,UNKNOWN,UNKNOWN,,UNKNOWN,,3.0,1.6666666666666667,12.0,3.0,0.0,1.5333333333333334,6.0,2.0,8.0,0.0,2.0,8.0,,,,2.571428571428572,1.1428571428571428,3.857142857142857,1.2857142857142858,0.0,2.771428571428572,7.0,2.0,7.0,0.0,1.0,3.0,,,,True,True,UNKNOWN,False,False
2021013077,2023-06-25 13:00:00,福岡ソフトバンクホークス,オリックス・バファローズ,2.0,4.0,UNKNOWN,福岡PayPayドーム,unknown,low,False,False,1400195,1800109,[],[],,,,,0,light,2023-06-25T04:00:00+00:00,,UNKNOWN,,,,UNKNOWN,UNKNOWN,,UNKNOWN,,2.076923076923077,0.4615384615384615,6.230769230769231,0.0,1.0384615384615383,3.315384615384616,8.666666666666666,2.0,4.0,1.0,0.0,6.0,,,,6.230769230769231,1.6153846153846154,8.307692307692308,6.230769230769231,0.0,3.430769230769231,4.333333333333333,3.0,4.0,0.0,3.0,4.0,,,,True,True,UNKNOWN,False,False
2021013072,2023-06-25 14:00:00,横浜DeNAベイスターズ,阪神タイガース,5.0,3.0,UNKNOWN,横浜スタジアム,interleague,high,True,True,1600115,1460045,[],[],,,,,0,light,2023-06-25T05:00:00+00:00,,UNKNOWN,,,,UNKNOWN,UNKNOWN,,UNKNOWN,,7.2,2.0,3.6,5.4,0.0,4.2,5.0,4.0,7.0,0.0,3.0,2.0,,,,4.2631578947368425,1.5789473684210529,9.947368421052632,4.2631578947368425,0.0,2.4105263157894736,6.333333333333333,3.0,7.0,0.0,3.0,7.0,,,,True,True,UNKNOWN,False,False
2021013074,2023-06-25 13:30:00,広島東洋カープ,読売ジャイアンツ,3.0,2.0,UNKNOWN,MAZDA Zoom-Zoom スタジアム広島,unknown,low,False,False,2000006,2103788,[],[],,,,,0,light,2023-06-25T04:30:00+00:00,,UNKNOWN,,,,UNKNOWN,UNKNOWN,,UNKNOWN,,4.764705882352941,1.2352941176470589,9.529411764705882,0.0,1.588235294117647,3.376470588235294,5.666666666666667,3.0,7.0,1.0,0.0,6.0,,,,3.6,1.2,9.0,0.0,0.0,1.2000000000000002,5.0,2.0,6.0,0.0,0.0,5.0,,,,True,True,UNKNOWN,False,False
2021013073,2023-06-25 14:00:00,中日ドラゴンズ,東京ヤクルトスワローズ,5.0,1.0,UNKNOWN,バンテリンドーム ナゴヤ,unknown,low,False,False,1500042,500014,[],[],,,,,0,light,2023-06-25T05:00:00+00:00,,UNKNOWN,,,,UNKNOWN,UNKNOWN,,UNKNOWN,,5.4,2.0,14.4,5.4,0.0,1.8000000000000005,5.0,3.0,7.0,0.0,3.0,8.0,,,,1.5,1.3333333333333333,10.5,3.0,1.5,4.033333333333333,6.0,1.0,6.0,1.0,2.0,7.0,,,,True,True,UNKNOWN,False,False
2021015063,2023-06-20 18:00:00,東京ヤクルトスワローズ,東北楽天ゴールデンイーグルス,13.0,0.0,UNKNOWN,明治神宮野球場,unknown,low,False,False,1600092,1700088,[],[],,,,,0,light,2023-06-20T09:00:00+00:00,,UNKNOWN,,,,UNKNOWN,UNKNOWN,,UNKNOWN,,22.5,4.0,13.5,18.0,9.0,19.2,2.0,5.0,4.0,2.0,4.0,3.0,,,,0.0,0.75,4.5,6.75,0.0,4.45,4.0,0.0,0.0,0.0,3.0,2.0,,,,True,True,UNKNOWN,False,False
2021013080,2023-06-27 18:00:00,阪神タイガース,中日ドラゴンズ,11.0,3.0,UNKNOWN,阪神甲子園球場,unknown,low,False,False,1600106,900062,[],[],,,,,0,light,2023-06-27T09:00:00+00:00,,UNKNOWN,,,,UNKNOWN,UNKNOWN,,UNKNOWN,,16.875,2.625,3.375,3.375,3.375,8.45,2.6666666666666665,5.0,6.0,1.0,1.0,1.0,,,,5.4,1.6,3.6,1.8,1.8,5.6,5.0,3.0,7.0,1.0,1.0,2.0,,,,True,True,UNKNOWN,False,False
2021013076,2023-06-25 14:00:00,千葉ロッテマリーンズ,北海道日本ハムファイターズ,6.0,5.0,UNKNOWN,ZOZOマリンスタジアム,unknown,low,False,False,1900073,900081,[],[],,,,,0,light,2023-06-25T05:00:00+00:00,,UNKNOWN,,,,UNKNOWN,UNKNOWN,,UNKNOWN,,5.785714285714286,1.2857142857142856,1.9285714285714284,1.9285714285714284,1.9285714285714284,6.2,4.666666666666667,3.0,5.0,1.0,1.0,1.0,,,,5.0625,1.875,10.125,3.375,0.0,2.075,5.333333333333333,3.0,8.0,0.0,2.0,6.0,,,,True,True,UNKNOWN,False,False
2021013083,2023-06-27 18:00:00,オリックス・バファローズ,千葉ロッテマリーンズ,2.0,1.0,UNKNOWN,京セラドーム大阪,unknown,low,False,False,1900080,1900087,[],[],,,,,0,light,2023-06-27T09:00:00+00:00,,UNKNOWN,,,,UNKNOWN,UNKNOWN,,UNKNOWN,,0.0,0.8571428571428571,12.857142857142858,1.2857142857142858,0.0,0.7714285714285718,7.0,0.0,5.0,0.0,1.0,10.0,,,,0.0,0.5,9.0,1.125,0.0,1.5750000000000002,8.0,0.0,3.0,0.0,1.0,8.0,,,,True,True,UNKNOWN,False,False
2021013078,2023-06-26 18:00:00,福岡ソフトバンクホークス,東北楽天ゴールデンイーグルス,1.0,3.0,UNKNOWN,東京ドーム,interleague,high,True,True,700069,20204,[],[],,,,,0,light,2023-06-26T09:00:00+00:00,,UNKNOWN,,,,UNKNOWN,UNKNOWN,,UNKNOWN,,1.2857142857142858,1.0,3.857142857142857,2.571428571428572,1.2857142857142858,5.057142857142857,7.0,1.0,5.0,1.0,2.0,3.0,,,,3.6,1.2,9.0,1.8,0.0,1.8000000000000005,5.0,2.0,5.0,0.0,1.0,5.0,,,,True,True,UNKNOWN,False,False
2021013081,2023-06-27 18:00:00,広島東洋カープ,横浜DeNAベイスターズ,3.0,2.0,UNKNOWN,MAZDA Zoom-Zoom スタジアム広島,unknown,low,False,False,1800045,1600123,[],[],,,,,0,light,2023-06-27T09:00:00+00:00,,UNKNOWN,,,,UNKNOWN,UNKNOWN,,UNKNOWN,,3.176470588235294,1.0588235294117647,6.352941176470588,1.588235294117647,0.0,2.3176470588235296,5.666666666666667,2.0,5.0,0.0,1.0,4.0,,,,2.571428571428572,1.5714285714285714,1.2857142857142858,2.571428571428572,0.0,3.7714285714285714,7.0,2.0,9.0,0.0,2.0,1.0,,,,True,True,UNKNOWN,False,False
2021013084,2023-06-28 18:00:00,読売ジャイアンツ,東京ヤクルトスワローズ,0.0,6.0,UNKNOWN,きたぎんボールパーク,unknown,low,False,False,1500139,1961407,[],[],,,,,0,light,2023-06-28T09:00:00+00:00,,UNKNOWN,,,,UNKNOWN,UNKNOWN,,UNKNOWN,,0.0,0.5,6.0,0.0,0.0,1.866666666666667,6.0,0.0,3.0,0.0,0.0,4.0,,,,9.0,1.5,10.5,1.5,3.0,5.7,6.0,6.0,8.0,2.0,1.0,7.0,,,,True,True,UNKNOWN,False,False
2021013082,2023-06-27 18:30:00,埼玉西武ライオンズ,北海道日本ハムファイターズ,1.0,2.0,UNKNOWN,沖縄セルラースタジアム那覇,unknown,low,False,False,2000079,1700124,[],[],,,,,0,light,2023-06-27T09:30:00+00:00,,UNKNOWN,,,,UNKNOWN,UNKNOWN,,UNKNOWN,,1.2857142857142858,1.0,11.571428571428571,1.2857142857142858,0.0,1.0571428571428574,7.0,1.0,6.0,0.0,1.0,9.0,,,,2.571428571428572,1.0,14.142857142857142,2.571428571428572,1.2857142857142858,2.771428571428572,7.0,2.0,5.0,1.0,2.0,11.0,,,,True,True,UNKNOWN,False,False
2021013085,2023-06-28 18:00:00,阪神タイガース,中日ドラゴンズ,2.0,4.0,UNKNOWN,阪神甲子園球場,interleague,high,True,True,2000042,1700137,[],[],,,,,0,light,2023-06-28T09:00:00+00:00,,UNKNOWN,,,,UNKNOWN,UNKNOWN,,UNKNOWN,,2.571428571428572,1.1428571428571428,12.857142857142858,1.2857142857142858,0.0,0.7714285714285718,7.0,2.0,7.0,0.0,1.0,10.0,,,,2.571428571428572,0.8571428571428571,1.2857142857142858,1.2857142857142858,0.0,3.342857142857143,7.0,2.0,5.0,0.0,1.0,1.0,,,,True,True,UNKNOWN,False,False
2021013088,2023-06-28 18:00:00,オリックス・バファローズ,千葉ロッテマリーンズ,10.0,0.0,UNKNOWN,京セラドーム大阪,unknown,low,False,False,1800052,2000096,[],[],,,,,0,light,2023-06-28T09:00:00+00:00,,UNKNOWN,,,,UNKNOWN,UNKNOWN,,UNKNOWN,,9.0,1.3333333333333333,4.5,0.0,1.5,4.366666666666667,6.0,6.0,8.0,1.0,0.0,3.0,,,,0.0,1.5,7.5,6.0,0.0,3.5333333333333337,6.0,0.0,5.0,0.0,4.0,5.0,,,,True,True,UNKNOWN,False,False
2021013087,2023-06-28 18:30:00,埼玉西武ライオンズ,北海道日本ハムファイターズ,2.0,0.0,UNKNOWN,沖縄セルラースタジアム那覇,regular,high,True,True,1500109,1700125,[],[],,,,,0,light,2023-06-28T09:30:00+00:00,,UNKNOWN,,,,UNKNOWN,UNKNOWN,,UNKNOWN,,0.0,0.7142857142857143,11.571428571428571,1.2857142857142858,0.0,1.0571428571428574,7.0,0.0,4.0,0.0,1.0,9.0,,,,0.0,0.7142857142857143,5.142857142857143,2.571428571428572,0.0,2.9142857142857146,7.0,0.0,3.0,0.0,2.0,4.0,,,,True,True,UNKNOWN,False,False
2021013086,2023-06-28 18:00:00,広島東洋カープ,横浜DeNAベイスターズ,6.0,2.0,UNKNOWN,MAZDA Zoom-Zoom スタジアム広島,unknown,low,False,False,1400110,1900052,[],[],,,,,0,light,2023-06-28T09:00:00+00:00,,UNKNOWN,,,,UNKNOWN,UNKNOWN,,UNKNOWN,,9.0,1.2,12.6,1.8,3.6,6.2,5.0,5.0,5.0,2.0,1.0,7.0,,,,2.571428571428572,1.2857142857142858,7.714285714285714,1.2857142857142858,1.2857142857142858,3.7714285714285714,7.0,2.0,8.0,1.0,1.0,6.0,,,,True,True,UNKNOWN,False,False
2021013089,2023-06-28 18:00:00,福岡ソフトバンクホークス,東北楽天ゴールデンイーグルス,3.0,2.0,UNKNOWN,福岡PayPayドーム,unknown,low,False,False,2106793,1900010,[],[],,,,,0,light,2023-06-28T09:00:00+00:00,,UNKNOWN,,,,UNKNOWN,UNKNOWN,,UNKNOWN,,3.6,1.6,9.0,7.2,1.8,6.2,5.0,2.0,4.0,1.0,4.0,5.0,,,,0.0,0.8333333333333334,9.0,6.0,0.0,3.2,6.0,0.0,1.0,0.0,4.0,6.0,,,,True,True,UNKNOWN,False,False
2021013091,2023-06-29 18:00:00,広島東洋カープ,横浜DeNAベイスターズ,5.0,3.0,UNKNOWN,MAZDA Zoom-Zoom スタジアム広島,excluded,high,False,False,1660377,1100081,[],[],,,,,0,light,2023-06-29T09:00:00+00:00,,UNKNOWN,,,,UNKNOWN,UNKNOWN,,UNKNOWN,,3.6,1.8,7.2,5.4,0.0,3.4000000000000004,5.0,2.0,6.0,0.0,3.0,4.0,,,,0.0,0.5,3.0,0.0,0.0,2.5333333333333337,6.0,0.0,3.0,0.0,0.0,2.0,,,,True,True,UNKNOWN,False,False
2021013090,2023-06-29 18:00:00,阪神タイガース,中日ドラゴンズ,8.0,0.0,UNKNOWN,阪神甲子園球場,unknown,low,False,False,1200098,2000055,[],[],,,,,0,light,2023-06-29T09:00:00+00:00,,UNKNOWN,,,,UNKNOWN,UNKNOWN,,UNKNOWN,,5.4,1.8,3.6,0.0,1.8,5.0,5.0,3.0,9.0,1.0,0.0,2.0,,,,0.0,0.8571428571428571,7.714285714285714,1.2857142857142858,0.0,1.9142857142857144,7.0,0.0,5.0,0.0,1.0,6.0,,,,True,True,UNKNOWN,False,False
2021013094,2023-06-30 18:00:00,東京ヤクルトスワローズ,広島東洋カープ,0.0,8.0,UNKNOWN,明治神宮野球場,unknown,low,False,False,1300058,2000139,[],[],,,,,0,light,2023-06-30T09:00:00+00:00,,UNKNOWN,,,,UNKNOWN,UNKNOWN,,UNKNOWN,,0.0,0.5555555555555556,8.0,0.0,0.0,1.4222222222222225,9.0,0.0,5.0,0.0,0.0,8.0,,,,10.8,2.0,14.4,3.6,3.6,6.4,5.0,6.0,8.0,2.0,2.0,8.0,,,,True,True,UNKNOWN,False,False
2021013093,2023-06-30 18:00:00,読売ジャイアンツ,阪神タイガース,2.0,1.0,UNKNOWN,東京ドーム,interleague,high,True,True,1900044,1800028,[],[],,,,,0,light,2023-06-30T09:00:00+00:00,,UNKNOWN,,,,UNKNOWN,UNKNOWN,,UNKNOWN,,1.2857142857142858,0.5714285714285714,2.571428571428572,1.2857142857142858,0.0,3.0571428571428574,7.0,1.0,3.0,0.0,1.0,2.0,,,,1.125,1.375,6.75,3.375,1.125,4.45,8.0,1.0,8.0,1.0,3.0,6.0,,,,True,True,UNKNOWN,False,False
2021013095,2023-06-30 18:00:00,横浜DeNAベイスターズ,中日ドラゴンズ,1.0,2.0,UNKNOWN,横浜スタジアム,unknown,low,False,False,1500074,1500061,[],[],,,,,0,light,2023-06-30T09:00:00+00:00,,UNKNOWN,,,,UNKNOWN,UNKNOWN,,UNKNOWN,,1.2857142857142858,1.2857142857142858,3.857142857142857,3.857142857142857,0.0,3.628571428571429,7.0,1.0,6.0,0.0,3.0,3.0,,,,1.125,0.5,6.75,0.0,0.0,1.7000000000000002,8.0,1.0,4.0,0.0,0.0,6.0,,,,True,True,UNKNOWN,False,False
2021013092,2023-06-29 18:00:00,福岡ソフトバンクホークス,東北楽天ゴールデンイーグルス,3.0,2.0,UNKNOWN,福岡PayPayドーム,unknown,low,False,False,700065,1900106,[],[],,,,,0,light,2023-06-29T09:00:00+00:00,,UNKNOWN,,,,UNKNOWN,UNKNOWN,,UNKNOWN,,0.0,0.7142857142857143,5.142857142857143,1.2857142857142858,0.0,2.4857142857142858,7.0,0.0,4.0,0.0,1.0,4.0,,,,3.8571428571428568,1.0714285714285714,5.785714285714286,1.9285714285714284,0.0,2.5571428571428574,4.666666666666667,2.0,4.0,0.0,1.0,3.0,,,,True,True,UNKNOWN,False,False
2021013096,2023-06-30 18:00:00,北海道日本ハムファイターズ,オリックス・バファローズ,1.0,5.0,UNKNOWN,ES CON FIELD HOKKAIDO,unknown,low,False,False,1600153,1500110,[],[],,,,,0,light,2023-06-30T09:00:00+00:00,,UNKNOWN,,,,UNKNOWN,UNKNOWN,,UNKNOWN,,1.125,0.875,7.875,0.0,0.0,1.4500000000000002,8.0,1.0,7.0,0.0,0.0,7.0,,,,9.0,1.8,1.8,1.8,1.8,6.0,5.0,5.0,8.0,1.0,1.0,1.0,,,,True,True,UNKNOWN,False,False
2021013097,2023-06-30 18:00:00,埼玉西武ライオンズ,福岡ソフトバンクホークス,1.0,3.0,UNKNOWN,ベルーナドーム,unknown,low,False,False,1400117,1800080,[],[],,,,,0,light,2023-06-30T09:00:00+00:00,,UNKNOWN,,,,UNKNOWN,UNKNOWN,,UNKNOWN,,1.125,0.625,6.75,3.375,1.125,4.45,8.0,1.0,2.0,1.0,3.0,6.0,,,,3.0,1.3333333333333333,7.5,3.0,0.0,2.5333333333333337,6.0,2.0,6.0,0.0,2.0,5.0,,,,True,True,UNKNOWN,False,False
2021013098,2023-06-30 18:00:00,千葉ロッテマリーンズ,東北楽天ゴールデンイーグルス,4.0,5.0,UNKNOWN,ZOZOマリンスタジアム,unknown,low,False,False,1200117,1000155,[],[],,,,,0,light,2023-06-30T09:00:00+00:00,,UNKNOWN,,,,UNKNOWN,UNKNOWN,,UNKNOWN,,5.4,2.2,3.6,10.8,0.0,6.0,5.0,3.0,5.0,0.0,6.0,2.0,,,,6.0,1.5,1.5,3.0,1.5,6.033333333333333,6.0,4.0,7.0,1.0,2.0,1.0,,,,True,True,UNKNOWN,False,False
2021013099,2023-07-01 14:00:00,読売ジャイアンツ,阪神タイガース,0.0,3.0,UNKNOWN,東京ドーム,unknown,low,False,False,2000052,1200041,[],[],,,,,0,light,2023-07-01T05:00:00+00:00,,UNKNOWN,,,,UNKNOWN,UNKNOWN,,UNKNOWN,,0.0,0.8571428571428571,5.142857142857143,2.571428571428572,0.0,2.9142857142857146,7.0,0.0,4.0,0.0,2.0,4.0,,,,1.2857142857142858,0.5714285714285714,5.142857142857143,2.571428571428572,1.2857142857142858,4.771428571428571,7.0,1.0,2.0,1.0,2.0,4.0,,,,True,True,UNKNOWN,False,False
2021013102,2023-07-01 14:00:00,北海道日本ハムファイターズ,オリックス・バファローズ,1.0,3.0,UNKNOWN,ES CON FIELD HOKKAIDO,unknown,low,False,False,1660390,1100099,[],[],,,,,0,light,2023-07-01T05:00:00+00:00,,UNKNOWN,,,,UNKNOWN,UNKNOWN,,UNKNOWN,,0.0,1.0,9.0,0.0,0.0,1.2000000000000002,3.0,0.0,3.0,0.0,0.0,3.0,,,,3.375,1.625,5.625,2.25,0.0,2.7,8.0,3.0,11.0,0.0,2.0,5.0,,,,True,True,UNKNOWN,False,False
2021013101,2023-07-01 14:00:00,横浜DeNAベイスターズ,中日ドラゴンズ,2.0,2.0,UNKNOWN,横浜スタジアム,unknown,low,False,False,1660558,1460045,[],[],,,,,0,light,2023-07-01T05:00:00+00:00,,UNKNOWN,,,,UNKNOWN,UNKNOWN,,UNKNOWN,,2.571428571428572,0.5714285714285714,2.571428571428572,1.2857142857142858,0.0,3.0571428571428574,7.0,2.0,3.0,0.0,1.0,2.0,,,,1.5,2.0,9.0,3.0,0.0,2.2,6.0,1.0,10.0,0.0,2.0,6.0,,,,True,True,UNKNOWN,False,False
2021013104,2023-07-01 14:00:00,千葉ロッテマリーンズ,東北楽天ゴールデンイーグルス,10.0,2.0,UNKNOWN,ZOZOマリンスタジアム,unknown,low,False,False,900090,1600146,[],[],,,,,0,light,2023-07-01T05:00:00+00:00,,UNKNOWN,,,,UNKNOWN,UNKNOWN,,UNKNOWN,,13.5,2.25,6.75,4.5,2.25,6.45,4.0,6.0,7.0,1.0,2.0,3.0,,,,2.571428571428572,0.8571428571428571,9.0,2.571428571428572,0.0,2.0571428571428574,7.0,2.0,4.0,0.0,2.0,7.0,,,,True,True,UNKNOWN,False,False
2021013100,2023-07-01 18:00:00,東京ヤクルトスワローズ,広島東洋カープ,3.0,2.0,UNKNOWN,明治神宮野球場,unknown,low,False,False,1300057,1760587,[],[],,,,,0,light,2023-07-01T09:00:00+00:00,,UNKNOWN,,,,UNKNOWN,UNKNOWN,,UNKNOWN,,5.4,0.6,7.2,0.0,1.8,4.2,5.0,3.0,3.0,1.0,0.0,4.0,,,,3.176470588235294,1.4117647058823528,4.764705882352941,1.588235294117647,0.0,2.670588235294118,5.666666666666667,2.0,7.0,0.0,1.0,3.0,,,,True,True,UNKNOWN,False,False
2021013103,2023-07-01 18:00:00,埼玉西武ライオンズ,福岡ソフトバンクホークス,5.0,7.0,UNKNOWN,ベルーナドーム,unknown,low,False,False,1200106,1400182,[],[],,,,,0,light,2023-07-01T09:00:00+00:00,,UNKNOWN,,,,UNKNOWN,UNKNOWN,,UNKNOWN,,3.0,1.1666666666666667,4.5,3.0,1.5,5.366666666666667,6.0,2.0,5.0,1.0,2.0,3.0,,,,5.4,2.0,7.2,3.6,1.8,5.4,5.0,3.0,8.0,1.0,2.0,4.0,,,,True,True,UNKNOWN,False,False
2021013108,2023-07-02 13:00:00,北海道日本ハムファイターズ,オリックス・バファローズ,6.0,3.0,UNKNOWN,ES CON FIELD HOKKAIDO,unknown,low,False,False,1600150,1750903,[],[],,,,,0,light,2023-07-02T04:00:00+00:00,,UNKNOWN,,,,UNKNOWN,UNKNOWN,,UNKNOWN,,9.818181818181818,3.0,9.818181818181818,9.818181818181818,0.0,4.290909090909091,3.6666666666666665,4.0,7.0,0.0,4.0,4.0,,,,4.2631578947368425,0.9473684210526316,9.947368421052632,1.4210526315789471,1.4210526315789471,3.515789473684211,6.333333333333333,3.0,5.0,1.0,1.0,7.0,,,,True,True,UNKNOWN,False,False
2021013109,2023-07-02 13:00:00,埼玉西武ライオンズ,福岡ソフトバンクホークス,3.0,9.0,UNKNOWN,ベルーナドーム,unknown,low,False,False,1300080,1751148,[],[],,,,,0,light,2023-07-02T04:00:00+00:00,,UNKNOWN,,,,UNKNOWN,UNKNOWN,,UNKNOWN,,5.785714285714286,1.7142857142857142,5.785714285714286,7.7142857142857135,1.9285714285714284,7.271428571428571,4.666666666666667,3.0,4.0,1.0,4.0,3.0,,,,7.2,2.2,3.6,5.4,1.8,6.800000000000001,5.0,4.0,8.0,1.0,3.0,2.0,,,,True,True,UNKNOWN,False,False
2021013105,2023-07-02 14:00:00,読売ジャイアンツ,阪神タイガース,2.0,2.0,UNKNOWN,東京ドーム,unknown,low,False,False,1600115,1660388,[],[],,,,,0,light,2023-07-02T05:00:00+00:00,,UNKNOWN,,,,UNKNOWN,UNKNOWN,,UNKNOWN,,3.6,1.0,1.8,1.8,3.6,8.600000000000001,5.0,2.0,4.0,2.0,1.0,1.0,,,,2.8421052631578947,1.2631578947368425,11.36842105263158,5.684210526315789,0.0,2.568421052631579,6.333333333333333,2.0,4.0,0.0,4.0,8.0,,,,True,True,UNKNOWN,False,False
2021013107,2023-07-02 14:00:00,横浜DeNAベイスターズ,中日ドラゴンズ,3.0,2.0,UNKNOWN,横浜スタジアム,unknown,low,False,False,500014,1700058,[],[],,,,,0,light,2023-07-02T05:00:00+00:00,,UNKNOWN,,,,UNKNOWN,UNKNOWN,,UNKNOWN,,4.764705882352941,1.4117647058823528,3.176470588235294,4.764705882352941,0.0,4.08235294117647,5.666666666666667,3.0,5.0,0.0,3.0,2.0,,,,2.571428571428572,1.0,6.428571428571429,0.0,1.2857142857142858,3.628571428571429,7.0,2.0,7.0,1.0,0.0,5.0,,,,True,True,UNKNOWN,False,False
2021013110,2023-07-02 14:00:00,千葉ロッテマリーンズ,東北楽天ゴールデンイーグルス,4.0,11.0,UNKNOWN,ZOZOマリンスタジアム,excluded,high,False,False,2000123,1700002,[],[],,,,,0,light,2023-07-02T05:00:00+00:00,,UNKNOWN,,,,UNKNOWN,UNKNOWN,,UNKNOWN,,1.8,1.4,5.4,9.0,0.0,5.0,5.0,1.0,2.0,0.0,5.0,3.0,,,,7.941176470588235,1.7647058823529411,7.941176470588235,3.176470588235294,1.588235294117647,4.788235294117647,5.666666666666667,5.0,8.0,1.0,2.0,5.0,,,,True,True,UNKNOWN,False,False
2021013106,2023-07-02 18:00:00,東京ヤクルトスワローズ,広島東洋カープ,4.0,2.0,UNKNOWN,明治神宮野球場,unknown,low,False,False,2103788,1500042,[],[],,,,,0,light,2023-07-02T09:00:00+00:00,,UNKNOWN,,,,UNKNOWN,UNKNOWN,,UNKNOWN,,6.75,1.5,11.25,6.75,2.25,6.2,4.0,3.0,3.0,1.0,3.0,5.0,,,,1.5,1.0,6.0,4.5,0.0,3.3666666666666667,6.0,1.0,3.0,0.0,3.0,4.0,,,,True,True,UNKNOWN,False,False
2021013111,2023-07-04 18:00:00,横浜DeNAベイスターズ,東京ヤクルトスワローズ,3.0,4.0,UNKNOWN,横浜スタジアム,unknown,low,False,False,1200076,1800045,[],[],,,,,0,light,2023-07-04T09:00:00+00:00,,UNKNOWN,,,,UNKNOWN,UNKNOWN,,UNKNOWN,,2.571428571428572,1.0,6.428571428571429,2.571428571428572,0.0,2.628571428571429,7.0,2.0,5.0,0.0,2.0,5.0,,,,5.785714285714286,1.7142857142857142,3.8571428571428568,5.785714285714286,0.0,4.271428571428571,4.666666666666667,3.0,5.0,0.0,3.0,2.0,,,,True,True,UNKNOWN,False,False
2021013112,2023-07-04 18:00:00,中日ドラゴンズ,読売ジャイアンツ,1.0,5.0,UNKNOWN,バンテリンドーム ナゴヤ,unknown,low,False,False,2000006,1600106,[],[],,,,,0,light,2023-07-04T09:00:00+00:00,,UNKNOWN,,,,UNKNOWN,UNKNOWN,,UNKNOWN,,1.2857142857142858,0.7142857142857143,7.714285714285714,1.2857142857142858,0.0,1.9142857142857144,7.0,1.0,4.0,0.0,1.0,6.0,,,,5.625,1.25,5.625,2.25,2.25,5.95,8.0,5.0,8.0,2.0,2.0,5.0,,,,True,True,UNKNOWN,False,False
2021013113,2023-07-04 18:00:00,広島東洋カープ,阪神タイガース,9.0,1.0,UNKNOWN,MAZDA Zoom-Zoom スタジアム広島,unknown,low,False,False,900062,1600123,[],[],,,,,0,light,2023-07-04T09:00:00+00:00,,UNKNOWN,,,,UNKNOWN,UNKNOWN,,UNKNOWN,,18.0,3.333333333333333,3.0,9.0,3.0,9.866666666666667,3.0,6.0,7.0,1.0,3.0,1.0,,,,1.2857142857142858,1.0,9.0,0.0,1.2857142857142858,3.0571428571428574,7.0,1.0,7.0,1.0,0.0,7.0,,,,True,True,UNKNOWN,False,False
2021013114,2023-07-04 18:00:00,東北楽天ゴールデンイーグルス,オリックス・バファローズ,7.0,9.0,UNKNOWN,東京ドーム,unknown,low,False,False,1400195,700069,[],[],,,,,0,light,2023-07-04T09:00:00+00:00,,UNKNOWN,,,,UNKNOWN,UNKNOWN,,UNKNOWN,,16.2,3.0,10.8,2.7,0.0,1.7000000000000002,3.333333333333333,6.0,9.0,0.0,1.0,4.0,,,,18.0,3.25,2.25,4.5,6.75,13.95,4.0,8.0,11.0,3.0,2.0,1.0,,,,True,True,UNKNOWN,False,False
2021013115,2023-07-04 18:00:00,千葉ロッテマリーンズ,埼玉西武ライオンズ,1.0,0.0,UNKNOWN,ZOZOマリンスタジアム,unknown,low,False,False,1600127,900081,[],[],,,,,0,light,2023-07-04T09:00:00+00:00,,UNKNOWN,,,,UNKNOWN,UNKNOWN,,UNKNOWN,,0.0,0.375,5.625,2.25,0.0,2.7,8.0,0.0,1.0,0.0,2.0,5.0,,,,0.0,0.8571428571428571,7.714285714285714,1.2857142857142858,0.0,1.9142857142857144,7.0,0.0,5.0,0.0,1.0,6.0,,,,True,True,UNKNOWN,False,False
2021013116,2023-07-04 18:00:00,福岡ソフトバンクホークス,北海道日本ハムファイターズ,3.0,10.0,UNKNOWN,福岡PayPayドーム,unknown,low,False,False,2000079,20204,[],[],,,,,0,light,2023-07-04T09:00:00+00:00,,UNKNOWN,,,,UNKNOWN,UNKNOWN,,UNKNOWN,,3.375,1.3125,15.1875,6.75,1.6875,4.5125,5.333333333333333,2.0,3.0,1.0,4.0,9.0,,,,13.5,2.7,10.8,8.1,5.4,11.3,3.333333333333333,5.0,6.0,2.0,3.0,4.0,,,,True,True,UNKNOWN,False,False
2021013117,2023-07-05 18:00:00,横浜DeNAベイスターズ,東京ヤクルトスワローズ,4.0,5.0,UNKNOWN,横浜スタジアム,unknown,low,False,False,1500139,1400110,[],[],,,,,0,light,2023-07-05T09:00:00+00:00,,UNKNOWN,,,,UNKNOWN,UNKNOWN,,UNKNOWN,,5.4,1.0,3.6,3.6,0.0,3.6,5.0,3.0,3.0,0.0,2.0,2.0,,,,7.2,1.8,3.6,5.4,0.0,4.2,5.0,4.0,6.0,0.0,3.0,2.0,,,,True,True,UNKNOWN,False,False
2021013118,2023-07-05 18:00:00,中日ドラゴンズ,読売ジャイアンツ,6.0,7.0,UNKNOWN,バンテリンドーム ナゴヤ,unknown,low,False,False,1961407,2000042,[],[],,,,,0,light,2023-07-05T09:00:00+00:00,,UNKNOWN,,,,UNKNOWN,UNKNOWN,,UNKNOWN,,10.384615384615383,2.076923076923077,6.230769230769231,2.076923076923077,2.076923076923077,5.507692307692308,4.333333333333333,5.0,8.0,1.0,1.0,3.0,,,,108.0,12.0,0.0,27.0,27.0,51.2,0.3333333333333333,4.0,3.0,1.0,1.0,0.0,,,,True,True,UNKNOWN,False,False
2021013119,2023-07-05 18:00:00,広島東洋カープ,阪神タイガース,0.0,2.0,UNKNOWN,MAZDA Zoom-Zoom スタジアム広島,unknown,low,False,False,1700137,1900052,[],[],,,,,0,light,2023-07-05T09:00:00+00:00,,UNKNOWN,,,,UNKNOWN,UNKNOWN,,UNKNOWN,,0.0,0.5555555555555556,7.0,0.0,0.0,1.6444444444444446,9.0,0.0,5.0,0.0,0.0,7.0,,,,1.5,1.5,6.0,4.5,1.5,5.533333333333333,6.0,1.0,6.0,1.0,3.0,4.0,,,,True,True,UNKNOWN,False,False
2021013121,2023-07-05 18:00:00,千葉ロッテマリーンズ,埼玉西武ライオンズ,2.0,1.0,UNKNOWN,ZOZOマリンスタジアム,unknown,low,False,False,1700124,1900080,[],[],,,,,0,light,2023-07-05T09:00:00+00:00,,UNKNOWN,,,,UNKNOWN,UNKNOWN,,UNKNOWN,,2.571428571428572,1.1428571428571428,6.428571428571429,0.0,1.2857142857142858,3.628571428571429,7.0,2.0,8.0,1.0,0.0,5.0,,,,0.0,0.75,12.375,1.125,0.0,0.8250000000000002,8.0,0.0,5.0,0.0,1.0,11.0,,,,True,True,UNKNOWN,False,False
2021013120,2023-07-05 18:00:00,東北楽天ゴールデンイーグルス,オリックス・バファローズ,6.0,1.0,UNKNOWN,楽天モバイルパーク宮城,unknown,low,False,False,1900087,2106793,[],[],,,,,0,light,2023-07-05T09:00:00+00:00,,UNKNOWN,,,,UNKNOWN,UNKNOWN,,UNKNOWN,,7.2,1.4,9.0,1.8,0.0,1.8000000000000005,5.0,4.0,6.0,0.0,1.0,5.0,,,,0.0,1.1666666666666667,12.0,3.0,0.0,1.5333333333333334,6.0,0.0,5.0,0.0,2.0,8.0,,,,True,True,UNKNOWN,False,False
2021013123,2023-07-06 18:00:00,横浜DeNAベイスターズ,東京ヤクルトスワローズ,3.0,2.0,UNKNOWN,横浜スタジアム,unknown,low,False,False,2000033,1460045,[],[],,,,,0,light,2023-07-06T09:00:00+00:00,,UNKNOWN,,,,UNKNOWN,UNKNOWN,,UNKNOWN,,0.0,1.0,4.5,0.0,0.0,2.2,2.0,0.0,2.0,0.0,0.0,1.0,,,,2.0,0.7777777777777778,7.0,3.0,0.0,2.644444444444445,9.0,2.0,4.0,0.0,3.0,7.0,,,,True,True,UNKNOWN,False,False
2021013124,2023-07-06 18:00:00,広島東洋カープ,阪神タイガース,4.0,0.0,UNKNOWN,MAZDA Zoom-Zoom スタジアム広島,unknown,low,False,False,2000055,1100081,[],[],,,,,0,light,2023-07-06T09:00:00+00:00,,UNKNOWN,,,,UNKNOWN,UNKNOWN,,UNKNOWN,,3.857142857142857,0.7142857142857143,7.714285714285714,0.0,1.2857142857142858,3.342857142857143,7.0,3.0,5.0,1.0,0.0,6.0,,,,0.0,0.5,4.5,0.0,0.0,2.2,6.0,0.0,3.0,0.0,0.0,3.0,,,,True,True,UNKNOWN,False,False
2021013122,2023-07-05 18:00:00,福岡ソフトバンクホークス,北海道日本ハムファイターズ,5.0,1.0,UNKNOWN,福岡PayPayドーム,unknown,low,False,False,1900073,1800109,[],[],,,,,0,light,2023-07-05T09:00:00+00:00,,UNKNOWN,,,,UNKNOWN,UNKNOWN,,UNKNOWN,,20.25,5.25,0.0,0.0,0.0,3.2,1.3333333333333333,3.0,7.0,0.0,0.0,0.0,,,,1.2857142857142858,0.8571428571428571,9.0,1.2857142857142858,0.0,1.6285714285714288,7.0,1.0,5.0,0.0,1.0,7.0,,,,True,True,UNKNOWN,False,False
2021013125,2023-07-06 18:00:00,東北楽天ゴールデンイーグルス,オリックス・バファローズ,3.0,0.0,UNKNOWN,楽天モバイルパーク宮城,unknown,low,False,False,2000096,700065,[],[],,,,,0,light,2023-07-06T09:00:00+00:00,,UNKNOWN,,,,UNKNOWN,UNKNOWN,,UNKNOWN,,4.5,1.3333333333333333,4.5,1.5,0.0,2.7,6.0,3.0,7.0,0.0,1.0,3.0,,,,0.0,0.7826086956521738,7.0434782608695645,0.0,0.0,1.6347826086956525,7.666666666666667,0.0,6.0,0.0,0.0,6.0,,,,True,True,UNKNOWN,False,False
2021013126,2023-07-06 18:30:00,千葉ロッテマリーンズ,埼玉西武ライオンズ,7.0,6.0,UNKNOWN,東京ドーム,interleague,high,True,True,1700125,1800052,[],[],,,,,0,light,2023-07-06T09:30:00+00:00,,UNKNOWN,,,,UNKNOWN,UNKNOWN,,UNKNOWN,,7.2,1.6,9.0,5.4,1.8,5.6,5.0,4.0,5.0,1.0,3.0,5.0,,,,5.4,1.8,7.2,5.4,0.0,3.4000000000000004,5.0,3.0,6.0,0.0,3.0,4.0,,,,True,True,UNKNOWN,False,False
2021013127,2023-07-06 18:00:00,福岡ソフトバンクホークス,北海道日本ハムファイターズ,4.0,3.0,UNKNOWN,福岡PayPayドーム,allstar,high,False,True,1500110,1900106,[],[],,,,,0,light,2023-07-06T09:00:00+00:00,,UNKNOWN,,,,UNKNOWN,UNKNOWN,,UNKNOWN,,3.857142857142857,1.1428571428571428,1.2857142857142858,1.2857142857142858,2.571428571428572,7.057142857142857,7.0,3.0,7.0,2.0,1.0,1.0,,,,1.5,1.0,4.5,4.5,0.0,3.7,6.0,1.0,3.0,0.0,3.0,3.0,,,,True,True,UNKNOWN,False,False
2021013128,2023-07-07 18:00:00,読売ジャイアンツ,横浜DeNAベイスターズ,1.0,2.0,UNKNOWN,東京ドーム,unknown,low,False,False,1500061,1800028,[],[],,,,,0,light,2023-07-07T09:00:00+00:00,,UNKNOWN,,,,UNKNOWN,UNKNOWN,,UNKNOWN,,1.2857142857142858,0.8571428571428571,19.285714285714285,0.0,1.2857142857142858,0.7714285714285718,7.0,1.0,6.0,1.0,0.0,15.0,,,,2.571428571428572,1.1428571428571428,12.857142857142858,2.571428571428572,1.2857142857142858,3.0571428571428574,7.0,2.0,6.0,1.0,2.0,10.0,,,,True,True,UNKNOWN,False,False
2021013129,2023-07-07 18:00:00,中日ドラゴンズ,広島東洋カープ,8.0,0.0,UNKNOWN,バンテリンドーム ナゴヤ,unknown,low,False,False,1300058,1500074,[],[],,,,,0,light,2023-07-07T09:00:00+00:00,,UNKNOWN,,,,UNKNOWN,UNKNOWN,,UNKNOWN,,12.6,2.2,3.6,3.6,0.0,3.6,5.0,7.0,9.0,0.0,2.0,2.0,,,,0.0,0.5555555555555556,4.0,2.0,0.0,2.977777777777778,9.0,0.0,3.0,0.0,2.0,4.0,,,,True,True,UNKNOWN,False,False
2021013133,2023-07-08 14:00:00,中日ドラゴンズ,広島東洋カープ,5.0,1.0,UNKNOWN,バンテリンドーム ナゴヤ,unknown,low,False,False,1300057,1660558,[],[],,,,,0,light,2023-07-08T05:00:00+00:00,,UNKNOWN,,,,UNKNOWN,UNKNOWN,,UNKNOWN,,3.857142857142857,1.2857142857142858,3.857142857142857,3.857142857142857,0.0,3.628571428571429,7.0,3.0,6.0,0.0,3.0,3.0,,,,1.5,1.0,4.5,1.5,0.0,2.7,6.0,1.0,5.0,0.0,1.0,3.0,,,,True,True,UNKNOWN,False,False
2021013131,2023-07-07 18:00:00,東北楽天ゴールデンイーグルス,福岡ソフトバンクホークス,6.0,5.0,UNKNOWN,楽天モバイルパーク宮城,excluded,high,False,False,1400117,1200117,[],[],,,,,0,light,2023-07-07T09:00:00+00:00,,UNKNOWN,,,,UNKNOWN,UNKNOWN,,UNKNOWN,,7.714285714285714,1.4285714285714286,1.2857142857142858,2.571428571428572,2.571428571428572,7.485714285714286,7.0,6.0,8.0,2.0,2.0,1.0,,,,7.941176470588235,2.117647058823529,9.529411764705882,6.352941176470588,1.588235294117647,5.494117647058824,5.666666666666667,5.0,8.0,1.0,4.0,6.0,,,,True,True,UNKNOWN,False,False
2021013135,2023-07-08 14:00:00,北海道日本ハムファイターズ,千葉ロッテマリーンズ,2.0,3.0,UNKNOWN,ES CON FIELD HOKKAIDO,unknown,low,False,False,1000155,1100099,[],[],,,,,0,light,2023-07-08T05:00:00+00:00,,UNKNOWN,,,,UNKNOWN,UNKNOWN,,UNKNOWN,,2.571428571428572,0.4285714285714285,5.142857142857143,0.0,1.2857142857142858,3.9142857142857146,7.0,2.0,3.0,1.0,0.0,4.0,,,,4.05,1.05,4.05,0.0,1.35,4.25,6.666666666666667,3.0,7.0,1.0,0.0,3.0,,,,True,True,UNKNOWN,False,False
2021013136,2023-07-08 16:00:00,東北楽天ゴールデンイーグルス,福岡ソフトバンクホークス,8.0,1.0,UNKNOWN,楽天モバイルパーク宮城,unknown,low,False,False,1200106,900090,[],[],,,,,0,light,2023-07-08T07:00:00+00:00,,UNKNOWN,,,,UNKNOWN,UNKNOWN,,UNKNOWN,,14.727272727272728,2.7272727272727275,4.909090909090909,9.818181818181818,0.0,5.381818181818183,3.6666666666666665,6.0,6.0,0.0,4.0,2.0,,,,1.35,0.8999999999999999,5.4,2.7,1.35,4.85,6.666666666666667,1.0,4.0,1.0,2.0,4.0,,,,True,True,UNKNOWN,False,False
2021013132,2023-07-08 18:00:00,読売ジャイアンツ,横浜DeNAベイスターズ,6.0,0.0,UNKNOWN,東京ドーム,unknown,low,False,False,1660377,1200041,[],[],,,,,0,light,2023-07-08T09:00:00+00:00,,UNKNOWN,,,,UNKNOWN,UNKNOWN,,UNKNOWN,,10.384615384615383,2.7692307692307696,4.153846153846154,2.076923076923077,2.076923076923077,5.969230769230769,4.333333333333333,5.0,11.0,1.0,1.0,2.0,,,,0.0,0.8571428571428571,7.714285714285714,0.0,0.0,1.485714285714286,7.0,0.0,6.0,0.0,0.0,6.0,,,,True,True,UNKNOWN,False,False
2021013137,2023-07-08 17:00:00,オリックス・バファローズ,埼玉西武ライオンズ,5.0,1.0,UNKNOWN,ほっともっとフィールド神戸,unknown,low,False,False,1400182,1600153,[],[],,,,,0,light,2023-07-08T08:00:00+00:00,,UNKNOWN,,,,UNKNOWN,UNKNOWN,,UNKNOWN,,9.0,1.6,3.6,1.8,1.8,5.6,5.0,5.0,7.0,1.0,1.0,2.0,,,,1.0,0.6666666666666666,13.0,1.0,0.0,0.6444444444444448,9.0,1.0,5.0,0.0,1.0,13.0,,,,True,True,UNKNOWN,False,False
2021013141,2023-07-09 13:00:00,北海道日本ハムファイターズ,千葉ロッテマリーンズ,2.0,3.0,UNKNOWN,ES CON FIELD HOKKAIDO,unknown,low,False,False,1600146,1700106,[],[],,,,,0,light,2023-07-09T04:00:00+00:00,,UNKNOWN,,,,UNKNOWN,UNKNOWN,,UNKNOWN,,2.571428571428572,1.0,15.428571428571429,0.0,0.0,-0.2285714285714282,7.0,2.0,7.0,0.0,0.0,12.0,,,,0.0,0.0,9.0,0.0,0.0,1.2000000000000002,2.0,0.0,0.0,0.0,0.0,2.0,,,,True,True,UNKNOWN,False,False
2021013134,2023-07-08 18:00:00,阪神タイガース,東京ヤクルトスワローズ,2.0,3.0,UNKNOWN,阪神甲子園球場,unknown,low,False,False,1760587,2000052,[],[],,,,,0,light,2023-07-08T09:00:00+00:00,,UNKNOWN,,,,UNKNOWN,UNKNOWN,,UNKNOWN,,1.6875,1.125,8.4375,3.375,0.0,2.45,5.333333333333333,1.0,4.0,0.0,2.0,5.0,,,,4.05,1.05,9.45,2.7,0.0,2.0,6.666666666666667,3.0,5.0,0.0,2.0,7.0,,,,True,True,UNKNOWN,False,False
2021013138,2023-07-09 14:00:00,読売ジャイアンツ,横浜DeNAベイスターズ,0.0,1.0,UNKNOWN,東京ドーム,unknown,low,False,False,1700058,1660388,[],[],,,,,0,light,2023-07-09T05:00:00+00:00,,UNKNOWN,,,,UNKNOWN,UNKNOWN,,UNKNOWN,,0.0,0.7142857142857143,3.857142857142857,3.857142857142857,0.0,3.628571428571429,7.0,0.0,2.0,0.0,3.0,3.0,,,,0.0,0.625,6.75,1.125,0.0,2.075,8.0,0.0,4.0,0.0,1.0,6.0,,,,True,True,UNKNOWN,False,False
2021013139,2023-07-09 14:00:00,中日ドラゴンズ,広島東洋カープ,2.0,3.0,UNKNOWN,バンテリンドーム ナゴヤ,unknown,low,False,False,2103788,500014,[],[],,,,,0,light,2023-07-09T05:00:00+00:00,,UNKNOWN,,,,UNKNOWN,UNKNOWN,,UNKNOWN,,1.8,1.0,9.0,0.0,1.8,3.8,5.0,1.0,5.0,1.0,0.0,5.0,,,,5.4,1.4,5.4,1.8,1.8,5.2,5.0,3.0,6.0,1.0,1.0,3.0,,,,True,True,UNKNOWN,False,False
2021013142,2023-07-09 13:00:00,東北楽天ゴールデンイーグルス,福岡ソフトバンクホークス,5.0,1.0,UNKNOWN,楽天モバイルパーク宮城,unknown,low,False,False,1300080,2000123,[],[],,,,,0,light,2023-07-09T04:00:00+00:00,,UNKNOWN,,,,UNKNOWN,UNKNOWN,,UNKNOWN,,0.0,1.0,9.0,3.0,1.5,4.366666666666667,6.0,0.0,4.0,1.0,2.0,6.0,,,,1.8,1.2,3.6,1.8,0.0,3.0,5.0,1.0,5.0,0.0,1.0,2.0,,,,True,True,UNKNOWN,False,False
2021013143,2023-07-09 14:00:00,オリックス・バファローズ,埼玉西武ライオンズ,11.0,5.0,UNKNOWN,京セラドーム大阪,unknown,low,False,False,1800080,1600150,[],[],,,,,0,light,2023-07-09T05:00:00+00:00,,UNKNOWN,,,,UNKNOWN,UNKNOWN,,UNKNOWN,,18.0,3.0,6.0,3.0,3.0,7.2,3.0,6.0,8.0,1.0,1.0,2.0,,,,7.7142857142857135,1.9285714285714284,7.7142857142857135,5.785714285714286,1.9285714285714284,6.2,4.666666666666667,4.0,6.0,1.0,3.0,4.0,,,,True,True,UNKNOWN,False,False
2021013145,2023-07-11 18:00:00,読売ジャイアンツ,広島東洋カープ,4.0,0.0,UNKNOWN,東京ドーム,unknown,low,False,False,1600123,2000006,[],[],,,,,0,light,2023-07-11T09:00:00+00:00,,UNKNOWN,,,,UNKNOWN,UNKNOWN,,UNKNOWN,,5.4,1.2,10.8,1.8,5.4,9.2,5.0,3.0,5.0,3.0,1.0,6.0,,,,0.0,0.7826086956521738,2.347826086956521,1.1739130434782608,0.0,3.0695652173913044,7.666666666666667,0.0,5.0,0.0,1.0,2.0,,,,True,True,UNKNOWN,False,False
2021013144,2023-07-10 18:15:00,福岡ソフトバンクホークス,埼玉西武ライオンズ,1.0,2.0,UNKNOWN,京セラドーム大阪,unknown,low,False,False,1751148,1900010,[],[],,,,,0,light,2023-07-10T09:15:00+00:00,,UNKNOWN,,,,UNKNOWN,UNKNOWN,,UNKNOWN,,1.2857142857142858,0.4285714285714285,5.142857142857143,0.0,1.2857142857142858,3.9142857142857146,7.0,1.0,3.0,1.0,0.0,4.0,,,,4.153846153846154,2.307692307692308,6.230769230769231,6.230769230769231,0.0,3.8923076923076927,4.333333333333333,2.0,7.0,0.0,3.0,3.0,,,,True,True,UNKNOWN,False,False
2021013140,2023-07-09 18:00:00,阪神タイガース,東京ヤクルトスワローズ,1.0,0.0,UNKNOWN,阪神甲子園球場,unknown,low,False,False,1500042,1900044,[],[],,,,,0,light,2023-07-09T09:00:00+00:00,,UNKNOWN,,,,UNKNOWN,UNKNOWN,,UNKNOWN,,0.0,0.8333333333333334,10.5,3.0,0.0,1.866666666666667,6.0,0.0,3.0,0.0,2.0,7.0,,,,0.0,0.8571428571428571,3.857142857142857,0.0,0.0,2.342857142857143,7.0,0.0,6.0,0.0,0.0,3.0,,,,True,True,UNKNOWN,False,False
2021013146,2023-07-11 18:00:00,東京ヤクルトスワローズ,中日ドラゴンズ,2.0,5.0,UNKNOWN,明治神宮野球場,unknown,low,False,False,1600106,2000139,[],[],,,,,0,light,2023-07-11T09:00:00+00:00,,UNKNOWN,,,,UNKNOWN,UNKNOWN,,UNKNOWN,,3.0,0.8333333333333334,6.0,1.5,0.0,2.3666666666666667,6.0,2.0,4.0,0.0,1.0,4.0,,,,6.0,1.0,6.0,0.0,4.5,8.366666666666667,6.0,4.0,6.0,3.0,0.0,4.0,,,,True,True,UNKNOWN,False,False
2021013148,2023-07-11 18:00:00,北海道日本ハムファイターズ,東北楽天ゴールデンイーグルス,2.0,3.0,UNKNOWN,ES CON FIELD HOKKAIDO,unknown,low,False,False,700069,1750903,[],[],,,,,0,light,2023-07-11T09:00:00+00:00,,UNKNOWN,,,,UNKNOWN,UNKNOWN,,UNKNOWN,,2.571428571428572,1.4285714285714286,0.0,1.2857142857142858,0.0,3.628571428571429,7.0,2.0,9.0,0.0,1.0,0.0,,,,4.764705882352941,1.9411764705882355,4.764705882352941,4.764705882352941,1.588235294117647,6.023529411764706,5.666666666666667,3.0,8.0,1.0,3.0,3.0,,,,True,True,UNKNOWN,False,False
2021013147,2023-07-11 18:00:00,阪神タイガース,横浜DeNAベイスターズ,7.0,2.0,UNKNOWN,マスカットスタジアム,excluded,high,False,False,1600109,1500090,[],[],,,,,0,light,2023-07-11T09:00:00+00:00,,UNKNOWN,,,,UNKNOWN,UNKNOWN,,UNKNOWN,,0.0,2.6666666666666665,3.0,12.0,0.0,6.533333333333333,3.0,0.0,4.0,0.0,4.0,1.0,,,,2.571428571428572,0.8571428571428571,1.2857142857142858,0.0,0.0,2.9142857142857146,7.0,2.0,6.0,0.0,0.0,1.0,,,,True,True,UNKNOWN,False,False
2021013150,2023-07-12 18:00:00,読売ジャイアンツ,広島東洋カープ,0.0,2.0,UNKNOWN,東京ドーム,unknown,low,False,False,1900052,1961407,[],[],,,,,0,light,2023-07-12T09:00:00+00:00,,UNKNOWN,,,,UNKNOWN,UNKNOWN,,UNKNOWN,,0.0,1.0,6.0,1.0,0.0,2.2,9.0,0.0,8.0,0.0,1.0,6.0,,,,3.0,1.0,12.0,3.0,1.5,3.7,6.0,2.0,4.0,1.0,2.0,8.0,,,,True,True,UNKNOWN,False,False
2021013149,2023-07-11 18:00:00,オリックス・バファローズ,千葉ロッテマリーンズ,4.0,3.0,UNKNOWN,京セラドーム大阪,unknown,low,False,False,1700002,1400195,[],[],,,,,0,light,2023-07-11T09:00:00+00:00,,UNKNOWN,,,,UNKNOWN,UNKNOWN,,UNKNOWN,,6.0,1.5,3.0,1.5,1.5,5.2,6.0,4.0,8.0,1.0,1.0,2.0,,,,5.4,1.0,7.2,1.8,0.0,2.2,5.0,3.0,4.0,0.0,1.0,4.0,,,,True,True,UNKNOWN,False,False
2021013151,2023-07-12 18:00:00,東京ヤクルトスワローズ,中日ドラゴンズ,8.0,5.0,UNKNOWN,明治神宮野球場,unknown,low,False,False,1200055,1200076,[],[],,,,,0,light,2023-07-12T09:00:00+00:00,,UNKNOWN,,,,UNKNOWN,UNKNOWN,,UNKNOWN,,16.200000000000003,3.0000000000000004,0.0,0.0,5.4,11.0,1.6666666666666663,3.0,5.0,1.0,0.0,0.0,,,,3.8571428571428568,2.357142857142857,1.9285714285714284,7.7142857142857135,1.9285714285714284,8.128571428571428,4.666666666666667,2.0,7.0,1.0,4.0,1.0,,,,True,True,UNKNOWN,False,False
2021013154,2023-07-12 18:00:00,オリックス・バファローズ,千葉ロッテマリーンズ,3.0,5.0,UNKNOWN,京セラドーム大阪,unknown,low,False,False,1900080,1660390,[],[],,,,,0,light,2023-07-12T09:00:00+00:00,,UNKNOWN,,,,UNKNOWN,UNKNOWN,,UNKNOWN,,1.2857142857142858,0.4285714285714285,18.0,0.0,0.0,-0.7999999999999998,7.0,1.0,3.0,0.0,0.0,14.0,,,,9.0,1.5,9.0,0.0,4.5,7.7,2.0,2.0,3.0,1.0,0.0,2.0,,,,True,True,UNKNOWN,False,False
2021013153,2023-07-12 18:00:00,北海道日本ハムファイターズ,東北楽天ゴールデンイーグルス,3.0,4.0,UNKNOWN,ES CON FIELD HOKKAIDO,unknown,low,False,False,2106793,2000079,[],[],,,,,0,light,2023-07-12T09:00:00+00:00,,UNKNOWN,,,,UNKNOWN,UNKNOWN,,UNKNOWN,,1.6875,1.6875,3.375,8.4375,0.0,5.2625,5.333333333333333,1.0,4.0,0.0,5.0,2.0,,,,4.909090909090909,1.2272727272727273,12.272727272727272,1.2272727272727273,2.4545454545454546,4.427272727272728,7.333333333333333,4.0,8.0,2.0,1.0,10.0,,,,True,True,UNKNOWN,False,False
2021013155,2023-07-12 18:15:00,福岡ソフトバンクホークス,埼玉西武ライオンズ,2.0,4.0,UNKNOWN,北九州市民球場,unknown,low,False,False,1600127,1800109,[],[],,,,,0,light,2023-07-12T09:15:00+00:00,,UNKNOWN,,,,UNKNOWN,UNKNOWN,,UNKNOWN,,2.571428571428572,1.2857142857142858,5.142857142857143,3.857142857142857,0.0,3.342857142857143,7.0,2.0,6.0,0.0,3.0,4.0,,,,4.764705882352941,0.7058823529411764,3.176470588235294,1.588235294117647,0.0,3.0235294117647062,5.666666666666667,3.0,3.0,0.0,1.0,2.0,,,,True,True,UNKNOWN,False,False
2021013152,2023-07-12 18:00:00,阪神タイガース,横浜DeNAベイスターズ,5.0,4.0,UNKNOWN,阪神甲子園球場,unknown,low,False,False,1460045,1700137,[],[],,,,,0,light,2023-07-12T09:00:00+00:00,,UNKNOWN,,,,UNKNOWN,UNKNOWN,,UNKNOWN,,4.909090909090909,0.9545454545454546,6.136363636363637,1.2272727272727273,1.2272727272727273,4.0181818181818185,7.333333333333333,4.0,6.0,1.0,1.0,5.0,,,,7.2,2.0,7.2,0.0,3.6,6.800000000000001,5.0,4.0,10.0,2.0,0.0,4.0,,,,True,True,UNKNOWN,False,False
2021013157,2023-07-13 18:00:00,東京ヤクルトスワローズ,中日ドラゴンズ,2.0,4.0,UNKNOWN,明治神宮野球場,unknown,low,False,False,1500074,1500139,[],[],,,,,0,light,2023-07-13T09:00:00+00:00,,UNKNOWN,,,,UNKNOWN,UNKNOWN,,UNKNOWN,,2.571428571428572,0.7142857142857143,11.571428571428571,1.2857142857142858,2.571428571428572,4.771428571428571,7.0,2.0,4.0,2.0,1.0,9.0,,,,4.5,1.0,10.5,1.5,1.5,3.5333333333333337,6.0,3.0,5.0,1.0,1.0,7.0,,,,True,True,UNKNOWN,False,False
2021013156,2023-07-13 18:00:00,読売ジャイアンツ,広島東洋カープ,1.0,6.0,UNKNOWN,東京ドーム,unknown,low,False,False,1300058,1800028,[],[],,,,,0,light,2023-07-13T09:00:00+00:00,,UNKNOWN,,,,UNKNOWN,UNKNOWN,,UNKNOWN,,1.8,0.8,5.4,3.6,0.0,3.2,5.0,1.0,2.0,0.0,2.0,3.0,,,,1.2857142857142858,1.0,5.142857142857143,0.0,0.0,2.0571428571428574,7.0,1.0,7.0,0.0,0.0,4.0,,,,True,True,UNKNOWN,False,False
2021013158,2023-07-13 18:00:00,阪神タイガース,横浜DeNAベイスターズ,0.0,4.0,UNKNOWN,阪神甲子園球場,unknown,low,False,False,1400110,2000055,[],[],,,,,0,light,2023-07-13T09:00:00+00:00,,UNKNOWN,,,,UNKNOWN,UNKNOWN,,UNKNOWN,,0.0,1.0,9.0,3.6,0.0,2.4000000000000004,5.0,0.0,3.0,0.0,2.0,5.0,,,,4.5,1.3333333333333333,9.0,1.5,0.0,1.7000000000000002,6.0,3.0,7.0,0.0,1.0,6.0,,,,True,True,UNKNOWN,False,False
2021013161,2023-07-13 18:00:00,福岡ソフトバンクホークス,埼玉西武ライオンズ,2.0,4.0,UNKNOWN,福岡PayPayドーム,unknown,low,False,False,1700124,1900106,[],[],,,,,0,light,2023-07-13T09:00:00+00:00,,UNKNOWN,,,,UNKNOWN,UNKNOWN,,UNKNOWN,,2.571428571428572,1.1428571428571428,5.142857142857143,5.142857142857143,0.0,3.7714285714285714,7.0,2.0,4.0,0.0,4.0,4.0,,,,1.5,1.5,7.5,3.0,0.0,2.5333333333333337,6.0,1.0,7.0,0.0,2.0,5.0,,,,True,True,UNKNOWN,False,False
2021013167,2023-07-15 14:00:00,福岡ソフトバンクホークス,オリックス・バファローズ,2.0,3.0,UNKNOWN,福岡PayPayドーム,unknown,low,False,False,1600153,1400117,[],[],,,,,0,light,2023-07-15T05:00:00+00:00,,UNKNOWN,,,,UNKNOWN,UNKNOWN,,UNKNOWN,,1.125,0.75,10.125,0.0,1.125,2.575,8.0,1.0,6.0,1.0,0.0,9.0,,,,2.571428571428572,1.0,2.571428571428572,0.0,1.2857142857142858,4.485714285714286,7.0,2.0,7.0,1.0,0.0,2.0,,,,True,True,UNKNOWN,False,False
2021013163,2023-07-15 17:00:00,横浜DeNAベイスターズ,広島東洋カープ,1.0,2.0,UNKNOWN,横浜スタジアム,unknown,low,False,False,1300057,1500061,[],[],,,,,0,light,2023-07-15T08:00:00+00:00,,UNKNOWN,,,,UNKNOWN,UNKNOWN,,UNKNOWN,,1.2857142857142858,0.2857142857142857,5.142857142857143,0.0,0.0,2.0571428571428574,7.0,1.0,2.0,0.0,0.0,4.0,,,,0.0,0.625,7.875,0.0,0.0,1.4500000000000002,8.0,0.0,5.0,0.0,0.0,7.0,,,,True,True,UNKNOWN,False,False
2021013159,2023-07-13 13:00:00,北海道日本ハムファイターズ,東北楽天ゴールデンイーグルス,2.0,3.0,UNKNOWN,ES CON FIELD HOKKAIDO,unknown,low,False,False,700065,1500110,[],[],,,,,0,light,2023-07-13T04:00:00+00:00,,UNKNOWN,,,,UNKNOWN,UNKNOWN,,UNKNOWN,,3.6,1.6,3.6,1.8,1.8,5.6,5.0,2.0,7.0,1.0,1.0,2.0,,,,2.571428571428572,1.5714285714285714,3.857142857142857,1.2857142857142858,1.2857142857142858,4.628571428571429,7.0,2.0,10.0,1.0,1.0,3.0,,,,True,True,UNKNOWN,False,False
2021013162,2023-07-15 18:00:00,東京ヤクルトスワローズ,読売ジャイアンツ,3.0,1.0,UNKNOWN,明治神宮野球場,unknown,low,False,False,1900019,1760587,[],[],,,,,0,light,2023-07-15T09:00:00+00:00,,UNKNOWN,,,,UNKNOWN,UNKNOWN,,UNKNOWN,,4.5,1.25,13.5,2.25,0.0,0.9500000000000002,4.0,2.0,4.0,0.0,1.0,6.0,,,,1.2857142857142858,0.5714285714285714,10.285714285714286,1.2857142857142858,1.2857142857142858,3.2,7.0,1.0,3.0,1.0,1.0,8.0,,,,True,True,UNKNOWN,False,False
2021013164,2023-07-15 18:00:00,阪神タイガース,中日ドラゴンズ,4.0,6.0,UNKNOWN,阪神甲子園球場,unknown,low,False,False,2000042,1600115,[],[],,,,,0,light,2023-07-15T09:00:00+00:00,,UNKNOWN,,,,UNKNOWN,UNKNOWN,,UNKNOWN,,4.5,1.5,9.0,4.5,0.0,2.7,6.0,3.0,6.0,0.0,3.0,6.0,,,,2.571428571428572,1.4285714285714286,5.142857142857143,2.571428571428572,0.0,2.9142857142857146,7.0,2.0,8.0,0.0,2.0,4.0,,,,True,True,UNKNOWN,False,False
2021013166,2023-07-15 18:00:00,千葉ロッテマリーンズ,東北楽天ゴールデンイーグルス,9.0,7.0,UNKNOWN,ZOZOマリンスタジアム,unknown,low,False,False,900090,1800052,[],[],,,,,0,light,2023-07-15T09:00:00+00:00,,UNKNOWN,,,,UNKNOWN,UNKNOWN,,UNKNOWN,,7.2,1.2,3.6,1.8,1.8,5.6,5.0,4.0,5.0,1.0,1.0,2.0,,,,10.384615384615383,2.5384615384615388,2.076923076923077,4.153846153846154,0.0,4.123076923076924,4.333333333333333,5.0,9.0,0.0,2.0,1.0,,,,True,True,UNKNOWN,False,False
2021013173,2023-07-16 13:00:00,福岡ソフトバンクホークス,オリックス・バファローズ,1.0,2.0,UNKNOWN,福岡PayPayドーム,unknown,low,False,False,1900087,1200106,[],[],,,,,0,light,2023-07-16T04:00:00+00:00,,UNKNOWN,,,,UNKNOWN,UNKNOWN,,UNKNOWN,,1.125,0.75,6.75,2.25,0.0,2.45,8.0,1.0,4.0,0.0,2.0,6.0,,,,1.125,0.375,10.125,0.0,1.125,2.575,8.0,1.0,3.0,1.0,0.0,9.0,,,,True,True,UNKNOWN,False,False
2021013165,2023-07-15 18:00:00,埼玉西武ライオンズ,北海道日本ハムファイターズ,1.0,0.0,UNKNOWN,ベルーナドーム,unknown,low,False,False,1100099,1700125,[],[],,,,,0,light,2023-07-15T09:00:00+00:00,,UNKNOWN,,,,UNKNOWN,UNKNOWN,,UNKNOWN,,0.0,0.625,3.375,1.125,0.0,2.825,8.0,0.0,4.0,0.0,1.0,3.0,,,,0.0,0.8571428571428571,2.571428571428572,2.571428571428572,0.0,3.4857142857142858,7.0,0.0,4.0,0.0,2.0,2.0,,,,True,True,UNKNOWN,False,False
2021013169,2023-07-16 17:00:00,横浜DeNAベイスターズ,広島東洋カープ,2.0,3.0,UNKNOWN,横浜スタジアム,unknown,low,False,False,1100081,1700058,[],[],,,,,0,light,2023-07-16T08:00:00+00:00,,UNKNOWN,,,,UNKNOWN,UNKNOWN,,UNKNOWN,,0.0,1.0,3.6,0.0,0.0,2.4000000000000004,5.0,0.0,5.0,0.0,0.0,2.0,,,,2.571428571428572,0.7142857142857143,2.571428571428572,0.0,1.2857142857142858,4.485714285714286,7.0,2.0,5.0,1.0,0.0,2.0,,,,True,True,UNKNOWN,False,False
2021013171,2023-07-16 18:00:00,埼玉西武ライオンズ,北海道日本ハムファイターズ,2.0,0.0,UNKNOWN,ベルーナドーム,unknown,low,False,False,1500109,1400182,[],[],,,,,0,light,2023-07-16T09:00:00+00:00,,UNKNOWN,,,,UNKNOWN,UNKNOWN,,UNKNOWN,,3.8571428571428568,1.9285714285714284,3.8571428571428568,1.9285714285714284,1.9285714285714284,5.771428571428571,4.666666666666667,2.0,8.0,1.0,1.0,2.0,,,,0.0,0.5555555555555556,6.0,1.0,0.0,2.2,9.0,0.0,4.0,0.0,1.0,6.0,,,,True,True,UNKNOWN,False,False
2021013172,2023-07-16 18:00:00,千葉ロッテマリーンズ,東北楽天ゴールデンイーグルス,6.0,7.0,UNKNOWN,ZOZOマリンスタジアム,unknown,low,False,False,1200117,1000155,[],[],,,,,0,light,2023-07-16T09:00:00+00:00,,UNKNOWN,,,,UNKNOWN,UNKNOWN,,UNKNOWN,,2.4545454545454546,0.8181818181818182,7.363636363636364,0.0,2.4545454545454546,5.109090909090909,7.333333333333333,2.0,6.0,2.0,0.0,6.0,,,,5.4,2.0,1.8,5.4,1.8,7.2,5.0,3.0,7.0,1.0,3.0,1.0,,,,True,True,UNKNOWN,False,False
2021013179,2023-07-17 13:00:00,福岡ソフトバンクホークス,オリックス・バファローズ,0.0,3.0,UNKNOWN,福岡PayPayドーム,unknown,low,False,False,2000096,1900010,[],[],,,,,0,light,2023-07-17T04:00:00+00:00,,UNKNOWN,,,,UNKNOWN,UNKNOWN,,UNKNOWN,,0.0,0.5714285714285714,10.285714285714286,2.571428571428572,0.0,1.7714285714285716,7.0,0.0,2.0,0.0,2.0,8.0,,,,3.857142857142857,1.0,9.0,2.571428571428572,1.2857142857142858,3.9142857142857146,7.0,3.0,5.0,1.0,2.0,7.0,,,,True,True,UNKNOWN,False,False
2021013170,2023-07-16 18:00:00,阪神タイガース,中日ドラゴンズ,0.0,3.0,UNKNOWN,阪神甲子園球場,unknown,low,False,False,1660558,2000052,[],[],,,,,0,light,2023-07-16T09:00:00+00:00,,UNKNOWN,,,,UNKNOWN,UNKNOWN,,UNKNOWN,,0.0,0.8333333333333334,6.0,3.0,0.0,2.8666666666666667,6.0,0.0,3.0,0.0,2.0,4.0,,,,3.857142857142857,1.0,5.142857142857143,0.0,1.2857142857142858,3.9142857142857146,7.0,3.0,7.0,1.0,0.0,4.0,,,,True,True,UNKNOWN,False,False
2021013168,2023-07-16 18:00:00,東京ヤクルトスワローズ,読売ジャイアンツ,10.0,3.0,UNKNOWN,明治神宮野球場,unknown,low,False,False,1660388,1500042,[],[],,,,,0,light,2023-07-16T09:00:00+00:00,,UNKNOWN,,,,UNKNOWN,UNKNOWN,,UNKNOWN,,9.0,1.0,13.5,2.25,2.25,4.2,4.0,4.0,3.0,1.0,1.0,6.0,,,,3.0,1.0,9.0,1.5,1.5,3.8666666666666663,6.0,2.0,5.0,1.0,1.0,6.0,,,,True,True,UNKNOWN,False,False
2021013175,2023-07-17 17:00:00,横浜DeNAベイスターズ,広島東洋カープ,1.0,2.0,UNKNOWN,横浜スタジアム,allstar,high,False,True,1600123,1460045,[],[],,,,,0,light,2023-07-17T08:00:00+00:00,,UNKNOWN,,,,UNKNOWN,UNKNOWN,,UNKNOWN,,1.35,0.6,4.05,2.7,0.0,3.2,6.666666666666667,1.0,2.0,0.0,2.0,3.0,,,,1.2857142857142858,1.2857142857142858,10.285714285714286,2.571428571428572,0.0,1.7714285714285716,7.0,1.0,7.0,0.0,2.0,8.0,,,,True,True,UNKNOWN,False,False
2021013178,2023-07-17 17:00:00,千葉ロッテマリーンズ,東北楽天ゴールデンイーグルス,2.0,4.0,UNKNOWN,ZOZOマリンスタジアム,unknown,low,False,False,2000123,1600146,[],[],,,,,0,light,2023-07-17T08:00:00+00:00,,UNKNOWN,,,,UNKNOWN,UNKNOWN,,UNKNOWN,,3.8571428571428568,3.0,3.8571428571428568,11.571428571428571,0.0,6.2,2.333333333333333,1.0,4.0,0.0,3.0,1.0,,,,4.764705882352941,2.117647058823529,9.529411764705882,4.764705882352941,0.0,2.670588235294118,5.666666666666667,3.0,9.0,0.0,3.0,6.0,,,,True,True,UNKNOWN,False,False
2021013174,2023-07-17 18:00:00,東京ヤクルトスワローズ,読売ジャイアンツ,11.0,10.0,UNKNOWN,明治神宮野球場,unknown,low,False,False,1200041,1800035,[],[],,,,,0,light,2023-07-17T09:00:00+00:00,,UNKNOWN,,,,UNKNOWN,UNKNOWN,,UNKNOWN,,162.0,18.0,0.0,0.0,54.0,81.2,0.3333333333333333,6.0,6.0,2.0,0.0,0.0,,,,19.285714285714285,2.571428571428571,3.8571428571428568,11.571428571428571,3.8571428571428568,11.771428571428572,2.333333333333333,5.0,3.0,1.0,3.0,1.0,,,,True,True,UNKNOWN,False,False
2021013176,2023-07-17 18:00:00,阪神タイガース,中日ドラゴンズ,4.0,1.0,UNKNOWN,阪神甲子園球場,unknown,low,False,False,500014,1900044,[],[],,,,,0,light,2023-07-17T09:00:00+00:00,,UNKNOWN,,,,UNKNOWN,UNKNOWN,,UNKNOWN,,15.428571428571429,3.0,7.7142857142857135,3.8571428571428568,3.8571428571428568,8.342857142857142,2.333333333333333,4.0,6.0,1.0,1.0,2.0,,,,1.2857142857142858,1.4285714285714286,6.428571428571429,1.2857142857142858,0.0,2.2,7.0,1.0,9.0,0.0,1.0,5.0,,,,True,True,UNKNOWN,False,False
2021013177,2023-07-17 18:00:00,埼玉西武ライオンズ,北海道日本ハムファイターズ,7.0,2.0,UNKNOWN,ベルーナドーム,unknown,low,False,False,1900073,1751148,[],[],,,,,0,light,2023-07-17T09:00:00+00:00,,UNKNOWN,,,,UNKNOWN,UNKNOWN,,UNKNOWN,,36.0,5.0,9.0,9.0,9.0,17.2,1.0,4.0,4.0,1.0,1.0,1.0,,,,3.0,1.1666666666666667,18.0,1.5,1.5,1.866666666666667,6.0,2.0,6.0,1.0,1.0,12.0,,,,True,True,UNKNOWN,False,False
2021014353,2023-07-19 18:30:00,全セ,全パ,1.0,8.0,UNKNOWN,バンテリンドーム ナゴヤ,allstar,high,False,True,1900080,2000055,[],[],,,,,0,light,2023-07-19T09:30:00+00:00,,UNKNOWN,,,,UNKNOWN,UNKNOWN,,UNKNOWN,,0.0,1.0,18.0,0.0,0.0,-0.7999999999999998,1.0,0.0,1.0,0.0,0.0,2.0,,,,18.0,3.0,9.0,0.0,0.0,1.2000000000000002,2.0,4.0,6.0,0.0,0.0,2.0,,,,True,True,UNKNOWN,False,False
2021014354,2023-07-20 18:30:00,全セ,全パ,1.0,6.0,UNKNOWN,MAZDA Zoom-Zoom スタジアム広島,allstar,high,False,True,2000096,1300058,[],[],,,,,0,light,2023-07-20T09:30:00+00:00,,UNKNOWN,,,,UNKNOWN,UNKNOWN,,UNKNOWN,,0.0,0.5,4.5,0.0,0.0,2.2,2.0,0.0,1.0,0.0,0.0,1.0,,,,4.5,1.5,9.0,0.0,0.0,1.2000000000000002,2.0,1.0,3.0,0.0,0.0,2.0,,,,True,True,UNKNOWN,False,False
2021013180,2023-07-22 18:00:00,東京ヤクルトスワローズ,阪神タイガース,6.0,3.0,UNKNOWN,明治神宮野球場,unknown,low,False,False,1500090,1200076,[],[],,,,,0,light,2023-07-22T09:00:00+00:00,,UNKNOWN,,,,UNKNOWN,UNKNOWN,,UNKNOWN,,7.2,1.8,1.8,3.6,1.8,6.6,5.0,4.0,7.0,1.0,2.0,1.0,,,,4.05,0.6,8.1,1.35,0.0,1.8500000000000003,6.666666666666667,3.0,3.0,0.0,1.0,6.0,,,,True,True,UNKNOWN,False,False
2021013181,2023-07-22 18:00:00,横浜DeNAベイスターズ,読売ジャイアンツ,2.0,4.0,UNKNOWN,横浜スタジアム,unknown,low,False,False,2000006,1400110,[],[],,,,,0,light,2023-07-22T09:00:00+00:00,,UNKNOWN,,,,UNKNOWN,UNKNOWN,,UNKNOWN,,2.571428571428572,0.5714285714285714,2.571428571428572,2.571428571428572,0.0,3.4857142857142858,7.0,2.0,2.0,0.0,2.0,2.0,,,,3.0,1.0,3.0,0.0,3.0,6.866666666666667,6.0,2.0,6.0,2.0,0.0,2.0,,,,True,True,UNKNOWN,False,False
2021013183,2023-07-22 18:00:00,埼玉西武ライオンズ,東北楽天ゴールデンイーグルス,2.0,1.0,UNKNOWN,ベルーナドーム,allstar,high,False,True,900090,1600127,[],[],,,,,0,light,2023-07-22T09:00:00+00:00,,UNKNOWN,,,,UNKNOWN,UNKNOWN,,UNKNOWN,,3.375,1.3125,1.6875,3.375,0.0,3.95,5.333333333333333,2.0,5.0,0.0,2.0,1.0,,,,0.0,0.7142857142857143,11.571428571428571,2.571428571428572,0.0,1.485714285714286,7.0,0.0,3.0,0.0,2.0,9.0,,,,True,True,UNKNOWN,False,False
2021013184,2023-07-22 18:00:00,千葉ロッテマリーンズ,福岡ソフトバンクホークス,5.0,2.0,UNKNOWN,ZOZOマリンスタジアム,unknown,low,False,False,1900106,900081,[],[],,,,,0,light,2023-07-22T09:00:00+00:00,,UNKNOWN,,,,UNKNOWN,UNKNOWN,,UNKNOWN,,4.764705882352941,1.7647058823529411,7.941176470588235,4.764705882352941,0.0,3.0235294117647062,5.666666666666667,3.0,7.0,0.0,3.0,5.0,,,,1.5,1.1666666666666667,6.0,0.0,0.0,1.866666666666667,6.0,1.0,7.0,0.0,0.0,4.0,,,,True,True,UNKNOWN,False,False
2021013182,2023-07-22 18:00:00,広島東洋カープ,中日ドラゴンズ,5.0,3.0,UNKNOWN,MAZDA Zoom-Zoom スタジアム広島,unknown,low,False,False,2000042,1900052,[],[],,,,,0,light,2023-07-22T09:00:00+00:00,,UNKNOWN,,,,UNKNOWN,UNKNOWN,,UNKNOWN,,1.5,1.5,9.0,4.5,0.0,2.7,6.0,1.0,6.0,0.0,3.0,6.0,,,,2.25,0.875,6.75,1.125,1.125,3.7,8.0,2.0,6.0,1.0,1.0,6.0,,,,True,True,UNKNOWN,False,False
2021013185,2023-07-22 18:00:00,オリックス・バファローズ,北海道日本ハムファイターズ,5.0,4.0,UNKNOWN,ほっともっとフィールド神戸,allstar,high,False,True,2000079,1450639,[],[],,,,,0,light,2023-07-22T09:00:00+00:00,,UNKNOWN,,,,UNKNOWN,UNKNOWN,,UNKNOWN,,5.4,1.2,5.4,1.8,3.6,7.8,5.0,3.0,5.0,2.0,1.0,3.0,,,,0.0,2.5,13.5,4.5,0.0,1.7000000000000002,2.0,0.0,4.0,0.0,1.0,3.0,,,,True,True,UNKNOWN,False,False
2021013191,2023-07-23 16:00:00,オリックス・バファローズ,北海道日本ハムファイターズ,7.0,5.0,UNKNOWN,ほっともっとフィールド神戸,excluded,high,False,False,1961850,1400195,[],[],,,,,0,light,2023-07-23T07:00:00+00:00,,UNKNOWN,,,,UNKNOWN,UNKNOWN,,UNKNOWN,,7.105263157894737,1.5789473684210529,8.526315789473685,2.8421052631578947,1.4210526315789471,4.305263157894737,6.333333333333333,5.0,8.0,1.0,2.0,6.0,,,,1.8,0.8,5.4,0.0,1.8,4.6,5.0,1.0,4.0,1.0,0.0,3.0,,,,True,True,UNKNOWN,False,False
2021013187,2023-07-23 17:00:00,横浜DeNAベイスターズ,読売ジャイアンツ,0.0,4.0,UNKNOWN,横浜スタジアム,unknown,low,False,False,1660388,1300031,[],[],,,,,0,light,2023-07-23T08:00:00+00:00,,UNKNOWN,,,,UNKNOWN,UNKNOWN,,UNKNOWN,,0.0,0.7142857142857143,7.714285714285714,2.571428571428572,0.0,2.342857142857143,7.0,0.0,3.0,0.0,2.0,6.0,,,,6.230769230769231,2.307692307692308,10.384615384615383,4.153846153846154,2.076923076923077,5.276923076923078,4.333333333333333,3.0,8.0,1.0,2.0,5.0,,,,True,True,UNKNOWN,False,False
2021013190,2023-07-23 17:00:00,千葉ロッテマリーンズ,福岡ソフトバンクホークス,4.0,3.0,UNKNOWN,ZOZOマリンスタジアム,unknown,low,False,False,1800109,1800052,[],[],,,,,0,light,2023-07-23T08:00:00+00:00,,UNKNOWN,,,,UNKNOWN,UNKNOWN,,UNKNOWN,,3.6,1.2,7.2,3.6,0.0,2.8000000000000003,5.0,2.0,4.0,0.0,2.0,4.0,,,,4.5,1.3333333333333333,4.5,1.5,1.5,4.866666666666667,6.0,3.0,7.0,1.0,1.0,3.0,,,,True,True,UNKNOWN,False,False
2021013186,2023-07-23 18:00:00,東京ヤクルトスワローズ,阪神タイガース,2.0,4.0,UNKNOWN,明治神宮野球場,unknown,low,False,False,2000052,1500139,[],[],,,,,0,light,2023-07-23T09:00:00+00:00,,UNKNOWN,,,,UNKNOWN,UNKNOWN,,UNKNOWN,,1.5,1.0,1.5,4.5,0.0,4.366666666666667,6.0,1.0,3.0,0.0,3.0,1.0,,,,1.8,1.0,9.0,3.6,0.0,2.4000000000000004,5.0,1.0,3.0,0.0,2.0,5.0,,,,True,True,UNKNOWN,False,False
2021013188,2023-07-23 18:00:00,広島東洋カープ,中日ドラゴンズ,3.0,1.0,UNKNOWN,MAZDA Zoom-Zoom スタジアム広島,unknown,low,False,False,1600106,1300057,[],[],,,,,0,light,2023-07-23T09:00:00+00:00,,UNKNOWN,,,,UNKNOWN,UNKNOWN,,UNKNOWN,,3.0,1.3333333333333333,3.0,4.5,0.0,4.033333333333333,6.0,2.0,5.0,0.0,3.0,2.0,,,,1.2857142857142858,1.0,2.571428571428572,2.571428571428572,0.0,3.4857142857142858,7.0,1.0,5.0,0.0,2.0,2.0,,,,True,True,UNKNOWN,False,False
2021013189,2023-07-23 18:00:00,埼玉西武ライオンズ,東北楽天ゴールデンイーグルス,2.0,4.0,UNKNOWN,ベルーナドーム,excluded,high,False,False,1200117,1961288,[],[],,,,,0,light,2023-07-23T09:00:00+00:00,,UNKNOWN,,,,UNKNOWN,UNKNOWN,,UNKNOWN,,2.571428571428572,1.0,3.857142857142857,3.857142857142857,0.0,3.628571428571429,7.0,2.0,4.0,0.0,3.0,3.0,,,,9.0,1.5,6.75,4.5,2.25,6.45,4.0,4.0,4.0,1.0,2.0,3.0,,,,True,True,UNKNOWN,False,False
2021015004,2023-07-24 18:00:00,千葉ロッテマリーンズ,福岡ソフトバンクホークス,2.0,1.0,UNKNOWN,ZOZOマリンスタジアム,unknown,low,False,False,1300080,1900080,[],[],,,,,0,light,2023-07-24T09:00:00+00:00,,UNKNOWN,,,,UNKNOWN,UNKNOWN,,UNKNOWN,,0.0,1.0,9.0,3.857142857142857,0.0,2.4857142857142858,7.0,0.0,4.0,0.0,3.0,7.0,,,,1.5,0.8333333333333334,13.5,1.5,0.0,0.7000000000000002,6.0,1.0,4.0,0.0,1.0,9.0,,,,True,True,UNKNOWN,False,False
2021013192,2023-07-25 18:00:00,中日ドラゴンズ,横浜DeNAベイスターズ,3.0,5.0,UNKNOWN,バンテリンドーム ナゴヤ,unknown,low,False,False,1500061,1500074,[],[],,,,,0,light,2023-07-25T09:00:00+00:00,,UNKNOWN,,,,UNKNOWN,UNKNOWN,,UNKNOWN,,1.125,0.5,11.25,0.0,0.0,0.7000000000000002,8.0,1.0,4.0,0.0,0.0,10.0,,,,9.0,1.4,3.6,0.0,1.8,5.0,5.0,5.0,7.0,1.0,0.0,2.0,,,,True,True,UNKNOWN,False,False
2021013194,2023-07-25 18:00:00,広島東洋カープ,東京ヤクルトスワローズ,6.0,3.0,UNKNOWN,MAZDA Zoom-Zoom スタジアム広島,unknown,low,False,False,1760587,1300058,[],[],,,,,0,light,2023-07-25T09:00:00+00:00,,UNKNOWN,,,,UNKNOWN,UNKNOWN,,UNKNOWN,,3.375,1.5,13.5,3.375,0.0,1.3250000000000002,5.333333333333333,2.0,6.0,0.0,2.0,8.0,,,,4.5,1.6666666666666667,1.5,3.0,0.0,3.8666666666666663,6.0,3.0,8.0,0.0,2.0,1.0,,,,True,True,UNKNOWN,False,False
2021013193,2023-07-25 18:00:00,阪神タイガース,読売ジャイアンツ,4.0,2.0,UNKNOWN,阪神甲子園球場,unknown,low,False,False,1200041,1900044,[],[],,,,,0,light,2023-07-25T09:00:00+00:00,,UNKNOWN,,,,UNKNOWN,UNKNOWN,,UNKNOWN,,5.0625,1.3125,1.6875,3.375,1.6875,6.3875,5.333333333333333,3.0,5.0,1.0,2.0,1.0,,,,3.6,2.0,5.4,5.4,1.8,6.4,5.0,2.0,7.0,1.0,3.0,3.0,,,,True,True,UNKNOWN,False,False
2021013196,2023-07-25 18:00:00,埼玉西武ライオンズ,千葉ロッテマリーンズ,3.0,0.0,UNKNOWN,ベルーナドーム,unknown,low,False,False,1700002,1400182,[],[],,,,,0,light,2023-07-25T09:00:00+00:00,,UNKNOWN,,,,UNKNOWN,UNKNOWN,,UNKNOWN,,4.5,1.5,1.5,4.5,0.0,4.366666666666667,6.0,3.0,6.0,0.0,3.0,1.0,,,,0.0,0.6666666666666666,7.0,1.0,0.0,1.9777777777777776,9.0,0.0,5.0,0.0,1.0,7.0,,,,True,True,UNKNOWN,False,False
2021013195,2023-07-25 18:00:00,東北楽天ゴールデンイーグルス,北海道日本ハムファイターズ,3.0,1.0,UNKNOWN,楽天モバイルパーク宮城,unknown,low,False,False,1500110,2000121,[],[],,,,,0,light,2023-07-25T09:00:00+00:00,,UNKNOWN,,,,UNKNOWN,UNKNOWN,,UNKNOWN,,2.571428571428572,1.2857142857142858,3.857142857142857,3.857142857142857,1.2857142857142858,5.485714285714286,7.0,2.0,6.0,1.0,3.0,3.0,,,,1.5,1.1666666666666667,9.0,1.5,0.0,1.7000000000000002,6.0,1.0,6.0,0.0,1.0,6.0,,,,True,True,UNKNOWN,False,False
2021013198,2023-07-26 18:00:00,中日ドラゴンズ,横浜DeNAベイスターズ,7.0,1.0,UNKNOWN,バンテリンドーム ナゴヤ,excluded,high,False,False,1660377,2107860,[],[],,,,,0,light,2023-07-26T09:00:00+00:00,,UNKNOWN,,,,UNKNOWN,UNKNOWN,,UNKNOWN,,9.0,2.6666666666666665,3.0,6.0,0.0,4.533333333333333,3.0,3.0,6.0,0.0,2.0,1.0,,,,0.0,0.6666666666666666,6.0,4.5,0.0,3.3666666666666667,6.0,0.0,1.0,0.0,3.0,4.0,,,,True,True,UNKNOWN,False,False
2021013199,2023-07-26 18:00:00,阪神タイガース,読売ジャイアンツ,8.0,5.0,UNKNOWN,阪神甲子園球場,unknown,low,False,False,1961407,1700137,[],[],,,,,0,light,2023-07-26T09:00:00+00:00,,UNKNOWN,,,,UNKNOWN,UNKNOWN,,UNKNOWN,,5.4,1.4,9.0,3.6,0.0,2.4000000000000004,5.0,3.0,5.0,0.0,2.0,5.0,,,,7.941176470588235,1.2352941176470589,6.352941176470588,0.0,0.0,1.7882352941176474,5.666666666666667,5.0,7.0,0.0,0.0,4.0,,,,True,True,UNKNOWN,False,False
2021013197,2023-07-25 18:00:00,オリックス・バファローズ,福岡ソフトバンクホークス,0.0,5.0,UNKNOWN,京セラドーム大阪,unknown,low,False,False,1400117,1600153,[],[],,,,,0,light,2023-07-25T09:00:00+00:00,,UNKNOWN,,,,UNKNOWN,UNKNOWN,,UNKNOWN,,0.0,0.8888888888888888,11.0,2.0,0.0,1.4222222222222225,9.0,0.0,6.0,0.0,2.0,11.0,,,,2.347826086956521,1.1739130434782608,4.695652173913043,2.347826086956521,0.0,2.939130434782609,7.666666666666667,2.0,7.0,0.0,2.0,4.0,,,,True,True,UNKNOWN,False,False
2021013201,2023-07-26 18:00:00,東北楽天ゴールデンイーグルス,北海道日本ハムファイターズ,2.0,3.0,UNKNOWN,楽天モバイルパーク宮城,unknown,low,False,False,1500109,2106793,[],[],,,,,0,light,2023-07-26T09:00:00+00:00,,UNKNOWN,,,,UNKNOWN,UNKNOWN,,UNKNOWN,,0.0,1.0,9.0,3.0,0.0,2.2,6.0,0.0,4.0,0.0,2.0,6.0,,,,2.25,0.375,6.75,1.125,1.125,3.7,8.0,2.0,2.0,1.0,1.0,6.0,,,,True,True,UNKNOWN,False,False
2021013200,2023-07-26 18:00:00,広島東洋カープ,東京ヤクルトスワローズ,5.0,3.0,UNKNOWN,MAZDA Zoom-Zoom スタジアム広島,unknown,low,False,False,1500042,2103788,[],[],,,,,0,light,2023-07-26T09:00:00+00:00,,UNKNOWN,,,,UNKNOWN,UNKNOWN,,UNKNOWN,,7.2,1.6,10.8,5.4,3.6,7.8,5.0,4.0,5.0,2.0,3.0,6.0,,,,0.0,1.6,7.2,1.8,1.8,4.800000000000001,5.0,0.0,7.0,1.0,1.0,4.0,,,,True,True,UNKNOWN,False,False
2021013202,2023-07-26 18:00:00,埼玉西武ライオンズ,千葉ロッテマリーンズ,5.0,3.0,UNKNOWN,ベルーナドーム,unknown,low,False,False,1000155,1700125,[],[],,,,,0,light,2023-07-26T09:00:00+00:00,,UNKNOWN,,,,UNKNOWN,UNKNOWN,,UNKNOWN,,6.0,1.1666666666666667,4.5,1.5,3.0,7.033333333333333,6.0,4.0,6.0,2.0,1.0,3.0,,,,1.588235294117647,0.8823529411764706,3.176470588235294,1.588235294117647,0.0,3.0235294117647062,5.666666666666667,1.0,4.0,0.0,1.0,2.0,,,,True,True,UNKNOWN,False,False
2021013205,2023-07-27 18:00:00,阪神タイガース,読売ジャイアンツ,6.0,9.0,UNKNOWN,阪神甲子園球場,unknown,low,False,False,1800028,1600115,[],[],,,,,0,light,2023-07-27T09:00:00+00:00,,UNKNOWN,,,,UNKNOWN,UNKNOWN,,UNKNOWN,,6.428571428571429,1.4285714285714286,3.857142857142857,1.2857142857142858,1.2857142857142858,4.628571428571429,7.0,5.0,9.0,1.0,1.0,3.0,,,,5.785714285714286,2.357142857142857,9.642857142857142,7.7142857142857135,1.9285714285714284,6.414285714285715,4.666666666666667,3.0,7.0,1.0,4.0,5.0,,,,True,True,UNKNOWN,False,False
2021013204,2023-07-27 18:00:00,中日ドラゴンズ,横浜DeNAベイスターズ,1.0,2.0,UNKNOWN,バンテリンドーム ナゴヤ,unknown,low,False,False,1460045,1660558,[],[],,,,,0,light,2023-07-27T09:00:00+00:00,,UNKNOWN,,,,UNKNOWN,UNKNOWN,,UNKNOWN,,1.2857142857142858,1.1428571428571428,7.714285714285714,1.2857142857142858,0.0,1.9142857142857144,7.0,1.0,7.0,0.0,1.0,6.0,,,,2.571428571428572,1.1428571428571428,5.142857142857143,5.142857142857143,1.2857142857142858,5.628571428571428,7.0,2.0,4.0,1.0,4.0,4.0,,,,True,True,UNKNOWN,False,False
2021013206,2023-07-27 18:00:00,広島東洋カープ,東京ヤクルトスワローズ,4.0,1.0,UNKNOWN,MAZDA Zoom-Zoom スタジアム広島,unknown,low,False,False,12113,1600123,[],[],,,,,0,light,2023-07-27T09:00:00+00:00,,UNKNOWN,,,,UNKNOWN,UNKNOWN,,UNKNOWN,,1.8,1.0,0.0,1.8,0.0,3.8,5.0,1.0,4.0,0.0,1.0,0.0,,,,1.2272727272727273,0.6818181818181819,6.136363636363637,1.2272727272727273,0.0,2.2454545454545456,7.333333333333333,1.0,4.0,0.0,1.0,5.0,,,,True,True,UNKNOWN,False,False
2021013207,2023-07-27 18:00:00,東北楽天ゴールデンイーグルス,北海道日本ハムファイターズ,5.0,9.0,UNKNOWN,楽天モバイルパーク宮城,unknown,low,False,False,1750903,700069,[],[],,,,,0,light,2023-07-27T09:00:00+00:00,,UNKNOWN,,,,UNKNOWN,UNKNOWN,,UNKNOWN,,7.2,2.2,7.2,5.4,3.6,8.600000000000001,5.0,4.0,8.0,2.0,3.0,4.0,,,,13.5,2.357142857142857,7.7142857142857135,5.785714285714286,0.0,3.4142857142857146,4.666666666666667,7.0,8.0,0.0,3.0,4.0,,,,True,True,UNKNOWN,False,False
2021013203,2023-07-26 18:00:00,オリックス・バファローズ,福岡ソフトバンクホークス,1.0,7.0,UNKNOWN,京セラドーム大阪,unknown,low,False,False,1900010,1900087,[],[],,,,,0,light,2023-07-26T09:00:00+00:00,,UNKNOWN,,,,UNKNOWN,UNKNOWN,,UNKNOWN,,0.0,1.1666666666666667,9.0,1.5,0.0,1.7000000000000002,6.0,0.0,6.0,0.0,1.0,6.0,,,,7.5,1.6666666666666667,10.5,3.0,4.5,8.366666666666667,6.0,5.0,8.0,3.0,2.0,7.0,,,,True,True,UNKNOWN,False,False
2021013208,2023-07-28 18:00:00,読売ジャイアンツ,中日ドラゴンズ,11.0,5.0,UNKNOWN,東京ドーム,unknown,low,False,False,500014,1900019,[],[],,,,,0,light,2023-07-28T09:00:00+00:00,,UNKNOWN,,,,UNKNOWN,UNKNOWN,,UNKNOWN,,54.0,7.0,0.0,18.0,9.0,22.2,1.0,6.0,5.0,1.0,2.0,0.0,,,,10.8,1.7999999999999998,8.1,0.0,2.7,5.300000000000001,3.333333333333333,4.0,6.0,1.0,0.0,3.0,,,,True,True,UNKNOWN,False,False
2021013209,2023-07-28 18:00:00,東京ヤクルトスワローズ,横浜DeNAベイスターズ,4.0,5.0,UNKNOWN,明治神宮野球場,unknown,low,False,False,1700058,2000139,[],[],,,,,0,light,2023-07-28T09:00:00+00:00,,UNKNOWN,,,,UNKNOWN,UNKNOWN,,UNKNOWN,,6.75,2.0625,3.375,5.0625,3.375,9.0125,5.333333333333333,4.0,8.0,2.0,3.0,2.0,,,,4.5,1.1666666666666667,3.0,1.5,1.5,5.2,6.0,3.0,6.0,1.0,1.0,2.0,,,,True,True,UNKNOWN,False,False
2021013210,2023-07-28 18:00:00,阪神タイガース,広島東洋カープ,7.0,2.0,UNKNOWN,阪神甲子園球場,unknown,low,False,False,1100081,2000055,[],[],,,,,0,light,2023-07-28T09:00:00+00:00,,UNKNOWN,,,,UNKNOWN,UNKNOWN,,UNKNOWN,,2.25,1.5,4.5,2.25,0.0,2.95,4.0,1.0,5.0,0.0,1.0,2.0,,,,2.571428571428572,0.8571428571428571,6.428571428571429,1.2857142857142858,0.0,2.2,7.0,2.0,5.0,0.0,1.0,5.0,,,,True,True,UNKNOWN,False,False
2021013211,2023-07-28 18:00:00,北海道日本ハムファイターズ,オリックス・バファローズ,4.0,0.0,UNKNOWN,ES CON FIELD HOKKAIDO,unknown,low,False,False,2000096,1100099,[],[],,,,,0,light,2023-07-28T09:00:00+00:00,,UNKNOWN,,,,UNKNOWN,UNKNOWN,,UNKNOWN,,7.363636363636364,2.181818181818182,9.818181818181818,7.363636363636364,0.0,3.472727272727273,3.6666666666666665,3.0,5.0,0.0,3.0,4.0,,,,0.0,0.875,5.625,1.125,0.0,2.325,8.0,0.0,6.0,0.0,1.0,5.0,,,,True,True,UNKNOWN,False,False
2021013212,2023-07-28 18:00:00,東北楽天ゴールデンイーグルス,埼玉西武ライオンズ,5.0,1.0,UNKNOWN,楽天モバイルパーク宮城,unknown,low,False,False,1700124,700065,[],[],,,,,0,light,2023-07-28T09:00:00+00:00,,UNKNOWN,,,,UNKNOWN,UNKNOWN,,UNKNOWN,,3.6,1.8,7.2,5.4,1.8,6.0,5.0,2.0,6.0,1.0,3.0,4.0,,,,0.0,0.7142857142857143,7.714285714285714,0.0,0.0,1.485714285714286,7.0,0.0,5.0,0.0,0.0,6.0,,,,True,True,UNKNOWN,False,False
2021013213,2023-07-28 18:15:00,福岡ソフトバンクホークス,千葉ロッテマリーンズ,5.0,8.0,UNKNOWN,福岡PayPayドーム,unknown,low,False,False,1600146,1200106,[],[],,,,,0,light,2023-07-28T09:15:00+00:00,,UNKNOWN,,,,UNKNOWN,UNKNOWN,,UNKNOWN,,9.0,1.8,9.0,3.6,1.8,5.0,5.0,5.0,7.0,1.0,2.0,5.0,,,,18.9,3.0,2.7,5.4,0.0,4.4,3.333333333333333,7.0,8.0,0.0,2.0,1.0,,,,True,True,UNKNOWN,False,False
2021013214,2023-07-29 14:00:00,読売ジャイアンツ,中日ドラゴンズ,6.0,3.0,UNKNOWN,東京ドーム,unknown,low,False,False,2000042,2000006,[],[],,,,,0,light,2023-07-29T05:00:00+00:00,,UNKNOWN,,,,UNKNOWN,UNKNOWN,,UNKNOWN,,5.4,2.0,5.4,3.6,0.0,3.2,5.0,3.0,8.0,0.0,2.0,3.0,,,,4.05,1.2,8.1,2.7,0.0,2.3000000000000003,6.666666666666667,3.0,6.0,0.0,2.0,6.0,,,,True,True,UNKNOWN,False,False
2021013215,2023-07-29 18:00:00,東京ヤクルトスワローズ,横浜DeNAベイスターズ,5.0,3.0,UNKNOWN,明治神宮野球場,unknown,low,False,False,1800045,1200076,[],[],,,,,0,light,2023-07-29T09:00:00+00:00,,UNKNOWN,,,,UNKNOWN,UNKNOWN,,UNKNOWN,,4.764705882352941,0.7058823529411764,6.352941176470588,1.588235294117647,3.176470588235294,6.905882352941177,5.666666666666667,3.0,3.0,2.0,1.0,4.0,,,,2.571428571428572,1.2857142857142858,6.428571428571429,1.2857142857142858,1.2857142857142858,4.057142857142857,7.0,2.0,8.0,1.0,1.0,5.0,,,,True,True,UNKNOWN,False,False
2021013217,2023-07-29 14:00:00,北海道日本ハムファイターズ,オリックス・バファローズ,3.0,4.0,UNKNOWN,ES CON FIELD HOKKAIDO,excluded,high,False,False,1400195,2000079,[],[],,,,,0,light,2023-07-29T05:00:00+00:00,,UNKNOWN,,,,UNKNOWN,UNKNOWN,,UNKNOWN,,3.6,1.6,9.0,3.6,1.8,5.0,5.0,2.0,6.0,1.0,2.0,5.0,,,,9.0,2.6666666666666665,3.0,9.0,0.0,5.533333333333333,3.0,3.0,5.0,0.0,3.0,1.0,,,,True,True,UNKNOWN,False,False
2021013218,2023-07-29 18:00:00,東北楽天ゴールデンイーグルス,埼玉西武ライオンズ,1.0,3.0,UNKNOWN,楽天モバイルパーク宮城,unknown,low,False,False,1600127,900090,[],[],,,,,0,light,2023-07-29T09:00:00+00:00,,UNKNOWN,,,,UNKNOWN,UNKNOWN,,UNKNOWN,,0.0,0.7142857142857143,7.714285714285714,1.2857142857142858,0.0,1.9142857142857144,7.0,0.0,4.0,0.0,1.0,6.0,,,,4.153846153846154,2.076923076923077,6.230769230769231,4.153846153846154,0.0,3.2,4.333333333333333,2.0,7.0,0.0,2.0,3.0,,,,True,True,UNKNOWN,False,False
2021013219,2023-07-29 18:00:00,福岡ソフトバンクホークス,千葉ロッテマリーンズ,1.0,4.0,UNKNOWN,福岡PayPayドーム,unknown,low,False,False,2101291,1900106,[],[],,,,,0,light,2023-07-29T09:00:00+00:00,,UNKNOWN,,,,UNKNOWN,UNKNOWN,,UNKNOWN,,0.0,1.2,1.8,0.0,0.0,2.8000000000000003,5.0,0.0,6.0,0.0,0.0,1.0,,,,4.5,1.0,4.5,0.0,2.25,5.45,8.0,4.0,8.0,2.0,0.0,4.0,,,,True,True,UNKNOWN,False,False
2021013225,2023-07-30 13:00:00,福岡ソフトバンクホークス,千葉ロッテマリーンズ,6.0,5.0,UNKNOWN,福岡PayPayドーム,unknown,low,False,False,1800052,20204,[],[],,,,,0,light,2023-07-30T04:00:00+00:00,,UNKNOWN,,,,UNKNOWN,UNKNOWN,,UNKNOWN,,3.375,1.3125,11.8125,3.375,1.6875,4.1375,5.333333333333333,2.0,5.0,1.0,2.0,7.0,,,,1.8,1.8,7.2,5.4,0.0,3.4000000000000004,5.0,1.0,6.0,0.0,3.0,4.0,,,,True,True,UNKNOWN,False,False
2021013223,2023-07-30 13:00:00,北海道日本ハムファイターズ,オリックス・バファローズ,2.0,9.0,UNKNOWN,ES CON FIELD HOKKAIDO,excluded,high,False,False,1700118,1961850,[],[],,,,,0,light,2023-07-30T04:00:00+00:00,,UNKNOWN,,,,UNKNOWN,UNKNOWN,,UNKNOWN,,3.6,1.2,7.2,1.8,0.0,2.2,5.0,2.0,5.0,0.0,1.0,4.0,,,,9.0,3.0,9.0,6.0,3.0,7.533333333333333,3.0,3.0,7.0,1.0,2.0,3.0,,,,True,True,UNKNOWN,False,False
2021013221,2023-07-30 18:00:00,東京ヤクルトスワローズ,横浜DeNAベイスターズ,7.0,4.0,UNKNOWN,明治神宮野球場,unknown,low,False,False,1400110,1500139,[],[],,,,,0,light,2023-07-30T09:00:00+00:00,,UNKNOWN,,,,UNKNOWN,UNKNOWN,,UNKNOWN,,9.0,1.75,11.25,0.0,0.0,0.7000000000000002,4.0,4.0,7.0,0.0,0.0,5.0,,,,1.8,1.4,9.0,5.4,1.8,5.6,5.0,1.0,4.0,1.0,3.0,5.0,,,,True,True,UNKNOWN,False,False
2021013220,2023-07-30 14:00:00,読売ジャイアンツ,中日ドラゴンズ,4.0,0.0,UNKNOWN,東京ドーム,unknown,low,False,False,1600106,1660388,[],[],,,,,0,light,2023-07-30T05:00:00+00:00,,UNKNOWN,,,,UNKNOWN,UNKNOWN,,UNKNOWN,,0.0,1.1428571428571428,2.571428571428572,5.142857142857143,0.0,4.342857142857143,7.0,0.0,4.0,0.0,4.0,2.0,,,,0.0,1.0,6.428571428571429,2.571428571428572,0.0,2.628571428571429,7.0,0.0,5.0,0.0,2.0,5.0,,,,True,True,UNKNOWN,False,False
2021013222,2023-07-30 18:00:00,阪神タイガース,広島東洋カープ,4.0,2.0,UNKNOWN,阪神甲子園球場,unknown,low,False,False,1300057,2000052,[],[],,,,,0,light,2023-07-30T09:00:00+00:00,,UNKNOWN,,,,UNKNOWN,UNKNOWN,,UNKNOWN,,6.0,1.1666666666666667,10.5,1.5,1.5,3.5333333333333337,6.0,4.0,6.0,1.0,1.0,7.0,,,,1.2272727272727273,0.9545454545454546,9.818181818181818,0.0,0.0,1.018181818181818,7.333333333333333,1.0,7.0,0.0,0.0,8.0,,,,True,True,UNKNOWN,False,False
2021013216,2023-07-29 18:00:00,阪神タイガース,広島東洋カープ,2.0,2.0,UNKNOWN,阪神甲子園球場,unknown,low,False,False,1900052,1500090,[],[],,,,,0,light,2023-07-29T09:00:00+00:00,,UNKNOWN,,,,UNKNOWN,UNKNOWN,,UNKNOWN,,3.375,1.5,3.375,1.6875,1.6875,5.45,5.333333333333333,2.0,7.0,1.0,1.0,2.0,,,,1.2857142857142858,0.7142857142857143,9.0,1.2857142857142858,0.0,1.6285714285714288,7.0,1.0,4.0,0.0,1.0,7.0,,,,True,True,UNKNOWN,False,False
2021013224,2023-07-30 17:00:00,東北楽天ゴールデンイーグルス,埼玉西武ライオンズ,5.0,4.0,UNKNOWN,楽天モバイルパーク宮城,unknown,low,False,False,1751148,1200117,[],[],,,,,0,light,2023-07-30T08:00:00+00:00,,UNKNOWN,,,,UNKNOWN,UNKNOWN,,UNKNOWN,,8.1,2.4,5.4,2.7,0.0,2.9000000000000004,3.333333333333333,3.0,7.0,0.0,1.0,2.0,,,,4.909090909090909,1.6363636363636365,4.909090909090909,3.681818181818182,0.0,3.3363636363636364,7.333333333333333,4.0,9.0,0.0,3.0,4.0,,,,True,True,UNKNOWN,False,False
2021013226,2023-08-01 18:00:00,読売ジャイアンツ,東京ヤクルトスワローズ,0.0,1.0,UNKNOWN,東京ドーム,excluded,high,False,False,2000025,1200041,[],[],,,,,0,light,2023-08-01T09:00:00+00:00,,UNKNOWN,,,,UNKNOWN,UNKNOWN,,UNKNOWN,,0.0,0.7142857142857143,2.571428571428572,1.2857142857142858,0.0,3.0571428571428574,7.0,0.0,4.0,0.0,1.0,2.0,,,,1.125,0.875,4.5,1.125,0.0,2.575,8.0,1.0,6.0,0.0,1.0,4.0,,,,True,True,UNKNOWN,False,False
2021013228,2023-08-01 18:00:00,広島東洋カープ,横浜DeNAベイスターズ,3.0,5.0,UNKNOWN,MAZDA Zoom-Zoom スタジアム広島,unknown,low,False,False,1500061,1300058,[],[],,,,,0,light,2023-08-01T09:00:00+00:00,,UNKNOWN,,,,UNKNOWN,UNKNOWN,,UNKNOWN,,2.076923076923077,1.3846153846153848,14.53846153846154,2.076923076923077,2.076923076923077,3.661538461538462,4.333333333333333,1.0,5.0,1.0,1.0,7.0,,,,2.8421052631578947,1.5789473684210529,4.2631578947368425,1.4210526315789471,0.0,2.726315789473684,6.333333333333333,2.0,9.0,0.0,1.0,3.0,,,,True,True,UNKNOWN,False,False
2021013227,2023-08-01 18:00:00,中日ドラゴンズ,阪神タイガース,2.0,10.0,UNKNOWN,バンテリンドーム ナゴヤ,unknown,low,False,False,1900044,1500074,[],[],,,,,0,light,2023-08-01T09:00:00+00:00,,UNKNOWN,,,,UNKNOWN,UNKNOWN,,UNKNOWN,,3.0,1.3333333333333333,1.5,1.5,1.5,5.533333333333333,6.0,2.0,7.0,1.0,1.0,1.0,,,,9.529411764705882,2.117647058823529,7.941176470588235,3.176470588235294,0.0,2.494117647058824,5.666666666666667,6.0,10.0,0.0,2.0,5.0,,,,True,True,UNKNOWN,False,False
2021013229,2023-08-01 18:00:00,埼玉西武ライオンズ,福岡ソフトバンクホークス,5.0,0.0,UNKNOWN,ベルーナドーム,unknown,low,False,False,1400117,1400182,[],[],,,,,0,light,2023-08-01T09:00:00+00:00,,UNKNOWN,,,,UNKNOWN,UNKNOWN,,UNKNOWN,,5.4,1.65,1.35,4.05,0.0,4.25,6.666666666666667,4.0,8.0,0.0,3.0,1.0,,,,0.0,1.2857142857142858,9.0,6.428571428571429,0.0,3.342857142857143,7.0,0.0,4.0,0.0,5.0,7.0,,,,True,True,UNKNOWN,False,False
2021013230,2023-08-01 18:00:00,千葉ロッテマリーンズ,北海道日本ハムファイターズ,2.0,3.0,UNKNOWN,ZOZOマリンスタジアム,unknown,low,False,False,1500110,1700002,[],[],,,,,0,light,2023-08-01T09:00:00+00:00,,UNKNOWN,,,,UNKNOWN,UNKNOWN,,UNKNOWN,,2.571428571428572,1.4285714285714286,3.857142857142857,2.571428571428572,0.0,3.2,7.0,2.0,8.0,0.0,2.0,3.0,,,,1.5,0.8333333333333334,4.5,3.0,0.0,3.2,6.0,1.0,3.0,0.0,2.0,3.0,,,,True,True,UNKNOWN,False,False
2021013231,2023-08-01 18:00:00,オリックス・バファローズ,東北楽天ゴールデンイーグルス,6.0,2.0,UNKNOWN,京セラドーム大阪,unknown,low,False,False,2000121,1600153,[],[],,,,,0,light,2023-08-01T09:00:00+00:00,,UNKNOWN,,,,UNKNOWN,UNKNOWN,,UNKNOWN,,9.0,2.0,9.0,1.8,1.8,4.4,5.0,5.0,9.0,1.0,1.0,5.0,,,,0.0,1.0,9.0,0.0,0.0,1.2000000000000002,7.0,0.0,7.0,0.0,0.0,7.0,,,,True,True,UNKNOWN,False,False
2021013234,2023-08-02 18:00:00,広島東洋カープ,横浜DeNAベイスターズ,4.0,2.0,UNKNOWN,MAZDA Zoom-Zoom スタジアム広島,unknown,low,False,False,1600081,2103788,[],[],,,,,0,light,2023-08-02T09:00:00+00:00,,UNKNOWN,,,,UNKNOWN,UNKNOWN,,UNKNOWN,,3.0,1.0,7.5,4.5,0.0,3.0333333333333337,6.0,2.0,3.0,0.0,3.0,5.0,,,,1.5,1.3333333333333333,4.5,0.0,0.0,2.2,6.0,1.0,8.0,0.0,0.0,3.0,,,,True,True,UNKNOWN,False,False
2021013232,2023-08-02 18:00:00,読売ジャイアンツ,東京ヤクルトスワローズ,9.0,2.0,UNKNOWN,東京ドーム,unknown,low,False,False,1500042,1961407,[],[],,,,,0,light,2023-08-02T09:00:00+00:00,,UNKNOWN,,,,UNKNOWN,UNKNOWN,,UNKNOWN,,13.5,2.0,6.75,4.5,9.0,16.2,4.0,6.0,6.0,4.0,2.0,3.0,,,,0.0,0.7142857142857143,6.428571428571429,2.571428571428572,0.0,2.628571428571429,7.0,0.0,3.0,0.0,2.0,5.0,,,,True,True,UNKNOWN,False,False
2021013235,2023-08-02 18:00:00,埼玉西武ライオンズ,福岡ソフトバンクホークス,2.0,0.0,UNKNOWN,ベルーナドーム,unknown,low,False,False,1300080,1700125,[],[],,,,,0,light,2023-08-02T09:00:00+00:00,,UNKNOWN,,,,UNKNOWN,UNKNOWN,,UNKNOWN,,2.7,1.05,8.1,4.05,0.0,2.75,6.666666666666667,2.0,4.0,0.0,3.0,6.0,,,,0.0,0.2222222222222222,4.0,0.0,0.0,2.311111111111112,9.0,0.0,2.0,0.0,0.0,4.0,,,,True,True,UNKNOWN,False,False
2021013233,2023-08-02 18:00:00,中日ドラゴンズ,阪神タイガース,3.0,1.0,UNKNOWN,バンテリンドーム ナゴヤ,excluded,high,False,False,900425,1660558,[],[],,,,,0,light,2023-08-02T09:00:00+00:00,,UNKNOWN,,,,UNKNOWN,UNKNOWN,,UNKNOWN,,5.785714285714286,1.9285714285714284,7.7142857142857135,0.0,0.0,1.485714285714286,4.666666666666667,3.0,9.0,0.0,0.0,4.0,,,,3.0,1.0,6.0,0.0,3.0,6.2,3.0,1.0,3.0,1.0,0.0,2.0,,,,True,True,UNKNOWN,False,False
2021013236,2023-08-02 18:00:00,千葉ロッテマリーンズ,北海道日本ハムファイターズ,6.0,8.0,UNKNOWN,ZOZOマリンスタジアム,unknown,low,False,False,1500109,1000155,[],[],,,,,0,light,2023-08-02T09:00:00+00:00,,UNKNOWN,,,,UNKNOWN,UNKNOWN,,UNKNOWN,,0.0,1.5,4.5,4.5,0.0,3.7,2.0,0.0,2.0,0.0,1.0,1.0,,,,11.571428571428571,3.4285714285714284,3.8571428571428568,3.8571428571428568,0.0,3.628571428571429,2.333333333333333,3.0,7.0,0.0,1.0,1.0,,,,True,True,UNKNOWN,False,False
2021013237,2023-08-02 18:00:00,オリックス・バファローズ,東北楽天ゴールデンイーグルス,3.0,2.0,UNKNOWN,京セラドーム大阪,unknown,low,False,False,2106793,1900087,[],[],,,,,0,light,2023-08-02T09:00:00+00:00,,UNKNOWN,,,,UNKNOWN,UNKNOWN,,UNKNOWN,,1.8,1.8,9.0,7.2,0.0,3.6,5.0,1.0,5.0,0.0,4.0,5.0,,,,1.5,1.1666666666666667,6.0,1.5,0.0,2.3666666666666667,6.0,1.0,6.0,0.0,1.0,4.0,,,,True,True,UNKNOWN,False,False
2021013238,2023-08-03 18:00:00,読売ジャイアンツ,東京ヤクルトスワローズ,2.0,1.0,UNKNOWN,東京ドーム,unknown,low,False,False,1760587,1800028,[],[],,,,,0,light,2023-08-03T09:00:00+00:00,,UNKNOWN,,,,UNKNOWN,UNKNOWN,,UNKNOWN,,1.5,1.3333333333333333,10.5,1.5,1.5,3.5333333333333337,6.0,1.0,7.0,1.0,1.0,7.0,,,,1.0,0.8888888888888888,10.0,3.0,0.0,1.9777777777777776,9.0,1.0,5.0,0.0,3.0,10.0,,,,True,True,UNKNOWN,False,False
2021013239,2023-08-03 18:00:00,中日ドラゴンズ,阪神タイガース,2.0,5.0,UNKNOWN,バンテリンドーム ナゴヤ,unknown,low,False,False,2100915,2107860,[],[],,,,,0,light,2023-08-03T09:00:00+00:00,,UNKNOWN,,,,UNKNOWN,UNKNOWN,,UNKNOWN,,1.588235294117647,0.8823529411764706,12.705882352941176,1.588235294117647,0.0,0.9058823529411768,5.666666666666667,1.0,4.0,0.0,1.0,8.0,,,,11.25,3.25,11.25,6.75,0.0,2.95,4.0,5.0,10.0,0.0,3.0,5.0,,,,True,True,UNKNOWN,False,False
2021013240,2023-08-03 18:00:00,広島東洋カープ,横浜DeNAベイスターズ,0.0,0.0,UNKNOWN,MAZDA Zoom-Zoom スタジアム広島,unknown,low,False,False,1460045,1600123,[],[],,,,,0,light,2023-08-03T09:00:00+00:00,,UNKNOWN,,,,UNKNOWN,UNKNOWN,,UNKNOWN,,0.0,0.6,4.5,1.8,0.0,2.8000000000000003,10.0,0.0,4.0,0.0,2.0,5.0,,,,0.0,0.6666666666666666,3.0,1.0,0.0,2.8666666666666667,9.0,0.0,5.0,0.0,1.0,3.0,,,,True,True,UNKNOWN,False,False
2021013242,2023-08-03 18:00:00,オリックス・バファローズ,東北楽天ゴールデンイーグルス,1.0,9.0,UNKNOWN,京セラドーム大阪,excluded,high,False,False,700069,1961077,[],[],,,,,0,light,2023-08-03T09:00:00+00:00,,UNKNOWN,,,,UNKNOWN,UNKNOWN,,UNKNOWN,,1.125,0.875,3.375,2.25,0.0,3.2,8.0,1.0,5.0,0.0,2.0,3.0,,,,12.0,2.333333333333333,12.0,6.0,0.0,2.5333333333333337,3.0,4.0,5.0,0.0,2.0,4.0,,,,True,True,UNKNOWN,False,False
2021013241,2023-08-03 18:00:00,千葉ロッテマリーンズ,北海道日本ハムファイターズ,7.0,5.0,UNKNOWN,ZOZOマリンスタジアム,unknown,low,False,False,1750903,900081,[],[],,,,,0,light,2023-08-03T09:00:00+00:00,,UNKNOWN,,,,UNKNOWN,UNKNOWN,,UNKNOWN,,9.642857142857142,1.7142857142857142,5.785714285714286,3.8571428571428568,1.9285714285714284,5.985714285714286,4.666666666666667,5.0,6.0,1.0,2.0,3.0,,,,4.5,1.5,3.0,3.0,0.0,3.5333333333333337,6.0,3.0,7.0,0.0,2.0,2.0,,,,True,True,UNKNOWN,False,False
2021013243,2023-08-04 17:45:00,横浜DeNAベイスターズ,阪神タイガース,2.0,5.0,UNKNOWN,横浜スタジアム,unknown,low,False,False,2000055,1700058,[],[],,,,,0,light,2023-08-04T08:45:00+00:00,,UNKNOWN,,,,UNKNOWN,UNKNOWN,,UNKNOWN,,3.0,1.1666666666666667,4.5,1.5,1.5,4.866666666666667,6.0,2.0,6.0,1.0,1.0,3.0,,,,1.2857142857142858,1.2857142857142858,6.428571428571429,1.2857142857142858,0.0,2.2,7.0,1.0,8.0,0.0,1.0,5.0,,,,True,True,UNKNOWN,False,False
2021013247,2023-08-04 18:00:00,東北楽天ゴールデンイーグルス,千葉ロッテマリーンズ,3.0,5.0,UNKNOWN,楽天モバイルパーク宮城,unknown,low,False,False,1600146,700065,[],[],,,,,0,light,2023-08-04T09:00:00+00:00,,UNKNOWN,,,,UNKNOWN,UNKNOWN,,UNKNOWN,,4.5,1.0,6.0,3.0,1.5,5.033333333333333,6.0,3.0,4.0,1.0,2.0,4.0,,,,6.75,1.65,8.1,1.35,2.7,5.75,6.666666666666667,5.0,10.0,2.0,1.0,6.0,,,,True,True,UNKNOWN,False,False
2021013245,2023-08-04 18:00:00,広島東洋カープ,読売ジャイアンツ,4.0,3.0,UNKNOWN,MAZDA Zoom-Zoom スタジアム広島,unknown,low,False,False,1800026,1100081,[],[],,,,,0,light,2023-08-04T09:00:00+00:00,,UNKNOWN,,,,UNKNOWN,UNKNOWN,,UNKNOWN,,4.5,1.0,9.0,2.25,2.25,5.2,4.0,2.0,3.0,1.0,1.0,4.0,,,,0.0,2.2,1.8,5.4,0.0,4.6,5.0,0.0,8.0,0.0,3.0,1.0,,,,True,True,UNKNOWN,False,False
2021013250,2023-08-05 14:00:00,中日ドラゴンズ,東京ヤクルトスワローズ,4.0,2.0,UNKNOWN,バンテリンドーム ナゴヤ,unknown,low,False,False,1200076,2000042,[],[],,,,,0,light,2023-08-05T05:00:00+00:00,,UNKNOWN,,,,UNKNOWN,UNKNOWN,,UNKNOWN,,3.0,1.1666666666666667,9.0,1.5,0.0,1.7000000000000002,6.0,2.0,6.0,0.0,1.0,6.0,,,,3.0,1.1666666666666667,13.5,3.0,0.0,1.2000000000000002,6.0,2.0,5.0,0.0,2.0,9.0,,,,True,True,UNKNOWN,False,False
2021013244,2023-08-04 18:00:00,中日ドラゴンズ,東京ヤクルトスワローズ,11.0,1.0,UNKNOWN,バンテリンドーム ナゴヤ,unknown,low,False,False,2000139,1200098,[],[],,,,,0,light,2023-08-04T09:00:00+00:00,,UNKNOWN,,,,UNKNOWN,UNKNOWN,,UNKNOWN,,18.0,3.0,15.0,9.0,3.0,7.2,3.0,6.0,6.0,1.0,3.0,5.0,,,,1.8,1.2,3.6,1.8,0.0,3.0,5.0,1.0,5.0,0.0,1.0,2.0,,,,True,True,UNKNOWN,False,False
2021013248,2023-08-04 18:00:00,埼玉西武ライオンズ,オリックス・バファローズ,3.0,2.0,UNKNOWN,ベルーナドーム,unknown,low,False,False,1400195,1700124,[],[],,,,,0,light,2023-08-04T09:00:00+00:00,,UNKNOWN,,,,UNKNOWN,UNKNOWN,,UNKNOWN,,1.588235294117647,1.4117647058823528,3.176470588235294,1.588235294117647,0.0,3.0235294117647062,5.666666666666667,1.0,7.0,0.0,1.0,2.0,,,,0.0,1.0,10.285714285714286,5.142857142857143,0.0,2.628571428571429,7.0,0.0,3.0,0.0,4.0,8.0,,,,True,True,UNKNOWN,False,False
2021013252,2023-08-05 14:00:00,北海道日本ハムファイターズ,福岡ソフトバンクホークス,6.0,11.0,UNKNOWN,ES CON FIELD HOKKAIDO,unknown,low,False,False,1900106,2000079,[],[],,,,,0,light,2023-08-05T05:00:00+00:00,,UNKNOWN,,,,UNKNOWN,UNKNOWN,,UNKNOWN,,13.5,2.25,2.25,2.25,6.75,13.2,4.0,6.0,8.0,3.0,1.0,1.0,,,,8.307692307692308,2.307692307692308,4.153846153846154,0.0,0.0,2.276923076923077,4.333333333333333,4.0,10.0,0.0,0.0,2.0,,,,True,True,UNKNOWN,False,False
2021013249,2023-08-05 17:00:00,横浜DeNAベイスターズ,阪神タイガース,3.0,7.0,UNKNOWN,横浜スタジアム,unknown,low,False,False,1500090,1800045,[],[],,,,,0,light,2023-08-05T08:00:00+00:00,,UNKNOWN,,,,UNKNOWN,UNKNOWN,,UNKNOWN,,1.5,1.8333333333333333,6.0,4.5,1.5,5.533333333333333,6.0,1.0,8.0,1.0,3.0,4.0,,,,15.0,4.0,9.0,12.0,3.0,9.533333333333331,3.0,5.0,8.0,1.0,4.0,3.0,,,,True,True,UNKNOWN,False,False
2021013246,2023-08-04 18:00:00,北海道日本ハムファイターズ,福岡ソフトバンクホークス,5.0,4.0,UNKNOWN,ES CON FIELD HOKKAIDO,unknown,low,False,False,1200106,1100099,[],[],,,,,0,light,2023-08-04T09:00:00+00:00,,UNKNOWN,,,,UNKNOWN,UNKNOWN,,UNKNOWN,,9.0,2.6666666666666665,0.0,3.0,0.0,4.2,3.0,3.0,7.0,0.0,1.0,0.0,,,,2.571428571428572,1.2857142857142858,3.857142857142857,3.857142857142857,1.2857142857142858,5.485714285714286,7.0,2.0,6.0,1.0,3.0,3.0,,,,True,True,UNKNOWN,False,False
2021013254,2023-08-05 17:00:00,埼玉西武ライオンズ,オリックス・バファローズ,1.0,2.0,UNKNOWN,ベルーナドーム,unknown,low,False,False,2000096,1600127,[],[],,,,,0,light,2023-08-05T08:00:00+00:00,,UNKNOWN,,,,UNKNOWN,UNKNOWN,,UNKNOWN,,1.35,1.2,8.1,2.7,0.0,2.3000000000000003,6.666666666666667,1.0,6.0,0.0,2.0,6.0,,,,2.25,1.125,11.25,3.375,1.125,3.45,8.0,2.0,6.0,1.0,3.0,10.0,,,,True,True,UNKNOWN,False,False
2021013253,2023-08-05 18:00:00,東北楽天ゴールデンイーグルス,千葉ロッテマリーンズ,7.0,6.0,UNKNOWN,楽天モバイルパーク宮城,unknown,low,False,False,1700099,900090,[],[],,,,,0,light,2023-08-05T09:00:00+00:00,,UNKNOWN,,,,UNKNOWN,UNKNOWN,,UNKNOWN,,3.6,1.0,7.2,3.6,1.8,5.4,5.0,2.0,3.0,1.0,2.0,4.0,,,,5.4,1.4,3.6,3.6,1.8,6.2,5.0,3.0,5.0,1.0,2.0,2.0,,,,True,True,UNKNOWN,False,False
2021013251,2023-08-05 18:00:00,広島東洋カープ,読売ジャイアンツ,7.0,3.0,UNKNOWN,MAZDA Zoom-Zoom スタジアム広島,unknown,low,False,False,2000006,1900057,[],[],,,,,0,light,2023-08-05T09:00:00+00:00,,UNKNOWN,,,,UNKNOWN,UNKNOWN,,UNKNOWN,,13.5,2.625,3.375,3.375,3.375,8.45,2.6666666666666665,4.0,6.0,1.0,1.0,1.0,,,,2.571428571428572,0.5714285714285714,9.0,0.0,1.2857142857142858,3.0571428571428574,7.0,2.0,4.0,1.0,0.0,7.0,,,,True,True,UNKNOWN,False,False
2021013258,2023-08-06 13:00:00,北海道日本ハムファイターズ,福岡ソフトバンクホークス,1.0,6.0,UNKNOWN,ES CON FIELD HOKKAIDO,unknown,low,False,False,1900010,1961850,[],[],,,,,0,light,2023-08-06T04:00:00+00:00,,UNKNOWN,,,,UNKNOWN,UNKNOWN,,UNKNOWN,,1.8,1.8,3.6,10.8,0.0,6.0,5.0,1.0,3.0,0.0,6.0,2.0,,,,0.0,1.6,3.6,9.0,0.0,5.4,5.0,0.0,3.0,0.0,5.0,2.0,,,,True,True,UNKNOWN,False,False
2021013255,2023-08-06 17:00:00,横浜DeNAベイスターズ,阪神タイガース,2.0,3.0,UNKNOWN,横浜スタジアム,unknown,low,False,False,2000052,1400110,[],[],,,,,0,light,2023-08-06T08:00:00+00:00,,UNKNOWN,,,,UNKNOWN,UNKNOWN,,UNKNOWN,,3.0,1.0,3.0,0.0,0.0,2.5333333333333337,6.0,2.0,6.0,0.0,0.0,2.0,,,,4.764705882352941,1.2352941176470589,4.764705882352941,3.176470588235294,0.0,3.2,5.666666666666667,3.0,5.0,0.0,2.0,3.0,,,,True,True,UNKNOWN,False,False
2021013256,2023-08-06 14:00:00,中日ドラゴンズ,東京ヤクルトスワローズ,1.0,3.0,UNKNOWN,バンテリンドーム ナゴヤ,unknown,low,False,False,1500139,1600106,[],[],,,,,0,light,2023-08-06T05:00:00+00:00,,UNKNOWN,,,,UNKNOWN,UNKNOWN,,UNKNOWN,,0.0,0.6666666666666666,6.0,1.5,0.0,2.3666666666666667,6.0,0.0,3.0,0.0,1.0,4.0,,,,8.1,3.3,5.4,10.8,0.0,5.6,3.333333333333333,3.0,7.0,0.0,4.0,2.0,,,,True,True,UNKNOWN,False,False
2021013259,2023-08-06 17:00:00,東北楽天ゴールデンイーグルス,千葉ロッテマリーンズ,2.0,1.0,UNKNOWN,楽天モバイルパーク宮城,unknown,low,False,False,1800052,1200117,[],[],,,,,0,light,2023-08-06T08:00:00+00:00,,UNKNOWN,,,,UNKNOWN,UNKNOWN,,UNKNOWN,,2.571428571428572,1.1428571428571428,7.714285714285714,3.857142857142857,0.0,2.771428571428572,7.0,2.0,5.0,0.0,3.0,6.0,,,,1.125,0.625,5.625,1.125,0.0,2.325,8.0,1.0,4.0,0.0,1.0,5.0,,,,True,True,UNKNOWN,False,False
2021013263,2023-08-08 17:45:00,横浜DeNAベイスターズ,中日ドラゴンズ,7.0,4.0,UNKNOWN,横浜スタジアム,unknown,low,False,False,1500074,1500061,[],[],,,,,0,light,2023-08-08T08:45:00+00:00,,UNKNOWN,,,,UNKNOWN,UNKNOWN,,UNKNOWN,,7.105263157894737,1.5789473684210529,2.8421052631578947,5.684210526315789,2.8421052631578947,8.568421052631578,6.333333333333333,5.0,6.0,2.0,4.0,2.0,,,,6.0,1.5,13.5,3.0,0.0,1.2000000000000002,6.0,4.0,7.0,0.0,2.0,9.0,,,,True,True,UNKNOWN,False,False
2021013257,2023-08-06 18:00:00,広島東洋カープ,読売ジャイアンツ,0.0,13.0,UNKNOWN,MAZDA Zoom-Zoom スタジアム広島,unknown,low,False,False,1660388,1300057,[],[],,,,,0,light,2023-08-06T09:00:00+00:00,,UNKNOWN,,,,UNKNOWN,UNKNOWN,,UNKNOWN,,0.0,1.0,6.0,3.0,0.0,2.8666666666666667,6.0,0.0,4.0,0.0,2.0,4.0,,,,7.2,1.6,1.8,0.0,5.4,10.6,5.0,4.0,8.0,3.0,0.0,1.0,,,,True,True,UNKNOWN,False,False
2021013260,2023-08-06 17:00:00,埼玉西武ライオンズ,オリックス・バファローズ,0.0,9.0,UNKNOWN,ベルーナドーム,excluded,high,False,False,1700118,1900061,[],[],,,,,0,light,2023-08-06T08:00:00+00:00,,UNKNOWN,,,,UNKNOWN,UNKNOWN,,UNKNOWN,,0.0,1.4,7.2,3.6,0.0,2.8000000000000003,5.0,0.0,5.0,0.0,2.0,4.0,,,,9.818181818181818,2.181818181818182,4.909090909090909,7.363636363636364,4.909090909090909,11.654545454545456,3.6666666666666665,4.0,5.0,2.0,3.0,2.0,,,,True,True,UNKNOWN,False,False
2021013261,2023-08-08 18:00:00,読売ジャイアンツ,阪神タイガース,6.0,7.0,UNKNOWN,東京ドーム,unknown,low,False,False,1900044,1200041,[],[],,,,,0,light,2023-08-08T09:00:00+00:00,,UNKNOWN,,,,UNKNOWN,UNKNOWN,,UNKNOWN,,6.0,1.1666666666666667,10.5,4.5,3.0,6.7,6.0,4.0,4.0,2.0,3.0,7.0,,,,16.875,3.375,10.125,6.75,0.0,3.2,2.6666666666666665,5.0,7.0,0.0,2.0,3.0,,,,True,True,UNKNOWN,False,False
2021013262,2023-08-08 18:00:00,東京ヤクルトスワローズ,広島東洋カープ,5.0,4.0,UNKNOWN,明治神宮野球場,excluded,high,False,False,1300058,12113,[],[],,,,,0,light,2023-08-08T09:00:00+00:00,,UNKNOWN,,,,UNKNOWN,UNKNOWN,,UNKNOWN,,6.0,1.8333333333333333,3.0,7.5,1.5,7.2,6.0,4.0,6.0,1.0,5.0,2.0,,,,5.0625,1.125,0.0,0.0,1.6875,5.6375,5.333333333333333,3.0,6.0,1.0,0.0,0.0,,,,True,True,UNKNOWN,False,False
2021013264,2023-08-08 18:00:00,北海道日本ハムファイターズ,埼玉西武ライオンズ,3.0,6.0,UNKNOWN,ES CON FIELD HOKKAIDO,unknown,low,False,False,1400182,1500110,[],[],,,,,0,light,2023-08-08T09:00:00+00:00,,UNKNOWN,,,,UNKNOWN,UNKNOWN,,UNKNOWN,,2.25,0.75,6.75,2.25,1.125,4.075,8.0,2.0,4.0,1.0,2.0,6.0,,,,9.0,1.6666666666666667,7.5,0.0,1.5,3.7,6.0,6.0,10.0,1.0,0.0,5.0,,,,True,True,UNKNOWN,False,False
2021013265,2023-08-08 18:00:00,千葉ロッテマリーンズ,オリックス・バファローズ,0.0,2.0,UNKNOWN,ZOZOマリンスタジアム,unknown,low,False,False,1600153,2101291,[],[],,,,,0,light,2023-08-08T09:00:00+00:00,,UNKNOWN,,,,UNKNOWN,UNKNOWN,,UNKNOWN,,0.0,0.8571428571428571,5.142857142857143,2.571428571428572,0.0,2.9142857142857146,7.0,0.0,4.0,0.0,2.0,4.0,,,,3.0,1.0,3.0,0.0,0.0,2.5333333333333337,6.0,2.0,6.0,0.0,0.0,2.0,,,,True,True,UNKNOWN,False,False
2021013266,2023-08-08 18:00:00,福岡ソフトバンクホークス,東北楽天ゴールデンイーグルス,3.0,9.0,UNKNOWN,福岡PayPayドーム,unknown,low,False,False,2000121,1400117,[],[],,,,,0,light,2023-08-08T09:00:00+00:00,,UNKNOWN,,,,UNKNOWN,UNKNOWN,,UNKNOWN,,4.5,1.1666666666666667,7.5,4.5,1.5,5.2,6.0,3.0,4.0,1.0,3.0,5.0,,,,4.5,2.0,4.5,3.0,1.5,5.366666666666667,6.0,3.0,10.0,1.0,2.0,3.0,,,,True,True,UNKNOWN,False,False
2021013269,2023-08-09 17:45:00,横浜DeNAベイスターズ,中日ドラゴンズ,8.0,2.0,UNKNOWN,横浜スタジアム,unknown,low,False,False,1700101,1460045,[],[],,,,,0,light,2023-08-09T08:45:00+00:00,,UNKNOWN,,,,UNKNOWN,UNKNOWN,,UNKNOWN,,3.375,1.875,3.375,6.75,0.0,4.7,2.6666666666666665,1.0,3.0,0.0,2.0,1.0,,,,0.0,0.5714285714285714,12.857142857142858,0.0,0.0,0.3428571428571429,7.0,0.0,4.0,0.0,0.0,10.0,,,,True,True,UNKNOWN,False,False
2021013270,2023-08-09 18:00:00,北海道日本ハムファイターズ,埼玉西武ライオンズ,0.0,6.0,UNKNOWN,ES CON FIELD HOKKAIDO,unknown,low,False,False,1751148,1961224,[],[],,,,,0,light,2023-08-09T09:00:00+00:00,,UNKNOWN,,,,UNKNOWN,UNKNOWN,,UNKNOWN,,0.0,0.7777777777777778,11.0,2.0,0.0,1.4222222222222225,9.0,0.0,5.0,0.0,2.0,11.0,,,,0.0,1.5,3.8571428571428568,3.8571428571428568,0.0,3.628571428571429,4.666666666666667,0.0,5.0,0.0,2.0,2.0,,,,True,True,UNKNOWN,False,False
2021013268,2023-08-09 18:00:00,東京ヤクルトスワローズ,広島東洋カープ,11.0,5.0,UNKNOWN,明治神宮野球場,excluded,high,False,False,2103788,2108113,[],[],,,,,0,light,2023-08-09T09:00:00+00:00,,UNKNOWN,,,,UNKNOWN,UNKNOWN,,UNKNOWN,,18.0,2.0,9.0,4.5,2.25,5.95,4.0,8.0,6.0,1.0,2.0,4.0,,,,1.8,1.4,10.8,1.8,0.0,1.4,5.0,1.0,6.0,0.0,1.0,6.0,,,,True,True,UNKNOWN,False,False
2021013267,2023-08-09 18:00:00,読売ジャイアンツ,阪神タイガース,2.0,5.0,UNKNOWN,東京ドーム,unknown,low,False,False,2100915,1961407,[],[],,,,,0,light,2023-08-09T09:00:00+00:00,,UNKNOWN,,,,UNKNOWN,UNKNOWN,,UNKNOWN,,0.0,0.6,12.6,0.0,0.0,0.4000000000000003,5.0,0.0,3.0,0.0,0.0,7.0,,,,1.2857142857142858,1.0,9.0,2.571428571428572,0.0,2.0571428571428574,7.0,1.0,5.0,0.0,2.0,7.0,,,,True,True,UNKNOWN,False,False
2021013271,2023-08-09 18:00:00,千葉ロッテマリーンズ,オリックス・バファローズ,3.0,8.0,UNKNOWN,ZOZOマリンスタジアム,unknown,low,False,False,1900087,1000155,[],[],,,,,0,light,2023-08-09T09:00:00+00:00,,UNKNOWN,,,,UNKNOWN,UNKNOWN,,UNKNOWN,,4.05,1.2,4.05,2.7,0.0,3.2,6.666666666666667,3.0,6.0,0.0,2.0,3.0,,,,4.5,1.5,3.0,1.5,0.0,3.0333333333333337,6.0,3.0,8.0,0.0,1.0,2.0,,,,True,True,UNKNOWN,False,False
2021013273,2023-08-10 18:00:00,読売ジャイアンツ,阪神タイガース,2.0,5.0,UNKNOWN,東京ドーム,unknown,low,False,False,1600115,1800028,[],[],,,,,0,light,2023-08-10T09:00:00+00:00,,UNKNOWN,,,,UNKNOWN,UNKNOWN,,UNKNOWN,,2.4545454545454546,1.3636363636363638,8.590909090909092,2.4545454545454546,1.2272727272727273,3.881818181818182,7.333333333333333,2.0,8.0,1.0,2.0,7.0,,,,2.7,1.2,9.45,2.7,1.35,3.95,6.666666666666667,2.0,6.0,1.0,2.0,7.0,,,,True,True,UNKNOWN,False,False
2021013275,2023-08-10 17:45:00,横浜DeNAベイスターズ,中日ドラゴンズ,5.0,1.0,UNKNOWN,横浜スタジアム,unknown,low,False,False,2107860,1600081,[],[],,,,,0,light,2023-08-10T08:45:00+00:00,,UNKNOWN,,,,UNKNOWN,UNKNOWN,,UNKNOWN,,7.5,1.6666666666666667,7.5,3.0,0.0,2.5333333333333337,6.0,5.0,8.0,0.0,2.0,5.0,,,,1.0,0.8888888888888888,5.0,1.0,0.0,2.4222222222222225,9.0,1.0,7.0,0.0,1.0,5.0,,,,True,True,UNKNOWN,False,False
2021013274,2023-08-10 18:00:00,東京ヤクルトスワローズ,広島東洋カープ,13.0,3.0,UNKNOWN,明治神宮野球場,unknown,low,False,False,1600123,1760587,[],[],,,,,0,light,2023-08-10T09:00:00+00:00,,UNKNOWN,,,,UNKNOWN,UNKNOWN,,UNKNOWN,,15.0,3.6666666666666665,6.0,0.0,3.0,6.2,3.0,5.0,11.0,1.0,0.0,2.0,,,,1.2857142857142858,1.1428571428571428,2.571428571428572,1.2857142857142858,0.0,3.0571428571428574,7.0,1.0,7.0,0.0,1.0,2.0,,,,True,True,UNKNOWN,False,False
2021013276,2023-08-10 18:00:00,北海道日本ハムファイターズ,埼玉西武ライオンズ,6.0,5.0,UNKNOWN,ES CON FIELD HOKKAIDO,excluded,high,False,False,1700125,2000083,[],[],,,,,0,light,2023-08-10T09:00:00+00:00,,UNKNOWN,,,,UNKNOWN,UNKNOWN,,UNKNOWN,,5.785714285714286,1.9285714285714284,7.7142857142857135,1.9285714285714284,0.0,2.128571428571429,4.666666666666667,3.0,8.0,0.0,1.0,4.0,,,,5.4,1.0,5.4,5.4,1.8,6.4,5.0,3.0,2.0,1.0,3.0,3.0,,,,True,True,UNKNOWN,False,False
2021013277,2023-08-10 18:00:00,千葉ロッテマリーンズ,オリックス・バファローズ,3.0,1.0,UNKNOWN,ZOZOマリンスタジアム,unknown,low,False,False,1961077,1600146,[],[],,,,,0,light,2023-08-10T09:00:00+00:00,,UNKNOWN,,,,UNKNOWN,UNKNOWN,,UNKNOWN,,6.230769230769231,1.6153846153846154,10.384615384615383,2.076923076923077,2.076923076923077,4.584615384615385,4.333333333333333,3.0,6.0,1.0,1.0,5.0,,,,0.0,0.8571428571428571,9.0,2.571428571428572,0.0,2.0571428571428574,7.0,0.0,4.0,0.0,2.0,7.0,,,,True,True,UNKNOWN,False,False
2021013278,2023-08-10 18:00:00,福岡ソフトバンクホークス,東北楽天ゴールデンイーグルス,11.0,4.0,UNKNOWN,福岡PayPayドーム,unknown,low,False,False,700069,20204,[],[],,,,,0,light,2023-08-10T09:00:00+00:00,,UNKNOWN,,,,UNKNOWN,UNKNOWN,,UNKNOWN,,10.125,1.6875,3.375,3.375,3.375,8.45,5.333333333333333,6.0,7.0,2.0,2.0,2.0,,,,1.588235294117647,0.5294117647058824,6.352941176470588,0.0,0.0,1.7882352941176474,5.666666666666667,1.0,3.0,0.0,0.0,4.0,,,,True,True,UNKNOWN,False,False
2021013279,2023-08-11 14:00:00,読売ジャイアンツ,横浜DeNAベイスターズ,2.0,4.0,UNKNOWN,東京ドーム,unknown,low,False,False,1700058,1800026,[],[],,,,,0,light,2023-08-11T05:00:00+00:00,,UNKNOWN,,,,UNKNOWN,UNKNOWN,,UNKNOWN,,1.125,1.0,5.625,1.125,1.125,3.95,8.0,1.0,7.0,1.0,1.0,5.0,,,,1.125,0.5,3.375,1.125,0.0,2.825,8.0,1.0,3.0,0.0,1.0,3.0,,,,True,True,UNKNOWN,False,False
2021013280,2023-08-11 18:00:00,中日ドラゴンズ,広島東洋カープ,3.0,3.0,UNKNOWN,バンテリンドーム ナゴヤ,unknown,low,False,False,1100081,1200098,[],[],,,,,0,light,2023-08-11T09:00:00+00:00,,UNKNOWN,,,,UNKNOWN,UNKNOWN,,UNKNOWN,,5.4,1.2,7.2,0.0,1.8,4.2,5.0,3.0,6.0,1.0,0.0,4.0,,,,1.8,1.0,5.4,1.8,0.0,2.6,5.0,1.0,4.0,0.0,1.0,3.0,,,,True,True,UNKNOWN,False,False
2021013281,2023-08-11 18:00:00,阪神タイガース,東京ヤクルトスワローズ,2.0,1.0,UNKNOWN,京セラドーム大阪,unknown,low,False,False,1500042,2000055,[],[],,,,,0,light,2023-08-11T09:00:00+00:00,,UNKNOWN,,,,UNKNOWN,UNKNOWN,,UNKNOWN,,1.8,2.2,12.6,5.4,0.0,2.2,5.0,1.0,8.0,0.0,3.0,7.0,,,,1.2857142857142858,0.8571428571428571,10.285714285714286,3.857142857142857,1.2857142857142858,4.057142857142857,7.0,1.0,3.0,1.0,3.0,8.0,,,,True,True,UNKNOWN,False,False
2021013283,2023-08-11 18:00:00,千葉ロッテマリーンズ,埼玉西武ライオンズ,2.0,8.0,UNKNOWN,ZOZOマリンスタジアム,excluded,high,False,False,1700124,2106795,[],[],,,,,0,light,2023-08-11T09:00:00+00:00,,UNKNOWN,,,,UNKNOWN,UNKNOWN,,UNKNOWN,,1.125,0.875,7.875,2.25,0.0,2.2,8.0,1.0,5.0,0.0,2.0,7.0,,,,2.25,2.5,0.0,6.75,2.25,8.7,4.0,1.0,7.0,1.0,3.0,0.0,,,,True,True,UNKNOWN,False,False
2021013284,2023-08-11 18:00:00,福岡ソフトバンクホークス,北海道日本ハムファイターズ,7.0,4.0,UNKNOWN,福岡PayPayドーム,unknown,low,False,False,1100099,1300080,[],[],,,,,0,light,2023-08-11T09:00:00+00:00,,UNKNOWN,,,,UNKNOWN,UNKNOWN,,UNKNOWN,,6.0,2.1666666666666665,6.0,0.0,1.5,4.033333333333333,6.0,4.0,13.0,1.0,0.0,4.0,,,,5.4,1.4,10.8,1.8,0.0,1.4,5.0,3.0,6.0,0.0,1.0,6.0,,,,True,True,UNKNOWN,False,False
2021013282,2023-08-11 19:00:00,東北楽天ゴールデンイーグルス,オリックス・バファローズ,5.0,0.0,UNKNOWN,楽天モバイルパーク宮城,unknown,low,False,False,1400195,700065,[],[],,,,,0,light,2023-08-11T10:00:00+00:00,,UNKNOWN,,,,UNKNOWN,UNKNOWN,,UNKNOWN,,6.75,1.3125,0.0,3.375,1.6875,6.7625,5.333333333333333,4.0,5.0,1.0,2.0,0.0,,,,0.0,0.5555555555555556,6.0,0.0,0.0,1.866666666666667,9.0,0.0,5.0,0.0,0.0,6.0,,,,True,True,UNKNOWN,False,False
2021013285,2023-08-12 14:00:00,読売ジャイアンツ,横浜DeNAベイスターズ,5.0,1.0,UNKNOWN,東京ドーム,unknown,low,False,False,1300031,2000006,[],[],,,,,0,light,2023-08-12T05:00:00+00:00,,UNKNOWN,,,,UNKNOWN,UNKNOWN,,UNKNOWN,,5.4,1.0,5.4,1.8,0.0,2.6,5.0,3.0,4.0,0.0,1.0,3.0,,,,1.1739130434782608,0.3913043478260869,8.217391304347826,0.0,1.1739130434782608,3.0695652173913044,7.666666666666667,1.0,3.0,1.0,0.0,7.0,,,,True,True,UNKNOWN,False,False
2021013286,2023-08-12 14:00:00,中日ドラゴンズ,広島東洋カープ,3.0,2.0,UNKNOWN,バンテリンドーム ナゴヤ,unknown,low,False,False,1900052,2000042,[],[],,,,,0,light,2023-08-12T05:00:00+00:00,,UNKNOWN,,,,UNKNOWN,UNKNOWN,,UNKNOWN,,3.857142857142857,1.5714285714285714,5.142857142857143,6.428571428571429,0.0,4.2,7.0,3.0,6.0,0.0,5.0,4.0,,,,0.0,0.4285714285714285,6.428571428571429,1.2857142857142858,0.0,2.2,7.0,0.0,2.0,0.0,1.0,5.0,,,,True,True,UNKNOWN,False,False
2021013289,2023-08-12 18:00:00,千葉ロッテマリーンズ,埼玉西武ライオンズ,3.0,2.0,UNKNOWN,ZOZOマリンスタジアム,unknown,low,False,False,1800080,1700002,[],[],,,,,0,light,2023-08-12T09:00:00+00:00,,UNKNOWN,,,,UNKNOWN,UNKNOWN,,UNKNOWN,,1.125,0.875,6.75,2.25,0.0,2.45,8.0,1.0,5.0,0.0,2.0,6.0,,,,0.0,0.6666666666666666,4.5,1.5,0.0,2.7,6.0,0.0,3.0,0.0,1.0,3.0,,,,True,True,UNKNOWN,False,False
2021013287,2023-08-12 18:00:00,阪神タイガース,東京ヤクルトスワローズ,4.0,3.0,UNKNOWN,京セラドーム大阪,unknown,low,False,False,2000139,1500090,[],[],,,,,0,light,2023-08-12T09:00:00+00:00,,UNKNOWN,,,,UNKNOWN,UNKNOWN,,UNKNOWN,,3.6,1.2,7.2,3.6,0.0,2.8000000000000003,5.0,2.0,4.0,0.0,2.0,4.0,,,,5.4,1.4,5.4,3.6,0.0,3.2,5.0,3.0,5.0,0.0,2.0,3.0,,,,True,True,UNKNOWN,False,False
2021013290,2023-08-12 18:00:00,福岡ソフトバンクホークス,北海道日本ハムファイターズ,0.0,9.0,UNKNOWN,福岡PayPayドーム,excluded,high,False,False,2000079,1700130,[],[],,,,,0,light,2023-08-12T09:00:00+00:00,,UNKNOWN,,,,UNKNOWN,UNKNOWN,,UNKNOWN,,0.0,0.8571428571428571,7.714285714285714,0.0,0.0,1.485714285714286,7.0,0.0,6.0,0.0,0.0,6.0,,,,10.8,2.0,0.0,0.0,5.4,11.0,5.0,6.0,10.0,3.0,0.0,0.0,,,,True,True,UNKNOWN,False,False
2021013296,2023-08-13 13:00:00,福岡ソフトバンクホークス,北海道日本ハムファイターズ,3.0,5.0,UNKNOWN,福岡PayPayドーム,unknown,low,False,False,1500109,1900010,[],[],,,,,0,light,2023-08-13T04:00:00+00:00,,UNKNOWN,,,,UNKNOWN,UNKNOWN,,UNKNOWN,,3.0,1.0,6.0,1.5,1.5,4.533333333333333,6.0,2.0,5.0,1.0,1.0,4.0,,,,7.2,1.6,10.8,5.4,1.8,5.2,5.0,4.0,5.0,1.0,3.0,6.0,,,,True,True,UNKNOWN,False,False
2021013291,2023-08-13 14:00:00,読売ジャイアンツ,横浜DeNAベイスターズ,8.0,1.0,UNKNOWN,東京ドーム,unknown,low,False,False,1400110,1660388,[],[],,,,,0,light,2023-08-13T05:00:00+00:00,,UNKNOWN,,,,UNKNOWN,UNKNOWN,,UNKNOWN,,32.400000000000006,4.800000000000001,10.8,5.4,10.8,18.200000000000003,1.6666666666666663,6.0,7.0,2.0,1.0,2.0,,,,1.5,0.5,12.0,1.5,0.0,1.0333333333333337,6.0,1.0,2.0,0.0,1.0,8.0,,,,True,True,UNKNOWN,False,False
2021013292,2023-08-13 14:00:00,中日ドラゴンズ,広島東洋カープ,2.0,1.0,UNKNOWN,バンテリンドーム ナゴヤ,unknown,low,False,False,1700072,1600106,[],[],,,,,0,light,2023-08-13T05:00:00+00:00,,UNKNOWN,,,,UNKNOWN,UNKNOWN,,UNKNOWN,,0.0,0.7142857142857143,3.857142857142857,1.2857142857142858,0.0,2.771428571428572,7.0,0.0,4.0,0.0,1.0,3.0,,,,0.0,0.2222222222222222,5.0,2.0,0.0,2.7555555555555555,9.0,0.0,0.0,0.0,2.0,5.0,,,,True,True,UNKNOWN,False,False
2021013294,2023-08-13 17:00:00,東北楽天ゴールデンイーグルス,オリックス・バファローズ,0.0,1.0,UNKNOWN,楽天モバイルパーク宮城,excluded,high,False,False,1750595,1200117,[],[],,,,,0,light,2023-08-13T08:00:00+00:00,,UNKNOWN,,,,UNKNOWN,UNKNOWN,,UNKNOWN,,0.0,1.6666666666666667,6.0,9.0,0.0,4.866666666666667,3.0,0.0,2.0,0.0,3.0,2.0,,,,1.2272727272727273,0.8181818181818182,3.681818181818182,0.0,0.0,2.381818181818182,7.333333333333333,1.0,6.0,0.0,0.0,3.0,,,,True,True,UNKNOWN,False,False
2021013295,2023-08-13 17:00:00,千葉ロッテマリーンズ,埼玉西武ライオンズ,3.0,2.0,UNKNOWN,ZOZOマリンスタジアム,unknown,low,False,False,2106286,1800052,[],[],,,,,0,light,2023-08-13T08:00:00+00:00,,UNKNOWN,,,,UNKNOWN,UNKNOWN,,UNKNOWN,,4.5,2.0,9.0,9.0,0.0,4.2,2.0,1.0,2.0,0.0,2.0,2.0,,,,0.0,1.0,12.0,1.5,0.0,1.0333333333333337,6.0,0.0,5.0,0.0,1.0,8.0,,,,True,True,UNKNOWN,False,False
2021013293,2023-08-13 18:00:00,阪神タイガース,東京ヤクルトスワローズ,5.0,3.0,UNKNOWN,京セラドーム大阪,unknown,low,False,False,2000025,2000052,[],[],,,,,0,light,2023-08-13T09:00:00+00:00,,UNKNOWN,,,,UNKNOWN,UNKNOWN,,UNKNOWN,,6.75,2.25,4.5,4.5,0.0,3.7,4.0,3.0,7.0,0.0,2.0,2.0,,,,5.4,1.8,7.2,1.8,1.8,4.800000000000001,5.0,3.0,8.0,1.0,1.0,4.0,,,,True,True,UNKNOWN,False,False
2021013299,2023-08-15 18:00:00,広島東洋カープ,阪神タイガース,7.0,6.0,UNKNOWN,MAZDA Zoom-Zoom スタジアム広島,unknown,low,False,False,1900044,1300057,[],[],,,,,0,light,2023-08-15T09:00:00+00:00,,UNKNOWN,,,,UNKNOWN,UNKNOWN,,UNKNOWN,,7.2,1.6,9.0,3.6,1.8,5.0,5.0,4.0,6.0,1.0,2.0,5.0,,,,11.25,1.5,6.75,0.0,2.25,4.95,4.0,5.0,6.0,1.0,0.0,3.0,,,,True,True,UNKNOWN,False,False
2021013297,2023-08-15 18:00:00,東京ヤクルトスワローズ,横浜DeNAベイスターズ,3.0,9.0,UNKNOWN,明治神宮野球場,unknown,low,False,False,1460045,1500139,[],[],,,,,0,light,2023-08-15T09:00:00+00:00,,UNKNOWN,,,,UNKNOWN,UNKNOWN,,UNKNOWN,,3.857142857142857,1.2857142857142858,6.428571428571429,1.2857142857142858,1.2857142857142858,4.057142857142857,7.0,3.0,8.0,1.0,1.0,5.0,,,,14.4,2.2,10.8,0.0,7.2,11.2,5.0,8.0,11.0,4.0,0.0,6.0,,,,True,True,UNKNOWN,False,False
2021013301,2023-08-15 18:00:00,埼玉西武ライオンズ,東北楽天ゴールデンイーグルス,3.0,5.0,UNKNOWN,ベルーナドーム,excluded,high,False,False,2000121,1961288,[],[],,,,,0,light,2023-08-15T09:00:00+00:00,,UNKNOWN,,,,UNKNOWN,UNKNOWN,,UNKNOWN,,0.0,1.1428571428571428,3.857142857142857,3.857142857142857,0.0,3.628571428571429,7.0,0.0,5.0,0.0,3.0,3.0,,,,1.8,1.6,5.4,1.8,0.0,2.6,5.0,1.0,7.0,0.0,1.0,3.0,,,,True,True,UNKNOWN,False,False
2021013300,2023-08-15 18:00:00,北海道日本ハムファイターズ,千葉ロッテマリーンズ,6.0,5.0,UNKNOWN,ES CON FIELD HOKKAIDO,unknown,low,False,False,900081,1500110,[],[],,,,,0,light,2023-08-15T09:00:00+00:00,,UNKNOWN,,,,UNKNOWN,UNKNOWN,,UNKNOWN,,9.0,2.4,7.2,3.6,0.0,2.8000000000000003,5.0,5.0,10.0,0.0,2.0,4.0,,,,1.588235294117647,1.0588235294117647,6.352941176470588,0.0,1.588235294117647,4.08235294117647,5.666666666666667,1.0,6.0,1.0,0.0,4.0,,,,True,True,UNKNOWN,False,False
2021013304,2023-08-16 18:00:00,中日ドラゴンズ,読売ジャイアンツ,2.0,1.0,UNKNOWN,バンテリンドーム ナゴヤ,unknown,low,False,False,1961407,1500074,[],[],,,,,0,light,2023-08-16T09:00:00+00:00,,UNKNOWN,,,,UNKNOWN,UNKNOWN,,UNKNOWN,,1.5,0.6666666666666666,7.5,0.0,0.0,1.5333333333333334,6.0,1.0,4.0,0.0,0.0,5.0,,,,1.2857142857142858,1.2857142857142858,7.714285714285714,3.857142857142857,0.0,2.771428571428572,7.0,1.0,6.0,0.0,3.0,6.0,,,,True,True,UNKNOWN,False,False
2021013303,2023-08-16 18:00:00,東京ヤクルトスワローズ,横浜DeNAベイスターズ,8.0,6.0,UNKNOWN,明治神宮野球場,unknown,low,False,False,1500061,1200076,[],[],,,,,0,light,2023-08-16T09:00:00+00:00,,UNKNOWN,,,,UNKNOWN,UNKNOWN,,UNKNOWN,,10.8,2.4,14.4,5.4,1.8,4.4,5.0,6.0,9.0,1.0,3.0,8.0,,,,1.2857142857142858,1.0,2.571428571428572,0.0,0.0,2.628571428571429,7.0,1.0,7.0,0.0,0.0,2.0,,,,True,True,UNKNOWN,False,False
2021013306,2023-08-16 18:00:00,北海道日本ハムファイターズ,千葉ロッテマリーンズ,6.0,0.0,UNKNOWN,ES CON FIELD HOKKAIDO,unknown,low,False,False,1700099,1961850,[],[],,,,,0,light,2023-08-16T09:00:00+00:00,,UNKNOWN,,,,UNKNOWN,UNKNOWN,,UNKNOWN,,7.5,1.8333333333333333,7.5,1.5,0.0,2.033333333333333,6.0,5.0,10.0,0.0,1.0,5.0,,,,0.0,1.5,7.5,1.5,0.0,2.033333333333333,6.0,0.0,8.0,0.0,1.0,5.0,,,,True,True,UNKNOWN,False,False
2021013305,2023-08-16 18:00:00,広島東洋カープ,阪神タイガース,3.0,5.0,UNKNOWN,MAZDA Zoom-Zoom スタジアム広島,unknown,low,False,False,1700137,1300058,[],[],,,,,0,light,2023-08-16T09:00:00+00:00,,UNKNOWN,,,,UNKNOWN,UNKNOWN,,UNKNOWN,,3.176470588235294,1.4117647058823528,1.588235294117647,1.588235294117647,0.0,3.376470588235294,5.666666666666667,2.0,7.0,0.0,1.0,1.0,,,,3.6,2.2,9.0,5.4,0.0,3.0,5.0,2.0,8.0,0.0,3.0,5.0,,,,True,True,UNKNOWN,False,False
2021013307,2023-08-16 18:00:00,埼玉西武ライオンズ,東北楽天ゴールデンイーグルス,4.0,1.0,UNKNOWN,ベルーナドーム,unknown,low,False,False,900090,1600127,[],[],,,,,0,light,2023-08-16T09:00:00+00:00,,UNKNOWN,,,,UNKNOWN,UNKNOWN,,UNKNOWN,,9.0,2.0,0.0,2.25,0.0,3.95,4.0,4.0,7.0,0.0,1.0,0.0,,,,1.0,1.0,7.0,3.0,1.0,4.088888888888889,9.0,1.0,6.0,1.0,3.0,7.0,,,,True,True,UNKNOWN,False,False
2021013308,2023-08-16 18:00:00,オリックス・バファローズ,福岡ソフトバンクホークス,2.0,3.0,UNKNOWN,京セラドーム大阪,unknown,low,False,False,1400117,1600153,[],[],,,,,0,light,2023-08-16T09:00:00+00:00,,UNKNOWN,,,,UNKNOWN,UNKNOWN,,UNKNOWN,,2.25,1.0,4.5,0.0,0.0,2.2,8.0,2.0,8.0,0.0,0.0,4.0,,,,0.0,2.0,9.0,5.4,0.0,3.0,5.0,0.0,7.0,0.0,3.0,5.0,,,,True,True,UNKNOWN,False,False
2021013309,2023-08-17 18:00:00,東京ヤクルトスワローズ,横浜DeNAベイスターズ,3.0,5.0,UNKNOWN,明治神宮野球場,unknown,low,False,False,1600081,2108113,[],[],,,,,0,light,2023-08-17T09:00:00+00:00,,UNKNOWN,,,,UNKNOWN,UNKNOWN,,UNKNOWN,,3.0,1.0,6.0,1.5,1.5,4.533333333333333,6.0,2.0,5.0,1.0,1.0,4.0,,,,1.5,1.1666666666666667,6.0,1.5,1.5,4.533333333333333,6.0,1.0,6.0,1.0,1.0,4.0,,,,True,True,UNKNOWN,False,False
2021013310,2023-08-17 18:00:00,中日ドラゴンズ,読売ジャイアンツ,0.0,2.0,UNKNOWN,バンテリンドーム ナゴヤ,unknown,low,False,False,1200041,1200098,[],[],,,,,0,light,2023-08-17T09:00:00+00:00,,UNKNOWN,,,,UNKNOWN,UNKNOWN,,UNKNOWN,,0.0,1.105263157894737,2.8421052631578947,1.4210526315789471,0.0,3.042105263157895,6.333333333333333,0.0,6.0,0.0,1.0,2.0,,,,3.6,1.4,3.6,5.4,0.0,4.2,5.0,2.0,4.0,0.0,3.0,2.0,,,,True,True,UNKNOWN,False,False
2021013311,2023-08-17 18:00:00,広島東洋カープ,阪神タイガース,6.0,0.0,UNKNOWN,MAZDA Zoom-Zoom スタジアム広島,unknown,low,False,False,2100915,1600123,[],[],,,,,0,light,2023-08-17T09:00:00+00:00,,UNKNOWN,,,,UNKNOWN,UNKNOWN,,UNKNOWN,,8.1,2.1,5.4,2.7,0.0,2.9000000000000004,3.333333333333333,3.0,6.0,0.0,1.0,2.0,,,,0.0,0.8888888888888888,2.0,3.0,0.0,3.755555555555556,9.0,0.0,5.0,0.0,3.0,2.0,,,,True,True,UNKNOWN,False,False
2021013315,2023-08-18 18:00:00,東京ヤクルトスワローズ,中日ドラゴンズ,10.0,2.0,UNKNOWN,明治神宮野球場,unknown,low,False,False,2107860,1760587,[],[],,,,,0,light,2023-08-18T09:00:00+00:00,,UNKNOWN,,,,UNKNOWN,UNKNOWN,,UNKNOWN,,9.0,2.0,7.2,9.0,1.8,7.2,5.0,5.0,5.0,1.0,5.0,4.0,,,,1.5,0.8333333333333334,4.5,0.0,0.0,2.2,6.0,1.0,5.0,0.0,0.0,3.0,,,,True,True,UNKNOWN,False,False
2021013313,2023-08-17 18:00:00,埼玉西武ライオンズ,東北楽天ゴールデンイーグルス,4.0,2.0,UNKNOWN,ベルーナドーム,unknown,low,False,False,700069,1751148,[],[],,,,,0,light,2023-08-17T09:00:00+00:00,,UNKNOWN,,,,UNKNOWN,UNKNOWN,,UNKNOWN,,6.352941176470588,1.7647058823529411,4.764705882352941,4.764705882352941,0.0,3.7294117647058815,5.666666666666667,4.0,7.0,0.0,3.0,3.0,,,,2.571428571428572,1.1428571428571428,9.0,1.2857142857142858,0.0,1.6285714285714288,7.0,2.0,7.0,0.0,1.0,7.0,,,,True,True,UNKNOWN,False,False
2021013314,2023-08-17 18:00:00,オリックス・バファローズ,福岡ソフトバンクホークス,2.0,1.0,UNKNOWN,京セラドーム大阪,unknown,low,False,False,20204,1900087,[],[],,,,,0,light,2023-08-17T09:00:00+00:00,,UNKNOWN,,,,UNKNOWN,UNKNOWN,,UNKNOWN,,3.0,0.6666666666666666,7.5,0.0,1.5,3.7,6.0,2.0,4.0,1.0,0.0,5.0,,,,1.5,1.3333333333333333,6.0,4.5,0.0,3.3666666666666667,6.0,1.0,5.0,0.0,3.0,4.0,,,,True,True,UNKNOWN,False,False
2021013312,2023-08-17 18:00:00,北海道日本ハムファイターズ,千葉ロッテマリーンズ,5.0,0.0,UNKNOWN,ES CON FIELD HOKKAIDO,unknown,low,False,False,1000155,2000083,[],[],,,,,0,light,2023-08-17T09:00:00+00:00,,UNKNOWN,,,,UNKNOWN,UNKNOWN,,UNKNOWN,,6.0,1.6666666666666667,10.5,1.5,3.0,5.7,6.0,4.0,9.0,2.0,1.0,7.0,,,,0.0,1.3636363636363638,7.363636363636364,7.363636363636364,0.0,4.0181818181818185,3.6666666666666665,0.0,2.0,0.0,3.0,3.0,,,,True,True,UNKNOWN,False,False
2021013316,2023-08-18 18:00:00,横浜DeNAベイスターズ,阪神タイガース,2.0,1.0,UNKNOWN,横浜スタジアム,unknown,low,False,False,2000055,1700058,[],[],,,,,0,light,2023-08-18T09:00:00+00:00,,UNKNOWN,,,,UNKNOWN,UNKNOWN,,UNKNOWN,,1.5,0.5,6.0,0.0,1.5,4.033333333333333,6.0,1.0,3.0,1.0,0.0,4.0,,,,1.2857142857142858,1.0,6.428571428571429,0.0,0.0,1.7714285714285716,7.0,1.0,7.0,0.0,0.0,5.0,,,,True,True,UNKNOWN,False,False
2021013317,2023-08-18 18:00:00,広島東洋カープ,読売ジャイアンツ,4.0,5.0,UNKNOWN,MAZDA Zoom-Zoom スタジアム広島,unknown,low,False,False,1800028,2103788,[],[],,,,,0,light,2023-08-18T09:00:00+00:00,,UNKNOWN,,,,UNKNOWN,UNKNOWN,,UNKNOWN,,1.5,0.8333333333333334,6.0,0.0,0.0,1.866666666666667,6.0,1.0,5.0,0.0,0.0,4.0,,,,3.6,1.0,9.0,0.0,1.8,3.8,5.0,2.0,5.0,1.0,0.0,5.0,,,,True,True,UNKNOWN,False,False
2021013318,2023-08-18 18:00:00,東北楽天ゴールデンイーグルス,千葉ロッテマリーンズ,1.0,4.0,UNKNOWN,楽天モバイルパーク宮城,unknown,low,False,False,1600146,700065,[],[],,,,,0,light,2023-08-18T09:00:00+00:00,,UNKNOWN,,,,UNKNOWN,UNKNOWN,,UNKNOWN,,1.125,0.875,7.875,0.0,0.0,1.4500000000000002,8.0,1.0,7.0,0.0,0.0,7.0,,,,3.0,1.5,6.0,1.5,0.0,2.3666666666666667,6.0,2.0,8.0,0.0,1.0,4.0,,,,True,True,UNKNOWN,False,False
2021013321,2023-08-19 18:00:00,東京ヤクルトスワローズ,中日ドラゴンズ,3.0,2.0,UNKNOWN,明治神宮野球場,unknown,low,False,False,2000042,1500042,[],[],,,,,0,light,2023-08-19T09:00:00+00:00,,UNKNOWN,,,,UNKNOWN,UNKNOWN,,UNKNOWN,,2.571428571428572,1.1428571428571428,3.857142857142857,3.857142857142857,0.0,3.628571428571429,7.0,2.0,5.0,0.0,3.0,3.0,,,,3.0,1.6666666666666667,7.5,4.5,1.5,5.2,6.0,2.0,7.0,1.0,3.0,5.0,,,,True,True,UNKNOWN,False,False
2021013325,2023-08-19 14:00:00,オリックス・バファローズ,北海道日本ハムファイターズ,2.0,1.0,UNKNOWN,京セラドーム大阪,unknown,low,False,False,2000079,1400195,[],[],,,,,0,light,2023-08-19T05:00:00+00:00,,UNKNOWN,,,,UNKNOWN,UNKNOWN,,UNKNOWN,,2.25,0.75,7.875,2.25,2.25,5.45,8.0,2.0,4.0,2.0,2.0,7.0,,,,0.0,0.8999999999999999,4.05,0.0,0.0,2.3000000000000003,6.666666666666667,0.0,6.0,0.0,0.0,3.0,,,,True,True,UNKNOWN,False,False
2021013319,2023-08-18 18:00:00,オリックス・バファローズ,北海道日本ハムファイターズ,1.0,1.0,UNKNOWN,京セラドーム大阪,unknown,low,False,False,1100099,2000096,[],[],,,,,0,light,2023-08-18T09:00:00+00:00,,UNKNOWN,,,,UNKNOWN,UNKNOWN,,UNKNOWN,,1.0,0.7777777777777778,8.0,1.0,0.0,1.7555555555555558,9.0,1.0,6.0,0.0,1.0,8.0,,,,1.2857142857142858,0.8571428571428571,12.857142857142858,3.857142857142857,0.0,1.6285714285714288,7.0,1.0,3.0,0.0,3.0,10.0,,,,True,True,UNKNOWN,False,False
2021013320,2023-08-18 18:00:00,福岡ソフトバンクホークス,埼玉西武ライオンズ,8.0,0.0,UNKNOWN,福岡PayPayドーム,unknown,low,False,False,1700124,1300080,[],[],,,,,0,light,2023-08-18T09:00:00+00:00,,UNKNOWN,,,,UNKNOWN,UNKNOWN,,UNKNOWN,,15.75,3.0,11.25,6.75,2.25,6.2,4.0,7.0,9.0,1.0,3.0,5.0,,,,0.0,0.3333333333333333,8.0,3.0,0.0,2.4222222222222225,9.0,0.0,0.0,0.0,3.0,8.0,,,,True,True,UNKNOWN,False,False
2021013322,2023-08-19 18:00:00,横浜DeNAベイスターズ,阪神タイガース,2.0,6.0,UNKNOWN,横浜スタジアム,unknown,low,False,False,1500090,1400110,[],[],,,,,0,light,2023-08-19T09:00:00+00:00,,UNKNOWN,,,,UNKNOWN,UNKNOWN,,UNKNOWN,,1.8,1.2,5.4,0.0,0.0,2.0,5.0,1.0,6.0,0.0,0.0,3.0,,,,0.0,0.6,3.6,0.0,0.0,2.4000000000000004,5.0,0.0,3.0,0.0,0.0,2.0,,,,True,True,UNKNOWN,False,False
2021013323,2023-08-19 18:00:00,広島東洋カープ,読売ジャイアンツ,6.0,3.0,UNKNOWN,MAZDA Zoom-Zoom スタジアム広島,unknown,low,False,False,1800026,1900052,[],[],,,,,0,light,2023-08-19T09:00:00+00:00,,UNKNOWN,,,,UNKNOWN,UNKNOWN,,UNKNOWN,,5.785714285714286,1.5,0.0,3.8571428571428568,0.0,4.485714285714286,4.666666666666667,3.0,5.0,0.0,2.0,0.0,,,,3.375,1.125,5.625,2.25,1.125,4.325,8.0,3.0,7.0,1.0,2.0,5.0,,,,True,True,UNKNOWN,False,False
2021013324,2023-08-19 18:00:00,東北楽天ゴールデンイーグルス,千葉ロッテマリーンズ,7.0,5.0,UNKNOWN,楽天モバイルパーク宮城,unknown,low,False,False,2101291,2106793,[],[],,,,,0,light,2023-08-19T09:00:00+00:00,,UNKNOWN,,,,UNKNOWN,UNKNOWN,,UNKNOWN,,9.0,2.0,6.0,0.0,0.0,1.866666666666667,3.0,3.0,6.0,0.0,0.0,2.0,,,,7.5,1.6666666666666667,7.5,3.0,0.0,2.5333333333333337,6.0,5.0,8.0,0.0,2.0,5.0,,,,True,True,UNKNOWN,False,False
2021013326,2023-08-19 18:00:00,福岡ソフトバンクホークス,埼玉西武ライオンズ,3.0,2.0,UNKNOWN,福岡PayPayドーム,unknown,low,False,False,1700125,1800109,[],[],,,,,0,light,2023-08-19T09:00:00+00:00,,UNKNOWN,,,,UNKNOWN,UNKNOWN,,UNKNOWN,,4.5,0.8333333333333334,3.0,0.0,1.5,4.7,6.0,3.0,5.0,1.0,0.0,2.0,,,,3.0,0.5,7.5,0.0,3.0,5.866666666666667,6.0,2.0,3.0,2.0,0.0,5.0,,,,True,True,UNKNOWN,False,False
2021013331,2023-08-20 13:00:00,オリックス・バファローズ,北海道日本ハムファイターズ,1.0,0.0,UNKNOWN,京セラドーム大阪,unknown,low,False,False,1500109,1700118,[],[],,,,,0,light,2023-08-20T04:00:00+00:00,,UNKNOWN,,,,UNKNOWN,UNKNOWN,,UNKNOWN,,0.0,0.5555555555555556,5.0,1.0,0.0,2.4222222222222225,9.0,0.0,4.0,0.0,1.0,5.0,,,,0.0,0.4285714285714285,7.714285714285714,0.0,0.0,1.485714285714286,7.0,0.0,3.0,0.0,0.0,6.0,,,,True,True,UNKNOWN,False,False
2021013332,2023-08-20 13:00:00,福岡ソフトバンクホークス,埼玉西武ライオンズ,4.0,6.0,UNKNOWN,福岡PayPayドーム,unknown,low,False,False,1800080,1700130,[],[],,,,,0,light,2023-08-20T04:00:00+00:00,,UNKNOWN,,,,UNKNOWN,UNKNOWN,,UNKNOWN,,3.0,1.3333333333333333,4.5,1.5,3.0,7.033333333333333,6.0,2.0,7.0,2.0,1.0,3.0,,,,6.75,3.75,0.0,13.5,0.0,7.7,1.3333333333333333,1.0,3.0,0.0,2.0,0.0,,,,True,True,UNKNOWN,False,False
2021013330,2023-08-20 16:00:00,東北楽天ゴールデンイーグルス,千葉ロッテマリーンズ,3.0,4.0,UNKNOWN,楽天モバイルパーク宮城,unknown,low,False,False,1800052,1200117,[],[],,,,,0,light,2023-08-20T07:00:00+00:00,,UNKNOWN,,,,UNKNOWN,UNKNOWN,,UNKNOWN,,3.857142857142857,2.0,3.857142857142857,6.428571428571429,0.0,4.485714285714286,7.0,3.0,9.0,0.0,5.0,3.0,,,,4.05,1.65,6.75,4.05,0.0,3.0500000000000003,6.666666666666667,3.0,8.0,0.0,3.0,5.0,,,,True,True,UNKNOWN,False,False
2021013328,2023-08-20 17:00:00,横浜DeNAベイスターズ,阪神タイガース,0.0,2.0,UNKNOWN,横浜スタジアム,unknown,low,False,False,2000052,1460045,[],[],,,,,0,light,2023-08-20T08:00:00+00:00,,UNKNOWN,,,,UNKNOWN,UNKNOWN,,UNKNOWN,,0.0,0.7777777777777778,3.0,1.0,0.0,2.8666666666666667,9.0,0.0,6.0,0.0,1.0,3.0,,,,2.25,1.25,6.75,1.125,0.0,2.075,8.0,2.0,9.0,0.0,1.0,6.0,,,,True,True,UNKNOWN,False,False
2021013327,2023-08-20 18:00:00,東京ヤクルトスワローズ,中日ドラゴンズ,1.0,0.0,UNKNOWN,明治神宮野球場,unknown,low,False,False,1600106,2000139,[],[],,,,,0,light,2023-08-20T09:00:00+00:00,,UNKNOWN,,,,UNKNOWN,UNKNOWN,,UNKNOWN,,1.125,0.625,9.0,0.0,1.125,2.825,8.0,1.0,5.0,1.0,0.0,8.0,,,,0.0,0.4444444444444444,5.0,0.0,0.0,2.088888888888889,9.0,0.0,4.0,0.0,0.0,5.0,,,,True,True,UNKNOWN,False,False
2021013329,2023-08-20 18:00:00,広島東洋カープ,読売ジャイアンツ,7.0,5.0,UNKNOWN,MAZDA Zoom-Zoom スタジアム広島,unknown,low,False,False,1660388,1900057,[],[],,,,,0,light,2023-08-20T09:00:00+00:00,,UNKNOWN,,,,UNKNOWN,UNKNOWN,,UNKNOWN,,13.5,3.0,6.75,13.5,6.75,15.95,2.6666666666666665,4.0,4.0,2.0,4.0,2.0,,,,3.176470588235294,1.588235294117647,7.941176470588235,0.0,1.588235294117647,3.7294117647058815,5.666666666666667,2.0,9.0,1.0,0.0,5.0,,,,True,True,UNKNOWN,False,False
2021013334,2023-08-22 18:00:00,横浜DeNAベイスターズ,広島東洋カープ,0.0,5.0,UNKNOWN,横浜スタジアム,unknown,low,False,False,1300058,1500061,[],[],,,,,0,light,2023-08-22T09:00:00+00:00,,UNKNOWN,,,,UNKNOWN,UNKNOWN,,UNKNOWN,,0.0,0.7777777777777778,8.0,0.0,0.0,1.4222222222222225,9.0,0.0,7.0,0.0,0.0,8.0,,,,9.0,1.4,14.4,0.0,3.6,5.2,5.0,5.0,7.0,2.0,0.0,8.0,,,,True,True,UNKNOWN,False,False
2021013335,2023-08-22 18:00:00,阪神タイガース,中日ドラゴンズ,4.0,3.0,UNKNOWN,京セラドーム大阪,unknown,low,False,False,500014,900062,[],[],,,,,0,light,2023-08-22T09:00:00+00:00,,UNKNOWN,,,,UNKNOWN,UNKNOWN,,UNKNOWN,,3.6,1.4,7.2,3.6,0.0,2.8000000000000003,5.0,2.0,5.0,0.0,2.0,4.0,,,,3.176470588235294,1.4117647058823528,7.941176470588235,1.588235294117647,0.0,1.9647058823529413,5.666666666666667,2.0,7.0,0.0,1.0,5.0,,,,True,True,UNKNOWN,False,False
2021013333,2023-08-22 18:00:00,読売ジャイアンツ,東京ヤクルトスワローズ,8.0,4.0,UNKNOWN,東京ドーム,unknown,low,False,False,1500139,2000006,[],[],,,,,0,light,2023-08-22T09:00:00+00:00,,UNKNOWN,,,,UNKNOWN,UNKNOWN,,UNKNOWN,,3.176470588235294,1.4117647058823528,4.764705882352941,1.588235294117647,0.0,2.670588235294118,5.666666666666667,2.0,7.0,0.0,1.0,3.0,,,,6.0,1.0,6.0,1.5,0.0,2.3666666666666667,6.0,4.0,5.0,0.0,1.0,4.0,,,,True,True,UNKNOWN,False,False
2021013336,2023-08-22 18:00:00,北海道日本ハムファイターズ,東北楽天ゴールデンイーグルス,6.0,2.0,UNKNOWN,ES CON FIELD HOKKAIDO,unknown,low,False,False,2000121,1500110,[],[],,,,,0,light,2023-08-22T09:00:00+00:00,,UNKNOWN,,,,UNKNOWN,UNKNOWN,,UNKNOWN,,8.4375,1.6875,6.75,1.6875,3.375,7.1375,5.333333333333333,5.0,8.0,2.0,1.0,4.0,,,,3.0,1.6666666666666667,1.5,1.5,0.0,3.3666666666666667,6.0,2.0,9.0,0.0,1.0,1.0,,,,True,True,UNKNOWN,False,False
2021013337,2023-08-22 18:00:00,埼玉西武ライオンズ,オリックス・バファローズ,1.0,5.0,UNKNOWN,ベルーナドーム,unknown,low,False,False,1961077,1961288,[],[],,,,,0,light,2023-08-22T09:00:00+00:00,,UNKNOWN,,,,UNKNOWN,UNKNOWN,,UNKNOWN,,0.0,0.5,13.5,3.0,0.0,1.2000000000000002,6.0,0.0,1.0,0.0,2.0,9.0,,,,5.4,0.8,0.0,3.6,0.0,4.4,5.0,3.0,2.0,0.0,2.0,0.0,,,,True,True,UNKNOWN,False,False
2021013339,2023-08-23 18:00:00,読売ジャイアンツ,東京ヤクルトスワローズ,4.0,3.0,UNKNOWN,東京ドーム,unknown,low,False,False,1200076,1200041,[],[],,,,,0,light,2023-08-23T09:00:00+00:00,,UNKNOWN,,,,UNKNOWN,UNKNOWN,,UNKNOWN,,4.05,1.5,4.05,2.7,0.0,3.2,6.666666666666667,3.0,8.0,0.0,2.0,3.0,,,,3.857142857142857,1.0,11.571428571428571,1.2857142857142858,1.2857142857142858,2.9142857142857146,7.0,3.0,6.0,1.0,1.0,9.0,,,,True,True,UNKNOWN,False,False
2021013338,2023-08-22 18:00:00,千葉ロッテマリーンズ,福岡ソフトバンクホークス,5.0,3.0,UNKNOWN,ZOZOマリンスタジアム,unknown,low,False,False,1900010,1700002,[],[],,,,,0,light,2023-08-22T09:00:00+00:00,,UNKNOWN,,,,UNKNOWN,UNKNOWN,,UNKNOWN,,7.5,1.6666666666666667,3.0,7.5,3.0,9.366666666666667,6.0,5.0,5.0,2.0,5.0,2.0,,,,3.0,0.8333333333333334,1.5,3.0,1.5,6.033333333333333,6.0,2.0,3.0,1.0,2.0,1.0,,,,True,True,UNKNOWN,False,False
2021013340,2023-08-23 18:00:00,横浜DeNAベイスターズ,広島東洋カープ,2.0,5.0,UNKNOWN,横浜スタジアム,unknown,low,False,False,1300057,1600081,[],[],,,,,0,light,2023-08-23T09:00:00+00:00,,UNKNOWN,,,,UNKNOWN,UNKNOWN,,UNKNOWN,,3.6,1.2,9.0,3.6,1.8,5.0,5.0,2.0,4.0,1.0,2.0,5.0,,,,1.588235294117647,1.588235294117647,7.941176470588235,3.176470588235294,0.0,2.494117647058824,5.666666666666667,1.0,7.0,0.0,2.0,5.0,,,,True,True,UNKNOWN,False,False
2021013341,2023-08-23 18:00:00,阪神タイガース,中日ドラゴンズ,7.0,2.0,UNKNOWN,京セラドーム大阪,regular,high,True,True,1500074,1700137,[],[],,,,,0,light,2023-08-23T09:00:00+00:00,,UNKNOWN,,,,UNKNOWN,UNKNOWN,,UNKNOWN,,3.6,2.0,1.8,1.8,3.6,8.600000000000001,5.0,2.0,9.0,2.0,1.0,1.0,,,,3.6,1.6,9.0,0.0,1.8,3.8,5.0,2.0,8.0,1.0,0.0,5.0,,,,True,True,UNKNOWN,False,False
2021013342,2023-08-23 18:00:00,北海道日本ハムファイターズ,東北楽天ゴールデンイーグルス,10.0,4.0,UNKNOWN,ES CON FIELD HOKKAIDO,excluded,high,False,False,2103736,1961850,[],[],,,,,0,light,2023-08-23T09:00:00+00:00,,UNKNOWN,,,,UNKNOWN,UNKNOWN,,UNKNOWN,,27.000000000000004,3.6000000000000005,5.4,10.8,0.0,5.6000000000000005,1.6666666666666663,5.0,4.0,0.0,2.0,1.0,,,,0.0,1.4,9.0,5.4,0.0,3.0,5.0,0.0,4.0,0.0,3.0,5.0,,,,True,True,UNKNOWN,False,False
2021013343,2023-08-23 18:00:00,埼玉西武ライオンズ,オリックス・バファローズ,0.0,3.0,UNKNOWN,ベルーナドーム,unknown,low,False,False,1600153,1600127,[],[],,,,,0,light,2023-08-23T09:00:00+00:00,,UNKNOWN,,,,UNKNOWN,UNKNOWN,,UNKNOWN,,0.0,0.8571428571428571,6.428571428571429,1.2857142857142858,0.0,2.2,7.0,0.0,5.0,0.0,1.0,5.0,,,,1.5,2.0,7.5,7.5,0.0,4.033333333333333,6.0,1.0,7.0,0.0,5.0,5.0,,,,True,True,UNKNOWN,False,False
2021013344,2023-08-23 18:00:00,千葉ロッテマリーンズ,福岡ソフトバンクホークス,5.0,9.0,UNKNOWN,ZOZOマリンスタジアム,excluded,high,False,False,1400117,2000088,[],[],,,,,0,light,2023-08-23T09:00:00+00:00,,UNKNOWN,,,,UNKNOWN,UNKNOWN,,UNKNOWN,,4.2631578947368425,1.8947368421052635,4.2631578947368425,1.4210526315789471,2.8421052631578947,6.831578947368421,6.333333333333333,3.0,11.0,2.0,1.0,3.0,,,,7.2,1.4,1.8,3.6,1.8,6.6,5.0,4.0,5.0,1.0,2.0,1.0,,,,True,True,UNKNOWN,False,False
2021013345,2023-08-24 18:00:00,読売ジャイアンツ,東京ヤクルトスワローズ,5.0,3.0,UNKNOWN,東京ドーム,excluded,high,False,False,2108113,2103689,[],[],,,,,0,light,2023-08-24T09:00:00+00:00,,UNKNOWN,,,,UNKNOWN,UNKNOWN,,UNKNOWN,,7.2,1.4,1.8,7.2,1.8,7.8,5.0,4.0,3.0,1.0,4.0,1.0,,,,0.0,0.7142857142857143,10.285714285714286,2.571428571428572,0.0,1.7714285714285716,7.0,0.0,3.0,0.0,2.0,8.0,,,,True,True,UNKNOWN,False,False
2021013346,2023-08-24 18:00:00,横浜DeNAベイスターズ,広島東洋カープ,3.0,1.0,UNKNOWN,横浜スタジアム,unknown,low,False,False,1600123,1700058,[],[],,,,,0,light,2023-08-24T09:00:00+00:00,,UNKNOWN,,,,UNKNOWN,UNKNOWN,,UNKNOWN,,5.4,1.6,7.2,1.8,1.8,4.800000000000001,5.0,3.0,7.0,1.0,1.0,4.0,,,,1.2857142857142858,0.7142857142857143,3.857142857142857,0.0,0.0,2.342857142857143,7.0,1.0,5.0,0.0,0.0,3.0,,,,True,True,UNKNOWN,False,False
2021013347,2023-08-24 18:00:00,埼玉西武ライオンズ,オリックス・バファローズ,0.0,5.0,UNKNOWN,ベルーナドーム,unknown,low,False,False,1900087,1751148,[],[],,,,,0,light,2023-08-24T09:00:00+00:00,,UNKNOWN,,,,UNKNOWN,UNKNOWN,,UNKNOWN,,0.0,0.4444444444444444,12.0,0.0,0.0,0.5333333333333337,9.0,0.0,4.0,0.0,0.0,12.0,,,,6.0,1.5,6.0,3.0,1.5,5.033333333333333,6.0,4.0,7.0,1.0,2.0,4.0,,,,True,True,UNKNOWN,False,False
2021013348,2023-08-24 18:00:00,千葉ロッテマリーンズ,福岡ソフトバンクホークス,5.0,4.0,UNKNOWN,ZOZOマリンスタジアム,unknown,low,False,False,20204,1000155,[],[],,,,,0,light,2023-08-24T09:00:00+00:00,,UNKNOWN,,,,UNKNOWN,UNKNOWN,,UNKNOWN,,3.6,1.2,7.2,1.8,0.0,2.2,5.0,2.0,5.0,0.0,1.0,4.0,,,,6.0,1.3333333333333333,10.5,3.0,3.0,6.2,6.0,4.0,6.0,2.0,2.0,7.0,,,,True,True,UNKNOWN,False,False
2021013349,2023-08-25 18:00:00,読売ジャイアンツ,阪神タイガース,1.0,8.0,UNKNOWN,東京ドーム,unknown,low,False,False,2000055,1800028,[],[],,,,,0,light,2023-08-25T09:00:00+00:00,,UNKNOWN,,,,UNKNOWN,UNKNOWN,,UNKNOWN,,0.0,0.8333333333333334,13.5,3.0,0.0,1.2000000000000002,6.0,0.0,3.0,0.0,2.0,9.0,,,,12.461538461538462,2.5384615384615388,10.384615384615383,2.076923076923077,2.076923076923077,4.584615384615385,4.333333333333333,6.0,10.0,1.0,1.0,5.0,,,,True,True,UNKNOWN,False,False
2021013350,2023-08-25 18:00:00,中日ドラゴンズ,横浜DeNAベイスターズ,2.0,18.0,UNKNOWN,バンテリンドーム ナゴヤ,unknown,low,False,False,1460045,1200098,[],[],,,,,0,light,2023-08-25T09:00:00+00:00,,UNKNOWN,,,,UNKNOWN,UNKNOWN,,UNKNOWN,,2.25,1.25,7.875,3.375,0.0,2.575,8.0,2.0,7.0,0.0,3.0,7.0,,,,7.5,1.5,3.0,1.5,0.0,3.0333333333333337,6.0,5.0,8.0,0.0,1.0,2.0,,,,True,True,UNKNOWN,False,False
2021013351,2023-08-25 18:00:00,広島東洋カープ,東京ヤクルトスワローズ,4.0,3.0,UNKNOWN,MAZDA Zoom-Zoom スタジアム広島,unknown,low,False,False,12113,2103788,[],[],,,,,0,light,2023-08-25T09:00:00+00:00,,UNKNOWN,,,,UNKNOWN,UNKNOWN,,UNKNOWN,,4.5,0.6666666666666666,1.5,0.0,1.5,5.033333333333333,6.0,3.0,4.0,1.0,0.0,1.0,,,,4.2631578947368425,1.2631578947368425,1.4210526315789471,2.8421052631578947,0.0,3.831578947368421,6.333333333333333,3.0,6.0,0.0,2.0,1.0,,,,True,True,UNKNOWN,False,False
2021013352,2023-08-25 18:00:00,東北楽天ゴールデンイーグルス,福岡ソフトバンクホークス,3.0,2.0,UNKNOWN,楽天モバイルパーク宮城,unknown,low,False,False,1300080,700065,[],[],,,,,0,light,2023-08-25T09:00:00+00:00,,UNKNOWN,,,,UNKNOWN,UNKNOWN,,UNKNOWN,,1.35,0.6,8.1,1.35,0.0,1.8500000000000003,6.666666666666667,1.0,3.0,0.0,1.0,6.0,,,,2.25,0.875,3.375,1.125,0.0,2.825,8.0,2.0,6.0,0.0,1.0,3.0,,,,True,True,UNKNOWN,False,False
2021013354,2023-08-25 18:00:00,オリックス・バファローズ,千葉ロッテマリーンズ,4.0,3.0,UNKNOWN,京セラドーム大阪,unknown,low,False,False,1600146,1400195,[],[],,,,,0,light,2023-08-25T09:00:00+00:00,,UNKNOWN,,,,UNKNOWN,UNKNOWN,,UNKNOWN,,6.352941176470588,2.294117647058824,9.529411764705882,6.352941176470588,0.0,3.2,5.666666666666667,4.0,9.0,0.0,4.0,6.0,,,,5.4,1.2,5.4,0.0,0.0,2.0,5.0,3.0,6.0,0.0,0.0,3.0,,,,True,True,UNKNOWN,False,False
2021013353,2023-08-25 18:00:00,埼玉西武ライオンズ,北海道日本ハムファイターズ,5.0,0.0,UNKNOWN,ベルーナドーム,unknown,low,False,False,1100099,1700124,[],[],,,,,0,light,2023-08-25T09:00:00+00:00,,UNKNOWN,,,,UNKNOWN,UNKNOWN,,UNKNOWN,,5.4,1.2,10.8,0.0,0.0,0.8000000000000003,6.666666666666667,4.0,8.0,0.0,0.0,8.0,,,,0.0,0.75,9.0,3.375,0.0,2.325,8.0,0.0,3.0,0.0,3.0,8.0,,,,True,True,UNKNOWN,False,False
2021013360,2023-08-26 14:00:00,オリックス・バファローズ,千葉ロッテマリーンズ,0.0,0.0,UNKNOWN,京セラドーム大阪,unknown,low,False,False,900081,2000096,[],[],,,,,0,light,2023-08-26T05:00:00+00:00,,UNKNOWN,,,,UNKNOWN,UNKNOWN,,UNKNOWN,,0.0,0.75,4.5,2.25,0.0,2.95,8.0,0.0,4.0,0.0,2.0,4.0,,,,0.0,1.0,7.2,1.8,0.0,2.2,5.0,0.0,4.0,0.0,1.0,4.0,,,,True,True,UNKNOWN,False,False
2021013356,2023-08-26 14:00:00,中日ドラゴンズ,横浜DeNAベイスターズ,0.0,2.0,UNKNOWN,バンテリンドーム ナゴヤ,unknown,low,False,False,1400110,2000042,[],[],,,,,0,light,2023-08-26T05:00:00+00:00,,UNKNOWN,,,,UNKNOWN,UNKNOWN,,UNKNOWN,,0.0,1.5,7.5,4.5,0.0,3.0333333333333337,6.0,0.0,6.0,0.0,3.0,5.0,,,,0.0,1.0,7.714285714285714,3.857142857142857,0.0,2.771428571428572,7.0,0.0,4.0,0.0,3.0,6.0,,,,True,True,UNKNOWN,False,False
2021013359,2023-08-26 17:00:00,埼玉西武ライオンズ,北海道日本ハムファイターズ,0.0,7.0,UNKNOWN,ベルーナドーム,unknown,low,False,False,2000079,1400182,[],[],,,,,0,light,2023-08-26T08:00:00+00:00,,UNKNOWN,,,,UNKNOWN,UNKNOWN,,UNKNOWN,,0.0,0.6666666666666666,7.0,0.0,0.0,1.6444444444444446,9.0,0.0,6.0,0.0,0.0,7.0,,,,12.6,2.4,1.8,5.4,1.8,7.2,5.0,7.0,9.0,1.0,3.0,1.0,,,,True,True,UNKNOWN,False,False
2021013355,2023-08-26 18:00:00,読売ジャイアンツ,阪神タイガース,6.0,9.0,UNKNOWN,東京ドーム,unknown,low,False,False,1500090,1800026,[],[],,,,,0,light,2023-08-26T09:00:00+00:00,,UNKNOWN,,,,UNKNOWN,UNKNOWN,,UNKNOWN,,4.764705882352941,1.0588235294117647,6.352941176470588,3.176470588235294,1.588235294117647,5.141176470588236,5.666666666666667,3.0,4.0,1.0,2.0,4.0,,,,9.0,2.25,2.25,6.75,2.25,8.2,4.0,4.0,6.0,1.0,3.0,1.0,,,,True,True,UNKNOWN,False,False
2021013357,2023-08-26 18:00:00,広島東洋カープ,東京ヤクルトスワローズ,7.0,6.0,UNKNOWN,MAZDA Zoom-Zoom スタジアム広島,unknown,low,False,False,1760587,1900052,[],[],,,,,0,light,2023-08-26T09:00:00+00:00,,UNKNOWN,,,,UNKNOWN,UNKNOWN,,UNKNOWN,,12.6,2.2,7.2,3.6,3.6,8.0,5.0,7.0,9.0,2.0,2.0,4.0,,,,9.0,1.75,6.75,2.25,0.0,2.45,4.0,4.0,6.0,0.0,1.0,3.0,,,,True,True,UNKNOWN,False,False
2021013358,2023-08-26 18:00:00,東北楽天ゴールデンイーグルス,福岡ソフトバンクホークス,2.0,1.0,UNKNOWN,楽天モバイルパーク宮城,unknown,low,False,False,1800109,700069,[],[],,,,,0,light,2023-08-26T09:00:00+00:00,,UNKNOWN,,,,UNKNOWN,UNKNOWN,,UNKNOWN,,1.588235294117647,1.2352941176470589,9.529411764705882,3.176470588235294,0.0,2.141176470588236,5.666666666666667,1.0,5.0,0.0,2.0,6.0,,,,1.2857142857142858,0.7142857142857143,6.428571428571429,1.2857142857142858,1.2857142857142858,4.057142857142857,7.0,1.0,4.0,1.0,1.0,5.0,,,,True,True,UNKNOWN,False,False
2021013364,2023-08-27 16:00:00,東北楽天ゴールデンイーグルス,福岡ソフトバンクホークス,7.0,1.0,UNKNOWN,楽天モバイルパーク宮城,excluded,high,False,False,2107909,2106793,[],[],,,,,0,light,2023-08-27T07:00:00+00:00,,UNKNOWN,,,,UNKNOWN,UNKNOWN,,UNKNOWN,,13.5,2.7,2.7,5.4,0.0,4.4,3.333333333333333,5.0,7.0,0.0,2.0,1.0,,,,1.8,1.8,5.4,12.6,0.0,6.2,5.0,1.0,2.0,0.0,7.0,3.0,,,,True,True,UNKNOWN,False,False
2021013362,2023-08-27 14:00:00,中日ドラゴンズ,横浜DeNAベイスターズ,2.0,1.0,UNKNOWN,バンテリンドーム ナゴヤ,unknown,low,False,False,1300031,1600106,[],[],,,,,0,light,2023-08-27T05:00:00+00:00,,UNKNOWN,,,,UNKNOWN,UNKNOWN,,UNKNOWN,,1.588235294117647,1.2352941176470589,12.705882352941176,0.0,0.0,0.3764705882352945,5.666666666666667,1.0,7.0,0.0,0.0,8.0,,,,1.2857142857142858,0.8571428571428571,7.714285714285714,0.0,0.0,1.485714285714286,7.0,1.0,6.0,0.0,0.0,6.0,,,,True,True,UNKNOWN,False,False
2021013361,2023-08-27 14:00:00,読売ジャイアンツ,阪神タイガース,4.0,2.0,UNKNOWN,東京ドーム,unknown,low,False,False,2000052,1660388,[],[],,,,,0,light,2023-08-27T05:00:00+00:00,,UNKNOWN,,,,UNKNOWN,UNKNOWN,,UNKNOWN,,4.695652173913043,1.1739130434782608,3.5217391304347823,2.347826086956521,2.347826086956521,6.591304347826087,7.666666666666667,4.0,7.0,2.0,2.0,3.0,,,,3.375,1.875,6.75,10.125,0.0,5.075,2.6666666666666665,1.0,2.0,0.0,3.0,2.0,,,,True,True,UNKNOWN,False,False
2021013366,2023-08-27 13:00:00,オリックス・バファローズ,千葉ロッテマリーンズ,5.0,2.0,UNKNOWN,京セラドーム大阪,unknown,low,False,False,1700099,1700118,[],[],,,,,0,light,2023-08-27T04:00:00+00:00,,UNKNOWN,,,,UNKNOWN,UNKNOWN,,UNKNOWN,,6.75,1.75,9.0,2.25,0.0,1.95,4.0,3.0,6.0,0.0,1.0,4.0,,,,3.176470588235294,1.0588235294117647,9.529411764705882,3.176470588235294,1.588235294117647,4.435294117647059,5.666666666666667,2.0,4.0,1.0,2.0,6.0,,,,True,True,UNKNOWN,False,False
2021013367,2023-08-29 18:00:00,読売ジャイアンツ,広島東洋カープ,4.0,5.0,UNKNOWN,京セラドーム大阪,unknown,low,False,False,1300058,2000006,[],[],,,,,0,light,2023-08-29T09:00:00+00:00,,UNKNOWN,,,,UNKNOWN,UNKNOWN,,UNKNOWN,,5.684210526315789,1.5789473684210529,11.36842105263158,1.4210526315789471,1.4210526315789471,3.2,6.333333333333333,4.0,9.0,1.0,1.0,8.0,,,,1.5,1.5,6.0,3.0,1.5,5.033333333333333,6.0,1.0,7.0,1.0,2.0,4.0,,,,True,True,UNKNOWN,False,False
2021013363,2023-08-27 18:00:00,広島東洋カープ,東京ヤクルトスワローズ,7.0,7.0,UNKNOWN,MAZDA Zoom-Zoom スタジアム広島,excluded,high,False,False,1500042,1750941,[],[],,,,,0,light,2023-08-27T09:00:00+00:00,,UNKNOWN,,,,UNKNOWN,UNKNOWN,,UNKNOWN,,27.0,3.0,13.5,9.0,4.5,9.7,2.0,6.0,4.0,1.0,2.0,3.0,,,,12.0,3.0,9.0,9.0,0.0,4.2,3.0,4.0,6.0,0.0,3.0,3.0,,,,True,True,UNKNOWN,False,False
2021013368,2023-08-29 18:00:00,中日ドラゴンズ,東京ヤクルトスワローズ,3.0,0.0,UNKNOWN,バンテリンドーム ナゴヤ,unknown,low,False,False,2000139,500014,[],[],,,,,0,light,2023-08-29T09:00:00+00:00,,UNKNOWN,,,,UNKNOWN,UNKNOWN,,UNKNOWN,,3.0,1.3333333333333333,4.5,3.0,1.5,5.366666666666667,6.0,2.0,6.0,1.0,2.0,3.0,,,,0.0,0.8571428571428571,7.714285714285714,1.2857142857142858,0.0,1.9142857142857144,7.0,0.0,5.0,0.0,1.0,6.0,,,,True,True,UNKNOWN,False,False
2021013369,2023-08-29 18:00:00,阪神タイガース,横浜DeNAベイスターズ,2.0,3.0,UNKNOWN,阪神甲子園球場,unknown,low,False,False,1500061,900062,[],[],,,,,0,light,2023-08-29T09:00:00+00:00,,UNKNOWN,,,,UNKNOWN,UNKNOWN,,UNKNOWN,,0.0,1.1428571428571428,6.428571428571429,6.428571428571429,0.0,3.9142857142857146,7.0,0.0,3.0,0.0,5.0,5.0,,,,0.0,0.4285714285714285,3.857142857142857,0.0,0.0,2.342857142857143,7.0,0.0,3.0,0.0,0.0,3.0,,,,True,True,UNKNOWN,False,False
2021013365,2023-08-27 17:00:00,埼玉西武ライオンズ,北海道日本ハムファイターズ,3.0,4.0,UNKNOWN,ベルーナドーム,unknown,low,False,False,1500109,1700125,[],[],,,,,0,light,2023-08-27T08:00:00+00:00,,UNKNOWN,,,,UNKNOWN,UNKNOWN,,UNKNOWN,,3.0,1.1666666666666667,6.0,0.0,0.0,1.866666666666667,6.0,2.0,7.0,0.0,0.0,4.0,,,,4.5,1.75,2.25,2.25,2.25,6.7,4.0,2.0,6.0,1.0,1.0,1.0,,,,True,True,UNKNOWN,False,False
2021013370,2023-08-29 18:00:00,東北楽天ゴールデンイーグルス,埼玉西武ライオンズ,2.0,1.0,UNKNOWN,楽天モバイルパーク宮城,unknown,low,False,False,1800080,1200117,[],[],,,,,0,light,2023-08-29T09:00:00+00:00,,UNKNOWN,,,,UNKNOWN,UNKNOWN,,UNKNOWN,,2.25,0.375,6.75,1.125,1.125,3.7,8.0,2.0,2.0,1.0,1.0,6.0,,,,1.35,1.05,5.4,2.7,0.0,2.9000000000000004,6.666666666666667,1.0,5.0,0.0,2.0,4.0,,,,True,True,UNKNOWN,False,False
2021013371,2023-08-29 18:00:00,千葉ロッテマリーンズ,北海道日本ハムファイターズ,6.0,0.0,UNKNOWN,ZOZOマリンスタジアム,unknown,low,False,False,1961224,1800052,[],[],,,,,0,light,2023-08-29T09:00:00+00:00,,UNKNOWN,,,,UNKNOWN,UNKNOWN,,UNKNOWN,,21.6,4.2,0.0,10.8,0.0,6.800000000000001,1.6666666666666663,4.0,5.0,0.0,2.0,0.0,,,,0.0,0.75,7.875,1.125,0.0,1.825,8.0,0.0,5.0,0.0,1.0,7.0,,,,True,True,UNKNOWN,False,False
2021013372,2023-08-29 18:00:00,福岡ソフトバンクホークス,オリックス・バファローズ,7.0,0.0,UNKNOWN,長崎ビッグNスタジアム,unknown,low,False,False,1961077,1900010,[],[],,,,,0,light,2023-08-29T09:00:00+00:00,,UNKNOWN,,,,UNKNOWN,UNKNOWN,,UNKNOWN,,21.0,4.0,15.0,12.0,0.0,3.8666666666666663,3.0,7.0,8.0,0.0,4.0,5.0,,,,0.0,1.2857142857142858,6.428571428571429,3.857142857142857,0.0,3.0571428571428574,7.0,0.0,6.0,0.0,3.0,5.0,,,,True,True,UNKNOWN,False,False
2021013373,2023-08-30 18:00:00,読売ジャイアンツ,広島東洋カープ,1.0,2.0,UNKNOWN,京セラドーム大阪,unknown,low,False,False,1300057,1200041,[],[],,,,,0,light,2023-08-30T09:00:00+00:00,,UNKNOWN,,,,UNKNOWN,UNKNOWN,,UNKNOWN,,0.0,1.1666666666666667,6.0,6.0,0.0,3.8666666666666663,6.0,0.0,3.0,0.0,4.0,4.0,,,,3.0,1.0,4.5,1.5,1.5,4.866666666666667,6.0,2.0,5.0,1.0,1.0,3.0,,,,True,True,UNKNOWN,False,False
2021013374,2023-08-30 18:00:00,中日ドラゴンズ,東京ヤクルトスワローズ,3.0,2.0,UNKNOWN,バンテリンドーム ナゴヤ,unknown,low,False,False,1500139,1500074,[],[],,,,,0,light,2023-08-30T09:00:00+00:00,,UNKNOWN,,,,UNKNOWN,UNKNOWN,,UNKNOWN,,6.75,2.0,9.0,2.25,0.0,1.95,4.0,3.0,7.0,0.0,1.0,4.0,,,,3.0,1.1666666666666667,13.5,3.0,0.0,1.2000000000000002,6.0,2.0,5.0,0.0,2.0,9.0,,,,True,True,UNKNOWN,False,False
2021013375,2023-08-30 18:00:00,阪神タイガース,横浜DeNAベイスターズ,2.0,4.0,UNKNOWN,阪神甲子園球場,unknown,low,False,False,1460045,1700137,[],[],,,,,0,light,2023-08-30T09:00:00+00:00,,UNKNOWN,,,,UNKNOWN,UNKNOWN,,UNKNOWN,,3.0,1.3333333333333333,6.0,6.0,3.0,8.2,3.0,1.0,2.0,1.0,2.0,2.0,,,,6.352941176470588,1.0588235294117647,4.764705882352941,0.0,1.588235294117647,4.435294117647059,5.666666666666667,4.0,6.0,1.0,0.0,3.0,,,,True,True,UNKNOWN,False,False
2021013376,2023-08-30 18:00:00,東北楽天ゴールデンイーグルス,埼玉西武ライオンズ,6.0,4.0,UNKNOWN,楽天モバイルパーク宮城,excluded,high,False,False,1600127,1600092,[],[],,,,,0,light,2023-08-30T09:00:00+00:00,,UNKNOWN,,,,UNKNOWN,UNKNOWN,,UNKNOWN,,2.25,1.5,5.625,4.5,0.0,3.45,8.0,2.0,8.0,0.0,4.0,5.0,,,,1.8,0.6,3.6,1.8,0.0,3.0,5.0,1.0,2.0,0.0,1.0,2.0,,,,True,True,UNKNOWN,False,False
2021013377,2023-08-30 18:00:00,千葉ロッテマリーンズ,北海道日本ハムファイターズ,2.0,3.0,UNKNOWN,ZOZOマリンスタジアム,unknown,low,False,False,1961850,2101291,[],[],,,,,0,light,2023-08-30T09:00:00+00:00,,UNKNOWN,,,,UNKNOWN,UNKNOWN,,UNKNOWN,,1.5,1.1666666666666667,10.5,1.5,0.0,1.366666666666667,6.0,1.0,6.0,0.0,1.0,7.0,,,,0.0,0.5,7.5,0.0,0.0,1.5333333333333334,6.0,0.0,3.0,0.0,0.0,5.0,,,,True,True,UNKNOWN,False,False
2021013378,2023-08-30 18:00:00,福岡ソフトバンクホークス,オリックス・バファローズ,4.0,8.0,UNKNOWN,福岡PayPayドーム,unknown,low,False,False,1700109,1400117,[],[],,,,,0,light,2023-08-30T09:00:00+00:00,,UNKNOWN,,,,UNKNOWN,UNKNOWN,,UNKNOWN,,5.4,1.0,14.4,0.0,3.6,5.2,5.0,3.0,5.0,2.0,0.0,8.0,,,,5.684210526315789,1.8947368421052635,5.684210526315789,2.8421052631578947,2.8421052631578947,6.989473684210527,6.333333333333333,4.0,10.0,2.0,2.0,4.0,,,,True,True,UNKNOWN,False,False
2021013380,2023-08-31 18:00:00,中日ドラゴンズ,東京ヤクルトスワローズ,1.0,6.0,UNKNOWN,バンテリンドーム ナゴヤ,excluded,high,False,False,1200076,1800060,[],[],,,,,0,light,2023-08-31T09:00:00+00:00,,UNKNOWN,,,,UNKNOWN,UNKNOWN,,UNKNOWN,,1.125,0.625,5.625,1.125,1.125,3.95,8.0,1.0,4.0,1.0,1.0,5.0,,,,0.0,0.8,5.4,3.6,0.0,3.2,5.0,0.0,2.0,0.0,2.0,3.0,,,,True,True,UNKNOWN,False,False
2021013381,2023-08-31 18:00:00,東北楽天ゴールデンイーグルス,埼玉西武ライオンズ,4.0,5.0,UNKNOWN,楽天モバイルパーク宮城,unknown,low,False,False,1751148,2000123,[],[],,,,,0,light,2023-08-31T09:00:00+00:00,,UNKNOWN,,,,UNKNOWN,UNKNOWN,,UNKNOWN,,5.684210526315789,0.7894736842105263,8.526315789473685,0.0,1.4210526315789471,3.357894736842105,6.333333333333333,4.0,5.0,1.0,0.0,6.0,,,,5.0625,1.3125,5.0625,3.375,0.0,3.2,5.333333333333333,3.0,5.0,0.0,2.0,3.0,,,,True,True,UNKNOWN,False,False
2021013382,2023-08-31 18:00:00,千葉ロッテマリーンズ,北海道日本ハムファイターズ,6.0,4.0,UNKNOWN,ZOZOマリンスタジアム,excluded,high,False,False,1700027,1700002,[],[],,,,,0,light,2023-08-31T09:00:00+00:00,,UNKNOWN,,,,UNKNOWN,UNKNOWN,,UNKNOWN,,10.8,3.0,2.7,10.8,2.7,10.1,3.333333333333333,4.0,6.0,1.0,4.0,1.0,,,,7.7142857142857135,2.142857142857143,11.571428571428571,0.0,0.0,0.628571428571429,4.666666666666667,4.0,10.0,0.0,0.0,6.0,,,,True,True,UNKNOWN,False,False
2021013383,2023-08-31 18:00:00,福岡ソフトバンクホークス,オリックス・バファローズ,1.0,0.0,UNKNOWN,福岡PayPayドーム,unknown,low,False,False,1900087,20204,[],[],,,,,0,light,2023-08-31T09:00:00+00:00,,UNKNOWN,,,,UNKNOWN,UNKNOWN,,UNKNOWN,,0.0,1.0,10.285714285714286,1.2857142857142858,0.0,1.342857142857143,7.0,0.0,6.0,0.0,1.0,8.0,,,,0.0,0.7142857142857143,9.0,2.571428571428572,0.0,2.0571428571428574,7.0,0.0,3.0,0.0,2.0,7.0,,,,True,True,UNKNOWN,False,False
2021013379,2023-08-31 18:00:00,読売ジャイアンツ,広島東洋カープ,2.0,0.0,UNKNOWN,長良川球場,regular,high,True,True,1600123,2103689,[],[],,,,,0,light,2023-08-31T09:00:00+00:00,,UNKNOWN,,,,UNKNOWN,UNKNOWN,,UNKNOWN,,0.0,1.0,5.142857142857143,1.2857142857142858,0.0,2.4857142857142858,7.0,0.0,6.0,0.0,1.0,4.0,,,,0.0,1.0,7.2,0.0,0.0,1.6,5.0,0.0,5.0,0.0,0.0,4.0,,,,True,True,UNKNOWN,False,False
2021013384,2023-09-01 18:00:00,東京ヤクルトスワローズ,阪神タイガース,2.0,4.0,UNKNOWN,明治神宮野球場,unknown,low,False,False,2000055,2108113,[],[],,,,,0,light,2023-09-01T09:00:00+00:00,,UNKNOWN,,,,UNKNOWN,UNKNOWN,,UNKNOWN,,0.0,0.4285714285714285,11.571428571428571,0.0,0.0,0.6285714285714286,7.0,0.0,3.0,0.0,0.0,9.0,,,,1.5,1.5,6.0,6.0,1.5,6.033333333333333,6.0,1.0,5.0,1.0,4.0,4.0,,,,True,True,UNKNOWN,False,False
2021013386,2023-09-01 18:00:00,広島東洋カープ,中日ドラゴンズ,3.0,5.0,UNKNOWN,MAZDA Zoom-Zoom スタジアム広島,excluded,high,False,False,2107860,1900057,[],[],,,,,0,light,2023-09-01T09:00:00+00:00,,UNKNOWN,,,,UNKNOWN,UNKNOWN,,UNKNOWN,,5.4,1.4,7.2,3.6,1.8,5.4,5.0,3.0,5.0,1.0,2.0,4.0,,,,5.4,1.0,12.6,1.8,3.6,6.2,5.0,3.0,4.0,2.0,1.0,7.0,,,,True,True,UNKNOWN,False,False
2021013388,2023-09-01 18:00:00,埼玉西武ライオンズ,福岡ソフトバンクホークス,6.0,0.0,UNKNOWN,ベルーナドーム,unknown,low,False,False,1300080,1700124,[],[],,,,,0,light,2023-09-01T09:00:00+00:00,,UNKNOWN,,,,UNKNOWN,UNKNOWN,,UNKNOWN,,13.5,3.0,4.5,6.75,2.25,7.7,4.0,6.0,9.0,1.0,3.0,2.0,,,,0.0,1.0,6.428571428571429,1.2857142857142858,0.0,2.2,7.0,0.0,6.0,0.0,1.0,5.0,,,,True,True,UNKNOWN,False,False
2021013387,2023-09-01 18:00:00,北海道日本ハムファイターズ,オリックス・バファローズ,3.0,0.0,UNKNOWN,ES CON FIELD HOKKAIDO,unknown,low,False,False,1400195,1100099,[],[],,,,,0,light,2023-09-01T09:00:00+00:00,,UNKNOWN,,,,UNKNOWN,UNKNOWN,,UNKNOWN,,2.571428571428572,1.1428571428571428,3.857142857142857,2.571428571428572,1.2857142857142858,5.057142857142857,7.0,2.0,6.0,1.0,2.0,3.0,,,,0.0,0.4444444444444444,7.0,1.0,0.0,1.9777777777777776,9.0,0.0,3.0,0.0,1.0,7.0,,,,True,True,UNKNOWN,False,False
2021013385,2023-09-01 18:00:00,横浜DeNAベイスターズ,読売ジャイアンツ,9.0,3.0,UNKNOWN,横浜スタジアム,unknown,low,False,False,1800028,1700058,[],[],,,,,0,light,2023-09-01T09:00:00+00:00,,UNKNOWN,,,,UNKNOWN,UNKNOWN,,UNKNOWN,,11.25,2.25,2.25,4.5,2.25,7.45,4.0,5.0,7.0,1.0,2.0,1.0,,,,3.857142857142857,1.0,10.285714285714286,1.2857142857142858,2.571428571428572,5.057142857142857,7.0,3.0,6.0,2.0,1.0,8.0,,,,True,True,UNKNOWN,False,False
2021013389,2023-09-01 18:00:00,千葉ロッテマリーンズ,東北楽天ゴールデンイーグルス,5.0,0.0,UNKNOWN,ZOZOマリンスタジアム,unknown,low,False,False,700065,1000155,[],[],,,,,0,light,2023-09-01T09:00:00+00:00,,UNKNOWN,,,,UNKNOWN,UNKNOWN,,UNKNOWN,,6.0,1.1666666666666667,4.5,1.5,3.0,7.033333333333333,6.0,4.0,6.0,2.0,1.0,3.0,,,,0.0,0.7142857142857143,9.0,1.2857142857142858,0.0,1.6285714285714288,7.0,0.0,4.0,0.0,1.0,7.0,,,,True,True,UNKNOWN,False,False
2021013392,2023-09-02 14:00:00,広島東洋カープ,中日ドラゴンズ,3.0,1.0,UNKNOWN,MAZDA Zoom-Zoom スタジアム広島,unknown,low,False,False,2000042,1900052,[],[],,,,,0,light,2023-09-02T05:00:00+00:00,,UNKNOWN,,,,UNKNOWN,UNKNOWN,,UNKNOWN,,1.5,1.5,6.0,1.5,0.0,2.3666666666666667,6.0,1.0,8.0,0.0,1.0,4.0,,,,1.0,1.0,4.0,2.0,1.0,4.422222222222223,9.0,1.0,7.0,1.0,2.0,4.0,,,,True,True,UNKNOWN,False,False
2021013393,2023-09-02 14:00:00,北海道日本ハムファイターズ,オリックス・バファローズ,0.0,1.0,UNKNOWN,ES CON FIELD HOKKAIDO,unknown,low,False,False,1600153,2000079,[],[],,,,,0,light,2023-09-02T05:00:00+00:00,,UNKNOWN,,,,UNKNOWN,UNKNOWN,,UNKNOWN,,0.0,1.0,11.571428571428571,3.857142857142857,0.0,1.9142857142857144,7.0,0.0,4.0,0.0,3.0,9.0,,,,1.0,0.2222222222222222,11.0,0.0,0.0,0.7555555555555555,9.0,1.0,2.0,0.0,0.0,11.0,,,,True,True,UNKNOWN,False,False
2021013390,2023-09-02 18:00:00,東京ヤクルトスワローズ,阪神タイガース,5.0,6.0,UNKNOWN,明治神宮野球場,unknown,low,False,False,1500090,1760587,[],[],,,,,0,light,2023-09-02T09:00:00+00:00,,UNKNOWN,,,,UNKNOWN,UNKNOWN,,UNKNOWN,,4.764705882352941,1.4117647058823528,6.352941176470588,3.176470588235294,1.588235294117647,5.141176470588236,5.666666666666667,3.0,6.0,1.0,2.0,4.0,,,,20.25,2.625,6.75,10.125,3.375,9.95,2.6666666666666665,6.0,4.0,1.0,3.0,2.0,,,,True,True,UNKNOWN,False,False
2021013391,2023-09-02 18:00:00,横浜DeNAベイスターズ,読売ジャイアンツ,13.0,4.0,UNKNOWN,横浜スタジアム,unknown,low,False,False,1800026,1400110,[],[],,,,,0,light,2023-09-02T09:00:00+00:00,,UNKNOWN,,,,UNKNOWN,UNKNOWN,,UNKNOWN,,18.0,6.0,9.0,9.0,0.0,4.2,1.0,2.0,5.0,0.0,1.0,1.0,,,,3.6,1.4,3.6,0.0,0.0,2.4000000000000004,5.0,2.0,7.0,0.0,0.0,2.0,,,,True,True,UNKNOWN,False,False
2021013394,2023-09-02 18:00:00,埼玉西武ライオンズ,福岡ソフトバンクホークス,2.0,6.0,UNKNOWN,ベルーナドーム,unknown,low,False,False,1800109,1400182,[],[],,,,,0,light,2023-09-02T09:00:00+00:00,,UNKNOWN,,,,UNKNOWN,UNKNOWN,,UNKNOWN,,3.176470588235294,1.9411764705882355,3.176470588235294,4.764705882352941,0.0,4.08235294117647,5.666666666666667,2.0,8.0,0.0,3.0,2.0,,,,3.6,2.2,1.8,5.4,1.8,7.2,5.0,2.0,8.0,1.0,3.0,1.0,,,,True,True,UNKNOWN,False,False
2021013399,2023-09-03 13:00:00,北海道日本ハムファイターズ,オリックス・バファローズ,1.0,3.0,UNKNOWN,ES CON FIELD HOKKAIDO,unknown,low,False,False,1700118,1500109,[],[],,,,,0,light,2023-09-03T04:00:00+00:00,,UNKNOWN,,,,UNKNOWN,UNKNOWN,,UNKNOWN,,0.0,0.7894736842105263,5.684210526315789,0.0,0.0,1.936842105263158,6.333333333333333,0.0,5.0,0.0,0.0,4.0,,,,4.2631578947368425,1.2631578947368425,7.105263157894737,2.8421052631578947,1.4210526315789471,4.621052631578948,6.333333333333333,3.0,6.0,1.0,2.0,5.0,,,,True,True,UNKNOWN,False,False
2021013395,2023-09-02 18:00:00,千葉ロッテマリーンズ,東北楽天ゴールデンイーグルス,3.0,5.0,UNKNOWN,ZOZOマリンスタジアム,unknown,low,False,False,700069,1600146,[],[],,,,,0,light,2023-09-02T09:00:00+00:00,,UNKNOWN,,,,UNKNOWN,UNKNOWN,,UNKNOWN,,3.857142857142857,1.1428571428571428,7.714285714285714,2.571428571428572,2.571428571428572,6.057142857142857,7.0,3.0,6.0,2.0,2.0,6.0,,,,1.6875,1.3125,11.8125,6.75,1.6875,5.2625,5.333333333333333,1.0,3.0,1.0,4.0,7.0,,,,True,True,UNKNOWN,False,False
2021013400,2023-09-03 13:00:00,埼玉西武ライオンズ,福岡ソフトバンクホークス,2.0,3.0,UNKNOWN,ベルーナドーム,excluded,high,False,False,1300077,1700125,[],[],,,,,0,light,2023-09-03T04:00:00+00:00,,UNKNOWN,,,,UNKNOWN,UNKNOWN,,UNKNOWN,,1.588235294117647,0.7058823529411764,4.764705882352941,1.588235294117647,1.588235294117647,4.964705882352941,5.666666666666667,1.0,3.0,1.0,1.0,3.0,,,,3.6,1.4,1.8,5.4,1.8,7.2,5.0,2.0,4.0,1.0,3.0,1.0,,,,True,True,UNKNOWN,False,False
2021013398,2023-09-03 13:30:00,広島東洋カープ,中日ドラゴンズ,0.0,3.0,UNKNOWN,MAZDA Zoom-Zoom スタジアム広島,unknown,low,False,False,1600106,1300058,[],[],,,,,0,light,2023-09-03T04:30:00+00:00,,UNKNOWN,,,,UNKNOWN,UNKNOWN,,UNKNOWN,,0.0,0.7894736842105263,11.36842105263158,1.4210526315789471,0.0,1.1473684210526316,6.333333333333333,0.0,4.0,0.0,1.0,8.0,,,,0.0,1.8,7.2,3.6,0.0,2.8000000000000003,5.0,0.0,7.0,0.0,2.0,4.0,,,,True,True,UNKNOWN,False,False
2021013401,2023-09-03 16:00:00,千葉ロッテマリーンズ,東北楽天ゴールデンイーグルス,4.0,5.0,UNKNOWN,ZOZOマリンスタジアム,unknown,low,False,False,2106793,2000088,[],[],,,,,0,light,2023-09-03T07:00:00+00:00,,UNKNOWN,,,,UNKNOWN,UNKNOWN,,UNKNOWN,,2.347826086956521,0.7826086956521738,8.217391304347826,1.1739130434782608,0.0,1.765217391304348,7.666666666666667,2.0,5.0,0.0,1.0,7.0,,,,1.8,1.4,1.8,5.4,1.8,7.2,5.0,1.0,4.0,1.0,3.0,1.0,,,,True,True,UNKNOWN,False,False
2021013403,2023-09-05 18:00:00,中日ドラゴンズ,阪神タイガース,2.0,8.0,UNKNOWN,バンテリンドーム ナゴヤ,unknown,low,False,False,900062,500014,[],[],,,,,0,light,2023-09-05T09:00:00+00:00,,UNKNOWN,,,,UNKNOWN,UNKNOWN,,UNKNOWN,,2.571428571428572,1.1428571428571428,1.2857142857142858,0.0,1.2857142857142858,4.771428571428571,7.0,2.0,8.0,1.0,0.0,1.0,,,,9.0,2.5,0.0,9.0,0.0,6.2,2.0,2.0,3.0,0.0,2.0,0.0,,,,True,True,UNKNOWN,False,False
2021013402,2023-09-05 18:00:00,東京ヤクルトスワローズ,読売ジャイアンツ,3.0,4.0,UNKNOWN,明治神宮野球場,unknown,low,False,False,2000006,2000139,[],[],,,,,0,light,2023-09-05T09:00:00+00:00,,UNKNOWN,,,,UNKNOWN,UNKNOWN,,UNKNOWN,,4.5,1.6666666666666667,9.0,3.0,1.5,4.366666666666667,6.0,3.0,8.0,1.0,2.0,6.0,,,,1.5,1.0,6.0,0.0,0.0,1.866666666666667,6.0,1.0,6.0,0.0,0.0,4.0,,,,True,True,UNKNOWN,False,False
2021013406,2023-09-05 18:00:00,オリックス・バファローズ,埼玉西武ライオンズ,0.0,3.0,UNKNOWN,ほっともっとフィールド神戸,unknown,low,False,False,1800080,1750595,[],[],,,,,0,light,2023-09-05T09:00:00+00:00,,UNKNOWN,,,,UNKNOWN,UNKNOWN,,UNKNOWN,,0.0,0.8333333333333334,4.5,4.5,0.0,3.7,6.0,0.0,2.0,0.0,3.0,3.0,,,,0.0,0.4,9.0,1.8,0.0,1.8000000000000005,5.0,0.0,1.0,0.0,1.0,5.0,,,,True,True,UNKNOWN,False,False
2021013404,2023-09-05 18:00:00,広島東洋カープ,横浜DeNAベイスターズ,6.0,5.0,UNKNOWN,MAZDA Zoom-Zoom スタジアム広島,excluded,high,False,False,1900031,2103788,[],[],,,,,0,light,2023-09-05T09:00:00+00:00,,UNKNOWN,,,,UNKNOWN,UNKNOWN,,UNKNOWN,,4.5,1.75,0.0,4.5,0.0,4.7,4.0,2.0,5.0,0.0,2.0,0.0,,,,1.5,0.6666666666666666,6.0,1.5,1.5,4.533333333333333,6.0,1.0,3.0,1.0,1.0,4.0,,,,True,True,UNKNOWN,False,False
2021013397,2023-09-03 17:00:00,横浜DeNAベイスターズ,読売ジャイアンツ,7.0,8.0,UNKNOWN,横浜スタジアム,unknown,low,False,False,1900019,1600081,[],[],,,,,0,light,2023-09-03T08:00:00+00:00,,UNKNOWN,,,,UNKNOWN,UNKNOWN,,UNKNOWN,,63.0,7.0,0.0,9.0,9.0,19.2,1.0,7.0,6.0,1.0,1.0,0.0,,,,18.0,3.0,4.5,4.5,4.5,10.2,2.0,4.0,5.0,1.0,1.0,1.0,,,,True,True,UNKNOWN,False,False
2021013396,2023-09-03 18:00:00,東京ヤクルトスワローズ,阪神タイガース,1.0,7.0,UNKNOWN,明治神宮野球場,excluded,high,False,False,2000052,2103794,[],[],,,,,0,light,2023-09-03T09:00:00+00:00,,UNKNOWN,,,,UNKNOWN,UNKNOWN,,UNKNOWN,,1.0,0.5555555555555556,3.0,0.0,1.0,3.977777777777778,9.0,1.0,5.0,1.0,0.0,3.0,,,,9.0,1.5,7.5,1.5,3.0,6.366666666666667,6.0,6.0,8.0,2.0,1.0,5.0,,,,True,True,UNKNOWN,False,False
2021013408,2023-09-06 18:00:00,東京ヤクルトスワローズ,読売ジャイアンツ,4.0,2.0,UNKNOWN,明治神宮野球場,unknown,low,False,False,1960962,1500139,[],[],,,,,0,light,2023-09-06T09:00:00+00:00,,UNKNOWN,,,,UNKNOWN,UNKNOWN,,UNKNOWN,,0.0,1.0,6.0,3.0,0.0,2.8666666666666667,3.0,0.0,2.0,0.0,1.0,2.0,,,,1.5,1.5,10.5,4.5,0.0,2.3666666666666667,6.0,1.0,6.0,0.0,3.0,7.0,,,,True,True,UNKNOWN,False,False
2021013409,2023-09-06 18:00:00,中日ドラゴンズ,阪神タイガース,0.0,1.0,UNKNOWN,バンテリンドーム ナゴヤ,excluded,high,False,False,1600115,1500074,[],[],,,,,0,light,2023-09-06T09:00:00+00:00,,UNKNOWN,,,,UNKNOWN,UNKNOWN,,UNKNOWN,,0.0,1.0,6.0,3.0,0.0,2.8666666666666667,6.0,0.0,4.0,0.0,2.0,4.0,,,,1.2857142857142858,1.2857142857142858,3.857142857142857,1.2857142857142858,0.0,2.771428571428572,7.0,1.0,8.0,0.0,1.0,3.0,,,,True,True,UNKNOWN,False,False
2021013407,2023-09-05 18:00:00,福岡ソフトバンクホークス,千葉ロッテマリーンズ,1.0,7.0,UNKNOWN,福岡PayPayドーム,unknown,low,False,False,1800052,1900010,[],[],,,,,0,light,2023-09-05T09:00:00+00:00,,UNKNOWN,,,,UNKNOWN,UNKNOWN,,UNKNOWN,,0.0,0.8571428571428571,9.0,2.571428571428572,0.0,2.0571428571428574,7.0,0.0,4.0,0.0,2.0,7.0,,,,6.75,2.75,6.75,11.25,2.25,8.7,4.0,3.0,6.0,1.0,5.0,3.0,,,,True,True,UNKNOWN,False,False
2021013412,2023-09-06 18:00:00,オリックス・バファローズ,埼玉西武ライオンズ,3.0,4.0,UNKNOWN,ほっともっとフィールド神戸,unknown,low,False,False,1600127,1600151,[],[],,,,,0,light,2023-09-06T09:00:00+00:00,,UNKNOWN,,,,UNKNOWN,UNKNOWN,,UNKNOWN,,1.2272727272727273,1.090909090909091,11.045454545454549,4.909090909090909,0.0,2.381818181818182,7.333333333333333,1.0,4.0,0.0,4.0,9.0,,,,3.0,1.6666666666666667,6.0,6.0,0.0,3.8666666666666663,3.0,1.0,3.0,0.0,2.0,2.0,,,,True,True,UNKNOWN,False,False
2021013413,2023-09-06 18:00:00,福岡ソフトバンクホークス,千葉ロッテマリーンズ,3.0,0.0,UNKNOWN,福岡PayPayドーム,unknown,low,False,False,900081,1400117,[],[],,,,,0,light,2023-09-06T09:00:00+00:00,,UNKNOWN,,,,UNKNOWN,UNKNOWN,,UNKNOWN,,3.857142857142857,1.2857142857142858,7.714285714285714,2.571428571428572,0.0,2.342857142857143,7.0,3.0,7.0,0.0,2.0,6.0,,,,0.0,0.5,5.625,0.0,0.0,1.95,8.0,0.0,4.0,0.0,0.0,5.0,,,,True,True,UNKNOWN,False,False
2021013410,2023-09-06 18:00:00,広島東洋カープ,横浜DeNAベイスターズ,4.0,3.0,UNKNOWN,MAZDA Zoom-Zoom スタジアム広島,unknown,low,False,False,1500061,1300057,[],[],,,,,0,light,2023-09-06T09:00:00+00:00,,UNKNOWN,,,,UNKNOWN,UNKNOWN,,UNKNOWN,,4.764705882352941,2.117647058823529,15.88235294117647,3.176470588235294,0.0,0.7294117647058829,5.666666666666667,3.0,10.0,0.0,2.0,10.0,,,,5.4,1.4,1.8,3.6,1.8,6.6,5.0,3.0,5.0,1.0,2.0,1.0,,,,True,True,UNKNOWN,False,False
2021013414,2023-09-07 18:00:00,東京ヤクルトスワローズ,読売ジャイアンツ,2.0,5.0,UNKNOWN,明治神宮野球場,unknown,low,False,False,2103689,1500042,[],[],,,,,0,light,2023-09-07T09:00:00+00:00,,UNKNOWN,,,,UNKNOWN,UNKNOWN,,UNKNOWN,,3.0,1.0,9.0,1.5,1.5,3.8666666666666663,6.0,2.0,5.0,1.0,1.0,6.0,,,,3.857142857142857,0.8571428571428571,5.142857142857143,2.571428571428572,1.2857142857142858,4.771428571428571,7.0,3.0,4.0,1.0,2.0,4.0,,,,True,True,UNKNOWN,False,False
2021013415,2023-09-07 18:00:00,広島東洋カープ,横浜DeNAベイスターズ,1.0,3.0,UNKNOWN,MAZDA Zoom-Zoom スタジアム広島,unknown,low,False,False,1700058,1700072,[],[],,,,,0,light,2023-09-07T09:00:00+00:00,,UNKNOWN,,,,UNKNOWN,UNKNOWN,,UNKNOWN,,1.0,0.8888888888888888,8.0,0.0,1.0,2.8666666666666667,9.0,1.0,8.0,1.0,0.0,8.0,,,,2.571428571428572,0.8571428571428571,5.142857142857143,2.571428571428572,1.2857142857142858,4.771428571428571,7.0,2.0,4.0,1.0,2.0,4.0,,,,True,True,UNKNOWN,False,False
2021013416,2023-09-07 18:00:00,福岡ソフトバンクホークス,千葉ロッテマリーンズ,7.0,3.0,UNKNOWN,福岡PayPayドーム,excluded,high,False,False,1700002,1200106,[],[],,,,,0,light,2023-09-07T09:00:00+00:00,,UNKNOWN,,,,UNKNOWN,UNKNOWN,,UNKNOWN,,9.0,2.0,0.0,4.5,4.5,11.2,4.0,4.0,6.0,2.0,2.0,0.0,,,,5.4,1.4,5.4,0.0,1.8,4.6,5.0,3.0,7.0,1.0,0.0,3.0,,,,True,True,UNKNOWN,False,False
2021013418,2023-09-08 18:00:00,横浜DeNAベイスターズ,東京ヤクルトスワローズ,2.0,1.0,UNKNOWN,横浜スタジアム,unknown,low,False,False,12113,1300031,[],[],,,,,0,light,2023-09-08T09:00:00+00:00,,UNKNOWN,,,,UNKNOWN,UNKNOWN,,UNKNOWN,,1.5,1.1666666666666667,4.5,1.5,1.5,4.866666666666667,6.0,1.0,6.0,1.0,1.0,3.0,,,,0.0,0.8571428571428571,11.571428571428571,2.571428571428572,0.0,1.485714285714286,7.0,0.0,4.0,0.0,2.0,9.0,,,,True,True,UNKNOWN,False,False
2021013419,2023-09-08 18:00:00,阪神タイガース,広島東洋カープ,4.0,1.0,UNKNOWN,阪神甲子園球場,unknown,low,False,False,1600123,2000055,[],[],,,,,0,light,2023-09-08T09:00:00+00:00,,UNKNOWN,,,,UNKNOWN,UNKNOWN,,UNKNOWN,,5.4,1.2,5.4,1.8,3.6,7.8,5.0,3.0,5.0,2.0,1.0,3.0,,,,1.2272727272727273,0.8181818181818182,7.363636363636364,0.0,0.0,1.5636363636363635,7.333333333333333,1.0,6.0,0.0,0.0,6.0,,,,True,True,UNKNOWN,False,False
2021013417,2023-09-08 18:00:00,読売ジャイアンツ,中日ドラゴンズ,0.0,0.0,UNKNOWN,東京ドーム,unknown,low,False,False,2107860,1800028,[],[],,,,,0,light,2023-09-08T09:00:00+00:00,,UNKNOWN,,,,UNKNOWN,UNKNOWN,,UNKNOWN,,0.0,1.0,7.714285714285714,5.142857142857143,0.0,3.2,7.0,0.0,3.0,0.0,4.0,6.0,,,,0.0,0.5,9.9,1.8,0.0,1.6,10.0,0.0,3.0,0.0,2.0,11.0,,,,True,True,UNKNOWN,False,False
2021013420,2023-09-08 18:00:00,北海道日本ハムファイターズ,埼玉西武ライオンズ,0.0,6.0,UNKNOWN,ES CON FIELD HOKKAIDO,unknown,low,False,False,1700124,1100099,[],[],,,,,0,light,2023-09-08T09:00:00+00:00,,UNKNOWN,,,,UNKNOWN,UNKNOWN,,UNKNOWN,,0.0,0.8571428571428571,11.571428571428571,3.857142857142857,0.0,1.9142857142857144,7.0,0.0,3.0,0.0,3.0,9.0,,,,7.5,1.3333333333333333,9.0,4.5,1.5,4.866666666666667,6.0,5.0,5.0,1.0,3.0,6.0,,,,True,True,UNKNOWN,False,False
2021013423,2023-09-09 14:00:00,読売ジャイアンツ,中日ドラゴンズ,5.0,0.0,UNKNOWN,東京ドーム,unknown,low,False,False,2000042,1200041,[],[],,,,,0,light,2023-09-09T05:00:00+00:00,,UNKNOWN,,,,UNKNOWN,UNKNOWN,,UNKNOWN,,7.2,1.6,7.2,1.8,1.8,4.800000000000001,5.0,4.0,7.0,1.0,1.0,4.0,,,,0.0,0.8,7.2,1.8,0.0,2.2,5.0,0.0,3.0,0.0,1.0,4.0,,,,True,True,UNKNOWN,False,False
2021013422,2023-09-08 18:00:00,福岡ソフトバンクホークス,東北楽天ゴールデンイーグルス,6.0,8.0,UNKNOWN,福岡PayPayドーム,unknown,low,False,False,700065,1300080,[],[],,,,,0,light,2023-09-08T09:00:00+00:00,,UNKNOWN,,,,UNKNOWN,UNKNOWN,,UNKNOWN,,9.529411764705882,1.9411764705882355,3.176470588235294,3.176470588235294,1.588235294117647,5.847058823529412,5.666666666666667,6.0,9.0,1.0,2.0,2.0,,,,8.307692307692308,2.5384615384615388,6.230769230769231,10.384615384615383,0.0,5.276923076923078,4.333333333333333,4.0,6.0,0.0,5.0,3.0,,,,True,True,UNKNOWN,False,False
2021013425,2023-09-09 14:00:00,阪神タイガース,広島東洋カープ,5.0,1.0,UNKNOWN,阪神甲子園球場,unknown,low,False,False,1900052,1700137,[],[],,,,,0,light,2023-09-09T05:00:00+00:00,,UNKNOWN,,,,UNKNOWN,UNKNOWN,,UNKNOWN,,7.2,1.8,7.2,1.8,0.0,2.2,5.0,4.0,8.0,0.0,1.0,4.0,,,,0.0,0.75,4.05,0.0,0.0,2.3000000000000003,6.666666666666667,0.0,5.0,0.0,0.0,3.0,,,,True,True,UNKNOWN,False,False
2021013426,2023-09-09 14:00:00,北海道日本ハムファイターズ,埼玉西武ライオンズ,2.0,7.0,UNKNOWN,ES CON FIELD HOKKAIDO,unknown,low,False,False,1751148,1500110,[],[],,,,,0,light,2023-09-09T05:00:00+00:00,,UNKNOWN,,,,UNKNOWN,UNKNOWN,,UNKNOWN,,1.5,1.0,6.0,1.5,0.0,2.3666666666666667,6.0,1.0,5.0,0.0,1.0,4.0,,,,9.0,1.2,9.0,1.8,3.6,7.0,5.0,5.0,5.0,2.0,1.0,5.0,,,,True,True,UNKNOWN,False,False
2021013424,2023-09-09 14:00:00,横浜DeNAベイスターズ,東京ヤクルトスワローズ,1.0,13.0,UNKNOWN,横浜スタジアム,unknown,low,False,False,1200076,1400110,[],[],,,,,0,light,2023-09-09T05:00:00+00:00,,UNKNOWN,,,,UNKNOWN,UNKNOWN,,UNKNOWN,,1.2857142857142858,1.0,3.857142857142857,3.857142857142857,0.0,3.628571428571429,7.0,1.0,4.0,0.0,3.0,3.0,,,,12.461538461538462,2.5384615384615388,12.461538461538462,2.076923076923077,2.076923076923077,4.123076923076924,4.333333333333333,6.0,10.0,1.0,1.0,6.0,,,,True,True,UNKNOWN,False,False
2021013428,2023-09-09 14:00:00,福岡ソフトバンクホークス,東北楽天ゴールデンイーグルス,7.0,2.0,UNKNOWN,福岡PayPayドーム,unknown,low,False,False,700069,20204,[],[],,,,,0,light,2023-09-09T05:00:00+00:00,,UNKNOWN,,,,UNKNOWN,UNKNOWN,,UNKNOWN,,7.5,1.3333333333333333,9.0,1.5,0.0,1.7000000000000002,6.0,5.0,7.0,0.0,1.0,6.0,,,,3.6,1.6,9.0,3.6,0.0,2.4000000000000004,5.0,2.0,6.0,0.0,2.0,5.0,,,,True,True,UNKNOWN,False,False
2021013427,2023-09-09 18:00:00,千葉ロッテマリーンズ,オリックス・バファローズ,0.0,4.0,UNKNOWN,ZOZOマリンスタジアム,unknown,low,False,False,1600153,1000155,[],[],,,,,0,light,2023-09-09T09:00:00+00:00,,UNKNOWN,,,,UNKNOWN,UNKNOWN,,UNKNOWN,,0.0,0.1111111111111111,8.0,1.0,0.0,1.7555555555555558,9.0,0.0,0.0,0.0,1.0,8.0,,,,3.857142857142857,1.1428571428571428,3.857142857142857,1.2857142857142858,1.2857142857142858,4.628571428571429,7.0,3.0,7.0,1.0,1.0,3.0,,,,True,True,UNKNOWN,False,False
2021013432,2023-09-10 13:00:00,北海道日本ハムファイターズ,埼玉西武ライオンズ,0.0,10.0,UNKNOWN,ES CON FIELD HOKKAIDO,unknown,low,False,False,1400182,2000079,[],[],,,,,0,light,2023-09-10T04:00:00+00:00,,UNKNOWN,,,,UNKNOWN,UNKNOWN,,UNKNOWN,,0.0,0.8333333333333334,10.5,3.0,0.0,1.866666666666667,6.0,0.0,3.0,0.0,2.0,7.0,,,,15.428571428571429,5.142857142857142,11.571428571428571,11.571428571428571,0.0,4.485714285714286,2.333333333333333,4.0,9.0,0.0,3.0,3.0,,,,True,True,UNKNOWN,False,False
2021013430,2023-09-10 14:00:00,横浜DeNAベイスターズ,東京ヤクルトスワローズ,6.0,4.0,UNKNOWN,横浜スタジアム,unknown,low,False,False,2000025,1600081,[],[],,,,,0,light,2023-09-10T05:00:00+00:00,,UNKNOWN,,,,UNKNOWN,UNKNOWN,,UNKNOWN,,12.461538461538462,2.307692307692308,8.307692307692308,8.307692307692308,0.0,4.123076923076924,4.333333333333333,6.0,6.0,0.0,4.0,4.0,,,,2.4545454545454546,1.090909090909091,7.363636363636364,3.681818181818182,1.2272727272727273,4.563636363636364,7.333333333333333,2.0,5.0,1.0,3.0,6.0,,,,True,True,UNKNOWN,False,False
2021013434,2023-09-10 13:00:00,福岡ソフトバンクホークス,東北楽天ゴールデンイーグルス,4.0,6.0,UNKNOWN,福岡PayPayドーム,unknown,low,False,False,2106793,1800109,[],[],,,,,0,light,2023-09-10T04:00:00+00:00,,UNKNOWN,,,,UNKNOWN,UNKNOWN,,UNKNOWN,,7.2,2.0,5.4,3.6,1.8,5.800000000000001,5.0,4.0,8.0,1.0,2.0,3.0,,,,6.75,6.75,0.0,27.0,0.0,12.2,1.3333333333333333,1.0,5.0,0.0,4.0,0.0,,,,True,True,UNKNOWN,False,False
2021013429,2023-09-10 14:00:00,読売ジャイアンツ,中日ドラゴンズ,2.0,1.0,UNKNOWN,東京ドーム,unknown,low,False,False,1600106,1660388,[],[],,,,,0,light,2023-09-10T05:00:00+00:00,,UNKNOWN,,,,UNKNOWN,UNKNOWN,,UNKNOWN,,3.0,1.0,9.0,3.0,1.5,4.366666666666667,6.0,2.0,4.0,1.0,2.0,6.0,,,,0.0,0.7058823529411764,4.764705882352941,1.588235294117647,0.0,2.670588235294118,5.666666666666667,0.0,3.0,0.0,1.0,3.0,,,,True,True,UNKNOWN,False,False
2021013433,2023-09-10 17:00:00,千葉ロッテマリーンズ,オリックス・バファローズ,0.0,2.0,UNKNOWN,ZOZOマリンスタジアム,unknown,low,False,False,1900087,1900080,[],[],,,,,0,light,2023-09-10T08:00:00+00:00,,UNKNOWN,,,,UNKNOWN,UNKNOWN,,UNKNOWN,,0.0,0.5,6.75,3.375,0.0,2.825,8.0,0.0,1.0,0.0,3.0,6.0,,,,3.0,1.0,6.0,3.0,0.0,2.8666666666666667,3.0,1.0,2.0,0.0,1.0,2.0,,,,True,True,UNKNOWN,False,False
2021013431,2023-09-10 14:00:00,阪神タイガース,広島東洋カープ,5.0,1.0,UNKNOWN,阪神甲子園球場,unknown,low,False,False,1300058,2000052,[],[],,,,,0,light,2023-09-10T05:00:00+00:00,,UNKNOWN,,,,UNKNOWN,UNKNOWN,,UNKNOWN,,4.695652173913043,1.1739130434782608,4.695652173913043,7.0434782608695645,0.0,4.504347826086956,7.666666666666667,4.0,3.0,0.0,6.0,4.0,,,,1.125,0.375,10.125,0.0,1.125,2.575,8.0,1.0,3.0,1.0,0.0,9.0,,,,True,True,UNKNOWN,False,False
2021013435,2023-09-12 18:00:00,東京ヤクルトスワローズ,広島東洋カープ,2.0,1.0,UNKNOWN,明治神宮野球場,unknown,low,False,False,1900057,2000139,[],[],,,,,0,light,2023-09-12T09:00:00+00:00,,UNKNOWN,,,,UNKNOWN,UNKNOWN,,UNKNOWN,,4.5,2.25,11.25,2.25,2.25,4.7,4.0,2.0,8.0,1.0,1.0,5.0,,,,1.2857142857142858,0.8571428571428571,6.428571428571429,1.2857142857142858,1.2857142857142858,4.057142857142857,7.0,1.0,5.0,1.0,1.0,5.0,,,,True,True,UNKNOWN,False,False
2021013436,2023-09-12 18:00:00,横浜DeNAベイスターズ,中日ドラゴンズ,1.0,3.0,UNKNOWN,横浜スタジアム,unknown,low,False,False,500014,1800045,[],[],,,,,0,light,2023-09-12T09:00:00+00:00,,UNKNOWN,,,,UNKNOWN,UNKNOWN,,UNKNOWN,,0.0,0.3333333333333333,4.5,0.0,0.0,2.2,6.0,0.0,2.0,0.0,0.0,3.0,,,,3.0,0.8333333333333334,1.5,1.5,1.5,5.533333333333333,6.0,2.0,4.0,1.0,1.0,1.0,,,,True,True,UNKNOWN,False,False
2021013437,2023-09-12 18:00:00,阪神タイガース,読売ジャイアンツ,1.0,0.0,UNKNOWN,阪神甲子園球場,unknown,low,False,False,2000006,900062,[],[],,,,,0,light,2023-09-12T09:00:00+00:00,,UNKNOWN,,,,UNKNOWN,UNKNOWN,,UNKNOWN,,1.125,0.375,9.0,0.0,0.0,1.2000000000000002,8.0,1.0,3.0,0.0,0.0,8.0,,,,0.0,0.4444444444444444,6.0,2.0,0.0,2.5333333333333337,9.0,0.0,2.0,0.0,2.0,6.0,,,,True,True,UNKNOWN,False,False
2021013438,2023-09-12 18:00:00,北海道日本ハムファイターズ,オリックス・バファローズ,1.0,8.0,UNKNOWN,ES CON FIELD HOKKAIDO,unknown,low,False,False,1700118,1961850,[],[],,,,,0,light,2023-09-12T09:00:00+00:00,,UNKNOWN,,,,UNKNOWN,UNKNOWN,,UNKNOWN,,1.2857142857142858,0.2857142857142857,9.0,0.0,0.0,1.2000000000000002,7.0,1.0,2.0,0.0,0.0,7.0,,,,7.2,1.0,5.4,0.0,0.0,2.0,5.0,4.0,5.0,0.0,0.0,3.0,,,,True,True,UNKNOWN,False,False
2021013439,2023-09-12 18:00:00,埼玉西武ライオンズ,福岡ソフトバンクホークス,4.0,8.0,UNKNOWN,ベルーナドーム,unknown,low,False,False,1900010,1800080,[],[],,,,,0,light,2023-09-12T09:00:00+00:00,,UNKNOWN,,,,UNKNOWN,UNKNOWN,,UNKNOWN,,9.818181818181818,2.4545454545454546,4.909090909090909,4.909090909090909,0.0,3.7454545454545456,3.6666666666666665,4.0,7.0,0.0,2.0,2.0,,,,7.2,1.8,7.2,1.8,0.0,2.2,5.0,4.0,8.0,0.0,1.0,4.0,,,,True,True,UNKNOWN,False,False
2021013440,2023-09-12 18:00:00,千葉ロッテマリーンズ,東北楽天ゴールデンイーグルス,5.0,3.0,UNKNOWN,ZOZOマリンスタジアム,unknown,low,False,False,1200117,1800052,[],[],,,,,0,light,2023-09-12T09:00:00+00:00,,UNKNOWN,,,,UNKNOWN,UNKNOWN,,UNKNOWN,,1.2857142857142858,1.0,9.0,0.0,1.2857142857142858,3.0571428571428574,7.0,1.0,7.0,1.0,0.0,7.0,,,,4.5,1.6666666666666667,3.0,6.0,0.0,4.533333333333333,6.0,3.0,6.0,0.0,4.0,2.0,,,,True,True,UNKNOWN,False,False
2021013442,2023-09-13 18:00:00,横浜DeNAベイスターズ,中日ドラゴンズ,1.0,2.0,UNKNOWN,横浜スタジアム,unknown,low,False,False,1800060,1500061,[],[],,,,,0,light,2023-09-13T09:00:00+00:00,,UNKNOWN,,,,UNKNOWN,UNKNOWN,,UNKNOWN,,1.5,0.5,4.5,1.5,1.5,4.866666666666667,6.0,1.0,2.0,1.0,1.0,3.0,,,,1.125,0.875,12.375,0.0,1.125,2.075,8.0,1.0,7.0,1.0,0.0,11.0,,,,True,True,UNKNOWN,False,False
2021013441,2023-09-13 18:00:00,東京ヤクルトスワローズ,広島東洋カープ,5.0,1.0,UNKNOWN,明治神宮野球場,unknown,low,False,False,1300057,2103794,[],[],,,,,0,light,2023-09-13T09:00:00+00:00,,UNKNOWN,,,,UNKNOWN,UNKNOWN,,UNKNOWN,,5.0625,1.5,8.4375,3.375,3.375,7.325,5.333333333333333,3.0,6.0,2.0,2.0,5.0,,,,1.5,1.0,6.0,3.0,1.5,5.033333333333333,6.0,1.0,4.0,1.0,2.0,4.0,,,,True,True,UNKNOWN,False,False
2021013443,2023-09-13 18:00:00,阪神タイガース,読売ジャイアンツ,4.0,0.0,UNKNOWN,阪神甲子園球場,unknown,low,False,False,1800026,1500090,[],[],,,,,0,light,2023-09-13T09:00:00+00:00,,UNKNOWN,,,,UNKNOWN,UNKNOWN,,UNKNOWN,,13.5,2.5,9.0,4.5,0.0,2.7,2.0,3.0,4.0,0.0,1.0,2.0,,,,0.0,0.8333333333333334,1.5,1.5,0.0,3.3666666666666667,6.0,0.0,4.0,0.0,1.0,1.0,,,,True,True,UNKNOWN,False,False
2021013444,2023-09-13 18:00:00,北海道日本ハムファイターズ,オリックス・バファローズ,5.0,2.0,UNKNOWN,ES CON FIELD HOKKAIDO,unknown,low,False,False,1400195,1500109,[],[],,,,,0,light,2023-09-13T09:00:00+00:00,,UNKNOWN,,,,UNKNOWN,UNKNOWN,,UNKNOWN,,9.0,3.0,12.0,3.0,0.0,1.5333333333333334,3.0,3.0,8.0,0.0,1.0,4.0,,,,1.2857142857142858,0.8571428571428571,10.285714285714286,0.0,1.2857142857142858,2.771428571428572,7.0,1.0,6.0,1.0,0.0,8.0,,,,True,True,UNKNOWN,False,False
2021013445,2023-09-13 18:00:00,埼玉西武ライオンズ,福岡ソフトバンクホークス,3.0,9.0,UNKNOWN,ベルーナドーム,unknown,low,False,False,1400117,1700125,[],[],,,,,0,light,2023-09-13T09:00:00+00:00,,UNKNOWN,,,,UNKNOWN,UNKNOWN,,UNKNOWN,,0.0,1.0,7.714285714285714,3.857142857142857,0.0,2.771428571428572,7.0,0.0,4.0,0.0,3.0,6.0,,,,12.0,2.6666666666666665,6.0,12.0,3.0,10.2,3.0,4.0,4.0,1.0,4.0,2.0,,,,True,True,UNKNOWN,False,False
2021013446,2023-09-13 18:00:00,千葉ロッテマリーンズ,東北楽天ゴールデンイーグルス,3.0,5.0,UNKNOWN,ZOZOマリンスタジアム,unknown,low,False,False,2000123,1600146,[],[],,,,,0,light,2023-09-13T09:00:00+00:00,,UNKNOWN,,,,UNKNOWN,UNKNOWN,,UNKNOWN,,2.4545454545454546,1.9090909090909087,2.4545454545454546,4.909090909090909,0.0,4.290909090909091,3.6666666666666665,1.0,5.0,0.0,2.0,1.0,,,,2.571428571428572,0.5714285714285714,3.857142857142857,1.2857142857142858,1.2857142857142858,4.628571428571429,7.0,2.0,3.0,1.0,1.0,3.0,,,,True,True,UNKNOWN,False,False
2021013447,2023-09-14 18:00:00,東京ヤクルトスワローズ,広島東洋カープ,5.0,6.0,UNKNOWN,明治神宮野球場,unknown,low,False,False,1700072,1500042,[],[],,,,,0,light,2023-09-14T09:00:00+00:00,,UNKNOWN,,,,UNKNOWN,UNKNOWN,,UNKNOWN,,13.5,2.4,0.0,8.1,5.4,13.7,3.333333333333333,5.0,5.0,2.0,3.0,0.0,,,,3.0,1.3333333333333333,9.0,1.5,1.5,3.8666666666666663,6.0,2.0,7.0,1.0,1.0,6.0,,,,True,True,UNKNOWN,False,False
2021013448,2023-09-14 18:00:00,阪神タイガース,読売ジャイアンツ,4.0,3.0,UNKNOWN,阪神甲子園球場,unknown,low,False,False,2103689,1600115,[],[],,,,,0,light,2023-09-14T09:00:00+00:00,,UNKNOWN,,,,UNKNOWN,UNKNOWN,,UNKNOWN,,4.5,1.3333333333333333,12.0,0.0,1.5,2.7,6.0,3.0,8.0,1.0,0.0,8.0,,,,1.2857142857142858,0.5714285714285714,6.428571428571429,1.2857142857142858,1.2857142857142858,4.057142857142857,7.0,1.0,3.0,1.0,1.0,5.0,,,,True,True,UNKNOWN,False,False
2021016034,2023-09-14 18:00:00,横浜DeNAベイスターズ,中日ドラゴンズ,8.0,3.0,UNKNOWN,横浜スタジアム,unknown,low,False,False,1500074,1700058,[],[],,,,,0,light,2023-09-14T09:00:00+00:00,,UNKNOWN,,,,UNKNOWN,UNKNOWN,,UNKNOWN,,4.5,1.0,6.0,1.5,3.0,6.7,6.0,3.0,5.0,2.0,1.0,4.0,,,,3.24,0.84,10.8,0.0,2.16,3.92,8.333333333333334,3.0,7.0,2.0,0.0,10.0,,,,True,True,UNKNOWN,False,False
2021013449,2023-09-14 18:00:00,埼玉西武ライオンズ,福岡ソフトバンクホークス,4.0,2.0,UNKNOWN,ベルーナドーム,unknown,low,False,False,1300077,1600127,[],[],,,,,0,light,2023-09-14T09:00:00+00:00,,UNKNOWN,,,,UNKNOWN,UNKNOWN,,UNKNOWN,,5.4,0.8999999999999999,10.8,0.0,0.0,0.8000000000000003,6.666666666666667,4.0,6.0,0.0,0.0,8.0,,,,2.571428571428572,1.2857142857142858,10.285714285714286,6.428571428571429,0.0,3.0571428571428574,7.0,2.0,4.0,0.0,5.0,8.0,,,,True,True,UNKNOWN,False,False
2021019593,2023-09-14 18:00:00,東北楽天ゴールデンイーグルス,オリックス・バファローズ,0.0,2.0,UNKNOWN,楽天モバイルパーク宮城,excluded,high,False,False,1700109,1600092,[],[],,,,,0,light,2023-09-14T09:00:00+00:00,,UNKNOWN,,,,UNKNOWN,UNKNOWN,,UNKNOWN,,0.0,0.7142857142857143,5.142857142857143,1.2857142857142858,0.0,2.4857142857142858,7.0,0.0,4.0,0.0,1.0,4.0,,,,0.0,0.8571428571428571,6.428571428571429,0.0,0.0,1.7714285714285716,7.0,0.0,6.0,0.0,0.0,5.0,,,,True,True,UNKNOWN,False,False
2021013450,2023-09-15 18:00:00,東京ヤクルトスワローズ,横浜DeNAベイスターズ,1.0,3.0,UNKNOWN,明治神宮野球場,unknown,low,False,False,1300031,2108113,[],[],,,,,0,light,2023-09-15T09:00:00+00:00,,UNKNOWN,,,,UNKNOWN,UNKNOWN,,UNKNOWN,,1.2857142857142858,0.8571428571428571,6.428571428571429,1.2857142857142858,0.0,2.2,7.0,1.0,5.0,0.0,1.0,5.0,,,,3.0,0.8333333333333334,6.0,0.0,1.5,4.033333333333333,6.0,2.0,5.0,1.0,0.0,4.0,,,,True,True,UNKNOWN,False,False
2021013451,2023-09-15 18:00:00,中日ドラゴンズ,読売ジャイアンツ,0.0,7.0,UNKNOWN,バンテリンドーム ナゴヤ,unknown,low,False,False,1800028,2107860,[],[],,,,,0,light,2023-09-15T09:00:00+00:00,,UNKNOWN,,,,UNKNOWN,UNKNOWN,,UNKNOWN,,0.0,0.375,10.125,0.0,0.0,0.9500000000000002,8.0,0.0,3.0,0.0,0.0,9.0,,,,9.0,1.75,6.75,2.25,6.75,12.2,4.0,4.0,6.0,3.0,1.0,3.0,,,,True,True,UNKNOWN,False,False
2021013452,2023-09-15 18:00:00,広島東洋カープ,阪神タイガース,6.0,5.0,UNKNOWN,MAZDA Zoom-Zoom スタジアム広島,unknown,low,False,False,1900046,1600123,[],[],,,,,0,light,2023-09-15T09:00:00+00:00,,UNKNOWN,,,,UNKNOWN,UNKNOWN,,UNKNOWN,,0.0,1.0,4.5,0.0,0.0,2.2,2.0,0.0,2.0,0.0,0.0,1.0,,,,6.0,1.8333333333333333,4.5,3.0,0.0,3.2,6.0,4.0,9.0,0.0,2.0,3.0,,,,True,True,UNKNOWN,False,False
2021013456,2023-09-16 13:00:00,埼玉西武ライオンズ,千葉ロッテマリーンズ,1.0,5.0,UNKNOWN,ベルーナドーム,unknown,low,False,False,1000155,1700124,[],[],,,,,0,light,2023-09-16T04:00:00+00:00,,UNKNOWN,,,,UNKNOWN,UNKNOWN,,UNKNOWN,,0.0,1.0,10.8,3.6,0.0,2.0,5.0,0.0,3.0,0.0,2.0,6.0,,,,6.0,1.1666666666666667,9.0,1.5,1.5,3.8666666666666663,6.0,4.0,6.0,1.0,1.0,6.0,,,,True,True,UNKNOWN,False,False
2021013454,2023-09-16 14:00:00,中日ドラゴンズ,読売ジャイアンツ,1.0,0.0,UNKNOWN,バンテリンドーム ナゴヤ,unknown,low,False,False,1200041,2000042,[],[],,,,,0,light,2023-09-16T05:00:00+00:00,,UNKNOWN,,,,UNKNOWN,UNKNOWN,,UNKNOWN,,1.5,0.8333333333333334,9.0,1.5,1.5,3.8666666666666663,6.0,1.0,4.0,1.0,1.0,6.0,,,,0.0,0.6666666666666666,13.5,3.0,0.0,1.2000000000000002,6.0,0.0,2.0,0.0,2.0,9.0,,,,True,True,UNKNOWN,False,False
2021013457,2023-09-16 14:00:00,オリックス・バファローズ,東北楽天ゴールデンイーグルス,1.0,3.0,UNKNOWN,京セラドーム大阪,unknown,low,False,False,700065,1600153,[],[],,,,,0,light,2023-09-16T05:00:00+00:00,,UNKNOWN,,,,UNKNOWN,UNKNOWN,,UNKNOWN,,0.0,0.8333333333333334,6.0,1.5,0.0,2.3666666666666667,6.0,0.0,4.0,0.0,1.0,4.0,,,,2.571428571428572,1.5714285714285714,3.857142857142857,2.571428571428572,0.0,3.2,7.0,2.0,9.0,0.0,2.0,3.0,,,,True,True,UNKNOWN,False,False
2021013455,2023-09-16 18:00:00,北海道日本ハムファイターズ,福岡ソフトバンクホークス,3.0,1.0,UNKNOWN,ES CON FIELD HOKKAIDO,unknown,low,False,False,1300080,1500110,[],[],,,,,0,light,2023-09-16T09:00:00+00:00,,UNKNOWN,,,,UNKNOWN,UNKNOWN,,UNKNOWN,,1.5,1.1666666666666667,9.0,3.0,1.5,4.366666666666667,6.0,1.0,5.0,1.0,2.0,6.0,,,,1.2857142857142858,0.7142857142857143,10.285714285714286,0.0,0.0,0.9142857142857146,7.0,1.0,5.0,0.0,0.0,8.0,,,,True,True,UNKNOWN,False,False
2021014956,2023-09-16 14:00:00,広島東洋カープ,阪神タイガース,3.0,9.0,UNKNOWN,MAZDA Zoom-Zoom スタジアム広島,unknown,low,False,False,1700137,1900052,[],[],,,,,0,light,2023-09-16T05:00:00+00:00,,UNKNOWN,,,,UNKNOWN,UNKNOWN,,UNKNOWN,,0.0,1.0,3.6,3.6,0.0,3.6,5.0,0.0,3.0,0.0,2.0,2.0,,,,13.5,2.571428571428571,5.785714285714286,5.785714285714286,1.9285714285714284,6.628571428571428,4.666666666666667,7.0,9.0,1.0,3.0,3.0,,,,True,True,UNKNOWN,False,False
2021013463,2023-09-17 13:00:00,オリックス・バファローズ,東北楽天ゴールデンイーグルス,6.0,4.0,UNKNOWN,京セラドーム大阪,unknown,low,False,False,2106793,1900087,[],[],,,,,0,light,2023-09-17T04:00:00+00:00,,UNKNOWN,,,,UNKNOWN,UNKNOWN,,UNKNOWN,,6.75,1.5,6.75,5.0625,1.6875,5.825,5.333333333333333,4.0,5.0,1.0,3.0,4.0,,,,4.909090909090909,1.090909090909091,7.363636363636364,1.2272727272727273,1.2272727272727273,3.7454545454545456,7.333333333333333,4.0,7.0,1.0,1.0,6.0,,,,True,True,UNKNOWN,False,False
2021013462,2023-09-17 13:00:00,埼玉西武ライオンズ,千葉ロッテマリーンズ,3.0,2.0,UNKNOWN,ベルーナドーム,unknown,low,False,False,1900080,1751148,[],[],,,,,0,light,2023-09-17T04:00:00+00:00,,UNKNOWN,,,,UNKNOWN,UNKNOWN,,UNKNOWN,,9.0,1.6666666666666667,9.0,3.0,0.0,2.2,3.0,3.0,4.0,0.0,1.0,3.0,,,,0.0,0.8333333333333334,12.0,4.5,0.0,2.033333333333333,6.0,0.0,2.0,0.0,3.0,8.0,,,,True,True,UNKNOWN,False,False
2021013453,2023-09-16 18:00:00,東京ヤクルトスワローズ,横浜DeNAベイスターズ,6.0,3.0,UNKNOWN,明治神宮野球場,unknown,low,False,False,1400110,1200076,[],[],,,,,0,light,2023-09-16T09:00:00+00:00,,UNKNOWN,,,,UNKNOWN,UNKNOWN,,UNKNOWN,,7.7142857142857135,1.5,7.7142857142857135,1.9285714285714284,3.8571428571428568,7.7,4.666666666666667,4.0,6.0,2.0,1.0,4.0,,,,4.5,1.5,9.0,3.0,0.0,2.2,6.0,3.0,7.0,0.0,2.0,6.0,,,,True,True,UNKNOWN,False,False
2021013458,2023-09-17 14:00:00,読売ジャイアンツ,東京ヤクルトスワローズ,3.0,2.0,UNKNOWN,東京ドーム,unknown,low,False,False,1500139,1660388,[],[],,,,,0,light,2023-09-17T05:00:00+00:00,,UNKNOWN,,,,UNKNOWN,UNKNOWN,,UNKNOWN,,3.0,1.0,4.5,3.0,3.0,7.533333333333333,6.0,2.0,4.0,2.0,2.0,3.0,,,,1.5,1.0,6.0,4.5,1.5,5.533333333333333,6.0,1.0,3.0,1.0,3.0,4.0,,,,True,True,UNKNOWN,False,False
2021013459,2023-09-17 14:00:00,中日ドラゴンズ,広島東洋カープ,0.0,3.0,UNKNOWN,バンテリンドーム ナゴヤ,unknown,low,False,False,1300058,1600106,[],[],,,,,0,light,2023-09-17T05:00:00+00:00,,UNKNOWN,,,,UNKNOWN,UNKNOWN,,UNKNOWN,,0.0,1.0,6.428571428571429,3.857142857142857,0.0,3.0571428571428574,7.0,0.0,4.0,0.0,3.0,5.0,,,,2.25,0.625,5.625,1.125,0.0,2.325,8.0,2.0,4.0,0.0,1.0,5.0,,,,True,True,UNKNOWN,False,False
2021013461,2023-09-17 14:00:00,北海道日本ハムファイターズ,福岡ソフトバンクホークス,6.0,1.0,UNKNOWN,ES CON FIELD HOKKAIDO,excluded,high,False,False,20204,2000083,[],[],,,,,0,light,2023-09-17T05:00:00+00:00,,UNKNOWN,,,,UNKNOWN,UNKNOWN,,UNKNOWN,,9.0,2.6,0.0,10.8,0.0,6.800000000000001,5.0,5.0,7.0,0.0,6.0,0.0,,,,0.0,0.8823529411764706,12.705882352941176,4.764705882352941,0.0,1.9647058823529413,5.666666666666667,0.0,2.0,0.0,3.0,8.0,,,,True,True,UNKNOWN,False,False
2021013460,2023-09-17 18:00:00,阪神タイガース,横浜DeNAベイスターズ,0.0,1.0,UNKNOWN,阪神甲子園球場,unknown,low,False,False,1600081,2000055,[],[],,,,,0,light,2023-09-17T09:00:00+00:00,,UNKNOWN,,,,UNKNOWN,UNKNOWN,,UNKNOWN,,0.0,1.1666666666666667,10.5,6.0,0.0,2.8666666666666667,6.0,0.0,3.0,0.0,4.0,7.0,,,,0.0,0.8333333333333334,4.5,0.0,0.0,2.2,6.0,0.0,5.0,0.0,0.0,3.0,,,,True,True,UNKNOWN,False,False
2021013467,2023-09-18 13:00:00,北海道日本ハムファイターズ,福岡ソフトバンクホークス,1.0,3.0,UNKNOWN,ES CON FIELD HOKKAIDO,unknown,low,False,False,1800109,2000079,[],[],,,,,0,light,2023-09-18T04:00:00+00:00,,UNKNOWN,,,,UNKNOWN,UNKNOWN,,UNKNOWN,,1.8,1.8,1.8,9.0,1.8,8.4,5.0,1.0,4.0,1.0,5.0,1.0,,,,1.2857142857142858,1.2857142857142858,9.0,2.571428571428572,0.0,2.0571428571428574,7.0,1.0,7.0,0.0,2.0,7.0,,,,True,True,UNKNOWN,False,False
2021013468,2023-09-18 13:00:00,埼玉西武ライオンズ,千葉ロッテマリーンズ,1.0,2.0,UNKNOWN,ベルーナドーム,unknown,low,False,False,900081,1400182,[],[],,,,,0,light,2023-09-18T04:00:00+00:00,,UNKNOWN,,,,UNKNOWN,UNKNOWN,,UNKNOWN,,1.125,0.5,7.875,0.0,0.0,1.4500000000000002,8.0,1.0,4.0,0.0,0.0,7.0,,,,0.0,0.8571428571428571,9.0,1.2857142857142858,0.0,1.6285714285714288,7.0,0.0,5.0,0.0,1.0,7.0,,,,True,True,UNKNOWN,False,False
2021013469,2023-09-18 13:00:00,オリックス・バファローズ,東北楽天ゴールデンイーグルス,6.0,3.0,UNKNOWN,京セラドーム大阪,unknown,low,False,False,700069,1750595,[],[],,,,,0,light,2023-09-18T04:00:00+00:00,,UNKNOWN,,,,UNKNOWN,UNKNOWN,,UNKNOWN,,19.285714285714285,3.8571428571428568,3.8571428571428568,7.7142857142857135,0.0,4.914285714285715,2.333333333333333,5.0,7.0,0.0,2.0,1.0,,,,7.363636363636364,2.7272727272727275,2.4545454545454546,4.909090909090909,0.0,4.290909090909091,3.6666666666666665,3.0,8.0,0.0,2.0,1.0,,,,True,True,UNKNOWN,False,False
2021013464,2023-09-18 14:00:00,読売ジャイアンツ,東京ヤクルトスワローズ,4.0,3.0,UNKNOWN,東京ドーム,unknown,low,False,False,2000025,1961407,[],[],,,,,0,light,2023-09-18T05:00:00+00:00,,UNKNOWN,,,,UNKNOWN,UNKNOWN,,UNKNOWN,,3.0,1.0,7.5,3.0,1.5,4.7,6.0,2.0,4.0,1.0,2.0,5.0,,,,0.0,0.8,9.0,3.6,0.0,2.4000000000000004,5.0,0.0,2.0,0.0,2.0,5.0,,,,True,True,UNKNOWN,False,False
2021013470,2023-09-19 18:00:00,東北楽天ゴールデンイーグルス,福岡ソフトバンクホークス,3.0,2.0,UNKNOWN,楽天モバイルパーク宮城,unknown,low,False,False,1900010,1200117,[],[],,,,,0,light,2023-09-19T09:00:00+00:00,,UNKNOWN,,,,UNKNOWN,UNKNOWN,,UNKNOWN,,1.5,1.0,7.5,3.0,0.0,2.5333333333333337,6.0,1.0,4.0,0.0,2.0,5.0,,,,1.2857142857142858,0.7142857142857143,9.0,1.2857142857142858,0.0,1.6285714285714288,7.0,1.0,4.0,0.0,1.0,7.0,,,,True,True,UNKNOWN,False,False
2021013471,2023-09-19 18:00:00,埼玉西武ライオンズ,北海道日本ハムファイターズ,7.0,4.0,UNKNOWN,ベルーナドーム,unknown,low,False,False,1961850,1800080,[],[],,,,,0,light,2023-09-19T09:00:00+00:00,,UNKNOWN,,,,UNKNOWN,UNKNOWN,,UNKNOWN,,5.4,1.4,3.6,1.8,0.0,3.0,5.0,3.0,6.0,0.0,1.0,2.0,,,,3.857142857142857,1.1428571428571428,2.571428571428572,5.142857142857143,1.2857142857142858,6.2,7.0,3.0,4.0,1.0,4.0,2.0,,,,True,True,UNKNOWN,False,False
2021013465,2023-09-18 14:00:00,中日ドラゴンズ,広島東洋カープ,8.0,7.0,UNKNOWN,バンテリンドーム ナゴヤ,excluded,high,False,False,2103788,1800059,[],[],,,,,0,light,2023-09-18T05:00:00+00:00,,UNKNOWN,,,,UNKNOWN,UNKNOWN,,UNKNOWN,,6.75,2.0,2.25,2.25,0.0,3.45,4.0,3.0,7.0,0.0,1.0,1.0,,,,0.0,1.05,2.7,4.05,0.0,3.95,6.666666666666667,0.0,4.0,0.0,3.0,2.0,,,,True,True,UNKNOWN,False,False
2021013473,2023-09-20 18:00:00,東京ヤクルトスワローズ,中日ドラゴンズ,6.0,5.0,UNKNOWN,明治神宮野球場,unknown,low,False,False,1660558,12113,[],[],,,,,0,light,2023-09-20T09:00:00+00:00,,UNKNOWN,,,,UNKNOWN,UNKNOWN,,UNKNOWN,,3.6,1.6,7.2,7.2,0.0,4.0,5.0,2.0,4.0,0.0,4.0,4.0,,,,13.5,2.1,2.7,2.7,5.4,11.3,3.333333333333333,5.0,6.0,2.0,1.0,1.0,,,,True,True,UNKNOWN,False,False
2021013472,2023-09-19 18:00:00,オリックス・バファローズ,千葉ロッテマリーンズ,3.0,2.0,UNKNOWN,京セラドーム大阪,unknown,low,False,False,1800052,1700118,[],[],,,,,0,light,2023-09-19T09:00:00+00:00,,UNKNOWN,,,,UNKNOWN,UNKNOWN,,UNKNOWN,,5.0625,1.875,3.375,3.375,0.0,3.575,5.333333333333333,3.0,8.0,0.0,2.0,2.0,,,,1.2857142857142858,0.8571428571428571,6.428571428571429,1.2857142857142858,0.0,2.2,7.0,1.0,5.0,0.0,1.0,5.0,,,,True,True,UNKNOWN,False,False
2021013466,2023-09-18 14:00:00,阪神タイガース,横浜DeNAベイスターズ,2.0,3.0,UNKNOWN,阪神甲子園球場,unknown,low,False,False,1800045,2100915,[],[],,,,,0,light,2023-09-18T05:00:00+00:00,,UNKNOWN,,,,UNKNOWN,UNKNOWN,,UNKNOWN,,0.0,0.6666666666666666,10.5,4.5,0.0,2.3666666666666667,6.0,0.0,1.0,0.0,3.0,7.0,,,,0.0,0.8,7.2,1.8,0.0,2.2,5.0,0.0,3.0,0.0,1.0,4.0,,,,True,True,UNKNOWN,False,False
2021013474,2023-09-20 18:00:00,阪神タイガース,読売ジャイアンツ,4.0,3.0,UNKNOWN,阪神甲子園球場,unknown,low,False,False,2000006,2000052,[],[],,,,,0,light,2023-09-20T09:00:00+00:00,,UNKNOWN,,,,UNKNOWN,UNKNOWN,,UNKNOWN,,3.0,1.1666666666666667,4.5,1.5,0.0,2.7,6.0,2.0,6.0,0.0,1.0,3.0,,,,4.2631578947368425,1.2631578947368425,5.684210526315789,0.0,1.4210526315789471,3.989473684210527,6.333333333333333,3.0,8.0,1.0,0.0,4.0,,,,True,True,UNKNOWN,False,False
2021013475,2023-09-20 18:00:00,広島東洋カープ,横浜DeNAベイスターズ,1.0,3.0,UNKNOWN,MAZDA Zoom-Zoom スタジアム広島,unknown,low,False,False,1700058,1300057,[],[],,,,,0,light,2023-09-20T09:00:00+00:00,,UNKNOWN,,,,UNKNOWN,UNKNOWN,,UNKNOWN,,1.2857142857142858,0.5714285714285714,10.285714285714286,0.0,0.0,0.9142857142857146,7.0,1.0,4.0,0.0,0.0,8.0,,,,3.176470588235294,0.8823529411764706,4.764705882352941,3.176470588235294,1.588235294117647,5.494117647058824,5.666666666666667,2.0,3.0,1.0,2.0,3.0,,,,True,True,UNKNOWN,False,False
2021013476,2023-09-20 18:00:00,東北楽天ゴールデンイーグルス,福岡ソフトバンクホークス,6.0,1.0,UNKNOWN,楽天モバイルパーク宮城,unknown,low,False,False,1900106,2000123,[],[],,,,,0,light,2023-09-20T09:00:00+00:00,,UNKNOWN,,,,UNKNOWN,UNKNOWN,,UNKNOWN,,4.153846153846154,1.3846153846153848,4.153846153846154,10.384615384615383,0.0,5.738461538461539,4.333333333333333,2.0,1.0,0.0,5.0,2.0,,,,1.8,1.2,10.8,5.4,0.0,2.6,5.0,1.0,3.0,0.0,3.0,6.0,,,,True,True,UNKNOWN,False,False
2021013478,2023-09-20 18:00:00,オリックス・バファローズ,千葉ロッテマリーンズ,6.0,2.0,UNKNOWN,京セラドーム大阪,unknown,low,False,False,2101291,1400195,[],[],,,,,0,light,2023-09-20T09:00:00+00:00,,UNKNOWN,,,,UNKNOWN,UNKNOWN,,UNKNOWN,,0.0,0.5294117647058824,6.352941176470588,0.0,0.0,1.7882352941176474,5.666666666666667,0.0,3.0,0.0,0.0,4.0,,,,3.8571428571428568,1.9285714285714284,3.8571428571428568,1.9285714285714284,0.0,2.9857142857142858,4.666666666666667,2.0,8.0,0.0,1.0,2.0,,,,True,True,UNKNOWN,False,False
2021013477,2023-09-20 18:00:00,埼玉西武ライオンズ,北海道日本ハムファイターズ,4.0,1.0,UNKNOWN,ベルーナドーム,excluded,high,False,False,1500109,1800081,[],[],,,,,0,light,2023-09-20T09:00:00+00:00,,UNKNOWN,,,,UNKNOWN,UNKNOWN,,UNKNOWN,,6.75,1.125,6.75,1.6875,3.375,7.1375,5.333333333333333,4.0,5.0,2.0,1.0,4.0,,,,0.0,1.0,5.4,5.4,0.0,3.8,5.0,0.0,2.0,0.0,3.0,3.0,,,,True,True,UNKNOWN,False,False
2021013480,2023-09-21 18:00:00,東北楽天ゴールデンイーグルス,埼玉西武ライオンズ,2.0,7.0,UNKNOWN,楽天モバイルパーク宮城,excluded,high,False,False,1600127,1000154,[],[],,,,,0,light,2023-09-21T09:00:00+00:00,,UNKNOWN,,,,UNKNOWN,UNKNOWN,,UNKNOWN,,2.25,0.875,9.0,3.375,1.125,3.95,8.0,2.0,4.0,1.0,3.0,8.0,,,,9.0,1.25,9.0,2.25,4.5,8.45,4.0,4.0,4.0,2.0,1.0,4.0,,,,True,True,UNKNOWN,False,False
2021013479,2023-09-21 18:00:00,東京ヤクルトスワローズ,中日ドラゴンズ,8.0,9.0,UNKNOWN,明治神宮野球場,unknown,low,False,False,1500074,2000139,[],[],,,,,0,light,2023-09-21T09:00:00+00:00,,UNKNOWN,,,,UNKNOWN,UNKNOWN,,UNKNOWN,,15.75,2.25,9.0,0.0,4.5,7.7,4.0,7.0,9.0,2.0,0.0,4.0,,,,14.294117647058822,1.7647058823529411,4.764705882352941,4.764705882352941,1.588235294117647,6.023529411764706,5.666666666666667,9.0,7.0,1.0,3.0,3.0,,,,True,True,UNKNOWN,False,False
2021013481,2023-09-21 18:00:00,福岡ソフトバンクホークス,千葉ロッテマリーンズ,4.0,2.0,UNKNOWN,福岡PayPayドーム,unknown,low,False,False,1600146,1400117,[],[],,,,,0,light,2023-09-21T09:00:00+00:00,,UNKNOWN,,,,UNKNOWN,UNKNOWN,,UNKNOWN,,7.2,1.8,12.6,3.6,1.8,4.2,5.0,4.0,7.0,1.0,2.0,7.0,,,,2.571428571428572,0.7142857142857143,3.857142857142857,0.0,1.2857142857142858,4.2,7.0,2.0,5.0,1.0,0.0,3.0,,,,True,True,UNKNOWN,False,False
2021014983,2023-09-21 18:00:00,阪神タイガース,読売ジャイアンツ,3.0,5.0,UNKNOWN,阪神甲子園球場,climax,high,False,True,2103689,1500090,[],[],,,,,0,light,2023-09-21T09:00:00+00:00,,UNKNOWN,,,,UNKNOWN,UNKNOWN,,UNKNOWN,,0.0,0.75,7.875,0.0,0.0,1.4500000000000002,8.0,0.0,6.0,0.0,0.0,7.0,,,,7.941176470588235,1.4117647058823528,6.352941176470588,4.764705882352941,1.588235294117647,5.670588235294117,5.666666666666667,5.0,5.0,1.0,3.0,4.0,,,,True,True,UNKNOWN,False,False
2021013483,2023-09-22 18:00:00,横浜DeNAベイスターズ,中日ドラゴンズ,0.0,1.0,UNKNOWN,横浜スタジアム,unknown,low,False,False,2107860,1300031,[],[],,,,,0,light,2023-09-22T09:00:00+00:00,,UNKNOWN,,,,UNKNOWN,UNKNOWN,,UNKNOWN,,0.0,1.7142857142857142,7.7142857142857135,0.0,0.0,1.485714285714286,2.333333333333333,0.0,4.0,0.0,0.0,2.0,,,,3.0,1.6666666666666667,9.0,3.0,0.0,2.2,3.0,1.0,4.0,0.0,1.0,3.0,,,,True,True,UNKNOWN,False,False
2021019643,2023-09-22 18:00:00,東北楽天ゴールデンイーグルス,北海道日本ハムファイターズ,0.0,3.0,UNKNOWN,楽天モバイルパーク宮城,unknown,low,False,False,2107859,1600092,[],[],,,,,0,light,2023-09-22T09:00:00+00:00,,UNKNOWN,,,,UNKNOWN,UNKNOWN,,UNKNOWN,,0.0,0.75,4.05,2.7,0.0,3.2,6.666666666666667,0.0,3.0,0.0,2.0,3.0,,,,6.75,3.0,3.375,10.125,0.0,5.825,2.6666666666666665,2.0,5.0,0.0,3.0,1.0,,,,True,True,UNKNOWN,False,False
2021013489,2023-09-23 13:00:00,福岡ソフトバンクホークス,オリックス・バファローズ,1.0,6.0,UNKNOWN,福岡PayPayドーム,unknown,low,False,False,1700109,1300077,[],[],,,,,0,light,2023-09-23T04:00:00+00:00,,UNKNOWN,,,,UNKNOWN,UNKNOWN,,UNKNOWN,,1.125,0.875,9.0,1.125,1.125,3.2,8.0,1.0,6.0,1.0,1.0,8.0,,,,10.8,3.0,5.4,10.8,0.0,5.6,3.333333333333333,4.0,6.0,0.0,4.0,2.0,,,,True,True,UNKNOWN,False,False
2021013488,2023-09-23 13:00:00,埼玉西武ライオンズ,千葉ロッテマリーンズ,2.0,1.0,UNKNOWN,ベルーナドーム,unknown,low,False,False,1700002,1700124,[],[],,,,,0,light,2023-09-23T04:00:00+00:00,,UNKNOWN,,,,UNKNOWN,UNKNOWN,,UNKNOWN,,3.6,1.2,10.8,1.8,0.0,1.4,5.0,2.0,5.0,0.0,1.0,6.0,,,,1.2857142857142858,0.8571428571428571,3.857142857142857,2.571428571428572,1.2857142857142858,5.057142857142857,7.0,1.0,4.0,1.0,2.0,3.0,,,,True,True,UNKNOWN,False,False
2021013486,2023-09-23 14:00:00,横浜DeNAベイスターズ,中日ドラゴンズ,3.0,4.0,UNKNOWN,横浜スタジアム,unknown,low,False,False,2000042,1600081,[],[],,,,,0,light,2023-09-23T05:00:00+00:00,,UNKNOWN,,,,UNKNOWN,UNKNOWN,,UNKNOWN,,1.5,1.1666666666666667,4.5,4.5,0.0,3.7,6.0,1.0,4.0,0.0,3.0,3.0,,,,4.5,4.0,9.0,4.5,0.0,2.7,2.0,1.0,7.0,0.0,1.0,2.0,,,,True,True,UNKNOWN,False,False
2021013484,2023-09-23 14:00:00,読売ジャイアンツ,広島東洋カープ,3.0,7.0,UNKNOWN,東京ドーム,unknown,low,False,False,1900052,1200041,[],[],,,,,0,light,2023-09-23T05:00:00+00:00,,UNKNOWN,,,,UNKNOWN,UNKNOWN,,UNKNOWN,,4.5,1.8333333333333333,0.0,6.0,0.0,5.2,6.0,3.0,7.0,0.0,4.0,0.0,,,,6.0,1.1666666666666667,6.0,0.0,3.0,6.2,6.0,4.0,7.0,2.0,0.0,4.0,,,,True,True,UNKNOWN,False,False
2021013487,2023-09-23 14:00:00,東北楽天ゴールデンイーグルス,北海道日本ハムファイターズ,4.0,1.0,UNKNOWN,楽天モバイルパーク宮城,unknown,low,False,False,1100099,700065,[],[],,,,,0,light,2023-09-23T05:00:00+00:00,,UNKNOWN,,,,UNKNOWN,UNKNOWN,,UNKNOWN,,6.352941176470588,1.588235294117647,4.764705882352941,0.0,0.0,2.141176470588236,5.666666666666667,4.0,9.0,0.0,0.0,3.0,,,,1.125,0.375,5.625,0.0,1.125,3.575,8.0,1.0,3.0,1.0,0.0,5.0,,,,True,True,UNKNOWN,False,False
2021013493,2023-09-24 13:00:00,東北楽天ゴールデンイーグルス,北海道日本ハムファイターズ,3.0,1.0,UNKNOWN,楽天モバイルパーク宮城,unknown,low,False,False,1500110,2106793,[],[],,,,,0,light,2023-09-24T04:00:00+00:00,,UNKNOWN,,,,UNKNOWN,UNKNOWN,,UNKNOWN,,0.0,0.5,4.5,0.0,0.0,2.2,6.0,0.0,3.0,0.0,0.0,3.0,,,,1.2857142857142858,0.5714285714285714,5.142857142857143,1.2857142857142858,0.0,2.4857142857142858,7.0,1.0,3.0,0.0,1.0,4.0,,,,True,True,UNKNOWN,False,False
2021013485,2023-09-23 18:00:00,東京ヤクルトスワローズ,阪神タイガース,3.0,9.0,UNKNOWN,明治神宮野球場,unknown,low,False,False,1700137,2108113,[],[],,,,,0,light,2023-09-23T09:00:00+00:00,,UNKNOWN,,,,UNKNOWN,UNKNOWN,,UNKNOWN,,3.375,0.875,4.5,2.25,2.25,6.2,8.0,3.0,5.0,2.0,2.0,4.0,,,,18.0,3.333333333333333,9.0,6.0,3.0,7.533333333333333,3.0,6.0,8.0,1.0,2.0,3.0,,,,True,True,UNKNOWN,False,False
2021013490,2023-09-24 14:00:00,横浜DeNAベイスターズ,読売ジャイアンツ,0.0,6.0,UNKNOWN,横浜スタジアム,unknown,low,False,False,1800028,1500061,[],[],,,,,0,light,2023-09-24T05:00:00+00:00,,UNKNOWN,,,,UNKNOWN,UNKNOWN,,UNKNOWN,,0.0,0.6666666666666666,7.0,0.0,0.0,1.6444444444444446,9.0,0.0,6.0,0.0,0.0,7.0,,,,4.5,1.5,10.5,3.0,1.5,4.033333333333333,6.0,3.0,7.0,1.0,2.0,7.0,,,,True,True,UNKNOWN,False,False
2021013492,2023-09-24 18:00:00,広島東洋カープ,東京ヤクルトスワローズ,1.0,3.0,UNKNOWN,MAZDA Zoom-Zoom スタジアム広島,unknown,low,False,False,1200076,1300058,[],[],,,,,0,light,2023-09-24T09:00:00+00:00,,UNKNOWN,,,,UNKNOWN,UNKNOWN,,UNKNOWN,,1.125,0.625,5.625,1.125,0.0,2.325,8.0,1.0,4.0,0.0,1.0,5.0,,,,3.857142857142857,1.0,9.0,1.2857142857142858,0.0,1.6285714285714288,7.0,3.0,6.0,0.0,1.0,7.0,,,,True,True,UNKNOWN,False,False
2021013494,2023-09-24 18:00:00,千葉ロッテマリーンズ,福岡ソフトバンクホークス,6.0,7.0,UNKNOWN,ZOZOマリンスタジアム,unknown,low,False,False,1300080,1900083,[],[],,,,,0,light,2023-09-24T09:00:00+00:00,,UNKNOWN,,,,UNKNOWN,UNKNOWN,,UNKNOWN,,9.818181818181818,2.181818181818182,7.363636363636364,2.4545454545454546,2.4545454545454546,5.927272727272728,3.6666666666666665,4.0,7.0,1.0,1.0,3.0,,,,36.0,7.0,9.0,9.0,0.0,4.2,1.0,4.0,6.0,0.0,1.0,1.0,,,,True,True,UNKNOWN,False,False
2021013495,2023-09-24 18:00:00,オリックス・バファローズ,埼玉西武ライオンズ,4.0,1.0,UNKNOWN,京セラドーム大阪,unknown,low,False,False,1751148,1600153,[],[],,,,,0,light,2023-09-24T09:00:00+00:00,,UNKNOWN,,,,UNKNOWN,UNKNOWN,,UNKNOWN,,6.0,1.0,10.5,1.5,3.0,5.7,6.0,4.0,5.0,2.0,1.0,7.0,,,,0.0,0.4285714285714285,12.857142857142858,0.0,0.0,0.3428571428571429,7.0,0.0,3.0,0.0,0.0,10.0,,,,True,True,UNKNOWN,False,False
2021013496,2023-09-25 18:00:00,横浜DeNAベイスターズ,読売ジャイアンツ,1.0,0.0,UNKNOWN,横浜スタジアム,unknown,low,False,False,1660388,1800045,[],[],,,,,0,light,2023-09-25T09:00:00+00:00,,UNKNOWN,,,,UNKNOWN,UNKNOWN,,UNKNOWN,,1.8,1.2,7.2,3.6,0.0,2.8000000000000003,5.0,1.0,4.0,0.0,2.0,4.0,,,,0.0,0.9473684210526316,15.63157894736842,4.2631578947368425,0.0,1.1473684210526316,6.333333333333333,0.0,3.0,0.0,3.0,11.0,,,,True,True,UNKNOWN,False,False
2021013491,2023-09-24 18:00:00,中日ドラゴンズ,阪神タイガース,0.0,0.0,UNKNOWN,バンテリンドーム ナゴヤ,unknown,low,False,False,1600115,1600106,[],[],,,,,0,light,2023-09-24T09:00:00+00:00,,UNKNOWN,,,,UNKNOWN,UNKNOWN,,UNKNOWN,,0.0,0.8,6.3,2.7,0.0,2.7,10.0,0.0,5.0,0.0,3.0,7.0,,,,0.0,0.375,4.5,0.0,0.0,2.2,8.0,0.0,3.0,0.0,0.0,4.0,,,,True,True,UNKNOWN,False,False
2021013497,2023-09-25 18:00:00,中日ドラゴンズ,阪神タイガース,2.0,1.0,UNKNOWN,バンテリンドーム ナゴヤ,unknown,low,False,False,2000055,1800060,[],[],,,,,0,light,2023-09-25T09:00:00+00:00,,UNKNOWN,,,,UNKNOWN,UNKNOWN,,UNKNOWN,,3.6,1.0,5.4,0.0,0.0,2.0,5.0,2.0,5.0,0.0,0.0,3.0,,,,1.125,0.875,5.625,2.25,1.125,4.325,8.0,1.0,5.0,1.0,2.0,5.0,,,,True,True,UNKNOWN,False,False
2021013498,2023-09-25 18:00:00,北海道日本ハムファイターズ,東北楽天ゴールデンイーグルス,1.0,9.0,UNKNOWN,ES CON FIELD HOKKAIDO,unknown,low,False,False,700069,2000079,[],[],,,,,0,light,2023-09-25T09:00:00+00:00,,UNKNOWN,,,,UNKNOWN,UNKNOWN,,UNKNOWN,,1.2857142857142858,0.4285714285714285,9.0,0.0,1.2857142857142858,3.0571428571428574,7.0,1.0,3.0,1.0,0.0,7.0,,,,6.48,1.44,5.4,4.319999999999999,0.0,3.4400000000000004,8.333333333333334,6.0,8.0,0.0,4.0,5.0,,,,True,True,UNKNOWN,False,False
2021013499,2023-09-25 18:00:00,千葉ロッテマリーンズ,福岡ソフトバンクホークス,1.0,10.0,UNKNOWN,ZOZOマリンスタジアム,unknown,low,False,False,20204,1800052,[],[],,,,,0,light,2023-09-25T09:00:00+00:00,,UNKNOWN,,,,UNKNOWN,UNKNOWN,,UNKNOWN,,1.8,1.0,14.4,0.0,0.0,0.0,5.0,1.0,5.0,0.0,0.0,8.0,,,,9.45,1.65,8.1,6.75,2.7,7.55,6.666666666666667,7.0,6.0,2.0,5.0,6.0,,,,True,True,UNKNOWN,False,False
2021013500,2023-09-25 18:00:00,オリックス・バファローズ,埼玉西武ライオンズ,4.0,3.0,UNKNOWN,京セラドーム大阪,excluded,high,False,False,1900061,1750595,[],[],,,,,0,light,2023-09-25T09:00:00+00:00,,UNKNOWN,,,,UNKNOWN,UNKNOWN,,UNKNOWN,,6.75,2.25,3.375,6.75,0.0,4.7,2.6666666666666665,2.0,4.0,0.0,2.0,1.0,,,,5.4,1.8,7.2,5.4,0.0,3.4000000000000004,5.0,3.0,6.0,0.0,3.0,4.0,,,,True,True,UNKNOWN,False,False
2021013502,2023-09-26 18:00:00,広島東洋カープ,中日ドラゴンズ,2.0,0.0,UNKNOWN,MAZDA Zoom-Zoom スタジアム広島,unknown,low,False,False,500014,1600123,[],[],,,,,0,light,2023-09-26T09:00:00+00:00,,UNKNOWN,,,,UNKNOWN,UNKNOWN,,UNKNOWN,,3.0,1.1666666666666667,9.0,0.0,0.0,1.2000000000000002,6.0,2.0,7.0,0.0,0.0,6.0,,,,0.0,0.7826086956521738,4.695652173913043,1.1739130434782608,0.0,2.5478260869565217,7.666666666666667,0.0,5.0,0.0,1.0,4.0,,,,True,True,UNKNOWN,False,False
2021013501,2023-09-26 18:00:00,横浜DeNAベイスターズ,読売ジャイアンツ,1.0,0.0,UNKNOWN,横浜スタジアム,unknown,low,False,False,2000006,1700058,[],[],,,,,0,light,2023-09-26T09:00:00+00:00,,UNKNOWN,,,,UNKNOWN,UNKNOWN,,UNKNOWN,,1.125,0.625,6.75,1.125,0.0,2.075,8.0,1.0,4.0,0.0,1.0,6.0,,,,0.0,0.75,6.75,1.125,0.0,2.075,8.0,0.0,5.0,0.0,1.0,6.0,,,,True,True,UNKNOWN,False,False
2021013504,2023-09-26 18:00:00,オリックス・バファローズ,埼玉西武ライオンズ,1.0,7.0,UNKNOWN,京セラドーム大阪,excluded,high,False,False,1800080,2107849,[],[],,,,,0,light,2023-09-26T09:00:00+00:00,,UNKNOWN,,,,UNKNOWN,UNKNOWN,,UNKNOWN,,1.2857142857142858,1.4285714285714286,9.0,6.428571428571429,0.0,3.342857142857143,7.0,1.0,5.0,0.0,5.0,7.0,,,,0.0,1.0,6.75,4.5,0.0,3.2,4.0,0.0,2.0,0.0,2.0,3.0,,,,True,True,UNKNOWN,False,False
2021013503,2023-09-26 18:00:00,北海道日本ハムファイターズ,千葉ロッテマリーンズ,7.0,0.0,UNKNOWN,ES CON FIELD HOKKAIDO,unknown,low,False,False,1000155,1961850,[],[],,,,,0,light,2023-09-26T09:00:00+00:00,,UNKNOWN,,,,UNKNOWN,UNKNOWN,,UNKNOWN,,9.0,2.25,4.5,2.25,2.25,6.2,4.0,4.0,8.0,1.0,1.0,2.0,,,,0.0,0.7142857142857143,10.285714285714286,1.2857142857142858,0.0,1.342857142857143,7.0,0.0,4.0,0.0,1.0,8.0,,,,True,True,UNKNOWN,False,False
2021013505,2023-09-27 18:00:00,阪神タイガース,中日ドラゴンズ,2.0,7.0,UNKNOWN,阪神甲子園球場,excluded,high,False,False,1660558,2106172,[],[],,,,,0,light,2023-09-27T09:00:00+00:00,,UNKNOWN,,,,UNKNOWN,UNKNOWN,,UNKNOWN,,2.8421052631578947,1.4210526315789471,1.4210526315789471,1.4210526315789471,1.4210526315789471,5.410526315789474,6.333333333333333,2.0,8.0,1.0,1.0,1.0,,,,5.4,1.4,5.4,1.8,3.6,7.8,5.0,3.0,6.0,2.0,1.0,3.0,,,,True,True,UNKNOWN,False,False
2021019114,2023-09-26 18:00:00,阪神タイガース,東京ヤクルトスワローズ,2.0,0.0,UNKNOWN,阪神甲子園球場,unknown,low,False,False,1500042,900062,[],[],,,,,0,light,2023-09-26T09:00:00+00:00,,UNKNOWN,,,,UNKNOWN,UNKNOWN,,UNKNOWN,,3.6,0.6,7.2,1.8,1.8,4.800000000000001,5.0,2.0,2.0,1.0,1.0,4.0,,,,0.0,0.4285714285714285,5.142857142857143,1.2857142857142858,0.0,2.4857142857142858,7.0,0.0,2.0,0.0,1.0,4.0,,,,True,True,UNKNOWN,False,False
2021013507,2023-09-27 18:00:00,埼玉西武ライオンズ,東北楽天ゴールデンイーグルス,2.0,1.0,UNKNOWN,ベルーナドーム,unknown,low,False,False,1200117,1800081,[],[],,,,,0,light,2023-09-27T09:00:00+00:00,,UNKNOWN,,,,UNKNOWN,UNKNOWN,,UNKNOWN,,0.0,0.5714285714285714,7.714285714285714,0.0,0.0,1.485714285714286,7.0,0.0,4.0,0.0,0.0,6.0,,,,1.5,1.1666666666666667,1.5,3.0,0.0,3.8666666666666663,6.0,1.0,5.0,0.0,2.0,1.0,,,,True,True,UNKNOWN,False,False
2021013508,2023-09-27 18:00:00,オリックス・バファローズ,福岡ソフトバンクホークス,1.0,0.0,UNKNOWN,京セラドーム大阪,unknown,low,False,False,1900010,1400195,[],[],,,,,0,light,2023-09-27T09:00:00+00:00,,UNKNOWN,,,,UNKNOWN,UNKNOWN,,UNKNOWN,,1.5,1.0,9.0,4.5,1.5,4.866666666666667,6.0,1.0,3.0,1.0,3.0,6.0,,,,0.0,0.625,5.625,0.0,0.0,1.95,8.0,0.0,5.0,0.0,0.0,5.0,,,,True,True,UNKNOWN,False,False
2021013506,2023-09-27 18:00:00,北海道日本ハムファイターズ,千葉ロッテマリーンズ,2.0,4.0,UNKNOWN,ES CON FIELD HOKKAIDO,unknown,low,False,False,2101291,1500109,[],[],,,,,0,light,2023-09-27T09:00:00+00:00,,UNKNOWN,,,,UNKNOWN,UNKNOWN,,UNKNOWN,,1.5,0.8333333333333334,7.5,0.0,0.0,1.5333333333333334,6.0,1.0,5.0,0.0,0.0,5.0,,,,3.6,1.2,3.6,1.8,0.0,3.0,5.0,2.0,5.0,0.0,1.0,2.0,,,,True,True,UNKNOWN,False,False
2021019115,2023-09-27 18:00:00,横浜DeNAベイスターズ,東京ヤクルトスワローズ,3.0,11.0,UNKNOWN,横浜スタジアム,unknown,low,False,False,2103794,1900031,[],[],,,,,0,light,2023-09-27T09:00:00+00:00,,UNKNOWN,,,,UNKNOWN,UNKNOWN,,UNKNOWN,,3.0,1.1666666666666667,4.5,0.0,0.0,2.2,6.0,2.0,7.0,0.0,0.0,3.0,,,,6.75,1.25,6.75,2.25,2.25,5.7,4.0,3.0,4.0,1.0,1.0,3.0,,,,True,True,UNKNOWN,False,False
2021013509,2023-09-28 18:00:00,北海道日本ハムファイターズ,千葉ロッテマリーンズ,9.0,2.0,UNKNOWN,ES CON FIELD HOKKAIDO,unknown,low,False,False,1600146,2000083,[],[],,,,,0,light,2023-09-28T09:00:00+00:00,,UNKNOWN,,,,UNKNOWN,UNKNOWN,,UNKNOWN,,17.181818181818183,3.0,9.818181818181818,0.0,0.0,1.018181818181818,3.6666666666666665,7.0,11.0,0.0,0.0,4.0,,,,1.5,1.0,10.5,3.0,0.0,1.866666666666667,6.0,1.0,4.0,0.0,2.0,7.0,,,,True,True,UNKNOWN,False,False
2021013511,2023-09-29 18:00:00,福岡ソフトバンクホークス,埼玉西武ライオンズ,1.0,0.0,UNKNOWN,福岡PayPayドーム,unknown,low,False,False,1600127,1400117,[],[],,,,,0,light,2023-09-29T09:00:00+00:00,,UNKNOWN,,,,UNKNOWN,UNKNOWN,,UNKNOWN,,1.2857142857142858,0.8571428571428571,6.428571428571429,5.142857142857143,1.2857142857142858,5.342857142857143,7.0,1.0,2.0,1.0,4.0,5.0,,,,0.0,0.375,10.125,1.125,0.0,1.3250000000000002,8.0,0.0,2.0,0.0,1.0,9.0,,,,True,True,UNKNOWN,False,False
2021013510,2023-09-28 18:00:00,東北楽天ゴールデンイーグルス,オリックス・バファローズ,9.0,5.0,UNKNOWN,楽天モバイルパーク宮城,unknown,low,False,False,1700118,1600092,[],[],,,,,0,light,2023-09-28T09:00:00+00:00,,UNKNOWN,,,,UNKNOWN,UNKNOWN,,UNKNOWN,,5.4,1.8,5.4,3.6,1.8,5.800000000000001,5.0,3.0,7.0,1.0,2.0,3.0,,,,13.5,2.0,13.5,4.5,4.5,8.2,2.0,3.0,3.0,1.0,1.0,3.0,,,,True,True,UNKNOWN,False,False
2021019116,2023-09-29 18:00:00,横浜DeNAベイスターズ,阪神タイガース,5.0,3.0,UNKNOWN,横浜スタジアム,climax,high,False,True,1500090,1400110,[],[],,,,,0,light,2023-09-29T09:00:00+00:00,,UNKNOWN,,,,UNKNOWN,UNKNOWN,,UNKNOWN,,9.0,2.75,4.5,13.5,0.0,6.7,4.0,4.0,5.0,0.0,6.0,2.0,,,,6.230769230769231,1.6153846153846154,6.230769230769231,0.0,2.076923076923077,4.815384615384616,4.333333333333333,3.0,7.0,1.0,0.0,3.0,,,,True,True,UNKNOWN,False,False
2021013512,2023-09-30 18:00:00,千葉ロッテマリーンズ,埼玉西武ライオンズ,5.0,4.0,UNKNOWN,ZOZOマリンスタジアム,unknown,low,False,False,1700124,900081,[],[],,,,,0,light,2023-09-30T09:00:00+00:00,,UNKNOWN,,,,UNKNOWN,UNKNOWN,,UNKNOWN,,6.0,1.5,9.0,4.5,1.5,4.866666666666667,6.0,4.0,6.0,1.0,3.0,6.0,,,,4.5,1.6666666666666667,6.0,3.0,0.0,2.8666666666666667,6.0,3.0,8.0,0.0,2.0,4.0,,,,True,True,UNKNOWN,False,False
2021019117,2023-09-29 18:00:00,広島東洋カープ,中日ドラゴンズ,1.0,4.0,UNKNOWN,MAZDA Zoom-Zoom スタジアム広島,unknown,low,False,False,2107860,1900052,[],[],,,,,0,light,2023-09-29T09:00:00+00:00,,UNKNOWN,,,,UNKNOWN,UNKNOWN,,UNKNOWN,,0.0,1.125,6.75,8.4375,0.0,4.5125,5.333333333333333,0.0,1.0,0.0,5.0,4.0,,,,3.6,1.4,9.0,0.0,0.0,1.2000000000000002,5.0,2.0,7.0,0.0,0.0,5.0,,,,True,True,UNKNOWN,False,False
2021013513,2023-09-30 18:00:00,オリックス・バファローズ,東北楽天ゴールデンイーグルス,4.0,5.0,UNKNOWN,京セラドーム大阪,unknown,low,False,False,700065,1700109,[],[],,,,,0,light,2023-09-30T09:00:00+00:00,,UNKNOWN,,,,UNKNOWN,UNKNOWN,,UNKNOWN,,0.0,1.5,7.5,1.5,0.0,2.033333333333333,6.0,0.0,8.0,0.0,1.0,5.0,,,,1.5,1.3333333333333333,7.5,3.0,0.0,2.5333333333333337,6.0,1.0,6.0,0.0,2.0,5.0,,,,True,True,UNKNOWN,False,False
2021013514,2023-09-30 18:00:00,福岡ソフトバンクホークス,北海道日本ハムファイターズ,3.0,2.0,UNKNOWN,福岡PayPayドーム,unknown,low,False,False,1700027,1800109,[],[],,,,,0,light,2023-09-30T09:00:00+00:00,,UNKNOWN,,,,UNKNOWN,UNKNOWN,,UNKNOWN,,1.8,1.0,5.4,5.4,0.0,3.8,5.0,1.0,2.0,0.0,3.0,3.0,,,,3.0,1.1666666666666667,4.5,1.5,0.0,2.7,6.0,2.0,6.0,0.0,1.0,3.0,,,,True,True,UNKNOWN,False,False
2021019120,2023-09-30 18:00:00,広島東洋カープ,阪神タイガース,2.0,1.0,UNKNOWN,MAZDA Zoom-Zoom スタジアム広島,excluded,high,False,False,2104016,1300058,[],[],,,,,0,light,2023-09-30T09:00:00+00:00,,UNKNOWN,,,,UNKNOWN,UNKNOWN,,UNKNOWN,,0.0,1.4,7.2,0.0,0.0,1.6,5.0,0.0,7.0,0.0,0.0,4.0,,,,1.2857142857142858,0.5714285714285714,11.571428571428571,1.2857142857142858,0.0,1.0571428571428574,7.0,1.0,3.0,0.0,1.0,9.0,,,,True,True,UNKNOWN,False,False
2021019118,2023-09-30 18:00:00,読売ジャイアンツ,中日ドラゴンズ,1.0,2.0,UNKNOWN,東京ドーム,unknown,low,False,False,1800059,1800028,[],[],,,,,0,light,2023-09-30T09:00:00+00:00,,UNKNOWN,,,,UNKNOWN,UNKNOWN,,UNKNOWN,,1.5,1.6666666666666667,3.0,7.5,0.0,5.033333333333333,6.0,1.0,5.0,0.0,5.0,2.0,,,,0.0,0.4285714285714285,9.0,1.2857142857142858,0.0,1.6285714285714288,7.0,0.0,2.0,0.0,1.0,7.0,,,,True,True,UNKNOWN,False,False
2021013517,2023-10-01 13:00:00,福岡ソフトバンクホークス,北海道日本ハムファイターズ,3.0,4.0,UNKNOWN,福岡PayPayドーム,unknown,low,False,False,1100099,1300080,[],[],,,,,0,light,2023-10-01T04:00:00+00:00,,UNKNOWN,,,,UNKNOWN,UNKNOWN,,UNKNOWN,,3.0,1.3333333333333333,7.5,0.0,0.0,1.5333333333333334,6.0,2.0,8.0,0.0,0.0,5.0,,,,12.0,2.0,12.0,12.0,6.0,13.2,3.0,4.0,2.0,2.0,4.0,4.0,,,,True,True,UNKNOWN,False,False
2021019119,2023-09-30 18:00:00,東京ヤクルトスワローズ,横浜DeNAベイスターズ,2.0,4.0,UNKNOWN,明治神宮野球場,unknown,low,False,False,1500061,2000139,[],[],,,,,0,light,2023-09-30T09:00:00+00:00,,UNKNOWN,,,,UNKNOWN,UNKNOWN,,UNKNOWN,,3.0,1.3333333333333333,6.0,1.5,0.0,2.3666666666666667,6.0,2.0,7.0,0.0,1.0,4.0,,,,0.0,0.6666666666666666,4.5,1.5,0.0,2.7,6.0,0.0,3.0,0.0,1.0,3.0,,,,True,True,UNKNOWN,False,False
2021013515,2023-10-01 14:00:00,千葉ロッテマリーンズ,埼玉西武ライオンズ,3.0,2.0,UNKNOWN,ZOZOマリンスタジアム,unknown,low,False,False,1751148,1700002,[],[],,,,,0,light,2023-10-01T05:00:00+00:00,,UNKNOWN,,,,UNKNOWN,UNKNOWN,,UNKNOWN,,3.375,1.25,5.625,2.25,1.125,4.325,8.0,3.0,8.0,1.0,2.0,5.0,,,,1.8,1.8,7.2,9.0,0.0,4.6,5.0,1.0,4.0,0.0,5.0,4.0,,,,True,True,UNKNOWN,False,False
2021013516,2023-10-01 14:00:00,オリックス・バファローズ,東北楽天ゴールデンイーグルス,2.0,8.0,UNKNOWN,京セラドーム大阪,unknown,low,False,False,2106793,1600151,[],[],,,,,0,light,2023-10-01T05:00:00+00:00,,UNKNOWN,,,,UNKNOWN,UNKNOWN,,UNKNOWN,,3.6,1.8,10.8,0.0,0.0,0.8000000000000003,5.0,2.0,9.0,0.0,0.0,6.0,,,,22.5,4.5,4.5,13.5,0.0,6.7,2.0,5.0,6.0,0.0,3.0,1.0,,,,True,True,UNKNOWN,False,False
2021019122,2023-10-01 14:00:00,広島東洋カープ,阪神タイガース,5.0,6.0,UNKNOWN,MAZDA Zoom-Zoom スタジアム広島,unknown,low,False,False,1700077,1300057,[],[],,,,,0,light,2023-10-01T05:00:00+00:00,,UNKNOWN,,,,UNKNOWN,UNKNOWN,,UNKNOWN,,6.0,1.3333333333333333,9.0,0.0,3.0,5.533333333333333,3.0,2.0,4.0,1.0,0.0,3.0,,,,4.5,2.0,13.5,9.0,0.0,3.2,2.0,1.0,2.0,0.0,2.0,3.0,,,,True,True,UNKNOWN,False,False
2021019720,2023-10-01 14:00:00,横浜DeNAベイスターズ,中日ドラゴンズ,4.0,0.0,UNKNOWN,横浜スタジアム,unknown,low,False,False,2000042,1800045,[],[],,,,,0,light,2023-10-01T05:00:00+00:00,,UNKNOWN,,,,UNKNOWN,UNKNOWN,,UNKNOWN,,7.2,2.6,3.6,1.8,0.0,3.0,5.0,4.0,12.0,0.0,1.0,2.0,,,,0.0,0.2222222222222222,3.0,0.0,0.0,2.5333333333333337,9.0,0.0,2.0,0.0,0.0,3.0,,,,True,True,UNKNOWN,False,False
2021013518,2023-10-02 18:00:00,千葉ロッテマリーンズ,埼玉西武ライオンズ,7.0,3.0,UNKNOWN,ZOZOマリンスタジアム,unknown,low,False,False,1961288,1800052,[],[],,,,,0,light,2023-10-02T09:00:00+00:00,,UNKNOWN,,,,UNKNOWN,UNKNOWN,,UNKNOWN,,9.0,1.25,2.25,0.0,4.5,9.2,4.0,4.0,5.0,2.0,0.0,1.0,,,,2.571428571428572,1.1428571428571428,9.0,3.857142857142857,1.2857142857142858,4.342857142857143,7.0,2.0,5.0,1.0,3.0,7.0,,,,True,True,UNKNOWN,False,False
2021019121,2023-10-01 17:00:00,読売ジャイアンツ,東京ヤクルトスワローズ,1.0,0.0,UNKNOWN,東京ドーム,unknown,low,False,False,2000025,1961407,[],[],,,,,0,light,2023-10-01T08:00:00+00:00,,UNKNOWN,,,,UNKNOWN,UNKNOWN,,UNKNOWN,,1.9285714285714284,1.2857142857142856,3.8571428571428568,3.8571428571428568,1.9285714285714284,6.414285714285715,4.666666666666667,1.0,4.0,1.0,2.0,2.0,,,,0.0,0.7142857142857143,10.285714285714286,1.2857142857142858,0.0,1.342857142857143,7.0,0.0,4.0,0.0,1.0,8.0,,,,True,True,UNKNOWN,False,False
2021015057,2023-10-02 18:00:00,福岡ソフトバンクホークス,東北楽天ゴールデンイーグルス,6.0,0.0,UNKNOWN,福岡PayPayドーム,climax,high,False,True,700069,1900106,[],[],,,,,0,light,2023-10-02T09:00:00+00:00,,UNKNOWN,,,,UNKNOWN,UNKNOWN,,UNKNOWN,,5.4,1.2,1.8,1.8,0.0,3.4000000000000004,5.0,3.0,5.0,0.0,1.0,1.0,,,,0.0,1.0,9.0,1.8,0.0,1.8000000000000005,5.0,0.0,4.0,0.0,1.0,5.0,,,,True,True,UNKNOWN,False,False
2021019594,2023-10-03 18:00:00,千葉ロッテマリーンズ,埼玉西武ライオンズ,1.0,4.0,UNKNOWN,ZOZOマリンスタジアム,excluded,high,False,False,1800080,800060,[],[],,,,,0,light,2023-10-03T09:00:00+00:00,,UNKNOWN,,,,UNKNOWN,UNKNOWN,,UNKNOWN,,1.2857142857142858,1.5714285714285714,12.857142857142858,5.142857142857143,1.2857142857142858,3.9142857142857146,7.0,1.0,7.0,1.0,4.0,10.0,,,,6.0,1.6666666666666667,3.0,0.0,0.0,2.5333333333333337,3.0,2.0,5.0,0.0,0.0,1.0,,,,True,True,UNKNOWN,False,False
2021019595,2023-10-03 18:00:00,福岡ソフトバンクホークス,東北楽天ゴールデンイーグルス,7.0,3.0,UNKNOWN,福岡PayPayドーム,regular,high,True,True,1200117,20204,[],[],,,,,0,light,2023-10-03T09:00:00+00:00,,UNKNOWN,,,,UNKNOWN,UNKNOWN,,UNKNOWN,,4.5,1.3333333333333333,10.5,3.0,0.0,1.866666666666667,6.0,3.0,6.0,0.0,2.0,7.0,,,,0.0,0.9375,10.125,3.375,0.0,2.075,5.333333333333333,0.0,3.0,0.0,2.0,6.0,,,,True,True,UNKNOWN,False,False
2021013519,2023-10-02 18:00:00,オリックス・バファローズ,北海道日本ハムファイターズ,3.0,0.0,UNKNOWN,京セラドーム大阪,unknown,low,False,False,1700140,1600153,[],[],,,,,0,light,2023-10-02T09:00:00+00:00,,UNKNOWN,,,,UNKNOWN,UNKNOWN,,UNKNOWN,,10.125,2.625,6.75,16.875,0.0,7.325,2.6666666666666665,3.0,2.0,0.0,5.0,2.0,,,,0.0,0.7142857142857143,14.142857142857142,2.571428571428572,0.0,0.9142857142857146,7.0,0.0,3.0,0.0,2.0,11.0,,,,True,True,UNKNOWN,False,False
2021019603,2023-10-03 18:00:00,中日ドラゴンズ,読売ジャイアンツ,1.0,3.0,UNKNOWN,バンテリンドーム ナゴヤ,unknown,low,False,False,2103689,1500074,[],[],,,,,0,light,2023-10-03T09:00:00+00:00,,UNKNOWN,,,,UNKNOWN,UNKNOWN,,UNKNOWN,,1.1739130434782608,1.0434782608695652,9.391304347826086,1.1739130434782608,0.0,1.5043478260869567,7.666666666666667,1.0,7.0,0.0,1.0,8.0,,,,3.176470588235294,1.4117647058823528,7.941176470588235,3.176470588235294,0.0,2.494117647058824,5.666666666666667,2.0,6.0,0.0,2.0,5.0,,,,True,True,UNKNOWN,False,False
2021019596,2023-10-04 18:00:00,オリックス・バファローズ,千葉ロッテマリーンズ,3.0,6.0,UNKNOWN,京セラドーム大阪,unknown,low,False,False,1000155,1900087,[],[],,,,,0,light,2023-10-04T09:00:00+00:00,,UNKNOWN,,,,UNKNOWN,UNKNOWN,,UNKNOWN,,5.0625,1.6875,3.375,6.75,1.6875,7.1375,5.333333333333333,3.0,5.0,1.0,4.0,2.0,,,,0.0,0.6,7.2,3.6,0.0,2.8000000000000003,5.0,0.0,1.0,0.0,2.0,4.0,,,,True,True,UNKNOWN,False,False
2021019604,2023-10-04 18:00:00,読売ジャイアンツ,横浜DeNAベイスターズ,1.0,0.0,UNKNOWN,東京ドーム,climax,high,False,True,1700058,2000006,[],[],,,,,0,light,2023-10-04T09:00:00+00:00,,UNKNOWN,,,,UNKNOWN,UNKNOWN,,UNKNOWN,,1.125,1.0,6.75,0.0,0.0,1.7000000000000002,8.0,1.0,8.0,0.0,0.0,6.0,,,,0.0,0.2222222222222222,6.0,0.0,0.0,1.866666666666667,9.0,0.0,2.0,0.0,0.0,6.0,,,,True,True,UNKNOWN,False,False
2021019696,2023-10-05 18:00:00,東北楽天ゴールデンイーグルス,北海道日本ハムファイターズ,5.0,3.0,UNKNOWN,楽天モバイルパーク宮城,unknown,low,False,False,2000083,2000121,[],[],,,,,0,light,2023-10-05T09:00:00+00:00,,UNKNOWN,,,,UNKNOWN,UNKNOWN,,UNKNOWN,,7.7142857142857135,1.0714285714285714,3.8571428571428568,5.785714285714286,1.9285714285714284,7.057142857142857,4.666666666666667,4.0,2.0,1.0,3.0,2.0,,,,9.0,2.333333333333333,21.0,6.0,0.0,0.5333333333333337,3.0,3.0,5.0,0.0,2.0,7.0,,,,True,True,UNKNOWN,False,False
2021019721,2023-10-04 18:00:00,東京ヤクルトスワローズ,阪神タイガース,5.0,4.0,UNKNOWN,明治神宮野球場,regular,high,True,True,1700137,1500042,[],[],,,,,0,light,2023-10-04T09:00:00+00:00,,UNKNOWN,,,,UNKNOWN,UNKNOWN,,UNKNOWN,,5.4,1.8,3.6,0.0,1.8,5.0,5.0,3.0,9.0,1.0,0.0,2.0,,,,9.0,1.0,12.0,0.0,6.0,9.2,3.0,3.0,3.0,2.0,0.0,4.0,,,,True,True,UNKNOWN,False,False
2021019706,2023-10-06 18:00:00,千葉ロッテマリーンズ,オリックス・バファローズ,12.0,1.0,UNKNOWN,ZOZOマリンスタジアム,excluded,high,False,False,1500088,1000083,[],[],,,,,0,light,2023-10-06T09:00:00+00:00,,UNKNOWN,,,,UNKNOWN,UNKNOWN,,UNKNOWN,,10.8,3.3,2.7,0.0,0.0,2.6,3.333333333333333,4.0,11.0,0.0,0.0,1.0,,,,0.0,1.0,9.0,0.0,0.0,1.2000000000000002,1.0,0.0,1.0,0.0,0.0,1.0,,,,True,True,UNKNOWN,False,False
2021019598,2023-10-07 14:00:00,千葉ロッテマリーンズ,オリックス・バファローズ,1.0,4.0,UNKNOWN,ZOZOマリンスタジアム,climax,high,False,True,1400195,900081,[],[],,,,,0,light,2023-10-07T05:00:00+00:00,,UNKNOWN,,,,UNKNOWN,UNKNOWN,,UNKNOWN,,1.5,1.1666666666666667,0.0,4.5,0.0,4.7,6.0,1.0,4.0,0.0,3.0,0.0,,,,1.2857142857142858,1.0,10.285714285714286,2.571428571428572,1.2857142857142858,3.628571428571429,7.0,1.0,5.0,1.0,2.0,8.0,,,,True,True,UNKNOWN,False,False
2021019600,2023-10-09 18:00:00,オリックス・バファローズ,福岡ソフトバンクホークス,4.0,1.0,UNKNOWN,京セラドーム大阪,unknown,low,False,False,1400117,1750595,[],[],,,,,0,light,2023-10-09T09:00:00+00:00,,UNKNOWN,,,,UNKNOWN,UNKNOWN,,UNKNOWN,,3.176470588235294,1.7647058823529411,9.529411764705882,4.764705882352941,1.588235294117647,4.964705882352941,5.666666666666667,2.0,7.0,1.0,3.0,6.0,,,,0.0,0.5,7.5,3.0,0.0,2.5333333333333337,6.0,0.0,1.0,0.0,2.0,5.0,,,,True,True,UNKNOWN,False,False
2021019888,2023-10-10 18:00:00,東北楽天ゴールデンイーグルス,千葉ロッテマリーンズ,0.0,5.0,UNKNOWN,楽天モバイルパーク宮城,climax,high,False,True,1800052,1200117,[],[],,,,,0,light,2023-10-10T09:00:00+00:00,,UNKNOWN,,,,UNKNOWN,UNKNOWN,,UNKNOWN,,0.0,1.0,3.857142857142857,1.2857142857142858,0.0,2.771428571428572,7.0,0.0,6.0,0.0,1.0,3.0,,,,3.0,0.6666666666666666,7.5,1.5,1.5,4.2,6.0,2.0,3.0,1.0,1.0,5.0,,,,True,True,UNKNOWN,False,False
2021014358,2023-10-15 13:00:00,広島東洋カープ,横浜DeNAベイスターズ,4.0,2.0,UNKNOWN,MAZDA Zoom-Zoom スタジアム広島,unknown,low,False,False,1500061,1900052,[],[],,,,,0,light,2023-10-15T04:00:00+00:00,,UNKNOWN,,,,UNKNOWN,UNKNOWN,,UNKNOWN,,3.6,1.0,5.4,1.8,3.6,7.8,5.0,2.0,4.0,2.0,1.0,3.0,,,,0.0,0.75,1.6875,1.6875,0.0,3.3875,5.333333333333333,0.0,3.0,0.0,1.0,1.0,,,,True,True,UNKNOWN,False,False
2021014356,2023-10-14 13:00:00,広島東洋カープ,横浜DeNAベイスターズ,3.0,2.0,UNKNOWN,MAZDA Zoom-Zoom スタジアム広島,climax,high,False,True,1700058,1600123,[],[],,,,,0,light,2023-10-14T04:00:00+00:00,,UNKNOWN,,,,UNKNOWN,UNKNOWN,,UNKNOWN,,2.25,0.875,5.625,2.25,0.0,2.7,8.0,2.0,5.0,0.0,2.0,5.0,,,,3.375,1.6875,0.0,1.6875,1.6875,6.2,5.333333333333333,2.0,8.0,1.0,1.0,0.0,,,,True,True,UNKNOWN,False,False
2021014357,2023-10-14 18:00:00,千葉ロッテマリーンズ,福岡ソフトバンクホークス,8.0,2.0,UNKNOWN,ZOZOマリンスタジアム,climax,high,False,True,1900010,1900080,[],[],,,,,0,light,2023-10-14T09:00:00+00:00,,UNKNOWN,,,,UNKNOWN,UNKNOWN,,UNKNOWN,,11.571428571428571,2.142857142857143,7.7142857142857135,11.571428571428571,7.7142857142857135,16.485714285714284,2.333333333333333,3.0,2.0,2.0,3.0,2.0,,,,0.0,0.0,12.0,0.0,0.0,0.5333333333333337,3.0,0.0,0.0,0.0,0.0,4.0,,,,True,True,UNKNOWN,False,False
2021019597,2023-10-07 18:00:00,東北楽天ゴールデンイーグルス,福岡ソフトバンクホークス,5.0,5.0,UNKNOWN,楽天モバイルパーク宮城,unknown,low,False,False,1900010,700065,[],[],,,,,0,light,2023-10-07T09:00:00+00:00,,UNKNOWN,,,,UNKNOWN,UNKNOWN,,UNKNOWN,,7.5,1.1666666666666667,9.0,1.5,1.5,3.8666666666666663,6.0,5.0,6.0,1.0,1.0,6.0,,,,9.0,1.75,0.0,0.0,2.25,6.45,4.0,4.0,7.0,1.0,0.0,0.0,,,,True,True,UNKNOWN,False,False
2021014361,2023-10-16 18:00:00,千葉ロッテマリーンズ,福岡ソフトバンクホークス,4.0,3.0,UNKNOWN,ZOZOマリンスタジアム,unknown,low,False,False,20204,1800052,[],[],,,,,0,light,2023-10-16T09:00:00+00:00,,UNKNOWN,,,,UNKNOWN,UNKNOWN,,UNKNOWN,,0.0,0.8,5.4,3.6,0.0,3.2,5.0,0.0,2.0,0.0,2.0,3.0,,,,0.0,0.9473684210526316,7.105263157894737,2.8421052631578947,0.0,2.568421052631579,6.333333333333333,0.0,4.0,0.0,2.0,5.0,,,,True,True,UNKNOWN,False,False
2021014359,2023-10-15 18:00:00,千葉ロッテマリーンズ,福岡ソフトバンクホークス,1.0,3.0,UNKNOWN,ZOZOマリンスタジアム,regular,high,True,True,1400117,900081,[],[],,,,,0,light,2023-10-15T09:00:00+00:00,,UNKNOWN,,,,UNKNOWN,UNKNOWN,,UNKNOWN,,1.5,1.0,6.0,1.5,0.0,2.3666666666666667,6.0,1.0,5.0,0.0,1.0,4.0,,,,9.0,2.0,3.0,0.0,0.0,2.5333333333333337,3.0,3.0,6.0,0.0,0.0,1.0,,,,True,True,UNKNOWN,False,False
2021014363,2023-10-18 18:00:00,オリックス・バファローズ,千葉ロッテマリーンズ,8.0,5.0,UNKNOWN,京セラドーム大阪,unknown,low,False,False,1000155,1600153,[],[],,,,,0,light,2023-10-18T09:00:00+00:00,,UNKNOWN,,,,UNKNOWN,UNKNOWN,,UNKNOWN,,6.75,1.25,0.0,2.25,0.0,3.95,4.0,3.0,4.0,0.0,1.0,0.0,,,,6.428571428571429,1.7142857142857142,11.571428571428571,2.571428571428572,0.0,1.485714285714286,7.0,5.0,10.0,0.0,2.0,9.0,,,,True,True,UNKNOWN,False,False
2021014364,2023-10-19 18:00:00,阪神タイガース,広島東洋カープ,2.0,1.0,UNKNOWN,阪神甲子園球場,climax,high,False,True,1300057,2000052,[],[],,,,,0,light,2023-10-19T09:00:00+00:00,,UNKNOWN,,,,UNKNOWN,UNKNOWN,,UNKNOWN,,0.0,0.7142857142857143,6.428571428571429,2.571428571428572,0.0,2.628571428571429,7.0,0.0,3.0,0.0,2.0,5.0,,,,1.2857142857142858,1.0,3.857142857142857,2.571428571428572,0.0,3.2,7.0,1.0,5.0,0.0,2.0,3.0,,,,True,True,UNKNOWN,False,False
2021014362,2023-10-18 18:00:00,阪神タイガース,広島東洋カープ,4.0,1.0,UNKNOWN,阪神甲子園球場,climax,high,False,True,1300058,2000055,[],[],,,,,0,light,2023-10-18T09:00:00+00:00,,UNKNOWN,,,,UNKNOWN,UNKNOWN,,UNKNOWN,,7.2,1.2,5.4,1.8,1.8,5.2,5.0,4.0,5.0,1.0,1.0,3.0,,,,1.5,1.0,9.0,4.5,0.0,2.7,6.0,1.0,3.0,0.0,3.0,6.0,,,,True,True,UNKNOWN,False,False
2021014365,2023-10-19 18:00:00,オリックス・バファローズ,千葉ロッテマリーンズ,5.0,6.0,UNKNOWN,京セラドーム大阪,unknown,low,False,False,1700002,1700109,[],[],,,,,0,light,2023-10-19T09:00:00+00:00,,UNKNOWN,,,,UNKNOWN,UNKNOWN,,UNKNOWN,,5.4,1.6,7.2,1.8,0.0,2.2,5.0,3.0,7.0,0.0,1.0,4.0,,,,6.0,1.3333333333333333,3.0,6.0,0.0,4.533333333333333,6.0,4.0,4.0,0.0,4.0,2.0,,,,True,True,UNKNOWN,False,False
2021014366,2023-10-20 18:00:00,阪神タイガース,広島東洋カープ,4.0,2.0,UNKNOWN,阪神甲子園球場,japan_series,high,False,True,1600123,1700137,[],[],,,,,0,light,2023-10-20T09:00:00+00:00,,UNKNOWN,,,,UNKNOWN,UNKNOWN,,UNKNOWN,,4.5,1.3333333333333333,3.0,4.5,0.0,4.033333333333333,6.0,3.0,5.0,0.0,3.0,2.0,,,,3.6,1.6,5.4,1.8,0.0,2.6,5.0,2.0,7.0,0.0,1.0,3.0,,,,True,True,UNKNOWN,False,False
2021014367,2023-10-20 18:00:00,オリックス・バファローズ,千葉ロッテマリーンズ,2.0,0.0,UNKNOWN,京セラドーム大阪,climax,high,False,True,1000083,1700118,[],[],,,,,0,light,2023-10-20T09:00:00+00:00,,UNKNOWN,,,,UNKNOWN,UNKNOWN,,UNKNOWN,,0.0,3.0,9.0,18.0,0.0,7.2,1.0,0.0,1.0,0.0,2.0,1.0,,,,0.0,1.0,7.2,1.8,0.0,2.2,5.0,0.0,4.0,0.0,1.0,4.0,,,,True,True,UNKNOWN,False,False
2021014369,2023-10-21 18:00:00,オリックス・バファローズ,千葉ロッテマリーンズ,3.0,2.0,UNKNOWN,京セラドーム大阪,japan_series,high,False,True,1600146,1900087,[],[],,,,,0,light,2023-10-21T09:00:00+00:00,,UNKNOWN,,,,UNKNOWN,UNKNOWN,,UNKNOWN,,6.0,1.0,12.0,3.0,3.0,5.866666666666667,3.0,2.0,2.0,1.0,1.0,4.0,,,,0.0,0.6666666666666666,6.0,0.0,0.0,1.866666666666667,6.0,0.0,4.0,0.0,0.0,4.0,,,,True,True,UNKNOWN,False,False
2021014374,2023-10-28 18:30:00,オリックス・バファローズ,阪神タイガース,0.0,8.0,UNKNOWN,京セラドーム大阪,japan_series,high,False,True,2000055,1600153,[],[],,,,,0,light,2023-10-28T09:30:00+00:00,,UNKNOWN,,,,UNKNOWN,UNKNOWN,,UNKNOWN,,0.0,0.4285714285714285,5.142857142857143,1.2857142857142858,0.0,2.4857142857142858,7.0,0.0,2.0,0.0,1.0,4.0,,,,11.117647058823527,1.9411764705882355,11.117647058823527,1.588235294117647,0.0,1.258823529411765,5.666666666666667,7.0,10.0,0.0,1.0,7.0,,,,True,True,UNKNOWN,False,False
2021014375,2023-10-29 18:30:00,オリックス・バファローズ,阪神タイガース,8.0,0.0,UNKNOWN,京セラドーム大阪,regular,high,True,True,900062,1900087,[],[],,,,,0,light,2023-10-29T09:30:00+00:00,,UNKNOWN,,,,UNKNOWN,UNKNOWN,,UNKNOWN,,9.818181818181818,2.181818181818182,4.909090909090909,4.909090909090909,0.0,3.7454545454545456,3.6666666666666665,4.0,6.0,0.0,2.0,2.0,,,,0.0,0.8333333333333334,7.5,1.5,0.0,2.033333333333333,6.0,0.0,4.0,0.0,1.0,5.0,,,,True,True,UNKNOWN,False,False
2021014376,2023-10-31 18:00:00,阪神タイガース,オリックス・バファローズ,4.0,5.0,UNKNOWN,阪神甲子園球場,japan_series,high,False,True,1700118,2000052,[],[],,,,,0,light,2023-10-31T09:00:00+00:00,,UNKNOWN,,,,UNKNOWN,UNKNOWN,,UNKNOWN,,1.8,1.2,7.2,1.8,0.0,2.2,5.0,1.0,5.0,0.0,1.0,4.0,,,,3.6,1.0,3.6,0.0,1.8,5.0,5.0,2.0,5.0,1.0,0.0,2.0,,,,True,True,UNKNOWN,False,False
2021014377,2023-11-01 18:00:00,阪神タイガース,オリックス・バファローズ,4.0,3.0,UNKNOWN,阪神甲子園球場,japan_series,high,False,True,1400195,1600115,[],[],,,,,0,light,2023-11-01T09:00:00+00:00,,UNKNOWN,,,,UNKNOWN,UNKNOWN,,UNKNOWN,,4.5,1.75,11.25,2.25,0.0,1.4500000000000002,4.0,2.0,6.0,0.0,1.0,5.0,,,,1.8,1.6,10.8,5.4,0.0,2.6,5.0,1.0,5.0,0.0,3.0,6.0,,,,True,True,UNKNOWN,False,False
2021014379,2023-11-04 18:30:00,オリックス・バファローズ,阪神タイガース,5.0,1.0,UNKNOWN,京セラドーム大阪,japan_series,high,False,True,2000055,1600153,[],[],,,,,0,light,2023-11-04T09:30:00+00:00,,UNKNOWN,,,,UNKNOWN,UNKNOWN,,UNKNOWN,,7.2,1.6,5.4,3.6,1.8,5.800000000000001,5.0,4.0,6.0,1.0,2.0,3.0,,,,1.0,1.0,14.0,0.0,1.0,1.5333333333333334,9.0,1.0,9.0,1.0,0.0,14.0,,,,True,True,UNKNOWN,False,False
2021014378,2023-11-02 18:00:00,阪神タイガース,オリックス・バファローズ,6.0,2.0,UNKNOWN,阪神甲子園球場,regular,high,True,True,1700109,1700137,[],[],,,,,0,light,2023-11-02T09:00:00+00:00,,UNKNOWN,,,,UNKNOWN,UNKNOWN,,UNKNOWN,,0.0,0.7142857142857143,5.142857142857143,1.2857142857142858,0.0,2.4857142857142858,7.0,0.0,4.0,0.0,1.0,4.0,,,,1.8,1.2,7.2,0.0,1.8,4.2,5.0,1.0,6.0,1.0,0.0,4.0,,,,True,True,UNKNOWN,False,False
2021014380,2023-11-05 18:30:00,オリックス・バファローズ,阪神タイガース,1.0,7.0,UNKNOWN,京セラドーム大阪,japan_series,high,False,True,1500090,1900087,[],[],,,,,0,light,2023-11-05T09:30:00+00:00,,UNKNOWN,,,,UNKNOWN,UNKNOWN,,UNKNOWN,,0.0,1.0714285714285714,5.785714285714286,1.9285714285714284,0.0,2.5571428571428574,4.666666666666667,0.0,4.0,0.0,1.0,3.0,,,,9.642857142857142,1.0714285714285714,9.642857142857142,0.0,1.9285714285714284,3.842857142857143,4.666666666666667,5.0,5.0,1.0,0.0,5.0,,,,True,True,UNKNOWN,False,False
