game_id,datetime,home,away,home_score,away_score,game_type,venue,npb_game_category,npb_type_confidence,npb_training_default,npb_evaluation_default,home_starter,away_starter,home_lineup_json,away_lineup_json,home_pregame_starter,away_pregame_starter,home_pregame_lineup_json,away_pregame_lineup_json,player_rows_count,enrichment_mode,prediction_time_utc,starter_available_at,starter_state,starter_source,home_lineup_available_at,away_lineup_available_at,home_lineup_state,away_lineup_state,lineup_available_at,lineup_state,lineup_source,home_starter_era,home_starter_whip,home_starter_k9,home_starter_bb9,home_starter_hr9,home_starter_fip,home_starter_ip,home_starter_er,home_starter_h,home_starter_hr,home_starter_bb,home_starter_so,home_starter_pitches,home_starter_k_rate,home_starter_bb_rate,away_starter_era,away_starter_whip,away_starter_k9,away_starter_bb9,away_starter_hr9,away_starter_fip,away_starter_ip,away_starter_er,away_starter_h,away_starter_hr,away_starter_bb,away_starter_so,away_starter_pitches,away_starter_k_rate,away_starter_bb_rate,home_starter_line_ok,away_starter_line_ok,pregame_context_quality,pregame_starter_verified,pregame_lineup_verified
2021029940,2025-03-02 14:00:00,読売ジャイアンツ,東京ヤクルトスワローズ,1.0,4.0,UNKNOWN,東京ドーム,excluded,high,False,False,1200076,700069,[],[],,,,,0,light,2025-03-02T05:00:00+00:00,,UNKNOWN,,,,UNKNOWN,UNKNOWN,,UNKNOWN,,3.0,0.6666666666666666,12.0,0.0,0.0,0.5333333333333337,3.0,1.0,2.0,0.0,0.0,4.0,,,,0.0,1.0,0.0,0.0,0.0,3.2,2.0,0.0,2.0,0.0,0.0,0.0,,,,True,True,UNKNOWN,False,False
2021029947,2025-03-05 13:00:00,横浜DeNAベイスターズ,広島東洋カープ,3.0,3.0,UNKNOWN,横浜スタジアム,excluded,high,False,False,2117228,1961374,[],[],,,,,0,light,2025-03-05T04:00:00+00:00,,UNKNOWN,,,,UNKNOWN,UNKNOWN,,UNKNOWN,,4.5,0.75,4.5,0.0,0.0,2.2,4.0,2.0,3.0,0.0,0.0,2.0,,,,3.8571428571428568,0.8571428571428571,19.285714285714285,3.8571428571428568,3.8571428571428568,5.771428571428571,2.333333333333333,1.0,1.0,1.0,1.0,5.0,,,,True,True,UNKNOWN,False,False
2021029942,2025-03-04 13:00:00,横浜DeNAベイスターズ,千葉ロッテマリーンズ,5.0,2.0,UNKNOWN,横浜スタジアム,excluded,high,False,False,1300080,2103904,[],[],,,,,0,light,2025-03-04T04:00:00+00:00,,UNKNOWN,,,,UNKNOWN,UNKNOWN,,UNKNOWN,,6.0,2.0,3.0,9.0,0.0,5.533333333333333,3.0,2.0,3.0,0.0,3.0,1.0,,,,0.0,1.5,13.5,9.0,0.0,3.2,2.0,0.0,1.0,0.0,2.0,3.0,,,,True,True,UNKNOWN,False,False
2021029941,2025-03-02 13:30:00,中日ドラゴンズ,横浜DeNAベイスターズ,1.0,0.0,UNKNOWN,バンテリンドーム ナゴヤ,unknown,low,False,False,1900032,2000042,[],[],,,,,0,light,2025-03-02T04:30:00+00:00,,UNKNOWN,,,,UNKNOWN,UNKNOWN,,UNKNOWN,,0.0,1.25,6.75,9.0,0.0,4.7,4.0,0.0,1.0,0.0,4.0,3.0,,,,0.0,0.75,4.5,2.25,0.0,2.95,4.0,0.0,2.0,0.0,1.0,2.0,,,,True,True,UNKNOWN,False,False
2021029945,2025-03-04 18:00:00,福岡ソフトバンクホークス,東京ヤクルトスワローズ,3.0,4.0,UNKNOWN,みずほPayPayドーム福岡,unknown,low,False,False,12113,2107909,[],[],,,,,0,light,2025-03-04T09:00:00+00:00,,UNKNOWN,,,,UNKNOWN,UNKNOWN,,UNKNOWN,,0.0,0.5,9.0,2.25,0.0,1.95,4.0,0.0,1.0,0.0,1.0,4.0,,,,6.0,1.3333333333333333,15.0,3.0,0.0,0.8666666666666667,3.0,2.0,3.0,0.0,1.0,5.0,,,,True,True,UNKNOWN,False,False
2021029938,2025-03-01 14:00:00,中日ドラゴンズ,横浜DeNAベイスターズ,3.0,0.0,UNKNOWN,バンテリンドーム ナゴヤ,unknown,low,False,False,1700058,2100961,[],[],,,,,0,light,2025-03-01T05:00:00+00:00,,UNKNOWN,,,,UNKNOWN,UNKNOWN,,UNKNOWN,,18.0,3.0,18.0,9.0,0.0,2.2,1.0,2.0,2.0,0.0,1.0,2.0,,,,0.0,0.5,4.5,0.0,0.0,2.2,4.0,0.0,2.0,0.0,0.0,2.0,,,,True,True,UNKNOWN,False,False
2021029936,2025-03-01 13:00:00,東北楽天ゴールデンイーグルス,広島東洋カープ,1.0,1.0,UNKNOWN,マスカットスタジアム,excluded,high,False,False,2110136,2000121,[],[],,,,,0,light,2025-03-01T04:00:00+00:00,,UNKNOWN,,,,UNKNOWN,UNKNOWN,,UNKNOWN,,3.0,1.0,6.0,3.0,0.0,2.8666666666666667,3.0,1.0,2.0,0.0,1.0,2.0,,,,0.0,0.6666666666666666,6.0,0.0,0.0,1.866666666666667,3.0,0.0,2.0,0.0,0.0,2.0,,,,True,True,UNKNOWN,False,False
2021029939,2025-03-02 13:00:00,東北楽天ゴールデンイーグルス,広島東洋カープ,0.0,2.0,UNKNOWN,マスカットスタジアム,excluded,high,False,False,2103788,900090,[],[],,,,,0,light,2025-03-02T04:00:00+00:00,,UNKNOWN,,,,UNKNOWN,UNKNOWN,,UNKNOWN,,0.0,1.0,9.0,2.25,0.0,1.95,4.0,0.0,3.0,0.0,1.0,4.0,,,,0.0,1.0,9.0,0.0,0.0,1.2000000000000002,3.0,0.0,3.0,0.0,0.0,3.0,,,,True,True,UNKNOWN,False,False
2021029937,2025-03-01 18:00:00,読売ジャイアンツ,東京ヤクルトスワローズ,6.0,5.0,UNKNOWN,東京ドーム,excluded,high,False,False,1500042,1800028,[],[],,,,,0,light,2025-03-01T09:00:00+00:00,,UNKNOWN,,,,UNKNOWN,UNKNOWN,,UNKNOWN,,11.571428571428571,2.571428571428571,15.428571428571429,7.7142857142857135,7.7142857142857135,13.485714285714284,2.333333333333333,3.0,4.0,2.0,2.0,4.0,,,,0.0,0.3333333333333333,12.0,3.0,0.0,1.5333333333333334,3.0,0.0,0.0,0.0,1.0,4.0,,,,True,True,UNKNOWN,False,False
2021029948,2025-03-05 12:00:00,オリックス・バファローズ,東北楽天ゴールデンイーグルス,2.0,5.0,UNKNOWN,京セラドーム大阪,excluded,high,False,False,700065,2050019,[],[],,,,,0,light,2025-03-05T03:00:00+00:00,,UNKNOWN,,,,UNKNOWN,UNKNOWN,,UNKNOWN,,4.5,1.0,4.5,2.25,0.0,2.95,4.0,2.0,3.0,0.0,1.0,2.0,,,,0.0,1.0,0.0,0.0,0.0,3.2,1.0,0.0,1.0,0.0,0.0,0.0,,,,True,True,UNKNOWN,False,False
2021029949,2025-03-05 13:00:00,阪神タイガース,中日ドラゴンズ,4.0,7.0,UNKNOWN,阪神甲子園球場,excluded,high,False,False,500014,1960901,[],[],,,,,0,light,2025-03-05T04:00:00+00:00,,UNKNOWN,,,,UNKNOWN,UNKNOWN,,UNKNOWN,,9.0,3.0,6.0,3.0,3.0,7.2,3.0,3.0,8.0,1.0,1.0,2.0,,,,13.5,2.0,9.0,4.5,4.5,9.2,2.0,3.0,3.0,1.0,1.0,2.0,,,,True,True,UNKNOWN,False,False
2021029943,2025-03-04 14:00:00,オリックス・バファローズ,東北楽天ゴールデンイーグルス,2.0,13.0,UNKNOWN,京セラドーム大阪,unknown,low,False,False,2000123,2108177,[],[],,,,,0,light,2025-03-04T05:00:00+00:00,,UNKNOWN,,,,UNKNOWN,UNKNOWN,,UNKNOWN,,0.0,1.0,3.0,3.0,0.0,3.5333333333333337,3.0,0.0,2.0,0.0,1.0,1.0,,,,2.25,0.75,11.25,0.0,2.25,3.95,4.0,1.0,3.0,1.0,0.0,5.0,,,,True,True,UNKNOWN,False,False
2021029946,2025-03-05 18:00:00,北海道日本ハムファイターズ,埼玉西武ライオンズ,3.0,2.0,UNKNOWN,エスコンフィールドHOKKAIDO,unknown,low,False,False,1751148,2107859,[],[],,,,,0,light,2025-03-05T09:00:00+00:00,,UNKNOWN,,,,UNKNOWN,UNKNOWN,,UNKNOWN,,6.75,1.0,6.75,0.0,2.25,4.95,4.0,3.0,4.0,1.0,0.0,3.0,,,,4.5,1.0,4.5,0.0,0.0,2.2,4.0,2.0,4.0,0.0,0.0,2.0,,,,True,True,UNKNOWN,False,False
2021029950,2025-03-05 18:00:00,福岡ソフトバンクホークス,東京ヤクルトスワローズ,3.0,1.0,UNKNOWN,みずほPayPayドーム福岡,unknown,low,False,False,1300045,1400117,[],[],,,,,0,light,2025-03-05T09:00:00+00:00,,UNKNOWN,,,,UNKNOWN,UNKNOWN,,UNKNOWN,,0.0,0.25,9.0,0.0,0.0,1.2000000000000002,4.0,0.0,1.0,0.0,0.0,4.0,,,,0.0,1.0,6.0,0.0,0.0,1.866666666666667,3.0,0.0,3.0,0.0,0.0,2.0,,,,True,True,UNKNOWN,False,False
2021029951,2025-03-06 18:00:00,北海道日本ハムファイターズ,埼玉西武ライオンズ,3.0,2.0,UNKNOWN,エスコンフィールドHOKKAIDO,excluded,high,False,False,1700125,2100027,[],[],,,,,0,light,2025-03-06T09:00:00+00:00,,UNKNOWN,,,,UNKNOWN,UNKNOWN,,UNKNOWN,,4.5,1.75,0.0,0.0,2.25,6.45,4.0,2.0,7.0,1.0,0.0,0.0,,,,0.0,0.5,9.0,2.25,0.0,1.95,4.0,0.0,1.0,0.0,1.0,4.0,,,,True,True,UNKNOWN,False,False
2021029955,2025-03-07 13:00:00,阪神タイガース,横浜DeNAベイスターズ,6.0,0.0,UNKNOWN,阪神甲子園球場,excluded,high,False,False,1700058,2000055,[],[],,,,,0,light,2025-03-07T04:00:00+00:00,,UNKNOWN,,,,UNKNOWN,UNKNOWN,,UNKNOWN,,18.0,3.0,9.0,9.0,4.5,10.7,2.0,4.0,4.0,1.0,2.0,2.0,,,,0.0,0.0,12.0,0.0,0.0,0.5333333333333337,3.0,0.0,0.0,0.0,0.0,4.0,,,,True,True,UNKNOWN,False,False
2021029952,2025-03-06 13:00:00,千葉ロッテマリーンズ,広島東洋カープ,4.0,0.0,UNKNOWN,ZOZOマリンスタジアム,excluded,high,False,False,1600123,900081,[],[],,,,,0,light,2025-03-06T04:00:00+00:00,,UNKNOWN,,,,UNKNOWN,UNKNOWN,,UNKNOWN,,0.0,0.5,4.5,0.0,0.0,2.2,2.0,0.0,1.0,0.0,0.0,1.0,,,,0.0,0.5,13.5,4.5,0.0,1.7000000000000002,2.0,0.0,0.0,0.0,1.0,3.0,,,,True,True,UNKNOWN,False,False
2021029957,2025-03-08 13:00:00,東北楽天ゴールデンイーグルス,埼玉西武ライオンズ,2.0,3.0,UNKNOWN,静岡県草薙総合運動場硬式野球場,excluded,high,False,False,1800081,2000121,[],[],,,,,0,light,2025-03-08T04:00:00+00:00,,UNKNOWN,,,,UNKNOWN,UNKNOWN,,UNKNOWN,,0.0,0.8,10.8,3.6,0.0,2.0,5.0,0.0,2.0,0.0,2.0,6.0,,,,4.5,1.25,2.25,4.5,0.0,4.2,4.0,2.0,3.0,0.0,2.0,1.0,,,,True,True,UNKNOWN,False,False
2021029954,2025-03-07 18:00:00,オリックス・バファローズ,読売ジャイアンツ,1.0,5.0,UNKNOWN,京セラドーム大阪,excluded,high,False,False,2000006,2000096,[],[],,,,,0,light,2025-03-07T09:00:00+00:00,,UNKNOWN,,,,UNKNOWN,UNKNOWN,,UNKNOWN,,0.0,0.75,6.75,4.5,0.0,3.2,4.0,0.0,1.0,0.0,2.0,3.0,,,,0.0,0.8999999999999999,13.5,2.7,0.0,1.1,3.333333333333333,0.0,2.0,0.0,1.0,5.0,,,,True,True,UNKNOWN,False,False
2021029958,2025-03-08 13:00:00,千葉ロッテマリーンズ,福岡ソフトバンクホークス,4.0,6.0,UNKNOWN,ZOZOマリンスタジアム,excluded,high,False,False,1100099,1961672,[],[],,,,,0,light,2025-03-08T04:00:00+00:00,,UNKNOWN,,,,UNKNOWN,UNKNOWN,,UNKNOWN,,2.25,1.25,6.75,4.5,0.0,3.2,4.0,1.0,3.0,0.0,2.0,3.0,,,,0.0,0.3333333333333333,6.0,0.0,0.0,1.866666666666667,3.0,0.0,1.0,0.0,0.0,2.0,,,,True,True,UNKNOWN,False,False
2021029961,2025-03-08 13:00:00,広島東洋カープ,東京ヤクルトスワローズ,0.0,1.0,UNKNOWN,MAZDA Zoom-Zoom スタジアム広島,excluded,high,False,False,1900024,1900052,[],[],,,,,0,light,2025-03-08T04:00:00+00:00,,UNKNOWN,,,,UNKNOWN,UNKNOWN,,UNKNOWN,,0.0,0.8,3.6,0.0,0.0,2.4000000000000004,5.0,0.0,4.0,0.0,0.0,2.0,,,,3.0,1.3333333333333333,3.0,0.0,0.0,2.5333333333333337,3.0,1.0,4.0,0.0,0.0,1.0,,,,True,True,UNKNOWN,False,False
2021029956,2025-03-08 14:00:00,北海道日本ハムファイターズ,中日ドラゴンズ,6.0,6.0,UNKNOWN,エスコンフィールドHOKKAIDO,excluded,high,False,False,2100961,1900129,[],[],,,,,0,light,2025-03-08T05:00:00+00:00,,UNKNOWN,,,,UNKNOWN,UNKNOWN,,UNKNOWN,,1.8,1.0,3.6,0.0,0.0,2.4000000000000004,5.0,1.0,5.0,0.0,0.0,2.0,,,,2.25,1.75,2.25,4.5,0.0,4.2,4.0,1.0,5.0,0.0,2.0,1.0,,,,True,True,UNKNOWN,False,False
2021029953,2025-03-07 13:00:00,千葉ロッテマリーンズ,福岡ソフトバンクホークス,2.0,3.0,UNKNOWN,ZOZOマリンスタジアム,unknown,low,False,False,1900106,1800052,[],[],,,,,0,light,2025-03-07T04:00:00+00:00,,UNKNOWN,,,,UNKNOWN,UNKNOWN,,UNKNOWN,,2.25,1.25,4.5,2.25,0.0,2.95,4.0,1.0,4.0,0.0,1.0,2.0,,,,0.0,0.8,10.8,5.4,0.0,2.6,5.0,0.0,1.0,0.0,3.0,6.0,,,,True,True,UNKNOWN,False,False
2021029960,2025-03-08 13:00:00,阪神タイガース,横浜DeNAベイスターズ,4.0,5.0,UNKNOWN,阪神甲子園球場,excluded,high,False,False,1800045,2104016,[],[],,,,,0,light,2025-03-08T04:00:00+00:00,,UNKNOWN,,,,UNKNOWN,UNKNOWN,,UNKNOWN,,0.0,1.0,9.0,2.25,0.0,1.95,4.0,0.0,3.0,0.0,1.0,4.0,,,,0.0,1.0,11.25,4.5,0.0,2.2,4.0,0.0,2.0,0.0,2.0,5.0,,,,True,True,UNKNOWN,False,False
2021029959,2025-03-08 14:00:00,オリックス・バファローズ,読売ジャイアンツ,1.0,4.0,UNKNOWN,京セラドーム大阪,unknown,low,False,False,1961407,1851026,[],[],,,,,0,light,2025-03-08T05:00:00+00:00,,UNKNOWN,,,,UNKNOWN,UNKNOWN,,UNKNOWN,,0.0,1.0,0.0,2.25,0.0,3.95,4.0,0.0,3.0,0.0,1.0,0.0,,,,0.0,1.5,0.0,0.0,0.0,3.2,2.0,0.0,3.0,0.0,0.0,0.0,,,,True,True,UNKNOWN,False,False
2021029962,2025-03-09 13:00:00,北海道日本ハムファイターズ,中日ドラゴンズ,1.0,0.0,UNKNOWN,エスコンフィールドHOKKAIDO,unknown,low,False,False,1660558,1750903,[],[],,,,,0,light,2025-03-09T04:00:00+00:00,,UNKNOWN,,,,UNKNOWN,UNKNOWN,,UNKNOWN,,1.8,0.6,3.6,5.4,0.0,4.2,5.0,1.0,0.0,0.0,3.0,2.0,,,,0.0,0.5,6.75,0.0,0.0,1.7000000000000002,4.0,0.0,2.0,0.0,0.0,3.0,,,,True,True,UNKNOWN,False,False
2021029968,2025-03-11 13:00:00,東北楽天ゴールデンイーグルス,東京ヤクルトスワローズ,3.0,5.0,UNKNOWN,静岡県草薙総合運動場硬式野球場,excluded,high,False,False,1200076,2000123,[],[],,,,,0,light,2025-03-11T04:00:00+00:00,,UNKNOWN,,,,UNKNOWN,UNKNOWN,,UNKNOWN,,7.363636363636364,1.9090909090909087,2.4545454545454546,4.909090909090909,0.0,4.290909090909091,3.6666666666666665,3.0,5.0,0.0,2.0,1.0,,,,0.0,1.5,9.0,0.0,0.0,1.2000000000000002,4.0,0.0,6.0,0.0,0.0,4.0,,,,True,True,UNKNOWN,False,False
2021029963,2025-03-09 13:00:00,東北楽天ゴールデンイーグルス,埼玉西武ライオンズ,4.0,7.0,UNKNOWN,静岡県草薙総合運動場硬式野球場,excluded,high,False,False,1400182,2110316,[],[],,,,,0,light,2025-03-09T04:00:00+00:00,,UNKNOWN,,,,UNKNOWN,UNKNOWN,,UNKNOWN,,0.0,0.3333333333333333,6.0,0.0,0.0,1.866666666666667,3.0,0.0,1.0,0.0,0.0,2.0,,,,12.0,3.0,3.0,9.0,0.0,5.533333333333333,3.0,4.0,6.0,0.0,3.0,1.0,,,,True,True,UNKNOWN,False,False
2021029964,2025-03-09 13:00:00,千葉ロッテマリーンズ,福岡ソフトバンクホークス,5.0,5.0,UNKNOWN,ZOZOマリンスタジアム,excluded,high,False,False,1200106,2101268,[],[],,,,,0,light,2025-03-09T04:00:00+00:00,,UNKNOWN,,,,UNKNOWN,UNKNOWN,,UNKNOWN,,2.25,0.75,9.0,0.0,2.25,4.45,4.0,1.0,3.0,1.0,0.0,4.0,,,,9.0,2.333333333333333,3.0,3.0,3.0,7.866666666666667,3.0,3.0,6.0,1.0,1.0,1.0,,,,True,True,UNKNOWN,False,False
2021029966,2025-03-09 13:00:00,阪神タイガース,読売ジャイアンツ,2.0,8.0,UNKNOWN,阪神甲子園球場,excluded,high,False,False,700069,900062,[],[],,,,,0,light,2025-03-09T04:00:00+00:00,,UNKNOWN,,,,UNKNOWN,UNKNOWN,,UNKNOWN,,3.0,1.3333333333333333,6.0,6.0,0.0,3.866666666666666,3.0,1.0,2.0,0.0,2.0,2.0,,,,23.625,4.5,6.75,3.375,0.0,2.825,2.6666666666666665,7.0,11.0,0.0,1.0,2.0,,,,True,True,UNKNOWN,False,False
2021029969,2025-03-11 13:00:00,埼玉西武ライオンズ,阪神タイガース,1.0,0.0,UNKNOWN,ベルーナドーム,excluded,high,False,False,1850363,2103657,[],[],,,,,0,light,2025-03-11T04:00:00+00:00,,UNKNOWN,,,,UNKNOWN,UNKNOWN,,UNKNOWN,,0.0,1.25,2.25,4.5,0.0,4.2,4.0,0.0,3.0,0.0,2.0,1.0,,,,0.0,0.4,3.6,3.6,0.0,3.6,5.0,0.0,0.0,0.0,2.0,2.0,,,,True,True,UNKNOWN,False,False
2021029967,2025-03-09 13:00:00,広島東洋カープ,東京ヤクルトスワローズ,0.0,4.0,UNKNOWN,MAZDA Zoom-Zoom スタジアム広島,excluded,high,False,False,2103794,1900057,[],[],,,,,0,light,2025-03-09T04:00:00+00:00,,UNKNOWN,,,,UNKNOWN,UNKNOWN,,UNKNOWN,,0.0,1.0,5.4,1.8,0.0,2.6,5.0,0.0,4.0,0.0,1.0,3.0,,,,1.8,0.6,9.0,0.0,0.0,1.2000000000000002,5.0,1.0,3.0,0.0,0.0,5.0,,,,True,True,UNKNOWN,False,False
2021029970,2025-03-11 13:00:00,千葉ロッテマリーンズ,北海道日本ハムファイターズ,4.0,5.0,UNKNOWN,ZOZOマリンスタジアム,unknown,low,False,False,1400195,1300080,[],[],,,,,0,light,2025-03-11T04:00:00+00:00,,UNKNOWN,,,,UNKNOWN,UNKNOWN,,UNKNOWN,,4.5,1.25,2.25,0.0,2.25,5.95,4.0,2.0,5.0,1.0,0.0,1.0,,,,4.5,2.25,11.25,9.0,0.0,3.7,4.0,2.0,5.0,0.0,4.0,5.0,,,,True,True,UNKNOWN,False,False
2021029971,2025-03-11 13:00:00,横浜DeNAベイスターズ,広島東洋カープ,2.0,1.0,UNKNOWN,横浜スタジアム,excluded,high,False,False,1600123,2103904,[],[],,,,,0,light,2025-03-11T04:00:00+00:00,,UNKNOWN,,,,UNKNOWN,UNKNOWN,,UNKNOWN,,0.0,0.3333333333333333,9.0,0.0,0.0,1.2000000000000002,3.0,0.0,1.0,0.0,0.0,3.0,,,,2.25,0.5,9.0,0.0,2.25,4.45,4.0,1.0,2.0,1.0,0.0,4.0,,,,True,True,UNKNOWN,False,False
2021029973,2025-03-11 14:00:00,福岡ソフトバンクホークス,読売ジャイアンツ,4.0,4.0,UNKNOWN,長崎ビッグNスタジアム,excluded,high,False,False,1900019,2107792,[],[],,,,,0,light,2025-03-11T05:00:00+00:00,,UNKNOWN,,,,UNKNOWN,UNKNOWN,,UNKNOWN,,4.5,2.0,6.75,2.25,0.0,2.45,4.0,2.0,7.0,0.0,1.0,3.0,,,,0.0,0.8333333333333334,4.5,3.0,0.0,3.2,6.0,0.0,3.0,0.0,2.0,3.0,,,,True,True,UNKNOWN,False,False
2021029965,2025-03-09 14:00:00,オリックス・バファローズ,横浜DeNAベイスターズ,2.0,2.0,UNKNOWN,京セラドーム大阪,unknown,low,False,False,1460045,1300058,[],[],,,,,0,light,2025-03-09T05:00:00+00:00,,UNKNOWN,,,,UNKNOWN,UNKNOWN,,UNKNOWN,,0.0,2.333333333333333,6.0,6.0,0.0,3.866666666666666,3.0,0.0,5.0,0.0,2.0,2.0,,,,0.0,1.0,0.0,5.4,0.0,5.0,5.0,0.0,2.0,0.0,3.0,0.0,,,,True,True,UNKNOWN,False,False
2021029972,2025-03-11 18:00:00,中日ドラゴンズ,オリックス・バファローズ,3.0,4.0,UNKNOWN,バンテリンドーム ナゴヤ,excluded,high,False,False,2108177,2000042,[],[],,,,,0,light,2025-03-11T09:00:00+00:00,,UNKNOWN,,,,UNKNOWN,UNKNOWN,,UNKNOWN,,0.0,0.6,7.2,1.8,0.0,2.2,5.0,0.0,2.0,0.0,1.0,4.0,,,,4.5,1.1666666666666667,7.5,3.0,0.0,2.5333333333333337,6.0,3.0,5.0,0.0,2.0,5.0,,,,True,True,UNKNOWN,False,False
2021029975,2025-03-12 13:00:00,埼玉西武ライオンズ,阪神タイガース,2.0,3.0,UNKNOWN,ベルーナドーム,excluded,high,False,False,1960901,1600127,[],[],,,,,0,light,2025-03-12T04:00:00+00:00,,UNKNOWN,,,,UNKNOWN,UNKNOWN,,UNKNOWN,,0.0,1.0,15.0,6.0,0.0,1.866666666666667,3.0,0.0,1.0,0.0,2.0,5.0,,,,0.0,0.75,4.5,4.5,0.0,3.7,4.0,0.0,1.0,0.0,2.0,2.0,,,,True,True,UNKNOWN,False,False
2021029976,2025-03-12 13:00:00,千葉ロッテマリーンズ,北海道日本ハムファイターズ,5.0,2.0,UNKNOWN,ZOZOマリンスタジアム,excluded,high,False,False,2107859,900081,[],[],,,,,0,light,2025-03-12T04:00:00+00:00,,UNKNOWN,,,,UNKNOWN,UNKNOWN,,UNKNOWN,,5.4,1.4,5.4,1.8,1.8,5.2,5.0,3.0,6.0,1.0,1.0,3.0,,,,1.8,0.8,1.8,0.0,1.8,5.4,5.0,1.0,4.0,1.0,0.0,1.0,,,,True,True,UNKNOWN,False,False
2021029980,2025-03-13 18:00:00,福岡ソフトバンクホークス,読売ジャイアンツ,5.0,0.0,UNKNOWN,みずほPayPayドーム福岡,excluded,high,False,False,2000006,2000008,[],[],,,,,0,light,2025-03-13T09:00:00+00:00,,UNKNOWN,,,,UNKNOWN,UNKNOWN,,UNKNOWN,,5.4,0.6,7.2,0.0,3.6,6.800000000000001,5.0,3.0,3.0,2.0,0.0,4.0,,,,0.0,0.6428571428571428,1.9285714285714284,3.8571428571428568,0.0,4.057142857142857,4.666666666666667,0.0,1.0,0.0,2.0,1.0,,,,True,True,UNKNOWN,False,False
2021029981,2025-03-14 13:00:00,東京ヤクルトスワローズ,オリックス・バファローズ,6.0,1.0,UNKNOWN,明治神宮野球場,excluded,high,False,False,1750595,12113,[],[],,,,,0,light,2025-03-14T04:00:00+00:00,,UNKNOWN,,,,UNKNOWN,UNKNOWN,,UNKNOWN,,3.6,0.8,1.8,1.8,1.8,6.0,5.0,2.0,3.0,1.0,1.0,1.0,,,,1.8,1.0,7.2,0.0,0.0,1.6,5.0,1.0,5.0,0.0,0.0,4.0,,,,True,True,UNKNOWN,False,False
2021029977,2025-03-12 13:00:00,横浜DeNAベイスターズ,広島東洋カープ,2.0,6.0,UNKNOWN,横浜スタジアム,unknown,low,False,False,1300057,1961374,[],[],,,,,0,light,2025-03-12T04:00:00+00:00,,UNKNOWN,,,,UNKNOWN,UNKNOWN,,UNKNOWN,,6.0,1.6666666666666667,0.0,3.0,3.0,8.533333333333333,3.0,2.0,4.0,1.0,1.0,0.0,,,,0.0,1.25,2.25,2.25,0.0,3.45,4.0,0.0,4.0,0.0,1.0,1.0,,,,True,True,UNKNOWN,False,False
2021029978,2025-03-12 18:00:00,中日ドラゴンズ,オリックス・バファローズ,3.0,2.0,UNKNOWN,バンテリンドーム ナゴヤ,unknown,low,False,False,1900087,1000138,[],[],,,,,0,light,2025-03-12T09:00:00+00:00,,UNKNOWN,,,,UNKNOWN,UNKNOWN,,UNKNOWN,,3.0,1.1666666666666667,19.5,0.0,0.0,-1.1333333333333329,6.0,2.0,7.0,0.0,0.0,13.0,,,,0.0,0.0,0.0,0.0,0.0,3.2,5.0,0.0,0.0,0.0,0.0,0.0,,,,True,True,UNKNOWN,False,False
2021029979,2025-03-12 18:00:00,福岡ソフトバンクホークス,読売ジャイアンツ,3.0,4.0,UNKNOWN,みずほPayPayドーム福岡,excluded,high,False,False,1800026,1550517,[],[],,,,,0,light,2025-03-12T09:00:00+00:00,,UNKNOWN,,,,UNKNOWN,UNKNOWN,,UNKNOWN,,5.4,2.4,2.7,10.8,0.0,6.2,3.333333333333333,2.0,4.0,0.0,4.0,1.0,,,,5.4,1.0,9.0,1.8,1.8,4.4,5.0,3.0,4.0,1.0,1.0,5.0,,,,True,True,UNKNOWN,False,False
2021029984,2025-03-14 13:30:00,広島東洋カープ,千葉ロッテマリーンズ,3.0,0.0,UNKNOWN,MAZDA Zoom-Zoom スタジアム広島,excluded,high,False,False,1800052,1900052,[],[],,,,,0,light,2025-03-14T04:30:00+00:00,,UNKNOWN,,,,UNKNOWN,UNKNOWN,,UNKNOWN,,1.8,1.0,10.8,0.0,0.0,0.8000000000000003,5.0,1.0,5.0,0.0,0.0,6.0,,,,0.0,0.8,12.6,5.4,0.0,2.2,5.0,0.0,1.0,0.0,3.0,7.0,,,,True,True,UNKNOWN,False,False
2021029983,2025-03-14 13:00:00,中日ドラゴンズ,埼玉西武ライオンズ,4.0,4.0,UNKNOWN,小牧市総合運動場野球場,unknown,low,False,False,2106794,2107860,[],[],,,,,0,light,2025-03-14T04:00:00+00:00,,UNKNOWN,,,,UNKNOWN,UNKNOWN,,UNKNOWN,,9.0,1.25,0.0,2.25,4.5,10.45,4.0,4.0,4.0,2.0,1.0,0.0,,,,9.0,2.5,2.25,9.0,2.25,8.95,4.0,4.0,6.0,1.0,4.0,1.0,,,,True,True,UNKNOWN,False,False
2021029982,2025-03-14 13:00:00,横浜DeNAベイスターズ,東北楽天ゴールデンイーグルス,1.0,0.0,UNKNOWN,横浜スタジアム,excluded,high,False,False,2000121,1700058,[],[],,,,,0,light,2025-03-14T04:00:00+00:00,,UNKNOWN,,,,UNKNOWN,UNKNOWN,,UNKNOWN,,1.5,0.8333333333333334,3.0,1.5,1.5,5.2,6.0,1.0,4.0,1.0,1.0,2.0,,,,0.0,0.75,2.25,0.0,0.0,2.7,4.0,0.0,3.0,0.0,0.0,1.0,,,,True,True,UNKNOWN,False,False
2021029985,2025-03-14 18:00:00,福岡ソフトバンクホークス,北海道日本ハムファイターズ,2.0,2.0,UNKNOWN,みずほPayPayドーム福岡,excluded,high,False,False,1500110,1400117,[],[],,,,,0,light,2025-03-14T09:00:00+00:00,,UNKNOWN,,,,UNKNOWN,UNKNOWN,,UNKNOWN,,2.25,1.25,0.0,2.25,0.0,3.95,4.0,1.0,4.0,0.0,1.0,0.0,,,,1.6875,0.9375,5.0625,0.0,1.6875,4.5125,5.333333333333333,1.0,5.0,1.0,0.0,3.0,,,,True,True,UNKNOWN,False,False
2021029986,2025-03-15 13:00:00,東京ヤクルトスワローズ,オリックス・バファローズ,4.0,3.0,UNKNOWN,明治神宮野球場,excluded,high,False,False,1300058,2103794,[],[],,,,,0,light,2025-03-15T04:00:00+00:00,,UNKNOWN,,,,UNKNOWN,UNKNOWN,,UNKNOWN,,3.857142857142857,0.7142857142857143,5.142857142857143,1.2857142857142858,1.2857142857142858,4.342857142857143,7.0,3.0,4.0,1.0,1.0,4.0,,,,1.5,0.6666666666666666,7.5,1.5,1.5,4.2,6.0,1.0,3.0,1.0,1.0,5.0,,,,True,True,UNKNOWN,False,False
2021029987,2025-03-15 13:00:00,横浜DeNAベイスターズ,東北楽天ゴールデンイーグルス,1.0,4.0,UNKNOWN,横浜スタジアム,excluded,high,False,False,1961886,1800045,[],[],,,,,0,light,2025-03-15T04:00:00+00:00,,UNKNOWN,,,,UNKNOWN,UNKNOWN,,UNKNOWN,,2.25,1.25,6.75,0.0,0.0,1.7000000000000002,4.0,1.0,5.0,0.0,0.0,3.0,,,,0.0,0.6,0.0,1.8,0.0,3.8,5.0,0.0,2.0,0.0,1.0,0.0,,,,True,True,UNKNOWN,False,False
2021029989,2025-03-15 13:00:00,広島東洋カープ,千葉ロッテマリーンズ,1.0,4.0,UNKNOWN,MAZDA Zoom-Zoom スタジアム広島,excluded,high,False,False,1600146,2110136,[],[],,,,,0,light,2025-03-15T04:00:00+00:00,,UNKNOWN,,,,UNKNOWN,UNKNOWN,,UNKNOWN,,0.0,1.25,6.75,2.25,0.0,2.45,4.0,0.0,4.0,0.0,1.0,3.0,,,,7.2,1.6,7.2,5.4,0.0,3.4000000000000004,5.0,4.0,5.0,0.0,3.0,4.0,,,,True,True,UNKNOWN,False,False
2021029988,2025-03-15 14:00:00,中日ドラゴンズ,埼玉西武ライオンズ,3.0,3.0,UNKNOWN,バンテリンドーム ナゴヤ,excluded,high,False,False,1800081,2105295,[],[],,,,,0,light,2025-03-15T05:00:00+00:00,,UNKNOWN,,,,UNKNOWN,UNKNOWN,,UNKNOWN,,0.0,0.8,3.6,0.0,0.0,2.4000000000000004,5.0,0.0,4.0,0.0,0.0,2.0,,,,1.8,0.4,9.0,0.0,0.0,1.2000000000000002,5.0,1.0,2.0,0.0,0.0,5.0,,,,True,True,UNKNOWN,False,False
2021029994,2025-03-16 13:00:00,広島東洋カープ,千葉ロッテマリーンズ,3.0,0.0,UNKNOWN,MAZDA Zoom-Zoom スタジアム広島,excluded,high,False,False,2101268,2103788,[],[],,,,,0,light,2025-03-16T04:00:00+00:00,,UNKNOWN,,,,UNKNOWN,UNKNOWN,,UNKNOWN,,4.5,1.25,6.75,4.5,2.25,6.45,4.0,2.0,3.0,1.0,2.0,3.0,,,,0.0,1.1666666666666667,7.5,0.0,0.0,1.5333333333333334,6.0,0.0,7.0,0.0,0.0,5.0,,,,True,True,UNKNOWN,False,False
2021029995,2025-03-16 13:00:00,福岡ソフトバンクホークス,北海道日本ハムファイターズ,3.0,8.0,UNKNOWN,みずほPayPayドーム福岡,unknown,low,False,False,2000079,1100099,[],[],,,,,0,light,2025-03-16T04:00:00+00:00,,UNKNOWN,,,,UNKNOWN,UNKNOWN,,UNKNOWN,,0.0,1.0,10.8,1.8,0.0,1.4,5.0,0.0,4.0,0.0,1.0,6.0,,,,9.0,2.0,9.0,1.8,0.0,1.8000000000000005,5.0,5.0,9.0,0.0,1.0,5.0,,,,True,True,UNKNOWN,False,False
2021029993,2025-03-16 13:30:00,中日ドラゴンズ,埼玉西武ライオンズ,0.0,5.0,UNKNOWN,バンテリンドーム ナゴヤ,excluded,high,False,False,1400182,2100961,[],[],,,,,0,light,2025-03-16T04:30:00+00:00,,UNKNOWN,,,,UNKNOWN,UNKNOWN,,UNKNOWN,,0.0,0.8,1.8,3.6,0.0,4.0,5.0,0.0,2.0,0.0,2.0,1.0,,,,3.0,1.0,7.5,1.5,0.0,2.033333333333333,6.0,2.0,5.0,0.0,1.0,5.0,,,,True,True,UNKNOWN,False,False
2021029990,2025-03-15 14:00:00,福岡ソフトバンクホークス,北海道日本ハムファイターズ,4.0,2.0,UNKNOWN,みずほPayPayドーム福岡,excluded,high,False,False,1900129,20204,[],[],,,,,0,light,2025-03-15T05:00:00+00:00,,UNKNOWN,,,,UNKNOWN,UNKNOWN,,UNKNOWN,,1.8,1.2,7.2,0.0,0.0,1.6,5.0,1.0,6.0,0.0,0.0,4.0,,,,0.0,0.0,27.0,0.0,0.0,-2.8,0.3333333333333333,0.0,0.0,0.0,0.0,1.0,,,,True,True,UNKNOWN,False,False
2021029997,2025-03-18 13:00:00,埼玉西武ライオンズ,広島東洋カープ,6.0,0.0,UNKNOWN,ベルーナドーム,excluded,high,False,False,2110267,1751148,[],[],,,,,0,light,2025-03-18T04:00:00+00:00,,UNKNOWN,,,,UNKNOWN,UNKNOWN,,UNKNOWN,,3.6,1.8,3.6,3.6,0.0,3.6,5.0,2.0,7.0,0.0,2.0,2.0,,,,0.0,0.6,7.2,0.0,0.0,1.6,5.0,0.0,3.0,0.0,0.0,4.0,,,,True,True,UNKNOWN,False,False
2021029998,2025-03-18 13:00:00,千葉ロッテマリーンズ,東北楽天ゴールデンイーグルス,6.0,4.0,UNKNOWN,ZOZOマリンスタジアム,excluded,high,False,False,2000123,1300080,[],[],,,,,0,light,2025-03-18T04:00:00+00:00,,UNKNOWN,,,,UNKNOWN,UNKNOWN,,UNKNOWN,,1.5,1.1666666666666667,4.5,1.5,0.0,2.7,6.0,1.0,6.0,0.0,1.0,3.0,,,,0.0,1.0,10.8,5.4,0.0,2.6,5.0,0.0,2.0,0.0,3.0,6.0,,,,True,True,UNKNOWN,False,False
2021029999,2025-03-18 13:00:00,東京ヤクルトスワローズ,阪神タイガース,5.0,5.0,UNKNOWN,明治神宮野球場,unknown,low,False,False,1850363,1900024,[],[],,,,,0,light,2025-03-18T04:00:00+00:00,,UNKNOWN,,,,UNKNOWN,UNKNOWN,,UNKNOWN,,5.785714285714286,1.5,5.785714285714286,3.8571428571428568,0.0,3.2,4.666666666666667,3.0,5.0,0.0,2.0,3.0,,,,3.8571428571428568,1.5,7.7142857142857135,1.9285714285714284,0.0,2.128571428571429,4.666666666666667,2.0,6.0,0.0,1.0,4.0,,,,True,True,UNKNOWN,False,False
2021030000,2025-03-18 13:00:00,横浜DeNAベイスターズ,オリックス・バファローズ,9.0,4.0,UNKNOWN,横浜スタジアム,excluded,high,False,False,2108177,2103904,[],[],,,,,0,light,2025-03-18T04:00:00+00:00,,UNKNOWN,,,,UNKNOWN,UNKNOWN,,UNKNOWN,,1.8,1.6,0.0,5.4,0.0,5.0,5.0,1.0,5.0,0.0,3.0,0.0,,,,0.0,1.5,2.25,9.0,0.0,5.7,4.0,0.0,2.0,0.0,4.0,1.0,,,,True,True,UNKNOWN,False,False
2021029996,2025-03-18 15:00:00,北海道日本ハムファイターズ,読売ジャイアンツ,5.0,2.0,UNKNOWN,エスコンフィールドHOKKAIDO,unknown,low,False,False,1900019,1400195,[],[],,,,,0,light,2025-03-18T06:00:00+00:00,,UNKNOWN,,,,UNKNOWN,UNKNOWN,,UNKNOWN,,2.25,1.5,6.75,6.75,0.0,3.95,4.0,1.0,3.0,0.0,3.0,3.0,,,,3.6,1.4,3.6,1.8,0.0,3.0,5.0,2.0,6.0,0.0,1.0,2.0,,,,True,True,UNKNOWN,False,False
2021030001,2025-03-18 18:00:00,福岡ソフトバンクホークス,中日ドラゴンズ,5.0,0.0,UNKNOWN,みずほPayPayドーム福岡,unknown,low,False,False,1650489,1700011,[],[],,,,,0,light,2025-03-18T09:00:00+00:00,,UNKNOWN,,,,UNKNOWN,UNKNOWN,,UNKNOWN,,5.4,2.1,2.7,8.1,0.0,5.300000000000001,3.333333333333333,2.0,4.0,0.0,3.0,1.0,,,,0.0,0.0,9.0,0.0,0.0,1.2000000000000002,6.0,0.0,0.0,0.0,0.0,6.0,,,,True,True,UNKNOWN,False,False
2021030003,2025-03-19 13:00:00,埼玉西武ライオンズ,広島東洋カープ,10.0,0.0,UNKNOWN,ベルーナドーム,unknown,low,False,False,1300057,1700125,[],[],,,,,0,light,2025-03-19T04:00:00+00:00,,UNKNOWN,,,,UNKNOWN,UNKNOWN,,UNKNOWN,,6.75,1.5,6.75,0.0,0.0,1.7000000000000002,4.0,3.0,6.0,0.0,0.0,3.0,,,,0.0,0.75,13.5,2.25,0.0,0.9500000000000002,4.0,0.0,2.0,0.0,1.0,6.0,,,,True,True,UNKNOWN,False,False
2021030004,2025-03-19 13:00:00,千葉ロッテマリーンズ,東北楽天ゴールデンイーグルス,5.0,0.0,UNKNOWN,ZOZOマリンスタジアム,excluded,high,False,False,700065,900081,[],[],,,,,0,light,2025-03-19T04:00:00+00:00,,UNKNOWN,,,,UNKNOWN,UNKNOWN,,UNKNOWN,,4.5,1.5,4.5,4.5,1.5,5.866666666666667,6.0,3.0,6.0,1.0,3.0,3.0,,,,0.0,0.8,5.4,1.8,0.0,2.6,5.0,0.0,3.0,0.0,1.0,3.0,,,,True,True,UNKNOWN,False,False
2021030002,2025-03-19 14:00:00,北海道日本ハムファイターズ,読売ジャイアンツ,5.0,2.0,UNKNOWN,エスコンフィールドHOKKAIDO,excluded,high,False,False,2000006,2107859,[],[],,,,,0,light,2025-03-19T05:00:00+00:00,,UNKNOWN,,,,UNKNOWN,UNKNOWN,,UNKNOWN,,11.25,2.5,4.5,4.5,0.0,3.7,4.0,5.0,8.0,0.0,2.0,2.0,,,,1.5,0.6666666666666666,7.5,0.0,1.5,3.7,6.0,1.0,4.0,1.0,0.0,5.0,,,,True,True,UNKNOWN,False,False
2021030006,2025-03-19 18:00:00,福岡ソフトバンクホークス,中日ドラゴンズ,1.0,2.0,UNKNOWN,みずほPayPayドーム福岡,excluded,high,False,False,500014,2107792,[],[],,,,,0,light,2025-03-19T09:00:00+00:00,,UNKNOWN,,,,UNKNOWN,UNKNOWN,,UNKNOWN,,1.8,1.2,7.2,5.4,0.0,3.4000000000000004,5.0,1.0,3.0,0.0,3.0,4.0,,,,1.5,1.1666666666666667,1.5,1.5,0.0,3.3666666666666667,6.0,1.0,6.0,0.0,1.0,1.0,,,,True,True,UNKNOWN,False,False
2021030007,2025-03-20 13:00:00,横浜DeNAベイスターズ,オリックス・バファローズ,2.0,0.0,UNKNOWN,横浜スタジアム,excluded,high,False,False,1650221,1961374,[],[],,,,,0,light,2025-03-20T04:00:00+00:00,,UNKNOWN,,,,UNKNOWN,UNKNOWN,,UNKNOWN,,1.588235294117647,0.7058823529411764,4.764705882352941,3.176470588235294,0.0,3.2,5.666666666666667,1.0,2.0,0.0,2.0,3.0,,,,0.0,1.25,9.0,0.0,0.0,1.2000000000000002,4.0,0.0,5.0,0.0,0.0,4.0,,,,True,True,UNKNOWN,False,False
2021030008,2025-03-21 18:00:00,北海道日本ハムファイターズ,東京ヤクルトスワローズ,5.0,2.0,UNKNOWN,エスコンフィールドHOKKAIDO,excluded,high,False,False,1500042,1500110,[],[],,,,,0,light,2025-03-21T09:00:00+00:00,,UNKNOWN,,,,UNKNOWN,UNKNOWN,,UNKNOWN,,9.0,1.4,7.2,1.8,3.6,7.4,5.0,5.0,6.0,2.0,1.0,4.0,,,,1.5,0.6666666666666666,9.0,0.0,0.0,1.2000000000000002,6.0,1.0,4.0,0.0,0.0,6.0,,,,True,True,UNKNOWN,False,False
2021030009,2025-03-21 18:00:00,埼玉西武ライオンズ,横浜DeNAベイスターズ,2.0,0.0,UNKNOWN,ベルーナドーム,excluded,high,False,False,1700058,1600127,[],[],,,,,0,light,2025-03-21T09:00:00+00:00,,UNKNOWN,,,,UNKNOWN,UNKNOWN,,UNKNOWN,,0.0,1.2,5.4,0.0,0.0,2.0,5.0,0.0,6.0,0.0,0.0,3.0,,,,0.0,0.0,12.0,0.0,0.0,0.5333333333333337,3.0,0.0,0.0,0.0,0.0,4.0,,,,True,True,UNKNOWN,False,False
2021030010,2025-03-21 18:00:00,読売ジャイアンツ,千葉ロッテマリーンズ,6.0,2.0,UNKNOWN,東京ドーム,excluded,high,False,False,1800052,1800028,[],[],,,,,0,light,2025-03-21T09:00:00+00:00,,UNKNOWN,,,,UNKNOWN,UNKNOWN,,UNKNOWN,,11.25,1.75,2.25,4.5,2.25,7.45,4.0,5.0,5.0,1.0,2.0,1.0,,,,0.0,0.6666666666666666,6.0,0.0,0.0,1.866666666666667,3.0,0.0,2.0,0.0,0.0,2.0,,,,True,True,UNKNOWN,False,False
2021030012,2025-03-21 18:00:00,オリックス・バファローズ,阪神タイガース,1.0,1.0,UNKNOWN,京セラドーム大阪,excluded,high,False,False,2000055,1900087,[],[],,,,,0,light,2025-03-21T09:00:00+00:00,,UNKNOWN,,,,UNKNOWN,UNKNOWN,,UNKNOWN,,1.588235294117647,1.0588235294117647,4.764705882352941,3.176470588235294,0.0,3.2,5.666666666666667,1.0,4.0,0.0,2.0,3.0,,,,0.0,1.0,6.75,4.5,0.0,3.2,4.0,0.0,2.0,0.0,2.0,3.0,,,,True,True,UNKNOWN,False,False
2021030013,2025-03-21 18:00:00,福岡ソフトバンクホークス,広島東洋カープ,5.0,1.0,UNKNOWN,みずほPayPayドーム福岡,unknown,low,False,False,1900052,1400117,[],[],,,,,0,light,2025-03-21T09:00:00+00:00,,UNKNOWN,,,,UNKNOWN,UNKNOWN,,UNKNOWN,,3.0,1.0,3.0,0.0,0.0,2.5333333333333337,3.0,1.0,3.0,0.0,0.0,1.0,,,,2.4545454545454546,1.090909090909091,7.363636363636364,0.0,0.0,1.5636363636363635,3.6666666666666665,1.0,4.0,0.0,0.0,3.0,,,,True,True,UNKNOWN,False,False
2021030019,2025-03-22 13:00:00,福岡ソフトバンクホークス,広島東洋カープ,1.0,2.0,UNKNOWN,みずほPayPayドーム福岡,excluded,high,False,False,1900073,1900106,[],[],,,,,0,light,2025-03-22T04:00:00+00:00,,UNKNOWN,,,,UNKNOWN,UNKNOWN,,UNKNOWN,,0.0,0.5,9.0,4.5,0.0,2.7,2.0,0.0,0.0,0.0,1.0,2.0,,,,4.5,1.0,4.5,2.25,2.25,6.2,4.0,2.0,3.0,1.0,1.0,2.0,,,,True,True,UNKNOWN,False,False
2021030014,2025-03-22 14:00:00,北海道日本ハムファイターズ,東京ヤクルトスワローズ,3.0,3.0,UNKNOWN,エスコンフィールドHOKKAIDO,excluded,high,False,False,2103794,1900129,[],[],,,,,0,light,2025-03-22T05:00:00+00:00,,UNKNOWN,,,,UNKNOWN,UNKNOWN,,UNKNOWN,,0.0,2.0,4.5,13.5,0.0,6.7,2.0,0.0,1.0,0.0,3.0,1.0,,,,0.0,0.2,10.8,0.0,0.0,0.8000000000000003,5.0,0.0,1.0,0.0,0.0,6.0,,,,True,True,UNKNOWN,False,False
2021030016,2025-03-22 14:00:00,読売ジャイアンツ,千葉ロッテマリーンズ,4.0,4.0,UNKNOWN,東京ドーム,excluded,high,False,False,1961672,1961407,[],[],,,,,0,light,2025-03-22T05:00:00+00:00,,UNKNOWN,,,,UNKNOWN,UNKNOWN,,UNKNOWN,,5.4,1.2,5.4,1.8,1.8,5.2,5.0,3.0,5.0,1.0,1.0,3.0,,,,0.0,1.0,12.0,0.0,0.0,0.5333333333333337,3.0,0.0,3.0,0.0,0.0,4.0,,,,True,True,UNKNOWN,False,False
2021030011,2025-03-21 18:00:00,中日ドラゴンズ,東北楽天ゴールデンイーグルス,2.0,3.0,UNKNOWN,バンテリンドーム ナゴヤ,excluded,high,False,False,2000121,2000042,[],[],,,,,0,light,2025-03-21T09:00:00+00:00,,UNKNOWN,,,,UNKNOWN,UNKNOWN,,UNKNOWN,,0.0,0.5,9.0,0.0,0.0,1.2000000000000002,4.0,0.0,2.0,0.0,0.0,4.0,,,,4.5,1.5,9.0,4.5,0.0,2.7,4.0,2.0,4.0,0.0,2.0,4.0,,,,True,True,UNKNOWN,False,False
2021030017,2025-03-22 14:00:00,中日ドラゴンズ,東北楽天ゴールデンイーグルス,1.0,1.0,UNKNOWN,バンテリンドーム ナゴヤ,unknown,low,False,False,2103736,1200098,[],[],,,,,0,light,2025-03-22T05:00:00+00:00,,UNKNOWN,,,,UNKNOWN,UNKNOWN,,UNKNOWN,,3.0,1.0,9.0,3.0,0.0,2.2,3.0,1.0,2.0,0.0,1.0,3.0,,,,1.8,1.6,9.0,7.2,0.0,3.6,5.0,1.0,4.0,0.0,4.0,5.0,,,,True,True,UNKNOWN,False,False
2021030015,2025-03-22 18:00:00,埼玉西武ライオンズ,横浜DeNAベイスターズ,2.0,5.0,UNKNOWN,ベルーナドーム,excluded,high,False,False,1300031,1800081,[],[],,,,,0,light,2025-03-22T09:00:00+00:00,,UNKNOWN,,,,UNKNOWN,UNKNOWN,,UNKNOWN,,0.0,0.2,3.6,1.8,0.0,3.0,5.0,0.0,0.0,0.0,1.0,2.0,,,,0.0,1.0,15.0,0.0,0.0,-0.1333333333333333,3.0,0.0,3.0,0.0,0.0,5.0,,,,True,True,UNKNOWN,False,False
2021030018,2025-03-22 14:00:00,阪神タイガース,オリックス・バファローズ,3.0,3.0,UNKNOWN,京セラドーム大阪,excluded,high,False,False,1300058,2106172,[],[],,,,,0,light,2025-03-22T05:00:00+00:00,,UNKNOWN,,,,UNKNOWN,UNKNOWN,,UNKNOWN,,4.909090909090909,1.3636363636363638,7.363636363636364,2.4545454545454546,0.0,2.381818181818182,3.6666666666666665,2.0,4.0,0.0,1.0,3.0,,,,5.4,1.4,0.0,0.0,3.6,8.4,5.0,3.0,7.0,2.0,0.0,0.0,,,,True,True,UNKNOWN,False,False
2021030020,2025-03-23 13:00:00,北海道日本ハムファイターズ,東京ヤクルトスワローズ,7.0,4.0,UNKNOWN,エスコンフィールドHOKKAIDO,excluded,high,False,False,1961468,2000079,[],[],,,,,0,light,2025-03-23T04:00:00+00:00,,UNKNOWN,,,,UNKNOWN,UNKNOWN,,UNKNOWN,,0.0,1.0,6.75,2.25,0.0,2.45,4.0,0.0,3.0,0.0,1.0,3.0,,,,3.0,0.8333333333333334,13.5,1.5,3.0,5.033333333333333,6.0,2.0,4.0,2.0,1.0,9.0,,,,True,True,UNKNOWN,False,False
2021030024,2025-03-23 13:00:00,オリックス・バファローズ,阪神タイガース,2.0,1.0,UNKNOWN,京セラドーム大阪,unknown,low,False,False,2104016,1750543,[],[],,,,,0,light,2025-03-23T04:00:00+00:00,,UNKNOWN,,,,UNKNOWN,UNKNOWN,,UNKNOWN,,0.0,1.588235294117647,3.176470588235294,3.176470588235294,0.0,3.5529411764705885,5.666666666666667,0.0,7.0,0.0,2.0,2.0,,,,0.0,0.8333333333333334,9.0,1.5,0.0,1.7000000000000002,6.0,0.0,4.0,0.0,1.0,6.0,,,,True,True,UNKNOWN,False,False
2021030022,2025-03-23 14:00:00,読売ジャイアンツ,千葉ロッテマリーンズ,1.0,2.0,UNKNOWN,東京ドーム,excluded,high,False,False,1600146,2000040,[],[],,,,,0,light,2025-03-23T05:00:00+00:00,,UNKNOWN,,,,UNKNOWN,UNKNOWN,,UNKNOWN,,1.8,1.4,9.0,1.8,0.0,1.8000000000000005,5.0,1.0,6.0,0.0,1.0,5.0,,,,4.153846153846154,2.076923076923077,12.461538461538462,4.153846153846154,0.0,1.815384615384616,4.333333333333333,2.0,7.0,0.0,2.0,6.0,,,,True,True,UNKNOWN,False,False
2021030023,2025-03-23 13:30:00,中日ドラゴンズ,東北楽天ゴールデンイーグルス,1.0,3.0,UNKNOWN,バンテリンドーム ナゴヤ,excluded,high,False,False,900090,1600106,[],[],,,,,0,light,2025-03-23T04:30:00+00:00,,UNKNOWN,,,,UNKNOWN,UNKNOWN,,UNKNOWN,,2.4545454545454546,2.181818181818182,4.909090909090909,2.4545454545454546,0.0,2.9272727272727272,3.6666666666666665,1.0,7.0,0.0,1.0,2.0,,,,5.4,1.0,3.6,1.8,0.0,3.0,5.0,3.0,4.0,0.0,1.0,2.0,,,,True,True,UNKNOWN,False,False
2021030021,2025-03-23 14:00:00,埼玉西武ライオンズ,横浜DeNAベイスターズ,4.0,2.0,UNKNOWN,ベルーナドーム,excluded,high,False,False,1460045,1400182,[],[],,,,,0,light,2025-03-23T05:00:00+00:00,,UNKNOWN,,,,UNKNOWN,UNKNOWN,,UNKNOWN,,7.2,2.0,9.0,1.8,0.0,1.8000000000000005,5.0,4.0,9.0,0.0,1.0,5.0,,,,1.8,0.4,7.2,0.0,0.0,1.6,5.0,1.0,2.0,0.0,0.0,4.0,,,,True,True,UNKNOWN,False,False
2021030025,2025-03-23 14:00:00,広島東洋カープ,福岡ソフトバンクホークス,1.0,3.0,UNKNOWN,MAZDA Zoom-Zoom スタジアム広島,excluded,high,False,False,1100099,2103788,[],[],,,,,0,light,2025-03-23T05:00:00+00:00,,UNKNOWN,,,,UNKNOWN,UNKNOWN,,UNKNOWN,,0.0,1.6153846153846154,4.153846153846154,4.153846153846154,0.0,3.661538461538462,4.333333333333333,0.0,5.0,0.0,2.0,2.0,,,,3.6,1.2,12.6,1.8,0.0,1.0,5.0,2.0,5.0,0.0,1.0,7.0,,,,True,True,UNKNOWN,False,False
2021029040,2025-03-28 18:00:00,広島東洋カープ,阪神タイガース,0.0,4.0,UNKNOWN,MAZDA Zoom-Zoom スタジアム広島,unknown,low,False,False,2000055,1900052,[],[],,,,,0,light,2025-03-28T09:00:00+00:00,,UNKNOWN,,,,UNKNOWN,UNKNOWN,,UNKNOWN,,0.0,0.576923076923077,7.26923076923077,1.0384615384615383,0.0,1.9307692307692308,8.666666666666666,0.0,4.0,0.0,1.0,7.0,,,,2.571428571428572,1.0,7.714285714285714,3.857142857142857,1.2857142857142858,4.628571428571429,7.0,2.0,4.0,1.0,3.0,6.0,,,,True,True,UNKNOWN,False,False
2021029041,2025-03-28 18:00:00,埼玉西武ライオンズ,北海道日本ハムファイターズ,0.0,2.0,UNKNOWN,ベルーナドーム,excluded,high,False,False,2107859,1600127,[],[],,,,,0,light,2025-03-28T09:00:00+00:00,,UNKNOWN,,,,UNKNOWN,UNKNOWN,,UNKNOWN,,0.0,0.7777777777777778,4.0,1.0,0.0,2.644444444444445,9.0,0.0,6.0,0.0,1.0,4.0,,,,2.0,0.6666666666666666,3.0,0.0,2.0,5.422222222222223,9.0,2.0,6.0,2.0,0.0,3.0,,,,True,True,UNKNOWN,False,False
2021029038,2025-03-28 18:15:00,読売ジャイアンツ,東京ヤクルトスワローズ,6.0,5.0,UNKNOWN,東京ドーム,excluded,high,False,False,1900024,1800028,[],[],,,,,0,light,2025-03-28T09:15:00+00:00,,UNKNOWN,,,,UNKNOWN,UNKNOWN,,UNKNOWN,,0.0,1.1666666666666667,3.0,0.0,0.0,2.5333333333333337,6.0,0.0,7.0,0.0,0.0,2.0,,,,3.6,1.0,3.6,1.8,0.0,3.0,5.0,2.0,4.0,0.0,1.0,2.0,,,,True,True,UNKNOWN,False,False
2021029039,2025-03-28 18:30:00,横浜DeNAベイスターズ,中日ドラゴンズ,5.0,0.0,UNKNOWN,横浜スタジアム,excluded,high,False,False,2000042,1700058,[],[],,,,,0,light,2025-03-28T09:30:00+00:00,,UNKNOWN,,,,UNKNOWN,UNKNOWN,,UNKNOWN,,9.0,1.8,3.6,1.8,0.0,3.0,5.0,5.0,8.0,0.0,1.0,2.0,,,,0.0,0.5714285714285714,6.428571428571429,0.0,0.0,1.7714285714285716,7.0,0.0,4.0,0.0,0.0,5.0,,,,True,True,UNKNOWN,False,False
2021029042,2025-03-28 18:30:00,オリックス・バファローズ,東北楽天ゴールデンイーグルス,3.0,2.0,UNKNOWN,京セラドーム大阪,excluded,high,False,False,2000121,1900087,[],[],,,,,0,light,2025-03-28T09:30:00+00:00,,UNKNOWN,,,,UNKNOWN,UNKNOWN,,UNKNOWN,,3.0,0.6666666666666666,6.0,0.0,1.5,4.033333333333333,6.0,2.0,4.0,1.0,0.0,4.0,,,,1.125,0.25,7.875,0.0,0.0,1.4500000000000002,8.0,1.0,2.0,0.0,0.0,7.0,,,,True,True,UNKNOWN,False,False
2021029043,2025-03-28 18:30:00,福岡ソフトバンクホークス,千葉ロッテマリーンズ,2.0,8.0,UNKNOWN,みずほPayPayドーム福岡,excluded,high,False,False,1800052,1400117,[],[],,,,,0,light,2025-03-28T09:30:00+00:00,,UNKNOWN,,,,UNKNOWN,UNKNOWN,,UNKNOWN,,2.25,2.0,9.0,9.0,0.0,4.2,4.0,1.0,4.0,0.0,4.0,4.0,,,,9.0,1.1428571428571428,3.857142857142857,0.0,1.2857142857142858,4.2,7.0,7.0,8.0,1.0,0.0,3.0,,,,True,True,UNKNOWN,False,False
2021029044,2025-03-29 14:00:00,読売ジャイアンツ,東京ヤクルトスワローズ,12.0,0.0,UNKNOWN,東京ドーム,unknown,low,False,False,2103794,2103689,[],[],,,,,0,light,2025-03-29T05:00:00+00:00,,UNKNOWN,,,,UNKNOWN,UNKNOWN,,UNKNOWN,,27.0,4.5,0.0,0.0,0.0,3.2,1.3333333333333333,4.0,6.0,0.0,0.0,0.0,,,,0.0,0.2,9.0,0.0,0.0,1.2000000000000002,5.0,0.0,1.0,0.0,0.0,5.0,,,,True,True,UNKNOWN,False,False
2021029046,2025-03-29 14:00:00,広島東洋カープ,阪神タイガース,2.0,3.0,UNKNOWN,MAZDA Zoom-Zoom スタジアム広島,excluded,high,False,False,2106172,1600123,[],[],,,,,0,light,2025-03-29T05:00:00+00:00,,UNKNOWN,,,,UNKNOWN,UNKNOWN,,UNKNOWN,,2.25,1.25,6.75,0.0,0.0,1.7000000000000002,4.0,1.0,5.0,0.0,0.0,3.0,,,,3.857142857142857,1.1428571428571428,5.142857142857143,1.2857142857142858,1.2857142857142858,4.342857142857143,7.0,3.0,7.0,1.0,1.0,4.0,,,,True,True,UNKNOWN,False,False
2021029047,2025-03-29 14:00:00,埼玉西武ライオンズ,北海道日本ハムファイターズ,2.0,3.0,UNKNOWN,ベルーナドーム,unknown,low,False,False,1500110,1800081,[],[],,,,,0,light,2025-03-29T05:00:00+00:00,,UNKNOWN,,,,UNKNOWN,UNKNOWN,,UNKNOWN,,0.0,1.0,3.0,0.0,0.0,2.5333333333333337,6.0,0.0,6.0,0.0,0.0,2.0,,,,2.571428571428572,0.8571428571428571,5.142857142857143,1.2857142857142858,0.0,2.4857142857142858,7.0,2.0,5.0,0.0,1.0,4.0,,,,True,True,UNKNOWN,False,False
2021029048,2025-03-29 14:00:00,オリックス・バファローズ,東北楽天ゴールデンイーグルス,4.0,5.0,UNKNOWN,京セラドーム大阪,unknown,low,False,False,2110316,1300058,[],[],,,,,0,light,2025-03-29T05:00:00+00:00,,UNKNOWN,,,,UNKNOWN,UNKNOWN,,UNKNOWN,,0.0,0.6,5.4,1.8,0.0,2.6,5.0,0.0,2.0,0.0,1.0,3.0,,,,3.0,2.0,1.5,7.5,0.0,5.366666666666667,6.0,2.0,7.0,0.0,5.0,1.0,,,,True,True,UNKNOWN,False,False
2021029053,2025-03-30 13:00:00,埼玉西武ライオンズ,北海道日本ハムファイターズ,5.0,7.0,UNKNOWN,ベルーナドーム,excluded,high,False,False,1900129,1400182,[],[],,,,,0,light,2025-03-30T04:00:00+00:00,,UNKNOWN,,,,UNKNOWN,UNKNOWN,,UNKNOWN,,3.6,0.8,3.6,0.0,1.8,5.0,5.0,2.0,4.0,1.0,0.0,2.0,,,,10.8,1.6,5.4,1.8,3.6,7.8,5.0,6.0,7.0,2.0,1.0,3.0,,,,True,True,UNKNOWN,False,False
2021029045,2025-03-29 14:30:00,横浜DeNAベイスターズ,中日ドラゴンズ,0.0,1.0,UNKNOWN,横浜スタジアム,unknown,low,False,False,1200098,1460045,[],[],,,,,0,light,2025-03-29T05:30:00+00:00,,UNKNOWN,,,,UNKNOWN,UNKNOWN,,UNKNOWN,,0.0,0.2857142857142857,6.428571428571429,0.0,0.0,1.7714285714285716,7.0,0.0,2.0,0.0,0.0,5.0,,,,1.5,1.3333333333333333,12.0,3.0,0.0,1.5333333333333334,6.0,1.0,6.0,0.0,2.0,8.0,,,,True,True,UNKNOWN,False,False
2021029049,2025-03-29 14:00:00,福岡ソフトバンクホークス,千葉ロッテマリーンズ,4.0,5.0,UNKNOWN,みずほPayPayドーム福岡,unknown,low,False,False,1961672,1900106,[],[],,,,,0,light,2025-03-29T05:00:00+00:00,,UNKNOWN,,,,UNKNOWN,UNKNOWN,,UNKNOWN,,7.2,1.6,9.0,0.0,1.8,3.8,5.0,4.0,8.0,1.0,0.0,5.0,,,,5.4,1.0,1.8,1.8,1.8,6.0,5.0,3.0,4.0,1.0,1.0,1.0,,,,True,True,UNKNOWN,False,False
2021029055,2025-03-30 13:00:00,福岡ソフトバンクホークス,千葉ロッテマリーンズ,4.0,7.0,UNKNOWN,みずほPayPayドーム福岡,excluded,high,False,False,1600146,1100099,[],[],,,,,0,light,2025-03-30T04:00:00+00:00,,UNKNOWN,,,,UNKNOWN,UNKNOWN,,UNKNOWN,,1.5,1.6666666666666667,7.5,3.0,1.5,4.7,6.0,1.0,8.0,1.0,2.0,5.0,,,,4.05,0.6,4.05,1.35,1.35,4.7,6.666666666666667,3.0,3.0,1.0,1.0,3.0,,,,True,True,UNKNOWN,False,False
2021029054,2025-03-30 13:00:00,オリックス・バファローズ,東北楽天ゴールデンイーグルス,6.0,1.0,UNKNOWN,京セラドーム大阪,excluded,high,False,False,900090,1750543,[],[],,,,,0,light,2025-03-30T04:00:00+00:00,,UNKNOWN,,,,UNKNOWN,UNKNOWN,,UNKNOWN,,16.200000000000003,4.2,5.4,0.0,0.0,2.0,1.6666666666666663,3.0,7.0,0.0,0.0,1.0,,,,1.8,1.6,0.0,1.8,0.0,3.8,5.0,1.0,7.0,0.0,1.0,0.0,,,,True,True,UNKNOWN,False,False
2021029050,2025-03-30 14:00:00,読売ジャイアンツ,東京ヤクルトスワローズ,3.0,0.0,UNKNOWN,東京ドーム,excluded,high,False,False,1500042,2000040,[],[],,,,,0,light,2025-03-30T05:00:00+00:00,,UNKNOWN,,,,UNKNOWN,UNKNOWN,,UNKNOWN,,4.5,1.75,9.0,6.75,0.0,3.45,4.0,2.0,4.0,0.0,3.0,4.0,,,,0.0,1.0,7.2,3.6,0.0,2.8000000000000003,5.0,0.0,3.0,0.0,2.0,4.0,,,,True,True,UNKNOWN,False,False
2021029058,2025-04-01 18:00:00,阪神タイガース,横浜DeNAベイスターズ,1.0,7.0,UNKNOWN,京セラドーム大阪,excluded,high,False,False,2103904,1600115,[],[],,,,,0,light,2025-04-01T09:00:00+00:00,,UNKNOWN,,,,UNKNOWN,UNKNOWN,,UNKNOWN,,1.2857142857142858,0.7142857142857143,11.571428571428571,2.571428571428572,0.0,1.485714285714286,7.0,1.0,3.0,0.0,2.0,9.0,,,,6.352941176470588,1.7647058823529411,11.117647058823527,4.764705882352941,1.588235294117647,4.6117647058823525,5.666666666666667,4.0,7.0,1.0,3.0,7.0,,,,True,True,UNKNOWN,False,False
2021029051,2025-03-30 14:00:00,横浜DeNAベイスターズ,中日ドラゴンズ,2.0,1.0,UNKNOWN,横浜スタジアム,excluded,high,False,False,1660558,1300031,[],[],,,,,0,light,2025-03-30T05:00:00+00:00,,UNKNOWN,,,,UNKNOWN,UNKNOWN,,UNKNOWN,,2.571428571428572,0.5714285714285714,3.857142857142857,0.0,2.571428571428572,6.057142857142857,7.0,2.0,4.0,2.0,0.0,3.0,,,,0.0,1.0,3.6,1.8,0.0,3.0,5.0,0.0,4.0,0.0,1.0,2.0,,,,True,True,UNKNOWN,False,False
2021029052,2025-03-30 13:30:00,広島東洋カープ,阪神タイガース,2.0,0.0,UNKNOWN,MAZDA Zoom-Zoom スタジアム広島,excluded,high,False,False,2104016,2103788,[],[],,,,,0,light,2025-03-30T04:30:00+00:00,,UNKNOWN,,,,UNKNOWN,UNKNOWN,,UNKNOWN,,4.153846153846154,2.5384615384615388,2.076923076923077,6.230769230769231,0.0,4.815384615384616,4.333333333333333,2.0,8.0,0.0,3.0,1.0,,,,0.0,0.5714285714285714,6.428571428571429,2.571428571428572,0.0,2.628571428571429,7.0,0.0,2.0,0.0,2.0,5.0,,,,True,True,UNKNOWN,False,False
2021029057,2025-04-01 18:15:00,中日ドラゴンズ,読売ジャイアンツ,3.0,2.0,UNKNOWN,バンテリンドーム ナゴヤ,excluded,high,False,False,1900019,2100961,[],[],,,,,0,light,2025-04-01T09:15:00+00:00,,UNKNOWN,,,,UNKNOWN,UNKNOWN,,UNKNOWN,,2.571428571428572,1.0,6.428571428571429,2.571428571428572,0.0,2.628571428571429,7.0,2.0,5.0,0.0,2.0,5.0,,,,1.8,0.6,16.2,0.0,1.8,2.2,5.0,1.0,3.0,1.0,0.0,9.0,,,,True,True,UNKNOWN,False,False
2021029059,2025-04-01 18:30:00,北海道日本ハムファイターズ,福岡ソフトバンクホークス,1.0,5.0,UNKNOWN,エスコンフィールドHOKKAIDO,unknown,low,False,False,1700011,2000079,[],[],,,,,0,light,2025-04-01T09:30:00+00:00,,UNKNOWN,,,,UNKNOWN,UNKNOWN,,UNKNOWN,,1.2857142857142858,0.4285714285714285,7.714285714285714,1.2857142857142858,1.2857142857142858,3.7714285714285714,7.0,1.0,2.0,1.0,1.0,6.0,,,,9.0,2.0,7.2,1.8,3.6,7.4,5.0,5.0,9.0,2.0,1.0,4.0,,,,True,True,UNKNOWN,False,False
2021029067,2025-04-02 14:00:00,千葉ロッテマリーンズ,オリックス・バファローズ,2.0,3.0,UNKNOWN,ZOZOマリンスタジアム,excluded,high,False,False,1750595,900081,[],[],,,,,0,light,2025-04-02T05:00:00+00:00,,UNKNOWN,,,,UNKNOWN,UNKNOWN,,UNKNOWN,,0.0,1.1666666666666667,7.5,4.5,0.0,3.0333333333333337,6.0,0.0,4.0,0.0,3.0,5.0,,,,1.5,1.1666666666666667,4.5,1.5,0.0,2.7,6.0,1.0,6.0,0.0,1.0,3.0,,,,True,True,UNKNOWN,False,False
2021029063,2025-04-02 18:00:00,中日ドラゴンズ,読売ジャイアンツ,0.0,2.0,UNKNOWN,バンテリンドーム ナゴヤ,unknown,low,False,False,2000006,1600106,[],[],,,,,0,light,2025-04-02T09:00:00+00:00,,UNKNOWN,,,,UNKNOWN,UNKNOWN,,UNKNOWN,,0.0,0.75,7.875,1.125,0.0,1.825,8.0,0.0,5.0,0.0,1.0,7.0,,,,3.0,1.0,9.0,0.0,0.0,1.2000000000000002,6.0,2.0,6.0,0.0,0.0,6.0,,,,True,True,UNKNOWN,False,False
2021029064,2025-04-02 18:00:00,阪神タイガース,横浜DeNAベイスターズ,6.0,6.0,UNKNOWN,京セラドーム大阪,unknown,low,False,False,1800045,2100915,[],[],,,,,0,light,2025-04-02T09:00:00+00:00,,UNKNOWN,,,,UNKNOWN,UNKNOWN,,UNKNOWN,,6.75,1.3125,3.375,1.6875,0.0,3.0125,5.333333333333333,4.0,6.0,0.0,1.0,2.0,,,,5.0625,1.5,6.75,0.0,0.0,1.7000000000000002,5.333333333333333,3.0,8.0,0.0,0.0,4.0,,,,True,True,UNKNOWN,False,False
2021029071,2025-04-03 13:00:00,東北楽天ゴールデンイーグルス,埼玉西武ライオンズ,4.0,1.0,UNKNOWN,楽天モバイルパーク宮城,unknown,low,False,False,2106794,700065,[],[],,,,,0,light,2025-04-03T04:00:00+00:00,,UNKNOWN,,,,UNKNOWN,UNKNOWN,,UNKNOWN,,0.0,1.0,5.4,1.8,0.0,2.6,5.0,0.0,4.0,0.0,1.0,3.0,,,,1.2857142857142858,0.4285714285714285,2.571428571428572,0.0,0.0,2.628571428571429,7.0,1.0,3.0,0.0,0.0,2.0,,,,True,True,UNKNOWN,False,False
2021029062,2025-04-02 18:00:00,東京ヤクルトスワローズ,広島東洋カープ,5.0,4.0,UNKNOWN,明治神宮野球場,excluded,high,False,False,1300057,2000025,[],[],,,,,0,light,2025-04-02T09:00:00+00:00,,UNKNOWN,,,,UNKNOWN,UNKNOWN,,UNKNOWN,,1.8,1.4,5.4,3.6,0.0,3.2,5.0,1.0,5.0,0.0,2.0,3.0,,,,6.0,1.0,6.0,0.0,3.0,6.2,6.0,4.0,6.0,2.0,0.0,4.0,,,,True,True,UNKNOWN,False,False
2021029072,2025-04-03 14:00:00,千葉ロッテマリーンズ,オリックス・バファローズ,2.0,3.0,UNKNOWN,ZOZOマリンスタジアム,excluded,high,False,False,2108177,1300080,[],[],,,,,0,light,2025-04-03T05:00:00+00:00,,UNKNOWN,,,,UNKNOWN,UNKNOWN,,UNKNOWN,,3.375,1.125,6.75,3.375,0.0,2.825,5.333333333333333,2.0,4.0,0.0,2.0,4.0,,,,0.0,2.25,0.0,0.0,0.0,3.2,1.3333333333333333,0.0,3.0,0.0,0.0,0.0,,,,True,True,UNKNOWN,False,False
2021029069,2025-04-03 18:00:00,中日ドラゴンズ,読売ジャイアンツ,3.0,5.0,UNKNOWN,バンテリンドーム ナゴヤ,excluded,high,False,False,700069,1000138,[],[],,,,,0,light,2025-04-03T09:00:00+00:00,,UNKNOWN,,,,UNKNOWN,UNKNOWN,,UNKNOWN,,1.8,1.6,1.8,5.4,0.0,4.6,5.0,1.0,5.0,0.0,3.0,1.0,,,,3.6,1.8,3.6,1.8,0.0,3.0,5.0,2.0,8.0,0.0,1.0,2.0,,,,True,True,UNKNOWN,False,False
2021029065,2025-04-02 18:30:00,北海道日本ハムファイターズ,福岡ソフトバンクホークス,3.0,1.0,UNKNOWN,エスコンフィールドHOKKAIDO,excluded,high,False,False,2107792,1750903,[],[],,,,,0,light,2025-04-02T09:30:00+00:00,,UNKNOWN,,,,UNKNOWN,UNKNOWN,,UNKNOWN,,2.076923076923077,1.153846153846154,2.076923076923077,2.076923076923077,0.0,3.430769230769231,4.333333333333333,1.0,4.0,0.0,1.0,1.0,,,,1.8,2.0,7.2,7.2,0.0,4.0,5.0,1.0,6.0,0.0,4.0,4.0,,,,True,True,UNKNOWN,False,False
2021029068,2025-04-03 18:00:00,東京ヤクルトスワローズ,広島東洋カープ,3.0,0.0,UNKNOWN,明治神宮野球場,unknown,low,False,False,1900057,1200076,[],[],,,,,0,light,2025-04-03T09:00:00+00:00,,UNKNOWN,,,,UNKNOWN,UNKNOWN,,UNKNOWN,,3.6,1.2,5.4,1.8,0.0,2.6,5.0,2.0,5.0,0.0,1.0,3.0,,,,0.0,0.2222222222222222,4.0,0.0,0.0,2.311111111111112,9.0,0.0,2.0,0.0,0.0,4.0,,,,True,True,UNKNOWN,False,False
2021029070,2025-04-03 18:00:00,阪神タイガース,横浜DeNAベイスターズ,2.0,5.0,UNKNOWN,京セラドーム大阪,excluded,high,False,False,1961374,1960901,[],[],,,,,0,light,2025-04-03T09:00:00+00:00,,UNKNOWN,,,,UNKNOWN,UNKNOWN,,UNKNOWN,,0.0,0.7142857142857143,10.285714285714286,1.2857142857142858,0.0,1.342857142857143,7.0,0.0,4.0,0.0,1.0,8.0,,,,1.5,0.5,12.0,0.0,0.0,0.5333333333333337,6.0,1.0,3.0,0.0,0.0,8.0,,,,True,True,UNKNOWN,False,False
2021029073,2025-04-04 18:00:00,読売ジャイアンツ,阪神タイガース,2.0,7.0,UNKNOWN,東京ドーム,unknown,low,False,False,2000055,1800028,[],[],,,,,0,light,2025-04-04T09:00:00+00:00,,UNKNOWN,,,,UNKNOWN,UNKNOWN,,UNKNOWN,,1.2857142857142858,0.7142857142857143,7.714285714285714,0.0,0.0,1.485714285714286,7.0,1.0,5.0,0.0,0.0,6.0,,,,9.0,3.0,6.0,6.0,0.0,3.866666666666666,3.0,3.0,7.0,0.0,2.0,2.0,,,,True,True,UNKNOWN,False,False
2021029074,2025-04-04 18:00:00,東京ヤクルトスワローズ,中日ドラゴンズ,1.0,1.0,UNKNOWN,明治神宮野球場,excluded,high,False,False,2000042,1300045,[],[],,,,,0,light,2025-04-04T09:00:00+00:00,,UNKNOWN,,,,UNKNOWN,UNKNOWN,,UNKNOWN,,0.0,0.625,6.75,2.25,0.0,2.45,8.0,0.0,3.0,0.0,2.0,6.0,,,,1.5,0.8333333333333334,9.0,1.5,0.0,1.7000000000000002,6.0,1.0,4.0,0.0,1.0,6.0,,,,True,True,UNKNOWN,False,False
2021029075,2025-04-04 18:00:00,広島東洋カープ,横浜DeNAベイスターズ,8.0,2.0,UNKNOWN,MAZDA Zoom-Zoom スタジアム広島,unknown,low,False,False,2112182,1900052,[],[],,,,,0,light,2025-04-04T09:00:00+00:00,,UNKNOWN,,,,UNKNOWN,UNKNOWN,,UNKNOWN,,6.75,1.25,13.5,0.0,0.0,0.2000000000000001,4.0,3.0,5.0,0.0,0.0,6.0,,,,0.0,0.5,3.375,0.0,1.125,4.075,8.0,0.0,4.0,1.0,0.0,3.0,,,,True,True,UNKNOWN,False,False
2021029076,2025-04-04 18:00:00,北海道日本ハムファイターズ,オリックス・バファローズ,3.0,4.0,UNKNOWN,エスコンフィールドHOKKAIDO,unknown,low,False,False,1900087,1400195,[],[],,,,,0,light,2025-04-04T09:00:00+00:00,,UNKNOWN,,,,UNKNOWN,UNKNOWN,,UNKNOWN,,3.375,1.0,10.125,1.125,2.25,4.575,8.0,3.0,7.0,2.0,1.0,9.0,,,,3.0,1.3333333333333333,4.5,0.0,0.0,2.2,6.0,2.0,8.0,0.0,0.0,3.0,,,,True,True,UNKNOWN,False,False
2021029078,2025-04-04 18:00:00,福岡ソフトバンクホークス,埼玉西武ライオンズ,0.0,6.0,UNKNOWN,みずほPayPayドーム福岡,unknown,low,False,False,1600127,1400117,[],[],,,,,0,light,2025-04-04T09:00:00+00:00,,UNKNOWN,,,,UNKNOWN,UNKNOWN,,UNKNOWN,,0.0,0.8571428571428571,12.857142857142858,2.571428571428572,0.0,1.2000000000000002,7.0,0.0,4.0,0.0,2.0,10.0,,,,16.2,2.4,2.7,5.4,0.0,4.4,3.333333333333333,6.0,6.0,0.0,2.0,1.0,,,,True,True,UNKNOWN,False,False
2021029077,2025-04-04 18:00:00,千葉ロッテマリーンズ,東北楽天ゴールデンイーグルス,1.0,3.0,UNKNOWN,ZOZOマリンスタジアム,excluded,high,False,False,2000121,2102758,[],[],,,,,0,light,2025-04-04T09:00:00+00:00,,UNKNOWN,,,,UNKNOWN,UNKNOWN,,UNKNOWN,,1.2857142857142858,0.5714285714285714,5.142857142857143,2.571428571428572,1.2857142857142858,4.771428571428571,7.0,1.0,2.0,1.0,2.0,4.0,,,,3.6,2.0,12.6,1.8,1.8,3.6,5.0,2.0,9.0,1.0,1.0,7.0,,,,True,True,UNKNOWN,False,False
2021029079,2025-04-05 14:00:00,読売ジャイアンツ,阪神タイガース,3.0,4.0,UNKNOWN,東京ドーム,unknown,low,False,False,2106172,2103689,[],[],,,,,0,light,2025-04-05T05:00:00+00:00,,UNKNOWN,,,,UNKNOWN,UNKNOWN,,UNKNOWN,,1.8,0.6,1.8,0.0,0.0,2.8000000000000003,5.0,1.0,3.0,0.0,0.0,1.0,,,,4.5,1.0,3.0,0.0,3.0,6.866666666666667,6.0,3.0,6.0,2.0,0.0,2.0,,,,True,True,UNKNOWN,False,False
2021029081,2025-04-05 14:00:00,広島東洋カープ,横浜DeNAベイスターズ,8.0,7.0,UNKNOWN,MAZDA Zoom-Zoom スタジアム広島,unknown,low,False,False,1700058,1600123,[],[],,,,,0,light,2025-04-05T05:00:00+00:00,,UNKNOWN,,,,UNKNOWN,UNKNOWN,,UNKNOWN,,2.4545454545454546,1.090909090909091,2.4545454545454546,1.2272727272727273,1.2272727272727273,4.836363636363637,7.333333333333333,2.0,7.0,1.0,1.0,2.0,,,,2.571428571428572,0.8571428571428571,5.142857142857143,0.0,0.0,2.0571428571428574,7.0,2.0,6.0,0.0,0.0,4.0,,,,True,True,UNKNOWN,False,False
2021029083,2025-04-05 14:00:00,千葉ロッテマリーンズ,東北楽天ゴールデンイーグルス,1.0,0.0,UNKNOWN,ZOZOマリンスタジアム,excluded,high,False,False,2060039,1800052,[],[],,,,,0,light,2025-04-05T05:00:00+00:00,,UNKNOWN,,,,UNKNOWN,UNKNOWN,,UNKNOWN,,0.0,1.0,9.0,0.0,0.0,1.2000000000000002,2.0,0.0,2.0,0.0,0.0,2.0,,,,0.0,0.75,7.875,2.25,0.0,2.2,8.0,0.0,4.0,0.0,2.0,7.0,,,,True,True,UNKNOWN,False,False
2021029080,2025-04-05 14:00:00,東京ヤクルトスワローズ,中日ドラゴンズ,2.0,0.0,UNKNOWN,明治神宮野球場,unknown,low,False,False,1200098,1961468,[],[],,,,,0,light,2025-04-05T05:00:00+00:00,,UNKNOWN,,,,UNKNOWN,UNKNOWN,,UNKNOWN,,3.6,1.2,1.8,3.6,1.8,6.6,5.0,2.0,4.0,1.0,2.0,1.0,,,,0.0,0.6666666666666666,6.0,1.5,0.0,2.3666666666666667,6.0,0.0,3.0,0.0,1.0,4.0,,,,True,True,UNKNOWN,False,False
2021029085,2025-04-06 13:00:00,読売ジャイアンツ,阪神タイガース,0.0,1.0,UNKNOWN,東京ドーム,unknown,low,False,False,2104016,2000040,[],[],,,,,0,light,2025-04-06T04:00:00+00:00,,UNKNOWN,,,,UNKNOWN,UNKNOWN,,UNKNOWN,,0.0,1.0588235294117647,6.352941176470588,1.588235294117647,0.0,2.3176470588235296,5.666666666666667,0.0,5.0,0.0,1.0,4.0,,,,1.8,0.8,7.2,5.4,0.0,3.4000000000000004,5.0,1.0,1.0,0.0,3.0,4.0,,,,True,True,UNKNOWN,False,False
2021029084,2025-04-05 14:00:00,福岡ソフトバンクホークス,埼玉西武ライオンズ,3.0,6.0,UNKNOWN,みずほPayPayドーム福岡,excluded,high,False,False,1751148,1900106,[],[],,,,,0,light,2025-04-05T05:00:00+00:00,,UNKNOWN,,,,UNKNOWN,UNKNOWN,,UNKNOWN,,2.571428571428572,0.8571428571428571,7.714285714285714,1.2857142857142858,0.0,1.9142857142857144,7.0,2.0,5.0,0.0,1.0,6.0,,,,3.0,0.8333333333333334,3.0,4.5,1.5,6.2,6.0,2.0,2.0,1.0,3.0,2.0,,,,True,True,UNKNOWN,False,False
2021029088,2025-04-06 13:00:00,北海道日本ハムファイターズ,オリックス・バファローズ,4.0,6.0,UNKNOWN,エスコンフィールドHOKKAIDO,unknown,low,False,False,1750543,1900129,[],[],,,,,0,light,2025-04-06T04:00:00+00:00,,UNKNOWN,,,,UNKNOWN,UNKNOWN,,UNKNOWN,,6.0,2.0,9.0,6.0,3.0,7.533333333333333,3.0,2.0,4.0,1.0,2.0,3.0,,,,7.5,1.3333333333333333,7.5,1.5,1.5,4.2,6.0,5.0,7.0,1.0,1.0,5.0,,,,True,True,UNKNOWN,False,False
2021029086,2025-04-06 13:30:00,東京ヤクルトスワローズ,中日ドラゴンズ,5.0,6.0,UNKNOWN,明治神宮野球場,unknown,low,False,False,1660558,1900024,[],[],,,,,0,light,2025-04-06T04:30:00+00:00,,UNKNOWN,,,,UNKNOWN,UNKNOWN,,UNKNOWN,,7.5,1.5,4.5,1.5,3.0,7.033333333333333,6.0,5.0,8.0,2.0,1.0,3.0,,,,9.0,1.6,3.6,1.8,1.8,5.6,5.0,5.0,7.0,1.0,1.0,2.0,,,,True,True,UNKNOWN,False,False
2021029090,2025-04-06 13:00:00,福岡ソフトバンクホークス,埼玉西武ライオンズ,11.0,1.0,UNKNOWN,みずほPayPayドーム福岡,unknown,low,False,False,1800081,1100099,[],[],,,,,0,light,2025-04-06T04:00:00+00:00,,UNKNOWN,,,,UNKNOWN,UNKNOWN,,UNKNOWN,,10.384615384615383,2.076923076923077,2.076923076923077,2.076923076923077,2.076923076923077,6.430769230769231,4.333333333333333,5.0,8.0,1.0,1.0,1.0,,,,0.0,1.1666666666666667,3.0,1.5,0.0,3.0333333333333337,6.0,0.0,6.0,0.0,1.0,2.0,,,,True,True,UNKNOWN,False,False
2021029082,2025-04-05 14:00:00,北海道日本ハムファイターズ,オリックス・バファローズ,1.0,11.0,UNKNOWN,エスコンフィールドHOKKAIDO,unknown,low,False,False,1300058,2107859,[],[],,,,,0,light,2025-04-05T05:00:00+00:00,,UNKNOWN,,,,UNKNOWN,UNKNOWN,,UNKNOWN,,1.125,0.625,6.75,0.0,1.125,3.325,8.0,1.0,5.0,1.0,0.0,6.0,,,,11.25,2.25,4.5,4.5,2.25,6.95,4.0,5.0,7.0,1.0,2.0,2.0,,,,True,True,UNKNOWN,False,False
2021029087,2025-04-06 13:30:00,広島東洋カープ,横浜DeNAベイスターズ,7.0,6.0,UNKNOWN,MAZDA Zoom-Zoom スタジアム広島,unknown,low,False,False,1300031,2103788,[],[],,,,,0,light,2025-04-06T04:30:00+00:00,,UNKNOWN,,,,UNKNOWN,UNKNOWN,,UNKNOWN,,15.0,3.0,3.0,3.0,0.0,3.5333333333333337,3.0,5.0,8.0,0.0,1.0,1.0,,,,4.764705882352941,1.2352941176470589,7.941176470588235,3.176470588235294,0.0,2.494117647058824,5.666666666666667,3.0,5.0,0.0,2.0,5.0,,,,True,True,UNKNOWN,False,False
2021029089,2025-04-06 14:00:00,千葉ロッテマリーンズ,東北楽天ゴールデンイーグルス,0.0,5.0,UNKNOWN,ZOZOマリンスタジアム,unknown,low,False,False,2110316,1961672,[],[],,,,,0,light,2025-04-06T05:00:00+00:00,,UNKNOWN,,,,UNKNOWN,UNKNOWN,,UNKNOWN,,0.0,0.3333333333333333,5.0,0.0,0.0,2.088888888888889,9.0,0.0,3.0,0.0,0.0,5.0,,,,6.75,2.5,9.0,9.0,0.0,4.2,4.0,3.0,6.0,0.0,4.0,4.0,,,,True,True,UNKNOWN,False,False
2021029092,2025-04-08 18:00:00,中日ドラゴンズ,広島東洋カープ,1.0,1.0,UNKNOWN,ぎふしん長良川球場,unknown,low,False,False,2117228,2100961,[],[],,,,,0,light,2025-04-08T09:00:00+00:00,,UNKNOWN,,,,UNKNOWN,UNKNOWN,,UNKNOWN,,1.5,1.0,3.0,7.5,0.0,5.033333333333333,6.0,1.0,1.0,0.0,5.0,2.0,,,,1.1739130434782608,0.7826086956521738,7.0434782608695645,2.347826086956521,0.0,2.4173913043478263,7.666666666666667,1.0,4.0,0.0,2.0,6.0,,,,True,True,UNKNOWN,False,False
2021029091,2025-04-08 18:00:00,横浜DeNAベイスターズ,読売ジャイアンツ,3.0,3.0,UNKNOWN,横浜スタジアム,unknown,low,False,False,1900019,2103904,[],[],,,,,0,light,2025-04-08T09:00:00+00:00,,UNKNOWN,,,,UNKNOWN,UNKNOWN,,UNKNOWN,,3.0,1.1666666666666667,7.5,1.5,0.0,2.033333333333333,6.0,2.0,6.0,0.0,1.0,5.0,,,,1.5,1.0,10.5,1.5,0.0,1.366666666666667,6.0,1.0,5.0,0.0,1.0,7.0,,,,True,True,UNKNOWN,False,False
2021029095,2025-04-08 18:00:00,埼玉西武ライオンズ,千葉ロッテマリーンズ,3.0,7.0,UNKNOWN,ベルーナドーム,unknown,low,False,False,1600146,1400182,[],[],,,,,0,light,2025-04-08T09:00:00+00:00,,UNKNOWN,,,,UNKNOWN,UNKNOWN,,UNKNOWN,,1.2857142857142858,0.8571428571428571,3.857142857142857,3.857142857142857,0.0,3.628571428571429,7.0,1.0,3.0,0.0,3.0,3.0,,,,1.8,1.2,5.4,3.6,0.0,3.2,5.0,1.0,4.0,0.0,2.0,3.0,,,,True,True,UNKNOWN,False,False
2021029096,2025-04-08 18:00:00,オリックス・バファローズ,福岡ソフトバンクホークス,2.0,5.0,UNKNOWN,京セラドーム大阪,unknown,low,False,False,1700011,1650221,[],[],,,,,0,light,2025-04-08T09:00:00+00:00,,UNKNOWN,,,,UNKNOWN,UNKNOWN,,UNKNOWN,,0.0,1.2,7.2,0.0,0.0,1.6,5.0,0.0,6.0,0.0,0.0,4.0,,,,1.8,1.8,1.8,5.4,0.0,4.6,5.0,1.0,6.0,0.0,3.0,1.0,,,,True,True,UNKNOWN,False,False
2021029093,2025-04-08 18:00:00,阪神タイガース,東京ヤクルトスワローズ,0.0,1.0,UNKNOWN,阪神甲子園球場,unknown,low,False,False,1500042,1600115,[],[],,,,,0,light,2025-04-08T09:00:00+00:00,,UNKNOWN,,,,UNKNOWN,UNKNOWN,,UNKNOWN,,0.0,0.75,10.125,3.375,0.0,2.075,8.0,0.0,3.0,0.0,3.0,9.0,,,,1.125,1.0,6.75,3.375,0.0,2.825,8.0,1.0,5.0,0.0,3.0,6.0,,,,True,True,UNKNOWN,False,False
2021029094,2025-04-08 18:00:00,東北楽天ゴールデンイーグルス,北海道日本ハムファイターズ,2.0,5.0,UNKNOWN,楽天モバイルパーク宮城,unknown,low,False,False,2000079,2000123,[],[],,,,,0,light,2025-04-08T09:00:00+00:00,,UNKNOWN,,,,UNKNOWN,UNKNOWN,,UNKNOWN,,2.0,0.5555555555555556,13.0,1.0,1.0,2.088888888888889,9.0,2.0,4.0,1.0,1.0,13.0,,,,3.6,1.6,7.2,5.4,1.8,6.0,5.0,2.0,5.0,1.0,3.0,4.0,,,,True,True,UNKNOWN,False,False
2021029097,2025-04-09 18:00:00,横浜DeNAベイスターズ,読売ジャイアンツ,3.0,6.0,UNKNOWN,横浜スタジアム,climax,high,False,True,2000006,1800045,[],[],,,,,0,light,2025-04-09T09:00:00+00:00,,UNKNOWN,,,,UNKNOWN,UNKNOWN,,UNKNOWN,,0.0,0.25,6.75,0.0,0.0,1.7000000000000002,8.0,0.0,2.0,0.0,0.0,6.0,,,,3.0,1.3333333333333333,9.0,1.5,3.0,6.033333333333333,6.0,2.0,7.0,2.0,1.0,6.0,,,,True,True,UNKNOWN,False,False
2021029098,2025-04-09 18:00:00,中日ドラゴンズ,広島東洋カープ,3.0,1.0,UNKNOWN,バンテリンドーム ナゴヤ,unknown,low,False,False,1300057,1600106,[],[],,,,,0,light,2025-04-09T09:00:00+00:00,,UNKNOWN,,,,UNKNOWN,UNKNOWN,,UNKNOWN,,1.5,0.8333333333333334,6.0,0.0,0.0,1.866666666666667,6.0,1.0,5.0,0.0,0.0,4.0,,,,0.0,0.8571428571428571,7.714285714285714,2.571428571428572,0.0,2.342857142857143,7.0,0.0,4.0,0.0,2.0,6.0,,,,True,True,UNKNOWN,False,False
2021029099,2025-04-09 18:00:00,阪神タイガース,東京ヤクルトスワローズ,3.0,5.0,UNKNOWN,阪神甲子園球場,unknown,low,False,False,12113,2100915,[],[],,,,,0,light,2025-04-09T09:00:00+00:00,,UNKNOWN,,,,UNKNOWN,UNKNOWN,,UNKNOWN,,1.8,1.2,3.6,1.8,0.0,3.0,5.0,1.0,5.0,0.0,1.0,2.0,,,,3.6,1.2,9.0,3.6,0.0,2.4000000000000004,5.0,2.0,4.0,0.0,2.0,5.0,,,,True,True,UNKNOWN,False,False
2021029101,2025-04-09 18:00:00,埼玉西武ライオンズ,千葉ロッテマリーンズ,2.0,0.0,UNKNOWN,埼玉県営大宮公園野球場,unknown,low,False,False,900081,2103657,[],[],,,,,0,light,2025-04-09T09:00:00+00:00,,UNKNOWN,,,,UNKNOWN,UNKNOWN,,UNKNOWN,,3.0,1.1666666666666667,0.0,1.5,0.0,3.7,6.0,2.0,6.0,0.0,1.0,0.0,,,,0.0,0.8333333333333334,9.0,4.5,0.0,2.7,6.0,0.0,2.0,0.0,3.0,6.0,,,,True,True,UNKNOWN,False,False
2021029100,2025-04-09 18:00:00,東北楽天ゴールデンイーグルス,北海道日本ハムファイターズ,2.0,8.0,UNKNOWN,楽天モバイルパーク宮城,unknown,low,False,False,1500110,900090,[],[],,,,,0,light,2025-04-09T09:00:00+00:00,,UNKNOWN,,,,UNKNOWN,UNKNOWN,,UNKNOWN,,1.6875,1.3125,1.6875,0.0,0.0,2.825,5.333333333333333,1.0,7.0,0.0,0.0,1.0,,,,8.307692307692308,2.076923076923077,0.0,2.076923076923077,2.076923076923077,6.892307692307693,4.333333333333333,4.0,8.0,1.0,1.0,0.0,,,,True,True,UNKNOWN,False,False
2021029104,2025-04-10 18:00:00,阪神タイガース,東京ヤクルトスワローズ,0.0,0.0,UNKNOWN,阪神甲子園球場,unknown,low,False,False,2000025,1960901,[],[],,,,,0,light,2025-04-10T09:00:00+00:00,,UNKNOWN,,,,UNKNOWN,UNKNOWN,,UNKNOWN,,0.0,1.5,9.0,0.0,0.0,1.2000000000000002,2.0,0.0,3.0,0.0,0.0,2.0,,,,0.0,0.75,6.75,6.75,0.0,3.95,2.6666666666666665,0.0,0.0,0.0,2.0,2.0,,,,True,True,UNKNOWN,False,False
2021029102,2025-04-09 18:00:00,オリックス・バファローズ,福岡ソフトバンクホークス,9.0,10.0,UNKNOWN,京セラドーム大阪,excluded,high,False,False,1550517,1750595,[],[],,,,,0,light,2025-04-09T09:00:00+00:00,,UNKNOWN,,,,UNKNOWN,UNKNOWN,,UNKNOWN,,8.307692307692308,1.8461538461538465,4.153846153846154,2.076923076923077,2.076923076923077,5.969230769230769,4.333333333333333,4.0,7.0,1.0,1.0,2.0,,,,1.5,1.1666666666666667,7.5,3.0,0.0,2.5333333333333337,6.0,1.0,5.0,0.0,2.0,5.0,,,,True,True,UNKNOWN,False,False
2021029103,2025-04-10 18:00:00,中日ドラゴンズ,広島東洋カープ,1.0,2.0,UNKNOWN,バンテリンドーム ナゴヤ,unknown,low,False,False,1900057,1000138,[],[],,,,,0,light,2025-04-10T09:00:00+00:00,,UNKNOWN,,,,UNKNOWN,UNKNOWN,,UNKNOWN,,1.2857142857142858,0.7142857142857143,9.0,0.0,0.0,1.2000000000000002,7.0,1.0,5.0,0.0,0.0,7.0,,,,0.0,0.3333333333333333,7.5,0.0,0.0,1.5333333333333334,6.0,0.0,2.0,0.0,0.0,5.0,,,,True,True,UNKNOWN,False,False
2021029107,2025-04-11 18:00:00,横浜DeNAベイスターズ,東京ヤクルトスワローズ,0.0,0.0,UNKNOWN,横浜スタジアム,unknown,low,False,False,2103794,1460045,[],[],,,,,0,light,2025-04-11T09:00:00+00:00,,UNKNOWN,,,,UNKNOWN,UNKNOWN,,UNKNOWN,,0.0,0.5,0.0,0.0,0.0,3.2,2.0,0.0,1.0,0.0,0.0,0.0,,,,0.0,0.3333333333333333,6.0,0.0,0.0,1.866666666666667,3.0,0.0,1.0,0.0,0.0,2.0,,,,True,True,UNKNOWN,False,False
2021029105,2025-04-10 18:00:00,東北楽天ゴールデンイーグルス,北海道日本ハムファイターズ,0.0,10.0,UNKNOWN,楽天モバイルパーク宮城,unknown,low,False,False,1750903,700065,[],[],,,,,0,light,2025-04-10T09:00:00+00:00,,UNKNOWN,,,,UNKNOWN,UNKNOWN,,UNKNOWN,,0.0,0.8333333333333334,12.0,4.5,0.0,2.033333333333333,6.0,0.0,2.0,0.0,3.0,8.0,,,,18.0,3.25,4.5,2.25,2.25,6.2,4.0,8.0,12.0,1.0,1.0,2.0,,,,True,True,UNKNOWN,False,False
2021029106,2025-04-10 18:00:00,オリックス・バファローズ,福岡ソフトバンクホークス,1.0,1.0,UNKNOWN,京セラドーム大阪,unknown,low,False,False,2107792,2108177,[],[],,,,,0,light,2025-04-10T09:00:00+00:00,,UNKNOWN,,,,UNKNOWN,UNKNOWN,,UNKNOWN,,1.8,1.2,1.8,1.8,1.8,6.0,5.0,1.0,5.0,1.0,1.0,1.0,,,,1.2857142857142858,1.0,11.571428571428571,3.857142857142857,0.0,1.9142857142857144,7.0,1.0,4.0,0.0,3.0,9.0,,,,True,True,UNKNOWN,False,False
2021029108,2025-04-11 18:00:00,阪神タイガース,中日ドラゴンズ,6.0,3.0,UNKNOWN,阪神甲子園球場,unknown,low,False,False,2000042,2000055,[],[],,,,,0,light,2025-04-11T09:00:00+00:00,,UNKNOWN,,,,UNKNOWN,UNKNOWN,,UNKNOWN,,11.25,2.25,13.5,0.0,0.0,0.2000000000000001,4.0,5.0,9.0,0.0,0.0,6.0,,,,5.4,1.0,10.8,1.8,1.8,4.0,5.0,3.0,4.0,1.0,1.0,6.0,,,,True,True,UNKNOWN,False,False
2021029110,2025-04-11 18:00:00,北海道日本ハムファイターズ,埼玉西武ライオンズ,2.0,0.0,UNKNOWN,エスコンフィールドHOKKAIDO,unknown,low,False,False,1600127,1400195,[],[],,,,,0,light,2025-04-11T09:00:00+00:00,,UNKNOWN,,,,UNKNOWN,UNKNOWN,,UNKNOWN,,0.0,0.875,4.5,4.5,0.0,3.7,8.0,0.0,3.0,0.0,4.0,4.0,,,,0.0,0.5,2.25,2.25,0.0,3.45,8.0,0.0,2.0,0.0,2.0,2.0,,,,True,True,UNKNOWN,False,False
2021029109,2025-04-11 18:00:00,広島東洋カープ,読売ジャイアンツ,12.0,3.0,UNKNOWN,MAZDA Zoom-Zoom スタジアム広島,unknown,low,False,False,1800028,1900052,[],[],,,,,0,light,2025-04-11T09:00:00+00:00,,UNKNOWN,,,,UNKNOWN,UNKNOWN,,UNKNOWN,,24.3,3.9,5.4,8.1,0.0,4.7,3.333333333333333,9.0,10.0,0.0,3.0,2.0,,,,3.0,0.6666666666666666,12.0,0.0,0.0,0.5333333333333337,6.0,2.0,4.0,0.0,0.0,8.0,,,,True,True,UNKNOWN,False,False
2021029111,2025-04-11 18:00:00,東北楽天ゴールデンイーグルス,オリックス・バファローズ,1.0,4.0,UNKNOWN,楽天モバイルパーク宮城,excluded,high,False,False,1700109,2000121,[],[],,,,,0,light,2025-04-11T09:00:00+00:00,,UNKNOWN,,,,UNKNOWN,UNKNOWN,,UNKNOWN,,0.0,1.4,5.4,0.0,0.0,2.0,5.0,0.0,7.0,0.0,0.0,3.0,,,,4.764705882352941,1.9411764705882355,6.352941176470588,4.764705882352941,1.588235294117647,5.670588235294117,5.666666666666667,3.0,8.0,1.0,3.0,4.0,,,,True,True,UNKNOWN,False,False
2021029112,2025-04-11 18:00:00,千葉ロッテマリーンズ,福岡ソフトバンクホークス,4.0,5.0,UNKNOWN,ZOZOマリンスタジアム,unknown,low,False,False,1400117,1300080,[],[],,,,,0,light,2025-04-11T09:00:00+00:00,,UNKNOWN,,,,UNKNOWN,UNKNOWN,,UNKNOWN,,4.05,1.95,5.4,4.05,1.35,5.300000000000001,6.666666666666667,3.0,10.0,1.0,3.0,4.0,,,,3.6,0.8,5.4,1.8,1.8,5.2,5.0,2.0,3.0,1.0,1.0,3.0,,,,True,True,UNKNOWN,False,False
2021029113,2025-04-12 14:00:00,横浜DeNAベイスターズ,東京ヤクルトスワローズ,5.0,4.0,UNKNOWN,横浜スタジアム,unknown,low,False,False,1961468,1961374,[],[],,,,,0,light,2025-04-12T05:00:00+00:00,,UNKNOWN,,,,UNKNOWN,UNKNOWN,,UNKNOWN,,7.2,1.6,3.6,1.8,0.0,3.0,5.0,4.0,7.0,0.0,1.0,2.0,,,,0.0,0.2857142857142857,11.571428571428571,0.0,0.0,0.6285714285714286,7.0,0.0,2.0,0.0,0.0,9.0,,,,True,True,UNKNOWN,False,False
2021029114,2025-04-12 14:00:00,阪神タイガース,中日ドラゴンズ,2.0,3.0,UNKNOWN,阪神甲子園球場,excluded,high,False,False,1200098,900062,[],[],,,,,0,light,2025-04-12T05:00:00+00:00,,UNKNOWN,,,,UNKNOWN,UNKNOWN,,UNKNOWN,,1.2857142857142858,1.1428571428571428,7.714285714285714,0.0,0.0,1.485714285714286,7.0,1.0,8.0,0.0,0.0,6.0,,,,5.785714285714286,1.9285714285714284,3.8571428571428568,3.8571428571428568,0.0,3.628571428571429,4.666666666666667,3.0,7.0,0.0,2.0,2.0,,,,True,True,UNKNOWN,False,False
2021029115,2025-04-12 14:00:00,広島東洋カープ,読売ジャイアンツ,1.0,0.0,UNKNOWN,MAZDA Zoom-Zoom スタジアム広島,unknown,low,False,False,2103689,1600123,[],[],,,,,0,light,2025-04-12T05:00:00+00:00,,UNKNOWN,,,,UNKNOWN,UNKNOWN,,UNKNOWN,,1.5,1.1666666666666667,7.5,0.0,0.0,1.5333333333333334,6.0,1.0,7.0,0.0,0.0,5.0,,,,0.0,1.2222222222222223,7.0,3.0,0.0,2.644444444444445,9.0,0.0,8.0,0.0,3.0,7.0,,,,True,True,UNKNOWN,False,False
2021029116,2025-04-12 14:00:00,北海道日本ハムファイターズ,埼玉西武ライオンズ,1.0,2.0,UNKNOWN,エスコンフィールドHOKKAIDO,unknown,low,False,False,1751148,2107859,[],[],,,,,0,light,2025-04-12T05:00:00+00:00,,UNKNOWN,,,,UNKNOWN,UNKNOWN,,UNKNOWN,,0.0,0.625,4.5,1.125,0.0,2.575,8.0,0.0,4.0,0.0,1.0,4.0,,,,0.0,1.3333333333333333,4.5,4.5,0.0,3.7,6.0,0.0,5.0,0.0,3.0,3.0,,,,True,True,UNKNOWN,False,False
2021029117,2025-04-12 14:00:00,東北楽天ゴールデンイーグルス,オリックス・バファローズ,2.0,4.0,UNKNOWN,楽天モバイルパーク宮城,unknown,low,False,False,1300058,2103736,[],[],,,,,0,light,2025-04-12T05:00:00+00:00,,UNKNOWN,,,,UNKNOWN,UNKNOWN,,UNKNOWN,,0.0,1.125,10.125,3.375,0.0,2.075,8.0,0.0,6.0,0.0,3.0,9.0,,,,9.0,2.5,0.0,2.25,0.0,3.95,4.0,4.0,9.0,0.0,1.0,0.0,,,,True,True,UNKNOWN,False,False
2021029118,2025-04-12 14:00:00,千葉ロッテマリーンズ,福岡ソフトバンクホークス,0.0,8.0,UNKNOWN,ZOZOマリンスタジアム,unknown,low,False,False,1900106,1800052,[],[],,,,,0,light,2025-04-12T05:00:00+00:00,,UNKNOWN,,,,UNKNOWN,UNKNOWN,,UNKNOWN,,0.0,0.4285714285714285,10.285714285714286,1.2857142857142858,0.0,1.342857142857143,7.0,0.0,2.0,0.0,1.0,8.0,,,,7.2,2.0,5.4,1.8,1.8,5.2,5.0,4.0,9.0,1.0,1.0,3.0,,,,True,True,UNKNOWN,False,False
2021029122,2025-04-13 13:00:00,北海道日本ハムファイターズ,埼玉西武ライオンズ,2.0,7.0,UNKNOWN,エスコンフィールドHOKKAIDO,unknown,low,False,False,1800081,1900129,[],[],,,,,0,light,2025-04-13T04:00:00+00:00,,UNKNOWN,,,,UNKNOWN,UNKNOWN,,UNKNOWN,,1.8,1.2,3.6,3.6,0.0,3.6,5.0,1.0,4.0,0.0,2.0,2.0,,,,9.0,2.333333333333333,3.0,6.0,0.0,4.533333333333333,3.0,3.0,5.0,0.0,2.0,1.0,,,,True,True,UNKNOWN,False,False
2021029123,2025-04-13 13:00:00,東北楽天ゴールデンイーグルス,オリックス・バファローズ,1.0,6.0,UNKNOWN,楽天モバイルパーク宮城,unknown,low,False,False,1900087,2110316,[],[],,,,,0,light,2025-04-13T04:00:00+00:00,,UNKNOWN,,,,UNKNOWN,UNKNOWN,,UNKNOWN,,1.125,0.75,6.75,1.125,0.0,2.075,8.0,1.0,5.0,0.0,1.0,6.0,,,,9.0,2.2,3.6,5.4,1.8,6.800000000000001,5.0,5.0,8.0,1.0,3.0,2.0,,,,True,True,UNKNOWN,False,False
2021029125,2025-04-15 18:00:00,読売ジャイアンツ,横浜DeNAベイスターズ,1.0,0.0,UNKNOWN,東京ドーム,unknown,low,False,False,2103904,1900019,[],[],,,,,0,light,2025-04-15T09:00:00+00:00,,UNKNOWN,,,,UNKNOWN,UNKNOWN,,UNKNOWN,,1.5,1.3333333333333333,6.0,1.5,0.0,2.3666666666666667,6.0,1.0,7.0,0.0,1.0,4.0,,,,0.0,1.0,9.0,1.2857142857142858,0.0,1.6285714285714288,7.0,0.0,6.0,0.0,1.0,7.0,,,,True,True,UNKNOWN,False,False
2021029121,2025-04-13 13:30:00,広島東洋カープ,読売ジャイアンツ,5.0,3.0,UNKNOWN,MAZDA Zoom-Zoom スタジアム広島,unknown,low,False,False,2000040,2103788,[],[],,,,,0,light,2025-04-13T04:30:00+00:00,,UNKNOWN,,,,UNKNOWN,UNKNOWN,,UNKNOWN,,1.8,1.4,7.2,0.0,0.0,1.6,5.0,1.0,7.0,0.0,0.0,4.0,,,,1.5,1.3333333333333333,3.0,4.5,0.0,4.033333333333333,6.0,1.0,5.0,0.0,3.0,2.0,,,,True,True,UNKNOWN,False,False
2021029126,2025-04-15 18:00:00,東京ヤクルトスワローズ,阪神タイガース,1.0,5.0,UNKNOWN,坊っちゃんスタジアム,unknown,low,False,False,1600115,1900024,[],[],,,,,0,light,2025-04-15T09:00:00+00:00,,UNKNOWN,,,,UNKNOWN,UNKNOWN,,UNKNOWN,,0.0,0.4285714285714285,6.428571428571429,1.2857142857142858,0.0,2.2,7.0,0.0,2.0,0.0,1.0,5.0,,,,8.4375,1.6875,10.125,1.6875,0.0,1.5125000000000002,5.333333333333333,5.0,8.0,0.0,1.0,6.0,,,,True,True,UNKNOWN,False,False
2021029127,2025-04-15 18:00:00,広島東洋カープ,中日ドラゴンズ,7.0,1.0,UNKNOWN,MAZDA Zoom-Zoom スタジアム広島,unknown,low,False,False,2100961,2117228,[],[],,,,,0,light,2025-04-15T09:00:00+00:00,,UNKNOWN,,,,UNKNOWN,UNKNOWN,,UNKNOWN,,18.0,3.0,12.0,6.0,0.0,2.5333333333333337,3.0,6.0,7.0,0.0,2.0,4.0,,,,1.8,1.0,10.8,3.6,0.0,2.0,5.0,1.0,3.0,0.0,2.0,6.0,,,,True,True,UNKNOWN,False,False
2021029128,2025-04-15 18:00:00,千葉ロッテマリーンズ,北海道日本ハムファイターズ,3.0,9.0,UNKNOWN,ZOZOマリンスタジアム,unknown,low,False,False,2000079,1600146,[],[],,,,,0,light,2025-04-15T09:00:00+00:00,,UNKNOWN,,,,UNKNOWN,UNKNOWN,,UNKNOWN,,3.857142857142857,0.8571428571428571,10.285714285714286,1.2857142857142858,1.2857142857142858,3.2,7.0,3.0,5.0,1.0,1.0,8.0,,,,10.125,1.6875,5.0625,1.6875,0.0,2.6375,5.333333333333333,6.0,8.0,0.0,1.0,3.0,,,,True,True,UNKNOWN,False,False
2021029129,2025-04-15 18:00:00,オリックス・バファローズ,埼玉西武ライオンズ,2.0,0.0,UNKNOWN,京セラドーム大阪,unknown,low,False,False,1400182,1750543,[],[],,,,,0,light,2025-04-15T09:00:00+00:00,,UNKNOWN,,,,UNKNOWN,UNKNOWN,,UNKNOWN,,0.0,1.0,2.571428571428572,3.857142857142857,0.0,3.9142857142857146,7.0,0.0,4.0,0.0,3.0,2.0,,,,0.0,0.7142857142857143,5.142857142857143,1.2857142857142858,0.0,2.4857142857142858,7.0,0.0,4.0,0.0,1.0,4.0,,,,True,True,UNKNOWN,False,False
2021029130,2025-04-15 18:00:00,福岡ソフトバンクホークス,東北楽天ゴールデンイーグルス,1.0,2.0,UNKNOWN,みずほPayPayドーム福岡,unknown,low,False,False,2000123,1700011,[],[],,,,,0,light,2025-04-15T09:00:00+00:00,,UNKNOWN,,,,UNKNOWN,UNKNOWN,,UNKNOWN,,0.0,0.7894736842105263,8.526315789473685,2.8421052631578947,0.0,2.2526315789473683,6.333333333333333,0.0,3.0,0.0,2.0,6.0,,,,1.2857142857142858,0.5714285714285714,15.428571428571429,1.2857142857142858,1.2857142857142858,2.0571428571428574,7.0,1.0,3.0,1.0,1.0,12.0,,,,True,True,UNKNOWN,False,False
2021029132,2025-04-16 18:00:00,広島東洋カープ,中日ドラゴンズ,0.0,2.0,UNKNOWN,MAZDA Zoom-Zoom スタジアム広島,unknown,low,False,False,1600106,1300057,[],[],,,,,0,light,2025-04-16T09:00:00+00:00,,UNKNOWN,,,,UNKNOWN,UNKNOWN,,UNKNOWN,,0.0,0.7142857142857143,6.428571428571429,1.2857142857142858,0.0,2.2,7.0,0.0,4.0,0.0,1.0,5.0,,,,2.25,0.75,5.625,2.25,0.0,2.7,8.0,2.0,4.0,0.0,2.0,5.0,,,,True,True,UNKNOWN,False,False
2021029131,2025-04-16 18:00:00,読売ジャイアンツ,横浜DeNAベイスターズ,5.0,0.0,UNKNOWN,東京ドーム,unknown,low,False,False,1460045,2000006,[],[],,,,,0,light,2025-04-16T09:00:00+00:00,,UNKNOWN,,,,UNKNOWN,UNKNOWN,,UNKNOWN,,9.0,1.6,7.2,1.8,3.6,7.4,5.0,5.0,7.0,2.0,1.0,4.0,,,,0.0,0.7142857142857143,12.857142857142858,0.0,0.0,0.3428571428571429,7.0,0.0,5.0,0.0,0.0,10.0,,,,True,True,UNKNOWN,False,False
2021029133,2025-04-16 18:00:00,千葉ロッテマリーンズ,北海道日本ハムファイターズ,4.0,0.0,UNKNOWN,ZOZOマリンスタジアム,unknown,low,False,False,1500110,2102758,[],[],,,,,0,light,2025-04-16T09:00:00+00:00,,UNKNOWN,,,,UNKNOWN,UNKNOWN,,UNKNOWN,,3.375,0.9375,1.6875,0.0,0.0,2.825,5.333333333333333,2.0,5.0,0.0,0.0,1.0,,,,0.0,0.5714285714285714,10.285714285714286,2.571428571428572,0.0,1.7714285714285716,7.0,0.0,2.0,0.0,2.0,8.0,,,,True,True,UNKNOWN,False,False
2021029134,2025-04-16 18:00:00,オリックス・バファローズ,埼玉西武ライオンズ,0.0,5.0,UNKNOWN,京セラドーム大阪,unknown,low,False,False,2103657,1750595,[],[],,,,,0,light,2025-04-16T09:00:00+00:00,,UNKNOWN,,,,UNKNOWN,UNKNOWN,,UNKNOWN,,0.0,1.35,4.05,6.75,0.0,4.55,6.666666666666667,0.0,4.0,0.0,5.0,3.0,,,,5.4,2.0,7.2,1.8,1.8,4.800000000000001,5.0,3.0,9.0,1.0,1.0,4.0,,,,True,True,UNKNOWN,False,False
2021029136,2025-04-17 18:00:00,読売ジャイアンツ,横浜DeNAベイスターズ,1.0,9.0,UNKNOWN,東京ドーム,unknown,low,False,False,1700058,700069,[],[],,,,,0,light,2025-04-17T09:00:00+00:00,,UNKNOWN,,,,UNKNOWN,UNKNOWN,,UNKNOWN,,0.0,0.75,11.25,1.125,0.0,1.0750000000000002,8.0,0.0,5.0,0.0,1.0,10.0,,,,27.0,4.0,4.5,4.5,0.0,3.7,2.0,6.0,7.0,0.0,1.0,1.0,,,,True,True,UNKNOWN,False,False
2021029137,2025-04-17 18:00:00,東京ヤクルトスワローズ,阪神タイガース,5.0,7.0,UNKNOWN,明治神宮野球場,unknown,low,False,False,2100915,2103794,[],[],,,,,0,light,2025-04-17T09:00:00+00:00,,UNKNOWN,,,,UNKNOWN,UNKNOWN,,UNKNOWN,,6.75,1.75,6.75,4.5,0.0,3.2,4.0,3.0,5.0,0.0,2.0,3.0,,,,1.8,1.8,9.0,5.4,0.0,3.0,5.0,1.0,6.0,0.0,3.0,5.0,,,,True,True,UNKNOWN,False,False
2021029135,2025-04-16 18:00:00,福岡ソフトバンクホークス,東北楽天ゴールデンイーグルス,2.0,6.0,UNKNOWN,みずほPayPayドーム福岡,excluded,high,False,False,1900117,1100099,[],[],,,,,0,light,2025-04-16T09:00:00+00:00,,UNKNOWN,,,,UNKNOWN,UNKNOWN,,UNKNOWN,,1.8,1.0,3.6,1.8,0.0,3.0,5.0,1.0,4.0,0.0,1.0,2.0,,,,8.1,3.0,18.9,5.4,2.7,4.7,3.333333333333333,3.0,8.0,1.0,2.0,7.0,,,,True,True,UNKNOWN,False,False
2021029138,2025-04-17 18:00:00,オリックス・バファローズ,埼玉西武ライオンズ,2.0,3.0,UNKNOWN,京セラドーム大阪,unknown,low,False,False,2106794,2108177,[],[],,,,,0,light,2025-04-17T09:00:00+00:00,,UNKNOWN,,,,UNKNOWN,UNKNOWN,,UNKNOWN,,3.176470588235294,1.588235294117647,0.0,1.588235294117647,1.588235294117647,6.023529411764706,5.666666666666667,2.0,8.0,1.0,1.0,0.0,,,,3.0,1.6666666666666667,9.0,3.0,0.0,2.2,6.0,2.0,8.0,0.0,2.0,6.0,,,,True,True,UNKNOWN,False,False
2021029139,2025-04-17 18:00:00,福岡ソフトバンクホークス,東北楽天ゴールデンイーグルス,3.0,4.0,UNKNOWN,みずほPayPayドーム福岡,unknown,low,False,False,700065,2107792,[],[],,,,,0,light,2025-04-17T09:00:00+00:00,,UNKNOWN,,,,UNKNOWN,UNKNOWN,,UNKNOWN,,4.764705882352941,1.2352941176470589,12.705882352941176,3.176470588235294,1.588235294117647,3.7294117647058815,5.666666666666667,3.0,5.0,1.0,2.0,8.0,,,,0.0,1.0,7.5,3.0,0.0,2.5333333333333337,6.0,0.0,4.0,0.0,2.0,5.0,,,,True,True,UNKNOWN,False,False
2021029140,2025-04-18 18:00:00,東京ヤクルトスワローズ,読売ジャイアンツ,2.0,7.0,UNKNOWN,明治神宮野球場,unknown,low,False,False,2103689,1200076,[],[],,,,,0,light,2025-04-18T09:00:00+00:00,,UNKNOWN,,,,UNKNOWN,UNKNOWN,,UNKNOWN,,1.8,1.2,9.0,0.0,0.0,1.2000000000000002,5.0,1.0,6.0,0.0,0.0,5.0,,,,8.1,1.35,9.45,0.0,0.0,1.1,6.666666666666667,6.0,9.0,0.0,0.0,7.0,,,,True,True,UNKNOWN,False,False
2021029141,2025-04-18 18:00:00,阪神タイガース,広島東洋カープ,2.0,5.0,UNKNOWN,阪神甲子園球場,unknown,low,False,False,1900052,2000055,[],[],,,,,0,light,2025-04-18T09:00:00+00:00,,UNKNOWN,,,,UNKNOWN,UNKNOWN,,UNKNOWN,,2.0,0.7777777777777778,5.0,3.0,0.0,3.088888888888889,9.0,2.0,4.0,0.0,3.0,5.0,,,,11.25,2.5,4.5,6.75,0.0,4.45,4.0,5.0,7.0,0.0,3.0,2.0,,,,True,True,UNKNOWN,False,False
2021029143,2025-04-18 18:00:00,埼玉西武ライオンズ,福岡ソフトバンクホークス,2.0,1.0,UNKNOWN,ベルーナドーム,unknown,low,False,False,1400117,1600127,[],[],,,,,0,light,2025-04-18T09:00:00+00:00,,UNKNOWN,,,,UNKNOWN,UNKNOWN,,UNKNOWN,,1.2857142857142858,1.2857142857142858,3.857142857142857,1.2857142857142858,0.0,2.771428571428572,7.0,1.0,8.0,0.0,1.0,3.0,,,,1.125,0.375,10.125,3.375,0.0,2.075,8.0,1.0,0.0,0.0,3.0,9.0,,,,True,True,UNKNOWN,False,False
2021029144,2025-04-18 18:00:00,オリックス・バファローズ,北海道日本ハムファイターズ,2.0,1.0,UNKNOWN,京セラドーム大阪,unknown,low,False,False,1750903,1300058,[],[],,,,,0,light,2025-04-18T09:00:00+00:00,,UNKNOWN,,,,UNKNOWN,UNKNOWN,,UNKNOWN,,1.4210526315789471,1.2631578947368425,7.105263157894737,2.8421052631578947,1.4210526315789471,4.621052631578948,6.333333333333333,1.0,6.0,1.0,2.0,5.0,,,,1.0,0.7777777777777778,5.0,1.0,0.0,2.4222222222222225,9.0,1.0,6.0,0.0,1.0,5.0,,,,True,True,UNKNOWN,False,False
2021029142,2025-04-18 18:00:00,東北楽天ゴールデンイーグルス,千葉ロッテマリーンズ,1.0,4.0,UNKNOWN,楽天モバイルパーク宮城,unknown,low,False,False,1961672,2000121,[],[],,,,,0,light,2025-04-18T09:00:00+00:00,,UNKNOWN,,,,UNKNOWN,UNKNOWN,,UNKNOWN,,0.0,0.9375,5.0625,1.6875,0.0,2.6375,5.333333333333333,0.0,4.0,0.0,1.0,3.0,,,,1.2857142857142858,0.5714285714285714,7.714285714285714,1.2857142857142858,1.2857142857142858,3.7714285714285714,7.0,1.0,3.0,1.0,1.0,6.0,,,,True,True,UNKNOWN,False,False
2021029146,2025-04-19 14:00:00,中日ドラゴンズ,横浜DeNAベイスターズ,3.0,2.0,UNKNOWN,バンテリンドーム ナゴヤ,unknown,low,False,False,1961374,2000042,[],[],,,,,0,light,2025-04-19T05:00:00+00:00,,UNKNOWN,,,,UNKNOWN,UNKNOWN,,UNKNOWN,,4.5,1.3333333333333333,9.0,0.0,1.5,3.3666666666666667,6.0,3.0,8.0,1.0,0.0,6.0,,,,0.0,0.8571428571428571,1.2857142857142858,2.571428571428572,0.0,3.7714285714285714,7.0,0.0,4.0,0.0,2.0,1.0,,,,True,True,UNKNOWN,False,False
2021029147,2025-04-19 14:00:00,阪神タイガース,広島東洋カープ,0.0,3.0,UNKNOWN,阪神甲子園球場,unknown,low,False,False,1600123,1960901,[],[],,,,,0,light,2025-04-19T05:00:00+00:00,,UNKNOWN,,,,UNKNOWN,UNKNOWN,,UNKNOWN,,0.0,1.1428571428571428,3.857142857142857,2.571428571428572,0.0,3.2,7.0,0.0,6.0,0.0,2.0,3.0,,,,0.0,1.4,14.4,5.4,0.0,1.8000000000000005,5.0,0.0,4.0,0.0,3.0,8.0,,,,True,True,UNKNOWN,False,False
2021029150,2025-04-19 14:00:00,オリックス・バファローズ,北海道日本ハムファイターズ,4.0,7.0,UNKNOWN,京セラドーム大阪,unknown,low,False,False,1400195,1650221,[],[],,,,,0,light,2025-04-19T05:00:00+00:00,,UNKNOWN,,,,UNKNOWN,UNKNOWN,,UNKNOWN,,3.375,1.5,1.6875,1.6875,1.6875,5.825,5.333333333333333,2.0,7.0,1.0,1.0,1.0,,,,4.153846153846154,1.8461538461538465,4.153846153846154,4.153846153846154,0.0,3.661538461538462,4.333333333333333,2.0,6.0,0.0,2.0,2.0,,,,True,True,UNKNOWN,False,False
2021029148,2025-04-19 16:00:00,東北楽天ゴールデンイーグルス,千葉ロッテマリーンズ,2.0,1.0,UNKNOWN,楽天モバイルパーク宮城,unknown,low,False,False,1800052,2000126,[],[],,,,,0,light,2025-04-19T07:00:00+00:00,,UNKNOWN,,,,UNKNOWN,UNKNOWN,,UNKNOWN,,2.571428571428572,1.1428571428571428,2.571428571428572,1.2857142857142858,0.0,3.0571428571428574,7.0,2.0,7.0,0.0,1.0,2.0,,,,2.25,2.25,6.75,6.75,0.0,3.95,4.0,1.0,6.0,0.0,3.0,3.0,,,,True,True,UNKNOWN,False,False
2021029149,2025-04-19 18:00:00,埼玉西武ライオンズ,福岡ソフトバンクホークス,1.0,0.0,UNKNOWN,ベルーナドーム,unknown,low,False,False,1900106,1751148,[],[],,,,,0,light,2025-04-19T09:00:00+00:00,,UNKNOWN,,,,UNKNOWN,UNKNOWN,,UNKNOWN,,1.2857142857142858,1.0,5.142857142857143,2.571428571428572,0.0,2.9142857142857146,7.0,1.0,5.0,0.0,2.0,4.0,,,,0.0,0.4444444444444444,9.0,0.0,0.0,1.2000000000000002,9.0,0.0,4.0,0.0,0.0,9.0,,,,True,True,UNKNOWN,False,False
2021029145,2025-04-19 18:00:00,東京ヤクルトスワローズ,読売ジャイアンツ,4.0,6.0,UNKNOWN,明治神宮野球場,unknown,low,False,False,2000040,2000025,[],[],,,,,0,light,2025-04-19T09:00:00+00:00,,UNKNOWN,,,,UNKNOWN,UNKNOWN,,UNKNOWN,,4.5,1.75,2.25,4.5,2.25,7.45,4.0,2.0,5.0,1.0,2.0,1.0,,,,3.0,1.3333333333333333,7.5,1.5,1.5,4.2,6.0,2.0,7.0,1.0,1.0,5.0,,,,True,True,UNKNOWN,False,False
2021029154,2025-04-20 13:00:00,東北楽天ゴールデンイーグルス,千葉ロッテマリーンズ,4.0,1.0,UNKNOWN,楽天モバイルパーク宮城,unknown,low,False,False,900081,2110316,[],[],,,,,0,light,2025-04-20T04:00:00+00:00,,UNKNOWN,,,,UNKNOWN,UNKNOWN,,UNKNOWN,,7.2,1.6,5.4,1.8,1.8,5.2,5.0,4.0,7.0,1.0,1.0,3.0,,,,1.5,1.3333333333333333,4.5,4.5,0.0,3.7,6.0,1.0,5.0,0.0,3.0,3.0,,,,True,True,UNKNOWN,False,False
2021029156,2025-04-20 13:00:00,オリックス・バファローズ,北海道日本ハムファイターズ,0.0,2.0,UNKNOWN,京セラドーム大阪,unknown,low,False,False,2107859,1900087,[],[],,,,,0,light,2025-04-20T04:00:00+00:00,,UNKNOWN,,,,UNKNOWN,UNKNOWN,,UNKNOWN,,0.0,0.6666666666666666,4.0,1.0,0.0,2.644444444444445,9.0,0.0,5.0,0.0,1.0,4.0,,,,0.0,1.1666666666666667,7.5,3.0,0.0,2.5333333333333337,6.0,0.0,5.0,0.0,2.0,5.0,,,,True,True,UNKNOWN,False,False
2021029155,2025-04-20 13:00:00,埼玉西武ライオンズ,福岡ソフトバンクホークス,1.0,3.0,UNKNOWN,ベルーナドーム,excluded,high,False,False,1200106,1800081,[],[],,,,,0,light,2025-04-20T04:00:00+00:00,,UNKNOWN,,,,UNKNOWN,UNKNOWN,,UNKNOWN,,1.2857142857142858,0.5714285714285714,5.142857142857143,1.2857142857142858,0.0,2.4857142857142858,7.0,1.0,3.0,0.0,1.0,4.0,,,,5.4,2.0,3.6,1.8,0.0,3.0,5.0,3.0,9.0,0.0,1.0,2.0,,,,True,True,UNKNOWN,False,False
2021029152,2025-04-20 13:30:00,中日ドラゴンズ,横浜DeNAベイスターズ,2.0,0.0,UNKNOWN,バンテリンドーム ナゴヤ,unknown,low,False,False,1300031,1200098,[],[],,,,,0,light,2025-04-20T04:30:00+00:00,,UNKNOWN,,,,UNKNOWN,UNKNOWN,,UNKNOWN,,3.6,1.4,7.2,3.6,1.8,5.4,5.0,2.0,5.0,1.0,2.0,4.0,,,,0.0,0.9473684210526316,4.2631578947368425,4.2631578947368425,0.0,3.673684210526316,6.333333333333333,0.0,3.0,0.0,3.0,3.0,,,,True,True,UNKNOWN,False,False
2021029153,2025-04-20 14:00:00,阪神タイガース,広島東洋カープ,8.0,1.0,UNKNOWN,阪神甲子園球場,unknown,low,False,False,2103788,1850363,[],[],,,,,0,light,2025-04-20T05:00:00+00:00,,UNKNOWN,,,,UNKNOWN,UNKNOWN,,UNKNOWN,,6.75,1.75,4.5,2.25,2.25,6.2,4.0,3.0,6.0,1.0,1.0,2.0,,,,0.0,0.8,9.0,0.0,0.0,1.2000000000000002,5.0,0.0,4.0,0.0,0.0,5.0,,,,True,True,UNKNOWN,False,False
2021029151,2025-04-20 18:00:00,東京ヤクルトスワローズ,読売ジャイアンツ,3.0,2.0,UNKNOWN,明治神宮野球場,unknown,low,False,False,1961194,1961468,[],[],,,,,0,light,2025-04-20T09:00:00+00:00,,UNKNOWN,,,,UNKNOWN,UNKNOWN,,UNKNOWN,,18.0,2.0,9.0,0.0,9.0,14.2,1.0,2.0,2.0,1.0,0.0,1.0,,,,3.0,1.5,12.0,1.5,1.5,3.2,6.0,2.0,8.0,1.0,1.0,8.0,,,,True,True,UNKNOWN,False,False
2021029158,2025-04-22 17:45:00,横浜DeNAベイスターズ,阪神タイガース,2.0,4.0,UNKNOWN,横浜スタジアム,unknown,low,False,False,1600115,1460045,[],[],,,,,0,light,2025-04-22T08:45:00+00:00,,UNKNOWN,,,,UNKNOWN,UNKNOWN,,UNKNOWN,,2.7,1.5,8.1,6.75,0.0,3.65,6.666666666666667,2.0,5.0,0.0,5.0,6.0,,,,5.142857142857143,1.5714285714285714,2.571428571428572,2.571428571428572,1.2857142857142858,5.342857142857143,7.0,4.0,9.0,1.0,2.0,2.0,,,,True,True,UNKNOWN,False,False
2021029160,2025-04-22 18:00:00,北海道日本ハムファイターズ,東北楽天ゴールデンイーグルス,2.0,4.0,UNKNOWN,エスコンフィールドHOKKAIDO,unknown,low,False,False,2000123,2000079,[],[],,,,,0,light,2025-04-22T09:00:00+00:00,,UNKNOWN,,,,UNKNOWN,UNKNOWN,,UNKNOWN,,2.8421052631578947,1.2631578947368425,7.105263157894737,2.8421052631578947,2.8421052631578947,6.673684210526316,6.333333333333333,2.0,6.0,2.0,2.0,5.0,,,,1.2857142857142858,1.0,11.571428571428571,2.571428571428572,0.0,1.485714285714286,7.0,1.0,5.0,0.0,2.0,9.0,,,,True,True,UNKNOWN,False,False
2021029157,2025-04-22 18:00:00,読売ジャイアンツ,中日ドラゴンズ,8.0,1.0,UNKNOWN,東京ドーム,unknown,low,False,False,2100961,1900019,[],[],,,,,0,light,2025-04-22T09:00:00+00:00,,UNKNOWN,,,,UNKNOWN,UNKNOWN,,UNKNOWN,,11.25,2.0,11.25,6.75,4.5,9.45,4.0,5.0,5.0,2.0,3.0,5.0,,,,1.125,0.375,15.75,0.0,1.125,1.3250000000000002,8.0,1.0,3.0,1.0,0.0,14.0,,,,True,True,UNKNOWN,False,False
2021029161,2025-04-22 18:00:00,千葉ロッテマリーンズ,埼玉西武ライオンズ,2.0,1.0,UNKNOWN,ZOZOマリンスタジアム,unknown,low,False,False,1400182,1300080,[],[],,,,,0,light,2025-04-22T09:00:00+00:00,,UNKNOWN,,,,UNKNOWN,UNKNOWN,,UNKNOWN,,0.0,1.3333333333333333,4.5,3.0,0.0,3.2,6.0,0.0,6.0,0.0,2.0,3.0,,,,1.8,0.8,9.0,3.6,0.0,2.4000000000000004,5.0,1.0,2.0,0.0,2.0,5.0,,,,True,True,UNKNOWN,False,False
2021029164,2025-04-23 17:45:00,横浜DeNAベイスターズ,阪神タイガース,2.0,3.0,UNKNOWN,横浜スタジアム,unknown,low,False,False,2104016,2103904,[],[],,,,,0,light,2025-04-23T08:45:00+00:00,,UNKNOWN,,,,UNKNOWN,UNKNOWN,,UNKNOWN,,3.375,1.125,3.375,5.0625,0.0,4.1375,5.333333333333333,2.0,3.0,0.0,3.0,2.0,,,,3.6,1.8,7.2,7.2,0.0,4.0,5.0,2.0,5.0,0.0,4.0,4.0,,,,True,True,UNKNOWN,False,False
2021029165,2025-04-23 18:00:00,広島東洋カープ,東京ヤクルトスワローズ,7.0,1.0,UNKNOWN,MAZDA Zoom-Zoom スタジアム広島,unknown,low,False,False,12113,1300057,[],[],,,,,0,light,2025-04-23T09:00:00+00:00,,UNKNOWN,,,,UNKNOWN,UNKNOWN,,UNKNOWN,,54.0,9.0,0.0,18.0,0.0,9.2,1.0,6.0,7.0,0.0,2.0,0.0,,,,1.2857142857142858,1.1428571428571428,7.714285714285714,2.571428571428572,0.0,2.342857142857143,7.0,1.0,6.0,0.0,2.0,6.0,,,,True,True,UNKNOWN,False,False
2021029163,2025-04-23 18:00:00,読売ジャイアンツ,中日ドラゴンズ,2.0,0.0,UNKNOWN,東京ドーム,unknown,low,False,False,1600106,2000006,[],[],,,,,0,light,2025-04-23T09:00:00+00:00,,UNKNOWN,,,,UNKNOWN,UNKNOWN,,UNKNOWN,,0.0,0.8,3.6,3.6,0.0,3.6,5.0,0.0,2.0,0.0,2.0,2.0,,,,0.0,1.4,5.4,3.6,0.0,3.2,5.0,0.0,5.0,0.0,2.0,3.0,,,,True,True,UNKNOWN,False,False
2021029166,2025-04-23 18:00:00,北海道日本ハムファイターズ,東北楽天ゴールデンイーグルス,3.0,8.0,UNKNOWN,エスコンフィールドHOKKAIDO,excluded,high,False,False,1900117,2100554,[],[],,,,,0,light,2025-04-23T09:00:00+00:00,,UNKNOWN,,,,UNKNOWN,UNKNOWN,,UNKNOWN,,2.25,0.625,4.5,0.0,2.25,5.45,8.0,2.0,5.0,2.0,0.0,4.0,,,,7.941176470588235,2.117647058823529,7.941176470588235,4.764705882352941,1.588235294117647,5.31764705882353,5.666666666666667,5.0,9.0,1.0,3.0,5.0,,,,True,True,UNKNOWN,False,False
2021029162,2025-04-22 18:00:00,福岡ソフトバンクホークス,オリックス・バファローズ,5.0,5.0,UNKNOWN,みずほPayPayドーム福岡,unknown,low,False,False,1700109,1700011,[],[],,,,,0,light,2025-04-22T09:00:00+00:00,,UNKNOWN,,,,UNKNOWN,UNKNOWN,,UNKNOWN,,4.05,1.2,8.1,1.35,1.35,3.8,6.666666666666667,3.0,7.0,1.0,1.0,6.0,,,,5.684210526315789,1.5789473684210529,9.947368421052632,2.8421052631578947,1.4210526315789471,3.989473684210527,6.333333333333333,4.0,8.0,1.0,2.0,7.0,,,,True,True,UNKNOWN,False,False
2021029168,2025-04-23 18:00:00,福岡ソフトバンクホークス,オリックス・バファローズ,6.0,2.0,UNKNOWN,みずほPayPayドーム福岡,unknown,low,False,False,1750595,1100099,[],[],,,,,0,light,2025-04-23T09:00:00+00:00,,UNKNOWN,,,,UNKNOWN,UNKNOWN,,UNKNOWN,,11.25,2.5,6.75,2.25,2.25,5.7,4.0,5.0,9.0,1.0,1.0,3.0,,,,3.0,1.1666666666666667,6.0,4.5,3.0,7.7,6.0,2.0,4.0,2.0,3.0,4.0,,,,True,True,UNKNOWN,False,False
2021029167,2025-04-23 18:00:00,千葉ロッテマリーンズ,埼玉西武ライオンズ,5.0,2.0,UNKNOWN,ZOZOマリンスタジアム,unknown,low,False,False,2103657,1600146,[],[],,,,,0,light,2025-04-23T09:00:00+00:00,,UNKNOWN,,,,UNKNOWN,UNKNOWN,,UNKNOWN,,12.0,2.6666666666666665,9.0,9.0,0.0,4.2,3.0,4.0,5.0,0.0,3.0,3.0,,,,2.571428571428572,1.1428571428571428,2.571428571428572,2.571428571428572,1.2857142857142858,5.342857142857143,7.0,2.0,6.0,1.0,2.0,2.0,,,,True,True,UNKNOWN,False,False
2021029171,2025-04-25 18:00:00,中日ドラゴンズ,東京ヤクルトスワローズ,4.0,6.0,UNKNOWN,バンテリンドーム ナゴヤ,unknown,low,False,False,2103794,2000042,[],[],,,,,0,light,2025-04-25T09:00:00+00:00,,UNKNOWN,,,,UNKNOWN,UNKNOWN,,UNKNOWN,,1.8,1.4,7.2,1.8,1.8,4.800000000000001,5.0,1.0,6.0,1.0,1.0,4.0,,,,10.8,3.0,8.1,8.1,0.0,4.1,3.333333333333333,4.0,7.0,0.0,3.0,3.0,,,,True,True,UNKNOWN,False,False
2021029169,2025-04-24 17:45:00,横浜DeNAベイスターズ,阪神タイガース,2.0,4.0,UNKNOWN,横浜スタジアム,unknown,low,False,False,2106172,1800045,[],[],,,,,0,light,2025-04-24T08:45:00+00:00,,UNKNOWN,,,,UNKNOWN,UNKNOWN,,UNKNOWN,,3.6,1.4,5.4,0.0,0.0,2.0,5.0,2.0,7.0,0.0,0.0,3.0,,,,1.5,1.1666666666666667,7.5,3.0,0.0,2.5333333333333337,6.0,1.0,5.0,0.0,2.0,5.0,,,,True,True,UNKNOWN,False,False
2021029172,2025-04-25 18:00:00,阪神タイガース,読売ジャイアンツ,4.0,1.0,UNKNOWN,阪神甲子園球場,unknown,low,False,False,2103689,2000055,[],[],,,,,0,light,2025-04-25T09:00:00+00:00,,UNKNOWN,,,,UNKNOWN,UNKNOWN,,UNKNOWN,,6.75,1.5,9.0,0.0,2.25,4.45,4.0,3.0,6.0,1.0,0.0,4.0,,,,1.125,0.75,6.75,0.0,0.0,1.7000000000000002,8.0,1.0,6.0,0.0,0.0,6.0,,,,True,True,UNKNOWN,False,False
2021029170,2025-04-25 18:00:00,横浜DeNAベイスターズ,広島東洋カープ,2.0,1.0,UNKNOWN,横浜スタジアム,unknown,low,False,False,1900052,1700058,[],[],,,,,0,light,2025-04-25T09:00:00+00:00,,UNKNOWN,,,,UNKNOWN,UNKNOWN,,UNKNOWN,,1.2857142857142858,0.8571428571428571,6.428571428571429,2.571428571428572,0.0,2.628571428571429,7.0,1.0,4.0,0.0,2.0,5.0,,,,1.2857142857142858,0.7142857142857143,9.0,1.2857142857142858,1.2857142857142858,3.4857142857142858,7.0,1.0,4.0,1.0,1.0,7.0,,,,True,True,UNKNOWN,False,False
2021029173,2025-04-25 18:00:00,北海道日本ハムファイターズ,千葉ロッテマリーンズ,1.0,2.0,UNKNOWN,エスコンフィールドHOKKAIDO,unknown,low,False,False,1961672,1750903,[],[],,,,,0,light,2025-04-25T09:00:00+00:00,,UNKNOWN,,,,UNKNOWN,UNKNOWN,,UNKNOWN,,1.5,0.8333333333333334,10.5,3.0,1.5,4.033333333333333,6.0,1.0,3.0,1.0,2.0,7.0,,,,1.2857142857142858,0.5714285714285714,9.0,2.571428571428572,1.2857142857142858,3.9142857142857146,7.0,1.0,2.0,1.0,2.0,7.0,,,,True,True,UNKNOWN,False,False
2021029174,2025-04-25 18:00:00,東北楽天ゴールデンイーグルス,福岡ソフトバンクホークス,0.0,1.0,UNKNOWN,楽天モバイルパーク宮城,unknown,low,False,False,1400117,2000121,[],[],,,,,0,light,2025-04-25T09:00:00+00:00,,UNKNOWN,,,,UNKNOWN,UNKNOWN,,UNKNOWN,,0.0,0.75,1.125,1.125,0.0,3.325,8.0,0.0,5.0,0.0,1.0,1.0,,,,0.0,0.8571428571428571,14.142857142857142,1.2857142857142858,0.0,0.4857142857142857,7.0,0.0,5.0,0.0,1.0,11.0,,,,True,True,UNKNOWN,False,False
2021029176,2025-04-26 14:00:00,横浜DeNAベイスターズ,広島東洋カープ,2.0,0.0,UNKNOWN,横浜スタジアム,unknown,low,False,False,1600123,1961374,[],[],,,,,0,light,2025-04-26T05:00:00+00:00,,UNKNOWN,,,,UNKNOWN,UNKNOWN,,UNKNOWN,,0.0,0.625,4.5,1.125,0.0,2.575,8.0,0.0,4.0,0.0,1.0,4.0,,,,0.0,1.4285714285714286,6.428571428571429,2.571428571428572,0.0,2.628571428571429,7.0,0.0,8.0,0.0,2.0,5.0,,,,True,True,UNKNOWN,False,False
2021029180,2025-04-26 14:00:00,東北楽天ゴールデンイーグルス,福岡ソフトバンクホークス,6.0,3.0,UNKNOWN,楽天モバイルパーク宮城,unknown,low,False,False,1900106,2000126,[],[],,,,,0,light,2025-04-26T05:00:00+00:00,,UNKNOWN,,,,UNKNOWN,UNKNOWN,,UNKNOWN,,7.7142857142857135,1.9285714285714284,7.7142857142857135,3.8571428571428568,1.9285714285714284,5.557142857142857,4.666666666666667,4.0,7.0,1.0,2.0,4.0,,,,0.0,0.9473684210526316,5.684210526315789,2.8421052631578947,0.0,2.8842105263157896,6.333333333333333,0.0,4.0,0.0,2.0,4.0,,,,True,True,UNKNOWN,False,False
2021029178,2025-04-26 14:00:00,阪神タイガース,読売ジャイアンツ,6.0,2.0,UNKNOWN,阪神甲子園球場,excluded,high,False,False,2000040,1960901,[],[],,,,,0,light,2025-04-26T05:00:00+00:00,,UNKNOWN,,,,UNKNOWN,UNKNOWN,,UNKNOWN,,2.25,1.0,6.75,2.25,0.0,2.45,4.0,1.0,3.0,0.0,1.0,3.0,,,,3.6,0.8,16.2,0.0,0.0,-0.3999999999999999,5.0,2.0,4.0,0.0,0.0,9.0,,,,True,True,UNKNOWN,False,False
2021029179,2025-04-26 14:00:00,北海道日本ハムファイターズ,千葉ロッテマリーンズ,2.0,1.0,UNKNOWN,エスコンフィールドHOKKAIDO,unknown,low,False,False,1800052,1500110,[],[],,,,,0,light,2025-04-26T05:00:00+00:00,,UNKNOWN,,,,UNKNOWN,UNKNOWN,,UNKNOWN,,2.571428571428572,0.7142857142857143,1.2857142857142858,0.0,2.571428571428572,6.628571428571428,7.0,2.0,5.0,2.0,0.0,1.0,,,,1.2857142857142858,0.8571428571428571,2.571428571428572,1.2857142857142858,0.0,3.0571428571428574,7.0,1.0,5.0,0.0,1.0,2.0,,,,True,True,UNKNOWN,False,False
2021029177,2025-04-26 14:00:00,中日ドラゴンズ,東京ヤクルトスワローズ,5.0,2.0,UNKNOWN,バンテリンドーム ナゴヤ,unknown,low,False,False,1900024,1200098,[],[],,,,,0,light,2025-04-26T05:00:00+00:00,,UNKNOWN,,,,UNKNOWN,UNKNOWN,,UNKNOWN,,6.75,2.25,11.25,2.25,0.0,1.4500000000000002,4.0,3.0,8.0,0.0,1.0,5.0,,,,2.16,0.96,4.319999999999999,0.0,0.0,2.24,8.333333333333334,2.0,8.0,0.0,0.0,4.0,,,,True,True,UNKNOWN,False,False
2021029175,2025-04-25 18:00:00,埼玉西武ライオンズ,オリックス・バファローズ,2.0,6.0,UNKNOWN,ベルーナドーム,unknown,low,False,False,1300058,1600127,[],[],,,,,0,light,2025-04-25T09:00:00+00:00,,UNKNOWN,,,,UNKNOWN,UNKNOWN,,UNKNOWN,,3.0,1.5,7.5,3.0,0.0,2.5333333333333337,6.0,2.0,7.0,0.0,2.0,5.0,,,,0.0,0.8571428571428571,11.571428571428571,3.857142857142857,0.0,1.9142857142857144,7.0,0.0,3.0,0.0,3.0,9.0,,,,True,True,UNKNOWN,False,False
2021029181,2025-04-26 14:00:00,埼玉西武ライオンズ,オリックス・バファローズ,3.0,0.0,UNKNOWN,ベルーナドーム,unknown,low,False,False,2108177,1751148,[],[],,,,,0,light,2025-04-26T05:00:00+00:00,,UNKNOWN,,,,UNKNOWN,UNKNOWN,,UNKNOWN,,6.75,2.75,6.75,4.5,2.25,6.45,4.0,3.0,9.0,1.0,2.0,3.0,,,,0.0,1.1428571428571428,14.142857142857142,1.2857142857142858,0.0,0.4857142857142857,7.0,0.0,7.0,0.0,1.0,11.0,,,,True,True,UNKNOWN,False,False
2021029187,2025-04-27 13:00:00,埼玉西武ライオンズ,オリックス・バファローズ,3.0,2.0,UNKNOWN,ベルーナドーム,unknown,low,False,False,1750543,1800081,[],[],,,,,0,light,2025-04-27T04:00:00+00:00,,UNKNOWN,,,,UNKNOWN,UNKNOWN,,UNKNOWN,,4.5,1.5,2.25,0.0,0.0,2.7,4.0,2.0,6.0,0.0,0.0,1.0,,,,2.571428571428572,0.8571428571428571,6.428571428571429,3.857142857142857,1.2857142857142858,4.914285714285715,7.0,2.0,3.0,1.0,3.0,5.0,,,,True,True,UNKNOWN,False,False
2021029185,2025-04-27 13:00:00,北海道日本ハムファイターズ,千葉ロッテマリーンズ,3.0,5.0,UNKNOWN,エスコンフィールドHOKKAIDO,unknown,low,False,False,2102758,2107859,[],[],,,,,0,light,2025-04-27T04:00:00+00:00,,UNKNOWN,,,,UNKNOWN,UNKNOWN,,UNKNOWN,,3.6,1.2,10.8,0.0,0.0,0.8000000000000003,5.0,2.0,6.0,0.0,0.0,6.0,,,,7.5,1.5,9.0,0.0,1.5,3.3666666666666667,6.0,5.0,9.0,1.0,0.0,6.0,,,,True,True,UNKNOWN,False,False
2021029183,2025-04-27 13:30:00,中日ドラゴンズ,東京ヤクルトスワローズ,2.0,6.0,UNKNOWN,バンテリンドーム ナゴヤ,unknown,low,False,False,1200076,1660558,[],[],,,,,0,light,2025-04-27T04:30:00+00:00,,UNKNOWN,,,,UNKNOWN,UNKNOWN,,UNKNOWN,,3.0,0.8333333333333334,6.0,1.5,0.0,2.3666666666666667,6.0,2.0,4.0,0.0,1.0,4.0,,,,11.571428571428571,1.5,3.8571428571428568,3.8571428571428568,1.9285714285714284,6.414285714285715,4.666666666666667,6.0,5.0,1.0,2.0,2.0,,,,True,True,UNKNOWN,False,False
2021029186,2025-04-27 13:00:00,東北楽天ゴールデンイーグルス,福岡ソフトバンクホークス,3.0,2.0,UNKNOWN,楽天モバイルパーク宮城,unknown,low,False,False,2107792,700065,[],[],,,,,0,light,2025-04-27T04:00:00+00:00,,UNKNOWN,,,,UNKNOWN,UNKNOWN,,UNKNOWN,,4.5,1.5,4.5,0.0,2.25,5.45,4.0,2.0,6.0,1.0,0.0,2.0,,,,1.5,1.3333333333333333,10.5,3.0,0.0,1.866666666666667,6.0,1.0,6.0,0.0,2.0,7.0,,,,True,True,UNKNOWN,False,False
2021029182,2025-04-27 14:00:00,横浜DeNAベイスターズ,広島東洋カープ,2.0,1.0,UNKNOWN,横浜スタジアム,unknown,low,False,False,1900057,1460045,[],[],,,,,0,light,2025-04-27T05:00:00+00:00,,UNKNOWN,,,,UNKNOWN,UNKNOWN,,UNKNOWN,,2.571428571428572,0.5714285714285714,7.714285714285714,2.571428571428572,0.0,2.342857142857143,7.0,2.0,2.0,0.0,2.0,6.0,,,,1.125,0.625,11.25,3.375,0.0,1.825,8.0,1.0,2.0,0.0,3.0,10.0,,,,True,True,UNKNOWN,False,False
2021029184,2025-04-27 14:00:00,阪神タイガース,読売ジャイアンツ,1.0,2.0,UNKNOWN,阪神甲子園球場,unknown,low,False,False,1900016,1850363,[],[],,,,,0,light,2025-04-27T05:00:00+00:00,,UNKNOWN,,,,UNKNOWN,UNKNOWN,,UNKNOWN,,1.8,1.2,1.8,7.2,0.0,5.2,5.0,1.0,2.0,0.0,4.0,1.0,,,,1.5,1.0,7.5,3.0,0.0,2.5333333333333337,6.0,1.0,4.0,0.0,2.0,5.0,,,,True,True,UNKNOWN,False,False
2021029188,2025-04-29 14:00:00,読売ジャイアンツ,広島東洋カープ,4.0,3.0,UNKNOWN,東京ドーム,unknown,low,False,False,2103788,1900019,[],[],,,,,0,light,2025-04-29T05:00:00+00:00,,UNKNOWN,,,,UNKNOWN,UNKNOWN,,UNKNOWN,,3.0,1.5,7.5,4.5,1.5,5.2,6.0,2.0,6.0,1.0,3.0,5.0,,,,4.5,0.8333333333333334,6.0,0.0,1.5,4.033333333333333,6.0,3.0,5.0,1.0,0.0,4.0,,,,True,True,UNKNOWN,False,False
2021029192,2025-04-29 13:00:00,オリックス・バファローズ,千葉ロッテマリーンズ,3.0,2.0,UNKNOWN,京セラドーム大阪,unknown,low,False,False,900081,1900087,[],[],,,,,0,light,2025-04-29T04:00:00+00:00,,UNKNOWN,,,,UNKNOWN,UNKNOWN,,UNKNOWN,,1.8,1.4,9.0,3.6,1.8,5.0,5.0,1.0,5.0,1.0,2.0,5.0,,,,1.125,0.875,11.25,0.0,0.0,0.7000000000000002,8.0,1.0,7.0,0.0,0.0,10.0,,,,True,True,UNKNOWN,False,False
2021029189,2025-04-29 13:30:00,東京ヤクルトスワローズ,横浜DeNAベイスターズ,1.0,6.0,UNKNOWN,明治神宮野球場,unknown,low,False,False,2103904,1961468,[],[],,,,,0,light,2025-04-29T04:30:00+00:00,,UNKNOWN,,,,UNKNOWN,UNKNOWN,,UNKNOWN,,1.5,1.1666666666666667,7.5,3.0,0.0,2.5333333333333337,6.0,1.0,5.0,0.0,2.0,5.0,,,,4.153846153846154,2.076923076923077,10.384615384615383,8.307692307692308,0.0,3.661538461538462,4.333333333333333,2.0,5.0,0.0,4.0,5.0,,,,True,True,UNKNOWN,False,False
2021029190,2025-04-29 14:00:00,中日ドラゴンズ,阪神タイガース,4.0,1.0,UNKNOWN,バンテリンドーム ナゴヤ,excluded,high,False,False,1600115,500014,[],[],,,,,0,light,2025-04-29T05:00:00+00:00,,UNKNOWN,,,,UNKNOWN,UNKNOWN,,UNKNOWN,,6.0,1.3333333333333333,9.0,3.0,1.5,4.366666666666667,6.0,4.0,6.0,1.0,2.0,6.0,,,,1.5,0.8333333333333334,6.0,1.5,1.5,4.533333333333333,6.0,1.0,4.0,1.0,1.0,4.0,,,,True,True,UNKNOWN,False,False
2021029191,2025-04-29 14:00:00,埼玉西武ライオンズ,東北楽天ゴールデンイーグルス,7.0,1.0,UNKNOWN,ベルーナドーム,unknown,low,False,False,2110316,1400182,[],[],,,,,0,light,2025-04-29T05:00:00+00:00,,UNKNOWN,,,,UNKNOWN,UNKNOWN,,UNKNOWN,,11.117647058823527,2.294117647058824,4.764705882352941,6.352941176470588,0.0,4.258823529411765,5.666666666666667,7.0,9.0,0.0,4.0,3.0,,,,0.0,1.0,3.0,3.0,0.0,3.5333333333333337,6.0,0.0,4.0,0.0,2.0,2.0,,,,True,True,UNKNOWN,False,False
2021029193,2025-04-29 18:00:00,福岡ソフトバンクホークス,北海道日本ハムファイターズ,1.0,2.0,UNKNOWN,みずほPayPayドーム福岡,unknown,low,False,False,2000079,1700011,[],[],,,,,0,light,2025-04-29T09:00:00+00:00,,UNKNOWN,,,,UNKNOWN,UNKNOWN,,UNKNOWN,,1.0,0.5555555555555556,9.0,0.0,1.0,2.644444444444445,9.0,1.0,5.0,1.0,0.0,9.0,,,,1.2857142857142858,1.0,9.0,3.857142857142857,0.0,2.4857142857142858,7.0,1.0,4.0,0.0,3.0,7.0,,,,True,True,UNKNOWN,False,False
2021029194,2025-04-30 18:00:00,読売ジャイアンツ,広島東洋カープ,2.0,0.0,UNKNOWN,東京ドーム,unknown,low,False,False,1300057,2000006,[],[],,,,,0,light,2025-04-30T09:00:00+00:00,,UNKNOWN,,,,UNKNOWN,UNKNOWN,,UNKNOWN,,3.0,1.3333333333333333,10.5,4.5,0.0,2.3666666666666667,6.0,2.0,5.0,0.0,3.0,7.0,,,,0.0,0.8571428571428571,7.714285714285714,1.2857142857142858,0.0,1.9142857142857144,7.0,0.0,5.0,0.0,1.0,6.0,,,,True,True,UNKNOWN,False,False
2021029195,2025-04-30 18:00:00,東京ヤクルトスワローズ,横浜DeNAベイスターズ,4.0,1.0,UNKNOWN,明治神宮野球場,excluded,high,False,False,2105707,2000025,[],[],,,,,0,light,2025-04-30T09:00:00+00:00,,UNKNOWN,,,,UNKNOWN,UNKNOWN,,UNKNOWN,,0.0,1.7142857142857142,3.8571428571428568,9.642857142857142,0.0,5.557142857142857,4.666666666666667,0.0,3.0,0.0,5.0,2.0,,,,1.5,1.1666666666666667,7.5,4.5,1.5,5.2,6.0,1.0,4.0,1.0,3.0,5.0,,,,True,True,UNKNOWN,False,False
2021029196,2025-04-30 18:00:00,中日ドラゴンズ,阪神タイガース,5.0,4.0,UNKNOWN,バンテリンドーム ナゴヤ,unknown,low,False,False,2104016,1000138,[],[],,,,,0,light,2025-04-30T09:00:00+00:00,,UNKNOWN,,,,UNKNOWN,UNKNOWN,,UNKNOWN,,6.352941176470588,1.0588235294117647,9.529411764705882,3.176470588235294,1.588235294117647,4.435294117647059,5.666666666666667,4.0,4.0,1.0,2.0,6.0,,,,5.4,1.0,5.4,3.6,0.0,3.2,5.0,3.0,3.0,0.0,2.0,3.0,,,,True,True,UNKNOWN,False,False
2021029198,2025-04-30 18:00:00,オリックス・バファローズ,千葉ロッテマリーンズ,5.0,0.0,UNKNOWN,京セラドーム大阪,unknown,low,False,False,1600146,1700109,[],[],,,,,0,light,2025-04-30T09:00:00+00:00,,UNKNOWN,,,,UNKNOWN,UNKNOWN,,UNKNOWN,,9.0,2.2,5.4,0.0,1.8,4.6,5.0,5.0,11.0,1.0,0.0,3.0,,,,0.0,0.2222222222222222,9.0,0.0,0.0,1.2000000000000002,9.0,0.0,2.0,0.0,0.0,9.0,,,,True,True,UNKNOWN,False,False
2021029197,2025-04-30 18:00:00,埼玉西武ライオンズ,東北楽天ゴールデンイーグルス,3.0,1.0,UNKNOWN,ベルーナドーム,unknown,low,False,False,2000123,2103657,[],[],,,,,0,light,2025-04-30T09:00:00+00:00,,UNKNOWN,,,,UNKNOWN,UNKNOWN,,UNKNOWN,,4.05,1.65,1.35,2.7,0.0,3.8,6.666666666666667,3.0,9.0,0.0,2.0,1.0,,,,1.8,0.8,7.2,5.4,1.8,6.0,5.0,1.0,1.0,1.0,3.0,4.0,,,,True,True,UNKNOWN,False,False
2021029199,2025-04-30 18:00:00,福岡ソフトバンクホークス,北海道日本ハムファイターズ,1.0,6.0,UNKNOWN,みずほPayPayドーム福岡,unknown,low,False,False,1400195,1200106,[],[],,,,,0,light,2025-04-30T09:00:00+00:00,,UNKNOWN,,,,UNKNOWN,UNKNOWN,,UNKNOWN,,0.0,1.0,0.0,3.6,0.0,4.4,5.0,0.0,3.0,0.0,2.0,0.0,,,,5.4,1.7999999999999998,5.4,2.7,0.0,2.9000000000000004,3.333333333333333,2.0,5.0,0.0,1.0,2.0,,,,True,True,UNKNOWN,False,False
2021029200,2025-05-01 18:00:00,読売ジャイアンツ,広島東洋カープ,4.0,3.0,UNKNOWN,東京ドーム,unknown,low,False,False,2117228,700069,[],[],,,,,0,light,2025-05-01T09:00:00+00:00,,UNKNOWN,,,,UNKNOWN,UNKNOWN,,UNKNOWN,,3.6,1.0,5.4,3.6,1.8,5.800000000000001,5.0,2.0,3.0,1.0,2.0,3.0,,,,9.0,3.6666666666666665,6.0,9.0,0.0,4.866666666666667,3.0,3.0,8.0,0.0,3.0,2.0,,,,True,True,UNKNOWN,False,False
2021029202,2025-05-01 18:00:00,中日ドラゴンズ,阪神タイガース,3.0,2.0,UNKNOWN,バンテリンドーム ナゴヤ,excluded,high,False,False,1700137,1650489,[],[],,,,,0,light,2025-05-01T09:00:00+00:00,,UNKNOWN,,,,UNKNOWN,UNKNOWN,,UNKNOWN,,5.4,1.4,7.2,1.8,0.0,2.2,5.0,3.0,6.0,0.0,1.0,4.0,,,,3.6,1.8,5.4,9.0,1.8,7.6,5.0,2.0,4.0,1.0,5.0,3.0,,,,True,True,UNKNOWN,False,False
2021029201,2025-05-01 18:00:00,東京ヤクルトスワローズ,横浜DeNAベイスターズ,0.0,3.0,UNKNOWN,明治神宮野球場,unknown,low,False,False,1300031,1300045,[],[],,,,,0,light,2025-05-01T09:00:00+00:00,,UNKNOWN,,,,UNKNOWN,UNKNOWN,,UNKNOWN,,0.0,0.8333333333333334,10.5,1.5,0.0,1.366666666666667,6.0,0.0,4.0,0.0,1.0,7.0,,,,0.0,0.8571428571428571,3.857142857142857,2.571428571428572,0.0,3.2,7.0,0.0,4.0,0.0,2.0,3.0,,,,True,True,UNKNOWN,False,False
2021029204,2025-05-01 18:00:00,福岡ソフトバンクホークス,北海道日本ハムファイターズ,2.0,3.0,UNKNOWN,みずほPayPayドーム福岡,unknown,low,False,False,2100554,1100099,[],[],,,,,0,light,2025-05-01T09:00:00+00:00,,UNKNOWN,,,,UNKNOWN,UNKNOWN,,UNKNOWN,,2.571428571428572,0.8571428571428571,12.857142857142858,1.2857142857142858,0.0,0.7714285714285718,7.0,2.0,5.0,0.0,1.0,10.0,,,,2.571428571428572,0.7142857142857143,7.714285714285714,2.571428571428572,1.2857142857142858,4.2,7.0,2.0,3.0,1.0,2.0,6.0,,,,True,True,UNKNOWN,False,False
2021029206,2025-05-02 18:00:00,阪神タイガース,東京ヤクルトスワローズ,4.0,0.0,UNKNOWN,阪神甲子園球場,unknown,low,False,False,2103794,2000055,[],[],,,,,0,light,2025-05-02T09:00:00+00:00,,UNKNOWN,,,,UNKNOWN,UNKNOWN,,UNKNOWN,,3.375,1.125,6.75,1.6875,0.0,2.2625,5.333333333333333,2.0,5.0,0.0,1.0,4.0,,,,0.0,0.5555555555555556,7.0,0.0,0.0,1.6444444444444446,9.0,0.0,5.0,0.0,0.0,7.0,,,,True,True,UNKNOWN,False,False
2021029203,2025-05-01 18:00:00,埼玉西武ライオンズ,東北楽天ゴールデンイーグルス,2.0,1.0,UNKNOWN,ベルーナドーム,excluded,high,False,False,1900117,1700125,[],[],,,,,0,light,2025-05-01T09:00:00+00:00,,UNKNOWN,,,,UNKNOWN,UNKNOWN,,UNKNOWN,,4.5,2.5,0.0,4.5,0.0,4.7,2.0,1.0,4.0,0.0,1.0,0.0,,,,0.0,0.3333333333333333,4.5,1.5,0.0,2.7,6.0,0.0,1.0,0.0,1.0,3.0,,,,True,True,UNKNOWN,False,False
2021029207,2025-05-02 18:00:00,広島東洋カープ,中日ドラゴンズ,2.0,4.0,UNKNOWN,MAZDA Zoom-Zoom スタジアム広島,unknown,low,False,False,2000042,1900052,[],[],,,,,0,light,2025-05-02T09:00:00+00:00,,UNKNOWN,,,,UNKNOWN,UNKNOWN,,UNKNOWN,,2.571428571428572,0.8571428571428571,6.428571428571429,1.2857142857142858,1.2857142857142858,4.057142857142857,7.0,2.0,5.0,1.0,1.0,5.0,,,,6.0,1.8333333333333333,6.0,1.5,0.0,2.3666666666666667,6.0,4.0,10.0,0.0,1.0,4.0,,,,True,True,UNKNOWN,False,False
2021029209,2025-05-02 18:00:00,福岡ソフトバンクホークス,千葉ロッテマリーンズ,4.0,3.0,UNKNOWN,みずほPayPayドーム福岡,unknown,low,False,False,1961672,1400117,[],[],,,,,0,light,2025-05-02T09:00:00+00:00,,UNKNOWN,,,,UNKNOWN,UNKNOWN,,UNKNOWN,,1.2857142857142858,0.8571428571428571,5.142857142857143,1.2857142857142858,0.0,2.4857142857142858,7.0,1.0,5.0,0.0,1.0,4.0,,,,3.857142857142857,1.0,6.428571428571429,1.2857142857142858,1.2857142857142858,4.057142857142857,7.0,3.0,6.0,1.0,1.0,5.0,,,,True,True,UNKNOWN,False,False
2021029210,2025-05-03 14:00:00,横浜DeNAベイスターズ,読売ジャイアンツ,1.0,0.0,UNKNOWN,横浜スタジアム,unknown,low,False,False,2103689,1460045,[],[],,,,,0,light,2025-05-03T05:00:00+00:00,,UNKNOWN,,,,UNKNOWN,UNKNOWN,,UNKNOWN,,0.0,1.1428571428571428,5.142857142857143,3.857142857142857,0.0,3.342857142857143,7.0,0.0,5.0,0.0,3.0,4.0,,,,0.0,0.8888888888888888,7.0,2.0,0.0,2.311111111111112,9.0,0.0,6.0,0.0,2.0,7.0,,,,True,True,UNKNOWN,False,False
2021029212,2025-05-03 14:00:00,広島東洋カープ,中日ドラゴンズ,2.0,0.0,UNKNOWN,MAZDA Zoom-Zoom スタジアム広島,unknown,low,False,False,1200098,1600123,[],[],,,,,0,light,2025-05-03T05:00:00+00:00,,UNKNOWN,,,,UNKNOWN,UNKNOWN,,UNKNOWN,,1.2857142857142858,0.8571428571428571,0.0,1.2857142857142858,0.0,3.628571428571429,7.0,1.0,5.0,0.0,1.0,0.0,,,,0.0,0.4444444444444444,0.0,1.0,0.0,3.5333333333333337,9.0,0.0,3.0,0.0,1.0,0.0,,,,True,True,UNKNOWN,False,False
2021029211,2025-05-03 14:00:00,阪神タイガース,東京ヤクルトスワローズ,7.0,1.0,UNKNOWN,阪神甲子園球場,unknown,low,False,False,1900024,1960901,[],[],,,,,0,light,2025-05-03T05:00:00+00:00,,UNKNOWN,,,,UNKNOWN,UNKNOWN,,UNKNOWN,,5.0625,2.25,11.8125,3.375,0.0,1.7000000000000002,5.333333333333333,3.0,10.0,0.0,2.0,7.0,,,,0.0,0.8333333333333334,4.5,1.5,0.0,2.7,6.0,0.0,4.0,0.0,1.0,3.0,,,,True,True,UNKNOWN,False,False
2021029213,2025-05-03 14:00:00,北海道日本ハムファイターズ,埼玉西武ライオンズ,3.0,4.0,UNKNOWN,エスコンフィールドHOKKAIDO,unknown,low,False,False,1600127,1500110,[],[],,,,,0,light,2025-05-03T05:00:00+00:00,,UNKNOWN,,,,UNKNOWN,UNKNOWN,,UNKNOWN,,0.0,1.0,12.857142857142858,3.857142857142857,0.0,1.6285714285714288,7.0,0.0,4.0,0.0,3.0,10.0,,,,1.5,0.8333333333333334,4.5,0.0,1.5,4.366666666666667,6.0,1.0,5.0,1.0,0.0,3.0,,,,True,True,UNKNOWN,False,False
2021029220,2025-05-04 13:00:00,東北楽天ゴールデンイーグルス,オリックス・バファローズ,14.0,3.0,UNKNOWN,楽天モバイルパーク宮城,unknown,low,False,False,1750543,700065,[],[],,,,,0,light,2025-05-04T04:00:00+00:00,,UNKNOWN,,,,UNKNOWN,UNKNOWN,,UNKNOWN,,36.0,4.0,0.0,0.0,0.0,3.2,1.0,4.0,4.0,0.0,0.0,0.0,,,,5.4,2.0,0.0,1.8,0.0,3.8,5.0,3.0,9.0,0.0,1.0,0.0,,,,True,True,UNKNOWN,False,False
2021029215,2025-05-03 14:00:00,福岡ソフトバンクホークス,千葉ロッテマリーンズ,5.0,0.0,UNKNOWN,みずほPayPayドーム福岡,unknown,low,False,False,1300080,1900106,[],[],,,,,0,light,2025-05-03T05:00:00+00:00,,UNKNOWN,,,,UNKNOWN,UNKNOWN,,UNKNOWN,,7.941176470588235,1.4117647058823528,9.529411764705882,1.588235294117647,1.588235294117647,3.905882352941177,5.666666666666667,5.0,7.0,1.0,1.0,6.0,,,,0.0,1.0,3.0,6.0,0.0,4.533333333333333,6.0,0.0,2.0,0.0,4.0,2.0,,,,True,True,UNKNOWN,False,False
2021029221,2025-05-04 13:00:00,福岡ソフトバンクホークス,千葉ロッテマリーンズ,5.0,3.0,UNKNOWN,みずほPayPayドーム福岡,unknown,low,False,False,1800052,2107792,[],[],,,,,0,light,2025-05-04T04:00:00+00:00,,UNKNOWN,,,,UNKNOWN,UNKNOWN,,UNKNOWN,,4.5,1.75,6.75,2.25,2.25,5.7,4.0,2.0,6.0,1.0,1.0,3.0,,,,4.909090909090909,2.7272727272727275,7.363636363636364,12.272727272727272,0.0,5.654545454545454,3.6666666666666665,2.0,5.0,0.0,5.0,3.0,,,,True,True,UNKNOWN,False,False
2021029214,2025-05-03 14:00:00,東北楽天ゴールデンイーグルス,オリックス・バファローズ,0.0,7.0,UNKNOWN,楽天モバイルパーク宮城,unknown,low,False,False,1750595,2000121,[],[],,,,,0,light,2025-05-03T05:00:00+00:00,,UNKNOWN,,,,UNKNOWN,UNKNOWN,,UNKNOWN,,0.0,0.8571428571428571,9.0,2.571428571428572,0.0,2.0571428571428574,7.0,0.0,4.0,0.0,2.0,7.0,,,,3.176470588235294,1.9411764705882355,6.352941176470588,6.352941176470588,1.588235294117647,6.2,5.666666666666667,2.0,7.0,1.0,4.0,4.0,,,,True,True,UNKNOWN,False,False
2021029216,2025-05-04 14:00:00,横浜DeNAベイスターズ,読売ジャイアンツ,1.0,3.0,UNKNOWN,横浜スタジアム,unknown,low,False,False,1961407,1700058,[],[],,,,,0,light,2025-05-04T05:00:00+00:00,,UNKNOWN,,,,UNKNOWN,UNKNOWN,,UNKNOWN,,0.0,0.5,9.0,1.5,0.0,1.7000000000000002,6.0,0.0,2.0,0.0,1.0,6.0,,,,4.5,1.3333333333333333,9.0,0.0,1.5,3.3666666666666667,6.0,3.0,8.0,1.0,0.0,6.0,,,,True,True,UNKNOWN,False,False
2021029224,2025-05-05 14:00:00,中日ドラゴンズ,横浜DeNAベイスターズ,1.0,2.0,UNKNOWN,バンテリンドーム ナゴヤ,excluded,high,False,False,1961374,2108462,[],[],,,,,0,light,2025-05-05T05:00:00+00:00,,UNKNOWN,,,,UNKNOWN,UNKNOWN,,UNKNOWN,,1.125,0.75,5.625,3.375,1.125,4.7,8.0,1.0,3.0,1.0,3.0,5.0,,,,3.0,1.1666666666666667,12.0,3.0,0.0,1.5333333333333334,6.0,2.0,5.0,0.0,2.0,8.0,,,,True,True,UNKNOWN,False,False
2021029217,2025-05-04 14:00:00,阪神タイガース,東京ヤクルトスワローズ,2.0,5.0,UNKNOWN,阪神甲子園球場,unknown,low,False,False,12113,1850363,[],[],,,,,0,light,2025-05-04T05:00:00+00:00,,UNKNOWN,,,,UNKNOWN,UNKNOWN,,UNKNOWN,,1.5,1.3333333333333333,3.0,3.0,1.5,5.7,6.0,1.0,6.0,1.0,2.0,2.0,,,,5.684210526315789,1.4210526315789471,4.2631578947368425,2.8421052631578947,0.0,3.2,6.333333333333333,4.0,7.0,0.0,2.0,3.0,,,,True,True,UNKNOWN,False,False
2021029219,2025-05-04 13:00:00,北海道日本ハムファイターズ,埼玉西武ライオンズ,3.0,2.0,UNKNOWN,エスコンフィールドHOKKAIDO,excluded,high,False,False,1751148,2050307,[],[],,,,,0,light,2025-05-04T04:00:00+00:00,,UNKNOWN,,,,UNKNOWN,UNKNOWN,,UNKNOWN,,3.375,1.25,4.5,2.25,1.125,4.575,8.0,3.0,8.0,1.0,2.0,4.0,,,,1.5,0.6666666666666666,6.0,0.0,1.5,4.033333333333333,6.0,1.0,4.0,1.0,0.0,4.0,,,,True,True,UNKNOWN,False,False
2021029226,2025-05-05 15:00:00,千葉ロッテマリーンズ,東北楽天ゴールデンイーグルス,1.0,2.0,UNKNOWN,ZOZOマリンスタジアム,excluded,high,False,False,2106793,2102758,[],[],,,,,0,light,2025-05-05T06:00:00+00:00,,UNKNOWN,,,,UNKNOWN,UNKNOWN,,UNKNOWN,,1.9285714285714284,1.5,5.785714285714286,7.7142857142857135,0.0,4.485714285714286,4.666666666666667,1.0,3.0,0.0,4.0,3.0,,,,1.5,0.6666666666666666,7.5,3.0,0.0,2.5333333333333337,6.0,1.0,2.0,0.0,2.0,5.0,,,,True,True,UNKNOWN,False,False
2021029223,2025-05-05 18:00:00,東京ヤクルトスワローズ,広島東洋カープ,0.0,4.0,UNKNOWN,明治神宮野球場,unknown,low,False,False,1600122,1200076,[],[],,,,,0,light,2025-05-05T09:00:00+00:00,,UNKNOWN,,,,UNKNOWN,UNKNOWN,,UNKNOWN,,0.0,0.6666666666666666,3.0,3.0,0.0,3.5333333333333337,3.0,0.0,1.0,0.0,1.0,1.0,,,,1.5,1.3333333333333333,6.0,3.0,1.5,5.033333333333333,6.0,1.0,6.0,1.0,2.0,4.0,,,,True,True,UNKNOWN,False,False
2021029218,2025-05-04 13:30:00,広島東洋カープ,中日ドラゴンズ,9.0,4.0,UNKNOWN,MAZDA Zoom-Zoom スタジアム広島,excluded,high,False,False,900406,1900057,[],[],,,,,0,light,2025-05-04T04:30:00+00:00,,UNKNOWN,,,,UNKNOWN,UNKNOWN,,UNKNOWN,,10.8,1.7999999999999998,13.5,2.7,0.0,1.1,3.333333333333333,4.0,5.0,0.0,1.0,5.0,,,,7.2,1.8,7.2,1.8,0.0,2.2,5.0,4.0,8.0,0.0,1.0,4.0,,,,True,True,UNKNOWN,False,False
2021029222,2025-05-05 18:00:00,読売ジャイアンツ,阪神タイガース,1.0,10.0,UNKNOWN,東京ドーム,excluded,high,False,False,2106172,1800028,[],[],,,,,0,light,2025-05-05T09:00:00+00:00,,UNKNOWN,,,,UNKNOWN,UNKNOWN,,UNKNOWN,,3.0,1.3333333333333333,3.0,3.0,0.0,3.5333333333333337,3.0,1.0,3.0,0.0,1.0,1.0,,,,3.0,1.0,7.5,1.5,1.5,4.2,6.0,2.0,5.0,1.0,1.0,5.0,,,,True,True,UNKNOWN,False,False
2021029225,2025-05-05 18:00:00,埼玉西武ライオンズ,福岡ソフトバンクホークス,0.0,2.0,UNKNOWN,ベルーナドーム,unknown,low,False,False,1550517,1800081,[],[],,,,,0,light,2025-05-05T09:00:00+00:00,,UNKNOWN,,,,UNKNOWN,UNKNOWN,,UNKNOWN,,0.0,1.75,4.5,2.25,0.0,2.95,4.0,0.0,6.0,0.0,1.0,2.0,,,,2.571428571428572,1.4285714285714286,6.428571428571429,6.428571428571429,1.2857142857142858,5.771428571428572,7.0,2.0,5.0,1.0,5.0,5.0,,,,True,True,UNKNOWN,False,False
2021029227,2025-05-05 18:00:00,オリックス・バファローズ,北海道日本ハムファイターズ,1.0,0.0,UNKNOWN,京セラドーム大阪,unknown,low,False,False,1750903,1300058,[],[],,,,,0,light,2025-05-05T09:00:00+00:00,,UNKNOWN,,,,UNKNOWN,UNKNOWN,,UNKNOWN,,1.125,1.0,7.875,1.125,0.0,1.825,8.0,1.0,7.0,0.0,1.0,7.0,,,,0.0,1.0,4.5,4.5,0.0,3.7,8.0,0.0,4.0,0.0,4.0,4.0,,,,True,True,UNKNOWN,False,False
2021029233,2025-05-06 14:00:00,オリックス・バファローズ,北海道日本ハムファイターズ,3.0,7.0,UNKNOWN,京セラドーム大阪,unknown,low,False,False,2000079,1700118,[],[],,,,,0,light,2025-05-06T05:00:00+00:00,,UNKNOWN,,,,UNKNOWN,UNKNOWN,,UNKNOWN,,0.0,0.8571428571428571,3.857142857142857,0.0,0.0,2.342857142857143,7.0,0.0,6.0,0.0,0.0,3.0,,,,20.25,4.5,0.0,6.75,0.0,5.45,1.3333333333333333,3.0,5.0,0.0,1.0,0.0,,,,True,True,UNKNOWN,False,False
2021029231,2025-05-06 14:00:00,埼玉西武ライオンズ,福岡ソフトバンクホークス,0.0,10.0,UNKNOWN,ベルーナドーム,unknown,low,False,False,1700011,2106794,[],[],,,,,0,light,2025-05-06T05:00:00+00:00,,UNKNOWN,,,,UNKNOWN,UNKNOWN,,UNKNOWN,,0.0,0.1428571428571428,7.714285714285714,0.0,0.0,1.485714285714286,7.0,0.0,1.0,0.0,0.0,6.0,,,,18.0,3.2,3.6,7.2,0.0,4.800000000000001,5.0,10.0,12.0,0.0,4.0,2.0,,,,True,True,UNKNOWN,False,False
2021029230,2025-05-06 14:00:00,中日ドラゴンズ,横浜DeNAベイスターズ,0.0,3.0,UNKNOWN,バンテリンドーム ナゴヤ,excluded,high,False,False,2103904,500014,[],[],,,,,0,light,2025-05-06T05:00:00+00:00,,UNKNOWN,,,,UNKNOWN,UNKNOWN,,UNKNOWN,,0.0,0.7142857142857143,6.428571428571429,0.0,0.0,1.7714285714285716,7.0,0.0,5.0,0.0,0.0,5.0,,,,4.5,1.8333333333333333,13.5,4.5,0.0,1.7000000000000002,6.0,3.0,8.0,0.0,3.0,9.0,,,,True,True,UNKNOWN,False,False
2021029228,2025-05-06 18:00:00,読売ジャイアンツ,阪神タイガース,1.0,7.0,UNKNOWN,東京ドーム,unknown,low,False,False,1600115,1900019,[],[],,,,,0,light,2025-05-06T09:00:00+00:00,,UNKNOWN,,,,UNKNOWN,UNKNOWN,,UNKNOWN,,0.0,1.4,9.0,5.4,0.0,3.0,5.0,0.0,4.0,0.0,3.0,5.0,,,,6.0,3.0,3.0,3.0,3.0,7.866666666666667,3.0,2.0,8.0,1.0,1.0,1.0,,,,True,True,UNKNOWN,False,False
2021029234,2025-05-07 18:00:00,読売ジャイアンツ,阪神タイガース,6.0,4.0,UNKNOWN,東京ドーム,unknown,low,False,False,2104016,2000006,[],[],,,,,0,light,2025-05-07T09:00:00+00:00,,UNKNOWN,,,,UNKNOWN,UNKNOWN,,UNKNOWN,,14.727272727272728,2.181818181818182,7.363636363636364,4.909090909090909,2.4545454545454546,6.745454545454546,3.6666666666666665,6.0,6.0,1.0,2.0,3.0,,,,3.6,1.4,7.2,1.8,1.8,4.800000000000001,5.0,2.0,6.0,1.0,1.0,4.0,,,,True,True,UNKNOWN,False,False
2021029235,2025-05-07 18:00:00,東京ヤクルトスワローズ,広島東洋カープ,3.0,5.0,UNKNOWN,明治神宮野球場,unknown,low,False,False,1300057,2000025,[],[],,,,,0,light,2025-05-07T09:00:00+00:00,,UNKNOWN,,,,UNKNOWN,UNKNOWN,,UNKNOWN,,3.0,1.0,9.0,4.5,1.5,4.866666666666667,6.0,2.0,3.0,1.0,3.0,6.0,,,,4.5,1.25,9.0,2.25,0.0,1.95,4.0,2.0,4.0,0.0,1.0,4.0,,,,True,True,UNKNOWN,False,False
2021029236,2025-05-07 18:00:00,中日ドラゴンズ,横浜DeNAベイスターズ,2.0,1.0,UNKNOWN,バンテリンドーム ナゴヤ,unknown,low,False,False,1800045,1000138,[],[],,,,,0,light,2025-05-07T09:00:00+00:00,,UNKNOWN,,,,UNKNOWN,UNKNOWN,,UNKNOWN,,3.0,1.1666666666666667,6.0,1.5,1.5,4.533333333333333,6.0,2.0,6.0,1.0,1.0,4.0,,,,0.0,0.5,4.5,1.5,0.0,2.7,6.0,0.0,2.0,0.0,1.0,3.0,,,,True,True,UNKNOWN,False,False
2021029237,2025-05-07 18:00:00,埼玉西武ライオンズ,福岡ソフトバンクホークス,7.0,1.0,UNKNOWN,ベルーナドーム,unknown,low,False,False,1200106,1400182,[],[],,,,,0,light,2025-05-07T09:00:00+00:00,,UNKNOWN,,,,UNKNOWN,UNKNOWN,,UNKNOWN,,6.75,1.0,4.5,0.0,2.25,5.45,4.0,3.0,4.0,1.0,0.0,2.0,,,,1.8,2.0,0.0,7.2,1.8,8.2,5.0,1.0,6.0,1.0,4.0,0.0,,,,True,True,UNKNOWN,False,False
2021029238,2025-05-07 18:00:00,千葉ロッテマリーンズ,東北楽天ゴールデンイーグルス,7.0,3.0,UNKNOWN,ZOZOマリンスタジアム,excluded,high,False,False,2000123,2101268,[],[],,,,,0,light,2025-05-07T09:00:00+00:00,,UNKNOWN,,,,UNKNOWN,UNKNOWN,,UNKNOWN,,12.0,3.333333333333333,6.0,9.0,0.0,4.866666666666667,3.0,4.0,7.0,0.0,3.0,2.0,,,,4.5,3.0,0.0,22.5,0.0,10.7,2.0,1.0,1.0,0.0,5.0,0.0,,,,True,True,UNKNOWN,False,False
2021029239,2025-05-07 18:00:00,オリックス・バファローズ,北海道日本ハムファイターズ,2.0,2.0,UNKNOWN,京セラドーム大阪,unknown,low,False,False,1400195,1900087,[],[],,,,,0,light,2025-05-07T09:00:00+00:00,,UNKNOWN,,,,UNKNOWN,UNKNOWN,,UNKNOWN,,0.0,1.0,1.8,1.8,0.0,3.4000000000000004,5.0,0.0,4.0,0.0,1.0,1.0,,,,3.0,1.1666666666666667,9.0,1.5,1.5,3.866666666666666,6.0,2.0,6.0,1.0,1.0,6.0,,,,True,True,UNKNOWN,False,False
2021029240,2025-05-09 18:00:00,東京ヤクルトスワローズ,読売ジャイアンツ,5.0,2.0,UNKNOWN,明治神宮野球場,unknown,low,False,False,2103689,1300045,[],[],,,,,0,light,2025-05-09T09:00:00+00:00,,UNKNOWN,,,,UNKNOWN,UNKNOWN,,UNKNOWN,,3.0,0.8333333333333334,4.5,1.5,0.0,2.7,6.0,2.0,4.0,0.0,1.0,3.0,,,,1.2857142857142858,1.2857142857142858,3.857142857142857,2.571428571428572,1.2857142857142858,5.057142857142857,7.0,1.0,7.0,1.0,2.0,3.0,,,,True,True,UNKNOWN,False,False
2021029241,2025-05-09 18:00:00,横浜DeNAベイスターズ,広島東洋カープ,4.0,3.0,UNKNOWN,横浜スタジアム,unknown,low,False,False,1900052,1460045,[],[],,,,,0,light,2025-05-09T09:00:00+00:00,,UNKNOWN,,,,UNKNOWN,UNKNOWN,,UNKNOWN,,2.25,0.625,7.875,0.0,1.125,3.075,8.0,2.0,5.0,1.0,0.0,7.0,,,,3.375,1.125,9.0,1.125,1.125,3.2,8.0,3.0,8.0,1.0,1.0,8.0,,,,True,True,UNKNOWN,False,False
2021029243,2025-05-09 18:00:00,北海道日本ハムファイターズ,東北楽天ゴールデンイーグルス,2.0,1.0,UNKNOWN,エスコンフィールドHOKKAIDO,unknown,low,False,False,1900117,2107859,[],[],,,,,0,light,2025-05-09T09:00:00+00:00,,UNKNOWN,,,,UNKNOWN,UNKNOWN,,UNKNOWN,,4.153846153846154,2.5384615384615388,10.384615384615383,4.153846153846154,0.0,2.276923076923077,4.333333333333333,2.0,9.0,0.0,2.0,5.0,,,,1.0,0.7777777777777778,9.0,0.0,0.0,1.2000000000000002,9.0,1.0,7.0,0.0,0.0,9.0,,,,True,True,UNKNOWN,False,False
2021029244,2025-05-09 18:00:00,埼玉西武ライオンズ,千葉ロッテマリーンズ,1.0,0.0,UNKNOWN,埼玉県営大宮公園野球場,unknown,low,False,False,1961672,1700125,[],[],,,,,0,light,2025-05-09T09:00:00+00:00,,UNKNOWN,,,,UNKNOWN,UNKNOWN,,UNKNOWN,,1.2857142857142858,0.7142857142857143,5.142857142857143,0.0,0.0,2.0571428571428574,7.0,1.0,5.0,0.0,0.0,4.0,,,,0.0,0.6666666666666666,4.5,0.0,0.0,2.2,6.0,0.0,4.0,0.0,0.0,3.0,,,,True,True,UNKNOWN,False,False
2021029245,2025-05-09 18:00:00,オリックス・バファローズ,福岡ソフトバンクホークス,1.0,11.0,UNKNOWN,京セラドーム大阪,unknown,low,False,False,1400117,2108177,[],[],,,,,0,light,2025-05-09T09:00:00+00:00,,UNKNOWN,,,,UNKNOWN,UNKNOWN,,UNKNOWN,,1.2857142857142858,1.4285714285714286,2.571428571428572,3.857142857142857,0.0,3.9142857142857146,7.0,1.0,7.0,0.0,3.0,2.0,,,,5.4,1.6,0.0,7.2,0.0,5.6,5.0,3.0,4.0,0.0,4.0,0.0,,,,True,True,UNKNOWN,False,False
2021029247,2025-05-10 14:00:00,横浜DeNAベイスターズ,広島東洋カープ,3.0,5.0,UNKNOWN,横浜スタジアム,unknown,low,False,False,1600123,1300031,[],[],,,,,0,light,2025-05-10T05:00:00+00:00,,UNKNOWN,,,,UNKNOWN,UNKNOWN,,UNKNOWN,,4.2631578947368425,1.2631578947368425,1.4210526315789471,2.8421052631578947,0.0,3.831578947368421,6.333333333333333,3.0,6.0,0.0,2.0,1.0,,,,3.6,0.6,7.2,0.0,1.8,4.2,5.0,2.0,3.0,1.0,0.0,4.0,,,,True,True,UNKNOWN,False,False
2021029248,2025-05-10 14:00:00,阪神タイガース,中日ドラゴンズ,2.0,0.0,UNKNOWN,阪神甲子園球場,unknown,low,False,False,2000042,2000055,[],[],,,,,0,light,2025-05-10T05:00:00+00:00,,UNKNOWN,,,,UNKNOWN,UNKNOWN,,UNKNOWN,,2.571428571428572,1.1428571428571428,7.714285714285714,1.2857142857142858,0.0,1.9142857142857144,7.0,2.0,7.0,0.0,1.0,6.0,,,,0.0,0.7777777777777778,5.0,0.0,0.0,2.088888888888889,9.0,0.0,7.0,0.0,0.0,5.0,,,,True,True,UNKNOWN,False,False
2021029246,2025-05-10 18:00:00,東京ヤクルトスワローズ,読売ジャイアンツ,2.0,3.0,UNKNOWN,明治神宮野球場,unknown,low,False,False,1961407,1961468,[],[],,,,,0,light,2025-05-10T09:00:00+00:00,,UNKNOWN,,,,UNKNOWN,UNKNOWN,,UNKNOWN,,1.8,1.6,16.2,5.4,0.0,1.4,5.0,1.0,5.0,0.0,3.0,9.0,,,,3.0,0.6666666666666666,7.5,0.0,1.5,3.7,6.0,2.0,4.0,1.0,0.0,5.0,,,,True,True,UNKNOWN,False,False
2021029249,2025-05-10 14:00:00,北海道日本ハムファイターズ,東北楽天ゴールデンイーグルス,8.0,7.0,UNKNOWN,エスコンフィールドHOKKAIDO,unknown,low,False,False,2110316,1500110,[],[],,,,,0,light,2025-05-10T05:00:00+00:00,,UNKNOWN,,,,UNKNOWN,UNKNOWN,,UNKNOWN,,9.0,2.0,12.0,6.0,6.0,11.2,3.0,3.0,4.0,2.0,2.0,4.0,,,,13.5,2.25,6.75,4.5,2.25,6.45,4.0,6.0,7.0,1.0,2.0,3.0,,,,True,True,UNKNOWN,False,False
2021029255,2025-05-11 13:00:00,北海道日本ハムファイターズ,東北楽天ゴールデンイーグルス,4.0,0.0,UNKNOWN,エスコンフィールドHOKKAIDO,unknown,low,False,False,700065,2100554,[],[],,,,,0,light,2025-05-11T04:00:00+00:00,,UNKNOWN,,,,UNKNOWN,UNKNOWN,,UNKNOWN,,6.0,1.3333333333333333,4.5,1.5,3.0,7.033333333333333,6.0,4.0,7.0,2.0,1.0,3.0,,,,0.0,0.2222222222222222,7.0,0.0,0.0,1.6444444444444446,9.0,0.0,2.0,0.0,0.0,7.0,,,,True,True,UNKNOWN,False,False
2021029250,2025-05-10 18:00:00,埼玉西武ライオンズ,千葉ロッテマリーンズ,7.0,0.0,UNKNOWN,ベルーナドーム,unknown,low,False,False,900081,1600127,[],[],,,,,0,light,2025-05-10T09:00:00+00:00,,UNKNOWN,,,,UNKNOWN,UNKNOWN,,UNKNOWN,,6.0,1.1666666666666667,4.5,1.5,1.5,4.866666666666667,6.0,4.0,6.0,1.0,1.0,3.0,,,,0.0,0.4285714285714285,12.857142857142858,0.0,0.0,0.3428571428571429,7.0,0.0,3.0,0.0,0.0,10.0,,,,True,True,UNKNOWN,False,False
2021029257,2025-05-11 13:00:00,オリックス・バファローズ,福岡ソフトバンクホークス,1.0,7.0,UNKNOWN,京セラドーム大阪,unknown,low,False,False,1100099,1700109,[],[],,,,,0,light,2025-05-11T04:00:00+00:00,,UNKNOWN,,,,UNKNOWN,UNKNOWN,,UNKNOWN,,1.125,0.5,5.625,0.0,0.0,1.95,8.0,1.0,4.0,0.0,0.0,5.0,,,,7.5,1.5,7.5,0.0,3.0,5.866666666666667,6.0,5.0,9.0,2.0,0.0,5.0,,,,True,True,UNKNOWN,False,False
2021029253,2025-05-11 14:00:00,横浜DeNAベイスターズ,広島東洋カープ,4.0,2.0,UNKNOWN,横浜スタジアム,unknown,low,False,False,1900057,1700058,[],[],,,,,0,light,2025-05-11T05:00:00+00:00,,UNKNOWN,,,,UNKNOWN,UNKNOWN,,UNKNOWN,,12.0,2.333333333333333,9.0,0.0,0.0,1.2000000000000002,3.0,4.0,7.0,0.0,0.0,3.0,,,,3.6,2.2,7.2,5.4,1.8,6.0,5.0,2.0,8.0,1.0,3.0,4.0,,,,True,True,UNKNOWN,False,False
2021029251,2025-05-10 18:00:00,オリックス・バファローズ,福岡ソフトバンクホークス,6.0,1.0,UNKNOWN,京セラドーム大阪,unknown,low,False,False,1900106,1750595,[],[],,,,,0,light,2025-05-10T09:00:00+00:00,,UNKNOWN,,,,UNKNOWN,UNKNOWN,,UNKNOWN,,5.4,1.0,3.6,0.0,1.8,5.0,5.0,3.0,5.0,1.0,0.0,2.0,,,,0.0,0.7142857142857143,6.428571428571429,3.857142857142857,0.0,3.0571428571428574,7.0,0.0,2.0,0.0,3.0,5.0,,,,True,True,UNKNOWN,False,False
2021029254,2025-05-11 14:00:00,阪神タイガース,中日ドラゴンズ,1.0,0.0,UNKNOWN,阪神甲子園球場,unknown,low,False,False,1200098,1850363,[],[],,,,,0,light,2025-05-11T05:00:00+00:00,,UNKNOWN,,,,UNKNOWN,UNKNOWN,,UNKNOWN,,1.8,1.8,3.6,3.6,0.0,3.6,5.0,1.0,7.0,0.0,2.0,2.0,,,,0.0,0.7058823529411764,3.176470588235294,0.0,0.0,2.494117647058824,5.666666666666667,0.0,4.0,0.0,0.0,2.0,,,,True,True,UNKNOWN,False,False
2021029256,2025-05-11 14:00:00,埼玉西武ライオンズ,千葉ロッテマリーンズ,10.0,0.0,UNKNOWN,ベルーナドーム,unknown,low,False,False,1300080,1751148,[],[],,,,,0,light,2025-05-11T05:00:00+00:00,,UNKNOWN,,,,UNKNOWN,UNKNOWN,,UNKNOWN,,6.0,1.6666666666666667,3.0,4.5,0.0,4.033333333333333,6.0,4.0,7.0,0.0,3.0,2.0,,,,0.0,0.7142857142857143,10.285714285714286,2.571428571428572,0.0,1.7714285714285716,7.0,0.0,3.0,0.0,2.0,8.0,,,,True,True,UNKNOWN,False,False
2021029252,2025-05-11 18:00:00,東京ヤクルトスワローズ,読売ジャイアンツ,2.0,1.0,UNKNOWN,明治神宮野球場,unknown,low,False,False,1900016,2103794,[],[],,,,,0,light,2025-05-11T09:00:00+00:00,,UNKNOWN,,,,UNKNOWN,UNKNOWN,,UNKNOWN,,3.375,1.3125,3.375,3.375,1.6875,6.0125,5.333333333333333,2.0,5.0,1.0,2.0,2.0,,,,1.125,0.5,11.25,0.0,1.125,2.325,8.0,1.0,4.0,1.0,0.0,10.0,,,,True,True,UNKNOWN,False,False
2021029261,2025-05-13 13:00:00,北海道日本ハムファイターズ,オリックス・バファローズ,7.0,0.0,UNKNOWN,エスコンフィールドHOKKAIDO,unknown,low,False,False,1300058,2000079,[],[],,,,,0,light,2025-05-13T04:00:00+00:00,,UNKNOWN,,,,UNKNOWN,UNKNOWN,,UNKNOWN,,8.526315789473685,1.4210526315789471,12.789473684210527,1.4210526315789471,0.0,0.831578947368421,6.333333333333333,6.0,8.0,0.0,1.0,9.0,,,,0.0,0.75,11.25,2.25,0.0,1.4500000000000002,8.0,0.0,4.0,0.0,2.0,10.0,,,,True,True,UNKNOWN,False,False
2021029262,2025-05-13 13:00:00,東北楽天ゴールデンイーグルス,千葉ロッテマリーンズ,4.0,3.0,UNKNOWN,楽天モバイルパーク宮城,unknown,low,False,False,1800052,2106793,[],[],,,,,0,light,2025-05-13T04:00:00+00:00,,UNKNOWN,,,,UNKNOWN,UNKNOWN,,UNKNOWN,,3.857142857142857,1.1428571428571428,7.714285714285714,3.857142857142857,1.2857142857142858,4.628571428571429,7.0,3.0,5.0,1.0,3.0,6.0,,,,3.6,1.0,9.0,0.0,1.8,3.8,5.0,2.0,5.0,1.0,0.0,5.0,,,,True,True,UNKNOWN,False,False
2021029258,2025-05-13 18:00:00,横浜DeNAベイスターズ,阪神タイガース,1.0,1.0,UNKNOWN,HARD OFF ECOスタジアム新潟,unknown,low,False,False,1600115,1961374,[],[],,,,,0,light,2025-05-13T09:00:00+00:00,,UNKNOWN,,,,UNKNOWN,UNKNOWN,,UNKNOWN,,1.2857142857142858,1.0,2.571428571428572,3.857142857142857,0.0,3.9142857142857146,7.0,1.0,4.0,0.0,3.0,2.0,,,,0.0,1.1428571428571428,3.857142857142857,6.428571428571429,0.0,4.485714285714286,7.0,0.0,3.0,0.0,5.0,3.0,,,,True,True,UNKNOWN,False,False
2021029259,2025-05-13 18:00:00,中日ドラゴンズ,東京ヤクルトスワローズ,5.0,4.0,UNKNOWN,豊橋市民球場,unknown,low,False,False,1200076,1650489,[],[],,,,,0,light,2025-05-13T09:00:00+00:00,,UNKNOWN,,,,UNKNOWN,UNKNOWN,,UNKNOWN,,1.9285714285714284,2.142857142857143,1.9285714285714284,3.8571428571428568,0.0,4.057142857142857,4.666666666666667,1.0,8.0,0.0,2.0,1.0,,,,2.25,1.25,2.25,4.5,0.0,4.2,4.0,1.0,3.0,0.0,2.0,1.0,,,,True,True,UNKNOWN,False,False
2021029260,2025-05-13 18:00:00,広島東洋カープ,読売ジャイアンツ,5.0,4.0,UNKNOWN,MAZDA Zoom-Zoom スタジアム広島,unknown,low,False,False,1800028,2103788,[],[],,,,,0,light,2025-05-13T09:00:00+00:00,,UNKNOWN,,,,UNKNOWN,UNKNOWN,,UNKNOWN,,7.2,2.2,5.4,5.4,3.6,9.0,5.0,4.0,8.0,2.0,3.0,3.0,,,,3.375,1.6875,10.125,1.6875,1.6875,3.95,5.333333333333333,2.0,8.0,1.0,1.0,6.0,,,,True,True,UNKNOWN,False,False
2021029263,2025-05-13 18:00:00,福岡ソフトバンクホークス,埼玉西武ライオンズ,6.0,1.0,UNKNOWN,京セラドーム大阪,unknown,low,False,False,2103657,1700011,[],[],,,,,0,light,2025-05-13T09:00:00+00:00,,UNKNOWN,,,,UNKNOWN,UNKNOWN,,UNKNOWN,,3.375,1.5,13.5,6.75,0.0,2.45,5.333333333333333,2.0,4.0,0.0,4.0,8.0,,,,1.2857142857142858,1.1428571428571428,6.428571428571429,2.571428571428572,1.2857142857142858,4.485714285714286,7.0,1.0,6.0,1.0,2.0,5.0,,,,True,True,UNKNOWN,False,False
2021029266,2025-05-14 13:00:00,北海道日本ハムファイターズ,オリックス・バファローズ,5.0,9.0,UNKNOWN,エスコンフィールドHOKKAIDO,unknown,low,False,False,1900087,1750903,[],[],,,,,0,light,2025-05-14T04:00:00+00:00,,UNKNOWN,,,,UNKNOWN,UNKNOWN,,UNKNOWN,,4.5,1.5,10.5,6.0,0.0,2.8666666666666667,6.0,3.0,5.0,0.0,4.0,7.0,,,,5.4,1.8,3.6,3.6,0.0,3.6,5.0,3.0,7.0,0.0,2.0,2.0,,,,True,True,UNKNOWN,False,False
2021029267,2025-05-14 13:00:00,東北楽天ゴールデンイーグルス,千葉ロッテマリーンズ,4.0,0.0,UNKNOWN,楽天モバイルパーク宮城,excluded,high,False,False,1600146,1961886,[],[],,,,,0,light,2025-05-14T04:00:00+00:00,,UNKNOWN,,,,UNKNOWN,UNKNOWN,,UNKNOWN,,4.5,2.5,2.25,4.5,0.0,4.2,4.0,2.0,8.0,0.0,2.0,1.0,,,,0.0,0.7142857142857143,3.857142857142857,0.0,0.0,2.342857142857143,7.0,0.0,5.0,0.0,0.0,3.0,,,,True,True,UNKNOWN,False,False
2021029264,2025-05-14 18:00:00,中日ドラゴンズ,東京ヤクルトスワローズ,2.0,0.0,UNKNOWN,バンテリンドーム ナゴヤ,excluded,high,False,False,2101156,500014,[],[],,,,,0,light,2025-05-14T09:00:00+00:00,,UNKNOWN,,,,UNKNOWN,UNKNOWN,,UNKNOWN,,1.5,0.6666666666666666,10.5,3.0,0.0,1.866666666666667,6.0,1.0,2.0,0.0,2.0,7.0,,,,0.0,0.8333333333333334,6.0,1.5,0.0,2.3666666666666667,6.0,0.0,4.0,0.0,1.0,4.0,,,,True,True,UNKNOWN,False,False
2021029265,2025-05-14 18:00:00,広島東洋カープ,読売ジャイアンツ,3.0,0.0,UNKNOWN,MAZDA Zoom-Zoom スタジアム広島,unknown,low,False,False,1900019,1300057,[],[],,,,,0,light,2025-05-14T09:00:00+00:00,,UNKNOWN,,,,UNKNOWN,UNKNOWN,,UNKNOWN,,3.0,1.5,9.0,4.5,0.0,2.7,6.0,2.0,6.0,0.0,3.0,6.0,,,,0.0,0.7142857142857143,3.857142857142857,0.0,0.0,2.342857142857143,7.0,0.0,5.0,0.0,0.0,3.0,,,,True,True,UNKNOWN,False,False
2021029268,2025-05-14 18:00:00,福岡ソフトバンクホークス,埼玉西武ライオンズ,1.0,3.0,UNKNOWN,みずほPayPayドーム福岡,unknown,low,False,False,2105080,1550517,[],[],,,,,0,light,2025-05-14T09:00:00+00:00,,UNKNOWN,,,,UNKNOWN,UNKNOWN,,UNKNOWN,,1.8,1.4,3.6,5.4,0.0,4.2,5.0,1.0,4.0,0.0,3.0,2.0,,,,3.8571428571428568,1.5,0.0,3.8571428571428568,1.9285714285714284,7.271428571428571,4.666666666666667,2.0,5.0,1.0,2.0,0.0,,,,True,True,UNKNOWN,False,False
2021029271,2025-05-15 13:00:00,北海道日本ハムファイターズ,オリックス・バファローズ,7.0,0.0,UNKNOWN,エスコンフィールドHOKKAIDO,excluded,high,False,False,1851026,2111822,[],[],,,,,0,light,2025-05-15T04:00:00+00:00,,UNKNOWN,,,,UNKNOWN,UNKNOWN,,UNKNOWN,,0.0,1.3333333333333333,3.0,6.0,0.0,4.533333333333333,3.0,0.0,2.0,0.0,2.0,1.0,,,,0.0,1.3333333333333333,6.0,3.0,0.0,2.8666666666666667,6.0,0.0,6.0,0.0,2.0,4.0,,,,True,True,UNKNOWN,False,False
2021029269,2025-05-15 18:00:00,横浜DeNAベイスターズ,阪神タイガース,1.0,0.0,UNKNOWN,横浜スタジアム,unknown,low,False,False,1960901,2103904,[],[],,,,,0,light,2025-05-15T09:00:00+00:00,,UNKNOWN,,,,UNKNOWN,UNKNOWN,,UNKNOWN,,0.0,0.6,12.6,1.8,0.0,1.0,5.0,0.0,2.0,0.0,1.0,7.0,,,,0.0,1.2,6.75,5.4,0.0,3.5,6.666666666666667,0.0,4.0,0.0,4.0,5.0,,,,True,True,UNKNOWN,False,False
2021029273,2025-05-15 18:00:00,福岡ソフトバンクホークス,埼玉西武ライオンズ,5.0,0.0,UNKNOWN,みずほPayPayドーム福岡,unknown,low,False,False,1400182,2107792,[],[],,,,,0,light,2025-05-15T09:00:00+00:00,,UNKNOWN,,,,UNKNOWN,UNKNOWN,,UNKNOWN,,7.5,1.5,4.5,4.5,1.5,5.866666666666667,6.0,5.0,6.0,1.0,3.0,3.0,,,,0.0,0.4285714285714285,6.428571428571429,1.2857142857142858,0.0,2.2,7.0,0.0,2.0,0.0,1.0,5.0,,,,True,True,UNKNOWN,False,False
2021029270,2025-05-15 18:00:00,広島東洋カープ,読売ジャイアンツ,5.0,1.0,UNKNOWN,MAZDA Zoom-Zoom スタジアム広島,unknown,low,False,False,2000006,2117228,[],[],,,,,0,light,2025-05-15T09:00:00+00:00,,UNKNOWN,,,,UNKNOWN,UNKNOWN,,UNKNOWN,,6.0,1.5,4.5,3.0,1.5,5.366666666666667,6.0,4.0,7.0,1.0,2.0,3.0,,,,1.9285714285714284,1.7142857142857142,11.571428571428571,9.642857142857142,0.0,3.842857142857143,4.666666666666667,1.0,3.0,0.0,5.0,6.0,,,,True,True,UNKNOWN,False,False
2021029274,2025-05-16 18:00:00,読売ジャイアンツ,中日ドラゴンズ,4.0,2.0,UNKNOWN,東京ドーム,unknown,low,False,False,2108462,2103689,[],[],,,,,0,light,2025-05-16T09:00:00+00:00,,UNKNOWN,,,,UNKNOWN,UNKNOWN,,UNKNOWN,,1.5,0.5,10.5,0.0,1.5,3.0333333333333337,6.0,1.0,3.0,1.0,0.0,7.0,,,,1.5,0.8333333333333334,7.5,0.0,1.5,3.7,6.0,1.0,5.0,1.0,0.0,5.0,,,,True,True,UNKNOWN,False,False
2021029272,2025-05-15 18:00:00,東北楽天ゴールデンイーグルス,千葉ロッテマリーンズ,2.0,5.0,UNKNOWN,東京ドーム,unknown,low,False,False,2101268,2000121,[],[],,,,,0,light,2025-05-15T09:00:00+00:00,,UNKNOWN,,,,UNKNOWN,UNKNOWN,,UNKNOWN,,0.0,0.3529411764705882,4.764705882352941,0.0,0.0,2.141176470588236,5.666666666666667,0.0,2.0,0.0,0.0,3.0,,,,6.0,1.1666666666666667,7.5,1.5,1.5,4.2,6.0,4.0,6.0,1.0,1.0,5.0,,,,True,True,UNKNOWN,False,False
2021029276,2025-05-16 18:00:00,阪神タイガース,広島東洋カープ,2.0,4.0,UNKNOWN,阪神甲子園球場,unknown,low,False,False,1900052,2000055,[],[],,,,,0,light,2025-05-16T09:00:00+00:00,,UNKNOWN,,,,UNKNOWN,UNKNOWN,,UNKNOWN,,2.571428571428572,1.0,5.142857142857143,1.2857142857142858,0.0,2.4857142857142858,7.0,2.0,6.0,0.0,1.0,4.0,,,,2.571428571428572,0.7142857142857143,5.142857142857143,0.0,1.2857142857142858,3.9142857142857146,7.0,2.0,5.0,1.0,0.0,4.0,,,,True,True,UNKNOWN,False,False
2021029277,2025-05-16 18:00:00,埼玉西武ライオンズ,オリックス・バファローズ,3.0,0.0,UNKNOWN,ベルーナドーム,unknown,low,False,False,2108177,1800081,[],[],,,,,0,light,2025-05-16T09:00:00+00:00,,UNKNOWN,,,,UNKNOWN,UNKNOWN,,UNKNOWN,,1.125,1.125,10.125,2.25,0.0,1.7000000000000002,8.0,1.0,7.0,0.0,2.0,9.0,,,,0.0,0.5714285714285714,5.142857142857143,1.2857142857142858,0.0,2.4857142857142858,7.0,0.0,3.0,0.0,1.0,4.0,,,,True,True,UNKNOWN,False,False
2021029275,2025-05-16 18:00:00,東京ヤクルトスワローズ,横浜DeNAベイスターズ,6.0,8.0,UNKNOWN,明治神宮野球場,unknown,low,False,False,1460045,2000025,[],[],,,,,0,light,2025-05-16T09:00:00+00:00,,UNKNOWN,,,,UNKNOWN,UNKNOWN,,UNKNOWN,,9.0,1.5,4.5,3.0,3.0,7.533333333333333,6.0,6.0,7.0,2.0,2.0,3.0,,,,5.4,1.8,3.6,7.2,1.8,7.4,5.0,3.0,5.0,1.0,4.0,2.0,,,,True,True,UNKNOWN,False,False
2021029278,2025-05-16 18:00:00,千葉ロッテマリーンズ,北海道日本ハムファイターズ,0.0,8.0,UNKNOWN,ZOZOマリンスタジアム,unknown,low,False,False,1400195,2102758,[],[],,,,,0,light,2025-05-16T09:00:00+00:00,,UNKNOWN,,,,UNKNOWN,UNKNOWN,,UNKNOWN,,0.0,0.7777777777777778,7.0,0.0,0.0,1.6444444444444446,9.0,0.0,7.0,0.0,0.0,7.0,,,,6.0,1.6666666666666667,7.5,6.0,0.0,3.5333333333333337,6.0,4.0,6.0,0.0,4.0,5.0,,,,True,True,UNKNOWN,False,False
2021029282,2025-05-17 14:00:00,阪神タイガース,広島東洋カープ,5.0,2.0,UNKNOWN,阪神甲子園球場,unknown,low,False,False,1600123,1700137,[],[],,,,,0,light,2025-05-17T05:00:00+00:00,,UNKNOWN,,,,UNKNOWN,UNKNOWN,,UNKNOWN,,7.2,2.0,5.4,5.4,0.0,3.8,5.0,4.0,7.0,0.0,3.0,3.0,,,,2.4545454545454546,0.5454545454545455,4.909090909090909,0.0,1.2272727272727273,3.881818181818182,7.333333333333333,2.0,4.0,1.0,0.0,4.0,,,,True,True,UNKNOWN,False,False
2021029279,2025-05-16 18:00:00,福岡ソフトバンクホークス,東北楽天ゴールデンイーグルス,1.0,5.0,UNKNOWN,みずほPayPayドーム福岡,unknown,low,False,False,2000123,1400117,[],[],,,,,0,light,2025-05-16T09:00:00+00:00,,UNKNOWN,,,,UNKNOWN,UNKNOWN,,UNKNOWN,,0.0,1.4,7.2,3.6,0.0,2.8000000000000003,5.0,0.0,5.0,0.0,2.0,4.0,,,,7.5,1.5,7.5,3.0,3.0,6.866666666666667,6.0,5.0,7.0,2.0,2.0,5.0,,,,True,True,UNKNOWN,False,False
2021029285,2025-05-17 14:00:00,福岡ソフトバンクホークス,東北楽天ゴールデンイーグルス,2.0,1.0,UNKNOWN,みずほPayPayドーム福岡,unknown,low,False,False,2000126,1900106,[],[],,,,,0,light,2025-05-17T05:00:00+00:00,,UNKNOWN,,,,UNKNOWN,UNKNOWN,,UNKNOWN,,5.4,1.2000000000000002,5.4,5.4,0.0,3.8,1.6666666666666663,1.0,1.0,0.0,1.0,1.0,,,,1.5,0.8333333333333334,10.5,3.0,0.0,1.866666666666667,6.0,1.0,3.0,0.0,2.0,7.0,,,,True,True,UNKNOWN,False,False
2021029283,2025-05-17 14:00:00,埼玉西武ライオンズ,オリックス・バファローズ,3.0,2.0,UNKNOWN,ベルーナドーム,unknown,low,False,False,1700118,1600127,[],[],,,,,0,light,2025-05-17T05:00:00+00:00,,UNKNOWN,,,,UNKNOWN,UNKNOWN,,UNKNOWN,,1.8,1.2,1.8,3.6,0.0,4.0,5.0,1.0,4.0,0.0,2.0,1.0,,,,1.125,0.75,10.125,2.25,0.0,1.7000000000000002,8.0,1.0,4.0,0.0,2.0,9.0,,,,True,True,UNKNOWN,False,False
2021029280,2025-05-17 18:00:00,読売ジャイアンツ,中日ドラゴンズ,1.0,0.0,UNKNOWN,東京ドーム,unknown,low,False,False,2000042,1961407,[],[],,,,,0,light,2025-05-17T09:00:00+00:00,,UNKNOWN,,,,UNKNOWN,UNKNOWN,,UNKNOWN,,0.0,1.1428571428571428,9.0,5.142857142857143,0.0,2.9142857142857146,7.0,0.0,4.0,0.0,4.0,7.0,,,,0.0,0.4285714285714285,7.714285714285714,0.0,0.0,1.485714285714286,7.0,0.0,3.0,0.0,0.0,6.0,,,,True,True,UNKNOWN,False,False
2021029286,2025-05-18 14:00:00,読売ジャイアンツ,中日ドラゴンズ,4.0,7.0,UNKNOWN,東京ドーム,unknown,low,False,False,1200098,1900016,[],[],,,,,0,light,2025-05-18T05:00:00+00:00,,UNKNOWN,,,,UNKNOWN,UNKNOWN,,UNKNOWN,,6.0,1.1666666666666667,4.5,1.5,1.5,4.866666666666667,6.0,4.0,6.0,1.0,1.0,3.0,,,,3.6,1.0,7.2,5.4,1.8,6.0,5.0,2.0,2.0,1.0,3.0,4.0,,,,True,True,UNKNOWN,False,False
2021029281,2025-05-17 18:00:00,東京ヤクルトスワローズ,横浜DeNAベイスターズ,7.0,6.0,UNKNOWN,明治神宮野球場,unknown,low,False,False,1300031,1300045,[],[],,,,,0,light,2025-05-17T09:00:00+00:00,,UNKNOWN,,,,UNKNOWN,UNKNOWN,,UNKNOWN,,5.4,1.6,7.2,1.8,1.8,4.800000000000001,5.0,3.0,7.0,1.0,1.0,4.0,,,,7.5,1.3333333333333333,4.5,3.0,3.0,7.533333333333333,6.0,5.0,6.0,2.0,2.0,3.0,,,,True,True,UNKNOWN,False,False
2021029288,2025-05-18 14:00:00,阪神タイガース,広島東洋カープ,3.0,1.0,UNKNOWN,阪神甲子園球場,regular,high,True,True,1900057,1850363,[],[],,,,,0,light,2025-05-18T05:00:00+00:00,,UNKNOWN,,,,UNKNOWN,UNKNOWN,,UNKNOWN,,1.6875,1.125,5.0625,0.0,0.0,2.075,5.333333333333333,1.0,6.0,0.0,0.0,3.0,,,,1.5,0.6666666666666666,6.0,0.0,0.0,1.866666666666667,6.0,1.0,4.0,0.0,0.0,4.0,,,,True,True,UNKNOWN,False,False
2021029289,2025-05-18 14:00:00,埼玉西武ライオンズ,オリックス・バファローズ,1.0,3.0,UNKNOWN,ベルーナドーム,unknown,low,False,False,1750595,1751148,[],[],,,,,0,light,2025-05-18T05:00:00+00:00,,UNKNOWN,,,,UNKNOWN,UNKNOWN,,UNKNOWN,,1.0,0.4444444444444444,6.0,0.0,1.0,3.311111111111112,9.0,1.0,4.0,1.0,0.0,6.0,,,,3.24,0.6,7.56,1.0799999999999998,1.0799999999999998,3.4400000000000004,8.333333333333334,3.0,4.0,1.0,1.0,7.0,,,,True,True,UNKNOWN,False,False
2021029287,2025-05-18 18:00:00,東京ヤクルトスワローズ,横浜DeNAベイスターズ,2.0,10.0,UNKNOWN,明治神宮野球場,unknown,low,False,False,1700058,12113,[],[],,,,,0,light,2025-05-18T09:00:00+00:00,,UNKNOWN,,,,UNKNOWN,UNKNOWN,,UNKNOWN,,2.571428571428572,1.1428571428571428,7.714285714285714,2.571428571428572,0.0,2.342857142857143,7.0,2.0,6.0,0.0,2.0,6.0,,,,12.461538461538462,2.307692307692308,0.0,4.153846153846154,0.0,4.584615384615385,4.333333333333333,6.0,8.0,0.0,2.0,0.0,,,,True,True,UNKNOWN,False,False
2021029291,2025-05-18 14:00:00,福岡ソフトバンクホークス,東北楽天ゴールデンイーグルス,2.0,1.0,UNKNOWN,みずほPayPayドーム福岡,excluded,high,False,False,2060039,1100099,[],[],,,,,0,light,2025-05-18T05:00:00+00:00,,UNKNOWN,,,,UNKNOWN,UNKNOWN,,UNKNOWN,,0.0,0.4285714285714285,2.571428571428572,0.0,0.0,2.628571428571429,7.0,0.0,3.0,0.0,0.0,2.0,,,,0.0,0.375,3.375,1.125,0.0,2.825,8.0,0.0,2.0,0.0,1.0,3.0,,,,True,True,UNKNOWN,False,False
2021029290,2025-05-18 14:00:00,千葉ロッテマリーンズ,北海道日本ハムファイターズ,2.0,1.0,UNKNOWN,ZOZOマリンスタジアム,unknown,low,False,False,2050307,1961672,[],[],,,,,0,light,2025-05-18T05:00:00+00:00,,UNKNOWN,,,,UNKNOWN,UNKNOWN,,UNKNOWN,,0.0,0.5714285714285714,10.285714285714286,2.571428571428572,0.0,1.7714285714285716,7.0,0.0,2.0,0.0,2.0,8.0,,,,0.0,0.375,5.625,0.0,0.0,1.95,8.0,0.0,3.0,0.0,0.0,5.0,,,,True,True,UNKNOWN,False,False
2021029294,2025-05-20 18:00:00,広島東洋カープ,東京ヤクルトスワローズ,3.0,2.0,UNKNOWN,MAZDA Zoom-Zoom スタジアム広島,unknown,low,False,False,1961468,2103788,[],[],,,,,0,light,2025-05-20T09:00:00+00:00,,UNKNOWN,,,,UNKNOWN,UNKNOWN,,UNKNOWN,,4.5,1.3333333333333333,3.0,3.0,1.5,5.7,6.0,3.0,6.0,1.0,2.0,2.0,,,,3.8571428571428568,1.7142857142857142,11.571428571428571,5.785714285714286,0.0,2.5571428571428574,4.666666666666667,2.0,5.0,0.0,3.0,6.0,,,,True,True,UNKNOWN,False,False
2021029293,2025-05-20 18:00:00,阪神タイガース,読売ジャイアンツ,4.0,0.0,UNKNOWN,阪神甲子園球場,unknown,low,False,False,1800028,1600115,[],[],,,,,0,light,2025-05-20T09:00:00+00:00,,UNKNOWN,,,,UNKNOWN,UNKNOWN,,UNKNOWN,,4.5,1.75,6.75,2.25,2.25,5.7,4.0,2.0,6.0,1.0,1.0,3.0,,,,0.0,0.7777777777777778,6.0,2.0,0.0,2.5333333333333337,9.0,0.0,5.0,0.0,2.0,6.0,,,,True,True,UNKNOWN,False,False
2021029295,2025-05-20 18:00:00,北海道日本ハムファイターズ,福岡ソフトバンクホークス,2.0,5.0,UNKNOWN,エスコンフィールドHOKKAIDO,unknown,low,False,False,1700011,2000079,[],[],,,,,0,light,2025-05-20T09:00:00+00:00,,UNKNOWN,,,,UNKNOWN,UNKNOWN,,UNKNOWN,,2.571428571428572,1.4285714285714286,3.857142857142857,5.142857142857143,0.0,4.057142857142857,7.0,2.0,6.0,0.0,4.0,3.0,,,,4.0,1.0,6.0,2.0,1.0,3.977777777777778,9.0,4.0,7.0,1.0,2.0,6.0,,,,True,True,UNKNOWN,False,False
2021029296,2025-05-20 18:00:00,東北楽天ゴールデンイーグルス,埼玉西武ライオンズ,0.0,1.0,UNKNOWN,きたぎんボールパーク,unknown,low,False,False,2103657,1900117,[],[],,,,,0,light,2025-05-20T09:00:00+00:00,,UNKNOWN,,,,UNKNOWN,UNKNOWN,,UNKNOWN,,0.0,0.8,3.6,1.8,0.0,3.0,5.0,0.0,3.0,0.0,1.0,2.0,,,,1.5,0.5,3.0,1.5,0.0,3.0333333333333337,6.0,1.0,2.0,0.0,1.0,2.0,,,,True,True,UNKNOWN,False,False
2021029292,2025-05-20 17:30:00,横浜DeNAベイスターズ,中日ドラゴンズ,10.0,2.0,UNKNOWN,横浜スタジアム,unknown,low,False,False,1000138,1961374,[],[],,,,,0,light,2025-05-20T08:30:00+00:00,,UNKNOWN,,,,UNKNOWN,UNKNOWN,,UNKNOWN,,27.0,4.5,13.5,13.5,6.75,14.45,1.3333333333333333,4.0,4.0,1.0,2.0,2.0,,,,2.571428571428572,1.5714285714285714,3.857142857142857,1.2857142857142858,0.0,2.771428571428572,7.0,2.0,10.0,0.0,1.0,3.0,,,,True,True,UNKNOWN,False,False
2021029299,2025-05-21 18:00:00,阪神タイガース,読売ジャイアンツ,4.0,5.0,UNKNOWN,阪神甲子園球場,unknown,low,False,False,1900019,2100915,[],[],,,,,0,light,2025-05-21T09:00:00+00:00,,UNKNOWN,,,,UNKNOWN,UNKNOWN,,UNKNOWN,,3.0,1.0,10.5,0.0,0.0,0.8666666666666667,6.0,2.0,6.0,0.0,0.0,7.0,,,,6.0,2.6666666666666665,12.0,6.0,0.0,2.5333333333333337,3.0,2.0,6.0,0.0,2.0,4.0,,,,True,True,UNKNOWN,False,False
2021029302,2025-05-21 18:00:00,オリックス・バファローズ,千葉ロッテマリーンズ,6.0,1.0,UNKNOWN,京セラドーム大阪,unknown,low,False,False,900081,1900087,[],[],,,,,0,light,2025-05-21T09:00:00+00:00,,UNKNOWN,,,,UNKNOWN,UNKNOWN,,UNKNOWN,,4.764705882352941,1.4117647058823528,7.941176470588235,3.176470588235294,0.0,2.494117647058824,5.666666666666667,3.0,6.0,0.0,2.0,5.0,,,,1.125,0.875,6.75,1.125,1.125,3.7,8.0,1.0,6.0,1.0,1.0,6.0,,,,True,True,UNKNOWN,False,False
2021029303,2025-05-22 17:30:00,横浜DeNAベイスターズ,中日ドラゴンズ,4.0,0.0,UNKNOWN,横浜スタジアム,excluded,high,False,False,2100961,2112182,[],[],,,,,0,light,2025-05-22T08:30:00+00:00,,UNKNOWN,,,,UNKNOWN,UNKNOWN,,UNKNOWN,,6.352941176470588,1.7647058823529411,6.352941176470588,0.0,0.0,1.7882352941176474,5.666666666666667,4.0,10.0,0.0,0.0,4.0,,,,0.0,0.2222222222222222,8.0,1.0,0.0,1.7555555555555558,9.0,0.0,1.0,0.0,1.0,8.0,,,,True,True,UNKNOWN,False,False
2021029297,2025-05-20 18:00:00,オリックス・バファローズ,千葉ロッテマリーンズ,2.0,1.0,UNKNOWN,京セラドーム大阪,unknown,low,False,False,1300080,1300058,[],[],,,,,0,light,2025-05-20T09:00:00+00:00,,UNKNOWN,,,,UNKNOWN,UNKNOWN,,UNKNOWN,,1.5,1.5,1.5,4.5,0.0,4.366666666666667,6.0,1.0,6.0,0.0,3.0,1.0,,,,1.125,0.625,6.75,3.375,0.0,2.825,8.0,1.0,2.0,0.0,3.0,6.0,,,,True,True,UNKNOWN,False,False
2021029301,2025-05-21 18:00:00,北海道日本ハムファイターズ,福岡ソフトバンクホークス,2.0,1.0,UNKNOWN,エスコンフィールドHOKKAIDO,unknown,low,False,False,2107909,1750903,[],[],,,,,0,light,2025-05-21T09:00:00+00:00,,UNKNOWN,,,,UNKNOWN,UNKNOWN,,UNKNOWN,,1.8,0.6,7.2,0.0,0.0,1.6,5.0,1.0,3.0,0.0,0.0,4.0,,,,1.0,0.5555555555555556,10.0,1.0,0.0,1.3111111111111111,9.0,1.0,4.0,0.0,1.0,10.0,,,,True,True,UNKNOWN,False,False
2021029304,2025-05-22 18:00:00,阪神タイガース,読売ジャイアンツ,2.0,3.0,UNKNOWN,阪神甲子園球場,unknown,low,False,False,2000006,1960901,[],[],,,,,0,light,2025-05-22T09:00:00+00:00,,UNKNOWN,,,,UNKNOWN,UNKNOWN,,UNKNOWN,,1.5,0.5,7.5,1.5,1.5,4.2,6.0,1.0,2.0,1.0,1.0,5.0,,,,1.5,1.1666666666666667,13.5,1.5,0.0,0.7000000000000002,6.0,1.0,6.0,0.0,1.0,9.0,,,,True,True,UNKNOWN,False,False
2021029298,2025-05-21 17:30:00,横浜DeNAベイスターズ,中日ドラゴンズ,5.0,6.0,UNKNOWN,横浜スタジアム,unknown,low,False,False,1650489,1460045,[],[],,,,,0,light,2025-05-21T08:30:00+00:00,,UNKNOWN,,,,UNKNOWN,UNKNOWN,,UNKNOWN,,4.764705882352941,1.0588235294117647,4.764705882352941,0.0,0.0,2.141176470588236,5.666666666666667,3.0,6.0,0.0,0.0,3.0,,,,6.0,1.3333333333333333,12.0,1.5,1.5,3.2,6.0,4.0,7.0,1.0,1.0,8.0,,,,True,True,UNKNOWN,False,False
2021029307,2025-05-22 18:00:00,東北楽天ゴールデンイーグルス,埼玉西武ライオンズ,2.0,1.0,UNKNOWN,楽天モバイルパーク宮城,unknown,low,False,False,2105080,1961886,[],[],,,,,0,light,2025-05-22T09:00:00+00:00,,UNKNOWN,,,,UNKNOWN,UNKNOWN,,UNKNOWN,,1.1739130434782608,0.9130434782608696,9.391304347826086,2.347826086956521,0.0,1.895652173913044,7.666666666666667,1.0,5.0,0.0,2.0,8.0,,,,1.5,1.1666666666666667,7.5,1.5,0.0,2.033333333333333,6.0,1.0,6.0,0.0,1.0,5.0,,,,True,True,UNKNOWN,False,False
2021029306,2025-05-22 18:00:00,北海道日本ハムファイターズ,福岡ソフトバンクホークス,3.0,4.0,UNKNOWN,エスコンフィールドHOKKAIDO,unknown,low,False,False,2107792,2100554,[],[],,,,,0,light,2025-05-22T09:00:00+00:00,,UNKNOWN,,,,UNKNOWN,UNKNOWN,,UNKNOWN,,5.0625,1.125,0.0,1.6875,1.6875,6.2,5.333333333333333,3.0,5.0,1.0,1.0,0.0,,,,3.0,1.3333333333333333,13.5,3.0,1.5,3.3666666666666667,6.0,2.0,6.0,1.0,2.0,9.0,,,,True,True,UNKNOWN,False,False
2021029305,2025-05-22 18:00:00,広島東洋カープ,東京ヤクルトスワローズ,2.0,2.0,UNKNOWN,MAZDA Zoom-Zoom スタジアム広島,unknown,low,False,False,1200076,1300057,[],[],,,,,0,light,2025-05-22T09:00:00+00:00,,UNKNOWN,,,,UNKNOWN,UNKNOWN,,UNKNOWN,,1.2857142857142858,1.2857142857142858,2.571428571428572,3.857142857142857,0.0,3.9142857142857146,7.0,1.0,6.0,0.0,3.0,2.0,,,,3.6,1.6,9.0,5.4,0.0,3.0,5.0,2.0,5.0,0.0,3.0,5.0,,,,True,True,UNKNOWN,False,False
2021029308,2025-05-22 18:00:00,オリックス・バファローズ,千葉ロッテマリーンズ,1.0,9.0,UNKNOWN,京セラドーム大阪,excluded,high,False,False,1900083,1700109,[],[],,,,,0,light,2025-05-22T09:00:00+00:00,,UNKNOWN,,,,UNKNOWN,UNKNOWN,,UNKNOWN,,0.0,0.6,3.6,1.8,0.0,3.0,5.0,0.0,2.0,0.0,1.0,2.0,,,,9.529411764705882,1.9411764705882355,6.352941176470588,6.352941176470588,1.588235294117647,6.2,5.666666666666667,6.0,7.0,1.0,4.0,4.0,,,,True,True,UNKNOWN,False,False
2021029309,2025-05-23 18:00:00,読売ジャイアンツ,東京ヤクルトスワローズ,5.0,0.0,UNKNOWN,東京ドーム,unknown,low,False,False,2000025,2103689,[],[],,,,,0,light,2025-05-23T09:00:00+00:00,,UNKNOWN,,,,UNKNOWN,UNKNOWN,,UNKNOWN,,9.0,1.75,2.25,4.5,0.0,4.2,4.0,4.0,5.0,0.0,2.0,1.0,,,,0.0,0.7777777777777778,5.0,0.0,0.0,2.088888888888889,9.0,0.0,7.0,0.0,0.0,5.0,,,,True,True,UNKNOWN,False,False
2021029310,2025-05-23 18:00:00,中日ドラゴンズ,阪神タイガース,0.0,3.0,UNKNOWN,バンテリンドーム ナゴヤ,unknown,low,False,False,2000055,500014,[],[],,,,,0,light,2025-05-23T09:00:00+00:00,,UNKNOWN,,,,UNKNOWN,UNKNOWN,,UNKNOWN,,0.0,1.0,6.428571428571429,1.2857142857142858,0.0,2.2,7.0,0.0,6.0,0.0,1.0,5.0,,,,0.0,0.4285714285714285,6.428571428571429,0.0,0.0,1.7714285714285716,7.0,0.0,3.0,0.0,0.0,5.0,,,,True,True,UNKNOWN,False,False
2021029312,2025-05-23 18:00:00,東北楽天ゴールデンイーグルス,北海道日本ハムファイターズ,0.0,1.0,UNKNOWN,楽天モバイルパーク宮城,unknown,low,False,False,2107859,2000121,[],[],,,,,0,light,2025-05-23T09:00:00+00:00,,UNKNOWN,,,,UNKNOWN,UNKNOWN,,UNKNOWN,,0.0,0.6666666666666666,6.0,1.0,0.0,2.2,9.0,0.0,5.0,0.0,1.0,6.0,,,,1.2857142857142858,0.7142857142857143,11.571428571428571,1.2857142857142858,1.2857142857142858,2.9142857142857146,7.0,1.0,4.0,1.0,1.0,9.0,,,,True,True,UNKNOWN,False,False
2021029311,2025-05-23 18:00:00,広島東洋カープ,横浜DeNAベイスターズ,1.0,2.0,UNKNOWN,MAZDA Zoom-Zoom スタジアム広島,unknown,low,False,False,2103904,1900052,[],[],,,,,0,light,2025-05-23T09:00:00+00:00,,UNKNOWN,,,,UNKNOWN,UNKNOWN,,UNKNOWN,,1.5,0.8333333333333334,7.5,1.5,0.0,2.033333333333333,6.0,1.0,4.0,0.0,1.0,5.0,,,,3.0,1.3333333333333333,4.5,0.0,0.0,2.2,6.0,2.0,8.0,0.0,0.0,3.0,,,,True,True,UNKNOWN,False,False
2021029315,2025-05-24 14:00:00,中日ドラゴンズ,阪神タイガース,5.0,4.0,UNKNOWN,バンテリンドーム ナゴヤ,unknown,low,False,False,1700137,2000042,[],[],,,,,0,light,2025-05-24T05:00:00+00:00,,UNKNOWN,,,,UNKNOWN,UNKNOWN,,UNKNOWN,,5.4,1.4,3.6,0.0,0.0,2.4000000000000004,5.0,3.0,7.0,0.0,0.0,2.0,,,,4.5,1.1666666666666667,10.5,6.0,1.5,5.033333333333333,6.0,3.0,3.0,1.0,4.0,7.0,,,,True,True,UNKNOWN,False,False
2021029313,2025-05-23 18:00:00,千葉ロッテマリーンズ,埼玉西武ライオンズ,9.0,3.0,UNKNOWN,ZOZOマリンスタジアム,unknown,low,False,False,1700125,1800052,[],[],,,,,0,light,2025-05-23T09:00:00+00:00,,UNKNOWN,,,,UNKNOWN,UNKNOWN,,UNKNOWN,,19.63636363636364,3.0,2.4545454545454546,0.0,4.909090909090909,9.745454545454546,3.6666666666666665,8.0,11.0,2.0,0.0,1.0,,,,3.375,1.25,3.375,1.125,2.25,6.075,8.0,3.0,9.0,2.0,1.0,3.0,,,,True,True,UNKNOWN,False,False
2021029318,2025-05-24 14:00:00,千葉ロッテマリーンズ,埼玉西武ライオンズ,1.0,6.0,UNKNOWN,ZOZOマリンスタジアム,unknown,low,False,False,1600127,2101268,[],[],,,,,0,light,2025-05-24T05:00:00+00:00,,UNKNOWN,,,,UNKNOWN,UNKNOWN,,UNKNOWN,,1.125,0.75,7.875,1.125,0.0,1.825,8.0,1.0,5.0,0.0,1.0,7.0,,,,7.2,2.0,12.6,5.4,5.4,10.0,5.0,4.0,7.0,3.0,3.0,7.0,,,,True,True,UNKNOWN,False,False
2021029317,2025-05-24 14:00:00,東北楽天ゴールデンイーグルス,北海道日本ハムファイターズ,2.0,1.0,UNKNOWN,楽天モバイルパーク宮城,unknown,low,False,False,1400195,2106793,[],[],,,,,0,light,2025-05-24T05:00:00+00:00,,UNKNOWN,,,,UNKNOWN,UNKNOWN,,UNKNOWN,,6.0,3.0,6.0,3.0,0.0,2.8666666666666667,3.0,2.0,8.0,0.0,1.0,2.0,,,,1.5,1.0,7.5,1.5,0.0,2.033333333333333,6.0,1.0,5.0,0.0,1.0,5.0,,,,True,True,UNKNOWN,False,False
2021029314,2025-05-24 18:00:00,読売ジャイアンツ,東京ヤクルトスワローズ,4.0,2.0,UNKNOWN,東京ドーム,unknown,low,False,False,2103794,1961407,[],[],,,,,0,light,2025-05-24T09:00:00+00:00,,UNKNOWN,,,,UNKNOWN,UNKNOWN,,UNKNOWN,,3.0,1.0,4.5,1.5,3.0,7.033333333333333,6.0,2.0,5.0,2.0,1.0,3.0,,,,0.0,0.6666666666666666,9.0,4.5,0.0,2.7,6.0,0.0,1.0,0.0,3.0,6.0,,,,True,True,UNKNOWN,False,False
2021029321,2025-05-25 13:30:00,中日ドラゴンズ,阪神タイガース,1.0,5.0,UNKNOWN,バンテリンドーム ナゴヤ,unknown,low,False,False,1850363,1200098,[],[],,,,,0,light,2025-05-25T04:30:00+00:00,,UNKNOWN,,,,UNKNOWN,UNKNOWN,,UNKNOWN,,0.0,0.8333333333333334,6.0,1.5,0.0,2.3666666666666667,6.0,0.0,4.0,0.0,1.0,4.0,,,,1.2857142857142858,1.5714285714285714,1.2857142857142858,5.142857142857143,0.0,4.628571428571429,7.0,1.0,7.0,0.0,4.0,1.0,,,,True,True,UNKNOWN,False,False
2021029323,2025-05-25 13:00:00,東北楽天ゴールデンイーグルス,北海道日本ハムファイターズ,1.0,1.0,UNKNOWN,楽天モバイルパーク宮城,unknown,low,False,False,2111822,2060039,[],[],,,,,0,light,2025-05-25T04:00:00+00:00,,UNKNOWN,,,,UNKNOWN,UNKNOWN,,UNKNOWN,,1.2857142857142858,0.5714285714285714,6.428571428571429,1.2857142857142858,0.0,2.2,7.0,1.0,3.0,0.0,1.0,5.0,,,,1.2857142857142858,1.2857142857142858,5.142857142857143,3.857142857142857,0.0,3.342857142857143,7.0,1.0,6.0,0.0,3.0,4.0,,,,True,True,UNKNOWN,False,False
2021029322,2025-05-25 13:30:00,広島東洋カープ,横浜DeNAベイスターズ,3.0,0.0,UNKNOWN,MAZDA Zoom-Zoom スタジアム広島,unknown,low,False,False,1700058,1600123,[],[],,,,,0,light,2025-05-25T04:30:00+00:00,,UNKNOWN,,,,UNKNOWN,UNKNOWN,,UNKNOWN,,0.0,1.1666666666666667,4.5,1.5,0.0,2.7,6.0,0.0,6.0,0.0,1.0,3.0,,,,0.0,0.5555555555555556,8.0,0.0,0.0,1.4222222222222225,9.0,0.0,5.0,0.0,0.0,8.0,,,,True,True,UNKNOWN,False,False
2021029320,2025-05-25 14:00:00,読売ジャイアンツ,東京ヤクルトスワローズ,5.0,2.0,UNKNOWN,東京ドーム,unknown,low,False,False,2101156,1800028,[],[],,,,,0,light,2025-05-25T05:00:00+00:00,,UNKNOWN,,,,UNKNOWN,UNKNOWN,,UNKNOWN,,12.0,2.333333333333333,3.0,9.0,0.0,5.533333333333333,3.0,4.0,4.0,0.0,3.0,1.0,,,,1.5,1.3333333333333333,6.0,1.5,0.0,2.3666666666666667,6.0,1.0,7.0,0.0,1.0,4.0,,,,True,True,UNKNOWN,False,False
2021029324,2025-05-25 14:00:00,千葉ロッテマリーンズ,埼玉西武ライオンズ,0.0,8.0,UNKNOWN,ZOZOマリンスタジアム,unknown,low,False,False,1751148,1961672,[],[],,,,,0,light,2025-05-25T05:00:00+00:00,,UNKNOWN,,,,UNKNOWN,UNKNOWN,,UNKNOWN,,0.0,1.3333333333333333,6.0,1.5,0.0,2.3666666666666667,6.0,0.0,7.0,0.0,1.0,4.0,,,,6.75,1.2,9.45,0.0,0.0,1.1,6.666666666666667,5.0,8.0,0.0,0.0,7.0,,,,True,True,UNKNOWN,False,False
2021029326,2025-05-27 18:00:00,読売ジャイアンツ,広島東洋カープ,1.0,2.0,UNKNOWN,富山市民球場アルペンスタジアム,unknown,low,False,False,1900057,1900019,[],[],,,,,0,light,2025-05-27T09:00:00+00:00,,UNKNOWN,,,,UNKNOWN,UNKNOWN,,UNKNOWN,,1.8,0.8,3.6,0.0,0.0,2.4000000000000004,5.0,1.0,4.0,0.0,0.0,2.0,,,,2.571428571428572,1.2857142857142858,9.0,2.571428571428572,0.0,2.0571428571428574,7.0,2.0,7.0,0.0,2.0,7.0,,,,True,True,UNKNOWN,False,False
2021029325,2025-05-25 14:00:00,福岡ソフトバンクホークス,オリックス・バファローズ,5.0,13.0,UNKNOWN,平和リース球場,unknown,low,False,False,1750595,1100099,[],[],,,,,0,light,2025-05-25T05:00:00+00:00,,UNKNOWN,,,,UNKNOWN,UNKNOWN,,UNKNOWN,,11.25,2.5,6.75,4.5,0.0,3.2,4.0,5.0,8.0,0.0,2.0,3.0,,,,20.25,2.5,6.75,2.25,2.25,5.7,4.0,9.0,9.0,1.0,1.0,3.0,,,,True,True,UNKNOWN,False,False
2021029327,2025-05-27 18:00:00,東京ヤクルトスワローズ,中日ドラゴンズ,2.0,1.0,UNKNOWN,明治神宮野球場,unknown,low,False,False,2108462,1961468,[],[],,,,,0,light,2025-05-27T09:00:00+00:00,,UNKNOWN,,,,UNKNOWN,UNKNOWN,,UNKNOWN,,0.0,0.6666666666666666,6.0,1.5,0.0,2.3666666666666667,6.0,0.0,3.0,0.0,1.0,4.0,,,,0.0,1.1666666666666667,7.5,6.0,0.0,3.5333333333333337,6.0,0.0,3.0,0.0,4.0,5.0,,,,True,True,UNKNOWN,False,False
2021029328,2025-05-27 18:00:00,阪神タイガース,横浜DeNAベイスターズ,1.0,0.0,UNKNOWN,マスカットスタジアム,unknown,low,False,False,1460045,1600115,[],[],,,,,0,light,2025-05-27T09:00:00+00:00,,UNKNOWN,,,,UNKNOWN,UNKNOWN,,UNKNOWN,,0.0,0.875,13.5,3.375,0.0,1.3250000000000002,8.0,0.0,4.0,0.0,3.0,12.0,,,,0.0,1.5789473684210529,7.105263157894737,5.684210526315789,0.0,3.515789473684211,6.333333333333333,0.0,6.0,0.0,4.0,5.0,,,,True,True,UNKNOWN,False,False
2021029329,2025-05-27 18:00:00,埼玉西武ライオンズ,東北楽天ゴールデンイーグルス,1.0,3.0,UNKNOWN,上毛新聞敷島球場,unknown,low,False,False,2000126,1400182,[],[],,,,,0,light,2025-05-27T09:00:00+00:00,,UNKNOWN,,,,UNKNOWN,UNKNOWN,,UNKNOWN,,1.6875,1.3125,3.375,0.0,1.6875,4.8875,5.333333333333333,1.0,7.0,1.0,0.0,2.0,,,,0.0,1.1428571428571428,7.714285714285714,1.2857142857142858,0.0,1.9142857142857144,7.0,0.0,7.0,0.0,1.0,6.0,,,,True,True,UNKNOWN,False,False
2021029331,2025-05-27 18:00:00,福岡ソフトバンクホークス,北海道日本ハムファイターズ,2.0,5.0,UNKNOWN,みずほPayPayドーム福岡,unknown,low,False,False,2000079,1400117,[],[],,,,,0,light,2025-05-27T09:00:00+00:00,,UNKNOWN,,,,UNKNOWN,UNKNOWN,,UNKNOWN,,2.571428571428572,1.0,5.142857142857143,1.2857142857142858,2.571428571428572,6.2,7.0,2.0,6.0,2.0,1.0,4.0,,,,3.375,0.625,5.625,0.0,1.125,3.575,8.0,3.0,5.0,1.0,0.0,5.0,,,,True,True,UNKNOWN,False,False
2021029330,2025-05-27 18:00:00,千葉ロッテマリーンズ,オリックス・バファローズ,6.0,4.0,UNKNOWN,ZOZOマリンスタジアム,unknown,low,False,False,1300058,2102758,[],[],,,,,0,light,2025-05-27T09:00:00+00:00,,UNKNOWN,,,,UNKNOWN,UNKNOWN,,UNKNOWN,,4.5,1.6666666666666667,4.5,3.0,0.0,3.2,6.0,3.0,8.0,0.0,2.0,3.0,,,,0.0,0.2857142857142857,6.428571428571429,0.0,0.0,1.7714285714285716,7.0,0.0,2.0,0.0,0.0,5.0,,,,True,True,UNKNOWN,False,False
2021029333,2025-05-28 18:00:00,東京ヤクルトスワローズ,中日ドラゴンズ,1.0,4.0,UNKNOWN,明治神宮野球場,unknown,low,False,False,1650489,1300045,[],[],,,,,0,light,2025-05-28T09:00:00+00:00,,UNKNOWN,,,,UNKNOWN,UNKNOWN,,UNKNOWN,,0.0,1.4117647058823528,4.764705882352941,4.764705882352941,0.0,3.7294117647058815,5.666666666666667,0.0,5.0,0.0,3.0,3.0,,,,1.5,1.0,1.5,3.0,0.0,3.866666666666666,6.0,1.0,4.0,0.0,2.0,1.0,,,,True,True,UNKNOWN,False,False
2021029332,2025-05-28 18:00:00,読売ジャイアンツ,広島東洋カープ,4.0,1.0,UNKNOWN,石川県立野球場,unknown,low,False,False,1300057,2000006,[],[],,,,,0,light,2025-05-28T09:00:00+00:00,,UNKNOWN,,,,UNKNOWN,UNKNOWN,,UNKNOWN,,3.0,1.1666666666666667,4.5,1.5,3.0,7.033333333333333,6.0,2.0,6.0,2.0,1.0,3.0,,,,1.4210526315789471,1.2631578947368425,9.947368421052632,2.8421052631578947,0.0,1.936842105263158,6.333333333333333,1.0,6.0,0.0,2.0,7.0,,,,True,True,UNKNOWN,False,False
2021029334,2025-05-28 18:00:00,阪神タイガース,横浜DeNAベイスターズ,1.0,0.0,UNKNOWN,阪神甲子園球場,unknown,low,False,False,1961374,2104016,[],[],,,,,0,light,2025-05-28T09:00:00+00:00,,UNKNOWN,,,,UNKNOWN,UNKNOWN,,UNKNOWN,,1.5,1.1666666666666667,7.5,3.0,0.0,2.5333333333333337,6.0,1.0,5.0,0.0,2.0,5.0,,,,0.0,2.0,5.4,3.6,0.0,3.2,5.0,0.0,8.0,0.0,2.0,3.0,,,,True,True,UNKNOWN,False,False
2021029335,2025-05-28 18:00:00,埼玉西武ライオンズ,東北楽天ゴールデンイーグルス,6.0,0.0,UNKNOWN,ベルーナドーム,unknown,low,False,False,1900117,1800081,[],[],,,,,0,light,2025-05-28T09:00:00+00:00,,UNKNOWN,,,,UNKNOWN,UNKNOWN,,UNKNOWN,,9.0,1.8,9.0,5.4,0.0,3.0,5.0,5.0,6.0,0.0,3.0,5.0,,,,0.0,0.5714285714285714,7.714285714285714,1.2857142857142858,0.0,1.9142857142857144,7.0,0.0,3.0,0.0,1.0,6.0,,,,True,True,UNKNOWN,False,False
2021029337,2025-05-28 18:00:00,福岡ソフトバンクホークス,北海道日本ハムファイターズ,2.0,1.0,UNKNOWN,みずほPayPayドーム福岡,unknown,low,False,False,1500110,1700011,[],[],,,,,0,light,2025-05-28T09:00:00+00:00,,UNKNOWN,,,,UNKNOWN,UNKNOWN,,UNKNOWN,,0.0,1.4117647058823528,7.941176470588235,1.588235294117647,0.0,1.9647058823529413,5.666666666666667,0.0,7.0,0.0,1.0,5.0,,,,0.0,0.75,9.0,1.125,0.0,1.5750000000000002,8.0,0.0,5.0,0.0,1.0,8.0,,,,True,True,UNKNOWN,False,False
2021029336,2025-05-28 18:00:00,千葉ロッテマリーンズ,オリックス・バファローズ,1.0,2.0,UNKNOWN,ZOZOマリンスタジアム,unknown,low,False,False,2108177,1600146,[],[],,,,,0,light,2025-05-28T09:00:00+00:00,,UNKNOWN,,,,UNKNOWN,UNKNOWN,,UNKNOWN,,1.2857142857142858,1.0,6.428571428571429,3.857142857142857,0.0,3.0571428571428574,7.0,1.0,4.0,0.0,3.0,5.0,,,,0.0,1.6,9.0,5.4,0.0,3.0,5.0,0.0,5.0,0.0,3.0,5.0,,,,True,True,UNKNOWN,False,False
2021029338,2025-05-29 18:00:00,東京ヤクルトスワローズ,中日ドラゴンズ,0.0,6.0,UNKNOWN,明治神宮野球場,unknown,low,False,False,2100961,1200076,[],[],,,,,0,light,2025-05-29T09:00:00+00:00,,UNKNOWN,,,,UNKNOWN,UNKNOWN,,UNKNOWN,,0.0,0.8571428571428571,7.714285714285714,0.0,0.0,1.485714285714286,7.0,0.0,6.0,0.0,0.0,6.0,,,,10.8,2.2,3.6,0.0,3.6,7.6,5.0,6.0,11.0,2.0,0.0,2.0,,,,True,True,UNKNOWN,False,False
2021029341,2025-05-30 18:00:00,横浜DeNAベイスターズ,東京ヤクルトスワローズ,6.0,2.0,UNKNOWN,横浜スタジアム,unknown,low,False,False,2000025,1800045,[],[],,,,,0,light,2025-05-30T09:00:00+00:00,,UNKNOWN,,,,UNKNOWN,UNKNOWN,,UNKNOWN,,3.6,1.8,1.8,3.6,3.6,9.2,5.0,2.0,7.0,2.0,2.0,1.0,,,,1.2857142857142858,0.5714285714285714,3.857142857142857,0.0,0.0,2.342857142857143,7.0,1.0,4.0,0.0,0.0,3.0,,,,True,True,UNKNOWN,False,False
2021029340,2025-05-29 18:00:00,埼玉西武ライオンズ,東北楽天ゴールデンイーグルス,3.0,6.0,UNKNOWN,ベルーナドーム,unknown,low,False,False,1961886,2105080,[],[],,,,,0,light,2025-05-29T09:00:00+00:00,,UNKNOWN,,,,UNKNOWN,UNKNOWN,,UNKNOWN,,6.230769230769231,2.076923076923077,8.307692307692308,4.153846153846154,0.0,2.7384615384615385,4.333333333333333,3.0,7.0,0.0,2.0,4.0,,,,7.5,1.1666666666666667,6.0,1.5,1.5,4.533333333333333,6.0,5.0,6.0,1.0,1.0,4.0,,,,True,True,UNKNOWN,False,False
2021029339,2025-05-29 18:00:00,阪神タイガース,横浜DeNAベイスターズ,1.0,5.0,UNKNOWN,阪神甲子園球場,unknown,low,False,False,2103904,1960901,[],[],,,,,0,light,2025-05-29T09:00:00+00:00,,UNKNOWN,,,,UNKNOWN,UNKNOWN,,UNKNOWN,,1.2857142857142858,0.7142857142857143,7.714285714285714,0.0,0.0,1.485714285714286,7.0,1.0,5.0,0.0,0.0,6.0,,,,5.142857142857143,1.0,7.714285714285714,2.571428571428572,1.2857142857142858,4.2,7.0,4.0,5.0,1.0,2.0,6.0,,,,True,True,UNKNOWN,False,False
2021029342,2025-05-30 18:00:00,中日ドラゴンズ,読売ジャイアンツ,1.0,4.0,UNKNOWN,バンテリンドーム ナゴヤ,unknown,low,False,False,2103689,1000138,[],[],,,,,0,light,2025-05-30T09:00:00+00:00,,UNKNOWN,,,,UNKNOWN,UNKNOWN,,UNKNOWN,,1.5,0.8333333333333334,9.0,1.5,1.5,3.866666666666666,6.0,1.0,4.0,1.0,1.0,6.0,,,,1.6875,1.125,8.4375,3.375,0.0,2.45,5.333333333333333,1.0,4.0,0.0,2.0,5.0,,,,True,True,UNKNOWN,False,False
2021029345,2025-05-30 18:00:00,東北楽天ゴールデンイーグルス,福岡ソフトバンクホークス,2.0,4.0,UNKNOWN,楽天モバイルパーク宮城,unknown,low,False,False,1900106,700065,[],[],,,,,0,light,2025-05-30T09:00:00+00:00,,UNKNOWN,,,,UNKNOWN,UNKNOWN,,UNKNOWN,,1.8,2.2,3.6,5.4,0.0,4.2,5.0,1.0,8.0,0.0,3.0,2.0,,,,1.8,1.6,7.2,0.0,0.0,1.6,5.0,1.0,8.0,0.0,0.0,4.0,,,,True,True,UNKNOWN,False,False
2021029344,2025-05-30 18:00:00,北海道日本ハムファイターズ,千葉ロッテマリーンズ,4.0,1.0,UNKNOWN,エスコンフィールドHOKKAIDO,unknown,low,False,False,1800052,2050307,[],[],,,,,0,light,2025-05-30T09:00:00+00:00,,UNKNOWN,,,,UNKNOWN,UNKNOWN,,UNKNOWN,,4.5,1.0,10.5,3.0,1.5,4.033333333333333,6.0,3.0,4.0,1.0,2.0,7.0,,,,0.0,0.75,10.8,0.0,0.0,0.8000000000000003,6.666666666666667,0.0,5.0,0.0,0.0,8.0,,,,True,True,UNKNOWN,False,False
2021029343,2025-05-30 18:00:00,広島東洋カープ,阪神タイガース,2.0,5.0,UNKNOWN,MAZDA Zoom-Zoom スタジアム広島,unknown,low,False,False,2000055,1900052,[],[],,,,,0,light,2025-05-30T09:00:00+00:00,,UNKNOWN,,,,UNKNOWN,UNKNOWN,,UNKNOWN,,1.2857142857142858,0.5714285714285714,9.0,1.2857142857142858,0.0,1.6285714285714288,7.0,1.0,3.0,0.0,1.0,7.0,,,,1.125,0.875,5.625,0.0,0.0,1.95,8.0,1.0,7.0,0.0,0.0,5.0,,,,True,True,UNKNOWN,False,False
2021029347,2025-05-31 14:00:00,中日ドラゴンズ,読売ジャイアンツ,4.0,2.0,UNKNOWN,バンテリンドーム ナゴヤ,unknown,low,False,False,1961407,2000042,[],[],,,,,0,light,2025-05-31T05:00:00+00:00,,UNKNOWN,,,,UNKNOWN,UNKNOWN,,UNKNOWN,,2.571428571428572,1.1428571428571428,10.285714285714286,1.2857142857142858,0.0,1.342857142857143,7.0,2.0,7.0,0.0,1.0,8.0,,,,2.571428571428572,1.1428571428571428,9.0,1.2857142857142858,0.0,1.6285714285714288,7.0,2.0,7.0,0.0,1.0,7.0,,,,True,True,UNKNOWN,False,False
2021029346,2025-05-31 14:00:00,横浜DeNAベイスターズ,東京ヤクルトスワローズ,5.0,2.0,UNKNOWN,横浜スタジアム,unknown,low,False,False,2103794,2112182,[],[],,,,,0,light,2025-05-31T05:00:00+00:00,,UNKNOWN,,,,UNKNOWN,UNKNOWN,,UNKNOWN,,3.0,1.5,4.5,3.0,0.0,3.2,6.0,2.0,7.0,0.0,2.0,3.0,,,,1.588235294117647,1.7647058823529411,4.764705882352941,6.352941176470588,0.0,4.258823529411765,5.666666666666667,1.0,6.0,0.0,4.0,3.0,,,,True,True,UNKNOWN,False,False
2021029348,2025-05-31 14:00:00,広島東洋カープ,阪神タイガース,0.0,2.0,UNKNOWN,MAZDA Zoom-Zoom スタジアム広島,unknown,low,False,False,1700137,1600123,[],[],,,,,0,light,2025-05-31T05:00:00+00:00,,UNKNOWN,,,,UNKNOWN,UNKNOWN,,UNKNOWN,,0.0,0.6818181818181819,3.681818181818182,1.2272727272727273,0.0,2.790909090909091,7.333333333333333,0.0,4.0,0.0,1.0,3.0,,,,1.125,0.5,6.75,2.25,0.0,2.45,8.0,1.0,2.0,0.0,2.0,6.0,,,,True,True,UNKNOWN,False,False
2021029349,2025-05-31 14:00:00,北海道日本ハムファイターズ,千葉ロッテマリーンズ,4.0,3.0,UNKNOWN,エスコンフィールドHOKKAIDO,unknown,low,False,False,900081,1400195,[],[],,,,,0,light,2025-05-31T05:00:00+00:00,,UNKNOWN,,,,UNKNOWN,UNKNOWN,,UNKNOWN,,1.6875,1.125,5.0625,1.6875,0.0,2.6375,5.333333333333333,1.0,5.0,0.0,1.0,3.0,,,,1.5,1.0,9.0,0.0,0.0,1.2000000000000002,6.0,1.0,6.0,0.0,0.0,6.0,,,,True,True,UNKNOWN,False,False
2021029351,2025-05-31 18:00:00,オリックス・バファローズ,埼玉西武ライオンズ,3.0,2.0,UNKNOWN,ほっともっとフィールド神戸,unknown,low,False,False,1600127,1900087,[],[],,,,,0,light,2025-05-31T09:00:00+00:00,,UNKNOWN,,,,UNKNOWN,UNKNOWN,,UNKNOWN,,2.571428571428572,1.2857142857142858,9.0,5.142857142857143,0.0,2.9142857142857146,7.0,2.0,5.0,0.0,4.0,7.0,,,,2.571428571428572,1.1428571428571428,12.857142857142858,1.2857142857142858,0.0,0.7714285714285718,7.0,2.0,7.0,0.0,1.0,10.0,,,,True,True,UNKNOWN,False,False
2021029356,2025-06-01 13:00:00,東北楽天ゴールデンイーグルス,福岡ソフトバンクホークス,3.0,0.0,UNKNOWN,楽天モバイルパーク宮城,unknown,low,False,False,2107909,2000123,[],[],,,,,0,light,2025-06-01T04:00:00+00:00,,UNKNOWN,,,,UNKNOWN,UNKNOWN,,UNKNOWN,,7.363636363636364,2.181818181818182,12.272727272727272,4.909090909090909,0.0,2.1090909090909093,3.6666666666666665,3.0,6.0,0.0,2.0,5.0,,,,0.0,0.9545454545454546,6.136363636363637,2.4545454545454546,0.0,2.6545454545454548,7.333333333333333,0.0,5.0,0.0,2.0,5.0,,,,True,True,UNKNOWN,False,False
2021029353,2025-06-01 13:30:00,中日ドラゴンズ,読売ジャイアンツ,4.0,1.0,UNKNOWN,バンテリンドーム ナゴヤ,unknown,low,False,False,1800028,1200098,[],[],,,,,0,light,2025-06-01T04:30:00+00:00,,UNKNOWN,,,,UNKNOWN,UNKNOWN,,UNKNOWN,,1.588235294117647,2.117647058823529,4.764705882352941,4.764705882352941,1.588235294117647,6.023529411764706,5.666666666666667,1.0,9.0,1.0,3.0,3.0,,,,1.2857142857142858,0.8571428571428571,2.571428571428572,3.857142857142857,0.0,3.9142857142857146,7.0,1.0,3.0,0.0,3.0,2.0,,,,True,True,UNKNOWN,False,False
2021029355,2025-06-01 13:00:00,北海道日本ハムファイターズ,千葉ロッテマリーンズ,1.0,0.0,UNKNOWN,エスコンフィールドHOKKAIDO,unknown,low,False,False,1961672,1750903,[],[],,,,,0,light,2025-06-01T04:00:00+00:00,,UNKNOWN,,,,UNKNOWN,UNKNOWN,,UNKNOWN,,0.0,0.625,2.25,3.375,0.0,3.825,8.0,0.0,2.0,0.0,3.0,2.0,,,,0.0,1.0,7.714285714285714,2.571428571428572,0.0,2.342857142857143,7.0,0.0,5.0,0.0,2.0,6.0,,,,True,True,UNKNOWN,False,False
2021029357,2025-06-01 16:00:00,オリックス・バファローズ,埼玉西武ライオンズ,2.0,3.0,UNKNOWN,ほっともっとフィールド神戸,unknown,low,False,False,1700125,1750595,[],[],,,,,0,light,2025-06-01T07:00:00+00:00,,UNKNOWN,,,,UNKNOWN,UNKNOWN,,UNKNOWN,,3.375,1.3125,5.0625,5.0625,1.6875,6.2,5.333333333333333,2.0,4.0,1.0,3.0,3.0,,,,1.125,0.625,7.875,2.25,1.125,3.825,8.0,1.0,3.0,1.0,2.0,7.0,,,,True,True,UNKNOWN,False,False
2021029352,2025-06-01 14:00:00,横浜DeNAベイスターズ,東京ヤクルトスワローズ,3.0,2.0,UNKNOWN,横浜スタジアム,excluded,high,False,False,2107908,1460045,[],[],,,,,0,light,2025-06-01T05:00:00+00:00,,UNKNOWN,,,,UNKNOWN,UNKNOWN,,UNKNOWN,,4.5,0.75,0.0,0.0,2.25,6.45,4.0,2.0,3.0,1.0,0.0,0.0,,,,2.25,0.875,4.5,1.125,1.125,4.2,8.0,2.0,6.0,1.0,1.0,4.0,,,,True,True,UNKNOWN,False,False
2021029354,2025-06-01 13:30:00,広島東洋カープ,阪神タイガース,0.0,8.0,UNKNOWN,MAZDA Zoom-Zoom スタジアム広島,unknown,low,False,False,1850363,2103788,[],[],,,,,0,light,2025-06-01T04:30:00+00:00,,UNKNOWN,,,,UNKNOWN,UNKNOWN,,UNKNOWN,,0.0,0.6315789473684211,7.105263157894737,1.4210526315789471,0.0,2.094736842105263,6.333333333333333,0.0,3.0,0.0,1.0,5.0,,,,3.0,0.8333333333333334,4.5,3.0,1.5,5.366666666666667,6.0,2.0,3.0,1.0,2.0,3.0,,,,True,True,UNKNOWN,False,False
2021029358,2025-06-03 18:00:00,北海道日本ハムファイターズ,阪神タイガース,0.0,1.0,UNKNOWN,エスコンフィールドHOKKAIDO,interleague,high,True,True,1600115,2100554,[],[],,,,,0,light,2025-06-03T09:00:00+00:00,,UNKNOWN,,,,UNKNOWN,UNKNOWN,,UNKNOWN,,0.0,0.75,5.625,2.25,0.0,2.7,8.0,0.0,4.0,0.0,2.0,5.0,,,,0.0,1.2857142857142856,7.7142857142857135,0.0,0.0,1.485714285714286,2.333333333333333,0.0,3.0,0.0,0.0,2.0,,,,True,True,UNKNOWN,False,False
2021029360,2025-06-03 18:00:00,埼玉西武ライオンズ,東京ヤクルトスワローズ,1.0,0.0,UNKNOWN,ベルーナドーム,unknown,low,False,False,1961468,1751148,[],[],,,,,0,light,2025-06-03T09:00:00+00:00,,UNKNOWN,,,,UNKNOWN,UNKNOWN,,UNKNOWN,,0.0,0.8571428571428571,5.142857142857143,2.571428571428572,0.0,2.9142857142857146,7.0,0.0,4.0,0.0,2.0,4.0,,,,0.0,0.8076923076923077,7.26923076923077,0.0,0.0,1.5846153846153848,8.666666666666666,0.0,7.0,0.0,0.0,7.0,,,,True,True,UNKNOWN,False,False
2021029362,2025-06-03 18:00:00,オリックス・バファローズ,広島東洋カープ,2.0,5.0,UNKNOWN,京セラドーム大阪,unknown,low,False,False,1900057,1300058,[],[],,,,,0,light,2025-06-03T09:00:00+00:00,,UNKNOWN,,,,UNKNOWN,UNKNOWN,,UNKNOWN,,1.5,1.1666666666666667,4.5,3.0,0.0,3.2,6.0,1.0,5.0,0.0,2.0,3.0,,,,3.6,2.4,5.4,0.0,0.0,2.0,5.0,2.0,12.0,0.0,0.0,3.0,,,,True,True,UNKNOWN,False,False
2021029359,2025-06-03 18:00:00,東北楽天ゴールデンイーグルス,横浜DeNAベイスターズ,3.0,6.0,UNKNOWN,楽天モバイルパーク宮城,unknown,low,False,False,1700058,2060039,[],[],,,,,0,light,2025-06-03T09:00:00+00:00,,UNKNOWN,,,,UNKNOWN,UNKNOWN,,UNKNOWN,,2.571428571428572,1.1428571428571428,6.428571428571429,1.2857142857142858,0.0,2.2,7.0,2.0,7.0,0.0,1.0,5.0,,,,5.785714285714286,2.142857142857143,1.9285714285714284,7.7142857142857135,0.0,5.342857142857143,4.666666666666667,3.0,6.0,0.0,4.0,1.0,,,,True,True,UNKNOWN,False,False
2021029363,2025-06-03 18:00:00,福岡ソフトバンクホークス,中日ドラゴンズ,4.0,0.0,UNKNOWN,みずほPayPayドーム福岡,interleague,high,True,True,500014,1400117,[],[],,,,,0,light,2025-06-03T09:00:00+00:00,,UNKNOWN,,,,UNKNOWN,UNKNOWN,,UNKNOWN,,9.0,3.0,0.0,9.0,0.0,6.2,4.0,4.0,8.0,0.0,4.0,0.0,,,,0.0,1.2857142857142858,9.0,2.571428571428572,0.0,2.0571428571428574,7.0,0.0,7.0,0.0,2.0,7.0,,,,True,True,UNKNOWN,False,False
2021029364,2025-06-04 18:00:00,北海道日本ハムファイターズ,阪神タイガース,5.0,4.0,UNKNOWN,エスコンフィールドHOKKAIDO,interleague,high,True,True,2104016,1500110,[],[],,,,,0,light,2025-06-04T09:00:00+00:00,,UNKNOWN,,,,UNKNOWN,UNKNOWN,,UNKNOWN,,9.0,2.0,4.5,0.0,4.5,8.7,4.0,4.0,8.0,2.0,0.0,2.0,,,,3.375,1.125,1.6875,1.6875,3.375,8.2625,5.333333333333333,2.0,5.0,2.0,1.0,1.0,,,,True,True,UNKNOWN,False,False
2021029365,2025-06-04 18:00:00,東北楽天ゴールデンイーグルス,横浜DeNAベイスターズ,3.0,1.0,UNKNOWN,楽天モバイルパーク宮城,excluded,high,False,False,2103904,2000126,[],[],,,,,0,light,2025-06-04T09:00:00+00:00,,UNKNOWN,,,,UNKNOWN,UNKNOWN,,UNKNOWN,,3.857142857142857,1.1428571428571428,2.571428571428572,0.0,1.2857142857142858,4.485714285714286,7.0,3.0,8.0,1.0,0.0,2.0,,,,0.0,0.8333333333333334,4.5,3.0,0.0,3.2,6.0,0.0,3.0,0.0,2.0,3.0,,,,True,True,UNKNOWN,False,False
2021029366,2025-06-04 18:00:00,埼玉西武ライオンズ,東京ヤクルトスワローズ,4.0,2.0,UNKNOWN,ベルーナドーム,unknown,low,False,False,1300045,1800081,[],[],,,,,0,light,2025-06-04T09:00:00+00:00,,UNKNOWN,,,,UNKNOWN,UNKNOWN,,UNKNOWN,,5.4,1.8,5.4,1.8,0.0,2.6,5.0,3.0,8.0,0.0,1.0,3.0,,,,1.2857142857142858,0.7142857142857143,5.142857142857143,0.0,0.0,2.0571428571428574,7.0,1.0,5.0,0.0,0.0,4.0,,,,True,True,UNKNOWN,False,False
2021029367,2025-06-04 18:00:00,千葉ロッテマリーンズ,読売ジャイアンツ,5.0,3.0,UNKNOWN,ZOZOマリンスタジアム,unknown,low,False,False,1900019,1300080,[],[],,,,,0,light,2025-06-04T09:00:00+00:00,,UNKNOWN,,,,UNKNOWN,UNKNOWN,,UNKNOWN,,6.428571428571429,1.0,2.571428571428572,2.571428571428572,2.571428571428572,7.2,7.0,5.0,5.0,2.0,2.0,2.0,,,,0.0,0.8571428571428571,3.857142857142857,3.857142857142857,0.0,3.628571428571429,7.0,0.0,3.0,0.0,3.0,3.0,,,,True,True,UNKNOWN,False,False
2021029369,2025-06-04 18:00:00,福岡ソフトバンクホークス,中日ドラゴンズ,8.0,2.0,UNKNOWN,みずほPayPayドーム福岡,regular,high,True,True,1650489,2107792,[],[],,,,,0,light,2025-06-04T09:00:00+00:00,,UNKNOWN,,,,UNKNOWN,UNKNOWN,,UNKNOWN,,10.384615384615383,2.7692307692307696,6.230769230769231,10.384615384615383,4.153846153846154,11.276923076923076,4.333333333333333,5.0,7.0,2.0,5.0,3.0,,,,0.0,0.375,11.25,1.125,0.0,1.0750000000000002,8.0,0.0,2.0,0.0,1.0,10.0,,,,True,True,UNKNOWN,False,False
2021029368,2025-06-04 18:00:00,オリックス・バファローズ,広島東洋カープ,6.0,1.0,UNKNOWN,京セラドーム大阪,interleague,high,True,True,1300057,1700109,[],[],,,,,0,light,2025-06-04T09:00:00+00:00,,UNKNOWN,,,,UNKNOWN,UNKNOWN,,UNKNOWN,,13.5,3.0,9.0,2.25,0.0,1.95,4.0,6.0,11.0,0.0,1.0,4.0,,,,0.0,0.8333333333333334,4.5,3.0,0.0,3.2,6.0,0.0,3.0,0.0,2.0,3.0,,,,True,True,UNKNOWN,False,False
2021029370,2025-06-05 18:00:00,北海道日本ハムファイターズ,阪神タイガース,1.0,7.0,UNKNOWN,エスコンフィールドHOKKAIDO,unknown,low,False,False,1960901,2111822,[],[],,,,,0,light,2025-06-05T09:00:00+00:00,,UNKNOWN,,,,UNKNOWN,UNKNOWN,,UNKNOWN,,0.0,0.4499999999999999,16.2,1.35,0.0,0.0500000000000002,6.666666666666667,0.0,2.0,0.0,1.0,12.0,,,,8.307692307692308,2.307692307692308,6.230769230769231,14.53846153846154,0.0,6.661538461538462,4.333333333333333,4.0,3.0,0.0,7.0,3.0,,,,True,True,UNKNOWN,False,False
2021029371,2025-06-05 18:00:00,東北楽天ゴールデンイーグルス,横浜DeNAベイスターズ,0.0,5.0,UNKNOWN,ヨーク開成山スタジアム,unknown,low,False,False,1961374,1900117,[],[],,,,,0,light,2025-06-05T09:00:00+00:00,,UNKNOWN,,,,UNKNOWN,UNKNOWN,,UNKNOWN,,0.0,0.4285714285714285,7.714285714285714,0.0,0.0,1.485714285714286,7.0,0.0,3.0,0.0,0.0,6.0,,,,2.7,0.8999999999999999,6.75,1.35,0.0,2.1500000000000004,6.666666666666667,2.0,5.0,0.0,1.0,5.0,,,,True,True,UNKNOWN,False,False
2021029372,2025-06-05 18:00:00,埼玉西武ライオンズ,東京ヤクルトスワローズ,1.0,4.0,UNKNOWN,ベルーナドーム,unknown,low,False,False,2101156,2103657,[],[],,,,,0,light,2025-06-05T09:00:00+00:00,,UNKNOWN,,,,UNKNOWN,UNKNOWN,,UNKNOWN,,1.2857142857142858,0.4285714285714285,3.857142857142857,1.2857142857142858,0.0,2.771428571428572,7.0,1.0,2.0,0.0,1.0,3.0,,,,7.2,1.6,7.2,1.8,3.6,7.4,5.0,4.0,7.0,2.0,1.0,4.0,,,,True,True,UNKNOWN,False,False
2021029374,2025-06-05 18:00:00,オリックス・バファローズ,広島東洋カープ,4.0,3.0,UNKNOWN,京セラドーム大阪,excluded,high,False,False,1600125,2108177,[],[],,,,,0,light,2025-06-05T09:00:00+00:00,,UNKNOWN,,,,UNKNOWN,UNKNOWN,,UNKNOWN,,7.2,1.6,5.4,1.8,0.0,2.6,5.0,4.0,7.0,0.0,1.0,3.0,,,,3.176470588235294,1.4117647058823528,11.117647058823527,0.0,0.0,0.7294117647058829,5.666666666666667,2.0,8.0,0.0,0.0,7.0,,,,True,True,UNKNOWN,False,False
2021029373,2025-06-05 18:00:00,千葉ロッテマリーンズ,読売ジャイアンツ,2.0,1.0,UNKNOWN,ZOZOマリンスタジアム,unknown,low,False,False,2000006,1600146,[],[],,,,,0,light,2025-06-05T09:00:00+00:00,,UNKNOWN,,,,UNKNOWN,UNKNOWN,,UNKNOWN,,1.0,0.3333333333333333,7.0,0.0,1.0,3.088888888888889,9.0,1.0,3.0,1.0,0.0,7.0,,,,1.125,0.875,9.0,4.5,1.125,4.325,8.0,1.0,3.0,1.0,4.0,8.0,,,,True,True,UNKNOWN,False,False
2021029375,2025-06-05 18:00:00,福岡ソフトバンクホークス,中日ドラゴンズ,8.0,4.0,UNKNOWN,みずほPayPayドーム福岡,interleague,high,True,True,2108462,1900106,[],[],,,,,0,light,2025-06-05T09:00:00+00:00,,UNKNOWN,,,,UNKNOWN,UNKNOWN,,UNKNOWN,,6.0,1.0,10.5,1.5,1.5,3.5333333333333337,6.0,4.0,5.0,1.0,1.0,7.0,,,,0.0,0.4285714285714285,7.714285714285714,0.0,0.0,1.485714285714286,7.0,0.0,3.0,0.0,0.0,6.0,,,,True,True,UNKNOWN,False,False
2021029376,2025-06-06 18:00:00,読売ジャイアンツ,東北楽天ゴールデンイーグルス,0.0,2.0,UNKNOWN,東京ドーム,interleague,high,True,True,1961886,2103689,[],[],,,,,0,light,2025-06-06T09:00:00+00:00,,UNKNOWN,,,,UNKNOWN,UNKNOWN,,UNKNOWN,,0.0,0.7142857142857143,7.714285714285714,1.2857142857142858,0.0,1.9142857142857144,7.0,0.0,4.0,0.0,1.0,6.0,,,,1.35,1.35,5.4,2.7,1.35,4.85,6.666666666666667,1.0,7.0,1.0,2.0,4.0,,,,True,True,UNKNOWN,False,False
2021029378,2025-06-06 18:00:00,横浜DeNAベイスターズ,北海道日本ハムファイターズ,2.0,1.0,UNKNOWN,横浜スタジアム,allstar,high,False,True,2000079,1460045,[],[],,,,,0,light,2025-06-06T09:00:00+00:00,,UNKNOWN,,,,UNKNOWN,UNKNOWN,,UNKNOWN,,2.25,1.25,7.875,1.125,0.0,1.825,8.0,2.0,9.0,0.0,1.0,7.0,,,,1.0,1.2222222222222223,4.0,4.0,0.0,3.644444444444445,9.0,1.0,7.0,0.0,4.0,4.0,,,,True,True,UNKNOWN,False,False
2021029377,2025-06-06 18:00:00,東京ヤクルトスワローズ,福岡ソフトバンクホークス,3.0,2.0,UNKNOWN,明治神宮野球場,unknown,low,False,False,1700011,2000025,[],[],,,,,0,light,2025-06-06T09:00:00+00:00,,UNKNOWN,,,,UNKNOWN,UNKNOWN,,UNKNOWN,,0.0,0.625,20.25,2.25,0.0,-0.5499999999999998,8.0,0.0,3.0,0.0,2.0,18.0,,,,1.5,1.5,9.0,3.0,0.0,2.2,6.0,1.0,7.0,0.0,2.0,6.0,,,,True,True,UNKNOWN,False,False
2021029379,2025-06-06 18:00:00,中日ドラゴンズ,千葉ロッテマリーンズ,3.0,2.0,UNKNOWN,バンテリンドーム ナゴヤ,unknown,low,False,False,1800052,1000138,[],[],,,,,0,light,2025-06-06T09:00:00+00:00,,UNKNOWN,,,,UNKNOWN,UNKNOWN,,UNKNOWN,,3.6,1.0,1.8,1.8,0.0,3.4000000000000004,5.0,2.0,4.0,0.0,1.0,1.0,,,,3.0,1.3333333333333333,4.5,3.0,0.0,3.2,6.0,2.0,6.0,0.0,2.0,3.0,,,,True,True,UNKNOWN,False,False
2021029380,2025-06-06 18:00:00,阪神タイガース,オリックス・バファローズ,1.0,0.0,UNKNOWN,阪神甲子園球場,japan_series,high,False,True,1700118,2000055,[],[],,,,,0,light,2025-06-06T09:00:00+00:00,,UNKNOWN,,,,UNKNOWN,UNKNOWN,,UNKNOWN,,0.0,0.4285714285714285,7.714285714285714,2.571428571428572,0.0,2.342857142857143,7.0,0.0,1.0,0.0,2.0,6.0,,,,0.0,0.5,6.75,2.25,0.0,2.45,8.0,0.0,2.0,0.0,2.0,6.0,,,,True,True,UNKNOWN,False,False
2021029381,2025-06-06 18:00:00,広島東洋カープ,埼玉西武ライオンズ,3.0,2.0,UNKNOWN,MAZDA Zoom-Zoom スタジアム広島,unknown,low,False,False,1400182,1900052,[],[],,,,,0,light,2025-06-06T09:00:00+00:00,,UNKNOWN,,,,UNKNOWN,UNKNOWN,,UNKNOWN,,2.571428571428572,1.4285714285714286,2.571428571428572,3.857142857142857,0.0,3.9142857142857146,7.0,2.0,7.0,0.0,3.0,2.0,,,,1.125,1.25,4.5,3.375,0.0,3.325,8.0,1.0,7.0,0.0,3.0,4.0,,,,True,True,UNKNOWN,False,False
2021029382,2025-06-07 14:00:00,読売ジャイアンツ,東北楽天ゴールデンイーグルス,2.0,0.0,UNKNOWN,東京ドーム,excluded,high,False,False,2112137,1961407,[],[],,,,,0,light,2025-06-07T05:00:00+00:00,,UNKNOWN,,,,UNKNOWN,UNKNOWN,,UNKNOWN,,0.0,0.75,6.75,4.5,0.0,3.2,4.0,0.0,1.0,0.0,2.0,3.0,,,,0.0,0.8333333333333334,9.0,1.5,0.0,1.7000000000000002,6.0,0.0,4.0,0.0,1.0,6.0,,,,True,True,UNKNOWN,False,False
2021029383,2025-06-07 14:00:00,東京ヤクルトスワローズ,福岡ソフトバンクホークス,1.0,8.0,UNKNOWN,明治神宮野球場,unknown,low,False,False,1100099,2103794,[],[],,,,,0,light,2025-06-07T05:00:00+00:00,,UNKNOWN,,,,UNKNOWN,UNKNOWN,,UNKNOWN,,1.0,0.8888888888888888,4.0,2.0,1.0,4.422222222222223,9.0,1.0,6.0,1.0,2.0,4.0,,,,8.4375,1.6875,6.75,1.6875,0.0,2.2625,5.333333333333333,5.0,8.0,0.0,1.0,4.0,,,,True,True,UNKNOWN,False,False
2021029384,2025-06-07 14:00:00,横浜DeNAベイスターズ,北海道日本ハムファイターズ,4.0,7.0,UNKNOWN,横浜スタジアム,interleague,high,True,True,1400195,1800045,[],[],,,,,0,light,2025-06-07T05:00:00+00:00,,UNKNOWN,,,,UNKNOWN,UNKNOWN,,UNKNOWN,,4.695652173913043,0.9130434782608696,4.695652173913043,0.0,2.347826086956521,5.547826086956522,7.666666666666667,4.0,7.0,2.0,0.0,4.0,,,,12.272727272727272,2.181818181818182,2.4545454545454546,7.363636363636364,0.0,5.109090909090909,3.6666666666666665,5.0,5.0,0.0,3.0,1.0,,,,True,True,UNKNOWN,False,False
2021029385,2025-06-07 14:00:00,中日ドラゴンズ,千葉ロッテマリーンズ,4.0,3.0,UNKNOWN,バンテリンドーム ナゴヤ,unknown,low,False,False,2102758,2000042,[],[],,,,,0,light,2025-06-07T05:00:00+00:00,,UNKNOWN,,,,UNKNOWN,UNKNOWN,,UNKNOWN,,1.2857142857142858,0.5714285714285714,11.571428571428571,0.0,1.2857142857142858,2.4857142857142858,7.0,1.0,4.0,1.0,0.0,9.0,,,,3.375,1.125,5.625,4.5,0.0,3.45,8.0,3.0,5.0,0.0,4.0,5.0,,,,True,True,UNKNOWN,False,False
2021029387,2025-06-07 14:00:00,広島東洋カープ,埼玉西武ライオンズ,5.0,2.0,UNKNOWN,MAZDA Zoom-Zoom スタジアム広島,unknown,low,False,False,1600127,1600123,[],[],,,,,0,light,2025-06-07T05:00:00+00:00,,UNKNOWN,,,,UNKNOWN,UNKNOWN,,UNKNOWN,,6.428571428571429,1.1428571428571428,11.571428571428571,0.0,1.2857142857142858,2.4857142857142858,7.0,5.0,8.0,1.0,0.0,9.0,,,,2.0,0.8888888888888888,5.0,0.0,0.0,2.088888888888889,9.0,2.0,8.0,0.0,0.0,5.0,,,,True,True,UNKNOWN,False,False
2021029386,2025-06-07 18:00:00,阪神タイガース,オリックス・バファローズ,8.0,2.0,UNKNOWN,阪神甲子園球場,interleague,high,True,True,1900087,1700137,[],[],,,,,0,light,2025-06-07T09:00:00+00:00,,UNKNOWN,,,,UNKNOWN,UNKNOWN,,UNKNOWN,,5.4,1.05,9.45,1.35,1.35,3.5,6.666666666666667,4.0,6.0,1.0,1.0,7.0,,,,3.375,1.3125,5.0625,0.0,1.6875,4.5125,5.333333333333333,2.0,7.0,1.0,0.0,3.0,,,,True,True,UNKNOWN,False,False
2021029389,2025-06-08 13:30:00,東京ヤクルトスワローズ,福岡ソフトバンクホークス,4.0,2.0,UNKNOWN,明治神宮野球場,excluded,high,False,False,2107909,1500042,[],[],,,,,0,light,2025-06-08T04:30:00+00:00,,UNKNOWN,,,,UNKNOWN,UNKNOWN,,UNKNOWN,,5.4,1.2,7.2,1.8,1.8,4.800000000000001,5.0,3.0,5.0,1.0,1.0,4.0,,,,0.0,1.0,9.0,3.6,0.0,2.4000000000000004,5.0,0.0,3.0,0.0,2.0,5.0,,,,True,True,UNKNOWN,False,False
2021029388,2025-06-08 14:00:00,読売ジャイアンツ,東北楽天ゴールデンイーグルス,5.0,0.0,UNKNOWN,東京ドーム,unknown,low,False,False,2000123,1800028,[],[],,,,,0,light,2025-06-08T05:00:00+00:00,,UNKNOWN,,,,UNKNOWN,UNKNOWN,,UNKNOWN,,1.5,1.0,4.5,3.0,0.0,3.2,6.0,1.0,4.0,0.0,2.0,3.0,,,,0.0,0.8571428571428571,10.285714285714286,3.857142857142857,0.0,2.2,7.0,0.0,3.0,0.0,3.0,8.0,,,,True,True,UNKNOWN,False,False
2021029393,2025-06-08 13:30:00,広島東洋カープ,埼玉西武ライオンズ,10.0,0.0,UNKNOWN,MAZDA Zoom-Zoom スタジアム広島,unknown,low,False,False,2105080,2103788,[],[],,,,,0,light,2025-06-08T04:30:00+00:00,,UNKNOWN,,,,UNKNOWN,UNKNOWN,,UNKNOWN,,12.461538461538462,2.307692307692308,6.230769230769231,2.076923076923077,4.153846153846154,8.50769230769231,4.333333333333333,6.0,9.0,2.0,1.0,3.0,,,,0.0,0.8888888888888888,8.0,1.0,0.0,1.7555555555555558,9.0,0.0,7.0,0.0,1.0,8.0,,,,True,True,UNKNOWN,False,False
2021029390,2025-06-08 14:00:00,横浜DeNAベイスターズ,北海道日本ハムファイターズ,5.0,4.0,UNKNOWN,横浜スタジアム,unknown,low,False,False,2107859,2112182,[],[],,,,,0,light,2025-06-08T05:00:00+00:00,,UNKNOWN,,,,UNKNOWN,UNKNOWN,,UNKNOWN,,4.5,1.0,1.5,1.5,4.5,9.866666666666667,6.0,3.0,5.0,3.0,1.0,1.0,,,,6.0,1.3333333333333333,6.0,4.5,3.0,7.7,6.0,4.0,5.0,2.0,3.0,4.0,,,,True,True,UNKNOWN,False,False
2021029391,2025-06-08 13:30:00,中日ドラゴンズ,千葉ロッテマリーンズ,3.0,0.0,UNKNOWN,バンテリンドーム ナゴヤ,unknown,low,False,False,1961672,1200098,[],[],,,,,0,light,2025-06-08T04:30:00+00:00,,UNKNOWN,,,,UNKNOWN,UNKNOWN,,UNKNOWN,,0.0,0.8333333333333334,3.0,1.5,0.0,3.0333333333333337,6.0,0.0,4.0,0.0,1.0,2.0,,,,0.0,1.2857142857142858,1.2857142857142858,3.857142857142857,0.0,4.2,7.0,0.0,6.0,0.0,3.0,1.0,,,,True,True,UNKNOWN,False,False
2021029392,2025-06-08 14:00:00,阪神タイガース,オリックス・バファローズ,8.0,1.0,UNKNOWN,阪神甲子園球場,unknown,low,False,False,1750595,1850363,[],[],,,,,0,light,2025-06-08T05:00:00+00:00,,UNKNOWN,,,,UNKNOWN,UNKNOWN,,UNKNOWN,,9.0,1.0,9.0,0.0,2.25,4.45,4.0,4.0,4.0,1.0,0.0,4.0,,,,0.0,1.2,3.6,0.0,0.0,2.4000000000000004,5.0,0.0,6.0,0.0,0.0,2.0,,,,True,True,UNKNOWN,False,False
2021029396,2025-06-10 18:00:00,埼玉西武ライオンズ,阪神タイガース,4.0,2.0,UNKNOWN,ベルーナドーム,unknown,low,False,False,1600115,1751148,[],[],,,,,0,light,2025-06-10T09:00:00+00:00,,UNKNOWN,,,,UNKNOWN,UNKNOWN,,UNKNOWN,,0.0,1.0,7.5,3.0,0.0,2.5333333333333337,6.0,0.0,4.0,0.0,2.0,5.0,,,,2.571428571428572,1.4285714285714286,6.428571428571429,3.857142857142857,0.0,3.0571428571428574,7.0,2.0,7.0,0.0,3.0,5.0,,,,True,True,UNKNOWN,False,False
2021029395,2025-06-10 18:00:00,東北楽天ゴールデンイーグルス,中日ドラゴンズ,1.0,3.0,UNKNOWN,きらやかスタジアム,unknown,low,False,False,2100961,2060039,[],[],,,,,0,light,2025-06-10T09:00:00+00:00,,UNKNOWN,,,,UNKNOWN,UNKNOWN,,UNKNOWN,,1.4210526315789471,0.7894736842105263,8.526315789473685,0.0,1.4210526315789471,3.357894736842105,6.333333333333333,1.0,5.0,1.0,0.0,6.0,,,,1.35,1.2,4.05,0.0,0.0,2.3000000000000003,6.666666666666667,1.0,8.0,0.0,0.0,3.0,,,,True,True,UNKNOWN,False,False
2021029397,2025-06-10 18:00:00,千葉ロッテマリーンズ,広島東洋カープ,6.0,1.0,UNKNOWN,ZOZOマリンスタジアム,unknown,low,False,False,1900057,2101268,[],[],,,,,0,light,2025-06-10T09:00:00+00:00,,UNKNOWN,,,,UNKNOWN,UNKNOWN,,UNKNOWN,,6.75,1.3125,8.4375,0.0,0.0,1.3250000000000002,5.333333333333333,4.0,7.0,0.0,0.0,5.0,,,,1.2857142857142858,0.4285714285714285,5.142857142857143,2.571428571428572,0.0,2.9142857142857146,7.0,1.0,1.0,0.0,2.0,4.0,,,,True,True,UNKNOWN,False,False
2021029394,2025-06-10 18:00:00,北海道日本ハムファイターズ,東京ヤクルトスワローズ,3.0,1.0,UNKNOWN,エスコンフィールドHOKKAIDO,interleague,high,True,True,1961468,2050307,[],[],,,,,0,light,2025-06-10T09:00:00+00:00,,UNKNOWN,,,,UNKNOWN,UNKNOWN,,UNKNOWN,,3.0,1.6666666666666667,6.0,4.5,0.0,3.3666666666666667,6.0,2.0,7.0,0.0,3.0,4.0,,,,0.0,0.5714285714285714,7.714285714285714,1.2857142857142858,0.0,1.9142857142857144,7.0,0.0,3.0,0.0,1.0,6.0,,,,True,True,UNKNOWN,False,False
2021029399,2025-06-10 18:00:00,福岡ソフトバンクホークス,読売ジャイアンツ,5.0,2.0,UNKNOWN,みずほPayPayドーム福岡,unknown,low,False,False,1900019,1400117,[],[],,,,,0,light,2025-06-10T09:00:00+00:00,,UNKNOWN,,,,UNKNOWN,UNKNOWN,,UNKNOWN,,6.75,3.0,13.5,0.0,0.0,0.2000000000000001,1.3333333333333333,1.0,4.0,0.0,0.0,2.0,,,,2.571428571428572,1.7142857142857142,10.285714285714286,2.571428571428572,0.0,1.7714285714285716,7.0,2.0,10.0,0.0,2.0,8.0,,,,True,True,UNKNOWN,False,False
2021029398,2025-06-10 18:00:00,オリックス・バファローズ,横浜DeNAベイスターズ,2.0,0.0,UNKNOWN,京セラドーム大阪,interleague,high,True,True,1700058,1300058,[],[],,,,,0,light,2025-06-10T09:00:00+00:00,,UNKNOWN,,,,UNKNOWN,UNKNOWN,,UNKNOWN,,2.25,0.625,5.625,0.0,1.125,3.575,8.0,2.0,5.0,1.0,0.0,5.0,,,,0.0,0.625,10.125,1.125,0.0,1.3250000000000002,8.0,0.0,4.0,0.0,1.0,9.0,,,,True,True,UNKNOWN,False,False
2021029400,2025-06-11 18:00:00,北海道日本ハムファイターズ,東京ヤクルトスワローズ,8.0,2.0,UNKNOWN,エスコンフィールドHOKKAIDO,unknown,low,False,False,1300045,1500110,[],[],,,,,0,light,2025-06-11T09:00:00+00:00,,UNKNOWN,,,,UNKNOWN,UNKNOWN,,UNKNOWN,,13.5,3.0,13.5,6.75,2.25,5.7,4.0,6.0,9.0,1.0,3.0,6.0,,,,2.0,1.0,4.0,0.0,0.0,2.311111111111112,9.0,2.0,9.0,0.0,0.0,4.0,,,,True,True,UNKNOWN,False,False
2021029402,2025-06-11 18:00:00,埼玉西武ライオンズ,阪神タイガース,3.0,2.0,UNKNOWN,ベルーナドーム,interleague,high,True,True,2000052,1800081,[],[],,,,,0,light,2025-06-11T09:00:00+00:00,,UNKNOWN,,,,UNKNOWN,UNKNOWN,,UNKNOWN,,0.0,0.6521739130434783,3.5217391304347823,1.1739130434782608,0.0,2.8086956521739133,7.666666666666667,0.0,4.0,0.0,1.0,3.0,,,,1.2857142857142858,0.8571428571428571,6.428571428571429,1.2857142857142858,0.0,2.2,7.0,1.0,5.0,0.0,1.0,5.0,,,,True,True,UNKNOWN,False,False
2021029401,2025-06-11 18:00:00,東北楽天ゴールデンイーグルス,中日ドラゴンズ,5.0,8.0,UNKNOWN,楽天モバイルパーク宮城,unknown,low,False,False,500014,2000126,[],[],,,,,0,light,2025-06-11T09:00:00+00:00,,UNKNOWN,,,,UNKNOWN,UNKNOWN,,UNKNOWN,,5.4,1.8,5.4,1.8,0.0,2.6,5.0,3.0,8.0,0.0,1.0,3.0,,,,12.0,2.333333333333333,0.0,3.0,6.0,12.866666666666667,3.0,4.0,6.0,2.0,1.0,0.0,,,,True,True,UNKNOWN,False,False
2021029403,2025-06-11 18:00:00,千葉ロッテマリーンズ,広島東洋カープ,2.0,6.0,UNKNOWN,ZOZOマリンスタジアム,unknown,low,False,False,1300057,900081,[],[],,,,,0,light,2025-06-11T09:00:00+00:00,,UNKNOWN,,,,UNKNOWN,UNKNOWN,,UNKNOWN,,1.2857142857142858,0.7142857142857143,2.571428571428572,2.571428571428572,0.0,3.4857142857142858,7.0,1.0,3.0,0.0,2.0,2.0,,,,1.588235294117647,1.2352941176470589,4.764705882352941,1.588235294117647,0.0,2.670588235294118,5.666666666666667,1.0,6.0,0.0,1.0,3.0,,,,True,True,UNKNOWN,False,False
2021029404,2025-06-11 18:00:00,オリックス・バファローズ,横浜DeNAベイスターズ,0.0,4.0,UNKNOWN,京セラドーム大阪,unknown,low,False,False,2103904,1700109,[],[],,,,,0,light,2025-06-11T09:00:00+00:00,,UNKNOWN,,,,UNKNOWN,UNKNOWN,,UNKNOWN,,0.0,0.7142857142857143,9.0,1.2857142857142858,0.0,1.6285714285714288,7.0,0.0,4.0,0.0,1.0,7.0,,,,2.347826086956521,0.6521739130434783,5.869565217391304,2.347826086956521,0.0,2.678260869565217,7.666666666666667,2.0,3.0,0.0,2.0,5.0,,,,True,True,UNKNOWN,False,False
2021029405,2025-06-11 18:00:00,福岡ソフトバンクホークス,読売ジャイアンツ,3.0,7.0,UNKNOWN,みずほPayPayドーム福岡,excluded,high,False,False,1850035,2107792,[],[],,,,,0,light,2025-06-11T09:00:00+00:00,,UNKNOWN,,,,UNKNOWN,UNKNOWN,,UNKNOWN,,3.857142857142857,0.8571428571428571,7.714285714285714,0.0,0.0,1.485714285714286,7.0,3.0,6.0,0.0,0.0,6.0,,,,32.400000000000006,4.800000000000001,0.0,16.200000000000003,0.0,8.600000000000001,1.6666666666666663,6.0,5.0,0.0,3.0,0.0,,,,True,True,UNKNOWN,False,False
2021029406,2025-06-12 18:00:00,北海道日本ハムファイターズ,東京ヤクルトスワローズ,6.0,1.0,UNKNOWN,エスコンフィールドHOKKAIDO,unknown,low,False,False,2101156,1750903,[],[],,,,,0,light,2025-06-12T09:00:00+00:00,,UNKNOWN,,,,UNKNOWN,UNKNOWN,,UNKNOWN,,8.1,1.65,8.1,4.05,0.0,2.75,6.666666666666667,6.0,8.0,0.0,3.0,6.0,,,,0.0,0.75,15.75,1.125,0.0,0.0750000000000001,8.0,0.0,5.0,0.0,1.0,14.0,,,,True,True,UNKNOWN,False,False
2021029408,2025-06-12 18:00:00,埼玉西武ライオンズ,阪神タイガース,4.0,1.0,UNKNOWN,ベルーナドーム,unknown,low,False,False,1960901,2103657,[],[],,,,,0,light,2025-06-12T09:00:00+00:00,,UNKNOWN,,,,UNKNOWN,UNKNOWN,,UNKNOWN,,6.75,2.0,11.25,6.75,0.0,2.95,4.0,3.0,5.0,0.0,3.0,5.0,,,,1.8,1.2,7.2,5.4,1.8,6.0,5.0,1.0,3.0,1.0,3.0,4.0,,,,True,True,UNKNOWN,False,False
2021029409,2025-06-12 18:00:00,千葉ロッテマリーンズ,広島東洋カープ,5.0,4.0,UNKNOWN,ZOZOマリンスタジアム,interleague,high,True,True,1600125,1600146,[],[],,,,,0,light,2025-06-12T09:00:00+00:00,,UNKNOWN,,,,UNKNOWN,UNKNOWN,,UNKNOWN,,9.0,2.25,0.0,2.25,4.5,10.45,4.0,4.0,8.0,2.0,1.0,0.0,,,,6.0,1.8333333333333333,6.0,7.5,0.0,4.366666666666667,6.0,4.0,6.0,0.0,5.0,4.0,,,,True,True,UNKNOWN,False,False
2021029410,2025-06-12 18:00:00,オリックス・バファローズ,横浜DeNAベイスターズ,4.0,2.0,UNKNOWN,京セラドーム大阪,unknown,low,False,False,1460045,2108177,[],[],,,,,0,light,2025-06-12T09:00:00+00:00,,UNKNOWN,,,,UNKNOWN,UNKNOWN,,UNKNOWN,,6.352941176470588,1.7647058823529411,9.529411764705882,3.176470588235294,0.0,2.141176470588236,5.666666666666667,4.0,8.0,0.0,2.0,6.0,,,,2.571428571428572,0.7142857142857143,6.428571428571429,1.2857142857142858,0.0,2.2,7.0,2.0,4.0,0.0,1.0,5.0,,,,True,True,UNKNOWN,False,False
2021029407,2025-06-12 18:00:00,東北楽天ゴールデンイーグルス,中日ドラゴンズ,4.0,0.0,UNKNOWN,楽天モバイルパーク宮城,unknown,low,False,False,1650489,700065,[],[],,,,,0,light,2025-06-12T09:00:00+00:00,,UNKNOWN,,,,UNKNOWN,UNKNOWN,,UNKNOWN,,3.375,1.6875,8.4375,5.0625,1.6875,5.45,5.333333333333333,2.0,6.0,1.0,3.0,5.0,,,,0.0,0.7142857142857143,5.142857142857143,2.571428571428572,0.0,2.9142857142857146,7.0,0.0,3.0,0.0,2.0,4.0,,,,True,True,UNKNOWN,False,False
2021029411,2025-06-12 18:00:00,福岡ソフトバンクホークス,読売ジャイアンツ,0.0,0.0,UNKNOWN,みずほPayPayドーム福岡,unknown,low,False,False,2000006,1900106,[],[],,,,,0,light,2025-06-12T09:00:00+00:00,,UNKNOWN,,,,UNKNOWN,UNKNOWN,,UNKNOWN,,0.0,0.5,7.875,0.0,0.0,1.4500000000000002,8.0,0.0,4.0,0.0,0.0,7.0,,,,0.0,0.5555555555555556,8.0,2.0,0.0,2.088888888888889,9.0,0.0,3.0,0.0,2.0,8.0,,,,True,True,UNKNOWN,False,False
2021029412,2025-06-13 18:00:00,北海道日本ハムファイターズ,広島東洋カープ,2.0,6.0,UNKNOWN,エスコンフィールドHOKKAIDO,interleague,high,True,True,1900052,2000079,[],[],,,,,0,light,2025-06-13T09:00:00+00:00,,UNKNOWN,,,,UNKNOWN,UNKNOWN,,UNKNOWN,,2.0,1.3333333333333333,4.0,2.0,1.0,4.422222222222223,9.0,2.0,10.0,1.0,2.0,4.0,,,,8.1,1.65,5.4,1.35,1.35,4.4,6.666666666666667,6.0,10.0,1.0,1.0,4.0,,,,True,True,UNKNOWN,False,False
2021029413,2025-06-13 18:00:00,東北楽天ゴールデンイーグルス,阪神タイガース,3.0,2.0,UNKNOWN,楽天モバイルパーク宮城,unknown,low,False,False,2000055,1961886,[],[],,,,,0,light,2025-06-13T09:00:00+00:00,,UNKNOWN,,,,UNKNOWN,UNKNOWN,,UNKNOWN,,4.5,1.1666666666666667,3.0,3.0,0.0,3.5333333333333337,6.0,3.0,5.0,0.0,2.0,2.0,,,,3.6,1.8,5.4,5.4,0.0,3.8,5.0,2.0,6.0,0.0,3.0,3.0,,,,True,True,UNKNOWN,False,False
2021029415,2025-06-13 18:00:00,千葉ロッテマリーンズ,東京ヤクルトスワローズ,5.0,4.0,UNKNOWN,ZOZOマリンスタジアム,excluded,high,False,False,1900024,1300080,[],[],,,,,0,light,2025-06-13T09:00:00+00:00,,UNKNOWN,,,,UNKNOWN,UNKNOWN,,UNKNOWN,,6.75,1.6875,5.0625,1.6875,1.6875,5.075,5.333333333333333,4.0,8.0,1.0,1.0,3.0,,,,9.0,2.0,6.75,0.0,0.0,1.7000000000000002,4.0,4.0,8.0,0.0,0.0,3.0,,,,True,True,UNKNOWN,False,False
2021029414,2025-06-13 18:00:00,埼玉西武ライオンズ,中日ドラゴンズ,1.0,2.0,UNKNOWN,ベルーナドーム,unknown,low,False,False,2108462,1400182,[],[],,,,,0,light,2025-06-13T09:00:00+00:00,,UNKNOWN,,,,UNKNOWN,UNKNOWN,,UNKNOWN,,1.4210526315789471,1.2631578947368425,8.526315789473685,1.4210526315789471,0.0,1.7789473684210528,6.333333333333333,1.0,7.0,0.0,1.0,6.0,,,,1.125,1.0,6.75,1.125,0.0,2.075,8.0,1.0,7.0,0.0,1.0,6.0,,,,True,True,UNKNOWN,False,False
2021029416,2025-06-13 18:00:00,オリックス・バファローズ,読売ジャイアンツ,7.0,3.0,UNKNOWN,京セラドーム大阪,excluded,high,False,False,2103689,1851026,[],[],,,,,0,light,2025-06-13T09:00:00+00:00,,UNKNOWN,,,,UNKNOWN,UNKNOWN,,UNKNOWN,,6.428571428571429,1.5714285714285714,6.428571428571429,3.857142857142857,0.0,3.0571428571428574,7.0,5.0,8.0,0.0,3.0,5.0,,,,1.8,1.2,3.6,3.6,0.0,3.6,5.0,1.0,4.0,0.0,2.0,2.0,,,,True,True,UNKNOWN,False,False
2021029417,2025-06-13 18:00:00,福岡ソフトバンクホークス,横浜DeNAベイスターズ,4.0,1.0,UNKNOWN,みずほPayPayドーム福岡,japan_series,high,False,True,1961374,1700011,[],[],,,,,0,light,2025-06-13T09:00:00+00:00,,UNKNOWN,,,,UNKNOWN,UNKNOWN,,UNKNOWN,,6.0,1.6666666666666667,7.5,3.0,0.0,2.5333333333333337,6.0,4.0,8.0,0.0,2.0,5.0,,,,1.0,0.3333333333333333,13.0,0.0,1.0,1.7555555555555558,9.0,1.0,3.0,1.0,0.0,13.0,,,,True,True,UNKNOWN,False,False
2021029418,2025-06-14 14:00:00,北海道日本ハムファイターズ,広島東洋カープ,5.0,0.0,UNKNOWN,エスコンフィールドHOKKAIDO,unknown,low,False,False,1600123,2111822,[],[],,,,,0,light,2025-06-14T05:00:00+00:00,,UNKNOWN,,,,UNKNOWN,UNKNOWN,,UNKNOWN,,7.2,1.6,7.2,0.0,5.4,9.4,5.0,4.0,8.0,3.0,0.0,4.0,,,,0.0,0.6666666666666666,12.0,3.0,0.0,1.5333333333333334,6.0,0.0,2.0,0.0,2.0,8.0,,,,True,True,UNKNOWN,False,False
2021029419,2025-06-14 14:00:00,東北楽天ゴールデンイーグルス,阪神タイガース,5.0,4.0,UNKNOWN,楽天モバイルパーク宮城,unknown,low,False,False,1700137,2110316,[],[],,,,,0,light,2025-06-14T05:00:00+00:00,,UNKNOWN,,,,UNKNOWN,UNKNOWN,,UNKNOWN,,1.8,1.0,5.4,1.8,0.0,2.6,5.0,1.0,4.0,0.0,1.0,3.0,,,,4.764705882352941,2.117647058823529,1.588235294117647,4.764705882352941,0.0,4.435294117647059,5.666666666666667,3.0,9.0,0.0,3.0,1.0,,,,True,True,UNKNOWN,False,False
2021029421,2025-06-14 14:00:00,千葉ロッテマリーンズ,東京ヤクルトスワローズ,0.0,5.0,UNKNOWN,ZOZOマリンスタジアム,unknown,low,False,False,2103794,1800052,[],[],,,,,0,light,2025-06-14T05:00:00+00:00,,UNKNOWN,,,,UNKNOWN,UNKNOWN,,UNKNOWN,,0.0,0.2857142857142857,6.428571428571429,0.0,0.0,1.7714285714285716,7.0,0.0,2.0,0.0,0.0,5.0,,,,7.2,1.2,1.8,1.8,1.8,6.0,5.0,4.0,5.0,1.0,1.0,1.0,,,,True,True,UNKNOWN,False,False
2021029420,2025-06-14 14:00:00,埼玉西武ライオンズ,中日ドラゴンズ,2.0,1.0,UNKNOWN,ベルーナドーム,unknown,low,False,False,2000042,1700125,[],[],,,,,0,light,2025-06-14T05:00:00+00:00,,UNKNOWN,,,,UNKNOWN,UNKNOWN,,UNKNOWN,,2.25,1.375,1.125,1.125,1.125,4.95,8.0,2.0,10.0,1.0,1.0,1.0,,,,1.4210526315789471,0.6315789473684211,5.684210526315789,0.0,1.4210526315789471,3.989473684210527,6.333333333333333,1.0,4.0,1.0,0.0,4.0,,,,True,True,UNKNOWN,False,False
2021029422,2025-06-14 18:00:00,オリックス・バファローズ,読売ジャイアンツ,2.0,1.0,UNKNOWN,京セラドーム大阪,unknown,low,False,False,1961407,1900087,[],[],,,,,0,light,2025-06-14T09:00:00+00:00,,UNKNOWN,,,,UNKNOWN,UNKNOWN,,UNKNOWN,,0.0,1.0,6.428571428571429,2.571428571428572,0.0,2.628571428571429,7.0,0.0,5.0,0.0,2.0,5.0,,,,1.0,0.7777777777777778,11.0,1.0,0.0,1.088888888888889,9.0,1.0,6.0,0.0,1.0,11.0,,,,True,True,UNKNOWN,False,False
2021029423,2025-06-14 18:00:00,福岡ソフトバンクホークス,横浜DeNAベイスターズ,4.0,0.0,UNKNOWN,みずほPayPayドーム福岡,unknown,low,False,False,1800045,1100099,[],[],,,,,0,light,2025-06-14T09:00:00+00:00,,UNKNOWN,,,,UNKNOWN,UNKNOWN,,UNKNOWN,,1.5,0.6666666666666666,6.0,3.0,1.5,5.033333333333333,6.0,1.0,2.0,1.0,2.0,4.0,,,,0.0,0.8571428571428571,9.0,1.2857142857142858,0.0,1.6285714285714288,7.0,0.0,5.0,0.0,1.0,7.0,,,,True,True,UNKNOWN,False,False
2021029424,2025-06-15 13:00:00,北海道日本ハムファイターズ,広島東洋カープ,8.0,7.0,UNKNOWN,エスコンフィールドHOKKAIDO,interleague,high,True,True,2103788,2107859,[],[],,,,,0,light,2025-06-15T04:00:00+00:00,,UNKNOWN,,,,UNKNOWN,UNKNOWN,,UNKNOWN,,4.909090909090909,1.2272727272727273,3.681818181818182,1.2272727272727273,1.2272727272727273,4.563636363636364,7.333333333333333,4.0,8.0,1.0,1.0,3.0,,,,5.4,1.4,7.2,1.8,0.0,2.2,5.0,3.0,6.0,0.0,1.0,4.0,,,,True,True,UNKNOWN,False,False
2021029425,2025-06-15 13:00:00,東北楽天ゴールデンイーグルス,阪神タイガース,3.0,2.0,UNKNOWN,楽天モバイルパーク宮城,unknown,low,False,False,1850363,2000123,[],[],,,,,0,light,2025-06-15T04:00:00+00:00,,UNKNOWN,,,,UNKNOWN,UNKNOWN,,UNKNOWN,,3.0,1.0,12.0,0.0,0.0,0.5333333333333337,6.0,2.0,6.0,0.0,0.0,8.0,,,,0.0,1.0,3.0,4.5,0.0,4.033333333333333,6.0,0.0,3.0,0.0,3.0,2.0,,,,True,True,UNKNOWN,False,False
2021029426,2025-06-15 13:00:00,埼玉西武ライオンズ,中日ドラゴンズ,1.0,0.0,UNKNOWN,ベルーナドーム,interleague,high,True,True,1200098,2105080,[],[],,,,,0,light,2025-06-15T04:00:00+00:00,,UNKNOWN,,,,UNKNOWN,UNKNOWN,,UNKNOWN,,1.125,0.75,3.375,1.125,0.0,2.825,8.0,1.0,5.0,0.0,1.0,3.0,,,,0.0,1.0,1.5,3.0,0.0,3.866666666666666,6.0,0.0,4.0,0.0,2.0,1.0,,,,True,True,UNKNOWN,False,False
2021029427,2025-06-15 14:00:00,千葉ロッテマリーンズ,東京ヤクルトスワローズ,5.0,4.0,UNKNOWN,ZOZOマリンスタジアム,unknown,low,False,False,1500042,1961672,[],[],,,,,0,light,2025-06-15T05:00:00+00:00,,UNKNOWN,,,,UNKNOWN,UNKNOWN,,UNKNOWN,,6.0,1.1666666666666667,4.5,1.5,3.0,7.033333333333333,6.0,4.0,6.0,2.0,1.0,3.0,,,,5.4,1.2,9.45,2.7,1.35,3.95,6.666666666666667,4.0,6.0,1.0,2.0,7.0,,,,True,True,UNKNOWN,False,False
2021029428,2025-06-15 14:00:00,オリックス・バファローズ,読売ジャイアンツ,8.0,3.0,UNKNOWN,京セラドーム大阪,excluded,high,False,False,1800028,1750595,[],[],,,,,0,light,2025-06-15T05:00:00+00:00,,UNKNOWN,,,,UNKNOWN,UNKNOWN,,UNKNOWN,,9.0,2.2,5.4,3.6,0.0,3.2,5.0,5.0,9.0,0.0,2.0,3.0,,,,3.857142857142857,1.4285714285714286,9.0,0.0,0.0,1.2000000000000002,7.0,3.0,10.0,0.0,0.0,7.0,,,,True,True,UNKNOWN,False,False
2021029429,2025-06-15 14:00:00,福岡ソフトバンクホークス,横浜DeNAベイスターズ,4.0,3.0,UNKNOWN,みずほPayPayドーム福岡,unknown,low,False,False,2112182,2107909,[],[],,,,,0,light,2025-06-15T05:00:00+00:00,,UNKNOWN,,,,UNKNOWN,UNKNOWN,,UNKNOWN,,3.6,1.0,9.0,3.6,1.8,5.0,5.0,2.0,3.0,1.0,2.0,5.0,,,,3.375,1.3125,10.125,0.0,0.0,0.9500000000000002,5.333333333333333,2.0,7.0,0.0,0.0,6.0,,,,True,True,UNKNOWN,False,False
2021029430,2025-06-17 18:00:00,読売ジャイアンツ,北海道日本ハムファイターズ,1.0,4.0,UNKNOWN,東京ドーム,unknown,low,False,False,2050307,1900019,[],[],,,,,0,light,2025-06-17T09:00:00+00:00,,UNKNOWN,,,,UNKNOWN,UNKNOWN,,UNKNOWN,,1.35,1.05,9.45,4.05,0.0,2.45,6.666666666666667,1.0,4.0,0.0,3.0,7.0,,,,7.2,1.6,12.6,0.0,5.4,8.2,5.0,4.0,8.0,3.0,0.0,7.0,,,,True,True,UNKNOWN,False,False
2021029431,2025-06-17 18:00:00,東京ヤクルトスワローズ,東北楽天ゴールデンイーグルス,4.0,4.0,UNKNOWN,明治神宮野球場,unknown,low,False,False,2060039,1300045,[],[],,,,,0,light,2025-06-17T09:00:00+00:00,,UNKNOWN,,,,UNKNOWN,UNKNOWN,,UNKNOWN,,7.2,1.8,3.6,3.6,0.0,3.6,5.0,4.0,7.0,0.0,2.0,2.0,,,,5.4,1.4,7.2,3.6,1.8,5.4,5.0,3.0,5.0,1.0,2.0,4.0,,,,True,True,UNKNOWN,False,False
2021029433,2025-06-17 18:00:00,中日ドラゴンズ,オリックス・バファローズ,3.0,5.0,UNKNOWN,バンテリンドーム ナゴヤ,unknown,low,False,False,1700118,2100961,[],[],,,,,0,light,2025-06-17T09:00:00+00:00,,UNKNOWN,,,,UNKNOWN,UNKNOWN,,UNKNOWN,,1.5,1.5,4.5,6.0,0.0,4.2,6.0,1.0,5.0,0.0,4.0,3.0,,,,3.0,1.6666666666666667,9.0,3.0,0.0,2.2,6.0,2.0,8.0,0.0,2.0,6.0,,,,True,True,UNKNOWN,False,False
2021029434,2025-06-17 18:00:00,阪神タイガース,千葉ロッテマリーンズ,1.0,3.0,UNKNOWN,阪神甲子園球場,unknown,low,False,False,2111821,1600115,[],[],,,,,0,light,2025-06-17T09:00:00+00:00,,UNKNOWN,,,,UNKNOWN,UNKNOWN,,UNKNOWN,,2.25,1.0,9.0,2.25,0.0,1.95,4.0,1.0,3.0,0.0,1.0,4.0,,,,4.05,1.2,6.75,2.7,0.0,2.6,6.666666666666667,3.0,6.0,0.0,2.0,5.0,,,,True,True,UNKNOWN,False,False
2021029435,2025-06-17 18:00:00,広島東洋カープ,福岡ソフトバンクホークス,0.0,2.0,UNKNOWN,MAZDA Zoom-Zoom スタジアム広島,interleague,high,True,True,1400117,1900057,[],[],,,,,0,light,2025-06-17T09:00:00+00:00,,UNKNOWN,,,,UNKNOWN,UNKNOWN,,UNKNOWN,,0.0,0.7142857142857143,7.714285714285714,5.142857142857143,0.0,3.2,7.0,0.0,1.0,0.0,4.0,6.0,,,,3.0,0.6666666666666666,13.5,1.5,1.5,2.8666666666666667,6.0,2.0,3.0,1.0,1.0,9.0,,,,True,True,UNKNOWN,False,False
2021029436,2025-06-18 18:00:00,読売ジャイアンツ,北海道日本ハムファイターズ,2.0,1.0,UNKNOWN,東京ドーム,unknown,low,False,False,1400195,1850035,[],[],,,,,0,light,2025-06-18T09:00:00+00:00,,UNKNOWN,,,,UNKNOWN,UNKNOWN,,UNKNOWN,,1.5,1.1666666666666667,4.5,3.0,0.0,3.2,6.0,1.0,5.0,0.0,2.0,3.0,,,,1.2857142857142858,0.8571428571428571,6.428571428571429,1.2857142857142858,0.0,2.2,7.0,1.0,5.0,0.0,1.0,5.0,,,,True,True,UNKNOWN,False,False
2021029432,2025-06-17 18:00:00,横浜DeNAベイスターズ,埼玉西武ライオンズ,0.0,3.0,UNKNOWN,横浜スタジアム,unknown,low,False,False,1600127,1460045,[],[],,,,,0,light,2025-06-17T09:00:00+00:00,,UNKNOWN,,,,UNKNOWN,UNKNOWN,,UNKNOWN,,0.0,0.2222222222222222,17.0,0.0,0.0,-0.5777777777777775,9.0,0.0,2.0,0.0,0.0,17.0,,,,3.24,1.2,10.8,3.24,0.0,1.8800000000000003,8.333333333333334,3.0,7.0,0.0,3.0,10.0,,,,True,True,UNKNOWN,False,False
2021029437,2025-06-18 18:00:00,東京ヤクルトスワローズ,東北楽天ゴールデンイーグルス,2.0,6.0,UNKNOWN,明治神宮野球場,unknown,low,False,False,1900117,1961468,[],[],,,,,0,light,2025-06-18T09:00:00+00:00,,UNKNOWN,,,,UNKNOWN,UNKNOWN,,UNKNOWN,,0.0,1.0,5.142857142857143,0.0,0.0,2.0571428571428574,7.0,0.0,7.0,0.0,0.0,4.0,,,,9.642857142857142,1.9285714285714284,11.571428571428571,5.785714285714286,0.0,2.5571428571428574,4.666666666666667,5.0,6.0,0.0,3.0,6.0,,,,True,True,UNKNOWN,False,False
2021029438,2025-06-18 18:00:00,横浜DeNAベイスターズ,埼玉西武ライオンズ,4.0,2.0,UNKNOWN,横浜スタジアム,unknown,low,False,False,1751148,2103904,[],[],,,,,0,light,2025-06-18T09:00:00+00:00,,UNKNOWN,,,,UNKNOWN,UNKNOWN,,UNKNOWN,,5.4,1.6,10.8,1.8,0.0,1.4,5.0,3.0,7.0,0.0,1.0,6.0,,,,3.0,1.5,4.5,6.0,1.5,6.366666666666667,6.0,2.0,5.0,1.0,4.0,3.0,,,,True,True,UNKNOWN,False,False
2021029439,2025-06-18 18:00:00,中日ドラゴンズ,オリックス・バファローズ,6.0,3.0,UNKNOWN,バンテリンドーム ナゴヤ,unknown,low,False,False,1300058,500014,[],[],,,,,0,light,2025-06-18T09:00:00+00:00,,UNKNOWN,,,,UNKNOWN,UNKNOWN,,UNKNOWN,,9.0,1.75,11.25,2.25,2.25,4.7,4.0,4.0,6.0,1.0,1.0,5.0,,,,5.4,1.4,3.6,1.8,0.0,3.0,5.0,3.0,6.0,0.0,1.0,2.0,,,,True,True,UNKNOWN,False,False
2021029440,2025-06-18 18:00:00,阪神タイガース,千葉ロッテマリーンズ,8.0,1.0,UNKNOWN,阪神甲子園球場,interleague,high,True,True,2102758,2000052,[],[],,,,,0,light,2025-06-18T09:00:00+00:00,,UNKNOWN,,,,UNKNOWN,UNKNOWN,,UNKNOWN,,6.230769230769231,2.5384615384615388,8.307692307692308,6.230769230769231,0.0,3.430769230769231,4.333333333333333,3.0,8.0,0.0,3.0,4.0,,,,1.5,1.6666666666666667,3.0,1.5,0.0,3.0333333333333337,6.0,1.0,9.0,0.0,1.0,2.0,,,,True,True,UNKNOWN,False,False
2021029442,2025-06-19 18:00:00,読売ジャイアンツ,北海道日本ハムファイターズ,1.0,4.0,UNKNOWN,東京ドーム,interleague,high,True,True,1750903,2000006,[],[],,,,,0,light,2025-06-19T09:00:00+00:00,,UNKNOWN,,,,UNKNOWN,UNKNOWN,,UNKNOWN,,1.0,0.2222222222222222,5.0,1.0,1.0,3.866666666666666,9.0,1.0,1.0,1.0,1.0,5.0,,,,5.4,2.2,12.6,1.8,0.0,1.0,5.0,3.0,10.0,0.0,1.0,7.0,,,,True,True,UNKNOWN,False,False
2021029441,2025-06-18 18:00:00,広島東洋カープ,福岡ソフトバンクホークス,8.0,4.0,UNKNOWN,MAZDA Zoom-Zoom スタジアム広島,interleague,high,True,True,2107792,1300057,[],[],,,,,0,light,2025-06-18T09:00:00+00:00,,UNKNOWN,,,,UNKNOWN,UNKNOWN,,UNKNOWN,,4.5,2.0,9.0,4.5,0.0,2.7,4.0,2.0,6.0,0.0,2.0,4.0,,,,9.0,2.75,11.25,4.5,0.0,2.2,4.0,4.0,9.0,0.0,2.0,5.0,,,,True,True,UNKNOWN,False,False
2021029443,2025-06-19 18:00:00,東京ヤクルトスワローズ,東北楽天ゴールデンイーグルス,1.0,3.0,UNKNOWN,明治神宮野球場,unknown,low,False,False,700065,2101156,[],[],,,,,0,light,2025-06-19T09:00:00+00:00,,UNKNOWN,,,,UNKNOWN,UNKNOWN,,UNKNOWN,,0.0,0.7142857142857143,1.2857142857142858,1.2857142857142858,0.0,3.342857142857143,7.0,0.0,4.0,0.0,1.0,1.0,,,,3.0,1.3333333333333333,6.0,4.5,0.0,3.3666666666666667,6.0,2.0,5.0,0.0,3.0,4.0,,,,True,True,UNKNOWN,False,False
2021029444,2025-06-19 18:00:00,横浜DeNAベイスターズ,埼玉西武ライオンズ,1.0,2.0,UNKNOWN,横浜スタジアム,interleague,high,True,True,1800081,1700058,[],[],,,,,0,light,2025-06-19T09:00:00+00:00,,UNKNOWN,,,,UNKNOWN,UNKNOWN,,UNKNOWN,,0.0,1.1666666666666667,3.0,3.0,0.0,3.5333333333333337,6.0,0.0,5.0,0.0,2.0,2.0,,,,2.571428571428572,1.2857142857142858,9.0,2.571428571428572,1.2857142857142858,3.9142857142857146,7.0,2.0,7.0,1.0,2.0,7.0,,,,True,True,UNKNOWN,False,False
2021029445,2025-06-19 18:00:00,中日ドラゴンズ,オリックス・バファローズ,1.0,6.0,UNKNOWN,バンテリンドーム ナゴヤ,excluded,high,False,False,1700109,1650489,[],[],,,,,0,light,2025-06-19T09:00:00+00:00,,UNKNOWN,,,,UNKNOWN,UNKNOWN,,UNKNOWN,,1.5,1.0,3.0,0.0,0.0,2.5333333333333337,6.0,1.0,6.0,0.0,0.0,2.0,,,,12.0,3.6666666666666665,9.0,12.0,0.0,5.2,3.0,4.0,7.0,0.0,4.0,3.0,,,,True,True,UNKNOWN,False,False
2021029446,2025-06-19 18:00:00,阪神タイガース,千葉ロッテマリーンズ,2.0,0.0,UNKNOWN,阪神甲子園球場,interleague,high,True,True,1600146,1960901,[],[],,,,,0,light,2025-06-19T09:00:00+00:00,,UNKNOWN,,,,UNKNOWN,UNKNOWN,,UNKNOWN,,2.7,1.5,10.8,5.4,0.0,2.6,6.666666666666667,2.0,6.0,0.0,4.0,8.0,,,,0.0,0.4444444444444444,12.0,0.0,0.0,0.5333333333333337,9.0,0.0,4.0,0.0,0.0,12.0,,,,True,True,UNKNOWN,False,False
2021029448,2025-06-20 18:00:00,読売ジャイアンツ,埼玉西武ライオンズ,2.0,1.0,UNKNOWN,東京ドーム,unknown,low,False,False,1400182,2103689,[],[],,,,,0,light,2025-06-20T09:00:00+00:00,,UNKNOWN,,,,UNKNOWN,UNKNOWN,,UNKNOWN,,3.0,1.6666666666666667,7.5,1.5,0.0,2.033333333333333,6.0,2.0,9.0,0.0,1.0,5.0,,,,1.5,1.1666666666666667,12.0,0.0,0.0,0.5333333333333337,6.0,1.0,7.0,0.0,0.0,8.0,,,,True,True,UNKNOWN,False,False
2021029447,2025-06-19 18:00:00,広島東洋カープ,福岡ソフトバンクホークス,2.0,16.0,UNKNOWN,MAZDA Zoom-Zoom スタジアム広島,excluded,high,False,False,1900106,2117228,[],[],,,,,0,light,2025-06-19T09:00:00+00:00,,UNKNOWN,,,,UNKNOWN,UNKNOWN,,UNKNOWN,,2.571428571428572,1.1428571428571428,3.857142857142857,0.0,1.2857142857142858,4.2,7.0,2.0,8.0,1.0,0.0,3.0,,,,10.8,2.0,5.4,3.6,1.8,5.800000000000001,5.0,6.0,8.0,1.0,2.0,3.0,,,,True,True,UNKNOWN,False,False
2021029450,2025-06-20 18:00:00,横浜DeNAベイスターズ,千葉ロッテマリーンズ,1.0,6.0,UNKNOWN,横浜スタジアム,interleague,high,True,True,1300080,1961374,[],[],,,,,0,light,2025-06-20T09:00:00+00:00,,UNKNOWN,,,,UNKNOWN,UNKNOWN,,UNKNOWN,,1.5,0.3333333333333333,1.5,1.5,0.0,3.3666666666666667,6.0,1.0,1.0,0.0,1.0,1.0,,,,6.0,1.5,6.0,1.5,1.5,4.533333333333333,6.0,4.0,8.0,1.0,1.0,4.0,,,,True,True,UNKNOWN,False,False
2021029449,2025-06-20 18:00:00,東京ヤクルトスワローズ,オリックス・バファローズ,8.0,10.0,UNKNOWN,明治神宮野球場,unknown,low,False,False,2108177,1200076,[],[],,,,,0,light,2025-06-20T09:00:00+00:00,,UNKNOWN,,,,UNKNOWN,UNKNOWN,,UNKNOWN,,9.0,2.0,9.0,6.0,0.0,3.2,3.0,3.0,4.0,0.0,2.0,3.0,,,,18.0,2.75,11.25,4.5,4.5,8.7,4.0,8.0,9.0,2.0,2.0,5.0,,,,True,True,UNKNOWN,False,False
2021029451,2025-06-20 18:00:00,中日ドラゴンズ,北海道日本ハムファイターズ,0.0,1.0,UNKNOWN,バンテリンドーム ナゴヤ,interleague,high,True,True,2000079,1000138,[],[],,,,,0,light,2025-06-20T09:00:00+00:00,,UNKNOWN,,,,UNKNOWN,UNKNOWN,,UNKNOWN,,0.0,0.6666666666666666,7.0,1.0,0.0,1.9777777777777776,9.0,0.0,5.0,0.0,1.0,7.0,,,,1.2857142857142858,0.7142857142857143,5.142857142857143,2.571428571428572,0.0,2.9142857142857146,7.0,1.0,3.0,0.0,2.0,4.0,,,,True,True,UNKNOWN,False,False
2021029452,2025-06-20 18:00:00,阪神タイガース,福岡ソフトバンクホークス,1.0,2.0,UNKNOWN,阪神甲子園球場,interleague,high,True,True,1700011,2000055,[],[],,,,,0,light,2025-06-20T09:00:00+00:00,,UNKNOWN,,,,UNKNOWN,UNKNOWN,,UNKNOWN,,1.5,1.3333333333333333,9.0,0.0,0.0,1.2000000000000002,6.0,1.0,8.0,0.0,0.0,6.0,,,,1.125,0.75,6.75,1.125,0.0,2.075,8.0,1.0,5.0,0.0,1.0,6.0,,,,True,True,UNKNOWN,False,False
2021029453,2025-06-20 18:00:00,広島東洋カープ,東北楽天ゴールデンイーグルス,0.0,4.0,UNKNOWN,MAZDA Zoom-Zoom スタジアム広島,interleague,high,True,True,2000121,1900052,[],[],,,,,0,light,2025-06-20T09:00:00+00:00,,UNKNOWN,,,,UNKNOWN,UNKNOWN,,UNKNOWN,,0.0,0.9545454545454546,9.818181818181818,1.2272727272727273,0.0,1.4272727272727277,7.333333333333333,0.0,6.0,0.0,1.0,8.0,,,,3.857142857142857,1.1428571428571428,6.428571428571429,1.2857142857142858,0.0,2.2,7.0,3.0,7.0,0.0,1.0,5.0,,,,True,True,UNKNOWN,False,False
2021029454,2025-06-21 14:00:00,読売ジャイアンツ,埼玉西武ライオンズ,5.0,2.0,UNKNOWN,東京ドーム,unknown,low,False,False,1700125,1961407,[],[],,,,,0,light,2025-06-21T05:00:00+00:00,,UNKNOWN,,,,UNKNOWN,UNKNOWN,,UNKNOWN,,0.0,0.3333333333333333,1.5,0.0,0.0,2.8666666666666667,6.0,0.0,2.0,0.0,0.0,1.0,,,,3.0,0.5,13.5,1.5,0.0,0.7000000000000002,6.0,2.0,2.0,0.0,1.0,9.0,,,,True,True,UNKNOWN,False,False
2021029458,2025-06-21 14:00:00,阪神タイガース,福岡ソフトバンクホークス,3.0,0.0,UNKNOWN,阪神甲子園球場,interleague,high,True,True,1100099,1700137,[],[],,,,,0,light,2025-06-21T05:00:00+00:00,,UNKNOWN,,,,UNKNOWN,UNKNOWN,,UNKNOWN,,5.4,1.8,3.6,5.4,0.0,4.2,5.0,3.0,6.0,0.0,3.0,2.0,,,,0.0,0.2,3.6,0.0,0.0,2.4000000000000004,5.0,0.0,1.0,0.0,0.0,2.0,,,,True,True,UNKNOWN,False,False
2021029457,2025-06-21 14:00:00,中日ドラゴンズ,北海道日本ハムファイターズ,2.0,3.0,UNKNOWN,バンテリンドーム ナゴヤ,unknown,low,False,False,1500110,2000042,[],[],,,,,0,light,2025-06-21T05:00:00+00:00,,UNKNOWN,,,,UNKNOWN,UNKNOWN,,UNKNOWN,,3.0,1.0,6.0,1.5,1.5,4.533333333333333,6.0,2.0,5.0,1.0,1.0,4.0,,,,3.857142857142857,1.5714285714285714,12.857142857142858,2.571428571428572,1.2857142857142858,3.0571428571428574,7.0,3.0,9.0,1.0,2.0,10.0,,,,True,True,UNKNOWN,False,False
2021029456,2025-06-21 14:00:00,横浜DeNAベイスターズ,千葉ロッテマリーンズ,5.0,0.0,UNKNOWN,横浜スタジアム,excluded,high,False,False,2114737,1800045,[],[],,,,,0,light,2025-06-21T05:00:00+00:00,,UNKNOWN,,,,UNKNOWN,UNKNOWN,,UNKNOWN,,13.5,2.0,13.5,0.0,13.5,19.7,2.0,3.0,4.0,3.0,0.0,3.0,,,,0.0,0.7777777777777778,4.0,0.0,0.0,2.311111111111112,9.0,0.0,7.0,0.0,0.0,4.0,,,,True,True,UNKNOWN,False,False
2021029455,2025-06-21 14:00:00,東京ヤクルトスワローズ,オリックス・バファローズ,5.0,2.0,UNKNOWN,明治神宮野球場,unknown,low,False,False,1900087,2103794,[],[],,,,,0,light,2025-06-21T05:00:00+00:00,,UNKNOWN,,,,UNKNOWN,UNKNOWN,,UNKNOWN,,9.0,2.75,6.75,9.0,0.0,4.7,4.0,4.0,7.0,0.0,4.0,3.0,,,,1.2857142857142858,0.8571428571428571,5.142857142857143,1.2857142857142858,1.2857142857142858,4.342857142857143,7.0,1.0,5.0,1.0,1.0,4.0,,,,True,True,UNKNOWN,False,False
2021029459,2025-06-21 14:00:00,広島東洋カープ,東北楽天ゴールデンイーグルス,8.0,3.0,UNKNOWN,MAZDA Zoom-Zoom スタジアム広島,unknown,low,False,False,2000126,1600123,[],[],,,,,0,light,2025-06-21T05:00:00+00:00,,UNKNOWN,,,,UNKNOWN,UNKNOWN,,UNKNOWN,,18.0,3.5,9.0,4.5,9.0,15.7,2.0,4.0,6.0,2.0,1.0,2.0,,,,1.8,1.8,7.2,5.4,0.0,3.4000000000000004,5.0,1.0,6.0,0.0,3.0,4.0,,,,True,True,UNKNOWN,False,False
2021029465,2025-06-22 13:00:00,広島東洋カープ,東北楽天ゴールデンイーグルス,5.0,2.0,UNKNOWN,MAZDA Zoom-Zoom スタジアム広島,unknown,low,False,False,2000123,2103788,[],[],,,,,0,light,2025-06-22T04:00:00+00:00,,UNKNOWN,,,,UNKNOWN,UNKNOWN,,UNKNOWN,,5.4,1.6,5.4,5.4,0.0,3.8,5.0,3.0,5.0,0.0,3.0,3.0,,,,2.25,1.25,2.25,2.25,0.0,3.45,4.0,1.0,4.0,0.0,1.0,1.0,,,,True,True,UNKNOWN,False,False
2021029461,2025-06-22 13:30:00,東京ヤクルトスワローズ,オリックス・バファローズ,2.0,4.0,UNKNOWN,明治神宮野球場,excluded,high,False,False,1750595,2113273,[],[],,,,,0,light,2025-06-22T04:30:00+00:00,,UNKNOWN,,,,UNKNOWN,UNKNOWN,,UNKNOWN,,3.375,1.5,8.4375,3.375,1.6875,4.8875,5.333333333333333,2.0,6.0,1.0,2.0,5.0,,,,1.8,1.4,5.4,3.6,0.0,3.2,5.0,1.0,5.0,0.0,2.0,3.0,,,,True,True,UNKNOWN,False,False
2021029463,2025-06-22 13:30:00,中日ドラゴンズ,北海道日本ハムファイターズ,4.0,1.0,UNKNOWN,バンテリンドーム ナゴヤ,unknown,low,False,False,2107859,1200098,[],[],,,,,0,light,2025-06-22T04:30:00+00:00,,UNKNOWN,,,,UNKNOWN,UNKNOWN,,UNKNOWN,,9.0,1.25,9.0,0.0,0.0,1.2000000000000002,4.0,4.0,5.0,0.0,0.0,4.0,,,,1.2857142857142858,1.0,3.857142857142857,2.571428571428572,0.0,3.2,7.0,1.0,5.0,0.0,2.0,3.0,,,,True,True,UNKNOWN,False,False
2021029460,2025-06-22 14:00:00,読売ジャイアンツ,埼玉西武ライオンズ,0.0,5.0,UNKNOWN,東京ドーム,unknown,low,False,False,2105080,1800028,[],[],,,,,0,light,2025-06-22T05:00:00+00:00,,UNKNOWN,,,,UNKNOWN,UNKNOWN,,UNKNOWN,,0.0,1.0,3.0,3.0,0.0,3.5333333333333337,6.0,0.0,4.0,0.0,2.0,2.0,,,,5.4,1.8,7.2,5.4,0.0,3.4000000000000004,5.0,3.0,6.0,0.0,3.0,4.0,,,,True,True,UNKNOWN,False,False
2021029462,2025-06-22 14:00:00,横浜DeNAベイスターズ,千葉ロッテマリーンズ,9.0,10.0,UNKNOWN,横浜スタジアム,unknown,low,False,False,1961672,1460045,[],[],,,,,0,light,2025-06-22T05:00:00+00:00,,UNKNOWN,,,,UNKNOWN,UNKNOWN,,UNKNOWN,,11.25,2.0,4.5,0.0,0.0,2.2,4.0,5.0,8.0,0.0,0.0,2.0,,,,63.0,9.0,18.0,9.0,9.0,15.2,1.0,7.0,8.0,1.0,1.0,2.0,,,,True,True,UNKNOWN,False,False
2021029464,2025-06-22 14:00:00,阪神タイガース,福岡ソフトバンクホークス,1.0,3.0,UNKNOWN,阪神甲子園球場,interleague,high,True,True,2107909,1850363,[],[],,,,,0,light,2025-06-22T05:00:00+00:00,,UNKNOWN,,,,UNKNOWN,UNKNOWN,,UNKNOWN,,0.0,0.8,12.6,3.6,0.0,1.6,5.0,0.0,2.0,0.0,2.0,7.0,,,,0.0,0.8333333333333334,10.5,3.0,0.0,1.866666666666667,6.0,0.0,3.0,0.0,2.0,7.0,,,,True,True,UNKNOWN,False,False
2021032807,2025-06-24 18:00:00,千葉ロッテマリーンズ,読売ジャイアンツ,6.0,4.0,UNKNOWN,ZOZOマリンスタジアム,unknown,low,False,False,1850035,2101268,[],[],,,,,0,light,2025-06-24T09:00:00+00:00,,UNKNOWN,,,,UNKNOWN,UNKNOWN,,UNKNOWN,,9.642857142857142,2.357142857142857,5.785714285714286,3.8571428571428568,0.0,3.2,4.666666666666667,5.0,9.0,0.0,2.0,3.0,,,,1.8,1.4,10.8,3.6,1.8,4.6,5.0,1.0,5.0,1.0,2.0,6.0,,,,True,True,UNKNOWN,False,False
2021029466,2025-06-27 18:00:00,読売ジャイアンツ,横浜DeNAベイスターズ,4.0,0.0,UNKNOWN,東京ドーム,interleague,high,True,True,1961374,2000006,[],[],,,,,0,light,2025-06-27T09:00:00+00:00,,UNKNOWN,,,,UNKNOWN,UNKNOWN,,UNKNOWN,,1.5,1.0,7.5,1.5,0.0,2.033333333333333,6.0,1.0,5.0,0.0,1.0,5.0,,,,0.0,0.8999999999999999,5.4,2.7,0.0,2.9000000000000004,6.666666666666667,0.0,4.0,0.0,2.0,4.0,,,,True,True,UNKNOWN,False,False
2021029467,2025-06-27 18:00:00,東京ヤクルトスワローズ,阪神タイガース,4.0,3.0,UNKNOWN,明治神宮野球場,interleague,high,True,True,2000055,1961468,[],[],,,,,0,light,2025-06-27T09:00:00+00:00,,UNKNOWN,,,,UNKNOWN,UNKNOWN,,UNKNOWN,,3.857142857142857,1.4285714285714286,3.857142857142857,2.571428571428572,2.571428571428572,6.914285714285715,7.0,3.0,8.0,2.0,2.0,3.0,,,,1.5,1.6666666666666667,9.0,6.0,0.0,3.2,6.0,1.0,6.0,0.0,4.0,6.0,,,,True,True,UNKNOWN,False,False
2021029469,2025-06-27 18:00:00,埼玉西武ライオンズ,北海道日本ハムファイターズ,2.0,5.0,UNKNOWN,ベルーナドーム,unknown,low,False,False,2000079,1600127,[],[],,,,,0,light,2025-06-27T09:00:00+00:00,,UNKNOWN,,,,UNKNOWN,UNKNOWN,,UNKNOWN,,2.25,1.0,13.5,1.125,1.125,2.2,8.0,2.0,7.0,1.0,1.0,12.0,,,,4.909090909090909,1.3636363636363638,14.727272727272728,4.909090909090909,2.4545454545454546,5.109090909090909,3.6666666666666665,2.0,3.0,1.0,2.0,6.0,,,,True,True,UNKNOWN,False,False
2021029468,2025-06-27 18:00:00,中日ドラゴンズ,広島東洋カープ,3.0,2.0,UNKNOWN,バンテリンドーム ナゴヤ,unknown,low,False,False,1900052,1000138,[],[],,,,,0,light,2025-06-27T09:00:00+00:00,,UNKNOWN,,,,UNKNOWN,UNKNOWN,,UNKNOWN,,3.6,2.4,1.8,7.2,0.0,5.2,5.0,2.0,8.0,0.0,4.0,1.0,,,,3.6,1.6,1.8,0.0,0.0,2.8000000000000003,5.0,2.0,8.0,0.0,0.0,1.0,,,,True,True,UNKNOWN,False,False
2021029470,2025-06-27 18:00:00,千葉ロッテマリーンズ,福岡ソフトバンクホークス,3.0,6.0,UNKNOWN,ZOZOマリンスタジアム,interleague,high,True,True,1700011,1600146,[],[],,,,,0,light,2025-06-27T09:00:00+00:00,,UNKNOWN,,,,UNKNOWN,UNKNOWN,,UNKNOWN,,1.2857142857142858,1.2857142857142858,6.428571428571429,3.857142857142857,0.0,3.0571428571428574,7.0,1.0,6.0,0.0,3.0,5.0,,,,1.2857142857142858,0.7142857142857143,7.714285714285714,1.2857142857142858,1.2857142857142858,3.7714285714285714,7.0,1.0,4.0,1.0,1.0,6.0,,,,True,True,UNKNOWN,False,False
2021029471,2025-06-27 18:00:00,オリックス・バファローズ,東北楽天ゴールデンイーグルス,10.0,2.0,UNKNOWN,京セラドーム大阪,unknown,low,False,False,2000121,1300058,[],[],,,,,0,light,2025-06-27T09:00:00+00:00,,UNKNOWN,,,,UNKNOWN,UNKNOWN,,UNKNOWN,,14.53846153846154,3.0,6.230769230769231,8.307692307692308,2.076923076923077,7.584615384615385,4.333333333333333,7.0,9.0,1.0,4.0,3.0,,,,2.16,1.44,4.319999999999999,2.16,0.0,2.96,8.333333333333334,2.0,10.0,0.0,2.0,4.0,,,,True,True,UNKNOWN,False,False
2021029472,2025-06-28 14:00:00,読売ジャイアンツ,横浜DeNAベイスターズ,5.0,0.0,UNKNOWN,東京ドーム,unknown,low,False,False,1460045,1961407,[],[],,,,,0,light,2025-06-28T05:00:00+00:00,,UNKNOWN,,,,UNKNOWN,UNKNOWN,,UNKNOWN,,8.4375,2.4375,8.4375,10.125,0.0,4.7,5.333333333333333,5.0,7.0,0.0,6.0,5.0,,,,0.0,0.8571428571428571,9.0,0.0,0.0,1.2000000000000002,7.0,0.0,6.0,0.0,0.0,7.0,,,,True,True,UNKNOWN,False,False
2021029473,2025-06-28 14:00:00,東京ヤクルトスワローズ,阪神タイガース,0.0,2.0,UNKNOWN,明治神宮野球場,unknown,low,False,False,1960901,1500042,[],[],,,,,0,light,2025-06-28T05:00:00+00:00,,UNKNOWN,,,,UNKNOWN,UNKNOWN,,UNKNOWN,,0.0,0.4285714285714285,9.0,0.0,0.0,1.2000000000000002,7.0,0.0,3.0,0.0,0.0,7.0,,,,3.0,1.3333333333333333,12.0,3.0,1.5,3.7,6.0,2.0,6.0,1.0,2.0,8.0,,,,True,True,UNKNOWN,False,False
2021029477,2025-06-28 14:00:00,オリックス・バファローズ,東北楽天ゴールデンイーグルス,7.0,3.0,UNKNOWN,京セラドーム大阪,unknown,low,False,False,2060039,1700109,[],[],,,,,0,light,2025-06-28T05:00:00+00:00,,UNKNOWN,,,,UNKNOWN,UNKNOWN,,UNKNOWN,,11.25,2.5,2.25,6.75,0.0,4.95,4.0,5.0,7.0,0.0,3.0,1.0,,,,5.785714285714286,1.5,5.785714285714286,3.8571428571428568,0.0,3.2,4.666666666666667,3.0,5.0,0.0,2.0,3.0,,,,True,True,UNKNOWN,False,False
2021029474,2025-06-28 14:00:00,中日ドラゴンズ,広島東洋カープ,1.0,2.0,UNKNOWN,バンテリンドーム ナゴヤ,unknown,low,False,False,1900057,500014,[],[],,,,,0,light,2025-06-28T05:00:00+00:00,,UNKNOWN,,,,UNKNOWN,UNKNOWN,,UNKNOWN,,1.8,1.8,9.0,5.4,0.0,3.0,5.0,1.0,6.0,0.0,3.0,5.0,,,,3.0,0.8333333333333334,7.5,1.5,0.0,2.033333333333333,6.0,2.0,4.0,0.0,1.0,5.0,,,,True,True,UNKNOWN,False,False
2021029475,2025-06-28 18:00:00,埼玉西武ライオンズ,北海道日本ハムファイターズ,3.0,2.0,UNKNOWN,ベルーナドーム,unknown,low,False,False,1400195,1751148,[],[],,,,,0,light,2025-06-28T09:00:00+00:00,,UNKNOWN,,,,UNKNOWN,UNKNOWN,,UNKNOWN,,0.0,0.6666666666666666,0.0,1.5,0.0,3.7,6.0,0.0,3.0,0.0,1.0,0.0,,,,2.25,0.75,11.25,1.125,2.25,4.325,8.0,2.0,5.0,2.0,1.0,10.0,,,,True,True,UNKNOWN,False,False
2021029476,2025-06-28 18:00:00,千葉ロッテマリーンズ,福岡ソフトバンクホークス,5.0,0.0,UNKNOWN,ZOZOマリンスタジアム,unknown,low,False,False,1100099,1300080,[],[],,,,,0,light,2025-06-28T09:00:00+00:00,,UNKNOWN,,,,UNKNOWN,UNKNOWN,,UNKNOWN,,6.0,1.3333333333333333,6.0,1.5,3.0,6.7,6.0,4.0,7.0,2.0,1.0,4.0,,,,0.0,1.1666666666666667,0.0,6.0,0.0,5.2,6.0,0.0,3.0,0.0,4.0,0.0,,,,True,True,UNKNOWN,False,False
2021029483,2025-06-29 13:00:00,オリックス・バファローズ,東北楽天ゴールデンイーグルス,2.0,4.0,UNKNOWN,京セラドーム大阪,unknown,low,False,False,2000123,1700118,[],[],,,,,0,light,2025-06-29T04:00:00+00:00,,UNKNOWN,,,,UNKNOWN,UNKNOWN,,UNKNOWN,,2.571428571428572,0.8571428571428571,3.857142857142857,1.2857142857142858,2.571428571428572,6.485714285714286,7.0,2.0,5.0,2.0,1.0,3.0,,,,21.6,3.0000000000000004,5.4,5.4,0.0,3.8,1.6666666666666663,4.0,4.0,0.0,1.0,1.0,,,,True,True,UNKNOWN,False,False
2021029480,2025-06-29 13:30:00,中日ドラゴンズ,広島東洋カープ,1.0,2.0,UNKNOWN,バンテリンドーム ナゴヤ,excluded,high,False,False,2110136,1200098,[],[],,,,,0,light,2025-06-29T04:30:00+00:00,,UNKNOWN,,,,UNKNOWN,UNKNOWN,,UNKNOWN,,0.0,0.6666666666666666,3.0,3.0,0.0,3.5333333333333337,6.0,0.0,2.0,0.0,2.0,2.0,,,,3.0,1.0,3.0,0.0,1.5,4.7,6.0,2.0,6.0,1.0,0.0,2.0,,,,True,True,UNKNOWN,False,False
2021029478,2025-06-29 14:00:00,読売ジャイアンツ,横浜DeNAベイスターズ,1.0,0.0,UNKNOWN,東京ドーム,climax,high,False,True,2103904,2103689,[],[],,,,,0,light,2025-06-29T05:00:00+00:00,,UNKNOWN,,,,UNKNOWN,UNKNOWN,,UNKNOWN,,1.2857142857142858,1.0,5.142857142857143,2.571428571428572,1.2857142857142858,4.771428571428571,7.0,1.0,5.0,1.0,2.0,4.0,,,,0.0,0.6,6.75,1.35,0.0,2.1500000000000004,6.666666666666667,0.0,3.0,0.0,1.0,5.0,,,,True,True,UNKNOWN,False,False
2021029479,2025-06-29 13:30:00,東京ヤクルトスワローズ,阪神タイガース,0.0,6.0,UNKNOWN,明治神宮野球場,unknown,low,False,False,2000052,2101156,[],[],,,,,0,light,2025-06-29T04:30:00+00:00,,UNKNOWN,,,,UNKNOWN,UNKNOWN,,UNKNOWN,,0.0,0.5555555555555556,5.0,3.0,0.0,3.088888888888889,9.0,0.0,2.0,0.0,3.0,5.0,,,,5.4,1.0,7.2,0.0,1.8,4.2,5.0,3.0,5.0,1.0,0.0,4.0,,,,True,True,UNKNOWN,False,False
2021029481,2025-06-29 14:00:00,埼玉西武ライオンズ,北海道日本ハムファイターズ,1.0,2.0,UNKNOWN,ベルーナドーム,unknown,low,False,False,2050307,1800081,[],[],,,,,0,light,2025-06-29T05:00:00+00:00,,UNKNOWN,,,,UNKNOWN,UNKNOWN,,UNKNOWN,,1.0,0.5555555555555556,8.0,1.0,1.0,3.2,9.0,1.0,4.0,1.0,1.0,8.0,,,,1.125,0.875,4.5,2.25,0.0,2.95,8.0,1.0,5.0,0.0,2.0,4.0,,,,True,True,UNKNOWN,False,False
2021029482,2025-06-29 17:00:00,千葉ロッテマリーンズ,福岡ソフトバンクホークス,1.0,2.0,UNKNOWN,ZOZOマリンスタジアム,unknown,low,False,False,1200106,2102758,[],[],,,,,0,light,2025-06-29T08:00:00+00:00,,UNKNOWN,,,,UNKNOWN,UNKNOWN,,UNKNOWN,,0.0,0.8333333333333334,6.0,1.5,0.0,2.3666666666666667,6.0,0.0,4.0,0.0,1.0,4.0,,,,3.0,1.3333333333333333,16.5,3.0,3.0,4.866666666666667,6.0,2.0,6.0,2.0,2.0,11.0,,,,True,True,UNKNOWN,False,False
2021029485,2025-07-01 18:00:00,阪神タイガース,読売ジャイアンツ,2.0,1.0,UNKNOWN,阪神甲子園球場,unknown,low,False,False,1850035,1600115,[],[],,,,,0,light,2025-07-01T09:00:00+00:00,,UNKNOWN,,,,UNKNOWN,UNKNOWN,,UNKNOWN,,3.0,1.1666666666666667,4.5,1.5,0.0,2.7,6.0,2.0,6.0,0.0,1.0,3.0,,,,0.0,1.2,9.0,1.8,0.0,1.8000000000000005,5.0,0.0,5.0,0.0,1.0,5.0,,,,True,True,UNKNOWN,False,False
2021029484,2025-07-01 18:00:00,横浜DeNAベイスターズ,中日ドラゴンズ,3.0,2.0,UNKNOWN,横浜スタジアム,unknown,low,False,False,2108462,1700058,[],[],,,,,0,light,2025-07-01T09:00:00+00:00,,UNKNOWN,,,,UNKNOWN,UNKNOWN,,UNKNOWN,,3.857142857142857,1.0,6.428571428571429,2.571428571428572,0.0,2.628571428571429,7.0,3.0,5.0,0.0,2.0,5.0,,,,2.571428571428572,0.4285714285714285,9.0,0.0,1.2857142857142858,3.0571428571428574,7.0,2.0,3.0,1.0,0.0,7.0,,,,True,True,UNKNOWN,False,False
2021029487,2025-07-01 18:00:00,東北楽天ゴールデンイーグルス,千葉ロッテマリーンズ,6.0,0.0,UNKNOWN,楽天モバイルパーク宮城,unknown,low,False,False,1961672,1961886,[],[],,,,,0,light,2025-07-01T09:00:00+00:00,,UNKNOWN,,,,UNKNOWN,UNKNOWN,,UNKNOWN,,5.4,2.0,7.2,3.6,0.0,2.8000000000000003,5.0,3.0,8.0,0.0,2.0,4.0,,,,0.0,0.5,9.0,1.5,0.0,1.7000000000000002,6.0,0.0,2.0,0.0,1.0,6.0,,,,True,True,UNKNOWN,False,False
2021029486,2025-07-01 18:00:00,広島東洋カープ,東京ヤクルトスワローズ,2.0,2.0,UNKNOWN,MAZDA Zoom-Zoom スタジアム広島,unknown,low,False,False,2103794,1600123,[],[],,,,,0,light,2025-07-01T09:00:00+00:00,,UNKNOWN,,,,UNKNOWN,UNKNOWN,,UNKNOWN,,2.571428571428572,1.1428571428571428,3.857142857142857,1.2857142857142858,2.571428571428572,6.485714285714286,7.0,2.0,7.0,2.0,1.0,3.0,,,,2.571428571428572,1.2857142857142858,5.142857142857143,3.857142857142857,0.0,3.342857142857143,7.0,2.0,6.0,0.0,3.0,4.0,,,,True,True,UNKNOWN,False,False
2021029489,2025-07-01 18:00:00,福岡ソフトバンクホークス,北海道日本ハムファイターズ,1.0,0.0,UNKNOWN,東京ドーム,unknown,low,False,False,1750903,1400117,[],[],,,,,0,light,2025-07-01T09:00:00+00:00,,UNKNOWN,,,,UNKNOWN,UNKNOWN,,UNKNOWN,,1.125,1.0,5.625,2.25,0.0,2.7,8.0,1.0,6.0,0.0,2.0,5.0,,,,0.0,0.7777777777777778,11.0,1.0,0.0,1.088888888888889,9.0,0.0,6.0,0.0,1.0,11.0,,,,True,True,UNKNOWN,False,False
2021029490,2025-07-02 18:00:00,横浜DeNAベイスターズ,中日ドラゴンズ,4.0,3.0,UNKNOWN,横浜スタジアム,unknown,low,False,False,2000042,2112182,[],[],,,,,0,light,2025-07-02T09:00:00+00:00,,UNKNOWN,,,,UNKNOWN,UNKNOWN,,UNKNOWN,,6.0,1.0,7.5,3.0,1.5,4.7,6.0,4.0,4.0,1.0,2.0,5.0,,,,4.5,0.8333333333333334,12.0,1.5,3.0,5.366666666666667,6.0,3.0,4.0,2.0,1.0,8.0,,,,True,True,UNKNOWN,False,False
2021029488,2025-07-01 18:30:00,埼玉西武ライオンズ,オリックス・バファローズ,0.0,3.0,UNKNOWN,沖縄セルラースタジアム那覇,unknown,low,False,False,2108177,1700125,[],[],,,,,0,light,2025-07-01T09:30:00+00:00,,UNKNOWN,,,,UNKNOWN,UNKNOWN,,UNKNOWN,,0.0,1.105263157894737,9.947368421052632,2.8421052631578947,0.0,1.936842105263158,6.333333333333333,0.0,5.0,0.0,2.0,7.0,,,,3.681818181818182,1.2272727272727273,4.909090909090909,0.0,2.4545454545454546,5.654545454545454,7.333333333333333,3.0,9.0,2.0,0.0,4.0,,,,True,True,UNKNOWN,False,False
2021029492,2025-07-02 18:00:00,広島東洋カープ,東京ヤクルトスワローズ,2.0,1.0,UNKNOWN,MAZDA Zoom-Zoom スタジアム広島,unknown,low,False,False,1900024,1300057,[],[],,,,,0,light,2025-07-02T09:00:00+00:00,,UNKNOWN,,,,UNKNOWN,UNKNOWN,,UNKNOWN,,3.0,0.8333333333333334,6.0,1.5,1.5,4.533333333333333,6.0,2.0,4.0,1.0,1.0,4.0,,,,1.125,0.75,3.375,1.125,1.125,4.45,8.0,1.0,5.0,1.0,1.0,3.0,,,,True,True,UNKNOWN,False,False
2021029491,2025-07-02 18:00:00,阪神タイガース,読売ジャイアンツ,1.0,0.0,UNKNOWN,阪神甲子園球場,unknown,low,False,False,1900019,1700137,[],[],,,,,0,light,2025-07-02T09:00:00+00:00,,UNKNOWN,,,,UNKNOWN,UNKNOWN,,UNKNOWN,,0.0,0.8571428571428571,10.285714285714286,0.0,0.0,0.9142857142857146,7.0,0.0,6.0,0.0,0.0,8.0,,,,0.0,0.875,0.0,0.0,0.0,3.2,8.0,0.0,7.0,0.0,0.0,0.0,,,,True,True,UNKNOWN,False,False
2021029493,2025-07-02 18:00:00,東北楽天ゴールデンイーグルス,千葉ロッテマリーンズ,3.0,6.0,UNKNOWN,楽天モバイルパーク宮城,unknown,low,False,False,2111821,700065,[],[],,,,,0,light,2025-07-02T09:00:00+00:00,,UNKNOWN,,,,UNKNOWN,UNKNOWN,,UNKNOWN,,4.05,1.2,5.4,2.7,1.35,4.85,6.666666666666667,3.0,6.0,1.0,2.0,4.0,,,,9.0,1.6,7.2,0.0,0.0,1.6,5.0,5.0,8.0,0.0,0.0,4.0,,,,True,True,UNKNOWN,False,False
2021029495,2025-07-02 18:00:00,福岡ソフトバンクホークス,北海道日本ハムファイターズ,2.0,1.0,UNKNOWN,みずほPayPayドーム福岡,interleague,high,True,True,1500110,1900106,[],[],,,,,0,light,2025-07-02T09:00:00+00:00,,UNKNOWN,,,,UNKNOWN,UNKNOWN,,UNKNOWN,,2.16,0.84,2.16,0.0,0.0,2.72,8.333333333333334,2.0,7.0,0.0,0.0,2.0,,,,1.2857142857142858,0.8571428571428571,11.571428571428571,1.2857142857142858,0.0,1.0571428571428574,7.0,1.0,5.0,0.0,1.0,9.0,,,,True,True,UNKNOWN,False,False
2021029494,2025-07-02 18:30:00,埼玉西武ライオンズ,オリックス・バファローズ,2.0,6.0,UNKNOWN,沖縄セルラースタジアム那覇,unknown,low,False,False,1900087,1400182,[],[],,,,,0,light,2025-07-02T09:30:00+00:00,,UNKNOWN,,,,UNKNOWN,UNKNOWN,,UNKNOWN,,2.571428571428572,1.2857142857142858,9.0,1.2857142857142858,0.0,1.6285714285714288,7.0,2.0,8.0,0.0,1.0,7.0,,,,3.6,1.2,3.6,3.6,0.0,3.6,5.0,2.0,4.0,0.0,2.0,2.0,,,,True,True,UNKNOWN,False,False
2021029496,2025-07-03 18:00:00,横浜DeNAベイスターズ,中日ドラゴンズ,8.0,5.0,UNKNOWN,横浜スタジアム,excluded,high,False,False,2100961,2100345,[],[],,,,,0,light,2025-07-03T09:00:00+00:00,,UNKNOWN,,,,UNKNOWN,UNKNOWN,,UNKNOWN,,9.0,1.4,7.2,0.0,1.8,4.2,5.0,5.0,7.0,1.0,0.0,4.0,,,,5.4,1.4,7.2,7.2,1.8,6.6,5.0,3.0,3.0,1.0,4.0,4.0,,,,True,True,UNKNOWN,False,False
2021029497,2025-07-03 18:00:00,阪神タイガース,読売ジャイアンツ,3.0,2.0,UNKNOWN,阪神甲子園球場,unknown,low,False,False,1800026,1850363,[],[],,,,,0,light,2025-07-03T09:00:00+00:00,,UNKNOWN,,,,UNKNOWN,UNKNOWN,,UNKNOWN,,3.6,1.2,3.6,0.0,0.0,2.4000000000000004,5.0,2.0,6.0,0.0,0.0,2.0,,,,3.6,2.4,1.8,5.4,0.0,4.6,5.0,2.0,9.0,0.0,3.0,1.0,,,,True,True,UNKNOWN,False,False
2021029499,2025-07-03 18:00:00,福岡ソフトバンクホークス,北海道日本ハムファイターズ,4.0,1.0,UNKNOWN,みずほPayPayドーム福岡,unknown,low,False,False,2107859,2107909,[],[],,,,,0,light,2025-07-03T09:00:00+00:00,,UNKNOWN,,,,UNKNOWN,UNKNOWN,,UNKNOWN,,6.75,2.0,4.5,2.25,2.25,6.2,4.0,3.0,7.0,1.0,1.0,2.0,,,,0.0,1.0,18.0,0.0,0.0,-0.7999999999999998,7.0,0.0,7.0,0.0,0.0,14.0,,,,True,True,UNKNOWN,False,False
2021029498,2025-07-03 18:00:00,広島東洋カープ,東京ヤクルトスワローズ,0.0,5.0,UNKNOWN,MAZDA Zoom-Zoom スタジアム広島,unknown,low,False,False,2113273,2103788,[],[],,,,,0,light,2025-07-03T09:00:00+00:00,,UNKNOWN,,,,UNKNOWN,UNKNOWN,,UNKNOWN,,0.0,1.8,5.4,3.6,0.0,3.2,5.0,0.0,7.0,0.0,2.0,3.0,,,,7.5,1.6666666666666667,7.5,3.0,1.5,4.7,6.0,5.0,8.0,1.0,2.0,5.0,,,,True,True,UNKNOWN,False,False
2021029500,2025-07-04 18:00:00,読売ジャイアンツ,広島東洋カープ,1.0,0.0,UNKNOWN,東京ドーム,unknown,low,False,False,1900052,2000006,[],[],,,,,0,light,2025-07-04T09:00:00+00:00,,UNKNOWN,,,,UNKNOWN,UNKNOWN,,UNKNOWN,,1.125,0.625,6.75,0.0,1.125,3.325,8.0,1.0,5.0,1.0,0.0,6.0,,,,0.0,0.5,11.25,1.125,0.0,1.0750000000000002,8.0,0.0,3.0,0.0,1.0,10.0,,,,True,True,UNKNOWN,False,False
2021029502,2025-07-04 18:00:00,中日ドラゴンズ,東京ヤクルトスワローズ,2.0,1.0,UNKNOWN,バンテリンドーム ナゴヤ,unknown,low,False,False,1961468,1000138,[],[],,,,,0,light,2025-07-04T09:00:00+00:00,,UNKNOWN,,,,UNKNOWN,UNKNOWN,,UNKNOWN,,3.6,1.2,7.2,1.8,0.0,2.2,5.0,2.0,5.0,0.0,1.0,4.0,,,,1.0799999999999998,0.84,2.16,2.16,0.0,3.4400000000000004,8.333333333333334,1.0,5.0,0.0,2.0,2.0,,,,True,True,UNKNOWN,False,False
2021029501,2025-07-04 18:00:00,横浜DeNAベイスターズ,阪神タイガース,1.0,7.0,UNKNOWN,横浜スタジアム,unknown,low,False,False,2000055,1961374,[],[],,,,,0,light,2025-07-04T09:00:00+00:00,,UNKNOWN,,,,UNKNOWN,UNKNOWN,,UNKNOWN,,1.2857142857142858,1.0,5.142857142857143,2.571428571428572,0.0,2.9142857142857146,7.0,1.0,5.0,0.0,2.0,4.0,,,,0.0,0.7142857142857143,2.571428571428572,3.857142857142857,0.0,3.9142857142857146,7.0,0.0,2.0,0.0,3.0,2.0,,,,True,True,UNKNOWN,False,False
2021029504,2025-07-04 18:00:00,オリックス・バファローズ,千葉ロッテマリーンズ,8.0,6.0,UNKNOWN,ほっともっとフィールド神戸,unknown,low,False,False,1600146,1750595,[],[],,,,,0,light,2025-07-04T09:00:00+00:00,,UNKNOWN,,,,UNKNOWN,UNKNOWN,,UNKNOWN,,9.0,2.0,5.4,3.6,5.4,11.0,5.0,5.0,8.0,3.0,2.0,3.0,,,,6.0,1.1666666666666667,7.5,0.0,0.0,1.5333333333333334,6.0,4.0,7.0,0.0,0.0,5.0,,,,True,True,UNKNOWN,False,False
2021029503,2025-07-04 18:00:00,北海道日本ハムファイターズ,東北楽天ゴールデンイーグルス,7.0,1.0,UNKNOWN,エスコンフィールドHOKKAIDO,unknown,low,False,False,2000121,2000079,[],[],,,,,0,light,2025-07-04T09:00:00+00:00,,UNKNOWN,,,,UNKNOWN,UNKNOWN,,UNKNOWN,,18.0,2.333333333333333,6.0,3.0,3.0,7.2,3.0,6.0,6.0,1.0,1.0,2.0,,,,1.8,1.6,12.6,3.6,0.0,1.6,5.0,1.0,6.0,0.0,2.0,7.0,,,,True,True,UNKNOWN,False,False
2021029505,2025-07-04 18:00:00,福岡ソフトバンクホークス,埼玉西武ライオンズ,0.0,1.0,UNKNOWN,みずほPayPayドーム福岡,unknown,low,False,False,2105080,1700011,[],[],,,,,0,light,2025-07-04T09:00:00+00:00,,UNKNOWN,,,,UNKNOWN,UNKNOWN,,UNKNOWN,,0.0,0.5714285714285714,10.285714285714286,0.0,0.0,0.9142857142857146,7.0,0.0,4.0,0.0,0.0,8.0,,,,1.125,1.25,7.875,2.25,0.0,2.2,8.0,1.0,8.0,0.0,2.0,7.0,,,,True,True,UNKNOWN,False,False
2021029508,2025-07-05 14:00:00,中日ドラゴンズ,東京ヤクルトスワローズ,4.0,6.0,UNKNOWN,バンテリンドーム ナゴヤ,unknown,low,False,False,1500042,500014,[],[],,,,,0,light,2025-07-05T05:00:00+00:00,,UNKNOWN,,,,UNKNOWN,UNKNOWN,,UNKNOWN,,6.75,2.25,4.5,4.5,0.0,3.7,4.0,3.0,7.0,0.0,2.0,2.0,,,,2.25,1.75,4.5,6.75,0.0,4.45,4.0,1.0,4.0,0.0,3.0,2.0,,,,True,True,UNKNOWN,False,False
2021029507,2025-07-05 18:00:00,横浜DeNAベイスターズ,阪神タイガース,0.0,3.0,UNKNOWN,横浜スタジアム,unknown,low,False,False,1960901,1800045,[],[],,,,,0,light,2025-07-05T09:00:00+00:00,,UNKNOWN,,,,UNKNOWN,UNKNOWN,,UNKNOWN,,0.0,0.3333333333333333,9.0,0.0,0.0,1.2000000000000002,9.0,0.0,3.0,0.0,0.0,9.0,,,,4.5,2.0,6.0,3.0,0.0,2.8666666666666667,6.0,3.0,10.0,0.0,2.0,4.0,,,,True,True,UNKNOWN,False,False
2021029509,2025-07-05 14:00:00,北海道日本ハムファイターズ,東北楽天ゴールデンイーグルス,12.0,1.0,UNKNOWN,エスコンフィールドHOKKAIDO,unknown,low,False,False,1900117,2111822,[],[],,,,,0,light,2025-07-05T05:00:00+00:00,,UNKNOWN,,,,UNKNOWN,UNKNOWN,,UNKNOWN,,13.5,3.3,10.8,5.4,5.4,10.4,3.333333333333333,5.0,9.0,2.0,2.0,4.0,,,,1.4210526315789471,1.2631578947368425,12.789473684210527,8.526315789473685,0.0,3.2,6.333333333333333,1.0,2.0,0.0,6.0,9.0,,,,True,True,UNKNOWN,False,False
2021029506,2025-07-05 18:00:00,読売ジャイアンツ,広島東洋カープ,0.0,0.0,UNKNOWN,東京ドーム,unknown,low,False,False,1900057,1961407,[],[],,,,,0,light,2025-07-05T09:00:00+00:00,,UNKNOWN,,,,UNKNOWN,UNKNOWN,,UNKNOWN,,0.0,0.5,7.5,0.0,0.0,1.5333333333333334,6.0,0.0,3.0,0.0,0.0,5.0,,,,0.0,1.1428571428571428,5.142857142857143,3.857142857142857,0.0,3.342857142857143,7.0,0.0,5.0,0.0,3.0,4.0,,,,True,True,UNKNOWN,False,False
2021029510,2025-07-05 18:00:00,オリックス・バファローズ,千葉ロッテマリーンズ,2.0,8.0,UNKNOWN,ほっともっとフィールド神戸,unknown,low,False,False,2101268,1700109,[],[],,,,,0,light,2025-07-05T09:00:00+00:00,,UNKNOWN,,,,UNKNOWN,UNKNOWN,,UNKNOWN,,3.6,1.0,9.0,3.6,1.8,5.0,5.0,2.0,3.0,1.0,2.0,5.0,,,,15.0,3.0,3.0,0.0,6.0,11.2,3.0,5.0,9.0,2.0,0.0,1.0,,,,True,True,UNKNOWN,False,False
2021029515,2025-07-06 13:00:00,北海道日本ハムファイターズ,東北楽天ゴールデンイーグルス,8.0,6.0,UNKNOWN,エスコンフィールドHOKKAIDO,unknown,low,False,False,2000123,2050307,[],[],,,,,0,light,2025-07-06T04:00:00+00:00,,UNKNOWN,,,,UNKNOWN,UNKNOWN,,UNKNOWN,,40.5,6.0,0.0,13.5,6.75,17.45,1.3333333333333333,6.0,6.0,1.0,2.0,0.0,,,,5.4,2.0,7.2,0.0,0.0,1.6,5.0,3.0,10.0,0.0,0.0,4.0,,,,True,True,UNKNOWN,False,False
2021029511,2025-07-05 18:00:00,福岡ソフトバンクホークス,埼玉西武ライオンズ,4.0,3.0,UNKNOWN,みずほPayPayドーム福岡,unknown,low,False,False,1600127,1100099,[],[],,,,,0,light,2025-07-05T09:00:00+00:00,,UNKNOWN,,,,UNKNOWN,UNKNOWN,,UNKNOWN,,5.4,1.8,10.8,1.8,0.0,1.4,5.0,3.0,8.0,0.0,1.0,6.0,,,,4.5,1.3333333333333333,6.0,4.5,1.5,5.533333333333333,6.0,3.0,5.0,1.0,3.0,4.0,,,,True,True,UNKNOWN,False,False
2021029517,2025-07-06 13:00:00,福岡ソフトバンクホークス,埼玉西武ライオンズ,3.0,1.0,UNKNOWN,みずほPayPayドーム福岡,unknown,low,False,False,1751148,1200106,[],[],,,,,0,light,2025-07-06T04:00:00+00:00,,UNKNOWN,,,,UNKNOWN,UNKNOWN,,UNKNOWN,,4.05,1.35,9.45,2.7,1.35,3.95,6.666666666666667,3.0,7.0,1.0,2.0,7.0,,,,1.2857142857142858,0.5714285714285714,5.142857142857143,1.2857142857142858,1.2857142857142858,4.342857142857143,7.0,1.0,3.0,1.0,1.0,4.0,,,,True,True,UNKNOWN,False,False
2021029512,2025-07-06 14:00:00,読売ジャイアンツ,広島東洋カープ,2.0,3.0,UNKNOWN,東京ドーム,unknown,low,False,False,2110136,2103689,[],[],,,,,0,light,2025-07-06T05:00:00+00:00,,UNKNOWN,,,,UNKNOWN,UNKNOWN,,UNKNOWN,,1.8,1.2,5.4,0.0,0.0,2.0,5.0,1.0,6.0,0.0,0.0,3.0,,,,1.1739130434782608,0.5217391304347826,7.0434782608695645,2.347826086956521,1.1739130434782608,4.113043478260869,7.666666666666667,1.0,2.0,1.0,2.0,6.0,,,,True,True,UNKNOWN,False,False
2021029516,2025-07-06 14:00:00,オリックス・バファローズ,千葉ロッテマリーンズ,4.0,1.0,UNKNOWN,京セラドーム大阪,unknown,low,False,False,1800052,1300058,[],[],,,,,0,light,2025-07-06T05:00:00+00:00,,UNKNOWN,,,,UNKNOWN,UNKNOWN,,UNKNOWN,,3.8571428571428568,1.9285714285714284,7.7142857142857135,9.642857142857142,0.0,4.7,4.666666666666667,2.0,4.0,0.0,5.0,4.0,,,,1.2857142857142858,1.5714285714285714,5.142857142857143,2.571428571428572,1.2857142857142858,4.771428571428571,7.0,1.0,9.0,1.0,2.0,4.0,,,,True,True,UNKNOWN,False,False
2021029513,2025-07-06 18:00:00,横浜DeNAベイスターズ,阪神タイガース,1.0,5.0,UNKNOWN,横浜スタジアム,unknown,low,False,False,2000052,2103904,[],[],,,,,0,light,2025-07-06T09:00:00+00:00,,UNKNOWN,,,,UNKNOWN,UNKNOWN,,UNKNOWN,,1.2857142857142858,0.7142857142857143,6.428571428571429,0.0,1.2857142857142858,3.628571428571429,7.0,1.0,5.0,1.0,0.0,5.0,,,,7.2,1.2,7.2,1.8,3.6,7.4,5.0,4.0,5.0,2.0,1.0,4.0,,,,True,True,UNKNOWN,False,False
2021029514,2025-07-06 13:30:00,中日ドラゴンズ,東京ヤクルトスワローズ,4.0,5.0,UNKNOWN,バンテリンドーム ナゴヤ,unknown,low,False,False,2101156,1200098,[],[],,,,,0,light,2025-07-06T04:30:00+00:00,,UNKNOWN,,,,UNKNOWN,UNKNOWN,,UNKNOWN,,7.2,2.0,5.4,9.0,0.0,5.0,5.0,4.0,5.0,0.0,5.0,3.0,,,,7.5,2.1666666666666665,3.0,4.5,0.0,4.033333333333333,6.0,5.0,10.0,0.0,3.0,2.0,,,,True,True,UNKNOWN,False,False
2021029518,2025-07-08 18:00:00,読売ジャイアンツ,中日ドラゴンズ,5.0,4.0,UNKNOWN,ヤマリョースタジアム山形,unknown,low,False,False,2108462,1850035,[],[],,,,,0,light,2025-07-08T09:00:00+00:00,,UNKNOWN,,,,UNKNOWN,UNKNOWN,,UNKNOWN,,2.571428571428572,1.1428571428571428,5.142857142857143,3.857142857142857,1.2857142857142858,5.2,7.0,2.0,5.0,1.0,3.0,4.0,,,,3.6,0.8,7.2,0.0,3.6,6.800000000000001,5.0,2.0,4.0,2.0,0.0,4.0,,,,True,True,UNKNOWN,False,False
2021029521,2025-07-08 18:00:00,埼玉西武ライオンズ,東北楽天ゴールデンイーグルス,2.0,7.0,UNKNOWN,ベルーナドーム,unknown,low,False,False,2060039,1800081,[],[],,,,,0,light,2025-07-08T09:00:00+00:00,,UNKNOWN,,,,UNKNOWN,UNKNOWN,,UNKNOWN,,1.2857142857142858,0.7142857142857143,3.857142857142857,2.571428571428572,1.2857142857142858,5.057142857142857,7.0,1.0,3.0,1.0,2.0,3.0,,,,4.5,3.0,13.5,9.0,0.0,3.2,2.0,1.0,4.0,0.0,2.0,3.0,,,,True,True,UNKNOWN,False,False
2021029520,2025-07-08 18:00:00,広島東洋カープ,阪神タイガース,1.0,6.0,UNKNOWN,MAZDA Zoom-Zoom スタジアム広島,unknown,low,False,False,1600115,1600123,[],[],,,,,0,light,2025-07-08T09:00:00+00:00,,UNKNOWN,,,,UNKNOWN,UNKNOWN,,UNKNOWN,,1.8,2.0,3.6,7.2,0.0,4.800000000000001,5.0,1.0,6.0,0.0,4.0,2.0,,,,6.75,2.0,4.5,9.0,0.0,5.2,4.0,3.0,4.0,0.0,4.0,2.0,,,,True,True,UNKNOWN,False,False
2021029519,2025-07-08 18:00:00,東京ヤクルトスワローズ,横浜DeNAベイスターズ,0.0,4.0,UNKNOWN,明治神宮野球場,unknown,low,False,False,1700058,2103794,[],[],,,,,0,light,2025-07-08T09:00:00+00:00,,UNKNOWN,,,,UNKNOWN,UNKNOWN,,UNKNOWN,,0.0,0.5714285714285714,2.571428571428572,0.0,0.0,2.628571428571429,7.0,0.0,4.0,0.0,0.0,2.0,,,,5.4,1.4,5.4,1.8,0.0,2.6,5.0,3.0,6.0,0.0,1.0,3.0,,,,True,True,UNKNOWN,False,False
2021029522,2025-07-08 18:00:00,千葉ロッテマリーンズ,北海道日本ハムファイターズ,4.0,5.0,UNKNOWN,ZOZOマリンスタジアム,unknown,low,False,False,1750903,1961672,[],[],,,,,0,light,2025-07-08T09:00:00+00:00,,UNKNOWN,,,,UNKNOWN,UNKNOWN,,UNKNOWN,,4.764705882352941,1.2352941176470589,7.941176470588235,0.0,1.588235294117647,3.7294117647058815,5.666666666666667,3.0,7.0,1.0,0.0,5.0,,,,7.2,1.6,9.0,1.8,0.0,1.8000000000000005,5.0,4.0,7.0,0.0,1.0,5.0,,,,True,True,UNKNOWN,False,False
2021029524,2025-07-09 18:00:00,読売ジャイアンツ,中日ドラゴンズ,2.0,3.0,UNKNOWN,福島県営あづま球場,unknown,low,False,False,2000042,1900019,[],[],,,,,0,light,2025-07-09T09:00:00+00:00,,UNKNOWN,,,,UNKNOWN,UNKNOWN,,UNKNOWN,,1.8,1.8,10.8,7.2,1.8,5.800000000000001,5.0,1.0,5.0,1.0,4.0,6.0,,,,0.0,0.4499999999999999,5.4,0.0,0.0,2.0,6.666666666666667,0.0,3.0,0.0,0.0,4.0,,,,True,True,UNKNOWN,False,False
2021029523,2025-07-08 18:00:00,オリックス・バファローズ,福岡ソフトバンクホークス,1.0,9.0,UNKNOWN,京セラドーム大阪,unknown,low,False,False,1400117,2108177,[],[],,,,,0,light,2025-07-08T09:00:00+00:00,,UNKNOWN,,,,UNKNOWN,UNKNOWN,,UNKNOWN,,1.2857142857142858,1.1428571428571428,1.2857142857142858,1.2857142857142858,1.2857142857142858,5.2,7.0,1.0,7.0,1.0,1.0,1.0,,,,14.4,2.2,5.4,7.2,1.8,7.0,5.0,8.0,7.0,1.0,4.0,3.0,,,,True,True,UNKNOWN,False,False
2021029525,2025-07-09 18:00:00,東京ヤクルトスワローズ,横浜DeNAベイスターズ,4.0,4.0,UNKNOWN,明治神宮野球場,unknown,low,False,False,1460045,1900024,[],[],,,,,0,light,2025-07-09T09:00:00+00:00,,UNKNOWN,,,,UNKNOWN,UNKNOWN,,UNKNOWN,,3.0,1.0,6.0,1.5,0.0,2.3666666666666667,6.0,2.0,5.0,0.0,1.0,4.0,,,,5.4,1.5,4.05,1.35,0.0,2.75,6.666666666666667,4.0,9.0,0.0,1.0,3.0,,,,True,True,UNKNOWN,False,False
2021029526,2025-07-09 18:00:00,広島東洋カープ,阪神タイガース,1.0,3.0,UNKNOWN,MAZDA Zoom-Zoom スタジアム広島,unknown,low,False,False,1700137,1300057,[],[],,,,,0,light,2025-07-09T09:00:00+00:00,,UNKNOWN,,,,UNKNOWN,UNKNOWN,,UNKNOWN,,1.588235294117647,1.2352941176470589,1.588235294117647,1.588235294117647,0.0,3.376470588235294,5.666666666666667,1.0,6.0,0.0,1.0,1.0,,,,4.2631578947368425,1.736842105263158,5.684210526315789,2.8421052631578947,1.4210526315789471,4.936842105263159,6.333333333333333,3.0,9.0,1.0,2.0,4.0,,,,True,True,UNKNOWN,False,False
2021029527,2025-07-09 18:00:00,埼玉西武ライオンズ,東北楽天ゴールデンイーグルス,0.0,2.0,UNKNOWN,ベルーナドーム,unknown,low,False,False,1300092,2103657,[],[],,,,,0,light,2025-07-09T09:00:00+00:00,,UNKNOWN,,,,UNKNOWN,UNKNOWN,,UNKNOWN,,0.0,1.5,4.5,4.5,0.0,3.7,2.0,0.0,2.0,0.0,1.0,1.0,,,,3.176470588235294,1.0588235294117647,7.941176470588235,3.176470588235294,0.0,2.494117647058824,5.666666666666667,2.0,4.0,0.0,2.0,5.0,,,,True,True,UNKNOWN,False,False
2021029529,2025-07-09 18:00:00,オリックス・バファローズ,福岡ソフトバンクホークス,0.0,1.0,UNKNOWN,京セラドーム大阪,unknown,low,False,False,1900106,1900087,[],[],,,,,0,light,2025-07-09T09:00:00+00:00,,UNKNOWN,,,,UNKNOWN,UNKNOWN,,UNKNOWN,,0.0,0.8571428571428571,5.142857142857143,1.2857142857142858,0.0,2.4857142857142858,7.0,0.0,5.0,0.0,1.0,4.0,,,,1.125,0.5,12.375,1.125,0.0,0.8250000000000002,8.0,1.0,3.0,0.0,1.0,11.0,,,,True,True,UNKNOWN,False,False
2021029528,2025-07-09 18:00:00,千葉ロッテマリーンズ,北海道日本ハムファイターズ,1.0,13.0,UNKNOWN,ZOZOマリンスタジアム,unknown,low,False,False,1400195,1300080,[],[],,,,,0,light,2025-07-09T09:00:00+00:00,,UNKNOWN,,,,UNKNOWN,UNKNOWN,,UNKNOWN,,1.0,0.8888888888888888,6.0,0.0,1.0,3.311111111111112,9.0,1.0,8.0,1.0,0.0,6.0,,,,14.4,2.6,3.6,7.2,3.6,10.0,5.0,8.0,9.0,2.0,4.0,2.0,,,,True,True,UNKNOWN,False,False
2021029531,2025-07-10 18:00:00,埼玉西武ライオンズ,東北楽天ゴールデンイーグルス,5.0,1.0,UNKNOWN,ベルーナドーム,unknown,low,False,False,700065,1400182,[],[],,,,,0,light,2025-07-10T09:00:00+00:00,,UNKNOWN,,,,UNKNOWN,UNKNOWN,,UNKNOWN,,5.684210526315789,1.5789473684210529,2.8421052631578947,1.4210526315789471,1.4210526315789471,5.094736842105263,6.333333333333333,4.0,9.0,1.0,1.0,2.0,,,,1.2857142857142858,0.7142857142857143,9.0,2.571428571428572,0.0,2.0571428571428574,7.0,1.0,3.0,0.0,2.0,7.0,,,,True,True,UNKNOWN,False,False
2021029530,2025-07-10 18:00:00,広島東洋カープ,阪神タイガース,3.0,6.0,UNKNOWN,MAZDA Zoom-Zoom スタジアム広島,unknown,low,False,False,1850363,2103788,[],[],,,,,0,light,2025-07-10T09:00:00+00:00,,UNKNOWN,,,,UNKNOWN,UNKNOWN,,UNKNOWN,,4.764705882352941,0.8823529411764706,9.529411764705882,3.176470588235294,0.0,2.141176470588236,5.666666666666667,3.0,3.0,0.0,2.0,6.0,,,,1.5,1.0,7.5,0.0,1.5,3.7,6.0,1.0,6.0,1.0,0.0,5.0,,,,True,True,UNKNOWN,False,False
2021029532,2025-07-10 18:00:00,オリックス・バファローズ,福岡ソフトバンクホークス,4.0,0.0,UNKNOWN,京セラドーム大阪,excluded,high,False,False,2107909,1700118,[],[],,,,,0,light,2025-07-10T09:00:00+00:00,,UNKNOWN,,,,UNKNOWN,UNKNOWN,,UNKNOWN,,6.75,2.0625,6.75,3.375,1.6875,5.2625,5.333333333333333,4.0,9.0,1.0,2.0,4.0,,,,0.0,1.2,3.6,7.2,0.0,4.800000000000001,5.0,0.0,2.0,0.0,4.0,2.0,,,,True,True,UNKNOWN,False,False
2021029533,2025-07-11 18:00:00,横浜DeNAベイスターズ,読売ジャイアンツ,1.0,2.0,UNKNOWN,横浜スタジアム,unknown,low,False,False,2000006,1961374,[],[],,,,,0,light,2025-07-11T09:00:00+00:00,,UNKNOWN,,,,UNKNOWN,UNKNOWN,,UNKNOWN,,1.2857142857142858,1.0,2.571428571428572,2.571428571428572,1.2857142857142858,5.342857142857143,7.0,1.0,5.0,1.0,2.0,2.0,,,,1.1739130434782608,0.7826086956521738,7.0434782608695645,3.5217391304347823,0.0,2.8086956521739133,7.666666666666667,1.0,3.0,0.0,3.0,6.0,,,,True,True,UNKNOWN,False,False
2021029534,2025-07-11 18:00:00,中日ドラゴンズ,広島東洋カープ,2.0,1.0,UNKNOWN,バンテリンドーム ナゴヤ,unknown,low,False,False,1900052,2100961,[],[],,,,,0,light,2025-07-11T09:00:00+00:00,,UNKNOWN,,,,UNKNOWN,UNKNOWN,,UNKNOWN,,2.571428571428572,1.5714285714285714,2.571428571428572,3.857142857142857,1.2857142857142858,5.771428571428572,7.0,2.0,8.0,1.0,3.0,2.0,,,,1.35,1.2,6.75,4.05,0.0,3.0500000000000003,6.666666666666667,1.0,5.0,0.0,3.0,5.0,,,,True,True,UNKNOWN,False,False
2021029536,2025-07-11 18:00:00,北海道日本ハムファイターズ,オリックス・バファローズ,0.0,6.0,UNKNOWN,エスコンフィールドHOKKAIDO,unknown,low,False,False,1750595,2000079,[],[],,,,,0,light,2025-07-11T09:00:00+00:00,,UNKNOWN,,,,UNKNOWN,UNKNOWN,,UNKNOWN,,0.0,0.875,11.25,1.125,0.0,1.0750000000000002,8.0,0.0,6.0,0.0,1.0,10.0,,,,9.0,2.1666666666666665,4.5,1.5,1.5,4.866666666666667,6.0,6.0,12.0,1.0,1.0,3.0,,,,True,True,UNKNOWN,False,False
2021029537,2025-07-11 18:00:00,東北楽天ゴールデンイーグルス,福岡ソフトバンクホークス,3.0,0.0,UNKNOWN,楽天モバイルパーク宮城,unknown,low,False,False,1700011,2110316,[],[],,,,,0,light,2025-07-11T09:00:00+00:00,,UNKNOWN,,,,UNKNOWN,UNKNOWN,,UNKNOWN,,3.6,1.2,14.4,5.4,0.0,1.8000000000000005,5.0,2.0,3.0,0.0,3.0,8.0,,,,0.0,0.8,1.8,0.0,0.0,2.8000000000000003,5.0,0.0,4.0,0.0,0.0,1.0,,,,True,True,UNKNOWN,False,False
2021029535,2025-07-11 18:00:00,阪神タイガース,東京ヤクルトスワローズ,3.0,6.0,UNKNOWN,阪神甲子園球場,unknown,low,False,False,1961468,2000055,[],[],,,,,0,light,2025-07-11T09:00:00+00:00,,UNKNOWN,,,,UNKNOWN,UNKNOWN,,UNKNOWN,,5.4,2.2,9.0,9.0,0.0,4.2,5.0,3.0,6.0,0.0,5.0,5.0,,,,27.0,4.0,9.0,0.0,4.5,7.7,2.0,6.0,8.0,1.0,0.0,2.0,,,,True,True,UNKNOWN,False,False
2021029540,2025-07-12 14:00:00,中日ドラゴンズ,広島東洋カープ,7.0,1.0,UNKNOWN,バンテリンドーム ナゴヤ,unknown,low,False,False,1900057,1000138,[],[],,,,,0,light,2025-07-12T05:00:00+00:00,,UNKNOWN,,,,UNKNOWN,UNKNOWN,,UNKNOWN,,9.0,1.6,7.2,0.0,0.0,1.6,5.0,5.0,8.0,0.0,0.0,4.0,,,,1.0,0.7777777777777778,1.0,3.0,0.0,3.977777777777778,9.0,1.0,4.0,0.0,3.0,1.0,,,,True,True,UNKNOWN,False,False
2021029542,2025-07-12 14:00:00,北海道日本ハムファイターズ,オリックス・バファローズ,7.0,3.0,UNKNOWN,エスコンフィールドHOKKAIDO,unknown,low,False,False,1300058,1500110,[],[],,,,,0,light,2025-07-12T05:00:00+00:00,,UNKNOWN,,,,UNKNOWN,UNKNOWN,,UNKNOWN,,4.5,1.75,2.25,0.0,0.0,2.7,4.0,2.0,7.0,0.0,0.0,1.0,,,,5.4,1.8,9.0,1.8,1.8,4.4,5.0,3.0,8.0,1.0,1.0,5.0,,,,True,True,UNKNOWN,False,False
2021029538,2025-07-11 18:00:00,千葉ロッテマリーンズ,埼玉西武ライオンズ,2.0,2.0,UNKNOWN,ZOZOマリンスタジアム,unknown,low,False,False,2105080,2102758,[],[],,,,,0,light,2025-07-11T09:00:00+00:00,,UNKNOWN,,,,UNKNOWN,UNKNOWN,,UNKNOWN,,3.6,1.4,12.6,1.8,0.0,1.0,5.0,2.0,6.0,0.0,1.0,7.0,,,,1.5,1.1666666666666667,3.0,6.0,0.0,4.533333333333333,6.0,1.0,3.0,0.0,4.0,2.0,,,,True,True,UNKNOWN,False,False
2021029543,2025-07-12 16:00:00,東北楽天ゴールデンイーグルス,福岡ソフトバンクホークス,7.0,0.0,UNKNOWN,楽天モバイルパーク宮城,unknown,low,False,False,1100099,1900117,[],[],,,,,0,light,2025-07-12T07:00:00+00:00,,UNKNOWN,,,,UNKNOWN,UNKNOWN,,UNKNOWN,,3.176470588235294,1.588235294117647,1.588235294117647,0.0,0.0,2.847058823529412,5.666666666666667,2.0,9.0,0.0,0.0,1.0,,,,0.0,0.4444444444444444,2.0,0.0,0.0,2.7555555555555555,9.0,0.0,4.0,0.0,0.0,2.0,,,,True,True,UNKNOWN,False,False
2021029541,2025-07-12 18:00:00,阪神タイガース,東京ヤクルトスワローズ,5.0,2.0,UNKNOWN,阪神甲子園球場,unknown,low,False,False,12113,1960901,[],[],,,,,0,light,2025-07-12T09:00:00+00:00,,UNKNOWN,,,,UNKNOWN,UNKNOWN,,UNKNOWN,,9.0,2.0,9.0,3.0,0.0,2.2,3.0,3.0,5.0,0.0,1.0,3.0,,,,2.571428571428572,1.1428571428571428,12.857142857142858,3.857142857142857,0.0,1.6285714285714288,7.0,2.0,5.0,0.0,3.0,10.0,,,,True,True,UNKNOWN,False,False
2021029539,2025-07-12 18:00:00,横浜DeNAベイスターズ,読売ジャイアンツ,0.0,3.0,UNKNOWN,横浜スタジアム,unknown,low,False,False,1961407,1800045,[],[],,,,,0,light,2025-07-12T09:00:00+00:00,,UNKNOWN,,,,UNKNOWN,UNKNOWN,,UNKNOWN,,0.0,0.6666666666666666,4.5,0.0,0.0,2.2,6.0,0.0,4.0,0.0,0.0,3.0,,,,4.5,1.6666666666666667,7.5,1.5,0.0,2.033333333333333,6.0,3.0,9.0,0.0,1.0,5.0,,,,True,True,UNKNOWN,False,False
2021029548,2025-07-13 13:00:00,北海道日本ハムファイターズ,オリックス・バファローズ,4.0,0.0,UNKNOWN,エスコンフィールドHOKKAIDO,unknown,low,False,False,1851026,2100027,[],[],,,,,0,light,2025-07-13T04:00:00+00:00,,UNKNOWN,,,,UNKNOWN,UNKNOWN,,UNKNOWN,,7.7142857142857135,2.357142857142857,5.785714285714286,3.8571428571428568,3.8571428571428568,8.771428571428572,4.666666666666667,4.0,9.0,2.0,2.0,3.0,,,,0.0,1.4,3.6,5.4,0.0,4.2,5.0,0.0,4.0,0.0,3.0,2.0,,,,True,True,UNKNOWN,False,False
2021029549,2025-07-13 13:00:00,東北楽天ゴールデンイーグルス,福岡ソフトバンクホークス,3.0,5.0,UNKNOWN,楽天モバイルパーク宮城,excluded,high,False,False,2104078,2000126,[],[],,,,,0,light,2025-07-13T04:00:00+00:00,,UNKNOWN,,,,UNKNOWN,UNKNOWN,,UNKNOWN,,0.0,0.8333333333333334,3.0,1.5,0.0,3.0333333333333337,6.0,0.0,4.0,0.0,1.0,2.0,,,,9.0,2.5,4.5,4.5,0.0,3.7,4.0,4.0,8.0,0.0,2.0,2.0,,,,True,True,UNKNOWN,False,False
2021029544,2025-07-12 18:00:00,千葉ロッテマリーンズ,埼玉西武ライオンズ,1.0,5.0,UNKNOWN,ZOZOマリンスタジアム,unknown,low,False,False,1700125,1600146,[],[],,,,,0,light,2025-07-12T09:00:00+00:00,,UNKNOWN,,,,UNKNOWN,UNKNOWN,,UNKNOWN,,1.125,0.75,2.25,1.125,0.0,3.075,8.0,1.0,5.0,0.0,1.0,2.0,,,,6.136363636363637,1.2272727272727273,11.045454545454549,3.681818181818182,0.0,1.9727272727272729,7.333333333333333,5.0,6.0,0.0,3.0,9.0,,,,True,True,UNKNOWN,False,False
2021029546,2025-07-13 13:30:00,中日ドラゴンズ,広島東洋カープ,3.0,2.0,UNKNOWN,バンテリンドーム ナゴヤ,unknown,low,False,False,2110136,1200098,[],[],,,,,0,light,2025-07-13T04:30:00+00:00,,UNKNOWN,,,,UNKNOWN,UNKNOWN,,UNKNOWN,,4.5,1.75,6.75,9.0,0.0,4.7,4.0,2.0,3.0,0.0,4.0,3.0,,,,2.571428571428572,1.5714285714285714,5.142857142857143,1.2857142857142858,0.0,2.4857142857142858,7.0,2.0,10.0,0.0,1.0,4.0,,,,True,True,UNKNOWN,False,False
2021029550,2025-07-13 17:00:00,千葉ロッテマリーンズ,埼玉西武ライオンズ,5.0,1.0,UNKNOWN,ZOZOマリンスタジアム,unknown,low,False,False,2106794,1800052,[],[],,,,,0,light,2025-07-13T08:00:00+00:00,,UNKNOWN,,,,UNKNOWN,UNKNOWN,,UNKNOWN,,6.230769230769231,1.3846153846153848,2.076923076923077,0.0,0.0,2.7384615384615385,4.333333333333333,3.0,6.0,0.0,0.0,1.0,,,,1.2857142857142858,0.7142857142857143,5.142857142857143,3.857142857142857,1.2857142857142858,5.2,7.0,1.0,2.0,1.0,3.0,4.0,,,,True,True,UNKNOWN,False,False
2021029551,2025-07-14 18:00:00,埼玉西武ライオンズ,北海道日本ハムファイターズ,1.0,2.0,UNKNOWN,東京ドーム,unknown,low,False,False,2050307,1751148,[],[],,,,,0,light,2025-07-14T09:00:00+00:00,,UNKNOWN,,,,UNKNOWN,UNKNOWN,,UNKNOWN,,1.0,0.4444444444444444,6.0,2.0,1.0,3.977777777777778,9.0,1.0,2.0,1.0,2.0,6.0,,,,2.571428571428572,1.0,7.714285714285714,3.857142857142857,1.2857142857142858,4.628571428571429,7.0,2.0,4.0,1.0,3.0,6.0,,,,True,True,UNKNOWN,False,False
2021029547,2025-07-13 18:00:00,阪神タイガース,東京ヤクルトスワローズ,2.0,1.0,UNKNOWN,阪神甲子園球場,unknown,low,False,False,2101156,2000052,[],[],,,,,0,light,2025-07-13T09:00:00+00:00,,UNKNOWN,,,,UNKNOWN,UNKNOWN,,UNKNOWN,,3.0,1.5,9.0,3.0,1.5,4.366666666666667,6.0,2.0,7.0,1.0,2.0,6.0,,,,0.0,0.5714285714285714,6.428571428571429,1.2857142857142858,0.0,2.2,7.0,0.0,3.0,0.0,1.0,5.0,,,,True,True,UNKNOWN,False,False
2021029554,2025-07-15 18:00:00,広島東洋カープ,横浜DeNAベイスターズ,0.0,1.0,UNKNOWN,MAZDA Zoom-Zoom スタジアム広島,unknown,low,False,False,1700058,1600123,[],[],,,,,0,light,2025-07-15T09:00:00+00:00,,UNKNOWN,,,,UNKNOWN,UNKNOWN,,UNKNOWN,,0.0,0.375,6.75,0.0,0.0,1.7000000000000002,8.0,0.0,3.0,0.0,0.0,6.0,,,,1.125,0.875,3.375,3.375,1.125,5.2,8.0,1.0,4.0,1.0,3.0,3.0,,,,True,True,UNKNOWN,False,False
2021029545,2025-07-13 18:00:00,横浜DeNAベイスターズ,読売ジャイアンツ,4.0,3.0,UNKNOWN,横浜スタジアム,unknown,low,False,False,2103689,2103904,[],[],,,,,0,light,2025-07-13T09:00:00+00:00,,UNKNOWN,,,,UNKNOWN,UNKNOWN,,UNKNOWN,,9.0,1.6666666666666667,3.0,0.0,3.0,6.866666666666667,3.0,3.0,5.0,1.0,0.0,1.0,,,,4.5,1.6666666666666667,7.5,7.5,0.0,4.033333333333333,6.0,3.0,5.0,0.0,5.0,5.0,,,,True,True,UNKNOWN,False,False
2021029553,2025-07-15 18:00:00,阪神タイガース,中日ドラゴンズ,2.0,3.0,UNKNOWN,阪神甲子園球場,excluded,high,False,False,1600106,1700078,[],[],,,,,0,light,2025-07-15T09:00:00+00:00,,UNKNOWN,,,,UNKNOWN,UNKNOWN,,UNKNOWN,,1.8,1.6,7.2,7.2,0.0,4.0,5.0,1.0,4.0,0.0,4.0,4.0,,,,1.5,1.0,3.0,3.0,0.0,3.5333333333333337,6.0,1.0,4.0,0.0,2.0,2.0,,,,True,True,UNKNOWN,False,False
2021029555,2025-07-15 18:00:00,オリックス・バファローズ,東北楽天ゴールデンイーグルス,6.0,7.0,UNKNOWN,京セラドーム大阪,unknown,low,False,False,2060039,2108177,[],[],,,,,0,light,2025-07-15T09:00:00+00:00,,UNKNOWN,,,,UNKNOWN,UNKNOWN,,UNKNOWN,,10.125,4.125,3.375,6.75,0.0,4.7,2.6666666666666665,3.0,9.0,0.0,2.0,1.0,,,,1.8,1.4,5.4,1.8,0.0,2.6,5.0,1.0,6.0,0.0,1.0,3.0,,,,True,True,UNKNOWN,False,False
2021029556,2025-07-15 18:00:00,福岡ソフトバンクホークス,千葉ロッテマリーンズ,10.0,2.0,UNKNOWN,みずほPayPayドーム福岡,unknown,low,False,False,1961672,1400117,[],[],,,,,0,light,2025-07-15T09:00:00+00:00,,UNKNOWN,,,,UNKNOWN,UNKNOWN,,UNKNOWN,,9.0,2.0,9.0,2.25,2.25,5.2,4.0,4.0,7.0,1.0,1.0,4.0,,,,2.571428571428572,1.2857142857142858,6.428571428571429,3.857142857142857,0.0,3.0571428571428574,7.0,2.0,6.0,0.0,3.0,5.0,,,,True,True,UNKNOWN,False,False
2021029557,2025-07-16 18:00:00,阪神タイガース,中日ドラゴンズ,0.0,6.0,UNKNOWN,阪神甲子園球場,unknown,low,False,False,2000042,1600115,[],[],,,,,0,light,2025-07-16T09:00:00+00:00,,UNKNOWN,,,,UNKNOWN,UNKNOWN,,UNKNOWN,,0.0,0.4444444444444444,7.0,0.0,0.0,1.6444444444444446,9.0,0.0,4.0,0.0,0.0,7.0,,,,3.0,0.6666666666666666,6.0,1.5,0.0,2.3666666666666667,6.0,2.0,3.0,0.0,1.0,4.0,,,,True,True,UNKNOWN,False,False
2021029558,2025-07-16 18:00:00,広島東洋カープ,横浜DeNAベイスターズ,4.0,3.0,UNKNOWN,MAZDA Zoom-Zoom スタジアム広島,unknown,low,False,False,1460045,1300057,[],[],,,,,0,light,2025-07-16T09:00:00+00:00,,UNKNOWN,,,,UNKNOWN,UNKNOWN,,UNKNOWN,,6.0,1.3333333333333333,7.5,3.0,1.5,4.7,6.0,4.0,6.0,1.0,2.0,5.0,,,,2.7,1.05,2.7,1.35,0.0,3.0500000000000003,6.666666666666667,2.0,6.0,0.0,1.0,2.0,,,,True,True,UNKNOWN,False,False
2021029559,2025-07-16 18:00:00,埼玉西武ライオンズ,北海道日本ハムファイターズ,1.0,10.0,UNKNOWN,ベルーナドーム,unknown,low,False,False,1750903,1800081,[],[],,,,,0,light,2025-07-16T09:00:00+00:00,,UNKNOWN,,,,UNKNOWN,UNKNOWN,,UNKNOWN,,1.5,1.6666666666666667,10.5,4.5,0.0,2.3666666666666667,6.0,1.0,7.0,0.0,3.0,7.0,,,,9.0,2.75,11.25,0.0,0.0,0.7000000000000002,4.0,4.0,11.0,0.0,0.0,5.0,,,,True,True,UNKNOWN,False,False
2021029560,2025-07-16 18:00:00,オリックス・バファローズ,東北楽天ゴールデンイーグルス,1.0,0.0,UNKNOWN,京セラドーム大阪,unknown,low,False,False,2000123,1700109,[],[],,,,,0,light,2025-07-16T09:00:00+00:00,,UNKNOWN,,,,UNKNOWN,UNKNOWN,,UNKNOWN,,0.0,1.0,4.5,2.25,0.0,2.95,8.0,0.0,6.0,0.0,2.0,4.0,,,,0.0,0.6666666666666666,7.0,0.0,0.0,1.6444444444444446,9.0,0.0,6.0,0.0,0.0,7.0,,,,True,True,UNKNOWN,False,False
2021029561,2025-07-16 18:00:00,福岡ソフトバンクホークス,千葉ロッテマリーンズ,6.0,0.0,UNKNOWN,みずほPayPayドーム福岡,unknown,low,False,False,2101268,1900106,[],[],,,,,0,light,2025-07-16T09:00:00+00:00,,UNKNOWN,,,,UNKNOWN,UNKNOWN,,UNKNOWN,,4.5,1.5,7.5,3.0,0.0,2.5333333333333337,6.0,3.0,7.0,0.0,2.0,5.0,,,,0.0,0.625,10.125,1.125,0.0,1.3250000000000002,8.0,0.0,4.0,0.0,1.0,9.0,,,,True,True,UNKNOWN,False,False
2021029562,2025-07-17 18:00:00,東京ヤクルトスワローズ,読売ジャイアンツ,3.0,2.0,UNKNOWN,明治神宮野球場,unknown,low,False,False,1850035,2103794,[],[],,,,,0,light,2025-07-17T09:00:00+00:00,,UNKNOWN,,,,UNKNOWN,UNKNOWN,,UNKNOWN,,2.7,1.7999999999999998,5.4,2.7,0.0,2.9000000000000004,6.666666666666667,2.0,10.0,0.0,2.0,4.0,,,,3.0,1.5,6.0,4.5,1.5,5.533333333333333,6.0,2.0,6.0,1.0,3.0,4.0,,,,True,True,UNKNOWN,False,False
2021029565,2025-07-17 18:00:00,埼玉西武ライオンズ,北海道日本ハムファイターズ,4.0,3.0,UNKNOWN,ベルーナドーム,unknown,low,False,False,1400195,1400182,[],[],,,,,0,light,2025-07-17T09:00:00+00:00,,UNKNOWN,,,,UNKNOWN,UNKNOWN,,UNKNOWN,,1.5,1.1666666666666667,6.0,3.0,0.0,2.8666666666666667,6.0,1.0,5.0,0.0,2.0,4.0,,,,4.5,0.6666666666666666,6.0,0.0,1.5,4.033333333333333,6.0,3.0,4.0,1.0,0.0,4.0,,,,True,True,UNKNOWN,False,False
2021029564,2025-07-17 18:00:00,広島東洋カープ,横浜DeNAベイスターズ,1.0,1.0,UNKNOWN,MAZDA Zoom-Zoom スタジアム広島,unknown,low,False,False,1961374,2103788,[],[],,,,,0,light,2025-07-17T09:00:00+00:00,,UNKNOWN,,,,UNKNOWN,UNKNOWN,,UNKNOWN,,1.8,0.6,7.2,1.8,1.8,4.800000000000001,5.0,1.0,2.0,1.0,1.0,4.0,,,,1.8,1.0,5.4,0.0,0.0,2.0,5.0,1.0,5.0,0.0,0.0,3.0,,,,True,True,UNKNOWN,False,False
2021029567,2025-07-17 18:00:00,福岡ソフトバンクホークス,千葉ロッテマリーンズ,2.0,2.0,UNKNOWN,北九州市民球場,unknown,low,False,False,2111821,2107909,[],[],,,,,0,light,2025-07-17T09:00:00+00:00,,UNKNOWN,,,,UNKNOWN,UNKNOWN,,UNKNOWN,,1.8,1.0,10.8,1.8,0.0,1.4,5.0,1.0,4.0,0.0,1.0,6.0,,,,6.0,2.333333333333333,6.0,3.0,0.0,2.8666666666666667,3.0,2.0,6.0,0.0,1.0,2.0,,,,True,True,UNKNOWN,False,False
2021029570,2025-07-19 14:00:00,中日ドラゴンズ,横浜DeNAベイスターズ,7.0,2.0,UNKNOWN,バンテリンドーム ナゴヤ,unknown,low,False,False,2103904,2100961,[],[],,,,,0,light,2025-07-19T05:00:00+00:00,,UNKNOWN,,,,UNKNOWN,UNKNOWN,,UNKNOWN,,4.153846153846154,2.307692307692308,2.076923076923077,8.307692307692308,0.0,5.507692307692308,4.333333333333333,2.0,6.0,0.0,4.0,1.0,,,,0.0,0.8333333333333334,7.5,0.0,0.0,1.5333333333333334,6.0,0.0,5.0,0.0,0.0,5.0,,,,True,True,UNKNOWN,False,False
2021029571,2025-07-19 14:00:00,東北楽天ゴールデンイーグルス,北海道日本ハムファイターズ,2.0,5.0,UNKNOWN,楽天モバイルパーク宮城,unknown,low,False,False,2000079,2110316,[],[],,,,,0,light,2025-07-19T05:00:00+00:00,,UNKNOWN,,,,UNKNOWN,UNKNOWN,,UNKNOWN,,2.571428571428572,1.7142857142857142,9.0,1.2857142857142858,0.0,1.6285714285714288,7.0,2.0,11.0,0.0,1.0,7.0,,,,4.153846153846154,1.6153846153846154,16.615384615384617,0.0,2.076923076923077,2.507692307692308,4.333333333333333,2.0,7.0,1.0,0.0,8.0,,,,True,True,UNKNOWN,False,False
2021032406,2025-07-18 18:00:00,千葉ロッテマリーンズ,オリックス・バファローズ,3.0,8.0,UNKNOWN,ZOZOマリンスタジアム,unknown,low,False,False,1900087,2102758,[],[],,,,,0,light,2025-07-18T09:00:00+00:00,,UNKNOWN,,,,UNKNOWN,UNKNOWN,,UNKNOWN,,4.5,1.3333333333333333,7.5,1.5,0.0,2.033333333333333,6.0,3.0,7.0,0.0,1.0,5.0,,,,4.5,1.5,9.0,4.5,0.0,2.7,6.0,3.0,6.0,0.0,3.0,6.0,,,,True,True,UNKNOWN,False,False
2021029568,2025-07-19 18:00:00,読売ジャイアンツ,阪神タイガース,0.0,4.0,UNKNOWN,東京ドーム,unknown,low,False,False,2000055,2000006,[],[],,,,,0,light,2025-07-19T09:00:00+00:00,,UNKNOWN,,,,UNKNOWN,UNKNOWN,,UNKNOWN,,0.0,0.6666666666666666,7.5,3.0,0.0,2.5333333333333337,6.0,0.0,2.0,0.0,2.0,5.0,,,,0.0,1.1428571428571428,3.857142857142857,5.142857142857143,0.0,4.057142857142857,7.0,0.0,4.0,0.0,4.0,3.0,,,,True,True,UNKNOWN,False,False
2021029569,2025-07-19 18:00:00,東京ヤクルトスワローズ,広島東洋カープ,3.0,1.0,UNKNOWN,明治神宮野球場,unknown,low,False,False,1900052,1900024,[],[],,,,,0,light,2025-07-19T09:00:00+00:00,,UNKNOWN,,,,UNKNOWN,UNKNOWN,,UNKNOWN,,2.571428571428572,1.5714285714285714,5.142857142857143,5.142857142857143,0.0,3.7714285714285714,7.0,2.0,7.0,0.0,4.0,4.0,,,,0.0,0.8571428571428571,10.285714285714286,3.857142857142857,0.0,2.2,7.0,0.0,3.0,0.0,3.0,8.0,,,,True,True,UNKNOWN,False,False
2021029572,2025-07-19 18:00:00,埼玉西武ライオンズ,福岡ソフトバンクホークス,0.0,4.0,UNKNOWN,ベルーナドーム,unknown,low,False,False,1700011,1600127,[],[],,,,,0,light,2025-07-19T09:00:00+00:00,,UNKNOWN,,,,UNKNOWN,UNKNOWN,,UNKNOWN,,0.0,0.4444444444444444,2.0,2.0,0.0,3.4222222222222225,9.0,0.0,2.0,0.0,2.0,2.0,,,,3.6,2.0,5.4,7.2,0.0,4.4,5.0,2.0,6.0,0.0,4.0,3.0,,,,True,True,UNKNOWN,False,False
2021029573,2025-07-19 18:00:00,千葉ロッテマリーンズ,オリックス・バファローズ,8.0,0.0,UNKNOWN,ZOZOマリンスタジアム,unknown,low,False,False,1300058,1600146,[],[],,,,,0,light,2025-07-19T09:00:00+00:00,,UNKNOWN,,,,UNKNOWN,UNKNOWN,,UNKNOWN,,10.8,2.0,7.2,1.8,0.0,2.2,5.0,6.0,9.0,0.0,1.0,4.0,,,,0.0,0.8571428571428571,9.0,1.2857142857142858,0.0,1.6285714285714288,7.0,0.0,5.0,0.0,1.0,7.0,,,,True,True,UNKNOWN,False,False
2021029577,2025-07-20 13:00:00,東北楽天ゴールデンイーグルス,北海道日本ハムファイターズ,2.0,4.0,UNKNOWN,楽天モバイルパーク宮城,unknown,low,False,False,1500110,2000126,[],[],,,,,0,light,2025-07-20T04:00:00+00:00,,UNKNOWN,,,,UNKNOWN,UNKNOWN,,UNKNOWN,,2.571428571428572,1.1428571428571428,2.571428571428572,0.0,1.2857142857142858,4.485714285714286,7.0,2.0,8.0,1.0,0.0,2.0,,,,6.352941176470588,1.2352941176470589,1.588235294117647,3.176470588235294,3.176470588235294,8.494117647058824,5.666666666666667,4.0,5.0,2.0,2.0,1.0,,,,True,True,UNKNOWN,False,False
2021029574,2025-07-20 14:00:00,読売ジャイアンツ,阪神タイガース,1.0,2.0,UNKNOWN,東京ドーム,unknown,low,False,False,1960901,2103689,[],[],,,,,0,light,2025-07-20T05:00:00+00:00,,UNKNOWN,,,,UNKNOWN,UNKNOWN,,UNKNOWN,,0.0,1.3333333333333333,12.0,12.0,0.0,4.533333333333333,3.0,0.0,0.0,0.0,4.0,4.0,,,,4.5,1.0,9.0,2.25,2.25,5.2,4.0,2.0,3.0,1.0,1.0,4.0,,,,True,True,UNKNOWN,False,False
2021029578,2025-07-20 17:00:00,埼玉西武ライオンズ,福岡ソフトバンクホークス,3.0,7.0,UNKNOWN,ベルーナドーム,unknown,low,False,False,1200106,2105080,[],[],,,,,0,light,2025-07-20T08:00:00+00:00,,UNKNOWN,,,,UNKNOWN,UNKNOWN,,UNKNOWN,,6.75,2.25,3.375,0.0,0.0,2.45,2.6666666666666665,2.0,6.0,0.0,0.0,1.0,,,,9.0,2.0,3.6,3.6,3.6,8.8,5.0,5.0,8.0,2.0,2.0,2.0,,,,True,True,UNKNOWN,False,False
2021029576,2025-07-20 13:30:00,中日ドラゴンズ,横浜DeNAベイスターズ,3.0,5.0,UNKNOWN,バンテリンドーム ナゴヤ,unknown,low,False,False,1800045,1000138,[],[],,,,,0,light,2025-07-20T04:30:00+00:00,,UNKNOWN,,,,UNKNOWN,UNKNOWN,,UNKNOWN,,1.5,1.0,9.0,0.0,0.0,1.2000000000000002,6.0,1.0,6.0,0.0,0.0,6.0,,,,1.5,1.0,6.0,1.5,0.0,2.3666666666666667,6.0,1.0,5.0,0.0,1.0,4.0,,,,True,True,UNKNOWN,False,False
2021029575,2025-07-20 18:00:00,東京ヤクルトスワローズ,広島東洋カープ,8.0,7.0,UNKNOWN,明治神宮野球場,unknown,low,False,False,1900057,2113273,[],[],,,,,0,light,2025-07-20T09:00:00+00:00,,UNKNOWN,,,,UNKNOWN,UNKNOWN,,UNKNOWN,,27.000000000000004,4.2,5.4,0.0,5.4,9.8,1.6666666666666663,5.0,7.0,1.0,0.0,1.0,,,,8.307692307692308,1.6153846153846154,12.461538461538462,0.0,0.0,0.4307692307692305,4.333333333333333,4.0,7.0,0.0,0.0,6.0,,,,True,True,UNKNOWN,False,False
2021029579,2025-07-20 18:00:00,千葉ロッテマリーンズ,オリックス・バファローズ,8.0,2.0,UNKNOWN,ZOZOマリンスタジアム,unknown,low,False,False,1750595,1800052,[],[],,,,,0,light,2025-07-20T09:00:00+00:00,,UNKNOWN,,,,UNKNOWN,UNKNOWN,,UNKNOWN,,9.0,2.333333333333333,15.0,3.0,0.0,0.8666666666666667,3.0,3.0,6.0,0.0,1.0,5.0,,,,3.0,1.1666666666666667,1.5,4.5,0.0,4.366666666666667,6.0,2.0,4.0,0.0,3.0,1.0,,,,True,True,UNKNOWN,False,False
2021029583,2025-07-21 13:00:00,東北楽天ゴールデンイーグルス,北海道日本ハムファイターズ,0.0,2.0,UNKNOWN,楽天モバイルパーク宮城,unknown,low,False,False,2111822,1900117,[],[],,,,,0,light,2025-07-21T04:00:00+00:00,,UNKNOWN,,,,UNKNOWN,UNKNOWN,,UNKNOWN,,0.0,1.1666666666666667,7.5,7.5,0.0,4.033333333333333,6.0,0.0,2.0,0.0,5.0,5.0,,,,1.6875,1.3125,3.375,5.0625,0.0,4.1375,5.333333333333333,1.0,4.0,0.0,3.0,2.0,,,,True,True,UNKNOWN,False,False
2021029580,2025-07-21 14:00:00,読売ジャイアンツ,阪神タイガース,6.0,5.0,UNKNOWN,東京ドーム,unknown,low,False,False,2000052,1900019,[],[],,,,,0,light,2025-07-21T05:00:00+00:00,,UNKNOWN,,,,UNKNOWN,UNKNOWN,,UNKNOWN,,4.2631578947368425,0.7894736842105263,5.684210526315789,0.0,0.0,1.936842105263158,6.333333333333333,3.0,5.0,0.0,0.0,4.0,,,,9.0,2.0,9.0,0.0,5.4,9.0,5.0,5.0,10.0,3.0,0.0,5.0,,,,True,True,UNKNOWN,False,False
2021029582,2025-07-21 14:00:00,中日ドラゴンズ,横浜DeNAベイスターズ,0.0,1.0,UNKNOWN,バンテリンドーム ナゴヤ,unknown,low,False,False,1700058,2108462,[],[],,,,,0,light,2025-07-21T05:00:00+00:00,,UNKNOWN,,,,UNKNOWN,UNKNOWN,,UNKNOWN,,0.0,0.75,9.0,1.125,0.0,1.5750000000000002,8.0,0.0,5.0,0.0,1.0,8.0,,,,1.125,1.125,6.75,1.125,0.0,2.075,8.0,1.0,8.0,0.0,1.0,6.0,,,,True,True,UNKNOWN,False,False
2021029584,2025-07-21 17:00:00,埼玉西武ライオンズ,福岡ソフトバンクホークス,1.0,4.0,UNKNOWN,ベルーナドーム,unknown,low,False,False,1550517,1751148,[],[],,,,,0,light,2025-07-21T08:00:00+00:00,,UNKNOWN,,,,UNKNOWN,UNKNOWN,,UNKNOWN,,1.5,1.0,3.0,1.5,1.5,5.2,6.0,1.0,5.0,1.0,1.0,2.0,,,,10.8,2.7,8.1,2.7,0.0,2.3000000000000003,3.333333333333333,4.0,8.0,0.0,1.0,3.0,,,,True,True,UNKNOWN,False,False
2021029585,2025-07-21 17:00:00,千葉ロッテマリーンズ,オリックス・バファローズ,2.0,0.0,UNKNOWN,ZOZOマリンスタジアム,unknown,low,False,False,2108177,1300080,[],[],,,,,0,light,2025-07-21T08:00:00+00:00,,UNKNOWN,,,,UNKNOWN,UNKNOWN,,UNKNOWN,,3.0,1.5,12.0,3.0,0.0,1.5333333333333334,6.0,2.0,7.0,0.0,2.0,8.0,,,,0.0,0.2857142857142857,7.714285714285714,1.2857142857142858,0.0,1.9142857142857144,7.0,0.0,1.0,0.0,1.0,6.0,,,,True,True,UNKNOWN,False,False
2021029581,2025-07-21 18:00:00,東京ヤクルトスワローズ,広島東洋カープ,7.0,6.0,UNKNOWN,明治神宮野球場,unknown,low,False,False,1600123,1961468,[],[],,,,,0,light,2025-07-21T09:00:00+00:00,,UNKNOWN,,,,UNKNOWN,UNKNOWN,,UNKNOWN,,4.5,1.0,7.5,1.5,1.5,4.2,6.0,3.0,5.0,1.0,1.0,5.0,,,,9.0,2.4,9.0,9.0,1.8,6.800000000000001,5.0,5.0,7.0,1.0,5.0,5.0,,,,True,True,UNKNOWN,False,False
2021029895,2025-07-23 18:30:00,全パ,全セ,5.0,1.0,UNKNOWN,京セラドーム大阪,unknown,low,False,False,1700010,1900087,[],[],,,,,0,light,2025-07-23T09:30:00+00:00,,UNKNOWN,,,,UNKNOWN,UNKNOWN,,UNKNOWN,,0.0,0.0,0.0,0.0,0.0,3.2,1.0,0.0,0.0,0.0,0.0,0.0,,,,0.0,1.0,0.0,0.0,0.0,3.2,2.0,0.0,2.0,0.0,0.0,0.0,,,,True,True,UNKNOWN,False,False
2021029587,2025-07-26 18:00:00,阪神タイガース,横浜DeNAベイスターズ,2.0,0.0,UNKNOWN,阪神甲子園球場,unknown,low,False,False,1961374,1600115,[],[],,,,,0,light,2025-07-26T09:00:00+00:00,,UNKNOWN,,,,UNKNOWN,UNKNOWN,,UNKNOWN,,3.0,1.0,7.5,4.5,1.5,5.2,6.0,2.0,3.0,1.0,3.0,5.0,,,,0.0,0.4444444444444444,9.0,0.0,0.0,1.2000000000000002,9.0,0.0,4.0,0.0,0.0,9.0,,,,True,True,UNKNOWN,False,False
2021029586,2025-07-26 18:00:00,東京ヤクルトスワローズ,中日ドラゴンズ,2.0,1.0,UNKNOWN,明治神宮野球場,unknown,low,False,False,2000042,2103794,[],[],,,,,0,light,2025-07-26T09:00:00+00:00,,UNKNOWN,,,,UNKNOWN,UNKNOWN,,UNKNOWN,,1.5,1.1666666666666667,7.5,4.5,0.0,3.0333333333333337,6.0,1.0,4.0,0.0,3.0,5.0,,,,1.5,0.8333333333333334,6.0,0.0,0.0,1.866666666666667,6.0,1.0,5.0,0.0,0.0,4.0,,,,True,True,UNKNOWN,False,False
2021029896,2025-07-24 18:30:00,全セ,全パ,7.0,10.0,UNKNOWN,横浜スタジアム,unknown,low,False,False,1600127,2000055,[],[],,,,,0,light,2025-07-24T09:30:00+00:00,,UNKNOWN,,,,UNKNOWN,UNKNOWN,,UNKNOWN,,0.0,2.4000000000000004,16.200000000000003,5.4,0.0,1.4,1.6666666666666663,0.0,3.0,0.0,1.0,3.0,,,,22.5,3.5,0.0,0.0,0.0,3.2,2.0,5.0,7.0,0.0,0.0,0.0,,,,True,True,UNKNOWN,False,False
2021029588,2025-07-26 18:00:00,広島東洋カープ,読売ジャイアンツ,1.0,5.0,UNKNOWN,MAZDA Zoom-Zoom スタジアム広島,unknown,low,False,False,1800026,1900052,[],[],,,,,0,light,2025-07-26T09:00:00+00:00,,UNKNOWN,,,,UNKNOWN,UNKNOWN,,UNKNOWN,,2.25,1.25,2.25,4.5,2.25,7.45,4.0,1.0,3.0,1.0,2.0,1.0,,,,2.8421052631578947,0.9473684210526316,4.2631578947368425,4.2631578947368425,0.0,3.673684210526316,6.333333333333333,2.0,3.0,0.0,3.0,3.0,,,,True,True,UNKNOWN,False,False
2021029590,2025-07-26 18:00:00,東北楽天ゴールデンイーグルス,埼玉西武ライオンズ,3.0,2.0,UNKNOWN,楽天モバイルパーク宮城,unknown,low,False,False,1700125,2060039,[],[],,,,,0,light,2025-07-26T09:00:00+00:00,,UNKNOWN,,,,UNKNOWN,UNKNOWN,,UNKNOWN,,4.5,1.5,0.0,4.5,2.25,7.95,4.0,2.0,4.0,1.0,2.0,0.0,,,,0.0,0.6315789473684211,9.947368421052632,1.4210526315789471,0.0,1.4631578947368422,6.333333333333333,0.0,3.0,0.0,1.0,7.0,,,,True,True,UNKNOWN,False,False
2021029589,2025-07-26 18:00:00,北海道日本ハムファイターズ,千葉ロッテマリーンズ,5.0,0.0,UNKNOWN,エスコンフィールドHOKKAIDO,excluded,high,False,False,1961672,2117696,[],[],,,,,0,light,2025-07-26T09:00:00+00:00,,UNKNOWN,,,,UNKNOWN,UNKNOWN,,UNKNOWN,,11.25,2.25,13.5,6.75,2.25,5.7,4.0,5.0,6.0,1.0,3.0,6.0,,,,0.0,0.0,9.0,0.0,0.0,1.2000000000000002,3.0,0.0,0.0,0.0,0.0,3.0,,,,True,True,UNKNOWN,False,False
2021029595,2025-07-27 14:00:00,北海道日本ハムファイターズ,千葉ロッテマリーンズ,4.0,5.0,UNKNOWN,エスコンフィールドHOKKAIDO,unknown,low,False,False,2102758,2000079,[],[],,,,,0,light,2025-07-27T05:00:00+00:00,,UNKNOWN,,,,UNKNOWN,UNKNOWN,,UNKNOWN,,1.5,1.6666666666666667,13.5,1.5,0.0,0.7000000000000002,6.0,1.0,9.0,0.0,1.0,9.0,,,,3.857142857142857,0.7142857142857143,12.857142857142858,0.0,1.2857142857142858,2.2,7.0,3.0,5.0,1.0,0.0,10.0,,,,True,True,UNKNOWN,False,False
2021029591,2025-07-26 18:00:00,福岡ソフトバンクホークス,オリックス・バファローズ,11.0,3.0,UNKNOWN,みずほPayPayドーム福岡,unknown,low,False,False,1700109,1400117,[],[],,,,,0,light,2025-07-26T09:00:00+00:00,,UNKNOWN,,,,UNKNOWN,UNKNOWN,,UNKNOWN,,3.375,1.5,3.375,5.0625,1.6875,6.575,5.333333333333333,2.0,5.0,1.0,3.0,2.0,,,,2.571428571428572,1.0,10.285714285714286,2.571428571428572,0.0,1.7714285714285716,7.0,2.0,5.0,0.0,2.0,8.0,,,,True,True,UNKNOWN,False,False
2021029592,2025-07-27 18:00:00,東京ヤクルトスワローズ,中日ドラゴンズ,3.0,2.0,UNKNOWN,明治神宮野球場,unknown,low,False,False,1200098,1900024,[],[],,,,,0,light,2025-07-27T09:00:00+00:00,,UNKNOWN,,,,UNKNOWN,UNKNOWN,,UNKNOWN,,6.230769230769231,1.8461538461538465,6.230769230769231,4.153846153846154,2.076923076923077,6.2,4.333333333333333,3.0,6.0,1.0,2.0,3.0,,,,2.571428571428572,0.4285714285714285,5.142857142857143,0.0,2.571428571428572,5.771428571428572,7.0,2.0,3.0,2.0,0.0,4.0,,,,True,True,UNKNOWN,False,False
2021029593,2025-07-27 18:00:00,阪神タイガース,横浜DeNAベイスターズ,7.0,1.0,UNKNOWN,阪神甲子園球場,unknown,low,False,False,2112182,1700078,[],[],,,,,0,light,2025-07-27T09:00:00+00:00,,UNKNOWN,,,,UNKNOWN,UNKNOWN,,UNKNOWN,,2.25,1.5,11.25,2.25,0.0,1.4500000000000002,4.0,1.0,5.0,0.0,1.0,5.0,,,,1.588235294117647,1.4117647058823528,11.117647058823527,3.176470588235294,0.0,1.7882352941176474,5.666666666666667,1.0,6.0,0.0,2.0,7.0,,,,True,True,UNKNOWN,False,False
2021029596,2025-07-27 17:00:00,東北楽天ゴールデンイーグルス,埼玉西武ライオンズ,4.0,1.0,UNKNOWN,楽天モバイルパーク宮城,unknown,low,False,False,1800081,2000123,[],[],,,,,0,light,2025-07-27T08:00:00+00:00,,UNKNOWN,,,,UNKNOWN,UNKNOWN,,UNKNOWN,,4.5,1.3333333333333333,4.5,1.5,1.5,4.866666666666667,6.0,3.0,7.0,1.0,1.0,3.0,,,,1.5,1.1666666666666667,1.5,6.0,1.5,7.033333333333333,6.0,1.0,3.0,1.0,4.0,1.0,,,,True,True,UNKNOWN,False,False
2021029597,2025-07-27 14:00:00,福岡ソフトバンクホークス,オリックス・バファローズ,3.0,1.0,UNKNOWN,みずほPayPayドーム福岡,unknown,low,False,False,2111998,1900106,[],[],,,,,0,light,2025-07-27T05:00:00+00:00,,UNKNOWN,,,,UNKNOWN,UNKNOWN,,UNKNOWN,,5.4,2.1,5.4,5.4,0.0,3.8,3.333333333333333,2.0,5.0,0.0,2.0,2.0,,,,1.125,0.5,4.5,0.0,1.125,3.825,8.0,1.0,4.0,1.0,0.0,4.0,,,,True,True,UNKNOWN,False,False
2021029599,2025-07-29 18:00:00,中日ドラゴンズ,読売ジャイアンツ,8.0,5.0,UNKNOWN,バンテリンドーム ナゴヤ,unknown,low,False,False,1850035,1000138,[],[],,,,,0,light,2025-07-29T09:00:00+00:00,,UNKNOWN,,,,UNKNOWN,UNKNOWN,,UNKNOWN,,10.8,1.4,12.6,1.8,3.6,6.2,5.0,6.0,6.0,2.0,1.0,7.0,,,,7.5,0.8333333333333334,7.5,1.5,3.0,6.366666666666667,6.0,5.0,4.0,2.0,1.0,5.0,,,,True,True,UNKNOWN,False,False
2021029594,2025-07-27 18:00:00,広島東洋カープ,読売ジャイアンツ,5.0,6.0,UNKNOWN,MAZDA Zoom-Zoom スタジアム広島,unknown,low,False,False,2103689,2110136,[],[],,,,,0,light,2025-07-27T09:00:00+00:00,,UNKNOWN,,,,UNKNOWN,UNKNOWN,,UNKNOWN,,9.0,1.75,6.75,2.25,0.0,2.45,4.0,4.0,6.0,0.0,1.0,3.0,,,,9.0,2.6666666666666665,6.0,9.0,0.0,4.866666666666667,3.0,3.0,5.0,0.0,3.0,2.0,,,,True,True,UNKNOWN,False,False
2021029598,2025-07-29 17:45:00,横浜DeNAベイスターズ,東京ヤクルトスワローズ,1.0,5.0,UNKNOWN,横浜スタジアム,excluded,high,False,False,1961468,1700058,[],[],,,,,0,light,2025-07-29T08:45:00+00:00,,UNKNOWN,,,,UNKNOWN,UNKNOWN,,UNKNOWN,,1.5,1.1666666666666667,4.5,0.0,0.0,2.2,6.0,1.0,7.0,0.0,0.0,3.0,,,,6.0,1.5,6.0,1.5,3.0,6.7,6.0,4.0,8.0,2.0,1.0,4.0,,,,True,True,UNKNOWN,False,False
2021029602,2025-07-29 18:00:00,千葉ロッテマリーンズ,東北楽天ゴールデンイーグルス,1.0,2.0,UNKNOWN,ZOZOマリンスタジアム,unknown,low,False,False,2110316,1600146,[],[],,,,,0,light,2025-07-29T09:00:00+00:00,,UNKNOWN,,,,UNKNOWN,UNKNOWN,,UNKNOWN,,1.35,1.35,6.75,0.0,0.0,1.7000000000000002,6.666666666666667,1.0,9.0,0.0,0.0,5.0,,,,2.571428571428572,1.4285714285714286,6.428571428571429,5.142857142857143,0.0,3.4857142857142858,7.0,2.0,6.0,0.0,4.0,5.0,,,,True,True,UNKNOWN,False,False
2021029604,2025-07-30 17:45:00,横浜DeNAベイスターズ,東京ヤクルトスワローズ,1.0,2.0,UNKNOWN,横浜スタジアム,unknown,low,False,False,2101156,1460045,[],[],,,,,0,light,2025-07-30T08:45:00+00:00,,UNKNOWN,,,,UNKNOWN,UNKNOWN,,UNKNOWN,,0.0,0.7142857142857143,2.571428571428572,1.2857142857142858,0.0,3.0571428571428574,7.0,0.0,4.0,0.0,1.0,2.0,,,,3.0,1.1666666666666667,7.5,4.5,1.5,5.2,6.0,2.0,4.0,1.0,3.0,5.0,,,,True,True,UNKNOWN,False,False
2021029600,2025-07-29 18:00:00,阪神タイガース,広島東洋カープ,1.0,0.0,UNKNOWN,阪神甲子園球場,unknown,low,False,False,1600123,1700137,[],[],,,,,0,light,2025-07-29T09:00:00+00:00,,UNKNOWN,,,,UNKNOWN,UNKNOWN,,UNKNOWN,,1.5,1.0,7.5,1.5,0.0,2.033333333333333,6.0,1.0,5.0,0.0,1.0,5.0,,,,0.0,0.7142857142857143,1.2857142857142858,1.2857142857142858,0.0,3.342857142857143,7.0,0.0,4.0,0.0,1.0,1.0,,,,True,True,UNKNOWN,False,False
2021029601,2025-07-29 18:00:00,北海道日本ハムファイターズ,福岡ソフトバンクホークス,2.0,5.0,UNKNOWN,エスコンフィールドHOKKAIDO,allstar,high,False,True,1700011,1400195,[],[],,,,,0,light,2025-07-29T09:00:00+00:00,,UNKNOWN,,,,UNKNOWN,UNKNOWN,,UNKNOWN,,1.5,1.1666666666666667,6.0,1.5,0.0,2.3666666666666667,6.0,1.0,6.0,0.0,1.0,4.0,,,,6.352941176470588,1.0588235294117647,3.176470588235294,1.588235294117647,3.176470588235294,7.611764705882352,5.666666666666667,4.0,5.0,2.0,1.0,2.0,,,,True,True,UNKNOWN,False,False
2021029603,2025-07-29 18:00:00,オリックス・バファローズ,埼玉西武ライオンズ,2.0,3.0,UNKNOWN,京セラドーム大阪,interleague,high,True,True,2105080,1300058,[],[],,,,,0,light,2025-07-29T09:00:00+00:00,,UNKNOWN,,,,UNKNOWN,UNKNOWN,,UNKNOWN,,3.0,0.8333333333333334,7.5,1.5,1.5,4.2,6.0,2.0,4.0,1.0,1.0,5.0,,,,3.0,1.5,9.0,3.0,0.0,2.2,6.0,2.0,7.0,0.0,2.0,6.0,,,,True,True,UNKNOWN,False,False
2021029605,2025-07-30 18:00:00,中日ドラゴンズ,読売ジャイアンツ,0.0,2.0,UNKNOWN,バンテリンドーム ナゴヤ,unknown,low,False,False,1800028,1600106,[],[],,,,,0,light,2025-07-30T09:00:00+00:00,,UNKNOWN,,,,UNKNOWN,UNKNOWN,,UNKNOWN,,0.0,1.1666666666666667,10.5,4.5,0.0,2.3666666666666667,6.0,0.0,4.0,0.0,3.0,7.0,,,,3.0,1.3333333333333333,7.5,3.0,0.0,2.5333333333333337,6.0,2.0,6.0,0.0,2.0,5.0,,,,True,True,UNKNOWN,False,False
2021029607,2025-07-30 18:00:00,北海道日本ハムファイターズ,福岡ソフトバンクホークス,5.0,4.0,UNKNOWN,エスコンフィールドHOKKAIDO,unknown,low,False,False,1550517,1750903,[],[],,,,,0,light,2025-07-30T09:00:00+00:00,,UNKNOWN,,,,UNKNOWN,UNKNOWN,,UNKNOWN,,1.5,1.1666666666666667,4.5,0.0,0.0,2.2,6.0,1.0,7.0,0.0,0.0,3.0,,,,3.681818181818182,0.9545454545454546,9.818181818181818,0.0,0.0,1.018181818181818,7.333333333333333,3.0,7.0,0.0,0.0,8.0,,,,True,True,UNKNOWN,False,False
2021029606,2025-07-30 18:00:00,阪神タイガース,広島東洋カープ,5.0,0.0,UNKNOWN,阪神甲子園球場,unknown,low,False,False,1300057,2000055,[],[],,,,,0,light,2025-07-30T09:00:00+00:00,,UNKNOWN,,,,UNKNOWN,UNKNOWN,,UNKNOWN,,3.6,1.2,3.6,3.6,0.0,3.6,5.0,2.0,4.0,0.0,2.0,2.0,,,,0.0,1.1666666666666667,7.5,3.0,0.0,2.5333333333333337,6.0,0.0,5.0,0.0,2.0,5.0,,,,True,True,UNKNOWN,False,False
2021029609,2025-07-30 18:00:00,オリックス・バファローズ,埼玉西武ライオンズ,6.0,4.0,UNKNOWN,京セラドーム大阪,unknown,low,False,False,1400182,1900087,[],[],,,,,0,light,2025-07-30T09:00:00+00:00,,UNKNOWN,,,,UNKNOWN,UNKNOWN,,UNKNOWN,,7.5,2.0,7.5,1.5,0.0,2.033333333333333,6.0,5.0,11.0,0.0,1.0,5.0,,,,3.0,1.3333333333333333,13.5,3.0,0.0,1.2000000000000002,6.0,2.0,6.0,0.0,2.0,9.0,,,,True,True,UNKNOWN,False,False
2021029608,2025-07-30 18:00:00,千葉ロッテマリーンズ,東北楽天ゴールデンイーグルス,5.0,8.0,UNKNOWN,ZOZOマリンスタジアム,unknown,low,False,False,700065,1300080,[],[],,,,,0,light,2025-07-30T09:00:00+00:00,,UNKNOWN,,,,UNKNOWN,UNKNOWN,,UNKNOWN,,9.0,1.8,1.8,3.6,1.8,6.6,5.0,5.0,7.0,1.0,2.0,1.0,,,,10.384615384615383,2.7692307692307696,6.230769230769231,8.307692307692308,2.076923076923077,7.584615384615385,4.333333333333333,5.0,8.0,1.0,4.0,3.0,,,,True,True,UNKNOWN,False,False
2021029610,2025-07-31 17:45:00,横浜DeNAベイスターズ,東京ヤクルトスワローズ,14.0,1.0,UNKNOWN,横浜スタジアム,excluded,high,False,False,2113273,1300031,[],[],,,,,0,light,2025-07-31T08:45:00+00:00,,UNKNOWN,,,,UNKNOWN,UNKNOWN,,UNKNOWN,,22.5,4.0,4.5,9.0,9.0,18.2,2.0,5.0,6.0,2.0,2.0,1.0,,,,0.0,0.6666666666666666,10.5,0.0,0.0,0.8666666666666667,6.0,0.0,4.0,0.0,0.0,7.0,,,,True,True,UNKNOWN,False,False
2021029611,2025-07-31 18:00:00,中日ドラゴンズ,読売ジャイアンツ,7.0,6.0,UNKNOWN,バンテリンドーム ナゴヤ,unknown,low,False,False,1900019,2108462,[],[],,,,,0,light,2025-07-31T09:00:00+00:00,,UNKNOWN,,,,UNKNOWN,UNKNOWN,,UNKNOWN,,6.230769230769231,1.8461538461538465,8.307692307692308,0.0,2.076923076923077,4.353846153846154,4.333333333333333,3.0,8.0,1.0,0.0,4.0,,,,10.125,1.6875,6.75,3.375,1.6875,5.2625,5.333333333333333,6.0,7.0,1.0,2.0,4.0,,,,True,True,UNKNOWN,False,False
2021029616,2025-08-01 18:00:00,読売ジャイアンツ,横浜DeNAベイスターズ,2.0,7.0,UNKNOWN,東京ドーム,unknown,low,False,False,2103904,2000006,[],[],,,,,0,light,2025-08-01T09:00:00+00:00,,UNKNOWN,,,,UNKNOWN,UNKNOWN,,UNKNOWN,,0.0,1.1428571428571428,5.142857142857143,2.571428571428572,0.0,2.9142857142857146,7.0,0.0,6.0,0.0,2.0,4.0,,,,11.571428571428571,2.7857142857142856,9.642857142857142,5.785714285714286,0.0,2.9857142857142858,4.666666666666667,6.0,10.0,0.0,3.0,5.0,,,,True,True,UNKNOWN,False,False
2021029614,2025-07-31 18:30:00,千葉ロッテマリーンズ,東北楽天ゴールデンイーグルス,5.0,6.0,UNKNOWN,東京ドーム,unknown,low,False,False,2106793,2101268,[],[],,,,,0,light,2025-07-31T09:30:00+00:00,,UNKNOWN,,,,UNKNOWN,UNKNOWN,,UNKNOWN,,1.588235294117647,0.7058823529411764,14.294117647058822,1.588235294117647,0.0,0.5529411764705885,5.666666666666667,1.0,3.0,0.0,1.0,9.0,,,,7.5,1.8333333333333333,7.5,6.0,6.0,12.2,6.0,5.0,7.0,4.0,4.0,5.0,,,,True,True,UNKNOWN,False,False
2021029613,2025-07-31 18:00:00,北海道日本ハムファイターズ,福岡ソフトバンクホークス,4.0,5.0,UNKNOWN,エスコンフィールドHOKKAIDO,allstar,high,False,True,2107909,2050307,[],[],,,,,0,light,2025-07-31T09:00:00+00:00,,UNKNOWN,,,,UNKNOWN,UNKNOWN,,UNKNOWN,,5.4,1.6,3.6,1.8,1.8,5.6,5.0,3.0,7.0,1.0,1.0,2.0,,,,9.0,1.8,1.8,3.6,1.8,6.6,5.0,5.0,7.0,1.0,2.0,1.0,,,,True,True,UNKNOWN,False,False
2021029612,2025-07-31 18:00:00,阪神タイガース,広島東洋カープ,3.0,6.0,UNKNOWN,阪神甲子園球場,unknown,low,False,False,2103788,1850363,[],[],,,,,0,light,2025-07-31T09:00:00+00:00,,UNKNOWN,,,,UNKNOWN,UNKNOWN,,UNKNOWN,,3.6,1.2,5.4,1.8,0.0,2.6,5.0,2.0,5.0,0.0,1.0,3.0,,,,6.75,1.75,4.5,4.5,0.0,3.7,4.0,3.0,5.0,0.0,2.0,2.0,,,,True,True,UNKNOWN,False,False
2021029615,2025-07-31 18:00:00,オリックス・バファローズ,埼玉西武ライオンズ,6.0,2.0,UNKNOWN,京セラドーム大阪,unknown,low,False,False,1600127,1851026,[],[],,,,,0,light,2025-07-31T09:00:00+00:00,,UNKNOWN,,,,UNKNOWN,UNKNOWN,,UNKNOWN,,7.2,1.8,7.2,1.8,0.0,2.2,5.0,4.0,8.0,0.0,1.0,4.0,,,,3.0,1.1666666666666667,1.5,1.5,0.0,3.3666666666666667,6.0,2.0,6.0,0.0,1.0,1.0,,,,True,True,UNKNOWN,False,False
2021029617,2025-08-01 18:00:00,東京ヤクルトスワローズ,阪神タイガース,2.0,3.0,UNKNOWN,明治神宮野球場,unknown,low,False,False,2000052,1300045,[],[],,,,,0,light,2025-08-01T09:00:00+00:00,,UNKNOWN,,,,UNKNOWN,UNKNOWN,,UNKNOWN,,1.2857142857142858,0.7142857142857143,3.857142857142857,1.2857142857142858,0.0,2.771428571428572,7.0,1.0,4.0,0.0,1.0,3.0,,,,0.0,1.0,9.0,0.0,0.0,1.2000000000000002,5.0,0.0,5.0,0.0,0.0,5.0,,,,True,True,UNKNOWN,False,False
2021029619,2025-08-01 18:00:00,埼玉西武ライオンズ,千葉ロッテマリーンズ,11.0,2.0,UNKNOWN,ベルーナドーム,unknown,low,False,False,1800052,1751148,[],[],,,,,0,light,2025-08-01T09:00:00+00:00,,UNKNOWN,,,,UNKNOWN,UNKNOWN,,UNKNOWN,,24.0,3.0,6.0,3.0,3.0,7.2,3.0,8.0,8.0,1.0,1.0,2.0,,,,2.571428571428572,0.8571428571428571,7.714285714285714,0.0,0.0,1.485714285714286,7.0,2.0,6.0,0.0,0.0,6.0,,,,True,True,UNKNOWN,False,False
2021029618,2025-08-01 18:00:00,広島東洋カープ,中日ドラゴンズ,3.0,1.0,UNKNOWN,MAZDA Zoom-Zoom スタジアム広島,excluded,high,False,False,2100961,1950429,[],[],,,,,0,light,2025-08-01T09:00:00+00:00,,UNKNOWN,,,,UNKNOWN,UNKNOWN,,UNKNOWN,,3.176470588235294,0.5294117647058824,1.588235294117647,1.588235294117647,0.0,3.376470588235294,5.666666666666667,2.0,2.0,0.0,1.0,1.0,,,,1.5,1.0,7.5,1.5,0.0,2.033333333333333,6.0,1.0,5.0,0.0,1.0,5.0,,,,True,True,UNKNOWN,False,False
2021029620,2025-08-01 18:00:00,オリックス・バファローズ,北海道日本ハムファイターズ,4.0,2.0,UNKNOWN,京セラドーム大阪,unknown,low,False,False,1500110,2108177,[],[],,,,,0,light,2025-08-01T09:00:00+00:00,,UNKNOWN,,,,UNKNOWN,UNKNOWN,,UNKNOWN,,4.319999999999999,0.84,4.319999999999999,0.0,1.0799999999999998,3.8,8.333333333333334,4.0,7.0,1.0,0.0,4.0,,,,1.2857142857142858,0.7142857142857143,12.857142857142858,2.571428571428572,1.2857142857142858,3.0571428571428574,7.0,1.0,3.0,1.0,2.0,10.0,,,,True,True,UNKNOWN,False,False
2021029627,2025-08-02 14:00:00,福岡ソフトバンクホークス,東北楽天ゴールデンイーグルス,5.0,2.0,UNKNOWN,みずほPayPayドーム福岡,unknown,low,False,False,2060039,1400117,[],[],,,,,0,light,2025-08-02T05:00:00+00:00,,UNKNOWN,,,,UNKNOWN,UNKNOWN,,UNKNOWN,,7.7142857142857135,3.4285714285714284,3.8571428571428568,11.571428571428571,0.0,6.2,2.333333333333333,2.0,5.0,0.0,3.0,1.0,,,,3.0,1.5,6.0,3.0,0.0,2.8666666666666667,6.0,2.0,7.0,0.0,2.0,4.0,,,,True,True,UNKNOWN,False,False
2021029626,2025-08-02 14:00:00,オリックス・バファローズ,北海道日本ハムファイターズ,1.0,7.0,UNKNOWN,京セラドーム大阪,unknown,low,False,False,1900129,1750595,[],[],,,,,0,light,2025-08-02T05:00:00+00:00,,UNKNOWN,,,,UNKNOWN,UNKNOWN,,UNKNOWN,,1.8,1.2,10.8,3.6,1.8,4.6,5.0,1.0,4.0,1.0,2.0,6.0,,,,5.4,1.2,9.0,0.0,0.0,1.2000000000000002,5.0,3.0,6.0,0.0,0.0,5.0,,,,True,True,UNKNOWN,False,False
2021029621,2025-08-01 18:00:00,福岡ソフトバンクホークス,東北楽天ゴールデンイーグルス,3.0,1.0,UNKNOWN,みずほPayPayドーム福岡,unknown,low,False,False,1900117,1100099,[],[],,,,,0,light,2025-08-01T09:00:00+00:00,,UNKNOWN,,,,UNKNOWN,UNKNOWN,,UNKNOWN,,5.0625,1.875,5.0625,6.75,1.6875,6.7625,5.333333333333333,3.0,6.0,1.0,4.0,3.0,,,,1.2857142857142858,1.0,6.428571428571429,2.571428571428572,0.0,2.628571428571429,7.0,1.0,5.0,0.0,2.0,5.0,,,,True,True,UNKNOWN,False,False
2021029623,2025-08-02 18:00:00,東京ヤクルトスワローズ,阪神タイガース,1.0,5.0,UNKNOWN,明治神宮野球場,unknown,low,False,False,1600115,2103794,[],[],,,,,0,light,2025-08-02T09:00:00+00:00,,UNKNOWN,,,,UNKNOWN,UNKNOWN,,UNKNOWN,,1.5,0.5,6.0,1.5,1.5,4.533333333333333,6.0,1.0,2.0,1.0,1.0,4.0,,,,9.0,1.5,6.75,4.5,9.0,16.2,4.0,4.0,4.0,4.0,2.0,3.0,,,,True,True,UNKNOWN,False,False
2021029622,2025-08-02 15:00:00,読売ジャイアンツ,横浜DeNAベイスターズ,4.0,7.0,UNKNOWN,東京ドーム,unknown,low,False,False,1961374,1961407,[],[],,,,,0,light,2025-08-02T06:00:00+00:00,,UNKNOWN,,,,UNKNOWN,UNKNOWN,,UNKNOWN,,4.5,1.0,6.0,1.5,1.5,4.533333333333333,6.0,3.0,5.0,1.0,1.0,4.0,,,,9.0,1.5,11.25,0.0,0.0,0.7000000000000002,4.0,4.0,6.0,0.0,0.0,5.0,,,,True,True,UNKNOWN,False,False
2021029624,2025-08-02 18:00:00,広島東洋カープ,中日ドラゴンズ,0.0,6.0,UNKNOWN,MAZDA Zoom-Zoom スタジアム広島,unknown,low,False,False,2000042,1900052,[],[],,,,,0,light,2025-08-02T09:00:00+00:00,,UNKNOWN,,,,UNKNOWN,UNKNOWN,,UNKNOWN,,0.0,0.3333333333333333,4.0,1.0,0.0,2.644444444444445,9.0,0.0,2.0,0.0,1.0,4.0,,,,11.25,2.5,4.5,2.25,0.0,2.95,4.0,5.0,9.0,0.0,1.0,2.0,,,,True,True,UNKNOWN,False,False
2021029625,2025-08-02 18:00:00,埼玉西武ライオンズ,千葉ロッテマリーンズ,5.0,5.0,UNKNOWN,ベルーナドーム,unknown,low,False,False,2111821,1700125,[],[],,,,,0,light,2025-08-02T09:00:00+00:00,,UNKNOWN,,,,UNKNOWN,UNKNOWN,,UNKNOWN,,1.35,1.05,5.4,2.7,1.35,4.85,6.666666666666667,1.0,5.0,1.0,2.0,4.0,,,,4.764705882352941,1.0588235294117647,3.176470588235294,1.588235294117647,1.588235294117647,5.31764705882353,5.666666666666667,3.0,5.0,1.0,1.0,2.0,,,,True,True,UNKNOWN,False,False
2021029632,2025-08-03 13:00:00,オリックス・バファローズ,北海道日本ハムファイターズ,0.0,9.0,UNKNOWN,京セラドーム大阪,excluded,high,False,False,2000079,1650221,[],[],,,,,0,light,2025-08-03T04:00:00+00:00,,UNKNOWN,,,,UNKNOWN,UNKNOWN,,UNKNOWN,,0.0,1.3333333333333333,6.0,1.5,0.0,2.3666666666666667,6.0,0.0,7.0,0.0,1.0,4.0,,,,18.9,2.4,13.5,0.0,2.7,4.1,3.333333333333333,7.0,8.0,1.0,0.0,5.0,,,,True,True,UNKNOWN,False,False
2021029633,2025-08-03 13:00:00,福岡ソフトバンクホークス,東北楽天ゴールデンイーグルス,8.0,1.0,UNKNOWN,みずほPayPayドーム福岡,unknown,low,False,False,2000123,1900106,[],[],,,,,0,light,2025-08-03T04:00:00+00:00,,UNKNOWN,,,,UNKNOWN,UNKNOWN,,UNKNOWN,,7.2,1.6,1.8,0.0,3.6,8.0,5.0,4.0,8.0,2.0,0.0,1.0,,,,0.0,0.5714285714285714,2.571428571428572,3.857142857142857,0.0,3.9142857142857146,7.0,0.0,1.0,0.0,3.0,2.0,,,,True,True,UNKNOWN,False,False
2021029628,2025-08-03 14:00:00,読売ジャイアンツ,横浜DeNAベイスターズ,4.0,3.0,UNKNOWN,東京ドーム,unknown,low,False,False,2112182,2103689,[],[],,,,,0,light,2025-08-03T05:00:00+00:00,,UNKNOWN,,,,UNKNOWN,UNKNOWN,,UNKNOWN,,4.764705882352941,1.0588235294117647,9.529411764705882,3.176470588235294,1.588235294117647,4.435294117647059,5.666666666666667,3.0,4.0,1.0,2.0,6.0,,,,2.571428571428572,0.8571428571428571,3.857142857142857,0.0,1.2857142857142858,4.2,7.0,2.0,6.0,1.0,0.0,3.0,,,,True,True,UNKNOWN,False,False
2021029631,2025-08-03 17:00:00,埼玉西武ライオンズ,千葉ロッテマリーンズ,1.0,2.0,UNKNOWN,ベルーナドーム,unknown,low,False,False,2102758,1800081,[],[],,,,,0,light,2025-08-03T08:00:00+00:00,,UNKNOWN,,,,UNKNOWN,UNKNOWN,,UNKNOWN,,1.8,1.0,0.0,9.0,0.0,6.2,5.0,1.0,0.0,0.0,5.0,0.0,,,,1.5,1.5,6.0,4.5,0.0,3.3666666666666667,6.0,1.0,6.0,0.0,3.0,4.0,,,,True,True,UNKNOWN,False,False
2021029629,2025-08-03 18:00:00,東京ヤクルトスワローズ,阪神タイガース,8.0,1.0,UNKNOWN,明治神宮野球場,excluded,high,False,False,2100915,1900024,[],[],,,,,0,light,2025-08-03T09:00:00+00:00,,UNKNOWN,,,,UNKNOWN,UNKNOWN,,UNKNOWN,,4.5,1.75,4.5,2.25,0.0,2.95,4.0,2.0,6.0,0.0,1.0,2.0,,,,1.2857142857142858,1.1428571428571428,6.428571428571429,5.142857142857143,1.2857142857142858,5.342857142857143,7.0,1.0,4.0,1.0,4.0,5.0,,,,True,True,UNKNOWN,False,False
2021029634,2025-08-05 18:00:00,読売ジャイアンツ,東京ヤクルトスワローズ,5.0,2.0,UNKNOWN,東京ドーム,unknown,low,False,False,1961468,1800028,[],[],,,,,0,light,2025-08-05T09:00:00+00:00,,UNKNOWN,,,,UNKNOWN,UNKNOWN,,UNKNOWN,,2.571428571428572,0.8571428571428571,14.142857142857142,3.857142857142857,2.571428571428572,5.057142857142857,7.0,2.0,3.0,2.0,3.0,11.0,,,,3.0,1.1666666666666667,7.5,6.0,0.0,3.5333333333333337,6.0,2.0,3.0,0.0,4.0,5.0,,,,True,True,UNKNOWN,False,False
2021029635,2025-08-05 17:45:00,横浜DeNAベイスターズ,広島東洋カープ,5.0,4.0,UNKNOWN,横浜スタジアム,unknown,low,False,False,1600123,1460045,[],[],,,,,0,light,2025-08-05T08:45:00+00:00,,UNKNOWN,,,,UNKNOWN,UNKNOWN,,UNKNOWN,,6.75,1.875,3.375,1.6875,5.0625,10.325,5.333333333333333,4.0,9.0,3.0,1.0,2.0,,,,6.0,1.6666666666666667,9.0,3.0,3.0,6.533333333333333,6.0,4.0,8.0,2.0,2.0,6.0,,,,True,True,UNKNOWN,False,False
2021029637,2025-08-05 14:00:00,北海道日本ハムファイターズ,埼玉西武ライオンズ,6.0,1.0,UNKNOWN,エスコンフィールドHOKKAIDO,unknown,low,False,False,2105080,1400195,[],[],,,,,0,light,2025-08-05T05:00:00+00:00,,UNKNOWN,,,,UNKNOWN,UNKNOWN,,UNKNOWN,,10.8,2.1,5.4,2.7,0.0,2.9000000000000004,3.333333333333333,4.0,6.0,0.0,1.0,2.0,,,,1.2857142857142858,0.7142857142857143,3.857142857142857,0.0,1.2857142857142858,4.2,7.0,1.0,5.0,1.0,0.0,3.0,,,,True,True,UNKNOWN,False,False
2021029630,2025-08-03 18:00:00,広島東洋カープ,中日ドラゴンズ,2.0,1.0,UNKNOWN,MAZDA Zoom-Zoom スタジアム広島,unknown,low,False,False,1200098,1700072,[],[],,,,,0,light,2025-08-03T09:00:00+00:00,,UNKNOWN,,,,UNKNOWN,UNKNOWN,,UNKNOWN,,2.571428571428572,0.8571428571428571,2.571428571428572,1.2857142857142858,1.2857142857142858,4.914285714285715,7.0,2.0,5.0,1.0,1.0,2.0,,,,1.5,0.3333333333333333,6.0,0.0,1.5,4.033333333333333,6.0,1.0,2.0,1.0,0.0,4.0,,,,True,True,UNKNOWN,False,False
2021029639,2025-08-05 18:00:00,千葉ロッテマリーンズ,福岡ソフトバンクホークス,6.0,3.0,UNKNOWN,ZOZOマリンスタジアム,excluded,high,False,False,2104078,1600146,[],[],,,,,0,light,2025-08-05T09:00:00+00:00,,UNKNOWN,,,,UNKNOWN,UNKNOWN,,UNKNOWN,,6.230769230769231,1.8461538461538465,16.615384615384617,0.0,2.076923076923077,2.507692307692308,4.333333333333333,3.0,8.0,1.0,0.0,8.0,,,,3.5217391304347823,1.434782608695652,14.086956521739127,3.5217391304347823,2.347826086956521,4.6347826086956525,7.666666666666667,3.0,8.0,2.0,3.0,12.0,,,,True,True,UNKNOWN,False,False
2021029643,2025-08-06 14:00:00,北海道日本ハムファイターズ,埼玉西武ライオンズ,4.0,0.0,UNKNOWN,エスコンフィールドHOKKAIDO,unknown,low,False,False,1400182,1750903,[],[],,,,,0,light,2025-08-06T05:00:00+00:00,,UNKNOWN,,,,UNKNOWN,UNKNOWN,,UNKNOWN,,2.571428571428572,1.1428571428571428,3.857142857142857,2.571428571428572,1.2857142857142858,5.057142857142857,7.0,2.0,6.0,1.0,2.0,3.0,,,,0.0,0.375,5.625,1.125,0.0,2.325,8.0,0.0,2.0,0.0,1.0,5.0,,,,True,True,UNKNOWN,False,False
2021029636,2025-08-05 18:00:00,中日ドラゴンズ,阪神タイガース,2.0,6.0,UNKNOWN,バンテリンドーム ナゴヤ,unknown,low,False,False,1700078,1000138,[],[],,,,,0,light,2025-08-05T09:00:00+00:00,,UNKNOWN,,,,UNKNOWN,UNKNOWN,,UNKNOWN,,3.0,0.5,4.5,0.0,0.0,2.2,6.0,2.0,3.0,0.0,0.0,3.0,,,,0.0,0.8333333333333334,7.5,3.0,0.0,2.5333333333333337,6.0,0.0,3.0,0.0,2.0,5.0,,,,True,True,UNKNOWN,False,False
2021029638,2025-08-05 18:00:00,東北楽天ゴールデンイーグルス,オリックス・バファローズ,1.0,0.0,UNKNOWN,楽天モバイルパーク宮城,unknown,low,False,False,1700109,2110316,[],[],,,,,0,light,2025-08-05T09:00:00+00:00,,UNKNOWN,,,,UNKNOWN,UNKNOWN,,UNKNOWN,,0.0,1.2631578947368425,5.684210526315789,2.8421052631578947,0.0,2.8842105263157896,6.333333333333333,0.0,6.0,0.0,2.0,4.0,,,,0.0,1.105263157894737,5.684210526315789,1.4210526315789471,0.0,2.4105263157894736,6.333333333333333,0.0,6.0,0.0,1.0,4.0,,,,True,True,UNKNOWN,False,False
2021029640,2025-08-06 18:00:00,読売ジャイアンツ,東京ヤクルトスワローズ,2.0,0.0,UNKNOWN,東京ドーム,unknown,low,False,False,2101156,1450977,[],[],,,,,0,light,2025-08-06T09:00:00+00:00,,UNKNOWN,,,,UNKNOWN,UNKNOWN,,UNKNOWN,,3.0,1.1666666666666667,7.5,1.5,0.0,2.033333333333333,6.0,2.0,6.0,0.0,1.0,5.0,,,,0.0,0.5,6.0,1.5,0.0,2.3666666666666667,6.0,0.0,2.0,0.0,1.0,4.0,,,,True,True,UNKNOWN,False,False
2021029641,2025-08-06 17:45:00,横浜DeNAベイスターズ,広島東洋カープ,5.0,8.0,UNKNOWN,横浜スタジアム,unknown,low,False,False,1300057,1700058,[],[],,,,,0,light,2025-08-06T08:45:00+00:00,,UNKNOWN,,,,UNKNOWN,UNKNOWN,,UNKNOWN,,7.941176470588235,1.588235294117647,4.764705882352941,1.588235294117647,3.176470588235294,7.258823529411765,5.666666666666667,5.0,8.0,2.0,1.0,3.0,,,,10.8,2.0,3.6,0.0,3.6,7.6,5.0,6.0,10.0,2.0,0.0,2.0,,,,True,True,UNKNOWN,False,False
2021029642,2025-08-06 18:00:00,中日ドラゴンズ,阪神タイガース,2.0,3.0,UNKNOWN,バンテリンドーム ナゴヤ,unknown,low,False,False,2000055,1600106,[],[],,,,,0,light,2025-08-06T09:00:00+00:00,,UNKNOWN,,,,UNKNOWN,UNKNOWN,,UNKNOWN,,3.0,1.1666666666666667,13.5,1.5,1.5,2.8666666666666667,6.0,2.0,6.0,1.0,1.0,9.0,,,,1.2857142857142858,0.8571428571428571,9.0,2.571428571428572,0.0,2.0571428571428574,7.0,1.0,4.0,0.0,2.0,7.0,,,,True,True,UNKNOWN,False,False
2021029644,2025-08-06 18:00:00,東北楽天ゴールデンイーグルス,オリックス・バファローズ,2.0,1.0,UNKNOWN,楽天モバイルパーク宮城,unknown,low,False,False,1300058,2000126,[],[],,,,,0,light,2025-08-06T09:00:00+00:00,,UNKNOWN,,,,UNKNOWN,UNKNOWN,,UNKNOWN,,2.571428571428572,1.4285714285714286,2.571428571428572,3.857142857142857,1.2857142857142858,5.771428571428572,7.0,2.0,7.0,1.0,3.0,2.0,,,,1.4210526315789471,1.2631578947368425,4.2631578947368425,1.4210526315789471,0.0,2.726315789473684,6.333333333333333,1.0,7.0,0.0,1.0,3.0,,,,True,True,UNKNOWN,False,False
2021029647,2025-08-07 17:45:00,横浜DeNAベイスターズ,広島東洋カープ,9.0,5.0,UNKNOWN,横浜スタジアム,excluded,high,False,False,2103788,2105707,[],[],,,,,0,light,2025-08-07T08:45:00+00:00,,UNKNOWN,,,,UNKNOWN,UNKNOWN,,UNKNOWN,,18.0,3.0,6.0,3.0,3.0,7.2,3.0,6.0,8.0,1.0,1.0,2.0,,,,12.0,1.6666666666666667,18.0,0.0,6.0,7.866666666666667,3.0,4.0,5.0,2.0,0.0,6.0,,,,True,True,UNKNOWN,False,False
2021029649,2025-08-07 14:00:00,北海道日本ハムファイターズ,埼玉西武ライオンズ,0.0,2.0,UNKNOWN,エスコンフィールドHOKKAIDO,unknown,low,False,False,1600127,2050307,[],[],,,,,0,light,2025-08-07T05:00:00+00:00,,UNKNOWN,,,,UNKNOWN,UNKNOWN,,UNKNOWN,,0.0,0.5714285714285714,14.142857142857142,3.857142857142857,0.0,1.342857142857143,7.0,0.0,1.0,0.0,3.0,11.0,,,,0.0,1.105263157894737,11.36842105263158,2.8421052631578947,0.0,1.6210526315789475,6.333333333333333,0.0,5.0,0.0,2.0,8.0,,,,True,True,UNKNOWN,False,False
2021029645,2025-08-06 18:00:00,千葉ロッテマリーンズ,福岡ソフトバンクホークス,3.0,12.0,UNKNOWN,ZOZOマリンスタジアム,unknown,low,False,False,1550517,1300080,[],[],,,,,0,light,2025-08-06T09:00:00+00:00,,UNKNOWN,,,,UNKNOWN,UNKNOWN,,UNKNOWN,,3.0,1.3333333333333333,3.0,1.5,1.5,5.2,6.0,2.0,7.0,1.0,1.0,2.0,,,,14.4,2.8,7.2,3.6,3.6,8.0,5.0,8.0,12.0,2.0,2.0,4.0,,,,True,True,UNKNOWN,False,False
2021029646,2025-08-07 18:00:00,読売ジャイアンツ,東京ヤクルトスワローズ,2.0,3.0,UNKNOWN,東京ドーム,excluded,high,False,False,12113,700069,[],[],,,,,0,light,2025-08-07T09:00:00+00:00,,UNKNOWN,,,,UNKNOWN,UNKNOWN,,UNKNOWN,,3.0,0.6666666666666666,3.0,1.5,0.0,3.0333333333333337,6.0,2.0,3.0,0.0,1.0,2.0,,,,1.588235294117647,1.2352941176470589,4.764705882352941,6.352941176470588,0.0,4.258823529411765,5.666666666666667,1.0,3.0,0.0,4.0,3.0,,,,True,True,UNKNOWN,False,False
2021029648,2025-08-07 18:00:00,中日ドラゴンズ,阪神タイガース,8.0,3.0,UNKNOWN,バンテリンドーム ナゴヤ,unknown,low,False,False,1850363,2108462,[],[],,,,,0,light,2025-08-07T09:00:00+00:00,,UNKNOWN,,,,UNKNOWN,UNKNOWN,,UNKNOWN,,4.5,1.75,9.0,2.25,2.25,5.2,4.0,2.0,6.0,1.0,1.0,4.0,,,,3.375,0.75,6.75,0.0,2.25,4.95,8.0,3.0,6.0,2.0,0.0,6.0,,,,True,True,UNKNOWN,False,False
2021029650,2025-08-07 18:00:00,東北楽天ゴールデンイーグルス,オリックス・バファローズ,7.0,3.0,UNKNOWN,楽天モバイルパーク宮城,unknown,low,False,False,1900087,2106793,[],[],,,,,0,light,2025-08-07T09:00:00+00:00,,UNKNOWN,,,,UNKNOWN,UNKNOWN,,UNKNOWN,,3.6,1.6,3.6,3.6,0.0,3.6,5.0,2.0,6.0,0.0,2.0,2.0,,,,4.5,1.1666666666666667,6.0,3.0,0.0,2.8666666666666667,6.0,3.0,5.0,0.0,2.0,4.0,,,,True,True,UNKNOWN,False,False
2021029651,2025-08-07 18:00:00,千葉ロッテマリーンズ,福岡ソフトバンクホークス,1.0,2.0,UNKNOWN,ZOZOマリンスタジアム,unknown,low,False,False,2107909,2101268,[],[],,,,,0,light,2025-08-07T09:00:00+00:00,,UNKNOWN,,,,UNKNOWN,UNKNOWN,,UNKNOWN,,0.0,1.2,10.8,1.8,0.0,1.4,5.0,0.0,5.0,0.0,1.0,6.0,,,,3.0,1.5,7.5,6.0,0.0,3.5333333333333337,6.0,2.0,5.0,0.0,4.0,5.0,,,,True,True,UNKNOWN,False,False
2021029653,2025-08-08 18:00:00,中日ドラゴンズ,広島東洋カープ,2.0,3.0,UNKNOWN,バンテリンドーム ナゴヤ,unknown,low,False,False,1950429,2100961,[],[],,,,,0,light,2025-08-08T09:00:00+00:00,,UNKNOWN,,,,UNKNOWN,UNKNOWN,,UNKNOWN,,0.0,0.4285714285714285,6.428571428571429,0.0,0.0,1.7714285714285716,7.0,0.0,3.0,0.0,0.0,5.0,,,,2.347826086956521,1.1739130434782608,8.217391304347826,4.695652173913043,0.0,2.939130434782609,7.666666666666667,2.0,5.0,0.0,4.0,7.0,,,,True,True,UNKNOWN,False,False
2021029652,2025-08-08 18:00:00,横浜DeNAベイスターズ,読売ジャイアンツ,2.0,12.0,UNKNOWN,横浜スタジアム,unknown,low,False,False,2000006,2103904,[],[],,,,,0,light,2025-08-08T09:00:00+00:00,,UNKNOWN,,,,UNKNOWN,UNKNOWN,,UNKNOWN,,1.2857142857142858,1.0,7.714285714285714,1.2857142857142858,0.0,1.9142857142857144,7.0,1.0,6.0,0.0,1.0,6.0,,,,3.6,2.0,7.2,3.6,0.0,2.8000000000000003,5.0,2.0,8.0,0.0,2.0,4.0,,,,True,True,UNKNOWN,False,False
2021029654,2025-08-08 18:00:00,阪神タイガース,東京ヤクルトスワローズ,1.0,3.0,UNKNOWN,京セラドーム大阪,unknown,low,False,False,1300045,2000052,[],[],,,,,0,light,2025-08-08T09:00:00+00:00,,UNKNOWN,,,,UNKNOWN,UNKNOWN,,UNKNOWN,,1.2857142857142858,0.7142857142857143,9.0,1.2857142857142858,1.2857142857142858,3.4857142857142858,7.0,1.0,4.0,1.0,1.0,7.0,,,,1.0384615384615383,0.8076923076923077,5.1923076923076925,1.0384615384615383,0.0,2.3923076923076927,8.666666666666666,1.0,6.0,0.0,1.0,5.0,,,,True,True,UNKNOWN,False,False
2021029656,2025-08-09 14:00:00,中日ドラゴンズ,広島東洋カープ,2.0,0.0,UNKNOWN,バンテリンドーム ナゴヤ,unknown,low,False,False,1900052,2000042,[],[],,,,,0,light,2025-08-09T05:00:00+00:00,,UNKNOWN,,,,UNKNOWN,UNKNOWN,,UNKNOWN,,1.5,1.5,4.5,4.5,0.0,3.7,6.0,1.0,6.0,0.0,3.0,3.0,,,,0.0,0.75,5.625,2.25,0.0,2.7,8.0,0.0,4.0,0.0,2.0,5.0,,,,True,True,UNKNOWN,False,False
2021029660,2025-08-09 14:00:00,福岡ソフトバンクホークス,北海道日本ハムファイターズ,4.0,1.0,UNKNOWN,みずほPayPayドーム福岡,unknown,low,False,False,1500110,1400117,[],[],,,,,0,light,2025-08-09T05:00:00+00:00,,UNKNOWN,,,,UNKNOWN,UNKNOWN,,UNKNOWN,,10.8,2.1,0.0,2.7,5.4,11.9,3.333333333333333,4.0,6.0,2.0,1.0,0.0,,,,1.2857142857142858,1.0,10.285714285714286,3.857142857142857,0.0,2.2,7.0,1.0,4.0,0.0,3.0,8.0,,,,True,True,UNKNOWN,False,False
2021029658,2025-08-09 18:00:00,埼玉西武ライオンズ,東北楽天ゴールデンイーグルス,9.0,4.0,UNKNOWN,ベルーナドーム,unknown,low,False,False,1900117,1751148,[],[],,,,,0,light,2025-08-09T09:00:00+00:00,,UNKNOWN,,,,UNKNOWN,UNKNOWN,,UNKNOWN,,5.142857142857143,1.0,3.857142857142857,0.0,2.571428571428572,6.057142857142857,7.0,4.0,7.0,2.0,0.0,3.0,,,,2.347826086956521,0.7826086956521738,7.0434782608695645,1.1739130434782608,0.0,2.0260869565217394,7.666666666666667,2.0,5.0,0.0,1.0,6.0,,,,True,True,UNKNOWN,False,False
2021029657,2025-08-09 18:00:00,阪神タイガース,東京ヤクルトスワローズ,6.0,2.0,UNKNOWN,京セラドーム大阪,unknown,low,False,False,2103794,1960901,[],[],,,,,0,light,2025-08-09T09:00:00+00:00,,UNKNOWN,,,,UNKNOWN,UNKNOWN,,UNKNOWN,,3.0,1.8333333333333333,4.5,3.0,0.0,3.2,6.0,2.0,9.0,0.0,2.0,3.0,,,,1.8,0.8,7.2,1.8,0.0,2.2,5.0,1.0,3.0,0.0,1.0,4.0,,,,True,True,UNKNOWN,False,False
2021029655,2025-08-09 18:00:00,横浜DeNAベイスターズ,読売ジャイアンツ,3.0,4.0,UNKNOWN,横浜スタジアム,excluded,high,False,False,2108022,1961374,[],[],,,,,0,light,2025-08-09T09:00:00+00:00,,UNKNOWN,,,,UNKNOWN,UNKNOWN,,UNKNOWN,,4.5,1.75,2.25,4.5,0.0,4.2,4.0,2.0,5.0,0.0,2.0,1.0,,,,5.0625,1.6875,8.4375,3.375,1.6875,4.8875,5.333333333333333,3.0,7.0,1.0,2.0,5.0,,,,True,True,UNKNOWN,False,False
2021029659,2025-08-09 18:00:00,千葉ロッテマリーンズ,オリックス・バファローズ,2.0,3.0,UNKNOWN,ZOZOマリンスタジアム,unknown,low,False,False,2108177,1800052,[],[],,,,,0,light,2025-08-09T09:00:00+00:00,,UNKNOWN,,,,UNKNOWN,UNKNOWN,,UNKNOWN,,3.0,1.5,6.0,3.0,0.0,2.8666666666666667,6.0,2.0,7.0,0.0,2.0,4.0,,,,3.176470588235294,2.117647058823529,1.588235294117647,6.352941176470588,1.588235294117647,7.258823529411765,5.666666666666667,2.0,8.0,1.0,4.0,1.0,,,,True,True,UNKNOWN,False,False
2021029666,2025-08-10 14:00:00,福岡ソフトバンクホークス,北海道日本ハムファイターズ,1.0,0.0,UNKNOWN,みずほPayPayドーム福岡,unknown,low,False,False,2000079,1700011,[],[],,,,,0,light,2025-08-10T05:00:00+00:00,,UNKNOWN,,,,UNKNOWN,UNKNOWN,,UNKNOWN,,1.125,0.75,12.375,2.25,0.0,1.2000000000000002,8.0,1.0,4.0,0.0,2.0,11.0,,,,0.0,0.4444444444444444,13.0,1.0,0.0,0.6444444444444448,9.0,0.0,3.0,0.0,1.0,13.0,,,,True,True,UNKNOWN,False,False
2021029662,2025-08-10 13:30:00,中日ドラゴンズ,広島東洋カープ,5.0,6.0,UNKNOWN,バンテリンドーム ナゴヤ,unknown,low,False,False,1900057,1200098,[],[],,,,,0,light,2025-08-10T04:30:00+00:00,,UNKNOWN,,,,UNKNOWN,UNKNOWN,,UNKNOWN,,7.2,1.2,5.4,0.0,1.8,4.6,5.0,4.0,6.0,1.0,0.0,3.0,,,,6.0,1.3333333333333333,6.0,1.5,3.0,6.7,6.0,4.0,7.0,2.0,1.0,4.0,,,,True,True,UNKNOWN,False,False
2021029667,2025-08-11 14:00:00,読売ジャイアンツ,中日ドラゴンズ,0.0,2.0,UNKNOWN,東京ドーム,unknown,low,False,False,1660558,1800028,[],[],,,,,0,light,2025-08-11T05:00:00+00:00,,UNKNOWN,,,,UNKNOWN,UNKNOWN,,UNKNOWN,,0.0,1.2,7.2,3.6,0.0,2.8000000000000003,5.0,0.0,4.0,0.0,2.0,4.0,,,,3.6,1.2,7.2,1.8,1.8,4.800000000000001,5.0,2.0,5.0,1.0,1.0,4.0,,,,True,True,UNKNOWN,False,False
2021029664,2025-08-10 17:00:00,埼玉西武ライオンズ,東北楽天ゴールデンイーグルス,4.0,9.0,UNKNOWN,ベルーナドーム,unknown,low,False,False,2060039,2103657,[],[],,,,,0,light,2025-08-10T08:00:00+00:00,,UNKNOWN,,,,UNKNOWN,UNKNOWN,,UNKNOWN,,6.75,2.75,0.0,4.5,0.0,4.7,4.0,3.0,9.0,0.0,2.0,0.0,,,,8.1,2.7,5.4,8.1,0.0,4.7,3.333333333333333,3.0,6.0,0.0,3.0,2.0,,,,True,True,UNKNOWN,False,False
2021029663,2025-08-10 18:00:00,阪神タイガース,東京ヤクルトスワローズ,5.0,2.0,UNKNOWN,京セラドーム大阪,unknown,low,False,False,1900024,1600115,[],[],,,,,0,light,2025-08-10T09:00:00+00:00,,UNKNOWN,,,,UNKNOWN,UNKNOWN,,UNKNOWN,,6.75,3.0,4.5,4.5,2.25,6.95,4.0,3.0,10.0,1.0,2.0,2.0,,,,2.0,1.1111111111111112,8.0,0.0,1.0,2.8666666666666667,9.0,2.0,10.0,1.0,0.0,8.0,,,,True,True,UNKNOWN,False,False
2021029672,2025-08-11 14:00:00,福岡ソフトバンクホークス,北海道日本ハムファイターズ,3.0,1.0,UNKNOWN,みずほPayPayドーム福岡,excluded,high,False,False,2106890,1900106,[],[],,,,,0,light,2025-08-11T05:00:00+00:00,,UNKNOWN,,,,UNKNOWN,UNKNOWN,,UNKNOWN,,5.4,2.1,8.1,5.4,0.0,3.2,3.333333333333333,2.0,5.0,0.0,2.0,3.0,,,,1.5,0.6666666666666666,6.0,0.0,1.5,4.033333333333333,6.0,1.0,4.0,1.0,0.0,4.0,,,,True,True,UNKNOWN,False,False
2021029670,2025-08-11 17:00:00,埼玉西武ライオンズ,東北楽天ゴールデンイーグルス,5.0,4.0,UNKNOWN,ベルーナドーム,unknown,low,False,False,700065,1800081,[],[],,,,,0,light,2025-08-11T08:00:00+00:00,,UNKNOWN,,,,UNKNOWN,UNKNOWN,,UNKNOWN,,3.176470588235294,1.4117647058823528,4.764705882352941,3.176470588235294,3.176470588235294,7.788235294117647,5.666666666666667,2.0,6.0,2.0,2.0,3.0,,,,3.6,1.8,5.4,3.6,1.8,5.800000000000001,5.0,2.0,7.0,1.0,2.0,3.0,,,,True,True,UNKNOWN,False,False
2021029671,2025-08-11 17:00:00,千葉ロッテマリーンズ,オリックス・バファローズ,3.0,5.0,UNKNOWN,ZOZOマリンスタジアム,unknown,low,False,False,1851026,1961672,[],[],,,,,0,light,2025-08-11T08:00:00+00:00,,UNKNOWN,,,,UNKNOWN,UNKNOWN,,UNKNOWN,,3.176470588235294,1.4117647058823528,6.352941176470588,3.176470588235294,0.0,2.847058823529412,5.666666666666667,2.0,6.0,0.0,2.0,4.0,,,,1.8,1.2,9.0,0.0,0.0,1.2000000000000002,5.0,1.0,6.0,0.0,0.0,5.0,,,,True,True,UNKNOWN,False,False
2021029668,2025-08-11 18:00:00,東京ヤクルトスワローズ,横浜DeNAベイスターズ,9.0,4.0,UNKNOWN,明治神宮野球場,excluded,high,False,False,1300031,1200076,[],[],,,,,0,light,2025-08-11T09:00:00+00:00,,UNKNOWN,,,,UNKNOWN,UNKNOWN,,UNKNOWN,,9.0,2.6666666666666665,6.0,3.0,6.0,11.533333333333337,3.0,3.0,7.0,2.0,1.0,2.0,,,,0.0,1.8,10.8,3.6,0.0,2.0,5.0,0.0,7.0,0.0,2.0,6.0,,,,True,True,UNKNOWN,False,False
2021029673,2025-08-12 18:00:00,読売ジャイアンツ,中日ドラゴンズ,5.0,0.0,UNKNOWN,東京ドーム,unknown,low,False,False,1000138,1450977,[],[],,,,,0,light,2025-08-12T09:00:00+00:00,,UNKNOWN,,,,UNKNOWN,UNKNOWN,,UNKNOWN,,0.0,1.6,5.4,1.8,1.8,5.2,5.0,0.0,7.0,1.0,1.0,3.0,,,,0.0,0.7142857142857143,7.714285714285714,3.857142857142857,0.0,2.771428571428572,7.0,0.0,2.0,0.0,3.0,6.0,,,,True,True,UNKNOWN,False,False
2021029674,2025-08-12 18:00:00,東京ヤクルトスワローズ,横浜DeNAベイスターズ,3.0,1.0,UNKNOWN,明治神宮野球場,unknown,low,False,False,2112182,1961468,[],[],,,,,0,light,2025-08-12T09:00:00+00:00,,UNKNOWN,,,,UNKNOWN,UNKNOWN,,UNKNOWN,,1.5,0.8333333333333334,4.5,1.5,0.0,2.7,6.0,1.0,4.0,0.0,1.0,3.0,,,,1.2857142857142858,1.0,12.857142857142858,3.857142857142857,0.0,1.6285714285714288,7.0,1.0,4.0,0.0,3.0,10.0,,,,True,True,UNKNOWN,False,False
2021029677,2025-08-13 18:00:00,東京ヤクルトスワローズ,横浜DeNAベイスターズ,2.0,10.0,UNKNOWN,明治神宮野球場,unknown,low,False,False,1700058,2101156,[],[],,,,,0,light,2025-08-13T09:00:00+00:00,,UNKNOWN,,,,UNKNOWN,UNKNOWN,,UNKNOWN,,3.0,1.1666666666666667,10.5,3.0,3.0,6.2,6.0,2.0,5.0,2.0,2.0,7.0,,,,5.4,1.2,5.4,1.8,1.8,5.2,5.0,3.0,5.0,1.0,1.0,3.0,,,,True,True,UNKNOWN,False,False
2021029676,2025-08-13 18:00:00,読売ジャイアンツ,中日ドラゴンズ,3.0,4.0,UNKNOWN,東京ドーム,unknown,low,False,False,1600106,700069,[],[],,,,,0,light,2025-08-13T09:00:00+00:00,,UNKNOWN,,,,UNKNOWN,UNKNOWN,,UNKNOWN,,4.5,1.6666666666666667,12.0,6.0,1.5,4.7,6.0,3.0,6.0,1.0,4.0,8.0,,,,0.0,1.6,9.0,1.8,0.0,1.8000000000000005,5.0,0.0,7.0,0.0,1.0,5.0,,,,True,True,UNKNOWN,False,False
2021029675,2025-08-12 18:00:00,広島東洋カープ,阪神タイガース,9.0,2.0,UNKNOWN,MAZDA Zoom-Zoom スタジアム広島,unknown,low,False,False,1700137,1600123,[],[],,,,,0,light,2025-08-12T09:00:00+00:00,,UNKNOWN,,,,UNKNOWN,UNKNOWN,,UNKNOWN,,15.75,2.25,4.5,0.0,2.25,5.45,4.0,7.0,9.0,1.0,0.0,2.0,,,,2.571428571428572,1.2857142857142858,9.0,5.142857142857143,0.0,2.9142857142857146,7.0,2.0,5.0,0.0,4.0,7.0,,,,True,True,UNKNOWN,False,False
2021029679,2025-08-13 18:00:00,北海道日本ハムファイターズ,千葉ロッテマリーンズ,3.0,2.0,UNKNOWN,エスコンフィールドHOKKAIDO,unknown,low,False,False,1600146,1400195,[],[],,,,,0,light,2025-08-13T09:00:00+00:00,,UNKNOWN,,,,UNKNOWN,UNKNOWN,,UNKNOWN,,2.25,1.0,12.375,1.125,1.125,2.45,8.0,2.0,7.0,1.0,1.0,11.0,,,,3.6,1.6,7.2,3.6,0.0,2.8000000000000003,5.0,2.0,6.0,0.0,2.0,4.0,,,,True,True,UNKNOWN,False,False
2021029678,2025-08-13 18:00:00,広島東洋カープ,阪神タイガース,0.0,2.0,UNKNOWN,MAZDA Zoom-Zoom スタジアム広島,unknown,low,False,False,1700078,1300057,[],[],,,,,0,light,2025-08-13T09:00:00+00:00,,UNKNOWN,,,,UNKNOWN,UNKNOWN,,UNKNOWN,,0.0,0.5714285714285714,7.714285714285714,0.0,0.0,1.485714285714286,7.0,0.0,4.0,0.0,0.0,6.0,,,,0.0,0.5,6.0,1.5,0.0,2.3666666666666667,6.0,0.0,2.0,0.0,1.0,4.0,,,,True,True,UNKNOWN,False,False
2021029681,2025-08-13 18:00:00,オリックス・バファローズ,東北楽天ゴールデンイーグルス,4.0,7.0,UNKNOWN,京セラドーム大阪,unknown,low,False,False,2110316,1750595,[],[],,,,,0,light,2025-08-13T09:00:00+00:00,,UNKNOWN,,,,UNKNOWN,UNKNOWN,,UNKNOWN,,4.2631578947368425,1.5789473684210529,8.526315789473685,1.4210526315789471,0.0,1.7789473684210528,6.333333333333333,3.0,9.0,0.0,1.0,6.0,,,,12.461538461538462,2.076923076923077,6.230769230769231,6.230769230769231,2.076923076923077,6.892307692307693,4.333333333333333,6.0,6.0,1.0,3.0,3.0,,,,True,True,UNKNOWN,False,False
2021029680,2025-08-13 18:00:00,埼玉西武ライオンズ,福岡ソフトバンクホークス,3.0,5.0,UNKNOWN,ベルーナドーム,excluded,high,False,False,1100099,1800080,[],[],,,,,0,light,2025-08-13T09:00:00+00:00,,UNKNOWN,,,,UNKNOWN,UNKNOWN,,UNKNOWN,,1.5,1.1666666666666667,7.5,4.5,0.0,3.0333333333333337,6.0,1.0,4.0,0.0,3.0,5.0,,,,9.0,2.0,7.2,5.4,0.0,3.4000000000000004,5.0,5.0,7.0,0.0,3.0,4.0,,,,True,True,UNKNOWN,False,False
2021029682,2025-08-14 18:00:00,北海道日本ハムファイターズ,千葉ロッテマリーンズ,9.0,4.0,UNKNOWN,エスコンフィールドHOKKAIDO,excluded,high,False,False,2000090,2100027,[],[],,,,,0,light,2025-08-14T09:00:00+00:00,,UNKNOWN,,,,UNKNOWN,UNKNOWN,,UNKNOWN,,9.818181818181818,2.181818181818182,12.272727272727272,7.363636363636364,2.4545454545454546,6.472727272727273,3.6666666666666665,4.0,5.0,1.0,3.0,5.0,,,,2.571428571428572,1.1428571428571428,9.0,1.2857142857142858,1.2857142857142858,3.4857142857142858,7.0,2.0,7.0,1.0,1.0,7.0,,,,True,True,UNKNOWN,False,False
2021029683,2025-08-14 18:00:00,埼玉西武ライオンズ,福岡ソフトバンクホークス,3.0,2.0,UNKNOWN,ベルーナドーム,unknown,low,False,False,1550517,1400182,[],[],,,,,0,light,2025-08-14T09:00:00+00:00,,UNKNOWN,,,,UNKNOWN,UNKNOWN,,UNKNOWN,,4.764705882352941,1.2352941176470589,6.352941176470588,1.588235294117647,1.588235294117647,4.6117647058823525,5.666666666666667,3.0,6.0,1.0,1.0,4.0,,,,0.0,1.0,4.5,4.5,0.0,3.7,2.0,0.0,1.0,0.0,1.0,1.0,,,,True,True,UNKNOWN,False,False
2021029684,2025-08-14 18:00:00,オリックス・バファローズ,東北楽天ゴールデンイーグルス,1.0,5.0,UNKNOWN,京セラドーム大阪,unknown,low,False,False,2000123,1700109,[],[],,,,,0,light,2025-08-14T09:00:00+00:00,,UNKNOWN,,,,UNKNOWN,UNKNOWN,,UNKNOWN,,1.2272727272727273,0.8181818181818182,2.4545454545454546,0.0,0.0,2.6545454545454548,7.333333333333333,1.0,6.0,0.0,0.0,2.0,,,,3.0,1.5,4.5,4.5,0.0,3.7,6.0,2.0,6.0,0.0,3.0,3.0,,,,True,True,UNKNOWN,False,False
2021029685,2025-08-15 18:00:00,読売ジャイアンツ,阪神タイガース,6.0,5.0,UNKNOWN,東京ドーム,unknown,low,False,False,2000052,2000006,[],[],,,,,0,light,2025-08-15T09:00:00+00:00,,UNKNOWN,,,,UNKNOWN,UNKNOWN,,UNKNOWN,,4.764705882352941,0.7058823529411764,6.352941176470588,0.0,1.588235294117647,4.08235294117647,5.666666666666667,3.0,4.0,1.0,0.0,4.0,,,,9.0,1.75,2.25,6.75,2.25,8.2,4.0,4.0,4.0,1.0,3.0,1.0,,,,True,True,UNKNOWN,False,False
2021029686,2025-08-15 18:00:00,中日ドラゴンズ,横浜DeNAベイスターズ,3.0,4.0,UNKNOWN,バンテリンドーム ナゴヤ,unknown,low,False,False,2103904,2108462,[],[],,,,,0,light,2025-08-15T09:00:00+00:00,,UNKNOWN,,,,UNKNOWN,UNKNOWN,,UNKNOWN,,2.571428571428572,1.2857142857142858,5.142857142857143,3.857142857142857,1.2857142857142858,5.2,7.0,2.0,6.0,1.0,3.0,4.0,,,,3.0,1.3333333333333333,4.5,3.0,1.5,5.366666666666667,6.0,2.0,6.0,1.0,2.0,3.0,,,,True,True,UNKNOWN,False,False
2021029687,2025-08-15 18:00:00,広島東洋カープ,東京ヤクルトスワローズ,1.0,2.0,UNKNOWN,MAZDA Zoom-Zoom スタジアム広島,unknown,low,False,False,1300045,2103788,[],[],,,,,0,light,2025-08-15T09:00:00+00:00,,UNKNOWN,,,,UNKNOWN,UNKNOWN,,UNKNOWN,,0.0,1.0,7.5,1.5,0.0,2.033333333333333,6.0,0.0,5.0,0.0,1.0,5.0,,,,2.571428571428572,0.8571428571428571,3.857142857142857,0.0,1.2857142857142858,4.2,7.0,2.0,6.0,1.0,0.0,3.0,,,,True,True,UNKNOWN,False,False
2021029688,2025-08-15 18:00:00,東北楽天ゴールデンイーグルス,北海道日本ハムファイターズ,3.0,1.0,UNKNOWN,楽天モバイルパーク宮城,unknown,low,False,False,1750903,2106793,[],[],,,,,0,light,2025-08-15T09:00:00+00:00,,UNKNOWN,,,,UNKNOWN,UNKNOWN,,UNKNOWN,,3.0,1.0,9.0,3.0,1.5,4.366666666666667,6.0,2.0,4.0,1.0,2.0,6.0,,,,1.2857142857142858,0.8571428571428571,10.285714285714286,2.571428571428572,0.0,1.7714285714285716,7.0,1.0,4.0,0.0,2.0,8.0,,,,True,True,UNKNOWN,False,False
2021029691,2025-08-16 14:00:00,読売ジャイアンツ,阪神タイガース,0.0,3.0,UNKNOWN,東京ドーム,excluded,high,False,False,2000055,1900019,[],[],,,,,0,light,2025-08-16T05:00:00+00:00,,UNKNOWN,,,,UNKNOWN,UNKNOWN,,UNKNOWN,,0.0,0.3333333333333333,9.0,1.0,0.0,1.5333333333333334,9.0,0.0,2.0,0.0,1.0,9.0,,,,9.0,2.333333333333333,3.0,6.0,3.0,8.866666666666667,3.0,3.0,5.0,1.0,2.0,1.0,,,,True,True,UNKNOWN,False,False
2021029689,2025-08-15 18:00:00,オリックス・バファローズ,埼玉西武ライオンズ,1.0,0.0,UNKNOWN,京セラドーム大阪,unknown,low,False,False,1600127,1300058,[],[],,,,,0,light,2025-08-15T09:00:00+00:00,,UNKNOWN,,,,UNKNOWN,UNKNOWN,,UNKNOWN,,1.125,1.0,3.375,2.25,0.0,3.2,8.0,1.0,6.0,0.0,2.0,3.0,,,,0.0,0.75,5.4,4.05,0.0,3.35,6.666666666666667,0.0,2.0,0.0,3.0,4.0,,,,True,True,UNKNOWN,False,False
2021029692,2025-08-16 14:00:00,中日ドラゴンズ,横浜DeNAベイスターズ,0.0,6.0,UNKNOWN,バンテリンドーム ナゴヤ,excluded,high,False,False,1650915,2000042,[],[],,,,,0,light,2025-08-16T05:00:00+00:00,,UNKNOWN,,,,UNKNOWN,UNKNOWN,,UNKNOWN,,0.0,0.4285714285714285,7.714285714285714,1.2857142857142858,0.0,1.9142857142857144,7.0,0.0,2.0,0.0,1.0,6.0,,,,4.5,0.8333333333333334,9.0,0.0,1.5,3.3666666666666667,6.0,3.0,5.0,1.0,0.0,6.0,,,,True,True,UNKNOWN,False,False
2021029695,2025-08-16 14:00:00,オリックス・バファローズ,埼玉西武ライオンズ,0.0,1.0,UNKNOWN,京セラドーム大阪,unknown,low,False,False,1700125,2108177,[],[],,,,,0,light,2025-08-16T05:00:00+00:00,,UNKNOWN,,,,UNKNOWN,UNKNOWN,,UNKNOWN,,0.0,0.5,4.5,0.0,0.0,2.2,6.0,0.0,3.0,0.0,0.0,3.0,,,,1.5,1.1666666666666667,7.5,3.0,0.0,2.5333333333333337,6.0,1.0,5.0,0.0,2.0,5.0,,,,True,True,UNKNOWN,False,False
2021029690,2025-08-15 18:00:00,福岡ソフトバンクホークス,千葉ロッテマリーンズ,6.0,1.0,UNKNOWN,みずほPayPayドーム福岡,unknown,low,False,False,2101268,2107909,[],[],,,,,0,light,2025-08-15T09:00:00+00:00,,UNKNOWN,,,,UNKNOWN,UNKNOWN,,UNKNOWN,,0.0,1.4,7.2,7.2,0.0,4.0,5.0,0.0,3.0,0.0,4.0,4.0,,,,1.2857142857142858,0.8571428571428571,7.714285714285714,1.2857142857142858,0.0,1.9142857142857144,7.0,1.0,5.0,0.0,1.0,6.0,,,,True,True,UNKNOWN,False,False
2021029696,2025-08-16 14:00:00,福岡ソフトバンクホークス,千葉ロッテマリーンズ,2.0,7.0,UNKNOWN,みずほPayPayドーム福岡,unknown,low,False,False,1800052,1400117,[],[],,,,,0,light,2025-08-16T05:00:00+00:00,,UNKNOWN,,,,UNKNOWN,UNKNOWN,,UNKNOWN,,2.25,1.25,11.25,2.25,2.25,4.7,8.0,2.0,8.0,2.0,2.0,10.0,,,,6.75,2.75,4.5,0.0,0.0,2.2,4.0,3.0,11.0,0.0,0.0,2.0,,,,True,True,UNKNOWN,False,False
2021029694,2025-08-16 18:00:00,東北楽天ゴールデンイーグルス,北海道日本ハムファイターズ,5.0,9.0,UNKNOWN,楽天モバイルパーク宮城,unknown,low,False,False,1500110,2000126,[],[],,,,,0,light,2025-08-16T09:00:00+00:00,,UNKNOWN,,,,UNKNOWN,UNKNOWN,,UNKNOWN,,3.0,1.5,7.5,1.5,3.0,6.366666666666667,6.0,2.0,8.0,2.0,1.0,5.0,,,,9.818181818181818,2.181818181818182,4.909090909090909,2.4545454545454546,0.0,2.9272727272727272,3.6666666666666665,4.0,7.0,0.0,1.0,2.0,,,,True,True,UNKNOWN,False,False
2021029693,2025-08-16 18:00:00,広島東洋カープ,東京ヤクルトスワローズ,5.0,3.0,UNKNOWN,MAZDA Zoom-Zoom スタジアム広島,unknown,low,False,False,2103794,1900052,[],[],,,,,0,light,2025-08-16T09:00:00+00:00,,UNKNOWN,,,,UNKNOWN,UNKNOWN,,UNKNOWN,,6.0,1.6666666666666667,4.5,3.0,3.0,7.533333333333333,6.0,4.0,8.0,2.0,2.0,3.0,,,,3.0,1.5,6.0,3.0,0.0,2.8666666666666667,6.0,2.0,7.0,0.0,2.0,4.0,,,,True,True,UNKNOWN,False,False
2021029697,2025-08-17 13:00:00,読売ジャイアンツ,阪神タイガース,1.0,3.0,UNKNOWN,東京ドーム,unknown,low,False,False,1600115,2103689,[],[],,,,,0,light,2025-08-17T04:00:00+00:00,,UNKNOWN,,,,UNKNOWN,UNKNOWN,,UNKNOWN,,1.8,1.6,9.0,1.8,1.8,4.4,5.0,1.0,7.0,1.0,1.0,5.0,,,,2.25,1.5,4.5,2.25,0.0,2.95,4.0,1.0,5.0,0.0,1.0,2.0,,,,True,True,UNKNOWN,False,False
2021029702,2025-08-17 13:00:00,福岡ソフトバンクホークス,千葉ロッテマリーンズ,1.0,0.0,UNKNOWN,みずほPayPayドーム福岡,excluded,high,False,False,900081,1700011,[],[],,,,,0,light,2025-08-17T04:00:00+00:00,,UNKNOWN,,,,UNKNOWN,UNKNOWN,,UNKNOWN,,0.0,0.6,7.2,1.8,0.0,2.2,5.0,0.0,2.0,0.0,1.0,4.0,,,,0.0,0.7142857142857143,12.857142857142858,2.571428571428572,0.0,1.2000000000000002,7.0,0.0,3.0,0.0,2.0,10.0,,,,True,True,UNKNOWN,False,False
2021029701,2025-08-17 13:00:00,オリックス・バファローズ,埼玉西武ライオンズ,7.0,6.0,UNKNOWN,京セラドーム大阪,unknown,low,False,False,1751148,1750543,[],[],,,,,0,light,2025-08-17T04:00:00+00:00,,UNKNOWN,,,,UNKNOWN,UNKNOWN,,UNKNOWN,,9.0,1.6666666666666667,7.5,1.5,3.0,6.366666666666667,6.0,6.0,9.0,2.0,1.0,5.0,,,,18.0,2.5,4.5,0.0,0.0,2.2,2.0,4.0,5.0,0.0,0.0,1.0,,,,True,True,UNKNOWN,False,False
2021029700,2025-08-17 17:00:00,東北楽天ゴールデンイーグルス,北海道日本ハムファイターズ,5.0,7.0,UNKNOWN,楽天モバイルパーク宮城,unknown,low,False,False,2000079,2060039,[],[],,,,,0,light,2025-08-17T08:00:00+00:00,,UNKNOWN,,,,UNKNOWN,UNKNOWN,,UNKNOWN,,2.571428571428572,0.5714285714285714,10.285714285714286,0.0,1.2857142857142858,2.771428571428572,7.0,2.0,4.0,1.0,0.0,8.0,,,,15.428571428571429,3.0,7.7142857142857135,3.8571428571428568,0.0,2.771428571428572,2.333333333333333,4.0,6.0,0.0,1.0,2.0,,,,True,True,UNKNOWN,False,False
2021029698,2025-08-17 13:30:00,中日ドラゴンズ,横浜DeNAベイスターズ,4.0,5.0,UNKNOWN,バンテリンドーム ナゴヤ,excluded,high,False,False,1200062,1200098,[],[],,,,,0,light,2025-08-17T04:30:00+00:00,,UNKNOWN,,,,UNKNOWN,UNKNOWN,,UNKNOWN,,1.8,1.2,9.0,1.8,0.0,1.8000000000000005,5.0,1.0,5.0,0.0,1.0,5.0,,,,2.7,1.05,4.05,1.35,1.35,4.7,6.666666666666667,2.0,6.0,1.0,1.0,3.0,,,,True,True,UNKNOWN,False,False
2021029703,2025-08-19 18:00:00,東京ヤクルトスワローズ,読売ジャイアンツ,2.0,15.0,UNKNOWN,明治神宮野球場,unknown,low,False,False,1800028,1961468,[],[],,,,,0,light,2025-08-19T09:00:00+00:00,,UNKNOWN,,,,UNKNOWN,UNKNOWN,,UNKNOWN,,2.25,0.75,6.75,1.125,0.0,2.075,8.0,2.0,5.0,0.0,1.0,6.0,,,,16.615384615384617,3.0,8.307692307692308,0.0,6.230769230769231,10.353846153846154,4.333333333333333,8.0,13.0,3.0,0.0,4.0,,,,True,True,UNKNOWN,False,False
2021029699,2025-08-17 18:00:00,広島東洋カープ,東京ヤクルトスワローズ,2.0,7.0,UNKNOWN,MAZDA Zoom-Zoom スタジアム広島,unknown,low,False,False,1900024,1700072,[],[],,,,,0,light,2025-08-17T09:00:00+00:00,,UNKNOWN,,,,UNKNOWN,UNKNOWN,,UNKNOWN,,2.8421052631578947,1.8947368421052635,4.2631578947368425,1.4210526315789471,0.0,2.726315789473684,6.333333333333333,2.0,11.0,0.0,1.0,3.0,,,,16.2,3.3,5.4,2.7,0.0,2.9000000000000004,3.333333333333333,6.0,10.0,0.0,1.0,2.0,,,,True,True,UNKNOWN,False,False
2021029704,2025-08-19 18:00:00,横浜DeNAベイスターズ,広島東洋カープ,1.0,3.0,UNKNOWN,横浜スタジアム,unknown,low,False,False,1600123,1300031,[],[],,,,,0,light,2025-08-19T09:00:00+00:00,,UNKNOWN,,,,UNKNOWN,UNKNOWN,,UNKNOWN,,1.2857142857142858,1.1428571428571428,5.142857142857143,1.2857142857142858,0.0,2.4857142857142858,7.0,1.0,7.0,0.0,1.0,4.0,,,,1.8,1.0,10.8,3.6,0.0,2.0,5.0,1.0,3.0,0.0,2.0,6.0,,,,True,True,UNKNOWN,False,False
2021029706,2025-08-19 18:00:00,北海道日本ハムファイターズ,オリックス・バファローズ,6.0,5.0,UNKNOWN,エスコンフィールドHOKKAIDO,unknown,low,False,False,1851026,2050307,[],[],,,,,0,light,2025-08-19T09:00:00+00:00,,UNKNOWN,,,,UNKNOWN,UNKNOWN,,UNKNOWN,,3.6,2.0,9.0,5.4,0.0,3.0,5.0,2.0,7.0,0.0,3.0,5.0,,,,6.428571428571429,0.8571428571428571,9.0,2.571428571428572,2.571428571428572,5.771428571428572,7.0,5.0,4.0,2.0,2.0,7.0,,,,True,True,UNKNOWN,False,False
2021029707,2025-08-19 18:00:00,千葉ロッテマリーンズ,東北楽天ゴールデンイーグルス,3.0,4.0,UNKNOWN,ZOZOマリンスタジアム,unknown,low,False,False,700065,2111821,[],[],,,,,0,light,2025-08-19T09:00:00+00:00,,UNKNOWN,,,,UNKNOWN,UNKNOWN,,UNKNOWN,,5.785714285714286,2.357142857142857,3.8571428571428568,7.7142857142857135,1.9285714285714284,7.7,4.666666666666667,3.0,7.0,1.0,4.0,2.0,,,,3.0,1.1666666666666667,6.0,3.0,1.5,5.033333333333333,6.0,2.0,5.0,1.0,2.0,4.0,,,,True,True,UNKNOWN,False,False
2021029708,2025-08-19 18:00:00,福岡ソフトバンクホークス,埼玉西武ライオンズ,5.0,2.0,UNKNOWN,みずほPayPayドーム福岡,unknown,low,False,False,1800081,1900106,[],[],,,,,0,light,2025-08-19T09:00:00+00:00,,UNKNOWN,,,,UNKNOWN,UNKNOWN,,UNKNOWN,,12.0,2.6666666666666665,6.0,6.0,0.0,3.866666666666666,3.0,4.0,6.0,0.0,2.0,2.0,,,,2.571428571428572,1.0,5.142857142857143,1.2857142857142858,1.2857142857142858,4.342857142857143,7.0,2.0,6.0,1.0,1.0,4.0,,,,True,True,UNKNOWN,False,False
2021029705,2025-08-19 18:00:00,阪神タイガース,中日ドラゴンズ,5.0,4.0,UNKNOWN,京セラドーム大阪,unknown,low,False,False,2100961,2100915,[],[],,,,,0,light,2025-08-19T09:00:00+00:00,,UNKNOWN,,,,UNKNOWN,UNKNOWN,,UNKNOWN,,1.8,1.8,9.0,3.6,0.0,2.4000000000000004,5.0,1.0,7.0,0.0,2.0,5.0,,,,6.230769230769231,1.8461538461538465,8.307692307692308,6.230769230769231,0.0,3.430769230769231,4.333333333333333,3.0,5.0,0.0,3.0,4.0,,,,True,True,UNKNOWN,False,False
2021029709,2025-08-20 18:00:00,東京ヤクルトスワローズ,読売ジャイアンツ,7.0,2.0,UNKNOWN,明治神宮野球場,unknown,low,False,False,1450977,2101156,[],[],,,,,0,light,2025-08-20T09:00:00+00:00,,UNKNOWN,,,,UNKNOWN,UNKNOWN,,UNKNOWN,,12.461538461538462,2.076923076923077,4.153846153846154,2.076923076923077,4.153846153846154,8.96923076923077,4.333333333333333,6.0,8.0,2.0,1.0,2.0,,,,3.176470588235294,1.2352941176470589,14.294117647058822,6.352941176470588,0.0,2.141176470588236,5.666666666666667,2.0,3.0,0.0,4.0,9.0,,,,True,True,UNKNOWN,False,False
2021029710,2025-08-20 18:00:00,横浜DeNAベイスターズ,広島東洋カープ,7.0,4.0,UNKNOWN,横浜スタジアム,unknown,low,False,False,1300057,1700058,[],[],,,,,0,light,2025-08-20T09:00:00+00:00,,UNKNOWN,,,,UNKNOWN,UNKNOWN,,UNKNOWN,,15.0,2.6666666666666665,6.0,3.0,0.0,2.8666666666666667,3.0,5.0,7.0,0.0,1.0,2.0,,,,5.4,2.0,1.8,3.6,1.8,6.6,5.0,3.0,8.0,1.0,2.0,1.0,,,,True,True,UNKNOWN,False,False
2021029711,2025-08-20 18:00:00,阪神タイガース,中日ドラゴンズ,1.0,2.0,UNKNOWN,京セラドーム大阪,unknown,low,False,False,1000138,1850363,[],[],,,,,0,light,2025-08-20T09:00:00+00:00,,UNKNOWN,,,,UNKNOWN,UNKNOWN,,UNKNOWN,,1.5,1.1666666666666667,4.5,1.5,0.0,2.7,6.0,1.0,6.0,0.0,1.0,3.0,,,,3.0,1.5,3.0,3.0,0.0,3.5333333333333337,6.0,2.0,7.0,0.0,2.0,2.0,,,,True,True,UNKNOWN,False,False
2021029712,2025-08-20 18:00:00,北海道日本ハムファイターズ,オリックス・バファローズ,6.0,5.0,UNKNOWN,エスコンフィールドHOKKAIDO,excluded,high,False,False,1900092,1400195,[],[],,,,,0,light,2025-08-20T09:00:00+00:00,,UNKNOWN,,,,UNKNOWN,UNKNOWN,,UNKNOWN,,4.5,1.75,4.5,0.0,4.5,8.7,4.0,2.0,7.0,2.0,0.0,2.0,,,,5.0625,1.6875,1.6875,3.375,3.375,8.825,5.333333333333333,3.0,7.0,2.0,2.0,1.0,,,,True,True,UNKNOWN,False,False
2021029713,2025-08-20 18:00:00,千葉ロッテマリーンズ,東北楽天ゴールデンイーグルス,5.0,3.0,UNKNOWN,ZOZOマリンスタジアム,unknown,low,False,False,2110316,1600146,[],[],,,,,0,light,2025-08-20T09:00:00+00:00,,UNKNOWN,,,,UNKNOWN,UNKNOWN,,UNKNOWN,,4.5,1.5,6.0,0.0,0.0,1.866666666666667,6.0,3.0,9.0,0.0,0.0,4.0,,,,0.0,1.0,13.5,3.0,0.0,1.2000000000000002,6.0,0.0,4.0,0.0,2.0,9.0,,,,True,True,UNKNOWN,False,False
2021029714,2025-08-20 18:00:00,福岡ソフトバンクホークス,埼玉西武ライオンズ,5.0,4.0,UNKNOWN,みずほPayPayドーム福岡,unknown,low,False,False,1800080,1100099,[],[],,,,,0,light,2025-08-20T09:00:00+00:00,,UNKNOWN,,,,UNKNOWN,UNKNOWN,,UNKNOWN,,3.6,0.8,5.4,1.8,3.6,7.8,5.0,2.0,3.0,2.0,1.0,3.0,,,,2.571428571428572,0.8571428571428571,15.428571428571429,2.571428571428572,1.2857142857142858,2.4857142857142858,7.0,2.0,4.0,1.0,2.0,12.0,,,,True,True,UNKNOWN,False,False
2021029715,2025-08-21 18:00:00,東京ヤクルトスワローズ,読売ジャイアンツ,1.0,7.0,UNKNOWN,明治神宮野球場,unknown,low,False,False,700069,12113,[],[],,,,,0,light,2025-08-21T09:00:00+00:00,,UNKNOWN,,,,UNKNOWN,UNKNOWN,,UNKNOWN,,1.8,0.6,7.2,0.0,1.8,4.2,5.0,1.0,3.0,1.0,0.0,4.0,,,,27.0,4.0,0.0,0.0,9.0,16.2,2.0,6.0,8.0,2.0,0.0,0.0,,,,True,True,UNKNOWN,False,False
2021029716,2025-08-21 18:00:00,横浜DeNAベイスターズ,広島東洋カープ,2.0,5.0,UNKNOWN,横浜スタジアム,excluded,high,False,False,1950429,1460045,[],[],,,,,0,light,2025-08-21T09:00:00+00:00,,UNKNOWN,,,,UNKNOWN,UNKNOWN,,UNKNOWN,,2.571428571428572,0.4285714285714285,5.142857142857143,0.0,1.2857142857142858,3.9142857142857146,7.0,2.0,3.0,1.0,0.0,4.0,,,,7.105263157894737,1.8947368421052635,7.105263157894737,4.2631578947368425,2.8421052631578947,7.147368421052632,6.333333333333333,5.0,9.0,2.0,3.0,5.0,,,,True,True,UNKNOWN,False,False
2021029717,2025-08-21 18:00:00,北海道日本ハムファイターズ,オリックス・バファローズ,0.0,10.0,UNKNOWN,エスコンフィールドHOKKAIDO,unknown,low,False,False,1900087,1900129,[],[],,,,,0,light,2025-08-21T09:00:00+00:00,,UNKNOWN,,,,UNKNOWN,UNKNOWN,,UNKNOWN,,0.0,1.1666666666666667,13.5,0.0,0.0,0.2000000000000001,6.0,0.0,7.0,0.0,0.0,9.0,,,,37.8,3.6000000000000005,5.4,5.4,5.4,11.6,1.6666666666666663,7.0,5.0,1.0,1.0,1.0,,,,True,True,UNKNOWN,False,False
2021029719,2025-08-22 18:00:00,読売ジャイアンツ,横浜DeNAベイスターズ,8.0,1.0,UNKNOWN,東京ドーム,unknown,low,False,False,2103904,1800026,[],[],,,,,0,light,2025-08-22T09:00:00+00:00,,UNKNOWN,,,,UNKNOWN,UNKNOWN,,UNKNOWN,,6.352941176470588,1.588235294117647,4.764705882352941,9.529411764705882,1.588235294117647,7.611764705882352,5.666666666666667,4.0,3.0,1.0,6.0,3.0,,,,0.0,1.0,10.8,1.8,0.0,1.4,5.0,0.0,4.0,0.0,1.0,6.0,,,,True,True,UNKNOWN,False,False
2021029720,2025-08-22 18:00:00,東京ヤクルトスワローズ,阪神タイガース,1.0,3.0,UNKNOWN,明治神宮野球場,unknown,low,False,False,1700078,1300045,[],[],,,,,0,light,2025-08-22T09:00:00+00:00,,UNKNOWN,,,,UNKNOWN,UNKNOWN,,UNKNOWN,,1.5,0.5,16.5,0.0,1.5,1.7000000000000002,6.0,1.0,3.0,1.0,0.0,11.0,,,,0.0,1.1666666666666667,4.5,3.0,0.0,3.2,6.0,0.0,5.0,0.0,2.0,3.0,,,,True,True,UNKNOWN,False,False
2021029721,2025-08-22 18:00:00,広島東洋カープ,中日ドラゴンズ,4.0,6.0,UNKNOWN,MAZDA Zoom-Zoom スタジアム広島,unknown,low,False,False,1600106,2103788,[],[],,,,,0,light,2025-08-22T09:00:00+00:00,,UNKNOWN,,,,UNKNOWN,UNKNOWN,,UNKNOWN,,4.5,1.8333333333333333,7.5,3.0,0.0,2.5333333333333337,6.0,3.0,9.0,0.0,2.0,5.0,,,,2.571428571428572,1.0,9.0,0.0,0.0,1.2000000000000002,7.0,2.0,7.0,0.0,0.0,7.0,,,,True,True,UNKNOWN,False,False
2021029724,2025-08-22 18:00:00,千葉ロッテマリーンズ,埼玉西武ライオンズ,0.0,3.0,UNKNOWN,ZOZOマリンスタジアム,unknown,low,False,False,1400182,1961672,[],[],,,,,0,light,2025-08-22T09:00:00+00:00,,UNKNOWN,,,,UNKNOWN,UNKNOWN,,UNKNOWN,,0.0,0.625,5.625,1.125,0.0,2.325,8.0,0.0,4.0,0.0,1.0,5.0,,,,4.2631578947368425,1.2631578947368425,5.684210526315789,1.4210526315789471,1.4210526315789471,4.463157894736843,6.333333333333333,3.0,7.0,1.0,1.0,4.0,,,,True,True,UNKNOWN,False,False
2021029722,2025-08-22 18:00:00,北海道日本ハムファイターズ,福岡ソフトバンクホークス,4.0,3.0,UNKNOWN,エスコンフィールドHOKKAIDO,unknown,low,False,False,2107909,1750903,[],[],,,,,0,light,2025-08-22T09:00:00+00:00,,UNKNOWN,,,,UNKNOWN,UNKNOWN,,UNKNOWN,,5.4,1.2,7.2,1.8,0.0,2.2,5.0,3.0,5.0,0.0,1.0,4.0,,,,4.764705882352941,1.4117647058823528,11.117647058823527,3.176470588235294,3.176470588235294,6.376470588235295,5.666666666666667,3.0,6.0,2.0,2.0,7.0,,,,True,True,UNKNOWN,False,False
2021029723,2025-08-22 18:00:00,東北楽天ゴールデンイーグルス,オリックス・バファローズ,3.0,2.0,UNKNOWN,楽天モバイルパーク宮城,unknown,low,False,False,1300058,2106793,[],[],,,,,0,light,2025-08-22T09:00:00+00:00,,UNKNOWN,,,,UNKNOWN,UNKNOWN,,UNKNOWN,,5.4,1.2,3.6,3.6,3.6,8.8,5.0,3.0,4.0,2.0,2.0,2.0,,,,3.6,1.6,7.2,1.8,0.0,2.2,5.0,2.0,7.0,0.0,1.0,4.0,,,,True,True,UNKNOWN,False,False
2021029718,2025-08-21 18:00:00,千葉ロッテマリーンズ,東北楽天ゴールデンイーグルス,12.0,10.0,UNKNOWN,ZOZOマリンスタジアム,unknown,low,False,False,1900117,2107880,[],[],,,,,0,light,2025-08-21T09:00:00+00:00,,UNKNOWN,,,,UNKNOWN,UNKNOWN,,UNKNOWN,,12.272727272727272,2.4545454545454546,7.363636363636364,4.909090909090909,4.909090909090909,10.290909090909093,3.6666666666666665,5.0,7.0,2.0,2.0,3.0,,,,5.4,1.4,5.4,5.4,0.0,3.8,5.0,3.0,4.0,0.0,3.0,3.0,,,,True,True,UNKNOWN,False,False
2021029725,2025-08-23 14:00:00,読売ジャイアンツ,横浜DeNAベイスターズ,4.0,1.0,UNKNOWN,東京ドーム,unknown,low,False,False,2112182,1900019,[],[],,,,,0,light,2025-08-23T05:00:00+00:00,,UNKNOWN,,,,UNKNOWN,UNKNOWN,,UNKNOWN,,2.571428571428572,0.4285714285714285,11.571428571428571,0.0,2.571428571428572,4.342857142857143,7.0,2.0,3.0,2.0,0.0,9.0,,,,0.0,0.9375,6.75,3.375,0.0,2.825,5.333333333333333,0.0,3.0,0.0,2.0,4.0,,,,True,True,UNKNOWN,False,False
2021029728,2025-08-23 14:00:00,北海道日本ハムファイターズ,福岡ソフトバンクホークス,8.0,3.0,UNKNOWN,エスコンフィールドHOKKAIDO,unknown,low,False,False,1400117,2100027,[],[],,,,,0,light,2025-08-23T05:00:00+00:00,,UNKNOWN,,,,UNKNOWN,UNKNOWN,,UNKNOWN,,9.0,1.8333333333333333,3.0,3.0,1.5,5.7,6.0,6.0,9.0,1.0,2.0,2.0,,,,3.6,1.2,12.6,5.4,1.8,4.800000000000001,5.0,2.0,3.0,1.0,3.0,7.0,,,,True,True,UNKNOWN,False,False
2021029729,2025-08-23 18:00:00,東北楽天ゴールデンイーグルス,オリックス・バファローズ,6.0,8.0,UNKNOWN,楽天モバイルパーク宮城,unknown,low,False,False,1700109,2000123,[],[],,,,,0,light,2025-08-23T09:00:00+00:00,,UNKNOWN,,,,UNKNOWN,UNKNOWN,,UNKNOWN,,9.0,2.0,12.0,0.0,0.0,0.5333333333333337,3.0,3.0,6.0,0.0,0.0,4.0,,,,27.0,8.0,0.0,0.0,0.0,3.2,1.0,3.0,8.0,0.0,0.0,0.0,,,,True,True,UNKNOWN,False,False
2021029727,2025-08-23 18:00:00,広島東洋カープ,中日ドラゴンズ,2.0,5.0,UNKNOWN,MAZDA Zoom-Zoom スタジアム広島,unknown,low,False,False,2000042,1900052,[],[],,,,,0,light,2025-08-23T09:00:00+00:00,,UNKNOWN,,,,UNKNOWN,UNKNOWN,,UNKNOWN,,2.25,0.875,4.5,2.25,0.0,2.95,8.0,2.0,5.0,0.0,2.0,4.0,,,,1.2857142857142858,1.1428571428571428,5.142857142857143,1.2857142857142858,0.0,2.4857142857142858,7.0,1.0,7.0,0.0,1.0,4.0,,,,True,True,UNKNOWN,False,False
2021029726,2025-08-23 18:00:00,東京ヤクルトスワローズ,阪神タイガース,2.0,2.0,UNKNOWN,明治神宮野球場,excluded,high,False,False,2000052,2000025,[],[],,,,,0,light,2025-08-23T09:00:00+00:00,,UNKNOWN,,,,UNKNOWN,UNKNOWN,,UNKNOWN,,1.5,1.1666666666666667,7.5,0.0,1.5,3.7,6.0,1.0,7.0,1.0,0.0,5.0,,,,3.0,0.6666666666666666,6.0,0.0,1.5,4.033333333333333,6.0,2.0,4.0,1.0,0.0,4.0,,,,True,True,UNKNOWN,False,False
2021029730,2025-08-23 18:00:00,千葉ロッテマリーンズ,埼玉西武ライオンズ,0.0,2.0,UNKNOWN,ZOZOマリンスタジアム,unknown,low,False,False,1600127,2101268,[],[],,,,,0,light,2025-08-23T09:00:00+00:00,,UNKNOWN,,,,UNKNOWN,UNKNOWN,,UNKNOWN,,0.0,0.6666666666666666,12.0,2.0,0.0,1.2000000000000002,9.0,0.0,4.0,0.0,2.0,12.0,,,,1.5,0.8333333333333334,6.0,3.0,0.0,2.8666666666666667,6.0,1.0,3.0,0.0,2.0,4.0,,,,True,True,UNKNOWN,False,False
2021029731,2025-08-24 14:00:00,読売ジャイアンツ,横浜DeNAベイスターズ,2.0,4.0,UNKNOWN,東京ドーム,unknown,low,False,False,1650915,2103689,[],[],,,,,0,light,2025-08-24T05:00:00+00:00,,UNKNOWN,,,,UNKNOWN,UNKNOWN,,UNKNOWN,,1.5,1.3333333333333333,6.0,4.5,1.5,5.533333333333333,6.0,1.0,5.0,1.0,3.0,4.0,,,,5.4,1.6,5.4,3.6,3.6,8.4,5.0,3.0,6.0,2.0,2.0,3.0,,,,True,True,UNKNOWN,False,False
2021029734,2025-08-24 14:00:00,北海道日本ハムファイターズ,福岡ソフトバンクホークス,1.0,0.0,UNKNOWN,エスコンフィールドHOKKAIDO,unknown,low,False,False,1700011,2000079,[],[],,,,,0,light,2025-08-24T05:00:00+00:00,,UNKNOWN,,,,UNKNOWN,UNKNOWN,,UNKNOWN,,0.0,1.125,6.75,4.5,0.0,3.2,8.0,0.0,5.0,0.0,4.0,6.0,,,,0.0,1.0,11.0,2.0,0.0,1.4222222222222225,9.0,0.0,7.0,0.0,2.0,11.0,,,,True,True,UNKNOWN,False,False
2021029735,2025-08-24 16:00:00,東北楽天ゴールデンイーグルス,オリックス・バファローズ,2.0,3.0,UNKNOWN,楽天モバイルパーク宮城,unknown,low,False,False,2108177,1200117,[],[],,,,,0,light,2025-08-24T07:00:00+00:00,,UNKNOWN,,,,UNKNOWN,UNKNOWN,,UNKNOWN,,1.2857142857142858,1.1428571428571428,6.428571428571429,1.2857142857142858,0.0,2.2,7.0,1.0,7.0,0.0,1.0,5.0,,,,9.0,2.5,0.0,4.5,0.0,4.7,2.0,2.0,4.0,0.0,1.0,0.0,,,,True,True,UNKNOWN,False,False
2021029736,2025-08-24 17:00:00,千葉ロッテマリーンズ,埼玉西武ライオンズ,2.0,0.0,UNKNOWN,ZOZOマリンスタジアム,unknown,low,False,False,1751148,1800052,[],[],,,,,0,light,2025-08-24T08:00:00+00:00,,UNKNOWN,,,,UNKNOWN,UNKNOWN,,UNKNOWN,,1.5,1.1666666666666667,13.5,4.5,0.0,1.7000000000000002,6.0,1.0,4.0,0.0,3.0,9.0,,,,0.0,1.0,6.428571428571429,5.142857142857143,0.0,3.4857142857142858,7.0,0.0,3.0,0.0,4.0,5.0,,,,True,True,UNKNOWN,False,False
2021029732,2025-08-24 17:00:00,東京ヤクルトスワローズ,阪神タイガース,1.0,8.0,UNKNOWN,明治神宮野球場,unknown,low,False,False,1600115,1900024,[],[],,,,,0,light,2025-08-24T08:00:00+00:00,,UNKNOWN,,,,UNKNOWN,UNKNOWN,,UNKNOWN,,1.1739130434782608,0.7826086956521738,4.695652173913043,2.347826086956521,1.1739130434782608,4.6347826086956525,7.666666666666667,1.0,4.0,1.0,2.0,4.0,,,,4.2631578947368425,2.0526315789473686,7.105263157894737,7.105263157894737,1.4210526315789471,6.042105263157895,6.333333333333333,3.0,8.0,1.0,5.0,5.0,,,,True,True,UNKNOWN,False,False
2021029737,2025-08-26 17:45:00,横浜DeNAベイスターズ,阪神タイガース,2.0,3.0,UNKNOWN,横浜スタジアム,unknown,low,False,False,2000055,1961374,[],[],,,,,0,light,2025-08-26T08:45:00+00:00,,UNKNOWN,,,,UNKNOWN,UNKNOWN,,UNKNOWN,,2.571428571428572,1.1428571428571428,3.857142857142857,2.571428571428572,2.571428571428572,6.914285714285715,7.0,2.0,6.0,2.0,2.0,3.0,,,,0.0,0.2857142857142857,7.714285714285714,1.2857142857142858,0.0,1.9142857142857144,7.0,0.0,1.0,0.0,1.0,6.0,,,,True,True,UNKNOWN,False,False
2021029738,2025-08-26 18:00:00,中日ドラゴンズ,東京ヤクルトスワローズ,0.0,2.0,UNKNOWN,バンテリンドーム ナゴヤ,unknown,low,False,False,1200076,2100961,[],[],,,,,0,light,2025-08-26T09:00:00+00:00,,UNKNOWN,,,,UNKNOWN,UNKNOWN,,UNKNOWN,,0.0,0.625,3.375,0.0,0.0,2.45,8.0,0.0,5.0,0.0,0.0,3.0,,,,3.375,1.3125,5.0625,6.75,0.0,4.325,5.333333333333333,2.0,3.0,0.0,4.0,3.0,,,,True,True,UNKNOWN,False,False
2021029733,2025-08-24 18:00:00,広島東洋カープ,中日ドラゴンズ,5.0,4.0,UNKNOWN,MAZDA Zoom-Zoom スタジアム広島,unknown,low,False,False,2108462,2110267,[],[],,,,,0,light,2025-08-24T09:00:00+00:00,,UNKNOWN,,,,UNKNOWN,UNKNOWN,,UNKNOWN,,0.0,1.2,7.2,0.0,1.8,4.2,5.0,0.0,6.0,1.0,0.0,4.0,,,,3.375,0.5625,8.4375,0.0,1.6875,3.7625,5.333333333333333,2.0,3.0,1.0,0.0,5.0,,,,True,True,UNKNOWN,False,False
2021029739,2025-08-26 18:00:00,広島東洋カープ,読売ジャイアンツ,4.0,1.0,UNKNOWN,MAZDA Zoom-Zoom スタジアム広島,unknown,low,False,False,1800028,1600123,[],[],,,,,0,light,2025-08-26T09:00:00+00:00,,UNKNOWN,,,,UNKNOWN,UNKNOWN,,UNKNOWN,,3.857142857142857,1.2857142857142858,5.142857142857143,0.0,0.0,2.0571428571428574,7.0,3.0,9.0,0.0,0.0,4.0,,,,1.0,0.6666666666666666,5.0,0.0,1.0,3.5333333333333337,9.0,1.0,6.0,1.0,0.0,5.0,,,,True,True,UNKNOWN,False,False
2021029740,2025-08-26 18:00:00,東北楽天ゴールデンイーグルス,福岡ソフトバンクホークス,10.0,3.0,UNKNOWN,はるか夢球場,unknown,low,False,False,1900106,700065,[],[],,,,,0,light,2025-08-26T09:00:00+00:00,,UNKNOWN,,,,UNKNOWN,UNKNOWN,,UNKNOWN,,1.8,1.2,3.6,3.6,1.8,6.2,5.0,1.0,4.0,1.0,2.0,2.0,,,,0.0,0.5,3.0,0.0,0.0,2.5333333333333337,6.0,0.0,3.0,0.0,0.0,2.0,,,,True,True,UNKNOWN,False,False
2021029741,2025-08-26 18:00:00,埼玉西武ライオンズ,北海道日本ハムファイターズ,2.0,2.0,UNKNOWN,ベルーナドーム,unknown,low,False,False,2050307,1800081,[],[],,,,,0,light,2025-08-26T09:00:00+00:00,,UNKNOWN,,,,UNKNOWN,UNKNOWN,,UNKNOWN,,3.0,1.1666666666666667,7.5,1.5,0.0,2.033333333333333,6.0,2.0,6.0,0.0,1.0,5.0,,,,3.6,1.6,9.0,5.4,1.8,5.6,5.0,2.0,5.0,1.0,3.0,5.0,,,,True,True,UNKNOWN,False,False
2021029742,2025-08-26 18:00:00,オリックス・バファローズ,千葉ロッテマリーンズ,6.0,5.0,UNKNOWN,京セラドーム大阪,unknown,low,False,False,1300080,2050019,[],[],,,,,0,light,2025-08-26T09:00:00+00:00,,UNKNOWN,,,,UNKNOWN,UNKNOWN,,UNKNOWN,,1.5,1.6666666666666667,4.5,1.5,1.5,4.866666666666667,6.0,1.0,9.0,1.0,1.0,3.0,,,,0.0,1.5,0.0,0.0,0.0,3.2,2.0,0.0,3.0,0.0,0.0,0.0,,,,True,True,UNKNOWN,False,False
2021029743,2025-08-27 17:45:00,横浜DeNAベイスターズ,阪神タイガース,1.0,2.0,UNKNOWN,横浜スタジアム,excluded,high,False,False,2112127,1700058,[],[],,,,,0,light,2025-08-27T08:45:00+00:00,,UNKNOWN,,,,UNKNOWN,UNKNOWN,,UNKNOWN,,0.0,0.8,1.8,3.6,0.0,4.0,5.0,0.0,2.0,0.0,2.0,1.0,,,,1.2857142857142858,1.1428571428571428,3.857142857142857,0.0,0.0,2.342857142857143,7.0,1.0,8.0,0.0,0.0,3.0,,,,True,True,UNKNOWN,False,False
2021029744,2025-08-27 18:00:00,中日ドラゴンズ,東京ヤクルトスワローズ,3.0,0.0,UNKNOWN,バンテリンドーム ナゴヤ,unknown,low,False,False,1961468,1000138,[],[],,,,,0,light,2025-08-27T09:00:00+00:00,,UNKNOWN,,,,UNKNOWN,UNKNOWN,,UNKNOWN,,4.5,1.3333333333333333,9.0,4.5,1.5,4.866666666666667,6.0,3.0,5.0,1.0,3.0,6.0,,,,0.0,0.5714285714285714,7.714285714285714,1.2857142857142858,0.0,1.9142857142857144,7.0,0.0,3.0,0.0,1.0,6.0,,,,True,True,UNKNOWN,False,False
2021029746,2025-08-27 18:00:00,東北楽天ゴールデンイーグルス,福岡ソフトバンクホークス,1.0,3.0,UNKNOWN,こまちスタジアム,unknown,low,False,False,1550517,2110316,[],[],,,,,0,light,2025-08-27T09:00:00+00:00,,UNKNOWN,,,,UNKNOWN,UNKNOWN,,UNKNOWN,,0.0,0.8,7.2,1.8,0.0,2.2,5.0,0.0,3.0,0.0,1.0,4.0,,,,2.571428571428572,1.0,9.0,2.571428571428572,0.0,2.0571428571428574,7.0,2.0,5.0,0.0,2.0,7.0,,,,True,True,UNKNOWN,False,False
2021029745,2025-08-27 18:00:00,広島東洋カープ,読売ジャイアンツ,3.0,2.0,UNKNOWN,MAZDA Zoom-Zoom スタジアム広島,unknown,low,False,False,1450977,1300057,[],[],,,,,0,light,2025-08-27T09:00:00+00:00,,UNKNOWN,,,,UNKNOWN,UNKNOWN,,UNKNOWN,,4.153846153846154,1.8461538461538465,6.230769230769231,2.076923076923077,0.0,2.507692307692308,4.333333333333333,2.0,7.0,0.0,1.0,3.0,,,,1.5,0.6666666666666666,6.0,0.0,0.0,1.866666666666667,6.0,1.0,4.0,0.0,0.0,4.0,,,,True,True,UNKNOWN,False,False
2021029747,2025-08-27 18:00:00,埼玉西武ライオンズ,北海道日本ハムファイターズ,3.0,2.0,UNKNOWN,ベルーナドーム,unknown,low,False,False,1400195,1700125,[],[],,,,,0,light,2025-08-27T09:00:00+00:00,,UNKNOWN,,,,UNKNOWN,UNKNOWN,,UNKNOWN,,9.0,2.333333333333333,0.0,0.0,3.0,7.533333333333333,3.0,3.0,7.0,1.0,0.0,0.0,,,,3.375,1.125,10.125,3.375,0.0,2.075,5.333333333333333,2.0,4.0,0.0,2.0,6.0,,,,True,True,UNKNOWN,False,False
2021029749,2025-08-28 17:45:00,横浜DeNAベイスターズ,阪神タイガース,5.0,4.0,UNKNOWN,横浜スタジアム,excluded,high,False,False,1850363,1300077,[],[],,,,,0,light,2025-08-28T08:45:00+00:00,,UNKNOWN,,,,UNKNOWN,UNKNOWN,,UNKNOWN,,5.4,1.4,5.4,1.8,3.6,7.8,5.0,3.0,6.0,2.0,1.0,3.0,,,,3.6,0.8,5.4,0.0,1.8,4.6,5.0,2.0,4.0,1.0,0.0,3.0,,,,True,True,UNKNOWN,False,False
2021029750,2025-08-28 18:00:00,中日ドラゴンズ,東京ヤクルトスワローズ,4.0,3.0,UNKNOWN,バンテリンドーム ナゴヤ,excluded,high,False,False,2103794,2107860,[],[],,,,,0,light,2025-08-28T09:00:00+00:00,,UNKNOWN,,,,UNKNOWN,UNKNOWN,,UNKNOWN,,3.0,0.8333333333333334,9.0,1.5,0.0,1.7000000000000002,6.0,2.0,4.0,0.0,1.0,6.0,,,,3.375,2.625,3.375,13.5,0.0,6.95,2.6666666666666665,1.0,3.0,0.0,4.0,1.0,,,,True,True,UNKNOWN,False,False
2021029748,2025-08-27 18:00:00,オリックス・バファローズ,千葉ロッテマリーンズ,1.0,6.0,UNKNOWN,ほっともっとフィールド神戸,unknown,low,False,False,1600146,1851026,[],[],,,,,0,light,2025-08-27T09:00:00+00:00,,UNKNOWN,,,,UNKNOWN,UNKNOWN,,UNKNOWN,,1.1739130434782608,1.0434782608695652,10.565217391304348,1.1739130434782608,1.1739130434782608,2.939130434782609,7.666666666666667,1.0,7.0,1.0,1.0,9.0,,,,22.5,4.0,4.5,4.5,0.0,3.7,2.0,5.0,7.0,0.0,1.0,1.0,,,,True,True,UNKNOWN,False,False
2021029752,2025-08-29 18:00:00,東京ヤクルトスワローズ,広島東洋カープ,2.0,4.0,UNKNOWN,明治神宮野球場,unknown,low,False,False,2103788,1300045,[],[],,,,,0,light,2025-08-29T09:00:00+00:00,,UNKNOWN,,,,UNKNOWN,UNKNOWN,,UNKNOWN,,1.2857142857142858,0.4285714285714285,7.714285714285714,1.2857142857142858,1.2857142857142858,3.7714285714285714,7.0,1.0,2.0,1.0,1.0,6.0,,,,4.5,1.5,12.0,4.5,0.0,2.033333333333333,6.0,3.0,6.0,0.0,3.0,8.0,,,,True,True,UNKNOWN,False,False
2021029751,2025-08-28 18:00:00,広島東洋カープ,読売ジャイアンツ,8.0,3.0,UNKNOWN,MAZDA Zoom-Zoom スタジアム広島,unknown,low,False,False,700069,1950429,[],[],,,,,0,light,2025-08-28T09:00:00+00:00,,UNKNOWN,,,,UNKNOWN,UNKNOWN,,UNKNOWN,,18.0,3.5,9.0,4.5,0.0,2.7,2.0,4.0,6.0,0.0,1.0,2.0,,,,4.5,1.1666666666666667,9.0,3.0,1.5,4.366666666666667,6.0,3.0,5.0,1.0,2.0,6.0,,,,True,True,UNKNOWN,False,False
2021029753,2025-08-29 18:00:00,横浜DeNAベイスターズ,中日ドラゴンズ,8.0,9.0,UNKNOWN,横浜スタジアム,unknown,low,False,False,1600106,2103904,[],[],,,,,0,light,2025-08-29T09:00:00+00:00,,UNKNOWN,,,,UNKNOWN,UNKNOWN,,UNKNOWN,,5.4,1.2,5.4,3.6,1.8,5.800000000000001,5.0,3.0,4.0,1.0,2.0,3.0,,,,4.5,1.6666666666666667,6.0,3.0,1.5,5.033333333333333,6.0,3.0,8.0,1.0,2.0,4.0,,,,True,True,UNKNOWN,False,False
2021029754,2025-08-29 18:00:00,阪神タイガース,読売ジャイアンツ,3.0,4.0,UNKNOWN,阪神甲子園球場,unknown,low,False,False,2000006,1700137,[],[],,,,,0,light,2025-08-29T09:00:00+00:00,,UNKNOWN,,,,UNKNOWN,UNKNOWN,,UNKNOWN,,1.5,1.1666666666666667,7.5,3.0,0.0,2.5333333333333337,6.0,1.0,5.0,0.0,2.0,5.0,,,,6.75,1.125,8.4375,1.6875,0.0,1.8875,5.333333333333333,4.0,5.0,0.0,1.0,5.0,,,,True,True,UNKNOWN,False,False
2021029756,2025-08-29 18:00:00,埼玉西武ライオンズ,オリックス・バファローズ,1.0,8.0,UNKNOWN,ベルーナドーム,unknown,low,False,False,1300058,1400182,[],[],,,,,0,light,2025-08-29T09:00:00+00:00,,UNKNOWN,,,,UNKNOWN,UNKNOWN,,UNKNOWN,,1.2857142857142858,1.1428571428571428,6.428571428571429,1.2857142857142858,0.0,2.2,7.0,1.0,7.0,0.0,1.0,5.0,,,,9.0,1.1428571428571428,5.142857142857143,1.2857142857142858,1.2857142857142858,4.342857142857143,7.0,7.0,7.0,1.0,1.0,4.0,,,,True,True,UNKNOWN,False,False
2021029755,2025-08-29 18:00:00,北海道日本ハムファイターズ,東北楽天ゴールデンイーグルス,5.0,0.0,UNKNOWN,エスコンフィールドHOKKAIDO,unknown,low,False,False,2106793,1750903,[],[],,,,,0,light,2025-08-29T09:00:00+00:00,,UNKNOWN,,,,UNKNOWN,UNKNOWN,,UNKNOWN,,6.0,1.0,4.5,1.5,1.5,4.866666666666667,6.0,4.0,5.0,1.0,1.0,3.0,,,,0.0,1.1428571428571428,11.571428571428571,2.571428571428572,0.0,1.485714285714286,7.0,0.0,6.0,0.0,2.0,9.0,,,,True,True,UNKNOWN,False,False
2021029761,2025-08-30 14:00:00,北海道日本ハムファイターズ,東北楽天ゴールデンイーグルス,2.0,6.0,UNKNOWN,エスコンフィールドHOKKAIDO,unknown,low,False,False,2000123,1500110,[],[],,,,,0,light,2025-08-30T05:00:00+00:00,,UNKNOWN,,,,UNKNOWN,UNKNOWN,,UNKNOWN,,4.5,1.5,6.75,4.5,0.0,3.2,4.0,2.0,4.0,0.0,2.0,3.0,,,,6.0,1.5,6.0,4.5,1.5,5.533333333333333,6.0,4.0,6.0,1.0,3.0,4.0,,,,True,True,UNKNOWN,False,False
2021029757,2025-08-29 18:00:00,千葉ロッテマリーンズ,福岡ソフトバンクホークス,1.0,3.0,UNKNOWN,ZOZOマリンスタジアム,unknown,low,False,False,1100099,1961672,[],[],,,,,0,light,2025-08-29T09:00:00+00:00,,UNKNOWN,,,,UNKNOWN,UNKNOWN,,UNKNOWN,,1.5,1.1666666666666667,9.0,4.5,0.0,2.7,6.0,1.0,4.0,0.0,3.0,6.0,,,,4.5,1.0,4.5,1.5,1.5,4.866666666666667,6.0,3.0,5.0,1.0,1.0,3.0,,,,True,True,UNKNOWN,False,False
2021029762,2025-08-30 17:00:00,埼玉西武ライオンズ,オリックス・バファローズ,1.0,7.0,UNKNOWN,ベルーナドーム,unknown,low,False,False,2000102,1800080,[],[],,,,,0,light,2025-08-30T08:00:00+00:00,,UNKNOWN,,,,UNKNOWN,UNKNOWN,,UNKNOWN,,0.0,1.3333333333333333,3.0,6.0,0.0,4.533333333333333,3.0,0.0,2.0,0.0,2.0,1.0,,,,6.75,1.25,11.25,2.25,2.25,4.7,4.0,3.0,4.0,1.0,1.0,5.0,,,,True,True,UNKNOWN,False,False
2021029759,2025-08-30 18:00:00,横浜DeNAベイスターズ,中日ドラゴンズ,7.0,9.0,UNKNOWN,横浜スタジアム,unknown,low,False,False,2000042,2112182,[],[],,,,,0,light,2025-08-30T09:00:00+00:00,,UNKNOWN,,,,UNKNOWN,UNKNOWN,,UNKNOWN,,3.857142857142857,1.0,6.428571428571429,0.0,2.571428571428572,5.485714285714286,7.0,3.0,7.0,2.0,0.0,5.0,,,,2.571428571428572,0.7142857142857143,10.285714285714286,0.0,0.0,0.9142857142857146,7.0,2.0,5.0,0.0,0.0,8.0,,,,True,True,UNKNOWN,False,False
2021029758,2025-08-30 18:00:00,東京ヤクルトスワローズ,広島東洋カープ,5.0,4.0,UNKNOWN,明治神宮野球場,excluded,high,False,False,1600122,2000025,[],[],,,,,0,light,2025-08-30T09:00:00+00:00,,UNKNOWN,,,,UNKNOWN,UNKNOWN,,UNKNOWN,,12.0,2.333333333333333,3.0,3.0,6.0,12.2,3.0,4.0,6.0,2.0,1.0,1.0,,,,3.0,1.5,13.5,1.5,0.0,0.7000000000000002,6.0,2.0,8.0,0.0,1.0,9.0,,,,True,True,UNKNOWN,False,False
2021029760,2025-08-30 18:00:00,阪神タイガース,読売ジャイアンツ,3.0,2.0,UNKNOWN,阪神甲子園球場,unknown,low,False,False,1900019,1700078,[],[],,,,,0,light,2025-08-30T09:00:00+00:00,,UNKNOWN,,,,UNKNOWN,UNKNOWN,,UNKNOWN,,6.230769230769231,1.6153846153846154,12.461538461538462,6.230769230769231,0.0,2.507692307692308,4.333333333333333,3.0,4.0,0.0,3.0,6.0,,,,3.6,1.8,12.6,1.8,0.0,1.0,5.0,2.0,8.0,0.0,1.0,7.0,,,,True,True,UNKNOWN,False,False
2021029763,2025-08-30 18:00:00,千葉ロッテマリーンズ,福岡ソフトバンクホークス,6.0,4.0,UNKNOWN,ZOZOマリンスタジアム,unknown,low,False,False,1400117,2101268,[],[],,,,,0,light,2025-08-30T09:00:00+00:00,,UNKNOWN,,,,UNKNOWN,UNKNOWN,,UNKNOWN,,6.0,1.6666666666666667,4.5,1.5,0.0,2.7,6.0,4.0,9.0,0.0,1.0,3.0,,,,5.4,1.4,14.4,1.8,1.8,3.2,5.0,3.0,6.0,1.0,1.0,8.0,,,,True,True,UNKNOWN,False,False
2021029767,2025-08-31 13:00:00,北海道日本ハムファイターズ,東北楽天ゴールデンイーグルス,0.0,1.0,UNKNOWN,エスコンフィールドHOKKAIDO,unknown,low,False,False,2000126,2100027,[],[],,,,,0,light,2025-08-31T04:00:00+00:00,,UNKNOWN,,,,UNKNOWN,UNKNOWN,,UNKNOWN,,0.0,0.8,5.4,0.0,0.0,2.0,5.0,0.0,4.0,0.0,0.0,3.0,,,,0.0,0.8999999999999999,6.75,1.35,0.0,2.1500000000000004,6.666666666666667,0.0,5.0,0.0,1.0,5.0,,,,True,True,UNKNOWN,False,False
2021029769,2025-08-31 16:00:00,千葉ロッテマリーンズ,福岡ソフトバンクホークス,4.0,3.0,UNKNOWN,ZOZOマリンスタジアム,unknown,low,False,False,2107909,1800052,[],[],,,,,0,light,2025-08-31T07:00:00+00:00,,UNKNOWN,,,,UNKNOWN,UNKNOWN,,UNKNOWN,,4.5,3.5,4.5,0.0,4.5,8.7,2.0,1.0,7.0,1.0,0.0,1.0,,,,3.0,2.0,10.5,3.0,1.5,4.033333333333333,6.0,2.0,10.0,1.0,2.0,7.0,,,,True,True,UNKNOWN,False,False
2021029764,2025-08-31 17:00:00,東京ヤクルトスワローズ,広島東洋カープ,7.0,4.0,UNKNOWN,明治神宮野球場,unknown,low,False,False,2110267,2107908,[],[],,,,,0,light,2025-08-31T08:00:00+00:00,,UNKNOWN,,,,UNKNOWN,UNKNOWN,,UNKNOWN,,11.25,2.5,9.0,0.0,0.0,1.2000000000000002,4.0,5.0,10.0,0.0,0.0,4.0,,,,5.4,2.0,1.8,3.6,0.0,4.0,5.0,3.0,8.0,0.0,2.0,1.0,,,,True,True,UNKNOWN,False,False
2021029768,2025-08-31 17:00:00,埼玉西武ライオンズ,オリックス・バファローズ,1.0,4.0,UNKNOWN,ベルーナドーム,unknown,low,False,False,2108177,1751148,[],[],,,,,0,light,2025-08-31T08:00:00+00:00,,UNKNOWN,,,,UNKNOWN,UNKNOWN,,UNKNOWN,,1.588235294117647,2.117647058823529,7.941176470588235,1.588235294117647,0.0,1.9647058823529413,5.666666666666667,1.0,11.0,0.0,1.0,5.0,,,,1.8,2.0,1.8,1.8,0.0,3.4000000000000004,5.0,1.0,9.0,0.0,1.0,1.0,,,,True,True,UNKNOWN,False,False
2021029766,2025-08-31 18:00:00,阪神タイガース,読売ジャイアンツ,5.0,4.0,UNKNOWN,阪神甲子園球場,unknown,low,False,False,1800026,1600115,[],[],,,,,0,light,2025-08-31T09:00:00+00:00,,UNKNOWN,,,,UNKNOWN,UNKNOWN,,UNKNOWN,,1.6875,1.6875,6.75,5.0625,0.0,3.3875,5.333333333333333,1.0,6.0,0.0,3.0,4.0,,,,4.05,1.35,4.05,0.0,0.0,2.3000000000000003,6.666666666666667,3.0,9.0,0.0,0.0,3.0,,,,True,True,UNKNOWN,False,False
2021029771,2025-09-02 18:00:00,中日ドラゴンズ,阪神タイガース,3.0,5.0,UNKNOWN,バンテリンドーム ナゴヤ,unknown,low,False,False,2000055,2100961,[],[],,,,,0,light,2025-09-02T09:00:00+00:00,,UNKNOWN,,,,UNKNOWN,UNKNOWN,,UNKNOWN,,4.05,0.8999999999999999,10.8,0.0,0.0,0.8000000000000003,6.666666666666667,3.0,6.0,0.0,0.0,8.0,,,,6.0,1.5,10.5,4.5,3.0,6.7,6.0,4.0,6.0,2.0,3.0,7.0,,,,True,True,UNKNOWN,False,False
2021029765,2025-08-31 18:00:00,横浜DeNAベイスターズ,中日ドラゴンズ,2.0,0.0,UNKNOWN,横浜スタジアム,unknown,low,False,False,1200098,1200062,[],[],,,,,0,light,2025-08-31T09:00:00+00:00,,UNKNOWN,,,,UNKNOWN,UNKNOWN,,UNKNOWN,,1.5,1.0,4.5,4.5,0.0,3.7,6.0,1.0,3.0,0.0,3.0,3.0,,,,0.0,0.8571428571428571,11.571428571428571,2.571428571428572,0.0,1.485714285714286,7.0,0.0,4.0,0.0,2.0,9.0,,,,True,True,UNKNOWN,False,False
2021029770,2025-09-02 18:00:00,読売ジャイアンツ,東京ヤクルトスワローズ,4.0,1.0,UNKNOWN,京セラドーム大阪,unknown,low,False,False,1900024,1800028,[],[],,,,,0,light,2025-09-02T09:00:00+00:00,,UNKNOWN,,,,UNKNOWN,UNKNOWN,,UNKNOWN,,3.0,1.8333333333333333,6.0,3.0,1.5,5.033333333333333,6.0,2.0,9.0,1.0,2.0,4.0,,,,1.5,1.6666666666666667,4.5,9.0,0.0,5.2,6.0,1.0,4.0,0.0,6.0,3.0,,,,True,True,UNKNOWN,False,False
2021029773,2025-09-02 18:00:00,東北楽天ゴールデンイーグルス,埼玉西武ライオンズ,0.0,2.0,UNKNOWN,楽天モバイルパーク宮城,unknown,low,False,False,1600127,700065,[],[],,,,,0,light,2025-09-02T09:00:00+00:00,,UNKNOWN,,,,UNKNOWN,UNKNOWN,,UNKNOWN,,0.0,0.2222222222222222,10.0,0.0,0.0,0.977777777777778,9.0,0.0,2.0,0.0,0.0,10.0,,,,2.076923076923077,1.153846153846154,4.153846153846154,2.076923076923077,0.0,2.9692307692307693,4.333333333333333,1.0,4.0,0.0,1.0,2.0,,,,True,True,UNKNOWN,False,False
2021029772,2025-09-02 18:00:00,広島東洋カープ,横浜DeNAベイスターズ,5.0,8.0,UNKNOWN,MAZDA Zoom-Zoom スタジアム広島,unknown,low,False,False,1961374,1600123,[],[],,,,,0,light,2025-09-02T09:00:00+00:00,,UNKNOWN,,,,UNKNOWN,UNKNOWN,,UNKNOWN,,2.571428571428572,1.0,7.714285714285714,1.2857142857142858,0.0,1.9142857142857144,7.0,2.0,6.0,0.0,1.0,6.0,,,,31.5,3.5,0.0,4.5,9.0,17.7,2.0,7.0,6.0,2.0,1.0,0.0,,,,True,True,UNKNOWN,False,False
2021029775,2025-09-02 18:00:00,福岡ソフトバンクホークス,オリックス・バファローズ,2.0,1.0,UNKNOWN,みずほPayPayドーム福岡,unknown,low,False,False,1900087,1700011,[],[],,,,,0,light,2025-09-02T09:00:00+00:00,,UNKNOWN,,,,UNKNOWN,UNKNOWN,,UNKNOWN,,1.2857142857142858,1.0,12.857142857142858,2.571428571428572,0.0,1.2000000000000002,7.0,1.0,5.0,0.0,2.0,10.0,,,,1.5,1.6666666666666667,9.0,4.5,1.5,4.866666666666667,6.0,1.0,7.0,1.0,3.0,6.0,,,,True,True,UNKNOWN,False,False
2021029776,2025-09-03 18:00:00,読売ジャイアンツ,東京ヤクルトスワローズ,5.0,3.0,UNKNOWN,京セラドーム大阪,unknown,low,False,False,1961468,1450977,[],[],,,,,0,light,2025-09-03T09:00:00+00:00,,UNKNOWN,,,,UNKNOWN,UNKNOWN,,UNKNOWN,,11.25,3.0,9.0,9.0,0.0,4.2,4.0,5.0,8.0,0.0,4.0,4.0,,,,0.0,1.0,7.5,3.0,0.0,2.5333333333333337,6.0,0.0,4.0,0.0,2.0,5.0,,,,True,True,UNKNOWN,False,False
2021029777,2025-09-03 18:00:00,中日ドラゴンズ,阪神タイガース,5.0,2.0,UNKNOWN,バンテリンドーム ナゴヤ,unknown,low,False,False,2000052,1000138,[],[],,,,,0,light,2025-09-03T09:00:00+00:00,,UNKNOWN,,,,UNKNOWN,UNKNOWN,,UNKNOWN,,7.5,1.8333333333333333,3.0,1.5,3.0,7.366666666666667,6.0,5.0,10.0,2.0,1.0,2.0,,,,3.0,1.1666666666666667,7.5,1.5,3.0,6.366666666666667,6.0,2.0,6.0,2.0,1.0,5.0,,,,True,True,UNKNOWN,False,False
2021029774,2025-09-02 18:00:00,千葉ロッテマリーンズ,北海道日本ハムファイターズ,6.0,8.0,UNKNOWN,ZOZOマリンスタジアム,unknown,low,False,False,2000079,1300080,[],[],,,,,0,light,2025-09-02T09:00:00+00:00,,UNKNOWN,,,,UNKNOWN,UNKNOWN,,UNKNOWN,,2.571428571428572,1.7142857142857142,7.714285714285714,3.857142857142857,1.2857142857142858,4.628571428571429,7.0,2.0,9.0,1.0,3.0,6.0,,,,12.705882352941176,2.117647058823529,7.941176470588235,1.588235294117647,0.0,1.9647058823529413,5.666666666666667,8.0,11.0,0.0,1.0,5.0,,,,True,True,UNKNOWN,False,False
2021029778,2025-09-03 18:00:00,広島東洋カープ,横浜DeNAベイスターズ,2.0,1.0,UNKNOWN,MAZDA Zoom-Zoom スタジアム広島,unknown,low,False,False,1700058,1300057,[],[],,,,,0,light,2025-09-03T09:00:00+00:00,,UNKNOWN,,,,UNKNOWN,UNKNOWN,,UNKNOWN,,0.0,0.75,4.5,3.375,0.0,3.325,8.0,0.0,3.0,0.0,3.0,4.0,,,,1.8,1.8,7.2,12.6,0.0,5.800000000000001,5.0,1.0,2.0,0.0,7.0,4.0,,,,True,True,UNKNOWN,False,False
2021029779,2025-09-03 18:00:00,東北楽天ゴールデンイーグルス,埼玉西武ライオンズ,6.0,11.0,UNKNOWN,楽天モバイルパーク宮城,excluded,high,False,False,1700125,2000121,[],[],,,,,0,light,2025-09-03T09:00:00+00:00,,UNKNOWN,,,,UNKNOWN,UNKNOWN,,UNKNOWN,,3.6,1.0,3.6,0.0,1.8,5.0,5.0,2.0,5.0,1.0,0.0,2.0,,,,23.142857142857142,3.4285714285714284,7.7142857142857135,3.8571428571428568,3.8571428571428568,8.342857142857142,2.333333333333333,6.0,7.0,1.0,1.0,2.0,,,,True,True,UNKNOWN,False,False
2021029780,2025-09-03 18:00:00,千葉ロッテマリーンズ,北海道日本ハムファイターズ,2.0,1.0,UNKNOWN,ZOZOマリンスタジアム,unknown,low,False,False,2117696,1600146,[],[],,,,,0,light,2025-09-03T09:00:00+00:00,,UNKNOWN,,,,UNKNOWN,UNKNOWN,,UNKNOWN,,3.0,1.6666666666666667,3.0,0.0,0.0,2.5333333333333337,3.0,1.0,5.0,0.0,0.0,1.0,,,,1.0,0.6666666666666666,11.0,2.0,0.0,1.4222222222222225,9.0,1.0,4.0,0.0,2.0,11.0,,,,True,True,UNKNOWN,False,False
2021029781,2025-09-03 18:00:00,福岡ソフトバンクホークス,オリックス・バファローズ,7.0,1.0,UNKNOWN,みずほPayPayドーム福岡,unknown,low,False,False,1851026,1900106,[],[],,,,,0,light,2025-09-03T09:00:00+00:00,,UNKNOWN,,,,UNKNOWN,UNKNOWN,,UNKNOWN,,33.75,4.5,0.0,6.75,0.0,5.45,1.3333333333333333,5.0,5.0,0.0,1.0,0.0,,,,1.5,1.3333333333333333,6.0,3.0,1.5,5.033333333333333,6.0,1.0,6.0,1.0,2.0,4.0,,,,True,True,UNKNOWN,False,False
2021029782,2025-09-04 18:00:00,読売ジャイアンツ,東京ヤクルトスワローズ,1.0,12.0,UNKNOWN,ぎふしん長良川球場,unknown,low,False,False,2103794,2108022,[],[],,,,,0,light,2025-09-04T09:00:00+00:00,,UNKNOWN,,,,UNKNOWN,UNKNOWN,,UNKNOWN,,0.0,1.1428571428571428,2.571428571428572,1.2857142857142858,0.0,3.0571428571428574,7.0,0.0,7.0,0.0,1.0,2.0,,,,13.5,2.1,2.7,0.0,2.7,6.5,3.333333333333333,5.0,7.0,1.0,0.0,1.0,,,,True,True,UNKNOWN,False,False
2021029783,2025-09-04 18:00:00,中日ドラゴンズ,阪神タイガース,5.0,7.0,UNKNOWN,バンテリンドーム ナゴヤ,unknown,low,False,False,1961861,500014,[],[],,,,,0,light,2025-09-04T09:00:00+00:00,,UNKNOWN,,,,UNKNOWN,UNKNOWN,,UNKNOWN,,0.0,0.6666666666666666,9.0,3.0,0.0,2.2,3.0,0.0,1.0,0.0,1.0,3.0,,,,5.4,0.8,5.4,0.0,1.8,4.6,5.0,3.0,4.0,1.0,0.0,3.0,,,,True,True,UNKNOWN,False,False
2021029784,2025-09-04 18:00:00,広島東洋カープ,横浜DeNAベイスターズ,0.0,1.0,UNKNOWN,MAZDA Zoom-Zoom スタジアム広島,unknown,low,False,False,1300031,1950429,[],[],,,,,0,light,2025-09-04T09:00:00+00:00,,UNKNOWN,,,,UNKNOWN,UNKNOWN,,UNKNOWN,,0.0,0.6,10.8,0.0,0.0,0.8000000000000003,5.0,0.0,3.0,0.0,0.0,6.0,,,,1.588235294117647,1.2352941176470589,3.176470588235294,6.352941176470588,0.0,4.6117647058823525,5.666666666666667,1.0,3.0,0.0,4.0,2.0,,,,True,True,UNKNOWN,False,False
2021029785,2025-09-04 18:00:00,千葉ロッテマリーンズ,北海道日本ハムファイターズ,2.0,9.0,UNKNOWN,ZOZOマリンスタジアム,unknown,low,False,False,2050307,2111821,[],[],,,,,0,light,2025-09-04T09:00:00+00:00,,UNKNOWN,,,,UNKNOWN,UNKNOWN,,UNKNOWN,,0.0,1.1666666666666667,9.0,3.0,0.0,2.2,6.0,0.0,5.0,0.0,2.0,6.0,,,,9.0,1.3333333333333333,9.0,0.0,1.5,3.3666666666666667,6.0,6.0,8.0,1.0,0.0,6.0,,,,True,True,UNKNOWN,False,False
2021029786,2025-09-04 18:00:00,福岡ソフトバンクホークス,オリックス・バファローズ,8.0,0.0,UNKNOWN,みずほPayPayドーム福岡,unknown,low,False,False,1700109,1100099,[],[],,,,,0,light,2025-09-04T09:00:00+00:00,,UNKNOWN,,,,UNKNOWN,UNKNOWN,,UNKNOWN,,4.5,1.5,7.5,1.5,1.5,4.2,6.0,3.0,8.0,1.0,1.0,5.0,,,,0.0,0.625,10.125,1.125,0.0,1.3250000000000002,8.0,0.0,4.0,0.0,1.0,9.0,,,,True,True,UNKNOWN,False,False
2021029788,2025-09-05 18:00:00,中日ドラゴンズ,読売ジャイアンツ,1.0,0.0,UNKNOWN,バンテリンドーム ナゴヤ,unknown,low,False,False,2000006,1600106,[],[],,,,,0,light,2025-09-05T09:00:00+00:00,,UNKNOWN,,,,UNKNOWN,UNKNOWN,,UNKNOWN,,1.125,0.375,6.75,1.125,1.125,3.7,8.0,1.0,2.0,1.0,1.0,6.0,,,,0.0,1.0,4.5,3.0,0.0,3.2,6.0,0.0,4.0,0.0,2.0,3.0,,,,True,True,UNKNOWN,False,False
2021029787,2025-09-05 18:00:00,横浜DeNAベイスターズ,東京ヤクルトスワローズ,7.0,6.0,UNKNOWN,横浜スタジアム,unknown,low,False,False,1300045,2103904,[],[],,,,,0,light,2025-09-05T09:00:00+00:00,,UNKNOWN,,,,UNKNOWN,UNKNOWN,,UNKNOWN,,6.352941176470588,1.2352941176470589,3.176470588235294,1.588235294117647,1.588235294117647,5.31764705882353,5.666666666666667,4.0,6.0,1.0,1.0,2.0,,,,6.75,2.5,4.5,0.0,0.0,2.2,4.0,3.0,10.0,0.0,0.0,2.0,,,,True,True,UNKNOWN,False,False
2021029789,2025-09-05 18:00:00,阪神タイガース,広島東洋カープ,6.0,1.0,UNKNOWN,阪神甲子園球場,unknown,low,False,False,2103788,1700137,[],[],,,,,0,light,2025-09-05T09:00:00+00:00,,UNKNOWN,,,,UNKNOWN,UNKNOWN,,UNKNOWN,,13.5,2.25,13.5,4.5,2.25,4.95,4.0,6.0,7.0,1.0,2.0,6.0,,,,1.5,1.0,4.5,1.5,0.0,2.7,6.0,1.0,5.0,0.0,1.0,3.0,,,,True,True,UNKNOWN,False,False
2021029790,2025-09-05 18:00:00,埼玉西武ライオンズ,千葉ロッテマリーンズ,5.0,3.0,UNKNOWN,ベルーナドーム,unknown,low,False,False,1961672,1400182,[],[],,,,,0,light,2025-09-05T09:00:00+00:00,,UNKNOWN,,,,UNKNOWN,UNKNOWN,,UNKNOWN,,5.4,2.2,5.4,1.8,0.0,2.6,5.0,3.0,10.0,0.0,1.0,3.0,,,,4.5,1.6666666666666667,4.5,4.5,1.5,5.866666666666667,6.0,3.0,7.0,1.0,3.0,3.0,,,,True,True,UNKNOWN,False,False
2021029792,2025-09-05 18:00:00,福岡ソフトバンクホークス,東北楽天ゴールデンイーグルス,11.0,0.0,UNKNOWN,みずほPayPayドーム福岡,unknown,low,False,False,2110316,1550517,[],[],,,,,0,light,2025-09-05T09:00:00+00:00,,UNKNOWN,,,,UNKNOWN,UNKNOWN,,UNKNOWN,,14.4,3.0,10.8,1.8,1.8,4.0,5.0,8.0,14.0,1.0,1.0,6.0,,,,0.0,1.0,7.714285714285714,0.0,0.0,1.485714285714286,7.0,0.0,7.0,0.0,0.0,6.0,,,,True,True,UNKNOWN,False,False
2021029791,2025-09-05 18:00:00,オリックス・バファローズ,北海道日本ハムファイターズ,2.0,0.0,UNKNOWN,京セラドーム大阪,unknown,low,False,False,1750903,1300058,[],[],,,,,0,light,2025-09-05T09:00:00+00:00,,UNKNOWN,,,,UNKNOWN,UNKNOWN,,UNKNOWN,,1.5,1.6666666666666667,4.5,6.0,0.0,4.2,6.0,1.0,6.0,0.0,4.0,3.0,,,,0.0,1.0,6.0,3.0,0.0,2.8666666666666667,6.0,0.0,4.0,0.0,2.0,4.0,,,,True,True,UNKNOWN,False,False
2021029794,2025-09-06 14:00:00,中日ドラゴンズ,読売ジャイアンツ,4.0,5.0,UNKNOWN,バンテリンドーム ナゴヤ,unknown,low,False,False,1900019,2000042,[],[],,,,,0,light,2025-09-06T05:00:00+00:00,,UNKNOWN,,,,UNKNOWN,UNKNOWN,,UNKNOWN,,18.0,3.5,4.5,0.0,9.0,15.2,2.0,4.0,7.0,2.0,0.0,1.0,,,,6.75,2.5,13.5,6.75,2.25,5.7,4.0,3.0,7.0,1.0,3.0,6.0,,,,True,True,UNKNOWN,False,False
2021029797,2025-09-06 14:00:00,オリックス・バファローズ,北海道日本ハムファイターズ,3.0,1.0,UNKNOWN,京セラドーム大阪,unknown,low,False,False,1500110,1750595,[],[],,,,,0,light,2025-09-06T05:00:00+00:00,,UNKNOWN,,,,UNKNOWN,UNKNOWN,,UNKNOWN,,1.8,0.8,3.6,0.0,0.0,2.4000000000000004,5.0,1.0,4.0,0.0,0.0,2.0,,,,1.5,1.0,9.0,0.0,0.0,1.2000000000000002,6.0,1.0,6.0,0.0,0.0,6.0,,,,True,True,UNKNOWN,False,False
2021029798,2025-09-06 14:00:00,福岡ソフトバンクホークス,東北楽天ゴールデンイーグルス,2.0,1.0,UNKNOWN,みずほPayPayドーム福岡,unknown,low,False,False,2106793,1400117,[],[],,,,,0,light,2025-09-06T05:00:00+00:00,,UNKNOWN,,,,UNKNOWN,UNKNOWN,,UNKNOWN,,3.375,1.5,15.1875,6.75,0.0,2.075,5.333333333333333,2.0,4.0,0.0,4.0,9.0,,,,1.2857142857142858,0.7142857142857143,7.714285714285714,2.571428571428572,0.0,2.342857142857143,7.0,1.0,3.0,0.0,2.0,6.0,,,,True,True,UNKNOWN,False,False
2021029796,2025-09-06 17:00:00,埼玉西武ライオンズ,千葉ロッテマリーンズ,4.0,0.0,UNKNOWN,ベルーナドーム,unknown,low,False,False,2101268,1800081,[],[],,,,,0,light,2025-09-06T08:00:00+00:00,,UNKNOWN,,,,UNKNOWN,UNKNOWN,,UNKNOWN,,5.684210526315789,1.5789473684210529,2.8421052631578947,4.2631578947368425,1.4210526315789471,6.042105263157895,6.333333333333333,4.0,7.0,1.0,3.0,2.0,,,,0.0,0.2222222222222222,5.0,0.0,0.0,2.088888888888889,9.0,0.0,2.0,0.0,0.0,5.0,,,,True,True,UNKNOWN,False,False
2021029793,2025-09-06 18:00:00,横浜DeNAベイスターズ,東京ヤクルトスワローズ,2.0,3.0,UNKNOWN,横浜スタジアム,unknown,low,False,False,2000025,1650915,[],[],,,,,0,light,2025-09-06T09:00:00+00:00,,UNKNOWN,,,,UNKNOWN,UNKNOWN,,UNKNOWN,,3.0,1.3333333333333333,6.0,4.5,1.5,5.533333333333333,6.0,2.0,5.0,1.0,3.0,4.0,,,,5.0625,1.125,6.75,3.375,1.6875,5.2625,5.333333333333333,3.0,4.0,1.0,2.0,4.0,,,,True,True,UNKNOWN,False,False
2021029795,2025-09-06 18:00:00,阪神タイガース,広島東洋カープ,4.0,1.0,UNKNOWN,阪神甲子園球場,excluded,high,False,False,2110267,2104016,[],[],,,,,0,light,2025-09-06T09:00:00+00:00,,UNKNOWN,,,,UNKNOWN,UNKNOWN,,UNKNOWN,,1.8,1.0,10.8,3.6,0.0,2.0,5.0,1.0,3.0,0.0,2.0,6.0,,,,2.25,2.0,4.5,2.25,0.0,2.95,4.0,1.0,7.0,0.0,1.0,2.0,,,,True,True,UNKNOWN,False,False
2021029803,2025-09-07 13:00:00,オリックス・バファローズ,北海道日本ハムファイターズ,3.0,2.0,UNKNOWN,京セラドーム大阪,excluded,high,False,False,2100027,2000096,[],[],,,,,0,light,2025-09-07T04:00:00+00:00,,UNKNOWN,,,,UNKNOWN,UNKNOWN,,UNKNOWN,,3.375,1.5,5.0625,1.6875,0.0,2.6375,5.333333333333333,2.0,7.0,0.0,1.0,3.0,,,,3.6,1.4,19.8,7.2,1.8,3.8,5.0,2.0,3.0,1.0,4.0,11.0,,,,True,True,UNKNOWN,False,False
2021029804,2025-09-07 13:00:00,福岡ソフトバンクホークス,東北楽天ゴールデンイーグルス,2.0,4.0,UNKNOWN,みずほPayPayドーム福岡,unknown,low,False,False,2000123,2107909,[],[],,,,,0,light,2025-09-07T04:00:00+00:00,,UNKNOWN,,,,UNKNOWN,UNKNOWN,,UNKNOWN,,1.5,1.5,6.0,6.0,0.0,3.866666666666666,6.0,1.0,5.0,0.0,4.0,4.0,,,,6.75,1.5,13.5,4.5,4.5,8.2,4.0,3.0,4.0,2.0,2.0,6.0,,,,True,True,UNKNOWN,False,False
2021029800,2025-09-07 13:30:00,中日ドラゴンズ,読売ジャイアンツ,3.0,6.0,UNKNOWN,バンテリンドーム ナゴヤ,unknown,low,False,False,1800026,1200098,[],[],,,,,0,light,2025-09-07T04:30:00+00:00,,UNKNOWN,,,,UNKNOWN,UNKNOWN,,UNKNOWN,,4.5,2.25,4.5,6.75,2.25,7.7,4.0,2.0,6.0,1.0,3.0,2.0,,,,7.2,2.2,3.6,3.6,0.0,3.6,5.0,4.0,9.0,0.0,2.0,2.0,,,,True,True,UNKNOWN,False,False
2021029799,2025-09-07 18:00:00,横浜DeNAベイスターズ,東京ヤクルトスワローズ,3.0,2.0,UNKNOWN,横浜スタジアム,unknown,low,False,False,1200076,1200062,[],[],,,,,0,light,2025-09-07T09:00:00+00:00,,UNKNOWN,,,,UNKNOWN,UNKNOWN,,UNKNOWN,,3.0,1.0,7.5,0.0,1.5,3.7,6.0,2.0,6.0,1.0,0.0,5.0,,,,2.7,1.05,2.7,4.05,1.35,5.9,6.666666666666667,2.0,4.0,1.0,3.0,2.0,,,,True,True,UNKNOWN,False,False
2021029801,2025-09-07 18:00:00,阪神タイガース,広島東洋カープ,2.0,0.0,UNKNOWN,阪神甲子園球場,unknown,low,False,False,1600125,1600115,[],[],,,,,0,light,2025-09-07T09:00:00+00:00,,UNKNOWN,,,,UNKNOWN,UNKNOWN,,UNKNOWN,,2.25,2.0,9.0,2.25,0.0,1.95,4.0,1.0,7.0,0.0,1.0,4.0,,,,0.0,0.75,13.5,0.0,0.0,0.2000000000000001,4.0,0.0,3.0,0.0,0.0,6.0,,,,True,True,UNKNOWN,False,False
2021036651,2025-09-08 18:00:00,千葉ロッテマリーンズ,オリックス・バファローズ,4.0,2.0,UNKNOWN,ZOZOマリンスタジアム,unknown,low,False,False,2108177,2000090,[],[],,,,,0,light,2025-09-08T09:00:00+00:00,,UNKNOWN,,,,UNKNOWN,UNKNOWN,,UNKNOWN,,3.0,1.1666666666666667,7.5,3.0,0.0,2.5333333333333337,6.0,2.0,5.0,0.0,2.0,5.0,,,,1.8,1.2,5.4,0.0,0.0,2.0,5.0,1.0,6.0,0.0,0.0,3.0,,,,True,True,UNKNOWN,False,False
2021029802,2025-09-07 18:00:00,埼玉西武ライオンズ,千葉ロッテマリーンズ,2.0,4.0,UNKNOWN,ベルーナドーム,excluded,high,False,False,1800052,2117734,[],[],,,,,0,light,2025-09-07T09:00:00+00:00,,UNKNOWN,,,,UNKNOWN,UNKNOWN,,UNKNOWN,,2.25,1.125,2.25,0.0,1.125,4.325,8.0,2.0,9.0,1.0,0.0,2.0,,,,7.7142857142857135,1.9285714285714284,9.642857142857142,3.8571428571428568,1.9285714285714284,5.128571428571428,4.666666666666667,4.0,7.0,1.0,2.0,5.0,,,,True,True,UNKNOWN,False,False
2021029805,2025-09-09 18:00:00,読売ジャイアンツ,広島東洋カープ,6.0,4.0,UNKNOWN,東京ドーム,unknown,low,False,False,1600123,1800028,[],[],,,,,0,light,2025-09-09T09:00:00+00:00,,UNKNOWN,,,,UNKNOWN,UNKNOWN,,UNKNOWN,,7.714285714285714,1.1428571428571428,5.142857142857143,0.0,1.2857142857142858,3.9142857142857146,7.0,6.0,8.0,1.0,0.0,4.0,,,,5.4,2.0,14.4,3.6,1.8,3.8,5.0,3.0,8.0,1.0,2.0,8.0,,,,True,True,UNKNOWN,False,False
2021029806,2025-09-09 18:00:00,東京ヤクルトスワローズ,中日ドラゴンズ,3.0,2.0,UNKNOWN,明治神宮野球場,excluded,high,False,False,2000050,1900024,[],[],,,,,0,light,2025-09-09T09:00:00+00:00,,UNKNOWN,,,,UNKNOWN,UNKNOWN,,UNKNOWN,,0.0,0.6666666666666666,9.0,0.0,0.0,1.2000000000000002,3.0,0.0,2.0,0.0,0.0,3.0,,,,3.6,2.0,10.8,9.0,0.0,3.8,5.0,2.0,5.0,0.0,5.0,6.0,,,,True,True,UNKNOWN,False,False
2021029807,2025-09-09 18:00:00,阪神タイガース,横浜DeNAベイスターズ,0.0,3.0,UNKNOWN,阪神甲子園球場,unknown,low,False,False,1961374,2000055,[],[],,,,,0,light,2025-09-09T09:00:00+00:00,,UNKNOWN,,,,UNKNOWN,UNKNOWN,,UNKNOWN,,0.0,0.4285714285714285,9.0,0.0,0.0,1.2000000000000002,7.0,0.0,3.0,0.0,0.0,7.0,,,,3.857142857142857,0.7142857142857143,9.0,1.2857142857142858,0.0,1.6285714285714288,7.0,3.0,4.0,0.0,1.0,7.0,,,,True,True,UNKNOWN,False,False
2021029808,2025-09-09 18:00:00,北海道日本ハムファイターズ,福岡ソフトバンクホークス,7.0,4.0,UNKNOWN,エスコンフィールドHOKKAIDO,unknown,low,False,False,1700011,2000079,[],[],,,,,0,light,2025-09-09T09:00:00+00:00,,UNKNOWN,,,,UNKNOWN,UNKNOWN,,UNKNOWN,,11.117647058823527,1.9411764705882355,9.529411764705882,4.764705882352941,4.764705882352941,9.552941176470588,5.666666666666667,7.0,8.0,3.0,3.0,6.0,,,,3.857142857142857,0.8571428571428571,9.0,0.0,0.0,1.2000000000000002,7.0,3.0,6.0,0.0,0.0,7.0,,,,True,True,UNKNOWN,False,False
2021029809,2025-09-09 18:00:00,東北楽天ゴールデンイーグルス,埼玉西武ライオンズ,6.0,5.0,UNKNOWN,楽天モバイルパーク宮城,unknown,low,False,False,1600127,700065,[],[],,,,,0,light,2025-09-09T09:00:00+00:00,,UNKNOWN,,,,UNKNOWN,UNKNOWN,,UNKNOWN,,13.5,4.0,13.5,9.0,0.0,3.2,2.0,3.0,6.0,0.0,2.0,3.0,,,,6.75,1.5,1.6875,0.0,1.6875,5.2625,5.333333333333333,4.0,8.0,1.0,0.0,1.0,,,,True,True,UNKNOWN,False,False
2021029810,2025-09-09 18:00:00,千葉ロッテマリーンズ,オリックス・バファローズ,3.0,7.0,UNKNOWN,ZOZOマリンスタジアム,unknown,low,False,False,1900087,1300080,[],[],,,,,0,light,2025-09-09T09:00:00+00:00,,UNKNOWN,,,,UNKNOWN,UNKNOWN,,UNKNOWN,,3.5217391304347823,1.1739130434782608,10.565217391304348,1.1739130434782608,1.1739130434782608,2.939130434782609,7.666666666666667,3.0,8.0,1.0,1.0,9.0,,,,3.0,1.3333333333333333,1.5,3.0,1.5,6.033333333333333,6.0,2.0,6.0,1.0,2.0,1.0,,,,True,True,UNKNOWN,False,False
2021029811,2025-09-10 18:00:00,読売ジャイアンツ,広島東洋カープ,4.0,3.0,UNKNOWN,東京ドーム,unknown,low,False,False,1300057,1450977,[],[],,,,,0,light,2025-09-10T09:00:00+00:00,,UNKNOWN,,,,UNKNOWN,UNKNOWN,,UNKNOWN,,4.5,1.1666666666666667,3.0,0.0,3.0,6.866666666666667,6.0,3.0,7.0,2.0,0.0,2.0,,,,5.4,1.4,7.2,1.8,1.8,4.800000000000001,5.0,3.0,6.0,1.0,1.0,4.0,,,,True,True,UNKNOWN,False,False
2021029812,2025-09-10 18:00:00,東京ヤクルトスワローズ,中日ドラゴンズ,3.0,6.0,UNKNOWN,明治神宮野球場,unknown,low,False,False,2108462,1961468,[],[],,,,,0,light,2025-09-10T09:00:00+00:00,,UNKNOWN,,,,UNKNOWN,UNKNOWN,,UNKNOWN,,3.0,0.8333333333333334,7.5,0.0,1.5,3.7,6.0,2.0,5.0,1.0,0.0,5.0,,,,9.0,2.25,2.25,6.75,2.25,8.2,4.0,4.0,6.0,1.0,3.0,1.0,,,,True,True,UNKNOWN,False,False
2021029813,2025-09-10 18:00:00,阪神タイガース,横浜DeNAベイスターズ,1.0,6.0,UNKNOWN,阪神甲子園球場,unknown,low,False,False,1700058,2000052,[],[],,,,,0,light,2025-09-10T09:00:00+00:00,,UNKNOWN,,,,UNKNOWN,UNKNOWN,,UNKNOWN,,1.8,1.4,12.6,1.8,0.0,1.0,5.0,1.0,6.0,0.0,1.0,7.0,,,,8.526315789473685,1.105263157894737,7.105263157894737,2.8421052631578947,2.8421052631578947,6.673684210526316,6.333333333333333,6.0,5.0,2.0,2.0,5.0,,,,True,True,UNKNOWN,False,False
2021029814,2025-09-10 18:00:00,東北楽天ゴールデンイーグルス,埼玉西武ライオンズ,0.0,0.0,UNKNOWN,楽天モバイルパーク宮城,unknown,low,False,False,1751148,2000126,[],[],,,,,0,light,2025-09-10T09:00:00+00:00,,UNKNOWN,,,,UNKNOWN,UNKNOWN,,UNKNOWN,,0.0,1.0,13.5,0.0,0.0,0.2000000000000001,2.0,0.0,2.0,0.0,0.0,3.0,,,,0.0,1.0,0.0,0.0,0.0,3.2,2.0,0.0,2.0,0.0,0.0,0.0,,,,True,True,UNKNOWN,False,False
2021029815,2025-09-11 18:00:00,読売ジャイアンツ,広島東洋カープ,2.0,3.0,UNKNOWN,東京ドーム,unknown,low,False,False,1950429,2000006,[],[],,,,,0,light,2025-09-11T09:00:00+00:00,,UNKNOWN,,,,UNKNOWN,UNKNOWN,,UNKNOWN,,3.0,1.1666666666666667,6.0,1.5,0.0,2.3666666666666667,6.0,2.0,6.0,0.0,1.0,4.0,,,,3.0,1.1666666666666667,12.0,1.5,1.5,3.2,6.0,2.0,6.0,1.0,1.0,8.0,,,,True,True,UNKNOWN,False,False
2021029816,2025-09-11 18:00:00,東京ヤクルトスワローズ,中日ドラゴンズ,6.0,5.0,UNKNOWN,明治神宮野球場,unknown,low,False,False,500014,2103794,[],[],,,,,0,light,2025-09-11T09:00:00+00:00,,UNKNOWN,,,,UNKNOWN,UNKNOWN,,UNKNOWN,,9.642857142857142,1.5,3.8571428571428568,5.785714285714286,1.9285714285714284,7.057142857142857,4.666666666666667,5.0,4.0,1.0,3.0,2.0,,,,2.571428571428572,1.2857142857142858,5.142857142857143,0.0,0.0,2.0571428571428574,7.0,2.0,9.0,0.0,0.0,4.0,,,,True,True,UNKNOWN,False,False
2021029817,2025-09-11 18:00:00,阪神タイガース,横浜DeNAベイスターズ,2.0,0.0,UNKNOWN,阪神甲子園球場,unknown,low,False,False,2112182,1700137,[],[],,,,,0,light,2025-09-11T09:00:00+00:00,,UNKNOWN,,,,UNKNOWN,UNKNOWN,,UNKNOWN,,2.571428571428572,0.7142857142857143,10.285714285714286,2.571428571428572,1.2857142857142858,3.628571428571429,7.0,2.0,3.0,1.0,2.0,8.0,,,,0.0,0.3333333333333333,4.0,0.0,0.0,2.311111111111112,9.0,0.0,3.0,0.0,0.0,4.0,,,,True,True,UNKNOWN,False,False
2021029818,2025-09-11 18:00:00,北海道日本ハムファイターズ,オリックス・バファローズ,10.0,4.0,UNKNOWN,エスコンフィールドHOKKAIDO,excluded,high,False,False,2111998,1750903,[],[],,,,,0,light,2025-09-11T09:00:00+00:00,,UNKNOWN,,,,UNKNOWN,UNKNOWN,,UNKNOWN,,162.0,18.0,0.0,0.0,0.0,3.2,0.3333333333333333,6.0,6.0,0.0,0.0,0.0,,,,4.5,1.5,6.0,4.5,0.0,3.3666666666666667,6.0,3.0,6.0,0.0,3.0,4.0,,,,True,True,UNKNOWN,False,False
2021029819,2025-09-11 18:00:00,千葉ロッテマリーンズ,福岡ソフトバンクホークス,9.0,1.0,UNKNOWN,ZOZOマリンスタジアム,unknown,low,False,False,1900106,1600146,[],[],,,,,0,light,2025-09-11T09:00:00+00:00,,UNKNOWN,,,,UNKNOWN,UNKNOWN,,UNKNOWN,,9.0,2.5,4.5,0.0,4.5,8.7,2.0,2.0,5.0,1.0,0.0,1.0,,,,1.125,0.25,10.125,0.0,0.0,0.9500000000000002,8.0,1.0,2.0,0.0,0.0,9.0,,,,True,True,UNKNOWN,False,False
2021029820,2025-09-12 18:00:00,東京ヤクルトスワローズ,横浜DeNAベイスターズ,2.0,10.0,UNKNOWN,明治神宮野球場,unknown,low,False,False,2103904,1300045,[],[],,,,,0,light,2025-09-12T09:00:00+00:00,,UNKNOWN,,,,UNKNOWN,UNKNOWN,,UNKNOWN,,0.0,0.8571428571428571,5.142857142857143,2.571428571428572,0.0,2.9142857142857146,7.0,0.0,4.0,0.0,2.0,4.0,,,,7.2,2.0,9.0,3.6,0.0,2.4000000000000004,5.0,4.0,8.0,0.0,2.0,5.0,,,,True,True,UNKNOWN,False,False
2021029821,2025-09-12 18:00:00,広島東洋カープ,中日ドラゴンズ,9.0,0.0,UNKNOWN,MAZDA Zoom-Zoom スタジアム広島,unknown,low,False,False,1600106,2103788,[],[],,,,,0,light,2025-09-12T09:00:00+00:00,,UNKNOWN,,,,UNKNOWN,UNKNOWN,,UNKNOWN,,11.25,2.25,6.75,0.0,0.0,1.7000000000000002,4.0,5.0,9.0,0.0,0.0,3.0,,,,0.0,1.2857142857142858,7.714285714285714,1.2857142857142858,0.0,1.9142857142857144,7.0,0.0,8.0,0.0,1.0,6.0,,,,True,True,UNKNOWN,False,False
2021029822,2025-09-12 18:00:00,北海道日本ハムファイターズ,埼玉西武ライオンズ,3.0,7.0,UNKNOWN,エスコンフィールドHOKKAIDO,unknown,low,False,False,1400182,2050307,[],[],,,,,0,light,2025-09-12T09:00:00+00:00,,UNKNOWN,,,,UNKNOWN,UNKNOWN,,UNKNOWN,,3.375,1.125,5.625,0.0,1.125,3.575,8.0,3.0,9.0,1.0,0.0,5.0,,,,2.571428571428572,1.0,9.0,1.2857142857142858,0.0,1.6285714285714288,7.0,2.0,6.0,0.0,1.0,7.0,,,,True,True,UNKNOWN,False,False
2021029824,2025-09-13 14:00:00,読売ジャイアンツ,阪神タイガース,11.0,10.0,UNKNOWN,東京ドーム,unknown,low,False,False,1700078,1800026,[],[],,,,,0,light,2025-09-13T05:00:00+00:00,,UNKNOWN,,,,UNKNOWN,UNKNOWN,,UNKNOWN,,6.0,2.333333333333333,18.0,6.0,6.0,9.866666666666667,3.0,2.0,5.0,2.0,2.0,6.0,,,,6.75,1.75,4.5,2.25,0.0,2.95,4.0,3.0,6.0,0.0,1.0,2.0,,,,True,True,UNKNOWN,False,False
2021029823,2025-09-12 18:00:00,東北楽天ゴールデンイーグルス,千葉ロッテマリーンズ,6.0,3.0,UNKNOWN,楽天モバイルパーク宮城,unknown,low,False,False,1961672,2110316,[],[],,,,,0,light,2025-09-12T09:00:00+00:00,,UNKNOWN,,,,UNKNOWN,UNKNOWN,,UNKNOWN,,9.0,1.6,7.2,3.6,1.8,5.4,5.0,5.0,6.0,1.0,2.0,4.0,,,,4.05,0.8999999999999999,8.1,2.7,1.35,4.25,6.666666666666667,3.0,4.0,1.0,2.0,6.0,,,,True,True,UNKNOWN,False,False
2021029826,2025-09-13 14:00:00,広島東洋カープ,中日ドラゴンズ,5.0,0.0,UNKNOWN,MAZDA Zoom-Zoom スタジアム広島,unknown,low,False,False,2000042,2110267,[],[],,,,,0,light,2025-09-13T05:00:00+00:00,,UNKNOWN,,,,UNKNOWN,UNKNOWN,,UNKNOWN,,6.0,1.5,4.5,1.5,1.5,4.866666666666667,6.0,4.0,8.0,1.0,1.0,3.0,,,,0.0,1.0,1.5,3.0,0.0,3.866666666666666,6.0,0.0,4.0,0.0,2.0,1.0,,,,True,True,UNKNOWN,False,False
2021029827,2025-09-13 14:00:00,北海道日本ハムファイターズ,埼玉西武ライオンズ,5.0,4.0,UNKNOWN,エスコンフィールドHOKKAIDO,unknown,low,False,False,1800081,1500110,[],[],,,,,0,light,2025-09-13T05:00:00+00:00,,UNKNOWN,,,,UNKNOWN,UNKNOWN,,UNKNOWN,,5.4,1.6,5.4,1.8,5.4,10.4,5.0,3.0,7.0,3.0,1.0,3.0,,,,3.375,0.9375,6.75,0.0,1.6875,4.1375,5.333333333333333,2.0,5.0,1.0,0.0,4.0,,,,True,True,UNKNOWN,False,False
2021029828,2025-09-13 14:00:00,東北楽天ゴールデンイーグルス,千葉ロッテマリーンズ,4.0,6.0,UNKNOWN,楽天モバイルパーク宮城,unknown,low,False,False,2101268,2106793,[],[],,,,,0,light,2025-09-13T05:00:00+00:00,,UNKNOWN,,,,UNKNOWN,UNKNOWN,,UNKNOWN,,3.0,1.1666666666666667,9.0,1.5,1.5,3.866666666666666,6.0,2.0,6.0,1.0,1.0,6.0,,,,12.272727272727272,2.181818181818182,14.727272727272728,7.363636363636364,0.0,2.381818181818182,3.6666666666666665,5.0,5.0,0.0,3.0,6.0,,,,True,True,UNKNOWN,False,False
2021029829,2025-09-13 18:00:00,オリックス・バファローズ,福岡ソフトバンクホークス,1.0,2.0,UNKNOWN,京セラドーム大阪,unknown,low,False,False,1100099,1300058,[],[],,,,,0,light,2025-09-13T09:00:00+00:00,,UNKNOWN,,,,UNKNOWN,UNKNOWN,,UNKNOWN,,0.0,0.7142857142857143,6.428571428571429,3.857142857142857,0.0,3.0571428571428574,7.0,0.0,2.0,0.0,3.0,5.0,,,,0.0,1.1666666666666667,4.5,3.0,0.0,3.2,6.0,0.0,5.0,0.0,2.0,3.0,,,,True,True,UNKNOWN,False,False
2021029834,2025-09-14 13:00:00,東北楽天ゴールデンイーグルス,千葉ロッテマリーンズ,5.0,1.0,UNKNOWN,楽天モバイルパーク宮城,unknown,low,False,False,1800052,2000123,[],[],,,,,0,light,2025-09-14T04:00:00+00:00,,UNKNOWN,,,,UNKNOWN,UNKNOWN,,UNKNOWN,,7.2,1.6,5.4,9.0,1.8,7.6,5.0,4.0,3.0,1.0,5.0,3.0,,,,0.0,2.4545454545454546,9.818181818181818,9.818181818181818,0.0,4.290909090909091,3.6666666666666665,0.0,5.0,0.0,4.0,4.0,,,,True,True,UNKNOWN,False,False
2021029825,2025-09-13 18:20:00,東京ヤクルトスワローズ,横浜DeNAベイスターズ,2.0,6.0,UNKNOWN,明治神宮野球場,unknown,low,False,False,1650915,2000025,[],[],,,,,0,light,2025-09-13T09:20:00+00:00,,UNKNOWN,,,,UNKNOWN,UNKNOWN,,UNKNOWN,,1.5,1.1666666666666667,7.5,3.0,0.0,2.5333333333333337,6.0,1.0,5.0,0.0,2.0,5.0,,,,9.529411764705882,2.4705882352941173,9.529411764705882,3.176470588235294,3.176470588235294,6.729411764705882,5.666666666666667,6.0,12.0,2.0,2.0,6.0,,,,True,True,UNKNOWN,False,False
2021029835,2025-09-14 13:00:00,オリックス・バファローズ,福岡ソフトバンクホークス,3.0,4.0,UNKNOWN,京セラドーム大阪,unknown,low,False,False,1400117,1750595,[],[],,,,,0,light,2025-09-14T04:00:00+00:00,,UNKNOWN,,,,UNKNOWN,UNKNOWN,,UNKNOWN,,3.857142857142857,0.5714285714285714,5.142857142857143,0.0,0.0,2.0571428571428574,7.0,3.0,4.0,0.0,0.0,4.0,,,,0.0,1.8000000000000005,10.8,0.0,0.0,0.7999999999999998,1.6666666666666663,0.0,3.0,0.0,0.0,2.0,,,,True,True,UNKNOWN,False,False
2021029833,2025-09-14 14:00:00,北海道日本ハムファイターズ,埼玉西武ライオンズ,4.0,3.0,UNKNOWN,エスコンフィールドHOKKAIDO,unknown,low,False,False,1751148,2100027,[],[],,,,,0,light,2025-09-14T05:00:00+00:00,,UNKNOWN,,,,UNKNOWN,UNKNOWN,,UNKNOWN,,4.5,1.125,5.625,4.5,2.25,6.7,8.0,4.0,5.0,2.0,4.0,5.0,,,,3.857142857142857,1.0,9.0,2.571428571428572,2.571428571428572,5.771428571428572,7.0,3.0,5.0,2.0,2.0,7.0,,,,True,True,UNKNOWN,False,False
2021029830,2025-09-14 18:00:00,横浜DeNAベイスターズ,読売ジャイアンツ,9.0,7.0,UNKNOWN,横浜スタジアム,unknown,low,False,False,2103689,1200062,[],[],,,,,0,light,2025-09-14T09:00:00+00:00,,UNKNOWN,,,,UNKNOWN,UNKNOWN,,UNKNOWN,,,,,,,,,,,,,,,,,18.0,2.5,4.5,4.5,0.0,3.7,2.0,4.0,4.0,0.0,1.0,1.0,,,,False,True,UNKNOWN,False,False
2021029831,2025-09-14 18:00:00,阪神タイガース,中日ドラゴンズ,0.0,1.0,UNKNOWN,阪神甲子園球場,unknown,low,False,False,1000138,1600115,[],[],,,,,0,light,2025-09-14T09:00:00+00:00,,UNKNOWN,,,,UNKNOWN,UNKNOWN,,UNKNOWN,,0.0,0.625,5.625,1.125,0.0,2.325,8.0,0.0,4.0,0.0,1.0,5.0,,,,1.2857142857142858,1.2857142857142858,5.142857142857143,2.571428571428572,0.0,2.9142857142857146,7.0,1.0,7.0,0.0,2.0,4.0,,,,True,True,UNKNOWN,False,False
2021029832,2025-09-14 18:00:00,広島東洋カープ,東京ヤクルトスワローズ,6.0,8.0,UNKNOWN,MAZDA Zoom-Zoom スタジアム広島,unknown,low,False,False,2101156,1600125,[],[],,,,,0,light,2025-09-14T09:00:00+00:00,,UNKNOWN,,,,UNKNOWN,UNKNOWN,,UNKNOWN,,7.5,1.5,1.5,1.5,0.0,3.3666666666666667,6.0,5.0,8.0,0.0,1.0,1.0,,,,3.0,1.0,6.0,3.0,0.0,2.8666666666666667,6.0,2.0,4.0,0.0,2.0,4.0,,,,True,True,UNKNOWN,False,False
2021029839,2025-09-15 13:00:00,北海道日本ハムファイターズ,埼玉西武ライオンズ,12.0,5.0,UNKNOWN,エスコンフィールドHOKKAIDO,unknown,low,False,False,1700125,2117696,[],[],,,,,0,light,2025-09-15T04:00:00+00:00,,UNKNOWN,,,,UNKNOWN,UNKNOWN,,UNKNOWN,,3.6,1.6,7.2,1.8,1.8,4.800000000000001,5.0,2.0,7.0,1.0,1.0,4.0,,,,4.909090909090909,0.5454545454545455,7.363636363636364,0.0,0.0,1.5636363636363635,3.6666666666666665,2.0,2.0,0.0,0.0,3.0,,,,True,True,UNKNOWN,False,False
2021029840,2025-09-15 13:00:00,東北楽天ゴールデンイーグルス,千葉ロッテマリーンズ,5.0,4.0,UNKNOWN,楽天モバイルパーク宮城,excluded,high,False,False,2000090,1961886,[],[],,,,,0,light,2025-09-15T04:00:00+00:00,,UNKNOWN,,,,UNKNOWN,UNKNOWN,,UNKNOWN,,1.6875,1.3125,1.6875,5.0625,0.0,4.5125,5.333333333333333,1.0,4.0,0.0,3.0,1.0,,,,7.363636363636364,1.9090909090909087,7.363636363636364,0.0,0.0,1.5636363636363635,3.6666666666666665,3.0,7.0,0.0,0.0,3.0,,,,True,True,UNKNOWN,False,False
2021029838,2025-09-15 14:00:00,広島東洋カープ,東京ヤクルトスワローズ,6.0,2.0,UNKNOWN,MAZDA Zoom-Zoom スタジアム広島,excluded,high,False,False,1500090,1900057,[],[],,,,,0,light,2025-09-15T05:00:00+00:00,,UNKNOWN,,,,UNKNOWN,UNKNOWN,,UNKNOWN,,9.0,2.5,6.75,13.5,0.0,6.2,4.0,4.0,4.0,0.0,6.0,3.0,,,,1.8,1.0,9.0,3.6,0.0,2.4000000000000004,5.0,1.0,3.0,0.0,2.0,5.0,,,,True,True,UNKNOWN,False,False
2021029837,2025-09-15 14:00:00,阪神タイガース,中日ドラゴンズ,6.0,2.0,UNKNOWN,阪神甲子園球場,unknown,low,False,False,1200098,1961861,[],[],,,,,0,light,2025-09-15T05:00:00+00:00,,UNKNOWN,,,,UNKNOWN,UNKNOWN,,UNKNOWN,,9.0,1.5,4.5,2.25,2.25,6.2,4.0,4.0,5.0,1.0,1.0,2.0,,,,1.8,0.6,1.8,0.0,0.0,2.8000000000000003,5.0,1.0,3.0,0.0,0.0,1.0,,,,True,True,UNKNOWN,False,False
2021029841,2025-09-15 14:00:00,オリックス・バファローズ,福岡ソフトバンクホークス,0.0,5.0,UNKNOWN,京セラドーム大阪,unknown,low,False,False,1550517,2108177,[],[],,,,,0,light,2025-09-15T05:00:00+00:00,,UNKNOWN,,,,UNKNOWN,UNKNOWN,,UNKNOWN,,0.0,1.0,3.0,1.5,0.0,3.0333333333333337,6.0,0.0,5.0,0.0,1.0,2.0,,,,7.7142857142857135,2.142857142857143,11.571428571428571,3.8571428571428568,0.0,1.9142857142857144,4.666666666666667,4.0,8.0,0.0,2.0,6.0,,,,True,True,UNKNOWN,False,False
2021029836,2025-09-15 18:00:00,横浜DeNAベイスターズ,読売ジャイアンツ,3.0,0.0,UNKNOWN,横浜スタジアム,excluded,high,False,False,700069,1961374,[],[],,,,,0,light,2025-09-15T09:00:00+00:00,,UNKNOWN,,,,UNKNOWN,UNKNOWN,,UNKNOWN,,3.0,1.5,4.5,6.0,0.0,4.2,6.0,2.0,5.0,0.0,4.0,3.0,,,,0.0,0.8888888888888888,11.0,2.0,0.0,1.4222222222222225,9.0,0.0,6.0,0.0,2.0,11.0,,,,True,True,UNKNOWN,False,False
2021029843,2025-09-17 18:00:00,東京ヤクルトスワローズ,読売ジャイアンツ,2.0,4.0,UNKNOWN,明治神宮野球場,unknown,low,False,False,1800028,1900024,[],[],,,,,0,light,2025-09-17T09:00:00+00:00,,UNKNOWN,,,,UNKNOWN,UNKNOWN,,UNKNOWN,,3.0,1.5,7.5,7.5,0.0,4.033333333333333,6.0,2.0,4.0,0.0,5.0,5.0,,,,8.307692307692308,2.076923076923077,6.230769230769231,6.230769230769231,2.076923076923077,6.892307692307693,4.333333333333333,4.0,6.0,1.0,3.0,3.0,,,,True,True,UNKNOWN,False,False
2021029844,2025-09-17 18:00:00,中日ドラゴンズ,横浜DeNAベイスターズ,0.0,1.0,UNKNOWN,バンテリンドーム ナゴヤ,unknown,low,False,False,1700058,2108462,[],[],,,,,0,light,2025-09-17T09:00:00+00:00,,UNKNOWN,,,,UNKNOWN,UNKNOWN,,UNKNOWN,,0.0,0.625,10.125,1.125,0.0,1.3250000000000002,8.0,0.0,4.0,0.0,1.0,9.0,,,,0.0,1.1428571428571428,7.714285714285714,5.142857142857143,0.0,3.2,7.0,0.0,4.0,0.0,4.0,6.0,,,,True,True,UNKNOWN,False,False
2021029842,2025-09-16 18:00:00,オリックス・バファローズ,千葉ロッテマリーンズ,7.0,3.0,UNKNOWN,京セラドーム大阪,unknown,low,False,False,2111821,1700109,[],[],,,,,0,light,2025-09-16T09:00:00+00:00,,UNKNOWN,,,,UNKNOWN,UNKNOWN,,UNKNOWN,,9.0,1.8,7.2,3.6,1.8,5.4,5.0,5.0,7.0,1.0,2.0,4.0,,,,3.6,1.8,10.8,3.6,0.0,2.0,5.0,2.0,7.0,0.0,2.0,6.0,,,,True,True,UNKNOWN,False,False
2021029847,2025-09-17 18:00:00,オリックス・バファローズ,千葉ロッテマリーンズ,1.0,2.0,UNKNOWN,京セラドーム大阪,unknown,low,False,False,1300080,1900087,[],[],,,,,0,light,2025-09-17T09:00:00+00:00,,UNKNOWN,,,,UNKNOWN,UNKNOWN,,UNKNOWN,,1.2857142857142858,0.8571428571428571,7.714285714285714,2.571428571428572,1.2857142857142858,4.2,7.0,1.0,4.0,1.0,2.0,6.0,,,,1.5,1.3333333333333333,13.5,1.5,0.0,0.7000000000000002,6.0,1.0,7.0,0.0,1.0,9.0,,,,True,True,UNKNOWN,False,False
2021029845,2025-09-17 18:00:00,広島東洋カープ,阪神タイガース,1.0,6.0,UNKNOWN,MAZDA Zoom-Zoom スタジアム広島,unknown,low,False,False,2000055,1600123,[],[],,,,,0,light,2025-09-17T09:00:00+00:00,,UNKNOWN,,,,UNKNOWN,UNKNOWN,,UNKNOWN,,1.5,0.8333333333333334,12.0,0.0,0.0,0.5333333333333337,6.0,1.0,5.0,0.0,0.0,8.0,,,,3.0,1.5,10.5,3.0,0.0,1.866666666666667,6.0,2.0,7.0,0.0,2.0,7.0,,,,True,True,UNKNOWN,False,False
2021029846,2025-09-17 18:00:00,東北楽天ゴールデンイーグルス,北海道日本ハムファイターズ,3.0,2.0,UNKNOWN,楽天モバイルパーク宮城,unknown,low,False,False,2000079,2000126,[],[],,,,,0,light,2025-09-17T09:00:00+00:00,,UNKNOWN,,,,UNKNOWN,UNKNOWN,,UNKNOWN,,2.571428571428572,1.0,6.428571428571429,1.2857142857142858,0.0,2.2,7.0,2.0,6.0,0.0,1.0,5.0,,,,1.2857142857142858,0.8571428571428571,5.142857142857143,0.0,0.0,2.0571428571428574,7.0,1.0,6.0,0.0,0.0,4.0,,,,True,True,UNKNOWN,False,False
2021029848,2025-09-17 18:00:00,福岡ソフトバンクホークス,埼玉西武ライオンズ,11.0,8.0,UNKNOWN,みずほPayPayドーム福岡,excluded,high,False,False,2105080,1700011,[],[],,,,,0,light,2025-09-17T09:00:00+00:00,,UNKNOWN,,,,UNKNOWN,UNKNOWN,,UNKNOWN,,49.5,6.5,9.0,13.5,0.0,5.7,2.0,11.0,10.0,0.0,3.0,2.0,,,,1.8,0.8,7.2,3.6,1.8,5.4,5.0,1.0,2.0,1.0,2.0,4.0,,,,True,True,UNKNOWN,False,False
2021029849,2025-09-18 18:00:00,東京ヤクルトスワローズ,読売ジャイアンツ,5.0,0.0,UNKNOWN,明治神宮野球場,excluded,high,False,False,1450977,1500042,[],[],,,,,0,light,2025-09-18T09:00:00+00:00,,UNKNOWN,,,,UNKNOWN,UNKNOWN,,UNKNOWN,,12.0,2.6666666666666665,3.0,6.0,3.0,8.866666666666667,3.0,4.0,6.0,1.0,2.0,1.0,,,,0.0,1.3333333333333333,12.0,4.5,0.0,2.033333333333333,6.0,0.0,5.0,0.0,3.0,8.0,,,,True,True,UNKNOWN,False,False
2021029850,2025-09-18 18:00:00,中日ドラゴンズ,横浜DeNAベイスターズ,4.0,7.0,UNKNOWN,バンテリンドーム ナゴヤ,unknown,low,False,False,2112182,500014,[],[],,,,,0,light,2025-09-18T09:00:00+00:00,,UNKNOWN,,,,UNKNOWN,UNKNOWN,,UNKNOWN,,4.5,1.1666666666666667,15.0,0.0,0.0,-0.1333333333333333,6.0,3.0,7.0,0.0,0.0,10.0,,,,7.7142857142857135,1.5,3.8571428571428568,1.9285714285714284,1.9285714285714284,5.771428571428571,4.666666666666667,4.0,6.0,1.0,1.0,2.0,,,,True,True,UNKNOWN,False,False
2021029851,2025-09-18 18:00:00,埼玉西武ライオンズ,オリックス・バファローズ,2.0,1.0,UNKNOWN,ベルーナドーム,unknown,low,False,False,2000096,1600127,[],[],,,,,0,light,2025-09-18T09:00:00+00:00,,UNKNOWN,,,,UNKNOWN,UNKNOWN,,UNKNOWN,,1.1739130434782608,1.0434782608695652,9.391304347826086,1.1739130434782608,0.0,1.5043478260869567,7.666666666666667,1.0,7.0,0.0,1.0,8.0,,,,0.0,0.5714285714285714,6.428571428571429,3.857142857142857,0.0,3.0571428571428574,7.0,0.0,1.0,0.0,3.0,5.0,,,,True,True,UNKNOWN,False,False
2021029852,2025-09-18 18:00:00,千葉ロッテマリーンズ,東北楽天ゴールデンイーグルス,7.0,0.0,UNKNOWN,ZOZOマリンスタジアム,unknown,low,False,False,700065,1600146,[],[],,,,,0,light,2025-09-18T09:00:00+00:00,,UNKNOWN,,,,UNKNOWN,UNKNOWN,,UNKNOWN,,7.875,1.5,6.75,2.25,0.0,2.45,8.0,7.0,10.0,0.0,2.0,6.0,,,,0.0,0.7142857142857143,7.714285714285714,1.2857142857142858,0.0,1.9142857142857144,7.0,0.0,4.0,0.0,1.0,6.0,,,,True,True,UNKNOWN,False,False
2021029853,2025-09-18 18:00:00,福岡ソフトバンクホークス,北海道日本ハムファイターズ,3.0,2.0,UNKNOWN,みずほPayPayドーム福岡,unknown,low,False,False,1750903,1900106,[],[],,,,,0,light,2025-09-18T09:00:00+00:00,,UNKNOWN,,,,UNKNOWN,UNKNOWN,,UNKNOWN,,1.4210526315789471,1.2631578947368425,11.36842105263158,5.684210526315789,0.0,2.568421052631579,6.333333333333333,1.0,4.0,0.0,4.0,8.0,,,,4.5,4.0,9.0,9.0,0.0,4.2,2.0,1.0,6.0,0.0,2.0,2.0,,,,True,True,UNKNOWN,False,False
2021036650,2025-09-18 18:00:00,広島東洋カープ,阪神タイガース,2.0,7.0,UNKNOWN,MAZDA Zoom-Zoom スタジアム広島,unknown,low,False,False,1700137,1950429,[],[],,,,,0,light,2025-09-18T09:00:00+00:00,,UNKNOWN,,,,UNKNOWN,UNKNOWN,,UNKNOWN,,3.6,1.0,9.0,0.0,0.0,1.2000000000000002,5.0,2.0,5.0,0.0,0.0,5.0,,,,5.4,1.6,9.0,1.8,1.8,4.4,5.0,3.0,7.0,1.0,1.0,5.0,,,,True,True,UNKNOWN,False,False
2021029854,2025-09-19 18:00:00,読売ジャイアンツ,広島東洋カープ,5.0,4.0,UNKNOWN,東京ドーム,unknown,low,False,False,1300057,2000006,[],[],,,,,0,light,2025-09-19T09:00:00+00:00,,UNKNOWN,,,,UNKNOWN,UNKNOWN,,UNKNOWN,,7.5,1.8333333333333333,7.5,1.5,3.0,6.366666666666667,6.0,5.0,10.0,2.0,1.0,5.0,,,,5.4,1.35,10.8,2.7,1.35,3.65,6.666666666666667,4.0,7.0,1.0,2.0,8.0,,,,True,True,UNKNOWN,False,False
2021029856,2025-09-19 18:00:00,阪神タイガース,横浜DeNAベイスターズ,4.0,0.0,UNKNOWN,阪神甲子園球場,unknown,low,False,False,2103904,2112127,[],[],,,,,0,light,2025-09-19T09:00:00+00:00,,UNKNOWN,,,,UNKNOWN,UNKNOWN,,UNKNOWN,,2.25,1.75,6.75,9.0,0.0,4.7,4.0,1.0,3.0,0.0,4.0,3.0,,,,0.0,1.0,4.5,0.0,0.0,2.2,6.0,0.0,6.0,0.0,0.0,3.0,,,,True,True,UNKNOWN,False,False
2021029855,2025-09-19 18:00:00,中日ドラゴンズ,東京ヤクルトスワローズ,2.0,6.0,UNKNOWN,バンテリンドーム ナゴヤ,unknown,low,False,False,2103794,1600106,[],[],,,,,0,light,2025-09-19T09:00:00+00:00,,UNKNOWN,,,,UNKNOWN,UNKNOWN,,UNKNOWN,,2.571428571428572,0.8571428571428571,5.142857142857143,1.2857142857142858,0.0,2.4857142857142858,7.0,2.0,5.0,0.0,1.0,4.0,,,,5.684210526315789,1.8947368421052635,9.947368421052632,5.684210526315789,0.0,2.8842105263157896,6.333333333333333,4.0,8.0,0.0,4.0,7.0,,,,True,True,UNKNOWN,False,False
2021033089,2025-09-19 18:00:00,東北楽天ゴールデンイーグルス,埼玉西武ライオンズ,1.0,4.0,UNKNOWN,楽天モバイルパーク宮城,unknown,low,False,False,1400182,2110316,[],[],,,,,0,light,2025-09-19T09:00:00+00:00,,UNKNOWN,,,,UNKNOWN,UNKNOWN,,UNKNOWN,,1.5,1.1666666666666667,7.5,4.5,1.5,5.2,6.0,1.0,4.0,1.0,3.0,5.0,,,,1.4210526315789471,0.7894736842105263,5.684210526315789,1.4210526315789471,1.4210526315789471,4.463157894736843,6.333333333333333,1.0,4.0,1.0,1.0,4.0,,,,True,True,UNKNOWN,False,False
2021029857,2025-09-20 14:00:00,読売ジャイアンツ,広島東洋カープ,3.0,1.0,UNKNOWN,東京ドーム,unknown,low,False,False,2103788,1800026,[],[],,,,,0,light,2025-09-20T05:00:00+00:00,,UNKNOWN,,,,UNKNOWN,UNKNOWN,,UNKNOWN,,5.4,1.0,7.2,0.0,1.8,4.2,5.0,3.0,5.0,1.0,0.0,4.0,,,,1.8,0.6,3.6,0.0,1.8,5.0,5.0,1.0,3.0,1.0,0.0,2.0,,,,True,True,UNKNOWN,False,False
2021029859,2025-09-20 14:00:00,阪神タイガース,横浜DeNAベイスターズ,1.0,4.0,UNKNOWN,阪神甲子園球場,unknown,low,False,False,1650915,1700078,[],[],,,,,0,light,2025-09-20T05:00:00+00:00,,UNKNOWN,,,,UNKNOWN,UNKNOWN,,UNKNOWN,,1.2857142857142858,0.5714285714285714,6.428571428571429,1.2857142857142858,1.2857142857142858,4.057142857142857,7.0,1.0,3.0,1.0,1.0,5.0,,,,3.8571428571428568,1.2857142857142856,11.571428571428571,1.9285714285714284,0.0,1.2714285714285718,4.666666666666667,2.0,5.0,0.0,1.0,6.0,,,,True,True,UNKNOWN,False,False
2021029858,2025-09-20 14:00:00,中日ドラゴンズ,東京ヤクルトスワローズ,3.0,0.0,UNKNOWN,バンテリンドーム ナゴヤ,unknown,low,False,False,1200076,900406,[],[],,,,,0,light,2025-09-20T05:00:00+00:00,,UNKNOWN,,,,UNKNOWN,UNKNOWN,,UNKNOWN,,0.0,1.1666666666666667,4.5,3.0,0.0,3.2,6.0,0.0,5.0,0.0,2.0,3.0,,,,0.0,0.0,27.0,0.0,0.0,-2.8,0.3333333333333333,0.0,0.0,0.0,0.0,1.0,,,,True,True,UNKNOWN,False,False
2021029860,2025-09-20 14:00:00,北海道日本ハムファイターズ,千葉ロッテマリーンズ,8.0,7.0,UNKNOWN,エスコンフィールドHOKKAIDO,unknown,low,False,False,2101268,2050307,[],[],,,,,0,light,2025-09-20T05:00:00+00:00,,UNKNOWN,,,,UNKNOWN,UNKNOWN,,UNKNOWN,,17.181818181818183,3.8181818181818175,12.272727272727272,7.363636363636364,0.0,2.9272727272727272,3.6666666666666665,7.0,11.0,0.0,3.0,5.0,,,,7.2,1.6,7.2,1.8,1.8,4.800000000000001,5.0,4.0,7.0,1.0,1.0,4.0,,,,True,True,UNKNOWN,False,False
2021029861,2025-09-20 14:00:00,東北楽天ゴールデンイーグルス,埼玉西武ライオンズ,2.0,1.0,UNKNOWN,楽天モバイルパーク宮城,unknown,low,False,False,1800081,2106793,[],[],,,,,0,light,2025-09-20T05:00:00+00:00,,UNKNOWN,,,,UNKNOWN,UNKNOWN,,UNKNOWN,,3.176470588235294,2.117647058823529,6.352941176470588,3.176470588235294,0.0,2.847058823529412,5.666666666666667,2.0,10.0,0.0,2.0,4.0,,,,1.5,1.0,10.5,1.5,1.5,3.5333333333333337,6.0,1.0,5.0,1.0,1.0,7.0,,,,True,True,UNKNOWN,False,False
2021029867,2025-09-21 13:00:00,東北楽天ゴールデンイーグルス,埼玉西武ライオンズ,2.0,8.0,UNKNOWN,楽天モバイルパーク宮城,unknown,low,False,False,1751148,2000123,[],[],,,,,0,light,2025-09-21T04:00:00+00:00,,UNKNOWN,,,,UNKNOWN,UNKNOWN,,UNKNOWN,,3.0,1.1666666666666667,9.0,3.0,1.5,4.366666666666667,6.0,2.0,5.0,1.0,2.0,6.0,,,,9.0,3.0,4.5,0.0,0.0,2.2,2.0,2.0,6.0,0.0,0.0,1.0,,,,True,True,UNKNOWN,False,False
2021029862,2025-09-20 14:00:00,福岡ソフトバンクホークス,オリックス・バファローズ,4.0,5.0,UNKNOWN,みずほPayPayドーム福岡,unknown,low,False,False,1300058,1100099,[],[],,,,,0,light,2025-09-20T05:00:00+00:00,,UNKNOWN,,,,UNKNOWN,UNKNOWN,,UNKNOWN,,5.4,1.2,9.0,0.0,1.8,3.8,5.0,3.0,6.0,1.0,0.0,5.0,,,,3.857142857142857,0.8571428571428571,9.0,1.2857142857142858,1.2857142857142858,3.4857142857142858,7.0,3.0,5.0,1.0,1.0,7.0,,,,True,True,UNKNOWN,False,False
2021029866,2025-09-21 14:00:00,北海道日本ハムファイターズ,千葉ロッテマリーンズ,7.0,2.0,UNKNOWN,エスコンフィールドHOKKAIDO,unknown,low,False,False,1800052,2100027,[],[],,,,,0,light,2025-09-21T05:00:00+00:00,,UNKNOWN,,,,UNKNOWN,UNKNOWN,,UNKNOWN,,6.352941176470588,1.9411764705882355,9.529411764705882,6.352941176470588,3.176470588235294,7.788235294117647,5.666666666666667,4.0,7.0,2.0,4.0,6.0,,,,3.6,1.6,5.4,5.4,0.0,3.8,5.0,2.0,5.0,0.0,3.0,3.0,,,,True,True,UNKNOWN,False,False
2021029868,2025-09-21 14:00:00,福岡ソフトバンクホークス,オリックス・バファローズ,1.0,2.0,UNKNOWN,みずほPayPayドーム福岡,excluded,high,False,False,1900092,1400117,[],[],,,,,0,light,2025-09-21T05:00:00+00:00,,UNKNOWN,,,,UNKNOWN,UNKNOWN,,UNKNOWN,,0.0,1.6,10.8,5.4,0.0,2.6,5.0,0.0,5.0,0.0,3.0,6.0,,,,2.25,0.875,5.625,0.0,2.25,5.2,8.0,2.0,7.0,2.0,0.0,5.0,,,,True,True,UNKNOWN,False,False
2021029863,2025-09-21 18:00:00,東京ヤクルトスワローズ,阪神タイガース,8.0,1.0,UNKNOWN,明治神宮野球場,unknown,low,False,False,2000052,2000025,[],[],,,,,0,light,2025-09-21T09:00:00+00:00,,UNKNOWN,,,,UNKNOWN,UNKNOWN,,UNKNOWN,,15.428571428571429,3.214285714285714,1.9285714285714284,1.9285714285714284,1.9285714285714284,6.2,4.666666666666667,8.0,14.0,1.0,1.0,1.0,,,,0.0,1.0,11.571428571428571,0.0,0.0,0.6285714285714286,7.0,0.0,7.0,0.0,0.0,9.0,,,,True,True,UNKNOWN,False,False
2021029865,2025-09-21 13:30:00,中日ドラゴンズ,読売ジャイアンツ,5.0,2.0,UNKNOWN,バンテリンドーム ナゴヤ,unknown,low,False,False,700069,1000138,[],[],,,,,0,light,2025-09-21T04:30:00+00:00,,UNKNOWN,,,,UNKNOWN,UNKNOWN,,UNKNOWN,,8.4375,1.3125,6.75,3.375,3.375,7.7,5.333333333333333,5.0,5.0,2.0,2.0,4.0,,,,3.0,1.3333333333333333,7.5,0.0,0.0,1.5333333333333334,6.0,2.0,8.0,0.0,0.0,5.0,,,,True,True,UNKNOWN,False,False
2021029864,2025-09-21 18:00:00,横浜DeNAベイスターズ,広島東洋カープ,7.0,2.0,UNKNOWN,横浜スタジアム,unknown,low,False,False,2110267,1300031,[],[],,,,,0,light,2025-09-21T09:00:00+00:00,,UNKNOWN,,,,UNKNOWN,UNKNOWN,,UNKNOWN,,13.5,1.75,9.0,0.0,2.25,4.45,4.0,6.0,7.0,1.0,0.0,4.0,,,,3.0,1.3333333333333333,3.0,3.0,0.0,3.5333333333333337,6.0,2.0,6.0,0.0,2.0,2.0,,,,True,True,UNKNOWN,False,False
2021029870,2025-09-22 14:00:00,北海道日本ハムファイターズ,千葉ロッテマリーンズ,0.0,2.0,UNKNOWN,エスコンフィールドHOKKAIDO,unknown,low,False,False,2000090,2000079,[],[],,,,,0,light,2025-09-22T05:00:00+00:00,,UNKNOWN,,,,UNKNOWN,UNKNOWN,,UNKNOWN,,0.0,0.5714285714285714,6.428571428571429,2.571428571428572,0.0,2.628571428571429,7.0,0.0,2.0,0.0,2.0,5.0,,,,2.571428571428572,1.0,10.285714285714286,0.0,1.2857142857142858,2.771428571428572,7.0,2.0,7.0,1.0,0.0,8.0,,,,True,True,UNKNOWN,False,False
2021029871,2025-09-22 18:00:00,福岡ソフトバンクホークス,オリックス・バファローズ,0.0,1.0,UNKNOWN,みずほPayPayドーム福岡,unknown,low,False,False,2108177,1550517,[],[],,,,,0,light,2025-09-22T09:00:00+00:00,,UNKNOWN,,,,UNKNOWN,UNKNOWN,,UNKNOWN,,0.0,1.5,10.5,7.5,0.0,3.3666666666666667,6.0,0.0,4.0,0.0,5.0,7.0,,,,0.0,0.5,7.5,0.0,0.0,1.5333333333333334,6.0,0.0,3.0,0.0,0.0,5.0,,,,True,True,UNKNOWN,False,False
2021029873,2025-09-23 14:00:00,横浜DeNAベイスターズ,阪神タイガース,2.0,2.0,UNKNOWN,横浜スタジアム,unknown,low,False,False,1961861,1961374,[],[],,,,,0,light,2025-09-23T05:00:00+00:00,,UNKNOWN,,,,UNKNOWN,UNKNOWN,,UNKNOWN,,3.6,1.4,5.4,3.6,1.8,5.800000000000001,5.0,2.0,5.0,1.0,2.0,3.0,,,,3.0,1.3333333333333333,12.0,3.0,1.5,3.7,6.0,2.0,6.0,1.0,2.0,8.0,,,,True,True,UNKNOWN,False,False
2021029869,2025-09-22 18:00:00,東京ヤクルトスワローズ,阪神タイガース,3.0,2.0,UNKNOWN,明治神宮野球場,unknown,low,False,False,1600115,1500090,[],[],,,,,0,light,2025-09-22T09:00:00+00:00,,UNKNOWN,,,,UNKNOWN,UNKNOWN,,UNKNOWN,,0.0,0.9375,8.4375,0.0,0.0,1.3250000000000002,5.333333333333333,0.0,5.0,0.0,0.0,5.0,,,,3.6,1.2,7.2,3.6,1.8,5.4,5.0,2.0,4.0,1.0,2.0,4.0,,,,True,True,UNKNOWN,False,False
2021029875,2025-09-23 14:00:00,北海道日本ハムファイターズ,東北楽天ゴールデンイーグルス,0.0,7.0,UNKNOWN,エスコンフィールドHOKKAIDO,excluded,high,False,False,1961886,2106890,[],[],,,,,0,light,2025-09-23T05:00:00+00:00,,UNKNOWN,,,,UNKNOWN,UNKNOWN,,UNKNOWN,,0.0,0.4736842105263158,7.105263157894737,1.4210526315789471,0.0,2.094736842105263,6.333333333333333,0.0,2.0,0.0,1.0,5.0,,,,13.5,2.5,13.5,9.0,4.5,9.7,2.0,3.0,3.0,1.0,2.0,3.0,,,,True,True,UNKNOWN,False,False
2021029872,2025-09-23 18:00:00,東京ヤクルトスワローズ,中日ドラゴンズ,0.0,3.0,UNKNOWN,明治神宮野球場,unknown,low,False,False,2100961,2107908,[],[],,,,,0,light,2025-09-23T09:00:00+00:00,,UNKNOWN,,,,UNKNOWN,UNKNOWN,,UNKNOWN,,0.0,1.3125,3.375,3.375,0.0,3.575,5.333333333333333,0.0,5.0,0.0,2.0,2.0,,,,2.571428571428572,0.8571428571428571,7.714285714285714,3.857142857142857,1.2857142857142858,4.628571428571429,7.0,2.0,3.0,1.0,3.0,6.0,,,,True,True,UNKNOWN,False,False
2021029877,2025-09-23 14:00:00,福岡ソフトバンクホークス,オリックス・バファローズ,0.0,1.0,UNKNOWN,みずほPayPayドーム福岡,unknown,low,False,False,1700109,2107909,[],[],,,,,0,light,2025-09-23T05:00:00+00:00,,UNKNOWN,,,,UNKNOWN,UNKNOWN,,UNKNOWN,,0.0,1.0,7.5,3.0,0.0,2.5333333333333337,6.0,0.0,4.0,0.0,2.0,5.0,,,,2.25,1.25,4.5,4.5,0.0,3.7,4.0,1.0,3.0,0.0,2.0,2.0,,,,True,True,UNKNOWN,False,False
2021029874,2025-09-23 18:00:00,広島東洋カープ,読売ジャイアンツ,5.0,0.0,UNKNOWN,MAZDA Zoom-Zoom スタジアム広島,unknown,low,False,False,1800028,1900057,[],[],,,,,0,light,2025-09-23T09:00:00+00:00,,UNKNOWN,,,,UNKNOWN,UNKNOWN,,UNKNOWN,,9.0,1.25,9.0,0.0,2.25,4.45,4.0,4.0,5.0,1.0,0.0,4.0,,,,0.0,1.3333333333333333,4.5,1.5,0.0,2.7,6.0,0.0,7.0,0.0,1.0,3.0,,,,True,True,UNKNOWN,False,False
2021029879,2025-09-24 18:00:00,千葉ロッテマリーンズ,埼玉西武ライオンズ,5.0,0.0,UNKNOWN,ZOZOマリンスタジアム,unknown,low,False,False,2103657,2111821,[],[],,,,,0,light,2025-09-24T09:00:00+00:00,,UNKNOWN,,,,UNKNOWN,UNKNOWN,,UNKNOWN,,8.4375,2.4375,10.125,1.6875,1.6875,3.95,5.333333333333333,5.0,12.0,1.0,1.0,6.0,,,,0.0,0.4444444444444444,7.0,1.0,0.0,1.9777777777777776,9.0,0.0,3.0,0.0,1.0,7.0,,,,True,True,UNKNOWN,False,False
2021029876,2025-09-23 18:00:00,千葉ロッテマリーンズ,埼玉西武ライオンズ,1.0,0.0,UNKNOWN,ZOZOマリンスタジアム,unknown,low,False,False,1700125,800060,[],[],,,,,0,light,2025-09-23T09:00:00+00:00,,UNKNOWN,,,,UNKNOWN,UNKNOWN,,UNKNOWN,,0.0,0.875,2.25,3.375,0.0,3.825,8.0,0.0,4.0,0.0,3.0,2.0,,,,0.0,0.4285714285714285,6.428571428571429,0.0,0.0,1.7714285714285716,7.0,0.0,3.0,0.0,0.0,5.0,,,,True,True,UNKNOWN,False,False
2021029878,2025-09-24 18:00:00,東北楽天ゴールデンイーグルス,福岡ソフトバンクホークス,3.0,8.0,UNKNOWN,楽天モバイルパーク宮城,unknown,low,False,False,1700011,2060039,[],[],,,,,0,light,2025-09-24T09:00:00+00:00,,UNKNOWN,,,,UNKNOWN,UNKNOWN,,UNKNOWN,,1.2857142857142858,0.5714285714285714,7.714285714285714,0.0,0.0,1.485714285714286,7.0,1.0,4.0,0.0,0.0,6.0,,,,13.5,1.7999999999999998,2.7,0.0,0.0,2.6,3.333333333333333,5.0,6.0,0.0,0.0,1.0,,,,True,True,UNKNOWN,False,False
2021029881,2025-09-25 18:00:00,埼玉西武ライオンズ,北海道日本ハムファイターズ,5.0,4.0,UNKNOWN,ベルーナドーム,unknown,low,False,False,1750903,1600127,[],[],,,,,0,light,2025-09-25T09:00:00+00:00,,UNKNOWN,,,,UNKNOWN,UNKNOWN,,UNKNOWN,,0.0,1.35,10.8,4.05,0.0,2.1500000000000004,6.666666666666667,0.0,6.0,0.0,3.0,8.0,,,,7.2,1.0,7.2,1.8,3.6,7.4,5.0,4.0,4.0,2.0,1.0,4.0,,,,True,True,UNKNOWN,False,False
2021029882,2025-09-25 18:00:00,オリックス・バファローズ,千葉ロッテマリーンズ,4.0,6.0,UNKNOWN,京セラドーム大阪,unknown,low,False,False,1961672,1750595,[],[],,,,,0,light,2025-09-25T09:00:00+00:00,,UNKNOWN,,,,UNKNOWN,UNKNOWN,,UNKNOWN,,0.0,1.1666666666666667,3.0,3.0,0.0,3.5333333333333337,6.0,0.0,5.0,0.0,2.0,2.0,,,,12.0,2.6666666666666665,0.0,0.0,0.0,3.2,3.0,4.0,8.0,0.0,0.0,0.0,,,,True,True,UNKNOWN,False,False
2021029880,2025-09-25 18:00:00,東北楽天ゴールデンイーグルス,福岡ソフトバンクホークス,0.0,6.0,UNKNOWN,楽天モバイルパーク宮城,unknown,low,False,False,1900106,1900117,[],[],,,,,0,light,2025-09-25T09:00:00+00:00,,UNKNOWN,,,,UNKNOWN,UNKNOWN,,UNKNOWN,,0.0,1.0,3.857142857142857,2.571428571428572,0.0,3.2,7.0,0.0,5.0,0.0,2.0,3.0,,,,0.0,0.8333333333333334,9.0,1.5,0.0,1.7000000000000002,6.0,0.0,4.0,0.0,1.0,6.0,,,,True,True,UNKNOWN,False,False
2021033090,2025-09-26 18:00:00,東北楽天ゴールデンイーグルス,福岡ソフトバンクホークス,3.0,4.0,UNKNOWN,楽天モバイルパーク宮城,unknown,low,False,False,1100099,2110316,[],[],,,,,0,light,2025-09-26T09:00:00+00:00,,UNKNOWN,,,,UNKNOWN,UNKNOWN,,UNKNOWN,,3.857142857142857,1.0,10.285714285714286,0.0,0.0,0.9142857142857146,7.0,3.0,7.0,0.0,0.0,8.0,,,,1.8,1.2,7.2,3.6,0.0,2.8000000000000003,5.0,1.0,4.0,0.0,2.0,4.0,,,,True,True,UNKNOWN,False,False
2021029883,2025-09-26 18:00:00,埼玉西武ライオンズ,北海道日本ハムファイターズ,5.0,8.0,UNKNOWN,ベルーナドーム,unknown,low,False,False,1500110,2117734,[],[],,,,,0,light,2025-09-26T09:00:00+00:00,,UNKNOWN,,,,UNKNOWN,UNKNOWN,,UNKNOWN,,7.2,1.2,3.6,1.8,1.8,5.6,5.0,4.0,5.0,1.0,1.0,2.0,,,,15.428571428571429,3.4285714285714284,11.571428571428571,0.0,0.0,0.628571428571429,2.333333333333333,4.0,8.0,0.0,0.0,3.0,,,,True,True,UNKNOWN,False,False
2021036579,2025-09-26 18:00:00,東京ヤクルトスワローズ,広島東洋カープ,11.0,1.0,UNKNOWN,明治神宮野球場,unknown,low,False,False,1600123,2101156,[],[],,,,,0,light,2025-09-26T09:00:00+00:00,,UNKNOWN,,,,UNKNOWN,UNKNOWN,,UNKNOWN,,23.625,4.875,3.375,10.125,0.0,5.825,2.6666666666666665,7.0,10.0,0.0,3.0,1.0,,,,1.5,1.1666666666666667,9.0,3.0,0.0,2.2,6.0,1.0,5.0,0.0,2.0,6.0,,,,True,True,UNKNOWN,False,False
2021036580,2025-09-26 18:00:00,阪神タイガース,中日ドラゴンズ,6.0,2.0,UNKNOWN,阪神甲子園球場,unknown,low,False,False,1600106,2000055,[],[],,,,,0,light,2025-09-26T09:00:00+00:00,,UNKNOWN,,,,UNKNOWN,UNKNOWN,,UNKNOWN,,15.0,2.0,6.0,3.0,0.0,2.8666666666666667,3.0,5.0,5.0,0.0,1.0,2.0,,,,1.8,1.0,7.2,0.0,0.0,1.6,5.0,1.0,5.0,0.0,0.0,4.0,,,,True,True,UNKNOWN,False,False
2021036652,2025-09-26 18:00:00,横浜DeNAベイスターズ,読売ジャイアンツ,5.0,4.0,UNKNOWN,横浜スタジアム,unknown,low,False,False,2000006,1700058,[],[],,,,,0,light,2025-09-26T09:00:00+00:00,,UNKNOWN,,,,UNKNOWN,UNKNOWN,,UNKNOWN,,12.0,2.6666666666666665,0.0,6.0,0.0,5.2,3.0,4.0,6.0,0.0,2.0,0.0,,,,7.2,2.2,5.4,5.4,1.8,6.4,5.0,4.0,8.0,1.0,3.0,3.0,,,,True,True,UNKNOWN,False,False
2021036582,2025-09-27 14:00:00,横浜DeNAベイスターズ,読売ジャイアンツ,8.0,9.0,UNKNOWN,横浜スタジアム,unknown,low,False,False,1961407,2103904,[],[],,,,,0,light,2025-09-27T05:00:00+00:00,,UNKNOWN,,,,UNKNOWN,UNKNOWN,,UNKNOWN,,18.0,3.0,0.0,9.0,4.5,12.7,2.0,4.0,4.0,1.0,2.0,0.0,,,,1.5,1.1666666666666667,7.5,3.0,1.5,4.7,6.0,1.0,5.0,1.0,2.0,5.0,,,,True,True,UNKNOWN,False,False
2021029884,2025-09-27 18:00:00,埼玉西武ライオンズ,福岡ソフトバンクホークス,1.0,4.0,UNKNOWN,ベルーナドーム,unknown,low,False,False,1400117,1400182,[],[],,,,,0,light,2025-09-27T09:00:00+00:00,,UNKNOWN,,,,UNKNOWN,UNKNOWN,,UNKNOWN,,1.2857142857142858,1.1428571428571428,9.0,3.857142857142857,0.0,2.4857142857142858,7.0,1.0,5.0,0.0,3.0,7.0,,,,7.2,2.0,5.4,1.8,0.0,2.6,5.0,4.0,9.0,0.0,1.0,3.0,,,,True,True,UNKNOWN,False,False
2021036583,2025-09-27 14:00:00,阪神タイガース,中日ドラゴンズ,3.0,5.0,UNKNOWN,阪神甲子園球場,unknown,low,False,False,2000042,1700137,[],[],,,,,0,light,2025-09-27T05:00:00+00:00,,UNKNOWN,,,,UNKNOWN,UNKNOWN,,UNKNOWN,,2.7,1.65,9.45,6.75,0.0,3.35,6.666666666666667,2.0,6.0,0.0,5.0,7.0,,,,5.625,1.25,6.75,0.0,2.25,4.95,8.0,5.0,10.0,2.0,0.0,6.0,,,,True,True,UNKNOWN,False,False
2021029885,2025-09-27 18:00:00,千葉ロッテマリーンズ,北海道日本ハムファイターズ,0.0,2.0,UNKNOWN,ZOZOマリンスタジアム,unknown,low,False,False,2050307,1600146,[],[],,,,,0,light,2025-09-27T09:00:00+00:00,,UNKNOWN,,,,UNKNOWN,UNKNOWN,,UNKNOWN,,0.0,0.6666666666666666,5.0,0.0,0.0,2.088888888888889,9.0,0.0,6.0,0.0,0.0,5.0,,,,2.0,0.5555555555555556,15.0,1.0,1.0,1.6444444444444446,9.0,2.0,4.0,1.0,1.0,15.0,,,,True,True,UNKNOWN,False,False
2021036581,2025-09-27 18:00:00,東京ヤクルトスワローズ,広島東洋カープ,3.0,1.0,UNKNOWN,明治神宮野球場,unknown,low,False,False,2103788,2103794,[],[],,,,,0,light,2025-09-27T09:00:00+00:00,,UNKNOWN,,,,UNKNOWN,UNKNOWN,,UNKNOWN,,5.4,1.4,9.0,7.2,3.6,8.8,5.0,3.0,3.0,2.0,4.0,5.0,,,,1.2857142857142858,1.5714285714285714,5.142857142857143,3.857142857142857,0.0,3.342857142857143,7.0,1.0,8.0,0.0,3.0,4.0,,,,True,True,UNKNOWN,False,False
2021029886,2025-09-27 18:00:00,オリックス・バファローズ,東北楽天ゴールデンイーグルス,2.0,0.0,UNKNOWN,京セラドーム大阪,climax,high,False,True,2106793,2000096,[],[],,,,,0,light,2025-09-27T09:00:00+00:00,,UNKNOWN,,,,UNKNOWN,UNKNOWN,,UNKNOWN,,2.571428571428572,1.5714285714285714,3.857142857142857,3.857142857142857,1.2857142857142858,5.485714285714286,7.0,2.0,8.0,1.0,3.0,3.0,,,,0.0,0.5714285714285714,14.142857142857142,1.2857142857142858,0.0,0.4857142857142857,7.0,0.0,3.0,0.0,1.0,11.0,,,,True,True,UNKNOWN,False,False
2021029887,2025-09-28 14:00:00,埼玉西武ライオンズ,福岡ソフトバンクホークス,1.0,4.0,UNKNOWN,ベルーナドーム,unknown,low,False,False,1550517,1751148,[],[],,,,,0,light,2025-09-28T05:00:00+00:00,,UNKNOWN,,,,UNKNOWN,UNKNOWN,,UNKNOWN,,1.8,0.6,7.2,1.8,1.8,4.800000000000001,5.0,1.0,2.0,1.0,1.0,4.0,,,,4.5,1.625,15.75,2.25,1.125,2.075,8.0,4.0,11.0,1.0,2.0,14.0,,,,True,True,UNKNOWN,False,False
2021029889,2025-09-28 14:00:00,オリックス・バファローズ,東北楽天ゴールデンイーグルス,10.0,5.0,UNKNOWN,京セラドーム大阪,unknown,low,False,False,2000123,1900087,[],[],,,,,0,light,2025-09-28T05:00:00+00:00,,UNKNOWN,,,,UNKNOWN,UNKNOWN,,UNKNOWN,,10.8,4.2,0.0,0.0,0.0,3.2,1.6666666666666663,2.0,7.0,0.0,0.0,0.0,,,,1.8,1.4,7.2,1.8,0.0,2.2,5.0,1.0,6.0,0.0,1.0,4.0,,,,True,True,UNKNOWN,False,False
2021036586,2025-09-28 14:00:00,阪神タイガース,中日ドラゴンズ,2.0,4.0,UNKNOWN,阪神甲子園球場,unknown,low,False,False,2108462,1850363,[],[],,,,,0,light,2025-09-28T05:00:00+00:00,,UNKNOWN,,,,UNKNOWN,UNKNOWN,,UNKNOWN,,1.2857142857142858,1.5714285714285714,3.857142857142857,0.0,0.0,2.342857142857143,7.0,1.0,11.0,0.0,0.0,3.0,,,,1.5,0.8333333333333334,10.5,1.5,0.0,1.366666666666667,6.0,1.0,4.0,0.0,1.0,7.0,,,,True,True,UNKNOWN,False,False
2021029888,2025-09-28 17:00:00,千葉ロッテマリーンズ,北海道日本ハムファイターズ,3.0,4.0,UNKNOWN,ZOZOマリンスタジアム,unknown,low,False,False,2000079,1800052,[],[],,,,,0,light,2025-09-28T08:00:00+00:00,,UNKNOWN,,,,UNKNOWN,UNKNOWN,,UNKNOWN,,0.0,1.1666666666666667,9.0,1.5,0.0,1.7000000000000002,6.0,0.0,6.0,0.0,1.0,6.0,,,,4.5,1.625,4.5,3.375,0.0,3.325,8.0,4.0,10.0,0.0,3.0,4.0,,,,True,True,UNKNOWN,False,False
2021036585,2025-09-28 18:00:00,広島東洋カープ,横浜DeNAベイスターズ,2.0,10.0,UNKNOWN,MAZDA Zoom-Zoom スタジアム広島,unknown,low,False,False,1650915,1950429,[],[],,,,,0,light,2025-09-28T09:00:00+00:00,,UNKNOWN,,,,UNKNOWN,UNKNOWN,,UNKNOWN,,1.5,0.8333333333333334,4.5,1.5,0.0,2.7,6.0,1.0,4.0,0.0,1.0,3.0,,,,3.375,2.25,3.375,13.5,0.0,6.95,2.6666666666666665,1.0,2.0,0.0,4.0,1.0,,,,True,True,UNKNOWN,False,False
2021036584,2025-09-28 18:00:00,東京ヤクルトスワローズ,読売ジャイアンツ,4.0,4.0,UNKNOWN,明治神宮野球場,unknown,low,False,False,1800026,1500042,[],[],,,,,0,light,2025-09-28T09:00:00+00:00,,UNKNOWN,,,,UNKNOWN,UNKNOWN,,UNKNOWN,,6.75,1.75,6.75,0.0,2.25,4.95,4.0,3.0,7.0,1.0,0.0,3.0,,,,0.0,0.0,6.0,0.0,0.0,1.866666666666667,3.0,0.0,0.0,0.0,0.0,2.0,,,,True,True,UNKNOWN,False,False
2021029890,2025-09-29 18:00:00,埼玉西武ライオンズ,千葉ロッテマリーンズ,2.0,0.0,UNKNOWN,ベルーナドーム,unknown,low,False,False,1300080,1800081,[],[],,,,,0,light,2025-09-29T09:00:00+00:00,,UNKNOWN,,,,UNKNOWN,UNKNOWN,,UNKNOWN,,3.375,1.6875,3.375,3.375,1.6875,6.0125,5.333333333333333,2.0,7.0,1.0,2.0,2.0,,,,0.0,0.6666666666666666,0.0,3.0,0.0,4.2,6.0,0.0,2.0,0.0,2.0,0.0,,,,True,True,UNKNOWN,False,False
2021036570,2025-09-29 18:00:00,オリックス・バファローズ,東北楽天ゴールデンイーグルス,4.0,0.0,UNKNOWN,京セラドーム大阪,unknown,low,False,False,1961886,1300058,[],[],,,,,0,light,2025-09-29T09:00:00+00:00,,UNKNOWN,,,,UNKNOWN,UNKNOWN,,UNKNOWN,,8.1,1.5,2.7,5.4,2.7,8.3,3.333333333333333,3.0,3.0,1.0,2.0,1.0,,,,0.0,0.8888888888888888,5.0,5.0,0.0,3.755555555555556,9.0,0.0,3.0,0.0,5.0,5.0,,,,True,True,UNKNOWN,False,False
2021029891,2025-09-30 18:00:00,福岡ソフトバンクホークス,北海道日本ハムファイターズ,1.0,2.0,UNKNOWN,みずほPayPayドーム福岡,unknown,low,False,False,2100027,2000008,[],[],,,,,0,light,2025-09-30T09:00:00+00:00,,UNKNOWN,,,,UNKNOWN,UNKNOWN,,UNKNOWN,,0.0,0.6666666666666666,9.0,3.0,0.0,2.2,3.0,0.0,1.0,0.0,1.0,3.0,,,,0.0,0.5,9.0,0.0,0.0,1.2000000000000002,2.0,0.0,1.0,0.0,0.0,2.0,,,,True,True,UNKNOWN,False,False
2021036587,2025-09-30 18:00:00,読売ジャイアンツ,中日ドラゴンズ,4.0,2.0,UNKNOWN,東京ドーム,unknown,low,False,False,2100961,700069,[],[],,,,,0,light,2025-09-30T09:00:00+00:00,,UNKNOWN,,,,UNKNOWN,UNKNOWN,,UNKNOWN,,6.230769230769231,2.076923076923077,2.076923076923077,0.0,0.0,2.7384615384615385,4.333333333333333,3.0,9.0,0.0,0.0,1.0,,,,3.0,1.0,6.0,3.0,1.5,5.033333333333333,6.0,2.0,4.0,1.0,2.0,4.0,,,,True,True,UNKNOWN,False,False
2021036588,2025-09-30 18:00:00,横浜DeNAベイスターズ,東京ヤクルトスワローズ,4.0,5.0,UNKNOWN,横浜スタジアム,unknown,low,False,False,2000025,1961374,[],[],,,,,0,light,2025-09-30T09:00:00+00:00,,UNKNOWN,,,,UNKNOWN,UNKNOWN,,UNKNOWN,,1.5,1.3333333333333333,7.5,0.0,1.5,3.7,6.0,1.0,8.0,1.0,0.0,5.0,,,,0.0,2.0,9.0,18.0,0.0,7.2,2.0,0.0,0.0,0.0,4.0,2.0,,,,True,True,UNKNOWN,False,False
2021036696,2025-09-30 18:00:00,千葉ロッテマリーンズ,東北楽天ゴールデンイーグルス,1.0,2.0,UNKNOWN,ZOZOマリンスタジアム,japan_series,high,False,True,700065,1000155,[],[],,,,,0,light,2025-09-30T09:00:00+00:00,,UNKNOWN,,,,UNKNOWN,UNKNOWN,,UNKNOWN,,1.5,1.0,1.5,0.0,0.0,2.8666666666666667,6.0,1.0,6.0,0.0,0.0,1.0,,,,0.0,0.0,27.0,0.0,0.0,-2.8,0.3333333333333333,0.0,0.0,0.0,0.0,1.0,,,,True,True,UNKNOWN,False,False
2021036589,2025-10-01 18:00:00,読売ジャイアンツ,中日ドラゴンズ,5.0,2.0,UNKNOWN,東京ドーム,excluded,high,False,False,1851138,2000006,[],[],,,,,0,light,2025-10-01T09:00:00+00:00,,UNKNOWN,,,,UNKNOWN,UNKNOWN,,UNKNOWN,,13.5,2.7,13.5,2.7,0.0,1.1,3.333333333333333,5.0,8.0,0.0,1.0,5.0,,,,0.0,1.5,4.5,4.5,0.0,3.7,2.0,0.0,2.0,0.0,1.0,1.0,,,,True,True,UNKNOWN,False,False
2021029892,2025-10-01 18:00:00,オリックス・バファローズ,埼玉西武ライオンズ,10.0,5.0,UNKNOWN,京セラドーム大阪,excluded,high,False,False,2112121,2108177,[],[],,,,,0,light,2025-10-01T09:00:00+00:00,,UNKNOWN,,,,UNKNOWN,UNKNOWN,,UNKNOWN,,18.0,3.0,4.5,2.25,2.25,6.2,4.0,8.0,11.0,1.0,1.0,2.0,,,,0.0,0.0,0.0,0.0,0.0,3.2,1.0,0.0,0.0,0.0,0.0,0.0,,,,True,True,UNKNOWN,False,False
2021029893,2025-10-02 18:00:00,オリックス・バファローズ,埼玉西武ライオンズ,5.0,6.0,UNKNOWN,京セラドーム大阪,unknown,low,False,False,1600127,1750595,[],[],,,,,0,light,2025-10-02T09:00:00+00:00,,UNKNOWN,,,,UNKNOWN,UNKNOWN,,UNKNOWN,,6.0,1.1666666666666667,10.5,3.0,0.0,1.866666666666667,6.0,4.0,5.0,0.0,2.0,7.0,,,,9.0,2.2,9.0,3.6,0.0,2.4000000000000004,5.0,5.0,9.0,0.0,2.0,5.0,,,,True,True,UNKNOWN,False,False
2021036697,2025-10-03 18:00:00,福岡ソフトバンクホークス,オリックス・バファローズ,10.0,2.0,UNKNOWN,みずほPayPayドーム福岡,unknown,low,False,False,1900092,1100099,[],[],,,,,0,light,2025-10-03T09:00:00+00:00,,UNKNOWN,,,,UNKNOWN,UNKNOWN,,UNKNOWN,,16.615384615384617,2.7692307692307696,10.384615384615383,4.153846153846154,6.230769230769231,11.276923076923076,4.333333333333333,8.0,10.0,3.0,2.0,5.0,,,,0.0,0.5,13.5,0.0,0.0,0.2000000000000001,2.0,0.0,1.0,0.0,0.0,3.0,,,,True,True,UNKNOWN,False,False
2021036591,2025-10-02 18:00:00,阪神タイガース,東京ヤクルトスワローズ,6.0,2.0,UNKNOWN,阪神甲子園球場,regular,high,True,True,1500090,2000055,[],[],,,,,0,light,2025-10-02T09:00:00+00:00,,UNKNOWN,,,,UNKNOWN,UNKNOWN,,UNKNOWN,,12.461538461538462,2.076923076923077,4.153846153846154,6.230769230769231,4.153846153846154,10.353846153846154,4.333333333333333,6.0,6.0,2.0,3.0,2.0,,,,2.571428571428572,0.7142857142857143,10.285714285714286,0.0,1.2857142857142858,2.771428571428572,7.0,2.0,5.0,1.0,0.0,8.0,,,,True,True,UNKNOWN,False,False
2021036592,2025-10-03 18:00:00,広島東洋カープ,東京ヤクルトスワローズ,1.0,6.0,UNKNOWN,MAZDA Zoom-Zoom スタジアム広島,excluded,high,False,False,1300045,2107847,[],[],,,,,0,light,2025-10-03T09:00:00+00:00,,UNKNOWN,,,,UNKNOWN,UNKNOWN,,UNKNOWN,,1.5,1.0,9.0,0.0,0.0,1.2000000000000002,6.0,1.0,6.0,0.0,0.0,6.0,,,,9.642857142857142,1.7142857142857142,9.642857142857142,3.8571428571428568,1.9285714285714284,5.128571428571428,4.666666666666667,5.0,6.0,1.0,2.0,5.0,,,,True,True,UNKNOWN,False,False
2021036590,2025-10-01 18:00:00,横浜DeNAベイスターズ,東京ヤクルトスワローズ,9.0,6.0,UNKNOWN,横浜スタジアム,excluded,high,False,False,1200076,1460045,[],[],,,,,0,light,2025-10-01T09:00:00+00:00,,UNKNOWN,,,,UNKNOWN,UNKNOWN,,UNKNOWN,,9.0,2.4,3.6,1.8,1.8,5.6,5.0,5.0,11.0,1.0,1.0,2.0,,,,12.0,2.333333333333333,3.0,9.0,0.0,5.533333333333333,3.0,4.0,4.0,0.0,3.0,1.0,,,,True,True,UNKNOWN,False,False
2021037232,2025-10-03 18:00:00,東北楽天ゴールデンイーグルス,埼玉西武ライオンズ,7.0,6.0,UNKNOWN,楽天モバイルパーク宮城,unknown,low,False,False,1700125,2112137,[],[],,,,,0,light,2025-10-03T09:00:00+00:00,,UNKNOWN,,,,UNKNOWN,UNKNOWN,,UNKNOWN,,0.0,0.6666666666666666,6.0,3.0,0.0,2.8666666666666667,6.0,0.0,2.0,0.0,2.0,4.0,,,,3.6,1.4,5.4,5.4,0.0,3.8,5.0,2.0,4.0,0.0,3.0,3.0,,,,True,True,UNKNOWN,False,False
2021036699,2025-10-04 14:00:00,千葉ロッテマリーンズ,北海道日本ハムファイターズ,3.0,0.0,UNKNOWN,ZOZOマリンスタジアム,climax,high,False,True,2000079,1600146,[],[],,,,,0,light,2025-10-04T05:00:00+00:00,,UNKNOWN,,,,UNKNOWN,UNKNOWN,,UNKNOWN,,3.375,1.0,6.75,1.125,0.0,2.075,8.0,3.0,7.0,0.0,1.0,6.0,,,,0.0,0.6,12.6,3.6,0.0,1.6,5.0,0.0,1.0,0.0,2.0,7.0,,,,True,True,UNKNOWN,False,False
2021036593,2025-10-04 13:30:00,広島東洋カープ,東京ヤクルトスワローズ,1.0,3.0,UNKNOWN,MAZDA Zoom-Zoom スタジアム広島,unknown,low,False,False,2107908,2110136,[],[],,,,,0,light,2025-10-04T04:30:00+00:00,,UNKNOWN,,,,UNKNOWN,UNKNOWN,,UNKNOWN,,1.5,0.8333333333333334,7.5,3.0,0.0,2.5333333333333337,6.0,1.0,3.0,0.0,2.0,5.0,,,,5.4,1.2,7.2,3.6,1.8,5.4,5.0,3.0,4.0,1.0,2.0,4.0,,,,True,True,UNKNOWN,False,False
2021036698,2025-10-04 14:00:00,東北楽天ゴールデンイーグルス,埼玉西武ライオンズ,3.0,2.0,UNKNOWN,楽天モバイルパーク宮城,unknown,low,False,False,1400182,2112001,[],[],,,,,0,light,2025-10-04T05:00:00+00:00,,UNKNOWN,,,,UNKNOWN,UNKNOWN,,UNKNOWN,,1.2857142857142858,0.8571428571428571,7.714285714285714,1.2857142857142858,0.0,1.9142857142857144,7.0,1.0,5.0,0.0,1.0,6.0,,,,1.8,1.0,9.0,1.8,0.0,1.8000000000000005,5.0,1.0,4.0,0.0,1.0,5.0,,,,True,True,UNKNOWN,False,False
2021036700,2025-10-05 14:00:00,東北楽天ゴールデンイーグルス,オリックス・バファローズ,1.0,2.0,UNKNOWN,楽天モバイルパーク宮城,excluded,high,False,False,2117673,2106793,[],[],,,,,0,light,2025-10-05T05:00:00+00:00,,UNKNOWN,,,,UNKNOWN,UNKNOWN,,UNKNOWN,,0.0,1.0,0.0,9.0,0.0,6.2,1.0,0.0,0.0,0.0,1.0,0.0,,,,1.0,0.8888888888888888,4.0,2.0,0.0,2.977777777777778,9.0,1.0,6.0,0.0,2.0,4.0,,,,True,True,UNKNOWN,False,False
2021029897,2025-10-11 14:00:00,横浜DeNAベイスターズ,読売ジャイアンツ,6.0,2.0,UNKNOWN,横浜スタジアム,climax,high,False,True,2000006,1961374,[],[],,,,,0,light,2025-10-11T05:00:00+00:00,,UNKNOWN,,,,UNKNOWN,UNKNOWN,,UNKNOWN,,6.0,0.8333333333333334,9.0,0.0,3.0,5.533333333333333,6.0,4.0,5.0,2.0,0.0,6.0,,,,2.571428571428572,0.8571428571428571,10.285714285714286,5.142857142857143,1.2857142857142858,4.485714285714286,7.0,2.0,2.0,1.0,4.0,8.0,,,,True,True,UNKNOWN,False,False
2021036701,2025-10-05 14:00:00,千葉ロッテマリーンズ,福岡ソフトバンクホークス,2.0,5.0,UNKNOWN,ZOZOマリンスタジアム,climax,high,False,True,1400117,1800052,[],[],,,,,0,light,2025-10-05T05:00:00+00:00,,UNKNOWN,,,,UNKNOWN,UNKNOWN,,UNKNOWN,,0.0,0.6666666666666666,7.5,0.0,0.0,1.5333333333333334,6.0,0.0,4.0,0.0,0.0,5.0,,,,1.8,1.4,9.0,1.8,1.8,4.4,5.0,1.0,6.0,1.0,1.0,5.0,,,,True,True,UNKNOWN,False,False
2021029906,2025-10-11 14:00:00,北海道日本ハムファイターズ,オリックス・バファローズ,2.0,0.0,UNKNOWN,エスコンフィールドHOKKAIDO,regular,high,True,True,2000096,2000079,[],[],,,,,0,light,2025-10-11T05:00:00+00:00,,UNKNOWN,,,,UNKNOWN,UNKNOWN,,UNKNOWN,,3.0,1.0,7.5,0.0,1.5,3.7,6.0,2.0,6.0,1.0,0.0,5.0,,,,0.0,1.0,11.571428571428571,3.857142857142857,0.0,1.9142857142857144,7.0,0.0,4.0,0.0,3.0,9.0,,,,True,True,UNKNOWN,False,False
2021029900,2025-10-15 18:00:00,阪神タイガース,横浜DeNAベイスターズ,2.0,0.0,UNKNOWN,阪神甲子園球場,climax,high,False,True,1700058,2000055,[],[],,,,,0,light,2025-10-15T09:00:00+00:00,,UNKNOWN,,,,UNKNOWN,UNKNOWN,,UNKNOWN,,3.176470588235294,1.0588235294117647,7.941176470588235,0.0,0.0,1.435294117647059,5.666666666666667,2.0,6.0,0.0,0.0,5.0,,,,0.0,1.4,9.0,3.6,0.0,2.4000000000000004,5.0,0.0,5.0,0.0,2.0,5.0,,,,True,True,UNKNOWN,False,False
2021029907,2025-10-12 14:00:00,北海道日本ハムファイターズ,オリックス・バファローズ,5.0,4.0,UNKNOWN,エスコンフィールドHOKKAIDO,regular,high,True,True,1900087,1750903,[],[],,,,,0,light,2025-10-12T05:00:00+00:00,,UNKNOWN,,,,UNKNOWN,UNKNOWN,,UNKNOWN,,9.0,2.0,15.0,3.0,0.0,0.8666666666666667,3.0,3.0,5.0,0.0,1.0,5.0,,,,9.0,1.0,6.75,0.0,4.5,8.2,4.0,4.0,4.0,2.0,0.0,3.0,,,,True,True,UNKNOWN,False,False
2021029898,2025-10-12 14:00:00,横浜DeNAベイスターズ,読売ジャイアンツ,7.0,6.0,UNKNOWN,横浜スタジアム,regular,high,True,True,1800028,2103904,[],[],,,,,0,light,2025-10-12T05:00:00+00:00,,UNKNOWN,,,,UNKNOWN,UNKNOWN,,UNKNOWN,,15.0,2.333333333333333,0.0,3.0,6.0,12.866666666666667,3.0,5.0,6.0,2.0,1.0,0.0,,,,36.0,7.0,0.0,9.0,18.0,32.2,1.0,4.0,6.0,2.0,1.0,0.0,,,,True,True,UNKNOWN,False,False
2021029909,2025-10-15 18:00:00,福岡ソフトバンクホークス,北海道日本ハムファイターズ,2.0,1.0,UNKNOWN,みずほPayPayドーム福岡,regular,high,True,True,2050307,1700011,[],[],,,,,0,light,2025-10-15T09:00:00+00:00,,UNKNOWN,,,,UNKNOWN,UNKNOWN,,UNKNOWN,,0.0,1.1666666666666667,9.0,1.5,0.0,1.7000000000000002,6.0,0.0,6.0,0.0,1.0,6.0,,,,0.0,1.0,9.0,2.571428571428572,0.0,2.0571428571428574,7.0,0.0,5.0,0.0,2.0,7.0,,,,True,True,UNKNOWN,False,False
2021029902,2025-10-17 18:00:00,阪神タイガース,横浜DeNAベイスターズ,4.0,0.0,UNKNOWN,阪神甲子園球場,unknown,low,False,False,1961374,1700078,[],[],,,,,0,light,2025-10-17T09:00:00+00:00,,UNKNOWN,,,,UNKNOWN,UNKNOWN,,UNKNOWN,,7.7142857142857135,1.5,7.7142857142857135,3.8571428571428568,1.9285714285714284,5.557142857142857,4.666666666666667,4.0,5.0,1.0,2.0,4.0,,,,0.0,0.3913043478260869,8.217391304347826,0.0,0.0,1.3739130434782612,7.666666666666667,0.0,3.0,0.0,0.0,7.0,,,,True,True,UNKNOWN,False,False
2021029901,2025-10-16 18:00:00,阪神タイガース,横浜DeNAベイスターズ,5.0,3.0,UNKNOWN,阪神甲子園球場,regular,high,True,True,1650915,1600115,[],[],,,,,0,light,2025-10-16T09:00:00+00:00,,UNKNOWN,,,,UNKNOWN,UNKNOWN,,UNKNOWN,,3.6,1.4,9.0,1.8,0.0,1.8000000000000005,5.0,2.0,6.0,0.0,1.0,5.0,,,,5.4,1.4,12.6,1.8,1.8,3.6,5.0,3.0,6.0,1.0,1.0,7.0,,,,True,True,UNKNOWN,False,False
2021029911,2025-10-17 18:00:00,福岡ソフトバンクホークス,北海道日本ハムファイターズ,0.0,6.0,UNKNOWN,みずほPayPayドーム福岡,japan_series,high,False,True,2000079,1100099,[],[],,,,,0,light,2025-10-17T09:00:00+00:00,,UNKNOWN,,,,UNKNOWN,UNKNOWN,,UNKNOWN,,0.0,0.75,12.375,1.125,0.0,0.8250000000000002,8.0,0.0,5.0,0.0,1.0,11.0,,,,6.75,1.5,13.5,4.05,2.7,5.45,6.666666666666667,5.0,7.0,2.0,3.0,10.0,,,,True,True,UNKNOWN,False,False
2021029912,2025-10-18 14:00:00,福岡ソフトバンクホークス,北海道日本ハムファイターズ,3.0,9.0,UNKNOWN,みずほPayPayドーム福岡,japan_series,high,False,True,1750903,1900106,[],[],,,,,0,light,2025-10-18T05:00:00+00:00,,UNKNOWN,,,,UNKNOWN,UNKNOWN,,UNKNOWN,,3.857142857142857,1.2857142857142858,7.714285714285714,1.2857142857142858,1.2857142857142858,3.7714285714285714,7.0,3.0,8.0,1.0,1.0,6.0,,,,15.428571428571429,3.0,7.7142857142857135,7.7142857142857135,3.8571428571428568,9.628571428571428,2.333333333333333,4.0,5.0,1.0,2.0,2.0,,,,True,True,UNKNOWN,False,False
2021029910,2025-10-16 18:00:00,福岡ソフトバンクホークス,北海道日本ハムファイターズ,3.0,0.0,UNKNOWN,みずほPayPayドーム福岡,climax,high,False,True,2100027,1400117,[],[],,,,,0,light,2025-10-16T09:00:00+00:00,,UNKNOWN,,,,UNKNOWN,UNKNOWN,,UNKNOWN,,2.4545454545454546,0.6818181818181819,12.272727272727272,2.4545454545454546,0.0,1.290909090909091,7.333333333333333,2.0,3.0,0.0,2.0,10.0,,,,0.0,1.1666666666666667,3.0,4.5,0.0,4.033333333333333,6.0,0.0,4.0,0.0,3.0,2.0,,,,True,True,UNKNOWN,False,False
2021029913,2025-10-19 13:00:00,福岡ソフトバンクホークス,北海道日本ハムファイターズ,1.0,7.0,UNKNOWN,みずほPayPayドーム福岡,climax,high,False,True,2100554,1550517,[],[],,,,,0,light,2025-10-19T04:00:00+00:00,,UNKNOWN,,,,UNKNOWN,UNKNOWN,,UNKNOWN,,0.0,0.6428571428571428,11.571428571428571,1.9285714285714284,0.0,1.2714285714285718,4.666666666666667,0.0,2.0,0.0,1.0,6.0,,,,7.363636363636364,1.3636363636363638,2.4545454545454546,4.909090909090909,0.0,4.290909090909091,3.6666666666666665,3.0,3.0,0.0,2.0,1.0,,,,True,True,UNKNOWN,False,False
2021029915,2025-10-25 18:30:00,福岡ソフトバンクホークス,阪神タイガース,1.0,2.0,UNKNOWN,みずほPayPayドーム福岡,japan_series,high,False,True,2000055,1400117,[],[],,,,,0,light,2025-10-25T09:30:00+00:00,,UNKNOWN,,,,UNKNOWN,UNKNOWN,,UNKNOWN,,1.2857142857142858,1.1428571428571428,7.714285714285714,2.571428571428572,0.0,2.342857142857143,7.0,1.0,6.0,0.0,2.0,6.0,,,,3.0,1.0,7.5,0.0,0.0,1.5333333333333334,6.0,2.0,6.0,0.0,0.0,5.0,,,,True,True,UNKNOWN,False,False
2021029914,2025-10-20 18:00:00,福岡ソフトバンクホークス,北海道日本ハムファイターズ,2.0,1.0,UNKNOWN,みずほPayPayドーム福岡,japan_series,high,False,True,2050307,1700011,[],[],,,,,0,light,2025-10-20T09:00:00+00:00,,UNKNOWN,,,,UNKNOWN,UNKNOWN,,UNKNOWN,,1.588235294117647,1.2352941176470589,9.529411764705882,1.588235294117647,0.0,1.6117647058823532,5.666666666666667,1.0,6.0,0.0,1.0,6.0,,,,1.2857142857142858,0.5714285714285714,7.714285714285714,1.2857142857142858,0.0,1.9142857142857144,7.0,1.0,3.0,0.0,1.0,6.0,,,,True,True,UNKNOWN,False,False
2021029918,2025-10-29 18:00:00,阪神タイガース,福岡ソフトバンクホークス,2.0,3.0,UNKNOWN,阪神甲子園球場,japan_series,high,False,True,1550517,1700078,[],[],,,,,0,light,2025-10-29T09:00:00+00:00,,UNKNOWN,,,,UNKNOWN,UNKNOWN,,UNKNOWN,,0.0,0.8,5.4,1.8,0.0,2.6,5.0,0.0,3.0,0.0,1.0,3.0,,,,4.153846153846154,1.6153846153846154,10.384615384615383,2.076923076923077,2.076923076923077,4.584615384615385,4.333333333333333,2.0,6.0,1.0,1.0,5.0,,,,True,True,UNKNOWN,False,False
2021029916,2025-10-26 18:30:00,福岡ソフトバンクホークス,阪神タイガース,10.0,1.0,UNKNOWN,みずほPayPayドーム福岡,unknown,low,False,False,1960901,1100099,[],[],,,,,0,light,2025-10-26T09:30:00+00:00,,UNKNOWN,,,,UNKNOWN,UNKNOWN,,UNKNOWN,,37.8,5.4,5.4,16.200000000000003,0.0,7.4,1.6666666666666663,7.0,6.0,0.0,3.0,1.0,,,,1.5,1.0,10.5,1.5,0.0,1.366666666666667,6.0,1.0,5.0,0.0,1.0,7.0,,,,True,True,UNKNOWN,False,False
2021029917,2025-10-28 18:00:00,阪神タイガース,福岡ソフトバンクホークス,1.0,2.0,UNKNOWN,阪神甲子園球場,japan_series,high,False,True,1700011,1600115,[],[],,,,,0,light,2025-10-28T09:00:00+00:00,,UNKNOWN,,,,UNKNOWN,UNKNOWN,,UNKNOWN,,1.5,1.0,6.0,3.0,0.0,2.8666666666666667,6.0,1.0,4.0,0.0,2.0,4.0,,,,3.375,1.5,11.8125,5.0625,1.6875,4.7,5.333333333333333,2.0,5.0,1.0,3.0,7.0,,,,True,True,UNKNOWN,False,False
2021029919,2025-10-30 18:00:00,阪神タイガース,福岡ソフトバンクホークス,2.0,3.0,UNKNOWN,阪神甲子園球場,unknown,low,False,False,1400117,1700137,[],[],,,,,0,light,2025-10-30T09:00:00+00:00,,UNKNOWN,,,,UNKNOWN,UNKNOWN,,UNKNOWN,,3.8571428571428568,1.9285714285714284,5.785714285714286,5.785714285714286,0.0,3.842857142857143,4.666666666666667,2.0,6.0,0.0,3.0,3.0,,,,0.0,0.5,4.5,0.0,0.0,2.2,6.0,0.0,3.0,0.0,0.0,3.0,,,,True,True,UNKNOWN,False,False
